/*******************************************************************************
 * Size: 14 px
 * Bpp: 4
 * Opts: --size 14 --bpp 4 --format lvgl --font C:\Windows\Fonts\Noto Sans SC (TrueType).otf -r 0x20-0x7E --symbols ·•○●一下不与业临事于云交产付会估位住余作你修倒债值入公关况准凌出列到剩务动即发可合后售回在地场城处备多天好始子家将就屋岑川已巷市广开弃弦待快总情我或房扣抵押择按接掷提摸操收改放故方旋旧时易是景更月束果查格案款正段求汐测浏港湾演玩现理瓦用电的看砾确示秒租穹站第等筹红组结继续绿网自色芯草蓝虹行览解触计认设试请诺账资起超足轨转轮近返还进送选通速量金钮银长队阶除障集需霓青项额骰， --no-kerning --lv-include lvgl.h --lv-font-name ui_font_14 -o C:\Users\Administrator\Desktop\Gridopoly\Firmware\PlayerConsole\src\fonts\ui_font_14.c
 ******************************************************************************/

#ifdef LV_LVGL_H_INCLUDE_SIMPLE
#include "lvgl.h"
#else
#include "lvgl.h"
#endif

#ifndef UI_FONT_14
#define UI_FONT_14 1
#endif

#if UI_FONT_14

/*-----------------
 *    BITMAPS
 *----------------*/

/*Store the image of the glyphs*/
static LV_ATTRIBUTE_LARGE_CONST const uint8_t glyph_bitmap[] = {
    /* U+0020 " " */

    /* U+0021 "!" */
    0x6e, 0x3, 0x30, 0x6, 0x10, 0x8, 0x41, 0xc0,
    0x27, 0x2, 0xd0, 0x16, 0x6, 0xd0, 0xc,

    /* U+0022 "\"" */
    0xb9, 0xf, 0x50, 0xe, 0x2e, 0x2, 0x61, 0x10,
    0x9, 0x4b, 0x6, 0x88,

    /* U+0023 "#" */
    0x0, 0x33, 0x1, 0xd4, 0x2, 0xe2, 0xe, 0x60,
    0x8, 0x9c, 0x8, 0x80, 0x3c, 0xbb, 0xc9, 0xe8,
    0x3c, 0x5d, 0xc2, 0xe4, 0x0, 0xe1, 0x0, 0xc2,
    0x4, 0xe0, 0x6, 0xe3, 0xec, 0x4e, 0x6, 0xa7,
    0xeb, 0x8e, 0x0, 0x17, 0x1, 0x10, 0x2, 0xe2,
    0xe, 0x60, 0x0,

    /* U+0024 "$" */
    0x0, 0x95, 0x0, 0x3b, 0x48, 0x3, 0x53, 0xcd,
    0x8, 0x43, 0xe7, 0x12, 0x82, 0x29, 0x8c, 0x20,
    0x2a, 0x0, 0x74, 0x3f, 0x30, 0x4, 0x37, 0x10,
    0xb1, 0x0, 0x9b, 0xda, 0x0, 0x30, 0xd2, 0x83,
    0x88, 0x3, 0x18, 0x37, 0xb3, 0x96, 0x2, 0xb5,
    0x9f, 0x88, 0x0, 0x44, 0xf0, 0x0,

    /* U+0025 "%" */
    0x6, 0xdc, 0x30, 0x9, 0x9c, 0x2, 0x1b, 0xdf,
    0xe0, 0xa, 0x9c, 0x2, 0x44, 0x1, 0x80, 0x83,
    0xd0, 0x6, 0x31, 0x0, 0x9, 0x85, 0xb0, 0x6,
    0x32, 0x0, 0x11, 0xbd, 0x1e, 0x60, 0xc1, 0x10,
    0x28, 0x41, 0x6d, 0xdd, 0x80, 0x6b, 0x7f, 0xa6,
    0x46, 0x24, 0x46, 0x30, 0x4c, 0xb3, 0x45, 0x77,
    0x0, 0x5, 0x80, 0x34, 0xc8, 0x1d, 0xc0, 0x1,
    0x60, 0x8, 0x51, 0x40, 0xc8, 0x44, 0xa6, 0x1,
    0x44, 0x0, 0x2a, 0xcc, 0x50, 0x0,

    /* U+0026 "&" */
    0x0, 0x1e, 0xf4, 0x0, 0x7b, 0x6f, 0xdc, 0x40,
    0x30, 0x89, 0x84, 0x46, 0x1, 0x84, 0xe, 0x14,
    0x80, 0x39, 0x74, 0xec, 0x3, 0x89, 0x6, 0x40,
    0x5, 0xa0, 0x39, 0x31, 0xe0, 0xa, 0x70, 0x70,
    0x77, 0x25, 0x93, 0x48, 0x0, 0xc0, 0x12, 0xfa,
    0xe6, 0x8, 0x50, 0x26, 0x2, 0xec, 0x5, 0x89,
    0xdc, 0x4e, 0xbb, 0x8,

    /* U+0027 "'" */
    0xb9, 0x0, 0x17, 0x8, 0xa5, 0x80,

    /* U+0028 "(" */
    0x0, 0x40, 0x0, 0xd0, 0x1, 0x32, 0x1, 0x45,
    0x4, 0x50, 0x6, 0x90, 0x0, 0xb8, 0x0, 0x22,
    0x0, 0x8, 0x80, 0x7, 0xc0, 0xc, 0x20, 0x3,
    0xa8, 0x0, 0x95, 0x40, 0x8, 0x90, 0x1, 0xa8,
    0x0,

    /* U+0029 ")" */
    0x26, 0x0, 0x1c, 0x0, 0x5, 0x18, 0x1, 0x36,
    0x0, 0x32, 0x10, 0x1, 0x28, 0x1, 0x88, 0x0,
    0x20, 0x10, 0x80, 0x4c, 0x40, 0x2, 0x50, 0x32,
    0x10, 0xab, 0x0, 0x3b, 0x1, 0x48, 0x0,

    /* U+002A "*" */
    0x0, 0x15, 0x0, 0x50, 0xae, 0xe4, 0xd, 0xa2,
    0xe6, 0x4, 0x35, 0x12, 0x3, 0xaa, 0x70, 0x0,

    /* U+002B "+" */
    0x0, 0x88, 0x40, 0x3d, 0x6e, 0x1, 0xff, 0xc7,
    0x7f, 0xf3, 0x4f, 0xf8, 0xdf, 0xfc, 0xd3, 0xfe,
    0x30, 0xf, 0xfe, 0x20,

    /* U+002C "," */
    0x8, 0x80, 0x0, 0xdc, 0x1, 0x62, 0x0, 0xa9,
    0x1, 0xf7, 0x0,

    /* U+002D "-" */
    0x5e, 0xe8, 0xd7, 0xfe, 0x30,

    /* U+002E "." */
    0x0, 0x5c, 0x80, 0x0,

    /* U+002F "/" */
    0x0, 0xd8, 0x40, 0x10, 0x88, 0x80, 0x27, 0x50,
    0xd, 0xb6, 0x1, 0x94, 0xc0, 0x24, 0x40, 0x6,
    0xdf, 0x0, 0xc8, 0xa0, 0x11, 0xb0, 0x6, 0x4d,
    0x0, 0xd6, 0x80, 0x10, 0x88, 0x80, 0x27, 0x50,
    0xd, 0xb6, 0x1, 0x80,

    /* U+0030 "0" */
    0x0, 0x47, 0x6a, 0x80, 0x4e, 0xb9, 0x34, 0x60,
    0xa, 0x82, 0x46, 0x90, 0x22, 0x20, 0x3, 0x10,
    0x4, 0x4, 0x0, 0xc2, 0xe, 0x1, 0x84, 0x0,
    0xe0, 0x18, 0x40, 0x4, 0x2, 0x0, 0x61, 0x1,
    0x24, 0x0, 0x63, 0x80, 0x2a, 0x9, 0x1a, 0x80,
    0xe, 0xb9, 0x34, 0x60,

    /* U+0031 "1" */
    0x16, 0xdc, 0x0, 0x16, 0x0, 0x63, 0xaa, 0x0,
    0x7f, 0xf6, 0xc4, 0x5e, 0x23, 0x6f, 0x39, 0x76,
    0x0,

    /* U+0032 "2" */
    0x4, 0xbf, 0xd4, 0x0, 0x15, 0x6e, 0xaa, 0xc8,
    0xb, 0xd8, 0x9c, 0x54, 0x0, 0x20, 0x11, 0x78,
    0x7, 0x8b, 0x40, 0x39, 0x81, 0x40, 0x30, 0xc4,
    0x0, 0x3b, 0x55, 0x80, 0x35, 0xd, 0x0, 0x6a,
    0x4e, 0x32, 0x20, 0x2a, 0x87, 0x37, 0x60,

    /* U+0033 "3" */
    0x3, 0xbf, 0xd6, 0x0, 0x6e, 0xd5, 0x28, 0x1c,
    0xc4, 0xe7, 0xa0, 0x1e, 0x10, 0x8, 0xa0, 0x64,
    0x1, 0x1a, 0xfc, 0x20, 0x8, 0xea, 0xd6, 0x0,
    0x85, 0x62, 0x0, 0x1f, 0x2e, 0xa9, 0x24, 0x32,
    0xdf, 0x6d, 0x34, 0x0,

    /* U+0034 "4" */
    0x0, 0xd7, 0xe0, 0x1c, 0xaa, 0x0, 0xf5, 0xb0,
    0x7, 0x41, 0x58, 0x6, 0x27, 0xf0, 0xe, 0x86,
    0x30, 0xc, 0x88, 0x90, 0xe, 0xf1, 0xee, 0x60,
    0x72, 0x57, 0x7f, 0xa8, 0x3d, 0x4, 0x73, 0x0,
    0x80, 0x7f, 0x0,

    /* U+0035 "5" */
    0x8, 0xff, 0xd0, 0x0, 0x15, 0xdd, 0xa4, 0x0,
    0x64, 0x58, 0x40, 0x3, 0xe0, 0x1e, 0x7b, 0xee,
    0x40, 0x5, 0x31, 0xda, 0xd0, 0x0, 0x54, 0x3,
    0x95, 0x0, 0xf1, 0x10, 0x3, 0xda, 0x60, 0xda,
    0xa4, 0xcf, 0x20, 0xd7, 0xdb, 0x74, 0xa0,

    /* U+0036 "6" */
    0x0, 0x1e, 0x7e, 0x20, 0x0, 0xb2, 0xf6, 0x70,
    0x1, 0x6c, 0xe4, 0xb0, 0x0, 0x6a, 0x0, 0xe1,
    0x7, 0xce, 0xb1, 0x3, 0x8, 0xef, 0xa, 0x0,
    0xb4, 0x86, 0x50, 0x8, 0xc, 0x0, 0x60, 0x20,
    0x6a, 0x0, 0x20, 0x10, 0x89, 0x41, 0xf6, 0x0,
    0x25, 0xcf, 0xac, 0x80,

    /* U+0037 "7" */
    0x4f, 0xff, 0xa, 0x6e, 0xe5, 0x50, 0x81, 0x14,
    0x9, 0x60, 0x1d, 0xc, 0x20, 0x18, 0x56, 0x80,
    0x39, 0xcc, 0x80, 0x3b, 0x14, 0x3, 0xcf, 0xe0,
    0x1e, 0x22, 0x0, 0x70, 0x83, 0x80, 0x71, 0x0,
    0x80, 0x40,

    /* U+0038 "8" */
    0x0, 0x4f, 0x72, 0x0, 0x28, 0x5c, 0xf5, 0x60,
    0x2, 0x51, 0xd, 0x68, 0x1, 0xb8, 0x2, 0x30,
    0x4, 0x34, 0x9d, 0x50, 0x0, 0x44, 0x4c, 0x42,
    0x0, 0x65, 0x6d, 0x3c, 0x2, 0x13, 0x2, 0xd3,
    0x80, 0x79, 0x80, 0x8, 0x10, 0x5, 0x28, 0x0,
    0xc3, 0xec, 0x2a, 0x0,

    /* U+0039 "9" */
    0x1, 0xbf, 0xc3, 0x0, 0x69, 0x75, 0x61, 0x19,
    0xa4, 0x59, 0x6d, 0x88, 0x2, 0xf4, 0x13, 0x0,
    0xc6, 0x81, 0x0, 0x96, 0x21, 0xa9, 0xdc, 0x82,
    0x3, 0xce, 0xa1, 0x60, 0xe, 0xbe, 0x9, 0x42,
    0x91, 0x50, 0xf9, 0xc3, 0xc0,

    /* U+003A ":" */
    0xb9, 0x0, 0x5c, 0x80, 0x7a, 0xe4, 0x0,

    /* U+003B ";" */
    0xb, 0x90, 0xf, 0x5c, 0x80, 0x7f, 0xf0, 0xa2,
    0x0, 0x3, 0x70, 0x5, 0x88, 0x2, 0xa4, 0x7,
    0xdc, 0x0,

    /* U+003C "<" */
    0x0, 0xf2, 0x8, 0x4, 0x2f, 0xb2, 0x60, 0x75,
    0xfb, 0x3a, 0x4f, 0x9b, 0xd4, 0x80, 0x5, 0x69,
    0xa4, 0x0, 0x8a, 0x7b, 0x23, 0xa0, 0x40, 0x26,
    0xcd, 0x12,

    /* U+003D "=" */
    0x7f, 0xff, 0x1b, 0xff, 0xf8, 0xc0, 0x3f, 0x3f,
    0xff, 0x8c,

    /* U+003E ">" */
    0x32, 0x0, 0xf3, 0x66, 0x14, 0x3, 0x2f, 0x4f,
    0x72, 0x8, 0x2, 0x5b, 0xf1, 0xd3, 0x0, 0x96,
    0x9d, 0xc6, 0x53, 0xfd, 0xfd, 0x0, 0x83, 0xd6,
    0x80, 0x10,

    /* U+003F "?" */
    0x6, 0xcf, 0xb1, 0x2a, 0x8c, 0x6b, 0x2c, 0x43,
    0xa7, 0x0, 0xda, 0x80, 0x12, 0x22, 0x0, 0x2a,
    0xb1, 0x0, 0x29, 0xa8, 0x6, 0xa0, 0xc, 0xae,
    0x1, 0xa7, 0x0, 0x3f, 0x0,

    /* U+0040 "@" */
    0x0, 0xc9, 0x7d, 0xcc, 0x80, 0xf, 0x4c, 0x7f,
    0x74, 0x1a, 0x20, 0x14, 0x86, 0x20, 0x0, 0xa2,
    0xec, 0x0, 0x34, 0x90, 0x4b, 0xb8, 0x59, 0xc4,
    0x3e, 0x41, 0x22, 0xbd, 0x4, 0x11, 0x40, 0xd0,
    0x3e, 0x5, 0xcc, 0x1, 0xc4, 0x50, 0x1, 0x10,
    0xc, 0xc0, 0x7, 0x10, 0x8, 0x8, 0x80, 0x4,
    0x40, 0x2, 0xa8, 0x88, 0x2, 0x6, 0x54, 0x20,
    0xe8, 0x20, 0x48, 0x15, 0xf7, 0x87, 0x81, 0x0,
    0xf, 0x90, 0x4c, 0x91, 0xac, 0x70, 0x8, 0xeb,
    0x54, 0x40, 0x58, 0x3, 0xcf, 0xf9, 0xbb, 0x8,
    0x6,

    /* U+0041 "A" */
    0x0, 0xab, 0xc8, 0x3, 0xc8, 0x6a, 0x1, 0xc8,
    0x15, 0x60, 0x1d, 0xae, 0x86, 0x20, 0x19, 0xf0,
    0x85, 0xc0, 0x23, 0x14, 0x4, 0xd0, 0xa, 0xc8,
    0x43, 0xd0, 0x2, 0x52, 0xee, 0x50, 0x28, 0x11,
    0x2f, 0xfd, 0xc7, 0xe0, 0xa2, 0x82, 0x35, 0x28,
    0x5b, 0x0, 0x67, 0x4,

    /* U+0042 "B" */
    0x9f, 0xfb, 0xa0, 0x2, 0x4f, 0xea, 0x59, 0x0,
    0xc2, 0x96, 0xe0, 0x1f, 0x18, 0x7, 0x1d, 0xd8,
    0x0, 0x9f, 0xec, 0x17, 0x0, 0x27, 0xfb, 0x93,
    0x88, 0x3, 0xc, 0x1a, 0x80, 0x78, 0x40, 0x30,
    0x94, 0x92, 0x82, 0x7f, 0x61, 0xe1, 0x0,

    /* U+0043 "C" */
    0x0, 0xa3, 0x7a, 0xcc, 0x2, 0xc5, 0x8d, 0xce,
    0x0, 0x39, 0x62, 0x9b, 0xe8, 0x2, 0x64, 0x20,
    0x1e, 0x13, 0x0, 0xf1, 0x3, 0x0, 0x78, 0x81,
    0x80, 0x3e, 0x13, 0x0, 0xfa, 0x64, 0x20, 0x11,
    0x0, 0x1c, 0xf1, 0x4d, 0xf4, 0x80, 0x1a, 0xb1,
    0xb9, 0x64,

    /* U+0044 "D" */
    0x9f, 0xf7, 0x5a, 0x80, 0x49, 0xdb, 0x95, 0x0,
    0x10, 0x9b, 0xd3, 0x90, 0x7, 0x29, 0x50, 0x7,
    0x9c, 0x80, 0x3c, 0x6c, 0x1, 0xe3, 0x60, 0xf,
    0x39, 0x0, 0x72, 0x95, 0x0, 0x4, 0xde, 0x9c,
    0x81, 0x3b, 0x72, 0xa0, 0x0,

    /* U+0045 "E" */
    0x9f, 0xfe, 0x50, 0x4d, 0xdc, 0xa0, 0x2, 0x2c,
    0x1, 0xff, 0xc4, 0x4f, 0xfa, 0x40, 0x9, 0xbb,
    0x40, 0x4, 0x45, 0x8, 0x7, 0xf8, 0x8b, 0x8,
    0x26, 0xee, 0x60,

    /* U+0046 "F" */
    0x9f, 0xfe, 0x50, 0x4d, 0xdc, 0xa0, 0x2, 0x2c,
    0x1, 0xff, 0xc4, 0x4f, 0xfa, 0x40, 0x9, 0xbb,
    0x40, 0x4, 0x45, 0x8, 0x7, 0xff, 0x28,

    /* U+0047 "G" */
    0x0, 0x9f, 0x3f, 0x18, 0x2, 0xc9, 0xac, 0xab,
    0x30, 0x62, 0xf6, 0x36, 0xd3, 0xb, 0x91, 0x0,
    0xf1, 0x18, 0x7, 0x88, 0x18, 0x1, 0x7f, 0xe9,
    0x20, 0x60, 0x5, 0x6a, 0x80, 0x4, 0xc0, 0x2,
    0x46, 0x0, 0x99, 0x8, 0x7, 0x9c, 0xbd, 0x8d,
    0x5c, 0x2, 0xc6, 0xbc, 0x99, 0x80,

    /* U+0048 "H" */
    0x9b, 0x0, 0xd1, 0x80, 0x1f, 0xfd, 0x54, 0xff,
    0xce, 0x0, 0x3d, 0xdc, 0xc0, 0x7, 0x22, 0xc2,
    0x1, 0xff, 0xcd,

    /* U+0049 "I" */
    0x9b, 0x0, 0xff, 0xe4, 0x0,

    /* U+004A "J" */
    0x0, 0xc5, 0xe2, 0x1, 0xff, 0xe6, 0x20, 0x3,
    0x0, 0x9e, 0xb1, 0xc2, 0x1, 0xd5, 0x31, 0xe8,
    0x0,

    /* U+004B "K" */
    0x9b, 0x0, 0x97, 0xc8, 0x3, 0x15, 0x50, 0x80,
    0x37, 0xb2, 0x80, 0x6a, 0x19, 0x0, 0xce, 0xb6,
    0x1, 0x96, 0x16, 0x40, 0x30, 0xbd, 0x1c, 0x0,
    0x47, 0x1, 0xe, 0x20, 0x7, 0x0, 0x29, 0xc0,
    0x7, 0xa1, 0x88, 0x3, 0x91, 0x12,

    /* U+004C "L" */
    0x9b, 0x0, 0xff, 0xf9, 0x91, 0x60, 0x2, 0x6e,
    0xe2,

    /* U+004D "M" */
    0x9f, 0x20, 0xd, 0x9e, 0x0, 0x50, 0x8, 0x4c,
    0x0, 0x96, 0x1, 0x3a, 0x0, 0xc, 0x88, 0x0,
    0xac, 0x0, 0x9d, 0x40, 0x49, 0x0, 0x3, 0xb6,
    0xe, 0xe0, 0xc, 0x84, 0x4d, 0xd0, 0x7, 0x3d,
    0x2a, 0x0, 0x75, 0x3b, 0x80, 0x3c, 0x66, 0xa0,
    0xf, 0xb0, 0xc0, 0x20,

    /* U+004E "N" */
    0x9f, 0x10, 0xa, 0x2c, 0x1, 0x20, 0x1e, 0x57,
    0x10, 0xe, 0x25, 0xb0, 0xe, 0x18, 0x52, 0x0,
    0xe2, 0x69, 0x0, 0xf4, 0x21, 0xf8, 0x6, 0x17,
    0xf0, 0xf, 0x41, 0x68, 0x7, 0xa1, 0x40, 0x3c,
    0xc4, 0x0,

    /* U+004F "O" */
    0x0, 0xa7, 0x7a, 0xcc, 0x3, 0x6a, 0xc5, 0x16,
    0x20, 0x2, 0xf, 0x15, 0x25, 0xe4, 0x0, 0xd2,
    0x1, 0xa4, 0x90, 0x4, 0xc0, 0x30, 0x91, 0x40,
    0xc0, 0x1c, 0x3c, 0x40, 0xc0, 0x1c, 0x5c, 0x2,
    0x60, 0x18, 0x44, 0x41, 0x32, 0x0, 0xd0, 0x48,
    0xe, 0x7a, 0xa9, 0x2d, 0x20, 0x16, 0xa4, 0x51,
    0x62, 0x0,

    /* U+0050 "P" */
    0x9f, 0xfb, 0x60, 0x2, 0x4e, 0xd9, 0x5a, 0x0,
    0x84, 0x92, 0x54, 0x3, 0xcc, 0x4, 0x1, 0xcc,
    0x4, 0x1, 0x8a, 0x54, 0x0, 0x9d, 0xfa, 0x94,
    0x0, 0x4f, 0xef, 0x90, 0xc, 0x22, 0x0, 0xff,
    0xe4, 0x0,

    /* U+0051 "Q" */
    0x0, 0xa7, 0x7a, 0xcc, 0x2, 0x1d, 0x58, 0xa2,
    0xc5, 0x0, 0x48, 0x62, 0xa4, 0xbd, 0x80, 0x1a,
    0xc0, 0x34, 0x8a, 0x8, 0x94, 0x3, 0x9, 0x19,
    0x80, 0x40, 0x38, 0x7c, 0x81, 0x80, 0x38, 0xb8,
    0xb, 0x0, 0x31, 0xa, 0x85, 0xb1, 0x0, 0x50,
    0x66, 0x6, 0x4c, 0x86, 0xb4, 0xe0, 0xa, 0xac,
    0xe4, 0xfc, 0x80, 0x32, 0xd8, 0x99, 0x80, 0x3e,
    0xc0, 0xdf, 0xa0, 0xe, 0x2b, 0xfe, 0xa0,

    /* U+0052 "R" */
    0x9f, 0xfb, 0xa8, 0x40, 0x9, 0xdc, 0xd6, 0xd0,
    0x8, 0x44, 0x7c, 0x62, 0x1, 0xf1, 0x80, 0x61,
    0x92, 0x20, 0x27, 0x7f, 0x16, 0x0, 0x13, 0xe8,
    0x2c, 0x40, 0x21, 0x54, 0x80, 0xf, 0x42, 0x98,
    0x7, 0x1a, 0x40, 0x7, 0xa1, 0x10,

    /* U+0053 "S" */
    0x0, 0x3e, 0xfe, 0x28, 0x1, 0xe6, 0xf2, 0xac,
    0x82, 0xd9, 0x86, 0xdc, 0x40, 0xe6, 0x1, 0xe8,
    0x4d, 0x50, 0xc, 0x7c, 0xf5, 0xa8, 0x1, 0xd,
    0x6b, 0xda, 0x0, 0x62, 0xa2, 0xe0, 0x40, 0xc,
    0xe6, 0x35, 0x6a, 0x90, 0xb4, 0x3e, 0x51, 0x69,
    0x66,

    /* U+0054 "T" */
    0x8f, 0xff, 0xa7, 0x74, 0xe5, 0xbb, 0x9, 0x13,
    0xc0, 0x8a, 0x0, 0xff, 0xfa, 0x0,

    /* U+0055 "U" */
    0xaa, 0x0, 0x68, 0xb0, 0xf, 0xfe, 0xe1, 0x80,
    0x7d, 0xcc, 0x1, 0x88, 0xa3, 0x10, 0x9, 0x3d,
    0x4b, 0x50, 0xec, 0x18, 0x31, 0xab, 0x43, 0x0,

    /* U+0056 "V" */
    0xd8, 0x0, 0xcd, 0xc0, 0xa8, 0x1, 0xb1, 0xc2,
    0xcc, 0x40, 0x25, 0xd0, 0x31, 0x40, 0x1, 0x82,
    0x0, 0x13, 0x0, 0x16, 0x80, 0x17, 0xb8, 0x1,
    0x34, 0x2, 0x41, 0x21, 0x37, 0x0, 0x85, 0x15,
    0x8, 0x40, 0x36, 0x64, 0xa0, 0x1c, 0xa8, 0xf6,
    0x1, 0xc4, 0x40, 0x30, 0x8,

    /* U+0057 "W" */
    0x8c, 0x0, 0xa3, 0x80, 0x26, 0xcd, 0x30, 0x9,
    0x4, 0x80, 0x1e, 0xae, 0x4, 0x0, 0x34, 0x70,
    0x2, 0xf9, 0x3, 0x1, 0x9d, 0x80, 0x3, 0x50,
    0x33, 0x2, 0x2e, 0x20, 0x10, 0x18, 0x26, 0x86,
    0x61, 0x48, 0x5c, 0x80, 0x1a, 0xe0, 0xa8, 0x24,
    0xa4, 0xe0, 0x7, 0x22, 0x0, 0x82, 0x66, 0xe8,
    0x0, 0x41, 0x48, 0x0, 0xc3, 0x73, 0x0, 0x8d,
    0xb0, 0x0, 0x8a, 0x4a, 0x1, 0x28, 0xa8, 0x0,
    0x40, 0x44, 0x0,

    /* U+0058 "X" */
    0x4f, 0x20, 0x0, 0xfa, 0xa1, 0xd8, 0x1, 0x8d,
    0x43, 0xd8, 0x42, 0x60, 0x0, 0x69, 0xe, 0x48,
    0x1, 0x43, 0x4f, 0x80, 0x63, 0x10, 0x30, 0xc,
    0xc4, 0xa, 0x1, 0xa2, 0x62, 0xc0, 0x27, 0x35,
    0x60, 0x70, 0x4, 0xc0, 0x2, 0x24, 0x20, 0xd4,
    0x0, 0xc7, 0x0,

    /* U+0059 "Y" */
    0xc, 0x90, 0x8, 0x7c, 0xc2, 0x58, 0x2, 0x93,
    0x30, 0x29, 0x30, 0x1, 0xa0, 0x2, 0xbb, 0x3,
    0x1a, 0x0, 0x4c, 0x69, 0x76, 0x0, 0xe6, 0x93,
    0x60, 0xe, 0x92, 0x90, 0xf, 0x8, 0x88, 0x3,
    0xff, 0xa4,

    /* U+005A "Z" */
    0xc, 0xff, 0xeb, 0xd, 0xdd, 0x61, 0xe0, 0x24,
    0x57, 0xa2, 0x0, 0x32, 0x22, 0x40, 0x3a, 0x5c,
    0x80, 0x33, 0x84, 0x0, 0x61, 0x89, 0x0, 0xeb,
    0x44, 0x0, 0x64, 0x59, 0x0, 0xe9, 0x60, 0x22,
    0x85, 0x9, 0xb7, 0x78,

    /* U+005B "[" */
    0x8d, 0xb2, 0xb, 0xb1, 0x0, 0x7f, 0xf8, 0x3e,
    0xac, 0x80,

    /* U+005C "\\" */
    0xa4, 0x0, 0xdf, 0xa0, 0x19, 0x10, 0x1, 0x85,
    0x88, 0x3, 0x62, 0x80, 0x65, 0xb0, 0xc, 0x42,
    0x20, 0xc, 0xa8, 0x1, 0xaf, 0xc0, 0x31, 0xa0,
    0x7, 0x22, 0x0, 0x37, 0xe8, 0x6, 0x44, 0x0,
    0x61, 0x62,

    /* U+005D "]" */
    0x6b, 0xe4, 0x6b, 0x50, 0xf, 0xff, 0xb, 0x5b,
    0x38,

    /* U+005E "^" */
    0x0, 0xba, 0x80, 0x32, 0x12, 0x8, 0x5, 0xd2,
    0xec, 0x0, 0x14, 0x5a, 0xa0, 0x1, 0x9c, 0xc,
    0xc, 0x2a, 0x80, 0xa, 0x90,

    /* U+005F "_" */
    0xbd, 0xdf, 0x40,

    /* U+0060 "`" */
    0x31, 0x0, 0x45, 0x0, 0x2d, 0xe4, 0x1, 0x82,
    0x0,

    /* U+0061 "a" */
    0x2, 0xad, 0xe9, 0x0, 0x56, 0xfe, 0xbb, 0x4,
    0x39, 0x1a, 0x60, 0x1, 0x2b, 0x11, 0x82, 0xa3,
    0xb1, 0x80, 0x57, 0x90, 0x3, 0x94, 0x59, 0x80,
    0x33, 0x2f, 0xe8, 0x0,

    /* U+0062 "b" */
    0xb8, 0x0, 0xff, 0xe4, 0xc, 0x76, 0xb8, 0x1,
    0xbf, 0x2e, 0x14, 0x19, 0xc9, 0x99, 0xc0, 0x20,
    0x17, 0xa8, 0x7, 0x9, 0x80, 0x76, 0x38, 0x32,
    0x93, 0xa4, 0x84, 0xfe, 0x5d, 0x8c,

    /* U+0063 "c" */
    0x0, 0x36, 0xfd, 0x90, 0x3c, 0xc6, 0xe0, 0x84,
    0x4a, 0x93, 0x99, 0x81, 0xc0, 0x3f, 0xe3, 0x7,
    0x0, 0xe7, 0x85, 0x26, 0x60, 0x44, 0xc6, 0xe9,
    0x0,

    /* U+0064 "d" */
    0x0, 0xf6, 0xa8, 0x7, 0xff, 0x19, 0xfb, 0x90,
    0x1, 0x44, 0xde, 0x1, 0x0, 0x1e, 0x14, 0xa0,
    0x80, 0x81, 0x0, 0x38, 0x40, 0xc0, 0x38, 0x81,
    0x0, 0x23, 0x1, 0x58, 0x42, 0xa1, 0x0, 0x52,
    0x57, 0xe2, 0x0,

    /* U+0065 "e" */
    0x0, 0x3e, 0xf5, 0x8, 0x1, 0xef, 0xbc, 0x28,
    0x1, 0x1c, 0x63, 0x8, 0x6, 0x19, 0xdc, 0xc0,
    0x20, 0x7, 0xf7, 0x5e, 0x46, 0xe, 0x1, 0xe8,
    0x82, 0x8a, 0x30, 0x1, 0xe2, 0x1d, 0x6, 0x0,

    /* U+0066 "f" */
    0x0, 0x5f, 0xd8, 0x32, 0x6d, 0x0, 0x99, 0xc,
    0x40, 0xfd, 0x61, 0xcf, 0xd4, 0x3c, 0x3, 0xff,
    0xa0,

    /* U+0067 "g" */
    0x1, 0xad, 0xff, 0xa0, 0x28, 0xf7, 0xc6, 0xa0,
    0x17, 0x0, 0x9, 0x80, 0x4, 0xe1, 0x34, 0xc0,
    0x4, 0xae, 0x74, 0x28, 0x2, 0x2f, 0x74, 0xc0,
    0x13, 0xe1, 0x8, 0x6, 0xa6, 0xde, 0xfe, 0x31,
    0x8e, 0xff, 0x71, 0x49, 0x89, 0x0, 0x8, 0x7c,
    0xa7, 0xbf, 0xa2, 0xa,

    /* U+0068 "h" */
    0xb8, 0x0, 0xff, 0xe4, 0xbe, 0xf3, 0x80, 0x1f,
    0xb8, 0xd0, 0x20, 0xd2, 0x70, 0xa, 0x2, 0x1,
    0x8, 0x80, 0x3f, 0xfa, 0x0,

    /* U+0069 "i" */
    0xb9, 0xcc, 0x3a, 0xdc, 0x0, 0x7f, 0xf0, 0x80,

    /* U+006A "j" */
    0x0, 0x5c, 0x80, 0x33, 0x0, 0x7, 0x50, 0x5,
    0xc8, 0x7, 0xff, 0x4c, 0x44, 0x4b, 0xcd, 0xaa,
    0xc0,

    /* U+006B "k" */
    0xb8, 0x0, 0xff, 0xe5, 0xc6, 0x80, 0x65, 0x6f,
    0x0, 0x8a, 0xe8, 0x80, 0x3, 0xc0, 0x80, 0x13,
    0x30, 0xdc, 0x2, 0x2a, 0xe8, 0x20, 0x2, 0x81,
    0xac, 0x80, 0x75, 0xa2, 0x0,

    /* U+006C "l" */
    0xb8, 0x0, 0xff, 0xe6, 0x89, 0x7, 0x22, 0x0,

    /* U+006D "m" */
    0xb6, 0x7e, 0xc4, 0x1a, 0xeb, 0x10, 0x8f, 0xd6,
    0xad, 0xfd, 0x59, 0x7, 0x83, 0x91, 0xf5, 0x37,
    0x30, 0x10, 0x1, 0x0, 0x80, 0x5, 0xc0, 0x3f,
    0xbc, 0x3, 0xff, 0xac,

    /* U+006E "n" */
    0xb6, 0x7d, 0xe7, 0x0, 0x47, 0x71, 0xa0, 0x41,
    0xe4, 0xe0, 0x14, 0x4, 0x2, 0x11, 0x0, 0x7f,
    0xf4, 0x0,

    /* U+006F "o" */
    0x0, 0x3e, 0xf5, 0x90, 0x1, 0xe6, 0x58, 0x58,
    0x21, 0x16, 0x85, 0x26, 0xc6, 0x8, 0x1, 0x26,
    0x80, 0x7e, 0x30, 0x40, 0x9, 0x34, 0x1e, 0xd0,
    0xa4, 0xd8, 0x22, 0x65, 0xa5, 0x82,

    /* U+0070 "p" */
    0xb7, 0x8e, 0xd7, 0x0, 0x47, 0xe5, 0xc2, 0x83,
    0x39, 0x33, 0x38, 0x4, 0x2, 0xf5, 0x0, 0xe1,
    0x30, 0xe, 0xc7, 0x6, 0x52, 0x74, 0x90, 0x4f,
    0xdb, 0xb1, 0x81, 0x57, 0xe2, 0x0, 0x7f, 0xf0,
    0xc0,

    /* U+0071 "q" */
    0x0, 0x3f, 0x72, 0xb1, 0x42, 0x2b, 0x3b, 0x86,
    0x0, 0x78, 0x20, 0x42, 0x2, 0x4, 0x0, 0xe1,
    0x3, 0x0, 0xe2, 0x7, 0x0, 0x8c, 0x5, 0x6d,
    0xe, 0x84, 0x1, 0x4f, 0x5d, 0x84, 0x1, 0x4f,
    0x6b, 0x0, 0x7f, 0xf1, 0x80,

    /* U+0072 "r" */
    0xb6, 0x7e, 0x50, 0xad, 0xa4, 0x0, 0x52, 0x8,
    0x20, 0x7, 0xff, 0x2c,

    /* U+0073 "s" */
    0x4, 0xdf, 0xc4, 0x0, 0x5d, 0x74, 0x8, 0x4,
    0x42, 0x8a, 0x0, 0x8a, 0xa1, 0x0, 0x4f, 0xc5,
    0xb0, 0x1, 0xc, 0x53, 0x81, 0xd1, 0xe, 0x10,
    0x19, 0x7f, 0x2f, 0x80,

    /* U+0074 "t" */
    0x5, 0xc0, 0xc, 0x60, 0x1a, 0x64, 0x7f, 0xa1,
    0x2e, 0x7f, 0xa0, 0xf, 0x0, 0xff, 0xe3, 0x8,
    0x6, 0x22, 0x21, 0x0, 0x15, 0x57, 0xe0,

    /* U+0075 "u" */
    0xc7, 0x0, 0xbc, 0xc0, 0x3f, 0xfa, 0x3e, 0x0,
    0x20, 0x2, 0xb1, 0xaf, 0x0, 0x21, 0x73, 0xb8,
    0x20,

    /* U+0076 "v" */
    0xaa, 0x0, 0x49, 0xc1, 0xca, 0x1, 0x6b, 0x82,
    0xa, 0x0, 0x1f, 0x40, 0xf, 0xa0, 0x80, 0x80,
    0xd, 0x70, 0xd7, 0x0, 0x90, 0xd, 0xe8, 0x3,
    0x3c, 0x1, 0x80, 0x6a, 0x47, 0x0, 0x80,

    /* U+0077 "w" */
    0x7c, 0x0, 0xf, 0xb0, 0x1, 0xed, 0xc, 0x0,
    0x83, 0x80, 0xc, 0xc1, 0x82, 0x6, 0x42, 0x0,
    0x11, 0x0, 0x98, 0x8, 0xe0, 0x46, 0x6, 0x18,
    0x84, 0x2, 0x89, 0x80, 0xa, 0x68, 0x80, 0xcc,
    0x6e, 0x0, 0x8, 0x6b, 0x1, 0xd1, 0x20, 0x9,
    0xd, 0x0, 0x4c, 0xc, 0x0,

    /* U+0078 "x" */
    0x4f, 0x10, 0x1f, 0x44, 0xac, 0x21, 0x50, 0x29,
    0x54, 0xd0, 0x0, 0x18, 0xa7, 0x20, 0xb, 0x44,
    0x40, 0x12, 0x23, 0x18, 0xc0, 0x13, 0x64, 0xfc,
    0xe, 0xa, 0x10, 0x6e,

    /* U+0079 "y" */
    0x9b, 0x0, 0x93, 0x82, 0x90, 0x40, 0x1a, 0xe0,
    0x64, 0xe0, 0x7, 0xa0, 0x5, 0xd0, 0x18, 0x18,
    0x1, 0xcc, 0xad, 0x80, 0x21, 0x55, 0xac, 0x3,
    0x4c, 0x80, 0xc0, 0x31, 0x99, 0x40, 0x38, 0x4a,
    0x80, 0x31, 0x53, 0x10, 0x4, 0xba, 0x10, 0x1,
    0x80,

    /* U+007A "z" */
    0x1f, 0xfe, 0x11, 0x7f, 0xb8, 0xd8, 0x40, 0x27,
    0x29, 0x0, 0x86, 0x68, 0x3, 0x52, 0xa0, 0x4,
    0xaa, 0xb0, 0x8, 0x6e, 0x4, 0x2, 0x61, 0x9f,
    0xf8, 0xc0,

    /* U+007B "{" */
    0x0, 0x5e, 0x90, 0x1a, 0xe9, 0x0, 0x8, 0x3,
    0x8, 0x4, 0x20, 0x19, 0xd8, 0x0, 0xd5, 0x0,
    0x6, 0x98, 0x0, 0x91, 0x80, 0x3f, 0x8, 0x80,
    0x27, 0x0, 0xcc, 0x62, 0x0, 0x26, 0xc2,

    /* U+007C "|" */
    0x85, 0x0, 0xff, 0xe9, 0x0,

    /* U+007D "}" */
    0x6e, 0x70, 0x3, 0x64, 0x0, 0x44, 0x1, 0x84,
    0x40, 0x1f, 0x84, 0x44, 0x1, 0x46, 0x90, 0x2,
    0x34, 0x80, 0x44, 0x40, 0x1f, 0x84, 0x3, 0xf2,
    0x88, 0x1, 0xa6, 0xc0, 0x0,

    /* U+007E "~" */
    0xa, 0xea, 0x41, 0x60, 0x1f, 0xf6, 0x7f, 0xb8,
    0x0,

    /* U+00B7 "·" */
    0x0, 0xc3, 0xba, 0x17, 0x22, 0x3b, 0x8c, 0xce,

    /* U+2022 "•" */
    0x0, 0xc3, 0xba, 0x17, 0x22, 0x3b, 0x8c, 0xce,

    /* U+25CB "○" */
    0x0, 0xd1, 0x31, 0x32, 0x40, 0xe, 0x39, 0x9a,
    0x26, 0x43, 0x0, 0x10, 0xdc, 0x88, 0x6, 0x5a,
    0x70, 0x4, 0x40, 0x3, 0xe2, 0x13, 0x2f, 0x0,
    0xfe, 0x6b, 0x75, 0x0, 0xff, 0x88, 0xc0, 0x3f,
    0xe2, 0x30, 0xf, 0xf9, 0xd4, 0x3, 0xfe, 0x2f,
    0x0, 0xfe, 0x6b, 0xb, 0x80, 0xf, 0x88, 0x4c,
    0xa, 0xe4, 0x40, 0x32, 0xd3, 0x80, 0x47, 0x33,
    0x44, 0xc8, 0x60, 0x0,

    /* U+25CF "●" */
    0x0, 0xcd, 0x9f, 0xec, 0x70, 0xf, 0xd, 0xc9,
    0x80, 0xe, 0x30, 0x80, 0x36, 0xa0, 0x7, 0x8f,
    0xc0, 0x26, 0x30, 0xf, 0xc5, 0x0, 0xb, 0x0,
    0xff, 0x38, 0x0, 0x80, 0x3f, 0xe2, 0x20, 0x7,
    0xff, 0x1, 0x88, 0x3, 0xff, 0x80, 0xc0, 0x40,
    0x1f, 0xf1, 0x5, 0x0, 0x7f, 0x9c, 0x0, 0xe6,
    0x1, 0xf8, 0xa0, 0x2, 0xd4, 0x0, 0xf1, 0xf8,
    0x6, 0x1b, 0x93, 0x0, 0x1c, 0x61, 0x0, 0x0,

    /* U+4E00 "一" */
    0x0, 0xff, 0xe1, 0xf, 0xff, 0xff, 0x2, 0x47,
    0xbb, 0xff, 0x81, 0x0,

    /* U+4E0B "下" */
    0x2e, 0xef, 0xfe, 0x1, 0x13, 0x33, 0x8e, 0x33,
    0x38, 0x80, 0x8b, 0x80, 0x8b, 0xc0, 0x1f, 0xb4,
    0x3, 0xff, 0x82, 0x9c, 0xc0, 0x1f, 0xf4, 0xd5,
    0xe9, 0x80, 0x7f, 0x93, 0x6b, 0xc, 0x3, 0xfe,
    0x7d, 0x30, 0xf, 0xfe, 0x1, 0x0, 0x7f, 0xf8,
    0x0,

    /* U+4E0D "不" */
    0xe, 0xef, 0xfe, 0x0, 0x3, 0xff, 0xb4, 0x6f,
    0xff, 0x0, 0x4, 0x7a, 0x15, 0x42, 0x38, 0x3,
    0xd2, 0x84, 0xa0, 0x1f, 0xce, 0xe4, 0x1f, 0xd3,
    0x0, 0xf4, 0xd7, 0x98, 0xd5, 0xe3, 0x0, 0x47,
    0x8b, 0x82, 0x1, 0x36, 0x44, 0x80, 0xe5, 0xe0,
    0x80, 0x71, 0xe2, 0x90, 0xfb, 0x80, 0x7e, 0x2c,
    0x20, 0xf, 0xfe, 0xf0,

    /* U+4E0E "与" */
    0x0, 0x89, 0x40, 0x3f, 0xe5, 0xc0, 0xf, 0xfb,
    0x5b, 0xbb, 0xe3, 0x0, 0x9f, 0x3b, 0xbe, 0x30,
    0x8, 0x8c, 0x3, 0xfc, 0x84, 0x1, 0xff, 0x19,
    0xbb, 0xbe, 0xf6, 0x0, 0x3f, 0x77, 0xe4, 0x20,
    0x11, 0xfe, 0x6, 0x71, 0xcc, 0xfc, 0xc0, 0x46,
    0x3b, 0xbf, 0x9c, 0xc8, 0x3, 0xfe, 0x94, 0x0,
    0xfd, 0xdf, 0xe6, 0x80, 0xf, 0xdd, 0xfe, 0xc1,
    0x0,

    /* U+4E1A "业" */
    0x0, 0xff, 0xe3, 0x1e, 0x0, 0x30, 0xc0, 0x3f,
    0xfa, 0xb0, 0xa0, 0x1f, 0x91, 0xc0, 0x1b, 0x20,
    0x1f, 0xb8, 0x40, 0xa, 0x46, 0x1, 0xe1, 0x46,
    0x0, 0x9a, 0x80, 0x3d, 0xc, 0x1, 0xad, 0xc0,
    0x39, 0x9e, 0x0, 0x31, 0xe8, 0x7, 0xe, 0x80,
    0x78, 0xc0, 0x39, 0xcc, 0x3, 0xff, 0x8a, 0x3d,
    0xd6, 0x9f, 0x70, 0xf7, 0xba, 0x11, 0x7f, 0xee,
    0xff, 0x77, 0xfe, 0x10,

    /* U+4E34 "临" */
    0x0, 0xf1, 0x0, 0x7d, 0x86, 0x0, 0xc3, 0x0,
    0xfe, 0x51, 0x20, 0xd, 0xc2, 0x1, 0x78, 0x77,
    0xfd, 0xa0, 0x18, 0xd7, 0x73, 0xbf, 0xda, 0x1,
    0xb9, 0x89, 0x30, 0x80, 0x39, 0x9e, 0x1, 0xef,
    0x0, 0x39, 0xa8, 0x4, 0x4f, 0xa2, 0x20, 0xc,
    0x3d, 0xfe, 0xed, 0xff, 0x0, 0x70, 0xf7, 0x97,
    0x78, 0x7, 0xff, 0x37, 0x84, 0x2, 0x1d, 0xc2,
    0xdc, 0x0, 0xf0, 0xe6, 0x3b, 0x38, 0x2, 0xc3,
    0x1f, 0x11, 0xc7, 0xc0,

    /* U+4E8B "事" */
    0x0, 0xf3, 0xc8, 0x7, 0xd5, 0x99, 0xa5, 0xf3,
    0x38, 0xc2, 0x3b, 0xb3, 0xa7, 0x77, 0x18, 0x15,
    0x7c, 0xc9, 0x11, 0x32, 0xe9, 0x20, 0xd, 0x57,
    0x6a, 0x7b, 0xb7, 0xb8, 0x6, 0xec, 0xbb, 0x53,
    0xdd, 0xa1, 0x40, 0x31, 0xee, 0xce, 0xbb, 0xb7,
    0x80, 0x61, 0x22, 0x80, 0x4, 0x54, 0x80, 0x7,
    0x66, 0x72, 0x2c, 0xcc, 0x1a, 0xc3, 0xbb, 0xd2,
    0xfb, 0xb0, 0x6b, 0x0, 0x33, 0x34, 0xbe, 0x64,
    0x1, 0xd9, 0x99, 0x9f, 0x32, 0x60, 0xf, 0x46,
    0xb6, 0x0, 0x52, 0x0,

    /* U+4E8E "于" */
    0x3, 0xee, 0xff, 0x18, 0x0, 0xff, 0xf4, 0xaf,
    0xfe, 0x30, 0x8, 0x47, 0xfc, 0x1, 0xff, 0xca,
    0x11, 0x0, 0x78, 0xbf, 0xfa, 0x13, 0xff, 0x8c,
    0xbf, 0xfa, 0x57, 0xff, 0x8c, 0x3, 0xff, 0xc4,
    0x22, 0xe0, 0xf, 0xf0, 0xf7, 0x17, 0x80, 0x3c,

    /* U+4E91 "云" */
    0x0, 0x46, 0x67, 0xe9, 0x0, 0xd5, 0xff, 0xfa,
    0xc0, 0x31, 0x19, 0xfe, 0x20, 0xf, 0xfe, 0x21,
    0x6e, 0xff, 0xf0, 0x8, 0x9f, 0xf4, 0x95, 0x7f,
    0xf8, 0x80, 0x8a, 0xd3, 0x72, 0x22, 0x11, 0x40,
    0x18, 0xdb, 0xc0, 0x2b, 0x60, 0xf, 0x7c, 0x18,
    0x5, 0xd2, 0x40, 0x1a, 0x41, 0x89, 0x15, 0x90,
    0xb8, 0x2, 0x36, 0x3e, 0xc8, 0xef, 0xf5, 0xa,
    0x80, 0xf, 0x3b, 0xfb, 0x2e, 0x61, 0xe4, 0x80,

    /* U+4EA4 "交" */
    0x0, 0xff, 0xe4, 0x69, 0x0, 0x7f, 0xf0, 0x16,
    0x0, 0x3e, 0xff, 0xe7, 0x5f, 0xfe, 0x0, 0x7f,
    0xba, 0x77, 0xfd, 0xd3, 0xdf, 0xe0, 0xd, 0x36,
    0x60, 0x16, 0xd0, 0x80, 0x43, 0x4b, 0x82, 0x0,
    0x1b, 0x3c, 0x20, 0x5, 0x9e, 0xd1, 0x80, 0xf,
    0xa2, 0xb8, 0x1, 0x52, 0x1d, 0xe0, 0x8, 0x90,
    0x7c, 0x0, 0xe5, 0x69, 0x87, 0x70, 0x7, 0xf5,
    0xbb, 0xb8, 0x3, 0xf9, 0x71, 0x17, 0x18, 0x3,
    0x8e, 0x36, 0x26, 0xa9, 0xb5, 0xd2, 0xa0, 0x3e,
    0x1d, 0xa8, 0x0, 0x3c, 0xc7, 0x78, 0x0,

    /* U+4EA7 "产" */
    0x0, 0xf3, 0x28, 0x7, 0xfc, 0x54, 0x20, 0x1c,
    0x7f, 0xfa, 0xc3, 0xbf, 0xec, 0x3, 0xff, 0x2f,
    0x7f, 0xd6, 0xff, 0x80, 0x1b, 0x6c, 0x2, 0xff,
    0x0, 0x64, 0x41, 0x32, 0x21, 0x50, 0xd1, 0x0,
    0xb, 0x8e, 0x7f, 0xf7, 0x27, 0xfc, 0x1, 0x6d,
    0xdf, 0xf0, 0x4, 0x20, 0x1f, 0xe2, 0x10, 0xf,
    0xf9, 0x88, 0x3, 0xfe, 0xd4, 0x0, 0xff, 0xb,
    0x50, 0x7, 0xf8, 0x74, 0x80, 0x3f, 0xc0,

    /* U+4ED8 "付" */
    0x0, 0xff, 0xe3, 0x69, 0x80, 0x61, 0xe0, 0xe,
    0x50, 0x30, 0xf, 0xfa, 0x2c, 0x3, 0xfe, 0x52,
    0x6c, 0xdd, 0xd8, 0x3b, 0x20, 0x36, 0x21, 0xdd,
    0xd2, 0x1d, 0x61, 0x8a, 0x0, 0x22, 0x19, 0xca,
    0x26, 0x40, 0xb2, 0x1, 0x6b, 0x0, 0x7d, 0x0,
    0x1b, 0xa0, 0x40, 0x3f, 0xe2, 0x7b, 0x0, 0xff,
    0xe0, 0x46, 0x80, 0x7f, 0xf0, 0x5, 0xc0, 0x3f,
    0xf8, 0x66, 0x1, 0xfe, 0x1f, 0xf6, 0x38, 0x6,
    0x2e, 0x0, 0x87, 0xfd, 0xd2, 0x0,

    /* U+4F1A "会" */
    0x0, 0xf9, 0x40, 0x3f, 0xf8, 0x15, 0x60, 0x1f,
    0xf5, 0x33, 0x30, 0x40, 0x3e, 0x3c, 0x1c, 0x8a,
    0xf6, 0x0, 0xc5, 0x58, 0xd2, 0x44, 0x4b, 0xad,
    0x60, 0x7, 0x9d, 0xb7, 0x76, 0x9a, 0x9a, 0x30,
    0xd9, 0x4c, 0xcf, 0x32, 0x61, 0x84, 0x77, 0x7f,
    0xb4, 0x1, 0x1f, 0xec, 0x9, 0xff, 0x57, 0xfb,
    0x0, 0x21, 0x17, 0x33, 0x88, 0x4b, 0x8, 0x80,
    0x35, 0x2c, 0x0, 0x53, 0xc, 0x1, 0xad, 0x55,
    0xbf, 0xf4, 0xa4, 0x18, 0x5, 0xd5, 0xfe, 0xef,
    0xed, 0xb8, 0x60,

    /* U+4F30 "估" */
    0x0, 0xa8, 0xc0, 0x2e, 0x10, 0xf, 0x12, 0x18,
    0x7, 0xfd, 0xc, 0x1, 0xff, 0x1a, 0xd5, 0x37,
    0x61, 0xfd, 0xd8, 0x45, 0xa0, 0x77, 0xff, 0x6,
    0xff, 0xc3, 0x6a, 0x20, 0x24, 0x50, 0x91, 0x60,
    0xfb, 0x0, 0xff, 0xe0, 0x28, 0x6, 0xee, 0x87,
    0xfb, 0x86, 0x1, 0xe1, 0xfe, 0xfe, 0xe1, 0x80,
    0x7e, 0x10, 0xf, 0xfe, 0x7e, 0x5d, 0xe2, 0x0,
    0xfd, 0x11, 0xc4, 0x1, 0xb8, 0x43, 0xd0, 0xcf,
    0x69, 0x80,

    /* U+4F4D "位" */
    0x0, 0xcc, 0x1, 0x31, 0x80, 0x7c, 0x96, 0x1,
    0x75, 0x80, 0x7d, 0xf6, 0x1, 0x60, 0x7, 0xc8,
    0xad, 0x3f, 0xeb, 0x7f, 0xf7, 0x0, 0x6, 0x88,
    0x27, 0xff, 0xb3, 0x80, 0x14, 0x60, 0x14, 0xb0,
    0x0, 0x70, 0x3, 0x48, 0x5, 0xfe, 0x0, 0x29,
    0x80, 0x56, 0xe0, 0x12, 0xa8, 0x0, 0x4a, 0x1,
    0xf8, 0xcc, 0x0, 0xff, 0x0, 0x7f, 0x8, 0x81,
    0x50, 0x3, 0xf8, 0x88, 0x4, 0x40, 0xf, 0x91,
    0x10, 0xec, 0x48, 0x82, 0x0, 0xc5, 0xff, 0xb5,
    0xff, 0xce,

    /* U+4F4F "住" */
    0x0, 0xd0, 0x1, 0x48, 0x80, 0x7c, 0xa8, 0x1,
    0xa0, 0x3, 0xe8, 0x90, 0xa, 0xcc, 0x3, 0xcc,
    0x6b, 0xff, 0x6a, 0xff, 0xcc, 0x5, 0x24, 0x1f,
    0xf5, 0x27, 0xfc, 0xc1, 0xe6, 0x1, 0xff, 0xc0,
    0x5f, 0x0, 0xff, 0xe0, 0x40, 0x5, 0x1d, 0xca,
    0x4e, 0xe8, 0x3, 0xd1, 0xdc, 0xa4, 0xee, 0x80,
    0x3f, 0xfa, 0xa2, 0x45, 0x9c, 0x8a, 0x10, 0xc,
    0xbf, 0xf5, 0xf, 0xfd, 0x20,

    /* U+4F59 "余" */
    0x0, 0xf0, 0xb0, 0x7, 0xff, 0x3, 0x61, 0x0,
    0x3f, 0x8b, 0x6f, 0x25, 0xc0, 0x3e, 0x5c, 0xb7,
    0x2c, 0xba, 0x10, 0x8, 0xee, 0xd0, 0xa6, 0x62,
    0x80, 0xf9, 0x11, 0x76, 0xde, 0xc7, 0xe4, 0x79,
    0xf8, 0x30, 0xeb, 0x2d, 0xda, 0xe, 0xed, 0x23,
    0x2e, 0xd, 0xdd, 0xac, 0xfb, 0xb6, 0x80, 0x1b,
    0xbb, 0x51, 0xf7, 0x6d, 0x0, 0xcf, 0x40, 0x20,
    0x7, 0xb0, 0xe, 0x69, 0xb0, 0xc, 0xe5, 0x80,
    0x14, 0x5e, 0x8, 0x8, 0x5, 0x2d, 0x60, 0xb,
    0xc2, 0x3f, 0xbb, 0x0, 0x55, 0x0, 0x3, 0x10,
    0x3f, 0xe7, 0x0, 0xc6, 0x0,

    /* U+4F5C "作" */
    0x0, 0xc8, 0x0, 0x20, 0xf, 0xe4, 0x90, 0x6,
    0x10, 0x7, 0xef, 0xb0, 0x53, 0x2, 0x2c, 0x20,
    0x3, 0x56, 0x9, 0xd, 0xff, 0xc8, 0x3, 0xa4,
    0xe, 0x1a, 0x39, 0xbb, 0x28, 0x50, 0x0, 0xa3,
    0x80, 0xa, 0x45, 0x0, 0x1e, 0x80, 0x14, 0x40,
    0x9, 0xee, 0x84, 0x31, 0xc0, 0x94, 0x2, 0xcc,
    0xc2, 0x1, 0xfc, 0x42, 0x30, 0x7, 0xfb, 0x7f,
    0xe4, 0x0, 0xfe, 0xfe, 0xe9, 0x0, 0x3f, 0xfa,
    0x47, 0x80, 0x1b, 0x84, 0x3, 0x0,

    /* U+4F60 "你" */
    0x0, 0x98, 0x82, 0x0, 0x3f, 0xc, 0x19, 0x30,
    0x7, 0xe9, 0x71, 0x57, 0x0, 0xf8, 0x9e, 0xc2,
    0xdb, 0xbf, 0xdd, 0xfa, 0x1e, 0x6, 0xa1, 0xfc,
    0x5b, 0xd6, 0xf2, 0x20, 0x9, 0x80, 0xe, 0x3d,
    0xed, 0x10, 0xd5, 0x80, 0xa, 0xd, 0xdc, 0x20,
    0x1, 0x71, 0x0, 0xb7, 0xc0, 0x3d, 0x5a, 0x1,
    0x2a, 0x88, 0x3, 0x20, 0xa0, 0x6, 0x75, 0x0,
    0xdd, 0x0, 0x1d, 0x9a, 0x1, 0xa9, 0x40, 0x6,
    0x0, 0x5a, 0x0, 0xf2, 0xf9, 0x90, 0x7, 0x70,
    0x80, 0x17, 0xf4, 0x3, 0x0,

    /* U+4FEE "修" */
    0x0, 0x90, 0x2, 0x33, 0x0, 0x7c, 0x72, 0x1,
    0x73, 0x80, 0x7d, 0x34, 0x0, 0x62, 0x9d, 0xd7,
    0xc0, 0x0, 0x55, 0x40, 0xb0, 0x7f, 0xbe, 0x52,
    0x0, 0xb0, 0x3a, 0xdd, 0xb9, 0xff, 0xc2, 0xa,
    0x80, 0x4, 0x83, 0x40, 0xa1, 0x40, 0x6, 0xd0,
    0x80, 0x27, 0x73, 0xfa, 0x77, 0x86, 0x10, 0x2,
    0x8d, 0x8a, 0x95, 0xbe, 0x10, 0xe, 0x17, 0xad,
    0xa9, 0x40, 0xf, 0xcf, 0x27, 0x98, 0x44, 0x0,
    0x71, 0x82, 0xc1, 0xe3, 0x69, 0x80, 0x76, 0x82,
    0xf6, 0x62, 0x39, 0xc0, 0x3c, 0x5b, 0xba, 0xcc,
    0x0,

    /* U+5012 "倒" */
    0x0, 0x8c, 0x3, 0xfe, 0x3e, 0x77, 0xe2, 0x41,
    0xd0, 0x5, 0x50, 0xaf, 0x84, 0x68, 0x0, 0xcc,
    0xc5, 0x19, 0xe4, 0x20, 0xd, 0x20, 0x30, 0xa6,
    0x1c, 0x60, 0x11, 0xb8, 0xb, 0x25, 0x7b, 0xa0,
    0x5, 0x70, 0x22, 0xed, 0x37, 0xa4, 0x0, 0xa1,
    0x80, 0x6, 0xa8, 0x64, 0x1, 0xf1, 0x4f, 0x8c,
    0xc8, 0x3, 0xe2, 0xaa, 0x15, 0x50, 0xdc, 0x3,
    0xe3, 0x33, 0xd1, 0x58, 0x7, 0x2f, 0x7b, 0x8c,
    0x98, 0x7, 0x93, 0xb6, 0x58, 0xcb, 0xbd, 0x40,

    /* U+503A "债" */
    0x0, 0xb0, 0x40, 0x2f, 0x0, 0xf9, 0x41, 0x2a,
    0xa0, 0xaa, 0x8c, 0x2, 0xea, 0x49, 0x98, 0x26,
    0x62, 0x0, 0x1a, 0x38, 0xff, 0xc1, 0xfe, 0x81,
    0x0, 0x70, 0x0, 0x77, 0x60, 0xdd, 0x50, 0x83,
    0x80, 0x53, 0x11, 0x34, 0x45, 0x20, 0xbe, 0x21,
    0x0, 0x1f, 0x48, 0x11, 0x0, 0x2, 0xf1, 0x76,
    0x88, 0x21, 0x80, 0x78, 0xc4, 0xf0, 0x44, 0x1,
    0xff, 0x18, 0x7, 0xf0, 0xc8, 0x4a, 0x30, 0xc9,
    0x0, 0x79, 0xec, 0xa0, 0x33, 0x88, 0x3, 0xb2,
    0x3a, 0x85, 0xb7, 0xe0, 0x2, 0xe1, 0xcb, 0x50,
    0xc, 0xb4, 0x0,

    /* U+503C "值" */
    0x0, 0xff, 0xe2, 0xbb, 0x0, 0x56, 0xa0, 0x1f,
    0x4a, 0x0, 0x4c, 0x20, 0x1e, 0x65, 0x7d, 0xd8,
    0xa7, 0x75, 0x80, 0x14, 0x41, 0x77, 0x5e, 0x5b,
    0xb6, 0x0, 0x28, 0x48, 0x2b, 0x78, 0x73, 0x1e,
    0x20, 0xa8, 0x1, 0xa7, 0x33, 0x10, 0x5, 0x42,
    0x1, 0x4e, 0x66, 0x20, 0x2, 0xa0, 0x6, 0x9c,
    0xcc, 0x40, 0x1f, 0xa6, 0xef, 0x10, 0x7, 0xe9,
    0xbb, 0xc4, 0x1, 0xfa, 0x73, 0x31, 0x0, 0x7e,
    0x9c, 0xcc, 0x40, 0x1e, 0xe5, 0xae, 0xec, 0x5e,
    0x80,

    /* U+5165 "入" */
    0x0, 0xc4, 0x1, 0xff, 0xc1, 0x8b, 0x0, 0xff,
    0xe0, 0x53, 0xd8, 0x7, 0xff, 0x3, 0x19, 0xc0,
    0x3f, 0xf8, 0x30, 0x20, 0x1f, 0xe2, 0x22, 0xc0,
    0x7, 0xf9, 0x52, 0xd8, 0x80, 0x3f, 0xa7, 0x85,
    0xe4, 0x3, 0xf3, 0x92, 0x84, 0xa2, 0x0, 0x3c,
    0x91, 0xe0, 0x1, 0x89, 0x10, 0xc, 0x77, 0x26,
    0x1, 0x3b, 0x68, 0x4, 0xf8, 0xec, 0x1, 0xd4,
    0x1a, 0x43, 0x76, 0x80, 0xf, 0xe, 0x20, 0x0,

    /* U+516C "公" */
    0x0, 0xff, 0xe3, 0x5b, 0x0, 0x1e, 0xc0, 0x3e,
    0x45, 0x60, 0x3, 0xb2, 0x80, 0x7a, 0x60, 0x3,
    0x4d, 0x88, 0x6, 0x80, 0x60, 0x10, 0x2, 0x3e,
    0x80, 0x4e, 0xd8, 0x0, 0xc6, 0x0, 0x48, 0x58,
    0x3, 0x34, 0x41, 0xc1, 0x80, 0x2d, 0x2, 0xb,
    0x30, 0x18, 0x90, 0xc, 0x36, 0x40, 0x1a, 0xd5,
    0x0, 0xb4, 0x40, 0x3c, 0xcf, 0x40, 0x2, 0x4a,
    0x0, 0xe3, 0x8e, 0x1, 0x23, 0xc4, 0x70, 0xd,
    0xa3, 0x9f, 0xdf, 0xee, 0x58, 0x20, 0xb, 0x75,
    0xdf, 0xed, 0xcb, 0xa6, 0xb0, 0x8, 0xc8, 0x40,
    0x3d, 0x32, 0x0,

    /* U+5173 "关" */
    0x0, 0x99, 0x0, 0x31, 0xd0, 0x7, 0x8a, 0x80,
    0x37, 0xe8, 0x7, 0x91, 0x20, 0x2, 0xb, 0x80,
    0x62, 0xff, 0x2d, 0xff, 0xac, 0xbf, 0xc8, 0x0,
    0x2f, 0xfc, 0xeb, 0xff, 0x90, 0x3, 0xff, 0x92,
    0x20, 0x1f, 0xbf, 0xf9, 0x97, 0xff, 0x80, 0x1f,
    0xfb, 0x80, 0x17, 0xff, 0x80, 0x3d, 0x67, 0x74,
    0x20, 0x1f, 0xd, 0x27, 0x23, 0x61, 0x0, 0x73,
    0xf8, 0xf9, 0x4, 0x56, 0xc9, 0x0, 0x3a, 0xee,
    0x10, 0x9, 0xf4, 0xf0, 0x83, 0xf1, 0x40, 0x3c,
    0x55, 0xc4,

    /* U+51B5 "况" */
    0x9, 0x30, 0x7, 0x7f, 0xf8, 0xc0, 0x1b, 0xa3,
    0x0, 0x77, 0xfe, 0x20, 0x9, 0x2f, 0x80, 0x3f,
    0xf8, 0xb, 0x80, 0x1f, 0xfc, 0x11, 0x0, 0x18,
    0x7, 0xf9, 0x0, 0xf7, 0xfb, 0xf8, 0xc0, 0x32,
    0xc0, 0x6c, 0xbf, 0x16, 0x71, 0x80, 0x51, 0xe0,
    0xe, 0xf0, 0xf, 0xa1, 0xcc, 0x0, 0x88, 0x0,
    0xf1, 0xb5, 0x80, 0xc, 0x8c, 0x3, 0x51, 0x1d,
    0x8, 0x1e, 0xd0, 0x7, 0x31, 0x82, 0x2, 0xf5,
    0xa0, 0x1, 0x77, 0x9c, 0x40, 0x25, 0xd5, 0x0,
    0xa3, 0xfa, 0xc0,

    /* U+51C6 "准" */
    0x0, 0xf1, 0x80, 0x90, 0x6, 0x1a, 0x0, 0x8b,
    0x41, 0x7c, 0x3, 0x8, 0xa0, 0x1, 0x6c, 0x8,
    0xc6, 0x1, 0xa9, 0xc8, 0x59, 0x9d, 0xc4, 0xde,
    0xe0, 0x0, 0x64, 0x34, 0x3f, 0xb8, 0x1d, 0xd0,
    0x4, 0xd4, 0x2, 0xa6, 0x60, 0x33, 0x10, 0x7,
    0x68, 0x7c, 0xc8, 0x22, 0x54, 0x2, 0x3d, 0x10,
    0xaa, 0x82, 0xe9, 0xc0, 0x28, 0x30, 0x7, 0xf7,
    0x3, 0xb9, 0x20, 0x2, 0x46, 0x0, 0x7f, 0x70,
    0x3b, 0x92, 0x0, 0x86, 0x0, 0xff, 0x85, 0x6c,
    0x2, 0xef, 0xf0, 0x7f, 0xc8, 0x3a, 0x40, 0x17,
    0x7f, 0xf9, 0x0,

    /* U+51CC "凌" */
    0x2, 0x0, 0xf7, 0x8, 0x6, 0x1c, 0x20, 0x5,
    0xdc, 0x35, 0x76, 0x10, 0x19, 0x90, 0x2, 0x66,
    0x18, 0x99, 0x8, 0x1, 0xd4, 0xc0, 0x8a, 0x1,
    0x22, 0x0, 0x6b, 0x1c, 0xdd, 0x8f, 0xf7, 0x61,
    0x0, 0x29, 0x66, 0xbf, 0x6f, 0x26, 0x68, 0x80,
    0x65, 0xdf, 0x72, 0x3c, 0xc3, 0x80, 0x48, 0x47,
    0x8d, 0x6c, 0x4f, 0x84, 0x1, 0x48, 0xb1, 0x6a,
    0x74, 0x7d, 0xa8, 0x0, 0xc0, 0xe3, 0x54, 0xaa,
    0xe, 0x0, 0x29, 0xa0, 0xff, 0x5a, 0xd6, 0x51,
    0x0, 0x9, 0x5c, 0x1c, 0x54, 0x1c, 0xc, 0x40,
    0x7, 0x40, 0x99, 0xdf, 0xed, 0xce, 0xfd, 0x21,
    0x50, 0x4e, 0xe5, 0x18, 0x14, 0xf7, 0x90,

    /* U+51FA "出" */
    0x0, 0xe3, 0xe0, 0xf, 0x32, 0x0, 0x7d, 0x42,
    0x18, 0x40, 0x1f, 0x29, 0x80, 0x7f, 0xf3, 0xa3,
    0x76, 0x1d, 0xd8, 0x2, 0xbc, 0xff, 0x58, 0xff,
    0xda, 0x47, 0x64, 0x53, 0x1, 0x14, 0xf2, 0xee,
    0x0, 0xfc, 0x64, 0x1, 0xff, 0xcd, 0x2f, 0xfb,
    0x7, 0xfe, 0x90, 0x4f, 0xff, 0xe8, 0x0,

    /* U+5217 "列" */
    0x0, 0xff, 0x87, 0x87, 0xff, 0xe0, 0xe, 0x1f,
    0xf0, 0x77, 0xfc, 0x1e, 0x1, 0xc8, 0x62, 0x1,
    0xfe, 0xe3, 0xdd, 0x73, 0x0, 0x78, 0x53, 0x73,
    0x4, 0x40, 0xf, 0x5b, 0x90, 0x81, 0xa0, 0x7,
    0x9f, 0x6c, 0x5c, 0xc0, 0x3e, 0xd4, 0x3f, 0xb8,
    0x0, 0xfe, 0x87, 0x14, 0x0, 0x20, 0x7, 0x95,
    0xf8, 0x2, 0xb0, 0xe, 0x8b, 0xd2, 0x0, 0xe3,
    0x0, 0x49, 0xf9, 0x80, 0x77, 0x6b, 0x84, 0xd8,
    0x80, 0x7b, 0xbe, 0x40,

    /* U+5230 "到" */
    0x0, 0xff, 0x87, 0x83, 0xb9, 0xfe, 0xee, 0x89,
    0xc0, 0x37, 0x78, 0xf6, 0xe7, 0x14, 0x0, 0x74,
    0x48, 0x87, 0x80, 0x7c, 0xac, 0x11, 0x47, 0x20,
    0x1f, 0x30, 0x76, 0xe2, 0x80, 0x79, 0x65, 0xed,
    0x4b, 0x0, 0x3c, 0x8e, 0xe3, 0x97, 0x60, 0xf,
    0xfe, 0x0, 0x80, 0x79, 0x1d, 0xc7, 0x2e, 0xe0,
    0xf, 0xe3, 0x77, 0x58, 0x78, 0x6, 0x7b, 0xe0,
    0xdf, 0xe0, 0x8, 0xc0, 0x2e, 0xce, 0xb8, 0x50,
    0x2f, 0xd7, 0x7, 0x52, 0x0, 0xe2, 0xff, 0x48,

    /* U+5269 "剩" */
    0x0, 0xff, 0xe1, 0x89, 0x23, 0xdf, 0x8, 0x0,
    0x78, 0x27, 0x3e, 0xaf, 0x30, 0x20, 0x1d, 0x7f,
    0xe4, 0xb5, 0x2, 0x59, 0x0, 0x17, 0x74, 0x95,
    0xdd, 0x0, 0x62, 0xcf, 0xb7, 0xb6, 0xcc, 0x0,
    0x75, 0xf7, 0x80, 0x1a, 0x98, 0x3, 0xaf, 0x80,
    0x34, 0x30, 0x7, 0x57, 0x0, 0x75, 0x80, 0x75,
    0xff, 0x9f, 0x26, 0xf8, 0x3, 0x84, 0xac, 0x1a,
    0x6d, 0x5b, 0xc0, 0x35, 0x2b, 0xd7, 0xe2, 0x9b,
    0x0, 0x7, 0x4e, 0x40, 0x7, 0x8c, 0x0, 0x30,
    0x18, 0x90, 0xc, 0x46, 0x3d, 0xae, 0xa, 0x0,
    0x96, 0x0, 0x87, 0xbe, 0x40,

    /* U+52A1 "务" */
    0x0, 0xe6, 0x20, 0xf, 0xf9, 0xec, 0xc0, 0x3f,
    0xcd, 0x1, 0x9b, 0xb7, 0xd8, 0x4, 0x37, 0x62,
    0xfd, 0xda, 0x8e, 0x80, 0x24, 0xcd, 0xfe, 0x86,
    0xdf, 0xc1, 0x0, 0x95, 0x8d, 0x5d, 0x68, 0x0,
    0xa6, 0x20, 0x3d, 0xb2, 0x33, 0xdb, 0x9d, 0x91,
    0xa2, 0x2e, 0xca, 0x62, 0xd3, 0x16, 0x9b, 0xc1,
    0x2, 0xee, 0xc3, 0x9d, 0xd7, 0x80, 0x45, 0xdd,
    0x24, 0x77, 0x5e, 0x20, 0x1e, 0x67, 0x70, 0x4,
    0xa4, 0x1, 0x8e, 0xaf, 0x0, 0x36, 0x20, 0x5,
    0xbf, 0x9a, 0x20, 0xbb, 0xa4, 0x90, 0xb, 0x71,
    0x80, 0x25, 0xdd, 0x60, 0x80, 0x0,

    /* U+52A8 "动" */
    0x0, 0xfe, 0xe2, 0x0, 0xd1, 0x99, 0xa0, 0x3,
    0xf4, 0xf7, 0x69, 0x0, 0x8c, 0x3, 0x9, 0x16,
    0x17, 0x70, 0xcb, 0xb8, 0x40, 0x3e, 0xed, 0x2,
    0xd8, 0x32, 0xef, 0xf7, 0x73, 0x66, 0x82, 0xa8,
    0x26, 0x5d, 0x2d, 0xdc, 0xd0, 0x21, 0x0, 0xf6,
    0xe8, 0x2c, 0x0, 0xc4, 0x0, 0x11, 0x0, 0x19,
    0x0, 0x54, 0xd, 0x0, 0x39, 0x90, 0x50, 0x38,
    0x2f, 0x40, 0x44, 0x0, 0xb6, 0xce, 0xc5, 0x42,
    0x50, 0x23, 0x0, 0x4f, 0x6d, 0x37, 0xc4, 0x80,
    0x11, 0xc0, 0x8, 0x20, 0x12, 0x3b, 0xaf, 0xe7,
    0x80, 0x3e, 0x5b, 0xb, 0xfe, 0x40,

    /* U+5373 "即" */
    0x3f, 0xee, 0xbc, 0x73, 0xbb, 0x1, 0xf7, 0x42,
    0x3, 0x5d, 0xe2, 0x1, 0xf9, 0xc0, 0x40, 0x7,
    0xdd, 0x8, 0x7, 0xc7, 0xdd, 0x8, 0x7, 0xc2,
    0x38, 0x3, 0xf1, 0x6e, 0xc4, 0x1, 0xf1, 0xe6,
    0xd6, 0x8, 0x7, 0xe1, 0xa3, 0x0, 0xaf, 0x8d,
    0xc5, 0xac, 0xbc, 0x2, 0xaf, 0xce, 0x2d, 0xee,
    0x1, 0x80, 0x4, 0x41, 0x3d, 0x6a, 0x1a, 0x60,
    0x1c,

    /* U+53D1 "发" */
    0x0, 0x98, 0x42, 0xd8, 0xd, 0x80, 0x38, 0xa0,
    0x41, 0x48, 0xa, 0xd4, 0x3, 0x5b, 0x0, 0x89,
    0x40, 0x7f, 0x40, 0x22, 0x65, 0xcc, 0x6, 0xe6,
    0x39, 0x30, 0x0, 0x55, 0xde, 0xcb, 0xff, 0xe0,
    0x9, 0x4c, 0xc9, 0xe6, 0x71, 0x19, 0x80, 0x39,
    0x82, 0xbf, 0xee, 0x90, 0xf, 0x40, 0x57, 0xfc,
    0x36, 0x1, 0xd4, 0x5b, 0x2, 0x12, 0x84, 0x1,
    0x9d, 0x34, 0xa7, 0x21, 0x28, 0x3, 0x4c, 0xb4,
    0x41, 0x41, 0xec, 0x3, 0x19, 0x79, 0x94, 0x7a,
    0x5d, 0xb1, 0x44, 0xe, 0xc5, 0x70, 0x32, 0x53,
    0x67, 0xb8, 0x40, 0x12, 0xf4, 0x10, 0x4, 0xb7,
    0xe4,

    /* U+53EF "可" */
    0x2e, 0xef, 0xfe, 0x1, 0x97, 0xff, 0xf3, 0xb7,
    0x98, 0x8, 0xff, 0xbc, 0x40, 0x2a, 0xdd, 0xd8,
    0x1, 0xf8, 0x63, 0xfd, 0xc4, 0x1, 0xfc, 0x24,
    0x50, 0x7, 0xff, 0x30, 0x8c, 0xca, 0x1, 0xfe,
    0xbf, 0xf4, 0x28, 0x7, 0xee, 0xcc, 0xd6, 0x1,
    0xf9, 0x44, 0x3, 0x8, 0x88, 0x3, 0xfc, 0xbd,
    0xc7, 0x40, 0x0,

    /* U+5408 "合" */
    0x0, 0xf0, 0xb0, 0x7, 0xff, 0x2, 0xac, 0x3,
    0xfe, 0xa0, 0x4c, 0x10, 0xf, 0x8b, 0xe, 0xe5,
    0x3c, 0xc0, 0x39, 0xf5, 0x24, 0x1, 0x10, 0xcb,
    0x20, 0x1e, 0xc6, 0x67, 0x76, 0x88, 0x1e, 0x8,
    0xbe, 0xe7, 0xbb, 0xcf, 0x1c, 0x20, 0x22, 0xbb,
    0xfc, 0x60, 0x18, 0xd6, 0x67, 0xcc, 0xe0, 0x1e,
    0x22, 0xf0, 0x80, 0x7f, 0xf2, 0x7, 0xbb, 0xc6,
    0x1, 0xe1, 0xee, 0xf1, 0x80, 0x40,

    /* U+540E "后" */
    0x0, 0xf8, 0x51, 0xa6, 0x0, 0x34, 0xde, 0xf7,
    0x33, 0xfe, 0xb0, 0xc, 0x9d, 0x9d, 0xcd, 0xb9,
    0x63, 0x0, 0xe6, 0x10, 0xf, 0xfe, 0x6, 0x7f,
    0xff, 0x20, 0x0, 0xf3, 0xff, 0xf9, 0x0, 0x2,
    0x20, 0xf, 0xfe, 0x9, 0xe7, 0x77, 0xc4, 0x0,
    0x20, 0x11, 0x6f, 0x77, 0x0, 0x67, 0x30, 0xf,
    0xfe, 0x7, 0xd8, 0x7, 0xfc, 0x4a, 0xa0, 0x7,
    0x6e, 0xf0, 0x80, 0x5, 0x88, 0x1, 0x1f, 0xfc,
    0x20, 0x3, 0x90, 0x6, 0xa9, 0x17, 0x71, 0x0,

    /* U+552E "售" */
    0x0, 0x98, 0x40, 0xcc, 0x1, 0xf2, 0xd8, 0x83,
    0xf0, 0x7, 0x86, 0xc3, 0x31, 0x5, 0x99, 0x8c,
    0x34, 0x56, 0x65, 0x41, 0x33, 0x79, 0xbb, 0x20,
    0x7, 0xf9, 0xe8, 0x17, 0xb9, 0x41, 0xdd, 0x20,
    0x6, 0x9b, 0xb6, 0x8d, 0xdc, 0xe0, 0x1a, 0x73,
    0x23, 0xcc, 0xce, 0x0, 0xef, 0xcc, 0x6e, 0xb3,
    0x33, 0x80, 0x3b, 0x37, 0x7d, 0xd8, 0x1, 0xab,
    0x77, 0xd4, 0x1, 0xd1, 0x55, 0xe8, 0x0, 0xeb,
    0x99, 0xf5, 0x80, 0x0,

    /* U+56DE "回" */
    0xef, 0xff, 0xf7, 0x6, 0xff, 0xfe, 0xc0, 0x1,
    0x80, 0x7f, 0xf0, 0x77, 0xbb, 0x58, 0x7, 0x8f,
    0xfb, 0x9a, 0xe0, 0x1f, 0xfd, 0x3f, 0xee, 0x60,
    0x7, 0xdd, 0xdb, 0xf0, 0x3, 0xff, 0x89, 0xfd,
    0xdf, 0xb4, 0x1, 0xbf, 0xff, 0xa8, 0x0,

    /* U+5728 "在" */
    0x0, 0xe9, 0x50, 0xf, 0xfe, 0x3, 0x38, 0x7,
    0xec, 0xcb, 0x43, 0xb3, 0x3c, 0x21, 0xfe, 0x83,
    0x9f, 0xff, 0x84, 0xc, 0xe2, 0x63, 0x33, 0x1,
    0x9c, 0x1, 0xc, 0x40, 0x2, 0xf5, 0x0, 0xf6,
    0x92, 0x0, 0x7f, 0xb0, 0x84, 0x2f, 0xb8, 0xb3,
    0xdc, 0x80, 0x37, 0xa0, 0x5, 0xf7, 0x16, 0x7b,
    0x90, 0x7, 0x6e, 0x1, 0xff, 0xdf, 0x5f, 0xf9,
    0x67, 0xfe, 0x10,

    /* U+5730 "地" */
    0x0, 0xfe, 0x20, 0xf, 0x4b, 0x0, 0x61, 0xc0,
    0xf, 0xf1, 0x0, 0x7f, 0xf0, 0x74, 0x3, 0xf1,
    0x18, 0x90, 0x7, 0x25, 0xe0, 0x2f, 0xa4, 0xf8,
    0x0, 0x58, 0x60, 0xc0, 0xb, 0xaf, 0x1a, 0x81,
    0xfc, 0x39, 0x60, 0x1e, 0x4e, 0xe, 0x80, 0xf,
    0xe4, 0xa0, 0xf, 0x38, 0x6, 0xae, 0x10, 0xc,
    0xdc, 0x60, 0x9c, 0xe9, 0xe2, 0x0, 0x19, 0x6c,
    0xb1, 0x69, 0xe8, 0x10, 0xc, 0xe0, 0x36, 0xe4,
    0xe0, 0x1c, 0x40, 0x19, 0x14, 0x3, 0xcf, 0xbf,
    0xdc, 0xf7, 0x30,

    /* U+573A "场" */
    0x0, 0x43, 0x0, 0x7f, 0xf0, 0xef, 0xff, 0xa0,
    0x3, 0xeb, 0xff, 0x71, 0xac, 0x0, 0x44, 0x4e,
    0x20, 0x1, 0x65, 0xd0, 0x4, 0x7e, 0x8d, 0xc0,
    0xf9, 0x2e, 0x1, 0x8f, 0x5a, 0x31, 0xe0, 0x2f,
    0xbf, 0xbc, 0x40, 0x39, 0xfe, 0x17, 0xcb, 0x80,
    0x40, 0x3e, 0xbb, 0x35, 0x8, 0x7, 0x88, 0x2e,
    0x86, 0x98, 0xc8, 0x0, 0x27, 0x1f, 0x58, 0xf1,
    0x42, 0xcc, 0x4, 0xe1, 0xad, 0xa7, 0x54, 0x70,
    0x22, 0x2, 0x7d, 0x20, 0x1, 0xa3, 0x40, 0x1b,
    0xe0, 0x1e, 0x5a, 0xc1, 0x8e, 0x67, 0x0, 0xf2,
    0xe0, 0x84, 0x76, 0x88, 0x0,

    /* U+57CE "城" */
    0x0, 0xfe, 0x20, 0xf, 0x70, 0x80, 0x74, 0xb5,
    0x80, 0x7f, 0xf0, 0x17, 0x20, 0x3, 0xd9, 0x99,
    0x3a, 0xd4, 0x4a, 0x6, 0x4c, 0xdd, 0xd2, 0x5f,
    0x78, 0x87, 0x80, 0x62, 0x2c, 0x64, 0x60, 0x4e,
    0x32, 0x61, 0xba, 0xa1, 0x34, 0xa0, 0xf, 0xb7,
    0x87, 0xc7, 0xb4, 0x3, 0x84, 0x40, 0x1, 0x2e,
    0x57, 0x0, 0xe2, 0x20, 0x38, 0x33, 0x14, 0x40,
    0x2, 0x1f, 0xe, 0x4, 0x64, 0x10, 0x0, 0x5e,
    0x7d, 0x33, 0x55, 0x56, 0x0, 0x64, 0x5f, 0x93,
    0x6a, 0xa6, 0x50, 0x45, 0xf3, 0x80, 0x4a, 0x84,
    0xe, 0x14, 0xea, 0xa3, 0x0, 0x96, 0x80, 0xf,
    0x20, 0xc, 0xd0,

    /* U+5904 "处" */
    0x0, 0xa9, 0x0, 0x22, 0xe0, 0xf, 0x95, 0x80,
    0x3f, 0xe3, 0x9, 0xbb, 0x18, 0x7, 0xe4, 0x44,
    0x41, 0x44, 0x4, 0xc0, 0x3a, 0xf0, 0xc8, 0x48,
    0x1, 0xa6, 0x1, 0x19, 0xb0, 0x14, 0xc0, 0x3,
    0x5a, 0x20, 0xf, 0x96, 0x1d, 0xb0, 0x9, 0x27,
    0x40, 0x1e, 0xcb, 0xe, 0xc0, 0x19, 0xec, 0x0,
    0x61, 0x2c, 0x82, 0x1, 0xce, 0x1, 0x88, 0x1c,
    0x3, 0xfe, 0xe8, 0x4b, 0x12, 0xd0, 0xe, 0x1b,
    0x67, 0x92, 0xf8, 0x1, 0x18, 0x1, 0x83, 0x60,
    0x9, 0xd1, 0xee, 0xce, 0x1d, 0x40, 0x18, 0xe7,
    0x7f, 0xe7,

    /* U+5907 "备" */
    0x0, 0xd1, 0x20, 0x1f, 0xf2, 0x3a, 0x5d, 0xe6,
    0x0, 0xe7, 0xb4, 0xe9, 0x96, 0x2a, 0x0, 0x6b,
    0xb6, 0x5, 0x1a, 0xce, 0x90, 0x6, 0x8c, 0x3b,
    0x5e, 0x8d, 0x30, 0xe, 0x25, 0x9e, 0x7a, 0x6c,
    0xc3, 0xa0, 0x84, 0x74, 0x8e, 0x5a, 0xcf, 0xcf,
    0x45, 0x4, 0x78, 0x3e, 0x77, 0xf7, 0x2d, 0xb2,
    0xc0, 0x35, 0xf7, 0x7, 0xfb, 0x80, 0x1f, 0x56,
    0xe8, 0x7f, 0x74, 0x1, 0xf5, 0x6e, 0x87, 0xf7,
    0x40, 0x1f, 0x8, 0xc0, 0x42, 0x40, 0x1f, 0x46,
    0x60, 0xfb, 0x3c, 0x3, 0x0,

    /* U+591A "多" */
    0x0, 0xc3, 0xa4, 0x1, 0xfc, 0x7e, 0x73, 0x76,
    0xa0, 0xc, 0x33, 0xb7, 0xb1, 0xed, 0x80, 0x10,
    0xf8, 0x49, 0x98, 0xbd, 0x18, 0x2, 0x1f, 0x96,
    0xdb, 0xfd, 0x90, 0xe, 0x12, 0x95, 0x1d, 0xa6,
    0x0, 0xcf, 0xde, 0x19, 0x1c, 0x77, 0x98, 0xb0,
    0x5c, 0xd8, 0x4c, 0xbd, 0xfe, 0xc, 0x2, 0x23,
    0xee, 0x41, 0x15, 0x6e, 0xe0, 0x8, 0x7e, 0x96,
    0x9f, 0xa, 0x80, 0x33, 0x10, 0x32, 0xcc, 0xac,
    0x40, 0x4, 0xaf, 0x5d, 0x3b, 0xea, 0x1, 0xab,
    0xbf, 0xec, 0x61, 0x0, 0xe0,

    /* U+5929 "天" */
    0x7, 0xdd, 0xff, 0x30, 0x1, 0xbb, 0xb3, 0x27,
    0x76, 0x70, 0x0, 0x99, 0xe2, 0xe3, 0x3c, 0x20,
    0x1f, 0x18, 0x80, 0x7c, 0x45, 0xc2, 0x22, 0x2e,
    0x0, 0x66, 0x72, 0x46, 0x67, 0x8, 0x77, 0x6c,
    0x1, 0xfe, 0xec, 0x20, 0x1d, 0x6a, 0xf2, 0x1,
    0xfc, 0x8d, 0x10, 0x64, 0x0, 0xf9, 0x2e, 0x48,
    0x6a, 0x88, 0x1, 0x86, 0x6e, 0x98, 0x0, 0x97,
    0x68, 0x10, 0x2e, 0x3d, 0x50, 0xc, 0xba, 0x5c,
    0x65, 0xd4, 0x40, 0x1e, 0x2a, 0xe3,

    /* U+597D "好" */
    0x0, 0xff, 0xe2, 0x44, 0x0, 0x3f, 0xf8, 0x5,
    0xa0, 0x5, 0xee, 0xea, 0x0, 0x99, 0x80, 0x5,
    0xff, 0xb4, 0x38, 0x17, 0x8f, 0x7b, 0x40, 0x46,
    0xf9, 0x40, 0x5d, 0x3e, 0xa1, 0x0, 0xa9, 0x5c,
    0x2, 0x54, 0x2, 0x50, 0x8, 0x74, 0x3, 0x66,
    0x3, 0xff, 0x92, 0xff, 0xca, 0x8, 0x20, 0xee,
    0xff, 0x8e, 0xbf, 0xca, 0x1b, 0x76, 0x51, 0x0,
    0x9c, 0x40, 0x31, 0xfa, 0x38, 0x7, 0xfd, 0x8,
    0xf6, 0x1, 0xfd, 0x29, 0x57, 0xa0, 0x13, 0x80,
    0x64, 0x3c, 0x10, 0x60, 0xaf, 0x15, 0x0, 0x92,
    0x84, 0x3, 0x57, 0xe8, 0x80, 0x40,

    /* U+59CB "始" */
    0x0, 0xff, 0xe2, 0x2d, 0x0, 0x64, 0xd0, 0xf,
    0x16, 0x80, 0x6f, 0xa0, 0xf, 0x71, 0x0, 0x46,
    0xae, 0x52, 0x0, 0x2e, 0x6a, 0xe9, 0xf, 0xb0,
    0x22, 0x30, 0x17, 0x8f, 0xcf, 0x38, 0x32, 0x29,
    0xc8, 0x81, 0x28, 0x70, 0xc9, 0x7f, 0xc0, 0x92,
    0x9, 0x80, 0x4b, 0xdc, 0xcb, 0xa8, 0xaa, 0x6,
    0x70, 0xa9, 0x9b, 0x33, 0xa8, 0x82, 0x8b, 0x10,
    0x1d, 0xdd, 0xd7, 0xa8, 0x0, 0x6c, 0xdc, 0x40,
    0x48, 0xb0, 0x6, 0x85, 0x55, 0x0, 0x7f, 0x43,
    0x54, 0x48, 0x25, 0x56, 0x0, 0x8b, 0x4, 0x8,
    0xa, 0x66, 0xf0, 0x0,

    /* U+5B50 "子" */
    0x0, 0xff, 0xe2, 0x57, 0xff, 0xee, 0x10, 0xa,
    0xbf, 0xfd, 0x1, 0x62, 0x1, 0xf8, 0x6a, 0x71,
    0x40, 0x3f, 0x1f, 0x9f, 0x18, 0x7, 0xf3, 0x94,
    0x80, 0x79, 0x13, 0xb0, 0x51, 0x38, 0x83, 0xff,
    0x94, 0xff, 0xf9, 0xc2, 0xef, 0xa5, 0x6e, 0xf9,
    0x40, 0x3f, 0xfa, 0xc4, 0x1, 0xff, 0x77, 0xc6,
    0x80, 0x78,

    /* U+5BB6 "家" */
    0x0, 0xf3, 0x88, 0x7, 0xc6, 0x7d, 0x50, 0x67,
    0xc0, 0xd, 0x88, 0xcc, 0x51, 0x17, 0xe8, 0x5,
    0x57, 0x7f, 0xb4, 0x2, 0x62, 0xee, 0xbf, 0xdd,
    0xd1, 0xb0, 0x2, 0xf, 0xa8, 0x8f, 0xfb, 0x98,
    0xd0, 0x0, 0x49, 0xcc, 0x78, 0xa0, 0x2e, 0x10,
    0x4, 0x59, 0x89, 0xa1, 0x9a, 0xbc, 0x60, 0x9,
    0x82, 0xaa, 0xd3, 0xd3, 0x60, 0xd, 0x5b, 0x16,
    0xd8, 0x63, 0x32, 0x0, 0xd5, 0x2b, 0x9b, 0xa7,
    0x4, 0x7b, 0x0, 0xb3, 0xfd, 0xd0, 0x48, 0xa1,
    0x43, 0xc6, 0x1f, 0xd0, 0x3f, 0xac, 0x60, 0xa,
    0xd3, 0x3, 0x0, 0x1f, 0xfa, 0x0, 0x31, 0x80,

    /* U+5C06 "将" */
    0x0, 0xb8, 0x40, 0x3, 0xa4, 0x1, 0xfc, 0x38,
    0x5d, 0x98, 0x53, 0xa0, 0x9, 0xb2, 0x3f, 0x20,
    0x90, 0xc2, 0x0, 0x1d, 0x90, 0x66, 0xaa, 0x8,
    0x59, 0x80, 0x20, 0x67, 0x76, 0x40, 0x0, 0xd8,
    0x1, 0x6e, 0x9b, 0xa8, 0x80, 0x3d, 0xbd, 0xc8,
    0x4, 0x0, 0xd4, 0x28, 0xf5, 0xff, 0x16, 0xe8,
    0x6c, 0xc5, 0x3a, 0xbf, 0xe2, 0xdd, 0x21, 0xc8,
    0x0, 0x65, 0x80, 0x39, 0x60, 0x3, 0x6c, 0x8,
    0x7, 0xf8, 0x70, 0x40, 0x3f, 0xe2, 0xcf, 0x12,
    0x0,

    /* U+5C31 "就" */
    0x0, 0xff, 0xe2, 0xd2, 0x0, 0x6d, 0x11, 0x0,
    0x76, 0x70, 0x6, 0x32, 0xc1, 0x2, 0xee, 0x42,
    0x77, 0x8, 0x0, 0x77, 0x60, 0x2e, 0xef, 0x18,
    0x81, 0x3f, 0x0, 0x1b, 0xb7, 0x5d, 0x10, 0xc1,
    0xfc, 0x94, 0x1, 0x9d, 0xd4, 0xc, 0xe0, 0xee,
    0xc8, 0x0, 0xba, 0xa8, 0x0, 0x44, 0xb0, 0xc,
    0xdf, 0xa1, 0xf0, 0xa, 0xa4, 0x0, 0xe8, 0x23,
    0x92, 0xc, 0xc0, 0x7, 0x39, 0x80, 0x3a, 0x81,
    0x10, 0x1, 0xd5, 0x60, 0x4, 0x36, 0x71, 0x0,
    0x1b, 0xa, 0x98, 0x5, 0x77, 0x0, 0x4f, 0xc3,
    0x2d, 0x7e, 0x11, 0x2, 0x4, 0xd9, 0xc0, 0x3,
    0x73, 0x4, 0xa8, 0x2, 0xf7, 0x48,

    /* U+5C4B "屋" */
    0x0, 0x7f, 0x6e, 0xfd, 0xe2, 0x1, 0xbb, 0x77,
    0xe1, 0x0, 0xec, 0xbb, 0xf8, 0x40, 0x3b, 0xaa,
    0xbe, 0xe1, 0x0, 0xdd, 0x98, 0xfc, 0xce, 0xa0,
    0xd, 0x98, 0x1b, 0xdd, 0x35, 0xed, 0x0, 0x4,
    0xb, 0xc7, 0xef, 0x1a, 0x68, 0x2, 0x32, 0x3b,
    0x99, 0x37, 0xef, 0x91, 0x80, 0x1d, 0x8a, 0x63,
    0xcb, 0xf3, 0x6, 0x60, 0x6, 0xe1, 0xee, 0xc5,
    0x1b, 0xaa, 0x0, 0x95, 0x0, 0x46, 0x6, 0x11,
    0x80, 0x8, 0x0, 0xdd, 0xc5, 0x9b, 0xb8, 0xd3,
    0xcf, 0x77, 0x7f, 0x6e, 0xe3,

    /* U+5C91 "岑" */
    0x0, 0xf0, 0xf0, 0x7, 0xc3, 0xc0, 0x1f, 0x8b,
    0x40, 0x21, 0xbb, 0xb4, 0x6e, 0xee, 0x0, 0x87,
    0x66, 0x70, 0x7c, 0xcb, 0xbc, 0x2, 0x22, 0x96,
    0x1e, 0x58, 0x8a, 0x0, 0x85, 0xf7, 0xa6, 0x5f,
    0xec, 0x60, 0xa, 0xbb, 0x7a, 0x47, 0x2, 0xff,
    0x3a, 0x3, 0xfa, 0x8c, 0x16, 0x1c, 0xe, 0xbe,
    0x81, 0x67, 0xbb, 0x5d, 0xbb, 0x94, 0x24, 0x0,
    0x8e, 0xef, 0x50, 0x40, 0x7, 0xf8, 0xeb, 0x48,
    0x3, 0xf8, 0xb6, 0xcc, 0x3, 0xfd, 0x12, 0xa0,
    0x1f, 0xf5, 0x38, 0x7, 0x0,

    /* U+5DDD "川" */
    0x0, 0xff, 0xe1, 0xf0, 0x80, 0x4, 0xc0, 0x2e,
    0x20, 0xf, 0x2f, 0x80, 0x7f, 0xf8, 0x84, 0x3,
    0xfe, 0x10, 0xf, 0xfe, 0x1, 0x80, 0x80, 0x7f,
    0x98, 0xc0, 0x3f, 0xed, 0x40, 0xf, 0xf1, 0x35,
    0x0, 0x67, 0x0, 0xe5, 0x72, 0x0, 0x92, 0xc0,
    0x39, 0xe0, 0x3, 0xfb, 0x88,

    /* U+5DF2 "已" */
    0xef, 0xff, 0xe4, 0x0, 0x77, 0xff, 0xe3, 0x0,
    0xc2, 0x1, 0xff, 0xc0, 0xf1, 0x0, 0xff, 0xe0,
    0x18, 0x7, 0xff, 0x3, 0x7f, 0xfc, 0x60, 0x1d,
    0xdf, 0xfe, 0xa5, 0x0, 0xff, 0x94, 0x40, 0x3f,
    0xf8, 0x3, 0xa0, 0x11, 0x80, 0x7c, 0x40, 0x11,
    0xa0, 0x7, 0x86, 0x50, 0x1, 0x17, 0xff, 0xee,
    0x18, 0x0,

    /* U+5DF7 "巷" */
    0x0, 0xd1, 0x0, 0x0, 0xf0, 0x7, 0xff, 0x1c,
    0xbb, 0x8e, 0xee, 0xe7, 0x8f, 0x72, 0x80, 0x5,
    0xdc, 0x77, 0x77, 0x3c, 0x7b, 0x94, 0x1, 0xfc,
    0x60, 0x1c, 0x3d, 0xd3, 0xbb, 0xb9, 0x83, 0xdd,
    0x40, 0xf7, 0x34, 0x77, 0xba, 0x57, 0xee, 0x40,
    0x1, 0x30, 0x7f, 0x76, 0x57, 0xa1, 0x1, 0xa8,
    0xa2, 0xdd, 0xcb, 0x65, 0xcc, 0x3d, 0x8e, 0x5b,
    0xb9, 0x42, 0x39, 0xc1, 0x0, 0x5, 0xbb, 0xbd,
    0x5d, 0x44, 0x3, 0x10, 0x7, 0xac, 0x3, 0x89,
    0x7f, 0xfc, 0xe8, 0x0,

    /* U+5E02 "市" */
    0x0, 0xff, 0xe4, 0x62, 0x0, 0x7f, 0xf0, 0x2a,
    0x0, 0x3c, 0x3d, 0xdd, 0x7, 0xdd, 0xcc, 0x3f,
    0xfd, 0x29, 0xff, 0xcc, 0x2, 0x3f, 0xfc, 0x0,
    0xa, 0xbf, 0xe9, 0x5f, 0xfc, 0x40, 0x10, 0xd7,
    0x72, 0x17, 0xba, 0x20, 0xe, 0x11, 0xc0, 0x23,
    0x0, 0x7f, 0xf7, 0x37, 0x46, 0x60, 0xa, 0x54,
    0x3, 0xbf, 0xdc, 0x20, 0x11, 0x8, 0x7, 0x11,
    0x0, 0x20,

    /* U+5E7F "广" */
    0x0, 0xf1, 0xd8, 0x7, 0xff, 0x0, 0xd0, 0x80,
    0x3e, 0xcd, 0xdc, 0x1f, 0xbb, 0x84, 0x0, 0x73,
    0xdd, 0x67, 0x77, 0x8, 0x4, 0xa6, 0x7f, 0xc0,
    0x1f, 0xfd, 0x21, 0x1, 0x0, 0xff, 0x8c, 0x40,
    0x3f, 0xf8, 0xc, 0x60, 0x1f, 0xfc, 0xc, 0x40,
    0xf, 0xf8, 0x5b, 0x40, 0x3f, 0xe3, 0x44, 0x0,
    0x7f, 0xc5, 0x40, 0x1f, 0xfc, 0x0,

    /* U+5F00 "开" */
    0xb, 0xff, 0xff, 0x60, 0x2, 0xff, 0xc3, 0xbf,
    0xf0, 0xf7, 0xe0, 0x7, 0xff, 0x7c, 0xff, 0xe1,
    0xdf, 0xf8, 0x7b, 0xfc, 0x66, 0xff, 0x70, 0x77,
    0xfc, 0x1b, 0xfe, 0x30, 0x9, 0x44, 0x40, 0x10,
    0x98, 0x7, 0xb9, 0x80, 0x3f, 0xe4, 0x5a, 0x0,
    0xff, 0x25, 0x49, 0x0, 0x7f, 0xa2, 0xd8, 0x3,
    0xfe, 0xc5, 0x0, 0xf7, 0x8, 0x4,

    /* U+5F03 "弃" */
    0x0, 0xf3, 0x88, 0x7, 0xff, 0x3, 0xa4, 0x3,
    0xc5, 0xdd, 0x7f, 0x99, 0x9d, 0xdc, 0x44, 0xee,
    0x9d, 0x3b, 0x96, 0xdd, 0xd1, 0x0, 0x6, 0x86,
    0xc4, 0x10, 0xb0, 0x40, 0x36, 0x2b, 0xf7, 0x58,
    0xc1, 0x82, 0x1, 0x67, 0x4f, 0x75, 0xb7, 0x92,
    0x1, 0x84, 0x50, 0x1, 0xa0, 0x10, 0x40, 0xfb,
    0xa0, 0xee, 0xc1, 0xdd, 0x19, 0xbb, 0x94, 0x5d,
    0xd7, 0x87, 0x74, 0x60, 0x14, 0x50, 0x4, 0x20,
    0x1e, 0x3c, 0x77, 0x0, 0x7f, 0x17, 0x55, 0x80,
    0x7f, 0x8b, 0x58, 0x3, 0xde, 0x1, 0x80,

    /* U+5F26 "弦" */
    0x0, 0xfc, 0xa4, 0x1, 0x8b, 0xb9, 0xf8, 0x1,
    0x1c, 0x80, 0x62, 0xee, 0x68, 0x23, 0x30, 0x15,
    0xd9, 0x84, 0x1, 0xc3, 0xdc, 0x84, 0xfe, 0xe0,
    0x3, 0xb9, 0xa0, 0xb1, 0x85, 0x51, 0x70, 0x40,
    0xe, 0xfc, 0x0, 0x4f, 0x2, 0xf0, 0x7, 0xea,
    0x46, 0x5b, 0xe0, 0x8, 0x7b, 0x96, 0x4e, 0x5d,
    0x52, 0x60, 0x17, 0xf6, 0x81, 0x6d, 0x9a, 0xb1,
    0x0, 0x73, 0x88, 0x1, 0x96, 0x97, 0xc0, 0x38,
    0x8c, 0x1a, 0xb0, 0x11, 0x9c, 0x3, 0x7f, 0x34,
    0x8e, 0xf7, 0x1a, 0x40, 0x15, 0xe8, 0xaa, 0x99,
    0x7f, 0x73, 0x5c, 0x82, 0xbf, 0x48, 0xd9, 0x8,
    0x2, 0x92,

    /* U+5F85 "待" */
    0x0, 0xa1, 0xc0, 0x24, 0xb0, 0xf, 0x2a, 0x98,
    0x3, 0xfc, 0xd7, 0xc2, 0xbf, 0xeb, 0x4f, 0xf7,
    0x0, 0x2b, 0x9, 0x97, 0xfd, 0x69, 0xfe, 0xe0,
    0x6, 0x16, 0xf0, 0x4, 0x2e, 0x1, 0xe9, 0x2b,
    0xee, 0xac, 0xbf, 0xdd, 0x21, 0x6e, 0x66, 0xee,
    0xea, 0x5e, 0x91, 0x16, 0x80, 0x3b, 0xba, 0xd7,
    0x9c, 0x68, 0x40, 0x1d, 0x79, 0xdc, 0xb4, 0xe7,
    0x0, 0xf6, 0xc8, 0x4, 0x20, 0x1f, 0xa1, 0x94,
    0x3, 0xff, 0x81, 0xe8, 0x1, 0xff, 0xc0, 0x25,
    0xfb, 0xc0, 0x0,

    /* U+5FEB "快" */
    0x0, 0x61, 0x80, 0x6f, 0x0, 0xff, 0xe4, 0x10,
    0x50, 0x35, 0xd8, 0x2e, 0xd4, 0x0, 0x28, 0x3,
    0x54, 0xff, 0x7, 0xf9, 0x0, 0xc, 0x41, 0xfc,
    0x48, 0x80, 0x44, 0x0, 0x47, 0xc0, 0xde, 0x1,
    0xfd, 0xc8, 0x0, 0x51, 0x11, 0x0, 0x90, 0x88,
    0x24, 0x80, 0x17, 0xfe, 0xc0, 0xfc, 0x1f, 0x10,
    0xd, 0x5d, 0xc8, 0x15, 0xee, 0x84, 0x3, 0xeb,
    0xa6, 0x40, 0xf, 0xe9, 0x74, 0x99, 0x8, 0x7,
    0x86, 0x96, 0x81, 0x11, 0x86, 0x1, 0xda, 0x58,
    0x1, 0x4d, 0x70, 0x5, 0x87, 0x90, 0x1, 0xcf,
    0xa0,

    /* U+603B "总" */
    0x0, 0xd0, 0x1, 0x89, 0xc0, 0x3e, 0x19, 0x0,
    0xa7, 0xc0, 0x3e, 0x87, 0x10, 0x46, 0x80, 0xe,
    0x2e, 0xf1, 0xfe, 0xb2, 0xec, 0x0, 0xf7, 0x7f,
    0x73, 0xfd, 0x62, 0x1, 0xff, 0xc0, 0x10, 0xf,
    0x9, 0x9f, 0xc0, 0x1e, 0x48, 0x87, 0xc4, 0x58,
    0x80, 0x18, 0xae, 0x29, 0x46, 0xef, 0x0, 0x6e,
    0xe, 0x59, 0x2d, 0x10, 0x97, 0x0, 0x32, 0x80,
    0x68, 0x80, 0x95, 0x49, 0x4, 0x78, 0x7, 0x28,
    0x72, 0xc5, 0x6, 0xa0, 0x55, 0x3b, 0xaf, 0x4,
    0x68,

    /* U+60C5 "情" */
    0x0, 0x70, 0x80, 0x6e, 0x10, 0xf, 0xcd, 0x99,
    0xe, 0x65, 0x20, 0x1a, 0x5b, 0x76, 0x1f, 0xdd,
    0x48, 0x2, 0xc0, 0x97, 0x76, 0x1e, 0xdd, 0x28,
    0x10, 0x84, 0x94, 0x44, 0x13, 0x10, 0x10, 0x4d,
    0x2, 0x13, 0x3a, 0x8, 0xce, 0x15, 0x50, 0x1,
    0xb2, 0xef, 0xcc, 0x26, 0x40, 0x12, 0xe6, 0x71,
    0x0, 0x7e, 0xcc, 0xe1, 0x0, 0xfd, 0x99, 0xc2,
    0x1, 0xfb, 0x33, 0x84, 0x3, 0xf6, 0x67, 0x8,
    0x7, 0xfd, 0x1c, 0x42, 0x0,

    /* U+6211 "我" */
    0x0, 0x85, 0x6a, 0xcb, 0xc2, 0x4, 0x2, 0xbe,
    0xfa, 0xd9, 0x20, 0xb, 0x40, 0x29, 0xfc, 0x27,
    0x20, 0xa, 0x16, 0x40, 0x4, 0x20, 0x1e, 0x10,
    0x98, 0x2, 0xdd, 0x79, 0x6e, 0xc1, 0x9b, 0xac,
    0x22, 0x7f, 0xa0, 0xbf, 0xe2, 0xbf, 0xef, 0x20,
    0x22, 0x38, 0x11, 0x4e, 0x5, 0xcc, 0x1, 0x9c,
    0xeb, 0x94, 0xbe, 0x19, 0x0, 0xf7, 0xe0, 0x3f,
    0xcb, 0x8e, 0xd4, 0x0, 0x39, 0xff, 0x1a, 0x88,
    0x8, 0xa8, 0x48, 0x41, 0x0, 0x3a, 0x2c, 0xcc,
    0xa, 0xe0, 0x10, 0x81, 0x69, 0x77, 0xc9, 0xe2,
    0x82, 0x7e, 0x29, 0x4d, 0x1, 0xc6, 0x39, 0x82,
    0x7f, 0xa0, 0x10, 0x2, 0x6f, 0xc0,

    /* U+6216 "或" */
    0x0, 0xf8, 0xf4, 0x70, 0xc0, 0x3f, 0xe1, 0xad,
    0x40, 0x2, 0x27, 0x94, 0xd0, 0x98, 0xc0, 0x11,
    0x1e, 0xa1, 0x88, 0x25, 0x80, 0x33, 0x3e, 0xc,
    0xc6, 0xe0, 0x0, 0xff, 0xb9, 0xf2, 0x2, 0x20,
    0xf4, 0x0, 0x8f, 0xb9, 0x20, 0x3, 0x56, 0x34,
    0x0, 0xfe, 0x73, 0xbb, 0x0, 0x63, 0xee, 0x40,
    0x3, 0x24, 0x58, 0x2, 0x3f, 0xee, 0xa0, 0xc,
    0x7c, 0xc, 0x40, 0x51, 0xef, 0xbd, 0x6c, 0x50,
    0x29, 0x3, 0xfe, 0xef, 0x98, 0xda, 0x93, 0x57,
    0xe, 0xb8, 0x52, 0xcc, 0x1a, 0x4e, 0xb9, 0x0,

    /* U+623F "房" */
    0x0, 0xf2, 0x8, 0x7, 0xc2, 0x3b, 0xa4, 0x47,
    0x0, 0x5d, 0xbb, 0x32, 0x6e, 0xdc, 0x20, 0x16,
    0x67, 0xe1, 0x0, 0xdd, 0xdf, 0x80, 0x21, 0xe,
    0xec, 0x5f, 0xdd, 0x8, 0x18, 0x7, 0x5b, 0x0,
    0x70, 0x89, 0xf7, 0x5f, 0x54, 0xdd, 0xa0, 0x1c,
    0x9f, 0x70, 0x77, 0x7a, 0x0, 0x94, 0x0, 0x81,
    0xbb, 0x77, 0x0, 0x19, 0xe0, 0x9, 0xdd, 0xd0,
    0x40, 0x4, 0x71, 0xa6, 0x30, 0xb, 0x14, 0x11,
    0x3, 0x85, 0x40, 0xc, 0xd7, 0xa0, 0x4a, 0xd,
    0x80, 0xb, 0x37, 0x46, 0x0,

    /* U+6263 "扣" */
    0x0, 0xf, 0x0, 0x7f, 0xf0, 0xda, 0xab, 0xa4,
    0x0, 0x62, 0x0, 0xf1, 0xdd, 0x8d, 0xc7, 0xb4,
    0x3a, 0x43, 0x1d, 0xeb, 0x1, 0xee, 0xf, 0x48,
    0x7, 0xff, 0x2c, 0x4d, 0x40, 0x3e, 0x16, 0xa0,
    0x80, 0xf, 0xef, 0xd1, 0xb5, 0x0, 0xf8, 0x65,
    0xc0, 0x3f, 0xf8, 0xb3, 0xbb, 0x60, 0x4, 0x60,
    0x19, 0xbf, 0xea, 0x0, 0x4e, 0xa0, 0x5, 0xe4,
    0x53, 0x18, 0x4f, 0xd0, 0x2, 0x5c, 0x2, 0x2d,

    /* U+62B5 "抵" */
    0x0, 0x3c, 0x0, 0x70, 0xb5, 0x98, 0x7, 0xcd,
    0x3b, 0xdb, 0xa2, 0x0, 0xf1, 0x47, 0xf1, 0xcb,
    0x8, 0x27, 0xc3, 0xf8, 0x13, 0x1b, 0x88, 0x4,
    0x9e, 0xee, 0xf0, 0xc, 0x2e, 0x1, 0xde, 0x1,
    0x9, 0x98, 0x4c, 0xe0, 0xe, 0x40, 0x28, 0x83,
    0x54, 0x40, 0x85, 0xa9, 0xf8, 0x4e, 0xee, 0x4b,
    0xb1, 0x2f, 0xb3, 0xd0, 0x80, 0x4a, 0x40, 0x12,
    0x4e, 0x0, 0x78, 0xd4, 0x3, 0xfe, 0x74, 0x24,
    0x55, 0x0, 0x3c, 0x0, 0xc3, 0x7, 0x13, 0x1e,
    0x21, 0xad, 0x81, 0xaf, 0xab, 0x68, 0xac, 0x81,
    0xbc, 0x81, 0x34, 0xa2, 0xe3, 0x38, 0x0,

    /* U+62BC "押" */
    0x0, 0x43, 0x80, 0x7f, 0xf0, 0x93, 0xff, 0xe0,
    0xf, 0x27, 0xf0, 0xff, 0x1, 0xfb, 0xc7, 0x80,
    0x7e, 0x3f, 0x78, 0xf0, 0x4e, 0xf1, 0xef, 0x0,
    0xf9, 0x3b, 0xc7, 0xbc, 0x3, 0x6c, 0x88, 0x7,
    0xc7, 0x8e, 0xd8, 0x9, 0xde, 0x3d, 0xe0, 0x50,
    0xf6, 0xa2, 0xbd, 0xe3, 0xde, 0x42, 0x80, 0x12,
    0x50, 0x6, 0x1d, 0x0, 0xff, 0xe7, 0xeb, 0x20,
    0x7, 0xfb, 0x78, 0xc0, 0x30, 0xf8, 0x4,

    /* U+62E9 "择" */
    0x0, 0x4b, 0x0, 0x7f, 0xf0, 0xdf, 0xfd, 0xdd,
    0x7c, 0x0, 0x79, 0xf0, 0xb3, 0xa8, 0x64, 0x1b,
    0x9a, 0x78, 0x4e, 0x3d, 0x6b, 0x44, 0x1b, 0x9a,
    0x38, 0x41, 0xc6, 0x9c, 0xc0, 0x38, 0x41, 0xef,
    0xe7, 0x83, 0xa4, 0xc0, 0x2d, 0xb2, 0x9d, 0x7a,
    0x9e, 0xc1, 0x5e, 0x61, 0x87, 0x9b, 0xe4, 0xbb,
    0x1, 0x3e, 0x36, 0x19, 0x4c, 0xc5, 0x32, 0x40,
    0x22, 0x0, 0x62, 0x23, 0x9, 0x10, 0x40, 0x3d,
    0xdd, 0x61, 0xf7, 0x4e, 0x1, 0xdd, 0xd6, 0x1f,
    0x74, 0xe1, 0xce, 0xa0, 0x1f, 0xe0,

    /* U+6309 "按" */
    0x0, 0xff, 0xe2, 0x3c, 0x0, 0x69, 0x60, 0xf,
    0xfe, 0x7, 0xe8, 0x7, 0xf4, 0xff, 0xa5, 0x3f,
    0xe1, 0x5e, 0x87, 0xe0, 0xaf, 0xaf, 0xf8, 0x41,
    0x79, 0xdd, 0xdc, 0x12, 0xa0, 0x9, 0x44, 0x1,
    0xe0, 0x7, 0x45, 0x50, 0x5, 0x60, 0x1e, 0xee,
    0x42, 0x77, 0x3f, 0x90, 0x1, 0xcb, 0xba, 0xa2,
    0xee, 0x4b, 0x72, 0x2f, 0x23, 0xe1, 0xc5, 0x80,
    0x2f, 0x40, 0xb, 0xd4, 0x42, 0x17, 0x10, 0x70,
    0x40, 0xf, 0xcf, 0xe9, 0xa, 0x1, 0xde, 0x1,
    0x2d, 0x5, 0x96, 0x98, 0x3, 0x9b, 0x2, 0xfb,
    0x98, 0x97, 0x1e, 0x0, 0xee, 0x20, 0x5d, 0x94,
    0x2, 0x5c, 0x0,

    /* U+63A5 "接" */
    0x0, 0x3b, 0x80, 0x34, 0x20, 0x7, 0xff, 0x3,
    0xbc, 0x3, 0xf9, 0x77, 0x56, 0xdb, 0xb0, 0x8a,
    0xea, 0xa5, 0xf7, 0xdd, 0x4b, 0xe8, 0x8a, 0x51,
    0x6c, 0x8, 0xcc, 0x13, 0x0, 0x11, 0x77, 0x8e,
    0x73, 0xef, 0x1e, 0x73, 0x80, 0x3f, 0x5b, 0x3b,
    0xcf, 0xbb, 0x39, 0x63, 0xb1, 0xe6, 0x47, 0x99,
    0xa0, 0xe1, 0xed, 0x76, 0x43, 0xf6, 0x47, 0x64,
    0x53, 0xc0, 0x3, 0x8, 0x3, 0xd6, 0x22, 0x0,
    0xf7, 0x8f, 0xeb, 0x30, 0x3, 0x78, 0x4, 0x20,
    0x68, 0x18, 0x60, 0xc, 0x64, 0x1e, 0x8f, 0xc9,
    0xda, 0xe1, 0xc, 0xe3, 0x1e, 0xb7, 0x10, 0x3,
    0x68, 0x80,

    /* U+63B7 "掷" */
    0x0, 0x70, 0x1, 0x41, 0x18, 0x3, 0xf8, 0x6c,
    0x78, 0x1f, 0xfe, 0x20, 0xc, 0x32, 0xa8, 0x80,
    0x9f, 0x12, 0x5f, 0x1f, 0x9b, 0xb1, 0xc8, 0x1,
    0x1c, 0x17, 0xc7, 0xe7, 0xf, 0xac, 0x1, 0xba,
    0x0, 0xff, 0xe0, 0x22, 0x0, 0x33, 0xa1, 0x8b,
    0x1f, 0x85, 0x38, 0x1d, 0x8f, 0xe4, 0x17, 0x40,
    0x1, 0xe8, 0x7, 0xc6, 0x21, 0x21, 0xf7, 0xe0,
    0x1, 0x11, 0x20, 0x4, 0xaa, 0x91, 0x0, 0x9,
    0x0, 0x7a, 0xae, 0xe0, 0x1c, 0x61, 0x0, 0xd5,
    0x41, 0x61, 0xf1, 0xd8, 0x1, 0xe2, 0x21, 0xb8,
    0x2, 0xfc, 0x3, 0xf, 0x61, 0x48, 0x6, 0x76,
    0x0, 0x80,

    /* U+63D0 "提" */
    0x0, 0x4a, 0x80, 0x7f, 0xf0, 0xc7, 0xf3, 0x37,
    0x90, 0x7, 0xc3, 0x11, 0x88, 0x0, 0x9c, 0xd5,
    0xa0, 0x1, 0x1c, 0x60, 0x4, 0xe6, 0x9d, 0x1,
    0xdd, 0xc0, 0x1e, 0x30, 0x1d, 0xaa, 0xd8, 0x40,
    0x1b, 0xe6, 0xf3, 0x3d, 0xa0, 0x76, 0xcf, 0x97,
    0xfd, 0x85, 0xdc, 0xd0, 0x1, 0x24, 0x28, 0x70,
    0x80, 0x78, 0xe4, 0x80, 0x8, 0x2, 0x7, 0xba,
    0x30, 0xf, 0x60, 0xc0, 0x1e, 0xe8, 0xc0, 0x39,
    0x1f, 0x16, 0x44, 0x40, 0x1b, 0x91, 0xfe, 0x8b,
    0x4c, 0x73, 0x74, 0x61, 0xda, 0x56, 0xa0, 0x8,
    0xcd, 0xd8, 0xc0,

    /* U+6478 "摸" */
    0x0, 0x3b, 0x80, 0x2e, 0x10, 0xe1, 0x0, 0xfa,
    0xac, 0x76, 0xc7, 0x6c, 0x3, 0xd3, 0x3, 0x10,
    0x19, 0x80, 0x1e, 0x88, 0x68, 0xdb, 0xe5, 0xa6,
    0x88, 0xf, 0x3b, 0xb5, 0x93, 0x37, 0x5e, 0x8e,
    0x1, 0x7f, 0x80, 0x5, 0xdd, 0x88, 0x3, 0xba,
    0x1, 0x2e, 0xf2, 0x0, 0x6, 0x29, 0xc0, 0x9,
    0x9b, 0x98, 0x41, 0x1, 0x7, 0x98, 0x4e, 0xc7,
    0x9c, 0xe4, 0x0, 0x46, 0x81, 0x6e, 0xb9, 0x6f,
    0x76, 0x10, 0xc, 0x5b, 0xab, 0x34, 0xbd, 0xd0,
    0x80, 0x3c, 0x0, 0x31, 0x7d, 0x57, 0x4, 0x0,
    0xd6, 0x44, 0x78, 0xf9, 0x6, 0xfe, 0x8, 0x6f,
    0x1a, 0x74, 0x88, 0x4, 0xfc, 0x20,

    /* U+64CD "操" */
    0x0, 0x70, 0x80, 0x7f, 0xf1, 0x2f, 0x73, 0x1c,
    0xa0, 0x1f, 0xdd, 0x98, 0x70, 0x9, 0xb4, 0x7d,
    0x40, 0xe2, 0xa8, 0x42, 0x0, 0x6d, 0x1f, 0x4a,
    0x21, 0xe3, 0x1e, 0x80, 0xf, 0xd, 0x91, 0x12,
    0xe1, 0x0, 0x33, 0xa0, 0xf, 0x80, 0x4, 0xc0,
    0x9, 0x43, 0xec, 0xf9, 0x7e, 0xd9, 0xaa, 0x3,
    0xa3, 0x7, 0xbb, 0x17, 0x6e, 0xa0, 0x15, 0xc0,
    0x9, 0xba, 0xf4, 0xad, 0xd8, 0x40, 0x32, 0x64,
    0x99, 0x23, 0xee, 0x8, 0x6, 0x5c, 0xec, 0x6f,
    0xec, 0x70, 0x6, 0x98, 0xe7, 0xd8, 0x80, 0x17,
    0x0, 0x2d, 0xd0, 0x49, 0x80, 0x2d, 0x0, 0x5c,
    0x0,

    /* U+6536 "收" */
    0x0, 0xf8, 0x44, 0x1, 0xfd, 0xc4, 0x13, 0x0,
    0x1e, 0x51, 0x0, 0xc9, 0xe0, 0x1e, 0x83, 0x0,
    0xc6, 0xa0, 0x1f, 0xf2, 0x6, 0x7f, 0xdc, 0x1,
    0xf7, 0x17, 0xfa, 0xd3, 0x80, 0x3c, 0xca, 0x62,
    0x19, 0x80, 0xf, 0xb5, 0xe1, 0x81, 0x10, 0x1,
    0xf5, 0xc3, 0x51, 0x89, 0x80, 0x64, 0x91, 0x0,
    0x93, 0x6c, 0x2, 0x22, 0x57, 0x88, 0x5, 0xe2,
    0x80, 0x11, 0x66, 0x18, 0x2, 0x38, 0x6f, 0x10,
    0x8, 0xc0, 0x33, 0xed, 0x4a, 0xfa, 0x0, 0x79,
    0xef, 0x10, 0x22, 0xf4, 0x0,

    /* U+6539 "改" */
    0x0, 0xfc, 0xe2, 0x1, 0xd3, 0x3c, 0x3, 0x0,
    0x1e, 0xcf, 0xf9, 0x81, 0xc, 0x40, 0x39, 0x59,
    0xa0, 0x7, 0x9f, 0x73, 0xfc, 0x60, 0x1e, 0x35,
    0x9e, 0xe0, 0xe9, 0x85, 0xff, 0xc1, 0x9, 0xa0,
    0x40, 0x40, 0x7, 0xae, 0xe8, 0xad, 0x41, 0x50,
    0x3, 0x8, 0xe9, 0x7, 0x75, 0x70, 0x7, 0xfa,
    0xe0, 0x50, 0x3, 0xcb, 0x40, 0x19, 0x80, 0x30,
    0xff, 0x73, 0xc0, 0xb1, 0xde, 0x0, 0x8c, 0xd9,
    0x6a, 0xfa, 0xd1, 0xf3, 0x42, 0x1d, 0x4, 0x0,
    0xcc, 0x40, 0x17, 0x98, 0x0,

    /* U+653E "放" */
    0x0, 0xa0, 0x3, 0x22, 0x80, 0x7c, 0x4c, 0x1,
    0x79, 0x0, 0x61, 0x66, 0x17, 0xb2, 0x82, 0x18,
    0x6, 0x3f, 0xb3, 0xf, 0xd3, 0xa, 0xef, 0xf2,
    0x94, 0xa6, 0xcc, 0xa2, 0x4b, 0xb8, 0x76, 0xa0,
    0x14, 0x6e, 0x99, 0x0, 0x40, 0xd0, 0x3, 0x4e,
    0xe, 0x4a, 0xa1, 0x98, 0x3, 0x11, 0x4, 0x25,
    0xf3, 0xa6, 0xc0, 0x33, 0xb0, 0x6, 0x46, 0x46,
    0x0, 0xc4, 0x40, 0x11, 0x0, 0x18, 0x84, 0x2,
    0x42, 0x10, 0x33, 0x4, 0x30, 0xc0, 0x5, 0x12,
    0x2, 0x20, 0xa5, 0xcf, 0x68, 0x4, 0x65, 0xaf,
    0x7b, 0xc, 0x12, 0xc5, 0x44, 0x50, 0x57, 0x45,
    0x50, 0x40, 0x5, 0xa8,

    /* U+6545 "故" */
    0x0, 0xa5, 0x80, 0x2a, 0x40, 0xf, 0xfe, 0x2,
    0xb0, 0x7, 0xfc, 0x62, 0x60, 0x18, 0xbb, 0x8d,
    0x3d, 0xa8, 0x3f, 0xdf, 0xe5, 0x2e, 0xe2, 0xc7,
    0x65, 0x37, 0x71, 0x2d, 0x40, 0x23, 0x10, 0x43,
    0x40, 0x2, 0xa0, 0x0, 0x8c, 0xbc, 0xe2, 0xc0,
    0x4c, 0x80, 0x2b, 0xe0, 0x2d, 0xb5, 0x46, 0xab,
    0x0, 0xd7, 0x73, 0x98, 0x55, 0x1d, 0x80, 0x3f,
    0xc6, 0x8, 0x20, 0x1b, 0x91, 0x4, 0x0, 0x73,
    0x43, 0x0, 0xcb, 0xfe, 0x0, 0x4d, 0x7c, 0x6a,
    0x0, 0x3e, 0x6e, 0xd5, 0x40, 0xc1, 0x68, 0xb3,
    0x6, 0x40, 0x0, 0xf4, 0x88, 0x1, 0xb8, 0xc0,

    /* U+65B9 "方" */
    0x0, 0xf2, 0x10, 0x7, 0xff, 0x3, 0x24, 0x3,
    0xe1, 0x1e, 0xa6, 0x11, 0xe0, 0x7, 0xfd, 0xdc,
    0xc3, 0xff, 0xe0, 0x7, 0x75, 0x63, 0xdd, 0xf0,
    0x7, 0x9, 0x0, 0x7f, 0xf0, 0x8, 0xff, 0xfa,
    0x80, 0x3d, 0xb3, 0xff, 0xa0, 0x80, 0x3c, 0x88,
    0x0, 0xdf, 0xe0, 0xe, 0x72, 0x20, 0x6, 0x22,
    0x0, 0x61, 0x98, 0x0, 0xe7, 0x60, 0x8, 0xb1,
    0x90, 0x3, 0x11, 0xc, 0x0, 0x39, 0x50, 0x0,
    0x2f, 0xf6, 0xc0, 0x4, 0x3c, 0xe0, 0x11, 0x7f,
    0xce, 0x1, 0x0,

    /* U+65CB "旋" */
    0x0, 0x11, 0x0, 0x24, 0x30, 0xf, 0x92, 0x40,
    0x29, 0x70, 0xe, 0x13, 0x55, 0x21, 0x98, 0xbe,
    0xab, 0x13, 0xfe, 0x14, 0x7e, 0xbf, 0xf7, 0x62,
    0x6c, 0xc, 0xc7, 0x17, 0x99, 0xf0, 0x6, 0xdd,
    0x26, 0xa2, 0x20, 0xc2, 0xc0, 0x2, 0x2c, 0x51,
    0x13, 0x98, 0xa7, 0x48, 0x0, 0xc8, 0x40, 0x5,
    0x0, 0x14, 0xa8, 0x1, 0x9c, 0x0, 0x2c, 0xe0,
    0xe, 0xe4, 0x80, 0xc, 0xc0, 0x26, 0x2c, 0x0,
    0xee, 0x48, 0x3, 0x30, 0x6, 0x18, 0x48, 0x1,
    0xc4, 0xa8, 0xc, 0x2f, 0x94, 0x20, 0x19, 0x61,
    0x78, 0x5, 0x8f, 0x53, 0xfe, 0x37, 0x65, 0xec,
    0x58, 0x3, 0xbf, 0xf8, 0xc0,

    /* U+65E7 "旧" */
    0x2e, 0x0, 0x6f, 0x77, 0xac, 0x3, 0x1e, 0x77,
    0x6b, 0x70, 0xf, 0xf0, 0x80, 0x7f, 0xf4, 0xb7,
    0xff, 0x58, 0x7, 0xb7, 0xff, 0x58, 0x7, 0xff,
    0x7b, 0x7f, 0xf5, 0x80, 0x7b, 0x7f, 0xf5, 0xb0,

    /* U+65F6 "时" */
    0x0, 0xfe, 0x2d, 0x0, 0x5e, 0x64, 0x40, 0x1f,
    0x96, 0x60, 0x44, 0x1, 0xfc, 0x88, 0x17, 0xff,
    0xda, 0x5f, 0x0, 0x19, 0xfb, 0xb5, 0x97, 0x40,
    0x6e, 0x18, 0x2c, 0x8, 0x98, 0x4, 0x1, 0xfc,
    0x60, 0x88, 0x50, 0xf, 0x11, 0x0, 0x29, 0xb0,
    0xf, 0xf9, 0x15, 0x80, 0x39, 0x4c, 0x40, 0x2b,
    0x60, 0xe, 0xf8, 0x61, 0x0, 0xfc, 0xd7, 0x71,
    0x0, 0x66, 0x0, 0xa0, 0x3, 0xdf, 0xea, 0xa0,
    0x0,

    /* U+6613 "易" */
    0x0, 0x17, 0xee, 0xfb, 0xb8, 0x1, 0x8b, 0x77,
    0xde, 0x1, 0xc5, 0x99, 0xf0, 0x7, 0x16, 0x67,
    0xc0, 0x1c, 0x57, 0x7e, 0xa0, 0xc, 0x58, 0xbb,
    0x55, 0xde, 0x1, 0xbc, 0x6b, 0x77, 0xd4, 0x7,
    0xa9, 0xa8, 0x1d, 0x43, 0xd4, 0x21, 0xf1, 0x1,
    0x6d, 0x2a, 0x82, 0x1, 0xc, 0x53, 0xda, 0x15,
    0x15, 0xe, 0x20, 0x3, 0xed, 0x22, 0x2f, 0xc0,
    0x9, 0x80, 0x1, 0xc4, 0x8, 0xa2, 0xde, 0x74,
    0x0, 0x31, 0x0, 0x31, 0x3, 0x7a, 0xc0,

    /* U+662F "是" */
    0x0, 0x56, 0xe6, 0x7b, 0xa4, 0x3, 0xa3, 0x33,
    0xd0, 0x1, 0xe8, 0xcc, 0xf5, 0x80, 0x79, 0x62,
    0x3c, 0x80, 0x1d, 0xdc, 0x22, 0xf7, 0xd0, 0x0,
    0x72, 0x2a, 0xbf, 0x7e, 0x10, 0xf7, 0x27, 0xfa,
    0xdf, 0xbb, 0x88, 0x8, 0x94, 0x24, 0x22, 0x22,
    0xe0, 0x9, 0x40, 0xc0, 0xb, 0xdd, 0x8c, 0x2,
    0xe2, 0xa0, 0x2, 0xf7, 0x63, 0x0, 0x42, 0xe0,
    0x66, 0x0, 0x3e, 0x36, 0xd1, 0xb9, 0x14, 0xff,
    0xe3, 0x37, 0x98, 0x1, 0x6f, 0xbf, 0xf8, 0xc0,

    /* U+666F "景" */
    0x0, 0x4e, 0xdd, 0xfb, 0x64, 0x3, 0x9f, 0x33,
    0xcc, 0x1, 0xe2, 0x55, 0xf1, 0x80, 0x77, 0x9c,
    0xcb, 0xe6, 0x63, 0xf0, 0x0, 0xb0, 0x6e, 0xc0,
    0x3b, 0xb0, 0x30, 0x7, 0xd7, 0x80, 0x1e, 0x16,
    0x5b, 0xaa, 0xf5, 0x93, 0x0, 0x4e, 0xd9, 0x9e,
    0x60, 0xf, 0x26, 0x67, 0x90, 0x3, 0x92, 0xeb,
    0x11, 0x19, 0x7a, 0x80, 0x12, 0x5f, 0xa0, 0x6,
    0x2e, 0xb3, 0x0, 0x6f, 0xd8, 0x6a, 0xe8, 0x2e,
    0x7d, 0x0,

    /* U+66F4 "更" */
    0xe, 0xee, 0xff, 0x77, 0x70, 0x3, 0xbb, 0xa1,
    0xbb, 0xb8, 0x2, 0xad, 0xda, 0x5b, 0x77, 0x10,
    0x4, 0xdd, 0xba, 0x96, 0xdd, 0x80, 0x3d, 0xd9,
    0x89, 0x7c, 0xc8, 0x80, 0x3b, 0xb3, 0x12, 0xf9,
    0x91, 0x0, 0x73, 0x8, 0xbc, 0xc4, 0x63, 0x0,
    0xcb, 0x35, 0x46, 0x7a, 0xa9, 0x40, 0x34, 0xf,
    0xd8, 0x7d, 0xde, 0x20, 0x8, 0x7e, 0xb1, 0xc8,
    0x3, 0xf1, 0xd0, 0x3a, 0x53, 0x18, 0x80, 0x43,
    0xde, 0x1f, 0x7b, 0xdf, 0xfc, 0x83, 0xd9, 0x2,
    0x0, 0x49, 0xce, 0xff, 0x20,

    /* U+6708 "月" */
    0x0, 0xf, 0xff, 0xe3, 0x0, 0xdf, 0xfe, 0x20,
    0xf, 0xfe, 0x2e, 0xef, 0x88, 0x3, 0xbf, 0xfc,
    0x40, 0x11, 0x89, 0x17, 0x80, 0x30, 0x98, 0x7,
    0xf9, 0x4b, 0xff, 0xc4, 0x1, 0x6c, 0x7f, 0xf8,
    0x80, 0x4, 0x8c, 0x1, 0xfd, 0xee, 0x20, 0x1c,
    0x26, 0x8, 0xd0, 0x1, 0xa3, 0xf9, 0x4d, 0x2c,
    0x3, 0xa3, 0xfd, 0x60,

    /* U+675F "束" */
    0x0, 0xf4, 0x38, 0x7, 0xff, 0x0, 0x7c, 0x3,
    0xed, 0xee, 0xcc, 0xfd, 0xdb, 0x40, 0x1b, 0xdd,
    0x9e, 0x3b, 0xb6, 0x80, 0x5b, 0xdd, 0x3c, 0x77,
    0x60, 0xc, 0x7f, 0xdc, 0x78, 0xee, 0x84, 0x3,
    0xff, 0x8f, 0xfb, 0xa7, 0x9d, 0xd7, 0x0, 0x77,
    0x73, 0x1c, 0x5, 0xf3, 0xbc, 0x3, 0xd4, 0x2c,
    0xe1, 0x40, 0x1e, 0x5d, 0x2b, 0x1f, 0xa2, 0xd5,
    0x0, 0x16, 0xc4, 0x24, 0x3, 0x4c, 0x43, 0x48,
    0x91, 0xaa, 0x1, 0xe5, 0xd8, 0x20,

    /* U+679C "果" */
    0x0, 0x5f, 0x75, 0xfe, 0xee, 0xb4, 0x3, 0xab,
    0xb8, 0xee, 0xee, 0x50, 0x7, 0xab, 0x74, 0xcc,
    0xdd, 0x50, 0x7, 0xab, 0x74, 0xcc, 0xdd, 0x50,
    0x7, 0x8c, 0x88, 0x24, 0x58, 0x3, 0x8f, 0x26,
    0x48, 0xf3, 0x2d, 0x40, 0x8, 0x66, 0xaa, 0x44,
    0x55, 0x50, 0x20, 0x39, 0x9b, 0xd9, 0x9f, 0x99,
    0x84, 0x5b, 0xb4, 0x1a, 0x20, 0xef, 0x76, 0x10,
    0x0, 0xcc, 0xb0, 0xcd, 0x9b, 0x44, 0x0, 0x1a,
    0xfe, 0xc1, 0x0, 0xd, 0xff, 0xac, 0x87, 0x39,
    0xc0, 0x3c, 0xbb, 0xc4,

    /* U+67E5 "查" */
    0x0, 0xf4, 0x38, 0x7, 0xff, 0x20, 0xbb, 0xb9,
    0xe3, 0xbb, 0x88, 0x9d, 0xd4, 0x1a, 0xb1, 0x5f,
    0x74, 0x40, 0x1, 0x9a, 0xc2, 0xed, 0x9a, 0x20,
    0x0, 0xcf, 0x6, 0xe, 0x98, 0xe1, 0x6d, 0x90,
    0x1e, 0x9d, 0xdb, 0xbe, 0xec, 0x5c, 0x64, 0x34,
    0x4f, 0x37, 0x7a, 0x1c, 0x60, 0x3, 0xba, 0xef,
    0x78, 0x7, 0xee, 0xbb, 0xde, 0x1, 0xf0, 0xf5,
    0xde, 0xf6, 0x0, 0xc2, 0x2d, 0xd5, 0x56, 0xda,
    0x11, 0x0, 0x37, 0x33, 0xfe, 0x0,

    /* U+683C "格" */
    0x0, 0xff, 0xe2, 0xf8, 0x4, 0x3a, 0x1, 0xff,
    0xc0, 0x90, 0x77, 0x84, 0x3, 0xe2, 0x7a, 0xf,
    0x80, 0x0, 0xf7, 0x3, 0xb3, 0xc8, 0x1c, 0x98,
    0x40, 0x7a, 0x83, 0xed, 0x32, 0x5d, 0x20, 0x3,
    0x68, 0x43, 0xc8, 0xcc, 0x58, 0x80, 0x64, 0x3,
    0x60, 0x69, 0x7b, 0x60, 0x9, 0x50, 0x2f, 0x31,
    0x59, 0x19, 0x5a, 0x61, 0x16, 0x2, 0x4c, 0x79,
    0xd8, 0x6a, 0x66, 0x42, 0x0, 0x46, 0x3f, 0x74,
    0x96, 0x7, 0x20, 0x1f, 0xfc, 0x75, 0xaa, 0x94,
    0x3, 0xf9, 0xe6, 0x62, 0x0, 0xef, 0x0, 0x35,
    0x19, 0xd8, 0x60,

    /* U+6848 "案" */
    0x0, 0xf5, 0x20, 0x7, 0xd7, 0xbb, 0x92, 0xf7,
    0x76, 0x0, 0x1b, 0xf7, 0x53, 0x2f, 0xdd, 0xb0,
    0x80, 0x1c, 0x2, 0x29, 0x11, 0xe0, 0xd0, 0x4,
    0x4e, 0xf0, 0xed, 0x53, 0xb2, 0xa0, 0x42, 0xec,
    0xa7, 0xd7, 0x62, 0x4d, 0xbb, 0x8, 0x5, 0x49,
    0xfe, 0xe6, 0xd2, 0x0, 0xd9, 0xdc, 0x3a, 0x8d,
    0xd0, 0xce, 0xa8, 0x3, 0x7b, 0x6d, 0xfd, 0x9,
    0xef, 0x14, 0xf, 0x37, 0x6e, 0x78, 0xed, 0xd6,
    0x69, 0x9b, 0x76, 0xa2, 0x45, 0x55, 0x6e, 0xc6,
    0x7, 0x1a, 0x18, 0x7b, 0x61, 0xb2, 0x80, 0x53,
    0xba, 0x70, 0xc, 0xfb, 0x9e, 0x60,

    /* U+6B3E "款" */
    0x0, 0xff, 0xe2, 0xc3, 0x80, 0x58, 0x20, 0x1c,
    0x44, 0x1f, 0x22, 0x1, 0x88, 0x6, 0x29, 0x92,
    0x2c, 0xc9, 0x8, 0x3, 0x8a, 0xa8, 0xaa, 0xaa,
    0x9, 0x7f, 0xdc, 0x0, 0xad, 0x44, 0x6d, 0x64,
    0xff, 0xb1, 0x40, 0x13, 0xdd, 0xa5, 0xdd, 0x86,
    0x98, 0x0, 0xa9, 0x9d, 0x72, 0x20, 0xf, 0x50,
    0x1b, 0x88, 0xd4, 0xc0, 0x4d, 0x4, 0xb, 0x32,
    0xee, 0x4c, 0x88, 0x45, 0xc0, 0x12, 0x66, 0x2a,
    0x99, 0xc6, 0xe8, 0xa2, 0x1, 0x5a, 0x0, 0x12,
    0x2, 0xfe, 0x60, 0x0, 0x8e, 0x5e, 0x5, 0x10,
    0x14, 0x74, 0x70, 0x4a, 0xa3, 0x18, 0x22, 0x34,
    0x1, 0x98, 0x10, 0x5, 0x72, 0x0, 0x30, 0x40,
    0x3, 0x62,

    /* U+6B63 "正" */
    0x9, 0xee, 0xff, 0x58, 0x2, 0x3f, 0xf5, 0x7,
    0xfe, 0xa0, 0x0, 0x8f, 0x31, 0x88, 0xf0, 0x4,
    0x26, 0x1, 0xff, 0xc0, 0x58, 0x0, 0xff, 0xe2,
    0x97, 0xfe, 0x30, 0xf, 0xc3, 0xdd, 0x8c, 0x3,
    0xf1, 0x88, 0xe0, 0xf, 0xfe, 0x91, 0x64, 0xa6,
    0x63, 0xcb, 0x33, 0x8c, 0xbf, 0xb3, 0xfd, 0xd9,
    0xff, 0xc6,

    /* U+6BB5 "段" */
    0x0, 0xc2, 0xe0, 0x1f, 0xe7, 0xbf, 0xe2, 0x1f,
    0xee, 0x68, 0x4, 0x31, 0xe, 0x92, 0x1, 0xef,
    0x0, 0xe1, 0x21, 0x10, 0x12, 0x80, 0x7c, 0x39,
    0x91, 0x56, 0x0, 0x7c, 0x3b, 0xb2, 0x13, 0x80,
    0xd4, 0xb0, 0x0, 0x6a, 0xa4, 0x19, 0x9b, 0xbd,
    0x80, 0x29, 0x98, 0xcc, 0x1b, 0xa2, 0x10, 0x8,
    0x4c, 0xe1, 0xb4, 0x49, 0x54, 0x2, 0xe3, 0x7b,
    0xec, 0x49, 0x34, 0xe4, 0x0, 0xd0, 0xef, 0xf3,
    0x4, 0xba, 0x48, 0x0, 0x68, 0x54, 0x80, 0x9,
    0xaa, 0xac, 0x40, 0xf, 0xb6, 0x62, 0xed, 0x53,
    0x0, 0x3c, 0x1, 0x66, 0xa8, 0x1, 0xb6, 0x0,

    /* U+6C42 "求" */
    0x0, 0xf4, 0x38, 0x59, 0x80, 0x7f, 0xf0, 0x37,
    0x14, 0x2, 0x22, 0xe1, 0xe2, 0x4a, 0xe2, 0x0,
    0x7f, 0xf3, 0xbb, 0xfd, 0xd, 0xe2, 0x1b, 0xfb,
    0xb3, 0x2e, 0xed, 0x3a, 0x20, 0x3e, 0xc0, 0x12,
    0x18, 0x2d, 0x10, 0x0, 0x72, 0x10, 0x0, 0x70,
    0x97, 0xa4, 0x1, 0xe, 0x88, 0x15, 0x8c, 0xe1,
    0x80, 0x71, 0x86, 0xa0, 0x58, 0x8, 0x7, 0x26,
    0x4f, 0x30, 0xc, 0xe9, 0x80, 0x6, 0xea, 0x70,
    0xc0, 0x24, 0xac, 0x91, 0x16, 0xf2, 0x88, 0x10,
    0x4, 0x9a, 0x60, 0x6, 0x0, 0x67, 0xba, 0x0,
    0x45, 0x42, 0x1, 0xb7, 0xf4, 0xc0, 0x3c,

    /* U+6C50 "汐" */
    0x0, 0xfc, 0xc0, 0x1e, 0x4e, 0x70, 0x9, 0xa8,
    0x3, 0xc9, 0xf8, 0xa0, 0x8, 0xb1, 0x1c, 0x1,
    0xd, 0xa8, 0x30, 0xcf, 0xfd, 0xc2, 0x8, 0x1,
    0xc, 0x5f, 0x75, 0x46, 0x25, 0x1a, 0x81, 0x4e,
    0x80, 0x16, 0xd8, 0x16, 0x48, 0x5b, 0xd7, 0x30,
    0xb, 0x30, 0x2, 0x44, 0x7e, 0x1e, 0x55, 0xc3,
    0x8, 0x6, 0x95, 0x0, 0x16, 0xb, 0xc0, 0x6,
    0x44, 0x8, 0x4, 0x69, 0x62, 0x1, 0xa6, 0x40,
    0x11, 0xec, 0x28, 0x6, 0x86, 0x40, 0x18, 0xcb,
    0x60, 0xe, 0x39, 0x1, 0xf2, 0xd5, 0x0, 0xf5,
    0x90, 0xe, 0x51, 0x0, 0x78,

    /* U+6D4B "测" */
    0x0, 0xff, 0xe1, 0x5a, 0x80, 0x7f, 0x68, 0x45,
    0xbe, 0xe6, 0x5a, 0x8, 0x1, 0x1f, 0x98, 0x67,
    0x60, 0x2, 0x40, 0x30, 0xa0, 0x3, 0x80, 0x3c,
    0x90, 0x1, 0xff, 0x28, 0xe8, 0x80, 0x7f, 0xc,
    0xf0, 0x80, 0x7f, 0xc6, 0x1, 0xff, 0xc0, 0x92,
    0x0, 0xff, 0xb, 0x90, 0x93, 0x0, 0x80, 0x73,
    0x38, 0x65, 0xea, 0x60, 0x68, 0x5, 0x34, 0xa,
    0x4f, 0xca, 0x1, 0x85, 0xcd, 0x3e, 0xc2, 0xbc,
    0x2b, 0x50, 0x64, 0x12, 0x80, 0x2a, 0xa, 0xd9,

    /* U+6D4F "浏" */
    0x3, 0x10, 0x2, 0xa8, 0x3, 0xe, 0x82, 0xe0,
    0x1, 0xa0, 0x0, 0x22, 0x0, 0x99, 0x5d, 0x58,
    0x55, 0x4f, 0x20, 0x1a, 0x1f, 0x30, 0xb5, 0xe0,
    0x18, 0x54, 0x1, 0x33, 0xd, 0x0, 0x61, 0xea,
    0x9, 0x74, 0x40, 0x7, 0xaf, 0x42, 0x2b, 0xb4,
    0x3, 0xe7, 0x1, 0x95, 0x40, 0xf, 0x9d, 0x81,
    0x81, 0x0, 0x3e, 0xa4, 0x8, 0x69, 0x10, 0xe,
    0x56, 0x24, 0x79, 0x76, 0x64, 0x0, 0x53, 0xe7,
    0x5c, 0x10, 0xc0, 0x1d, 0x28, 0x16, 0x60, 0x22,
    0x8, 0xf4, 0x5, 0x3, 0x50, 0xe, 0x8e, 0x90,

    /* U+6E2F "港" */
    0x4, 0x80, 0xa, 0x58, 0x1, 0xc2, 0x1, 0x32,
    0x68, 0x80, 0x7f, 0x8b, 0x2a, 0x7d, 0xa7, 0xfc,
    0x3d, 0xe6, 0x1, 0x3c, 0x7b, 0x4f, 0xf8, 0x7b,
    0xcc, 0x75, 0x42, 0xa8, 0xf5, 0x50, 0xd5, 0x18,
    0x7a, 0x1e, 0x78, 0xee, 0x64, 0x66, 0x94, 0x3,
    0xd6, 0x31, 0x7, 0x33, 0x4a, 0x99, 0x0, 0x42,
    0x76, 0x5b, 0xb5, 0x5, 0x80, 0x6d, 0xd5, 0xe,
    0xec, 0xb2, 0x50, 0x0, 0x77, 0x7a, 0x6, 0xec,
    0xaf, 0x30, 0x0, 0x99, 0x8, 0x3, 0x76, 0xf3,
    0x40, 0x4, 0x29, 0x80, 0x42, 0x1, 0x27, 0x80,
    0x6, 0x0, 0x27, 0xee, 0xd5, 0xc0,

    /* U+6E7E "湾" */
    0x1, 0x0, 0xf4, 0x0, 0x7b, 0x58, 0x8, 0xce,
    0x65, 0x33, 0x80, 0x1d, 0x5, 0x53, 0x1a, 0x97,
    0x13, 0x21, 0x2, 0xd2, 0x81, 0xf2, 0xa5, 0xf0,
    0xa1, 0x11, 0x18, 0x51, 0x30, 0x4, 0xdb, 0x40,
    0xbe, 0x22, 0x29, 0x0, 0xe7, 0xd0, 0x4b, 0x71,
    0xcc, 0x78, 0xe3, 0x7e, 0x30, 0x1, 0x9c, 0x13,
    0x37, 0x59, 0xba, 0x10, 0xd, 0xe0, 0xc, 0xdc,
    0xcc, 0x1, 0x95, 0x40, 0x3, 0xdc, 0xcd, 0xa2,
    0x0, 0xed, 0x3, 0x2d, 0xde, 0xe9, 0x1, 0x47,
    0x3, 0xdd, 0xf1, 0x60, 0xd, 0x8, 0x7, 0x16,
    0xe9, 0x94, 0x0,

    /* U+6F14 "演" */
    0x1, 0x0, 0xe3, 0x40, 0xe, 0x9e, 0x52, 0x29,
    0x68, 0x8a, 0x10, 0x8d, 0x3f, 0x99, 0x6a, 0xcc,
    0xbe, 0xc0, 0x6, 0xc1, 0x57, 0x7e, 0x2, 0x40,
    0x6, 0x56, 0xeb, 0xf7, 0x43, 0x43, 0x36, 0x3,
    0x3f, 0xc3, 0xfe, 0x50, 0x3d, 0x80, 0x6f, 0x88,
    0xc, 0x43, 0x44, 0x0, 0x60, 0x4, 0x88, 0xc,
    0x40, 0x40, 0x26, 0x60, 0x24, 0x48, 0xc4, 0x4,
    0x2, 0xb5, 0x4, 0x89, 0x18, 0x80, 0x80, 0x14,
    0x4c, 0x8e, 0x25, 0x26, 0x10, 0x42, 0x24, 0x13,
    0x5e, 0x6b, 0x5f, 0xc0, 0x5d, 0x4f, 0xb9, 0x86,
    0xd, 0xf2, 0xe3, 0x40, 0x7f, 0x22, 0x1, 0x16,
    0x38,

    /* U+73A9 "玩" */
    0x1d, 0xdc, 0xf9, 0xdd, 0xd8, 0x3, 0xf0, 0x3e,
    0xd9, 0xdd, 0xd8, 0x0, 0x21, 0x72, 0x10, 0xf,
    0xfe, 0x5d, 0xca, 0x64, 0xf7, 0x7d, 0x1, 0x36,
    0x7d, 0x1c, 0xb7, 0xc1, 0x9d, 0x0, 0x44, 0x72,
    0x10, 0x77, 0x0, 0xc, 0x3, 0xf8, 0x8c, 0x3,
    0xe1, 0x6a, 0xb3, 0x30, 0x80, 0x71, 0x6d, 0xbf,
    0xd4, 0xd0, 0x6, 0x28, 0x2e, 0xe5, 0x2c, 0xbb,
    0x80, 0x23, 0x62, 0x3, 0x0, 0x49, 0x60, 0x4,
    0x9b, 0x7e, 0x1, 0xa6, 0x84, 0x2, 0xaf, 0xf2,
    0x80,

    /* U+73B0 "现" */
    0x1e, 0xec, 0xf9, 0xfd, 0xd7, 0x90, 0xf, 0x51,
    0x73, 0x86, 0x77, 0xf1, 0x0, 0x67, 0x0, 0xe1,
    0xf0, 0xf, 0xfe, 0x3e, 0x60, 0xf8, 0xc0, 0x3f,
    0xb2, 0xcf, 0x8c, 0x0, 0x66, 0x0, 0xf3, 0x80,
    0x70, 0xb0, 0x7, 0xfa, 0x4a, 0xd8, 0xe0, 0xc0,
    0x30, 0xaa, 0xc2, 0xae, 0xca, 0x1, 0x3f, 0x97,
    0x0, 0x25, 0xf4, 0x1, 0x44, 0x39, 0x3d, 0x6a,
    0xe9, 0x60, 0x13, 0x98, 0xda, 0x88, 0x66, 0x42,
    0x91, 0x8e, 0x20, 0x1d, 0xf6, 0x20, 0x7b, 0x96,
    0x0,

    /* U+7406 "理" */
    0x4e, 0xec, 0x9f, 0xdc, 0xfe, 0xe8, 0x13, 0x9e,
    0x78, 0x13, 0xb8, 0x3d, 0xe0, 0x1c, 0x20, 0xee,
    0x22, 0x1, 0x28, 0x7, 0xe2, 0x88, 0xc, 0x78,
    0x0, 0x69, 0x2e, 0x41, 0x6a, 0x83, 0x54, 0x0,
    0xd, 0xa5, 0x40, 0x27, 0x70, 0x7b, 0xc0, 0x21,
    0x1, 0x11, 0xff, 0x78, 0x77, 0x40, 0x1f, 0xfc,
    0x6e, 0x76, 0xff, 0x70, 0x7f, 0xc2, 0x28, 0x76,
    0xe6, 0xff, 0x70, 0x7f, 0xc2, 0xa3, 0x5d, 0x4,
    0x58, 0x8, 0xa1, 0x49, 0x40, 0x7e, 0xeb, 0xcf,
    0xba, 0x60,

    /* U+74E6 "瓦" */
    0xff, 0xff, 0xb8, 0x3f, 0xe1, 0xbf, 0xff, 0x70,
    0x6, 0x15, 0x0, 0xff, 0x10, 0x7f, 0x76, 0x40,
    0xe, 0x73, 0xff, 0xc4, 0x1, 0xed, 0x57, 0x21,
    0x13, 0x80, 0x78, 0xb8, 0xb4, 0xc0, 0x3f, 0x39,
    0xa5, 0xe8, 0x80, 0x7c, 0x4a, 0xb, 0x26, 0x1,
    0x28, 0x81, 0x80, 0x80, 0x1c, 0x80, 0x2f, 0x50,
    0x92, 0x47, 0x9b, 0x60, 0x10, 0x66, 0x12, 0x9f,
    0xf7, 0xf9, 0xf6, 0xbc, 0x8, 0x9d, 0xcb, 0x96,
    0x41, 0x6f, 0xf6, 0x0,

    /* U+7528 "用" */
    0x0, 0x67, 0x77, 0xf0, 0x80, 0x7, 0x7b, 0x94,
    0x5d, 0xd0, 0x7, 0x8, 0x7, 0xff, 0x3, 0xae,
    0xd0, 0x57, 0x70, 0x80, 0x6a, 0xff, 0x59, 0xff,
    0xc2, 0x1, 0x91, 0x23, 0x14, 0x48, 0x3, 0x10,
    0x7, 0xff, 0x7, 0x7f, 0xd6, 0x7f, 0xf0, 0x80,
    0x8, 0x7f, 0xeb, 0x3f, 0xf8, 0x40, 0xa, 0x80,
    0x1f, 0xf5, 0x70, 0x7, 0xf9, 0x5d, 0x0, 0x3d,
    0xdc, 0x31, 0x5a, 0x0, 0xc9, 0x81, 0xdc, 0xd0,

    /* U+7535 "电" */
    0x0, 0xed, 0x30, 0xf, 0xfe, 0x39, 0x77, 0x62,
    0xde, 0xec, 0x20, 0x17, 0xfc, 0x55, 0xff, 0x8,
    0x6, 0x11, 0x81, 0xc4, 0x60, 0xc, 0x3d, 0xd1,
    0x6f, 0x74, 0x1, 0x87, 0xba, 0x2a, 0xee, 0x80,
    0x3f, 0x9c, 0x3, 0xe1, 0xee, 0x8b, 0x3b, 0xa0,
    0xc, 0x3f, 0xf1, 0x5f, 0xfd, 0xc8, 0x44, 0xe1,
    0x18, 0x1c, 0x47, 0x7b, 0x80, 0x70, 0xa0, 0x4,
    0x28, 0xe0, 0x1d, 0x32, 0xff, 0xb9, 0xc8,

    /* U+7684 "的" */
    0x0, 0x61, 0x80, 0x5a, 0x20, 0x18, 0x48, 0xc0,
    0x6, 0x61, 0x0, 0xa7, 0x42, 0xe8, 0x2c, 0x2e,
    0xea, 0x48, 0xd8, 0x51, 0x6a, 0x88, 0x73, 0x82,
    0x99, 0x82, 0x1d, 0xc, 0xce, 0x20, 0x1d, 0x96,
    0xa0, 0x1, 0x0, 0x66, 0xe8, 0x14, 0xec, 0xc1,
    0xdc, 0x1f, 0x98, 0x0, 0xd, 0xf0, 0x8, 0x80,
    0xc4, 0x40, 0x12, 0xb3, 0xc, 0xc0, 0x1f, 0xa9,
    0x84, 0x40, 0x62, 0x20, 0xc, 0x21, 0xdc, 0xf,
    0xcc, 0x18, 0x7, 0x22, 0x86, 0x6e, 0xb0, 0x0,
    0xfd, 0xc1, 0x3d, 0x10, 0xe, 0x7f, 0xf6, 0x0,

    /* U+770B "看" */
    0x0, 0xf8, 0x4d, 0x19, 0x80, 0x11, 0x66, 0xeb,
    0xbe, 0xa7, 0x0, 0x80, 0x22, 0xcd, 0xd4, 0x2d,
    0xd4, 0x32, 0x0, 0x43, 0xbb, 0x4b, 0xee, 0xf2,
    0x0, 0xf, 0xfd, 0x21, 0xff, 0xe6, 0x1, 0x99,
    0xac, 0xe6, 0x7e, 0x11, 0x5d, 0xb0, 0x2b, 0x77,
    0xbe, 0xc4, 0x0, 0xb0, 0x67, 0xee, 0xf0, 0xa,
    0x22, 0x2e, 0xee, 0x40, 0x8, 0xcd, 0x84, 0x97,
    0x7d, 0x0, 0x11, 0xd8, 0x82, 0x5d, 0xf4, 0x0,
    0x7c, 0xb7, 0x7d, 0x0, 0x1f, 0x2e, 0x67, 0x48,
    0x4,

    /* U+783E "砾" */
    0x0, 0xff, 0x1b, 0x98, 0xf, 0xfe, 0xa6, 0xee,
    0x6c, 0x78, 0x0, 0x7d, 0xe3, 0xeb, 0xe3, 0xbe,
    0xe0, 0xc0, 0x24, 0x50, 0x1, 0xa8, 0x60, 0x80,
    0x71, 0x10, 0x0, 0xc4, 0x1, 0xf3, 0x8f, 0x71,
    0x4f, 0x70, 0x77, 0x30, 0x41, 0x29, 0xcc, 0x17,
    0xfe, 0x8, 0xff, 0x11, 0x90, 0x6, 0x40, 0x31,
    0x51, 0x30, 0x3f, 0x0, 0xc5, 0xe0, 0x17, 0x90,
    0x0, 0x40, 0x35, 0x58, 0x5, 0x76, 0x0, 0x93,
    0x58, 0x99, 0x80, 0x13, 0xb8, 0x2, 0x4c, 0xf4,
    0x81, 0x0, 0x85, 0xc8, 0xf, 0xc4, 0x46, 0xc9,
    0xe4, 0x21, 0x24,

    /* U+786E "确" */
    0x0, 0xf9, 0x18, 0x3, 0x87, 0xff, 0x48, 0x45,
    0xe6, 0x1c, 0x0, 0x3e, 0xd3, 0xf2, 0x8f, 0x9a,
    0x24, 0x1, 0x91, 0x0, 0x35, 0x2, 0x82, 0xa0,
    0x10, 0x99, 0x6, 0x8e, 0xf5, 0x17, 0x78, 0x1,
    0x82, 0x65, 0x9, 0x5c, 0x3d, 0xc0, 0xa, 0x4a,
    0xd5, 0x82, 0x74, 0x77, 0x40, 0x3, 0x33, 0x93,
    0x80, 0x27, 0x47, 0x74, 0x0, 0x3e, 0x0, 0xcf,
    0x8c, 0x2c, 0xc0, 0x8, 0x40, 0x31, 0x0, 0x87,
    0x8, 0x6, 0x4d, 0x41, 0x38, 0x71, 0x87, 0x0,
    0xc9, 0x9c, 0x8a, 0x1, 0xf8, 0xf4, 0x45, 0x50,
    0x0, 0x45, 0xe4, 0x0, 0xb, 0x0, 0x34, 0x2,
    0xa5, 0xeb, 0x0,

    /* U+793A "示" */
    0x0, 0x67, 0x77, 0xec, 0x0, 0xdb, 0x99, 0xfb,
    0x80, 0x30, 0x91, 0x7f, 0x0, 0x42, 0x3f, 0xfc,
    0x0, 0x1e, 0xef, 0xfe, 0x0, 0x8b, 0xff, 0x9d,
    0xdf, 0xfc, 0x20, 0x14, 0x90, 0x6, 0x28, 0x0,
    0xe5, 0x42, 0x0, 0xc4, 0xaa, 0x0, 0x86, 0xe4,
    0x3, 0xdd, 0x62, 0x0, 0xd6, 0x40, 0xf, 0x1a,
    0x40, 0x12, 0x40, 0x8, 0x8, 0x6, 0x81, 0x2,
    0x80, 0x6, 0xfb, 0xe0, 0x4, 0x50, 0x0,

    /* U+79D2 "秒" */
    0x0, 0x8e, 0x58, 0x0, 0x3c, 0x1, 0x87, 0x3b,
    0x39, 0x0, 0x3f, 0xe, 0xf0, 0x39, 0xb, 0x0,
    0x52, 0x1, 0x8, 0x6, 0x5a, 0x0, 0x8d, 0x81,
    0x7b, 0xc3, 0xb8, 0x68, 0x1, 0x45, 0x82, 0xf4,
    0x85, 0x75, 0xe0, 0x4, 0x40, 0x60, 0xa, 0x8,
    0x21, 0x40, 0xd, 0xc6, 0x8, 0xa1, 0x10, 0xd0,
    0xd, 0x36, 0x3, 0x56, 0x9, 0x40, 0x1, 0x62,
    0x69, 0x4, 0x62, 0x0, 0xf4, 0xfc, 0x8, 0x2c,
    0x0, 0x79, 0x7d, 0x5c, 0x3, 0xe2, 0x6c, 0x8a,
    0x80, 0xf, 0xd1, 0xb3, 0xa8, 0x1, 0x80,

    /* U+79DF "租" */
    0x0, 0xca, 0x80, 0x1f, 0xd3, 0x9f, 0xe1, 0x4f,
    0xfe, 0x10, 0x5, 0x68, 0x52, 0x82, 0x7f, 0xc2,
    0x1, 0x18, 0x80, 0x7f, 0xc9, 0xfe, 0xf, 0xe0,
    0x5b, 0xb8, 0x40, 0x9, 0xf4, 0x19, 0xc0, 0x51,
    0x10, 0x7, 0x48, 0x78, 0x83, 0x99, 0xc2, 0x1,
    0x1b, 0x84, 0xd8, 0x7, 0xf7, 0xf8, 0x17, 0x81,
    0x3f, 0xe1, 0x0, 0x2b, 0xa0, 0x1, 0x1, 0x3f,
    0xe1, 0x0, 0x24, 0x80, 0x7f, 0xf0, 0x4, 0x80,
    0x21, 0x13, 0x88, 0xc0, 0x40, 0x1e, 0x88, 0xe,
    0x64, 0x7c, 0xa0,

    /* U+7A79 "穹" */
    0x0, 0xe7, 0x10, 0xe, 0x22, 0xeb, 0x82, 0x2c,
    0x39, 0x33, 0x9c, 0xa6, 0x6f, 0x80, 0x9e, 0xe,
    0xbb, 0x1, 0xcd, 0x85, 0x41, 0xd2, 0x80, 0x2f,
    0x27, 0x6d, 0x32, 0xf3, 0x77, 0x4b, 0x79, 0x3,
    0x6e, 0xfc, 0xc, 0x0, 0x6c, 0xcf, 0x88, 0x2,
    0xfa, 0xcc, 0xf7, 0x90, 0x1, 0x6a, 0xef, 0xea,
    0x0, 0x77, 0x26, 0x7d, 0x8c, 0x0, 0x22, 0xfd,
    0x96, 0x1, 0xe7, 0xed, 0xe7, 0x70, 0x7, 0x9f,
    0xb7, 0xb0, 0x0,

    /* U+7AD9 "站" */
    0x0, 0x24, 0x0, 0x61, 0xe0, 0xf, 0x2b, 0x0,
    0x7f, 0xc6, 0x4e, 0xa6, 0x1, 0xf8, 0x62, 0x5,
    0xd0, 0x60, 0x1, 0xee, 0x98, 0x7e, 0x6f, 0xb8,
    0x60, 0x1, 0xee, 0x98, 0x9, 0x43, 0x4c, 0x3,
    0xf8, 0xb8, 0xd, 0x40, 0x6, 0x1, 0xe5, 0x50,
    0x31, 0xbf, 0xe0, 0x77, 0x40, 0x1, 0x10, 0x6,
    0x6e, 0xeb, 0xc0, 0x35, 0x28, 0xc7, 0x80, 0x7c,
    0x57, 0x10, 0x5d, 0xf0, 0xf, 0x8b, 0xb9, 0xb2,
    0xa0, 0xf9, 0x98, 0x2, 0x51, 0x0, 0xc9, 0xdd,
    0x48, 0x0,

    /* U+7B2C "第" */
    0x0, 0x3c, 0x0, 0x43, 0xa0, 0x1f, 0x4a, 0xdd,
    0xa9, 0x8a, 0xef, 0x0, 0x29, 0xa5, 0xaa, 0x27,
    0x35, 0xea, 0xc0, 0xc6, 0x11, 0xc1, 0x24, 0xd9,
    0x4c, 0x0, 0x7f, 0xba, 0x7c, 0xba, 0xdd, 0x27,
    0x0, 0x49, 0xbb, 0x87, 0xb7, 0x58, 0x40, 0x1a,
    0xf7, 0x63, 0xed, 0xd6, 0x0, 0x72, 0x6e, 0xc5,
    0x3b, 0xb7, 0x0, 0x44, 0x26, 0x70, 0x11, 0x9e,
    0x10, 0x9, 0x26, 0x30, 0xaa, 0x66, 0xd4, 0x0,
    0x15, 0x50, 0x58, 0xbe, 0xaa, 0x36, 0x0, 0x93,
    0x31, 0x22, 0x2, 0x68, 0x46, 0x0, 0xac, 0xd6,
    0x0, 0xd1, 0xd4, 0x1, 0x54, 0x8, 0x3, 0xc,
    0x6e, 0x94, 0x0,

    /* U+7B49 "等" */
    0x0, 0x2c, 0x80, 0x6d, 0x10, 0xf, 0x42, 0x66,
    0x4c, 0x5b, 0x99, 0x20, 0x33, 0xd3, 0x6f, 0xc6,
    0x23, 0x6e, 0x90, 0x6a, 0x8c, 0x22, 0x44, 0x1c,
    0x30, 0x88, 0x7, 0x23, 0x5f, 0x29, 0x73, 0x1,
    0x84, 0x1, 0x4e, 0xed, 0x69, 0xbb, 0x88, 0x0,
    0x64, 0x58, 0x5c, 0x8b, 0x18, 0x84, 0xcf, 0x6b,
    0x4f, 0x72, 0x64, 0x81, 0x57, 0x7f, 0x2a, 0x5d,
    0x94, 0x23, 0x33, 0xe6, 0x7c, 0xc1, 0x4, 0x6c,
    0x87, 0x6e, 0xd2, 0xdb, 0xa2, 0x0, 0x93, 0xb4,
    0xc0, 0x1e, 0x1, 0xf8, 0xfc, 0xeb, 0xdb, 0x0,
    0x20,

    /* U+7B79 "筹" */
    0x0, 0x2d, 0x0, 0x6d, 0x10, 0xf, 0x4b, 0xdd,
    0xa9, 0xa, 0xae, 0xe1, 0x7, 0x77, 0x2c, 0xc5,
    0x5f, 0xad, 0x50, 0x45, 0x34, 0x70, 0xdf, 0x8,
    0x89, 0x1, 0x1, 0xbd, 0xca, 0xa1, 0xd6, 0x62,
    0xf4, 0x40, 0xb, 0x15, 0x42, 0x4a, 0xad, 0xc2,
    0x1, 0x8c, 0x4f, 0xc, 0xf0, 0x4, 0x59, 0x13,
    0x41, 0x53, 0x3b, 0xb0, 0x89, 0x98, 0xe3, 0xdc,
    0xc9, 0xbf, 0x30, 0x40, 0x1, 0xf3, 0xfc, 0xc9,
    0x7b, 0x10, 0x0, 0x78, 0xba, 0xa9, 0x98, 0x3e,
    0xc4, 0x1, 0xdb, 0x80, 0x84, 0x30, 0xf, 0xf,
    0x30, 0x5, 0x87, 0xa4, 0x40, 0x8,

    /* U+7EA2 "红" */
    0x0, 0x8c, 0x80, 0x3f, 0xf8, 0x1c, 0x80, 0x45,
    0xf0, 0x4, 0xa0, 0xc1, 0xdf, 0xed, 0xcf, 0xf1,
    0x80, 0x22, 0x45, 0x73, 0x74, 0x5b, 0xb1, 0x84,
    0xa2, 0xde, 0x0, 0x7e, 0x26, 0x7e, 0x79, 0x0,
    0xfc, 0x5f, 0x83, 0xe0, 0x1f, 0xe2, 0xfa, 0x3,
    0x0, 0xfc, 0x38, 0x55, 0x28, 0x1, 0xf8, 0x77,
    0xb9, 0x6e, 0x1, 0xfc, 0x66, 0x58, 0x80, 0x7,
    0xe2, 0xfc, 0xff, 0x67, 0xfc, 0x59, 0xfe, 0x82,
    0xee, 0x53, 0xa7, 0x77, 0xd0,

    /* U+7EC4 "组" */
    0x0, 0x9c, 0x3, 0xff, 0x80, 0x74, 0x0, 0x7f,
    0xfe, 0x0, 0xd1, 0x60, 0x14, 0x7f, 0xb8, 0x3,
    0x1b, 0x31, 0x8, 0x3, 0xfb, 0xb8, 0x12, 0x0,
    0xe3, 0x32, 0x80, 0x4e, 0x5d, 0xf4, 0x40, 0x91,
    0xf, 0x0, 0x9b, 0xa1, 0x5c, 0x1, 0x57, 0x6a,
    0x0, 0x85, 0x66, 0x4a, 0x60, 0x1f, 0x92, 0xca,
    0x48, 0x42, 0x3f, 0xdc, 0x1, 0x2e, 0xf5, 0x39,
    0x4, 0x7f, 0xb8, 0x2, 0x12, 0x23, 0x4a, 0x0,
    0x7e, 0x5e, 0xcf, 0xc4, 0x0, 0xfc, 0x99, 0xd2,
    0xbb, 0x10, 0xff, 0x70, 0x79, 0x0,

    /* U+7ED3 "结" */
    0x0, 0xd, 0x80, 0x61, 0xf0, 0xf, 0x30, 0x7,
    0xff, 0x6, 0x7c, 0x13, 0xfd, 0xc1, 0xff, 0x10,
    0x3a, 0x21, 0xc3, 0xfd, 0xa1, 0xff, 0x11, 0xc6,
    0xbc, 0x30, 0x0, 0xc0, 0x3c, 0xbf, 0x10, 0x2d,
    0xef, 0xe, 0xe6, 0x81, 0xd0, 0x9b, 0x86, 0x7f,
    0xbb, 0xfd, 0x80, 0x6, 0x7d, 0x22, 0x8, 0xfc,
    0x7, 0x23, 0xde, 0x91, 0xfd, 0xd7, 0xc0, 0x15,
    0x6f, 0xeb, 0x4, 0xf7, 0x50, 0x0, 0x14, 0x66,
    0x4b, 0x80, 0x7e, 0x5e, 0xfe, 0xd6, 0xb, 0xaa,
    0xc0, 0x5, 0xfb, 0x84, 0x10, 0x49, 0x99, 0x0,
    0x0,

    /* U+7EE7 "继" */
    0x0, 0xff, 0xe2, 0xe, 0x0, 0x7b, 0x80, 0x39,
    0xc4, 0x7, 0x48, 0xc0, 0x25, 0x10, 0x5, 0x58,
    0x6, 0x90, 0xa, 0x4, 0xc, 0x98, 0xcc, 0x4,
    0x20, 0x6, 0xa0, 0x7, 0xc0, 0x70, 0x80, 0x20,
    0x41, 0x18, 0xc, 0xd7, 0xf4, 0x41, 0x3d, 0xe3,
    0xf8, 0xc7, 0xb2, 0x8e, 0x0, 0x9d, 0x50, 0x4d,
    0x60, 0x19, 0x85, 0x20, 0x3, 0x18, 0xf4, 0x0,
    0xe8, 0x49, 0x8, 0x2d, 0x40, 0x39, 0x98, 0x7b,
    0x69, 0xc0, 0xf, 0x80, 0x15, 0x98, 0x24, 0x5e,
    0xa0, 0x10, 0x2, 0x0, 0x22, 0xef, 0x9d, 0x72,
    0xdd, 0xaf, 0x75, 0x5, 0x4e, 0x40, 0x3d, 0x99,
    0xe9,

    /* U+7EED "续" */
    0x0, 0xac, 0x3, 0x2d, 0x0, 0x79, 0x40, 0x22,
    0x32, 0x13, 0x30, 0x80, 0x53, 0xe0, 0xb, 0x9b,
    0x59, 0x91, 0x0, 0x15, 0xd1, 0x42, 0x6a, 0x89,
    0x54, 0x30, 0x1b, 0xf6, 0x95, 0xdd, 0x5a, 0x6e,
    0xc0, 0x4b, 0xd3, 0xcb, 0xed, 0xe3, 0xb5, 0x60,
    0x76, 0x14, 0x44, 0xa9, 0x40, 0x3, 0x30, 0x0,
    0xcf, 0xb6, 0x5b, 0x6c, 0x0, 0x10, 0x1, 0x43,
    0xed, 0x47, 0x2e, 0x5, 0xdc, 0x5, 0xd4, 0x88,
    0x99, 0x70, 0x3f, 0xcc, 0x80, 0xb, 0x79, 0xa2,
    0x4a, 0x35, 0x2e, 0x40, 0x7f, 0xed, 0x82, 0xab,
    0xc2, 0xc9, 0x80, 0x3a, 0x40, 0x5, 0xee, 0x8,
    0xe, 0x8, 0x80,

    /* U+7EFF "绿" */
    0x0, 0x94, 0x3, 0xff, 0x80, 0x76, 0x0, 0xce,
    0xed, 0xf0, 0x1, 0x53, 0x0, 0x33, 0xbb, 0x3f,
    0x80, 0x5, 0xe5, 0x85, 0xf7, 0x73, 0x0, 0x55,
    0x5, 0x2, 0xfb, 0xb9, 0x4, 0x9, 0x6b, 0x2c,
    0x7b, 0xb9, 0x66, 0xb, 0xa9, 0x14, 0x73, 0xb8,
    0x3d, 0xfb, 0x0, 0x57, 0x8, 0x17, 0x0, 0x12,
    0xf0, 0x86, 0x17, 0xe8, 0x49, 0x10, 0x33, 0xf0,
    0x43, 0x7f, 0x24, 0x1, 0xfe, 0x0, 0x78, 0x4,
    0x69, 0x1a, 0x75, 0xd8, 0x1b, 0x10, 0x1, 0xff,
    0x76, 0x6, 0x58, 0x80, 0xe8, 0x30, 0xfd, 0xb0,
    0x9b, 0x27, 0x18, 0x2, 0x18, 0x3, 0xe4, 0xec,
    0x0, 0xc0,

    /* U+7F51 "网" */
    0xef, 0xff, 0xf6, 0x7, 0x7f, 0xfe, 0xc0, 0xe,
    0x96, 0x0, 0x43, 0x0, 0x49, 0x60, 0xa5, 0x80,
    0x6a, 0x1, 0x21, 0x49, 0x22, 0x29, 0x4c, 0x3,
    0x4a, 0xa8, 0x20, 0x54, 0x3, 0xce, 0xa2, 0x2,
    0xa2, 0x1, 0x8d, 0xa6, 0xc9, 0x1a, 0x0, 0x23,
    0xf8, 0x7c, 0x99, 0x42, 0xb8, 0x2, 0x19, 0x40,
    0x41, 0xc3, 0x1c, 0x1, 0x14, 0x0, 0x6a, 0x0,
    0x98, 0x0, 0x60, 0x10, 0x88, 0x23, 0xee, 0x80,

    /* U+81EA "自" */
    0x0, 0xd6, 0x80, 0x1f, 0x12, 0x20, 0x3, 0x6f,
    0xfb, 0x43, 0xff, 0x69, 0xef, 0xff, 0xb0, 0xc0,
    0x3f, 0x8, 0x3, 0x7b, 0xbd, 0xa0, 0xd, 0xee,
    0xf6, 0x0, 0x7f, 0x8, 0x3, 0x3b, 0xbd, 0x80,
    0xc, 0xee, 0xf6, 0x80, 0x7f, 0x8, 0x3, 0x3b,
    0xbd, 0x80, 0xd, 0xff, 0xf6, 0x98,

    /* U+8272 "色" */
    0x0, 0xd4, 0x80, 0x1f, 0xe5, 0x57, 0xdd, 0xc2,
    0x1, 0xc3, 0x75, 0x10, 0x30, 0x10, 0xc, 0x5f,
    0xa, 0x62, 0xd4, 0x1, 0x93, 0x46, 0x3b, 0x9a,
    0x3f, 0xdc, 0x30, 0x79, 0x3d, 0xee, 0x1e, 0x77,
    0x8, 0x0, 0x6c, 0x1, 0xff, 0xc2, 0x53, 0x30,
    0xa9, 0x98, 0x40, 0x3a, 0xff, 0xc3, 0x5f, 0xe2,
    0x0, 0xee, 0xcc, 0xf7, 0x8, 0x7, 0xfc, 0x29,
    0x20, 0x7, 0x50, 0xf, 0xab, 0xc0, 0x1f, 0x7f,
    0xff, 0x3b, 0x0,

    /* U+82AF "芯" */
    0x0, 0xde, 0x1, 0xf, 0x0, 0x7f, 0xf1, 0xff,
    0xe0, 0xff, 0xb8, 0x7f, 0xe0, 0x7, 0xfc, 0x1d,
    0xfe, 0xd1, 0xff, 0x80, 0x3a, 0x86, 0xc8, 0x96,
    0x1, 0xf9, 0x43, 0x64, 0x14, 0x3, 0xf2, 0x83,
    0x29, 0x80, 0x7d, 0x41, 0x62, 0xd, 0x20, 0x36,
    0x1, 0x12, 0x0, 0x6a, 0xe0, 0x16, 0x40, 0x5,
    0x38, 0x6, 0x24, 0x0, 0x5f, 0x80, 0x1a, 0x80,
    0x3c, 0x94, 0xe8, 0x4, 0xe6, 0x6, 0x40, 0x11,
    0x98, 0x58, 0x4a, 0x40, 0xb, 0x9f, 0xf4, 0xd0,
    0x48, 0x80,

    /* U+8349 "草" */
    0x0, 0xdc, 0x1, 0x1e, 0x0, 0x61, 0xee, 0x87,
    0xba, 0xd3, 0xee, 0x80, 0x7b, 0xa0, 0xfe, 0xe5,
    0x1f, 0x74, 0x1, 0x9, 0x59, 0x14, 0xf0, 0x42,
    0x1, 0xa3, 0xb9, 0x31, 0x9, 0xef, 0x60, 0xe,
    0x48, 0x8f, 0x38, 0x7, 0x92, 0xef, 0xce, 0x1,
    0xeb, 0xbf, 0x9c, 0x3, 0xbf, 0x62, 0x19, 0xd1,
    0x0, 0x30, 0xc, 0xd5, 0x53, 0xd5, 0x64, 0x0,
    0x17, 0xff, 0x34, 0xff, 0xf0, 0x97, 0xff, 0x34,
    0xff, 0xf0, 0x80, 0x7f, 0xf0, 0x80,

    /* U+84DD "蓝" */
    0x0, 0xdc, 0x20, 0x1, 0xe0, 0xc, 0x5d, 0xd0,
    0xff, 0x73, 0xc7, 0xba, 0x22, 0x77, 0x47, 0xfd,
    0xcf, 0x3e, 0xe8, 0x80, 0x34, 0xa0, 0xf, 0xe0,
    0x7, 0x16, 0x86, 0x90, 0x38, 0x44, 0x4c, 0x1,
    0xfa, 0xa4, 0x7b, 0x54, 0x3, 0xe6, 0x7, 0xec,
    0x53, 0x0, 0x84, 0x2, 0x5e, 0x7, 0x71, 0x80,
    0x45, 0xa3, 0x86, 0x46, 0x22, 0x81, 0x0, 0xd5,
    0xbf, 0x75, 0x4e, 0xa9, 0xf0, 0xe, 0xfb, 0x2b,
    0xb1, 0x5f, 0x0, 0x7f, 0xf1, 0x53, 0x93, 0x78,
    0xbb, 0x85, 0xd8, 0x5c, 0x80,

    /* U+8679 "虹" */
    0x0, 0xb4, 0x3, 0xff, 0x88, 0x6e, 0xfe, 0x0,
    0xf9, 0xb3, 0x11, 0x79, 0xa0, 0xe, 0xe1, 0x77,
    0xad, 0xd8, 0xe2, 0xe8, 0x0, 0x7c, 0x7c, 0x40,
    0x1f, 0xfd, 0x93, 0xe3, 0xe3, 0x0, 0xfe, 0x4e,
    0x1e, 0xe0, 0x7, 0xf5, 0x0, 0x7, 0x0, 0x3f,
    0x8d, 0x46, 0x89, 0x40, 0x3e, 0x48, 0xda, 0xa6,
    0x46, 0xe8, 0xeb, 0x74, 0x49, 0x70, 0xa2, 0x59,
    0xfe, 0xdc, 0xff, 0x10,

    /* U+884C "行" */
    0x0, 0x96, 0x40, 0x3f, 0xe4, 0xba, 0x7, 0xff,
    0xf2, 0x3, 0x55, 0xc, 0x1f, 0xff, 0xc8, 0x37,
    0x89, 0x8, 0x1, 0xf8, 0x74, 0x99, 0x54, 0x1,
    0xfe, 0x39, 0xf0, 0xff, 0xfa, 0x81, 0x70, 0x48,
    0x7f, 0xf4, 0x37, 0xd1, 0x55, 0x0, 0x3f, 0xe2,
    0xe4, 0x0, 0xff, 0xe0, 0x8, 0x7, 0xff, 0x58,
    0x45, 0xe0, 0x1f, 0xf5, 0x7a, 0xe8, 0x0,

    /* U+89C8 "览" */
    0x0, 0xff, 0xe2, 0xf, 0x0, 0x26, 0x0, 0x30,
    0xe8, 0x7, 0x3f, 0x8, 0xc0, 0x1f, 0x18, 0xde,
    0x64, 0xa0, 0x1e, 0xf7, 0xe6, 0xdd, 0x28, 0x8,
    0x4, 0x2f, 0x7, 0xd8, 0x0, 0x1c, 0x1, 0xe1,
    0xb0, 0x2, 0xe8, 0x6, 0xfe, 0xef, 0x7e, 0x0,
    0x77, 0xf7, 0xc7, 0x73, 0x0, 0x3f, 0x14, 0x0,
    0x7f, 0xca, 0x6c, 0x1, 0xf4, 0x89, 0x45, 0x58,
    0x14, 0x88, 0x4, 0xb3, 0xf6, 0xa6, 0x2, 0x90,
    0xad, 0xdf, 0xed, 0x52, 0x3e, 0xe9, 0x51, 0xbf,
    0x18, 0x2, 0xde, 0xeb, 0x4,

    /* U+89E3 "解" */
    0x0, 0x38, 0x80, 0x7f, 0xc3, 0x15, 0x66, 0x6d,
    0xef, 0xde, 0xc0, 0x3, 0xb4, 0xb3, 0x9e, 0xc2,
    0x6e, 0x9c, 0x6, 0x5, 0x4c, 0x84, 0x2f, 0xc1,
    0x88, 0x18, 0x45, 0x51, 0x69, 0xae, 0x97, 0x18,
    0xe, 0xb4, 0xcd, 0xab, 0xc0, 0xf5, 0x40, 0x28,
    0x5a, 0x51, 0x17, 0xb, 0x0, 0x76, 0x94, 0x90,
    0x52, 0xf8, 0xf5, 0x80, 0x4, 0xc0, 0x41, 0x1f,
    0xbc, 0x7a, 0xc0, 0xf, 0x85, 0x64, 0x61, 0x7a,
    0x37, 0x62, 0x1, 0x95, 0x95, 0x69, 0x97, 0x8c,
    0xc8, 0x88, 0xc0, 0x18, 0x48, 0xa0, 0x22, 0x2,
    0xf8, 0x7d, 0xb1, 0x0, 0x7c, 0xe8, 0x9, 0x7a,
    0x1, 0xf, 0x0, 0x40,

    /* U+89E6 "触" */
    0x0, 0xff, 0xe2, 0x59, 0x0, 0x77, 0x88, 0x6,
    0x14, 0x8a, 0x30, 0xf, 0xe7, 0x58, 0x71, 0x1,
    0x10, 0x10, 0x88, 0x1, 0x7c, 0x2, 0x41, 0xdc,
    0xc, 0xed, 0x7, 0x29, 0xd1, 0xf0, 0x1f, 0x1f,
    0xd0, 0x3, 0x1f, 0x9e, 0x90, 0x18, 0x18, 0x18,
    0x0, 0x5b, 0xcf, 0x8, 0x3, 0xf8, 0x7c, 0xf0,
    0x80, 0xac, 0xaf, 0x40, 0x3f, 0xaf, 0xc3, 0xa3,
    0xc0, 0xf, 0xe7, 0x84, 0x8, 0x80, 0x4d, 0x20,
    0x0, 0xe9, 0xe1, 0x0, 0x77, 0xc0, 0x18, 0x80,
    0x65, 0x8a, 0xf, 0x86, 0x1b, 0xa0, 0x4, 0x8,
    0xe, 0xde, 0x73, 0x24, 0x30, 0x64, 0x62, 0xcb,
    0xa1, 0x4, 0xa8,

    /* U+8BA1 "计" */
    0x0, 0x40, 0x80, 0x65, 0xb0, 0xf, 0x7e, 0x8,
    0x7, 0xfc, 0xeb, 0x0, 0x1f, 0xfc, 0x8, 0x90,
    0xf, 0xe1, 0x55, 0x80, 0x46, 0x30, 0x11, 0x80,
    0xbf, 0xa8, 0x3f, 0xb9, 0x29, 0xdd, 0x21, 0xd5,
    0x0, 0x1d, 0xfe, 0xa4, 0xff, 0x90, 0x3, 0xff,
    0xaa, 0x80, 0x1f, 0xe3, 0xc, 0xc0, 0x7, 0xf9,
    0x46, 0x20, 0x1, 0xfe, 0x3c, 0x40, 0xf, 0xe0,

    /* U+8BA4 "认" */
    0x0, 0x30, 0x80, 0x61, 0xf0, 0xf, 0x76, 0x8,
    0x6, 0x10, 0xf, 0x42, 0x58, 0x7, 0xff, 0x2,
    0x6c, 0x2, 0x33, 0x0, 0x70, 0x8e, 0x0, 0x84,
    0x3, 0x93, 0x31, 0xc0, 0x19, 0x88, 0x3, 0x26,
    0xe8, 0x3, 0x88, 0x8, 0x3, 0xfe, 0xd0, 0x50,
    0xf, 0xf9, 0x6a, 0xc0, 0x3f, 0x20, 0x29, 0x28,
    0x20, 0x7, 0xae, 0x6, 0x68, 0x2a, 0x0, 0x32,
    0x6, 0x62, 0x45, 0xc1, 0x82, 0x80, 0x36, 0x3b,
    0x2f, 0x80, 0x5a, 0xee, 0x0, 0x21, 0x83, 0x61,
    0x0, 0x43, 0xae,

    /* U+8BBE "设" */
    0x0, 0xff, 0xe2, 0x63, 0x80, 0x5d, 0xff, 0x58,
    0x6, 0xcb, 0x70, 0xb, 0xbf, 0x0, 0x3d, 0x8c,
    0x4, 0x2, 0x1, 0xe6, 0x62, 0x88, 0xba, 0x0,
    0x2, 0xb0, 0xa0, 0x3f, 0x1, 0x74, 0xc0, 0x2,
    0xcc, 0x30, 0x3d, 0x80, 0x3a, 0xb3, 0x37, 0x70,
    0xc0, 0x39, 0x5e, 0xfb, 0xa6, 0xd0, 0xf, 0xc,
    0xc8, 0xc8, 0x51, 0x80, 0x38, 0x50, 0xa7, 0x13,
    0x68, 0x40, 0x21, 0x2f, 0x10, 0x71, 0xb7, 0x40,
    0xd, 0x45, 0x8d, 0x1c, 0xd4, 0x9a, 0xc4, 0x0,
    0xad, 0x2a, 0xc, 0xa5, 0xd8, 0xc5,

    /* U+8BD5 "试" */
    0x0, 0x40, 0x80, 0x71, 0x6b, 0x20, 0x5, 0xf8,
    0x20, 0x1c, 0x6f, 0x24, 0x0, 0x74, 0x70, 0xc,
    0x60, 0x30, 0x20, 0x14, 0xb7, 0x7f, 0xdc, 0x3f,
    0x5e, 0xe, 0xe6, 0xe, 0xff, 0xb8, 0x3f, 0xd8,
    0x1f, 0xd0, 0x1, 0xc2, 0x2, 0x1, 0x44, 0x0,
    0xd, 0xdd, 0x19, 0x18, 0x7, 0xcd, 0xc3, 0xc6,
    0x2c, 0x1, 0xff, 0xc0, 0x62, 0x0, 0xf8, 0x40,
    0x36, 0xf8, 0x18, 0x0, 0xc2, 0xe5, 0x3, 0x30,
    0x68, 0x1c, 0x0, 0x51, 0xd1, 0x87, 0xfc, 0x43,
    0x97, 0x0, 0x1e, 0xb4, 0xe4, 0x18, 0x2, 0xdb,
    0x80, 0x8, 0x40, 0x1f, 0x2f, 0xa0,

    /* U+8BF7 "请" */
    0x0, 0x30, 0x7, 0x25, 0x80, 0x7a, 0xa4, 0x1b,
    0x31, 0x29, 0x99, 0x8, 0x3, 0x51, 0xd, 0xba,
    0x83, 0xdd, 0x84, 0x0, 0x38, 0x85, 0xba, 0x83,
    0xdd, 0x48, 0xb, 0x31, 0x0, 0x62, 0x14, 0x51,
    0xc, 0x20, 0xee, 0x58, 0x29, 0x98, 0x28, 0xce,
    0x11, 0x44, 0x80, 0x1b, 0x2e, 0xf8, 0x8c, 0x3,
    0xcb, 0x99, 0x94, 0xc0, 0x3f, 0x5d, 0xe7, 0x0,
    0xf8, 0x82, 0xef, 0x38, 0x7, 0xe, 0x20, 0x65,
    0xdc, 0xe0, 0x19, 0xc2, 0x58, 0x32, 0xee, 0x70,
    0xc, 0x5a, 0xa0, 0x18, 0xf9, 0x14, 0x0,

    /* U+8BFA "诺" */
    0x1, 0x60, 0xd, 0xe0, 0x8, 0x70, 0xd, 0x52,
    0x11, 0x0, 0x88, 0x25, 0xc2, 0x0, 0xe1, 0x1f,
    0x70, 0x3b, 0x8e, 0xdc, 0xe0, 0x15, 0x9b, 0x31,
    0x41, 0xbb, 0xd8, 0xc6, 0x64, 0xe0, 0x14, 0x40,
    0x15, 0x40, 0x1, 0xf0, 0xb1, 0xcc, 0x78, 0xe6,
    0x67, 0x6, 0xa0, 0x1e, 0xf2, 0xbe, 0xec, 0xc0,
    0x1c, 0x54, 0xa8, 0x45, 0x84, 0x3, 0x99, 0x8b,
    0xdd, 0xac, 0x3, 0x8a, 0x19, 0x9d, 0xd6, 0xb8,
    0x4, 0xe3, 0x3b, 0x80, 0x1f, 0xd8, 0x58, 0x60,
    0x67, 0x94, 0x3, 0xb5, 0xc0, 0x9, 0x11, 0x53,
    0x80,

    /* U+8D26 "账" */
    0x0, 0xfb, 0x44, 0x3, 0xd9, 0xba, 0xec, 0x0,
    0xea, 0x50, 0xb, 0x7f, 0x80, 0x39, 0x5d, 0x40,
    0x36, 0x0, 0x71, 0xdf, 0x0, 0x7f, 0x97, 0x68,
    0xc0, 0x3f, 0x9, 0xb5, 0x28, 0x88, 0x3, 0xec,
    0x1c, 0xbf, 0xf8, 0x40, 0x3d, 0xa5, 0xef, 0x3d,
    0xc1, 0x0, 0x9, 0x80, 0x75, 0x50, 0x3, 0x5a,
    0xa0, 0xd0, 0x4, 0x42, 0x60, 0x13, 0xff, 0xb5,
    0x80, 0x34, 0xf8, 0x4, 0xc0, 0xd5, 0x20, 0x71,
    0xce, 0xd6, 0x7, 0x96, 0xd, 0xe6, 0x1d, 0xe5,
    0x46, 0x27, 0x40, 0x13, 0x1f, 0x38, 0x80, 0x20,
    0x40,

    /* U+8D44 "资" */
    0x1, 0x30, 0x8, 0xac, 0x3, 0xe2, 0xfc, 0x30,
    0x85, 0xaa, 0xe1, 0x3, 0xc8, 0xb8, 0x1c, 0x21,
    0x8c, 0x71, 0x0, 0x92, 0x4a, 0x89, 0x54, 0x0,
    0x90, 0x0, 0xad, 0x7d, 0x8d, 0x25, 0x7a, 0xa0,
    0x3, 0xfb, 0xfc, 0xfa, 0x12, 0x93, 0xd8, 0x61,
    0xd6, 0xa3, 0xdc, 0xa0, 0x2, 0x6c, 0x90, 0x0,
    0xbf, 0xcf, 0x9f, 0xfb, 0x94, 0x40, 0x22, 0xff,
    0x73, 0xff, 0xb8, 0x3, 0xf9, 0x84, 0x3, 0xf9,
    0x80, 0xa7, 0x5c, 0x81, 0x40, 0x31, 0x53, 0xe5,
    0xa8, 0x7e, 0x60, 0x40, 0x13, 0xbf, 0xf2, 0x8b,
    0xef, 0x73, 0xc8, 0x2f, 0x3a, 0x4, 0x3, 0x1c,
    0xf1, 0x0,

    /* U+8D77 "起" */
    0x0, 0xa1, 0xc0, 0x3f, 0xf8, 0x8b, 0xdd, 0xc0,
    0xc, 0xe7, 0x8e, 0xa5, 0xee, 0xbc, 0x2, 0xce,
    0x78, 0xea, 0x0, 0xfc, 0x66, 0x2e, 0x33, 0x0,
    0x7c, 0x53, 0x26, 0x79, 0x92, 0x7f, 0x73, 0xc0,
    0x5, 0x17, 0x9, 0x54, 0x73, 0xee, 0xbc, 0x1,
    0x6e, 0x2, 0x66, 0x0, 0xe1, 0x0, 0x18, 0x1,
    0x66, 0x40, 0x1c, 0x6c, 0x3, 0xa0, 0x95, 0x40,
    0x10, 0x9, 0x38, 0x1d, 0xb8, 0x2, 0x31, 0xff,
    0xaa, 0x80, 0x5e, 0x8c, 0x82, 0x19, 0xff, 0x69,
    0x2a, 0x8b, 0xd2, 0x3f, 0xfe, 0x94, 0x90, 0x18,
    0xce, 0xff, 0xf4, 0x80,

    /* U+8D85 "超" */
    0x0, 0xa5, 0x40, 0x3f, 0xf8, 0x65, 0xdc, 0xfe,
    0xe7, 0x98, 0x67, 0x35, 0x75, 0x75, 0x17, 0x70,
    0x84, 0x33, 0x9a, 0xba, 0x3, 0x54, 0x0, 0x66,
    0x2, 0x21, 0x91, 0x46, 0x92, 0x46, 0x22, 0xe,
    0xe3, 0xcf, 0x4f, 0x70, 0x6e, 0x28, 0x1, 0xfe,
    0xb6, 0xcb, 0xa9, 0xa3, 0x1f, 0x0, 0x5a, 0x2,
    0xd3, 0xee, 0x55, 0x2d, 0x0, 0x2, 0x0, 0x79,
    0x50, 0xf, 0xeb, 0x2, 0x32, 0x1, 0x18, 0xc0,
    0x22, 0x26, 0x80, 0x45, 0x7b, 0xae, 0x50, 0x2,
    0xe2, 0x99, 0x86, 0x33, 0x35, 0x82, 0x29, 0x79,
    0xff, 0xfe, 0x94, 0x90, 0x18, 0xce, 0xff, 0xf4,
    0x80,

    /* U+8DB3 "足" */
    0x0, 0x6f, 0xff, 0xee, 0x0, 0xd9, 0xff, 0xed,
    0x0, 0xff, 0xe3, 0x38, 0x7, 0x84, 0x3, 0xd,
    0x77, 0x3f, 0xdd, 0xcd, 0x30, 0xb, 0x3b, 0xa1,
    0xde, 0xeb, 0x40, 0x22, 0xe0, 0x8, 0x40, 0x3e,
    0x45, 0x0, 0xb7, 0xba, 0xc0, 0xb, 0xd0, 0x80,
    0x19, 0xdd, 0x60, 0x0, 0x5e, 0x24, 0x3, 0xfa,
    0x1d, 0xc7, 0xa2, 0xc2, 0x1, 0x91, 0x64, 0x23,
    0x9a, 0x7f, 0xf6, 0x26, 0x0, 0x47, 0x3b, 0xdf,
    0xf6, 0x0,

    /* U+8F68 "轨" */
    0x0, 0xff, 0xe2, 0xf1, 0x80, 0x56, 0x60, 0x1c,
    0xaa, 0x16, 0x52, 0x0, 0xfd, 0xd0, 0x3d, 0xc4,
    0x0, 0xfd, 0x6f, 0x77, 0x3f, 0x26, 0x76, 0x80,
    0x64, 0x5e, 0x1, 0xe3, 0xcf, 0x0, 0xcc, 0xc0,
    0x10, 0xc, 0x20, 0x1d, 0x6f, 0xe1, 0xf2, 0x2,
    0x60, 0x1d, 0x9f, 0xe0, 0xf9, 0x3, 0x10, 0xe,
    0x10, 0x8, 0xd0, 0x88, 0x1, 0xe6, 0x9c, 0xe,
    0x35, 0xb0, 0xf, 0x68, 0xc8, 0x6b, 0xda, 0x0,
    0x44, 0xe1, 0x70, 0xa0, 0x3, 0x3, 0x0, 0x18,
    0xf0, 0x7, 0xa6, 0x0, 0x2, 0x5b, 0x80, 0x1b,
    0xc2, 0x90, 0x2, 0xce, 0x50,

    /* U+8F6C "转" */
    0x0, 0xa0, 0x3, 0x98, 0xc0, 0x39, 0x10, 0x1,
    0xd6, 0x1, 0x8f, 0xac, 0xfb, 0x5f, 0xbc, 0xb7,
    0xb0, 0xf, 0x93, 0x7b, 0x5f, 0xa9, 0x7b, 0x98,
    0x0, 0x17, 0x57, 0x3, 0x37, 0x19, 0xe1, 0x6,
    0xa0, 0xa, 0x20, 0x85, 0x11, 0x28, 0x4d, 0x56,
    0xb8, 0x3b, 0xbc, 0x81, 0x9a, 0xaa, 0xb0, 0xa3,
    0xee, 0x7c, 0x0, 0x8, 0x7c, 0x8, 0x67, 0xfb,
    0x46, 0x40, 0x62, 0xe5, 0xa0, 0xc5, 0x3, 0xa8,
    0x40, 0x2e, 0x79, 0xb2, 0x39, 0xd4, 0x40, 0x0,
    0x61, 0x78, 0x2, 0x2d, 0x54, 0x20, 0xf, 0xfa,
    0x2e, 0x40, 0x39, 0xdc, 0x1, 0xcd, 0x60, 0x0,

    /* U+8F6E "轮" */
    0x0, 0xc, 0x0, 0x75, 0x0, 0x79, 0xc, 0x3,
    0x3a, 0xa8, 0x2, 0x1e, 0xa4, 0xec, 0x0, 0x55,
    0x2c, 0x2, 0x1e, 0x4d, 0xec, 0x9, 0xb5, 0x99,
    0x0, 0x42, 0xea, 0xc0, 0xe6, 0xc0, 0xe6, 0xe0,
    0x7, 0xaf, 0x3, 0xde, 0x0, 0xab, 0x90, 0x2a,
    0x5e, 0x7e, 0xa4, 0x81, 0x36, 0x10, 0x37, 0xde,
    0x70, 0x0, 0xd5, 0x32, 0x10, 0x0, 0x80, 0x44,
    0x0, 0xb2, 0xd4, 0x0, 0x9a, 0x56, 0x7c, 0x1,
    0x90, 0x1, 0xda, 0x2d, 0x3a, 0x0, 0x10, 0xb,
    0x0, 0x17, 0x6, 0x1, 0x84, 0x2, 0x20, 0xf,
    0xcb, 0x9d, 0xcf, 0x60,

    /* U+8FD1 "近" */
    0x1, 0x30, 0xe, 0x23, 0x69, 0x80, 0x1, 0x69,
    0x80, 0x3b, 0x7a, 0x7b, 0x28, 0x0, 0x7b, 0xa1,
    0x0, 0x66, 0x2a, 0x14, 0x80, 0x23, 0xc1, 0x0,
    0xff, 0xe0, 0x10, 0x0, 0x77, 0x33, 0x98, 0x3b,
    0x9a, 0x1, 0x77, 0x3c, 0xbb, 0x8e, 0x1f, 0xa6,
    0x2, 0x22, 0x28, 0x8, 0x82, 0x2, 0x40, 0x5,
    0x20, 0xf, 0xfe, 0x6, 0x58, 0x7, 0xfc, 0x2c,
    0xc0, 0xf, 0xea, 0x6, 0x81, 0x0, 0x9c, 0x3,
    0x59, 0xf6, 0x6a, 0x98, 0x9d, 0x9a, 0xa0, 0xc,
    0x5, 0xff, 0xd9, 0xfe, 0xe9, 0x10, 0xa0, 0x9,
    0x2b, 0x37, 0x76, 0x28,

    /* U+8FD4 "返" */
    0x2, 0x0, 0xf0, 0x92, 0xc0, 0x80, 0x39, 0xc0,
    0x17, 0xdf, 0x9d, 0x9e, 0x60, 0xd, 0x95, 0x6,
    0xdf, 0xdc, 0x97, 0x20, 0x0, 0xe2, 0x80, 0x11,
    0x3c, 0x1, 0x88, 0x2, 0xdd, 0xdd, 0x60, 0x5,
    0xbb, 0x18, 0x14, 0x6c, 0xc8, 0x94, 0x0, 0x90,
    0xee, 0x0, 0x1c, 0xc1, 0x3c, 0x0, 0x4, 0xdc,
    0xc, 0x87, 0x4f, 0x60, 0x80, 0x3d, 0x4a, 0x4,
    0xc7, 0x42, 0x1, 0xc4, 0xd7, 0x39, 0x19, 0x5e,
    0x40, 0x3, 0x5f, 0xd3, 0xfe, 0x50, 0x7b, 0x20,
    0x3d, 0xd0, 0xf3, 0x20, 0x88, 0x8c, 0x1c, 0x16,
    0xce, 0x3f, 0xdd, 0x9f, 0xee, 0x9c, 0x6, 0x50,
    0x1, 0xce, 0x6f, 0x6e, 0xb2, 0xc0,

    /* U+8FD8 "还" */
    0x7, 0x10, 0xf, 0xfe, 0x0, 0xe0, 0xb7, 0xff,
    0xdc, 0x0, 0x65, 0xa6, 0xff, 0x9d, 0x3f, 0xdc,
    0x1, 0x45, 0x0, 0x46, 0xf0, 0x1, 0xf0, 0x80,
    0x5c, 0x2, 0x40, 0x14, 0xff, 0x90, 0x1, 0x60,
    0x7, 0xc3, 0x0, 0x4f, 0xa0, 0xe, 0x36, 0x2,
    0x56, 0x98, 0x7, 0x63, 0xe0, 0x80, 0x12, 0xb4,
    0x3, 0xbe, 0xc4, 0x3, 0x27, 0x80, 0x71, 0x0,
    0x7c, 0x20, 0x3, 0x5d, 0x0, 0xc6, 0x1, 0xc7,
    0x92, 0x58, 0xa2, 0x18, 0x20, 0x26, 0x55, 0xf,
    0x73, 0xdf, 0xfd, 0xd8, 0xf2, 0xe0, 0x5, 0xbe,
    0xff, 0xf2, 0x80,

    /* U+8FDB "进" */
    0x4, 0x80, 0xd, 0xe0, 0xe, 0x10, 0x9, 0x59,
    0x80, 0x1f, 0xf0, 0xec, 0x90, 0x8, 0x6, 0x30,
    0xc, 0x76, 0x5f, 0xc1, 0xfe, 0x1d, 0xd0, 0x6,
    0x40, 0xff, 0x7, 0xf8, 0x7b, 0x40, 0x17, 0x70,
    0x7, 0xfd, 0x52, 0xa3, 0xdc, 0xe, 0xe0, 0xff,
    0x10, 0x9, 0x80, 0xfc, 0x27, 0xf8, 0x77, 0xc8,
    0x3, 0x86, 0xb8, 0x44, 0x4, 0x20, 0x11, 0x80,
    0x29, 0xd4, 0x3, 0xe1, 0xe1, 0x88, 0x58, 0x5,
    0x42, 0x1, 0x5b, 0xda, 0xd9, 0x0, 0x48, 0x26,
    0x20, 0xf4, 0x98, 0x3f, 0xee, 0xff, 0x76, 0x90,
    0x68, 0x80, 0xc6, 0xff, 0x7f, 0xdc, 0x60,

    /* U+9001 "送" */
    0x4, 0x0, 0x89, 0x0, 0x24, 0x50, 0xb, 0xa8,
    0x0, 0x74, 0x20, 0x9, 0x0, 0xd4, 0xce, 0x3,
    0x2e, 0xa, 0x2a, 0x1, 0xb9, 0xf, 0xa6, 0x3e,
    0xcb, 0xa0, 0x2, 0x23, 0x37, 0x74, 0x1d, 0xd4,
    0x3, 0xf7, 0x10, 0x2, 0x10, 0x10, 0xc, 0xfc,
    0xa1, 0x5d, 0xcf, 0xf, 0xee, 0x80, 0x3a, 0xbb,
    0x96, 0x13, 0xdd, 0x0, 0x7c, 0x37, 0x57, 0x0,
    0x1f, 0x8f, 0x25, 0x70, 0xe4, 0x2, 0x25, 0x35,
    0xe9, 0x70, 0x5, 0x91, 0x81, 0xe4, 0x5f, 0xca,
    0x0, 0x6a, 0x1, 0xa9, 0x6c, 0xc4, 0x7f, 0xf7,
    0x68, 0x4b, 0x80, 0x1b, 0x3f, 0xfd, 0xc2,

    /* U+9009 "选" */
    0x3, 0x10, 0x9, 0xc, 0xb8, 0x3, 0x93, 0x4,
    0x1, 0xc, 0x1, 0xf3, 0xa6, 0x81, 0x9a, 0xf0,
    0x7b, 0xa0, 0xa, 0x64, 0x1f, 0x3d, 0x83, 0xdd,
    0x0, 0x65, 0x9, 0x60, 0xf, 0xc4, 0x5b, 0xea,
    0x92, 0x35, 0x53, 0x7, 0x7f, 0x1f, 0x71, 0x8a,
    0x93, 0xb8, 0x81, 0x9c, 0x2, 0x88, 0x2a, 0x40,
    0x44, 0x10, 0x7, 0x94, 0xcc, 0x1, 0x12, 0x80,
    0x73, 0x5c, 0x80, 0x80, 0xa6, 0x0, 0x65, 0xad,
    0x40, 0x2, 0xfd, 0xe8, 0x17, 0x8c, 0x51, 0x0,
    0x57, 0xda, 0xa1, 0xf5, 0xbf, 0xfb, 0xb9, 0xff,
    0x40, 0x6b, 0x1, 0x4f, 0x7f, 0x73, 0xfe, 0x90,

    /* U+901A "通" */
    0x0, 0xff, 0xe1, 0xc3, 0x0, 0x2f, 0x77, 0xbe,
    0xc0, 0x13, 0x6e, 0x17, 0xcf, 0x18, 0xeb, 0x60,
    0x1, 0xcb, 0x10, 0x39, 0xce, 0x1a, 0x0, 0xc3,
    0x83, 0xdb, 0xe8, 0xf, 0x9e, 0x0, 0x44, 0x18,
    0x3, 0x31, 0xe7, 0x98, 0x0, 0xf, 0x7f, 0x0,
    0x37, 0x38, 0xf3, 0x0, 0x1, 0xa9, 0x0, 0xb7,
    0x38, 0xf3, 0x0, 0x1f, 0xb3, 0x1e, 0x79, 0x80,
    0xf, 0xd9, 0x8f, 0x3c, 0xc0, 0x6, 0x43, 0x10,
    0xc, 0xe9, 0xa6, 0x0, 0x6d, 0xbd, 0x81, 0x2,
    0xb4, 0xdc, 0x10, 0xba, 0x5d, 0xed, 0xed, 0xd7,
    0x7f, 0xa4, 0x34, 0x40, 0x63, 0x7b, 0x75, 0xdf,
    0xe8,

    /* U+901F "速" */
    0x0, 0xfd, 0xa4, 0x1, 0xd3, 0x40, 0x1e, 0x10,
    0xe, 0x87, 0x85, 0xdd, 0x8b, 0x77, 0x38, 0xf,
    0xa2, 0xee, 0xc5, 0x9b, 0xb3, 0x80, 0xb, 0x3,
    0x76, 0x2f, 0xdd, 0x70, 0xd, 0x54, 0x0, 0xcd,
    0x2f, 0xdc, 0x0, 0xd, 0x42, 0x0, 0x33, 0x5,
    0xf9, 0x80, 0xc, 0x60, 0xd, 0xd3, 0x81, 0xd6,
    0xf0, 0x7, 0xd4, 0x65, 0x5b, 0x62, 0x1, 0xc7,
    0xa5, 0x0, 0xd7, 0xb8, 0x20, 0x7, 0x17, 0x98,
    0x1, 0x0, 0x37, 0x88, 0x3e, 0xe7, 0xe0, 0x86,
    0x10, 0x4, 0x61, 0x54, 0x3b, 0xec, 0xee, 0xdf,
    0xb6, 0x1a, 0x20, 0x6, 0xde, 0xed, 0xfe, 0x80,

    /* U+91CF "量" */
    0x0, 0x3e, 0xcc, 0xfb, 0x5c, 0x3, 0x84, 0x3,
    0xff, 0x82, 0xff, 0xfe, 0x60, 0xc, 0x29, 0xc6,
    0x7e, 0xe4, 0x10, 0x2a, 0x8e, 0xef, 0xd1, 0x44,
    0x4b, 0x22, 0x19, 0x84, 0x46, 0x70, 0x59, 0x0,
    0x8, 0x82, 0x26, 0x60, 0x88, 0x94, 0x3, 0xb6,
    0xec, 0xaa, 0xbb, 0x70, 0x7, 0x70, 0xaa, 0xc4,
    0xaa, 0x38, 0x0, 0x87, 0xb3, 0x21, 0x6c, 0xcb,
    0x48, 0x0, 0x37, 0x79, 0x6a, 0xef, 0x10, 0x1e,
    0x67, 0x34, 0xe6, 0x72, 0x0,

    /* U+91D1 "金" */
    0x0, 0xff, 0xe4, 0x3d, 0x0, 0x7f, 0xcd, 0x2e,
    0x80, 0x1f, 0xd3, 0x19, 0xf3, 0x0, 0x1e, 0x5e,
    0x2f, 0x22, 0x61, 0x73, 0x80, 0xf, 0xa0, 0x9f,
    0x73, 0x1a, 0xcb, 0x7c, 0x87, 0x5b, 0xaf, 0xf3,
    0x2f, 0xfa, 0xb3, 0x50, 0x10, 0x4, 0xce, 0xe3,
    0x30, 0x81, 0x80, 0x17, 0xbb, 0x34, 0x77, 0x65,
    0x0, 0x2f, 0xc7, 0x71, 0x9f, 0xbe, 0x7d, 0x40,
    0x21, 0xb3, 0x0, 0x78, 0x15, 0x8, 0x7, 0x5c,
    0x80, 0x68, 0x80, 0x7, 0x98, 0x80, 0x21, 0x35,
    0x0, 0xdf, 0xf3, 0xfb, 0x47, 0x3f, 0xfc, 0x0,

    /* U+94AE "钮" */
    0x0, 0x39, 0x0, 0x7f, 0xc3, 0x0, 0x16, 0x77,
    0xfb, 0xbf, 0x80, 0x12, 0x1b, 0xfb, 0x9d, 0xd,
    0xda, 0x60, 0x4d, 0xdf, 0xed, 0x0, 0x7f, 0x0,
    0x88, 0xd, 0xf3, 0x74, 0xe0, 0x2, 0x20, 0x3b,
    0x80, 0x67, 0xb, 0x1c, 0xd5, 0xf5, 0x74, 0x40,
    0x21, 0x18, 0x2f, 0x88, 0xf9, 0xc, 0x7, 0xbc,
    0x7b, 0x62, 0xc2, 0xec, 0xa2, 0x3, 0xde, 0x3d,
    0xa0, 0x22, 0x0, 0xf, 0x0, 0x7e, 0x22, 0x0,
    0x8, 0xc0, 0x38, 0x58, 0x19, 0x80, 0x7, 0x60,
    0x8, 0x87, 0xc0, 0x1a, 0x40, 0x2, 0x10, 0xa,
    0x93, 0x37, 0xdd, 0xdf, 0xe1, 0xd8, 0x0, 0x4d,
    0x95, 0xff, 0xfd, 0x0,

    /* U+94F6 "银" */
    0x0, 0x21, 0x0, 0x7f, 0xf0, 0x28, 0x40, 0xf,
    0xfd, 0xd7, 0xe0, 0x2, 0x7, 0x3e, 0xc1, 0xfb,
    0xad, 0x0, 0x1a, 0xf7, 0xfa, 0xc1, 0x22, 0x2b,
    0x0, 0x1d, 0x66, 0xe9, 0xc1, 0x6a, 0xad, 0x0,
    0x9f, 0x83, 0x1c, 0x0, 0x67, 0x38, 0x6, 0x10,
    0x10, 0x3, 0xff, 0x67, 0x30, 0xf, 0xe9, 0x7e,
    0x3, 0x71, 0x6e, 0xb0, 0x45, 0xfa, 0x5f, 0x80,
    0x13, 0xb5, 0x68, 0x7, 0xfa, 0x65, 0xb6, 0x20,
    0x18, 0xe8, 0x2, 0x36, 0xc0, 0xc, 0xe5, 0xfd,
    0xc4, 0xce, 0x90, 0xc3, 0x0, 0xab, 0x10, 0xd2,
    0x38, 0x2e, 0xcc,

    /* U+957F "长" */
    0x0, 0x9e, 0x40, 0x39, 0xd0, 0x3, 0xfe, 0x8a,
    0x50, 0xf, 0xf4, 0xae, 0x8, 0x7, 0xe5, 0xe2,
    0xc1, 0x0, 0xfc, 0x57, 0x16, 0x20, 0x1c, 0x22,
    0xf0, 0x3f, 0x71, 0x1e, 0x2, 0xee, 0x3b, 0x77,
    0x7e, 0x22, 0x7f, 0xa1, 0xbf, 0xc3, 0xbf, 0xf8,
    0x80, 0x3e, 0x99, 0x0, 0x7f, 0xf0, 0x1d, 0xd0,
    0x1, 0xff, 0xe, 0xad, 0x8, 0x7, 0x7a, 0xce,
    0xf8, 0xe0, 0xfc, 0x8, 0x4, 0xa1, 0xdd, 0x0,
    0xdd, 0x10, 0x6, 0xdc, 0x73, 0x0, 0xc9, 0x42,

    /* U+961F "队" */
    0x0, 0xfb, 0x10, 0x3, 0x67, 0xfd, 0x60, 0x1f,
    0xd9, 0xeb, 0xa0, 0x13, 0x80, 0x78, 0x51, 0x80,
    0x3f, 0xcc, 0xe0, 0x11, 0x0, 0x7c, 0x68, 0x1,
    0xa, 0x80, 0x79, 0x10, 0xe0, 0x21, 0x80, 0x1f,
    0x66, 0x82, 0x12, 0x0, 0x78, 0xb0, 0x1, 0xf6,
    0xa8, 0x1, 0xd0, 0x52, 0xa, 0xfd, 0x0, 0x1d,
    0x56, 0x70, 0x82, 0xa4, 0xc0, 0x1e, 0x67, 0x90,
    0x6, 0xcb, 0x0, 0x61, 0xbc, 0x20, 0x1, 0xdd,
    0x6, 0x18, 0xe, 0x98, 0x6, 0x4c, 0x0,

    /* U+9636 "阶" */
    0x0, 0xf9, 0x50, 0x3, 0x77, 0xfc, 0x40, 0x8,
    0xe0, 0xe, 0xec, 0x22, 0x3, 0xb0, 0xb0, 0x7,
    0x4c, 0x1, 0xcd, 0x52, 0xd4, 0x2, 0x27, 0x54,
    0xda, 0x11, 0x7c, 0x48, 0x0, 0x59, 0x7b, 0x44,
    0x0, 0xf9, 0xc0, 0x3, 0xab, 0xa2, 0xb0, 0x5,
    0x83, 0x80, 0x42, 0x64, 0x1, 0xfc, 0x46, 0x40,
    0x40, 0x1f, 0x93, 0xe0, 0x98, 0x80, 0x3e, 0x6c,
    0x70, 0xc4, 0x0, 0xff, 0x1b, 0x50, 0x7, 0xfa,
    0x24, 0x80, 0x6, 0x1, 0x70, 0x80, 0x2d, 0x80,
    0x2d, 0x10, 0x0,

    /* U+9664 "除" */
    0x0, 0xf8, 0x5c, 0x3, 0x77, 0x3f, 0x40, 0x2a,
    0x92, 0x0, 0xdd, 0x28, 0x0, 0x80, 0xaf, 0x20,
    0xd, 0x56, 0x34, 0x96, 0x91, 0x88, 0x0, 0x10,
    0x2c, 0x18, 0x33, 0x34, 0xd2, 0x0, 0x6f, 0xde,
    0xfc, 0x9d, 0xe4, 0x1, 0xa8, 0x26, 0xaf, 0x3a,
    0xa0, 0x6, 0x44, 0x4d, 0xdb, 0xce, 0xee, 0x20,
    0x14, 0xb, 0x89, 0x91, 0x4c, 0x49, 0x3, 0xec,
    0x17, 0x8b, 0x8, 0x71, 0x80, 0x1a, 0xd1, 0x9c,
    0xc0, 0x5, 0x74, 0x1, 0x86, 0xe8, 0x3, 0x30,
    0x18, 0x4, 0x3a, 0x3b, 0xa4, 0x0, 0x59, 0xf0,
    0x7, 0x6f, 0x40, 0x6,

    /* U+969C "障" */
    0x0, 0xf8, 0xd0, 0x3, 0x7f, 0x7f, 0x97, 0x31,
    0xd7, 0x98, 0x70, 0x1e, 0xc6, 0x5c, 0x1c, 0xf5,
    0xe7, 0x0, 0xab, 0x62, 0x1, 0x70, 0xf7, 0x0,
    0x12, 0xa6, 0xea, 0x3f, 0x6f, 0x34, 0x2, 0x74,
    0x59, 0xee, 0xd2, 0xa0, 0x14, 0xf8, 0x1d, 0xde,
    0x21, 0x0, 0x89, 0x40, 0x15, 0x58, 0x40, 0x31,
    0x0, 0x45, 0xbb, 0x0, 0x62, 0xeb, 0xc, 0xb3,
    0x94, 0xc1, 0x0, 0x16, 0x2e, 0xf7, 0x28, 0x7b,
    0x9a, 0x40, 0x1b, 0x76, 0xf1, 0xdd, 0x88, 0x3,
    0xff, 0x83, 0xc0, 0x1e, 0x1e, 0x0, 0xc0,

    /* U+96C6 "集" */
    0x0, 0x8d, 0x0, 0x90, 0x3, 0xfb, 0x40, 0x7,
    0x42, 0x1, 0xf5, 0x4, 0xee, 0xe, 0x6e, 0xc8,
    0x0, 0xa5, 0x49, 0x95, 0x8c, 0xcd, 0xc8, 0x6,
    0xc, 0x2, 0x30, 0x8, 0xce, 0x0, 0x3a, 0x17,
    0xee, 0x58, 0xf7, 0x60, 0xe, 0xab, 0xb7, 0x15,
    0xdd, 0x40, 0x1d, 0x3b, 0xac, 0x3d, 0xdd, 0x40,
    0x14, 0xfe, 0xe9, 0xa7, 0x77, 0x50, 0x16, 0xe6,
    0x37, 0xde, 0x3f, 0x77, 0x19, 0x6e, 0xb1, 0xd,
    0x14, 0xd3, 0x37, 0x46, 0x9, 0x39, 0xf8, 0x7b,
    0x9f, 0x94, 0xa0, 0x7f, 0x9a, 0xc0, 0x19, 0xb7,
    0xb0, 0x80,

    /* U+9700 "需" */
    0x1, 0xdd, 0xdd, 0xcd, 0xdc, 0x20, 0x4, 0xbb,
    0xca, 0x97, 0x79, 0x0, 0x10, 0x64, 0x50, 0x99,
    0x14, 0x76, 0x1, 0x37, 0x73, 0xb, 0xb7, 0xb8,
    0xc0, 0x17, 0xbe, 0xec, 0x0, 0xfd, 0xd3, 0xe0,
    0x0, 0x98, 0xcc, 0xda, 0x4a, 0x66, 0x62, 0x0,
    0x6f, 0xcc, 0xba, 0xaf, 0xa6, 0x5f, 0xa2, 0x1b,
    0xbc, 0x7b, 0xbe, 0x10, 0x7, 0xee, 0xbc, 0x7b,
    0xf7, 0x5e, 0x80, 0x1b, 0x74, 0x3b, 0xa2, 0xcd,
    0x50, 0xf, 0xfe, 0x49, 0x80, 0x4, 0x2d, 0x18,
    0x2, 0xf0, 0x6, 0x80, 0x30, 0x6f, 0x88, 0x0,

    /* U+9713 "霓" */
    0x1, 0xbb, 0xdf, 0x97, 0x78, 0xc0, 0x10, 0x67,
    0x85, 0x8c, 0xf4, 0x80, 0x1e, 0xc4, 0x5c, 0x53,
    0xc2, 0x2c, 0x40, 0x2, 0x15, 0xd9, 0xc0, 0xf,
    0x76, 0x55, 0x0, 0x28, 0xae, 0xce, 0x0, 0x7b,
    0xb2, 0xd8, 0x5, 0x46, 0x1d, 0x8f, 0xa4, 0x4e,
    0x0, 0xc9, 0xf5, 0x60, 0x91, 0xf, 0x40, 0xe,
    0x26, 0x60, 0x82, 0xa8, 0xc0, 0x3d, 0x9d, 0xca,
    0xbd, 0xd6, 0x0, 0x76, 0xde, 0x8d, 0xd9, 0xa6,
    0xf8, 0x40, 0x32, 0x44, 0x0, 0x3c, 0xf0, 0x17,
    0xbd, 0x84, 0x0, 0x5c, 0xdd, 0x5d, 0x82, 0xb6,
    0x88, 0x2, 0x8e, 0xdd, 0x8c,

    /* U+9752 "青" */
    0x0, 0xf4, 0x38, 0x7, 0xc7, 0xdd, 0x9e, 0x3b,
    0xb2, 0x80, 0xf, 0xbb, 0x3c, 0x77, 0x65, 0x0,
    0xa7, 0x32, 0x69, 0xcc, 0xa8, 0x3, 0x4e, 0x64,
    0xd3, 0x99, 0x50, 0x0, 0x73, 0x39, 0x2f, 0x33,
    0x84, 0x59, 0xb5, 0x5f, 0xb7, 0x4, 0x0, 0x70,
    0x67, 0xeb, 0x50, 0xe, 0x1e, 0xef, 0x18, 0x7,
    0x8a, 0xef, 0xca, 0x1, 0xe2, 0xbb, 0xf2, 0x80,
    0x78, 0xae, 0xfc, 0x40, 0x1f, 0xf5, 0x68, 0x28,
    0x0,

    /* U+9879 "项" */
    0x0, 0xe9, 0xee, 0x7f, 0xbb, 0xa2, 0x3c, 0xee,
    0x64, 0xf7, 0x21, 0x7b, 0xa2, 0x3c, 0x69, 0xc1,
    0xee, 0x42, 0xf7, 0xc, 0x3, 0xe1, 0xef, 0xce,
    0x30, 0xf, 0xf0, 0xe8, 0x7, 0xff, 0x2c, 0xc0,
    0x6, 0x1, 0xe1, 0x3a, 0xe7, 0x0, 0x9, 0x0,
    0x66, 0xe1, 0x8e, 0x46, 0xa, 0x40, 0xa1, 0x7,
    0xfa, 0x50, 0x19, 0x64, 0xad, 0x22, 0x0, 0x80,
    0x65, 0xba, 0xc2, 0xf8, 0x70, 0xe, 0x2f, 0xf6,
    0x8, 0x16, 0x70, 0x0,

    /* U+989D "额" */
    0x0, 0xa0, 0x40, 0x3f, 0xc4, 0x41, 0x92, 0x26,
    0xf7, 0xfb, 0xb8, 0x41, 0xb2, 0x47, 0x3f, 0xbc,
    0xf3, 0xdc, 0x20, 0x29, 0x2b, 0xb0, 0x1a, 0x28,
    0x21, 0x80, 0x37, 0x93, 0x7f, 0xd3, 0x96, 0x1b,
    0x20, 0x39, 0x7b, 0x4e, 0x41, 0x66, 0x6d, 0x0,
    0xc, 0xf, 0x4c, 0x0, 0x44, 0x60, 0x19, 0xf4,
    0x93, 0xc, 0x1, 0xe6, 0x1, 0x16, 0x9e, 0xd5,
    0x10, 0x0, 0x22, 0x0, 0x8b, 0x1f, 0x72, 0x58,
    0x0, 0x8a, 0x1, 0x8c, 0xd9, 0x82, 0xa, 0x1,
    0x67, 0xa0, 0xc, 0x22, 0x30, 0x1f, 0xe5, 0xf5,
    0x0, 0x8e, 0xa8, 0xf, 0x90, 0x44, 0xce, 0x20,
    0x1f, 0xbb, 0x73, 0x6a, 0x0, 0x56, 0x40,

    /* U+9AB0 "骰" */
    0x0, 0xff, 0xe1, 0xa7, 0x66, 0x3d, 0x3, 0x7f,
    0xbc, 0x3, 0x1b, 0x61, 0x80, 0xf, 0xf8, 0x40,
    0x35, 0x18, 0x7, 0xfd, 0xf6, 0x94, 0x5c, 0x84,
    0x0, 0x39, 0x40, 0x5e, 0xf8, 0xc4, 0x88, 0x0,
    0x3f, 0x18, 0x27, 0xff, 0x45, 0xec, 0xca, 0xc8,
    0x80, 0xaf, 0xba, 0x35, 0x5, 0xcc, 0x1f, 0x0,
    0x49, 0x76, 0x10, 0x72, 0x74, 0x45, 0x0, 0x49,
    0x76, 0x10, 0x4, 0xc4, 0xa1, 0x80, 0x49, 0x98,
    0x10, 0x3, 0xb9, 0xac, 0x3, 0x26, 0x60, 0x40,
    0xa8, 0x53, 0x54, 0x3, 0x1e, 0x90, 0x7e, 0x62,
    0xbf, 0x90,

    /* U+FF0C "，" */
    0x0, 0x97, 0xdd, 0x8b, 0xe, 0x8d, 0xae, 0x4f,
    0x4
};


/*---------------------
 *  GLYPH DESCRIPTION
 *--------------------*/

static const lv_font_fmt_txt_glyph_dsc_t glyph_dsc[] = {
    {.bitmap_index = 0, .adv_w = 0, .box_w = 0, .box_h = 0, .ofs_x = 0, .ofs_y = 0} /* id = 0 reserved */,
    {.bitmap_index = 0, .adv_w = 50, .box_w = 0, .box_h = 0, .ofs_x = 0, .ofs_y = 0},
    {.bitmap_index = 0, .adv_w = 72, .box_w = 3, .box_h = 11, .ofs_x = 1, .ofs_y = 0},
    {.bitmap_index = 15, .adv_w = 106, .box_w = 5, .box_h = 5, .ofs_x = 1, .ofs_y = 6},
    {.bitmap_index = 27, .adv_w = 124, .box_w = 8, .box_h = 11, .ofs_x = 0, .ofs_y = 0},
    {.bitmap_index = 70, .adv_w = 124, .box_w = 7, .box_h = 14, .ofs_x = 0, .ofs_y = -2},
    {.bitmap_index = 116, .adv_w = 206, .box_w = 13, .box_h = 11, .ofs_x = 0, .ofs_y = 0},
    {.bitmap_index = 186, .adv_w = 152, .box_w = 10, .box_h = 11, .ofs_x = 0, .ofs_y = 0},
    {.bitmap_index = 238, .adv_w = 62, .box_w = 2, .box_h = 5, .ofs_x = 1, .ofs_y = 6},
    {.bitmap_index = 244, .adv_w = 76, .box_w = 4, .box_h = 15, .ofs_x = 1, .ofs_y = -3},
    {.bitmap_index = 277, .adv_w = 76, .box_w = 4, .box_h = 15, .ofs_x = 0, .ofs_y = -3},
    {.bitmap_index = 308, .adv_w = 105, .box_w = 6, .box_h = 5, .ofs_x = 0, .ofs_y = 6},
    {.bitmap_index = 324, .adv_w = 124, .box_w = 8, .box_h = 8, .ofs_x = 0, .ofs_y = 2},
    {.bitmap_index = 344, .adv_w = 62, .box_w = 4, .box_h = 5, .ofs_x = 0, .ofs_y = -3},
    {.bitmap_index = 355, .adv_w = 78, .box_w = 5, .box_h = 2, .ofs_x = 0, .ofs_y = 3},
    {.bitmap_index = 360, .adv_w = 62, .box_w = 2, .box_h = 3, .ofs_x = 1, .ofs_y = 0},
    {.bitmap_index = 364, .adv_w = 88, .box_w = 6, .box_h = 14, .ofs_x = 0, .ofs_y = -3},
    {.bitmap_index = 400, .adv_w = 124, .box_w = 8, .box_h = 11, .ofs_x = 0, .ofs_y = 0},
    {.bitmap_index = 444, .adv_w = 124, .box_w = 6, .box_h = 11, .ofs_x = 1, .ofs_y = 0},
    {.bitmap_index = 461, .adv_w = 124, .box_w = 8, .box_h = 11, .ofs_x = 0, .ofs_y = 0},
    {.bitmap_index = 500, .adv_w = 124, .box_w = 7, .box_h = 11, .ofs_x = 0, .ofs_y = 0},
    {.bitmap_index = 536, .adv_w = 124, .box_w = 8, .box_h = 11, .ofs_x = 0, .ofs_y = 0},
    {.bitmap_index = 571, .adv_w = 124, .box_w = 8, .box_h = 11, .ofs_x = 0, .ofs_y = 0},
    {.bitmap_index = 610, .adv_w = 124, .box_w = 8, .box_h = 11, .ofs_x = 0, .ofs_y = 0},
    {.bitmap_index = 654, .adv_w = 124, .box_w = 8, .box_h = 11, .ofs_x = 0, .ofs_y = 0},
    {.bitmap_index = 688, .adv_w = 124, .box_w = 8, .box_h = 11, .ofs_x = 0, .ofs_y = 0},
    {.bitmap_index = 732, .adv_w = 124, .box_w = 7, .box_h = 11, .ofs_x = 0, .ofs_y = 0},
    {.bitmap_index = 769, .adv_w = 62, .box_w = 2, .box_h = 8, .ofs_x = 1, .ofs_y = 0},
    {.bitmap_index = 776, .adv_w = 62, .box_w = 4, .box_h = 11, .ofs_x = 0, .ofs_y = -3},
    {.bitmap_index = 794, .adv_w = 124, .box_w = 8, .box_h = 7, .ofs_x = 0, .ofs_y = 2},
    {.bitmap_index = 820, .adv_w = 124, .box_w = 8, .box_h = 4, .ofs_x = 0, .ofs_y = 4},
    {.bitmap_index = 830, .adv_w = 124, .box_w = 8, .box_h = 7, .ofs_x = 0, .ofs_y = 2},
    {.bitmap_index = 856, .adv_w = 106, .box_w = 6, .box_h = 11, .ofs_x = 0, .ofs_y = 0},
    {.bitmap_index = 885, .adv_w = 212, .box_w = 13, .box_h = 13, .ofs_x = 0, .ofs_y = -2},
    {.bitmap_index = 966, .adv_w = 136, .box_w = 9, .box_h = 11, .ofs_x = 0, .ofs_y = 0},
    {.bitmap_index = 1010, .adv_w = 147, .box_w = 8, .box_h = 11, .ofs_x = 1, .ofs_y = 0},
    {.bitmap_index = 1049, .adv_w = 143, .box_w = 9, .box_h = 11, .ofs_x = 0, .ofs_y = 0},
    {.bitmap_index = 1091, .adv_w = 154, .box_w = 8, .box_h = 11, .ofs_x = 1, .ofs_y = 0},
    {.bitmap_index = 1128, .adv_w = 132, .box_w = 7, .box_h = 11, .ofs_x = 1, .ofs_y = 0},
    {.bitmap_index = 1155, .adv_w = 124, .box_w = 7, .box_h = 11, .ofs_x = 1, .ofs_y = 0},
    {.bitmap_index = 1178, .adv_w = 154, .box_w = 9, .box_h = 11, .ofs_x = 0, .ofs_y = 0},
    {.bitmap_index = 1224, .adv_w = 163, .box_w = 8, .box_h = 11, .ofs_x = 1, .ofs_y = 0},
    {.bitmap_index = 1243, .adv_w = 66, .box_w = 2, .box_h = 11, .ofs_x = 1, .ofs_y = 0},
    {.bitmap_index = 1248, .adv_w = 120, .box_w = 7, .box_h = 11, .ofs_x = 0, .ofs_y = 0},
    {.bitmap_index = 1265, .adv_w = 145, .box_w = 8, .box_h = 11, .ofs_x = 1, .ofs_y = 0},
    {.bitmap_index = 1303, .adv_w = 122, .box_w = 7, .box_h = 11, .ofs_x = 1, .ofs_y = 0},
    {.bitmap_index = 1312, .adv_w = 182, .box_w = 9, .box_h = 11, .ofs_x = 1, .ofs_y = 0},
    {.bitmap_index = 1356, .adv_w = 162, .box_w = 8, .box_h = 11, .ofs_x = 1, .ofs_y = 0},
    {.bitmap_index = 1390, .adv_w = 166, .box_w = 10, .box_h = 11, .ofs_x = 0, .ofs_y = 0},
    {.bitmap_index = 1440, .adv_w = 142, .box_w = 8, .box_h = 11, .ofs_x = 1, .ofs_y = 0},
    {.bitmap_index = 1474, .adv_w = 166, .box_w = 10, .box_h = 14, .ofs_x = 0, .ofs_y = -3},
    {.bitmap_index = 1537, .adv_w = 142, .box_w = 8, .box_h = 11, .ofs_x = 1, .ofs_y = 0},
    {.bitmap_index = 1575, .adv_w = 134, .box_w = 8, .box_h = 11, .ofs_x = 0, .ofs_y = 0},
    {.bitmap_index = 1616, .adv_w = 134, .box_w = 8, .box_h = 11, .ofs_x = 0, .ofs_y = 0},
    {.bitmap_index = 1630, .adv_w = 162, .box_w = 8, .box_h = 11, .ofs_x = 1, .ofs_y = 0},
    {.bitmap_index = 1654, .adv_w = 129, .box_w = 9, .box_h = 11, .ofs_x = 0, .ofs_y = 0},
    {.bitmap_index = 1699, .adv_w = 197, .box_w = 12, .box_h = 11, .ofs_x = 0, .ofs_y = 0},
    {.bitmap_index = 1766, .adv_w = 128, .box_w = 8, .box_h = 11, .ofs_x = 0, .ofs_y = 0},
    {.bitmap_index = 1809, .adv_w = 119, .box_w = 9, .box_h = 11, .ofs_x = -1, .ofs_y = 0},
    {.bitmap_index = 1843, .adv_w = 135, .box_w = 8, .box_h = 11, .ofs_x = 0, .ofs_y = 0},
    {.bitmap_index = 1879, .adv_w = 76, .box_w = 4, .box_h = 14, .ofs_x = 1, .ofs_y = -3},
    {.bitmap_index = 1889, .adv_w = 88, .box_w = 6, .box_h = 14, .ofs_x = 0, .ofs_y = -3},
    {.bitmap_index = 1923, .adv_w = 76, .box_w = 4, .box_h = 14, .ofs_x = 0, .ofs_y = -3},
    {.bitmap_index = 1932, .adv_w = 124, .box_w = 7, .box_h = 6, .ofs_x = 0, .ofs_y = 5},
    {.bitmap_index = 1953, .adv_w = 125, .box_w = 8, .box_h = 1, .ofs_x = 0, .ofs_y = -2},
    {.bitmap_index = 1956, .adv_w = 136, .box_w = 4, .box_h = 4, .ofs_x = 2, .ofs_y = 9},
    {.bitmap_index = 1965, .adv_w = 126, .box_w = 7, .box_h = 8, .ofs_x = 0, .ofs_y = 0},
    {.bitmap_index = 1993, .adv_w = 138, .box_w = 7, .box_h = 11, .ofs_x = 1, .ofs_y = 0},
    {.bitmap_index = 2023, .adv_w = 114, .box_w = 7, .box_h = 8, .ofs_x = 0, .ofs_y = 0},
    {.bitmap_index = 2048, .adv_w = 139, .box_w = 8, .box_h = 11, .ofs_x = 0, .ofs_y = 0},
    {.bitmap_index = 2083, .adv_w = 124, .box_w = 8, .box_h = 8, .ofs_x = 0, .ofs_y = 0},
    {.bitmap_index = 2115, .adv_w = 73, .box_w = 5, .box_h = 11, .ofs_x = 0, .ofs_y = 0},
    {.bitmap_index = 2132, .adv_w = 126, .box_w = 8, .box_h = 11, .ofs_x = 0, .ofs_y = -3},
    {.bitmap_index = 2176, .adv_w = 136, .box_w = 7, .box_h = 11, .ofs_x = 1, .ofs_y = 0},
    {.bitmap_index = 2197, .adv_w = 62, .box_w = 2, .box_h = 11, .ofs_x = 1, .ofs_y = 0},
    {.bitmap_index = 2205, .adv_w = 62, .box_w = 4, .box_h = 14, .ofs_x = -1, .ofs_y = -3},
    {.bitmap_index = 2222, .adv_w = 124, .box_w = 7, .box_h = 11, .ofs_x = 1, .ofs_y = 0},
    {.bitmap_index = 2251, .adv_w = 64, .box_w = 3, .box_h = 11, .ofs_x = 1, .ofs_y = 0},
    {.bitmap_index = 2259, .adv_w = 207, .box_w = 11, .box_h = 8, .ofs_x = 1, .ofs_y = 0},
    {.bitmap_index = 2287, .adv_w = 137, .box_w = 7, .box_h = 8, .ofs_x = 1, .ofs_y = 0},
    {.bitmap_index = 2305, .adv_w = 136, .box_w = 8, .box_h = 8, .ofs_x = 0, .ofs_y = 0},
    {.bitmap_index = 2335, .adv_w = 139, .box_w = 7, .box_h = 11, .ofs_x = 1, .ofs_y = -3},
    {.bitmap_index = 2368, .adv_w = 139, .box_w = 8, .box_h = 11, .ofs_x = 0, .ofs_y = -3},
    {.bitmap_index = 2405, .adv_w = 87, .box_w = 5, .box_h = 8, .ofs_x = 1, .ofs_y = 0},
    {.bitmap_index = 2417, .adv_w = 105, .box_w = 7, .box_h = 8, .ofs_x = 0, .ofs_y = 0},
    {.bitmap_index = 2445, .adv_w = 84, .box_w = 6, .box_h = 10, .ofs_x = 0, .ofs_y = 0},
    {.bitmap_index = 2468, .adv_w = 136, .box_w = 7, .box_h = 8, .ofs_x = 1, .ofs_y = 0},
    {.bitmap_index = 2485, .adv_w = 117, .box_w = 8, .box_h = 8, .ofs_x = 0, .ofs_y = 0},
    {.bitmap_index = 2516, .adv_w = 180, .box_w = 11, .box_h = 8, .ofs_x = 0, .ofs_y = 0},
    {.bitmap_index = 2561, .adv_w = 112, .box_w = 7, .box_h = 8, .ofs_x = 0, .ofs_y = 0},
    {.bitmap_index = 2589, .adv_w = 117, .box_w = 8, .box_h = 11, .ofs_x = 0, .ofs_y = -3},
    {.bitmap_index = 2630, .adv_w = 106, .box_w = 7, .box_h = 8, .ofs_x = 0, .ofs_y = 0},
    {.bitmap_index = 2656, .adv_w = 76, .box_w = 5, .box_h = 14, .ofs_x = 0, .ofs_y = -3},
    {.bitmap_index = 2687, .adv_w = 60, .box_w = 2, .box_h = 16, .ofs_x = 1, .ofs_y = -4},
    {.bitmap_index = 2692, .adv_w = 76, .box_w = 5, .box_h = 14, .ofs_x = 0, .ofs_y = -3},
    {.bitmap_index = 2721, .adv_w = 124, .box_w = 8, .box_h = 2, .ofs_x = 0, .ofs_y = 4},
    {.bitmap_index = 2730, .adv_w = 224, .box_w = 4, .box_h = 4, .ofs_x = 5, .ofs_y = 4},
    {.bitmap_index = 2738, .adv_w = 224, .box_w = 4, .box_h = 4, .ofs_x = 5, .ofs_y = 4},
    {.bitmap_index = 2746, .adv_w = 224, .box_w = 13, .box_h = 13, .ofs_x = 0, .ofs_y = -1},
    {.bitmap_index = 2806, .adv_w = 224, .box_w = 14, .box_h = 13, .ofs_x = 0, .ofs_y = -1},
    {.bitmap_index = 2870, .adv_w = 224, .box_w = 14, .box_h = 3, .ofs_x = 0, .ofs_y = 4},
    {.bitmap_index = 2882, .adv_w = 224, .box_w = 14, .box_h = 12, .ofs_x = 0, .ofs_y = -1},
    {.bitmap_index = 2923, .adv_w = 224, .box_w = 14, .box_h = 12, .ofs_x = 0, .ofs_y = -1},
    {.bitmap_index = 2975, .adv_w = 224, .box_w = 13, .box_h = 14, .ofs_x = 0, .ofs_y = -2},
    {.bitmap_index = 3032, .adv_w = 224, .box_w = 14, .box_h = 14, .ofs_x = 0, .ofs_y = -1},
    {.bitmap_index = 3092, .adv_w = 224, .box_w = 12, .box_h = 15, .ofs_x = 1, .ofs_y = -2},
    {.bitmap_index = 3160, .adv_w = 224, .box_w = 14, .box_h = 13, .ofs_x = 0, .ofs_y = -1},
    {.bitmap_index = 3236, .adv_w = 224, .box_w = 14, .box_h = 12, .ofs_x = 0, .ofs_y = -1},
    {.bitmap_index = 3276, .adv_w = 224, .box_w = 14, .box_h = 12, .ofs_x = 0, .ofs_y = -1},
    {.bitmap_index = 3340, .adv_w = 224, .box_w = 14, .box_h = 14, .ofs_x = 0, .ofs_y = -1},
    {.bitmap_index = 3419, .adv_w = 224, .box_w = 13, .box_h = 14, .ofs_x = 0, .ofs_y = -2},
    {.bitmap_index = 3482, .adv_w = 224, .box_w = 14, .box_h = 15, .ofs_x = 0, .ofs_y = -2},
    {.bitmap_index = 3552, .adv_w = 224, .box_w = 14, .box_h = 13, .ofs_x = 0, .ofs_y = -1},
    {.bitmap_index = 3627, .adv_w = 224, .box_w = 14, .box_h = 14, .ofs_x = 0, .ofs_y = -2},
    {.bitmap_index = 3693, .adv_w = 224, .box_w = 14, .box_h = 13, .ofs_x = 0, .ofs_y = -1},
    {.bitmap_index = 3767, .adv_w = 224, .box_w = 14, .box_h = 13, .ofs_x = 0, .ofs_y = -1},
    {.bitmap_index = 3828, .adv_w = 224, .box_w = 14, .box_h = 14, .ofs_x = 0, .ofs_y = -2},
    {.bitmap_index = 3913, .adv_w = 224, .box_w = 14, .box_h = 14, .ofs_x = 0, .ofs_y = -2},
    {.bitmap_index = 3983, .adv_w = 224, .box_w = 13, .box_h = 14, .ofs_x = 0, .ofs_y = -2},
    {.bitmap_index = 4060, .adv_w = 224, .box_w = 14, .box_h = 13, .ofs_x = 0, .ofs_y = -1},
    {.bitmap_index = 4141, .adv_w = 224, .box_w = 13, .box_h = 13, .ofs_x = 0, .ofs_y = -1},
    {.bitmap_index = 4213, .adv_w = 224, .box_w = 14, .box_h = 14, .ofs_x = 0, .ofs_y = -2},
    {.bitmap_index = 4296, .adv_w = 224, .box_w = 14, .box_h = 14, .ofs_x = 0, .ofs_y = -1},
    {.bitmap_index = 4369, .adv_w = 224, .box_w = 14, .box_h = 13, .ofs_x = 0, .ofs_y = -1},
    {.bitmap_index = 4433, .adv_w = 224, .box_w = 14, .box_h = 14, .ofs_x = 0, .ofs_y = -2},
    {.bitmap_index = 4516, .adv_w = 224, .box_w = 14, .box_h = 14, .ofs_x = 0, .ofs_y = -2},
    {.bitmap_index = 4590, .adv_w = 224, .box_w = 14, .box_h = 13, .ofs_x = 0, .ofs_y = -2},
    {.bitmap_index = 4665, .adv_w = 224, .box_w = 14, .box_h = 13, .ofs_x = 0, .ofs_y = -1},
    {.bitmap_index = 4748, .adv_w = 224, .box_w = 14, .box_h = 14, .ofs_x = 0, .ofs_y = -2},
    {.bitmap_index = 4843, .adv_w = 224, .box_w = 12, .box_h = 13, .ofs_x = 1, .ofs_y = -1},
    {.bitmap_index = 4890, .adv_w = 224, .box_w = 13, .box_h = 14, .ofs_x = 0, .ofs_y = -2},
    {.bitmap_index = 4958, .adv_w = 224, .box_w = 13, .box_h = 14, .ofs_x = 0, .ofs_y = -2},
    {.bitmap_index = 5030, .adv_w = 224, .box_w = 13, .box_h = 15, .ofs_x = 0, .ofs_y = -2},
    {.bitmap_index = 5115, .adv_w = 224, .box_w = 14, .box_h = 14, .ofs_x = 0, .ofs_y = -2},
    {.bitmap_index = 5201, .adv_w = 224, .box_w = 14, .box_h = 14, .ofs_x = 0, .ofs_y = -2},
    {.bitmap_index = 5287, .adv_w = 224, .box_w = 12, .box_h = 12, .ofs_x = 1, .ofs_y = -1},
    {.bitmap_index = 5344, .adv_w = 224, .box_w = 14, .box_h = 14, .ofs_x = 0, .ofs_y = -2},
    {.bitmap_index = 5433, .adv_w = 224, .box_w = 14, .box_h = 12, .ofs_x = 0, .ofs_y = -1},
    {.bitmap_index = 5484, .adv_w = 224, .box_w = 14, .box_h = 13, .ofs_x = 0, .ofs_y = -1},
    {.bitmap_index = 5546, .adv_w = 224, .box_w = 14, .box_h = 14, .ofs_x = 0, .ofs_y = -2},
    {.bitmap_index = 5618, .adv_w = 224, .box_w = 13, .box_h = 13, .ofs_x = 0, .ofs_y = -1},
    {.bitmap_index = 5686, .adv_w = 224, .box_w = 12, .box_h = 12, .ofs_x = 1, .ofs_y = -1},
    {.bitmap_index = 5725, .adv_w = 224, .box_w = 14, .box_h = 13, .ofs_x = 0, .ofs_y = -1},
    {.bitmap_index = 5784, .adv_w = 224, .box_w = 14, .box_h = 14, .ofs_x = 0, .ofs_y = -1},
    {.bitmap_index = 5859, .adv_w = 224, .box_w = 14, .box_h = 14, .ofs_x = 0, .ofs_y = -2},
    {.bitmap_index = 5944, .adv_w = 224, .box_w = 14, .box_h = 15, .ofs_x = 0, .ofs_y = -2},
    {.bitmap_index = 6035, .adv_w = 224, .box_w = 14, .box_h = 14, .ofs_x = 0, .ofs_y = -2},
    {.bitmap_index = 6117, .adv_w = 224, .box_w = 14, .box_h = 13, .ofs_x = 0, .ofs_y = -1},
    {.bitmap_index = 6194, .adv_w = 224, .box_w = 13, .box_h = 13, .ofs_x = 1, .ofs_y = -1},
    {.bitmap_index = 6271, .adv_w = 224, .box_w = 14, .box_h = 13, .ofs_x = 0, .ofs_y = -2},
    {.bitmap_index = 6341, .adv_w = 224, .box_w = 14, .box_h = 15, .ofs_x = 0, .ofs_y = -2},
    {.bitmap_index = 6427, .adv_w = 224, .box_w = 14, .box_h = 14, .ofs_x = 0, .ofs_y = -1},
    {.bitmap_index = 6511, .adv_w = 224, .box_w = 14, .box_h = 13, .ofs_x = 0, .ofs_y = -1},
    {.bitmap_index = 6561, .adv_w = 224, .box_w = 14, .box_h = 14, .ofs_x = 0, .ofs_y = -2},
    {.bitmap_index = 6649, .adv_w = 224, .box_w = 13, .box_h = 13, .ofs_x = 0, .ofs_y = -1},
    {.bitmap_index = 6722, .adv_w = 224, .box_w = 14, .box_h = 15, .ofs_x = 0, .ofs_y = -2},
    {.bitmap_index = 6816, .adv_w = 224, .box_w = 14, .box_h = 13, .ofs_x = 0, .ofs_y = -2},
    {.bitmap_index = 6893, .adv_w = 224, .box_w = 14, .box_h = 14, .ofs_x = 0, .ofs_y = -2},
    {.bitmap_index = 6970, .adv_w = 224, .box_w = 13, .box_h = 14, .ofs_x = 0, .ofs_y = -2},
    {.bitmap_index = 7015, .adv_w = 224, .box_w = 13, .box_h = 12, .ofs_x = 1, .ofs_y = -1},
    {.bitmap_index = 7065, .adv_w = 224, .box_w = 14, .box_h = 13, .ofs_x = 0, .ofs_y = -1},
    {.bitmap_index = 7141, .adv_w = 224, .box_w = 14, .box_h = 14, .ofs_x = 0, .ofs_y = -1},
    {.bitmap_index = 7199, .adv_w = 224, .box_w = 14, .box_h = 14, .ofs_x = 0, .ofs_y = -2},
    {.bitmap_index = 7253, .adv_w = 224, .box_w = 14, .box_h = 13, .ofs_x = 0, .ofs_y = -2},
    {.bitmap_index = 7307, .adv_w = 224, .box_w = 14, .box_h = 14, .ofs_x = 0, .ofs_y = -2},
    {.bitmap_index = 7386, .adv_w = 224, .box_w = 14, .box_h = 14, .ofs_x = 0, .ofs_y = -2},
    {.bitmap_index = 7476, .adv_w = 224, .box_w = 14, .box_h = 13, .ofs_x = 0, .ofs_y = -1},
    {.bitmap_index = 7551, .adv_w = 224, .box_w = 14, .box_h = 14, .ofs_x = 0, .ofs_y = -2},
    {.bitmap_index = 7632, .adv_w = 224, .box_w = 14, .box_h = 13, .ofs_x = 0, .ofs_y = -1},
    {.bitmap_index = 7705, .adv_w = 224, .box_w = 14, .box_h = 13, .ofs_x = 0, .ofs_y = -1},
    {.bitmap_index = 7774, .adv_w = 224, .box_w = 14, .box_h = 14, .ofs_x = 0, .ofs_y = -2},
    {.bitmap_index = 7868, .adv_w = 224, .box_w = 14, .box_h = 13, .ofs_x = 0, .ofs_y = -1},
    {.bitmap_index = 7948, .adv_w = 224, .box_w = 13, .box_h = 14, .ofs_x = 0, .ofs_y = -2},
    {.bitmap_index = 8025, .adv_w = 224, .box_w = 13, .box_h = 14, .ofs_x = 0, .ofs_y = -2},
    {.bitmap_index = 8089, .adv_w = 224, .box_w = 14, .box_h = 14, .ofs_x = 0, .ofs_y = -2},
    {.bitmap_index = 8176, .adv_w = 224, .box_w = 13, .box_h = 14, .ofs_x = 0, .ofs_y = -2},
    {.bitmap_index = 8239, .adv_w = 224, .box_w = 14, .box_h = 13, .ofs_x = 0, .ofs_y = -1},
    {.bitmap_index = 8317, .adv_w = 224, .box_w = 14, .box_h = 15, .ofs_x = 0, .ofs_y = -2},
    {.bitmap_index = 8408, .adv_w = 224, .box_w = 14, .box_h = 14, .ofs_x = 0, .ofs_y = -2},
    {.bitmap_index = 8498, .adv_w = 224, .box_w = 14, .box_h = 14, .ofs_x = 0, .ofs_y = -2},
    {.bitmap_index = 8588, .adv_w = 224, .box_w = 14, .box_h = 14, .ofs_x = 0, .ofs_y = -2},
    {.bitmap_index = 8671, .adv_w = 224, .box_w = 14, .box_h = 14, .ofs_x = 0, .ofs_y = -2},
    {.bitmap_index = 8765, .adv_w = 224, .box_w = 14, .box_h = 14, .ofs_x = 0, .ofs_y = -2},
    {.bitmap_index = 8854, .adv_w = 224, .box_w = 14, .box_h = 14, .ofs_x = 0, .ofs_y = -1},
    {.bitmap_index = 8931, .adv_w = 224, .box_w = 14, .box_h = 13, .ofs_x = 0, .ofs_y = -1},
    {.bitmap_index = 9008, .adv_w = 224, .box_w = 14, .box_h = 14, .ofs_x = 0, .ofs_y = -2},
    {.bitmap_index = 9100, .adv_w = 224, .box_w = 14, .box_h = 14, .ofs_x = 0, .ofs_y = -2},
    {.bitmap_index = 9188, .adv_w = 224, .box_w = 14, .box_h = 14, .ofs_x = 0, .ofs_y = -2},
    {.bitmap_index = 9263, .adv_w = 224, .box_w = 14, .box_h = 14, .ofs_x = 0, .ofs_y = -2},
    {.bitmap_index = 9356, .adv_w = 224, .box_w = 12, .box_h = 12, .ofs_x = 1, .ofs_y = -1},
    {.bitmap_index = 9388, .adv_w = 224, .box_w = 13, .box_h = 13, .ofs_x = 1, .ofs_y = -1},
    {.bitmap_index = 9453, .adv_w = 224, .box_w = 13, .box_h = 13, .ofs_x = 0, .ofs_y = -2},
    {.bitmap_index = 9524, .adv_w = 224, .box_w = 14, .box_h = 13, .ofs_x = 0, .ofs_y = -2},
    {.bitmap_index = 9596, .adv_w = 224, .box_w = 14, .box_h = 12, .ofs_x = 0, .ofs_y = -1},
    {.bitmap_index = 9662, .adv_w = 224, .box_w = 14, .box_h = 13, .ofs_x = 0, .ofs_y = -2},
    {.bitmap_index = 9739, .adv_w = 224, .box_w = 12, .box_h = 13, .ofs_x = 0, .ofs_y = -2},
    {.bitmap_index = 9791, .adv_w = 224, .box_w = 14, .box_h = 13, .ofs_x = 0, .ofs_y = -1},
    {.bitmap_index = 9861, .adv_w = 224, .box_w = 14, .box_h = 12, .ofs_x = 0, .ofs_y = -1},
    {.bitmap_index = 9937, .adv_w = 224, .box_w = 14, .box_h = 13, .ofs_x = 0, .ofs_y = -1},
    {.bitmap_index = 10007, .adv_w = 224, .box_w = 14, .box_h = 15, .ofs_x = 0, .ofs_y = -2},
    {.bitmap_index = 10090, .adv_w = 224, .box_w = 14, .box_h = 13, .ofs_x = 0, .ofs_y = -1},
    {.bitmap_index = 10176, .adv_w = 224, .box_w = 14, .box_h = 15, .ofs_x = 0, .ofs_y = -2},
    {.bitmap_index = 10274, .adv_w = 224, .box_w = 14, .box_h = 12, .ofs_x = 0, .ofs_y = -1},
    {.bitmap_index = 10324, .adv_w = 224, .box_w = 14, .box_h = 14, .ofs_x = 0, .ofs_y = -2},
    {.bitmap_index = 10412, .adv_w = 224, .box_w = 14, .box_h = 14, .ofs_x = 0, .ofs_y = -2},
    {.bitmap_index = 10499, .adv_w = 224, .box_w = 14, .box_h = 14, .ofs_x = 0, .ofs_y = -2},
    {.bitmap_index = 10584, .adv_w = 224, .box_w = 13, .box_h = 15, .ofs_x = 0, .ofs_y = -2},
    {.bitmap_index = 10656, .adv_w = 224, .box_w = 13, .box_h = 14, .ofs_x = 0, .ofs_y = -2},
    {.bitmap_index = 10736, .adv_w = 224, .box_w = 14, .box_h = 13, .ofs_x = 0, .ofs_y = -1},
    {.bitmap_index = 10822, .adv_w = 224, .box_w = 14, .box_h = 13, .ofs_x = 0, .ofs_y = -1},
    {.bitmap_index = 10905, .adv_w = 224, .box_w = 13, .box_h = 14, .ofs_x = 0, .ofs_y = -2},
    {.bitmap_index = 10994, .adv_w = 224, .box_w = 14, .box_h = 13, .ofs_x = 0, .ofs_y = -2},
    {.bitmap_index = 11067, .adv_w = 224, .box_w = 14, .box_h = 13, .ofs_x = 0, .ofs_y = -2},
    {.bitmap_index = 11140, .adv_w = 224, .box_w = 14, .box_h = 12, .ofs_x = 0, .ofs_y = -1},
    {.bitmap_index = 11214, .adv_w = 224, .box_w = 13, .box_h = 13, .ofs_x = 1, .ofs_y = -2},
    {.bitmap_index = 11282, .adv_w = 224, .box_w = 13, .box_h = 13, .ofs_x = 0, .ofs_y = -2},
    {.bitmap_index = 11346, .adv_w = 224, .box_w = 13, .box_h = 13, .ofs_x = 1, .ofs_y = -1},
    {.bitmap_index = 11409, .adv_w = 224, .box_w = 12, .box_h = 14, .ofs_x = 1, .ofs_y = -2},
    {.bitmap_index = 11489, .adv_w = 224, .box_w = 14, .box_h = 13, .ofs_x = 0, .ofs_y = -1},
    {.bitmap_index = 11562, .adv_w = 224, .box_w = 14, .box_h = 13, .ofs_x = 0, .ofs_y = -1},
    {.bitmap_index = 11645, .adv_w = 224, .box_w = 14, .box_h = 14, .ofs_x = 0, .ofs_y = -2},
    {.bitmap_index = 11736, .adv_w = 224, .box_w = 14, .box_h = 12, .ofs_x = 0, .ofs_y = -1},
    {.bitmap_index = 11799, .adv_w = 224, .box_w = 14, .box_h = 13, .ofs_x = 0, .ofs_y = -1},
    {.bitmap_index = 11878, .adv_w = 224, .box_w = 14, .box_h = 13, .ofs_x = 0, .ofs_y = -1},
    {.bitmap_index = 11953, .adv_w = 224, .box_w = 12, .box_h = 14, .ofs_x = 1, .ofs_y = -2},
    {.bitmap_index = 12020, .adv_w = 224, .box_w = 14, .box_h = 13, .ofs_x = 0, .ofs_y = -1},
    {.bitmap_index = 12094, .adv_w = 224, .box_w = 14, .box_h = 14, .ofs_x = 0, .ofs_y = -2},
    {.bitmap_index = 12185, .adv_w = 224, .box_w = 14, .box_h = 13, .ofs_x = 0, .ofs_y = -1},
    {.bitmap_index = 12266, .adv_w = 224, .box_w = 14, .box_h = 13, .ofs_x = 0, .ofs_y = -1},
    {.bitmap_index = 12352, .adv_w = 224, .box_w = 14, .box_h = 13, .ofs_x = 0, .ofs_y = -1},
    {.bitmap_index = 12421, .adv_w = 224, .box_w = 14, .box_h = 13, .ofs_x = 0, .ofs_y = -1},
    {.bitmap_index = 12499, .adv_w = 224, .box_w = 14, .box_h = 13, .ofs_x = 0, .ofs_y = -1},
    {.bitmap_index = 12580, .adv_w = 224, .box_w = 14, .box_h = 14, .ofs_x = 0, .ofs_y = -1},
    {.bitmap_index = 12669, .adv_w = 224, .box_w = 14, .box_h = 13, .ofs_x = 0, .ofs_y = -1},
    {.bitmap_index = 12760, .adv_w = 224, .box_w = 14, .box_h = 14, .ofs_x = 0, .ofs_y = -2},
    {.bitmap_index = 12850, .adv_w = 224, .box_w = 12, .box_h = 12, .ofs_x = 1, .ofs_y = -1},
    {.bitmap_index = 12914, .adv_w = 224, .box_w = 10, .box_h = 13, .ofs_x = 2, .ofs_y = -1},
    {.bitmap_index = 12960, .adv_w = 224, .box_w = 13, .box_h = 13, .ofs_x = 0, .ofs_y = -1},
    {.bitmap_index = 13027, .adv_w = 224, .box_w = 14, .box_h = 13, .ofs_x = 0, .ofs_y = -1},
    {.bitmap_index = 13101, .adv_w = 224, .box_w = 14, .box_h = 13, .ofs_x = 0, .ofs_y = -1},
    {.bitmap_index = 13171, .adv_w = 224, .box_w = 14, .box_h = 13, .ofs_x = 0, .ofs_y = -1},
    {.bitmap_index = 13248, .adv_w = 224, .box_w = 14, .box_h = 13, .ofs_x = 0, .ofs_y = -1},
    {.bitmap_index = 13308, .adv_w = 224, .box_w = 14, .box_h = 13, .ofs_x = 0, .ofs_y = -1},
    {.bitmap_index = 13363, .adv_w = 224, .box_w = 13, .box_h = 15, .ofs_x = 1, .ofs_y = -2},
    {.bitmap_index = 13440, .adv_w = 224, .box_w = 14, .box_h = 14, .ofs_x = 0, .ofs_y = -2},
    {.bitmap_index = 13532, .adv_w = 224, .box_w = 14, .box_h = 15, .ofs_x = 0, .ofs_y = -2},
    {.bitmap_index = 13623, .adv_w = 224, .box_w = 14, .box_h = 13, .ofs_x = 0, .ofs_y = -1},
    {.bitmap_index = 13679, .adv_w = 224, .box_w = 14, .box_h = 14, .ofs_x = 0, .ofs_y = -2},
    {.bitmap_index = 13754, .adv_w = 224, .box_w = 14, .box_h = 13, .ofs_x = 0, .ofs_y = -1},
    {.bitmap_index = 13832, .adv_w = 224, .box_w = 14, .box_h = 14, .ofs_x = 0, .ofs_y = -2},
    {.bitmap_index = 13918, .adv_w = 224, .box_w = 14, .box_h = 13, .ofs_x = 0, .ofs_y = -1},
    {.bitmap_index = 13997, .adv_w = 224, .box_w = 14, .box_h = 13, .ofs_x = 0, .ofs_y = -1},
    {.bitmap_index = 14078, .adv_w = 224, .box_w = 14, .box_h = 14, .ofs_x = 0, .ofs_y = -2},
    {.bitmap_index = 14159, .adv_w = 224, .box_w = 14, .box_h = 14, .ofs_x = 0, .ofs_y = -2},
    {.bitmap_index = 14249, .adv_w = 224, .box_w = 14, .box_h = 14, .ofs_x = 0, .ofs_y = -2},
    {.bitmap_index = 14333, .adv_w = 224, .box_w = 14, .box_h = 14, .ofs_x = 0, .ofs_y = -2},
    {.bitmap_index = 14422, .adv_w = 224, .box_w = 13, .box_h = 13, .ofs_x = 0, .ofs_y = -2},
    {.bitmap_index = 14488, .adv_w = 224, .box_w = 14, .box_h = 15, .ofs_x = 0, .ofs_y = -2},
    {.bitmap_index = 14573, .adv_w = 224, .box_w = 14, .box_h = 14, .ofs_x = 0, .ofs_y = -2},
    {.bitmap_index = 14661, .adv_w = 224, .box_w = 14, .box_h = 13, .ofs_x = 0, .ofs_y = -1},
    {.bitmap_index = 14745, .adv_w = 224, .box_w = 14, .box_h = 14, .ofs_x = 0, .ofs_y = -2},
    {.bitmap_index = 14829, .adv_w = 224, .box_w = 14, .box_h = 14, .ofs_x = 0, .ofs_y = -2},
    {.bitmap_index = 14923, .adv_w = 224, .box_w = 14, .box_h = 14, .ofs_x = 0, .ofs_y = -2},
    {.bitmap_index = 15006, .adv_w = 224, .box_w = 14, .box_h = 14, .ofs_x = 0, .ofs_y = -2},
    {.bitmap_index = 15093, .adv_w = 224, .box_w = 14, .box_h = 14, .ofs_x = 0, .ofs_y = -2},
    {.bitmap_index = 15180, .adv_w = 224, .box_w = 14, .box_h = 14, .ofs_x = 0, .ofs_y = -2},
    {.bitmap_index = 15268, .adv_w = 224, .box_w = 14, .box_h = 14, .ofs_x = 0, .ofs_y = -2},
    {.bitmap_index = 15357, .adv_w = 224, .box_w = 14, .box_h = 14, .ofs_x = 0, .ofs_y = -2},
    {.bitmap_index = 15445, .adv_w = 224, .box_w = 14, .box_h = 12, .ofs_x = 0, .ofs_y = -1},
    {.bitmap_index = 15514, .adv_w = 224, .box_w = 14, .box_h = 14, .ofs_x = 0, .ofs_y = -1},
    {.bitmap_index = 15594, .adv_w = 224, .box_w = 14, .box_h = 14, .ofs_x = 0, .ofs_y = -2},
    {.bitmap_index = 15686, .adv_w = 224, .box_w = 14, .box_h = 13, .ofs_x = 0, .ofs_y = -1},
    {.bitmap_index = 15769, .adv_w = 224, .box_w = 14, .box_h = 14, .ofs_x = 0, .ofs_y = -2},
    {.bitmap_index = 15841, .adv_w = 224, .box_w = 13, .box_h = 14, .ofs_x = 1, .ofs_y = -2},
    {.bitmap_index = 15912, .adv_w = 224, .box_w = 13, .box_h = 14, .ofs_x = 1, .ofs_y = -2},
    {.bitmap_index = 15987, .adv_w = 224, .box_w = 13, .box_h = 14, .ofs_x = 1, .ofs_y = -2},
    {.bitmap_index = 16071, .adv_w = 224, .box_w = 13, .box_h = 14, .ofs_x = 1, .ofs_y = -2},
    {.bitmap_index = 16150, .adv_w = 224, .box_w = 14, .box_h = 13, .ofs_x = 0, .ofs_y = -1},
    {.bitmap_index = 16232, .adv_w = 224, .box_w = 14, .box_h = 13, .ofs_x = 0, .ofs_y = -2},
    {.bitmap_index = 16312, .adv_w = 224, .box_w = 14, .box_h = 13, .ofs_x = 0, .ofs_y = -2},
    {.bitmap_index = 16397, .adv_w = 224, .box_w = 14, .box_h = 13, .ofs_x = 0, .ofs_y = -1},
    {.bitmap_index = 16462, .adv_w = 224, .box_w = 14, .box_h = 12, .ofs_x = 0, .ofs_y = -1},
    {.bitmap_index = 16530, .adv_w = 224, .box_w = 14, .box_h = 14, .ofs_x = 0, .ofs_y = -2},
    {.bitmap_index = 16625, .adv_w = 224, .box_w = 14, .box_h = 13, .ofs_x = 0, .ofs_y = -1},
    {.bitmap_index = 16707, .adv_w = 224, .box_w = 3, .box_h = 6, .ofs_x = 2, .ofs_y = -2}
};

/*---------------------
 *  CHARACTER MAPPING
 *--------------------*/

static const uint16_t unicode_list_1[] = {
    0x0, 0x1f6b, 0x2514, 0x2518, 0x4d49, 0x4d54, 0x4d56, 0x4d57,
    0x4d63, 0x4d7d, 0x4dd4, 0x4dd7, 0x4dda, 0x4ded, 0x4df0, 0x4e21,
    0x4e63, 0x4e79, 0x4e96, 0x4e98, 0x4ea2, 0x4ea5, 0x4ea9, 0x4f37,
    0x4f5b, 0x4f83, 0x4f85, 0x50ae, 0x50b5, 0x50bc, 0x50fe, 0x510f,
    0x5115, 0x5143, 0x5160, 0x5179, 0x51b2, 0x51ea, 0x51f1, 0x52bc,
    0x531a, 0x5338, 0x5351, 0x5357, 0x5477, 0x5627, 0x5671, 0x5679,
    0x5683, 0x5717, 0x584d, 0x5850, 0x5863, 0x5872, 0x58c6, 0x5914,
    0x5a99, 0x5aff, 0x5b4f, 0x5b7a, 0x5b94, 0x5bda, 0x5d26, 0x5d3b,
    0x5d40, 0x5d4b, 0x5dc8, 0x5e49, 0x5e4c, 0x5e6f, 0x5ece, 0x5f34,
    0x5f84, 0x600e, 0x615a, 0x615f, 0x6188, 0x61ac, 0x61fe, 0x6205,
    0x6232, 0x6252, 0x62ee, 0x6300, 0x6319, 0x63c1, 0x6416, 0x647f,
    0x6482, 0x6487, 0x648e, 0x6502, 0x6514, 0x6530, 0x653f, 0x655c,
    0x6578, 0x65b8, 0x663d, 0x6651, 0x66a8, 0x66e5, 0x672e, 0x6785,
    0x6791, 0x6a87, 0x6aac, 0x6afe, 0x6b8b, 0x6b99, 0x6c94, 0x6c98,
    0x6d78, 0x6dc7, 0x6e5d, 0x72f2, 0x72f9, 0x734f, 0x742f, 0x7471,
    0x747e, 0x75cd, 0x7654, 0x7787, 0x77b7, 0x7883, 0x791b, 0x7928,
    0x79c2, 0x7a22, 0x7a75, 0x7a92, 0x7ac2, 0x7deb, 0x7e0d, 0x7e1c,
    0x7e30, 0x7e36, 0x7e48, 0x7e9a, 0x8133, 0x81bb, 0x81f8, 0x8292,
    0x8426, 0x85c2, 0x8795, 0x8911, 0x892c, 0x892f, 0x8aea, 0x8aed,
    0x8b07, 0x8b1e, 0x8b40, 0x8b43, 0x8c6f, 0x8c8d, 0x8cc0, 0x8cce,
    0x8cfc, 0x8eb1, 0x8eb5, 0x8eb7, 0x8f1a, 0x8f1d, 0x8f21, 0x8f24,
    0x8f4a, 0x8f52, 0x8f63, 0x8f68, 0x9118, 0x911a, 0x93f7, 0x943f,
    0x94c8, 0x9568, 0x957f, 0x95ad, 0x95e5, 0x960f, 0x9649, 0x965c,
    0x969b, 0x97c2, 0x97e6, 0x99f9, 0xfe55
};

/*Collect the unicode lists and glyph_id offsets*/
static const lv_font_fmt_txt_cmap_t cmaps[] =
{
    {
        .range_start = 32, .range_length = 95, .glyph_id_start = 1,
        .unicode_list = NULL, .glyph_id_ofs_list = NULL, .list_length = 0, .type = LV_FONT_FMT_TXT_CMAP_FORMAT0_TINY
    },
    {
        .range_start = 183, .range_length = 65110, .glyph_id_start = 96,
        .unicode_list = unicode_list_1, .glyph_id_ofs_list = NULL, .list_length = 189, .type = LV_FONT_FMT_TXT_CMAP_SPARSE_TINY
    }
};



/*--------------------
 *  ALL CUSTOM DATA
 *--------------------*/

#if LVGL_VERSION_MAJOR == 8
/*Store all the custom data of the font*/
static  lv_font_fmt_txt_glyph_cache_t cache;
#endif

#if LVGL_VERSION_MAJOR >= 8
static const lv_font_fmt_txt_dsc_t font_dsc = {
#else
static lv_font_fmt_txt_dsc_t font_dsc = {
#endif
    .glyph_bitmap = glyph_bitmap,
    .glyph_dsc = glyph_dsc,
    .cmaps = cmaps,
    .kern_dsc = NULL,
    .kern_scale = 0,
    .cmap_num = 2,
    .bpp = 4,
    .kern_classes = 0,
    .bitmap_format = 1,
#if LVGL_VERSION_MAJOR == 8
    .cache = &cache
#endif
};



/*-----------------
 *  PUBLIC FONT
 *----------------*/

/*Initialize a public general font descriptor*/
#if LVGL_VERSION_MAJOR >= 8
const lv_font_t ui_font_14 = {
#else
lv_font_t ui_font_14 = {
#endif
    .get_glyph_dsc = lv_font_get_glyph_dsc_fmt_txt,    /*Function pointer to get glyph's data*/
    .get_glyph_bitmap = lv_font_get_bitmap_fmt_txt,    /*Function pointer to get glyph's bitmap*/
    .line_height = 17,          /*The maximum line height required by the font*/
    .base_line = 4,             /*Baseline measured from the bottom of the line*/
#if !(LVGL_VERSION_MAJOR == 6 && LVGL_VERSION_MINOR == 0)
    .subpx = LV_FONT_SUBPX_NONE,
#endif
#if LV_VERSION_CHECK(7, 4, 0) || LVGL_VERSION_MAJOR >= 8
    .underline_position = -2,
    .underline_thickness = 1,
#endif
    .dsc = &font_dsc,          /*The custom font data. Will be accessed by `get_glyph_bitmap/dsc` */
#if LV_VERSION_CHECK(8, 2, 0) || LVGL_VERSION_MAJOR >= 9
    .fallback = NULL,
#endif
    .user_data = NULL,
};



#endif /*#if UI_FONT_14*/

