// Generated from Assets/GridCity/StreetV3/device/d1-archive-way.png
// SHA-256: d80ecfb2922e7c17e4ae9d5b8620deade2b2cf0eba9181f51d094aa362f220ce
  0x0021, 0x0021, 0x0021, 0x0021, 0x0021, 0x0021, 0x0021, 0x0021, 0x0021, 0x0021, 0x0021, 0x0021,
  0x0021, 0x0021, 0x0021, 0x0021, 0x0021, 0x0021, 0x0021, 0x0021, 0x0021, 0x0021, 0x0021, 0x0021,
  0x0021, 0x0021, 0x0021, 0x0021, 0x0021, 0x0021, 0x0021, 0x0021, 0x0021, 0x0021, 0x0021, 0x0021,
  0x0021, 0x0021, 0x0021, 0x0021, 0x0021, 0x0021, 0x0021, 0x0021, 0x0021, 0x0021, 0x0021, 0x0021,
  0x0021, 0x0021, 0x0021, 0x0021, 0x0021, 0x0021, 0x0021, 0x0021, 0x0021, 0x0021, 0x0021, 0x0021,
  0x0021, 0x0021, 0x0021, 0x0021, 0x0021, 0x0021, 0x0021, 0x0021, 0x0021, 0x0021, 0x0021, 0x0021,
  0x0021, 0x0021, 0x0021, 0x0021, 0x0021, 0x0021, 0x0021, 0x0021, 0x0021, 0x0021, 0x0021, 0x0021,
  0x0021, 0x0021, 0x0021, 0x0021, 0x0021, 0x0021, 0x0021, 0x0021, 0x0021, 0x0021, 0x0021, 0x0021,
  0x0021, 0x0021, 0x0021, 0x0021, 0x0021, 0x0021, 0x0021, 0x0021, 0x0021, 0x0021, 0x0021, 0x0021,
  0x0021, 0x0021, 0x0021, 0x0021, 0x0021, 0x0021, 0x0021, 0x0021, 0x0021, 0x0021, 0x0021, 0x0021,
  0x0021, 0x0021, 0x0021, 0x0021, 0x0021, 0x0021, 0x0021, 0x0021, 0x0021, 0x0021, 0x0021, 0x0021,
  0x0021, 0x0021, 0x0021, 0x0021, 0x0021, 0x0021, 0x0021, 0x0021, 0x0021, 0x0021, 0x0021, 0x0021,
  0x0021, 0x0021, 0x0021, 0x0021, 0x0021, 0x0021, 0x0021, 0x0021, 0x0021, 0x0021, 0x0021, 0x0021,
  0x0021, 0x0021, 0x0021, 0x0021, 0x0021, 0x0021, 0x0021, 0x0021, 0x0021, 0x0021, 0x0021, 0x0021,
  0x0021, 0x0021, 0x0021, 0x0021, 0x0021, 0x0021, 0x0021, 0x0021, 0x0021, 0x0021, 0x0021, 0x0021,
  0x0021, 0x0021, 0x0021, 0x0021, 0x0021, 0x0021, 0x0021, 0x0021, 0x0021, 0x0021, 0x0021, 0x0021,
  0x0021, 0x0021, 0x0021, 0x0021, 0x0021, 0x0021, 0x0021, 0x0021, 0x0021, 0x0021, 0x0021, 0x0021,
  0x0021, 0x0021, 0x0021, 0x0021, 0x0021, 0x0021, 0x0021, 0x0021, 0x0021, 0x0021, 0x0021, 0x0021,
  0x0021, 0x0021, 0x0021, 0x0021, 0x0021, 0x0021, 0x0021, 0x0021, 0x0021, 0x0021, 0x0021, 0x0021,
  0x0021, 0x0021, 0x0021, 0x0021, 0x0021, 0x0021, 0x0021, 0x0021, 0x0021, 0x0021, 0x0021, 0x0021,
  0x0021, 0x0021, 0x0021, 0x0021, 0x0021, 0x0021, 0x0021, 0x0021, 0x0021, 0x0021, 0x0021, 0x0021,
  0x0021, 0x0021, 0x0021, 0x0021, 0x0021, 0x0021, 0x0021, 0x0021, 0x0021, 0x0021, 0x0021, 0x0021,
  0x0021, 0x0021, 0x0021, 0x0021, 0x0021, 0x0021, 0x0021, 0x0021, 0x0021, 0x0021, 0x0021, 0x0021,
  0x0021, 0x0021, 0x0021, 0x0021, 0x0021, 0x0021, 0x0021, 0x0021, 0x0021, 0x0021, 0x0021, 0x0021,
  0x0021, 0x0021, 0x0021, 0x0021, 0x0021, 0x0021, 0x0021, 0x0021, 0x0021, 0x0021, 0x0021, 0x0021,
  0x0021, 0x0021, 0x0021, 0x0021, 0x0021, 0x0021, 0x0021, 0x0021, 0x0021, 0x0021, 0x0021, 0x0021,
  0x0021, 0x0021, 0x0021, 0x0021, 0x0021, 0x0021, 0x0021, 0x0021, 0x0021, 0x0021, 0x0021, 0x0021,
  0x0021, 0x0021, 0x0021, 0x0021, 0x0021, 0x0021, 0x0021, 0x0021, 0x0021, 0x0021, 0x0021, 0x0021,
  0x0021, 0x0021, 0x0021, 0x0021, 0x0021, 0x0021, 0x0021, 0x0021, 0x0021, 0x0021, 0x0021, 0x0021,
  0x0021, 0x0021, 0x0021, 0x0021, 0x0021, 0x0021, 0x0021, 0x0021, 0x0021, 0x0021, 0x0021, 0x0021,
  0x0021, 0x0021, 0x0021, 0x0021, 0x0021, 0x0021, 0x0021, 0x0021, 0x0021, 0x0021, 0x0021, 0x0021,
  0x0021, 0x0021, 0x0021, 0x0021, 0x0021, 0x0021, 0x0021, 0x0021, 0x0021, 0x0021, 0x0021, 0x0021,
  0x0021, 0x0021, 0x0021, 0x0021, 0x0021, 0x0021, 0x0021, 0x0021, 0x0021, 0x0021, 0x0021, 0x0021,
  0x0021, 0x0021, 0x0021, 0x0021, 0x0021, 0x0021, 0x0021, 0x0021, 0x0021, 0x0021, 0x0021, 0x0021,
  0x0021, 0x0021, 0x0021, 0x0021, 0x0021, 0x0021, 0x0021, 0x0021, 0x0021, 0x0021, 0x0021, 0x0021,
  0x0021, 0x0021, 0x0021, 0x0021, 0x0021, 0x0021, 0x0021, 0x0021, 0x0021, 0x0021, 0x0021, 0x0021,
  0x0021, 0x0021, 0x0021, 0x0021, 0x0021, 0x0021, 0x0021, 0x0021, 0x0021, 0x0021, 0x0021, 0x0021,
  0x0021, 0x0021, 0x0021, 0x0021, 0x0021, 0x0021, 0x0021, 0x0021, 0x0021, 0x0021, 0x0021, 0x0021,
  0x0021, 0x0021, 0x0021, 0x0021, 0x0021, 0x0021, 0x0021, 0x0021, 0x0021, 0x0021, 0x0021, 0x0021,
  0x0021, 0x0021, 0x0021, 0x0021, 0x0021, 0x0021, 0x0021, 0x0021, 0x0021, 0x0021, 0x0021, 0x0021,
  0x0021, 0x0021, 0x0021, 0x0021, 0x0021, 0x0021, 0x0021, 0x0021, 0x0021, 0x0021, 0x0021, 0x0021,
  0x0021, 0x0021, 0x0021, 0x0021, 0x0021, 0x0021, 0x0021, 0x0021, 0x0021, 0x0021, 0x0021, 0x0021,
  0x0021, 0x0021, 0x0021, 0x0021, 0x0021, 0x0021, 0x0021, 0x0021, 0x0021, 0x0021, 0x0021, 0x0021,
  0x0021, 0x0021, 0x0021, 0x0021, 0x0021, 0x0021, 0x0021, 0x0021, 0x0021, 0x0021, 0x0021, 0x0021,
  0x0021, 0x0021, 0x0021, 0x0021, 0x0021, 0x0021, 0x0021, 0x0021, 0x0021, 0x0021, 0x0021, 0x0021,
  0x0021, 0x0021, 0x0021, 0x0021, 0x0021, 0x0021, 0x0021, 0x0021, 0x0021, 0x0021, 0x0021, 0x0021,
  0x0021, 0x0021, 0x0021, 0x0021, 0x0021, 0x0021, 0x0021, 0x0021, 0x0021, 0x0021, 0x0021, 0x0021,
  0x0021, 0x0021, 0x0021, 0x0021, 0x0021, 0x0021, 0x0021, 0x0021, 0x0021, 0x0021, 0x0021, 0x0021,
  0x0021, 0x0021, 0x0021, 0x0021, 0x0021, 0x0021, 0x0021, 0x0021, 0x0021, 0x0021, 0x0021, 0x0021,
  0x0021, 0x0021, 0x0021, 0x0021, 0x0021, 0x0021, 0x0021, 0x0021, 0x0021, 0x0021, 0x0021, 0x0021,
  0x0021, 0x0021, 0x0021, 0x0021, 0x0021, 0x0021, 0x0021, 0x0021, 0x0021, 0x0021, 0x0021, 0x0021,
  0x0021, 0x0021, 0x0021, 0x0021, 0x0021, 0x0021, 0x0021, 0x0021, 0x0021, 0x0021, 0x0021, 0x0021,
  0x0021, 0x0021, 0x0021, 0x0021, 0x0021, 0x0021, 0x0021, 0x0021, 0x0021, 0x0021, 0x0021, 0x0021,
  0x0021, 0x0021, 0x0021, 0x0021, 0x0021, 0x0021, 0x0021, 0x0021, 0x0021, 0x0021, 0x0021, 0x0021,
  0x0021, 0x0021, 0x0021, 0x0021, 0x0021, 0x0021, 0x0021, 0x0021, 0x0021, 0x0021, 0x0021, 0x0021,
  0x0021, 0x0021, 0x0021, 0x0021, 0x0021, 0x0021, 0x0021, 0x0021, 0x0021, 0x0021, 0x0021, 0x0021,
  0x0021, 0x0021, 0x0021, 0x0021, 0x0021, 0x0021, 0x0021, 0x0021, 0x0021, 0x0021, 0x0021, 0x0021,
  0x0021, 0x0021, 0x0021, 0x0021, 0x0021, 0x0021, 0x0021, 0x0021, 0x0021, 0x0021, 0x0021, 0x0021,
  0x0021, 0x0021, 0x0021, 0x0021, 0x0021, 0x0021, 0x0021, 0x0021, 0x0021, 0x0021, 0x0021, 0x0021,
  0x0021, 0x0021, 0x0021, 0x0021, 0x0021, 0x0021, 0x0021, 0x0021, 0x0021, 0x0021, 0x0021, 0x0021,
  0x0021, 0x0021, 0x0021, 0x0021, 0x0021, 0x0021, 0x0021, 0x0021, 0x0021, 0x0021, 0x0021, 0x0021,
  0x0021, 0x0021, 0x0021, 0x0021, 0x0021, 0x0021, 0x0021, 0x0021, 0x0021, 0x0021, 0x0021, 0x0021,
  0x0021, 0x0021, 0x0021, 0x0021, 0x0021, 0x0021, 0x0021, 0x0021, 0x0021, 0x0021, 0x0021, 0x0021,
  0x0021, 0x0021, 0x0021, 0x0021, 0x0021, 0x0021, 0x0021, 0x0021, 0x0021, 0x0021, 0x0021, 0x0021,
  0x0021, 0x0021, 0x0021, 0x0021, 0x0021, 0x0021, 0x0021, 0x0021, 0x0021, 0x0021, 0x0021, 0x0021,
  0x0021, 0x0021, 0x0021, 0x0021, 0x0021, 0x0021, 0x0021, 0x0021, 0x0021, 0x0021, 0x0021, 0x0021,
  0x0021, 0x0021, 0x0021, 0x0021, 0x0021, 0x0021, 0x0021, 0x0021, 0x0021, 0x0021, 0x0021, 0x0021,
  0x0021, 0x0021, 0x0021, 0x0021, 0x0021, 0x0021, 0x0021, 0x0021, 0x0021, 0x0021, 0x0021, 0x0021,
  0x0021, 0x0021, 0x0021, 0x0021, 0x0021, 0x0021, 0x0021, 0x0021, 0x0021, 0x0021, 0x0021, 0x0021,
  0x0021, 0x0021, 0x0021, 0x0021, 0x0021, 0x0021, 0x0021, 0x0021, 0x0021, 0x0021, 0x0021, 0x0021,
  0x0021, 0x0021, 0x0021, 0x0021, 0x0021, 0x0021, 0x0021, 0x0021, 0x0021, 0x0021, 0x0021, 0x0021,
  0x0021, 0x0021, 0x0021, 0x0021, 0x0021, 0x0021, 0x0021, 0x0021, 0x0021, 0x0021, 0x0021, 0x0021,
  0x0021, 0x0021, 0x0021, 0x0021, 0x0021, 0x0021, 0x0021, 0x0021, 0x0021, 0x0021, 0x0021, 0x0021,
  0x0021, 0x0021, 0x0021, 0x0021, 0x0021, 0x0021, 0x0021, 0x0021, 0x0021, 0x0021, 0x0021, 0x0021,
  0x0021, 0x0021, 0x0021, 0x0021, 0x0021, 0x0021, 0x0021, 0x0021, 0x0021, 0x0021, 0x0021, 0x0021,
  0x0021, 0x0021, 0x0021, 0x0021, 0x0021, 0x0021, 0x0021, 0x0021, 0x0021, 0x0021, 0x0021, 0x0021,
  0x0021, 0x0021, 0x0021, 0x0021, 0x0021, 0x0021, 0x0021, 0x0021, 0x0021, 0x0021, 0x0021, 0x0021,
  0x0021, 0x0021, 0x0021, 0x0021, 0x0021, 0x0021, 0x0021, 0x0021, 0x0021, 0x0021, 0x0021, 0x0021,
  0x0021, 0x0021, 0x0021, 0x0021, 0x0021, 0x0021, 0x0021, 0x0021, 0x0021, 0x0021, 0x0021, 0x0021,
  0x0021, 0x0021, 0x0021, 0x0021, 0x0021, 0x0021, 0x0021, 0x0021, 0x0021, 0x0021, 0x0021, 0x0021,
  0x0021, 0x0021, 0x0021, 0x0021, 0x0021, 0x0021, 0x0021, 0x0021, 0x0021, 0x0021, 0x0021, 0x0021,
  0x0021, 0x0021, 0x0021, 0x0021, 0x0021, 0x0021, 0x0021, 0x0021, 0x0021, 0x0021, 0x0021, 0x0021,
  0x0021, 0x0021, 0x0021, 0x0021, 0x0021, 0x0021, 0x0021, 0x0021, 0x0021, 0x0021, 0x0021, 0x0021,
  0x0021, 0x0021, 0x0021, 0x0021, 0x0021, 0x0021, 0x0021, 0x0021, 0x0021, 0x0021, 0x0021, 0x0021,
  0x0021, 0x0021, 0x0021, 0x0021, 0x0021, 0x0021, 0x0021, 0x0021, 0x0021, 0x0021, 0x0021, 0x0021,
  0x0021, 0x0021, 0x0021, 0x0021, 0x0021, 0x0021, 0x0021, 0x0021, 0x0021, 0x0021, 0x0021, 0x0021,
  0x0021, 0x0021, 0x0021, 0x0021, 0x0021, 0x0021, 0x0021, 0x0021, 0x0021, 0x0021, 0x0021, 0x0021,
  0x0021, 0x0021, 0x0021, 0x0021, 0x0021, 0x0021, 0x0021, 0x0021, 0x0021, 0x0021, 0x0021, 0x0021,
  0x0021, 0x0021, 0x0021, 0x0021, 0x0021, 0x0021, 0x0021, 0x0021, 0x0021, 0x0021, 0x0021, 0x0021,
  0x0021, 0x0021, 0x0021, 0x0021, 0x0021, 0x0021, 0x0021, 0x0021, 0x0021, 0x0021, 0x0021, 0x0021,
  0x0021, 0x0021, 0x0021, 0x0021, 0x0021, 0x0021, 0x0021, 0x0021, 0x0021, 0x0021, 0x0021, 0x0021,
  0x0021, 0x0021, 0x0021, 0x0021, 0x0021, 0x0021, 0x0021, 0x0021, 0x0021, 0x0021, 0x0021, 0x0021,
  0x0021, 0x0021, 0x0021, 0x0021, 0x0021, 0x0021, 0x0021, 0x0021, 0x0021, 0x0021, 0x0021, 0x0021,
  0x0021, 0x0021, 0x0021, 0x0021, 0x0021, 0x0021, 0x0021, 0x0021, 0x0021, 0x0021, 0x0021, 0x0021,
  0x0021, 0x0021, 0x0021, 0x0021, 0x0021, 0x0021, 0x0021, 0x0021, 0x0021, 0x0021, 0x0021, 0x0021,
  0x0021, 0x0021, 0x0021, 0x0021, 0x0021, 0x0021, 0x0021, 0x0021, 0x0021, 0x0021, 0x0021, 0x0021,
  0x0021, 0x0021, 0x0021, 0x0021, 0x0021, 0x0021, 0x0021, 0x0021, 0x0021, 0x0021, 0x0021, 0x0021,
  0x0021, 0x0021, 0x0021, 0x0021, 0x0021, 0x0021, 0x0021, 0x0021, 0x0021, 0x0021, 0x0021, 0x0021,
  0x0021, 0x0021, 0x0021, 0x0021, 0x0021, 0x0021, 0x0021, 0x0021, 0x0021, 0x0021, 0x0021, 0x0021,
  0x0021, 0x0021, 0x0021, 0x0021, 0x0021, 0x0021, 0x0021, 0x0021, 0x0021, 0x0021, 0x0021, 0x0021,
  0x0021, 0x0021, 0x0021, 0x0021, 0x0021, 0x0021, 0x0021, 0x0021, 0x0021, 0x0021, 0x0021, 0x0021,
  0x0021, 0x0021, 0x0021, 0x0021, 0x0021, 0x0021, 0x0021, 0x0021, 0x0021, 0x0021, 0x0021, 0x0021,
  0x0021, 0x0021, 0x0021, 0x0021, 0x0021, 0x0021, 0x0021, 0x0021, 0x0021, 0x0021, 0x0021, 0x0021,
  0x0021, 0x0021, 0x0021, 0x0021, 0x0021, 0x0021, 0x0021, 0x0021, 0x0021, 0x0021, 0x0021, 0x0021,
  0x0021, 0x0021, 0x0021, 0x0021, 0x0021, 0x0021, 0x0021, 0x0021, 0x0021, 0x0021, 0x0021, 0x0021,
  0x0021, 0x0021, 0x0021, 0x0021, 0x0021, 0x0021, 0x0021, 0x0021, 0x0021, 0x0021, 0x0021, 0x0021,
  0x0021, 0x0021, 0x0021, 0x0021, 0x0021, 0x0021, 0x0021, 0x0021, 0x0021, 0x0021, 0x0021, 0x0021,
  0x0021, 0x0021, 0x0021, 0x0021, 0x0021, 0x0021, 0x0021, 0x0021, 0x0021, 0x0021, 0x0021, 0x0021,
  0x0021, 0x0021, 0x0021, 0x0021, 0x0021, 0x0021, 0x0021, 0x0021, 0x0021, 0x0021, 0x0021, 0x0021,
  0x0021, 0x0021, 0x0021, 0x0021, 0x0021, 0x0021, 0x0021, 0x0021, 0x0021, 0x0021, 0x0021, 0x0021,
  0x0021, 0x0021, 0x0021, 0x0021, 0x0021, 0x0021, 0x0021, 0x0021, 0x0021, 0x0021, 0x0021, 0x0021,
  0x0021, 0x0021, 0x0021, 0x0021, 0x0021, 0x0021, 0x0021, 0x0021, 0x0021, 0x0021, 0x0021, 0x0021,
  0x0021, 0x0021, 0x0021, 0x0021, 0x0021, 0x0021, 0x0021, 0x0021, 0x0021, 0x0021, 0x0021, 0x0021,
  0x0021, 0x0021, 0x0021, 0x0021, 0x0021, 0x0021, 0x0021, 0x0021, 0x0021, 0x0021, 0x0021, 0x0021,
  0x0021, 0x0021, 0x0021, 0x0021, 0x0021, 0x0021, 0x0021, 0x0021, 0x0021, 0x0021, 0x0021, 0x0021,
  0x0021, 0x0021, 0x0021, 0x0021, 0x0021, 0x0021, 0x0021, 0x0021, 0x0021, 0x0021, 0x0021, 0x0021,
  0x0021, 0x0021, 0x0021, 0x0021, 0x0021, 0x0021, 0x0021, 0x0021, 0x0021, 0x0021, 0x0021, 0x0021,
  0x0021, 0x0021, 0x0021, 0x0021, 0x0021, 0x0021, 0x0021, 0x0021, 0x0021, 0x0021, 0x0021, 0x0021,
  0x0021, 0x0021, 0x0021, 0x0021, 0x0021, 0x0021, 0x0021, 0x0021, 0x0021, 0x0021, 0x0021, 0x0021,
  0x0021, 0x0021, 0x0021, 0x0021, 0x0021, 0x0021, 0x0021, 0x0021, 0x0021, 0x0021, 0x0021, 0x0021,
  0x0021, 0x0021, 0x0021, 0x0021, 0x0021, 0x0021, 0x0021, 0x0021, 0x0021, 0x0021, 0x0021, 0x0021,
  0x0021, 0x0021, 0x0021, 0x0021, 0x0021, 0x0021, 0x0021, 0x0021, 0x0021, 0x0021, 0x0021, 0x0021,
  0x0021, 0x0021, 0x0021, 0x0021, 0x0021, 0x0021, 0x0021, 0x0021, 0x0021, 0x0021, 0x0021, 0x0021,
  0x0021, 0x0021, 0x0021, 0x0021, 0x0021, 0x0021, 0x0021, 0x0021, 0x0021, 0x0021, 0x0021, 0x0021,
  0x0021, 0x0021, 0x0021, 0x0021, 0x0021, 0x0021, 0x0021, 0x0021, 0x0021, 0x0021, 0x0021, 0x0021,
  0x0021, 0x0021, 0x0021, 0x0021, 0x0021, 0x0021, 0x0021, 0x0021, 0x0021, 0x0021, 0x0021, 0x0021,
  0x0021, 0x0021, 0x0021, 0x0021, 0x0021, 0x0021, 0x0021, 0x0021, 0x0021, 0x0021, 0x0021, 0x0021,
  0x0021, 0x0021, 0x0021, 0x0021, 0x0021, 0x0021, 0x0021, 0x0021, 0x0021, 0x0021, 0x0021, 0x0021,
  0x0021, 0x0021, 0x0021, 0x0021, 0x0021, 0x0021, 0x0021, 0x0021, 0x0021, 0x0021, 0x0021, 0x0021,
  0x0021, 0x0021, 0x0021, 0x0021, 0x0021, 0x0021, 0x0021, 0x0021, 0x0021, 0x0021, 0x0021, 0x0021,
  0x0021, 0x0021, 0x0021, 0x0021, 0x0021, 0x0021, 0x0021, 0x0021, 0x0021, 0x0021, 0x0021, 0x0021,
  0x0021, 0x0021, 0x0021, 0x0021, 0x0021, 0x0021, 0x0021, 0x0021, 0x0021, 0x0021, 0x0021, 0x0021,
  0x0021, 0x0021, 0x0021, 0x0021, 0x0021, 0x0021, 0x0021, 0x0021, 0x0021, 0x0021, 0x0021, 0x0021,
  0x0021, 0x0021, 0x0021, 0x0021, 0x0021, 0x0021, 0x0021, 0x0021, 0x0021, 0x0021, 0x0021, 0x0021,
  0x0021, 0x0021, 0x0021, 0x0021, 0x0021, 0x0021, 0x0021, 0x0021, 0x0021, 0x0021, 0x0021, 0x0021,
  0x0021, 0x0021, 0x0021, 0x0021, 0x0021, 0x0021, 0x0021, 0x0021, 0x0021, 0x0021, 0x0021, 0x0021,
  0x0021, 0x0021, 0x0021, 0x0021, 0x0021, 0x0021, 0x0021, 0x0021, 0x0021, 0x0021, 0x0021, 0x0021,
  0x0021, 0x0021, 0x0021, 0x0021, 0x0021, 0x0021, 0x0021, 0x0021, 0x0021, 0x0021, 0x0021, 0x0021,
  0x0021, 0x0021, 0x0021, 0x0021, 0x0021, 0x0021, 0x0021, 0x0021, 0x0021, 0x0021, 0x0021, 0x0021,
  0x0021, 0x0021, 0x0021, 0x0021, 0x0021, 0x0021, 0x0021, 0x0021, 0x0021, 0x0021, 0x0021, 0x0021,
  0x0021, 0x0021, 0x0021, 0x0021, 0x0021, 0x0021, 0x0021, 0x0021, 0x0021, 0x0021, 0x0021, 0x0021,
  0x0021, 0x0021, 0x0021, 0x0021, 0x0021, 0x0021, 0x0021, 0x0021, 0x0021, 0x0021, 0x0021, 0x0021,
  0x0021, 0x0021, 0x0021, 0x0021, 0x0021, 0x0021, 0x0021, 0x0021, 0x0021, 0x0021, 0x0021, 0x0021,
  0x0021, 0x0021, 0x0021, 0x0021, 0x0021, 0x0021, 0x0021, 0x0021, 0x0021, 0x0021, 0x0021, 0x0021,
  0x0021, 0x0021, 0x0021, 0x0021, 0x0021, 0x0021, 0x0021, 0x0021, 0x0021, 0x0021, 0x0021, 0x0021,
  0x0021, 0x0021, 0x0021, 0x0021, 0x0021, 0x0021, 0x0021, 0x0021, 0x0021, 0x0021, 0x0021, 0x0021,
  0x0021, 0x0021, 0x0021, 0x0021, 0x0021, 0x0021, 0x0021, 0x0021, 0x0021, 0x0021, 0x0021, 0x0021,
  0x0021, 0x0021, 0x0021, 0x0021, 0x0021, 0x0021, 0x0021, 0x0021, 0x0021, 0x0021, 0x0021, 0x0021,
  0x0021, 0x0021, 0x0021, 0x0021, 0x0021, 0x0021, 0x0021, 0x0021, 0x0021, 0x0021, 0x0021, 0x0021,
  0x0021, 0x0021, 0x0021, 0x0021, 0x0021, 0x0021, 0x0021, 0x0021, 0x0021, 0x0021, 0x0021, 0x0021,
  0x0021, 0x0021, 0x0021, 0x0021, 0x0021, 0x0021, 0x0021, 0x0021, 0x0021, 0x0021, 0x0021, 0x0021,
  0x0021, 0x0021, 0x0021, 0x0021, 0x0021, 0x0021, 0x0021, 0x0021, 0x0021, 0x0021, 0x0021, 0x0021,
  0x0021, 0x0021, 0x0021, 0x0021, 0x0021, 0x0021, 0x0021, 0x0021, 0x0021, 0x0021, 0x0021, 0x0021,
  0x0021, 0x0021, 0x0021, 0x0021, 0x0021, 0x0021, 0x0021, 0x0021, 0x0021, 0x0021, 0x0021, 0x0021,
  0x0021, 0x0021, 0x0021, 0x0021, 0x0021, 0x0021, 0x0021, 0x0021, 0x0021, 0x0021, 0x0021, 0x0021,
  0x0021, 0x0021, 0x0021, 0x0021, 0x0021, 0x0021, 0x0021, 0x0021, 0x0021, 0x0021, 0x0021, 0x0021,
  0x0021, 0x0021, 0x0021, 0x0021, 0x0021, 0x0021, 0x0021, 0x0021, 0x0021, 0x0021, 0x0021, 0x0021,
  0x0021, 0x0021, 0x0021, 0x0021, 0x0021, 0x0021, 0x0021, 0x0021, 0x0021, 0x0021, 0x0021, 0x0021,
  0x0021, 0x0021, 0x0021, 0x0021, 0x0021, 0x0021, 0x0021, 0x0021, 0x0021, 0x0021, 0x0021, 0x0021,
  0x0021, 0x0021, 0x0021, 0x0021, 0x0021, 0x0021, 0x0021, 0x0021, 0x0021, 0x0021, 0x0021, 0x0021,
  0x0021, 0x0021, 0x0021, 0x0021, 0x0021, 0x0021, 0x0021, 0x0021, 0x0021, 0x0021, 0x0021, 0x0021,
  0x0021, 0x0021, 0x0021, 0x0021, 0x0021, 0x0021, 0x0021, 0x0021, 0x0021, 0x0021, 0x0021, 0x0021,
  0x0021, 0x0021, 0x0021, 0x0021, 0x0021, 0x0021, 0x0021, 0x0021, 0x0021, 0x0021, 0x0021, 0x0021,
  0x0021, 0x0021, 0x0021, 0x0021, 0x0021, 0x0021, 0x0021, 0x0021, 0x0021, 0x0021, 0x0021, 0x0021,
  0x0021, 0x0021, 0x0021, 0x0021, 0x0021, 0x0021, 0x0021, 0x0021, 0x0021, 0x0021, 0x0021, 0x0021,
  0x0021, 0x0021, 0x0021, 0x0021, 0x0021, 0x0021, 0x0021, 0x0021, 0x0021, 0x0021, 0x0021, 0x0021,
  0x0021, 0x0021, 0x0021, 0x0021, 0x0021, 0x0021, 0x0021, 0x0021, 0x0021, 0x0021, 0x0021, 0x0021,
  0x0021, 0x0021, 0x0021, 0x0021, 0x0021, 0x0021, 0x0021, 0x0021, 0x0021, 0x0021, 0x0021, 0x0021,
  0x0021, 0x0021, 0x0021, 0x0021, 0x0021, 0x0021, 0x0021, 0x0021, 0x0021, 0x0021, 0x0021, 0x0021,
  0x0021, 0x0021, 0x0021, 0x0021, 0x0021, 0x0021, 0x0021, 0x0021, 0x0021, 0x0021, 0x0021, 0x0021,
  0x0021, 0x0021, 0x0021, 0x0021, 0x0021, 0x0021, 0x0021, 0x0021, 0x0021, 0x0021, 0x0021, 0x0021,
  0x0021, 0x0021, 0x0021, 0x0021, 0x0021, 0x0021, 0x0021, 0x0021, 0x0021, 0x0021, 0x0021, 0x0021,
  0x0021, 0x0021, 0x0021, 0x0021, 0x0021, 0x0021, 0x0021, 0x0021, 0x0021, 0x0021, 0x0021, 0x0021,
  0x0021, 0x0021, 0x0021, 0x0021, 0x0021, 0x0021, 0x0021, 0x0021, 0x0021, 0x0021, 0x0021, 0x0021,
  0x0021, 0x0021, 0x0021, 0x0021, 0x0021, 0x0021, 0x0021, 0x0021, 0x0021, 0x0021, 0x0021, 0x0021,
  0x0021, 0x0021, 0x0021, 0x0021, 0x0021, 0x0021, 0x0021, 0x0021, 0x0021, 0x0021, 0x0021, 0x0021,
  0x0021, 0x0021, 0x0021, 0x0021, 0x0021, 0x0021, 0x0021, 0x0021, 0x0021, 0x0021, 0x0021, 0x0021,
  0x0021, 0x0021, 0x0021, 0x0021, 0x0021, 0x0021, 0x0021, 0x0021, 0x0021, 0x0021, 0x0021, 0x0021,
  0x0021, 0x0021, 0x0021, 0x0021, 0x0021, 0x0021, 0x0021, 0x0021, 0x0021, 0x0021, 0x0021, 0x0021,
  0x0021, 0x0021, 0x0021, 0x0021, 0x0021, 0x0021, 0x0021, 0x0021, 0x0021, 0x0021, 0x0021, 0x0021,
  0x0021, 0x0021, 0x0021, 0x0021, 0x0021, 0x0021, 0x0021, 0x0021, 0x0021, 0x0021, 0x0021, 0x0021,
  0x0021, 0x0021, 0x0021, 0x0021, 0x0021, 0x0021, 0x0021, 0x0021, 0x0021, 0x0021, 0x0021, 0x0021,
  0x0021, 0x0021, 0x0021, 0x0021, 0x0021, 0x0021, 0x0021, 0x0021, 0x0021, 0x0021, 0x0021, 0x0021,
  0x0021, 0x0021, 0x0021, 0x0021, 0x0021, 0x0021, 0x0021, 0x0021, 0x0021, 0x0021, 0x0021, 0x0021,
  0x0021, 0x0021, 0x0021, 0x0021, 0x0021, 0x0021, 0x0021, 0x0021, 0x0021, 0x0021, 0x0021, 0x0021,
  0x0021, 0x0021, 0x0021, 0x0021, 0x0021, 0x0021, 0x0021, 0x0021, 0x0021, 0x0021, 0x0021, 0x0021,
  0x0021, 0x0021, 0x0021, 0x0021, 0x0021, 0x0021, 0x0021, 0x0021, 0x0021, 0x0021, 0x0021, 0x0021,
  0x0021, 0x0021, 0x0021, 0x0021, 0x0021, 0x0021, 0x0021, 0x0021, 0x0021, 0x0021, 0x0021, 0x0021,
  0x0021, 0x0021, 0x0021, 0x0021, 0x0021, 0x0021, 0x0021, 0x0021, 0x0021, 0x0021, 0x0021, 0x0021,
  0x0021, 0x0021, 0x0021, 0x0021, 0x0021, 0x0021, 0x0021, 0x0021, 0x0021, 0x0021, 0x0021, 0x0021,
  0x0021, 0x0021, 0x0021, 0x0021, 0x0021, 0x0021, 0x0021, 0x0021, 0x0021, 0x0021, 0x0021, 0x0021,
  0x0021, 0x0021, 0x0021, 0x0021, 0x0021, 0x0021, 0x0021, 0x0021, 0x0021, 0x0021, 0x0021, 0x0021,
  0x0021, 0x0021, 0x0021, 0x0021, 0x0021, 0x0021, 0x0021, 0x0021, 0x0021, 0x0021, 0x0021, 0x0021,
  0x0021, 0x0021, 0x0021, 0x0021, 0x0021, 0x0021, 0x0021, 0x0021, 0x0021, 0x0021, 0x0021, 0x0021,
  0x0021, 0x0021, 0x0021, 0x0021, 0x0021, 0x0021, 0x0021, 0x0021, 0x0021, 0x0021, 0x0021, 0x0021,
  0x0021, 0x0021, 0x0021, 0x0021, 0x0021, 0x0021, 0x0021, 0x0021, 0x0021, 0x0021, 0x0021, 0x0021,
  0x0021, 0x0021, 0x0021, 0x0021, 0x0021, 0x0021, 0x0021, 0x0021, 0x0021, 0x0021, 0x0021, 0x0021,
  0x0021, 0x0021, 0x0021, 0x0021, 0x0021, 0x0021, 0x0021, 0x0021, 0x0021, 0x0021, 0x0021, 0x0021,
  0x0021, 0x0021, 0x0021, 0x0021, 0x0021, 0x0021, 0x0021, 0x0021, 0x0021, 0x0021, 0x0021, 0x0021,
  0x0021, 0x0021, 0x0021, 0x0021, 0x0021, 0x0021, 0x0021, 0x0021, 0x0021, 0x0021, 0x0021, 0x0021,
  0x0021, 0x0021, 0x0021, 0x0021, 0x0021, 0x0021, 0x0021, 0x0021, 0x0021, 0x0021, 0x0021, 0x0021,
  0x0021, 0x0021, 0x0021, 0x0021, 0x0021, 0x0021, 0x0021, 0x0021, 0x0021, 0x0021, 0x0021, 0x0021,
  0x0021, 0x0021, 0x0021, 0x0021, 0x0021, 0x0021, 0x0021, 0x0021, 0x0021, 0x0021, 0x0021, 0x0021,
  0x0021, 0x0021, 0x0021, 0x0021, 0x0021, 0x0021, 0x0021, 0x0021, 0x0021, 0x0021, 0x0021, 0x0021,
  0x0021, 0x0021, 0x0021, 0x0021, 0x0021, 0x0021, 0x0021, 0x0021, 0x0021, 0x0021, 0x0021, 0x0021,
  0x0021, 0x0021, 0x0021, 0x0021, 0x0021, 0x0021, 0x0021, 0x0021, 0x0021, 0x0021, 0x0021, 0x0021,
  0x0021, 0x0021, 0x0021, 0x0021, 0x0021, 0x0021, 0x0021, 0x0021, 0x0021, 0x0021, 0x0021, 0x0021,
  0x0021, 0x0021, 0x0021, 0x0021, 0x0021, 0x0021, 0x0021, 0x0021, 0x0021, 0x0021, 0x0021, 0x0021,
  0x0021, 0x0021, 0x0021, 0x0021, 0x0021, 0x0021, 0x0021, 0x0021, 0x0021, 0x0021, 0x0021, 0x0021,
  0x0021, 0x0021, 0x0021, 0x0021, 0x0021, 0x0021, 0x0021, 0x0021, 0x0021, 0x0021, 0x0021, 0x0021,
  0x0021, 0x0021, 0x0021, 0x0021, 0x0021, 0x0021, 0x0021, 0x0021, 0x0021, 0x0021, 0x0021, 0x0021,
  0x0021, 0x0021, 0x0021, 0x0021, 0x0021, 0x0021, 0x0021, 0x0021, 0x0021, 0x0021, 0x0021, 0x0021,
  0x0021, 0x0021, 0x0021, 0x0021, 0x0021, 0x0021, 0x0021, 0x0021, 0x0021, 0x0021, 0x0021, 0x0021,
  0x0021, 0x0021, 0x0021, 0x0021, 0x0021, 0x0021, 0x0021, 0x0021, 0x0021, 0x0021, 0x0021, 0x0021,
  0x0021, 0x0021, 0x0021, 0x0021, 0x0021, 0x0021, 0x0021, 0x0021, 0x0021, 0x0021, 0x0021, 0x0021,
  0x0021, 0x0021, 0x0021, 0x0021, 0x0021, 0x0021, 0x0021, 0x0021, 0x0021, 0x0021, 0x0021, 0x0021,
  0x0021, 0x0021, 0x0021, 0x0021, 0x0021, 0x0021, 0x0021, 0x0021, 0x0021, 0x0021, 0x0021, 0x0021,
  0x0021, 0x0021, 0x0021, 0x0021, 0x0021, 0x0021, 0x0021, 0x0021, 0x0021, 0x0021, 0x0021, 0x0021,
  0x0021, 0x0021, 0x0021, 0x0021, 0x0021, 0x0021, 0x0021, 0x0021, 0x0021, 0x0021, 0x0021, 0x0021,
  0x0021, 0x0021, 0x0021, 0x0021, 0x0021, 0x0021, 0x0021, 0x0021, 0x0021, 0x0021, 0x0021, 0x0021,
  0x0021, 0x0021, 0x0021, 0x0021, 0x0021, 0x0021, 0x0021, 0x0021, 0x0021, 0x0021, 0x0021, 0x0021,
  0x0021, 0x0021, 0x0021, 0x0021, 0x0021, 0x0021, 0x0021, 0x0021, 0x0021, 0x0021, 0x0021, 0x0021,
  0x0021, 0x0021, 0x0021, 0x0021, 0x0021, 0x0021, 0x0021, 0x0021, 0x0021, 0x0021, 0x0021, 0x0021,
  0x0021, 0x0021, 0x0021, 0x0021, 0x0021, 0x0021, 0x0021, 0x0021, 0x0021, 0x0021, 0x0021, 0x0021,
  0x0021, 0x0021, 0x0021, 0x0021, 0x0021, 0x0021, 0x0021, 0x0021, 0x0021, 0x0021, 0x0021, 0x0021,
  0x0021, 0x0021, 0x0021, 0x0021, 0x0021, 0x0021, 0x0021, 0x0021, 0x0021, 0x0021, 0x0021, 0x0021,
  0x0021, 0x0021, 0x0021, 0x0021, 0x0021, 0x0021, 0x0021, 0x0021, 0x0021, 0x0021, 0x0021, 0x0021,
  0x0021, 0x0021, 0x0021, 0x0021, 0x0021, 0x0021, 0x0021, 0x0021, 0x0021, 0x0021, 0x0021, 0x0021,
  0x0021, 0x0021, 0x0021, 0x0021, 0x0021, 0x0021, 0x0021, 0x0021, 0x0021, 0x0021, 0x0021, 0x0021,
  0x0021, 0x0021, 0x0021, 0x0021, 0x0021, 0x0021, 0x0021, 0x0021, 0x0021, 0x0021, 0x0021, 0x0021,
  0x0021, 0x0021, 0x0021, 0x0021, 0x0021, 0x0021, 0x0021, 0x0021, 0x0021, 0x0021, 0x0021, 0x0021,
  0x0021, 0x0021, 0x0021, 0x0021, 0x0021, 0x0021, 0x0021, 0x0021, 0x0021, 0x0021, 0x0021, 0x0021,
  0x0021, 0x0021, 0x0021, 0x0021, 0x0021, 0x0021, 0x0021, 0x0021, 0x0021, 0x0021, 0x0021, 0x0021,
  0x0021, 0x0021, 0x0021, 0x0021, 0x0021, 0x0021, 0x0021, 0x0021, 0x0021, 0x0021, 0x0021, 0x0021,
  0x0021, 0x0021, 0x0021, 0x0021, 0x0021, 0x0021, 0x0021, 0x0021, 0x0021, 0x0021, 0x0021, 0x0021,
  0x0021, 0x0021, 0x0021, 0x0021, 0x0021, 0x0021, 0x0021, 0x0021, 0x0021, 0x0021, 0x0021, 0x0021,
  0x0021, 0x0021, 0x0021, 0x0021, 0x0021, 0x0021, 0x0021, 0x0021, 0x0021, 0x0021, 0x0021, 0x0021,
  0x0021, 0x0021, 0x0021, 0x0021, 0x0021, 0x0021, 0x0021, 0x0021, 0x0021, 0x0021, 0x0021, 0x0021,
  0x0021, 0x0021, 0x0021, 0x0021, 0x0021, 0x0021, 0x0021, 0x0021, 0x0021, 0x0021, 0x0021, 0x0021,
  0x0021, 0x0021, 0x0021, 0x0021, 0x0021, 0x0021, 0x0021, 0x0021, 0x0021, 0x0021, 0x0021, 0x0021,
  0x0021, 0x0021, 0x0021, 0x0021, 0x0021, 0x0021, 0x0021, 0x0021, 0x0021, 0x0021, 0x0021, 0x0021,
  0x0021, 0x0021, 0x0021, 0x0021, 0x0021, 0x0021, 0x0021, 0x0021, 0x0021, 0x0021, 0x0021, 0x0021,
  0x0021, 0x0021, 0x0021, 0x0021, 0x0021, 0x0021, 0x0021, 0x0021, 0x0021, 0x0021, 0x0021, 0x0021,
  0x0021, 0x0021, 0x0021, 0x0021, 0x0021, 0x0021, 0x0021, 0x0021, 0x0021, 0x0021, 0x0021, 0x0021,
  0x0021, 0x0021, 0x0021, 0x0021, 0x0021, 0x0021, 0x0021, 0x0021, 0x0021, 0x0021, 0x0021, 0x0021,
  0x0021, 0x0021, 0x0021, 0x0021, 0x0021, 0x0021, 0x0021, 0x0021, 0x0021, 0x0021, 0x0021, 0x0041,
  0x0021, 0x0021, 0x0021, 0x0021, 0x0021, 0x0021, 0x0021, 0x0021, 0x0021, 0x0021, 0x0021, 0x0021,
  0x0021, 0x0021, 0x0021, 0x0021, 0x0021, 0x0021, 0x0021, 0x0021, 0x0021, 0x0021, 0x0021, 0x0021,
  0x0021, 0x0021, 0x0021, 0x0021, 0x0021, 0x0021, 0x0021, 0x0021, 0x0021, 0x0021, 0x0021, 0x0021,
  0x0021, 0x0021, 0x0021, 0x0021, 0x0021, 0x0021, 0x0021, 0x0021, 0x0021, 0x0021, 0x0021, 0x0021,
  0x0021, 0x0021, 0x0021, 0x0021, 0x0021, 0x0021, 0x0021, 0x0021, 0x0021, 0x0021, 0x0021, 0x0021,
  0x0021, 0x0021, 0x0021, 0x0021, 0x0021, 0x0021, 0x0021, 0x0021, 0x0021, 0x0021, 0x0021, 0x0021,
  0x0021, 0x0021, 0x0021, 0x0021, 0x0021, 0x0021, 0x0021, 0x0021, 0x0021, 0x0021, 0x0021, 0x0021,
  0x0021, 0x0021, 0x0021, 0x0021, 0x0021, 0x0021, 0x0021, 0x0021, 0x0021, 0x0021, 0x0021, 0x0021,
  0x0021, 0x0021, 0x0021, 0x0021, 0x0021, 0x0021, 0x0021, 0x0021, 0x0021, 0x0021, 0x0021, 0x0021,
  0x0021, 0x0021, 0x0021, 0x0021, 0x0021, 0x0021, 0x0021, 0x0021, 0x0021, 0x0021, 0x0021, 0x0021,
  0x0021, 0x0021, 0x0021, 0x0021, 0x0021, 0x0021, 0x0021, 0x0021, 0x0021, 0x0021, 0x0021, 0x0021,
  0x0021, 0x0021, 0x0021, 0x0021, 0x0021, 0x0021, 0x0021, 0x0021, 0x0021, 0x0021, 0x0021, 0x0021,
  0x0021, 0x0021, 0x0021, 0x0021, 0x0021, 0x0021, 0x0021, 0x0021, 0x0021, 0x0021, 0x0021, 0x0021,
  0x0021, 0x0000, 0x0000, 0x0000, 0x0000, 0x0021, 0x0021, 0x0021, 0x0021, 0x0021, 0x0021, 0x0021,
  0x0021, 0x0021, 0x0021, 0x0021, 0x0021, 0x0021, 0x0021, 0x0021, 0x0021, 0x0021, 0x0021, 0x0021,
  0x0021, 0x0021, 0x0021, 0x0021, 0x0021, 0x0021, 0x0021, 0x0021, 0x0021, 0x0021, 0x0021, 0x0021,
  0x0021, 0x0021, 0x0021, 0x0021, 0x0021, 0x0021, 0x0021, 0x0021, 0x0021, 0x0021, 0x0021, 0x0021,
  0x0021, 0x0021, 0x0021, 0x0021, 0x0021, 0x0021, 0x0021, 0x0021, 0x0021, 0x0021, 0x0021, 0x0021,
  0x0021, 0x0021, 0x0021, 0x0021, 0x0021, 0x0021, 0x0021, 0x0021, 0x0021, 0x0021, 0x0021, 0x0021,
  0x0021, 0x0021, 0x0021, 0x0021, 0x0021, 0x0021, 0x0021, 0x0021, 0x0021, 0x0021, 0x0021, 0x0021,
  0x0021, 0x0021, 0x0021, 0x0021, 0x0021, 0x0021, 0x0021, 0x0021, 0x0021, 0x0021, 0x0021, 0x0021,
  0x0021, 0x0021, 0x0021, 0x0021, 0x0021, 0x0021, 0x0021, 0x0021, 0x0021, 0x0021, 0x0021, 0x0021,
  0x0021, 0x0021, 0x0021, 0x0021, 0x0021, 0x0021, 0x0021, 0x0021, 0x0021, 0x0021, 0x0021, 0x0021,
  0x0021, 0x0021, 0x0021, 0x0021, 0x0021, 0x0021, 0x0021, 0x0021, 0x0021, 0x0021, 0x0021, 0x0021,
  0x0021, 0x0021, 0x0021, 0x0021, 0x0021, 0x0021, 0x0021, 0x0021, 0x0021, 0x0021, 0x0021, 0x0021,
  0x0021, 0x0021, 0x0021, 0x0021, 0x0021, 0x0021, 0x0021, 0x0021, 0x0021, 0x0021, 0x0021, 0x0021,
  0x0021, 0x0021, 0x0021, 0x0021, 0x0000, 0x9B04, 0xBB85, 0x6A23, 0x30E1, 0x0021, 0x0021, 0x0021,
  0x0021, 0x0021, 0x0021, 0x0021, 0x0021, 0x0021, 0x0021, 0x0021, 0x0021, 0x0021, 0x0021, 0x0021,
  0x0021, 0x0021, 0x0021, 0x0021, 0x0021, 0x0021, 0x0021, 0x0021, 0x0021, 0x0021, 0x0021, 0x0021,
  0x0021, 0x0021, 0x0021, 0x0021, 0x0021, 0x0021, 0x0021, 0x0021, 0x0021, 0x0021, 0x0021, 0x0021,
  0x0021, 0x0021, 0x0021, 0x0021, 0x0021, 0x0021, 0x0021, 0x0021, 0x0021, 0x0021, 0x0021, 0x0021,
  0x0021, 0x0021, 0x0021, 0x0021, 0x0021, 0x0021, 0x0021, 0x0021, 0x0021, 0x0021, 0x0021, 0x0021,
  0x0021, 0x0021, 0x0021, 0x0021, 0x0021, 0x0021, 0x0021, 0x0021, 0x0021, 0x0021, 0x0021, 0x0021,
  0x0021, 0x0021, 0x0021, 0x0021, 0x0021, 0x0021, 0x0021, 0x0021, 0x0021, 0x0021, 0x0021, 0x0021,
  0x0021, 0x0021, 0x0021, 0x0021, 0x0021, 0x0021, 0x0021, 0x0021, 0x0021, 0x0021, 0x0021, 0x0021,
  0x0021, 0x0021, 0x0021, 0x0021, 0x0021, 0x0021, 0x0021, 0x0021, 0x0021, 0x0021, 0x0021, 0x0021,
  0x0021, 0x0021, 0x0021, 0x0021, 0x0021, 0x0021, 0x0021, 0x0021, 0x0021, 0x0021, 0x0021, 0x0021,
  0x0021, 0x0021, 0x0021, 0x0021, 0x0021, 0x0021, 0x0021, 0x0021, 0x0021, 0x0021, 0x0021, 0x0021,
  0x0021, 0x0021, 0x0021, 0x0021, 0x0021, 0x0021, 0x0021, 0x0021, 0x0021, 0x0021, 0x0021, 0x0021,
  0x0021, 0x0021, 0x0021, 0x0021, 0x0021, 0x0021, 0x0041, 0x0000, 0x6A24, 0xFD27, 0xFCC6, 0xFD47,
  0xD446, 0x1040, 0x0000, 0x0841, 0x0041, 0x0021, 0x0021, 0x0021, 0x0021, 0x0021, 0x0021, 0x0021,
  0x0021, 0x0021, 0x0021, 0x0021, 0x0021, 0x0021, 0x0021, 0x0021, 0x0021, 0x0021, 0x0021, 0x0021,
  0x0021, 0x0021, 0x0021, 0x0021, 0x0021, 0x0021, 0x0021, 0x0021, 0x0021, 0x0021, 0x0021, 0x0021,
  0x0021, 0x0021, 0x0021, 0x0021, 0x0021, 0x0021, 0x0021, 0x0021, 0x0021, 0x0021, 0x0021, 0x0021,
  0x0021, 0x0021, 0x0021, 0x0021, 0x0021, 0x0021, 0x0021, 0x0021, 0x0021, 0x0021, 0x0021, 0x0021,
  0x0021, 0x0021, 0x0021, 0x0021, 0x0021, 0x0021, 0x0021, 0x0021, 0x0021, 0x0021, 0x0021, 0x0021,
  0x0021, 0x0021, 0x0021, 0x0021, 0x0021, 0x0021, 0x0021, 0x0021, 0x0021, 0x0021, 0x0021, 0x0021,
  0x0021, 0x0021, 0x0021, 0x0021, 0x0021, 0x0021, 0x0021, 0x0021, 0x0021, 0x0021, 0x0021, 0x0021,
  0x0021, 0x0021, 0x0021, 0x0021, 0x0021, 0x0021, 0x0021, 0x0021, 0x0021, 0x0021, 0x0021, 0x0021,
  0x0021, 0x0021, 0x0021, 0x0021, 0x0021, 0x0021, 0x0021, 0x0021, 0x0021, 0x0021, 0x0021, 0x0021,
  0x0021, 0x0021, 0x0021, 0x0021, 0x0021, 0x0021, 0x0021, 0x0021, 0x0021, 0x0021, 0x0021, 0x0021,
  0x0021, 0x0021, 0x0021, 0x0021, 0x0021, 0x0021, 0x0021, 0x0021, 0x0021, 0x0021, 0x0021, 0x0021,
  0x0021, 0x0021, 0x0021, 0x0021, 0x0021, 0x0021, 0x0021, 0x0021, 0x0021, 0x0021, 0x0020, 0x1081,
  0xD489, 0xF509, 0xFCE7, 0xECC8, 0x82A4, 0x4941, 0x0840, 0x0000, 0x0000, 0x0000, 0x0021, 0x0041,
  0x0041, 0x0021, 0x0021, 0x0041, 0x0041, 0x0021, 0x0021, 0x0021, 0x0021, 0x0021, 0x0021, 0x0021,
  0x0021, 0x0021, 0x0021, 0x0021, 0x0021, 0x0021, 0x0021, 0x0021, 0x0021, 0x0021, 0x0021, 0x0021,
  0x0021, 0x0021, 0x0021, 0x0021, 0x0021, 0x0021, 0x0021, 0x0021, 0x0021, 0x0021, 0x0021, 0x0021,
  0x0021, 0x0021, 0x0021, 0x0021, 0x0021, 0x0021, 0x0021, 0x0021, 0x0021, 0x0021, 0x0021, 0x0021,
  0x0021, 0x0021, 0x0021, 0x0021, 0x0021, 0x0021, 0x0021, 0x0021, 0x0021, 0x0021, 0x0021, 0x0021,
  0x0021, 0x0021, 0x0021, 0x0021, 0x0021, 0x0021, 0x0021, 0x0021, 0x0021, 0x0021, 0x0021, 0x0021,
  0x0021, 0x0021, 0x0021, 0x0021, 0x0021, 0x0021, 0x0021, 0x0021, 0x0021, 0x0021, 0x0021, 0x0021,
  0x0021, 0x0021, 0x0021, 0x0021, 0x0021, 0x0021, 0x0021, 0x0021, 0x0021, 0x0021, 0x0021, 0x0021,
  0x0021, 0x0021, 0x0021, 0x0021, 0x0021, 0x0021, 0x0021, 0x0021, 0x0021, 0x0021, 0x0021, 0x0021,
  0x0021, 0x0021, 0x0021, 0x0021, 0x0021, 0x0021, 0x0021, 0x0021, 0x0021, 0x0021, 0x0021, 0x0021,
  0x0021, 0x0021, 0x0021, 0x0021, 0x0021, 0x0021, 0x0021, 0x0021, 0x0021, 0x0021, 0x0021, 0x0021,
  0x0021, 0x0021, 0x0021, 0x0021, 0x0021, 0x0021, 0x0021, 0x0021, 0x0021, 0x0021, 0x0021, 0x0021,
  0x0021, 0x0021, 0x0000, 0x3901, 0x9AC4, 0x9B25, 0xC427, 0x8AC5, 0x7A42, 0xEC86, 0xE487, 0xAB65,
  0x69E2, 0x28C1, 0x0020, 0x0000, 0x0000, 0x0021, 0x0000, 0x0000, 0x0000, 0x0000, 0x0021, 0x0041,
  0x0041, 0x0021, 0x0021, 0x0021, 0x0021, 0x0021, 0x0021, 0x0021, 0x0021, 0x0021, 0x0021, 0x0021,
  0x0021, 0x0021, 0x0021, 0x0021, 0x0021, 0x0021, 0x0021, 0x0021, 0x0021, 0x0021, 0x0021, 0x0021,
  0x0021, 0x0021, 0x0021, 0x0021, 0x0021, 0x0021, 0x0021, 0x0021, 0x0021, 0x0021, 0x0021, 0x0021,
  0x0021, 0x0021, 0x0021, 0x0021, 0x0021, 0x0021, 0x0021, 0x0021, 0x0021, 0x0021, 0x0021, 0x0021,
  0x0021, 0x0021, 0x0021, 0x0021, 0x0021, 0x0021, 0x0021, 0x0021, 0x0021, 0x0021, 0x0021, 0x0021,
  0x0021, 0x0021, 0x0021, 0x0021, 0x0021, 0x0021, 0x0021, 0x0021, 0x0021, 0x0021, 0x0021, 0x0021,
  0x0021, 0x0021, 0x0021, 0x0021, 0x0021, 0x0021, 0x0021, 0x0021, 0x0021, 0x0021, 0x0021, 0x0021,
  0x0021, 0x0021, 0x0021, 0x0021, 0x0021, 0x0021, 0x0021, 0x0021, 0x0021, 0x0021, 0x0021, 0x0021,
  0x0021, 0x0021, 0x0021, 0x0021, 0x0021, 0x0021, 0x0021, 0x0021, 0x0021, 0x0021, 0x0021, 0x0021,
  0x0021, 0x0021, 0x0021, 0x0021, 0x0021, 0x0021, 0x0021, 0x0021, 0x0021, 0x0021, 0x0021, 0x0021,
  0x0021, 0x0021, 0x0021, 0x0021, 0x0021, 0x0021, 0x0021, 0x0021, 0x0021, 0x0021, 0x0021, 0x0021,
  0x0021, 0x0021, 0x0021, 0x0021, 0x0021, 0x0021, 0x0000, 0x28E1, 0xCBC4, 0xBB64, 0x8A63, 0x7201,
  0x59A1, 0x8AA3, 0xB3A5, 0xDC67, 0xF508, 0xF508, 0xD406, 0x92C4, 0x51A2, 0x1060, 0x5AA9, 0x944E,
  0x5268, 0x18E3, 0x0000, 0x0000, 0x0000, 0x0000, 0x0041, 0x0041, 0x0041, 0x0021, 0x0021, 0x0021,
  0x0021, 0x0021, 0x0021, 0x0021, 0x0021, 0x0021, 0x0021, 0x0021, 0x0021, 0x0021, 0x0021, 0x0021,
  0x0021, 0x0021, 0x0021, 0x0021, 0x0021, 0x0021, 0x0021, 0x0021, 0x0021, 0x0021, 0x0021, 0x0021,
  0x0021, 0x0021, 0x0021, 0x0021, 0x0021, 0x0021, 0x0021, 0x0021, 0x0021, 0x0021, 0x0021, 0x0021,
  0x0021, 0x0021, 0x0021, 0x0021, 0x0021, 0x0021, 0x0021, 0x0021, 0x0021, 0x0021, 0x0021, 0x0021,
  0x0021, 0x0021, 0x0021, 0x0021, 0x0021, 0x0021, 0x0021, 0x0021, 0x0021, 0x0021, 0x0021, 0x0021,
  0x0021, 0x0021, 0x0021, 0x0021, 0x0021, 0x0021, 0x0021, 0x0021, 0x0021, 0x0021, 0x0021, 0x0021,
  0x0021, 0x0021, 0x0021, 0x0021, 0x0021, 0x0021, 0x0021, 0x0021, 0x0021, 0x0021, 0x0021, 0x0021,
  0x0021, 0x0021, 0x0021, 0x0021, 0x0021, 0x0021, 0x0021, 0x0021, 0x0021, 0x0021, 0x0021, 0x0021,
  0x0021, 0x0021, 0x0021, 0x0021, 0x0021, 0x0021, 0x0021, 0x0021, 0x0021, 0x0021, 0x0021, 0x0021,
  0x0021, 0x0021, 0x0021, 0x0021, 0x0021, 0x0021, 0x0021, 0x0021, 0x0021, 0x0021, 0x0021, 0x0021,
  0x0021, 0x0021, 0x0021, 0x0021, 0x0021, 0x0021, 0x0021, 0x0021, 0x0021, 0x0041, 0x0000, 0x6A03,
  0xF4E7, 0xE466, 0x61A1, 0x5981, 0x3122, 0x2945, 0x3963, 0x61E3, 0x7A84, 0x9B25, 0xBBC6, 0xE4C8,
  0xF4E8, 0x8B27, 0xCE14, 0xE696, 0xD615, 0xD614, 0xB531, 0x7B8C, 0x39C6, 0x1082, 0x0000, 0x0000,
  0x0000, 0x0021, 0x0041, 0x0041, 0x0021, 0x0021, 0x0021, 0x0021, 0x0021, 0x0021, 0x0021, 0x0021,
  0x0021, 0x0021, 0x0021, 0x0021, 0x0021, 0x0021, 0x0021, 0x0021, 0x0021, 0x0021, 0x0021, 0x0021,
  0x0021, 0x0021, 0x0021, 0x0021, 0x0021, 0x0021, 0x0021, 0x0021, 0x0021, 0x0021, 0x0021, 0x0021,
  0x0021, 0x0021, 0x0021, 0x0021, 0x0021, 0x0021, 0x0021, 0x0021, 0x0021, 0x0021, 0x0021, 0x0021,
  0x0021, 0x0021, 0x0021, 0x0021, 0x0021, 0x0021, 0x0021, 0x0021, 0x0021, 0x0021, 0x0021, 0x0021,
  0x0021, 0x0021, 0x0021, 0x0021, 0x0021, 0x0021, 0x0021, 0x0021, 0x0021, 0x0021, 0x0021, 0x0021,
  0x0021, 0x0021, 0x0021, 0x0021, 0x0021, 0x0021, 0x0021, 0x0021, 0x0021, 0x0021, 0x0021, 0x0021,
  0x0021, 0x0021, 0x0021, 0x0021, 0x0021, 0x0021, 0x0021, 0x0021, 0x0021, 0x0021, 0x0021, 0x0021,
  0x0021, 0x0021, 0x0021, 0x0021, 0x0021, 0x0021, 0x0021, 0x0021, 0x0021, 0x0021, 0x0021, 0x0021,
  0x0021, 0x0021, 0x0021, 0x0021, 0x0021, 0x0021, 0x0021, 0x0021, 0x0021, 0x0021, 0x0021, 0x0021,
  0x0021, 0x0021, 0x0021, 0x0021, 0x0021, 0x0021, 0x0021, 0x0021, 0x0021, 0x0021, 0x0021, 0x0021,
  0x0021, 0x0020, 0x0861, 0xBBC5, 0xA345, 0x69E2, 0x7A01, 0x9AA2, 0x4163, 0x2964, 0x3186, 0x2986,
  0x2945, 0x3164, 0x4184, 0x59E3, 0x59C3, 0xB552, 0xEED7, 0x6B0A, 0x5247, 0x8BEC, 0xACF0, 0xCDF4,
  0xDE55, 0xCDD4, 0x9C8F, 0x62EA, 0x2944, 0x0020, 0x0000, 0x0000, 0x0000, 0x0021, 0x0041, 0x0041,
  0x0021, 0x0021, 0x0021, 0x0021, 0x0021, 0x0021, 0x0021, 0x0021, 0x0021, 0x0021, 0x0021, 0x0021,
  0x0021, 0x0021, 0x0021, 0x0021, 0x0021, 0x0021, 0x0021, 0x0021, 0x0021, 0x0021, 0x0021, 0x0021,
  0x0021, 0x0021, 0x0021, 0x0021, 0x0021, 0x0021, 0x0021, 0x0021, 0x0021, 0x0021, 0x0021, 0x0021,
  0x0021, 0x0021, 0x0021, 0x0021, 0x0021, 0x0021, 0x0021, 0x0021, 0x0021, 0x0021, 0x0021, 0x0021,
  0x0021, 0x0021, 0x0021, 0x0021, 0x0021, 0x0021, 0x0021, 0x0021, 0x0021, 0x0021, 0x0021, 0x0021,
  0x0021, 0x0021, 0x0021, 0x0021, 0x0021, 0x0021, 0x0021, 0x0021, 0x0021, 0x0021, 0x0021, 0x0021,
  0x0021, 0x0021, 0x0021, 0x0021, 0x0021, 0x0021, 0x0021, 0x0021, 0x0021, 0x0021, 0x0021, 0x0021,
  0x0021, 0x0021, 0x0021, 0x0021, 0x0021, 0x0021, 0x0021, 0x0021, 0x0021, 0x0021, 0x0021, 0x0021,
  0x0021, 0x0021, 0x0021, 0x0021, 0x0021, 0x0021, 0x0021, 0x0021, 0x0021, 0x0021, 0x0021, 0x0021,
  0x0021, 0x0021, 0x0021, 0x0021, 0x0021, 0x0021, 0x0021, 0x0021, 0x0021, 0x0021, 0x0021, 0x0021,
  0x0021, 0x0021, 0x0021, 0x0021, 0x0041, 0x0000, 0x9305, 0xFD88, 0x8AC4, 0x38E0, 0xB323, 0xC364,
  0x3942, 0x2966, 0x3186, 0x3186, 0x3186, 0x2986, 0x31A7, 0x18E3, 0x7BAC, 0xEED7, 0xA4B0, 0x3984,
  0x2124, 0x31A5, 0x41E6, 0x5A67, 0x732A, 0x942D, 0xBD51, 0xD615, 0xD635, 0xBD72, 0x8C0E, 0x5248,
  0x18C3, 0x0000, 0x0000, 0x0000, 0x0000, 0x0041, 0x0041, 0x0021, 0x0021, 0x0021, 0x0021, 0x0021,
  0x0021, 0x0021, 0x0021, 0x0021, 0x0021, 0x0021, 0x0021, 0x0021, 0x0021, 0x0021, 0x0021, 0x0021,
  0x0021, 0x0021, 0x0021, 0x0021, 0x0021, 0x0021, 0x0021, 0x0021, 0x0021, 0x0021, 0x0021, 0x0021,
  0x0021, 0x0021, 0x0021, 0x0021, 0x0021, 0x0021, 0x0021, 0x0021, 0x0021, 0x0021, 0x0021, 0x0021,
  0x0021, 0x0021, 0x0021, 0x0021, 0x0021, 0x0021, 0x0021, 0x0021, 0x0021, 0x0021, 0x0021, 0x0021,
  0x0021, 0x0021, 0x0021, 0x0021, 0x0021, 0x0021, 0x0021, 0x0021, 0x0021, 0x0021, 0x0021, 0x0021,
  0x0021, 0x0021, 0x0021, 0x0021, 0x0021, 0x0021, 0x0021, 0x0021, 0x0021, 0x0021, 0x0021, 0x0021,
  0x0021, 0x0021, 0x0021, 0x0021, 0x0021, 0x0021, 0x0021, 0x0021, 0x0021, 0x0021, 0x0021, 0x0021,
  0x0021, 0x0021, 0x0021, 0x0021, 0x0021, 0x0021, 0x0021, 0x0021, 0x0021, 0x0021, 0x0021, 0x0021,
  0x0021, 0x0021, 0x0021, 0x0021, 0x0021, 0x0021, 0x0021, 0x0021, 0x0021, 0x0021, 0x0021, 0x0021,
  0x0021, 0x0021, 0x0021, 0x0021, 0x0021, 0x0021, 0x0021, 0x0041, 0x0000, 0x41A3, 0xFD28, 0xBB85,
  0x3123, 0x4983, 0xBB23, 0xB323, 0x4163, 0x2146, 0x3186, 0x2986, 0x2986, 0x3186, 0x2124, 0x5A88,
  0xE6B7, 0xC593, 0x41E6, 0x2124, 0x2945, 0x2145, 0x2125, 0x2124, 0x2944, 0x39A5, 0x4A06, 0x5A88,
  0x7B6B, 0xA48F, 0xC593, 0xD635, 0xD614, 0xACF1, 0x736B, 0x39C6, 0x0861, 0x0000, 0x0000, 0x0000,
  0x0021, 0x0041, 0x0041, 0x0021, 0x0021, 0x0021, 0x0021, 0x0021, 0x0021, 0x0021, 0x0021, 0x0021,
  0x0021, 0x0021, 0x0021, 0x0021, 0x0021, 0x0021, 0x0021, 0x0021, 0x0021, 0x0021, 0x0021, 0x0021,
  0x0021, 0x0021, 0x0021, 0x0021, 0x0021, 0x0021, 0x0021, 0x0021, 0x0021, 0x0021, 0x0021, 0x0021,
  0x0021, 0x0021, 0x0021, 0x0021, 0x0021, 0x0021, 0x0021, 0x0021, 0x0021, 0x0021, 0x0021, 0x0021,
  0x0021, 0x0021, 0x0021, 0x0021, 0x0021, 0x0021, 0x0021, 0x0021, 0x0021, 0x0021, 0x0021, 0x0021,
  0x0021, 0x0021, 0x0021, 0x0021, 0x0021, 0x0021, 0x0021, 0x0021, 0x0021, 0x0021, 0x0021, 0x0021,
  0x0021, 0x0021, 0x0021, 0x0021, 0x0021, 0x0021, 0x0021, 0x0021, 0x0021, 0x0021, 0x0021, 0x0021,
  0x0021, 0x0021, 0x0021, 0x0021, 0x0021, 0x0021, 0x0021, 0x0021, 0x0021, 0x0021, 0x0021, 0x0021,
  0x0021, 0x0021, 0x0021, 0x0021, 0x0021, 0x0021, 0x0021, 0x0021, 0x0021, 0x0021, 0x0021, 0x0021,
  0x0021, 0x0021, 0x0021, 0x0021, 0x0021, 0x0021, 0x0021, 0x0021, 0x0021, 0x0021, 0x0021, 0x0020,
  0x1081, 0xE4A7, 0xE4A7, 0x51A2, 0x18E3, 0x5182, 0xBB23, 0xBB43, 0x4142, 0x2125, 0x2965, 0x2986,
  0x3186, 0x2986, 0x2965, 0xC5B3, 0xDE76, 0x6B2A, 0x2103, 0x2145, 0x2945, 0x2945, 0x2945, 0x2945,
  0x2945, 0x2125, 0x2124, 0x2124, 0x2964, 0x39C5, 0x5247, 0x6AE9, 0x83CC, 0xACF0, 0xCDD3, 0xDE35,
  0xCDD4, 0x9C8F, 0x62C9, 0x2944, 0x0020, 0x0000, 0x0000, 0x0000, 0x0021, 0x0041, 0x0041, 0x0021,
  0x0021, 0x0021, 0x0021, 0x0021, 0x0021, 0x0021, 0x0021, 0x0021, 0x0021, 0x0021, 0x0021, 0x0021,
  0x0021, 0x0021, 0x0021, 0x0021, 0x0021, 0x0021, 0x0021, 0x0021, 0x0021, 0x0021, 0x0021, 0x0021,
  0x0021, 0x0021, 0x0021, 0x0021, 0x0021, 0x0021, 0x0021, 0x0021, 0x0021, 0x0021, 0x0021, 0x0021,
  0x0021, 0x0021, 0x0021, 0x0021, 0x0021, 0x0021, 0x0021, 0x0021, 0x0021, 0x0021, 0x0021, 0x0021,
  0x0021, 0x0021, 0x0021, 0x0021, 0x0021, 0x0021, 0x0021, 0x0021, 0x0021, 0x0021, 0x0021, 0x0021,
  0x0021, 0x0021, 0x0021, 0x0021, 0x0021, 0x0021, 0x0021, 0x0021, 0x0021, 0x0021, 0x0021, 0x0021,
  0x0021, 0x0021, 0x0021, 0x0021, 0x0021, 0x0021, 0x0021, 0x0021, 0x0021, 0x0021, 0x0021, 0x0021,
  0x0021, 0x0021, 0x0021, 0x0021, 0x0021, 0x0021, 0x0021, 0x0021, 0x0021, 0x0021, 0x0021, 0x0021,
  0x0021, 0x0021, 0x0021, 0x0021, 0x0021, 0x0021, 0x0021, 0x0021, 0x0021, 0x0021, 0x0021, 0x0021,
  0x0021, 0x0021, 0x0041, 0x0000, 0xA366, 0xFD48, 0x7A84, 0x2103, 0x1945, 0x51A2, 0xBB43, 0xB323,
  0x3942, 0x2944, 0x2965, 0x2986, 0x31A6, 0x1904, 0x944E, 0xEED7, 0x942D, 0x3164, 0x2125, 0x2945,
  0x2945, 0x2945, 0x2145, 0x2945, 0x2945, 0x2965, 0x2965, 0x2965, 0x2145, 0x2125, 0x2124, 0x2944,
  0x3165, 0x41E6, 0x5267, 0x732A, 0x944E, 0xBD51, 0xD614, 0xD635, 0xBD72, 0x8BED, 0x4A47, 0x18C3,
  0x0000, 0x0000, 0x0000, 0x0020, 0x0041, 0x0041, 0x0041, 0x0021, 0x0021, 0x0021, 0x0021, 0x0021,
  0x0021, 0x0021, 0x0021, 0x0021, 0x0021, 0x0021, 0x0021, 0x0021, 0x0021, 0x0021, 0x0021, 0x0021,
  0x0021, 0x0021, 0x0021, 0x0021, 0x0021, 0x0021, 0x0021, 0x0021, 0x0021, 0x0021, 0x0021, 0x0021,
  0x0021, 0x0021, 0x0021, 0x0021, 0x0021, 0x0021, 0x0021, 0x0021, 0x0021, 0x0021, 0x0021, 0x0021,
  0x0021, 0x0021, 0x0021, 0x0021, 0x0021, 0x0021, 0x0021, 0x0021, 0x0021, 0x0021, 0x0021, 0x0021,
  0x0021, 0x0021, 0x0021, 0x0021, 0x0021, 0x0021, 0x0021, 0x0021, 0x0021, 0x0021, 0x0021, 0x0021,
  0x0021, 0x0021, 0x0021, 0x0021, 0x0021, 0x0021, 0x0021, 0x0021, 0x0021, 0x0021, 0x0021, 0x0021,
  0x0021, 0x0021, 0x0021, 0x0021, 0x0021, 0x0021, 0x0021, 0x0021, 0x0021, 0x0021, 0x0021, 0x0021,
  0x0021, 0x0021, 0x0021, 0x0021, 0x0021, 0x0021, 0x0021, 0x0021, 0x0021, 0x0021, 0x0021, 0x0021,
  0x0021, 0x0021, 0x0021, 0x0021, 0x0021, 0x0041, 0x0000, 0x51E3, 0xFD68, 0xAB86, 0x3123, 0x2965,
  0x2146, 0x59C3, 0xA2C3, 0x8222, 0x4941, 0x3922, 0x3123, 0x2965, 0x2124, 0x5AA9, 0xEEB6, 0xB532,
  0x41E6, 0x2124, 0x2945, 0x2145, 0x2145, 0x2945, 0x2945, 0x2145, 0x2945, 0x2945, 0x2945, 0x2945,
  0x2945, 0x2965, 0x2965, 0x2945, 0x2145, 0x2125, 0x2124, 0x2944, 0x39A5, 0x4A26, 0x62C8, 0x7B8B,
  0x9C8F, 0xC592, 0xD635, 0xD614, 0xACF1, 0x734B, 0x39A5, 0x0861, 0x0000, 0x0000, 0x0000, 0x0021,
  0x0041, 0x0041, 0x0021, 0x0021, 0x0021, 0x0021, 0x0021, 0x0021, 0x0021, 0x0021, 0x0021, 0x0021,
  0x0021, 0x0021, 0x0021, 0x0021, 0x0021, 0x0021, 0x0021, 0x0021, 0x0021, 0x0021, 0x0021, 0x0021,
  0x0021, 0x0021, 0x0021, 0x0021, 0x0021, 0x0021, 0x0021, 0x0021, 0x0021, 0x0021, 0x0021, 0x0021,
  0x0021, 0x0021, 0x0021, 0x0021, 0x0021, 0x0021, 0x0021, 0x0021, 0x0021, 0x0021, 0x0021, 0x0021,
  0x0021, 0x0021, 0x0021, 0x0021, 0x0021, 0x0021, 0x0021, 0x0021, 0x0021, 0x0021, 0x0021, 0x0021,
  0x0021, 0x0021, 0x0021, 0x0021, 0x0021, 0x0021, 0x0021, 0x0021, 0x0021, 0x0021, 0x0021, 0x0021,
  0x0021, 0x0021, 0x0021, 0x0021, 0x0021, 0x0021, 0x0021, 0x0021, 0x0021, 0x0021, 0x0021, 0x0021,
  0x0021, 0x0021, 0x0021, 0x0021, 0x0021, 0x0021, 0x0021, 0x0021, 0x0021, 0x0021, 0x0021, 0x0021,
  0x0021, 0x0021, 0x0021, 0x0021, 0x0021, 0x0021, 0x0021, 0x0021, 0x0021, 0x0000, 0x18A2, 0xECC7,
  0xDC88, 0x4982, 0x2125, 0x2965, 0x2124, 0x4962, 0x69A0, 0x51A2, 0x8BCC, 0x8B8A, 0x72C6, 0x6A23,
  0x49C5, 0xCE15, 0xD635, 0x5A88, 0x2104, 0x2945, 0x2945, 0x2945, 0x2145, 0x2945, 0x2945, 0x2945,
  0x2945, 0x2945, 0x2945, 0x2945, 0x2945, 0x2945, 0x2945, 0x2945, 0x2965, 0x2965, 0x2965, 0x2945,
  0x2125, 0x2124, 0x2124, 0x3164, 0x39C5, 0x4A26, 0x62C8, 0x83CC, 0xACF0, 0xCDF4, 0xDE55, 0xCDD3,
  0x9C6F, 0x62C9, 0x2924, 0x0020, 0x0000, 0x0000, 0x0000, 0x0041, 0x0041, 0x0041, 0x0021, 0x0021,
  0x0021, 0x0021, 0x0021, 0x0021, 0x0021, 0x0021, 0x0021, 0x0021, 0x0021, 0x0021, 0x0021, 0x0021,
  0x0021, 0x0021, 0x0021, 0x0021, 0x0021, 0x0021, 0x0021, 0x0021, 0x0021, 0x0021, 0x0021, 0x0021,
  0x0021, 0x0021, 0x0021, 0x0021, 0x0021, 0x0021, 0x0021, 0x0021, 0x0021, 0x0021, 0x0021, 0x0021,
  0x0021, 0x0021, 0x0021, 0x0021, 0x0021, 0x0021, 0x0021, 0x0021, 0x0021, 0x0021, 0x0021, 0x0021,
  0x0021, 0x0021, 0x0021, 0x0021, 0x0021, 0x0021, 0x0021, 0x0021, 0x0021, 0x0021, 0x0021, 0x0021,
  0x0021, 0x0021, 0x0021, 0x0021, 0x0021, 0x0021, 0x0021, 0x0021, 0x0021, 0x0021, 0x0021, 0x0021,
  0x0021, 0x0021, 0x0021, 0x0021, 0x0021, 0x0021, 0x0021, 0x0021, 0x0021, 0x0021, 0x0021, 0x0021,
  0x0021, 0x0021, 0x0021, 0x0021, 0x0021, 0x0021, 0x0021, 0x0021, 0x0021, 0x0021, 0x0021, 0x0021,
  0x0021, 0x0000, 0xB3A6, 0xFD48, 0x7244, 0x2103, 0x2965, 0x2945, 0x2944, 0x5181, 0x7B08, 0x944E,
  0xCDD3, 0xBD93, 0xC592, 0x838B, 0xA4B0, 0xEED7, 0x83AC, 0x2923, 0x2145, 0x2945, 0x2945, 0x2945,
  0x2945, 0x2945, 0x2945, 0x2945, 0x2945, 0x2945, 0x2945, 0x2945, 0x2945, 0x2945, 0x2945, 0x2945,
  0x2945, 0x2945, 0x2945, 0x2945, 0x2965, 0x2965, 0x2965, 0x2945, 0x2145, 0x2124, 0x2944, 0x3185,
  0x41E6, 0x5A88, 0x734A, 0x944E, 0xBD52, 0xD614, 0xDE35, 0xBD72, 0x83ED, 0x4A07, 0x10A2, 0x0000,
  0x0000, 0x0000, 0x0020, 0x0041, 0x0041, 0x0021, 0x0021, 0x0021, 0x0021, 0x0021, 0x0021, 0x0021,
  0x0021, 0x0021, 0x0021, 0x0021, 0x0021, 0x0021, 0x0021, 0x0021, 0x0021, 0x0021, 0x0021, 0x0021,
  0x0021, 0x0021, 0x0021, 0x0021, 0x0021, 0x0021, 0x0021, 0x0021, 0x0021, 0x0021, 0x0021, 0x0021,
  0x0021, 0x0021, 0x0021, 0x0021, 0x0021, 0x0021, 0x0021, 0x0021, 0x0021, 0x0021, 0x0021, 0x0021,
  0x0021, 0x0021, 0x0021, 0x0021, 0x0021, 0x0021, 0x0021, 0x0021, 0x0021, 0x0021, 0x0021, 0x0021,
  0x0021, 0x0021, 0x0021, 0x0021, 0x0021, 0x0021, 0x0021, 0x0021, 0x0021, 0x0021, 0x0021, 0x0021,
  0x0021, 0x0021, 0x0021, 0x0021, 0x0021, 0x0021, 0x0021, 0x0021, 0x0021, 0x0021, 0x0021, 0x0021,
  0x0021, 0x0021, 0x0021, 0x0021, 0x0021, 0x0021, 0x0021, 0x0021, 0x0021, 0x0021, 0x0021, 0x0021,
  0x0021, 0x0021, 0x0021, 0x0841, 0x0000, 0x6A44, 0xFD68, 0xA345, 0x2903, 0x2145, 0x2945, 0x1925,
  0x4962, 0x8306, 0xB552, 0xD614, 0xDE76, 0xE696, 0xC593, 0x83ED, 0xE6B7, 0xACF1, 0x39A5, 0x2125,
  0x2945, 0x2945, 0x2945, 0x2945, 0x2945, 0x2945, 0x2945, 0x2945, 0x2945, 0x2945, 0x2945, 0x2945,
  0x2945, 0x2945, 0x2945, 0x2945, 0x2945, 0x2945, 0x2945, 0x2945, 0x2945, 0x2945, 0x2945, 0x2965,
  0x2965, 0x2965, 0x2965, 0x2145, 0x2125, 0x2124, 0x2944, 0x39A5, 0x4A26, 0x62A8, 0x7B8B, 0x9C8F,
  0xC5B3, 0xDE35, 0xD614, 0xACD0, 0x6B0A, 0x3165, 0x0841, 0x0000, 0x0000, 0x0000, 0x0021, 0x0021,
  0x0021, 0x0021, 0x0021, 0x0021, 0x0021, 0x0021, 0x0021, 0x0021, 0x0021, 0x0021, 0x0021, 0x0021,
  0x0021, 0x0021, 0x0021, 0x0021, 0x0021, 0x0021, 0x0021, 0x0021, 0x0021, 0x0021, 0x0021, 0x0021,
  0x0021, 0x0021, 0x0021, 0x0021, 0x0021, 0x0021, 0x0021, 0x0021, 0x0021, 0x0021, 0x0021, 0x0021,
  0x0021, 0x0021, 0x0021, 0x0021, 0x0021, 0x0021, 0x0021, 0x0021, 0x0021, 0x0021, 0x0021, 0x0021,
  0x0021, 0x0021, 0x0021, 0x0021, 0x0021, 0x0021, 0x0021, 0x0021, 0x0021, 0x0021, 0x0021, 0x0021,
  0x0021, 0x0021, 0x0021, 0x0021, 0x0021, 0x0021, 0x0021, 0x0021, 0x0021, 0x0021, 0x0021, 0x0021,
  0x0021, 0x0021, 0x0021, 0x0021, 0x0021, 0x0021, 0x0021, 0x0021, 0x0021, 0x0021, 0x0021, 0x0021,
  0x0021, 0x0021, 0x0021, 0x0021, 0x0021, 0x0021, 0x0041, 0x0000, 0x20C1, 0xFD27, 0xD426, 0x4162,
  0x2145, 0x2965, 0x2166, 0x3143, 0x7A43, 0x9C8F, 0xC592, 0xDE76, 0xDE76, 0xDE76, 0x944F, 0xD634,
  0xC592, 0x39C5, 0x10C3, 0x2125, 0x2965, 0x2965, 0x2965, 0x2945, 0x2945, 0x2945, 0x2945, 0x2945,
  0x2945, 0x2945, 0x2945, 0x2945, 0x2945, 0x2945, 0x2945, 0x2945, 0x2945, 0x2945, 0x2945, 0x2945,
  0x2945, 0x2945, 0x2945, 0x2965, 0x2945, 0x2945, 0x2965, 0x2965, 0x2965, 0x2965, 0x2945, 0x2145,
  0x2124, 0x2124, 0x3164, 0x39C5, 0x5247, 0x6B09, 0x8BEC, 0xAD10, 0xCDD3, 0xD635, 0xC5B3, 0x944F,
  0x5288, 0x18E3, 0x0000, 0x0021, 0x0021, 0x0021, 0x0021, 0x0021, 0x0021, 0x0021, 0x0021, 0x0021,
  0x0021, 0x0021, 0x0021, 0x0021, 0x0021, 0x0021, 0x0021, 0x0021, 0x0021, 0x0021, 0x0021, 0x0021,
  0x0021, 0x0021, 0x0021, 0x0021, 0x0021, 0x0021, 0x0021, 0x0021, 0x0021, 0x0021, 0x0021, 0x0021,
  0x0021, 0x0021, 0x0021, 0x0021, 0x0021, 0x0021, 0x0021, 0x0021, 0x0021, 0x0021, 0x0021, 0x0021,
  0x0021, 0x0021, 0x0021, 0x0021, 0x0021, 0x0021, 0x0021, 0x0021, 0x0021, 0x0021, 0x0021, 0x0021,
  0x0021, 0x0021, 0x0021, 0x0021, 0x0021, 0x0021, 0x0021, 0x0021, 0x0021, 0x0021, 0x0021, 0x0021,
  0x0021, 0x0021, 0x0021, 0x0021, 0x0021, 0x0021, 0x0021, 0x0021, 0x0021, 0x0021, 0x0021, 0x0021,
  0x0021, 0x0021, 0x0021, 0x0021, 0x0021, 0x0021, 0x0021, 0x0021, 0x0021, 0x0021, 0x0020, 0x3922,
  0xA324, 0xBBE5, 0x6A03, 0x2104, 0x2965, 0x2945, 0x2125, 0x61C1, 0x93EC, 0xBD72, 0xD635, 0xDE76,
  0xE6D7, 0xA4B0, 0x83ED, 0xD634, 0xCDD4, 0x9C6F, 0x6B2B, 0x41E7, 0x2124, 0x18C3, 0x1904, 0x2145,
  0x2965, 0x2965, 0x2945, 0x2945, 0x2945, 0x2945, 0x2945, 0x2945, 0x2945, 0x2945, 0x2945, 0x2945,
  0x2945, 0x2945, 0x2945, 0x2945, 0x2945, 0x2945, 0x2945, 0x2945, 0x2945, 0x2965, 0x2945, 0x2945,
  0x2945, 0x2945, 0x2945, 0x2965, 0x2965, 0x2945, 0x2145, 0x2125, 0x2124, 0x2944, 0x3185, 0x41E5,
  0x5A87, 0x7B6B, 0x9C8F, 0xBD51, 0xD614, 0xD614, 0xACF0, 0x18C2, 0x0000, 0x0841, 0x0041, 0x0021,
  0x0021, 0x0021, 0x0021, 0x0021, 0x0021, 0x0021, 0x0021, 0x0021, 0x0021, 0x0021, 0x0021, 0x0021,
  0x0021, 0x0021, 0x0021, 0x0021, 0x0021, 0x0021, 0x0021, 0x0021, 0x0021, 0x0021, 0x0021, 0x0021,
  0x0021, 0x0021, 0x0021, 0x0021, 0x0021, 0x0021, 0x0021, 0x0021, 0x0021, 0x0021, 0x0021, 0x0021,
  0x0021, 0x0021, 0x0021, 0x0021, 0x0021, 0x0021, 0x0021, 0x0021, 0x0021, 0x0021, 0x0021, 0x0021,
  0x0021, 0x0021, 0x0021, 0x0021, 0x0021, 0x0021, 0x0021, 0x0021, 0x0021, 0x0021, 0x0021, 0x0021,
  0x0021, 0x0021, 0x0021, 0x0021, 0x0021, 0x0021, 0x0021, 0x0021, 0x0021, 0x0021, 0x0021, 0x0021,
  0x0021, 0x0021, 0x0021, 0x0021, 0x0021, 0x0021, 0x0021, 0x0021, 0x0021, 0x0021, 0x0021, 0x0021,
  0x0021, 0x0041, 0x0000, 0x92E5, 0xECE8, 0x8263, 0x20E2, 0x2945, 0x2945, 0x1925, 0x5162, 0x8327,
  0xAD31, 0xCDF4, 0xDE96, 0xDE56, 0xE6B7, 0x944E, 0x8BCC, 0x9C4E, 0x9C6F, 0xB511, 0xCDD4, 0xD614,
  0xBD72, 0x8C2E, 0x5AC9, 0x3185, 0x18E3, 0x18E3, 0x2104, 0x2945, 0x2965, 0x2965, 0x2965, 0x2945,
  0x2945, 0x2945, 0x2945, 0x2945, 0x2965, 0x2945, 0x2945, 0x2945, 0x2945, 0x2945, 0x2945, 0x2945,
  0x2945, 0x2945, 0x2945, 0x2945, 0x2945, 0x2945, 0x2945, 0x2945, 0x2945, 0x2945, 0x2945, 0x2965,
  0x2965, 0x2945, 0x2125, 0x2124, 0x2144, 0x2944, 0x39C5, 0x41E5, 0xA4AF, 0xEEB7, 0x9C8F, 0x3123,
  0x0820, 0x0000, 0x0000, 0x0000, 0x0021, 0x0841, 0x0041, 0x0021, 0x0021, 0x0021, 0x0021, 0x0021,
  0x0021, 0x0021, 0x0021, 0x0021, 0x0021, 0x0021, 0x0021, 0x0021, 0x0021, 0x0021, 0x0021, 0x0021,
  0x0021, 0x0021, 0x0021, 0x0021, 0x0021, 0x0021, 0x0021, 0x0021, 0x0021, 0x0021, 0x0021, 0x0021,
  0x0021, 0x0021, 0x0021, 0x0021, 0x0021, 0x0021, 0x0021, 0x0021, 0x0021, 0x0021, 0x0021, 0x0021,
  0x0021, 0x0021, 0x0021, 0x0021, 0x0021, 0x0021, 0x0021, 0x0021, 0x0021, 0x0021, 0x0021, 0x0021,
  0x0021, 0x0021, 0x0021, 0x0021, 0x0021, 0x0021, 0x0021, 0x0021, 0x0021, 0x0021, 0x0021, 0x0021,
  0x0021, 0x0021, 0x0021, 0x0021, 0x0021, 0x0021, 0x0021, 0x0021, 0x0021, 0x0021, 0x0021, 0x0021,
  0x0021, 0x0021, 0x0021, 0x0021, 0x0041, 0x0000, 0x3142, 0xDC87, 0x9B04, 0x61C1, 0x2923, 0x2965,
  0x2145, 0x3943, 0x7A84, 0xA4CF, 0xC5B3, 0xDE76, 0xDE76, 0xDE76, 0xE6B7, 0x9C6F, 0x942D, 0xB510,
  0xACCF, 0xA46E, 0x940D, 0x940D, 0xA4B0, 0xC593, 0xD614, 0xCDF4, 0xAD11, 0x7B8C, 0x4A28, 0x2124,
  0x18C3, 0x18E4, 0x2125, 0x2965, 0x2965, 0x2965, 0x2945, 0x2945, 0x2945, 0x2945, 0x2945, 0x2945,
  0x2945, 0x2945, 0x2945, 0x2945, 0x2945, 0x2945, 0x2945, 0x2945, 0x2945, 0x2965, 0x2945, 0x2945,
  0x2945, 0x2945, 0x2945, 0x2945, 0x2945, 0x2945, 0x2945, 0x2965, 0x2965, 0x2965, 0x10A3, 0x630B,
  0xEED7, 0xB531, 0x62E9, 0x7AE6, 0xE486, 0xA345, 0x61C2, 0x20C1, 0x0000, 0x0000, 0x0000, 0x0021,
  0x0041, 0x0041, 0x0021, 0x0021, 0x0021, 0x0021, 0x0021, 0x0021, 0x0021, 0x0021, 0x0021, 0x0021,
  0x0021, 0x0021, 0x0021, 0x0021, 0x0021, 0x0021, 0x0021, 0x0021, 0x0021, 0x0021, 0x0021, 0x0021,
  0x0021, 0x0021, 0x0021, 0x0021, 0x0021, 0x0021, 0x0021, 0x0021, 0x0021, 0x0021, 0x0021, 0x0021,
  0x0021, 0x0021, 0x0021, 0x0021, 0x0021, 0x0021, 0x0021, 0x0021, 0x0021, 0x0021, 0x0021, 0x0021,
  0x0021, 0x0021, 0x0021, 0x0021, 0x0021, 0x0021, 0x0021, 0x0021, 0x0021, 0x0021, 0x0021, 0x0021,
  0x0021, 0x0021, 0x0021, 0x0021, 0x0021, 0x0021, 0x0021, 0x0021, 0x0021, 0x0021, 0x0021, 0x0021,
  0x0021, 0x0021, 0x0021, 0x0021, 0x0021, 0x0021, 0x0021, 0x0021, 0x0020, 0x0841, 0xD426, 0xFD07,
  0x69E2, 0x69C1, 0x2944, 0x2966, 0x2944, 0x7202, 0x9C2D, 0xC592, 0xDE56, 0xDE76, 0xDE76, 0xDE76,
  0xDE96, 0xD615, 0x6B0A, 0x7B4A, 0x83AB, 0x942D, 0xA48E, 0xB4CF, 0xACAF, 0x9C4D, 0x940D, 0x9C4E,
  0xACF1, 0xC5B3, 0xD634, 0xC5B3, 0x9C8F, 0x6B0A, 0x39C6, 0x2104, 0x18E3, 0x1904, 0x2145, 0x2965,
  0x2965, 0x2965, 0x2945, 0x2945, 0x2945, 0x2945, 0x2945, 0x2945, 0x2945, 0x2945, 0x2945, 0x2945,
  0x2945, 0x2965, 0x2945, 0x2945, 0x2945, 0x2945, 0x2945, 0x2945, 0x2945, 0x2945, 0x2945, 0x2945,
  0x2965, 0x2124, 0x31A6, 0xD614, 0xD615, 0x7B8B, 0x62A8, 0x6A02, 0xBBA5, 0xDC67, 0xFCE8, 0xF4E8,
  0xCBE6, 0x8AC4, 0x4162, 0x1060, 0x0000, 0x0000, 0x0000, 0x0021, 0x0041, 0x0041, 0x0021, 0x0021,
  0x0021, 0x0021, 0x0041, 0x0021, 0x0021, 0x0021, 0x0021, 0x0021, 0x0021, 0x0021, 0x0021, 0x0021,
  0x0021, 0x0021, 0x0021, 0x0021, 0x0021, 0x0021, 0x0021, 0x0021, 0x0021, 0x0021, 0x0021, 0x0021,
  0x0021, 0x0021, 0x0021, 0x0021, 0x0021, 0x0021, 0x0021, 0x0021, 0x0021, 0x0021, 0x0021, 0x0021,
  0x0021, 0x0021, 0x0021, 0x0021, 0x0021, 0x0021, 0x0021, 0x0021, 0x0021, 0x0021, 0x0021, 0x0021,
  0x0021, 0x0021, 0x0021, 0x0021, 0x0021, 0x0021, 0x0021, 0x0021, 0x0021, 0x0021, 0x0021, 0x0021,
  0x0021, 0x0021, 0x0021, 0x0021, 0x0021, 0x0021, 0x0021, 0x0021, 0x0021, 0x0021, 0x0021, 0x0041,
  0x0000, 0x8B05, 0xFD47, 0x8AA4, 0x2903, 0x61E2, 0x2944, 0x1925, 0x5982, 0x8B69, 0xB551, 0xD614,
  0xDE76, 0xDE76, 0xDE76, 0xDE76, 0xDE76, 0xDE76, 0x942E, 0xC592, 0xB510, 0x942D, 0x8BEC, 0x83AB,
  0x8BAB, 0x9C4D, 0xACCF, 0xACCF, 0xA46D, 0x942D, 0x942D, 0xA4AF, 0xB552, 0xCDD3, 0xD614, 0xBD52,
  0x8C0E, 0x5289, 0x2965, 0x18E3, 0x18E4, 0x2124, 0x2945, 0x2965, 0x2965, 0x2965, 0x2945, 0x2945,
  0x2945, 0x2945, 0x2945, 0x2945, 0x2965, 0x2945, 0x2945, 0x2945, 0x2945, 0x2945, 0x2945, 0x2945,
  0x2945, 0x2945, 0x2945, 0x2945, 0x2965, 0x1904, 0xACF1, 0xE6B6, 0x83AC, 0x6AE9, 0x5247, 0x2923,
  0x3923, 0x4982, 0x82A4, 0xA345, 0xCC26, 0xECE8, 0xF4E8, 0xE487, 0xB385, 0x6A23, 0x28E1, 0x0020,
  0x0000, 0x0000, 0x0000, 0x0021, 0x0000, 0x0000, 0x0000, 0x0000, 0x0021, 0x0021, 0x0021, 0x0021,
  0x0021, 0x0021, 0x0021, 0x0021, 0x0021, 0x0021, 0x0021, 0x0021, 0x0021, 0x0021, 0x0021, 0x0021,
  0x0021, 0x0021, 0x0021, 0x0021, 0x0021, 0x0021, 0x0021, 0x0021, 0x0021, 0x0021, 0x0021, 0x0021,
  0x0021, 0x0021, 0x0021, 0x0021, 0x0021, 0x0021, 0x0021, 0x0021, 0x0021, 0x0021, 0x0021, 0x0021,
  0x0021, 0x0021, 0x0021, 0x0021, 0x0021, 0x0021, 0x0021, 0x0021, 0x0021, 0x0021, 0x0021, 0x0021,
  0x0021, 0x0021, 0x0021, 0x0021, 0x0021, 0x0021, 0x0021, 0x0021, 0x0021, 0x0021, 0x0021, 0x0021,
  0x0021, 0x0021, 0x0041, 0x0000, 0x4183, 0xFD68, 0xBBC6, 0x3102, 0x2123, 0x69E2, 0x2944, 0x4163,
  0x82A5, 0xACF0, 0xCDD3, 0xDE96, 0xDE76, 0xDE76, 0xDE76, 0xDE76, 0xDE76, 0xDE56, 0x942E, 0xD635,
  0xD635, 0xD614, 0xD614, 0xBD71, 0xACF0, 0x942D, 0x838B, 0x7B6A, 0x93EC, 0xA48E, 0xB4EF, 0xACCF,
  0x9C4D, 0x940D, 0x942E, 0xA4D0, 0xC593, 0xD614, 0xCDD4, 0xA4D0, 0x736B, 0x4207, 0x2124, 0x18E3,
  0x1904, 0x2125, 0x2965, 0x2965, 0x2965, 0x2945, 0x2945, 0x2945, 0x2945, 0x2945, 0x2945, 0x2945,
  0x2945, 0x2945, 0x2945, 0x2945, 0x2945, 0x2945, 0x2945, 0x2965, 0x10C3, 0x736C, 0xEEF7, 0xA4B0,
  0x6AC8, 0x6AE9, 0x7B8B, 0x2145, 0x2924, 0x2145, 0x2965, 0x3984, 0x51C4, 0x61E3, 0x8AA3, 0xBBA5,
  0xDC87, 0xF508, 0xF4E8, 0xD426, 0x92E4, 0x5182, 0x1881, 0x0000, 0x3942, 0xBBE6, 0x7A63, 0x3942,
  0x1061, 0x0021, 0x0021, 0x0021, 0x0021, 0x0021, 0x0021, 0x0021, 0x0021, 0x0021, 0x0021, 0x0021,
  0x0021, 0x0021, 0x0021, 0x0021, 0x0021, 0x0021, 0x0021, 0x0021, 0x0021, 0x0021, 0x0021, 0x0021,
  0x0021, 0x0021, 0x0021, 0x0021, 0x0021, 0x0021, 0x0021, 0x0021, 0x0021, 0x0021, 0x0021, 0x0021,
  0x0021, 0x0021, 0x0021, 0x0021, 0x0021, 0x0021, 0x0021, 0x0021, 0x0021, 0x0021, 0x0021, 0x0021,
  0x0021, 0x0021, 0x0021, 0x0021, 0x0021, 0x0021, 0x0021, 0x0021, 0x0021, 0x0021, 0x0021, 0x0021,
  0x0021, 0x0021, 0x0021, 0x0021, 0x0021, 0x0021, 0x0020, 0x1061, 0xE4A8, 0xECA7, 0x51A2, 0x2125,
  0x2124, 0x61C2, 0x3143, 0x7202, 0x9C6E, 0xC592, 0xDE76, 0xDE76, 0xDE76, 0xDE76, 0xDE76, 0xDE76,
  0xDE76, 0xDE56, 0x9C8F, 0xD635, 0xCDF4, 0xCDD3, 0xCDD3, 0xD5F4, 0xCDF4, 0xE696, 0xD5F3, 0xBD51,
  0xA4AF, 0x8BCC, 0x838B, 0x83AB, 0x9C4D, 0xACCF, 0xACAF, 0xA48E, 0x940D, 0x940D, 0x9C6E, 0xB511,
  0xCDD4, 0xD635, 0xC593, 0x944E, 0x5AC9, 0x3186, 0x1904, 0x18E3, 0x2104, 0x2945, 0x2965, 0x2965,
  0x2945, 0x2945, 0x2945, 0x2945, 0x2945, 0x2945, 0x2945, 0x2945, 0x2945, 0x2945, 0x2965, 0x2124,
  0x41E7, 0xDE55, 0xC5B3, 0x732A, 0x62A8, 0x8BEC, 0x83CC, 0x2104, 0x2944, 0x2945, 0x2986, 0x31A7,
  0x2986, 0x2965, 0x3185, 0x4184, 0x59E3, 0x7A63, 0x9B04, 0xC3E6, 0xECC8, 0xF508, 0xECA7, 0x82A4,
  0xC407, 0xFD26, 0xFCE6, 0xFD27, 0x6203, 0x0000, 0x0041, 0x0021, 0x0021, 0x0021, 0x0021, 0x0021,
  0x0021, 0x0021, 0x0021, 0x0021, 0x0021, 0x0021, 0x0021, 0x0021, 0x0021, 0x0021, 0x0021, 0x0021,
  0x0021, 0x0021, 0x0021, 0x0021, 0x0021, 0x0021, 0x0021, 0x0021, 0x0021, 0x0021, 0x0021, 0x0021,
  0x0021, 0x0021, 0x0021, 0x0021, 0x0021, 0x0021, 0x0021, 0x0021, 0x0021, 0x0021, 0x0021, 0x0021,
  0x0021, 0x0021, 0x0021, 0x0021, 0x0021, 0x0021, 0x0021, 0x0021, 0x0021, 0x0021, 0x0021, 0x0021,
  0x0021, 0x0021, 0x0021, 0x0021, 0x0021, 0x0021, 0x0021, 0x0021, 0x0021, 0x0041, 0x0000, 0x9B46,
  0xFD48, 0x8284, 0x2103, 0x2165, 0x2945, 0x61C2, 0x5981, 0x8B8A, 0xB551, 0xD635, 0xDE76, 0xDE76,
  0xDE76, 0xDE76, 0xDE76, 0xDE76, 0xDE76, 0xDE76, 0x944E, 0xD614, 0xD635, 0xD635, 0xDE76, 0xC5B3,
  0x41E6, 0x3185, 0x734B, 0xAD11, 0xDE55, 0xE696, 0xCDB2, 0xACF0, 0x9C6E, 0x83AB, 0x838B, 0x8BCB,
  0x9C4D, 0xACCF, 0xACCF, 0xA48E, 0x9C2D, 0x942D, 0xA4AF, 0xBD52, 0xD5F4, 0xCDF4, 0xAD11, 0x83AD,
  0x4A48, 0x2944, 0x18E3, 0x18E4, 0x2125, 0x2965, 0x2965, 0x2965, 0x2945, 0x2945, 0x2945, 0x2945,
  0x2945, 0x2945, 0x2965, 0x2124, 0xB552, 0xE696, 0x7B8B, 0x6AE9, 0x7B6B, 0xA46D, 0x7B8B, 0x2104,
  0x2945, 0x2945, 0x2965, 0x31A6, 0x31A6, 0x41C5, 0x31A6, 0x29A7, 0x2987, 0x2966, 0x3164, 0x49A3,
  0x6A23, 0x92E4, 0xA344, 0x8B05, 0xF509, 0xFCE7, 0xFD07, 0xC428, 0x5181, 0x0000, 0x0021, 0x0021,
  0x0021, 0x0021, 0x0021, 0x0021, 0x0021, 0x0021, 0x0021, 0x0021, 0x0021, 0x0021, 0x0021, 0x0021,
  0x0021, 0x0021, 0x0021, 0x0021, 0x0021, 0x0021, 0x0021, 0x0021, 0x0021, 0x0021, 0x0021, 0x0021,
  0x0021, 0x0021, 0x0021, 0x0021, 0x0021, 0x0021, 0x0021, 0x0021, 0x0021, 0x0021, 0x0021, 0x0021,
  0x0021, 0x0021, 0x0021, 0x0021, 0x0021, 0x0021, 0x0021, 0x0021, 0x0021, 0x0021, 0x0021, 0x0021,
  0x0021, 0x0021, 0x0021, 0x0021, 0x0021, 0x0021, 0x0021, 0x0021, 0x0021, 0x0021, 0x0021, 0x0021,
  0x0041, 0x0000, 0x51E4, 0xFD68, 0xAB85, 0x2902, 0x2145, 0x2945, 0x2124, 0x5140, 0x6245, 0xB510,
  0xCDD3, 0xDE76, 0xDE76, 0xDE76, 0xDE76, 0xDE76, 0xDE76, 0xDE76, 0xDE76, 0xDE56, 0x942E, 0xD614,
  0xCDF4, 0xCDF4, 0xD614, 0xC592, 0x4A06, 0x0000, 0x0000, 0x0000, 0x18C2, 0x4A27, 0xB511, 0xDE76,
  0xD614, 0xCDD3, 0xBD51, 0xACD0, 0x940D, 0x8BCC, 0x8BCC, 0x942D, 0xA48E, 0xACCF, 0xAC8E, 0x9C4D,
  0x940D, 0x944E, 0xACF1, 0xC5D3, 0xD614, 0xC5D3, 0xA4B0, 0x6B2A, 0x39C6, 0x2104, 0x18C3, 0x1904,
  0x2145, 0x2965, 0x2965, 0x2965, 0x2945, 0x2965, 0x18C3, 0x83CD, 0xF718, 0x9C6F, 0x62A8, 0x6AE9,
  0x9C6E, 0xA46E, 0x7B8B, 0x2144, 0x2945, 0x2145, 0x2945, 0x31A6, 0x31A7, 0x31A6, 0x31A6, 0x31A6,
  0x31A6, 0x31A6, 0x31A7, 0x29A7, 0x2986, 0x31A6, 0x3123, 0x7A23, 0x9B04, 0xAB85, 0xB3E7, 0x92C4,
  0x71C1, 0x0000, 0x0021, 0x0021, 0x0021, 0x0021, 0x0021, 0x0021, 0x0021, 0x0021, 0x0021, 0x0021,
  0x0021, 0x0021, 0x0021, 0x0021, 0x0021, 0x0021, 0x0021, 0x0021, 0x0021, 0x0021, 0x0021, 0x0021,
  0x0021, 0x0021, 0x0021, 0x0021, 0x0021, 0x0021, 0x0021, 0x0021, 0x0021, 0x0021, 0x0021, 0x0021,
  0x0021, 0x0021, 0x0021, 0x0021, 0x0021, 0x0021, 0x0021, 0x0021, 0x0021, 0x0021, 0x0021, 0x0021,
  0x0021, 0x0021, 0x0021, 0x0021, 0x0021, 0x0021, 0x0021, 0x0021, 0x0021, 0x0021, 0x0021, 0x0021,
  0x0021, 0x0021, 0x0021, 0x0021, 0x0000, 0x18A2, 0xECE8, 0xE487, 0x4982, 0x2125, 0x2145, 0x2945,
  0x3943, 0x4962, 0x9C8F, 0xC592, 0xDE76, 0xDE76, 0xDE76, 0xDE76, 0xDE76, 0xDE76, 0xDE76, 0xDE76,
  0xDE76, 0xDE56, 0x9C6F, 0xDE55, 0xD614, 0xCDF4, 0xD614, 0xBD72, 0x4A06, 0x0000, 0x0020, 0x0000,
  0x0000, 0x0000, 0x8C0E, 0xDE76, 0xC5B2, 0xCDD3, 0xDE55, 0xB552, 0xA4D0, 0xACF0, 0xA48E, 0x9C6E,
  0x940D, 0x8BCC, 0x8BCC, 0x9C4D, 0xA48E, 0xACCF, 0xA48E, 0x940D, 0x940D, 0xA48F, 0xB531, 0xCDF4,
  0xD614, 0xBD52, 0x8C0E, 0x5A89, 0x3165, 0x18E3, 0x18E4, 0x2124, 0x2965, 0x2124, 0x4A48, 0xE696,
  0xBD93, 0x6B09, 0x62C8, 0x8BCC, 0x9C6D, 0x9C6E, 0x7B8B, 0x2124, 0x3964, 0x2145, 0x2945, 0x3186,
  0x31C7, 0x31A7, 0x31A6, 0x31A6, 0x31A6, 0x31A6, 0x31A6, 0x31A6, 0x31A5, 0x41C5, 0x2145, 0x6A03,
  0xC3A4, 0xAB24, 0x8262, 0x9A82, 0x71E1, 0x0000, 0x0021, 0x0021, 0x0021, 0x0021, 0x0021, 0x0021,
  0x0021, 0x0021, 0x0021, 0x0021, 0x0021, 0x0021, 0x0021, 0x0021, 0x0021, 0x0021, 0x0021, 0x0021,
  0x0021, 0x0021, 0x0021, 0x0021, 0x0021, 0x0021, 0x0021, 0x0021, 0x0021, 0x0021, 0x0021, 0x0021,
  0x0021, 0x0021, 0x0021, 0x0021, 0x0021, 0x0021, 0x0021, 0x0021, 0x0021, 0x0021, 0x0021, 0x0021,
  0x0021, 0x0021, 0x0021, 0x0021, 0x0021, 0x0021, 0x0021, 0x0021, 0x0021, 0x0021, 0x0021, 0x0021,
  0x0021, 0x0021, 0x0021, 0x0021, 0x0021, 0x0021, 0x0021, 0x0041, 0x0000, 0xAB86, 0xFD48, 0x7243,
  0x2104, 0x2945, 0x2945, 0x1925, 0x61C2, 0x93EB, 0xBD92, 0xD655, 0xDE76, 0xDE76, 0xDE76, 0xDE76,
  0xDE76, 0xDE76, 0xDE76, 0xDE76, 0xDE76, 0xDE56, 0x944F, 0xCDD3, 0xCDB3, 0xCDD3, 0xDE55, 0xCDF4,
  0x4A06, 0x0000, 0x0000, 0x0000, 0x0020, 0x0000, 0x944E, 0xE696, 0xD614, 0xCDF4, 0xDE55, 0x9C6E,
  0x9C4D, 0xA48E, 0xACCF, 0xB511, 0xACF1, 0xA4D0, 0x9C8F, 0x942D, 0x940D, 0x838B, 0x8BCC, 0xA46E,
  0xACCF, 0xACAF, 0x9C6E, 0x940D, 0x940D, 0xA4AF, 0xC593, 0xD615, 0xCDF4, 0xACF0, 0x7B8C, 0x4A27,
  0x2124, 0x2124, 0xC5B3, 0xDE55, 0x736B, 0x62A8, 0x7B6B, 0xA48E, 0x9C4E, 0xA4AF, 0x7B6B, 0x28E1,
  0x3102, 0x2124, 0x2145, 0x2986, 0x31A7, 0x41C6, 0x31A6, 0x31A6, 0x31A6, 0x31A6, 0x31A6, 0x31A6,
  0x3186, 0x3186, 0x2965, 0x9305, 0xFD48, 0xCBE6, 0x59A1, 0x9AA2, 0x69C1, 0x0000, 0x0021, 0x0021,
  0x0021, 0x0021, 0x0021, 0x0021, 0x0021, 0x0021, 0x0021, 0x0021, 0x0021, 0x0021, 0x0021, 0x0021,
  0x0021, 0x0021, 0x0021, 0x0021, 0x0021, 0x0021, 0x0021, 0x0021, 0x0021, 0x0021, 0x0021, 0x0021,
  0x0021, 0x0021, 0x0021, 0x0021, 0x0021, 0x0021, 0x0021, 0x0021, 0x0021, 0x0021, 0x0021, 0x0021,
  0x0021, 0x0021, 0x0021, 0x0021, 0x0021, 0x0021, 0x0021, 0x0021, 0x0021, 0x0021, 0x0021, 0x0021,
  0x0021, 0x0021, 0x0021, 0x0021, 0x0021, 0x0021, 0x0021, 0x0021, 0x0021, 0x0021, 0x0041, 0x0000,
  0x51C3, 0xFD67, 0xA345, 0x2902, 0x2145, 0x2945, 0x1925, 0x4962, 0x8307, 0xAD31, 0xD614, 0xE697,
  0xDE76, 0xDE76, 0xDE76, 0xDE76, 0xDE76, 0xDE76, 0xDE76, 0xDE76, 0xDE76, 0xDE76, 0x9C6F, 0xDE34,
  0xD5F4, 0xCDD3, 0xCDF3, 0xBD72, 0x5226, 0x10A2, 0x0000, 0x0000, 0x0000, 0x0000, 0x8C0D, 0xDE55,
  0xCDD3, 0xD614, 0xDE55, 0xA48F, 0x8BCB, 0x41A5, 0x39A5, 0x6B09, 0x940D, 0xA4AF, 0xB511, 0xA4D0,
  0xAD10, 0xC571, 0xA4AF, 0x940D, 0x83AC, 0x83AB, 0x940C, 0xA48E, 0xACAE, 0xACAE, 0x9C4D, 0x940D,
  0x9C4E, 0xACF0, 0xCDD3, 0xD614, 0xBD72, 0xB531, 0xEED7, 0x942E, 0x62A8, 0x6AE9, 0x9C4D, 0x9C6E,
  0x9C4D, 0xA48E, 0x838B, 0x51E5, 0x7AC6, 0x6203, 0x5182, 0x3122, 0x3144, 0x3985, 0x31A7, 0x31A7,
  0x31A7, 0x31A6, 0x31A6, 0x3186, 0x2986, 0x31A7, 0x2924, 0xA344, 0x9B25, 0x71E2, 0x5161, 0x9AA2,
  0x69C1, 0x0000, 0x0021, 0x0021, 0x0021, 0x0021, 0x0021, 0x0021, 0x0021, 0x0021, 0x0021, 0x0021,
  0x0021, 0x0021, 0x0021, 0x0021, 0x0021, 0x0021, 0x0021, 0x0021, 0x0021, 0x0021, 0x0021, 0x0021,
  0x0021, 0x0021, 0x0021, 0x0021, 0x0021, 0x0021, 0x0021, 0x0021, 0x0021, 0x0021, 0x0021, 0x0021,
  0x0021, 0x0021, 0x0021, 0x0021, 0x0021, 0x0021, 0x0021, 0x0021, 0x0021, 0x0021, 0x0021, 0x0021,
  0x0021, 0x0021, 0x0021, 0x0021, 0x0021, 0x0021, 0x0021, 0x0021, 0x0021, 0x0021, 0x0021, 0x0021,
  0x0021, 0x0021, 0x0020, 0x7263, 0xCC06, 0x9B24, 0x3942, 0x2125, 0x2945, 0x2125, 0x3143, 0x7A63,
  0x9C8F, 0xC592, 0xD635, 0xD635, 0xDE55, 0xDE76, 0xDE76, 0xDE76, 0xDE76, 0xDE76, 0xDE76, 0xDE76,
  0xE696, 0xC5D4, 0x736B, 0xC593, 0xCDD3, 0xD614, 0xE676, 0xC5B3, 0x7BAC, 0x940D, 0x7309, 0x5247,
  0x3144, 0x0840, 0x942E, 0xE696, 0xD614, 0xD614, 0xD5F4, 0x944E, 0x8BEC, 0x3164, 0x0000, 0x0000,
  0x0020, 0x20E2, 0x5247, 0x940D, 0x83AC, 0xDE76, 0xD635, 0xD5F4, 0xCDB3, 0xB531, 0x9C6E, 0x838B,
  0x838B, 0x8BEC, 0x9C4D, 0xACAE, 0xACCF, 0xA48E, 0x942D, 0x8BEC, 0x9C6E, 0xB531, 0xA4F1, 0x7329,
  0x5AA8, 0x8BEC, 0x9C4E, 0xA46E, 0x9C4E, 0x942D, 0x734A, 0x5AA9, 0xAD10, 0xA4AF, 0x940C, 0x8349,
  0x7AA5, 0x59E3, 0x4962, 0x3964, 0x3185, 0x2986, 0x29A7, 0x31A7, 0x39C6, 0x2145, 0x7265, 0xFD87,
  0x92E4, 0x5140, 0x9AC3, 0x9AA2, 0x69C1, 0x0000, 0x0021, 0x0021, 0x0021, 0x0021, 0x0021, 0x0021,
  0x0021, 0x0021, 0x0021, 0x0021, 0x0021, 0x0021, 0x0021, 0x0021, 0x0021, 0x0021, 0x0021, 0x0021,
  0x0021, 0x0021, 0x0021, 0x0021, 0x0021, 0x0021, 0x0021, 0x0021, 0x0021, 0x0021, 0x0021, 0x0021,
  0x0021, 0x0021, 0x0021, 0x0021, 0x0021, 0x0021, 0x0021, 0x0021, 0x0021, 0x0021, 0x0021, 0x0021,
  0x0021, 0x0021, 0x0021, 0x0021, 0x0021, 0x0021, 0x0021, 0x0021, 0x0021, 0x0021, 0x0021, 0x0021,
  0x0021, 0x0021, 0x0021, 0x0021, 0x0021, 0x0020, 0x0840, 0xABA6, 0xCC27, 0x7202, 0x2903, 0x2965,
  0x2145, 0x2124, 0x61A1, 0x93EC, 0xBD92, 0xDE55, 0xDE56, 0xD655, 0xD635, 0xD635, 0xD635, 0xD635,
  0xDE56, 0xDE76, 0xDE76, 0xDE76, 0xE6B7, 0xA4D0, 0x7B8B, 0x8C0D, 0x8C0D, 0x8BED, 0xB531, 0xC592,
  0xD614, 0xCDD4, 0xBD31, 0xACF0, 0xA48F, 0x732A, 0x9C6F, 0xDE55, 0xD635, 0xD635, 0xDE35, 0xA48F,
  0x8BEC, 0x3143, 0x0000, 0x0000, 0x0000, 0x0000, 0x0000, 0x7B6A, 0x8C0D, 0xDE76, 0xCDD4, 0xCDD3,
  0xD5F3, 0xD615, 0xDE35, 0xDE75, 0xCDF4, 0xACAF, 0x8BEC, 0x838B, 0x83AC, 0x940D, 0xA46E, 0xACAE,
  0xACAE, 0xA46E, 0x6B09, 0x62A8, 0x7B6B, 0xA48E, 0x9C4D, 0x9C6E, 0xA48E, 0x83AB, 0x6AE9, 0x5A88,
  0xACCF, 0xB4F0, 0xC592, 0xC592, 0xB551, 0xACAF, 0x93EB, 0x8307, 0x6A44, 0x59C3, 0x4983, 0x3964,
  0x39A6, 0x39A5, 0xECC7, 0xDC66, 0x3102, 0x59A2, 0xA2E3, 0x9262, 0x61A1, 0x0000, 0x0021, 0x0021,
  0x0021, 0x0021, 0x0021, 0x0021, 0x0021, 0x0021, 0x0021, 0x0021, 0x0021, 0x0021, 0x0021, 0x0021,
  0x0021, 0x0021, 0x0021, 0x0021, 0x0021, 0x0021, 0x0021, 0x0021, 0x0021, 0x0021, 0x0021, 0x0021,
  0x0021, 0x0021, 0x0021, 0x0021, 0x0021, 0x0021, 0x0021, 0x0021, 0x0021, 0x0021, 0x0021, 0x0021,
  0x0021, 0x0021, 0x0021, 0x0021, 0x0021, 0x0021, 0x0021, 0x0021, 0x0021, 0x0021, 0x0021, 0x0021,
  0x0021, 0x0021, 0x0021, 0x0021, 0x0021, 0x0021, 0x0021, 0x0021, 0x0041, 0x0000, 0x7A84, 0xFD07,
  0x7A63, 0x69C1, 0x2944, 0x2945, 0x1945, 0x5182, 0x8328, 0xB531, 0xD614, 0xDE76, 0xDE76, 0xDE76,
  0xDE76, 0xDE76, 0xDE56, 0xD635, 0xD635, 0xD635, 0xD635, 0xD655, 0xE6B7, 0xA4B0, 0x940C, 0xBD10,
  0xA4AF, 0x7309, 0x9C6E, 0x9C6E, 0x944E, 0xA4D0, 0xB531, 0xCDD4, 0xC5D3, 0xBD72, 0xCDD3, 0xD614,
  0xCDF4, 0xC5B3, 0xCDD3, 0xA4AF, 0x8BEC, 0x2943, 0x0000, 0x0000, 0x0000, 0x0000, 0x0841, 0x83AB,
  0x8C0D, 0xDE55, 0xD614, 0xD634, 0xDE55, 0xAD11, 0x39C5, 0x5268, 0x942E, 0xBD72, 0xDE75, 0xDE75,
  0xBD71, 0x9C6E, 0x8BCC, 0x838B, 0x83AC, 0x9C4D, 0x6AE9, 0x62C9, 0x9C4D, 0x9C6E, 0x9C6E, 0x9C4D,
  0x942D, 0x5AA8, 0x62A8, 0x6B0A, 0xB531, 0xCDD3, 0xDE96, 0xD655, 0xD614, 0xCDD3, 0xC5B3, 0xBD72,
  0xB510, 0xA48E, 0x93CA, 0x7AC6, 0x4163, 0xAB86, 0xFD68, 0x7243, 0x18C2, 0x69E2, 0xA2E3, 0x9282,
  0x71E1, 0x0000, 0x0021, 0x0021, 0x0021, 0x0021, 0x0021, 0x0021, 0x0021, 0x0021, 0x0021, 0x0021,
  0x0021, 0x0021, 0x0021, 0x0021, 0x0021, 0x0021, 0x0021, 0x0021, 0x0021, 0x0021, 0x0021, 0x0021,
  0x0021, 0x0021, 0x0021, 0x0021, 0x0021, 0x0021, 0x0021, 0x0021, 0x0021, 0x0021, 0x0021, 0x0021,
  0x0021, 0x0021, 0x0021, 0x0021, 0x0021, 0x0021, 0x0021, 0x0021, 0x0021, 0x0021, 0x0021, 0x0021,
  0x0021, 0x0021, 0x0021, 0x0021, 0x0021, 0x0021, 0x0021, 0x0021, 0x0021, 0x0021, 0x0021, 0x0041,
  0x0000, 0x3143, 0xFD28, 0xCC06, 0x4141, 0x61C1, 0x2124, 0x2145, 0x3122, 0x8284, 0xA4F0, 0xCDD3,
  0xDE76, 0xDE76, 0xDE76, 0xDE76, 0xDE76, 0xDE76, 0xDE76, 0xDE76, 0xDE76, 0xDE76, 0xDE55, 0xD635,
  0xDE55, 0xB532, 0x734A, 0x83AB, 0x9C2D, 0x6AE9, 0xA46E, 0xB4F0, 0xACCF, 0xA48E, 0xA4AF, 0x9C8F,
  0x9C8F, 0xAD11, 0xBD72, 0xD615, 0xD635, 0xD614, 0xDE55, 0x9C8F, 0x8BCC, 0x2943, 0x0000, 0x0000,
  0x0000, 0x0000, 0x0840, 0x83AB, 0x8BED, 0xD614, 0xCDB3, 0xCDF4, 0xDE76, 0xB511, 0x2903, 0x0000,
  0x0000, 0x0840, 0x3165, 0x6B0A, 0xBD51, 0xDE76, 0xD615, 0xC572, 0xACF0, 0x940D, 0x62A8, 0x940C,
  0x9C4E, 0xA46E, 0x9C6E, 0x9C4D, 0x732A, 0x5267, 0x5A67, 0xACCF, 0xC5B3, 0xDE76, 0xDE76, 0xDE76,
  0xDE96, 0xDE76, 0xDE56, 0xD635, 0xCDF4, 0xC5B3, 0xC592, 0xB532, 0x7B08, 0xFD06, 0xB3A6, 0x3123,
  0x1925, 0x69E2, 0xAB03, 0x9A82, 0x5981, 0x1040, 0x0021, 0x0021, 0x0021, 0x0021, 0x0021, 0x0021,
  0x0021, 0x0021, 0x0021, 0x0021, 0x0021, 0x0021, 0x0021, 0x0021, 0x0021, 0x0021, 0x0021, 0x0021,
  0x0021, 0x0021, 0x0021, 0x0021, 0x0021, 0x0021, 0x0021, 0x0021, 0x0021, 0x0021, 0x0021, 0x0021,
  0x0021, 0x0021, 0x0021, 0x0021, 0x0021, 0x0021, 0x0021, 0x0021, 0x0021, 0x0021, 0x0021, 0x0021,
  0x0021, 0x0021, 0x0021, 0x0021, 0x0021, 0x0021, 0x0021, 0x0021, 0x0021, 0x0021, 0x0021, 0x0021,
  0x0021, 0x0021, 0x0021, 0x0020, 0x0841, 0xD446, 0xECC7, 0x59C3, 0x2103, 0x69E2, 0x2945, 0x2945,
  0x69C2, 0x942D, 0xC592, 0xDE76, 0xDE76, 0xDE76, 0xDE76, 0xDE76, 0xDE76, 0xDE76, 0xDE76, 0xDE76,
  0xDE76, 0xDE76, 0xDE76, 0xDE76, 0xDE56, 0xDE96, 0xD635, 0xB531, 0x9C6E, 0x83CC, 0x83AB, 0x7B6B,
  0x8BEC, 0x9C6E, 0xACAF, 0xB4EF, 0xACEF, 0x9C8E, 0x944E, 0x944E, 0x944E, 0xACF0, 0xCE15, 0x9C6F,
  0x83AB, 0x3144, 0x0000, 0x0000, 0x0000, 0x0000, 0x0841, 0x838B, 0x8BEC, 0xE696, 0xD635, 0xD614,
  0xD635, 0xACF0, 0x3164, 0x0020, 0x0020, 0x0000, 0x0000, 0x0000, 0x83AC, 0xE696, 0xCDD3, 0xCDD3,
  0xD634, 0xDE56, 0x942E, 0x9C2D, 0x9C4E, 0x9C4D, 0x9C6E, 0x838B, 0x6AE9, 0x4A06, 0x8C0D, 0xBD51,
  0xD635, 0xDE76, 0xDE76, 0xDE76, 0xDE76, 0xDE76, 0xDE76, 0xDE76, 0xDE96, 0xDE56, 0xE696, 0x8C2E,
  0xD467, 0xECC7, 0x4162, 0x2125, 0x1925, 0x61E2, 0xAB23, 0x61C1, 0x69C1, 0x20A1, 0x0001, 0x0021,
  0x0021, 0x0021, 0x0021, 0x0021, 0x0021, 0x0021, 0x0021, 0x0021, 0x0021, 0x0021, 0x0021, 0x0021,
  0x0021, 0x0021, 0x0021, 0x0021, 0x0021, 0x0021, 0x0021, 0x0021, 0x0021, 0x0021, 0x0021, 0x0021,
  0x0021, 0x0021, 0x0021, 0x0021, 0x0021, 0x0021, 0x0021, 0x0021, 0x0021, 0x0021, 0x0021, 0x0021,
  0x0021, 0x0021, 0x0021, 0x0021, 0x0021, 0x0021, 0x0021, 0x0021, 0x0021, 0x0021, 0x0021, 0x0021,
  0x0021, 0x0021, 0x0021, 0x0021, 0x0021, 0x0021, 0x0041, 0x0000, 0x9305, 0xFD68, 0x8AA4, 0x2103,
  0x3184, 0x7222, 0x18E3, 0x5981, 0x8B89, 0xB551, 0xD635, 0xDE76, 0xDE76, 0xDE76, 0xDE76, 0xDE76,
  0xDE76, 0xDE76, 0xDE76, 0xDE76, 0xDE76, 0xDE76, 0xDE76, 0xDE76, 0xDE76, 0xDE76, 0xDE76, 0xE6B7,
  0xE6B7, 0xE696, 0xD635, 0xC593, 0xAD11, 0x944E, 0x7B8B, 0x838B, 0x940C, 0xA48E, 0xACCF, 0xACAE,
  0xA46E, 0x9C4E, 0x942E, 0x7B6B, 0x8BCC, 0x3143, 0x0000, 0x0000, 0x0000, 0x0000, 0x0841, 0x838B,
  0x8BED, 0xD635, 0xCDF4, 0xD614, 0xDE55, 0xBD72, 0x2943, 0x0000, 0x0000, 0x0000, 0x0020, 0x0020,
  0x8C0E, 0xE696, 0xD614, 0xD614, 0xD614, 0xD614, 0x8BED, 0x9C4E, 0x9C4D, 0x9C6E, 0x940D, 0x6AE9,
  0x5A87, 0x83CC, 0xBD51, 0xCDD4, 0xDE96, 0xDE76, 0xDE76, 0xDE76, 0xDE76, 0xDE76, 0xDE76, 0xDE76,
  0xDE56, 0xE6B7, 0xC5D4, 0x9B87, 0xFD48, 0x82A4, 0x18E3, 0x2965, 0x2145, 0x61C2, 0x59A1, 0x5161,
  0x9262, 0x0840, 0x0021, 0x0021, 0x0021, 0x0021, 0x0021, 0x0021, 0x0021, 0x0021, 0x0021, 0x0021,
  0x0021, 0x0021, 0x0021, 0x0021, 0x0021, 0x0021, 0x0021, 0x0021, 0x0021, 0x0021, 0x0021, 0x0021,
  0x0021, 0x0021, 0x0021, 0x0021, 0x0021, 0x0021, 0x0021, 0x0021, 0x0021, 0x0021, 0x0021, 0x0021,
  0x0021, 0x0021, 0x0021, 0x0021, 0x0021, 0x0021, 0x0021, 0x0021, 0x0021, 0x0021, 0x0021, 0x0021,
  0x0021, 0x0021, 0x0021, 0x0021, 0x0021, 0x0021, 0x0021, 0x0021, 0x0021, 0x0041, 0x0000, 0x41A4,
  0xFD68, 0xBBC6, 0x3922, 0x2145, 0x2944, 0x6A02, 0x4142, 0x7AA5, 0xAD11, 0xCDF4, 0xDE76, 0xDE76,
  0xDE76, 0xDE76, 0xDE76, 0xDE76, 0xDE76, 0xDE76, 0xDE76, 0xDE76, 0xDE76, 0xDE76, 0xDE76, 0xDE76,
  0xDE76, 0xDE76, 0xDE76, 0xDE76, 0xDE56, 0xDE56, 0xDE76, 0xE696, 0xE676, 0xDE76, 0xD655, 0xBD93,
  0x9C8F, 0x8BED, 0x838B, 0x8BCC, 0x9C4E, 0xAC8E, 0xB4EF, 0x8BEC, 0x940D, 0x3144, 0x18E2, 0x18A2,
  0x0020, 0x0000, 0x0000, 0x83AB, 0x944E, 0xE676, 0xCDD3, 0xC5B3, 0xD635, 0xA4AF, 0x39A5, 0x18E2,
  0x0000, 0x0000, 0x0000, 0x0000, 0x7BAC, 0xD614, 0xCDD4, 0xD615, 0xDE55, 0xD634, 0x8BEC, 0x9C2D,
  0xA46E, 0x9C8E, 0x734B, 0x6AE8, 0x6B09, 0xB510, 0xBD72, 0xDE76, 0xDE76, 0xDE76, 0xDE76, 0xDE76,
  0xDE76, 0xDE76, 0xDE76, 0xDE76, 0xDE76, 0xE697, 0x8BEC, 0xF4C7, 0xC3E6, 0x3123, 0x2145, 0x2945,
  0x2104, 0x5161, 0x7A42, 0x8A42, 0x3901, 0x0000, 0x0021, 0x0021, 0x0021, 0x0021, 0x0021, 0x0021,
  0x0021, 0x0021, 0x0021, 0x0021, 0x0021, 0x0021, 0x0021, 0x0021, 0x0021, 0x0021, 0x0021, 0x0021,
  0x0021, 0x0021, 0x0021, 0x0021, 0x0021, 0x0021, 0x0021, 0x0021, 0x0021, 0x0021, 0x0021, 0x0021,
  0x0021, 0x0021, 0x0021, 0x0021, 0x0021, 0x0021, 0x0021, 0x0021, 0x0021, 0x0021, 0x0021, 0x0021,
  0x0021, 0x0021, 0x0021, 0x0021, 0x0021, 0x0021, 0x0021, 0x0021, 0x0021, 0x0021, 0x0021, 0x0021,
  0x0021, 0x0000, 0x1081, 0xE4A8, 0xECA7, 0x51A2, 0x2124, 0x2945, 0x2124, 0x69C1, 0x6A02, 0x9C4E,
  0xC592, 0xDE76, 0xDE76, 0xDE76, 0xDE76, 0xDE76, 0xDE76, 0xDE76, 0xDE76, 0xDE76, 0xDE76, 0xDE76,
  0xDE76, 0xDE76, 0xDE76, 0xDE76, 0xDE76, 0xDE76, 0xDE76, 0xDE76, 0xDE76, 0xDE76, 0xDE76, 0xDE76,
  0xDE76, 0xDE56, 0xDE56, 0xDE76, 0xE696, 0xDE76, 0xCDF4, 0xB531, 0x942E, 0x838B, 0x83AB, 0x732A,
  0x6B09, 0x41C5, 0x8BED, 0x940D, 0x83CC, 0x62A8, 0x3184, 0x8BCC, 0x736B, 0xC5B3, 0xCDD4, 0xD614,
  0xE696, 0xB531, 0x83AC, 0x9C6E, 0x7B6A, 0x5A67, 0x3185, 0x0861, 0x83ED, 0xE696, 0xD614, 0xCDF4,
  0xD614, 0xCDF4, 0x83AC, 0x9C2D, 0x9C4E, 0x83CC, 0x7329, 0x62A8, 0xA48F, 0xBD51, 0xDE55, 0xDE76,
  0xDE76, 0xDE76, 0xDE76, 0xDE76, 0xDE76, 0xDE76, 0xDE76, 0xDE76, 0xEED7, 0xA4D1, 0xC3E6, 0xFD08,
  0x59C3, 0x1904, 0x2965, 0x2145, 0x2903, 0xAB24, 0xA324, 0x69C1, 0x0000, 0x0021, 0x0021, 0x0021,
  0x0021, 0x0021, 0x0021, 0x0021, 0x0021, 0x0021, 0x0021, 0x0021, 0x0021, 0x0021, 0x0021, 0x0021,
  0x0021, 0x0021, 0x0021, 0x0021, 0x0021, 0x0021, 0x0021, 0x0021, 0x0021, 0x0021, 0x0021, 0x0021,
  0x0021, 0x0021, 0x0021, 0x0021, 0x0021, 0x0021, 0x0021, 0x0021, 0x0021, 0x0021, 0x0021, 0x0021,
  0x0021, 0x0021, 0x0021, 0x0021, 0x0021, 0x0021, 0x0021, 0x0021, 0x0021, 0x0021, 0x0021, 0x0021,
  0x0021, 0x0021, 0x0021, 0x0021, 0x0841, 0x0000, 0xA366, 0xFD27, 0x7A84, 0x2103, 0x2145, 0x2965,
  0x3144, 0x38E0, 0x7B6A, 0xC593, 0xD635, 0xDE76, 0xDE76, 0xDE76, 0xDE76, 0xDE76, 0xDE76, 0xDE76,
  0xDE76, 0xDE76, 0xDE76, 0xDE76, 0xDE76, 0xDE76, 0xDE76, 0xDE76, 0xDE76, 0xDE76, 0xDE76, 0xDE76,
  0xDE76, 0xDE76, 0xDE76, 0xDE76, 0xDE76, 0xDE76, 0xDE55, 0xDE55, 0xDE76, 0xDE76, 0xDE76, 0xE696,
  0xE696, 0xDE56, 0xC5B3, 0xA4D0, 0x83CD, 0xA4AF, 0xBD72, 0xBD51, 0xB531, 0xBD31, 0x944E, 0x83CC,
  0x734A, 0x8C0D, 0x944E, 0x9C8F, 0xAD10, 0xCDF4, 0xD614, 0xC592, 0xBD51, 0xACF0, 0xA48F, 0x7B4A,
  0x944E, 0xDE55, 0xD614, 0xD634, 0xD635, 0xD635, 0x8C0D, 0x942C, 0x8BCC, 0x6B09, 0x62C8, 0x83CC,
  0xBD31, 0xCDF4, 0xDE96, 0xDE76, 0xDE76, 0xDE76, 0xDE76, 0xDE76, 0xDE76, 0xDE76, 0xDE76, 0xE696,
  0xCE36, 0x9389, 0xFD07, 0x9B04, 0x2103, 0x2145, 0x2945, 0x1905, 0x92A3, 0xAB64, 0x8A41, 0x1861,
  0x0001, 0x0021, 0x0021, 0x0021, 0x0021, 0x0021, 0x0021, 0x0021, 0x0021, 0x0021, 0x0021, 0x0021,
  0x0021, 0x0021, 0x0021, 0x0021, 0x0021, 0x0021, 0x0021, 0x0021, 0x0021, 0x0021, 0x0021, 0x0021,
  0x0021, 0x0021, 0x0021, 0x0021, 0x0021, 0x0021, 0x0021, 0x0021, 0x0021, 0x0021, 0x0021, 0x0021,
  0x0021, 0x0021, 0x0021, 0x0021, 0x0021, 0x0021, 0x0021, 0x0021, 0x0021, 0x0021, 0x0021, 0x0021,
  0x0021, 0x0021, 0x0021, 0x0021, 0x0021, 0x0021, 0x0021, 0x0041, 0x0000, 0x5A04, 0xFD89, 0xB386,
  0x2902, 0x2145, 0x2945, 0x1925, 0x4962, 0x72A6, 0xAD10, 0xCDF4, 0xDE96, 0xDE76, 0xDE76, 0xDE76,
  0xDE76, 0xDE76, 0xDE76, 0xDE76, 0xDE76, 0xDE76, 0xDE76, 0xDE76, 0xDE76, 0xDE76, 0xDE76, 0xDE76,
  0xDE76, 0xDE76, 0xDE76, 0xDE76, 0xDE76, 0xDE76, 0xDE76, 0xDE76, 0xDE76, 0xDE76, 0xDE76, 0xDE76,
  0xDE76, 0xDE76, 0xDE76, 0xDE76, 0xDE76, 0xDE76, 0xE696, 0xE6B7, 0xEED7, 0xE696, 0xD615, 0xCDF4,
  0xC592, 0xC5B3, 0x9C6E, 0x62C8, 0x83CC, 0xB50F, 0xACCF, 0xA48E, 0x942D, 0x944E, 0x9C8F, 0xA4D0,
  0xBD93, 0xCDD4, 0xC592, 0xBD51, 0xC5B3, 0xD614, 0xC5B2, 0xCDD3, 0xCDF3, 0xD614, 0x8C0D, 0x9C2D,
  0x6B09, 0x62A8, 0x62E9, 0xB510, 0xC592, 0xDE96, 0xDE76, 0xDE76, 0xDE76, 0xDE76, 0xDE76, 0xDE76,
  0xDE76, 0xDE76, 0xDE76, 0xEED7, 0x942D, 0xEC87, 0xDC67, 0x3922, 0x2125, 0x2945, 0x1925, 0x5183,
  0xC3C5, 0x92A3, 0x4941, 0x0000, 0x0021, 0x0021, 0x0021, 0x0021, 0x0021, 0x0021, 0x0021, 0x0021,
  0x0021, 0x0021, 0x0021, 0x0021, 0x0021, 0x0021, 0x0021, 0x0021, 0x0021, 0x0021, 0x0021, 0x0021,
  0x0021, 0x0021, 0x0021, 0x0021, 0x0021, 0x0021, 0x0021, 0x0021, 0x0021, 0x0021, 0x0021, 0x0021,
  0x0021, 0x0021, 0x0021, 0x0021, 0x0021, 0x0021, 0x0021, 0x0021, 0x0021, 0x0021, 0x0021, 0x0021,
  0x0021, 0x0021, 0x0021, 0x0021, 0x0021, 0x0021, 0x0021, 0x0021, 0x0021, 0x0021, 0x0021, 0x0020,
  0x4982, 0xBBA5, 0xBBC5, 0x49A3, 0x2125, 0x2945, 0x2145, 0x2903, 0x7202, 0xA4AF, 0xC592, 0xDE76,
  0xDE76, 0xDE76, 0xDE76, 0xDE76, 0xDE76, 0xDE76, 0xDE76, 0xDE76, 0xDE76, 0xDE76, 0xDE76, 0xDE76,
  0xDE76, 0xDE76, 0xDE76, 0xDE76, 0xDE76, 0xDE76, 0xDE76, 0xDE76, 0xDE76, 0xDE76, 0xDE76, 0xDE76,
  0xDE76, 0xDE76, 0xDE76, 0xDE76, 0xDE76, 0xDE76, 0xDE76, 0xDE76, 0xDE76, 0xDE76, 0xDE76, 0xDE76,
  0xDE56, 0xDE76, 0xDE76, 0xDE96, 0xDE76, 0xDE56, 0xCDF4, 0x9C6F, 0x7BAC, 0x7B8B, 0x838B, 0x9C6E,
  0xACCF, 0xB4CF, 0xB4EF, 0xA48F, 0x9C4E, 0x944E, 0xA4B0, 0xB552, 0xC5B3, 0xCDD3, 0xDE55, 0xD635,
  0xD635, 0xCDD3, 0x8BCC, 0x732A, 0x6AE9, 0x62C8, 0x9C6E, 0xBD51, 0xDE56, 0xDE76, 0xDE76, 0xDE76,
  0xDE76, 0xDE76, 0xDE76, 0xDE76, 0xDE76, 0xDE76, 0xEED7, 0xA512, 0x92E4, 0xFD07, 0x7A64, 0x2104,
  0x2145, 0x2965, 0x2103, 0xAB44, 0xA324, 0x7A01, 0x0020, 0x0021, 0x0021, 0x0021, 0x0021, 0x0021,
  0x0021, 0x0021, 0x0021, 0x0021, 0x0021, 0x0021, 0x0021, 0x0021, 0x0021, 0x0021, 0x0021, 0x0021,
  0x0021, 0x0021, 0x0021, 0x0021, 0x0021, 0x0021, 0x0021, 0x0021, 0x0021, 0x0021, 0x0021, 0x0021,
  0x0021, 0x0021, 0x0021, 0x0021, 0x0021, 0x0021, 0x0021, 0x0021, 0x0021, 0x0021, 0x0021, 0x0021,
  0x0021, 0x0021, 0x0021, 0x0021, 0x0021, 0x0021, 0x0021, 0x0021, 0x0021, 0x0021, 0x0021, 0x0021,
  0x0021, 0x0021, 0x0020, 0x0840, 0xC3E7, 0xE4A8, 0x59C2, 0x18E3, 0x2965, 0x2945, 0x2125, 0x69C1,
  0x8BCB, 0xBD72, 0xDE55, 0xDE76, 0xDE76, 0xDE76, 0xDE76, 0xDE76, 0xDE76, 0xDE76, 0xDE76, 0xDE76,
  0xDE76, 0xDE76, 0xDE76, 0xDE56, 0xDE76, 0xDE76, 0xDE76, 0xDE76, 0xDE76, 0xDE76, 0xDE76, 0xDE76,
  0xDE76, 0xDE76, 0xDE76, 0xDE76, 0xDE76, 0xDE76, 0xDE76, 0xDE76, 0xDE76, 0xDE76, 0xDE76, 0xDE76,
  0xDE76, 0xDE76, 0xDE76, 0xDE76, 0xDE76, 0xDE76, 0xDE76, 0xDE76, 0xDE76, 0xDE76, 0xE696, 0xEED7,
  0xE696, 0xCDF4, 0xACF0, 0x8C0D, 0x83AC, 0x7B6B, 0x8BCB, 0xA46E, 0xACCF, 0xB4EF, 0xACD0, 0x9C6E,
  0x944E, 0x9CAF, 0x9C8F, 0xAD11, 0xCDD3, 0xDE35, 0x7B8B, 0x62A8, 0x4A06, 0x8BED, 0xB531, 0xCE14,
  0xDE76, 0xDE76, 0xDE76, 0xDE76, 0xDE76, 0xDE76, 0xDE76, 0xDE76, 0xDE76, 0xE696, 0xC5B4, 0x9B67,
  0xD446, 0x7A83, 0x3123, 0x2965, 0x2965, 0x10E4, 0x7A43, 0xB3A5, 0x8A62, 0x20A1, 0x0000, 0x0021,
  0x0021, 0x0021, 0x0021, 0x0021, 0x0021, 0x0021, 0x0021, 0x0021, 0x0021, 0x0021, 0x0021, 0x0021,
  0x0021, 0x0021, 0x0021, 0x0021, 0x0021, 0x0021, 0x0021, 0x0021, 0x0021, 0x0021, 0x0021, 0x0021,
  0x0021, 0x0021, 0x0021, 0x0021, 0x0021, 0x0021, 0x0021, 0x0021, 0x0021, 0x0021, 0x0021, 0x0021,
  0x0021, 0x0021, 0x0021, 0x0021, 0x0021, 0x0021, 0x0021, 0x0021, 0x0021, 0x0021, 0x0021, 0x0021,
  0x0021, 0x0021, 0x0021, 0x0021, 0x0021, 0x0041, 0x0000, 0x6A03, 0xDC66, 0x7A83, 0x61C2, 0x2144,
  0x2945, 0x1925, 0x4962, 0x8B27, 0xB551, 0xCDF4, 0xDE76, 0xDE76, 0xDE76, 0xDE76, 0xDE76, 0xDE76,
  0xDE76, 0xDE76, 0xDE76, 0xDE76, 0xDE76, 0xDE76, 0xDE76, 0xDE76, 0xDE76, 0xDE76, 0xDE76, 0xDE76,
  0xDE76, 0xDE76, 0xDE76, 0xDE76, 0xDE76, 0xDE76, 0xDE76, 0xDE76, 0xDE76, 0xDE76, 0xDE76, 0xDE76,
  0xDE76, 0xDE76, 0xDE76, 0xDE76, 0xDE76, 0xDE76, 0xDE76, 0xDE76, 0xDE76, 0xDE76, 0xDE76, 0xDE76,
  0xDE76, 0xDE76, 0xDE76, 0xDE56, 0xDE76, 0xE696, 0xE6B7, 0xE6B7, 0xD635, 0xBD93, 0x9C6F, 0x83CC,
  0x7B8B, 0x838B, 0x940D, 0xA48E, 0xACCF, 0xBD30, 0x7B6B, 0x7B8B, 0x83EC, 0x946F, 0x736B, 0x62C8,
  0x5A88, 0xB510, 0xC592, 0xDE96, 0xDE76, 0xDE76, 0xDE76, 0xDE76, 0xDE76, 0xDE76, 0xDE76, 0xDE76,
  0xDE56, 0xEEF8, 0x8BCC, 0x9B03, 0xCC68, 0x61C2, 0x2103, 0x2965, 0x2145, 0x4143, 0xC3A5, 0x92C3,
  0x5981, 0x0000, 0x0021, 0x0021, 0x0021, 0x0021, 0x0021, 0x0021, 0x0021, 0x0021, 0x0021, 0x0021,
  0x0021, 0x0021, 0x0021, 0x0021, 0x0021, 0x0021, 0x0021, 0x0021, 0x0021, 0x0021, 0x0021, 0x0021,
  0x0021, 0x0021, 0x0021, 0x0021, 0x0021, 0x0021, 0x0021, 0x0021, 0x0021, 0x0021, 0x0021, 0x0021,
  0x0021, 0x0021, 0x0021, 0x0021, 0x0021, 0x0021, 0x0021, 0x0021, 0x0021, 0x0021, 0x0021, 0x0021,
  0x0021, 0x0021, 0x0021, 0x0021, 0x0021, 0x0021, 0x0021, 0x0021, 0x0041, 0x0000, 0x2903, 0xFD08,
  0xD426, 0x4941, 0x59A2, 0x2125, 0x2145, 0x3143, 0x7A63, 0xA4CF, 0xCDD3, 0xDE76, 0xDE76, 0xDE76,
  0xDE76, 0xDE76, 0xDE76, 0xDE76, 0xDE76, 0xDE76, 0xDE76, 0xDE76, 0xDE76, 0xDE76, 0xDE76, 0xDE76,
  0xDE76, 0xDE76, 0xDE76, 0xDE76, 0xDE76, 0xDE76, 0xDE76, 0xDE76, 0xDE76, 0xDE76, 0xDE76, 0xDE76,
  0xDE76, 0xDE76, 0xDE76, 0xDE76, 0xDE76, 0xDE76, 0xDE76, 0xDE76, 0xDE76, 0xDE76, 0xDE76, 0xDE76,
  0xDE76, 0xDE76, 0xDE76, 0xDE76, 0xDE76, 0xDE76, 0xDE76, 0xDE76, 0xDE76, 0xDE76, 0xDE56, 0xDE56,
  0xDE76, 0xE697, 0xE6B7, 0xE696, 0xCE14, 0xB531, 0x944E, 0x83AC, 0x7B8B, 0x8BCC, 0x732A, 0xACAE,
  0xACAF, 0x9C6E, 0x734A, 0x5A87, 0x942D, 0xBD72, 0xDE56, 0xDE76, 0xDE76, 0xDE76, 0xDE76, 0xDE76,
  0xDE76, 0xDE76, 0xDE76, 0xDE76, 0xE696, 0xC5D5, 0xA3A8, 0xFCE6, 0x7A22, 0x5981, 0x2145, 0x2965,
  0x18E4, 0xA304, 0xAB44, 0x7A01, 0x0840, 0x0021, 0x0021, 0x0021, 0x0021, 0x0021, 0x0021, 0x0021,
  0x0021, 0x0021, 0x0021, 0x0021, 0x0021, 0x0021, 0x0021, 0x0021, 0x0021, 0x0021, 0x0021, 0x0021,
  0x0021, 0x0021, 0x0021, 0x0021, 0x0021, 0x0021, 0x0021, 0x0021, 0x0021, 0x0021, 0x0021, 0x0021,
  0x0021, 0x0021, 0x0021, 0x0021, 0x0021, 0x0021, 0x0021, 0x0021, 0x0021, 0x0021, 0x0021, 0x0021,
  0x0021, 0x0021, 0x0021, 0x0021, 0x0021, 0x0021, 0x0021, 0x0021, 0x0021, 0x0021, 0x0021, 0x0021,
  0x0021, 0x0021, 0xC406, 0xF528, 0x6204, 0x2902, 0x61A2, 0x2125, 0x2124, 0x69E2, 0x942D, 0xBD92,
  0xDE56, 0xDE76, 0xDE76, 0xDE76, 0xDE76, 0xDE76, 0xDE76, 0xDE76, 0xDE76, 0xDE76, 0xDE76, 0xDE76,
  0xDE76, 0xDE76, 0xDE76, 0xDE76, 0xDE76, 0xDE76, 0xDE76, 0xDE76, 0xDE76, 0xDE76, 0xDE76, 0xDE76,
  0xDE76, 0xDE76, 0xDE76, 0xDE76, 0xDE76, 0xDE76, 0xDE76, 0xDE76, 0xDE76, 0xDE76, 0xDE76, 0xDE76,
  0xDE76, 0xDE76, 0xDE76, 0xDE76, 0xDE76, 0xDE76, 0xDE76, 0xDE76, 0xDE76, 0xDE76, 0xDE76, 0xDE76,
  0xDE76, 0xDE76, 0xDE76, 0xDE76, 0xDE76, 0xDE76, 0xDE56, 0xDE76, 0xDE76, 0xE6B7, 0xE6B7, 0xDE76,
  0xC5B3, 0xACF0, 0x7B6B, 0x83AB, 0x8BEC, 0xA46D, 0x5A87, 0x6B2A, 0xBD51, 0xCDF4, 0xDE76, 0xDE76,
  0xDE76, 0xDE76, 0xDE76, 0xDE76, 0xDE76, 0xDE76, 0xDE76, 0xDE76, 0xE6B7, 0x83CB, 0xF4C7, 0xD447,
  0x4141, 0x5182, 0x2145, 0x1925, 0x61E3, 0xBBA5, 0x9282, 0x38E1, 0x0000, 0x0021, 0x0021, 0x0021,
  0x0021, 0x0021, 0x0021, 0x0021, 0x0021, 0x0021, 0x0021, 0x0021, 0x0021, 0x0021, 0x0021, 0x0021,
  0x0021, 0x0021, 0x0021, 0x0021, 0x0021, 0x0021, 0x0021, 0x0021, 0x0021, 0x0021, 0x0021, 0x0021,
  0x0021, 0x0021, 0x0021, 0x0021, 0x0021, 0x0021, 0x0021, 0x0021, 0x0021, 0x0021, 0x0021, 0x0021,
  0x0021, 0x0021, 0x0021, 0x0021, 0x0021, 0x0021, 0x0021, 0x0021, 0x0021, 0x0021, 0x0021, 0x0021,
  0x0021, 0x0021, 0x0021, 0x0041, 0x0000, 0x7AA5, 0xFD48, 0x92C4, 0x20E2, 0x3963, 0x69E2, 0x1924,
  0x5161, 0x8348, 0xB551, 0xD614, 0xDE76, 0xDE76, 0xDE76, 0xDE76, 0xDE76, 0xDE76, 0xDE76, 0xDE76,
  0xDE76, 0xDE76, 0xDE76, 0xDE76, 0xDE76, 0xDE76, 0xDE76, 0xDE76, 0xDE76, 0xDE76, 0xDE76, 0xDE76,
  0xDE76, 0xDE76, 0xDE76, 0xDE76, 0xDE76, 0xDE76, 0xDE76, 0xDE76, 0xDE76, 0xDE76, 0xDE76, 0xDE76,
  0xDE76, 0xDE76, 0xDE76, 0xDE76, 0xDE76, 0xDE76, 0xDE76, 0xDE76, 0xDE76, 0xDE76, 0xDE76, 0xDE76,
  0xDE76, 0xDE76, 0xDE76, 0xDE76, 0xDE76, 0xDE76, 0xDE76, 0xDE76, 0xDE76, 0xDE76, 0xDE76, 0xDE76,
  0xDE76, 0xDE76, 0xDE56, 0xDE76, 0xE697, 0xE6B7, 0xE696, 0xCDD4, 0xAD11, 0x942E, 0x732A, 0xBD51,
  0xD635, 0xDE76, 0xDE76, 0xDE76, 0xDE76, 0xDE76, 0xDE76, 0xDE76, 0xDE76, 0xDE76, 0xDE56, 0xEED7,
  0xA4F1, 0xBBE6, 0xFD07, 0x6203, 0x3123, 0x61C2, 0x2125, 0x3123, 0xBB84, 0x9AE3, 0x69C1, 0x0000,
  0x0021, 0x0021, 0x0021, 0x0021, 0x0021, 0x0021, 0x0021, 0x0021, 0x0021, 0x0021, 0x0021, 0x0021,
  0x0021, 0x0021, 0x0021, 0x0021, 0x0021, 0x0021, 0x0021, 0x0021, 0x0021, 0x0021, 0x0021, 0x0021,
  0x0021, 0x0021, 0x0021, 0x0021, 0x0021, 0x0021, 0x0021, 0x0021, 0x0021, 0x0021, 0x0021, 0x0021,
  0x0021, 0x0021, 0x0021, 0x0021, 0x0021, 0x0021, 0x0021, 0x0021, 0x0021, 0x0021, 0x0021, 0x0021,
  0x0021, 0x0021, 0x0021, 0x0021, 0x0021, 0x0021, 0x0041, 0x0000, 0x3143, 0xFD48, 0xC3E6, 0x3942,
  0x1925, 0x3143, 0x59A2, 0x3102, 0x7A84, 0xACF0, 0xCDD3, 0xDE96, 0xDE76, 0xDE76, 0xDE76, 0xDE76,
  0xDE76, 0xDE76, 0xDE76, 0xDE76, 0xDE76, 0xDE76, 0xDE76, 0xDE76, 0xDE76, 0xDE76, 0xDE76, 0xDE76,
  0xDE76, 0xDE76, 0xDE76, 0xDE76, 0xDE76, 0xDE76, 0xDE76, 0xDE76, 0xDE76, 0xDE76, 0xDE76, 0xDE76,
  0xDE76, 0xDE76, 0xDE76, 0xDE76, 0xDE76, 0xDE76, 0xDE76, 0xDE76, 0xDE76, 0xDE76, 0xDE76, 0xDE76,
  0xDE76, 0xDE76, 0xDE76, 0xDE76, 0xDE76, 0xDE76, 0xDE76, 0xDE76, 0xDE76, 0xDE76, 0xDE76, 0xDE76,
  0xDE76, 0xDE76, 0xDE76, 0xDE76, 0xDE76, 0xDE76, 0xDE76, 0xDE76, 0xDE76, 0xDE76, 0xDE76, 0xE696,
  0xE6B7, 0xE6B7, 0xE696, 0xDE55, 0xDE55, 0xD615, 0xD635, 0xDE55, 0xDE76, 0xDE96, 0xDE96, 0xDE76,
  0xDE76, 0xDE76, 0xE696, 0xCE15, 0x8B69, 0xFD27, 0x9B05, 0x20C2, 0x3963, 0x61C2, 0x10E4, 0x92A3,
  0xAB64, 0x8A21, 0x1060, 0x0021, 0x0021, 0x0021, 0x0021, 0x0021, 0x0021, 0x0021, 0x0021, 0x0021,
  0x0021, 0x0021, 0x0021, 0x0021, 0x0021, 0x0021, 0x0021, 0x0021, 0x0021, 0x0021, 0x0021, 0x0021,
  0x0021, 0x0021, 0x0021, 0x0021, 0x0021, 0x0021, 0x0021, 0x0021, 0x0021, 0x0021, 0x0021, 0x0021,
  0x0021, 0x0021, 0x0021, 0x0021, 0x0021, 0x0021, 0x0021, 0x0021, 0x0021, 0x0021, 0x0021, 0x0021,
  0x0021, 0x0021, 0x0021, 0x0021, 0x0021, 0x0021, 0x0021, 0x0021, 0x0021, 0x0021, 0x0020, 0x0841,
  0xD447, 0xF4E8, 0x59C3, 0x2124, 0x2145, 0x3144, 0x71E2, 0x69E2, 0x9C6E, 0xC5B2, 0xDE76, 0xDE76,
  0xDE76, 0xDE76, 0xDE76, 0xDE76, 0xDE76, 0xDE76, 0xDE76, 0xDE76, 0xDE76, 0xDE76, 0xDE76, 0xDE76,
  0xDE76, 0xDE76, 0xDE76, 0xDE76, 0xDE76, 0xDE76, 0xDE76, 0xDE76, 0xDE76, 0xDE76, 0xDE76, 0xDE76,
  0xDE76, 0xDE76, 0xDE76, 0xDE76, 0xDE76, 0xDE76, 0xDE76, 0xDE76, 0xDE76, 0xDE76, 0xDE76, 0xDE76,
  0xDE76, 0xDE76, 0xDE76, 0xDE76, 0xDE76, 0xDE76, 0xDE76, 0xDE76, 0xDE76, 0xDE76, 0xDE76, 0xDE76,
  0xDE76, 0xDE76, 0xDE76, 0xDE76, 0xDE76, 0xDE76, 0xDE76, 0xDE76, 0xDE76, 0xDE76, 0xDE76, 0xDE76,
  0xDE76, 0xDE76, 0xDE76, 0xDE76, 0xDE56, 0xDE56, 0xDE76, 0xDE76, 0xDE76, 0xDE76, 0xDE55, 0xD635,
  0xD635, 0xD635, 0xDE55, 0xDE76, 0xDE76, 0xDE76, 0xEED8, 0x8C0D, 0xE466, 0xE487, 0x4162, 0x1925,
  0x3164, 0x5182, 0x4162, 0xBBC5, 0x92A2, 0x4921, 0x0000, 0x0021, 0x0021, 0x0021, 0x0021, 0x0021,
  0x0021, 0x0021, 0x0021, 0x0021, 0x0021, 0x0021, 0x0021, 0x0021, 0x0021, 0x0021, 0x0021, 0x0021,
  0x0021, 0x0021, 0x0021, 0x0021, 0x0021, 0x0021, 0x0021, 0x0021, 0x0021, 0x0021, 0x0021, 0x0021,
  0x0021, 0x0021, 0x0021, 0x0021, 0x0021, 0x0021, 0x0021, 0x0021, 0x0021, 0x0021, 0x0021, 0x0021,
  0x0021, 0x0021, 0x0021, 0x0021, 0x0021, 0x0021, 0x0021, 0x0021, 0x0021, 0x0021, 0x0021, 0x0021,
  0x0021, 0x0041, 0x0000, 0x8B05, 0xFD48, 0x8AA4, 0x2103, 0x2145, 0x2945, 0x3144, 0x5140, 0x7B4A,
  0xBD51, 0xD635, 0xDE76, 0xDE76, 0xDE76, 0xDE76, 0xDE76, 0xDE76, 0xDE76, 0xDE76, 0xDE76, 0xDE76,
  0xDE76, 0xDE76, 0xDE76, 0xDE76, 0xDE76, 0xDE76, 0xDE76, 0xDE76, 0xDE76, 0xDE76, 0xDE76, 0xDE76,
  0xDE76, 0xDE76, 0xDE76, 0xDE76, 0xDE76, 0xDE76, 0xDE76, 0xDE76, 0xDE76, 0xDE76, 0xDE76, 0xDE76,
  0xDE76, 0xDE76, 0xDE76, 0xDE76, 0xDE76, 0xDE76, 0xDE76, 0xDE76, 0xDE76, 0xDE76, 0xDE76, 0xDE76,
  0xDE76, 0xDE76, 0xDE76, 0xDE76, 0xDE76, 0xDE76, 0xDE76, 0xDE76, 0xDE76, 0xDE76, 0xDE76, 0xDE55,
  0xDE76, 0xDE76, 0xDE76, 0xDE76, 0xDE76, 0xDE76, 0xDE76, 0xDE76, 0xDE76, 0xDE76, 0xDE76, 0xDE76,
  0xDE76, 0xDE76, 0xDE76, 0xDE76, 0xDE76, 0xDE76, 0xDE55, 0xD655, 0xD635, 0xE696, 0xAD32, 0xABA7,
  0xFD27, 0x7243, 0x2104, 0x2145, 0x3164, 0x61A1, 0xA324, 0xA324, 0x7A01, 0x0000, 0x0021, 0x0021,
  0x0021, 0x0021, 0x0021, 0x0021, 0x0021, 0x0021, 0x0021, 0x0021, 0x0021, 0x0021, 0x0021, 0x0021,
  0x0021, 0x0021, 0x0021, 0x0021, 0x0021, 0x0021, 0x0021, 0x0021, 0x0021, 0x0021, 0x0021, 0x0021,
  0x0021, 0x0021, 0x0021, 0x0021, 0x0021, 0x0021, 0x0021, 0x0021, 0x0021, 0x0021, 0x0021, 0x0021,
  0x0021, 0x0021, 0x0021, 0x0021, 0x0021, 0x0021, 0x0021, 0x0021, 0x0021, 0x0021, 0x0021, 0x0021,
  0x0021, 0x0021, 0x0021, 0x0021, 0x0841, 0x0000, 0x4183, 0xFD48, 0xBBA6, 0x3102, 0x2145, 0x2945,
  0x2124, 0x3921, 0x6A65, 0xB531, 0xCDF4, 0xDE76, 0xDE76, 0xDE76, 0xDE76, 0xDE76, 0xDE76, 0xDE76,
  0xDE76, 0xDE76, 0xDE76, 0xDE76, 0xDE76, 0xDE76, 0xDE76, 0xDE76, 0xDE76, 0xDE76, 0xDE76, 0xDE76,
  0xDE76, 0xDE76, 0xDE76, 0xDE76, 0xDE76, 0xDE76, 0xDE76, 0xDE76, 0xDE76, 0xDE76, 0xDE76, 0xDE76,
  0xDE76, 0xDE76, 0xDE76, 0xDE76, 0xDE76, 0xDE76, 0xDE76, 0xDE76, 0xDE76, 0xDE76, 0xDE76, 0xDE76,
  0xDE76, 0xDE76, 0xDE76, 0xDE76, 0xDE76, 0xDE76, 0xDE76, 0xDE76, 0xDE76, 0xDE76, 0xDE76, 0xDE76,
  0xDE76, 0xDE76, 0xDE76, 0xDE76, 0xDE76, 0xDE76, 0xDE76, 0xDE76, 0xDE76, 0xDE76, 0xDE76, 0xDE76,
  0xDE76, 0xDE76, 0xDE76, 0xDE76, 0xDE76, 0xDE76, 0xDE76, 0xDE76, 0xDE76, 0xDE76, 0xDE96, 0xDE76,
  0xDE76, 0xD656, 0x8B89, 0xFD27, 0xB3C6, 0x28E2, 0x2145, 0x2965, 0x2923, 0x7A22, 0xAB65, 0x9262,
  0x20A0, 0x0000, 0x0021, 0x0021, 0x0021, 0x0021, 0x0021, 0x0021, 0x0021, 0x0021, 0x0021, 0x0021,
  0x0021, 0x0021, 0x0021, 0x0021, 0x0021, 0x0021, 0x0021, 0x0021, 0x0021, 0x0021, 0x0021, 0x0021,
  0x0021, 0x0021, 0x0021, 0x0021, 0x0021, 0x0021, 0x0021, 0x0021, 0x0021, 0x0021, 0x0021, 0x0021,
  0x0021, 0x0021, 0x0021, 0x0021, 0x0021, 0x0021, 0x0021, 0x0021, 0x0021, 0x0021, 0x0021, 0x0021,
  0x0021, 0x0021, 0x0021, 0x0021, 0x0021, 0x0021, 0x0021, 0x0021, 0x0000, 0x1081, 0xE4A7, 0xECC7,
  0x51A3, 0x2104, 0x2945, 0x2145, 0x2923, 0x7223, 0x9C8E, 0xC592, 0xDE76, 0xDE76, 0xDE76, 0xDE76,
  0xDE76, 0xDE76, 0xDE76, 0xDE76, 0xDE76, 0xDE76, 0xDE76, 0xDE76, 0xDE76, 0xDE76, 0xDE55, 0xDE76,
  0xDE76, 0xDE76, 0xDE76, 0xDE76, 0xDE76, 0xDE76, 0xDE76, 0xDE76, 0xDE76, 0xDE76, 0xDE76, 0xDE76,
  0xDE76, 0xDE76, 0xDE76, 0xDE76, 0xDE76, 0xDE76, 0xDE76, 0xDE76, 0xDE76, 0xDE76, 0xDE76, 0xDE76,
  0xDE76, 0xDE76, 0xDE76, 0xDE76, 0xDE76, 0xDE76, 0xDE76, 0xDE76, 0xDE76, 0xDE76, 0xDE76, 0xDE76,
  0xDE76, 0xDE76, 0xDE76, 0xDE76, 0xDE76, 0xDE76, 0xDE76, 0xDE76, 0xDE76, 0xDE76, 0xDE76, 0xDE76,
  0xDE76, 0xDE76, 0xDE76, 0xDE76, 0xDE76, 0xDE76, 0xDE76, 0xDE76, 0xDE76, 0xDE76, 0xDE76, 0xDE76,
  0xDE76, 0xDE76, 0xDE76, 0xDE56, 0xEED7, 0x9CB0, 0xD426, 0xECC7, 0x4983, 0x1904, 0x2945, 0x2145,
  0x4142, 0xAB85, 0x9AE3, 0x5961, 0x0000, 0x0021, 0x0021, 0x0021, 0x0021, 0x0021, 0x0021, 0x0021,
  0x0021, 0x0021, 0x0021, 0x0021, 0x0021, 0x0021, 0x0021, 0x0021, 0x0021, 0x0021, 0x0021, 0x0021,
  0x0021, 0x0021, 0x0021, 0x0021, 0x0021, 0x0021, 0x0021, 0x0021, 0x0021, 0x0021, 0x0021, 0x0021,
  0x0021, 0x0021, 0x0021, 0x0021, 0x0021, 0x0021, 0x0021, 0x0021, 0x0021, 0x0021, 0x0021, 0x0021,
  0x0021, 0x0021, 0x0021, 0x0021, 0x0021, 0x0021, 0x0021, 0x0021, 0x0021, 0x0021, 0x0021, 0x0021,
  0x1881, 0x82A4, 0xDC66, 0x7A63, 0x2103, 0x2945, 0x2945, 0x2125, 0x61A1, 0x8BAA, 0xBD72, 0xD635,
  0xDE76, 0xDE76, 0xDE76, 0xDE76, 0xDE76, 0xDE76, 0xDE76, 0xDE76, 0xDE76, 0xDE76, 0xDE76, 0xDE76,
  0xDE76, 0xDE76, 0xDE76, 0xDE76, 0xDE76, 0xDE76, 0xDE76, 0xDE76, 0xDE76, 0xDE76, 0xDE76, 0xDE76,
  0xDE76, 0xDE76, 0xDE76, 0xDE76, 0xDE76, 0xDE76, 0xDE76, 0xDE76, 0xDE76, 0xDE76, 0xDE76, 0xDE76,
  0xDE76, 0xDE76, 0xDE76, 0xDE76, 0xDE76, 0xDE76, 0xDE76, 0xDE76, 0xDE76, 0xDE76, 0xDE76, 0xDE76,
  0xDE76, 0xDE76, 0xDE76, 0xDE76, 0xDE76, 0xDE76, 0xDE76, 0xDE76, 0xDE76, 0xDE76, 0xDE76, 0xDE76,
  0xDE76, 0xDE76, 0xDE76, 0xDE76, 0xDE76, 0xDE76, 0xDE76, 0xDE76, 0xDE76, 0xDE76, 0xDE76, 0xDE76,
  0xDE76, 0xDE76, 0xDE76, 0xDE76, 0xDE76, 0xDE76, 0xDE76, 0xE6B7, 0xBDB4, 0x9B87, 0xFD48, 0x82A4,
  0x20E3, 0x2945, 0x2945, 0x18E4, 0xA304, 0xA344, 0x8221, 0x0840, 0x0021, 0x0021, 0x0021, 0x0021,
  0x0021, 0x0021, 0x0021, 0x0021, 0x0021, 0x0021, 0x0021, 0x0021, 0x0021, 0x0021, 0x0021, 0x0021,
  0x0021, 0x0021, 0x0021, 0x0021, 0x0021, 0x0021, 0x0021, 0x0021, 0x0021, 0x0021, 0x0021, 0x0021,
  0x0021, 0x0021, 0x0021, 0x0021, 0x0021, 0x0021, 0x0021, 0x0021, 0x0021, 0x0021, 0x0021, 0x0021,
  0x0021, 0x0021, 0x0021, 0x0021, 0x0021, 0x0021, 0x0021, 0x0021, 0x0021, 0x0021, 0x0021, 0x0021,
  0x0021, 0x0021, 0x0041, 0x0000, 0x82C5, 0xED28, 0x82A4, 0x20C2, 0x2945, 0x2945, 0x1925, 0x4962,
  0x8307, 0xAD11, 0xCDF4, 0xDE76, 0xDE76, 0xDE76, 0xDE76, 0xDE76, 0xDE76, 0xDE76, 0xDE76, 0xDE76,
  0xDE76, 0xDE76, 0xDE76, 0xDE76, 0xDE76, 0xDE76, 0xDE76, 0xDE76, 0xDE76, 0xDE76, 0xDE76, 0xDE76,
  0xDE76, 0xDE76, 0xDE76, 0xDE76, 0xDE76, 0xDE76, 0xDE76, 0xDE76, 0xDE76, 0xDE76, 0xDE76, 0xDE76,
  0xDE76, 0xDE76, 0xDE76, 0xDE76, 0xDE76, 0xDE76, 0xDE76, 0xDE76, 0xDE76, 0xDE76, 0xDE76, 0xDE76,
  0xDE76, 0xDE76, 0xDE76, 0xDE76, 0xDE76, 0xDE76, 0xDE76, 0xDE76, 0xDE76, 0xDE76, 0xDE76, 0xDE76,
  0xDE76, 0xDE76, 0xDE76, 0xDE76, 0xDE76, 0xDE76, 0xDE76, 0xDE76, 0xDE76, 0xDE76, 0xDE76, 0xDE76,
  0xDE76, 0xDE76, 0xDE76, 0xDE76, 0xDE76, 0xDE76, 0xDE76, 0xDE76, 0xDE76, 0xDE76, 0xDE76, 0xE6B7,
  0x8BCC, 0xF4C7, 0xCC07, 0x3122, 0x2125, 0x2945, 0x1905, 0x6A03, 0xB385, 0x9262, 0x3901, 0x0000,
  0x0021, 0x0021, 0x0021, 0x0021, 0x0021, 0x0021, 0x0021, 0x0021, 0x0021, 0x0021, 0x0021, 0x0021,
  0x0021, 0x0021, 0x0021, 0x0021, 0x0021, 0x0021, 0x0021, 0x0021, 0x0021, 0x0021, 0x0021, 0x0021,
  0x0021, 0x0021, 0x0021, 0x0021, 0x0021, 0x0021, 0x0021, 0x0021, 0x0021, 0x0021, 0x0021, 0x0021,
  0x0021, 0x0021, 0x0021, 0x0021, 0x0021, 0x0021, 0x0021, 0x0021, 0x0021, 0x0021, 0x0021, 0x0021,
  0x0021, 0x0021, 0x0021, 0x0021, 0x0021, 0x0021, 0x0000, 0x18A1, 0xC3C5, 0x9B25, 0x7222, 0x3123,
  0x2945, 0x2145, 0x3123, 0x7A43, 0x9C8F, 0xC5B3, 0xDE76, 0xDE76, 0xDE76, 0xDE76, 0xDE76, 0xDE76,
  0xDE76, 0xDE76, 0xDE76, 0xDE76, 0xDE76, 0xDE76, 0xDE76, 0xDE76, 0xDE76, 0xDE76, 0xDE76, 0xDE76,
  0xDE76, 0xDE76, 0xDE76, 0xDE76, 0xDE76, 0xDE76, 0xDE76, 0xDE76, 0xDE76, 0xDE76, 0xDE76, 0xDE76,
  0xDE76, 0xDE76, 0xDE76, 0xDE76, 0xDE76, 0xDE76, 0xDE76, 0xDE76, 0xDE76, 0xDE76, 0xDE76, 0xDE76,
  0xDE76, 0xDE76, 0xDE76, 0xDE76, 0xDE76, 0xDE76, 0xDE76, 0xDE76, 0xDE76, 0xDE76, 0xDE76, 0xDE76,
  0xDE76, 0xDE76, 0xDE76, 0xDE76, 0xDE76, 0xDE76, 0xDE76, 0xDE76, 0xDE76, 0xDE76, 0xDE76, 0xDE76,
  0xDE76, 0xDE76, 0xDE76, 0xDE76, 0xDE76, 0xDE76, 0xDE76, 0xDE76, 0xDE76, 0xDE76, 0xDE76, 0xDE76,
  0xDE76, 0xDE76, 0xEEF8, 0x9490, 0xBBC6, 0xFD28, 0x51A2, 0x1904, 0x2945, 0x2145, 0x3123, 0xBB85,
  0x9AE3, 0x69C1, 0x0000, 0x0021, 0x0021, 0x0021, 0x0021, 0x0021, 0x0021, 0x0021, 0x0021, 0x0021,
  0x0021, 0x0021, 0x0021, 0x0021, 0x0021, 0x0021, 0x0021, 0x0021, 0x0021, 0x0021, 0x0021, 0x0021,
  0x0021, 0x0021, 0x0021, 0x0021, 0x0021, 0x0021, 0x0021, 0x0021, 0x0021, 0x0021, 0x0021, 0x0021,
  0x0021, 0x0021, 0x0021, 0x0021, 0x0021, 0x0021, 0x0021, 0x0021, 0x0021, 0x0021, 0x0021, 0x0021,
  0x0021, 0x0021, 0x0021, 0x0021, 0x0021, 0x0021, 0x0021, 0x0021, 0x0021, 0x0021, 0x0000, 0xB386,
  0xFD47, 0x7222, 0x6181, 0x2944, 0x2965, 0x2124, 0x61A1, 0x93EC, 0xBD72, 0xDE55, 0xDE76, 0xDE76,
  0xDE76, 0xDE76, 0xDE76, 0xDE76, 0xDE76, 0xDE76, 0xDE76, 0xDE76, 0xDE76, 0xDE76, 0xDE76, 0xDE76,
  0xDE76, 0xDE76, 0xDE76, 0xDE76, 0xDE76, 0xDE76, 0xDE76, 0xDE76, 0xDE76, 0xDE76, 0xDE76, 0xDE76,
  0xDE76, 0xDE76, 0xDE76, 0xDE76, 0xDE76, 0xDE76, 0xDE76, 0xDE76, 0xDE76, 0xDE76, 0xDE76, 0xDE76,
  0xDE76, 0xDE76, 0xDE76, 0xDE76, 0xDE76, 0xDE76, 0xDE76, 0xDE76, 0xDE76, 0xDE76, 0xDE76, 0xDE76,
  0xDE76, 0xDE76, 0xDE76, 0xDE76, 0xDE76, 0xDE76, 0xDE76, 0xDE76, 0xDE76, 0xDE76, 0xDE76, 0xDE76,
  0xDE76, 0xDE76, 0xDE76, 0xDE76, 0xDE76, 0xDE76, 0xDE76, 0xDE76, 0xDE76, 0xDE76, 0xDE76, 0xDE76,
  0xDE76, 0xDE76, 0xDE76, 0xDE76, 0xDE76, 0xE6B7, 0xBD72, 0x92E5, 0xCBE5, 0x8283, 0x2103, 0x2145,
  0x2945, 0x10E4, 0x92C3, 0xB365, 0x8A62, 0x1060, 0x0021, 0x0021, 0x0021, 0x0021, 0x0021, 0x0021,
  0x0021, 0x0021, 0x0021, 0x0021, 0x0021, 0x0021, 0x0021, 0x0021, 0x0021, 0x0021, 0x0021, 0x0021,
  0x0021, 0x0021, 0x0021, 0x0021, 0x0021, 0x0021, 0x0021, 0x0021, 0x0021, 0x0021, 0x0021, 0x0021,
  0x0021, 0x0021, 0x0021, 0x0021, 0x0021, 0x0021, 0x0021, 0x0021, 0x0021, 0x0021, 0x0021, 0x0021,
  0x0021, 0x0021, 0x0021, 0x0021, 0x0021, 0x0021, 0x0021, 0x0021, 0x0021, 0x0021, 0x0021, 0x0021,
  0x0041, 0x0000, 0x6204, 0xFD68, 0xA345, 0x20C2, 0x5981, 0x2923, 0x1946, 0x59A2, 0x8328, 0xB531,
  0xD614, 0xDE76, 0xDE76, 0xDE76, 0xDE76, 0xDE76, 0xDE76, 0xDE76, 0xDE76, 0xDE76, 0xDE76, 0xDE76,
  0xDE76, 0xDE76, 0xDE76, 0xDE76, 0xDE76, 0xDE76, 0xDE76, 0xDE76, 0xDE76, 0xDE76, 0xDE76, 0xDE76,
  0xDE76, 0xDE76, 0xDE76, 0xDE76, 0xDE76, 0xDE76, 0xDE76, 0xDE76, 0xDE76, 0xDE76, 0xDE76, 0xDE76,
  0xDE76, 0xDE76, 0xDE76, 0xDE76, 0xDE76, 0xDE76, 0xDE76, 0xDE76, 0xDE76, 0xDE76, 0xDE76, 0xDE76,
  0xDE76, 0xDE76, 0xDE76, 0xDE76, 0xDE76, 0xDE76, 0xDE76, 0xDE76, 0xDE76, 0xDE76, 0xDE76, 0xDE76,
  0xDE76, 0xDE76, 0xDE76, 0xDE76, 0xDE76, 0xDE76, 0xDE76, 0xDE76, 0xDE76, 0xDE76, 0xDE76, 0xDE76,
  0xDE76, 0xDE76, 0xDE76, 0xDE76, 0xDE76, 0xDE76, 0xDE76, 0xDE76, 0xDE76, 0xE6D7, 0x72E8, 0xC3A4,
  0xCC06, 0x3921, 0x2124, 0x2965, 0x1925, 0x5183, 0xC3A5, 0x92A2, 0x4941, 0x0000, 0x0021, 0x0021,
  0x0021, 0x0021, 0x0021, 0x0021, 0x0021, 0x0021, 0x0021, 0x0021, 0x0021, 0x0021, 0x0021, 0x0021,
  0x0021, 0x0021, 0x0021, 0x0021, 0x0021, 0x0021, 0x0021, 0x0021, 0x0021, 0x0021, 0x0021, 0x0021,
  0x0021, 0x0021, 0x0021, 0x0021, 0x0021, 0x0021, 0x0021, 0x0021, 0x0021, 0x0021, 0x0021, 0x0021,
  0x0021, 0x0021, 0x0021, 0x0021, 0x0021, 0x0021, 0x0021, 0x0021, 0x0021, 0x0021, 0x0021, 0x0021,
  0x0021, 0x0021, 0x0021, 0x0041, 0x0000, 0x20E2, 0xF4E7, 0xDC67, 0x4982, 0x2124, 0x61A1, 0x2103,
  0x3122, 0x7A84, 0xACF0, 0xCDD3, 0xDE76, 0xDE76, 0xDE76, 0xDE76, 0xDE76, 0xDE76, 0xDE76, 0xDE76,
  0xDE76, 0xDE76, 0xDE76, 0xDE76, 0xDE76, 0xDE76, 0xDE76, 0xDE76, 0xDE76, 0xDE76, 0xDE76, 0xDE76,
  0xDE76, 0xDE76, 0xDE76, 0xDE76, 0xDE76, 0xDE76, 0xDE76, 0xDE76, 0xDE76, 0xDE76, 0xDE76, 0xDE76,
  0xDE76, 0xDE76, 0xDE76, 0xDE76, 0xDE76, 0xDE76, 0xDE76, 0xDE76, 0xDE76, 0xDE76, 0xDE76, 0xDE76,
  0xDE76, 0xD635, 0xDE76, 0xDE76, 0xDE76, 0xDE76, 0xDE76, 0xDE76, 0xDE76, 0xDE76, 0xDE76, 0xDE76,
  0xDE76, 0xDE76, 0xDE76, 0xDE76, 0xDE76, 0xDE76, 0xDE76, 0xDE76, 0xDE76, 0xDE76, 0xDE76, 0xDE76,
  0xDE76, 0xDE76, 0xDE76, 0xDE76, 0xDE76, 0xDE76, 0xDE76, 0xDE76, 0xDE76, 0xDE76, 0xDE76, 0xDE76,
  0xEEB7, 0xB573, 0xABA7, 0xE4A6, 0x61E2, 0x4962, 0x2125, 0x2965, 0x2104, 0xB364, 0x9B04, 0x71E1,
  0x0020, 0x0021, 0x0021, 0x0021, 0x0021, 0x0021, 0x0021, 0x0021, 0x0021, 0x0021, 0x0021, 0x0021,
  0x0021, 0x0021, 0x0021, 0x0021, 0x0021, 0x0021, 0x0021, 0x0021, 0x0021, 0x0021, 0x0021, 0x0021,
  0x0021, 0x0021, 0x0021, 0x0021, 0x0021, 0x0021, 0x0021, 0x0021, 0x0021, 0x0021, 0x0021, 0x0021,
  0x0021, 0x0021, 0x0021, 0x0021, 0x0021, 0x0021, 0x0021, 0x0021, 0x0021, 0x0021, 0x0021, 0x0021,
  0x0021, 0x0021, 0x0021, 0x0021, 0x0021, 0x0021, 0x0021, 0x0021, 0x0021, 0xC3E7, 0xFD08, 0x6203,
  0x2124, 0x2965, 0x69C1, 0x2902, 0x61C2, 0x940D, 0xC592, 0xDE76, 0xDE76, 0xDE76, 0xDE76, 0xDE76,
  0xDE76, 0xDE76, 0xDE76, 0xDE76, 0xDE76, 0xDE76, 0xDE76, 0xDE76, 0xDE76, 0xDE76, 0xDE76, 0xDE76,
  0xDE76, 0xDE76, 0xDE76, 0xDE76, 0xDE76, 0xDE76, 0xDE76, 0xDE76, 0xDE76, 0xDE76, 0xDE76, 0xDE76,
  0xDE76, 0xDE76, 0xDE76, 0xDE76, 0xDE76, 0xDE76, 0xDE76, 0xDE76, 0xDE76, 0xDE76, 0xDE76, 0xDE76,
  0xDE76, 0xDE76, 0xDE76, 0xDE76, 0xDE76, 0xDE76, 0xDE76, 0xDE76, 0xDE76, 0xDE76, 0xDE76, 0xDE76,
  0xDE76, 0xDE76, 0xDE76, 0xDE76, 0xDE76, 0xDE76, 0xDE76, 0xDE76, 0xDE76, 0xDE76, 0xDE76, 0xDE76,
  0xDE76, 0xDE76, 0xDE76, 0xDE76, 0xDE76, 0xDE76, 0xDE76, 0xDE76, 0xDE76, 0xDE76, 0xDE76, 0xDE76,
  0xDE76, 0xDE76, 0xDE76, 0xDE76, 0xDE77, 0x838A, 0xFCE7, 0xBBC6, 0x5961, 0x4962, 0x2145, 0x1904,
  0x8263, 0xBBC5, 0x9262, 0x20A1, 0x0000, 0x0021, 0x0021, 0x0021, 0x0021, 0x0021, 0x0021, 0x0021,
  0x0021, 0x0021, 0x0021, 0x0021, 0x0021, 0x0021, 0x0021, 0x0021, 0x0021, 0x0021, 0x0021, 0x0021,
  0x0021, 0x0021, 0x0021, 0x0021, 0x0021, 0x0021, 0x0021, 0x0021, 0x0021, 0x0021, 0x0021, 0x0021,
  0x0021, 0x0021, 0x0021, 0x0021, 0x0021, 0x0021, 0x0021, 0x0021, 0x0021, 0x0021, 0x0021, 0x0021,
  0x0021, 0x0021, 0x0021, 0x0021, 0x0021, 0x0021, 0x0021, 0x0021, 0x0021, 0x0021, 0x0041, 0x0000,
  0x7264, 0xFD68, 0x9AE4, 0x2903, 0x2145, 0x2124, 0x69C2, 0x5980, 0x8349, 0xB551, 0xD614, 0xDE76,
  0xDE76, 0xDE76, 0xDE76, 0xDE76, 0xDE76, 0xDE76, 0xDE76, 0xDE76, 0xDE76, 0xDE76, 0xDE76, 0xDE76,
  0xDE76, 0xDE76, 0xDE76, 0xDE76, 0xDE76, 0xDE76, 0xDE76, 0xDE76, 0xDE76, 0xDE76, 0xDE76, 0xDE76,
  0xDE76, 0xDE76, 0xDE76, 0xDE76, 0xDE76, 0xDE76, 0xDE76, 0xDE76, 0xDE76, 0xDE76, 0xDE76, 0xDE76,
  0xDE76, 0xDE76, 0xDE76, 0xDE76, 0xDE76, 0xDE76, 0xDE76, 0xDE76, 0xDE76, 0xDE76, 0xDE76, 0xDE76,
  0xDE76, 0xDE76, 0xDE76, 0xDE76, 0xDE76, 0xDE76, 0xDE76, 0xDE76, 0xDE76, 0xDE76, 0xDE76, 0xDE76,
  0xDE76, 0xDE76, 0xDE76, 0xDE76, 0xDE76, 0xDE76, 0xDE76, 0xDE76, 0xDE76, 0xDE76, 0xDE76, 0xDE76,
  0xDE76, 0xDE76, 0xDE76, 0xDE76, 0xDE76, 0xDE76, 0xDE76, 0xEED7, 0x946F, 0xD426, 0xF4E7, 0x49A3,
  0x4162, 0x5182, 0x1925, 0x4143, 0xBB84, 0x9AC3, 0x5981, 0x0000, 0x0021, 0x0021, 0x0021, 0x0021,
  0x0021, 0x0021, 0x0021, 0x0021, 0x0021, 0x0021, 0x0021, 0x0021, 0x0021, 0x0021, 0x0021, 0x0021,
  0x0021, 0x0021, 0x0021, 0x0021, 0x0021, 0x0021, 0x0021, 0x0021, 0x0021, 0x0021, 0x0021, 0x0021,
  0x0021, 0x0021, 0x0021, 0x0021, 0x0021, 0x0021, 0x0021, 0x0021, 0x0021, 0x0021, 0x0021, 0x0021,
  0x0021, 0x0021, 0x0021, 0x0021, 0x0021, 0x0021, 0x0021, 0x0021, 0x0021, 0x0021, 0x0021, 0x0021,
  0x0021, 0x0041, 0x0000, 0x2922, 0xFD28, 0xCC26, 0x3942, 0x2125, 0x2965, 0x2924, 0x4920, 0x6245,
  0xB531, 0xCDD3, 0xDE76, 0xDE76, 0xDE76, 0xDE76, 0xDE76, 0xDE76, 0xDE76, 0xDE76, 0xDE76, 0xDE76,
  0xDE76, 0xDE76, 0xDE76, 0xDE76, 0xDE76, 0xDE76, 0xDE76, 0xDE76, 0xDE76, 0xDE76, 0xDE76, 0xDE76,
  0xDE76, 0xDE76, 0xDE76, 0xDE76, 0xDE76, 0xDE76, 0xDE55, 0xDE55, 0xDE76, 0xDE76, 0xDE76, 0xDE76,
  0xDE76, 0xDE76, 0xDE76, 0xDE76, 0xDE76, 0xDE76, 0xDE76, 0xDE76, 0xDE76, 0xDE76, 0xDE76, 0xDE76,
  0xDE76, 0xDE76, 0xDE76, 0xDE76, 0xDE76, 0xDE76, 0xDE76, 0xDE76, 0xDE76, 0xDE76, 0xDE76, 0xDE76,
  0xDE76, 0xDE76, 0xDE76, 0xDE76, 0xDE76, 0xDE76, 0xDE76, 0xDE76, 0xDE76, 0xDE76, 0xDE76, 0xDE76,
  0xDE76, 0xDE76, 0xDE76, 0xDE76, 0xDE76, 0xDE76, 0xDE76, 0xDE76, 0xDE76, 0xDE76, 0xE6B7, 0xC5D4,
  0x9B67, 0xFD48, 0x8AC4, 0x2103, 0x49A3, 0x4962, 0x18E3, 0xAB24, 0xA324, 0x7A01, 0x0840, 0x0021,
  0x0021, 0x0021, 0x0021, 0x0021, 0x0021, 0x0021, 0x0021, 0x0021, 0x0021, 0x0021, 0x0021, 0x0021,
  0x0021, 0x0021, 0x0021, 0x0021, 0x0021, 0x0021, 0x0021, 0x0021, 0x0021, 0x0021, 0x0021, 0x0021,
  0x0021, 0x0021, 0x0021, 0x0021, 0x0021, 0x0021, 0x0021, 0x0021, 0x0021, 0x0021, 0x0021, 0x0021,
  0x0021, 0x0021, 0x0021, 0x0021, 0x0021, 0x0021, 0x0021, 0x0021, 0x0021, 0x0021, 0x0021, 0x0021,
  0x0021, 0x0021, 0x0021, 0x0021, 0x0021, 0x0020, 0x0021, 0xCC27, 0xF508, 0x6203, 0x2124, 0x2945,
  0x2945, 0x3123, 0x4941, 0x9C4E, 0xC592, 0xDE76, 0xDE76, 0xDE76, 0xDE76, 0xDE76, 0xDE76, 0xDE76,
  0xDE76, 0xDE76, 0xDE76, 0xDE76, 0xDE76, 0xDE76, 0xDE76, 0xDE76, 0xDE76, 0xDE76, 0xDE76, 0xDE76,
  0xDE76, 0xDE76, 0xDE76, 0xDE76, 0xDE76, 0xDE76, 0xDE76, 0xDE76, 0xDE76, 0xDE76, 0xDE76, 0xDE76,
  0xDE76, 0xDE76, 0xDE76, 0xDE76, 0xDE76, 0xDE76, 0xDE76, 0xDE76, 0xDE76, 0xDE76, 0xDE76, 0xDE76,
  0xDE76, 0xDE76, 0xDE76, 0xDE76, 0xDE76, 0xDE76, 0xDE76, 0xDE76, 0xDE76, 0xDE76, 0xDE76, 0xDE76,
  0xDE76, 0xDE76, 0xDE76, 0xDE76, 0xDE76, 0xDE76, 0xDE76, 0xDE76, 0xDE76, 0xDE76, 0xDE76, 0xDE76,
  0xDE76, 0xDE76, 0xDE55, 0xDE56, 0xDE76, 0xDE76, 0xDE76, 0xDE76, 0xDE76, 0xDE76, 0xDE76, 0xDE76,
  0xDE76, 0xDE76, 0xE6B7, 0x8BCC, 0xF4C6, 0xCC26, 0x3922, 0x1925, 0x4983, 0x3922, 0x51A3, 0xC3C6,
  0x9AA2, 0x30E1, 0x0001, 0x0021, 0x0021, 0x0021, 0x0021, 0x0021, 0x0021, 0x0021, 0x0021, 0x0021,
  0x0021, 0x0021, 0x0021, 0x0021, 0x0021, 0x0021, 0x0021, 0x0021, 0x0021, 0x0021, 0x0021, 0x0021,
  0x0021, 0x0021, 0x0021, 0x0021, 0x0021, 0x0021, 0x0021, 0x0021, 0x0021, 0x0021, 0x0021, 0x0021,
  0x0021, 0x0021, 0x0021, 0x0021, 0x0021, 0x0021, 0x0021, 0x0021, 0x0021, 0x0021, 0x0021, 0x0021,
  0x0021, 0x0021, 0x0021, 0x0021, 0x0021, 0x0021, 0x0020, 0x0021, 0x0841, 0x0000, 0x82A4, 0xFD48,
  0x92E5, 0x2103, 0x2965, 0x2945, 0x1925, 0x59A2, 0x8BAA, 0xBD51, 0xD635, 0xDE76, 0xDE76, 0xDE76,
  0xDE76, 0xDE76, 0xDE76, 0xDE76, 0xDE76, 0xDE76, 0xDE76, 0xDE76, 0xDE76, 0xDE76, 0xDE76, 0xDE76,
  0xDE76, 0xDE76, 0xDE76, 0xDE76, 0xDE76, 0xDE76, 0xDE76, 0xDE76, 0xDE76, 0xDE76, 0xDE76, 0xDE76,
  0xDE76, 0xDE76, 0xDE76, 0xDE76, 0xDE76, 0xDE76, 0xDE76, 0xDE76, 0xDE76, 0xDE76, 0xDE76, 0xDE76,
  0xDE76, 0xDE76, 0xDE76, 0xDE76, 0xDE76, 0xDE76, 0xDE76, 0xDE76, 0xDE76, 0xDE76, 0xDE76, 0xDE76,
  0xDE76, 0xDE76, 0xDE76, 0xDE76, 0xDE76, 0xDE76, 0xDE76, 0xDE76, 0xDE76, 0xDE76, 0xDE76, 0xDE76,
  0xDE76, 0xDE76, 0xDE76, 0xDE76, 0xDE76, 0xDE76, 0xDE56, 0xDE76, 0xDE76, 0xDE76, 0xDE76, 0xDE76,
  0xDE76, 0xDE76, 0xDE76, 0xDE76, 0xDE76, 0xEED7, 0xA4D1, 0xC3E6, 0xFD27, 0x59E3, 0x2104, 0x1945,
  0x4963, 0x5981, 0xAB24, 0x9AE3, 0x69C1, 0x0000, 0x0021, 0x0021, 0x0021, 0x0021, 0x0021, 0x0021,
  0x0021, 0x0021, 0x0021, 0x0021, 0x0021, 0x0021, 0x0021, 0x0021, 0x0021, 0x0021, 0x0021, 0x0021,
  0x0021, 0x0021, 0x0021, 0x0021, 0x0021, 0x0021, 0x0021, 0x0021, 0x0021, 0x0021, 0x0021, 0x0021,
  0x0021, 0x0021, 0x0021, 0x0021, 0x0021, 0x0021, 0x0021, 0x0021, 0x0021, 0x0021, 0x0021, 0x0021,
  0x0021, 0x0021, 0x0021, 0x0021, 0x0021, 0x0021, 0x0021, 0x0021, 0x0021, 0x0021, 0x0021, 0x0020,
  0x0000, 0x41A3, 0xFD48, 0xC3C5, 0x3122, 0x2145, 0x2945, 0x1945, 0x4142, 0x7AC6, 0xAD31, 0xCDF4,
  0xDE76, 0xDE76, 0xDE76, 0xDE76, 0xDE76, 0xDE76, 0xDE76, 0xDE76, 0xDE76, 0xDE76, 0xDE76, 0xDE76,
  0xDE76, 0xDE76, 0xDE76, 0xDE76, 0xDE76, 0xDE76, 0xDE76, 0xDE76, 0xDE76, 0xDE76, 0xDE76, 0xDE76,
  0xDE76, 0xDE76, 0xDE76, 0xDE76, 0xDE76, 0xDE76, 0xDE76, 0xDE76, 0xDE76, 0xDE76, 0xDE76, 0xDE76,
  0xDE76, 0xDE76, 0xDE76, 0xDE76, 0xDE76, 0xDE76, 0xDE76, 0xDE76, 0xDE76, 0xDE76, 0xDE76, 0xDE76,
  0xDE76, 0xDE76, 0xDE76, 0xDE76, 0xDE76, 0xDE76, 0xDE76, 0xDE76, 0xDE76, 0xDE76, 0xDE76, 0xDE76,
  0xDE76, 0xDE76, 0xDE76, 0xDE76, 0xDE76, 0xDE76, 0xDE76, 0xDE76, 0xDE76, 0xDE76, 0xDE76, 0xDE76,
  0xDE76, 0xDE76, 0xDE76, 0xDE76, 0xDE76, 0xDE76, 0xDE76, 0xDE76, 0xE696, 0xCE36, 0x9368, 0xFD07,
  0xA325, 0x20E2, 0x2145, 0x2965, 0x3922, 0x8A82, 0xA345, 0x8221, 0x1060, 0x0021, 0x0021, 0x0021,
  0x0021, 0x0021, 0x0021, 0x0021, 0x0021, 0x0021, 0x0021, 0x0021, 0x0021, 0x0021, 0x0021, 0x0021,
  0x0021, 0x0021, 0x0021, 0x0021, 0x0021, 0x0021, 0x0021, 0x0021, 0x0021, 0x0021, 0x0021, 0x0021,
  0x0021, 0x0021, 0x0021, 0x0021, 0x0021, 0x0021, 0x0021, 0x0021, 0x0021, 0x0021, 0x0021, 0x0021,
  0x0021, 0x0021, 0x0021, 0x0021, 0x0021, 0x0021, 0x0021, 0x0021, 0x0021, 0x0021, 0x0021, 0x0021,
  0x0021, 0x0021, 0x0000, 0x18A1, 0x18A1, 0xB385, 0xE4A7, 0x59A2, 0x1904, 0x2945, 0x2145, 0x3144,
  0x7222, 0x9C6E, 0xC5B2, 0xDE76, 0xDE76, 0xDE76, 0xDE76, 0xDE76, 0xDE76, 0xDE76, 0xDE76, 0xDE76,
  0xDE76, 0xDE76, 0xDE76, 0xDE76, 0xDE76, 0xDE76, 0xDE76, 0xDE76, 0xDE76, 0xDE76, 0xDE76, 0xDE76,
  0xDE76, 0xDE76, 0xDE76, 0xDE76, 0xDE76, 0xDE76, 0xDE76, 0xDE76, 0xDE76, 0xDE76, 0xDE76, 0xDE76,
  0xDE76, 0xDE76, 0xDE76, 0xDE76, 0xDE76, 0xDE76, 0xDE76, 0xDE76, 0xDE76, 0xDE76, 0xDE76, 0xDE76,
  0xDE76, 0xDE76, 0xDE76, 0xDE76, 0xDE76, 0xDE76, 0xDE76, 0xDE76, 0xDE76, 0xDE76, 0xDE76, 0xDE76,
  0xDE76, 0xDE76, 0xDE76, 0xDE76, 0xDE76, 0xDE76, 0xDE76, 0xDE76, 0xDE76, 0xDE76, 0xDE76, 0xDE76,
  0xDE76, 0xDE76, 0xDE76, 0xDE76, 0xDE76, 0xDE76, 0xDE76, 0xDE76, 0xDE76, 0xDE76, 0xDE76, 0xDE76,
  0xE6D7, 0x8C2E, 0xE486, 0xDC67, 0x3942, 0x2124, 0x2124, 0x2124, 0x4142, 0xA324, 0x9AA2, 0x4120,
  0x0000, 0x0021, 0x0021, 0x0021, 0x0021, 0x0021, 0x0021, 0x0021, 0x0021, 0x0021, 0x0021, 0x0021,
  0x0021, 0x0021, 0x0021, 0x0021, 0x0021, 0x0021, 0x0021, 0x0021, 0x0021, 0x0021, 0x0021, 0x0021,
  0x0021, 0x0021, 0x0021, 0x0021, 0x0021, 0x0021, 0x0021, 0x0021, 0x0021, 0x0021, 0x0021, 0x0021,
  0x0021, 0x0021, 0x0021, 0x0021, 0x0021, 0x0021, 0x0021, 0x0021, 0x0021, 0x0021, 0x0021, 0x0021,
  0x0021, 0x0021, 0x0021, 0x0021, 0x0021, 0x0000, 0x0841, 0xD406, 0xEC86, 0xC3A4, 0x8AA3, 0x2902,
  0x2945, 0x2965, 0x2125, 0x61A1, 0x93CB, 0xBD72, 0xD635, 0xDE76, 0xDE76, 0xDE76, 0xDE76, 0xDE76,
  0xDE76, 0xDE76, 0xDE76, 0xDE76, 0xDE76, 0xDE76, 0xDE76, 0xDE76, 0xDE76, 0xDE76, 0xDE76, 0xDE76,
  0xDE76, 0xDE76, 0xDE76, 0xDE76, 0xDE76, 0xDE76, 0xDE76, 0xDE76, 0xDE76, 0xDE76, 0xDE76, 0xDE76,
  0xDE76, 0xDE76, 0xDE76, 0xDE76, 0xDE76, 0xDE76, 0xDE76, 0xDE76, 0xDE76, 0xDE76, 0xDE76, 0xDE76,
  0xDE76, 0xDE76, 0xDE76, 0xDE76, 0xDE76, 0xDE76, 0xDE76, 0xDE76, 0xDE76, 0xDE76, 0xDE76, 0xDE76,
  0xDE76, 0xDE76, 0xDE76, 0xDE76, 0xDE76, 0xDE76, 0xDE76, 0xDE76, 0xDE76, 0xDE76, 0xDE76, 0xDE76,
  0xDE76, 0xDE76, 0xDE76, 0xDE76, 0xDE76, 0xDE76, 0xDE76, 0xDE76, 0xDE76, 0xDE76, 0xDE76, 0xDE76,
  0xDE76, 0xDE76, 0xDE76, 0xEEB7, 0xAD52, 0xABA6, 0xFD48, 0x7264, 0x18E3, 0x2145, 0x2145, 0x20E3,
  0xB344, 0x9B04, 0x71E1, 0x0020, 0x0021, 0x0021, 0x0021, 0x0021, 0x0021, 0x0021, 0x0021, 0x0021,
  0x0021, 0x0021, 0x0021, 0x0021, 0x0021, 0x0021, 0x0021, 0x0021, 0x0021, 0x0021, 0x0021, 0x0021,
  0x0021, 0x0021, 0x0021, 0x0021, 0x0021, 0x0021, 0x0021, 0x0021, 0x0021, 0x0021, 0x0021, 0x0021,
  0x0021, 0x0021, 0x0021, 0x0021, 0x0021, 0x0021, 0x0021, 0x0021, 0x0021, 0x0021, 0x0021, 0x0021,
  0x0021, 0x0021, 0x0021, 0x0021, 0x0021, 0x0021, 0x0021, 0x0021, 0x0021, 0x0000, 0x9305, 0xFD06,
  0xFCA6, 0xFD06, 0xAB65, 0x2923, 0x2965, 0x1945, 0x4962, 0x82E6, 0xB531, 0xCDF4, 0xDE76, 0xDE76,
  0xDE76, 0xDE76, 0xDE76, 0xDE76, 0xDE76, 0xDE76, 0xDE76, 0xDE76, 0xDE76, 0xDE76, 0xDE76, 0xDE76,
  0xDE76, 0xDE76, 0xDE76, 0xDE76, 0xDE76, 0xDE76, 0xDE76, 0xDE76, 0xDE76, 0xDE76, 0xDE76, 0xDE76,
  0xDE76, 0xDE76, 0xDE76, 0xDE76, 0xDE76, 0xDE76, 0xDE76, 0xDE76, 0xDE76, 0xDE76, 0xDE76, 0xDE76,
  0xDE76, 0xDE76, 0xDE76, 0xDE76, 0xDE76, 0xDE76, 0xDE76, 0xDE76, 0xDE76, 0xDE76, 0xDE76, 0xDE76,
  0xDE76, 0xDE76, 0xDE76, 0xDE76, 0xDE76, 0xDE76, 0xDE76, 0xDE76, 0xDE76, 0xDE76, 0xDE76, 0xDE76,
  0xDE76, 0xDE76, 0xDE76, 0xDE76, 0xDE76, 0xDE76, 0xDE76, 0xDE76, 0xDE76, 0xDE76, 0xDE76, 0xDE76,
  0xDE76, 0xDE76, 0xDE76, 0xDE76, 0xDE76, 0xDE76, 0xDE76, 0xDE77, 0x8B89, 0xFD07, 0xB3A6, 0x2902,
  0x2145, 0x2945, 0x10E4, 0x8263, 0xB385, 0x8A62, 0x20A0, 0x0001, 0x0021, 0x0021, 0x0021, 0x0021,
  0x0021, 0x0021, 0x0021, 0x0021, 0x0021, 0x0021, 0x0021, 0x0021, 0x0021, 0x0021, 0x0021, 0x0021,
  0x0021, 0x0021, 0x0021, 0x0021, 0x0021, 0x0021, 0x0021, 0x0021, 0x0021, 0x0021, 0x0021, 0x0021,
  0x0021, 0x0021, 0x0021, 0x0021, 0x0021, 0x0021, 0x0021, 0x0021, 0x0021, 0x0021, 0x0021, 0x0021,
  0x0021, 0x0021, 0x0021, 0x0021, 0x0021, 0x0021, 0x0021, 0x0021, 0x0021, 0x0021, 0x0021, 0x0021,
  0x0000, 0x18A1, 0xBBE7, 0xCC27, 0xECC7, 0xCC27, 0x8242, 0x3143, 0x2146, 0x3143, 0x7223, 0xA4AF,
  0xCDB3, 0xDE76, 0xDE76, 0xDE76, 0xDE76, 0xDE76, 0xDE76, 0xDE76, 0xDE76, 0xDE76, 0xDE76, 0xDE76,
  0xDE76, 0xDE76, 0xDE76, 0xDE76, 0xDE76, 0xDE76, 0xDE76, 0xDE76, 0xDE76, 0xDE76, 0xDE76, 0xDE76,
  0xDE76, 0xDE76, 0xDE76, 0xDE76, 0xDE76, 0xDE76, 0xDE76, 0xDE76, 0xDE76, 0xDE76, 0xDE76, 0xDE76,
  0xDE76, 0xDE76, 0xDE76, 0xDE76, 0xDE76, 0xDE76, 0xDE76, 0xDE76, 0xDE76, 0xDE76, 0xDE76, 0xDE76,
  0xDE76, 0xDE76, 0xDE76, 0xDE76, 0xDE76, 0xDE76, 0xDE76, 0xDE76, 0xDE76, 0xDE76, 0xDE76, 0xDE76,
  0xDE76, 0xDE76, 0xDE76, 0xDE76, 0xDE76, 0xDE76, 0xDE76, 0xDE76, 0xDE76, 0xDE76, 0xDE76, 0xDE76,
  0xDE76, 0xDE76, 0xDE76, 0xDE76, 0xDE76, 0xDE76, 0xDE76, 0xDE76, 0xDE76, 0xDE56, 0xEED7, 0x9C8F,
  0xDC46, 0xECE8, 0x4962, 0x1904, 0x2945, 0x1925, 0x4163, 0xC3E5, 0x9AC3, 0x5961, 0x0000, 0x0041,
  0x0021, 0x0021, 0x0021, 0x0021, 0x0021, 0x0021, 0x0021, 0x0021, 0x0021, 0x0021, 0x0021, 0x0021,
  0x0021, 0x0021, 0x0021, 0x0021, 0x0021, 0x0021, 0x0021, 0x0021, 0x0021, 0x0021, 0x0021, 0x0021,
  0x0021, 0x0021, 0x0021, 0x0021, 0x0021, 0x0021, 0x0021, 0x0021, 0x0021, 0x0021, 0x0021, 0x0021,
  0x0021, 0x0021, 0x0021, 0x0021, 0x0021, 0x0021, 0x0021, 0x0021, 0x0021, 0x0021, 0x0021, 0x0021,
  0x0021, 0x0021, 0x0021, 0x0021, 0x0000, 0x30E1, 0xCBA3, 0xB344, 0x9B25, 0x8263, 0xA2A2, 0x3943,
  0x2124, 0x69C2, 0x93EC, 0xBD72, 0xDE55, 0xDE76, 0xDE76, 0xDE76, 0xDE76, 0xDE76, 0xDE76, 0xDE76,
  0xDE76, 0xDE76, 0xDE76, 0xDE76, 0xDE76, 0xDE76, 0xDE76, 0xDE76, 0xDE76, 0xDE76, 0xDE76, 0xDE76,
  0xDE76, 0xDE76, 0xDE76, 0xDE76, 0xDE76, 0xDE76, 0xDE76, 0xDE76, 0xDE76, 0xDE76, 0xDE76, 0xDE76,
  0xDE76, 0xDE76, 0xDE76, 0xDE76, 0xDE76, 0xDE76, 0xDE76, 0xDE76, 0xDE76, 0xDE76, 0xDE76, 0xDE76,
  0xDE76, 0xDE76, 0xDE76, 0xDE76, 0xDE76, 0xDE76, 0xDE76, 0xDE76, 0xDE76, 0xDE76, 0xDE76, 0xDE76,
  0xDE76, 0xDE76, 0xDE76, 0xDE76, 0xDE76, 0xDE76, 0xDE76, 0xDE76, 0xDE76, 0xDE76, 0xDE76, 0xDE76,
  0xDE76, 0xDE76, 0xDE76, 0xDE76, 0xDE76, 0xDE76, 0xDE76, 0xDE76, 0xDE76, 0xDE76, 0xDE76, 0xDE76,
  0xDE76, 0xE6B7, 0xAD53, 0x9B46, 0xFD68, 0x8AC4, 0x20E3, 0x2145, 0x2145, 0x18E3, 0xAB24, 0xA324,
  0x8221, 0x0840, 0x0021, 0x0021, 0x0021, 0x0021, 0x0021, 0x0021, 0x0021, 0x0021, 0x0021, 0x0021,
  0x0021, 0x0021, 0x0021, 0x0021, 0x0021, 0x0021, 0x0021, 0x0021, 0x0021, 0x0021, 0x0021, 0x0021,
  0x0021, 0x0021, 0x0021, 0x0021, 0x0021, 0x0021, 0x0021, 0x0021, 0x0021, 0x0021, 0x0021, 0x0021,
  0x0021, 0x0021, 0x0021, 0x0021, 0x0021, 0x0021, 0x0021, 0x0021, 0x0021, 0x0021, 0x0021, 0x0021,
  0x0021, 0x0021, 0x0021, 0x0021, 0x0021, 0x0021, 0x0021, 0x0021, 0x0000, 0x28C1, 0xCBA4, 0xCBA4,
  0xC384, 0x8A62, 0x9AA2, 0x2923, 0x5181, 0x8328, 0xB551, 0xD614, 0xDE76, 0xDE76, 0xDE76, 0xDE76,
  0xDE76, 0xDE76, 0xDE76, 0xDE76, 0xDE76, 0xDE76, 0xDE76, 0xDE76, 0xDE76, 0xDE76, 0xDE76, 0xDE76,
  0xDE76, 0xDE76, 0xDE76, 0xDE76, 0xDE76, 0xDE76, 0xDE76, 0xDE76, 0xDE76, 0xDE76, 0xDE76, 0xDE76,
  0xDE76, 0xDE76, 0xDE76, 0xDE76, 0xDE76, 0xDE76, 0xDE76, 0xDE76, 0xDE76, 0xDE76, 0xDE76, 0xDE76,
  0xDE76, 0xDE76, 0xDE76, 0xDE76, 0xDE76, 0xDE76, 0xDE76, 0xDE76, 0xDE76, 0xDE76, 0xDE76, 0xDE76,
  0xDE76, 0xDE76, 0xDE76, 0xDE76, 0xDE76, 0xDE76, 0xDE76, 0xDE76, 0xDE76, 0xDE76, 0xDE76, 0xDE76,
  0xDE76, 0xDE76, 0xDE76, 0xDE76, 0xDE76, 0xDE76, 0xDE76, 0xDE76, 0xDE76, 0xDE76, 0xDE76, 0xDE76,
  0xDE76, 0xDE76, 0xDE76, 0xDE76, 0xE696, 0xCE15, 0x9327, 0xC384, 0x9B24, 0x3943, 0x2145, 0x2965,
  0x1905, 0x6A03, 0xBB85, 0x9282, 0x30E1, 0x0000, 0x0021, 0x0021, 0x0021, 0x0021, 0x0021, 0x0021,
  0x0021, 0x0021, 0x0021, 0x0021, 0x0021, 0x0021, 0x0021, 0x0021, 0x0021, 0x0021, 0x0021, 0x0021,
  0x0021, 0x0021, 0x0021, 0x0021, 0x0021, 0x0021, 0x0021, 0x0021, 0x0021, 0x0021, 0x0021, 0x0021,
  0x0021, 0x0021, 0x0021, 0x0021, 0x0021, 0x0021, 0x0021, 0x0021, 0x0021, 0x0021, 0x0021, 0x0021,
  0x0021, 0x0021, 0x0021, 0x0021, 0x0021, 0x0021, 0x0021, 0x0021, 0x0021, 0x0021, 0x0021, 0x0021,
  0x0001, 0x28C1, 0xC384, 0xC384, 0xC3A4, 0x8A83, 0x9282, 0x4941, 0x7264, 0xACF0, 0xCDD3, 0xDE76,
  0xDE76, 0xDE76, 0xDE76, 0xDE76, 0xDE76, 0xDE76, 0xDE76, 0xDE76, 0xDE76, 0xDE76, 0xDE76, 0xDE76,
  0xDE76, 0xDE76, 0xDE76, 0xDE76, 0xDE76, 0xDE76, 0xDE76, 0xDE76, 0xDE76, 0xDE76, 0xDE76, 0xDE76,
  0xDE76, 0xDE76, 0xDE76, 0xDE76, 0xDE76, 0xDE76, 0xDE76, 0xDE76, 0xDE76, 0xDE76, 0xDE76, 0xDE76,
  0xDE76, 0xDE76, 0xDE76, 0xDE76, 0xDE76, 0xDE76, 0xDE76, 0xDE76, 0xDE76, 0xDE76, 0xDE76, 0xDE76,
  0xDE76, 0xDE76, 0xDE76, 0xDE76, 0xDE76, 0xDE76, 0xDE76, 0xDE76, 0xDE76, 0xDE76, 0xDE76, 0xDE76,
  0xDE76, 0xDE76, 0xDE76, 0xDE76, 0xDE76, 0xDE76, 0xDE76, 0xDE76, 0xDE76, 0xDE76, 0xDE76, 0xDE76,
  0xDE76, 0xDE76, 0xDE76, 0xDE76, 0xDE76, 0xDE76, 0xDE76, 0xDE56, 0xEEF8, 0x83AC, 0xAB65, 0xDCA7,
  0x59C2, 0x20E3, 0x2945, 0x2145, 0x3123, 0xC384, 0x9AC3, 0x69A1, 0x0000, 0x0021, 0x0021, 0x0021,
  0x0021, 0x0021, 0x0021, 0x0021, 0x0021, 0x0021, 0x0021, 0x0021, 0x0021, 0x0021, 0x0021, 0x0021,
  0x0021, 0x0021, 0x0021, 0x0021, 0x0021, 0x0021, 0x0021, 0x0021, 0x0021, 0x0021, 0x0021, 0x0021,
  0x0021, 0x0021, 0x0021, 0x0021, 0x0021, 0x0021, 0x0021, 0x0021, 0x0021, 0x0021, 0x0021, 0x0021,
  0x0021, 0x0021, 0x0021, 0x0021, 0x0021, 0x0021, 0x0021, 0x0021, 0x0021, 0x0021, 0x0021, 0x0021,
  0x0021, 0x0021, 0x0021, 0x0021, 0x0001, 0x28C1, 0xC384, 0xCB84, 0xC384, 0x8262, 0x9A82, 0x61A1,
  0x940C, 0xBD72, 0xDE56, 0xDE76, 0xDE76, 0xDE76, 0xDE76, 0xDE76, 0xDE76, 0xDE76, 0xDE76, 0xDE55,
  0xDE76, 0xDE76, 0xDE76, 0xDE76, 0xDE76, 0xDE76, 0xDE76, 0xDE76, 0xDE76, 0xDE76, 0xDE76, 0xDE76,
  0xDE76, 0xDE76, 0xDE76, 0xDE76, 0xDE76, 0xDE76, 0xDE76, 0xDE76, 0xDE76, 0xDE76, 0xDE76, 0xDE76,
  0xDE76, 0xDE76, 0xDE76, 0xDE76, 0xDE76, 0xDE76, 0xDE76, 0xDE76, 0xDE76, 0xDE76, 0xDE76, 0xDE76,
  0xDE76, 0xDE76, 0xDE76, 0xDE76, 0xDE76, 0xDE76, 0xDE76, 0xDE76, 0xDE76, 0xDE76, 0xDE76, 0xDE76,
  0xDE76, 0xDE76, 0xDE76, 0xDE76, 0xDE76, 0xDE76, 0xDE76, 0xDE76, 0xDE76, 0xDE76, 0xDE76, 0xDE76,
  0xDE76, 0xDE76, 0xDE76, 0xDE76, 0xDE76, 0xDE76, 0xDE76, 0xDE76, 0xDE76, 0xDE76, 0xDE76, 0xE696,
  0xC5F5, 0x9B88, 0xECA6, 0x7A63, 0x61A1, 0x2124, 0x2945, 0x18E4, 0x9AC3, 0xAB45, 0x8A62, 0x1060,
  0x0001, 0x0021, 0x0021, 0x0021, 0x0021, 0x0021, 0x0021, 0x0021, 0x0021, 0x0021, 0x0021, 0x0021,
  0x0021, 0x0021, 0x0021, 0x0021, 0x0021, 0x0021, 0x0021, 0x0021, 0x0021, 0x0021, 0x0021, 0x0021,
  0x0021, 0x0021, 0x0021, 0x0021, 0x0021, 0x0021, 0x0021, 0x0021, 0x0021, 0x0021, 0x0021, 0x0021,
  0x0021, 0x0021, 0x0021, 0x0021, 0x0021, 0x0021, 0x0021, 0x0021, 0x0021, 0x0021, 0x0021, 0x0021,
  0x0021, 0x0021, 0x0021, 0x0021, 0x0021, 0x0021, 0x0021, 0x0041, 0x0000, 0x28C1, 0xCBA4, 0xC364,
  0xBB64, 0x8A83, 0x9241, 0x62A8, 0xBD92, 0xD615, 0xDE76, 0xDE76, 0xDE76, 0xDE76, 0xDE76, 0xDE76,
  0xDE76, 0xDE76, 0xDE76, 0xDE76, 0xDE76, 0xDE76, 0xDE76, 0xDE76, 0xDE76, 0xDE76, 0xDE76, 0xDE76,
  0xDE76, 0xDE76, 0xDE76, 0xDE76, 0xDE76, 0xDE76, 0xDE76, 0xDE76, 0xDE76, 0xDE76, 0xDE76, 0xDE76,
  0xDE76, 0xDE76, 0xDE76, 0xDE76, 0xDE76, 0xDE76, 0xDE76, 0xDE76, 0xDE76, 0xDE76, 0xDE76, 0xDE76,
  0xDE76, 0xDE76, 0xDE76, 0xDE76, 0xDE76, 0xDE76, 0xDE76, 0xDE76, 0xDE76, 0xDE76, 0xDE76, 0xDE76,
  0xDE76, 0xDE76, 0xDE76, 0xDE76, 0xDE76, 0xDE76, 0xDE76, 0xDE76, 0xDE76, 0xDE76, 0xDE76, 0xDE76,
  0xDE76, 0xDE76, 0xDE76, 0xDE76, 0xDE76, 0xDE76, 0xDE76, 0xDE76, 0xDE76, 0xDE76, 0xDE76, 0xDE76,
  0xDE76, 0xDE76, 0xDE76, 0xE6B7, 0x8BCC, 0xECA6, 0xDC88, 0x4961, 0x5161, 0x2125, 0x1925, 0x59A3,
  0xC3C5, 0x92A2, 0x4121, 0x0000, 0x0021, 0x0021, 0x0021, 0x0021, 0x0021, 0x0021, 0x0021, 0x0021,
  0x0021, 0x0021, 0x0021, 0x0021, 0x0021, 0x0021, 0x0021, 0x0021, 0x0021, 0x0021, 0x0021, 0x0021,
  0x0021, 0x0021, 0x0021, 0x0021, 0x0021, 0x0021, 0x0021, 0x0021, 0x0021, 0x0021, 0x0021, 0x0021,
  0x0021, 0x0021, 0x0021, 0x0021, 0x0021, 0x0021, 0x0021, 0x0021, 0x0021, 0x0021, 0x0021, 0x0021,
  0x0021, 0x0021, 0x0021, 0x0021, 0x0021, 0x0021, 0x0021, 0x0021, 0x0021, 0x0021, 0x0021, 0x0020,
  0x0861, 0x7A43, 0xC343, 0xCBA4, 0xC3A5, 0x9262, 0x7223, 0xA4AF, 0xCDF4, 0xDE76, 0xDE76, 0xDE76,
  0xDE76, 0xDE76, 0xDE76, 0xDE76, 0xDE76, 0xDE76, 0xDE76, 0xDE76, 0xDE76, 0xDE76, 0xDE76, 0xDE76,
  0xDE76, 0xDE76, 0xDE76, 0xDE76, 0xDE76, 0xDE76, 0xDE76, 0xDE76, 0xDE76, 0xDE76, 0xDE76, 0xDE76,
  0xDE76, 0xDE76, 0xDE76, 0xDE76, 0xDE76, 0xDE76, 0xDE76, 0xDE76, 0xDE76, 0xDE76, 0xDE76, 0xDE76,
  0xDE76, 0xDE76, 0xDE76, 0xDE76, 0xDE76, 0xDE76, 0xDE76, 0xDE76, 0xDE76, 0xDE76, 0xDE76, 0xDE76,
  0xDE76, 0xDE76, 0xDE76, 0xDE76, 0xDE76, 0xDE76, 0xDE76, 0xDE76, 0xDE56, 0xDE76, 0xDE76, 0xDE76,
  0xDE76, 0xDE76, 0xDE76, 0xDE76, 0xDE76, 0xDE76, 0xDE76, 0xDE76, 0xDE76, 0xDE76, 0xDE76, 0xDE76,
  0xDE76, 0xDE76, 0xDE76, 0xDE76, 0xDE76, 0xDE76, 0xEED7, 0xAD12, 0xBBE7, 0xFD27, 0x6204, 0x2902,
  0x61A2, 0x2124, 0x2924, 0xBB84, 0x9B04, 0x71E1, 0x0000, 0x0021, 0x0021, 0x0021, 0x0021, 0x0021,
  0x0021, 0x0021, 0x0021, 0x0021, 0x0021, 0x0021, 0x0021, 0x0021, 0x0021, 0x0021, 0x0021, 0x0021,
  0x0021, 0x0021, 0x0021, 0x0021, 0x0021, 0x0021, 0x0021, 0x0021, 0x0021, 0x0021, 0x0021, 0x0021,
  0x0021, 0x0021, 0x0021, 0x0021, 0x0021, 0x0021, 0x0021, 0x0021, 0x0021, 0x0021, 0x0021, 0x0021,
  0x0021, 0x0021, 0x0021, 0x0021, 0x0021, 0x0021, 0x0021, 0x0021, 0x0021, 0x0021, 0x0021, 0x0021,
  0x0021, 0x0021, 0x0021, 0x0000, 0x8263, 0x7AA5, 0x7A84, 0xA2C2, 0xC343, 0x61A1, 0x8BEC, 0xCDD3,
  0xDE55, 0xDE56, 0xDE76, 0xDE76, 0xDE76, 0xDE76, 0xDE76, 0xDE76, 0xDE76, 0xDE76, 0xDE76, 0xDE76,
  0xDE76, 0xDE76, 0xDE76, 0xDE76, 0xDE76, 0xDE76, 0xDE76, 0xDE76, 0xDE76, 0xDE76, 0xDE76, 0xDE76,
  0xDE76, 0xDE76, 0xDE76, 0xDE76, 0xDE76, 0xDE76, 0xDE76, 0xDE76, 0xDE76, 0xDE76, 0xDE76, 0xDE76,
  0xDE76, 0xDE76, 0xDE76, 0xDE76, 0xDE76, 0xDE76, 0xDE76, 0xDE76, 0xDE76, 0xDE76, 0xDE76, 0xDE76,
  0xDE76, 0xDE76, 0xDE76, 0xDE76, 0xDE76, 0xDE76, 0xDE76, 0xDE76, 0xDE76, 0xDE76, 0xDE76, 0xDE76,
  0xDE76, 0xDE76, 0xDE76, 0xDE76, 0xDE76, 0xDE76, 0xDE76, 0xDE76, 0xDE76, 0xDE76, 0xDE76, 0xDE76,
  0xDE76, 0xDE76, 0xDE76, 0xDE76, 0xDE76, 0xDE76, 0xDE76, 0xDE76, 0xDE76, 0xE696, 0xD656, 0x8B89,
  0xFD27, 0xA365, 0x20E2, 0x3964, 0x69C2, 0x10C3, 0x8243, 0xB385, 0x8A42, 0x20A1, 0x0001, 0x0021,
  0x0021, 0x0021, 0x0021, 0x0021, 0x0021, 0x0021, 0x0021, 0x0021, 0x0021, 0x0021, 0x0021, 0x0021,
  0x0021, 0x0021, 0x0021, 0x0021, 0x0021, 0x0021, 0x0021, 0x0021, 0x0021, 0x0021, 0x0021, 0x0021,
  0x0021, 0x0021, 0x0021, 0x0021, 0x0021, 0x0021, 0x0021, 0x0021, 0x0021, 0x0021, 0x0021, 0x0021,
  0x0021, 0x0021, 0x0021, 0x0021, 0x0021, 0x0021, 0x0021, 0x0021, 0x0021, 0x0021, 0x0021, 0x0021,
  0x0021, 0x0021, 0x0021, 0x0021, 0x0021, 0x0041, 0x0000, 0x5182, 0xB386, 0xBD93, 0xCE15, 0xACF0,
  0x938A, 0x5A67, 0xA4D0, 0xCDF4, 0xE6B7, 0xE6B7, 0xE696, 0xDE76, 0xDE76, 0xDE76, 0xDE76, 0xDE76,
  0xDE76, 0xDE76, 0xDE76, 0xDE76, 0xDE76, 0xDE76, 0xDE76, 0xDE76, 0xDE76, 0xDE76, 0xDE76, 0xDE76,
  0xDE76, 0xDE76, 0xDE76, 0xDE76, 0xDE76, 0xDE76, 0xDE76, 0xDE76, 0xDE76, 0xDE76, 0xDE76, 0xDE76,
  0xDE76, 0xDE76, 0xDE76, 0xDE76, 0xDE76, 0xDE76, 0xDE76, 0xDE76, 0xDE76, 0xDE76, 0xDE76, 0xDE76,
  0xDE76, 0xDE76, 0xDE76, 0xDE76, 0xDE76, 0xDE76, 0xDE76, 0xDE76, 0xDE76, 0xDE76, 0xDE76, 0xDE76,
  0xDE76, 0xDE76, 0xDE76, 0xDE76, 0xDE76, 0xDE76, 0xDE76, 0xDE76, 0xDE76, 0xDE76, 0xDE76, 0xDE76,
  0xDE76, 0xDE76, 0xDE76, 0xDE76, 0xDE76, 0xDE76, 0xDE76, 0xDE76, 0xDE76, 0xDE76, 0xDE76, 0xDE76,
  0xDE76, 0xE6D7, 0x8C2E, 0xDC66, 0xE487, 0x4162, 0x1924, 0x3143, 0x5981, 0x3922, 0xBB85, 0x92A3,
  0x5161, 0x0000, 0x0021, 0x0021, 0x0021, 0x0021, 0x0021, 0x0021, 0x0021, 0x0021, 0x0021, 0x0021,
  0x0021, 0x0021, 0x0021, 0x0021, 0x0021, 0x0021, 0x0021, 0x0021, 0x0021, 0x0021, 0x0021, 0x0021,
  0x0021, 0x0021, 0x0021, 0x0021, 0x0021, 0x0021, 0x0021, 0x0021, 0x0021, 0x0021, 0x0021, 0x0021,
  0x0021, 0x0021, 0x0021, 0x0021, 0x0021, 0x0021, 0x0021, 0x0021, 0x0021, 0x0021, 0x0021, 0x0021,
  0x0021, 0x0021, 0x0021, 0x0021, 0x0021, 0x0021, 0x0021, 0x0021, 0x0021, 0x0000, 0x20C2, 0xCBC5,
  0xA4AF, 0xE6B7, 0xDE76, 0xE6B7, 0xE6B7, 0xDE56, 0xB532, 0x9C6F, 0x9C8F, 0xAD11, 0xCE15, 0xDE96,
  0xE6D7, 0xE6B7, 0xDE76, 0xDE56, 0xDE76, 0xDE76, 0xDE76, 0xDE76, 0xDE76, 0xDE76, 0xDE76, 0xDE76,
  0xDE76, 0xDE76, 0xDE76, 0xDE76, 0xDE76, 0xDE76, 0xDE76, 0xDE76, 0xDE76, 0xDE76, 0xDE76, 0xDE76,
  0xDE76, 0xDE76, 0xDE76, 0xDE76, 0xDE76, 0xDE76, 0xDE76, 0xDE76, 0xDE55, 0xDE76, 0xDE76, 0xDE76,
  0xDE76, 0xDE76, 0xDE76, 0xDE76, 0xDE76, 0xDE76, 0xDE76, 0xDE76, 0xDE76, 0xDE76, 0xDE76, 0xDE76,
  0xDE76, 0xDE76, 0xDE76, 0xDE76, 0xDE76, 0xDE76, 0xDE76, 0xDE76, 0xDE76, 0xDE76, 0xDE76, 0xDE76,
  0xDE76, 0xDE76, 0xDE76, 0xDE76, 0xDE76, 0xDE76, 0xDE76, 0xDE76, 0xDE76, 0xDE76, 0xDE76, 0xDE76,
  0xDE76, 0xDE76, 0xDE76, 0xDE76, 0xE6B7, 0xB573, 0xA387, 0xFD47, 0x7A64, 0x2103, 0x2145, 0x3143,
  0x5981, 0x9AE4, 0xA324, 0x7A01, 0x0820, 0x0021, 0x0021, 0x0021, 0x0021, 0x0021, 0x0021, 0x0021,
  0x0021, 0x0021, 0x0021, 0x0021, 0x0021, 0x0021, 0x0021, 0x0021, 0x0021, 0x0021, 0x0021, 0x0021,
  0x0021, 0x0021, 0x0021, 0x0021, 0x0021, 0x0021, 0x0021, 0x0021, 0x0021, 0x0021, 0x0021, 0x0021,
  0x0021, 0x0021, 0x0021, 0x0021, 0x0021, 0x0021, 0x0021, 0x0021, 0x0021, 0x0021, 0x0021, 0x0021,
  0x0021, 0x0021, 0x0021, 0x0021, 0x0021, 0x0021, 0x0021, 0x0021, 0x0021, 0x0021, 0x0021, 0x0021,
  0x0021, 0x0000, 0xB344, 0xAC2B, 0xD676, 0xDE55, 0xDE56, 0xDE56, 0xDE55, 0xDE76, 0xE697, 0xE696,
  0xD615, 0xBD72, 0x7BAC, 0x946F, 0xACF1, 0xC5B3, 0xDE76, 0xE6B7, 0xE6B7, 0xDE76, 0xDE56, 0xDE76,
  0xDE76, 0xDE76, 0xDE76, 0xDE76, 0xDE76, 0xDE76, 0xDE76, 0xDE76, 0xDE76, 0xDE76, 0xDE76, 0xDE76,
  0xDE76, 0xDE76, 0xDE76, 0xDE76, 0xDE76, 0xDE76, 0xDE76, 0xDE76, 0xDE76, 0xDE76, 0xDE76, 0xDE76,
  0xDE76, 0xDE76, 0xDE76, 0xDE76, 0xDE76, 0xDE76, 0xDE76, 0xDE76, 0xDE76, 0xDE76, 0xDE76, 0xDE76,
  0xDE76, 0xDE76, 0xDE76, 0xDE76, 0xDE76, 0xDE76, 0xDE76, 0xDE76, 0xDE76, 0xDE76, 0xDE76, 0xDE76,
  0xDE76, 0xDE76, 0xDE76, 0xDE76, 0xDE76, 0xDE76, 0xDE76, 0xDE76, 0xDE76, 0xDE76, 0xDE76, 0xDE76,
  0xDE76, 0xDE76, 0xDE76, 0xDE76, 0xDE76, 0xDE76, 0xDE76, 0xDE76, 0xDE77, 0x8B8A, 0xFD07, 0xBBA6,
  0x2902, 0x2145, 0x2924, 0x20E3, 0x71E1, 0xAB85, 0x9262, 0x30E1, 0x0000, 0x0021, 0x0021, 0x0021,
  0x0021, 0x0021, 0x0021, 0x0021, 0x0021, 0x0021, 0x0021, 0x0021, 0x0021, 0x0021, 0x0021, 0x0021,
  0x0021, 0x0021, 0x0021, 0x0021, 0x0021, 0x0021, 0x0021, 0x0021, 0x0021, 0x0021, 0x0021, 0x0021,
  0x0021, 0x0021, 0x0021, 0x0021, 0x0021, 0x0021, 0x0021, 0x0021, 0x0021, 0x0021, 0x0021, 0x0021,
  0x0021, 0x0021, 0x0021, 0x0021, 0x0021, 0x0021, 0x0021, 0x0021, 0x0021, 0x0021, 0x0021, 0x0021,
  0x0021, 0x0021, 0x0021, 0x0041, 0x0000, 0x8263, 0xC407, 0xC5D4, 0xE696, 0xDE55, 0xDE76, 0xDE76,
  0xDE76, 0xDE76, 0xDE56, 0xD655, 0xE6B7, 0xCDF4, 0xB552, 0xDE76, 0xBD72, 0x9CAF, 0x946F, 0xA4D0,
  0xC593, 0xDE56, 0xE6B7, 0xE6B7, 0xDE76, 0xDE56, 0xDE76, 0xDE76, 0xDE76, 0xDE76, 0xDE76, 0xDE76,
  0xDE76, 0xDE76, 0xDE76, 0xDE76, 0xDE76, 0xDE76, 0xDE76, 0xDE76, 0xDE76, 0xDE76, 0xDE76, 0xDE76,
  0xDE76, 0xDE76, 0xDE76, 0xDE76, 0xDE76, 0xDE76, 0xDE76, 0xDE76, 0xDE76, 0xDE76, 0xDE76, 0xDE76,
  0xDE76, 0xDE76, 0xDE76, 0xDE76, 0xDE76, 0xDE76, 0xDE76, 0xDE76, 0xDE76, 0xDE76, 0xDE76, 0xDE76,
  0xDE76, 0xDE76, 0xDE76, 0xDE76, 0xDE76, 0xDE76, 0xDE76, 0xDE76, 0xDE76, 0xDE76, 0xDE76, 0xDE76,
  0xDE76, 0xDE76, 0xDE76, 0xDE76, 0xDE76, 0xDE76, 0xDE76, 0xDE76, 0xDE76, 0xDE76, 0xDE76, 0xEED7,
  0x948F, 0xCC06, 0xF4C7, 0x51A2, 0x1904, 0x2145, 0x2145, 0x3102, 0xA304, 0x92E3, 0x61A1, 0x0000,
  0x0021, 0x0021, 0x0021, 0x0021, 0x0021, 0x0021, 0x0021, 0x0021, 0x0021, 0x0021, 0x0021, 0x0021,
  0x0021, 0x0021, 0x0021, 0x0021, 0x0021, 0x0021, 0x0021, 0x0021, 0x0021, 0x0021, 0x0021, 0x0021,
  0x0021, 0x0021, 0x0021, 0x0021, 0x0021, 0x0021, 0x0021, 0x0021, 0x0021, 0x0021, 0x0021, 0x0021,
  0x0021, 0x0021, 0x0021, 0x0021, 0x0021, 0x0021, 0x0021, 0x0021, 0x0021, 0x0021, 0x0021, 0x0021,
  0x0021, 0x0021, 0x0021, 0x0021, 0x0021, 0x0021, 0x0021, 0x0000, 0x3101, 0xAB65, 0xB510, 0xE696,
  0xDE55, 0xDE76, 0xDE76, 0xDE76, 0xDE76, 0xDE76, 0xDE56, 0xDE76, 0xD655, 0xA4F1, 0xDE76, 0xDE76,
  0xE696, 0xE696, 0xDE56, 0xC5B3, 0xA4D0, 0x9C6F, 0x9C8F, 0xBD72, 0xD635, 0xE6B7, 0xE6B7, 0xE696,
  0xDE76, 0xDE76, 0xDE76, 0xDE76, 0xDE76, 0xDE76, 0xDE76, 0xDE76, 0xDE76, 0xDE76, 0xDE76, 0xDE76,
  0xDE76, 0xDE76, 0xDE76, 0xDE76, 0xDE76, 0xDE76, 0xDE76, 0xDE76, 0xDE76, 0xDE76, 0xDE76, 0xDE76,
  0xDE76, 0xDE76, 0xDE76, 0xDE76, 0xDE76, 0xDE76, 0xDE76, 0xDE76, 0xDE76, 0xDE76, 0xDE76, 0xDE76,
  0xDE76, 0xDE76, 0xDE76, 0xDE76, 0xDE76, 0xDE76, 0xDE76, 0xDE76, 0xDE76, 0xDE76, 0xDE76, 0xDE76,
  0xDE76, 0xDE76, 0xDE76, 0xDE76, 0xDE76, 0xDE76, 0xDE76, 0xDE76, 0xDE76, 0xDE76, 0xDE76, 0xDE76,
  0xDE76, 0xDE76, 0xE6B7, 0xC5F5, 0x9B88, 0xFD47, 0x8AC4, 0x20E3, 0x2145, 0x2945, 0x1904, 0x9AC3,
  0xA324, 0x8A41, 0x1060, 0x0021, 0x0021, 0x0021, 0x0021, 0x0021, 0x0021, 0x0021, 0x0021, 0x0021,
  0x0021, 0x0021, 0x0021, 0x0021, 0x0021, 0x0021, 0x0021, 0x0021, 0x0021, 0x0021, 0x0021, 0x0021,
  0x0021, 0x0021, 0x0021, 0x0021, 0x0021, 0x0021, 0x0021, 0x0021, 0x0021, 0x0021, 0x0021, 0x0021,
  0x0021, 0x0021, 0x0021, 0x0021, 0x0021, 0x0021, 0x0021, 0x0021, 0x0021, 0x0021, 0x0021, 0x0021,
  0x0021, 0x0021, 0x0021, 0x0021, 0x0021, 0x0021, 0x0021, 0x0021, 0x0021, 0x0021, 0x0020, 0x0841,
  0x8AE4, 0x8B8A, 0xD676, 0xE696, 0xE696, 0xDE76, 0xDE56, 0xDE56, 0xDE76, 0xDE76, 0xDE56, 0xE696,
  0xACF1, 0xCE14, 0xDE76, 0xDE56, 0xDE56, 0xDE56, 0xDE76, 0xE696, 0xE6B7, 0xDE76, 0xC5D3, 0xAD11,
  0x9C6F, 0x8C2E, 0xB552, 0xCE15, 0xE697, 0xE6B7, 0xE696, 0xDE76, 0xDE56, 0xDE76, 0xDE76, 0xDE76,
  0xDE76, 0xDE76, 0xDE76, 0xDE76, 0xDE76, 0xDE76, 0xDE76, 0xDE76, 0xDE76, 0xDE76, 0xDE76, 0xDE76,
  0xDE76, 0xDE76, 0xDE76, 0xDE76, 0xDE76, 0xDE76, 0xDE76, 0xDE76, 0xDE76, 0xDE76, 0xDE76, 0xDE76,
  0xDE76, 0xDE76, 0xDE76, 0xDE76, 0xDE76, 0xDE76, 0xDE76, 0xDE76, 0xDE76, 0xDE76, 0xDE76, 0xDE76,
  0xDE76, 0xDE76, 0xDE76, 0xDE76, 0xDE76, 0xDE76, 0xDE76, 0xDE76, 0xDE76, 0xDE76, 0xDE76, 0xDE76,
  0xDE76, 0xDE76, 0xDE76, 0xDE76, 0xDE76, 0xDE96, 0xDEB8, 0x83AB, 0xF4A5, 0xD426, 0x3122, 0x2125,
  0x2945, 0x1905, 0x61C2, 0xC3C5, 0x9282, 0x4121, 0x0000, 0x0021, 0x0021, 0x0021, 0x0021, 0x0021,
  0x0021, 0x0021, 0x0021, 0x0021, 0x0021, 0x0021, 0x0021, 0x0021, 0x0021, 0x0021, 0x0021, 0x0021,
  0x0021, 0x0021, 0x0021, 0x0021, 0x0021, 0x0021, 0x0021, 0x0021, 0x0021, 0x0021, 0x0021, 0x0021,
  0x0021, 0x0021, 0x0021, 0x0021, 0x0021, 0x0021, 0x0021, 0x0021, 0x0021, 0x0021, 0x0021, 0x0021,
  0x0021, 0x0021, 0x0021, 0x0021, 0x0021, 0x0021, 0x0021, 0x0021, 0x0021, 0x0021, 0x0021, 0x0021,
  0x0021, 0x0041, 0x0000, 0x62CA, 0xCE15, 0xB531, 0xAD11, 0xAD31, 0xBD93, 0xD635, 0xE696, 0xE696,
  0xDE76, 0xDE55, 0xE696, 0xBD72, 0xB552, 0xE696, 0xDE56, 0xDE76, 0xDE76, 0xDE76, 0xDE76, 0xDE76,
  0xDE55, 0xDE56, 0xDE76, 0xEEF8, 0xBD93, 0xA4D0, 0xB552, 0x9C6F, 0x9C6F, 0xAD11, 0xCDD4, 0xDE96,
  0xE6B7, 0xE697, 0xDE76, 0xDE56, 0xDE76, 0xDE76, 0xDE76, 0xDE76, 0xDE76, 0xDE76, 0xDE76, 0xDE76,
  0xDE76, 0xDE76, 0xDE76, 0xDE76, 0xDE76, 0xDE76, 0xDE76, 0xDE76, 0xDE76, 0xDE76, 0xDE76, 0xDE76,
  0xDE76, 0xDE76, 0xDE76, 0xDE76, 0xDE76, 0xDE76, 0xDE76, 0xDE76, 0xDE76, 0xDE76, 0xDE76, 0xDE76,
  0xDE76, 0xDE76, 0xDE76, 0xDE76, 0xDE76, 0xDE76, 0xDE76, 0xDE76, 0xDE76, 0xDE76, 0xDE76, 0xDE76,
  0xDE76, 0xDE76, 0xDE76, 0xDE76, 0xDE76, 0xDE76, 0xDE76, 0xDE76, 0xDE76, 0xE697, 0x9C0C, 0xAB24,
  0xBBC5, 0x59C2, 0x2104, 0x2945, 0x2145, 0x2903, 0xB344, 0x9AE4, 0x71E1, 0x0000, 0x0021, 0x0021,
  0x0021, 0x0021, 0x0021, 0x0021, 0x0021, 0x0021, 0x0021, 0x0021, 0x0021, 0x0021, 0x0021, 0x0021,
  0x0021, 0x0021, 0x0021, 0x0021, 0x0021, 0x0021, 0x0021, 0x0021, 0x0021, 0x0021, 0x0021, 0x0021,
  0x0021, 0x0021, 0x0021, 0x0021, 0x0021, 0x0021, 0x0021, 0x0021, 0x0021, 0x0021, 0x0021, 0x0021,
  0x0021, 0x0021, 0x0021, 0x0021, 0x0021, 0x0021, 0x0021, 0x0021, 0x0021, 0x0021, 0x0021, 0x0021,
  0x0021, 0x0021, 0x0021, 0x0021, 0x0021, 0x0021, 0x0000, 0x5A88, 0x942D, 0xA4CF, 0xBD73, 0xC5D4,
  0xBD52, 0xACF0, 0xAD11, 0xBD72, 0xCE14, 0xE6B7, 0xD655, 0xACF1, 0xE696, 0xD655, 0xDE76, 0xDE76,
  0xDE76, 0xDE76, 0xDE76, 0xDE76, 0xDE76, 0xDE56, 0xDE76, 0xCDF4, 0xA4F1, 0xE6B7, 0xE6B7, 0xE696,
  0xD635, 0xBD52, 0x9CB0, 0x946F, 0xA4D1, 0xC5B3, 0xDE76, 0xE6B7, 0xE6B7, 0xDE76, 0xDE56, 0xDE76,
  0xDE76, 0xDE76, 0xDE76, 0xDE76, 0xDE76, 0xDE76, 0xDE76, 0xDE76, 0xDE76, 0xDE76, 0xDE76, 0xDE76,
  0xDE76, 0xDE76, 0xDE76, 0xDE76, 0xDE76, 0xDE76, 0xDE76, 0xDE76, 0xDE76, 0xDE76, 0xDE76, 0xDE76,
  0xDE76, 0xDE76, 0xDE76, 0xDE76, 0xDE76, 0xDE76, 0xDE76, 0xDE76, 0xDE76, 0xDE76, 0xDE76, 0xDE76,
  0xDE76, 0xDE76, 0xDE76, 0xDE76, 0xDE76, 0xDE76, 0xDE76, 0xDE76, 0xDE76, 0xDE76, 0xDE76, 0xDE76,
  0xE6D7, 0xB573, 0x7243, 0xDCA7, 0xA325, 0x20E2, 0x2145, 0x2945, 0x1904, 0x92A3, 0xB365, 0x8A42,
  0x1880, 0x0001, 0x0021, 0x0021, 0x0021, 0x0021, 0x0021, 0x0021, 0x0021, 0x0021, 0x0021, 0x0021,
  0x0021, 0x0021, 0x0021, 0x0021, 0x0021, 0x0021, 0x0021, 0x0021, 0x0021, 0x0021, 0x0021, 0x0021,
  0x0021, 0x0021, 0x0021, 0x0021, 0x0021, 0x0021, 0x0021, 0x0021, 0x0021, 0x0021, 0x0021, 0x0021,
  0x0021, 0x0021, 0x0021, 0x0021, 0x0021, 0x0021, 0x0021, 0x0021, 0x0021, 0x0021, 0x0021, 0x0021,
  0x0021, 0x0021, 0x0021, 0x0021, 0x0021, 0x0021, 0x0021, 0x0021, 0x0021, 0x0000, 0x20E3, 0x3165,
  0x39C5, 0x5A87, 0x732A, 0x8BEC, 0xACD0, 0xBD72, 0xC5B3, 0xBD72, 0xACF1, 0xB531, 0x83CD, 0xC593,
  0xE697, 0xE697, 0xDE96, 0xDE76, 0xDE56, 0xDE76, 0xDE76, 0xDE76, 0xDE76, 0xDE76, 0xDE96, 0xA4D1,
  0xD635, 0xDE76, 0xDE56, 0xDE56, 0xDE76, 0xE6B7, 0xE6B7, 0xD635, 0xBD72, 0xA4D0, 0x944E, 0xA4B0,
  0xC5B4, 0xD635, 0xE6B7, 0xE6B7, 0xDE96, 0xDE56, 0xDE76, 0xDE76, 0xDE76, 0xDE76, 0xDE76, 0xDE76,
  0xDE76, 0xDE76, 0xDE76, 0xDE76, 0xDE76, 0xDE76, 0xDE76, 0xDE76, 0xDE76, 0xDE76, 0xDE76, 0xDE76,
  0xDE76, 0xDE76, 0xDE76, 0xDE76, 0xDE76, 0xDE76, 0xDE76, 0xDE76, 0xDE76, 0xDE76, 0xDE76, 0xDE76,
  0xDE76, 0xDE76, 0xDE76, 0xDE76, 0xDE76, 0xDE76, 0xDE76, 0xDE76, 0xDE76, 0xDE76, 0xDE76, 0xDE76,
  0xDE76, 0xDE76, 0xDE76, 0xDE76, 0xE6B7, 0x8C0D, 0xD405, 0xA345, 0x61A1, 0x3964, 0x2965, 0x1925,
  0x4962, 0xC3C5, 0x9AA3, 0x5141, 0x0000, 0x0021, 0x0021, 0x0021, 0x0021, 0x0021, 0x0021, 0x0021,
  0x0021, 0x0021, 0x0021, 0x0021, 0x0021, 0x0021, 0x0021, 0x0021, 0x0021, 0x0021, 0x0021, 0x0021,
  0x0021, 0x0021, 0x0021, 0x0021, 0x0021, 0x0021, 0x0021, 0x0021, 0x0021, 0x0021, 0x0021, 0x0021,
  0x0021, 0x0021, 0x0021, 0x0021, 0x0021, 0x0021, 0x0021, 0x0021, 0x0021, 0x0021, 0x0021, 0x0021,
  0x0021, 0x0021, 0x0021, 0x0021, 0x0021, 0x0021, 0x0021, 0x0021, 0x0021, 0x0021, 0x0021, 0x0021,
  0x0000, 0x1082, 0x39C7, 0x31A6, 0x2145, 0x2125, 0x2945, 0x39A5, 0x5267, 0x732A, 0x83AC, 0xA4AF,
  0xC5B3, 0x9C90, 0xA4D0, 0xB531, 0xACF1, 0xB552, 0xCDD4, 0xDE76, 0xE6B7, 0xE696, 0xDE76, 0xDE56,
  0xDE55, 0xE696, 0xB532, 0xC5B4, 0xE696, 0xDE55, 0xDE76, 0xDE76, 0xDE76, 0xDE56, 0xDE56, 0xDE76,
  0xE696, 0xE6B7, 0xDE96, 0xB531, 0x83AC, 0x9C8F, 0x9C8F, 0xB552, 0xD635, 0xE6B7, 0xE6B7, 0xE696,
  0xDE76, 0xDE76, 0xDE76, 0xDE76, 0xDE76, 0xDE76, 0xDE76, 0xDE76, 0xDE76, 0xDE76, 0xDE76, 0xDE76,
  0xDE76, 0xDE76, 0xDE76, 0xDE76, 0xDE76, 0xDE76, 0xDE76, 0xDE76, 0xDE76, 0xDE76, 0xDE76, 0xDE76,
  0xDE76, 0xDE76, 0xDE76, 0xDE76, 0xDE76, 0xDE76, 0xDE76, 0xDE76, 0xDE76, 0xDE76, 0xDE76, 0xDE76,
  0xDE76, 0xDE76, 0xDE76, 0xDE76, 0xDE76, 0xDE76, 0xDE76, 0xEED7, 0xAD12, 0xB3A6, 0xFD68, 0x7A63,
  0x5140, 0x2923, 0x2166, 0x2924, 0xB344, 0x9B04, 0x7A01, 0x0820, 0x0021, 0x0021, 0x0021, 0x0021,
  0x0021, 0x0021, 0x0021, 0x0021, 0x0021, 0x0021, 0x0021, 0x0021, 0x0021, 0x0021, 0x0021, 0x0021,
  0x0021, 0x0021, 0x0021, 0x0021, 0x0021, 0x0021, 0x0021, 0x0021, 0x0021, 0x0021, 0x0021, 0x0021,
  0x0021, 0x0021, 0x0021, 0x0021, 0x0021, 0x0021, 0x0021, 0x0021, 0x0021, 0x0021, 0x0021, 0x0021,
  0x0021, 0x0021, 0x0021, 0x0021, 0x0021, 0x0021, 0x0021, 0x0021, 0x0021, 0x0021, 0x0021, 0x0021,
  0x0021, 0x0021, 0x0021, 0x0020, 0x0041, 0x31A6, 0x31A6, 0x3186, 0x31A6, 0x31A6, 0x3186, 0x2966,
  0x2125, 0x2944, 0x39A5, 0x5267, 0x6AE9, 0x5AA8, 0xA4D0, 0xBD72, 0xC5B3, 0xBD93, 0xB511, 0xACF1,
  0xB532, 0xC5D4, 0xDE76, 0xE6B7, 0xE6B7, 0xC5D4, 0xA4D0, 0xE696, 0xDE56, 0xDE76, 0xDE76, 0xDE76,
  0xDE76, 0xDE76, 0xDE76, 0xDE76, 0xDE76, 0xDE55, 0xE696, 0xAD11, 0xD635, 0xDE96, 0xCDD4, 0xACF1,
  0x9C6F, 0x9C8F, 0xB531, 0xCDF4, 0xE697, 0xE6B7, 0xE696, 0xDE76, 0xDE76, 0xDE76, 0xDE76, 0xDE76,
  0xDE76, 0xDE76, 0xDE76, 0xDE76, 0xDE76, 0xDE76, 0xDE76, 0xDE76, 0xDE76, 0xDE76, 0xDE76, 0xDE76,
  0xDE76, 0xDE76, 0xDE76, 0xDE76, 0xDE76, 0xDE76, 0xDE76, 0xDE76, 0xDE76, 0xDE76, 0xDE76, 0xDE76,
  0xDE76, 0xDE76, 0xDE76, 0xDE76, 0xDE76, 0xDE76, 0xDE76, 0xDE76, 0xDE76, 0xDE76, 0xDE96, 0xD676,
  0x8B8A, 0xFCE6, 0xB365, 0x20E2, 0x61C2, 0x3964, 0x10E4, 0x7A63, 0xB3A5, 0x8A62, 0x28C1, 0x0000,
  0x0021, 0x0021, 0x0021, 0x0021, 0x0021, 0x0021, 0x0021, 0x0021, 0x0021, 0x0021, 0x0021, 0x0021,
  0x0021, 0x0021, 0x0021, 0x0021, 0x0021, 0x0021, 0x0021, 0x0021, 0x0021, 0x0021, 0x0021, 0x0021,
  0x0021, 0x0021, 0x0021, 0x0021, 0x0021, 0x0021, 0x0021, 0x0021, 0x0021, 0x0021, 0x0021, 0x0021,
  0x0021, 0x0021, 0x0021, 0x0021, 0x0021, 0x0021, 0x0021, 0x0021, 0x0021, 0x0021, 0x0021, 0x0021,
  0x0021, 0x0021, 0x0021, 0x0021, 0x0021, 0x0021, 0x0021, 0x0000, 0x2124, 0x31C7, 0x2986, 0x3186,
  0x3186, 0x3186, 0x3186, 0x31A6, 0x31A6, 0x3186, 0x2966, 0x2125, 0x2124, 0x3165, 0x4A47, 0x6B09,
  0x838B, 0x9C6E, 0xB552, 0xC593, 0xBD93, 0xB531, 0xACF1, 0xAD11, 0xC5B3, 0xA4F1, 0xE696, 0xE696,
  0xDE55, 0xDE55, 0xDE56, 0xDE76, 0xDE76, 0xDE76, 0xDE76, 0xDE76, 0xDE76, 0xE6B7, 0xB531, 0xBD93,
  0xE696, 0xD655, 0xE696, 0xE6B7, 0xE696, 0xCE14, 0xB531, 0x9C8F, 0x946F, 0xACF0, 0xCDD4, 0xE6B7,
  0xE6B7, 0xE696, 0xDE76, 0xDE76, 0xDE76, 0xDE76, 0xDE76, 0xDE76, 0xDE76, 0xDE76, 0xDE76, 0xDE76,
  0xDE76, 0xDE76, 0xDE76, 0xDE76, 0xDE76, 0xDE76, 0xDE76, 0xDE76, 0xDE76, 0xDE76, 0xDE76, 0xDE76,
  0xDE76, 0xDE76, 0xDE76, 0xDE76, 0xDE76, 0xDE76, 0xDE76, 0xDE76, 0xDE76, 0xDE76, 0xDE76, 0xDE76,
  0xDE76, 0xDE76, 0xEED7, 0x8C2E, 0xDC66, 0xECC7, 0x4962, 0x2104, 0x69C2, 0x3144, 0x4143, 0xBB84,
  0x92A3, 0x6181, 0x0000, 0x0021, 0x0021, 0x0021, 0x0021, 0x0021, 0x0021, 0x0021, 0x0021, 0x0021,
  0x0021, 0x0021, 0x0021, 0x0021, 0x0021, 0x0021, 0x0021, 0x0021, 0x0021, 0x0021, 0x0021, 0x0021,
  0x0021, 0x0021, 0x0021, 0x0021, 0x0021, 0x0021, 0x0021, 0x0021, 0x0021, 0x0021, 0x0021, 0x0021,
  0x0021, 0x0021, 0x0021, 0x0021, 0x0021, 0x0021, 0x0021, 0x0021, 0x0021, 0x0021, 0x0021, 0x0021,
  0x0021, 0x0021, 0x0021, 0x0021, 0x0021, 0x0021, 0x0021, 0x0021, 0x0021, 0x0021, 0x0000, 0x10A2,
  0x31C7, 0x2986, 0x3186, 0x3186, 0x3186, 0x3186, 0x3186, 0x3186, 0x31A6, 0x3186, 0x31A6, 0x31A6,
  0x31A6, 0x2986, 0x2125, 0x2124, 0x31A5, 0x4A27, 0x62C8, 0x7B6B, 0x9C6E, 0xB531, 0xC5B4, 0xC5B3,
  0x83CD, 0x9C6F, 0xB531, 0xC5B3, 0xD635, 0xE696, 0xE696, 0xDE76, 0xDE56, 0xDE56, 0xDE76, 0xDE56,
  0xE696, 0xCDF4, 0xACF1, 0xE696, 0xDE56, 0xDE76, 0xDE56, 0xDE56, 0xDE56, 0xDE76, 0xE6B7, 0xE6B7,
  0xD614, 0xBD52, 0xA4B0, 0x83AC, 0xA4D0, 0xC5B3, 0xDE76, 0xE6B7, 0xE6B7, 0xDE76, 0xDE76, 0xDE76,
  0xDE76, 0xDE76, 0xDE76, 0xDE76, 0xDE76, 0xDE76, 0xDE76, 0xDE76, 0xDE76, 0xDE76, 0xDE76, 0xDE76,
  0xDE76, 0xDE76, 0xDE76, 0xDE76, 0xDE76, 0xDE76, 0xDE76, 0xDE76, 0xDE76, 0xDE76, 0xDE76, 0xDE76,
  0xDE76, 0xDE76, 0xDE76, 0xDE76, 0xDE76, 0xE6B7, 0xBD94, 0xA387, 0xFD47, 0x8AC4, 0x2924, 0x2145,
  0x5981, 0x20E2, 0xA304, 0xA324, 0x8221, 0x0840, 0x0021, 0x0021, 0x0021, 0x0021, 0x0021, 0x0021,
  0x0021, 0x0021, 0x0021, 0x0021, 0x0021, 0x0021, 0x0021, 0x0021, 0x0021, 0x0021, 0x0021, 0x0021,
  0x0021, 0x0021, 0x0021, 0x0021, 0x0021, 0x0021, 0x0021, 0x0021, 0x0021, 0x0021, 0x0021, 0x0021,
  0x0021, 0x0021, 0x0021, 0x0021, 0x0021, 0x0021, 0x0021, 0x0021, 0x0021, 0x0021, 0x0021, 0x0021,
  0x0021, 0x0021, 0x0021, 0x0021, 0x0021, 0x0021, 0x0021, 0x0021, 0x0021, 0x0021, 0x0021, 0x0021,
  0x0021, 0x0020, 0x0841, 0x31A6, 0x2986, 0x2986, 0x3186, 0x3186, 0x3186, 0x3186, 0x3186, 0x31A6,
  0x31A6, 0x31A6, 0x3186, 0x3186, 0x3186, 0x31A6, 0x31A6, 0x31A6, 0x2966, 0x2125, 0x2124, 0x3185,
  0x4A27, 0x62E9, 0x7B8B, 0x83CC, 0x83CD, 0xBD92, 0xC5B3, 0xBD73, 0xAD11, 0xACF1, 0xBD73, 0xD635,
  0xE696, 0xE697, 0xDE76, 0xDE76, 0xDE56, 0xA4D0, 0xDE56, 0xDE76, 0xDE56, 0xDE76, 0xDE76, 0xDE76,
  0xDE76, 0xDE76, 0xDE56, 0xDE56, 0xDE76, 0xEED7, 0xC5B3, 0xB531, 0xC5B3, 0xA4B0, 0x944E, 0xA4B0,
  0xBD93, 0xD656, 0xE6B7, 0xE6B7, 0xDE96, 0xDE76, 0xDE56, 0xDE76, 0xDE76, 0xDE76, 0xDE76, 0xDE76,
  0xDE76, 0xDE76, 0xDE76, 0xDE76, 0xDE76, 0xDE76, 0xDE76, 0xDE76, 0xDE76, 0xDE76, 0xDE76, 0xDE76,
  0xDE76, 0xDE76, 0xDE76, 0xDE76, 0xDE76, 0xDE76, 0xDE76, 0xDE76, 0xDE76, 0xDE76, 0x83AB, 0xFD07,
  0xC3C6, 0x3102, 0x2965, 0x2145, 0x59A2, 0x69C1, 0xB385, 0x92A2, 0x3901, 0x0000, 0x0021, 0x0021,
  0x0021, 0x0021, 0x0021, 0x0021, 0x0021, 0x0021, 0x0021, 0x0021, 0x0021, 0x0021, 0x0021, 0x0021,
  0x0021, 0x0021, 0x0021, 0x0021, 0x0021, 0x0021, 0x0021, 0x0021, 0x0021, 0x0021, 0x0021, 0x0021,
  0x0021, 0x0021, 0x0021, 0x0021, 0x0021, 0x0021, 0x0021, 0x0021, 0x0021, 0x0021, 0x0021, 0x0021,
  0x0021, 0x0021, 0x0021, 0x0021, 0x0021, 0x0021, 0x0021, 0x0021, 0x0021, 0x0021, 0x0021, 0x0021,
  0x0021, 0x0021, 0x0021, 0x0021, 0x0021, 0x0000, 0x2945, 0x31A6, 0x2986, 0x3186, 0x3186, 0x3186,
  0x3186, 0x3186, 0x3186, 0x3186, 0x3186, 0x31A6, 0x31A6, 0x3186, 0x3186, 0x3186, 0x3186, 0x3186,
  0x31A6, 0x31A6, 0x31A7, 0x2986, 0x2145, 0x2124, 0x3165, 0x39C5, 0x5267, 0x7B8B, 0x944E, 0xACF0,
  0xBD93, 0xC593, 0xB552, 0xACF1, 0xAD11, 0xBD72, 0xD615, 0xEED7, 0xB552, 0xC5D4, 0xE696, 0xDE55,
  0xDE56, 0xDE76, 0xDE76, 0xDE76, 0xDE76, 0xDE76, 0xDE76, 0xDE76, 0xDE76, 0xCE15, 0xA4D1, 0xE6B7,
  0xE696, 0xE696, 0xDE76, 0xC5B3, 0xACF0, 0x9C6F, 0x9C8F, 0xB552, 0xD635, 0xE697, 0xE6B7, 0xE696,
  0xDE76, 0xDE56, 0xDE76, 0xDE76, 0xDE76, 0xDE76, 0xDE76, 0xDE76, 0xDE76, 0xDE76, 0xDE76, 0xDE76,
  0xDE76, 0xDE76, 0xDE76, 0xDE76, 0xDE76, 0xDE76, 0xDE76, 0xDE76, 0xDE76, 0xDE76, 0xDE76, 0xE697,
  0xEF19, 0xA4D0, 0xCBE5, 0xFD08, 0x59C3, 0x1904, 0x2945, 0x2945, 0x5181, 0xAB44, 0x9AE4, 0x69C1,
  0x0000, 0x0021, 0x0021, 0x0021, 0x0021, 0x0021, 0x0021, 0x0021, 0x0021, 0x0021, 0x0021, 0x0021,
  0x0021, 0x0021, 0x0021, 0x0021, 0x0021, 0x0021, 0x0021, 0x0021, 0x0021, 0x0021, 0x0021, 0x0021,
  0x0021, 0x0021, 0x0021, 0x0021, 0x0021, 0x0021, 0x0021, 0x0021, 0x0021, 0x0021, 0x0021, 0x0021,
  0x0021, 0x0021, 0x0021, 0x0021, 0x0021, 0x0021, 0x0021, 0x0021, 0x0021, 0x0021, 0x0021, 0x0021,
  0x0021, 0x0021, 0x0021, 0x0021, 0x0021, 0x0021, 0x0021, 0x0021, 0x0000, 0x18C3, 0x31C7, 0x2986,
  0x3186, 0x3186, 0x3186, 0x3186, 0x3186, 0x3186, 0x3186, 0x3186, 0x3186, 0x3186, 0x3186, 0x3186,
  0x3186, 0x3186, 0x3186, 0x3186, 0x31A6, 0x3186, 0x3186, 0x31A6, 0x31A6, 0x31A6, 0x2986, 0x2965,
  0x2145, 0x3185, 0x41E6, 0x5A88, 0x734A, 0x940D, 0xACF0, 0xBD93, 0xC593, 0xB552, 0xB532, 0x9C6F,
  0x944F, 0xDE56, 0xDE76, 0xE696, 0xDE76, 0xDE56, 0xDE56, 0xDE76, 0xDE76, 0xDE76, 0xDE76, 0xDE76,
  0xDE76, 0xA4F1, 0xD635, 0xDE76, 0xDE55, 0xDE55, 0xDE76, 0xE696, 0xE6B7, 0xDE76, 0xCDF4, 0xAD11,
  0x944E, 0x9C8F, 0xB552, 0xCDF4, 0xE696, 0xE6B7, 0xE697, 0xDE76, 0xDE76, 0xDE76, 0xDE76, 0xDE76,
  0xDE76, 0xDE76, 0xDE76, 0xDE76, 0xDE76, 0xDE76, 0xDE76, 0xDE76, 0xDE76, 0xDE76, 0xDE76, 0xDE76,
  0xDE76, 0xDE76, 0xE6D7, 0xAD11, 0x83AB, 0x8307, 0xECA6, 0x8AC4, 0x20E3, 0x2145, 0x2945, 0x20E3,
  0x7A22, 0xA345, 0x8A41, 0x1880, 0x0001, 0x0021, 0x0021, 0x0021, 0x0021, 0x0021, 0x0021, 0x0021,
  0x0021, 0x0021, 0x0021, 0x0021, 0x0021, 0x0021, 0x0021, 0x0021, 0x0021, 0x0021, 0x0021, 0x0021,
  0x0021, 0x0021, 0x0021, 0x0021, 0x0021, 0x0021, 0x0021, 0x0021, 0x0021, 0x0021, 0x0021, 0x0021,
  0x0021, 0x0021, 0x0021, 0x0021, 0x0021, 0x0021, 0x0021, 0x0021, 0x0021, 0x0021, 0x0021, 0x0021,
  0x0021, 0x0021, 0x0021, 0x0021, 0x0021, 0x0021, 0x0021, 0x0021, 0x0021, 0x0021, 0x0021, 0x0000,
  0x0021, 0x31A6, 0x3186, 0x3186, 0x3186, 0x3186, 0x3186, 0x3186, 0x3186, 0x3186, 0x3186, 0x3186,
  0x3186, 0x3186, 0x3186, 0x3186, 0x31A6, 0x3186, 0x31A6, 0x3186, 0x31A6, 0x3186, 0x31A6, 0x3186,
  0x3186, 0x31A6, 0x31A6, 0x31A6, 0x31A6, 0x2986, 0x2145, 0x2125, 0x2965, 0x41E6, 0x5A67, 0x732A,
  0x8BED, 0xA4D0, 0xBD73, 0x8C2E, 0xBD73, 0xAD11, 0xACF0, 0xB552, 0xCDF4, 0xDE76, 0xE697, 0xDE96,
  0xDE76, 0xDE56, 0xDE56, 0xE6B7, 0xB552, 0xBD93, 0xE696, 0xDE55, 0xDE76, 0xDE76, 0xDE56, 0xDE56,
  0xDE56, 0xDE56, 0xDE96, 0xE6B7, 0xE696, 0xD635, 0x83CC, 0x944E, 0x9C6F, 0xA4F1, 0xC5D4, 0xDE96,
  0xE6B7, 0xE697, 0xDE76, 0xDE76, 0xDE76, 0xDE76, 0xDE76, 0xDE76, 0xDE76, 0xDE76, 0xDE76, 0xDE76,
  0xDE76, 0xDE76, 0xDE76, 0xDE76, 0xDE76, 0xE6B7, 0xC5F5, 0x9B68, 0xEC24, 0xD3E5, 0xB385, 0x3942,
  0x2124, 0x2945, 0x1925, 0x59C3, 0xBBA5, 0x9282, 0x4941, 0x0000, 0x0021, 0x0021, 0x0021, 0x0021,
  0x0021, 0x0021, 0x0021, 0x0021, 0x0021, 0x0021, 0x0021, 0x0021, 0x0021, 0x0021, 0x0021, 0x0021,
  0x0021, 0x0021, 0x0021, 0x0021, 0x0021, 0x0021, 0x0021, 0x0021, 0x0021, 0x0021, 0x0021, 0x0021,
  0x0021, 0x0021, 0x0021, 0x0021, 0x0021, 0x0021, 0x0021, 0x0021, 0x0021, 0x0021, 0x0021, 0x0021,
  0x0021, 0x0021, 0x0021, 0x0021, 0x0021, 0x0021, 0x0021, 0x0021, 0x0021, 0x0021, 0x0021, 0x0021,
  0x0021, 0x0021, 0x0021, 0x0020, 0x51E4, 0x41C5, 0x2125, 0x2146, 0x2986, 0x31A6, 0x31A6, 0x31A6,
  0x3186, 0x3186, 0x3186, 0x3186, 0x3186, 0x3186, 0x3186, 0x31A6, 0x31A6, 0x31A6, 0x31A6, 0x31A6,
  0x31A6, 0x3186, 0x31A6, 0x31A6, 0x31A6, 0x31A6, 0x31A6, 0x31A6, 0x3186, 0x31A6, 0x31A6, 0x31A6,
  0x2986, 0x2145, 0x2125, 0x2965, 0x41E6, 0x5A88, 0x62A8, 0x732A, 0xA4CF, 0xB531, 0xC5B3, 0xBD93,
  0xAD11, 0xACF1, 0xB552, 0xCDF4, 0xDE76, 0xE6B7, 0xE6B7, 0xCDF4, 0xA4F1, 0xE696, 0xDE55, 0xDE76,
  0xDE76, 0xDE76, 0xDE76, 0xDE76, 0xDE76, 0xDE76, 0xDE76, 0xDE55, 0xE696, 0xBD73, 0xBD73, 0xEED7,
  0xD635, 0xB552, 0x9CAF, 0x9C6F, 0xA4F1, 0xC5B3, 0xDE76, 0xE6B7, 0xE6B7, 0xDE76, 0xDE76, 0xDE76,
  0xDE76, 0xDE76, 0xDE76, 0xDE76, 0xDE76, 0xDE76, 0xDE76, 0xDE76, 0xDE76, 0xDE97, 0x8BCB, 0xF4A6,
  0xFD07, 0xFD06, 0xECC8, 0x51A3, 0x2124, 0x2145, 0x2103, 0xB364, 0x9AE4, 0x7A01, 0x0020, 0x0021,
  0x0021, 0x0021, 0x0021, 0x0021, 0x0021, 0x0021, 0x0021, 0x0021, 0x0021, 0x0021, 0x0021, 0x0021,
  0x0021, 0x0021, 0x0021, 0x0021, 0x0021, 0x0021, 0x0021, 0x0021, 0x0021, 0x0021, 0x0021, 0x0021,
  0x0021, 0x0021, 0x0021, 0x0021, 0x0021, 0x0021, 0x0021, 0x0021, 0x0021, 0x0021, 0x0021, 0x0021,
  0x0021, 0x0021, 0x0021, 0x0021, 0x0021, 0x0021, 0x0021, 0x0021, 0x0021, 0x0021, 0x0021, 0x0021,
  0x0021, 0x0021, 0x0021, 0x0021, 0x0021, 0x0041, 0x0001, 0x20C1, 0xB3C6, 0xA366, 0x8B05, 0x6265,
  0x39A5, 0x2145, 0x2166, 0x2986, 0x31A6, 0x31A6, 0x3186, 0x3186, 0x3186, 0x3186, 0x31A6, 0x3186,
  0x31A6, 0x31A6, 0x31A6, 0x31A6, 0x31A6, 0x31A6, 0x31A6, 0x31A6, 0x31A6, 0x31A6, 0x31A6, 0x31A6,
  0x31A6, 0x31A6, 0x3186, 0x3186, 0x3186, 0x31A6, 0x31A6, 0x3186, 0x2145, 0x2125, 0x2124, 0x39A5,
  0x5A88, 0x6B09, 0x83CC, 0x9C6F, 0xB552, 0xC5B3, 0xBD72, 0xAD11, 0xACF1, 0xB552, 0xCDF4, 0xA4B0,
  0xDE96, 0xE696, 0xDE76, 0xDE56, 0xDE56, 0xDE76, 0xDE76, 0xDE76, 0xDE76, 0xDE76, 0xDE76, 0xDE96,
  0xD615, 0xA4D1, 0xDE76, 0xD655, 0xDE76, 0xE6B7, 0xE6B7, 0xDE55, 0xBD93, 0xA4B0, 0x944F, 0x9CB0,
  0xBD93, 0xDE56, 0xEED7, 0xE6B7, 0xDE96, 0xDE76, 0xDE76, 0xDE76, 0xDE76, 0xDE76, 0xDE76, 0xDE76,
  0xE6B7, 0xBDB4, 0x7244, 0xBBA5, 0xD488, 0xED09, 0x92E4, 0x5161, 0x2125, 0x1904, 0x8243, 0xB385,
  0x9262, 0x20A1, 0x0000, 0x0021, 0x0021, 0x0021, 0x0021, 0x0021, 0x0021, 0x0021, 0x0021, 0x0021,
  0x0021, 0x0021, 0x0021, 0x0021, 0x0021, 0x0021, 0x0021, 0x0021, 0x0021, 0x0021, 0x0021, 0x0021,
  0x0021, 0x0021, 0x0021, 0x0021, 0x0021, 0x0021, 0x0021, 0x0021, 0x0021, 0x0021, 0x0021, 0x0021,
  0x0021, 0x0021, 0x0021, 0x0021, 0x0021, 0x0021, 0x0021, 0x0021, 0x0021, 0x0021, 0x0021, 0x0021,
  0x0021, 0x0021, 0x0021, 0x0021, 0x0021, 0x0021, 0x0021, 0x0021, 0x0021, 0x0041, 0x0001, 0x28C1,
  0xC343, 0xB344, 0xBBA5, 0xAB85, 0xABA6, 0x9346, 0x6A85, 0x41A5, 0x2945, 0x2146, 0x2986, 0x31A6,
  0x31A6, 0x31A6, 0x3186, 0x31A6, 0x3186, 0x31A6, 0x31A6, 0x31A6, 0x31A6, 0x31A6, 0x31A6, 0x31A6,
  0x31A6, 0x31A6, 0x31A6, 0x31A6, 0x31A6, 0x31A6, 0x31A6, 0x3186, 0x3186, 0x3186, 0x3186, 0x3186,
  0x31A6, 0x31A6, 0x31A6, 0x2966, 0x2125, 0x2945, 0x39C6, 0x5267, 0x6B09, 0x83AB, 0x9C6E, 0xB552,
  0xC5B3, 0xC5B3, 0x8C0E, 0x942E, 0xB552, 0xC5B3, 0xDE55, 0xE6B7, 0xE696, 0xDE76, 0xDE56, 0xDE56,
  0xDE76, 0xDE76, 0xDE56, 0xE696, 0xA4F1, 0xD615, 0xDE76, 0xDE56, 0xDE76, 0xDE56, 0xDE56, 0xDE76,
  0xE696, 0xE6B7, 0xDE56, 0xC593, 0xA4D0, 0x946F, 0x942E, 0xBD73, 0xD635, 0xE6B7, 0xE6B7, 0xDE96,
  0xDE76, 0xDE76, 0xDE76, 0xDE76, 0xE6B7, 0xBD93, 0x92A3, 0xC363, 0xBB64, 0x8AE5, 0x8A41, 0x61C2,
  0x1925, 0x49A3, 0xC3A4, 0x92A3, 0x5981, 0x0000, 0x0041, 0x0021, 0x0021, 0x0021, 0x0021, 0x0021,
  0x0021, 0x0021, 0x0021, 0x0021, 0x0021, 0x0021, 0x0021, 0x0021, 0x0021, 0x0021, 0x0021, 0x0021,
  0x0021, 0x0021, 0x0021, 0x0021, 0x0021, 0x0021, 0x0021, 0x0021, 0x0021, 0x0021, 0x0021, 0x0021,
  0x0021, 0x0021, 0x0021, 0x0021, 0x0021, 0x0021, 0x0021, 0x0021, 0x0021, 0x0021, 0x0021, 0x0021,
  0x0021, 0x0021, 0x0021, 0x0021, 0x0021, 0x0021, 0x0021, 0x0021, 0x0021, 0x0021, 0x0021, 0x0021,
  0x0021, 0x0021, 0x0001, 0x28C1, 0xD3A4, 0xDC04, 0xBB64, 0x9325, 0xA2E3, 0xBB85, 0xB3A6, 0xABC6,
  0x9366, 0x6A86, 0x41C5, 0x2945, 0x2146, 0x2986, 0x31A6, 0x31A6, 0x31A6, 0x31A6, 0x31A6, 0x31A6,
  0x3186, 0x3186, 0x3186, 0x31A6, 0x31A6, 0x31A6, 0x31A6, 0x31A6, 0x31A6, 0x31A6, 0x3186, 0x31A6,
  0x31A6, 0x3186, 0x31A6, 0x3186, 0x3186, 0x3186, 0x3186, 0x31A6, 0x31A6, 0x31A6, 0x2966, 0x2125,
  0x2124, 0x39A5, 0x5267, 0x6B09, 0x838B, 0x942D, 0x83ED, 0xC5D3, 0xBD93, 0xB552, 0xACF1, 0xB511,
  0xC5B3, 0xD655, 0xE697, 0xE696, 0xDE76, 0xDE55, 0xE696, 0xB552, 0xB552, 0xE696, 0xDE55, 0xDE76,
  0xDE76, 0xDE76, 0xDE76, 0xDE76, 0xDE56, 0xDE56, 0xDE76, 0xDE96, 0xEEF7, 0xB531, 0xACF1, 0xAD11,
  0x946F, 0x9C90, 0xB552, 0xD615, 0xE6B7, 0xE6B7, 0xE696, 0xDE56, 0xE696, 0xBD94, 0x9AC4, 0xD3C4,
  0xD3C4, 0xA2E3, 0x9261, 0x61C2, 0x18C3, 0xAB24, 0xA324, 0x8241, 0x0840, 0x0021, 0x0021, 0x0021,
  0x0021, 0x0021, 0x0021, 0x0021, 0x0021, 0x0021, 0x0021, 0x0021, 0x0021, 0x0021, 0x0021, 0x0021,
  0x0021, 0x0021, 0x0021, 0x0021, 0x0021, 0x0021, 0x0021, 0x0021, 0x0021, 0x0021, 0x0021, 0x0021,
  0x0021, 0x0021, 0x0021, 0x0021, 0x0021, 0x0021, 0x0021, 0x0021, 0x0021, 0x0021, 0x0021, 0x0021,
  0x0021, 0x0021, 0x0021, 0x0021, 0x0021, 0x0021, 0x0021, 0x0021, 0x0021, 0x0021, 0x0021, 0x0021,
  0x0021, 0x0021, 0x0021, 0x0021, 0x0021, 0x0021, 0x0021, 0x0841, 0x3901, 0x7A42, 0x9AE3, 0x9282,
  0xC384, 0xD3C4, 0xC363, 0xBB44, 0xBB65, 0xB3A6, 0xABA6, 0x9346, 0x6A85, 0x41C5, 0x2945, 0x2146,
  0x2986, 0x31A6, 0x31A6, 0x3186, 0x3186, 0x3186, 0x3186, 0x31A6, 0x31A6, 0x31A6, 0x31A6, 0x31A6,
  0x31A6, 0x31A6, 0x31A6, 0x31A6, 0x31A6, 0x31A6, 0x31A6, 0x31A6, 0x31A6, 0x3186, 0x3186, 0x3186,
  0x31A6, 0x31A6, 0x31A6, 0x31A6, 0x31A6, 0x2966, 0x2145, 0x2124, 0x39A5, 0x4A06, 0x5267, 0x83CC,
  0x944E, 0xAD11, 0xBD93, 0xC5B3, 0xB552, 0xACF1, 0xAD11, 0xBD93, 0xD635, 0xE6B7, 0xD635, 0xA4D0,
  0xDE76, 0xD655, 0xDE56, 0xDE76, 0xDE76, 0xDE76, 0xDE76, 0xDE76, 0xDE76, 0xDE76, 0xDE56, 0xDE96,
  0xCDF4, 0xAD11, 0xE6D7, 0xE696, 0xDE76, 0xCDF4, 0xB531, 0x9C8F, 0x9C6F, 0xAD31, 0xCDF4, 0xDE76,
  0xEEF8, 0xC5B4, 0x9AE4, 0xCBA4, 0xCBA4, 0xAB23, 0x9A82, 0x5182, 0x61C3, 0xB385, 0x9262, 0x3101,
  0x0000, 0x0021, 0x0021, 0x0021, 0x0021, 0x0021, 0x0021, 0x0021, 0x0021, 0x0021, 0x0021, 0x0021,
  0x0021, 0x0021, 0x0021, 0x0021, 0x0021, 0x0021, 0x0021, 0x0021, 0x0021, 0x0021, 0x0021, 0x0021,
  0x0021, 0x0021, 0x0021, 0x0021, 0x0021, 0x0021, 0x0021, 0x0021, 0x0021, 0x0021, 0x0021, 0x0021,
  0x0021, 0x0021, 0x0021, 0x0021, 0x0021, 0x0021, 0x0021, 0x0021, 0x0021, 0x0021, 0x0021, 0x0021,
  0x0021, 0x0021, 0x0021, 0x0021, 0x0021, 0x0021, 0x0021, 0x0021, 0x0021, 0x0021, 0x0021, 0x0021,
  0x0000, 0x0000, 0x0840, 0x30E1, 0x7202, 0xA303, 0xCBA4, 0xDBE4, 0xD3A4, 0xC363, 0xBB44, 0xBB64,
  0xB3A5, 0xABC6, 0xA366, 0x72A5, 0x49C5, 0x2965, 0x2146, 0x2986, 0x31A6, 0x31A6, 0x31A6, 0x31A6,
  0x31A6, 0x31A6, 0x31A6, 0x31A6, 0x31A6, 0x31A6, 0x31A6, 0x31A6, 0x3186, 0x31A6, 0x31A6, 0x31A6,
  0x31A6, 0x31A6, 0x31A6, 0x31A6, 0x31A6, 0x31A6, 0x3186, 0x31A6, 0x31A6, 0x31A6, 0x31A6, 0x31A6,
  0x2966, 0x2145, 0x2124, 0x3185, 0x4A06, 0x62C8, 0x7B6A, 0x942E, 0xAD11, 0xC5B3, 0xC5B3, 0xBD72,
  0xACF1, 0xB532, 0x8C0E, 0xC5B3, 0xE696, 0xE696, 0xDE76, 0xDE55, 0xDE56, 0xDE76, 0xDE76, 0xDE76,
  0xDE76, 0xDE76, 0xDE76, 0xDE76, 0xA4D0, 0xD635, 0xDE56, 0xDE55, 0xDE56, 0xDE76, 0xE6B7, 0xE696,
  0xD614, 0xB552, 0x9C8F, 0x9C6F, 0xB532, 0xACF1, 0x9283, 0xDBC4, 0xD3C4, 0xA303, 0x8221, 0x69A1,
  0xAB44, 0x9AC3, 0x69A1, 0x0000, 0x0021, 0x0021, 0x0021, 0x0021, 0x0021, 0x0021, 0x0021, 0x0021,
  0x0021, 0x0021, 0x0021, 0x0021, 0x0021, 0x0021, 0x0021, 0x0021, 0x0021, 0x0021, 0x0021, 0x0021,
  0x0021, 0x0021, 0x0021, 0x0021, 0x0021, 0x0021, 0x0021, 0x0021, 0x0021, 0x0021, 0x0021, 0x0021,
  0x0021, 0x0021, 0x0021, 0x0021, 0x0021, 0x0021, 0x0021, 0x0021, 0x0021, 0x0021, 0x0021, 0x0021,
  0x0021, 0x0021, 0x0021, 0x0021, 0x0021, 0x0021, 0x0021, 0x0021, 0x0021, 0x0021, 0x0021, 0x0021,
  0x0021, 0x0021, 0x0021, 0x0021, 0x0021, 0x0041, 0x0021, 0x0000, 0x0000, 0x0020, 0x28C1, 0x69E2,
  0xA2E3, 0xCBA4, 0xDBE4, 0xD3C4, 0xC364, 0xB343, 0xA345, 0xAB65, 0xABC6, 0x9B66, 0x72A6, 0x49E5,
  0x2965, 0x2146, 0x2966, 0x31A6, 0x31A6, 0x31A6, 0x31A6, 0x31A6, 0x3186, 0x31A6, 0x31A6, 0x31A6,
  0x31A6, 0x3186, 0x31A6, 0x31A6, 0x31A6, 0x31A6, 0x31A6, 0x31A6, 0x31A6, 0x31A6, 0x31A6, 0x31A6,
  0x31A6, 0x31A6, 0x31A6, 0x31A6, 0x31A6, 0x31A6, 0x31A6, 0x2986, 0x2145, 0x2125, 0x3165, 0x4A06,
  0x62C8, 0x7B6A, 0x8C0D, 0xA4D0, 0xC5D4, 0xA4F1, 0x9C6F, 0xB531, 0xACF1, 0xBD72, 0xD615, 0xE696,
  0xE697, 0xDE76, 0xDE56, 0xDE56, 0xDE76, 0xDE56, 0xE6B7, 0xAD11, 0xBD93, 0xE696, 0xDE55, 0xDE56,
  0xDE76, 0xDE56, 0xDE56, 0xDE56, 0xDE76, 0xE697, 0xE696, 0xD635, 0xC593, 0x7B8C, 0x7286, 0xA2E3,
  0xC363, 0x9AC2, 0x69A1, 0xA2C3, 0xA324, 0x8A62, 0x1060, 0x0020, 0x0021, 0x0021, 0x0021, 0x0021,
  0x0021, 0x0021, 0x0021, 0x0021, 0x0021, 0x0021, 0x0021, 0x0021, 0x0021, 0x0021, 0x0021, 0x0021,
  0x0021, 0x0021, 0x0021, 0x0021, 0x0021, 0x0021, 0x0021, 0x0021, 0x0021, 0x0021, 0x0021, 0x0021,
  0x0021, 0x0021, 0x0021, 0x0021, 0x0021, 0x0021, 0x0021, 0x0021, 0x0021, 0x0021, 0x0021, 0x0021,
  0x0021, 0x0021, 0x0021, 0x0021, 0x0021, 0x0021, 0x0021, 0x0021, 0x0021, 0x0021, 0x0021, 0x0021,
  0x0021, 0x0021, 0x0021, 0x0021, 0x0021, 0x0021, 0x0021, 0x0021, 0x0021, 0x0021, 0x0021, 0x0021,
  0x0041, 0x0021, 0x0000, 0x0000, 0x0020, 0x28C1, 0x61C2, 0x9AC3, 0xCBA4, 0xC384, 0x9B04, 0xAAE3,
  0xC364, 0xB344, 0xB385, 0xB3A6, 0xA386, 0x7AC6, 0x49E5, 0x3165, 0x2145, 0x2966, 0x31A6, 0x31A6,
  0x31A6, 0x31A6, 0x3186, 0x3186, 0x3186, 0x31A6, 0x31A6, 0x31A6, 0x31A6, 0x31A6, 0x31A6, 0x31A6,
  0x31A6, 0x31A6, 0x31A6, 0x31A6, 0x31A6, 0x31A6, 0x31A6, 0x31A6, 0x31A6, 0x31A6, 0x3186, 0x31A6,
  0x31A6, 0x31A6, 0x2986, 0x2145, 0x2124, 0x2965, 0x41E6, 0x62A8, 0x734A, 0x62E9, 0xA4D0, 0xBD93,
  0xC5B3, 0xBD72, 0xB531, 0xAD11, 0xBD72, 0xCE14, 0xDE96, 0xE6B7, 0xDE76, 0xDE96, 0xCDF4, 0xACF1,
  0xE696, 0xDE55, 0xDE76, 0xDE76, 0xDE76, 0xDE76, 0xDE76, 0xDE76, 0xDE76, 0xDE56, 0xD655, 0xE696,
  0xC5D3, 0xB532, 0xDE97, 0xB552, 0x9C2D, 0x7AE7, 0x61C1, 0xAB44, 0x9283, 0x4921, 0x0000, 0x0021,
  0x0021, 0x0021, 0x0021, 0x0021, 0x0021, 0x0021, 0x0021, 0x0021, 0x0021, 0x0021, 0x0021, 0x0021,
  0x0021, 0x0021, 0x0021, 0x0021, 0x0021, 0x0021, 0x0021, 0x0021, 0x0021, 0x0021, 0x0021, 0x0021,
  0x0021, 0x0021, 0x0021, 0x0021, 0x0021, 0x0021, 0x0021, 0x0021, 0x0021, 0x0021, 0x0021, 0x0021,
  0x0021, 0x0021, 0x0021, 0x0021, 0x0021, 0x0021, 0x0021, 0x0021, 0x0021, 0x0021, 0x0021, 0x0021,
  0x0021, 0x0021, 0x0021, 0x0021, 0x0021, 0x0021, 0x0021, 0x0021, 0x0021, 0x0021, 0x0021, 0x0021,
  0x0021, 0x0021, 0x0021, 0x0021, 0x0021, 0x0021, 0x0021, 0x0041, 0x0021, 0x0001, 0x0000, 0x0000,
  0x20C1, 0x59A2, 0x8222, 0xC383, 0xD3C4, 0xD3C4, 0xCB63, 0xBB43, 0xBB64, 0xBBA5, 0xB3C6, 0xA387,
  0x7AE6, 0x5205, 0x3165, 0x2146, 0x2966, 0x31A6, 0x31A6, 0x31A6, 0x3186, 0x3186, 0x3186, 0x3186,
  0x3186, 0x3186, 0x31A6, 0x31A6, 0x31A6, 0x31A6, 0x31A6, 0x31A6, 0x31A6, 0x31A6, 0x31A6, 0x31A6,
  0x31A6, 0x31A6, 0x31A6, 0x31A6, 0x31A6, 0x3186, 0x3186, 0x31A6, 0x31A6, 0x2986, 0x2145, 0x2124,
  0x2945, 0x3185, 0x62C8, 0x7B4A, 0x8BED, 0xA4D0, 0xBD52, 0xC5B3, 0xBD93, 0xB532, 0xACF1, 0xB552,
  0xCDF4, 0xE696, 0xAD11, 0xDE55, 0xDE76, 0xDE55, 0xDE76, 0xDE76, 0xDE76, 0xDE76, 0xDE76, 0xDE76,
  0xDE76, 0xDE56, 0xDE76, 0xDE55, 0xA4D0, 0xDE55, 0xDE55, 0xE676, 0xEEF8, 0xAD32, 0x82A4, 0x8263,
  0x7A01, 0x0000, 0x0021, 0x0021, 0x0021, 0x0021, 0x0021, 0x0021, 0x0021, 0x0021, 0x0021, 0x0021,
  0x0021, 0x0021, 0x0021, 0x0021, 0x0021, 0x0021, 0x0021, 0x0021, 0x0021, 0x0021, 0x0021, 0x0021,
  0x0021, 0x0021, 0x0021, 0x0021, 0x0021, 0x0021, 0x0021, 0x0021, 0x0021, 0x0021, 0x0021, 0x0021,
  0x0021, 0x0021, 0x0021, 0x0021, 0x0021, 0x0021, 0x0021, 0x0021, 0x0021, 0x0021, 0x0021, 0x0021,
  0x0021, 0x0021, 0x0021, 0x0021, 0x0021, 0x0021, 0x0021, 0x0021, 0x0021, 0x0021, 0x0021, 0x0021,
  0x0021, 0x0021, 0x0021, 0x0021, 0x0021, 0x0021, 0x0021, 0x0021, 0x0021, 0x0021, 0x0021, 0x0021,
  0x0021, 0x0021, 0x0041, 0x0021, 0x0001, 0x0000, 0x0021, 0x20A1, 0x5182, 0x92A3, 0xBB63, 0xD3C4,
  0xD3C4, 0xCB84, 0xBB43, 0xB344, 0xBBC6, 0xAB86, 0xA386, 0x7AC5, 0x5A25, 0x3185, 0x2145, 0x2166,
  0x2986, 0x31A6, 0x31A6, 0x3186, 0x31A6, 0x31A6, 0x3186, 0x3186, 0x3186, 0x31A6, 0x31A6, 0x31A6,
  0x31A6, 0x31A6, 0x31A6, 0x31A6, 0x31A6, 0x31A6, 0x31A6, 0x31A6, 0x31A6, 0x31A6, 0x3186, 0x3186,
  0x3186, 0x3186, 0x31A6, 0x31A6, 0x2986, 0x2966, 0x2124, 0x2945, 0x41C6, 0x5A87, 0x7329, 0x8BEC,
  0xA4B0, 0xBD72, 0xC5B3, 0xBD93, 0xBD72, 0x83ED, 0x946F, 0xD615, 0xDE76, 0xE696, 0xE696, 0xDE76,
  0xDE56, 0xDE76, 0xDE76, 0xDE56, 0xDE76, 0xDE55, 0xE696, 0xAD11, 0xC5B3, 0xE696, 0xD655, 0xDE76,
  0xCE15, 0xB3C7, 0xAB44, 0x9262, 0x20A1, 0x0001, 0x0021, 0x0021, 0x0021, 0x0021, 0x0021, 0x0021,
  0x0021, 0x0021, 0x0021, 0x0021, 0x0021, 0x0021, 0x0021, 0x0021, 0x0021, 0x0021, 0x0021, 0x0021,
  0x0021, 0x0021, 0x0021, 0x0021, 0x0021, 0x0021, 0x0021, 0x0021, 0x0021, 0x0021, 0x0021, 0x0021,
  0x0021, 0x0021, 0x0021, 0x0021, 0x0021, 0x0021, 0x0021, 0x0021, 0x0021, 0x0021, 0x0021, 0x0021,
  0x0021, 0x0021, 0x0021, 0x0021, 0x0021, 0x0021, 0x0021, 0x0021, 0x0021, 0x0021, 0x0021, 0x0021,
  0x0021, 0x0021, 0x0021, 0x0021, 0x0021, 0x0021, 0x0021, 0x0021, 0x0021, 0x0021, 0x0021, 0x0021,
  0x0021, 0x0021, 0x0021, 0x0021, 0x0021, 0x0021, 0x0021, 0x0021, 0x0021, 0x0041, 0x0021, 0x0001,
  0x0000, 0x0000, 0x1881, 0x5182, 0x9283, 0xBB64, 0xD3C4, 0xDBE4, 0xA2E3, 0x9305, 0xAB04, 0xBBA5,
  0xB3C6, 0xA3A6, 0x8306, 0x5A25, 0x3185, 0x2145, 0x2166, 0x2986, 0x31A6, 0x31A6, 0x31A6, 0x31A6,
  0x3186, 0x3186, 0x3186, 0x31A6, 0x31A6, 0x31A6, 0x31A6, 0x31A6, 0x31A6, 0x31A6, 0x31A6, 0x31A6,
  0x31A6, 0x31A6, 0x31A6, 0x31A6, 0x3186, 0x3186, 0x3186, 0x3186, 0x3186, 0x31A6, 0x31A6, 0x3186,
  0x2145, 0x2125, 0x2945, 0x39C6, 0x5267, 0x6B09, 0x8BEC, 0xA4AF, 0xAD11, 0x946F, 0xC5D4, 0xB552,
  0xACF0, 0xB531, 0xC5D4, 0xDE76, 0xE6B7, 0xE696, 0xDE76, 0xDE56, 0xDE56, 0xE696, 0xC5D4, 0xAD11,
  0xE696, 0xDE55, 0xDE55, 0xDE96, 0xAC8D, 0xCC26, 0x92A3, 0x5981, 0x0000, 0x0021, 0x0021, 0x0021,
  0x0021, 0x0021, 0x0021, 0x0021, 0x0021, 0x0021, 0x0021, 0x0021, 0x0021, 0x0021, 0x0021, 0x0021,
  0x0021, 0x0021, 0x0021, 0x0021, 0x0021, 0x0021, 0x0021, 0x0021, 0x0021, 0x0021, 0x0021, 0x0021,
  0x0021, 0x0021, 0x0021, 0x0021, 0x0021, 0x0021, 0x0021, 0x0021, 0x0021, 0x0021, 0x0021, 0x0021,
  0x0021, 0x0021, 0x0021, 0x0021, 0x0021, 0x0021, 0x0021, 0x0021, 0x0021, 0x0021, 0x0021, 0x0021,
  0x0021, 0x0021, 0x0021, 0x0021, 0x0021, 0x0021, 0x0021, 0x0021, 0x0021, 0x0021, 0x0021, 0x0021,
  0x0021, 0x0021, 0x0021, 0x0021, 0x0021, 0x0021, 0x0021, 0x0021, 0x0021, 0x0021, 0x0021, 0x0021,
  0x0021, 0x0021, 0x0021, 0x0041, 0x0041, 0x0041, 0x0021, 0x0000, 0x0000, 0x1881, 0x4961, 0x8A62,
  0x9AC3, 0xA2E3, 0xCBA4, 0xD3A4, 0xC363, 0xB344, 0xB385, 0xB3C6, 0xA3A6, 0x8B26, 0x5A25, 0x3985,
  0x2145, 0x2166, 0x2986, 0x31A6, 0x31A6, 0x31A6, 0x3186, 0x31A6, 0x31A6, 0x31A6, 0x31A6, 0x31A6,
  0x31A6, 0x31A6, 0x31A6, 0x31A6, 0x31A6, 0x31A6, 0x31A6, 0x31A6, 0x31A6, 0x3186, 0x3186, 0x3186,
  0x3186, 0x31A6, 0x3186, 0x3186, 0x31A6, 0x31A6, 0x3186, 0x2965, 0x2125, 0x2945, 0x39A6, 0x5267,
  0x5267, 0x734A, 0xA4AF, 0xB531, 0xC5B3, 0xC5D4, 0xB552, 0xACF1, 0xAD11, 0xC5B3, 0xDE56, 0xE697,
  0xE696, 0xDE76, 0xA4D1, 0xD655, 0xDE76, 0xDE55, 0xE6B7, 0xB532, 0xC3E6, 0xA324, 0x8221, 0x0820,
  0x0021, 0x0021, 0x0021, 0x0021, 0x0021, 0x0021, 0x0021, 0x0021, 0x0021, 0x0021, 0x0021, 0x0021,
  0x0021, 0x0021, 0x0021, 0x0021, 0x0021, 0x0021, 0x0021, 0x0021, 0x0021, 0x0021, 0x0021, 0x0021,
  0x0021, 0x0021, 0x0021, 0x0021, 0x0021, 0x0021, 0x0021, 0x0021, 0x0021, 0x0021, 0x0021, 0x0021,
  0x0021, 0x0021, 0x0021, 0x0021, 0x0021, 0x0021, 0x0021, 0x0021, 0x0021, 0x0021, 0x0021, 0x0021,
  0x0021, 0x0021, 0x0021, 0x0021, 0x0021, 0x0021, 0x0021, 0x0021, 0x0021, 0x0021, 0x0021, 0x0021,
  0x0021, 0x0021, 0x0021, 0x0021, 0x0021, 0x0021, 0x0021, 0x0021, 0x0021, 0x0021, 0x0021, 0x0021,
  0x0021, 0x0021, 0x0021, 0x0021, 0x0021, 0x0021, 0x0021, 0x0021, 0x0021, 0x0021, 0x0021, 0x0041,
  0x0041, 0x0021, 0x0000, 0x0000, 0x1061, 0x4961, 0x8A82, 0xBB64, 0xD3C4, 0xD3C4, 0xCB84, 0xC363,
  0xBB64, 0xB365, 0xB3A6, 0xABC6, 0x8B26, 0x6265, 0x39A5, 0x2145, 0x2166, 0x2986, 0x31A6, 0x31A6,
  0x31A6, 0x31A6, 0x31A6, 0x31A6, 0x31A6, 0x31A6, 0x31A6, 0x31A6, 0x31A6, 0x31A6, 0x31A6, 0x31A6,
  0x31A6, 0x31A6, 0x3186, 0x3186, 0x31A6, 0x31A6, 0x31A6, 0x31A6, 0x31A6, 0x3186, 0x3186, 0x31A6,
  0x31A6, 0x31A6, 0x2965, 0x2125, 0x2125, 0x31A5, 0x5247, 0x6AE9, 0x83AB, 0x9C4E, 0xB511, 0xC5B3,
  0xC5B3, 0xB552, 0xAD11, 0xAD11, 0xCDD4, 0xACF1, 0xC5D4, 0xE6B7, 0xDE55, 0xDE76, 0xCE15, 0xB409,
  0xBBA5, 0x9262, 0x30E1, 0x0000, 0x0021, 0x0021, 0x0021, 0x0021, 0x0021, 0x0021, 0x0021, 0x0021,
  0x0021, 0x0021, 0x0021, 0x0021, 0x0021, 0x0021, 0x0021, 0x0021, 0x0021, 0x0021, 0x0021, 0x0021,
  0x0021, 0x0021, 0x0021, 0x0021, 0x0021, 0x0021, 0x0021, 0x0021, 0x0021, 0x0021, 0x0021, 0x0021,
  0x0021, 0x0021, 0x0021, 0x0021, 0x0021, 0x0021, 0x0021, 0x0021, 0x0021, 0x0021, 0x0021, 0x0021,
  0x0021, 0x0021, 0x0021, 0x0021, 0x0021, 0x0021, 0x0021, 0x0021, 0x0021, 0x0021, 0x0021, 0x0021,
  0x0021, 0x0021, 0x0021, 0x0021, 0x0021, 0x0021, 0x0021, 0x0021, 0x0021, 0x0021, 0x0021, 0x0021,
  0x0021, 0x0021, 0x0021, 0x0021, 0x0021, 0x0021, 0x0021, 0x0021, 0x0021, 0x0021, 0x0021, 0x0021,
  0x0021, 0x0021, 0x0021, 0x0021, 0x0021, 0x0021, 0x0041, 0x0041, 0x0021, 0x0000, 0x0000, 0x1060,
  0x4141, 0x8242, 0xB343, 0xD3C4, 0xD3C4, 0xCB84, 0xC363, 0xAB24, 0xA365, 0xBBC6, 0xABA7, 0x8B46,
  0x6265, 0x41A5, 0x2945, 0x2146, 0x2986, 0x31A6, 0x31A6, 0x31A6, 0x31A6, 0x31A6, 0x31A6, 0x31A6,
  0x31A6, 0x31A6, 0x31A6, 0x31A6, 0x31A6, 0x31A6, 0x31A6, 0x31A6, 0x31A6, 0x31A6, 0x31A6, 0x31A6,
  0x31A6, 0x31A6, 0x31A6, 0x31A6, 0x3186, 0x3186, 0x31A6, 0x31A6, 0x31A6, 0x2966, 0x2145, 0x2145,
  0x3185, 0x4A27, 0x62C8, 0x7B8B, 0x942D, 0xAD11, 0xBD72, 0xCDF4, 0xA4F0, 0x83CD, 0xB531, 0xBD72,
  0xD614, 0xE6B7, 0x9C2C, 0xBB84, 0x9AE3, 0x69C1, 0x0000, 0x0021, 0x0021, 0x0021, 0x0021, 0x0021,
  0x0021, 0x0021, 0x0021, 0x0021, 0x0021, 0x0021, 0x0021, 0x0021, 0x0021, 0x0021, 0x0021, 0x0021,
  0x0021, 0x0021, 0x0021, 0x0021, 0x0021, 0x0021, 0x0021, 0x0021, 0x0021, 0x0021, 0x0021, 0x0021,
  0x0021, 0x0021, 0x0021, 0x0021, 0x0021, 0x0021, 0x0021, 0x0021, 0x0021, 0x0021, 0x0021, 0x0021,
  0x0021, 0x0021, 0x0021, 0x0021, 0x0021, 0x0021, 0x0021, 0x0021, 0x0021, 0x0021, 0x0021, 0x0021,
  0x0021, 0x0021, 0x0021, 0x0021, 0x0021, 0x0021, 0x0021, 0x0021, 0x0021, 0x0021, 0x0021, 0x0021,
  0x0021, 0x0021, 0x0021, 0x0021, 0x0021, 0x0021, 0x0021, 0x0021, 0x0021, 0x0021, 0x0021, 0x0021,
  0x0021, 0x0021, 0x0021, 0x0021, 0x0021, 0x0021, 0x0021, 0x0021, 0x0021, 0x0021, 0x0021, 0x0021,
  0x0021, 0x0041, 0x0041, 0x0021, 0x0000, 0x0000, 0x0841, 0x3921, 0x7A42, 0xB323, 0xD3C4, 0xAB44,
  0x9B04, 0xBB43, 0xBB44, 0xB385, 0xB3A6, 0xABA6, 0x9326, 0x6A85, 0x41A5, 0x2945, 0x2166, 0x2986,
  0x31A6, 0x31A6, 0x31A6, 0x3186, 0x3186, 0x31A6, 0x31A6, 0x31A6, 0x31A6, 0x31A6, 0x31A6, 0x31A6,
  0x31A6, 0x31A6, 0x31A6, 0x31A6, 0x31A6, 0x31A6, 0x31A6, 0x31A6, 0x3186, 0x31A6, 0x3186, 0x3186,
  0x3186, 0x31A6, 0x31A6, 0x31A6, 0x2966, 0x2125, 0x2124, 0x3185, 0x4A27, 0x6AE9, 0x7B6A, 0x9C6E,
  0x8BED, 0xB552, 0xC5D3, 0xBD73, 0xB511, 0x944E, 0x9345, 0x8AA3, 0x9261, 0x1060, 0x0021, 0x0021,
  0x0021, 0x0021, 0x0021, 0x0021, 0x0021, 0x0021, 0x0021, 0x0021, 0x0021, 0x0021, 0x0021, 0x0021,
  0x0021, 0x0021, 0x0021, 0x0021, 0x0021, 0x0021, 0x0021, 0x0021, 0x0021, 0x0021, 0x0021, 0x0021,
  0x0021, 0x0021, 0x0021, 0x0021, 0x0021, 0x0021, 0x0021, 0x0021, 0x0021, 0x0021, 0x0021, 0x0021,
  0x0021, 0x0021, 0x0021, 0x0021, 0x0021, 0x0021, 0x0021, 0x0021, 0x0021, 0x0021, 0x0021, 0x0021,
  0x0021, 0x0021, 0x0021, 0x0021, 0x0021, 0x0021, 0x0021, 0x0021, 0x0021, 0x0021, 0x0021, 0x0021,
  0x0021, 0x0021, 0x0021, 0x0021, 0x0021, 0x0021, 0x0021, 0x0021, 0x0021, 0x0021, 0x0021, 0x0021,
  0x0021, 0x0021, 0x0021, 0x0021, 0x0021, 0x0021, 0x0021, 0x0021, 0x0021, 0x0021, 0x0021, 0x0021,
  0x0021, 0x0021, 0x0021, 0x0021, 0x0021, 0x0021, 0x0021, 0x0021, 0x0041, 0x0041, 0x0021, 0x0000,
  0x0000, 0x0840, 0x3921, 0x69C1, 0x9AA2, 0xD3C4, 0xD3E4, 0xD3A4, 0xC363, 0xBB43, 0xBB65, 0xB3A6,
  0xABA6, 0x9367, 0x72A5, 0x41A5, 0x2945, 0x2146, 0x2986, 0x31A6, 0x31A6, 0x31A6, 0x31A6, 0x31A6,
  0x3186, 0x31A6, 0x31A6, 0x31A6, 0x31A6, 0x31A6, 0x31A6, 0x31A6, 0x31A6, 0x31A6, 0x31A6, 0x31A6,
  0x3186, 0x3186, 0x3186, 0x3186, 0x3186, 0x31A6, 0x3186, 0x3186, 0x3186, 0x31A6, 0x31A6, 0x2986,
  0x2145, 0x2125, 0x3165, 0x4A27, 0x4A26, 0x7B6A, 0x8C0D, 0xACF1, 0xC593, 0xCDD3, 0x5A67, 0x9262,
  0x4941, 0x0000, 0x0021, 0x0021, 0x0021, 0x0021, 0x0021, 0x0021, 0x0021, 0x0021, 0x0021, 0x0021,
  0x0021, 0x0021, 0x0021, 0x0021, 0x0021, 0x0021, 0x0021, 0x0021, 0x0021, 0x0021, 0x0021, 0x0021,
  0x0021, 0x0021, 0x0021, 0x0021, 0x0021, 0x0021, 0x0021, 0x0021, 0x0021, 0x0021, 0x0021, 0x0021,
  0x0021, 0x0021, 0x0021, 0x0021, 0x0021, 0x0021, 0x0021, 0x0021, 0x0021, 0x0021, 0x0021, 0x0021,
  0x0021, 0x0021, 0x0021, 0x0021, 0x0021, 0x0021, 0x0021, 0x0021, 0x0021, 0x0021, 0x0021, 0x0021,
  0x0021, 0x0021, 0x0021, 0x0021, 0x0021, 0x0021, 0x0021, 0x0021, 0x0021, 0x0021, 0x0021, 0x0021,
  0x0021, 0x0021, 0x0021, 0x0021, 0x0021, 0x0021, 0x0021, 0x0021, 0x0021, 0x0021, 0x0021, 0x0021,
  0x0021, 0x0021, 0x0021, 0x0021, 0x0021, 0x0021, 0x0021, 0x0021, 0x0021, 0x0021, 0x0021, 0x0021,
  0x0021, 0x0021, 0x0021, 0x0021, 0x0041, 0x0021, 0x0000, 0x0000, 0x0840, 0x3101, 0x7202, 0xAB03,
  0xCBC4, 0xDBE4, 0xD3A4, 0xC343, 0xBB44, 0xBB85, 0xB386, 0xB385, 0x9325, 0x72A6, 0x49C5, 0x2945,
  0x2146, 0x2986, 0x31A6, 0x31A6, 0x31A6, 0x3186, 0x3186, 0x3186, 0x3186, 0x31A6, 0x31A6, 0x31A6,
  0x31A6, 0x31A6, 0x31A6, 0x31A6, 0x31A6, 0x31A6, 0x31A6, 0x3186, 0x3186, 0x31A6, 0x3186, 0x3186,
  0x3186, 0x3186, 0x3186, 0x31A6, 0x31A6, 0x31A6, 0x2986, 0x2145, 0x2124, 0x2965, 0x4206, 0x5A88,
  0x7B8B, 0x6B4B, 0x4984, 0x69C1, 0x0020, 0x0021, 0x0021, 0x0021, 0x0021, 0x0021, 0x0021, 0x0021,
  0x0021, 0x0021, 0x0021, 0x0021, 0x0021, 0x0021, 0x0021, 0x0021, 0x0021, 0x0021, 0x0021, 0x0021,
  0x0021, 0x0021, 0x0021, 0x0021, 0x0021, 0x0021, 0x0021, 0x0021, 0x0021, 0x0021, 0x0021, 0x0021,
  0x0021, 0x0021, 0x0021, 0x0021, 0x0021, 0x0021, 0x0021, 0x0021, 0x0021, 0x0021, 0x0021, 0x0021,
  0x0021, 0x0021, 0x0021, 0x0021, 0x0021, 0x0021, 0x0021, 0x0021, 0x0021, 0x0021, 0x0021, 0x0021,
  0x0021, 0x0021, 0x0021, 0x0021, 0x0021, 0x0021, 0x0021, 0x0021, 0x0021, 0x0021, 0x0021, 0x0021,
  0x0021, 0x0021, 0x0021, 0x0021, 0x0021, 0x0021, 0x0021, 0x0021, 0x0021, 0x0021, 0x0021, 0x0021,
  0x0021, 0x0021, 0x0021, 0x0021, 0x0021, 0x0021, 0x0021, 0x0021, 0x0021, 0x0021, 0x0021, 0x0021,
  0x0021, 0x0021, 0x0021, 0x0021, 0x0021, 0x0021, 0x0021, 0x0021, 0x0021, 0x0021, 0x0021, 0x0021,
  0x0021, 0x0000, 0x0000, 0x0820, 0x30E1, 0x6A02, 0xA2E3, 0xCBA4, 0xDC04, 0xB323, 0x9325, 0xAB03,
  0xBB64, 0xBBA5, 0xB3C6, 0x9B66, 0x7AC5, 0x49E5, 0x2965, 0x2146, 0x2986, 0x31A6, 0x31A6, 0x31A6,
  0x3186, 0x3186, 0x31A6, 0x31A6, 0x31A6, 0x31A6, 0x31A6, 0x31A6, 0x31A6, 0x3186, 0x31A6, 0x31A6,
  0x31A6, 0x31A6, 0x31A6, 0x3186, 0x3186, 0x31A6, 0x31A6, 0x31A6, 0x3186, 0x3186, 0x3186, 0x31A6,
  0x31A6, 0x2986, 0x2145, 0x1904, 0x3984, 0x6A65, 0x8221, 0x1880, 0x0021, 0x0021, 0x0021, 0x0021,
  0x0021, 0x0021, 0x0021, 0x0021, 0x0021, 0x0021, 0x0021, 0x0021, 0x0021, 0x0021, 0x0021, 0x0021,
  0x0021, 0x0021, 0x0021, 0x0021, 0x0021, 0x0021, 0x0021, 0x0021, 0x0021, 0x0021, 0x0021, 0x0021,
  0x0021, 0x0021, 0x0021, 0x0021, 0x0021, 0x0021, 0x0021, 0x0021, 0x0021, 0x0021, 0x0021, 0x0021,
  0x0021, 0x0021, 0x0021, 0x0021, 0x0021, 0x0021, 0x0021, 0x0021, 0x0021, 0x0021, 0x0021, 0x0021,
  0x0021, 0x0021, 0x0021, 0x0021, 0x0021, 0x0021, 0x0021, 0x0021, 0x0021, 0x0021, 0x0021, 0x0021,
  0x0021, 0x0021, 0x0021, 0x0021, 0x0021, 0x0021, 0x0021, 0x0021, 0x0021, 0x0021, 0x0021, 0x0021,
  0x0021, 0x0021, 0x0021, 0x0021, 0x0021, 0x0021, 0x0021, 0x0021, 0x0021, 0x0021, 0x0021, 0x0021,
  0x0021, 0x0021, 0x0021, 0x0021, 0x0021, 0x0021, 0x0021, 0x0021, 0x0021, 0x0021, 0x0021, 0x0021,
  0x0021, 0x0021, 0x0021, 0x0021, 0x0021, 0x0021, 0x0041, 0x0021, 0x0000, 0x0000, 0x0020, 0x28E1,
  0x69E2, 0x92A3, 0x92A2, 0xC383, 0xDBC4, 0xC363, 0xBB23, 0xB344, 0xB385, 0xB3A6, 0x9B66, 0x7AC5,
  0x49E5, 0x2965, 0x2146, 0x2166, 0x31A6, 0x31A6, 0x31A6, 0x31A6, 0x31A6, 0x31A6, 0x31A6, 0x31A6,
  0x31A6, 0x31A6, 0x31A6, 0x31A6, 0x31A6, 0x31A6, 0x31A6, 0x31A6, 0x31A6, 0x3186, 0x31A6, 0x31A6,
  0x31A6, 0x31A6, 0x31A6, 0x3186, 0x3186, 0x3186, 0x31A6, 0x2166, 0x8B05, 0x9282, 0x5161, 0x0000,
  0x0021, 0x0021, 0x0021, 0x0021, 0x0021, 0x0021, 0x0021, 0x0021, 0x0021, 0x0021, 0x0021, 0x0021,
  0x0021, 0x0021, 0x0021, 0x0021, 0x0021, 0x0021, 0x0021, 0x0021, 0x0021, 0x0021, 0x0021, 0x0021,
  0x0021, 0x0021, 0x0021, 0x0021, 0x0021, 0x0021, 0x0021, 0x0021, 0x0021, 0x0021, 0x0021, 0x0021,
  0x0021, 0x0021, 0x0021, 0x0021, 0x0021, 0x0021, 0x0021, 0x0021, 0x0021, 0x0021, 0x0021, 0x0021,
  0x0021, 0x0021, 0x0021, 0x0021, 0x0021, 0x0021, 0x0021, 0x0021, 0x0021, 0x0021, 0x0021, 0x0021,
  0x0021, 0x0021, 0x0021, 0x0021, 0x0021, 0x0021, 0x0021, 0x0021, 0x0021, 0x0021, 0x0021, 0x0021,
  0x0021, 0x0021, 0x0021, 0x0021, 0x0021, 0x0021, 0x0021, 0x0021, 0x0021, 0x0021, 0x0021, 0x0021,
  0x0021, 0x0021, 0x0021, 0x0021, 0x0021, 0x0021, 0x0021, 0x0021, 0x0021, 0x0021, 0x0021, 0x0021,
  0x0021, 0x0021, 0x0021, 0x0021, 0x0021, 0x0021, 0x0021, 0x0021, 0x0021, 0x0021, 0x0021, 0x0021,
  0x0021, 0x0041, 0x0021, 0x0000, 0x0000, 0x0020, 0x28E1, 0x61C2, 0x9AC3, 0xC384, 0xD3C4, 0xD3A4,
  0xC363, 0xBB43, 0xB344, 0xB385, 0xBBC6, 0xA386, 0x7AE5, 0x5205, 0x3185, 0x2146, 0x2966, 0x31A6,
  0x31A6, 0x31A6, 0x3186, 0x31A6, 0x31A6, 0x31A6, 0x31A6, 0x31A6, 0x31A6, 0x31A6, 0x31A6, 0x31A6,
  0x31A6, 0x31A6, 0x31A6, 0x31A6, 0x31A6, 0x31A6, 0x31A6, 0x31A6, 0x3186, 0x31A6, 0x2146, 0x6245,
  0xAB85, 0x71C1, 0x0820, 0x0021, 0x0021, 0x0021, 0x0021, 0x0021, 0x0021, 0x0021, 0x0021, 0x0021,
  0x0021, 0x0021, 0x0021, 0x0021, 0x0021, 0x0021, 0x0021, 0x0021, 0x0021, 0x0021, 0x0021, 0x0021,
  0x0021, 0x0021, 0x0021, 0x0021, 0x0021, 0x0021, 0x0021, 0x0021, 0x0021, 0x0021, 0x0021, 0x0021,
  0x0021, 0x0021, 0x0021, 0x0021, 0x0021, 0x0021, 0x0021, 0x0021, 0x0021, 0x0021, 0x0021, 0x0021,
  0x0021, 0x0021, 0x0021, 0x0021, 0x0021, 0x0021, 0x0021, 0x0021, 0x0021, 0x0021, 0x0021, 0x0021,
  0x0021, 0x0021, 0x0021, 0x0021, 0x0021, 0x0021, 0x0021, 0x0021, 0x0021, 0x0021, 0x0021, 0x0021,
  0x0021, 0x0021, 0x0021, 0x0021, 0x0021, 0x0021, 0x0021, 0x0021, 0x0021, 0x0021, 0x0021, 0x0021,
  0x0021, 0x0021, 0x0021, 0x0021, 0x0021, 0x0021, 0x0021, 0x0021, 0x0021, 0x0021, 0x0021, 0x0021,
  0x0021, 0x0021, 0x0021, 0x0021, 0x0021, 0x0021, 0x0021, 0x0021, 0x0021, 0x0021, 0x0021, 0x0021,
  0x0021, 0x0021, 0x0021, 0x0021, 0x0021, 0x0021, 0x0021, 0x0021, 0x0041, 0x0021, 0x0001, 0x0000,
  0x0000, 0x20A1, 0x59A2, 0x9AC3, 0xC384, 0xDBE4, 0xD3C4, 0xCB83, 0xA304, 0x9B05, 0xB365, 0xB3C6,
  0xA386, 0x82E6, 0x5225, 0x3185, 0x2146, 0x2166, 0x2986, 0x31A6, 0x31A6, 0x3186, 0x3186, 0x31A6,
  0x31A6, 0x31A6, 0x31A6, 0x3186, 0x3186, 0x31A6, 0x31A6, 0x31A6, 0x31A6, 0x31A6, 0x31A6, 0x31A6,
  0x31A6, 0x29A6, 0x3185, 0xA3A7, 0x92A2, 0x30E0, 0x0000, 0x0021, 0x0021, 0x0021, 0x0021, 0x0021,
  0x0021, 0x0021, 0x0021, 0x0021, 0x0021, 0x0021, 0x0021, 0x0021, 0x0021, 0x0021, 0x0021, 0x0021,
  0x0021, 0x0021, 0x0021, 0x0021, 0x0021, 0x0021, 0x0021, 0x0021, 0x0021, 0x0021, 0x0021, 0x0021,
  0x0021, 0x0021, 0x0021, 0x0021, 0x0021, 0x0021, 0x0021, 0x0021, 0x0021, 0x0021, 0x0021, 0x0021,
  0x0021, 0x0021, 0x0021, 0x0021, 0x0021, 0x0021, 0x0021, 0x0021, 0x0021, 0x0021, 0x0021, 0x0021,
  0x0021, 0x0021, 0x0021, 0x0021, 0x0021, 0x0021, 0x0021, 0x0021, 0x0021, 0x0021, 0x0021, 0x0021,
  0x0021, 0x0021, 0x0021, 0x0021, 0x0021, 0x0021, 0x0021, 0x0021, 0x0021, 0x0021, 0x0021, 0x0021,
  0x0021, 0x0021, 0x0021, 0x0021, 0x0021, 0x0021, 0x0021, 0x0021, 0x0021, 0x0021, 0x0021, 0x0021,
  0x0021, 0x0021, 0x0021, 0x0021, 0x0021, 0x0021, 0x0021, 0x0021, 0x0021, 0x0021, 0x0021, 0x0021,
  0x0021, 0x0021, 0x0021, 0x0021, 0x0021, 0x0021, 0x0021, 0x0021, 0x0021, 0x0021, 0x0021, 0x0021,
  0x0021, 0x0021, 0x0021, 0x0041, 0x0021, 0x0001, 0x0000, 0x0000, 0x20A1, 0x5982, 0x92A3, 0xC364,
  0xA304, 0x9AE3, 0xCB63, 0xC363, 0xB344, 0xB385, 0xB3A6, 0xA386, 0x8B26, 0x5A25, 0x3985, 0x2145,
  0x2146, 0x2986, 0x31A6, 0x31A6, 0x31A6, 0x31A6, 0x31A6, 0x31A6, 0x31A6, 0x3186, 0x31A6, 0x31A6,
  0x31A6, 0x3186, 0x31A6, 0x31A6, 0x31A6, 0x2145, 0x8B06, 0xA324, 0x61A0, 0x0000, 0x0021, 0x0021,
  0x0021, 0x0021, 0x0021, 0x0021, 0x0021, 0x0021, 0x0021, 0x0021, 0x0021, 0x0021, 0x0021, 0x0021,
  0x0021, 0x0021, 0x0021, 0x0021, 0x0021, 0x0021, 0x0021, 0x0021, 0x0021, 0x0021, 0x0021, 0x0021,
  0x0021, 0x0021, 0x0021, 0x0021, 0x0021, 0x0021, 0x0021, 0x0021, 0x0021, 0x0021, 0x0021, 0x0021,
  0x0021, 0x0021, 0x0021, 0x0021, 0x0021, 0x0021, 0x0021, 0x0021, 0x0021, 0x0021, 0x0021, 0x0021,
  0x0021, 0x0021, 0x0021, 0x0021, 0x0021, 0x0021, 0x0021, 0x0021, 0x0021, 0x0021, 0x0021, 0x0021,
  0x0021, 0x0021, 0x0021, 0x0021, 0x0021, 0x0021, 0x0021, 0x0021, 0x0021, 0x0021, 0x0021, 0x0021,
  0x0021, 0x0021, 0x0021, 0x0021, 0x0021, 0x0021, 0x0021, 0x0021, 0x0021, 0x0021, 0x0021, 0x0021,
  0x0021, 0x0021, 0x0021, 0x0021, 0x0021, 0x0021, 0x0021, 0x0021, 0x0021, 0x0021, 0x0021, 0x0021,
  0x0021, 0x0021, 0x0021, 0x0021, 0x0021, 0x0021, 0x0021, 0x0021, 0x0021, 0x0021, 0x0021, 0x0021,
  0x0021, 0x0021, 0x0021, 0x0021, 0x0021, 0x0021, 0x0021, 0x0021, 0x0021, 0x0021, 0x0041, 0x0021,
  0x0001, 0x0000, 0x0000, 0x1881, 0x4121, 0x8262, 0xC384, 0xD3C4, 0xD3E4, 0xCB84, 0xBB43, 0xB344,
  0xBB85, 0xB3C6, 0xA386, 0x8B26, 0x5A45, 0x3985, 0x2145, 0x2166, 0x2986, 0x31A6, 0x31A6, 0x31A6,
  0x3186, 0x31A6, 0x3186, 0x3186, 0x3186, 0x3186, 0x31A6, 0x31A6, 0x2166, 0x5A25, 0xAB86, 0x8A41,
  0x1060, 0x0021, 0x0021, 0x0021, 0x0021, 0x0021, 0x0021, 0x0021, 0x0021, 0x0021, 0x0021, 0x0021,
  0x0021, 0x0021, 0x0021, 0x0021, 0x0021, 0x0021, 0x0021, 0x0021, 0x0021, 0x0021, 0x0021, 0x0021,
  0x0021, 0x0021, 0x0021, 0x0021, 0x0021, 0x0021, 0x0021, 0x0021, 0x0021, 0x0021, 0x0021, 0x0021,
  0x0021, 0x0021, 0x0021, 0x0021, 0x0021, 0x0021, 0x0021, 0x0021, 0x0021, 0x0021, 0x0021, 0x0021,
  0x0021, 0x0021, 0x0021, 0x0021, 0x0021, 0x0021, 0x0021, 0x0021, 0x0021, 0x0021, 0x0021, 0x0021,
  0x0021, 0x0021, 0x0021, 0x0021, 0x0021, 0x0021, 0x0021, 0x0021, 0x0021, 0x0021, 0x0021, 0x0021,
  0x0021, 0x0021, 0x0021, 0x0021, 0x0021, 0x0021, 0x0021, 0x0021, 0x0021, 0x0021, 0x0021, 0x0021,
  0x0021, 0x0021, 0x0021, 0x0021, 0x0021, 0x0021, 0x0021, 0x0021, 0x0021, 0x0021, 0x0021, 0x0021,
  0x0021, 0x0021, 0x0021, 0x0021, 0x0021, 0x0021, 0x0021, 0x0021, 0x0021, 0x0021, 0x0021, 0x0021,
  0x0021, 0x0021, 0x0021, 0x0021, 0x0021, 0x0021, 0x0021, 0x0021, 0x0021, 0x0021, 0x0021, 0x0021,
  0x0021, 0x0021, 0x0021, 0x0021, 0x0021, 0x0041, 0x0041, 0x0001, 0x0000, 0x0000, 0x1861, 0x4961,
  0x8A83, 0xBB44, 0xD3C4, 0xDBE4, 0xCB84, 0xC343, 0xAB24, 0xAB66, 0xB3C6, 0xA386, 0x8B26, 0x6265,
  0x39A5, 0x2945, 0x2166, 0x2986, 0x31A6, 0x31A6, 0x3186, 0x3186, 0x3186, 0x3186, 0x3186, 0x31A6,
  0x3165, 0xA3A7, 0x9AC3, 0x4121, 0x0000, 0x0041, 0x0021, 0x0021, 0x0021, 0x0021, 0x0021, 0x0021,
  0x0021, 0x0021, 0x0021, 0x0021, 0x0021, 0x0021, 0x0021, 0x0021, 0x0021, 0x0021, 0x0021, 0x0021,
  0x0021, 0x0021, 0x0021, 0x0021, 0x0021, 0x0021, 0x0021, 0x0021, 0x0021, 0x0021, 0x0021, 0x0021,
  0x0021, 0x0021, 0x0021, 0x0021, 0x0021, 0x0021, 0x0021, 0x0021, 0x0021, 0x0021, 0x0021, 0x0021,
  0x0021, 0x0021, 0x0021, 0x0021, 0x0021, 0x0021, 0x0021, 0x0021, 0x0021, 0x0021, 0x0021, 0x0021,
  0x0021, 0x0021, 0x0021, 0x0021, 0x0021, 0x0021, 0x0021, 0x0021, 0x0021, 0x0021, 0x0021, 0x0021,
  0x0021, 0x0021, 0x0021, 0x0021, 0x0021, 0x0021, 0x0021, 0x0021, 0x0021, 0x0021, 0x0021, 0x0021,
  0x0021, 0x0021, 0x0021, 0x0021, 0x0021, 0x0021, 0x0021, 0x0021, 0x0021, 0x0021, 0x0021, 0x0021,
  0x0021, 0x0021, 0x0021, 0x0021, 0x0021, 0x0021, 0x0021, 0x0021, 0x0021, 0x0021, 0x0021, 0x0021,
  0x0021, 0x0021, 0x0021, 0x0021, 0x0021, 0x0021, 0x0021, 0x0021, 0x0021, 0x0021, 0x0021, 0x0021,
  0x0021, 0x0021, 0x0021, 0x0021, 0x0021, 0x0021, 0x0021, 0x0021, 0x0021, 0x0021, 0x0021, 0x0021,
  0x0041, 0x0021, 0x0021, 0x0000, 0x0000, 0x1061, 0x4941, 0x8262, 0xB344, 0xDC04, 0xBB84, 0x9305,
  0xA2C3, 0xBB64, 0xBB85, 0xB3A6, 0xABA6, 0x9326, 0x6A65, 0x39A5, 0x2965, 0x2166, 0x2986, 0x31A6,
  0x31A6, 0x31A6, 0x31A6, 0x2146, 0x82E6, 0xA325, 0x71E1, 0x0020, 0x0021, 0x0021, 0x0021, 0x0021,
  0x0021, 0x0021, 0x0021, 0x0021, 0x0021, 0x0021, 0x0021, 0x0021, 0x0021, 0x0021, 0x0021, 0x0021,
  0x0021, 0x0021, 0x0021, 0x0021, 0x0021, 0x0021, 0x0021, 0x0021, 0x0021, 0x0021, 0x0021, 0x0021,
  0x0021, 0x0021, 0x0021, 0x0021, 0x0021, 0x0021, 0x0021, 0x0021, 0x0021, 0x0021, 0x0021, 0x0021,
  0x0021, 0x0021, 0x0021, 0x0021, 0x0021, 0x0021, 0x0021, 0x0021, 0x0021, 0x0021, 0x0021, 0x0021,
  0x0021, 0x0021, 0x0021, 0x0021, 0x0021, 0x0021, 0x0021, 0x0021, 0x0021, 0x0021, 0x0021, 0x0021,
  0x0021, 0x0021, 0x0021, 0x0021, 0x0021, 0x0021, 0x0021, 0x0021, 0x0021, 0x0021, 0x0021, 0x0021,
  0x0021, 0x0021, 0x0021, 0x0021, 0x0021, 0x0021, 0x0021, 0x0021, 0x0021, 0x0021, 0x0021, 0x0021,
  0x0021, 0x0021, 0x0021, 0x0021, 0x0021, 0x0021, 0x0021, 0x0021, 0x0021, 0x0021, 0x0021, 0x0021,
  0x0021, 0x0021, 0x0021, 0x0021, 0x0021, 0x0021, 0x0021, 0x0021, 0x0021, 0x0021, 0x0021, 0x0021,
  0x0021, 0x0021, 0x0021, 0x0021, 0x0021, 0x0021, 0x0021, 0x0021, 0x0021, 0x0021, 0x0021, 0x0021,
  0x0021, 0x0021, 0x0021, 0x0021, 0x0021, 0x0021, 0x0021, 0x0041, 0x0041, 0x0021, 0x0000, 0x0000,
  0x1061, 0x4141, 0x7222, 0x8A62, 0xCBA4, 0xDBE4, 0xCBA4, 0xC343, 0xBB44, 0xB385, 0xB3A6, 0xABA6,
  0x9326, 0x6A85, 0x41C5, 0x2965, 0x2146, 0x29A6, 0x2166, 0x5205, 0xABA6, 0x8A41, 0x20A1, 0x0001,
  0x0021, 0x0021, 0x0021, 0x0021, 0x0021, 0x0021, 0x0021, 0x0021, 0x0021, 0x0021, 0x0021, 0x0021,
  0x0021, 0x0021, 0x0021, 0x0021, 0x0021, 0x0021, 0x0021, 0x0021, 0x0021, 0x0021, 0x0021, 0x0021,
  0x0021, 0x0021, 0x0021, 0x0021, 0x0021, 0x0021, 0x0021, 0x0021, 0x0021, 0x0021, 0x0021, 0x0021,
  0x0021, 0x0021, 0x0021, 0x0021, 0x0021, 0x0021, 0x0021, 0x0021, 0x0021, 0x0021, 0x0021, 0x0021,
  0x0021, 0x0021, 0x0021, 0x0021, 0x0021, 0x0021, 0x0021, 0x0021, 0x0021, 0x0021, 0x0021, 0x0021,
  0x0021, 0x0021, 0x0021, 0x0021, 0x0021, 0x0021, 0x0021, 0x0021, 0x0021, 0x0021, 0x0021, 0x0021,
  0x0021, 0x0021, 0x0021, 0x0021, 0x0021, 0x0021, 0x0021, 0x0021, 0x0021, 0x0021, 0x0021, 0x0021,
  0x0021, 0x0021, 0x0021, 0x0021, 0x0021, 0x0021, 0x0021, 0x0021, 0x0021, 0x0021, 0x0021, 0x0021,
  0x0021, 0x0021, 0x0021, 0x0021, 0x0021, 0x0021, 0x0021, 0x0021, 0x0021, 0x0021, 0x0021, 0x0021,
  0x0021, 0x0021, 0x0021, 0x0021, 0x0021, 0x0021, 0x0021, 0x0021, 0x0021, 0x0021, 0x0021, 0x0021,
  0x0021, 0x0021, 0x0021, 0x0021, 0x0021, 0x0021, 0x0021, 0x0021, 0x0021, 0x0021, 0x0021, 0x0021,
  0x0021, 0x0021, 0x0041, 0x0021, 0x0021, 0x0000, 0x0000, 0x1081, 0x3921, 0x7202, 0xB323, 0xD3C4,
  0xDBE4, 0xCBA4, 0xC363, 0xB344, 0xB364, 0xBBA5, 0xB3C6, 0x9346, 0x6A65, 0x41C5, 0x3185, 0xA366,
  0x9AA3, 0x5961, 0x0000, 0x0021, 0x0021, 0x0021, 0x0021, 0x0021, 0x0021, 0x0021, 0x0021, 0x0021,
  0x0021, 0x0021, 0x0021, 0x0021, 0x0021, 0x0021, 0x0021, 0x0021, 0x0021, 0x0021, 0x0021, 0x0021,
  0x0021, 0x0021, 0x0021, 0x0021, 0x0021, 0x0021, 0x0021, 0x0021, 0x0021, 0x0021, 0x0021, 0x0021,
  0x0021, 0x0021, 0x0021, 0x0021, 0x0021, 0x0021, 0x0021, 0x0021, 0x0021, 0x0021, 0x0021, 0x0021,
  0x0021, 0x0021, 0x0021, 0x0021, 0x0021, 0x0021, 0x0021, 0x0021, 0x0021, 0x0021, 0x0021, 0x0021,
  0x0021, 0x0021, 0x0021, 0x0021, 0x0021, 0x0021, 0x0021, 0x0021, 0x0021, 0x0021, 0x0021, 0x0021,
  0x0021, 0x0021, 0x0021, 0x0021, 0x0021, 0x0021, 0x0021, 0x0021, 0x0021, 0x0021, 0x0021, 0x0021,
  0x0021, 0x0021, 0x0021, 0x0021, 0x0021, 0x0021, 0x0021, 0x0021, 0x0021, 0x0021, 0x0021, 0x0021,
  0x0021, 0x0021, 0x0021, 0x0021, 0x0021, 0x0021, 0x0021, 0x0021, 0x0021, 0x0021, 0x0021, 0x0021,
  0x0021, 0x0021, 0x0021, 0x0021, 0x0021, 0x0021, 0x0021, 0x0021, 0x0021, 0x0021, 0x0021, 0x0021,
  0x0021, 0x0021, 0x0021, 0x0021, 0x0021, 0x0021, 0x0021, 0x0021, 0x0021, 0x0021, 0x0021, 0x0021,
  0x0021, 0x0021, 0x0021, 0x0021, 0x0021, 0x0021, 0x0021, 0x0021, 0x0021, 0x0041, 0x0041, 0x0021,
  0x0000, 0x0000, 0x0841, 0x3101, 0x7202, 0xAB03, 0xCBA4, 0xDBE4, 0xCBA3, 0xA324, 0x9AE4, 0xB344,
  0xBBC6, 0xABA6, 0xABC7, 0x9AE4, 0x7A01, 0x0840, 0x0021, 0x0021, 0x0021, 0x0021, 0x0021, 0x0021,
  0x0021, 0x0021, 0x0021, 0x0021, 0x0021, 0x0021, 0x0021, 0x0021, 0x0021, 0x0021, 0x0021, 0x0021,
  0x0021, 0x0021, 0x0021, 0x0021, 0x0021, 0x0021, 0x0021, 0x0021, 0x0021, 0x0021, 0x0021, 0x0021,
  0x0021, 0x0021, 0x0021, 0x0021, 0x0021, 0x0021, 0x0021, 0x0021, 0x0021, 0x0021, 0x0021, 0x0021,
  0x0021, 0x0021, 0x0021, 0x0021, 0x0021, 0x0021, 0x0021, 0x0021, 0x0021, 0x0021, 0x0021, 0x0021,
  0x0021, 0x0021, 0x0021, 0x0021, 0x0021, 0x0021, 0x0021, 0x0021, 0x0021, 0x0021, 0x0021, 0x0021,
  0x0021, 0x0021, 0x0021, 0x0021, 0x0021, 0x0021, 0x0021, 0x0021, 0x0021, 0x0021, 0x0021, 0x0021,
  0x0021, 0x0021, 0x0021, 0x0021, 0x0021, 0x0021, 0x0021, 0x0021, 0x0021, 0x0021, 0x0021, 0x0021,
  0x0021, 0x0021, 0x0021, 0x0021, 0x0021, 0x0021, 0x0021, 0x0021, 0x0021, 0x0021, 0x0021, 0x0021,
  0x0021, 0x0021, 0x0021, 0x0021, 0x0021, 0x0021, 0x0021, 0x0021, 0x0021, 0x0021, 0x0021, 0x0021,
  0x0021, 0x0021, 0x0021, 0x0021, 0x0021, 0x0021, 0x0021, 0x0021, 0x0021, 0x0021, 0x0021, 0x0021,
  0x0021, 0x0021, 0x0021, 0x0021, 0x0021, 0x0021, 0x0021, 0x0021, 0x0021, 0x0021, 0x0021, 0x0021,
  0x0021, 0x0021, 0x0021, 0x0021, 0x0041, 0x0041, 0x0021, 0x0000, 0x0000, 0x0820, 0x30E1, 0x7202,
  0xA2E3, 0x9AC3, 0xAB03, 0xD3C4, 0xCB83, 0xBB44, 0x92C3, 0x9261, 0x30E1, 0x0000, 0x0041, 0x0021,
  0x0021, 0x0021, 0x0021, 0x0021, 0x0021, 0x0021, 0x0021, 0x0021, 0x0021, 0x0021, 0x0021, 0x0021,
  0x0021, 0x0021, 0x0021, 0x0021, 0x0021, 0x0021, 0x0021, 0x0021, 0x0021, 0x0021, 0x0021, 0x0021,
  0x0021, 0x0021, 0x0021, 0x0021, 0x0021, 0x0021, 0x0021, 0x0021, 0x0021, 0x0021, 0x0021, 0x0021,
  0x0021, 0x0021, 0x0021, 0x0021, 0x0021, 0x0021, 0x0021, 0x0021, 0x0021, 0x0021, 0x0021, 0x0021,
  0x0021, 0x0021, 0x0021, 0x0021, 0x0021, 0x0021, 0x0021, 0x0021, 0x0021, 0x0021, 0x0021, 0x0021,
  0x0021, 0x0021, 0x0021, 0x0021, 0x0021, 0x0021, 0x0021, 0x0021, 0x0021, 0x0021, 0x0021, 0x0021,
  0x0021, 0x0021, 0x0021, 0x0021, 0x0021, 0x0021, 0x0021, 0x0021, 0x0021, 0x0021, 0x0021, 0x0021,
  0x0021, 0x0021, 0x0021, 0x0021, 0x0021, 0x0021, 0x0021, 0x0021, 0x0021, 0x0021, 0x0021, 0x0021,
  0x0021, 0x0021, 0x0021, 0x0021, 0x0021, 0x0021, 0x0021, 0x0021, 0x0021, 0x0021, 0x0021, 0x0021,
  0x0021, 0x0021, 0x0021, 0x0021, 0x0021, 0x0021, 0x0021, 0x0021, 0x0021, 0x0021, 0x0021, 0x0021,
  0x0021, 0x0021, 0x0021, 0x0021, 0x0021, 0x0021, 0x0021, 0x0021, 0x0021, 0x0021, 0x0021, 0x0021,
  0x0021, 0x0021, 0x0021, 0x0021, 0x0021, 0x0021, 0x0021, 0x0021, 0x0021, 0x0021, 0x0021, 0x0021,
  0x0041, 0x0021, 0x0000, 0x0000, 0x0020, 0x28C1, 0x69C2, 0xA2E3, 0xC364, 0xDBE4, 0xBB43, 0x5161,
  0x0000, 0x0021, 0x0021, 0x0021, 0x0021, 0x0021, 0x0021, 0x0021, 0x0021, 0x0021, 0x0021, 0x0021,
  0x0021, 0x0021, 0x0021, 0x0021, 0x0021, 0x0021, 0x0021, 0x0021, 0x0021, 0x0021, 0x0021, 0x0021,
  0x0021, 0x0021, 0x0021, 0x0021, 0x0021, 0x0021, 0x0021, 0x0021, 0x0021, 0x0021, 0x0021, 0x0021,
  0x0021, 0x0021, 0x0021, 0x0021, 0x0021, 0x0021, 0x0021, 0x0021, 0x0021, 0x0021, 0x0021, 0x0021,
  0x0021, 0x0021, 0x0021, 0x0021, 0x0021, 0x0021, 0x0021, 0x0021, 0x0021, 0x0021, 0x0021, 0x0021,
  0x0021, 0x0021, 0x0021, 0x0021, 0x0021, 0x0021, 0x0021, 0x0021, 0x0021, 0x0021, 0x0021, 0x0021,
  0x0021, 0x0021, 0x0021, 0x0021, 0x0021, 0x0021, 0x0021, 0x0021, 0x0021, 0x0021, 0x0021, 0x0021,
  0x0021, 0x0021, 0x0021, 0x0021, 0x0021, 0x0021, 0x0021, 0x0021, 0x0021, 0x0021, 0x0021, 0x0021,
  0x0021, 0x0021, 0x0021, 0x0021, 0x0021, 0x0021, 0x0021, 0x0021, 0x0021, 0x0021, 0x0021, 0x0021,
  0x0021, 0x0021, 0x0021, 0x0021, 0x0021, 0x0021, 0x0021, 0x0021, 0x0021, 0x0021, 0x0021, 0x0021,
  0x0021, 0x0021, 0x0021, 0x0021, 0x0021, 0x0021, 0x0021, 0x0021, 0x0021, 0x0021, 0x0021, 0x0021,
  0x0021, 0x0021, 0x0021, 0x0021, 0x0021, 0x0021, 0x0021, 0x0021, 0x0021, 0x0021, 0x0021, 0x0021,
  0x0021, 0x0021, 0x0021, 0x0021, 0x0021, 0x0021, 0x0021, 0x0041, 0x0021, 0x0000, 0x0000, 0x0020,
  0x20A1, 0x69E2, 0x7202, 0x0020, 0x0021, 0x0021, 0x0021, 0x0021, 0x0021, 0x0021, 0x0021, 0x0021,
  0x0021, 0x0021, 0x0021, 0x0021, 0x0021, 0x0021, 0x0021, 0x0021, 0x0021, 0x0021, 0x0021, 0x0021,
  0x0021, 0x0021, 0x0021, 0x0021, 0x0021, 0x0021, 0x0021, 0x0021, 0x0021, 0x0021, 0x0021, 0x0021,
  0x0021, 0x0021, 0x0021, 0x0021, 0x0021, 0x0021, 0x0021, 0x0021, 0x0021, 0x0021, 0x0021, 0x0021,
  0x0021, 0x0021, 0x0021, 0x0021, 0x0021, 0x0021, 0x0021, 0x0021, 0x0021, 0x0021, 0x0021, 0x0021,
  0x0021, 0x0021, 0x0021, 0x0021, 0x0021, 0x0021, 0x0021, 0x0021, 0x0021, 0x0021, 0x0021, 0x0021,
  0x0021, 0x0021, 0x0021, 0x0021, 0x0021, 0x0021, 0x0021, 0x0021, 0x0021, 0x0021, 0x0021, 0x0021,
  0x0021, 0x0021, 0x0021, 0x0021, 0x0021, 0x0021, 0x0021, 0x0021, 0x0021, 0x0021, 0x0021, 0x0021,
  0x0021, 0x0021, 0x0021, 0x0021, 0x0021, 0x0021, 0x0021, 0x0021, 0x0021, 0x0021, 0x0021, 0x0021,
  0x0021, 0x0021, 0x0021, 0x0021, 0x0021, 0x0021, 0x0021, 0x0021, 0x0021, 0x0021, 0x0021, 0x0021,
  0x0021, 0x0021, 0x0021, 0x0021, 0x0021, 0x0021, 0x0021, 0x0021, 0x0021, 0x0021, 0x0021, 0x0021,
  0x0021, 0x0021, 0x0021, 0x0021, 0x0021, 0x0021, 0x0021, 0x0021, 0x0021, 0x0021, 0x0021, 0x0021,
  0x0021, 0x0021, 0x0021, 0x0021, 0x0021, 0x0021, 0x0021, 0x0021, 0x0021, 0x0021, 0x0021, 0x0021,
  0x0021, 0x0021, 0x0041, 0x0021, 0x0001, 0x0000, 0x0000, 0x0021, 0x0021, 0x0021, 0x0021, 0x0021,
  0x0021, 0x0021, 0x0021, 0x0021, 0x0021, 0x0021, 0x0021, 0x0021, 0x0021, 0x0021, 0x0021, 0x0021,
  0x0021, 0x0021, 0x0021, 0x0021, 0x0021, 0x0021, 0x0021, 0x0021, 0x0021, 0x0021, 0x0021, 0x0021,
  0x0021, 0x0021, 0x0021, 0x0021, 0x0021, 0x0021, 0x0021, 0x0021, 0x0021, 0x0021, 0x0021, 0x0021,
  0x0021, 0x0021, 0x0021, 0x0021, 0x0021, 0x0021, 0x0021, 0x0021, 0x0021, 0x0021, 0x0021, 0x0021,
  0x0021, 0x0021, 0x0021, 0x0021, 0x0021, 0x0021, 0x0021, 0x0021, 0x0021, 0x0021, 0x0021, 0x0021,
  0x0021, 0x0021, 0x0021, 0x0021, 0x0021, 0x0021, 0x0021, 0x0021, 0x0021, 0x0021, 0x0021, 0x0021,
  0x0021, 0x0021, 0x0021, 0x0021, 0x0021, 0x0021, 0x0021, 0x0021, 0x0021, 0x0021, 0x0021, 0x0021,
  0x0021, 0x0021, 0x0021, 0x0021, 0x0021, 0x0021, 0x0021, 0x0021, 0x0021, 0x0021, 0x0021, 0x0021,
  0x0021, 0x0021, 0x0021, 0x0021, 0x0021, 0x0021, 0x0021, 0x0021, 0x0021, 0x0021, 0x0021, 0x0021,
  0x0021, 0x0021, 0x0021, 0x0021, 0x0021, 0x0021, 0x0021, 0x0021, 0x0021, 0x0021, 0x0021, 0x0021,
  0x0021, 0x0021, 0x0021, 0x0021, 0x0021, 0x0021, 0x0021, 0x0021, 0x0021, 0x0021, 0x0021, 0x0021,
  0x0021, 0x0021, 0x0021, 0x0021, 0x0021, 0x0021, 0x0021, 0x0021, 0x0021, 0x0021, 0x0021, 0x0021,
  0x0021, 0x0021, 0x0021, 0x0021, 0x0021, 0x0021, 0x0021, 0x0021, 0x0021, 0x0041, 0x0021, 0x0021,
  0x0021, 0x0021, 0x0021, 0x0021, 0x0021, 0x0021, 0x0021, 0x0021, 0x0021, 0x0021, 0x0021, 0x0021,
  0x0021, 0x0021, 0x0021, 0x0021, 0x0021, 0x0021, 0x0021, 0x0021, 0x0021, 0x0021, 0x0021, 0x0021,
  0x0021, 0x0021, 0x0021, 0x0021, 0x0021, 0x0021, 0x0021, 0x0021, 0x0021, 0x0021, 0x0021, 0x0021,
  0x0021, 0x0021, 0x0021, 0x0021, 0x0021, 0x0021, 0x0021, 0x0021, 0x0021, 0x0021, 0x0021, 0x0021,
  0x0021, 0x0021, 0x0021, 0x0021, 0x0021, 0x0021, 0x0021, 0x0021, 0x0021, 0x0021, 0x0021, 0x0021,
  0x0021, 0x0021, 0x0021, 0x0021, 0x0021, 0x0021, 0x0021, 0x0021, 0x0021, 0x0021, 0x0021, 0x0021,
  0x0021, 0x0021, 0x0021, 0x0021, 0x0021, 0x0021, 0x0021, 0x0021, 0x0021, 0x0021, 0x0021, 0x0021,
  0x0021, 0x0021, 0x0021, 0x0021, 0x0021, 0x0021, 0x0021, 0x0021, 0x0021, 0x0021, 0x0021, 0x0021,
  0x0021, 0x0021, 0x0021, 0x0021, 0x0021, 0x0021, 0x0021, 0x0021, 0x0021, 0x0021, 0x0021, 0x0021,
  0x0021, 0x0021, 0x0021, 0x0021, 0x0021, 0x0021, 0x0021, 0x0021, 0x0021, 0x0021, 0x0021, 0x0021,
  0x0021, 0x0021, 0x0021, 0x0021, 0x0021, 0x0021, 0x0021, 0x0021, 0x0021, 0x0021, 0x0021, 0x0021,
  0x0021, 0x0021, 0x0021, 0x0021, 0x0021, 0x0021, 0x0021, 0x0021, 0x0021, 0x0021, 0x0021, 0x0021,
  0x0021, 0x0021, 0x0021, 0x0021, 0x0021, 0x0021, 0x0021, 0x0021, 0x0021, 0x0021, 0x0021, 0x0021,
  0x0021, 0x0021, 0x0021, 0x0021, 0x0021, 0x0021, 0x0021, 0x0021, 0x0021, 0x0021, 0x0021, 0x0021,
  0x0021, 0x0021, 0x0021, 0x0021, 0x0021, 0x0021, 0x0021, 0x0021, 0x0021, 0x0021, 0x0021, 0x0021,
  0x0021, 0x0021, 0x0021, 0x0021, 0x0021, 0x0021, 0x0021, 0x0021, 0x0021, 0x0021, 0x0021, 0x0021,
  0x0021, 0x0021, 0x0021, 0x0021, 0x0021, 0x0021, 0x0021, 0x0021, 0x0021, 0x0021, 0x0021, 0x0021,
  0x0021, 0x0021, 0x0021, 0x0021, 0x0021, 0x0021, 0x0021, 0x0021, 0x0021, 0x0021, 0x0021, 0x0021,
  0x0021, 0x0021, 0x0021, 0x0021, 0x0021, 0x0021, 0x0021, 0x0021, 0x0021, 0x0021, 0x0021, 0x0021,
  0x0021, 0x0021, 0x0021, 0x0021, 0x0021, 0x0021, 0x0021, 0x0021, 0x0021, 0x0021, 0x0021, 0x0021,
  0x0021, 0x0021, 0x0021, 0x0021, 0x0021, 0x0021, 0x0021, 0x0021, 0x0021, 0x0021, 0x0021, 0x0021,
  0x0021, 0x0021, 0x0021, 0x0021, 0x0021, 0x0021, 0x0021, 0x0021, 0x0021, 0x0021, 0x0021, 0x0021,
  0x0021, 0x0021, 0x0021, 0x0021, 0x0021, 0x0021, 0x0021, 0x0021, 0x0021, 0x0021, 0x0021, 0x0021,
  0x0021, 0x0021, 0x0021, 0x0021, 0x0021, 0x0021, 0x0021, 0x0021, 0x0021, 0x0021, 0x0021, 0x0021,
  0x0021, 0x0021, 0x0021, 0x0021, 0x0021, 0x0021, 0x0021, 0x0021, 0x0021, 0x0021, 0x0021, 0x0021,
  0x0021, 0x0021, 0x0021, 0x0021, 0x0021, 0x0021, 0x0021, 0x0021, 0x0021, 0x0021, 0x0021, 0x0021,
  0x0021, 0x0021, 0x0021, 0x0021, 0x0021, 0x0021, 0x0021, 0x0021, 0x0021, 0x0021, 0x0021, 0x0021,
  0x0021, 0x0021, 0x0021, 0x0021, 0x0021, 0x0021, 0x0021, 0x0021, 0x0021, 0x0021, 0x0021, 0x0021,
  0x0021, 0x0021, 0x0021, 0x0021, 0x0021, 0x0021, 0x0021, 0x0021, 0x0021, 0x0021, 0x0021, 0x0021,
  0x0021, 0x0021, 0x0021, 0x0021, 0x0021, 0x0021, 0x0021, 0x0021, 0x0021, 0x0021, 0x0021, 0x0021,
  0x0021, 0x0021, 0x0021, 0x0021, 0x0021, 0x0021, 0x0021, 0x0021, 0x0021, 0x0021, 0x0021, 0x0021,
  0x0021, 0x0021, 0x0021, 0x0021, 0x0021, 0x0021, 0x0021, 0x0021, 0x0021, 0x0021, 0x0021, 0x0021,
  0x0021, 0x0021, 0x0021, 0x0021, 0x0021, 0x0021, 0x0021, 0x0021, 0x0021, 0x0021, 0x0021, 0x0021,
  0x0021, 0x0021, 0x0021, 0x0021, 0x0021, 0x0021, 0x0021, 0x0021, 0x0021, 0x0021, 0x0021, 0x0021,
  0x0021, 0x0021, 0x0021, 0x0021, 0x0021, 0x0021, 0x0021, 0x0021, 0x0021, 0x0021, 0x0021, 0x0021,
  0x0021, 0x0021, 0x0021, 0x0021, 0x0021, 0x0021, 0x0021, 0x0021, 0x0021, 0x0021, 0x0021, 0x0021,
  0x0021, 0x0021, 0x0021, 0x0021, 0x0021, 0x0021, 0x0021, 0x0021, 0x0021, 0x0021, 0x0021, 0x0021,
  0x0021, 0x0021, 0x0021, 0x0021, 0x0021, 0x0021, 0x0021, 0x0021, 0x0021, 0x0021, 0x0021, 0x0021,
  0x0021, 0x0021, 0x0021, 0x0021, 0x0021, 0x0021, 0x0021, 0x0021, 0x0021, 0x0021, 0x0021, 0x0021,
  0x0021, 0x0021, 0x0021, 0x0021, 0x0021, 0x0021, 0x0021, 0x0021, 0x0021, 0x0021, 0x0021, 0x0021,
  0x0021, 0x0021, 0x0021, 0x0021, 0x0021, 0x0021, 0x0021, 0x0021, 0x0021, 0x0021, 0x0021, 0x0021,
  0x0021, 0x0021, 0x0021, 0x0021, 0x0021, 0x0021, 0x0021, 0x0021, 0x0021, 0x0021, 0x0021, 0x0021,
  0x0021, 0x0021, 0x0021, 0x0021, 0x0021, 0x0021, 0x0021, 0x0021, 0x0021, 0x0021, 0x0021, 0x0021,
  0x0021, 0x0021, 0x0021, 0x0021, 0x0021, 0x0021, 0x0021, 0x0021, 0x0021, 0x0021, 0x0021, 0x0021,
  0x0021, 0x0021, 0x0021, 0x0021, 0x0021, 0x0021, 0x0021, 0x0021, 0x0021, 0x0021, 0x0021, 0x0021,
  0x0021, 0x0021, 0x0021, 0x0021, 0x0021, 0x0021, 0x0021, 0x0021, 0x0021, 0x0021, 0x0021, 0x0021,
  0x0021, 0x0021, 0x0021, 0x0021, 0x0021, 0x0021, 0x0021, 0x0021, 0x0021, 0x0021, 0x0021, 0x0021,
  0x0021, 0x0021, 0x0021, 0x0021, 0x0021, 0x0021, 0x0021, 0x0021, 0x0021, 0x0021, 0x0021, 0x0021,
  0x0021, 0x0021, 0x0021, 0x0021, 0x0021, 0x0021, 0x0021, 0x0021, 0x0021, 0x0021, 0x0021, 0x0021,
  0x0021, 0x0021, 0x0021, 0x0021, 0x0021, 0x0021, 0x0021, 0x0021, 0x0021, 0x0021, 0x0021, 0x0021,
  0x0021, 0x0021, 0x0021, 0x0021, 0x0021, 0x0021, 0x0021, 0x0021, 0x0021, 0x0021, 0x0021, 0x0021,
  0x0021, 0x0021, 0x0021, 0x0021, 0x0021, 0x0021, 0x0021, 0x0021, 0x0021, 0x0021, 0x0021, 0x0021,
  0x0021, 0x0021, 0x0021, 0x0021, 0x0021, 0x0021, 0x0021, 0x0021, 0x0021, 0x0021, 0x0021, 0x0021,
  0x0021, 0x0021, 0x0021, 0x0021, 0x0021, 0x0021, 0x0021, 0x0021, 0x0021, 0x0021, 0x0021, 0x0021,
  0x0021, 0x0021, 0x0021, 0x0021, 0x0021, 0x0021, 0x0021, 0x0021, 0x0021, 0x0021, 0x0021, 0x0021,
  0x0021, 0x0021, 0x0021, 0x0021, 0x0021, 0x0021, 0x0021, 0x0021, 0x0021, 0x0021, 0x0021, 0x0021,
  0x0021, 0x0021, 0x0021, 0x0021, 0x0021, 0x0021, 0x0021, 0x0021, 0x0021, 0x0021, 0x0021, 0x0021,
  0x0021, 0x0021, 0x0021, 0x0021, 0x0021, 0x0021, 0x0021, 0x0021, 0x0021, 0x0021, 0x0021, 0x0021,
  0x0021, 0x0021, 0x0021, 0x0021, 0x0021, 0x0021, 0x0021, 0x0021, 0x0021, 0x0021, 0x0021, 0x0021,
  0x0021, 0x0021, 0x0021, 0x0021, 0x0021, 0x0021, 0x0021, 0x0021, 0x0021, 0x0021, 0x0021, 0x0021,
  0x0021, 0x0021, 0x0021, 0x0021, 0x0021, 0x0021, 0x0021, 0x0021, 0x0021, 0x0021, 0x0021, 0x0021,
  0x0021, 0x0021, 0x0021, 0x0021, 0x0021, 0x0021, 0x0021, 0x0021, 0x0021, 0x0021, 0x0021, 0x0021,
  0x0021, 0x0021, 0x0021, 0x0021, 0x0021, 0x0021, 0x0021, 0x0021, 0x0021, 0x0021, 0x0021, 0x0021,
  0x0021, 0x0021, 0x0021, 0x0021, 0x0021, 0x0021, 0x0021, 0x0021, 0x0021, 0x0021, 0x0021, 0x0021,
  0x0021, 0x0021, 0x0021, 0x0021, 0x0021, 0x0021, 0x0021, 0x0021, 0x0021, 0x0021, 0x0021, 0x0021,
  0x0021, 0x0021, 0x0021, 0x0021, 0x0021, 0x0021, 0x0021, 0x0021, 0x0021, 0x0021, 0x0021, 0x0021,
  0x0021, 0x0021, 0x0021, 0x0021, 0x0021, 0x0021, 0x0021, 0x0021, 0x0021, 0x0021, 0x0021, 0x0021,
  0x0021, 0x0021, 0x0021, 0x0021, 0x0021, 0x0021, 0x0021, 0x0021, 0x0021, 0x0021, 0x0021, 0x0021,
  0x0021, 0x0021, 0x0021, 0x0021, 0x0021, 0x0021, 0x0021, 0x0021, 0x0021, 0x0021, 0x0021, 0x0021,
  0x0021, 0x0021, 0x0021, 0x0021, 0x0021, 0x0021, 0x0021, 0x0021, 0x0021, 0x0021, 0x0021, 0x0021,
  0x0021, 0x0021, 0x0021, 0x0021, 0x0021, 0x0021, 0x0021, 0x0021, 0x0021, 0x0021, 0x0021, 0x0021,
  0x0021, 0x0021, 0x0021, 0x0021, 0x0021, 0x0021, 0x0021, 0x0021, 0x0021, 0x0021, 0x0021, 0x0021,
  0x0021, 0x0021, 0x0021, 0x0021, 0x0021, 0x0021, 0x0021, 0x0021, 0x0021, 0x0021, 0x0021, 0x0021,
  0x0021, 0x0021, 0x0021, 0x0021, 0x0021, 0x0021, 0x0021, 0x0021, 0x0021, 0x0021, 0x0021, 0x0021,
  0x0021, 0x0021, 0x0021, 0x0021, 0x0021, 0x0021, 0x0021, 0x0021, 0x0021, 0x0021, 0x0021, 0x0021,
  0x0021, 0x0021, 0x0021, 0x0021, 0x0021, 0x0021, 0x0021, 0x0021, 0x0021, 0x0021, 0x0021, 0x0021,
  0x0021, 0x0021, 0x0021, 0x0021, 0x0021, 0x0021, 0x0021, 0x0021, 0x0021, 0x0021, 0x0021, 0x0021,
  0x0021, 0x0021, 0x0021, 0x0021, 0x0021, 0x0021, 0x0021, 0x0021, 0x0021, 0x0021, 0x0021, 0x0021,
  0x0021, 0x0021, 0x0021, 0x0021, 0x0021, 0x0021, 0x0021, 0x0021, 0x0021, 0x0021, 0x0021, 0x0021,
  0x0021, 0x0021, 0x0021, 0x0021, 0x0021, 0x0021, 0x0021, 0x0021, 0x0021, 0x0021, 0x0021, 0x0021,
  0x0021, 0x0021, 0x0021, 0x0021, 0x0021, 0x0021, 0x0021, 0x0021, 0x0021, 0x0021, 0x0021, 0x0021,
  0x0021, 0x0021, 0x0021, 0x0021, 0x0021, 0x0021, 0x0021, 0x0021, 0x0021, 0x0021, 0x0021, 0x0021,
  0x0021, 0x0021, 0x0021, 0x0021, 0x0021, 0x0021, 0x0021, 0x0021, 0x0021, 0x0021, 0x0021, 0x0021,
  0x0021, 0x0021, 0x0021, 0x0021, 0x0021, 0x0021, 0x0021, 0x0021, 0x0021, 0x0021, 0x0021, 0x0021,
  0x0021, 0x0021, 0x0021, 0x0021, 0x0021, 0x0021, 0x0021, 0x0021, 0x0021, 0x0021, 0x0021, 0x0021,
  0x0021, 0x0021, 0x0021, 0x0021, 0x0021, 0x0021, 0x0021, 0x0021, 0x0021, 0x0021, 0x0021, 0x0021,
  0x0021, 0x0021, 0x0021, 0x0021, 0x0021, 0x0021, 0x0021, 0x0021, 0x0021, 0x0021, 0x0021, 0x0021,
  0x0021, 0x0021, 0x0021, 0x0021, 0x0021, 0x0021, 0x0021, 0x0021, 0x0021, 0x0021, 0x0021, 0x0021,
  0x0021, 0x0021, 0x0021, 0x0021, 0x0021, 0x0021, 0x0021, 0x0021, 0x0021, 0x0021, 0x0021, 0x0021,
  0x0021, 0x0021, 0x0021, 0x0021, 0x0021, 0x0021, 0x0021, 0x0021, 0x0021, 0x0021, 0x0021, 0x0021,
  0x0021, 0x0021, 0x0021, 0x0021, 0x0021, 0x0021, 0x0021, 0x0021, 0x0021, 0x0021, 0x0021, 0x0021,
  0x0021, 0x0021, 0x0021, 0x0021, 0x0021, 0x0021, 0x0021, 0x0021, 0x0021, 0x0021, 0x0021, 0x0021,
  0x0021, 0x0021, 0x0021, 0x0021, 0x0021, 0x0021, 0x0021, 0x0021, 0x0021, 0x0021, 0x0021, 0x0021,
  0x0021, 0x0021, 0x0021, 0x0021, 0x0021, 0x0021, 0x0021, 0x0021, 0x0021, 0x0021, 0x0021, 0x0021,
  0x0021, 0x0021, 0x0021, 0x0021, 0x0021, 0x0021, 0x0021, 0x0021, 0x0021, 0x0021, 0x0021, 0x0021,
  0x0021, 0x0021, 0x0021, 0x0021, 0x0021, 0x0021, 0x0021, 0x0021, 0x0021, 0x0021, 0x0021, 0x0021,
  0x0021, 0x0021, 0x0021, 0x0021, 0x0021, 0x0021, 0x0021, 0x0021, 0x0021, 0x0021, 0x0021, 0x0021,
  0x0021, 0x0021, 0x0021, 0x0021, 0x0021, 0x0021, 0x0021, 0x0021, 0x0021, 0x0021, 0x0021, 0x0021,
  0x0021, 0x0021, 0x0021, 0x0021, 0x0021, 0x0021, 0x0021, 0x0021, 0x0021, 0x0021, 0x0021, 0x0021,
  0x0021, 0x0021, 0x0021, 0x0021, 0x0021, 0x0021, 0x0021, 0x0021, 0x0021, 0x0021, 0x0021, 0x0021,
  0x0021, 0x0021, 0x0021, 0x0021, 0x0021, 0x0021, 0x0021, 0x0021, 0x0021, 0x0021, 0x0021, 0x0021,
  0x0021, 0x0021, 0x0021, 0x0021, 0x0021, 0x0021, 0x0021, 0x0021, 0x0021, 0x0021, 0x0021, 0x0021,
  0x0021, 0x0021, 0x0021, 0x0021, 0x0021, 0x0021, 0x0021, 0x0021, 0x0021, 0x0021, 0x0021, 0x0021,
  0x0021, 0x0021, 0x0021, 0x0021, 0x0021, 0x0021, 0x0021, 0x0021, 0x0021, 0x0021, 0x0021, 0x0021,
  0x0021, 0x0021, 0x0021, 0x0021, 0x0021, 0x0021, 0x0021, 0x0021, 0x0021, 0x0021, 0x0021, 0x0021,
  0x0021, 0x0021, 0x0021, 0x0021, 0x0021, 0x0021, 0x0021, 0x0021, 0x0021, 0x0021, 0x0021, 0x0021,
  0x0021, 0x0021, 0x0021, 0x0021, 0x0021, 0x0021, 0x0021, 0x0021, 0x0021, 0x0021, 0x0021, 0x0021,
  0x0021, 0x0021, 0x0021, 0x0021, 0x0021, 0x0021, 0x0021, 0x0021, 0x0021, 0x0021, 0x0021, 0x0021,
  0x0021, 0x0021, 0x0021, 0x0021, 0x0021, 0x0021, 0x0021, 0x0021, 0x0021, 0x0021, 0x0021, 0x0021,
  0x0021, 0x0021, 0x0021, 0x0021, 0x0021, 0x0021, 0x0021, 0x0021, 0x0021, 0x0021, 0x0021, 0x0021,
  0x0021, 0x0021, 0x0021, 0x0021, 0x0021, 0x0021, 0x0021, 0x0021, 0x0021, 0x0021, 0x0021, 0x0021,
  0x0021, 0x0021, 0x0021, 0x0021, 0x0021, 0x0021, 0x0021, 0x0021, 0x0021, 0x0021, 0x0021, 0x0021,
  0x0021, 0x0021, 0x0021, 0x0021, 0x0021, 0x0021, 0x0021, 0x0021, 0x0021, 0x0021, 0x0021, 0x0021,
  0x0021, 0x0021, 0x0021, 0x0021, 0x0021, 0x0021, 0x0021, 0x0021, 0x0021, 0x0021, 0x0021, 0x0021,
  0x0021, 0x0021, 0x0021, 0x0021, 0x0021, 0x0021, 0x0021, 0x0021, 0x0021, 0x0021, 0x0021, 0x0021,
  0x0021, 0x0021, 0x0021, 0x0021, 0x0021, 0x0021, 0x0021, 0x0021, 0x0021, 0x0021, 0x0021, 0x0021,
  0x0021, 0x0021, 0x0021, 0x0021, 0x0021, 0x0021, 0x0021, 0x0021, 0x0021, 0x0021, 0x0021, 0x0021,
  0x0021, 0x0021, 0x0021, 0x0021, 0x0021, 0x0021, 0x0021, 0x0021, 0x0021, 0x0021, 0x0021, 0x0021,
  0x0021, 0x0021, 0x0021, 0x0021, 0x0021, 0x0021, 0x0021, 0x0021, 0x0021, 0x0021, 0x0021, 0x0021,
  0x0021, 0x0021, 0x0021, 0x0021, 0x0021, 0x0021, 0x0021, 0x0021, 0x0021, 0x0021, 0x0021, 0x0021,
  0x0021, 0x0021, 0x0021, 0x0021, 0x0021, 0x0021, 0x0021, 0x0021, 0x0021, 0x0021, 0x0021, 0x0021,
  0x0021, 0x0021, 0x0021, 0x0021, 0x0021, 0x0021, 0x0021, 0x0021, 0x0021, 0x0021, 0x0021, 0x0021,
  0x0021, 0x0021, 0x0021, 0x0021, 0x0021, 0x0021, 0x0021, 0x0021, 0x0021, 0x0021, 0x0021, 0x0021,
  0x0021, 0x0021, 0x0021, 0x0021, 0x0021, 0x0021, 0x0021, 0x0021, 0x0021, 0x0021, 0x0021, 0x0021,
  0x0021, 0x0021, 0x0021, 0x0021, 0x0021, 0x0021, 0x0021, 0x0021, 0x0021, 0x0021, 0x0021, 0x0021,
  0x0021, 0x0021, 0x0021, 0x0021, 0x0021, 0x0021, 0x0021, 0x0021, 0x0021, 0x0021, 0x0021, 0x0021,
  0x0021, 0x0021, 0x0021, 0x0021, 0x0021, 0x0021, 0x0021, 0x0021, 0x0021, 0x0021, 0x0021, 0x0021,
  0x0021, 0x0021, 0x0021, 0x0021, 0x0021, 0x0021, 0x0021, 0x0021, 0x0021, 0x0021, 0x0021, 0x0021,
  0x0021, 0x0021, 0x0021, 0x0021, 0x0021, 0x0021, 0x0021, 0x0021, 0x0021, 0x0021, 0x0021, 0x0021,
  0x0021, 0x0021, 0x0021, 0x0021, 0x0021, 0x0021, 0x0021, 0x0021, 0x0021, 0x0021, 0x0021, 0x0021,
  0x0021, 0x0021, 0x0021, 0x0021, 0x0021, 0x0021, 0x0021, 0x0021, 0x0021, 0x0021, 0x0021, 0x0021,
  0x0021, 0x0021, 0x0021, 0x0021, 0x0021, 0x0021, 0x0021, 0x0021, 0x0021, 0x0021, 0x0021, 0x0021,
  0x0021, 0x0021, 0x0021, 0x0021, 0x0021, 0x0021, 0x0021, 0x0021, 0x0021, 0x0021, 0x0021, 0x0021,
  0x0021, 0x0021, 0x0021, 0x0021, 0x0021, 0x0021, 0x0021, 0x0021, 0x0021, 0x0021, 0x0021, 0x0021,
  0x0021, 0x0021, 0x0021, 0x0021, 0x0021, 0x0021, 0x0021, 0x0021, 0x0021, 0x0021, 0x0021, 0x0021,
  0x0021, 0x0021, 0x0021, 0x0021, 0x0021, 0x0021, 0x0021, 0x0021, 0x0021, 0x0021, 0x0021, 0x0021,
  0x0021, 0x0021, 0x0021, 0x0021, 0x0021, 0x0021, 0x0021, 0x0021, 0x0021, 0x0021, 0x0021, 0x0021,
  0x0021, 0x0021, 0x0021, 0x0021, 0x0021, 0x0021, 0x0021, 0x0021, 0x0021, 0x0021, 0x0021, 0x0021,
  0x0021, 0x0021, 0x0021, 0x0021, 0x0021, 0x0021, 0x0021, 0x0021, 0x0021, 0x0021, 0x0021, 0x0021,
  0x0021, 0x0021, 0x0021, 0x0021, 0x0021, 0x0021, 0x0021, 0x0021, 0x0021, 0x0021, 0x0021, 0x0021,
  0x0021, 0x0021, 0x0021, 0x0021, 0x0021, 0x0021, 0x0021, 0x0021, 0x0021, 0x0021, 0x0021, 0x0021,
  0x0021, 0x0021, 0x0021, 0x0021, 0x0021, 0x0021, 0x0021, 0x0021, 0x0021, 0x0021, 0x0021, 0x0021,
  0x0021, 0x0021, 0x0021, 0x0021, 0x0021, 0x0021, 0x0021, 0x0021, 0x0021, 0x0021, 0x0021, 0x0021,
  0x0021, 0x0021, 0x0021, 0x0021, 0x0021, 0x0021, 0x0021, 0x0021, 0x0021, 0x0021, 0x0021, 0x0021,
  0x0021, 0x0021, 0x0021, 0x0021, 0x0021, 0x0021, 0x0021, 0x0021, 0x0021, 0x0021, 0x0021, 0x0021,
  0x0021, 0x0021, 0x0021, 0x0021, 0x0021, 0x0021, 0x0021, 0x0021, 0x0021, 0x0021, 0x0021, 0x0021,
  0x0021, 0x0021, 0x0021, 0x0021, 0x0021, 0x0021, 0x0021, 0x0021, 0x0021, 0x0021, 0x0021, 0x0021,
  0x0021, 0x0021, 0x0021, 0x0021, 0x0021, 0x0021, 0x0021, 0x0021, 0x0021, 0x0021, 0x0021, 0x0021,
  0x0021, 0x0021, 0x0021, 0x0021, 0x0021, 0x0021, 0x0021, 0x0021, 0x0021, 0x0021, 0x0021, 0x0021,
  0x0021, 0x0021, 0x0021, 0x0021, 0x0021, 0x0021, 0x0021, 0x0021, 0x0021, 0x0021, 0x0021, 0x0021,
  0x0021, 0x0021, 0x0021, 0x0021, 0x0021, 0x0021, 0x0021, 0x0021, 0x0021, 0x0021, 0x0021, 0x0021,
  0x0021, 0x0021, 0x0021, 0x0021, 0x0021, 0x0021, 0x0021, 0x0021, 0x0021, 0x0021, 0x0021, 0x0021,
  0x0021, 0x0021, 0x0021, 0x0021, 0x0021, 0x0021, 0x0021, 0x0021, 0x0021, 0x0021, 0x0021, 0x0021,
  0x0021, 0x0021, 0x0021, 0x0021, 0x0021, 0x0021, 0x0021, 0x0021, 0x0021, 0x0021, 0x0021, 0x0021,
  0x0021, 0x0021, 0x0021, 0x0021, 0x0021, 0x0021, 0x0021, 0x0021, 0x0021, 0x0021, 0x0021, 0x0021,
  0x0021, 0x0021, 0x0021, 0x0021, 0x0021, 0x0021, 0x0021, 0x0021, 0x0021, 0x0021, 0x0021, 0x0021,
  0x0021, 0x0021, 0x0021, 0x0021, 0x0021, 0x0021, 0x0021, 0x0021, 0x0021, 0x0021, 0x0021, 0x0021,
  0x0021, 0x0021, 0x0021, 0x0021, 0x0021, 0x0021, 0x0021, 0x0021, 0x0021, 0x0021, 0x0021, 0x0021,
  0x0021, 0x0021, 0x0021, 0x0021, 0x0021, 0x0021, 0x0021, 0x0021, 0x0021, 0x0021, 0x0021, 0x0021,
  0x0021, 0x0021, 0x0021, 0x0021, 0x0021, 0x0021, 0x0021, 0x0021, 0x0021, 0x0021, 0x0021, 0x0021,
  0x0021, 0x0021, 0x0021, 0x0021, 0x0021, 0x0021, 0x0021, 0x0021, 0x0021, 0x0021, 0x0021, 0x0021,
  0x0021, 0x0021, 0x0021, 0x0021, 0x0021, 0x0021, 0x0021, 0x0021, 0x0021, 0x0021, 0x0021, 0x0021,
  0x0021, 0x0021, 0x0021, 0x0021, 0x0021, 0x0021, 0x0021, 0x0021, 0x0021, 0x0021, 0x0021, 0x0021,
  0x0021, 0x0021, 0x0021, 0x0021, 0x0021, 0x0021, 0x0021, 0x0021, 0x0021, 0x0021, 0x0021, 0x0021,
  0x0021, 0x0021, 0x0021, 0x0021, 0x0021, 0x0021, 0x0021, 0x0021, 0x0021, 0x0021, 0x0021, 0x0021,
  0x0021, 0x0021, 0x0021, 0x0021, 0x0021, 0x0021, 0x0021, 0x0021, 0x0021, 0x0021, 0x0021, 0x0021,
  0x0021, 0x0021, 0x0021, 0x0021, 0x0021, 0x0021, 0x0021, 0x0021, 0x0021, 0x0021, 0x0021, 0x0021,
  0x0021, 0x0021, 0x0021, 0x0021, 0x0021, 0x0021, 0x0021, 0x0021, 0x0021, 0x0021, 0x0021, 0x0021,
  0x0021, 0x0021, 0x0021, 0x0021, 0x0021, 0x0021, 0x0021, 0x0021, 0x0021, 0x0021, 0x0021, 0x0021,
  0x0021, 0x0021, 0x0021, 0x0021, 0x0021, 0x0021, 0x0021, 0x0021, 0x0021, 0x0021, 0x0021, 0x0021,
  0x0021, 0x0021, 0x0021, 0x0021, 0x0021, 0x0021, 0x0021, 0x0021, 0x0021, 0x0021, 0x0021, 0x0021,
  0x0021, 0x0021, 0x0021, 0x0021, 0x0021, 0x0021, 0x0021, 0x0021, 0x0021, 0x0021, 0x0021, 0x0021,
  0x0021, 0x0021, 0x0021, 0x0021, 0x0021, 0x0021, 0x0021, 0x0021, 0x0021, 0x0021, 0x0021, 0x0021,
  0x0021, 0x0021, 0x0021, 0x0021, 0x0021, 0x0021, 0x0021, 0x0021, 0x0021, 0x0021, 0x0021, 0x0021,
  0x0021, 0x0021, 0x0021, 0x0021, 0x0021, 0x0021, 0x0021, 0x0021, 0x0021, 0x0021, 0x0021, 0x0021,
  0x0021, 0x0021, 0x0021, 0x0021, 0x0021, 0x0021, 0x0021, 0x0021, 0x0021, 0x0021, 0x0021, 0x0021,
  0x0021, 0x0021, 0x0021, 0x0021, 0x0021, 0x0021, 0x0021, 0x0021, 0x0021, 0x0021, 0x0021, 0x0021,
  0x0021, 0x0021, 0x0021, 0x0021, 0x0021, 0x0021, 0x0021, 0x0021, 0x0021, 0x0021, 0x0021, 0x0021,
  0x0021, 0x0021, 0x0021, 0x0021, 0x0021, 0x0021, 0x0021, 0x0021, 0x0021, 0x0021, 0x0021, 0x0021,
  0x0021, 0x0021, 0x0021, 0x0021, 0x0021, 0x0021, 0x0021, 0x0021, 0x0021, 0x0021, 0x0021, 0x0021,
  0x0021, 0x0021, 0x0021, 0x0021, 0x0021, 0x0021, 0x0021, 0x0021, 0x0021, 0x0021, 0x0021, 0x0021,
  0x0021, 0x0021, 0x0021, 0x0021, 0x0021, 0x0021, 0x0021, 0x0021, 0x0021, 0x0021, 0x0021, 0x0021,
  0x0021, 0x0021, 0x0021, 0x0021, 0x0021, 0x0021, 0x0021, 0x0021, 0x0021, 0x0021, 0x0021, 0x0021,
  0x0021, 0x0021, 0x0021, 0x0021, 0x0021, 0x0021, 0x0021, 0x0021, 0x0021, 0x0021, 0x0021, 0x0021,
  0x0021, 0x0021, 0x0021, 0x0021, 0x0021, 0x0021, 0x0021, 0x0021, 0x0021, 0x0021, 0x0021, 0x0021,
  0x0021, 0x0021, 0x0021, 0x0021, 0x0021, 0x0021, 0x0021, 0x0021, 0x0021, 0x0021, 0x0021, 0x0021,
  0x0021, 0x0021, 0x0021, 0x0021, 0x0021, 0x0021, 0x0021, 0x0021, 0x0021, 0x0021, 0x0021, 0x0021,
  0x0021, 0x0021, 0x0021, 0x0021, 0x0021, 0x0021, 0x0021, 0x0021, 0x0021, 0x0021, 0x0021, 0x0021,
  0x0021, 0x0021, 0x0021, 0x0021, 0x0021, 0x0021, 0x0021, 0x0021, 0x0021, 0x0021, 0x0021, 0x0021,
  0x0021, 0x0021, 0x0021, 0x0021, 0x0021, 0x0021, 0x0021, 0x0021, 0x0021, 0x0021, 0x0021, 0x0021,
  0x0021, 0x0021, 0x0021, 0x0021, 0x0021, 0x0021, 0x0021, 0x0021, 0x0021, 0x0021, 0x0021, 0x0021,
  0x0021, 0x0021, 0x0021, 0x0021, 0x0021, 0x0021, 0x0021, 0x0021, 0x0021, 0x0021, 0x0021, 0x0021,
  0x0021, 0x0021, 0x0021, 0x0021, 0x0021, 0x0021, 0x0021, 0x0021, 0x0021, 0x0021, 0x0021, 0x0021,
  0x0021, 0x0021, 0x0021, 0x0021, 0x0021, 0x0021, 0x0021, 0x0021, 0x0021, 0x0021, 0x0021, 0x0021,
  0x0021, 0x0021, 0x0021, 0x0021, 0x0021, 0x0021, 0x0021, 0x0021, 0x0021, 0x0021, 0x0021, 0x0021,
  0x0021, 0x0021, 0x0021, 0x0021, 0x0021, 0x0021, 0x0021, 0x0021, 0x0021, 0x0021, 0x0021, 0x0021,
  0x0021, 0x0021, 0x0021, 0x0021, 0x0021, 0x0021, 0x0021, 0x0021, 0x0021, 0x0021, 0x0021, 0x0021,
  0x0021, 0x0021, 0x0021, 0x0021, 0x0021, 0x0021, 0x0021, 0x0021, 0x0021, 0x0021, 0x0021, 0x0021,
  0x0021, 0x0021, 0x0021, 0x0021, 0x0021, 0x0021, 0x0021, 0x0021, 0x0021, 0x0021, 0x0021, 0x0021,
  0x0021, 0x0021, 0x0021, 0x0021, 0x0021, 0x0021, 0x0021, 0x0021, 0x0021, 0x0021, 0x0021, 0x0021,
  0x0021, 0x0021, 0x0021, 0x0021, 0x0021, 0x0021, 0x0021, 0x0021, 0x0021, 0x0021, 0x0021, 0x0021,
  0x0021, 0x0021, 0x0021, 0x0021, 0x0021, 0x0021, 0x0021, 0x0021, 0x0021, 0x0021, 0x0021, 0x0021,
  0x0021, 0x0021, 0x0021, 0x0021, 0x0021, 0x0021, 0x0021, 0x0021, 0x0021, 0x0021, 0x0021, 0x0021,
  0x0021, 0x0021, 0x0021, 0x0021, 0x0021, 0x0021, 0x0021, 0x0021, 0x0021, 0x0021, 0x0021, 0x0021,
  0x0021, 0x0021, 0x0021, 0x0021, 0x0021, 0x0021, 0x0021, 0x0021, 0x0021, 0x0021, 0x0021, 0x0021,
  0x0021, 0x0021, 0x0021, 0x0021, 0x0021, 0x0021, 0x0021, 0x0021, 0x0021, 0x0021, 0x0021, 0x0021,
  0x0021, 0x0021, 0x0021, 0x0021, 0x0021, 0x0021, 0x0021, 0x0021, 0x0021, 0x0021, 0x0021, 0x0021,
  0x0021, 0x0021, 0x0021, 0x0021, 0x0021, 0x0021, 0x0021, 0x0021, 0x0021, 0x0021, 0x0021, 0x0021,
  0x0021, 0x0021, 0x0021, 0x0021, 0x0021, 0x0021, 0x0021, 0x0021, 0x0021, 0x0021, 0x0021, 0x0021,
  0x0021, 0x0021, 0x0021, 0x0021, 0x0021, 0x0021, 0x0021, 0x0021, 0x0021, 0x0021, 0x0021, 0x0021,
  0x0021, 0x0021, 0x0021, 0x0021, 0x0021, 0x0021, 0x0021, 0x0021, 0x0021, 0x0021, 0x0021, 0x0021,
  0x0021, 0x0021, 0x0021, 0x0021, 0x0021, 0x0021, 0x0021, 0x0021, 0x0021, 0x0021, 0x0021, 0x0021,
  0x0021, 0x0021, 0x0021, 0x0021, 0x0021, 0x0021, 0x0021, 0x0021, 0x0021, 0x0021, 0x0021, 0x0021,
  0x0021, 0x0021, 0x0021, 0x0021, 0x0021, 0x0021, 0x0021, 0x0021, 0x0021, 0x0021, 0x0021, 0x0021,
  0x0021, 0x0021, 0x0021, 0x0021, 0x0021, 0x0021, 0x0021, 0x0021, 0x0021, 0x0021, 0x0021, 0x0021,
  0x0021, 0x0021, 0x0021, 0x0021, 0x0021, 0x0021, 0x0021, 0x0021, 0x0021, 0x0021, 0x0021, 0x0021,
  0x0021, 0x0021, 0x0021, 0x0021, 0x0021, 0x0021, 0x0021, 0x0021, 0x0021, 0x0021, 0x0021, 0x0021,
  0x0021, 0x0021, 0x0021, 0x0021, 0x0021, 0x0021, 0x0021, 0x0021, 0x0021, 0x0021, 0x0021, 0x0021,
  0x0021, 0x0021, 0x0021, 0x0021, 0x0021, 0x0021, 0x0021, 0x0021, 0x0021, 0x0021, 0x0021, 0x0021,
  0x0021, 0x0021, 0x0021, 0x0021, 0x0021, 0x0021, 0x0021, 0x0021, 0x0021, 0x0021, 0x0021, 0x0021,
  0x0021, 0x0021, 0x0021, 0x0021, 0x0021, 0x0021, 0x0021, 0x0021, 0x0021, 0x0021, 0x0021, 0x0021,
  0x0021, 0x0021, 0x0021, 0x0021, 0x0021, 0x0021, 0x0021, 0x0021, 0x0021, 0x0021, 0x0021, 0x0021,
  0x0021, 0x0021, 0x0021, 0x0021, 0x0021, 0x0021, 0x0021, 0x0021, 0x0021, 0x0021, 0x0021, 0x0021,
  0x0021, 0x0021, 0x0021, 0x0021, 0x0021, 0x0021, 0x0021, 0x0021, 0x0021, 0x0021, 0x0021, 0x0021,
  0x0021, 0x0021, 0x0021, 0x0021, 0x0021, 0x0021, 0x0021, 0x0021, 0x0021, 0x0021, 0x0021, 0x0021,
  0x0021, 0x0021, 0x0021, 0x0021, 0x0021, 0x0021, 0x0021, 0x0021, 0x0021, 0x0021, 0x0021, 0x0021,
  0x0021, 0x0021, 0x0021, 0x0021, 0x0021, 0x0021, 0x0021, 0x0021, 0x0021, 0x0021, 0x0021, 0x0021,
  0x0021, 0x0021, 0x0021, 0x0021, 0x0021, 0x0021, 0x0021, 0x0021, 0x0021, 0x0021, 0x0021, 0x0021,
  0x0021, 0x0021, 0x0021, 0x0021, 0x0021, 0x0021, 0x0021, 0x0021, 0x0021, 0x0021, 0x0021, 0x0021,
  0x0021, 0x0021, 0x0021, 0x0021, 0x0021, 0x0021, 0x0021, 0x0021, 0x0021, 0x0021, 0x0021, 0x0021,
  0x0021, 0x0021, 0x0021, 0x0021, 0x0021, 0x0021, 0x0021, 0x0021, 0x0021, 0x0021, 0x0021, 0x0021,
  0x0021, 0x0021, 0x0021, 0x0021, 0x0021, 0x0021, 0x0021, 0x0021, 0x0021, 0x0021, 0x0021, 0x0021,
  0x0021, 0x0021, 0x0021, 0x0021, 0x0021, 0x0021, 0x0021, 0x0021, 0x0021, 0x0021, 0x0021, 0x0021,
  0x0021, 0x0021, 0x0021, 0x0021, 0x0021, 0x0021, 0x0021, 0x0021, 0x0021, 0x0021, 0x0021, 0x0021,
  0x0021, 0x0021, 0x0021, 0x0021, 0x0021, 0x0021, 0x0021, 0x0021, 0x0021, 0x0021, 0x0021, 0x0021,
  0x0021, 0x0021, 0x0021, 0x0021, 0x0021, 0x0021, 0x0021, 0x0021, 0x0021, 0x0021, 0x0021, 0x0021,
  0x0021, 0x0021, 0x0021, 0x0021, 0x0021, 0x0021, 0x0021, 0x0021, 0x0021, 0x0021, 0x0021, 0x0021,
  0x0021, 0x0021, 0x0021, 0x0021, 0x0021, 0x0021, 0x0021, 0x0021, 0x0021, 0x0021, 0x0021, 0x0021,
  0x0021, 0x0021, 0x0021, 0x0021, 0x0021, 0x0021, 0x0021, 0x0021, 0x0021, 0x0021, 0x0021, 0x0021,
  0x0021, 0x0021, 0x0021, 0x0021, 0x0021, 0x0021, 0x0021, 0x0021, 0x0021, 0x0021, 0x0021, 0x0021,
  0x0021, 0x0021, 0x0021, 0x0021, 0x0021, 0x0021, 0x0021, 0x0021, 0x0021, 0x0021, 0x0021, 0x0021,
  0x0021, 0x0021, 0x0021, 0x0021, 0x0021, 0x0021, 0x0021, 0x0021, 0x0021, 0x0021, 0x0021, 0x0021,
  0x0021, 0x0021, 0x0021, 0x0021, 0x0021, 0x0021, 0x0021, 0x0021, 0x0021, 0x0021, 0x0021, 0x0021,
  0x0021, 0x0021, 0x0021, 0x0021, 0x0021, 0x0021, 0x0021, 0x0021, 0x0021, 0x0021, 0x0021, 0x0021,
  0x0021, 0x0021, 0x0021, 0x0021, 0x0021, 0x0021, 0x0021, 0x0021, 0x0021, 0x0021, 0x0021, 0x0021,
  0x0021, 0x0021, 0x0021, 0x0021,
