// Generated from Assets/GridCity/StreetV3/device/g1-canopy-lane.png
// SHA-256: 01e093899d0b8cc548a0587d2666b69d9058cbb327cd7b57e6db7c7e2ae9e296
  0x0021, 0x0021, 0x0021, 0x0021, 0x0021, 0x0021, 0x0021, 0x0021, 0x0021, 0x0021, 0x0021, 0x0021,
  0x0021, 0x0021, 0x0021, 0x0021, 0x0021, 0x0021, 0x0021, 0x0021, 0x0021, 0x0021, 0x0021, 0x0021,
  0x0021, 0x0021, 0x0021, 0x0021, 0x0021, 0x0021, 0x0021, 0x0021, 0x0021, 0x0021, 0x0021, 0x0021,
  0x0021, 0x0021, 0x0021, 0x0021, 0x0021, 0x0021, 0x0021, 0x0021, 0x0021, 0x0021, 0x0021, 0x0021,
  0x0021, 0x0021, 0x0021, 0x0021, 0x0021, 0x0021, 0x0021, 0x0021, 0x0021, 0x0021, 0x0021, 0x0021,
  0x0021, 0x0021, 0x0021, 0x0021, 0x0021, 0x0021, 0x0021, 0x0021, 0x0021, 0x0021, 0x0021, 0x0021,
  0x0021, 0x0021, 0x0021, 0x0021, 0x0021, 0x0021, 0x0021, 0x0021, 0x0021, 0x0021, 0x0021, 0x0021,
  0x0021, 0x0021, 0x0021, 0x0021, 0x0021, 0x0021, 0x0021, 0x0021, 0x0021, 0x0021, 0x0021, 0x0021,
  0x0021, 0x0021, 0x0021, 0x0021, 0x0021, 0x0021, 0x0021, 0x0021, 0x0021, 0x0021, 0x0021, 0x0021,
  0x0021, 0x0021, 0x0021, 0x0021, 0x0021, 0x0021, 0x0021, 0x0021, 0x0021, 0x0021, 0x0021, 0x0021,
  0x0021, 0x0021, 0x0021, 0x0021, 0x0021, 0x0021, 0x0021, 0x0021, 0x0021, 0x0021, 0x0021, 0x0021,
  0x0021, 0x0021, 0x0021, 0x0021, 0x0021, 0x0021, 0x0021, 0x0021, 0x0021, 0x0021, 0x0021, 0x0021,
  0x0021, 0x0021, 0x0021, 0x0021, 0x0021, 0x0021, 0x0021, 0x0021, 0x0021, 0x0021, 0x0021, 0x0021,
  0x0021, 0x0021, 0x0021, 0x0021, 0x0021, 0x0021, 0x0021, 0x0021, 0x0021, 0x0021, 0x0021, 0x0021,
  0x0021, 0x0021, 0x0021, 0x0021, 0x0021, 0x0021, 0x0021, 0x0021, 0x0021, 0x0021, 0x0021, 0x0021,
  0x0021, 0x0021, 0x0021, 0x0021, 0x0021, 0x0021, 0x0021, 0x0021, 0x0021, 0x0021, 0x0021, 0x0021,
  0x0021, 0x0021, 0x0021, 0x0021, 0x0021, 0x0021, 0x0021, 0x0021, 0x0021, 0x0021, 0x0021, 0x0021,
  0x0021, 0x0021, 0x0021, 0x0021, 0x0021, 0x0021, 0x0021, 0x0021, 0x0021, 0x0021, 0x0021, 0x0021,
  0x0021, 0x0021, 0x0021, 0x0021, 0x0021, 0x0021, 0x0021, 0x0021, 0x0021, 0x0021, 0x0021, 0x0021,
  0x0021, 0x0021, 0x0021, 0x0021, 0x0021, 0x0021, 0x0021, 0x0021, 0x0021, 0x0021, 0x0021, 0x0021,
  0x0021, 0x0021, 0x0021, 0x0021, 0x0021, 0x0021, 0x0021, 0x0021, 0x0021, 0x0021, 0x0021, 0x0021,
  0x0021, 0x0021, 0x0021, 0x0021, 0x0021, 0x0021, 0x0021, 0x0021, 0x0021, 0x0021, 0x0021, 0x0021,
  0x0021, 0x0021, 0x0021, 0x0021, 0x0021, 0x0021, 0x0021, 0x0021, 0x0021, 0x0021, 0x0021, 0x0021,
  0x0021, 0x0021, 0x0021, 0x0021, 0x0021, 0x0021, 0x0021, 0x0021, 0x0021, 0x0021, 0x0021, 0x0021,
  0x0021, 0x0021, 0x0021, 0x0021, 0x0021, 0x0021, 0x0021, 0x0021, 0x0021, 0x0021, 0x0021, 0x0021,
  0x0021, 0x0021, 0x0021, 0x0021, 0x0021, 0x0021, 0x0041, 0x0021, 0x0021, 0x0021, 0x0021, 0x0021,
  0x0021, 0x0021, 0x0021, 0x0021, 0x0021, 0x0021, 0x0021, 0x0021, 0x0021, 0x0021, 0x0021, 0x0021,
  0x0021, 0x0021, 0x0021, 0x0021, 0x0021, 0x0021, 0x0021, 0x0021, 0x0021, 0x0021, 0x0021, 0x0021,
  0x0021, 0x0021, 0x0021, 0x0021, 0x0021, 0x0021, 0x0021, 0x0021, 0x0021, 0x0021, 0x0021, 0x0021,
  0x0021, 0x0021, 0x0021, 0x0021, 0x0021, 0x0021, 0x0021, 0x0021, 0x0021, 0x0021, 0x0021, 0x0021,
  0x0021, 0x0021, 0x0021, 0x0021, 0x0021, 0x0021, 0x0021, 0x0021, 0x0021, 0x0021, 0x0021, 0x0021,
  0x0021, 0x0021, 0x0021, 0x0021, 0x0021, 0x0021, 0x0021, 0x0021, 0x0021, 0x0021, 0x0021, 0x0021,
  0x0021, 0x0021, 0x0021, 0x0021, 0x0021, 0x0021, 0x0021, 0x0021, 0x0021, 0x0021, 0x0021, 0x0021,
  0x0021, 0x0021, 0x0021, 0x0021, 0x0021, 0x0021, 0x0021, 0x0021, 0x0021, 0x0021, 0x0021, 0x0021,
  0x0021, 0x0021, 0x0021, 0x0021, 0x0021, 0x0021, 0x0021, 0x0021, 0x0021, 0x0021, 0x0021, 0x0021,
  0x0021, 0x0021, 0x0021, 0x0021, 0x0021, 0x0021, 0x0021, 0x0021, 0x0021, 0x0021, 0x0021, 0x0021,
  0x0021, 0x0021, 0x0021, 0x0021, 0x0021, 0x0021, 0x0021, 0x0021, 0x0021, 0x0021, 0x0021, 0x0021,
  0x0021, 0x0021, 0x0021, 0x0021, 0x0021, 0x0021, 0x0021, 0x0021, 0x0021, 0x0021, 0x0021, 0x0021,
  0x0021, 0x0021, 0x0021, 0x0021, 0x0021, 0x0021, 0x0021, 0x0021, 0x0021, 0x0021, 0x0021, 0x0021,
  0x0021, 0x0021, 0x0021, 0x0021, 0x0021, 0x0021, 0x0021, 0x0021, 0x0021, 0x0021, 0x0021, 0x0021,
  0x0021, 0x0021, 0x0021, 0x0021, 0x0021, 0x0021, 0x0021, 0x0021, 0x0021, 0x0021, 0x0021, 0x0021,
  0x0021, 0x0021, 0x0021, 0x0021, 0x0021, 0x0021, 0x0021, 0x0021, 0x0021, 0x0021, 0x0021, 0x0021,
  0x0021, 0x0021, 0x0021, 0x0021, 0x0021, 0x0021, 0x0021, 0x0021, 0x0021, 0x0021, 0x0021, 0x0021,
  0x0021, 0x0021, 0x0021, 0x0021, 0x0021, 0x0021, 0x0021, 0x0021, 0x0021, 0x0021, 0x0021, 0x0021,
  0x0021, 0x0021, 0x0021, 0x0021, 0x0021, 0x0021, 0x0021, 0x0021, 0x0021, 0x0021, 0x0021, 0x0021,
  0x0021, 0x0021, 0x0021, 0x0021, 0x0021, 0x0021, 0x0021, 0x0021, 0x0021, 0x0021, 0x0021, 0x0021,
  0x0021, 0x0021, 0x0021, 0x0021, 0x0021, 0x0021, 0x0021, 0x0021, 0x0021, 0x0021, 0x0021, 0x0021,
  0x0021, 0x0021, 0x0021, 0x0021, 0x0021, 0x0021, 0x0021, 0x0021, 0x0021, 0x0021, 0x0021, 0x0021,
  0x0021, 0x0021, 0x0021, 0x0021, 0x0021, 0x0021, 0x0021, 0x0021, 0x0021, 0x0021, 0x0021, 0x0021,
  0x0021, 0x0021, 0x0021, 0x0021, 0x0021, 0x0021, 0x0021, 0x0021, 0x0021, 0x0021, 0x0021, 0x0021,
  0x0021, 0x0021, 0x0021, 0x0021, 0x0021, 0x0021, 0x0021, 0x0021, 0x0021, 0x0021, 0x0021, 0x0041,
  0x0021, 0x0021, 0x0021, 0x0021, 0x0021, 0x0021, 0x0021, 0x0021, 0x0021, 0x0021, 0x0021, 0x0021,
  0x0021, 0x0021, 0x0021, 0x0021, 0x0021, 0x0021, 0x0021, 0x0021, 0x0021, 0x0021, 0x0021, 0x0021,
  0x0021, 0x0021, 0x0021, 0x0021, 0x0021, 0x0021, 0x0021, 0x0021, 0x0021, 0x0021, 0x0021, 0x0021,
  0x0021, 0x0021, 0x0021, 0x0021, 0x0021, 0x0021, 0x0021, 0x0021, 0x0021, 0x0021, 0x0021, 0x0021,
  0x0021, 0x0021, 0x0021, 0x0021, 0x0021, 0x0021, 0x0021, 0x0021, 0x0021, 0x0021, 0x0021, 0x0021,
  0x0021, 0x0021, 0x0021, 0x0021, 0x0021, 0x0021, 0x0021, 0x0021, 0x0021, 0x0021, 0x0021, 0x0021,
  0x0021, 0x0021, 0x0021, 0x0021, 0x0021, 0x0021, 0x0021, 0x0021, 0x0021, 0x0021, 0x0021, 0x0021,
  0x0021, 0x0021, 0x0021, 0x0021, 0x0021, 0x0021, 0x0021, 0x0021, 0x0021, 0x0021, 0x0021, 0x0021,
  0x0021, 0x0021, 0x0021, 0x0021, 0x0021, 0x0021, 0x0021, 0x0021, 0x0021, 0x0021, 0x0021, 0x0021,
  0x0021, 0x0021, 0x0021, 0x0021, 0x0021, 0x0021, 0x0021, 0x0021, 0x0021, 0x0021, 0x0021, 0x0021,
  0x0021, 0x0021, 0x0021, 0x0021, 0x0021, 0x0021, 0x0021, 0x0021, 0x0021, 0x0021, 0x0021, 0x0021,
  0x0021, 0x0021, 0x0021, 0x0021, 0x0021, 0x0021, 0x0021, 0x0021, 0x0021, 0x0021, 0x0021, 0x0021,
  0x0021, 0x0021, 0x0021, 0x0021, 0x0021, 0x0021, 0x0021, 0x0021, 0x0021, 0x0021, 0x0021, 0x0021,
  0x0021, 0x0021, 0x0021, 0x0021, 0x0021, 0x0021, 0x0021, 0x0021, 0x0021, 0x0021, 0x0021, 0x0021,
  0x0021, 0x0021, 0x0021, 0x0021, 0x0021, 0x0021, 0x0021, 0x0021, 0x0021, 0x0021, 0x0021, 0x0021,
  0x0021, 0x0021, 0x0021, 0x0021, 0x0021, 0x0041, 0x0021, 0x0021, 0x0021, 0x0021, 0x0021, 0x0021,
  0x0021, 0x0021, 0x0021, 0x0021, 0x0021, 0x0021, 0x0021, 0x0021, 0x0021, 0x0021, 0x0021, 0x0021,
  0x0021, 0x0021, 0x0021, 0x0021, 0x0021, 0x0021, 0x0021, 0x0021, 0x0021, 0x0021, 0x0021, 0x0021,
  0x0021, 0x0021, 0x0021, 0x0021, 0x0021, 0x0021, 0x0021, 0x0021, 0x0021, 0x0021, 0x0021, 0x0021,
  0x0021, 0x0021, 0x0021, 0x0021, 0x0021, 0x0021, 0x0021, 0x0021, 0x0021, 0x0021, 0x0021, 0x0021,
  0x0021, 0x0021, 0x0021, 0x0021, 0x0021, 0x0021, 0x0021, 0x0021, 0x0021, 0x0021, 0x0021, 0x0021,
  0x0021, 0x0021, 0x0021, 0x0021, 0x0021, 0x0021, 0x0021, 0x0021, 0x0021, 0x0021, 0x0021, 0x0021,
  0x0021, 0x0021, 0x0021, 0x0021, 0x0021, 0x0021, 0x0021, 0x0021, 0x0021, 0x0021, 0x0021, 0x0021,
  0x0021, 0x0021, 0x0021, 0x0021, 0x0021, 0x0021, 0x0021, 0x0021, 0x0021, 0x0021, 0x0021, 0x0021,
  0x0021, 0x0021, 0x0021, 0x0041, 0x0021, 0x0021, 0x0021, 0x0021, 0x0021, 0x0021, 0x0021, 0x0021,
  0x0021, 0x0021, 0x0021, 0x0021, 0x0021, 0x0021, 0x0021, 0x0021, 0x0021, 0x0021, 0x0021, 0x0021,
  0x0041, 0x0021, 0x0021, 0x0021, 0x0021, 0x0021, 0x0021, 0x0021, 0x0021, 0x0021, 0x0021, 0x0021,
  0x0021, 0x0021, 0x0021, 0x0021, 0x0021, 0x0021, 0x0021, 0x0021, 0x0021, 0x0021, 0x0021, 0x0021,
  0x0021, 0x0021, 0x0021, 0x0021, 0x0021, 0x0021, 0x0021, 0x0021, 0x0021, 0x0021, 0x0021, 0x0021,
  0x0021, 0x0021, 0x0021, 0x0021, 0x0021, 0x0021, 0x0021, 0x0021, 0x0021, 0x0021, 0x0021, 0x0021,
  0x0021, 0x0021, 0x0021, 0x0021, 0x0021, 0x0021, 0x0021, 0x0021, 0x0021, 0x0021, 0x0021, 0x0021,
  0x0021, 0x0021, 0x0021, 0x0021, 0x0021, 0x0021, 0x0021, 0x0021, 0x0021, 0x0021, 0x0021, 0x0021,
  0x0021, 0x0021, 0x0021, 0x0021, 0x0021, 0x0021, 0x0021, 0x0021, 0x0021, 0x0021, 0x0021, 0x0021,
  0x0021, 0x0021, 0x0021, 0x0021, 0x0021, 0x0021, 0x0021, 0x0041, 0x0021, 0x0021, 0x0021, 0x0021,
  0x0021, 0x0021, 0x0021, 0x0021, 0x0021, 0x0021, 0x0021, 0x0021, 0x0021, 0x0021, 0x0021, 0x0021,
  0x0021, 0x0021, 0x0021, 0x0021, 0x0021, 0x0021, 0x0021, 0x0021, 0x0021, 0x0021, 0x0041, 0x0021,
  0x0021, 0x0021, 0x0021, 0x0021, 0x0021, 0x0021, 0x0021, 0x0021, 0x0021, 0x0021, 0x0021, 0x0021,
  0x0021, 0x0021, 0x0021, 0x0021, 0x0021, 0x0021, 0x0021, 0x0021, 0x0021, 0x0021, 0x0021, 0x0021,
  0x0021, 0x0021, 0x0021, 0x0021, 0x0021, 0x0021, 0x0021, 0x0021, 0x0021, 0x0021, 0x0021, 0x0021,
  0x0021, 0x0021, 0x0021, 0x0021, 0x0021, 0x0021, 0x0021, 0x0021, 0x0021, 0x0021, 0x0021, 0x0021,
  0x0021, 0x0021, 0x0021, 0x0021, 0x0021, 0x0021, 0x0021, 0x0021, 0x0021, 0x0021, 0x0021, 0x0041,
  0x0021, 0x0021, 0x0021, 0x0021, 0x0021, 0x0021, 0x0021, 0x0021, 0x0021, 0x0021, 0x0021, 0x0021,
  0x0021, 0x0021, 0x0021, 0x0021, 0x0021, 0x0021, 0x0021, 0x0021, 0x0021, 0x0021, 0x0021, 0x0021,
  0x0021, 0x0021, 0x0021, 0x0021, 0x0021, 0x0021, 0x0021, 0x0021, 0x0021, 0x0021, 0x0021, 0x0021,
  0x0021, 0x0021, 0x0021, 0x0021, 0x0021, 0x0021, 0x0021, 0x0021, 0x0021, 0x0021, 0x0021, 0x0021,
  0x0021, 0x0021, 0x0021, 0x0021, 0x0021, 0x0021, 0x0021, 0x0021, 0x0021, 0x0021, 0x0021, 0x0021,
  0x0021, 0x0021, 0x0021, 0x0021, 0x0021, 0x0021, 0x0021, 0x0021, 0x0021, 0x0021, 0x0021, 0x0021,
  0x0021, 0x0021, 0x0021, 0x0021, 0x0021, 0x0021, 0x0021, 0x0021, 0x0021, 0x0021, 0x0021, 0x0021,
  0x0021, 0x0021, 0x0021, 0x0021, 0x0021, 0x0021, 0x0021, 0x0021, 0x0021, 0x0021, 0x0021, 0x0021,
  0x0021, 0x0021, 0x0021, 0x0021, 0x0021, 0x0021, 0x0021, 0x0021, 0x0021, 0x0021, 0x0021, 0x0021,
  0x0021, 0x0021, 0x0021, 0x0021, 0x0021, 0x0021, 0x0021, 0x0021, 0x0041, 0x0021, 0x0041, 0x0021,
  0x0021, 0x0021, 0x0021, 0x0041, 0x0021, 0x0021, 0x0021, 0x0021, 0x0021, 0x0021, 0x0021, 0x0021,
  0x0021, 0x0021, 0x0021, 0x0021, 0x0021, 0x0021, 0x0021, 0x0021, 0x0021, 0x0021, 0x0021, 0x0021,
  0x0021, 0x0021, 0x0021, 0x0041, 0x0021, 0x0021, 0x0021, 0x0021, 0x0021, 0x0021, 0x0021, 0x0021,
  0x0021, 0x0021, 0x0021, 0x0021, 0x0021, 0x0021, 0x0021, 0x0021, 0x0021, 0x0021, 0x0041, 0x0021,
  0x0021, 0x0021, 0x0021, 0x0021, 0x0021, 0x0041, 0x0021, 0x0021, 0x0021, 0x0021, 0x0021, 0x0021,
  0x0021, 0x0021, 0x0021, 0x0021, 0x0021, 0x0021, 0x0021, 0x0021, 0x0021, 0x0021, 0x0021, 0x0021,
  0x0021, 0x0021, 0x0021, 0x0021, 0x0021, 0x0021, 0x0021, 0x0021, 0x0021, 0x0021, 0x0021, 0x0021,
  0x0021, 0x0021, 0x0021, 0x0021, 0x0021, 0x0021, 0x0021, 0x0021, 0x0021, 0x0021, 0x0021, 0x0021,
  0x0021, 0x0021, 0x0021, 0x0021, 0x0021, 0x0021, 0x0021, 0x0021, 0x0021, 0x0021, 0x0021, 0x0021,
  0x0021, 0x0021, 0x0021, 0x0021, 0x0021, 0x0021, 0x0021, 0x0021, 0x0021, 0x0021, 0x0021, 0x0021,
  0x0021, 0x0021, 0x0021, 0x0021, 0x0021, 0x0021, 0x0021, 0x0021, 0x0021, 0x0021, 0x0021, 0x0021,
  0x0021, 0x0021, 0x0021, 0x0021, 0x0021, 0x0021, 0x0021, 0x0021, 0x0021, 0x0021, 0x0021, 0x0021,
  0x0021, 0x0021, 0x0021, 0x0021, 0x0021, 0x0021, 0x0021, 0x0021, 0x0021, 0x0021, 0x0021, 0x0021,
  0x0021, 0x0021, 0x0021, 0x0041, 0x0021, 0x0021, 0x0021, 0x0021, 0x0021, 0x0021, 0x0021, 0x0021,
  0x0021, 0x0021, 0x0021, 0x0021, 0x0021, 0x0021, 0x0021, 0x0021, 0x0021, 0x0021, 0x0021, 0x0021,
  0x0021, 0x0021, 0x0021, 0x0021, 0x0021, 0x0021, 0x0021, 0x0021, 0x0021, 0x0021, 0x0021, 0x0021,
  0x0021, 0x0021, 0x0021, 0x0021, 0x0021, 0x0021, 0x0021, 0x0021, 0x0021, 0x0021, 0x0021, 0x0021,
  0x0021, 0x0021, 0x0021, 0x0021, 0x0021, 0x0021, 0x0021, 0x0021, 0x0021, 0x0021, 0x0021, 0x0021,
  0x0021, 0x0021, 0x0021, 0x0021, 0x0021, 0x0021, 0x0021, 0x0021, 0x0021, 0x0021, 0x0021, 0x0021,
  0x0021, 0x0041, 0x0021, 0x0021, 0x0021, 0x0021, 0x0021, 0x0021, 0x0021, 0x0021, 0x0021, 0x0021,
  0x0021, 0x0021, 0x0021, 0x0021, 0x0021, 0x0021, 0x0021, 0x0021, 0x0021, 0x0021, 0x0021, 0x0021,
  0x0021, 0x0021, 0x0021, 0x0021, 0x0021, 0x0021, 0x0021, 0x0021, 0x0021, 0x0021, 0x0021, 0x0021,
  0x0021, 0x0021, 0x0021, 0x0021, 0x0021, 0x0021, 0x0021, 0x0021, 0x0021, 0x0021, 0x0021, 0x0021,
  0x0021, 0x0021, 0x0021, 0x0021, 0x0021, 0x0021, 0x0021, 0x0021, 0x0021, 0x0021, 0x0021, 0x0021,
  0x0021, 0x0021, 0x0021, 0x0021, 0x0021, 0x0021, 0x0021, 0x0021, 0x0021, 0x0021, 0x0021, 0x0021,
  0x0021, 0x0021, 0x0021, 0x0021, 0x0021, 0x0021, 0x0021, 0x0021, 0x0021, 0x0021, 0x0021, 0x0021,
  0x0021, 0x0041, 0x0021, 0x0021, 0x0021, 0x0021, 0x0021, 0x0041, 0x0021, 0x0021, 0x0021, 0x0021,
  0x0021, 0x0021, 0x0021, 0x0021, 0x0021, 0x0021, 0x0021, 0x0021, 0x0041, 0x0021, 0x0021, 0x0021,
  0x0021, 0x0021, 0x0021, 0x0021, 0x0021, 0x0021, 0x0021, 0x0021, 0x0021, 0x0021, 0x0021, 0x0021,
  0x0021, 0x0021, 0x0021, 0x0021, 0x0021, 0x0021, 0x0021, 0x0021, 0x0021, 0x0021, 0x0021, 0x0021,
  0x0021, 0x0021, 0x0021, 0x0021, 0x0021, 0x0021, 0x0021, 0x0021, 0x0021, 0x0021, 0x0021, 0x0021,
  0x0021, 0x0021, 0x0021, 0x0021, 0x0021, 0x0021, 0x0021, 0x0021, 0x0021, 0x0021, 0x0021, 0x0021,
  0x0021, 0x0021, 0x0021, 0x0021, 0x0021, 0x0041, 0x0021, 0x0021, 0x0021, 0x0021, 0x0021, 0x0021,
  0x0021, 0x0021, 0x0021, 0x0021, 0x0021, 0x0021, 0x0021, 0x0021, 0x0021, 0x0021, 0x0021, 0x0021,
  0x0021, 0x0021, 0x0021, 0x0021, 0x0021, 0x0021, 0x0021, 0x0021, 0x0021, 0x0021, 0x0021, 0x0021,
  0x0021, 0x0021, 0x0021, 0x0021, 0x0021, 0x0021, 0x0021, 0x0021, 0x0021, 0x0021, 0x0021, 0x0021,
  0x0021, 0x0021, 0x0021, 0x0021, 0x0021, 0x0021, 0x0021, 0x0021, 0x0021, 0x0021, 0x0021, 0x0021,
  0x0021, 0x0021, 0x0021, 0x0021, 0x0021, 0x0021, 0x0021, 0x0021, 0x0021, 0x0021, 0x0021, 0x0021,
  0x0021, 0x0021, 0x0021, 0x0021, 0x0021, 0x0021, 0x0021, 0x0021, 0x0021, 0x0021, 0x0021, 0x0021,
  0x0021, 0x0021, 0x0021, 0x0021, 0x0021, 0x0021, 0x0021, 0x0021, 0x0021, 0x0021, 0x0021, 0x0021,
  0x0021, 0x0021, 0x0021, 0x0021, 0x0021, 0x0021, 0x0021, 0x0021, 0x0021, 0x0021, 0x0021, 0x0021,
  0x0041, 0x0021, 0x0021, 0x0021, 0x0021, 0x0021, 0x0021, 0x0021, 0x0021, 0x0021, 0x0021, 0x0021,
  0x0021, 0x0021, 0x0021, 0x0021, 0x0021, 0x0021, 0x0021, 0x0021, 0x0021, 0x0021, 0x0021, 0x0041,
  0x0021, 0x0021, 0x0021, 0x0021, 0x0021, 0x0021, 0x0021, 0x0021, 0x0021, 0x0021, 0x0021, 0x0021,
  0x0021, 0x0021, 0x0021, 0x0021, 0x0021, 0x0021, 0x0021, 0x0021, 0x0021, 0x0021, 0x0021, 0x0021,
  0x0021, 0x0021, 0x0021, 0x0021, 0x0021, 0x0021, 0x0021, 0x0021, 0x0041, 0x0021, 0x0021, 0x0021,
  0x0021, 0x0021, 0x0021, 0x0021, 0x0021, 0x0021, 0x0021, 0x0021, 0x0021, 0x0021, 0x0021, 0x0021,
  0x0021, 0x0021, 0x0021, 0x0021, 0x0021, 0x0021, 0x0021, 0x0021, 0x0021, 0x0021, 0x0021, 0x0021,
  0x0021, 0x0021, 0x0021, 0x0021, 0x0021, 0x0021, 0x0021, 0x0021, 0x0021, 0x0021, 0x0021, 0x0021,
  0x0021, 0x0021, 0x0021, 0x0021, 0x0021, 0x0021, 0x0021, 0x0021, 0x0021, 0x0021, 0x0021, 0x0021,
  0x0021, 0x0021, 0x0021, 0x0021, 0x0021, 0x0021, 0x0021, 0x0021, 0x0021, 0x0021, 0x0021, 0x0021,
  0x0021, 0x0021, 0x0021, 0x0021, 0x0021, 0x0021, 0x0021, 0x0021, 0x0021, 0x0021, 0x0021, 0x0021,
  0x0041, 0x0021, 0x0021, 0x0021, 0x0021, 0x0021, 0x0021, 0x0021, 0x0041, 0x0021, 0x0021, 0x0021,
  0x0021, 0x0021, 0x0021, 0x0021, 0x0021, 0x0021, 0x0021, 0x0021, 0x0021, 0x0021, 0x0021, 0x0041,
  0x0021, 0x0021, 0x0021, 0x0021, 0x0021, 0x0021, 0x0021, 0x0021, 0x0021, 0x0021, 0x0021, 0x0021,
  0x0021, 0x0021, 0x0021, 0x0021, 0x0021, 0x0021, 0x0021, 0x0021, 0x0021, 0x0021, 0x0021, 0x0021,
  0x0021, 0x0021, 0x0021, 0x0021, 0x0021, 0x0021, 0x0021, 0x0021, 0x0021, 0x0021, 0x0021, 0x0021,
  0x0021, 0x0021, 0x0021, 0x0021, 0x0021, 0x0021, 0x0021, 0x0021, 0x0021, 0x0021, 0x0021, 0x0021,
  0x0021, 0x0021, 0x0021, 0x0021, 0x0021, 0x0021, 0x0021, 0x0021, 0x0021, 0x0021, 0x0021, 0x0021,
  0x0021, 0x0021, 0x0021, 0x0021, 0x0021, 0x0021, 0x0021, 0x0021, 0x0021, 0x0021, 0x0021, 0x0021,
  0x0021, 0x0021, 0x0021, 0x0021, 0x0021, 0x0021, 0x0021, 0x0021, 0x0021, 0x0021, 0x0021, 0x0021,
  0x0021, 0x0021, 0x0021, 0x0021, 0x0021, 0x0021, 0x0021, 0x0021, 0x0021, 0x0021, 0x0021, 0x0021,
  0x0021, 0x0021, 0x0021, 0x0021, 0x0021, 0x0021, 0x0021, 0x0021, 0x0021, 0x0021, 0x0041, 0x0021,
  0x0021, 0x0021, 0x0021, 0x0021, 0x0021, 0x0021, 0x0021, 0x0021, 0x0021, 0x0021, 0x0021, 0x0021,
  0x0021, 0x0021, 0x0021, 0x0021, 0x0021, 0x0021, 0x0021, 0x0021, 0x0021, 0x0021, 0x0021, 0x0021,
  0x0021, 0x0021, 0x0021, 0x0021, 0x0041, 0x0021, 0x0021, 0x0021, 0x0021, 0x0021, 0x0021, 0x0021,
  0x0021, 0x0021, 0x0021, 0x0021, 0x0021, 0x0021, 0x0021, 0x0041, 0x0021, 0x0021, 0x0021, 0x0021,
  0x0021, 0x0021, 0x0041, 0x0021, 0x0021, 0x0021, 0x0021, 0x0021, 0x0021, 0x0021, 0x0021, 0x0021,
  0x0021, 0x0041, 0x0021, 0x0021, 0x0021, 0x0021, 0x0021, 0x0021, 0x0021, 0x0021, 0x0021, 0x0021,
  0x0021, 0x0021, 0x0021, 0x0021, 0x0021, 0x0021, 0x0021, 0x0021, 0x0021, 0x0041, 0x0021, 0x0021,
  0x0021, 0x0041, 0x0021, 0x0021, 0x0021, 0x0021, 0x0021, 0x0021, 0x0021, 0x0021, 0x0021, 0x0021,
  0x0021, 0x0021, 0x0021, 0x0021, 0x0021, 0x0021, 0x0021, 0x0021, 0x0021, 0x0021, 0x0021, 0x0021,
  0x0021, 0x0021, 0x0021, 0x0021, 0x0021, 0x0021, 0x0021, 0x0021, 0x0021, 0x0021, 0x0021, 0x0021,
  0x0021, 0x0021, 0x0021, 0x0021, 0x0021, 0x0021, 0x0021, 0x0021, 0x0021, 0x0021, 0x0021, 0x0021,
  0x0021, 0x0021, 0x0021, 0x0021, 0x0021, 0x0021, 0x0021, 0x0021, 0x0021, 0x0021, 0x0021, 0x0021,
  0x0021, 0x0021, 0x0021, 0x0021, 0x0021, 0x0021, 0x0021, 0x0021, 0x0021, 0x0021, 0x0021, 0x0021,
  0x0021, 0x0021, 0x0021, 0x0021, 0x0021, 0x0021, 0x0021, 0x0021, 0x0021, 0x0021, 0x0021, 0x0021,
  0x0021, 0x0021, 0x0021, 0x0021, 0x0021, 0x0021, 0x0021, 0x0021, 0x0021, 0x0021, 0x0021, 0x0021,
  0x0021, 0x0021, 0x0021, 0x0021, 0x0021, 0x0021, 0x0021, 0x0021, 0x0021, 0x0021, 0x0021, 0x0021,
  0x0021, 0x0021, 0x0041, 0x0021, 0x0021, 0x0041, 0x0021, 0x0021, 0x0021, 0x0041, 0x0021, 0x0021,
  0x0021, 0x0021, 0x0021, 0x0021, 0x0021, 0x0021, 0x0021, 0x0021, 0x0021, 0x0021, 0x0021, 0x0021,
  0x0021, 0x0021, 0x0021, 0x0021, 0x0021, 0x0021, 0x0021, 0x0021, 0x0021, 0x0021, 0x0021, 0x0021,
  0x0021, 0x0021, 0x0021, 0x0021, 0x0021, 0x0021, 0x0021, 0x0041, 0x0021, 0x0021, 0x0021, 0x0021,
  0x0021, 0x0021, 0x0041, 0x0021, 0x0021, 0x0021, 0x0021, 0x0041, 0x0021, 0x0021, 0x0021, 0x0021,
  0x0021, 0x0021, 0x0021, 0x0021, 0x0021, 0x0021, 0x0021, 0x0021, 0x0021, 0x0021, 0x0021, 0x0021,
  0x0021, 0x0021, 0x0021, 0x0021, 0x0021, 0x0021, 0x0021, 0x0021, 0x0021, 0x0021, 0x0021, 0x0021,
  0x0021, 0x0021, 0x0021, 0x0021, 0x0021, 0x0021, 0x0021, 0x0021, 0x0021, 0x0021, 0x0021, 0x0021,
  0x0021, 0x0021, 0x0021, 0x0021, 0x0021, 0x0021, 0x0021, 0x0021, 0x0021, 0x0021, 0x0021, 0x0021,
  0x0021, 0x0021, 0x0021, 0x0021, 0x0021, 0x0021, 0x0021, 0x0021, 0x0021, 0x0021, 0x0021, 0x0021,
  0x0021, 0x0021, 0x0021, 0x0021, 0x0021, 0x0041, 0x0021, 0x0021, 0x0041, 0x0021, 0x0021, 0x0021,
  0x0021, 0x0021, 0x0021, 0x0021, 0x0021, 0x0021, 0x0021, 0x0021, 0x0021, 0x0021, 0x0021, 0x0021,
  0x0021, 0x0021, 0x0021, 0x0021, 0x0021, 0x0021, 0x0021, 0x0021, 0x0021, 0x0021, 0x0021, 0x0021,
  0x0021, 0x0021, 0x0021, 0x0021, 0x0021, 0x0021, 0x0021, 0x0021, 0x0021, 0x0021, 0x0021, 0x0021,
  0x0021, 0x0021, 0x0021, 0x0021, 0x0021, 0x0021, 0x0041, 0x0021, 0x0021, 0x0041, 0x0021, 0x0021,
  0x0021, 0x0041, 0x0021, 0x0021, 0x0021, 0x0021, 0x0021, 0x0021, 0x0021, 0x0021, 0x0021, 0x0021,
  0x0041, 0x0021, 0x0021, 0x0021, 0x0021, 0x0021, 0x0021, 0x0021, 0x0021, 0x0021, 0x0021, 0x0021,
  0x0021, 0x0021, 0x0041, 0x0021, 0x0021, 0x0021, 0x0021, 0x0021, 0x0021, 0x0021, 0x0021, 0x0021,
  0x0021, 0x0021, 0x0021, 0x0021, 0x0021, 0x0021, 0x0021, 0x0021, 0x0021, 0x0021, 0x0021, 0x0021,
  0x0021, 0x0021, 0x0021, 0x0021, 0x0021, 0x0021, 0x0021, 0x0021, 0x0021, 0x0021, 0x0021, 0x0021,
  0x0021, 0x0021, 0x0021, 0x0021, 0x0021, 0x0021, 0x0021, 0x0021, 0x0021, 0x0021, 0x0021, 0x0021,
  0x0021, 0x0021, 0x0021, 0x0021, 0x0021, 0x0021, 0x0021, 0x0021, 0x0021, 0x0021, 0x0021, 0x0021,
  0x0021, 0x0021, 0x0021, 0x0021, 0x0021, 0x0021, 0x0021, 0x0021, 0x0021, 0x0021, 0x0021, 0x0021,
  0x0021, 0x0021, 0x0021, 0x0021, 0x0021, 0x0021, 0x0021, 0x0021, 0x0021, 0x0021, 0x0021, 0x0021,
  0x0021, 0x0021, 0x0021, 0x0021, 0x0021, 0x0021, 0x0021, 0x0021, 0x0021, 0x0021, 0x0021, 0x0021,
  0x0021, 0x0021, 0x0021, 0x0021, 0x0021, 0x0021, 0x0021, 0x0021, 0x0021, 0x0021, 0x0021, 0x0021,
  0x0021, 0x0021, 0x0021, 0x0021, 0x0041, 0x0021, 0x0021, 0x0021, 0x0021, 0x0021, 0x0021, 0x0021,
  0x0021, 0x0021, 0x0021, 0x0021, 0x0021, 0x0021, 0x0021, 0x0021, 0x0021, 0x0021, 0x0021, 0x0021,
  0x0021, 0x0041, 0x0021, 0x0021, 0x0021, 0x0021, 0x0021, 0x0021, 0x0021, 0x0021, 0x0021, 0x0021,
  0x0021, 0x0021, 0x0021, 0x0021, 0x0021, 0x0021, 0x0021, 0x0021, 0x0021, 0x0021, 0x0041, 0x0021,
  0x0021, 0x0021, 0x0021, 0x0021, 0x0021, 0x0021, 0x0021, 0x0021, 0x0021, 0x0021, 0x0021, 0x0021,
  0x0021, 0x0021, 0x0021, 0x0021, 0x0021, 0x0041, 0x0021, 0x0021, 0x0021, 0x0021, 0x0021, 0x0021,
  0x0021, 0x0021, 0x0021, 0x0021, 0x0021, 0x0021, 0x0021, 0x0021, 0x0021, 0x0021, 0x0021, 0x0021,
  0x0021, 0x0021, 0x0021, 0x0021, 0x0021, 0x0021, 0x0021, 0x0021, 0x0021, 0x0021, 0x0021, 0x0021,
  0x0021, 0x0021, 0x0021, 0x0021, 0x0021, 0x0021, 0x0021, 0x0021, 0x0021, 0x0021, 0x0021, 0x0021,
  0x0021, 0x0021, 0x0021, 0x0021, 0x0021, 0x0021, 0x0021, 0x0021, 0x0021, 0x0021, 0x0021, 0x0021,
  0x0021, 0x0021, 0x0021, 0x0021, 0x0021, 0x0021, 0x0021, 0x0021, 0x0021, 0x0021, 0x0021, 0x0021,
  0x0021, 0x0021, 0x0021, 0x0021, 0x0021, 0x0021, 0x0041, 0x0021, 0x0021, 0x0021, 0x0041, 0x0021,
  0x0041, 0x0021, 0x0021, 0x0021, 0x0021, 0x0021, 0x0021, 0x0041, 0x0021, 0x0041, 0x0041, 0x0041,
  0x0021, 0x0021, 0x0021, 0x0021, 0x0021, 0x0021, 0x0021, 0x0021, 0x0021, 0x0021, 0x0021, 0x0021,
  0x0021, 0x0021, 0x0021, 0x0021, 0x0021, 0x0021, 0x0021, 0x0021, 0x0021, 0x0021, 0x0021, 0x0021,
  0x0021, 0x0021, 0x0021, 0x0021, 0x0021, 0x0021, 0x0021, 0x0021, 0x0021, 0x0021, 0x0021, 0x0021,
  0x0021, 0x0021, 0x0021, 0x0021, 0x0021, 0x0021, 0x0021, 0x0021, 0x0021, 0x0021, 0x0021, 0x0021,
  0x0021, 0x0041, 0x0041, 0x0021, 0x0021, 0x0021, 0x0021, 0x0021, 0x0021, 0x0021, 0x0021, 0x0021,
  0x0021, 0x0041, 0x0021, 0x0021, 0x0021, 0x0021, 0x0021, 0x0021, 0x0041, 0x0021, 0x0021, 0x0021,
  0x0021, 0x0021, 0x0021, 0x0021, 0x0021, 0x0021, 0x0021, 0x0021, 0x0021, 0x0021, 0x0021, 0x0021,
  0x0021, 0x0021, 0x0021, 0x0021, 0x0021, 0x0021, 0x0021, 0x0021, 0x0021, 0x0021, 0x0021, 0x0021,
  0x0021, 0x0021, 0x0021, 0x0021, 0x0021, 0x0021, 0x0021, 0x0021, 0x0021, 0x0021, 0x0021, 0x0021,
  0x0021, 0x0021, 0x0021, 0x0021, 0x0021, 0x0021, 0x0021, 0x0021, 0x0021, 0x0021, 0x0021, 0x0021,
  0x0021, 0x0021, 0x0021, 0x0021, 0x0021, 0x0021, 0x0021, 0x0021, 0x0021, 0x0021, 0x0021, 0x0021,
  0x0021, 0x0021, 0x0021, 0x0021, 0x0021, 0x0021, 0x0021, 0x0021, 0x0021, 0x0021, 0x0021, 0x0021,
  0x0021, 0x0021, 0x0041, 0x0021, 0x0021, 0x0021, 0x0021, 0x0021, 0x0021, 0x0021, 0x0041, 0x0000,
  0x0861, 0x0000, 0x0000, 0x0000, 0x0021, 0x0021, 0x0021, 0x0021, 0x0021, 0x0021, 0x0021, 0x0021,
  0x0021, 0x0021, 0x0021, 0x0021, 0x0021, 0x0021, 0x0021, 0x0021, 0x0021, 0x0021, 0x0021, 0x0021,
  0x0021, 0x0021, 0x0021, 0x0021, 0x0021, 0x0021, 0x0021, 0x0021, 0x0021, 0x0021, 0x0021, 0x0021,
  0x0021, 0x0021, 0x0021, 0x0021, 0x0021, 0x0021, 0x0021, 0x0021, 0x0021, 0x0021, 0x0021, 0x0021,
  0x0021, 0x0021, 0x0021, 0x0021, 0x0021, 0x0021, 0x0021, 0x0021, 0x0021, 0x0021, 0x0021, 0x0021,
  0x0021, 0x0021, 0x0021, 0x0021, 0x0021, 0x0021, 0x0021, 0x0021, 0x0021, 0x0041, 0x0021, 0x0021,
  0x0021, 0x0021, 0x0021, 0x0021, 0x0021, 0x0021, 0x0021, 0x0021, 0x0021, 0x0021, 0x0021, 0x0021,
  0x0021, 0x0021, 0x0021, 0x0021, 0x0021, 0x0021, 0x0021, 0x0021, 0x0021, 0x0021, 0x0021, 0x0021,
  0x0021, 0x0021, 0x0021, 0x0021, 0x0021, 0x0021, 0x0021, 0x0021, 0x0021, 0x0021, 0x0021, 0x0021,
  0x0021, 0x0021, 0x0021, 0x0021, 0x0021, 0x0021, 0x0021, 0x0021, 0x0021, 0x0021, 0x0021, 0x0021,
  0x0021, 0x0021, 0x0021, 0x0021, 0x0021, 0x0021, 0x0021, 0x0021, 0x0021, 0x0021, 0x0021, 0x0021,
  0x0021, 0x0021, 0x0021, 0x0021, 0x0021, 0x0021, 0x0021, 0x0021, 0x0021, 0x0021, 0x0021, 0x0021,
  0x0021, 0x0021, 0x0021, 0x0021, 0x0021, 0x0021, 0x0021, 0x0021, 0x0021, 0x0021, 0x0021, 0x0021,
  0x0021, 0x0041, 0x0000, 0x29A5, 0x74AD, 0x5BAA, 0x3A67, 0x18E3, 0x0841, 0x0041, 0x0041, 0x0021,
  0x0021, 0x0021, 0x0021, 0x0021, 0x0021, 0x0021, 0x0021, 0x0021, 0x0021, 0x0021, 0x0021, 0x0021,
  0x0021, 0x0021, 0x0021, 0x0021, 0x0021, 0x0021, 0x0021, 0x0021, 0x0021, 0x0021, 0x0021, 0x0021,
  0x0021, 0x0021, 0x0021, 0x0021, 0x0021, 0x0021, 0x0021, 0x0021, 0x0021, 0x0021, 0x0021, 0x0021,
  0x0021, 0x0021, 0x0021, 0x0021, 0x0021, 0x0021, 0x0021, 0x0021, 0x0021, 0x0021, 0x0021, 0x0021,
  0x0021, 0x0021, 0x0021, 0x0021, 0x0021, 0x0021, 0x0021, 0x0021, 0x0021, 0x0021, 0x0041, 0x0021,
  0x0021, 0x0021, 0x0021, 0x0021, 0x0021, 0x0021, 0x0021, 0x0021, 0x0021, 0x0021, 0x0021, 0x0021,
  0x0021, 0x0021, 0x0021, 0x0021, 0x0021, 0x0021, 0x0021, 0x0021, 0x0021, 0x0021, 0x0021, 0x0021,
  0x0021, 0x0021, 0x0021, 0x0021, 0x0021, 0x0021, 0x0021, 0x0021, 0x0021, 0x0021, 0x0021, 0x0021,
  0x0021, 0x0021, 0x0021, 0x0021, 0x0021, 0x0021, 0x0021, 0x0021, 0x0021, 0x0021, 0x0021, 0x0021,
  0x0021, 0x0021, 0x0021, 0x0021, 0x0021, 0x0021, 0x0021, 0x0021, 0x0021, 0x0021, 0x0021, 0x0021,
  0x0021, 0x0021, 0x0021, 0x0021, 0x0021, 0x0021, 0x0021, 0x0021, 0x0021, 0x0021, 0x0021, 0x0021,
  0x0021, 0x0021, 0x0021, 0x0021, 0x0021, 0x0021, 0x0021, 0x0021, 0x0021, 0x0021, 0x0021, 0x0021,
  0x0021, 0x0021, 0x0021, 0x0021, 0x0041, 0x0000, 0x2144, 0x854F, 0x7D2D, 0x7D4E, 0x7D6E, 0x8D6F,
  0x3A26, 0x0000, 0x0000, 0x0021, 0x0041, 0x0041, 0x0041, 0x0021, 0x0021, 0x0021, 0x0021, 0x0021,
  0x0021, 0x0021, 0x0021, 0x0021, 0x0021, 0x0021, 0x0021, 0x0021, 0x0021, 0x0021, 0x0021, 0x0021,
  0x0021, 0x0021, 0x0021, 0x0021, 0x0021, 0x0021, 0x0021, 0x0021, 0x0021, 0x0021, 0x0021, 0x0021,
  0x0021, 0x0021, 0x0021, 0x0021, 0x0021, 0x0021, 0x0021, 0x0021, 0x0021, 0x0021, 0x0021, 0x0021,
  0x0021, 0x0021, 0x0021, 0x0041, 0x0021, 0x0021, 0x0021, 0x0021, 0x0021, 0x0021, 0x0021, 0x0021,
  0x0021, 0x0021, 0x0021, 0x0021, 0x0021, 0x0021, 0x0021, 0x0021, 0x0021, 0x0021, 0x0041, 0x0021,
  0x0021, 0x0021, 0x0021, 0x0021, 0x0021, 0x0021, 0x0021, 0x0021, 0x0021, 0x0021, 0x0021, 0x0021,
  0x0021, 0x0021, 0x0021, 0x0021, 0x0021, 0x0021, 0x0021, 0x0021, 0x0021, 0x0021, 0x0021, 0x0021,
  0x0021, 0x0021, 0x0021, 0x0021, 0x0021, 0x0021, 0x0021, 0x0021, 0x0021, 0x0021, 0x0021, 0x0021,
  0x0021, 0x0021, 0x0021, 0x0021, 0x0021, 0x0021, 0x0021, 0x0021, 0x0021, 0x0021, 0x0021, 0x0021,
  0x0021, 0x0021, 0x0021, 0x0021, 0x0021, 0x0021, 0x0021, 0x0021, 0x0021, 0x0021, 0x0021, 0x0021,
  0x0021, 0x0021, 0x0021, 0x0021, 0x0021, 0x0021, 0x0021, 0x0021, 0x0021, 0x0021, 0x0021, 0x0021,
  0x0021, 0x0021, 0x0021, 0x0021, 0x0021, 0x0021, 0x0021, 0x0021, 0x0041, 0x0000, 0x42A7, 0x748C,
  0x7CCE, 0x7D0E, 0x854E, 0x63CB, 0x2A25, 0x3A66, 0x1923, 0x0041, 0x0000, 0x0000, 0x0001, 0x0041,
  0x0041, 0x0041, 0x0021, 0x0021, 0x0041, 0x0021, 0x0021, 0x0021, 0x0021, 0x0021, 0x0021, 0x0021,
  0x0021, 0x0021, 0x0021, 0x0021, 0x0021, 0x0021, 0x0021, 0x0021, 0x0021, 0x0021, 0x0021, 0x0021,
  0x0021, 0x0021, 0x0021, 0x0021, 0x0021, 0x0021, 0x0021, 0x0021, 0x0021, 0x0021, 0x0021, 0x0021,
  0x0021, 0x0021, 0x0021, 0x0021, 0x0021, 0x0021, 0x0021, 0x0021, 0x0021, 0x0021, 0x0021, 0x0021,
  0x0021, 0x0021, 0x0021, 0x0021, 0x0021, 0x0021, 0x0021, 0x0021, 0x0021, 0x0021, 0x0021, 0x0021,
  0x0021, 0x0021, 0x0041, 0x0021, 0x0021, 0x0021, 0x0021, 0x0021, 0x0021, 0x0021, 0x0021, 0x0021,
  0x0021, 0x0021, 0x0021, 0x0021, 0x0021, 0x0021, 0x0021, 0x0021, 0x0021, 0x0021, 0x0021, 0x0021,
  0x0021, 0x0021, 0x0021, 0x0021, 0x0021, 0x0021, 0x0021, 0x0021, 0x0021, 0x0021, 0x0021, 0x0021,
  0x0021, 0x0021, 0x0021, 0x0021, 0x0021, 0x0021, 0x0021, 0x0021, 0x0021, 0x0021, 0x0021, 0x0021,
  0x0021, 0x0021, 0x0021, 0x0021, 0x0021, 0x0021, 0x0021, 0x0021, 0x0021, 0x0021, 0x0021, 0x0021,
  0x0021, 0x0021, 0x0021, 0x0021, 0x0021, 0x0021, 0x0021, 0x0021, 0x0021, 0x0021, 0x0021, 0x0041,
  0x0021, 0x0021, 0x0021, 0x0021, 0x0021, 0x0021, 0x0021, 0x0021, 0x0021, 0x0021, 0x0021, 0x0021,
  0x0021, 0x0000, 0x3AA6, 0x4B68, 0x4B28, 0x5B69, 0x63CB, 0x29C4, 0x6C2C, 0x856F, 0x854E, 0x74AC,
  0x5349, 0x29C5, 0x08A2, 0x0000, 0x0000, 0x0000, 0x0021, 0x0021, 0x0000, 0x0021, 0x0841, 0x0041,
  0x0041, 0x0021, 0x0021, 0x0021, 0x0021, 0x0021, 0x0021, 0x0021, 0x0021, 0x0021, 0x0021, 0x0021,
  0x0021, 0x0021, 0x0021, 0x0021, 0x0021, 0x0021, 0x0021, 0x0021, 0x0021, 0x0021, 0x0021, 0x0021,
  0x0021, 0x0021, 0x0021, 0x0021, 0x0021, 0x0021, 0x0021, 0x0021, 0x0021, 0x0021, 0x0021, 0x0021,
  0x0021, 0x0021, 0x0021, 0x0021, 0x0021, 0x0021, 0x0021, 0x0021, 0x0021, 0x0021, 0x0021, 0x0021,
  0x0021, 0x0021, 0x0021, 0x0021, 0x0021, 0x0021, 0x0021, 0x0021, 0x0021, 0x0021, 0x0021, 0x0021,
  0x0021, 0x0021, 0x0021, 0x0021, 0x0021, 0x0021, 0x0021, 0x0021, 0x0021, 0x0021, 0x0021, 0x0021,
  0x0021, 0x0021, 0x0021, 0x0021, 0x0021, 0x0021, 0x0021, 0x0021, 0x0021, 0x0021, 0x0021, 0x0021,
  0x0021, 0x0021, 0x0021, 0x0021, 0x0021, 0x0021, 0x0021, 0x0021, 0x0021, 0x0021, 0x0021, 0x0021,
  0x0021, 0x0021, 0x0021, 0x0021, 0x0021, 0x0021, 0x0021, 0x0021, 0x0021, 0x0021, 0x0021, 0x0021,
  0x0021, 0x0021, 0x0021, 0x0021, 0x0021, 0x0021, 0x0021, 0x0021, 0x0021, 0x0021, 0x0021, 0x0021,
  0x0021, 0x0021, 0x0021, 0x0021, 0x0021, 0x0021, 0x0021, 0x0021, 0x0021, 0x0021, 0x0021, 0x0021,
  0x0021, 0x0021, 0x0021, 0x0021, 0x0041, 0x0021, 0x3245, 0x42E7, 0x4B68, 0x4B68, 0x3AA6, 0x2183,
  0x42E7, 0x5369, 0x6C2B, 0x7CCD, 0x854F, 0x8DAF, 0x7D0D, 0x5BEA, 0x3A86, 0x1923, 0x0841, 0x0021,
  0x2124, 0x0041, 0x0000, 0x0000, 0x0000, 0x0041, 0x0841, 0x0041, 0x0021, 0x0021, 0x0021, 0x0021,
  0x0021, 0x0021, 0x0021, 0x0021, 0x0021, 0x0021, 0x0021, 0x0021, 0x0021, 0x0021, 0x0021, 0x0021,
  0x0021, 0x0021, 0x0021, 0x0021, 0x0021, 0x0021, 0x0021, 0x0021, 0x0021, 0x0021, 0x0021, 0x0021,
  0x0021, 0x0021, 0x0021, 0x0021, 0x0021, 0x0021, 0x0021, 0x0021, 0x0021, 0x0021, 0x0021, 0x0021,
  0x0021, 0x0021, 0x0021, 0x0021, 0x0021, 0x0021, 0x0021, 0x0021, 0x0021, 0x0021, 0x0021, 0x0021,
  0x0021, 0x0021, 0x0021, 0x0021, 0x0021, 0x0021, 0x0021, 0x0021, 0x0021, 0x0021, 0x0021, 0x0021,
  0x0021, 0x0021, 0x0021, 0x0021, 0x0021, 0x0021, 0x0021, 0x0021, 0x0021, 0x0021, 0x0021, 0x0021,
  0x0021, 0x0021, 0x0021, 0x0021, 0x0021, 0x0021, 0x0021, 0x0021, 0x0021, 0x0021, 0x0021, 0x0021,
  0x0021, 0x0021, 0x0021, 0x0021, 0x0021, 0x0021, 0x0021, 0x0021, 0x0021, 0x0021, 0x0021, 0x0021,
  0x0021, 0x0021, 0x0021, 0x0021, 0x0021, 0x0021, 0x0021, 0x0021, 0x0021, 0x0021, 0x0021, 0x0021,
  0x0021, 0x0021, 0x0021, 0x0021, 0x0021, 0x0021, 0x0021, 0x0021, 0x0021, 0x0021, 0x0041, 0x0021,
  0x0021, 0x0021, 0x0021, 0x0021, 0x0021, 0x0021, 0x0021, 0x0021, 0x0041, 0x0000, 0x3246, 0x4B28,
  0x3225, 0x4B48, 0x4B28, 0x2163, 0x1923, 0x29E4, 0x3AA6, 0x42E6, 0x4B28, 0x5BAA, 0x6C4C, 0x7CEE,
  0x8D8F, 0x8DAF, 0x53A9, 0x6B4B, 0xE6D8, 0xC5B4, 0x83EE, 0x4A07, 0x10A2, 0x0000, 0x0000, 0x0000,
  0x0021, 0x0841, 0x0841, 0x0041, 0x0021, 0x0021, 0x0021, 0x0021, 0x0021, 0x0021, 0x0021, 0x0021,
  0x0021, 0x0021, 0x0021, 0x0021, 0x0021, 0x0021, 0x0021, 0x0021, 0x0021, 0x0021, 0x0021, 0x0021,
  0x0021, 0x0021, 0x0021, 0x0021, 0x0021, 0x0021, 0x0021, 0x0021, 0x0021, 0x0021, 0x0021, 0x0021,
  0x0021, 0x0021, 0x0021, 0x0021, 0x0021, 0x0021, 0x0021, 0x0021, 0x0021, 0x0021, 0x0021, 0x0021,
  0x0021, 0x0021, 0x0021, 0x0021, 0x0021, 0x0021, 0x0021, 0x0021, 0x0021, 0x0021, 0x0021, 0x0021,
  0x0021, 0x0021, 0x0021, 0x0021, 0x0021, 0x0021, 0x0021, 0x0021, 0x0021, 0x0041, 0x0021, 0x0041,
  0x0021, 0x0021, 0x0021, 0x0021, 0x0021, 0x0021, 0x0021, 0x0021, 0x0021, 0x0021, 0x0021, 0x0021,
  0x0021, 0x0021, 0x0021, 0x0021, 0x0021, 0x0021, 0x0021, 0x0021, 0x0021, 0x0021, 0x0021, 0x0021,
  0x0021, 0x0021, 0x0021, 0x0021, 0x0021, 0x0021, 0x0021, 0x0021, 0x0021, 0x0021, 0x0021, 0x0021,
  0x0021, 0x0021, 0x0021, 0x0021, 0x0021, 0x0021, 0x0021, 0x0021, 0x0021, 0x0021, 0x0021, 0x0021,
  0x0021, 0x0021, 0x0021, 0x0021, 0x0021, 0x0021, 0x0021, 0x0021, 0x0021, 0x0021, 0x0021, 0x0041,
  0x0000, 0x2184, 0x6CAC, 0x6C8C, 0x2163, 0x42C7, 0x4B48, 0x1923, 0x2965, 0x2965, 0x18C3, 0x2144,
  0x29E5, 0x2A05, 0x3A86, 0x4307, 0x5369, 0x5BCA, 0x6BAB, 0xE697, 0xC5D4, 0xB532, 0xDE77, 0xE6D8,
  0xD635, 0xA4D1, 0x6B0B, 0x2965, 0x0041, 0x0000, 0x0000, 0x0000, 0x0041, 0x0841, 0x0041, 0x0041,
  0x0021, 0x0021, 0x0021, 0x0021, 0x0021, 0x0021, 0x0021, 0x0021, 0x0021, 0x0021, 0x0021, 0x0021,
  0x0021, 0x0021, 0x0021, 0x0021, 0x0021, 0x0021, 0x0021, 0x0021, 0x0021, 0x0021, 0x0021, 0x0021,
  0x0021, 0x0021, 0x0021, 0x0021, 0x0021, 0x0021, 0x0021, 0x0021, 0x0021, 0x0021, 0x0021, 0x0021,
  0x0021, 0x0021, 0x0021, 0x0021, 0x0021, 0x0021, 0x0021, 0x0021, 0x0021, 0x0021, 0x0021, 0x0021,
  0x0021, 0x0021, 0x0021, 0x0021, 0x0021, 0x0021, 0x0021, 0x0021, 0x0021, 0x0041, 0x0021, 0x0021,
  0x0021, 0x0021, 0x0021, 0x0021, 0x0021, 0x0021, 0x0021, 0x0021, 0x0021, 0x0021, 0x0021, 0x0021,
  0x0021, 0x0021, 0x0021, 0x0021, 0x0021, 0x0021, 0x0021, 0x0021, 0x0021, 0x0021, 0x0021, 0x0021,
  0x0021, 0x0021, 0x0021, 0x0021, 0x0021, 0x0021, 0x0021, 0x0021, 0x0021, 0x0021, 0x0021, 0x0021,
  0x0021, 0x0021, 0x0021, 0x0021, 0x0021, 0x0021, 0x0021, 0x0021, 0x0021, 0x0021, 0x0021, 0x0021,
  0x0021, 0x0021, 0x0021, 0x0021, 0x0021, 0x0021, 0x0021, 0x0021, 0x0021, 0x0021, 0x0021, 0x0021,
  0x0021, 0x0021, 0x0041, 0x0000, 0x10C2, 0x7D0D, 0x7D0E, 0x3A46, 0x1102, 0x4307, 0x4B28, 0x10C2,
  0x2144, 0x2985, 0x2125, 0x2124, 0x2104, 0x1904, 0x1904, 0x2984, 0x21C4, 0x29C5, 0xCDF5, 0xE6D8,
  0x62EA, 0x732A, 0xA48F, 0xA4B0, 0xB532, 0xD615, 0xE6B7, 0xE6B8, 0xC5B4, 0x8C0E, 0x4A48, 0x18C2,
  0x0000, 0x0000, 0x0000, 0x0021, 0x0841, 0x0841, 0x0041, 0x0021, 0x0021, 0x0021, 0x0021, 0x0021,
  0x0021, 0x0021, 0x0021, 0x0021, 0x0021, 0x0021, 0x0021, 0x0021, 0x0021, 0x0021, 0x0021, 0x0021,
  0x0021, 0x0021, 0x0021, 0x0021, 0x0021, 0x0021, 0x0021, 0x0021, 0x0021, 0x0021, 0x0021, 0x0021,
  0x0021, 0x0021, 0x0021, 0x0021, 0x0021, 0x0021, 0x0021, 0x0021, 0x0021, 0x0021, 0x0021, 0x0021,
  0x0021, 0x0021, 0x0021, 0x0021, 0x0021, 0x0021, 0x0021, 0x0021, 0x0021, 0x0021, 0x0021, 0x0021,
  0x0021, 0x0021, 0x0021, 0x0021, 0x0021, 0x0021, 0x0021, 0x0021, 0x0021, 0x0021, 0x0021, 0x0021,
  0x0021, 0x0021, 0x0021, 0x0021, 0x0021, 0x0021, 0x0021, 0x0021, 0x0021, 0x0021, 0x0021, 0x0041,
  0x0021, 0x0021, 0x0021, 0x0021, 0x0021, 0x0021, 0x0021, 0x0021, 0x0021, 0x0021, 0x0021, 0x0021,
  0x0021, 0x0021, 0x0021, 0x0021, 0x0021, 0x0021, 0x0021, 0x0021, 0x0021, 0x0021, 0x0021, 0x0021,
  0x0021, 0x0021, 0x0021, 0x0021, 0x0021, 0x0021, 0x0021, 0x0021, 0x0021, 0x0021, 0x0021, 0x0021,
  0x0021, 0x0021, 0x0021, 0x0021, 0x0021, 0x0021, 0x0041, 0x0020, 0x63EA, 0x8DAF, 0x5369, 0x1923,
  0x1903, 0x3AA6, 0x3AC6, 0x1943, 0x18E4, 0x2125, 0x2145, 0x2125, 0x2125, 0x2145, 0x2125, 0x2125,
  0x10A3, 0xA4D1, 0xEED8, 0x8C0E, 0x62A8, 0x7B8B, 0xA4AF, 0xA48F, 0x9C6F, 0x9C6F, 0x9C6F, 0xA4F1,
  0xBD94, 0xDE76, 0xE6B8, 0xD636, 0xACF1, 0x6B2B, 0x3165, 0x0841, 0x0000, 0x0000, 0x0000, 0x0041,
  0x0841, 0x0041, 0x0021, 0x0021, 0x0021, 0x0021, 0x0021, 0x0021, 0x0021, 0x0021, 0x0021, 0x0021,
  0x0021, 0x0021, 0x0021, 0x0021, 0x0021, 0x0021, 0x0021, 0x0021, 0x0021, 0x0021, 0x0021, 0x0021,
  0x0021, 0x0021, 0x0021, 0x0021, 0x0021, 0x0021, 0x0021, 0x0021, 0x0021, 0x0021, 0x0021, 0x0021,
  0x0021, 0x0021, 0x0021, 0x0021, 0x0021, 0x0021, 0x0021, 0x0021, 0x0021, 0x0021, 0x0021, 0x0021,
  0x0021, 0x0021, 0x0021, 0x0021, 0x0021, 0x0021, 0x0041, 0x0021, 0x0021, 0x0021, 0x0021, 0x0021,
  0x0021, 0x0021, 0x0021, 0x0021, 0x0021, 0x0021, 0x0021, 0x0041, 0x0041, 0x0021, 0x0041, 0x0021,
  0x0041, 0x0021, 0x0041, 0x0021, 0x0021, 0x0021, 0x0021, 0x0021, 0x0021, 0x0021, 0x0021, 0x0021,
  0x0021, 0x0021, 0x0021, 0x0021, 0x0021, 0x0021, 0x0021, 0x0021, 0x0021, 0x0021, 0x0021, 0x0021,
  0x0021, 0x0021, 0x0021, 0x0021, 0x0021, 0x0021, 0x0021, 0x0021, 0x0021, 0x0021, 0x0021, 0x0021,
  0x0021, 0x0021, 0x0021, 0x0021, 0x0021, 0x0021, 0x0021, 0x0021, 0x0021, 0x0041, 0x0000, 0x42C7,
  0x8DCF, 0x63EB, 0x2163, 0x2165, 0x1924, 0x3245, 0x3245, 0x2143, 0x2965, 0x2145, 0x2124, 0x2125,
  0x2124, 0x2124, 0x2945, 0x10A2, 0x7BCD, 0xFF5A, 0x9CB0, 0x62A8, 0x6AE9, 0x732A, 0x9C4E, 0xA48F,
  0xA4B0, 0xA4AF, 0xA4AF, 0xA48F, 0x9C6F, 0x9C6F, 0x9C8F, 0xB552, 0xCE15, 0xE6B7, 0xE6B7, 0xC5D4,
  0x8C2E, 0x4A48, 0x18C3, 0x0000, 0x0000, 0x0000, 0x0021, 0x0841, 0x0841, 0x0041, 0x0021, 0x0021,
  0x0021, 0x0021, 0x0021, 0x0021, 0x0021, 0x0021, 0x0021, 0x0021, 0x0021, 0x0021, 0x0021, 0x0021,
  0x0021, 0x0021, 0x0021, 0x0021, 0x0021, 0x0021, 0x0021, 0x0021, 0x0021, 0x0021, 0x0021, 0x0021,
  0x0021, 0x0021, 0x0021, 0x0021, 0x0021, 0x0021, 0x0021, 0x0021, 0x0021, 0x0021, 0x0021, 0x0021,
  0x0021, 0x0021, 0x0021, 0x0021, 0x0021, 0x0021, 0x0021, 0x0021, 0x0021, 0x0021, 0x0021, 0x0021,
  0x0021, 0x0021, 0x0021, 0x0041, 0x0021, 0x0021, 0x0021, 0x0021, 0x0021, 0x0021, 0x0021, 0x0041,
  0x0021, 0x0041, 0x0041, 0x0041, 0x0021, 0x0041, 0x0041, 0x0021, 0x0021, 0x0021, 0x0041, 0x0021,
  0x0021, 0x0021, 0x0021, 0x0021, 0x0021, 0x0021, 0x0021, 0x0021, 0x0021, 0x0021, 0x0021, 0x0021,
  0x0021, 0x0021, 0x0021, 0x0021, 0x0021, 0x0021, 0x0021, 0x0021, 0x0021, 0x0021, 0x0021, 0x0021,
  0x0021, 0x0021, 0x0021, 0x0021, 0x0041, 0x0021, 0x0021, 0x0021, 0x0021, 0x0021, 0x0021, 0x0021,
  0x0041, 0x0000, 0x29A4, 0x858E, 0x7CCE, 0x2A05, 0x10C3, 0x1903, 0x10A2, 0x3245, 0x3A85, 0x0881,
  0x1923, 0x2165, 0x2125, 0x2145, 0x2125, 0x2145, 0x10C3, 0x4A68, 0xEED8, 0xBD93, 0x6AEA, 0x732A,
  0x62A9, 0x6B0A, 0x8BED, 0xA48F, 0xA48F, 0xA48F, 0xA4AF, 0xA4B0, 0xA4B0, 0xACD0, 0xACD0, 0xA48F,
  0x9C6E, 0x9C8F, 0xACF1, 0xBD93, 0xD656, 0xE6D8, 0xD656, 0xACF1, 0x6B2B, 0x3185, 0x0841, 0x0000,
  0x0000, 0x0000, 0x0041, 0x0841, 0x0041, 0x0021, 0x0021, 0x0021, 0x0021, 0x0021, 0x0021, 0x0021,
  0x0021, 0x0021, 0x0021, 0x0021, 0x0021, 0x0021, 0x0021, 0x0021, 0x0021, 0x0021, 0x0021, 0x0021,
  0x0021, 0x0021, 0x0021, 0x0021, 0x0021, 0x0021, 0x0021, 0x0021, 0x0021, 0x0021, 0x0021, 0x0021,
  0x0021, 0x0021, 0x0021, 0x0021, 0x0021, 0x0021, 0x0021, 0x0021, 0x0021, 0x0021, 0x0021, 0x0021,
  0x0021, 0x0021, 0x0021, 0x0021, 0x0021, 0x0021, 0x0021, 0x0021, 0x0021, 0x0041, 0x0021, 0x0021,
  0x0021, 0x0021, 0x0021, 0x0021, 0x0021, 0x0041, 0x0021, 0x0021, 0x0041, 0x0021, 0x0021, 0x0021,
  0x0021, 0x0041, 0x0021, 0x0021, 0x0021, 0x0021, 0x0021, 0x0021, 0x0021, 0x0021, 0x0021, 0x0021,
  0x0021, 0x0021, 0x0021, 0x0021, 0x0021, 0x0021, 0x0021, 0x0021, 0x0021, 0x0041, 0x0021, 0x0021,
  0x0021, 0x0021, 0x0021, 0x0021, 0x0021, 0x0021, 0x0021, 0x0021, 0x0021, 0x0021, 0x0021, 0x0021,
  0x0021, 0x0021, 0x0021, 0x0041, 0x0021, 0x1082, 0x7D0D, 0x854F, 0x42A7, 0x10E2, 0x18E4, 0x18C3,
  0x1903, 0x2985, 0x2143, 0x18E3, 0x18E3, 0x18C3, 0x1904, 0x18E4, 0x1904, 0x1904, 0x2965, 0xD656,
  0xDE76, 0x6B0A, 0x6AE9, 0x732A, 0x62C9, 0x732A, 0x83AC, 0x9C4E, 0xA48F, 0xA48F, 0xA46F, 0xA48F,
  0xACD0, 0xA4B0, 0xA4AF, 0xACB0, 0xACD0, 0xA4AF, 0xA4AF, 0xA48F, 0x9C6F, 0xA4B0, 0xB532, 0xCE15,
  0xE6B7, 0xE697, 0xC5B4, 0x8C2F, 0x4A48, 0x18C3, 0x0000, 0x0000, 0x0000, 0x0021, 0x0041, 0x0841,
  0x0021, 0x0021, 0x0021, 0x0021, 0x0021, 0x0021, 0x0021, 0x0021, 0x0021, 0x0021, 0x0021, 0x0021,
  0x0021, 0x0021, 0x0021, 0x0021, 0x0021, 0x0021, 0x0021, 0x0021, 0x0021, 0x0021, 0x0021, 0x0021,
  0x0021, 0x0021, 0x0021, 0x0021, 0x0021, 0x0021, 0x0021, 0x0021, 0x0021, 0x0021, 0x0021, 0x0021,
  0x0021, 0x0021, 0x0021, 0x0021, 0x0021, 0x0021, 0x0021, 0x0021, 0x0041, 0x0021, 0x0021, 0x0021,
  0x0021, 0x0021, 0x0021, 0x0021, 0x0021, 0x0021, 0x0021, 0x0021, 0x0021, 0x0021, 0x0021, 0x0021,
  0x0021, 0x0021, 0x0021, 0x0021, 0x0021, 0x0021, 0x0021, 0x0041, 0x0021, 0x0021, 0x0021, 0x0021,
  0x0021, 0x0021, 0x0021, 0x0021, 0x0021, 0x0021, 0x0021, 0x0021, 0x0021, 0x0021, 0x0021, 0x0021,
  0x0021, 0x0021, 0x0021, 0x0021, 0x0021, 0x0021, 0x0021, 0x0021, 0x0021, 0x0021, 0x0021, 0x0021,
  0x0021, 0x0021, 0x0021, 0x0021, 0x0021, 0x0021, 0x0021, 0x0041, 0x0000, 0x5BCA, 0x8DD0, 0x536A,
  0x1923, 0x18E4, 0x1904, 0x1903, 0x10C2, 0x2924, 0x2104, 0x39E7, 0x4A48, 0x4207, 0x31A5, 0x3184,
  0x29A3, 0x2103, 0xAD32, 0xEED8, 0x83AD, 0x6AE9, 0x6B0A, 0x6B0A, 0x62A8, 0x6B0A, 0x7B6B, 0x8BED,
  0xA48F, 0xA48F, 0xA48F, 0xA48F, 0xA4AF, 0xA4AF, 0xA48F, 0xA4B0, 0xA4B0, 0xA4AF, 0xACD0, 0xACF0,
  0xACD0, 0xACD0, 0xA48F, 0x9C6F, 0x9C6F, 0xACD1, 0xBD93, 0xDE56, 0xE6B8, 0xD656, 0xACF1, 0x6B2B,
  0x3165, 0x0841, 0x0000, 0x0000, 0x0020, 0x0041, 0x0041, 0x0041, 0x0021, 0x0021, 0x0021, 0x0021,
  0x0021, 0x0021, 0x0021, 0x0021, 0x0021, 0x0021, 0x0021, 0x0021, 0x0021, 0x0021, 0x0021, 0x0021,
  0x0021, 0x0021, 0x0021, 0x0021, 0x0021, 0x0021, 0x0021, 0x0021, 0x0021, 0x0021, 0x0021, 0x0021,
  0x0021, 0x0021, 0x0021, 0x0021, 0x0021, 0x0021, 0x0021, 0x0021, 0x0021, 0x0021, 0x0021, 0x0021,
  0x0021, 0x0021, 0x0021, 0x0021, 0x0021, 0x0021, 0x0021, 0x0021, 0x0021, 0x0021, 0x0021, 0x0021,
  0x0021, 0x0021, 0x0021, 0x0041, 0x0041, 0x0021, 0x0021, 0x0021, 0x0021, 0x0021, 0x0021, 0x0021,
  0x0021, 0x0021, 0x0021, 0x0021, 0x0021, 0x0021, 0x0021, 0x0021, 0x0021, 0x0021, 0x0021, 0x0021,
  0x0021, 0x0041, 0x0021, 0x0021, 0x0021, 0x0021, 0x0021, 0x0021, 0x0021, 0x0021, 0x0021, 0x0021,
  0x0021, 0x0021, 0x0021, 0x0021, 0x0021, 0x0021, 0x0021, 0x0021, 0x0021, 0x0021, 0x0041, 0x0000,
  0x3A67, 0x8DD0, 0x6C2C, 0x2163, 0x18C3, 0x18E4, 0x1904, 0x10A2, 0x39C6, 0x2124, 0x2124, 0x2945,
  0x2965, 0x2965, 0x4A45, 0x6347, 0x4A84, 0x8C2E, 0xF739, 0x944F, 0x62A8, 0x6B0A, 0x6B09, 0x6B0A,
  0x5AA8, 0x732A, 0x838B, 0x83AC, 0xA48F, 0x9C6F, 0xA48F, 0xA48F, 0xA4AF, 0xA4AF, 0xA4AF, 0xA48F,
  0xA4AF, 0xACB0, 0xA4B0, 0xACD0, 0xACD0, 0xACD0, 0xACD0, 0xACD0, 0xACD0, 0xA4B0, 0xA48F, 0x9C8F,
  0xA4B0, 0xB532, 0xCE15, 0xE6B8, 0xE6B7, 0xCDF4, 0x83EE, 0x4A48, 0x1082, 0x0000, 0x0000, 0x0000,
  0x0021, 0x0041, 0x0041, 0x0021, 0x0021, 0x0021, 0x0021, 0x0021, 0x0021, 0x0021, 0x0021, 0x0021,
  0x0021, 0x0021, 0x0021, 0x0021, 0x0021, 0x0021, 0x0021, 0x0021, 0x0021, 0x0021, 0x0021, 0x0021,
  0x0021, 0x0021, 0x0021, 0x0021, 0x0021, 0x0021, 0x0021, 0x0021, 0x0021, 0x0021, 0x0021, 0x0021,
  0x0021, 0x0021, 0x0021, 0x0021, 0x0021, 0x0021, 0x0021, 0x0021, 0x0021, 0x0021, 0x0021, 0x0021,
  0x0041, 0x0021, 0x0021, 0x0021, 0x0021, 0x0041, 0x0021, 0x0021, 0x0021, 0x0021, 0x0021, 0x0021,
  0x0021, 0x0021, 0x0021, 0x0021, 0x0021, 0x0021, 0x0021, 0x0021, 0x0021, 0x0021, 0x0021, 0x0021,
  0x0021, 0x0021, 0x0021, 0x0021, 0x0021, 0x0021, 0x0021, 0x0021, 0x0021, 0x0021, 0x0021, 0x0021,
  0x0021, 0x0021, 0x0021, 0x0021, 0x0021, 0x0021, 0x0021, 0x0021, 0x0021, 0x0021, 0x0021, 0x0021,
  0x0021, 0x0041, 0x0000, 0x1944, 0x856E, 0x7CEE, 0x3205, 0x10C3, 0x18E4, 0x1904, 0x10C3, 0x3186,
  0x39E7, 0x2124, 0x3186, 0x2965, 0x3165, 0x4206, 0x5AE6, 0x5305, 0x632A, 0xEED8, 0xA4B0, 0x5247,
  0x6AE9, 0x6B0A, 0x6B0A, 0x6B0A, 0x5A88, 0x5A88, 0x6B09, 0x732A, 0x9C4E, 0xA48F, 0xA48F, 0xA48F,
  0xA48F, 0xA48F, 0x9C6F, 0x9C6E, 0xA48F, 0xA48F, 0xA48F, 0xA4AF, 0xA4AF, 0xA4AF, 0xA4AF, 0xA4B0,
  0xACD0, 0xACD0, 0xACD0, 0xACD0, 0xA4AF, 0xA4AF, 0x9C6F, 0x9C6F, 0xA4B0, 0xB553, 0xEEF8, 0xE697,
  0x5AC9, 0x42E7, 0x29E5, 0x10C2, 0x0000, 0x0000, 0x0000, 0x0021, 0x0041, 0x0041, 0x0041, 0x0021,
  0x0021, 0x0021, 0x0021, 0x0021, 0x0021, 0x0021, 0x0021, 0x0021, 0x0021, 0x0021, 0x0021, 0x0021,
  0x0021, 0x0021, 0x0021, 0x0021, 0x0021, 0x0021, 0x0021, 0x0021, 0x0021, 0x0021, 0x0021, 0x0021,
  0x0021, 0x0021, 0x0021, 0x0021, 0x0021, 0x0021, 0x0021, 0x0021, 0x0021, 0x0021, 0x0021, 0x0021,
  0x0021, 0x0021, 0x0021, 0x0021, 0x0021, 0x0021, 0x0021, 0x0021, 0x0021, 0x0041, 0x0021, 0x0021,
  0x0021, 0x0021, 0x0021, 0x0021, 0x0021, 0x0021, 0x0021, 0x0021, 0x0021, 0x0021, 0x0021, 0x0021,
  0x0021, 0x0021, 0x0021, 0x0021, 0x0021, 0x0021, 0x0021, 0x0021, 0x0021, 0x0021, 0x0021, 0x0021,
  0x0021, 0x0021, 0x0021, 0x0021, 0x0021, 0x0021, 0x0021, 0x0021, 0x0021, 0x0021, 0x0021, 0x0021,
  0x0021, 0x0021, 0x0021, 0x0021, 0x0041, 0x0021, 0x0841, 0x4B28, 0x6C2B, 0x42C7, 0x10E2, 0x18E4,
  0x18E4, 0x18C3, 0x2124, 0x4A28, 0x2104, 0x31A6, 0x3185, 0x2965, 0x5AA9, 0x62E9, 0x4284, 0x4A86,
  0xCDF5, 0xE6B7, 0xBD73, 0x83CD, 0x62E9, 0x5247, 0x5267, 0x5A88, 0x4A27, 0x4A27, 0x5AA8, 0x5A88,
  0x6AE9, 0x83AC, 0x8C0D, 0x9C6F, 0xA48F, 0xA48F, 0xA48F, 0xA48F, 0xA48F, 0xA48F, 0xA48F, 0xA4AF,
  0xA4AF, 0xA4AF, 0xA4B0, 0xACD0, 0xACD0, 0xACB0, 0xA4AF, 0xA4B0, 0xA4B0, 0xA4B0, 0xA4AF, 0xACD0,
  0x83AC, 0xA4F1, 0xE697, 0x944F, 0x4A47, 0x5389, 0x854E, 0x7D2E, 0x642B, 0x42A7, 0x2143, 0x0041,
  0x0000, 0x0000, 0x0000, 0x0041, 0x0041, 0x0041, 0x0021, 0x0021, 0x0021, 0x0021, 0x0021, 0x0041,
  0x0021, 0x0021, 0x0021, 0x0021, 0x0021, 0x0021, 0x0021, 0x0021, 0x0021, 0x0021, 0x0021, 0x0021,
  0x0021, 0x0021, 0x0021, 0x0021, 0x0021, 0x0021, 0x0021, 0x0021, 0x0021, 0x0021, 0x0021, 0x0021,
  0x0021, 0x0021, 0x0041, 0x0021, 0x0021, 0x0021, 0x0021, 0x0021, 0x0021, 0x0021, 0x0021, 0x0021,
  0x0041, 0x0021, 0x0021, 0x0041, 0x0021, 0x0021, 0x0021, 0x0021, 0x0021, 0x0021, 0x0021, 0x0021,
  0x0021, 0x0021, 0x0021, 0x0021, 0x0021, 0x0021, 0x0021, 0x0021, 0x0021, 0x0021, 0x0021, 0x0021,
  0x0021, 0x0021, 0x0021, 0x0021, 0x0021, 0x0021, 0x0021, 0x0021, 0x0021, 0x0021, 0x0021, 0x0021,
  0x0021, 0x0021, 0x0021, 0x0021, 0x0021, 0x0021, 0x0021, 0x0021, 0x0041, 0x0000, 0x5389, 0x854E,
  0x4AE8, 0x1922, 0x18E4, 0x18E4, 0x18E4, 0x18C3, 0x4A68, 0x2124, 0x39E6, 0x31C6, 0x39C6, 0x4A27,
  0x9C6F, 0x62E9, 0x31C3, 0x6309, 0xBD73, 0xB552, 0xCDF5, 0xDE76, 0xDE77, 0xC5B4, 0x9C90, 0x6B0A,
  0x4206, 0x3164, 0x4A06, 0x5247, 0x62A9, 0x734B, 0x732A, 0x734B, 0x7B8C, 0x8BCD, 0x9C4E, 0xA48F,
  0xA48F, 0xA4AF, 0xA48F, 0xA48F, 0xA4AF, 0xA4AF, 0xA4B0, 0xA4B0, 0xA4AF, 0xA4AF, 0xA4AF, 0xA4AF,
  0xA4AF, 0xA4AF, 0xACB0, 0x8BED, 0x944F, 0xF73A, 0xA4D1, 0x7B8B, 0x4A47, 0x2A45, 0x5369, 0x640B,
  0x7CED, 0x8D8F, 0x8D8F, 0x74AC, 0x4B48, 0x29C5, 0x10A2, 0x0000, 0x0000, 0x0000, 0x0021, 0x0041,
  0x0041, 0x0041, 0x0021, 0x0021, 0x0021, 0x0041, 0x0041, 0x0021, 0x0021, 0x0021, 0x0021, 0x0021,
  0x0021, 0x0021, 0x0021, 0x0021, 0x0021, 0x0021, 0x0021, 0x0021, 0x0021, 0x0021, 0x0021, 0x0021,
  0x0021, 0x0021, 0x0021, 0x0021, 0x0021, 0x0021, 0x0041, 0x0021, 0x0021, 0x0021, 0x0021, 0x0021,
  0x0021, 0x0041, 0x0021, 0x0021, 0x0021, 0x0021, 0x0021, 0x0021, 0x0021, 0x0021, 0x0021, 0x0021,
  0x0021, 0x0021, 0x0021, 0x0021, 0x0021, 0x0021, 0x0021, 0x0021, 0x0021, 0x0021, 0x0021, 0x0021,
  0x0021, 0x0021, 0x0021, 0x0021, 0x0021, 0x0021, 0x0021, 0x0021, 0x0021, 0x0021, 0x0021, 0x0021,
  0x0021, 0x0021, 0x0021, 0x0021, 0x0021, 0x0021, 0x0021, 0x0021, 0x0021, 0x0021, 0x0021, 0x0041,
  0x0000, 0x3226, 0x8DCF, 0x6C4C, 0x21C3, 0x18C3, 0x1904, 0x1904, 0x10A3, 0x4207, 0x3186, 0x2945,
  0x3A06, 0x31C6, 0x4A28, 0x4207, 0x7B6B, 0x940E, 0x83CD, 0x7B6B, 0xBD72, 0xB511, 0xB511, 0xAD11,
  0xB532, 0xC5B4, 0xDE76, 0xE697, 0xD636, 0xACF1, 0x7B8C, 0x5268, 0x41E6, 0x5268, 0x62C9, 0x6B0A,
  0x734B, 0x734B, 0x734B, 0x7B6B, 0x83CC, 0x942D, 0xA48F, 0xA4AF, 0xA4AF, 0xA48F, 0xA4AF, 0xA48F,
  0xA48F, 0xA4AF, 0xA4B0, 0xA4B0, 0xA48F, 0xA4AF, 0x9C6F, 0x7BAD, 0xE6B7, 0xC5B4, 0x7B6B, 0x8BCC,
  0x4A27, 0x1903, 0x21A4, 0x3245, 0x4307, 0x5389, 0x63EB, 0x748D, 0x8D4F, 0x8D8F, 0x7D0E, 0x642B,
  0x3AA7, 0x1943, 0x0041, 0x0000, 0x0000, 0x0021, 0x0021, 0x0841, 0x0021, 0x0000, 0x0000, 0x0021,
  0x0021, 0x0021, 0x0021, 0x0021, 0x0021, 0x0021, 0x0021, 0x0021, 0x0021, 0x0021, 0x0021, 0x0021,
  0x0021, 0x0021, 0x0021, 0x0021, 0x0021, 0x0021, 0x0021, 0x0021, 0x0021, 0x0021, 0x0021, 0x0041,
  0x0021, 0x0021, 0x0021, 0x0041, 0x0021, 0x0021, 0x0021, 0x0021, 0x0021, 0x0021, 0x0021, 0x0021,
  0x0021, 0x0021, 0x0021, 0x0021, 0x0021, 0x0021, 0x0021, 0x0021, 0x0021, 0x0021, 0x0021, 0x0021,
  0x0021, 0x0021, 0x0021, 0x0021, 0x0021, 0x0041, 0x0021, 0x0021, 0x0021, 0x0021, 0x0021, 0x0021,
  0x0021, 0x0021, 0x0021, 0x0021, 0x0021, 0x0021, 0x0021, 0x0021, 0x0021, 0x0021, 0x0021, 0x0021,
  0x0021, 0x0021, 0x0041, 0x0000, 0x1903, 0x7D4E, 0x7CEE, 0x29E5, 0x10E2, 0x1903, 0x1904, 0x10C3,
  0x31A6, 0x39E7, 0x2124, 0x39E7, 0x3186, 0x39A6, 0x7BAC, 0x942E, 0x5AA9, 0x62A9, 0x5268, 0x6B2B,
  0xC593, 0xBD52, 0xBD72, 0xCDB3, 0xC592, 0xB531, 0xACF1, 0xAD11, 0xBD73, 0xD615, 0xDE97, 0xDE77,
  0xC5B4, 0x944F, 0x6B2A, 0x5268, 0x5247, 0x62A9, 0x6B0A, 0x6B0A, 0x734B, 0x734B, 0x7B6B, 0x83AC,
  0x8C0D, 0x9C4E, 0xA4AF, 0xA4AF, 0xA48F, 0xA48F, 0xA4AF, 0xA4AF, 0xA48F, 0xA48F, 0x736B, 0xCE36,
  0xDE97, 0x7B8C, 0x838B, 0x8BED, 0x4A27, 0x18C3, 0x18C3, 0x1904, 0x2164, 0x29C4, 0x3225, 0x3A86,
  0x4B28, 0x5389, 0x6C4C, 0x850E, 0x8D8F, 0x856F, 0x748C, 0x4B49, 0x29C5, 0x08A1, 0x0841, 0x6C0C,
  0x6C6C, 0x4AE8, 0x2985, 0x0861, 0x0021, 0x0021, 0x0021, 0x0021, 0x0021, 0x0021, 0x0021, 0x0021,
  0x0021, 0x0021, 0x0021, 0x0021, 0x0021, 0x0021, 0x0021, 0x0021, 0x0021, 0x0021, 0x0021, 0x0021,
  0x0021, 0x0021, 0x0021, 0x0021, 0x0021, 0x0021, 0x0021, 0x0021, 0x0021, 0x0021, 0x0041, 0x0021,
  0x0021, 0x0021, 0x0021, 0x0021, 0x0021, 0x0021, 0x0021, 0x0021, 0x0021, 0x0021, 0x0021, 0x0021,
  0x0021, 0x0021, 0x0021, 0x0021, 0x0021, 0x0021, 0x0021, 0x0021, 0x0021, 0x0021, 0x0021, 0x0021,
  0x0021, 0x0021, 0x0021, 0x0021, 0x0021, 0x0021, 0x0021, 0x0021, 0x0021, 0x0021, 0x0021, 0x0021,
  0x0021, 0x0021, 0x0021, 0x0021, 0x0021, 0x0041, 0x0021, 0x0041, 0x644B, 0x8D8F, 0x4B08, 0x1903,
  0x2164, 0x18E3, 0x18C3, 0x2124, 0x4A48, 0x2124, 0x39C7, 0x31A6, 0x4207, 0x62EA, 0xCDD4, 0xDE76,
  0xCE15, 0xB532, 0x734B, 0x734B, 0xC5B3, 0xBD52, 0xBD52, 0x734B, 0x83AC, 0xB511, 0xC593, 0xC572,
  0xB531, 0xACF1, 0xAD11, 0xBD73, 0xCDF5, 0xDE56, 0xE697, 0xD636, 0xAD12, 0x7BAC, 0x5A88, 0x5247,
  0x5A68, 0x6AE9, 0x732A, 0x732A, 0x732A, 0x732B, 0x7B6B, 0x83CC, 0x942E, 0xA46F, 0xA48F, 0xA48F,
  0xACB0, 0x7B6B, 0xA4F1, 0xEF19, 0x8C2E, 0x7B8B, 0x838C, 0x8BED, 0x41E6, 0x10A2, 0x2104, 0x2145,
  0x2125, 0x2104, 0x2104, 0x2124, 0x2164, 0x2A05, 0x3A86, 0x42E7, 0x5389, 0x640B, 0x7CAE, 0x8D4F,
  0x856E, 0x640A, 0x63AB, 0x7D6E, 0x750D, 0x854E, 0x7D4E, 0x7CCD, 0x2144, 0x0000, 0x0041, 0x0021,
  0x0021, 0x0021, 0x0021, 0x0021, 0x0021, 0x0021, 0x0021, 0x0021, 0x0021, 0x0021, 0x0021, 0x0021,
  0x0021, 0x0021, 0x0021, 0x0021, 0x0021, 0x0021, 0x0021, 0x0041, 0x0021, 0x0021, 0x0021, 0x0021,
  0x0021, 0x0021, 0x0021, 0x0021, 0x0021, 0x0041, 0x0041, 0x0021, 0x0021, 0x0021, 0x0021, 0x0021,
  0x0021, 0x0021, 0x0021, 0x0021, 0x0021, 0x0021, 0x0021, 0x0021, 0x0021, 0x0021, 0x0021, 0x0021,
  0x0021, 0x0021, 0x0021, 0x0021, 0x0021, 0x0021, 0x0021, 0x0021, 0x0021, 0x0021, 0x0021, 0x0021,
  0x0021, 0x0021, 0x0021, 0x0021, 0x0021, 0x0021, 0x0021, 0x0021, 0x0021, 0x0041, 0x0000, 0x4B08,
  0x8DCF, 0x5BAA, 0x1943, 0x18E4, 0x1943, 0x1903, 0x18C3, 0x4228, 0x2945, 0x31A6, 0x31A6, 0x39C6,
  0x5268, 0xBD93, 0xE696, 0xD615, 0xDE35, 0xDE56, 0xDE56, 0x8C2E, 0xBD72, 0xBD52, 0xBD52, 0x5227,
  0x3144, 0x4206, 0x5247, 0x734B, 0xACD0, 0xC593, 0xBD72, 0xBD72, 0xB4F0, 0xB511, 0xB552, 0xC5B4,
  0xD636, 0xDE77, 0xD656, 0xBD73, 0x942F, 0x6B2B, 0x5248, 0x5247, 0x62A9, 0x6B0A, 0x734B, 0x734B,
  0x734B, 0x732A, 0x7B6B, 0x942D, 0x8BCD, 0x8C0E, 0xEEF8, 0xA4D1, 0x7B6B, 0x83CC, 0x7B8B, 0x8BCC,
  0x41E6, 0x10A3, 0x18E4, 0x1904, 0x2145, 0x2145, 0x2965, 0x2945, 0x2125, 0x2104, 0x1904, 0x2164,
  0x29E4, 0x3265, 0x42E7, 0x4B08, 0x5BAA, 0x4AE8, 0x7C8E, 0x7D0E, 0x852E, 0x7D0D, 0x856F, 0x6C2C,
  0x1923, 0x0000, 0x0041, 0x0021, 0x0021, 0x0021, 0x0021, 0x0021, 0x0041, 0x0021, 0x0021, 0x0021,
  0x0021, 0x0021, 0x0021, 0x0021, 0x0021, 0x0021, 0x0021, 0x0021, 0x0041, 0x0021, 0x0021, 0x0021,
  0x0021, 0x0021, 0x0021, 0x0021, 0x0021, 0x0021, 0x0021, 0x0021, 0x0021, 0x0021, 0x0021, 0x0021,
  0x0021, 0x0021, 0x0021, 0x0021, 0x0021, 0x0021, 0x0021, 0x0021, 0x0021, 0x0021, 0x0021, 0x0021,
  0x0021, 0x0021, 0x0021, 0x0021, 0x0021, 0x0021, 0x0021, 0x0021, 0x0021, 0x0021, 0x0021, 0x0021,
  0x0021, 0x0021, 0x0021, 0x0021, 0x0021, 0x0021, 0x0021, 0x0021, 0x0021, 0x0021, 0x0021, 0x0021,
  0x0041, 0x0000, 0x29A4, 0x858F, 0x746D, 0x21A4, 0x18C3, 0x18E4, 0x1924, 0x10C2, 0x4208, 0x2965,
  0x2965, 0x39C7, 0x39C7, 0x41E7, 0x9C6F, 0xE696, 0xD635, 0xDE56, 0xD635, 0xD635, 0xCE15, 0x8C0E,
  0xBD51, 0xBD52, 0xBD72, 0x62C9, 0x39A5, 0x4A06, 0x41C6, 0x5227, 0x736B, 0xC593, 0xBD52, 0xACF0,
  0x7BAC, 0x9C8F, 0xACF1, 0xB511, 0xB511, 0xB531, 0xBD93, 0xCDF5, 0xDE97, 0xDE97, 0xCDF4, 0xA4D0,
  0x736C, 0x5A88, 0x5268, 0x5A88, 0x6AE9, 0x734B, 0x7B6B, 0x6AEA, 0x630A, 0xE6D8, 0xC5B4, 0x732A,
  0x83AC, 0x83AC, 0x838C, 0x838B, 0x41C6, 0x10C3, 0x18E4, 0x18E4, 0x2125, 0x2145, 0x2145, 0x2145,
  0x2145, 0x2145, 0x2145, 0x2125, 0x2104, 0x2104, 0x1923, 0x2143, 0x3225, 0x3A86, 0x5389, 0x5389,
  0x5BAA, 0x6C4C, 0x6C0C, 0x3A86, 0x1943, 0x0000, 0x0041, 0x0021, 0x0021, 0x0021, 0x0021, 0x0021,
  0x0021, 0x0021, 0x0021, 0x0021, 0x0021, 0x0021, 0x0021, 0x0021, 0x0021, 0x0021, 0x0021, 0x0021,
  0x0021, 0x0021, 0x0041, 0x0021, 0x0021, 0x0021, 0x0021, 0x0021, 0x0041, 0x0021, 0x0021, 0x0021,
  0x0021, 0x0021, 0x0021, 0x0021, 0x0021, 0x0021, 0x0021, 0x0021, 0x0021, 0x0021, 0x0021, 0x0021,
  0x0021, 0x0021, 0x0021, 0x0021, 0x0021, 0x0021, 0x0021, 0x0021, 0x0021, 0x0021, 0x0021, 0x0021,
  0x0021, 0x0021, 0x0021, 0x0021, 0x0021, 0x0021, 0x0021, 0x0021, 0x0021, 0x0021, 0x0021, 0x0021,
  0x0021, 0x0021, 0x0021, 0x0041, 0x0000, 0x10C2, 0x7D0D, 0x852E, 0x3A66, 0x10C3, 0x18E4, 0x1904,
  0x10C2, 0x3185, 0x39E7, 0x2945, 0x39C7, 0x31A6, 0x41E7, 0x7BAC, 0xDE76, 0xD635, 0xDE56, 0xDE56,
  0xDE56, 0xDE56, 0xCDF4, 0x8C0E, 0xBD52, 0xB531, 0xBD73, 0x62E9, 0x3164, 0x39C5, 0x62C9, 0x62C9,
  0x7B8C, 0xC573, 0xBD52, 0xA4B0, 0x62EA, 0x62EA, 0x6B2B, 0x7B6C, 0x942E, 0xACD0, 0xB511, 0xB552,
  0xACD0, 0xB511, 0xC5B4, 0xD656, 0xE6B7, 0xD656, 0xB532, 0x83CD, 0x62C9, 0x5268, 0x5247, 0x5268,
  0xCDF5, 0xDE97, 0x83AD, 0x838B, 0x83AC, 0x83AC, 0x7B8B, 0x838B, 0x41C6, 0x10C2, 0x18E4, 0x18E4,
  0x2145, 0x2145, 0x2125, 0x2145, 0x2145, 0x2145, 0x2145, 0x2145, 0x2945, 0x2945, 0x2124, 0x29A5,
  0x20E4, 0x31E6, 0x53C9, 0x4B48, 0x5388, 0x5388, 0x3AA7, 0x3AA6, 0x1943, 0x0000, 0x0041, 0x0021,
  0x0021, 0x0021, 0x0021, 0x0021, 0x0021, 0x0021, 0x0021, 0x0021, 0x0021, 0x0021, 0x0021, 0x0021,
  0x0021, 0x0021, 0x0021, 0x0021, 0x0021, 0x0021, 0x0041, 0x0021, 0x0041, 0x0021, 0x0021, 0x0021,
  0x0021, 0x0021, 0x0021, 0x0021, 0x0021, 0x0021, 0x0021, 0x0021, 0x0021, 0x0021, 0x0021, 0x0021,
  0x0021, 0x0021, 0x0021, 0x0021, 0x0021, 0x0021, 0x0021, 0x0021, 0x0021, 0x0021, 0x0021, 0x0021,
  0x0021, 0x0021, 0x0021, 0x0021, 0x0021, 0x0021, 0x0021, 0x0021, 0x0021, 0x0021, 0x0021, 0x0021,
  0x0021, 0x0021, 0x0021, 0x0021, 0x0021, 0x0021, 0x0021, 0x0041, 0x0020, 0x642B, 0x8DAF, 0x4B08,
  0x1902, 0x18E4, 0x1904, 0x10C3, 0x2124, 0x4228, 0x2104, 0x4247, 0x3A27, 0x31A6, 0x5AC9, 0xCDF4,
  0xD635, 0xDE35, 0xDE56, 0xDE56, 0xDE56, 0xDE56, 0xCE15, 0x8C0E, 0xB531, 0xB531, 0xBD52, 0x62A9,
  0x20E3, 0x5247, 0x6B0A, 0x62C9, 0x734B, 0xC572, 0xBD52, 0xACD0, 0x5A89, 0x2944, 0x4A27, 0x5268,
  0x5A89, 0x6B0B, 0x736C, 0x83CD, 0xC572, 0xBD72, 0xB531, 0xB511, 0xB532, 0xBD93, 0xD636, 0xE6B7,
  0xDE97, 0xC5D4, 0x8C2E, 0xAD11, 0xEED8, 0x942E, 0x7B8B, 0x83AC, 0x83AC, 0x83AC, 0x7B4B, 0x7B6B,
  0x4A06, 0x0862, 0x18E3, 0x18E3, 0x18E4, 0x2145, 0x2965, 0x2145, 0x2145, 0x2145, 0x2145, 0x2145,
  0x2125, 0x2145, 0x2124, 0x2985, 0x2125, 0x29C5, 0x42A7, 0x4B28, 0x42A7, 0x4B68, 0x4B08, 0x3AA6,
  0x1943, 0x0000, 0x0041, 0x0021, 0x0021, 0x0021, 0x0021, 0x0021, 0x0021, 0x0021, 0x0021, 0x0021,
  0x0021, 0x0021, 0x0021, 0x0021, 0x0021, 0x0021, 0x0021, 0x0021, 0x0041, 0x0021, 0x0021, 0x0021,
  0x0021, 0x0021, 0x0021, 0x0021, 0x0021, 0x0021, 0x0021, 0x0021, 0x0021, 0x0021, 0x0021, 0x0021,
  0x0021, 0x0021, 0x0021, 0x0021, 0x0021, 0x0021, 0x0021, 0x0021, 0x0021, 0x0021, 0x0021, 0x0021,
  0x0021, 0x0021, 0x0021, 0x0021, 0x0021, 0x0021, 0x0021, 0x0021, 0x0021, 0x0021, 0x0021, 0x0021,
  0x0021, 0x0021, 0x0021, 0x0021, 0x0021, 0x0021, 0x0021, 0x0021, 0x0021, 0x0021, 0x0041, 0x0000,
  0x3A87, 0x8DAF, 0x63EB, 0x1943, 0x18C3, 0x18E4, 0x18E3, 0x18C3, 0x5269, 0x2945, 0x31A6, 0x31A6,
  0x39E7, 0x4A27, 0xA4B0, 0xDE55, 0xD635, 0xDE56, 0xDE76, 0xDE56, 0xDE55, 0xDE56, 0xD615, 0x83AC,
  0xBD31, 0xB511, 0xB531, 0x5AA9, 0x5AA9, 0x5A88, 0x5247, 0x41C6, 0x734B, 0xC593, 0xBD52, 0xA4B0,
  0x5A89, 0x3165, 0x6B0A, 0x83AC, 0x732A, 0x5AA8, 0x4A28, 0x62C9, 0xC572, 0xBD52, 0xBD72, 0xC593,
  0xCDB3, 0xC592, 0xBD52, 0xAD11, 0xB532, 0xC5B4, 0xDE97, 0xE6D8, 0xA4D0, 0x734A, 0x83CC, 0x83AC,
  0x83AC, 0x7B8B, 0x734A, 0x5AA8, 0x4A47, 0x41E6, 0x31A5, 0x31C3, 0x2123, 0x2144, 0x2124, 0x2125,
  0x2965, 0x2945, 0x2145, 0x2145, 0x2145, 0x2965, 0x2945, 0x2145, 0x2145, 0x1903, 0x5BEA, 0x7D2D,
  0x3A66, 0x3AC6, 0x4B08, 0x3A86, 0x1943, 0x0000, 0x0041, 0x0021, 0x0021, 0x0021, 0x0021, 0x0021,
  0x0021, 0x0021, 0x0021, 0x0021, 0x0021, 0x0021, 0x0021, 0x0021, 0x0021, 0x0021, 0x0021, 0x0021,
  0x0021, 0x0021, 0x0021, 0x0021, 0x0021, 0x0021, 0x0021, 0x0021, 0x0021, 0x0021, 0x0021, 0x0021,
  0x0021, 0x0021, 0x0021, 0x0021, 0x0021, 0x0021, 0x0021, 0x0021, 0x0021, 0x0021, 0x0021, 0x0021,
  0x0021, 0x0021, 0x0021, 0x0021, 0x0021, 0x0021, 0x0021, 0x0021, 0x0021, 0x0021, 0x0021, 0x0021,
  0x0021, 0x0021, 0x0021, 0x0021, 0x0021, 0x0021, 0x0021, 0x0021, 0x0021, 0x0021, 0x0021, 0x0021,
  0x0021, 0x0041, 0x0000, 0x2164, 0x640A, 0x5BAA, 0x2A04, 0x10C3, 0x18E4, 0x1904, 0x10A3, 0x4228,
  0x31A6, 0x2965, 0x39C7, 0x39C7, 0x4227, 0x9C6F, 0xDE76, 0xCDF5, 0xD635, 0xD656, 0xD635, 0xD635,
  0xD635, 0xDE76, 0x9CB0, 0x62E9, 0xA4AF, 0xACF0, 0xB511, 0xACF1, 0xB532, 0xAD12, 0x9C6F, 0x734B,
  0x7B6C, 0xC572, 0xBD51, 0xA4B0, 0x5AA9, 0x3164, 0x6AE9, 0x83AC, 0x83AC, 0x7B8B, 0x4A07, 0x6AEA,
  0xBD52, 0xBD52, 0xB532, 0x5AA9, 0x6B0A, 0x9C6F, 0xB532, 0xC593, 0xBD52, 0xB511, 0xB552, 0xB532,
  0x7B8B, 0x838B, 0x83AC, 0x83CC, 0x83CC, 0x7B8B, 0x6AE9, 0x4A27, 0x4A47, 0x5287, 0x4245, 0x6347,
  0x6367, 0x5AE6, 0x3184, 0x2945, 0x18E4, 0x2124, 0x2145, 0x2965, 0x2965, 0x2966, 0x2965, 0x2965,
  0x18C4, 0x4AC8, 0x8DAF, 0x63EB, 0x1922, 0x3265, 0x42C7, 0x3AA6, 0x1943, 0x0000, 0x0041, 0x0021,
  0x0021, 0x0021, 0x0021, 0x0021, 0x0021, 0x0021, 0x0021, 0x0021, 0x0021, 0x0021, 0x0021, 0x0021,
  0x0021, 0x0021, 0x0021, 0x0021, 0x0021, 0x0021, 0x0021, 0x0021, 0x0021, 0x0021, 0x0021, 0x0021,
  0x0021, 0x0041, 0x0021, 0x0021, 0x0021, 0x0021, 0x0021, 0x0021, 0x0021, 0x0021, 0x0021, 0x0021,
  0x0021, 0x0021, 0x0021, 0x0021, 0x0021, 0x0021, 0x0021, 0x0021, 0x0021, 0x0021, 0x0021, 0x0021,
  0x0021, 0x0021, 0x0021, 0x0021, 0x0021, 0x0021, 0x0021, 0x0021, 0x0021, 0x0021, 0x0021, 0x0021,
  0x0021, 0x0021, 0x0021, 0x0021, 0x0041, 0x0000, 0x10A2, 0x74EC, 0x7CED, 0x29E4, 0x18E3, 0x18E4,
  0x18E3, 0x10A2, 0x31A6, 0x39E7, 0x2945, 0x39C7, 0x31A6, 0x41E7, 0x7B8C, 0xDE76, 0xDE56, 0xD635,
  0xD635, 0xDE76, 0xD635, 0xD635, 0xD635, 0xD635, 0x7BAC, 0x8C0E, 0x83ED, 0x83AC, 0x8C0D, 0xA4B0,
  0xACF0, 0xB531, 0xB552, 0xB552, 0xA4B0, 0xB531, 0xBD52, 0xA4B0, 0x5AA9, 0x3185, 0x6AE9, 0x838C,
  0x7B6B, 0x7B6B, 0x5248, 0x62EA, 0xBD52, 0xBD72, 0xB511, 0x4A27, 0x4A27, 0x62A9, 0x5A88, 0x62E9,
  0xACF0, 0xC593, 0xC593, 0xB511, 0x7B8B, 0x83AC, 0x838C, 0x83AC, 0x7B6B, 0x734A, 0x5A88, 0x5247,
  0x5A88, 0x2983, 0x52E5, 0x6BA7, 0x6BA7, 0x5B46, 0x4225, 0x5AC9, 0x732B, 0x3165, 0x2124, 0x1904,
  0x2125, 0x2125, 0x2965, 0x29C5, 0x31C6, 0x854E, 0x7CAD, 0x29E5, 0x10A2, 0x3265, 0x42C7, 0x3AC6,
  0x1943, 0x0000, 0x0041, 0x0021, 0x0021, 0x0021, 0x0021, 0x0021, 0x0021, 0x0021, 0x0021, 0x0021,
  0x0021, 0x0021, 0x0021, 0x0021, 0x0021, 0x0021, 0x0021, 0x0021, 0x0021, 0x0021, 0x0021, 0x0021,
  0x0021, 0x0041, 0x0021, 0x0021, 0x0021, 0x0021, 0x0021, 0x0021, 0x0021, 0x0021, 0x0021, 0x0021,
  0x0021, 0x0021, 0x0021, 0x0021, 0x0021, 0x0021, 0x0021, 0x0021, 0x0021, 0x0021, 0x0021, 0x0021,
  0x0021, 0x0021, 0x0021, 0x0021, 0x0021, 0x0021, 0x0021, 0x0021, 0x0021, 0x0021, 0x0021, 0x0021,
  0x0021, 0x0021, 0x0021, 0x0021, 0x0021, 0x0021, 0x0021, 0x0021, 0x0041, 0x0000, 0x5BEA, 0x8DAF,
  0x5329, 0x1102, 0x18E3, 0x1904, 0x10C3, 0x2124, 0x4A48, 0x2144, 0x39C7, 0x31A6, 0x39C6, 0x62EA,
  0xD615, 0xDE56, 0xD635, 0xD635, 0xDE56, 0xDE56, 0xDE56, 0xDE56, 0xD635, 0xDE56, 0x7B8C, 0x62C9,
  0x734B, 0x83AC, 0x83ED, 0x8C0E, 0x8C0E, 0x8C0E, 0x9C6F, 0xACD0, 0xB531, 0xB531, 0xBD72, 0xA4B0,
  0x5A89, 0x3185, 0x6B0A, 0x838C, 0x838C, 0x7B6B, 0x5268, 0x62C9, 0xBD52, 0xBD52, 0xB511, 0x5268,
  0x5A88, 0x7B4B, 0x732A, 0x5267, 0x942E, 0xC5B3, 0xBD52, 0xB511, 0x7B6B, 0x83CC, 0x83AC, 0x7B8B,
  0x7B4B, 0x5A88, 0x5248, 0x5A88, 0x29A3, 0x2182, 0x52E5, 0x6386, 0x5B05, 0x5B46, 0x31E3, 0x4226,
  0x942E, 0x4A07, 0xA48F, 0x83CC, 0x5288, 0x3165, 0x18C3, 0x2145, 0x74CD, 0x854E, 0x3A87, 0x1923,
  0x1924, 0x3285, 0x3AA6, 0x3A86, 0x2143, 0x0881, 0x0021, 0x0021, 0x0021, 0x0021, 0x0021, 0x0021,
  0x0021, 0x0021, 0x0021, 0x0021, 0x0021, 0x0021, 0x0021, 0x0021, 0x0021, 0x0021, 0x0021, 0x0021,
  0x0021, 0x0021, 0x0021, 0x0021, 0x0021, 0x0021, 0x0021, 0x0021, 0x0021, 0x0021, 0x0021, 0x0021,
  0x0021, 0x0021, 0x0021, 0x0021, 0x0021, 0x0021, 0x0021, 0x0021, 0x0021, 0x0021, 0x0021, 0x0021,
  0x0021, 0x0021, 0x0021, 0x0021, 0x0021, 0x0021, 0x0021, 0x0021, 0x0021, 0x0021, 0x0021, 0x0021,
  0x0021, 0x0021, 0x0021, 0x0021, 0x0021, 0x0021, 0x0021, 0x0021, 0x0021, 0x0021, 0x0021, 0x0041,
  0x0000, 0x42A7, 0x8DCF, 0x63CB, 0x2163, 0x2143, 0x1903, 0x1904, 0x18E3, 0x4A48, 0x2945, 0x31A6,
  0x31C6, 0x39C7, 0x5248, 0xBD73, 0xDE56, 0xD615, 0xD635, 0xD635, 0xDE56, 0xDE76, 0xDE56, 0xD635,
  0xD636, 0xDE56, 0xBD93, 0x8C0D, 0x6B2B, 0x62C9, 0x62C9, 0x732A, 0x7B8C, 0x83ED, 0x8BED, 0x83CD,
  0x83CD, 0x940E, 0xACD0, 0x944E, 0x5AA9, 0x3185, 0x6B0A, 0x83AC, 0x83AC, 0x7B8B, 0x5248, 0x62C9,
  0xBD51, 0xBD52, 0xB511, 0x5268, 0x5AA8, 0x734A, 0x732A, 0x5AA8, 0x942E, 0xC593, 0xBD52, 0xB532,
  0x7B8B, 0x83AC, 0x838C, 0x83AC, 0x62C9, 0x4A47, 0x5268, 0x6B0A, 0x4A47, 0x4A46, 0x3A04, 0x3A03,
  0x31E2, 0x3A03, 0x31E3, 0x83CD, 0x5248, 0x5AA8, 0xCDF4, 0xDE76, 0xD614, 0xC592, 0x7B4B, 0x4B48,
  0x8DCF, 0x5B8A, 0x1923, 0x2124, 0x1903, 0x3225, 0x3AA6, 0x29E4, 0x42E7, 0x5389, 0x0000, 0x0021,
  0x0021, 0x0021, 0x0021, 0x0021, 0x0021, 0x0021, 0x0021, 0x0021, 0x0021, 0x0021, 0x0021, 0x0021,
  0x0021, 0x0021, 0x0021, 0x0021, 0x0021, 0x0021, 0x0021, 0x0021, 0x0021, 0x0021, 0x0021, 0x0021,
  0x0021, 0x0021, 0x0021, 0x0021, 0x0021, 0x0021, 0x0021, 0x0021, 0x0021, 0x0021, 0x0021, 0x0021,
  0x0021, 0x0021, 0x0021, 0x0021, 0x0021, 0x0021, 0x0021, 0x0021, 0x0021, 0x0021, 0x0021, 0x0021,
  0x0021, 0x0021, 0x0021, 0x0021, 0x0021, 0x0021, 0x0021, 0x0021, 0x0021, 0x0021, 0x0021, 0x0021,
  0x0021, 0x0021, 0x0041, 0x0000, 0x2143, 0x858E, 0x7CCD, 0x21A4, 0x1903, 0x2163, 0x18E4, 0x18C3,
  0x4228, 0x3185, 0x31C6, 0x3A07, 0x39C7, 0x4207, 0x9C6F, 0xE676, 0xD635, 0xD635, 0xDE56, 0xDE35,
  0xDE56, 0xDE56, 0xDE56, 0xD635, 0xDE56, 0xD635, 0xD635, 0xE676, 0xD635, 0xC593, 0x9C8F, 0x736B,
  0x5AA9, 0x5AA9, 0x6AEA, 0x7B8C, 0x8BCD, 0x8BED, 0x8BED, 0x734B, 0x5A89, 0x3185, 0x6B0A, 0x83AC,
  0x838C, 0x7B4B, 0x4A48, 0x62C9, 0xB531, 0xB531, 0xACF1, 0x4A06, 0x49E6, 0x62A8, 0x730A, 0x5A88,
  0x8C0D, 0xC593, 0xBD72, 0xB532, 0x7B8B, 0x838C, 0x838C, 0x732A, 0x5A88, 0x4A07, 0x3185, 0x5A88,
  0x6AEA, 0x8BEE, 0x8BED, 0x736B, 0x5267, 0x4224, 0x7BCC, 0x732B, 0x41E6, 0xBD72, 0xD635, 0xD615,
  0xD656, 0xDE56, 0x740D, 0x7D4D, 0x746C, 0x21A4, 0x18C3, 0x1904, 0x10A3, 0x3225, 0x3245, 0x3225,
  0x642B, 0x3246, 0x0041, 0x0021, 0x0021, 0x0021, 0x0021, 0x0021, 0x0021, 0x0021, 0x0021, 0x0021,
  0x0021, 0x0021, 0x0021, 0x0021, 0x0021, 0x0021, 0x0021, 0x0021, 0x0021, 0x0021, 0x0021, 0x0021,
  0x0021, 0x0021, 0x0021, 0x0021, 0x0021, 0x0021, 0x0021, 0x0021, 0x0021, 0x0021, 0x0021, 0x0021,
  0x0021, 0x0021, 0x0021, 0x0021, 0x0021, 0x0021, 0x0021, 0x0021, 0x0021, 0x0021, 0x0021, 0x0021,
  0x0021, 0x0021, 0x0021, 0x0021, 0x0021, 0x0021, 0x0021, 0x0021, 0x0021, 0x0021, 0x0021, 0x0021,
  0x0021, 0x0021, 0x0021, 0x0021, 0x0021, 0x0041, 0x0020, 0x0881, 0x74AC, 0x854E, 0x3A86, 0x18E3,
  0x18E3, 0x1943, 0x10C3, 0x39C6, 0x4207, 0x2945, 0x3A27, 0x31C5, 0x39C6, 0x736B, 0xDE76, 0xD636,
  0xD635, 0xDE56, 0xDE35, 0xDE56, 0xDE56, 0xDE76, 0xDE56, 0xDE56, 0xDE56, 0xDE56, 0xD615, 0xD615,
  0xD635, 0xDE56, 0xE676, 0xDE76, 0xCDD4, 0xA4D0, 0x83CD, 0x6B0A, 0x5A88, 0x62A9, 0x6B0A, 0x732B,
  0x62CA, 0x3165, 0x6B0A, 0x83AC, 0x940D, 0x8BED, 0x5248, 0x62C9, 0xBD52, 0xB531, 0xACD0, 0x6B2A,
  0x7B6C, 0x62E9, 0x5AA8, 0x41C5, 0x8BED, 0xC593, 0xBD72, 0xB511, 0x7B6B, 0x83AC, 0x7B8B, 0x5A88,
  0x5268, 0x39C5, 0x5A88, 0x5247, 0x4206, 0x5268, 0x62C9, 0x7BAC, 0x944F, 0x944F, 0x83AD, 0x3164,
  0x942E, 0xE677, 0xD636, 0xD635, 0xE696, 0x8C4E, 0x6CCC, 0x852F, 0x3A46, 0x10C3, 0x18E4, 0x18E4,
  0x18E3, 0x1903, 0x21A4, 0x5BEA, 0x4B28, 0x2A25, 0x0021, 0x0021, 0x0021, 0x0021, 0x0021, 0x0021,
  0x0021, 0x0021, 0x0021, 0x0021, 0x0021, 0x0021, 0x0021, 0x0021, 0x0021, 0x0021, 0x0021, 0x0021,
  0x0021, 0x0041, 0x0021, 0x0021, 0x0021, 0x0021, 0x0021, 0x0021, 0x0021, 0x0021, 0x0021, 0x0021,
  0x0021, 0x0021, 0x0021, 0x0021, 0x0021, 0x0021, 0x0021, 0x0021, 0x0021, 0x0021, 0x0021, 0x0021,
  0x0021, 0x0021, 0x0021, 0x0021, 0x0021, 0x0021, 0x0021, 0x0021, 0x0021, 0x0021, 0x0021, 0x0021,
  0x0021, 0x0021, 0x0021, 0x0021, 0x0021, 0x0021, 0x0021, 0x0021, 0x0021, 0x0041, 0x0000, 0x53AA,
  0x8DD0, 0x5349, 0x1902, 0x18E4, 0x2104, 0x2143, 0x2144, 0x4A48, 0x2124, 0x31A6, 0x31A6, 0x39C6,
  0x5AA9, 0xCDF4, 0xDE55, 0xD635, 0xD635, 0xDE56, 0xDE56, 0xDE56, 0xDE76, 0xDE76, 0xDE56, 0xDE56,
  0xDE56, 0xDE56, 0xDE56, 0xD635, 0xD635, 0xD635, 0xD635, 0xD615, 0xDE35, 0xDE76, 0xDE76, 0xD614,
  0xB511, 0x8C2E, 0x732B, 0x5A88, 0x39A6, 0x41E6, 0xA48F, 0xACF0, 0xB510, 0xB511, 0x62EA, 0x5A88,
  0x9C4E, 0xACD0, 0xB511, 0xBD72, 0xBD73, 0xB532, 0xACF1, 0x7B8C, 0x942E, 0xC572, 0xBD52, 0xACF1,
  0x734B, 0x83AC, 0x62C9, 0x5AA9, 0x39A5, 0x6AE9, 0x9C6E, 0xACF0, 0x9C8F, 0x942E, 0x7B8C, 0x62E9,
  0x5A88, 0x62EA, 0x3985, 0x734B, 0xDE55, 0xD656, 0xD635, 0xDE76, 0xACD1, 0x5BEA, 0x8DD0, 0x4B28,
  0x1902, 0x18C4, 0x18E3, 0x18E4, 0x18C3, 0x29C4, 0x6C8C, 0x4B49, 0x3285, 0x1102, 0x0000, 0x0041,
  0x0021, 0x0021, 0x0021, 0x0021, 0x0021, 0x0021, 0x0021, 0x0021, 0x0021, 0x0021, 0x0021, 0x0021,
  0x0021, 0x0021, 0x0021, 0x0021, 0x0021, 0x0021, 0x0021, 0x0021, 0x0021, 0x0021, 0x0021, 0x0021,
  0x0021, 0x0021, 0x0021, 0x0021, 0x0021, 0x0021, 0x0021, 0x0021, 0x0021, 0x0021, 0x0021, 0x0021,
  0x0021, 0x0021, 0x0021, 0x0021, 0x0021, 0x0021, 0x0021, 0x0021, 0x0021, 0x0021, 0x0021, 0x0021,
  0x0021, 0x0021, 0x0021, 0x0021, 0x0021, 0x0021, 0x0021, 0x0021, 0x0021, 0x0021, 0x0021, 0x0021,
  0x0041, 0x0000, 0x3246, 0x8DCF, 0x6C2C, 0x1963, 0x18C3, 0x1904, 0x1904, 0x10C2, 0x4A68, 0x2945,
  0x3186, 0x31A6, 0x39C7, 0x4A48, 0xB552, 0xDE76, 0xD635, 0xD635, 0xDE35, 0xDE56, 0xDE56, 0xDE76,
  0xDE76, 0xDE56, 0xDE56, 0xDE56, 0xDE56, 0xD635, 0xD656, 0xD635, 0xD635, 0xD635, 0xDE56, 0xDE56,
  0xDE56, 0xD635, 0xD615, 0xD635, 0xDE56, 0xDE76, 0xDE56, 0xC5B3, 0x9C6F, 0xACF1, 0xBD72, 0xBD72,
  0xCDD4, 0xCE15, 0x62EA, 0x62C9, 0x83CD, 0x8C0E, 0x940E, 0x942E, 0xA48F, 0xACF0, 0xBD52, 0xB531,
  0xB511, 0xB531, 0xBD31, 0xACD0, 0x7B8B, 0x734A, 0x5AA9, 0x41E6, 0x5247, 0xA48F, 0xACF0, 0xCDD4,
  0xD635, 0xE697, 0xE696, 0xD615, 0xB552, 0x8BED, 0x7B8C, 0xD615, 0xDE56, 0xD635, 0xDE56, 0xD636,
  0x638A, 0x7D6E, 0x6C4C, 0x2163, 0x18C3, 0x18E3, 0x18E4, 0x18E3, 0x10C2, 0x53C9, 0x642B, 0x3AA6,
  0x21A4, 0x0000, 0x0021, 0x0021, 0x0021, 0x0021, 0x0021, 0x0021, 0x0021, 0x0021, 0x0021, 0x0021,
  0x0021, 0x0021, 0x0021, 0x0021, 0x0021, 0x0021, 0x0021, 0x0021, 0x0021, 0x0021, 0x0021, 0x0021,
  0x0021, 0x0021, 0x0021, 0x0021, 0x0021, 0x0021, 0x0021, 0x0021, 0x0021, 0x0021, 0x0021, 0x0021,
  0x0021, 0x0021, 0x0021, 0x0021, 0x0021, 0x0021, 0x0021, 0x0021, 0x0021, 0x0021, 0x0041, 0x0021,
  0x0021, 0x0021, 0x0021, 0x0021, 0x0021, 0x0021, 0x0021, 0x0021, 0x0021, 0x0021, 0x0021, 0x0021,
  0x0021, 0x0021, 0x0021, 0x0041, 0x0000, 0x1943, 0x856E, 0x7CEE, 0x2A05, 0x10C3, 0x18E4, 0x1904,
  0x10A2, 0x4228, 0x31A6, 0x2945, 0x39A7, 0x31C6, 0x4207, 0x944F, 0xDE76, 0xD635, 0xD636, 0xD636,
  0xDE56, 0xDE56, 0xDE56, 0xDE56, 0xDE56, 0xDE56, 0xDE56, 0xDE56, 0xDE56, 0xDE56, 0xD635, 0xD635,
  0xD635, 0xD635, 0xD635, 0xDE56, 0xDE76, 0xDE56, 0xDE36, 0xDE56, 0xDE56, 0xD615, 0xD614, 0xDE56,
  0xE696, 0xDE76, 0xD615, 0xC5B3, 0xC5B4, 0xB531, 0x4A27, 0x41E6, 0x732A, 0x83AC, 0x83CC, 0x83CD,
  0x83ED, 0x8C0E, 0x944E, 0x9C6E, 0xACD0, 0xB511, 0xBD52, 0xAD11, 0x734A, 0x62A9, 0x5268, 0x41E6,
  0x940D, 0xB4F1, 0xDE35, 0xD635, 0xD615, 0xD635, 0xD635, 0xD635, 0xDE76, 0xE697, 0xE676, 0xDE36,
  0xD615, 0xD635, 0xE676, 0x7BCC, 0x646B, 0x850E, 0x2A05, 0x10C3, 0x1904, 0x18E3, 0x18E4, 0x10A2,
  0x5388, 0x6C6C, 0x3AA7, 0x3245, 0x0021, 0x0021, 0x0021, 0x0021, 0x0021, 0x0021, 0x0021, 0x0021,
  0x0021, 0x0021, 0x0021, 0x0021, 0x0021, 0x0021, 0x0021, 0x0021, 0x0021, 0x0021, 0x0021, 0x0021,
  0x0021, 0x0021, 0x0021, 0x0021, 0x0021, 0x0021, 0x0021, 0x0021, 0x0021, 0x0021, 0x0021, 0x0021,
  0x0021, 0x0021, 0x0021, 0x0021, 0x0021, 0x0021, 0x0021, 0x0021, 0x0021, 0x0021, 0x0021, 0x0041,
  0x0021, 0x0021, 0x0021, 0x0021, 0x0021, 0x0021, 0x0021, 0x0021, 0x0021, 0x0021, 0x0021, 0x0021,
  0x0021, 0x0021, 0x0021, 0x0021, 0x0021, 0x0021, 0x0041, 0x0021, 0x0021, 0x4B28, 0x74AD, 0x42E7,
  0x18E3, 0x18E4, 0x1904, 0x10A3, 0x3185, 0x4207, 0x2945, 0x31A6, 0x3186, 0x39C6, 0x7B8C, 0xE697,
  0xDE56, 0xDE56, 0xDE56, 0xDE56, 0xDE56, 0xD635, 0xDE56, 0xDE76, 0xDE56, 0xDE56, 0xDE56, 0xDE56,
  0xDE56, 0xDE56, 0xD635, 0xDE56, 0xDE56, 0xDE56, 0xDE56, 0xDE56, 0xDE56, 0xDE76, 0xDE56, 0xDE56,
  0xDE76, 0xDE76, 0xDE76, 0xDE56, 0xD635, 0xD635, 0xDE56, 0xDE76, 0xDE56, 0xD635, 0xC593, 0xA4B0,
  0x83CD, 0x62C9, 0x62A9, 0x6B0A, 0x734B, 0x83AC, 0x83CD, 0x83ED, 0x8C0E, 0x942E, 0x9C8F, 0x942E,
  0x5AA8, 0x6AEA, 0x39C5, 0x7B6B, 0xACD0, 0xD615, 0xD635, 0xD615, 0xD615, 0xD615, 0xD635, 0xDE56,
  0xDE76, 0xD636, 0xD635, 0xD635, 0xD635, 0xE6B7, 0xAD12, 0x42E7, 0x5BCA, 0x42E7, 0x1923, 0x18E4,
  0x18E3, 0x1904, 0x10A3, 0x3A66, 0x7D2E, 0x4B49, 0x3AA6, 0x08A2, 0x0001, 0x0041, 0x0021, 0x0021,
  0x0021, 0x0021, 0x0021, 0x0021, 0x0021, 0x0021, 0x0021, 0x0021, 0x0021, 0x0021, 0x0021, 0x0021,
  0x0021, 0x0021, 0x0021, 0x0021, 0x0021, 0x0021, 0x0021, 0x0021, 0x0021, 0x0021, 0x0021, 0x0021,
  0x0021, 0x0021, 0x0021, 0x0021, 0x0021, 0x0021, 0x0021, 0x0021, 0x0021, 0x0021, 0x0021, 0x0021,
  0x0021, 0x0021, 0x0021, 0x0021, 0x0021, 0x0041, 0x0021, 0x0021, 0x0021, 0x0041, 0x0021, 0x0021,
  0x0021, 0x0021, 0x0021, 0x0021, 0x0021, 0x0021, 0x0021, 0x0021, 0x0021, 0x0021, 0x0041, 0x0000,
  0x4B28, 0x7CED, 0x42A7, 0x1902, 0x18E4, 0x2104, 0x10C3, 0x2124, 0x4A69, 0x20E4, 0x31A6, 0x31A6,
  0x39E7, 0x5AA9, 0xCDF4, 0xDE56, 0xDE56, 0xDE56, 0xDE56, 0xDE56, 0xDE56, 0xD656, 0xDE56, 0xDE56,
  0xDE56, 0xDE56, 0xDE76, 0xDE56, 0xD635, 0xD635, 0xDE56, 0xDE56, 0xDE55, 0xDE56, 0xDE76, 0xDE56,
  0xDE56, 0xDE76, 0xDE56, 0xD635, 0xDE56, 0xDE76, 0xDE56, 0xDE56, 0xDE56, 0xDE56, 0xDE56, 0xDE56,
  0xD635, 0xD635, 0xDE76, 0xE696, 0xDE76, 0xCDF4, 0xB511, 0x8BED, 0x6B0A, 0x5AA9, 0x62C9, 0x734B,
  0x83AC, 0x83CD, 0x8BED, 0x8BED, 0x7B8C, 0x41E6, 0x6B0A, 0xA48F, 0xCDD4, 0xDE55, 0xD635, 0xD615,
  0xD635, 0xD636, 0xD656, 0xDE56, 0xDE76, 0xDE56, 0xDE56, 0xDE56, 0xDE76, 0xCDB4, 0x5B69, 0x7D2D,
  0x5369, 0x10C1, 0x18E4, 0x1904, 0x1904, 0x18C4, 0x2184, 0x6CAC, 0x536A, 0x3AA6, 0x1943, 0x0000,
  0x0041, 0x0021, 0x0021, 0x0021, 0x0021, 0x0041, 0x0021, 0x0021, 0x0021, 0x0021, 0x0021, 0x0021,
  0x0021, 0x0021, 0x0021, 0x0021, 0x0021, 0x0021, 0x0021, 0x0021, 0x0021, 0x0021, 0x0021, 0x0041,
  0x0021, 0x0021, 0x0021, 0x0041, 0x0021, 0x0021, 0x0021, 0x0021, 0x0021, 0x0021, 0x0021, 0x0021,
  0x0021, 0x0021, 0x0021, 0x0021, 0x0021, 0x0021, 0x0021, 0x0021, 0x0021, 0x0041, 0x0021, 0x0021,
  0x0041, 0x0021, 0x0021, 0x0021, 0x0021, 0x0021, 0x0021, 0x0021, 0x0021, 0x0021, 0x0021, 0x0021,
  0x0021, 0x0041, 0x0000, 0x3226, 0x85AF, 0x6C4C, 0x2183, 0x10A2, 0x1904, 0x1904, 0x18E3, 0x4A68,
  0x2124, 0x3A07, 0x3A07, 0x31A6, 0x5248, 0xACF1, 0xDE76, 0xD615, 0xD635, 0xDE56, 0xDE56, 0xDE55,
  0xD635, 0xDE56, 0xDE56, 0xDE56, 0xDE56, 0xDE56, 0xDE35, 0xD635, 0xD635, 0xD635, 0xDE56, 0xD635,
  0xDE76, 0xDE56, 0xDE56, 0xDE76, 0xDE76, 0xDE56, 0xDE56, 0xDE56, 0xDE56, 0xDE55, 0xDE56, 0xDE56,
  0xD635, 0xDE56, 0xDE76, 0xDE35, 0xD635, 0xD635, 0xDE56, 0xD615, 0xD615, 0xDE56, 0xDE76, 0xDE76,
  0xDE36, 0xBD73, 0x9C6F, 0x7B6C, 0x62A9, 0x5AA9, 0x62E9, 0x7B6C, 0x5247, 0x5247, 0x9C6F, 0xC5B3,
  0xDE56, 0xD635, 0xDE56, 0xD635, 0xD635, 0xD615, 0xDE56, 0xDE36, 0xD635, 0xD635, 0xDE56, 0xD635,
  0xDE76, 0x7BED, 0x74EC, 0x748C, 0x29C4, 0x18E3, 0x18E4, 0x1904, 0x1904, 0x10C3, 0x53C9, 0x642B,
  0x3AC6, 0x29E4, 0x0000, 0x0021, 0x0021, 0x0021, 0x0021, 0x0021, 0x0021, 0x0021, 0x0021, 0x0021,
  0x0021, 0x0021, 0x0021, 0x0021, 0x0021, 0x0021, 0x0021, 0x0021, 0x0021, 0x0021, 0x0021, 0x0021,
  0x0021, 0x0021, 0x0021, 0x0021, 0x0021, 0x0021, 0x0021, 0x0021, 0x0021, 0x0021, 0x0021, 0x0021,
  0x0021, 0x0021, 0x0021, 0x0021, 0x0021, 0x0021, 0x0021, 0x0021, 0x0041, 0x0021, 0x0021, 0x0021,
  0x0021, 0x0021, 0x0021, 0x0021, 0x0021, 0x0021, 0x0021, 0x0021, 0x0021, 0x0021, 0x0021, 0x0021,
  0x0021, 0x0021, 0x0021, 0x0021, 0x0041, 0x0000, 0x18E3, 0x7D2E, 0x7D0E, 0x29E5, 0x1102, 0x2124,
  0x1904, 0x10A2, 0x4228, 0x31C6, 0x2945, 0x3A06, 0x31C6, 0x39C6, 0x944F, 0xE697, 0xD656, 0xDE56,
  0xDE56, 0xDE56, 0xDE56, 0xDE55, 0xDE56, 0xDE56, 0xDE76, 0xDE76, 0xDE56, 0xDE56, 0xD635, 0xD635,
  0xDE56, 0xDE56, 0xDE56, 0xDE56, 0xDE56, 0xDE56, 0xDE56, 0xDE56, 0xDE56, 0xDE56, 0xDE56, 0xDE76,
  0xDE56, 0xDE56, 0xDE56, 0xDE56, 0xD656, 0xDE55, 0xDE56, 0xDE56, 0xDE56, 0xDE56, 0xD635, 0xDE76,
  0xDE56, 0xD635, 0xD656, 0xD635, 0xD635, 0xDE35, 0xE676, 0xDE56, 0xCDF4, 0xACF1, 0x83CD, 0x62C9,
  0x4A27, 0xACD0, 0xCDF4, 0xDE56, 0xD635, 0xD636, 0xD635, 0xDE56, 0xD635, 0xDE56, 0xD635, 0xD635,
  0xDE56, 0xDE56, 0xD656, 0xE697, 0x9C6F, 0x646B, 0x8D8F, 0x3A46, 0x1902, 0x2184, 0x18C3, 0x1904,
  0x10A3, 0x4307, 0x7CED, 0x42E7, 0x3A86, 0x0861, 0x0021, 0x0021, 0x0021, 0x0021, 0x0021, 0x0021,
  0x0021, 0x0021, 0x0021, 0x0021, 0x0021, 0x0021, 0x0021, 0x0021, 0x0021, 0x0021, 0x0021, 0x0021,
  0x0021, 0x0021, 0x0021, 0x0021, 0x0021, 0x0021, 0x0021, 0x0021, 0x0021, 0x0041, 0x0021, 0x0021,
  0x0021, 0x0021, 0x0021, 0x0021, 0x0021, 0x0021, 0x0021, 0x0021, 0x0021, 0x0021, 0x0021, 0x0021,
  0x0021, 0x0021, 0x0021, 0x0021, 0x0021, 0x0021, 0x0021, 0x0021, 0x0021, 0x0021, 0x0021, 0x0021,
  0x0021, 0x0021, 0x0021, 0x0021, 0x0021, 0x0021, 0x0021, 0x0041, 0x0021, 0x0021, 0x644B, 0x8D8F,
  0x42E8, 0x1923, 0x2144, 0x1903, 0x18C3, 0x31A6, 0x4228, 0x2124, 0x39C7, 0x2965, 0x39C7, 0x7B8C,
  0xDE76, 0xD636, 0xDE35, 0xDE56, 0xDE76, 0xDE56, 0xD635, 0xDE35, 0xDE76, 0xDE76, 0xDE76, 0xDE76,
  0xD635, 0xDE56, 0xDE76, 0xDE76, 0xDE56, 0xDE56, 0xDE76, 0xDE56, 0xD635, 0xDE56, 0xDE56, 0xDE56,
  0xDE56, 0xDE76, 0xDE76, 0xDE76, 0xDE56, 0xDE76, 0xDE56, 0xDE56, 0xDE56, 0xDE56, 0xDE56, 0xDE56,
  0xDE56, 0xDE56, 0xDE55, 0xDE56, 0xDE56, 0xD635, 0xDE56, 0xDE56, 0xD635, 0xD635, 0xD635, 0xD635,
  0xDE56, 0xE676, 0xE697, 0xD615, 0xD615, 0xDE56, 0xD636, 0xDE56, 0xDE56, 0xDE56, 0xDE56, 0xDE56,
  0xD635, 0xD635, 0xDE56, 0xDE56, 0xDE56, 0xD635, 0xDE76, 0xC594, 0x5BAA, 0x858E, 0x5369, 0x2163,
  0x2184, 0x1903, 0x18E4, 0x10A3, 0x29E5, 0x7D2D, 0x4B49, 0x3AA6, 0x10E2, 0x0000, 0x0041, 0x0021,
  0x0021, 0x0021, 0x0021, 0x0021, 0x0021, 0x0021, 0x0021, 0x0021, 0x0021, 0x0021, 0x0021, 0x0021,
  0x0021, 0x0021, 0x0021, 0x0021, 0x0021, 0x0021, 0x0021, 0x0021, 0x0021, 0x0021, 0x0021, 0x0041,
  0x0021, 0x0021, 0x0021, 0x0021, 0x0021, 0x0021, 0x0021, 0x0021, 0x0021, 0x0021, 0x0021, 0x0021,
  0x0021, 0x0021, 0x0021, 0x0021, 0x0021, 0x0021, 0x0021, 0x0021, 0x0021, 0x0021, 0x0021, 0x0021,
  0x0021, 0x0021, 0x0021, 0x0021, 0x0021, 0x0021, 0x0021, 0x0021, 0x0021, 0x0021, 0x0021, 0x0041,
  0x0000, 0x4B08, 0x8DD0, 0x5BAA, 0x1923, 0x2124, 0x2164, 0x10C3, 0x2104, 0x4A48, 0x2124, 0x31A6,
  0x31A6, 0x39C6, 0x5AA9, 0xCDF4, 0xDE56, 0xDE56, 0xDE56, 0xDE56, 0xDE56, 0xDE56, 0xDE35, 0xDE56,
  0xDE76, 0xDE76, 0xDE76, 0xDE76, 0xDE56, 0xD635, 0xDE56, 0xDE76, 0xDE56, 0xDE56, 0xDE56, 0xDE56,
  0xD635, 0xDE56, 0xDE56, 0xDE76, 0xDE56, 0xDE56, 0xDE56, 0xDE56, 0xDE76, 0xDE76, 0xDE56, 0xDE56,
  0xDE56, 0xDE56, 0xDE76, 0xDE56, 0xDE36, 0xDE56, 0xDE56, 0xD635, 0xDE55, 0xD636, 0xDE36, 0xDE35,
  0xDE56, 0xDE56, 0xDE35, 0xDE55, 0xDE56, 0xD635, 0xD615, 0xDE56, 0xD615, 0xD635, 0xD636, 0xDE76,
  0xDE56, 0xDE56, 0xDE56, 0xDE56, 0xDE76, 0xCDF4, 0xD635, 0xDE56, 0xDE56, 0xDE56, 0xD635, 0x6BAB,
  0x7D6E, 0x6C6C, 0x2163, 0x2104, 0x2144, 0x1943, 0x18C3, 0x1903, 0x6C8B, 0x642B, 0x3AA6, 0x21A4,
  0x0000, 0x0041, 0x0021, 0x0021, 0x0021, 0x0021, 0x0021, 0x0021, 0x0021, 0x0021, 0x0021, 0x0021,
  0x0021, 0x0021, 0x0021, 0x0021, 0x0021, 0x0021, 0x0021, 0x0021, 0x0021, 0x0021, 0x0021, 0x0021,
  0x0021, 0x0021, 0x0021, 0x0021, 0x0021, 0x0021, 0x0021, 0x0021, 0x0021, 0x0021, 0x0021, 0x0021,
  0x0021, 0x0021, 0x0021, 0x0021, 0x0021, 0x0021, 0x0021, 0x0021, 0x0021, 0x0021, 0x0021, 0x0021,
  0x0021, 0x0021, 0x0021, 0x0021, 0x0021, 0x0021, 0x0021, 0x0021, 0x0021, 0x0021, 0x0021, 0x0021,
  0x0021, 0x0021, 0x0041, 0x0000, 0x29A4, 0x8DAF, 0x746C, 0x21C4, 0x18E3, 0x18E4, 0x2144, 0x18E3,
  0x4A28, 0x2945, 0x31A6, 0x31A6, 0x39C6, 0x4A48, 0xB532, 0xE697, 0xDE56, 0xDE76, 0xDE56, 0xD635,
  0xD635, 0xDE56, 0xDE56, 0xDE56, 0xD635, 0xDE76, 0xDE76, 0xDE76, 0xDE76, 0xDE56, 0xDE56, 0xD635,
  0xDE56, 0xDE76, 0xDE56, 0xDE56, 0xDE76, 0xDE76, 0xDE76, 0xDE56, 0xD635, 0xDE56, 0xD635, 0xDE56,
  0xDE76, 0xDE76, 0xDE56, 0xDE56, 0xD656, 0xDE56, 0xDE56, 0xDE56, 0xDE56, 0xD635, 0xDE56, 0xDE56,
  0xD635, 0xDE56, 0xDE56, 0xDE56, 0xDE76, 0xDE56, 0xD635, 0xDE55, 0xDE56, 0xDE76, 0xDE56, 0xDE56,
  0xD615, 0xDE35, 0xDE77, 0xDE76, 0xDE56, 0xDE56, 0xDE56, 0xD635, 0xDE56, 0xDE56, 0xDE56, 0xD635,
  0xD635, 0xE697, 0x8C4F, 0x6CAC, 0x852E, 0x3246, 0x18E3, 0x18E4, 0x2144, 0x2184, 0x1082, 0x5388,
  0x74CD, 0x3AA7, 0x3225, 0x0020, 0x0021, 0x0021, 0x0021, 0x0021, 0x0021, 0x0021, 0x0021, 0x0021,
  0x0021, 0x0021, 0x0021, 0x0021, 0x0021, 0x0021, 0x0021, 0x0021, 0x0021, 0x0021, 0x0021, 0x0021,
  0x0021, 0x0021, 0x0021, 0x0021, 0x0021, 0x0021, 0x0021, 0x0021, 0x0021, 0x0021, 0x0021, 0x0021,
  0x0021, 0x0021, 0x0021, 0x0021, 0x0021, 0x0021, 0x0021, 0x0021, 0x0021, 0x0021, 0x0021, 0x0021,
  0x0021, 0x0021, 0x0021, 0x0021, 0x0021, 0x0021, 0x0021, 0x0021, 0x0021, 0x0021, 0x0021, 0x0021,
  0x0021, 0x0021, 0x0021, 0x0021, 0x0021, 0x0041, 0x0000, 0x10C2, 0x7D0D, 0x852F, 0x3246, 0x10C3,
  0x1904, 0x2124, 0x0882, 0x4207, 0x39C6, 0x2945, 0x39C7, 0x31A6, 0x4227, 0x944F, 0xE697, 0xD656,
  0xDE76, 0xDE56, 0xDE56, 0xDE35, 0xD635, 0xDE56, 0xDE56, 0xDE56, 0xD635, 0xDE56, 0xDE56, 0xDE56,
  0xDE56, 0xDE76, 0xDE56, 0xDE56, 0xDE56, 0xDE56, 0xDE76, 0xDE76, 0xDE76, 0xDE56, 0xDE55, 0xDE56,
  0xDE56, 0xDE56, 0xD635, 0xDE56, 0xDE56, 0xDE56, 0xDE56, 0xDE56, 0xDE56, 0xDE56, 0xDE56, 0xDE56,
  0xDE56, 0xD635, 0xD635, 0xDE56, 0xDE56, 0xDE56, 0xDE56, 0xDE56, 0xDE56, 0xDE56, 0xDE56, 0xDE56,
  0xDE56, 0xDE76, 0xDE76, 0xDE56, 0xDE76, 0xDE76, 0xDE77, 0xDE56, 0xD614, 0xDE55, 0xDE56, 0xDE56,
  0xDE56, 0xDE56, 0xDE56, 0xD635, 0xDE76, 0xACF1, 0x640B, 0x8DB0, 0x4B08, 0x10E2, 0x1904, 0x1904,
  0x1923, 0x1902, 0x3A66, 0x7D0D, 0x4B08, 0x3285, 0x0881, 0x0001, 0x0041, 0x0021, 0x0021, 0x0021,
  0x0021, 0x0021, 0x0021, 0x0021, 0x0021, 0x0021, 0x0021, 0x0021, 0x0021, 0x0021, 0x0021, 0x0021,
  0x0021, 0x0021, 0x0021, 0x0021, 0x0021, 0x0021, 0x0021, 0x0021, 0x0021, 0x0021, 0x0041, 0x0021,
  0x0021, 0x0021, 0x0021, 0x0021, 0x0021, 0x0021, 0x0021, 0x0021, 0x0021, 0x0021, 0x0021, 0x0021,
  0x0021, 0x0021, 0x0021, 0x0041, 0x0021, 0x0021, 0x0021, 0x0021, 0x0021, 0x0021, 0x0021, 0x0021,
  0x0021, 0x0021, 0x0021, 0x0021, 0x0021, 0x0021, 0x0021, 0x0021, 0x0021, 0x0041, 0x0020, 0x640A,
  0x8DB0, 0x5328, 0x1903, 0x18E4, 0x1904, 0x18E3, 0x3185, 0x39E7, 0x2945, 0x39E7, 0x31A6, 0x39C6,
  0x736C, 0xDE76, 0xDE56, 0xDE56, 0xDE56, 0xDE56, 0xDE56, 0xDE56, 0xDE56, 0xDE76, 0xDE56, 0xDE56,
  0xDE56, 0xDE56, 0xDE56, 0xDE56, 0xDE56, 0xDE56, 0xDE56, 0xDE56, 0xDE56, 0xDE56, 0xDE56, 0xDE76,
  0xDE76, 0xDE56, 0xDE56, 0xDE56, 0xDE56, 0xDE56, 0xDE56, 0xDE56, 0xDE56, 0xD635, 0xDE56, 0xDE56,
  0xDE56, 0xDE56, 0xD635, 0xD635, 0xDE56, 0xDE56, 0xDE56, 0xDE76, 0xDE56, 0xDE56, 0xDE76, 0xDE56,
  0xDE76, 0xDE56, 0xDE56, 0xDE56, 0xDE56, 0xDE76, 0xDE56, 0xDE56, 0xDE56, 0xDE56, 0xDE76, 0xDE56,
  0xDE36, 0xD635, 0xDE56, 0xDE56, 0xDE56, 0xDE56, 0xD635, 0xDE76, 0xCDD4, 0x63AB, 0x858F, 0x642B,
  0x1943, 0x18C3, 0x18E4, 0x2104, 0x18C3, 0x2183, 0x74ED, 0x5BCA, 0x3AA6, 0x1923, 0x0000, 0x0041,
  0x0021, 0x0021, 0x0021, 0x0021, 0x0021, 0x0021, 0x0021, 0x0021, 0x0021, 0x0021, 0x0021, 0x0021,
  0x0021, 0x0021, 0x0021, 0x0021, 0x0021, 0x0021, 0x0021, 0x0021, 0x0021, 0x0021, 0x0021, 0x0021,
  0x0021, 0x0021, 0x0021, 0x0021, 0x0021, 0x0021, 0x0021, 0x0021, 0x0021, 0x0021, 0x0021, 0x0021,
  0x0021, 0x0021, 0x0021, 0x0021, 0x0021, 0x0021, 0x0021, 0x0021, 0x0021, 0x0021, 0x0021, 0x0021,
  0x0021, 0x0021, 0x0021, 0x0021, 0x0021, 0x0021, 0x0021, 0x0021, 0x0021, 0x0021, 0x0021, 0x0021,
  0x0041, 0x0000, 0x3246, 0x8DAF, 0x63EB, 0x1963, 0x18E4, 0x1904, 0x18E3, 0x2104, 0x4A69, 0x2104,
  0x3A06, 0x3A26, 0x3186, 0x5AA9, 0xCDF4, 0xDE77, 0xDE56, 0xDE76, 0xDE56, 0xD635, 0xD635, 0xDE56,
  0xDE56, 0xDE56, 0xDE56, 0xDE76, 0xDE56, 0xDE76, 0xDE76, 0xDE56, 0xDE56, 0xDE56, 0xDE56, 0xDE56,
  0xDE76, 0xDE76, 0xDE76, 0xDE76, 0xDE56, 0xDE56, 0xDE56, 0xDE56, 0xDE56, 0xDE56, 0xDE56, 0xDE56,
  0xDE56, 0xDE56, 0xDE56, 0xDE56, 0xDE56, 0xDE56, 0xD635, 0xD635, 0xDE56, 0xDE56, 0xDE56, 0xDE56,
  0xDE56, 0xDE56, 0xDE56, 0xDE56, 0xDE56, 0xDE56, 0xDE56, 0xDE56, 0xDE56, 0xDE56, 0xDE76, 0xDE76,
  0xDE76, 0xD635, 0xDE35, 0xD635, 0xDE56, 0xDE56, 0xDE56, 0xDE56, 0xDE56, 0xDE56, 0xDE56, 0xE697,
  0x7BCC, 0x6CCC, 0x7CEE, 0x29C4, 0x18C3, 0x18E4, 0x18E3, 0x1904, 0x10C2, 0x53A9, 0x748D, 0x3AC6,
  0x29E4, 0x0000, 0x0041, 0x0021, 0x0021, 0x0021, 0x0021, 0x0021, 0x0021, 0x0021, 0x0021, 0x0021,
  0x0021, 0x0021, 0x0021, 0x0021, 0x0021, 0x0021, 0x0021, 0x0021, 0x0021, 0x0021, 0x0021, 0x0021,
  0x0021, 0x0021, 0x0021, 0x0021, 0x0021, 0x0021, 0x0021, 0x0021, 0x0021, 0x0021, 0x0021, 0x0021,
  0x0021, 0x0021, 0x0021, 0x0021, 0x0021, 0x0021, 0x0021, 0x0021, 0x0021, 0x0021, 0x0021, 0x0021,
  0x0021, 0x0021, 0x0041, 0x0021, 0x0021, 0x0021, 0x0021, 0x0021, 0x0021, 0x0021, 0x0021, 0x0021,
  0x0021, 0x0021, 0x0021, 0x0041, 0x0000, 0x1923, 0x53A9, 0x5BCB, 0x29C4, 0x10A3, 0x1904, 0x1904,
  0x18C3, 0x4A48, 0x2965, 0x31A6, 0x31A6, 0x31A6, 0x4A27, 0xACF1, 0xDE76, 0xD635, 0xDE35, 0xDE56,
  0xDE56, 0xD656, 0xDE56, 0xD635, 0xDE56, 0xDE56, 0xDE56, 0xDE76, 0xDE76, 0xDE76, 0xDE76, 0xDE56,
  0xDE56, 0xDE76, 0xDE56, 0xDE76, 0xDE76, 0xDE76, 0xDE76, 0xDE76, 0xDE56, 0xDE56, 0xDE56, 0xDE56,
  0xDE56, 0xDE56, 0xDE56, 0xDE56, 0xDE56, 0xDE35, 0xD635, 0xD635, 0xDE56, 0xDE56, 0xD635, 0xDE56,
  0xDE56, 0xD635, 0xDE56, 0xDE56, 0xDE56, 0xDE56, 0xDE56, 0xD635, 0xDE56, 0xD635, 0xDE56, 0xD635,
  0xDE56, 0xDE56, 0xDE56, 0xDE55, 0xDE56, 0xD635, 0xDE35, 0xDE56, 0xDE56, 0xDE56, 0xD635, 0xD635,
  0xDE56, 0xD635, 0xE676, 0x9CB0, 0x42E7, 0x6C4C, 0x3AA7, 0x10C2, 0x18E4, 0x18E4, 0x1904, 0x10A3,
  0x42E7, 0x6C6C, 0x42E7, 0x3245, 0x0041, 0x0021, 0x0021, 0x0021, 0x0021, 0x0021, 0x0021, 0x0021,
  0x0021, 0x0021, 0x0021, 0x0021, 0x0021, 0x0021, 0x0021, 0x0021, 0x0021, 0x0021, 0x0021, 0x0021,
  0x0021, 0x0021, 0x0021, 0x0021, 0x0021, 0x0021, 0x0021, 0x0021, 0x0021, 0x0021, 0x0021, 0x0021,
  0x0021, 0x0021, 0x0021, 0x0021, 0x0021, 0x0021, 0x0021, 0x0021, 0x0021, 0x0021, 0x0021, 0x0021,
  0x0021, 0x0021, 0x0021, 0x0021, 0x0021, 0x0021, 0x0021, 0x0021, 0x0021, 0x0021, 0x0021, 0x0021,
  0x0021, 0x0021, 0x0021, 0x0021, 0x0021, 0x0021, 0x0041, 0x0020, 0x0882, 0x6C8C, 0x74CD, 0x2A05,
  0x18E3, 0x1904, 0x2104, 0x10A3, 0x39E7, 0x31A6, 0x2945, 0x39C6, 0x31A6, 0x4207, 0x8C0E, 0xE697,
  0xD635, 0xDE56, 0xD635, 0xDE56, 0xDE56, 0xD635, 0xD635, 0xD636, 0xDE56, 0xDE76, 0xDE76, 0xDE76,
  0xDE76, 0xDE76, 0xDE77, 0xDE76, 0xDE76, 0xDE56, 0xDE56, 0xDE76, 0xDE76, 0xDE76, 0xDE56, 0xDE56,
  0xDE76, 0xDE76, 0xDE56, 0xDE56, 0xDE56, 0xDE56, 0xDE76, 0xDE56, 0xDE56, 0xDE55, 0xDE56, 0xDE56,
  0xDE56, 0xDE56, 0xDE56, 0xDE56, 0xDE56, 0xD635, 0xDE56, 0xDE56, 0xDE56, 0xDE56, 0xDE56, 0xDE56,
  0xDE56, 0xD635, 0xD636, 0xD636, 0xD635, 0xDE56, 0xDE56, 0xD635, 0xD636, 0xD635, 0xDE56, 0xD656,
  0xDE56, 0xD635, 0xD635, 0xD635, 0xD635, 0xDE76, 0xBD52, 0x5B89, 0x74ED, 0x42E7, 0x1923, 0x18E4,
  0x18E3, 0x1904, 0x10A3, 0x3205, 0x7D4E, 0x5369, 0x3285, 0x10C2, 0x0000, 0x0041, 0x0021, 0x0021,
  0x0021, 0x0021, 0x0021, 0x0021, 0x0021, 0x0021, 0x0021, 0x0021, 0x0021, 0x0021, 0x0021, 0x0021,
  0x0021, 0x0021, 0x0021, 0x0021, 0x0021, 0x0021, 0x0021, 0x0021, 0x0021, 0x0021, 0x0021, 0x0021,
  0x0021, 0x0021, 0x0021, 0x0021, 0x0021, 0x0021, 0x0021, 0x0021, 0x0021, 0x0021, 0x0021, 0x0021,
  0x0021, 0x0021, 0x0021, 0x0021, 0x0021, 0x0021, 0x0021, 0x0021, 0x0021, 0x0021, 0x0021, 0x0021,
  0x0021, 0x0021, 0x0021, 0x0021, 0x0021, 0x0021, 0x0021, 0x0021, 0x0021, 0x0021, 0x0041, 0x0000,
  0x53A9, 0x8DAF, 0x4B08, 0x10E2, 0x18E4, 0x2104, 0x10C3, 0x2965, 0x4228, 0x2124, 0x39C6, 0x3186,
  0x39C6, 0x6B2B, 0xD635, 0xD635, 0xD635, 0xD635, 0xDE56, 0xDE56, 0xDE56, 0xDE56, 0xDE56, 0xDE56,
  0xDE76, 0xDE76, 0xDE76, 0xDE76, 0xDE76, 0xDE76, 0xDE76, 0xDE76, 0xDE76, 0xDE76, 0xDE56, 0xDE56,
  0xDE76, 0xDE76, 0xDE76, 0xDE76, 0xDE56, 0xDE56, 0xDE56, 0xDE56, 0xDE76, 0xDE56, 0xDE56, 0xDE56,
  0xDE76, 0xDE56, 0xDE56, 0xDE56, 0xDE56, 0xDE56, 0xDE56, 0xDE56, 0xDE56, 0xDE35, 0xD635, 0xDE56,
  0xDE56, 0xDE56, 0xDE56, 0xDE56, 0xD635, 0xDE56, 0xDE56, 0xDE56, 0xD635, 0xDE56, 0xDE56, 0xDE56,
  0xDE56, 0xDE76, 0xDE56, 0xD635, 0xD635, 0xD635, 0xD635, 0xD635, 0xD635, 0xDE35, 0x6BAC, 0x7D4E,
  0x6C4C, 0x2183, 0x18C3, 0x1904, 0x1904, 0x18E4, 0x1923, 0x6CAC, 0x640B, 0x3A86, 0x2183, 0x0000,
  0x0041, 0x0021, 0x0021, 0x0021, 0x0021, 0x0021, 0x0021, 0x0021, 0x0021, 0x0021, 0x0021, 0x0021,
  0x0021, 0x0021, 0x0021, 0x0021, 0x0021, 0x0021, 0x0021, 0x0021, 0x0021, 0x0021, 0x0021, 0x0021,
  0x0021, 0x0021, 0x0021, 0x0021, 0x0021, 0x0021, 0x0021, 0x0021, 0x0021, 0x0021, 0x0021, 0x0021,
  0x0021, 0x0021, 0x0021, 0x0021, 0x0021, 0x0021, 0x0021, 0x0021, 0x0021, 0x0021, 0x0021, 0x0021,
  0x0021, 0x0021, 0x0021, 0x0021, 0x0021, 0x0021, 0x0021, 0x0021, 0x0021, 0x0021, 0x0021, 0x0021,
  0x0021, 0x0041, 0x0000, 0x3246, 0x85AF, 0x63EB, 0x1943, 0x18E3, 0x2124, 0x1904, 0x2104, 0x5289,
  0x2945, 0x31C6, 0x3186, 0x39C6, 0x5289, 0xC5B3, 0xDE56, 0xD636, 0xDE55, 0xD635, 0xDE56, 0xDE56,
  0xDE56, 0xDE56, 0xDE56, 0xDE56, 0xDE56, 0xDE56, 0xDE76, 0xDE77, 0xDE76, 0xDE56, 0xDE76, 0xDE76,
  0xDE76, 0xDE56, 0xDE56, 0xDE76, 0xDE76, 0xDE76, 0xDE76, 0xDE56, 0xDE56, 0xDE56, 0xDE56, 0xDE56,
  0xDE56, 0xDE56, 0xDE56, 0xDE56, 0xDE56, 0xDE56, 0xDE56, 0xDE56, 0xDE76, 0xDE76, 0xDE76, 0xDE76,
  0xDE76, 0xDE56, 0xD635, 0xD635, 0xD635, 0xDE56, 0xDE56, 0xD635, 0xD635, 0xDE76, 0xDE76, 0xDE56,
  0xDE56, 0xDE56, 0xDE56, 0xDE56, 0xDE56, 0xDE56, 0xDE56, 0xD635, 0xD635, 0xDE56, 0xDE56, 0xD636,
  0xE697, 0x8C4E, 0x648B, 0x7D0E, 0x31E5, 0x1923, 0x2144, 0x18E4, 0x1904, 0x10A2, 0x53C9, 0x74CD,
  0x42C7, 0x3225, 0x0021, 0x0021, 0x0021, 0x0021, 0x0021, 0x0021, 0x0021, 0x0021, 0x0021, 0x0021,
  0x0021, 0x0041, 0x0021, 0x0021, 0x0021, 0x0021, 0x0021, 0x0021, 0x0021, 0x0021, 0x0021, 0x0021,
  0x0021, 0x0021, 0x0021, 0x0021, 0x0021, 0x0021, 0x0021, 0x0021, 0x0021, 0x0021, 0x0021, 0x0021,
  0x0021, 0x0021, 0x0021, 0x0021, 0x0021, 0x0021, 0x0021, 0x0021, 0x0021, 0x0021, 0x0021, 0x0021,
  0x0021, 0x0021, 0x0021, 0x0021, 0x0021, 0x0021, 0x0021, 0x0021, 0x0021, 0x0021, 0x0021, 0x0021,
  0x0021, 0x0021, 0x0021, 0x0021, 0x0041, 0x0000, 0x1903, 0x7D4E, 0x7CCD, 0x2A05, 0x2124, 0x2164,
  0x18E3, 0x10C3, 0x4A48, 0x2965, 0x3166, 0x31A6, 0x31A6, 0x4207, 0xA4D0, 0xDE76, 0xD635, 0xDE56,
  0xDE56, 0xD635, 0xDE56, 0xDE56, 0xD636, 0xDE56, 0xDE56, 0xDE56, 0xDE76, 0xDE77, 0xDE76, 0xDE76,
  0xDE56, 0xDE76, 0xDE76, 0xDE56, 0xDE56, 0xDE76, 0xDE56, 0xDE76, 0xDE76, 0xDE76, 0xDE56, 0xDE56,
  0xDE76, 0xDE56, 0xDE56, 0xDE76, 0xDE56, 0xDE56, 0xDE56, 0xDE56, 0xDE56, 0xDE56, 0xDE56, 0xDE56,
  0xDE76, 0xDE56, 0xDE76, 0xDE76, 0xDE76, 0xDE76, 0xDE56, 0xD635, 0xDE56, 0xDE56, 0xD635, 0xD615,
  0xD635, 0xDE56, 0xDE76, 0xDE76, 0xDE76, 0xDE56, 0xDE56, 0xDE76, 0xDE56, 0xDE56, 0xDE56, 0xDE56,
  0xDE56, 0xD635, 0xD615, 0xDE76, 0xACF1, 0x5BEA, 0x856E, 0x4B28, 0x1943, 0x29C5, 0x1924, 0x2104,
  0x10A3, 0x3AA6, 0x7D2E, 0x4B28, 0x3286, 0x0881, 0x0001, 0x0041, 0x0021, 0x0021, 0x0021, 0x0021,
  0x0021, 0x0021, 0x0021, 0x0021, 0x0021, 0x0021, 0x0021, 0x0021, 0x0021, 0x0021, 0x0021, 0x0021,
  0x0021, 0x0021, 0x0021, 0x0021, 0x0021, 0x0021, 0x0021, 0x0021, 0x0021, 0x0021, 0x0021, 0x0021,
  0x0021, 0x0021, 0x0021, 0x0021, 0x0021, 0x0021, 0x0021, 0x0021, 0x0021, 0x0021, 0x0021, 0x0021,
  0x0021, 0x0021, 0x0021, 0x0021, 0x0021, 0x0021, 0x0021, 0x0021, 0x0021, 0x0021, 0x0021, 0x0021,
  0x0021, 0x0021, 0x0021, 0x0021, 0x0021, 0x0021, 0x0021, 0x0021, 0x0021, 0x0841, 0x6C6B, 0x856F,
  0x42A7, 0x10E2, 0x18E4, 0x1923, 0x10A2, 0x4207, 0x39C7, 0x2985, 0x4227, 0x31A6, 0x41E7, 0x8BEE,
  0xE697, 0xD635, 0xDE56, 0xDE56, 0xDE56, 0xDE56, 0xDE56, 0xDE56, 0xDE56, 0xDE56, 0xDE56, 0xDE56,
  0xDE77, 0xDE76, 0xDE76, 0xDE76, 0xDE76, 0xDE56, 0xDE56, 0xDE76, 0xDE76, 0xDE76, 0xDE76, 0xDE76,
  0xDE56, 0xDE56, 0xDE56, 0xDE56, 0xDE76, 0xDE76, 0xDE76, 0xDE76, 0xDE56, 0xDE56, 0xDE56, 0xDE56,
  0xDE56, 0xDE76, 0xDE76, 0xDE76, 0xDE56, 0xDE56, 0xDE76, 0xDE76, 0xDE76, 0xDE76, 0xDE56, 0xDE56,
  0xDE56, 0xDE56, 0xDE56, 0xDE55, 0xDE56, 0xDE56, 0xDE56, 0xDE56, 0xDE56, 0xDE56, 0xDE56, 0xDE56,
  0xDE56, 0xDE56, 0xDE56, 0xDE56, 0xD635, 0xD635, 0xD635, 0xD5F5, 0x63AB, 0x856E, 0x640B, 0x2163,
  0x1904, 0x2163, 0x1924, 0x18E4, 0x1943, 0x646B, 0x5BAA, 0x3AA6, 0x1943, 0x0000, 0x0041, 0x0021,
  0x0021, 0x0021, 0x0021, 0x0021, 0x0021, 0x0021, 0x0021, 0x0021, 0x0021, 0x0021, 0x0021, 0x0021,
  0x0021, 0x0021, 0x0021, 0x0021, 0x0021, 0x0021, 0x0021, 0x0021, 0x0021, 0x0021, 0x0021, 0x0021,
  0x0021, 0x0021, 0x0021, 0x0021, 0x0021, 0x0021, 0x0021, 0x0021, 0x0021, 0x0021, 0x0021, 0x0021,
  0x0021, 0x0021, 0x0021, 0x0021, 0x0021, 0x0021, 0x0021, 0x0021, 0x0021, 0x0021, 0x0021, 0x0021,
  0x0021, 0x0021, 0x0021, 0x0021, 0x0021, 0x0021, 0x0021, 0x0021, 0x0021, 0x0021, 0x0021, 0x0041,
  0x0000, 0x4B28, 0x8DD0, 0x5349, 0x1902, 0x18E4, 0x2124, 0x1903, 0x2965, 0x4228, 0x20E4, 0x4247,
  0x3A46, 0x31A6, 0x6B2B, 0xDE56, 0xDE55, 0xDE56, 0xD635, 0xDE56, 0xDE56, 0xDE56, 0xD635, 0xDE56,
  0xDE56, 0xDE56, 0xDE56, 0xDE56, 0xDE56, 0xDE76, 0xDE76, 0xDE56, 0xDE76, 0xDE56, 0xDE56, 0xDE56,
  0xDE97, 0xDE76, 0xDE56, 0xDE76, 0xDE56, 0xDE76, 0xDE56, 0xD655, 0xDE56, 0xDE76, 0xDE56, 0xDE56,
  0xDE56, 0xDE56, 0xDE56, 0xDE56, 0xDE56, 0xDE76, 0xDE56, 0xDE56, 0xDE56, 0xDE56, 0xDE56, 0xDE56,
  0xDE56, 0xDE56, 0xDE56, 0xDE76, 0xDE76, 0xDE56, 0xD655, 0xDE56, 0xDE56, 0xD635, 0xD635, 0xDE56,
  0xDE56, 0xDE56, 0xDE56, 0xDE56, 0xDE76, 0xDE56, 0xDE56, 0xDE56, 0xDE56, 0xD635, 0xDE56, 0x7BED,
  0x74EC, 0x7CCD, 0x29E4, 0x18E3, 0x18E4, 0x2164, 0x2144, 0x18E3, 0x5BC9, 0x642B, 0x3AE7, 0x29E4,
  0x0000, 0x0021, 0x0021, 0x0021, 0x0021, 0x0021, 0x0021, 0x0021, 0x0021, 0x0021, 0x0021, 0x0021,
  0x0021, 0x0021, 0x0021, 0x0021, 0x0021, 0x0021, 0x0021, 0x0021, 0x0021, 0x0021, 0x0021, 0x0021,
  0x0021, 0x0021, 0x0021, 0x0021, 0x0021, 0x0021, 0x0021, 0x0021, 0x0021, 0x0021, 0x0021, 0x0021,
  0x0021, 0x0021, 0x0021, 0x0021, 0x0021, 0x0021, 0x0021, 0x0021, 0x0021, 0x0021, 0x0021, 0x0021,
  0x0021, 0x0021, 0x0021, 0x0021, 0x0021, 0x0021, 0x0021, 0x0021, 0x0021, 0x0021, 0x0021, 0x0021,
  0x0021, 0x0021, 0x0041, 0x0000, 0x29C5, 0x8DAF, 0x6C4C, 0x2183, 0x18C3, 0x1904, 0x18E3, 0x18E3,
  0x4A48, 0x2124, 0x39C6, 0x3186, 0x39A6, 0x5268, 0xB532, 0xE697, 0xDE55, 0xDE56, 0xD635, 0xDE56,
  0xDE56, 0xDE56, 0xD635, 0xDE56, 0xDE56, 0xDE56, 0xDE56, 0xDE35, 0xDE56, 0xDE56, 0xDE56, 0xDE76,
  0xDE76, 0xDE56, 0xD635, 0xDE56, 0xDE77, 0xDE76, 0xDE56, 0xDE56, 0xDE76, 0xDE76, 0xDE76, 0xDE56,
  0xDE56, 0xDE56, 0xDE56, 0xDE56, 0xDE56, 0xDE56, 0xDE56, 0xDE56, 0xDE56, 0xDE56, 0xDE56, 0xDE56,
  0xDE56, 0xDE56, 0xDE56, 0xDE56, 0xDE56, 0xDE56, 0xDE77, 0xDE76, 0xDE56, 0xDE56, 0xDE56, 0xDE56,
  0xDE56, 0xDE56, 0xD635, 0xD635, 0xDE56, 0xDE76, 0xDE76, 0xDE56, 0xDE76, 0xDE56, 0xDE55, 0xD635,
  0xD615, 0xE697, 0x9CB0, 0x642B, 0x8D8F, 0x42A7, 0x10C3, 0x1904, 0x18E4, 0x2164, 0x10A2, 0x42E7,
  0x7D0E, 0x42E7, 0x3265, 0x0841, 0x0021, 0x0021, 0x0021, 0x0021, 0x0021, 0x0021, 0x0021, 0x0021,
  0x0021, 0x0021, 0x0021, 0x0021, 0x0021, 0x0021, 0x0021, 0x0021, 0x0021, 0x0021, 0x0021, 0x0021,
  0x0021, 0x0021, 0x0021, 0x0021, 0x0021, 0x0021, 0x0021, 0x0021, 0x0021, 0x0021, 0x0021, 0x0021,
  0x0021, 0x0021, 0x0021, 0x0021, 0x0021, 0x0021, 0x0021, 0x0021, 0x0021, 0x0021, 0x0021, 0x0021,
  0x0021, 0x0021, 0x0021, 0x0021, 0x0021, 0x0021, 0x0021, 0x0021, 0x0021, 0x0021, 0x0021, 0x0021,
  0x0021, 0x0021, 0x0021, 0x0021, 0x0021, 0x0041, 0x0020, 0x10C2, 0x7D2D, 0x850E, 0x3225, 0x10C3,
  0x18E4, 0x1904, 0x10A2, 0x4A48, 0x3186, 0x3186, 0x31A6, 0x31A6, 0x4207, 0xA4D0, 0xE676, 0xD635,
  0xDE56, 0xDE55, 0xDE55, 0xDE56, 0xDE56, 0xDE56, 0xDE56, 0xDE56, 0xDE56, 0xDE56, 0xDE56, 0xDE56,
  0xDE56, 0xDE56, 0xDE56, 0xDE76, 0xDE76, 0xDE56, 0xDE56, 0xDE56, 0xDE76, 0xDE56, 0xDE56, 0xDE56,
  0xDE56, 0xDE56, 0xDE56, 0xD635, 0xDE56, 0xDE56, 0xDE55, 0xDE56, 0xDE76, 0xDE56, 0xDE56, 0xDE56,
  0xDE56, 0xDE56, 0xD635, 0xD656, 0xDE56, 0xDE56, 0xDE56, 0xDE56, 0xDE56, 0xDE56, 0xDE76, 0xDE76,
  0xDE56, 0xDE56, 0xDE76, 0xDE56, 0xDE55, 0xDE76, 0xDE56, 0xD635, 0xDE76, 0xDE76, 0xDE76, 0xDE56,
  0xDE76, 0xDE76, 0xD635, 0xD635, 0xDE76, 0xC593, 0x63CB, 0x85AF, 0x5369, 0x1902, 0x18E4, 0x18E3,
  0x18E4, 0x10E2, 0x3225, 0x74ED, 0x5349, 0x3AA6, 0x10C2, 0x0000, 0x0041, 0x0021, 0x0021, 0x0021,
  0x0021, 0x0021, 0x0021, 0x0021, 0x0021, 0x0021, 0x0021, 0x0021, 0x0021, 0x0021, 0x0021, 0x0021,
  0x0021, 0x0021, 0x0021, 0x0021, 0x0021, 0x0021, 0x0021, 0x0021, 0x0021, 0x0021, 0x0021, 0x0021,
  0x0021, 0x0021, 0x0021, 0x0021, 0x0021, 0x0021, 0x0021, 0x0021, 0x0021, 0x0021, 0x0021, 0x0021,
  0x0021, 0x0021, 0x0021, 0x0021, 0x0021, 0x0021, 0x0021, 0x0021, 0x0021, 0x0021, 0x0021, 0x0021,
  0x0021, 0x0021, 0x0021, 0x0021, 0x0021, 0x0021, 0x0021, 0x0021, 0x0021, 0x0021, 0x0000, 0x53A9,
  0x8D90, 0x4AE8, 0x10C2, 0x18E4, 0x1904, 0x10A3, 0x39E7, 0x39C6, 0x2945, 0x39C7, 0x31A6, 0x4207,
  0x83ED, 0xDE76, 0xD635, 0xDE56, 0xDE76, 0xDE76, 0xDE76, 0xDE56, 0xDE56, 0xDE56, 0xDE55, 0xDE56,
  0xDE56, 0xDE56, 0xDE76, 0xDE76, 0xDE76, 0xDE76, 0xDE56, 0xDE56, 0xDE56, 0xDE56, 0xDE76, 0xDE76,
  0xDE56, 0xDE56, 0xDE56, 0xDE76, 0xDE56, 0xDE56, 0xDE56, 0xDE56, 0xDE76, 0xDE76, 0xDE56, 0xDE56,
  0xDE76, 0xDE76, 0xDE56, 0xDE56, 0xDE56, 0xDE56, 0xDE56, 0xDE56, 0xDE56, 0xDE56, 0xDE56, 0xDE56,
  0xDE56, 0xDE76, 0xDE56, 0xDE56, 0xDE56, 0xDE56, 0xDE56, 0xDE56, 0xDE56, 0xDE76, 0xDE56, 0xDE56,
  0xDE76, 0xDE76, 0xDE56, 0xDE56, 0xDE56, 0xDE55, 0xD635, 0xDE56, 0xDE36, 0x6BAB, 0x752D, 0x748D,
  0x2184, 0x18C3, 0x1904, 0x18E4, 0x18C3, 0x1903, 0x6C8C, 0x640B, 0x3AA6, 0x2184, 0x0000, 0x0041,
  0x0021, 0x0021, 0x0021, 0x0021, 0x0021, 0x0021, 0x0021, 0x0021, 0x0021, 0x0021, 0x0021, 0x0041,
  0x0021, 0x0021, 0x0021, 0x0041, 0x0021, 0x0021, 0x0021, 0x0021, 0x0021, 0x0021, 0x0021, 0x0021,
  0x0021, 0x0021, 0x0021, 0x0021, 0x0021, 0x0021, 0x0021, 0x0021, 0x0021, 0x0021, 0x0021, 0x0021,
  0x0021, 0x0021, 0x0021, 0x0021, 0x0021, 0x0021, 0x0021, 0x0021, 0x0021, 0x0021, 0x0021, 0x0021,
  0x0021, 0x0021, 0x0021, 0x0021, 0x0021, 0x0021, 0x0021, 0x0021, 0x0021, 0x0021, 0x0021, 0x0021,
  0x0041, 0x0000, 0x3246, 0x642B, 0x4B29, 0x2163, 0x18E4, 0x2104, 0x18C3, 0x2945, 0x4A48, 0x2124,
  0x39C7, 0x31A6, 0x39C6, 0x62EA, 0xDE56, 0xD656, 0xD635, 0xDE76, 0xDE76, 0xDE76, 0xDE76, 0xDE56,
  0xDE56, 0xDE56, 0xDE56, 0xDE76, 0xDE76, 0xDE76, 0xDE76, 0xDE56, 0xDE56, 0xDE76, 0xDE56, 0xDE56,
  0xDE56, 0xDE56, 0xDE76, 0xDE56, 0xDE56, 0xDE56, 0xDE76, 0xDE76, 0xDE56, 0xDE56, 0xDE76, 0xDE56,
  0xDE56, 0xDE76, 0xDE76, 0xDE56, 0xDE56, 0xDE56, 0xDE56, 0xDE56, 0xDE56, 0xDE56, 0xDE56, 0xDE56,
  0xDE56, 0xDE56, 0xDE56, 0xDE56, 0xDE56, 0xDE56, 0xDE56, 0xDE35, 0xDE56, 0xDE56, 0xDE56, 0xDE56,
  0xDE56, 0xDE76, 0xDE76, 0xDE76, 0xDE56, 0xDE56, 0xDE56, 0xDE56, 0xDE35, 0xDE35, 0xD635, 0xE6B7,
  0x8C4F, 0x6C8B, 0x7D0E, 0x3245, 0x18E3, 0x18E4, 0x18E3, 0x1904, 0x10C3, 0x4B48, 0x6C4C, 0x42C7,
  0x3245, 0x0021, 0x0021, 0x0021, 0x0021, 0x0021, 0x0021, 0x0021, 0x0021, 0x0021, 0x0021, 0x0021,
  0x0021, 0x0021, 0x0021, 0x0021, 0x0021, 0x0021, 0x0041, 0x0041, 0x0021, 0x0021, 0x0021, 0x0021,
  0x0021, 0x0021, 0x0021, 0x0021, 0x0021, 0x0021, 0x0021, 0x0021, 0x0021, 0x0021, 0x0021, 0x0021,
  0x0021, 0x0021, 0x0021, 0x0021, 0x0021, 0x0021, 0x0021, 0x0021, 0x0021, 0x0021, 0x0021, 0x0021,
  0x0021, 0x0021, 0x0021, 0x0021, 0x0021, 0x0021, 0x0021, 0x0021, 0x0021, 0x0021, 0x0021, 0x0021,
  0x0021, 0x0021, 0x0021, 0x0041, 0x0000, 0x2184, 0x7D4E, 0x640B, 0x1102, 0x18C3, 0x2104, 0x1904,
  0x18E3, 0x5289, 0x2124, 0x31A6, 0x31A6, 0x39C7, 0x5289, 0xBD73, 0xE676, 0xD656, 0xD635, 0xDE76,
  0xDE76, 0xDE76, 0xDE56, 0xDE56, 0xDE56, 0xDE76, 0xDE56, 0xDE56, 0xDE56, 0xDE76, 0xDE76, 0xDE56,
  0xDE56, 0xDE56, 0xDE76, 0xDE76, 0xDE56, 0xDE56, 0xDE76, 0xDE76, 0xDE76, 0xDE56, 0xDE76, 0xDE56,
  0xD636, 0xDE76, 0xDE76, 0xDE56, 0xDE56, 0xDE76, 0xDE77, 0xDE56, 0xDE56, 0xDE56, 0xDE56, 0xDE56,
  0xDE56, 0xDE35, 0xDE56, 0xDE56, 0xDE56, 0xDE56, 0xDE56, 0xDE56, 0xDE76, 0xDE56, 0xDE56, 0xD635,
  0xDE35, 0xDE56, 0xDE56, 0xDE56, 0xDE56, 0xDE76, 0xDE76, 0xDE76, 0xDE76, 0xDE56, 0xDE56, 0xD635,
  0xD635, 0xD635, 0xE696, 0xACD1, 0x5349, 0x852E, 0x4B28, 0x10E2, 0x18E4, 0x18E3, 0x1904, 0x10A3,
  0x3AA6, 0x750D, 0x4B08, 0x3A86, 0x0881, 0x0021, 0x0041, 0x0021, 0x0021, 0x0021, 0x0021, 0x0021,
  0x0021, 0x0021, 0x0021, 0x0021, 0x0021, 0x0021, 0x0021, 0x0021, 0x0021, 0x0021, 0x0041, 0x0021,
  0x0021, 0x0021, 0x0021, 0x0021, 0x0021, 0x0021, 0x0021, 0x0021, 0x0021, 0x0021, 0x0021, 0x0021,
  0x0021, 0x0021, 0x0021, 0x0021, 0x0021, 0x0021, 0x0021, 0x0021, 0x0021, 0x0021, 0x0021, 0x0021,
  0x0021, 0x0021, 0x0021, 0x0021, 0x0021, 0x0021, 0x0021, 0x0021, 0x0021, 0x0021, 0x0021, 0x0021,
  0x0021, 0x0021, 0x0021, 0x0021, 0x0021, 0x0021, 0x0041, 0x0020, 0x0882, 0x74EC, 0x852E, 0x3A66,
  0x1102, 0x18E4, 0x1904, 0x10C3, 0x4227, 0x3165, 0x31A6, 0x39E7, 0x31A6, 0x39E6, 0x946F, 0xE697,
  0xD636, 0xDE56, 0xDE56, 0xDE56, 0xDE76, 0xDE56, 0xDE56, 0xDE56, 0xDE56, 0xDE76, 0xDE76, 0xDE56,
  0xDE76, 0xDE76, 0xDE56, 0xDE56, 0xDE56, 0xDE56, 0xD635, 0xDE56, 0xDE56, 0xDE56, 0xDE36, 0xDE56,
  0xDE76, 0xDE76, 0xDE56, 0xDE56, 0xDE76, 0xDE56, 0xDE56, 0xDE56, 0xDE56, 0xDE56, 0xDE56, 0xD656,
  0xDE56, 0xDE56, 0xDE56, 0xD635, 0xDE56, 0xDE55, 0xDE56, 0xDE56, 0xDE56, 0xDE56, 0xDE56, 0xDE56,
  0xDE56, 0xDE56, 0xDE56, 0xDE56, 0xDE56, 0xDE56, 0xDE56, 0xDE56, 0xDE76, 0xDE76, 0xDE76, 0xDE56,
  0xDE56, 0xDE56, 0xD635, 0xDE56, 0xD636, 0xDE56, 0xCDF5, 0x5B49, 0x5BC9, 0x4B08, 0x2163, 0x18C3,
  0x1904, 0x1904, 0x18C3, 0x29C5, 0x750D, 0x5BAA, 0x3AC6, 0x1923, 0x0000, 0x0041, 0x0021, 0x0021,
  0x0021, 0x0021, 0x0021, 0x0021, 0x0021, 0x0021, 0x0021, 0x0021, 0x0021, 0x0021, 0x0021, 0x0021,
  0x0021, 0x0021, 0x0021, 0x0021, 0x0021, 0x0021, 0x0021, 0x0021, 0x0021, 0x0021, 0x0021, 0x0021,
  0x0021, 0x0021, 0x0021, 0x0021, 0x0021, 0x0021, 0x0021, 0x0021, 0x0021, 0x0021, 0x0021, 0x0021,
  0x0021, 0x0021, 0x0021, 0x0021, 0x0021, 0x0021, 0x0021, 0x0021, 0x0021, 0x0041, 0x0021, 0x0021,
  0x0021, 0x0021, 0x0021, 0x0021, 0x0021, 0x0021, 0x0021, 0x0021, 0x0021, 0x0021, 0x0041, 0x0000,
  0x5BAA, 0x8D8F, 0x4B28, 0x1923, 0x1943, 0x2104, 0x10A3, 0x39C6, 0x4207, 0x2125, 0x4247, 0x3A06,
  0x39C7, 0x7B8C, 0xDE56, 0xD635, 0xDE56, 0xDE56, 0xDE56, 0xDE56, 0xDE56, 0xDE56, 0xDE56, 0xDE56,
  0xDE56, 0xDE56, 0xDE76, 0xDE56, 0xDE56, 0xDE56, 0xDE56, 0xDE76, 0xDE56, 0xDE56, 0xDE56, 0xDE56,
  0xDE56, 0xDE56, 0xDE56, 0xDE76, 0xDE56, 0xDE76, 0xDE56, 0xDE56, 0xDE76, 0xDE56, 0xDE56, 0xDE56,
  0xDE56, 0xDE56, 0xD635, 0xD635, 0xDE56, 0xDE56, 0xDE56, 0xD635, 0xDE56, 0xDE56, 0xDE56, 0xDE76,
  0xDE56, 0xDE56, 0xDE56, 0xDE56, 0xDE56, 0xDE56, 0xDE56, 0xDE56, 0xDE56, 0xDE56, 0xDE56, 0xDE56,
  0xDE56, 0xDE56, 0xDE56, 0xDE35, 0xDE36, 0xDE56, 0xDE56, 0xDE56, 0xD656, 0xE676, 0x7BEC, 0x6CEC,
  0x6C6C, 0x1943, 0x10C3, 0x1904, 0x1904, 0x18E4, 0x18E3, 0x6C6B, 0x6C8C, 0x3AA6, 0x29C4, 0x0000,
  0x0041, 0x0021, 0x0021, 0x0021, 0x0021, 0x0021, 0x0021, 0x0021, 0x0021, 0x0021, 0x0021, 0x0021,
  0x0021, 0x0021, 0x0021, 0x0021, 0x0021, 0x0021, 0x0021, 0x0021, 0x0021, 0x0021, 0x0041, 0x0021,
  0x0021, 0x0021, 0x0021, 0x0021, 0x0021, 0x0021, 0x0021, 0x0021, 0x0021, 0x0021, 0x0021, 0x0021,
  0x0021, 0x0021, 0x0021, 0x0021, 0x0021, 0x0021, 0x0021, 0x0021, 0x0021, 0x0021, 0x0021, 0x0021,
  0x0021, 0x0021, 0x0021, 0x0021, 0x0021, 0x0021, 0x0021, 0x0021, 0x0021, 0x0021, 0x0021, 0x0021,
  0x0021, 0x0041, 0x0000, 0x3A66, 0x8DCF, 0x640B, 0x1943, 0x2144, 0x2143, 0x18E4, 0x2124, 0x4A48,
  0x2124, 0x39C7, 0x3186, 0x31A6, 0x62EA, 0xD615, 0xDE56, 0xDE56, 0xDE56, 0xDE56, 0xDE56, 0xDE56,
  0xDE56, 0xDE56, 0xDE56, 0xDE56, 0xDE55, 0xDE35, 0xD635, 0xDE56, 0xD635, 0xDE56, 0xDE56, 0xDE56,
  0xDE56, 0xDE56, 0xDE56, 0xDE56, 0xDE56, 0xDE76, 0xDE56, 0xDE56, 0xDE76, 0xDE56, 0xDE56, 0xDE76,
  0xDE56, 0xDE56, 0xDE56, 0xDE56, 0xDE76, 0xDE56, 0xDE56, 0xD636, 0xDE56, 0xDE56, 0xDE56, 0xDE56,
  0xDE76, 0xDE76, 0xDE56, 0xDE56, 0xDE56, 0xD656, 0xDE56, 0xDE56, 0xDE56, 0xDE56, 0xDE56, 0xDE76,
  0xDE56, 0xDE56, 0xDE56, 0xD635, 0xDE56, 0xDE56, 0xDE56, 0xD635, 0xDE56, 0xDE56, 0xDE56, 0xDE56,
  0xE697, 0x946F, 0x644B, 0x856E, 0x3A66, 0x1922, 0x1904, 0x18E4, 0x1904, 0x10A3, 0x42E7, 0x74CD,
  0x42E7, 0x3245, 0x0041, 0x0021, 0x0021, 0x0021, 0x0021, 0x0021, 0x0021, 0x0021, 0x0021, 0x0021,
  0x0021, 0x0021, 0x0021, 0x0021, 0x0021, 0x0021, 0x0021, 0x0021, 0x0021, 0x0021, 0x0021, 0x0021,
  0x0021, 0x0021, 0x0021, 0x0021, 0x0021, 0x0021, 0x0021, 0x0021, 0x0021, 0x0021, 0x0021, 0x0021,
  0x0021, 0x0021, 0x0021, 0x0021, 0x0021, 0x0021, 0x0021, 0x0021, 0x0021, 0x0021, 0x0021, 0x0021,
  0x0021, 0x0021, 0x0021, 0x0021, 0x0021, 0x0021, 0x0021, 0x0021, 0x0021, 0x0021, 0x0021, 0x0021,
  0x0021, 0x0021, 0x0021, 0x0021, 0x0041, 0x0000, 0x1923, 0x856E, 0x74CD, 0x2A05, 0x18E3, 0x18E3,
  0x1923, 0x18E4, 0x4A48, 0x2945, 0x31A6, 0x31A6, 0x39C6, 0x4A48, 0xBD73, 0xE697, 0xDE56, 0xDE56,
  0xDE56, 0xDE56, 0xDE56, 0xDE76, 0xDE76, 0xDE76, 0xDE76, 0xDE56, 0xDE56, 0xDE56, 0xDE56, 0xDE56,
  0xDE56, 0xDE56, 0xDE56, 0xD656, 0xDE56, 0xDE76, 0xDE56, 0xD635, 0xDE35, 0xDE56, 0xDE76, 0xDE56,
  0xDE56, 0xDE56, 0xDE56, 0xDE56, 0xDE56, 0xDE76, 0xDE56, 0xDE56, 0xDE76, 0xDE76, 0xDE56, 0xDE56,
  0xD635, 0xDE56, 0xDE35, 0xDE56, 0xDE56, 0xDE56, 0xDE56, 0xDE56, 0xDE56, 0xDE56, 0xDE56, 0xDE76,
  0xDE76, 0xDE76, 0xDE56, 0xDE56, 0xDE56, 0xDE56, 0xDE56, 0xDE56, 0xDE56, 0xDE56, 0xDE56, 0xDE56,
  0xDE76, 0xDE56, 0xD636, 0xE696, 0xBD73, 0x63CB, 0x856E, 0x5349, 0x1923, 0x2184, 0x1904, 0x1904,
  0x10A3, 0x3225, 0x644A, 0x4B28, 0x3AA6, 0x10C2, 0x0000, 0x0041, 0x0021, 0x0021, 0x0021, 0x0021,
  0x0021, 0x0021, 0x0021, 0x0021, 0x0021, 0x0021, 0x0021, 0x0021, 0x0021, 0x0021, 0x0021, 0x0021,
  0x0021, 0x0021, 0x0021, 0x0021, 0x0021, 0x0021, 0x0021, 0x0021, 0x0021, 0x0021, 0x0021, 0x0021,
  0x0021, 0x0021, 0x0021, 0x0021, 0x0021, 0x0021, 0x0021, 0x0021, 0x0021, 0x0021, 0x0021, 0x0021,
  0x0021, 0x0021, 0x0021, 0x0021, 0x0021, 0x0021, 0x0021, 0x0021, 0x0021, 0x0021, 0x0021, 0x0021,
  0x0021, 0x0021, 0x0021, 0x0021, 0x0021, 0x0021, 0x0021, 0x0041, 0x0021, 0x0841, 0x6C6B, 0x8D6F,
  0x42A7, 0x10E3, 0x18E4, 0x1904, 0x08A1, 0x4A28, 0x39C6, 0x2965, 0x31A6, 0x31A6, 0x4207, 0x9C90,
  0xE697, 0xD635, 0xDE56, 0xDE56, 0xDE35, 0xDE56, 0xDE76, 0xDE56, 0xDE56, 0xDE56, 0xDE56, 0xDE56,
  0xDE56, 0xDE56, 0xDE56, 0xDE56, 0xDE56, 0xDE76, 0xDE56, 0xDE56, 0xDE76, 0xDE56, 0xDE56, 0xD635,
  0xDE56, 0xDE56, 0xDE56, 0xDE76, 0xD656, 0xD636, 0xDE56, 0xDE56, 0xDE56, 0xDE56, 0xDE56, 0xDE56,
  0xDE76, 0xDE76, 0xDE76, 0xDE56, 0xDE56, 0xDE56, 0xDE56, 0xDE56, 0xD635, 0xDE35, 0xDE56, 0xDE56,
  0xDE56, 0xD635, 0xD635, 0xDE56, 0xDE56, 0xDE56, 0xDE56, 0xDE56, 0xDE56, 0xDE56, 0xDE56, 0xDE56,
  0xDE56, 0xDE56, 0xDE56, 0xDE56, 0xDE56, 0xD635, 0xDE76, 0xD615, 0x638B, 0x7D6E, 0x6C4C, 0x1963,
  0x1903, 0x21A4, 0x1904, 0x18E4, 0x2144, 0x74EC, 0x5BEA, 0x3AA6, 0x2163, 0x0000, 0x0041, 0x0021,
  0x0021, 0x0021, 0x0021, 0x0021, 0x0021, 0x0021, 0x0021, 0x0021, 0x0021, 0x0021, 0x0021, 0x0021,
  0x0021, 0x0021, 0x0021, 0x0021, 0x0021, 0x0021, 0x0021, 0x0021, 0x0021, 0x0021, 0x0021, 0x0021,
  0x0021, 0x0021, 0x0021, 0x0021, 0x0021, 0x0021, 0x0021, 0x0021, 0x0021, 0x0021, 0x0021, 0x0021,
  0x0021, 0x0021, 0x0021, 0x0021, 0x0021, 0x0021, 0x0021, 0x0021, 0x0021, 0x0021, 0x0021, 0x0021,
  0x0021, 0x0021, 0x0021, 0x0021, 0x0021, 0x0021, 0x0021, 0x0021, 0x0021, 0x0021, 0x0021, 0x0041,
  0x0000, 0x4B49, 0x8DAF, 0x538A, 0x1923, 0x18C3, 0x2104, 0x10C3, 0x31A5, 0x41E7, 0x2945, 0x39C7,
  0x31A6, 0x39E7, 0x7BAD, 0xE697, 0xDE56, 0xDE56, 0xDE56, 0xDE56, 0xDE76, 0xDE76, 0xDE76, 0xDE56,
  0xD656, 0xDE56, 0xDE56, 0xD635, 0xDE76, 0xDE56, 0xDE56, 0xDE56, 0xDE56, 0xDE56, 0xDE56, 0xDE56,
  0xDE76, 0xDE76, 0xDE56, 0xDE76, 0xDE56, 0xDE56, 0xDE76, 0xD656, 0xD635, 0xDE56, 0xDE56, 0xDE56,
  0xDE56, 0xDE56, 0xDE56, 0xDE56, 0xDE56, 0xDE76, 0xDE76, 0xDE76, 0xDE56, 0xDE56, 0xDE76, 0xDE76,
  0xDE56, 0xDE76, 0xDE76, 0xDE56, 0xDE56, 0xDE56, 0xD635, 0xDE56, 0xDE56, 0xDE55, 0xDE56, 0xDE56,
  0xDE56, 0xDE56, 0xDE76, 0xDE56, 0xD635, 0xDE56, 0xDE76, 0xDE56, 0xDE56, 0xD635, 0xE676, 0x83ED,
  0x6CAC, 0x7D0E, 0x3225, 0x18E3, 0x18E3, 0x2163, 0x2145, 0x18C3, 0x5BEA, 0x74AD, 0x3AA6, 0x2A04,
  0x0000, 0x0021, 0x0021, 0x0021, 0x0021, 0x0021, 0x0021, 0x0021, 0x0021, 0x0021, 0x0021, 0x0021,
  0x0021, 0x0021, 0x0021, 0x0021, 0x0021, 0x0021, 0x0021, 0x0021, 0x0021, 0x0021, 0x0021, 0x0021,
  0x0021, 0x0021, 0x0021, 0x0021, 0x0021, 0x0021, 0x0021, 0x0021, 0x0021, 0x0021, 0x0021, 0x0021,
  0x0021, 0x0021, 0x0021, 0x0021, 0x0021, 0x0021, 0x0021, 0x0021, 0x0021, 0x0021, 0x0021, 0x0021,
  0x0021, 0x0021, 0x0021, 0x0021, 0x0021, 0x0021, 0x0021, 0x0021, 0x0021, 0x0021, 0x0021, 0x0021,
  0x0021, 0x0021, 0x0041, 0x0000, 0x3205, 0x8DCF, 0x642B, 0x2183, 0x18C3, 0x1904, 0x10C3, 0x2144,
  0x4A69, 0x20E4, 0x31A7, 0x31C7, 0x39C6, 0x5AA9, 0xCDF4, 0xDE76, 0xDE56, 0xDE56, 0xDE56, 0xDE76,
  0xDE76, 0xDE56, 0xDE56, 0xDE56, 0xDE56, 0xDE35, 0xD635, 0xDE56, 0xDE56, 0xDE76, 0xDE56, 0xDE56,
  0xDE76, 0xDE56, 0xDE56, 0xDE76, 0xDE56, 0xDE56, 0xDE56, 0xDE76, 0xDE56, 0xDE56, 0xDE56, 0xD636,
  0xD635, 0xDE56, 0xDE56, 0xDE56, 0xDE76, 0xDE76, 0xDE56, 0xDE56, 0xDE56, 0xDE56, 0xDE56, 0xDE56,
  0xDE56, 0xDE56, 0xDE76, 0xDE56, 0xDE35, 0xDE56, 0xDE56, 0xD635, 0xD635, 0xDE56, 0xD635, 0xDE56,
  0xDE56, 0xDE56, 0xDE56, 0xDE56, 0xDE56, 0xDE56, 0xDE56, 0xDE56, 0xDE56, 0xDE56, 0xDE56, 0xDE56,
  0xD615, 0xE676, 0xA4D0, 0x640B, 0x8D8F, 0x42C7, 0x18E3, 0x1904, 0x1904, 0x1943, 0x10A2, 0x42E7,
  0x7D0E, 0x4B08, 0x3286, 0x0861, 0x0021, 0x0021, 0x0021, 0x0021, 0x0021, 0x0021, 0x0021, 0x0021,
  0x0021, 0x0021, 0x0021, 0x0021, 0x0021, 0x0021, 0x0021, 0x0021, 0x0021, 0x0021, 0x0021, 0x0021,
  0x0021, 0x0021, 0x0021, 0x0021, 0x0021, 0x0021, 0x0021, 0x0021, 0x0021, 0x0021, 0x0021, 0x0021,
  0x0021, 0x0021, 0x0021, 0x0021, 0x0021, 0x0021, 0x0021, 0x0021, 0x0021, 0x0021, 0x0021, 0x0021,
  0x0021, 0x0021, 0x0041, 0x0021, 0x0021, 0x0021, 0x0021, 0x0021, 0x0021, 0x0021, 0x0021, 0x0021,
  0x0021, 0x0021, 0x0021, 0x0021, 0x0021, 0x0041, 0x0000, 0x10E2, 0x7D2D, 0x7D0E, 0x3225, 0x18E3,
  0x1904, 0x1904, 0x18C3, 0x4A48, 0x2925, 0x3A27, 0x3206, 0x31A6, 0x4A48, 0xB552, 0xE696, 0xDE56,
  0xDE56, 0xDE56, 0xDE56, 0xDE76, 0xDE56, 0xDE56, 0xDE56, 0xDE56, 0xDE56, 0xDE56, 0xD635, 0xDE56,
  0xDE56, 0xDE56, 0xDE56, 0xDE56, 0xDE56, 0xDE56, 0xDE76, 0xDE76, 0xDE56, 0xDE56, 0xDE56, 0xDE56,
  0xDE76, 0xDE76, 0xDE56, 0xDE56, 0xDE56, 0xDE56, 0xDE56, 0xDE56, 0xDE56, 0xDE76, 0xDE56, 0xDE56,
  0xDE76, 0xDE56, 0xDE56, 0xDE56, 0xDE56, 0xDE56, 0xDE56, 0xD635, 0xDE56, 0xDE56, 0xDE56, 0xDE56,
  0xDE56, 0xDE56, 0xDE56, 0xDE56, 0xDE56, 0xDE56, 0xDE76, 0xDE56, 0xDE56, 0xDE56, 0xD635, 0xDE56,
  0xDE56, 0xDE56, 0xDE36, 0xDE56, 0xDE56, 0xCDD4, 0x63CB, 0x858F, 0x5BCA, 0x1943, 0x18E4, 0x1904,
  0x1904, 0x1923, 0x21A4, 0x7D0D, 0x5B8A, 0x3AC6, 0x1903, 0x0000, 0x0041, 0x0021, 0x0021, 0x0021,
  0x0021, 0x0021, 0x0021, 0x0021, 0x0021, 0x0021, 0x0021, 0x0021, 0x0021, 0x0021, 0x0021, 0x0021,
  0x0021, 0x0021, 0x0021, 0x0021, 0x0021, 0x0021, 0x0021, 0x0021, 0x0021, 0x0021, 0x0021, 0x0021,
  0x0021, 0x0021, 0x0021, 0x0021, 0x0021, 0x0021, 0x0021, 0x0021, 0x0021, 0x0021, 0x0021, 0x0021,
  0x0021, 0x0021, 0x0021, 0x0021, 0x0021, 0x0021, 0x0021, 0x0021, 0x0021, 0x0041, 0x0021, 0x0021,
  0x0021, 0x0021, 0x0021, 0x0021, 0x0021, 0x0021, 0x0021, 0x0021, 0x0021, 0x0021, 0x0021, 0x642B,
  0x8D8F, 0x42E8, 0x10E3, 0x18E4, 0x1904, 0x10A3, 0x41E7, 0x31A6, 0x2945, 0x3A06, 0x31E6, 0x41E7,
  0x944F, 0xE697, 0xD635, 0xDE56, 0xDE56, 0xDE56, 0xDE56, 0xDE56, 0xDE35, 0xDE35, 0xD636, 0xD635,
  0xD635, 0xDE56, 0xDE56, 0xD635, 0xD635, 0xDE56, 0xDE56, 0xDE56, 0xDE56, 0xDE56, 0xDE56, 0xDE55,
  0xD635, 0xDE56, 0xDE56, 0xDE56, 0xDE76, 0xDE76, 0xDE56, 0xDE56, 0xDE76, 0xDE56, 0xDE56, 0xDE76,
  0xDE56, 0xDE56, 0xDE56, 0xDE56, 0xDE76, 0xDE76, 0xDE56, 0xDE56, 0xDE56, 0xDE56, 0xDE56, 0xDE56,
  0xDE56, 0xD635, 0xD636, 0xDE55, 0xDE56, 0xDE56, 0xDE76, 0xDE56, 0xDE56, 0xDE56, 0xDE56, 0xDE56,
  0xDE55, 0xDE56, 0xDE56, 0xDE56, 0xDE56, 0xDE56, 0xDE56, 0xDE56, 0xDE36, 0x73CC, 0x750D, 0x748D,
  0x29C4, 0x18C3, 0x1904, 0x1904, 0x18E4, 0x2163, 0x6C8B, 0x640B, 0x3AA6, 0x21C4, 0x0000, 0x0041,
  0x0021, 0x0021, 0x0021, 0x0021, 0x0021, 0x0021, 0x0021, 0x0021, 0x0021, 0x0021, 0x0021, 0x0021,
  0x0021, 0x0021, 0x0021, 0x0021, 0x0021, 0x0021, 0x0021, 0x0021, 0x0021, 0x0021, 0x0021, 0x0021,
  0x0021, 0x0021, 0x0021, 0x0021, 0x0021, 0x0021, 0x0021, 0x0021, 0x0021, 0x0021, 0x0021, 0x0021,
  0x0021, 0x0021, 0x0021, 0x0021, 0x0021, 0x0021, 0x0021, 0x0021, 0x0021, 0x0021, 0x0021, 0x0021,
  0x0021, 0x0021, 0x0021, 0x0021, 0x0021, 0x0021, 0x0021, 0x0021, 0x0021, 0x0021, 0x0021, 0x0021,
  0x0041, 0x0000, 0x42C7, 0x8DD0, 0x5BAA, 0x1943, 0x18E4, 0x2104, 0x10A3, 0x3186, 0x4207, 0x2124,
  0x31A6, 0x3186, 0x39E7, 0x7BAC, 0xDE56, 0xDE56, 0xDE76, 0xDE56, 0xDE56, 0xDE56, 0xDE56, 0xDE56,
  0xDE56, 0xDE56, 0xDE56, 0xD635, 0xD635, 0xDE56, 0xDE55, 0xDE56, 0xDE56, 0xDE56, 0xDE56, 0xDE56,
  0xDE56, 0xDE56, 0xDE56, 0xDE56, 0xD635, 0xDE56, 0xDE56, 0xDE56, 0xDE56, 0xDE56, 0xDE56, 0xDE76,
  0xDE76, 0xDE56, 0xDE56, 0xDE56, 0xDE76, 0xDE56, 0xDE56, 0xDE76, 0xDE56, 0xDE56, 0xDE56, 0xDE56,
  0xDE56, 0xD635, 0xDE56, 0xDE56, 0xDE56, 0xD615, 0xD635, 0xD635, 0xDE55, 0xDE76, 0xDE56, 0xDE56,
  0xDE56, 0xDE56, 0xDE56, 0xD635, 0xD635, 0xDE56, 0xDE56, 0xDE56, 0xDE35, 0xDE56, 0xD656, 0xE697,
  0x946F, 0x6C6B, 0x854F, 0x3A66, 0x18E3, 0x1904, 0x18E4, 0x1904, 0x1082, 0x4B48, 0x74CD, 0x42C7,
  0x3265, 0x0021, 0x0021, 0x0021, 0x0021, 0x0021, 0x0021, 0x0021, 0x0021, 0x0021, 0x0021, 0x0021,
  0x0021, 0x0021, 0x0021, 0x0021, 0x0021, 0x0021, 0x0021, 0x0021, 0x0021, 0x0021, 0x0021, 0x0021,
  0x0041, 0x0021, 0x0021, 0x0021, 0x0021, 0x0021, 0x0021, 0x0021, 0x0021, 0x0021, 0x0021, 0x0021,
  0x0021, 0x0021, 0x0021, 0x0021, 0x0021, 0x0021, 0x0021, 0x0021, 0x0021, 0x0021, 0x0021, 0x0021,
  0x0021, 0x0021, 0x0021, 0x0021, 0x0021, 0x0021, 0x0021, 0x0021, 0x0021, 0x0021, 0x0021, 0x0021,
  0x0021, 0x0021, 0x0041, 0x0041, 0x0000, 0x2184, 0x858F, 0x748D, 0x21A4, 0x18E3, 0x2104, 0x18E3,
  0x2104, 0x4228, 0x2124, 0x31A6, 0x3186, 0x31A6, 0x5A89, 0xCDF4, 0xDE76, 0xDE76, 0xDE76, 0xDE56,
  0xDE76, 0xDE56, 0xDE56, 0xD635, 0xDE56, 0xDE56, 0xD635, 0xDE56, 0xDE56, 0xDE55, 0xDE56, 0xDE56,
  0xDE56, 0xDE76, 0xDE56, 0xDE56, 0xDE56, 0xDE56, 0xDE55, 0xDE56, 0xDE56, 0xDE56, 0xDE55, 0xDE56,
  0xDE56, 0xDE56, 0xDE56, 0xDE76, 0xDE56, 0xDE56, 0xDE56, 0xDE56, 0xDE56, 0xDE76, 0xDE76, 0xDE76,
  0xDE56, 0xDE56, 0xDE56, 0xDE56, 0xD635, 0xD656, 0xDE56, 0xDE56, 0xD635, 0xD635, 0xDE56, 0xD635,
  0xD635, 0xDE56, 0xDE56, 0xDE56, 0xDE56, 0xDE56, 0xDE56, 0xDE56, 0xDE56, 0xDE56, 0xDE56, 0xDE56,
  0xDE35, 0xD635, 0xDE76, 0xBD93, 0x5BCA, 0x858F, 0x4B28, 0x1903, 0x18E4, 0x18E4, 0x1904, 0x10A3,
  0x3245, 0x6C8C, 0x4B28, 0x3AA6, 0x10A2, 0x0000, 0x0041, 0x0021, 0x0021, 0x0021, 0x0021, 0x0021,
  0x0021, 0x0021, 0x0021, 0x0021, 0x0021, 0x0021, 0x0021, 0x0021, 0x0021, 0x0021, 0x0021, 0x0021,
  0x0021, 0x0021, 0x0021, 0x0021, 0x0021, 0x0021, 0x0021, 0x0021, 0x0021, 0x0021, 0x0021, 0x0021,
  0x0021, 0x0021, 0x0021, 0x0021, 0x0021, 0x0021, 0x0021, 0x0021, 0x0021, 0x0021, 0x0021, 0x0021,
  0x0021, 0x0021, 0x0021, 0x0021, 0x0021, 0x0021, 0x0021, 0x0021, 0x0021, 0x0021, 0x0021, 0x0021,
  0x0021, 0x0021, 0x0021, 0x0021, 0x0021, 0x0021, 0x0000, 0x0000, 0x10A2, 0x74ED, 0x7D0E, 0x3246,
  0x10C3, 0x1904, 0x1904, 0x18C3, 0x4228, 0x2945, 0x3186, 0x31A6, 0x39C6, 0x4A48, 0xB532, 0xE676,
  0xD635, 0xDE76, 0xDE76, 0xDE76, 0xDE76, 0xDE76, 0xD635, 0xD635, 0xDE56, 0xDE56, 0xDE56, 0xDE55,
  0xDE56, 0xD635, 0xD635, 0xDE35, 0xDE76, 0xDE56, 0xDE56, 0xDE56, 0xDE56, 0xDE56, 0xDE56, 0xDE56,
  0xDE56, 0xDE55, 0xDE56, 0xDE56, 0xDE56, 0xDE55, 0xDE56, 0xDE56, 0xDE56, 0xDE76, 0xDE76, 0xDE56,
  0xDE55, 0xDE76, 0xDE76, 0xDE56, 0xDE56, 0xDE56, 0xDE56, 0xDE56, 0xDE56, 0xDE56, 0xDE56, 0xD635,
  0xDE56, 0xDE56, 0xDE55, 0xD635, 0xDE56, 0xD635, 0xDE56, 0xDE56, 0xDE56, 0xDE56, 0xD635, 0xDE56,
  0xDE76, 0xDE76, 0xDE56, 0xDE56, 0xDE76, 0xDE76, 0xD5F4, 0x5B09, 0x6C6B, 0x640B, 0x1943, 0x18E4,
  0x1904, 0x1904, 0x18C3, 0x2184, 0x74ED, 0x5BEB, 0x3AA6, 0x1943, 0x0000, 0x0041, 0x0021, 0x0021,
  0x0021, 0x0021, 0x0021, 0x0021, 0x0021, 0x0021, 0x0021, 0x0021, 0x0021, 0x0021, 0x0021, 0x0041,
  0x0021, 0x0021, 0x0021, 0x0021, 0x0021, 0x0021, 0x0021, 0x0021, 0x0021, 0x0041, 0x0021, 0x0021,
  0x0021, 0x0021, 0x0021, 0x0021, 0x0021, 0x0021, 0x0021, 0x0021, 0x0021, 0x0021, 0x0021, 0x0021,
  0x0021, 0x0021, 0x0021, 0x0021, 0x0021, 0x0021, 0x0021, 0x0021, 0x0021, 0x0021, 0x0021, 0x0021,
  0x0021, 0x0021, 0x0021, 0x0021, 0x0021, 0x0021, 0x0021, 0x0021, 0x0021, 0x0021, 0x2985, 0x0841,
  0x42E8, 0x8D90, 0x4B28, 0x1903, 0x18E4, 0x2104, 0x10C3, 0x4207, 0x31A6, 0x2945, 0x31A6, 0x31A6,
  0x39E6, 0x944F, 0xE697, 0xD656, 0xDE56, 0xDE56, 0xDE56, 0xDE56, 0xDE56, 0xDE56, 0xDE56, 0xDE56,
  0xDE56, 0xD635, 0xDE56, 0xDE56, 0xD635, 0xD635, 0xD635, 0xD656, 0xDE56, 0xDE56, 0xDE36, 0xDE56,
  0xDE55, 0xDE56, 0xDE56, 0xDE56, 0xD635, 0xD635, 0xD635, 0xDE56, 0xDE56, 0xDE56, 0xDE56, 0xDE56,
  0xDE56, 0xDE56, 0xDE56, 0xDE56, 0xDE56, 0xDE56, 0xDE56, 0xDE56, 0xDE56, 0xDE56, 0xD636, 0xD635,
  0xDE56, 0xDE56, 0xDE56, 0xDE56, 0xDE56, 0xDE56, 0xD635, 0xDE56, 0xDE56, 0xDE56, 0xDE56, 0xDE56,
  0xDE56, 0xDE55, 0xD635, 0xDE56, 0xDE56, 0xDE76, 0xDE55, 0xDE55, 0xD635, 0xE696, 0x840D, 0x5389,
  0x5B89, 0x29E4, 0x18E3, 0x1904, 0x18E4, 0x18E4, 0x10C3, 0x642A, 0x74AD, 0x3AA6, 0x2A04, 0x0000,
  0x0021, 0x0021, 0x0021, 0x0021, 0x0021, 0x0021, 0x0021, 0x0021, 0x0021, 0x0021, 0x0021, 0x0021,
  0x0021, 0x0021, 0x0021, 0x0021, 0x0021, 0x0021, 0x0021, 0x0021, 0x0021, 0x0021, 0x0021, 0x0021,
  0x0021, 0x0021, 0x0021, 0x0021, 0x0021, 0x0021, 0x0021, 0x0021, 0x0021, 0x0021, 0x0021, 0x0021,
  0x0021, 0x0021, 0x0021, 0x0021, 0x0021, 0x0021, 0x0021, 0x0021, 0x0021, 0x0021, 0x0021, 0x0021,
  0x0021, 0x0021, 0x0021, 0x0021, 0x0021, 0x0021, 0x0021, 0x0021, 0x0021, 0x0021, 0x0021, 0x0041,
  0x0000, 0x3A47, 0x856F, 0x74CD, 0x640B, 0x5349, 0x1943, 0x18E4, 0x2124, 0x18E3, 0x3185, 0x4207,
  0x2124, 0x39C7, 0x31A6, 0x39A6, 0x6B2B, 0xDE56, 0xDE56, 0xDE56, 0xDE56, 0xDE56, 0xDE56, 0xDE56,
  0xDE56, 0xDE56, 0xDE56, 0xDE56, 0xDE56, 0xDE56, 0xDE56, 0xDE56, 0xDE56, 0xD635, 0xD635, 0xDE56,
  0xDE56, 0xDE56, 0xDE56, 0xD636, 0xDE56, 0xDE56, 0xDE56, 0xD615, 0xDE56, 0xD656, 0xD656, 0xDE56,
  0xDE56, 0xDE56, 0xDE56, 0xDE76, 0xDE76, 0xDE56, 0xDE56, 0xDE56, 0xDE76, 0xDE56, 0xD635, 0xDE56,
  0xDE76, 0xDE56, 0xD635, 0xD635, 0xDE56, 0xDE76, 0xDE56, 0xDE56, 0xDE56, 0xDE56, 0xDE56, 0xDE56,
  0xDE56, 0xDE56, 0xDE76, 0xDE56, 0xDE56, 0xD635, 0xD635, 0xDE56, 0xDE56, 0xDE56, 0xDE56, 0xDE56,
  0xE697, 0xA4B0, 0x640B, 0x856E, 0x3AA7, 0x10C2, 0x1904, 0x18E3, 0x1904, 0x10C3, 0x3AA6, 0x74CD,
  0x4B08, 0x3285, 0x0861, 0x0021, 0x0021, 0x0021, 0x0021, 0x0021, 0x0021, 0x0021, 0x0021, 0x0021,
  0x0021, 0x0021, 0x0021, 0x0021, 0x0021, 0x0021, 0x0021, 0x0021, 0x0021, 0x0021, 0x0021, 0x0021,
  0x0021, 0x0021, 0x0021, 0x0021, 0x0021, 0x0021, 0x0021, 0x0021, 0x0021, 0x0021, 0x0021, 0x0021,
  0x0021, 0x0021, 0x0021, 0x0021, 0x0021, 0x0021, 0x0021, 0x0021, 0x0021, 0x0021, 0x0021, 0x0021,
  0x0021, 0x0021, 0x0021, 0x0021, 0x0021, 0x0021, 0x0021, 0x0021, 0x0021, 0x0021, 0x0021, 0x0021,
  0x0021, 0x0021, 0x0041, 0x0000, 0x2985, 0x856E, 0x74EC, 0x7D0D, 0x856E, 0x63EB, 0x18E2, 0x2124,
  0x18E4, 0x2104, 0x4A69, 0x2104, 0x3A27, 0x4267, 0x39A6, 0x5268, 0xC5B4, 0xDE56, 0xD656, 0xDE56,
  0xDE56, 0xDE56, 0xDE76, 0xDE56, 0xD635, 0xDE56, 0xDE56, 0xD635, 0xDE56, 0xDE56, 0xD635, 0xDE56,
  0xDE56, 0xDE56, 0xDE56, 0xDE56, 0xDE56, 0xDE56, 0xDE56, 0xDE56, 0xDE56, 0xDE56, 0xDE35, 0xDE35,
  0xDE76, 0xDE56, 0xDE56, 0xDE55, 0xDE56, 0xDE56, 0xDE76, 0xDE76, 0xDE56, 0xDE56, 0xDE56, 0xDE56,
  0xDE56, 0xDE55, 0xD635, 0xDE56, 0xDE56, 0xDE56, 0xD635, 0xD635, 0xDE55, 0xDE56, 0xDE56, 0xDE56,
  0xDE56, 0xDE56, 0xDE56, 0xDE56, 0xDE56, 0xDE56, 0xDE56, 0xDE56, 0xDE56, 0xDE56, 0xD635, 0xDE55,
  0xDE56, 0xD635, 0xD656, 0xDE96, 0xCDD4, 0x63CB, 0x858F, 0x5B69, 0x1942, 0x2144, 0x18E4, 0x2104,
  0x10A3, 0x3225, 0x750D, 0x5349, 0x3AA6, 0x10E2, 0x0000, 0x0041, 0x0021, 0x0021, 0x0021, 0x0021,
  0x0021, 0x0021, 0x0021, 0x0021, 0x0021, 0x0021, 0x0021, 0x0021, 0x0021, 0x0021, 0x0021, 0x0021,
  0x0021, 0x0041, 0x0021, 0x0021, 0x0021, 0x0021, 0x0021, 0x0021, 0x0021, 0x0021, 0x0021, 0x0021,
  0x0021, 0x0021, 0x0021, 0x0021, 0x0021, 0x0021, 0x0021, 0x0021, 0x0021, 0x0021, 0x0021, 0x0021,
  0x0021, 0x0021, 0x0021, 0x0021, 0x0021, 0x0021, 0x0021, 0x0021, 0x0021, 0x0021, 0x0021, 0x0021,
  0x0021, 0x0021, 0x0021, 0x0021, 0x0021, 0x0021, 0x0041, 0x0020, 0x5329, 0x84EE, 0x8D4F, 0x854E,
  0x7CCE, 0x3AA6, 0x1923, 0x2104, 0x18E3, 0x4A28, 0x2945, 0x31A6, 0x31A6, 0x2985, 0x41E7, 0xA4D0,
  0xE697, 0xD636, 0xDE55, 0xDE56, 0xDE76, 0xDE56, 0xDE56, 0xDE56, 0xDE56, 0xDE56, 0xDE56, 0xDE56,
  0xDE56, 0xDE56, 0xDE56, 0xDE56, 0xDE56, 0xDE56, 0xDE56, 0xDE56, 0xDE56, 0xDE56, 0xDE56, 0xDE56,
  0xDE56, 0xDE55, 0xD635, 0xDE56, 0xDE56, 0xDE56, 0xD636, 0xDE56, 0xDE56, 0xDE76, 0xDE56, 0xDE56,
  0xDE56, 0xDE76, 0xDE56, 0xDE56, 0xDE56, 0xDE35, 0xDE56, 0xDE56, 0xDE56, 0xD635, 0xDE56, 0xDE56,
  0xDE56, 0xD635, 0xD635, 0xDE56, 0xDE56, 0xDE56, 0xDE56, 0xD635, 0xDE56, 0xDE56, 0xDE35, 0xD635,
  0xDE56, 0xDE56, 0xDE56, 0xD635, 0xDE56, 0xDE35, 0xDE56, 0xDE56, 0x73CC, 0x7D2D, 0x748C, 0x29A4,
  0x2164, 0x2144, 0x18E4, 0x18E4, 0x1903, 0x6C8B, 0x6C4C, 0x3AC6, 0x21A3, 0x0000, 0x0041, 0x0021,
  0x0021, 0x0021, 0x0021, 0x0021, 0x0021, 0x0021, 0x0021, 0x0021, 0x0021, 0x0021, 0x0021, 0x0021,
  0x0021, 0x0021, 0x0021, 0x0021, 0x0021, 0x0021, 0x0021, 0x0021, 0x0021, 0x0021, 0x0021, 0x0021,
  0x0021, 0x0021, 0x0021, 0x0021, 0x0021, 0x0021, 0x0021, 0x0021, 0x0021, 0x0021, 0x0021, 0x0021,
  0x0021, 0x0021, 0x0021, 0x0021, 0x0021, 0x0021, 0x0021, 0x0021, 0x0021, 0x0021, 0x0021, 0x0021,
  0x0021, 0x0021, 0x0021, 0x0021, 0x0021, 0x0021, 0x0021, 0x0021, 0x0021, 0x0021, 0x0021, 0x0021,
  0x3AC6, 0x4307, 0x5B8A, 0x6C2C, 0x42C7, 0x3285, 0x2164, 0x18C3, 0x39E7, 0x31A6, 0x2125, 0x31A6,
  0x31C7, 0x39C6, 0x83CD, 0xDE56, 0xD635, 0xDE56, 0xDE35, 0xDE55, 0xDE56, 0xD635, 0xD635, 0xDE56,
  0xDE56, 0xD635, 0xDE56, 0xDE56, 0xDE55, 0xDE56, 0xDE56, 0xDE76, 0xDE56, 0xDE76, 0xDE56, 0xDE56,
  0xDE56, 0xDE56, 0xDE56, 0xDE56, 0xDE56, 0xDE56, 0xDE56, 0xDE56, 0xDE56, 0xDE56, 0xD636, 0xDE56,
  0xDE56, 0xDE56, 0xDE56, 0xDE56, 0xDE76, 0xDE76, 0xDE56, 0xD635, 0xDE35, 0xDE56, 0xDE56, 0xDE56,
  0xDE56, 0xD635, 0xDE56, 0xDE56, 0xDE56, 0xDE56, 0xD635, 0xDE56, 0xDE56, 0xDE56, 0xDE56, 0xDE56,
  0xDE56, 0xDE56, 0xD635, 0xD615, 0xD635, 0xDE56, 0xDE76, 0xDE56, 0xDE55, 0xD635, 0xE676, 0x946F,
  0x646B, 0x854E, 0x3A66, 0x1903, 0x29A4, 0x1903, 0x1904, 0x10A2, 0x5389, 0x74CD, 0x3AC7, 0x3225,
  0x0021, 0x0021, 0x0021, 0x0021, 0x0021, 0x0021, 0x0021, 0x0021, 0x0021, 0x0021, 0x0021, 0x0021,
  0x0021, 0x0021, 0x0021, 0x0021, 0x0021, 0x0021, 0x0021, 0x0021, 0x0041, 0x0021, 0x0021, 0x0021,
  0x0021, 0x0021, 0x0021, 0x0021, 0x0021, 0x0021, 0x0021, 0x0021, 0x0021, 0x0021, 0x0021, 0x0021,
  0x0021, 0x0021, 0x0021, 0x0021, 0x0021, 0x0021, 0x0021, 0x0021, 0x0021, 0x0021, 0x0021, 0x0021,
  0x0021, 0x0021, 0x0021, 0x0021, 0x0021, 0x0021, 0x0021, 0x0021, 0x0021, 0x0021, 0x0021, 0x0021,
  0x0021, 0x0021, 0x0021, 0x0021, 0x3AC7, 0x4B68, 0x4327, 0x4B48, 0x3AC6, 0x3AA6, 0x10E2, 0x2945,
  0x41E7, 0x2124, 0x39C7, 0x3186, 0x39C7, 0x6B2B, 0xDE56, 0xD635, 0xD615, 0xDE56, 0xDE56, 0xDE56,
  0xD635, 0xDE35, 0xDE56, 0xDE55, 0xDE56, 0xD635, 0xD636, 0xD635, 0xDE56, 0xDE56, 0xDE56, 0xDE56,
  0xDE56, 0xDE56, 0xDE76, 0xDE76, 0xDE56, 0xDE56, 0xDE56, 0xDE56, 0xD656, 0xD635, 0xDE56, 0xDE56,
  0xDE56, 0xDE56, 0xDE56, 0xDE56, 0xDE56, 0xDE56, 0xDE56, 0xDE56, 0xDE56, 0xDE56, 0xDE56, 0xD656,
  0xDE56, 0xDE56, 0xDE56, 0xDE56, 0xD655, 0xDE56, 0xDE56, 0xDE56, 0xDE56, 0xDE56, 0xDE56, 0xDE56,
  0xDE56, 0xDE56, 0xDE56, 0xDE56, 0xDE56, 0xDE56, 0xDE56, 0xD636, 0xD635, 0xDE76, 0xDE76, 0xDE55,
  0xD635, 0xE676, 0xB512, 0x640B, 0x858F, 0x4B08, 0x1903, 0x18E4, 0x1903, 0x2985, 0x10A3, 0x3246,
  0x7D2E, 0x4B29, 0x3285, 0x0881, 0x0001, 0x0021, 0x0021, 0x0021, 0x0021, 0x0021, 0x0021, 0x0021,
  0x0021, 0x0021, 0x0021, 0x0021, 0x0021, 0x0021, 0x0021, 0x0021, 0x0021, 0x0021, 0x0021, 0x0021,
  0x0021, 0x0021, 0x0021, 0x0021, 0x0021, 0x0021, 0x0021, 0x0021, 0x0021, 0x0021, 0x0021, 0x0021,
  0x0021, 0x0021, 0x0021, 0x0021, 0x0021, 0x0021, 0x0021, 0x0021, 0x0021, 0x0021, 0x0021, 0x0021,
  0x0021, 0x0021, 0x0021, 0x0021, 0x0021, 0x0021, 0x0021, 0x0021, 0x0021, 0x0021, 0x0041, 0x0021,
  0x0021, 0x0021, 0x0021, 0x0021, 0x0021, 0x0021, 0x0021, 0x0021, 0x3AA6, 0x4B48, 0x4B27, 0x5389,
  0x3AC6, 0x3265, 0x2144, 0x4A69, 0x2945, 0x31A6, 0x31A6, 0x31A6, 0x5268, 0xC5D4, 0xDE76, 0xD615,
  0xD635, 0xDE56, 0xDE76, 0xDE56, 0xDE55, 0xDE56, 0xDE35, 0xD635, 0xD635, 0xD656, 0xD635, 0xD636,
  0xDE56, 0xDE56, 0xDE56, 0xDE56, 0xDE56, 0xD655, 0xDE56, 0xDE76, 0xDE56, 0xDE56, 0xDE56, 0xDE56,
  0xD635, 0xDE55, 0xDE56, 0xDE56, 0xDE56, 0xDE56, 0xDE76, 0xDE76, 0xDE56, 0xDE56, 0xDE56, 0xDE56,
  0xDE56, 0xDE56, 0xDE56, 0xD635, 0xDE56, 0xDE56, 0xDE56, 0xD635, 0xDE56, 0xDE56, 0xDE56, 0xDE56,
  0xDE56, 0xDE56, 0xDE55, 0xD635, 0xD635, 0xDE56, 0xDE56, 0xDE56, 0xDE56, 0xDE56, 0xDE56, 0xDE56,
  0xDE56, 0xDE76, 0xDE56, 0xD635, 0xDE56, 0xD615, 0x63AB, 0x7D4D, 0x640B, 0x1943, 0x18E4, 0x1904,
  0x2144, 0x1903, 0x2143, 0x6CAC, 0x5B8A, 0x3AA6, 0x1923, 0x0000, 0x0041, 0x0021, 0x0021, 0x0021,
  0x0021, 0x0021, 0x0021, 0x0021, 0x0021, 0x0021, 0x0021, 0x0021, 0x0021, 0x0021, 0x0021, 0x0021,
  0x0021, 0x0021, 0x0021, 0x0041, 0x0021, 0x0021, 0x0021, 0x0021, 0x0021, 0x0021, 0x0021, 0x0021,
  0x0021, 0x0021, 0x0021, 0x0021, 0x0021, 0x0021, 0x0021, 0x0021, 0x0021, 0x0021, 0x0021, 0x0021,
  0x0021, 0x0021, 0x0021, 0x0021, 0x0021, 0x0021, 0x0021, 0x0021, 0x0021, 0x0021, 0x0021, 0x0021,
  0x0021, 0x0021, 0x0021, 0x0021, 0x0021, 0x0021, 0x0021, 0x0021, 0x0021, 0x0021, 0x0021, 0x0020,
  0x3265, 0x4347, 0x4B68, 0x5388, 0x3A86, 0x3285, 0x31E6, 0x2965, 0x2986, 0x31A6, 0x31A6, 0x4207,
  0xA4F1, 0xE697, 0xDE56, 0xDE56, 0xDE56, 0xDE56, 0xDE56, 0xDE56, 0xDE56, 0xDE56, 0xDE55, 0xDE56,
  0xDE56, 0xDE56, 0xD656, 0xDE56, 0xDE56, 0xD635, 0xDE56, 0xDE35, 0xD635, 0xDE56, 0xDE76, 0xDE56,
  0xDE56, 0xDE56, 0xD635, 0xD635, 0xD635, 0xDE56, 0xDE76, 0xDE56, 0xDE56, 0xDE56, 0xDE56, 0xDE56,
  0xDE56, 0xDE56, 0xDE55, 0xDE55, 0xDE55, 0xDE55, 0xDE56, 0xD635, 0xD635, 0xD635, 0xD635, 0xDE56,
  0xDE56, 0xDE56, 0xDE56, 0xDE56, 0xDE56, 0xDE76, 0xDE56, 0xDE56, 0xDE56, 0xDE56, 0xDE56, 0xDE56,
  0xDE56, 0xDE55, 0xDE56, 0xDE56, 0xDE56, 0xD635, 0xD635, 0xD635, 0xE676, 0x7BED, 0x6CCC, 0x7CEE,
  0x29E5, 0x18E3, 0x1904, 0x18E4, 0x1924, 0x1902, 0x5C0A, 0x6C6C, 0x3A86, 0x29E4, 0x0000, 0x0041,
  0x0021, 0x0021, 0x0021, 0x0021, 0x0021, 0x0021, 0x0021, 0x0021, 0x0021, 0x0021, 0x0021, 0x0021,
  0x0021, 0x0021, 0x0021, 0x0021, 0x0021, 0x0021, 0x0021, 0x0021, 0x0021, 0x0021, 0x0021, 0x0021,
  0x0021, 0x0021, 0x0021, 0x0021, 0x0021, 0x0021, 0x0021, 0x0021, 0x0021, 0x0021, 0x0021, 0x0021,
  0x0021, 0x0021, 0x0021, 0x0021, 0x0021, 0x0021, 0x0021, 0x0021, 0x0021, 0x0021, 0x0021, 0x0021,
  0x0021, 0x0021, 0x0021, 0x0021, 0x0021, 0x0021, 0x0021, 0x0021, 0x0021, 0x0021, 0x0021, 0x0021,
  0x0021, 0x0021, 0x0020, 0x3AA6, 0x3A86, 0x31E5, 0x42A6, 0x3AA6, 0x2A45, 0x3245, 0x2103, 0x2965,
  0x39E7, 0x31A7, 0x39E6, 0x83ED, 0xDE56, 0xD615, 0xDE56, 0xDE56, 0xDE56, 0xD635, 0xD635, 0xD635,
  0xDE56, 0xD635, 0xD635, 0xDE36, 0xDE35, 0xDE56, 0xDE56, 0xDE56, 0xDE76, 0xDE56, 0xDE36, 0xDE56,
  0xDE56, 0xDE56, 0xDE56, 0xDE56, 0xDE56, 0xDE56, 0xDE56, 0xDE76, 0xDE56, 0xDE56, 0xDE55, 0xDE56,
  0xDE56, 0xDE56, 0xDE56, 0xDE56, 0xDE56, 0xDE56, 0xDE56, 0xDE56, 0xDE56, 0xDE56, 0xDE56, 0xD635,
  0xDE56, 0xDE56, 0xD636, 0xD656, 0xDE56, 0xDE56, 0xDE56, 0xDE56, 0xDE56, 0xDE56, 0xDE56, 0xDE56,
  0xDE56, 0xDE56, 0xDE56, 0xDE56, 0xDE56, 0xD635, 0xDE56, 0xDE56, 0xDE56, 0xD635, 0xD615, 0xE676,
  0xA4D0, 0x642B, 0x8D6F, 0x42C7, 0x18E3, 0x2104, 0x1904, 0x2124, 0x10C3, 0x4327, 0x74ED, 0x42C7,
  0x3265, 0x0841, 0x0021, 0x0021, 0x0021, 0x0021, 0x0021, 0x0021, 0x0021, 0x0021, 0x0021, 0x0021,
  0x0021, 0x0021, 0x0021, 0x0021, 0x0021, 0x0021, 0x0021, 0x0021, 0x0021, 0x0021, 0x0021, 0x0021,
  0x0021, 0x0021, 0x0021, 0x0021, 0x0021, 0x0021, 0x0021, 0x0021, 0x0021, 0x0021, 0x0021, 0x0021,
  0x0021, 0x0021, 0x0021, 0x0021, 0x0021, 0x0021, 0x0021, 0x0021, 0x0021, 0x0021, 0x0021, 0x0021,
  0x0021, 0x0021, 0x0021, 0x0021, 0x0021, 0x0021, 0x0021, 0x0021, 0x0021, 0x0021, 0x0021, 0x0021,
  0x0021, 0x0021, 0x0021, 0x0021, 0x0041, 0x0000, 0x3A87, 0x6CCC, 0x5B4A, 0x9C2E, 0x8BCD, 0x62C9,
  0x4A67, 0x31A5, 0x18E4, 0x29A5, 0x31E5, 0x3186, 0x62EA, 0xD635, 0xD635, 0xD635, 0xD635, 0xDE56,
  0xD656, 0xD635, 0xD635, 0xDE55, 0xDE56, 0xD635, 0xDE56, 0xDE56, 0xDE56, 0xD636, 0xDE56, 0xDE56,
  0xDE56, 0xD656, 0xD635, 0xDE56, 0xDE56, 0xDE56, 0xDE56, 0xDE55, 0xDE56, 0xDE56, 0xDE56, 0xDE56,
  0xDE56, 0xDE56, 0xDE56, 0xDE56, 0xDE56, 0xDE56, 0xDE56, 0xDE56, 0xDE56, 0xDE56, 0xDE35, 0xDE56,
  0xDE76, 0xDE56, 0xDE56, 0xDE56, 0xDE56, 0xDE56, 0xDE56, 0xDE56, 0xDE56, 0xDE56, 0xDE56, 0xDE56,
  0xDE56, 0xDE56, 0xD635, 0xD635, 0xD635, 0xDE56, 0xDE56, 0xDE56, 0xD635, 0xD635, 0xDE56, 0xDE56,
  0xD635, 0xD635, 0xDE56, 0xC593, 0x63AA, 0x858E, 0x5B8A, 0x1923, 0x18E4, 0x1904, 0x1904, 0x10A3,
  0x2A05, 0x7D2D, 0x5349, 0x3AA6, 0x10E2, 0x0000, 0x0041, 0x0021, 0x0021, 0x0021, 0x0021, 0x0021,
  0x0021, 0x0021, 0x0021, 0x0021, 0x0021, 0x0021, 0x0021, 0x0021, 0x0021, 0x0021, 0x0021, 0x0021,
  0x0021, 0x0021, 0x0021, 0x0021, 0x0021, 0x0021, 0x0021, 0x0021, 0x0041, 0x0021, 0x0021, 0x0021,
  0x0021, 0x0021, 0x0021, 0x0021, 0x0021, 0x0021, 0x0021, 0x0021, 0x0021, 0x0021, 0x0021, 0x0021,
  0x0021, 0x0021, 0x0021, 0x0021, 0x0021, 0x0021, 0x0021, 0x0021, 0x0021, 0x0021, 0x0021, 0x0021,
  0x0021, 0x0021, 0x0021, 0x0021, 0x0021, 0x0021, 0x0021, 0x0041, 0x0000, 0x2164, 0x7D4D, 0x640B,
  0x8BED, 0xACD0, 0xACD0, 0xACD0, 0xACD0, 0x942E, 0x7B6B, 0x5248, 0x41E7, 0x4207, 0xBD73, 0xE697,
  0xDE76, 0xDE56, 0xD635, 0xD636, 0xD656, 0xDE56, 0xDE56, 0xDE56, 0xDE56, 0xDE56, 0xDE56, 0xDE56,
  0xDE56, 0xDE56, 0xDE56, 0xDE56, 0xD635, 0xDE56, 0xDE56, 0xDE55, 0xDE35, 0xDE56, 0xDE56, 0xD656,
  0xDE55, 0xD635, 0xDE56, 0xDE55, 0xDE55, 0xDE56, 0xDE56, 0xDE56, 0xDE56, 0xDE56, 0xDE76, 0xDE56,
  0xDE56, 0xDE56, 0xDE56, 0xD656, 0xDE56, 0xDE56, 0xDE56, 0xDE56, 0xDE76, 0xDE56, 0xDE56, 0xDE56,
  0xDE56, 0xDE56, 0xDE56, 0xDE56, 0xDE56, 0xDE56, 0xD635, 0xD635, 0xD635, 0xDE56, 0xDE56, 0xDE56,
  0xD635, 0xD635, 0xD656, 0xD635, 0xD635, 0xD635, 0xDE56, 0x73CC, 0x752D, 0x748D, 0x2183, 0x18C3,
  0x1904, 0x1904, 0x1904, 0x2143, 0x6C8B, 0x63EB, 0x3A86, 0x2183, 0x0000, 0x0041, 0x0021, 0x0021,
  0x0021, 0x0021, 0x0021, 0x0021, 0x0021, 0x0021, 0x0021, 0x0021, 0x0021, 0x0021, 0x0021, 0x0021,
  0x0021, 0x0021, 0x0021, 0x0021, 0x0021, 0x0021, 0x0021, 0x0021, 0x0021, 0x0021, 0x0021, 0x0021,
  0x0021, 0x0021, 0x0021, 0x0021, 0x0021, 0x0021, 0x0021, 0x0021, 0x0021, 0x0021, 0x0021, 0x0021,
  0x0021, 0x0021, 0x0021, 0x0021, 0x0021, 0x0021, 0x0021, 0x0021, 0x0021, 0x0021, 0x0021, 0x0021,
  0x0021, 0x0021, 0x0021, 0x0021, 0x0021, 0x0021, 0x0021, 0x0021, 0x0021, 0x0021, 0x0041, 0x0020,
  0x0881, 0x74CC, 0x6C8C, 0x83AC, 0xACD0, 0xA48F, 0xA490, 0xA48F, 0xA48F, 0xA4D0, 0xACF1, 0xACF0,
  0x8C0D, 0x6B0A, 0x942E, 0x944E, 0xB552, 0xD615, 0xDE56, 0xDE56, 0xDE56, 0xD635, 0xD636, 0xDE56,
  0xD635, 0xDE56, 0xDE56, 0xDE56, 0xDE56, 0xDE55, 0xDE56, 0xD656, 0xDE56, 0xDE76, 0xDE76, 0xDE56,
  0xDE56, 0xDE56, 0xDE56, 0xDE56, 0xDE56, 0xDE55, 0xDE56, 0xDE56, 0xDE56, 0xDE56, 0xD635, 0xDE56,
  0xDE56, 0xDE56, 0xDE56, 0xDE56, 0xDE56, 0xDE56, 0xDE56, 0xDE56, 0xDE56, 0xDE56, 0xDE56, 0xDE56,
  0xDE76, 0xDE56, 0xDE56, 0xDE56, 0xDE56, 0xD635, 0xD635, 0xD635, 0xD655, 0xDE56, 0xDE55, 0xDE56,
  0xD635, 0xD635, 0xDE56, 0xDE56, 0xDE56, 0xDE56, 0xDE56, 0xDE56, 0xD635, 0xE697, 0x944F, 0x646B,
  0x7D2E, 0x3A46, 0x10C3, 0x1904, 0x1904, 0x1904, 0x18C3, 0x4307, 0x640B, 0x3AA6, 0x2A04, 0x0021,
  0x0021, 0x0021, 0x0021, 0x0021, 0x0021, 0x0021, 0x0021, 0x0021, 0x0021, 0x0021, 0x0021, 0x0021,
  0x0021, 0x0021, 0x0021, 0x0021, 0x0021, 0x0021, 0x0021, 0x0021, 0x0021, 0x0021, 0x0021, 0x0021,
  0x0021, 0x0021, 0x0021, 0x0021, 0x0021, 0x0021, 0x0021, 0x0021, 0x0021, 0x0021, 0x0021, 0x0021,
  0x0021, 0x0021, 0x0021, 0x0021, 0x0021, 0x0021, 0x0021, 0x0021, 0x0021, 0x0021, 0x0021, 0x0021,
  0x0021, 0x0021, 0x0021, 0x0021, 0x0021, 0x0021, 0x0021, 0x0021, 0x0021, 0x0021, 0x0021, 0x0021,
  0x0021, 0x0021, 0x0021, 0x0000, 0x5BCA, 0x7D2D, 0x738C, 0xACD0, 0xA4B0, 0xA48F, 0xA4B0, 0xA4B0,
  0xA4B0, 0xA4B0, 0xA4B0, 0x9C6F, 0x7B6B, 0xA4B0, 0xA48F, 0x942E, 0x8C0D, 0x8BED, 0x8BED, 0xACF0,
  0xCDF4, 0xDE97, 0xE697, 0xDE76, 0xD635, 0xD636, 0xD635, 0xDE56, 0xDE56, 0xDE56, 0xDE56, 0xDE56,
  0xDE76, 0xDE76, 0xDE76, 0xDE76, 0xDE55, 0xDE56, 0xDE56, 0xDE56, 0xDE56, 0xDE56, 0xDE56, 0xDE56,
  0xDE76, 0xDE76, 0xD636, 0xDE56, 0xD635, 0xDE56, 0xDE76, 0xDE56, 0xDE56, 0xDE56, 0xD635, 0xDE56,
  0xDE76, 0xDE76, 0xDE76, 0xDE56, 0xDE56, 0xDE56, 0xDE56, 0xDE56, 0xDE56, 0xDE55, 0xD635, 0xD635,
  0xD635, 0xDE56, 0xDE56, 0xDE56, 0xDE56, 0xD635, 0xDE56, 0xDE56, 0xDE56, 0xDE56, 0xDE56, 0xD635,
  0xE697, 0xB532, 0x5369, 0x856F, 0x4B08, 0x10E2, 0x18E4, 0x18E4, 0x1904, 0x10A3, 0x3AA6, 0x74ED,
  0x4308, 0x3AA6, 0x0881, 0x0021, 0x0021, 0x0021, 0x0021, 0x0021, 0x0021, 0x0021, 0x0021, 0x0021,
  0x0021, 0x0021, 0x0021, 0x0021, 0x0021, 0x0021, 0x0021, 0x0021, 0x0021, 0x0021, 0x0021, 0x0021,
  0x0021, 0x0021, 0x0021, 0x0021, 0x0021, 0x0021, 0x0041, 0x0021, 0x0021, 0x0021, 0x0021, 0x0021,
  0x0021, 0x0021, 0x0021, 0x0021, 0x0021, 0x0021, 0x0021, 0x0021, 0x0021, 0x0021, 0x0021, 0x0021,
  0x0021, 0x0021, 0x0021, 0x0021, 0x0021, 0x0021, 0x0021, 0x0021, 0x0021, 0x0021, 0x0021, 0x0021,
  0x0021, 0x0021, 0x0021, 0x0021, 0x0021, 0x0041, 0x0000, 0x3A66, 0x7D0D, 0x6BAB, 0x9C4F, 0xA4B0,
  0xA4B0, 0xA490, 0xA4B0, 0xA4B0, 0xA4B0, 0xA4B0, 0xACD0, 0x83CD, 0x9C6F, 0xA4B0, 0xA48F, 0xA4AF,
  0xACD0, 0xA4B0, 0x9C4E, 0x8C0D, 0x8C0D, 0x944F, 0xA4D0, 0xC5D4, 0xD635, 0xDE76, 0xDE55, 0xDE56,
  0xD635, 0xD635, 0xD635, 0xDE56, 0xDE56, 0xDE76, 0xDE56, 0xDE55, 0xDE56, 0xDE76, 0xDE76, 0xDE76,
  0xDE56, 0xDE56, 0xDE56, 0xDE56, 0xDE76, 0xDE36, 0xD635, 0xDE56, 0xDE56, 0xDE56, 0xDE56, 0xDE56,
  0xDE56, 0xDE56, 0xDE35, 0xDE56, 0xDE56, 0xDE56, 0xDE56, 0xDE56, 0xDE56, 0xD635, 0xDE56, 0xDE56,
  0xDE56, 0xDE56, 0xD655, 0xD656, 0xDE56, 0xDE56, 0xD635, 0xDE35, 0xDE56, 0xDE56, 0xDE56, 0xDE56,
  0xDE56, 0xD635, 0xD635, 0xD656, 0xD5F5, 0x5309, 0x53CA, 0x5BCB, 0x1963, 0x10A3, 0x18E4, 0x1904,
  0x18C3, 0x29C4, 0x74ED, 0x5BAA, 0x3AA6, 0x1923, 0x0000, 0x0041, 0x0021, 0x0021, 0x0021, 0x0021,
  0x0021, 0x0021, 0x0021, 0x0021, 0x0021, 0x0021, 0x0021, 0x0021, 0x0021, 0x0021, 0x0021, 0x0021,
  0x0041, 0x0021, 0x0021, 0x0021, 0x0021, 0x0021, 0x0021, 0x0021, 0x0021, 0x0021, 0x0021, 0x0021,
  0x0021, 0x0021, 0x0021, 0x0021, 0x0021, 0x0021, 0x0021, 0x0021, 0x0021, 0x0021, 0x0021, 0x0021,
  0x0021, 0x0021, 0x0021, 0x0021, 0x0021, 0x0021, 0x0021, 0x0021, 0x0021, 0x0021, 0x0021, 0x0021,
  0x0021, 0x0021, 0x0021, 0x0021, 0x0021, 0x0021, 0x0021, 0x0021, 0x0041, 0x0000, 0x2123, 0x6C4C,
  0x4B08, 0x8BCD, 0xACD0, 0xA4B0, 0xA4B0, 0xA490, 0xA48F, 0xA48F, 0xA4B0, 0xACD0, 0x8BED, 0x944F,
  0xACD0, 0xA48F, 0xA48F, 0xA4B0, 0xA4B0, 0xA48F, 0xA4B0, 0xA4D0, 0xA4B0, 0x8BED, 0x6AEA, 0x83CD,
  0x942E, 0xA4B0, 0xC5B4, 0xD635, 0xDE76, 0xDE97, 0xDE56, 0xD635, 0xD656, 0xD636, 0xDE56, 0xDE56,
  0xDE56, 0xDE56, 0xDE56, 0xDE76, 0xDE56, 0xDE76, 0xDE56, 0xDE56, 0xDE56, 0xDE35, 0xDE56, 0xDE56,
  0xD635, 0xDE56, 0xDE56, 0xDE56, 0xDE56, 0xDE56, 0xDE56, 0xDE56, 0xD635, 0xD635, 0xD635, 0xD635,
  0xD635, 0xD635, 0xD635, 0xDE56, 0xDE56, 0xDE56, 0xDE35, 0xD635, 0xD655, 0xDE56, 0xD635, 0xDE56,
  0xDE56, 0xDE56, 0xDE56, 0xDE56, 0xDE56, 0xDE56, 0xD656, 0xE676, 0x7BCC, 0x648B, 0x644B, 0x1922,
  0x18E3, 0x18E4, 0x18E3, 0x18E4, 0x1903, 0x648B, 0x644C, 0x3A86, 0x29E4, 0x0000, 0x0041, 0x0021,
  0x0021, 0x0021, 0x0021, 0x0021, 0x0021, 0x0021, 0x0021, 0x0021, 0x0021, 0x0021, 0x0021, 0x0041,
  0x0021, 0x0021, 0x0021, 0x0021, 0x0021, 0x0021, 0x0021, 0x0021, 0x0021, 0x0021, 0x0021, 0x0021,
  0x0021, 0x0021, 0x0021, 0x0021, 0x0021, 0x0021, 0x0021, 0x0021, 0x0021, 0x0021, 0x0021, 0x0021,
  0x0021, 0x0021, 0x0021, 0x0021, 0x0021, 0x0021, 0x0021, 0x0021, 0x0021, 0x0021, 0x0021, 0x0021,
  0x0021, 0x0021, 0x0021, 0x0021, 0x0021, 0x0021, 0x0021, 0x0021, 0x0021, 0x0021, 0x0021, 0x0041,
  0x0020, 0x2103, 0x944F, 0x942E, 0x7BAC, 0x7B8C, 0x83ED, 0x9C6F, 0x9C6F, 0xA4B0, 0xA4D0, 0xA4AF,
  0xA4B0, 0x944E, 0x83CD, 0xA4D0, 0xA48F, 0xA4B0, 0xA4B0, 0xA48F, 0xA4B0, 0xA4B0, 0xA4B0, 0xA48F,
  0x9C4E, 0x83CD, 0xA48F, 0xA48F, 0xA4B0, 0x942E, 0x83CD, 0x8C0E, 0xA4B0, 0xBD73, 0xD615, 0xE6B7,
  0xDE76, 0xD635, 0xD635, 0xD635, 0xD635, 0xD656, 0xD635, 0xD635, 0xD635, 0xDE56, 0xDE56, 0xDE56,
  0xDE56, 0xDE56, 0xDE56, 0xDE56, 0xDE56, 0xDE56, 0xDE56, 0xDE56, 0xDE56, 0xDE76, 0xDE56, 0xDE56,
  0xD635, 0xD615, 0xD635, 0xD635, 0xD635, 0xDE56, 0xDE56, 0xDE56, 0xDE56, 0xDE56, 0xDE56, 0xD635,
  0xD635, 0xDE56, 0xDE56, 0xDE76, 0xDE56, 0xDE56, 0xDE55, 0xDE56, 0xDE56, 0xD635, 0xE697, 0xA4B0,
  0x640A, 0x854E, 0x42C7, 0x10C2, 0x18E4, 0x18E3, 0x1904, 0x10A3, 0x4B68, 0x74ED, 0x42C7, 0x3265,
  0x0041, 0x0021, 0x0021, 0x0021, 0x0021, 0x0021, 0x0021, 0x0021, 0x0021, 0x0021, 0x0021, 0x0021,
  0x0021, 0x0021, 0x0021, 0x0021, 0x0021, 0x0021, 0x0021, 0x0021, 0x0021, 0x0021, 0x0021, 0x0021,
  0x0021, 0x0021, 0x0021, 0x0021, 0x0021, 0x0021, 0x0021, 0x0021, 0x0021, 0x0021, 0x0021, 0x0021,
  0x0021, 0x0021, 0x0021, 0x0021, 0x0021, 0x0021, 0x0021, 0x0021, 0x0021, 0x0021, 0x0021, 0x0021,
  0x0021, 0x0021, 0x0021, 0x0021, 0x0021, 0x0021, 0x0021, 0x0021, 0x0021, 0x0021, 0x0021, 0x0021,
  0x0021, 0x0021, 0x0021, 0x0041, 0x0000, 0x39C6, 0x7BAC, 0x83CD, 0x9C6F, 0x9C6F, 0x8C0D, 0x83AC,
  0x7B8C, 0x83CD, 0x944E, 0xA48F, 0x9C4E, 0x83AC, 0xA4D0, 0xA4B0, 0xA48F, 0xA4B0, 0xA4B0, 0xA4B0,
  0xA4B0, 0xA4B0, 0xA48F, 0xA4AF, 0x83CD, 0x9C6F, 0xA4B0, 0xA4B0, 0xA48F, 0xA4B0, 0xA4B0, 0xA4B0,
  0x942E, 0x83AC, 0x83CD, 0x944F, 0xB511, 0xCDF5, 0xDE76, 0xDE76, 0xDE56, 0xDE56, 0xD615, 0xD635,
  0xD635, 0xDE56, 0xDE56, 0xDE56, 0xDE56, 0xD635, 0xD635, 0xDE56, 0xDE56, 0xDE56, 0xDE56, 0xDE56,
  0xDE56, 0xDE56, 0xDE56, 0xDE56, 0xDE56, 0xD635, 0xD635, 0xDE56, 0xDE56, 0xDE56, 0xDE76, 0xDE56,
  0xDE56, 0xDE56, 0xDE56, 0xDE56, 0xDE56, 0xDE56, 0xDE56, 0xDE76, 0xDE56, 0xD635, 0xDE56, 0xDE56,
  0xD656, 0xDE76, 0xC593, 0x63CA, 0x858E, 0x5B8A, 0x1923, 0x2184, 0x18E3, 0x1904, 0x1083, 0x3245,
  0x7D2D, 0x4B28, 0x3AA6, 0x10C2, 0x0001, 0x0041, 0x0021, 0x0021, 0x0021, 0x0021, 0x0021, 0x0021,
  0x0021, 0x0021, 0x0021, 0x0021, 0x0021, 0x0021, 0x0021, 0x0021, 0x0021, 0x0021, 0x0021, 0x0021,
  0x0021, 0x0021, 0x0021, 0x0021, 0x0021, 0x0021, 0x0021, 0x0021, 0x0021, 0x0021, 0x0021, 0x0021,
  0x0021, 0x0021, 0x0021, 0x0021, 0x0021, 0x0021, 0x0021, 0x0021, 0x0021, 0x0021, 0x0021, 0x0021,
  0x0021, 0x0021, 0x0021, 0x0021, 0x0021, 0x0021, 0x0021, 0x0021, 0x0021, 0x0021, 0x0021, 0x0021,
  0x0021, 0x0021, 0x0021, 0x0021, 0x0021, 0x0021, 0x0021, 0x0041, 0x0000, 0x2944, 0x5A68, 0x5247,
  0x5AA9, 0x732B, 0x83AC, 0x8C0E, 0xA4B0, 0x8C0E, 0x6B0A, 0x83CD, 0x732B, 0x8BCD, 0xA48F, 0xA4B0,
  0xA4B0, 0xA490, 0xA48F, 0xA4B0, 0xA48F, 0xA48F, 0xACD0, 0x8C0D, 0x940E, 0xA4B0, 0xA490, 0xA4B0,
  0xA4B0, 0xA4B0, 0xA4B0, 0xA48F, 0xA4AF, 0xACD0, 0x9C6F, 0x62C9, 0x8BED, 0x83CD, 0x942E, 0xB532,
  0xCDD4, 0xD635, 0xDE76, 0xDE56, 0xD635, 0xD635, 0xD635, 0xDE56, 0xDE56, 0xD635, 0xD635, 0xD635,
  0xDE56, 0xDE56, 0xDE56, 0xDE56, 0xDE56, 0xDE56, 0xDE56, 0xDE56, 0xD635, 0xDE56, 0xDE56, 0xD635,
  0xDE56, 0xDE56, 0xDE56, 0xDE56, 0xDE56, 0xDE56, 0xDE56, 0xDE56, 0xDE76, 0xDE76, 0xDE56, 0xDE56,
  0xDE56, 0xDE56, 0xD635, 0xD635, 0xDE56, 0xDE36, 0x6BAB, 0x7D2D, 0x6C4C, 0x21A4, 0x2984, 0x2163,
  0x18E4, 0x18E4, 0x2143, 0x6CAC, 0x63EB, 0x3AA6, 0x2184, 0x0000, 0x0041, 0x0021, 0x0021, 0x0021,
  0x0021, 0x0021, 0x0021, 0x0021, 0x0021, 0x0021, 0x0021, 0x0021, 0x0021, 0x0021, 0x0021, 0x0021,
  0x0021, 0x0021, 0x0021, 0x0021, 0x0021, 0x0021, 0x0021, 0x0021, 0x0021, 0x0021, 0x0021, 0x0021,
  0x0021, 0x0021, 0x0021, 0x0021, 0x0021, 0x0021, 0x0021, 0x0021, 0x0021, 0x0021, 0x0021, 0x0021,
  0x0021, 0x0021, 0x0021, 0x0021, 0x0021, 0x0021, 0x0021, 0x0021, 0x0021, 0x0021, 0x0021, 0x0021,
  0x0021, 0x0021, 0x0021, 0x0021, 0x0021, 0x0021, 0x0021, 0x0021, 0x0021, 0x0021, 0x0041, 0x0000,
  0x21A4, 0x3A86, 0x20E3, 0x39A5, 0x4A27, 0x5247, 0x5248, 0x5AA9, 0x6B0A, 0x734C, 0x9C8F, 0x9C6F,
  0x942E, 0x83AC, 0x7B8C, 0x8BED, 0x9C6F, 0xA48F, 0xA48F, 0xA4B0, 0xA48F, 0xA4B0, 0x942E, 0x8C0E,
  0xA4B0, 0xA48F, 0xA4B0, 0xA4AF, 0xA4B0, 0xA4B0, 0xA4B0, 0xA4B0, 0xA490, 0xA490, 0x7BAC, 0x9C8F,
  0xACD0, 0xA48F, 0x9C4E, 0x8C0D, 0x83CD, 0x8BED, 0xAD11, 0xC5D4, 0xDE76, 0xE697, 0xDE56, 0xD635,
  0xD635, 0xD635, 0xD635, 0xD635, 0xDE56, 0xD636, 0xDE56, 0xDE56, 0xDE56, 0xDE56, 0xDE56, 0xDE56,
  0xDE56, 0xDE55, 0xDE56, 0xDE55, 0xDE56, 0xDE76, 0xD635, 0xD635, 0xDE56, 0xDE56, 0xDE56, 0xDE56,
  0xDE76, 0xDE76, 0xDE56, 0xDE56, 0xDE76, 0xDE56, 0xDE56, 0xD635, 0xE697, 0x8C4F, 0x6C8B, 0x852E,
  0x3266, 0x18E3, 0x2143, 0x2184, 0x2104, 0x10C2, 0x5C0A, 0x748C, 0x3AA6, 0x2A05, 0x0000, 0x0021,
  0x0021, 0x0021, 0x0021, 0x0021, 0x0021, 0x0021, 0x0021, 0x0021, 0x0021, 0x0021, 0x0021, 0x0021,
  0x0021, 0x0021, 0x0021, 0x0021, 0x0021, 0x0021, 0x0021, 0x0021, 0x0021, 0x0021, 0x0021, 0x0021,
  0x0021, 0x0021, 0x0021, 0x0021, 0x0021, 0x0021, 0x0021, 0x0021, 0x0021, 0x0021, 0x0021, 0x0021,
  0x0021, 0x0021, 0x0021, 0x0021, 0x0021, 0x0021, 0x0021, 0x0021, 0x0021, 0x0021, 0x0021, 0x0021,
  0x0021, 0x0021, 0x0021, 0x0021, 0x0021, 0x0021, 0x0021, 0x0021, 0x0021, 0x0021, 0x0021, 0x0021,
  0x0021, 0x0041, 0x0000, 0x10C2, 0x74EC, 0x3206, 0x2104, 0x2104, 0x18E3, 0x2944, 0x41C6, 0x4A27,
  0x4A06, 0x4A27, 0x62C9, 0x62EA, 0x83AC, 0x9C6F, 0x9C8F, 0x942E, 0x83CD, 0x83AC, 0x8BED, 0x944E,
  0xA48F, 0x9C8F, 0x83CD, 0xA48F, 0xA48F, 0xA4B0, 0xA4B0, 0xA4B0, 0xA48F, 0xA4B0, 0xA4B0, 0xA4B0,
  0xACD0, 0x8BCD, 0x942E, 0xACD0, 0xA48F, 0xA4B0, 0xA4B0, 0xA48F, 0xA4B0, 0xA48F, 0x8BED, 0x83CC,
  0x942E, 0xA4B0, 0xC5B4, 0xDE56, 0xE696, 0xDE76, 0xD655, 0xDE56, 0xDE56, 0xDE56, 0xDE56, 0xDE56,
  0xDE56, 0xDE56, 0xDE56, 0xDE56, 0xDE56, 0xD635, 0xD635, 0xDE56, 0xDE56, 0xDE56, 0xDE56, 0xD635,
  0xDE56, 0xDE56, 0xDE56, 0xDE56, 0xDE56, 0xDE56, 0xDE56, 0xDE56, 0xDE56, 0xD635, 0xD615, 0xE696,
  0xACF1, 0x640A, 0x8DAF, 0x4B08, 0x10E2, 0x18E4, 0x1903, 0x29A4, 0x10A3, 0x3AA7, 0x7D0E, 0x42E8,
  0x3285, 0x0861, 0x0021, 0x0021, 0x0021, 0x0021, 0x0021, 0x0021, 0x0021, 0x0021, 0x0021, 0x0021,
  0x0021, 0x0021, 0x0021, 0x0021, 0x0021, 0x0021, 0x0021, 0x0021, 0x0021, 0x0021, 0x0021, 0x0021,
  0x0021, 0x0021, 0x0021, 0x0021, 0x0021, 0x0021, 0x0021, 0x0021, 0x0021, 0x0021, 0x0021, 0x0021,
  0x0021, 0x0021, 0x0021, 0x0021, 0x0021, 0x0021, 0x0021, 0x0021, 0x0021, 0x0021, 0x0021, 0x0021,
  0x0021, 0x0041, 0x0021, 0x0021, 0x0021, 0x0021, 0x0021, 0x0021, 0x0021, 0x0021, 0x0021, 0x0021,
  0x0021, 0x0021, 0x0021, 0x0021, 0x0021, 0x0041, 0x0020, 0x644B, 0x42E8, 0x2105, 0x31A6, 0x2986,
  0x2966, 0x2945, 0x2104, 0x18E3, 0x2944, 0x3165, 0x41E6, 0x5247, 0x5268, 0x5A88, 0x6B0A, 0x83AD,
  0x944E, 0x9C6F, 0x944F, 0x83CD, 0x83AC, 0x62A9, 0x8BED, 0xA4B0, 0xA4B0, 0xA4D0, 0xA48F, 0xA4B0,
  0xA4B0, 0xA4B0, 0xA48F, 0xA4B0, 0x944E, 0x8BED, 0xACB0, 0xA48F, 0xACD0, 0xA4D0, 0xA4B0, 0xA48F,
  0xA48F, 0xA4B0, 0xACD0, 0xACF0, 0x83AC, 0x6AE9, 0x8BCD, 0x8C0E, 0xA4B0, 0xC5B3, 0xDE56, 0xE6B7,
  0xE697, 0xDE76, 0xD615, 0xD615, 0xDE56, 0xDE56, 0xD635, 0xD635, 0xDE35, 0xDE56, 0xDE56, 0xD635,
  0xDE36, 0xDE56, 0xDE56, 0xDE56, 0xDE55, 0xDE56, 0xDE56, 0xDE56, 0xDE56, 0xDE56, 0xDE76, 0xDE56,
  0xDE56, 0xDE35, 0xDE56, 0xCDF5, 0x63CB, 0x858F, 0x640B, 0x1943, 0x18E3, 0x1904, 0x2124, 0x10E2,
  0x21A4, 0x750D, 0x5369, 0x3A86, 0x1903, 0x0000, 0x0041, 0x0021, 0x0021, 0x0021, 0x0021, 0x0021,
  0x0021, 0x0021, 0x0021, 0x0021, 0x0021, 0x0021, 0x0021, 0x0021, 0x0021, 0x0021, 0x0021, 0x0021,
  0x0021, 0x0021, 0x0021, 0x0021, 0x0021, 0x0021, 0x0041, 0x0021, 0x0021, 0x0021, 0x0021, 0x0041,
  0x0021, 0x0021, 0x0021, 0x0021, 0x0021, 0x0021, 0x0021, 0x0021, 0x0021, 0x0021, 0x0021, 0x0021,
  0x0021, 0x0021, 0x0021, 0x0021, 0x0021, 0x0041, 0x0021, 0x0021, 0x0021, 0x0021, 0x0021, 0x0021,
  0x0021, 0x0021, 0x0021, 0x0021, 0x0021, 0x0021, 0x0021, 0x0021, 0x0041, 0x0000, 0x4B49, 0x642C,
  0x2125, 0x2986, 0x2965, 0x2965, 0x2986, 0x2986, 0x2986, 0x2986, 0x2145, 0x18E4, 0x18E3, 0x2924,
  0x39A5, 0x4A06, 0x5247, 0x5268, 0x5A89, 0x62EA, 0x7B8C, 0x942E, 0x83AD, 0x8C0E, 0x83CD, 0x83AC,
  0x8BED, 0x942E, 0xA48F, 0xACD0, 0xA4D0, 0xA4AF, 0xA4B0, 0xA490, 0x83CD, 0xA4B0, 0x9C8F, 0xA4B0,
  0xA4B0, 0xA48F, 0xA4B0, 0xA4D0, 0xA4B0, 0xA48F, 0xA4B0, 0x9C8F, 0x83AD, 0xA48F, 0xA48F, 0x9C4E,
  0x8C0D, 0x83CD, 0x8C0E, 0xA4D0, 0xBD73, 0xD635, 0xE676, 0xDE76, 0xDE55, 0xD615, 0xD635, 0xD656,
  0xD635, 0xDE56, 0xDE56, 0xD635, 0xDE56, 0xDE56, 0xD635, 0xDE56, 0xDE76, 0xDE56, 0xDE56, 0xDE56,
  0xDE76, 0xDE56, 0xD655, 0xD636, 0xDE56, 0xDE56, 0xDE56, 0x73AB, 0x6CEC, 0x74CD, 0x29E4, 0x18E3,
  0x1904, 0x18E4, 0x1903, 0x1943, 0x644B, 0x642B, 0x3A86, 0x21A4, 0x0000, 0x0041, 0x0021, 0x0021,
  0x0021, 0x0021, 0x0021, 0x0021, 0x0021, 0x0021, 0x0021, 0x0041, 0x0021, 0x0021, 0x0021, 0x0021,
  0x0021, 0x0021, 0x0021, 0x0021, 0x0021, 0x0021, 0x0021, 0x0021, 0x0021, 0x0021, 0x0021, 0x0021,
  0x0021, 0x0021, 0x0021, 0x0021, 0x0021, 0x0021, 0x0021, 0x0021, 0x0021, 0x0021, 0x0021, 0x0021,
  0x0021, 0x0021, 0x0021, 0x0021, 0x0021, 0x0021, 0x0021, 0x0021, 0x0021, 0x0041, 0x0021, 0x0021,
  0x0021, 0x0021, 0x0021, 0x0021, 0x0021, 0x0021, 0x0021, 0x0021, 0x0021, 0x0021, 0x0021, 0x0041,
  0x0000, 0x29E5, 0x644B, 0x2124, 0x3186, 0x2966, 0x2966, 0x2986, 0x2986, 0x2966, 0x2965, 0x2965,
  0x2966, 0x2986, 0x2986, 0x2145, 0x2104, 0x1904, 0x2924, 0x3985, 0x41E6, 0x4A27, 0x5247, 0x5248,
  0x5AC9, 0x83CD, 0x942E, 0xA490, 0x942E, 0x83CD, 0x83AC, 0x83CD, 0x942E, 0xA48F, 0xACD0, 0x83AC,
  0x9C6F, 0xA4AF, 0xA48F, 0xA4B0, 0xA4B0, 0xA4B0, 0xA4B0, 0xA4AF, 0xA4B0, 0xA4B0, 0xA4B0, 0x7B8C,
  0xA4B0, 0xA4B0, 0xA48F, 0xA48F, 0xACD0, 0xACD0, 0xA48F, 0x940D, 0x83AC, 0x8BED, 0x9C8F, 0xBD52,
  0xD635, 0xDE76, 0xDE76, 0xDE56, 0xD636, 0xD635, 0xD635, 0xD636, 0xDE56, 0xD636, 0xD656, 0xDE56,
  0xDE56, 0xDE56, 0xDE56, 0xDE56, 0xDE76, 0xDE56, 0xD635, 0xDE56, 0xD615, 0xE677, 0x9CB0, 0x644B,
  0x856F, 0x42A7, 0x18E3, 0x1904, 0x18E4, 0x2104, 0x1082, 0x4B68, 0x74CD, 0x3AA7, 0x3245, 0x0021,
  0x0021, 0x0021, 0x0021, 0x0021, 0x0021, 0x0021, 0x0021, 0x0021, 0x0021, 0x0021, 0x0021, 0x0021,
  0x0021, 0x0021, 0x0021, 0x0021, 0x0021, 0x0021, 0x0021, 0x0021, 0x0021, 0x0021, 0x0021, 0x0021,
  0x0021, 0x0021, 0x0021, 0x0021, 0x0021, 0x0021, 0x0021, 0x0021, 0x0021, 0x0021, 0x0021, 0x0041,
  0x0021, 0x0021, 0x0021, 0x0021, 0x0021, 0x0021, 0x0021, 0x0021, 0x0021, 0x0041, 0x0021, 0x0021,
  0x0021, 0x0021, 0x0021, 0x0021, 0x0021, 0x0021, 0x0021, 0x0021, 0x0021, 0x0021, 0x0021, 0x0021,
  0x0021, 0x0021, 0x0041, 0x0000, 0x10E2, 0x74ED, 0x31C6, 0x2105, 0x2945, 0x2145, 0x2945, 0x2966,
  0x2986, 0x2986, 0x2986, 0x2966, 0x2966, 0x2965, 0x2966, 0x2966, 0x2986, 0x2966, 0x2145, 0x1904,
  0x18E3, 0x2124, 0x3185, 0x4A07, 0x41E6, 0x5247, 0x5268, 0x6AEA, 0x7B8C, 0x942E, 0x944E, 0x942E,
  0x8C0E, 0x83AC, 0x6B2A, 0x7B6B, 0xA48F, 0xA4B0, 0xA4B0, 0xA4B0, 0xA4B0, 0xA4B0, 0xA4B0, 0xA48F,
  0xA48F, 0xACD0, 0x8C0E, 0x944F, 0xA4B0, 0xA48F, 0xA48F, 0xA4B0, 0xA48F, 0xA48F, 0xA4B0, 0xA4D0,
  0xA4B0, 0x9C4E, 0x62C9, 0x7B8C, 0x8C0E, 0x9C90, 0xBD52, 0xD635, 0xE676, 0xDE76, 0xDE56, 0xD635,
  0xD615, 0xD615, 0xDE56, 0xDE56, 0xD656, 0xD636, 0xDE56, 0xDE76, 0xDE56, 0xD615, 0xDE56, 0xCDD5,
  0x73ED, 0x7C0C, 0x5B49, 0x7D0E, 0x5B8A, 0x1903, 0x18C3, 0x18E3, 0x1904, 0x10A3, 0x3246, 0x7D2D,
  0x4B08, 0x3AA6, 0x10A2, 0x0001, 0x0041, 0x0021, 0x0021, 0x0021, 0x0021, 0x0021, 0x0021, 0x0021,
  0x0021, 0x0021, 0x0021, 0x0021, 0x0021, 0x0021, 0x0021, 0x0021, 0x0021, 0x0021, 0x0021, 0x0021,
  0x0041, 0x0021, 0x0021, 0x0021, 0x0021, 0x0021, 0x0021, 0x0021, 0x0021, 0x0021, 0x0021, 0x0021,
  0x0021, 0x0021, 0x0021, 0x0021, 0x0021, 0x0021, 0x0021, 0x0021, 0x0021, 0x0021, 0x0021, 0x0021,
  0x0021, 0x0021, 0x0021, 0x0021, 0x0021, 0x0021, 0x0021, 0x0021, 0x0021, 0x0021, 0x0021, 0x0021,
  0x0021, 0x0021, 0x0021, 0x0021, 0x0021, 0x0041, 0x0021, 0x0041, 0x644B, 0x3A67, 0x2105, 0x42A8,
  0x3A46, 0x2966, 0x3186, 0x2965, 0x2945, 0x2945, 0x2966, 0x2966, 0x2986, 0x2966, 0x2966, 0x2966,
  0x2966, 0x2965, 0x2966, 0x2986, 0x2986, 0x2145, 0x2104, 0x18E3, 0x20E3, 0x3185, 0x41C6, 0x4A07,
  0x5247, 0x5268, 0x6AEA, 0x83AD, 0x942E, 0x8BED, 0x8C0E, 0x8C0D, 0x7B8C, 0x83CC, 0x940E, 0xA4B0,
  0xA4D0, 0xA4D0, 0xA4B0, 0xA48F, 0xA4D0, 0x8C0E, 0x8C0D, 0xACD0, 0xA48F, 0xA48F, 0x9C8F, 0xA490,
  0xA4B0, 0xA4B0, 0xA4B0, 0xA490, 0xA4B0, 0x83AC, 0x942E, 0xACD0, 0xA48F, 0x942E, 0x8BCD, 0x83CD,
  0x9C6F, 0xB552, 0xCDF4, 0xDE56, 0xDE56, 0xDE56, 0xD635, 0xD635, 0xDE56, 0xD636, 0xDE56, 0xDE56,
  0xD635, 0xD635, 0xD615, 0x7C0D, 0x648B, 0x750D, 0x6C6C, 0x6C4C, 0x29C5, 0x10C3, 0x1904, 0x1904,
  0x18C3, 0x1923, 0x6C8C, 0x63EB, 0x3AA6, 0x1943, 0x0000, 0x0041, 0x0021, 0x0021, 0x0021, 0x0021,
  0x0021, 0x0021, 0x0021, 0x0021, 0x0021, 0x0021, 0x0021, 0x0021, 0x0021, 0x0021, 0x0021, 0x0021,
  0x0021, 0x0021, 0x0021, 0x0021, 0x0021, 0x0021, 0x0021, 0x0021, 0x0021, 0x0021, 0x0021, 0x0021,
  0x0021, 0x0021, 0x0021, 0x0021, 0x0021, 0x0021, 0x0021, 0x0021, 0x0021, 0x0021, 0x0021, 0x0021,
  0x0021, 0x0021, 0x0021, 0x0021, 0x0021, 0x0021, 0x0021, 0x0021, 0x0021, 0x0021, 0x0021, 0x0021,
  0x0021, 0x0021, 0x0021, 0x0021, 0x0021, 0x0021, 0x0021, 0x0021, 0x0021, 0x0041, 0x0000, 0x4AC8,
  0x8DB0, 0x4AC8, 0x29C6, 0x2144, 0x2124, 0x2966, 0x31A7, 0x31A6, 0x31A6, 0x2986, 0x2965, 0x2945,
  0x2945, 0x2966, 0x2986, 0x2986, 0x2966, 0x2965, 0x2965, 0x2966, 0x2966, 0x2966, 0x2966, 0x2966,
  0x2945, 0x2124, 0x18E4, 0x2104, 0x3185, 0x4A06, 0x5247, 0x5247, 0x5248, 0x5268, 0x83CD, 0x8BED,
  0x9C4E, 0x944E, 0x8BED, 0x83CD, 0x83AC, 0x940E, 0x9C6F, 0xA4D0, 0x9C6F, 0x838C, 0xA48F, 0xA48F,
  0xA48F, 0xA48F, 0xA4B0, 0xA4B0, 0xA48F, 0xA4B0, 0xA48F, 0xACD0, 0x944E, 0x8BED, 0xACD0, 0xA48F,
  0xA48F, 0xA4B0, 0xA4B0, 0xA48F, 0x942E, 0x8BED, 0x83CD, 0x942E, 0xAD11, 0xD615, 0xE697, 0xDE76,
  0xDE56, 0xD635, 0xD635, 0xD635, 0xD615, 0xDE76, 0x9C90, 0x6C4C, 0x7D0E, 0x74ED, 0x7D0D, 0x748D,
  0x2184, 0x18E4, 0x1904, 0x18E4, 0x18E3, 0x5389, 0x53A9, 0x3AA6, 0x2A04, 0x0000, 0x0021, 0x0021,
  0x0021, 0x0021, 0x0021, 0x0021, 0x0021, 0x0021, 0x0021, 0x0021, 0x0021, 0x0021, 0x0021, 0x0021,
  0x0021, 0x0021, 0x0021, 0x0021, 0x0021, 0x0021, 0x0021, 0x0021, 0x0021, 0x0021, 0x0021, 0x0021,
  0x0021, 0x0021, 0x0021, 0x0021, 0x0021, 0x0021, 0x0021, 0x0021, 0x0021, 0x0021, 0x0021, 0x0041,
  0x0021, 0x0021, 0x0021, 0x0021, 0x0021, 0x0021, 0x0021, 0x0021, 0x0021, 0x0021, 0x0021, 0x0021,
  0x0021, 0x0021, 0x0021, 0x0021, 0x0021, 0x0021, 0x0021, 0x0021, 0x0021, 0x0021, 0x0021, 0x0021,
  0x0021, 0x0041, 0x0000, 0x3A66, 0x5389, 0x6C4C, 0x74AD, 0x6C0C, 0x4AE8, 0x31E6, 0x2145, 0x2946,
  0x3186, 0x31A7, 0x31C7, 0x31A6, 0x31A6, 0x2966, 0x2945, 0x2945, 0x2965, 0x2966, 0x2986, 0x2966,
  0x2966, 0x2965, 0x2966, 0x2966, 0x2966, 0x2986, 0x2986, 0x2945, 0x2124, 0x1904, 0x2104, 0x3164,
  0x41C6, 0x41C6, 0x5248, 0x5268, 0x62EA, 0x83AD, 0x944F, 0x9C8F, 0x944F, 0x8BEE, 0x83AC, 0x83CD,
  0x6B0A, 0x942E, 0xA4AF, 0xA4B0, 0xA4B0, 0xA48F, 0xA48F, 0xA48F, 0xA48F, 0xA48F, 0xA48F, 0xA48F,
  0x83CD, 0xA4B0, 0xA48F, 0xA48F, 0xA4B0, 0xA4B0, 0xA4B0, 0xA4B0, 0xA4B0, 0xACD0, 0xA48F, 0x9C6F,
  0x6AE9, 0x734B, 0x944F, 0xAD11, 0xCDF4, 0xDE76, 0xDE96, 0xDE56, 0xD615, 0xDE35, 0x840D, 0x3AE7,
  0x5389, 0x63EB, 0x746D, 0x3AA7, 0x1943, 0x18C3, 0x2104, 0x1082, 0x4307, 0x7D2E, 0x42E7, 0x3285,
  0x0861, 0x0021, 0x0021, 0x0021, 0x0021, 0x0021, 0x0021, 0x0021, 0x0021, 0x0021, 0x0041, 0x0021,
  0x0021, 0x0021, 0x0021, 0x0021, 0x0021, 0x0021, 0x0021, 0x0021, 0x0021, 0x0021, 0x0021, 0x0041,
  0x0021, 0x0021, 0x0021, 0x0041, 0x0021, 0x0021, 0x0021, 0x0021, 0x0021, 0x0021, 0x0021, 0x0021,
  0x0021, 0x0021, 0x0041, 0x0021, 0x0021, 0x0021, 0x0021, 0x0021, 0x0021, 0x0021, 0x0021, 0x0021,
  0x0021, 0x0021, 0x0021, 0x0021, 0x0021, 0x0021, 0x0021, 0x0021, 0x0021, 0x0021, 0x0021, 0x0021,
  0x0021, 0x0021, 0x0021, 0x0021, 0x0021, 0x0041, 0x0000, 0x3245, 0x3AC6, 0x3A86, 0x4308, 0x5BAA,
  0x746C, 0x7CEE, 0x6C4C, 0x4B09, 0x31E6, 0x2945, 0x2966, 0x3186, 0x31C7, 0x31C7, 0x31A6, 0x2986,
  0x2945, 0x2965, 0x2945, 0x2965, 0x2966, 0x2986, 0x2966, 0x2966, 0x2965, 0x2965, 0x2965, 0x2966,
  0x2986, 0x2966, 0x2145, 0x1904, 0x2104, 0x2104, 0x3165, 0x41E6, 0x4A27, 0x5268, 0x5A88, 0x62EA,
  0x7B8C, 0x8C0E, 0x9C6F, 0x7B8C, 0x83CD, 0x83AC, 0x83AC, 0x8C0E, 0x9C8F, 0xA4B0, 0xA4D0, 0xA4B0,
  0xA48F, 0xA48F, 0xA48F, 0x83CD, 0x9C6F, 0xA4B0, 0xA4B0, 0xA48F, 0xA4B0, 0xA4B0, 0xA4B0, 0xA4AF,
  0xA4B0, 0xA48F, 0xA4B0, 0x942E, 0x7B8C, 0xA48F, 0x940D, 0x83AC, 0x8BED, 0x944F, 0xB512, 0xCDF4,
  0xD615, 0xE676, 0x8C4E, 0x3AC6, 0x4307, 0x3AE6, 0x3AA7, 0x3245, 0x2163, 0x18E4, 0x18C3, 0x29E5,
  0x750D, 0x5369, 0x3AA6, 0x10E2, 0x0000, 0x0041, 0x0021, 0x0021, 0x0021, 0x0021, 0x0021, 0x0021,
  0x0021, 0x0021, 0x0021, 0x0021, 0x0021, 0x0021, 0x0021, 0x0021, 0x0041, 0x0021, 0x0021, 0x0021,
  0x0021, 0x0021, 0x0021, 0x0021, 0x0021, 0x0021, 0x0021, 0x0021, 0x0021, 0x0021, 0x0021, 0x0021,
  0x0021, 0x0021, 0x0021, 0x0021, 0x0021, 0x0021, 0x0021, 0x0021, 0x0021, 0x0021, 0x0021, 0x0021,
  0x0021, 0x0021, 0x0021, 0x0021, 0x0021, 0x0021, 0x0021, 0x0021, 0x0021, 0x0021, 0x0021, 0x0021,
  0x0021, 0x0021, 0x0021, 0x0021, 0x0021, 0x0021, 0x0021, 0x0021, 0x0021, 0x0041, 0x0000, 0x29C4,
  0x42E7, 0x4327, 0x3AA6, 0x3246, 0x3265, 0x42E7, 0x5B8A, 0x6C6C, 0x7CCD, 0x6C2B, 0x5329, 0x3A07,
  0x2945, 0x2945, 0x2966, 0x4267, 0x4287, 0x3186, 0x3186, 0x2965, 0x2945, 0x2945, 0x2965, 0x2966,
  0x2986, 0x2966, 0x2966, 0x2966, 0x2966, 0x2966, 0x2966, 0x2986, 0x2986, 0x2966, 0x2104, 0x18E4,
  0x2104, 0x3185, 0x41E6, 0x4A27, 0x4A27, 0x5268, 0x5AA9, 0x6B0A, 0x942E, 0x9C90, 0x944F, 0x83CC,
  0x7B8C, 0x83CD, 0x940E, 0x9C6F, 0x9C6F, 0xACD0, 0x8BED, 0x8C0E, 0xA4B0, 0xA48F, 0xA4B0, 0xA4B0,
  0xA4B0, 0xA4B0, 0xA4B0, 0xA4B0, 0xA4B0, 0xA4B0, 0x9C6F, 0x7B8C, 0x9C8F, 0xA4B0, 0xA4B0, 0xACD0,
  0xA4B0, 0x9C6F, 0x8C0D, 0x83CC, 0x8C0D, 0xB532, 0x7BCC, 0x3AC6, 0x4B28, 0x4B48, 0x42E7, 0x3286,
  0x2163, 0x10A3, 0x1923, 0x6CAC, 0x640B, 0x3AA6, 0x21A4, 0x0000, 0x0041, 0x0021, 0x0021, 0x0021,
  0x0021, 0x0021, 0x0021, 0x0021, 0x0021, 0x0021, 0x0021, 0x0021, 0x0021, 0x0021, 0x0021, 0x0021,
  0x0021, 0x0021, 0x0021, 0x0021, 0x0021, 0x0021, 0x0021, 0x0021, 0x0021, 0x0021, 0x0021, 0x0021,
  0x0021, 0x0021, 0x0021, 0x0021, 0x0021, 0x0021, 0x0021, 0x0021, 0x0021, 0x0021, 0x0021, 0x0021,
  0x0021, 0x0021, 0x0021, 0x0021, 0x0021, 0x0021, 0x0021, 0x0021, 0x0021, 0x0021, 0x0021, 0x0021,
  0x0021, 0x0021, 0x0021, 0x0021, 0x0021, 0x0021, 0x0021, 0x0021, 0x0021, 0x0021, 0x0021, 0x0021,
  0x0021, 0x0041, 0x0021, 0x0041, 0x10C2, 0x21A4, 0x3245, 0x3A86, 0x4327, 0x4307, 0x3AC6, 0x3A86,
  0x42E7, 0x5BCA, 0x746C, 0x7CCD, 0x6C4C, 0x4B08, 0x31E6, 0x2144, 0x2965, 0x2966, 0x31A7, 0x31A6,
  0x31A6, 0x2986, 0x2965, 0x2145, 0x2945, 0x2966, 0x2986, 0x2986, 0x2966, 0x2966, 0x2966, 0x2966,
  0x2966, 0x2966, 0x2986, 0x2986, 0x2965, 0x2124, 0x1904, 0x2104, 0x3164, 0x4A06, 0x41E6, 0x4A27,
  0x5A88, 0x62C9, 0x736C, 0x942E, 0x9C6F, 0x944F, 0x8BED, 0x83AC, 0x7B8C, 0x83CD, 0x7B6C, 0xA48F,
  0xA4B0, 0xA4B0, 0xA48F, 0xA4B0, 0xA4B0, 0xA4B0, 0xA4B0, 0xA4B0, 0xA4B0, 0xACD0, 0x83CD, 0x944F,
  0xA4B0, 0xA48F, 0xA4B0, 0xA4D0, 0xA4B0, 0xA4B0, 0xA4B0, 0xA48F, 0x9C4F, 0x8BED, 0x41E6, 0x3205,
  0x3AC6, 0x4327, 0x42E7, 0x3AA6, 0x2164, 0x0862, 0x5369, 0x74CD, 0x3AC7, 0x3225, 0x0021, 0x0021,
  0x0021, 0x0021, 0x0021, 0x0021, 0x0021, 0x0021, 0x0021, 0x0021, 0x0021, 0x0021, 0x0021, 0x0021,
  0x0021, 0x0021, 0x0021, 0x0021, 0x0021, 0x0021, 0x0021, 0x0021, 0x0021, 0x0021, 0x0021, 0x0021,
  0x0021, 0x0021, 0x0021, 0x0021, 0x0021, 0x0021, 0x0021, 0x0021, 0x0021, 0x0021, 0x0021, 0x0021,
  0x0021, 0x0021, 0x0021, 0x0021, 0x0021, 0x0021, 0x0021, 0x0021, 0x0021, 0x0021, 0x0021, 0x0021,
  0x0021, 0x0021, 0x0021, 0x0021, 0x0021, 0x0021, 0x0021, 0x0021, 0x0021, 0x0021, 0x0021, 0x0021,
  0x0021, 0x0021, 0x0021, 0x0021, 0x0021, 0x0021, 0x0021, 0x0021, 0x0001, 0x0000, 0x0041, 0x10E2,
  0x29C4, 0x3A66, 0x42E7, 0x4B48, 0x4327, 0x3AE6, 0x3AA6, 0x42C7, 0x5389, 0x746C, 0x7CEE, 0x640B,
  0x4AE8, 0x31E6, 0x2945, 0x2945, 0x2986, 0x31A7, 0x31C7, 0x31A6, 0x3186, 0x2986, 0x2965, 0x2945,
  0x2965, 0x2966, 0x2986, 0x2986, 0x2966, 0x2966, 0x2966, 0x2966, 0x2966, 0x2986, 0x2986, 0x2965,
  0x2125, 0x1904, 0x2103, 0x3165, 0x41E6, 0x4A06, 0x4A27, 0x5268, 0x62C9, 0x7B8C, 0x942E, 0x9C8F,
  0x942E, 0x7B6C, 0x7B8C, 0x83CD, 0x942E, 0x9C6F, 0xA4B0, 0xA4B0, 0xA4B0, 0xA490, 0xA48F, 0xA4B0,
  0xACD0, 0x8BED, 0x940E, 0xACD0, 0x9C8F, 0xA48F, 0xA4B0, 0xA4B0, 0xA4B0, 0xA4B0, 0xA4B0, 0x9C6F,
  0xA4B0, 0x8BED, 0x83CD, 0x8C0D, 0x62E9, 0x4A67, 0x3225, 0x2A24, 0x10E2, 0x3246, 0x74CD, 0x4B08,
  0x3AA6, 0x0881, 0x0021, 0x0021, 0x0021, 0x0021, 0x0021, 0x0021, 0x0021, 0x0021, 0x0021, 0x0021,
  0x0021, 0x0021, 0x0021, 0x0021, 0x0021, 0x0021, 0x0021, 0x0021, 0x0021, 0x0021, 0x0021, 0x0021,
  0x0021, 0x0021, 0x0021, 0x0021, 0x0021, 0x0021, 0x0041, 0x0021, 0x0021, 0x0021, 0x0021, 0x0021,
  0x0021, 0x0021, 0x0021, 0x0021, 0x0021, 0x0021, 0x0021, 0x0021, 0x0021, 0x0021, 0x0021, 0x0021,
  0x0021, 0x0021, 0x0021, 0x0021, 0x0021, 0x0021, 0x0021, 0x0021, 0x0021, 0x0021, 0x0021, 0x0021,
  0x0021, 0x0021, 0x0021, 0x0021, 0x0021, 0x0021, 0x0021, 0x0021, 0x0021, 0x0021, 0x0021, 0x0021,
  0x0041, 0x0041, 0x0021, 0x0000, 0x0000, 0x0021, 0x10C2, 0x21A4, 0x3A86, 0x4307, 0x4B28, 0x4307,
  0x42C6, 0x3AA6, 0x42C7, 0x5BAA, 0x6C4C, 0x7CEE, 0x6C6C, 0x4B08, 0x31E6, 0x2945, 0x2946, 0x3186,
  0x31A7, 0x31A7, 0x31A6, 0x31A6, 0x2945, 0x2966, 0x2945, 0x2966, 0x2986, 0x2986, 0x2986, 0x2966,
  0x2965, 0x2966, 0x2966, 0x2966, 0x2986, 0x2966, 0x2966, 0x2125, 0x18E3, 0x2103, 0x3165, 0x41E6,
  0x5247, 0x5248, 0x5268, 0x62EA, 0x6B0A, 0x8BEE, 0x9C6F, 0x944E, 0x8BED, 0x83AC, 0x83CD, 0x8C0E,
  0x9C6F, 0xA4AF, 0xA4B0, 0xA4B0, 0x9C8F, 0x7B8C, 0xA48F, 0xA48F, 0xA48F, 0xA48F, 0xA48F, 0xA48F,
  0xA4B0, 0xA4B0, 0xA4B0, 0xA4D0, 0x940E, 0x7B8C, 0xACF1, 0xACD0, 0xACB0, 0xA46F, 0x942E, 0x62E9,
  0x3246, 0x5C0A, 0x5349, 0x3AA6, 0x1923, 0x0000, 0x0041, 0x0021, 0x0021, 0x0021, 0x0021, 0x0021,
  0x0021, 0x0021, 0x0021, 0x0021, 0x0041, 0x0021, 0x0021, 0x0021, 0x0021, 0x0021, 0x0021, 0x0021,
  0x0021, 0x0021, 0x0021, 0x0021, 0x0021, 0x0021, 0x0021, 0x0021, 0x0021, 0x0021, 0x0021, 0x0021,
  0x0021, 0x0021, 0x0021, 0x0021, 0x0021, 0x0021, 0x0021, 0x0021, 0x0021, 0x0021, 0x0021, 0x0021,
  0x0021, 0x0021, 0x0021, 0x0021, 0x0021, 0x0021, 0x0021, 0x0021, 0x0021, 0x0021, 0x0021, 0x0021,
  0x0021, 0x0021, 0x0021, 0x0021, 0x0021, 0x0021, 0x0021, 0x0021, 0x0021, 0x0021, 0x0021, 0x0021,
  0x0021, 0x0021, 0x0021, 0x0021, 0x0021, 0x0021, 0x0021, 0x0041, 0x0041, 0x0021, 0x0001, 0x0000,
  0x0021, 0x10C2, 0x21A4, 0x3A86, 0x4307, 0x4327, 0x3AA6, 0x3266, 0x3265, 0x42C7, 0x5369, 0x6C6C,
  0x7CEE, 0x6C4C, 0x4B09, 0x3206, 0x2945, 0x2125, 0x2966, 0x31E7, 0x5329, 0x31A6, 0x31A6, 0x2965,
  0x2965, 0x2965, 0x2965, 0x2966, 0x2986, 0x2986, 0x2986, 0x2966, 0x2966, 0x2966, 0x2966, 0x2986,
  0x2986, 0x2965, 0x2125, 0x2104, 0x2104, 0x3185, 0x41C6, 0x4A27, 0x41E6, 0x5268, 0x62C9, 0x734B,
  0x942E, 0x9C8F, 0x9C6F, 0x8BED, 0x7B6C, 0x83AC, 0x942E, 0x9C6F, 0x7B6C, 0xA4B0, 0xA4B0, 0xA48F,
  0xA48F, 0xA48F, 0xA4B0, 0xA4B0, 0xA48F, 0xA4B0, 0xA4B0, 0xACD0, 0x83AC, 0xA490, 0xA4B0, 0xA48F,
  0xA490, 0xA4B0, 0xACD0, 0x6B6B, 0x646B, 0x4B49, 0x3265, 0x29E4, 0x0000, 0x0041, 0x0021, 0x0021,
  0x0021, 0x0021, 0x0021, 0x0021, 0x0021, 0x0021, 0x0021, 0x0021, 0x0021, 0x0021, 0x0021, 0x0021,
  0x0021, 0x0021, 0x0021, 0x0021, 0x0021, 0x0021, 0x0021, 0x0021, 0x0021, 0x0021, 0x0021, 0x0021,
  0x0021, 0x0021, 0x0041, 0x0021, 0x0021, 0x0021, 0x0021, 0x0021, 0x0021, 0x0021, 0x0021, 0x0021,
  0x0021, 0x0021, 0x0021, 0x0021, 0x0021, 0x0021, 0x0021, 0x0021, 0x0021, 0x0021, 0x0021, 0x0021,
  0x0021, 0x0021, 0x0021, 0x0021, 0x0021, 0x0021, 0x0021, 0x0021, 0x0021, 0x0021, 0x0021, 0x0021,
  0x0021, 0x0021, 0x0021, 0x0021, 0x0021, 0x0021, 0x0021, 0x0021, 0x0021, 0x0021, 0x0021, 0x0021,
  0x0021, 0x0021, 0x0041, 0x0041, 0x0021, 0x0001, 0x0000, 0x0021, 0x10C2, 0x21A4, 0x3245, 0x3265,
  0x4B28, 0x4307, 0x3AC6, 0x3AA6, 0x42E7, 0x5B8A, 0x746C, 0x7CEE, 0x746C, 0x4B09, 0x31C6, 0x2965,
  0x31C5, 0x3186, 0x31C7, 0x31A6, 0x31A6, 0x31A6, 0x2966, 0x2965, 0x2965, 0x2965, 0x2986, 0x2986,
  0x2986, 0x2966, 0x2966, 0x2966, 0x2966, 0x2986, 0x2986, 0x2986, 0x2945, 0x2124, 0x1904, 0x2104,
  0x2924, 0x41C6, 0x4A07, 0x5247, 0x5268, 0x62C9, 0x7B6C, 0x8C0E, 0x9C6F, 0x944E, 0x8BED, 0x6B0A,
  0x6B2A, 0x8C0E, 0x9C8F, 0xA4AF, 0xA4B0, 0xA4B0, 0xA48F, 0xA4AF, 0xA4AF, 0xA490, 0xACD0, 0x83AC,
  0x9C8F, 0xA4D0, 0xA490, 0xA490, 0xA4B0, 0xACD0, 0x736B, 0x644B, 0x6C6C, 0x3266, 0x3245, 0x0041,
  0x0021, 0x0041, 0x0021, 0x0021, 0x0021, 0x0021, 0x0021, 0x0021, 0x0021, 0x0021, 0x0021, 0x0021,
  0x0021, 0x0021, 0x0021, 0x0021, 0x0021, 0x0021, 0x0021, 0x0021, 0x0021, 0x0021, 0x0021, 0x0021,
  0x0021, 0x0021, 0x0021, 0x0021, 0x0021, 0x0021, 0x0021, 0x0021, 0x0021, 0x0021, 0x0021, 0x0021,
  0x0021, 0x0021, 0x0021, 0x0021, 0x0021, 0x0021, 0x0021, 0x0021, 0x0021, 0x0021, 0x0021, 0x0021,
  0x0021, 0x0021, 0x0021, 0x0021, 0x0021, 0x0021, 0x0021, 0x0021, 0x0021, 0x0021, 0x0021, 0x0021,
  0x0021, 0x0021, 0x0021, 0x0021, 0x0021, 0x0021, 0x0021, 0x0021, 0x0021, 0x0021, 0x0021, 0x0021,
  0x0021, 0x0041, 0x0021, 0x0021, 0x0021, 0x0021, 0x0021, 0x0021, 0x0021, 0x0041, 0x0041, 0x0021,
  0x0001, 0x0000, 0x0021, 0x10E2, 0x2184, 0x3266, 0x4307, 0x4B27, 0x4307, 0x3AC6, 0x3AC6, 0x42E7,
  0x5B89, 0x746C, 0x850E, 0x6C6C, 0x4AE8, 0x3206, 0x2145, 0x2946, 0x3186, 0x31A7, 0x31C7, 0x31C7,
  0x31A6, 0x2966, 0x2945, 0x2945, 0x2965, 0x2986, 0x2966, 0x2986, 0x2966, 0x2966, 0x2986, 0x2966,
  0x2966, 0x2986, 0x2986, 0x2966, 0x2125, 0x18E4, 0x2104, 0x3165, 0x41E6, 0x4A27, 0x4A27, 0x5248,
  0x62CA, 0x7B8C, 0x7B8C, 0x8C0E, 0x9C6F, 0x83CD, 0x7B8C, 0x83AD, 0x942E, 0x9C6F, 0xA4AF, 0xA4B0,
  0xA4D0, 0xACD0, 0x8BED, 0x83CD, 0xACD0, 0xA490, 0xA4B0, 0xA4B0, 0xACD0, 0x8BED, 0x5BCA, 0x7D0D,
  0x42C7, 0x3AA6, 0x08A2, 0x0001, 0x0041, 0x0021, 0x0021, 0x0021, 0x0021, 0x0021, 0x0021, 0x0021,
  0x0021, 0x0021, 0x0021, 0x0021, 0x0021, 0x0021, 0x0021, 0x0021, 0x0021, 0x0021, 0x0021, 0x0021,
  0x0021, 0x0021, 0x0021, 0x0021, 0x0021, 0x0021, 0x0021, 0x0021, 0x0021, 0x0021, 0x0021, 0x0021,
  0x0021, 0x0021, 0x0021, 0x0021, 0x0021, 0x0021, 0x0021, 0x0021, 0x0021, 0x0021, 0x0021, 0x0021,
  0x0021, 0x0021, 0x0021, 0x0021, 0x0021, 0x0021, 0x0021, 0x0021, 0x0021, 0x0021, 0x0021, 0x0021,
  0x0021, 0x0021, 0x0021, 0x0021, 0x0021, 0x0021, 0x0021, 0x0021, 0x0021, 0x0021, 0x0021, 0x0021,
  0x0021, 0x0021, 0x0021, 0x0021, 0x0021, 0x0021, 0x0021, 0x0021, 0x0021, 0x0021, 0x0021, 0x0021,
  0x0021, 0x0021, 0x0021, 0x0021, 0x0041, 0x0041, 0x0021, 0x0001, 0x0000, 0x0021, 0x10A2, 0x2184,
  0x3266, 0x4307, 0x4B48, 0x4327, 0x3AC6, 0x3AC6, 0x4B08, 0x5B89, 0x6C6C, 0x7CCD, 0x746D, 0x5349,
  0x3206, 0x2965, 0x2966, 0x3186, 0x31A7, 0x31C7, 0x31A6, 0x3186, 0x2986, 0x2125, 0x2965, 0x2945,
  0x2966, 0x2986, 0x2986, 0x2966, 0x2966, 0x2966, 0x2966, 0x2966, 0x2986, 0x2966, 0x2945, 0x2125,
  0x18E4, 0x2104, 0x3144, 0x41C6, 0x4A27, 0x4A27, 0x41E6, 0x62C9, 0x7B6C, 0x8C0E, 0x944E, 0x9C6F,
  0x8BED, 0x7B8C, 0x83AC, 0x940E, 0x9C6F, 0x9C4E, 0x83AC, 0xA4AF, 0xA48F, 0xA48F, 0xA4B0, 0xA4B0,
  0xA490, 0x638A, 0x7D4E, 0x5369, 0x3A86, 0x1943, 0x0000, 0x0041, 0x0021, 0x0021, 0x0021, 0x0021,
  0x0021, 0x0021, 0x0021, 0x0021, 0x0021, 0x0021, 0x0021, 0x0021, 0x0021, 0x0021, 0x0021, 0x0021,
  0x0021, 0x0021, 0x0021, 0x0021, 0x0021, 0x0021, 0x0021, 0x0021, 0x0021, 0x0021, 0x0021, 0x0021,
  0x0021, 0x0021, 0x0021, 0x0021, 0x0021, 0x0021, 0x0021, 0x0021, 0x0021, 0x0021, 0x0021, 0x0021,
  0x0021, 0x0021, 0x0021, 0x0021, 0x0021, 0x0021, 0x0021, 0x0021, 0x0021, 0x0021, 0x0021, 0x0021,
  0x0021, 0x0021, 0x0021, 0x0021, 0x0021, 0x0021, 0x0021, 0x0021, 0x0021, 0x0021, 0x0021, 0x0021,
  0x0021, 0x0021, 0x0021, 0x0021, 0x0021, 0x0021, 0x0021, 0x0021, 0x0021, 0x0021, 0x0021, 0x0021,
  0x0021, 0x0021, 0x0021, 0x0021, 0x0021, 0x0021, 0x0021, 0x0021, 0x0021, 0x0021, 0x0021, 0x0041,
  0x0041, 0x0021, 0x0001, 0x0000, 0x0021, 0x10C2, 0x2184, 0x3A66, 0x4307, 0x4B48, 0x3AA6, 0x3A86,
  0x3245, 0x42E7, 0x5BAA, 0x6C6C, 0x7CCD, 0x6C6C, 0x4B29, 0x31E6, 0x2965, 0x2945, 0x3186, 0x31A7,
  0x39E7, 0x4267, 0x2966, 0x2986, 0x2945, 0x2965, 0x2965, 0x2966, 0x2966, 0x2986, 0x2966, 0x2966,
  0x2965, 0x2966, 0x2966, 0x2986, 0x2986, 0x2965, 0x2125, 0x2104, 0x2104, 0x2944, 0x3985, 0x4A27,
  0x4A27, 0x5268, 0x62CA, 0x736B, 0x8BED, 0x944E, 0x9C90, 0x736C, 0x7B6B, 0x6AEA, 0x83ED, 0xA48F,
  0xA48F, 0xACD0, 0xA4B0, 0xA4B0, 0x6B4A, 0x64AC, 0x640B, 0x3A86, 0x2A05, 0x0000, 0x0021, 0x0021,
  0x0021, 0x0021, 0x0021, 0x0021, 0x0021, 0x0021, 0x0021, 0x0021, 0x0021, 0x0021, 0x0021, 0x0021,
  0x0021, 0x0021, 0x0021, 0x0021, 0x0021, 0x0021, 0x0021, 0x0021, 0x0021, 0x0021, 0x0021, 0x0021,
  0x0021, 0x0021, 0x0021, 0x0021, 0x0021, 0x0021, 0x0021, 0x0021, 0x0021, 0x0021, 0x0021, 0x0021,
  0x0021, 0x0021, 0x0021, 0x0021, 0x0021, 0x0021, 0x0021, 0x0021, 0x0021, 0x0021, 0x0021, 0x0021,
  0x0021, 0x0021, 0x0021, 0x0021, 0x0021, 0x0021, 0x0021, 0x0021, 0x0021, 0x0021, 0x0021, 0x0021,
  0x0021, 0x0021, 0x0021, 0x0021, 0x0021, 0x0021, 0x0021, 0x0021, 0x0021, 0x0021, 0x0021, 0x0021,
  0x0021, 0x0021, 0x0021, 0x0021, 0x0021, 0x0021, 0x0021, 0x0021, 0x0021, 0x0021, 0x0021, 0x0021,
  0x0021, 0x0021, 0x0021, 0x0021, 0x0021, 0x0021, 0x0041, 0x0041, 0x0021, 0x0021, 0x0000, 0x0021,
  0x10C2, 0x2184, 0x3245, 0x3265, 0x4B27, 0x4327, 0x3AC6, 0x3A86, 0x42E7, 0x5389, 0x6C4C, 0x7CEE,
  0x748D, 0x5329, 0x31E6, 0x2965, 0x2125, 0x3A46, 0x2965, 0x31C7, 0x31A6, 0x3186, 0x2965, 0x2145,
  0x2945, 0x2966, 0x2966, 0x2986, 0x2986, 0x2966, 0x2966, 0x2966, 0x2966, 0x2966, 0x2966, 0x2966,
  0x2965, 0x2125, 0x2104, 0x18E3, 0x2944, 0x41E6, 0x4A27, 0x4A27, 0x5248, 0x62C9, 0x6B2B, 0x7B8C,
  0x942E, 0x9C6F, 0x8C0E, 0x83CD, 0x7B8C, 0x8BED, 0xA4B0, 0x7B8C, 0x5C2B, 0x74ED, 0x3AA6, 0x3285,
  0x0861, 0x0021, 0x0021, 0x0021, 0x0021, 0x0021, 0x0021, 0x0021, 0x0021, 0x0021, 0x0021, 0x0021,
  0x0021, 0x0021, 0x0021, 0x0021, 0x0021, 0x0021, 0x0021, 0x0021, 0x0021, 0x0021, 0x0041, 0x0021,
  0x0021, 0x0021, 0x0021, 0x0021, 0x0021, 0x0021, 0x0021, 0x0041, 0x0021, 0x0021, 0x0041, 0x0021,
  0x0021, 0x0021, 0x0021, 0x0021, 0x0021, 0x0021, 0x0021, 0x0021, 0x0021, 0x0021, 0x0021, 0x0021,
  0x0021, 0x0021, 0x0021, 0x0021, 0x0021, 0x0021, 0x0021, 0x0021, 0x0021, 0x0021, 0x0021, 0x0021,
  0x0021, 0x0021, 0x0021, 0x0021, 0x0021, 0x0021, 0x0021, 0x0021, 0x0021, 0x0021, 0x0021, 0x0021,
  0x0021, 0x0021, 0x0021, 0x0021, 0x0021, 0x0021, 0x0021, 0x0021, 0x0021, 0x0021, 0x0021, 0x0021,
  0x0021, 0x0021, 0x0021, 0x0021, 0x0021, 0x0021, 0x0021, 0x0021, 0x0021, 0x0021, 0x0021, 0x0021,
  0x0021, 0x0041, 0x0041, 0x0021, 0x0001, 0x0000, 0x0021, 0x10E2, 0x29C4, 0x3A86, 0x42E7, 0x4327,
  0x4307, 0x3AC6, 0x3AA6, 0x42C7, 0x5B89, 0x6C4C, 0x7CCD, 0x746D, 0x4B08, 0x2985, 0x2945, 0x2125,
  0x3186, 0x31A6, 0x31A6, 0x31A6, 0x3186, 0x2966, 0x2945, 0x2945, 0x2965, 0x2965, 0x2966, 0x2966,
  0x2966, 0x2966, 0x2966, 0x2966, 0x2986, 0x2986, 0x2966, 0x2965, 0x2145, 0x1904, 0x2104, 0x2944,
  0x39C6, 0x4A27, 0x41E6, 0x5247, 0x62C9, 0x7B8C, 0x8C2E, 0x9C8F, 0x9C6F, 0x8C0E, 0x732B, 0x5389,
  0x854E, 0x4B08, 0x3AA5, 0x1102, 0x0000, 0x0041, 0x0021, 0x0021, 0x0021, 0x0021, 0x0021, 0x0021,
  0x0021, 0x0021, 0x0021, 0x0021, 0x0021, 0x0021, 0x0021, 0x0021, 0x0021, 0x0021, 0x0021, 0x0021,
  0x0021, 0x0021, 0x0021, 0x0021, 0x0021, 0x0021, 0x0021, 0x0021, 0x0021, 0x0021, 0x0021, 0x0041,
  0x0021, 0x0021, 0x0021, 0x0021, 0x0021, 0x0021, 0x0021, 0x0021, 0x0021, 0x0021, 0x0021, 0x0021,
  0x0021, 0x0021, 0x0021, 0x0021, 0x0021, 0x0021, 0x0021, 0x0021, 0x0021, 0x0021, 0x0021, 0x0021,
  0x0021, 0x0021, 0x0021, 0x0021, 0x0021, 0x0021, 0x0021, 0x0021, 0x0021, 0x0021, 0x0021, 0x0021,
  0x0021, 0x0021, 0x0021, 0x0021, 0x0021, 0x0021, 0x0021, 0x0021, 0x0021, 0x0021, 0x0021, 0x0021,
  0x0021, 0x0021, 0x0021, 0x0021, 0x0021, 0x0021, 0x0021, 0x0021, 0x0021, 0x0021, 0x0021, 0x0021,
  0x0021, 0x0021, 0x0021, 0x0021, 0x0021, 0x0021, 0x0021, 0x0021, 0x0041, 0x0041, 0x0021, 0x0001,
  0x0000, 0x0021, 0x10A2, 0x2184, 0x3266, 0x4307, 0x4B48, 0x4307, 0x3AC6, 0x3A86, 0x42E7, 0x5B8A,
  0x6C4C, 0x7CCD, 0x748D, 0x534A, 0x3206, 0x2145, 0x2945, 0x3186, 0x31A7, 0x31A7, 0x31A6, 0x2986,
  0x2965, 0x2145, 0x2945, 0x2965, 0x2986, 0x2986, 0x2986, 0x2966, 0x2966, 0x2966, 0x2965, 0x2966,
  0x2986, 0x2986, 0x2965, 0x2125, 0x18E4, 0x2104, 0x2944, 0x39A5, 0x4A27, 0x4A27, 0x5268, 0x62C9,
  0x7B8C, 0x942F, 0x5B29, 0x644B, 0x5BAA, 0x3AA6, 0x21A4, 0x0000, 0x0041, 0x0021, 0x0021, 0x0021,
  0x0021, 0x0021, 0x0021, 0x0021, 0x0021, 0x0021, 0x0021, 0x0021, 0x0021, 0x0021, 0x0021, 0x0021,
  0x0021, 0x0021, 0x0021, 0x0021, 0x0021, 0x0041, 0x0021, 0x0021, 0x0021, 0x0021, 0x0021, 0x0021,
  0x0021, 0x0021, 0x0021, 0x0041, 0x0021, 0x0021, 0x0021, 0x0021, 0x0021, 0x0021, 0x0021, 0x0021,
  0x0021, 0x0021, 0x0021, 0x0021, 0x0021, 0x0021, 0x0021, 0x0021, 0x0021, 0x0021, 0x0021, 0x0021,
  0x0021, 0x0021, 0x0021, 0x0021, 0x0021, 0x0021, 0x0021, 0x0021, 0x0021, 0x0021, 0x0021, 0x0021,
  0x0021, 0x0021, 0x0021, 0x0021, 0x0021, 0x0021, 0x0021, 0x0021, 0x0021, 0x0021, 0x0021, 0x0021,
  0x0021, 0x0021, 0x0021, 0x0021, 0x0021, 0x0021, 0x0021, 0x0021, 0x0021, 0x0021, 0x0021, 0x0021,
  0x0021, 0x0021, 0x0021, 0x0021, 0x0021, 0x0021, 0x0021, 0x0041, 0x0021, 0x0021, 0x0021, 0x0021,
  0x0021, 0x0021, 0x0021, 0x0041, 0x0041, 0x0021, 0x0001, 0x0000, 0x0021, 0x10C2, 0x2184, 0x3266,
  0x4307, 0x4B28, 0x4307, 0x3245, 0x3AA6, 0x42C7, 0x5BAA, 0x748D, 0x7CCD, 0x6C6C, 0x5329, 0x3207,
  0x2945, 0x2925, 0x2986, 0x31C7, 0x31A6, 0x3A07, 0x31E6, 0x2966, 0x2965, 0x2945, 0x2965, 0x2986,
  0x2986, 0x2966, 0x2966, 0x2966, 0x2966, 0x2966, 0x2965, 0x2966, 0x2966, 0x2965, 0x2125, 0x1904,
  0x2104, 0x2944, 0x39C6, 0x4A27, 0x5268, 0x4A27, 0x5348, 0x6C0B, 0x3AA6, 0x3225, 0x0021, 0x0021,
  0x0021, 0x0021, 0x0021, 0x0021, 0x0021, 0x0021, 0x0021, 0x0021, 0x0041, 0x0021, 0x0021, 0x0021,
  0x0021, 0x0021, 0x0021, 0x0021, 0x0021, 0x0021, 0x0021, 0x0021, 0x0021, 0x0021, 0x0021, 0x0021,
  0x0021, 0x0021, 0x0021, 0x0021, 0x0021, 0x0021, 0x0021, 0x0021, 0x0021, 0x0021, 0x0021, 0x0021,
  0x0021, 0x0021, 0x0021, 0x0021, 0x0021, 0x0021, 0x0021, 0x0021, 0x0021, 0x0021, 0x0021, 0x0021,
  0x0021, 0x0021, 0x0021, 0x0021, 0x0021, 0x0021, 0x0041, 0x0021, 0x0021, 0x0021, 0x0021, 0x0021,
  0x0021, 0x0021, 0x0021, 0x0021, 0x0021, 0x0021, 0x0021, 0x0021, 0x0021, 0x0021, 0x0021, 0x0021,
  0x0021, 0x0021, 0x0021, 0x0021, 0x0021, 0x0021, 0x0021, 0x0021, 0x0021, 0x0021, 0x0021, 0x0021,
  0x0021, 0x0021, 0x0021, 0x0041, 0x0021, 0x0021, 0x0021, 0x0021, 0x0021, 0x0021, 0x0021, 0x0021,
  0x0021, 0x0021, 0x0021, 0x0021, 0x0021, 0x0021, 0x0021, 0x0021, 0x0021, 0x0021, 0x0041, 0x0041,
  0x0021, 0x0021, 0x0000, 0x0021, 0x10A2, 0x2184, 0x3266, 0x3AA6, 0x3AC6, 0x4307, 0x3AC6, 0x3A86,
  0x3AC7, 0x5BAA, 0x748D, 0x7CEE, 0x748C, 0x5349, 0x3206, 0x2965, 0x20E5, 0x3A67, 0x4287, 0x3186,
  0x31A6, 0x2986, 0x2986, 0x2945, 0x2145, 0x2945, 0x2966, 0x2966, 0x2966, 0x2966, 0x2966, 0x2965,
  0x2965, 0x2966, 0x2966, 0x2966, 0x2966, 0x2125, 0x1904, 0x2124, 0x3165, 0x3164, 0x3245, 0x3245,
  0x3265, 0x0881, 0x0021, 0x0041, 0x0021, 0x0021, 0x0021, 0x0021, 0x0021, 0x0021, 0x0021, 0x0021,
  0x0021, 0x0021, 0x0021, 0x0041, 0x0021, 0x0021, 0x0021, 0x0021, 0x0021, 0x0021, 0x0021, 0x0021,
  0x0021, 0x0021, 0x0021, 0x0021, 0x0021, 0x0021, 0x0021, 0x0021, 0x0021, 0x0021, 0x0021, 0x0021,
  0x0021, 0x0021, 0x0021, 0x0021, 0x0021, 0x0021, 0x0021, 0x0021, 0x0021, 0x0021, 0x0021, 0x0021,
  0x0021, 0x0021, 0x0021, 0x0021, 0x0021, 0x0021, 0x0021, 0x0021, 0x0021, 0x0021, 0x0021, 0x0021,
  0x0021, 0x0021, 0x0041, 0x0021, 0x0021, 0x0021, 0x0021, 0x0021, 0x0021, 0x0021, 0x0021, 0x0021,
  0x0021, 0x0021, 0x0021, 0x0021, 0x0021, 0x0021, 0x0021, 0x0021, 0x0021, 0x0021, 0x0021, 0x0021,
  0x0021, 0x0021, 0x0021, 0x0021, 0x0021, 0x0021, 0x0021, 0x0021, 0x0021, 0x0021, 0x0021, 0x0041,
  0x0021, 0x0021, 0x0041, 0x0021, 0x0021, 0x0021, 0x0021, 0x0021, 0x0021, 0x0021, 0x0021, 0x0021,
  0x0021, 0x0021, 0x0021, 0x0021, 0x0021, 0x0041, 0x0041, 0x0021, 0x0001, 0x0000, 0x0021, 0x10C2,
  0x21A4, 0x3A86, 0x42E7, 0x4327, 0x4327, 0x3AE6, 0x3AA6, 0x42C7, 0x5389, 0x748D, 0x7CEE, 0x6C6C,
  0x4B08, 0x29A5, 0x2124, 0x2945, 0x2986, 0x31A7, 0x31C7, 0x31A6, 0x31A6, 0x2986, 0x2965, 0x2945,
  0x2945, 0x2966, 0x2966, 0x2966, 0x2966, 0x2966, 0x2966, 0x2966, 0x2966, 0x2986, 0x2986, 0x2966,
  0x18C3, 0x4308, 0x3AA7, 0x3285, 0x1923, 0x0000, 0x0041, 0x0021, 0x0021, 0x0021, 0x0021, 0x0021,
  0x0021, 0x0021, 0x0021, 0x0021, 0x0021, 0x0021, 0x0021, 0x0021, 0x0021, 0x0021, 0x0021, 0x0021,
  0x0021, 0x0021, 0x0021, 0x0021, 0x0021, 0x0021, 0x0021, 0x0021, 0x0021, 0x0021, 0x0021, 0x0021,
  0x0021, 0x0021, 0x0021, 0x0021, 0x0021, 0x0021, 0x0021, 0x0021, 0x0021, 0x0021, 0x0021, 0x0021,
  0x0021, 0x0021, 0x0021, 0x0021, 0x0021, 0x0021, 0x0021, 0x0021, 0x0021, 0x0021, 0x0021, 0x0021,
  0x0021, 0x0021, 0x0021, 0x0021, 0x0021, 0x0021, 0x0021, 0x0021, 0x0021, 0x0021, 0x0021, 0x0021,
  0x0021, 0x0021, 0x0021, 0x0021, 0x0021, 0x0021, 0x0021, 0x0021, 0x0021, 0x0021, 0x0021, 0x0021,
  0x0021, 0x0021, 0x0021, 0x0021, 0x0021, 0x0021, 0x0021, 0x0021, 0x0021, 0x0021, 0x0021, 0x0021,
  0x0021, 0x0021, 0x0021, 0x0041, 0x0021, 0x0021, 0x0021, 0x0021, 0x0021, 0x0021, 0x0021, 0x0021,
  0x0021, 0x0021, 0x0021, 0x0021, 0x0021, 0x0021, 0x0021, 0x0021, 0x0021, 0x0021, 0x0021, 0x0021,
  0x0041, 0x0041, 0x0021, 0x0001, 0x0000, 0x0021, 0x10A2, 0x2184, 0x3A66, 0x4307, 0x4B48, 0x4327,
  0x3AC6, 0x3AA6, 0x42C7, 0x5B8A, 0x6C6C, 0x7CEE, 0x746C, 0x5329, 0x31E6, 0x2945, 0x2945, 0x2986,
  0x31A7, 0x31C7, 0x31A7, 0x2986, 0x2965, 0x2945, 0x2145, 0x2145, 0x2986, 0x2986, 0x2986, 0x2966,
  0x2966, 0x2986, 0x31A6, 0x2105, 0x5369, 0x6C6C, 0x3286, 0x29E4, 0x0000, 0x0021, 0x0021, 0x0021,
  0x0021, 0x0021, 0x0021, 0x0021, 0x0021, 0x0021, 0x0021, 0x0021, 0x0021, 0x0021, 0x0021, 0x0021,
  0x0021, 0x0021, 0x0021, 0x0021, 0x0021, 0x0021, 0x0021, 0x0021, 0x0021, 0x0021, 0x0021, 0x0021,
  0x0021, 0x0021, 0x0021, 0x0021, 0x0021, 0x0021, 0x0021, 0x0021, 0x0021, 0x0021, 0x0021, 0x0021,
  0x0021, 0x0021, 0x0021, 0x0021, 0x0021, 0x0021, 0x0021, 0x0021, 0x0021, 0x0021, 0x0021, 0x0021,
  0x0021, 0x0021, 0x0021, 0x0021, 0x0021, 0x0021, 0x0021, 0x0021, 0x0021, 0x0021, 0x0021, 0x0021,
  0x0021, 0x0021, 0x0021, 0x0021, 0x0021, 0x0021, 0x0021, 0x0021, 0x0021, 0x0021, 0x0021, 0x0021,
  0x0021, 0x0021, 0x0021, 0x0021, 0x0021, 0x0021, 0x0021, 0x0021, 0x0021, 0x0021, 0x0021, 0x0021,
  0x0021, 0x0021, 0x0041, 0x0021, 0x0021, 0x0021, 0x0021, 0x0021, 0x0021, 0x0021, 0x0021, 0x0021,
  0x0021, 0x0021, 0x0021, 0x0021, 0x0021, 0x0021, 0x0021, 0x0021, 0x0021, 0x0021, 0x0021, 0x0021,
  0x0021, 0x0021, 0x0021, 0x0021, 0x0021, 0x0021, 0x0021, 0x0041, 0x0041, 0x0021, 0x0001, 0x0000,
  0x0021, 0x10A2, 0x2184, 0x3A66, 0x4B07, 0x4B48, 0x4327, 0x3AA6, 0x42C7, 0x42E7, 0x5369, 0x6C6C,
  0x7CCD, 0x6C6C, 0x4B09, 0x31E6, 0x2965, 0x2945, 0x2966, 0x31A7, 0x31C7, 0x31A7, 0x31A6, 0x2965,
  0x2965, 0x2965, 0x2966, 0x2966, 0x2986, 0x31A6, 0x2946, 0x3A47, 0x7D0E, 0x3266, 0x3245, 0x0861,
  0x0021, 0x0021, 0x0021, 0x0021, 0x0021, 0x0021, 0x0021, 0x0021, 0x0021, 0x0021, 0x0021, 0x0021,
  0x0021, 0x0021, 0x0021, 0x0021, 0x0021, 0x0021, 0x0021, 0x0021, 0x0021, 0x0021, 0x0021, 0x0021,
  0x0021, 0x0021, 0x0021, 0x0021, 0x0021, 0x0021, 0x0021, 0x0021, 0x0021, 0x0041, 0x0021, 0x0021,
  0x0021, 0x0021, 0x0021, 0x0021, 0x0021, 0x0021, 0x0021, 0x0021, 0x0021, 0x0021, 0x0021, 0x0021,
  0x0041, 0x0021, 0x0021, 0x0021, 0x0021, 0x0021, 0x0021, 0x0041, 0x0021, 0x0021, 0x0021, 0x0021,
  0x0021, 0x0021, 0x0021, 0x0021, 0x0021, 0x0021, 0x0021, 0x0021, 0x0021, 0x0021, 0x0021, 0x0021,
  0x0021, 0x0021, 0x0021, 0x0021, 0x0021, 0x0021, 0x0041, 0x0021, 0x0021, 0x0021, 0x0021, 0x0021,
  0x0021, 0x0021, 0x0021, 0x0021, 0x0021, 0x0021, 0x0021, 0x0021, 0x0021, 0x0021, 0x0021, 0x0021,
  0x0021, 0x0021, 0x0021, 0x0021, 0x0021, 0x0021, 0x0021, 0x0021, 0x0021, 0x0021, 0x0021, 0x0021,
  0x0021, 0x0021, 0x0021, 0x0021, 0x0021, 0x0021, 0x0021, 0x0021, 0x0021, 0x0021, 0x0021, 0x0021,
  0x0021, 0x0021, 0x0041, 0x0041, 0x0041, 0x0021, 0x0000, 0x0021, 0x10C2, 0x21A4, 0x3A86, 0x4307,
  0x3AC7, 0x3AA6, 0x3AC6, 0x3AA6, 0x42C7, 0x5369, 0x6C6C, 0x7CCE, 0x746C, 0x5349, 0x3206, 0x2145,
  0x2946, 0x31A6, 0x5368, 0x2965, 0x31A7, 0x3186, 0x2966, 0x2145, 0x2145, 0x2966, 0x2985, 0x7D0D,
  0x4B08, 0x3285, 0x10E2, 0x0000, 0x0041, 0x0021, 0x0021, 0x0021, 0x0021, 0x0021, 0x0021, 0x0021,
  0x0021, 0x0021, 0x0021, 0x0021, 0x0021, 0x0021, 0x0021, 0x0021, 0x0021, 0x0021, 0x0021, 0x0021,
  0x0021, 0x0021, 0x0021, 0x0021, 0x0021, 0x0021, 0x0021, 0x0021, 0x0021, 0x0021, 0x0021, 0x0021,
  0x0021, 0x0021, 0x0021, 0x0021, 0x0021, 0x0021, 0x0021, 0x0021, 0x0021, 0x0041, 0x0021, 0x0021,
  0x0021, 0x0021, 0x0021, 0x0021, 0x0021, 0x0021, 0x0021, 0x0021, 0x0021, 0x0021, 0x0021, 0x0021,
  0x0021, 0x0021, 0x0021, 0x0021, 0x0021, 0x0021, 0x0021, 0x0021, 0x0021, 0x0021, 0x0021, 0x0021,
  0x0021, 0x0021, 0x0021, 0x0021, 0x0021, 0x0021, 0x0021, 0x0021, 0x0021, 0x0021, 0x0021, 0x0021,
  0x0021, 0x0021, 0x0021, 0x0021, 0x0021, 0x0021, 0x0021, 0x0021, 0x0021, 0x0021, 0x0041, 0x0021,
  0x0021, 0x0021, 0x0021, 0x0021, 0x0041, 0x0021, 0x0021, 0x0021, 0x0021, 0x0021, 0x0021, 0x0021,
  0x0021, 0x0021, 0x0021, 0x0021, 0x0021, 0x0021, 0x0021, 0x0021, 0x0021, 0x0021, 0x0021, 0x0021,
  0x0021, 0x0021, 0x0021, 0x0021, 0x0021, 0x0021, 0x0021, 0x0021, 0x0021, 0x0041, 0x0041, 0x0041,
  0x0001, 0x0000, 0x0021, 0x10C2, 0x2163, 0x3A86, 0x4307, 0x4B27, 0x4307, 0x3AC7, 0x3AC6, 0x42E7,
  0x5369, 0x746C, 0x7CCD, 0x6C4C, 0x5B6A, 0x31E6, 0x1903, 0x2125, 0x3186, 0x31A6, 0x31A6, 0x31A7,
  0x31A6, 0x18C3, 0x644B, 0x640B, 0x3285, 0x21A4, 0x0000, 0x0041, 0x0021, 0x0021, 0x0021, 0x0021,
  0x0021, 0x0021, 0x0021, 0x0021, 0x0021, 0x0021, 0x0021, 0x0021, 0x0021, 0x0021, 0x0021, 0x0021,
  0x0021, 0x0021, 0x0021, 0x0021, 0x0021, 0x0021, 0x0021, 0x0021, 0x0021, 0x0021, 0x0021, 0x0021,
  0x0021, 0x0021, 0x0021, 0x0021, 0x0021, 0x0021, 0x0021, 0x0021, 0x0021, 0x0021, 0x0021, 0x0021,
  0x0021, 0x0021, 0x0021, 0x0021, 0x0021, 0x0041, 0x0021, 0x0041, 0x0021, 0x0021, 0x0021, 0x0021,
  0x0021, 0x0021, 0x0021, 0x0021, 0x0021, 0x0021, 0x0021, 0x0021, 0x0021, 0x0021, 0x0021, 0x0021,
  0x0021, 0x0021, 0x0021, 0x0021, 0x0021, 0x0021, 0x0021, 0x0021, 0x0021, 0x0021, 0x0041, 0x0021,
  0x0021, 0x0041, 0x0021, 0x0021, 0x0021, 0x0021, 0x0021, 0x0021, 0x0021, 0x0021, 0x0021, 0x0021,
  0x0021, 0x0021, 0x0021, 0x0041, 0x0021, 0x0021, 0x0021, 0x0021, 0x0021, 0x0021, 0x0021, 0x0021,
  0x0021, 0x0021, 0x0021, 0x0021, 0x0021, 0x0021, 0x0021, 0x0041, 0x0021, 0x0021, 0x0021, 0x0021,
  0x0021, 0x0021, 0x0021, 0x0021, 0x0021, 0x0021, 0x0021, 0x0041, 0x0021, 0x0021, 0x0021, 0x0021,
  0x0021, 0x0021, 0x0021, 0x0021, 0x0041, 0x0041, 0x0021, 0x0001, 0x0000, 0x0021, 0x10A2, 0x2163,
  0x3266, 0x4327, 0x4B48, 0x4307, 0x3AC6, 0x3A86, 0x42C7, 0x5B8A, 0x746C, 0x7CAD, 0x746C, 0x5B6A,
  0x31E6, 0x2145, 0x2966, 0x31A7, 0x2946, 0x4B08, 0x74AD, 0x3266, 0x3245, 0x0021, 0x0021, 0x0021,
  0x0021, 0x0021, 0x0021, 0x0021, 0x0021, 0x0021, 0x0021, 0x0021, 0x0021, 0x0021, 0x0021, 0x0021,
  0x0021, 0x0021, 0x0021, 0x0021, 0x0021, 0x0021, 0x0021, 0x0021, 0x0021, 0x0021, 0x0021, 0x0021,
  0x0041, 0x0021, 0x0021, 0x0021, 0x0021, 0x0021, 0x0021, 0x0021, 0x0021, 0x0021, 0x0021, 0x0021,
  0x0021, 0x0021, 0x0021, 0x0021, 0x0021, 0x0021, 0x0041, 0x0021, 0x0021, 0x0021, 0x0021, 0x0021,
  0x0021, 0x0021, 0x0021, 0x0021, 0x0021, 0x0021, 0x0021, 0x0021, 0x0021, 0x0021, 0x0021, 0x0021,
  0x0021, 0x0041, 0x0021, 0x0021, 0x0021, 0x0021, 0x0021, 0x0021, 0x0021, 0x0021, 0x0021, 0x0021,
  0x0021, 0x0021, 0x0021, 0x0021, 0x0021, 0x0041, 0x0021, 0x0041, 0x0021, 0x0021, 0x0021, 0x0021,
  0x0021, 0x0021, 0x0021, 0x0041, 0x0021, 0x0021, 0x0021, 0x0021, 0x0021, 0x0021, 0x0021, 0x0021,
  0x0021, 0x0021, 0x0021, 0x0021, 0x0021, 0x0021, 0x0021, 0x0021, 0x0021, 0x0021, 0x0021, 0x0021,
  0x0021, 0x0021, 0x0021, 0x0021, 0x0021, 0x0021, 0x0021, 0x0021, 0x0021, 0x0021, 0x0021, 0x0021,
  0x0021, 0x0021, 0x0021, 0x0021, 0x0021, 0x0021, 0x0021, 0x0021, 0x0021, 0x0021, 0x0021, 0x0041,
  0x0041, 0x0021, 0x0021, 0x0000, 0x0021, 0x08A2, 0x2184, 0x3A66, 0x4307, 0x4327, 0x4327, 0x3AC6,
  0x3266, 0x4B28, 0x5B8A, 0x6C4C, 0x74CD, 0x6C6C, 0x5329, 0x2985, 0x31E5, 0x7D2E, 0x42C7, 0x3285,
  0x0881, 0x0021, 0x0041, 0x0021, 0x0021, 0x0021, 0x0021, 0x0021, 0x0021, 0x0021, 0x0021, 0x0021,
  0x0021, 0x0021, 0x0021, 0x0021, 0x0041, 0x0021, 0x0021, 0x0021, 0x0021, 0x0021, 0x0041, 0x0021,
  0x0021, 0x0021, 0x0021, 0x0021, 0x0021, 0x0021, 0x0021, 0x0021, 0x0021, 0x0021, 0x0021, 0x0021,
  0x0021, 0x0021, 0x0021, 0x0021, 0x0021, 0x0021, 0x0021, 0x0021, 0x0021, 0x0021, 0x0021, 0x0021,
  0x0021, 0x0021, 0x0021, 0x0021, 0x0021, 0x0021, 0x0021, 0x0021, 0x0021, 0x0021, 0x0021, 0x0021,
  0x0021, 0x0021, 0x0021, 0x0021, 0x0021, 0x0021, 0x0021, 0x0021, 0x0021, 0x0021, 0x0021, 0x0021,
  0x0021, 0x0021, 0x0021, 0x0021, 0x0021, 0x0021, 0x0021, 0x0021, 0x0021, 0x0021, 0x0021, 0x0021,
  0x0021, 0x0021, 0x0021, 0x0021, 0x0021, 0x0021, 0x0021, 0x0021, 0x0021, 0x0021, 0x0021, 0x0021,
  0x0021, 0x0021, 0x0021, 0x0021, 0x0041, 0x0021, 0x0021, 0x0021, 0x0021, 0x0021, 0x0021, 0x0021,
  0x0021, 0x0021, 0x0021, 0x0021, 0x0021, 0x0021, 0x0021, 0x0021, 0x0021, 0x0021, 0x0021, 0x0041,
  0x0021, 0x0021, 0x0021, 0x0021, 0x0021, 0x0021, 0x0021, 0x0021, 0x0021, 0x0021, 0x0021, 0x0021,
  0x0021, 0x0021, 0x0021, 0x0021, 0x0021, 0x0021, 0x0041, 0x0041, 0x0041, 0x0021, 0x0000, 0x0021,
  0x10A2, 0x2184, 0x3266, 0x4307, 0x4307, 0x42E7, 0x3286, 0x3A86, 0x42E7, 0x5389, 0x6C4B, 0x74AD,
  0x7D2E, 0x5349, 0x3AA6, 0x1943, 0x0000, 0x0041, 0x0021, 0x0021, 0x0021, 0x0021, 0x0021, 0x0021,
  0x0021, 0x0021, 0x0021, 0x0021, 0x0021, 0x0021, 0x0021, 0x0021, 0x0021, 0x0021, 0x0021, 0x0021,
  0x0021, 0x0021, 0x0021, 0x0021, 0x0021, 0x0021, 0x0021, 0x0021, 0x0021, 0x0021, 0x0021, 0x0021,
  0x0021, 0x0021, 0x0021, 0x0021, 0x0021, 0x0021, 0x0021, 0x0021, 0x0021, 0x0021, 0x0021, 0x0021,
  0x0021, 0x0021, 0x0021, 0x0021, 0x0021, 0x0021, 0x0021, 0x0021, 0x0021, 0x0021, 0x0041, 0x0021,
  0x0021, 0x0021, 0x0021, 0x0021, 0x0021, 0x0021, 0x0021, 0x0021, 0x0021, 0x0021, 0x0021, 0x0021,
  0x0021, 0x0021, 0x0021, 0x0021, 0x0021, 0x0021, 0x0021, 0x0021, 0x0021, 0x0021, 0x0021, 0x0021,
  0x0021, 0x0021, 0x0021, 0x0021, 0x0021, 0x0021, 0x0021, 0x0021, 0x0021, 0x0021, 0x0021, 0x0021,
  0x0021, 0x0021, 0x0041, 0x0021, 0x0021, 0x0021, 0x0021, 0x0021, 0x0021, 0x0041, 0x0021, 0x0021,
  0x0021, 0x0021, 0x0021, 0x0021, 0x0021, 0x0021, 0x0021, 0x0021, 0x0021, 0x0021, 0x0021, 0x0021,
  0x0021, 0x0021, 0x0021, 0x0021, 0x0021, 0x0021, 0x0021, 0x0021, 0x0021, 0x0021, 0x0021, 0x0021,
  0x0021, 0x0021, 0x0021, 0x0021, 0x0021, 0x0021, 0x0021, 0x0021, 0x0021, 0x0021, 0x0021, 0x0021,
  0x0021, 0x0041, 0x0041, 0x0041, 0x0021, 0x0000, 0x0021, 0x10A2, 0x21A4, 0x29E4, 0x4307, 0x4B28,
  0x4307, 0x3AC6, 0x3A86, 0x4B28, 0x4B29, 0x3286, 0x29E4, 0x0000, 0x0021, 0x0021, 0x0021, 0x0021,
  0x0021, 0x0021, 0x0021, 0x0021, 0x0021, 0x0021, 0x0021, 0x0021, 0x0021, 0x0021, 0x0021, 0x0021,
  0x0021, 0x0021, 0x0021, 0x0021, 0x0021, 0x0021, 0x0021, 0x0021, 0x0021, 0x0021, 0x0021, 0x0021,
  0x0021, 0x0021, 0x0021, 0x0021, 0x0021, 0x0021, 0x0021, 0x0021, 0x0021, 0x0021, 0x0021, 0x0041,
  0x0041, 0x0021, 0x0021, 0x0021, 0x0021, 0x0021, 0x0021, 0x0021, 0x0021, 0x0021, 0x0021, 0x0021,
  0x0021, 0x0021, 0x0021, 0x0041, 0x0021, 0x0021, 0x0021, 0x0021, 0x0021, 0x0021, 0x0021, 0x0021,
  0x0021, 0x0021, 0x0021, 0x0021, 0x0021, 0x0021, 0x0021, 0x0021, 0x0021, 0x0021, 0x0021, 0x0021,
  0x0021, 0x0021, 0x0021, 0x0021, 0x0021, 0x0021, 0x0021, 0x0021, 0x0041, 0x0041, 0x0021, 0x0021,
  0x0021, 0x0021, 0x0021, 0x0021, 0x0021, 0x0021, 0x0021, 0x0021, 0x0021, 0x0021, 0x0041, 0x0041,
  0x0021, 0x0021, 0x0021, 0x0021, 0x0021, 0x0021, 0x0021, 0x0021, 0x0021, 0x0021, 0x0021, 0x0021,
  0x0021, 0x0021, 0x0021, 0x0021, 0x0021, 0x0021, 0x0021, 0x0021, 0x0021, 0x0021, 0x0021, 0x0021,
  0x0021, 0x0021, 0x0021, 0x0021, 0x0021, 0x0021, 0x0021, 0x0021, 0x0021, 0x0021, 0x0021, 0x0021,
  0x0021, 0x0021, 0x0021, 0x0021, 0x0021, 0x0021, 0x0041, 0x0021, 0x0041, 0x0041, 0x0041, 0x0001,
  0x0000, 0x0041, 0x10C2, 0x2184, 0x3266, 0x4307, 0x4B27, 0x4307, 0x3AA6, 0x3265, 0x0841, 0x0021,
  0x0021, 0x0021, 0x0021, 0x0021, 0x0021, 0x0021, 0x0021, 0x0021, 0x0041, 0x0021, 0x0021, 0x0021,
  0x0021, 0x0021, 0x0021, 0x0041, 0x0021, 0x0021, 0x0021, 0x0021, 0x0021, 0x0021, 0x0041, 0x0021,
  0x0021, 0x0041, 0x0021, 0x0021, 0x0041, 0x0041, 0x0021, 0x0021, 0x0021, 0x0021, 0x0021, 0x0021,
  0x0021, 0x0041, 0x0021, 0x0021, 0x0021, 0x0021, 0x0021, 0x0041, 0x0021, 0x0021, 0x0021, 0x0021,
  0x0021, 0x0021, 0x0021, 0x0021, 0x0021, 0x0021, 0x0021, 0x0021, 0x0021, 0x0021, 0x0021, 0x0021,
  0x0021, 0x0021, 0x0021, 0x0021, 0x0021, 0x0021, 0x0021, 0x0021, 0x0021, 0x0021, 0x0021, 0x0021,
  0x0021, 0x0021, 0x0021, 0x0021, 0x0021, 0x0021, 0x0021, 0x0021, 0x0021, 0x0021, 0x0021, 0x0021,
  0x0021, 0x0021, 0x0021, 0x0021, 0x0021, 0x0021, 0x0021, 0x0021, 0x0021, 0x0021, 0x0041, 0x0041,
  0x0041, 0x0041, 0x0021, 0x0021, 0x0021, 0x0021, 0x0021, 0x0021, 0x0021, 0x0021, 0x0021, 0x0021,
  0x0021, 0x0021, 0x0021, 0x0021, 0x0021, 0x0021, 0x0021, 0x0021, 0x0021, 0x0021, 0x0021, 0x0021,
  0x0041, 0x0021, 0x0021, 0x0021, 0x0021, 0x0021, 0x0021, 0x0021, 0x0021, 0x0021, 0x0021, 0x0021,
  0x0021, 0x0021, 0x0021, 0x0021, 0x0021, 0x0021, 0x0021, 0x0021, 0x0021, 0x0021, 0x0021, 0x0021,
  0x0021, 0x0021, 0x0021, 0x0041, 0x0041, 0x0021, 0x0001, 0x0000, 0x0021, 0x10A2, 0x2184, 0x3A66,
  0x3AA6, 0x10A2, 0x0001, 0x0041, 0x0021, 0x0021, 0x0021, 0x0021, 0x0021, 0x0021, 0x0021, 0x0021,
  0x0021, 0x0021, 0x0021, 0x0021, 0x0021, 0x0021, 0x0021, 0x0021, 0x0021, 0x0021, 0x0021, 0x0021,
  0x0021, 0x0021, 0x0041, 0x0021, 0x0021, 0x0021, 0x0021, 0x0021, 0x0021, 0x0041, 0x0021, 0x0021,
  0x0021, 0x0021, 0x0021, 0x0021, 0x0021, 0x0021, 0x0021, 0x0021, 0x0021, 0x0021, 0x0021, 0x0041,
  0x0021, 0x0021, 0x0021, 0x0021, 0x0021, 0x0021, 0x0021, 0x0021, 0x0021, 0x0021, 0x0021, 0x0021,
  0x0021, 0x0021, 0x0021, 0x0021, 0x0021, 0x0021, 0x0021, 0x0021, 0x0021, 0x0021, 0x0021, 0x0021,
  0x0021, 0x0021, 0x0021, 0x0021, 0x0021, 0x0021, 0x0021, 0x0021, 0x0021, 0x0021, 0x0021, 0x0021,
  0x0021, 0x0021, 0x0021, 0x0021, 0x0021, 0x0041, 0x0021, 0x0021, 0x0021, 0x0021, 0x0021, 0x0021,
  0x0021, 0x0021, 0x0021, 0x0041, 0x0021, 0x0021, 0x0041, 0x0021, 0x0021, 0x0041, 0x0021, 0x0021,
  0x0021, 0x0021, 0x0021, 0x0021, 0x0021, 0x0021, 0x0021, 0x0021, 0x0021, 0x0021, 0x0021, 0x0021,
  0x0021, 0x0021, 0x0021, 0x0021, 0x0021, 0x0021, 0x0021, 0x0021, 0x0021, 0x0021, 0x0021, 0x0021,
  0x0021, 0x0021, 0x0021, 0x0021, 0x0021, 0x0021, 0x0021, 0x0021, 0x0021, 0x0021, 0x0021, 0x0021,
  0x0021, 0x0021, 0x0021, 0x0041, 0x0021, 0x0021, 0x0021, 0x0021, 0x0021, 0x0021, 0x0041, 0x0041,
  0x0021, 0x0001, 0x0000, 0x0021, 0x0881, 0x0021, 0x0041, 0x0021, 0x0021, 0x0021, 0x0021, 0x0021,
  0x0021, 0x0021, 0x0021, 0x0021, 0x0021, 0x0021, 0x0021, 0x0021, 0x0021, 0x0021, 0x0021, 0x0021,
  0x0041, 0x0021, 0x0021, 0x0021, 0x0021, 0x0021, 0x0021, 0x0021, 0x0021, 0x0021, 0x0021, 0x0021,
  0x0021, 0x0021, 0x0021, 0x0021, 0x0021, 0x0021, 0x0021, 0x0021, 0x0021, 0x0021, 0x0021, 0x0021,
  0x0021, 0x0021, 0x0021, 0x0021, 0x0021, 0x0021, 0x0021, 0x0021, 0x0021, 0x0021, 0x0021, 0x0021,
  0x0021, 0x0021, 0x0021, 0x0021, 0x0021, 0x0021, 0x0021, 0x0021, 0x0021, 0x0021, 0x0021, 0x0021,
  0x0021, 0x0021, 0x0021, 0x0021, 0x0021, 0x0021, 0x0021, 0x0021, 0x0021, 0x0021, 0x0021, 0x0021,
  0x0021, 0x0021, 0x0021, 0x0021, 0x0021, 0x0021, 0x0021, 0x0021, 0x0021, 0x0041, 0x0021, 0x0021,
  0x0021, 0x0021, 0x0021, 0x0021, 0x0021, 0x0021, 0x0021, 0x0021, 0x0021, 0x0021, 0x0041, 0x0041,
  0x0021, 0x0021, 0x0021, 0x0021, 0x0021, 0x0021, 0x0021, 0x0021, 0x0021, 0x0021, 0x0021, 0x0021,
  0x0021, 0x0021, 0x0021, 0x0021, 0x0021, 0x0021, 0x0021, 0x0021, 0x0021, 0x0041, 0x0041, 0x0021,
  0x0021, 0x0021, 0x0021, 0x0021, 0x0021, 0x0021, 0x0021, 0x0021, 0x0021, 0x0021, 0x0021, 0x0021,
  0x0021, 0x0021, 0x0021, 0x0021, 0x0021, 0x0021, 0x0021, 0x0021, 0x0021, 0x0021, 0x0021, 0x0021,
  0x0021, 0x0021, 0x0021, 0x0021, 0x0021, 0x0021, 0x0041, 0x0021, 0x0021, 0x0041, 0x0021, 0x0021,
  0x0021, 0x0021, 0x0021, 0x0021, 0x0021, 0x0021, 0x0021, 0x0021, 0x0021, 0x0021, 0x0021, 0x0021,
  0x0021, 0x0021, 0x0021, 0x0021, 0x0021, 0x0021, 0x0021, 0x0021, 0x0021, 0x0021, 0x0021, 0x0021,
  0x0021, 0x0021, 0x0021, 0x0021, 0x0021, 0x0021, 0x0021, 0x0021, 0x0021, 0x0021, 0x0021, 0x0021,
  0x0021, 0x0021, 0x0021, 0x0021, 0x0021, 0x0021, 0x0021, 0x0021, 0x0021, 0x0021, 0x0041, 0x0021,
  0x0021, 0x0021, 0x0021, 0x0021, 0x0021, 0x0021, 0x0021, 0x0021, 0x0021, 0x0021, 0x0021, 0x0021,
  0x0021, 0x0021, 0x0021, 0x0021, 0x0021, 0x0021, 0x0021, 0x0021, 0x0021, 0x0021, 0x0021, 0x0021,
  0x0021, 0x0021, 0x0021, 0x0021, 0x0021, 0x0021, 0x0021, 0x0021, 0x0021, 0x0041, 0x0021, 0x0021,
  0x0021, 0x0041, 0x0041, 0x0021, 0x0021, 0x0021, 0x0021, 0x0021, 0x0021, 0x0021, 0x0021, 0x0021,
  0x0041, 0x0021, 0x0041, 0x0041, 0x0021, 0x0021, 0x0021, 0x0021, 0x0021, 0x0021, 0x0021, 0x0041,
  0x0021, 0x0021, 0x0021, 0x0021, 0x0021, 0x0041, 0x0021, 0x0041, 0x0021, 0x0021, 0x0021, 0x0041,
  0x0021, 0x0021, 0x0021, 0x0021, 0x0021, 0x0021, 0x0021, 0x0021, 0x0021, 0x0021, 0x0021, 0x0021,
  0x0021, 0x0021, 0x0021, 0x0021, 0x0021, 0x0021, 0x0021, 0x0021, 0x0021, 0x0021, 0x0021, 0x0021,
  0x0021, 0x0021, 0x0021, 0x0021, 0x0021, 0x0021, 0x0021, 0x0021, 0x0021, 0x0021, 0x0021, 0x0021,
  0x0041, 0x0021, 0x0021, 0x0021, 0x0021, 0x0021, 0x0021, 0x0021, 0x0021, 0x0021, 0x0021, 0x0021,
  0x0021, 0x0021, 0x0021, 0x0021, 0x0021, 0x0041, 0x0021, 0x0021, 0x0021, 0x0021, 0x0021, 0x0021,
  0x0021, 0x0021, 0x0021, 0x0021, 0x0021, 0x0021, 0x0021, 0x0021, 0x0021, 0x0021, 0x0021, 0x0021,
  0x0021, 0x0021, 0x0021, 0x0021, 0x0021, 0x0021, 0x0021, 0x0021, 0x0021, 0x0021, 0x0021, 0x0021,
  0x0021, 0x0021, 0x0021, 0x0021, 0x0021, 0x0021, 0x0021, 0x0021, 0x0021, 0x0021, 0x0021, 0x0021,
  0x0021, 0x0021, 0x0021, 0x0021, 0x0021, 0x0021, 0x0021, 0x0021, 0x0021, 0x0021, 0x0021, 0x0021,
  0x0021, 0x0021, 0x0021, 0x0021, 0x0021, 0x0021, 0x0021, 0x0021, 0x0021, 0x0021, 0x0021, 0x0021,
  0x0021, 0x0021, 0x0021, 0x0021, 0x0021, 0x0021, 0x0021, 0x0021, 0x0021, 0x0021, 0x0021, 0x0021,
  0x0021, 0x0021, 0x0041, 0x0021, 0x0021, 0x0021, 0x0041, 0x0041, 0x0021, 0x0021, 0x0021, 0x0021,
  0x0021, 0x0021, 0x0021, 0x0021, 0x0021, 0x0021, 0x0021, 0x0021, 0x0021, 0x0021, 0x0021, 0x0021,
  0x0041, 0x0021, 0x0021, 0x0021, 0x0021, 0x0021, 0x0021, 0x0021, 0x0021, 0x0021, 0x0021, 0x0021,
  0x0021, 0x0021, 0x0021, 0x0021, 0x0021, 0x0021, 0x0021, 0x0021, 0x0021, 0x0021, 0x0021, 0x0021,
  0x0021, 0x0021, 0x0021, 0x0021, 0x0021, 0x0021, 0x0021, 0x0021, 0x0021, 0x0021, 0x0021, 0x0021,
  0x0021, 0x0021, 0x0021, 0x0021, 0x0021, 0x0021, 0x0021, 0x0021, 0x0021, 0x0021, 0x0021, 0x0021,
  0x0021, 0x0021, 0x0021, 0x0021, 0x0021, 0x0021, 0x0021, 0x0021, 0x0021, 0x0021, 0x0021, 0x0021,
  0x0021, 0x0021, 0x0021, 0x0021, 0x0021, 0x0021, 0x0021, 0x0021, 0x0021, 0x0021, 0x0021, 0x0021,
  0x0021, 0x0021, 0x0021, 0x0021, 0x0021, 0x0021, 0x0021, 0x0021, 0x0021, 0x0021, 0x0021, 0x0021,
  0x0021, 0x0021, 0x0021, 0x0041, 0x0041, 0x0021, 0x0021, 0x0021, 0x0021, 0x0021, 0x0021, 0x0021,
  0x0021, 0x0021, 0x0021, 0x0021, 0x0021, 0x0021, 0x0021, 0x0021, 0x0021, 0x0021, 0x0021, 0x0021,
  0x0021, 0x0021, 0x0021, 0x0021, 0x0021, 0x0021, 0x0021, 0x0021, 0x0021, 0x0021, 0x0021, 0x0021,
  0x0021, 0x0021, 0x0021, 0x0021, 0x0021, 0x0021, 0x0021, 0x0021, 0x0021, 0x0021, 0x0021, 0x0021,
  0x0021, 0x0021, 0x0021, 0x0021, 0x0021, 0x0041, 0x0041, 0x0021, 0x0041, 0x0041, 0x0041, 0x0021,
  0x0021, 0x0021, 0x0021, 0x0021, 0x0021, 0x0021, 0x0021, 0x0021, 0x0021, 0x0021, 0x0021, 0x0021,
  0x0021, 0x0021, 0x0021, 0x0021, 0x0041, 0x0041, 0x0021, 0x0021, 0x0021, 0x0021, 0x0021, 0x0021,
  0x0021, 0x0021, 0x0021, 0x0021, 0x0041, 0x0021, 0x0021, 0x0021, 0x0021, 0x0021, 0x0021, 0x0021,
  0x0021, 0x0021, 0x0021, 0x0021, 0x0021, 0x0021, 0x0041, 0x0021, 0x0021, 0x0021, 0x0021, 0x0041,
  0x0021, 0x0021, 0x0021, 0x0021, 0x0021, 0x0021, 0x0021, 0x0021, 0x0021, 0x0021, 0x0021, 0x0021,
  0x0021, 0x0021, 0x0021, 0x0021, 0x0021, 0x0021, 0x0021, 0x0021, 0x0021, 0x0021, 0x0021, 0x0021,
  0x0041, 0x0021, 0x0021, 0x0021, 0x0021, 0x0021, 0x0021, 0x0021, 0x0021, 0x0021, 0x0021, 0x0021,
  0x0021, 0x0021, 0x0021, 0x0021, 0x0021, 0x0021, 0x0021, 0x0021, 0x0021, 0x0021, 0x0021, 0x0021,
  0x0021, 0x0021, 0x0021, 0x0021, 0x0021, 0x0021, 0x0021, 0x0021, 0x0021, 0x0021, 0x0021, 0x0021,
  0x0021, 0x0041, 0x0021, 0x0021, 0x0021, 0x0021, 0x0021, 0x0021, 0x0021, 0x0021, 0x0021, 0x0021,
  0x0021, 0x0021, 0x0021, 0x0021, 0x0021, 0x0021, 0x0021, 0x0021, 0x0021, 0x0021, 0x0021, 0x0021,
  0x0021, 0x0021, 0x0021, 0x0021, 0x0021, 0x0021, 0x0021, 0x0021, 0x0021, 0x0021, 0x0021, 0x0021,
  0x0021, 0x0021, 0x0021, 0x0021, 0x0021, 0x0021, 0x0021, 0x0021, 0x0021, 0x0021, 0x0021, 0x0041,
  0x0041, 0x0041, 0x0021, 0x0021, 0x0021, 0x0021, 0x0021, 0x0021, 0x0021, 0x0021, 0x0021, 0x0021,
  0x0021, 0x0021, 0x0021, 0x0021, 0x0021, 0x0021, 0x0021, 0x0021, 0x0021, 0x0021, 0x0021, 0x0021,
  0x0021, 0x0021, 0x0021, 0x0021, 0x0021, 0x0021, 0x0021, 0x0021, 0x0021, 0x0021, 0x0021, 0x0021,
  0x0021, 0x0021, 0x0021, 0x0021, 0x0021, 0x0021, 0x0021, 0x0021, 0x0021, 0x0021, 0x0041, 0x0021,
  0x0021, 0x0021, 0x0021, 0x0041, 0x0021, 0x0021, 0x0021, 0x0021, 0x0021, 0x0021, 0x0021, 0x0021,
  0x0021, 0x0021, 0x0021, 0x0021, 0x0021, 0x0021, 0x0021, 0x0021, 0x0021, 0x0021, 0x0021, 0x0021,
  0x0021, 0x0021, 0x0021, 0x0021, 0x0021, 0x0021, 0x0021, 0x0021, 0x0021, 0x0021, 0x0021, 0x0021,
  0x0021, 0x0021, 0x0021, 0x0021, 0x0021, 0x0021, 0x0021, 0x0021, 0x0021, 0x0021, 0x0021, 0x0021,
  0x0021, 0x0021, 0x0021, 0x0021, 0x0021, 0x0021, 0x0021, 0x0021, 0x0021, 0x0021, 0x0021, 0x0021,
  0x0021, 0x0041, 0x0021, 0x0021, 0x0021, 0x0021, 0x0021, 0x0021, 0x0021, 0x0021, 0x0021, 0x0021,
  0x0021, 0x0021, 0x0021, 0x0021, 0x0021, 0x0021, 0x0041, 0x0021, 0x0021, 0x0021, 0x0021, 0x0021,
  0x0021, 0x0021, 0x0021, 0x0021, 0x0021, 0x0021, 0x0021, 0x0021, 0x0021, 0x0021, 0x0021, 0x0021,
  0x0021, 0x0021, 0x0021, 0x0021, 0x0021, 0x0021, 0x0021, 0x0021, 0x0021, 0x0041, 0x0021, 0x0041,
  0x0021, 0x0021, 0x0021, 0x0021, 0x0041, 0x0021, 0x0021, 0x0021, 0x0021, 0x0021, 0x0021, 0x0041,
  0x0021, 0x0021, 0x0021, 0x0021, 0x0021, 0x0021, 0x0021, 0x0021, 0x0021, 0x0021, 0x0021, 0x0021,
  0x0021, 0x0021, 0x0021, 0x0021, 0x0021, 0x0021, 0x0021, 0x0021, 0x0021, 0x0021, 0x0021, 0x0021,
  0x0021, 0x0021, 0x0021, 0x0021, 0x0021, 0x0021, 0x0021, 0x0021, 0x0021, 0x0021, 0x0021, 0x0021,
  0x0021, 0x0021, 0x0021, 0x0021, 0x0041, 0x0021, 0x0021, 0x0021, 0x0021, 0x0021, 0x0021, 0x0021,
  0x0021, 0x0021, 0x0021, 0x0021, 0x0021, 0x0021, 0x0021, 0x0021, 0x0021, 0x0021, 0x0021, 0x0021,
  0x0021, 0x0021, 0x0021, 0x0021, 0x0021, 0x0021, 0x0021, 0x0021, 0x0021, 0x0021, 0x0021, 0x0021,
  0x0021, 0x0041, 0x0021, 0x0021, 0x0021, 0x0021, 0x0041, 0x0021, 0x0021, 0x0021, 0x0021, 0x0021,
  0x0021, 0x0021, 0x0021, 0x0021, 0x0021, 0x0021, 0x0021, 0x0021, 0x0021, 0x0021, 0x0041, 0x0021,
  0x0021, 0x0021, 0x0021, 0x0041, 0x0021, 0x0021, 0x0021, 0x0021, 0x0021, 0x0021, 0x0021, 0x0021,
  0x0021, 0x0021, 0x0021, 0x0021, 0x0021, 0x0021, 0x0021, 0x0021, 0x0021, 0x0021, 0x0021, 0x0021,
  0x0021, 0x0021, 0x0021, 0x0021, 0x0021, 0x0021, 0x0021, 0x0021, 0x0021, 0x0021, 0x0021, 0x0021,
  0x0021, 0x0021, 0x0021, 0x0021, 0x0021, 0x0021, 0x0021, 0x0021, 0x0021, 0x0021, 0x0041, 0x0021,
  0x0021, 0x0021, 0x0021, 0x0021, 0x0021, 0x0021, 0x0021, 0x0021, 0x0021, 0x0041, 0x0021, 0x0021,
  0x0021, 0x0021, 0x0021, 0x0021, 0x0021, 0x0021, 0x0021, 0x0021, 0x0021, 0x0021, 0x0021, 0x0021,
  0x0021, 0x0021, 0x0021, 0x0021, 0x0021, 0x0021, 0x0041, 0x0021, 0x0021, 0x0021, 0x0021, 0x0021,
  0x0021, 0x0021, 0x0021, 0x0021, 0x0021, 0x0021, 0x0021, 0x0021, 0x0021, 0x0021, 0x0021, 0x0021,
  0x0041, 0x0021, 0x0021, 0x0021, 0x0021, 0x0021, 0x0021, 0x0041, 0x0041, 0x0041, 0x0021, 0x0021,
  0x0021, 0x0021, 0x0021, 0x0021, 0x0041, 0x0041, 0x0021, 0x0021, 0x0021, 0x0021, 0x0021, 0x0021,
  0x0021, 0x0041, 0x0021, 0x0021, 0x0021, 0x0021, 0x0021, 0x0021, 0x0021, 0x0041, 0x0021, 0x0021,
  0x0021, 0x0021, 0x0021, 0x0021, 0x0021, 0x0021, 0x0021, 0x0021, 0x0041, 0x0021, 0x0041, 0x0021,
  0x0021, 0x0021, 0x0021, 0x0021, 0x0021, 0x0021, 0x0021, 0x0021, 0x0021, 0x0021, 0x0021, 0x0021,
  0x0021, 0x0021, 0x0021, 0x0021, 0x0041, 0x0021, 0x0021, 0x0021, 0x0021, 0x0021, 0x0021, 0x0021,
  0x0021, 0x0021, 0x0021, 0x0021, 0x0021, 0x0021, 0x0021, 0x0021, 0x0021, 0x0021, 0x0021, 0x0021,
  0x0021, 0x0021, 0x0021, 0x0021, 0x0021, 0x0021, 0x0021, 0x0021, 0x0021, 0x0021, 0x0021, 0x0021,
  0x0021, 0x0021, 0x0021, 0x0021, 0x0021, 0x0021, 0x0021, 0x0021, 0x0021, 0x0021, 0x0021, 0x0021,
  0x0021, 0x0021, 0x0021, 0x0021, 0x0021, 0x0021, 0x0021, 0x0021, 0x0021, 0x0021, 0x0021, 0x0041,
  0x0021, 0x0021, 0x0021, 0x0021, 0x0041, 0x0021, 0x0021, 0x0021, 0x0041, 0x0021, 0x0021, 0x0021,
  0x0021, 0x0021, 0x0021, 0x0021, 0x0021, 0x0021, 0x0021, 0x0021, 0x0021, 0x0021, 0x0041, 0x0021,
  0x0021, 0x0021, 0x0021, 0x0021, 0x0021, 0x0021, 0x0041, 0x0021, 0x0021, 0x0041, 0x0021, 0x0021,
  0x0021, 0x0021, 0x0021, 0x0021, 0x0021, 0x0021, 0x0021, 0x0021, 0x0021, 0x0021, 0x0021, 0x0021,
  0x0021, 0x0021, 0x0021, 0x0041, 0x0021, 0x0021, 0x0021, 0x0021, 0x0021, 0x0041, 0x0021, 0x0021,
  0x0021, 0x0021, 0x0021, 0x0021, 0x0041, 0x0021, 0x0021, 0x0021, 0x0021, 0x0021, 0x0021, 0x0021,
  0x0041, 0x0021, 0x0021, 0x0021, 0x0021, 0x0021, 0x0021, 0x0021, 0x0021, 0x0021, 0x0021, 0x0021,
  0x0021, 0x0021, 0x0041, 0x0021, 0x0021, 0x0021, 0x0021, 0x0021, 0x0021, 0x0021, 0x0021, 0x0021,
  0x0021, 0x0041, 0x0021, 0x0041, 0x0021, 0x0021, 0x0021, 0x0021, 0x0021, 0x0021, 0x0021, 0x0021,
  0x0021, 0x0021, 0x0021, 0x0021, 0x0021, 0x0041, 0x0021, 0x0021, 0x0021, 0x0021, 0x0021, 0x0021,
  0x0021, 0x0021, 0x0021, 0x0021, 0x0021, 0x0021, 0x0021, 0x0021, 0x0021, 0x0021, 0x0021, 0x0021,
  0x0021, 0x0021, 0x0021, 0x0021, 0x0021, 0x0021, 0x0021, 0x0021, 0x0021, 0x0021, 0x0021, 0x0021,
  0x0021, 0x0021, 0x0021, 0x0021, 0x0021, 0x0021, 0x0021, 0x0041, 0x0041, 0x0021, 0x0021, 0x0041,
  0x0021, 0x0021, 0x0021, 0x0021, 0x0021, 0x0021, 0x0021, 0x0021, 0x0041, 0x0021, 0x0021, 0x0021,
  0x0021, 0x0021, 0x0021, 0x0021, 0x0021, 0x0021, 0x0021, 0x0021, 0x0021, 0x0021, 0x0021, 0x0021,
  0x0041, 0x0021, 0x0021, 0x0021, 0x0021, 0x0021, 0x0021, 0x0021, 0x0021, 0x0021, 0x0021, 0x0021,
  0x0021, 0x0021, 0x0021, 0x0021, 0x0021, 0x0021, 0x0021, 0x0021, 0x0021, 0x0021, 0x0021, 0x0021,
  0x0021, 0x0021, 0x0021, 0x0021, 0x0021, 0x0021, 0x0021, 0x0021, 0x0021, 0x0021, 0x0021, 0x0021,
  0x0041, 0x0021, 0x0021, 0x0021, 0x0021, 0x0021, 0x0021, 0x0021, 0x0021, 0x0041, 0x0021, 0x0021,
  0x0021, 0x0021, 0x0021, 0x0021, 0x0021, 0x0021, 0x0021, 0x0021, 0x0021, 0x0021, 0x0021, 0x0021,
  0x0021, 0x0021, 0x0021, 0x0021, 0x0021, 0x0021, 0x0021, 0x0021, 0x0021, 0x0021, 0x0021, 0x0021,
  0x0021, 0x0021, 0x0021, 0x0021, 0x0021, 0x0021, 0x0021, 0x0021, 0x0021, 0x0021, 0x0021, 0x0021,
  0x0021, 0x0021, 0x0021, 0x0021, 0x0021, 0x0021, 0x0021, 0x0021, 0x0021, 0x0021, 0x0021, 0x0021,
  0x0021, 0x0021, 0x0021, 0x0021, 0x0021, 0x0021, 0x0021, 0x0021, 0x0021, 0x0021, 0x0021, 0x0021,
  0x0021, 0x0021, 0x0021, 0x0021, 0x0021, 0x0021, 0x0021, 0x0021, 0x0021, 0x0021, 0x0021, 0x0021,
  0x0021, 0x0021, 0x0021, 0x0021, 0x0021, 0x0021, 0x0021, 0x0021, 0x0021, 0x0021, 0x0021, 0x0021,
  0x0021, 0x0021, 0x0021, 0x0021, 0x0021, 0x0021, 0x0021, 0x0021, 0x0021, 0x0021, 0x0021, 0x0021,
  0x0021, 0x0021, 0x0021, 0x0021, 0x0021, 0x0021, 0x0021, 0x0021, 0x0041, 0x0021, 0x0021, 0x0021,
  0x0021, 0x0021, 0x0021, 0x0021, 0x0021, 0x0021, 0x0021, 0x0021, 0x0021, 0x0021, 0x0021, 0x0021,
  0x0021, 0x0021, 0x0021, 0x0021, 0x0021, 0x0021, 0x0021, 0x0021, 0x0021, 0x0021, 0x0021, 0x0021,
  0x0021, 0x0021, 0x0021, 0x0021, 0x0021, 0x0021, 0x0021, 0x0021, 0x0021, 0x0021, 0x0021, 0x0021,
  0x0021, 0x0021, 0x0021, 0x0021, 0x0021, 0x0021, 0x0021, 0x0021, 0x0021, 0x0021, 0x0021, 0x0021,
  0x0021, 0x0041, 0x0041, 0x0021, 0x0021, 0x0021, 0x0021, 0x0041, 0x0021, 0x0021, 0x0021, 0x0021,
  0x0021, 0x0021, 0x0021, 0x0021, 0x0021, 0x0021, 0x0021, 0x0021, 0x0021, 0x0021, 0x0021, 0x0021,
  0x0021, 0x0021, 0x0021, 0x0021, 0x0021, 0x0021, 0x0021, 0x0021, 0x0021, 0x0021, 0x0021, 0x0021,
  0x0041, 0x0021, 0x0021, 0x0021, 0x0021, 0x0021, 0x0021, 0x0021, 0x0021, 0x0021, 0x0021, 0x0021,
  0x0021, 0x0021, 0x0021, 0x0041, 0x0021, 0x0021, 0x0021, 0x0021, 0x0021, 0x0021, 0x0021, 0x0021,
  0x0021, 0x0021, 0x0021, 0x0021, 0x0021, 0x0021, 0x0021, 0x0021, 0x0021, 0x0021, 0x0021, 0x0021,
  0x0021, 0x0021, 0x0021, 0x0021, 0x0021, 0x0021, 0x0021, 0x0021, 0x0021, 0x0021, 0x0021, 0x0021,
  0x0021, 0x0021, 0x0021, 0x0021, 0x0021, 0x0021, 0x0021, 0x0021, 0x0021, 0x0021, 0x0021, 0x0021,
  0x0021, 0x0021, 0x0021, 0x0021, 0x0021, 0x0021, 0x0021, 0x0021, 0x0021, 0x0021, 0x0041, 0x0021,
  0x0021, 0x0021, 0x0021, 0x0041, 0x0021, 0x0021, 0x0021, 0x0021, 0x0041, 0x0021, 0x0021, 0x0021,
  0x0021, 0x0021, 0x0021, 0x0041, 0x0021, 0x0021, 0x0021, 0x0021, 0x0021, 0x0021, 0x0021, 0x0021,
  0x0021, 0x0021, 0x0021, 0x0021, 0x0021, 0x0021, 0x0021, 0x0021, 0x0021, 0x0021, 0x0021, 0x0021,
  0x0021, 0x0021, 0x0021, 0x0021, 0x0041, 0x0021, 0x0021, 0x0021, 0x0021, 0x0021, 0x0021, 0x0021,
  0x0041, 0x0021, 0x0021, 0x0021, 0x0021, 0x0021, 0x0021, 0x0021, 0x0021, 0x0021, 0x0021, 0x0021,
  0x0021, 0x0021, 0x0021, 0x0021, 0x0021, 0x0021, 0x0021, 0x0021, 0x0021, 0x0021, 0x0021, 0x0021,
  0x0021, 0x0021, 0x0021, 0x0021, 0x0021, 0x0021, 0x0021, 0x0021, 0x0021, 0x0021, 0x0021, 0x0021,
  0x0021, 0x0021, 0x0041, 0x0021, 0x0021, 0x0021, 0x0021, 0x0021, 0x0021, 0x0041, 0x0021, 0x0021,
  0x0021, 0x0021, 0x0021, 0x0021, 0x0021, 0x0021, 0x0021, 0x0021, 0x0021, 0x0021, 0x0021, 0x0021,
  0x0041, 0x0021, 0x0021, 0x0021, 0x0021, 0x0041, 0x0021, 0x0021, 0x0021, 0x0021, 0x0021, 0x0021,
  0x0021, 0x0021, 0x0021, 0x0021, 0x0021, 0x0021, 0x0021, 0x0041, 0x0021, 0x0021, 0x0021, 0x0021,
  0x0021, 0x0021, 0x0021, 0x0021, 0x0041, 0x0021, 0x0021, 0x0021, 0x0021, 0x0021, 0x0021, 0x0021,
  0x0021, 0x0021, 0x0021, 0x0021, 0x0021, 0x0021, 0x0021, 0x0021, 0x0021, 0x0021, 0x0021, 0x0021,
  0x0021, 0x0021, 0x0021, 0x0021, 0x0021, 0x0021, 0x0021, 0x0021, 0x0021, 0x0021, 0x0021, 0x0021,
  0x0021, 0x0021, 0x0021, 0x0021, 0x0021, 0x0021, 0x0021, 0x0021, 0x0021, 0x0021, 0x0021, 0x0021,
  0x0021, 0x0021, 0x0021, 0x0021, 0x0021, 0x0021, 0x0021, 0x0021, 0x0021, 0x0021, 0x0021, 0x0021,
  0x0021, 0x0021, 0x0021, 0x0021, 0x0021, 0x0021, 0x0021, 0x0021, 0x0021, 0x0021, 0x0041, 0x0021,
  0x0041, 0x0021, 0x0021, 0x0021, 0x0021, 0x0021, 0x0021, 0x0021, 0x0021, 0x0021, 0x0021, 0x0021,
  0x0021, 0x0021, 0x0021, 0x0021, 0x0021, 0x0021, 0x0021, 0x0021, 0x0021, 0x0021, 0x0021, 0x0021,
  0x0021, 0x0021, 0x0021, 0x0021, 0x0021, 0x0021, 0x0021, 0x0021, 0x0021, 0x0021, 0x0021, 0x0021,
  0x0021, 0x0021, 0x0021, 0x0021, 0x0021, 0x0021, 0x0021, 0x0021, 0x0021, 0x0021, 0x0021, 0x0021,
  0x0021, 0x0021, 0x0021, 0x0021, 0x0021, 0x0021, 0x0021, 0x0021, 0x0021, 0x0021, 0x0021, 0x0021,
  0x0021, 0x0021, 0x0021, 0x0021, 0x0021, 0x0021, 0x0021, 0x0021, 0x0041, 0x0021, 0x0021, 0x0021,
  0x0021, 0x0021, 0x0021, 0x0021, 0x0021, 0x0021, 0x0021, 0x0021, 0x0021, 0x0021, 0x0021, 0x0021,
  0x0021, 0x0021, 0x0021, 0x0021, 0x0021, 0x0021, 0x0021, 0x0021, 0x0021, 0x0021, 0x0021, 0x0021,
  0x0021, 0x0021, 0x0021, 0x0021, 0x0021, 0x0021, 0x0021, 0x0021, 0x0021, 0x0021, 0x0041, 0x0021,
  0x0021, 0x0021, 0x0021, 0x0021, 0x0021, 0x0021, 0x0021, 0x0021, 0x0041, 0x0021, 0x0021, 0x0041,
  0x0021, 0x0021, 0x0021, 0x0021, 0x0021, 0x0021, 0x0021, 0x0021, 0x0021, 0x0021, 0x0021, 0x0021,
  0x0021, 0x0021, 0x0021, 0x0021, 0x0021, 0x0021, 0x0021, 0x0021, 0x0021, 0x0021, 0x0021, 0x0041,
  0x0021, 0x0021, 0x0021, 0x0021, 0x0021, 0x0021, 0x0021, 0x0041, 0x0041, 0x0041, 0x0041, 0x0021,
  0x0021, 0x0021, 0x0021, 0x0021, 0x0041, 0x0021, 0x0021, 0x0021, 0x0021, 0x0041, 0x0021, 0x0021,
  0x0021, 0x0021, 0x0021, 0x0021, 0x0021, 0x0041, 0x0021, 0x0021, 0x0021, 0x0021, 0x0021, 0x0021,
  0x0021, 0x0021, 0x0021, 0x0021, 0x0021, 0x0021, 0x0021, 0x0021, 0x0021, 0x0021, 0x0021, 0x0021,
  0x0021, 0x0021, 0x0021, 0x0021, 0x0021, 0x0021, 0x0021, 0x0021, 0x0021, 0x0021, 0x0021, 0x0021,
  0x0021, 0x0041, 0x0041, 0x0021, 0x0021, 0x0021, 0x0021, 0x0021, 0x0021, 0x0021, 0x0041, 0x0021,
  0x0021, 0x0021, 0x0021, 0x0021, 0x0021, 0x0021, 0x0021, 0x0021, 0x0021, 0x0021, 0x0021, 0x0021,
  0x0021, 0x0021, 0x0021, 0x0021, 0x0021, 0x0021, 0x0021, 0x0021, 0x0021, 0x0021, 0x0021, 0x0021,
  0x0021, 0x0021, 0x0021, 0x0021, 0x0021, 0x0021, 0x0021, 0x0021, 0x0021, 0x0021, 0x0021, 0x0021,
  0x0021, 0x0021, 0x0021, 0x0021, 0x0021, 0x0021, 0x0021, 0x0021, 0x0021, 0x0021, 0x0021, 0x0021,
  0x0021, 0x0021, 0x0021, 0x0021, 0x0021, 0x0021, 0x0021, 0x0021, 0x0021, 0x0021, 0x0021, 0x0021,
  0x0021, 0x0021, 0x0021, 0x0021, 0x0021, 0x0041, 0x0021, 0x0021, 0x0021, 0x0041, 0x0021, 0x0021,
  0x0021, 0x0021, 0x0021, 0x0021, 0x0021, 0x0021, 0x0021, 0x0021, 0x0021, 0x0021, 0x0021, 0x0021,
  0x0021, 0x0021, 0x0021, 0x0021, 0x0021, 0x0021, 0x0021, 0x0041, 0x0021, 0x0021, 0x0021, 0x0041,
  0x0021, 0x0021, 0x0021, 0x0021, 0x0021, 0x0021, 0x0021, 0x0021, 0x0021, 0x0021, 0x0021, 0x0021,
  0x0021, 0x0021, 0x0021, 0x0021, 0x0021, 0x0021, 0x0021, 0x0021, 0x0021, 0x0021, 0x0021, 0x0021,
  0x0021, 0x0021, 0x0021, 0x0021, 0x0021, 0x0021, 0x0021, 0x0021, 0x0021, 0x0021, 0x0021, 0x0021,
  0x0021, 0x0021, 0x0021, 0x0021, 0x0021, 0x0021, 0x0021, 0x0021, 0x0021, 0x0041, 0x0021, 0x0021,
  0x0021, 0x0021, 0x0021, 0x0021, 0x0021, 0x0021, 0x0021, 0x0021, 0x0021, 0x0021, 0x0021, 0x0021,
  0x0021, 0x0021, 0x0041, 0x0021, 0x0021, 0x0021, 0x0021, 0x0021, 0x0021, 0x0021, 0x0021, 0x0021,
  0x0021, 0x0021, 0x0021, 0x0021, 0x0021, 0x0021, 0x0021, 0x0021, 0x0021, 0x0021, 0x0021, 0x0021,
  0x0021, 0x0021, 0x0021, 0x0021, 0x0021, 0x0021, 0x0021, 0x0021, 0x0021, 0x0021, 0x0021, 0x0021,
  0x0021, 0x0021, 0x0021, 0x0021, 0x0021, 0x0021, 0x0021, 0x0021, 0x0021, 0x0021, 0x0021, 0x0021,
  0x0021, 0x0021, 0x0021, 0x0021, 0x0021, 0x0021, 0x0021, 0x0021, 0x0021, 0x0021, 0x0021, 0x0021,
  0x0021, 0x0021, 0x0021, 0x0021, 0x0021, 0x0021, 0x0021, 0x0021, 0x0021, 0x0021, 0x0021, 0x0041,
  0x0021, 0x0021, 0x0021, 0x0021, 0x0021, 0x0021, 0x0021, 0x0021, 0x0021, 0x0021, 0x0021, 0x0041,
  0x0021, 0x0021, 0x0021, 0x0021, 0x0021, 0x0021, 0x0021, 0x0021, 0x0021, 0x0021, 0x0021, 0x0021,
  0x0021, 0x0021, 0x0021, 0x0021, 0x0041, 0x0021, 0x0021, 0x0021, 0x0021, 0x0021, 0x0021, 0x0021,
  0x0021, 0x0021, 0x0021, 0x0021, 0x0021, 0x0021, 0x0021, 0x0021, 0x0021, 0x0021, 0x0021, 0x0021,
  0x0021, 0x0021, 0x0021, 0x0021, 0x0021, 0x0021, 0x0021, 0x0021, 0x0021, 0x0021, 0x0041, 0x0021,
  0x0021, 0x0021, 0x0021, 0x0021, 0x0021, 0x0021, 0x0021, 0x0021, 0x0021, 0x0021, 0x0021, 0x0021,
  0x0021, 0x0021, 0x0021, 0x0021, 0x0021, 0x0021, 0x0021, 0x0021, 0x0021, 0x0021, 0x0021, 0x0021,
  0x0021, 0x0041, 0x0021, 0x0021, 0x0021, 0x0021, 0x0021, 0x0021, 0x0021, 0x0021, 0x0021, 0x0021,
  0x0021, 0x0021, 0x0021, 0x0021, 0x0021, 0x0021, 0x0021, 0x0021, 0x0021, 0x0021, 0x0021, 0x0021,
  0x0021, 0x0021, 0x0021, 0x0021, 0x0021, 0x0021, 0x0021, 0x0021, 0x0021, 0x0021, 0x0021, 0x0021,
  0x0021, 0x0021, 0x0021, 0x0021, 0x0021, 0x0021, 0x0021, 0x0021, 0x0021, 0x0021, 0x0021, 0x0021,
  0x0041, 0x0021, 0x0021, 0x0021, 0x0021, 0x0021, 0x0021, 0x0021, 0x0021, 0x0021, 0x0021, 0x0021,
  0x0021, 0x0021, 0x0021, 0x0021, 0x0021, 0x0021, 0x0021, 0x0021, 0x0021, 0x0021, 0x0021, 0x0021,
  0x0021, 0x0041, 0x0021, 0x0021, 0x0021, 0x0021, 0x0021, 0x0021, 0x0021, 0x0021, 0x0021, 0x0021,
  0x0021, 0x0021, 0x0041, 0x0021, 0x0021, 0x0021, 0x0021, 0x0021, 0x0021, 0x0021, 0x0021, 0x0021,
  0x0021, 0x0021, 0x0021, 0x0041, 0x0021, 0x0041, 0x0021, 0x0041, 0x0021, 0x0041, 0x0021, 0x0021,
  0x0021, 0x0021, 0x0021, 0x0041, 0x0021, 0x0021, 0x0021, 0x0021, 0x0021, 0x0021, 0x0021, 0x0021,
  0x0021, 0x0021, 0x0021, 0x0021, 0x0021, 0x0021, 0x0021, 0x0021, 0x0021, 0x0021, 0x0021, 0x0021,
  0x0021, 0x0021, 0x0021, 0x0021, 0x0021, 0x0021, 0x0021, 0x0021, 0x0021, 0x0021, 0x0021, 0x0021,
  0x0021, 0x0021, 0x0021, 0x0021, 0x0021, 0x0021, 0x0021, 0x0021, 0x0021, 0x0021, 0x0021, 0x0021,
  0x0021, 0x0041, 0x0021, 0x0021, 0x0041, 0x0021, 0x0021, 0x0021, 0x0021, 0x0021, 0x0021, 0x0021,
  0x0021, 0x0021, 0x0021, 0x0021, 0x0021, 0x0021, 0x0021, 0x0021, 0x0021, 0x0021, 0x0021, 0x0021,
  0x0021, 0x0021, 0x0021, 0x0021, 0x0021, 0x0021, 0x0021, 0x0021, 0x0021, 0x0021, 0x0021, 0x0021,
  0x0021, 0x0021, 0x0021, 0x0021, 0x0021, 0x0021, 0x0021, 0x0021, 0x0021, 0x0021, 0x0021, 0x0021,
  0x0021, 0x0021, 0x0041, 0x0021, 0x0021, 0x0021, 0x0021, 0x0021, 0x0021, 0x0021, 0x0021, 0x0021,
  0x0021, 0x0021, 0x0021, 0x0021, 0x0021, 0x0021, 0x0021, 0x0021, 0x0021, 0x0021, 0x0021, 0x0021,
  0x0021, 0x0021, 0x0021, 0x0021, 0x0041, 0x0021, 0x0041, 0x0021, 0x0021, 0x0021, 0x0021, 0x0021,
  0x0021, 0x0021, 0x0021, 0x0021, 0x0021, 0x0021, 0x0021, 0x0021, 0x0041, 0x0021, 0x0021, 0x0021,
  0x0021, 0x0021, 0x0021, 0x0021, 0x0021, 0x0021, 0x0021, 0x0021, 0x0021, 0x0021, 0x0021, 0x0021,
  0x0021, 0x0021, 0x0021, 0x0021, 0x0021, 0x0021, 0x0021, 0x0021, 0x0021, 0x0021, 0x0021, 0x0021,
  0x0021, 0x0021, 0x0021, 0x0021, 0x0021, 0x0021, 0x0021, 0x0021, 0x0041, 0x0021, 0x0021, 0x0021,
  0x0021, 0x0021, 0x0021, 0x0021, 0x0021, 0x0021, 0x0021, 0x0021, 0x0041, 0x0021, 0x0021, 0x0021,
  0x0021, 0x0021, 0x0021, 0x0021, 0x0021, 0x0021, 0x0021, 0x0021, 0x0021, 0x0021, 0x0021, 0x0021,
  0x0021, 0x0021, 0x0021, 0x0021, 0x0021, 0x0021, 0x0021, 0x0021, 0x0021, 0x0021, 0x0021, 0x0021,
  0x0021, 0x0021, 0x0021, 0x0021, 0x0021, 0x0021, 0x0021, 0x0021, 0x0021, 0x0021, 0x0021, 0x0021,
  0x0021, 0x0021, 0x0021, 0x0021, 0x0021, 0x0021, 0x0021, 0x0021, 0x0021, 0x0021, 0x0021, 0x0021,
  0x0021, 0x0021, 0x0021, 0x0021, 0x0021, 0x0021, 0x0021, 0x0021, 0x0021, 0x0021, 0x0021, 0x0021,
  0x0021, 0x0021, 0x0021, 0x0021, 0x0021, 0x0021, 0x0021, 0x0021, 0x0021, 0x0021, 0x0021, 0x0021,
  0x0041, 0x0021, 0x0021, 0x0021, 0x0021, 0x0021, 0x0021, 0x0021, 0x0021, 0x0021, 0x0021, 0x0021,
  0x0021, 0x0021, 0x0021, 0x0021, 0x0021, 0x0021, 0x0021, 0x0021, 0x0021, 0x0021, 0x0021, 0x0021,
  0x0021, 0x0021, 0x0021, 0x0021, 0x0021, 0x0021, 0x0021, 0x0021, 0x0021, 0x0021, 0x0021, 0x0021,
  0x0041, 0x0021, 0x0021, 0x0021, 0x0021, 0x0021, 0x0021, 0x0021, 0x0021, 0x0021, 0x0021, 0x0021,
  0x0021, 0x0021, 0x0021, 0x0021, 0x0021, 0x0021, 0x0021, 0x0021, 0x0021, 0x0021, 0x0021, 0x0021,
  0x0021, 0x0021, 0x0021, 0x0021, 0x0021, 0x0021, 0x0021, 0x0021, 0x0021, 0x0021, 0x0021, 0x0021,
  0x0021, 0x0021, 0x0021, 0x0021, 0x0021, 0x0021, 0x0021, 0x0021, 0x0021, 0x0021, 0x0021, 0x0021,
  0x0021, 0x0021, 0x0021, 0x0021, 0x0021, 0x0021, 0x0021, 0x0021, 0x0021, 0x0021, 0x0021, 0x0021,
  0x0021, 0x0021, 0x0021, 0x0021, 0x0041, 0x0041, 0x0021, 0x0021, 0x0021, 0x0021, 0x0021, 0x0021,
  0x0021, 0x0021, 0x0021, 0x0021, 0x0021, 0x0041, 0x0021, 0x0041, 0x0021, 0x0021, 0x0021, 0x0021,
  0x0021, 0x0021, 0x0021, 0x0021, 0x0021, 0x0021, 0x0021, 0x0021, 0x0021, 0x0021, 0x0021, 0x0021,
  0x0021, 0x0021, 0x0021, 0x0021, 0x0021, 0x0021, 0x0021, 0x0021, 0x0021, 0x0021, 0x0021, 0x0021,
  0x0021, 0x0021, 0x0021, 0x0021, 0x0021, 0x0021, 0x0021, 0x0021, 0x0021, 0x0021, 0x0021, 0x0021,
  0x0021, 0x0021, 0x0021, 0x0021, 0x0021, 0x0021, 0x0021, 0x0021, 0x0021, 0x0021, 0x0021, 0x0021,
  0x0021, 0x0021, 0x0021, 0x0021, 0x0021, 0x0021, 0x0021, 0x0021, 0x0021, 0x0021, 0x0021, 0x0021,
  0x0021, 0x0021, 0x0021, 0x0021, 0x0021, 0x0021, 0x0021, 0x0021, 0x0021, 0x0021, 0x0021, 0x0021,
  0x0021, 0x0021, 0x0021, 0x0021, 0x0021, 0x0021, 0x0021, 0x0021, 0x0021, 0x0021, 0x0021, 0x0021,
  0x0021, 0x0021, 0x0021, 0x0041, 0x0021, 0x0021, 0x0021, 0x0021, 0x0021, 0x0021, 0x0021, 0x0021,
  0x0021, 0x0021, 0x0021, 0x0021, 0x0021, 0x0021, 0x0021, 0x0021, 0x0021, 0x0021, 0x0021, 0x0021,
  0x0021, 0x0021, 0x0021, 0x0021, 0x0021, 0x0021, 0x0021, 0x0021, 0x0021, 0x0021, 0x0021, 0x0021,
  0x0021, 0x0021, 0x0021, 0x0021, 0x0021, 0x0021, 0x0021, 0x0021, 0x0021, 0x0021, 0x0021, 0x0021,
  0x0021, 0x0021, 0x0021, 0x0021, 0x0021, 0x0021, 0x0021, 0x0021, 0x0021, 0x0021, 0x0021, 0x0021,
  0x0021, 0x0021, 0x0021, 0x0021, 0x0021, 0x0021, 0x0021, 0x0021, 0x0021, 0x0021, 0x0021, 0x0021,
  0x0021, 0x0021, 0x0021, 0x0021, 0x0021, 0x0021, 0x0021, 0x0021, 0x0021, 0x0021, 0x0021, 0x0021,
  0x0021, 0x0021, 0x0021, 0x0021, 0x0021, 0x0021, 0x0021, 0x0021, 0x0021, 0x0021, 0x0021, 0x0021,
  0x0021, 0x0021, 0x0021, 0x0021, 0x0021, 0x0021, 0x0021, 0x0021, 0x0021, 0x0021, 0x0021, 0x0021,
  0x0021, 0x0021, 0x0021, 0x0021, 0x0021, 0x0021, 0x0021, 0x0021, 0x0021, 0x0021, 0x0021, 0x0021,
  0x0021, 0x0021, 0x0021, 0x0021, 0x0021, 0x0021, 0x0021, 0x0021, 0x0021, 0x0021, 0x0021, 0x0021,
  0x0021, 0x0021, 0x0021, 0x0021, 0x0021, 0x0021, 0x0021, 0x0021, 0x0021, 0x0021, 0x0021, 0x0021,
  0x0021, 0x0021, 0x0021, 0x0021, 0x0021, 0x0021, 0x0021, 0x0021, 0x0021, 0x0021, 0x0021, 0x0021,
  0x0021, 0x0021, 0x0021, 0x0021, 0x0021, 0x0021, 0x0021, 0x0021, 0x0021, 0x0021, 0x0021, 0x0021,
  0x0021, 0x0021, 0x0021, 0x0021, 0x0021, 0x0021, 0x0021, 0x0021, 0x0021, 0x0021, 0x0021, 0x0021,
  0x0021, 0x0021, 0x0021, 0x0021, 0x0021, 0x0021, 0x0021, 0x0021, 0x0021, 0x0021, 0x0021, 0x0021,
  0x0021, 0x0021, 0x0021, 0x0021, 0x0021, 0x0021, 0x0021, 0x0021, 0x0021, 0x0021, 0x0021, 0x0021,
  0x0021, 0x0021, 0x0021, 0x0021, 0x0021, 0x0021, 0x0021, 0x0021, 0x0021, 0x0021, 0x0021, 0x0021,
  0x0021, 0x0021, 0x0021, 0x0021, 0x0021, 0x0021, 0x0021, 0x0021, 0x0021, 0x0021, 0x0021, 0x0021,
  0x0021, 0x0021, 0x0021, 0x0021, 0x0021, 0x0021, 0x0021, 0x0021, 0x0021, 0x0021, 0x0021, 0x0021,
  0x0021, 0x0021, 0x0021, 0x0021, 0x0021, 0x0021, 0x0021, 0x0021, 0x0021, 0x0021, 0x0021, 0x0021,
  0x0021, 0x0021, 0x0021, 0x0021,
