// Generated from Assets/GridCity/StreetV3/device/corner-central-launch.png
// SHA-256: efcc3772d71eb8909279fd253e21d92a40c045684039a929b1c18d9c5ef39e6e
  0x0020, 0x0020, 0x0020, 0x0020, 0x0020, 0x0020, 0x0020, 0x0020, 0x0020, 0x0020, 0x0020, 0x0020,
  0x0020, 0x0020, 0x0020, 0x0020, 0x0020, 0x0020, 0x0020, 0x0020, 0x0020, 0x0020, 0x0020, 0x0020,
  0x0020, 0x0020, 0x0020, 0x0020, 0x0020, 0x0020, 0x0020, 0x0020, 0x0020, 0x0020, 0x0020, 0x0020,
  0x0020, 0x0020, 0x0020, 0x0020, 0x0020, 0x0020, 0x0020, 0x0020, 0x0020, 0x0020, 0x0021, 0x0020,
  0x0020, 0x0020, 0x0020, 0x0020, 0x0020, 0x0020, 0x0020, 0x0020, 0x0020, 0x0020, 0x0020, 0x0020,
  0x0020, 0x0020, 0x0020, 0x0020, 0x0020, 0x0020, 0x0020, 0x0020, 0x0020, 0x0020, 0x0020, 0x0020,
  0x0020, 0x0020, 0x0020, 0x0020, 0x0020, 0x0020, 0x0020, 0x0020, 0x0020, 0x0020, 0x0020, 0x0020,
  0x0020, 0x0020, 0x0020, 0x0020, 0x0020, 0x0020, 0x0020, 0x0020, 0x0020, 0x0020, 0x0020, 0x0021,
  0x0020, 0x0020, 0x0020, 0x0020, 0x0020, 0x0020, 0x0020, 0x0020, 0x0020, 0x0020, 0x0020, 0x0020,
  0x0020, 0x0020, 0x0020, 0x0020, 0x0020, 0x0020, 0x0020, 0x0020, 0x0020, 0x0020, 0x0020, 0x0020,
  0x0021, 0x0021, 0x0020, 0x0020, 0x0020, 0x0020, 0x0020, 0x0020, 0x0020, 0x0020, 0x0020, 0x0020,
  0x0020, 0x0020, 0x0020, 0x0020, 0x0020, 0x0020, 0x0020, 0x0020, 0x0020, 0x0020, 0x0020, 0x0020,
  0x0020, 0x0020, 0x0020, 0x0020, 0x0021, 0x0021, 0x0020, 0x0020, 0x0020, 0x0020, 0x0020, 0x0020,
  0x0020, 0x0020, 0x0020, 0x0020, 0x0020, 0x0020, 0x0020, 0x0020, 0x0020, 0x0020, 0x0020, 0x0020,
  0x0020, 0x0020, 0x0020, 0x0020, 0x0020, 0x0020, 0x0020, 0x0020, 0x0020, 0x0020, 0x0020, 0x0020,
  0x0020, 0x0020, 0x0020, 0x0020, 0x0020, 0x0020, 0x0020, 0x0020, 0x0021, 0x0020, 0x0020, 0x0020,
  0x0020, 0x0020, 0x0020, 0x0020, 0x0020, 0x0021, 0x0020, 0x0020, 0x0020, 0x0020, 0x0020, 0x0020,
  0x0020, 0x0020, 0x0020, 0x0021, 0x0020, 0x0020, 0x0020, 0x0020, 0x0020, 0x0020, 0x0020, 0x0020,
  0x0020, 0x0020, 0x0020, 0x0020, 0x0020, 0x0020, 0x0020, 0x0021, 0x0020, 0x0020, 0x0020, 0x0020,
  0x0020, 0x0020, 0x0020, 0x0020, 0x0020, 0x0020, 0x0020, 0x0020, 0x0020, 0x0020, 0x0020, 0x0020,
  0x0020, 0x0020, 0x0020, 0x0020, 0x0020, 0x0020, 0x0020, 0x0020, 0x0020, 0x0020, 0x0020, 0x0020,
  0x0020, 0x0020, 0x0020, 0x0020, 0x0020, 0x0020, 0x0020, 0x0020, 0x0020, 0x0020, 0x0020, 0x0020,
  0x0020, 0x0020, 0x0020, 0x0020, 0x0020, 0x0020, 0x0020, 0x0020, 0x0020, 0x0020, 0x0020, 0x0020,
  0x0020, 0x0020, 0x0020, 0x0020, 0x0020, 0x0020, 0x0021, 0x0020, 0x0020, 0x0020, 0x0020, 0x0020,
  0x0020, 0x0020, 0x0020, 0x0020, 0x0020, 0x0020, 0x0020, 0x0020, 0x0020, 0x0020, 0x0020, 0x0020,
  0x0020, 0x0020, 0x0020, 0x0020, 0x0020, 0x0020, 0x0020, 0x0020, 0x0020, 0x0020, 0x0020, 0x0021,
  0x0020, 0x0020, 0x0020, 0x0020, 0x0020, 0x0020, 0x0020, 0x0020, 0x0020, 0x0020, 0x0020, 0x0020,
  0x0020, 0x0020, 0x0020, 0x0020, 0x0020, 0x0020, 0x0020, 0x0021, 0x0020, 0x0020, 0x0021, 0x0021,
  0x0020, 0x0021, 0x0020, 0x0020, 0x0020, 0x0020, 0x0020, 0x0020, 0x0020, 0x0020, 0x0020, 0x0020,
  0x0020, 0x0020, 0x0020, 0x0020, 0x0020, 0x0020, 0x0020, 0x0021, 0x0020, 0x0020, 0x0020, 0x0020,
  0x0021, 0x0020, 0x0020, 0x0021, 0x0021, 0x0020, 0x0020, 0x0020, 0x0020, 0x0020, 0x0020, 0x0020,
  0x0020, 0x0020, 0x0020, 0x0020, 0x0020, 0x0020, 0x0020, 0x0020, 0x0020, 0x0020, 0x0020, 0x0020,
  0x0020, 0x0020, 0x0020, 0x0020, 0x0020, 0x0020, 0x0020, 0x0020, 0x0020, 0x0020, 0x0020, 0x0021,
  0x0020, 0x0020, 0x0021, 0x0020, 0x0020, 0x0020, 0x0020, 0x0020, 0x0020, 0x0020, 0x0021, 0x0020,
  0x0020, 0x0020, 0x0020, 0x0020, 0x0020, 0x0020, 0x0020, 0x0020, 0x0020, 0x0020, 0x0020, 0x0020,
  0x0020, 0x0020, 0x0020, 0x0020, 0x0020, 0x0020, 0x0020, 0x0020, 0x0020, 0x0020, 0x0020, 0x0020,
  0x0020, 0x0020, 0x0020, 0x0020, 0x0020, 0x0020, 0x0021, 0x0020, 0x0020, 0x0020, 0x0020, 0x0020,
  0x0020, 0x0020, 0x0020, 0x0020, 0x0020, 0x0020, 0x0020, 0x0020, 0x0020, 0x0020, 0x0020, 0x0020,
  0x0020, 0x0020, 0x0020, 0x0020, 0x0020, 0x0020, 0x0021, 0x0021, 0x0021, 0x0020, 0x0020, 0x0021,
  0x0021, 0x0020, 0x0020, 0x0020, 0x0020, 0x0020, 0x0021, 0x0020, 0x0020, 0x0020, 0x0021, 0x0020,
  0x0020, 0x0020, 0x0020, 0x0020, 0x0020, 0x0020, 0x0020, 0x0020, 0x0020, 0x0020, 0x0020, 0x0020,
  0x0020, 0x0020, 0x0021, 0x0020, 0x0021, 0x0021, 0x0020, 0x0021, 0x0020, 0x0020, 0x0020, 0x0021,
  0x0021, 0x0020, 0x0021, 0x0020, 0x0021, 0x0020, 0x0020, 0x0021, 0x0020, 0x0020, 0x0020, 0x0020,
  0x0021, 0x0021, 0x0020, 0x0021, 0x0021, 0x0020, 0x0021, 0x0021, 0x0021, 0x0021, 0x0021, 0x0021,
  0x0020, 0x0021, 0x0020, 0x0020, 0x0020, 0x0020, 0x0021, 0x0020, 0x0020, 0x0020, 0x0020, 0x0020,
  0x0020, 0x0021, 0x0020, 0x0020, 0x0020, 0x0020, 0x0020, 0x0020, 0x0021, 0x0020, 0x0021, 0x0020,
  0x0020, 0x0021, 0x0021, 0x0020, 0x0020, 0x0021, 0x0021, 0x0021, 0x0021, 0x0020, 0x0020, 0x0020,
  0x0020, 0x0020, 0x0020, 0x0021, 0x0020, 0x0020, 0x0020, 0x0021, 0x0020, 0x0020, 0x0021, 0x0020,
  0x0020, 0x0020, 0x0020, 0x0020, 0x0020, 0x0020, 0x0020, 0x0020, 0x0020, 0x0020, 0x0020, 0x0020,
  0x0020, 0x0020, 0x0020, 0x0020, 0x0021, 0x0020, 0x0020, 0x0020, 0x0020, 0x0020, 0x0020, 0x0021,
  0x0021, 0x0020, 0x0021, 0x0020, 0x0020, 0x0020, 0x0020, 0x0020, 0x0020, 0x0020, 0x0020, 0x0020,
  0x0020, 0x0020, 0x0020, 0x0020, 0x0020, 0x0021, 0x0020, 0x0020, 0x0021, 0x0020, 0x0020, 0x0021,
  0x0021, 0x0020, 0x0020, 0x0020, 0x0020, 0x0020, 0x0021, 0x0021, 0x0020, 0x0020, 0x0020, 0x0020,
  0x0020, 0x0021, 0x0020, 0x0020, 0x0020, 0x0020, 0x0020, 0x0021, 0x0020, 0x0020, 0x0020, 0x0020,
  0x0020, 0x0020, 0x0020, 0x0021, 0x0020, 0x0020, 0x0020, 0x0020, 0x0021, 0x0021, 0x0021, 0x0021,
  0x0020, 0x0020, 0x0020, 0x0021, 0x0020, 0x0020, 0x0020, 0x0020, 0x0021, 0x0020, 0x0020, 0x0021,
  0x0020, 0x0021, 0x0020, 0x0020, 0x0020, 0x0020, 0x0020, 0x0021, 0x0020, 0x0020, 0x0020, 0x0020,
  0x0021, 0x0020, 0x0021, 0x0020, 0x0021, 0x0020, 0x0020, 0x0020, 0x0020, 0x0020, 0x0020, 0x0020,
  0x0021, 0x0020, 0x0020, 0x0021, 0x0020, 0x0020, 0x0020, 0x0020, 0x0020, 0x0021, 0x0021, 0x0020,
  0x0020, 0x0020, 0x0020, 0x0020, 0x0020, 0x0020, 0x0021, 0x0020, 0x0020, 0x0020, 0x0020, 0x0020,
  0x0021, 0x0020, 0x0020, 0x0020, 0x0020, 0x0021, 0x0020, 0x0020, 0x0020, 0x0021, 0x0020, 0x0020,
  0x0020, 0x0020, 0x0021, 0x0020, 0x0020, 0x0020, 0x0020, 0x0020, 0x0020, 0x0020, 0x0020, 0x0020,
  0x0020, 0x0020, 0x0020, 0x0020, 0x0020, 0x0020, 0x0020, 0x0020, 0x0020, 0x0020, 0x0020, 0x0020,
  0x0020, 0x0020, 0x0020, 0x0020, 0x0020, 0x0020, 0x0020, 0x0020, 0x0020, 0x0020, 0x0020, 0x0020,
  0x0020, 0x0021, 0x0021, 0x0020, 0x0020, 0x0020, 0x0020, 0x0020, 0x0020, 0x0020, 0x0020, 0x0020,
  0x0020, 0x0020, 0x0020, 0x0020, 0x0020, 0x0021, 0x0021, 0x0020, 0x0020, 0x0020, 0x0020, 0x0021,
  0x0020, 0x0021, 0x0020, 0x0020, 0x0020, 0x0021, 0x0020, 0x0020, 0x0020, 0x0020, 0x0020, 0x0020,
  0x0020, 0x0020, 0x0020, 0x0020, 0x0020, 0x0020, 0x0020, 0x0020, 0x0020, 0x0020, 0x0020, 0x0020,
  0x0020, 0x0021, 0x0020, 0x0020, 0x0020, 0x0020, 0x0020, 0x0021, 0x0021, 0x0021, 0x0021, 0x0020,
  0x0020, 0x0020, 0x0021, 0x0020, 0x0020, 0x0021, 0x0021, 0x0020, 0x0021, 0x0020, 0x0021, 0x0020,
  0x0020, 0x0021, 0x0020, 0x0020, 0x0020, 0x0020, 0x0020, 0x0020, 0x0020, 0x0020, 0x0020, 0x0020,
  0x0020, 0x0020, 0x0021, 0x0021, 0x0020, 0x0020, 0x0020, 0x0020, 0x0020, 0x0020, 0x0020, 0x0020,
  0x0020, 0x0020, 0x0020, 0x0020, 0x0020, 0x0021, 0x0021, 0x0021, 0x0021, 0x0020, 0x0021, 0x0020,
  0x0020, 0x0020, 0x0021, 0x0020, 0x0020, 0x0020, 0x0020, 0x0020, 0x0020, 0x0020, 0x0020, 0x0020,
  0x0020, 0x0020, 0x0020, 0x0020, 0x0020, 0x0020, 0x0020, 0x0020, 0x0020, 0x0020, 0x0020, 0x0020,
  0x0020, 0x0021, 0x0020, 0x0020, 0x0020, 0x0020, 0x0020, 0x0020, 0x0020, 0x0020, 0x0021, 0x0020,
  0x0020, 0x0020, 0x0020, 0x0020, 0x0020, 0x0020, 0x0020, 0x0020, 0x0020, 0x0020, 0x0020, 0x0020,
  0x0020, 0x0020, 0x0020, 0x0020, 0x0020, 0x0020, 0x0020, 0x0020, 0x0020, 0x0020, 0x0020, 0x0020,
  0x0020, 0x0020, 0x0020, 0x0020, 0x0020, 0x0020, 0x0021, 0x0020, 0x0020, 0x0020, 0x0020, 0x0021,
  0x0020, 0x0020, 0x0021, 0x0020, 0x0021, 0x0021, 0x0021, 0x0020, 0x0021, 0x0021, 0x0020, 0x0020,
  0x0020, 0x0020, 0x0020, 0x0020, 0x0020, 0x0020, 0x0020, 0x0021, 0x0020, 0x0020, 0x0020, 0x0020,
  0x0020, 0x0021, 0x0020, 0x0020, 0x0021, 0x0020, 0x0021, 0x0021, 0x0020, 0x0020, 0x0021, 0x0021,
  0x0020, 0x0020, 0x0020, 0x0020, 0x0021, 0x0021, 0x0020, 0x0020, 0x0020, 0x0020, 0x0020, 0x0021,
  0x0021, 0x0020, 0x0020, 0x0021, 0x0020, 0x0020, 0x0020, 0x0020, 0x0020, 0x0020, 0x0020, 0x0021,
  0x0020, 0x0021, 0x0020, 0x0020, 0x0020, 0x0020, 0x0020, 0x0021, 0x0020, 0x0021, 0x0020, 0x0021,
  0x0020, 0x0020, 0x0020, 0x0020, 0x0020, 0x0020, 0x0020, 0x0020, 0x0020, 0x0021, 0x0021, 0x0020,
  0x0021, 0x0020, 0x0020, 0x0021, 0x0021, 0x0020, 0x0020, 0x0021, 0x0020, 0x0020, 0x0020, 0x0020,
  0x0020, 0x0020, 0x0020, 0x0020, 0x0020, 0x0020, 0x0020, 0x0020, 0x0020, 0x0020, 0x0020, 0x0020,
  0x0020, 0x0020, 0x0020, 0x0020, 0x0020, 0x0020, 0x0020, 0x0020, 0x0020, 0x0020, 0x0020, 0x0020,
  0x0021, 0x0020, 0x0020, 0x0020, 0x0020, 0x0020, 0x0020, 0x0021, 0x0020, 0x0020, 0x0020, 0x0021,
  0x0020, 0x0021, 0x0020, 0x0020, 0x0020, 0x0020, 0x0020, 0x0020, 0x0020, 0x0020, 0x0020, 0x0020,
  0x0020, 0x0020, 0x0020, 0x0020, 0x0020, 0x0020, 0x0020, 0x0020, 0x0021, 0x0020, 0x0020, 0x0020,
  0x0020, 0x0020, 0x0021, 0x0020, 0x0020, 0x0020, 0x0020, 0x0021, 0x0021, 0x0020, 0x0020, 0x0020,
  0x0020, 0x0020, 0x0020, 0x0020, 0x0020, 0x0020, 0x0020, 0x0020, 0x0020, 0x0020, 0x0020, 0x0020,
  0x0020, 0x0020, 0x0021, 0x0020, 0x0020, 0x0020, 0x0020, 0x0021, 0x0020, 0x0021, 0x0020, 0x0021,
  0x0020, 0x0020, 0x0021, 0x0021, 0x0020, 0x0021, 0x0020, 0x0020, 0x0021, 0x0020, 0x0021, 0x0020,
  0x0020, 0x0020, 0x0020, 0x0020, 0x0020, 0x0020, 0x0020, 0x0021, 0x0021, 0x0020, 0x0021, 0x0021,
  0x0020, 0x0020, 0x0020, 0x0020, 0x0020, 0x0020, 0x0020, 0x0020, 0x0020, 0x0020, 0x0020, 0x0020,
  0x0020, 0x0021, 0x0021, 0x0020, 0x0020, 0x0020, 0x0020, 0x0020, 0x0020, 0x0020, 0x0020, 0x0020,
  0x0020, 0x0021, 0x0020, 0x0020, 0x0020, 0x0020, 0x0020, 0x0020, 0x0021, 0x0020, 0x0021, 0x0021,
  0x0020, 0x0020, 0x0020, 0x0020, 0x0020, 0x0020, 0x0021, 0x0020, 0x0020, 0x0021, 0x0020, 0x0020,
  0x0020, 0x0020, 0x0020, 0x0020, 0x0020, 0x0020, 0x0020, 0x0020, 0x0021, 0x0020, 0x0021, 0x0020,
  0x0021, 0x0020, 0x0020, 0x0020, 0x0021, 0x0020, 0x0020, 0x0020, 0x0020, 0x0020, 0x0020, 0x0021,
  0x0021, 0x0020, 0x0020, 0x0020, 0x0020, 0x0020, 0x0020, 0x0020, 0x0020, 0x0020, 0x0020, 0x0020,
  0x0020, 0x0020, 0x0020, 0x0021, 0x0020, 0x0020, 0x0020, 0x0020, 0x0020, 0x0020, 0x0020, 0x0021,
  0x0020, 0x0021, 0x0021, 0x0021, 0x0020, 0x0020, 0x0021, 0x0020, 0x0020, 0x0020, 0x0021, 0x0021,
  0x0021, 0x0020, 0x0020, 0x0021, 0x0020, 0x0021, 0x0020, 0x0020, 0x0020, 0x0020, 0x0020, 0x0020,
  0x0020, 0x0020, 0x0020, 0x0020, 0x0021, 0x0021, 0x0020, 0x0020, 0x0020, 0x0020, 0x0020, 0x0020,
  0x0021, 0x0020, 0x0020, 0x0020, 0x0020, 0x0021, 0x0020, 0x0020, 0x0020, 0x0021, 0x0020, 0x0020,
  0x0021, 0x0020, 0x0020, 0x0021, 0x0020, 0x0020, 0x0020, 0x0020, 0x0020, 0x0020, 0x0020, 0x0020,
  0x0020, 0x0020, 0x0020, 0x0020, 0x0021, 0x0020, 0x0020, 0x0020, 0x0020, 0x0020, 0x0020, 0x0021,
  0x0020, 0x0020, 0x0021, 0x0020, 0x0020, 0x0020, 0x0020, 0x0020, 0x0020, 0x0020, 0x0020, 0x0021,
  0x0020, 0x0020, 0x0020, 0x0020, 0x0020, 0x0021, 0x0020, 0x0020, 0x0020, 0x0021, 0x0020, 0x0020,
  0x0020, 0x0020, 0x0021, 0x0020, 0x0020, 0x0020, 0x0020, 0x0021, 0x0020, 0x0021, 0x0020, 0x0020,
  0x0020, 0x0021, 0x0020, 0x0020, 0x0020, 0x0020, 0x0020, 0x0020, 0x0020, 0x0020, 0x0020, 0x0020,
  0x0020, 0x0020, 0x0021, 0x0021, 0x0021, 0x0021, 0x0020, 0x0021, 0x0020, 0x0020, 0x0021, 0x0020,
  0x0020, 0x0021, 0x0021, 0x0021, 0x0021, 0x0021, 0x0020, 0x0020, 0x0020, 0x0020, 0x0020, 0x0020,
  0x0020, 0x0020, 0x0020, 0x0020, 0x0020, 0x0021, 0x0020, 0x0020, 0x0020, 0x0020, 0x0020, 0x0020,
  0x0020, 0x0020, 0x0020, 0x0020, 0x0020, 0x0020, 0x0020, 0x0021, 0x0020, 0x0020, 0x0020, 0x0020,
  0x0020, 0x0020, 0x0020, 0x0020, 0x0020, 0x0020, 0x0020, 0x0020, 0x0020, 0x0020, 0x0020, 0x0020,
  0x0020, 0x0020, 0x0020, 0x0020, 0x0020, 0x0020, 0x0020, 0x0020, 0x0020, 0x0021, 0x0020, 0x0020,
  0x0020, 0x0021, 0x0020, 0x0020, 0x0020, 0x0020, 0x0020, 0x0020, 0x0020, 0x0020, 0x0020, 0x0020,
  0x0021, 0x0020, 0x0020, 0x0020, 0x0020, 0x0021, 0x0020, 0x0020, 0x0020, 0x0020, 0x0020, 0x0020,
  0x0020, 0x0021, 0x0020, 0x0020, 0x0020, 0x0021, 0x0020, 0x0021, 0x0020, 0x0021, 0x0020, 0x0020,
  0x0020, 0x0021, 0x0021, 0x0020, 0x0021, 0x0020, 0x0021, 0x0020, 0x0020, 0x0021, 0x0020, 0x0020,
  0x0020, 0x0020, 0x0021, 0x0021, 0x0020, 0x0020, 0x0020, 0x0020, 0x0021, 0x0020, 0x0020, 0x0020,
  0x0020, 0x0021, 0x0020, 0x0021, 0x0021, 0x0020, 0x0021, 0x0020, 0x0021, 0x0020, 0x0021, 0x0021,
  0x0020, 0x0020, 0x0020, 0x0020, 0x0020, 0x0020, 0x0020, 0x0020, 0x0020, 0x0020, 0x0020, 0x0020,
  0x0020, 0x0020, 0x0020, 0x0020, 0x0020, 0x0020, 0x0020, 0x0020, 0x0020, 0x0021, 0x0020, 0x0021,
  0x0020, 0x0020, 0x0020, 0x0020, 0x0020, 0x0020, 0x0021, 0x0021, 0x0020, 0x0020, 0x0021, 0x0020,
  0x0020, 0x0021, 0x0020, 0x0020, 0x0020, 0x0020, 0x0020, 0x0020, 0x0020, 0x0020, 0x0020, 0x0020,
  0x0020, 0x0020, 0x0020, 0x0020, 0x0021, 0x0020, 0x0020, 0x0021, 0x0020, 0x0021, 0x0020, 0x0020,
  0x0020, 0x0020, 0x0020, 0x0020, 0x0020, 0x0020, 0x0020, 0x0020, 0x0020, 0x0020, 0x0020, 0x0021,
  0x0021, 0x0020, 0x0020, 0x0020, 0x0020, 0x0020, 0x0020, 0x0020, 0x0020, 0x0020, 0x0020, 0x0020,
  0x0020, 0x0021, 0x0021, 0x0021, 0x0020, 0x0021, 0x0020, 0x0020, 0x0020, 0x0020, 0x0020, 0x0020,
  0x0020, 0x0020, 0x0020, 0x0020, 0x0021, 0x0020, 0x0020, 0x0021, 0x0020, 0x0020, 0x0020, 0x0020,
  0x0020, 0x0020, 0x0020, 0x0020, 0x0021, 0x0021, 0x0020, 0x0021, 0x0021, 0x0020, 0x0020, 0x0020,
  0x0020, 0x0021, 0x0020, 0x0020, 0x0020, 0x0020, 0x0020, 0x0020, 0x0021, 0x0020, 0x0020, 0x0021,
  0x0021, 0x0020, 0x0020, 0x0020, 0x0020, 0x0020, 0x0021, 0x0020, 0x0020, 0x0020, 0x0020, 0x0021,
  0x0020, 0x0020, 0x0020, 0x0020, 0x0020, 0x0020, 0x0020, 0x0021, 0x0021, 0x0020, 0x0020, 0x0021,
  0x0020, 0x0020, 0x0020, 0x0020, 0x0020, 0x0020, 0x0020, 0x0020, 0x0020, 0x0021, 0x0020, 0x0020,
  0x0020, 0x0020, 0x0020, 0x0020, 0x0020, 0x0020, 0x0020, 0x0020, 0x0020, 0x0020, 0x0020, 0x0020,
  0x0020, 0x0020, 0x0020, 0x0020, 0x0020, 0x0020, 0x0020, 0x0020, 0x0020, 0x0020, 0x0021, 0x0020,
  0x0021, 0x0020, 0x0020, 0x0021, 0x0020, 0x0020, 0x0020, 0x0020, 0x0020, 0x0020, 0x0020, 0x0020,
  0x0020, 0x0020, 0x0020, 0x0020, 0x0020, 0x0020, 0x0020, 0x0020, 0x0020, 0x0020, 0x0020, 0x0021,
  0x0020, 0x0021, 0x0020, 0x0020, 0x0020, 0x0020, 0x0020, 0x0020, 0x0020, 0x0020, 0x0020, 0x0020,
  0x0021, 0x0020, 0x0020, 0x0021, 0x0021, 0x0021, 0x0020, 0x0020, 0x0020, 0x0020, 0x0020, 0x0020,
  0x0020, 0x0020, 0x0021, 0x0021, 0x0020, 0x0021, 0x0020, 0x0020, 0x0021, 0x0020, 0x0020, 0x0020,
  0x0021, 0x0020, 0x0020, 0x0020, 0x0020, 0x0020, 0x0020, 0x0020, 0x0020, 0x0020, 0x0020, 0x0020,
  0x0020, 0x0021, 0x0020, 0x0021, 0x0021, 0x0020, 0x0020, 0x0021, 0x0020, 0x0020, 0x0021, 0x0020,
  0x0020, 0x0021, 0x0020, 0x0020, 0x0020, 0x0020, 0x0020, 0x0020, 0x0020, 0x0020, 0x0020, 0x0020,
  0x0020, 0x0020, 0x0020, 0x0021, 0x0021, 0x0020, 0x0020, 0x0021, 0x0020, 0x0021, 0x0020, 0x0021,
  0x0021, 0x0020, 0x0021, 0x0020, 0x0020, 0x0020, 0x0020, 0x0020, 0x0021, 0x0020, 0x0020, 0x0020,
  0x0021, 0x0020, 0x0020, 0x0020, 0x0020, 0x0020, 0x0020, 0x0020, 0x0020, 0x0020, 0x0021, 0x0020,
  0x0020, 0x0020, 0x0020, 0x0020, 0x0020, 0x0020, 0x0020, 0x0020, 0x0020, 0x0020, 0x0020, 0x0020,
  0x0020, 0x0020, 0x0020, 0x0020, 0x0020, 0x0020, 0x0020, 0x0020, 0x0020, 0x0020, 0x0020, 0x0020,
  0x0020, 0x0020, 0x0020, 0x0021, 0x0020, 0x0020, 0x0021, 0x0020, 0x0020, 0x0020, 0x0020, 0x0020,
  0x0020, 0x0020, 0x0020, 0x0020, 0x0020, 0x0020, 0x0020, 0x0020, 0x0020, 0x0020, 0x0020, 0x0020,
  0x0020, 0x0020, 0x0021, 0x0021, 0x0020, 0x0020, 0x0020, 0x0021, 0x0020, 0x0020, 0x0020, 0x0020,
  0x0020, 0x0020, 0x0020, 0x0020, 0x0021, 0x0020, 0x0020, 0x0020, 0x0020, 0x0020, 0x0020, 0x0020,
  0x0020, 0x0020, 0x0020, 0x0020, 0x0021, 0x0020, 0x0020, 0x0020, 0x0020, 0x0020, 0x0020, 0x0020,
  0x0020, 0x0021, 0x0021, 0x0020, 0x0021, 0x0020, 0x0020, 0x0020, 0x0020, 0x0020, 0x0020, 0x0020,
  0x0020, 0x0020, 0x0020, 0x0020, 0x0021, 0x0020, 0x0020, 0x0020, 0x0020, 0x0020, 0x0020, 0x0020,
  0x0021, 0x0021, 0x0020, 0x0020, 0x0021, 0x0020, 0x0020, 0x0020, 0x0020, 0x0020, 0x0020, 0x0020,
  0x0020, 0x0020, 0x0020, 0x0020, 0x0020, 0x0021, 0x0020, 0x0020, 0x0020, 0x0021, 0x0021, 0x0021,
  0x0020, 0x0020, 0x0021, 0x0020, 0x0021, 0x0021, 0x0020, 0x0021, 0x0021, 0x0020, 0x0021, 0x0020,
  0x0021, 0x0020, 0x0020, 0x0020, 0x0020, 0x0021, 0x0020, 0x0020, 0x0021, 0x0020, 0x0020, 0x0020,
  0x0020, 0x0021, 0x0020, 0x0021, 0x0021, 0x0020, 0x0020, 0x0021, 0x0020, 0x0020, 0x0020, 0x0020,
  0x0021, 0x0021, 0x0020, 0x0020, 0x0020, 0x0020, 0x0020, 0x0021, 0x0020, 0x0020, 0x0020, 0x0020,
  0x0020, 0x0020, 0x0020, 0x0020, 0x0020, 0x0020, 0x0020, 0x0020, 0x0020, 0x0021, 0x0021, 0x0020,
  0x0021, 0x0021, 0x0020, 0x0020, 0x0020, 0x0020, 0x0020, 0x0020, 0x0020, 0x0020, 0x0020, 0x0020,
  0x0020, 0x0020, 0x0020, 0x0020, 0x0020, 0x0020, 0x0020, 0x0020, 0x0020, 0x0021, 0x0021, 0x0020,
  0x0020, 0x0020, 0x0020, 0x0020, 0x0020, 0x0020, 0x0020, 0x0020, 0x0020, 0x0020, 0x0021, 0x0020,
  0x0020, 0x0020, 0x0020, 0x0020, 0x0020, 0x0020, 0x0020, 0x0021, 0x0020, 0x0021, 0x0021, 0x0021,
  0x0020, 0x0020, 0x0021, 0x0021, 0x0020, 0x0021, 0x0020, 0x0020, 0x0020, 0x0020, 0x0020, 0x0020,
  0x0020, 0x0020, 0x0020, 0x0020, 0x0020, 0x0020, 0x0020, 0x0020, 0x0020, 0x0020, 0x0020, 0x0020,
  0x0020, 0x0020, 0x0020, 0x0020, 0x0020, 0x0021, 0x0020, 0x0021, 0x0020, 0x0020, 0x0020, 0x0020,
  0x0020, 0x0021, 0x0020, 0x0020, 0x0020, 0x0020, 0x0020, 0x0020, 0x0020, 0x0021, 0x0020, 0x0020,
  0x0020, 0x0020, 0x0020, 0x0021, 0x0020, 0x0020, 0x0020, 0x0020, 0x0021, 0x0021, 0x0020, 0x0020,
  0x0020, 0x0021, 0x0021, 0x0020, 0x0021, 0x0020, 0x0020, 0x0021, 0x0020, 0x0021, 0x0021, 0x0020,
  0x0021, 0x0020, 0x0020, 0x0021, 0x0020, 0x0020, 0x0020, 0x0020, 0x0021, 0x0020, 0x0020, 0x0020,
  0x0020, 0x0020, 0x0021, 0x0021, 0x0020, 0x0021, 0x0020, 0x0020, 0x0020, 0x0021, 0x0021, 0x0020,
  0x0020, 0x0020, 0x0020, 0x0020, 0x0020, 0x0020, 0x0020, 0x0020, 0x0020, 0x0020, 0x0020, 0x0020,
  0x0020, 0x0020, 0x0021, 0x0021, 0x0021, 0x0020, 0x0020, 0x0020, 0x0020, 0x0020, 0x0020, 0x0020,
  0x0020, 0x0020, 0x0020, 0x0020, 0x0020, 0x0020, 0x0020, 0x0020, 0x0020, 0x0020, 0x0020, 0x0020,
  0x0020, 0x0020, 0x0020, 0x0021, 0x0020, 0x0020, 0x0020, 0x0020, 0x0020, 0x0020, 0x0020, 0x0020,
  0x0020, 0x0020, 0x0021, 0x0020, 0x0020, 0x0020, 0x0020, 0x0020, 0x0020, 0x0020, 0x0020, 0x0020,
  0x0020, 0x0020, 0x0021, 0x0020, 0x0020, 0x0020, 0x0020, 0x0021, 0x0020, 0x0020, 0x0020, 0x0020,
  0x0020, 0x0020, 0x0020, 0x0020, 0x0020, 0x0020, 0x0020, 0x0020, 0x0020, 0x0021, 0x0020, 0x0020,
  0x0020, 0x0020, 0x0020, 0x0020, 0x0020, 0x0020, 0x0021, 0x0020, 0x0021, 0x0020, 0x0020, 0x0020,
  0x0020, 0x0020, 0x0020, 0x0020, 0x0020, 0x0020, 0x0020, 0x0020, 0x0021, 0x0020, 0x0020, 0x0020,
  0x0020, 0x0020, 0x0020, 0x0020, 0x0020, 0x0021, 0x0021, 0x0021, 0x0020, 0x0020, 0x0020, 0x0020,
  0x0021, 0x0020, 0x0020, 0x0020, 0x0020, 0x0020, 0x0020, 0x0020, 0x0020, 0x0021, 0x0020, 0x0020,
  0x0020, 0x0020, 0x0021, 0x0020, 0x0021, 0x0020, 0x0020, 0x0021, 0x0021, 0x0021, 0x0020, 0x0020,
  0x0020, 0x0020, 0x0020, 0x0021, 0x0020, 0x0020, 0x0020, 0x0020, 0x0020, 0x0021, 0x0020, 0x0021,
  0x0020, 0x0021, 0x0020, 0x0020, 0x0021, 0x0020, 0x0021, 0x0021, 0x0020, 0x0020, 0x0020, 0x0020,
  0x0020, 0x0020, 0x0020, 0x0020, 0x0021, 0x0020, 0x0020, 0x0020, 0x0021, 0x0020, 0x0020, 0x0020,
  0x0021, 0x0020, 0x0020, 0x0020, 0x0020, 0x0020, 0x0020, 0x0020, 0x0020, 0x0020, 0x0020, 0x0020,
  0x0020, 0x0020, 0x0021, 0x0020, 0x0021, 0x0020, 0x0020, 0x0020, 0x0020, 0x0020, 0x0020, 0x0020,
  0x0020, 0x0020, 0x0021, 0x0020, 0x0020, 0x0020, 0x0020, 0x0020, 0x0020, 0x0020, 0x0020, 0x0020,
  0x0020, 0x0020, 0x0020, 0x0020, 0x0020, 0x0020, 0x0021, 0x0020, 0x0020, 0x0020, 0x0020, 0x0020,
  0x0020, 0x0021, 0x0020, 0x0020, 0x0021, 0x0021, 0x0020, 0x0020, 0x0020, 0x0021, 0x0021, 0x0020,
  0x0020, 0x0020, 0x0020, 0x0020, 0x0020, 0x0020, 0x0020, 0x0020, 0x0020, 0x0020, 0x0020, 0x0020,
  0x0020, 0x0020, 0x0020, 0x0020, 0x0020, 0x0020, 0x0020, 0x0020, 0x0021, 0x0020, 0x0020, 0x0020,
  0x0020, 0x0020, 0x0021, 0x0021, 0x0021, 0x0020, 0x0020, 0x0020, 0x0020, 0x0021, 0x0021, 0x0020,
  0x0020, 0x0020, 0x0021, 0x0020, 0x0020, 0x0020, 0x0020, 0x0020, 0x0020, 0x0020, 0x0021, 0x0021,
  0x0020, 0x0021, 0x0020, 0x0020, 0x0020, 0x0020, 0x0020, 0x0021, 0x0021, 0x0021, 0x0021, 0x0020,
  0x0020, 0x0020, 0x0020, 0x0020, 0x0021, 0x0021, 0x0020, 0x0020, 0x0020, 0x0021, 0x0020, 0x0020,
  0x0020, 0x0020, 0x0020, 0x0021, 0x0021, 0x0020, 0x0021, 0x0020, 0x0021, 0x0020, 0x0020, 0x0020,
  0x0020, 0x0021, 0x0020, 0x0020, 0x0020, 0x0020, 0x0020, 0x0020, 0x0020, 0x0020, 0x0020, 0x0020,
  0x0020, 0x0021, 0x0020, 0x0020, 0x0020, 0x0020, 0x0020, 0x0020, 0x0020, 0x0020, 0x0020, 0x0020,
  0x0020, 0x0020, 0x0020, 0x0020, 0x0020, 0x0020, 0x0020, 0x0020, 0x0020, 0x0020, 0x0020, 0x0020,
  0x0020, 0x0020, 0x0020, 0x0020, 0x0020, 0x0021, 0x0020, 0x0020, 0x0020, 0x0020, 0x0020, 0x0020,
  0x0021, 0x0020, 0x0020, 0x0020, 0x0020, 0x0020, 0x0020, 0x0021, 0x0020, 0x0020, 0x0020, 0x0020,
  0x0020, 0x0020, 0x0020, 0x0020, 0x0020, 0x0020, 0x0020, 0x0021, 0x0020, 0x0020, 0x0020, 0x0020,
  0x0020, 0x0020, 0x0020, 0x0020, 0x0020, 0x0021, 0x0020, 0x0020, 0x0020, 0x0020, 0x0020, 0x0020,
  0x0020, 0x0020, 0x0020, 0x0021, 0x0021, 0x0020, 0x0020, 0x0020, 0x0021, 0x0021, 0x0020, 0x0020,
  0x0020, 0x0020, 0x0020, 0x0020, 0x0020, 0x0020, 0x0020, 0x0021, 0x0021, 0x0020, 0x0020, 0x0020,
  0x0020, 0x0020, 0x0020, 0x0021, 0x0021, 0x0021, 0x0021, 0x0021, 0x0020, 0x0021, 0x0020, 0x0020,
  0x0020, 0x0021, 0x0021, 0x0020, 0x0021, 0x0020, 0x0020, 0x0020, 0x0020, 0x0020, 0x0020, 0x0020,
  0x0020, 0x0020, 0x0021, 0x0020, 0x0021, 0x0020, 0x0020, 0x0020, 0x0020, 0x0020, 0x0021, 0x0020,
  0x0020, 0x0021, 0x0020, 0x0020, 0x0020, 0x0020, 0x0020, 0x0021, 0x0020, 0x0021, 0x0021, 0x0020,
  0x0020, 0x0021, 0x0020, 0x0020, 0x0020, 0x0020, 0x0020, 0x0020, 0x0020, 0x0020, 0x0020, 0x0020,
  0x0020, 0x0020, 0x0021, 0x0020, 0x0020, 0x0020, 0x0020, 0x0020, 0x0020, 0x0020, 0x0020, 0x0020,
  0x0020, 0x0020, 0x0020, 0x0020, 0x0020, 0x0020, 0x0020, 0x0020, 0x0020, 0x0020, 0x0020, 0x0020,
  0x0020, 0x0020, 0x0020, 0x0020, 0x0020, 0x0020, 0x0020, 0x0020, 0x0020, 0x0020, 0x0020, 0x0021,
  0x0020, 0x0020, 0x0020, 0x0020, 0x0020, 0x0020, 0x0020, 0x0020, 0x0020, 0x0020, 0x0020, 0x0020,
  0x0020, 0x0020, 0x0021, 0x0020, 0x0020, 0x0021, 0x0020, 0x0020, 0x0021, 0x0020, 0x0020, 0x0020,
  0x0020, 0x0020, 0x0020, 0x0020, 0x0020, 0x0020, 0x0020, 0x0020, 0x0020, 0x0020, 0x0020, 0x0020,
  0x0020, 0x0020, 0x0020, 0x0020, 0x0020, 0x0021, 0x0020, 0x0020, 0x0020, 0x0020, 0x0020, 0x0020,
  0x0020, 0x0020, 0x0020, 0x0020, 0x0020, 0x0020, 0x0020, 0x0020, 0x0020, 0x0020, 0x0020, 0x0020,
  0x0020, 0x0020, 0x0020, 0x0021, 0x0020, 0x0020, 0x0020, 0x0020, 0x0020, 0x0021, 0x0020, 0x0020,
  0x0020, 0x0021, 0x0021, 0x0021, 0x0020, 0x0020, 0x0020, 0x0020, 0x0020, 0x0020, 0x0020, 0x0021,
  0x0021, 0x0020, 0x0020, 0x0020, 0x0020, 0x0020, 0x0020, 0x0021, 0x0020, 0x0020, 0x0020, 0x0020,
  0x0020, 0x0020, 0x0020, 0x0021, 0x0020, 0x0020, 0x0020, 0x0021, 0x0021, 0x0020, 0x0021, 0x0020,
  0x0021, 0x0020, 0x0020, 0x0021, 0x0021, 0x0020, 0x0020, 0x0020, 0x0020, 0x0020, 0x0020, 0x0020,
  0x0020, 0x0020, 0x0020, 0x0020, 0x0021, 0x0020, 0x0021, 0x0020, 0x0020, 0x0020, 0x0020, 0x0020,
  0x0020, 0x0020, 0x0020, 0x0020, 0x0021, 0x0020, 0x0020, 0x0020, 0x0020, 0x0020, 0x0020, 0x0020,
  0x0020, 0x0020, 0x0021, 0x0020, 0x0020, 0x0021, 0x0020, 0x0020, 0x0020, 0x0020, 0x0020, 0x0020,
  0x0021, 0x0020, 0x0020, 0x0020, 0x0020, 0x0020, 0x0020, 0x0020, 0x0020, 0x0021, 0x0020, 0x0020,
  0x0020, 0x0020, 0x0020, 0x0020, 0x0020, 0x0020, 0x0020, 0x0020, 0x0020, 0x0020, 0x0020, 0x0020,
  0x0020, 0x0020, 0x0020, 0x0020, 0x0020, 0x0020, 0x0020, 0x0020, 0x0020, 0x0020, 0x0020, 0x0020,
  0x0020, 0x0020, 0x0020, 0x0020, 0x0020, 0x0020, 0x0020, 0x0020, 0x0021, 0x0020, 0x0020, 0x0020,
  0x0020, 0x0020, 0x0020, 0x0020, 0x0020, 0x0021, 0x0020, 0x0020, 0x0020, 0x0020, 0x0020, 0x0020,
  0x0020, 0x0020, 0x0020, 0x0020, 0x0020, 0x0020, 0x0021, 0x0020, 0x0020, 0x0020, 0x0020, 0x0020,
  0x0020, 0x0020, 0x0020, 0x0021, 0x0020, 0x0020, 0x0021, 0x0021, 0x0021, 0x0020, 0x0020, 0x0020,
  0x0020, 0x0020, 0x0021, 0x0020, 0x0021, 0x0020, 0x0020, 0x0020, 0x0020, 0x0020, 0x0020, 0x0020,
  0x0020, 0x0020, 0x0020, 0x0021, 0x0020, 0x0020, 0x0020, 0x0020, 0x0020, 0x0020, 0x0020, 0x0021,
  0x0020, 0x0020, 0x0020, 0x0020, 0x0021, 0x0020, 0x0020, 0x0020, 0x0021, 0x0020, 0x0020, 0x0020,
  0x0020, 0x0020, 0x0020, 0x0020, 0x0020, 0x0020, 0x0020, 0x0020, 0x0020, 0x0020, 0x0020, 0x0020,
  0x0021, 0x0020, 0x0020, 0x0020, 0x0020, 0x0020, 0x0020, 0x0020, 0x0020, 0x0020, 0x0020, 0x0020,
  0x0020, 0x0020, 0x0020, 0x0020, 0x0020, 0x0020, 0x0020, 0x0020, 0x0020, 0x0020, 0x0020, 0x0020,
  0x0020, 0x0020, 0x0021, 0x0021, 0x0021, 0x0021, 0x0020, 0x0020, 0x0021, 0x0020, 0x0021, 0x0020,
  0x0020, 0x0020, 0x0020, 0x0020, 0x0020, 0x0020, 0x0020, 0x0020, 0x0020, 0x0020, 0x0020, 0x0021,
  0x0020, 0x0020, 0x0020, 0x0020, 0x0020, 0x0020, 0x0020, 0x0020, 0x0020, 0x0021, 0x0020, 0x0020,
  0x0020, 0x0020, 0x0020, 0x0020, 0x0020, 0x0020, 0x0020, 0x0020, 0x0020, 0x0020, 0x0020, 0x0020,
  0x0020, 0x0020, 0x0020, 0x0021, 0x0020, 0x0020, 0x0020, 0x0020, 0x0020, 0x0020, 0x0020, 0x0020,
  0x0020, 0x0020, 0x0020, 0x0020, 0x0020, 0x0020, 0x0020, 0x0020, 0x0020, 0x0020, 0x0020, 0x0020,
  0x0020, 0x0020, 0x0020, 0x0020, 0x0020, 0x0021, 0x0021, 0x0020, 0x0020, 0x0021, 0x0020, 0x0020,
  0x0020, 0x0020, 0x0021, 0x0020, 0x0020, 0x0020, 0x0020, 0x0020, 0x0020, 0x0020, 0x0020, 0x0020,
  0x0020, 0x0020, 0x0020, 0x0020, 0x0020, 0x0020, 0x0020, 0x0020, 0x0020, 0x0020, 0x0020, 0x0020,
  0x0020, 0x0020, 0x0021, 0x0020, 0x0020, 0x0021, 0x0020, 0x0021, 0x0021, 0x0021, 0x0021, 0x0020,
  0x0020, 0x0020, 0x0020, 0x0020, 0x0020, 0x0020, 0x0020, 0x0020, 0x0020, 0x0020, 0x0020, 0x0020,
  0x0020, 0x0020, 0x0020, 0x0020, 0x0020, 0x0020, 0x0020, 0x0020, 0x0020, 0x0020, 0x0020, 0x0020,
  0x0020, 0x0020, 0x0020, 0x0021, 0x0020, 0x0020, 0x0020, 0x0020, 0x0020, 0x0020, 0x0020, 0x0020,
  0x0020, 0x0020, 0x0020, 0x0020, 0x0020, 0x0020, 0x0020, 0x0021, 0x0020, 0x0021, 0x0020, 0x0021,
  0x0021, 0x0020, 0x0020, 0x0020, 0x0020, 0x0020, 0x0020, 0x0020, 0x0020, 0x0020, 0x0021, 0x0020,
  0x0021, 0x0020, 0x0020, 0x0020, 0x0020, 0x0020, 0x0020, 0x0020, 0x0020, 0x0020, 0x0020, 0x0020,
  0x0021, 0x0020, 0x0020, 0x0020, 0x0021, 0x0020, 0x0020, 0x0020, 0x0020, 0x0020, 0x0020, 0x0020,
  0x0020, 0x0020, 0x0020, 0x0020, 0x0021, 0x0020, 0x0020, 0x0020, 0x0020, 0x0020, 0x0020, 0x0020,
  0x0020, 0x0020, 0x0020, 0x0020, 0x0020, 0x0020, 0x0020, 0x0020, 0x0020, 0x0020, 0x0021, 0x0020,
  0x0020, 0x0020, 0x0020, 0x0020, 0x0020, 0x0020, 0x0020, 0x0020, 0x0020, 0x0020, 0x0021, 0x0020,
  0x0021, 0x0021, 0x0021, 0x0021, 0x0020, 0x0020, 0x0020, 0x0020, 0x0020, 0x0021, 0x0020, 0x0020,
  0x0020, 0x0020, 0x0020, 0x0020, 0x0020, 0x0021, 0x0020, 0x0020, 0x0020, 0x0020, 0x0020, 0x0020,
  0x0020, 0x0020, 0x0020, 0x0020, 0x0020, 0x0020, 0x0020, 0x0021, 0x0020, 0x0020, 0x0020, 0x0020,
  0x0020, 0x0020, 0x0020, 0x0021, 0x0020, 0x0020, 0x0020, 0x0020, 0x0020, 0x0020, 0x0020, 0x0020,
  0x0020, 0x0020, 0x0020, 0x0020, 0x0020, 0x0020, 0x0020, 0x0020, 0x0020, 0x0020, 0x0021, 0x0020,
  0x0020, 0x0021, 0x0020, 0x0020, 0x0020, 0x0020, 0x0020, 0x0020, 0x0021, 0x0020, 0x0020, 0x0021,
  0x0020, 0x0020, 0x0020, 0x0021, 0x0020, 0x0020, 0x0020, 0x0020, 0x0021, 0x0020, 0x0020, 0x0021,
  0x0021, 0x0020, 0x0020, 0x0021, 0x0021, 0x0020, 0x0020, 0x0021, 0x0020, 0x0021, 0x0020, 0x0020,
  0x0020, 0x0020, 0x0020, 0x0020, 0x0020, 0x0020, 0x0020, 0x0020, 0x0020, 0x0020, 0x0020, 0x0020,
  0x0021, 0x0020, 0x0020, 0x0020, 0x0020, 0x0020, 0x0021, 0x0020, 0x0020, 0x0020, 0x0020, 0x0020,
  0x0020, 0x0020, 0x0020, 0x0020, 0x0020, 0x0020, 0x0020, 0x0020, 0x0020, 0x0020, 0x0020, 0x0020,
  0x0020, 0x0020, 0x0020, 0x0020, 0x0020, 0x0020, 0x0020, 0x0020, 0x0020, 0x0021, 0x0020, 0x0020,
  0x0020, 0x0020, 0x0021, 0x0020, 0x0020, 0x0021, 0x0020, 0x0020, 0x0020, 0x0020, 0x0021, 0x0020,
  0x0021, 0x0021, 0x0020, 0x0020, 0x0020, 0x0020, 0x0020, 0x0021, 0x0020, 0x0021, 0x0020, 0x0020,
  0x0020, 0x0020, 0x0020, 0x0020, 0x0020, 0x0020, 0x0020, 0x0020, 0x0021, 0x0000, 0x0020, 0x0041,
  0x0020, 0x0020, 0x0020, 0x0020, 0x0020, 0x0020, 0x0020, 0x0020, 0x0020, 0x0020, 0x0020, 0x0021,
  0x0020, 0x0020, 0x0020, 0x0020, 0x0020, 0x0020, 0x0020, 0x0020, 0x0020, 0x0020, 0x0020, 0x0020,
  0x0020, 0x0020, 0x0020, 0x0020, 0x0020, 0x0020, 0x0020, 0x0020, 0x0020, 0x0020, 0x0020, 0x0020,
  0x0020, 0x0020, 0x0020, 0x0020, 0x0020, 0x0020, 0x0021, 0x0020, 0x0020, 0x0020, 0x0020, 0x0020,
  0x0020, 0x0021, 0x0021, 0x0020, 0x0020, 0x0020, 0x0020, 0x0021, 0x0020, 0x0020, 0x0020, 0x0020,
  0x0020, 0x0020, 0x0020, 0x0020, 0x0020, 0x0020, 0x0021, 0x0021, 0x0021, 0x0021, 0x0020, 0x0020,
  0x0020, 0x0020, 0x0020, 0x0020, 0x0020, 0x0020, 0x0020, 0x0020, 0x0020, 0x0020, 0x0020, 0x0020,
  0x0020, 0x0020, 0x0020, 0x0020, 0x0020, 0x0020, 0x0020, 0x0020, 0x0021, 0x0020, 0x0020, 0x0020,
  0x0020, 0x0020, 0x0020, 0x0020, 0x0020, 0x0020, 0x0020, 0x0020, 0x0020, 0x0020, 0x0020, 0x0020,
  0x0020, 0x0020, 0x0020, 0x0021, 0x0020, 0x0020, 0x0020, 0x0020, 0x0020, 0x0020, 0x0020, 0x0020,
  0x0020, 0x0020, 0x0020, 0x0020, 0x0020, 0x0020, 0x0020, 0x0020, 0x0020, 0x0020, 0x0020, 0x0021,
  0x0020, 0x0020, 0x0020, 0x0020, 0x0021, 0x0021, 0x0020, 0x0021, 0x0021, 0x0021, 0x0020, 0x0020,
  0x0021, 0x0020, 0x0020, 0x0020, 0x0020, 0x0020, 0x0020, 0x0020, 0x0020, 0x0020, 0x0020, 0x0021,
  0x0000, 0x10A2, 0x0020, 0x0000, 0x0020, 0x0020, 0x0020, 0x0020, 0x0020, 0x0020, 0x0020, 0x0020,
  0x0020, 0x0020, 0x0021, 0x0020, 0x0020, 0x0021, 0x0020, 0x0020, 0x0020, 0x0020, 0x0020, 0x0020,
  0x0021, 0x0021, 0x0020, 0x0020, 0x0020, 0x0020, 0x0020, 0x0020, 0x0020, 0x0020, 0x0020, 0x0020,
  0x0020, 0x0020, 0x0021, 0x0020, 0x0020, 0x0020, 0x0020, 0x0021, 0x0020, 0x0020, 0x0020, 0x0020,
  0x0020, 0x0020, 0x0020, 0x0020, 0x0020, 0x0020, 0x0020, 0x0020, 0x0020, 0x0020, 0x0020, 0x0020,
  0x0020, 0x0020, 0x0020, 0x0020, 0x0020, 0x0020, 0x0020, 0x0021, 0x0020, 0x0020, 0x0021, 0x0020,
  0x0020, 0x0021, 0x0021, 0x0020, 0x0020, 0x0020, 0x0020, 0x0020, 0x0020, 0x0020, 0x0020, 0x0020,
  0x0020, 0x0020, 0x0020, 0x0020, 0x0020, 0x0020, 0x0020, 0x0020, 0x0020, 0x0020, 0x0020, 0x0020,
  0x0021, 0x0020, 0x0020, 0x0021, 0x0020, 0x0020, 0x0020, 0x0020, 0x0020, 0x0020, 0x0020, 0x0020,
  0x0020, 0x0020, 0x0020, 0x0020, 0x0020, 0x0020, 0x0020, 0x0020, 0x0020, 0x0020, 0x0020, 0x0020,
  0x0020, 0x0020, 0x0020, 0x0020, 0x0020, 0x0020, 0x0020, 0x0020, 0x0020, 0x0020, 0x0020, 0x0020,
  0x0020, 0x0020, 0x0020, 0x0020, 0x0020, 0x0020, 0x0020, 0x0020, 0x0021, 0x0021, 0x0021, 0x0021,
  0x0020, 0x0020, 0x0020, 0x0020, 0x0021, 0x0020, 0x0021, 0x0020, 0x0020, 0x0020, 0x0020, 0x0020,
  0x0020, 0x0020, 0x0021, 0x0000, 0x2103, 0xDEDA, 0xC617, 0x5ACA, 0x0861, 0x0020, 0x0020, 0x0020,
  0x0020, 0x0020, 0x0020, 0x0020, 0x0020, 0x0020, 0x0020, 0x0020, 0x0020, 0x0020, 0x0020, 0x0020,
  0x0020, 0x0020, 0x0021, 0x0020, 0x0020, 0x0021, 0x0020, 0x0020, 0x0020, 0x0020, 0x0021, 0x0020,
  0x0020, 0x0020, 0x0020, 0x0021, 0x0021, 0x0020, 0x0021, 0x0020, 0x0020, 0x0020, 0x0020, 0x0020,
  0x0020, 0x0020, 0x0020, 0x0020, 0x0020, 0x0020, 0x0020, 0x0020, 0x0020, 0x0020, 0x0020, 0x0020,
  0x0020, 0x0020, 0x0020, 0x0020, 0x0021, 0x0020, 0x0020, 0x0020, 0x0020, 0x0020, 0x0020, 0x0020,
  0x0020, 0x0020, 0x0020, 0x0020, 0x0020, 0x0020, 0x0020, 0x0020, 0x0020, 0x0021, 0x0020, 0x0020,
  0x0020, 0x0020, 0x0020, 0x0020, 0x0020, 0x0020, 0x0021, 0x0020, 0x0020, 0x0021, 0x0020, 0x0021,
  0x0020, 0x0020, 0x0020, 0x0021, 0x0020, 0x0020, 0x0020, 0x0020, 0x0021, 0x0020, 0x0020, 0x0020,
  0x0020, 0x0020, 0x0020, 0x0020, 0x0020, 0x0020, 0x0020, 0x0020, 0x0020, 0x0020, 0x0020, 0x0020,
  0x0020, 0x0020, 0x0020, 0x0020, 0x0020, 0x0020, 0x0020, 0x0020, 0x0020, 0x0020, 0x0020, 0x0020,
  0x0020, 0x0020, 0x0020, 0x0020, 0x0020, 0x0021, 0x0020, 0x0020, 0x0020, 0x0020, 0x0021, 0x0021,
  0x0021, 0x0021, 0x0021, 0x0021, 0x0020, 0x0020, 0x0020, 0x0020, 0x0020, 0x0021, 0x0021, 0x0020,
  0x0020, 0x0020, 0x0020, 0x0020, 0x0020, 0x0021, 0x0021, 0x0841, 0xC5F6, 0xFF9B, 0xFF9B, 0xF77C,
  0x39A6, 0x0000, 0x0021, 0x0020, 0x0020, 0x0020, 0x0020, 0x0020, 0x0020, 0x0020, 0x0021, 0x0021,
  0x0020, 0x0020, 0x0021, 0x0020, 0x0020, 0x0020, 0x0021, 0x0020, 0x0020, 0x0020, 0x0020, 0x0020,
  0x0021, 0x0021, 0x0020, 0x0020, 0x0020, 0x0020, 0x0020, 0x0020, 0x0021, 0x0020, 0x0020, 0x0020,
  0x0020, 0x0021, 0x0020, 0x0020, 0x0020, 0x0020, 0x0021, 0x0020, 0x0020, 0x0020, 0x0020, 0x0020,
  0x0020, 0x0020, 0x0020, 0x0020, 0x0021, 0x0021, 0x0020, 0x0020, 0x0020, 0x0020, 0x0020, 0x0020,
  0x0020, 0x0020, 0x0020, 0x0020, 0x0020, 0x0020, 0x0020, 0x0020, 0x0020, 0x0020, 0x0021, 0x0021,
  0x0020, 0x0020, 0x0020, 0x0020, 0x0020, 0x0020, 0x0020, 0x0020, 0x0020, 0x0020, 0x0021, 0x0020,
  0x0020, 0x0021, 0x0021, 0x0020, 0x0020, 0x0020, 0x0020, 0x0020, 0x0020, 0x0020, 0x0021, 0x0020,
  0x0020, 0x0020, 0x0020, 0x0020, 0x0020, 0x0020, 0x0020, 0x0020, 0x0020, 0x0020, 0x0020, 0x0020,
  0x0020, 0x0020, 0x0020, 0x0020, 0x0020, 0x0020, 0x0020, 0x0020, 0x0020, 0x0020, 0x0020, 0x0020,
  0x0021, 0x0020, 0x0020, 0x0020, 0x0020, 0x0020, 0x0020, 0x0020, 0x0020, 0x0021, 0x0020, 0x0020,
  0x0020, 0x0020, 0x0020, 0x0020, 0x0020, 0x0020, 0x0020, 0x0021, 0x0020, 0x0020, 0x0020, 0x0020,
  0x0020, 0x0020, 0x0021, 0x0020, 0x0020, 0x0020, 0x0020, 0x0020, 0x0020, 0x0841, 0x0000, 0x9491,
  0xFF9B, 0xEEF9, 0xF73A, 0xD657, 0x4A07, 0x0000, 0x0021, 0x0020, 0x0020, 0x0020, 0x0020, 0x0020,
  0x0020, 0x0020, 0x0021, 0x0020, 0x0020, 0x0020, 0x0020, 0x0020, 0x0020, 0x0020, 0x0021, 0x0020,
  0x0021, 0x0020, 0x0020, 0x0020, 0x0020, 0x0020, 0x0020, 0x0020, 0x0020, 0x0020, 0x0020, 0x0020,
  0x0020, 0x0020, 0x0020, 0x0020, 0x0020, 0x0020, 0x0020, 0x0020, 0x0020, 0x0020, 0x0020, 0x0020,
  0x0020, 0x0020, 0x0020, 0x0020, 0x0020, 0x0020, 0x0020, 0x0020, 0x0021, 0x0020, 0x0020, 0x0020,
  0x0020, 0x0020, 0x0020, 0x0020, 0x0020, 0x0020, 0x0020, 0x0020, 0x0020, 0x0020, 0x0020, 0x0020,
  0x0021, 0x0020, 0x0020, 0x0020, 0x0020, 0x0021, 0x0021, 0x0020, 0x0020, 0x0020, 0x0020, 0x0020,
  0x0020, 0x0020, 0x0020, 0x0020, 0x0020, 0x0020, 0x0020, 0x0020, 0x0020, 0x0021, 0x0020, 0x0020,
  0x0020, 0x0020, 0x0020, 0x0020, 0x0020, 0x0020, 0x0020, 0x0020, 0x0020, 0x0020, 0x0020, 0x0020,
  0x0020, 0x0020, 0x0020, 0x0020, 0x0020, 0x0020, 0x0020, 0x0020, 0x0020, 0x0020, 0x0020, 0x0020,
  0x0020, 0x0020, 0x0020, 0x0021, 0x0020, 0x0020, 0x0021, 0x0020, 0x0020, 0x0020, 0x0020, 0x0020,
  0x0020, 0x0020, 0x0021, 0x0021, 0x0020, 0x0020, 0x0020, 0x0020, 0x0020, 0x0020, 0x0020, 0x0021,
  0x0020, 0x0020, 0x0020, 0x0020, 0x0020, 0x0020, 0x0020, 0x0020, 0x0020, 0x0020, 0x0020, 0x0020,
  0x0841, 0x0000, 0x6B2C, 0xFFBC, 0xF73A, 0xEF1A, 0xF73A, 0xDE98, 0x62CA, 0x0000, 0x0021, 0x0020,
  0x0020, 0x0020, 0x0020, 0x0020, 0x0020, 0x0020, 0x0021, 0x0020, 0x0020, 0x0020, 0x0021, 0x0020,
  0x0020, 0x0021, 0x0020, 0x0020, 0x0020, 0x0020, 0x0020, 0x0020, 0x0020, 0x0020, 0x0020, 0x0020,
  0x0020, 0x0020, 0x0020, 0x0020, 0x0020, 0x0020, 0x0021, 0x0020, 0x0020, 0x0020, 0x0021, 0x0020,
  0x0020, 0x0020, 0x0020, 0x0021, 0x0020, 0x0020, 0x0020, 0x0020, 0x0021, 0x0020, 0x0020, 0x0021,
  0x0020, 0x0020, 0x0020, 0x0020, 0x0021, 0x0020, 0x0020, 0x0020, 0x0020, 0x0020, 0x0021, 0x0020,
  0x0020, 0x0020, 0x0020, 0x0020, 0x0020, 0x0020, 0x0020, 0x0020, 0x0020, 0x0021, 0x0020, 0x0020,
  0x0020, 0x0020, 0x0020, 0x0020, 0x0020, 0x0020, 0x0020, 0x0020, 0x0020, 0x0020, 0x0020, 0x0020,
  0x0020, 0x0020, 0x0020, 0x0020, 0x0020, 0x0021, 0x0020, 0x0020, 0x0020, 0x0020, 0x0020, 0x0020,
  0x0021, 0x0020, 0x0020, 0x0020, 0x0020, 0x0020, 0x0020, 0x0020, 0x0020, 0x0020, 0x0020, 0x0020,
  0x0021, 0x0020, 0x0020, 0x0020, 0x0020, 0x0020, 0x0020, 0x0020, 0x0020, 0x0021, 0x0020, 0x0020,
  0x0020, 0x0020, 0x0020, 0x0021, 0x0020, 0x0020, 0x0020, 0x0020, 0x0020, 0x0021, 0x0020, 0x0020,
  0x0020, 0x0020, 0x0021, 0x0020, 0x0020, 0x0020, 0x0020, 0x0020, 0x0020, 0x0020, 0x0020, 0x0021,
  0x0020, 0x0020, 0x0020, 0x0041, 0x0000, 0x39E7, 0xF75A, 0xF75A, 0xCDF6, 0xEEF9, 0xF75A, 0xD677,
  0x736C, 0x0841, 0x0020, 0x0020, 0x0020, 0x0020, 0x0020, 0x0020, 0x0020, 0x0020, 0x0020, 0x0020,
  0x0020, 0x0020, 0x0020, 0x0020, 0x0020, 0x0020, 0x0020, 0x0020, 0x0020, 0x0020, 0x0020, 0x0020,
  0x0020, 0x0020, 0x0020, 0x0020, 0x0021, 0x0020, 0x0020, 0x0021, 0x0021, 0x0020, 0x0020, 0x0020,
  0x0020, 0x0020, 0x0020, 0x0020, 0x0020, 0x0020, 0x0020, 0x0020, 0x0020, 0x0020, 0x0020, 0x0020,
  0x0020, 0x0020, 0x0020, 0x0020, 0x0020, 0x0020, 0x0020, 0x0020, 0x0020, 0x0020, 0x0020, 0x0020,
  0x0020, 0x0020, 0x0020, 0x0020, 0x0020, 0x0020, 0x0020, 0x0021, 0x0021, 0x0020, 0x0020, 0x0020,
  0x0020, 0x0020, 0x0020, 0x0020, 0x0020, 0x0020, 0x0020, 0x0020, 0x0020, 0x0020, 0x0020, 0x0020,
  0x0020, 0x0021, 0x0020, 0x0020, 0x0020, 0x0020, 0x0020, 0x0020, 0x0020, 0x0020, 0x0020, 0x0020,
  0x0021, 0x0020, 0x0021, 0x0020, 0x0020, 0x0020, 0x0020, 0x0020, 0x0020, 0x0020, 0x0020, 0x0020,
  0x0020, 0x0020, 0x0020, 0x0020, 0x0020, 0x0020, 0x0020, 0x0020, 0x0020, 0x0020, 0x0020, 0x0020,
  0x0021, 0x0020, 0x0020, 0x0020, 0x0020, 0x0020, 0x0020, 0x0020, 0x0021, 0x0020, 0x0020, 0x0020,
  0x0020, 0x0020, 0x0020, 0x0020, 0x0021, 0x0021, 0x0020, 0x0020, 0x0020, 0x0020, 0x0020, 0x0020,
  0x0020, 0x0020, 0x0020, 0x0020, 0x0020, 0x0020, 0x0021, 0x0000, 0x18E3, 0xDE98, 0xFFDC, 0xBDB5,
  0x31E6, 0xE6D9, 0xFF7B, 0xD657, 0x83CD, 0x1082, 0x0000, 0x0020, 0x0020, 0x0020, 0x0020, 0x0020,
  0x0020, 0x0020, 0x0020, 0x0020, 0x0020, 0x0021, 0x0020, 0x0020, 0x0021, 0x0020, 0x0020, 0x0020,
  0x0021, 0x0020, 0x0020, 0x0020, 0x0020, 0x0020, 0x0020, 0x0020, 0x0021, 0x0020, 0x0020, 0x0020,
  0x0020, 0x0020, 0x0020, 0x0020, 0x0020, 0x0020, 0x0021, 0x0020, 0x0020, 0x0020, 0x0020, 0x0020,
  0x0020, 0x0020, 0x0020, 0x0020, 0x0020, 0x0020, 0x0020, 0x0020, 0x0020, 0x0020, 0x0021, 0x0020,
  0x0020, 0x0020, 0x0020, 0x0020, 0x0020, 0x0020, 0x0021, 0x0020, 0x0020, 0x0020, 0x0020, 0x0021,
  0x0020, 0x0020, 0x0020, 0x0020, 0x0020, 0x0020, 0x0020, 0x0020, 0x0020, 0x0020, 0x0020, 0x0020,
  0x0020, 0x0020, 0x0020, 0x0020, 0x0020, 0x0020, 0x0020, 0x0020, 0x0020, 0x0021, 0x0020, 0x0020,
  0x0020, 0x0020, 0x0020, 0x0020, 0x0020, 0x0020, 0x0020, 0x0020, 0x0021, 0x0020, 0x0020, 0x0020,
  0x0021, 0x0021, 0x0020, 0x0020, 0x0020, 0x0020, 0x0020, 0x0020, 0x0020, 0x0020, 0x0020, 0x0020,
  0x0020, 0x0020, 0x0021, 0x0020, 0x0020, 0x0021, 0x0020, 0x0020, 0x0020, 0x0021, 0x0021, 0x0020,
  0x0020, 0x0020, 0x0020, 0x0020, 0x0020, 0x0020, 0x0020, 0x0020, 0x0020, 0x0020, 0x0020, 0x0020,
  0x0020, 0x0020, 0x0020, 0x0020, 0x0021, 0x0020, 0x0020, 0x0020, 0x0020, 0x0020, 0x0021, 0x0020,
  0xBD95, 0xFFBC, 0xDE57, 0x4B6B, 0x646F, 0xE698, 0xFF7B, 0xD657, 0x8C0E, 0x2104, 0x0000, 0x0021,
  0x0020, 0x0020, 0x0020, 0x0020, 0x0020, 0x0020, 0x0020, 0x0020, 0x0020, 0x0020, 0x0020, 0x0020,
  0x0020, 0x0020, 0x0020, 0x0020, 0x0020, 0x0020, 0x0020, 0x0020, 0x0020, 0x0020, 0x0020, 0x0020,
  0x0021, 0x0020, 0x0020, 0x0020, 0x0020, 0x0020, 0x0020, 0x0020, 0x0020, 0x0020, 0x0020, 0x0020,
  0x0020, 0x0020, 0x0020, 0x0020, 0x0020, 0x0020, 0x0020, 0x0020, 0x0020, 0x0020, 0x0020, 0x0020,
  0x0020, 0x0020, 0x0020, 0x0020, 0x0020, 0x0020, 0x0020, 0x0020, 0x0020, 0x0020, 0x0020, 0x0020,
  0x0020, 0x0020, 0x0021, 0x0020, 0x0020, 0x0020, 0x0020, 0x0020, 0x0020, 0x0020, 0x0021, 0x0020,
  0x0020, 0x0020, 0x0020, 0x0021, 0x0020, 0x0020, 0x0021, 0x0020, 0x0020, 0x0020, 0x0020, 0x0020,
  0x0020, 0x0020, 0x0020, 0x0020, 0x0020, 0x0020, 0x0020, 0x0020, 0x0021, 0x0020, 0x0020, 0x0020,
  0x0021, 0x0021, 0x0020, 0x0020, 0x0020, 0x0020, 0x0020, 0x0021, 0x0020, 0x0020, 0x0020, 0x0020,
  0x0020, 0x0020, 0x0020, 0x0020, 0x0020, 0x0020, 0x0020, 0x0020, 0x0021, 0x0020, 0x0020, 0x0021,
  0x0021, 0x0020, 0x0020, 0x0021, 0x0020, 0x0021, 0x0021, 0x0020, 0x0020, 0x0020, 0x0021, 0x0020,
  0x0020, 0x0020, 0x0020, 0x0020, 0x0020, 0x0020, 0x0020, 0x0020, 0x0020, 0x0020, 0x0020, 0x0020,
  0x0020, 0x0841, 0x0000, 0x9450, 0xFFBC, 0xF71A, 0x5B2B, 0x75F4, 0x74D1, 0xE698, 0xFF7B, 0xD637,
  0x942F, 0x39A5, 0x0000, 0x0021, 0x0020, 0x0020, 0x0020, 0x0020, 0x0020, 0x0020, 0x0020, 0x0020,
  0x0020, 0x0020, 0x0020, 0x0020, 0x0020, 0x0020, 0x0020, 0x0020, 0x0020, 0x0020, 0x0020, 0x0020,
  0x0020, 0x0020, 0x0020, 0x0020, 0x0020, 0x0020, 0x0020, 0x0020, 0x0020, 0x0021, 0x0020, 0x0020,
  0x0020, 0x0020, 0x0020, 0x0020, 0x0020, 0x0020, 0x0020, 0x0020, 0x0020, 0x0020, 0x0020, 0x0020,
  0x0020, 0x0021, 0x0020, 0x0020, 0x0020, 0x0020, 0x0020, 0x0020, 0x0020, 0x0020, 0x0020, 0x0020,
  0x0020, 0x0020, 0x0021, 0x0020, 0x0020, 0x0020, 0x0020, 0x0020, 0x0020, 0x0021, 0x0021, 0x0020,
  0x0020, 0x0020, 0x0020, 0x0020, 0x0020, 0x0020, 0x0020, 0x0020, 0x0020, 0x0020, 0x0020, 0x0020,
  0x0021, 0x0020, 0x0020, 0x0020, 0x0020, 0x0020, 0x0020, 0x0020, 0x0020, 0x0020, 0x0020, 0x0020,
  0x0020, 0x0020, 0x0020, 0x0021, 0x0021, 0x0020, 0x0020, 0x0020, 0x0020, 0x0020, 0x0021, 0x0020,
  0x0020, 0x0020, 0x0020, 0x0020, 0x0020, 0x0020, 0x0020, 0x0021, 0x0020, 0x0020, 0x0020, 0x0020,
  0x0020, 0x0021, 0x0020, 0x0020, 0x0020, 0x0020, 0x0020, 0x0020, 0x0020, 0x0020, 0x0020, 0x0020,
  0x0021, 0x0020, 0x0020, 0x0020, 0x0020, 0x0020, 0x0020, 0x0020, 0x0021, 0x0020, 0x0020, 0x0020,
  0x0020, 0x0020, 0x0020, 0x0020, 0x0841, 0x0000, 0x62EB, 0xFF9B, 0xFF7B, 0x7BEE, 0x6511, 0x9F59,
  0x6C6F, 0xE698, 0xFF7B, 0xCE37, 0x942F, 0x4A48, 0x0000, 0x0021, 0x0020, 0x0020, 0x0020, 0x0020,
  0x0020, 0x0021, 0x0020, 0x0020, 0x0020, 0x0020, 0x0021, 0x0020, 0x0020, 0x0020, 0x0020, 0x0020,
  0x0020, 0x0020, 0x0020, 0x0020, 0x0020, 0x0020, 0x0020, 0x0021, 0x0020, 0x0020, 0x0020, 0x0020,
  0x0020, 0x0021, 0x0021, 0x0020, 0x0020, 0x0020, 0x0020, 0x0021, 0x0020, 0x0020, 0x0020, 0x0020,
  0x0020, 0x0020, 0x0020, 0x0020, 0x0020, 0x0020, 0x0020, 0x0020, 0x0020, 0x0020, 0x0020, 0x0020,
  0x0021, 0x0020, 0x0020, 0x0021, 0x0020, 0x0020, 0x0020, 0x0020, 0x0020, 0x0020, 0x0020, 0x0020,
  0x0020, 0x0020, 0x0020, 0x0020, 0x0020, 0x0021, 0x0021, 0x0020, 0x0020, 0x0020, 0x0020, 0x0020,
  0x0020, 0x0020, 0x0020, 0x0020, 0x0020, 0x0020, 0x0020, 0x0020, 0x0020, 0x0020, 0x0020, 0x0020,
  0x0021, 0x0020, 0x0020, 0x0020, 0x0020, 0x0021, 0x0020, 0x0020, 0x0020, 0x0020, 0x0020, 0x0020,
  0x0020, 0x0020, 0x0020, 0x0020, 0x0020, 0x0020, 0x0020, 0x0020, 0x0020, 0x0021, 0x0020, 0x0021,
  0x0020, 0x0020, 0x0020, 0x0020, 0x0021, 0x0021, 0x0020, 0x0020, 0x0020, 0x0020, 0x0020, 0x0020,
  0x0020, 0x0020, 0x0020, 0x0020, 0x0020, 0x0020, 0x0021, 0x0021, 0x0020, 0x0020, 0x0020, 0x0020,
  0x0020, 0x0020, 0x0020, 0x0020, 0x0020, 0x0020, 0x0020, 0x0041, 0x0000, 0x31A6, 0xEF3A, 0xFF9C,
  0xA4D1, 0x542E, 0x9F18, 0x8ED7, 0x6C8F, 0xE698, 0xFF7B, 0xD637, 0x942F, 0x62EA, 0x0000, 0x0021,
  0x0020, 0x0020, 0x0020, 0x0020, 0x0021, 0x0020, 0x0020, 0x0020, 0x0021, 0x0020, 0x0020, 0x0020,
  0x0020, 0x0021, 0x0020, 0x0020, 0x0020, 0x0020, 0x0020, 0x0020, 0x0020, 0x0020, 0x0020, 0x0020,
  0x0020, 0x0020, 0x0020, 0x0020, 0x0020, 0x0020, 0x0020, 0x0020, 0x0020, 0x0020, 0x0020, 0x0020,
  0x0021, 0x0020, 0x0020, 0x0020, 0x0020, 0x0020, 0x0020, 0x0020, 0x0020, 0x0020, 0x0020, 0x0020,
  0x0020, 0x0020, 0x0020, 0x0020, 0x0020, 0x0020, 0x0020, 0x0020, 0x0020, 0x0020, 0x0020, 0x0020,
  0x0020, 0x0020, 0x0020, 0x0020, 0x0020, 0x0020, 0x0020, 0x0020, 0x0020, 0x0021, 0x0020, 0x0020,
  0x0020, 0x0020, 0x0020, 0x0020, 0x0020, 0x0020, 0x0020, 0x0020, 0x0020, 0x0020, 0x0020, 0x0020,
  0x0020, 0x0020, 0x0020, 0x0020, 0x0020, 0x0021, 0x0020, 0x0020, 0x0020, 0x0021, 0x0020, 0x0020,
  0x0020, 0x0020, 0x0020, 0x0020, 0x0020, 0x0020, 0x0020, 0x0020, 0x0021, 0x0021, 0x0021, 0x0021,
  0x0020, 0x0020, 0x0021, 0x0021, 0x0020, 0x0020, 0x0020, 0x0020, 0x0020, 0x0020, 0x0020, 0x0020,
  0x0020, 0x0020, 0x0021, 0x0020, 0x0020, 0x0021, 0x0020, 0x0020, 0x0021, 0x0020, 0x0020, 0x0020,
  0x0020, 0x0020, 0x0020, 0x0020, 0x0020, 0x0020, 0x0020, 0x0020, 0x0020, 0x0020, 0x0021, 0x0020,
  0x10A2, 0xD657, 0xFFBC, 0xC5D5, 0x4B6B, 0x9718, 0x96B7, 0x96F8, 0x6C90, 0xE698, 0xFF7B, 0xCE37,
  0x8C0E, 0x736C, 0x0000, 0x0021, 0x0020, 0x0020, 0x0020, 0x0020, 0x0020, 0x0020, 0x0020, 0x0020,
  0x0020, 0x0020, 0x0020, 0x0020, 0x0020, 0x0021, 0x0020, 0x0020, 0x0020, 0x0020, 0x0021, 0x0020,
  0x0020, 0x0020, 0x0020, 0x0020, 0x0020, 0x0020, 0x0020, 0x0020, 0x0020, 0x0020, 0x0020, 0x0020,
  0x0020, 0x0020, 0x0020, 0x0020, 0x0020, 0x0020, 0x0021, 0x0021, 0x0020, 0x0020, 0x0020, 0x0020,
  0x0020, 0x0020, 0x0020, 0x0020, 0x0020, 0x0020, 0x0020, 0x0020, 0x0021, 0x0020, 0x0020, 0x0020,
  0x0020, 0x0020, 0x0020, 0x0021, 0x0020, 0x0020, 0x0020, 0x0020, 0x0020, 0x0020, 0x0020, 0x0020,
  0x0020, 0x0021, 0x0020, 0x0020, 0x0020, 0x0020, 0x0020, 0x0020, 0x0021, 0x0020, 0x0020, 0x0020,
  0x0020, 0x0020, 0x0021, 0x0020, 0x0020, 0x0020, 0x0020, 0x0020, 0x0020, 0x0020, 0x0020, 0x0020,
  0x0020, 0x0020, 0x0020, 0x0021, 0x0020, 0x0020, 0x0021, 0x0021, 0x0020, 0x0020, 0x0020, 0x0020,
  0x0020, 0x0021, 0x0020, 0x0020, 0x0020, 0x0020, 0x0021, 0x0020, 0x0020, 0x0021, 0x0020, 0x0020,
  0x0020, 0x0020, 0x0020, 0x0020, 0x0020, 0x0020, 0x0020, 0x0020, 0x0020, 0x0020, 0x0021, 0x0021,
  0x0020, 0x0020, 0x0020, 0x0020, 0x0020, 0x0020, 0x0020, 0x0020, 0x0020, 0x0020, 0x0020, 0x0020,
  0x0020, 0x0020, 0x0041, 0x0000, 0xB574, 0xFFBC, 0xE698, 0x532B, 0x8E96, 0x96D7, 0x96B7, 0x96F8,
  0x6C90, 0xE698, 0xFF5B, 0xD637, 0x8BCE, 0x83CE, 0x0861, 0x0020, 0x0020, 0x0020, 0x0020, 0x0020,
  0x0020, 0x0020, 0x0020, 0x0021, 0x0020, 0x0020, 0x0020, 0x0020, 0x0020, 0x0020, 0x0020, 0x0020,
  0x0020, 0x0020, 0x0020, 0x0020, 0x0020, 0x0020, 0x0020, 0x0020, 0x0020, 0x0020, 0x0020, 0x0020,
  0x0020, 0x0021, 0x0020, 0x0020, 0x0020, 0x0020, 0x0020, 0x0020, 0x0020, 0x0020, 0x0020, 0x0021,
  0x0020, 0x0020, 0x0020, 0x0020, 0x0020, 0x0020, 0x0020, 0x0020, 0x0020, 0x0020, 0x0020, 0x0021,
  0x0020, 0x0020, 0x0020, 0x0020, 0x0020, 0x0020, 0x0020, 0x0020, 0x0020, 0x0021, 0x0020, 0x0020,
  0x0020, 0x0020, 0x0020, 0x0020, 0x0020, 0x0021, 0x0020, 0x0020, 0x0020, 0x0020, 0x0020, 0x0020,
  0x0020, 0x0021, 0x0020, 0x0020, 0x0020, 0x0020, 0x0020, 0x0020, 0x0020, 0x0020, 0x0020, 0x0020,
  0x0020, 0x0020, 0x0020, 0x0020, 0x0021, 0x0020, 0x0020, 0x0020, 0x0020, 0x0021, 0x0021, 0x0020,
  0x0020, 0x0020, 0x0020, 0x0020, 0x0020, 0x0020, 0x0021, 0x0021, 0x0021, 0x0020, 0x0020, 0x0021,
  0x0020, 0x0020, 0x0020, 0x0020, 0x0020, 0x0020, 0x0020, 0x0020, 0x0020, 0x0020, 0x0020, 0x0020,
  0x0020, 0x0020, 0x0020, 0x0020, 0x0020, 0x0020, 0x0021, 0x0020, 0x0021, 0x0020, 0x0020, 0x0020,
  0x0020, 0x0020, 0x0020, 0x0020, 0x0020, 0x0041, 0x0000, 0x83EE, 0xFF9B, 0xF73A, 0x634B, 0x75B3,
  0x9F18, 0x8EB7, 0x96B7, 0x96F8, 0x6C6F, 0xE698, 0xF75B, 0xD637, 0x83CE, 0x942F, 0x18C3, 0x0000,
  0x0021, 0x0020, 0x0020, 0x0020, 0x0020, 0x0020, 0x0020, 0x0021, 0x0020, 0x0020, 0x0020, 0x0020,
  0x0020, 0x0020, 0x0020, 0x0021, 0x0020, 0x0020, 0x0020, 0x0020, 0x0020, 0x0020, 0x0020, 0x0020,
  0x0020, 0x0020, 0x0020, 0x0020, 0x0020, 0x0020, 0x0020, 0x0020, 0x0020, 0x0020, 0x0020, 0x0020,
  0x0020, 0x0020, 0x0020, 0x0020, 0x0020, 0x0020, 0x0020, 0x0020, 0x0020, 0x0020, 0x0020, 0x0020,
  0x0020, 0x0020, 0x0020, 0x0020, 0x0020, 0x0020, 0x0020, 0x0020, 0x0020, 0x0020, 0x0020, 0x0020,
  0x0020, 0x0020, 0x0020, 0x0020, 0x0020, 0x0020, 0x0020, 0x0020, 0x0020, 0x0020, 0x0020, 0x0020,
  0x0020, 0x0020, 0x0020, 0x0020, 0x0020, 0x0020, 0x0020, 0x0020, 0x0021, 0x0020, 0x0020, 0x0020,
  0x0020, 0x0020, 0x0021, 0x0021, 0x0020, 0x0020, 0x0020, 0x0020, 0x0020, 0x0020, 0x0020, 0x0020,
  0x0020, 0x0020, 0x0020, 0x0020, 0x0020, 0x0020, 0x0020, 0x0020, 0x0021, 0x0020, 0x0020, 0x0020,
  0x0020, 0x0020, 0x0020, 0x0020, 0x0020, 0x0021, 0x0020, 0x0020, 0x0020, 0x0020, 0x0020, 0x0020,
  0x0020, 0x0020, 0x0020, 0x0020, 0x0020, 0x0020, 0x0020, 0x0020, 0x0020, 0x0020, 0x0020, 0x0020,
  0x0020, 0x0020, 0x0020, 0x0020, 0x0020, 0x0020, 0x0020, 0x0020, 0x0021, 0x0000, 0x52A9, 0xFF7B,
  0xF71A, 0x840E, 0x6511, 0x9F18, 0x8E97, 0x96B7, 0x96B7, 0x96F8, 0x6C6F, 0xE698, 0xF75B, 0xD637,
  0x83CD, 0x9C50, 0x2945, 0x0000, 0x0021, 0x0020, 0x0020, 0x0020, 0x0020, 0x0020, 0x0021, 0x0020,
  0x0020, 0x0020, 0x0021, 0x0020, 0x0020, 0x0020, 0x0020, 0x0020, 0x0020, 0x0020, 0x0021, 0x0020,
  0x0020, 0x0020, 0x0020, 0x0020, 0x0020, 0x0020, 0x0020, 0x0020, 0x0020, 0x0020, 0x0020, 0x0020,
  0x0020, 0x0020, 0x0020, 0x0021, 0x0020, 0x0020, 0x0020, 0x0020, 0x0020, 0x0020, 0x0020, 0x0020,
  0x0020, 0x0020, 0x0020, 0x0020, 0x0020, 0x0020, 0x0020, 0x0020, 0x0020, 0x0020, 0x0020, 0x0020,
  0x0020, 0x0020, 0x0020, 0x0020, 0x0020, 0x0020, 0x0020, 0x0020, 0x0020, 0x0020, 0x0020, 0x0020,
  0x0020, 0x0020, 0x0020, 0x0020, 0x0020, 0x0020, 0x0020, 0x0020, 0x0020, 0x0020, 0x0020, 0x0020,
  0x0020, 0x0020, 0x0020, 0x0020, 0x0020, 0x0020, 0x0020, 0x0020, 0x0020, 0x0020, 0x0020, 0x0020,
  0x0020, 0x0020, 0x0021, 0x0020, 0x0020, 0x0020, 0x0020, 0x0020, 0x0020, 0x0021, 0x0020, 0x0021,
  0x0021, 0x0021, 0x0020, 0x0020, 0x0020, 0x0020, 0x0020, 0x0020, 0x0020, 0x0020, 0x0020, 0x0020,
  0x0020, 0x0020, 0x0020, 0x0020, 0x0020, 0x0020, 0x0020, 0x0021, 0x0020, 0x0020, 0x0020, 0x0020,
  0x0020, 0x0021, 0x0021, 0x0020, 0x0020, 0x0020, 0x0020, 0x0020, 0x0020, 0x0020, 0x0020, 0x0021,
  0x0000, 0x18C2, 0xDE98, 0xFF7B, 0xE6D9, 0x5B6C, 0x7DF4, 0x96B7, 0x8E97, 0x96B7, 0x8EB7, 0x8EF7,
  0x6C8F, 0xE698, 0xF75B, 0xD637, 0x83CD, 0x9C70, 0x41E7, 0x0000, 0x0021, 0x0020, 0x0020, 0x0020,
  0x0020, 0x0020, 0x0021, 0x0020, 0x0021, 0x0020, 0x0020, 0x0020, 0x0020, 0x0020, 0x0020, 0x0020,
  0x0020, 0x0020, 0x0020, 0x0020, 0x0020, 0x0020, 0x0020, 0x0020, 0x0020, 0x0021, 0x0020, 0x0020,
  0x0020, 0x0020, 0x0020, 0x0021, 0x0020, 0x0020, 0x0020, 0x0020, 0x0020, 0x0021, 0x0020, 0x0020,
  0x0020, 0x0020, 0x0020, 0x0020, 0x0020, 0x0020, 0x0020, 0x0020, 0x0020, 0x0020, 0x0020, 0x0020,
  0x0020, 0x0020, 0x0020, 0x0020, 0x0020, 0x0020, 0x0020, 0x0020, 0x0020, 0x0021, 0x0020, 0x0020,
  0x0020, 0x0020, 0x0020, 0x0020, 0x0020, 0x0020, 0x0020, 0x0020, 0x0020, 0x0020, 0x0020, 0x0020,
  0x0020, 0x0020, 0x0020, 0x0021, 0x0020, 0x0020, 0x0021, 0x0020, 0x0020, 0x0020, 0x0021, 0x0020,
  0x0021, 0x0020, 0x0020, 0x0020, 0x0020, 0x0021, 0x0020, 0x0020, 0x0020, 0x0020, 0x0020, 0x0020,
  0x0020, 0x0020, 0x0020, 0x0020, 0x0020, 0x0020, 0x0020, 0x0021, 0x0020, 0x0020, 0x0020, 0x0020,
  0x0020, 0x0021, 0x0020, 0x0020, 0x0020, 0x0020, 0x0021, 0x0020, 0x0020, 0x0020, 0x0020, 0x0020,
  0x0020, 0x0020, 0x0020, 0x0020, 0x0020, 0x0020, 0x0020, 0x0020, 0x0020, 0x0020, 0x0020, 0x0020,
  0x0020, 0x0020, 0x0020, 0x0021, 0x0000, 0x20E3, 0x732B, 0xA4D1, 0xEEF9, 0xEED9, 0x5BCD, 0x96B7,
  0x9ED8, 0x96B7, 0x96D8, 0x8ED7, 0x6C6F, 0xE698, 0xF75A, 0xD637, 0x83CD, 0x9C70, 0x5AA9, 0x0000,
  0x0021, 0x0020, 0x0020, 0x0020, 0x0020, 0x0020, 0x0020, 0x0020, 0x0020, 0x0020, 0x0020, 0x0020,
  0x0020, 0x0020, 0x0020, 0x0020, 0x0021, 0x0020, 0x0020, 0x0020, 0x0020, 0x0020, 0x0020, 0x0020,
  0x0020, 0x0020, 0x0020, 0x0020, 0x0020, 0x0021, 0x0020, 0x0020, 0x0020, 0x0020, 0x0020, 0x0020,
  0x0020, 0x0020, 0x0020, 0x0020, 0x0020, 0x0020, 0x0020, 0x0020, 0x0020, 0x0020, 0x0020, 0x0020,
  0x0020, 0x0020, 0x0020, 0x0020, 0x0020, 0x0020, 0x0020, 0x0020, 0x0020, 0x0020, 0x0020, 0x0020,
  0x0021, 0x0021, 0x0020, 0x0020, 0x0020, 0x0020, 0x0020, 0x0020, 0x0021, 0x0021, 0x0020, 0x0020,
  0x0020, 0x0020, 0x0020, 0x0020, 0x0021, 0x0020, 0x0020, 0x0020, 0x0021, 0x0020, 0x0020, 0x0021,
  0x0021, 0x0020, 0x0021, 0x0020, 0x0020, 0x0020, 0x0020, 0x0020, 0x0020, 0x0020, 0x0020, 0x0020,
  0x0020, 0x0020, 0x0020, 0x0020, 0x0020, 0x0020, 0x0020, 0x0020, 0x0020, 0x0020, 0x0020, 0x0021,
  0x0020, 0x0020, 0x0020, 0x0020, 0x0020, 0x0021, 0x0020, 0x0020, 0x0020, 0x0020, 0x0020, 0x0020,
  0x0020, 0x0020, 0x0020, 0x0020, 0x0020, 0x0020, 0x0020, 0x0021, 0x0020, 0x0020, 0x0020, 0x0020,
  0x0020, 0x0020, 0x0020, 0x0020, 0x0020, 0x0020, 0x0020, 0x0021, 0x0020, 0x1061, 0x5268, 0x5AA9,
  0x8C0F, 0xE698, 0x640E, 0x7E75, 0x8E96, 0x9EB7, 0x7593, 0x8ED7, 0x74D1, 0xE698, 0xF75A, 0xD637,
  0x83CD, 0x9C70, 0x734C, 0x0000, 0x0020, 0x0020, 0x0020, 0x0020, 0x0020, 0x0020, 0x0020, 0x0020,
  0x0020, 0x0020, 0x0020, 0x0020, 0x0020, 0x0020, 0x0020, 0x0020, 0x0020, 0x0020, 0x0020, 0x0020,
  0x0020, 0x0020, 0x0020, 0x0020, 0x0020, 0x0021, 0x0020, 0x0020, 0x0020, 0x0020, 0x0020, 0x0020,
  0x0020, 0x0020, 0x0020, 0x0020, 0x0020, 0x0020, 0x0020, 0x0020, 0x0021, 0x0020, 0x0020, 0x0020,
  0x0020, 0x0020, 0x0020, 0x0020, 0x0020, 0x0020, 0x0020, 0x0020, 0x0020, 0x0020, 0x0020, 0x0020,
  0x0020, 0x0020, 0x0020, 0x0020, 0x0020, 0x0020, 0x0020, 0x0020, 0x0020, 0x0020, 0x0020, 0x0020,
  0x0020, 0x0020, 0x0020, 0x0020, 0x0020, 0x0020, 0x0020, 0x0020, 0x0020, 0x0020, 0x0020, 0x0020,
  0x0020, 0x0020, 0x0020, 0x0021, 0x0021, 0x0021, 0x0020, 0x0020, 0x0020, 0x0020, 0x0020, 0x0020,
  0x0020, 0x0020, 0x0020, 0x0020, 0x0020, 0x0020, 0x0020, 0x0020, 0x0020, 0x0020, 0x0020, 0x0020,
  0x0020, 0x0020, 0x0020, 0x0020, 0x0020, 0x0020, 0x0020, 0x0020, 0x0020, 0x0021, 0x0020, 0x0020,
  0x0020, 0x0020, 0x0020, 0x0020, 0x0020, 0x0020, 0x0020, 0x0020, 0x0020, 0x0020, 0x0020, 0x0020,
  0x0020, 0x0020, 0x0020, 0x0020, 0x0020, 0x0020, 0x0020, 0x0020, 0x0020, 0x0020, 0x0020, 0x0020,
  0x0021, 0x0000, 0x0841, 0x2924, 0x6B0B, 0xEEB8, 0x642E, 0x7655, 0x7E76, 0x6552, 0x73EE, 0x74B0,
  0x536C, 0xE6B9, 0xF75A, 0xCE36, 0x83CD, 0x944F, 0x83AD, 0x0841, 0x0000, 0x0020, 0x0020, 0x0020,
  0x0020, 0x0020, 0x0020, 0x0020, 0x0020, 0x0020, 0x0020, 0x0020, 0x0020, 0x0020, 0x0020, 0x0020,
  0x0020, 0x0020, 0x0020, 0x0020, 0x0020, 0x0020, 0x0020, 0x0020, 0x0020, 0x0020, 0x0020, 0x0020,
  0x0020, 0x0020, 0x0020, 0x0020, 0x0020, 0x0020, 0x0020, 0x0020, 0x0020, 0x0020, 0x0020, 0x0020,
  0x0021, 0x0020, 0x0020, 0x0020, 0x0020, 0x0020, 0x0020, 0x0020, 0x0020, 0x0020, 0x0020, 0x0020,
  0x0020, 0x0020, 0x0020, 0x0020, 0x0020, 0x0020, 0x0020, 0x0020, 0x0020, 0x0020, 0x0020, 0x0020,
  0x0020, 0x0020, 0x0020, 0x0021, 0x0020, 0x0020, 0x0020, 0x0020, 0x0020, 0x0020, 0x0020, 0x0020,
  0x0020, 0x0020, 0x0020, 0x0021, 0x0020, 0x0020, 0x0021, 0x0020, 0x0020, 0x0020, 0x0020, 0x0020,
  0x0020, 0x0020, 0x0020, 0x0020, 0x0020, 0x0020, 0x0021, 0x0020, 0x0020, 0x0020, 0x0020, 0x0020,
  0x0020, 0x0020, 0x0020, 0x0020, 0x0020, 0x0020, 0x0020, 0x0020, 0x0021, 0x0020, 0x0020, 0x0020,
  0x0020, 0x0021, 0x0020, 0x0020, 0x0020, 0x0020, 0x0020, 0x0020, 0x0020, 0x0020, 0x0020, 0x0020,
  0x0020, 0x0020, 0x0021, 0x0020, 0x0020, 0x0020, 0x0020, 0x0020, 0x0020, 0x0020, 0x0020, 0x0020,
  0x0020, 0x0020, 0x0020, 0x0020, 0x0020, 0x0021, 0x0841, 0x0861, 0x4A49, 0xEEF9, 0x5BEE, 0x7E55,
  0x8696, 0x5D10, 0xBDD5, 0xF71A, 0xBDD5, 0xEEF9, 0xF73A, 0xD637, 0x83CD, 0x8C0F, 0x942F, 0x18C2,
  0x0000, 0x0020, 0x0020, 0x0020, 0x0020, 0x0020, 0x0020, 0x0020, 0x0020, 0x0021, 0x0020, 0x0020,
  0x0020, 0x0020, 0x0020, 0x0020, 0x0020, 0x0021, 0x0020, 0x0020, 0x0020, 0x0020, 0x0020, 0x0020,
  0x0020, 0x0021, 0x0020, 0x0020, 0x0020, 0x0020, 0x0020, 0x0020, 0x0020, 0x0020, 0x0020, 0x0020,
  0x0020, 0x0020, 0x0021, 0x0020, 0x0020, 0x0020, 0x0021, 0x0021, 0x0020, 0x0020, 0x0020, 0x0020,
  0x0020, 0x0020, 0x0020, 0x0020, 0x0021, 0x0020, 0x0020, 0x0020, 0x0020, 0x0020, 0x0020, 0x0020,
  0x0020, 0x0020, 0x0020, 0x0020, 0x0020, 0x0020, 0x0020, 0x0020, 0x0020, 0x0020, 0x0021, 0x0020,
  0x0020, 0x0020, 0x0020, 0x0020, 0x0020, 0x0020, 0x0020, 0x0020, 0x0021, 0x0020, 0x0021, 0x0021,
  0x0020, 0x0020, 0x0020, 0x0020, 0x0021, 0x0020, 0x0020, 0x0020, 0x0020, 0x0020, 0x0021, 0x0020,
  0x0020, 0x0020, 0x0021, 0x0020, 0x0020, 0x0020, 0x0020, 0x0021, 0x0020, 0x0020, 0x0020, 0x0020,
  0x0020, 0x0020, 0x0020, 0x0020, 0x0020, 0x0021, 0x0020, 0x0020, 0x0020, 0x0020, 0x0021, 0x0020,
  0x0020, 0x0020, 0x0020, 0x0020, 0x0020, 0x0020, 0x0020, 0x0020, 0x0020, 0x0020, 0x0020, 0x0020,
  0x0020, 0x0020, 0x0020, 0x0020, 0x0020, 0x0020, 0x0020, 0x0020, 0x0020, 0x0020, 0x0841, 0x3165,
  0x52AA, 0xE6B8, 0x5BEE, 0x7E75, 0x8696, 0x5D11, 0xB553, 0xEF19, 0xF73A, 0xF73A, 0xF73A, 0xCE16,
  0x83CD, 0x944F, 0x944F, 0x2103, 0x0000, 0x0021, 0x0020, 0x0020, 0x0020, 0x0020, 0x0020, 0x0020,
  0x0020, 0x0021, 0x0020, 0x0020, 0x0020, 0x0020, 0x0020, 0x0020, 0x0020, 0x0020, 0x0020, 0x0020,
  0x0020, 0x0021, 0x0020, 0x0020, 0x0020, 0x0020, 0x0020, 0x0021, 0x0020, 0x0021, 0x0020, 0x0020,
  0x0020, 0x0020, 0x0021, 0x0020, 0x0020, 0x0020, 0x0020, 0x0020, 0x0020, 0x0020, 0x0020, 0x0021,
  0x0020, 0x0020, 0x0020, 0x0020, 0x0020, 0x0020, 0x0021, 0x0020, 0x0020, 0x0020, 0x0020, 0x0020,
  0x0020, 0x0020, 0x0020, 0x0020, 0x0020, 0x0020, 0x0020, 0x0020, 0x0020, 0x0020, 0x0021, 0x0020,
  0x0020, 0x0020, 0x0020, 0x0020, 0x0020, 0x0020, 0x0020, 0x0020, 0x0021, 0x0020, 0x0020, 0x0020,
  0x0020, 0x0021, 0x0020, 0x0021, 0x0020, 0x0020, 0x0020, 0x0020, 0x0020, 0x0021, 0x0020, 0x0020,
  0x0020, 0x0020, 0x0020, 0x0020, 0x0020, 0x0020, 0x0020, 0x0020, 0x0020, 0x0020, 0x0020, 0x0020,
  0x0020, 0x0020, 0x0020, 0x0020, 0x0021, 0x0020, 0x0020, 0x0020, 0x0020, 0x0020, 0x0020, 0x0020,
  0x0020, 0x0020, 0x0020, 0x0020, 0x0020, 0x0020, 0x0020, 0x0020, 0x0020, 0x0020, 0x0021, 0x0021,
  0x0020, 0x0020, 0x0021, 0x0020, 0x0020, 0x0020, 0x0020, 0x0020, 0x0021, 0x0020, 0x0020, 0x0020,
  0x0020, 0x0020, 0x0841, 0x4207, 0x5AAA, 0xE698, 0x5C0E, 0x7E76, 0x8696, 0x5CF0, 0xBDD5, 0xBD94,
  0x5A89, 0xB553, 0xF73A, 0xD657, 0x8BEE, 0x83AD, 0x4207, 0x1082, 0x0000, 0x0020, 0x0020, 0x0020,
  0x0020, 0x0020, 0x0020, 0x0020, 0x0020, 0x0020, 0x0020, 0x0020, 0x0020, 0x0021, 0x0020, 0x0020,
  0x0020, 0x0020, 0x0020, 0x0020, 0x0021, 0x0020, 0x0020, 0x0021, 0x0020, 0x0021, 0x0021, 0x0021,
  0x0021, 0x0020, 0x0020, 0x0020, 0x0020, 0x0020, 0x0020, 0x0021, 0x0020, 0x0020, 0x0020, 0x0020,
  0x0021, 0x0020, 0x0020, 0x0020, 0x0020, 0x0020, 0x0020, 0x0020, 0x0020, 0x0020, 0x0020, 0x0021,
  0x0020, 0x0021, 0x0020, 0x0020, 0x0020, 0x0020, 0x0020, 0x0020, 0x0020, 0x0020, 0x0020, 0x0020,
  0x0020, 0x0020, 0x0020, 0x0020, 0x0020, 0x0020, 0x0020, 0x0020, 0x0020, 0x0020, 0x0020, 0x0021,
  0x0020, 0x0020, 0x0020, 0x0020, 0x0020, 0x0021, 0x0020, 0x0021, 0x0021, 0x0021, 0x0020, 0x0020,
  0x0020, 0x0021, 0x0020, 0x0020, 0x0020, 0x0020, 0x0020, 0x0020, 0x0020, 0x0021, 0x0020, 0x0020,
  0x0020, 0x0020, 0x0020, 0x0021, 0x0020, 0x0020, 0x0020, 0x0020, 0x0021, 0x0020, 0x0020, 0x0020,
  0x0020, 0x0020, 0x0021, 0x0020, 0x0020, 0x0020, 0x0020, 0x0020, 0x0020, 0x0020, 0x0020, 0x0020,
  0x0020, 0x0020, 0x0021, 0x0020, 0x0020, 0x0020, 0x0020, 0x0020, 0x0020, 0x0020, 0x0020, 0x0020,
  0x0020, 0x0020, 0x0020, 0x0020, 0x0020, 0x0020, 0x0861, 0x41E7, 0x5AAA, 0xE698, 0x5BED, 0x7E76,
  0x8696, 0x5CF0, 0xBDB4, 0xBD74, 0x41E7, 0x5289, 0x6B2B, 0x9470, 0x5289, 0x2965, 0x2945, 0x0861,
  0x0020, 0x0020, 0x0020, 0x0020, 0x0020, 0x0020, 0x0020, 0x0020, 0x0020, 0x0020, 0x0020, 0x0020,
  0x0020, 0x0020, 0x0020, 0x0020, 0x0020, 0x0020, 0x0020, 0x0020, 0x0020, 0x0020, 0x0020, 0x0021,
  0x0020, 0x0020, 0x0020, 0x0020, 0x0020, 0x0020, 0x0020, 0x0021, 0x0020, 0x0020, 0x0021, 0x0020,
  0x0020, 0x0020, 0x0020, 0x0020, 0x0021, 0x0020, 0x0020, 0x0020, 0x0020, 0x0020, 0x0020, 0x0020,
  0x0020, 0x0021, 0x0021, 0x0020, 0x0021, 0x0021, 0x0020, 0x0020, 0x0020, 0x0020, 0x0020, 0x0020,
  0x0020, 0x0020, 0x0020, 0x0021, 0x0020, 0x0020, 0x0020, 0x0020, 0x0021, 0x0021, 0x0020, 0x0020,
  0x0020, 0x0020, 0x0020, 0x0020, 0x0020, 0x0021, 0x0020, 0x0020, 0x0020, 0x0020, 0x0020, 0x0021,
  0x0020, 0x0020, 0x0020, 0x0020, 0x0021, 0x0020, 0x0021, 0x0020, 0x0020, 0x0020, 0x0020, 0x0021,
  0x0020, 0x0021, 0x0020, 0x0020, 0x0020, 0x0020, 0x0021, 0x0020, 0x0020, 0x0020, 0x0021, 0x0021,
  0x0020, 0x0020, 0x0020, 0x0020, 0x0020, 0x0020, 0x0020, 0x0020, 0x0020, 0x0020, 0x0021, 0x0020,
  0x0020, 0x0020, 0x0020, 0x0021, 0x0020, 0x0020, 0x0020, 0x0020, 0x0020, 0x0020, 0x0020, 0x0020,
  0x0020, 0x0020, 0x0020, 0x0020, 0x0020, 0x0020, 0x0021, 0x0041, 0x0041, 0x0041, 0x0861, 0x39E7,
  0x5AAA, 0xE698, 0x5BED, 0x7E76, 0x8696, 0x5D11, 0xBD94, 0xC5B4, 0x2124, 0x3185, 0x4A48, 0x41E7,
  0x2124, 0x18E3, 0x1082, 0x0020, 0x0021, 0x0041, 0x0041, 0x0021, 0x0021, 0x0020, 0x0020, 0x0020,
  0x0020, 0x0020, 0x0020, 0x0020, 0x0020, 0x0020, 0x0020, 0x0020, 0x0020, 0x0020, 0x0020, 0x0020,
  0x0020, 0x0020, 0x0020, 0x0020, 0x0021, 0x0020, 0x0020, 0x0020, 0x0020, 0x0021, 0x0020, 0x0020,
  0x0020, 0x0021, 0x0021, 0x0020, 0x0020, 0x0021, 0x0020, 0x0020, 0x0020, 0x0020, 0x0020, 0x0021,
  0x0020, 0x0020, 0x0020, 0x0021, 0x0020, 0x0021, 0x0020, 0x0021, 0x0021, 0x0020, 0x0020, 0x0020,
  0x0020, 0x0020, 0x0020, 0x0020, 0x0020, 0x0020, 0x0020, 0x0021, 0x0020, 0x0020, 0x0020, 0x0020,
  0x0020, 0x0020, 0x0021, 0x0020, 0x0020, 0x0020, 0x0020, 0x0020, 0x0020, 0x0020, 0x0020, 0x0020,
  0x0020, 0x0021, 0x0020, 0x0020, 0x0020, 0x0020, 0x0020, 0x0021, 0x0020, 0x0020, 0x0021, 0x0020,
  0x0021, 0x0020, 0x0020, 0x0020, 0x0020, 0x0020, 0x0020, 0x0020, 0x0020, 0x0021, 0x0020, 0x0020,
  0x0021, 0x0021, 0x0020, 0x0020, 0x0020, 0x0020, 0x0020, 0x0020, 0x0020, 0x0020, 0x0020, 0x0021,
  0x0020, 0x0020, 0x0020, 0x0020, 0x0020, 0x0020, 0x0020, 0x0020, 0x0020, 0x0020, 0x0020, 0x0020,
  0x0020, 0x0020, 0x0020, 0x0020, 0x0020, 0x0020, 0x0021, 0x0041, 0x0041, 0x0020, 0x0000, 0x0000,
  0x0000, 0x0000, 0x0020, 0x41E7, 0x5AAA, 0xE677, 0x5BED, 0x7E76, 0x8696, 0x5D11, 0xBD94, 0xC5B5,
  0x2924, 0x18C3, 0x2104, 0x2924, 0x1082, 0x1082, 0x2104, 0x0861, 0x0000, 0x0000, 0x0000, 0x0000,
  0x0000, 0x0020, 0x0041, 0x0041, 0x0021, 0x0020, 0x0020, 0x0020, 0x0020, 0x0020, 0x0020, 0x0020,
  0x0020, 0x0020, 0x0020, 0x0020, 0x0020, 0x0020, 0x0020, 0x0020, 0x0021, 0x0020, 0x0020, 0x0020,
  0x0020, 0x0020, 0x0020, 0x0020, 0x0020, 0x0020, 0x0020, 0x0021, 0x0020, 0x0020, 0x0020, 0x0021,
  0x0020, 0x0020, 0x0021, 0x0021, 0x0021, 0x0020, 0x0020, 0x0020, 0x0020, 0x0021, 0x0020, 0x0020,
  0x0021, 0x0020, 0x0020, 0x0020, 0x0020, 0x0020, 0x0020, 0x0020, 0x0020, 0x0020, 0x0021, 0x0020,
  0x0020, 0x0020, 0x0020, 0x0021, 0x0020, 0x0020, 0x0021, 0x0021, 0x0020, 0x0020, 0x0020, 0x0020,
  0x0020, 0x0020, 0x0020, 0x0020, 0x0020, 0x0020, 0x0020, 0x0020, 0x0020, 0x0021, 0x0021, 0x0020,
  0x0020, 0x0021, 0x0020, 0x0020, 0x0020, 0x0021, 0x0020, 0x0020, 0x0020, 0x0020, 0x0020, 0x0021,
  0x0020, 0x0020, 0x0020, 0x0020, 0x0021, 0x0020, 0x0020, 0x0020, 0x0020, 0x0020, 0x0020, 0x0021,
  0x0020, 0x0020, 0x0021, 0x0020, 0x0020, 0x0021, 0x0020, 0x0020, 0x0020, 0x0020, 0x0020, 0x0020,
  0x0020, 0x0020, 0x0020, 0x0020, 0x0020, 0x0020, 0x0020, 0x0020, 0x0021, 0x0041, 0x0000, 0x0000,
  0x0000, 0x0020, 0x2103, 0x4A27, 0x6B2B, 0x9C90, 0x4A48, 0x31A6, 0x5ACA, 0xE697, 0x5BED, 0x7E76,
  0x8696, 0x5D11, 0xBD94, 0xC594, 0x2924, 0x31A6, 0x39E7, 0x2104, 0x18E3, 0x2965, 0x2945, 0x18C3,
  0xA4D1, 0x944F, 0x6B2B, 0x4207, 0x20E3, 0x0020, 0x0000, 0x0000, 0x0000, 0x0041, 0x0041, 0x0020,
  0x0020, 0x0020, 0x0020, 0x0020, 0x0020, 0x0020, 0x0020, 0x0020, 0x0020, 0x0020, 0x0020, 0x0020,
  0x0020, 0x0020, 0x0020, 0x0020, 0x0020, 0x0020, 0x0021, 0x0020, 0x0020, 0x0020, 0x0021, 0x0020,
  0x0021, 0x0020, 0x0020, 0x0020, 0x0020, 0x0020, 0x0020, 0x0020, 0x0020, 0x0020, 0x0020, 0x0021,
  0x0020, 0x0020, 0x0021, 0x0020, 0x0020, 0x0020, 0x0020, 0x0020, 0x0020, 0x0020, 0x0020, 0x0020,
  0x0020, 0x0020, 0x0020, 0x0020, 0x0020, 0x0020, 0x0020, 0x0020, 0x0021, 0x0020, 0x0020, 0x0020,
  0x0020, 0x0020, 0x0020, 0x0020, 0x0021, 0x0020, 0x0020, 0x0020, 0x0020, 0x0020, 0x0020, 0x0020,
  0x0020, 0x0020, 0x0020, 0x0020, 0x0020, 0x0020, 0x0020, 0x0021, 0x0021, 0x0020, 0x0020, 0x0020,
  0x0020, 0x0020, 0x0020, 0x0020, 0x0020, 0x0020, 0x0020, 0x0021, 0x0020, 0x0020, 0x0020, 0x0020,
  0x0020, 0x0020, 0x0020, 0x0020, 0x0020, 0x0020, 0x0020, 0x0020, 0x0020, 0x0020, 0x0020, 0x0020,
  0x0020, 0x0020, 0x0020, 0x0020, 0x0020, 0x0020, 0x0020, 0x0020, 0x0020, 0x0021, 0x0041, 0x0000,
  0x0000, 0x0000, 0x10A2, 0x4A48, 0x8C2F, 0xBD94, 0xDE97, 0xF71A, 0xF73A, 0xFFDC, 0x6B2B, 0x2965,
  0x5ACA, 0xE697, 0x5BED, 0x7E75, 0x8696, 0x5D10, 0xBD94, 0xC5B4, 0x2103, 0x39C6, 0x5ACA, 0x41E7,
  0x2945, 0x3186, 0x2945, 0x2104, 0xF73A, 0xFFBC, 0xFF7B, 0xF73A, 0xE698, 0xC5B5, 0x8C2F, 0x5289,
  0x18E3, 0x0000, 0x0000, 0x0000, 0x0041, 0x0021, 0x0020, 0x0020, 0x0020, 0x0020, 0x0020, 0x0020,
  0x0020, 0x0020, 0x0020, 0x0020, 0x0020, 0x0020, 0x0020, 0x0020, 0x0020, 0x0021, 0x0020, 0x0020,
  0x0020, 0x0021, 0x0020, 0x0020, 0x0020, 0x0020, 0x0020, 0x0020, 0x0020, 0x0020, 0x0020, 0x0021,
  0x0021, 0x0020, 0x0020, 0x0021, 0x0021, 0x0020, 0x0020, 0x0020, 0x0020, 0x0020, 0x0020, 0x0020,
  0x0020, 0x0020, 0x0020, 0x0020, 0x0020, 0x0020, 0x0020, 0x0020, 0x0020, 0x0020, 0x0020, 0x0020,
  0x0020, 0x0020, 0x0020, 0x0020, 0x0020, 0x0020, 0x0020, 0x0020, 0x0020, 0x0020, 0x0020, 0x0020,
  0x0020, 0x0021, 0x0020, 0x0020, 0x0020, 0x0020, 0x0020, 0x0020, 0x0020, 0x0020, 0x0020, 0x0020,
  0x0021, 0x0020, 0x0020, 0x0020, 0x0020, 0x0020, 0x0021, 0x0020, 0x0021, 0x0020, 0x0020, 0x0020,
  0x0020, 0x0020, 0x0020, 0x0020, 0x0020, 0x0020, 0x0020, 0x0020, 0x0020, 0x0020, 0x0020, 0x0020,
  0x0020, 0x0020, 0x0020, 0x0020, 0x0020, 0x0020, 0x0020, 0x0020, 0x0020, 0x0020, 0x0020, 0x0021,
  0x0041, 0x0000, 0x0000, 0x1081, 0x5268, 0x9CB1, 0xD657, 0xF71A, 0xFF7B, 0xFF7B, 0xF71A, 0xDE98,
  0xC5B4, 0xA4F2, 0x39C6, 0x31A6, 0x5ACA, 0xE697, 0x5BED, 0x7E75, 0x7E96, 0x5CF0, 0xB594, 0xC594,
  0x2104, 0x39C7, 0x5ACA, 0x4A28, 0x2945, 0x2965, 0x2945, 0x18C3, 0xA4D1, 0xC5B5, 0xD636, 0xE6D9,
  0xF73A, 0xFF7B, 0xFF7B, 0xF73A, 0xDE98, 0xAD12, 0x62EA, 0x18C2, 0x0000, 0x0000, 0x0041, 0x0021,
  0x0020, 0x0020, 0x0020, 0x0020, 0x0020, 0x0020, 0x0020, 0x0020, 0x0020, 0x0020, 0x0020, 0x0020,
  0x0020, 0x0020, 0x0020, 0x0020, 0x0020, 0x0021, 0x0020, 0x0021, 0x0020, 0x0020, 0x0020, 0x0020,
  0x0020, 0x0020, 0x0020, 0x0020, 0x0020, 0x0020, 0x0021, 0x0020, 0x0020, 0x0021, 0x0020, 0x0020,
  0x0020, 0x0020, 0x0020, 0x0020, 0x0020, 0x0020, 0x0020, 0x0020, 0x0020, 0x0020, 0x0020, 0x0020,
  0x0020, 0x0020, 0x0020, 0x0020, 0x0020, 0x0021, 0x0020, 0x0020, 0x0020, 0x0020, 0x0020, 0x0020,
  0x0020, 0x0020, 0x0020, 0x0020, 0x0020, 0x0021, 0x0020, 0x0020, 0x0020, 0x0020, 0x0021, 0x0020,
  0x0020, 0x0020, 0x0020, 0x0020, 0x0020, 0x0021, 0x0020, 0x0020, 0x0020, 0x0020, 0x0020, 0x0020,
  0x0020, 0x0021, 0x0020, 0x0020, 0x0021, 0x0021, 0x0020, 0x0020, 0x0020, 0x0020, 0x0020, 0x0020,
  0x0020, 0x0020, 0x0020, 0x0020, 0x0020, 0x0020, 0x0020, 0x0020, 0x0020, 0x0020, 0x0020, 0x0020,
  0x0020, 0x0020, 0x0041, 0x0000, 0x0000, 0x2124, 0x83EE, 0xD636, 0xF73A, 0xFF5B, 0xFF5A, 0xEEF9,
  0xC5D5, 0x9470, 0x630B, 0x4228, 0x3186, 0x2945, 0x18C2, 0x39C7, 0x5ACA, 0xE677, 0x53CD, 0x7E75,
  0x8696, 0x5CF0, 0xBD94, 0xBD94, 0x2103, 0x39C6, 0x5ACA, 0x4A28, 0x2945, 0x2965, 0x2965, 0x10A2,
  0x62EA, 0x62EA, 0x62EA, 0x736C, 0x942F, 0xB533, 0xD657, 0xEEF9, 0xFF5B, 0xFF5B, 0xF75A, 0xDE98,
  0x9470, 0x3185, 0x0000, 0x0000, 0x0041, 0x0021, 0x0020, 0x0020, 0x0020, 0x0020, 0x0020, 0x0020,
  0x0020, 0x0020, 0x0020, 0x0020, 0x0020, 0x0020, 0x0020, 0x0020, 0x0020, 0x0020, 0x0020, 0x0020,
  0x0020, 0x0021, 0x0020, 0x0020, 0x0020, 0x0020, 0x0020, 0x0021, 0x0021, 0x0020, 0x0020, 0x0020,
  0x0020, 0x0020, 0x0021, 0x0020, 0x0020, 0x0020, 0x0020, 0x0021, 0x0020, 0x0020, 0x0020, 0x0020,
  0x0020, 0x0020, 0x0020, 0x0020, 0x0020, 0x0020, 0x0020, 0x0020, 0x0020, 0x0021, 0x0020, 0x0020,
  0x0020, 0x0020, 0x0020, 0x0020, 0x0021, 0x0020, 0x0021, 0x0021, 0x0020, 0x0020, 0x0020, 0x0020,
  0x0020, 0x0020, 0x0020, 0x0020, 0x0020, 0x0020, 0x0020, 0x0020, 0x0020, 0x0020, 0x0020, 0x0020,
  0x0020, 0x0020, 0x0020, 0x0020, 0x0020, 0x0021, 0x0021, 0x0020, 0x0020, 0x0020, 0x0020, 0x0020,
  0x0020, 0x0020, 0x0021, 0x0020, 0x0020, 0x0021, 0x0021, 0x0020, 0x0020, 0x0021, 0x0020, 0x0020,
  0x0020, 0x0020, 0x0020, 0x0020, 0x0041, 0x0000, 0x0000, 0x2945, 0x9C90, 0xE6B8, 0xF75A, 0xFF5A,
  0xF73A, 0xCE36, 0x9450, 0x5289, 0x2965, 0x2124, 0x2945, 0x31A6, 0x31A6, 0x3186, 0x18E3, 0x39E7,
  0x5ACA, 0xDE57, 0x53CD, 0x7E76, 0x8696, 0x5CF0, 0xB574, 0xC594, 0x2104, 0x39C6, 0x5AAA, 0x4A28,
  0x2945, 0x2965, 0x2965, 0x1082, 0x5A89, 0x734B, 0x7B8D, 0x7B8C, 0x732B, 0x62EA, 0x6B0B, 0x83CD,
  0xAD33, 0xDE78, 0xF71A, 0xF73A, 0xF75A, 0xEEF9, 0xA4D1, 0x39A6, 0x0000, 0x0000, 0x0041, 0x0020,
  0x0020, 0x0020, 0x0020, 0x0020, 0x0020, 0x0020, 0x0021, 0x0020, 0x0020, 0x0020, 0x0020, 0x0021,
  0x0021, 0x0020, 0x0020, 0x0020, 0x0020, 0x0020, 0x0020, 0x0020, 0x0020, 0x0020, 0x0020, 0x0020,
  0x0020, 0x0020, 0x0020, 0x0020, 0x0021, 0x0020, 0x0020, 0x0020, 0x0020, 0x0020, 0x0021, 0x0021,
  0x0020, 0x0020, 0x0020, 0x0020, 0x0020, 0x0021, 0x0021, 0x0020, 0x0021, 0x0020, 0x0020, 0x0020,
  0x0020, 0x0020, 0x0020, 0x0020, 0x0020, 0x0020, 0x0020, 0x0020, 0x0021, 0x0020, 0x0020, 0x0020,
  0x0020, 0x0020, 0x0020, 0x0020, 0x0020, 0x0020, 0x0020, 0x0020, 0x0020, 0x0020, 0x0020, 0x0020,
  0x0020, 0x0020, 0x0020, 0x0020, 0x0021, 0x0020, 0x0020, 0x0020, 0x0021, 0x0020, 0x0020, 0x0021,
  0x0020, 0x0020, 0x0020, 0x0020, 0x0020, 0x0020, 0x0020, 0x0020, 0x0020, 0x0020, 0x0020, 0x0020,
  0x0020, 0x0021, 0x0020, 0x0020, 0x0020, 0x0020, 0x0020, 0x0841, 0x0000, 0x10A2, 0x8C2F, 0xEEF9,
  0xF75A, 0xF71A, 0xEF19, 0xBD94, 0x6B2C, 0x3186, 0x2124, 0x3186, 0x31A6, 0x3186, 0x2124, 0x18C3,
  0x1082, 0x10A2, 0x10A2, 0x39C7, 0x5AAA, 0xE657, 0x53AC, 0x7635, 0x8696, 0x5CD0, 0xB553, 0xBD94,
  0x2104, 0x39C7, 0x5AAA, 0x4A28, 0x2945, 0x2965, 0x2965, 0x0861, 0x2103, 0x2924, 0x3165, 0x41E6,
  0x5A89, 0x732B, 0x7B8D, 0x7B6C, 0x6AEA, 0x6B0B, 0x9470, 0xCE16, 0xEEF9, 0xEEF9, 0xF73A, 0xF71A,
  0x9470, 0x18E3, 0x0000, 0x0041, 0x0021, 0x0020, 0x0020, 0x0020, 0x0020, 0x0020, 0x0020, 0x0020,
  0x0021, 0x0020, 0x0020, 0x0020, 0x0021, 0x0020, 0x0020, 0x0020, 0x0020, 0x0021, 0x0020, 0x0020,
  0x0020, 0x0020, 0x0020, 0x0020, 0x0020, 0x0021, 0x0020, 0x0021, 0x0020, 0x0020, 0x0020, 0x0020,
  0x0021, 0x0021, 0x0020, 0x0020, 0x0020, 0x0020, 0x0020, 0x0020, 0x0020, 0x0021, 0x0020, 0x0020,
  0x0021, 0x0021, 0x0020, 0x0021, 0x0021, 0x0020, 0x0020, 0x0020, 0x0020, 0x0020, 0x0021, 0x0021,
  0x0020, 0x0020, 0x0020, 0x0020, 0x0020, 0x0020, 0x0020, 0x0020, 0x0020, 0x0020, 0x0020, 0x0020,
  0x0020, 0x0020, 0x0021, 0x0020, 0x0020, 0x0020, 0x0020, 0x0020, 0x0020, 0x0020, 0x0020, 0x0020,
  0x0020, 0x0021, 0x0021, 0x0020, 0x0020, 0x0021, 0x0021, 0x0020, 0x0020, 0x0020, 0x0020, 0x0020,
  0x0020, 0x0020, 0x0020, 0x0020, 0x0020, 0x0020, 0x0020, 0x0020, 0x0020, 0x0021, 0x0020, 0x0000,
  0x5289, 0xDE77, 0xFF7B, 0xEEF9, 0xF73A, 0xCDF6, 0x630B, 0x2124, 0x2124, 0x31A6, 0x3186, 0x2103,
  0x10A2, 0x10A2, 0x18C3, 0x2125, 0x31C7, 0x4A69, 0x2945, 0x31A6, 0x5AA9, 0xDE57, 0x4BAC, 0x5552,
  0x65B3, 0x4C8F, 0xBD94, 0xBD74, 0x2103, 0x39C6, 0x5AAA, 0x4A28, 0x2945, 0x2966, 0x2965, 0x1082,
  0x4A49, 0x4A69, 0x4208, 0x31A6, 0x2965, 0x2924, 0x3165, 0x5248, 0x6B2B, 0x7B8D, 0x732B, 0x62CA,
  0x944F, 0xD677, 0xF73A, 0xE6D8, 0xF75A, 0xE698, 0x5AAA, 0x0000, 0x0020, 0x0021, 0x0020, 0x0020,
  0x0020, 0x0020, 0x0020, 0x0020, 0x0020, 0x0020, 0x0020, 0x0020, 0x0020, 0x0020, 0x0020, 0x0020,
  0x0020, 0x0020, 0x0020, 0x0020, 0x0020, 0x0021, 0x0020, 0x0020, 0x0020, 0x0020, 0x0020, 0x0020,
  0x0020, 0x0020, 0x0020, 0x0020, 0x0021, 0x0020, 0x0020, 0x0020, 0x0020, 0x0020, 0x0020, 0x0020,
  0x0020, 0x0020, 0x0020, 0x0020, 0x0020, 0x0021, 0x0020, 0x0020, 0x0020, 0x0020, 0x0020, 0x0020,
  0x0020, 0x0020, 0x0020, 0x0020, 0x0020, 0x0020, 0x0020, 0x0020, 0x0020, 0x0020, 0x0020, 0x0020,
  0x0021, 0x0021, 0x0020, 0x0021, 0x0020, 0x0020, 0x0020, 0x0020, 0x0020, 0x0020, 0x0020, 0x0020,
  0x0020, 0x0020, 0x0020, 0x0020, 0x0020, 0x0020, 0x0020, 0x0020, 0x0020, 0x0020, 0x0020, 0x0021,
  0x0021, 0x0020, 0x0020, 0x0020, 0x0020, 0x0020, 0x0020, 0x0020, 0x0020, 0x0020, 0x0020, 0x0020,
  0x0041, 0x0000, 0x0841, 0x9490, 0xFF7B, 0xEEF9, 0xEF19, 0xEEF9, 0x7BCE, 0x2945, 0x2965, 0x39C7,
  0x2924, 0x10A2, 0x10A2, 0x18E4, 0x2986, 0x4208, 0x4A69, 0x528A, 0x5269, 0x528A, 0x2945, 0x39A6,
  0x5AAA, 0xDE36, 0x4B6C, 0x5551, 0x5552, 0x3BED, 0xBD94, 0xBD74, 0x2103, 0x39A6, 0x5AAA, 0x4A28,
  0x2945, 0x2965, 0x2965, 0x1082, 0x4228, 0x4A69, 0x5269, 0x528A, 0x52AA, 0x528A, 0x4207, 0x2965,
  0x2924, 0x39A6, 0x62CA, 0x83AD, 0x7B8C, 0x734B, 0xA4D1, 0xEEF9, 0xEEF9, 0xEED9, 0xFF5B, 0x9CB1,
  0x0841, 0x0000, 0x0041, 0x0020, 0x0020, 0x0020, 0x0020, 0x0020, 0x0020, 0x0020, 0x0020, 0x0020,
  0x0020, 0x0021, 0x0020, 0x0020, 0x0020, 0x0020, 0x0020, 0x0020, 0x0020, 0x0020, 0x0020, 0x0020,
  0x0020, 0x0020, 0x0020, 0x0020, 0x0020, 0x0020, 0x0020, 0x0020, 0x0020, 0x0020, 0x0020, 0x0021,
  0x0021, 0x0020, 0x0021, 0x0021, 0x0020, 0x0021, 0x0021, 0x0020, 0x0020, 0x0020, 0x0021, 0x0020,
  0x0020, 0x0021, 0x0020, 0x0020, 0x0020, 0x0020, 0x0020, 0x0020, 0x0020, 0x0020, 0x0020, 0x0020,
  0x0020, 0x0020, 0x0020, 0x0020, 0x0020, 0x0020, 0x0020, 0x0020, 0x0020, 0x0020, 0x0020, 0x0020,
  0x0020, 0x0020, 0x0020, 0x0020, 0x0020, 0x0020, 0x0020, 0x0020, 0x0021, 0x0020, 0x0020, 0x0020,
  0x0020, 0x0020, 0x0020, 0x0020, 0x0021, 0x0020, 0x0021, 0x0020, 0x0020, 0x0020, 0x0020, 0x0020,
  0x0020, 0x0020, 0x0020, 0x0041, 0x0000, 0x18E3, 0xC5D5, 0xFF7B, 0xE6B8, 0xFF5B, 0xCDF6, 0x4228,
  0x2124, 0x39C6, 0x2945, 0x10A2, 0x10A3, 0x18E4, 0x2965, 0x4A69, 0x52AA, 0x5269, 0x528A, 0x4A69,
  0x4A49, 0x4A69, 0x2945, 0x39E7, 0x5ACA, 0xDE36, 0x436B, 0x5531, 0x5D72, 0x3C0D, 0xB553, 0xB553,
  0x2104, 0x39A6, 0x5AAA, 0x4A28, 0x2945, 0x3165, 0x2965, 0x1082, 0x4228, 0x4A69, 0x4A69, 0x4A69,
  0x4A69, 0x4A69, 0x528A, 0x5ACA, 0x4228, 0x18E3, 0x2104, 0x3185, 0x6B0B, 0x8BEE, 0x6B0B, 0x83AD,
  0xD677, 0xEF1A, 0xE6B8, 0xFF5B, 0xBDB4, 0x18C3, 0x0000, 0x0041, 0x0020, 0x0020, 0x0020, 0x0020,
  0x0020, 0x0020, 0x0020, 0x0020, 0x0020, 0x0020, 0x0021, 0x0020, 0x0020, 0x0021, 0x0020, 0x0020,
  0x0020, 0x0020, 0x0020, 0x0020, 0x0020, 0x0020, 0x0020, 0x0020, 0x0021, 0x0020, 0x0020, 0x0021,
  0x0021, 0x0020, 0x0021, 0x0020, 0x0020, 0x0020, 0x0020, 0x0021, 0x0021, 0x0020, 0x0020, 0x0021,
  0x0020, 0x0020, 0x0021, 0x0021, 0x0020, 0x0020, 0x0020, 0x0020, 0x0020, 0x0020, 0x0020, 0x0020,
  0x0020, 0x0020, 0x0020, 0x0020, 0x0020, 0x0020, 0x0020, 0x0020, 0x0020, 0x0020, 0x0020, 0x0020,
  0x0020, 0x0021, 0x0021, 0x0020, 0x0020, 0x0020, 0x0020, 0x0020, 0x0020, 0x0020, 0x0020, 0x0021,
  0x0020, 0x0020, 0x0020, 0x0020, 0x0020, 0x0020, 0x0020, 0x0021, 0x0020, 0x0020, 0x0020, 0x0020,
  0x0020, 0x0020, 0x0020, 0x0020, 0x0020, 0x0020, 0x0041, 0x0000, 0x2104, 0xD657, 0xFF5B, 0xE6B8,
  0xFF5B, 0xAD33, 0x2965, 0x2965, 0x3186, 0x10A2, 0x10A2, 0x2945, 0x4229, 0x5269, 0x39E7, 0x31A7,
  0x4228, 0x528A, 0x528A, 0x4A69, 0x4A69, 0x528A, 0x2945, 0x39E7, 0x5ACA, 0xDE36, 0x436B, 0x5531,
  0x5D52, 0x3C0D, 0xB553, 0xB553, 0x2103, 0x39C6, 0x5AAA, 0x4A28, 0x2945, 0x2965, 0x2965, 0x1082,
  0x4A28, 0x5269, 0x4A69, 0x4A69, 0x5269, 0x528A, 0x4A49, 0x31A6, 0x39C7, 0x4A49, 0x528A, 0x39E7,
  0x2104, 0x41C6, 0x83AD, 0x7B8C, 0x732B, 0xCE16, 0xF71A, 0xE698, 0xF75A, 0xCE16, 0x18C3, 0x0000,
  0x0021, 0x0020, 0x0020, 0x0020, 0x0020, 0x0020, 0x0020, 0x0020, 0x0020, 0x0020, 0x0020, 0x0020,
  0x0020, 0x0020, 0x0021, 0x0020, 0x0020, 0x0020, 0x0020, 0x0020, 0x0020, 0x0021, 0x0020, 0x0021,
  0x0020, 0x0020, 0x0020, 0x0020, 0x0020, 0x0020, 0x0021, 0x0021, 0x0020, 0x0020, 0x0020, 0x0020,
  0x0021, 0x0020, 0x0021, 0x0020, 0x0020, 0x0020, 0x0020, 0x0020, 0x0020, 0x0020, 0x0020, 0x0020,
  0x0020, 0x0020, 0x0020, 0x0020, 0x0021, 0x0021, 0x0020, 0x0020, 0x0020, 0x0020, 0x0021, 0x0020,
  0x0020, 0x0020, 0x0020, 0x0020, 0x0021, 0x0020, 0x0020, 0x0020, 0x0020, 0x0020, 0x0020, 0x0020,
  0x0020, 0x0020, 0x0020, 0x0020, 0x0020, 0x0020, 0x0020, 0x0020, 0x0020, 0x0020, 0x0020, 0x0020,
  0x0020, 0x0020, 0x0020, 0x0020, 0x0020, 0x0020, 0x0020, 0x0020, 0x0020, 0x0021, 0x0000, 0x18C3,
  0xD657, 0xFF5A, 0xE6B8, 0xFF7B, 0xA4D2, 0x18E3, 0x39C6, 0x2924, 0x0862, 0x2124, 0x39E8, 0x4A69,
  0x528A, 0x5269, 0x52AA, 0x4A69, 0x39C7, 0x39C7, 0x4A28, 0x528A, 0x528A, 0x4A69, 0x2104, 0x41E7,
  0x5AAA, 0xDE36, 0x434B, 0x5551, 0x5D52, 0x3C0D, 0xB553, 0xBD53, 0x2103, 0x39C6, 0x5AAA, 0x4228,
  0x2945, 0x2965, 0x2965, 0x1082, 0x4A48, 0x5289, 0x4A69, 0x5289, 0x4A49, 0x39C7, 0x31A7, 0x4228,
  0x5289, 0x5269, 0x4A49, 0x528A, 0x5289, 0x3185, 0x2103, 0x6B0B, 0x8BEE, 0x6B0B, 0xC5D5, 0xF71A,
  0xE698, 0xF73A, 0xC5D5, 0x1081, 0x0020, 0x0021, 0x0020, 0x0020, 0x0020, 0x0020, 0x0020, 0x0020,
  0x0020, 0x0020, 0x0020, 0x0020, 0x0020, 0x0020, 0x0020, 0x0020, 0x0020, 0x0020, 0x0020, 0x0020,
  0x0021, 0x0020, 0x0020, 0x0020, 0x0020, 0x0020, 0x0020, 0x0020, 0x0020, 0x0020, 0x0020, 0x0020,
  0x0020, 0x0020, 0x0020, 0x0020, 0x0020, 0x0021, 0x0020, 0x0020, 0x0020, 0x0020, 0x0021, 0x0020,
  0x0020, 0x0021, 0x0020, 0x0020, 0x0020, 0x0020, 0x0020, 0x0020, 0x0020, 0x0020, 0x0020, 0x0020,
  0x0021, 0x0020, 0x0020, 0x0020, 0x0021, 0x0020, 0x0020, 0x0020, 0x0020, 0x0020, 0x0021, 0x0020,
  0x0020, 0x0020, 0x0020, 0x0020, 0x0020, 0x0020, 0x0021, 0x0020, 0x0020, 0x0020, 0x0020, 0x0020,
  0x0020, 0x0020, 0x0020, 0x0020, 0x0020, 0x0020, 0x0020, 0x0020, 0x0020, 0x0020, 0x0020, 0x0020,
  0x0020, 0x0021, 0x0841, 0xBD94, 0xFF7B, 0xE6D8, 0xFF5B, 0xB553, 0x2124, 0x31A6, 0x18A2, 0x10C3,
  0x31A7, 0x4A49, 0x5289, 0x5269, 0x4A69, 0x528A, 0x528A, 0x528A, 0x52AA, 0x4A49, 0x31A6, 0x39E7,
  0x52AA, 0x39E7, 0x3185, 0x41E7, 0x5289, 0xDE36, 0x434B, 0x5531, 0x5D52, 0x3C0D, 0xB553, 0xBD53,
  0x2924, 0x39A6, 0x5AAA, 0x4228, 0x2945, 0x2965, 0x2965, 0x1082, 0x4A49, 0x52AA, 0x4A69, 0x39C7,
  0x31A6, 0x4208, 0x5289, 0x5269, 0x4A69, 0x4A69, 0x4A69, 0x4A69, 0x4A69, 0x528A, 0x4208, 0x20E3,
  0x5A89, 0x83CD, 0x732B, 0xD677, 0xEEF9, 0xE698, 0xFF7B, 0x9CB1, 0x0000, 0x0021, 0x0020, 0x0020,
  0x0020, 0x0020, 0x0020, 0x0020, 0x0020, 0x0020, 0x0020, 0x0020, 0x0020, 0x0020, 0x0020, 0x0020,
  0x0020, 0x0020, 0x0020, 0x0021, 0x0020, 0x0020, 0x0020, 0x0020, 0x0020, 0x0020, 0x0020, 0x0020,
  0x0020, 0x0020, 0x0020, 0x0020, 0x0020, 0x0020, 0x0020, 0x0020, 0x0020, 0x0021, 0x0021, 0x0021,
  0x0020, 0x0020, 0x0021, 0x0020, 0x0020, 0x0021, 0x0020, 0x0020, 0x0020, 0x0020, 0x0020, 0x0020,
  0x0020, 0x0020, 0x0020, 0x0021, 0x0020, 0x0020, 0x0020, 0x0020, 0x0020, 0x0021, 0x0020, 0x0020,
  0x0020, 0x0020, 0x0020, 0x0020, 0x0020, 0x0020, 0x0020, 0x0020, 0x0020, 0x0020, 0x0020, 0x0020,
  0x0020, 0x0020, 0x0020, 0x0020, 0x0020, 0x0020, 0x0020, 0x0020, 0x0020, 0x0020, 0x0020, 0x0020,
  0x0020, 0x0020, 0x0020, 0x0020, 0x0041, 0x0000, 0x7BAD, 0xFF9B, 0xE6D9, 0xF73A, 0xDE78, 0x2965,
  0x2965, 0x18C3, 0x10C3, 0x31C7, 0x528A, 0x528A, 0x4A69, 0x5269, 0x5269, 0x5289, 0x528A, 0x5269,
  0x5269, 0x528A, 0x528A, 0x4208, 0x3186, 0x2945, 0x5AAA, 0x31A6, 0x5A89, 0xDE36, 0x434B, 0x5531,
  0x5552, 0x3BED, 0xB553, 0xB553, 0x2104, 0x39C6, 0x5AAA, 0x4228, 0x2945, 0x2965, 0x2965, 0x0862,
  0x39E7, 0x4208, 0x31A6, 0x4208, 0x528A, 0x5269, 0x4A49, 0x4A69, 0x4A69, 0x4A69, 0x4A69, 0x4A69,
  0x4A69, 0x4A49, 0x528A, 0x4A69, 0x18E3, 0x5248, 0x83AD, 0x7BAD, 0xEEF9, 0xEED9, 0xE6B8, 0xF75A,
  0x5269, 0x0000, 0x0041, 0x0020, 0x0020, 0x0020, 0x0020, 0x0020, 0x0020, 0x0020, 0x0020, 0x0020,
  0x0020, 0x0021, 0x0020, 0x0020, 0x0020, 0x0020, 0x0020, 0x0021, 0x0020, 0x0020, 0x0020, 0x0020,
  0x0020, 0x0020, 0x0020, 0x0020, 0x0020, 0x0020, 0x0020, 0x0020, 0x0021, 0x0020, 0x0020, 0x0020,
  0x0021, 0x0020, 0x0020, 0x0021, 0x0020, 0x0021, 0x0020, 0x0020, 0x0020, 0x0020, 0x0020, 0x0020,
  0x0020, 0x0020, 0x0020, 0x0020, 0x0021, 0x0020, 0x0021, 0x0020, 0x0020, 0x0021, 0x0021, 0x0021,
  0x0020, 0x0020, 0x0021, 0x0021, 0x0020, 0x0020, 0x0020, 0x0020, 0x0020, 0x0020, 0x0020, 0x0021,
  0x0020, 0x0020, 0x0020, 0x0021, 0x0021, 0x0020, 0x0020, 0x0020, 0x0020, 0x0020, 0x0020, 0x0020,
  0x0020, 0x0020, 0x0020, 0x0020, 0x0020, 0x0020, 0x0020, 0x0021, 0x0000, 0x2124, 0xEEF9, 0xEF19,
  0xEEF9, 0xFF5B, 0x6B2C, 0x2945, 0x18C3, 0x18E4, 0x4228, 0x5269, 0x5269, 0x5269, 0x5269, 0x5269,
  0x5269, 0x5289, 0x5289, 0x528A, 0x5269, 0x4A69, 0x5269, 0x52AA, 0x4208, 0x39C6, 0x734C, 0x3186,
  0x5AA9, 0xDE36, 0x434B, 0x5531, 0x5551, 0x3BED, 0xB553, 0xB553, 0x2103, 0x39C6, 0x5AAA, 0x4A28,
  0x2945, 0x2965, 0x2965, 0x0861, 0x10A3, 0x2125, 0x31A7, 0x4208, 0x4228, 0x4A49, 0x5269, 0x5289,
  0x5269, 0x4A69, 0x4A69, 0x4A69, 0x4A69, 0x4A69, 0x4A69, 0x5269, 0x528A, 0x2104, 0x5A89, 0x734C,
  0xB553, 0xF71A, 0xE6B8, 0xEF19, 0xCDF6, 0x0841, 0x0020, 0x0020, 0x0020, 0x0020, 0x0020, 0x0020,
  0x0020, 0x0020, 0x0020, 0x0020, 0x0020, 0x0020, 0x0020, 0x0020, 0x0020, 0x0020, 0x0020, 0x0021,
  0x0021, 0x0020, 0x0021, 0x0020, 0x0020, 0x0020, 0x0021, 0x0020, 0x0020, 0x0021, 0x0020, 0x0020,
  0x0020, 0x0020, 0x0020, 0x0020, 0x0020, 0x0020, 0x0020, 0x0020, 0x0021, 0x0020, 0x0020, 0x0020,
  0x0020, 0x0020, 0x0020, 0x0020, 0x0020, 0x0020, 0x0020, 0x0020, 0x0020, 0x0020, 0x0021, 0x0020,
  0x0020, 0x0020, 0x0020, 0x0020, 0x0020, 0x0021, 0x0020, 0x0020, 0x0020, 0x0020, 0x0020, 0x0020,
  0x0020, 0x0020, 0x0020, 0x0020, 0x0020, 0x0020, 0x0020, 0x0020, 0x0020, 0x0020, 0x0020, 0x0020,
  0x0020, 0x0020, 0x0020, 0x0020, 0x0020, 0x0021, 0x0021, 0x0020, 0x0020, 0x0020, 0x0020, 0x0041,
  0x0000, 0x8C50, 0xFF9B, 0xE6D9, 0xF73A, 0xC5D5, 0x2944, 0x18E3, 0x10A2, 0x2966, 0x4208, 0x4A49,
  0x4A49, 0x5289, 0x528A, 0x528A, 0x528A, 0x528A, 0x528A, 0x528A, 0x5289, 0x4A69, 0x4A69, 0x52AA,
  0x31A6, 0x5AA9, 0x5269, 0x2945, 0x5AA9, 0xD616, 0x434B, 0x5531, 0x5551, 0x3BED, 0xB553, 0xB553,
  0x2104, 0x39A6, 0x5AAA, 0x4228, 0x2125, 0x2965, 0x2965, 0x0861, 0x0861, 0x18C3, 0x2966, 0x2145,
  0x2945, 0x2986, 0x39C7, 0x4208, 0x4A69, 0x5289, 0x528A, 0x528A, 0x528A, 0x5269, 0x4A49, 0x4228,
  0x4A49, 0x39E7, 0x1082, 0x6B0B, 0x8BEE, 0xE6D9, 0xEED9, 0xE6B8, 0xFF5B, 0x5289, 0x0000, 0x0041,
  0x0020, 0x0020, 0x0020, 0x0020, 0x0020, 0x0020, 0x0020, 0x0020, 0x0020, 0x0020, 0x0020, 0x0020,
  0x0020, 0x0020, 0x0020, 0x0020, 0x0021, 0x0020, 0x0020, 0x0020, 0x0020, 0x0020, 0x0021, 0x0021,
  0x0021, 0x0020, 0x0021, 0x0020, 0x0020, 0x0020, 0x0020, 0x0021, 0x0020, 0x0020, 0x0021, 0x0020,
  0x0020, 0x0020, 0x0020, 0x0021, 0x0020, 0x0021, 0x0020, 0x0020, 0x0020, 0x0020, 0x0020, 0x0021,
  0x0020, 0x0021, 0x0021, 0x0020, 0x0020, 0x0021, 0x0020, 0x0020, 0x0021, 0x0021, 0x0020, 0x0020,
  0x0020, 0x0020, 0x0020, 0x0020, 0x0020, 0x0020, 0x0020, 0x0020, 0x0020, 0x0020, 0x0020, 0x0020,
  0x0020, 0x0021, 0x0020, 0x0020, 0x0020, 0x0021, 0x0021, 0x0020, 0x0020, 0x0021, 0x0020, 0x0020,
  0x0020, 0x0020, 0x0020, 0x0020, 0x1082, 0xDE78, 0xF71A, 0xEED9, 0xFF7B, 0x83CE, 0x10A2, 0x10A2,
  0x39C7, 0x4A48, 0x39E7, 0x39E7, 0x39C7, 0x39C7, 0x39C7, 0x39E7, 0x4208, 0x4228, 0x4A69, 0x5269,
  0x528A, 0x528A, 0x528A, 0x52AA, 0x3165, 0x62EA, 0x3186, 0x2945, 0x5AA9, 0xD616, 0x436B, 0x5531,
  0x5551, 0x3BED, 0xB553, 0xB533, 0x2104, 0x39C6, 0x5AAA, 0x4208, 0x2125, 0x2965, 0x2965, 0x0861,
  0x2945, 0x0862, 0x2125, 0x2966, 0x2966, 0x2966, 0x2966, 0x2945, 0x2966, 0x3186, 0x31C7, 0x39E7,
  0x39C7, 0x39C7, 0x39C7, 0x39C7, 0x31A6, 0x4208, 0x39C7, 0x2944, 0x732B, 0xCDF6, 0xEF19, 0xE6B8,
  0xF73A, 0xA4D2, 0x0000, 0x0021, 0x0020, 0x0020, 0x0020, 0x0020, 0x0020, 0x0020, 0x0020, 0x0020,
  0x0020, 0x0020, 0x0020, 0x0020, 0x0020, 0x0021, 0x0020, 0x0020, 0x0020, 0x0020, 0x0020, 0x0020,
  0x0020, 0x0020, 0x0020, 0x0020, 0x0020, 0x0020, 0x0020, 0x0020, 0x0021, 0x0020, 0x0021, 0x0021,
  0x0020, 0x0021, 0x0021, 0x0020, 0x0020, 0x0020, 0x0020, 0x0020, 0x0020, 0x0020, 0x0021, 0x0020,
  0x0020, 0x0020, 0x0020, 0x0021, 0x0020, 0x0020, 0x0020, 0x0020, 0x0020, 0x0020, 0x0020, 0x0020,
  0x0020, 0x0021, 0x0020, 0x0020, 0x0020, 0x0020, 0x0020, 0x0020, 0x0020, 0x0020, 0x0020, 0x0020,
  0x0020, 0x0020, 0x0021, 0x0020, 0x0020, 0x0020, 0x0020, 0x0020, 0x0020, 0x0020, 0x0020, 0x0020,
  0x0021, 0x0020, 0x0020, 0x0020, 0x0020, 0x0020, 0x0041, 0x0000, 0x4228, 0xF75B, 0xEEF9, 0xEEF9,
  0xF73A, 0x4A48, 0x0841, 0x2145, 0x4A69, 0x528A, 0x528A, 0x528A, 0x528A, 0x4A69, 0x4A49, 0x4228,
  0x4208, 0x39E7, 0x39C7, 0x39C7, 0x39C7, 0x39E7, 0x4228, 0x39C7, 0x39C6, 0x630B, 0x2125, 0x2945,
  0x5AA9, 0xD616, 0x434B, 0x4D11, 0x5531, 0x3BED, 0xB553, 0xB533, 0x2103, 0x39C6, 0x5AAA, 0x4208,
  0x2945, 0x2965, 0x3186, 0x1081, 0x2966, 0x18E3, 0x10C3, 0x2965, 0x2125, 0x2125, 0x2104, 0x2104,
  0x2104, 0x1904, 0x2104, 0x2125, 0x2945, 0x31A7, 0x4228, 0x4A69, 0x5269, 0x4A69, 0x5AAA, 0x2965,
  0x4A27, 0xBD74, 0xF73A, 0xE6D8, 0xEF1A, 0xD657, 0x0861, 0x0000, 0x0020, 0x0020, 0x0020, 0x0020,
  0x0020, 0x0020, 0x0020, 0x0020, 0x0020, 0x0020, 0x0020, 0x0020, 0x0020, 0x0020, 0x0021, 0x0021,
  0x0020, 0x0020, 0x0020, 0x0020, 0x0020, 0x0021, 0x0021, 0x0020, 0x0020, 0x0021, 0x0021, 0x0020,
  0x0021, 0x0021, 0x0020, 0x0021, 0x0021, 0x0020, 0x0020, 0x0021, 0x0020, 0x0020, 0x0020, 0x0020,
  0x0020, 0x0021, 0x0020, 0x0020, 0x0020, 0x0020, 0x0020, 0x0020, 0x0020, 0x0020, 0x0020, 0x0020,
  0x0020, 0x0021, 0x0021, 0x0021, 0x0021, 0x0020, 0x0020, 0x0021, 0x0020, 0x0020, 0x0020, 0x0020,
  0x0020, 0x0020, 0x0020, 0x0020, 0x0020, 0x0020, 0x0021, 0x0020, 0x0020, 0x0020, 0x0020, 0x0020,
  0x0020, 0x0020, 0x0020, 0x0020, 0x0021, 0x0020, 0x0020, 0x0020, 0x0020, 0x0020, 0x0041, 0x0000,
  0x736D, 0xFF7B, 0xEED9, 0xEF1A, 0xE6D9, 0x2944, 0x10A2, 0x4208, 0x5289, 0x4A69, 0x4A69, 0x4A69,
  0x5269, 0x5289, 0x528A, 0x528A, 0x52AA, 0x528A, 0x528A, 0x5289, 0x4A69, 0x4A49, 0x4228, 0x2104,
  0x5A89, 0x5AAA, 0x2124, 0x2945, 0x5AA9, 0xD616, 0x434B, 0x4D11, 0x5531, 0x3BED, 0xB553, 0xB532,
  0x2103, 0x39C6, 0x5AAA, 0x4208, 0x2945, 0x3165, 0x2945, 0x10A2, 0x3186, 0x2945, 0x0841, 0x2104,
  0x2145, 0x2145, 0x2945, 0x2966, 0x2966, 0x2966, 0x2966, 0x2966, 0x2966, 0x2965, 0x2965, 0x2986,
  0x4208, 0x4A69, 0x4A69, 0x4228, 0x2103, 0xA4D1, 0xF73A, 0xE6D9, 0xEEF9, 0xE6D9, 0x2124, 0x0000,
  0x0021, 0x0020, 0x0020, 0x0020, 0x0020, 0x0020, 0x0020, 0x0020, 0x0020, 0x0020, 0x0021, 0x0020,
  0x0020, 0x0020, 0x0020, 0x0021, 0x0021, 0x0020, 0x0020, 0x0020, 0x0020, 0x0020, 0x0020, 0x0020,
  0x0021, 0x0020, 0x0020, 0x0020, 0x0021, 0x0020, 0x0020, 0x0020, 0x0020, 0x0021, 0x0021, 0x0020,
  0x0020, 0x0020, 0x0020, 0x0020, 0x0020, 0x0021, 0x0020, 0x0020, 0x0020, 0x0020, 0x0020, 0x0020,
  0x0020, 0x0020, 0x0020, 0x0021, 0x0020, 0x0020, 0x0021, 0x0020, 0x0020, 0x0020, 0x0020, 0x0020,
  0x0020, 0x0020, 0x0021, 0x0021, 0x0020, 0x0021, 0x0020, 0x0020, 0x0020, 0x0020, 0x0020, 0x0020,
  0x0020, 0x0021, 0x0021, 0x0021, 0x0020, 0x0020, 0x0020, 0x0020, 0x0020, 0x0020, 0x0020, 0x0020,
  0x0020, 0x0020, 0x0041, 0x0000, 0x8C50, 0xFF7B, 0xEED9, 0xF71A, 0xDE98, 0x10A2, 0x18E4, 0x4A69,
  0x5269, 0x5269, 0x5289, 0x5289, 0x5289, 0x528A, 0x528A, 0x528A, 0x528A, 0x5269, 0x5289, 0x5269,
  0x5289, 0x528A, 0x528A, 0x3186, 0x6B2C, 0x39C7, 0x2104, 0x2104, 0x5AA9, 0xD5F5, 0x3B2B, 0x4D11,
  0x5531, 0x3BCD, 0xB553, 0xB512, 0x2103, 0x39C6, 0x5AAA, 0x4208, 0x2945, 0x2945, 0x2124, 0x2965,
  0x2966, 0x3186, 0x10A2, 0x2125, 0x3186, 0x2966, 0x2966, 0x2966, 0x2966, 0x2966, 0x2966, 0x2966,
  0x2966, 0x2966, 0x2966, 0x2966, 0x4208, 0x4A69, 0x4A49, 0x528A, 0x20E3, 0x8C0F, 0xFF5B, 0xEED9,
  0xEEF9, 0xEF1A, 0x3186, 0x0000, 0x0021, 0x0020, 0x0020, 0x0020, 0x0020, 0x0020, 0x0020, 0x0020,
  0x0020, 0x0020, 0x0020, 0x0020, 0x0020, 0x0020, 0x0020, 0x0020, 0x0020, 0x0020, 0x0020, 0x0020,
  0x0021, 0x0020, 0x0020, 0x0020, 0x0021, 0x0021, 0x0020, 0x0020, 0x0021, 0x0020, 0x0021, 0x0021,
  0x0020, 0x0020, 0x0020, 0x0020, 0x0020, 0x0020, 0x0020, 0x0021, 0x0021, 0x0020, 0x0020, 0x0021,
  0x0020, 0x0020, 0x0020, 0x0020, 0x0020, 0x0020, 0x0021, 0x0020, 0x0020, 0x0020, 0x0020, 0x0021,
  0x0020, 0x0021, 0x0020, 0x0020, 0x0020, 0x0020, 0x0020, 0x0021, 0x0020, 0x0020, 0x0020, 0x0020,
  0x0020, 0x0020, 0x0020, 0x0020, 0x0020, 0x0020, 0x0020, 0x0020, 0x0020, 0x0020, 0x0020, 0x0020,
  0x0020, 0x0020, 0x0020, 0x0020, 0x0020, 0x0020, 0x0041, 0x0000, 0x9490, 0xFF7B, 0xEED9, 0xF71A,
  0xE698, 0x18C3, 0x2945, 0x528A, 0x5269, 0x528A, 0x528A, 0x528A, 0x528A, 0x528A, 0x528A, 0x528A,
  0x528A, 0x5289, 0x5289, 0x5289, 0x5269, 0x528A, 0x4A49, 0x39A6, 0x734C, 0x31A6, 0x39C6, 0x2965,
  0x5289, 0xE656, 0x3B2A, 0x4CF0, 0x5531, 0x3BCC, 0xB553, 0xAD12, 0x2103, 0x39A6, 0x5289, 0x41E7,
  0x2104, 0x2965, 0x31A6, 0x3186, 0x2966, 0x31A6, 0x2124, 0x18C3, 0x2986, 0x2965, 0x2966, 0x2966,
  0x2966, 0x2966, 0x2966, 0x2966, 0x2966, 0x2966, 0x2966, 0x2986, 0x4A49, 0x4A49, 0x4A49, 0x528A,
  0x2104, 0x736C, 0xFF7B, 0xE6D9, 0xEED9, 0xEEF9, 0x3185, 0x0000, 0x0021, 0x0020, 0x0020, 0x0020,
  0x0020, 0x0020, 0x0020, 0x0020, 0x0020, 0x0020, 0x0020, 0x0020, 0x0020, 0x0020, 0x0020, 0x0020,
  0x0020, 0x0020, 0x0020, 0x0020, 0x0020, 0x0020, 0x0020, 0x0020, 0x0020, 0x0020, 0x0020, 0x0020,
  0x0020, 0x0020, 0x0021, 0x0021, 0x0020, 0x0020, 0x0020, 0x0020, 0x0020, 0x0020, 0x0020, 0x0020,
  0x0020, 0x0021, 0x0020, 0x0020, 0x0020, 0x0020, 0x0020, 0x0020, 0x0020, 0x0020, 0x0020, 0x0020,
  0x0020, 0x0020, 0x0020, 0x0020, 0x0021, 0x0020, 0x0020, 0x0020, 0x0021, 0x0020, 0x0020, 0x0021,
  0x0020, 0x0020, 0x0020, 0x0020, 0x0020, 0x0021, 0x0020, 0x0020, 0x0020, 0x0020, 0x0021, 0x0021,
  0x0020, 0x0020, 0x0020, 0x0020, 0x0020, 0x0020, 0x0020, 0x0020, 0x0020, 0x0020, 0x0041, 0x0000,
  0x8C50, 0xFF7B, 0xEED9, 0xEEF9, 0xEF1A, 0x3186, 0x2965, 0x528A, 0x5289, 0x528A, 0x528A, 0x528A,
  0x5289, 0x528A, 0x528A, 0x528A, 0x52AA, 0x52AA, 0x52AA, 0x528A, 0x5269, 0x5269, 0x4228, 0x20E3,
  0x6B0B, 0x734C, 0x6B0B, 0x62CA, 0x41E7, 0x8BEE, 0x434B, 0x5552, 0x5531, 0x33AC, 0xB533, 0xB512,
  0x2104, 0x39C6, 0x5AAA, 0x4208, 0x2965, 0x31A6, 0x3186, 0x3186, 0x3186, 0x3186, 0x18C3, 0x1082,
  0x2966, 0x2966, 0x2966, 0x2986, 0x2986, 0x2966, 0x2966, 0x2966, 0x2966, 0x2966, 0x2966, 0x31A7,
  0x4A69, 0x4A49, 0x4A49, 0x5289, 0x2124, 0x8C0F, 0xFF7B, 0xE6D9, 0xEEF9, 0xE6D9, 0x2103, 0x0000,
  0x0021, 0x0020, 0x0020, 0x0020, 0x0020, 0x0020, 0x0020, 0x0020, 0x0020, 0x0020, 0x0020, 0x0020,
  0x0020, 0x0021, 0x0021, 0x0020, 0x0020, 0x0020, 0x0020, 0x0020, 0x0020, 0x0020, 0x0020, 0x0021,
  0x0020, 0x0020, 0x0020, 0x0020, 0x0020, 0x0020, 0x0020, 0x0020, 0x0020, 0x0020, 0x0020, 0x0020,
  0x0020, 0x0020, 0x0020, 0x0020, 0x0020, 0x0020, 0x0020, 0x0020, 0x0020, 0x0020, 0x0020, 0x0020,
  0x0020, 0x0020, 0x0020, 0x0021, 0x0020, 0x0020, 0x0020, 0x0020, 0x0020, 0x0021, 0x0021, 0x0020,
  0x0021, 0x0020, 0x0020, 0x0020, 0x0020, 0x0020, 0x0020, 0x0020, 0x0020, 0x0020, 0x0020, 0x0020,
  0x0020, 0x0021, 0x0020, 0x0020, 0x0020, 0x0020, 0x0020, 0x0021, 0x0020, 0x0020, 0x0020, 0x0020,
  0x0020, 0x0020, 0x0041, 0x0000, 0x7BCD, 0xFF7B, 0xEED9, 0xEED9, 0xFF7B, 0x5ACA, 0x18E4, 0x52AA,
  0x5289, 0x528A, 0x528A, 0x52AA, 0x52AA, 0x528A, 0x528A, 0x4A69, 0x4A48, 0x4208, 0x39E7, 0x39C7,
  0x39C7, 0x39E7, 0x39E7, 0x10A2, 0x3165, 0x5289, 0x6B4C, 0x6B4C, 0x5AAA, 0x41E7, 0x29C6, 0x334B,
  0x5511, 0x3BCD, 0xB533, 0xAD12, 0x2104, 0x39A6, 0x5ACA, 0x5269, 0x2966, 0x3186, 0x3186, 0x31A6,
  0x3165, 0x2125, 0x1082, 0x10A2, 0x2125, 0x2104, 0x2104, 0x2124, 0x2145, 0x2945, 0x2966, 0x2966,
  0x2986, 0x2986, 0x2966, 0x4228, 0x4A69, 0x4A49, 0x4A49, 0x5289, 0x2124, 0xBD94, 0xF73A, 0xEED9,
  0xF71A, 0xD657, 0x1061, 0x0000, 0x0020, 0x0020, 0x0020, 0x0020, 0x0020, 0x0020, 0x0020, 0x0020,
  0x0020, 0x0020, 0x0020, 0x0021, 0x0020, 0x0021, 0x0021, 0x0020, 0x0021, 0x0020, 0x0021, 0x0021,
  0x0021, 0x0020, 0x0021, 0x0021, 0x0021, 0x0021, 0x0020, 0x0021, 0x0020, 0x0020, 0x0020, 0x0020,
  0x0020, 0x0020, 0x0020, 0x0020, 0x0020, 0x0021, 0x0021, 0x0020, 0x0020, 0x0021, 0x0020, 0x0020,
  0x0020, 0x0020, 0x0020, 0x0020, 0x0020, 0x0021, 0x0020, 0x0020, 0x0020, 0x0020, 0x0021, 0x0021,
  0x0020, 0x0020, 0x0020, 0x0020, 0x0021, 0x0021, 0x0020, 0x0020, 0x0021, 0x0020, 0x0020, 0x0020,
  0x0020, 0x0020, 0x0020, 0x0020, 0x0021, 0x0020, 0x0021, 0x0020, 0x0020, 0x0020, 0x0020, 0x0020,
  0x0021, 0x0020, 0x0020, 0x0020, 0x0020, 0x0020, 0x0041, 0x0000, 0x6B0B, 0xF75B, 0xEEF9, 0xEED9,
  0xFF7B, 0xA4F2, 0x10A2, 0x5ACB, 0x5269, 0x4A49, 0x4A49, 0x4208, 0x39E7, 0x39C7, 0x39C7, 0x39C7,
  0x39E7, 0x4208, 0x4228, 0x4A69, 0x528A, 0x528A, 0x52AA, 0x39E7, 0x18E3, 0x2104, 0x39C6, 0x5269,
  0x6B0B, 0x7B8D, 0x6B2B, 0x4A07, 0x3227, 0x2247, 0xB533, 0xBD74, 0x2103, 0x31A6, 0x62CA, 0x5269,
  0x3186, 0x31A6, 0x3186, 0x2945, 0x2104, 0x1082, 0x10A2, 0x2966, 0x2966, 0x2966, 0x2966, 0x2945,
  0x2145, 0x2125, 0x2104, 0x2104, 0x1904, 0x2125, 0x2145, 0x4208, 0x4A69, 0x4A49, 0x528A, 0x4228,
  0x39A6, 0xEEF9, 0xEEF9, 0xEED9, 0xFF5B, 0xACF2, 0x0841, 0x0020, 0x0020, 0x0020, 0x0020, 0x0020,
  0x0020, 0x0020, 0x0020, 0x0020, 0x0020, 0x0020, 0x0020, 0x0020, 0x0020, 0x0020, 0x0020, 0x0020,
  0x0021, 0x0020, 0x0020, 0x0021, 0x0021, 0x0020, 0x0021, 0x0020, 0x0021, 0x0020, 0x0020, 0x0021,
  0x0020, 0x0020, 0x0020, 0x0021, 0x0020, 0x0020, 0x0020, 0x0020, 0x0020, 0x0020, 0x0020, 0x0020,
  0x0020, 0x0020, 0x0020, 0x0020, 0x0020, 0x0020, 0x0020, 0x0020, 0x0020, 0x0020, 0x0020, 0x0020,
  0x0020, 0x0020, 0x0020, 0x0021, 0x0020, 0x0020, 0x0021, 0x0020, 0x0020, 0x0020, 0x0020, 0x0020,
  0x0021, 0x0020, 0x0020, 0x0020, 0x0020, 0x0020, 0x0020, 0x0020, 0x0020, 0x0021, 0x0020, 0x0021,
  0x0020, 0x0020, 0x0020, 0x0021, 0x0021, 0x0020, 0x0020, 0x0020, 0x0020, 0x0020, 0x0021, 0x0000,
  0x62CA, 0xDE98, 0xF71A, 0xEEF9, 0xEF19, 0xEEF9, 0x31A6, 0x3186, 0x39C7, 0x39C7, 0x39E7, 0x4208,
  0x4228, 0x4A69, 0x5289, 0x52AA, 0x52AA, 0x52AA, 0x52AA, 0x528A, 0x528A, 0x5269, 0x4A69, 0x52AA,
  0x4A69, 0x2104, 0x1082, 0x2104, 0x39C7, 0x5289, 0x6B4C, 0x734C, 0x62EB, 0x4A08, 0x4A28, 0x62CA,
  0x2124, 0x39A6, 0x5AAA, 0x5269, 0x2966, 0x2965, 0x2104, 0x18C3, 0x0841, 0x18C3, 0x2986, 0x2966,
  0x2966, 0x2966, 0x2966, 0x2986, 0x2986, 0x2986, 0x2986, 0x31A6, 0x31A7, 0x39C7, 0x39C7, 0x31A6,
  0x31C7, 0x31A6, 0x39E7, 0x2104, 0x8C4F, 0xFF5B, 0xEED9, 0xEEF9, 0xEF19, 0x7BAD, 0x18C2, 0x0000,
  0x0021, 0x0020, 0x0020, 0x0020, 0x0020, 0x0020, 0x0020, 0x0020, 0x0020, 0x0020, 0x0020, 0x0020,
  0x0020, 0x0021, 0x0020, 0x0020, 0x0020, 0x0021, 0x0020, 0x0020, 0x0021, 0x0021, 0x0021, 0x0020,
  0x0021, 0x0020, 0x0021, 0x0020, 0x0020, 0x0020, 0x0020, 0x0020, 0x0020, 0x0020, 0x0020, 0x0020,
  0x0020, 0x0020, 0x0020, 0x0020, 0x0020, 0x0020, 0x0020, 0x0020, 0x0020, 0x0020, 0x0020, 0x0020,
  0x0021, 0x0020, 0x0020, 0x0021, 0x0020, 0x0020, 0x0020, 0x0021, 0x0020, 0x0020, 0x0020, 0x0020,
  0x0020, 0x0021, 0x0020, 0x0020, 0x0020, 0x0021, 0x0020, 0x0020, 0x0020, 0x0021, 0x0021, 0x0020,
  0x0021, 0x0020, 0x0021, 0x0020, 0x0020, 0x0020, 0x0021, 0x0020, 0x0020, 0x0020, 0x0020, 0x0020,
  0x0020, 0x0020, 0x0041, 0x0000, 0x5A68, 0xB533, 0xF73A, 0xEEF9, 0xEEF9, 0xFF7B, 0xACF2, 0x10C3,
  0x5ACB, 0x528A, 0x528A, 0x52AA, 0x52AA, 0x528A, 0x528A, 0x528A, 0x528A, 0x528A, 0x528A, 0x528A,
  0x528A, 0x5289, 0x528A, 0x5289, 0x39E7, 0x39C7, 0x39E7, 0x2945, 0x2103, 0x2104, 0x39A6, 0x4A28,
  0x62EA, 0x7B8D, 0x630B, 0x4A48, 0x62EA, 0x6B0B, 0x62EA, 0x4A48, 0x2104, 0x2104, 0x1082, 0x0862,
  0x18E4, 0x2125, 0x2945, 0x2966, 0x2966, 0x2986, 0x31A6, 0x31C7, 0x39E7, 0x4208, 0x4228, 0x4A69,
  0x5269, 0x5289, 0x5269, 0x4A69, 0x4A69, 0x528A, 0x31A6, 0x39A6, 0xEF1A, 0xEEF9, 0xEED9, 0xF75A,
  0xBDB5, 0x62CA, 0x18C3, 0x0000, 0x0021, 0x0020, 0x0020, 0x0020, 0x0021, 0x0020, 0x0020, 0x0020,
  0x0020, 0x0020, 0x0020, 0x0020, 0x0020, 0x0020, 0x0020, 0x0020, 0x0020, 0x0021, 0x0021, 0x0021,
  0x0020, 0x0021, 0x0021, 0x0020, 0x0021, 0x0020, 0x0020, 0x0021, 0x0021, 0x0020, 0x0020, 0x0020,
  0x0021, 0x0021, 0x0020, 0x0020, 0x0020, 0x0020, 0x0020, 0x0020, 0x0020, 0x0020, 0x0020, 0x0020,
  0x0020, 0x0020, 0x0020, 0x0020, 0x0020, 0x0020, 0x0020, 0x0021, 0x0020, 0x0020, 0x0020, 0x0020,
  0x0020, 0x0020, 0x0020, 0x0020, 0x0020, 0x0021, 0x0020, 0x0020, 0x0020, 0x0021, 0x0020, 0x0021,
  0x0020, 0x0020, 0x0021, 0x0020, 0x0020, 0x0020, 0x0021, 0x0020, 0x0020, 0x0021, 0x0020, 0x0020,
  0x0020, 0x0020, 0x0020, 0x0020, 0x0020, 0x0020, 0x0021, 0x0000, 0x41E7, 0xA4B1, 0xD637, 0xF73A,
  0xEEF9, 0xEEF9, 0xFF7B, 0x6B2B, 0x2945, 0x5ACA, 0x5269, 0x528A, 0x528A, 0x528A, 0x528A, 0x528A,
  0x52AA, 0x528A, 0x528A, 0x528A, 0x52AA, 0x52AA, 0x4228, 0x3186, 0x39E7, 0x5269, 0x528A, 0x5AAA,
  0x4A49, 0x2945, 0x10A2, 0x2104, 0x31A6, 0x5269, 0x62EB, 0x5AA9, 0x5289, 0x5289, 0x4228, 0x2124,
  0x10A3, 0x1082, 0x18E3, 0x2986, 0x2986, 0x2986, 0x2145, 0x2145, 0x4228, 0x4A69, 0x4A49, 0x4A69,
  0x4A69, 0x4A69, 0x4A69, 0x4A69, 0x4A69, 0x4A69, 0x4A49, 0x4A49, 0x4A69, 0x4A69, 0x2104, 0xC5D5,
  0xF73A, 0xEED9, 0xEEF9, 0xEF1A, 0x734C, 0x62CA, 0x0841, 0x0020, 0x0020, 0x0020, 0x0020, 0x0021,
  0x0020, 0x0020, 0x0020, 0x0020, 0x0020, 0x0020, 0x0020, 0x0021, 0x0020, 0x0020, 0x0020, 0x0021,
  0x0020, 0x0021, 0x0021, 0x0021, 0x0021, 0x0021, 0x0020, 0x0021, 0x0021, 0x0020, 0x0020, 0x0020,
  0x0020, 0x0020, 0x0020, 0x0020, 0x0020, 0x0020, 0x0020, 0x0020, 0x0020, 0x0020, 0x0021, 0x0021,
  0x0021, 0x0020, 0x0020, 0x0020, 0x0020, 0x0020, 0x0020, 0x0020, 0x0020, 0x0021, 0x0020, 0x0020,
  0x0021, 0x0020, 0x0020, 0x0020, 0x0021, 0x0020, 0x0020, 0x0021, 0x0021, 0x0021, 0x0020, 0x0021,
  0x0021, 0x0021, 0x0020, 0x0020, 0x0020, 0x0020, 0x0021, 0x0021, 0x0020, 0x0020, 0x0020, 0x0020,
  0x0020, 0x0021, 0x0020, 0x0020, 0x0020, 0x0020, 0x0020, 0x0020, 0x0020, 0x0020, 0x0021, 0x0020,
  0x18A2, 0x9C90, 0x9C70, 0xEF1A, 0xEF19, 0xEEF9, 0xEF1A, 0xF71A, 0x4207, 0x3186, 0x5AEB, 0x528A,
  0x528A, 0x528A, 0x528A, 0x528A, 0x528A, 0x528A, 0x52AA, 0x5AAA, 0x4A49, 0x39C7, 0x39C7, 0x4A69,
  0x528A, 0x5269, 0x5269, 0x5269, 0x52AA, 0x4A69, 0x2965, 0x3186, 0x2103, 0x18E3, 0x3165, 0x2945,
  0x2104, 0x18C3, 0x18E3, 0x10A2, 0x0862, 0x2966, 0x4208, 0x4A49, 0x4A49, 0x4A49, 0x4A69, 0x4208,
  0x31A6, 0x39E7, 0x4A69, 0x5269, 0x4A49, 0x4A49, 0x4A69, 0x4A69, 0x4A69, 0x4A69, 0x4A49, 0x5269,
  0x528A, 0x10A3, 0x9C90, 0xFF7B, 0xE6D9, 0xE6D9, 0xFF5B, 0x9C90, 0x62CA, 0x5A89, 0x0000, 0x0021,
  0x0020, 0x0020, 0x0020, 0x0020, 0x0020, 0x0020, 0x0020, 0x0021, 0x0020, 0x0020, 0x0020, 0x0020,
  0x0020, 0x0020, 0x0020, 0x0020, 0x0020, 0x0021, 0x0021, 0x0020, 0x0020, 0x0021, 0x0020, 0x0021,
  0x0020, 0x0020, 0x0020, 0x0020, 0x0021, 0x0020, 0x0021, 0x0021, 0x0021, 0x0020, 0x0020, 0x0020,
  0x0021, 0x0021, 0x0020, 0x0020, 0x0021, 0x0021, 0x0020, 0x0020, 0x0020, 0x0020, 0x0020, 0x0020,
  0x0020, 0x0020, 0x0020, 0x0021, 0x0020, 0x0020, 0x0020, 0x0021, 0x0020, 0x0020, 0x0020, 0x0020,
  0x0020, 0x0021, 0x0020, 0x0021, 0x0020, 0x0020, 0x0020, 0x0020, 0x0020, 0x0020, 0x0021, 0x0021,
  0x0020, 0x0020, 0x0020, 0x0020, 0x0020, 0x0020, 0x0021, 0x0020, 0x0020, 0x0020, 0x0020, 0x0020,
  0x0020, 0x0021, 0x0000, 0x0000, 0x0841, 0x734C, 0xA4B1, 0xAD33, 0xF75B, 0xEEF9, 0xEEF9, 0xF71A,
  0xEEF9, 0x4207, 0x3186, 0x62EB, 0x528A, 0x528A, 0x52AA, 0x528A, 0x528A, 0x5AAA, 0x528A, 0x39E7,
  0x31A6, 0x4A49, 0x528A, 0x528A, 0x5289, 0x5289, 0x5289, 0x528A, 0x5269, 0x31A6, 0x5289, 0x52AA,
  0x5269, 0x3186, 0x18E3, 0x18E3, 0x2124, 0x2944, 0x3186, 0x4228, 0x4208, 0x3186, 0x528A, 0x4A69,
  0x4A69, 0x4A49, 0x4A49, 0x4A69, 0x4A69, 0x39C7, 0x3186, 0x4228, 0x528A, 0x4A69, 0x4A49, 0x4A69,
  0x4A69, 0x4A49, 0x528A, 0x4A69, 0x18C3, 0x9450, 0xFF7B, 0xE6D9, 0xEED9, 0xF75B, 0xBDB5, 0x5A89,
  0x83AD, 0x2924, 0x0000, 0x0000, 0x0020, 0x0021, 0x0020, 0x0020, 0x0020, 0x0020, 0x0020, 0x0020,
  0x0020, 0x0020, 0x0020, 0x0020, 0x0020, 0x0020, 0x0021, 0x0021, 0x0021, 0x0021, 0x0020, 0x0021,
  0x0021, 0x0020, 0x0021, 0x0020, 0x0020, 0x0020, 0x0021, 0x0020, 0x0020, 0x0020, 0x0020, 0x0021,
  0x0021, 0x0020, 0x0020, 0x0020, 0x0020, 0x0020, 0x0021, 0x0020, 0x0021, 0x0020, 0x0020, 0x0020,
  0x0020, 0x0020, 0x0020, 0x0020, 0x0020, 0x0020, 0x0020, 0x0020, 0x0020, 0x0020, 0x0021, 0x0021,
  0x0020, 0x0020, 0x0020, 0x0021, 0x0020, 0x0021, 0x0020, 0x0020, 0x0020, 0x0020, 0x0020, 0x0020,
  0x0020, 0x0020, 0x0020, 0x0021, 0x0020, 0x0020, 0x0020, 0x0020, 0x0020, 0x0020, 0x0020, 0x0020,
  0x0020, 0x0020, 0x0020, 0x0021, 0x0020, 0x0000, 0x1082, 0x2104, 0x5269, 0x3185, 0xA4B1, 0x944F,
  0xBD94, 0xF75B, 0xEEF9, 0xEEF9, 0xF73A, 0xEF1A, 0x5AAA, 0x2104, 0x52AA, 0x5ACB, 0x528A, 0x52AA,
  0x52AA, 0x4208, 0x31A6, 0x4208, 0x52AA, 0x528A, 0x5289, 0x528A, 0x528A, 0x528A, 0x528A, 0x52AA,
  0x39C7, 0x4228, 0x52AA, 0x4A69, 0x5289, 0x5AAA, 0x4A69, 0x31A6, 0x52AA, 0x528A, 0x52AA, 0x528A,
  0x528A, 0x39C7, 0x39E7, 0x5269, 0x4A69, 0x4A69, 0x4A69, 0x4A49, 0x4A69, 0x528A, 0x4A69, 0x31A7,
  0x31A7, 0x4A48, 0x5289, 0x4A69, 0x4A69, 0x5AAA, 0x39E7, 0x2104, 0xA4D2, 0xFF7B, 0xEED9, 0xEED9,
  0xF73A, 0xCE36, 0x62CA, 0x7B6C, 0x5A69, 0x0882, 0x18C3, 0x1082, 0x0841, 0x0000, 0x0020, 0x0021,
  0x0020, 0x0020, 0x0020, 0x0020, 0x0020, 0x0020, 0x0020, 0x0020, 0x0020, 0x0020, 0x0021, 0x0020,
  0x0020, 0x0021, 0x0020, 0x0021, 0x0021, 0x0020, 0x0020, 0x0020, 0x0021, 0x0020, 0x0020, 0x0021,
  0x0020, 0x0020, 0x0020, 0x0020, 0x0021, 0x0021, 0x0020, 0x0020, 0x0020, 0x0020, 0x0020, 0x0021,
  0x0020, 0x0021, 0x0020, 0x0020, 0x0020, 0x0020, 0x0020, 0x0020, 0x0020, 0x0020, 0x0020, 0x0020,
  0x0020, 0x0020, 0x0021, 0x0020, 0x0020, 0x0020, 0x0021, 0x0020, 0x0020, 0x0020, 0x0020, 0x0020,
  0x0020, 0x0020, 0x0020, 0x0020, 0x0020, 0x0020, 0x0020, 0x0020, 0x0020, 0x0021, 0x0020, 0x0020,
  0x0020, 0x0020, 0x0020, 0x0020, 0x0020, 0x0021, 0x0021, 0x0000, 0x0841, 0x39A6, 0x734C, 0x4207,
  0x6B4C, 0x3165, 0x5A89, 0xB532, 0x942E, 0xBDB4, 0xF75B, 0xEF19, 0xEEF9, 0xF71A, 0xFF5A, 0x8C0E,
  0x2124, 0x41E7, 0x62EB, 0x4A69, 0x31A6, 0x39E7, 0x528A, 0x52AA, 0x528A, 0x528A, 0x528A, 0x528A,
  0x528A, 0x528A, 0x52AA, 0x4208, 0x39C7, 0x52AA, 0x4A69, 0x5289, 0x5269, 0x5289, 0x4A49, 0x3186,
  0x5269, 0x4A69, 0x5269, 0x4A69, 0x5289, 0x528A, 0x3186, 0x4A28, 0x4A69, 0x4A69, 0x4A69, 0x4A69,
  0x4A69, 0x4A69, 0x5289, 0x5289, 0x4228, 0x3186, 0x39C7, 0x528A, 0x5289, 0x2124, 0x41E7, 0xCDF5,
  0xFF7B, 0xEED9, 0xEED9, 0xF75A, 0xCE36, 0x62EA, 0x734B, 0x7B6C, 0x18A2, 0x2125, 0x2104, 0x2104,
  0x2986, 0x18C3, 0x0020, 0x0000, 0x0021, 0x0021, 0x0020, 0x0020, 0x0020, 0x0020, 0x0020, 0x0020,
  0x0020, 0x0021, 0x0020, 0x0020, 0x0021, 0x0020, 0x0020, 0x0021, 0x0020, 0x0020, 0x0020, 0x0020,
  0x0021, 0x0020, 0x0020, 0x0021, 0x0020, 0x0020, 0x0020, 0x0021, 0x0021, 0x0020, 0x0020, 0x0021,
  0x0020, 0x0020, 0x0021, 0x0021, 0x0020, 0x0020, 0x0020, 0x0020, 0x0020, 0x0020, 0x0020, 0x0020,
  0x0020, 0x0020, 0x0020, 0x0020, 0x0020, 0x0020, 0x0020, 0x0020, 0x0020, 0x0020, 0x0021, 0x0020,
  0x0021, 0x0020, 0x0020, 0x0021, 0x0021, 0x0020, 0x0020, 0x0020, 0x0020, 0x0020, 0x0020, 0x0021,
  0x0020, 0x0020, 0x0020, 0x0021, 0x0020, 0x0020, 0x0020, 0x0020, 0x0020, 0x0000, 0x0020, 0x3185,
  0x6B2B, 0x7BAE, 0x6B0B, 0x39C6, 0x738D, 0x4A69, 0x10C2, 0x8BEE, 0xACF1, 0x942F, 0xB574, 0xF75B,
  0xF71A, 0xEED9, 0xEEF9, 0xFF9B, 0xCE16, 0x5289, 0x18E3, 0x2945, 0x528A, 0x5ACB, 0x528A, 0x5289,
  0x528A, 0x528A, 0x52AA, 0x528A, 0x528A, 0x528A, 0x4A69, 0x31A6, 0x528A, 0x5269, 0x5269, 0x5289,
  0x5289, 0x5289, 0x4A49, 0x31A7, 0x528A, 0x5269, 0x5269, 0x528A, 0x5289, 0x528A, 0x4A49, 0x3186,
  0x4A69, 0x4A69, 0x4A69, 0x4A69, 0x4A69, 0x4A69, 0x4A69, 0x4A69, 0x528A, 0x5AAA, 0x4208, 0x18E3,
  0x2945, 0x83EE, 0xEF19, 0xF73A, 0xE6D8, 0xEEF9, 0xFF7B, 0xC5D5, 0x62AA, 0x732B, 0x83AD, 0x39A6,
  0x08A2, 0x3186, 0x2124, 0x10A2, 0x3186, 0x39E7, 0x5269, 0x2124, 0x0020, 0x0000, 0x0020, 0x0020,
  0x0020, 0x0020, 0x0020, 0x0021, 0x0020, 0x0020, 0x0021, 0x0020, 0x0020, 0x0020, 0x0021, 0x0020,
  0x0020, 0x0020, 0x0020, 0x0020, 0x0020, 0x0020, 0x0020, 0x0020, 0x0020, 0x0020, 0x0020, 0x0021,
  0x0020, 0x0020, 0x0021, 0x0020, 0x0021, 0x0020, 0x0020, 0x0020, 0x0020, 0x0021, 0x0020, 0x0020,
  0x0020, 0x0020, 0x0020, 0x0020, 0x0020, 0x0020, 0x0020, 0x0020, 0x0020, 0x0020, 0x0020, 0x0020,
  0x0020, 0x0020, 0x0021, 0x0020, 0x0021, 0x0021, 0x0021, 0x0020, 0x0020, 0x0020, 0x0020, 0x0020,
  0x0020, 0x0021, 0x0020, 0x0020, 0x0021, 0x0020, 0x0020, 0x0020, 0x0020, 0x0020, 0x0020, 0x0020,
  0x0841, 0x2924, 0x5ACA, 0x83CE, 0x7B8D, 0x736D, 0x6B0B, 0x41E6, 0x736D, 0x4A69, 0x2A27, 0x2124,
  0x9C4F, 0xACF2, 0x9C4F, 0xACF2, 0xE6F9, 0xF75B, 0xEEF9, 0xEED9, 0xF75B, 0xFF5A, 0xACF2, 0x4A48,
  0x2945, 0x39E7, 0x52AA, 0x5ACB, 0x52AA, 0x528A, 0x528A, 0x528A, 0x528A, 0x5AAA, 0x31A6, 0x4A48,
  0x52AA, 0x5269, 0x5289, 0x5289, 0x5289, 0x528A, 0x4A69, 0x39C7, 0x528A, 0x4A69, 0x5269, 0x528A,
  0x5289, 0x5269, 0x528A, 0x39E7, 0x39C7, 0x528A, 0x4A69, 0x4A69, 0x4A49, 0x4A69, 0x528A, 0x52AA,
  0x4A49, 0x2965, 0x2965, 0x6B2C, 0xD636, 0xFF7B, 0xEEF9, 0xE6D9, 0xF71A, 0xF73A, 0xA4F2, 0x62CA,
  0x734C, 0x83AD, 0x41E6, 0x08E3, 0x19C6, 0x2945, 0x2125, 0x10A2, 0x3186, 0x31A6, 0x5ACA, 0x62EB,
  0x4A48, 0x2103, 0x0840, 0x0020, 0x0020, 0x0020, 0x0020, 0x0020, 0x0020, 0x0020, 0x0020, 0x0020,
  0x0021, 0x0020, 0x0020, 0x0020, 0x0020, 0x0021, 0x0020, 0x0020, 0x0021, 0x0020, 0x0020, 0x0020,
  0x0021, 0x0020, 0x0020, 0x0020, 0x0020, 0x0021, 0x0020, 0x0020, 0x0020, 0x0020, 0x0020, 0x0020,
  0x0020, 0x0021, 0x0020, 0x0020, 0x0020, 0x0020, 0x0020, 0x0020, 0x0020, 0x0020, 0x0020, 0x0020,
  0x0020, 0x0020, 0x0020, 0x0021, 0x0020, 0x0020, 0x0020, 0x0020, 0x0020, 0x0020, 0x0020, 0x0020,
  0x0020, 0x0020, 0x0020, 0x0020, 0x0020, 0x0021, 0x0020, 0x0020, 0x0021, 0x0020, 0x0020, 0x0020,
  0x0020, 0x0020, 0x0021, 0x0000, 0x2103, 0x8C0F, 0x83CE, 0x734C, 0x736C, 0x7B8D, 0x630B, 0x41E7,
  0x738D, 0x5269, 0x3A89, 0x33CC, 0x2965, 0xA470, 0xAD12, 0x9C4F, 0x9C70, 0xD637, 0xF75B, 0xF73A,
  0xEED9, 0xEEF9, 0xFF9B, 0xF73A, 0xAD33, 0x5ACA, 0x3165, 0x31A6, 0x4A28, 0x52AA, 0x5ACA, 0x5AAA,
  0x5ACB, 0x39E7, 0x39C7, 0x52AA, 0x5269, 0x5289, 0x5289, 0x5289, 0x5289, 0x528A, 0x4A69, 0x39C7,
  0x5269, 0x5269, 0x5289, 0x5269, 0x5269, 0x5269, 0x5269, 0x5269, 0x31A6, 0x4228, 0x528A, 0x52AA,
  0x52AA, 0x4A69, 0x39C7, 0x2945, 0x31A6, 0x738D, 0xD636, 0xFF7B, 0xF73A, 0xE6D8, 0xEEF9, 0xFF5B,
  0xDE98, 0x83CE, 0x5AA9, 0x7B8C, 0x83CE, 0x49E7, 0x1185, 0x2288, 0x1965, 0x2966, 0x2125, 0x10A2,
  0x3186, 0x39C7, 0x5ACA, 0x5AAA, 0x6B2C, 0x6B2B, 0x18A2, 0x0000, 0x0021, 0x0020, 0x0020, 0x0020,
  0x0020, 0x0021, 0x0021, 0x0021, 0x0020, 0x0020, 0x0020, 0x0020, 0x0020, 0x0020, 0x0020, 0x0021,
  0x0020, 0x0020, 0x0021, 0x0020, 0x0020, 0x0020, 0x0021, 0x0020, 0x0021, 0x0020, 0x0021, 0x0020,
  0x0020, 0x0021, 0x0020, 0x0020, 0x0021, 0x0021, 0x0020, 0x0020, 0x0020, 0x0020, 0x0020, 0x0020,
  0x0020, 0x0020, 0x0020, 0x0020, 0x0020, 0x0021, 0x0020, 0x0020, 0x0020, 0x0021, 0x0021, 0x0020,
  0x0020, 0x0020, 0x0020, 0x0020, 0x0020, 0x0020, 0x0020, 0x0020, 0x0021, 0x0020, 0x0020, 0x0020,
  0x0020, 0x0020, 0x0020, 0x0020, 0x0020, 0x0020, 0x0021, 0x0000, 0x10A2, 0x4207, 0x6B2C, 0x83EE,
  0x736C, 0x736C, 0x6B0B, 0x39C6, 0x7BAE, 0x5ACA, 0x31E7, 0x6E14, 0x3C4E, 0x2144, 0x940E, 0xAD12,
  0xA490, 0x9C4F, 0xAD12, 0xDEB8, 0xF75B, 0xF73A, 0xEEF9, 0xEEF9, 0xFF7B, 0xFF7B, 0xD637, 0x8C2F,
  0x5269, 0x3186, 0x3165, 0x39E7, 0x4208, 0x3186, 0x52AA, 0x5AAA, 0x5AAA, 0x52AA, 0x528A, 0x528A,
  0x528A, 0x528A, 0x5269, 0x31A6, 0x5289, 0x5289, 0x528A, 0x528A, 0x528A, 0x52AA, 0x52AA, 0x52AA,
  0x5269, 0x2965, 0x4208, 0x3186, 0x2945, 0x39C6, 0x62EA, 0xA4F2, 0xE6B8, 0xFF7B, 0xF73A, 0xE6D9,
  0xEEF9, 0xFF5B, 0xEF1A, 0xACF2, 0x62EA, 0x6B2B, 0x7B8D, 0x83AD, 0x49E7, 0x1185, 0x3C2E, 0x2248,
  0x2124, 0x3186, 0x2104, 0x18C3, 0x3186, 0x39E7, 0x62EB, 0x6B0B, 0x4A48, 0x2965, 0x1082, 0x0000,
  0x0020, 0x0020, 0x0020, 0x0020, 0x0020, 0x0020, 0x0020, 0x0020, 0x0020, 0x0020, 0x0020, 0x0020,
  0x0021, 0x0021, 0x0021, 0x0021, 0x0020, 0x0020, 0x0020, 0x0020, 0x0020, 0x0020, 0x0020, 0x0020,
  0x0020, 0x0021, 0x0021, 0x0021, 0x0020, 0x0021, 0x0020, 0x0020, 0x0020, 0x0021, 0x0020, 0x0020,
  0x0020, 0x0020, 0x0020, 0x0020, 0x0021, 0x0020, 0x0020, 0x0020, 0x0020, 0x0020, 0x0020, 0x0021,
  0x0020, 0x0021, 0x0020, 0x0020, 0x0020, 0x0020, 0x0020, 0x0020, 0x0020, 0x0021, 0x0021, 0x0020,
  0x0021, 0x0020, 0x0020, 0x0020, 0x0020, 0x0020, 0x0020, 0x0020, 0x0020, 0x0020, 0x0021, 0x0000,
  0x18C3, 0x4208, 0x39C7, 0x5269, 0x736C, 0x83AD, 0x736C, 0x39A6, 0x7B8D, 0x6B0B, 0x39E7, 0x65B3,
  0x7675, 0x3C2D, 0x1944, 0x7B8C, 0xB532, 0xA4B1, 0x9C4F, 0x9C4F, 0xB574, 0xE6D9, 0xF75B, 0xF73A,
  0xEEF9, 0xEEF9, 0xF73A, 0xFF7B, 0xF73A, 0xD657, 0xA4D1, 0x736C, 0x4207, 0x3185, 0x3185, 0x2965,
  0x31A6, 0x39C7, 0x4208, 0x4228, 0x4A49, 0x5269, 0x4A28, 0x3186, 0x5269, 0x4A49, 0x4A28, 0x4228,
  0x41E7, 0x39C7, 0x31A6, 0x3186, 0x2965, 0x3185, 0x5269, 0x7BAD, 0xB553, 0xE6B8, 0xFF5B, 0xFF7B,
  0xEEF9, 0xE6D9, 0xEF1A, 0xFF5B, 0xEF1A, 0xBD74, 0x736C, 0x62CA, 0x7B6C, 0x83AD, 0x7BAD, 0x3985,
  0x19C6, 0x3C0E, 0x442E, 0x2227, 0x2104, 0x31C7, 0x18E4, 0x18C3, 0x31A7, 0x5AAA, 0x5AAA, 0x3186,
  0x2125, 0x3166, 0x1082, 0x0000, 0x0021, 0x0020, 0x0020, 0x0020, 0x0020, 0x0020, 0x0020, 0x0020,
  0x0020, 0x0020, 0x0020, 0x0020, 0x0020, 0x0020, 0x0020, 0x0020, 0x0020, 0x0020, 0x0020, 0x0020,
  0x0020, 0x0020, 0x0020, 0x0021, 0x0020, 0x0021, 0x0021, 0x0021, 0x0020, 0x0020, 0x0020, 0x0020,
  0x0020, 0x0020, 0x0020, 0x0020, 0x0020, 0x0020, 0x0020, 0x0020, 0x0020, 0x0020, 0x0020, 0x0020,
  0x0020, 0x0020, 0x0020, 0x0020, 0x0020, 0x0020, 0x0020, 0x0020, 0x0020, 0x0020, 0x0020, 0x0020,
  0x0021, 0x0021, 0x0020, 0x0020, 0x0020, 0x0020, 0x0021, 0x0020, 0x0020, 0x0020, 0x0020, 0x0020,
  0x0020, 0x0020, 0x0020, 0x0020, 0x0861, 0x31A6, 0x4207, 0x39C7, 0x39E7, 0x62EB, 0x8C0F, 0x41E7,
  0x5ACA, 0x7B8D, 0x4208, 0x54F0, 0x7655, 0x7655, 0x54D0, 0x08A2, 0x5228, 0xA470, 0xAD12, 0xA4B1,
  0x9C6F, 0x9C6F, 0xB533, 0xD677, 0xF73A, 0xF75B, 0xF73A, 0xEEF9, 0xEEF9, 0xF73A, 0xFF7B, 0xFF9B,
  0xF73A, 0xDE77, 0xBD94, 0xA4D1, 0x83EE, 0x6B4C, 0x5AAA, 0x4A48, 0x4207, 0x41E7, 0x39C7, 0x39A6,
  0x39E7, 0x39E7, 0x4207, 0x4A48, 0x5ACA, 0x6B4C, 0x8C0F, 0xA4F2, 0xC5D5, 0xE6B8, 0xF75A, 0xFF7B,
  0xFF5B, 0xEEF9, 0xE6D9, 0xEEF9, 0xF73A, 0xFF5B, 0xE6D9, 0xB533, 0x7B8D, 0x6B0B, 0x7B6C, 0x83AD,
  0x83AD, 0x62CA, 0x2103, 0x1A47, 0x442E, 0x3BCD, 0x3C0D, 0x19C6, 0x2945, 0x3186, 0x18C3, 0x2124,
  0x39C7, 0x4A28, 0x2945, 0x2124, 0x2965, 0x2124, 0x0841, 0x0020, 0x0020, 0x0020, 0x0020, 0x0020,
  0x0020, 0x0020, 0x0020, 0x0020, 0x0020, 0x0020, 0x0020, 0x0020, 0x0020, 0x0020, 0x0020, 0x0020,
  0x0021, 0x0020, 0x0020, 0x0020, 0x0020, 0x0020, 0x0020, 0x0020, 0x0020, 0x0020, 0x0020, 0x0020,
  0x0021, 0x0021, 0x0020, 0x0020, 0x0021, 0x0021, 0x0020, 0x0020, 0x0020, 0x0020, 0x0020, 0x0021,
  0x0020, 0x0020, 0x0021, 0x0020, 0x0020, 0x0020, 0x0020, 0x0020, 0x0020, 0x0020, 0x0020, 0x0020,
  0x0020, 0x0021, 0x0020, 0x0020, 0x0020, 0x0020, 0x0020, 0x0020, 0x0020, 0x0020, 0x0021, 0x0020,
  0x0020, 0x0020, 0x0020, 0x0020, 0x0020, 0x0020, 0x0020, 0x0021, 0x0000, 0x1061, 0x2104, 0x39C7,
  0x4228, 0x39A6, 0x4A48, 0x4207, 0x39C7, 0x7BAD, 0x6B0B, 0x3AA9, 0x6E34, 0x7634, 0x6DF3, 0x29C6,
  0x1A27, 0x29C6, 0x7B4C, 0xACD1, 0xACF1, 0xA490, 0x9C4F, 0x944F, 0xA4D1, 0xC5B5, 0xDE98, 0xF73A,
  0xF75B, 0xF73A, 0xEEF9, 0xEEF9, 0xEEF9, 0xF71A, 0xF75A, 0xFF7B, 0xFF7B, 0xFF7B, 0xFF5B, 0xF73A,
  0xEF1A, 0xEED9, 0xE6D9, 0xEEF9, 0xE6D9, 0xEED9, 0xEF1A, 0xF73A, 0xFF5B, 0xFF7B, 0xFF7B, 0xFF5B,
  0xF73A, 0xEEF9, 0xEEF9, 0xEEF9, 0xF71A, 0xF75A, 0xF75B, 0xEEF9, 0xC5F5, 0x9C90, 0x734C, 0x6AEA,
  0x734C, 0x83AD, 0x83CE, 0x7B6C, 0x41E6, 0x1144, 0x08C2, 0x3B6B, 0x3C0D, 0x442E, 0x2AEA, 0x18E4,
  0x3186, 0x2945, 0x18C3, 0x2945, 0x2125, 0x2125, 0x3186, 0x2945, 0x18C3, 0x0861, 0x0000, 0x0021,
  0x0020, 0x0020, 0x0020, 0x0020, 0x0020, 0x0020, 0x0020, 0x0020, 0x0021, 0x0020, 0x0020, 0x0020,
  0x0021, 0x0020, 0x0020, 0x0020, 0x0020, 0x0020, 0x0020, 0x0020, 0x0021, 0x0021, 0x0020, 0x0020,
  0x0021, 0x0020, 0x0021, 0x0020, 0x0020, 0x0021, 0x0020, 0x0020, 0x0020, 0x0021, 0x0020, 0x0020,
  0x0020, 0x0020, 0x0020, 0x0020, 0x0020, 0x0020, 0x0021, 0x0020, 0x0020, 0x0021, 0x0020, 0x0020,
  0x0020, 0x0020, 0x0020, 0x0020, 0x0020, 0x0020, 0x0020, 0x0021, 0x0020, 0x0020, 0x0020, 0x0020,
  0x0020, 0x0020, 0x0020, 0x0020, 0x0020, 0x0020, 0x0020, 0x0020, 0x0020, 0x0020, 0x0020, 0x0021,
  0x0000, 0x41C6, 0x7B6C, 0x2944, 0x2945, 0x4207, 0x39E7, 0x2965, 0x3186, 0x5ACA, 0x83CE, 0x5A69,
  0x3B2A, 0x7696, 0x65B2, 0x31C7, 0x5D11, 0x4CF0, 0x2247, 0x39C6, 0x7B4C, 0xACB1, 0xACF2, 0xA4B1,
  0x9C90, 0x9C4F, 0x9C4F, 0xA4B1, 0xB574, 0xCE37, 0xE6D9, 0xF73A, 0xF75B, 0xF75A, 0xF73A, 0xEF1A,
  0xEF19, 0xEEF9, 0xEEF9, 0xEEF9, 0xEEF9, 0xEF19, 0xEF19, 0xEEF9, 0xEF19, 0xEF19, 0xEEF9, 0xEEF9,
  0xEEF9, 0xEEF9, 0xEEF9, 0xF71A, 0xF73A, 0xFF5B, 0xF75B, 0xEEF9, 0xDE98, 0xBD94, 0x9490, 0x7B6C,
  0x6B0B, 0x734B, 0x7B8C, 0x83CD, 0x83EE, 0x7B6C, 0x5227, 0x2124, 0x2288, 0x3C0D, 0x2165, 0x32EA,
  0x442E, 0x336C, 0x1924, 0x3186, 0x2966, 0x2104, 0x18C3, 0x2124, 0x2945, 0x2966, 0x18E3, 0x18E3,
  0x62EA, 0x39A6, 0x0000, 0x0021, 0x0020, 0x0020, 0x0020, 0x0021, 0x0020, 0x0020, 0x0020, 0x0020,
  0x0020, 0x0021, 0x0020, 0x0020, 0x0020, 0x0020, 0x0020, 0x0020, 0x0020, 0x0020, 0x0020, 0x0020,
  0x0021, 0x0021, 0x0021, 0x0021, 0x0020, 0x0020, 0x0020, 0x0020, 0x0020, 0x0020, 0x0020, 0x0021,
  0x0020, 0x0021, 0x0020, 0x0020, 0x0020, 0x0020, 0x0020, 0x0020, 0x0020, 0x0020, 0x0020, 0x0020,
  0x0020, 0x0020, 0x0020, 0x0020, 0x0021, 0x0020, 0x0020, 0x0020, 0x0020, 0x0020, 0x0020, 0x0020,
  0x0020, 0x0020, 0x0020, 0x0020, 0x0020, 0x0020, 0x0020, 0x0021, 0x0020, 0x0020, 0x0020, 0x0020,
  0x0020, 0x0020, 0x0020, 0x0041, 0x0000, 0x5268, 0xD636, 0x9C70, 0x4A07, 0x18E3, 0x31A6, 0x4207,
  0x2965, 0x39C7, 0x62EB, 0x83EE, 0x5228, 0x43AC, 0x6E34, 0x3A07, 0x5D11, 0x7655, 0x65B3, 0x33CC,
  0x19E6, 0x39E6, 0x736C, 0xA4B1, 0xACF1, 0xACF1, 0xA4B1, 0x9C70, 0x944F, 0x942F, 0x944F, 0x9CB1,
  0xAD32, 0xBDB4, 0xCE36, 0xDE98, 0xE6D9, 0xEF1A, 0xF73A, 0xF73A, 0xF75A, 0xF75B, 0xF75B, 0xF75B,
  0xF75B, 0xF75B, 0xF75B, 0xF73A, 0xEF1A, 0xEEF9, 0xE6B8, 0xD677, 0xC5F5, 0xAD12, 0x9450, 0x83CE,
  0x7B8D, 0x732B, 0x732B, 0x7B6C, 0x83CD, 0x83EE, 0x8BEE, 0x7B8C, 0x5228, 0x2144, 0x1A07, 0x33AC,
  0x442E, 0x3BED, 0x2165, 0x3B6B, 0x33AC, 0x1924, 0x3166, 0x3186, 0x2104, 0x18E4, 0x20E3, 0x31A6,
  0x2124, 0x10A2, 0x39A6, 0x7B8D, 0x9450, 0x39A6, 0x0000, 0x0021, 0x0020, 0x0020, 0x0020, 0x0020,
  0x0020, 0x0020, 0x0020, 0x0020, 0x0020, 0x0020, 0x0020, 0x0020, 0x0020, 0x0020, 0x0020, 0x0021,
  0x0020, 0x0020, 0x0021, 0x0020, 0x0020, 0x0020, 0x0020, 0x0020, 0x0021, 0x0021, 0x0021, 0x0020,
  0x0020, 0x0020, 0x0020, 0x0021, 0x0020, 0x0021, 0x0020, 0x0020, 0x0020, 0x0020, 0x0020, 0x0020,
  0x0020, 0x0020, 0x0020, 0x0020, 0x0020, 0x0020, 0x0021, 0x0020, 0x0020, 0x0020, 0x0020, 0x0020,
  0x0020, 0x0020, 0x0020, 0x0020, 0x0020, 0x0021, 0x0020, 0x0020, 0x0020, 0x0020, 0x0020, 0x0020,
  0x0020, 0x0020, 0x0020, 0x0020, 0x0020, 0x0020, 0x0020, 0x0041, 0x0000, 0x5269, 0xE697, 0xCDD5,
  0xB533, 0x7B8D, 0x3185, 0x2124, 0x2944, 0x4228, 0x4208, 0x6B0B, 0x83CE, 0x5269, 0x3B4A, 0x3207,
  0x6531, 0x6E14, 0x6DF3, 0x6E14, 0x5D92, 0x3C0D, 0x10E3, 0x2944, 0x5268, 0x838D, 0xA490, 0xACF2,
  0xACF2, 0xA4B1, 0x9C90, 0x9C4F, 0x942F, 0x940E, 0x940E, 0x942F, 0x944F, 0x9C70, 0x9C90, 0xA4B1,
  0xA4F1, 0xACF2, 0xACF2, 0xAD12, 0xAD12, 0xACF2, 0xA4D1, 0x9C90, 0x944F, 0x942F, 0x942F, 0x83CD,
  0x7B8D, 0x7B8C, 0x838D, 0x8BEE, 0x8BEE, 0x83CE, 0x8BEE, 0x8BEE, 0x7B8C, 0x62A9, 0x41C6, 0x18C2,
  0x1A07, 0x33AC, 0x442E, 0x3BED, 0x3BED, 0x3BCD, 0x1944, 0x2AC9, 0x1965, 0x2945, 0x3186, 0x2124,
  0x2125, 0x18E4, 0x18E3, 0x18E3, 0x2124, 0x62EB, 0x8BEE, 0x83AD, 0x8C0E, 0x39A6, 0x0000, 0x0021,
  0x0020, 0x0020, 0x0020, 0x0020, 0x0020, 0x0020, 0x0020, 0x0020, 0x0020, 0x0021, 0x0020, 0x0020,
  0x0020, 0x0020, 0x0020, 0x0020, 0x0020, 0x0020, 0x0021, 0x0021, 0x0020, 0x0021, 0x0020, 0x0021,
  0x0021, 0x0020, 0x0021, 0x0021, 0x0020, 0x0021, 0x0021, 0x0020, 0x0020, 0x0021, 0x0020, 0x0020,
  0x0020, 0x0020, 0x0020, 0x0020, 0x0020, 0x0020, 0x0020, 0x0020, 0x0020, 0x0020, 0x0021, 0x0021,
  0x0020, 0x0020, 0x0021, 0x0020, 0x0020, 0x0020, 0x0020, 0x0020, 0x0020, 0x0020, 0x0020, 0x0021,
  0x0020, 0x0020, 0x0020, 0x0020, 0x0020, 0x0020, 0x0020, 0x0020, 0x0020, 0x0020, 0x0020, 0x0841,
  0x0000, 0x4A48, 0xDE57, 0xCDF5, 0xD616, 0xC5D5, 0xA490, 0x5268, 0x2124, 0x31A6, 0x4A28, 0x41E7,
  0x5ACA, 0x83EE, 0x62CA, 0x3186, 0x54D0, 0x7675, 0x6DF3, 0x6DF4, 0x7614, 0x6DF4, 0x29C6, 0x2A89,
  0x2B2A, 0x2207, 0x31E6, 0x5269, 0x7B6C, 0x940E, 0xA490, 0xACF1, 0xACF1, 0xA4D1, 0xA4B1, 0xA490,
  0x9C90, 0x9C6F, 0x944F, 0x944F, 0x942F, 0x942F, 0x940E, 0x942E, 0x942F, 0x944F, 0x942F, 0x942F,
  0x9C4F, 0x9C4F, 0x9C70, 0x9C4F, 0x8C0E, 0x944F, 0x9C4F, 0x9C4F, 0x8BCD, 0x732B, 0x62A9, 0x41E6,
  0x2165, 0x19E6, 0x2288, 0x18E3, 0x3B8C, 0x440E, 0x3BCD, 0x3BCD, 0x440D, 0x3BED, 0x1944, 0x18E3,
  0x3186, 0x39E7, 0x2925, 0x2124, 0x2945, 0x1082, 0x1082, 0x41E7, 0x83AD, 0x8C0E, 0x83CD, 0x83AD,
  0x8C0E, 0x3185, 0x0000, 0x0041, 0x0020, 0x0020, 0x0020, 0x0020, 0x0020, 0x0020, 0x0020, 0x0020,
  0x0020, 0x0021, 0x0020, 0x0020, 0x0020, 0x0021, 0x0020, 0x0020, 0x0021, 0x0020, 0x0020, 0x0020,
  0x0021, 0x0020, 0x0020, 0x0020, 0x0021, 0x0020, 0x0020, 0x0020, 0x0020, 0x0020, 0x0020, 0x0020,
  0x0020, 0x0020, 0x0020, 0x0020, 0x0020, 0x0020, 0x0020, 0x0020, 0x0020, 0x0020, 0x0020, 0x0021,
  0x0020, 0x0020, 0x0020, 0x0020, 0x0021, 0x0021, 0x0021, 0x0020, 0x0020, 0x0020, 0x0020, 0x0020,
  0x0020, 0x0021, 0x0020, 0x0020, 0x0020, 0x0020, 0x0020, 0x0020, 0x0020, 0x0020, 0x0020, 0x0020,
  0x0020, 0x0020, 0x0021, 0x0000, 0x0000, 0x5A89, 0xDE77, 0xCDF5, 0xCDF5, 0xCDF5, 0xD636, 0xCDD5,
  0x41E7, 0x1081, 0x5ACA, 0x5269, 0x41E7, 0x5289, 0x83CE, 0x7B8D, 0x3A27, 0x4C0D, 0x6E34, 0x7655,
  0x6DF4, 0x65F3, 0x31E7, 0x43AC, 0x6E34, 0x5D52, 0x446F, 0x334B, 0x2268, 0x21C6, 0x39E6, 0x5248,
  0x6AEA, 0x7B6C, 0x8BEE, 0x9C4F, 0xA490, 0xA490, 0xA4B1, 0xA4D1, 0xA4B1, 0xA4B1, 0xA4D1, 0xA4D1,
  0xA4D1, 0xA4D1, 0xA4D1, 0xACD1, 0xACD1, 0xA4B1, 0xA470, 0x93EE, 0x7B4C, 0x730B, 0x5AA9, 0x4A07,
  0x2985, 0x21A5, 0x2227, 0x22C9, 0x338C, 0x444F, 0x3B8C, 0x1904, 0x336B, 0x3BED, 0x43ED, 0x444E,
  0x33AC, 0x1985, 0x2145, 0x4A49, 0x4208, 0x2945, 0x2945, 0x39C7, 0x18E3, 0x0000, 0x6B2B, 0x8C2F,
  0x7B8D, 0x83AD, 0x83CE, 0x83AD, 0x8BEE, 0x39A6, 0x0861, 0x0000, 0x0020, 0x0020, 0x0020, 0x0020,
  0x0020, 0x0020, 0x0020, 0x0020, 0x0020, 0x0020, 0x0020, 0x0021, 0x0020, 0x0020, 0x0020, 0x0020,
  0x0021, 0x0021, 0x0021, 0x0020, 0x0020, 0x0020, 0x0020, 0x0020, 0x0020, 0x0020, 0x0020, 0x0020,
  0x0020, 0x0021, 0x0020, 0x0020, 0x0021, 0x0020, 0x0020, 0x0020, 0x0020, 0x0020, 0x0020, 0x0020,
  0x0020, 0x0020, 0x0020, 0x0020, 0x0021, 0x0020, 0x0020, 0x0021, 0x0020, 0x0021, 0x0020, 0x0021,
  0x0020, 0x0020, 0x0021, 0x0020, 0x0020, 0x0020, 0x0020, 0x0020, 0x0020, 0x0020, 0x0020, 0x0020,
  0x0020, 0x0020, 0x0020, 0x0020, 0x0021, 0x0841, 0x0000, 0x4227, 0xAD33, 0x734C, 0xD636, 0xCDF5,
  0xCE15, 0xD636, 0xBD74, 0x5268, 0x7BAD, 0xC5D5, 0x62A9, 0x62CA, 0x5289, 0x4208, 0x4228, 0x6B2C,
  0x83CE, 0x5AAA, 0x3AA9, 0x548F, 0x6E34, 0x6E34, 0x29C6, 0x4BCD, 0x6E55, 0x6DF3, 0x6DF3, 0x65D3,
  0x6592, 0x54F0, 0x3BCC, 0x10A2, 0x1124, 0x2227, 0x21C6, 0x29A6, 0x31C6, 0x39E7, 0x4A27, 0x5248,
  0x5268, 0x5A89, 0x62A9, 0x62CA, 0x5A89, 0x5A89, 0x5A68, 0x5248, 0x4A27, 0x4207, 0x31C6, 0x29A5,
  0x21C6, 0x1164, 0x0861, 0x1A68, 0x33AC, 0x3C2E, 0x444E, 0x444E, 0x442E, 0x444E, 0x3B8C, 0x1904,
  0x3B6B, 0x444E, 0x3BED, 0x2248, 0x2144, 0x4208, 0x5269, 0x39C6, 0x2945, 0x2965, 0x39E7, 0x3185,
  0x41C6, 0x5AAA, 0x2944, 0x5A89, 0x8BEE, 0x83AD, 0x83AD, 0x83AD, 0x83EE, 0x41E7, 0x736C, 0x4A07,
  0x0841, 0x0020, 0x0021, 0x0020, 0x0020, 0x0020, 0x0020, 0x0020, 0x0020, 0x0020, 0x0020, 0x0020,
  0x0021, 0x0020, 0x0020, 0x0021, 0x0020, 0x0021, 0x0020, 0x0020, 0x0021, 0x0020, 0x0020, 0x0020,
  0x0021, 0x0021, 0x0020, 0x0020, 0x0021, 0x0020, 0x0020, 0x0020, 0x0021, 0x0020, 0x0020, 0x0020,
  0x0020, 0x0020, 0x0020, 0x0020, 0x0020, 0x0021, 0x0020, 0x0020, 0x0021, 0x0020, 0x0021, 0x0020,
  0x0021, 0x0020, 0x0020, 0x0020, 0x0020, 0x0020, 0x0020, 0x0020, 0x0020, 0x0021, 0x0020, 0x0020,
  0x0020, 0x0020, 0x0020, 0x0020, 0x0020, 0x0020, 0x0021, 0x0041, 0x0000, 0x0000, 0x630B, 0xFF5B,
  0xD656, 0x6B2B, 0xDE56, 0xD616, 0xD636, 0xCDF5, 0x4A28, 0xBD94, 0xFF7B, 0xF73A, 0xCDD5, 0x62CA,
  0x6B2B, 0x5AAA, 0x4228, 0x4208, 0x5289, 0x736C, 0x7B8D, 0x5AAA, 0x3AA9, 0x444E, 0x29A6, 0x4BED,
  0x6E75, 0x65D3, 0x65D3, 0x6DF3, 0x6DF3, 0x6DF3, 0x5D51, 0x2965, 0x3B0A, 0x5D92, 0x4CD0, 0x444E,
  0x3C0D, 0x33AC, 0x336B, 0x2B0A, 0x22C9, 0x2AEA, 0x1124, 0x10C2, 0x2288, 0x2AC9, 0x2AEA, 0x2B2A,
  0x2B4B, 0x336B, 0x3BCD, 0x3C0D, 0x44AF, 0x332A, 0x2104, 0x3BCC, 0x4C8F, 0x446E, 0x444E, 0x444E,
  0x442E, 0x4C6F, 0x43ED, 0x2124, 0x2B2B, 0x2AA9, 0x29A6, 0x4A08, 0x5AAA, 0x4A49, 0x2965, 0x2124,
  0x39A6, 0x41E7, 0x3165, 0x4207, 0x8C0F, 0xC5B5, 0xCDD5, 0x4A48, 0x5268, 0x8BEE, 0x7BAD, 0x83AD,
  0x83EE, 0x41C7, 0x7B6C, 0x9C91, 0x62CA, 0x0000, 0x0000, 0x0020, 0x0021, 0x0020, 0x0020, 0x0020,
  0x0020, 0x0020, 0x0020, 0x0020, 0x0020, 0x0020, 0x0020, 0x0020, 0x0021, 0x0021, 0x0021, 0x0020,
  0x0020, 0x0021, 0x0020, 0x0020, 0x0020, 0x0020, 0x0020, 0x0020, 0x0020, 0x0020, 0x0020, 0x0020,
  0x0020, 0x0021, 0x0020, 0x0020, 0x0020, 0x0020, 0x0020, 0x0021, 0x0020, 0x0020, 0x0020, 0x0020,
  0x0020, 0x0021, 0x0020, 0x0020, 0x0020, 0x0020, 0x0020, 0x0020, 0x0020, 0x0020, 0x0020, 0x0020,
  0x0020, 0x0021, 0x0020, 0x0020, 0x0020, 0x0020, 0x0020, 0x0020, 0x0020, 0x0041, 0x0000, 0x0000,
  0x4207, 0x6B4C, 0x736C, 0xFF5A, 0xCE15, 0x734C, 0xDE57, 0xD616, 0xDE36, 0xC594, 0x5248, 0xD657,
  0xEEF9, 0xEEF9, 0xEF19, 0xDE77, 0x7B8D, 0x62CA, 0x6B0B, 0x4A49, 0x4A28, 0x4207, 0x5289, 0x7BCE,
  0x7B6C, 0x5A89, 0x39C6, 0x3AA9, 0x5511, 0x65F3, 0x6E55, 0x6E34, 0x65D3, 0x65F3, 0x5D72, 0x3186,
  0x436B, 0x6E55, 0x65D3, 0x65D3, 0x65D3, 0x65D3, 0x65B3, 0x65B3, 0x6592, 0x65B3, 0x3A69, 0x29C6,
  0x5531, 0x5D72, 0x5D72, 0x5D72, 0x5D72, 0x5D72, 0x6592, 0x5531, 0x4D10, 0x3B4B, 0x2104, 0x3BED,
  0x4C8F, 0x444E, 0x4C6F, 0x4C8F, 0x4C8F, 0x444E, 0x2B0A, 0x18E3, 0x31C6, 0x5249, 0x62EB, 0x528A,
  0x3186, 0x2124, 0x3185, 0x39E7, 0x39C7, 0x2124, 0x5268, 0x9C90, 0xCE16, 0xEED8, 0xEF19, 0x83EE,
  0x3165, 0x8C0F, 0x7BAD, 0x7BAD, 0x83EE, 0x39C6, 0x7B8D, 0x9C90, 0x4A28, 0x41E7, 0x5269, 0x0020,
  0x0000, 0x0041, 0x0021, 0x0020, 0x0020, 0x0020, 0x0020, 0x0020, 0x0020, 0x0020, 0x0020, 0x0020,
  0x0020, 0x0020, 0x0021, 0x0021, 0x0021, 0x0020, 0x0020, 0x0020, 0x0020, 0x0020, 0x0020, 0x0020,
  0x0020, 0x0020, 0x0021, 0x0020, 0x0020, 0x0020, 0x0020, 0x0020, 0x0020, 0x0020, 0x0020, 0x0020,
  0x0021, 0x0020, 0x0020, 0x0020, 0x0021, 0x0020, 0x0020, 0x0020, 0x0020, 0x0020, 0x0020, 0x0020,
  0x0020, 0x0020, 0x0020, 0x0020, 0x0020, 0x0020, 0x0020, 0x0020, 0x0020, 0x0020, 0x0020, 0x0041,
  0x0020, 0x0000, 0x2103, 0x9470, 0xFF9B, 0xAD33, 0x3185, 0x9CB1, 0xC5D5, 0x736C, 0xDE56, 0xD616,
  0xD636, 0xC594, 0x4A27, 0xACF1, 0xB512, 0xDE98, 0xF73A, 0xF73A, 0xEEF9, 0xA4B1, 0x6B2B, 0x62EB,
  0x5269, 0x5269, 0x4208, 0x4207, 0x52A9, 0x6B4C, 0x7BAD, 0x6B2B, 0x5269, 0x42A9, 0x43AC, 0x54AF,
  0x5D92, 0x6E34, 0x65D3, 0x31A6, 0x434B, 0x6E34, 0x65B3, 0x65D3, 0x65D3, 0x65D3, 0x65D3, 0x65F3,
  0x65D3, 0x6E34, 0x3A89, 0x31E7, 0x5DB2, 0x6592, 0x5DB2, 0x5DB2, 0x5DB2, 0x65B2, 0x65B2, 0x5511,
  0x4CD0, 0x332B, 0x2925, 0x444E, 0x4CF0, 0x446F, 0x3C2E, 0x3B8C, 0x2AA9, 0x29E7, 0x4208, 0x5AAA,
  0x62CA, 0x4A69, 0x3186, 0x2945, 0x2965, 0x3185, 0x39A6, 0x3185, 0x2944, 0x6B2B, 0xB533, 0xDE77,
  0xF71A, 0xBD73, 0x8BEE, 0x5A89, 0x39C6, 0x8BEE, 0x7BAD, 0x7BAD, 0x83EE, 0x41E7, 0x6B2B, 0x5269,
  0x10A2, 0x5289, 0xBD94, 0xACD1, 0x41E6, 0x0000, 0x0000, 0x0041, 0x0020, 0x0020, 0x0020, 0x0020,
  0x0020, 0x0020, 0x0021, 0x0021, 0x0020, 0x0020, 0x0020, 0x0020, 0x0021, 0x0021, 0x0020, 0x0020,
  0x0020, 0x0020, 0x0020, 0x0020, 0x0020, 0x0020, 0x0021, 0x0021, 0x0020, 0x0021, 0x0020, 0x0020,
  0x0020, 0x0020, 0x0020, 0x0020, 0x0020, 0x0020, 0x0020, 0x0020, 0x0021, 0x0020, 0x0020, 0x0021,
  0x0020, 0x0020, 0x0020, 0x0020, 0x0020, 0x0020, 0x0020, 0x0020, 0x0020, 0x0020, 0x0020, 0x0020,
  0x0020, 0x0021, 0x0021, 0x0000, 0x0861, 0x738D, 0xE6B8, 0xF75A, 0xFF5A, 0x9CB1, 0x39C6, 0x736C,
  0x5ACA, 0x6B0B, 0xE697, 0xCDF5, 0xD616, 0xD636, 0x5289, 0x5A89, 0xACF1, 0xAD12, 0xBDB4, 0xEEFA,
  0xF71A, 0xFF7B, 0xD636, 0x5AA9, 0x2965, 0x5269, 0x5289, 0x4228, 0x4208, 0x4208, 0x4A48, 0x630B,
  0x7B8D, 0x7B6D, 0x6B0B, 0x5289, 0x4A89, 0x42EA, 0x3B2A, 0x2945, 0x3B0A, 0x5DD3, 0x65D3, 0x6614,
  0x6E34, 0x6E34, 0x6E34, 0x6E34, 0x6E34, 0x6E75, 0x3ACA, 0x3A48, 0x65F3, 0x65D3, 0x65F3, 0x65F3,
  0x6613, 0x65F3, 0x6613, 0x5551, 0x44D0, 0x332A, 0x2104, 0x2AEA, 0x32E9, 0x2A27, 0x3A27, 0x4A28,
  0x5A89, 0x62CB, 0x5ACA, 0x4208, 0x2965, 0x2945, 0x2945, 0x3186, 0x31A6, 0x2124, 0x10A2, 0x4A28,
  0x9C70, 0xD616, 0xEED9, 0xD657, 0x9470, 0x7B8D, 0x7B8D, 0x3985, 0x4A07, 0x8BEE, 0x7BAD, 0x7BAD,
  0x8C0F, 0x39C6, 0x2124, 0x2966, 0x18E3, 0x4A28, 0xACD1, 0xD616, 0xD636, 0x942F, 0x2104, 0x0000,
  0x0020, 0x0021, 0x0020, 0x0020, 0x0020, 0x0020, 0x0020, 0x0021, 0x0021, 0x0020, 0x0021, 0x0020,
  0x0020, 0x0021, 0x0020, 0x0020, 0x0020, 0x0020, 0x0020, 0x0020, 0x0020, 0x0021, 0x0021, 0x0021,
  0x0021, 0x0021, 0x0020, 0x0020, 0x0020, 0x0020, 0x0020, 0x0020, 0x0021, 0x0021, 0x0020, 0x0020,
  0x0020, 0x0021, 0x0020, 0x0020, 0x0021, 0x0020, 0x0020, 0x0020, 0x0020, 0x0020, 0x0021, 0x0020,
  0x0020, 0x0020, 0x0020, 0x0020, 0x0021, 0x0020, 0x0000, 0x5289, 0xCE16, 0xFF7B, 0xEEF9, 0xE6B8,
  0xFF5B, 0xA4F2, 0x39C6, 0x83CE, 0x6B0B, 0x4A28, 0xAD12, 0xE697, 0xD615, 0xD636, 0xB532, 0x08E2,
  0x3A48, 0x838D, 0xB512, 0xAD12, 0xCE16, 0xD637, 0x8C0E, 0x734B, 0x4A07, 0x1882, 0x3185, 0x4228,
  0x4A69, 0x4A49, 0x4228, 0x4208, 0x4207, 0x4A69, 0x5AEA, 0x734C, 0x7B8D, 0x732C, 0x6AEB, 0x62CA,
  0x5289, 0x4A89, 0x42A9, 0x430A, 0x434B, 0x43AC, 0x440D, 0x4C4E, 0x4C6E, 0x448F, 0x2A27, 0x29C6,
  0x446E, 0x444E, 0x444E, 0x442D, 0x43CC, 0x438C, 0x3B2A, 0x32A9, 0x3248, 0x4248, 0x4A08, 0x4A28,
  0x5A69, 0x62CA, 0x630B, 0x5289, 0x4228, 0x31A6, 0x2945, 0x2945, 0x2965, 0x3186, 0x3186, 0x2945,
  0x18A2, 0x2924, 0x5A89, 0x83EE, 0xE6B8, 0xE6B8, 0xA4D1, 0x83AD, 0x7B8D, 0x62A9, 0x2144, 0x18E3,
  0x83AD, 0x7BAD, 0x83AD, 0x8C0F, 0x6B0B, 0x2104, 0x2965, 0x39E7, 0x2104, 0x4A28, 0xACD1, 0xCDD5,
  0xC5D4, 0xD636, 0xC5D5, 0x732B, 0x1081, 0x0000, 0x0021, 0x0020, 0x0020, 0x0020, 0x0020, 0x0020,
  0x0020, 0x0020, 0x0020, 0x0021, 0x0020, 0x0020, 0x0020, 0x0020, 0x0020, 0x0020, 0x0020, 0x0020,
  0x0020, 0x0020, 0x0020, 0x0020, 0x0021, 0x0020, 0x0020, 0x0020, 0x0020, 0x0020, 0x0020, 0x0021,
  0x0020, 0x0021, 0x0020, 0x0021, 0x0021, 0x0020, 0x0020, 0x0021, 0x0020, 0x0020, 0x0020, 0x0020,
  0x0020, 0x0020, 0x0020, 0x0021, 0x0020, 0x0020, 0x0020, 0x0021, 0x0020, 0x1082, 0xAD33, 0xFF5A,
  0xF73A, 0xEED9, 0xEEF9, 0xEED9, 0xFF5B, 0xA4F2, 0x2104, 0x736D, 0x7B8D, 0x6B2B, 0x39C6, 0x7B8D,
  0xD615, 0xDE77, 0xB512, 0x21A5, 0x3C6E, 0x2288, 0x5248, 0x9C4F, 0xB532, 0x83CD, 0x7B6C, 0x6289,
  0x31A6, 0x2247, 0x0061, 0x18A2, 0x2945, 0x4207, 0x4A49, 0x4A69, 0x4A48, 0x4228, 0x4228, 0x4228,
  0x5269, 0x5AAA, 0x62EB, 0x62EB, 0x6B2B, 0x732C, 0x734C, 0x732C, 0x6B0B, 0x6AEB, 0x62CA, 0x62AA,
  0x5A89, 0x5A89, 0x5A89, 0x5AA9, 0x5269, 0x5269, 0x5A89, 0x5A89, 0x5A69, 0x62AA, 0x62CA, 0x6AEA,
  0x6AEB, 0x6B0B, 0x5AAA, 0x5289, 0x4A69, 0x4208, 0x39C7, 0x3186, 0x2965, 0x2965, 0x3186, 0x31A6,
  0x3186, 0x2124, 0x18C3, 0x0841, 0x0923, 0x31C6, 0x5A69, 0x8BEE, 0xB533, 0x83CE, 0x7B8C, 0x732B,
  0x3985, 0x2268, 0x1AA8, 0x2944, 0x83CE, 0x83CE, 0x83AD, 0x4207, 0x18C3, 0x2965, 0x31A6, 0x39A6,
  0x10A2, 0x4A48, 0xA4D1, 0xC5D5, 0xCDD5, 0xC5B4, 0xCDD5, 0xD636, 0xBD74, 0x2924, 0x0000, 0x0021,
  0x0020, 0x0020, 0x0020, 0x0020, 0x0021, 0x0020, 0x0021, 0x0020, 0x0021, 0x0021, 0x0021, 0x0021,
  0x0020, 0x0020, 0x0020, 0x0021, 0x0020, 0x0020, 0x0020, 0x0020, 0x0021, 0x0020, 0x0020, 0x0020,
  0x0020, 0x0020, 0x0020, 0x0020, 0x0020, 0x0020, 0x0020, 0x0020, 0x0020, 0x0020, 0x0020, 0x0021,
  0x0020, 0x0020, 0x0020, 0x0020, 0x0020, 0x0020, 0x0020, 0x0020, 0x0020, 0x0020, 0x0020, 0x0021,
  0x0000, 0x2104, 0xF73A, 0xF73A, 0xEED9, 0xEEF9, 0xEEF9, 0xEED9, 0xFF5B, 0xA4D2, 0x20E3, 0x4A48,
  0x5269, 0x7B8D, 0x736D, 0x4A49, 0x5268, 0xBD73, 0xBD94, 0x5289, 0x7C2F, 0x3BCC, 0x33AC, 0x2A07,
  0x732B, 0x732B, 0x41C6, 0x21E6, 0x230A, 0x2AA9, 0x10A2, 0x2125, 0x18E3, 0x10A2, 0x2104, 0x39A6,
  0x4A28, 0x5289, 0x3185, 0x31A6, 0x3165, 0x2945, 0x3186, 0x39A6, 0x41E7, 0x4A28, 0x5269, 0x5289,
  0x5AAA, 0x5ACA, 0x62EB, 0x62EB, 0x630B, 0x630B, 0x62EB, 0x62EB, 0x62EB, 0x62EB, 0x62EB, 0x62EB,
  0x5ACA, 0x5AAA, 0x5289, 0x5269, 0x4207, 0x39C6, 0x3165, 0x2945, 0x2124, 0x18E3, 0x2124, 0x18E3,
  0x31A6, 0x31A6, 0x2965, 0x2104, 0x10A2, 0x1082, 0x18E4, 0x18C3, 0x1164, 0x2B2A, 0x2227, 0x41E7,
  0x9C4F, 0x7B4C, 0x5228, 0x21C6, 0x22E9, 0x2B0A, 0x4227, 0x3185, 0x8C2F, 0x62EA, 0x2944, 0x2104,
  0x31A6, 0x31A6, 0x2124, 0x2124, 0x0862, 0x4A48, 0xA4B1, 0xC5B4, 0xCDD5, 0xCDD5, 0xC5D5, 0xCDD5,
  0xD616, 0x41C6, 0x0000, 0x0021, 0x0020, 0x0020, 0x0020, 0x0020, 0x0020, 0x0020, 0x0021, 0x0020,
  0x0021, 0x0020, 0x0020, 0x0020, 0x0021, 0x0020, 0x0021, 0x0020, 0x0021, 0x0021, 0x0021, 0x0020,
  0x0021, 0x0020, 0x0020, 0x0020, 0x0020, 0x0020, 0x0020, 0x0020, 0x0021, 0x0021, 0x0021, 0x0020,
  0x0020, 0x0020, 0x0021, 0x0021, 0x0020, 0x0021, 0x0020, 0x0020, 0x0020, 0x0020, 0x0020, 0x0020,
  0x0020, 0x0020, 0x0020, 0x0020, 0x0000, 0x10A2, 0x944F, 0xD657, 0xEEF9, 0xEEF9, 0xEED9, 0xEED9,
  0xF73A, 0xC5B5, 0x18C2, 0x31A6, 0x4208, 0x4228, 0x6B0B, 0x83EE, 0x630B, 0x4A28, 0x5ACA, 0x6B2B,
  0xF719, 0xA4D2, 0x538C, 0x3C4E, 0x338B, 0x2A07, 0x22C9, 0x2B4B, 0x3207, 0x6AEA, 0x2924, 0x2145,
  0x2966, 0x2965, 0x2124, 0x10A3, 0x18E3, 0x18C3, 0x5ACA, 0xE6D8, 0xBD73, 0x9470, 0x736C, 0x5289,
  0x4207, 0x31A6, 0x2965, 0x2945, 0x2945, 0x2965, 0x2965, 0x2965, 0x3186, 0x3186, 0x31A6, 0x3186,
  0x3186, 0x3186, 0x3186, 0x2965, 0x2965, 0x2945, 0x2945, 0x2945, 0x2924, 0x2965, 0x39C6, 0x52A9,
  0x7B8D, 0x9C70, 0xCE16, 0x8C2F, 0x0841, 0x18E3, 0x1082, 0x10A2, 0x1904, 0x2125, 0x2965, 0x18C3,
  0x4A28, 0x4268, 0x22C9, 0x2B6B, 0x3247, 0x29C6, 0x2288, 0x230A, 0x3248, 0x7B6C, 0x83AD, 0x3165,
  0x5269, 0x18E3, 0x2965, 0x39C7, 0x2965, 0x2104, 0x2104, 0x18C3, 0x0020, 0x62EA, 0xBD53, 0xCDD4,
  0xC5D4, 0xCDF5, 0xC5D5, 0xAD12, 0x7B6C, 0x2904, 0x0000, 0x0021, 0x0020, 0x0020, 0x0020, 0x0020,
  0x0020, 0x0020, 0x0021, 0x0020, 0x0021, 0x0020, 0x0021, 0x0021, 0x0020, 0x0020, 0x0021, 0x0020,
  0x0021, 0x0021, 0x0021, 0x0021, 0x0021, 0x0020, 0x0020, 0x0020, 0x0020, 0x0020, 0x0020, 0x0021,
  0x0021, 0x0020, 0x0020, 0x0020, 0x0021, 0x0021, 0x0020, 0x0020, 0x0020, 0x0020, 0x0020, 0x0020,
  0x0020, 0x0020, 0x0020, 0x0020, 0x0020, 0x0020, 0x0020, 0x0020, 0x0000, 0x18C2, 0x942F, 0x944F,
  0x942F, 0xE6B8, 0xF73A, 0xEED9, 0xEED9, 0xF71A, 0xC5D5, 0x41E7, 0x2124, 0x4A28, 0x4207, 0x5269,
  0x736C, 0x736C, 0x3186, 0x5AA9, 0xE6B8, 0xE6B8, 0xDE57, 0x842F, 0x4C0D, 0x2B8B, 0x2A89, 0x5ACA,
  0x8BEE, 0x83EE, 0x2104, 0x2945, 0x3186, 0x2966, 0x2965, 0x2986, 0x2124, 0x2124, 0xEF1A, 0xFF7B,
  0xFF5A, 0xFF7B, 0xFF7B, 0xF71A, 0xE6B8, 0xCE16, 0xBD94, 0xA4F2, 0x9470, 0x83EE, 0x738C, 0x6B2B,
  0x62EA, 0x5ACA, 0x5ACA, 0x5AAA, 0x5ACA, 0x5ACA, 0x62EA, 0x6B2B, 0x736C, 0x83CD, 0x944F, 0xA4D1,
  0xBD74, 0xCE16, 0xE6B8, 0xF71A, 0xFF5A, 0xFF5A, 0xF75A, 0xFF9B, 0x4A28, 0x0861, 0x2945, 0x2125,
  0x2125, 0x2945, 0x3186, 0x10A3, 0x6B0B, 0xA490, 0x734C, 0x53CD, 0x3C8F, 0x236B, 0x2AC9, 0x5ACA,
  0x8BEE, 0x942F, 0x6B2C, 0x1061, 0x2124, 0x39C7, 0x31A6, 0x2124, 0x18E4, 0x2104, 0x0882, 0x20E3,
  0x6B2B, 0xB553, 0xCDD5, 0xC5B4, 0xD616, 0xC594, 0x62CA, 0x62CA, 0x7B6C, 0x2944, 0x0000, 0x0021,
  0x0020, 0x0020, 0x0020, 0x0020, 0x0020, 0x0020, 0x0021, 0x0020, 0x0021, 0x0021, 0x0020, 0x0020,
  0x0021, 0x0020, 0x0020, 0x0020, 0x0021, 0x0021, 0x0021, 0x0021, 0x0021, 0x0020, 0x0020, 0x0020,
  0x0020, 0x0020, 0x0020, 0x0020, 0x0020, 0x0020, 0x0021, 0x0020, 0x0020, 0x0021, 0x0020, 0x0020,
  0x0021, 0x0021, 0x0020, 0x0020, 0x0021, 0x0021, 0x0020, 0x0020, 0x0020, 0x0020, 0x0020, 0x0020,
  0x0000, 0x18C2, 0x9C4F, 0x9C4F, 0x7B6C, 0x9C6F, 0xC5D5, 0xF73A, 0xEF19, 0xE6D8, 0xF73A, 0xEEF9,
  0x7BAD, 0x2124, 0x39C6, 0x4228, 0x41E7, 0x6B0B, 0x62EB, 0x62EA, 0xE6B8, 0xCE15, 0xDE56, 0xEED8,
  0xC5B5, 0x8C2F, 0x942F, 0x8C0E, 0x83CE, 0x83CE, 0x2104, 0x2145, 0x4208, 0x4228, 0x3186, 0x2986,
  0x18E4, 0x5269, 0xC5D5, 0xC5D5, 0xD657, 0xDE98, 0xE6D9, 0xEF1A, 0xF73A, 0xFF7B, 0xFF9B, 0xFF9C,
  0xFFBC, 0xFFBC, 0xFF9B, 0xFF9B, 0xFF7B, 0xFF7B, 0xFF7B, 0xFF5B, 0xFF5B, 0xFF5B, 0xFF7B, 0xFF7B,
  0xFF7B, 0xFF7B, 0xFF7B, 0xFF7B, 0xFF7B, 0xF75A, 0xEF1A, 0xE6D9, 0xE6B8, 0xD677, 0xC5D5, 0xBD94,
  0x6B2B, 0x0862, 0x2945, 0x2945, 0x2965, 0x2965, 0x3186, 0x18E3, 0x5AA9, 0x944F, 0xCDF5, 0xD616,
  0x7BEE, 0x6BAD, 0x9C91, 0x944F, 0x83CE, 0x83EE, 0x736C, 0x18C3, 0x39C7, 0x2945, 0x18E3, 0x2104,
  0x18E3, 0x0862, 0x41E7, 0x8BEE, 0xB553, 0xCDD5, 0xCDF5, 0xD616, 0x9C90, 0x6AEA, 0x4A27, 0x62EA,
  0x7B8D, 0x2944, 0x0000, 0x0021, 0x0020, 0x0020, 0x0020, 0x0020, 0x0020, 0x0020, 0x0020, 0x0020,
  0x0020, 0x0021, 0x0020, 0x0020, 0x0021, 0x0021, 0x0020, 0x0021, 0x0021, 0x0021, 0x0020, 0x0020,
  0x0020, 0x0021, 0x0021, 0x0020, 0x0020, 0x0020, 0x0020, 0x0020, 0x0020, 0x0020, 0x0021, 0x0020,
  0x0021, 0x0021, 0x0020, 0x0020, 0x0021, 0x0021, 0x0021, 0x0020, 0x0021, 0x0020, 0x0020, 0x0020,
  0x0020, 0x0020, 0x0020, 0x0020, 0x0000, 0x18C3, 0x9C6F, 0x942F, 0x83CD, 0x9C70, 0x8C0E, 0xACF2,
  0xE6D9, 0xF73A, 0xE6B8, 0xEED9, 0xFF7B, 0xBD94, 0x39C6, 0x2124, 0x4A48, 0x4A48, 0x39C6, 0x5ACA,
  0xE698, 0xD636, 0xD656, 0xD616, 0xE698, 0xB533, 0x83CE, 0x83CD, 0x83CE, 0x83CE, 0x2124, 0x2945,
  0x39C7, 0x4A48, 0x4A48, 0x4208, 0x18E4, 0x4A28, 0xACD1, 0x942F, 0x9C4F, 0x9C70, 0x9C70, 0xA4B1,
  0xACF2, 0xB533, 0xBD74, 0xC5B4, 0xC5D5, 0xCE16, 0xD637, 0xD657, 0xD677, 0xDE77, 0xDE77, 0xDE77,
  0xDE77, 0xDE77, 0xD657, 0xD636, 0xCE16, 0xC5D5, 0xBDB4, 0xB573, 0xAD12, 0xA4F1, 0x9C90, 0x942F,
  0x8C0F, 0x8BEE, 0x83AD, 0x8C0E, 0x5A89, 0x0861, 0x2966, 0x2965, 0x2965, 0x2945, 0x3186, 0x18E3,
  0x5AA9, 0xA4B1, 0xC5B4, 0xCE15, 0xDE56, 0xACD1, 0x8C0F, 0x83CE, 0x83EE, 0x8C0E, 0x7B6C, 0x10A2,
  0x2124, 0x2104, 0x2104, 0x0862, 0x18C2, 0x6B2B, 0x9C70, 0xAD12, 0xCDD5, 0xD616, 0xC594, 0x7B8D,
  0x62A9, 0x7B6C, 0x5AA9, 0x62C9, 0x83AD, 0x3165, 0x0000, 0x0021, 0x0020, 0x0020, 0x0020, 0x0020,
  0x0021, 0x0020, 0x0020, 0x0021, 0x0021, 0x0021, 0x0021, 0x0020, 0x0020, 0x0020, 0x0020, 0x0020,
  0x0020, 0x0020, 0x0021, 0x0020, 0x0021, 0x0021, 0x0020, 0x0020, 0x0020, 0x0020, 0x0020, 0x0020,
  0x0020, 0x0020, 0x0020, 0x0020, 0x0021, 0x0020, 0x0021, 0x0020, 0x0020, 0x0020, 0x0020, 0x0020,
  0x0021, 0x0020, 0x0020, 0x0020, 0x0020, 0x0020, 0x0020, 0x0020, 0x0020, 0x0841, 0x6B0B, 0xA4B1,
  0x83AD, 0x9C4F, 0x9C90, 0x944F, 0x944F, 0xC5D5, 0xF73A, 0xEEF9, 0xE6B8, 0xF719, 0xEED9, 0x7BAD,
  0x2124, 0x39E7, 0x3165, 0x5AA9, 0xE6B8, 0xD636, 0xD636, 0xD636, 0xDE77, 0x944F, 0x7B8D, 0x83EE,
  0x83CE, 0x83CD, 0x2124, 0x2945, 0x39C7, 0x4A48, 0x4A28, 0x4A49, 0x41E7, 0x2124, 0x62EA, 0x734C,
  0x83CE, 0x942F, 0x9C4F, 0x9C70, 0x9C70, 0x9C70, 0x944F, 0x942F, 0x944F, 0x944F, 0x9C4F, 0x944F,
  0x944F, 0x944F, 0x942F, 0x942F, 0x942F, 0x942F, 0x942F, 0x942F, 0x940E, 0x942F, 0x8C0E, 0x8BCD,
  0x8BEE, 0x8BEE, 0x8C0E, 0x940E, 0x8BEE, 0x83AD, 0x734C, 0x6B2B, 0x3165, 0x10A2, 0x3186, 0x2965,
  0x2965, 0x2965, 0x3186, 0x18C3, 0x5A89, 0xB533, 0xCDF5, 0xCDD5, 0xC5D5, 0x7B8D, 0x83CE, 0x8BEE,
  0x8BEE, 0x8C0F, 0x7B8C, 0x1081, 0x18E4, 0x18E3, 0x0861, 0x41E7, 0x8C0E, 0x942F, 0xA4B1, 0xCDF5,
  0xD616, 0xA490, 0x62CA, 0x6AEA, 0x734C, 0x734C, 0x5A89, 0x734B, 0x6AEA, 0x10A2, 0x0000, 0x0021,
  0x0020, 0x0020, 0x0020, 0x0021, 0x0021, 0x0021, 0x0020, 0x0020, 0x0020, 0x0021, 0x0021, 0x0020,
  0x0020, 0x0020, 0x0020, 0x0020, 0x0020, 0x0021, 0x0021, 0x0021, 0x0020, 0x0021, 0x0020, 0x0020,
  0x0020, 0x0020, 0x0020, 0x0021, 0x0021, 0x0020, 0x0020, 0x0021, 0x0021, 0x0020, 0x0020, 0x0021,
  0x0020, 0x0020, 0x0020, 0x0020, 0x0020, 0x0020, 0x0020, 0x0020, 0x0020, 0x0020, 0x0020, 0x0020,
  0x0021, 0x0020, 0x0000, 0x41E7, 0x734B, 0xA4B0, 0x9C6F, 0x9C70, 0x9C6F, 0x940E, 0xACF1, 0xE6B8,
  0xF73A, 0xE6B8, 0xE6D9, 0xFF5B, 0xBD74, 0x41E6, 0x0881, 0x5ACA, 0xE6B8, 0xD636, 0xD636, 0xD636,
  0xDE77, 0x9C70, 0x7B8D, 0x83CE, 0x83CE, 0x83CE, 0x2104, 0x2945, 0x39E7, 0x4A48, 0x4A28, 0x4A28,
  0x5289, 0x2945, 0x2944, 0x5A89, 0x4207, 0x41C6, 0x39A6, 0x4A07, 0x5268, 0x62C9, 0x6B2B, 0x7B6C,
  0x83AD, 0x8BEE, 0x8C0E, 0x942F, 0x942F, 0x942F, 0x942F, 0x942F, 0x942F, 0x942F, 0x8C0E, 0x8BEE,
  0x8BEE, 0x83AD, 0x7B8C, 0x734C, 0x62CA, 0x5A89, 0x5248, 0x41E6, 0x39A5, 0x39A6, 0x4A28, 0x41C6,
  0x0841, 0x2965, 0x2945, 0x2965, 0x2965, 0x2965, 0x3186, 0x18C3, 0x5A89, 0xBD53, 0xCDF5, 0xCDF5,
  0xCDD5, 0x83CE, 0x8BEE, 0x8BEE, 0x8BEE, 0x8C0F, 0x7B8D, 0x1082, 0x0862, 0x18C3, 0x6B0B, 0x9C90,
  0x8C2F, 0xA4D1, 0xD636, 0xBD73, 0x7BAD, 0x62A9, 0x732B, 0x734C, 0x6B0B, 0x7B6C, 0x5A89, 0x39C6,
  0x0841, 0x0000, 0x0021, 0x0020, 0x0020, 0x0020, 0x0020, 0x0020, 0x0020, 0x0020, 0x0020, 0x0021,
  0x0020, 0x0020, 0x0020, 0x0020, 0x0020, 0x0020, 0x0021, 0x0021, 0x0020, 0x0020, 0x0021, 0x0021,
  0x0020, 0x0020, 0x0020, 0x0020, 0x0020, 0x0020, 0x0020, 0x0020, 0x0020, 0x0020, 0x0020, 0x0020,
  0x0020, 0x0021, 0x0020, 0x0020, 0x0021, 0x0021, 0x0020, 0x0020, 0x0020, 0x0020, 0x0020, 0x0020,
  0x0020, 0x0020, 0x0020, 0x0020, 0x0020, 0x0020, 0x0021, 0x0000, 0x1061, 0x6B0B, 0xA4B0, 0x9C90,
  0x9C6F, 0x9C90, 0x944F, 0x942F, 0xC5D5, 0xF73A, 0xEEF9, 0xE698, 0xF719, 0xEEF9, 0x630B, 0x5AA9,
  0xE6B8, 0xD616, 0xD636, 0xD636, 0xDE77, 0x9C70, 0x7B8D, 0x83CE, 0x83CE, 0x83CE, 0x2104, 0x2945,
  0x39E7, 0x4A48, 0x4A28, 0x4A28, 0x4A69, 0x2965, 0x6B0B, 0xB512, 0x9C70, 0x83CD, 0x5268, 0x3165,
  0x0021, 0x10C3, 0x10A2, 0x10A2, 0x18C3, 0x18C3, 0x18E3, 0x2103, 0x2103, 0x2104, 0x2104, 0x2103,
  0x20E3, 0x2103, 0x20E3, 0x18E3, 0x18C3, 0x18E3, 0x18C3, 0x0861, 0x10A2, 0x1082, 0x10A2, 0x5248,
  0x734C, 0x8BEE, 0x9450, 0x83AD, 0x18A2, 0x2965, 0x2945, 0x2965, 0x2965, 0x2965, 0x3186, 0x18C3,
  0x5A89, 0xBD53, 0xD616, 0xCDF5, 0xC5D5, 0x83CE, 0x8BEE, 0x8BEE, 0x8BEE, 0x8C0F, 0x7BAD, 0x0861,
  0x39C6, 0x8BEE, 0x9450, 0x8BEE, 0xACD1, 0xD636, 0x9C90, 0x62CA, 0x6AEA, 0x7B6C, 0x732B, 0x732B,
  0x7B6C, 0x62AA, 0x18A2, 0x0000, 0x0020, 0x0021, 0x0020, 0x0020, 0x0020, 0x0020, 0x0020, 0x0021,
  0x0020, 0x0020, 0x0020, 0x0021, 0x0020, 0x0021, 0x0020, 0x0020, 0x0020, 0x0021, 0x0021, 0x0021,
  0x0020, 0x0020, 0x0020, 0x0020, 0x0021, 0x0021, 0x0020, 0x0021, 0x0020, 0x0020, 0x0020, 0x0021,
  0x0020, 0x0020, 0x0021, 0x0020, 0x0021, 0x0020, 0x0020, 0x0021, 0x0020, 0x0021, 0x0020, 0x0020,
  0x0020, 0x0020, 0x0020, 0x0020, 0x0020, 0x0020, 0x0020, 0x0020, 0x0020, 0x0020, 0x0020, 0x0021,
  0x0020, 0x0000, 0x3985, 0x942F, 0xA4B1, 0x9C6F, 0x9C70, 0x9C90, 0x940E, 0xA4D1, 0xDE98, 0xF71A,
  0xE698, 0xEF1A, 0xCDF6, 0x62CA, 0xE698, 0xD636, 0xDE56, 0xD636, 0xDE77, 0x9C70, 0x7B8D, 0x83CE,
  0x83CE, 0x83CE, 0x2104, 0x2945, 0x39E7, 0x4A49, 0x4A48, 0x4A48, 0x5269, 0x2945, 0x83EE, 0xDE77,
  0xCDF5, 0xB553, 0x62A9, 0x41C6, 0x18C3, 0x3186, 0x2945, 0x2124, 0x2124, 0x1904, 0x1904, 0x1904,
  0x1904, 0x18E3, 0x2104, 0x2145, 0x18E3, 0x18E3, 0x1904, 0x1924, 0x1924, 0x1924, 0x2145, 0x18C3,
  0x2966, 0x2945, 0x2104, 0x62CA, 0x9C90, 0xBD53, 0xBD73, 0xA4D1, 0x10A2, 0x2945, 0x2945, 0x2965,
  0x2945, 0x2965, 0x3186, 0x18C3, 0x5269, 0xBD53, 0xCDF5, 0xCDF5, 0xC5D5, 0x83CD, 0x8BEE, 0x8BEE,
  0x8BEE, 0x8C0F, 0x734C, 0x3165, 0x9450, 0x8C2F, 0x83EE, 0xA4D1, 0xBD73, 0x7B6C, 0x62CA, 0x734C,
  0x734C, 0x732B, 0x734C, 0x734C, 0x41C6, 0x0020, 0x0000, 0x0041, 0x0020, 0x0020, 0x0020, 0x0020,
  0x0020, 0x0020, 0x0020, 0x0021, 0x0020, 0x0020, 0x0021, 0x0020, 0x0021, 0x0020, 0x0020, 0x0021,
  0x0021, 0x0020, 0x0020, 0x0021, 0x0020, 0x0021, 0x0021, 0x0020, 0x0020, 0x0021, 0x0020, 0x0020,
  0x0020, 0x0020, 0x0020, 0x0020, 0x0020, 0x0020, 0x0021, 0x0021, 0x0021, 0x0020, 0x0021, 0x0021,
  0x0020, 0x0020, 0x0021, 0x0020, 0x0020, 0x0020, 0x0020, 0x0020, 0x0020, 0x0020, 0x0020, 0x0020,
  0x0020, 0x0020, 0x0020, 0x0020, 0x0021, 0x0021, 0x0000, 0x1081, 0x6AEA, 0xA4B1, 0xA490, 0x9C6F,
  0x9C90, 0x942F, 0x942F, 0xC5B5, 0xEEF9, 0xFF5A, 0xC5B4, 0x62CA, 0xE6B8, 0xD636, 0xDE56, 0xD636,
  0xDE77, 0x9C70, 0x7B8D, 0x83CE, 0x83CE, 0x83CE, 0x2104, 0x2145, 0x39E7, 0x4A49, 0x4A48, 0x4A48,
  0x5269, 0x2945, 0x83CE, 0xE698, 0xDE56, 0xC5D5, 0x6AEA, 0x41C6, 0x18C3, 0x3186, 0x2124, 0x18A3,
  0x1985, 0x3BCC, 0x338C, 0x338C, 0x3BAC, 0x33AC, 0x1945, 0x20E3, 0x2AEA, 0x3BAC, 0x336C, 0x338C,
  0x3BED, 0x2288, 0x18C3, 0x18E3, 0x2965, 0x2945, 0x2103, 0x62CA, 0xB532, 0xCDF5, 0xCE16, 0xACF1,
  0x10A2, 0x2965, 0x2945, 0x2945, 0x2945, 0x2965, 0x3186, 0x18E3, 0x5A89, 0xBD53, 0xCDF5, 0xCDD5,
  0xC5D5, 0x83CD, 0x8BEE, 0x8BEE, 0x8BEE, 0x8C0F, 0x736C, 0x3165, 0x9450, 0x8C0F, 0xA4B1, 0x9C70,
  0x62CA, 0x6AEA, 0x7B4C, 0x734B, 0x734B, 0x7B8C, 0x62CA, 0x18C3, 0x0000, 0x0020, 0x0021, 0x0020,
  0x0020, 0x0020, 0x0020, 0x0020, 0x0020, 0x0020, 0x0020, 0x0020, 0x0020, 0x0021, 0x0021, 0x0020,
  0x0020, 0x0020, 0x0021, 0x0020, 0x0020, 0x0021, 0x0020, 0x0020, 0x0020, 0x0020, 0x0021, 0x0021,
  0x0020, 0x0021, 0x0021, 0x0020, 0x0020, 0x0020, 0x0020, 0x0020, 0x0021, 0x0020, 0x0020, 0x0020,
  0x0020, 0x0020, 0x0020, 0x0020, 0x0020, 0x0021, 0x0020, 0x0021, 0x0020, 0x0021, 0x0020, 0x0021,
  0x0020, 0x0020, 0x0020, 0x0020, 0x0020, 0x0020, 0x0020, 0x0020, 0x0020, 0x0020, 0x0041, 0x0020,
  0x0000, 0x3985, 0x942E, 0xA4B1, 0x9C6F, 0x9C70, 0x9C70, 0x8BCD, 0xA4B1, 0xC5D5, 0x4A48, 0x5289,
  0xE698, 0xD636, 0xD656, 0xD636, 0xDE77, 0x9C70, 0x7B8D, 0x83CE, 0x83CE, 0x83CD, 0x2104, 0x2945,
  0x39E7, 0x4A49, 0x4A48, 0x4A48, 0x5269, 0x2945, 0x83CE, 0xE698, 0xD636, 0xC594, 0x732B, 0x5227,
  0x18C3, 0x39A6, 0x2124, 0x1082, 0x21E6, 0x442E, 0x440D, 0x440E, 0x440E, 0x3C0D, 0x29A6, 0x2104,
  0x2B2A, 0x442E, 0x440E, 0x3BED, 0x442E, 0x330A, 0x18E3, 0x18E3, 0x3186, 0x2125, 0x20E3, 0x734C,
  0xB553, 0xCDD5, 0xCDF5, 0xACF2, 0x10A2, 0x2965, 0x2965, 0x2965, 0x2965, 0x2945, 0x3186, 0x18E3,
  0x5A89, 0xBD53, 0xCDF5, 0xCDD5, 0xC5D5, 0x83CD, 0x8BEE, 0x8BEE, 0x8BEE, 0x8C0F, 0x7B8D, 0x0861,
  0x4A07, 0x83CE, 0x6B0B, 0x62A9, 0x734B, 0x734C, 0x732B, 0x7B6C, 0x734C, 0x41C6, 0x0020, 0x0000,
  0x0021, 0x0020, 0x0020, 0x0020, 0x0020, 0x0020, 0x0020, 0x0020, 0x0020, 0x0020, 0x0020, 0x0021,
  0x0020, 0x0021, 0x0021, 0x0021, 0x0020, 0x0021, 0x0020, 0x0020, 0x0020, 0x0020, 0x0020, 0x0021,
  0x0021, 0x0020, 0x0021, 0x0020, 0x0021, 0x0021, 0x0020, 0x0020, 0x0020, 0x0020, 0x0020, 0x0020,
  0x0021, 0x0020, 0x0020, 0x0020, 0x0020, 0x0020, 0x0020, 0x0020, 0x0020, 0x0020, 0x0020, 0x0020,
  0x0020, 0x0020, 0x0020, 0x0021, 0x0020, 0x0020, 0x0021, 0x0021, 0x0021, 0x0020, 0x0020, 0x0020,
  0x0020, 0x0020, 0x0020, 0x0021, 0x0041, 0x0000, 0x1061, 0x6B0B, 0xA4B0, 0x9C70, 0x944F, 0xACD1,
  0x62CA, 0x2924, 0x39A6, 0x62CA, 0xEEB8, 0xD616, 0xD656, 0xD636, 0xDE77, 0x9C70, 0x7B8D, 0x83CE,
  0x83CD, 0x83CD, 0x2104, 0x2945, 0x39E7, 0x4A49, 0x4A48, 0x4A48, 0x5269, 0x2945, 0x83CE, 0xE698,
  0xD636, 0xC594, 0x732B, 0x5248, 0x10A3, 0x39C7, 0x2124, 0x18A3, 0x21E6, 0x3C0D, 0x3BED, 0x3BED,
  0x3BED, 0x3BED, 0x29A6, 0x2924, 0x332A, 0x440E, 0x3BED, 0x3C0D, 0x3C2E, 0x2AEA, 0x2104, 0x2104,
  0x39C7, 0x2125, 0x2103, 0x83AD, 0xBD73, 0xCDD5, 0xCDF5, 0xACF1, 0x10A2, 0x2965, 0x2965, 0x2965,
  0x2965, 0x2965, 0x2966, 0x18E3, 0x5A89, 0xB553, 0xCDF5, 0xCDD5, 0xC5B5, 0x83CD, 0x8BEE, 0x8BEE,
  0x8BEE, 0x8C0E, 0x7BAD, 0x18C3, 0x2104, 0x1081, 0x41E7, 0x7B6C, 0x732B, 0x732B, 0x7B6C, 0x62CA,
  0x18C3, 0x0000, 0x0020, 0x0021, 0x0020, 0x0020, 0x0020, 0x0020, 0x0020, 0x0020, 0x0020, 0x0020,
  0x0020, 0x0020, 0x0020, 0x0020, 0x0021, 0x0021, 0x0021, 0x0020, 0x0020, 0x0020, 0x0020, 0x0021,
  0x0020, 0x0020, 0x0021, 0x0020, 0x0020, 0x0020, 0x0020, 0x0020, 0x0021, 0x0021, 0x0020, 0x0020,
  0x0020, 0x0020, 0x0020, 0x0020, 0x0020, 0x0020, 0x0021, 0x0020, 0x0021, 0x0020, 0x0020, 0x0020,
  0x0020, 0x0020, 0x0021, 0x0020, 0x0020, 0x0020, 0x0020, 0x0020, 0x0020, 0x0020, 0x0020, 0x0020,
  0x0020, 0x0020, 0x0020, 0x0020, 0x0020, 0x0020, 0x0020, 0x0020, 0x0020, 0x0041, 0x0020, 0x0000,
  0x3185, 0x8C0E, 0xA4D1, 0x5A89, 0x3185, 0x7B8D, 0x39C6, 0x5269, 0xCDF6, 0xE677, 0xD636, 0xD636,
  0xDE97, 0x9C90, 0x7B8D, 0x83CE, 0x83CD, 0x8BEE, 0x18C3, 0x2125, 0x4208, 0x4A48, 0x4A28, 0x4A48,
  0x5289, 0x2965, 0x83CE, 0xE697, 0xD636, 0xC5B4, 0x732B, 0x5248, 0x10A3, 0x39C7, 0x2124, 0x18C3,
  0x21E6, 0x3C0E, 0x3BED, 0x3BED, 0x3BED, 0x3BED, 0x29A6, 0x2924, 0x332B, 0x442E, 0x3BED, 0x3BED,
  0x444E, 0x2B0A, 0x2924, 0x2104, 0x41E7, 0x39A6, 0x2944, 0x83AD, 0xB553, 0xCDD5, 0xCDF5, 0xACD1,
  0x10A2, 0x2965, 0x2945, 0x2965, 0x2965, 0x2965, 0x3186, 0x1082, 0x5AAA, 0xBD94, 0xCDD5, 0xCDF5,
  0xCDD5, 0x83CE, 0x8BEE, 0x8BEE, 0x8BEE, 0x942F, 0x6B2B, 0x1082, 0x2925, 0x2945, 0x1082, 0x4207,
  0x7B6C, 0x734C, 0x39C6, 0x0020, 0x0000, 0x0021, 0x0020, 0x0020, 0x0020, 0x0020, 0x0020, 0x0020,
  0x0020, 0x0020, 0x0020, 0x0020, 0x0020, 0x0020, 0x0020, 0x0020, 0x0021, 0x0021, 0x0020, 0x0020,
  0x0020, 0x0020, 0x0020, 0x0020, 0x0020, 0x0020, 0x0020, 0x0020, 0x0021, 0x0020, 0x0020, 0x0020,
  0x0020, 0x0021, 0x0020, 0x0020, 0x0020, 0x0020, 0x0020, 0x0020, 0x0020, 0x0020, 0x0021, 0x0020,
  0x0020, 0x0021, 0x0021, 0x0020, 0x0020, 0x0020, 0x0021, 0x0020, 0x0020, 0x0020, 0x0020, 0x0021,
  0x0020, 0x0020, 0x0021, 0x0021, 0x0020, 0x0020, 0x0020, 0x0021, 0x0020, 0x0020, 0x0020, 0x0020,
  0x0020, 0x0020, 0x0021, 0x0041, 0x0000, 0x1082, 0x39A5, 0x4A07, 0x7BAD, 0x6B2C, 0x2945, 0x5AA9,
  0x5AA9, 0x9CB1, 0xDE77, 0xDE57, 0xDE77, 0x9C70, 0x7B6C, 0x8BEE, 0x83CE, 0x4A28, 0x2945, 0x2104,
  0x2124, 0x4A48, 0x4A69, 0x4A48, 0x5289, 0x2965, 0x83CE, 0xE698, 0xD636, 0xC594, 0x732B, 0x5248,
  0x10A3, 0x39C7, 0x2124, 0x18C3, 0x21E6, 0x3C0E, 0x3BED, 0x3BED, 0x3BED, 0x3BED, 0x29A6, 0x2904,
  0x332B, 0x442E, 0x3BED, 0x3BED, 0x444E, 0x2B2A, 0x2924, 0x2104, 0x4207, 0x39C6, 0x3165, 0x83AD,
  0xB533, 0xCDD5, 0xCDF5, 0xA4D1, 0x10A2, 0x2965, 0x2945, 0x2965, 0x2965, 0x2125, 0x18C3, 0x2104,
  0x4208, 0xA4B1, 0xD636, 0xCDF5, 0xC5B4, 0x83CD, 0x83EE, 0x8C0F, 0x8BEE, 0x5AAA, 0x41E7, 0x2924,
  0x18C3, 0x3186, 0x41E7, 0x2945, 0x2944, 0x20E3, 0x0000, 0x0020, 0x0021, 0x0020, 0x0020, 0x0020,
  0x0020, 0x0020, 0x0020, 0x0020, 0x0020, 0x0020, 0x0020, 0x0020, 0x0020, 0x0020, 0x0020, 0x0021,
  0x0021, 0x0020, 0x0020, 0x0021, 0x0020, 0x0021, 0x0020, 0x0020, 0x0021, 0x0021, 0x0021, 0x0020,
  0x0020, 0x0020, 0x0021, 0x0020, 0x0020, 0x0020, 0x0020, 0x0020, 0x0020, 0x0020, 0x0020, 0x0020,
  0x0020, 0x0020, 0x0020, 0x0020, 0x0020, 0x0020, 0x0020, 0x0020, 0x0020, 0x0020, 0x0020, 0x0020,
  0x0021, 0x0020, 0x0021, 0x0021, 0x0020, 0x0021, 0x0020, 0x0020, 0x0020, 0x0020, 0x0020, 0x0020,
  0x0020, 0x0020, 0x0020, 0x0020, 0x0020, 0x0020, 0x0020, 0x0020, 0x0841, 0x0000, 0x3185, 0x8C0F,
  0x630B, 0x6B2B, 0x2104, 0x4208, 0x5AAA, 0x5AAA, 0x734C, 0xBD73, 0xE6B8, 0x9C90, 0x83EE, 0x734C,
  0x41E7, 0x2945, 0x3186, 0x4228, 0x41E7, 0x2965, 0x4207, 0x5269, 0x5269, 0x2945, 0x83CD, 0xE697,
  0xD636, 0xC594, 0x732B, 0x5248, 0x10A3, 0x39C7, 0x2124, 0x18A3, 0x21E6, 0x3C2E, 0x3BED, 0x3BED,
  0x3BED, 0x3BED, 0x29C6, 0x2924, 0x332A, 0x442E, 0x3BED, 0x3C0D, 0x444E, 0x332A, 0x2924, 0x2104,
  0x4208, 0x39C6, 0x3165, 0x83AD, 0xB533, 0xCDD5, 0xCDF5, 0xA4D1, 0x10A2, 0x2965, 0x2966, 0x2965,
  0x18E3, 0x18C3, 0x3186, 0x31A6, 0x2945, 0x5269, 0xA490, 0xCE16, 0xCDD5, 0x83CD, 0x8C0F, 0x6B2B,
  0x4A48, 0x4207, 0x39C7, 0x18C3, 0x1082, 0x4208, 0x5ACA, 0x738D, 0x2104, 0x0000, 0x0041, 0x0020,
  0x0020, 0x0020, 0x0020, 0x0020, 0x0020, 0x0020, 0x0020, 0x0020, 0x0020, 0x0020, 0x0020, 0x0020,
  0x0020, 0x0020, 0x0020, 0x0021, 0x0021, 0x0020, 0x0021, 0x0020, 0x0020, 0x0020, 0x0021, 0x0020,
  0x0020, 0x0020, 0x0020, 0x0021, 0x0020, 0x0020, 0x0020, 0x0021, 0x0020, 0x0020, 0x0020, 0x0020,
  0x0020, 0x0020, 0x0020, 0x0020, 0x0020, 0x0020, 0x0021, 0x0020, 0x0021, 0x0020, 0x0020, 0x0020,
  0x0020, 0x0020, 0x0020, 0x0020, 0x0021, 0x0020, 0x0020, 0x0020, 0x0020, 0x0020, 0x0020, 0x0021,
  0x0020, 0x0020, 0x0020, 0x0021, 0x0020, 0x0020, 0x0020, 0x0020, 0x0020, 0x0020, 0x0020, 0x0020,
  0x0021, 0x0000, 0x2124, 0x736D, 0x7B8D, 0x736D, 0x39A6, 0x2944, 0x41E7, 0x5269, 0x5A89, 0x5ACA,
  0x9C70, 0x8C0F, 0x5268, 0x2965, 0x2965, 0x2965, 0x18E3, 0x39C6, 0x736C, 0x734C, 0x39C6, 0x2945,
  0x4A69, 0x3186, 0x83AD, 0xE677, 0xD636, 0xC594, 0x6B2B, 0x5248, 0x10A2, 0x39C7, 0x2124, 0x18A3,
  0x21E6, 0x3C2E, 0x3BED, 0x3BED, 0x3BED, 0x3BED, 0x29C6, 0x2945, 0x332A, 0x440E, 0x3BED, 0x3BED,
  0x442E, 0x2B0A, 0x2924, 0x2124, 0x4228, 0x31A6, 0x2945, 0x83AD, 0xB533, 0xCDD5, 0xCDD5, 0xACD1,
  0x10A2, 0x3186, 0x2124, 0x10A2, 0x2945, 0x39E7, 0x3186, 0x18C3, 0x10C3, 0x4228, 0x62EA, 0x83AD,
  0xBD73, 0x7B6C, 0x5289, 0x41E7, 0x39E7, 0x3186, 0x2124, 0x10A2, 0x39C6, 0x6B2B, 0x630B, 0x4A48,
  0x10A2, 0x0020, 0x0021, 0x0020, 0x0020, 0x0020, 0x0020, 0x0020, 0x0020, 0x0020, 0x0020, 0x0020,
  0x0021, 0x0020, 0x0020, 0x0020, 0x0020, 0x0020, 0x0020, 0x0021, 0x0021, 0x0020, 0x0020, 0x0021,
  0x0020, 0x0020, 0x0021, 0x0020, 0x0020, 0x0020, 0x0020, 0x0020, 0x0020, 0x0021, 0x0020, 0x0021,
  0x0021, 0x0020, 0x0020, 0x0020, 0x0020, 0x0020, 0x0020, 0x0021, 0x0020, 0x0020, 0x0021, 0x0021,
  0x0020, 0x0021, 0x0020, 0x0020, 0x0020, 0x0021, 0x0020, 0x0020, 0x0020, 0x0020, 0x0021, 0x0020,
  0x0020, 0x0021, 0x0020, 0x0021, 0x0021, 0x0020, 0x0020, 0x0021, 0x0021, 0x0020, 0x0020, 0x0020,
  0x0020, 0x0020, 0x0020, 0x0020, 0x0021, 0x0000, 0x18C3, 0x4207, 0x5269, 0x7B8D, 0x7BAD, 0x4A48,
  0x2924, 0x3186, 0x4A49, 0x5289, 0x5A89, 0x5269, 0x31A6, 0x2945, 0x2945, 0x18E3, 0x0862, 0x31A6,
  0x4A28, 0x5ACA, 0x734C, 0x5248, 0x3186, 0x2104, 0x83CE, 0xDE77, 0xD616, 0xBD94, 0x732B, 0x5248,
  0x10A2, 0x39C7, 0x2124, 0x18C3, 0x21E7, 0x3C2E, 0x3C0D, 0x3C0D, 0x3C0D, 0x33ED, 0x29C6, 0x2924,
  0x2B2A, 0x444E, 0x3C0E, 0x3C0E, 0x3C4E, 0x2B2A, 0x2945, 0x2924, 0x4208, 0x31A6, 0x2945, 0x83AD,
  0xB532, 0xCDD5, 0xCDD5, 0xA4D1, 0x10A2, 0x18E3, 0x18E3, 0x31A6, 0x39A7, 0x2125, 0x2124, 0x18C3,
  0x0841, 0x39C7, 0x4A49, 0x5289, 0x734C, 0x5268, 0x39C6, 0x39C7, 0x2945, 0x18C3, 0x18E3, 0x5269,
  0x736C, 0x62EA, 0x31A6, 0x2945, 0x1082, 0x0000, 0x0021, 0x0020, 0x0020, 0x0020, 0x0020, 0x0021,
  0x0020, 0x0020, 0x0020, 0x0021, 0x0021, 0x0020, 0x0021, 0x0020, 0x0020, 0x0020, 0x0020, 0x0020,
  0x0020, 0x0020, 0x0020, 0x0020, 0x0020, 0x0020, 0x0021, 0x0020, 0x0021, 0x0020, 0x0021, 0x0020,
  0x0021, 0x0020, 0x0020, 0x0020, 0x0020, 0x0021, 0x0020, 0x0020, 0x0020, 0x0020, 0x0020, 0x0021,
  0x0020, 0x0021, 0x0021, 0x0021, 0x0020, 0x0020, 0x0020, 0x0021, 0x0020, 0x0020, 0x0021, 0x0021,
  0x0020, 0x0020, 0x0020, 0x0020, 0x0020, 0x0020, 0x0020, 0x0020, 0x0021, 0x0020, 0x0020, 0x0020,
  0x0020, 0x0021, 0x0020, 0x0020, 0x0020, 0x0020, 0x0020, 0x0020, 0x0021, 0x0000, 0x18E3, 0x4228,
  0x39C7, 0x41E7, 0x6B0B, 0x83EE, 0x734C, 0x39A6, 0x2944, 0x39E7, 0x5289, 0x4A28, 0x2945, 0x2945,
  0x1082, 0x2944, 0x4A28, 0x2124, 0x31A6, 0x4207, 0x4A28, 0x734C, 0x7BAD, 0x2924, 0x7BAD, 0xE697,
  0xD616, 0xBD94, 0x6B0B, 0x5248, 0x10A3, 0x39C7, 0x2124, 0x18E3, 0x2145, 0x2A07, 0x3227, 0x3248,
  0x3227, 0x2A07, 0x31A6, 0x31A6, 0x29E6, 0x3248, 0x3248, 0x3248, 0x3248, 0x29E6, 0x3186, 0x2924,
  0x4208, 0x31A6, 0x3165, 0x838D, 0xB532, 0xCDD5, 0xCDD5, 0xACF2, 0x1082, 0x2945, 0x39E7, 0x3186,
  0x2104, 0x2104, 0x0862, 0x2124, 0x4A48, 0x18E3, 0x31A6, 0x4A28, 0x5269, 0x41E7, 0x2965, 0x2124,
  0x18A2, 0x39A6, 0x6B2C, 0x734C, 0x4228, 0x2124, 0x2124, 0x2965, 0x10A2, 0x0000, 0x0021, 0x0020,
  0x0020, 0x0020, 0x0020, 0x0020, 0x0020, 0x0020, 0x0020, 0x0020, 0x0020, 0x0020, 0x0020, 0x0021,
  0x0020, 0x0021, 0x0021, 0x0020, 0x0020, 0x0020, 0x0021, 0x0020, 0x0020, 0x0020, 0x0020, 0x0021,
  0x0021, 0x0020, 0x0021, 0x0021, 0x0020, 0x0021, 0x0020, 0x0020, 0x0020, 0x0021, 0x0020, 0x0020,
  0x0020, 0x0020, 0x0020, 0x0020, 0x0020, 0x0020, 0x0020, 0x0020, 0x0020, 0x0021, 0x0020, 0x0020,
  0x0020, 0x0020, 0x0020, 0x0020, 0x0020, 0x0021, 0x0021, 0x0020, 0x0021, 0x0020, 0x0020, 0x0020,
  0x0021, 0x0021, 0x0021, 0x0021, 0x0020, 0x0021, 0x0020, 0x0020, 0x0020, 0x0021, 0x0020, 0x0020,
  0x0021, 0x0000, 0x20E3, 0x4228, 0x41E7, 0x4207, 0x39C7, 0x5269, 0x7B8D, 0x83AE, 0x5289, 0x2944,
  0x39A6, 0x2945, 0x1082, 0x18A2, 0x6B0B, 0xB553, 0xDE77, 0xC5B5, 0x4207, 0x2124, 0x4228, 0x4228,
  0x5ACA, 0x4A28, 0x83AD, 0xE697, 0xD636, 0xC594, 0x732B, 0x5248, 0x10A3, 0x39E7, 0x2124, 0x2104,
  0x3186, 0x39A6, 0x4A08, 0x41E7, 0x41E7, 0x41E7, 0x41E7, 0x39E7, 0x4207, 0x41E7, 0x41E7, 0x41E7,
  0x41E7, 0x41E7, 0x39E7, 0x2124, 0x4208, 0x31A6, 0x2945, 0x7B8D, 0xB512, 0xCDD5, 0xCDD5, 0xA4D1,
  0x18E3, 0x31A6, 0x2124, 0x2125, 0x18E3, 0x0861, 0x41E7, 0x8C0E, 0xA4B1, 0xA4D1, 0x5289, 0x2124,
  0x39C6, 0x2124, 0x18C3, 0x2104, 0x5269, 0x736C, 0x5ACA, 0x3186, 0x2124, 0x2945, 0x2945, 0x2965,
  0x10A2, 0x0000, 0x0021, 0x0020, 0x0020, 0x0020, 0x0020, 0x0020, 0x0020, 0x0020, 0x0020, 0x0020,
  0x0020, 0x0020, 0x0020, 0x0021, 0x0020, 0x0020, 0x0020, 0x0020, 0x0021, 0x0020, 0x0021, 0x0021,
  0x0021, 0x0021, 0x0020, 0x0020, 0x0020, 0x0021, 0x0021, 0x0021, 0x0021, 0x0020, 0x0021, 0x0021,
  0x0020, 0x0021, 0x0020, 0x0020, 0x0020, 0x0020, 0x0020, 0x0020, 0x0020, 0x0021, 0x0020, 0x0020,
  0x0021, 0x0020, 0x0020, 0x0020, 0x0020, 0x0020, 0x0020, 0x0021, 0x0020, 0x0020, 0x0021, 0x0021,
  0x0020, 0x0020, 0x0021, 0x0021, 0x0021, 0x0021, 0x0021, 0x0020, 0x0020, 0x0020, 0x0020, 0x0020,
  0x0020, 0x0021, 0x0020, 0x0020, 0x0021, 0x0000, 0x10A2, 0x4208, 0x4208, 0x4207, 0x4207, 0x39E7,
  0x41E7, 0x62EB, 0x83CE, 0x734C, 0x4207, 0x18C3, 0x5269, 0xBD93, 0xE6D8, 0xEF19, 0xEED9, 0xF719,
  0xEF19, 0x8C0F, 0x2945, 0x3186, 0x4A49, 0x2945, 0x83CE, 0xE697, 0xD636, 0xC594, 0x732B, 0x5248,
  0x10A3, 0x39E7, 0x2945, 0x0862, 0x18E3, 0x2104, 0x2124, 0x2124, 0x2104, 0x1904, 0x2104, 0x20E3,
  0x18E3, 0x1904, 0x1904, 0x1904, 0x1903, 0x2104, 0x18C3, 0x2104, 0x4A28, 0x31A6, 0x2945, 0x7B8C,
  0xB512, 0xCDD5, 0xCDD5, 0xA4D1, 0x1082, 0x2124, 0x2104, 0x1082, 0x2124, 0x736C, 0x9C70, 0x9C90,
  0xC5B4, 0xE698, 0xE698, 0xACF2, 0x39C6, 0x10A2, 0x41E7, 0x6B0B, 0x6B2B, 0x4207, 0x2124, 0x2125,
  0x2945, 0x2945, 0x2965, 0x2965, 0x0861, 0x0000, 0x0021, 0x0020, 0x0020, 0x0020, 0x0020, 0x0020,
  0x0020, 0x0021, 0x0021, 0x0021, 0x0020, 0x0020, 0x0021, 0x0020, 0x0020, 0x0020, 0x0020, 0x0020,
  0x0020, 0x0021, 0x0021, 0x0020, 0x0021, 0x0021, 0x0020, 0x0020, 0x0021, 0x0020, 0x0020, 0x0020,
  0x0021, 0x0020, 0x0020, 0x0020, 0x0020, 0x0021, 0x0020, 0x0020, 0x0020, 0x0020, 0x0020, 0x0021,
  0x0020, 0x0020, 0x0020, 0x0020, 0x0021, 0x0021, 0x0020, 0x0020, 0x0020, 0x0021, 0x0020, 0x0020,
  0x0021, 0x0020, 0x0021, 0x0020, 0x0020, 0x0021, 0x0020, 0x0020, 0x0020, 0x0021, 0x0021, 0x0020,
  0x0021, 0x0020, 0x0020, 0x0020, 0x0020, 0x0021, 0x0020, 0x0020, 0x0020, 0x0021, 0x0000, 0x1081,
  0x31A6, 0x4228, 0x4208, 0x4207, 0x4207, 0x39C7, 0x4A48, 0x736C, 0x83CE, 0x734C, 0x6B2B, 0xCDD5,
  0xF73A, 0xEED9, 0xE6B8, 0xE6D8, 0xEED9, 0xFF5B, 0xCDF5, 0x4A48, 0x2965, 0x2124, 0x83AD, 0xE697,
  0xD636, 0xC594, 0x732B, 0x5248, 0x10A3, 0x4207, 0x18E3, 0x39A6, 0x62EA, 0x5AAA, 0x5A69, 0x5A89,
  0x5AA9, 0x6B2B, 0x7B8D, 0x83AD, 0x7B8D, 0x7BAD, 0x7BAD, 0x7B8D, 0x7B8D, 0x7B8C, 0x83AD, 0x41E7,
  0x39A6, 0x39C7, 0x2945, 0x7B8C, 0xB512, 0xCDD5, 0xCDD5, 0xA4D1, 0x10A2, 0x18E4, 0x1082, 0x5248,
  0x9450, 0x9C70, 0xAD12, 0xD636, 0xDE57, 0xE697, 0xDE57, 0x9C90, 0x732B, 0x6B2B, 0x738D, 0x5A89,
  0x3165, 0x2124, 0x2965, 0x2945, 0x2945, 0x2965, 0x2124, 0x0841, 0x0000, 0x0020, 0x0020, 0x0020,
  0x0020, 0x0020, 0x0020, 0x0020, 0x0020, 0x0020, 0x0021, 0x0021, 0x0021, 0x0021, 0x0021, 0x0020,
  0x0020, 0x0020, 0x0021, 0x0020, 0x0020, 0x0020, 0x0020, 0x0020, 0x0021, 0x0021, 0x0021, 0x0021,
  0x0020, 0x0021, 0x0021, 0x0020, 0x0020, 0x0021, 0x0020, 0x0020, 0x0020, 0x0021, 0x0020, 0x0020,
  0x0020, 0x0020, 0x0020, 0x0021, 0x0020, 0x0020, 0x0021, 0x0020, 0x0020, 0x0021, 0x0020, 0x0021,
  0x0020, 0x0020, 0x0020, 0x0020, 0x0020, 0x0020, 0x0020, 0x0020, 0x0021, 0x0020, 0x0021, 0x0020,
  0x0021, 0x0020, 0x0020, 0x0020, 0x0020, 0x0020, 0x0020, 0x0020, 0x0020, 0x0021, 0x0020, 0x0021,
  0x0020, 0x0020, 0x0021, 0x0000, 0x0000, 0x20E3, 0x4208, 0x4228, 0x4207, 0x4207, 0x39E7, 0x4208,
  0x62CA, 0x39C7, 0x10A2, 0x7B8C, 0xB533, 0xE6B8, 0xEF19, 0xE6D9, 0xEED9, 0xE6B8, 0xEEF9, 0xF71A,
  0x9C70, 0x18C3, 0x7BAD, 0xE697, 0xD636, 0xBD94, 0x6B0B, 0x5227, 0x10A3, 0x2965, 0x2924, 0x8C0F,
  0x8BEE, 0x8BEE, 0x9C70, 0xACD1, 0xBD53, 0xC574, 0xBD73, 0xBD73, 0xBD73, 0xBD73, 0xBD73, 0xBD73,
  0xBD73, 0xBD53, 0xC594, 0xA490, 0x2944, 0x3185, 0x2944, 0x83AD, 0xB512, 0xCDD5, 0xCDD5, 0xACD1,
  0x0841, 0x2945, 0x83CD, 0x9C70, 0x9C70, 0xC5D5, 0xDE77, 0xDE77, 0xE698, 0xB532, 0x734C, 0x4A07,
  0x2124, 0x62EB, 0x4228, 0x2124, 0x2945, 0x2945, 0x2945, 0x2965, 0x2945, 0x10A2, 0x0000, 0x0020,
  0x0021, 0x0020, 0x0020, 0x0020, 0x0020, 0x0020, 0x0021, 0x0020, 0x0020, 0x0021, 0x0021, 0x0020,
  0x0020, 0x0020, 0x0020, 0x0020, 0x0020, 0x0021, 0x0021, 0x0021, 0x0020, 0x0021, 0x0020, 0x0020,
  0x0020, 0x0021, 0x0021, 0x0021, 0x0021, 0x0020, 0x0021, 0x0020, 0x0020, 0x0020, 0x0020, 0x0020,
  0x0020, 0x0021, 0x0020, 0x0020, 0x0020, 0x0020, 0x0020, 0x0020, 0x0020, 0x0020, 0x0020, 0x0020,
  0x0021, 0x0020, 0x0020, 0x0020, 0x0020, 0x0021, 0x0020, 0x0021, 0x0021, 0x0021, 0x0021, 0x0021,
  0x0021, 0x0020, 0x0020, 0x0020, 0x0020, 0x0021, 0x0020, 0x0020, 0x0020, 0x0020, 0x0020, 0x0021,
  0x0021, 0x0020, 0x0020, 0x0020, 0x0020, 0x0020, 0x0020, 0x0021, 0x0021, 0x0000, 0x0841, 0x3185,
  0x4228, 0x4208, 0x4207, 0x4208, 0x39C7, 0x2104, 0x2104, 0x8BEE, 0x9C4F, 0x944F, 0xCE16, 0xF73A,
  0xEEF9, 0xE6D8, 0xE6B8, 0xE698, 0xFF9B, 0xA4D1, 0x7B8D, 0xDE77, 0xD616, 0xBD94, 0x734B, 0x41E6,
  0x1904, 0x18C3, 0x5AA9, 0x7B6C, 0x8BEE, 0xA490, 0xACF1, 0xACF1, 0xACD1, 0xACD1, 0xA4D1, 0xA4D1,
  0xACD1, 0xA4D1, 0xA4D1, 0xA4D1, 0xA4D1, 0xA4D1, 0xA4B1, 0xACF1, 0x6AEA, 0x2104, 0x3185, 0x734B,
  0xB512, 0xC5B4, 0xCDD5, 0xA4B1, 0x3185, 0x9C70, 0x9450, 0xACF2, 0xD636, 0xDE77, 0xE698, 0xD657,
  0x942F, 0x5A89, 0x734B, 0x5AA9, 0x3165, 0x41E7, 0x2104, 0x2945, 0x2945, 0x2945, 0x2965, 0x2104,
  0x0841, 0x0000, 0x0021, 0x0021, 0x0020, 0x0020, 0x0020, 0x0020, 0x0021, 0x0020, 0x0020, 0x0020,
  0x0020, 0x0021, 0x0020, 0x0020, 0x0020, 0x0020, 0x0020, 0x0020, 0x0020, 0x0020, 0x0021, 0x0020,
  0x0021, 0x0020, 0x0021, 0x0020, 0x0021, 0x0021, 0x0021, 0x0020, 0x0020, 0x0021, 0x0021, 0x0020,
  0x0020, 0x0020, 0x0021, 0x0021, 0x0020, 0x0020, 0x0020, 0x0020, 0x0020, 0x0020, 0x0020, 0x0021,
  0x0020, 0x0020, 0x0021, 0x0020, 0x0021, 0x0021, 0x0020, 0x0020, 0x0021, 0x0021, 0x0021, 0x0020,
  0x0020, 0x0020, 0x0020, 0x0021, 0x0020, 0x0020, 0x0020, 0x0020, 0x0020, 0x0021, 0x0020, 0x0021,
  0x0020, 0x0021, 0x0020, 0x0020, 0x0020, 0x0021, 0x0021, 0x0020, 0x0020, 0x0020, 0x0021, 0x0020,
  0x0020, 0x0021, 0x0020, 0x0000, 0x18C3, 0x39E7, 0x4A28, 0x4208, 0x39E7, 0x2124, 0x2124, 0x83AD,
  0x9C90, 0x9C70, 0x942F, 0xAD12, 0xE6B9, 0xEF19, 0xE6B8, 0xE6B8, 0xF75A, 0x734C, 0x734C, 0xEED8,
  0xDE57, 0xCDD5, 0x62CA, 0x2104, 0x2104, 0x41E7, 0x8C0E, 0xACF2, 0xE698, 0xDE97, 0xDE77, 0xDE77,
  0xDE77, 0xDE77, 0xDE77, 0xDE77, 0xDE77, 0xDE77, 0xDE77, 0xDE77, 0xDE77, 0xDE57, 0xDE57, 0xDE57,
  0xD616, 0x4207, 0x4208, 0x39A6, 0xBD73, 0xD616, 0xD636, 0xA4D1, 0x18C3, 0x940F, 0xC594, 0xDE77,
  0xDE77, 0xE698, 0xB553, 0x732B, 0x6AEA, 0x7B6C, 0x7B6C, 0x5A89, 0x31A6, 0x4208, 0x2124, 0x2945,
  0x2965, 0x2945, 0x1082, 0x0000, 0x0020, 0x0021, 0x0020, 0x0020, 0x0020, 0x0020, 0x0020, 0x0020,
  0x0020, 0x0020, 0x0020, 0x0021, 0x0020, 0x0020, 0x0021, 0x0021, 0x0021, 0x0020, 0x0021, 0x0020,
  0x0020, 0x0020, 0x0021, 0x0020, 0x0020, 0x0020, 0x0020, 0x0020, 0x0020, 0x0021, 0x0020, 0x0021,
  0x0020, 0x0020, 0x0020, 0x0020, 0x0020, 0x0020, 0x0020, 0x0021, 0x0021, 0x0021, 0x0020, 0x0020,
  0x0020, 0x0020, 0x0020, 0x0020, 0x0020, 0x0020, 0x0021, 0x0021, 0x0020, 0x0021, 0x0020, 0x0020,
  0x0020, 0x0020, 0x0020, 0x0020, 0x0021, 0x0020, 0x0020, 0x0021, 0x0021, 0x0020, 0x0020, 0x0021,
  0x0021, 0x0021, 0x0021, 0x0021, 0x0020, 0x0021, 0x0020, 0x0020, 0x0020, 0x0020, 0x0021, 0x0020,
  0x0021, 0x0020, 0x0021, 0x0020, 0x0020, 0x0020, 0x0021, 0x0021, 0x0000, 0x0820, 0x2945, 0x4A28,
  0x4207, 0x2945, 0x2104, 0x7B6C, 0xA490, 0x9C4F, 0x9C70, 0x942F, 0x942E, 0xC5D5, 0xEF1A, 0xEEF9,
  0xDE77, 0x39A6, 0x4207, 0x62CA, 0x7B6C, 0x8BEE, 0x2924, 0x31A6, 0x18E3, 0x7BAD, 0xC5B4, 0xEEF9,
  0xEED8, 0xEEF9, 0xEEF9, 0xEEF9, 0xEEF9, 0xEEF9, 0xEEF9, 0xEEF9, 0xEEF9, 0xEEF9, 0xEEF9, 0xEEF9,
  0xEEF9, 0xEEF9, 0xEEF9, 0xE6B8, 0xFF7B, 0x83EE, 0x4207, 0x31A6, 0x7B8C, 0x83AD, 0x62EA, 0x4A48,
  0x2104, 0x62CA, 0xD616, 0xEED8, 0xD636, 0x8BEE, 0x62A9, 0x734B, 0x7B6C, 0x734B, 0x83AD, 0x5A89,
  0x3165, 0x4A28, 0x2965, 0x2965, 0x18E3, 0x0020, 0x0000, 0x0021, 0x0020, 0x0020, 0x0020, 0x0020,
  0x0020, 0x0020, 0x0020, 0x0021, 0x0021, 0x0020, 0x0020, 0x0020, 0x0021, 0x0020, 0x0021, 0x0020,
  0x0021, 0x0020, 0x0020, 0x0020, 0x0020, 0x0020, 0x0021, 0x0020, 0x0020, 0x0020, 0x0020, 0x0021,
  0x0020, 0x0020, 0x0021, 0x0020, 0x0020, 0x0021, 0x0021, 0x0020, 0x0020, 0x0020, 0x0020, 0x0021,
  0x0021, 0x0021, 0x0020, 0x0020, 0x0020, 0x0020, 0x0021, 0x0021, 0x0020, 0x0020, 0x0020, 0x0020,
  0x0020, 0x0020, 0x0020, 0x0021, 0x0021, 0x0020, 0x0021, 0x0020, 0x0020, 0x0020, 0x0020, 0x0021,
  0x0021, 0x0021, 0x0020, 0x0021, 0x0020, 0x0020, 0x0020, 0x0021, 0x0021, 0x0020, 0x0020, 0x0021,
  0x0021, 0x0020, 0x0021, 0x0021, 0x0020, 0x0020, 0x0021, 0x0021, 0x0020, 0x0020, 0x0020, 0x0020,
  0x0021, 0x0020, 0x0000, 0x10A2, 0x31A6, 0x20E4, 0x0020, 0x2924, 0x8C0E, 0xA4B1, 0x9C6F, 0x9C6F,
  0x9C4F, 0x942F, 0x944F, 0xEEF9, 0x8C2F, 0x4A28, 0x736C, 0x5AAA, 0x5289, 0x4207, 0x5AAA, 0x4207,
  0x2924, 0x83AD, 0xB573, 0xBD73, 0xB553, 0xB553, 0xBD73, 0xBD73, 0xBD73, 0xBD73, 0xBD73, 0xB573,
  0xBD73, 0xBD53, 0xB573, 0xB553, 0xB553, 0xB553, 0xB553, 0xB553, 0xBD94, 0x8BEE, 0x2945, 0x734C,
  0x4A28, 0x4A48, 0x5289, 0x630B, 0x62EB, 0x2924, 0xBD73, 0xACF2, 0x6B0B, 0x6B0A, 0x7B6C, 0x734B,
  0x734C, 0x83AD, 0x62CA, 0x18C2, 0x0861, 0x31A6, 0x2124, 0x1061, 0x0000, 0x0020, 0x0021, 0x0020,
  0x0020, 0x0020, 0x0020, 0x0020, 0x0020, 0x0020, 0x0021, 0x0021, 0x0021, 0x0020, 0x0020, 0x0020,
  0x0020, 0x0021, 0x0020, 0x0020, 0x0021, 0x0020, 0x0020, 0x0021, 0x0020, 0x0020, 0x0021, 0x0020,
  0x0020, 0x0021, 0x0021, 0x0020, 0x0020, 0x0020, 0x0020, 0x0020, 0x0020, 0x0021, 0x0021, 0x0020,
  0x0020, 0x0020, 0x0021, 0x0021, 0x0020, 0x0021, 0x0020, 0x0020, 0x0020, 0x0020, 0x0021, 0x0020,
  0x0020, 0x0021, 0x0021, 0x0021, 0x0020, 0x0020, 0x0020, 0x0021, 0x0020, 0x0021, 0x0021, 0x0021,
  0x0020, 0x0020, 0x0021, 0x0020, 0x0020, 0x0021, 0x0020, 0x0020, 0x0020, 0x0020, 0x0020, 0x0021,
  0x0020, 0x0021, 0x0021, 0x0020, 0x0020, 0x0021, 0x0020, 0x0021, 0x0020, 0x0021, 0x0020, 0x0020,
  0x0020, 0x0020, 0x0020, 0x0020, 0x0020, 0x0020, 0x0021, 0x0000, 0x0020, 0x0000, 0x0020, 0x0000,
  0x0861, 0x62CA, 0xA490, 0x9C90, 0x9C4F, 0x9C70, 0x7B8C, 0x8C0E, 0x4207, 0x6B2C, 0x6B0B, 0x6B2C,
  0x6B2C, 0x736C, 0x6B2C, 0x18C3, 0x3985, 0x734C, 0x8BEE, 0x8BEE, 0x8BEE, 0x8BEE, 0x8BEE, 0x8BEE,
  0x8BEE, 0x8BEE, 0x8BEE, 0x8BEE, 0x8BEE, 0x8BEE, 0x8BEE, 0x8BEE, 0x8BCD, 0x8BCD, 0x83CD, 0x8BEE,
  0x8BEE, 0x7B4B, 0x2104, 0x6B2C, 0x736C, 0x6B2C, 0x6B2C, 0x630B, 0x6B2C, 0x3165, 0x4A28, 0x5A89,
  0x6AEA, 0x7B6C, 0x734B, 0x7B8C, 0x734C, 0x39C6, 0x0020, 0x0000, 0x0020, 0x0020, 0x0020, 0x0000,
  0x0021, 0x0020, 0x0020, 0x0020, 0x0020, 0x0020, 0x0020, 0x0020, 0x0020, 0x0020, 0x0020, 0x0021,
  0x0020, 0x0021, 0x0021, 0x0020, 0x0020, 0x0021, 0x0021, 0x0020, 0x0020, 0x0021, 0x0020, 0x0020,
  0x0021, 0x0020, 0x0020, 0x0020, 0x0020, 0x0020, 0x0020, 0x0021, 0x0021, 0x0020, 0x0020, 0x0021,
  0x0021, 0x0020, 0x0020, 0x0020, 0x0020, 0x0020, 0x0021, 0x0020, 0x0020, 0x0020, 0x0020, 0x0020,
  0x0020, 0x0020, 0x0020, 0x0020, 0x0021, 0x0020, 0x0020, 0x0020, 0x0021, 0x0020, 0x0020, 0x0020,
  0x0021, 0x0021, 0x0021, 0x0020, 0x0020, 0x0021, 0x0020, 0x0021, 0x0020, 0x0020, 0x0020, 0x0021,
  0x0020, 0x0020, 0x0020, 0x0020, 0x0020, 0x0021, 0x0021, 0x0020, 0x0021, 0x0021, 0x0021, 0x0020,
  0x0020, 0x0021, 0x0021, 0x0020, 0x0020, 0x0020, 0x0020, 0x0020, 0x0020, 0x0020, 0x0020, 0x0021,
  0x0020, 0x0020, 0x0020, 0x0021, 0x0020, 0x0000, 0x2944, 0x8BEE, 0xA4B1, 0x9C4F, 0x83CD, 0x732B,
  0x39A6, 0x7BAD, 0x734C, 0x738D, 0x6B4C, 0x736C, 0x41E7, 0x1082, 0x39A6, 0x6B2B, 0x7B8C, 0x83CD,
  0x83CD, 0x83AD, 0x83AD, 0x83AD, 0x83AD, 0x83CD, 0x83AD, 0x83CD, 0x83CD, 0x83CD, 0x83AD, 0x83AD,
  0x83AD, 0x83AD, 0x83AD, 0x83AD, 0x83CD, 0x734B, 0x2103, 0x4A28, 0x736C, 0x6B0B, 0x734C, 0x734C,
  0x736C, 0x4A28, 0x2924, 0x6AEB, 0x6AEA, 0x7B6C, 0x83AD, 0x5AA9, 0x18A2, 0x0000, 0x0020, 0x0021,
  0x0021, 0x0021, 0x0021, 0x0021, 0x0020, 0x0020, 0x0020, 0x0020, 0x0020, 0x0020, 0x0020, 0x0020,
  0x0020, 0x0020, 0x0020, 0x0020, 0x0020, 0x0020, 0x0020, 0x0021, 0x0020, 0x0020, 0x0021, 0x0021,
  0x0021, 0x0021, 0x0020, 0x0020, 0x0020, 0x0020, 0x0021, 0x0021, 0x0020, 0x0020, 0x0021, 0x0021,
  0x0020, 0x0020, 0x0020, 0x0020, 0x0020, 0x0020, 0x0021, 0x0020, 0x0020, 0x0021, 0x0020, 0x0020,
  0x0020, 0x0021, 0x0020, 0x0020, 0x0020, 0x0021, 0x0020, 0x0020, 0x0020, 0x0020, 0x0020, 0x0020,
  0x0021, 0x0020, 0x0020, 0x0020, 0x0020, 0x0021, 0x0021, 0x0020, 0x0020, 0x0020, 0x0020, 0x0021,
  0x0020, 0x0020, 0x0020, 0x0021, 0x0020, 0x0020, 0x0021, 0x0021, 0x0021, 0x0021, 0x0020, 0x0020,
  0x0020, 0x0020, 0x0020, 0x0020, 0x0020, 0x0020, 0x0021, 0x0020, 0x0020, 0x0020, 0x0021, 0x0020,
  0x0020, 0x0020, 0x0020, 0x0020, 0x0020, 0x0020, 0x0020, 0x0020, 0x0020, 0x0041, 0x0000, 0x0841,
  0x5AA9, 0x9C6F, 0x83CD, 0x7B6C, 0x2945, 0x4228, 0x4A28, 0x5269, 0x5AAA, 0x5AAA, 0x2945, 0x10A2,
  0x5AA9, 0x9450, 0xBD73, 0xBD73, 0xBD73, 0xBD94, 0xBD73, 0xBD73, 0xBD73, 0xBD73, 0xBD74, 0xBD73,
  0xBD73, 0xBD73, 0xBD73, 0xBD73, 0xBD73, 0xBD73, 0xBD73, 0xBD53, 0xBD53, 0xC594, 0x39C6, 0x2945,
  0x5ACA, 0x5289, 0x4A48, 0x4208, 0x41E7, 0x2124, 0x3165, 0x62AA, 0x6B0B, 0x734B, 0x3985, 0x0000,
  0x0000, 0x0021, 0x0020, 0x0020, 0x0020, 0x0020, 0x0020, 0x0020, 0x0020, 0x0020, 0x0020, 0x0020,
  0x0020, 0x0020, 0x0020, 0x0020, 0x0020, 0x0020, 0x0021, 0x0020, 0x0021, 0x0020, 0x0020, 0x0020,
  0x0020, 0x0021, 0x0020, 0x0021, 0x0021, 0x0020, 0x0020, 0x0020, 0x0020, 0x0020, 0x0020, 0x0020,
  0x0021, 0x0020, 0x0021, 0x0020, 0x0021, 0x0020, 0x0021, 0x0021, 0x0020, 0x0021, 0x0021, 0x0020,
  0x0020, 0x0020, 0x0020, 0x0020, 0x0021, 0x0021, 0x0020, 0x0020, 0x0020, 0x0020, 0x0020, 0x0020,
  0x0021, 0x0020, 0x0020, 0x0020, 0x0020, 0x0021, 0x0021, 0x0020, 0x0020, 0x0021, 0x0020, 0x0020,
  0x0020, 0x0021, 0x0020, 0x0020, 0x0020, 0x0020, 0x0021, 0x0020, 0x0020, 0x0021, 0x0020, 0x0021,
  0x0020, 0x0020, 0x0020, 0x0020, 0x0020, 0x0020, 0x0020, 0x0020, 0x0020, 0x0021, 0x0020, 0x0020,
  0x0021, 0x0020, 0x0020, 0x0020, 0x0020, 0x0020, 0x0020, 0x0020, 0x0020, 0x0020, 0x0020, 0x0020,
  0x0020, 0x0020, 0x0021, 0x0020, 0x0000, 0x2924, 0x7B6C, 0x8BCE, 0x2104, 0x4228, 0x41E7, 0x39E7,
  0x39E7, 0x3186, 0x10A3, 0x2944, 0x9C70, 0xDE77, 0xEEF9, 0xEED8, 0xEEF9, 0xEEF9, 0xEEF9, 0xEEF9,
  0xEEF9, 0xEEF9, 0xEEF9, 0xEEF9, 0xEED9, 0xEED9, 0xEED9, 0xEED9, 0xEED8, 0xEED8, 0xEED8, 0xEED8,
  0xE6B8, 0xFF3A, 0x944F, 0x18C3, 0x39C7, 0x31A6, 0x31A6, 0x31A6, 0x39E7, 0x2104, 0x3165, 0x6B0B,
  0x4A07, 0x1082, 0x0000, 0x0021, 0x0021, 0x0020, 0x0020, 0x0020, 0x0020, 0x0021, 0x0020, 0x0020,
  0x0020, 0x0020, 0x0020, 0x0020, 0x0021, 0x0020, 0x0020, 0x0020, 0x0020, 0x0021, 0x0020, 0x0020,
  0x0020, 0x0020, 0x0021, 0x0020, 0x0020, 0x0020, 0x0020, 0x0020, 0x0020, 0x0020, 0x0020, 0x0020,
  0x0020, 0x0020, 0x0020, 0x0020, 0x0020, 0x0021, 0x0021, 0x0020, 0x0021, 0x0020, 0x0020, 0x0021,
  0x0021, 0x0020, 0x0020, 0x0021, 0x0020, 0x0020, 0x0020, 0x0021, 0x0020, 0x0021, 0x0020, 0x0020,
  0x0020, 0x0021, 0x0020, 0x0020, 0x0020, 0x0020, 0x0021, 0x0021, 0x0021, 0x0020, 0x0020, 0x0020,
  0x0020, 0x0021, 0x0020, 0x0020, 0x0020, 0x0021, 0x0021, 0x0020, 0x0020, 0x0021, 0x0020, 0x0020,
  0x0020, 0x0020, 0x0020, 0x0020, 0x0020, 0x0020, 0x0020, 0x0020, 0x0020, 0x0020, 0x0021, 0x0021,
  0x0020, 0x0020, 0x0021, 0x0020, 0x0020, 0x0020, 0x0021, 0x0020, 0x0020, 0x0021, 0x0020, 0x0020,
  0x0020, 0x0020, 0x0020, 0x0021, 0x0020, 0x0020, 0x0020, 0x0020, 0x0021, 0x0000, 0x1061, 0x41C6,
  0x2924, 0x4228, 0x4207, 0x4207, 0x4228, 0x39C7, 0x10A2, 0x62CA, 0xB553, 0xDE77, 0xD656, 0xDE77,
  0xDE77, 0xDE57, 0xDE77, 0xDE77, 0xDE77, 0xDE77, 0xDE57, 0xDE57, 0xDE57, 0xDE57, 0xD657, 0xD656,
  0xD656, 0xD656, 0xD656, 0xD636, 0xD636, 0xDE57, 0xC5B4, 0x2104, 0x39E7, 0x39C7, 0x39C7, 0x39C7,
  0x39E7, 0x2124, 0x2924, 0x2944, 0x0000, 0x0000, 0x0021, 0x0020, 0x0020, 0x0020, 0x0020, 0x0020,
  0x0020, 0x0020, 0x0020, 0x0020, 0x0020, 0x0020, 0x0020, 0x0020, 0x0020, 0x0020, 0x0020, 0x0020,
  0x0021, 0x0020, 0x0021, 0x0021, 0x0020, 0x0021, 0x0021, 0x0020, 0x0020, 0x0020, 0x0020, 0x0020,
  0x0021, 0x0021, 0x0020, 0x0021, 0x0020, 0x0020, 0x0020, 0x0020, 0x0020, 0x0020, 0x0021, 0x0020,
  0x0021, 0x0020, 0x0020, 0x0021, 0x0020, 0x0020, 0x0020, 0x0020, 0x0020, 0x0021, 0x0021, 0x0021,
  0x0021, 0x0021, 0x0020, 0x0020, 0x0020, 0x0020, 0x0020, 0x0021, 0x0020, 0x0020, 0x0020, 0x0020,
  0x0021, 0x0021, 0x0021, 0x0020, 0x0020, 0x0020, 0x0021, 0x0020, 0x0021, 0x0020, 0x0020, 0x0020,
  0x0020, 0x0020, 0x0021, 0x0021, 0x0020, 0x0020, 0x0020, 0x0020, 0x0021, 0x0020, 0x0020, 0x0021,
  0x0020, 0x0020, 0x0020, 0x0020, 0x0020, 0x0020, 0x0020, 0x0020, 0x0020, 0x0021, 0x0020, 0x0020,
  0x0020, 0x0020, 0x0020, 0x0020, 0x0020, 0x0021, 0x0021, 0x0020, 0x0020, 0x0020, 0x0020, 0x0020,
  0x0020, 0x0021, 0x0020, 0x0000, 0x2104, 0x4A28, 0x4208, 0x4208, 0x4228, 0x39C7, 0x18C2, 0x6B0B,
  0x8BEE, 0x8BEE, 0x8BEE, 0x8C0E, 0x8C0E, 0x8C0E, 0x8C0E, 0x8C0E, 0x8BEE, 0x8C0E, 0x8BEE, 0x8BEE,
  0x8BEE, 0x8BEE, 0x8BEE, 0x8BEE, 0x8BEE, 0x8BEE, 0x83CD, 0x83CD, 0x83CD, 0x83EE, 0x83CD, 0x2124,
  0x31A6, 0x39C7, 0x39C7, 0x39C7, 0x39E7, 0x2945, 0x0000, 0x0000, 0x0021, 0x0021, 0x0020, 0x0021,
  0x0020, 0x0020, 0x0020, 0x0020, 0x0020, 0x0020, 0x0020, 0x0020, 0x0020, 0x0020, 0x0020, 0x0021,
  0x0020, 0x0020, 0x0020, 0x0020, 0x0021, 0x0020, 0x0020, 0x0020, 0x0021, 0x0020, 0x0020, 0x0021,
  0x0020, 0x0021, 0x0020, 0x0020, 0x0020, 0x0020, 0x0020, 0x0021, 0x0020, 0x0020, 0x0020, 0x0021,
  0x0021, 0x0020, 0x0020, 0x0021, 0x0020, 0x0020, 0x0020, 0x0021, 0x0020, 0x0020, 0x0021, 0x0020,
  0x0021, 0x0021, 0x0021, 0x0020, 0x0021, 0x0021, 0x0021, 0x0020, 0x0020, 0x0020, 0x0020, 0x0021,
  0x0021, 0x0021, 0x0020, 0x0020, 0x0021, 0x0021, 0x0021, 0x0020, 0x0020, 0x0020, 0x0021, 0x0020,
  0x0020, 0x0020, 0x0021, 0x0021, 0x0020, 0x0020, 0x0020, 0x0020, 0x0021, 0x0020, 0x0021, 0x0021,
  0x0020, 0x0021, 0x0020, 0x0020, 0x0020, 0x0020, 0x0020, 0x0020, 0x0020, 0x0020, 0x0021, 0x0020,
  0x0021, 0x0020, 0x0020, 0x0020, 0x0020, 0x0021, 0x0020, 0x0020, 0x0021, 0x0021, 0x0020, 0x0020,
  0x0020, 0x0020, 0x0020, 0x0020, 0x0020, 0x0020, 0x0021, 0x0000, 0x2104, 0x4A48, 0x4207, 0x4208,
  0x4228, 0x39C6, 0x10A2, 0x62CA, 0x83AD, 0x8BCE, 0x8BEE, 0x8BCE, 0x8BEE, 0x8BEE, 0x8BEE, 0x8BEE,
  0x8BCE, 0x8BCE, 0x8BCE, 0x8BEE, 0x8BCE, 0x8BCE, 0x8BEE, 0x8BEE, 0x8BCE, 0x8BCD, 0x83CD, 0x83CD,
  0x83CD, 0x83CD, 0x83AD, 0x2124, 0x31A6, 0x39C7, 0x39C7, 0x39C7, 0x39E7, 0x2945, 0x0000, 0x0041,
  0x0020, 0x0020, 0x0020, 0x0020, 0x0020, 0x0020, 0x0020, 0x0021, 0x0021, 0x0020, 0x0020, 0x0020,
  0x0021, 0x0021, 0x0020, 0x0020, 0x0020, 0x0020, 0x0020, 0x0020, 0x0020, 0x0020, 0x0021, 0x0020,
  0x0021, 0x0020, 0x0020, 0x0020, 0x0020, 0x0020, 0x0020, 0x0020, 0x0021, 0x0020, 0x0020, 0x0020,
  0x0020, 0x0021, 0x0020, 0x0021, 0x0020, 0x0020, 0x0021, 0x0020, 0x0020, 0x0021, 0x0021, 0x0021,
  0x0020, 0x0020, 0x0021, 0x0020, 0x0021, 0x0020, 0x0020, 0x0020, 0x0021, 0x0020, 0x0020, 0x0020,
  0x0020, 0x0020, 0x0020, 0x0021, 0x0020, 0x0020, 0x0021, 0x0020, 0x0020, 0x0021, 0x0020, 0x0020,
  0x0020, 0x0020, 0x0020, 0x0021, 0x0020, 0x0020, 0x0021, 0x0020, 0x0020, 0x0021, 0x0020, 0x0020,
  0x0021, 0x0020, 0x0020, 0x0021, 0x0021, 0x0020, 0x0020, 0x0020, 0x0020, 0x0020, 0x0021, 0x0020,
  0x0021, 0x0020, 0x0020, 0x0020, 0x0020, 0x0020, 0x0020, 0x0020, 0x0020, 0x0021, 0x0021, 0x0020,
  0x0021, 0x0020, 0x0020, 0x0020, 0x0020, 0x0020, 0x0021, 0x0020, 0x0020, 0x0020, 0x0021, 0x0000,
  0x2104, 0x4A28, 0x4207, 0x4208, 0x4228, 0x39C6, 0x1082, 0x6B0B, 0x8BCE, 0x8BEE, 0x8BEE, 0x8BEE,
  0x8BEE, 0x8BEE, 0x8BEE, 0x8BEE, 0x8BEE, 0x8BEE, 0x8BEE, 0x8BEE, 0x8BEE, 0x8BEE, 0x8BEE, 0x8BEE,
  0x83CE, 0x83CE, 0x83CD, 0x83CD, 0x83CD, 0x83CD, 0x83CD, 0x2924, 0x31A6, 0x39C7, 0x39C7, 0x39C6,
  0x39C7, 0x2945, 0x0000, 0x0021, 0x0020, 0x0020, 0x0020, 0x0020, 0x0020, 0x0020, 0x0020, 0x0020,
  0x0020, 0x0020, 0x0020, 0x0021, 0x0020, 0x0020, 0x0020, 0x0020, 0x0020, 0x0021, 0x0020, 0x0020,
  0x0021, 0x0021, 0x0021, 0x0021, 0x0020, 0x0020, 0x0021, 0x0020, 0x0020, 0x0020, 0x0020, 0x0020,
  0x0021, 0x0021, 0x0020, 0x0020, 0x0020, 0x0021, 0x0020, 0x0021, 0x0020, 0x0020, 0x0020, 0x0020,
  0x0020, 0x0020, 0x0020, 0x0021, 0x0020, 0x0021, 0x0020, 0x0020, 0x0020, 0x0020, 0x0020, 0x0021,
  0x0021, 0x0020, 0x0020, 0x0020, 0x0020, 0x0020, 0x0020, 0x0020, 0x0020, 0x0020, 0x0021, 0x0021,
  0x0021, 0x0021, 0x0020, 0x0020, 0x0021, 0x0021, 0x0020, 0x0020, 0x0020, 0x0021, 0x0021, 0x0020,
  0x0020, 0x0021, 0x0020, 0x0021, 0x0020, 0x0021, 0x0020, 0x0020, 0x0020, 0x0020, 0x0021, 0x0021,
  0x0020, 0x0020, 0x0021, 0x0020, 0x0021, 0x0020, 0x0021, 0x0020, 0x0020, 0x0020, 0x0020, 0x0020,
  0x0020, 0x0021, 0x0021, 0x0021, 0x0020, 0x0021, 0x0020, 0x0020, 0x0020, 0x0020, 0x0020, 0x0020,
  0x0020, 0x0021, 0x0021, 0x0000, 0x2124, 0x4A69, 0x4A28, 0x4A28, 0x4A48, 0x2945, 0x4A48, 0xE6B8,
  0xDE97, 0xE697, 0xE697, 0xE697, 0xE698, 0xE698, 0xE698, 0xE698, 0xE697, 0xE697, 0xE697, 0xE697,
  0xE697, 0xE697, 0xE697, 0xE697, 0xE697, 0xE677, 0xDE77, 0xDE77, 0xDE77, 0xDE56, 0xEEF9, 0x738D,
  0x20E4, 0x39E7, 0x39C7, 0x39E7, 0x4207, 0x2965, 0x0000, 0x0021, 0x0020, 0x0020, 0x0021, 0x0020,
  0x0021, 0x0020, 0x0020, 0x0021, 0x0020, 0x0020, 0x0021, 0x0021, 0x0020, 0x0021, 0x0020, 0x0021,
  0x0020, 0x0021, 0x0020, 0x0021, 0x0021, 0x0021, 0x0021, 0x0020, 0x0020, 0x0020, 0x0020, 0x0020,
  0x0021, 0x0020, 0x0020, 0x0020, 0x0020, 0x0020, 0x0021, 0x0020, 0x0020, 0x0021, 0x0020, 0x0020,
  0x0021, 0x0020, 0x0021, 0x0020, 0x0020, 0x0020, 0x0020, 0x0021, 0x0020, 0x0021, 0x0020, 0x0020,
  0x0020, 0x0020, 0x0020, 0x0020, 0x0020, 0x0020, 0x0020, 0x0020, 0x0020, 0x0020, 0x0020, 0x0020,
  0x0020, 0x0020, 0x0021, 0x0021, 0x0020, 0x0020, 0x0020, 0x0020, 0x0021, 0x0021, 0x0021, 0x0020,
  0x0020, 0x0020, 0x0020, 0x0020, 0x0021, 0x0020, 0x0020, 0x0020, 0x0020, 0x0020, 0x0021, 0x0021,
  0x0020, 0x0021, 0x0020, 0x0020, 0x0020, 0x0020, 0x0020, 0x0020, 0x0020, 0x0020, 0x0021, 0x0021,
  0x0020, 0x0021, 0x0021, 0x0020, 0x0020, 0x0021, 0x0020, 0x0021, 0x0020, 0x0021, 0x0020, 0x0021,
  0x0020, 0x0021, 0x0020, 0x0020, 0x0021, 0x0020, 0x0021, 0x0020, 0x0861, 0x2103, 0x2965, 0x39C6,
  0x4A28, 0x2104, 0xAD12, 0xF73A, 0xE6B8, 0xE6B8, 0xE6B8, 0xE6D8, 0xEED8, 0xEED9, 0xEED8, 0xE6D8,
  0xEED8, 0xEED8, 0xE6D8, 0xEED8, 0xE6B8, 0xE6B8, 0xE6B8, 0xE6B8, 0xE6B8, 0xE6B8, 0xE6B8, 0xE6B8,
  0xE6B8, 0xE698, 0xEEF9, 0xBD94, 0x18C3, 0x39C7, 0x3186, 0x2945, 0x2104, 0x1082, 0x0000, 0x0021,
  0x0020, 0x0020, 0x0020, 0x0020, 0x0020, 0x0021, 0x0020, 0x0020, 0x0020, 0x0021, 0x0020, 0x0020,
  0x0021, 0x0021, 0x0020, 0x0021, 0x0020, 0x0020, 0x0020, 0x0021, 0x0021, 0x0021, 0x0021, 0x0021,
  0x0021, 0x0021, 0x0021, 0x0020, 0x0020, 0x0020, 0x0021, 0x0020, 0x0021, 0x0020, 0x0021, 0x0021,
  0x0020, 0x0020, 0x0021, 0x0021, 0x0021, 0x0020, 0x0020, 0x0021, 0x0020, 0x0020, 0x0020, 0x0020,
  0x0020, 0x0020, 0x0020, 0x0021, 0x0021, 0x0020, 0x0020, 0x0021, 0x0021, 0x0021, 0x0020, 0x0020,
  0x0020, 0x0020, 0x0020, 0x0020, 0x0020, 0x0020, 0x0020, 0x0020, 0x0020, 0x0021, 0x0020, 0x0020,
  0x0021, 0x0021, 0x0020, 0x0020, 0x0021, 0x0020, 0x0020, 0x0020, 0x0021, 0x0020, 0x0021, 0x0021,
  0x0021, 0x0020, 0x0021, 0x0021, 0x0021, 0x0020, 0x0020, 0x0020, 0x0020, 0x0020, 0x0021, 0x0021,
  0x0021, 0x0021, 0x0020, 0x0020, 0x0020, 0x0021, 0x0021, 0x0020, 0x0020, 0x0021, 0x0020, 0x0020,
  0x0021, 0x0020, 0x0020, 0x0020, 0x0020, 0x0021, 0x0020, 0x0020, 0x0020, 0x0020, 0x0020, 0x0021,
  0x0020, 0x0000, 0x0000, 0x0020, 0x0841, 0x1082, 0x942F, 0x9C90, 0x9C90, 0x9C90, 0x9C90, 0x9C90,
  0x9C90, 0x9C90, 0x9C90, 0x9C90, 0x9C90, 0x9C90, 0x9C90, 0x9C90, 0x9C90, 0x9C90, 0x9C70, 0x9C90,
  0x9C70, 0x9C70, 0x9C70, 0x9C70, 0x9C70, 0x9C70, 0x9C70, 0x7B8C, 0x1061, 0x0841, 0x0020, 0x0000,
  0x0000, 0x0000, 0x0020, 0x0020, 0x0020, 0x0020, 0x0020, 0x0020, 0x0020, 0x0021, 0x0020, 0x0020,
  0x0020, 0x0020, 0x0020, 0x0020, 0x0020, 0x0020, 0x0021, 0x0021, 0x0021, 0x0021, 0x0021, 0x0020,
  0x0021, 0x0020, 0x0021, 0x0021, 0x0020, 0x0020, 0x0020, 0x0020, 0x0020, 0x0020, 0x0021, 0x0021,
  0x0020, 0x0020, 0x0020, 0x0020, 0x0021, 0x0021, 0x0021, 0x0021, 0x0020, 0x0020, 0x0020, 0x0020,
  0x0020, 0x0020, 0x0020, 0x0020, 0x0020, 0x0020, 0x0021, 0x0020, 0x0021, 0x0021, 0x0020, 0x0020,
  0x0020, 0x0020, 0x0020, 0x0020, 0x0020, 0x0020, 0x0020, 0x0021, 0x0020, 0x0020, 0x0020, 0x0020,
  0x0020, 0x0020, 0x0021, 0x0021, 0x0020, 0x0021, 0x0021, 0x0020, 0x0021, 0x0020, 0x0021, 0x0021,
  0x0021, 0x0020, 0x0020, 0x0021, 0x0021, 0x0020, 0x0020, 0x0021, 0x0020, 0x0021, 0x0021, 0x0020,
  0x0020, 0x0020, 0x0020, 0x0020, 0x0021, 0x0020, 0x0020, 0x0021, 0x0020, 0x0020, 0x0020, 0x0020,
  0x0020, 0x0021, 0x0020, 0x0020, 0x0020, 0x0020, 0x0020, 0x0020, 0x0020, 0x0021, 0x0020, 0x0021,
  0x0020, 0x0020, 0x0020, 0x0020, 0x0021, 0x0021, 0x0021, 0x0021, 0x0020, 0x0840, 0x734B, 0x7B8C,
  0x7B6C, 0x7B8C, 0x7B8C, 0x7B8C, 0x7B6C, 0x7B6C, 0x7B6C, 0x7B6C, 0x7B6C, 0x7B8C, 0x7B8C, 0x7B6C,
  0x7B6C, 0x7B6C, 0x7B6C, 0x7B6C, 0x7B6C, 0x7B6C, 0x7B6C, 0x7B6C, 0x7B6C, 0x7B6C, 0x7B6C, 0x732B,
  0x0841, 0x0000, 0x0021, 0x0021, 0x0021, 0x0021, 0x0020, 0x0020, 0x0020, 0x0020, 0x0020, 0x0021,
  0x0020, 0x0020, 0x0021, 0x0020, 0x0020, 0x0021, 0x0020, 0x0020, 0x0020, 0x0020, 0x0021, 0x0020,
  0x0021, 0x0021, 0x0020, 0x0020, 0x0020, 0x0020, 0x0021, 0x0021, 0x0020, 0x0021, 0x0021, 0x0020,
  0x0020, 0x0021, 0x0020, 0x0020, 0x0021, 0x0020, 0x0020, 0x0021, 0x0020, 0x0020, 0x0020, 0x0020,
  0x0020, 0x0020, 0x0020, 0x0020, 0x0020, 0x0020, 0x0020, 0x0020, 0x0020, 0x0020, 0x0020, 0x0020,
  0x0020, 0x0021, 0x0020, 0x0021, 0x0020, 0x0021, 0x0020, 0x0020, 0x0020, 0x0020, 0x0021, 0x0020,
  0x0020, 0x0020, 0x0020, 0x0020, 0x0020, 0x0020, 0x0021, 0x0021, 0x0021, 0x0021, 0x0021, 0x0020,
  0x0021, 0x0020, 0x0020, 0x0021, 0x0020, 0x0021, 0x0021, 0x0021, 0x0021, 0x0020, 0x0021, 0x0020,
  0x0020, 0x0020, 0x0020, 0x0020, 0x0020, 0x0020, 0x0021, 0x0020, 0x0021, 0x0020, 0x0020, 0x0020,
  0x0020, 0x0020, 0x0020, 0x0020, 0x0020, 0x0020, 0x0020, 0x0020, 0x0020, 0x0020, 0x0020, 0x0020,
  0x0020, 0x0020, 0x0021, 0x0020, 0x0021, 0x0020, 0x0021, 0x0020, 0x0020, 0x0020, 0x0020, 0x0021,
  0x0021, 0x0020, 0x5248, 0x62CA, 0x62A9, 0x62A9, 0x62A9, 0x62A9, 0x62A9, 0x62A9, 0x62A9, 0x62A9,
  0x62A9, 0x62A9, 0x62A9, 0x62A9, 0x62A9, 0x62A9, 0x62A9, 0x62A9, 0x62A9, 0x62A9, 0x5AA9, 0x5AA9,
  0x5AA9, 0x5AA9, 0x62C9, 0x5268, 0x0020, 0x0020, 0x0020, 0x0020, 0x0020, 0x0020, 0x0020, 0x0020,
  0x0020, 0x0021, 0x0020, 0x0020, 0x0021, 0x0020, 0x0021, 0x0020, 0x0020, 0x0021, 0x0021, 0x0021,
  0x0021, 0x0021, 0x0020, 0x0020, 0x0021, 0x0021, 0x0021, 0x0020, 0x0020, 0x0021, 0x0020, 0x0020,
  0x0020, 0x0021, 0x0021, 0x0020, 0x0020, 0x0021, 0x0020, 0x0021, 0x0020, 0x0020, 0x0020, 0x0020,
  0x0020, 0x0020, 0x0020, 0x0020, 0x0020, 0x0020, 0x0020, 0x0020, 0x0020, 0x0020, 0x0020, 0x0020,
  0x0020, 0x0021, 0x0020, 0x0020, 0x0021, 0x0021, 0x0020, 0x0021, 0x0020, 0x0020, 0x0020, 0x0020,
  0x0020, 0x0020, 0x0020, 0x0021, 0x0020, 0x0020, 0x0020, 0x0021, 0x0021, 0x0021, 0x0021, 0x0020,
  0x0020, 0x0020, 0x0020, 0x0021, 0x0021, 0x0021, 0x0020, 0x0020, 0x0021, 0x0021, 0x0021, 0x0021,
  0x0021, 0x0021, 0x0020, 0x0020, 0x0021, 0x0021, 0x0020, 0x0021, 0x0020, 0x0021, 0x0020, 0x0021,
  0x0021, 0x0021, 0x0021, 0x0020, 0x0020, 0x0020, 0x0021, 0x0021, 0x0020, 0x0020, 0x0021, 0x0020,
  0x0020, 0x0020, 0x0021, 0x0020, 0x0021, 0x0020, 0x0020, 0x0021, 0x0021, 0x0020, 0x0020, 0x0021,
  0x0020, 0x0020, 0x0020, 0x0020, 0x0020, 0x0020, 0x0000, 0x0000, 0x0000, 0x0000, 0x0000, 0x0000,
  0x0000, 0x0000, 0x0000, 0x0000, 0x0000, 0x0000, 0x0000, 0x0000, 0x0000, 0x0000, 0x0000, 0x0000,
  0x0000, 0x0000, 0x0000, 0x0000, 0x0000, 0x0000, 0x0000, 0x0000, 0x0020, 0x0021, 0x0020, 0x0020,
  0x0020, 0x0021, 0x0020, 0x0020, 0x0020, 0x0020, 0x0020, 0x0020, 0x0020, 0x0020, 0x0020, 0x0020,
  0x0020, 0x0021, 0x0021, 0x0021, 0x0020, 0x0020, 0x0021, 0x0020, 0x0020, 0x0021, 0x0021, 0x0020,
  0x0021, 0x0021, 0x0021, 0x0020, 0x0020, 0x0020, 0x0020, 0x0021, 0x0020, 0x0020, 0x0020, 0x0021,
  0x0020, 0x0020, 0x0020, 0x0020, 0x0020, 0x0020, 0x0020, 0x0021, 0x0020, 0x0020, 0x0021, 0x0020,
  0x0020, 0x0020, 0x0020, 0x0020, 0x0020, 0x0021, 0x0020, 0x0020, 0x0021, 0x0020, 0x0020, 0x0021,
  0x0020, 0x0020, 0x0020, 0x0020, 0x0020, 0x0020, 0x0020, 0x0020, 0x0020, 0x0020, 0x0021, 0x0021,
  0x0021, 0x0021, 0x0021, 0x0020, 0x0021, 0x0021, 0x0020, 0x0020, 0x0020, 0x0021, 0x0020, 0x0020,
  0x0020, 0x0020, 0x0020, 0x0021, 0x0021, 0x0020, 0x0020, 0x0020, 0x0020, 0x0021, 0x0020, 0x0020,
  0x0021, 0x0021, 0x0020, 0x0021, 0x0021, 0x0020, 0x0020, 0x0020, 0x0020, 0x0021, 0x0021, 0x0020,
  0x0020, 0x0020, 0x0020, 0x0021, 0x0020, 0x0021, 0x0021, 0x0020, 0x0021, 0x0021, 0x0020, 0x0021,
  0x0020, 0x0021, 0x0020, 0x0020, 0x0021, 0x0020, 0x0020, 0x0020, 0x0020, 0x0020, 0x0021, 0x0021,
  0x0021, 0x0021, 0x0021, 0x0021, 0x0021, 0x0021, 0x0021, 0x0021, 0x0021, 0x0021, 0x0021, 0x0021,
  0x0021, 0x0021, 0x0021, 0x0021, 0x0021, 0x0021, 0x0021, 0x0021, 0x0021, 0x0021, 0x0021, 0x0021,
  0x0020, 0x0020, 0x0020, 0x0020, 0x0021, 0x0021, 0x0020, 0x0020, 0x0020, 0x0021, 0x0020, 0x0021,
  0x0020, 0x0020, 0x0020, 0x0020, 0x0020, 0x0020, 0x0021, 0x0020, 0x0021, 0x0021, 0x0020, 0x0020,
  0x0021, 0x0021, 0x0021, 0x0021, 0x0021, 0x0021, 0x0021, 0x0021, 0x0020, 0x0021, 0x0020, 0x0021,
  0x0020, 0x0021, 0x0021, 0x0021, 0x0020, 0x0020, 0x0020, 0x0020, 0x0020, 0x0020, 0x0020, 0x0020,
  0x0020, 0x0020, 0x0020, 0x0020, 0x0020, 0x0020, 0x0020, 0x0020, 0x0020, 0x0020, 0x0021, 0x0021,
  0x0020, 0x0020, 0x0020, 0x0020, 0x0020, 0x0020, 0x0020, 0x0020, 0x0020, 0x0020, 0x0020, 0x0021,
  0x0020, 0x0020, 0x0020, 0x0021, 0x0021, 0x0020, 0x0021, 0x0021, 0x0020, 0x0020, 0x0021, 0x0020,
  0x0020, 0x0020, 0x0020, 0x0021, 0x0020, 0x0020, 0x0021, 0x0021, 0x0021, 0x0021, 0x0021, 0x0021,
  0x0020, 0x0020, 0x0020, 0x0020, 0x0021, 0x0020, 0x0021, 0x0021, 0x0020, 0x0020, 0x0021, 0x0020,
  0x0020, 0x0021, 0x0021, 0x0021, 0x0021, 0x0020, 0x0020, 0x0020, 0x0020, 0x0021, 0x0021, 0x0020,
  0x0020, 0x0021, 0x0020, 0x0020, 0x0020, 0x0020, 0x0020, 0x0020, 0x0021, 0x0020, 0x0020, 0x0020,
  0x0020, 0x0020, 0x0020, 0x0020, 0x0020, 0x0020, 0x0020, 0x0020, 0x0020, 0x0020, 0x0020, 0x0020,
  0x0020, 0x0020, 0x0020, 0x0020, 0x0020, 0x0021, 0x0020, 0x0020, 0x0020, 0x0020, 0x0020, 0x0020,
  0x0020, 0x0020, 0x0020, 0x0020, 0x0020, 0x0020, 0x0020, 0x0021, 0x0021, 0x0020, 0x0020, 0x0020,
  0x0020, 0x0021, 0x0020, 0x0021, 0x0020, 0x0021, 0x0020, 0x0020, 0x0020, 0x0021, 0x0021, 0x0021,
  0x0021, 0x0020, 0x0021, 0x0020, 0x0021, 0x0020, 0x0020, 0x0020, 0x0021, 0x0021, 0x0020, 0x0020,
  0x0020, 0x0020, 0x0021, 0x0020, 0x0020, 0x0020, 0x0021, 0x0021, 0x0021, 0x0020, 0x0021, 0x0020,
  0x0020, 0x0020, 0x0020, 0x0020, 0x0020, 0x0020, 0x0020, 0x0020, 0x0020, 0x0020, 0x0020, 0x0020,
  0x0020, 0x0021, 0x0021, 0x0020, 0x0020, 0x0021, 0x0021, 0x0020, 0x0020, 0x0021, 0x0020, 0x0020,
  0x0020, 0x0020, 0x0020, 0x0021, 0x0020, 0x0020, 0x0020, 0x0020, 0x0020, 0x0020, 0x0020, 0x0020,
  0x0021, 0x0021, 0x0020, 0x0021, 0x0021, 0x0021, 0x0020, 0x0021, 0x0021, 0x0021, 0x0021, 0x0021,
  0x0021, 0x0020, 0x0021, 0x0020, 0x0021, 0x0020, 0x0021, 0x0020, 0x0021, 0x0020, 0x0020, 0x0020,
  0x0020, 0x0020, 0x0021, 0x0020, 0x0020, 0x0020, 0x0020, 0x0020, 0x0021, 0x0021, 0x0020, 0x0020,
  0x0021, 0x0021, 0x0020, 0x0020, 0x0021, 0x0021, 0x0020, 0x0020, 0x0020, 0x0021, 0x0020, 0x0021,
  0x0021, 0x0020, 0x0021, 0x0020, 0x0021, 0x0021, 0x0020, 0x0020, 0x0020, 0x0020, 0x0020, 0x0020,
  0x0020, 0x0020, 0x0021, 0x0020, 0x0021, 0x0020, 0x0020, 0x0020, 0x0020, 0x0020, 0x0020, 0x0020,
  0x0020, 0x0021, 0x0020, 0x0020, 0x0020, 0x0020, 0x0021, 0x0020, 0x0020, 0x0020, 0x0020, 0x0020,
  0x0020, 0x0020, 0x0020, 0x0021, 0x0020, 0x0020, 0x0020, 0x0020, 0x0020, 0x0020, 0x0020, 0x0020,
  0x0021, 0x0020, 0x0020, 0x0020, 0x0021, 0x0021, 0x0021, 0x0020, 0x0021, 0x0021, 0x0020, 0x0020,
  0x0021, 0x0021, 0x0021, 0x0020, 0x0021, 0x0021, 0x0021, 0x0020, 0x0021, 0x0020, 0x0021, 0x0021,
  0x0021, 0x0020, 0x0020, 0x0020, 0x0021, 0x0020, 0x0020, 0x0020, 0x0020, 0x0020, 0x0020, 0x0020,
  0x0020, 0x0020, 0x0020, 0x0020, 0x0020, 0x0020, 0x0020, 0x0020, 0x0020, 0x0020, 0x0021, 0x0021,
  0x0020, 0x0021, 0x0020, 0x0020, 0x0020, 0x0020, 0x0020, 0x0021, 0x0021, 0x0020, 0x0020, 0x0020,
  0x0020, 0x0020, 0x0020, 0x0020, 0x0020, 0x0020, 0x0021, 0x0020, 0x0020, 0x0021, 0x0021, 0x0021,
  0x0020, 0x0020, 0x0021, 0x0021, 0x0021, 0x0020, 0x0021, 0x0021, 0x0020, 0x0021, 0x0021, 0x0020,
  0x0020, 0x0020, 0x0020, 0x0020, 0x0020, 0x0021, 0x0020, 0x0020, 0x0020, 0x0021, 0x0021, 0x0020,
  0x0020, 0x0021, 0x0020, 0x0020, 0x0021, 0x0021, 0x0020, 0x0021, 0x0020, 0x0020, 0x0021, 0x0021,
  0x0021, 0x0020, 0x0020, 0x0021, 0x0021, 0x0020, 0x0020, 0x0021, 0x0020, 0x0020, 0x0020, 0x0020,
  0x0021, 0x0021, 0x0021, 0x0020, 0x0020, 0x0020, 0x0020, 0x0021, 0x0020, 0x0020, 0x0021, 0x0020,
  0x0021, 0x0020, 0x0020, 0x0020, 0x0021, 0x0020, 0x0020, 0x0020, 0x0020, 0x0020, 0x0020, 0x0020,
  0x0021, 0x0020, 0x0020, 0x0020, 0x0020, 0x0020, 0x0020, 0x0020, 0x0021, 0x0021, 0x0020, 0x0020,
  0x0021, 0x0020, 0x0020, 0x0021, 0x0021, 0x0021, 0x0021, 0x0021, 0x0020, 0x0020, 0x0021, 0x0020,
  0x0020, 0x0021, 0x0021, 0x0020, 0x0020, 0x0020, 0x0021, 0x0021, 0x0020, 0x0021, 0x0020, 0x0020,
  0x0021, 0x0020, 0x0020, 0x0020, 0x0020, 0x0020, 0x0021, 0x0020, 0x0020, 0x0021, 0x0020, 0x0020,
  0x0020, 0x0020, 0x0020, 0x0020, 0x0020, 0x0021, 0x0020, 0x0020, 0x0020, 0x0020, 0x0020, 0x0021,
  0x0020, 0x0021, 0x0020, 0x0021, 0x0020, 0x0020, 0x0020, 0x0020, 0x0020, 0x0020, 0x0020, 0x0021,
  0x0020, 0x0020, 0x0020, 0x0020, 0x0021, 0x0021, 0x0021, 0x0020, 0x0021, 0x0021, 0x0021, 0x0020,
  0x0021, 0x0021, 0x0020, 0x0020, 0x0021, 0x0020, 0x0020, 0x0020, 0x0021, 0x0021, 0x0021, 0x0021,
  0x0020, 0x0021, 0x0020, 0x0021, 0x0020, 0x0021, 0x0021, 0x0020, 0x0021, 0x0021, 0x0020, 0x0021,
  0x0020, 0x0021, 0x0020, 0x0020, 0x0020, 0x0020, 0x0020, 0x0021, 0x0020, 0x0021, 0x0021, 0x0021,
  0x0020, 0x0021, 0x0020, 0x0021, 0x0021, 0x0020, 0x0021, 0x0020, 0x0021, 0x0021, 0x0021, 0x0020,
  0x0021, 0x0020, 0x0020, 0x0021, 0x0021, 0x0020, 0x0020, 0x0021, 0x0021, 0x0020, 0x0021, 0x0020,
  0x0020, 0x0021, 0x0020, 0x0021, 0x0020, 0x0020, 0x0020, 0x0021, 0x0020, 0x0021, 0x0021, 0x0020,
  0x0020, 0x0020, 0x0020, 0x0020, 0x0021, 0x0020, 0x0021, 0x0020, 0x0020, 0x0020, 0x0021, 0x0021,
  0x0021, 0x0021, 0x0020, 0x0020, 0x0020, 0x0021, 0x0020, 0x0021, 0x0021, 0x0020, 0x0021, 0x0021,
  0x0020, 0x0020, 0x0021, 0x0020, 0x0020, 0x0020, 0x0020, 0x0020, 0x0020, 0x0021, 0x0021, 0x0020,
  0x0020, 0x0020, 0x0020, 0x0021, 0x0020, 0x0020, 0x0020, 0x0021, 0x0020, 0x0020, 0x0020, 0x0020,
  0x0020, 0x0020, 0x0020, 0x0020, 0x0021, 0x0020, 0x0020, 0x0020, 0x0020, 0x0021, 0x0020, 0x0020,
  0x0021, 0x0021, 0x0020, 0x0020, 0x0020, 0x0020, 0x0020, 0x0020, 0x0021, 0x0020, 0x0020, 0x0020,
  0x0020, 0x0020, 0x0020, 0x0020, 0x0020, 0x0020, 0x0020, 0x0021, 0x0021, 0x0021, 0x0020, 0x0020,
  0x0020, 0x0021, 0x0021, 0x0020, 0x0020, 0x0021, 0x0020, 0x0020, 0x0021, 0x0021, 0x0020, 0x0020,
  0x0021, 0x0020, 0x0020, 0x0021, 0x0020, 0x0020, 0x0021, 0x0021, 0x0020, 0x0021, 0x0021, 0x0020,
  0x0021, 0x0021, 0x0021, 0x0020, 0x0020, 0x0021, 0x0020, 0x0020, 0x0021, 0x0021, 0x0020, 0x0020,
  0x0020, 0x0021, 0x0020, 0x0021, 0x0021, 0x0021, 0x0020, 0x0021, 0x0021, 0x0021, 0x0020, 0x0020,
  0x0020, 0x0020, 0x0021, 0x0020, 0x0020, 0x0020, 0x0020, 0x0020, 0x0020, 0x0020, 0x0020, 0x0021,
  0x0020, 0x0021, 0x0021, 0x0020, 0x0020, 0x0020, 0x0021, 0x0020, 0x0021, 0x0021, 0x0020, 0x0020,
  0x0020, 0x0021, 0x0021, 0x0020, 0x0020, 0x0020, 0x0020, 0x0020, 0x0020, 0x0020, 0x0020, 0x0020,
  0x0021, 0x0020, 0x0020, 0x0020, 0x0020, 0x0020, 0x0020, 0x0020, 0x0020, 0x0021, 0x0021, 0x0020,
  0x0020, 0x0020, 0x0020, 0x0021, 0x0020, 0x0020, 0x0020, 0x0021, 0x0021, 0x0020, 0x0020, 0x0020,
  0x0020, 0x0020, 0x0021, 0x0020, 0x0020, 0x0021, 0x0020, 0x0020, 0x0020, 0x0021, 0x0020, 0x0020,
  0x0020, 0x0021, 0x0020, 0x0021, 0x0021, 0x0020, 0x0020, 0x0020, 0x0020, 0x0020, 0x0020, 0x0020,
  0x0020, 0x0020, 0x0020, 0x0020, 0x0020, 0x0021, 0x0020, 0x0020, 0x0020, 0x0021, 0x0020, 0x0020,
  0x0020, 0x0020, 0x0021, 0x0020, 0x0020, 0x0020, 0x0020, 0x0021, 0x0020, 0x0021, 0x0021, 0x0021,
  0x0020, 0x0020, 0x0021, 0x0020, 0x0021, 0x0021, 0x0020, 0x0020, 0x0020, 0x0020, 0x0021, 0x0020,
  0x0020, 0x0020, 0x0020, 0x0021, 0x0020, 0x0020, 0x0020, 0x0021, 0x0020, 0x0020, 0x0020, 0x0020,
  0x0020, 0x0021, 0x0020, 0x0021, 0x0020, 0x0020, 0x0020, 0x0021, 0x0020, 0x0021, 0x0021, 0x0020,
  0x0020, 0x0021, 0x0020, 0x0020, 0x0021, 0x0021, 0x0021, 0x0021, 0x0021, 0x0020, 0x0021, 0x0020,
  0x0020, 0x0020, 0x0020, 0x0020, 0x0020, 0x0020, 0x0020, 0x0021, 0x0020, 0x0021, 0x0021, 0x0020,
  0x0021, 0x0020, 0x0021, 0x0020, 0x0020, 0x0021, 0x0020, 0x0020, 0x0020, 0x0020, 0x0020, 0x0020,
  0x0021, 0x0020, 0x0020, 0x0021, 0x0020, 0x0020, 0x0020, 0x0020, 0x0020, 0x0020, 0x0020, 0x0020,
  0x0021, 0x0021, 0x0020, 0x0020, 0x0020, 0x0021, 0x0020, 0x0020, 0x0021, 0x0021, 0x0020, 0x0021,
  0x0020, 0x0020, 0x0021, 0x0020, 0x0020, 0x0021, 0x0020, 0x0020, 0x0020, 0x0020, 0x0020, 0x0021,
  0x0020, 0x0020, 0x0020, 0x0020, 0x0020, 0x0021, 0x0021, 0x0020, 0x0020, 0x0020, 0x0020, 0x0020,
  0x0020, 0x0020, 0x0020, 0x0021, 0x0020, 0x0020, 0x0020, 0x0020, 0x0020, 0x0020, 0x0021, 0x0020,
  0x0020, 0x0020, 0x0020, 0x0021, 0x0020, 0x0021, 0x0021, 0x0020, 0x0020, 0x0021, 0x0020, 0x0020,
  0x0020, 0x0020, 0x0020, 0x0020, 0x0020, 0x0020, 0x0020, 0x0020, 0x0020, 0x0020, 0x0020, 0x0020,
  0x0021, 0x0020, 0x0020, 0x0021, 0x0020, 0x0020, 0x0021, 0x0021, 0x0020, 0x0020, 0x0020, 0x0021,
  0x0020, 0x0021, 0x0020, 0x0020, 0x0020, 0x0021, 0x0021, 0x0020, 0x0021, 0x0021, 0x0021, 0x0021,
  0x0020, 0x0020, 0x0020, 0x0020, 0x0020, 0x0021, 0x0021, 0x0021, 0x0021, 0x0020, 0x0020, 0x0021,
  0x0020, 0x0020, 0x0020, 0x0020, 0x0020, 0x0020, 0x0020, 0x0021, 0x0020, 0x0020, 0x0021, 0x0020,
  0x0020, 0x0021, 0x0021, 0x0021, 0x0021, 0x0021, 0x0021, 0x0021, 0x0020, 0x0020, 0x0021, 0x0020,
  0x0021, 0x0021, 0x0021, 0x0020, 0x0021, 0x0021, 0x0021, 0x0020, 0x0020, 0x0020, 0x0020, 0x0020,
  0x0021, 0x0021, 0x0020, 0x0020, 0x0020, 0x0020, 0x0020, 0x0020, 0x0020, 0x0020, 0x0020, 0x0020,
  0x0020, 0x0021, 0x0020, 0x0020, 0x0020, 0x0021, 0x0020, 0x0021, 0x0020, 0x0020, 0x0020, 0x0020,
  0x0021, 0x0020, 0x0020, 0x0021, 0x0021, 0x0021, 0x0020, 0x0020, 0x0020, 0x0020, 0x0021, 0x0020,
  0x0021, 0x0021, 0x0020, 0x0020, 0x0021, 0x0020, 0x0020, 0x0020, 0x0021, 0x0020, 0x0021, 0x0021,
  0x0021, 0x0021, 0x0020, 0x0020, 0x0021, 0x0020, 0x0021, 0x0021, 0x0020, 0x0021, 0x0021, 0x0020,
  0x0020, 0x0021, 0x0020, 0x0020, 0x0020, 0x0020, 0x0021, 0x0021, 0x0021, 0x0020, 0x0020, 0x0021,
  0x0020, 0x0020, 0x0020, 0x0020, 0x0021, 0x0020, 0x0020, 0x0021, 0x0020, 0x0021, 0x0020, 0x0020,
  0x0020, 0x0020, 0x0020, 0x0020, 0x0020, 0x0021, 0x0020, 0x0020, 0x0021, 0x0020, 0x0021, 0x0020,
  0x0020, 0x0020, 0x0020, 0x0020, 0x0021, 0x0021, 0x0020, 0x0020, 0x0020, 0x0021, 0x0021, 0x0020,
  0x0021, 0x0021, 0x0020, 0x0021, 0x0021, 0x0021, 0x0021, 0x0020, 0x0020, 0x0020, 0x0021, 0x0021,
  0x0021, 0x0020, 0x0021, 0x0021, 0x0020, 0x0020, 0x0021, 0x0020, 0x0021, 0x0021, 0x0020, 0x0021,
  0x0021, 0x0020, 0x0020, 0x0021, 0x0021, 0x0021, 0x0021, 0x0021, 0x0020, 0x0020, 0x0021, 0x0020,
  0x0020, 0x0020, 0x0020, 0x0020, 0x0021, 0x0020, 0x0020, 0x0021, 0x0021, 0x0021, 0x0021, 0x0021,
  0x0021, 0x0020, 0x0020, 0x0021, 0x0020, 0x0020, 0x0020, 0x0020, 0x0021, 0x0021, 0x0021, 0x0020,
  0x0020, 0x0020, 0x0020, 0x0020, 0x0021, 0x0020, 0x0020, 0x0020, 0x0020, 0x0021, 0x0020, 0x0020,
  0x0021, 0x0020, 0x0021, 0x0020, 0x0020, 0x0020, 0x0020, 0x0020, 0x0020, 0x0020, 0x0020, 0x0020,
  0x0020, 0x0020, 0x0020, 0x0020, 0x0021, 0x0020, 0x0020, 0x0020, 0x0020, 0x0021, 0x0021, 0x0020,
  0x0021, 0x0020, 0x0020, 0x0021, 0x0020, 0x0020, 0x0020, 0x0021, 0x0020, 0x0020, 0x0020, 0x0020,
  0x0020, 0x0020, 0x0020, 0x0021, 0x0021, 0x0021, 0x0021, 0x0020, 0x0021, 0x0020, 0x0020, 0x0020,
  0x0020, 0x0021, 0x0021, 0x0020, 0x0020, 0x0020, 0x0021, 0x0020, 0x0021, 0x0020, 0x0021, 0x0021,
  0x0020, 0x0020, 0x0020, 0x0020, 0x0020, 0x0020, 0x0020, 0x0021, 0x0020, 0x0021, 0x0020, 0x0020,
  0x0020, 0x0021, 0x0020, 0x0020, 0x0020, 0x0020, 0x0020, 0x0020, 0x0021, 0x0020, 0x0020, 0x0020,
  0x0020, 0x0020, 0x0020, 0x0020, 0x0021, 0x0020, 0x0021, 0x0020, 0x0021, 0x0020, 0x0021, 0x0021,
  0x0020, 0x0020, 0x0020, 0x0021, 0x0020, 0x0020, 0x0020, 0x0020, 0x0020, 0x0020, 0x0020, 0x0020,
  0x0020, 0x0020, 0x0021, 0x0021, 0x0021, 0x0021, 0x0020, 0x0021, 0x0021, 0x0021, 0x0020, 0x0020,
  0x0021, 0x0020, 0x0020, 0x0020, 0x0021, 0x0021, 0x0020, 0x0020, 0x0020, 0x0020, 0x0021, 0x0021,
  0x0020, 0x0020, 0x0020, 0x0021, 0x0020, 0x0020, 0x0021, 0x0020, 0x0020, 0x0021, 0x0021, 0x0021,
  0x0021, 0x0020, 0x0021, 0x0020, 0x0020, 0x0020, 0x0020, 0x0020, 0x0021, 0x0020, 0x0021, 0x0020,
  0x0021, 0x0020, 0x0020, 0x0021, 0x0020, 0x0020, 0x0020, 0x0020, 0x0020, 0x0020, 0x0020, 0x0020,
  0x0020, 0x0020, 0x0020, 0x0020, 0x0020, 0x0021, 0x0021, 0x0021, 0x0021, 0x0020, 0x0020, 0x0021,
  0x0020, 0x0020, 0x0020, 0x0020, 0x0020, 0x0020, 0x0021, 0x0021, 0x0020, 0x0020, 0x0021, 0x0020,
  0x0020, 0x0020, 0x0020, 0x0021, 0x0020, 0x0021, 0x0021, 0x0021, 0x0020, 0x0020, 0x0020, 0x0020,
  0x0021, 0x0020, 0x0020, 0x0020, 0x0020, 0x0020, 0x0021, 0x0020, 0x0021, 0x0020, 0x0020, 0x0020,
  0x0020, 0x0020, 0x0020, 0x0020, 0x0020, 0x0021, 0x0020, 0x0020, 0x0020, 0x0020, 0x0020, 0x0020,
  0x0020, 0x0020, 0x0021, 0x0020, 0x0020, 0x0020, 0x0021, 0x0021, 0x0020, 0x0020, 0x0021, 0x0021,
  0x0020, 0x0020, 0x0021, 0x0020, 0x0021, 0x0021, 0x0020, 0x0021, 0x0020, 0x0021, 0x0020, 0x0021,
  0x0020, 0x0020, 0x0021, 0x0020, 0x0021, 0x0021, 0x0020, 0x0020, 0x0021, 0x0020, 0x0021, 0x0020,
  0x0020, 0x0021, 0x0020, 0x0020, 0x0020, 0x0020, 0x0021, 0x0020, 0x0020, 0x0021, 0x0021, 0x0020,
  0x0021, 0x0021, 0x0020, 0x0020, 0x0021, 0x0021, 0x0021, 0x0020, 0x0020, 0x0020, 0x0020, 0x0021,
  0x0021, 0x0020, 0x0020, 0x0020, 0x0020, 0x0021, 0x0020, 0x0020, 0x0020, 0x0021, 0x0021, 0x0020,
  0x0021, 0x0020, 0x0021, 0x0020, 0x0020, 0x0020, 0x0021, 0x0020, 0x0020, 0x0020, 0x0020, 0x0020,
  0x0021, 0x0021, 0x0020, 0x0020, 0x0020, 0x0020, 0x0020, 0x0020, 0x0021, 0x0021, 0x0020, 0x0020,
  0x0021, 0x0020, 0x0020, 0x0020, 0x0020, 0x0021, 0x0020, 0x0020, 0x0021, 0x0020, 0x0021, 0x0021,
  0x0021, 0x0021, 0x0021, 0x0021, 0x0020, 0x0021, 0x0021, 0x0020, 0x0021, 0x0021, 0x0020, 0x0020,
  0x0020, 0x0021, 0x0020, 0x0020, 0x0020, 0x0020, 0x0020, 0x0021, 0x0020, 0x0020, 0x0020, 0x0021,
  0x0021, 0x0020, 0x0020, 0x0021, 0x0020, 0x0020, 0x0021, 0x0020, 0x0021, 0x0020, 0x0020, 0x0020,
  0x0021, 0x0020, 0x0020, 0x0020, 0x0020, 0x0020, 0x0020, 0x0021, 0x0020, 0x0021, 0x0020, 0x0020,
  0x0020, 0x0020, 0x0020, 0x0020, 0x0020, 0x0020, 0x0021, 0x0020, 0x0020, 0x0020, 0x0021, 0x0021,
  0x0020, 0x0020, 0x0021, 0x0020, 0x0020, 0x0020, 0x0020, 0x0020, 0x0020, 0x0020, 0x0020, 0x0020,
  0x0021, 0x0020, 0x0020, 0x0021, 0x0020, 0x0020, 0x0021, 0x0021, 0x0021, 0x0020, 0x0021, 0x0020,
  0x0020, 0x0020, 0x0020, 0x0021, 0x0020, 0x0020, 0x0021, 0x0020, 0x0021, 0x0021, 0x0020, 0x0020,
  0x0020, 0x0020, 0x0021, 0x0021, 0x0020, 0x0020, 0x0021, 0x0021, 0x0020, 0x0020, 0x0021, 0x0020,
  0x0020, 0x0020, 0x0020, 0x0020, 0x0021, 0x0021, 0x0021, 0x0021, 0x0021, 0x0021, 0x0021, 0x0020,
  0x0021, 0x0021, 0x0021, 0x0020, 0x0020, 0x0020, 0x0021, 0x0020, 0x0020, 0x0020, 0x0021, 0x0020,
  0x0020, 0x0021, 0x0021, 0x0021, 0x0020, 0x0021, 0x0021, 0x0020, 0x0020, 0x0021, 0x0021, 0x0020,
  0x0021, 0x0020, 0x0020, 0x0020, 0x0020, 0x0020, 0x0021, 0x0020, 0x0020, 0x0021, 0x0020, 0x0021,
  0x0021, 0x0020, 0x0020, 0x0021, 0x0021, 0x0021, 0x0021, 0x0021, 0x0020, 0x0020, 0x0020, 0x0020,
  0x0021, 0x0021, 0x0021, 0x0020, 0x0021, 0x0021, 0x0020, 0x0021, 0x0021, 0x0021, 0x0020, 0x0020,
  0x0020, 0x0020, 0x0020, 0x0021, 0x0020, 0x0020, 0x0021, 0x0020, 0x0020, 0x0021, 0x0020, 0x0021,
  0x0021, 0x0021, 0x0020, 0x0020, 0x0020, 0x0020, 0x0021, 0x0020, 0x0020, 0x0020, 0x0021, 0x0021,
  0x0021, 0x0021, 0x0020, 0x0020, 0x0020, 0x0020, 0x0020, 0x0020, 0x0020, 0x0021, 0x0020, 0x0020,
  0x0021, 0x0020, 0x0020, 0x0020, 0x0021, 0x0020, 0x0020, 0x0020, 0x0020, 0x0020, 0x0020, 0x0020,
  0x0020, 0x0020, 0x0020, 0x0020, 0x0020, 0x0020, 0x0021, 0x0021, 0x0020, 0x0020, 0x0020, 0x0021,
  0x0020, 0x0021, 0x0020, 0x0020, 0x0021, 0x0021, 0x0020, 0x0020, 0x0020, 0x0020, 0x0021, 0x0020,
  0x0020, 0x0021, 0x0021, 0x0020, 0x0021, 0x0020, 0x0021, 0x0021, 0x0020, 0x0020, 0x0021, 0x0020,
  0x0021, 0x0020, 0x0020, 0x0021, 0x0020, 0x0021, 0x0021, 0x0021, 0x0020, 0x0021, 0x0021, 0x0021,
  0x0021, 0x0020, 0x0021, 0x0021, 0x0020, 0x0021, 0x0020, 0x0020, 0x0020, 0x0021, 0x0020, 0x0020,
  0x0021, 0x0020, 0x0020, 0x0020, 0x0021, 0x0021, 0x0021, 0x0021, 0x0020, 0x0020, 0x0020, 0x0020,
  0x0021, 0x0020, 0x0020, 0x0021, 0x0020, 0x0021, 0x0020, 0x0021, 0x0020, 0x0020, 0x0020, 0x0021,
  0x0021, 0x0020, 0x0021, 0x0021, 0x0020, 0x0020, 0x0021, 0x0021, 0x0020, 0x0020, 0x0020, 0x0020,
  0x0021, 0x0020, 0x0020, 0x0020, 0x0021, 0x0020, 0x0020, 0x0020, 0x0020, 0x0020, 0x0020, 0x0020,
  0x0020, 0x0021, 0x0020, 0x0020, 0x0020, 0x0021, 0x0020, 0x0020, 0x0021, 0x0021, 0x0021, 0x0021,
  0x0020, 0x0020, 0x0020, 0x0020, 0x0020, 0x0020, 0x0020, 0x0020, 0x0020, 0x0021, 0x0020, 0x0020,
  0x0021, 0x0021, 0x0021, 0x0020, 0x0020, 0x0020, 0x0020, 0x0020, 0x0020, 0x0021, 0x0020, 0x0020,
  0x0020, 0x0021, 0x0021, 0x0021, 0x0020, 0x0020, 0x0020, 0x0021, 0x0021, 0x0020, 0x0020, 0x0020,
  0x0020, 0x0020, 0x0020, 0x0021, 0x0021, 0x0021, 0x0020, 0x0021, 0x0020, 0x0021, 0x0021, 0x0021,
  0x0020, 0x0021, 0x0020, 0x0021, 0x0021, 0x0021, 0x0020, 0x0021, 0x0020, 0x0020, 0x0021, 0x0020,
  0x0020, 0x0021, 0x0021, 0x0021, 0x0020, 0x0020, 0x0020, 0x0020, 0x0021, 0x0021, 0x0021, 0x0021,
  0x0021, 0x0020, 0x0021, 0x0021, 0x0020, 0x0021, 0x0020, 0x0020, 0x0021, 0x0020, 0x0020, 0x0021,
  0x0020, 0x0020, 0x0020, 0x0020, 0x0021, 0x0021, 0x0020, 0x0020, 0x0021, 0x0020, 0x0020, 0x0020,
  0x0021, 0x0020, 0x0020, 0x0020, 0x0021, 0x0021, 0x0020, 0x0020, 0x0021, 0x0021, 0x0021, 0x0020,
  0x0020, 0x0021, 0x0021, 0x0021, 0x0020, 0x0020, 0x0020, 0x0020, 0x0020, 0x0020, 0x0020, 0x0021,
  0x0020, 0x0021, 0x0020, 0x0020, 0x0020, 0x0020, 0x0021, 0x0021, 0x0020, 0x0021, 0x0020, 0x0021,
  0x0021, 0x0020, 0x0020, 0x0020, 0x0020, 0x0021, 0x0020, 0x0020, 0x0020, 0x0021, 0x0020, 0x0020,
  0x0020, 0x0020, 0x0021, 0x0020, 0x0020, 0x0020, 0x0020, 0x0020, 0x0020, 0x0020, 0x0020, 0x0020,
  0x0020, 0x0020, 0x0020, 0x0021, 0x0020, 0x0021, 0x0020, 0x0020, 0x0020, 0x0020, 0x0020, 0x0021,
  0x0020, 0x0020, 0x0020, 0x0020, 0x0020, 0x0021, 0x0020, 0x0020, 0x0021, 0x0021, 0x0020, 0x0020,
  0x0020, 0x0020, 0x0020, 0x0020, 0x0020, 0x0021, 0x0021, 0x0020, 0x0021, 0x0020, 0x0020, 0x0021,
  0x0020, 0x0020, 0x0020, 0x0020, 0x0020, 0x0021, 0x0021, 0x0020, 0x0020, 0x0020, 0x0020, 0x0021,
  0x0020, 0x0021, 0x0021, 0x0020, 0x0020, 0x0020, 0x0020, 0x0020, 0x0021, 0x0021, 0x0021, 0x0021,
  0x0021, 0x0020, 0x0021, 0x0021, 0x0021, 0x0020, 0x0021, 0x0020, 0x0020, 0x0020, 0x0020, 0x0020,
  0x0021, 0x0021, 0x0020, 0x0020, 0x0021, 0x0021, 0x0021, 0x0021, 0x0020, 0x0021, 0x0021, 0x0020,
  0x0020, 0x0021, 0x0020, 0x0020, 0x0020, 0x0020, 0x0020, 0x0021, 0x0021, 0x0020, 0x0021, 0x0021,
  0x0020, 0x0020, 0x0021, 0x0020, 0x0020, 0x0020, 0x0020, 0x0021, 0x0020, 0x0021, 0x0020, 0x0020,
  0x0020, 0x0020, 0x0021, 0x0021, 0x0020, 0x0020, 0x0020, 0x0020, 0x0021, 0x0021, 0x0020, 0x0020,
  0x0021, 0x0021, 0x0020, 0x0021, 0x0020, 0x0021, 0x0020, 0x0021, 0x0021, 0x0021, 0x0021, 0x0020,
  0x0020, 0x0020, 0x0021, 0x0021, 0x0021, 0x0021, 0x0020, 0x0021, 0x0021, 0x0020, 0x0020, 0x0020,
  0x0020, 0x0020, 0x0020, 0x0020, 0x0020, 0x0020, 0x0020, 0x0020, 0x0020, 0x0020, 0x0020, 0x0020,
  0x0021, 0x0021, 0x0020, 0x0021, 0x0020, 0x0020, 0x0020, 0x0020, 0x0020, 0x0021, 0x0020, 0x0020,
  0x0020, 0x0020, 0x0020, 0x0021, 0x0020, 0x0021, 0x0020, 0x0020, 0x0021, 0x0020, 0x0020, 0x0020,
  0x0021, 0x0021, 0x0021, 0x0020, 0x0020, 0x0020, 0x0020, 0x0020, 0x0020, 0x0020, 0x0021, 0x0021,
  0x0021, 0x0020, 0x0020, 0x0020, 0x0020, 0x0020, 0x0020, 0x0020, 0x0021, 0x0021, 0x0021, 0x0021,
  0x0021, 0x0020, 0x0021, 0x0021, 0x0020, 0x0021, 0x0021, 0x0020, 0x0020, 0x0020, 0x0020, 0x0020,
  0x0020, 0x0021, 0x0020, 0x0021, 0x0020, 0x0020, 0x0020, 0x0021, 0x0021, 0x0020, 0x0020, 0x0021,
  0x0020, 0x0020, 0x0020, 0x0020, 0x0020, 0x0021, 0x0020, 0x0020, 0x0020, 0x0020, 0x0020, 0x0020,
  0x0020, 0x0021, 0x0020, 0x0020, 0x0020, 0x0020, 0x0020, 0x0021, 0x0020, 0x0020, 0x0021, 0x0020,
  0x0020, 0x0021, 0x0020, 0x0020, 0x0021, 0x0020, 0x0020, 0x0020, 0x0021, 0x0021, 0x0021, 0x0020,
  0x0020, 0x0020, 0x0021, 0x0020, 0x0021, 0x0020, 0x0020, 0x0020, 0x0021, 0x0021, 0x0021, 0x0021,
  0x0020, 0x0020, 0x0020, 0x0021, 0x0021, 0x0020, 0x0020, 0x0020, 0x0021, 0x0020, 0x0020, 0x0021,
  0x0020, 0x0021, 0x0021, 0x0021, 0x0020, 0x0021, 0x0021, 0x0020, 0x0021, 0x0021, 0x0021, 0x0020,
  0x0020, 0x0020, 0x0020, 0x0020, 0x0020, 0x0020, 0x0020, 0x0020, 0x0020, 0x0020, 0x0020, 0x0020,
  0x0020, 0x0020, 0x0020, 0x0020, 0x0021, 0x0020, 0x0020, 0x0020, 0x0021, 0x0021, 0x0021, 0x0020,
  0x0020, 0x0021, 0x0020, 0x0020, 0x0020, 0x0020, 0x0021, 0x0021, 0x0020, 0x0021, 0x0021, 0x0020,
  0x0021, 0x0021, 0x0021, 0x0021, 0x0020, 0x0021, 0x0021, 0x0020, 0x0020, 0x0020, 0x0020, 0x0021,
  0x0020, 0x0020, 0x0020, 0x0021, 0x0021, 0x0020, 0x0020, 0x0020, 0x0021, 0x0021, 0x0020, 0x0020,
  0x0020, 0x0021, 0x0021, 0x0021, 0x0020, 0x0021, 0x0021, 0x0020, 0x0020, 0x0020, 0x0020, 0x0021,
  0x0021, 0x0021, 0x0020, 0x0020, 0x0020, 0x0021, 0x0021, 0x0020, 0x0021, 0x0021, 0x0021, 0x0021,
  0x0020, 0x0021, 0x0020, 0x0021, 0x0020, 0x0021, 0x0021, 0x0021, 0x0020, 0x0020, 0x0020, 0x0020,
  0x0021, 0x0020, 0x0020, 0x0020, 0x0020, 0x0020, 0x0021, 0x0020, 0x0020, 0x0020, 0x0020, 0x0021,
  0x0020, 0x0020, 0x0020, 0x0021, 0x0021, 0x0020, 0x0020, 0x0021, 0x0020, 0x0021, 0x0021, 0x0020,
  0x0021, 0x0020, 0x0020, 0x0020, 0x0020, 0x0020, 0x0021, 0x0020, 0x0020, 0x0021, 0x0020, 0x0021,
  0x0020, 0x0021, 0x0020, 0x0020, 0x0021, 0x0021, 0x0021, 0x0021, 0x0020, 0x0021, 0x0021, 0x0020,
  0x0020, 0x0020, 0x0020, 0x0020, 0x0020, 0x0021, 0x0021, 0x0021, 0x0020, 0x0021, 0x0020, 0x0021,
  0x0020, 0x0020, 0x0021, 0x0020, 0x0020, 0x0020, 0x0021, 0x0020, 0x0020, 0x0020, 0x0020, 0x0020,
  0x0021, 0x0020, 0x0021, 0x0020, 0x0020, 0x0020, 0x0020, 0x0020, 0x0021, 0x0020, 0x0020, 0x0020,
  0x0020, 0x0020, 0x0020, 0x0021, 0x0021, 0x0020, 0x0021, 0x0020, 0x0020, 0x0020, 0x0020, 0x0021,
  0x0020, 0x0020, 0x0021, 0x0020, 0x0020, 0x0021, 0x0020, 0x0020, 0x0020, 0x0021, 0x0021, 0x0020,
  0x0020, 0x0020, 0x0020, 0x0020, 0x0020, 0x0020, 0x0021, 0x0020, 0x0021, 0x0020, 0x0020, 0x0021,
  0x0021, 0x0021, 0x0020, 0x0021, 0x0021, 0x0021, 0x0021, 0x0020, 0x0021, 0x0020, 0x0020, 0x0020,
  0x0020, 0x0020, 0x0021, 0x0021, 0x0021, 0x0020, 0x0020, 0x0021, 0x0021, 0x0021, 0x0020, 0x0020,
  0x0021, 0x0020, 0x0021, 0x0021, 0x0021, 0x0021, 0x0020, 0x0021, 0x0020, 0x0021, 0x0021, 0x0020,
  0x0021, 0x0020, 0x0021, 0x0020, 0x0020, 0x0020, 0x0021, 0x0020, 0x0020, 0x0020, 0x0021, 0x0020,
  0x0020, 0x0021, 0x0020, 0x0021, 0x0020, 0x0020, 0x0020, 0x0020, 0x0021, 0x0020, 0x0020, 0x0020,
  0x0020, 0x0020, 0x0020, 0x0020, 0x0020, 0x0021, 0x0020, 0x0021, 0x0020, 0x0020, 0x0021, 0x0021,
  0x0020, 0x0020, 0x0021, 0x0020, 0x0021, 0x0020, 0x0021, 0x0021, 0x0021, 0x0021, 0x0020, 0x0020,
  0x0020, 0x0021, 0x0020, 0x0021, 0x0020, 0x0020, 0x0020, 0x0020, 0x0021, 0x0020, 0x0021, 0x0020,
  0x0020, 0x0021, 0x0021, 0x0020, 0x0021, 0x0021, 0x0020, 0x0020, 0x0020, 0x0021, 0x0020, 0x0020,
  0x0020, 0x0021, 0x0020, 0x0021, 0x0020, 0x0020, 0x0020, 0x0020, 0x0020, 0x0020, 0x0020, 0x0020,
  0x0021, 0x0020, 0x0020, 0x0020, 0x0020, 0x0020, 0x0020, 0x0020, 0x0021, 0x0021, 0x0020, 0x0021,
  0x0020, 0x0020, 0x0021, 0x0020, 0x0020, 0x0020, 0x0021, 0x0021, 0x0020, 0x0020, 0x0021, 0x0020,
  0x0020, 0x0020, 0x0020, 0x0020, 0x0020, 0x0020, 0x0020, 0x0020, 0x0020, 0x0021, 0x0020, 0x0020,
  0x0020, 0x0020, 0x0021, 0x0020, 0x0021, 0x0020, 0x0020, 0x0020, 0x0021, 0x0021, 0x0021, 0x0020,
  0x0021, 0x0021, 0x0021, 0x0020, 0x0021, 0x0020, 0x0020, 0x0021, 0x0021, 0x0020, 0x0020, 0x0021,
  0x0020, 0x0020, 0x0021, 0x0021, 0x0021, 0x0021, 0x0021, 0x0020, 0x0020, 0x0021, 0x0020, 0x0020,
  0x0020, 0x0020, 0x0020, 0x0020, 0x0020, 0x0021, 0x0021, 0x0021, 0x0020, 0x0020, 0x0020, 0x0020,
  0x0021, 0x0021, 0x0020, 0x0021, 0x0021, 0x0021, 0x0020, 0x0021, 0x0020, 0x0021, 0x0020, 0x0021,
  0x0021, 0x0020, 0x0020, 0x0020, 0x0020, 0x0020, 0x0021, 0x0020, 0x0020, 0x0021, 0x0020, 0x0020,
  0x0021, 0x0020, 0x0021, 0x0020, 0x0021, 0x0020, 0x0020, 0x0021, 0x0020, 0x0021, 0x0021, 0x0021,
  0x0021, 0x0021, 0x0020, 0x0021, 0x0021, 0x0020, 0x0021, 0x0021, 0x0020, 0x0020, 0x0021, 0x0020,
  0x0021, 0x0020, 0x0020, 0x0021, 0x0021, 0x0020, 0x0021, 0x0020, 0x0020, 0x0021, 0x0020, 0x0021,
  0x0021, 0x0021, 0x0020, 0x0020, 0x0020, 0x0021, 0x0020, 0x0021, 0x0021, 0x0020, 0x0020, 0x0021,
  0x0021, 0x0021, 0x0020, 0x0020, 0x0021, 0x0020, 0x0020, 0x0021, 0x0020, 0x0020, 0x0020, 0x0020,
  0x0020, 0x0021, 0x0021, 0x0021, 0x0020, 0x0020, 0x0020, 0x0021, 0x0021, 0x0021, 0x0021, 0x0021,
  0x0021, 0x0021, 0x0020, 0x0020, 0x0020, 0x0020, 0x0020, 0x0020, 0x0020, 0x0020, 0x0020, 0x0021,
  0x0020, 0x0020, 0x0020, 0x0020, 0x0020, 0x0021, 0x0020, 0x0020, 0x0020, 0x0021, 0x0021, 0x0021,
  0x0020, 0x0021, 0x0021, 0x0021, 0x0020, 0x0021, 0x0021, 0x0021, 0x0020, 0x0020, 0x0021, 0x0021,
  0x0020, 0x0021, 0x0021, 0x0020, 0x0020, 0x0020, 0x0020, 0x0020, 0x0020, 0x0020, 0x0020, 0x0020,
  0x0020, 0x0020, 0x0020, 0x0020, 0x0021, 0x0020, 0x0020, 0x0020, 0x0020, 0x0020, 0x0020, 0x0020,
  0x0021, 0x0021, 0x0021, 0x0021, 0x0020, 0x0020, 0x0020, 0x0020, 0x0020, 0x0020, 0x0021, 0x0020,
  0x0020, 0x0021, 0x0021, 0x0021, 0x0020, 0x0020, 0x0021, 0x0020, 0x0021, 0x0021, 0x0020, 0x0020,
  0x0021, 0x0021, 0x0020, 0x0021, 0x0020, 0x0020, 0x0021, 0x0020, 0x0020, 0x0021, 0x0021, 0x0020,
  0x0020, 0x0020, 0x0021, 0x0021, 0x0021, 0x0021, 0x0020, 0x0020, 0x0021, 0x0020, 0x0020, 0x0021,
  0x0020, 0x0021, 0x0021, 0x0020, 0x0020, 0x0021, 0x0021, 0x0021, 0x0021, 0x0021, 0x0021, 0x0021,
  0x0020, 0x0020, 0x0020, 0x0021, 0x0020, 0x0020, 0x0021, 0x0021, 0x0021, 0x0021, 0x0020, 0x0021,
  0x0021, 0x0021, 0x0021, 0x0020, 0x0021, 0x0021, 0x0020, 0x0021, 0x0020, 0x0020, 0x0021, 0x0020,
  0x0020, 0x0020, 0x0020, 0x0021, 0x0021, 0x0021, 0x0020, 0x0020, 0x0021, 0x0020, 0x0020, 0x0020,
  0x0020, 0x0020, 0x0020, 0x0020, 0x0021, 0x0020, 0x0020, 0x0020, 0x0021, 0x0020, 0x0020, 0x0020,
  0x0020, 0x0020, 0x0020, 0x0020, 0x0020, 0x0020, 0x0020, 0x0020, 0x0020, 0x0020, 0x0020, 0x0020,
  0x0020, 0x0021, 0x0020, 0x0021, 0x0020, 0x0020, 0x0021, 0x0020, 0x0020, 0x0021, 0x0020, 0x0021,
  0x0020, 0x0021, 0x0020, 0x0021, 0x0020, 0x0021, 0x0021, 0x0020, 0x0020, 0x0020, 0x0020, 0x0020,
  0x0020, 0x0020, 0x0020, 0x0021, 0x0021, 0x0020, 0x0021, 0x0020, 0x0020, 0x0021, 0x0020, 0x0020,
  0x0020, 0x0020, 0x0020, 0x0020, 0x0020, 0x0020, 0x0020, 0x0021, 0x0020, 0x0020, 0x0020, 0x0021,
  0x0020, 0x0020, 0x0020, 0x0020, 0x0020, 0x0021, 0x0020, 0x0020, 0x0020, 0x0021, 0x0020, 0x0020,
  0x0020, 0x0020, 0x0020, 0x0021, 0x0020, 0x0021, 0x0020, 0x0020, 0x0020, 0x0021, 0x0020, 0x0020,
  0x0020, 0x0021, 0x0021, 0x0020, 0x0020, 0x0020, 0x0021, 0x0020, 0x0021, 0x0020, 0x0020, 0x0020,
  0x0021, 0x0021, 0x0020, 0x0020, 0x0020, 0x0020, 0x0021, 0x0020, 0x0021, 0x0021, 0x0020, 0x0020,
  0x0021, 0x0020, 0x0020, 0x0020, 0x0020, 0x0020, 0x0020, 0x0020, 0x0020, 0x0021, 0x0021, 0x0020,
  0x0021, 0x0020, 0x0020, 0x0020, 0x0020, 0x0021, 0x0021, 0x0020, 0x0021, 0x0020, 0x0020, 0x0020,
  0x0021, 0x0020, 0x0021, 0x0020, 0x0020, 0x0020, 0x0020, 0x0021, 0x0020, 0x0020, 0x0020, 0x0020,
  0x0020, 0x0020, 0x0020, 0x0020, 0x0020, 0x0020, 0x0021, 0x0020, 0x0020, 0x0020, 0x0021, 0x0020,
  0x0020, 0x0020, 0x0020, 0x0020, 0x0020, 0x0020, 0x0020, 0x0020, 0x0020, 0x0020, 0x0020, 0x0020,
  0x0020, 0x0020, 0x0020, 0x0020, 0x0020, 0x0021, 0x0020, 0x0020, 0x0020, 0x0020, 0x0021, 0x0021,
  0x0020, 0x0020, 0x0021, 0x0021, 0x0020, 0x0020, 0x0020, 0x0021, 0x0021, 0x0021, 0x0021, 0x0020,
  0x0021, 0x0021, 0x0021, 0x0021, 0x0020, 0x0021, 0x0021, 0x0020, 0x0021, 0x0020, 0x0021, 0x0021,
  0x0020, 0x0020, 0x0021, 0x0021, 0x0020, 0x0021, 0x0020, 0x0021, 0x0021, 0x0020, 0x0020, 0x0020,
  0x0021, 0x0020, 0x0020, 0x0020, 0x0021, 0x0021, 0x0020, 0x0021, 0x0020, 0x0020, 0x0021, 0x0020,
  0x0021, 0x0020, 0x0021, 0x0021, 0x0021, 0x0021, 0x0021, 0x0020, 0x0020, 0x0020, 0x0020, 0x0021,
  0x0020, 0x0020, 0x0021, 0x0020, 0x0020, 0x0020, 0x0020, 0x0020, 0x0020, 0x0020, 0x0021, 0x0020,
  0x0021, 0x0020, 0x0020, 0x0021, 0x0020, 0x0021, 0x0020, 0x0020, 0x0021, 0x0020, 0x0020, 0x0021,
  0x0021, 0x0020, 0x0021, 0x0021, 0x0020, 0x0021, 0x0020, 0x0020, 0x0020, 0x0020, 0x0020, 0x0020,
  0x0020, 0x0020, 0x0020, 0x0020, 0x0021, 0x0020, 0x0020, 0x0020, 0x0021, 0x0021, 0x0021, 0x0021,
  0x0020, 0x0020, 0x0020, 0x0021, 0x0021, 0x0021, 0x0021, 0x0020, 0x0021, 0x0020, 0x0021, 0x0020,
  0x0020, 0x0020, 0x0021, 0x0020, 0x0020, 0x0020, 0x0020, 0x0021, 0x0020, 0x0020, 0x0020, 0x0020,
  0x0020, 0x0021, 0x0020, 0x0021, 0x0020, 0x0021, 0x0020, 0x0020, 0x0020, 0x0020, 0x0020, 0x0020,
  0x0020, 0x0020, 0x0020, 0x0020, 0x0020, 0x0020, 0x0020, 0x0020, 0x0020, 0x0020, 0x0020, 0x0020,
  0x0020, 0x0020, 0x0021, 0x0020, 0x0021, 0x0020, 0x0020, 0x0020, 0x0020, 0x0020, 0x0021, 0x0020,
  0x0020, 0x0020, 0x0020, 0x0020, 0x0020, 0x0020, 0x0020, 0x0020, 0x0020, 0x0020, 0x0020, 0x0020,
  0x0020, 0x0020, 0x0020, 0x0020, 0x0020, 0x0020, 0x0020, 0x0020, 0x0021, 0x0020, 0x0021, 0x0020,
  0x0020, 0x0020, 0x0020, 0x0020, 0x0020, 0x0020, 0x0020, 0x0020, 0x0020, 0x0021, 0x0020, 0x0020,
  0x0020, 0x0020, 0x0021, 0x0020, 0x0020, 0x0020, 0x0020, 0x0020, 0x0020, 0x0020, 0x0021, 0x0020,
  0x0020, 0x0020, 0x0021, 0x0020, 0x0021, 0x0020, 0x0020, 0x0020, 0x0020, 0x0020, 0x0021, 0x0020,
  0x0020, 0x0020, 0x0020, 0x0021, 0x0020, 0x0020, 0x0020, 0x0020, 0x0020, 0x0020, 0x0020, 0x0020,
  0x0021, 0x0021, 0x0020, 0x0020, 0x0021, 0x0020, 0x0020, 0x0020, 0x0020, 0x0020, 0x0021, 0x0020,
  0x0020, 0x0020, 0x0020, 0x0020, 0x0020, 0x0020, 0x0020, 0x0020, 0x0020, 0x0020, 0x0020, 0x0020,
  0x0020, 0x0020, 0x0020, 0x0020, 0x0020, 0x0020, 0x0020, 0x0021, 0x0020, 0x0020, 0x0020, 0x0020,
  0x0020, 0x0020, 0x0020, 0x0020, 0x0021, 0x0021, 0x0021, 0x0020, 0x0020, 0x0020, 0x0020, 0x0020,
  0x0020, 0x0020, 0x0020, 0x0021, 0x0020, 0x0020, 0x0020, 0x0020, 0x0020, 0x0020, 0x0020, 0x0020,
  0x0020, 0x0020, 0x0020, 0x0020, 0x0020, 0x0020, 0x0020, 0x0020, 0x0020, 0x0020, 0x0020, 0x0020,
  0x0020, 0x0020, 0x0020, 0x0020, 0x0020, 0x0020, 0x0020, 0x0020, 0x0020, 0x0020, 0x0020, 0x0020,
  0x0020, 0x0020, 0x0020, 0x0020, 0x0020, 0x0020, 0x0020, 0x0020, 0x0020, 0x0020, 0x0020, 0x0020,
  0x0020, 0x0020, 0x0020, 0x0020, 0x0020, 0x0020, 0x0020, 0x0020, 0x0020, 0x0020, 0x0020, 0x0020,
  0x0021, 0x0020, 0x0020, 0x0020, 0x0020, 0x0020, 0x0020, 0x0020, 0x0020, 0x0020, 0x0020, 0x0020,
  0x0020, 0x0020, 0x0020, 0x0020, 0x0020, 0x0020, 0x0020, 0x0020, 0x0020, 0x0020, 0x0020, 0x0020,
  0x0020, 0x0020, 0x0020, 0x0020, 0x0020, 0x0020, 0x0020, 0x0020, 0x0020, 0x0020, 0x0020, 0x0020,
  0x0020, 0x0020, 0x0020, 0x0020, 0x0020, 0x0020, 0x0020, 0x0020, 0x0020, 0x0020, 0x0020, 0x0020,
  0x0020, 0x0020, 0x0020, 0x0020, 0x0020, 0x0020, 0x0020, 0x0020, 0x0020, 0x0020, 0x0020, 0x0020,
  0x0020, 0x0020, 0x0020, 0x0020, 0x0020, 0x0020, 0x0020, 0x0020, 0x0020, 0x0020, 0x0020, 0x0020,
  0x0020, 0x0020, 0x0020, 0x0020, 0x0020, 0x0020, 0x0020, 0x0020, 0x0021, 0x0020, 0x0021, 0x0020,
  0x0020, 0x0020, 0x0020, 0x0020, 0x0020, 0x0020, 0x0020, 0x0020, 0x0020, 0x0020, 0x0020, 0x0020,
  0x0020, 0x0020, 0x0020, 0x0020, 0x0020, 0x0020, 0x0020, 0x0020, 0x0020, 0x0020, 0x0020, 0x0020,
  0x0020, 0x0020, 0x0020, 0x0020,
