// Generated from Assets/GridCity/StreetV3/device/cover-chance.png
// SHA-256: 35291196f0fe178035951edef8fbdf9956e4ae8d6c101562c56c99f519891b90
  0x0020, 0x0020, 0x0020, 0x0020, 0x0020, 0x0020, 0x0020, 0x0020, 0x0020, 0x0020, 0x0020, 0x0020,
  0x0020, 0x0020, 0x0020, 0x0020, 0x0020, 0x0020, 0x0020, 0x0020, 0x0020, 0x0020, 0x0020, 0x0020,
  0x0020, 0x0020, 0x0020, 0x0020, 0x0020, 0x0020, 0x0020, 0x0020, 0x0020, 0x0020, 0x0020, 0x0020,
  0x0020, 0x0020, 0x0020, 0x0020, 0x0020, 0x0020, 0x0020, 0x0020, 0x0020, 0x0020, 0x0020, 0x0020,
  0x0020, 0x0020, 0x0020, 0x0020, 0x0020, 0x0020, 0x0020, 0x0020, 0x0020, 0x0020, 0x0020, 0x0020,
  0x0020, 0x0020, 0x0020, 0x0020, 0x0020, 0x0020, 0x0020, 0x0020, 0x0020, 0x0020, 0x0020, 0x0020,
  0x0020, 0x0020, 0x0020, 0x0020, 0x0020, 0x0020, 0x0020, 0x0020, 0x0020, 0x0020, 0x0020, 0x0020,
  0x0020, 0x0020, 0x0020, 0x0020, 0x0020, 0x0020, 0x0020, 0x0020, 0x0020, 0x0020, 0x0020, 0x0020,
  0x0020, 0x0020, 0x0020, 0x0020, 0x0020, 0x0020, 0x0020, 0x0020, 0x0020, 0x0020, 0x0020, 0x0020,
  0x0020, 0x0020, 0x0020, 0x0020, 0x0020, 0x0020, 0x0020, 0x0020, 0x0020, 0x0020, 0x0020, 0x0020,
  0x0020, 0x0020, 0x0020, 0x0020, 0x0020, 0x0020, 0x0020, 0x0020, 0x0020, 0x0020, 0x0020, 0x0020,
  0x0020, 0x0020, 0x0020, 0x0020, 0x0020, 0x0020, 0x0020, 0x0020, 0x0020, 0x0020, 0x0020, 0x0020,
  0x0020, 0x0020, 0x0020, 0x0020, 0x0020, 0x0020, 0x0020, 0x0020, 0x0020, 0x0020, 0x0020, 0x0020,
  0x0020, 0x0020, 0x0020, 0x0020, 0x0020, 0x0020, 0x0020, 0x0020, 0x0020, 0x0020, 0x0020, 0x0020,
  0x0020, 0x0020, 0x0020, 0x0020, 0x0020, 0x0020, 0x0020, 0x0020, 0x0020, 0x0020, 0x0020, 0x0020,
  0x0020, 0x0020, 0x0020, 0x0020, 0x0020, 0x0020, 0x0020, 0x0020, 0x0020, 0x0020, 0x0020, 0x0020,
  0x0020, 0x0020, 0x0020, 0x0020, 0x0020, 0x0020, 0x0020, 0x0020, 0x0020, 0x0020, 0x0020, 0x0020,
  0x0020, 0x0020, 0x0020, 0x0020, 0x0020, 0x0020, 0x0020, 0x0020, 0x0020, 0x0020, 0x0020, 0x0020,
  0x0020, 0x0020, 0x0020, 0x0020, 0x0020, 0x0020, 0x0020, 0x0020, 0x0020, 0x0020, 0x0020, 0x0020,
  0x0020, 0x0020, 0x0020, 0x0020, 0x0020, 0x0020, 0x0020, 0x0020, 0x0020, 0x0020, 0x0020, 0x0020,
  0x0020, 0x0020, 0x0020, 0x0020, 0x0020, 0x0020, 0x0020, 0x0020, 0x0020, 0x0020, 0x0020, 0x0020,
  0x0020, 0x0020, 0x0020, 0x0020, 0x0020, 0x0020, 0x0020, 0x0020, 0x0020, 0x0020, 0x0020, 0x0020,
  0x0020, 0x0020, 0x0020, 0x0020, 0x0020, 0x0020, 0x0020, 0x0020, 0x0020, 0x0020, 0x0020, 0x0020,
  0x0020, 0x0020, 0x0020, 0x0020, 0x0020, 0x0020, 0x0020, 0x0020, 0x0020, 0x0020, 0x0020, 0x0020,
  0x0020, 0x0020, 0x0020, 0x0020, 0x0020, 0x0020, 0x0020, 0x0020, 0x0020, 0x0020, 0x0020, 0x0020,
  0x0020, 0x0020, 0x0020, 0x0020, 0x0020, 0x0020, 0x0020, 0x0020, 0x0020, 0x0020, 0x0020, 0x0020,
  0x0020, 0x0020, 0x0020, 0x0020, 0x0020, 0x0020, 0x0020, 0x0020, 0x0020, 0x0020, 0x0020, 0x0020,
  0x0020, 0x0020, 0x0020, 0x0020, 0x0020, 0x0020, 0x0020, 0x0020, 0x0020, 0x0020, 0x0020, 0x0020,
  0x0020, 0x0020, 0x0020, 0x0020, 0x0020, 0x0020, 0x0020, 0x0020, 0x0020, 0x0020, 0x0020, 0x0020,
  0x0020, 0x0020, 0x0020, 0x0020, 0x0020, 0x0020, 0x0020, 0x0020, 0x0020, 0x0020, 0x0020, 0x0020,
  0x0020, 0x0020, 0x0020, 0x0020, 0x0020, 0x0020, 0x0020, 0x0020, 0x0020, 0x0020, 0x0020, 0x0020,
  0x0020, 0x0020, 0x0020, 0x0020, 0x0020, 0x0020, 0x0020, 0x0020, 0x0020, 0x0020, 0x0020, 0x0020,
  0x0020, 0x0020, 0x0020, 0x0020, 0x0020, 0x0020, 0x0020, 0x0020, 0x0020, 0x0020, 0x0020, 0x0020,
  0x0020, 0x0020, 0x0020, 0x0020, 0x0020, 0x0020, 0x0020, 0x0020, 0x0020, 0x0020, 0x0020, 0x0020,
  0x0020, 0x0020, 0x0020, 0x0020, 0x0020, 0x0020, 0x0020, 0x0020, 0x0020, 0x0020, 0x0020, 0x0020,
  0x0020, 0x0020, 0x0020, 0x0020, 0x0020, 0x0020, 0x0020, 0x0020, 0x0020, 0x0020, 0x0020, 0x0020,
  0x0020, 0x0020, 0x0020, 0x0020, 0x0020, 0x0020, 0x0020, 0x0020, 0x0020, 0x0020, 0x0020, 0x0020,
  0x0020, 0x0020, 0x0020, 0x0020, 0x0020, 0x0020, 0x0020, 0x0020, 0x0020, 0x0020, 0x0020, 0x0020,
  0x0020, 0x0020, 0x0020, 0x0020, 0x0020, 0x0020, 0x0020, 0x0020, 0x0020, 0x0020, 0x0020, 0x0020,
  0x0020, 0x0020, 0x0020, 0x0020, 0x0020, 0x0020, 0x0020, 0x0020, 0x0020, 0x0020, 0x0020, 0x0020,
  0x0020, 0x0020, 0x0020, 0x0020, 0x0020, 0x0020, 0x0020, 0x0020, 0x0020, 0x0020, 0x0020, 0x0020,
  0x0020, 0x0020, 0x0020, 0x0020, 0x0020, 0x0020, 0x0020, 0x0020, 0x0020, 0x0020, 0x0020, 0x0020,
  0x0020, 0x0020, 0x0020, 0x0020, 0x0020, 0x0020, 0x0020, 0x0020, 0x0020, 0x0020, 0x0020, 0x0020,
  0x0020, 0x0020, 0x0020, 0x0020, 0x0020, 0x0020, 0x0020, 0x0020, 0x0020, 0x0020, 0x0020, 0x0020,
  0x0020, 0x0020, 0x0020, 0x0020, 0x0020, 0x0020, 0x0020, 0x0020, 0x0020, 0x0020, 0x0020, 0x0020,
  0x0020, 0x0020, 0x0020, 0x0020, 0x0020, 0x0020, 0x0020, 0x0020, 0x0020, 0x0020, 0x0020, 0x0020,
  0x0020, 0x0020, 0x0020, 0x0020, 0x0020, 0x0020, 0x0020, 0x0020, 0x0020, 0x0020, 0x0020, 0x0020,
  0x0020, 0x0020, 0x0020, 0x0020, 0x0020, 0x0020, 0x0020, 0x0020, 0x0020, 0x0020, 0x0020, 0x0020,
  0x0020, 0x0020, 0x0020, 0x0020, 0x0020, 0x0020, 0x0020, 0x0020, 0x0020, 0x0020, 0x0020, 0x0020,
  0x0020, 0x0020, 0x0020, 0x0020, 0x0020, 0x0020, 0x0020, 0x0020, 0x0020, 0x0020, 0x0020, 0x0020,
  0x0020, 0x0020, 0x0020, 0x0020, 0x0020, 0x0020, 0x0020, 0x0020, 0x0020, 0x0020, 0x0020, 0x0020,
  0x0020, 0x0020, 0x0020, 0x0020, 0x0020, 0x0020, 0x0020, 0x0020, 0x0020, 0x0020, 0x0020, 0x0020,
  0x0020, 0x0020, 0x0020, 0x0020, 0x0020, 0x0020, 0x0020, 0x0020, 0x0020, 0x0020, 0x0020, 0x0020,
  0x0020, 0x0020, 0x0020, 0x0020, 0x0020, 0x0020, 0x0020, 0x0020, 0x0020, 0x0020, 0x0020, 0x0020,
  0x0020, 0x0020, 0x0020, 0x0020, 0x0020, 0x0020, 0x0020, 0x0020, 0x0020, 0x0020, 0x0020, 0x0020,
  0x0020, 0x0020, 0x0020, 0x0020, 0x0020, 0x0020, 0x0020, 0x0020, 0x0020, 0x0020, 0x0020, 0x0020,
  0x0020, 0x0020, 0x0020, 0x0020, 0x0020, 0x0020, 0x0020, 0x0020, 0x0020, 0x0020, 0x0020, 0x0020,
  0x0020, 0x0020, 0x0020, 0x0020, 0x0020, 0x0020, 0x0020, 0x0020, 0x0020, 0x0020, 0x0020, 0x0020,
  0x0020, 0x0020, 0x0020, 0x0020, 0x0020, 0x0020, 0x0020, 0x0020, 0x0020, 0x0020, 0x0020, 0x0020,
  0x0020, 0x0020, 0x0020, 0x0020, 0x0020, 0x0020, 0x0020, 0x0020, 0x0020, 0x0020, 0x0020, 0x0020,
  0x0020, 0x0020, 0x0020, 0x0020, 0x0020, 0x0020, 0x0020, 0x0020, 0x0020, 0x0020, 0x0020, 0x0020,
  0x0020, 0x0020, 0x0020, 0x0020, 0x0020, 0x0020, 0x0020, 0x0020, 0x0020, 0x0020, 0x0020, 0x0020,
  0x0020, 0x0020, 0x0020, 0x0020, 0x0020, 0x0020, 0x0020, 0x0020, 0x0020, 0x0020, 0x0020, 0x0020,
  0x0020, 0x0020, 0x0020, 0x0020, 0x0020, 0x0020, 0x0020, 0x0020, 0x0020, 0x0020, 0x0020, 0x0020,
  0x0020, 0x0020, 0x0020, 0x0020, 0x0020, 0x0020, 0x0020, 0x0020, 0x0020, 0x0020, 0x0020, 0x0020,
  0x0020, 0x0020, 0x0020, 0x0020, 0x0020, 0x0020, 0x0020, 0x0020, 0x0020, 0x0020, 0x0020, 0x0020,
  0x0020, 0x0020, 0x0020, 0x0020, 0x0020, 0x0020, 0x0020, 0x0020, 0x0020, 0x0020, 0x0020, 0x0020,
  0x0020, 0x0020, 0x0020, 0x0020, 0x0020, 0x0020, 0x0020, 0x0020, 0x0020, 0x0020, 0x0020, 0x0020,
  0x0020, 0x0020, 0x0020, 0x0020, 0x0020, 0x0020, 0x0020, 0x0020, 0x0020, 0x0020, 0x0020, 0x0020,
  0x0020, 0x0020, 0x0020, 0x0020, 0x0020, 0x0020, 0x0020, 0x0020, 0x0020, 0x0020, 0x0020, 0x0020,
  0x0020, 0x0020, 0x0020, 0x0020, 0x0020, 0x0020, 0x0020, 0x0020, 0x0020, 0x0020, 0x0020, 0x0020,
  0x0020, 0x0020, 0x0020, 0x0020, 0x0020, 0x0020, 0x0020, 0x0020, 0x0020, 0x0020, 0x0020, 0x0020,
  0x0020, 0x0020, 0x0020, 0x0020, 0x0020, 0x0020, 0x0020, 0x0020, 0x0020, 0x0020, 0x0020, 0x0020,
  0x0020, 0x0020, 0x0020, 0x0020, 0x0020, 0x0020, 0x0020, 0x0020, 0x0020, 0x0020, 0x0020, 0x0020,
  0x0020, 0x0020, 0x0020, 0x0020, 0x0020, 0x0020, 0x0020, 0x0020, 0x0020, 0x0020, 0x0020, 0x0020,
  0x0020, 0x0020, 0x0020, 0x0020, 0x0020, 0x0020, 0x0020, 0x0020, 0x0020, 0x0020, 0x0020, 0x0020,
  0x0020, 0x0020, 0x0020, 0x0020, 0x0020, 0x0020, 0x0020, 0x0020, 0x0020, 0x0020, 0x0020, 0x0020,
  0x0020, 0x0020, 0x0020, 0x0020, 0x0020, 0x0020, 0x0020, 0x0020, 0x0020, 0x0020, 0x0020, 0x0020,
  0x0020, 0x0020, 0x0020, 0x0020, 0x0020, 0x0020, 0x0020, 0x0020, 0x0020, 0x0020, 0x0020, 0x0020,
  0x0020, 0x0020, 0x0020, 0x0020, 0x0020, 0x0020, 0x0020, 0x0020, 0x0020, 0x0020, 0x0020, 0x0020,
  0x0020, 0x0020, 0x0020, 0x0020, 0x0020, 0x0020, 0x0020, 0x0020, 0x0020, 0x0020, 0x0020, 0x0020,
  0x0020, 0x0020, 0x0020, 0x0020, 0x0020, 0x0020, 0x0020, 0x0020, 0x0020, 0x0020, 0x0020, 0x0020,
  0x0020, 0x0020, 0x0020, 0x0020, 0x0020, 0x0020, 0x0020, 0x0020, 0x0020, 0x0020, 0x0020, 0x0020,
  0x0020, 0x0020, 0x0020, 0x0020, 0x0020, 0x0020, 0x0020, 0x0020, 0x0020, 0x0020, 0x0020, 0x0020,
  0x0020, 0x0020, 0x0020, 0x0020, 0x0020, 0x0020, 0x0020, 0x0020, 0x0020, 0x0020, 0x0020, 0x0020,
  0x0020, 0x0020, 0x0020, 0x0020, 0x0020, 0x0020, 0x0020, 0x0020, 0x0020, 0x0020, 0x0020, 0x0020,
  0x0020, 0x0020, 0x0020, 0x0020, 0x0020, 0x0020, 0x0020, 0x0020, 0x0020, 0x0020, 0x0020, 0x0020,
  0x0020, 0x0020, 0x0020, 0x0020, 0x0020, 0x0020, 0x0020, 0x0020, 0x0020, 0x0020, 0x0020, 0x0020,
  0x0020, 0x0020, 0x0020, 0x0020, 0x0020, 0x0020, 0x0020, 0x0020, 0x0020, 0x0020, 0x0020, 0x0020,
  0x0020, 0x0020, 0x0020, 0x0020, 0x0020, 0x0020, 0x0020, 0x0020, 0x0020, 0x0020, 0x0020, 0x0020,
  0x0020, 0x0020, 0x0020, 0x0020, 0x0020, 0x0020, 0x0020, 0x0020, 0x0020, 0x0020, 0x0020, 0x0020,
  0x0020, 0x0020, 0x0020, 0x0020, 0x0020, 0x0020, 0x0020, 0x0020, 0x0020, 0x0020, 0x0020, 0x0020,
  0x0020, 0x0020, 0x0020, 0x0020, 0x0020, 0x0020, 0x0020, 0x0020, 0x0020, 0x0020, 0x0020, 0x0020,
  0x0020, 0x0020, 0x0020, 0x0020, 0x0020, 0x0020, 0x0020, 0x0020, 0x0020, 0x0020, 0x0020, 0x0020,
  0x0020, 0x0020, 0x0020, 0x0020, 0x0020, 0x0020, 0x0020, 0x0020, 0x0020, 0x0020, 0x0020, 0x0020,
  0x0020, 0x0020, 0x0020, 0x0020, 0x0020, 0x0020, 0x0020, 0x0020, 0x0020, 0x0020, 0x0020, 0x0020,
  0x0020, 0x0020, 0x0020, 0x0020, 0x0020, 0x0020, 0x0020, 0x0020, 0x0020, 0x0020, 0x0020, 0x0020,
  0x0020, 0x0020, 0x0020, 0x0020, 0x0020, 0x0020, 0x0020, 0x0020, 0x0020, 0x0020, 0x0020, 0x0020,
  0x0020, 0x0020, 0x0020, 0x0020, 0x0020, 0x0020, 0x0020, 0x0020, 0x0020, 0x0020, 0x0020, 0x0020,
  0x0020, 0x0020, 0x0020, 0x0020, 0x0020, 0x0020, 0x0020, 0x0020, 0x0020, 0x0020, 0x0020, 0x0020,
  0x0020, 0x0020, 0x0020, 0x0020, 0x0020, 0x0020, 0x0020, 0x0020, 0x0020, 0x0020, 0x0020, 0x0020,
  0x0020, 0x0020, 0x0020, 0x0020, 0x0020, 0x0020, 0x0020, 0x0020, 0x0020, 0x0020, 0x0020, 0x0020,
  0x0020, 0x0020, 0x0020, 0x0020, 0x0020, 0x0020, 0x0020, 0x0020, 0x0020, 0x0020, 0x0020, 0x0020,
  0x0020, 0x0020, 0x0020, 0x0020, 0x0020, 0x0020, 0x0020, 0x0020, 0x0020, 0x0020, 0x0020, 0x0020,
  0x0020, 0x0020, 0x0020, 0x0020, 0x0020, 0x0020, 0x0020, 0x0020, 0x0020, 0x0020, 0x0020, 0x0020,
  0x0020, 0x0020, 0x0020, 0x0020, 0x0020, 0x0020, 0x0020, 0x0020, 0x0020, 0x0020, 0x0020, 0x0020,
  0x0020, 0x0020, 0x0020, 0x0020, 0x0020, 0x0020, 0x0020, 0x0020, 0x0020, 0x0020, 0x0020, 0x0020,
  0x0020, 0x0020, 0x0020, 0x0020, 0x0020, 0x0020, 0x0020, 0x0020, 0x0020, 0x0020, 0x0020, 0x0020,
  0x0020, 0x0020, 0x0020, 0x0020, 0x0020, 0x0020, 0x0020, 0x0020, 0x0020, 0x0020, 0x0020, 0x0020,
  0x0020, 0x0020, 0x0020, 0x0020, 0x0020, 0x0020, 0x0020, 0x0020, 0x0020, 0x0020, 0x0020, 0x0020,
  0x0020, 0x0020, 0x0020, 0x0020, 0x0020, 0x0020, 0x0020, 0x0020, 0x0020, 0x0020, 0x0020, 0x0020,
  0x0020, 0x0020, 0x0020, 0x0020, 0x0020, 0x0020, 0x0020, 0x0020, 0x0020, 0x0020, 0x0020, 0x0020,
  0x0020, 0x0020, 0x0020, 0x0020, 0x0020, 0x0020, 0x0020, 0x0020, 0x0020, 0x0020, 0x0020, 0x0020,
  0x0020, 0x0020, 0x0020, 0x0020, 0x0020, 0x0020, 0x0020, 0x0020, 0x0020, 0x0020, 0x0020, 0x0020,
  0x0020, 0x0020, 0x0020, 0x0020, 0x0020, 0x0020, 0x0020, 0x0020, 0x0020, 0x0020, 0x0020, 0x0020,
  0x0020, 0x0020, 0x0020, 0x0020, 0x0020, 0x0020, 0x0020, 0x0020, 0x0020, 0x0020, 0x0020, 0x0020,
  0x0020, 0x0020, 0x0020, 0x0020, 0x0020, 0x0020, 0x0020, 0x0020, 0x0020, 0x0020, 0x0020, 0x0020,
  0x0020, 0x0020, 0x0020, 0x0020, 0x0020, 0x0020, 0x0020, 0x0020, 0x0020, 0x0020, 0x0020, 0x0020,
  0x0020, 0x0020, 0x0020, 0x0020, 0x0020, 0x0020, 0x0020, 0x0020, 0x0020, 0x0020, 0x0020, 0x0020,
  0x0020, 0x0020, 0x0020, 0x0020, 0x0020, 0x0020, 0x0020, 0x0020, 0x0020, 0x0020, 0x0020, 0x0020,
  0x0020, 0x0020, 0x0020, 0x0020, 0x0020, 0x0020, 0x0020, 0x0020, 0x0020, 0x0020, 0x0020, 0x0020,
  0x0020, 0x0020, 0x0020, 0x0020, 0x0020, 0x0020, 0x0020, 0x0020, 0x0020, 0x0020, 0x0020, 0x0020,
  0x0020, 0x0020, 0x0020, 0x0020, 0x0020, 0x0020, 0x0020, 0x0020, 0x0020, 0x0020, 0x0020, 0x0020,
  0x0020, 0x0020, 0x0020, 0x0020, 0x0020, 0x0020, 0x0020, 0x0020, 0x0020, 0x0020, 0x0020, 0x0020,
  0x0020, 0x0020, 0x0020, 0x0020, 0x0020, 0x0020, 0x0020, 0x0020, 0x0020, 0x0020, 0x0020, 0x0020,
  0x0020, 0x0020, 0x0020, 0x0020, 0x0020, 0x0020, 0x0020, 0x0020, 0x0020, 0x0020, 0x0020, 0x0020,
  0x0020, 0x0020, 0x0020, 0x0020, 0x0020, 0x0020, 0x0020, 0x0020, 0x0020, 0x0020, 0x0020, 0x0020,
  0x0020, 0x0020, 0x0020, 0x0020, 0x0020, 0x0020, 0x0020, 0x0020, 0x0020, 0x0020, 0x0020, 0x0020,
  0x0020, 0x0020, 0x0020, 0x0020, 0x0020, 0x0020, 0x0020, 0x0020, 0x0020, 0x0020, 0x0020, 0x0020,
  0x0020, 0x0020, 0x0020, 0x0020, 0x0020, 0x0020, 0x0020, 0x0020, 0x0020, 0x0020, 0x0020, 0x0020,
  0x0020, 0x0020, 0x0020, 0x0020, 0x0020, 0x0020, 0x0020, 0x0020, 0x0020, 0x0020, 0x0020, 0x0020,
  0x0020, 0x0020, 0x0020, 0x0020, 0x0020, 0x0020, 0x0020, 0x0020, 0x0020, 0x0020, 0x0020, 0x0020,
  0x0020, 0x0020, 0x0020, 0x0020, 0x0020, 0x0020, 0x0020, 0x0020, 0x0020, 0x0020, 0x0020, 0x0020,
  0x0020, 0x0020, 0x0020, 0x0020, 0x0020, 0x0020, 0x0020, 0x0020, 0x0020, 0x0020, 0x0020, 0x0020,
  0x0020, 0x0020, 0x0020, 0x0020, 0x0020, 0x0020, 0x0020, 0x0020, 0x0020, 0x0020, 0x0020, 0x0020,
  0x0020, 0x0020, 0x0020, 0x0020, 0x0020, 0x0020, 0x0020, 0x0020, 0x0020, 0x0020, 0x0020, 0x0020,
  0x0020, 0x0020, 0x0020, 0x0020, 0x0020, 0x0020, 0x0020, 0x0020, 0x0020, 0x0020, 0x0020, 0x0020,
  0x0020, 0x0020, 0x0020, 0x0020, 0x0020, 0x0020, 0x0020, 0x0020, 0x0020, 0x0020, 0x0020, 0x0020,
  0x0020, 0x0020, 0x0020, 0x0020, 0x0020, 0x0020, 0x0020, 0x0020, 0x0020, 0x0020, 0x0020, 0x0020,
  0x0020, 0x0020, 0x0020, 0x0020, 0x0020, 0x0020, 0x0020, 0x0020, 0x0020, 0x0020, 0x0020, 0x0020,
  0x0020, 0x0020, 0x0020, 0x0020, 0x0020, 0x0020, 0x0020, 0x0020, 0x0020, 0x0020, 0x0020, 0x0020,
  0x0020, 0x0020, 0x0020, 0x0020, 0x0020, 0x0020, 0x0020, 0x0020, 0x0020, 0x0020, 0x0020, 0x0020,
  0x0020, 0x0020, 0x0020, 0x0020, 0x0020, 0x0020, 0x0020, 0x0020, 0x0020, 0x0020, 0x0020, 0x0020,
  0x0020, 0x0020, 0x0020, 0x0020, 0x0020, 0x0020, 0x0020, 0x0020, 0x0020, 0x0020, 0x0020, 0x0020,
  0x0020, 0x0020, 0x0020, 0x0020, 0x0020, 0x0020, 0x0020, 0x0020, 0x0020, 0x0020, 0x0020, 0x0020,
  0x0020, 0x0020, 0x0020, 0x0020, 0x0020, 0x0020, 0x0020, 0x0020, 0x0020, 0x0020, 0x0020, 0x0020,
  0x0020, 0x0020, 0x0020, 0x0020, 0x0020, 0x0020, 0x0020, 0x0020, 0x0020, 0x0020, 0x0020, 0x0020,
  0x0020, 0x0020, 0x0020, 0x0020, 0x0020, 0x0020, 0x0020, 0x0020, 0x0020, 0x0020, 0x0020, 0x0020,
  0x0020, 0x0020, 0x0020, 0x0020, 0x0020, 0x0020, 0x0020, 0x0020, 0x0020, 0x0020, 0x0020, 0x0020,
  0x0020, 0x0020, 0x0020, 0x0020, 0x0020, 0x0020, 0x0020, 0x0020, 0x0020, 0x0020, 0x0020, 0x0020,
  0x0020, 0x0020, 0x0020, 0x0020, 0x0020, 0x0020, 0x0020, 0x0020, 0x0020, 0x0020, 0x0020, 0x0020,
  0x0020, 0x0020, 0x0020, 0x0020, 0x0020, 0x0020, 0x0020, 0x0020, 0x0020, 0x0020, 0x0020, 0x0020,
  0x0020, 0x0020, 0x0020, 0x0020, 0x0020, 0x0020, 0x0020, 0x0020, 0x0020, 0x0020, 0x0020, 0x0020,
  0x0020, 0x0020, 0x0020, 0x0020, 0x0020, 0x0020, 0x0020, 0x0020, 0x0020, 0x0020, 0x0020, 0x0020,
  0x0020, 0x0020, 0x0020, 0x0020, 0x0020, 0x0020, 0x0020, 0x0020, 0x0020, 0x0020, 0x0020, 0x0020,
  0x0020, 0x0020, 0x0020, 0x0020, 0x0020, 0x0020, 0x0020, 0x0020, 0x0020, 0x0020, 0x0020, 0x0020,
  0x0020, 0x0020, 0x0020, 0x0020, 0x0020, 0x0020, 0x0020, 0x0020, 0x0020, 0x0020, 0x0020, 0x0020,
  0x0020, 0x0020, 0x0020, 0x0020, 0x0020, 0x0020, 0x0020, 0x0020, 0x0020, 0x0020, 0x0020, 0x0020,
  0x0020, 0x0020, 0x0020, 0x0020, 0x0020, 0x0020, 0x0020, 0x0020, 0x0020, 0x0020, 0x0020, 0x0020,
  0x0020, 0x0020, 0x0020, 0x0020, 0x0020, 0x0020, 0x0020, 0x0020, 0x0020, 0x0020, 0x0020, 0x0020,
  0x0020, 0x0020, 0x0020, 0x0020, 0x0020, 0x0020, 0x0020, 0x0020, 0x0020, 0x0020, 0x0020, 0x0020,
  0x0020, 0x0020, 0x0020, 0x0020, 0x0020, 0x0020, 0x0020, 0x0020, 0x0020, 0x0020, 0x0020, 0x0020,
  0x0020, 0x0020, 0x0020, 0x0020, 0x0020, 0x0020, 0x0020, 0x0020, 0x0020, 0x0020, 0x0020, 0x0020,
  0x0020, 0x0020, 0x0020, 0x0020, 0x0020, 0x0020, 0x0020, 0x0020, 0x0020, 0x0020, 0x0020, 0x0020,
  0x0020, 0x0020, 0x0020, 0x0020, 0x0020, 0x0020, 0x0020, 0x0020, 0x0020, 0x0020, 0x0020, 0x0020,
  0x0020, 0x0020, 0x0020, 0x0020, 0x0020, 0x0020, 0x0020, 0x0020, 0x0020, 0x0020, 0x0020, 0x0020,
  0x0020, 0x0020, 0x0020, 0x0020, 0x0020, 0x0020, 0x0020, 0x0020, 0x0020, 0x0020, 0x0020, 0x0020,
  0x0020, 0x0020, 0x0020, 0x0020, 0x0020, 0x0020, 0x0020, 0x0020, 0x0020, 0x0020, 0x0020, 0x0020,
  0x0020, 0x0020, 0x0020, 0x0020, 0x0020, 0x0020, 0x0020, 0x0020, 0x0020, 0x0020, 0x0020, 0x0020,
  0x0020, 0x0020, 0x0020, 0x0020, 0x0020, 0x0020, 0x0020, 0x0020, 0x0020, 0x0020, 0x0020, 0x0020,
  0x0020, 0x0020, 0x0020, 0x0020, 0x0020, 0x0020, 0x0020, 0x0020, 0x0020, 0x0020, 0x0020, 0x0020,
  0x0020, 0x0020, 0x0020, 0x0020, 0x0020, 0x0020, 0x0020, 0x0020, 0x0020, 0x0020, 0x0020, 0x0020,
  0x0020, 0x0020, 0x0020, 0x0020, 0x0020, 0x0020, 0x0020, 0x0020, 0x0020, 0x0020, 0x0020, 0x0020,
  0x0020, 0x0020, 0x0020, 0x0020, 0x0020, 0x0020, 0x0020, 0x0020, 0x0020, 0x0020, 0x0020, 0x0020,
  0x0020, 0x0020, 0x0020, 0x0020, 0x0020, 0x0020, 0x0020, 0x0020, 0x0020, 0x0020, 0x0020, 0x0020,
  0x0020, 0x0020, 0x0020, 0x0020, 0x0020, 0x0020, 0x0020, 0x0020, 0x0020, 0x0020, 0x0020, 0x0020,
  0x0020, 0x0020, 0x0020, 0x0020, 0x0020, 0x0020, 0x0020, 0x0020, 0x0020, 0x0020, 0x0020, 0x0020,
  0x0020, 0x0020, 0x0020, 0x0020, 0x0020, 0x0020, 0x0020, 0x0020, 0x0020, 0x0020, 0x0020, 0x0020,
  0x0020, 0x0020, 0x0020, 0x0020, 0x0020, 0x0020, 0x0020, 0x0020, 0x0020, 0x0020, 0x0020, 0x0020,
  0x0020, 0x0020, 0x0020, 0x0020, 0x0020, 0x0020, 0x0020, 0x0020, 0x0020, 0x0020, 0x0020, 0x0020,
  0x0020, 0x0020, 0x0020, 0x0020, 0x0020, 0x0020, 0x0020, 0x0020, 0x0020, 0x0020, 0x0020, 0x0020,
  0x0020, 0x0020, 0x0020, 0x0020, 0x0020, 0x0020, 0x0020, 0x0020, 0x0020, 0x0020, 0x0020, 0x0020,
  0x0020, 0x0020, 0x0020, 0x0020, 0x0020, 0x0020, 0x0020, 0x0020, 0x0020, 0x0020, 0x0020, 0x0020,
  0x0020, 0x0020, 0x0020, 0x0020, 0x0020, 0x0020, 0x0020, 0x0020, 0x0020, 0x0020, 0x0020, 0x0020,
  0x0020, 0x0020, 0x0020, 0x0020, 0x0020, 0x0020, 0x0020, 0x0020, 0x0020, 0x0020, 0x0020, 0x0020,
  0x0020, 0x0020, 0x0020, 0x0020, 0x0020, 0x0020, 0x0020, 0x0020, 0x0020, 0x0020, 0x0020, 0x0020,
  0x0020, 0x0020, 0x0020, 0x0020, 0x0020, 0x0020, 0x0020, 0x0020, 0x0020, 0x0020, 0x0020, 0x0020,
  0x0020, 0x0020, 0x0020, 0x0020, 0x0020, 0x0020, 0x0020, 0x0020, 0x0020, 0x0020, 0x0020, 0x0020,
  0x0020, 0x0020, 0x0020, 0x0020, 0x0020, 0x0020, 0x0020, 0x0020, 0x0020, 0x0020, 0x0020, 0x0020,
  0x0020, 0x0020, 0x0020, 0x0020, 0x0020, 0x0020, 0x0020, 0x0020, 0x0020, 0x0020, 0x0020, 0x0020,
  0x0020, 0x0020, 0x0020, 0x0020, 0x0020, 0x0020, 0x0020, 0x0020, 0x0020, 0x0020, 0x0020, 0x0020,
  0x0020, 0x0020, 0x0020, 0x0020, 0x0020, 0x0020, 0x0020, 0x0020, 0x0020, 0x0020, 0x0020, 0x0020,
  0x0020, 0x0020, 0x0020, 0x0020, 0x0020, 0x0020, 0x0020, 0x0020, 0x0020, 0x0020, 0x0020, 0x0020,
  0x0020, 0x0020, 0x0020, 0x0020, 0x0020, 0x0020, 0x0020, 0x0020, 0x0020, 0x0020, 0x0020, 0x0020,
  0x0020, 0x0020, 0x0020, 0x0020, 0x0020, 0x0020, 0x0020, 0x0020, 0x0020, 0x0020, 0x0020, 0x0020,
  0x0020, 0x0020, 0x0020, 0x0020, 0x0020, 0x0020, 0x0020, 0x0020, 0x0020, 0x0020, 0x0020, 0x0020,
  0x0020, 0x0020, 0x0020, 0x0020, 0x0020, 0x0020, 0x0020, 0x0020, 0x0020, 0x0020, 0x0020, 0x0020,
  0x0020, 0x0020, 0x0020, 0x0020, 0x0020, 0x0020, 0x0020, 0x0020, 0x0020, 0x0020, 0x0020, 0x0020,
  0x0020, 0x0020, 0x0020, 0x0020, 0x0020, 0x0020, 0x0020, 0x0020, 0x0020, 0x0020, 0x0020, 0x0020,
  0x0020, 0x0020, 0x0020, 0x0020, 0x0020, 0x0020, 0x0020, 0x0020, 0x0020, 0x0020, 0x0020, 0x0020,
  0x0020, 0x0020, 0x0020, 0x0020, 0x0020, 0x0020, 0x0020, 0x0020, 0x0020, 0x0020, 0x0020, 0x0020,
  0x0020, 0x0020, 0x0020, 0x0020, 0x0020, 0x0020, 0x0020, 0x0020, 0x0020, 0x0020, 0x0020, 0x0020,
  0x0020, 0x0020, 0x0020, 0x0020, 0x0020, 0x0020, 0x0020, 0x0020, 0x0020, 0x0020, 0x0020, 0x0020,
  0x0020, 0x0020, 0x0020, 0x0020, 0x0020, 0x0020, 0x0020, 0x0020, 0x0020, 0x0020, 0x0020, 0x0020,
  0x0020, 0x0020, 0x0020, 0x0020, 0x0020, 0x0020, 0x0020, 0x0020, 0x0020, 0x0020, 0x0020, 0x0020,
  0x0020, 0x0020, 0x0020, 0x0020, 0x0020, 0x0020, 0x0020, 0x0020, 0x0020, 0x0020, 0x0020, 0x0020,
  0x0020, 0x0020, 0x0020, 0x0020, 0x0020, 0x0020, 0x0020, 0x0020, 0x0020, 0x0020, 0x0020, 0x0020,
  0x0020, 0x0020, 0x0020, 0x0020, 0x0020, 0x0020, 0x0020, 0x0020, 0x0020, 0x0020, 0x0020, 0x0020,
  0x0020, 0x0020, 0x0020, 0x0020, 0x0020, 0x0020, 0x0020, 0x0020, 0x0020, 0x0020, 0x0020, 0x0020,
  0x0020, 0x0020, 0x0020, 0x0020, 0x0020, 0x0020, 0x0020, 0x0020, 0x0020, 0x0020, 0x0020, 0x0020,
  0x0020, 0x0020, 0x0020, 0x0020, 0x0020, 0x0020, 0x0020, 0x0020, 0x0020, 0x0020, 0x0020, 0x0020,
  0x0020, 0x0020, 0x0020, 0x0020, 0x0020, 0x0020, 0x0020, 0x0020, 0x0020, 0x0020, 0x0020, 0x0020,
  0x0020, 0x0020, 0x0020, 0x0020, 0x0020, 0x0020, 0x0020, 0x0020, 0x0020, 0x0020, 0x0020, 0x0020,
  0x0020, 0x0020, 0x0020, 0x0020, 0x0020, 0x0020, 0x0020, 0x0020, 0x0020, 0x0020, 0x0020, 0x0020,
  0x0020, 0x0020, 0x0020, 0x0020, 0x0020, 0x0020, 0x0020, 0x0020, 0x0020, 0x0020, 0x0020, 0x0020,
  0x0020, 0x0020, 0x0020, 0x0020, 0x0020, 0x0020, 0x0020, 0x0020, 0x0020, 0x0020, 0x0020, 0x0020,
  0x0020, 0x0020, 0x0020, 0x0020, 0x0020, 0x0020, 0x0020, 0x0020, 0x0020, 0x0020, 0x0020, 0x0020,
  0x0020, 0x0020, 0x0020, 0x0020, 0x0020, 0x0020, 0x0020, 0x0020, 0x0020, 0x0020, 0x0020, 0x0020,
  0x0020, 0x0020, 0x0020, 0x0020, 0x0020, 0x0020, 0x0020, 0x0020, 0x0020, 0x0020, 0x0020, 0x0020,
  0x0020, 0x0020, 0x0020, 0x0020, 0x0020, 0x0020, 0x0020, 0x0020, 0x0020, 0x0020, 0x0020, 0x0020,
  0x0020, 0x0020, 0x0020, 0x0020, 0x0020, 0x0020, 0x0020, 0x0020, 0x0020, 0x0020, 0x0020, 0x0020,
  0x0020, 0x0020, 0x0020, 0x0020, 0x0020, 0x0020, 0x0020, 0x0020, 0x0020, 0x0020, 0x0020, 0x0020,
  0x0020, 0x0020, 0x0020, 0x0020, 0x0020, 0x0020, 0x0020, 0x0020, 0x0020, 0x0020, 0x0020, 0x0020,
  0x0020, 0x0020, 0x0020, 0x0020, 0x0020, 0x0020, 0x0020, 0x0020, 0x0020, 0x0020, 0x0020, 0x0020,
  0x0020, 0x0020, 0x0020, 0x0020, 0x0020, 0x0020, 0x0020, 0x0020, 0x0020, 0x0020, 0x0020, 0x0020,
  0x0020, 0x0020, 0x0020, 0x0020, 0x0020, 0x0020, 0x0020, 0x0020, 0x0020, 0x0020, 0x0020, 0x0020,
  0x0020, 0x0020, 0x0020, 0x0020, 0x0020, 0x0020, 0x0020, 0x0020, 0x0020, 0x0020, 0x0020, 0x0020,
  0x0020, 0x0020, 0x0020, 0x0020, 0x0020, 0x0020, 0x0020, 0x0020, 0x0020, 0x0020, 0x0020, 0x0020,
  0x0020, 0x0020, 0x0020, 0x0020, 0x0020, 0x0020, 0x0020, 0x0020, 0x0020, 0x0020, 0x0020, 0x0020,
  0x0020, 0x0020, 0x0020, 0x0020, 0x0020, 0x0020, 0x0020, 0x0020, 0x0020, 0x0020, 0x0020, 0x0020,
  0x0020, 0x0020, 0x0020, 0x0020, 0x0020, 0x0020, 0x0020, 0x0020, 0x0020, 0x0020, 0x0020, 0x0020,
  0x0020, 0x0020, 0x0020, 0x0020, 0x0020, 0x0020, 0x0020, 0x0020, 0x0020, 0x0020, 0x0020, 0x0020,
  0x0020, 0x0020, 0x0020, 0x0020, 0x0020, 0x0020, 0x0020, 0x0020, 0x0020, 0x0020, 0x0020, 0x0020,
  0x0020, 0x0020, 0x0020, 0x0020, 0x0020, 0x0020, 0x0020, 0x0020, 0x0020, 0x0020, 0x0020, 0x0020,
  0x0020, 0x0020, 0x0020, 0x0020, 0x0020, 0x0020, 0x0020, 0x0020, 0x0020, 0x0020, 0x0020, 0x0020,
  0x0020, 0x0020, 0x0020, 0x0020, 0x0020, 0x0020, 0x0020, 0x0020, 0x0020, 0x0020, 0x0020, 0x0020,
  0x0020, 0x0020, 0x0020, 0x0020, 0x0020, 0x0020, 0x0020, 0x0020, 0x0020, 0x0020, 0x0020, 0x0020,
  0x0020, 0x0020, 0x0020, 0x0020, 0x0020, 0x0020, 0x0020, 0x0020, 0x0020, 0x0020, 0x0020, 0x0020,
  0x0020, 0x0020, 0x0020, 0x0020, 0x0020, 0x0020, 0x0020, 0x0020, 0x0020, 0x0020, 0x0020, 0x0020,
  0x0020, 0x0020, 0x0020, 0x0020, 0x0020, 0x0020, 0x0020, 0x0020, 0x0020, 0x0020, 0x0020, 0x0020,
  0x0020, 0x0020, 0x0020, 0x0020, 0x0020, 0x0020, 0x0020, 0x0020, 0x0020, 0x0020, 0x0020, 0x0020,
  0x0020, 0x0020, 0x0020, 0x0020, 0x0020, 0x0020, 0x0020, 0x0020, 0x0020, 0x0020, 0x0020, 0x0020,
  0x0020, 0x0020, 0x0020, 0x0020, 0x0020, 0x0020, 0x0020, 0x0020, 0x0020, 0x0020, 0x0020, 0x0020,
  0x0020, 0x0020, 0x0020, 0x0020, 0x0020, 0x0020, 0x0020, 0x0020, 0x0020, 0x0020, 0x0020, 0x0020,
  0x0020, 0x0020, 0x0020, 0x0020, 0x0020, 0x0020, 0x0020, 0x0020, 0x0020, 0x0020, 0x0020, 0x0020,
  0x0020, 0x0020, 0x0020, 0x0020, 0x0020, 0x0020, 0x0020, 0x0020, 0x0020, 0x0020, 0x0020, 0x0020,
  0x0020, 0x0020, 0x0020, 0x0020, 0x0020, 0x0020, 0x0020, 0x0020, 0x0020, 0x0020, 0x0020, 0x0020,
  0x0020, 0x0020, 0x0020, 0x0020, 0x0020, 0x0020, 0x0020, 0x0020, 0x0020, 0x0020, 0x0020, 0x0020,
  0x0020, 0x0020, 0x0020, 0x0020, 0x0020, 0x0020, 0x0020, 0x0020, 0x0020, 0x0020, 0x0020, 0x0020,
  0x0020, 0x0020, 0x0020, 0x0020, 0x0020, 0x0020, 0x0020, 0x0020, 0x0020, 0x0020, 0x0020, 0x0020,
  0x0020, 0x0020, 0x0020, 0x0020, 0x0020, 0x0020, 0x0020, 0x0020, 0x0020, 0x0020, 0x0020, 0x0020,
  0x0020, 0x0020, 0x0020, 0x0020, 0x0020, 0x0020, 0x0020, 0x0020, 0x0020, 0x0020, 0x0020, 0x0020,
  0x0020, 0x0020, 0x0020, 0x0020, 0x0020, 0x0020, 0x0020, 0x0020, 0x0020, 0x0020, 0x0020, 0x0020,
  0x0020, 0x0020, 0x0020, 0x0020, 0x0020, 0x0020, 0x0020, 0x0020, 0x0020, 0x0020, 0x0020, 0x0020,
  0x0020, 0x0020, 0x0020, 0x0020, 0x0020, 0x0020, 0x0020, 0x0020, 0x0020, 0x0020, 0x0020, 0x0020,
  0x0020, 0x0020, 0x0020, 0x0020, 0x0020, 0x0020, 0x0020, 0x0020, 0x0020, 0x0020, 0x0020, 0x0020,
  0x0020, 0x0020, 0x0020, 0x0020, 0x0020, 0x0020, 0x0020, 0x0020, 0x0020, 0x0020, 0x0020, 0x0020,
  0x0020, 0x0020, 0x0020, 0x0020, 0x0020, 0x0020, 0x0020, 0x0020, 0x0020, 0x0020, 0x0020, 0x0020,
  0x0020, 0x0020, 0x0020, 0x0020, 0x0020, 0x0020, 0x0020, 0x0020, 0x0020, 0x0020, 0x0020, 0x0020,
  0x0020, 0x0020, 0x0020, 0x0020, 0x0020, 0x0020, 0x0020, 0x0020, 0x0020, 0x0020, 0x0020, 0x0020,
  0x0020, 0x0020, 0x0020, 0x0020, 0x0020, 0x0020, 0x0020, 0x0020, 0x0020, 0x0020, 0x0020, 0x0020,
  0x0020, 0x0020, 0x0020, 0x0020, 0x0020, 0x0020, 0x0020, 0x0020, 0x0020, 0x0020, 0x0020, 0x0020,
  0x0020, 0x0020, 0x0020, 0x0020, 0x0020, 0x0020, 0x0020, 0x0020, 0x0020, 0x0020, 0x0020, 0x0020,
  0x0020, 0x0020, 0x0020, 0x0020, 0x0020, 0x0020, 0x0020, 0x0020, 0x0020, 0x0020, 0x0020, 0x0020,
  0x0020, 0x0020, 0x0020, 0x0020, 0x0020, 0x0020, 0x0020, 0x0020, 0x0020, 0x0020, 0x0020, 0x0020,
  0x0020, 0x0020, 0x0020, 0x0020, 0x0020, 0x0020, 0x0020, 0x0020, 0x0020, 0x0020, 0x0020, 0x0020,
  0x0020, 0x0020, 0x0020, 0x0020, 0x0020, 0x0020, 0x0020, 0x0020, 0x0020, 0x0020, 0x0020, 0x0020,
  0x0020, 0x0020, 0x0020, 0x0020, 0x0020, 0x0020, 0x0020, 0x0020, 0x0020, 0x0020, 0x0020, 0x0020,
  0x0020, 0x0020, 0x0020, 0x0020, 0x0020, 0x0020, 0x0020, 0x0020, 0x0020, 0x0020, 0x0020, 0x0020,
  0x0020, 0x0020, 0x0020, 0x0020, 0x0020, 0x0020, 0x0020, 0x0020, 0x0020, 0x0020, 0x0020, 0x0020,
  0x0020, 0x0020, 0x0020, 0x0020, 0x0020, 0x0020, 0x0020, 0x0020, 0x0020, 0x0020, 0x0020, 0x0020,
  0x0020, 0x0020, 0x0020, 0x0020, 0x0020, 0x0020, 0x0020, 0x0020, 0x0020, 0x0020, 0x0020, 0x0020,
  0x0020, 0x0020, 0x0020, 0x0020, 0x0020, 0x0020, 0x0020, 0x0020, 0x0020, 0x0020, 0x0020, 0x0020,
  0x0020, 0x0020, 0x0020, 0x0020, 0x0020, 0x0020, 0x0020, 0x0020, 0x0020, 0x0020, 0x0020, 0x0020,
  0x0020, 0x0020, 0x0020, 0x0020, 0x0020, 0x0020, 0x0020, 0x0020, 0x0020, 0x0020, 0x0020, 0x0020,
  0x0020, 0x0020, 0x0020, 0x0020, 0x0020, 0x0020, 0x0020, 0x0020, 0x0020, 0x0020, 0x0020, 0x0020,
  0x0020, 0x0020, 0x0020, 0x0020, 0x0020, 0x0020, 0x0020, 0x0020, 0x0020, 0x0020, 0x0020, 0x0020,
  0x0020, 0x0020, 0x0020, 0x0020, 0x0020, 0x0020, 0x0020, 0x0020, 0x0020, 0x0020, 0x0020, 0x0020,
  0x0020, 0x0020, 0x0020, 0x0020, 0x0020, 0x0020, 0x0020, 0x0020, 0x0020, 0x0020, 0x0020, 0x0020,
  0x0020, 0x0020, 0x0020, 0x0020, 0x0020, 0x0020, 0x0020, 0x0020, 0x0020, 0x0020, 0x0020, 0x0020,
  0x0020, 0x0020, 0x0020, 0x0020, 0x0020, 0x0020, 0x0020, 0x0020, 0x0020, 0x0020, 0x0020, 0x0020,
  0x0020, 0x0020, 0x0020, 0x0020, 0x0020, 0x0020, 0x0020, 0x0020, 0x0020, 0x0020, 0x0020, 0x0020,
  0x0020, 0x0020, 0x0020, 0x0020, 0x0020, 0x0020, 0x0020, 0x0020, 0x0020, 0x0020, 0x0020, 0x0020,
  0x0020, 0x0020, 0x0020, 0x0020, 0x0020, 0x0020, 0x0020, 0x0020, 0x0020, 0x0020, 0x0020, 0x0020,
  0x0020, 0x0020, 0x0020, 0x0020, 0x0020, 0x0020, 0x0020, 0x0020, 0x0020, 0x0020, 0x0020, 0x0020,
  0x0020, 0x0020, 0x0020, 0x0041, 0x0041, 0x0041, 0x0020, 0x0020, 0x0020, 0x0020, 0x0020, 0x0020,
  0x0020, 0x0020, 0x0020, 0x0020, 0x0020, 0x0020, 0x0020, 0x0020, 0x0020, 0x0020, 0x0020, 0x0020,
  0x0020, 0x0020, 0x0020, 0x0020, 0x0020, 0x0020, 0x0020, 0x0020, 0x0020, 0x0020, 0x0020, 0x0020,
  0x0020, 0x0020, 0x0020, 0x0020, 0x0020, 0x0020, 0x0020, 0x0020, 0x0020, 0x0020, 0x0020, 0x0020,
  0x0020, 0x0020, 0x0020, 0x0020, 0x0020, 0x0020, 0x0020, 0x0020, 0x0020, 0x0020, 0x0020, 0x0020,
  0x0020, 0x0020, 0x0020, 0x0020, 0x0020, 0x0020, 0x0020, 0x0020, 0x0020, 0x0020, 0x0020, 0x0020,
  0x0020, 0x0020, 0x0020, 0x0020, 0x0020, 0x0020, 0x0020, 0x0020, 0x0020, 0x0020, 0x0020, 0x0020,
  0x0020, 0x0020, 0x0020, 0x0020, 0x0020, 0x0020, 0x0020, 0x0020, 0x0020, 0x0020, 0x0020, 0x0020,
  0x0020, 0x0020, 0x0020, 0x0020, 0x0020, 0x0020, 0x0020, 0x0020, 0x0020, 0x0020, 0x0020, 0x0020,
  0x0020, 0x0020, 0x0020, 0x0020, 0x0020, 0x0020, 0x0020, 0x0020, 0x0020, 0x0020, 0x0020, 0x0020,
  0x0020, 0x0020, 0x0020, 0x0020, 0x0020, 0x0020, 0x0020, 0x0020, 0x0020, 0x0020, 0x0020, 0x0020,
  0x0020, 0x0020, 0x0020, 0x0020, 0x0020, 0x0020, 0x0020, 0x0020, 0x0020, 0x0020, 0x0020, 0x0020,
  0x0020, 0x0020, 0x0020, 0x0020, 0x0020, 0x0020, 0x0020, 0x0020, 0x0020, 0x0020, 0x0020, 0x0020,
  0x0020, 0x0020, 0x0020, 0x0020, 0x0020, 0x0021, 0x0000, 0x0000, 0x0000, 0x0000, 0x0000, 0x0021,
  0x0041, 0x0021, 0x0020, 0x0020, 0x0020, 0x0020, 0x0020, 0x0020, 0x0020, 0x0020, 0x0020, 0x0020,
  0x0020, 0x0020, 0x0020, 0x0020, 0x0020, 0x0020, 0x0020, 0x0020, 0x0020, 0x0020, 0x0020, 0x0020,
  0x0020, 0x0020, 0x0020, 0x0020, 0x0020, 0x0020, 0x0020, 0x0020, 0x0020, 0x0020, 0x0020, 0x0020,
  0x0020, 0x0020, 0x0020, 0x0020, 0x0020, 0x0020, 0x0020, 0x0020, 0x0020, 0x0020, 0x0020, 0x0020,
  0x0020, 0x0020, 0x0020, 0x0020, 0x0020, 0x0020, 0x0020, 0x0020, 0x0020, 0x0020, 0x0020, 0x0020,
  0x0020, 0x0020, 0x0020, 0x0020, 0x0020, 0x0020, 0x0020, 0x0020, 0x0020, 0x0020, 0x0020, 0x0020,
  0x0020, 0x0020, 0x0020, 0x0020, 0x0020, 0x0020, 0x0020, 0x0020, 0x0020, 0x0020, 0x0020, 0x0020,
  0x0020, 0x0020, 0x0020, 0x0020, 0x0020, 0x0020, 0x0020, 0x0020, 0x0020, 0x0020, 0x0020, 0x0020,
  0x0020, 0x0020, 0x0020, 0x0020, 0x0020, 0x0020, 0x0020, 0x0020, 0x0020, 0x0020, 0x0020, 0x0020,
  0x0020, 0x0020, 0x0020, 0x0020, 0x0020, 0x0020, 0x0020, 0x0020, 0x0020, 0x0020, 0x0020, 0x0020,
  0x0020, 0x0020, 0x0020, 0x0020, 0x0020, 0x0020, 0x0020, 0x0020, 0x0020, 0x0020, 0x0020, 0x0020,
  0x0020, 0x0020, 0x0020, 0x0020, 0x0020, 0x0020, 0x0020, 0x0020, 0x0020, 0x0020, 0x0020, 0x0020,
  0x0020, 0x0020, 0x0020, 0x0020, 0x0020, 0x0020, 0x0020, 0x0020, 0x0020, 0x0000, 0x0861, 0x630B,
  0x8C2F, 0x5AAA, 0x18C3, 0x0000, 0x0000, 0x0000, 0x0020, 0x0041, 0x0021, 0x0020, 0x0020, 0x0020,
  0x0020, 0x0020, 0x0020, 0x0020, 0x0020, 0x0020, 0x0020, 0x0020, 0x0020, 0x0020, 0x0020, 0x0020,
  0x0020, 0x0020, 0x0020, 0x0020, 0x0020, 0x0020, 0x0020, 0x0020, 0x0020, 0x0020, 0x0020, 0x0020,
  0x0020, 0x0020, 0x0020, 0x0020, 0x0020, 0x0020, 0x0020, 0x0020, 0x0020, 0x0020, 0x0020, 0x0020,
  0x0020, 0x0020, 0x0020, 0x0020, 0x0020, 0x0020, 0x0020, 0x0020, 0x0020, 0x0020, 0x0020, 0x0020,
  0x0020, 0x0020, 0x0020, 0x0020, 0x0020, 0x0020, 0x0020, 0x0020, 0x0020, 0x0020, 0x0020, 0x0020,
  0x0020, 0x0020, 0x0020, 0x0020, 0x0020, 0x0020, 0x0020, 0x0020, 0x0020, 0x0020, 0x0020, 0x0020,
  0x0020, 0x0020, 0x0020, 0x0020, 0x0020, 0x0020, 0x0020, 0x0020, 0x0020, 0x0020, 0x0020, 0x0020,
  0x0020, 0x0020, 0x0020, 0x0020, 0x0020, 0x0020, 0x0020, 0x0020, 0x0020, 0x0020, 0x0020, 0x0020,
  0x0020, 0x0020, 0x0020, 0x0020, 0x0020, 0x0020, 0x0020, 0x0020, 0x0020, 0x0020, 0x0020, 0x0020,
  0x0020, 0x0020, 0x0020, 0x0020, 0x0020, 0x0020, 0x0020, 0x0020, 0x0020, 0x0020, 0x0020, 0x0020,
  0x0020, 0x0020, 0x0020, 0x0020, 0x0020, 0x0020, 0x0020, 0x0020, 0x0020, 0x0020, 0x0020, 0x0020,
  0x0020, 0x0020, 0x0020, 0x0020, 0x0020, 0x0020, 0x0020, 0x0020, 0x0020, 0x0020, 0x0020, 0x0000,
  0x0000, 0x18E3, 0x39C7, 0x62EB, 0x8C0F, 0xBD94, 0xD677, 0xB574, 0x738D, 0x2965, 0x0000, 0x0000,
  0x0000, 0x0000, 0x0021, 0x0041, 0x0020, 0x0020, 0x0020, 0x0020, 0x0020, 0x0020, 0x0020, 0x0020,
  0x0020, 0x0020, 0x0020, 0x0020, 0x0020, 0x0020, 0x0020, 0x0020, 0x0020, 0x0020, 0x0020, 0x0020,
  0x0020, 0x0020, 0x0020, 0x0020, 0x0020, 0x0020, 0x0020, 0x0020, 0x0020, 0x0020, 0x0020, 0x0020,
  0x0020, 0x0020, 0x0020, 0x0020, 0x0020, 0x0020, 0x0020, 0x0020, 0x0020, 0x0020, 0x0020, 0x0020,
  0x0020, 0x0020, 0x0020, 0x0020, 0x0020, 0x0020, 0x0020, 0x0020, 0x0020, 0x0020, 0x0020, 0x0020,
  0x0020, 0x0020, 0x0020, 0x0020, 0x0020, 0x0020, 0x0020, 0x0020, 0x0020, 0x0020, 0x0020, 0x0020,
  0x0020, 0x0020, 0x0020, 0x0020, 0x0020, 0x0020, 0x0020, 0x0020, 0x0020, 0x0020, 0x0020, 0x0020,
  0x0020, 0x0020, 0x0020, 0x0020, 0x0020, 0x0020, 0x0020, 0x0020, 0x0020, 0x0020, 0x0020, 0x0020,
  0x0020, 0x0020, 0x0020, 0x0020, 0x0020, 0x0020, 0x0020, 0x0020, 0x0020, 0x0020, 0x0020, 0x0020,
  0x0020, 0x0020, 0x0020, 0x0020, 0x0020, 0x0020, 0x0020, 0x0020, 0x0020, 0x0020, 0x0020, 0x0020,
  0x0020, 0x0020, 0x0020, 0x0020, 0x0020, 0x0020, 0x0020, 0x0020, 0x0020, 0x0020, 0x0020, 0x0020,
  0x0020, 0x0020, 0x0020, 0x0020, 0x0020, 0x0020, 0x0020, 0x0020, 0x0020, 0x0020, 0x0020, 0x0020,
  0x0021, 0x0000, 0x0000, 0x1082, 0x3186, 0x4A49, 0x4229, 0x31C7, 0x2966, 0x2966, 0x4207, 0x736C,
  0xAD33, 0xD657, 0xCDF6, 0x8C2F, 0x4207, 0x0861, 0x0000, 0x0000, 0x0000, 0x0021, 0x0041, 0x0021,
  0x0020, 0x0020, 0x0020, 0x0020, 0x0020, 0x0020, 0x0020, 0x0020, 0x0020, 0x0020, 0x0020, 0x0020,
  0x0020, 0x0020, 0x0020, 0x0020, 0x0020, 0x0020, 0x0020, 0x0020, 0x0020, 0x0020, 0x0020, 0x0020,
  0x0020, 0x0020, 0x0020, 0x0020, 0x0020, 0x0020, 0x0020, 0x0020, 0x0020, 0x0020, 0x0020, 0x0020,
  0x0020, 0x0020, 0x0020, 0x0020, 0x0020, 0x0020, 0x0020, 0x0020, 0x0020, 0x0020, 0x0020, 0x0020,
  0x0020, 0x0020, 0x0020, 0x0020, 0x0020, 0x0020, 0x0020, 0x0020, 0x0020, 0x0020, 0x0020, 0x0020,
  0x0020, 0x0020, 0x0020, 0x0020, 0x0020, 0x0020, 0x0020, 0x0020, 0x0020, 0x0020, 0x0020, 0x0020,
  0x0020, 0x0020, 0x0020, 0x0020, 0x0020, 0x0020, 0x0020, 0x0020, 0x0020, 0x0020, 0x0020, 0x0020,
  0x0020, 0x0020, 0x0020, 0x0020, 0x0020, 0x0020, 0x0020, 0x0020, 0x0020, 0x0020, 0x0020, 0x0020,
  0x0020, 0x0020, 0x0020, 0x0020, 0x0020, 0x0020, 0x0020, 0x0020, 0x0020, 0x0020, 0x0020, 0x0020,
  0x0020, 0x0020, 0x0020, 0x0020, 0x0020, 0x0020, 0x0020, 0x0020, 0x0020, 0x0020, 0x0020, 0x0020,
  0x0020, 0x0020, 0x0020, 0x0020, 0x0020, 0x0020, 0x0020, 0x0020, 0x0020, 0x0020, 0x0020, 0x0020,
  0x0020, 0x0020, 0x0020, 0x0020, 0x0000, 0x0841, 0x2965, 0x4A69, 0x4228, 0x39C7, 0x3A08, 0x39E8,
  0x4208, 0x4229, 0x39E8, 0x3187, 0x2965, 0x31A6, 0x5ACA, 0x9CB1, 0xCE36, 0xD657, 0xA4F2, 0x5ACA,
  0x18C3, 0x0000, 0x0000, 0x0000, 0x0020, 0x0021, 0x0021, 0x0020, 0x0020, 0x0020, 0x0020, 0x0020,
  0x0020, 0x0020, 0x0020, 0x0020, 0x0020, 0x0020, 0x0020, 0x0020, 0x0020, 0x0020, 0x0020, 0x0020,
  0x0020, 0x0020, 0x0020, 0x0020, 0x0020, 0x0020, 0x0020, 0x0020, 0x0020, 0x0020, 0x0020, 0x0020,
  0x0020, 0x0020, 0x0020, 0x0020, 0x0020, 0x0020, 0x0020, 0x0020, 0x0020, 0x0020, 0x0020, 0x0020,
  0x0020, 0x0020, 0x0020, 0x0020, 0x0020, 0x0020, 0x0020, 0x0020, 0x0020, 0x0020, 0x0020, 0x0020,
  0x0020, 0x0020, 0x0020, 0x0020, 0x0020, 0x0020, 0x0020, 0x0020, 0x0020, 0x0020, 0x0020, 0x0020,
  0x0020, 0x0020, 0x0020, 0x0020, 0x0020, 0x0020, 0x0020, 0x0020, 0x0020, 0x0020, 0x0020, 0x0020,
  0x0020, 0x0020, 0x0020, 0x0020, 0x0020, 0x0020, 0x0020, 0x0020, 0x0020, 0x0020, 0x0020, 0x0020,
  0x0020, 0x0020, 0x0020, 0x0020, 0x0020, 0x0020, 0x0020, 0x0020, 0x0020, 0x0020, 0x0020, 0x0020,
  0x0020, 0x0020, 0x0020, 0x0020, 0x0020, 0x0020, 0x0020, 0x0020, 0x0020, 0x0020, 0x0020, 0x0020,
  0x0020, 0x0020, 0x0020, 0x0020, 0x0020, 0x0020, 0x0020, 0x0020, 0x0020, 0x0020, 0x0020, 0x0020,
  0x0020, 0x0020, 0x0020, 0x0020, 0x0020, 0x0020, 0x0000, 0x0020, 0x2104, 0x4228, 0x4A69, 0x39E8,
  0x4208, 0x4208, 0x39E8, 0x4208, 0x4228, 0x4208, 0x39E7, 0x3A08, 0x4208, 0x3A08, 0x39E8, 0x2986,
  0x2965, 0x4A48, 0x8C2F, 0xC5D5, 0xD657, 0xB574, 0x738D, 0x2945, 0x0000, 0x0000, 0x0000, 0x0000,
  0x0021, 0x0041, 0x0020, 0x0020, 0x0020, 0x0020, 0x0020, 0x0020, 0x0020, 0x0020, 0x0020, 0x0020,
  0x0020, 0x0020, 0x0020, 0x0020, 0x0020, 0x0020, 0x0020, 0x0020, 0x0020, 0x0020, 0x0020, 0x0020,
  0x0020, 0x0020, 0x0020, 0x0020, 0x0020, 0x0020, 0x0020, 0x0020, 0x0020, 0x0020, 0x0020, 0x0020,
  0x0020, 0x0020, 0x0020, 0x0020, 0x0020, 0x0020, 0x0020, 0x0020, 0x0020, 0x0020, 0x0020, 0x0020,
  0x0020, 0x0020, 0x0020, 0x0020, 0x0020, 0x0020, 0x0020, 0x0020, 0x0020, 0x0020, 0x0020, 0x0020,
  0x0020, 0x0020, 0x0020, 0x0020, 0x0020, 0x0020, 0x0020, 0x0020, 0x0020, 0x0020, 0x0020, 0x0020,
  0x0020, 0x0020, 0x0020, 0x0020, 0x0020, 0x0020, 0x0020, 0x0020, 0x0020, 0x0020, 0x0020, 0x0020,
  0x0020, 0x0020, 0x0020, 0x0020, 0x0020, 0x0020, 0x0020, 0x0020, 0x0020, 0x0020, 0x0020, 0x0020,
  0x0020, 0x0020, 0x0020, 0x0020, 0x0020, 0x0020, 0x0020, 0x0020, 0x0020, 0x0020, 0x0020, 0x0020,
  0x0020, 0x0020, 0x0020, 0x0020, 0x0020, 0x0020, 0x0020, 0x0020, 0x0020, 0x0020, 0x0020, 0x0020,
  0x0020, 0x0020, 0x0020, 0x0020, 0x0020, 0x0020, 0x0020, 0x0021, 0x0020, 0x0020, 0x18C3, 0x31A7,
  0x4A8A, 0x39E8, 0x39C7, 0x4208, 0x4208, 0x4208, 0x3A08, 0x3A08, 0x3A08, 0x39E8, 0x39E8, 0x3A08,
  0x39E8, 0x39E8, 0x4208, 0x3A08, 0x3A08, 0x39E8, 0x2966, 0x2945, 0x4207, 0x7BAD, 0xB553, 0xD636,
  0xC5D5, 0x8C0F, 0x41E7, 0x0841, 0x0000, 0x0000, 0x0000, 0x0021, 0x0041, 0x0021, 0x0020, 0x0020,
  0x0020, 0x0020, 0x0020, 0x0020, 0x0020, 0x0020, 0x0020, 0x0020, 0x0020, 0x0020, 0x0020, 0x0020,
  0x0020, 0x0020, 0x0020, 0x0020, 0x0020, 0x0020, 0x0020, 0x0020, 0x0020, 0x0020, 0x0020, 0x0020,
  0x0020, 0x0020, 0x0020, 0x0020, 0x0020, 0x0020, 0x0020, 0x0020, 0x0020, 0x0020, 0x0020, 0x0020,
  0x0020, 0x0020, 0x0020, 0x0020, 0x0020, 0x0020, 0x0020, 0x0020, 0x0020, 0x0020, 0x0020, 0x0020,
  0x0020, 0x0020, 0x0020, 0x0020, 0x0020, 0x0020, 0x0020, 0x0020, 0x0020, 0x0020, 0x0020, 0x0020,
  0x0020, 0x0020, 0x0020, 0x0020, 0x0020, 0x0020, 0x0020, 0x0020, 0x0020, 0x0020, 0x0020, 0x0020,
  0x0020, 0x0020, 0x0020, 0x0020, 0x0020, 0x0020, 0x0020, 0x0020, 0x0020, 0x0020, 0x0020, 0x0020,
  0x0020, 0x0020, 0x0020, 0x0020, 0x0020, 0x0020, 0x0020, 0x0020, 0x0020, 0x0020, 0x0020, 0x0020,
  0x0020, 0x0020, 0x0020, 0x0020, 0x0020, 0x0020, 0x0020, 0x0020, 0x0020, 0x0020, 0x0020, 0x0020,
  0x0020, 0x0020, 0x0020, 0x0020, 0x0020, 0x0020, 0x0020, 0x0020, 0x0020, 0x0021, 0x0020, 0x0000,
  0x0000, 0x18E4, 0x4229, 0x4229, 0x4208, 0x4208, 0x39E7, 0x39E8, 0x3A08, 0x3A08, 0x4208, 0x3A08,
  0x39E8, 0x39E8, 0x39E8, 0x39E7, 0x39E7, 0x3A08, 0x4208, 0x4208, 0x4208, 0x39E7, 0x39E8, 0x4228,
  0x3A08, 0x31A7, 0x2145, 0x31A6, 0x62EB, 0x9CB1, 0xCE36, 0xD657, 0xA4D2, 0x5AAA, 0x10A2, 0x0000,
  0x0000, 0x0000, 0x0020, 0x0041, 0x0021, 0x0020, 0x0020, 0x0020, 0x0020, 0x0020, 0x0020, 0x0020,
  0x0020, 0x0020, 0x0020, 0x0020, 0x0020, 0x0020, 0x0020, 0x0020, 0x0020, 0x0020, 0x0020, 0x0020,
  0x0020, 0x0020, 0x0020, 0x0020, 0x0020, 0x0020, 0x0020, 0x0020, 0x0020, 0x0020, 0x0020, 0x0020,
  0x0020, 0x0020, 0x0020, 0x0020, 0x0020, 0x0020, 0x0020, 0x0020, 0x0020, 0x0020, 0x0020, 0x0020,
  0x0020, 0x0020, 0x0020, 0x0020, 0x0020, 0x0020, 0x0020, 0x0020, 0x0020, 0x0020, 0x0020, 0x0020,
  0x0020, 0x0020, 0x0020, 0x0020, 0x0020, 0x0020, 0x0020, 0x0020, 0x0020, 0x0020, 0x0020, 0x0020,
  0x0020, 0x0020, 0x0020, 0x0020, 0x0020, 0x0020, 0x0020, 0x0020, 0x0020, 0x0020, 0x0020, 0x0020,
  0x0020, 0x0020, 0x0020, 0x0020, 0x0020, 0x0020, 0x0020, 0x0020, 0x0020, 0x0020, 0x0020, 0x0020,
  0x0020, 0x0020, 0x0020, 0x0020, 0x0020, 0x0020, 0x0020, 0x0020, 0x0020, 0x0020, 0x0020, 0x0020,
  0x0020, 0x0020, 0x0020, 0x0020, 0x0020, 0x0020, 0x0020, 0x0020, 0x0020, 0x0020, 0x0020, 0x0020,
  0x0020, 0x0000, 0x0000, 0x5AAA, 0xA513, 0xA4D2, 0x6B2B, 0x4208, 0x2945, 0x2966, 0x3A08, 0x4229,
  0x4228, 0x39E8, 0x39E7, 0x39E8, 0x3A08, 0x3A08, 0x3A08, 0x3A08, 0x3A08, 0x39E8, 0x39E8, 0x39E8,
  0x39E8, 0x39E8, 0x3A08, 0x39E8, 0x39E8, 0x3A08, 0x4208, 0x4208, 0x31A7, 0x2145, 0x2966, 0x5289,
  0x8C2F, 0xC5F6, 0xD657, 0xB553, 0x6B4C, 0x2124, 0x0000, 0x0000, 0x0000, 0x0000, 0x0041, 0x0021,
  0x0020, 0x0020, 0x0020, 0x0020, 0x0020, 0x0020, 0x0020, 0x0020, 0x0020, 0x0020, 0x0020, 0x0020,
  0x0020, 0x0020, 0x0020, 0x0020, 0x0020, 0x0020, 0x0020, 0x0020, 0x0020, 0x0020, 0x0020, 0x0020,
  0x0020, 0x0020, 0x0020, 0x0020, 0x0020, 0x0020, 0x0020, 0x0020, 0x0020, 0x0020, 0x0020, 0x0020,
  0x0020, 0x0020, 0x0020, 0x0020, 0x0020, 0x0020, 0x0020, 0x0020, 0x0020, 0x0020, 0x0020, 0x0020,
  0x0020, 0x0020, 0x0020, 0x0020, 0x0020, 0x0020, 0x0020, 0x0020, 0x0020, 0x0020, 0x0020, 0x0020,
  0x0020, 0x0020, 0x0020, 0x0020, 0x0020, 0x0020, 0x0020, 0x0020, 0x0020, 0x0020, 0x0020, 0x0020,
  0x0020, 0x0020, 0x0020, 0x0020, 0x0020, 0x0020, 0x0020, 0x0020, 0x0020, 0x0020, 0x0020, 0x0020,
  0x0020, 0x0020, 0x0020, 0x0020, 0x0020, 0x0020, 0x0020, 0x0020, 0x0020, 0x0020, 0x0020, 0x0020,
  0x0020, 0x0020, 0x0020, 0x0020, 0x0020, 0x0020, 0x0020, 0x0020, 0x0020, 0x0020, 0x0020, 0x0020,
  0x0020, 0x0020, 0x0020, 0x0021, 0x0000, 0x18E3, 0xBDF6, 0xE6D9, 0xD636, 0xD637, 0xDE77, 0xD637,
  0xB553, 0x83EE, 0x4A69, 0x2986, 0x2965, 0x31C7, 0x4228, 0x4229, 0x4208, 0x39E7, 0x39E8, 0x3A08,
  0x3A08, 0x39E8, 0x39E7, 0x3A08, 0x3A08, 0x3A08, 0x3A08, 0x39E8, 0x3A08, 0x3A08, 0x4208, 0x3A08,
  0x39E8, 0x4208, 0x4228, 0x39E7, 0x2966, 0x2945, 0x4208, 0x7BCE, 0xBD94, 0xD657, 0xC5D5, 0x83EE,
  0x39A6, 0x0020, 0x0000, 0x0000, 0x0000, 0x0021, 0x0041, 0x0020, 0x0020, 0x0020, 0x0020, 0x0020,
  0x0020, 0x0020, 0x0020, 0x0020, 0x0020, 0x0020, 0x0020, 0x0020, 0x0020, 0x0020, 0x0020, 0x0020,
  0x0020, 0x0020, 0x0020, 0x0020, 0x0020, 0x0020, 0x0020, 0x0020, 0x0020, 0x0020, 0x0020, 0x0020,
  0x0020, 0x0020, 0x0020, 0x0020, 0x0020, 0x0020, 0x0020, 0x0020, 0x0020, 0x0020, 0x0020, 0x0020,
  0x0020, 0x0020, 0x0020, 0x0020, 0x0020, 0x0020, 0x0020, 0x0020, 0x0020, 0x0020, 0x0020, 0x0020,
  0x0020, 0x0020, 0x0020, 0x0020, 0x0020, 0x0020, 0x0020, 0x0020, 0x0020, 0x0020, 0x0020, 0x0020,
  0x0020, 0x0020, 0x0020, 0x0020, 0x0020, 0x0020, 0x0020, 0x0020, 0x0020, 0x0020, 0x0020, 0x0020,
  0x0020, 0x0020, 0x0020, 0x0020, 0x0020, 0x0020, 0x0020, 0x0020, 0x0020, 0x0020, 0x0020, 0x0020,
  0x0020, 0x0020, 0x0020, 0x0020, 0x0020, 0x0020, 0x0020, 0x0020, 0x0020, 0x0020, 0x0020, 0x0020,
  0x0020, 0x0020, 0x0020, 0x0020, 0x0020, 0x0020, 0x0020, 0x0041, 0x0000, 0x9471, 0xFFBC, 0xE6B8,
  0xEED9, 0xE6B8, 0xD636, 0xCDF6, 0xD637, 0xDE98, 0xDE98, 0xC5B5, 0x9450, 0x5AAA, 0x31A6, 0x2965,
  0x31A7, 0x4208, 0x4229, 0x4228, 0x39E8, 0x39E7, 0x39E8, 0x3A08, 0x39E8, 0x3A08, 0x3A08, 0x3A08,
  0x39E8, 0x39E7, 0x39E8, 0x39E8, 0x3A08, 0x4208, 0x3A08, 0x3A08, 0x4208, 0x4208, 0x39E8, 0x31A7,
  0x2145, 0x39C7, 0x6B2C, 0xA4F2, 0xD637, 0xCE16, 0x9CB1, 0x4A68, 0x1082, 0x0000, 0x0000, 0x0000,
  0x0020, 0x0041, 0x0021, 0x0020, 0x0020, 0x0020, 0x0020, 0x0020, 0x0020, 0x0020, 0x0020, 0x0020,
  0x0020, 0x0020, 0x0020, 0x0020, 0x0020, 0x0020, 0x0020, 0x0020, 0x0020, 0x0020, 0x0020, 0x0020,
  0x0020, 0x0020, 0x0020, 0x0020, 0x0020, 0x0020, 0x0020, 0x0020, 0x0020, 0x0020, 0x0020, 0x0020,
  0x0020, 0x0020, 0x0020, 0x0020, 0x0020, 0x0020, 0x0020, 0x0020, 0x0020, 0x0020, 0x0020, 0x0020,
  0x0020, 0x0020, 0x0020, 0x0020, 0x0020, 0x0020, 0x0020, 0x0020, 0x0020, 0x0020, 0x0020, 0x0020,
  0x0020, 0x0020, 0x0020, 0x0020, 0x0020, 0x0020, 0x0020, 0x0020, 0x0020, 0x0020, 0x0020, 0x0020,
  0x0020, 0x0020, 0x0020, 0x0020, 0x0020, 0x0020, 0x0020, 0x0020, 0x0020, 0x0020, 0x0020, 0x0020,
  0x0020, 0x0020, 0x0020, 0x0020, 0x0020, 0x0020, 0x0020, 0x0020, 0x0020, 0x0020, 0x0020, 0x0020,
  0x0020, 0x0020, 0x0020, 0x0020, 0x0020, 0x0020, 0x0020, 0x0020, 0x0020, 0x0020, 0x0020, 0x0020,
  0x0000, 0xBD95, 0xF719, 0xEED9, 0xEED9, 0xF719, 0xFF3A, 0xF719, 0xEED9, 0xDE98, 0xD637, 0xD636,
  0xD657, 0xDE77, 0xCE16, 0xA4F2, 0x6B4C, 0x39E7, 0x2945, 0x2986, 0x39E7, 0x4229, 0x4229, 0x3A08,
  0x39E7, 0x3A08, 0x4228, 0x4208, 0x3A08, 0x3A08, 0x3A08, 0x39E8, 0x39E8, 0x39E7, 0x39E8, 0x3A08,
  0x4208, 0x3A08, 0x3A08, 0x3A08, 0x4208, 0x4208, 0x31A7, 0x2945, 0x3186, 0x52AA, 0x9470, 0xCE16,
  0xD657, 0xAD33, 0x630B, 0x2103, 0x0000, 0x0000, 0x0000, 0x0020, 0x0041, 0x0021, 0x0020, 0x0020,
  0x0020, 0x0020, 0x0020, 0x0020, 0x0020, 0x0020, 0x0020, 0x0020, 0x0020, 0x0020, 0x0020, 0x0020,
  0x0020, 0x0020, 0x0020, 0x0020, 0x0020, 0x0020, 0x0020, 0x0020, 0x0020, 0x0020, 0x0020, 0x0020,
  0x0020, 0x0020, 0x0020, 0x0020, 0x0020, 0x0020, 0x0020, 0x0020, 0x0020, 0x0020, 0x0020, 0x0020,
  0x0020, 0x0020, 0x0020, 0x0020, 0x0020, 0x0020, 0x0020, 0x0020, 0x0020, 0x0020, 0x0020, 0x0020,
  0x0020, 0x0020, 0x0020, 0x0020, 0x0020, 0x0020, 0x0020, 0x0020, 0x0020, 0x0020, 0x0020, 0x0020,
  0x0020, 0x0020, 0x0020, 0x0020, 0x0020, 0x0020, 0x0020, 0x0020, 0x0020, 0x0020, 0x0020, 0x0020,
  0x0020, 0x0020, 0x0020, 0x0020, 0x0020, 0x0020, 0x0020, 0x0020, 0x0020, 0x0020, 0x0020, 0x0020,
  0x0020, 0x0020, 0x0020, 0x0020, 0x0020, 0x0020, 0x0020, 0x0020, 0x0020, 0x0020, 0x0020, 0x0020,
  0x0020, 0x0020, 0x0020, 0x0020, 0x0000, 0xB574, 0xF75A, 0xD636, 0x5ACA, 0x736C, 0xAD12, 0xDEB8,
  0xFF5A, 0xF73A, 0xF719, 0xEEF9, 0xE6B8, 0xDE57, 0xD637, 0xD657, 0xDE77, 0xD657, 0xB553, 0x7BCE,
  0x4A48, 0x3186, 0x2986, 0x31A7, 0x4208, 0x4228, 0x4208, 0x4208, 0x3A08, 0x3A08, 0x3A08, 0x39E8,
  0x3A08, 0x39E8, 0x39E8, 0x39E8, 0x39E7, 0x39E8, 0x3A08, 0x3A08, 0x3A08, 0x39E8, 0x39E8, 0x4208,
  0x4208, 0x31C7, 0x2945, 0x2945, 0x4A48, 0x83EE, 0xBDB5, 0xD677, 0xBDB5, 0x7BAD, 0x3185, 0x0000,
  0x0000, 0x0000, 0x0000, 0x0021, 0x0021, 0x0020, 0x0020, 0x0020, 0x0020, 0x0020, 0x0020, 0x0020,
  0x0020, 0x0020, 0x0020, 0x0020, 0x0020, 0x0020, 0x0020, 0x0020, 0x0020, 0x0020, 0x0020, 0x0020,
  0x0020, 0x0020, 0x0020, 0x0020, 0x0020, 0x0020, 0x0020, 0x0020, 0x0020, 0x0020, 0x0020, 0x0020,
  0x0020, 0x0020, 0x0020, 0x0020, 0x0020, 0x0020, 0x0020, 0x0020, 0x0020, 0x0020, 0x0020, 0x0020,
  0x0020, 0x0020, 0x0020, 0x0020, 0x0020, 0x0020, 0x0020, 0x0020, 0x0020, 0x0020, 0x0020, 0x0020,
  0x0020, 0x0020, 0x0020, 0x0020, 0x0020, 0x0020, 0x0020, 0x0020, 0x0020, 0x0020, 0x0020, 0x0020,
  0x0020, 0x0020, 0x0020, 0x0020, 0x0020, 0x0020, 0x0020, 0x0020, 0x0020, 0x0020, 0x0020, 0x0020,
  0x0020, 0x0020, 0x0020, 0x0020, 0x0020, 0x0020, 0x0020, 0x0020, 0x0020, 0x0020, 0x0020, 0x0020,
  0x0020, 0x0020, 0x0020, 0x0020, 0x0020, 0x0020, 0x0020, 0x0020, 0x0000, 0xB574, 0xFF7B, 0xA4F2,
  0x39C7, 0x4A49, 0x4A49, 0x39C7, 0x8C0F, 0xBD94, 0xE6B8, 0xF73A, 0xF73A, 0xF719, 0xEEF9, 0xE6B8,
  0xDE77, 0xD637, 0xD637, 0xD657, 0xD677, 0xC5D5, 0x9490, 0x5AEA, 0x31A6, 0x2945, 0x31A7, 0x3A08,
  0x4228, 0x4208, 0x39E7, 0x39E7, 0x3A08, 0x4208, 0x3A08, 0x39E8, 0x39E8, 0x3A08, 0x39E8, 0x39E7,
  0x39E8, 0x39E8, 0x3A08, 0x4208, 0x4208, 0x4208, 0x4208, 0x4208, 0x39E7, 0x2986, 0x2966, 0x39E7,
  0x736C, 0xB553, 0xD657, 0xCDF6, 0x9450, 0x4207, 0x0841, 0x0000, 0x0000, 0x0000, 0x0021, 0x0021,
  0x0020, 0x0020, 0x0020, 0x0020, 0x0020, 0x0020, 0x0020, 0x0020, 0x0020, 0x0020, 0x0020, 0x0020,
  0x0020, 0x0020, 0x0020, 0x0020, 0x0020, 0x0020, 0x0020, 0x0020, 0x0020, 0x0020, 0x0020, 0x0020,
  0x0020, 0x0020, 0x0020, 0x0020, 0x0020, 0x0020, 0x0020, 0x0020, 0x0020, 0x0020, 0x0020, 0x0020,
  0x0020, 0x0020, 0x0020, 0x0020, 0x0020, 0x0020, 0x0020, 0x0020, 0x0020, 0x0020, 0x0020, 0x0020,
  0x0020, 0x0020, 0x0020, 0x0020, 0x0020, 0x0020, 0x0020, 0x0020, 0x0020, 0x0020, 0x0020, 0x0020,
  0x0020, 0x0020, 0x0020, 0x0020, 0x0020, 0x0020, 0x0020, 0x0020, 0x0020, 0x0020, 0x0020, 0x0020,
  0x0020, 0x0020, 0x0020, 0x0020, 0x0020, 0x0020, 0x0020, 0x0020, 0x0020, 0x0020, 0x0020, 0x0020,
  0x0020, 0x0020, 0x0020, 0x0020, 0x0020, 0x0020, 0x0020, 0x0020, 0x0020, 0x0020, 0x0020, 0x0020,
  0x0000, 0xB574, 0xFF7B, 0xAD33, 0x31A6, 0x31A6, 0x31C7, 0x2986, 0x39C7, 0x4228, 0x52AA, 0x7BAD,
  0xAD33, 0xDE77, 0xF71A, 0xF73A, 0xF719, 0xEEF9, 0xE6D9, 0xE6D8, 0xDE98, 0xCE16, 0xD636, 0xDE77,
  0xCE36, 0xAD13, 0x734C, 0x4208, 0x2965, 0x2966, 0x39C7, 0x4229, 0x4228, 0x39E8, 0x39E7, 0x39E8,
  0x4228, 0x3A08, 0x4208, 0x4208, 0x3A08, 0x39E8, 0x39E7, 0x39E7, 0x39E7, 0x3A08, 0x3A08, 0x3A08,
  0x39E8, 0x4208, 0x4228, 0x4208, 0x31A7, 0x2145, 0x31A6, 0x62EB, 0xA4D2, 0xD637, 0xD657, 0xA4D1,
  0x5AA9, 0x18C3, 0x0000, 0x0000, 0x0021, 0x0020, 0x0020, 0x0020, 0x0020, 0x0020, 0x0020, 0x0020,
  0x0020, 0x0020, 0x0020, 0x0020, 0x0020, 0x0020, 0x0020, 0x0020, 0x0020, 0x0020, 0x0020, 0x0020,
  0x0020, 0x0020, 0x0020, 0x0020, 0x0020, 0x0020, 0x0020, 0x0020, 0x0020, 0x0020, 0x0020, 0x0020,
  0x0020, 0x0020, 0x0020, 0x0020, 0x0020, 0x0020, 0x0020, 0x0020, 0x0020, 0x0020, 0x0020, 0x0020,
  0x0020, 0x0020, 0x0020, 0x0020, 0x0020, 0x0020, 0x0020, 0x0020, 0x0020, 0x0020, 0x0020, 0x0020,
  0x0020, 0x0020, 0x0020, 0x0020, 0x0020, 0x0020, 0x0020, 0x0020, 0x0020, 0x0020, 0x0020, 0x0020,
  0x0020, 0x0020, 0x0020, 0x0020, 0x0020, 0x0020, 0x0020, 0x0020, 0x0020, 0x0020, 0x0020, 0x0020,
  0x0020, 0x0020, 0x0020, 0x0020, 0x0020, 0x0020, 0x0020, 0x0020, 0x0020, 0x0020, 0x0020, 0x0020,
  0x0020, 0x0020, 0x0020, 0x0020, 0x0000, 0xB574, 0xFF9B, 0xAD13, 0x39C7, 0x2965, 0x20A1, 0x20E3,
  0x1925, 0x29C7, 0x39E8, 0x3A08, 0x39E7, 0x4A48, 0x6B4C, 0xA4D2, 0xD637, 0xEEF9, 0xFF7B, 0xBD94,
  0xC5D5, 0xEEF9, 0xEEF9, 0xE6B8, 0xD657, 0xCE16, 0xD657, 0xD657, 0xB574, 0x83EE, 0x4A69, 0x3186,
  0x2966, 0x31C7, 0x4229, 0x4249, 0x4208, 0x39E8, 0x39E8, 0x3A08, 0x3A08, 0x4208, 0x3A08, 0x39E7,
  0x39E7, 0x39E8, 0x39E8, 0x3A08, 0x3A08, 0x3A08, 0x3A08, 0x39E8, 0x39E8, 0x4208, 0x4228, 0x39E8,
  0x2966, 0x2966, 0x5289, 0x8C2F, 0xC5F6, 0xD678, 0xB553, 0x4207, 0x0000, 0x0020, 0x0020, 0x0020,
  0x0020, 0x0020, 0x0020, 0x0020, 0x0020, 0x0020, 0x0020, 0x0020, 0x0020, 0x0020, 0x0020, 0x0020,
  0x0020, 0x0020, 0x0020, 0x0020, 0x0020, 0x0020, 0x0020, 0x0020, 0x0020, 0x0020, 0x0020, 0x0020,
  0x0020, 0x0020, 0x0020, 0x0020, 0x0020, 0x0020, 0x0020, 0x0020, 0x0020, 0x0020, 0x0020, 0x0020,
  0x0020, 0x0020, 0x0020, 0x0020, 0x0020, 0x0020, 0x0020, 0x0020, 0x0020, 0x0020, 0x0020, 0x0020,
  0x0020, 0x0020, 0x0020, 0x0020, 0x0020, 0x0020, 0x0020, 0x0020, 0x0020, 0x0020, 0x0020, 0x0020,
  0x0020, 0x0020, 0x0020, 0x0020, 0x0020, 0x0020, 0x0020, 0x0020, 0x0020, 0x0020, 0x0020, 0x0020,
  0x0020, 0x0020, 0x0020, 0x0020, 0x0020, 0x0020, 0x0020, 0x0020, 0x0020, 0x0020, 0x0020, 0x0020,
  0x0020, 0x0020, 0x0020, 0x0020, 0x0020, 0x0020, 0x0020, 0x0020, 0x0000, 0xB574, 0xFF7B, 0xAD33,
  0x39E7, 0x1904, 0x7202, 0xC3A6, 0x92A4, 0x4962, 0x20E2, 0x18E4, 0x2166, 0x31E8, 0x39E7, 0x31C7,
  0x4208, 0x62EB, 0x9CB1, 0x4208, 0x31A7, 0x4A69, 0x83EF, 0xBD74, 0xE698, 0xEF19, 0xE6B8, 0xD637,
  0xCE16, 0xD657, 0xDE78, 0xC5D5, 0x9450, 0x5ACA, 0x39C7, 0x2966, 0x3186, 0x3A08, 0x4228, 0x3A08,
  0x3A08, 0x3A08, 0x3A08, 0x4208, 0x3A08, 0x39E8, 0x3A08, 0x4208, 0x39E8, 0x39E8, 0x39E8, 0x39C7,
  0x39E7, 0x3A08, 0x4208, 0x3A08, 0x4208, 0x4208, 0x39C7, 0x2966, 0x2986, 0x41E7, 0xA4F2, 0xFFBC,
  0x62EA, 0x0000, 0x0020, 0x0020, 0x0020, 0x0020, 0x0020, 0x0020, 0x0020, 0x0020, 0x0020, 0x0020,
  0x0020, 0x0020, 0x0020, 0x0020, 0x0020, 0x0020, 0x0020, 0x0020, 0x0020, 0x0020, 0x0020, 0x0020,
  0x0020, 0x0020, 0x0020, 0x0020, 0x0020, 0x0020, 0x0020, 0x0020, 0x0020, 0x0020, 0x0020, 0x0020,
  0x0020, 0x0020, 0x0020, 0x0020, 0x0020, 0x0020, 0x0020, 0x0020, 0x0020, 0x0020, 0x0020, 0x0020,
  0x0020, 0x0020, 0x0020, 0x0020, 0x0020, 0x0020, 0x0020, 0x0020, 0x0020, 0x0020, 0x0020, 0x0020,
  0x0020, 0x0020, 0x0020, 0x0020, 0x0020, 0x0020, 0x0020, 0x0020, 0x0020, 0x0020, 0x0020, 0x0020,
  0x0020, 0x0020, 0x0020, 0x0020, 0x0020, 0x0020, 0x0020, 0x0020, 0x0020, 0x0020, 0x0020, 0x0020,
  0x0020, 0x0020, 0x0020, 0x0020, 0x0020, 0x0020, 0x0020, 0x0020, 0x0020, 0x0020, 0x0020, 0x0020,
  0x0000, 0xB574, 0xFF7B, 0xAD33, 0x39C7, 0x18E4, 0x92C4, 0xD468, 0xEC87, 0xEC67, 0xD3E6, 0x9AE4,
  0x61C3, 0x3102, 0x18E3, 0x2146, 0x29A7, 0x3A08, 0x39E8, 0x39C7, 0x4228, 0x31C7, 0x4228, 0x39C7,
  0x4228, 0x6B4C, 0xA4F2, 0xD657, 0xEF19, 0xEEF9, 0xDE57, 0xCE16, 0xD657, 0xDE77, 0xCE16, 0xAD12,
  0x736D, 0x39E7, 0x2945, 0x2986, 0x39E8, 0x4229, 0x4228, 0x4208, 0x3A08, 0x39E8, 0x3A08, 0x4208,
  0x3A08, 0x4208, 0x3A08, 0x3A08, 0x3A08, 0x39C7, 0x39C7, 0x3A08, 0x4208, 0x3A08, 0x39C7, 0x3A08,
  0x4A49, 0x39C7, 0x10C3, 0x736D, 0xDE98, 0x2124, 0x0000, 0x0021, 0x0020, 0x0020, 0x0020, 0x0020,
  0x0020, 0x0020, 0x0020, 0x0020, 0x0020, 0x0020, 0x0020, 0x0020, 0x0020, 0x0020, 0x0020, 0x0020,
  0x0020, 0x0020, 0x0020, 0x0020, 0x0020, 0x0020, 0x0020, 0x0020, 0x0020, 0x0020, 0x0020, 0x0020,
  0x0020, 0x0020, 0x0020, 0x0020, 0x0020, 0x0020, 0x0020, 0x0020, 0x0020, 0x0020, 0x0020, 0x0020,
  0x0020, 0x0020, 0x0020, 0x0020, 0x0020, 0x0020, 0x0020, 0x0020, 0x0020, 0x0020, 0x0020, 0x0020,
  0x0020, 0x0020, 0x0020, 0x0020, 0x0020, 0x0020, 0x0020, 0x0020, 0x0020, 0x0020, 0x0020, 0x0020,
  0x0020, 0x0020, 0x0020, 0x0020, 0x0020, 0x0020, 0x0020, 0x0020, 0x0020, 0x0020, 0x0020, 0x0020,
  0x0020, 0x0020, 0x0020, 0x0020, 0x0020, 0x0020, 0x0020, 0x0020, 0x0020, 0x0020, 0x0020, 0x0020,
  0x0020, 0x0020, 0x0020, 0x0020, 0x0000, 0xB574, 0xFF7B, 0xAD33, 0x39E7, 0x1905, 0x92A3, 0xD447,
  0xCC27, 0xEC87, 0xEC88, 0xF4C8, 0xF4A7, 0xDC06, 0xAB24, 0x61C3, 0x3922, 0x2104, 0x1925, 0x2166,
  0x39E8, 0x2986, 0x31A7, 0x31C7, 0x3A08, 0x39E8, 0x31C7, 0x4208, 0x62EB, 0x9450, 0xC5F5, 0xEEF9,
  0xF73A, 0xE6B8, 0xD636, 0xD657, 0xDE77, 0xD657, 0xB553, 0x7BCE, 0x4A48, 0x2965, 0x2966, 0x39E7,
  0x4229, 0x4229, 0x3A08, 0x39E8, 0x3A08, 0x4208, 0x4208, 0x3A08, 0x39E8, 0x39E7, 0x39C7, 0x39C7,
  0x39E7, 0x39E7, 0x4228, 0x4249, 0x2986, 0x31A6, 0x4229, 0x10A3, 0xAD12, 0x7B8D, 0x0000, 0x0021,
  0x0020, 0x0020, 0x0020, 0x0020, 0x0020, 0x0020, 0x0020, 0x0020, 0x0020, 0x0020, 0x0020, 0x0020,
  0x0020, 0x0020, 0x0020, 0x0020, 0x0020, 0x0020, 0x0020, 0x0020, 0x0020, 0x0020, 0x0020, 0x0020,
  0x0020, 0x0020, 0x0020, 0x0020, 0x0020, 0x0020, 0x0020, 0x0020, 0x0020, 0x0020, 0x0020, 0x0020,
  0x0020, 0x0020, 0x0020, 0x0020, 0x0020, 0x0020, 0x0020, 0x0020, 0x0020, 0x0020, 0x0020, 0x0020,
  0x0020, 0x0020, 0x0020, 0x0020, 0x0020, 0x0020, 0x0020, 0x0020, 0x0020, 0x0020, 0x0020, 0x0020,
  0x0020, 0x0020, 0x0020, 0x0020, 0x0020, 0x0020, 0x0020, 0x0020, 0x0020, 0x0020, 0x0020, 0x0020,
  0x0020, 0x0020, 0x0020, 0x0020, 0x0020, 0x0020, 0x0020, 0x0020, 0x0020, 0x0020, 0x0020, 0x0020,
  0x0020, 0x0020, 0x0020, 0x0020, 0x0020, 0x0020, 0x0020, 0x0020, 0x0000, 0xB574, 0xFF9B, 0xAD33,
  0x39E7, 0x1904, 0x8A83, 0xF4E8, 0xC428, 0xEC87, 0xE467, 0xE467, 0xE467, 0xEC87, 0xF4A7, 0xD448,
  0xDC27, 0xC365, 0x8223, 0x3922, 0x3A08, 0x2965, 0x2986, 0x2986, 0x2986, 0x2986, 0x31A7, 0x39C7,
  0x39C7, 0x31A7, 0x3A08, 0x52AA, 0x7BCE, 0xB553, 0xE6D9, 0xE6D8, 0xD636, 0xD657, 0xD657, 0xD657,
  0xD657, 0xBDB5, 0x9450, 0x5AAA, 0x31A6, 0x2966, 0x31C7, 0x4208, 0x4229, 0x4208, 0x39E8, 0x39E8,
  0x3A08, 0x4208, 0x39E8, 0x31C7, 0x39C7, 0x4A6A, 0x4228, 0x31A7, 0x39E8, 0x2986, 0x2986, 0x18E4,
  0x62CA, 0x7B8D, 0x0000, 0x0020, 0x0020, 0x0020, 0x0020, 0x0020, 0x0020, 0x0020, 0x0020, 0x0020,
  0x0020, 0x0020, 0x0020, 0x0020, 0x0020, 0x0020, 0x0020, 0x0020, 0x0020, 0x0020, 0x0020, 0x0020,
  0x0020, 0x0020, 0x0020, 0x0020, 0x0020, 0x0020, 0x0020, 0x0020, 0x0020, 0x0020, 0x0020, 0x0020,
  0x0020, 0x0020, 0x0020, 0x0020, 0x0020, 0x0020, 0x0020, 0x0020, 0x0020, 0x0020, 0x0020, 0x0020,
  0x0020, 0x0020, 0x0020, 0x0020, 0x0020, 0x0020, 0x0020, 0x0020, 0x0020, 0x0020, 0x0020, 0x0020,
  0x0020, 0x0020, 0x0020, 0x0020, 0x0020, 0x0020, 0x0020, 0x0020, 0x0020, 0x0020, 0x0020, 0x0020,
  0x0020, 0x0020, 0x0020, 0x0020, 0x0020, 0x0020, 0x0020, 0x0020, 0x0020, 0x0020, 0x0020, 0x0020,
  0x0020, 0x0020, 0x0020, 0x0020, 0x0020, 0x0020, 0x0020, 0x0020, 0x0020, 0x0020, 0x0020, 0x0020,
  0x0000, 0xB574, 0xFF7B, 0xB553, 0x39E7, 0x18E4, 0x8AA4, 0xFCC7, 0xCC48, 0xD448, 0xEC67, 0xE467,
  0xE467, 0xE467, 0xEC67, 0xD427, 0xD448, 0xF4A8, 0xFCC7, 0xA325, 0x31A7, 0x2966, 0x31A6, 0x2986,
  0x2986, 0x2986, 0x2986, 0x2966, 0x2986, 0x31A7, 0x39E7, 0x39E8, 0x2986, 0x3A08, 0x39C7, 0xCDF5,
  0xFF5A, 0xEED9, 0xE6B8, 0xDE77, 0xD636, 0xD636, 0xD657, 0xDE77, 0xCE16, 0xA4F2, 0x6B2C, 0x39E7,
  0x2966, 0x31A7, 0x39E8, 0x4228, 0x4208, 0x39C7, 0x39E7, 0x4229, 0x4229, 0x31A7, 0x3A08, 0x31C7,
  0x2125, 0x2966, 0x1904, 0x10A3, 0x4207, 0x7B6C, 0x0000, 0x0020, 0x0020, 0x0020, 0x0020, 0x0020,
  0x0020, 0x0020, 0x0020, 0x0020, 0x0020, 0x0020, 0x0020, 0x0020, 0x0020, 0x0020, 0x0020, 0x0020,
  0x0020, 0x0020, 0x0020, 0x0020, 0x0020, 0x0020, 0x0020, 0x0020, 0x0020, 0x0020, 0x0020, 0x0020,
  0x0020, 0x0020, 0x0020, 0x0020, 0x0020, 0x0020, 0x0020, 0x0020, 0x0020, 0x0020, 0x0020, 0x0020,
  0x0020, 0x0020, 0x0020, 0x0020, 0x0020, 0x0020, 0x0020, 0x0020, 0x0020, 0x0020, 0x0020, 0x0020,
  0x0020, 0x0020, 0x0020, 0x0020, 0x0020, 0x0020, 0x0020, 0x0020, 0x0020, 0x0020, 0x0020, 0x0020,
  0x0020, 0x0020, 0x0020, 0x0020, 0x0020, 0x0020, 0x0020, 0x0020, 0x0020, 0x0020, 0x0020, 0x0020,
  0x0020, 0x0020, 0x0020, 0x0020, 0x0020, 0x0020, 0x0020, 0x0020, 0x0020, 0x0020, 0x0020, 0x0020,
  0x0020, 0x0020, 0x0020, 0x0020, 0x0000, 0xB574, 0xFF9B, 0xB554, 0x39E7, 0x1904, 0x92A4, 0xF4A8,
  0xE467, 0xBC08, 0xEC87, 0xEC67, 0xEC67, 0xE467, 0xEC67, 0xE467, 0xC408, 0xE467, 0xEC87, 0xB385,
  0x31C7, 0x31A6, 0x3186, 0x2986, 0x2986, 0x2986, 0x2986, 0x2986, 0x2986, 0x2986, 0x2986, 0x2145,
  0x39C7, 0x3A08, 0x1082, 0x736C, 0xD657, 0xEED9, 0xF71A, 0xF719, 0xEEF9, 0xE6B8, 0xDE97, 0xD637,
  0xD636, 0xD657, 0xDE77, 0xCE16, 0xAD33, 0x7BAD, 0x4A28, 0x2986, 0x2966, 0x4229, 0x4A69, 0x39E7,
  0x39C7, 0x31C7, 0x2125, 0x2966, 0x2124, 0x1904, 0x10C3, 0x0882, 0x4A07, 0x7B6C, 0x0000, 0x0020,
  0x0020, 0x0020, 0x0020, 0x0020, 0x0020, 0x0020, 0x0020, 0x0020, 0x0020, 0x0020, 0x0020, 0x0020,
  0x0020, 0x0020, 0x0020, 0x0020, 0x0020, 0x0020, 0x0020, 0x0020, 0x0020, 0x0020, 0x0020, 0x0020,
  0x0020, 0x0020, 0x0020, 0x0020, 0x0020, 0x0020, 0x0020, 0x0020, 0x0020, 0x0020, 0x0020, 0x0020,
  0x0020, 0x0020, 0x0020, 0x0020, 0x0020, 0x0020, 0x0020, 0x0020, 0x0020, 0x0020, 0x0020, 0x0020,
  0x0020, 0x0020, 0x0020, 0x0020, 0x0020, 0x0020, 0x0020, 0x0020, 0x0020, 0x0020, 0x0020, 0x0020,
  0x0020, 0x0020, 0x0020, 0x0020, 0x0020, 0x0020, 0x0020, 0x0020, 0x0020, 0x0020, 0x0020, 0x0020,
  0x0020, 0x0020, 0x0020, 0x0020, 0x0020, 0x0020, 0x0020, 0x0020, 0x0020, 0x0020, 0x0020, 0x0020,
  0x0020, 0x0020, 0x0020, 0x0020, 0x0020, 0x0020, 0x0020, 0x0020, 0x0000, 0xB574, 0xFF9B, 0xB553,
  0x39E8, 0x1904, 0x92A4, 0xF4A8, 0xEC67, 0xD428, 0xCC27, 0xEC87, 0xEC67, 0xEC67, 0xE467, 0xEC87,
  0xC407, 0xDC47, 0xEC87, 0xC3E6, 0x39C7, 0x31A7, 0x2986, 0x2986, 0x2986, 0x2986, 0x2986, 0x2986,
  0x2986, 0x2986, 0x3186, 0x2986, 0x31A6, 0x2966, 0x2965, 0x4228, 0x3A08, 0x5ACB, 0x8C2F, 0xBD94,
  0xE6B8, 0xF719, 0xF71A, 0xEEF9, 0xEED9, 0xE6B8, 0xD657, 0xCE16, 0xD637, 0xDE77, 0xDE77, 0xBD94,
  0x8C50, 0x39E7, 0x31A7, 0x3A08, 0x2145, 0x2965, 0x2945, 0x2124, 0x18E4, 0x10A2, 0x10A2, 0x0862,
  0x4A07, 0x7B8C, 0x0000, 0x0020, 0x0020, 0x0020, 0x0020, 0x0020, 0x0020, 0x0020, 0x0020, 0x0020,
  0x0020, 0x0020, 0x0020, 0x0020, 0x0020, 0x0020, 0x0020, 0x0020, 0x0020, 0x0020, 0x0020, 0x0020,
  0x0020, 0x0020, 0x0020, 0x0020, 0x0020, 0x0020, 0x0020, 0x0020, 0x0020, 0x0020, 0x0020, 0x0020,
  0x0020, 0x0020, 0x0020, 0x0020, 0x0020, 0x0020, 0x0020, 0x0020, 0x0020, 0x0020, 0x0020, 0x0020,
  0x0020, 0x0020, 0x0020, 0x0020, 0x0020, 0x0020, 0x0020, 0x0020, 0x0020, 0x0020, 0x0020, 0x0020,
  0x0020, 0x0020, 0x0020, 0x0020, 0x0020, 0x0020, 0x0020, 0x0020, 0x0020, 0x0020, 0x0020, 0x0020,
  0x0020, 0x0020, 0x0020, 0x0020, 0x0020, 0x0020, 0x0020, 0x0020, 0x0020, 0x0020, 0x0020, 0x0020,
  0x0020, 0x0020, 0x0020, 0x0020, 0x0020, 0x0020, 0x0020, 0x0020, 0x0020, 0x0020, 0x0020, 0x0020,
  0x0000, 0xB574, 0xFF7B, 0xB553, 0x39E7, 0x1904, 0x92A4, 0xF4A8, 0xE467, 0xEC88, 0xC428, 0xE467,
  0xEC67, 0xE467, 0xE467, 0xEC87, 0xD427, 0xCC28, 0xEC88, 0xDC26, 0x41E6, 0x31A7, 0x2966, 0x31A7,
  0x2986, 0x2986, 0x2986, 0x2986, 0x2986, 0x2986, 0x3186, 0x2986, 0x31C7, 0x2966, 0x10C3, 0x2166,
  0x31C7, 0x31E8, 0x39E8, 0x39E8, 0x5289, 0x7BCE, 0xB553, 0xDE98, 0xF719, 0xF71A, 0xEEF9, 0xEED8,
  0xE698, 0xDE57, 0xD637, 0xD637, 0xDEB9, 0xE6D9, 0x5269, 0x18E4, 0x2986, 0x2125, 0x2124, 0x10A2,
  0x10A2, 0x10A2, 0x10A3, 0x0862, 0x4A07, 0x7B6C, 0x0000, 0x0020, 0x0020, 0x0020, 0x0020, 0x0020,
  0x0020, 0x0020, 0x0020, 0x0020, 0x0020, 0x0020, 0x0020, 0x0020, 0x0020, 0x0020, 0x0020, 0x0020,
  0x0020, 0x0020, 0x0020, 0x0020, 0x0020, 0x0020, 0x0020, 0x0020, 0x0020, 0x0020, 0x0020, 0x0020,
  0x0020, 0x0020, 0x0020, 0x0020, 0x0020, 0x0020, 0x0020, 0x0020, 0x0020, 0x0020, 0x0020, 0x0020,
  0x0020, 0x0020, 0x0020, 0x0020, 0x0020, 0x0020, 0x0020, 0x0020, 0x0020, 0x0020, 0x0020, 0x0020,
  0x0020, 0x0020, 0x0020, 0x0020, 0x0020, 0x0020, 0x0020, 0x0020, 0x0020, 0x0020, 0x0020, 0x0020,
  0x0020, 0x0020, 0x0020, 0x0020, 0x0020, 0x0020, 0x0020, 0x0020, 0x0020, 0x0020, 0x0020, 0x0020,
  0x0020, 0x0020, 0x0020, 0x0020, 0x0020, 0x0020, 0x0020, 0x0020, 0x0020, 0x0020, 0x0020, 0x0020,
  0x0020, 0x0020, 0x0020, 0x0020, 0x0000, 0xB574, 0xFF7B, 0xB574, 0x3A08, 0x1904, 0x92A4, 0xF4A8,
  0xE467, 0xEC87, 0xDC68, 0xCC28, 0xEC67, 0xE467, 0xE467, 0xE467, 0xE467, 0xC408, 0xE468, 0xE467,
  0x5225, 0x31C8, 0x2965, 0x31A7, 0x2986, 0x2986, 0x2986, 0x2986, 0x2986, 0x2986, 0x2986, 0x2966,
  0x39C7, 0x1925, 0x2081, 0x7165, 0x38E3, 0x20C3, 0x2145, 0x2986, 0x31C7, 0x39E8, 0x39C7, 0x4A28,
  0x736C, 0xA4D2, 0xD636, 0xEED8, 0xF719, 0xFF5A, 0xF719, 0xEEF9, 0xCDF6, 0xC5D5, 0xDE77, 0x2124,
  0x2145, 0x18C3, 0x10A2, 0x10A2, 0x10A3, 0x10A3, 0x10A3, 0x0862, 0x4207, 0x7B6C, 0x0000, 0x0021,
  0x0020, 0x0020, 0x0020, 0x0020, 0x0020, 0x0020, 0x0020, 0x0020, 0x0020, 0x0020, 0x0020, 0x0020,
  0x0020, 0x0020, 0x0020, 0x0020, 0x0020, 0x0020, 0x0020, 0x0020, 0x0020, 0x0020, 0x0020, 0x0020,
  0x0020, 0x0020, 0x0020, 0x0020, 0x0020, 0x0020, 0x0020, 0x0020, 0x0020, 0x0020, 0x0020, 0x0020,
  0x0020, 0x0020, 0x0020, 0x0020, 0x0020, 0x0020, 0x0020, 0x0020, 0x0020, 0x0020, 0x0020, 0x0020,
  0x0020, 0x0020, 0x0020, 0x0020, 0x0020, 0x0020, 0x0020, 0x0020, 0x0020, 0x0020, 0x0020, 0x0020,
  0x0020, 0x0020, 0x0020, 0x0020, 0x0020, 0x0020, 0x0020, 0x0020, 0x0020, 0x0020, 0x0020, 0x0020,
  0x0020, 0x0020, 0x0020, 0x0020, 0x0020, 0x0020, 0x0020, 0x0020, 0x0020, 0x0020, 0x0020, 0x0020,
  0x0020, 0x0020, 0x0020, 0x0020, 0x0020, 0x0020, 0x0020, 0x0020, 0x0000, 0xB574, 0xFF9B, 0xAD13,
  0x31A6, 0x1904, 0x92A4, 0xF4A8, 0xE467, 0xEC67, 0xEC88, 0xC408, 0xE467, 0xEC67, 0xEC67, 0xE467,
  0xEC87, 0xCC28, 0xDC47, 0xF4A7, 0x6A65, 0x29C8, 0x2965, 0x31A7, 0x2986, 0x3186, 0x3186, 0x2986,
  0x2986, 0x2986, 0x2986, 0x2966, 0x39E8, 0x1104, 0x5103, 0xEB2B, 0xD2A9, 0xB227, 0x7185, 0x40E3,
  0x28E3, 0x1904, 0x2186, 0x31C7, 0x39E8, 0x39E7, 0x4A49, 0x5289, 0x6B4C, 0xAD12, 0xD656, 0xEED8,
  0xF6F9, 0xC5B4, 0xDE77, 0x630B, 0x0861, 0x18C3, 0x10A3, 0x10A2, 0x10A2, 0x10A2, 0x10A3, 0x0862,
  0x4A07, 0x7B8C, 0x0000, 0x0021, 0x0020, 0x0020, 0x0020, 0x0020, 0x0020, 0x0020, 0x0020, 0x0020,
  0x0020, 0x0020, 0x0020, 0x0020, 0x0020, 0x0020, 0x0020, 0x0020, 0x0020, 0x0020, 0x0020, 0x0020,
  0x0020, 0x0020, 0x0020, 0x0020, 0x0020, 0x0020, 0x0020, 0x0020, 0x0020, 0x0020, 0x0020, 0x0020,
  0x0020, 0x0020, 0x0020, 0x0020, 0x0020, 0x0020, 0x0020, 0x0020, 0x0020, 0x0020, 0x0020, 0x0020,
  0x0020, 0x0020, 0x0020, 0x0020, 0x0020, 0x0020, 0x0020, 0x0020, 0x0020, 0x0020, 0x0020, 0x0020,
  0x0020, 0x0020, 0x0020, 0x0020, 0x0020, 0x0020, 0x0020, 0x0020, 0x0020, 0x0020, 0x0020, 0x0020,
  0x0020, 0x0020, 0x0020, 0x0020, 0x0020, 0x0020, 0x0020, 0x0020, 0x0020, 0x0020, 0x0020, 0x0020,
  0x0020, 0x0020, 0x0020, 0x0020, 0x0020, 0x0020, 0x0020, 0x0020, 0x0020, 0x0020, 0x0020, 0x0020,
  0x0000, 0xB574, 0xFF9B, 0x8C2F, 0x2965, 0x18E4, 0x92A4, 0xF4C8, 0xE467, 0xE467, 0xEC87, 0xDC48,
  0xCC28, 0xEC87, 0xE467, 0xE467, 0xEC87, 0xDC47, 0xCC28, 0xF4C8, 0x7AA5, 0x31C8, 0x2966, 0x31A7,
  0x2986, 0x31A6, 0x3186, 0x2986, 0x2986, 0x31A6, 0x2986, 0x2986, 0x39E8, 0x08A3, 0x6944, 0xE30A,
  0xD2C9, 0xE2EA, 0xB2A9, 0xD30A, 0xC288, 0x91C6, 0x5124, 0x28C3, 0x1904, 0x2166, 0x31E8, 0x31E7,
  0x39C7, 0x39E8, 0x3A08, 0xAD12, 0xF71A, 0xDE98, 0xB532, 0x62EA, 0x0861, 0x18C3, 0x10A3, 0x10A2,
  0x10A2, 0x10A2, 0x10A3, 0x0862, 0x4A27, 0x7B8C, 0x0000, 0x0021, 0x0020, 0x0020, 0x0020, 0x0020,
  0x0020, 0x0020, 0x0020, 0x0020, 0x0020, 0x0020, 0x0020, 0x0020, 0x0020, 0x0020, 0x0020, 0x0020,
  0x0020, 0x0020, 0x0020, 0x0020, 0x0020, 0x0020, 0x0020, 0x0020, 0x0020, 0x0020, 0x0020, 0x0020,
  0x0020, 0x0020, 0x0020, 0x0020, 0x0020, 0x0020, 0x0020, 0x0020, 0x0020, 0x0020, 0x0020, 0x0020,
  0x0020, 0x0020, 0x0020, 0x0020, 0x0020, 0x0020, 0x0020, 0x0020, 0x0020, 0x0020, 0x0020, 0x0020,
  0x0020, 0x0020, 0x0020, 0x0020, 0x0020, 0x0020, 0x0020, 0x0020, 0x0020, 0x0020, 0x0020, 0x0020,
  0x0020, 0x0020, 0x0020, 0x0020, 0x0020, 0x0020, 0x0020, 0x0020, 0x0020, 0x0020, 0x0020, 0x0020,
  0x0020, 0x0020, 0x0020, 0x0020, 0x0020, 0x0020, 0x0020, 0x0020, 0x0020, 0x0020, 0x0020, 0x0020,
  0x0020, 0x0020, 0x0020, 0x0020, 0x0000, 0xB574, 0xFF9B, 0x9470, 0x4A49, 0x10C3, 0x8A83, 0xFCC8,
  0xE467, 0xEC67, 0xE467, 0xEC87, 0xC408, 0xE468, 0xEC87, 0xE467, 0xEC67, 0xE467, 0xC428, 0xF4A8,
  0x9B05, 0x31C8, 0x2986, 0x2986, 0x2986, 0x2986, 0x2986, 0x2986, 0x2986, 0x31A6, 0x2986, 0x2986,
  0x39C7, 0x0882, 0x89A6, 0xE30A, 0xDB0A, 0xC2A9, 0xB2C9, 0xE30A, 0xDB0A, 0xE30A, 0xE30A, 0xCAA9,
  0xA1E6, 0x6964, 0x38E3, 0x20E4, 0x1925, 0x31C7, 0x2125, 0x630B, 0xFF5B, 0xDEB8, 0xA4D1, 0x5AA9,
  0x0862, 0x18C3, 0x10A3, 0x10A2, 0x10A2, 0x10A2, 0x10A3, 0x0882, 0x4A07, 0x7B8C, 0x0000, 0x0021,
  0x0020, 0x0020, 0x0020, 0x0020, 0x0020, 0x0020, 0x0020, 0x0020, 0x0020, 0x0020, 0x0020, 0x0020,
  0x0020, 0x0020, 0x0020, 0x0020, 0x0020, 0x0020, 0x0020, 0x0020, 0x0020, 0x0020, 0x0020, 0x0020,
  0x0020, 0x0020, 0x0020, 0x0020, 0x0020, 0x0020, 0x0020, 0x0020, 0x0020, 0x0020, 0x0020, 0x0020,
  0x0020, 0x0020, 0x0020, 0x0020, 0x0020, 0x0020, 0x0020, 0x0020, 0x0020, 0x0020, 0x0020, 0x0020,
  0x0020, 0x0020, 0x0020, 0x0020, 0x0020, 0x0020, 0x0020, 0x0020, 0x0020, 0x0020, 0x0020, 0x0020,
  0x0020, 0x0020, 0x0020, 0x0020, 0x0020, 0x0020, 0x0020, 0x0020, 0x0020, 0x0020, 0x0020, 0x0020,
  0x0020, 0x0020, 0x0020, 0x0020, 0x0020, 0x0020, 0x0020, 0x0020, 0x0020, 0x0020, 0x0020, 0x0020,
  0x0020, 0x0020, 0x0020, 0x0020, 0x0020, 0x0020, 0x0020, 0x0020, 0x0000, 0xB574, 0xFF9B, 0x9CB1,
  0x2945, 0x2966, 0x61E3, 0xEC67, 0xEC87, 0xE467, 0xE467, 0xEC87, 0xDC68, 0xC428, 0xEC87, 0xE467,
  0xE467, 0xEC87, 0xCC28, 0xE468, 0xAB45, 0x31C7, 0x2966, 0x2986, 0x2986, 0x2986, 0x2986, 0x2986,
  0x3186, 0x31A6, 0x2986, 0x31A7, 0x31A7, 0x1082, 0xAA07, 0xDB0A, 0xDAEA, 0xAA88, 0xD30A, 0xDAEA,
  0xDAEA, 0xDAEA, 0xDAEA, 0xDB0A, 0xE30A, 0xE32A, 0xD2C9, 0xB227, 0x5924, 0x3186, 0x1925, 0x62EA,
  0xFF5A, 0xE6B8, 0xA4D1, 0x5AA9, 0x0861, 0x10C3, 0x10A3, 0x10A2, 0x10A2, 0x10A2, 0x10A3, 0x0882,
  0x4A07, 0x7B6C, 0x0000, 0x0021, 0x0020, 0x0020, 0x0020, 0x0020, 0x0020, 0x0020, 0x0020, 0x0020,
  0x0020, 0x0020, 0x0020, 0x0020, 0x0020, 0x0020, 0x0020, 0x0020, 0x0020, 0x0020, 0x0020, 0x0020,
  0x0020, 0x0020, 0x0020, 0x0020, 0x0020, 0x0020, 0x0020, 0x0020, 0x0020, 0x0020, 0x0020, 0x0020,
  0x0020, 0x0020, 0x0020, 0x0020, 0x0020, 0x0020, 0x0020, 0x0020, 0x0020, 0x0020, 0x0020, 0x0020,
  0x0020, 0x0020, 0x0020, 0x0020, 0x0020, 0x0020, 0x0020, 0x0020, 0x0020, 0x0020, 0x0020, 0x0020,
  0x0020, 0x0020, 0x0020, 0x0020, 0x0020, 0x0020, 0x0020, 0x0020, 0x0020, 0x0020, 0x0020, 0x0020,
  0x0020, 0x0020, 0x0020, 0x0020, 0x0020, 0x0020, 0x0020, 0x0020, 0x0020, 0x0020, 0x0020, 0x0020,
  0x0020, 0x0020, 0x0020, 0x0020, 0x0020, 0x0020, 0x0020, 0x0020, 0x0020, 0x0020, 0x0020, 0x0020,
  0x0000, 0xB574, 0xF71A, 0xEED8, 0x5AAA, 0x31C7, 0x2945, 0xAB66, 0xECA8, 0xEC87, 0xE467, 0xE467,
  0xEC87, 0xC408, 0xDC68, 0xEC67, 0xE467, 0xE467, 0xD427, 0xD448, 0xD407, 0x39C7, 0x2986, 0x31A6,
  0x31A7, 0x3186, 0x31A6, 0x31A6, 0x3186, 0x31A6, 0x2986, 0x39C7, 0x2166, 0x2082, 0xC288, 0xE30A,
  0xC2A9, 0xB2E9, 0xE30A, 0xDAEA, 0xDAEA, 0xDB0A, 0xDAEA, 0xDAEA, 0xD2EA, 0xDB0A, 0xDAEA, 0xB2C9,
  0xBB0A, 0x41A6, 0x1925, 0x62EA, 0xFF5A, 0xE6B8, 0xA4D1, 0x62A9, 0x0841, 0x10C3, 0x10A3, 0x10A2,
  0x10A2, 0x10A2, 0x10A3, 0x0882, 0x4A07, 0x7B6C, 0x0000, 0x0020, 0x0020, 0x0020, 0x0020, 0x0020,
  0x0020, 0x0020, 0x0020, 0x0020, 0x0020, 0x0020, 0x0020, 0x0020, 0x0020, 0x0020, 0x0020, 0x0020,
  0x0020, 0x0020, 0x0020, 0x0020, 0x0020, 0x0020, 0x0020, 0x0020, 0x0020, 0x0020, 0x0020, 0x0020,
  0x0020, 0x0020, 0x0020, 0x0020, 0x0020, 0x0020, 0x0020, 0x0020, 0x0020, 0x0020, 0x0020, 0x0020,
  0x0020, 0x0020, 0x0020, 0x0020, 0x0020, 0x0020, 0x0020, 0x0020, 0x0020, 0x0020, 0x0020, 0x0020,
  0x0020, 0x0020, 0x0020, 0x0020, 0x0020, 0x0020, 0x0020, 0x0020, 0x0020, 0x0020, 0x0020, 0x0020,
  0x0020, 0x0020, 0x0020, 0x0020, 0x0020, 0x0020, 0x0020, 0x0020, 0x0020, 0x0020, 0x0020, 0x0020,
  0x0020, 0x0020, 0x0020, 0x0020, 0x0020, 0x0020, 0x0020, 0x0020, 0x0020, 0x0020, 0x0020, 0x0020,
  0x0020, 0x0020, 0x0020, 0x0020, 0x0000, 0xB594, 0xF719, 0xF73A, 0x9450, 0x2966, 0x20E3, 0xBBC7,
  0xC428, 0xEC87, 0xE487, 0xE467, 0xEC67, 0xE488, 0xC428, 0xEC67, 0xEC87, 0xF4A7, 0xE446, 0xBBE7,
  0xAB66, 0x3985, 0x2986, 0x2965, 0x2986, 0x2966, 0x3186, 0x31A6, 0x31A7, 0x31A7, 0x2965, 0x39E7,
  0x2145, 0x38C2, 0xD2C9, 0xDAEA, 0xAA89, 0xD32A, 0xDAEA, 0xDAEA, 0xDAEA, 0xDB0A, 0xDAEA, 0xDAEA,
  0xDB0A, 0xE30A, 0xAAA9, 0xC34B, 0xC2A9, 0x39A6, 0x1904, 0x62EA, 0xFF5A, 0xE6B8, 0xA4D1, 0x62A9,
  0x0861, 0x10A3, 0x10A2, 0x10A2, 0x10A2, 0x10A2, 0x10A3, 0x0882, 0x4A07, 0x7B6C, 0x0000, 0x0021,
  0x0020, 0x0020, 0x0020, 0x0020, 0x0020, 0x0020, 0x0020, 0x0020, 0x0020, 0x0020, 0x0020, 0x0020,
  0x0020, 0x0020, 0x0020, 0x0020, 0x0020, 0x0020, 0x0020, 0x0020, 0x0020, 0x0020, 0x0020, 0x0020,
  0x0020, 0x0020, 0x0020, 0x0020, 0x0020, 0x0020, 0x0020, 0x0020, 0x0020, 0x0020, 0x0020, 0x0020,
  0x0020, 0x0020, 0x0020, 0x0020, 0x0020, 0x0020, 0x0020, 0x0020, 0x0020, 0x0020, 0x0020, 0x0020,
  0x0020, 0x0020, 0x0020, 0x0020, 0x0020, 0x0020, 0x0020, 0x0020, 0x0020, 0x0020, 0x0020, 0x0020,
  0x0020, 0x0020, 0x0020, 0x0020, 0x0020, 0x0020, 0x0020, 0x0020, 0x0020, 0x0020, 0x0020, 0x0020,
  0x0020, 0x0020, 0x0020, 0x0020, 0x0020, 0x0020, 0x0020, 0x0020, 0x0020, 0x0020, 0x0020, 0x0020,
  0x0020, 0x0020, 0x0020, 0x0020, 0x0020, 0x0020, 0x0020, 0x0020, 0x0000, 0xB574, 0xF719, 0xF71A,
  0x8C2F, 0x2986, 0x20E3, 0xCBC6, 0xD448, 0xC407, 0xECA7, 0xE467, 0xE467, 0xEC88, 0xCC28, 0xE467,
  0xDC47, 0x9B26, 0x6246, 0x3185, 0x1904, 0x18E3, 0x10A3, 0x0861, 0x10A3, 0x10C3, 0x18E4, 0x2124,
  0x2965, 0x31A7, 0x2966, 0x39E8, 0x1924, 0x5103, 0xE2EA, 0xCAC9, 0xB2EA, 0xE30A, 0xDACA, 0xDAEA,
  0xDAEA, 0xDAEA, 0xDAEA, 0xDAEA, 0xE30A, 0xAAA9, 0xC32B, 0xE32A, 0xBA68, 0x39C7, 0x1925, 0x62CA,
  0xFF5A, 0xE6B9, 0xA4D1, 0x5AA9, 0x0862, 0x10A3, 0x10A2, 0x10A2, 0x10A2, 0x10A2, 0x10A3, 0x0882,
  0x4A07, 0x7B6C, 0x0000, 0x0021, 0x0020, 0x0020, 0x0020, 0x0020, 0x0020, 0x0020, 0x0020, 0x0020,
  0x0020, 0x0020, 0x0020, 0x0020, 0x0020, 0x0020, 0x0020, 0x0020, 0x0020, 0x0020, 0x0020, 0x0020,
  0x0020, 0x0020, 0x0020, 0x0020, 0x0020, 0x0020, 0x0020, 0x0020, 0x0020, 0x0020, 0x0020, 0x0020,
  0x0020, 0x0020, 0x0020, 0x0020, 0x0020, 0x0020, 0x0020, 0x0020, 0x0020, 0x0020, 0x0020, 0x0020,
  0x0020, 0x0020, 0x0020, 0x0020, 0x0020, 0x0020, 0x0020, 0x0020, 0x0020, 0x0020, 0x0020, 0x0020,
  0x0020, 0x0020, 0x0020, 0x0020, 0x0020, 0x0020, 0x0020, 0x0020, 0x0020, 0x0020, 0x0020, 0x0020,
  0x0020, 0x0020, 0x0020, 0x0020, 0x0020, 0x0020, 0x0020, 0x0020, 0x0020, 0x0020, 0x0020, 0x0020,
  0x0020, 0x0020, 0x0020, 0x0020, 0x0020, 0x0020, 0x0020, 0x0020, 0x0020, 0x0020, 0x0020, 0x0020,
  0x0000, 0xB574, 0xF719, 0xF73A, 0x8C2F, 0x2986, 0x20E3, 0xBB85, 0xF4C8, 0xC428, 0xD427, 0xEC87,
  0xE447, 0xECA8, 0xE467, 0x82C6, 0x41E6, 0x1925, 0x29A7, 0x5AEB, 0x8C0F, 0xA4D1, 0xB553, 0xB553,
  0xA4F2, 0x840F, 0x5AAA, 0x3186, 0x10A2, 0x10A3, 0x2966, 0x39E7, 0x08A2, 0x7985, 0xE30A, 0xAA89,
  0xD30A, 0xDACA, 0xDAEA, 0xDAEA, 0xDAEA, 0xDAEA, 0xDAEA, 0xE2EA, 0xAA89, 0xBB2B, 0xE30A, 0xDB0A,
  0xC288, 0x39C7, 0x1925, 0x62EA, 0xFF5B, 0xE6B8, 0xA4D1, 0x62A9, 0x0861, 0x10C3, 0x10A3, 0x10A2,
  0x10A3, 0x10A2, 0x10A3, 0x0862, 0x4A07, 0x7B6C, 0x0000, 0x0021, 0x0020, 0x0020, 0x0020, 0x0020,
  0x0020, 0x0020, 0x0020, 0x0020, 0x0020, 0x0020, 0x0020, 0x0020, 0x0020, 0x0020, 0x0020, 0x0020,
  0x0020, 0x0020, 0x0020, 0x0020, 0x0020, 0x0020, 0x0020, 0x0020, 0x0020, 0x0020, 0x0020, 0x0020,
  0x0020, 0x0020, 0x0020, 0x0020, 0x0020, 0x0020, 0x0020, 0x0020, 0x0020, 0x0020, 0x0020, 0x0020,
  0x0020, 0x0020, 0x0020, 0x0020, 0x0020, 0x0020, 0x0020, 0x0020, 0x0020, 0x0020, 0x0020, 0x0020,
  0x0020, 0x0020, 0x0020, 0x0020, 0x0020, 0x0020, 0x0020, 0x0020, 0x0020, 0x0020, 0x0020, 0x0020,
  0x0020, 0x0020, 0x0020, 0x0020, 0x0020, 0x0020, 0x0020, 0x0020, 0x0020, 0x0020, 0x0020, 0x0020,
  0x0020, 0x0020, 0x0020, 0x0020, 0x0020, 0x0020, 0x0020, 0x0020, 0x0020, 0x0020, 0x0020, 0x0020,
  0x0020, 0x0020, 0x0020, 0x0020, 0x0000, 0xB574, 0xF719, 0xF73A, 0x8C2F, 0x2966, 0x20E3, 0xC385,
  0xEC87, 0xEC88, 0xBBE7, 0xDC27, 0xF4C8, 0xCBE6, 0x5A46, 0x2986, 0x39C7, 0x9C70, 0xE6B8, 0xE6B9,
  0xC5D5, 0xAD12, 0xA4D1, 0xA4F2, 0xAD13, 0xBD94, 0xCE16, 0xD637, 0xAD33, 0x5ACA, 0x10C3, 0x10C3,
  0x0882, 0x91E6, 0xDAEA, 0xA268, 0xDAEA, 0xDAEA, 0xDAEA, 0xDAEA, 0xDAEA, 0xDB0A, 0xE30A, 0xB289,
  0xBB2B, 0xE30A, 0xD2EA, 0xDB0A, 0xC2A9, 0x39A7, 0x1904, 0x62EA, 0xFF7B, 0xDEB8, 0xA4D1, 0x62CA,
  0x0861, 0x10C3, 0x10A3, 0x10A2, 0x10A3, 0x10A2, 0x10A3, 0x0862, 0x4A07, 0x7B6C, 0x0000, 0x0021,
  0x0020, 0x0020, 0x0020, 0x0020, 0x0020, 0x0020, 0x0020, 0x0020, 0x0020, 0x0020, 0x0020, 0x0020,
  0x0020, 0x0020, 0x0020, 0x0020, 0x0020, 0x0020, 0x0020, 0x0020, 0x0020, 0x0020, 0x0020, 0x0020,
  0x0020, 0x0020, 0x0020, 0x0020, 0x0020, 0x0020, 0x0020, 0x0020, 0x0020, 0x0020, 0x0020, 0x0020,
  0x0020, 0x0020, 0x0020, 0x0020, 0x0020, 0x0020, 0x0020, 0x0020, 0x0020, 0x0020, 0x0020, 0x0020,
  0x0020, 0x0020, 0x0020, 0x0020, 0x0020, 0x0020, 0x0020, 0x0020, 0x0020, 0x0020, 0x0020, 0x0020,
  0x0020, 0x0020, 0x0020, 0x0020, 0x0020, 0x0020, 0x0020, 0x0020, 0x0020, 0x0020, 0x0020, 0x0020,
  0x0020, 0x0020, 0x0020, 0x0020, 0x0020, 0x0020, 0x0020, 0x0020, 0x0020, 0x0020, 0x0020, 0x0020,
  0x0020, 0x0020, 0x0020, 0x0020, 0x0020, 0x0020, 0x0020, 0x0020, 0x0000, 0xB594, 0xF719, 0xF73A,
  0x8C2F, 0x2986, 0x18E3, 0xC3A6, 0xEC87, 0xE467, 0xE488, 0xC3E7, 0xBBA6, 0x4A27, 0x2125, 0x7BAD,
  0xEEF9, 0xC5B5, 0x7BAD, 0x7BCE, 0x9C91, 0xB554, 0xBDB5, 0xBD94, 0xB574, 0xA4F2, 0x8C2F, 0x83EE,
  0x9CD1, 0xD657, 0xCDF5, 0x62EB, 0x10C3, 0x3145, 0x71A5, 0xD30A, 0xDB0A, 0xD2CA, 0xDAEA, 0xDAEA,
  0xDB0A, 0xE30A, 0xB289, 0xBB2B, 0xE30A, 0xD2EA, 0xD2EA, 0xDB0A, 0xC2A9, 0x39A7, 0x1905, 0x62EA,
  0xFF5A, 0xE6B9, 0xA4D1, 0x62A9, 0x0861, 0x10A3, 0x10A2, 0x10A2, 0x10A3, 0x10A2, 0x10A3, 0x0882,
  0x4A07, 0x736C, 0x0000, 0x0021, 0x0020, 0x0020, 0x0020, 0x0020, 0x0020, 0x0020, 0x0020, 0x0020,
  0x0020, 0x0020, 0x0020, 0x0020, 0x0020, 0x0020, 0x0020, 0x0020, 0x0020, 0x0020, 0x0020, 0x0020,
  0x0020, 0x0020, 0x0020, 0x0020, 0x0020, 0x0020, 0x0020, 0x0020, 0x0020, 0x0020, 0x0020, 0x0020,
  0x0020, 0x0020, 0x0020, 0x0020, 0x0020, 0x0020, 0x0020, 0x0020, 0x0020, 0x0020, 0x0020, 0x0020,
  0x0020, 0x0020, 0x0020, 0x0020, 0x0020, 0x0020, 0x0020, 0x0020, 0x0020, 0x0020, 0x0020, 0x0020,
  0x0020, 0x0020, 0x0020, 0x0020, 0x0020, 0x0020, 0x0020, 0x0020, 0x0020, 0x0020, 0x0020, 0x0020,
  0x0020, 0x0020, 0x0020, 0x0020, 0x0020, 0x0020, 0x0020, 0x0020, 0x0020, 0x0020, 0x0020, 0x0020,
  0x0020, 0x0020, 0x0020, 0x0020, 0x0020, 0x0020, 0x0020, 0x0020, 0x0020, 0x0020, 0x0020, 0x0021,
  0x0000, 0xBD95, 0xF719, 0xF73A, 0x8C2F, 0x2966, 0x18E3, 0xC3A6, 0xEC87, 0xE447, 0xF4C8, 0xC3C6,
  0x31A6, 0x2986, 0xAD33, 0xE6D8, 0x738D, 0x83EE, 0xCE16, 0xF73A, 0xFF5A, 0xF75A, 0xF73A, 0xF73A,
  0xF73A, 0xFF5A, 0xFF5B, 0xE6F9, 0xBD94, 0x83CE, 0x8C0F, 0xD657, 0xBD94, 0x39C6, 0x2145, 0x6A07,
  0xD2C9, 0xDAEA, 0xD2EA, 0xDAEA, 0xE30A, 0xBA89, 0xB30A, 0xE32A, 0xDAEA, 0xDAEA, 0xD2EA, 0xDB0A,
  0xC288, 0x39C7, 0x1925, 0x62EA, 0xFF5A, 0xE6B8, 0xACF2, 0x62A9, 0x0861, 0x10A3, 0x10A2, 0x10A2,
  0x10A2, 0x10A2, 0x10C3, 0x0882, 0x4A07, 0x736C, 0x0000, 0x0021, 0x0020, 0x0020, 0x0020, 0x0020,
  0x0020, 0x0020, 0x0020, 0x0020, 0x0020, 0x0020, 0x0020, 0x0020, 0x0020, 0x0020, 0x0020, 0x0020,
  0x0020, 0x0020, 0x0020, 0x0020, 0x0020, 0x0020, 0x0020, 0x0020, 0x0020, 0x0020, 0x0020, 0x0020,
  0x0020, 0x0020, 0x0020, 0x0020, 0x0020, 0x0020, 0x0020, 0x0020, 0x0020, 0x0020, 0x0020, 0x0020,
  0x0020, 0x0020, 0x0020, 0x0020, 0x0020, 0x0020, 0x0020, 0x0020, 0x0020, 0x0020, 0x0020, 0x0020,
  0x0020, 0x0020, 0x0020, 0x0020, 0x0020, 0x0020, 0x0020, 0x0020, 0x0020, 0x0020, 0x0020, 0x0020,
  0x0020, 0x0020, 0x0020, 0x0020, 0x0020, 0x0020, 0x0020, 0x0020, 0x0020, 0x0020, 0x0020, 0x0020,
  0x0020, 0x0020, 0x0020, 0x0020, 0x0020, 0x0020, 0x0020, 0x0020, 0x0020, 0x0020, 0x0020, 0x0020,
  0x0020, 0x0021, 0x0000, 0x0000, 0x0000, 0xBD94, 0xF719, 0xF73A, 0x8C2F, 0x2966, 0x2103, 0xC3A5,
  0xEC87, 0xE488, 0xE467, 0x5A66, 0x2166, 0xB553, 0xD657, 0x5AEB, 0xC5D5, 0xFF7B, 0xF719, 0xEED9,
  0xEED9, 0xEED9, 0xEEF9, 0xEEF9, 0xEED9, 0xEED9, 0xE6D9, 0xEEF9, 0xF73A, 0xFF5A, 0xCE16, 0x7BAD,
  0x9491, 0xE6D9, 0x6B4C, 0x1104, 0x59C6, 0xD2C9, 0xDB0A, 0xE30A, 0xBAA9, 0xAAEA, 0xE32A, 0xDAEA,
  0xDB0A, 0xDAEA, 0xDAEA, 0xDB0A, 0xC2A8, 0x39C7, 0x1925, 0x6B0B, 0xFF5A, 0xE6B8, 0xACF2, 0x62CA,
  0x0861, 0x10A3, 0x10A2, 0x10A2, 0x10A3, 0x10A2, 0x10A2, 0x0862, 0x4A27, 0x736C, 0x0000, 0x0021,
  0x0020, 0x0020, 0x0020, 0x0020, 0x0020, 0x0020, 0x0020, 0x0020, 0x0020, 0x0020, 0x0020, 0x0020,
  0x0020, 0x0020, 0x0020, 0x0020, 0x0020, 0x0020, 0x0020, 0x0020, 0x0020, 0x0020, 0x0020, 0x0020,
  0x0020, 0x0020, 0x0020, 0x0020, 0x0020, 0x0020, 0x0020, 0x0020, 0x0020, 0x0020, 0x0020, 0x0020,
  0x0020, 0x0020, 0x0020, 0x0020, 0x0020, 0x0020, 0x0020, 0x0020, 0x0020, 0x0020, 0x0020, 0x0020,
  0x0020, 0x0020, 0x0020, 0x0020, 0x0020, 0x0020, 0x0020, 0x0020, 0x0020, 0x0020, 0x0020, 0x0020,
  0x0020, 0x0020, 0x0020, 0x0020, 0x0020, 0x0020, 0x0020, 0x0020, 0x0020, 0x0020, 0x0020, 0x0020,
  0x0020, 0x0020, 0x0020, 0x0020, 0x0020, 0x0020, 0x0020, 0x0020, 0x0020, 0x0020, 0x0020, 0x0020,
  0x0020, 0x0020, 0x0020, 0x0021, 0x0020, 0x0000, 0x0020, 0x6A88, 0x4164, 0xAD33, 0xF719, 0xF73A,
  0x8C2F, 0x2966, 0x2103, 0xC3A5, 0xEC87, 0xF4A7, 0x8B06, 0x1925, 0xA4D2, 0xDE57, 0x62EB, 0xE6D9,
  0xFF5A, 0xE6D9, 0xEEF9, 0xEEF9, 0xEEF9, 0xEEF9, 0xEEF9, 0xEEF9, 0xEEF9, 0xEEF9, 0xEEF9, 0xEED9,
  0xEED9, 0xE6D8, 0xF719, 0xFF5A, 0xAD33, 0x738D, 0xDE77, 0x8C0F, 0x1104, 0x51C6, 0xDB0A, 0xC2A9,
  0xAAEA, 0xE32A, 0xDAC9, 0xDAEA, 0xDAEA, 0xDAEA, 0xDAEA, 0xDB0A, 0xBA88, 0x39C7, 0x1925, 0x6B0B,
  0xFF7B, 0xDE98, 0xA4D1, 0x62CA, 0x0841, 0x10A2, 0x10A2, 0x1082, 0x10A2, 0x10A2, 0x10A3, 0x0862,
  0x4A07, 0x736C, 0x0000, 0x0021, 0x0020, 0x0020, 0x0020, 0x0020, 0x0020, 0x0020, 0x0020, 0x0020,
  0x0020, 0x0020, 0x0020, 0x0020, 0x0020, 0x0020, 0x0020, 0x0020, 0x0020, 0x0020, 0x0020, 0x0020,
  0x0020, 0x0020, 0x0020, 0x0020, 0x0020, 0x0020, 0x0020, 0x0020, 0x0020, 0x0020, 0x0020, 0x0020,
  0x0020, 0x0020, 0x0020, 0x0020, 0x0020, 0x0020, 0x0020, 0x0020, 0x0020, 0x0020, 0x0020, 0x0020,
  0x0020, 0x0020, 0x0020, 0x0020, 0x0020, 0x0020, 0x0020, 0x0020, 0x0020, 0x0020, 0x0020, 0x0020,
  0x0020, 0x0020, 0x0020, 0x0020, 0x0020, 0x0020, 0x0020, 0x0020, 0x0020, 0x0020, 0x0020, 0x0020,
  0x0020, 0x0020, 0x0020, 0x0020, 0x0020, 0x0020, 0x0020, 0x0020, 0x0020, 0x0020, 0x0020, 0x0020,
  0x0020, 0x0020, 0x0020, 0x0020, 0x0020, 0x0020, 0x0021, 0x0000, 0x0000, 0x41E6, 0xB3CC, 0xFC0D,
  0x5924, 0xAD74, 0xF73A, 0xF73A, 0x8C2F, 0x2986, 0x20E3, 0xC3A6, 0xF4C8, 0xCBE6, 0x3186, 0x62EB,
  0xEEF9, 0x630B, 0xE6B8, 0xF73A, 0xEED9, 0xEEF9, 0xEEF9, 0xEEF9, 0xEEF9, 0xEEF9, 0xEEF9, 0xEEF9,
  0xEEF9, 0xEEF9, 0xEEF9, 0xEEF9, 0xEED9, 0xEED9, 0xEED9, 0xE6D9, 0xFF5B, 0xDE77, 0x6B4C, 0xCE36,
  0x9C91, 0x1925, 0x51A6, 0xAAA8, 0xDB2B, 0xDAEA, 0xDAEA, 0xDAEA, 0xDAEA, 0xDAEA, 0xDAEA, 0xDB0A,
  0xC2A9, 0x41E7, 0x2145, 0x6B0B, 0xFF5A, 0xDE98, 0xA4D1, 0x62A9, 0x0861, 0x10A2, 0x10A2, 0x1082,
  0x10A2, 0x10A2, 0x10A2, 0x0862, 0x4A07, 0x736C, 0x0000, 0x0021, 0x0020, 0x0020, 0x0020, 0x0020,
  0x0020, 0x0020, 0x0020, 0x0020, 0x0020, 0x0020, 0x0020, 0x0020, 0x0020, 0x0020, 0x0020, 0x0020,
  0x0020, 0x0020, 0x0020, 0x0020, 0x0020, 0x0020, 0x0020, 0x0020, 0x0020, 0x0020, 0x0020, 0x0020,
  0x0020, 0x0020, 0x0020, 0x0020, 0x0020, 0x0020, 0x0020, 0x0020, 0x0020, 0x0020, 0x0020, 0x0020,
  0x0020, 0x0020, 0x0020, 0x0020, 0x0020, 0x0020, 0x0020, 0x0020, 0x0020, 0x0020, 0x0020, 0x0020,
  0x0020, 0x0020, 0x0020, 0x0020, 0x0020, 0x0020, 0x0020, 0x0020, 0x0020, 0x0020, 0x0020, 0x0020,
  0x0020, 0x0020, 0x0020, 0x0020, 0x0020, 0x0020, 0x0020, 0x0020, 0x0020, 0x0020, 0x0020, 0x0020,
  0x0020, 0x0020, 0x0020, 0x0020, 0x0020, 0x0020, 0x0020, 0x0020, 0x0020, 0x0020, 0x0000, 0x2924,
  0x9B6B, 0xEC2E, 0xE34B, 0xEB4B, 0x5924, 0xAD54, 0xF73A, 0xF73A, 0x8C2F, 0x2966, 0x20E3, 0xC3A6,
  0xFCC8, 0x7AC6, 0x2145, 0xD657, 0x840E, 0xB574, 0xFF5A, 0xEED9, 0xEEF9, 0xEEF9, 0xEEF9, 0xEEF9,
  0xEEF9, 0xEEF9, 0xEEF9, 0xEEF9, 0xEEF9, 0xEEF9, 0xEEF9, 0xEEF9, 0xEEF9, 0xEEF9, 0xEED9, 0xEEF9,
  0xE6D9, 0xF719, 0xEEF9, 0x736D, 0xCE16, 0x944F, 0x10E4, 0x69E6, 0xE2EA, 0xDB0A, 0xDAEA, 0xDAEA,
  0xDAEA, 0xDAEA, 0xE30A, 0xE30A, 0xAA68, 0x39C7, 0x1904, 0x5AA9, 0xFF5A, 0xE6B8, 0xA4D1, 0x5AA9,
  0x0861, 0x10A2, 0x10A2, 0x1082, 0x10A2, 0x10A2, 0x10A2, 0x0862, 0x4A07, 0x736C, 0x0000, 0x0021,
  0x0020, 0x0020, 0x0020, 0x0020, 0x0020, 0x0020, 0x0020, 0x0020, 0x0020, 0x0020, 0x0020, 0x0020,
  0x0020, 0x0020, 0x0020, 0x0020, 0x0020, 0x0020, 0x0020, 0x0020, 0x0020, 0x0020, 0x0020, 0x0020,
  0x0020, 0x0020, 0x0020, 0x0020, 0x0020, 0x0020, 0x0020, 0x0020, 0x0020, 0x0020, 0x0020, 0x0020,
  0x0020, 0x0020, 0x0020, 0x0020, 0x0020, 0x0020, 0x0020, 0x0020, 0x0020, 0x0020, 0x0020, 0x0020,
  0x0020, 0x0020, 0x0020, 0x0020, 0x0020, 0x0020, 0x0020, 0x0020, 0x0020, 0x0020, 0x0020, 0x0020,
  0x0020, 0x0020, 0x0020, 0x0020, 0x0020, 0x0020, 0x0020, 0x0020, 0x0020, 0x0020, 0x0020, 0x0020,
  0x0020, 0x0020, 0x0020, 0x0020, 0x0020, 0x0020, 0x0020, 0x0020, 0x0020, 0x0020, 0x0020, 0x0020,
  0x0020, 0x0000, 0x5268, 0xD46F, 0xF3AC, 0xDAE9, 0xE36B, 0xD34B, 0x30A2, 0xAD54, 0xF719, 0xF73A,
  0x8C2F, 0x2966, 0x20E3, 0xC3C6, 0xDC68, 0x3185, 0x736D, 0xCDF5, 0x7BCE, 0xFF7B, 0xE6D9, 0xEEF9,
  0xEEF9, 0xEEF9, 0xEEF9, 0xEEF9, 0xEEF9, 0xEEF9, 0xEEF9, 0xEEF9, 0xEEF9, 0xEEF9, 0xEEF9, 0xEED9,
  0xEEF9, 0xEEF9, 0xEEF9, 0xEEF9, 0xEEF9, 0xEED9, 0xEEF9, 0xEF19, 0x736D, 0xD637, 0x7BAE, 0x1104,
  0x9247, 0xE30A, 0xD2C9, 0xDAEA, 0xDAEA, 0xE2EA, 0xC2A9, 0xB2CA, 0x8A06, 0x2965, 0x31C7, 0x5289,
  0xFF5A, 0xE6B8, 0xA4D1, 0x5AA9, 0x0841, 0x10A2, 0x10A2, 0x1082, 0x10A2, 0x10A2, 0x10A2, 0x0862,
  0x4207, 0x734C, 0x0000, 0x0021, 0x0020, 0x0020, 0x0020, 0x0020, 0x0020, 0x0020, 0x0020, 0x0020,
  0x0020, 0x0020, 0x0020, 0x0020, 0x0020, 0x0020, 0x0020, 0x0020, 0x0020, 0x0020, 0x0020, 0x0020,
  0x0020, 0x0020, 0x0020, 0x0020, 0x0020, 0x0020, 0x0020, 0x0020, 0x0020, 0x0020, 0x0020, 0x0020,
  0x0020, 0x0020, 0x0020, 0x0020, 0x0020, 0x0020, 0x0020, 0x0020, 0x0020, 0x0020, 0x0020, 0x0020,
  0x0020, 0x0020, 0x0020, 0x0020, 0x0020, 0x0020, 0x0020, 0x0020, 0x0020, 0x0020, 0x0020, 0x0020,
  0x0020, 0x0020, 0x0020, 0x0020, 0x0020, 0x0020, 0x0020, 0x0020, 0x0020, 0x0020, 0x0020, 0x0020,
  0x0020, 0x0020, 0x0020, 0x0020, 0x0020, 0x0020, 0x0020, 0x0020, 0x0020, 0x0020, 0x0020, 0x0020,
  0x0020, 0x0020, 0x0020, 0x0021, 0x0000, 0x2924, 0xE4D0, 0xCB8C, 0xBBED, 0xCBCD, 0x8A26, 0x3104,
  0x0861, 0xB554, 0xF719, 0xF719, 0x8C2F, 0x2966, 0x18E3, 0xCBC6, 0xABA7, 0x2125, 0xBDB4, 0x8C0F,
  0xCDF6, 0xF73A, 0xEEF9, 0xEEF9, 0xEEF9, 0xEED9, 0xEEF9, 0xEEF9, 0xEEF9, 0xEEF9, 0xEEF9, 0xEEF9,
  0xEEF9, 0xEEF9, 0xEEF9, 0xEEF9, 0xEEF9, 0xEEF9, 0xEEF9, 0xEEF9, 0xEEF9, 0xEEF9, 0xEED9, 0xEEF9,
  0xE6D9, 0x736D, 0xDE77, 0x4A48, 0x2124, 0xBA88, 0xE30A, 0xE2EA, 0xD2C9, 0xAA88, 0xB2EA, 0xCB0A,
  0x4986, 0x4A6A, 0x2125, 0x5268, 0xFF5A, 0xE6B8, 0xACF2, 0x62A9, 0x0841, 0x10A2, 0x10A2, 0x1082,
  0x10A2, 0x10A2, 0x10A2, 0x0862, 0x4207, 0x734B, 0x0000, 0x0021, 0x0020, 0x0020, 0x0020, 0x0020,
  0x0020, 0x0020, 0x0020, 0x0020, 0x0020, 0x0020, 0x0020, 0x0020, 0x0020, 0x0020, 0x0020, 0x0020,
  0x0020, 0x0020, 0x0020, 0x0020, 0x0020, 0x0020, 0x0020, 0x0020, 0x0020, 0x0020, 0x0020, 0x0020,
  0x0020, 0x0020, 0x0020, 0x0020, 0x0020, 0x0020, 0x0020, 0x0020, 0x0020, 0x0020, 0x0020, 0x0020,
  0x0020, 0x0020, 0x0020, 0x0020, 0x0020, 0x0020, 0x0020, 0x0020, 0x0020, 0x0020, 0x0020, 0x0020,
  0x0020, 0x0020, 0x0020, 0x0020, 0x0020, 0x0020, 0x0020, 0x0020, 0x0020, 0x0020, 0x0020, 0x0020,
  0x0020, 0x0020, 0x0020, 0x0020, 0x0020, 0x0020, 0x0020, 0x0020, 0x0020, 0x0020, 0x0020, 0x0020,
  0x0020, 0x0020, 0x0020, 0x0020, 0x0020, 0x0020, 0x0020, 0x0021, 0x0000, 0x62A9, 0xEC0D, 0xB248,
  0xE38C, 0x8A27, 0x18E4, 0x31A7, 0x0841, 0xB553, 0xEEF9, 0xF739, 0x9450, 0x31A7, 0x2103, 0xDC26,
  0x7AA6, 0x4249, 0xCE36, 0x83EE, 0xF73A, 0xEED9, 0xEEF9, 0xEEF9, 0xEEF9, 0xEEF9, 0xEEF9, 0xEEF9,
  0xEEF9, 0xEEF9, 0xEEF9, 0xEEF9, 0xEEF9, 0xEEF9, 0xEEF9, 0xEEF9, 0xEEF9, 0xEEF9, 0xEEF9, 0xEEF9,
  0xEEF9, 0xEEF9, 0xEEF9, 0xE6D9, 0xF71A, 0xCDF6, 0x83EE, 0xD636, 0x2165, 0x5185, 0xDAC9, 0xB288,
  0xB2EA, 0xCB0A, 0xE30A, 0xC288, 0x39C7, 0x29A7, 0x18C3, 0x83CE, 0xF73A, 0xE6B8, 0xACF2, 0x62A9,
  0x0841, 0x10A2, 0x10A2, 0x10A2, 0x10A2, 0x10A2, 0x10A2, 0x0862, 0x4207, 0x734C, 0x0000, 0x0020,
  0x0020, 0x0020, 0x0020, 0x0020, 0x0020, 0x0020, 0x0020, 0x0020, 0x0020, 0x0020, 0x0020, 0x0020,
  0x0020, 0x0020, 0x0020, 0x0020, 0x0020, 0x0020, 0x0020, 0x0020, 0x0020, 0x0020, 0x0020, 0x0020,
  0x0020, 0x0020, 0x0020, 0x0020, 0x0020, 0x0020, 0x0020, 0x0020, 0x0020, 0x0020, 0x0020, 0x0020,
  0x0020, 0x0020, 0x0020, 0x0020, 0x0020, 0x0020, 0x0020, 0x0020, 0x0020, 0x0020, 0x0020, 0x0020,
  0x0020, 0x0020, 0x0020, 0x0020, 0x0020, 0x0020, 0x0020, 0x0020, 0x0020, 0x0020, 0x0020, 0x0020,
  0x0020, 0x0020, 0x0020, 0x0020, 0x0020, 0x0020, 0x0020, 0x0020, 0x0020, 0x0020, 0x0020, 0x0020,
  0x0020, 0x0020, 0x0020, 0x0020, 0x0020, 0x0020, 0x0020, 0x0020, 0x0020, 0x0020, 0x0020, 0x0021,
  0x0000, 0x9B6B, 0xD32A, 0x8227, 0xDB0A, 0x5124, 0x2145, 0x18E3, 0x0021, 0xB574, 0xF719, 0xE6B8,
  0x62CA, 0x2966, 0x2124, 0x7A84, 0x3984, 0x7BAE, 0xB554, 0xA4D2, 0xFF5A, 0xEED9, 0xEEF9, 0xEEF9,
  0xEEF9, 0xEEF9, 0xEEF9, 0xEEF9, 0xEEF9, 0xEEF9, 0xEEF9, 0xEEF9, 0xEEF9, 0xEEF9, 0xEEF9, 0xEEF9,
  0xEEF9, 0xEEF9, 0xEEF9, 0xEEF9, 0xEEF9, 0xEEF9, 0xEEF9, 0xEEF9, 0xE6D9, 0xFF5B, 0xA4D2, 0xB554,
  0x9470, 0x08A3, 0x7A07, 0xD34B, 0xDB0A, 0xDACA, 0xDAEA, 0xC288, 0x41C7, 0x2166, 0x5248, 0xE6D8,
  0xEEF9, 0xE6B9, 0xACF2, 0x5AA9, 0x0841, 0x10A2, 0x10A2, 0x10A2, 0x10A2, 0x10A2, 0x10A2, 0x0862,
  0x4207, 0x734B, 0x0000, 0x0021, 0x0021, 0x0020, 0x0020, 0x0020, 0x0020, 0x0020, 0x0020, 0x0020,
  0x0020, 0x0020, 0x0020, 0x0020, 0x0020, 0x0020, 0x0020, 0x0020, 0x0020, 0x0020, 0x0020, 0x0020,
  0x0020, 0x0020, 0x0020, 0x0020, 0x0020, 0x0020, 0x0020, 0x0020, 0x0020, 0x0020, 0x0020, 0x0020,
  0x0020, 0x0020, 0x0020, 0x0020, 0x0020, 0x0020, 0x0020, 0x0020, 0x0020, 0x0020, 0x0020, 0x0020,
  0x0020, 0x0020, 0x0020, 0x0020, 0x0020, 0x0020, 0x0020, 0x0020, 0x0020, 0x0020, 0x0020, 0x0020,
  0x0020, 0x0020, 0x0020, 0x0020, 0x0020, 0x0020, 0x0020, 0x0020, 0x0020, 0x0020, 0x0020, 0x0020,
  0x0020, 0x0020, 0x0020, 0x0020, 0x0020, 0x0020, 0x0020, 0x0020, 0x0020, 0x0020, 0x0020, 0x0020,
  0x0020, 0x0020, 0x0020, 0x0000, 0x0041, 0xC3ED, 0xE30A, 0xDB4B, 0xD2EA, 0x3924, 0x2165, 0x18E4,
  0x0041, 0xAD33, 0xFF7B, 0xA4F2, 0x31A6, 0x4208, 0x2966, 0x31A7, 0x10A3, 0xA4B1, 0x9450, 0xCDF6,
  0xF71A, 0xEED9, 0xEEF9, 0xEEF9, 0xEEF9, 0xEEF9, 0xEEF9, 0xEEF9, 0xEEF9, 0xEEF9, 0xEEF9, 0xEEF9,
  0xEEF9, 0xEEF9, 0xEEF9, 0xEEF9, 0xEEF9, 0xEEF9, 0xEEF9, 0xEEF9, 0xEEF9, 0xEEF9, 0xEEF9, 0xEEF9,
  0xEEF9, 0xEED9, 0xF73A, 0x83EE, 0xD657, 0x4228, 0x3945, 0xDAC9, 0xDACA, 0xD2CA, 0xDB0A, 0xC288,
  0x41C7, 0x2145, 0x5268, 0xEEF9, 0xEEF9, 0xE6B8, 0xACD1, 0x5AA9, 0x0841, 0x10A2, 0x10A2, 0x1082,
  0x10A2, 0x1082, 0x10A2, 0x0841, 0x4A07, 0x734B, 0x0820, 0x0000, 0x0000, 0x0000, 0x0000, 0x0021,
  0x0020, 0x0020, 0x0020, 0x0020, 0x0020, 0x0020, 0x0020, 0x0020, 0x0020, 0x0020, 0x0020, 0x0020,
  0x0020, 0x0020, 0x0020, 0x0020, 0x0020, 0x0020, 0x0020, 0x0020, 0x0020, 0x0020, 0x0020, 0x0020,
  0x0020, 0x0020, 0x0020, 0x0020, 0x0020, 0x0020, 0x0020, 0x0020, 0x0020, 0x0020, 0x0020, 0x0020,
  0x0020, 0x0020, 0x0020, 0x0020, 0x0020, 0x0020, 0x0020, 0x0020, 0x0020, 0x0020, 0x0020, 0x0020,
  0x0020, 0x0020, 0x0020, 0x0020, 0x0020, 0x0020, 0x0020, 0x0020, 0x0020, 0x0020, 0x0020, 0x0020,
  0x0020, 0x0020, 0x0020, 0x0020, 0x0020, 0x0020, 0x0020, 0x0020, 0x0020, 0x0020, 0x0020, 0x0020,
  0x0020, 0x0020, 0x0020, 0x0020, 0x0020, 0x0020, 0x0021, 0x0000, 0x2124, 0xE40D, 0xDACA, 0xE32B,
  0xAA27, 0x2104, 0x2145, 0x18E3, 0x0020, 0x9CB1, 0xFF7B, 0xA4F2, 0x39E7, 0x39E7, 0x39C7, 0x4208,
  0x2104, 0xB554, 0x8C2F, 0xE6B8, 0xEEF9, 0xEEF9, 0xEEF9, 0xEEF9, 0xEEF9, 0xEEF9, 0xEEF9, 0xEEF9,
  0xEEF9, 0xEEF9, 0xEEF9, 0xEEF9, 0xEEF9, 0xEED9, 0xEED9, 0xEEF9, 0xEEF9, 0xEEF9, 0xEEF9, 0xEEF9,
  0xEEF9, 0xEEF9, 0xEED9, 0xEEF9, 0xEEF9, 0xEED9, 0xF73A, 0xC5D5, 0x9CB1, 0xAD12, 0x08A2, 0x8A07,
  0xE30A, 0xD2C9, 0xDAEA, 0xC288, 0x39A7, 0x1925, 0x5268, 0xEF19, 0xEEF9, 0xE6B8, 0xA4D1, 0x5AA9,
  0x0841, 0x10A2, 0x10A2, 0x1082, 0x10A2, 0x1082, 0x1082, 0x0861, 0x41E7, 0x630A, 0x6103, 0x9A07,
  0x6A27, 0x3123, 0x0041, 0x0000, 0x0020, 0x0020, 0x0020, 0x0020, 0x0020, 0x0020, 0x0020, 0x0020,
  0x0020, 0x0020, 0x0020, 0x0020, 0x0020, 0x0020, 0x0020, 0x0020, 0x0020, 0x0020, 0x0020, 0x0020,
  0x0020, 0x0020, 0x0020, 0x0020, 0x0020, 0x0020, 0x0020, 0x0020, 0x0020, 0x0020, 0x0020, 0x0020,
  0x0020, 0x0020, 0x0020, 0x0020, 0x0020, 0x0020, 0x0020, 0x0020, 0x0020, 0x0020, 0x0020, 0x0020,
  0x0020, 0x0020, 0x0020, 0x0020, 0x0020, 0x0020, 0x0020, 0x0020, 0x0020, 0x0020, 0x0020, 0x0020,
  0x0020, 0x0020, 0x0020, 0x0020, 0x0020, 0x0020, 0x0020, 0x0020, 0x0020, 0x0020, 0x0020, 0x0020,
  0x0020, 0x0020, 0x0020, 0x0020, 0x0020, 0x0020, 0x0020, 0x0020, 0x0020, 0x0020, 0x0021, 0x0000,
  0x5A47, 0xEBAC, 0xD2C9, 0xE32B, 0x81A5, 0x2125, 0x2145, 0x18C3, 0x0000, 0x8C0F, 0xFF7B, 0xA4D2,
  0x31C7, 0x31A7, 0x2966, 0x31A6, 0x2945, 0xBD74, 0x8C2F, 0xF71A, 0xEED9, 0xEEF9, 0xEEF9, 0xEEF9,
  0xEEF9, 0xEEF9, 0xEEF9, 0xEEF9, 0xEEF9, 0xEEF9, 0xEEF9, 0xEEF9, 0xEEF9, 0xEEF9, 0xEED9, 0xEEF9,
  0xEEF9, 0xEEF9, 0xEEF9, 0xEEF9, 0xEEF9, 0xEEF9, 0xEEF9, 0xEEF9, 0xEEF9, 0xEEF9, 0xE6D9, 0xF75A,
  0x8C0F, 0xCDF6, 0x3A08, 0x3104, 0xD2C9, 0xDAEA, 0xDAEA, 0xC288, 0x39A7, 0x2125, 0x5248, 0xEEF9,
  0xEEF9, 0xE6B8, 0xA4B1, 0x5AA9, 0x0841, 0x10A2, 0x10A2, 0x1082, 0x10A2, 0x1082, 0x1082, 0x0841,
  0x39A6, 0x4A48, 0x1881, 0xD38B, 0xF36B, 0xDB6B, 0xC34B, 0x6A48, 0x0020, 0x0020, 0x0020, 0x0020,
  0x0020, 0x0020, 0x0020, 0x0020, 0x0020, 0x0020, 0x0020, 0x0020, 0x0020, 0x0020, 0x0020, 0x0020,
  0x0020, 0x0020, 0x0020, 0x0020, 0x0020, 0x0020, 0x0020, 0x0020, 0x0020, 0x0020, 0x0020, 0x0020,
  0x0020, 0x0020, 0x0020, 0x0020, 0x0020, 0x0020, 0x0020, 0x0020, 0x0020, 0x0020, 0x0020, 0x0020,
  0x0020, 0x0020, 0x0020, 0x0020, 0x0020, 0x0020, 0x0020, 0x0020, 0x0020, 0x0020, 0x0020, 0x0020,
  0x0020, 0x0020, 0x0020, 0x0020, 0x0020, 0x0020, 0x0020, 0x0020, 0x0020, 0x0020, 0x0020, 0x0020,
  0x0020, 0x0020, 0x0020, 0x0020, 0x0020, 0x0020, 0x0020, 0x0020, 0x0020, 0x0020, 0x0020, 0x0020,
  0x0020, 0x0020, 0x0021, 0x0000, 0x934A, 0xEB4B, 0xD2EA, 0xE30A, 0x5944, 0x2145, 0x2104, 0x18C3,
  0x0020, 0x83CE, 0xFF5A, 0xA4D2, 0x31A6, 0x31C7, 0x2986, 0x3186, 0x31A6, 0xBD94, 0x8C2F, 0xF73A,
  0xEED9, 0xEEF9, 0xEEF9, 0xEEF9, 0xEEF9, 0xEEF9, 0xEEF9, 0xEEF9, 0xEEF9, 0xEEF9, 0xEEF9, 0xEEF9,
  0xEED9, 0xEEF9, 0xEEF9, 0xEEF9, 0xEEF9, 0xEEF9, 0xEEF9, 0xEEF9, 0xEEF9, 0xEEF9, 0xEEF9, 0xEED9,
  0xEEF9, 0xEEF9, 0xEED9, 0xF73A, 0xBDB5, 0x9CB1, 0x9C91, 0x0082, 0xA227, 0xE30A, 0xDAEA, 0xC288,
  0x39A7, 0x2125, 0x5248, 0xEEF9, 0xEEF9, 0xE6B8, 0xA4D1, 0x62A9, 0x0841, 0x10A2, 0x10A2, 0x1082,
  0x1082, 0x1082, 0x1082, 0x0861, 0x0882, 0x39A5, 0xAB8B, 0xE36B, 0xD2EA, 0xDB0A, 0xEBCD, 0xBBAC,
  0x2082, 0x0000, 0x0020, 0x0020, 0x0020, 0x0020, 0x0020, 0x0020, 0x0020, 0x0020, 0x0020, 0x0020,
  0x0020, 0x0020, 0x0020, 0x0020, 0x0020, 0x0020, 0x0020, 0x0020, 0x0020, 0x0020, 0x0020, 0x0020,
  0x0020, 0x0020, 0x0020, 0x0020, 0x0020, 0x0020, 0x0020, 0x0020, 0x0020, 0x0020, 0x0020, 0x0020,
  0x0020, 0x0020, 0x0020, 0x0020, 0x0020, 0x0020, 0x0020, 0x0020, 0x0020, 0x0020, 0x0020, 0x0020,
  0x0020, 0x0020, 0x0020, 0x0020, 0x0020, 0x0020, 0x0020, 0x0020, 0x0020, 0x0020, 0x0020, 0x0020,
  0x0020, 0x0020, 0x0020, 0x0020, 0x0020, 0x0020, 0x0020, 0x0020, 0x0020, 0x0020, 0x0020, 0x0020,
  0x0020, 0x0020, 0x0020, 0x0020, 0x0020, 0x0020, 0x0000, 0x0041, 0xC3CC, 0xE2EA, 0xDB0A, 0xD2C9,
  0x3904, 0x2145, 0x2104, 0x18C3, 0x0020, 0x7B6C, 0xF71A, 0xA4F2, 0x2986, 0x3186, 0x3186, 0x3186,
  0x3186, 0xBD94, 0x9470, 0xF73A, 0xEED9, 0xEEF9, 0xEEF9, 0xEEF9, 0xEEF9, 0xEEF9, 0xEEF9, 0xEEF9,
  0xEEF9, 0xEEF9, 0xEEF9, 0xEEF9, 0xEEF9, 0xEEF9, 0xEEF9, 0xEEF9, 0xEEF9, 0xEEF9, 0xEEF9, 0xEEF9,
  0xEEF9, 0xEEF9, 0xEEF9, 0xEED9, 0xEED9, 0xEED9, 0xEEF9, 0xEED9, 0xEF19, 0x8C2F, 0xCDF6, 0x1925,
  0x5165, 0xE30A, 0xDAEA, 0xC268, 0x39C7, 0x2125, 0x4A48, 0xEF19, 0xEEF9, 0xE6B8, 0xA4D1, 0x5AA9,
  0x0841, 0x10A2, 0x1082, 0x1082, 0x1082, 0x1081, 0x0841, 0x0020, 0x6227, 0xDC0D, 0xEB6B, 0xD2C9,
  0xE34B, 0xE44E, 0x9AEA, 0x8185, 0x38A2, 0x0000, 0x0020, 0x0020, 0x0020, 0x0020, 0x0020, 0x0020,
  0x0020, 0x0020, 0x0020, 0x0020, 0x0020, 0x0020, 0x0020, 0x0020, 0x0020, 0x0020, 0x0020, 0x0020,
  0x0020, 0x0020, 0x0020, 0x0020, 0x0020, 0x0020, 0x0020, 0x0020, 0x0020, 0x0020, 0x0020, 0x0020,
  0x0020, 0x0020, 0x0020, 0x0020, 0x0020, 0x0020, 0x0020, 0x0020, 0x0020, 0x0020, 0x0020, 0x0020,
  0x0020, 0x0020, 0x0020, 0x0020, 0x0020, 0x0020, 0x0020, 0x0020, 0x0020, 0x0020, 0x0020, 0x0020,
  0x0020, 0x0020, 0x0020, 0x0020, 0x0020, 0x0020, 0x0020, 0x0020, 0x0020, 0x0020, 0x0020, 0x0020,
  0x0020, 0x0020, 0x0020, 0x0020, 0x0020, 0x0020, 0x0020, 0x0020, 0x0020, 0x0021, 0x0000, 0x2924,
  0xE3ED, 0xDAA9, 0xE32B, 0xB248, 0x20E3, 0x2965, 0x2145, 0x10A2, 0x0020, 0x734B, 0xEEF9, 0xAD13,
  0x2986, 0x2986, 0x31A6, 0x31A7, 0x31A6, 0xB553, 0x9471, 0xF73A, 0xEED9, 0xEEF9, 0xEEF9, 0xEEF9,
  0xEEF9, 0xEEF9, 0xEEF9, 0xEEF9, 0xEEF9, 0xEEF9, 0xEEF9, 0xEEF9, 0xEEF9, 0xEEF9, 0xEEF9, 0xEEF9,
  0xEEF9, 0xEEF9, 0xEEF9, 0xEEF9, 0xEEF9, 0xEEF9, 0xEEF9, 0xEEF9, 0xEEF9, 0xEED9, 0xEED9, 0xE6D8,
  0xF75A, 0xA512, 0xB553, 0x630B, 0x1882, 0xC2A9, 0xE30A, 0xBA68, 0x39C7, 0x2125, 0x4A28, 0xEEF9,
  0xEED9, 0xE6B8, 0xA4B1, 0x5A89, 0x0841, 0x10A2, 0x1082, 0x1082, 0x10A2, 0x0000, 0x18C2, 0xA38B,
  0xF40D, 0xDAEA, 0xDAEA, 0xF40E, 0xBB6B, 0x4144, 0x6904, 0x99E7, 0x30A2, 0x0000, 0x0020, 0x0020,
  0x0020, 0x0020, 0x0020, 0x0020, 0x0020, 0x0020, 0x0020, 0x0020, 0x0020, 0x0020, 0x0020, 0x0020,
  0x0020, 0x0020, 0x0020, 0x0020, 0x0020, 0x0020, 0x0020, 0x0020, 0x0020, 0x0020, 0x0020, 0x0020,
  0x0020, 0x0020, 0x0020, 0x0020, 0x0020, 0x0020, 0x0020, 0x0020, 0x0020, 0x0020, 0x0020, 0x0020,
  0x0020, 0x0020, 0x0020, 0x0020, 0x0020, 0x0020, 0x0020, 0x0020, 0x0020, 0x0020, 0x0020, 0x0020,
  0x0020, 0x0020, 0x0020, 0x0020, 0x0020, 0x0020, 0x0020, 0x0020, 0x0020, 0x0020, 0x0020, 0x0020,
  0x0020, 0x0020, 0x0020, 0x0020, 0x0020, 0x0020, 0x0020, 0x0020, 0x0020, 0x0020, 0x0020, 0x0020,
  0x0020, 0x0021, 0x0000, 0x5A48, 0xEBCD, 0xD2C9, 0xE32B, 0x81C6, 0x2125, 0x3186, 0x2124, 0x1082,
  0x0020, 0x6B2B, 0xE6B8, 0xA4F2, 0x2986, 0x31A6, 0x2965, 0x31A6, 0x3186, 0xB574, 0x9450, 0xF73A,
  0xE6D9, 0xEEF9, 0xEED9, 0xEEF9, 0xEEF9, 0xEEF9, 0xEEF9, 0xEEF9, 0xEEF9, 0xEEF9, 0xEEF9, 0xEEF9,
  0xEEF9, 0xEEF9, 0xEEF9, 0xEEF9, 0xEEF9, 0xEEF9, 0xEEF9, 0xEEF9, 0xEEF9, 0xEEF9, 0xEEF9, 0xEEF9,
  0xEEF9, 0xEED9, 0xEED9, 0xEED9, 0xEEF9, 0xD637, 0x9490, 0xA4F2, 0x0082, 0x9207, 0xEB0A, 0xBA68,
  0x39A7, 0x2125, 0x4A48, 0xEEF9, 0xEED9, 0xDE98, 0xA4B1, 0x62A9, 0x0021, 0x1082, 0x10A2, 0x0841,
  0x0000, 0x49E6, 0xD40D, 0xEB6B, 0xD2C9, 0xE34B, 0xEC0D, 0x8A88, 0x3145, 0x1945, 0x30A2, 0x99E6,
  0x38A2, 0x0000, 0x0020, 0x0020, 0x0020, 0x0020, 0x0020, 0x0020, 0x0020, 0x0020, 0x0020, 0x0020,
  0x0020, 0x0020, 0x0020, 0x0020, 0x0020, 0x0020, 0x0020, 0x0020, 0x0020, 0x0020, 0x0020, 0x0020,
  0x0020, 0x0020, 0x0020, 0x0020, 0x0020, 0x0020, 0x0020, 0x0020, 0x0020, 0x0020, 0x0020, 0x0020,
  0x0020, 0x0020, 0x0020, 0x0020, 0x0020, 0x0020, 0x0020, 0x0020, 0x0020, 0x0020, 0x0020, 0x0020,
  0x0020, 0x0020, 0x0020, 0x0020, 0x0020, 0x0020, 0x0020, 0x0020, 0x0020, 0x0020, 0x0020, 0x0020,
  0x0020, 0x0020, 0x0020, 0x0020, 0x0020, 0x0020, 0x0020, 0x0020, 0x0020, 0x0020, 0x0020, 0x0020,
  0x0020, 0x0020, 0x0020, 0x0020, 0x0020, 0x0021, 0x0000, 0x934B, 0xE34B, 0xD2EA, 0xE32A, 0x5945,
  0x2166, 0x39C7, 0x10C3, 0x10A2, 0x0020, 0x6B0B, 0xD636, 0xB553, 0x2945, 0x39E7, 0x31A6, 0x3186,
  0x18E4, 0xAD33, 0x8C50, 0xEEF9, 0xEED9, 0xEEF9, 0xEEF9, 0xEEF9, 0xEEF9, 0xEEF9, 0xEEF9, 0xEEF9,
  0xEEF9, 0xEEF9, 0xEEF9, 0xEEF9, 0xEEF9, 0xEEF9, 0xEEF9, 0xEEF9, 0xEEF9, 0xEEF9, 0xEEF9, 0xEEF9,
  0xEEF9, 0xEEF9, 0xEEF9, 0xEEF9, 0xEEF9, 0xEEF9, 0xEEF9, 0xEED9, 0xE6D8, 0xEEF9, 0x8C2F, 0xC5F6,
  0x1945, 0x5944, 0xE30A, 0xBA88, 0x3986, 0x2125, 0x5268, 0xEEF9, 0xEED9, 0xDEB8, 0xA4B0, 0x5A89,
  0x0841, 0x1082, 0x0000, 0x1082, 0x8B0A, 0xEC0D, 0xE30A, 0xD2C9, 0xEBAC, 0xCBCD, 0x59A6, 0x2104,
  0x2986, 0x1924, 0x40E3, 0x91C6, 0x38A2, 0x0000, 0x0020, 0x0020, 0x0020, 0x0020, 0x0020, 0x0020,
  0x0020, 0x0020, 0x0020, 0x0020, 0x0020, 0x0020, 0x0020, 0x0020, 0x0020, 0x0020, 0x0020, 0x0020,
  0x0020, 0x0020, 0x0020, 0x0020, 0x0020, 0x0020, 0x0020, 0x0020, 0x0020, 0x0020, 0x0020, 0x0020,
  0x0020, 0x0020, 0x0020, 0x0020, 0x0020, 0x0020, 0x0020, 0x0020, 0x0020, 0x0020, 0x0020, 0x0020,
  0x0020, 0x0020, 0x0020, 0x0020, 0x0020, 0x0020, 0x0020, 0x0020, 0x0020, 0x0020, 0x0020, 0x0020,
  0x0020, 0x0020, 0x0020, 0x0020, 0x0020, 0x0020, 0x0020, 0x0020, 0x0020, 0x0020, 0x0020, 0x0020,
  0x0020, 0x0020, 0x0020, 0x0020, 0x0020, 0x0020, 0x0020, 0x0020, 0x0020, 0x0000, 0x0061, 0xC3AC,
  0xDACA, 0xDAEA, 0xCAC9, 0x3945, 0x31C7, 0x2965, 0x10A2, 0x1082, 0x0000, 0x6B2B, 0xB532, 0xF719,
  0x6B4C, 0x10A3, 0x2965, 0x31E7, 0x1904, 0xA4D1, 0x9470, 0xE698, 0xEED9, 0xEED9, 0xEEF9, 0xEEF9,
  0xEEF9, 0xEEF9, 0xEEF9, 0xEEF9, 0xEEF9, 0xEEF9, 0xEEF9, 0xEEF9, 0xEEF9, 0xEEF9, 0xEEF9, 0xEEF9,
  0xEEF9, 0xEEF9, 0xEEF9, 0xEEF9, 0xEEF9, 0xEEF9, 0xEEF9, 0xEED9, 0xEEF9, 0xEEF9, 0xEEF9, 0xEED9,
  0xE6D8, 0xF73A, 0x9C91, 0xC5D5, 0x4A69, 0x28C2, 0xE30A, 0xC268, 0x39A6, 0x2145, 0x5248, 0xEEF9,
  0xEED8, 0xE6B8, 0xA4B1, 0x5A68, 0x0020, 0x0020, 0x3985, 0xCBED, 0xEB8C, 0xD2C9, 0xDB0A, 0xF42E,
  0xA30A, 0x3103, 0x2166, 0x2965, 0x10A2, 0x10E4, 0x4903, 0xA1E7, 0x3081, 0x0000, 0x0020, 0x0020,
  0x0020, 0x0020, 0x0020, 0x0020, 0x0020, 0x0020, 0x0020, 0x0020, 0x0020, 0x0020, 0x0020, 0x0020,
  0x0020, 0x0020, 0x0020, 0x0020, 0x0020, 0x0020, 0x0020, 0x0020, 0x0020, 0x0020, 0x0020, 0x0020,
  0x0020, 0x0020, 0x0020, 0x0020, 0x0020, 0x0020, 0x0020, 0x0020, 0x0020, 0x0020, 0x0020, 0x0020,
  0x0020, 0x0020, 0x0020, 0x0020, 0x0020, 0x0020, 0x0020, 0x0020, 0x0020, 0x0020, 0x0020, 0x0020,
  0x0020, 0x0020, 0x0020, 0x0020, 0x0020, 0x0020, 0x0020, 0x0020, 0x0020, 0x0020, 0x0020, 0x0020,
  0x0020, 0x0020, 0x0020, 0x0020, 0x0020, 0x0020, 0x0020, 0x0020, 0x0020, 0x0020, 0x0020, 0x0020,
  0x0021, 0x0000, 0x20E3, 0xD3CD, 0xD30A, 0xEB4B, 0xAA48, 0x2104, 0x31C7, 0x2124, 0x1082, 0x0861,
  0x0000, 0x732B, 0xACF2, 0xF6F9, 0x9470, 0x2966, 0x10A2, 0x28A2, 0x0841, 0x8C50, 0x9CB1, 0xCE16,
  0xEEF9, 0xEED9, 0xEED9, 0xEED9, 0xEEF9, 0xEEF9, 0xEEF9, 0xEEF9, 0xEEF9, 0xEEF9, 0xEEF9, 0xEEF9,
  0xEED9, 0xEEF9, 0xEEF9, 0xEEF9, 0xEEF9, 0xEEF9, 0xEEF9, 0xEEF9, 0xEEF9, 0xEEF9, 0xEEF9, 0xEEF9,
  0xEEF9, 0xEEF9, 0xEEF9, 0xEED9, 0xE6D9, 0xF73A, 0xB554, 0xAD13, 0x738D, 0x1082, 0xA227, 0xBA27,
  0x41C7, 0x2145, 0x4A48, 0xEED9, 0xEED8, 0xDEB8, 0xA490, 0x5248, 0x0840, 0x82E9, 0xEC2E, 0xE30A,
  0xD2A9, 0xEB8C, 0xDC0D, 0x7207, 0x2104, 0x29A7, 0x2124, 0x18E4, 0x1904, 0x1104, 0x38A2, 0x5944,
  0x10A3, 0x0000, 0x0020, 0x0020, 0x0020, 0x0020, 0x0020, 0x0020, 0x0020, 0x0020, 0x0020, 0x0020,
  0x0020, 0x0020, 0x0020, 0x0020, 0x0020, 0x0020, 0x0020, 0x0020, 0x0020, 0x0020, 0x0020, 0x0020,
  0x0020, 0x0020, 0x0020, 0x0020, 0x0020, 0x0020, 0x0020, 0x0020, 0x0020, 0x0020, 0x0020, 0x0020,
  0x0020, 0x0020, 0x0020, 0x0020, 0x0020, 0x0020, 0x0020, 0x0020, 0x0020, 0x0020, 0x0020, 0x0020,
  0x0020, 0x0020, 0x0020, 0x0020, 0x0020, 0x0020, 0x0020, 0x0020, 0x0020, 0x0020, 0x0020, 0x0020,
  0x0020, 0x0020, 0x0020, 0x0020, 0x0020, 0x0020, 0x0020, 0x0020, 0x0020, 0x0020, 0x0020, 0x0020,
  0x0020, 0x0020, 0x0020, 0x0020, 0x0020, 0x0000, 0x1861, 0x91E6, 0xBA68, 0xD34B, 0x71A6, 0x2165,
  0x31C7, 0x18C3, 0x1082, 0x0861, 0x0000, 0x734B, 0xACF2, 0xF719, 0x8C2F, 0x2145, 0x18C3, 0xAA27,
  0x5124, 0x5B0B, 0xAD33, 0xB553, 0xF71A, 0xE6D8, 0xEED9, 0xEED9, 0xEEF9, 0xEEF9, 0xEEF9, 0xEEF9,
  0xEEF9, 0xEEF9, 0xEED9, 0xEED9, 0xEEF9, 0xEEF9, 0xEEF9, 0xEEF9, 0xEEF9, 0xEEF9, 0xEEF9, 0xEEF9,
  0xEEF9, 0xEEF9, 0xEEF9, 0xEEF9, 0xEEF9, 0xEEF9, 0xEED9, 0xEED9, 0xEED9, 0xF719, 0xCDF6, 0x9C91,
  0x942F, 0x18E4, 0x39E8, 0x41A6, 0x39E8, 0x2145, 0x4A48, 0xEED9, 0xE6D8, 0xE6B8, 0x83CD, 0x2103,
  0x9BED, 0xEBCD, 0xDAEA, 0xE34B, 0xEC0D, 0xB36B, 0x3924, 0x2145, 0x2986, 0x18E4, 0x1904, 0x1904,
  0x2124, 0x18E4, 0x18C3, 0x29A7, 0x2124, 0x0000, 0x0021, 0x0020, 0x0020, 0x0020, 0x0020, 0x0020,
  0x0020, 0x0020, 0x0020, 0x0020, 0x0020, 0x0020, 0x0020, 0x0020, 0x0020, 0x0020, 0x0020, 0x0020,
  0x0020, 0x0020, 0x0020, 0x0020, 0x0020, 0x0020, 0x0020, 0x0020, 0x0020, 0x0020, 0x0020, 0x0020,
  0x0020, 0x0020, 0x0020, 0x0020, 0x0020, 0x0020, 0x0020, 0x0020, 0x0020, 0x0020, 0x0020, 0x0020,
  0x0020, 0x0020, 0x0020, 0x0020, 0x0020, 0x0020, 0x0020, 0x0020, 0x0020, 0x0020, 0x0020, 0x0020,
  0x0020, 0x0020, 0x0020, 0x0020, 0x0020, 0x0020, 0x0020, 0x0020, 0x0020, 0x0020, 0x0020, 0x0020,
  0x0020, 0x0020, 0x0020, 0x0020, 0x0020, 0x0020, 0x0020, 0x0020, 0x0021, 0x0000, 0x1082, 0x4208,
  0x4945, 0x7965, 0x48C2, 0x29A6, 0x39C7, 0x1082, 0x1082, 0x0861, 0x0000, 0x732B, 0xACF1, 0xF719,
  0x8C2F, 0x2145, 0x18C3, 0xC2A9, 0xA248, 0x29A6, 0xB574, 0x9470, 0xF73A, 0xE6D8, 0xEED9, 0xEED9,
  0xEEF9, 0xEED9, 0xEEF9, 0xEEF9, 0xEEF9, 0xEEF9, 0xEEF9, 0xEED9, 0xEED9, 0xEEF9, 0xEED9, 0xEED9,
  0xEEF9, 0xEEF9, 0xEED9, 0xEEF9, 0xEEF9, 0xEED9, 0xEEF9, 0xEEF9, 0xEEF9, 0xEEF9, 0xEEF9, 0xEED9,
  0xEED9, 0xEEF9, 0xDE77, 0x9470, 0xACF2, 0x18E4, 0x31C7, 0x3A08, 0x31C7, 0x18E3, 0x4207, 0xEED9,
  0xE6D9, 0xEED8, 0x4207, 0x82C9, 0xE46F, 0xBBAC, 0xB38B, 0xC3AC, 0x8268, 0x2904, 0x2986, 0x2125,
  0x18E4, 0x1904, 0x1904, 0x1904, 0x18E3, 0x2965, 0x31C7, 0x2124, 0x10A2, 0x0000, 0x0020, 0x0020,
  0x0020, 0x0020, 0x0020, 0x0020, 0x0020, 0x0020, 0x0020, 0x0020, 0x0020, 0x0020, 0x0020, 0x0020,
  0x0020, 0x0020, 0x0020, 0x0020, 0x0020, 0x0020, 0x0020, 0x0020, 0x0020, 0x0020, 0x0020, 0x0020,
  0x0020, 0x0020, 0x0020, 0x0020, 0x0020, 0x0020, 0x0020, 0x0020, 0x0020, 0x0020, 0x0020, 0x0020,
  0x0020, 0x0020, 0x0020, 0x0020, 0x0020, 0x0020, 0x0020, 0x0020, 0x0020, 0x0020, 0x0020, 0x0020,
  0x0020, 0x0020, 0x0020, 0x0020, 0x0020, 0x0020, 0x0020, 0x0020, 0x0020, 0x0020, 0x0020, 0x0020,
  0x0020, 0x0020, 0x0020, 0x0020, 0x0020, 0x0020, 0x0020, 0x0020, 0x0020, 0x0020, 0x0020, 0x0020,
  0x0020, 0x0000, 0x18C3, 0x4A69, 0x29A7, 0x31C7, 0x3186, 0x31A7, 0x2125, 0x1082, 0x1082, 0x0861,
  0x0000, 0x6B2B, 0xACD1, 0xF719, 0x8C2F, 0x2166, 0x18E3, 0xB268, 0xCAA9, 0x18C3, 0xAD53, 0x8C50,
  0xEED9, 0xEED9, 0xEED9, 0xEED9, 0xEED9, 0xEED9, 0xEED9, 0xEED9, 0xEEF9, 0xEEF9, 0xEEF9, 0xEED9,
  0xEEF9, 0xEEF9, 0xEEF9, 0xEEF9, 0xEED9, 0xEEF9, 0xEEF9, 0xEEF9, 0xEEF9, 0xEED9, 0xEED9, 0xEEF9,
  0xEEF9, 0xEEF9, 0xEEF9, 0xEED9, 0xEED9, 0xEEF9, 0xE6D8, 0x8C50, 0xB574, 0x1904, 0x39C7, 0x39C7,
  0x3186, 0x39E7, 0x2966, 0xA4F2, 0xF71A, 0xE6B8, 0x31A6, 0xBB6B, 0xD2A9, 0xCAEA, 0xEC0E, 0x7A48,
  0x18C3, 0x29A7, 0x18E3, 0x18E4, 0x1904, 0x2104, 0x18E4, 0x18E3, 0x2986, 0x2986, 0x18E4, 0x1904,
  0x18E3, 0x0000, 0x0020, 0x0020, 0x0020, 0x0020, 0x0020, 0x0020, 0x0020, 0x0020, 0x0020, 0x0020,
  0x0020, 0x0020, 0x0020, 0x0020, 0x0020, 0x0020, 0x0020, 0x0020, 0x0020, 0x0020, 0x0020, 0x0020,
  0x0020, 0x0020, 0x0020, 0x0020, 0x0020, 0x0020, 0x0020, 0x0020, 0x0020, 0x0020, 0x0020, 0x0020,
  0x0020, 0x0020, 0x0020, 0x0020, 0x0020, 0x0020, 0x0020, 0x0020, 0x0020, 0x0020, 0x0020, 0x0020,
  0x0020, 0x0020, 0x0020, 0x0020, 0x0020, 0x0020, 0x0020, 0x0020, 0x0020, 0x0020, 0x0020, 0x0020,
  0x0020, 0x0020, 0x0020, 0x0020, 0x0020, 0x0020, 0x0020, 0x0020, 0x0020, 0x0020, 0x0020, 0x0020,
  0x0020, 0x0020, 0x0020, 0x0020, 0x0020, 0x0000, 0x10A2, 0x39C7, 0x2145, 0x31A7, 0x2986, 0x2966,
  0x2125, 0x1082, 0x1082, 0x0861, 0x0000, 0x6B2B, 0xACD1, 0xEEF9, 0x8C4F, 0x2966, 0x18C3, 0xAA27,
  0xEB0A, 0x4103, 0x7BEF, 0xA4D2, 0xC5B5, 0xF73A, 0xEED9, 0xEED9, 0xEED9, 0xEEF9, 0xEED9, 0xEED9,
  0xEEF9, 0xEEF9, 0xEEF9, 0xEED9, 0xEEF9, 0xEEF9, 0xEEF9, 0xEED9, 0xEED9, 0xEEF9, 0xEEF9, 0xEED9,
  0xEED9, 0xEED9, 0xEED9, 0xEED9, 0xEEF9, 0xEEF9, 0xEEF9, 0xEEF9, 0xEED9, 0xEED9, 0xEED9, 0x8C2F,
  0xBD94, 0x1904, 0x31A6, 0x2986, 0x2965, 0x31A6, 0x18C3, 0x8C0E, 0xF73A, 0xD657, 0x4207, 0xE40D,
  0xA227, 0x9A27, 0xEBCD, 0x59A6, 0x1904, 0x10A2, 0x18E4, 0x1904, 0x1904, 0x18E3, 0x2104, 0x31A6,
  0x2145, 0x18E4, 0x1904, 0x2125, 0x18C3, 0x0000, 0x0020, 0x0020, 0x0020, 0x0020, 0x0020, 0x0020,
  0x0020, 0x0020, 0x0020, 0x0020, 0x0020, 0x0020, 0x0020, 0x0020, 0x0020, 0x0020, 0x0020, 0x0020,
  0x0020, 0x0020, 0x0020, 0x0020, 0x0020, 0x0020, 0x0020, 0x0020, 0x0020, 0x0020, 0x0020, 0x0020,
  0x0020, 0x0020, 0x0020, 0x0020, 0x0020, 0x0020, 0x0020, 0x0020, 0x0020, 0x0020, 0x0020, 0x0020,
  0x0020, 0x0020, 0x0020, 0x0020, 0x0020, 0x0020, 0x0020, 0x0020, 0x0020, 0x0020, 0x0020, 0x0020,
  0x0020, 0x0020, 0x0020, 0x0020, 0x0020, 0x0020, 0x0020, 0x0020, 0x0020, 0x0020, 0x0020, 0x0020,
  0x0020, 0x0020, 0x0020, 0x0020, 0x0020, 0x0020, 0x0020, 0x0020, 0x0020, 0x0000, 0x10A2, 0x3A08,
  0x2986, 0x31A7, 0x2124, 0x2145, 0x2145, 0x1082, 0x1082, 0x0861, 0x0000, 0x6B2B, 0xA4D1, 0xEEF9,
  0x8C4F, 0x2145, 0x18C3, 0xAA27, 0xEB2B, 0x8A07, 0x31C7, 0xBD94, 0x8C4F, 0xF73A, 0xE6D8, 0xEED9,
  0xEEF9, 0xEEF9, 0xEED9, 0xEEF9, 0xE6D8, 0xEEF9, 0xEED9, 0xEED9, 0xEEF9, 0xEED9, 0xEEF9, 0xEED9,
  0xEED9, 0xEED9, 0xEED9, 0xEED9, 0xEED9, 0xEED9, 0xEED9, 0xEED8, 0xEED9, 0xEEF9, 0xEEF9, 0xEEF9,
  0xEED9, 0xEEF9, 0xEED9, 0x8C0F, 0xBD94, 0x2104, 0x3186, 0x2986, 0x2966, 0x31C7, 0x18C3, 0x8C0E,
  0xFF7B, 0xA513, 0x5A27, 0xF3CD, 0xD2EA, 0xDB0A, 0xCB2A, 0x3104, 0x1925, 0x18E3, 0x2104, 0x1904,
  0x10C3, 0x2965, 0x2986, 0x2104, 0x1904, 0x2104, 0x2104, 0x2125, 0x18C3, 0x0000, 0x0020, 0x0020,
  0x0020, 0x0020, 0x0020, 0x0020, 0x0020, 0x0020, 0x0020, 0x0020, 0x0020, 0x0020, 0x0020, 0x0020,
  0x0020, 0x0020, 0x0020, 0x0020, 0x0020, 0x0020, 0x0020, 0x0020, 0x0020, 0x0020, 0x0020, 0x0020,
  0x0020, 0x0020, 0x0020, 0x0020, 0x0020, 0x0020, 0x0020, 0x0020, 0x0020, 0x0020, 0x0020, 0x0020,
  0x0020, 0x0020, 0x0020, 0x0020, 0x0020, 0x0020, 0x0020, 0x0020, 0x0020, 0x0020, 0x0020, 0x0020,
  0x0020, 0x0020, 0x0020, 0x0020, 0x0020, 0x0020, 0x0020, 0x0020, 0x0020, 0x0020, 0x0020, 0x0020,
  0x0020, 0x0020, 0x0020, 0x0020, 0x0020, 0x0020, 0x0020, 0x0020, 0x0020, 0x0020, 0x0020, 0x0020,
  0x0020, 0x0000, 0x0841, 0x2145, 0x2966, 0x31C7, 0x2125, 0x2945, 0x2145, 0x1082, 0x1082, 0x0861,
  0x0000, 0x6B2B, 0xA4D1, 0xEEF9, 0x8C4F, 0x2145, 0x18C3, 0xB248, 0xE30A, 0xCAA9, 0x20A2, 0xA4F2,
  0x8C2F, 0xD657, 0xEEF9, 0xEED9, 0xEED9, 0xEEF9, 0xEED9, 0xEED9, 0xEED9, 0xEED9, 0xEEF9, 0xEEF9,
  0xEEF9, 0xEED9, 0xEED9, 0xEEF9, 0xEEF9, 0xEED9, 0xEED9, 0xEEF9, 0xEED9, 0xEED9, 0xEED9, 0xEED9,
  0xEED9, 0xEED9, 0xEED9, 0xEED9, 0xEED9, 0xEEF9, 0xE6B8, 0x8C2F, 0xB574, 0x1904, 0x2986, 0x2986,
  0x2986, 0x31A7, 0x18C3, 0x8C0E, 0xFF9B, 0x738D, 0x8288, 0xEB4B, 0xDB0A, 0xEB8B, 0xA2C9, 0x18C3,
  0x1904, 0x18E3, 0x18E4, 0x18E4, 0x2966, 0x2965, 0x18E4, 0x1904, 0x2124, 0x2125, 0x2104, 0x2125,
  0x18C3, 0x0000, 0x0020, 0x0020, 0x0020, 0x0020, 0x0020, 0x0020, 0x0020, 0x0020, 0x0020, 0x0020,
  0x0020, 0x0020, 0x0020, 0x0020, 0x0020, 0x0020, 0x0020, 0x0020, 0x0020, 0x0020, 0x0020, 0x0020,
  0x0020, 0x0020, 0x0020, 0x0020, 0x0020, 0x0020, 0x0020, 0x0020, 0x0020, 0x0020, 0x0020, 0x0020,
  0x0020, 0x0020, 0x0020, 0x0020, 0x0020, 0x0020, 0x0020, 0x0020, 0x0020, 0x0020, 0x0020, 0x0020,
  0x0020, 0x0020, 0x0020, 0x0020, 0x0020, 0x0020, 0x0020, 0x0020, 0x0020, 0x0020, 0x0020, 0x0020,
  0x0020, 0x0020, 0x0020, 0x0020, 0x0020, 0x0020, 0x0020, 0x0020, 0x0020, 0x0020, 0x0020, 0x0020,
  0x0020, 0x0020, 0x0020, 0x0020, 0x0020, 0x0000, 0x1082, 0x632C, 0x2965, 0x10A3, 0x18E4, 0x31A7,
  0x2966, 0x10A2, 0x0861, 0x0861, 0x0020, 0x6B0B, 0xA4D1, 0xEED9, 0x8C2F, 0x2145, 0x18C3, 0xB248,
  0xDAEA, 0xE30A, 0x6164, 0x4269, 0xBDB5, 0x9450, 0xFF5A, 0xE6D8, 0xEEF9, 0xEED9, 0xEEF9, 0xEEF9,
  0xEED9, 0xEED9, 0xEED9, 0xEEF9, 0xEEF9, 0xEEF9, 0xEEF9, 0xEEF9, 0xEEF9, 0xEEF9, 0xEED9, 0xEED9,
  0xEED9, 0xEED9, 0xEED8, 0xEED9, 0xEED9, 0xEED9, 0xEED9, 0xEED9, 0xEED9, 0xEEF9, 0xDE77, 0x8C50,
  0xAD33, 0x10C3, 0x31A7, 0x31A6, 0x2986, 0x31C7, 0x18C3, 0x8C0E, 0xFF5A, 0x4A48, 0xBB2A, 0xE30A,
  0xDB0A, 0xEBAC, 0x7227, 0x18E4, 0x1904, 0x10C3, 0x2145, 0x2986, 0x2124, 0x18E4, 0x1904, 0x2125,
  0x10A2, 0x0841, 0x1904, 0x2125, 0x18C3, 0x0000, 0x0020, 0x0020, 0x0020, 0x0020, 0x0020, 0x0020,
  0x0020, 0x0020, 0x0020, 0x0020, 0x0020, 0x0020, 0x0020, 0x0020, 0x0020, 0x0020, 0x0020, 0x0020,
  0x0020, 0x0020, 0x0020, 0x0020, 0x0020, 0x0020, 0x0020, 0x0020, 0x0020, 0x0020, 0x0020, 0x0020,
  0x0020, 0x0020, 0x0020, 0x0020, 0x0020, 0x0020, 0x0020, 0x0020, 0x0020, 0x0020, 0x0020, 0x0020,
  0x0020, 0x0020, 0x0020, 0x0020, 0x0020, 0x0020, 0x0020, 0x0020, 0x0020, 0x0020, 0x0020, 0x0020,
  0x0020, 0x0020, 0x0020, 0x0020, 0x0020, 0x0020, 0x0020, 0x0020, 0x0020, 0x0020, 0x0020, 0x0020,
  0x0020, 0x0020, 0x0020, 0x0020, 0x0020, 0x0020, 0x0020, 0x0020, 0x0021, 0x0000, 0x2945, 0xF73A,
  0xD657, 0xA4F2, 0x4228, 0x18E3, 0x18E3, 0x0841, 0x18C3, 0x10A2, 0x0000, 0x6B0B, 0xA4B1, 0xEED8,
  0x8C2F, 0x2965, 0x18E3, 0xB248, 0xDAEA, 0xDAEA, 0xCAC9, 0x18A2, 0xAD33, 0x8C0F, 0xD637, 0xEF19,
  0xEED9, 0xEED9, 0xEEF9, 0xEEF9, 0xEEF9, 0xEED9, 0xEED9, 0xEEF9, 0xEEF9, 0xEEF9, 0xEEF9, 0xEEF9,
  0xEEF9, 0xEEF9, 0xEED9, 0xEED8, 0xEEF9, 0xEED9, 0xEED9, 0xEED9, 0xEEF9, 0xEED9, 0xEED9, 0xEED9,
  0xE6D8, 0xF719, 0xC5D5, 0x9CB1, 0x9C70, 0x10A3, 0x31A6, 0x2966, 0x2966, 0x31C7, 0x10C3, 0x8C2F,
  0xDE77, 0x41E6, 0xE3AC, 0xDB0A, 0xDB0A, 0xE3AC, 0x4965, 0x1904, 0x10C3, 0x2125, 0x2986, 0x18E4,
  0x1904, 0x2124, 0x2124, 0x0041, 0x5ACA, 0x840F, 0x1082, 0x2145, 0x18C3, 0x0000, 0x0020, 0x0020,
  0x0020, 0x0020, 0x0020, 0x0020, 0x0020, 0x0020, 0x0020, 0x0020, 0x0020, 0x0020, 0x0020, 0x0020,
  0x0020, 0x0020, 0x0020, 0x0020, 0x0020, 0x0020, 0x0020, 0x0020, 0x0020, 0x0020, 0x0020, 0x0020,
  0x0020, 0x0020, 0x0020, 0x0020, 0x0020, 0x0020, 0x0020, 0x0020, 0x0020, 0x0020, 0x0020, 0x0020,
  0x0020, 0x0020, 0x0020, 0x0020, 0x0020, 0x0020, 0x0020, 0x0020, 0x0020, 0x0020, 0x0020, 0x0020,
  0x0020, 0x0020, 0x0020, 0x0020, 0x0020, 0x0020, 0x0020, 0x0020, 0x0020, 0x0020, 0x0020, 0x0020,
  0x0020, 0x0020, 0x0020, 0x0020, 0x0020, 0x0020, 0x0020, 0x0020, 0x0020, 0x0020, 0x0020, 0x0020,
  0x0021, 0x0000, 0x2124, 0xD636, 0xD616, 0xF73A, 0x7B8D, 0x2965, 0x39E7, 0x2986, 0x39E8, 0x18E3,
  0x0000, 0x6B0A, 0xA4B1, 0xEED8, 0x8C2F, 0x2966, 0x18E3, 0xAA48, 0xE2EA, 0xD2EA, 0xE32B, 0x6965,
  0x39E7, 0xC5D5, 0x840F, 0xF73A, 0xE6B8, 0xEEF9, 0xEEF9, 0xEEF9, 0xEEF9, 0xEED9, 0xEED9, 0xEEF9,
  0xEED9, 0xEEF9, 0xEEF9, 0xEEF9, 0xEEF9, 0xEEF9, 0xEED9, 0xEED9, 0xEED9, 0xEED9, 0xEEF9, 0xEED9,
  0xEED9, 0xEEF9, 0xEED9, 0xEED9, 0xE6B8, 0xF73A, 0xA4F2, 0xB554, 0x7B8D, 0x1904, 0x39E8, 0x31A6,
  0x31A7, 0x31C7, 0x10A3, 0x9C70, 0xA4F2, 0x6227, 0xF3AC, 0xDB0A, 0xE32A, 0xC36B, 0x28E3, 0x1924,
  0x10C3, 0x2145, 0x10A3, 0x18E3, 0x2145, 0x18C3, 0x1082, 0x842F, 0xD677, 0x9C70, 0x18C3, 0x2125,
  0x18C3, 0x0000, 0x0020, 0x0020, 0x0020, 0x0020, 0x0020, 0x0020, 0x0020, 0x0020, 0x0020, 0x0020,
  0x0020, 0x0020, 0x0020, 0x0020, 0x0020, 0x0020, 0x0020, 0x0020, 0x0020, 0x0020, 0x0020, 0x0020,
  0x0020, 0x0020, 0x0020, 0x0020, 0x0020, 0x0020, 0x0020, 0x0020, 0x0020, 0x0020, 0x0020, 0x0020,
  0x0020, 0x0020, 0x0020, 0x0020, 0x0020, 0x0020, 0x0020, 0x0020, 0x0020, 0x0020, 0x0020, 0x0020,
  0x0020, 0x0020, 0x0020, 0x0020, 0x0020, 0x0020, 0x0020, 0x0020, 0x0020, 0x0020, 0x0020, 0x0020,
  0x0020, 0x0020, 0x0020, 0x0020, 0x0020, 0x0020, 0x0020, 0x0020, 0x0020, 0x0020, 0x0020, 0x0020,
  0x0020, 0x0020, 0x0020, 0x0020, 0x0021, 0x0000, 0x2124, 0xDE78, 0xD616, 0xDE77, 0x62EA, 0x18C3,
  0x4208, 0x39E8, 0x10C3, 0x1082, 0x0000, 0x6B0B, 0xA4B1, 0xE6D8, 0x8C2F, 0x2986, 0x18E3, 0xAA47,
  0xE30A, 0xD2EA, 0xDAEA, 0xC288, 0x0841, 0x9491, 0x9CB1, 0xAD12, 0xF75A, 0xE6D9, 0xEEF9, 0xEED9,
  0xEED9, 0xEED9, 0xEED9, 0xEEF9, 0xEEF9, 0xEED9, 0xEEF9, 0xEEF9, 0xEEF9, 0xEED9, 0xEED9, 0xEEF9,
  0xEED9, 0xEED9, 0xEEF9, 0xEEF9, 0xEED9, 0xEED9, 0xEED9, 0xEED9, 0xE6D8, 0xF73A, 0x840F, 0xC5F6,
  0x4A28, 0x0861, 0x18C3, 0x18E4, 0x2965, 0x2966, 0x0861, 0x9C91, 0x7BCE, 0x92C9, 0xEB4B, 0xDAEA,
  0xEB6B, 0x9AE9, 0x10A3, 0x1904, 0x18E3, 0x2145, 0x18E3, 0x2124, 0x0862, 0x2965, 0xB574, 0xC5B5,
  0x9C70, 0x8C0E, 0x18C3, 0x2145, 0x18C3, 0x0000, 0x0020, 0x0020, 0x0020, 0x0020, 0x0020, 0x0020,
  0x0020, 0x0020, 0x0020, 0x0020, 0x0020, 0x0020, 0x0020, 0x0020, 0x0020, 0x0020, 0x0020, 0x0020,
  0x0020, 0x0020, 0x0020, 0x0020, 0x0020, 0x0020, 0x0020, 0x0020, 0x0020, 0x0020, 0x0020, 0x0020,
  0x0020, 0x0020, 0x0020, 0x0020, 0x0020, 0x0020, 0x0020, 0x0020, 0x0020, 0x0020, 0x0020, 0x0020,
  0x0020, 0x0020, 0x0020, 0x0020, 0x0020, 0x0020, 0x0020, 0x0020, 0x0020, 0x0020, 0x0020, 0x0020,
  0x0020, 0x0020, 0x0020, 0x0020, 0x0020, 0x0020, 0x0020, 0x0020, 0x0020, 0x0020, 0x0020, 0x0020,
  0x0020, 0x0020, 0x0020, 0x0020, 0x0020, 0x0020, 0x0020, 0x0020, 0x0021, 0x0000, 0x2124, 0xDE78,
  0xD615, 0xE697, 0x6B2B, 0x18E4, 0x2966, 0x2965, 0x10A3, 0x10A2, 0x0000, 0x62EA, 0x9C90, 0xEEF9,
  0x9450, 0x2125, 0x2104, 0xB268, 0xE30A, 0xDAEA, 0xC2A9, 0xB2C9, 0x8A07, 0x10E3, 0xCDF5, 0x7BAD,
  0xD657, 0xEF19, 0xE6D9, 0xEED9, 0xEED9, 0xEED9, 0xEED9, 0xEEF9, 0xEEF9, 0xEED8, 0xEED9, 0xEEF9,
  0xEEF9, 0xEED9, 0xEED9, 0xEED9, 0xEED9, 0xEED9, 0xEEF9, 0xEEF9, 0xEED9, 0xEED9, 0xEED9, 0xEED9,
  0xEEF9, 0xE6B9, 0x7BCE, 0xCE16, 0x18E4, 0x3922, 0xBB44, 0x7A43, 0x18E3, 0x10C3, 0x2924, 0xBD74,
  0x52A9, 0xCB8B, 0xE2EA, 0xDAEA, 0xEB8C, 0x6A07, 0x10E3, 0x18E3, 0x18E4, 0x2125, 0x1904, 0x0862,
  0x5AAA, 0xCE16, 0xBD73, 0xA4B1, 0x5AA9, 0x8BEE, 0x18C3, 0x2145, 0x18C3, 0x0000, 0x0020, 0x0020,
  0x0020, 0x0020, 0x0020, 0x0020, 0x0020, 0x0020, 0x0020, 0x0020, 0x0020, 0x0020, 0x0020, 0x0020,
  0x0020, 0x0020, 0x0020, 0x0020, 0x0020, 0x0020, 0x0020, 0x0020, 0x0020, 0x0020, 0x0020, 0x0020,
  0x0020, 0x0020, 0x0020, 0x0020, 0x0020, 0x0020, 0x0020, 0x0020, 0x0020, 0x0020, 0x0020, 0x0020,
  0x0020, 0x0020, 0x0020, 0x0020, 0x0020, 0x0020, 0x0020, 0x0020, 0x0020, 0x0020, 0x0020, 0x0020,
  0x0020, 0x0020, 0x0020, 0x0020, 0x0020, 0x0020, 0x0020, 0x0020, 0x0020, 0x0020, 0x0020, 0x0020,
  0x0020, 0x0020, 0x0020, 0x0020, 0x0020, 0x0020, 0x0020, 0x0020, 0x0020, 0x0020, 0x0020, 0x0020,
  0x0021, 0x0000, 0x2124, 0xDE77, 0xD615, 0xE698, 0x6B0B, 0x1904, 0x31C7, 0x2965, 0x10C3, 0x10A2,
  0x0000, 0x62CA, 0xA4B1, 0xD636, 0x5AAA, 0x3A08, 0x18E3, 0xBA88, 0xDAEA, 0xAA88, 0xBB2A, 0xD30A,
  0xEB4B, 0x4924, 0x3A08, 0xD657, 0x736D, 0xEEF9, 0xEED9, 0xE6D9, 0xEED9, 0xEED9, 0xEED9, 0xEED9,
  0xEED9, 0xEED9, 0xEED9, 0xEED9, 0xEED9, 0xEED9, 0xEED9, 0xEED8, 0xEEF9, 0xEEF9, 0xEED9, 0xEED9,
  0xEEF9, 0xEED9, 0xEED9, 0xE6D9, 0xFF5A, 0xAD33, 0xA4F2, 0xA4B1, 0x0001, 0x7223, 0xFCE8, 0xD426,
  0x39C7, 0x2145, 0x62EA, 0xC5F5, 0x49E6, 0xEBAC, 0xDAEA, 0xDB0A, 0xDBCD, 0x4144, 0x1904, 0x18C3,
  0x2104, 0x2124, 0x0882, 0x62EB, 0xD657, 0xA4D1, 0xACF1, 0xAD12, 0xA4B1, 0x942F, 0x10A3, 0x2145,
  0x18C3, 0x0000, 0x0020, 0x0020, 0x0020, 0x0020, 0x0020, 0x0020, 0x0020, 0x0020, 0x0020, 0x0020,
  0x0020, 0x0020, 0x0020, 0x0020, 0x0020, 0x0020, 0x0020, 0x0020, 0x0020, 0x0020, 0x0020, 0x0020,
  0x0020, 0x0020, 0x0020, 0x0020, 0x0020, 0x0020, 0x0020, 0x0020, 0x0020, 0x0020, 0x0020, 0x0020,
  0x0020, 0x0020, 0x0020, 0x0020, 0x0020, 0x0020, 0x0020, 0x0020, 0x0020, 0x0020, 0x0020, 0x0020,
  0x0020, 0x0020, 0x0020, 0x0020, 0x0020, 0x0020, 0x0020, 0x0020, 0x0020, 0x0020, 0x0020, 0x0020,
  0x0020, 0x0020, 0x0020, 0x0020, 0x0020, 0x0020, 0x0020, 0x0020, 0x0020, 0x0020, 0x0020, 0x0020,
  0x0020, 0x0020, 0x0020, 0x0020, 0x0021, 0x0000, 0x2124, 0xDE77, 0xD615, 0xE698, 0x6B0B, 0x18E4,
  0x31C7, 0x2986, 0x18C3, 0x10A2, 0x0000, 0x62CA, 0xAD12, 0xA4D1, 0x3186, 0x4249, 0x10A2, 0x9A06,
  0xB2EA, 0xCB2A, 0xE30A, 0xD2EA, 0xDB0A, 0xD2E9, 0x2082, 0x6B4C, 0xC5D5, 0x7BAE, 0xF71A, 0xEEF9,
  0xEED9, 0xEED9, 0xEED9, 0xEED9, 0xEED9, 0xEEF9, 0xEED9, 0xEED9, 0xEED9, 0xEED9, 0xEED9, 0xEED9,
  0xEED9, 0xEEF9, 0xEED9, 0xEED8, 0xEED9, 0xEED9, 0xEEF9, 0xEED9, 0xEF19, 0x736D, 0xE6B9, 0x4A48,
  0x0861, 0xB365, 0xF4C8, 0xC3E6, 0x39E7, 0x1905, 0x62EA, 0x9491, 0x7247, 0xF38C, 0xDAEA, 0xE32B,
  0xC38C, 0x20C3, 0x1904, 0x18C3, 0x2145, 0x1904, 0x1082, 0xAD33, 0xA4D1, 0xAD12, 0xAD12, 0xACF1,
  0xBD53, 0x942F, 0x10A2, 0x2125, 0x18C3, 0x0000, 0x0020, 0x0020, 0x0020, 0x0020, 0x0020, 0x0020,
  0x0020, 0x0020, 0x0020, 0x0020, 0x0020, 0x0020, 0x0020, 0x0020, 0x0020, 0x0020, 0x0020, 0x0020,
  0x0020, 0x0020, 0x0020, 0x0020, 0x0020, 0x0020, 0x0020, 0x0020, 0x0020, 0x0020, 0x0020, 0x0020,
  0x0020, 0x0020, 0x0020, 0x0020, 0x0020, 0x0020, 0x0020, 0x0020, 0x0020, 0x0020, 0x0020, 0x0020,
  0x0020, 0x0020, 0x0020, 0x0020, 0x0020, 0x0020, 0x0020, 0x0020, 0x0020, 0x0020, 0x0020, 0x0020,
  0x0020, 0x0020, 0x0020, 0x0020, 0x0020, 0x0020, 0x0020, 0x0020, 0x0020, 0x0020, 0x0020, 0x0020,
  0x0020, 0x0020, 0x0020, 0x0020, 0x0020, 0x0020, 0x0020, 0x0020, 0x0021, 0x0000, 0x2124, 0xDE77,
  0xD615, 0xE697, 0x6B0B, 0x1904, 0x31C7, 0x2966, 0x10A3, 0x18C3, 0x0000, 0x5AA9, 0xA490, 0xCE16,
  0x31A6, 0x10C3, 0x40C3, 0xB2C9, 0xDB0A, 0xDAEA, 0xD2EA, 0xDB0A, 0xD2EA, 0xDB0A, 0xBAA9, 0x1041,
  0x8C2F, 0xC5D5, 0x738D, 0xEF19, 0xEEF9, 0xE6B8, 0xEED9, 0xEED9, 0xEEF9, 0xEED9, 0xEED9, 0xEED8,
  0xEEF9, 0xEEF9, 0xEED9, 0xEED9, 0xEEF9, 0xEED9, 0xEED9, 0xEED9, 0xEED9, 0xEEF9, 0xE6D9, 0xFF7B,
  0x9470, 0xA4D1, 0xBD74, 0x0883, 0x4983, 0xEC67, 0xEC88, 0xCC06, 0x4207, 0x1905, 0x6B0B, 0x632C,
  0xA2A9, 0xEB2B, 0xDB0A, 0xEBAC, 0x92A9, 0x18C3, 0x1904, 0x18C3, 0x2145, 0x18C3, 0x31A6, 0xBD94,
  0xA4B0, 0xAD12, 0xAD12, 0xACF2, 0xB512, 0x8C2F, 0x10A3, 0x2145, 0x18C3, 0x0000, 0x0020, 0x0020,
  0x0020, 0x0020, 0x0020, 0x0020, 0x0020, 0x0020, 0x0020, 0x0020, 0x0020, 0x0020, 0x0020, 0x0020,
  0x0020, 0x0020, 0x0020, 0x0020, 0x0020, 0x0020, 0x0020, 0x0020, 0x0020, 0x0020, 0x0020, 0x0020,
  0x0020, 0x0020, 0x0020, 0x0020, 0x0020, 0x0020, 0x0020, 0x0020, 0x0020, 0x0020, 0x0020, 0x0020,
  0x0020, 0x0020, 0x0020, 0x0020, 0x0020, 0x0020, 0x0020, 0x0020, 0x0020, 0x0020, 0x0020, 0x0020,
  0x0020, 0x0020, 0x0020, 0x0020, 0x0020, 0x0020, 0x0020, 0x0020, 0x0020, 0x0020, 0x0020, 0x0020,
  0x0020, 0x0020, 0x0020, 0x0020, 0x0020, 0x0020, 0x0020, 0x0020, 0x0020, 0x0020, 0x0020, 0x0020,
  0x0021, 0x0000, 0x2124, 0xDE77, 0xD615, 0xDE97, 0x6B0B, 0x1904, 0x31A7, 0x2986, 0x2104, 0x2986,
  0x0882, 0x5A89, 0x944F, 0xDE97, 0x5289, 0x10E4, 0x5924, 0xEB0A, 0xD2C9, 0xDAEA, 0xDAEA, 0xD30A,
  0xD2EA, 0xD2EA, 0xDAEA, 0x8207, 0x0861, 0x8C50, 0xC5D5, 0x736D, 0xDE98, 0xF75A, 0xE6D8, 0xEED9,
  0xEED9, 0xEED9, 0xEED8, 0xEED9, 0xEED9, 0xEED9, 0xEED9, 0xEED9, 0xEEF9, 0xEED9, 0xEED9, 0xEEF9,
  0xEED9, 0xE6B8, 0xF75A, 0xC5F6, 0x736D, 0xEEF9, 0x31A6, 0x0862, 0xAB24, 0xF4A8, 0xEC87, 0xCC06,
  0x39E7, 0x2125, 0x5289, 0x5268, 0xD36B, 0xDB0A, 0xDAE9, 0xEC0D, 0x6A07, 0x10C3, 0x18E4, 0x2124,
  0x2125, 0x0862, 0x632B, 0xBD94, 0xA4D1, 0xACF2, 0xACF2, 0xACF2, 0xB532, 0x8C0E, 0x10A3, 0x2145,
  0x18C3, 0x0000, 0x0020, 0x0020, 0x0020, 0x0020, 0x0020, 0x0020, 0x0020, 0x0020, 0x0020, 0x0020,
  0x0020, 0x0020, 0x0020, 0x0020, 0x0020, 0x0020, 0x0020, 0x0020, 0x0020, 0x0020, 0x0020, 0x0020,
  0x0020, 0x0020, 0x0020, 0x0020, 0x0020, 0x0020, 0x0020, 0x0020, 0x0020, 0x0020, 0x0020, 0x0020,
  0x0020, 0x0020, 0x0020, 0x0020, 0x0020, 0x0020, 0x0020, 0x0020, 0x0020, 0x0020, 0x0020, 0x0020,
  0x0020, 0x0020, 0x0020, 0x0020, 0x0020, 0x0020, 0x0020, 0x0020, 0x0020, 0x0020, 0x0020, 0x0020,
  0x0020, 0x0020, 0x0020, 0x0020, 0x0020, 0x0020, 0x0020, 0x0020, 0x0020, 0x0020, 0x0020, 0x0020,
  0x0020, 0x0020, 0x0020, 0x0020, 0x0021, 0x0000, 0x2124, 0xDE57, 0xCDF5, 0xDE97, 0x6B2B, 0x18E4,
  0x2986, 0x3A08, 0x39C7, 0x31A7, 0x2145, 0x2924, 0x8C0E, 0xBD53, 0x5289, 0x1945, 0x5103, 0xDAEA,
  0xDAEA, 0xDAEA, 0xDAEA, 0xD2EA, 0xD2EA, 0xDAEA, 0xA2A8, 0xD32B, 0x9A27, 0x0021, 0x7BEE, 0xD637,
  0x738D, 0xB574, 0xFF5B, 0xEEF9, 0xE6D8, 0xEED9, 0xEED9, 0xEEF9, 0xEEF9, 0xEED8, 0xEEF9, 0xEEF9,
  0xEED9, 0xEED9, 0xEED9, 0xEED9, 0xE6D8, 0xFF5A, 0xCE16, 0x5ACA, 0xF73A, 0x7BAD, 0x0042, 0x59C3,
  0xECA7, 0xE487, 0xEC88, 0xCC06, 0x39C6, 0x2145, 0x4A28, 0x51E6, 0xCB4B, 0xD3AC, 0xE34B, 0xDBCD,
  0x4165, 0x1904, 0x18C3, 0x2966, 0x2124, 0x0862, 0x9CB1, 0xB533, 0xACF1, 0xACF1, 0xACF2, 0xACF2,
  0xB512, 0x8C0E, 0x10A3, 0x2145, 0x18C3, 0x0000, 0x0020, 0x0020, 0x0020, 0x0020, 0x0020, 0x0020,
  0x0020, 0x0020, 0x0020, 0x0020, 0x0020, 0x0020, 0x0020, 0x0020, 0x0020, 0x0020, 0x0020, 0x0020,
  0x0020, 0x0020, 0x0020, 0x0020, 0x0020, 0x0020, 0x0020, 0x0020, 0x0020, 0x0020, 0x0020, 0x0020,
  0x0020, 0x0020, 0x0020, 0x0020, 0x0020, 0x0020, 0x0020, 0x0020, 0x0020, 0x0020, 0x0020, 0x0020,
  0x0020, 0x0020, 0x0020, 0x0020, 0x0020, 0x0020, 0x0020, 0x0020, 0x0020, 0x0020, 0x0020, 0x0020,
  0x0020, 0x0020, 0x0020, 0x0020, 0x0020, 0x0020, 0x0020, 0x0020, 0x0020, 0x0020, 0x0020, 0x0020,
  0x0020, 0x0020, 0x0020, 0x0020, 0x0020, 0x0020, 0x0020, 0x0020, 0x0021, 0x0000, 0x2124, 0xDE77,
  0xCDF5, 0xDE77, 0x6B0B, 0x18C3, 0x31A6, 0x31A7, 0x39E7, 0x2986, 0x31C7, 0x10A3, 0x62CA, 0xACF1,
  0x4A69, 0x1945, 0x5124, 0xE30A, 0xD2EA, 0xDAEA, 0xDAEA, 0xDAEA, 0xDAC9, 0xAAA9, 0xCB2B, 0xD2C9,
  0xE30A, 0xA248, 0x0841, 0x52AA, 0xDE98, 0x9470, 0x7BCE, 0xD636, 0xF75A, 0xF719, 0xEED9, 0xE6D9,
  0xE6B8, 0xE6B8, 0xEED9, 0xEED9, 0xE6D8, 0xE6B8, 0xE6D8, 0xEF19, 0xFF5B, 0xB554, 0x630B, 0xE6B8,
  0x9C90, 0x0862, 0x20E2, 0xCBC5, 0xECA8, 0xE467, 0xEC87, 0xCBE6, 0x39C6, 0x2145, 0x39C6, 0x3145,
  0x5965, 0x8185, 0xA248, 0xAA68, 0x28A2, 0x2145, 0x2125, 0x18E4, 0x18E4, 0x2124, 0xBD94, 0xA4B1,
  0xAD12, 0xACF2, 0xACF2, 0xACF2, 0xB532, 0x8C0E, 0x10A3, 0x2125, 0x10C3, 0x0000, 0x0020, 0x0020,
  0x0020, 0x0020, 0x0020, 0x0020, 0x0020, 0x0020, 0x0020, 0x0020, 0x0020, 0x0020, 0x0020, 0x0020,
  0x0020, 0x0020, 0x0020, 0x0020, 0x0020, 0x0020, 0x0020, 0x0020, 0x0020, 0x0020, 0x0020, 0x0020,
  0x0020, 0x0020, 0x0020, 0x0020, 0x0020, 0x0020, 0x0020, 0x0020, 0x0020, 0x0020, 0x0020, 0x0020,
  0x0020, 0x0020, 0x0020, 0x0020, 0x0020, 0x0020, 0x0020, 0x0020, 0x0020, 0x0020, 0x0020, 0x0020,
  0x0020, 0x0020, 0x0020, 0x0020, 0x0020, 0x0020, 0x0020, 0x0020, 0x0020, 0x0020, 0x0020, 0x0020,
  0x0020, 0x0020, 0x0020, 0x0020, 0x0020, 0x0020, 0x0020, 0x0020, 0x0020, 0x0020, 0x0020, 0x0020,
  0x0021, 0x0000, 0x2124, 0xDE57, 0xCDF5, 0xDE77, 0x6B0B, 0x18E3, 0x31A7, 0x2966, 0x39C7, 0x39E7,
  0x31C7, 0x2966, 0x2104, 0x940E, 0x41E7, 0x1925, 0x5103, 0xE30A, 0xD2EA, 0xDAEA, 0xDAEA, 0xDAEA,
  0xAAA9, 0xC32A, 0xDAEA, 0xD2EA, 0xD2EA, 0xE32A, 0xBA88, 0x1861, 0x2145, 0xB574, 0xC5F6, 0x83EE,
  0x8C50, 0xC5D5, 0xEEF9, 0xF73A, 0xF73A, 0xF73A, 0xF71A, 0xF71A, 0xF73A, 0xF73A, 0xF73A, 0xCE16,
  0x7BAD, 0x7BCE, 0xF73A, 0x9470, 0x10A3, 0x18A2, 0xA2E3, 0xF4A7, 0xEC67, 0xEC87, 0xEC87, 0xCBE6,
  0x39C6, 0x2966, 0x3144, 0x39E7, 0x3A29, 0x31C7, 0x4186, 0x4124, 0x2104, 0x2145, 0x18C3, 0x18E3,
  0x10A2, 0x5289, 0xBDB4, 0xA4B0, 0xAD12, 0xAD12, 0xAD12, 0xAD12, 0xB532, 0x8C0E, 0x10A3, 0x2125,
  0x10C3, 0x0000, 0x0020, 0x0020, 0x0020, 0x0020, 0x0020, 0x0020, 0x0020, 0x0020, 0x0020, 0x0020,
  0x0020, 0x0020, 0x0020, 0x0020, 0x0020, 0x0020, 0x0020, 0x0020, 0x0020, 0x0020, 0x0020, 0x0020,
  0x0020, 0x0020, 0x0020, 0x0020, 0x0020, 0x0020, 0x0020, 0x0020, 0x0020, 0x0020, 0x0020, 0x0020,
  0x0020, 0x0020, 0x0020, 0x0020, 0x0020, 0x0020, 0x0020, 0x0020, 0x0020, 0x0020, 0x0020, 0x0020,
  0x0020, 0x0020, 0x0020, 0x0020, 0x0020, 0x0020, 0x0020, 0x0020, 0x0020, 0x0020, 0x0020, 0x0020,
  0x0020, 0x0020, 0x0020, 0x0020, 0x0020, 0x0020, 0x0020, 0x0020, 0x0020, 0x0020, 0x0020, 0x0020,
  0x0020, 0x0020, 0x0020, 0x0020, 0x0021, 0x0000, 0x2124, 0xD657, 0xCDF5, 0xDE77, 0x6B0B, 0x18E4,
  0x31A6, 0x2966, 0x2986, 0x4208, 0x31C7, 0x39E8, 0x10C3, 0x62A9, 0x4207, 0x1925, 0x5103, 0xE30A,
  0xD2C9, 0xD2C9, 0xDACA, 0xB289, 0xC32B, 0xDAEA, 0xD2EA, 0xDAEA, 0xD2EA, 0xD2EA, 0xD2C9, 0xAAA9,
  0x4903, 0x0862, 0x5ACA, 0xC5F6, 0xCDF6, 0x9470, 0x83EE, 0x9450, 0xAD12, 0xBD94, 0xC5D5, 0xBDB4,
  0xB553, 0x9C90, 0x7BCE, 0x83EE, 0xCE16, 0xE6B8, 0x62EA, 0x0042, 0x18C2, 0x8AA4, 0xEC88, 0xEC67,
  0xEC67, 0xEC87, 0xEC87, 0xCBE6, 0x39A6, 0x2966, 0x3165, 0x3186, 0x2986, 0x31A6, 0x3A08, 0x31E7,
  0x2124, 0x10C3, 0x10C3, 0x18E4, 0x0021, 0x83EE, 0xB533, 0xA4D1, 0xACF2, 0xACF2, 0xACF2, 0xACF2,
  0xB532, 0x8C0E, 0x10A3, 0x2145, 0x18C3, 0x0000, 0x0020, 0x0020, 0x0020, 0x0020, 0x0020, 0x0020,
  0x0020, 0x0020, 0x0020, 0x0020, 0x0020, 0x0020, 0x0020, 0x0020, 0x0020, 0x0020, 0x0020, 0x0020,
  0x0020, 0x0020, 0x0020, 0x0020, 0x0020, 0x0020, 0x0020, 0x0020, 0x0020, 0x0020, 0x0020, 0x0020,
  0x0020, 0x0020, 0x0020, 0x0020, 0x0020, 0x0020, 0x0020, 0x0020, 0x0020, 0x0020, 0x0020, 0x0020,
  0x0020, 0x0020, 0x0020, 0x0020, 0x0020, 0x0020, 0x0020, 0x0020, 0x0020, 0x0020, 0x0020, 0x0020,
  0x0020, 0x0020, 0x0020, 0x0020, 0x0020, 0x0020, 0x0020, 0x0020, 0x0020, 0x0020, 0x0020, 0x0020,
  0x0020, 0x0020, 0x0020, 0x0020, 0x0020, 0x0020, 0x0020, 0x0020, 0x0041, 0x0000, 0x2104, 0xD657,
  0xCDF5, 0xDE77, 0x6B0B, 0x18E4, 0x31A6, 0x2986, 0x2986, 0x39E8, 0x39E8, 0x31C7, 0x2966, 0x2924,
  0x3165, 0x10E4, 0x5104, 0xDAEA, 0xD2C9, 0xDAC9, 0xAA88, 0xC32A, 0xDAEA, 0xD2CA, 0xDAEA, 0xDAEA,
  0xD2EA, 0xE30A, 0xB2C9, 0xD32B, 0x81E6, 0x31E8, 0x1082, 0x0862, 0x5AAA, 0xB533, 0xD637, 0xCDF6,
  0xB554, 0x9CD1, 0x9490, 0x9470, 0xA4F2, 0xBD94, 0xDE77, 0xDE77, 0x8C2F, 0x2125, 0x0042, 0x3102,
  0xAB04, 0xEC88, 0xBC08, 0xEC88, 0xEC67, 0xE467, 0xEC87, 0xCBE6, 0x39A6, 0x2966, 0x3165, 0x3186,
  0x2986, 0x2945, 0x2986, 0x2966, 0x18E4, 0x10C3, 0x18C3, 0x18E4, 0x10A2, 0xAD53, 0xACF2, 0xAD12,
  0xACF2, 0xACF2, 0xACF2, 0xACF2, 0xB532, 0x8C0E, 0x10C3, 0x2145, 0x18C3, 0x0000, 0x0020, 0x0020,
  0x0020, 0x0020, 0x0020, 0x0020, 0x0020, 0x0020, 0x0020, 0x0020, 0x0020, 0x0020, 0x0020, 0x0020,
  0x0020, 0x0020, 0x0020, 0x0020, 0x0020, 0x0020, 0x0020, 0x0020, 0x0020, 0x0020, 0x0020, 0x0020,
  0x0020, 0x0020, 0x0020, 0x0020, 0x0020, 0x0020, 0x0020, 0x0020, 0x0020, 0x0020, 0x0020, 0x0020,
  0x0020, 0x0020, 0x0020, 0x0020, 0x0020, 0x0020, 0x0020, 0x0020, 0x0020, 0x0020, 0x0020, 0x0020,
  0x0020, 0x0020, 0x0020, 0x0020, 0x0020, 0x0020, 0x0020, 0x0020, 0x0020, 0x0020, 0x0020, 0x0020,
  0x0020, 0x0020, 0x0020, 0x0020, 0x0020, 0x0020, 0x0020, 0x0020, 0x0020, 0x0020, 0x0020, 0x0000,
  0x0000, 0x18C3, 0x3186, 0xD636, 0xCDF5, 0xDE77, 0x6B0B, 0x18E3, 0x31A6, 0x2986, 0x2986, 0x3186,
  0x3A08, 0x31C7, 0x39E8, 0x2104, 0x0841, 0x10C3, 0x40E3, 0xCA89, 0xDAC9, 0xAA68, 0xBB0A, 0xDAEA,
  0xD2EA, 0xD2EA, 0xDAEA, 0xD2EA, 0xDAEA, 0xCAC9, 0xB2C9, 0xDAC9, 0x5185, 0x29C7, 0x3186, 0x31C7,
  0x10C3, 0x0841, 0x2124, 0x5AA9, 0x83EE, 0x9CB1, 0xAD33, 0xAD33, 0xA4D1, 0x840F, 0x5289, 0x18E4,
  0x0001, 0x18A1, 0x61E3, 0xD406, 0xECA8, 0xEC67, 0xD448, 0xBC08, 0xEC87, 0xE467, 0xEC87, 0xCBE6,
  0x39C6, 0x2966, 0x2944, 0x3186, 0x31C7, 0x2986, 0x31A6, 0x3186, 0x2104, 0x18C3, 0x18E3, 0x1904,
  0x2124, 0x9C90, 0xA4D1, 0xAD12, 0xACF2, 0xACF1, 0xACF1, 0xACF1, 0xB532, 0x8BEE, 0x10A3, 0x2145,
  0x18C3, 0x0000, 0x0020, 0x0020, 0x0020, 0x0020, 0x0020, 0x0020, 0x0020, 0x0020, 0x0020, 0x0020,
  0x0020, 0x0020, 0x0020, 0x0020, 0x0020, 0x0020, 0x0020, 0x0020, 0x0020, 0x0020, 0x0020, 0x0020,
  0x0020, 0x0020, 0x0020, 0x0020, 0x0020, 0x0020, 0x0020, 0x0020, 0x0020, 0x0020, 0x0020, 0x0020,
  0x0020, 0x0020, 0x0020, 0x0020, 0x0020, 0x0020, 0x0020, 0x0020, 0x0020, 0x0020, 0x0020, 0x0020,
  0x0020, 0x0020, 0x0020, 0x0020, 0x0020, 0x0020, 0x0020, 0x0020, 0x0020, 0x0020, 0x0020, 0x0020,
  0x0020, 0x0020, 0x0020, 0x0020, 0x0020, 0x0020, 0x0020, 0x0020, 0x0020, 0x0020, 0x0020, 0x0020,
  0x0020, 0x0020, 0x0000, 0x0841, 0x3A08, 0x4A69, 0x31A6, 0xD637, 0xCDF5, 0xDE77, 0x6AEA, 0x18E4,
  0x31A6, 0x2986, 0x2986, 0x2986, 0x39C7, 0x3A08, 0x39E8, 0x31C7, 0x0861, 0x08A2, 0x38C3, 0xB248,
  0xBAA9, 0xBAEA, 0xDAEA, 0xD2C9, 0xD2EA, 0xD2EA, 0xDAEA, 0xD2EA, 0xDAEA, 0xB2A9, 0xCB0A, 0xD2A9,
  0x49A6, 0x31C7, 0x2966, 0x31C7, 0x31C7, 0x31C7, 0x2145, 0x10A3, 0x0861, 0x0861, 0x0841, 0x0841,
  0x0000, 0x0000, 0x1881, 0x4162, 0x8284, 0xCBE6, 0xCC07, 0xDC27, 0xEC67, 0xE467, 0xEC88, 0xCC28,
  0xCC48, 0xEC87, 0xEC87, 0xCBE6, 0x39C7, 0x2125, 0x4207, 0x2124, 0x10A3, 0x18E4, 0x2966, 0x31A7,
  0x10A2, 0x0862, 0x2125, 0x18E3, 0x18E3, 0x8BEE, 0xA4D1, 0xACF2, 0xACF2, 0xACF1, 0xACF1, 0xACD1,
  0xB512, 0x83EE, 0x10A3, 0x2145, 0x18C3, 0x0000, 0x0020, 0x0020, 0x0020, 0x0020, 0x0020, 0x0020,
  0x0020, 0x0020, 0x0020, 0x0020, 0x0020, 0x0020, 0x0020, 0x0020, 0x0020, 0x0020, 0x0020, 0x0020,
  0x0020, 0x0020, 0x0020, 0x0020, 0x0020, 0x0020, 0x0020, 0x0020, 0x0020, 0x0020, 0x0020, 0x0020,
  0x0020, 0x0020, 0x0020, 0x0020, 0x0020, 0x0020, 0x0020, 0x0020, 0x0020, 0x0020, 0x0020, 0x0020,
  0x0020, 0x0020, 0x0020, 0x0020, 0x0020, 0x0020, 0x0020, 0x0020, 0x0020, 0x0020, 0x0020, 0x0020,
  0x0020, 0x0020, 0x0020, 0x0020, 0x0020, 0x0020, 0x0020, 0x0020, 0x0020, 0x0020, 0x0020, 0x0020,
  0x0020, 0x0020, 0x0020, 0x0020, 0x0020, 0x0000, 0x0861, 0x4A6A, 0x4A8A, 0x39E7, 0x31A6, 0xD636,
  0xCDF5, 0xDE56, 0x62EA, 0x18E4, 0x31A6, 0x2986, 0x2986, 0x3186, 0x2986, 0x4208, 0x39C7, 0x39E8,
  0x2945, 0x0020, 0x48E3, 0x81C6, 0xAA88, 0xDB0A, 0xD2C9, 0xD2EA, 0xD2EA, 0xD2EA, 0xD2EA, 0xDAEA,
  0xD2C9, 0xAAC9, 0xE30A, 0xBA48, 0x39A6, 0x2986, 0x2986, 0x31A7, 0x31A7, 0x31A7, 0x31A7, 0x31C7,
  0x31C7, 0x31C7, 0x2966, 0x31A6, 0x10A2, 0x9AC3, 0xB386, 0xE446, 0xF4A7, 0xECA8, 0xE488, 0xC3E7,
  0xEC67, 0xE467, 0xE467, 0xEC88, 0xC408, 0xDC68, 0xF4A8, 0xCC06, 0x39E7, 0x2966, 0x2924, 0x738E,
  0xA513, 0x5ACA, 0x2966, 0x18C3, 0x4A48, 0x41E7, 0x10C3, 0x18E3, 0x20E3, 0x8C0E, 0xA4D1, 0xACF1,
  0xACF2, 0xACF1, 0xACF1, 0xA4D1, 0xB532, 0x83CD, 0x10A3, 0x2145, 0x10A3, 0x0000, 0x0021, 0x0020,
  0x0020, 0x0020, 0x0020, 0x0020, 0x0020, 0x0020, 0x0020, 0x0020, 0x0020, 0x0020, 0x0020, 0x0020,
  0x0020, 0x0020, 0x0020, 0x0020, 0x0020, 0x0020, 0x0020, 0x0020, 0x0020, 0x0020, 0x0020, 0x0020,
  0x0020, 0x0020, 0x0020, 0x0020, 0x0020, 0x0020, 0x0020, 0x0020, 0x0020, 0x0020, 0x0020, 0x0020,
  0x0020, 0x0020, 0x0020, 0x0020, 0x0020, 0x0020, 0x0020, 0x0020, 0x0020, 0x0020, 0x0020, 0x0020,
  0x0020, 0x0020, 0x0020, 0x0020, 0x0020, 0x0020, 0x0020, 0x0020, 0x0020, 0x0020, 0x0020, 0x0020,
  0x0020, 0x0020, 0x0020, 0x0020, 0x0020, 0x0020, 0x0020, 0x0020, 0x0020, 0x0020, 0x528A, 0x52AB,
  0x4208, 0x39C7, 0x3186, 0xCDF6, 0xBD53, 0xDE56, 0x62EA, 0x18E4, 0x3186, 0x2986, 0x2986, 0x2986,
  0x2986, 0x3A08, 0x39E7, 0x31C7, 0x31A6, 0x0041, 0x30A2, 0x7165, 0xBA48, 0xE30A, 0xD2EA, 0xD2C9,
  0xD2C9, 0xD2CA, 0xD2CA, 0xDAEA, 0xB2A9, 0xC30A, 0xE2EA, 0xA227, 0x31C7, 0x2986, 0x31A6, 0x31A7,
  0x3186, 0x2986, 0x3186, 0x31A6, 0x3186, 0x2986, 0x2945, 0x31C7, 0x10C3, 0xB344, 0xD448, 0xDC68,
  0xE467, 0xE447, 0xEC87, 0xCC48, 0xD447, 0xEC87, 0xE467, 0xE467, 0xE488, 0xBC08, 0xECA8, 0xCBE6,
  0x39C6, 0x31A7, 0x18C3, 0x8C30, 0xEED8, 0xE6D9, 0xDEB9, 0x9CB1, 0xBD53, 0x5269, 0x10A3, 0x18E4,
  0x2104, 0x8BEE, 0xA4B1, 0xACF1, 0xACF1, 0xACF2, 0xACF2, 0xACD1, 0xACF2, 0x6B2B, 0x1082, 0x1904,
  0x1082, 0x0000, 0x0000, 0x0000, 0x0020, 0x0020, 0x0020, 0x0020, 0x0020, 0x0020, 0x0020, 0x0020,
  0x0020, 0x0020, 0x0020, 0x0020, 0x0020, 0x0020, 0x0020, 0x0020, 0x0020, 0x0020, 0x0020, 0x0020,
  0x0020, 0x0020, 0x0020, 0x0020, 0x0020, 0x0020, 0x0020, 0x0020, 0x0020, 0x0020, 0x0020, 0x0020,
  0x0020, 0x0020, 0x0020, 0x0020, 0x0020, 0x0020, 0x0020, 0x0020, 0x0020, 0x0020, 0x0020, 0x0020,
  0x0020, 0x0020, 0x0020, 0x0020, 0x0020, 0x0020, 0x0020, 0x0020, 0x0020, 0x0020, 0x0020, 0x0020,
  0x0020, 0x0020, 0x0020, 0x0020, 0x0020, 0x0020, 0x0020, 0x0020, 0x0020, 0x0020, 0x0020, 0x0020,
  0x0000, 0x4208, 0x4A49, 0x4208, 0x4249, 0x18E4, 0x3186, 0xD636, 0xACF1, 0xD636, 0x62EA, 0x18E4,
  0x2986, 0x2986, 0x2986, 0x31A6, 0x2966, 0x2965, 0x4229, 0x2966, 0x10C3, 0x0861, 0x10A2, 0x20C3,
  0x5144, 0xA227, 0xCAC9, 0xE2EA, 0xE2EA, 0xD2CA, 0xD2CA, 0xD2CA, 0xB2EA, 0xDB0A, 0xE2EA, 0x81C6,
  0x31C7, 0x2966, 0x31A7, 0x31A6, 0x2986, 0x2986, 0x31A6, 0x3186, 0x2986, 0x2986, 0x2966, 0x39C7,
  0x10E4, 0x8263, 0xE488, 0xCC28, 0xEC87, 0xE467, 0xE467, 0xE488, 0xC407, 0xEC87, 0xE467, 0xE467,
  0xEC87, 0xDC68, 0xC428, 0xD427, 0x3165, 0x18C3, 0x0861, 0x7BCE, 0xDE56, 0xACF1, 0x9C90, 0xA4F2,
  0x8BEE, 0x4A28, 0x10C3, 0x18C3, 0x2103, 0x83EE, 0xA4B1, 0xACF2, 0xACD1, 0xACF1, 0xACF1, 0xACF2,
  0x8BEE, 0x5AA9, 0x1082, 0x18E4, 0x10A2, 0x2124, 0x10C3, 0x0020, 0x0000, 0x0020, 0x0020, 0x0020,
  0x0020, 0x0020, 0x0020, 0x0020, 0x0020, 0x0020, 0x0020, 0x0020, 0x0020, 0x0020, 0x0020, 0x0020,
  0x0020, 0x0020, 0x0020, 0x0020, 0x0020, 0x0020, 0x0020, 0x0020, 0x0020, 0x0020, 0x0020, 0x0020,
  0x0020, 0x0020, 0x0020, 0x0020, 0x0020, 0x0020, 0x0020, 0x0020, 0x0020, 0x0020, 0x0020, 0x0020,
  0x0020, 0x0020, 0x0020, 0x0020, 0x0020, 0x0020, 0x0020, 0x0020, 0x0020, 0x0020, 0x0020, 0x0020,
  0x0020, 0x0020, 0x0020, 0x0020, 0x0020, 0x0020, 0x0020, 0x0020, 0x0020, 0x0020, 0x0020, 0x0020,
  0x0020, 0x0020, 0x0021, 0x0000, 0x3186, 0x52AB, 0x3A08, 0x31A7, 0x2945, 0xAD33, 0x6B2C, 0x62EA,
  0xB533, 0xE698, 0x732B, 0x18E4, 0x2965, 0x2986, 0x2986, 0x2986, 0x2986, 0x2986, 0x31C7, 0x1904,
  0x18C3, 0x0841, 0x0021, 0x18E4, 0x2186, 0x31C7, 0x41A6, 0x69A6, 0x9A07, 0xCA88, 0xE2EA, 0xBAA9,
  0xC30A, 0xD2C9, 0xDAEA, 0x69C6, 0x31E7, 0x2945, 0x31A7, 0x2986, 0x3186, 0x2986, 0x3186, 0x2986,
  0x2986, 0x2986, 0x2986, 0x39E7, 0x1905, 0x69E3, 0xF4A8, 0xC408, 0xEC88, 0xE467, 0xE467, 0xEC88,
  0xD448, 0xCC07, 0xEC67, 0xE467, 0xE467, 0xEC87, 0xD448, 0x9B46, 0x18A2, 0x31A7, 0x18E3, 0x83CE,
  0xE698, 0xBD73, 0xACF2, 0x9CB1, 0x942E, 0x4A27, 0x10A3, 0x18C3, 0x18E3, 0x83CE, 0xA4B1, 0xACF2,
  0xACF1, 0xACF1, 0xA4B1, 0x83AD, 0x7B8D, 0x5AA9, 0x1082, 0x18E4, 0x10A2, 0x2965, 0x31C7, 0x31A7,
  0x2124, 0x0000, 0x0020, 0x0020, 0x0020, 0x0020, 0x0020, 0x0020, 0x0020, 0x0020, 0x0020, 0x0020,
  0x0020, 0x0020, 0x0020, 0x0020, 0x0020, 0x0020, 0x0020, 0x0020, 0x0020, 0x0020, 0x0020, 0x0020,
  0x0020, 0x0020, 0x0020, 0x0020, 0x0020, 0x0020, 0x0020, 0x0020, 0x0020, 0x0020, 0x0020, 0x0020,
  0x0020, 0x0020, 0x0020, 0x0020, 0x0020, 0x0020, 0x0020, 0x0020, 0x0020, 0x0020, 0x0020, 0x0020,
  0x0020, 0x0020, 0x0020, 0x0020, 0x0020, 0x0020, 0x0020, 0x0020, 0x0020, 0x0020, 0x0020, 0x0020,
  0x0020, 0x0020, 0x0020, 0x0020, 0x0020, 0x0020, 0x0000, 0x0020, 0x4228, 0x39E8, 0x4208, 0x2125,
  0xBDB5, 0xFF9C, 0xE6F9, 0xA4D1, 0x62EB, 0x6B0B, 0x39C6, 0x0862, 0x2965, 0x31A6, 0x2986, 0x2986,
  0x2986, 0x2986, 0x31A6, 0x18E4, 0x10C3, 0x1082, 0x3185, 0x18C2, 0x10A2, 0x2125, 0x2166, 0x31E7,
  0x31C7, 0x41C6, 0x69A6, 0x79C6, 0xCAA8, 0xDB0A, 0xE30A, 0x51A6, 0x29A7, 0x2945, 0x31A7, 0x2986,
  0x3186, 0x3186, 0x3186, 0x3186, 0x3186, 0x31A7, 0x2986, 0x31A7, 0x1925, 0x4982, 0xF487, 0xCC07,
  0xDC47, 0xEC67, 0xE467, 0xE467, 0xEC88, 0xC3E7, 0xE447, 0xE467, 0xE467, 0xE447, 0xF4A8, 0x92E5,
  0x2945, 0x52AA, 0x2986, 0x83EE, 0xDE77, 0xCDF5, 0xDE77, 0x9470, 0x9C70, 0x4A28, 0x10A3, 0x18E3,
  0x18E3, 0x8BEE, 0xA4D1, 0xACD1, 0xACF2, 0xA4D1, 0x83CD, 0x734C, 0x7B6C, 0x5AA9, 0x10A2, 0x2104,
  0x10A2, 0x2125, 0x2966, 0x31C7, 0x4249, 0x18C3, 0x0000, 0x0021, 0x0020, 0x0020, 0x0020, 0x0020,
  0x0020, 0x0020, 0x0020, 0x0020, 0x0020, 0x0020, 0x0020, 0x0020, 0x0020, 0x0020, 0x0020, 0x0020,
  0x0020, 0x0020, 0x0020, 0x0020, 0x0020, 0x0020, 0x0020, 0x0020, 0x0020, 0x0020, 0x0020, 0x0020,
  0x0020, 0x0020, 0x0020, 0x0020, 0x0020, 0x0020, 0x0020, 0x0020, 0x0020, 0x0020, 0x0020, 0x0020,
  0x0020, 0x0020, 0x0020, 0x0020, 0x0020, 0x0020, 0x0020, 0x0020, 0x0020, 0x0020, 0x0020, 0x0020,
  0x0020, 0x0020, 0x0020, 0x0020, 0x0020, 0x0020, 0x0020, 0x0020, 0x0020, 0x0020, 0x0000, 0x0861,
  0x31A7, 0x39E8, 0x18E3, 0xAD55, 0xFF9C, 0xE698, 0xEEF9, 0xFF7B, 0xF75B, 0xC5D5, 0x9C90, 0x83CD,
  0x3165, 0x2965, 0x31A6, 0x2986, 0x2966, 0x2965, 0x31C7, 0x2104, 0x1082, 0x10A2, 0x8BEE, 0x7B8C,
  0x6B0B, 0x5AA9, 0x3165, 0x18E3, 0x2965, 0x31A7, 0x31C7, 0x31E7, 0x41A6, 0x61C6, 0x89A6, 0x3986,
  0x31A7, 0x2965, 0x31A6, 0x2986, 0x2986, 0x31A6, 0x31A6, 0x31A6, 0x31A6, 0x31A7, 0x2986, 0x3186,
  0x2166, 0x3102, 0xE447, 0xDC47, 0xCC07, 0xEC67, 0xE467, 0xE467, 0xEC67, 0xDC47, 0xCC07, 0xEC87,
  0xE467, 0xE447, 0xEC67, 0xC3A5, 0x2965, 0x31C7, 0x10C3, 0x83EE, 0xDE77, 0xCDF5, 0xD636, 0x9C90,
  0x9C70, 0x4A27, 0x10A3, 0x18C3, 0x2103, 0x83CE, 0xA4B1, 0xAD12, 0x9C90, 0x7B8D, 0x7B8C, 0x7B8D,
  0x736C, 0x5AA9, 0x0862, 0x2104, 0x10A3, 0x18E3, 0x39E8, 0x4208, 0x2966, 0x31A6, 0x0841, 0x0000,
  0x0020, 0x0020, 0x0020, 0x0020, 0x0020, 0x0020, 0x0020, 0x0020, 0x0020, 0x0020, 0x0020, 0x0020,
  0x0020, 0x0020, 0x0020, 0x0020, 0x0020, 0x0020, 0x0020, 0x0020, 0x0020, 0x0020, 0x0020, 0x0020,
  0x0020, 0x0020, 0x0020, 0x0020, 0x0020, 0x0020, 0x0020, 0x0020, 0x0020, 0x0020, 0x0020, 0x0020,
  0x0020, 0x0020, 0x0020, 0x0020, 0x0020, 0x0020, 0x0020, 0x0020, 0x0020, 0x0020, 0x0020, 0x0020,
  0x0020, 0x0020, 0x0020, 0x0020, 0x0020, 0x0020, 0x0020, 0x0020, 0x0020, 0x0020, 0x0020, 0x0020,
  0x0020, 0x0020, 0x0000, 0x0841, 0x4208, 0x2124, 0x9C91, 0xBD73, 0xBD74, 0xF73A, 0xEED8, 0xE6D9,
  0xEED8, 0xF6F9, 0xFF9C, 0xE6D9, 0x5248, 0x0882, 0x2966, 0x2986, 0x3186, 0x2945, 0x31A6, 0x18E4,
  0x10C3, 0x18C2, 0x7B8C, 0x83EE, 0x83CE, 0xA4B1, 0xCDD5, 0xA4B1, 0x6B0A, 0x3185, 0x18E3, 0x2125,
  0x2986, 0x31C7, 0x2986, 0x39E7, 0x31A6, 0x2966, 0x2986, 0x2986, 0x3186, 0x3186, 0x2986, 0x31A6,
  0x31A7, 0x31A6, 0x2986, 0x2986, 0x31A7, 0x18A2, 0xCBC6, 0xEC87, 0xC407, 0xE467, 0xE447, 0xE467,
  0xE467, 0xEC87, 0xC407, 0xDC47, 0xEC67, 0xE447, 0xEC67, 0xBB85, 0x2965, 0x31A7, 0x10A3, 0x840F,
  0xDE77, 0xCDD5, 0xD636, 0xA4B1, 0x9C70, 0x4A07, 0x10C3, 0x10C3, 0x2103, 0x83CD, 0xA4D1, 0x9C90,
  0x7B8D, 0x7B6C, 0x7B6C, 0x83CD, 0x7B8D, 0x2965, 0x1082, 0x10A2, 0x10A3, 0x31C7, 0x39E7, 0x2965,
  0x2986, 0x31A6, 0x2986, 0x0000, 0x0000, 0x0020, 0x0020, 0x0020, 0x0020, 0x0020, 0x0020, 0x0020,
  0x0020, 0x0020, 0x0020, 0x0020, 0x0020, 0x0020, 0x0020, 0x0020, 0x0020, 0x0020, 0x0020, 0x0020,
  0x0020, 0x0020, 0x0020, 0x0020, 0x0020, 0x0020, 0x0020, 0x0020, 0x0020, 0x0020, 0x0020, 0x0020,
  0x0020, 0x0020, 0x0020, 0x0020, 0x0020, 0x0020, 0x0020, 0x0020, 0x0020, 0x0020, 0x0020, 0x0020,
  0x0020, 0x0020, 0x0020, 0x0020, 0x0020, 0x0020, 0x0020, 0x0020, 0x0020, 0x0020, 0x0020, 0x0020,
  0x0020, 0x0020, 0x0020, 0x0020, 0x0020, 0x0020, 0x0000, 0x0861, 0x2986, 0x4A69, 0xE6D9, 0xBD73,
  0xE697, 0xF71A, 0xEEF9, 0xEED9, 0xEED9, 0xE6D8, 0xE6D8, 0x6B0B, 0x18E4, 0x39E8, 0x2965, 0x2124,
  0x2125, 0x2966, 0x39C7, 0x2104, 0x1082, 0x0841, 0x3165, 0x630B, 0x6B0B, 0x8C0E, 0xDE77, 0xDE57,
  0xD636, 0xC5D4, 0xA4B0, 0x6B0A, 0x3185, 0x18E3, 0x2125, 0x39E7, 0x2145, 0x2966, 0x2986, 0x2986,
  0x2986, 0x2986, 0x31A6, 0x31A6, 0x31A6, 0x31A6, 0x31A6, 0x2965, 0x31A7, 0x10A2, 0xB345, 0xF487,
  0xCC07, 0xDC47, 0xEC67, 0xE467, 0xE467, 0xEC67, 0xDC68, 0xC3E7, 0xEC67, 0xE447, 0xEC87, 0xBBA5,
  0x2945, 0x31C7, 0x18E4, 0x83EF, 0xDE77, 0xCDD5, 0xD636, 0xA4B1, 0x9C70, 0x4A28, 0x10A3, 0x10A3,
  0x20E3, 0x8C0E, 0x942F, 0x7B6C, 0x7B8C, 0x7B6C, 0x83CD, 0x6B0B, 0x2124, 0x1904, 0x18C3, 0x0841,
  0x18C3, 0x39E8, 0x2986, 0x2986, 0x2986, 0x2145, 0x2986, 0x2124, 0x0000, 0x0020, 0x0020, 0x0020,
  0x0020, 0x0020, 0x0020, 0x0020, 0x0020, 0x0020, 0x0020, 0x0020, 0x0020, 0x0020, 0x0020, 0x0020,
  0x0020, 0x0020, 0x0020, 0x0020, 0x0020, 0x0020, 0x0020, 0x0020, 0x0020, 0x0020, 0x0020, 0x0020,
  0x0020, 0x0020, 0x0020, 0x0020, 0x0020, 0x0020, 0x0020, 0x0020, 0x0020, 0x0020, 0x0020, 0x0020,
  0x0020, 0x0020, 0x0020, 0x0020, 0x0020, 0x0020, 0x0020, 0x0020, 0x0020, 0x0020, 0x0020, 0x0020,
  0x0020, 0x0020, 0x0020, 0x0020, 0x0020, 0x0020, 0x0020, 0x0020, 0x0020, 0x0020, 0x0000, 0x0861,
  0x2965, 0x632C, 0xD657, 0xC5D5, 0xC5D5, 0xD657, 0xEEF9, 0xEF19, 0xEEF9, 0xF73A, 0x944F, 0x18C2,
  0x39E8, 0x4249, 0x4A8A, 0x4A69, 0x39C7, 0x2945, 0x2986, 0x1082, 0x0020, 0x2145, 0x2145, 0x0020,
  0x2945, 0x4A28, 0x7B8C, 0xACF2, 0xCE16, 0xDE77, 0xDE77, 0xDE56, 0xC5B4, 0xA4B0, 0x41E6, 0x2145,
  0x2965, 0x39C7, 0x2986, 0x2986, 0x2986, 0x2986, 0x31A6, 0x3186, 0x31A6, 0x31A6, 0x31A6, 0x2965,
  0x31A7, 0x10A3, 0x9AC4, 0xF487, 0xDC27, 0xCC07, 0xEC87, 0xE447, 0xE447, 0xE467, 0xEC87, 0xC407,
  0xD406, 0xE467, 0xF4C8, 0x92C3, 0x2145, 0x39E8, 0x18C3, 0x840F, 0xDE77, 0xCDD5, 0xD636, 0x9C90,
  0x9C90, 0x4A28, 0x10A3, 0x10C3, 0x18E3, 0x7B8D, 0x7B8D, 0x7BAD, 0x7B6C, 0x83AD, 0x5AA9, 0x18C3,
  0x18E4, 0x18E3, 0x1082, 0x18A2, 0x1082, 0x2145, 0x31A6, 0x2986, 0x2986, 0x2966, 0x2986, 0x2965,
  0x0020, 0x0020, 0x0020, 0x0020, 0x0020, 0x0020, 0x0020, 0x0020, 0x0020, 0x0020, 0x0020, 0x0020,
  0x0020, 0x0020, 0x0020, 0x0020, 0x0020, 0x0020, 0x0020, 0x0020, 0x0020, 0x0020, 0x0020, 0x0020,
  0x0020, 0x0020, 0x0020, 0x0020, 0x0020, 0x0020, 0x0020, 0x0020, 0x0020, 0x0020, 0x0020, 0x0020,
  0x0020, 0x0020, 0x0020, 0x0020, 0x0020, 0x0020, 0x0020, 0x0020, 0x0020, 0x0020, 0x0020, 0x0020,
  0x0020, 0x0020, 0x0020, 0x0020, 0x0020, 0x0020, 0x0020, 0x0020, 0x0020, 0x0020, 0x0020, 0x0020,
  0x0020, 0x0020, 0x0000, 0x0861, 0x2966, 0x6B4D, 0xAD12, 0x940E, 0xCDF5, 0xC5B5, 0xBD94, 0xCDF6,
  0xE6D9, 0xC5B5, 0x2944, 0x2966, 0x3A08, 0x3A08, 0x39E8, 0x4208, 0x4249, 0x528A, 0x39C7, 0x31A6,
  0x31A6, 0x2945, 0x18C3, 0x5ACA, 0x5ACA, 0x39E7, 0x3165, 0x39C6, 0x5289, 0x83CE, 0xAD32, 0xCDF5,
  0xD616, 0xE697, 0x9C70, 0x2944, 0x18E4, 0x2124, 0x2145, 0x31A7, 0x31A7, 0x3186, 0x2986, 0x2986,
  0x31A6, 0x3186, 0x3186, 0x2966, 0x31C7, 0x08A3, 0x8243, 0xFCC8, 0xDC47, 0xBBC7, 0xE467, 0xE467,
  0xE467, 0xE467, 0xE447, 0xE467, 0xBBE7, 0xF4C8, 0xAB45, 0x2924, 0x4249, 0x3186, 0x18E4, 0x840F,
  0xDE77, 0xCDD5, 0xD616, 0x9C70, 0x9C70, 0x4A27, 0x10A2, 0x10C3, 0x18C3, 0x7B8D, 0x732B, 0x6B2B,
  0x83AD, 0x4A27, 0x10C3, 0x1904, 0x10C3, 0x0841, 0x5AA9, 0x8C0F, 0x2124, 0x1082, 0x2965, 0x31A7,
  0x3186, 0x31A7, 0x2145, 0x2104, 0x0020, 0x0000, 0x0020, 0x0020, 0x0020, 0x0020, 0x0020, 0x0020,
  0x0020, 0x0020, 0x0020, 0x0020, 0x0020, 0x0020, 0x0020, 0x0020, 0x0020, 0x0020, 0x0020, 0x0020,
  0x0020, 0x0020, 0x0020, 0x0020, 0x0020, 0x0020, 0x0020, 0x0020, 0x0020, 0x0020, 0x0020, 0x0020,
  0x0020, 0x0020, 0x0020, 0x0020, 0x0020, 0x0020, 0x0020, 0x0020, 0x0020, 0x0020, 0x0020, 0x0020,
  0x0020, 0x0020, 0x0020, 0x0020, 0x0020, 0x0020, 0x0020, 0x0020, 0x0020, 0x0020, 0x0020, 0x0020,
  0x0020, 0x0020, 0x0020, 0x0020, 0x0020, 0x0020, 0x0000, 0x0861, 0x2965, 0x632C, 0xC5B4, 0xA4D1,
  0xCDD5, 0xCDF5, 0xCDF5, 0xC594, 0xB533, 0x4A27, 0x2966, 0x39C7, 0x31A7, 0x4228, 0x4208, 0x3A08,
  0x3A08, 0x31A7, 0x4208, 0x4A8A, 0x39E7, 0x2104, 0x9CB1, 0xFF7B, 0xEED8, 0xC5D5, 0x8C50, 0x5AAA,
  0x3186, 0x2924, 0x31A6, 0x5289, 0x7BAD, 0xAD12, 0xD616, 0xD636, 0xA4F1, 0x62CA, 0x2965, 0x18E3,
  0x1904, 0x2966, 0x31A7, 0x31A7, 0x31A6, 0x2986, 0x2986, 0x2966, 0x3186, 0x1904, 0x4962, 0xCBC5,
  0xEC87, 0xDC48, 0xDC27, 0xEC67, 0xE467, 0xE447, 0xE447, 0xE447, 0xDC68, 0xA345, 0x2924, 0x4A8A,
  0x2986, 0x3186, 0x18E4, 0x840F, 0xDE77, 0xCDD5, 0xD636, 0x9C70, 0x9C4F, 0x4A27, 0x10A3, 0x10A3,
  0x18E3, 0x7B8C, 0x6B0B, 0x734C, 0x39A5, 0x10C3, 0x2124, 0x10A2, 0x1082, 0x6B2B, 0x8C0F, 0xB532,
  0xA4D1, 0x1082, 0x2104, 0x31C7, 0x31A6, 0x1904, 0x18C3, 0x2104, 0x0020, 0x0000, 0x0020, 0x0020,
  0x0020, 0x0020, 0x0020, 0x0020, 0x0020, 0x0020, 0x0020, 0x0020, 0x0020, 0x0020, 0x0020, 0x0020,
  0x0020, 0x0020, 0x0020, 0x0020, 0x0020, 0x0020, 0x0020, 0x0020, 0x0020, 0x0020, 0x0020, 0x0020,
  0x0020, 0x0020, 0x0020, 0x0020, 0x0020, 0x0020, 0x0020, 0x0020, 0x0020, 0x0020, 0x0020, 0x0020,
  0x0020, 0x0020, 0x0020, 0x0020, 0x0020, 0x0020, 0x0020, 0x0020, 0x0020, 0x0020, 0x0020, 0x0020,
  0x0020, 0x0020, 0x0020, 0x0020, 0x0020, 0x0020, 0x0020, 0x0020, 0x0020, 0x0020, 0x0000, 0x0861,
  0x2966, 0x632C, 0xDE57, 0xCDF5, 0xCDD5, 0xCDD5, 0xCDD4, 0xCDF5, 0xBD94, 0x3185, 0x4A69, 0x4A49,
  0x3A08, 0x3A08, 0x3A08, 0x4228, 0x39C7, 0x4A49, 0x4249, 0x10A2, 0x41E7, 0xC5F6, 0xFF5A, 0xE6B8,
  0xEED8, 0xF73A, 0xFF5B, 0xEEF9, 0xC5F6, 0x8C50, 0x52AA, 0x31A6, 0x2965, 0x31A6, 0x5268, 0x7BAD,
  0xB532, 0xD616, 0xD636, 0xA4D1, 0x62EA, 0x3185, 0x18E3, 0x1904, 0x2966, 0x31A7, 0x31C7, 0x2966,
  0x2965, 0x2965, 0x2986, 0x3185, 0x5A05, 0x82C5, 0xA325, 0xEC87, 0xF4A7, 0xEC67, 0xDC47, 0xF487,
  0xBB85, 0x2103, 0x4A8A, 0x3186, 0x2965, 0x31A6, 0x18E3, 0x83EF, 0xDE57, 0xCDD4, 0xD636, 0x9C70,
  0x944F, 0x4A27, 0x10A3, 0x10C3, 0x18E3, 0x7B6C, 0x6B2B, 0x3165, 0x18E4, 0x2104, 0x0862, 0x18C3,
  0x7BAD, 0x944F, 0xB512, 0xBD94, 0xCDF5, 0x7BAD, 0x0841, 0x2145, 0x2125, 0x18E4, 0x18E3, 0x2104,
  0x0020, 0x0000, 0x0020, 0x0020, 0x0020, 0x0020, 0x0020, 0x0020, 0x0020, 0x0020, 0x0020, 0x0020,
  0x0020, 0x0020, 0x0020, 0x0020, 0x0020, 0x0020, 0x0020, 0x0020, 0x0020, 0x0020, 0x0020, 0x0020,
  0x0020, 0x0020, 0x0020, 0x0020, 0x0020, 0x0020, 0x0020, 0x0020, 0x0020, 0x0020, 0x0020, 0x0020,
  0x0020, 0x0020, 0x0020, 0x0020, 0x0020, 0x0020, 0x0020, 0x0020, 0x0020, 0x0020, 0x0020, 0x0020,
  0x0020, 0x0020, 0x0020, 0x0020, 0x0020, 0x0020, 0x0020, 0x0020, 0x0020, 0x0020, 0x0020, 0x0020,
  0x0020, 0x0020, 0x0000, 0x0861, 0x2966, 0x630C, 0xD636, 0xC594, 0xCDD5, 0xCDD5, 0xCDD5, 0xCDD5,
  0xBD94, 0x3185, 0x2986, 0x39E8, 0x4228, 0x4A49, 0x4208, 0x39C7, 0x39C7, 0x4A8A, 0x18C3, 0x6B4D,
  0xEEF9, 0xBD52, 0xE6D9, 0xEED9, 0xEED9, 0xEED9, 0xE6D8, 0xEED9, 0xF73A, 0xFF7B, 0xEF19, 0xC5D5,
  0x8C2F, 0x5289, 0x31A6, 0x2945, 0x3186, 0x5248, 0x7BAD, 0xB533, 0xD636, 0xD636, 0xA4B1, 0x62EA,
  0x3185, 0x18E3, 0x1904, 0x2145, 0x2986, 0x2986, 0x1904, 0x2986, 0x31C8, 0x31C7, 0x31A6, 0x5205,
  0x8AC5, 0xBBA5, 0xECA7, 0xBBA5, 0x2903, 0x4A6A, 0x31A6, 0x2966, 0x2966, 0x31A6, 0x18E3, 0x840F,
  0xDE56, 0xC5B4, 0xD616, 0x9C70, 0x9C4F, 0x4207, 0x1082, 0x10C3, 0x2124, 0x62CA, 0x18E3, 0x1904,
  0x2124, 0x0841, 0x2944, 0x83CE, 0x944F, 0xB553, 0xC594, 0xBD73, 0xBD73, 0xCDF5, 0x39C6, 0x10A2,
  0x2124, 0x18E3, 0x18E4, 0x2124, 0x0020, 0x0000, 0x0020, 0x0020, 0x0020, 0x0020, 0x0020, 0x0020,
  0x0020, 0x0020, 0x0020, 0x0020, 0x0020, 0x0020, 0x0020, 0x0020, 0x0020, 0x0020, 0x0020, 0x0020,
  0x0020, 0x0020, 0x0020, 0x0020, 0x0020, 0x0020, 0x0020, 0x0020, 0x0020, 0x0020, 0x0020, 0x0020,
  0x0020, 0x0020, 0x0020, 0x0020, 0x0020, 0x0020, 0x0020, 0x0020, 0x0020, 0x0020, 0x0020, 0x0020,
  0x0020, 0x0020, 0x0020, 0x0020, 0x0020, 0x0020, 0x0020, 0x0020, 0x0020, 0x0020, 0x0020, 0x0020,
  0x0020, 0x0020, 0x0020, 0x0020, 0x0020, 0x0020, 0x0000, 0x0861, 0x2966, 0x630C, 0xD636, 0xC5B4,
  0xCDD5, 0xC5D4, 0xC5D5, 0xCDF5, 0xBD73, 0x3165, 0x2965, 0x2145, 0x2966, 0x39C7, 0x4228, 0x39C7,
  0x4A49, 0x39E7, 0x3186, 0xCE37, 0xC5B5, 0xCDF6, 0xDE77, 0xEEF9, 0xF71A, 0xEEF9, 0xEED9, 0xEED9,
  0xEED9, 0xE6D8, 0xEEF9, 0xF73A, 0xFF5B, 0xEEF9, 0xC5D5, 0x840F, 0x5289, 0x31A6, 0x3165, 0x39A6,
  0x5269, 0x7BAD, 0xAD12, 0xD636, 0xCDF5, 0xA4D1, 0x62EA, 0x2965, 0x18E3, 0x18E4, 0x18C3, 0x41E7,
  0x18E3, 0x18E4, 0x2986, 0x31C8, 0x29A7, 0x39E7, 0x49C4, 0x2923, 0x4249, 0x2986, 0x2965, 0x2966,
  0x2965, 0x3186, 0x18C3, 0x83EF, 0xDE56, 0xC5D4, 0xCDF5, 0x944F, 0x942F, 0x4207, 0x1082, 0x10C3,
  0x1082, 0x2104, 0x1904, 0x1904, 0x0841, 0x39C6, 0x8C0F, 0x9C70, 0xBD73, 0xBD93, 0xBD73, 0xC594,
  0xBD53, 0x9C70, 0x41E7, 0x10A3, 0x2125, 0x18E3, 0x18E3, 0x2104, 0x0020, 0x0000, 0x0020, 0x0020,
  0x0020, 0x0020, 0x0020, 0x0020, 0x0020, 0x0020, 0x0020, 0x0020, 0x0020, 0x0020, 0x0020, 0x0020,
  0x0020, 0x0020, 0x0020, 0x0020, 0x0020, 0x0020, 0x0020, 0x0020, 0x0020, 0x0020, 0x0020, 0x0020,
  0x0020, 0x0020, 0x0020, 0x0020, 0x0020, 0x0020, 0x0020, 0x0020, 0x0020, 0x0020, 0x0020, 0x0020,
  0x0020, 0x0020, 0x0020, 0x0020, 0x0020, 0x0020, 0x0020, 0x0020, 0x0020, 0x0020, 0x0020, 0x0020,
  0x0020, 0x0020, 0x0020, 0x0020, 0x0020, 0x0020, 0x0020, 0x0020, 0x0020, 0x0020, 0x0000, 0x0861,
  0x2966, 0x632C, 0xDE77, 0xCDD4, 0xCDD5, 0xCDD5, 0xCDD5, 0xCDF5, 0xBD53, 0x2945, 0x2986, 0x2986,
  0x2986, 0x2965, 0x2145, 0x2986, 0x4249, 0x4228, 0x39C7, 0xC5D5, 0xB533, 0xBD94, 0xB553, 0xBD94,
  0xCE16, 0xE698, 0xEEF9, 0xF719, 0xEEF9, 0xEED9, 0xEED9, 0xEED9, 0xE6B8, 0xEED9, 0xF73A, 0xFF5A,
  0xEED9, 0xBDB5, 0x83EF, 0x5289, 0x39A6, 0x2945, 0x39A6, 0x4A48, 0x7B8D, 0xB532, 0xD616, 0xD616,
  0xAD12, 0x62CA, 0x5269, 0xCDD4, 0xACD1, 0x734C, 0x41E7, 0x20E3, 0x1904, 0x2966, 0x18E4, 0x4A6A,
  0x31A6, 0x2965, 0x2966, 0x2966, 0x2965, 0x2986, 0x10C3, 0x840F, 0xDE56, 0xC5B4, 0xD616, 0x944F,
  0x8BEE, 0x41E7, 0x1082, 0x18C3, 0x18C3, 0x2125, 0x10C3, 0x0841, 0x4A28, 0x942F, 0xA4B1, 0xC5B4,
  0xBD94, 0xBD73, 0xC594, 0xBD94, 0x8C0E, 0x83CD, 0x39A6, 0x10A3, 0x2145, 0x18E3, 0x18E4, 0x2104,
  0x0020, 0x0000, 0x0020, 0x0020, 0x0020, 0x0020, 0x0020, 0x0020, 0x0020, 0x0020, 0x0020, 0x0020,
  0x0020, 0x0020, 0x0020, 0x0020, 0x0020, 0x0020, 0x0020, 0x0020, 0x0020, 0x0020, 0x0020, 0x0020,
  0x0020, 0x0020, 0x0020, 0x0020, 0x0020, 0x0020, 0x0020, 0x0020, 0x0020, 0x0020, 0x0020, 0x0020,
  0x0020, 0x0020, 0x0020, 0x0020, 0x0020, 0x0020, 0x0020, 0x0020, 0x0020, 0x0020, 0x0020, 0x0020,
  0x0020, 0x0020, 0x0020, 0x0020, 0x0020, 0x0020, 0x0020, 0x0020, 0x0020, 0x0020, 0x0020, 0x0020,
  0x0020, 0x0020, 0x0020, 0x0000, 0x10A3, 0x736D, 0xB533, 0x9C6F, 0xCDF5, 0xCDD5, 0xCDD5, 0xCDD5,
  0xBD73, 0x2965, 0x2986, 0x2966, 0x2986, 0x2986, 0x2986, 0x2986, 0x3186, 0x1904, 0x31A6, 0xB573,
  0x6B2B, 0xC594, 0xCDF5, 0xD636, 0xC5B4, 0xB533, 0xB574, 0xCE16, 0xE6B8, 0xEEF9, 0xEF19, 0xEEF9,
  0xEED8, 0xEED9, 0xEED9, 0xE6B8, 0xEED9, 0xF73A, 0xFF5A, 0xEEF9, 0xC5D5, 0x840F, 0x5289, 0x31A6,
  0x3186, 0x39A6, 0x5268, 0x7BCD, 0xAD32, 0xCDF5, 0xDE36, 0xCDF5, 0xCDF5, 0xD616, 0xCDD5, 0xACF1,
  0x83AD, 0x2924, 0x39C7, 0x31C7, 0x2945, 0x2966, 0x2966, 0x2966, 0x2966, 0x2986, 0x10C3, 0x83EF,
  0xDE56, 0xC5D4, 0xD615, 0x944F, 0x83CD, 0x41E6, 0x10A3, 0x18C3, 0x18E3, 0x10A3, 0x0861, 0x62EA,
  0x944F, 0xACF1, 0xC5B4, 0xBD73, 0xBD73, 0xC5B4, 0xB553, 0x8BEE, 0x734B, 0x83AD, 0x41E6, 0x10A3,
  0x2125, 0x18E4, 0x18E4, 0x2124, 0x0020, 0x0000, 0x0020, 0x0020, 0x0020, 0x0020, 0x0020, 0x0020,
  0x0020, 0x0020, 0x0020, 0x0020, 0x0020, 0x0020, 0x0020, 0x0020, 0x0020, 0x0020, 0x0020, 0x0020,
  0x0020, 0x0020, 0x0020, 0x0020, 0x0020, 0x0020, 0x0020, 0x0020, 0x0020, 0x0020, 0x0020, 0x0020,
  0x0020, 0x0020, 0x0020, 0x0020, 0x0020, 0x0020, 0x0020, 0x0020, 0x0020, 0x0020, 0x0020, 0x0020,
  0x0020, 0x0020, 0x0020, 0x0020, 0x0020, 0x0020, 0x0020, 0x0020, 0x0020, 0x0020, 0x0020, 0x0020,
  0x0020, 0x0020, 0x0020, 0x0020, 0x0020, 0x0020, 0x0020, 0x0020, 0x0000, 0x632C, 0xC5D5, 0x9C90,
  0xCDF5, 0xC5B4, 0xC5B4, 0xCDD4, 0xBD73, 0x3165, 0x2966, 0x2966, 0x2986, 0x2986, 0x2986, 0x31A6,
  0x31C7, 0x2125, 0x3186, 0xCDF5, 0xBD73, 0xD616, 0xB512, 0x83CD, 0xB552, 0xD656, 0xD637, 0xC5B5,
  0xB553, 0xBD74, 0xD636, 0xE6B8, 0xF719, 0xF719, 0xEEF9, 0xEED9, 0xEED9, 0xEED9, 0xE6B8, 0xEED9,
  0xF73A, 0xFF7B, 0xEEF9, 0xBDB5, 0x840F, 0x5289, 0x3186, 0x3165, 0x39A6, 0x4A28, 0x6B2B, 0xAD12,
  0xD636, 0xCDF5, 0xC5B4, 0xCDD5, 0xDE57, 0x7B8C, 0x2125, 0x2965, 0x2945, 0x2966, 0x2966, 0x2966,
  0x2966, 0x2986, 0x10C3, 0x840F, 0xDE56, 0xC5B4, 0xD615, 0x942F, 0x83CD, 0x41E7, 0x10A3, 0x18C3,
  0x1082, 0x18C2, 0x6B2B, 0x9470, 0xAD12, 0xC5B4, 0xBD73, 0xBD94, 0xC5B4, 0xB533, 0x83EE, 0x7B8C,
  0x732B, 0x7B8D, 0x39A5, 0x10A3, 0x2124, 0x18E4, 0x18E4, 0x2124, 0x0020, 0x0000, 0x0020, 0x0020,
  0x0020, 0x0020, 0x0020, 0x0020, 0x0020, 0x0020, 0x0020, 0x0020, 0x0020, 0x0020, 0x0020, 0x0020,
  0x0020, 0x0020, 0x0020, 0x0020, 0x0020, 0x0020, 0x0020, 0x0020, 0x0020, 0x0020, 0x0020, 0x0020,
  0x0020, 0x0020, 0x0020, 0x0020, 0x0020, 0x0020, 0x0020, 0x0020, 0x0020, 0x0020, 0x0020, 0x0020,
  0x0020, 0x0020, 0x0020, 0x0020, 0x0020, 0x0020, 0x0020, 0x0020, 0x0020, 0x0020, 0x0020, 0x0020,
  0x0020, 0x0020, 0x0020, 0x0020, 0x0020, 0x0020, 0x0020, 0x0020, 0x0020, 0x0020, 0x0020, 0x0020,
  0x0020, 0x2924, 0x5AA9, 0xA490, 0xCDF5, 0xD616, 0xC5B4, 0xC594, 0xBD53, 0x3165, 0x2966, 0x2966,
  0x2986, 0x2986, 0x2966, 0x3186, 0x31A7, 0x2125, 0x3186, 0xCDD5, 0xCDD4, 0xAD12, 0x5248, 0x18C2,
  0x30C2, 0x5248, 0x8C2F, 0xBD94, 0xD636, 0xD615, 0xBD94, 0xB553, 0xBD94, 0xD657, 0xE6D9, 0xF71A,
  0xEF19, 0xEEF9, 0xEED8, 0xEED9, 0xEED9, 0xE6D8, 0xEED9, 0xF71A, 0xFF5B, 0xEEF9, 0xBD95, 0x8C2F,
  0x4A48, 0x41E7, 0x5269, 0x10A2, 0x5A89, 0x944F, 0xC5B4, 0xCDF5, 0xDE57, 0x7B8D, 0x2125, 0x2986,
  0x2965, 0x2965, 0x2966, 0x2966, 0x2965, 0x2986, 0x18C3, 0x83EF, 0xD636, 0xC5B4, 0xD615, 0x942F,
  0x83CD, 0x41E7, 0x18C3, 0x1082, 0x2124, 0x7B8D, 0x942F, 0xB533, 0xC594, 0xBD73, 0xBD94, 0xC5D5,
  0xA4D1, 0x83AD, 0x7B8C, 0x7B8C, 0x83AD, 0x39C6, 0x0841, 0x18E3, 0x2124, 0x1904, 0x10C3, 0x2104,
  0x0020, 0x0000, 0x0020, 0x0020, 0x0020, 0x0020, 0x0020, 0x0020, 0x0020, 0x0020, 0x0020, 0x0020,
  0x0020, 0x0020, 0x0020, 0x0020, 0x0020, 0x0020, 0x0020, 0x0020, 0x0020, 0x0020, 0x0020, 0x0020,
  0x0020, 0x0020, 0x0020, 0x0020, 0x0020, 0x0020, 0x0020, 0x0020, 0x0020, 0x0020, 0x0020, 0x0020,
  0x0020, 0x0020, 0x0020, 0x0020, 0x0020, 0x0020, 0x0020, 0x0020, 0x0020, 0x0020, 0x0020, 0x0020,
  0x0020, 0x0020, 0x0020, 0x0020, 0x0020, 0x0020, 0x0020, 0x0020, 0x0020, 0x0020, 0x0020, 0x0020,
  0x0020, 0x0020, 0x0020, 0x0020, 0x0000, 0x10A2, 0x2145, 0x18C3, 0x39C6, 0x7B8C, 0xBD53, 0xD636,
  0xBD73, 0x3165, 0x2966, 0x2966, 0x2986, 0x2986, 0x2966, 0x2986, 0x31A7, 0x2125, 0x3186, 0xC5D5,
  0xCDD5, 0x83EE, 0x3185, 0x8A68, 0xB2A9, 0x7144, 0x40A2, 0x38E3, 0x5248, 0x8C2F, 0xC5B4, 0xD656,
  0xCDF5, 0xBD74, 0xB553, 0xC5B5, 0xD657, 0xEED9, 0xF719, 0xEEF9, 0xEEF9, 0xEED9, 0xEED9, 0xEEF9,
  0xE6D9, 0xE6B8, 0xFF7B, 0xDE98, 0x9C70, 0x39C6, 0x2103, 0x1904, 0x2125, 0x18E3, 0x2945, 0x5269,
  0xA4B1, 0x734C, 0x2125, 0x2986, 0x2965, 0x2966, 0x2966, 0x2966, 0x2986, 0x31A7, 0x18E4, 0x83EF,
  0xD636, 0xC594, 0xCDD5, 0x944F, 0x8BEE, 0x41E7, 0x0041, 0x3165, 0x83CD, 0x944F, 0xBD73, 0xBD94,
  0xBD73, 0xC594, 0xC5B4, 0xA4B1, 0x7B8D, 0x7B6C, 0x7BAD, 0x7BAD, 0x3165, 0x0882, 0x0861, 0x18E3,
  0x2125, 0x1904, 0x2104, 0x1082, 0x0000, 0x0020, 0x0020, 0x0020, 0x0020, 0x0020, 0x0020, 0x0020,
  0x0020, 0x0020, 0x0020, 0x0020, 0x0020, 0x0020, 0x0020, 0x0020, 0x0020, 0x0020, 0x0020, 0x0020,
  0x0020, 0x0020, 0x0020, 0x0020, 0x0020, 0x0020, 0x0020, 0x0020, 0x0020, 0x0020, 0x0020, 0x0020,
  0x0020, 0x0020, 0x0020, 0x0020, 0x0020, 0x0020, 0x0020, 0x0020, 0x0020, 0x0020, 0x0020, 0x0020,
  0x0020, 0x0020, 0x0020, 0x0020, 0x0020, 0x0020, 0x0020, 0x0020, 0x0020, 0x0020, 0x0020, 0x0020,
  0x0020, 0x0020, 0x0020, 0x0020, 0x0020, 0x0020, 0x0020, 0x0020, 0x0020, 0x0000, 0x31A6, 0x39E7,
  0x2145, 0x10A3, 0x2104, 0x62CA, 0x942F, 0x2945, 0x2986, 0x2966, 0x2966, 0x2986, 0x2966, 0x2986,
  0x31A7, 0x2145, 0x3186, 0xC5F5, 0xCDD5, 0x8C0E, 0x41E6, 0xB2CA, 0xB268, 0xBAA9, 0xB289, 0x9A27,
  0x6944, 0x40A2, 0x3924, 0x5A89, 0x9470, 0xC5D5, 0xD656, 0xCDF5, 0xBD73, 0xB553, 0xC5D5, 0xDE77,
  0xEED9, 0xEEF9, 0xEEF9, 0xDE77, 0xEED9, 0xEF19, 0xBD74, 0x8C0E, 0x7B6C, 0x18C3, 0x31A7, 0x4208,
  0x39C7, 0x31C7, 0x31A7, 0x2966, 0x1904, 0x0861, 0x31A6, 0x2966, 0x2945, 0x2966, 0x2966, 0x2986,
  0x2145, 0x18E3, 0x1082, 0x7BCE, 0xDE77, 0xCDF5, 0xCDF5, 0x944F, 0x944F, 0x39A6, 0x0021, 0x39A6,
  0x9C90, 0xC594, 0xBD73, 0xBD53, 0xC594, 0xC594, 0x942F, 0x7B8D, 0x7B6C, 0x7BAD, 0x734C, 0x2104,
  0x10A2, 0x18E3, 0x0841, 0x18E4, 0x2124, 0x18E3, 0x0861, 0x0000, 0x0020, 0x0020, 0x0020, 0x0020,
  0x0020, 0x0020, 0x0020, 0x0020, 0x0020, 0x0020, 0x0020, 0x0020, 0x0020, 0x0020, 0x0020, 0x0020,
  0x0020, 0x0020, 0x0020, 0x0020, 0x0020, 0x0020, 0x0020, 0x0020, 0x0020, 0x0020, 0x0020, 0x0020,
  0x0020, 0x0020, 0x0020, 0x0020, 0x0020, 0x0020, 0x0020, 0x0020, 0x0020, 0x0020, 0x0020, 0x0020,
  0x0020, 0x0020, 0x0020, 0x0020, 0x0020, 0x0020, 0x0020, 0x0020, 0x0020, 0x0020, 0x0020, 0x0020,
  0x0020, 0x0020, 0x0020, 0x0020, 0x0020, 0x0020, 0x0020, 0x0020, 0x0020, 0x0020, 0x0020, 0x0020,
  0x0020, 0x0000, 0x0000, 0x1082, 0x2945, 0x31C7, 0x2986, 0x18E4, 0x10A2, 0x2124, 0x2986, 0x2986,
  0x2986, 0x2986, 0x2966, 0x2986, 0x31A7, 0x2145, 0x31A6, 0xCDF5, 0xCDD5, 0x8C0E, 0x49E7, 0x9A48,
  0xA207, 0xB248, 0xB248, 0xBA68, 0xC2A9, 0xBAA9, 0x9207, 0x6123, 0x38A2, 0x3944, 0x62CA, 0x9CB1,
  0xCDF5, 0xD657, 0xCDD5, 0xB553, 0xB553, 0xC5D5, 0xD657, 0xD656, 0xE698, 0xACF2, 0x83AD, 0x8C0E,
  0x2124, 0x2124, 0x4229, 0x4208, 0x4229, 0x4228, 0x39E7, 0x39E7, 0x2965, 0x10A2, 0x2965, 0x2966,
  0x2966, 0x2986, 0x2966, 0x2986, 0x18C3, 0xAD33, 0xBD73, 0x5268, 0x62CA, 0x83EE, 0xBD73, 0x9C90,
  0x41E6, 0x10C3, 0x39E8, 0x2124, 0x5AA9, 0xC594, 0xBD73, 0xC594, 0xBD74, 0x8C0F, 0x7B6C, 0x7B6C,
  0x83AD, 0x6B0B, 0x18C3, 0x10A2, 0x18C3, 0x10A2, 0x0861, 0x1904, 0x2104, 0x0861, 0x0841, 0x0000,
  0x0020, 0x0020, 0x0020, 0x0020, 0x0020, 0x0020, 0x0020, 0x0020, 0x0020, 0x0020, 0x0020, 0x0020,
  0x0020, 0x0020, 0x0020, 0x0020, 0x0020, 0x0020, 0x0020, 0x0020, 0x0020, 0x0020, 0x0020, 0x0020,
  0x0020, 0x0020, 0x0020, 0x0020, 0x0020, 0x0020, 0x0020, 0x0020, 0x0020, 0x0020, 0x0020, 0x0020,
  0x0020, 0x0020, 0x0020, 0x0020, 0x0020, 0x0020, 0x0020, 0x0020, 0x0020, 0x0020, 0x0020, 0x0020,
  0x0020, 0x0020, 0x0020, 0x0020, 0x0020, 0x0020, 0x0020, 0x0020, 0x0020, 0x0020, 0x0020, 0x0020,
  0x0020, 0x0020, 0x0020, 0x0020, 0x0020, 0x0020, 0x0020, 0x0000, 0x0000, 0x0841, 0x18E3, 0x2986,
  0x31A6, 0x31A6, 0x2125, 0x2124, 0x2125, 0x2966, 0x2986, 0x3186, 0x31C7, 0x2125, 0x3186, 0xC5D5,
  0xCDD5, 0x8C0E, 0x41C6, 0xA268, 0xB248, 0xB248, 0xB248, 0xB248, 0xB228, 0xB228, 0xBA68, 0xBAA9,
  0xAA88, 0x89E6, 0x5903, 0x38A2, 0x4165, 0x6B2B, 0xA4D1, 0xCDD5, 0xC5B4, 0xC5D5, 0xBD94, 0xB532,
  0x940E, 0x8BEE, 0x9C6F, 0x3165, 0x10C3, 0x4228, 0x39E7, 0x39E7, 0x39E8, 0x4208, 0x4A49, 0x2986,
  0x4229, 0x4A8A, 0x2945, 0x10C3, 0x18E4, 0x2145, 0x31A7, 0x1082, 0x7BAE, 0xFFBC, 0xEEF9, 0xEEF9,
  0xC5D5, 0x8C0E, 0x6B0A, 0x39A6, 0x2145, 0x39E8, 0x31A6, 0x31A7, 0x18E3, 0x8BEE, 0xCDD5, 0xB512,
  0x83AD, 0x736C, 0x734C, 0x83AD, 0x5A89, 0x10A2, 0x18C3, 0x10A2, 0x1082, 0x10A2, 0x0861, 0x10A2,
  0x0861, 0x0841, 0x0000, 0x0000, 0x0020, 0x0020, 0x0020, 0x0020, 0x0020, 0x0020, 0x0020, 0x0020,
  0x0020, 0x0020, 0x0020, 0x0020, 0x0020, 0x0020, 0x0020, 0x0020, 0x0020, 0x0020, 0x0020, 0x0020,
  0x0020, 0x0020, 0x0020, 0x0020, 0x0020, 0x0020, 0x0020, 0x0020, 0x0020, 0x0020, 0x0020, 0x0020,
  0x0020, 0x0020, 0x0020, 0x0020, 0x0020, 0x0020, 0x0020, 0x0020, 0x0020, 0x0020, 0x0020, 0x0020,
  0x0020, 0x0020, 0x0020, 0x0020, 0x0020, 0x0020, 0x0020, 0x0020, 0x0020, 0x0020, 0x0020, 0x0020,
  0x0020, 0x0020, 0x0020, 0x0020, 0x0020, 0x0020, 0x0020, 0x0020, 0x0020, 0x0020, 0x0020, 0x0020,
  0x0020, 0x0000, 0x0000, 0x0000, 0x1082, 0x2124, 0x2986, 0x2986, 0x2145, 0x2124, 0x2125, 0x2945,
  0x31A7, 0x2145, 0x3186, 0xC5D5, 0xCDD5, 0x8C0E, 0x41C6, 0xAA89, 0xB228, 0xB248, 0xB248, 0xB248,
  0xB268, 0xB248, 0xB228, 0xB228, 0xB248, 0xBA89, 0xBAC9, 0xB289, 0x91C6, 0x58E3, 0x2861, 0x5228,
  0xCE16, 0xACF2, 0x942F, 0xAD12, 0x7B8C, 0x942F, 0x4A28, 0x10C3, 0x39C7, 0x39E8, 0x39E8, 0x39E8,
  0x39E8, 0x3A08, 0x31A7, 0x39E8, 0x4228, 0x4A69, 0x528A, 0x4229, 0x31A6, 0x2124, 0x18E3, 0x2124,
  0xE6D9, 0xEEF9, 0xEED8, 0xEF1A, 0xF73A, 0xFFBC, 0xB533, 0x39E8, 0x4249, 0x31A7, 0x2965, 0x31A6,
  0x31C7, 0x2965, 0x9C6F, 0x83EE, 0x734C, 0x736C, 0x83AD, 0x4A28, 0x0862, 0x18C3, 0x10A2, 0x1082,
  0x10A2, 0x10A2, 0x0841, 0x0841, 0x0841, 0x0000, 0x0000, 0x0020, 0x0020, 0x0020, 0x0020, 0x0020,
  0x0020, 0x0020, 0x0020, 0x0020, 0x0020, 0x0020, 0x0020, 0x0020, 0x0020, 0x0020, 0x0020, 0x0020,
  0x0020, 0x0020, 0x0020, 0x0020, 0x0020, 0x0020, 0x0020, 0x0020, 0x0020, 0x0020, 0x0020, 0x0020,
  0x0020, 0x0020, 0x0020, 0x0020, 0x0020, 0x0020, 0x0020, 0x0020, 0x0020, 0x0020, 0x0020, 0x0020,
  0x0020, 0x0020, 0x0020, 0x0020, 0x0020, 0x0020, 0x0020, 0x0020, 0x0020, 0x0020, 0x0020, 0x0020,
  0x0020, 0x0020, 0x0020, 0x0020, 0x0020, 0x0020, 0x0020, 0x0020, 0x0020, 0x0020, 0x0020, 0x0020,
  0x0020, 0x0020, 0x0020, 0x0020, 0x0020, 0x0020, 0x0020, 0x0020, 0x0000, 0x0000, 0x0021, 0x18C3,
  0x2945, 0x31A6, 0x2945, 0x2145, 0x31C7, 0x2145, 0x3186, 0xC5D5, 0xCDD4, 0x8C0E, 0x41C6, 0xAAA9,
  0xB248, 0xB248, 0xB248, 0xB248, 0xB248, 0xB248, 0xB248, 0xB248, 0xB248, 0xB248, 0xB248, 0xBA68,
  0xBA89, 0xBA89, 0xAA48, 0x4882, 0x7BCD, 0xB553, 0x83AD, 0xACF2, 0x8C0E, 0x83AD, 0x1082, 0x39C7,
  0x528A, 0x4228, 0x3A08, 0x3A08, 0x4208, 0x39E7, 0x3186, 0x4229, 0x4228, 0x3A08, 0x39E8, 0x4228,
  0x4A69, 0x52AA, 0x18E4, 0x9491, 0xFF7B, 0xE6D8, 0xEEF9, 0xEEF9, 0xEEF9, 0xDE98, 0x4A69, 0x39C7,
  0x2986, 0x31A6, 0x31A7, 0x31A7, 0x31E7, 0x18C3, 0x62CA, 0x83CD, 0x6B0A, 0x7BAD, 0x39A6, 0x0882,
  0x18C3, 0x1082, 0x1082, 0x10A2, 0x10A2, 0x0861, 0x0861, 0x0840, 0x0000, 0x0020, 0x0020, 0x0020,
  0x0020, 0x0020, 0x0020, 0x0020, 0x0020, 0x0020, 0x0020, 0x0020, 0x0020, 0x0020, 0x0020, 0x0020,
  0x0020, 0x0020, 0x0020, 0x0020, 0x0020, 0x0020, 0x0020, 0x0020, 0x0020, 0x0020, 0x0020, 0x0020,
  0x0020, 0x0020, 0x0020, 0x0020, 0x0020, 0x0020, 0x0020, 0x0020, 0x0020, 0x0020, 0x0020, 0x0020,
  0x0020, 0x0020, 0x0020, 0x0020, 0x0020, 0x0020, 0x0020, 0x0020, 0x0020, 0x0020, 0x0020, 0x0020,
  0x0020, 0x0020, 0x0020, 0x0020, 0x0020, 0x0020, 0x0020, 0x0020, 0x0020, 0x0020, 0x0020, 0x0020,
  0x0020, 0x0020, 0x0020, 0x0020, 0x0020, 0x0020, 0x0020, 0x0020, 0x0020, 0x0020, 0x0020, 0x0020,
  0x0020, 0x0020, 0x0000, 0x0000, 0x0000, 0x0861, 0x18E3, 0x2945, 0x31C7, 0x2145, 0x3186, 0xC5F5,
  0xCDF5, 0x83CE, 0x41C6, 0xAAA9, 0xBA48, 0xB248, 0xB248, 0xB248, 0xB248, 0xB248, 0xB248, 0xB248,
  0xB248, 0xB268, 0xB268, 0xB248, 0xAA48, 0xAA28, 0xBA89, 0x9A07, 0x38E3, 0xB553, 0xD616, 0xAD12,
  0x83CD, 0x7BAD, 0x1082, 0x2124, 0x4228, 0x4A6A, 0x528A, 0x4A69, 0x4228, 0x3186, 0x39E8, 0x3186,
  0x4228, 0x4208, 0x4208, 0x4208, 0x4228, 0x31A6, 0x39E7, 0xF73A, 0xEED9, 0xEEF9, 0xEEF9, 0xEED9,
  0xFF5B, 0x9470, 0x31A7, 0x39E8, 0x31A6, 0x31A6, 0x31A7, 0x31C7, 0x2945, 0x1082, 0x5A89, 0x7B8C,
  0x62EA, 0x2944, 0x0862, 0x18C3, 0x10A2, 0x10A2, 0x10A2, 0x10A2, 0x0841, 0x0861, 0x0020, 0x0000,
  0x0020, 0x0020, 0x0020, 0x0020, 0x0020, 0x0020, 0x0020, 0x0020, 0x0020, 0x0020, 0x0020, 0x0020,
  0x0020, 0x0020, 0x0020, 0x0020, 0x0020, 0x0020, 0x0020, 0x0020, 0x0020, 0x0020, 0x0020, 0x0020,
  0x0020, 0x0020, 0x0020, 0x0020, 0x0020, 0x0020, 0x0020, 0x0020, 0x0020, 0x0020, 0x0020, 0x0020,
  0x0020, 0x0020, 0x0020, 0x0020, 0x0020, 0x0020, 0x0020, 0x0020, 0x0020, 0x0020, 0x0020, 0x0020,
  0x0020, 0x0020, 0x0020, 0x0020, 0x0020, 0x0020, 0x0020, 0x0020, 0x0020, 0x0020, 0x0020, 0x0020,
  0x0020, 0x0020, 0x0020, 0x0020, 0x0020, 0x0020, 0x0020, 0x0020, 0x0020, 0x0020, 0x0020, 0x0020,
  0x0020, 0x0020, 0x0020, 0x0020, 0x0020, 0x0020, 0x0020, 0x0021, 0x0020, 0x0000, 0x0000, 0x0020,
  0x18E3, 0x2104, 0x39C7, 0xC5B5, 0x9C6F, 0x8BEE, 0x41E6, 0xAA88, 0xBA48, 0xB248, 0xB248, 0xB248,
  0xB268, 0xB248, 0xB248, 0xB268, 0xB248, 0xB248, 0xB248, 0xB248, 0xB248, 0xB248, 0xAA48, 0xA207,
  0x40E3, 0xA4F2, 0xCDD5, 0xAD12, 0x83CD, 0x7B8C, 0x1082, 0x18C3, 0x2145, 0x2966, 0x31A6, 0x4228,
  0x2945, 0x39C7, 0x5ACB, 0x4A69, 0x39E8, 0x39E8, 0x4229, 0x39C7, 0x3A08, 0x1904, 0xAD13, 0xEED9,
  0xEED9, 0xEEF9, 0xEEF9, 0xEF1A, 0xD657, 0x4208, 0x4228, 0x4208, 0x31A6, 0x31A6, 0x31A7, 0x2125,
  0x18E3, 0x0882, 0x62EA, 0x736C, 0x18E3, 0x1082, 0x18C3, 0x10A2, 0x10A2, 0x10A2, 0x1082, 0x0841,
  0x0861, 0x0020, 0x0000, 0x0020, 0x0020, 0x0020, 0x0020, 0x0020, 0x0020, 0x0020, 0x0020, 0x0020,
  0x0020, 0x0020, 0x0020, 0x0020, 0x0020, 0x0020, 0x0020, 0x0020, 0x0020, 0x0020, 0x0020, 0x0020,
  0x0020, 0x0020, 0x0020, 0x0020, 0x0020, 0x0020, 0x0020, 0x0020, 0x0020, 0x0020, 0x0020, 0x0020,
  0x0020, 0x0020, 0x0020, 0x0020, 0x0020, 0x0020, 0x0020, 0x0020, 0x0020, 0x0020, 0x0020, 0x0020,
  0x0020, 0x0020, 0x0020, 0x0020, 0x0020, 0x0020, 0x0020, 0x0020, 0x0020, 0x0020, 0x0020, 0x0020,
  0x0020, 0x0020, 0x0020, 0x0020, 0x0020, 0x0020, 0x0020, 0x0020, 0x0020, 0x0020, 0x0020, 0x0020,
  0x0020, 0x0020, 0x0020, 0x0020, 0x0020, 0x0020, 0x0020, 0x0020, 0x0020, 0x0020, 0x0020, 0x0020,
  0x0020, 0x0020, 0x0020, 0x0000, 0x0000, 0x0000, 0x2104, 0x9C90, 0xACF1, 0x8C2F, 0x49E7, 0x9A48,
  0x99C6, 0xB248, 0xB268, 0xB268, 0xB248, 0xB268, 0xB268, 0xB248, 0xB248, 0xB248, 0xB248, 0xB248,
  0xB248, 0xB248, 0xB248, 0xA207, 0x4903, 0xA4F2, 0xCDD5, 0xACF2, 0x83CD, 0x7B8C, 0x0861, 0x18C3,
  0x2965, 0x2965, 0x2125, 0x2965, 0x2104, 0x2965, 0x39E7, 0x4229, 0x4A49, 0x4A49, 0x4A49, 0x4208,
  0x2124, 0x62EB, 0xD678, 0xC5B4, 0xF73A, 0xEED8, 0xE6B8, 0xF75B, 0x7BAE, 0x2986, 0x4208, 0x4249,
  0x39E7, 0x31A7, 0x18E4, 0x18C3, 0x18E3, 0x10A2, 0x39C6, 0x20E3, 0x10A2, 0x10C3, 0x10A2, 0x10A2,
  0x10A2, 0x1082, 0x0841, 0x0841, 0x0000, 0x0000, 0x0020, 0x0020, 0x0020, 0x0020, 0x0020, 0x0020,
  0x0020, 0x0020, 0x0020, 0x0020, 0x0020, 0x0020, 0x0020, 0x0020, 0x0020, 0x0020, 0x0020, 0x0020,
  0x0020, 0x0020, 0x0020, 0x0020, 0x0020, 0x0020, 0x0020, 0x0020, 0x0020, 0x0020, 0x0020, 0x0020,
  0x0020, 0x0020, 0x0020, 0x0020, 0x0020, 0x0020, 0x0020, 0x0020, 0x0020, 0x0020, 0x0020, 0x0020,
  0x0020, 0x0020, 0x0020, 0x0020, 0x0020, 0x0020, 0x0020, 0x0020, 0x0020, 0x0020, 0x0020, 0x0020,
  0x0020, 0x0020, 0x0020, 0x0020, 0x0020, 0x0020, 0x0020, 0x0020, 0x0020, 0x0020, 0x0020, 0x0020,
  0x0020, 0x0020, 0x0020, 0x0020, 0x0020, 0x0020, 0x0020, 0x0020, 0x0020, 0x0020, 0x0020, 0x0020,
  0x0020, 0x0020, 0x0020, 0x0020, 0x0020, 0x0020, 0x0020, 0x0020, 0x0021, 0x0000, 0x1082, 0x734C,
  0x7B8C, 0x62CA, 0x2924, 0x81E6, 0xAA07, 0xBA68, 0xBA68, 0xB248, 0xB248, 0xB248, 0xB248, 0xB248,
  0xB248, 0xB248, 0xB248, 0xB248, 0xB248, 0xB248, 0xB248, 0xAA07, 0x40E3, 0xA4F2, 0xCDF5, 0xACF2,
  0x83CD, 0x7B8D, 0x0862, 0x18E3, 0x2945, 0x2945, 0x2945, 0x2986, 0x1904, 0x2145, 0x1904, 0x2125,
  0x31A6, 0x39E7, 0x4208, 0x4A69, 0x2945, 0x9450, 0xC5D6, 0xCE16, 0xE6D9, 0xEEF9, 0xF73A, 0xC5D5,
  0x39C7, 0x4228, 0x39E8, 0x3A08, 0x31A7, 0x1904, 0x18C3, 0x18C3, 0x18E3, 0x18C3, 0x1082, 0x10C3,
  0x1082, 0x10A2, 0x10A2, 0x10C3, 0x1082, 0x0841, 0x0841, 0x0000, 0x0000, 0x0020, 0x0020, 0x0020,
  0x0020, 0x0020, 0x0020, 0x0020, 0x0020, 0x0020, 0x0020, 0x0020, 0x0020, 0x0020, 0x0020, 0x0020,
  0x0020, 0x0020, 0x0020, 0x0020, 0x0020, 0x0020, 0x0020, 0x0020, 0x0020, 0x0020, 0x0020, 0x0020,
  0x0020, 0x0020, 0x0020, 0x0020, 0x0020, 0x0020, 0x0020, 0x0020, 0x0020, 0x0020, 0x0020, 0x0020,
  0x0020, 0x0020, 0x0020, 0x0020, 0x0020, 0x0020, 0x0020, 0x0020, 0x0020, 0x0020, 0x0020, 0x0020,
  0x0020, 0x0020, 0x0020, 0x0020, 0x0020, 0x0020, 0x0020, 0x0020, 0x0020, 0x0020, 0x0020, 0x0020,
  0x0020, 0x0020, 0x0020, 0x0020, 0x0020, 0x0020, 0x0020, 0x0020, 0x0020, 0x0020, 0x0020, 0x0020,
  0x0020, 0x0020, 0x0020, 0x0020, 0x0020, 0x0020, 0x0020, 0x0020, 0x0020, 0x0020, 0x0020, 0x0020,
  0x0020, 0x0020, 0x0020, 0x62EA, 0x83CD, 0x5AA9, 0x2103, 0x1082, 0x4103, 0x7185, 0xA207, 0xBA68,
  0xBA69, 0xB248, 0xB248, 0xB248, 0xB248, 0xB248, 0xB248, 0xB248, 0xB248, 0xB248, 0xB268, 0xAA07,
  0x4103, 0xA512, 0xCDF5, 0xACF2, 0x83CD, 0x7B8C, 0x1082, 0x18E3, 0x2945, 0x2945, 0x2965, 0x2986,
  0x2104, 0x2145, 0x2986, 0x2986, 0x2966, 0x2966, 0x2124, 0x2986, 0x2124, 0x9C91, 0xCDD5, 0xB553,
  0xB553, 0xB554, 0xCE16, 0x630B, 0x2986, 0x39C7, 0x31A6, 0x2966, 0x18E3, 0x18C3, 0x18C3, 0x18C3,
  0x18E3, 0x18E3, 0x18C3, 0x10A2, 0x10A2, 0x10A2, 0x10A2, 0x0861, 0x0841, 0x0841, 0x0000, 0x0000,
  0x0020, 0x0020, 0x0020, 0x0020, 0x0020, 0x0020, 0x0020, 0x0020, 0x0020, 0x0020, 0x0020, 0x0020,
  0x0020, 0x0020, 0x0020, 0x0020, 0x0020, 0x0020, 0x0020, 0x0020, 0x0020, 0x0020, 0x0020, 0x0020,
  0x0020, 0x0020, 0x0020, 0x0020, 0x0020, 0x0020, 0x0020, 0x0020, 0x0020, 0x0020, 0x0020, 0x0020,
  0x0020, 0x0020, 0x0020, 0x0020, 0x0020, 0x0020, 0x0020, 0x0020, 0x0020, 0x0020, 0x0020, 0x0020,
  0x0020, 0x0020, 0x0020, 0x0020, 0x0020, 0x0020, 0x0020, 0x0020, 0x0020, 0x0020, 0x0020, 0x0020,
  0x0020, 0x0020, 0x0020, 0x0020, 0x0020, 0x0020, 0x0020, 0x0020, 0x0020, 0x0020, 0x0020, 0x0020,
  0x0020, 0x0020, 0x0020, 0x0020, 0x0020, 0x0020, 0x0020, 0x0020, 0x0020, 0x0020, 0x0020, 0x0020,
  0x0020, 0x0020, 0x0020, 0x0020, 0x0020, 0x0020, 0x0000, 0x0000, 0x20E3, 0x3185, 0x10A2, 0x2125,
  0x2165, 0x1904, 0x20C3, 0x4103, 0x7985, 0xAA48, 0xC289, 0xBA68, 0xB248, 0xB248, 0xB248, 0xB248,
  0xB248, 0xB248, 0xB248, 0xA207, 0x4103, 0xA512, 0xCDD5, 0xACF1, 0x83AD, 0x7B8C, 0x0882, 0x18E3,
  0x2945, 0x2945, 0x2945, 0x2986, 0x2104, 0x2145, 0x2986, 0x2966, 0x2966, 0x2966, 0x2965, 0x2986,
  0x18C3, 0x9C91, 0xCDF5, 0xC5B4, 0xC594, 0xC5B4, 0xA4D1, 0x2965, 0x2145, 0x2145, 0x2125, 0x2145,
  0x18C3, 0x18C3, 0x18C3, 0x18C3, 0x18E3, 0x18C3, 0x1082, 0x10A2, 0x10A2, 0x10A2, 0x0861, 0x0861,
  0x0841, 0x0000, 0x0020, 0x0020, 0x0020, 0x0020, 0x0020, 0x0020, 0x0020, 0x0020, 0x0020, 0x0020,
  0x0020, 0x0020, 0x0020, 0x0020, 0x0020, 0x0020, 0x0020, 0x0020, 0x0020, 0x0020, 0x0020, 0x0020,
  0x0020, 0x0020, 0x0020, 0x0020, 0x0020, 0x0020, 0x0020, 0x0020, 0x0020, 0x0020, 0x0020, 0x0020,
  0x0020, 0x0020, 0x0020, 0x0020, 0x0020, 0x0020, 0x0020, 0x0020, 0x0020, 0x0020, 0x0020, 0x0020,
  0x0020, 0x0020, 0x0020, 0x0020, 0x0020, 0x0020, 0x0020, 0x0020, 0x0020, 0x0020, 0x0020, 0x0020,
  0x0020, 0x0020, 0x0020, 0x0020, 0x0020, 0x0020, 0x0020, 0x0020, 0x0020, 0x0020, 0x0020, 0x0020,
  0x0020, 0x0020, 0x0020, 0x0020, 0x0020, 0x0020, 0x0020, 0x0020, 0x0020, 0x0020, 0x0020, 0x0020,
  0x0020, 0x0020, 0x0020, 0x0020, 0x0020, 0x0020, 0x0020, 0x0020, 0x0020, 0x0020, 0x0020, 0x0020,
  0x0000, 0x0000, 0x0000, 0x0020, 0x1082, 0x2104, 0x2145, 0x1925, 0x10E3, 0x20C3, 0x5124, 0x89A6,
  0xB228, 0xC268, 0xBA68, 0xB248, 0xB248, 0xB248, 0xB248, 0xA207, 0x4903, 0xA512, 0xCDD5, 0xACF1,
  0x83AD, 0x7B8C, 0x0861, 0x18E3, 0x2945, 0x2965, 0x2945, 0x2986, 0x1904, 0x2145, 0x2986, 0x2966,
  0x2966, 0x2966, 0x2966, 0x3186, 0x18C3, 0x9CB1, 0xCDF5, 0xC5B4, 0xBD73, 0xC594, 0xB533, 0x2945,
  0x1904, 0x2124, 0x2104, 0x2145, 0x18E3, 0x10C3, 0x18C3, 0x18C3, 0x18E3, 0x18C3, 0x1082, 0x10A2,
  0x10A2, 0x0861, 0x0861, 0x0020, 0x0000, 0x0020, 0x0020, 0x0020, 0x0020, 0x0020, 0x0020, 0x0020,
  0x0020, 0x0020, 0x0020, 0x0020, 0x0020, 0x0020, 0x0020, 0x0020, 0x0020, 0x0020, 0x0020, 0x0020,
  0x0020, 0x0020, 0x0020, 0x0020, 0x0020, 0x0020, 0x0020, 0x0020, 0x0020, 0x0020, 0x0020, 0x0020,
  0x0020, 0x0020, 0x0020, 0x0020, 0x0020, 0x0020, 0x0020, 0x0020, 0x0020, 0x0020, 0x0020, 0x0020,
  0x0020, 0x0020, 0x0020, 0x0020, 0x0020, 0x0020, 0x0020, 0x0020, 0x0020, 0x0020, 0x0020, 0x0020,
  0x0020, 0x0020, 0x0020, 0x0020, 0x0020, 0x0020, 0x0020, 0x0020, 0x0020, 0x0020, 0x0020, 0x0020,
  0x0020, 0x0020, 0x0020, 0x0020, 0x0020, 0x0020, 0x0020, 0x0020, 0x0020, 0x0020, 0x0020, 0x0020,
  0x0020, 0x0020, 0x0020, 0x0020, 0x0020, 0x0020, 0x0020, 0x0020, 0x0020, 0x0020, 0x0020, 0x0020,
  0x0020, 0x0020, 0x0020, 0x0020, 0x0021, 0x0020, 0x0020, 0x0000, 0x0000, 0x0000, 0x0020, 0x1082,
  0x2104, 0x2145, 0x1924, 0x10C3, 0x28C3, 0x5924, 0x89C6, 0xB248, 0xC268, 0xBA48, 0xA207, 0xA207,
  0x4903, 0xA4F2, 0xC5B4, 0xA4D1, 0x83AD, 0x7B8C, 0x0861, 0x18E3, 0x2965, 0x2965, 0x2945, 0x2986,
  0x1904, 0x2945, 0x2986, 0x2966, 0x2966, 0x2966, 0x2966, 0x2986, 0x10C3, 0x9C91, 0xCDF5, 0xC594,
  0xC594, 0xC5B4, 0xAD12, 0x2945, 0x1904, 0x2104, 0x2104, 0x2145, 0x18E3, 0x10C3, 0x18C3, 0x18C3,
  0x18E3, 0x18C3, 0x10A2, 0x10A2, 0x0841, 0x0861, 0x0020, 0x0000, 0x0020, 0x0020, 0x0020, 0x0020,
  0x0020, 0x0020, 0x0020, 0x0020, 0x0020, 0x0020, 0x0020, 0x0020, 0x0020, 0x0020, 0x0020, 0x0020,
  0x0020, 0x0020, 0x0020, 0x0020, 0x0020, 0x0020, 0x0020, 0x0020, 0x0020, 0x0020, 0x0020, 0x0020,
  0x0020, 0x0020, 0x0020, 0x0020, 0x0020, 0x0020, 0x0020, 0x0020, 0x0020, 0x0020, 0x0020, 0x0020,
  0x0020, 0x0020, 0x0020, 0x0020, 0x0020, 0x0020, 0x0020, 0x0020, 0x0020, 0x0020, 0x0020, 0x0020,
  0x0020, 0x0020, 0x0020, 0x0020, 0x0020, 0x0020, 0x0020, 0x0020, 0x0020, 0x0020, 0x0020, 0x0020,
  0x0020, 0x0020, 0x0020, 0x0020, 0x0020, 0x0020, 0x0020, 0x0020, 0x0020, 0x0020, 0x0020, 0x0020,
  0x0020, 0x0020, 0x0020, 0x0020, 0x0020, 0x0020, 0x0020, 0x0020, 0x0020, 0x0020, 0x0020, 0x0020,
  0x0020, 0x0020, 0x0020, 0x0020, 0x0020, 0x0020, 0x0020, 0x0020, 0x0020, 0x0020, 0x0020, 0x0020,
  0x0020, 0x0020, 0x0000, 0x0000, 0x0000, 0x0841, 0x18A3, 0x2124, 0x2145, 0x1104, 0x10A3, 0x30C3,
  0x6944, 0x91C6, 0xA207, 0xB227, 0x4904, 0xA4D1, 0xC5B4, 0xA4D1, 0x83AD, 0x7B6C, 0x0861, 0x18E3,
  0x2945, 0x2965, 0x2965, 0x2986, 0x1904, 0x2945, 0x2986, 0x2966, 0x2966, 0x2966, 0x2966, 0x2986,
  0x10C3, 0x9C91, 0xCDF5, 0xBD94, 0xBD94, 0xC5B4, 0xAD12, 0x2125, 0x1904, 0x2104, 0x2104, 0x2145,
  0x18E3, 0x10C3, 0x18C3, 0x18E3, 0x18C3, 0x18C3, 0x0861, 0x0861, 0x0861, 0x0000, 0x0000, 0x0020,
  0x0020, 0x0020, 0x0020, 0x0020, 0x0020, 0x0020, 0x0020, 0x0020, 0x0020, 0x0020, 0x0020, 0x0020,
  0x0020, 0x0020, 0x0020, 0x0020, 0x0020, 0x0020, 0x0020, 0x0020, 0x0020, 0x0020, 0x0020, 0x0020,
  0x0020, 0x0020, 0x0020, 0x0020, 0x0020, 0x0020, 0x0020, 0x0020, 0x0020, 0x0020, 0x0020, 0x0020,
  0x0020, 0x0020, 0x0020, 0x0020, 0x0020, 0x0020, 0x0020, 0x0020, 0x0020, 0x0020, 0x0020, 0x0020,
  0x0020, 0x0020, 0x0020, 0x0020, 0x0020, 0x0020, 0x0020, 0x0020, 0x0020, 0x0020, 0x0020, 0x0020,
  0x0020, 0x0020, 0x0020, 0x0020, 0x0020, 0x0020, 0x0020, 0x0020, 0x0020, 0x0020, 0x0020, 0x0020,
  0x0020, 0x0020, 0x0020, 0x0020, 0x0020, 0x0020, 0x0020, 0x0020, 0x0020, 0x0020, 0x0020, 0x0020,
  0x0020, 0x0020, 0x0020, 0x0020, 0x0020, 0x0020, 0x0020, 0x0020, 0x0020, 0x0020, 0x0020, 0x0020,
  0x0020, 0x0020, 0x0020, 0x0020, 0x0020, 0x0020, 0x0020, 0x0020, 0x0020, 0x0000, 0x0000, 0x0000,
  0x0841, 0x18C3, 0x2104, 0x1925, 0x10E3, 0x18A2, 0x4103, 0x6944, 0x30C2, 0xAD33, 0xA490, 0xA4D1,
  0x83AD, 0x7B6C, 0x1082, 0x18E3, 0x2145, 0x2945, 0x2965, 0x2966, 0x18E4, 0x2945, 0x2986, 0x2966,
  0x2966, 0x2966, 0x2966, 0x2986, 0x18C3, 0x9C91, 0xCDD5, 0xBD94, 0xBD94, 0xC5B4, 0xB512, 0x2124,
  0x1904, 0x2104, 0x2124, 0x2145, 0x18C3, 0x18C3, 0x18C3, 0x18C3, 0x18E4, 0x10A3, 0x0841, 0x0861,
  0x0000, 0x0000, 0x0020, 0x0020, 0x0020, 0x0020, 0x0020, 0x0020, 0x0020, 0x0020, 0x0020, 0x0020,
  0x0020, 0x0020, 0x0020, 0x0020, 0x0020, 0x0020, 0x0020, 0x0020, 0x0020, 0x0020, 0x0020, 0x0020,
  0x0020, 0x0020, 0x0020, 0x0020, 0x0020, 0x0020, 0x0020, 0x0020, 0x0020, 0x0020, 0x0020, 0x0020,
  0x0020, 0x0020, 0x0020, 0x0020, 0x0020, 0x0020, 0x0020, 0x0020, 0x0020, 0x0020, 0x0020, 0x0020,
  0x0020, 0x0020, 0x0020, 0x0020, 0x0020, 0x0020, 0x0020, 0x0020, 0x0020, 0x0020, 0x0020, 0x0020,
  0x0020, 0x0020, 0x0020, 0x0020, 0x0020, 0x0020, 0x0020, 0x0020, 0x0020, 0x0020, 0x0020, 0x0020,
  0x0020, 0x0020, 0x0020, 0x0020, 0x0020, 0x0020, 0x0020, 0x0020, 0x0020, 0x0020, 0x0020, 0x0020,
  0x0020, 0x0020, 0x0020, 0x0020, 0x0020, 0x0020, 0x0020, 0x0020, 0x0020, 0x0020, 0x0020, 0x0020,
  0x0020, 0x0020, 0x0020, 0x0020, 0x0020, 0x0020, 0x0020, 0x0020, 0x0020, 0x0020, 0x0020, 0x0020,
  0x0020, 0x0020, 0x0020, 0x0020, 0x0000, 0x0000, 0x0000, 0x0861, 0x18C3, 0x2125, 0x1925, 0x10C3,
  0x0882, 0x736C, 0x9C6F, 0xA4B0, 0x7B8C, 0x4A07, 0x0841, 0x18E3, 0x2965, 0x2945, 0x2145, 0x2965,
  0x2104, 0x2145, 0x2986, 0x2986, 0x2966, 0x2966, 0x2966, 0x3186, 0x18E3, 0x9C91, 0xCDF5, 0xBD73,
  0xBD94, 0xC5B4, 0xAD12, 0x2124, 0x1904, 0x2124, 0x2104, 0x2145, 0x18E4, 0x10A2, 0x18C3, 0x18E4,
  0x10A2, 0x0861, 0x0841, 0x0000, 0x0000, 0x0020, 0x0020, 0x0020, 0x0020, 0x0020, 0x0020, 0x0020,
  0x0020, 0x0020, 0x0020, 0x0020, 0x0020, 0x0020, 0x0020, 0x0020, 0x0020, 0x0020, 0x0020, 0x0020,
  0x0020, 0x0020, 0x0020, 0x0020, 0x0020, 0x0020, 0x0020, 0x0020, 0x0020, 0x0020, 0x0020, 0x0020,
  0x0020, 0x0020, 0x0020, 0x0020, 0x0020, 0x0020, 0x0020, 0x0020, 0x0020, 0x0020, 0x0020, 0x0020,
  0x0020, 0x0020, 0x0020, 0x0020, 0x0020, 0x0020, 0x0020, 0x0020, 0x0020, 0x0020, 0x0020, 0x0020,
  0x0020, 0x0020, 0x0020, 0x0020, 0x0020, 0x0020, 0x0020, 0x0020, 0x0020, 0x0020, 0x0020, 0x0020,
  0x0020, 0x0020, 0x0020, 0x0020, 0x0020, 0x0020, 0x0020, 0x0020, 0x0020, 0x0020, 0x0020, 0x0020,
  0x0020, 0x0020, 0x0020, 0x0020, 0x0020, 0x0020, 0x0020, 0x0020, 0x0020, 0x0020, 0x0020, 0x0020,
  0x0020, 0x0020, 0x0020, 0x0020, 0x0020, 0x0020, 0x0020, 0x0020, 0x0020, 0x0020, 0x0020, 0x0020,
  0x0020, 0x0020, 0x0020, 0x0020, 0x0020, 0x0020, 0x0020, 0x0020, 0x0020, 0x0020, 0x0000, 0x0000,
  0x0000, 0x0020, 0x0861, 0x18E3, 0x18E3, 0x734C, 0x6B0B, 0x5289, 0x4207, 0x5A89, 0x10A2, 0x0041,
  0x1904, 0x2965, 0x2966, 0x2986, 0x2104, 0x10A2, 0x2124, 0x2145, 0x2966, 0x2986, 0x2966, 0x31A6,
  0x18E3, 0x9C91, 0xBD52, 0xBD53, 0xC594, 0xCDD5, 0xACF1, 0x2124, 0x2104, 0x2124, 0x2124, 0x2145,
  0x18E4, 0x10A2, 0x18C3, 0x1082, 0x0841, 0x0841, 0x0000, 0x0000, 0x0020, 0x0020, 0x0020, 0x0020,
  0x0020, 0x0020, 0x0020, 0x0020, 0x0020, 0x0020, 0x0020, 0x0020, 0x0020, 0x0020, 0x0020, 0x0020,
  0x0020, 0x0020, 0x0020, 0x0020, 0x0020, 0x0020, 0x0020, 0x0020, 0x0020, 0x0020, 0x0020, 0x0020,
  0x0020, 0x0020, 0x0020, 0x0020, 0x0020, 0x0020, 0x0020, 0x0020, 0x0020, 0x0020, 0x0020, 0x0020,
  0x0020, 0x0020, 0x0020, 0x0020, 0x0020, 0x0020, 0x0020, 0x0020, 0x0020, 0x0020, 0x0020, 0x0020,
  0x0020, 0x0020, 0x0020, 0x0020, 0x0020, 0x0020, 0x0020, 0x0020, 0x0020, 0x0020, 0x0020, 0x0020,
  0x0020, 0x0020, 0x0020, 0x0020, 0x0020, 0x0020, 0x0020, 0x0020, 0x0020, 0x0020, 0x0020, 0x0020,
  0x0020, 0x0020, 0x0020, 0x0020, 0x0020, 0x0020, 0x0020, 0x0020, 0x0020, 0x0020, 0x0020, 0x0020,
  0x0020, 0x0020, 0x0020, 0x0020, 0x0020, 0x0020, 0x0020, 0x0020, 0x0020, 0x0020, 0x0020, 0x0020,
  0x0020, 0x0020, 0x0020, 0x0020, 0x0020, 0x0020, 0x0020, 0x0020, 0x0020, 0x0020, 0x0020, 0x0020,
  0x0020, 0x0020, 0x0020, 0x0020, 0x0020, 0x0020, 0x0000, 0x0000, 0x0020, 0x4A27, 0x732B, 0x6B0B,
  0x4A28, 0x2944, 0x0020, 0x0000, 0x0000, 0x0020, 0x1082, 0x2124, 0x18C3, 0x18E3, 0x3186, 0x2145,
  0x2104, 0x2104, 0x2145, 0x3186, 0x10C3, 0x9CB1, 0xB552, 0xBD73, 0xB533, 0xA490, 0xB512, 0x2945,
  0x1904, 0x2124, 0x2124, 0x2145, 0x18E3, 0x18E4, 0x0861, 0x0841, 0x0820, 0x0000, 0x0020, 0x0020,
  0x0020, 0x0020, 0x0020, 0x0020, 0x0020, 0x0020, 0x0020, 0x0020, 0x0020, 0x0020, 0x0020, 0x0020,
  0x0020, 0x0020, 0x0020, 0x0020, 0x0020, 0x0020, 0x0020, 0x0020, 0x0020, 0x0020, 0x0020, 0x0020,
  0x0020, 0x0020, 0x0020, 0x0020, 0x0020, 0x0020, 0x0020, 0x0020, 0x0020, 0x0020, 0x0020, 0x0020,
  0x0020, 0x0020, 0x0020, 0x0020, 0x0020, 0x0020, 0x0020, 0x0020, 0x0020, 0x0020, 0x0020, 0x0020,
  0x0020, 0x0020, 0x0020, 0x0020, 0x0020, 0x0020, 0x0020, 0x0020, 0x0020, 0x0020, 0x0020, 0x0020,
  0x0020, 0x0020, 0x0020, 0x0020, 0x0020, 0x0020, 0x0020, 0x0020, 0x0020, 0x0020, 0x0020, 0x0020,
  0x0020, 0x0020, 0x0020, 0x0020, 0x0020, 0x0020, 0x0020, 0x0020, 0x0020, 0x0020, 0x0020, 0x0020,
  0x0020, 0x0020, 0x0020, 0x0020, 0x0020, 0x0020, 0x0020, 0x0020, 0x0020, 0x0020, 0x0020, 0x0020,
  0x0020, 0x0020, 0x0020, 0x0020, 0x0020, 0x0020, 0x0020, 0x0020, 0x0020, 0x0020, 0x0020, 0x0020,
  0x0020, 0x0020, 0x0020, 0x0020, 0x0020, 0x0020, 0x0020, 0x0020, 0x0020, 0x0020, 0x0020, 0x0020,
  0x0000, 0x0000, 0x0020, 0x2103, 0x1081, 0x0000, 0x0020, 0x0020, 0x0020, 0x0000, 0x0000, 0x0000,
  0x0000, 0x0020, 0x10A2, 0x2104, 0x2966, 0x2986, 0x2145, 0x2104, 0x18C3, 0x41E7, 0x83CD, 0xB553,
  0xBD73, 0xA4B0, 0xB532, 0x2945, 0x2124, 0x2125, 0x2145, 0x2986, 0x18E3, 0x0861, 0x0841, 0x0020,
  0x0000, 0x0020, 0x0020, 0x0020, 0x0020, 0x0020, 0x0020, 0x0020, 0x0020, 0x0020, 0x0020, 0x0020,
  0x0020, 0x0020, 0x0020, 0x0020, 0x0020, 0x0020, 0x0020, 0x0020, 0x0020, 0x0020, 0x0020, 0x0020,
  0x0020, 0x0020, 0x0020, 0x0020, 0x0020, 0x0020, 0x0020, 0x0020, 0x0020, 0x0020, 0x0020, 0x0020,
  0x0020, 0x0020, 0x0020, 0x0020, 0x0020, 0x0020, 0x0020, 0x0020, 0x0020, 0x0020, 0x0020, 0x0020,
  0x0020, 0x0020, 0x0020, 0x0020, 0x0020, 0x0020, 0x0020, 0x0020, 0x0020, 0x0020, 0x0020, 0x0020,
  0x0020, 0x0020, 0x0020, 0x0020, 0x0020, 0x0020, 0x0020, 0x0020, 0x0020, 0x0020, 0x0020, 0x0020,
  0x0020, 0x0020, 0x0020, 0x0020, 0x0020, 0x0020, 0x0020, 0x0020, 0x0020, 0x0020, 0x0020, 0x0020,
  0x0020, 0x0020, 0x0020, 0x0020, 0x0020, 0x0020, 0x0020, 0x0020, 0x0020, 0x0020, 0x0020, 0x0020,
  0x0020, 0x0020, 0x0020, 0x0020, 0x0020, 0x0020, 0x0020, 0x0020, 0x0020, 0x0020, 0x0020, 0x0020,
  0x0020, 0x0020, 0x0020, 0x0020, 0x0020, 0x0020, 0x0020, 0x0020, 0x0020, 0x0020, 0x0020, 0x0020,
  0x0020, 0x0020, 0x0020, 0x0020, 0x0020, 0x0021, 0x0000, 0x0000, 0x0000, 0x0020, 0x0020, 0x0020,
  0x0020, 0x0020, 0x0020, 0x0020, 0x0020, 0x0000, 0x0000, 0x0000, 0x0841, 0x10A2, 0x2124, 0x2966,
  0x31A6, 0x2965, 0x1082, 0x18E3, 0x4A07, 0x8C2F, 0x9C90, 0x2124, 0x2104, 0x2104, 0x18C3, 0x18C3,
  0x0861, 0x0841, 0x0020, 0x0000, 0x0020, 0x0020, 0x0020, 0x0020, 0x0020, 0x0020, 0x0020, 0x0020,
  0x0020, 0x0020, 0x0020, 0x0020, 0x0020, 0x0020, 0x0020, 0x0020, 0x0020, 0x0020, 0x0020, 0x0020,
  0x0020, 0x0020, 0x0020, 0x0020, 0x0020, 0x0020, 0x0020, 0x0020, 0x0020, 0x0020, 0x0020, 0x0020,
  0x0020, 0x0020, 0x0020, 0x0020, 0x0020, 0x0020, 0x0020, 0x0020, 0x0020, 0x0020, 0x0020, 0x0020,
  0x0020, 0x0020, 0x0020, 0x0020, 0x0020, 0x0020, 0x0020, 0x0020, 0x0020, 0x0020, 0x0020, 0x0020,
  0x0020, 0x0020, 0x0020, 0x0020, 0x0020, 0x0020, 0x0020, 0x0020, 0x0020, 0x0020, 0x0020, 0x0020,
  0x0020, 0x0020, 0x0020, 0x0020, 0x0020, 0x0020, 0x0020, 0x0020, 0x0020, 0x0020, 0x0020, 0x0020,
  0x0020, 0x0020, 0x0020, 0x0020, 0x0020, 0x0020, 0x0020, 0x0020, 0x0020, 0x0020, 0x0020, 0x0020,
  0x0020, 0x0020, 0x0020, 0x0020, 0x0020, 0x0020, 0x0020, 0x0020, 0x0020, 0x0020, 0x0020, 0x0020,
  0x0020, 0x0020, 0x0020, 0x0020, 0x0020, 0x0020, 0x0020, 0x0020, 0x0020, 0x0020, 0x0020, 0x0020,
  0x0020, 0x0020, 0x0020, 0x0020, 0x0020, 0x0020, 0x0020, 0x0020, 0x0020, 0x0020, 0x0020, 0x0021,
  0x0020, 0x0020, 0x0020, 0x0020, 0x0020, 0x0020, 0x0020, 0x0020, 0x0020, 0x0020, 0x0020, 0x0020,
  0x0000, 0x0000, 0x0000, 0x0841, 0x10A2, 0x2124, 0x31A6, 0x2966, 0x1904, 0x10A2, 0x18C2, 0x1061,
  0x0841, 0x0861, 0x0861, 0x0840, 0x0841, 0x0000, 0x0000, 0x0020, 0x0020, 0x0020, 0x0020, 0x0020,
  0x0020, 0x0020, 0x0020, 0x0020, 0x0020, 0x0020, 0x0020, 0x0020, 0x0020, 0x0020, 0x0020, 0x0020,
  0x0020, 0x0020, 0x0020, 0x0020, 0x0020, 0x0020, 0x0020, 0x0020, 0x0020, 0x0020, 0x0020, 0x0020,
  0x0020, 0x0020, 0x0020, 0x0020, 0x0020, 0x0020, 0x0020, 0x0020, 0x0020, 0x0020, 0x0020, 0x0020,
  0x0020, 0x0020, 0x0020, 0x0020, 0x0020, 0x0020, 0x0020, 0x0020, 0x0020, 0x0020, 0x0020, 0x0020,
  0x0020, 0x0020, 0x0020, 0x0020, 0x0020, 0x0020, 0x0020, 0x0020, 0x0020, 0x0020, 0x0020, 0x0020,
  0x0020, 0x0020, 0x0020, 0x0020, 0x0020, 0x0020, 0x0020, 0x0020, 0x0020, 0x0020, 0x0020, 0x0020,
  0x0020, 0x0020, 0x0020, 0x0020, 0x0020, 0x0020, 0x0020, 0x0020, 0x0020, 0x0020, 0x0020, 0x0020,
  0x0020, 0x0020, 0x0020, 0x0020, 0x0020, 0x0020, 0x0020, 0x0020, 0x0020, 0x0020, 0x0020, 0x0020,
  0x0020, 0x0020, 0x0020, 0x0020, 0x0020, 0x0020, 0x0020, 0x0020, 0x0020, 0x0020, 0x0020, 0x0020,
  0x0020, 0x0020, 0x0020, 0x0020, 0x0020, 0x0020, 0x0020, 0x0020, 0x0020, 0x0020, 0x0020, 0x0020,
  0x0020, 0x0020, 0x0020, 0x0020, 0x0020, 0x0020, 0x0020, 0x0020, 0x0020, 0x0020, 0x0020, 0x0020,
  0x0020, 0x0020, 0x0020, 0x0020, 0x0020, 0x0020, 0x0020, 0x0000, 0x0000, 0x0000, 0x0841, 0x10C3,
  0x2145, 0x3186, 0x2145, 0x0861, 0x1082, 0x1081, 0x0861, 0x0841, 0x0000, 0x0000, 0x0020, 0x0020,
  0x0020, 0x0020, 0x0020, 0x0020, 0x0020, 0x0020, 0x0020, 0x0020, 0x0020, 0x0020, 0x0020, 0x0020,
  0x0020, 0x0020, 0x0020, 0x0020, 0x0020, 0x0020, 0x0020, 0x0020, 0x0020, 0x0020, 0x0020, 0x0020,
  0x0020, 0x0020, 0x0020, 0x0020, 0x0020, 0x0020, 0x0020, 0x0020, 0x0020, 0x0020, 0x0020, 0x0020,
  0x0020, 0x0020, 0x0020, 0x0020, 0x0020, 0x0020, 0x0020, 0x0020, 0x0020, 0x0020, 0x0020, 0x0020,
  0x0020, 0x0020, 0x0020, 0x0020, 0x0020, 0x0020, 0x0020, 0x0020, 0x0020, 0x0020, 0x0020, 0x0020,
  0x0020, 0x0020, 0x0020, 0x0020, 0x0020, 0x0020, 0x0020, 0x0020, 0x0020, 0x0020, 0x0020, 0x0020,
  0x0020, 0x0020, 0x0020, 0x0020, 0x0020, 0x0020, 0x0020, 0x0020, 0x0020, 0x0020, 0x0020, 0x0020,
  0x0020, 0x0020, 0x0020, 0x0020, 0x0020, 0x0020, 0x0020, 0x0020, 0x0020, 0x0020, 0x0020, 0x0020,
  0x0020, 0x0020, 0x0020, 0x0020, 0x0020, 0x0020, 0x0020, 0x0020, 0x0020, 0x0020, 0x0020, 0x0020,
  0x0020, 0x0020, 0x0020, 0x0020, 0x0020, 0x0020, 0x0020, 0x0020, 0x0020, 0x0020, 0x0020, 0x0020,
  0x0020, 0x0020, 0x0020, 0x0020, 0x0020, 0x0020, 0x0020, 0x0020, 0x0020, 0x0020, 0x0020, 0x0020,
  0x0020, 0x0020, 0x0020, 0x0020, 0x0020, 0x0020, 0x0020, 0x0020, 0x0020, 0x0020, 0x0020, 0x0020,
  0x0020, 0x0020, 0x0000, 0x0000, 0x0000, 0x0841, 0x10A2, 0x0020, 0x0020, 0x0000, 0x0000, 0x0000,
  0x0020, 0x0020, 0x0020, 0x0020, 0x0020, 0x0020, 0x0020, 0x0020, 0x0020, 0x0020, 0x0020, 0x0020,
  0x0020, 0x0020, 0x0020, 0x0020, 0x0020, 0x0020, 0x0020, 0x0020, 0x0020, 0x0020, 0x0020, 0x0020,
  0x0020, 0x0020, 0x0020, 0x0020, 0x0020, 0x0020, 0x0020, 0x0020, 0x0020, 0x0020, 0x0020, 0x0020,
  0x0020, 0x0020, 0x0020, 0x0020, 0x0020, 0x0020, 0x0020, 0x0020, 0x0020, 0x0020, 0x0020, 0x0020,
  0x0020, 0x0020, 0x0020, 0x0020, 0x0020, 0x0020, 0x0020, 0x0020, 0x0020, 0x0020, 0x0020, 0x0020,
  0x0020, 0x0020, 0x0020, 0x0020, 0x0020, 0x0020, 0x0020, 0x0020, 0x0020, 0x0020, 0x0020, 0x0020,
  0x0020, 0x0020, 0x0020, 0x0020, 0x0020, 0x0020, 0x0020, 0x0020, 0x0020, 0x0020, 0x0020, 0x0020,
  0x0020, 0x0020, 0x0020, 0x0020, 0x0020, 0x0020, 0x0020, 0x0020, 0x0020, 0x0020, 0x0020, 0x0020,
  0x0020, 0x0020, 0x0020, 0x0020, 0x0020, 0x0020, 0x0020, 0x0020, 0x0020, 0x0020, 0x0020, 0x0020,
  0x0020, 0x0020, 0x0020, 0x0020, 0x0020, 0x0020, 0x0020, 0x0020, 0x0020, 0x0020, 0x0020, 0x0020,
  0x0020, 0x0020, 0x0020, 0x0020, 0x0020, 0x0020, 0x0020, 0x0020, 0x0020, 0x0020, 0x0020, 0x0020,
  0x0020, 0x0020, 0x0020, 0x0020, 0x0020, 0x0020, 0x0020, 0x0020, 0x0020, 0x0020, 0x0020, 0x0020,
  0x0020, 0x0020, 0x0020, 0x0020, 0x0020, 0x0020, 0x0020, 0x0020, 0x0020, 0x0000, 0x0000, 0x0000,
  0x0000, 0x0000, 0x0020, 0x0020, 0x0020, 0x0020, 0x0020, 0x0020, 0x0020, 0x0020, 0x0020, 0x0020,
  0x0020, 0x0020, 0x0020, 0x0020, 0x0020, 0x0020, 0x0020, 0x0020, 0x0020, 0x0020, 0x0020, 0x0020,
  0x0020, 0x0020, 0x0020, 0x0020, 0x0020, 0x0020, 0x0020, 0x0020, 0x0020, 0x0020, 0x0020, 0x0020,
  0x0020, 0x0020, 0x0020, 0x0020, 0x0020, 0x0020, 0x0020, 0x0020, 0x0020, 0x0020, 0x0020, 0x0020,
  0x0020, 0x0020, 0x0020, 0x0020, 0x0020, 0x0020, 0x0020, 0x0020, 0x0020, 0x0020, 0x0020, 0x0020,
  0x0020, 0x0020, 0x0020, 0x0020, 0x0020, 0x0020, 0x0020, 0x0020, 0x0020, 0x0020, 0x0020, 0x0020,
  0x0020, 0x0020, 0x0020, 0x0020, 0x0020, 0x0020, 0x0020, 0x0020, 0x0020, 0x0020, 0x0020, 0x0020,
  0x0020, 0x0020, 0x0020, 0x0020, 0x0020, 0x0020, 0x0020, 0x0020, 0x0020, 0x0020, 0x0020, 0x0020,
  0x0020, 0x0020, 0x0020, 0x0020, 0x0020, 0x0020, 0x0020, 0x0020, 0x0020, 0x0020, 0x0020, 0x0020,
  0x0020, 0x0020, 0x0020, 0x0020, 0x0020, 0x0020, 0x0020, 0x0020, 0x0020, 0x0020, 0x0020, 0x0020,
  0x0020, 0x0020, 0x0020, 0x0020, 0x0020, 0x0020, 0x0020, 0x0020, 0x0020, 0x0020, 0x0020, 0x0020,
  0x0020, 0x0020, 0x0020, 0x0020, 0x0020, 0x0020, 0x0020, 0x0020, 0x0020, 0x0020, 0x0020, 0x0020,
  0x0020, 0x0020, 0x0020, 0x0020, 0x0020, 0x0020, 0x0020, 0x0020, 0x0020, 0x0020, 0x0020, 0x0020,
  0x0020, 0x0020, 0x0020, 0x0020, 0x0020, 0x0020, 0x0020, 0x0020, 0x0020, 0x0020, 0x0020, 0x0020,
  0x0020, 0x0020, 0x0020, 0x0020, 0x0020, 0x0020, 0x0020, 0x0020, 0x0020, 0x0020, 0x0020, 0x0020,
  0x0020, 0x0020, 0x0020, 0x0020, 0x0020, 0x0020, 0x0020, 0x0020, 0x0020, 0x0020, 0x0020, 0x0020,
  0x0020, 0x0020, 0x0020, 0x0020, 0x0020, 0x0020, 0x0020, 0x0020, 0x0020, 0x0020, 0x0020, 0x0020,
  0x0020, 0x0020, 0x0020, 0x0020, 0x0020, 0x0020, 0x0020, 0x0020, 0x0020, 0x0020, 0x0020, 0x0020,
  0x0020, 0x0020, 0x0020, 0x0020, 0x0020, 0x0020, 0x0020, 0x0020, 0x0020, 0x0020, 0x0020, 0x0020,
  0x0020, 0x0020, 0x0020, 0x0020, 0x0020, 0x0020, 0x0020, 0x0020, 0x0020, 0x0020, 0x0020, 0x0020,
  0x0020, 0x0020, 0x0020, 0x0020, 0x0020, 0x0020, 0x0020, 0x0020, 0x0020, 0x0020, 0x0020, 0x0020,
  0x0020, 0x0020, 0x0020, 0x0020, 0x0020, 0x0020, 0x0020, 0x0020, 0x0020, 0x0020, 0x0020, 0x0020,
  0x0020, 0x0020, 0x0020, 0x0020, 0x0020, 0x0020, 0x0020, 0x0020, 0x0020, 0x0020, 0x0020, 0x0020,
  0x0020, 0x0020, 0x0020, 0x0020, 0x0020, 0x0020, 0x0020, 0x0020, 0x0020, 0x0020, 0x0020, 0x0020,
  0x0020, 0x0020, 0x0020, 0x0020, 0x0020, 0x0020, 0x0020, 0x0020, 0x0020, 0x0020, 0x0020, 0x0020,
  0x0020, 0x0020, 0x0020, 0x0020, 0x0020, 0x0020, 0x0020, 0x0020, 0x0020, 0x0020, 0x0020, 0x0020,
  0x0020, 0x0020, 0x0020, 0x0020, 0x0020, 0x0020, 0x0020, 0x0020, 0x0020, 0x0020, 0x0020, 0x0020,
  0x0020, 0x0020, 0x0020, 0x0020, 0x0020, 0x0020, 0x0020, 0x0020, 0x0020, 0x0020, 0x0020, 0x0020,
  0x0020, 0x0020, 0x0020, 0x0020, 0x0020, 0x0020, 0x0020, 0x0020, 0x0020, 0x0020, 0x0020, 0x0020,
  0x0020, 0x0020, 0x0020, 0x0020, 0x0020, 0x0020, 0x0020, 0x0020, 0x0020, 0x0020, 0x0020, 0x0020,
  0x0020, 0x0020, 0x0020, 0x0020, 0x0020, 0x0020, 0x0020, 0x0020, 0x0020, 0x0020, 0x0020, 0x0020,
  0x0020, 0x0020, 0x0020, 0x0020, 0x0020, 0x0020, 0x0020, 0x0020, 0x0020, 0x0020, 0x0020, 0x0020,
  0x0020, 0x0020, 0x0020, 0x0020, 0x0020, 0x0020, 0x0020, 0x0020, 0x0020, 0x0020, 0x0020, 0x0020,
  0x0020, 0x0020, 0x0020, 0x0020, 0x0020, 0x0020, 0x0020, 0x0020, 0x0020, 0x0020, 0x0020, 0x0020,
  0x0020, 0x0020, 0x0020, 0x0020, 0x0020, 0x0020, 0x0020, 0x0020, 0x0020, 0x0020, 0x0020, 0x0020,
  0x0020, 0x0020, 0x0020, 0x0020, 0x0020, 0x0020, 0x0020, 0x0020, 0x0020, 0x0020, 0x0020, 0x0020,
  0x0020, 0x0020, 0x0020, 0x0020, 0x0020, 0x0020, 0x0020, 0x0020, 0x0020, 0x0020, 0x0020, 0x0020,
  0x0020, 0x0020, 0x0020, 0x0020, 0x0020, 0x0020, 0x0020, 0x0020, 0x0020, 0x0020, 0x0020, 0x0020,
  0x0020, 0x0020, 0x0020, 0x0020, 0x0020, 0x0020, 0x0020, 0x0020, 0x0020, 0x0020, 0x0020, 0x0020,
  0x0020, 0x0020, 0x0020, 0x0020, 0x0020, 0x0020, 0x0020, 0x0020, 0x0020, 0x0020, 0x0020, 0x0020,
  0x0020, 0x0020, 0x0020, 0x0020, 0x0020, 0x0020, 0x0020, 0x0020, 0x0020, 0x0020, 0x0020, 0x0020,
  0x0020, 0x0020, 0x0020, 0x0020, 0x0020, 0x0020, 0x0020, 0x0020, 0x0020, 0x0020, 0x0020, 0x0020,
  0x0020, 0x0020, 0x0020, 0x0020, 0x0020, 0x0020, 0x0020, 0x0020, 0x0020, 0x0020, 0x0020, 0x0020,
  0x0020, 0x0020, 0x0020, 0x0020, 0x0020, 0x0020, 0x0020, 0x0020, 0x0020, 0x0020, 0x0020, 0x0020,
  0x0020, 0x0020, 0x0020, 0x0020, 0x0020, 0x0020, 0x0020, 0x0020, 0x0020, 0x0020, 0x0020, 0x0020,
  0x0020, 0x0020, 0x0020, 0x0020, 0x0020, 0x0020, 0x0020, 0x0020, 0x0020, 0x0020, 0x0020, 0x0020,
  0x0020, 0x0020, 0x0020, 0x0020, 0x0020, 0x0020, 0x0020, 0x0020, 0x0020, 0x0020, 0x0020, 0x0020,
  0x0020, 0x0020, 0x0020, 0x0020, 0x0020, 0x0020, 0x0020, 0x0020, 0x0020, 0x0020, 0x0020, 0x0020,
  0x0020, 0x0020, 0x0020, 0x0020, 0x0020, 0x0020, 0x0020, 0x0020, 0x0020, 0x0020, 0x0020, 0x0020,
  0x0020, 0x0020, 0x0020, 0x0020, 0x0020, 0x0020, 0x0020, 0x0020, 0x0020, 0x0020, 0x0020, 0x0020,
  0x0020, 0x0020, 0x0020, 0x0020, 0x0020, 0x0020, 0x0020, 0x0020, 0x0020, 0x0020, 0x0020, 0x0020,
  0x0020, 0x0020, 0x0020, 0x0020, 0x0020, 0x0020, 0x0020, 0x0020, 0x0020, 0x0020, 0x0020, 0x0020,
  0x0020, 0x0020, 0x0020, 0x0020, 0x0020, 0x0020, 0x0020, 0x0020, 0x0020, 0x0020, 0x0020, 0x0020,
  0x0020, 0x0020, 0x0020, 0x0020, 0x0020, 0x0020, 0x0020, 0x0020, 0x0020, 0x0020, 0x0020, 0x0020,
  0x0020, 0x0020, 0x0020, 0x0020, 0x0020, 0x0020, 0x0020, 0x0020, 0x0020, 0x0020, 0x0020, 0x0020,
  0x0020, 0x0020, 0x0020, 0x0020, 0x0020, 0x0020, 0x0020, 0x0020, 0x0020, 0x0020, 0x0020, 0x0020,
  0x0020, 0x0020, 0x0020, 0x0020, 0x0020, 0x0020, 0x0020, 0x0020, 0x0020, 0x0020, 0x0020, 0x0020,
  0x0020, 0x0020, 0x0020, 0x0020, 0x0020, 0x0020, 0x0020, 0x0020, 0x0020, 0x0020, 0x0020, 0x0020,
  0x0020, 0x0020, 0x0020, 0x0020, 0x0020, 0x0020, 0x0020, 0x0020, 0x0020, 0x0020, 0x0020, 0x0020,
  0x0020, 0x0020, 0x0020, 0x0020, 0x0020, 0x0020, 0x0020, 0x0020, 0x0020, 0x0020, 0x0020, 0x0020,
  0x0020, 0x0020, 0x0020, 0x0020, 0x0020, 0x0020, 0x0020, 0x0020, 0x0020, 0x0020, 0x0020, 0x0020,
  0x0020, 0x0020, 0x0020, 0x0020, 0x0020, 0x0020, 0x0020, 0x0020, 0x0020, 0x0020, 0x0020, 0x0020,
  0x0020, 0x0020, 0x0020, 0x0020, 0x0020, 0x0020, 0x0020, 0x0020, 0x0020, 0x0020, 0x0020, 0x0020,
  0x0020, 0x0020, 0x0020, 0x0020, 0x0020, 0x0020, 0x0020, 0x0020, 0x0020, 0x0020, 0x0020, 0x0020,
  0x0020, 0x0020, 0x0020, 0x0020, 0x0020, 0x0020, 0x0020, 0x0020, 0x0020, 0x0020, 0x0020, 0x0020,
  0x0020, 0x0020, 0x0020, 0x0020, 0x0020, 0x0020, 0x0020, 0x0020, 0x0020, 0x0020, 0x0020, 0x0020,
  0x0020, 0x0020, 0x0020, 0x0020, 0x0020, 0x0020, 0x0020, 0x0020, 0x0020, 0x0020, 0x0020, 0x0020,
  0x0020, 0x0020, 0x0020, 0x0020, 0x0020, 0x0020, 0x0020, 0x0020, 0x0020, 0x0020, 0x0020, 0x0020,
  0x0020, 0x0020, 0x0020, 0x0020, 0x0020, 0x0020, 0x0020, 0x0020, 0x0020, 0x0020, 0x0020, 0x0020,
  0x0020, 0x0020, 0x0020, 0x0020, 0x0020, 0x0020, 0x0020, 0x0020, 0x0020, 0x0020, 0x0020, 0x0020,
  0x0020, 0x0020, 0x0020, 0x0020, 0x0020, 0x0020, 0x0020, 0x0020, 0x0020, 0x0020, 0x0020, 0x0020,
  0x0020, 0x0020, 0x0020, 0x0020, 0x0020, 0x0020, 0x0020, 0x0020, 0x0020, 0x0020, 0x0020, 0x0020,
  0x0020, 0x0020, 0x0020, 0x0020, 0x0020, 0x0020, 0x0020, 0x0020, 0x0020, 0x0020, 0x0020, 0x0020,
  0x0020, 0x0020, 0x0020, 0x0020, 0x0020, 0x0020, 0x0020, 0x0020, 0x0020, 0x0020, 0x0020, 0x0020,
  0x0020, 0x0020, 0x0020, 0x0020, 0x0020, 0x0020, 0x0020, 0x0020, 0x0020, 0x0020, 0x0020, 0x0020,
  0x0020, 0x0020, 0x0020, 0x0020, 0x0020, 0x0020, 0x0020, 0x0020, 0x0020, 0x0020, 0x0020, 0x0020,
  0x0020, 0x0020, 0x0020, 0x0020, 0x0020, 0x0020, 0x0020, 0x0020, 0x0020, 0x0020, 0x0020, 0x0020,
  0x0020, 0x0020, 0x0020, 0x0020, 0x0020, 0x0020, 0x0020, 0x0020, 0x0020, 0x0020, 0x0020, 0x0020,
  0x0020, 0x0020, 0x0020, 0x0020, 0x0020, 0x0020, 0x0020, 0x0020, 0x0020, 0x0020, 0x0020, 0x0020,
  0x0020, 0x0020, 0x0020, 0x0020, 0x0020, 0x0020, 0x0020, 0x0020, 0x0020, 0x0020, 0x0020, 0x0020,
  0x0020, 0x0020, 0x0020, 0x0020, 0x0020, 0x0020, 0x0020, 0x0020, 0x0020, 0x0020, 0x0020, 0x0020,
  0x0020, 0x0020, 0x0020, 0x0020, 0x0020, 0x0020, 0x0020, 0x0020, 0x0020, 0x0020, 0x0020, 0x0020,
  0x0020, 0x0020, 0x0020, 0x0020, 0x0020, 0x0020, 0x0020, 0x0020, 0x0020, 0x0020, 0x0020, 0x0020,
  0x0020, 0x0020, 0x0020, 0x0020, 0x0020, 0x0020, 0x0020, 0x0020, 0x0020, 0x0020, 0x0020, 0x0020,
  0x0020, 0x0020, 0x0020, 0x0020, 0x0020, 0x0020, 0x0020, 0x0020, 0x0020, 0x0020, 0x0020, 0x0020,
  0x0020, 0x0020, 0x0020, 0x0020, 0x0020, 0x0020, 0x0020, 0x0020, 0x0020, 0x0020, 0x0020, 0x0020,
  0x0020, 0x0020, 0x0020, 0x0020, 0x0020, 0x0020, 0x0020, 0x0020, 0x0020, 0x0020, 0x0020, 0x0020,
  0x0020, 0x0020, 0x0020, 0x0020, 0x0020, 0x0020, 0x0020, 0x0020, 0x0020, 0x0020, 0x0020, 0x0020,
  0x0020, 0x0020, 0x0020, 0x0020, 0x0020, 0x0020, 0x0020, 0x0020, 0x0020, 0x0020, 0x0020, 0x0020,
  0x0020, 0x0020, 0x0020, 0x0020, 0x0020, 0x0020, 0x0020, 0x0020, 0x0020, 0x0020, 0x0020, 0x0020,
  0x0020, 0x0020, 0x0020, 0x0020, 0x0020, 0x0020, 0x0020, 0x0020, 0x0020, 0x0020, 0x0020, 0x0020,
  0x0020, 0x0020, 0x0020, 0x0020, 0x0020, 0x0020, 0x0020, 0x0020, 0x0020, 0x0020, 0x0020, 0x0020,
  0x0020, 0x0020, 0x0020, 0x0020, 0x0020, 0x0020, 0x0020, 0x0020, 0x0020, 0x0020, 0x0020, 0x0020,
  0x0020, 0x0020, 0x0020, 0x0020, 0x0020, 0x0020, 0x0020, 0x0020, 0x0020, 0x0020, 0x0020, 0x0020,
  0x0020, 0x0020, 0x0020, 0x0020, 0x0020, 0x0020, 0x0020, 0x0020, 0x0020, 0x0020, 0x0020, 0x0020,
  0x0020, 0x0020, 0x0020, 0x0020, 0x0020, 0x0020, 0x0020, 0x0020, 0x0020, 0x0020, 0x0020, 0x0020,
  0x0020, 0x0020, 0x0020, 0x0020, 0x0020, 0x0020, 0x0020, 0x0020, 0x0020, 0x0020, 0x0020, 0x0020,
  0x0020, 0x0020, 0x0020, 0x0020, 0x0020, 0x0020, 0x0020, 0x0020, 0x0020, 0x0020, 0x0020, 0x0020,
  0x0020, 0x0020, 0x0020, 0x0020, 0x0020, 0x0020, 0x0020, 0x0020, 0x0020, 0x0020, 0x0020, 0x0020,
  0x0020, 0x0020, 0x0020, 0x0020, 0x0020, 0x0020, 0x0020, 0x0020, 0x0020, 0x0020, 0x0020, 0x0020,
  0x0020, 0x0020, 0x0020, 0x0020, 0x0020, 0x0020, 0x0020, 0x0020, 0x0020, 0x0020, 0x0020, 0x0020,
  0x0020, 0x0020, 0x0020, 0x0020, 0x0020, 0x0020, 0x0020, 0x0020, 0x0020, 0x0020, 0x0020, 0x0020,
  0x0020, 0x0020, 0x0020, 0x0020, 0x0020, 0x0020, 0x0020, 0x0020, 0x0020, 0x0020, 0x0020, 0x0020,
  0x0020, 0x0020, 0x0020, 0x0020, 0x0020, 0x0020, 0x0020, 0x0020, 0x0020, 0x0020, 0x0020, 0x0020,
  0x0020, 0x0020, 0x0020, 0x0020, 0x0020, 0x0020, 0x0020, 0x0020, 0x0020, 0x0020, 0x0020, 0x0020,
  0x0020, 0x0020, 0x0020, 0x0020, 0x0020, 0x0020, 0x0020, 0x0020, 0x0020, 0x0020, 0x0020, 0x0020,
  0x0020, 0x0020, 0x0020, 0x0020, 0x0020, 0x0020, 0x0020, 0x0020, 0x0020, 0x0020, 0x0020, 0x0020,
  0x0020, 0x0020, 0x0020, 0x0020, 0x0020, 0x0020, 0x0020, 0x0020, 0x0020, 0x0020, 0x0020, 0x0020,
  0x0020, 0x0020, 0x0020, 0x0020, 0x0020, 0x0020, 0x0020, 0x0020, 0x0020, 0x0020, 0x0020, 0x0020,
  0x0020, 0x0020, 0x0020, 0x0020, 0x0020, 0x0020, 0x0020, 0x0020, 0x0020, 0x0020, 0x0020, 0x0020,
  0x0020, 0x0020, 0x0020, 0x0020, 0x0020, 0x0020, 0x0020, 0x0020, 0x0020, 0x0020, 0x0020, 0x0020,
  0x0020, 0x0020, 0x0020, 0x0020, 0x0020, 0x0020, 0x0020, 0x0020, 0x0020, 0x0020, 0x0020, 0x0020,
  0x0020, 0x0020, 0x0020, 0x0020, 0x0020, 0x0020, 0x0020, 0x0020, 0x0020, 0x0020, 0x0020, 0x0020,
  0x0020, 0x0020, 0x0020, 0x0020, 0x0020, 0x0020, 0x0020, 0x0020, 0x0020, 0x0020, 0x0020, 0x0020,
  0x0020, 0x0020, 0x0020, 0x0020, 0x0020, 0x0020, 0x0020, 0x0020, 0x0020, 0x0020, 0x0020, 0x0020,
  0x0020, 0x0020, 0x0020, 0x0020, 0x0020, 0x0020, 0x0020, 0x0020, 0x0020, 0x0020, 0x0020, 0x0020,
  0x0020, 0x0020, 0x0020, 0x0020, 0x0020, 0x0020, 0x0020, 0x0020, 0x0020, 0x0020, 0x0020, 0x0020,
  0x0020, 0x0020, 0x0020, 0x0020, 0x0020, 0x0020, 0x0020, 0x0020, 0x0020, 0x0020, 0x0020, 0x0020,
  0x0020, 0x0020, 0x0020, 0x0020, 0x0020, 0x0020, 0x0020, 0x0020, 0x0020, 0x0020, 0x0020, 0x0020,
  0x0020, 0x0020, 0x0020, 0x0020, 0x0020, 0x0020, 0x0020, 0x0020, 0x0020, 0x0020, 0x0020, 0x0020,
  0x0020, 0x0020, 0x0020, 0x0020, 0x0020, 0x0020, 0x0020, 0x0020, 0x0020, 0x0020, 0x0020, 0x0020,
  0x0020, 0x0020, 0x0020, 0x0020, 0x0020, 0x0020, 0x0020, 0x0020, 0x0020, 0x0020, 0x0020, 0x0020,
  0x0020, 0x0020, 0x0020, 0x0020, 0x0020, 0x0020, 0x0020, 0x0020, 0x0020, 0x0020, 0x0020, 0x0020,
  0x0020, 0x0020, 0x0020, 0x0020, 0x0020, 0x0020, 0x0020, 0x0020, 0x0020, 0x0020, 0x0020, 0x0020,
  0x0020, 0x0020, 0x0020, 0x0020, 0x0020, 0x0020, 0x0020, 0x0020, 0x0020, 0x0020, 0x0020, 0x0020,
  0x0020, 0x0020, 0x0020, 0x0020, 0x0020, 0x0020, 0x0020, 0x0020, 0x0020, 0x0020, 0x0020, 0x0020,
  0x0020, 0x0020, 0x0020, 0x0020, 0x0020, 0x0020, 0x0020, 0x0020, 0x0020, 0x0020, 0x0020, 0x0020,
  0x0020, 0x0020, 0x0020, 0x0020, 0x0020, 0x0020, 0x0020, 0x0020, 0x0020, 0x0020, 0x0020, 0x0020,
  0x0020, 0x0020, 0x0020, 0x0020, 0x0020, 0x0020, 0x0020, 0x0020, 0x0020, 0x0020, 0x0020, 0x0020,
  0x0020, 0x0020, 0x0020, 0x0020, 0x0020, 0x0020, 0x0020, 0x0020, 0x0020, 0x0020, 0x0020, 0x0020,
  0x0020, 0x0020, 0x0020, 0x0020, 0x0020, 0x0020, 0x0020, 0x0020, 0x0020, 0x0020, 0x0020, 0x0020,
  0x0020, 0x0020, 0x0020, 0x0020, 0x0020, 0x0020, 0x0020, 0x0020, 0x0020, 0x0020, 0x0020, 0x0020,
  0x0020, 0x0020, 0x0020, 0x0020, 0x0020, 0x0020, 0x0020, 0x0020, 0x0020, 0x0020, 0x0020, 0x0020,
  0x0020, 0x0020, 0x0020, 0x0020, 0x0020, 0x0020, 0x0020, 0x0020, 0x0020, 0x0020, 0x0020, 0x0020,
  0x0020, 0x0020, 0x0020, 0x0020, 0x0020, 0x0020, 0x0020, 0x0020, 0x0020, 0x0020, 0x0020, 0x0020,
  0x0020, 0x0020, 0x0020, 0x0020, 0x0020, 0x0020, 0x0020, 0x0020, 0x0020, 0x0020, 0x0020, 0x0020,
  0x0020, 0x0020, 0x0020, 0x0020, 0x0020, 0x0020, 0x0020, 0x0020, 0x0020, 0x0020, 0x0020, 0x0020,
  0x0020, 0x0020, 0x0020, 0x0020, 0x0020, 0x0020, 0x0020, 0x0020, 0x0020, 0x0020, 0x0020, 0x0020,
  0x0020, 0x0020, 0x0020, 0x0020, 0x0020, 0x0020, 0x0020, 0x0020, 0x0020, 0x0020, 0x0020, 0x0020,
  0x0020, 0x0020, 0x0020, 0x0020, 0x0020, 0x0020, 0x0020, 0x0020, 0x0020, 0x0020, 0x0020, 0x0020,
  0x0020, 0x0020, 0x0020, 0x0020, 0x0020, 0x0020, 0x0020, 0x0020, 0x0020, 0x0020, 0x0020, 0x0020,
  0x0020, 0x0020, 0x0020, 0x0020, 0x0020, 0x0020, 0x0020, 0x0020, 0x0020, 0x0020, 0x0020, 0x0020,
  0x0020, 0x0020, 0x0020, 0x0020, 0x0020, 0x0020, 0x0020, 0x0020, 0x0020, 0x0020, 0x0020, 0x0020,
  0x0020, 0x0020, 0x0020, 0x0020, 0x0020, 0x0020, 0x0020, 0x0020, 0x0020, 0x0020, 0x0020, 0x0020,
  0x0020, 0x0020, 0x0020, 0x0020, 0x0020, 0x0020, 0x0020, 0x0020, 0x0020, 0x0020, 0x0020, 0x0020,
  0x0020, 0x0020, 0x0020, 0x0020, 0x0020, 0x0020, 0x0020, 0x0020, 0x0020, 0x0020, 0x0020, 0x0020,
  0x0020, 0x0020, 0x0020, 0x0020, 0x0020, 0x0020, 0x0020, 0x0020, 0x0020, 0x0020, 0x0020, 0x0020,
  0x0020, 0x0020, 0x0020, 0x0020, 0x0020, 0x0020, 0x0020, 0x0020, 0x0020, 0x0020, 0x0020, 0x0020,
  0x0020, 0x0020, 0x0020, 0x0020, 0x0020, 0x0020, 0x0020, 0x0020, 0x0020, 0x0020, 0x0020, 0x0020,
  0x0020, 0x0020, 0x0020, 0x0020, 0x0020, 0x0020, 0x0020, 0x0020, 0x0020, 0x0020, 0x0020, 0x0020,
  0x0020, 0x0020, 0x0020, 0x0020, 0x0020, 0x0020, 0x0020, 0x0020, 0x0020, 0x0020, 0x0020, 0x0020,
  0x0020, 0x0020, 0x0020, 0x0020, 0x0020, 0x0020, 0x0020, 0x0020, 0x0020, 0x0020, 0x0020, 0x0020,
  0x0020, 0x0020, 0x0020, 0x0020, 0x0020, 0x0020, 0x0020, 0x0020, 0x0020, 0x0020, 0x0020, 0x0020,
  0x0020, 0x0020, 0x0020, 0x0020, 0x0020, 0x0020, 0x0020, 0x0020, 0x0020, 0x0020, 0x0020, 0x0020,
  0x0020, 0x0020, 0x0020, 0x0020, 0x0020, 0x0020, 0x0020, 0x0020, 0x0020, 0x0020, 0x0020, 0x0020,
  0x0020, 0x0020, 0x0020, 0x0020, 0x0020, 0x0020, 0x0020, 0x0020, 0x0020, 0x0020, 0x0020, 0x0020,
  0x0020, 0x0020, 0x0020, 0x0020, 0x0020, 0x0020, 0x0020, 0x0020, 0x0020, 0x0020, 0x0020, 0x0020,
  0x0020, 0x0020, 0x0020, 0x0020, 0x0020, 0x0020, 0x0020, 0x0020, 0x0020, 0x0020, 0x0020, 0x0020,
  0x0020, 0x0020, 0x0020, 0x0020, 0x0020, 0x0020, 0x0020, 0x0020, 0x0020, 0x0020, 0x0020, 0x0020,
  0x0020, 0x0020, 0x0020, 0x0020, 0x0020, 0x0020, 0x0020, 0x0020, 0x0020, 0x0020, 0x0020, 0x0020,
  0x0020, 0x0020, 0x0020, 0x0020, 0x0020, 0x0020, 0x0020, 0x0020, 0x0020, 0x0020, 0x0020, 0x0020,
  0x0020, 0x0020, 0x0020, 0x0020, 0x0020, 0x0020, 0x0020, 0x0020, 0x0020, 0x0020, 0x0020, 0x0020,
  0x0020, 0x0020, 0x0020, 0x0020, 0x0020, 0x0020, 0x0020, 0x0020, 0x0020, 0x0020, 0x0020, 0x0020,
  0x0020, 0x0020, 0x0020, 0x0020, 0x0020, 0x0020, 0x0020, 0x0020, 0x0020, 0x0020, 0x0020, 0x0020,
  0x0020, 0x0020, 0x0020, 0x0020, 0x0020, 0x0020, 0x0020, 0x0020, 0x0020, 0x0020, 0x0020, 0x0020,
  0x0020, 0x0020, 0x0020, 0x0020, 0x0020, 0x0020, 0x0020, 0x0020, 0x0020, 0x0020, 0x0020, 0x0020,
  0x0020, 0x0020, 0x0020, 0x0020, 0x0020, 0x0020, 0x0020, 0x0020, 0x0020, 0x0020, 0x0020, 0x0020,
  0x0020, 0x0020, 0x0020, 0x0020, 0x0020, 0x0020, 0x0020, 0x0020, 0x0020, 0x0020, 0x0020, 0x0020,
  0x0020, 0x0020, 0x0020, 0x0020, 0x0020, 0x0020, 0x0020, 0x0020, 0x0020, 0x0020, 0x0020, 0x0020,
  0x0020, 0x0020, 0x0020, 0x0020, 0x0020, 0x0020, 0x0020, 0x0020, 0x0020, 0x0020, 0x0020, 0x0020,
  0x0020, 0x0020, 0x0020, 0x0020, 0x0020, 0x0020, 0x0020, 0x0020, 0x0020, 0x0020, 0x0020, 0x0020,
  0x0020, 0x0020, 0x0020, 0x0020, 0x0020, 0x0020, 0x0020, 0x0020, 0x0020, 0x0020, 0x0020, 0x0020,
  0x0020, 0x0020, 0x0020, 0x0020, 0x0020, 0x0020, 0x0020, 0x0020, 0x0020, 0x0020, 0x0020, 0x0020,
  0x0020, 0x0020, 0x0020, 0x0020, 0x0020, 0x0020, 0x0020, 0x0020, 0x0020, 0x0020, 0x0020, 0x0020,
  0x0020, 0x0020, 0x0020, 0x0020, 0x0020, 0x0020, 0x0020, 0x0020, 0x0020, 0x0020, 0x0020, 0x0020,
  0x0020, 0x0020, 0x0020, 0x0020, 0x0020, 0x0020, 0x0020, 0x0020, 0x0020, 0x0020, 0x0020, 0x0020,
  0x0020, 0x0020, 0x0020, 0x0020, 0x0020, 0x0020, 0x0020, 0x0020, 0x0020, 0x0020, 0x0020, 0x0020,
  0x0020, 0x0020, 0x0020, 0x0020, 0x0020, 0x0020, 0x0020, 0x0020, 0x0020, 0x0020, 0x0020, 0x0020,
  0x0020, 0x0020, 0x0020, 0x0020, 0x0020, 0x0020, 0x0020, 0x0020, 0x0020, 0x0020, 0x0020, 0x0020,
  0x0020, 0x0020, 0x0020, 0x0020, 0x0020, 0x0020, 0x0020, 0x0020, 0x0020, 0x0020, 0x0020, 0x0020,
  0x0020, 0x0020, 0x0020, 0x0020, 0x0020, 0x0020, 0x0020, 0x0020, 0x0020, 0x0020, 0x0020, 0x0020,
  0x0020, 0x0020, 0x0020, 0x0020, 0x0020, 0x0020, 0x0020, 0x0020, 0x0020, 0x0020, 0x0020, 0x0020,
  0x0020, 0x0020, 0x0020, 0x0020, 0x0020, 0x0020, 0x0020, 0x0020, 0x0020, 0x0020, 0x0020, 0x0020,
  0x0020, 0x0020, 0x0020, 0x0020, 0x0020, 0x0020, 0x0020, 0x0020, 0x0020, 0x0020, 0x0020, 0x0020,
  0x0020, 0x0020, 0x0020, 0x0020, 0x0020, 0x0020, 0x0020, 0x0020, 0x0020, 0x0020, 0x0020, 0x0020,
  0x0020, 0x0020, 0x0020, 0x0020, 0x0020, 0x0020, 0x0020, 0x0020, 0x0020, 0x0020, 0x0020, 0x0020,
  0x0020, 0x0020, 0x0020, 0x0020, 0x0020, 0x0020, 0x0020, 0x0020, 0x0020, 0x0020, 0x0020, 0x0020,
  0x0020, 0x0020, 0x0020, 0x0020, 0x0020, 0x0020, 0x0020, 0x0020, 0x0020, 0x0020, 0x0020, 0x0020,
  0x0020, 0x0020, 0x0020, 0x0020, 0x0020, 0x0020, 0x0020, 0x0020, 0x0020, 0x0020, 0x0020, 0x0020,
  0x0020, 0x0020, 0x0020, 0x0020, 0x0020, 0x0020, 0x0020, 0x0020, 0x0020, 0x0020, 0x0020, 0x0020,
  0x0020, 0x0020, 0x0020, 0x0020, 0x0020, 0x0020, 0x0020, 0x0020, 0x0020, 0x0020, 0x0020, 0x0020,
  0x0020, 0x0020, 0x0020, 0x0020, 0x0020, 0x0020, 0x0020, 0x0020, 0x0020, 0x0020, 0x0020, 0x0020,
  0x0020, 0x0020, 0x0020, 0x0020, 0x0020, 0x0020, 0x0020, 0x0020, 0x0020, 0x0020, 0x0020, 0x0020,
  0x0020, 0x0020, 0x0020, 0x0020, 0x0020, 0x0020, 0x0020, 0x0020, 0x0020, 0x0020, 0x0020, 0x0020,
  0x0020, 0x0020, 0x0020, 0x0020, 0x0020, 0x0020, 0x0020, 0x0020, 0x0020, 0x0020, 0x0020, 0x0020,
  0x0020, 0x0020, 0x0020, 0x0020, 0x0020, 0x0020, 0x0020, 0x0020, 0x0020, 0x0020, 0x0020, 0x0020,
  0x0020, 0x0020, 0x0020, 0x0020, 0x0020, 0x0020, 0x0020, 0x0020, 0x0020, 0x0020, 0x0020, 0x0020,
  0x0020, 0x0020, 0x0020, 0x0020, 0x0020, 0x0020, 0x0020, 0x0020, 0x0020, 0x0020, 0x0020, 0x0020,
  0x0020, 0x0020, 0x0020, 0x0020, 0x0020, 0x0020, 0x0020, 0x0020, 0x0020, 0x0020, 0x0020, 0x0020,
  0x0020, 0x0020, 0x0020, 0x0020, 0x0020, 0x0020, 0x0020, 0x0020, 0x0020, 0x0020, 0x0020, 0x0020,
  0x0020, 0x0020, 0x0020, 0x0020, 0x0020, 0x0020, 0x0020, 0x0020, 0x0020, 0x0020, 0x0020, 0x0020,
  0x0020, 0x0020, 0x0020, 0x0020, 0x0020, 0x0020, 0x0020, 0x0020, 0x0020, 0x0020, 0x0020, 0x0020,
  0x0020, 0x0020, 0x0020, 0x0020, 0x0020, 0x0020, 0x0020, 0x0020, 0x0020, 0x0020, 0x0020, 0x0020,
  0x0020, 0x0020, 0x0020, 0x0020, 0x0020, 0x0020, 0x0020, 0x0020, 0x0020, 0x0020, 0x0020, 0x0020,
  0x0020, 0x0020, 0x0020, 0x0020, 0x0020, 0x0020, 0x0020, 0x0020, 0x0020, 0x0020, 0x0020, 0x0020,
  0x0020, 0x0020, 0x0020, 0x0020, 0x0020, 0x0020, 0x0020, 0x0020, 0x0020, 0x0020, 0x0020, 0x0020,
  0x0020, 0x0020, 0x0020, 0x0020, 0x0020, 0x0020, 0x0020, 0x0020, 0x0020, 0x0020, 0x0020, 0x0020,
  0x0020, 0x0020, 0x0020, 0x0020, 0x0020, 0x0020, 0x0020, 0x0020, 0x0020, 0x0020, 0x0020, 0x0020,
  0x0020, 0x0020, 0x0020, 0x0020, 0x0020, 0x0020, 0x0020, 0x0020, 0x0020, 0x0020, 0x0020, 0x0020,
  0x0020, 0x0020, 0x0020, 0x0020, 0x0020, 0x0020, 0x0020, 0x0020, 0x0020, 0x0020, 0x0020, 0x0020,
  0x0020, 0x0020, 0x0020, 0x0020, 0x0020, 0x0020, 0x0020, 0x0020, 0x0020, 0x0020, 0x0020, 0x0020,
  0x0020, 0x0020, 0x0020, 0x0020, 0x0020, 0x0020, 0x0020, 0x0020, 0x0020, 0x0020, 0x0020, 0x0020,
  0x0020, 0x0020, 0x0020, 0x0020, 0x0020, 0x0020, 0x0020, 0x0020, 0x0020, 0x0020, 0x0020, 0x0020,
  0x0020, 0x0020, 0x0020, 0x0020, 0x0020, 0x0020, 0x0020, 0x0020, 0x0020, 0x0020, 0x0020, 0x0020,
  0x0020, 0x0020, 0x0020, 0x0020, 0x0020, 0x0020, 0x0020, 0x0020, 0x0020, 0x0020, 0x0020, 0x0020,
  0x0020, 0x0020, 0x0020, 0x0020, 0x0020, 0x0020, 0x0020, 0x0020, 0x0020, 0x0020, 0x0020, 0x0020,
  0x0020, 0x0020, 0x0020, 0x0020, 0x0020, 0x0020, 0x0020, 0x0020, 0x0020, 0x0020, 0x0020, 0x0020,
  0x0020, 0x0020, 0x0020, 0x0020, 0x0020, 0x0020, 0x0020, 0x0020, 0x0020, 0x0020, 0x0020, 0x0020,
  0x0020, 0x0020, 0x0020, 0x0020, 0x0020, 0x0020, 0x0020, 0x0020, 0x0020, 0x0020, 0x0020, 0x0020,
  0x0020, 0x0020, 0x0020, 0x0020, 0x0020, 0x0020, 0x0020, 0x0020, 0x0020, 0x0020, 0x0020, 0x0020,
  0x0020, 0x0020, 0x0020, 0x0020, 0x0020, 0x0020, 0x0020, 0x0020, 0x0020, 0x0020, 0x0020, 0x0020,
  0x0020, 0x0020, 0x0020, 0x0020, 0x0020, 0x0020, 0x0020, 0x0020, 0x0020, 0x0020, 0x0020, 0x0020,
  0x0020, 0x0020, 0x0020, 0x0020, 0x0020, 0x0020, 0x0020, 0x0020, 0x0020, 0x0020, 0x0020, 0x0020,
  0x0020, 0x0020, 0x0020, 0x0020, 0x0020, 0x0020, 0x0020, 0x0020, 0x0020, 0x0020, 0x0020, 0x0020,
  0x0020, 0x0020, 0x0020, 0x0020, 0x0020, 0x0020, 0x0020, 0x0020, 0x0020, 0x0020, 0x0020, 0x0020,
  0x0020, 0x0020, 0x0020, 0x0020, 0x0020, 0x0020, 0x0020, 0x0020, 0x0020, 0x0020, 0x0020, 0x0020,
  0x0020, 0x0020, 0x0020, 0x0020, 0x0020, 0x0020, 0x0020, 0x0020, 0x0020, 0x0020, 0x0020, 0x0020,
  0x0020, 0x0020, 0x0020, 0x0020, 0x0020, 0x0020, 0x0020, 0x0020, 0x0020, 0x0020, 0x0020, 0x0020,
  0x0020, 0x0020, 0x0020, 0x0020, 0x0020, 0x0020, 0x0020, 0x0020, 0x0020, 0x0020, 0x0020, 0x0020,
  0x0020, 0x0020, 0x0020, 0x0020, 0x0020, 0x0020, 0x0020, 0x0020, 0x0020, 0x0020, 0x0020, 0x0020,
  0x0020, 0x0020, 0x0020, 0x0020, 0x0020, 0x0020, 0x0020, 0x0020, 0x0020, 0x0020, 0x0020, 0x0020,
  0x0020, 0x0020, 0x0020, 0x0020, 0x0020, 0x0020, 0x0020, 0x0020, 0x0020, 0x0020, 0x0020, 0x0020,
  0x0020, 0x0020, 0x0020, 0x0020, 0x0020, 0x0020, 0x0020, 0x0020, 0x0020, 0x0020, 0x0020, 0x0020,
  0x0020, 0x0020, 0x0020, 0x0020, 0x0020, 0x0020, 0x0020, 0x0020, 0x0020, 0x0020, 0x0020, 0x0020,
  0x0020, 0x0020, 0x0020, 0x0020, 0x0020, 0x0020, 0x0020, 0x0020, 0x0020, 0x0020, 0x0020, 0x0020,
  0x0020, 0x0020, 0x0020, 0x0020, 0x0020, 0x0020, 0x0020, 0x0020, 0x0020, 0x0020, 0x0020, 0x0020,
  0x0020, 0x0020, 0x0020, 0x0020, 0x0020, 0x0020, 0x0020, 0x0020, 0x0020, 0x0020, 0x0020, 0x0020,
  0x0020, 0x0020, 0x0020, 0x0020, 0x0020, 0x0020, 0x0020, 0x0020, 0x0020, 0x0020, 0x0020, 0x0020,
  0x0020, 0x0020, 0x0020, 0x0020, 0x0020, 0x0020, 0x0020, 0x0020, 0x0020, 0x0020, 0x0020, 0x0020,
  0x0020, 0x0020, 0x0020, 0x0020, 0x0020, 0x0020, 0x0020, 0x0020, 0x0020, 0x0020, 0x0020, 0x0020,
  0x0020, 0x0020, 0x0020, 0x0020, 0x0020, 0x0020, 0x0020, 0x0020, 0x0020, 0x0020, 0x0020, 0x0020,
  0x0020, 0x0020, 0x0020, 0x0020, 0x0020, 0x0020, 0x0020, 0x0020, 0x0020, 0x0020, 0x0020, 0x0020,
  0x0020, 0x0020, 0x0020, 0x0020, 0x0020, 0x0020, 0x0020, 0x0020, 0x0020, 0x0020, 0x0020, 0x0020,
  0x0020, 0x0020, 0x0020, 0x0020, 0x0020, 0x0020, 0x0020, 0x0020, 0x0020, 0x0020, 0x0020, 0x0020,
  0x0020, 0x0020, 0x0020, 0x0020, 0x0020, 0x0020, 0x0020, 0x0020, 0x0020, 0x0020, 0x0020, 0x0020,
  0x0020, 0x0020, 0x0020, 0x0020, 0x0020, 0x0020, 0x0020, 0x0020, 0x0020, 0x0020, 0x0020, 0x0020,
  0x0020, 0x0020, 0x0020, 0x0020, 0x0020, 0x0020, 0x0020, 0x0020, 0x0020, 0x0020, 0x0020, 0x0020,
  0x0020, 0x0020, 0x0020, 0x0020, 0x0020, 0x0020, 0x0020, 0x0020, 0x0020, 0x0020, 0x0020, 0x0020,
  0x0020, 0x0020, 0x0020, 0x0020, 0x0020, 0x0020, 0x0020, 0x0020, 0x0020, 0x0020, 0x0020, 0x0020,
  0x0020, 0x0020, 0x0020, 0x0020, 0x0020, 0x0020, 0x0020, 0x0020, 0x0020, 0x0020, 0x0020, 0x0020,
  0x0020, 0x0020, 0x0020, 0x0020, 0x0020, 0x0020, 0x0020, 0x0020, 0x0020, 0x0020, 0x0020, 0x0020,
  0x0020, 0x0020, 0x0020, 0x0020, 0x0020, 0x0020, 0x0020, 0x0020, 0x0020, 0x0020, 0x0020, 0x0020,
  0x0020, 0x0020, 0x0020, 0x0020, 0x0020, 0x0020, 0x0020, 0x0020, 0x0020, 0x0020, 0x0020, 0x0020,
  0x0020, 0x0020, 0x0020, 0x0020, 0x0020, 0x0020, 0x0020, 0x0020, 0x0020, 0x0020, 0x0020, 0x0020,
  0x0020, 0x0020, 0x0020, 0x0020, 0x0020, 0x0020, 0x0020, 0x0020, 0x0020, 0x0020, 0x0020, 0x0020,
  0x0020, 0x0020, 0x0020, 0x0020, 0x0020, 0x0020, 0x0020, 0x0020, 0x0020, 0x0020, 0x0020, 0x0020,
  0x0020, 0x0020, 0x0020, 0x0020, 0x0020, 0x0020, 0x0020, 0x0020, 0x0020, 0x0020, 0x0020, 0x0020,
  0x0020, 0x0020, 0x0020, 0x0020, 0x0020, 0x0020, 0x0020, 0x0020, 0x0020, 0x0020, 0x0020, 0x0020,
  0x0020, 0x0020, 0x0020, 0x0020,
