// Generated from Assets/GridCity/StreetV3/device/corner-civic-hold.png
// SHA-256: 6954a9334e9a9e9ff9888083607b7dab381cd0bd58cf3517e1c826e9ea75a53d
  0x0020, 0x0020, 0x0020, 0x0020, 0x0020, 0x0020, 0x0020, 0x0020, 0x0020, 0x0020, 0x0020, 0x0020,
  0x0020, 0x0020, 0x0020, 0x0020, 0x0020, 0x0020, 0x0020, 0x0020, 0x0020, 0x0020, 0x0020, 0x0020,
  0x0020, 0x0020, 0x0020, 0x0020, 0x0020, 0x0020, 0x0020, 0x0020, 0x0020, 0x0020, 0x0020, 0x0020,
  0x0020, 0x0020, 0x0020, 0x0020, 0x0020, 0x0020, 0x0020, 0x0020, 0x0020, 0x0020, 0x0020, 0x0020,
  0x0020, 0x0020, 0x0020, 0x0020, 0x0020, 0x0020, 0x0020, 0x0020, 0x0020, 0x0020, 0x0020, 0x0020,
  0x0020, 0x0020, 0x0020, 0x0020, 0x0020, 0x0020, 0x0020, 0x0020, 0x0020, 0x0020, 0x0020, 0x0020,
  0x0020, 0x0020, 0x0020, 0x0020, 0x0020, 0x0020, 0x0020, 0x0020, 0x0020, 0x0020, 0x0020, 0x0020,
  0x0020, 0x0020, 0x0020, 0x0020, 0x0020, 0x0020, 0x0020, 0x0020, 0x0020, 0x0020, 0x0020, 0x0020,
  0x0020, 0x0020, 0x0020, 0x0020, 0x0020, 0x0020, 0x0020, 0x0020, 0x0020, 0x0020, 0x0020, 0x0020,
  0x0020, 0x0020, 0x0020, 0x0020, 0x0020, 0x0020, 0x0020, 0x0020, 0x0020, 0x0020, 0x0020, 0x0020,
  0x0020, 0x0020, 0x0020, 0x0020, 0x0020, 0x0020, 0x0020, 0x0020, 0x0020, 0x0020, 0x0020, 0x0020,
  0x0020, 0x0020, 0x0020, 0x0020, 0x0020, 0x0020, 0x0020, 0x0020, 0x0020, 0x0020, 0x0020, 0x0020,
  0x0020, 0x0021, 0x0021, 0x0021, 0x0020, 0x0020, 0x0020, 0x0020, 0x0020, 0x0020, 0x0020, 0x0020,
  0x0020, 0x0020, 0x0020, 0x0020, 0x0020, 0x0020, 0x0020, 0x0020, 0x0020, 0x0020, 0x0020, 0x0021,
  0x0020, 0x0020, 0x0020, 0x0020, 0x0020, 0x0020, 0x0020, 0x0020, 0x0020, 0x0020, 0x0020, 0x0020,
  0x0020, 0x0020, 0x0020, 0x0020, 0x0020, 0x0020, 0x0020, 0x0020, 0x0020, 0x0020, 0x0020, 0x0020,
  0x0020, 0x0020, 0x0020, 0x0020, 0x0020, 0x0020, 0x0020, 0x0020, 0x0020, 0x0020, 0x0020, 0x0020,
  0x0020, 0x0020, 0x0020, 0x0021, 0x0020, 0x0021, 0x0020, 0x0020, 0x0020, 0x0020, 0x0020, 0x0020,
  0x0020, 0x0020, 0x0020, 0x0021, 0x0020, 0x0020, 0x0020, 0x0020, 0x0020, 0x0020, 0x0020, 0x0020,
  0x0020, 0x0020, 0x0020, 0x0020, 0x0020, 0x0020, 0x0020, 0x0020, 0x0021, 0x0020, 0x0020, 0x0020,
  0x0020, 0x0020, 0x0020, 0x0020, 0x0020, 0x0020, 0x0020, 0x0020, 0x0020, 0x0020, 0x0020, 0x0020,
  0x0020, 0x0020, 0x0020, 0x0020, 0x0020, 0x0020, 0x0020, 0x0020, 0x0020, 0x0020, 0x0020, 0x0020,
  0x0020, 0x0020, 0x0020, 0x0020, 0x0020, 0x0020, 0x0020, 0x0020, 0x0020, 0x0020, 0x0020, 0x0020,
  0x0020, 0x0020, 0x0020, 0x0020, 0x0020, 0x0020, 0x0020, 0x0020, 0x0020, 0x0020, 0x0020, 0x0020,
  0x0020, 0x0020, 0x0020, 0x0020, 0x0020, 0x0020, 0x0020, 0x0020, 0x0020, 0x0020, 0x0020, 0x0020,
  0x0020, 0x0020, 0x0020, 0x0020, 0x0020, 0x0021, 0x0020, 0x0020, 0x0020, 0x0020, 0x0020, 0x0020,
  0x0020, 0x0020, 0x0020, 0x0021, 0x0020, 0x0020, 0x0020, 0x0020, 0x0020, 0x0020, 0x0020, 0x0020,
  0x0020, 0x0020, 0x0020, 0x0020, 0x0021, 0x0020, 0x0020, 0x0021, 0x0020, 0x0020, 0x0020, 0x0020,
  0x0020, 0x0021, 0x0020, 0x0020, 0x0020, 0x0021, 0x0020, 0x0020, 0x0020, 0x0020, 0x0020, 0x0020,
  0x0020, 0x0020, 0x0020, 0x0021, 0x0020, 0x0020, 0x0020, 0x0021, 0x0020, 0x0020, 0x0020, 0x0020,
  0x0021, 0x0020, 0x0020, 0x0020, 0x0021, 0x0020, 0x0020, 0x0020, 0x0021, 0x0020, 0x0020, 0x0020,
  0x0020, 0x0020, 0x0020, 0x0020, 0x0020, 0x0020, 0x0020, 0x0021, 0x0020, 0x0020, 0x0020, 0x0020,
  0x0021, 0x0020, 0x0020, 0x0020, 0x0020, 0x0020, 0x0020, 0x0020, 0x0020, 0x0020, 0x0020, 0x0020,
  0x0020, 0x0020, 0x0020, 0x0020, 0x0020, 0x0020, 0x0020, 0x0020, 0x0020, 0x0020, 0x0020, 0x0020,
  0x0020, 0x0020, 0x0020, 0x0020, 0x0020, 0x0020, 0x0020, 0x0020, 0x0020, 0x0020, 0x0020, 0x0020,
  0x0020, 0x0020, 0x0020, 0x0020, 0x0020, 0x0020, 0x0020, 0x0020, 0x0020, 0x0020, 0x0020, 0x0020,
  0x0020, 0x0020, 0x0020, 0x0020, 0x0020, 0x0020, 0x0021, 0x0020, 0x0020, 0x0021, 0x0020, 0x0020,
  0x0020, 0x0021, 0x0020, 0x0020, 0x0020, 0x0020, 0x0020, 0x0020, 0x0020, 0x0020, 0x0020, 0x0020,
  0x0020, 0x0020, 0x0020, 0x0020, 0x0020, 0x0020, 0x0020, 0x0020, 0x0021, 0x0020, 0x0020, 0x0020,
  0x0020, 0x0020, 0x0020, 0x0020, 0x0021, 0x0020, 0x0020, 0x0020, 0x0020, 0x0020, 0x0021, 0x0020,
  0x0020, 0x0020, 0x0020, 0x0020, 0x0020, 0x0020, 0x0020, 0x0020, 0x0020, 0x0020, 0x0020, 0x0020,
  0x0020, 0x0020, 0x0020, 0x0020, 0x0020, 0x0020, 0x0020, 0x0020, 0x0020, 0x0021, 0x0020, 0x0020,
  0x0020, 0x0021, 0x0021, 0x0020, 0x0020, 0x0020, 0x0020, 0x0020, 0x0020, 0x0020, 0x0021, 0x0020,
  0x0020, 0x0020, 0x0021, 0x0020, 0x0020, 0x0020, 0x0020, 0x0020, 0x0021, 0x0021, 0x0021, 0x0020,
  0x0020, 0x0021, 0x0020, 0x0020, 0x0020, 0x0020, 0x0021, 0x0020, 0x0020, 0x0020, 0x0020, 0x0020,
  0x0020, 0x0021, 0x0020, 0x0020, 0x0020, 0x0020, 0x0020, 0x0020, 0x0020, 0x0020, 0x0020, 0x0021,
  0x0020, 0x0020, 0x0020, 0x0020, 0x0020, 0x0020, 0x0021, 0x0020, 0x0020, 0x0020, 0x0020, 0x0020,
  0x0020, 0x0020, 0x0021, 0x0020, 0x0020, 0x0020, 0x0020, 0x0021, 0x0020, 0x0020, 0x0021, 0x0020,
  0x0020, 0x0020, 0x0020, 0x0020, 0x0020, 0x0020, 0x0020, 0x0020, 0x0020, 0x0020, 0x0020, 0x0020,
  0x0020, 0x0020, 0x0020, 0x0020, 0x0021, 0x0020, 0x0020, 0x0020, 0x0020, 0x0020, 0x0020, 0x0021,
  0x0021, 0x0020, 0x0020, 0x0020, 0x0021, 0x0020, 0x0020, 0x0020, 0x0020, 0x0020, 0x0020, 0x0021,
  0x0020, 0x0021, 0x0020, 0x0020, 0x0020, 0x0020, 0x0020, 0x0020, 0x0021, 0x0020, 0x0020, 0x0020,
  0x0020, 0x0020, 0x0020, 0x0020, 0x0020, 0x0020, 0x0021, 0x0021, 0x0020, 0x0020, 0x0020, 0x0020,
  0x0020, 0x0021, 0x0021, 0x0020, 0x0020, 0x0020, 0x0020, 0x0021, 0x0020, 0x0020, 0x0021, 0x0020,
  0x0021, 0x0020, 0x0021, 0x0020, 0x0020, 0x0021, 0x0020, 0x0020, 0x0020, 0x0020, 0x0020, 0x0020,
  0x0020, 0x0020, 0x0020, 0x0020, 0x0020, 0x0020, 0x0020, 0x0020, 0x0020, 0x0020, 0x0020, 0x0021,
  0x0020, 0x0020, 0x0020, 0x0020, 0x0020, 0x0020, 0x0020, 0x0021, 0x0021, 0x0021, 0x0020, 0x0020,
  0x0021, 0x0020, 0x0021, 0x0020, 0x0020, 0x0021, 0x0020, 0x0021, 0x0020, 0x0020, 0x0020, 0x0020,
  0x0021, 0x0020, 0x0020, 0x0020, 0x0020, 0x0020, 0x0020, 0x0020, 0x0020, 0x0020, 0x0021, 0x0020,
  0x0021, 0x0020, 0x0021, 0x0020, 0x0020, 0x0020, 0x0021, 0x0020, 0x0020, 0x0020, 0x0020, 0x0021,
  0x0021, 0x0020, 0x0020, 0x0020, 0x0020, 0x0020, 0x0021, 0x0020, 0x0020, 0x0021, 0x0020, 0x0020,
  0x0020, 0x0020, 0x0021, 0x0020, 0x0020, 0x0020, 0x0020, 0x0020, 0x0020, 0x0020, 0x0020, 0x0020,
  0x0020, 0x0020, 0x0020, 0x0020, 0x0020, 0x0020, 0x0020, 0x0020, 0x0020, 0x0020, 0x0020, 0x0020,
  0x0020, 0x0020, 0x0021, 0x0020, 0x0020, 0x0020, 0x0020, 0x0020, 0x0020, 0x0020, 0x0020, 0x0021,
  0x0020, 0x0020, 0x0020, 0x0020, 0x0020, 0x0020, 0x0020, 0x0020, 0x0020, 0x0020, 0x0020, 0x0020,
  0x0020, 0x0020, 0x0021, 0x0020, 0x0020, 0x0020, 0x0020, 0x0020, 0x0020, 0x0020, 0x0020, 0x0020,
  0x0020, 0x0020, 0x0020, 0x0020, 0x0020, 0x0021, 0x0020, 0x0020, 0x0020, 0x0020, 0x0020, 0x0020,
  0x0020, 0x0020, 0x0020, 0x0020, 0x0020, 0x0020, 0x0020, 0x0020, 0x0020, 0x0020, 0x0020, 0x0020,
  0x0020, 0x0020, 0x0020, 0x0020, 0x0020, 0x0020, 0x0021, 0x0020, 0x0020, 0x0020, 0x0020, 0x0020,
  0x0020, 0x0020, 0x0021, 0x0020, 0x0021, 0x0020, 0x0021, 0x0020, 0x0020, 0x0020, 0x0020, 0x0021,
  0x0021, 0x0021, 0x0021, 0x0020, 0x0020, 0x0020, 0x0020, 0x0020, 0x0020, 0x0020, 0x0021, 0x0020,
  0x0020, 0x0020, 0x0021, 0x0021, 0x0020, 0x0020, 0x0020, 0x0020, 0x0020, 0x0020, 0x0020, 0x0020,
  0x0021, 0x0020, 0x0020, 0x0020, 0x0021, 0x0020, 0x0020, 0x0020, 0x0020, 0x0020, 0x0020, 0x0020,
  0x0020, 0x0020, 0x0020, 0x0020, 0x0020, 0x0020, 0x0020, 0x0020, 0x0020, 0x0020, 0x0020, 0x0020,
  0x0020, 0x0020, 0x0020, 0x0020, 0x0020, 0x0020, 0x0020, 0x0020, 0x0020, 0x0020, 0x0020, 0x0020,
  0x0020, 0x0020, 0x0020, 0x0020, 0x0020, 0x0021, 0x0020, 0x0020, 0x0020, 0x0020, 0x0020, 0x0020,
  0x0021, 0x0020, 0x0020, 0x0020, 0x0021, 0x0021, 0x0021, 0x0020, 0x0020, 0x0020, 0x0021, 0x0020,
  0x0021, 0x0020, 0x0020, 0x0021, 0x0020, 0x0020, 0x0020, 0x0020, 0x0020, 0x0021, 0x0021, 0x0020,
  0x0020, 0x0020, 0x0020, 0x0020, 0x0020, 0x0020, 0x0021, 0x0020, 0x0020, 0x0020, 0x0020, 0x0020,
  0x0020, 0x0021, 0x0020, 0x0020, 0x0020, 0x0020, 0x0020, 0x0020, 0x0020, 0x0021, 0x0020, 0x0020,
  0x0020, 0x0020, 0x0020, 0x0020, 0x0020, 0x0020, 0x0020, 0x0020, 0x0020, 0x0020, 0x0020, 0x0020,
  0x0021, 0x0020, 0x0020, 0x0020, 0x0020, 0x0020, 0x0020, 0x0020, 0x0020, 0x0021, 0x0020, 0x0020,
  0x0020, 0x0020, 0x0020, 0x0020, 0x0021, 0x0020, 0x0020, 0x0020, 0x0020, 0x0020, 0x0021, 0x0021,
  0x0021, 0x0020, 0x0021, 0x0021, 0x0020, 0x0020, 0x0020, 0x0020, 0x0020, 0x0020, 0x0020, 0x0021,
  0x0020, 0x0020, 0x0020, 0x0020, 0x0020, 0x0021, 0x0020, 0x0021, 0x0020, 0x0020, 0x0020, 0x0020,
  0x0020, 0x0020, 0x0020, 0x0020, 0x0020, 0x0020, 0x0020, 0x0020, 0x0020, 0x0020, 0x0020, 0x0020,
  0x0020, 0x0020, 0x0020, 0x0020, 0x0020, 0x0020, 0x0020, 0x0021, 0x0020, 0x0021, 0x0021, 0x0020,
  0x0020, 0x0020, 0x0020, 0x0020, 0x0020, 0x0020, 0x0020, 0x0020, 0x0021, 0x0020, 0x0021, 0x0020,
  0x0020, 0x0020, 0x0020, 0x0021, 0x0020, 0x0020, 0x0020, 0x0020, 0x0020, 0x0020, 0x0020, 0x0021,
  0x0020, 0x0020, 0x0020, 0x0020, 0x0020, 0x0020, 0x0021, 0x0021, 0x0020, 0x0020, 0x0020, 0x0020,
  0x0020, 0x0021, 0x0020, 0x0021, 0x0021, 0x0020, 0x0020, 0x0020, 0x0020, 0x0020, 0x0020, 0x0020,
  0x0020, 0x0020, 0x0020, 0x0020, 0x0020, 0x0020, 0x0020, 0x0020, 0x0020, 0x0020, 0x0020, 0x0020,
  0x0020, 0x0020, 0x0020, 0x0020, 0x0020, 0x0020, 0x0020, 0x0021, 0x0021, 0x0020, 0x0020, 0x0020,
  0x0020, 0x0020, 0x0020, 0x0020, 0x0020, 0x0020, 0x0020, 0x0020, 0x0020, 0x0020, 0x0020, 0x0020,
  0x0020, 0x0020, 0x0021, 0x0020, 0x0020, 0x0020, 0x0020, 0x0020, 0x0020, 0x0021, 0x0020, 0x0020,
  0x0020, 0x0020, 0x0021, 0x0021, 0x0020, 0x0020, 0x0020, 0x0020, 0x0020, 0x0020, 0x0020, 0x0020,
  0x0021, 0x0020, 0x0020, 0x0020, 0x0020, 0x0021, 0x0021, 0x0020, 0x0020, 0x0020, 0x0020, 0x0021,
  0x0020, 0x0020, 0x0020, 0x0020, 0x0020, 0x0020, 0x0020, 0x0020, 0x0020, 0x0020, 0x0020, 0x0020,
  0x0020, 0x0021, 0x0021, 0x0020, 0x0020, 0x0020, 0x0020, 0x0020, 0x0020, 0x0020, 0x0020, 0x0021,
  0x0020, 0x0021, 0x0020, 0x0020, 0x0020, 0x0020, 0x0020, 0x0020, 0x0020, 0x0020, 0x0020, 0x0020,
  0x0020, 0x0020, 0x0020, 0x0020, 0x0020, 0x0021, 0x0020, 0x0020, 0x0020, 0x0020, 0x0020, 0x0020,
  0x0020, 0x0020, 0x0020, 0x0020, 0x0020, 0x0020, 0x0020, 0x0020, 0x0020, 0x0020, 0x0020, 0x0020,
  0x0020, 0x0020, 0x0020, 0x0021, 0x0021, 0x0020, 0x0020, 0x0020, 0x0021, 0x0021, 0x0020, 0x0020,
  0x0020, 0x0020, 0x0020, 0x0021, 0x0021, 0x0020, 0x0021, 0x0021, 0x0020, 0x0021, 0x0020, 0x0020,
  0x0020, 0x0021, 0x0021, 0x0021, 0x0020, 0x0020, 0x0020, 0x0020, 0x0020, 0x0020, 0x0020, 0x0020,
  0x0020, 0x0021, 0x0020, 0x0020, 0x0020, 0x0020, 0x0020, 0x0020, 0x0020, 0x0020, 0x0021, 0x0021,
  0x0020, 0x0020, 0x0020, 0x0020, 0x0020, 0x0020, 0x0020, 0x0020, 0x0020, 0x0020, 0x0020, 0x0020,
  0x0020, 0x0020, 0x0020, 0x0020, 0x0020, 0x0020, 0x0020, 0x0021, 0x0020, 0x0020, 0x0020, 0x0020,
  0x0021, 0x0020, 0x0020, 0x0020, 0x0020, 0x0020, 0x0020, 0x0020, 0x0020, 0x0020, 0x0020, 0x0020,
  0x0020, 0x0020, 0x0020, 0x0021, 0x0020, 0x0020, 0x0020, 0x0020, 0x0020, 0x0020, 0x0020, 0x0020,
  0x0020, 0x0020, 0x0020, 0x0020, 0x0020, 0x0021, 0x0021, 0x0020, 0x0020, 0x0020, 0x0020, 0x0021,
  0x0020, 0x0020, 0x0021, 0x0020, 0x0021, 0x0020, 0x0021, 0x0020, 0x0020, 0x0020, 0x0020, 0x0020,
  0x0021, 0x0020, 0x0020, 0x0020, 0x0021, 0x0021, 0x0020, 0x0021, 0x0020, 0x0020, 0x0021, 0x0021,
  0x0020, 0x0020, 0x0021, 0x0020, 0x0020, 0x0020, 0x0020, 0x0020, 0x0020, 0x0020, 0x0020, 0x0020,
  0x0020, 0x0020, 0x0020, 0x0020, 0x0020, 0x0020, 0x0020, 0x0020, 0x0020, 0x0020, 0x0020, 0x0020,
  0x0020, 0x0020, 0x0021, 0x0021, 0x0020, 0x0020, 0x0020, 0x0020, 0x0020, 0x0020, 0x0021, 0x0020,
  0x0020, 0x0020, 0x0020, 0x0020, 0x0021, 0x0021, 0x0020, 0x0020, 0x0021, 0x0020, 0x0020, 0x0021,
  0x0021, 0x0020, 0x0020, 0x0020, 0x0020, 0x0021, 0x0020, 0x0020, 0x0020, 0x0020, 0x0020, 0x0020,
  0x0020, 0x0020, 0x0020, 0x0021, 0x0020, 0x0020, 0x0020, 0x0021, 0x0020, 0x0020, 0x0020, 0x0020,
  0x0021, 0x0020, 0x0020, 0x0020, 0x0020, 0x0020, 0x0020, 0x0020, 0x0020, 0x0020, 0x0020, 0x0020,
  0x0020, 0x0020, 0x0020, 0x0020, 0x0020, 0x0020, 0x0020, 0x0020, 0x0020, 0x0020, 0x0020, 0x0020,
  0x0021, 0x0021, 0x0020, 0x0020, 0x0020, 0x0020, 0x0021, 0x0020, 0x0020, 0x0020, 0x0020, 0x0020,
  0x0020, 0x0020, 0x0020, 0x0020, 0x0020, 0x0021, 0x0020, 0x0020, 0x0020, 0x0020, 0x0021, 0x0020,
  0x0020, 0x0021, 0x0020, 0x0020, 0x0021, 0x0021, 0x0020, 0x0020, 0x0020, 0x0021, 0x0020, 0x0020,
  0x0021, 0x0020, 0x0021, 0x0020, 0x0021, 0x0021, 0x0021, 0x0021, 0x0021, 0x0021, 0x0020, 0x0020,
  0x0020, 0x0020, 0x0021, 0x0021, 0x0020, 0x0020, 0x0021, 0x0020, 0x0020, 0x0020, 0x0021, 0x0021,
  0x0020, 0x0020, 0x0021, 0x0021, 0x0020, 0x0020, 0x0020, 0x0020, 0x0021, 0x0020, 0x0020, 0x0020,
  0x0020, 0x0020, 0x0020, 0x0020, 0x0020, 0x0020, 0x0020, 0x0020, 0x0020, 0x0020, 0x0020, 0x0020,
  0x0020, 0x0020, 0x0020, 0x0020, 0x0020, 0x0020, 0x0020, 0x0020, 0x0020, 0x0020, 0x0020, 0x0021,
  0x0020, 0x0020, 0x0020, 0x0021, 0x0020, 0x0020, 0x0021, 0x0021, 0x0020, 0x0020, 0x0020, 0x0020,
  0x0020, 0x0021, 0x0020, 0x0020, 0x0020, 0x0020, 0x0020, 0x0020, 0x0020, 0x0020, 0x0021, 0x0021,
  0x0020, 0x0020, 0x0020, 0x0020, 0x0021, 0x0020, 0x0020, 0x0021, 0x0020, 0x0020, 0x0020, 0x0020,
  0x0020, 0x0020, 0x0021, 0x0020, 0x0021, 0x0020, 0x0020, 0x0020, 0x0020, 0x0020, 0x0020, 0x0021,
  0x0020, 0x0020, 0x0020, 0x0020, 0x0020, 0x0020, 0x0020, 0x0021, 0x0021, 0x0020, 0x0020, 0x0020,
  0x0020, 0x0021, 0x0020, 0x0020, 0x0021, 0x0021, 0x0020, 0x0020, 0x0020, 0x0020, 0x0020, 0x0020,
  0x0020, 0x0020, 0x0021, 0x0020, 0x0021, 0x0020, 0x0020, 0x0021, 0x0020, 0x0020, 0x0020, 0x0020,
  0x0020, 0x0020, 0x0021, 0x0020, 0x0020, 0x0021, 0x0020, 0x0020, 0x0020, 0x0020, 0x0020, 0x0020,
  0x0020, 0x0021, 0x0021, 0x0020, 0x0021, 0x0020, 0x0020, 0x0020, 0x0021, 0x0020, 0x0021, 0x0020,
  0x0021, 0x0020, 0x0020, 0x0020, 0x0020, 0x0021, 0x0020, 0x0020, 0x0020, 0x0020, 0x0020, 0x0020,
  0x0020, 0x0021, 0x0020, 0x0020, 0x0020, 0x0020, 0x0020, 0x0020, 0x0021, 0x0020, 0x0020, 0x0020,
  0x0020, 0x0020, 0x0020, 0x0020, 0x0020, 0x0020, 0x0021, 0x0020, 0x0020, 0x0020, 0x0020, 0x0020,
  0x0020, 0x0020, 0x0020, 0x0020, 0x0020, 0x0020, 0x0020, 0x0020, 0x0020, 0x0020, 0x0020, 0x0020,
  0x0020, 0x0020, 0x0020, 0x0020, 0x0020, 0x0020, 0x0021, 0x0020, 0x0020, 0x0021, 0x0021, 0x0020,
  0x0021, 0x0020, 0x0020, 0x0021, 0x0020, 0x0020, 0x0021, 0x0020, 0x0020, 0x0020, 0x0020, 0x0020,
  0x0020, 0x0020, 0x0020, 0x0020, 0x0020, 0x0020, 0x0020, 0x0020, 0x0020, 0x0020, 0x0020, 0x0021,
  0x0020, 0x0020, 0x0020, 0x0021, 0x0020, 0x0020, 0x0020, 0x0020, 0x0020, 0x0020, 0x0020, 0x0020,
  0x0021, 0x0020, 0x0020, 0x0021, 0x0020, 0x0020, 0x0020, 0x0020, 0x0020, 0x0020, 0x0020, 0x0020,
  0x0020, 0x0020, 0x0021, 0x0021, 0x0020, 0x0021, 0x0020, 0x0020, 0x0021, 0x0020, 0x0020, 0x0020,
  0x0020, 0x0020, 0x0020, 0x0020, 0x0020, 0x0020, 0x0020, 0x0021, 0x0020, 0x0021, 0x0021, 0x0020,
  0x0021, 0x0021, 0x0020, 0x0021, 0x0021, 0x0020, 0x0020, 0x0021, 0x0020, 0x0020, 0x0021, 0x0020,
  0x0020, 0x0020, 0x0020, 0x0020, 0x0020, 0x0021, 0x0020, 0x0020, 0x0020, 0x0021, 0x0020, 0x0020,
  0x0020, 0x0021, 0x0020, 0x0020, 0x0021, 0x0020, 0x0020, 0x0021, 0x0020, 0x0020, 0x0020, 0x0020,
  0x0021, 0x0020, 0x0021, 0x0020, 0x0020, 0x0020, 0x0020, 0x0020, 0x0020, 0x0020, 0x0020, 0x0020,
  0x0020, 0x0020, 0x0020, 0x0020, 0x0020, 0x0020, 0x0021, 0x0020, 0x0020, 0x0020, 0x0020, 0x0020,
  0x0021, 0x0020, 0x0020, 0x0021, 0x0020, 0x0020, 0x0020, 0x0020, 0x0021, 0x0021, 0x0020, 0x0020,
  0x0020, 0x0020, 0x0020, 0x0020, 0x0020, 0x0020, 0x0020, 0x0020, 0x0020, 0x0020, 0x0021, 0x0020,
  0x0021, 0x0020, 0x0021, 0x0020, 0x0021, 0x0020, 0x0020, 0x0020, 0x0020, 0x0020, 0x0020, 0x0020,
  0x0020, 0x0020, 0x0020, 0x0020, 0x0020, 0x0021, 0x0020, 0x0020, 0x0021, 0x0020, 0x0021, 0x0020,
  0x0020, 0x0020, 0x0020, 0x0020, 0x0020, 0x0020, 0x0020, 0x0020, 0x0021, 0x0020, 0x0020, 0x0020,
  0x0020, 0x0020, 0x0020, 0x0021, 0x0020, 0x0020, 0x0020, 0x0020, 0x0020, 0x0020, 0x0020, 0x0020,
  0x0020, 0x0020, 0x0020, 0x0020, 0x0021, 0x0021, 0x0020, 0x0020, 0x0021, 0x0020, 0x0020, 0x0020,
  0x0020, 0x0021, 0x0021, 0x0020, 0x0020, 0x0021, 0x0020, 0x0020, 0x0021, 0x0020, 0x0020, 0x0020,
  0x0020, 0x0020, 0x0021, 0x0021, 0x0021, 0x0021, 0x0020, 0x0020, 0x0020, 0x0020, 0x0020, 0x0021,
  0x0021, 0x0020, 0x0021, 0x0020, 0x0020, 0x0021, 0x0020, 0x0021, 0x0020, 0x0021, 0x0020, 0x0020,
  0x0020, 0x0020, 0x0020, 0x0020, 0x0020, 0x0020, 0x0021, 0x0020, 0x0020, 0x0021, 0x0021, 0x0021,
  0x0020, 0x0020, 0x0020, 0x0020, 0x0020, 0x0021, 0x0020, 0x0020, 0x0020, 0x0020, 0x0021, 0x0020,
  0x0020, 0x0020, 0x0020, 0x0021, 0x0021, 0x0020, 0x0020, 0x0020, 0x0020, 0x0020, 0x0020, 0x0020,
  0x0020, 0x0021, 0x0020, 0x0020, 0x0021, 0x0020, 0x0020, 0x0021, 0x0020, 0x0020, 0x0020, 0x0020,
  0x0021, 0x0021, 0x0020, 0x0020, 0x0020, 0x0020, 0x0020, 0x0020, 0x0020, 0x0020, 0x0020, 0x0020,
  0x0020, 0x0020, 0x0021, 0x0020, 0x0021, 0x0020, 0x0020, 0x0020, 0x0020, 0x0020, 0x0020, 0x0020,
  0x0020, 0x0021, 0x0020, 0x0020, 0x0020, 0x0020, 0x0020, 0x0020, 0x0021, 0x0020, 0x0020, 0x0021,
  0x0020, 0x0020, 0x0020, 0x0020, 0x0020, 0x0020, 0x0020, 0x0020, 0x0020, 0x0021, 0x0020, 0x0020,
  0x0020, 0x0020, 0x0021, 0x0020, 0x0020, 0x0020, 0x0020, 0x0020, 0x0020, 0x0020, 0x0021, 0x0020,
  0x0020, 0x0020, 0x0020, 0x0020, 0x0020, 0x0020, 0x0020, 0x0020, 0x0020, 0x0021, 0x0020, 0x0020,
  0x0020, 0x0021, 0x0020, 0x0021, 0x0020, 0x0020, 0x0020, 0x0020, 0x0020, 0x0020, 0x0020, 0x0020,
  0x0021, 0x0020, 0x0020, 0x0020, 0x0021, 0x0020, 0x0020, 0x0021, 0x0020, 0x0020, 0x0020, 0x0021,
  0x0020, 0x0020, 0x0020, 0x0021, 0x0020, 0x0020, 0x0020, 0x0020, 0x0020, 0x0020, 0x0020, 0x0021,
  0x0020, 0x0021, 0x0021, 0x0021, 0x0020, 0x0020, 0x0021, 0x0020, 0x0020, 0x0020, 0x0020, 0x0020,
  0x0020, 0x0021, 0x0021, 0x0020, 0x0020, 0x0020, 0x0020, 0x0020, 0x0020, 0x0021, 0x0021, 0x0020,
  0x0020, 0x0020, 0x0021, 0x0020, 0x0020, 0x0020, 0x0020, 0x0020, 0x0020, 0x0020, 0x0021, 0x0021,
  0x0020, 0x0020, 0x0020, 0x0020, 0x0020, 0x0020, 0x0020, 0x0020, 0x0020, 0x0020, 0x0020, 0x0020,
  0x0020, 0x0020, 0x0020, 0x0020, 0x0020, 0x0020, 0x0020, 0x0020, 0x0020, 0x0021, 0x0020, 0x0020,
  0x0020, 0x0020, 0x0020, 0x0020, 0x0020, 0x0020, 0x0020, 0x0020, 0x0020, 0x0021, 0x0020, 0x0020,
  0x0020, 0x0020, 0x0020, 0x0020, 0x0020, 0x0020, 0x0021, 0x0021, 0x0020, 0x0021, 0x0020, 0x0020,
  0x0020, 0x0020, 0x0020, 0x0021, 0x0020, 0x0020, 0x0020, 0x0020, 0x0020, 0x0020, 0x0020, 0x0020,
  0x0020, 0x0020, 0x0020, 0x0021, 0x0021, 0x0020, 0x0020, 0x0021, 0x0020, 0x0020, 0x0020, 0x0021,
  0x0020, 0x0020, 0x0021, 0x0020, 0x0020, 0x0020, 0x0020, 0x0020, 0x0020, 0x0020, 0x0021, 0x0020,
  0x0020, 0x0020, 0x0021, 0x0020, 0x0020, 0x0020, 0x0020, 0x0021, 0x0020, 0x0021, 0x0021, 0x0020,
  0x0020, 0x0020, 0x0020, 0x0020, 0x0020, 0x0021, 0x0021, 0x0020, 0x0020, 0x0020, 0x0020, 0x0020,
  0x0020, 0x0020, 0x0020, 0x0021, 0x0020, 0x0020, 0x0020, 0x0020, 0x0021, 0x0020, 0x0021, 0x0020,
  0x0020, 0x0020, 0x0020, 0x0020, 0x0021, 0x0020, 0x0020, 0x0021, 0x0021, 0x0020, 0x0021, 0x0021,
  0x0020, 0x0021, 0x0020, 0x0020, 0x0020, 0x0021, 0x0020, 0x0020, 0x0021, 0x0021, 0x0020, 0x0020,
  0x0020, 0x0020, 0x0020, 0x0020, 0x0020, 0x0020, 0x0020, 0x0020, 0x0020, 0x0020, 0x0020, 0x0020,
  0x0020, 0x0020, 0x0020, 0x0020, 0x0021, 0x0020, 0x0021, 0x0021, 0x0020, 0x0020, 0x0020, 0x0020,
  0x0020, 0x0020, 0x0020, 0x0021, 0x0020, 0x0020, 0x0020, 0x0020, 0x0020, 0x0020, 0x0020, 0x0020,
  0x0020, 0x0020, 0x0020, 0x0020, 0x0020, 0x0020, 0x0021, 0x0020, 0x0020, 0x0020, 0x0020, 0x0020,
  0x0020, 0x0021, 0x0021, 0x0020, 0x0021, 0x0020, 0x0020, 0x0020, 0x0021, 0x0020, 0x0020, 0x0020,
  0x0020, 0x0020, 0x0020, 0x0020, 0x0020, 0x0020, 0x0020, 0x0020, 0x0020, 0x0020, 0x0020, 0x0020,
  0x0020, 0x0020, 0x0021, 0x0020, 0x0021, 0x0020, 0x0020, 0x0020, 0x0020, 0x0020, 0x0021, 0x0020,
  0x0021, 0x0020, 0x0021, 0x0020, 0x0020, 0x0020, 0x0020, 0x0020, 0x0020, 0x0021, 0x0020, 0x0020,
  0x0020, 0x0020, 0x0020, 0x0020, 0x0020, 0x0020, 0x0020, 0x0020, 0x0020, 0x0020, 0x0020, 0x0020,
  0x0020, 0x0021, 0x0020, 0x0020, 0x0021, 0x0020, 0x0020, 0x0021, 0x0020, 0x0020, 0x0020, 0x0021,
  0x0020, 0x0021, 0x0021, 0x0020, 0x0020, 0x0020, 0x0020, 0x0020, 0x0020, 0x0020, 0x0020, 0x0020,
  0x0020, 0x0021, 0x0021, 0x0020, 0x0020, 0x0020, 0x0020, 0x0021, 0x0020, 0x0020, 0x0020, 0x0020,
  0x0020, 0x0020, 0x0020, 0x0020, 0x0020, 0x0020, 0x0020, 0x0020, 0x0021, 0x0021, 0x0020, 0x0020,
  0x0021, 0x0020, 0x0020, 0x0020, 0x0020, 0x0020, 0x0020, 0x0020, 0x0020, 0x0020, 0x0020, 0x0020,
  0x0020, 0x0020, 0x0020, 0x0020, 0x0020, 0x0020, 0x0020, 0x0020, 0x0020, 0x0021, 0x0020, 0x0020,
  0x0020, 0x0020, 0x0020, 0x0020, 0x0021, 0x0020, 0x0020, 0x0020, 0x0020, 0x0020, 0x0020, 0x0020,
  0x0021, 0x0021, 0x0020, 0x0020, 0x0020, 0x0020, 0x0020, 0x0020, 0x0020, 0x0020, 0x0020, 0x0020,
  0x0020, 0x0021, 0x0020, 0x0020, 0x0021, 0x0020, 0x0020, 0x0020, 0x0020, 0x0020, 0x0020, 0x0020,
  0x0020, 0x0020, 0x0020, 0x0021, 0x0020, 0x0020, 0x0021, 0x0020, 0x0020, 0x0020, 0x0020, 0x0021,
  0x0020, 0x0020, 0x0020, 0x0020, 0x0020, 0x0020, 0x0020, 0x0020, 0x0020, 0x0020, 0x0020, 0x0020,
  0x0020, 0x0020, 0x0020, 0x0021, 0x0020, 0x0021, 0x0021, 0x0020, 0x0020, 0x0020, 0x0020, 0x0020,
  0x0020, 0x0020, 0x0020, 0x0020, 0x0020, 0x0020, 0x0020, 0x0020, 0x0020, 0x0020, 0x0020, 0x0020,
  0x0020, 0x0020, 0x0020, 0x0020, 0x0020, 0x0020, 0x0020, 0x0020, 0x0020, 0x0021, 0x0021, 0x0020,
  0x0020, 0x0021, 0x0020, 0x0020, 0x0020, 0x0020, 0x0020, 0x0020, 0x0020, 0x0020, 0x0020, 0x0020,
  0x0020, 0x0020, 0x0020, 0x0020, 0x0020, 0x0020, 0x0020, 0x0020, 0x0020, 0x0020, 0x0020, 0x0020,
  0x0020, 0x0020, 0x0020, 0x0020, 0x0020, 0x0020, 0x0020, 0x0020, 0x0020, 0x0020, 0x0020, 0x0020,
  0x0020, 0x0020, 0x0020, 0x0021, 0x0020, 0x0020, 0x0020, 0x0020, 0x0020, 0x0020, 0x0020, 0x0020,
  0x0021, 0x0020, 0x0021, 0x0021, 0x0021, 0x0020, 0x0020, 0x0020, 0x0020, 0x0020, 0x0020, 0x0020,
  0x0020, 0x0020, 0x0020, 0x0020, 0x0020, 0x0020, 0x0020, 0x0021, 0x0020, 0x0020, 0x0020, 0x0020,
  0x0021, 0x0020, 0x0020, 0x0021, 0x0020, 0x0020, 0x0020, 0x0020, 0x0020, 0x0020, 0x0021, 0x0021,
  0x0020, 0x0020, 0x0021, 0x0020, 0x0020, 0x0020, 0x0020, 0x0021, 0x0020, 0x0020, 0x0020, 0x0020,
  0x0020, 0x0020, 0x0021, 0x0020, 0x0021, 0x0021, 0x0021, 0x0021, 0x0020, 0x0020, 0x0021, 0x0020,
  0x0020, 0x0020, 0x0021, 0x0020, 0x0020, 0x0020, 0x0020, 0x0020, 0x0020, 0x0020, 0x0021, 0x0020,
  0x0020, 0x0020, 0x0020, 0x0021, 0x0021, 0x0020, 0x0020, 0x0020, 0x0020, 0x0020, 0x0020, 0x0021,
  0x0020, 0x0020, 0x0020, 0x0021, 0x0020, 0x0020, 0x0020, 0x0020, 0x0020, 0x0020, 0x0021, 0x0020,
  0x0020, 0x0020, 0x0021, 0x0020, 0x0020, 0x0021, 0x0020, 0x0020, 0x0021, 0x0020, 0x0020, 0x0020,
  0x0021, 0x0020, 0x0020, 0x0020, 0x0020, 0x0020, 0x0020, 0x0020, 0x0020, 0x0020, 0x0020, 0x0020,
  0x0020, 0x0020, 0x0021, 0x0020, 0x0020, 0x0021, 0x0021, 0x0020, 0x0020, 0x0020, 0x0020, 0x0020,
  0x0020, 0x0020, 0x0020, 0x0020, 0x0020, 0x0020, 0x0020, 0x0020, 0x0020, 0x0020, 0x0020, 0x0020,
  0x0020, 0x0021, 0x0020, 0x0021, 0x0021, 0x0020, 0x0020, 0x0020, 0x0020, 0x0020, 0x0020, 0x0020,
  0x0020, 0x0020, 0x0021, 0x0020, 0x0020, 0x0020, 0x0020, 0x0020, 0x0020, 0x0020, 0x0020, 0x0020,
  0x0021, 0x0021, 0x0021, 0x0021, 0x0021, 0x0021, 0x0021, 0x0021, 0x0021, 0x0020, 0x0021, 0x0020,
  0x0020, 0x0020, 0x0020, 0x0020, 0x0020, 0x0020, 0x0020, 0x0021, 0x0020, 0x0020, 0x0021, 0x0020,
  0x0020, 0x0020, 0x0020, 0x0021, 0x0021, 0x0020, 0x0020, 0x0020, 0x0020, 0x0020, 0x0020, 0x0021,
  0x0020, 0x0020, 0x0020, 0x0020, 0x0021, 0x0020, 0x0020, 0x0020, 0x0020, 0x0021, 0x0021, 0x0020,
  0x0020, 0x0021, 0x0020, 0x0020, 0x0021, 0x0020, 0x0020, 0x0021, 0x0020, 0x0020, 0x0020, 0x0020,
  0x0020, 0x0020, 0x0021, 0x0020, 0x0020, 0x0021, 0x0020, 0x0020, 0x0020, 0x0020, 0x0020, 0x0020,
  0x0020, 0x0021, 0x0020, 0x0020, 0x0020, 0x0020, 0x0020, 0x0020, 0x0020, 0x0020, 0x0020, 0x0020,
  0x0020, 0x0020, 0x0020, 0x0020, 0x0020, 0x0020, 0x0020, 0x0020, 0x0020, 0x0020, 0x0020, 0x0020,
  0x0020, 0x0020, 0x0021, 0x0020, 0x0020, 0x0020, 0x0020, 0x0020, 0x0021, 0x0020, 0x0020, 0x0020,
  0x0020, 0x0020, 0x0020, 0x0020, 0x0020, 0x0020, 0x0020, 0x0020, 0x0021, 0x0020, 0x0020, 0x0020,
  0x0020, 0x0021, 0x0021, 0x0020, 0x0020, 0x0020, 0x0020, 0x0020, 0x0020, 0x0020, 0x0020, 0x0020,
  0x0020, 0x0021, 0x0020, 0x0020, 0x0020, 0x0020, 0x0020, 0x0020, 0x0020, 0x0020, 0x0020, 0x0020,
  0x0020, 0x0020, 0x0020, 0x0020, 0x0020, 0x0020, 0x0020, 0x0021, 0x0020, 0x0020, 0x0020, 0x0020,
  0x0020, 0x0020, 0x0021, 0x0021, 0x0020, 0x0000, 0x0000, 0x0000, 0x0000, 0x0000, 0x0000, 0x0000,
  0x0000, 0x0021, 0x0020, 0x0021, 0x0020, 0x0021, 0x0020, 0x0020, 0x0020, 0x0020, 0x0020, 0x0020,
  0x0020, 0x0021, 0x0021, 0x0021, 0x0020, 0x0020, 0x0020, 0x0020, 0x0021, 0x0020, 0x0020, 0x0020,
  0x0020, 0x0020, 0x0020, 0x0020, 0x0020, 0x0020, 0x0020, 0x0020, 0x0021, 0x0020, 0x0020, 0x0021,
  0x0021, 0x0021, 0x0020, 0x0021, 0x0020, 0x0020, 0x0020, 0x0020, 0x0020, 0x0020, 0x0020, 0x0020,
  0x0020, 0x0020, 0x0020, 0x0020, 0x0020, 0x0020, 0x0020, 0x0020, 0x0021, 0x0020, 0x0021, 0x0020,
  0x0020, 0x0020, 0x0020, 0x0021, 0x0020, 0x0020, 0x0020, 0x0021, 0x0020, 0x0020, 0x0020, 0x0020,
  0x0020, 0x0021, 0x0020, 0x0020, 0x0020, 0x0020, 0x0020, 0x0020, 0x0020, 0x0020, 0x0020, 0x0020,
  0x0020, 0x0020, 0x0020, 0x0020, 0x0020, 0x0020, 0x0021, 0x0020, 0x0020, 0x0020, 0x0020, 0x0021,
  0x0020, 0x0020, 0x0020, 0x0020, 0x0020, 0x0020, 0x0020, 0x0020, 0x0020, 0x0020, 0x0020, 0x0020,
  0x0020, 0x0020, 0x0020, 0x0021, 0x0020, 0x0020, 0x0020, 0x0020, 0x0020, 0x0020, 0x0020, 0x0020,
  0x0020, 0x0020, 0x0020, 0x0020, 0x0020, 0x0020, 0x0020, 0x0020, 0x0020, 0x0020, 0x0020, 0x0020,
  0x0020, 0x0020, 0x0020, 0x0020, 0x0020, 0x0020, 0x0021, 0x0020, 0x0020, 0x0020, 0x0020, 0x0020,
  0x0020, 0x0020, 0x0020, 0x0021, 0x0020, 0x0020, 0x0021, 0x0020, 0x0841, 0x62EB, 0x630B, 0x62EB,
  0x5AEB, 0x5AEB, 0x5AEB, 0x62EB, 0x1082, 0x0000, 0x0021, 0x0020, 0x0020, 0x0020, 0x0020, 0x0020,
  0x0020, 0x0020, 0x0021, 0x0020, 0x0020, 0x0021, 0x0020, 0x0021, 0x0021, 0x0021, 0x0020, 0x0020,
  0x0020, 0x0020, 0x0020, 0x0020, 0x0020, 0x0021, 0x0020, 0x0020, 0x0020, 0x0020, 0x0020, 0x0020,
  0x0020, 0x0020, 0x0020, 0x0020, 0x0020, 0x0020, 0x0020, 0x0020, 0x0021, 0x0020, 0x0020, 0x0020,
  0x0020, 0x0020, 0x0020, 0x0020, 0x0020, 0x0020, 0x0020, 0x0020, 0x0020, 0x0020, 0x0020, 0x0020,
  0x0020, 0x0020, 0x0020, 0x0020, 0x0020, 0x0020, 0x0020, 0x0020, 0x0020, 0x0020, 0x0020, 0x0020,
  0x0021, 0x0020, 0x0020, 0x0021, 0x0020, 0x0021, 0x0021, 0x0020, 0x0020, 0x0020, 0x0020, 0x0020,
  0x0021, 0x0020, 0x0020, 0x0020, 0x0020, 0x0020, 0x0020, 0x0020, 0x0020, 0x0020, 0x0020, 0x0020,
  0x0020, 0x0020, 0x0020, 0x0020, 0x0020, 0x0021, 0x0020, 0x0020, 0x0020, 0x0020, 0x0020, 0x0020,
  0x0020, 0x0020, 0x0020, 0x0020, 0x0020, 0x0020, 0x0021, 0x0020, 0x0020, 0x0020, 0x0020, 0x0020,
  0x0020, 0x0020, 0x0020, 0x0020, 0x0020, 0x0020, 0x0020, 0x0020, 0x0020, 0x0021, 0x0021, 0x0020,
  0x0020, 0x0021, 0x0020, 0x0020, 0x0020, 0x0020, 0x0020, 0x0020, 0x0020, 0x0020, 0x0020, 0x0020,
  0x0020, 0x0020, 0x0021, 0x0021, 0x0020, 0x0020, 0x0020, 0x0020, 0x0020, 0x0020, 0x0021, 0x0000,
  0x0861, 0x8C50, 0x8C50, 0x8C30, 0x8C30, 0x8C30, 0x8C30, 0x8C71, 0x18E3, 0x0000, 0x0021, 0x0020,
  0x0020, 0x0020, 0x0020, 0x0020, 0x0020, 0x0020, 0x0020, 0x0020, 0x0020, 0x0020, 0x0020, 0x0020,
  0x0020, 0x0021, 0x0020, 0x0021, 0x0021, 0x0020, 0x0020, 0x0020, 0x0020, 0x0020, 0x0021, 0x0020,
  0x0020, 0x0020, 0x0020, 0x0020, 0x0020, 0x0020, 0x0020, 0x0020, 0x0021, 0x0021, 0x0020, 0x0020,
  0x0020, 0x0020, 0x0020, 0x0021, 0x0021, 0x0020, 0x0020, 0x0020, 0x0020, 0x0020, 0x0020, 0x0020,
  0x0020, 0x0020, 0x0020, 0x0020, 0x0020, 0x0020, 0x0020, 0x0020, 0x0021, 0x0020, 0x0020, 0x0020,
  0x0020, 0x0020, 0x0020, 0x0020, 0x0021, 0x0020, 0x0020, 0x0020, 0x0020, 0x0021, 0x0020, 0x0020,
  0x0020, 0x0020, 0x0020, 0x0020, 0x0020, 0x0021, 0x0020, 0x0020, 0x0020, 0x0020, 0x0020, 0x0020,
  0x0020, 0x0020, 0x0020, 0x0021, 0x0020, 0x0020, 0x0021, 0x0020, 0x0020, 0x0020, 0x0020, 0x0020,
  0x0020, 0x0020, 0x0021, 0x0020, 0x0020, 0x0020, 0x0021, 0x0020, 0x0021, 0x0020, 0x0020, 0x0021,
  0x0020, 0x0020, 0x0020, 0x0020, 0x0020, 0x0020, 0x0020, 0x0020, 0x0021, 0x0020, 0x0020, 0x0020,
  0x0020, 0x0020, 0x0020, 0x0020, 0x0020, 0x0020, 0x0020, 0x0020, 0x0020, 0x0020, 0x0020, 0x0021,
  0x0021, 0x0020, 0x0020, 0x0020, 0x0020, 0x0020, 0x0020, 0x0020, 0x0020, 0x0020, 0x0020, 0x0020,
  0x0021, 0x0021, 0x0041, 0x0020, 0x0861, 0x840F, 0x840F, 0x840F, 0x840F, 0x840F, 0x83EF, 0x840F,
  0x18C3, 0x0000, 0x0041, 0x0021, 0x0021, 0x0021, 0x0020, 0x0020, 0x0020, 0x0020, 0x0020, 0x0020,
  0x0020, 0x0020, 0x0020, 0x0020, 0x0020, 0x0020, 0x0020, 0x0020, 0x0020, 0x0020, 0x0020, 0x0020,
  0x0020, 0x0020, 0x0020, 0x0020, 0x0020, 0x0020, 0x0020, 0x0020, 0x0020, 0x0020, 0x0020, 0x0020,
  0x0020, 0x0020, 0x0020, 0x0020, 0x0020, 0x0020, 0x0020, 0x0021, 0x0021, 0x0020, 0x0020, 0x0020,
  0x0020, 0x0021, 0x0021, 0x0020, 0x0020, 0x0020, 0x0020, 0x0021, 0x0020, 0x0020, 0x0020, 0x0020,
  0x0020, 0x0020, 0x0020, 0x0020, 0x0020, 0x0020, 0x0020, 0x0020, 0x0021, 0x0021, 0x0020, 0x0020,
  0x0020, 0x0020, 0x0020, 0x0021, 0x0020, 0x0020, 0x0020, 0x0020, 0x0020, 0x0020, 0x0020, 0x0020,
  0x0020, 0x0020, 0x0020, 0x0020, 0x0020, 0x0020, 0x0020, 0x0020, 0x0020, 0x0021, 0x0020, 0x0020,
  0x0020, 0x0020, 0x0020, 0x0020, 0x0020, 0x0021, 0x0020, 0x0020, 0x0021, 0x0020, 0x0020, 0x0021,
  0x0020, 0x0020, 0x0020, 0x0021, 0x0020, 0x0020, 0x0020, 0x0020, 0x0020, 0x0020, 0x0020, 0x0020,
  0x0020, 0x0020, 0x0020, 0x0020, 0x0020, 0x0020, 0x0020, 0x0020, 0x0020, 0x0020, 0x0020, 0x0020,
  0x0020, 0x0020, 0x0020, 0x0020, 0x0020, 0x0020, 0x0020, 0x0020, 0x0021, 0x0021, 0x0021, 0x0041,
  0x0041, 0x0021, 0x0020, 0x0000, 0x0000, 0x0000, 0x0000, 0x0000, 0x0841, 0x8C50, 0x840F, 0x83EF,
  0x83EF, 0x840F, 0x83EF, 0x8C30, 0x18C3, 0x0000, 0x0000, 0x0000, 0x0000, 0x0000, 0x0020, 0x0021,
  0x0021, 0x0041, 0x0021, 0x0021, 0x0020, 0x0020, 0x0020, 0x0020, 0x0020, 0x0020, 0x0020, 0x0020,
  0x0020, 0x0021, 0x0020, 0x0020, 0x0020, 0x0020, 0x0020, 0x0020, 0x0021, 0x0021, 0x0020, 0x0020,
  0x0020, 0x0020, 0x0020, 0x0020, 0x0020, 0x0020, 0x0020, 0x0020, 0x0020, 0x0020, 0x0020, 0x0020,
  0x0020, 0x0020, 0x0020, 0x0020, 0x0020, 0x0020, 0x0020, 0x0020, 0x0020, 0x0020, 0x0021, 0x0021,
  0x0021, 0x0020, 0x0020, 0x0020, 0x0020, 0x0020, 0x0020, 0x0021, 0x0020, 0x0020, 0x0020, 0x0020,
  0x0020, 0x0020, 0x0020, 0x0020, 0x0020, 0x0020, 0x0021, 0x0020, 0x0020, 0x0020, 0x0020, 0x0020,
  0x0020, 0x0020, 0x0020, 0x0020, 0x0020, 0x0020, 0x0020, 0x0020, 0x0021, 0x0020, 0x0020, 0x0020,
  0x0020, 0x0020, 0x0020, 0x0021, 0x0020, 0x0020, 0x0020, 0x0020, 0x0020, 0x0020, 0x0020, 0x0021,
  0x0021, 0x0020, 0x0020, 0x0020, 0x0020, 0x0020, 0x0020, 0x0021, 0x0020, 0x0020, 0x0020, 0x0020,
  0x0020, 0x0020, 0x0020, 0x0020, 0x0020, 0x0020, 0x0020, 0x0020, 0x0020, 0x0020, 0x0020, 0x0020,
  0x0020, 0x0020, 0x0020, 0x0020, 0x0020, 0x0020, 0x0020, 0x0020, 0x0020, 0x0021, 0x0041, 0x0041,
  0x0020, 0x0000, 0x0000, 0x0000, 0x0000, 0x0000, 0x0000, 0x0841, 0x1082, 0x18E3, 0x2124, 0x3165,
  0x2124, 0x9471, 0x9CB2, 0x9CB1, 0x9CB1, 0x9491, 0x9CB1, 0x9CB1, 0x2104, 0x2124, 0x2945, 0x20E3,
  0x10A2, 0x0861, 0x0020, 0x0000, 0x0000, 0x0000, 0x0000, 0x0000, 0x0000, 0x0021, 0x0041, 0x0021,
  0x0021, 0x0020, 0x0020, 0x0020, 0x0020, 0x0021, 0x0020, 0x0020, 0x0020, 0x0020, 0x0020, 0x0020,
  0x0020, 0x0020, 0x0020, 0x0020, 0x0020, 0x0020, 0x0020, 0x0020, 0x0020, 0x0020, 0x0020, 0x0020,
  0x0020, 0x0021, 0x0020, 0x0021, 0x0020, 0x0020, 0x0020, 0x0020, 0x0020, 0x0020, 0x0020, 0x0021,
  0x0020, 0x0020, 0x0020, 0x0020, 0x0021, 0x0020, 0x0020, 0x0020, 0x0020, 0x0020, 0x0020, 0x0020,
  0x0020, 0x0020, 0x0020, 0x0020, 0x0020, 0x0020, 0x0020, 0x0020, 0x0020, 0x0021, 0x0020, 0x0020,
  0x0020, 0x0020, 0x0020, 0x0020, 0x0020, 0x0020, 0x0020, 0x0020, 0x0020, 0x0020, 0x0020, 0x0021,
  0x0020, 0x0020, 0x0020, 0x0021, 0x0020, 0x0020, 0x0020, 0x0020, 0x0021, 0x0020, 0x0020, 0x0021,
  0x0020, 0x0021, 0x0020, 0x0020, 0x0021, 0x0020, 0x0020, 0x0020, 0x0020, 0x0020, 0x0020, 0x0021,
  0x0020, 0x0020, 0x0020, 0x0020, 0x0020, 0x0020, 0x0021, 0x0020, 0x0020, 0x0020, 0x0020, 0x0020,
  0x0020, 0x0020, 0x0020, 0x0020, 0x0020, 0x0020, 0x0020, 0x0020, 0x0020, 0x0021, 0x0041, 0x0021,
  0x0020, 0x0000, 0x0000, 0x0000, 0x0020, 0x1082, 0x2124, 0x39A6, 0x4A69, 0x62EB, 0x6B4D, 0x7BAE,
  0x840F, 0x8430, 0x842F, 0x9491, 0x4228, 0x4A69, 0x5ACB, 0x5ACB, 0x5ACB, 0x5ACB, 0x5AEB, 0x4249,
  0x2145, 0x73AE, 0x8C50, 0x8430, 0x83EF, 0x7BCE, 0x738D, 0x632C, 0x528A, 0x41E7, 0x2965, 0x18C3,
  0x0841, 0x0000, 0x0000, 0x0000, 0x0000, 0x0021, 0x0041, 0x0021, 0x0020, 0x0020, 0x0020, 0x0020,
  0x0021, 0x0020, 0x0020, 0x0020, 0x0020, 0x0020, 0x0020, 0x0020, 0x0020, 0x0020, 0x0020, 0x0020,
  0x0020, 0x0020, 0x0020, 0x0020, 0x0020, 0x0021, 0x0020, 0x0020, 0x0020, 0x0020, 0x0020, 0x0020,
  0x0020, 0x0020, 0x0020, 0x0020, 0x0020, 0x0021, 0x0020, 0x0021, 0x0021, 0x0020, 0x0020, 0x0020,
  0x0020, 0x0020, 0x0020, 0x0020, 0x0020, 0x0020, 0x0020, 0x0020, 0x0020, 0x0020, 0x0020, 0x0021,
  0x0020, 0x0020, 0x0020, 0x0020, 0x0020, 0x0020, 0x0020, 0x0020, 0x0020, 0x0021, 0x0020, 0x0020,
  0x0020, 0x0020, 0x0021, 0x0020, 0x0020, 0x0020, 0x0020, 0x0020, 0x0021, 0x0020, 0x0021, 0x0020,
  0x0020, 0x0020, 0x0020, 0x0020, 0x0020, 0x0020, 0x0020, 0x0021, 0x0020, 0x0020, 0x0020, 0x0020,
  0x0020, 0x0020, 0x0020, 0x0020, 0x0020, 0x0020, 0x0020, 0x0020, 0x0020, 0x0020, 0x0020, 0x0020,
  0x0020, 0x0020, 0x0020, 0x0020, 0x0020, 0x0020, 0x0020, 0x0020, 0x0020, 0x0020, 0x0021, 0x0021,
  0x0020, 0x0000, 0x0000, 0x0000, 0x0841, 0x2104, 0x41E7, 0x5ACB, 0x738D, 0x840F, 0x8C30, 0x8C50,
  0x8C71, 0x9471, 0x9471, 0x9491, 0x9471, 0x9471, 0x9471, 0x9CB2, 0x4207, 0x4229, 0x4A8A, 0x4A69,
  0x4A49, 0x4A69, 0x4A8A, 0x39E8, 0x2124, 0x840F, 0x9CB2, 0x9471, 0x9471, 0x9471, 0x8C71, 0x8C51,
  0x8C51, 0x8C50, 0x8C30, 0x840F, 0x7BAE, 0x630C, 0x4A48, 0x2945, 0x1082, 0x0000, 0x0000, 0x0000,
  0x0020, 0x0041, 0x0021, 0x0020, 0x0020, 0x0020, 0x0020, 0x0020, 0x0020, 0x0020, 0x0020, 0x0020,
  0x0020, 0x0020, 0x0020, 0x0020, 0x0020, 0x0020, 0x0020, 0x0021, 0x0020, 0x0021, 0x0020, 0x0021,
  0x0020, 0x0020, 0x0020, 0x0020, 0x0021, 0x0020, 0x0020, 0x0020, 0x0020, 0x0020, 0x0020, 0x0021,
  0x0020, 0x0021, 0x0020, 0x0020, 0x0021, 0x0020, 0x0020, 0x0020, 0x0020, 0x0020, 0x0021, 0x0020,
  0x0021, 0x0021, 0x0020, 0x0021, 0x0020, 0x0020, 0x0020, 0x0020, 0x0020, 0x0020, 0x0020, 0x0020,
  0x0020, 0x0020, 0x0020, 0x0020, 0x0020, 0x0020, 0x0020, 0x0020, 0x0020, 0x0020, 0x0021, 0x0020,
  0x0020, 0x0020, 0x0020, 0x0021, 0x0020, 0x0020, 0x0020, 0x0020, 0x0020, 0x0020, 0x0020, 0x0020,
  0x0021, 0x0020, 0x0021, 0x0020, 0x0020, 0x0020, 0x0020, 0x0020, 0x0021, 0x0020, 0x0020, 0x0020,
  0x0020, 0x0020, 0x0020, 0x0020, 0x0020, 0x0020, 0x0020, 0x0020, 0x0020, 0x0020, 0x0020, 0x0020,
  0x0021, 0x0021, 0x0000, 0x0000, 0x0000, 0x18C3, 0x39C7, 0x62EB, 0x7BCE, 0x8C30, 0x8C71, 0x8C71,
  0x9471, 0x9491, 0x9491, 0x9491, 0x9471, 0x8C50, 0x8430, 0x840F, 0x7BCF, 0x7BCE, 0x73AE, 0x738D,
  0x39E7, 0x39C7, 0x3A08, 0x39C7, 0x39E7, 0x39C7, 0x3A08, 0x39C7, 0x2145, 0x5AEB, 0x6B6D, 0x738D,
  0x7BCE, 0x840F, 0x8430, 0x8C50, 0x9471, 0x9491, 0x9471, 0x8C50, 0x8C50, 0x8C50, 0x8C50, 0x8C30,
  0x7BEF, 0x6B2C, 0x4208, 0x20E3, 0x0020, 0x0000, 0x0000, 0x0021, 0x0041, 0x0021, 0x0020, 0x0020,
  0x0020, 0x0020, 0x0020, 0x0020, 0x0020, 0x0021, 0x0021, 0x0020, 0x0020, 0x0020, 0x0021, 0x0021,
  0x0020, 0x0020, 0x0020, 0x0020, 0x0020, 0x0020, 0x0020, 0x0020, 0x0021, 0x0021, 0x0020, 0x0021,
  0x0021, 0x0020, 0x0020, 0x0021, 0x0021, 0x0020, 0x0020, 0x0020, 0x0020, 0x0020, 0x0021, 0x0020,
  0x0020, 0x0020, 0x0020, 0x0020, 0x0020, 0x0020, 0x0020, 0x0020, 0x0021, 0x0020, 0x0020, 0x0020,
  0x0020, 0x0020, 0x0020, 0x0020, 0x0020, 0x0021, 0x0020, 0x0020, 0x0020, 0x0020, 0x0020, 0x0020,
  0x0020, 0x0020, 0x0020, 0x0020, 0x0020, 0x0020, 0x0020, 0x0020, 0x0021, 0x0020, 0x0020, 0x0020,
  0x0021, 0x0020, 0x0021, 0x0020, 0x0020, 0x0021, 0x0020, 0x0020, 0x0020, 0x0020, 0x0020, 0x0020,
  0x0021, 0x0020, 0x0020, 0x0020, 0x0020, 0x0020, 0x0020, 0x0020, 0x0020, 0x0020, 0x0020, 0x0020,
  0x0020, 0x0020, 0x0041, 0x0020, 0x0000, 0x0000, 0x10A2, 0x4207, 0x6B4D, 0x8430, 0x8C50, 0x8C50,
  0x8C50, 0x9471, 0x9491, 0x9491, 0x8C30, 0x7BCE, 0x738D, 0x6B4C, 0x632C, 0x630C, 0x5B0B, 0x5AEB,
  0x5ACB, 0x52AA, 0x4A69, 0x4A69, 0x4A69, 0x0882, 0x0041, 0x0861, 0x0862, 0x0862, 0x0861, 0x0041,
  0x2966, 0x31A7, 0x31C7, 0x39E7, 0x3A08, 0x4249, 0x4A6A, 0x528A, 0x5ACB, 0x630C, 0x6B6D, 0x7BCE,
  0x8430, 0x8C50, 0x9471, 0x8C50, 0x8C30, 0x8C30, 0x8C50, 0x8430, 0x738D, 0x4A48, 0x18E3, 0x0000,
  0x0000, 0x0020, 0x0041, 0x0021, 0x0020, 0x0020, 0x0020, 0x0020, 0x0020, 0x0021, 0x0020, 0x0020,
  0x0020, 0x0021, 0x0021, 0x0020, 0x0020, 0x0021, 0x0020, 0x0020, 0x0020, 0x0020, 0x0020, 0x0020,
  0x0020, 0x0020, 0x0020, 0x0020, 0x0020, 0x0020, 0x0020, 0x0020, 0x0021, 0x0020, 0x0020, 0x0020,
  0x0020, 0x0020, 0x0020, 0x0020, 0x0020, 0x0020, 0x0020, 0x0020, 0x0021, 0x0020, 0x0021, 0x0020,
  0x0020, 0x0020, 0x0020, 0x0020, 0x0020, 0x0020, 0x0020, 0x0020, 0x0020, 0x0020, 0x0020, 0x0020,
  0x0020, 0x0020, 0x0020, 0x0021, 0x0021, 0x0020, 0x0021, 0x0021, 0x0020, 0x0020, 0x0020, 0x0021,
  0x0020, 0x0020, 0x0020, 0x0020, 0x0020, 0x0020, 0x0020, 0x0020, 0x0020, 0x0020, 0x0020, 0x0020,
  0x0020, 0x0020, 0x0020, 0x0020, 0x0020, 0x0020, 0x0020, 0x0020, 0x0020, 0x0020, 0x0020, 0x0020,
  0x0020, 0x0020, 0x0020, 0x0020, 0x0041, 0x0020, 0x0000, 0x0020, 0x3165, 0x630C, 0x8430, 0x8C50,
  0x8C30, 0x8C50, 0x9491, 0x9491, 0x8C50, 0x7BCE, 0x632C, 0x52AA, 0x4A8A, 0x4A6A, 0x4A6A, 0x4A49,
  0x4228, 0x4208, 0x4208, 0x4228, 0x4A49, 0x5289, 0x5ACA, 0x6B2B, 0x6B4C, 0x736D, 0x738D, 0x738D,
  0x738D, 0x7B8D, 0x7B8D, 0x736C, 0x736D, 0x736D, 0x6B4C, 0x5ACA, 0x5289, 0x4228, 0x39E7, 0x31A6,
  0x3186, 0x31A7, 0x31E7, 0x3A08, 0x4A49, 0x52AA, 0x630C, 0x73AE, 0x8C30, 0x9471, 0x8C50, 0x840F,
  0x840F, 0x8C50, 0x8430, 0x632C, 0x3186, 0x0841, 0x0000, 0x0000, 0x0041, 0x0021, 0x0020, 0x0020,
  0x0020, 0x0020, 0x0020, 0x0020, 0x0020, 0x0021, 0x0020, 0x0020, 0x0020, 0x0020, 0x0020, 0x0020,
  0x0020, 0x0020, 0x0021, 0x0020, 0x0020, 0x0020, 0x0020, 0x0020, 0x0020, 0x0020, 0x0021, 0x0020,
  0x0020, 0x0021, 0x0020, 0x0021, 0x0021, 0x0020, 0x0021, 0x0020, 0x0020, 0x0020, 0x0020, 0x0020,
  0x0020, 0x0020, 0x0020, 0x0020, 0x0020, 0x0021, 0x0020, 0x0020, 0x0020, 0x0020, 0x0021, 0x0021,
  0x0020, 0x0020, 0x0021, 0x0020, 0x0020, 0x0020, 0x0021, 0x0020, 0x0020, 0x0020, 0x0020, 0x0021,
  0x0021, 0x0020, 0x0021, 0x0020, 0x0020, 0x0020, 0x0020, 0x0020, 0x0020, 0x0020, 0x0020, 0x0020,
  0x0020, 0x0021, 0x0020, 0x0020, 0x0020, 0x0020, 0x0020, 0x0020, 0x0020, 0x0020, 0x0020, 0x0020,
  0x0020, 0x0020, 0x0020, 0x0020, 0x0020, 0x0020, 0x0021, 0x0020, 0x0000, 0x0841, 0x39E7, 0x738E,
  0x8C71, 0x8C50, 0x8430, 0x9471, 0x9CB2, 0x8C50, 0x6B6D, 0x52AA, 0x4A69, 0x3A08, 0x39E8, 0x39C7,
  0x39E7, 0x4208, 0x5289, 0x630B, 0x7BCE, 0x9470, 0xA4F2, 0xB554, 0xBD95, 0xC5D5, 0xCDF6, 0xCE16,
  0xCDF6, 0xCE16, 0xCE16, 0xCE16, 0xCE16, 0xCE16, 0xD637, 0xD637, 0xD637, 0xD637, 0xD637, 0xD637,
  0xCE16, 0xC5D5, 0xBD74, 0xA4F2, 0x9450, 0x738D, 0x5AAA, 0x4208, 0x31A6, 0x31A6, 0x31A7, 0x3A08,
  0x4A69, 0x5ACB, 0x6B6D, 0x8410, 0x9471, 0x8C30, 0x83EF, 0x8430, 0x8C50, 0x73AE, 0x4207, 0x0861,
  0x0000, 0x0020, 0x0021, 0x0020, 0x0020, 0x0020, 0x0020, 0x0020, 0x0020, 0x0020, 0x0020, 0x0020,
  0x0020, 0x0020, 0x0020, 0x0020, 0x0020, 0x0020, 0x0020, 0x0020, 0x0020, 0x0020, 0x0020, 0x0020,
  0x0020, 0x0020, 0x0021, 0x0021, 0x0020, 0x0020, 0x0021, 0x0020, 0x0020, 0x0020, 0x0020, 0x0020,
  0x0020, 0x0020, 0x0021, 0x0020, 0x0020, 0x0020, 0x0020, 0x0020, 0x0020, 0x0020, 0x0021, 0x0020,
  0x0020, 0x0020, 0x0020, 0x0021, 0x0020, 0x0020, 0x0021, 0x0020, 0x0020, 0x0020, 0x0020, 0x0021,
  0x0020, 0x0020, 0x0020, 0x0021, 0x0020, 0x0020, 0x0020, 0x0021, 0x0021, 0x0020, 0x0020, 0x0020,
  0x0021, 0x0020, 0x0020, 0x0020, 0x0020, 0x0020, 0x0020, 0x0021, 0x0020, 0x0021, 0x0020, 0x0020,
  0x0020, 0x0020, 0x0020, 0x0020, 0x0020, 0x0020, 0x0020, 0x0020, 0x0021, 0x0021, 0x0000, 0x0020,
  0x39C7, 0x7BCE, 0x8C71, 0x8430, 0x840F, 0x9491, 0x9491, 0x7BCE, 0x52CB, 0x4229, 0x3A08, 0x31C7,
  0x2986, 0x31A6, 0x4A69, 0x734C, 0x9470, 0xB533, 0xC5D5, 0xCDF6, 0xCE17, 0xCE17, 0xCE17, 0xCE17,
  0xCE17, 0xCE37, 0xD637, 0xD637, 0xCE37, 0xCE17, 0xCE17, 0xCE37, 0xCE37, 0xD637, 0xD637, 0xD637,
  0xD637, 0xD637, 0xD657, 0xD657, 0xD637, 0xD637, 0xD637, 0xD637, 0xD657, 0xD657, 0xD637, 0xC5B5,
  0xACF2, 0x83EE, 0x5ACA, 0x39E7, 0x2986, 0x31A7, 0x3A08, 0x4249, 0x5AEB, 0x7BCE, 0x9471, 0x8C71,
  0x83EF, 0x840F, 0x8C51, 0x7BCE, 0x41E7, 0x0020, 0x0000, 0x0021, 0x0021, 0x0020, 0x0020, 0x0020,
  0x0020, 0x0020, 0x0020, 0x0020, 0x0020, 0x0020, 0x0020, 0x0020, 0x0020, 0x0020, 0x0020, 0x0020,
  0x0020, 0x0021, 0x0020, 0x0020, 0x0020, 0x0020, 0x0020, 0x0020, 0x0020, 0x0020, 0x0021, 0x0020,
  0x0020, 0x0020, 0x0020, 0x0021, 0x0020, 0x0020, 0x0020, 0x0020, 0x0020, 0x0020, 0x0020, 0x0020,
  0x0020, 0x0021, 0x0020, 0x0020, 0x0020, 0x0020, 0x0020, 0x0020, 0x0020, 0x0021, 0x0020, 0x0020,
  0x0020, 0x0020, 0x0021, 0x0020, 0x0021, 0x0020, 0x0020, 0x0021, 0x0020, 0x0020, 0x0020, 0x0020,
  0x0020, 0x0020, 0x0020, 0x0020, 0x0021, 0x0020, 0x0020, 0x0020, 0x0020, 0x0020, 0x0020, 0x0020,
  0x0020, 0x0020, 0x0020, 0x0020, 0x0020, 0x0020, 0x0020, 0x0020, 0x0020, 0x0020, 0x0020, 0x0021,
  0x0020, 0x0000, 0x2945, 0x738D, 0x9471, 0x8C30, 0x840F, 0x9471, 0x9491, 0x736D, 0x4A69, 0x39E7,
  0x31A7, 0x2965, 0x2986, 0x4A69, 0x7BAE, 0xAD13, 0xC5D5, 0xCDF6, 0xCDF6, 0xCDF6, 0xCE16, 0xCE16,
  0xCE17, 0xCE16, 0xC5F6, 0xBDB5, 0xB554, 0xAD13, 0xA4F2, 0x9C91, 0x9470, 0x9450, 0x8C50, 0x8C30,
  0x8C50, 0x8C50, 0x9471, 0x9491, 0x9C91, 0xA4D2, 0xAD13, 0xB574, 0xBDB5, 0xC5D6, 0xCE37, 0xD657,
  0xD657, 0xD637, 0xD637, 0xCE16, 0xD637, 0xD657, 0xD637, 0xBD95, 0x9470, 0x62EB, 0x31C6, 0x2986,
  0x39E7, 0x4249, 0x528A, 0x738D, 0x9471, 0x8C51, 0x7BEF, 0x83EF, 0x8C51, 0x738E, 0x2965, 0x0000,
  0x0000, 0x0021, 0x0020, 0x0020, 0x0020, 0x0020, 0x0020, 0x0021, 0x0020, 0x0020, 0x0020, 0x0020,
  0x0020, 0x0020, 0x0020, 0x0020, 0x0020, 0x0020, 0x0020, 0x0020, 0x0020, 0x0020, 0x0020, 0x0020,
  0x0021, 0x0020, 0x0020, 0x0020, 0x0021, 0x0020, 0x0021, 0x0020, 0x0020, 0x0021, 0x0020, 0x0020,
  0x0020, 0x0021, 0x0020, 0x0020, 0x0020, 0x0021, 0x0020, 0x0020, 0x0020, 0x0020, 0x0020, 0x0020,
  0x0020, 0x0020, 0x0020, 0x0020, 0x0021, 0x0020, 0x0020, 0x0020, 0x0020, 0x0020, 0x0021, 0x0020,
  0x0020, 0x0020, 0x0020, 0x0020, 0x0020, 0x0021, 0x0020, 0x0021, 0x0021, 0x0020, 0x0021, 0x0020,
  0x0020, 0x0020, 0x0020, 0x0020, 0x0020, 0x0020, 0x0020, 0x0020, 0x0020, 0x0020, 0x0020, 0x0020,
  0x0020, 0x0020, 0x0041, 0x0000, 0x0841, 0x5AAA, 0x9471, 0x8C50, 0x840F, 0x8C71, 0x9491, 0x736D,
  0x4229, 0x31C7, 0x2986, 0x2145, 0x39A6, 0x6B4C, 0xA4F2, 0xC5D5, 0xCDF6, 0xC5F6, 0xCDF6, 0xCE16,
  0xCE17, 0xC5D6, 0xB574, 0xA4D2, 0x8C50, 0x840F, 0x7BCE, 0x7BCE, 0x7BAE, 0x7BAE, 0x7BAE, 0x7BAE,
  0x7BCE, 0x7BCE, 0x83EF, 0x83EE, 0x83EF, 0x83EF, 0x840F, 0x83EF, 0x840F, 0x840F, 0x8C30, 0x8C30,
  0x840F, 0x840F, 0x8C30, 0x9470, 0x9CB2, 0xB554, 0xC5B5, 0xCE37, 0xD678, 0xD657, 0xD617, 0xCE17,
  0xD657, 0xD657, 0xBD94, 0x83EE, 0x4A48, 0x2986, 0x31C7, 0x3A08, 0x4A8A, 0x73AE, 0x9491, 0x8430,
  0x7BCF, 0x8430, 0x8C50, 0x5AAA, 0x0841, 0x0000, 0x0021, 0x0020, 0x0020, 0x0020, 0x0020, 0x0020,
  0x0020, 0x0020, 0x0020, 0x0020, 0x0020, 0x0020, 0x0020, 0x0020, 0x0020, 0x0020, 0x0020, 0x0020,
  0x0020, 0x0020, 0x0021, 0x0021, 0x0021, 0x0021, 0x0020, 0x0020, 0x0021, 0x0020, 0x0020, 0x0020,
  0x0020, 0x0020, 0x0020, 0x0021, 0x0020, 0x0020, 0x0020, 0x0020, 0x0020, 0x0021, 0x0020, 0x0020,
  0x0020, 0x0020, 0x0020, 0x0020, 0x0020, 0x0020, 0x0020, 0x0020, 0x0021, 0x0020, 0x0020, 0x0020,
  0x0020, 0x0020, 0x0020, 0x0020, 0x0020, 0x0021, 0x0020, 0x0021, 0x0020, 0x0020, 0x0021, 0x0021,
  0x0021, 0x0020, 0x0020, 0x0020, 0x0020, 0x0020, 0x0020, 0x0020, 0x0020, 0x0020, 0x0020, 0x0020,
  0x0020, 0x0020, 0x0020, 0x0020, 0x0020, 0x0021, 0x0000, 0x18E3, 0x7BAE, 0x9471, 0x840F, 0x840F,
  0x9491, 0x8C30, 0x4A69, 0x31A7, 0x31A7, 0x2125, 0x39C7, 0x7BCE, 0xBD94, 0xCDF6, 0xC5D5, 0xC5D6,
  0xCE16, 0xCE17, 0xB574, 0x9CB1, 0x840F, 0x738D, 0x738D, 0x7BAE, 0x7BCE, 0x7BCE, 0x7BCE, 0x6B4C,
  0x62EB, 0x5ACA, 0x5289, 0x4228, 0x4207, 0x39C7, 0x39C7, 0x31A6, 0x31A6, 0x39A6, 0x39C7, 0x39E7,
  0x4228, 0x4A69, 0x5ACA, 0x630B, 0x6B2C, 0x738D, 0x8C0F, 0x9450, 0x9450, 0x8C50, 0x8C50, 0x9450,
  0xA4D2, 0xB574, 0xCE17, 0xDE78, 0xD657, 0xCE16, 0xCE16, 0xD657, 0xCE17, 0x9C91, 0x5269, 0x2966,
  0x39E8, 0x4228, 0x52AA, 0x8430, 0x9471, 0x7BEF, 0x7BEF, 0x8C50, 0x7BAE, 0x20E3, 0x0000, 0x0021,
  0x0021, 0x0020, 0x0020, 0x0020, 0x0020, 0x0020, 0x0020, 0x0020, 0x0020, 0x0020, 0x0020, 0x0020,
  0x0020, 0x0020, 0x0020, 0x0020, 0x0020, 0x0020, 0x0020, 0x0021, 0x0021, 0x0020, 0x0020, 0x0020,
  0x0020, 0x0020, 0x0020, 0x0021, 0x0020, 0x0020, 0x0020, 0x0020, 0x0020, 0x0020, 0x0020, 0x0020,
  0x0021, 0x0021, 0x0020, 0x0020, 0x0020, 0x0020, 0x0020, 0x0020, 0x0020, 0x0020, 0x0020, 0x0020,
  0x0020, 0x0021, 0x0021, 0x0020, 0x0020, 0x0020, 0x0020, 0x0020, 0x0021, 0x0020, 0x0020, 0x0021,
  0x0020, 0x0020, 0x0020, 0x0020, 0x0021, 0x0020, 0x0020, 0x0021, 0x0020, 0x0020, 0x0020, 0x0020,
  0x0020, 0x0020, 0x0020, 0x0020, 0x0020, 0x0020, 0x0020, 0x0020, 0x0021, 0x0000, 0x2965, 0x8430,
  0x8C50, 0x840F, 0x8C30, 0x9CB2, 0x6B4C, 0x31C7, 0x31A7, 0x2145, 0x3186, 0x7BAD, 0xBD95, 0xCDF6,
  0xC5B5, 0xC5F6, 0xD637, 0xC5B5, 0x9CB1, 0x7BAE, 0x6B4C, 0x6B6D, 0x738D, 0x738D, 0x6B2C, 0x5AAA,
  0x4228, 0x2965, 0x2124, 0x4207, 0x4A69, 0x5AEB, 0x39E7, 0x0062, 0x10E4, 0x10E4, 0x10E4, 0x10E4,
  0x10E4, 0x10E4, 0x10E4, 0x10C4, 0x10E4, 0x0062, 0x4208, 0x630B, 0x5AAA, 0x4A48, 0x2124, 0x31A6,
  0x4A69, 0x630B, 0x83CE, 0x9450, 0x9491, 0x9450, 0x8C30, 0x9C91, 0xB574, 0xD637, 0xDE78, 0xCE16,
  0xCDF6, 0xD637, 0xD637, 0x9C91, 0x4208, 0x2966, 0x3A08, 0x4228, 0x6B6D, 0x9491, 0x840F, 0x7BEF,
  0x8430, 0x840F, 0x2965, 0x0000, 0x0021, 0x0020, 0x0020, 0x0020, 0x0020, 0x0020, 0x0021, 0x0021,
  0x0020, 0x0020, 0x0020, 0x0020, 0x0020, 0x0020, 0x0020, 0x0020, 0x0020, 0x0020, 0x0020, 0x0021,
  0x0021, 0x0020, 0x0020, 0x0021, 0x0020, 0x0021, 0x0020, 0x0020, 0x0020, 0x0021, 0x0020, 0x0020,
  0x0020, 0x0020, 0x0020, 0x0020, 0x0021, 0x0021, 0x0020, 0x0020, 0x0020, 0x0020, 0x0020, 0x0020,
  0x0020, 0x0021, 0x0020, 0x0020, 0x0020, 0x0020, 0x0021, 0x0020, 0x0020, 0x0020, 0x0020, 0x0020,
  0x0021, 0x0021, 0x0020, 0x0020, 0x0021, 0x0021, 0x0021, 0x0020, 0x0020, 0x0021, 0x0020, 0x0020,
  0x0020, 0x0020, 0x0020, 0x0020, 0x0020, 0x0021, 0x0020, 0x0020, 0x0020, 0x0020, 0x0020, 0x0021,
  0x0000, 0x4208, 0x94B2, 0x8430, 0x83EF, 0x8C30, 0x9471, 0x528A, 0x2986, 0x2986, 0x2104, 0x5AAA,
  0xB553, 0xCDF6, 0xC5B5, 0xC5D5, 0xCE17, 0xB574, 0x8410, 0x6B2C, 0x632C, 0x6B6D, 0x6B4C, 0x52AA,
  0x39C7, 0x2125, 0x10E4, 0x10C4, 0x10E5, 0x10C4, 0x18E4, 0x73AE, 0x83EF, 0x840F, 0x52AA, 0x10C4,
  0x2166, 0x1946, 0x1946, 0x1946, 0x1946, 0x1946, 0x1946, 0x1946, 0x2166, 0x1105, 0x630B, 0x9471,
  0x9450, 0x7BEF, 0x18E4, 0x10E4, 0x1105, 0x10C4, 0x18E4, 0x2965, 0x4A28, 0x6B4C, 0x8C2F, 0x9470,
  0x8C30, 0x9470, 0xAD54, 0xCE37, 0xDE78, 0xCE16, 0xCDF6, 0xD637, 0xCDF6, 0x7BCE, 0x2986, 0x31C7,
  0x3A08, 0x5AEB, 0x9471, 0x8410, 0x7BEF, 0x83EF, 0x9471, 0x4208, 0x0000, 0x0021, 0x0020, 0x0020,
  0x0020, 0x0020, 0x0020, 0x0021, 0x0021, 0x0020, 0x0020, 0x0020, 0x0020, 0x0020, 0x0020, 0x0020,
  0x0020, 0x0020, 0x0020, 0x0020, 0x0020, 0x0020, 0x0020, 0x0021, 0x0020, 0x0020, 0x0021, 0x0020,
  0x0020, 0x0020, 0x0020, 0x0020, 0x0020, 0x0020, 0x0020, 0x0020, 0x0020, 0x0020, 0x0020, 0x0020,
  0x0020, 0x0020, 0x0020, 0x0020, 0x0020, 0x0020, 0x0020, 0x0020, 0x0020, 0x0020, 0x0020, 0x0020,
  0x0020, 0x0020, 0x0021, 0x0021, 0x0020, 0x0021, 0x0021, 0x0020, 0x0020, 0x0020, 0x0020, 0x0020,
  0x0020, 0x0020, 0x0020, 0x0020, 0x0020, 0x0020, 0x0020, 0x0020, 0x0020, 0x0000, 0x0000, 0x0000,
  0x0000, 0x0000, 0x0000, 0x0000, 0x1082, 0x5ACA, 0x5ACB, 0x840F, 0x8430, 0x8C71, 0x4229, 0x2986,
  0x2145, 0x2965, 0x8C0F, 0xC5D6, 0xC5B5, 0xBDB5, 0xCE37, 0xBD95, 0x7BEF, 0x5AEB, 0x632C, 0x6B6D,
  0x5ACB, 0x39C7, 0x1904, 0x10C3, 0x10E4, 0x1105, 0x1946, 0x1946, 0x1946, 0x1925, 0x2124, 0x6B6D,
  0x73AE, 0x7BCE, 0x5269, 0x10C4, 0x1946, 0x1926, 0x1926, 0x1946, 0x1926, 0x1926, 0x1946, 0x1946,
  0x2166, 0x10C4, 0x5AAA, 0x8C2F, 0x83EF, 0x738D, 0x1904, 0x1925, 0x2187, 0x2167, 0x1966, 0x1926,
  0x10E5, 0x10C4, 0x2125, 0x4A48, 0x7BAE, 0x9491, 0x9450, 0x8C2F, 0xAD13, 0xD658, 0xDE78, 0xCDF6,
  0xCDF6, 0xDE78, 0xB553, 0x4228, 0x2986, 0x39E8, 0x528A, 0x9471, 0x840F, 0x7BEF, 0x5AEB, 0x5AAA,
  0x10A2, 0x0000, 0x0000, 0x0000, 0x0000, 0x0000, 0x0000, 0x0000, 0x0020, 0x0021, 0x0020, 0x0020,
  0x0020, 0x0020, 0x0021, 0x0020, 0x0020, 0x0020, 0x0020, 0x0020, 0x0020, 0x0020, 0x0020, 0x0020,
  0x0020, 0x0021, 0x0020, 0x0020, 0x0020, 0x0020, 0x0020, 0x0020, 0x0020, 0x0020, 0x0020, 0x0020,
  0x0020, 0x0020, 0x0020, 0x0020, 0x0020, 0x0020, 0x0020, 0x0020, 0x0020, 0x0020, 0x0020, 0x0021,
  0x0020, 0x0020, 0x0021, 0x0021, 0x0021, 0x0020, 0x0021, 0x0020, 0x0020, 0x0020, 0x0021, 0x0020,
  0x0020, 0x0020, 0x0020, 0x0020, 0x0021, 0x0020, 0x0020, 0x0020, 0x0020, 0x0021, 0x0020, 0x0021,
  0x0000, 0x5ACA, 0x738D, 0x6B4C, 0x6B4C, 0x6B4C, 0x6B4C, 0x6B4C, 0x6B4C, 0x632C, 0x4207, 0x5ACB,
  0x9491, 0x4228, 0x31A7, 0x2125, 0x39C7, 0xA4F2, 0xC5D6, 0xBD95, 0xC5D6, 0xCE37, 0x9471, 0x5AEB,
  0x632C, 0x6B2C, 0x4A69, 0x2965, 0x10A3, 0x10E4, 0x1925, 0x1946, 0x1946, 0x1946, 0x1946, 0x1946,
  0x1946, 0x1105, 0x2125, 0x7BAE, 0x83EE, 0x9471, 0x630B, 0x08C4, 0x1946, 0x1926, 0x1946, 0x1946,
  0x1946, 0x1946, 0x1946, 0x1946, 0x2166, 0x08A4, 0x736D, 0xA4F3, 0x9470, 0x7BCE, 0x2124, 0x1105,
  0x2167, 0x1946, 0x2146, 0x2166, 0x2167, 0x2167, 0x1946, 0x1105, 0x10E4, 0x39C6, 0x6B2C, 0x8C50,
  0x8C50, 0x8C50, 0xBD95, 0xDE78, 0xCE17, 0xC5D5, 0xCE16, 0xC5D6, 0x5ACA, 0x2965, 0x3A08, 0x528A,
  0x94B1, 0x630C, 0x4208, 0x630B, 0x632C, 0x6B2C, 0x632C, 0x632C, 0x6B2C, 0x6B2C, 0x6B4C, 0x630B,
  0x0841, 0x0020, 0x0020, 0x0020, 0x0020, 0x0020, 0x0020, 0x0020, 0x0020, 0x0020, 0x0021, 0x0021,
  0x0020, 0x0020, 0x0020, 0x0020, 0x0020, 0x0020, 0x0020, 0x0020, 0x0020, 0x0021, 0x0020, 0x0020,
  0x0020, 0x0020, 0x0020, 0x0020, 0x0020, 0x0020, 0x0020, 0x0020, 0x0020, 0x0020, 0x0020, 0x0020,
  0x0020, 0x0020, 0x0020, 0x0021, 0x0020, 0x0020, 0x0021, 0x0021, 0x0021, 0x0020, 0x0021, 0x0020,
  0x0020, 0x0021, 0x0020, 0x0020, 0x0020, 0x0021, 0x0020, 0x0020, 0x0020, 0x0020, 0x0020, 0x0020,
  0x0020, 0x0020, 0x0020, 0x0020, 0x0020, 0x7BCE, 0x8C50, 0x8430, 0x8C30, 0x8430, 0x8430, 0x8430,
  0x8410, 0x8C51, 0x62EB, 0x528A, 0x5ACB, 0x2966, 0x2124, 0x4228, 0xB554, 0xC5D5, 0xBD94, 0xCE16,
  0xBDB5, 0x736D, 0x5ACB, 0x6B4D, 0x5289, 0x39C6, 0x4A69, 0x31A6, 0x10E5, 0x2146, 0x1926, 0x1926,
  0x1926, 0x1946, 0x1946, 0x1946, 0x1946, 0x1105, 0x2145, 0x9491, 0x9C91, 0xA4F2, 0x6B4C, 0x08C4,
  0x2167, 0x2187, 0x29A8, 0x21A8, 0x21A8, 0x21A8, 0x29A8, 0x29A8, 0x29C8, 0x1926, 0x840F, 0xBD95,
  0xB554, 0xA4F2, 0x2125, 0x1105, 0x2167, 0x1946, 0x1946, 0x2146, 0x2166, 0x2166, 0x2167, 0x2187,
  0x1105, 0x4A69, 0x6B2C, 0x4A48, 0x736D, 0x9470, 0x83EF, 0x9CD2, 0xD658, 0xD637, 0xC5D6, 0xCDF6,
  0xD657, 0x6B2C, 0x2145, 0x31C7, 0x6B6D, 0x6B4C, 0x62EB, 0x8C71, 0x840F, 0x8410, 0x840F, 0x840F,
  0x840F, 0x840F, 0x8410, 0x840F, 0x1082, 0x0000, 0x0021, 0x0020, 0x0020, 0x0020, 0x0020, 0x0020,
  0x0020, 0x0020, 0x0020, 0x0021, 0x0021, 0x0020, 0x0020, 0x0021, 0x0020, 0x0020, 0x0021, 0x0020,
  0x0021, 0x0021, 0x0020, 0x0020, 0x0020, 0x0020, 0x0020, 0x0020, 0x0020, 0x0021, 0x0020, 0x0020,
  0x0020, 0x0020, 0x0020, 0x0020, 0x0020, 0x0020, 0x0020, 0x0020, 0x0020, 0x0020, 0x0020, 0x0021,
  0x0020, 0x0020, 0x0020, 0x0020, 0x0020, 0x0021, 0x0020, 0x0020, 0x0020, 0x0020, 0x0020, 0x0020,
  0x0020, 0x0021, 0x0020, 0x0020, 0x0020, 0x0020, 0x0020, 0x0020, 0x0841, 0x7BAE, 0x7BEF, 0x7BEF,
  0x7BEF, 0x7BEF, 0x7BEF, 0x7BCF, 0x7BCE, 0x8410, 0x630C, 0x2945, 0x31A7, 0x2125, 0x41E7, 0xB553,
  0xC5D5, 0xBD95, 0xCE17, 0xB554, 0x5AEB, 0x630B, 0x62EB, 0x3165, 0x2986, 0x630C, 0x738E, 0x39E7,
  0x10E4, 0x1946, 0x1926, 0x1926, 0x1946, 0x1946, 0x1946, 0x1946, 0x2187, 0x1946, 0x2986, 0x9491,
  0x9C91, 0xA4D2, 0x6B2C, 0x08C4, 0x29A8, 0x29E9, 0x29C9, 0x29C9, 0x29C9, 0x29C9, 0x29C9, 0x29E9,
  0x322A, 0x2167, 0x83CE, 0xBD94, 0xB574, 0xA4F2, 0x2125, 0x1905, 0x3209, 0x29E9, 0x29C8, 0x21A8,
  0x2167, 0x2166, 0x1946, 0x2167, 0x1105, 0x5ACA, 0xA4D2, 0x8C2F, 0x39E7, 0x41E7, 0x840F, 0x8C0F,
  0x8C50, 0xCE37, 0xD657, 0xC5D6, 0xC5D6, 0xD657, 0x6B2B, 0x2965, 0x4249, 0x4228, 0x62EB, 0x8410,
  0x7BCE, 0x7BCF, 0x7BCE, 0x7BCE, 0x7BCF, 0x7BCF, 0x7BCE, 0x7BEF, 0x10A2, 0x0000, 0x0021, 0x0020,
  0x0020, 0x0020, 0x0020, 0x0020, 0x0020, 0x0020, 0x0020, 0x0021, 0x0021, 0x0020, 0x0020, 0x0020,
  0x0020, 0x0020, 0x0020, 0x0020, 0x0020, 0x0020, 0x0020, 0x0020, 0x0020, 0x0020, 0x0020, 0x0020,
  0x0020, 0x0021, 0x0020, 0x0020, 0x0020, 0x0020, 0x0020, 0x0020, 0x0020, 0x0020, 0x0020, 0x0021,
  0x0020, 0x0020, 0x0021, 0x0021, 0x0021, 0x0020, 0x0020, 0x0020, 0x0021, 0x0020, 0x0020, 0x0020,
  0x0020, 0x0020, 0x0020, 0x0020, 0x0020, 0x0020, 0x0020, 0x0020, 0x0020, 0x0020, 0x0021, 0x0000,
  0x0861, 0x9450, 0x9491, 0x9491, 0x9491, 0x9491, 0x9491, 0x9491, 0x9471, 0x9CD2, 0x632C, 0x10C3,
  0x2145, 0x3165, 0xA4F2, 0xC5D5, 0xBD94, 0xCE16, 0xAD33, 0x52AA, 0x630C, 0x5289, 0x10C3, 0x0882,
  0x4A69, 0x6B4D, 0x6B6D, 0x4208, 0x10E4, 0x1946, 0x1926, 0x1926, 0x1946, 0x2167, 0x2187, 0x29A8,
  0x29C9, 0x2167, 0x2966, 0x9491, 0x9C91, 0xA4D2, 0x6B2B, 0x10C4, 0x29A8, 0x29C9, 0x29C8, 0x29C9,
  0x29E9, 0x29C9, 0x29C9, 0x29E9, 0x322A, 0x1946, 0x83CE, 0xBD94, 0xB554, 0xA4D2, 0x2145, 0x1925,
  0x320A, 0x320A, 0x320A, 0x320A, 0x3209, 0x29E9, 0x21A8, 0x2187, 0x10E5, 0x5AAA, 0x9471, 0x9470,
  0x5AEB, 0x10A3, 0x1904, 0x738D, 0x8C50, 0x83EF, 0xCE17, 0xD657, 0xC5F6, 0xC5F6, 0xD637, 0x5269,
  0x31A7, 0x2124, 0x6B2C, 0x9CD2, 0x8C51, 0x9471, 0x9471, 0x9471, 0x9471, 0x9471, 0x9471, 0x9491,
  0x18C3, 0x0000, 0x0021, 0x0020, 0x0020, 0x0020, 0x0020, 0x0020, 0x0020, 0x0020, 0x0021, 0x0020,
  0x0020, 0x0021, 0x0020, 0x0020, 0x0021, 0x0021, 0x0020, 0x0020, 0x0020, 0x0020, 0x0020, 0x0021,
  0x0020, 0x0020, 0x0020, 0x0020, 0x0020, 0x0020, 0x0020, 0x0020, 0x0020, 0x0020, 0x0020, 0x0021,
  0x0021, 0x0020, 0x0020, 0x0020, 0x0020, 0x0020, 0x0021, 0x0020, 0x0020, 0x0020, 0x0020, 0x0020,
  0x0020, 0x0020, 0x0020, 0x0020, 0x0020, 0x0020, 0x0021, 0x0020, 0x0020, 0x0020, 0x0020, 0x0020,
  0x0020, 0x0020, 0x0021, 0x0000, 0x0841, 0x6B6D, 0x738D, 0x738D, 0x738D, 0x738D, 0x738D, 0x738D,
  0x738D, 0x738E, 0x39C7, 0x10C3, 0x2124, 0x8C2F, 0xC5D5, 0xBD95, 0xCDF6, 0xB574, 0x52AA, 0x632C,
  0x4207, 0x08A3, 0x1105, 0x18E4, 0x4249, 0x6B4C, 0x738D, 0x4208, 0x10E4, 0x1946, 0x1946, 0x2167,
  0x21A7, 0x29A8, 0x29A8, 0x29A8, 0x29C8, 0x2166, 0x2966, 0x9C91, 0x9C91, 0xA4D2, 0x6B2C, 0x10C4,
  0x2188, 0x29C9, 0x29C9, 0x29C9, 0x29C9, 0x29E9, 0x29E9, 0x29E9, 0x322A, 0x1967, 0x83CE, 0xBD74,
  0xB553, 0xA4D2, 0x2145, 0x1925, 0x320A, 0x320A, 0x320A, 0x320A, 0x320A, 0x322A, 0x320A, 0x322A,
  0x1967, 0x738D, 0xB553, 0x8C30, 0x5AAA, 0x2966, 0x1925, 0x10C3, 0x5ACA, 0x8C50, 0x83EF, 0xCE37,
  0xCE17, 0xC5D6, 0xCDF6, 0xBDB5, 0x31A6, 0x2124, 0x4228, 0x738E, 0x630C, 0x632C, 0x632C, 0x6B4C,
  0x6B2C, 0x632C, 0x632C, 0x630C, 0x0861, 0x0000, 0x0021, 0x0020, 0x0020, 0x0020, 0x0020, 0x0020,
  0x0020, 0x0020, 0x0020, 0x0020, 0x0020, 0x0021, 0x0020, 0x0020, 0x0020, 0x0021, 0x0020, 0x0020,
  0x0020, 0x0020, 0x0020, 0x0020, 0x0020, 0x0021, 0x0021, 0x0020, 0x0020, 0x0021, 0x0021, 0x0020,
  0x0020, 0x0020, 0x0020, 0x0021, 0x0020, 0x0020, 0x0021, 0x0020, 0x0020, 0x0020, 0x0020, 0x0021,
  0x0020, 0x0020, 0x0020, 0x0020, 0x0020, 0x0020, 0x0020, 0x0020, 0x0020, 0x0020, 0x0020, 0x0020,
  0x0020, 0x0020, 0x0020, 0x0020, 0x0020, 0x0020, 0x0021, 0x0020, 0x0841, 0x3A08, 0x3A08, 0x3A08,
  0x3A08, 0x3A08, 0x3A08, 0x3A08, 0x3A08, 0x3A08, 0x2124, 0x0841, 0x5AEB, 0xBD95, 0xBDB5, 0xC5B5,
  0xC5F6, 0x630B, 0x630C, 0x41E7, 0x08A3, 0x1926, 0x1105, 0x18E3, 0x4A6A, 0x6B6D, 0x736D, 0x39E7,
  0x10E4, 0x2146, 0x2187, 0x29A8, 0x29A8, 0x29A8, 0x29A8, 0x29C8, 0x29C9, 0x1967, 0x2986, 0x9471,
  0x9470, 0xA4D2, 0x6B4C, 0x0862, 0x1905, 0x2166, 0x2166, 0x2986, 0x2986, 0x2986, 0x2987, 0x2986,
  0x2186, 0x10E4, 0x83EF, 0xBD74, 0xAD33, 0x9CD2, 0x2945, 0x1926, 0x3A4B, 0x3A4A, 0x322A, 0x322A,
  0x320A, 0x320A, 0x320A, 0x3A4A, 0x21A8, 0x736D, 0xC5B5, 0xB533, 0x6B4C, 0x2145, 0x1925, 0x2167,
  0x08A3, 0x528A, 0x8C0F, 0x8C30, 0xD678, 0xCDF6, 0xC5D6, 0xD637, 0x8C0F, 0x1082, 0x31A7, 0x39E7,
  0x2986, 0x31A7, 0x31A7, 0x31A7, 0x31A7, 0x31A6, 0x29A6, 0x31A7, 0x0841, 0x0000, 0x0020, 0x0020,
  0x0020, 0x0020, 0x0020, 0x0020, 0x0020, 0x0020, 0x0021, 0x0020, 0x0020, 0x0020, 0x0020, 0x0020,
  0x0020, 0x0020, 0x0020, 0x0020, 0x0020, 0x0020, 0x0020, 0x0020, 0x0020, 0x0021, 0x0021, 0x0020,
  0x0020, 0x0020, 0x0020, 0x0020, 0x0020, 0x0020, 0x0020, 0x0020, 0x0021, 0x0020, 0x0020, 0x0020,
  0x0020, 0x0021, 0x0020, 0x0020, 0x0020, 0x0020, 0x0020, 0x0020, 0x0020, 0x0020, 0x0020, 0x0020,
  0x0020, 0x0020, 0x0020, 0x0020, 0x0020, 0x0020, 0x0020, 0x0020, 0x0020, 0x0020, 0x0021, 0x0020,
  0x0841, 0x4A69, 0x4A6A, 0x4A69, 0x4A49, 0x4A69, 0x4A69, 0x4A69, 0x4A49, 0x4A8A, 0x2945, 0x18E3,
  0x9491, 0xBD95, 0xBD95, 0xD637, 0x7BCE, 0x52AA, 0x4208, 0x0883, 0x1926, 0x1926, 0x1105, 0x18E4,
  0x528A, 0x6B6D, 0x736D, 0x3A07, 0x10E4, 0x1946, 0x21A7, 0x29A8, 0x29C8, 0x21A8, 0x2167, 0x1946,
  0x2146, 0x1925, 0x3186, 0x9470, 0x9CB1, 0xAD13, 0x6B0B, 0x1904, 0x630C, 0x6B4D, 0x6B4C, 0x6B4D,
  0x6B6D, 0x6B6D, 0x6B6D, 0x6B4D, 0x738D, 0x528A, 0x83EE, 0xBD94, 0xB574, 0xA513, 0x2125, 0x10C3,
  0x2987, 0x29C8, 0x29E9, 0x320A, 0x322A, 0x322A, 0x322A, 0x3A2A, 0x2187, 0x736D, 0xBD95, 0xBD74,
  0x738E, 0x2145, 0x1905, 0x2167, 0x2187, 0x08A3, 0x62EA, 0x7BCE, 0xA4F3, 0xD678, 0xC5D6, 0xC5D5,
  0xCE17, 0x31A6, 0x2965, 0x4228, 0x3A08, 0x3A08, 0x3A08, 0x3A08, 0x3A08, 0x3A08, 0x3A08, 0x3A08,
  0x0841, 0x0000, 0x0020, 0x0020, 0x0020, 0x0020, 0x0021, 0x0020, 0x0020, 0x0021, 0x0020, 0x0020,
  0x0020, 0x0020, 0x0020, 0x0020, 0x0020, 0x0020, 0x0020, 0x0020, 0x0021, 0x0020, 0x0020, 0x0020,
  0x0020, 0x0020, 0x0020, 0x0020, 0x0020, 0x0020, 0x0021, 0x0020, 0x0020, 0x0020, 0x0020, 0x0021,
  0x0021, 0x0020, 0x0020, 0x0020, 0x0020, 0x0020, 0x0020, 0x0020, 0x0020, 0x0020, 0x0020, 0x0020,
  0x0020, 0x0020, 0x0020, 0x0020, 0x0021, 0x0020, 0x0020, 0x0020, 0x0020, 0x0020, 0x0020, 0x0020,
  0x0020, 0x0020, 0x0020, 0x0020, 0x0020, 0x2104, 0x2124, 0x2104, 0x2104, 0x2124, 0x2124, 0x2124,
  0x2104, 0x2965, 0x1904, 0x4A48, 0xAD13, 0xBDB5, 0xCDF6, 0xB574, 0x52AA, 0x5289, 0x08A3, 0x1925,
  0x1925, 0x1926, 0x1925, 0x18E4, 0x4A8A, 0x6B4D, 0x736D, 0x4208, 0x10E5, 0x2167, 0x2167, 0x1946,
  0x1925, 0x2166, 0x39E7, 0x5289, 0x62EB, 0x632C, 0x2945, 0x630B, 0x632C, 0x5ACA, 0x31A6, 0x2965,
  0x4A8A, 0x4249, 0x4249, 0x4249, 0x4229, 0x4249, 0x4A69, 0x4A69, 0x528A, 0x3A08, 0x41E7, 0x632C,
  0x7BAE, 0x738D, 0x18E3, 0x4A69, 0x6B4C, 0x5ACB, 0x4249, 0x31A7, 0x2187, 0x29A8, 0x320A, 0x3A4B,
  0x21A8, 0x738D, 0xBDB5, 0xBD74, 0x736D, 0x2145, 0x2166, 0x2187, 0x2166, 0x2167, 0x10C3, 0x736D,
  0x83EF, 0xCE16, 0xCE16, 0xC5B5, 0xD637, 0x83CE, 0x10A3, 0x2124, 0x1904, 0x2104, 0x1904, 0x18E4,
  0x18E3, 0x2104, 0x2104, 0x18E3, 0x0020, 0x0020, 0x0021, 0x0020, 0x0020, 0x0020, 0x0020, 0x0020,
  0x0020, 0x0020, 0x0020, 0x0020, 0x0021, 0x0020, 0x0020, 0x0021, 0x0020, 0x0020, 0x0020, 0x0021,
  0x0021, 0x0020, 0x0020, 0x0021, 0x0020, 0x0020, 0x0020, 0x0020, 0x0020, 0x0021, 0x0020, 0x0020,
  0x0020, 0x0020, 0x0020, 0x0020, 0x0021, 0x0021, 0x0020, 0x0020, 0x0020, 0x0020, 0x0020, 0x0020,
  0x0020, 0x0021, 0x0020, 0x0020, 0x0021, 0x0020, 0x0020, 0x0020, 0x0020, 0x0020, 0x0020, 0x0021,
  0x0020, 0x0020, 0x0020, 0x0021, 0x0020, 0x0020, 0x0020, 0x0021, 0x0000, 0x0020, 0x2986, 0x1904,
  0x52AA, 0x6B4C, 0x630B, 0x630C, 0x6B4D, 0x4A49, 0x18C3, 0x7BCE, 0xB574, 0xBDB5, 0xD637, 0x7BAE,
  0x528A, 0x18E3, 0x10E4, 0x1926, 0x1925, 0x1946, 0x1926, 0x1904, 0x4A8A, 0x6B4D, 0x736D, 0x4208,
  0x08C4, 0x10E4, 0x2986, 0x4A49, 0x5ACB, 0x630B, 0x630B, 0x52AA, 0x4A69, 0x3A08, 0x1904, 0x39E7,
  0x39E7, 0x3A08, 0x2986, 0x2124, 0x3A08, 0x3A08, 0x4208, 0x3A08, 0x3A08, 0x3A08, 0x4208, 0x4208,
  0x4228, 0x2986, 0x31C6, 0x4A49, 0x4A69, 0x4208, 0x10A3, 0x4228, 0x5AEB, 0x632C, 0x73AE, 0x73AE,
  0x6B4C, 0x528A, 0x31C7, 0x29A7, 0x1947, 0x738D, 0xBDB5, 0xB574, 0x736D, 0x2145, 0x2187, 0x322A,
  0x2187, 0x2167, 0x1105, 0x2945, 0x7BAE, 0xA4D2, 0xD657, 0xC5D6, 0xC5F6, 0xBD74, 0x18E3, 0x5ACB,
  0x6B6D, 0x630C, 0x62EB, 0x6B4C, 0x4208, 0x10C3, 0x2145, 0x0020, 0x0000, 0x0021, 0x0020, 0x0021,
  0x0020, 0x0020, 0x0020, 0x0021, 0x0020, 0x0020, 0x0021, 0x0021, 0x0020, 0x0020, 0x0020, 0x0020,
  0x0020, 0x0020, 0x0020, 0x0020, 0x0020, 0x0021, 0x0020, 0x0021, 0x0020, 0x0020, 0x0020, 0x0020,
  0x0020, 0x0020, 0x0020, 0x0020, 0x0020, 0x0020, 0x0020, 0x0021, 0x0020, 0x0020, 0x0020, 0x0020,
  0x0020, 0x0020, 0x0020, 0x0020, 0x0020, 0x0020, 0x0021, 0x0020, 0x0020, 0x0020, 0x0020, 0x0020,
  0x0021, 0x0020, 0x0020, 0x0020, 0x0020, 0x0020, 0x0020, 0x0020, 0x0020, 0x0020, 0x0021, 0x0021,
  0x0000, 0x18C3, 0x6B4D, 0x4228, 0x73AE, 0x8430, 0x7BEF, 0x840F, 0x8C71, 0x5ACB, 0x2965, 0xAD33,
  0xBDB5, 0xC5B5, 0xC5D5, 0x5AEB, 0x4207, 0x18E3, 0x1105, 0x1925, 0x1946, 0x2166, 0x1925, 0x1904,
  0x528A, 0x6B6D, 0x738D, 0x4208, 0x18E4, 0x4A49, 0x632C, 0x52CB, 0x4229, 0x39E8, 0x31C7, 0x31C7,
  0x31C7, 0x31C7, 0x1904, 0x4A49, 0x4208, 0x4208, 0x2124, 0x10A2, 0x31C6, 0x31A6, 0x31A6, 0x31A6,
  0x31A6, 0x39C7, 0x39C7, 0x39C7, 0x39C7, 0x2124, 0x31A6, 0x4A69, 0x4A8A, 0x4A69, 0x10C3, 0x39E8,
  0x4A69, 0x4229, 0x4229, 0x4A69, 0x5ACB, 0x6B6D, 0x7BAE, 0x736D, 0x4208, 0x7B8D, 0xBD95, 0xB554,
  0x736D, 0x2945, 0x2166, 0x322A, 0x320A, 0x2187, 0x1946, 0x39C6, 0x5ACA, 0x8C30, 0xCE37, 0xCDF6,
  0xC5D6, 0xCE16, 0x4A48, 0x736D, 0x8C71, 0x83EF, 0x7BEF, 0x8C51, 0x630B, 0x2966, 0x4A8A, 0x1082,
  0x0000, 0x0021, 0x0020, 0x0020, 0x0020, 0x0020, 0x0020, 0x0020, 0x0020, 0x0020, 0x0021, 0x0020,
  0x0021, 0x0020, 0x0020, 0x0020, 0x0020, 0x0021, 0x0021, 0x0021, 0x0020, 0x0020, 0x0020, 0x0020,
  0x0020, 0x0020, 0x0020, 0x0021, 0x0021, 0x0020, 0x0020, 0x0020, 0x0020, 0x0020, 0x0021, 0x0020,
  0x0020, 0x0020, 0x0020, 0x0020, 0x0020, 0x0020, 0x0020, 0x0020, 0x0020, 0x0020, 0x0020, 0x0020,
  0x0020, 0x0020, 0x0020, 0x0020, 0x0020, 0x0021, 0x0020, 0x0020, 0x0020, 0x0020, 0x0020, 0x0020,
  0x0020, 0x0020, 0x0020, 0x0021, 0x0000, 0x18E3, 0x7BCE, 0x4228, 0x736D, 0x8410, 0x7BCF, 0x7BCF,
  0x8C30, 0x52AA, 0x39C6, 0xBD95, 0xBDB5, 0xCDF6, 0xAD13, 0x4228, 0x39A6, 0x39C7, 0x10E4, 0x1946,
  0x1946, 0x2167, 0x1926, 0x1904, 0x52AA, 0x738D, 0x6B6D, 0x31A6, 0x2145, 0x4228, 0x31C7, 0x31A7,
  0x31C7, 0x31C7, 0x2986, 0x2966, 0x2965, 0x31A6, 0x2965, 0x3186, 0x3186, 0x31C6, 0x39C6, 0x630B,
  0x83EE, 0x83EF, 0x840F, 0x83EF, 0x738D, 0x840F, 0x840F, 0x83EF, 0x83CE, 0x736D, 0x4228, 0x4207,
  0x39C7, 0x31A6, 0x2125, 0x31A6, 0x39C7, 0x39C7, 0x3A08, 0x4249, 0x4249, 0x4249, 0x4A69, 0x630C,
  0x5AEB, 0x630B, 0xBD74, 0xBD94, 0x738E, 0x2965, 0x2167, 0x322A, 0x320A, 0x322A, 0x1926, 0x62EB,
  0x5269, 0x6B2C, 0xC5D5, 0xCE17, 0xC5D6, 0xD657, 0x5ACA, 0x630B, 0x8430, 0x7BCF, 0x7BCF, 0x8430,
  0x5ACA, 0x2965, 0x5ACB, 0x10A2, 0x0000, 0x0021, 0x0020, 0x0020, 0x0020, 0x0020, 0x0020, 0x0020,
  0x0021, 0x0021, 0x0021, 0x0020, 0x0020, 0x0020, 0x0020, 0x0020, 0x0020, 0x0020, 0x0020, 0x0020,
  0x0020, 0x0020, 0x0020, 0x0020, 0x0020, 0x0020, 0x0020, 0x0020, 0x0021, 0x0020, 0x0020, 0x0020,
  0x0020, 0x0020, 0x0020, 0x0020, 0x0021, 0x0020, 0x0020, 0x0020, 0x0020, 0x0020, 0x0020, 0x0020,
  0x0020, 0x0020, 0x0020, 0x0020, 0x0020, 0x0020, 0x0020, 0x0020, 0x0020, 0x0020, 0x0020, 0x0020,
  0x0020, 0x0020, 0x0020, 0x0020, 0x0020, 0x0020, 0x0020, 0x0021, 0x0000, 0x18E3, 0x73AE, 0x39E7,
  0x6B2C, 0x8C50, 0x7BEF, 0x7BEF, 0x8430, 0x5AEB, 0x4208, 0xBDB5, 0xBD95, 0xCE17, 0x9CD2, 0x2965,
  0x4A48, 0x39E7, 0x10C4, 0x2166, 0x2166, 0x1966, 0x10E4, 0x10A3, 0x4A69, 0x5AEB, 0x31A7, 0x10C3,
  0x2104, 0x31A7, 0x3186, 0x2966, 0x2945, 0x31A6, 0x4228, 0x5AEB, 0x736D, 0x83EE, 0x83EF, 0x736D,
  0x7BAE, 0x83EF, 0x8C50, 0x8C50, 0x8C30, 0x8C2F, 0x8C2F, 0x8C30, 0x7BCE, 0x8C30, 0x8C2F, 0x8C2F,
  0x8C30, 0x8C30, 0x8C50, 0x840F, 0x7BCE, 0x738D, 0x83EF, 0x83EE, 0x736C, 0x62EB, 0x4A28, 0x39C7,
  0x31C7, 0x3A08, 0x4249, 0x4A69, 0x31C7, 0x3186, 0x5AEB, 0x9CB2, 0x738D, 0x18C3, 0x1925, 0x322A,
  0x322A, 0x3A4A, 0x2167, 0x6B4C, 0x62EB, 0x4A28, 0xBD95, 0xD637, 0xC5D5, 0xD658, 0x6B2B, 0x630C,
  0x8410, 0x7BEF, 0x7BCF, 0x8C50, 0x528A, 0x2145, 0x52AA, 0x10A2, 0x0000, 0x0021, 0x0020, 0x0020,
  0x0020, 0x0020, 0x0020, 0x0021, 0x0020, 0x0020, 0x0021, 0x0020, 0x0020, 0x0020, 0x0020, 0x0020,
  0x0020, 0x0020, 0x0020, 0x0020, 0x0020, 0x0021, 0x0020, 0x0020, 0x0020, 0x0021, 0x0020, 0x0020,
  0x0020, 0x0020, 0x0020, 0x0020, 0x0020, 0x0020, 0x0020, 0x0020, 0x0020, 0x0020, 0x0020, 0x0020,
  0x0020, 0x0020, 0x0020, 0x0020, 0x0020, 0x0020, 0x0020, 0x0020, 0x0020, 0x0020, 0x0020, 0x0020,
  0x0021, 0x0020, 0x0020, 0x0020, 0x0020, 0x0020, 0x0020, 0x0020, 0x0020, 0x0020, 0x0021, 0x0841,
  0x0000, 0x18E3, 0x7BEF, 0x39E7, 0x5ACA, 0x8C71, 0x7BCF, 0x7BEF, 0x840F, 0x736D, 0x4228, 0xBDB5,
  0xBD95, 0xCE37, 0x9471, 0x18E4, 0x5AEB, 0x39E7, 0x10C4, 0x2187, 0x1926, 0x10C3, 0x39C7, 0x2145,
  0x18E4, 0x2966, 0x2966, 0x1904, 0x18E3, 0x2145, 0x3186, 0x5289, 0x630C, 0x83EF, 0x8C30, 0x8C30,
  0x8C30, 0x8C2F, 0x8C30, 0x8C50, 0x8C30, 0x8C30, 0x8C30, 0x8C30, 0x8C50, 0x8C30, 0x8C30, 0x8C30,
  0x7BCE, 0x8C50, 0x8C30, 0x8C30, 0x8C30, 0x8C30, 0x8C30, 0x8C30, 0x8C30, 0x8C50, 0x8C30, 0x8C30,
  0x8C30, 0x8C50, 0x8C30, 0x7BCE, 0x632C, 0x5289, 0x39C7, 0x31A7, 0x2986, 0x39C7, 0x4A69, 0x4A69,
  0x2966, 0x2986, 0x5AAA, 0x2166, 0x29C9, 0x3A4B, 0x2167, 0x738D, 0x8C2F, 0x2965, 0xB554, 0xD637,
  0xC5D5, 0xD637, 0x62EB, 0x736D, 0x840F, 0x7BEF, 0x7BCF, 0x8C50, 0x4208, 0x2145, 0x5ACB, 0x1082,
  0x0000, 0x0841, 0x0021, 0x0020, 0x0020, 0x0020, 0x0020, 0x0020, 0x0020, 0x0020, 0x0020, 0x0020,
  0x0020, 0x0020, 0x0021, 0x0020, 0x0020, 0x0020, 0x0020, 0x0020, 0x0021, 0x0020, 0x0020, 0x0020,
  0x0020, 0x0020, 0x0020, 0x0021, 0x0021, 0x0021, 0x0020, 0x0020, 0x0020, 0x0020, 0x0020, 0x0021,
  0x0020, 0x0020, 0x0020, 0x0020, 0x0020, 0x0021, 0x0020, 0x0020, 0x0020, 0x0020, 0x0021, 0x0020,
  0x0020, 0x0020, 0x0020, 0x0020, 0x0020, 0x0020, 0x0020, 0x0020, 0x0020, 0x0020, 0x0020, 0x0020,
  0x0020, 0x0020, 0x0000, 0x0000, 0x0020, 0x2103, 0x6B2C, 0x4A49, 0x4228, 0x9491, 0x7BEF, 0x840F,
  0x83EF, 0x83EF, 0x4208, 0xB554, 0xC5D5, 0xD637, 0x8C50, 0x0861, 0x5AEB, 0x39E7, 0x1105, 0x1925,
  0x2124, 0x3A08, 0x39E8, 0x2124, 0x1904, 0x2986, 0x2986, 0x10A3, 0x2945, 0x6B2C, 0x83EF, 0x8C50,
  0x8C30, 0x7BAE, 0x840F, 0x8C0F, 0x8C0F, 0x8C0F, 0x8C30, 0x8C30, 0x8C50, 0x8C50, 0x8C30, 0x840F,
  0x7BCE, 0x7BCE, 0x7BCE, 0x83EF, 0x736D, 0x7BAE, 0x7BCE, 0x7BCE, 0x7BCE, 0x83EF, 0x8C0F, 0x8C50,
  0x9450, 0x8C50, 0x8C30, 0x8C30, 0x8C30, 0x8C2F, 0x8C2F, 0x7BAE, 0x8C30, 0x9450, 0x840F, 0x6B4C,
  0x39E7, 0x3186, 0x4A8A, 0x4A8A, 0x2125, 0x2145, 0x738D, 0x736D, 0x31C7, 0x29C9, 0x29C8, 0x7BAD,
  0x9470, 0x18C3, 0xAD33, 0xD637, 0xCDF6, 0xCE16, 0x5AAA, 0x83EF, 0x7BEF, 0x7BEF, 0x7BCF, 0x8C30,
  0x2965, 0x31A6, 0x4229, 0x18A2, 0x0841, 0x0000, 0x0000, 0x0021, 0x0020, 0x0020, 0x0020, 0x0020,
  0x0020, 0x0020, 0x0021, 0x0020, 0x0021, 0x0020, 0x0021, 0x0021, 0x0020, 0x0020, 0x0020, 0x0020,
  0x0020, 0x0020, 0x0021, 0x0021, 0x0020, 0x0020, 0x0020, 0x0020, 0x0020, 0x0020, 0x0020, 0x0020,
  0x0020, 0x0020, 0x0020, 0x0020, 0x0020, 0x0021, 0x0021, 0x0021, 0x0021, 0x0020, 0x0020, 0x0020,
  0x0020, 0x0020, 0x0020, 0x0020, 0x0020, 0x0020, 0x0020, 0x0020, 0x0020, 0x0020, 0x0020, 0x0020,
  0x0020, 0x0021, 0x0020, 0x0020, 0x0021, 0x0020, 0x0861, 0x5ACA, 0xB574, 0xBD95, 0x6B2C, 0x2945,
  0x2966, 0x8C71, 0x7BEF, 0x83EF, 0x7BEF, 0x8C50, 0x4A49, 0x9450, 0xC5F6, 0xCE16, 0xAD13, 0x10C3,
  0x630B, 0x39C7, 0x0883, 0x2145, 0x4229, 0x31A6, 0x2165, 0x18C3, 0x1904, 0x2145, 0x18E3, 0x39E7,
  0x83EF, 0x8C2F, 0x83EF, 0x840F, 0x8C0F, 0x840F, 0x7BCE, 0x840F, 0x8C30, 0x8C30, 0x8C0F, 0x83EF,
  0x7BCE, 0x7BCE, 0x840F, 0x9470, 0x9CB1, 0xAD13, 0xAD13, 0xAD13, 0xAD33, 0xAD33, 0xAD33, 0xA4F2,
  0x9CB1, 0x9470, 0x8C0F, 0x83EF, 0x83EF, 0x83EF, 0x8C30, 0x8C50, 0x8C50, 0x83EF, 0x7BCE, 0x840F,
  0x8C2F, 0x8C2F, 0x8C30, 0x8C50, 0x8C30, 0x5289, 0x2965, 0x3A08, 0x2145, 0x2125, 0x4A49, 0x5ACB,
  0x7BEF, 0x4A49, 0x10E5, 0x736D, 0x9450, 0x2124, 0xC5D6, 0xCE17, 0xCE37, 0xAD13, 0x52AA, 0x8430,
  0x7BCF, 0x7BEF, 0x840F, 0x7BCE, 0x10A3, 0x18E4, 0x630B, 0xB553, 0xBD95, 0x6B2C, 0x1082, 0x0020,
  0x0021, 0x0020, 0x0020, 0x0020, 0x0020, 0x0020, 0x0020, 0x0020, 0x0021, 0x0020, 0x0020, 0x0021,
  0x0021, 0x0020, 0x0020, 0x0020, 0x0021, 0x0020, 0x0021, 0x0020, 0x0021, 0x0021, 0x0020, 0x0020,
  0x0020, 0x0020, 0x0020, 0x0020, 0x0020, 0x0020, 0x0020, 0x0020, 0x0021, 0x0020, 0x0020, 0x0020,
  0x0020, 0x0020, 0x0020, 0x0020, 0x0020, 0x0020, 0x0020, 0x0020, 0x0020, 0x0020, 0x0020, 0x0020,
  0x0020, 0x0020, 0x0020, 0x0020, 0x0020, 0x0020, 0x0020, 0x0020, 0x0041, 0x0000, 0x4A48, 0xDE78,
  0xDE78, 0xD657, 0xE6B9, 0x9C91, 0x2124, 0x73AE, 0x8C50, 0x7BCF, 0x83EF, 0x8430, 0x736D, 0x630B,
  0xCE37, 0xC5B5, 0xC5D6, 0x3185, 0x5ACA, 0x39E7, 0x2104, 0x4208, 0x2966, 0x2966, 0x2145, 0x18E3,
  0x2104, 0x31A6, 0x6B2C, 0x8C30, 0x840F, 0x840F, 0x8C30, 0x8C30, 0x8C30, 0x8C30, 0x8C30, 0x83EF,
  0x840F, 0x83EF, 0x83EF, 0x9470, 0xAD13, 0xB574, 0xB574, 0xAD13, 0x9CB2, 0x9491, 0x8C50, 0x840F,
  0x83EF, 0x840F, 0x8C30, 0x9471, 0xA4F2, 0xAD33, 0xBD74, 0xBD74, 0xAD33, 0x9471, 0x83EF, 0x7BCE,
  0x83EF, 0x83EE, 0x8C2F, 0x8C30, 0x8C2F, 0x8C30, 0x8C30, 0x8C30, 0x840F, 0x8C50, 0x7BCE, 0x5269,
  0x3186, 0x2965, 0x4208, 0x4249, 0x4A69, 0x7BCE, 0x39C7, 0x736D, 0x8C30, 0x4228, 0xDE78, 0xCDF6,
  0xDE78, 0x736D, 0x738D, 0x83EF, 0x7BCF, 0x7BCF, 0x8C50, 0x52AA, 0x10A2, 0x83EF, 0xE6B9, 0xD657,
  0xD658, 0xC5F6, 0x4228, 0x0000, 0x0041, 0x0020, 0x0020, 0x0020, 0x0020, 0x0020, 0x0021, 0x0020,
  0x0020, 0x0020, 0x0020, 0x0021, 0x0020, 0x0020, 0x0020, 0x0020, 0x0020, 0x0021, 0x0020, 0x0020,
  0x0021, 0x0021, 0x0020, 0x0020, 0x0021, 0x0020, 0x0020, 0x0020, 0x0020, 0x0020, 0x0020, 0x0021,
  0x0020, 0x0020, 0x0020, 0x0020, 0x0020, 0x0020, 0x0020, 0x0020, 0x0020, 0x0020, 0x0020, 0x0020,
  0x0020, 0x0020, 0x0020, 0x0020, 0x0020, 0x0020, 0x0020, 0x0020, 0x0020, 0x0020, 0x0020, 0x0041,
  0x0841, 0x0000, 0x39A6, 0x8C2F, 0xBDB5, 0xDE98, 0xE6B9, 0xB554, 0x2945, 0x4249, 0x8C30, 0x83EF,
  0x840F, 0x83EF, 0x8C50, 0x5289, 0xA4D2, 0xCDF6, 0xD637, 0x6B0B, 0x4228, 0x4208, 0x3186, 0x2966,
  0x2966, 0x1904, 0x2124, 0x4A69, 0x52AA, 0x7BAE, 0x8C30, 0x840F, 0x8C0F, 0x8C30, 0x8C30, 0x8C30,
  0x8C30, 0x8C30, 0x8C50, 0x7BCE, 0x7BCE, 0xA4D2, 0xBDB5, 0xBD95, 0xA4D2, 0x840F, 0x736D, 0x6B2C,
  0x632C, 0x632C, 0x6B4D, 0x6B4D, 0x5ACB, 0x630C, 0x632C, 0x632C, 0x632C, 0x632C, 0x6B6D, 0x840F,
  0xA4F2, 0xBDB5, 0xBD95, 0x9CB1, 0x7BAE, 0x83EF, 0x8C50, 0x8C50, 0x8C30, 0x8C50, 0x8C50, 0x8C30,
  0x8C30, 0x8C30, 0x8C50, 0x8C30, 0x8C30, 0x7BAE, 0x39C6, 0x3A08, 0x4249, 0x4A8A, 0x5ACB, 0x738D,
  0x736D, 0x7BCE, 0xDE78, 0xD637, 0xAD33, 0x528A, 0x8C50, 0x7BCE, 0x7BCF, 0x840F, 0x7BCF, 0x2965,
  0x18E3, 0xA4F2, 0xDEB9, 0xDE98, 0xBD95, 0x736D, 0x2965, 0x0000, 0x0041, 0x0021, 0x0020, 0x0020,
  0x0020, 0x0020, 0x0020, 0x0020, 0x0021, 0x0020, 0x0020, 0x0020, 0x0020, 0x0020, 0x0020, 0x0020,
  0x0020, 0x0020, 0x0021, 0x0020, 0x0020, 0x0020, 0x0020, 0x0020, 0x0020, 0x0020, 0x0020, 0x0020,
  0x0020, 0x0020, 0x0020, 0x0020, 0x0020, 0x0020, 0x0020, 0x0020, 0x0020, 0x0020, 0x0020, 0x0020,
  0x0020, 0x0020, 0x0020, 0x0020, 0x0020, 0x0020, 0x0020, 0x0020, 0x0020, 0x0020, 0x0020, 0x0020,
  0x0020, 0x0041, 0x0021, 0x0000, 0x0000, 0x39A6, 0xA4D2, 0xDE78, 0xE6D9, 0xC5F6, 0x8C30, 0x62EB,
  0x2104, 0x31A7, 0x630C, 0x9491, 0x7BEF, 0x840F, 0x840F, 0x7BAE, 0x5289, 0xC5D6, 0xCDF6, 0xBD95,
  0x31A6, 0x1904, 0x1904, 0x2966, 0x18E4, 0x3186, 0x52AA, 0x52AA, 0x7BAE, 0x8C30, 0x8C0F, 0x8C2F,
  0x8C30, 0x8C50, 0x8C30, 0x8C30, 0x8C50, 0x8C0F, 0x7BAE, 0x9CB1, 0xBDB5, 0xBD95, 0x9471, 0x738D,
  0x632C, 0x6B4D, 0x6B4D, 0x6B6D, 0x738E, 0x738E, 0x738D, 0x738D, 0x632C, 0x736D, 0x736D, 0x6B6D,
  0x736D, 0x6B6D, 0x6B6D, 0x6B4D, 0x632C, 0x736D, 0x9491, 0xBDB5, 0xBD95, 0x9491, 0x7BCE, 0x8C30,
  0x8C50, 0x8C30, 0x8C50, 0x8C50, 0x8C50, 0x8C30, 0x8C30, 0x8C30, 0x8C2F, 0x8C50, 0x8C30, 0x4A28,
  0x31C7, 0x4A69, 0x3186, 0x31A6, 0x5289, 0xCE17, 0xCE17, 0xD657, 0x5AAA, 0x7BAE, 0x7BEF, 0x7BEF,
  0x7BCF, 0x8C50, 0x4A49, 0x1904, 0x2104, 0x7B8D, 0xA4D2, 0xC5F7, 0xE6DA, 0xDE78, 0x9C91, 0x31A6,
  0x0000, 0x0000, 0x0021, 0x0041, 0x0020, 0x0020, 0x0020, 0x0020, 0x0020, 0x0020, 0x0020, 0x0021,
  0x0021, 0x0020, 0x0021, 0x0020, 0x0020, 0x0020, 0x0021, 0x0020, 0x0020, 0x0020, 0x0021, 0x0020,
  0x0020, 0x0021, 0x0020, 0x0020, 0x0020, 0x0020, 0x0020, 0x0021, 0x0020, 0x0020, 0x0020, 0x0020,
  0x0020, 0x0020, 0x0020, 0x0020, 0x0020, 0x0020, 0x0020, 0x0020, 0x0021, 0x0021, 0x0020, 0x0020,
  0x0020, 0x0020, 0x0020, 0x0041, 0x0021, 0x0000, 0x0000, 0x39C6, 0x9C91, 0xE6B9, 0xEF1A, 0xCE17,
  0x8C50, 0x630B, 0x630C, 0x630B, 0x1082, 0x3186, 0x4228, 0x7BEF, 0x8C50, 0x7BCF, 0x7BEF, 0x8C30,
  0x6B4D, 0x6B2C, 0xD637, 0xD637, 0x736D, 0x0000, 0x2145, 0x1904, 0x3186, 0x52AA, 0x52AA, 0x6B4D,
  0x8C30, 0x8C30, 0x8C30, 0x8C30, 0x8C30, 0x8C30, 0x8C50, 0x8C50, 0x8C30, 0x7BCE, 0xAD13, 0xC5D6,
  0xAD13, 0x738E, 0x632C, 0x6B6D, 0x738E, 0x738E, 0x738D, 0x6B6D, 0x738D, 0x738E, 0x738E, 0x6B6D,
  0x630C, 0x738E, 0x736D, 0x6B6D, 0x6B6D, 0x6B6D, 0x6B6D, 0x736D, 0x736D, 0x6B6D, 0x6B4D, 0x73AE,
  0xAD33, 0xC5D5, 0xA4F2, 0x7BCE, 0x8C50, 0x8C50, 0x8C30, 0x8C50, 0x8C30, 0x8C30, 0x8C50, 0x8C50,
  0x8C30, 0x8C2F, 0x8C30, 0x8C30, 0x4A69, 0x31A7, 0x3A08, 0x0882, 0x9450, 0xD658, 0xDE78, 0x736D,
  0x632C, 0x8410, 0x7BCE, 0x7BCE, 0x8C30, 0x6B2C, 0x2125, 0x18C3, 0x18C3, 0x7BCE, 0x9C91, 0x8C30,
  0xA4F2, 0xCE37, 0xEEFA, 0xDE98, 0x9C91, 0x39C6, 0x0000, 0x0000, 0x0021, 0x0021, 0x0020, 0x0020,
  0x0020, 0x0020, 0x0020, 0x0020, 0x0021, 0x0020, 0x0020, 0x0020, 0x0020, 0x0020, 0x0020, 0x0020,
  0x0021, 0x0020, 0x0020, 0x0020, 0x0021, 0x0020, 0x0020, 0x0020, 0x0020, 0x0020, 0x0020, 0x0021,
  0x0020, 0x0020, 0x0020, 0x0020, 0x0020, 0x0020, 0x0020, 0x0020, 0x0020, 0x0020, 0x0021, 0x0021,
  0x0000, 0x0020, 0x0021, 0x0020, 0x0020, 0x0041, 0x0021, 0x0000, 0x0000, 0x39C7, 0x9CB1, 0xE6B9,
  0xEF1A, 0xCE37, 0x9471, 0x632C, 0x632C, 0x6B4C, 0x4A49, 0x2945, 0x0882, 0x2104, 0x4228, 0x4228,
  0x8C30, 0x8430, 0x7BEF, 0x7BEF, 0x8C50, 0x5ACA, 0x734C, 0xD637, 0xCE37, 0x4207, 0x0861, 0x39C7,
  0x52AB, 0x52AA, 0x630B, 0x8C30, 0x8C30, 0x8C30, 0x8C50, 0x8C50, 0x8C50, 0x8C50, 0x9450, 0x8C30,
  0x7BCE, 0xB554, 0xC5D5, 0x9CB1, 0x632C, 0x6B6D, 0x73AE, 0x738E, 0x738E, 0x738E, 0x738E, 0x738E,
  0x6B6D, 0x632C, 0x632C, 0x6B4D, 0x630C, 0x630C, 0x630C, 0x632C, 0x6B6D, 0x738E, 0x6B6D, 0x6B6D,
  0x738D, 0x738E, 0x738E, 0x6B4D, 0x6B4C, 0xA4F2, 0xC5D5, 0xAD13, 0x7BCE, 0x8C50, 0x8C50, 0x8C50,
  0x8C50, 0x8C50, 0x8C50, 0x8C50, 0x8C50, 0x8C30, 0x8C2F, 0x840F, 0x8C30, 0x5289, 0x10C3, 0x5ACA,
  0xDE98, 0xDE78, 0x7BAD, 0x5ACA, 0x8C30, 0x7BCF, 0x7BCE, 0x8410, 0x7BCE, 0x2966, 0x2145, 0x0882,
  0x0882, 0x3186, 0x736D, 0x9C91, 0x9470, 0x8C50, 0xAD13, 0xD658, 0xEEFA, 0xDE98, 0x9CB1, 0x39C6,
  0x0000, 0x0000, 0x0021, 0x0041, 0x0020, 0x0020, 0x0041, 0x0020, 0x0000, 0x0020, 0x0021, 0x0020,
  0x0020, 0x0020, 0x0020, 0x0020, 0x0021, 0x0020, 0x0020, 0x0020, 0x0020, 0x0020, 0x0020, 0x0020,
  0x0020, 0x0020, 0x0020, 0x0020, 0x0020, 0x0020, 0x0020, 0x0020, 0x0020, 0x0020, 0x0020, 0x0020,
  0x0021, 0x0021, 0x0000, 0x0000, 0x2104, 0x0841, 0x0000, 0x0021, 0x0021, 0x0000, 0x0000, 0x39C7,
  0x9CB1, 0xDE98, 0xEEFA, 0xD658, 0x9491, 0x632C, 0x630B, 0x6B4C, 0x5289, 0x2965, 0x2145, 0x2987,
  0x18E3, 0x10C3, 0x2986, 0x3A08, 0x4249, 0x9471, 0x8430, 0x7BEF, 0x7BEF, 0x8C30, 0x5ACA, 0x6B4C,
  0xD637, 0xCE17, 0x3186, 0x39C7, 0x5AEB, 0x52AA, 0x738D, 0x8C30, 0x8C30, 0x8C30, 0x8C30, 0x8C50,
  0x8C50, 0x8C50, 0x9470, 0x7BCE, 0xA4F2, 0xC5F6, 0xAD13, 0x632C, 0x6B6D, 0x738E, 0x738E, 0x738E,
  0x738E, 0x738E, 0x738E, 0x6B4D, 0x6B6D, 0x840F, 0x9470, 0x9CB2, 0x9CB2, 0x9491, 0x9470, 0x840F,
  0x6B4D, 0x632C, 0x738E, 0x738E, 0x738E, 0x738E, 0x6B6D, 0x738E, 0x6B6D, 0x6B4D, 0xB533, 0xC5D5,
  0x9491, 0x83EE, 0x9470, 0x8C30, 0x8C50, 0x9450, 0x8C50, 0x8C50, 0x8C30, 0x8C30, 0x8C30, 0x840F,
  0x9470, 0x630B, 0x41E7, 0xDE78, 0xDE78, 0x738D, 0x52AA, 0x8430, 0x7BCE, 0x7BCF, 0x840F, 0x83EF,
  0x2966, 0x2145, 0x18E4, 0x0862, 0x10C3, 0x2986, 0x31C7, 0x4A28, 0x7B8D, 0x9C91, 0x9470, 0x8C50,
  0xAD33, 0xD658, 0xEEFA, 0xDE98, 0x9CB1, 0x39C6, 0x0000, 0x0000, 0x0021, 0x0021, 0x0000, 0x0020,
  0x2103, 0x0000, 0x0000, 0x0020, 0x0021, 0x0020, 0x0020, 0x0020, 0x0020, 0x0020, 0x0021, 0x0020,
  0x0020, 0x0021, 0x0020, 0x0020, 0x0020, 0x0020, 0x0020, 0x0020, 0x0020, 0x0020, 0x0020, 0x0020,
  0x0020, 0x0020, 0x0021, 0x0041, 0x0000, 0x0000, 0x2124, 0x630C, 0x8430, 0x6B6D, 0x3186, 0x0000,
  0x0000, 0x4A48, 0xA4D2, 0xDE78, 0xEEFA, 0xD678, 0x9CB2, 0x6B2C, 0x630B, 0x6B4C, 0x528A, 0x3186,
  0x2145, 0x29A7, 0x31C7, 0x31A7, 0x10C3, 0x2125, 0x10C3, 0x39E8, 0x3A08, 0x4A69, 0x8C50, 0x8C30,
  0x7BCF, 0x7BEF, 0x8C71, 0x630B, 0x5AAA, 0xC5D6, 0xCE37, 0x39E7, 0x31C7, 0x632C, 0x840F, 0x840F,
  0x8C0F, 0x8C30, 0x8C30, 0x8C50, 0x8C50, 0x9471, 0x8C50, 0x8C2F, 0xBDB5, 0xBDB5, 0x7BCE, 0x6B6D,
  0x738E, 0x738E, 0x738E, 0x738E, 0x738E, 0x73AE, 0x632C, 0x83EF, 0xA4F2, 0xAD13, 0xA4F3, 0xA4D2,
  0xA4D2, 0xA4F2, 0xA4F3, 0xAD13, 0xA4F2, 0x7BCE, 0x632C, 0x738E, 0x738E, 0x738D, 0x738D, 0x738E,
  0x73AE, 0x6B4D, 0x8C10, 0xBD95, 0xB554, 0x83EF, 0x8C50, 0x8C50, 0x8C50, 0x8C30, 0x8C50, 0x8C50,
  0x8C30, 0x8C30, 0x8C30, 0x9491, 0x5ACA, 0x5269, 0xDE99, 0xCE16, 0x62CA, 0x5AEB, 0x8C30, 0x7BCF,
  0x7BCE, 0x8430, 0x840F, 0x31A6, 0x2125, 0x2125, 0x0882, 0x10A3, 0x10A2, 0x29A7, 0x4A6A, 0x4249,
  0x31C7, 0x4A28, 0x7BAE, 0x9C91, 0x9450, 0x9450, 0xB554, 0xD678, 0xEEFA, 0xDE98, 0x9C91, 0x4207,
  0x0020, 0x0000, 0x2945, 0x632C, 0x840F, 0x630C, 0x2944, 0x0000, 0x0000, 0x0021, 0x0021, 0x0020,
  0x0020, 0x0021, 0x0021, 0x0020, 0x0020, 0x0021, 0x0021, 0x0020, 0x0020, 0x0020, 0x0020, 0x0020,
  0x0020, 0x0020, 0x0020, 0x0021, 0x0020, 0x0021, 0x0000, 0x0000, 0x2104, 0x5AEB, 0x8410, 0x8410,
  0x7BCF, 0x83EF, 0x8430, 0x630B, 0x3165, 0x8C30, 0xEEFA, 0xDE99, 0x9CD2, 0x6B4D, 0x5AEB, 0x6B2C,
  0x5AAA, 0x3186, 0x2125, 0x2986, 0x31C8, 0x31A7, 0x2986, 0x29A7, 0x10A3, 0x2125, 0x2145, 0x18E3,
  0x4A49, 0x3A08, 0x4229, 0x8430, 0x9471, 0x7BEF, 0x7BEF, 0x8C50, 0x738D, 0x4A49, 0x9C91, 0xD657,
  0x5289, 0x39C7, 0x83EF, 0x83CE, 0x7BAE, 0x83EF, 0x8C30, 0x840F, 0x83EF, 0x840F, 0x738D, 0x9C91,
  0xC5D5, 0xAD13, 0x632C, 0x738E, 0x738E, 0x738E, 0x738E, 0x738D, 0x738E, 0x6B6D, 0x73AE, 0xAD13,
  0xA4F2, 0xA4D2, 0xA4D2, 0xA4D2, 0xA4D2, 0xA4D2, 0xA4F2, 0xA4D2, 0xA4F2, 0xAD33, 0x738E, 0x6B4D,
  0x736D, 0x736D, 0x738D, 0x738E, 0x738E, 0x6B6D, 0x6B6D, 0xB554, 0xBDB5, 0x8C30, 0x738D, 0x83EF,
  0x83EF, 0x840F, 0x8C30, 0x83EF, 0x7BAE, 0x8C2F, 0x7BCE, 0x4A28, 0x736D, 0xDE99, 0xA4D2, 0x5269,
  0x6B4D, 0x8C50, 0x7BCF, 0x7BCF, 0x8C50, 0x7BCE, 0x2986, 0x2125, 0x2145, 0x0882, 0x18E3, 0x10C3,
  0x10A3, 0x2986, 0x4228, 0x4249, 0x4A6A, 0x4228, 0x31A6, 0x4A48, 0x83CE, 0x9C91, 0x9450, 0x9471,
  0xAD54, 0xD658, 0xEF1A, 0x9470, 0x2965, 0x5ACB, 0x8410, 0x7BEF, 0x73AE, 0x7BEF, 0x83EF, 0x62EB,
  0x2124, 0x0000, 0x0000, 0x0021, 0x0020, 0x0020, 0x0020, 0x0020, 0x0020, 0x0020, 0x0020, 0x0020,
  0x0020, 0x0020, 0x0020, 0x0020, 0x0020, 0x0020, 0x0020, 0x0020, 0x0021, 0x0020, 0x18A2, 0x6B2C,
  0x8410, 0x840F, 0x7BCF, 0x7BEF, 0x7BEF, 0x7BEF, 0x7BCF, 0x7BEF, 0x83EF, 0x52AA, 0x528A, 0x738D,
  0x5AEB, 0x632C, 0x5ACA, 0x31A6, 0x2125, 0x2986, 0x31C7, 0x29A7, 0x2987, 0x29A7, 0x29A7, 0x2987,
  0x1082, 0x1904, 0x39E8, 0x1904, 0x1904, 0x4249, 0x39E8, 0x3A08, 0x7BAE, 0x9471, 0x840F, 0x7BCF,
  0x8410, 0x840F, 0x528A, 0x630B, 0xBDB5, 0x8C50, 0x4228, 0x738D, 0x9491, 0x736C, 0x4A28, 0x5ACA,
  0x8C50, 0x9C91, 0x83EF, 0x9CD2, 0xC5B5, 0xA4F3, 0x5AEB, 0x6B4C, 0x6B4D, 0x6B4D, 0x6B4D, 0x632C,
  0x6B2C, 0x630C, 0x840F, 0xAD13, 0xA4D2, 0xA4D2, 0xA4D2, 0xA4F2, 0xA4F2, 0xA4D2, 0xA4D2, 0xA4F2,
  0xA4D2, 0xAD33, 0x840F, 0x5AEC, 0x632C, 0x632C, 0x632C, 0x6B4D, 0x6B4C, 0x632C, 0x6B4D, 0xB554,
  0xBD95, 0x8C2F, 0x83EF, 0x9491, 0x7BCE, 0x5269, 0x5269, 0x83EF, 0x9491, 0x6B4C, 0x4A28, 0x9C91,
  0xCE17, 0x6B4C, 0x4A69, 0x7BEF, 0x8410, 0x7BCF, 0x83EF, 0x8C50, 0x6B4C, 0x2145, 0x2125, 0x2966,
  0x1082, 0x10A3, 0x1904, 0x10A3, 0x10A2, 0x2986, 0x4229, 0x4249, 0x4229, 0x4249, 0x4A6A, 0x4228,
  0x31A6, 0x5269, 0x83EF, 0x9C91, 0x8C30, 0x9471, 0x630B, 0x528A, 0x7BEF, 0x83EF, 0x7BAE, 0x7BAE,
  0x7BCE, 0x7BAE, 0x73AE, 0x7BCF, 0x83EF, 0x632C, 0x10A2, 0x0020, 0x0021, 0x0020, 0x0020, 0x0020,
  0x0020, 0x0020, 0x0020, 0x0020, 0x0020, 0x0020, 0x0020, 0x0020, 0x0020, 0x0021, 0x0020, 0x0020,
  0x0041, 0x0000, 0x3186, 0x9CB2, 0x9CB2, 0x8430, 0x7BCF, 0x7BEF, 0x83EF, 0x7BCF, 0x7BCE, 0x8430,
  0x8C30, 0x632C, 0x10A3, 0x5269, 0x630C, 0x39A6, 0x2124, 0x2986, 0x31C7, 0x29A7, 0x2986, 0x29A7,
  0x29A7, 0x2986, 0x2966, 0x2986, 0x0882, 0x18E4, 0x39E7, 0x31A7, 0x10C3, 0x2104, 0x4249, 0x3A08,
  0x39E7, 0x630C, 0x9471, 0x8C50, 0x7BCF, 0x7BEF, 0x8C50, 0x6B2C, 0x4A49, 0x83EE, 0xAD12, 0x5AAA,
  0x39E7, 0x4208, 0x5AEB, 0x4A69, 0x39C7, 0x5AAA, 0x7BAE, 0x9C91, 0xBDB5, 0xB554, 0x6B6D, 0x73AE,
  0x738E, 0x738E, 0x73AE, 0x73AE, 0x738E, 0x738E, 0x6B6D, 0xA4D2, 0xA4F3, 0xA4D2, 0xA4D2, 0xA4F2,
  0xA4D2, 0xA4F2, 0xA4F2, 0xA4F2, 0xAD13, 0x9CB2, 0x632C, 0x6B6D, 0x738E, 0x6B6D, 0x6B6D, 0x738E,
  0x738E, 0x738E, 0x73AE, 0xB574, 0xBD95, 0x9450, 0x7B8D, 0x5289, 0x39C6, 0x52AA, 0x5AAA, 0x41E7,
  0x41E7, 0x630B, 0xBD94, 0x83CE, 0x4A48, 0x6B4D, 0x8430, 0x7BCF, 0x7BCE, 0x8C50, 0x8C50, 0x4A8A,
  0x2125, 0x2145, 0x2965, 0x10A2, 0x0882, 0x1904, 0x1904, 0x1082, 0x1082, 0x2986, 0x3A08, 0x4228,
  0x4249, 0x4249, 0x4229, 0x4249, 0x4A69, 0x3A08, 0x31A6, 0x5269, 0x8C50, 0x83CE, 0x2924, 0x8430,
  0x9491, 0x83EF, 0x73AE, 0x7BCF, 0x7BCF, 0x7BCE, 0x73AE, 0x83EF, 0x8430, 0x736D, 0x1904, 0x0000,
  0x0021, 0x0020, 0x0020, 0x0020, 0x0020, 0x0021, 0x0020, 0x0020, 0x0020, 0x0020, 0x0020, 0x0020,
  0x0020, 0x0020, 0x0020, 0x0020, 0x0021, 0x0000, 0x2124, 0x52AA, 0x630C, 0x9471, 0x9CD2, 0x8C30,
  0x7BCF, 0x8C30, 0x8C50, 0x6B6D, 0x31A7, 0x2125, 0x1904, 0x3165, 0x2124, 0x2966, 0x31C7, 0x31A7,
  0x2986, 0x2986, 0x2987, 0x2986, 0x2986, 0x2966, 0x2166, 0x18E3, 0x10A3, 0x18C3, 0x31A6, 0x3186,
  0x31A7, 0x1904, 0x18E3, 0x4228, 0x4229, 0x39E7, 0x4A69, 0x7BCF, 0x9491, 0x8430, 0x7BCE, 0x840F,
  0x8C51, 0x52AA, 0x31A6, 0x5289, 0x5AEB, 0x8430, 0x840F, 0x8C30, 0x73AE, 0x5ACA, 0x39A6, 0x736D,
  0xC5D6, 0xBD94, 0x7BAE, 0x6B4D, 0x738E, 0x738E, 0x73AE, 0x73AE, 0x738E, 0x73AE, 0x6B6D, 0x736D,
  0x9471, 0xA4F2, 0xAD13, 0xAD13, 0xAD13, 0xAD13, 0xAD13, 0xA513, 0x9471, 0x6B4D, 0x6B4D, 0x738E,
  0x738E, 0x736D, 0x738D, 0x738E, 0x73AE, 0x632C, 0x8C2F, 0xBD94, 0xBD95, 0x5AAA, 0x4207, 0x5AEB,
  0x7BEF, 0x8410, 0x840F, 0x7BEF, 0x5289, 0x5269, 0x39C7, 0x630C, 0x8430, 0x83EF, 0x73AE, 0x840F,
  0x8C50, 0x738D, 0x31A6, 0x1904, 0x2965, 0x2145, 0x1082, 0x10A3, 0x1904, 0x1904, 0x18E3, 0x0882,
  0x1082, 0x18E4, 0x4229, 0x4229, 0x4228, 0x4229, 0x4229, 0x4229, 0x4228, 0x4249, 0x4A6A, 0x39E8,
  0x31A6, 0x4A28, 0x3186, 0x4228, 0x528A, 0x8430, 0x9491, 0x83EF, 0x7BCE, 0x8410, 0x8C50, 0x6B6D,
  0x39E8, 0x2145, 0x10A2, 0x0000, 0x0021, 0x0020, 0x0020, 0x0020, 0x0020, 0x0020, 0x0021, 0x0020,
  0x0020, 0x0020, 0x0020, 0x0021, 0x0020, 0x0020, 0x0020, 0x0020, 0x0021, 0x0000, 0x2124, 0x5ACB,
  0x528A, 0x528A, 0x6B6D, 0x9471, 0x9CB2, 0x73AE, 0x3A08, 0x2145, 0x2165, 0x2145, 0x0861, 0x2125,
  0x31C8, 0x31C7, 0x2987, 0x2987, 0x29A7, 0x2986, 0x2966, 0x2986, 0x2966, 0x18E4, 0x10C3, 0x2125,
  0x4229, 0x3A08, 0x2104, 0x31A7, 0x31A7, 0x4208, 0x2124, 0x10C3, 0x39E7, 0x4249, 0x3A08, 0x39E7,
  0x5ACB, 0x840F, 0x9491, 0x8410, 0x52AA, 0x4228, 0x630B, 0x7BEF, 0x8410, 0x7BCF, 0x7BCF, 0x7BCE,
  0x8C30, 0x9491, 0x3A08, 0x4207, 0xB574, 0xBD94, 0xACF2, 0x632C, 0x738E, 0x73AE, 0x738E, 0x738E,
  0x738E, 0x738E, 0x73AE, 0x738E, 0x6B4D, 0x738D, 0x83EF, 0x8C2F, 0x8C30, 0x8C30, 0x7BCF, 0x736D,
  0x6B4D, 0x738E, 0x738E, 0x738E, 0x738E, 0x738E, 0x738E, 0x73AE, 0x6B6D, 0x6B6D, 0xB553, 0xBD95,
  0xA4F2, 0x2965, 0x738E, 0x9CD2, 0x7BCF, 0x73AE, 0x7BCF, 0x7BCF, 0x8430, 0x738E, 0x5289, 0x4A49,
  0x630B, 0x840F, 0x9471, 0x7BAE, 0x4249, 0x2125, 0x2125, 0x2966, 0x2104, 0x0862, 0x10C3, 0x2125,
  0x18E4, 0x1904, 0x1082, 0x2125, 0x2125, 0x18E4, 0x18E4, 0x3186, 0x4229, 0x4229, 0x4228, 0x4229,
  0x4229, 0x4229, 0x4249, 0x4249, 0x4A8A, 0x3186, 0x10A2, 0x4228, 0x4228, 0x4208, 0x630C, 0x9471,
  0x9491, 0x7BAE, 0x4249, 0x2145, 0x2145, 0x2986, 0x10A3, 0x0000, 0x0021, 0x0020, 0x0020, 0x0020,
  0x0020, 0x0020, 0x0020, 0x0020, 0x0020, 0x0020, 0x0020, 0x0020, 0x0020, 0x0020, 0x0020, 0x0020,
  0x0021, 0x0000, 0x2124, 0x630C, 0x52CB, 0x52AA, 0x4A8A, 0x52AA, 0x630C, 0x2125, 0x2145, 0x2145,
  0x10A3, 0x2125, 0x31A6, 0x18C3, 0x1905, 0x31C7, 0x31C7, 0x29A7, 0x2986, 0x2966, 0x2966, 0x1904,
  0x10A3, 0x2145, 0x4229, 0x52AA, 0x528A, 0x52AA, 0x3186, 0x2104, 0x31C7, 0x39E8, 0x3A08, 0x2965,
  0x10A2, 0x2965, 0x4229, 0x4228, 0x3A08, 0x39E8, 0x4A49, 0x4A48, 0x5AAA, 0x8410, 0x8430, 0x7BCF,
  0x7BCF, 0x7BCF, 0x83EF, 0x8C51, 0x6B6D, 0x31A7, 0x10C3, 0x5289, 0x9471, 0xB574, 0xC5B5, 0xA4D2,
  0x632C, 0x738E, 0x73AE, 0x738E, 0x738E, 0x738E, 0x738E, 0x738E, 0x73AE, 0x738E, 0x6B6D, 0x6B4D,
  0x5AEB, 0x6B4D, 0x6B6D, 0x6B6D, 0x738E, 0x738E, 0x738E, 0x738E, 0x738E, 0x73AE, 0x73AE, 0x6B4D,
  0x6B6D, 0xAD13, 0xBDB5, 0xA4F2, 0x83EF, 0x41E7, 0x31C7, 0x5AEB, 0x8C71, 0x8C50, 0x7BCF, 0x7BCE,
  0x7BCE, 0x7BCF, 0x8410, 0x7BCE, 0x4A28, 0x4228, 0x4A49, 0x2145, 0x2145, 0x2966, 0x2966, 0x18E3,
  0x0861, 0x18E3, 0x2125, 0x2125, 0x1904, 0x1082, 0x1904, 0x2986, 0x39E7, 0x4A69, 0x39E8, 0x2125,
  0x2104, 0x31A7, 0x4229, 0x4229, 0x4228, 0x4228, 0x4249, 0x4A69, 0x31A6, 0x2124, 0x39E7, 0x39C7,
  0x2945, 0x4208, 0x39E7, 0x4A8A, 0x5AEB, 0x2145, 0x2145, 0x2966, 0x2986, 0x31A7, 0x10A2, 0x0000,
  0x0021, 0x0020, 0x0020, 0x0020, 0x0020, 0x0020, 0x0020, 0x0020, 0x0020, 0x0020, 0x0020, 0x0020,
  0x0020, 0x0020, 0x0020, 0x0021, 0x0020, 0x0020, 0x0020, 0x2945, 0x4A8A, 0x5AEB, 0x52AA, 0x52CB,
  0x4A69, 0x2145, 0x2966, 0x18E3, 0x5AEB, 0x8410, 0x7BEF, 0x6B6D, 0x39C7, 0x10C3, 0x2125, 0x31A7,
  0x2986, 0x18E4, 0x10A3, 0x2125, 0x4208, 0x52AA, 0x528A, 0x4A8A, 0x528A, 0x4A8A, 0x528A, 0x2945,
  0x2945, 0x4208, 0x39E7, 0x3A08, 0x3186, 0x10C3, 0x18E3, 0x39C7, 0x31A6, 0x2124, 0x4A69, 0x7BEF,
  0x8C30, 0x7BEF, 0x7BCF, 0x7BCF, 0x7BCF, 0x8C30, 0x8410, 0x4A69, 0x2145, 0x31A7, 0x18E4, 0x5289,
  0x9450, 0x840F, 0xB574, 0xC5D5, 0xAD13, 0x738D, 0x6B4D, 0x738E, 0x73AE, 0x73AE, 0x738E, 0x738E,
  0x738E, 0x738E, 0x738E, 0x73AE, 0x632C, 0x738E, 0x738E, 0x738E, 0x738E, 0x738E, 0x738E, 0x73AE,
  0x73AE, 0x6B6D, 0x632C, 0x7BCE, 0xB554, 0xBDB5, 0xAD13, 0x7BCE, 0x9491, 0x39C7, 0x39E7, 0x4A49,
  0x4A69, 0x7BCE, 0x9491, 0x7BEF, 0x73AE, 0x7BCF, 0x73AE, 0x7BCF, 0x8430, 0x736D, 0x39C6, 0x10C3,
  0x2125, 0x2124, 0x1082, 0x1082, 0x1904, 0x2125, 0x2124, 0x2145, 0x10A3, 0x10C3, 0x31A7, 0x4229,
  0x4249, 0x4249, 0x4A69, 0x4A6A, 0x39E8, 0x2124, 0x2104, 0x31A6, 0x4229, 0x4249, 0x31C7, 0x2104,
  0x39A6, 0x6B4D, 0x7BEF, 0x83EF, 0x736D, 0x2945, 0x3A08, 0x4A69, 0x4208, 0x2965, 0x2986, 0x2986,
  0x2145, 0x10A3, 0x0020, 0x0020, 0x0020, 0x0020, 0x0020, 0x0020, 0x0020, 0x0020, 0x0020, 0x0021,
  0x0020, 0x0020, 0x0020, 0x0021, 0x0020, 0x0020, 0x0021, 0x0020, 0x0020, 0x0021, 0x0000, 0x0020,
  0x2124, 0x3186, 0x528A, 0x5ACB, 0x4A6A, 0x2966, 0x2145, 0x1904, 0x632C, 0x8C50, 0x8C50, 0x8410,
  0x840F, 0x6B2C, 0x3186, 0x10C3, 0x10A2, 0x2945, 0x4228, 0x52AA, 0x52AA, 0x4A8A, 0x4A8A, 0x528A,
  0x52AA, 0x4A8A, 0x4A8A, 0x52AA, 0x2965, 0x2945, 0x3A08, 0x39E8, 0x39E8, 0x39E8, 0x10A3, 0x0861,
  0x4228, 0x7BCE, 0x9471, 0x840F, 0x7BEF, 0x83EF, 0x7BEF, 0x840F, 0x8C51, 0x6B6D, 0x31A7, 0x2966,
  0x31A6, 0x2145, 0x18C3, 0x5AAA, 0x9C91, 0x8C0F, 0x8C0F, 0xAD13, 0xC5D6, 0xBD95, 0x9450, 0x6B4D,
  0x632C, 0x6B6D, 0x738E, 0x73AE, 0x73AE, 0x73AE, 0x738E, 0x738D, 0x632C, 0x73AE, 0x738E, 0x73AE,
  0x73AE, 0x73AE, 0x738E, 0x6B6D, 0x6B4D, 0x738D, 0x9C91, 0xBDB5, 0xBDB5, 0xA4D2, 0x83EF, 0x8C50,
  0x9CB1, 0x4208, 0x2945, 0x4208, 0x4A69, 0x4228, 0x630B, 0x8C50, 0x8C50, 0x7BCF, 0x7BCF, 0x7BCF,
  0x7BCF, 0x7BEF, 0x8C50, 0x738D, 0x3186, 0x0000, 0x10A3, 0x2125, 0x2125, 0x2124, 0x2125, 0x10A3,
  0x18C3, 0x39E8, 0x4249, 0x4A49, 0x4249, 0x4249, 0x4249, 0x4249, 0x4249, 0x4A6A, 0x39E8, 0x2945,
  0x2104, 0x2125, 0x2965, 0x630B, 0x7BEF, 0x7BEF, 0x8C50, 0x7BCE, 0x4A6A, 0x2104, 0x4228, 0x4A69,
  0x4228, 0x2986, 0x2966, 0x18C3, 0x18C3, 0x0041, 0x0000, 0x0021, 0x0020, 0x0020, 0x0020, 0x0020,
  0x0020, 0x0020, 0x0020, 0x0020, 0x0020, 0x0020, 0x0020, 0x0020, 0x0020, 0x0020, 0x0020, 0x0020,
  0x0020, 0x0021, 0x0000, 0x10A2, 0x5AEB, 0x31C7, 0x2124, 0x39C7, 0x52AA, 0x2145, 0x0882, 0x18E3,
  0x4229, 0x4229, 0x632C, 0x8C30, 0x8C50, 0x840F, 0x840F, 0x630B, 0x2944, 0x2986, 0x528A, 0x5ACB,
  0x52AA, 0x528A, 0x528A, 0x52AA, 0x52AA, 0x528A, 0x4A8A, 0x4A8A, 0x52AA, 0x2986, 0x2125, 0x3A08,
  0x4208, 0x2986, 0x39E7, 0x7BCE, 0x8C50, 0x8430, 0x83EF, 0x83EF, 0x7BEF, 0x7BEF, 0x8C50, 0x8C30,
  0x528A, 0x2966, 0x31A7, 0x2986, 0x18E4, 0x5289, 0x5AAA, 0x5ACB, 0x9491, 0x9471, 0x8C30, 0x7BAE,
  0x9450, 0xB554, 0xCDF6, 0xBDB5, 0x9CB1, 0x7BCE, 0x6B6D, 0x6B4D, 0x6B4D, 0x6B4C, 0x6B4D, 0x6B6D,
  0x5AEB, 0x6B6D, 0x6B4D, 0x632C, 0x632C, 0x6B4C, 0x736D, 0x83EF, 0xA4D2, 0xBD95, 0xC5B5, 0xA4F2,
  0x8C2F, 0x7BAE, 0x9470, 0x9471, 0x9471, 0x52A9, 0xA4D2, 0x5AAA, 0x2986, 0x4A6A, 0x4249, 0x4A69,
  0x7BCE, 0x9471, 0x840F, 0x7BCF, 0x7BEF, 0x7BCF, 0x73AE, 0x8410, 0x840F, 0x6B2C, 0x2965, 0x18E4,
  0x2145, 0x2125, 0x1082, 0x18E4, 0x4228, 0x4A69, 0x4249, 0x4A49, 0x4249, 0x4249, 0x4A49, 0x4249,
  0x4249, 0x4A8A, 0x4A8A, 0x2966, 0x2104, 0x5AAA, 0x7BEF, 0x7BEF, 0x8C30, 0x840F, 0x52AA, 0x2145,
  0x2125, 0x18E4, 0x2104, 0x4228, 0x4229, 0x18E3, 0x10C3, 0x2124, 0x31C7, 0x1082, 0x0000, 0x0021,
  0x0020, 0x0020, 0x0020, 0x0020, 0x0020, 0x0020, 0x0020, 0x0020, 0x0020, 0x0020, 0x0020, 0x0020,
  0x0020, 0x0020, 0x0020, 0x0020, 0x0020, 0x0021, 0x0000, 0x18C3, 0x8C30, 0x73AE, 0x52AA, 0x31A6,
  0x2965, 0x10C3, 0x1904, 0x18E3, 0x4249, 0x4A8A, 0x4228, 0x4249, 0x6B4D, 0x9471, 0x8C50, 0x840F,
  0x840F, 0x52AA, 0x2124, 0x31A6, 0x52AA, 0x5ACB, 0x52AA, 0x52AA, 0x52AA, 0x52AA, 0x528A, 0x528A,
  0x4A8A, 0x52AA, 0x31C7, 0x2104, 0x3A08, 0x2104, 0x840F, 0xAD33, 0x8C50, 0x8410, 0x840F, 0x7BEF,
  0x840F, 0x8C50, 0x6B4D, 0x31A6, 0x2966, 0x31C7, 0x2125, 0x2965, 0x630B, 0x8C2F, 0x5289, 0x5ACA,
  0x9491, 0x83EF, 0x840F, 0x8C50, 0x8C30, 0x840F, 0x8C50, 0xA4F2, 0xBD94, 0xBDB5, 0xB574, 0xAD13,
  0x9C91, 0x8C30, 0x83EF, 0x83EF, 0x7BCE, 0x83EF, 0x840F, 0x8C30, 0x9CB1, 0xAD33, 0xBD74, 0xBD95,
  0xB554, 0x9CB2, 0x8C30, 0x83CE, 0x8C30, 0x8C30, 0x83EF, 0x8C30, 0x9491, 0x5289, 0xAD13, 0xC5B5,
  0x7BAE, 0x31A6, 0x4228, 0x4A6A, 0x4228, 0x5AEB, 0x8C50, 0x8C50, 0x7BCF, 0x7BCF, 0x7BCF, 0x7BCF,
  0x840F, 0x9CD2, 0x5AAA, 0x10A2, 0x2145, 0x1082, 0x2945, 0x4249, 0x4A69, 0x4249, 0x4A49, 0x4A49,
  0x4A49, 0x4249, 0x4A49, 0x4A6A, 0x4A6A, 0x31A6, 0x2124, 0x4A49, 0x7BCE, 0x7BEF, 0x8430, 0x8C50,
  0x630C, 0x2986, 0x2125, 0x2966, 0x2966, 0x10A2, 0x18E3, 0x2124, 0x2124, 0x18C3, 0x2986, 0x4208,
  0x4A6A, 0x1082, 0x0000, 0x0021, 0x0020, 0x0020, 0x0021, 0x0020, 0x0020, 0x0021, 0x0020, 0x0020,
  0x0020, 0x0020, 0x0020, 0x0020, 0x0020, 0x0021, 0x0020, 0x0020, 0x0020, 0x0021, 0x0000, 0x18C3,
  0x8C30, 0x8C30, 0x840F, 0x73AE, 0x52AA, 0x31A7, 0x3A08, 0x2104, 0x2945, 0x31C7, 0x4A6A, 0x4A69,
  0x4228, 0x4A69, 0x738E, 0x9471, 0x8C50, 0x840F, 0x7BCE, 0x4A49, 0x2124, 0x39E7, 0x5ACB, 0x5ACB,
  0x52AA, 0x52AA, 0x528A, 0x528A, 0x4A8A, 0x4A8A, 0x52AB, 0x4228, 0x2124, 0x18C3, 0x4A69, 0x630C,
  0x9471, 0xA4F3, 0x8C51, 0x8C71, 0x83EF, 0x4A49, 0x2145, 0x3186, 0x31C7, 0x2145, 0x41E7, 0x7BAE,
  0x7BCE, 0x7BCE, 0x52AA, 0x5AAA, 0x8C30, 0x8C30, 0x9470, 0x9450, 0x9471, 0x9471, 0x8C30, 0x83EF,
  0x83EF, 0x8C30, 0x9CB1, 0xA4F2, 0xAD33, 0xB574, 0xBD94, 0xBD94, 0xBD95, 0xB574, 0xB554, 0xB554,
  0xAD33, 0xA4F2, 0x9491, 0x840F, 0x83EE, 0x83EF, 0x8C30, 0x9470, 0x9450, 0x9450, 0x9470, 0x840F,
  0x83EF, 0x4A69, 0xA4D1, 0xB574, 0xC5D6, 0xA4B1, 0x4208, 0x39E8, 0x4A8A, 0x4229, 0x4A49, 0x7BAE,
  0x9471, 0x83EF, 0x8C30, 0x9471, 0x736D, 0x39E7, 0x1904, 0x0861, 0x10C3, 0x31C7, 0x4A6A, 0x4249,
  0x4249, 0x4249, 0x4A69, 0x4A49, 0x4249, 0x4A6A, 0x4A8A, 0x39C7, 0x2104, 0x39E7, 0x738D, 0x840F,
  0x840F, 0x8C50, 0x6B6D, 0x31C7, 0x1904, 0x2965, 0x2986, 0x2124, 0x18C3, 0x18C3, 0x4208, 0x3A08,
  0x39E8, 0x3A08, 0x4249, 0x4A69, 0x4A8A, 0x10A2, 0x0000, 0x0021, 0x0020, 0x0020, 0x0020, 0x0020,
  0x0020, 0x0020, 0x0020, 0x0020, 0x0020, 0x0020, 0x0020, 0x0020, 0x0020, 0x0020, 0x0020, 0x0021,
  0x0020, 0x0021, 0x0000, 0x18C3, 0x8C30, 0x8430, 0x8C30, 0x8C50, 0x83EF, 0x4249, 0x4249, 0x31A6,
  0x8C0F, 0x5AAA, 0x2965, 0x39E7, 0x4A8A, 0x4A69, 0x4228, 0x52AA, 0x7BEF, 0x9471, 0x8430, 0x8410,
  0x73AE, 0x4207, 0x2124, 0x4208, 0x5AEB, 0x5ACB, 0x528A, 0x528A, 0x528A, 0x528A, 0x4A8A, 0x528A,
  0x4A6A, 0x2104, 0x4A69, 0x52AA, 0x52AA, 0x6B6D, 0x9CB2, 0x736D, 0x2986, 0x2145, 0x31C7, 0x2965,
  0x0861, 0x4A48, 0x8C30, 0x7BCE, 0x7BCE, 0x840F, 0x5ACB, 0x5ACA, 0x9CD2, 0x9491, 0x9491, 0x9491,
  0x9491, 0x9491, 0x9C91, 0x9CB1, 0x9C91, 0x9C91, 0x9450, 0x8C30, 0x8C30, 0x8C30, 0x8C50, 0x8C30,
  0x7BCE, 0x8C0F, 0x8C2F, 0x8C30, 0x8C30, 0x8C2F, 0x8C30, 0x9491, 0x9C91, 0x9C91, 0x9491, 0x9471,
  0x9491, 0x9491, 0x9471, 0x9491, 0x9CB2, 0x5289, 0xACF2, 0xBD95, 0xB574, 0xC5F6, 0xC5D5, 0x39E7,
  0x1904, 0x4249, 0x4A6A, 0x4228, 0x5AEB, 0x9471, 0x7BCE, 0x39E8, 0x2966, 0x2986, 0x2125, 0x18E3,
  0x4229, 0x4A69, 0x4249, 0x4A49, 0x4A49, 0x4249, 0x4A49, 0x4A69, 0x4A8A, 0x3A08, 0x2124, 0x3186,
  0x632C, 0x83EF, 0x7BEF, 0x8C50, 0x7BCE, 0x4228, 0x2125, 0x2145, 0x2986, 0x2125, 0x18C3, 0x3186,
  0x5AEB, 0x31A6, 0x4A6A, 0x52AA, 0x52AA, 0x4A69, 0x4A8A, 0x4A69, 0x4A8A, 0x1082, 0x0000, 0x0021,
  0x0020, 0x0020, 0x0020, 0x0020, 0x0020, 0x0021, 0x0020, 0x0020, 0x0020, 0x0020, 0x0020, 0x0020,
  0x0020, 0x0020, 0x0020, 0x0020, 0x0020, 0x0021, 0x0000, 0x18C3, 0x8C30, 0x8C30, 0x8C30, 0x8C30,
  0x8430, 0x4A69, 0x4228, 0x39C7, 0xB554, 0xC5F6, 0x8C50, 0x4A28, 0x2945, 0x3A08, 0x528A, 0x4A49,
  0x4228, 0x5ACB, 0x840F, 0x9471, 0x8C30, 0x8410, 0x6B4C, 0x39C6, 0x2945, 0x4229, 0x5AEB, 0x52AB,
  0x528A, 0x528A, 0x4A8A, 0x4A8A, 0x528A, 0x2945, 0x4A6A, 0x5AEB, 0x5ACB, 0x4A8A, 0x52CB, 0x31A6,
  0x2986, 0x31A6, 0x10A3, 0x4A28, 0xA4D2, 0x6B2B, 0x4228, 0x62EB, 0x62EB, 0x6B2C, 0x41E7, 0x4228,
  0x7BCE, 0x736D, 0x738D, 0x738D, 0x738D, 0x738D, 0x7BAD, 0x7BAE, 0x7BAE, 0x5289, 0x4A69, 0x5289,
  0x528A, 0x5289, 0x5269, 0x5269, 0x3A08, 0x4A69, 0x5289, 0x5289, 0x5269, 0x4A69, 0x5269, 0x5AAA,
  0x7BAE, 0x738D, 0x736D, 0x738D, 0x738D, 0x7BAD, 0x738D, 0x738D, 0x7BCE, 0x39C6, 0x8C0F, 0x9CB1,
  0x9CB1, 0x8C2F, 0x5ACA, 0x8C30, 0xAD13, 0x4208, 0x3186, 0x528A, 0x4228, 0x52AA, 0x31A7, 0x2145,
  0x3186, 0x31C7, 0x2124, 0x2145, 0x4A8A, 0x4249, 0x4249, 0x4A69, 0x4A49, 0x4A69, 0x528A, 0x4249,
  0x2945, 0x2945, 0x5AEB, 0x7BEF, 0x7BEF, 0x8C30, 0x840F, 0x528A, 0x2145, 0x2145, 0x2986, 0x2145,
  0x10C3, 0x2124, 0x528A, 0x738D, 0x7BAE, 0x39E7, 0x4A69, 0x5AEB, 0x5AEB, 0x4249, 0x4A69, 0x4A69,
  0x4A8A, 0x10A2, 0x0000, 0x0021, 0x0020, 0x0021, 0x0020, 0x0020, 0x0021, 0x0020, 0x0020, 0x0020,
  0x0020, 0x0020, 0x0020, 0x0020, 0x0020, 0x0020, 0x0020, 0x0020, 0x0020, 0x0021, 0x0000, 0x18C3,
  0x8C30, 0x8C30, 0x8C30, 0x8C30, 0x8430, 0x4A49, 0x4229, 0x39C7, 0xB554, 0xDE78, 0xD637, 0xBDB5,
  0x83EF, 0x39E7, 0x2965, 0x4229, 0x4A8A, 0x4228, 0x4228, 0x630C, 0x8C30, 0x8C50, 0x8410, 0x8410,
  0x630C, 0x3165, 0x2965, 0x4A6A, 0x5ACB, 0x528A, 0x4A8A, 0x4A6A, 0x528A, 0x2966, 0x3186, 0x528A,
  0x5AEB, 0x52AA, 0x5AEB, 0x31C7, 0x2986, 0x2145, 0x7BAD, 0xD616, 0xE6B9, 0xE6B9, 0xAD13, 0x736D,
  0x736D, 0x736D, 0x6B2C, 0x6B4C, 0x736D, 0x734C, 0x736D, 0x736D, 0x736C, 0x736C, 0x736C, 0x7BAE,
  0x5269, 0x3A2A, 0x534F, 0x530E, 0x534F, 0x532F, 0x532E, 0x532E, 0x534F, 0x532E, 0x532F, 0x532E,
  0x532E, 0x532E, 0x5B70, 0x31E8, 0x5289, 0x738D, 0x736C, 0x736D, 0x736D, 0x736D, 0x736C, 0x736C,
  0x734C, 0x6B2C, 0x738D, 0x738D, 0x736D, 0x7BAE, 0xC5B5, 0xE6B9, 0xDE98, 0xD657, 0x7BAE, 0x31A6,
  0x4A49, 0x528A, 0x31C7, 0x3186, 0x31A6, 0x2966, 0x10C3, 0x2986, 0x4A6A, 0x4A49, 0x4A49, 0x4A49,
  0x4A8A, 0x4A6A, 0x2986, 0x2124, 0x5269, 0x7BCF, 0x7BEF, 0x840F, 0x8C30, 0x5AEB, 0x2966, 0x2125,
  0x2966, 0x2966, 0x18E4, 0x1904, 0x4228, 0x6B4C, 0x7BAE, 0x7BCE, 0x7BAE, 0x39E7, 0x4A8A, 0x5AEB,
  0x5AEB, 0x4A49, 0x4A69, 0x4A69, 0x4A8A, 0x10A2, 0x0000, 0x0021, 0x0020, 0x0021, 0x0020, 0x0020,
  0x0021, 0x0021, 0x0020, 0x0020, 0x0020, 0x0020, 0x0020, 0x0020, 0x0020, 0x0020, 0x0020, 0x0020,
  0x0020, 0x0021, 0x0000, 0x18C3, 0x8C30, 0x8430, 0x8430, 0x8C50, 0x8C30, 0x4A49, 0x4A49, 0x31A6,
  0x7BCE, 0xC5D5, 0xD657, 0xD657, 0xD637, 0xBD74, 0x738D, 0x31A6, 0x2986, 0x4A49, 0x4A8A, 0x4228,
  0x4249, 0x6B4D, 0x8C50, 0x8C50, 0x8430, 0x840F, 0x5AAA, 0x2945, 0x2986, 0x528A, 0x52CB, 0x4A8A,
  0x4A8A, 0x4A69, 0x2945, 0x4A48, 0x31C7, 0x52AA, 0x630C, 0x39E7, 0x1924, 0x4207, 0xD678, 0xEF1B,
  0xDE98, 0xD657, 0xE6B9, 0xE6D9, 0xE6D9, 0xE6B9, 0xE6B9, 0xE6D9, 0xE6B9, 0xE6D9, 0xE6D9, 0xE6D9,
  0xE6D9, 0xE6D9, 0xE6B9, 0xF73B, 0x9C91, 0x42AC, 0x6C12, 0x63D1, 0x63D1, 0x63D1, 0x63D1, 0x63D1,
  0x63D1, 0x63D1, 0x63D1, 0x63D1, 0x63D1, 0x63D1, 0x7433, 0x3A4A, 0xA4B1, 0xEF1A, 0xE6B9, 0xE6D9,
  0xE6D9, 0xE6B9, 0xE6D9, 0xE6B9, 0xE6B9, 0xE6D9, 0xE6B9, 0xE6B9, 0xE6B9, 0xE6B9, 0xDE78, 0xD637,
  0xE6B9, 0xE6FA, 0xB595, 0x2965, 0x4229, 0x52AA, 0x39E8, 0x2966, 0x18E4, 0x3165, 0x2104, 0x4A69,
  0x4A49, 0x4A49, 0x4A8A, 0x4A8A, 0x31A7, 0x2104, 0x4207, 0x738E, 0x7BEF, 0x83EF, 0x8C30, 0x6B4C,
  0x31A7, 0x2125, 0x2966, 0x2986, 0x1904, 0x18C3, 0x39C7, 0x6B2C, 0x7BCE, 0x7BCE, 0x83EE, 0x7BAE,
  0x5AAA, 0x31A6, 0x528A, 0x5ACB, 0x5AEB, 0x4A69, 0x4A6A, 0x4A6A, 0x528A, 0x10A2, 0x0000, 0x0021,
  0x0020, 0x0020, 0x0021, 0x0020, 0x0021, 0x0021, 0x0020, 0x0020, 0x0020, 0x0020, 0x0020, 0x0020,
  0x0020, 0x0020, 0x0020, 0x0020, 0x0020, 0x0021, 0x0000, 0x18C3, 0x8C30, 0x8430, 0x8430, 0x8C30,
  0x8430, 0x4A49, 0x4249, 0x39E7, 0x9CB1, 0x9CB1, 0xA4D2, 0xCDF6, 0xD658, 0xD637, 0xCE17, 0xAD13,
  0x62EB, 0x2965, 0x31A6, 0x4A69, 0x4A69, 0x4208, 0x4A69, 0x738E, 0x9471, 0x8430, 0x8410, 0x7BCF,
  0x4A49, 0x2124, 0x31C7, 0x52AB, 0x52AB, 0x4229, 0x4A48, 0xD658, 0x8C0F, 0x4208, 0x4208, 0x2124,
  0x18C3, 0x4208, 0x840F, 0xA4F3, 0xD699, 0xEF1A, 0xDE98, 0xDE99, 0xDE99, 0xDE99, 0xDEB9, 0xDEB9,
  0xE6B9, 0xE6B9, 0xDEB9, 0xDEB9, 0xE6B9, 0xE6B9, 0xDE98, 0xEEFA, 0x8C30, 0x530E, 0x7453, 0x6C12,
  0x6BF2, 0x6C12, 0x6C12, 0x6BF2, 0x6C12, 0x6C12, 0x6C12, 0x6BF2, 0x6C12, 0x6BF1, 0x7453, 0x3A6B,
  0x8C2F, 0xEEFA, 0xDE98, 0xDE99, 0xE6B9, 0xE6B9, 0xE6B9, 0xDEB9, 0xDE99, 0xDEB9, 0xDEB9, 0xDE99,
  0xDEB9, 0xDE98, 0xE6B9, 0xE6FA, 0xBDB6, 0x7BCE, 0x62EB, 0x2965, 0x2945, 0x4208, 0x2125, 0x2945,
  0x6B2C, 0x9470, 0x3186, 0x4249, 0x4A6A, 0x528A, 0x39E8, 0x2104, 0x39A6, 0x6B6D, 0x83EF, 0x7BEF,
  0x8C50, 0x738E, 0x39E8, 0x2124, 0x2145, 0x2986, 0x2125, 0x18C3, 0x3186, 0x5AEB, 0x7BAE, 0x7BCE,
  0x83CE, 0x7BCE, 0x6B2C, 0x5AAA, 0x632C, 0x4208, 0x4A8A, 0x5AEB, 0x5AEC, 0x4A69, 0x4A8A, 0x4A6A,
  0x4A8A, 0x1082, 0x0000, 0x0021, 0x0020, 0x0021, 0x0021, 0x0021, 0x0020, 0x0021, 0x0020, 0x0020,
  0x0020, 0x0020, 0x0020, 0x0020, 0x0020, 0x0020, 0x0020, 0x0020, 0x0020, 0x0021, 0x0000, 0x18C3,
  0x8430, 0x8410, 0x8430, 0x8C30, 0x8430, 0x4A69, 0x4249, 0x39C7, 0xAD13, 0xDE78, 0xBDB5, 0x9CB2,
  0xAD33, 0xCE17, 0xD657, 0xD637, 0xCE16, 0x9CB1, 0x5289, 0x2965, 0x39E7, 0x528A, 0x4A69, 0x4228,
  0x52AA, 0x7BCE, 0x8C50, 0x8430, 0x8430, 0x73AE, 0x41E7, 0x2104, 0x39E8, 0x4A8A, 0x4A28, 0xD637,
  0xDE98, 0xCDF6, 0x7BCE, 0x4228, 0x4A69, 0x4A49, 0x9C91, 0x83EF, 0x83EF, 0xAD34, 0xD678, 0xCE38,
  0xCE37, 0xCE37, 0xCE38, 0xCE38, 0xCE58, 0xCE58, 0xCE58, 0xCE58, 0xCE58, 0xD658, 0xCE37, 0xD699,
  0x840F, 0x322A, 0x42CD, 0x428C, 0x428C, 0x428C, 0x428C, 0x428C, 0x428C, 0x428C, 0x42AC, 0x42AC,
  0x428C, 0x3A8C, 0x4AEE, 0x21A8, 0x840F, 0xD699, 0xCE37, 0xCE37, 0xCE58, 0xCE58, 0xCE58, 0xCE58,
  0xCE58, 0xCE58, 0xD658, 0xD658, 0xCE58, 0xD658, 0xC5F6, 0x840F, 0x630B, 0x6B4C, 0x6B6D, 0x41E7,
  0x83CE, 0x62EB, 0x62EB, 0x8C30, 0x9CB2, 0x8C2F, 0x2965, 0x4A6A, 0x4249, 0x2945, 0x2965, 0x630C,
  0x7BEF, 0x7BEF, 0x8C50, 0x83EF, 0x4A69, 0x2145, 0x2145, 0x2986, 0x2145, 0x18E3, 0x2124, 0x5289,
  0x7BAE, 0x7BCE, 0x7BCE, 0x83EE, 0x736D, 0x5ACB, 0x6B4C, 0x83CE, 0x83EF, 0x39E7, 0x4A69, 0x5AEB,
  0x5AEB, 0x4A69, 0x4A8A, 0x4A69, 0x4A8A, 0x10A2, 0x0000, 0x0021, 0x0020, 0x0020, 0x0020, 0x0021,
  0x0020, 0x0021, 0x0020, 0x0020, 0x0020, 0x0020, 0x0020, 0x0020, 0x0020, 0x0020, 0x0020, 0x0020,
  0x0020, 0x0021, 0x0000, 0x18C3, 0x8430, 0x8410, 0x8430, 0x8C30, 0x8430, 0x4A49, 0x4229, 0x39C7,
  0xAD13, 0xD657, 0xD657, 0xDE78, 0x9CB1, 0x9470, 0xB533, 0xD637, 0xD657, 0xD637, 0xC5D6, 0x8C30,
  0x4228, 0x2965, 0x4228, 0x52AA, 0x4A49, 0x4228, 0x5ACB, 0x83EF, 0x8C50, 0x8410, 0x840F, 0x6B4C,
  0x39C6, 0x18E4, 0x39C7, 0xD657, 0xCE17, 0xD637, 0xD658, 0x738D, 0x5AEB, 0x2965, 0x5AAA, 0x83EF,
  0x8C50, 0x9450, 0xA4F2, 0x9470, 0x9470, 0x9471, 0x9491, 0x9C91, 0x9C91, 0x9C91, 0x9C91, 0x9C91,
  0x9C91, 0x9C91, 0x9471, 0xA4D2, 0x6B2C, 0x1946, 0x29A8, 0x21A8, 0x29A8, 0x29A8, 0x2188, 0x21A8,
  0x2187, 0x2187, 0x29A8, 0x29A8, 0x29A8, 0x29A8, 0x29C8, 0x1105, 0x5AEB, 0x9CD2, 0x9470, 0x9470,
  0x9491, 0x9491, 0x9491, 0x9491, 0x9491, 0x9471, 0x9471, 0x9491, 0x9C91, 0x9CB1, 0x8C30, 0x632C,
  0x738D, 0x630B, 0x39C7, 0x39C6, 0x9CB1, 0xBD95, 0xA4D2, 0x8C50, 0x9470, 0x8C50, 0x2124, 0x2104,
  0x18C3, 0x4249, 0x8410, 0x7BEF, 0x8410, 0x8430, 0x5ACB, 0x2966, 0x2145, 0x2986, 0x2986, 0x18E4,
  0x1904, 0x4A28, 0x736D, 0x7BCE, 0x7BCE, 0x83EF, 0x738D, 0x5ACA, 0x5289, 0x7BAE, 0x83EF, 0x83EF,
  0x7BCE, 0x39E7, 0x4A6A, 0x5AEB, 0x5AEB, 0x4A69, 0x4A8A, 0x4A69, 0x528A, 0x10A2, 0x0000, 0x0021,
  0x0020, 0x0020, 0x0021, 0x0021, 0x0020, 0x0021, 0x0020, 0x0020, 0x0020, 0x0020, 0x0020, 0x0020,
  0x0020, 0x0020, 0x0020, 0x0020, 0x0020, 0x0021, 0x0000, 0x18C3, 0x8C30, 0x8430, 0x8C30, 0x8C50,
  0x8C30, 0x4A49, 0x4229, 0x39C7, 0xAD33, 0xD657, 0xCE37, 0xD637, 0xAD33, 0xCDF6, 0xAD33, 0x9CB1,
  0xBD74, 0xD657, 0xD657, 0xD637, 0xBDB5, 0x7BAE, 0x39C6, 0x2986, 0x4249, 0x528A, 0x4A49, 0x4249,
  0x630B, 0x840F, 0x8C30, 0x8410, 0x8430, 0x5AAA, 0x4207, 0xD637, 0xCE37, 0xD637, 0xCE16, 0x736D,
  0x630B, 0x39C7, 0x4A48, 0x41E7, 0x5AAA, 0x8C50, 0xAD13, 0x9C91, 0x9CD2, 0x9CD2, 0xA4D2, 0x9CD2,
  0xA4D2, 0xA4D2, 0xA4D2, 0xA4D2, 0xA4D2, 0xA4D2, 0xA4D2, 0xAD13, 0x8C2F, 0x41E7, 0x632B, 0x630B,
  0x5AEB, 0x630B, 0x6B2C, 0x6B4C, 0x736D, 0x6B4C, 0x630B, 0x62EB, 0x630B, 0x630B, 0x5ACA, 0x2945,
  0x736D, 0x9CB1, 0x9CB1, 0x9CB2, 0x9CD2, 0x9CB2, 0x9CD2, 0xA4D2, 0x9CD2, 0x9CD2, 0x9CD2, 0xA4D2,
  0xA4D2, 0xA4F2, 0x9CB2, 0x5ACB, 0x39E7, 0x39E7, 0x4208, 0x4A28, 0x9CB1, 0xAD33, 0x9CB1, 0x8C50,
  0x9491, 0x9450, 0x18C3, 0x2124, 0x4A69, 0x4A69, 0x6B6D, 0x9471, 0x6B4D, 0x31A7, 0x2125, 0x2986,
  0x2986, 0x2125, 0x18E3, 0x39C7, 0x6B2C, 0x7BCE, 0x7BCE, 0x83EF, 0x7BCE, 0x630B, 0x5ACB, 0x736D,
  0x6B4C, 0x83EF, 0x83EF, 0x83EF, 0x7BCE, 0x39E7, 0x4A6A, 0x5ACB, 0x5AEB, 0x4A69, 0x4A8A, 0x4A6A,
  0x528A, 0x10A2, 0x0000, 0x0021, 0x0020, 0x0020, 0x0021, 0x0020, 0x0021, 0x0021, 0x0020, 0x0020,
  0x0020, 0x0020, 0x0020, 0x0020, 0x0020, 0x0020, 0x0020, 0x0020, 0x0020, 0x0021, 0x0000, 0x18C3,
  0x8C30, 0x8C30, 0x8C30, 0x8C50, 0x8430, 0x4249, 0x4229, 0x39C7, 0xAD13, 0xD657, 0xD637, 0xD657,
  0xA4F2, 0xCE16, 0xDE78, 0xCDF6, 0xA4F2, 0xA4F2, 0xC5D5, 0xD657, 0xD637, 0xCE17, 0xB554, 0x6B4C,
  0x3185, 0x31A6, 0x4A69, 0x4A8A, 0x4228, 0x4249, 0x632C, 0x8C50, 0x8C30, 0x7BCF, 0x52AA, 0xCE16,
  0xD637, 0xD637, 0xCE17, 0x738D, 0x5AEB, 0x41E7, 0x83EF, 0x7BCE, 0x5ACB, 0x4A28, 0x5289, 0x5AAA,
  0x5ACA, 0x5ACA, 0x5ACA, 0x5AAA, 0x5ACA, 0x5289, 0x5ACA, 0x5ACB, 0x5ACA, 0x5ACA, 0x5ACB, 0x5ACA,
  0x39E7, 0x7B8D, 0xB574, 0xAD13, 0xAD13, 0x9C91, 0x9471, 0x7BCE, 0x736D, 0x840F, 0x9470, 0xA4F2,
  0xB554, 0xACF2, 0xA4F3, 0x39E7, 0x39C7, 0x5269, 0x5AAA, 0x5AAA, 0x5AAA, 0x5AAA, 0x5ACB, 0x528A,
  0x52AA, 0x5AAA, 0x5ACA, 0x5AAA, 0x5AAA, 0x5ACA, 0x5269, 0x39E7, 0x4A69, 0x632C, 0x6B4C, 0x5289,
  0x9CB1, 0xB554, 0x9CD2, 0x9450, 0x9491, 0x8C50, 0x2145, 0x3A08, 0x528A, 0x52AA, 0x4A69, 0x39E8,
  0x2145, 0x2966, 0x31A6, 0x2145, 0x18E3, 0x3165, 0x5AEB, 0x7BAE, 0x7BCE, 0x83EF, 0x7BCE, 0x6B4C,
  0x5ACB, 0x6B4C, 0x83EE, 0x8C30, 0x738D, 0x840F, 0x83EF, 0x83EF, 0x7BCE, 0x39E7, 0x4A6A, 0x5ACB,
  0x5AEB, 0x4A69, 0x4A6A, 0x4A69, 0x528A, 0x10A2, 0x0000, 0x0021, 0x0020, 0x0020, 0x0020, 0x0020,
  0x0021, 0x0021, 0x0020, 0x0020, 0x0020, 0x0020, 0x0020, 0x0020, 0x0020, 0x0020, 0x0020, 0x0020,
  0x0020, 0x0021, 0x0000, 0x18C3, 0x8C30, 0x8430, 0x8C30, 0x8C30, 0x8430, 0x4A49, 0x4229, 0x31C6,
  0xAD33, 0xD658, 0xCE37, 0xD657, 0xAD13, 0xCE16, 0xD637, 0xD637, 0xDE78, 0xC5D6, 0xA4D2, 0xA4F2,
  0xC5F6, 0xD657, 0xD637, 0xCE16, 0xA4F2, 0x5AAA, 0x2965, 0x31A7, 0x4A8A, 0x4A8A, 0x4228, 0x4A49,
  0x6B4D, 0x840F, 0x5AAA, 0xD637, 0xD637, 0xD637, 0xCE17, 0x736D, 0x5AEB, 0x39E7, 0x9450, 0xAD13,
  0x9470, 0x738D, 0x7BAE, 0x83EF, 0x7BCE, 0x7BCE, 0x7BCE, 0x7BCE, 0x7BAE, 0x5AEB, 0x83EF, 0x7BCE,
  0x83EF, 0x7BCE, 0x83EE, 0x5AEB, 0x4A48, 0x840F, 0xCE37, 0xAD33, 0x7B8D, 0x83EF, 0x8C2F, 0xAD13,
  0x9450, 0x5ACB, 0x630B, 0x630B, 0x738D, 0xBD94, 0xB574, 0x41E7, 0x4A48, 0x5AEB, 0x7BCE, 0x7BAE,
  0x7BCE, 0x7BCE, 0x7BEF, 0x5ACB, 0x7BCE, 0x7BCE, 0x7BCE, 0x7BCE, 0x7BCE, 0x7BAE, 0x5ACA, 0x630C,
  0x738E, 0x7BCE, 0x736D, 0x528A, 0x9C91, 0xB554, 0x9CD2, 0x9450, 0x9491, 0x8C30, 0x2945, 0x3A08,
  0x4A69, 0x39E8, 0x2965, 0x2145, 0x2986, 0x2966, 0x18E3, 0x2124, 0x528A, 0x738E, 0x7BCE, 0x83EF,
  0x83EF, 0x736D, 0x5ACB, 0x630C, 0x83CE, 0x8C30, 0x8C2F, 0x840F, 0x736D, 0x8C0F, 0x83EF, 0x83EF,
  0x7BCE, 0x41E7, 0x4A6A, 0x5ACB, 0x5AEB, 0x4A69, 0x4A8A, 0x4A6A, 0x528A, 0x10A2, 0x0000, 0x0021,
  0x0020, 0x0021, 0x0020, 0x0020, 0x0020, 0x0021, 0x0020, 0x0020, 0x0020, 0x0020, 0x0020, 0x0020,
  0x0020, 0x0020, 0x0020, 0x0020, 0x0020, 0x0021, 0x0000, 0x18C2, 0x8C30, 0x8C30, 0x8C30, 0x8C30,
  0x840F, 0x4A49, 0x4228, 0x31A6, 0xAD33, 0xD658, 0xD637, 0xD657, 0xAD33, 0xCE16, 0xD637, 0xD637,
  0xD637, 0xD657, 0xDE78, 0xBD95, 0x9CB2, 0xAD33, 0xCE37, 0xD657, 0xD637, 0xC5D6, 0x9470, 0x4A49,
  0x2965, 0x3A08, 0x4A8A, 0x4A49, 0x4228, 0x4A8A, 0x4A49, 0xD637, 0xD637, 0xD637, 0xCE17, 0x736D,
  0x5AEB, 0x4207, 0x9450, 0xAD13, 0xAD12, 0xA4F2, 0xB575, 0xB574, 0xB554, 0xB554, 0xB554, 0xB554,
  0xA4F2, 0x8C2F, 0xB574, 0xB533, 0xB554, 0xAD33, 0xB574, 0x7BAE, 0x528A, 0x83EF, 0xD637, 0x9450,
  0x9470, 0xD658, 0xBDB5, 0xBD95, 0x8C71, 0x840F, 0x9471, 0x8C30, 0x4207, 0xA4F2, 0xB574, 0x4207,
  0x52AA, 0x8C0F, 0xB554, 0xAD33, 0xAD33, 0xB554, 0xAD13, 0x83EF, 0xB554, 0xB533, 0xB553, 0xB554,
  0xB554, 0xB553, 0x83EF, 0x736D, 0x7BCE, 0x7BCE, 0x6B4C, 0x5289, 0x9C91, 0xB554, 0x9CB2, 0x9450,
  0x9471, 0x8C30, 0x2965, 0x31C7, 0x2145, 0x2145, 0x2986, 0x2986, 0x18E4, 0x18E3, 0x4228, 0x736D,
  0x7BCE, 0x83EE, 0x83EF, 0x7BAE, 0x5AEB, 0x5ACB, 0x738E, 0x8C0F, 0x8C2F, 0x8C2F, 0x8C30, 0x83EF,
  0x6B6D, 0x8C2F, 0x840F, 0x840F, 0x83EE, 0x41E7, 0x4A6A, 0x5AEB, 0x5AEB, 0x4A69, 0x4A8A, 0x4A6A,
  0x528A, 0x10A2, 0x0000, 0x0021, 0x0020, 0x0020, 0x0020, 0x0020, 0x0020, 0x0020, 0x0020, 0x0020,
  0x0020, 0x0020, 0x0020, 0x0020, 0x0021, 0x0020, 0x0020, 0x0020, 0x0020, 0x0021, 0x0000, 0x18C2,
  0x8C30, 0x8C30, 0x8430, 0x8C30, 0x8C30, 0x4A49, 0x4229, 0x39C7, 0xAD33, 0xD657, 0xCE37, 0xD637,
  0xAD13, 0xCE16, 0xD657, 0xD637, 0xD637, 0xD637, 0xD637, 0xD658, 0xD658, 0xB554, 0x9C91, 0xBD94,
  0xD657, 0xD657, 0xD637, 0xC5B5, 0x83EE, 0x39E7, 0x2945, 0x4228, 0x52AA, 0x3A08, 0x4208, 0xD637,
  0xD637, 0xD637, 0xCE17, 0x736D, 0x5AEB, 0x4208, 0x9470, 0xAD12, 0xA4F2, 0xAD13, 0xC5D6, 0xC5B5,
  0xC5B5, 0xC5B5, 0xC5D5, 0xC5D5, 0xBD74, 0x9471, 0xC5D5, 0xBD95, 0xC5B5, 0xBD95, 0xCDF6, 0x8C0F,
  0x5AAA, 0x83CE, 0xCE16, 0x9470, 0x6B4C, 0x7BEF, 0x5ACA, 0x39E7, 0x31C7, 0x39C7, 0x4A48, 0x632C,
  0x39E7, 0x9CB2, 0xB574, 0x4208, 0x5ACA, 0x9491, 0xC5F6, 0xBD95, 0xBDB5, 0xC5B5, 0xBD95, 0x9450,
  0xC5D5, 0xC5B5, 0xC5D5, 0xC5D6, 0xC5B5, 0xCDF6, 0x9471, 0x738D, 0x7BAE, 0x7BAE, 0x6B4C, 0x528A,
  0x9C91, 0xB533, 0x9CB2, 0x8C50, 0x9470, 0x8C50, 0x2104, 0x2125, 0x2986, 0x2966, 0x2104, 0x18E3,
  0x39C6, 0x6B2C, 0x7BCE, 0x83EF, 0x840F, 0x7BCE, 0x632C, 0x5ACB, 0x736D, 0x8C0F, 0x8C30, 0x8C2F,
  0x8C0F, 0x8C0F, 0x8C0F, 0x840F, 0x736D, 0x8C0F, 0x840F, 0x840F, 0x83EF, 0x4207, 0x4A6A, 0x5AEB,
  0x5AEB, 0x4A69, 0x4A8A, 0x4A69, 0x528A, 0x10A2, 0x0000, 0x0021, 0x0020, 0x0020, 0x0020, 0x0020,
  0x0020, 0x0020, 0x0020, 0x0020, 0x0020, 0x0020, 0x0020, 0x0020, 0x0020, 0x0020, 0x0020, 0x0020,
  0x0020, 0x0021, 0x0000, 0x18A2, 0x8C30, 0x8410, 0x8410, 0x8C30, 0x8C30, 0x4A49, 0x4229, 0x39C7,
  0xAD13, 0xD657, 0xCE37, 0xD637, 0xAD13, 0xCE17, 0xD658, 0xD657, 0xD658, 0xD637, 0xCE37, 0xD637,
  0xD637, 0xD658, 0xCE16, 0xA513, 0x9CD2, 0xC5D5, 0xD658, 0xD637, 0xCE16, 0xB554, 0x736D, 0x31A6,
  0x3186, 0x4228, 0x4A28, 0xD637, 0xD637, 0xD637, 0xCE17, 0x736D, 0x5AEB, 0x4208, 0x8C30, 0xAD13,
  0xAD13, 0xA4F2, 0xBD95, 0xBDB5, 0xBD95, 0xBDB5, 0xBDB5, 0xC5B5, 0xB574, 0x9450, 0xBDB5, 0xBD95,
  0xBD95, 0xBD95, 0xC5F6, 0x8C2F, 0x5ACA, 0x83CE, 0xCE17, 0x8C50, 0x6B4C, 0x5ACB, 0x31C7, 0x4A8A,
  0x4A6A, 0x4228, 0x2145, 0x5AEB, 0x39E8, 0x9C91, 0xB574, 0x4208, 0x5ACB, 0x9471, 0xC5D6, 0xBD94,
  0xBD95, 0xBDB5, 0xBD74, 0x8C50, 0xC5B5, 0xC5B5, 0xC5D5, 0xC5B5, 0xBDB5, 0xC5D6, 0x9450, 0x738D,
  0x7BAE, 0x7BAE, 0x6B4C, 0x528A, 0x9491, 0xAD33, 0x9CB1, 0x8C50, 0x9470, 0x8C30, 0x2124, 0x2966,
  0x2145, 0x18C3, 0x2965, 0x5ACB, 0x7BCE, 0x83EF, 0x83EF, 0x83EF, 0x6B4D, 0x5AEB, 0x6B4C, 0x840F,
  0x8C30, 0x8C30, 0x8C30, 0x8C0F, 0x8C2F, 0x8C2F, 0x8C2F, 0x840F, 0x736D, 0x840F, 0x840F, 0x8C0F,
  0x83EF, 0x4208, 0x4A6A, 0x5AEB, 0x5AEB, 0x4A69, 0x4A8A, 0x4A6A, 0x4A8A, 0x1082, 0x0000, 0x0021,
  0x0020, 0x0021, 0x0020, 0x0020, 0x0020, 0x0021, 0x0020, 0x0020, 0x0020, 0x0020, 0x0020, 0x0021,
  0x0020, 0x0020, 0x0020, 0x0020, 0x0020, 0x0021, 0x0000, 0x18A2, 0x8410, 0x840F, 0x8410, 0x8C30,
  0x8430, 0x4A49, 0x4249, 0x39C7, 0xAD33, 0xD658, 0xCE17, 0xD637, 0xAD13, 0xCE17, 0xD657, 0xD637,
  0xBD94, 0xD658, 0xD658, 0xCE17, 0xD637, 0xCE37, 0xD637, 0xDE78, 0xC5F6, 0xA4D2, 0xA4F2, 0xCDF6,
  0xD657, 0xD637, 0xCE17, 0xAD13, 0x62EB, 0x2945, 0x39C7, 0xD637, 0xCE17, 0xD637, 0xCE17, 0x736D,
  0x630B, 0x39C6, 0x9470, 0xB554, 0xA4F2, 0xA4F2, 0xBD95, 0xC5B5, 0xC5B5, 0xBDB5, 0xBDB5, 0xC5B5,
  0xB574, 0x9450, 0xC5D5, 0xBDB5, 0xBDB5, 0xBD95, 0xC5D6, 0x8C2F, 0x5AAA, 0x83CE, 0xCE17, 0x8C2F,
  0x738D, 0x5AEB, 0x4A69, 0x6B4D, 0x52AB, 0x52AA, 0x4228, 0x5AEB, 0x39E7, 0x9CB1, 0xB574, 0x4208,
  0x5ACA, 0x9491, 0xC5D6, 0xBD94, 0xBD95, 0xBD95, 0xBD95, 0x8C50, 0xC5B5, 0xC5B5, 0xC5B5, 0xC5B5,
  0xBDB5, 0xC5D6, 0x8C30, 0x738D, 0x7BCE, 0x840F, 0x6B4C, 0x5269, 0x9CB1, 0xAD13, 0x9CB2, 0x8C50,
  0x9470, 0x8C50, 0x2104, 0x10C3, 0x2124, 0x4A69, 0x736D, 0x7BCE, 0x83EF, 0x840F, 0x738D, 0x5AEB,
  0x630C, 0x83EF, 0x8C50, 0x8C2F, 0x8C2F, 0x8C30, 0x8C2F, 0x9450, 0x840F, 0x8C0F, 0x8C30, 0x840F,
  0x736D, 0x8C0F, 0x8C0F, 0x8C0F, 0x83EF, 0x4208, 0x4A8A, 0x5AEB, 0x5AEB, 0x4A69, 0x4A8A, 0x4A6A,
  0x528A, 0x10A2, 0x0000, 0x0021, 0x0020, 0x0021, 0x0020, 0x0020, 0x0020, 0x0020, 0x0020, 0x0020,
  0x0020, 0x0020, 0x0020, 0x0020, 0x0020, 0x0020, 0x0021, 0x0020, 0x0020, 0x0021, 0x0000, 0x18C2,
  0x840F, 0x840F, 0x8430, 0x8C30, 0x8410, 0x4A49, 0x4249, 0x39C7, 0xAD33, 0xD658, 0xCE17, 0xD637,
  0xAD13, 0xCE17, 0xD637, 0xDE78, 0x736D, 0x5AAA, 0xBD94, 0xE6B9, 0xD637, 0xCE37, 0xD637, 0xCE37,
  0xD658, 0xDE78, 0xBD95, 0x9CB1, 0xAD33, 0xD637, 0xD657, 0xD637, 0xCDF6, 0x9470, 0x4A48, 0xD637,
  0xD637, 0xD637, 0xD637, 0x73AE, 0x39C6, 0x2945, 0x5AAA, 0x9470, 0xAD33, 0xAD13, 0xBD95, 0xBD95,
  0xBD95, 0xBD95, 0xBD95, 0xBDB5, 0xB574, 0x8C30, 0xC5B5, 0xBD95, 0xBD95, 0xBD95, 0xC5D5, 0x840F,
  0x5ACB, 0x83CE, 0xCE16, 0x8C2F, 0x7BAE, 0x5ACB, 0x4229, 0x632C, 0x52AB, 0x4A8A, 0x4229, 0x5AEB,
  0x39C7, 0x9CB1, 0xB574, 0x4208, 0x5ACB, 0x9471, 0xC5D5, 0xBD74, 0xBD74, 0xBD94, 0xBD94, 0x8C30,
  0xBD95, 0xBDB5, 0xBD95, 0xBD95, 0xBD95, 0xC5B5, 0x8C50, 0x7BAE, 0x7BCE, 0x630B, 0x4207, 0x3185,
  0x6B4C, 0xBD95, 0x9CB1, 0x8C50, 0x9471, 0x8C30, 0x18E3, 0x41E7, 0x6B6D, 0x7BCE, 0x7BCE, 0x840F,
  0x7BAE, 0x630B, 0x630B, 0x7BAE, 0x8C30, 0x8C50, 0x8C30, 0x8C0F, 0x8C0F, 0x9450, 0x8C50, 0x528A,
  0x62EB, 0x9450, 0x8C0F, 0x840F, 0x736D, 0x8C2F, 0x8C0F, 0x8C0F, 0x83EF, 0x4208, 0x4A6A, 0x5ACB,
  0x5AEB, 0x4A69, 0x4A8A, 0x4A6A, 0x528A, 0x10A2, 0x0000, 0x0021, 0x0021, 0x0020, 0x0020, 0x0020,
  0x0020, 0x0021, 0x0020, 0x0020, 0x0020, 0x0020, 0x0020, 0x0020, 0x0020, 0x0020, 0x0020, 0x0020,
  0x0020, 0x0021, 0x0000, 0x18A2, 0x8430, 0x8410, 0x8410, 0x8C30, 0x8410, 0x4A69, 0x4249, 0x39C7,
  0xAD33, 0xD657, 0xCE17, 0xD637, 0xAD13, 0xCE17, 0xD637, 0xD658, 0x9450, 0x4228, 0x18E3, 0x738D,
  0xCE16, 0xDE98, 0xCE17, 0xCE37, 0xD637, 0xD637, 0xDE78, 0xD657, 0xB554, 0x9CB1, 0xBD74, 0xD657,
  0xD657, 0xCE16, 0x6B2C, 0xCE17, 0xD637, 0xDE78, 0xC5B5, 0x39C7, 0x4A49, 0x738E, 0x6B4C, 0x4A69,
  0x62EB, 0x8C2F, 0xC5F6, 0xCE37, 0xCDF6, 0xCDF6, 0xC5F6, 0xCE16, 0xC5B5, 0x9470, 0xCE16, 0xC5F6,
  0xC5D6, 0xC5D5, 0xD637, 0x8C0F, 0x5AAA, 0x7BCE, 0xCE17, 0x9471, 0x6B2C, 0x632C, 0x4229, 0x6B4D,
  0x5AEB, 0x4A69, 0x4228, 0x738E, 0x31A6, 0xA4D1, 0xBD74, 0x4A28, 0x630B, 0x9C91, 0xCE16, 0xC5D5,
  0xC5D5, 0xCDF6, 0xC5B5, 0x9470, 0xCE16, 0xC5F6, 0xC5D6, 0xCDF6, 0xCDF6, 0xD637, 0x9450, 0x5AEB,
  0x4228, 0x4A49, 0x6B4D, 0x6B4D, 0x4207, 0x6B4C, 0x9CB1, 0x9450, 0x9471, 0x8C2F, 0x39C6, 0x736D,
  0x7BCE, 0x840F, 0x83CE, 0x6B2C, 0x5AEB, 0x738D, 0x8C30, 0x8C50, 0x8C30, 0x8C50, 0x8C2F, 0x8C50,
  0x9470, 0x6B4C, 0x2944, 0x31A6, 0x83EF, 0x9470, 0x8C0F, 0x840F, 0x736D, 0x8C2F, 0x8C2F, 0x8C2F,
  0x83EF, 0x4228, 0x4A6A, 0x5AEB, 0x5AEB, 0x4A49, 0x4A6A, 0x4A69, 0x528A, 0x10A2, 0x0000, 0x0021,
  0x0020, 0x0021, 0x0020, 0x0020, 0x0021, 0x0021, 0x0020, 0x0020, 0x0020, 0x0020, 0x0020, 0x0020,
  0x0020, 0x0020, 0x0020, 0x0020, 0x0020, 0x0021, 0x0000, 0x18A2, 0x8410, 0x8410, 0x8410, 0x8C30,
  0x8430, 0x4A49, 0x4249, 0x39C7, 0xAD13, 0xD657, 0xCE17, 0xD637, 0xAD13, 0xCE16, 0xD637, 0xD657,
  0x8C50, 0x62EB, 0x1925, 0x1105, 0x2986, 0x9450, 0xDE78, 0xDE78, 0xCE17, 0xD637, 0xD637, 0xD657,
  0xDE78, 0xCDF6, 0x9470, 0x9CB1, 0xC5D5, 0xDE78, 0x6B2C, 0xCDF6, 0xD657, 0xC5B5, 0x52AA, 0x7BAE,
  0x840F, 0x738D, 0x7BAE, 0x7BCE, 0x632C, 0x528A, 0x6B2C, 0x5AAA, 0x632C, 0x6B4D, 0x632C, 0x632C,
  0x630C, 0x4A8A, 0x632C, 0x632C, 0x632C, 0x632C, 0x6B4C, 0x4A69, 0x2986, 0x7BAE, 0xCE16, 0xB574,
  0x5269, 0x6B4C, 0x6B4D, 0x4A6A, 0x528A, 0x4249, 0x736D, 0x528A, 0x4A69, 0xB554, 0xB574, 0x39C7,
  0x31A6, 0x528A, 0x6B4D, 0x632C, 0x6B4C, 0x6B4C, 0x630B, 0x52AA, 0x6B6D, 0x630C, 0x632C, 0x6B6D,
  0x5AEB, 0x62EB, 0x5AAA, 0x4A69, 0x6B6D, 0x7BCE, 0x738E, 0x738E, 0x7BEF, 0x62EB, 0x4A49, 0x9450,
  0x9471, 0x8C0F, 0x39C7, 0x738D, 0x83EE, 0x6B4C, 0x5ACB, 0x6B4D, 0x840F, 0x8C50, 0x8C30, 0x8C30,
  0x8C2F, 0x8C50, 0x9471, 0x7BCE, 0x39C7, 0x08A3, 0x08A3, 0x5269, 0x9470, 0x9471, 0x8C2F, 0x840F,
  0x6B6D, 0x8C2F, 0x8C0F, 0x8C2F, 0x83EF, 0x4208, 0x4A6A, 0x5AEB, 0x5AEB, 0x4A49, 0x4A69, 0x4A69,
  0x528A, 0x10A2, 0x0000, 0x0021, 0x0020, 0x0020, 0x0021, 0x0021, 0x0021, 0x0020, 0x0020, 0x0020,
  0x0020, 0x0020, 0x0020, 0x0020, 0x0020, 0x0020, 0x0020, 0x0020, 0x0020, 0x0021, 0x0000, 0x10A2,
  0x8410, 0x8410, 0x8410, 0x8430, 0x840F, 0x4A49, 0x4249, 0x39C7, 0xAD13, 0xD657, 0xCE17, 0xD637,
  0xAD13, 0xCDF6, 0xD637, 0xD658, 0x9450, 0x630B, 0x2125, 0x29C8, 0x2167, 0x10E4, 0x4A48, 0xB533,
  0xE6B9, 0xD658, 0xCE37, 0xD637, 0xCE37, 0xCE16, 0xBD95, 0xC5D5, 0xA4D2, 0xA4F2, 0x62EB, 0xC5D6,
  0xDE78, 0x8C50, 0x4208, 0x8C50, 0x9491, 0x8C30, 0x738E, 0x738D, 0x7BAE, 0x7BCF, 0x6B6D, 0x528A,
  0x2986, 0x29E9, 0x4B0E, 0x42CD, 0x42CD, 0x4B0E, 0x42CD, 0x42CD, 0x42CD, 0x42CD, 0x42AD, 0x4B0E,
  0x3A6C, 0x83EF, 0xCDF6, 0xB574, 0xAD33, 0x4A48, 0x6B6D, 0x738E, 0x52AA, 0x7BCF, 0x4A49, 0x39C6,
  0xA4D2, 0xBDB5, 0xB574, 0x31A6, 0x21A9, 0x42CD, 0x42CD, 0x42CD, 0x42AD, 0x42AD, 0x42CD, 0x4AEE,
  0x42AD, 0x42CD, 0x42CD, 0x21A8, 0x2986, 0x52AA, 0x738E, 0x7BCF, 0x73AE, 0x738E, 0x73AE, 0x8430,
  0x83EF, 0x5ACB, 0x18E3, 0x7BCE, 0x9491, 0x840F, 0x4208, 0x6B4C, 0x5AEB, 0x5AEB, 0x6B2C, 0x9470,
  0x8C50, 0x8C30, 0x8C2F, 0x8C2F, 0x9491, 0x8C0F, 0x4A48, 0x10E4, 0x10E4, 0x1946, 0x10C3, 0x52AA,
  0x9471, 0x9471, 0x8C0F, 0x840F, 0x736D, 0x8C2F, 0x840F, 0x8C30, 0x840F, 0x4208, 0x4A6A, 0x5AEB,
  0x5ACB, 0x4A49, 0x4A6A, 0x4A69, 0x4A8A, 0x1082, 0x0000, 0x0021, 0x0020, 0x0020, 0x0020, 0x0020,
  0x0020, 0x0020, 0x0020, 0x0020, 0x0020, 0x0020, 0x0020, 0x0020, 0x0020, 0x0020, 0x0020, 0x0020,
  0x0020, 0x0021, 0x0000, 0x10A2, 0x8410, 0x8430, 0x8410, 0x8430, 0x840F, 0x4A49, 0x4249, 0x39C7,
  0xAD13, 0xD637, 0xCE16, 0xD637, 0xAD13, 0xCE16, 0xD637, 0xD658, 0x9450, 0x6B2C, 0x2145, 0x3A4B,
  0x3A6B, 0x29C8, 0x1926, 0x1905, 0x6B0C, 0xCDF6, 0xDE98, 0xD637, 0xD637, 0xCE37, 0xBD95, 0xD657,
  0xD657, 0xB554, 0x5ACA, 0xCDF6, 0xDE78, 0x9450, 0x31C7, 0x4A8A, 0x5AEB, 0x8C30, 0x9491, 0x840F,
  0x83EF, 0x7BEF, 0x840F, 0x8C30, 0x7BCE, 0x62EB, 0x4229, 0x530D, 0x5B2E, 0x5B4E, 0x5B2E, 0x5B2E,
  0x532D, 0x530D, 0x5B2D, 0x5B4E, 0x4AAC, 0x632C, 0xBDB5, 0xBD74, 0xBDB5, 0xB574, 0x5269, 0x528A,
  0x6B6D, 0x39E8, 0x5269, 0x9CB1, 0xBD94, 0xC5F6, 0xAD33, 0x2945, 0x426A, 0x530D, 0x532E, 0x530D,
  0x530D, 0x530D, 0x530D, 0x52ED, 0x530D, 0x4ACC, 0x4249, 0x630B, 0x840F, 0x8C30, 0x7BEF, 0x7BEF,
  0x7BEF, 0x840F, 0x8C50, 0x630C, 0x2986, 0x2125, 0x1904, 0x7BAD, 0x9491, 0x8C2F, 0x31A6, 0x5AEB,
  0x7BAE, 0x83EE, 0x738D, 0x8C50, 0x8C30, 0x8C30, 0x9471, 0x9470, 0x62EB, 0x2124, 0x08A4, 0x1926,
  0x1946, 0x1946, 0x18E4, 0x62EB, 0x9470, 0x9450, 0x8C0F, 0x840F, 0x6B4C, 0x8C2F, 0x8C0F, 0x8C2F,
  0x840F, 0x4208, 0x4A69, 0x5ACB, 0x5AEB, 0x4A49, 0x4A8A, 0x4A6A, 0x4A8A, 0x1082, 0x0000, 0x0021,
  0x0020, 0x0020, 0x0020, 0x0021, 0x0021, 0x0020, 0x0020, 0x0020, 0x0020, 0x0020, 0x0020, 0x0020,
  0x0020, 0x0020, 0x0020, 0x0020, 0x0020, 0x0021, 0x0000, 0x10A2, 0x8430, 0x8430, 0x8410, 0x8430,
  0x840F, 0x4A49, 0x4249, 0x39C7, 0xAD13, 0xD637, 0xCE16, 0xD637, 0xAD13, 0xCDF6, 0xD637, 0xD658,
  0x9470, 0x6B2C, 0x2145, 0x3A6B, 0x42AC, 0x3A8B, 0x3A4A, 0x29A8, 0x10E5, 0x2966, 0x9450, 0xD658,
  0xD637, 0xCE37, 0xBD95, 0xD637, 0xCE17, 0xD657, 0x6B2C, 0xC5D6, 0xDE99, 0x9450, 0x2965, 0x5B0C,
  0x528A, 0x4A49, 0x6B6D, 0x8430, 0x73AE, 0x7BAE, 0x7BCE, 0x7BAE, 0x7BCE, 0x8430, 0x3185, 0xBD94,
  0xE6B9, 0xD658, 0xDE78, 0xDE78, 0xDE78, 0xDE78, 0xDE78, 0xD678, 0xDE78, 0xA4D2, 0x6B4C, 0xA4D2,
  0xBDB5, 0xBD95, 0xBD74, 0x5ACA, 0x39C7, 0x6B2C, 0xAD13, 0xBDB5, 0xBD95, 0x8C2F, 0x6B4C, 0xAD34,
  0xDE78, 0xD658, 0xD657, 0xD657, 0xD657, 0xD657, 0xD657, 0xD637, 0xE6B9, 0x9491, 0x630B, 0x9CB1,
  0x83EF, 0x840F, 0x840F, 0x840F, 0x8C50, 0x738D, 0x31C7, 0x2125, 0x2966, 0x31A7, 0x18C3, 0x7B8D,
  0x9491, 0x840F, 0x39A6, 0x73AE, 0x8C30, 0x83CE, 0x736D, 0x9450, 0x8C2F, 0x8C50, 0x7BAE, 0x3186,
  0x08A3, 0x1105, 0x1946, 0x1925, 0x1946, 0x2187, 0x1925, 0x62EB, 0x9470, 0x9470, 0x8C0F, 0x840F,
  0x6B4D, 0x8C0F, 0x840F, 0x8C0F, 0x83EF, 0x41E7, 0x4A69, 0x5ACB, 0x5AEB, 0x4A69, 0x4A8A, 0x4A6A,
  0x4A8A, 0x10A2, 0x0000, 0x0021, 0x0020, 0x0021, 0x0020, 0x0020, 0x0021, 0x0020, 0x0020, 0x0020,
  0x0020, 0x0020, 0x0020, 0x0020, 0x0020, 0x0020, 0x0020, 0x0020, 0x0020, 0x0021, 0x0000, 0x10A2,
  0x8410, 0x8430, 0x8410, 0x8430, 0x840F, 0x4A49, 0x4249, 0x39C7, 0xAD13, 0xD637, 0xCE16, 0xD637,
  0xAD13, 0xC5F6, 0xCE17, 0xD658, 0x9470, 0x6B2C, 0x2145, 0x3A6B, 0x42AC, 0x42AC, 0x42AC, 0x3A6B,
  0x3A2A, 0x1967, 0x2966, 0xD637, 0xD657, 0xCE37, 0xBD94, 0xD637, 0xD637, 0xCE17, 0x6B0B, 0xCDF6,
  0xD637, 0xC5D6, 0x4208, 0x3186, 0x4A69, 0x5ACB, 0x5ACB, 0x4A69, 0x39E7, 0x3A08, 0x3A08, 0x3A08,
  0x4228, 0x4228, 0x1904, 0xBDD6, 0xF75B, 0xE6FA, 0xEF1B, 0xEF1A, 0xEF1A, 0xEF1B, 0xEEFA, 0xE6FA,
  0xE6D9, 0xF73B, 0xDEDA, 0x6B6D, 0xBD74, 0xB574, 0xBD74, 0xBD95, 0x9CB2, 0xB533, 0xBD74, 0xBD95,
  0xACF2, 0x736D, 0xEEFA, 0xEF3B, 0xEF1B, 0xEEFA, 0xE6FA, 0xE6FA, 0xEF1A, 0xEF1A, 0xEF1A, 0xE6FA,
  0xF77C, 0xA513, 0x31A7, 0x4A49, 0x4208, 0x4228, 0x4228, 0x4208, 0x4249, 0x31C7, 0x2145, 0x2986,
  0x2145, 0x18C3, 0x31A6, 0x8C30, 0x9471, 0x8C0F, 0x39C7, 0x736D, 0x8C0F, 0x83EF, 0x736D, 0x9450,
  0x8C50, 0x8C30, 0x2104, 0x08C4, 0x1946, 0x1925, 0x1946, 0x2167, 0x2187, 0x2187, 0x1925, 0x630B,
  0x9470, 0x9470, 0x840F, 0x840F, 0x736D, 0x840F, 0x840F, 0x8C0F, 0x83EE, 0x39E7, 0x4A69, 0x5ACB,
  0x5AEB, 0x4A69, 0x4A6A, 0x4A69, 0x4A8A, 0x1082, 0x0000, 0x0021, 0x0020, 0x0020, 0x0021, 0x0020,
  0x0021, 0x0021, 0x0020, 0x0020, 0x0020, 0x0020, 0x0020, 0x0021, 0x0020, 0x0020, 0x0020, 0x0020,
  0x0020, 0x0021, 0x0000, 0x10A2, 0x8410, 0x8430, 0x8430, 0x8C30, 0x840F, 0x4A49, 0x4249, 0x39C7,
  0xAD13, 0xD637, 0xCE16, 0xD637, 0xAD13, 0xC5F6, 0xCE17, 0xDE58, 0x9470, 0x6B2C, 0x2145, 0x3A6B,
  0x42AC, 0x42AC, 0x42AC, 0x42AC, 0x42CD, 0x3A4B, 0x3A29, 0xD637, 0xD657, 0xD637, 0xBD95, 0xD637,
  0xD637, 0xD637, 0x6B2C, 0xCDF6, 0xCE17, 0xD657, 0x9C91, 0x2965, 0x39E7, 0x39C7, 0x52AB, 0x52AB,
  0x4249, 0x4A69, 0x4A69, 0x4A69, 0x4A69, 0x4A8A, 0x2125, 0x9491, 0xC5F6, 0xBDB5, 0xC5D6, 0xC5D5,
  0xBDB5, 0xCDF6, 0xC5F6, 0xC5F6, 0xC5F6, 0xC5F6, 0xD637, 0x6B4C, 0xB554, 0xC5B5, 0xBDB5, 0xC5D5,
  0xC5D6, 0xC5B5, 0xC5B5, 0xC5D6, 0xAD33, 0x8C2F, 0xCE16, 0xBDB5, 0xC5D6, 0xC5D5, 0xC5D6, 0xC5D6,
  0xB574, 0xBDB5, 0xBDB5, 0xBD95, 0xC5F6, 0x83EE, 0x4208, 0x52AA, 0x4A6A, 0x4A8A, 0x4A8A, 0x4A69,
  0x4A6A, 0x3A08, 0x2145, 0x18E3, 0x2965, 0x3186, 0x6B6D, 0x8C50, 0x9450, 0x840F, 0x39C6, 0x736D,
  0x8C30, 0x840F, 0x736D, 0x9450, 0x8C50, 0x8C2F, 0x2125, 0x1926, 0x1946, 0x2167, 0x2187, 0x2187,
  0x2187, 0x2187, 0x1925, 0x630B, 0x9471, 0x9470, 0x8C0F, 0x83EF, 0x6B6D, 0x840F, 0x840F, 0x840F,
  0x83EE, 0x39E7, 0x4A6A, 0x5ACB, 0x5AEB, 0x4A69, 0x4A69, 0x4A6A, 0x528A, 0x1082, 0x0000, 0x0021,
  0x0020, 0x0020, 0x0021, 0x0020, 0x0020, 0x0021, 0x0020, 0x0020, 0x0020, 0x0020, 0x0020, 0x0020,
  0x0020, 0x0021, 0x0020, 0x0020, 0x0020, 0x0021, 0x0000, 0x18C3, 0x840F, 0x840F, 0x8430, 0x8C30,
  0x8430, 0x4A49, 0x4229, 0x39C7, 0xA4F2, 0xD637, 0xCE16, 0xD657, 0xAD33, 0xCDF6, 0xCE17, 0xD657,
  0x9450, 0x6B4C, 0x2145, 0x3A6B, 0x42AC, 0x42AC, 0x42AC, 0x42AC, 0x42AC, 0x42AC, 0x424A, 0xCE17,
  0xD657, 0xD637, 0xBD95, 0xD637, 0xCE37, 0xD637, 0x6B2C, 0xC5F6, 0xCE17, 0xD657, 0xA4F2, 0x5AAA,
  0xB554, 0x630B, 0x31A6, 0x31C7, 0x2986, 0x2986, 0x2986, 0x3186, 0x3186, 0x2986, 0x18C3, 0x9450,
  0xBD95, 0xBD74, 0xBD95, 0xB574, 0x9471, 0x9491, 0x9491, 0x9491, 0x94B1, 0x9491, 0x9491, 0x4A48,
  0x83EF, 0x9491, 0x9471, 0x9471, 0x9471, 0x9471, 0x9450, 0x9470, 0x8C30, 0x6B4C, 0x9CB2, 0x8C50,
  0x8C50, 0x9471, 0x9471, 0x9471, 0x9471, 0xB574, 0xB554, 0xB553, 0xBD94, 0x8C0F, 0x2965, 0x31C7,
  0x31A6, 0x31A6, 0x31A6, 0x31A6, 0x31A6, 0x2124, 0x2945, 0x5ACB, 0x6B6C, 0x4208, 0x7BCE, 0x8C50,
  0x8C50, 0x840F, 0x39A6, 0x736D, 0x8C30, 0x83EF, 0x736D, 0x9450, 0x8C50, 0x8C2F, 0x2125, 0x1925,
  0x2187, 0x2187, 0x2187, 0x2187, 0x2187, 0x21A8, 0x1925, 0x630B, 0x9470, 0x9450, 0x840F, 0x83EF,
  0x736D, 0x8C2F, 0x83EF, 0x8C0F, 0x83EE, 0x39E7, 0x4A69, 0x5ACB, 0x5AEB, 0x4A49, 0x4A69, 0x4A69,
  0x4A8A, 0x10A2, 0x0000, 0x0021, 0x0020, 0x0020, 0x0020, 0x0020, 0x0021, 0x0020, 0x0021, 0x0020,
  0x0020, 0x0020, 0x0020, 0x0020, 0x0020, 0x0020, 0x0020, 0x0020, 0x0020, 0x0021, 0x0000, 0x0841,
  0x840F, 0x8C50, 0x840F, 0x8C30, 0x8C30, 0x4A49, 0x4229, 0x39C7, 0xA4F2, 0xCE17, 0xCE16, 0xAD33,
  0x9450, 0xCDF6, 0xD637, 0xD657, 0x9470, 0x6B4C, 0x2166, 0x3A6B, 0x42AC, 0x42AC, 0x42AC, 0x42AC,
  0x42AC, 0x3AAC, 0x424A, 0xCE16, 0xD637, 0xD637, 0xBD95, 0xD637, 0xD637, 0xD637, 0x6B2C, 0xCDF6,
  0xCE17, 0xD658, 0xA4F2, 0x5ACA, 0xDE78, 0xCE37, 0x9CB1, 0x6B2C, 0x630B, 0x62EB, 0x62EB, 0x62EB,
  0x62EB, 0x4A49, 0x39E7, 0x9CB2, 0xC5B5, 0xBD74, 0xC5B5, 0xAD33, 0x4ACC, 0x63B1, 0x5B6F, 0x5B70,
  0x5B70, 0x5B6F, 0x534F, 0x532E, 0x532E, 0x5B6F, 0x5B4F, 0x532F, 0x534F, 0x534F, 0x5B4F, 0x534F,
  0x534F, 0x5B6F, 0x5B6F, 0x5B6F, 0x5B70, 0x5B6F, 0x5B70, 0x5B4F, 0x5AEC, 0xBD74, 0xB554, 0xB574,
  0xBD74, 0xB554, 0x5269, 0x6B2C, 0x630B, 0x62EB, 0x62EB, 0x62EB, 0x62EB, 0x5AAA, 0x7BAE, 0x840F,
  0x736D, 0x4228, 0x7BCE, 0x8C30, 0x8C50, 0x840F, 0x39A6, 0x736D, 0x8C30, 0x83EF, 0x738D, 0x9450,
  0x8C50, 0x8C2F, 0x2125, 0x1105, 0x2187, 0x2187, 0x2187, 0x2187, 0x2187, 0x21A8, 0x1925, 0x62EB,
  0x9471, 0x8C50, 0x8C2F, 0x83EF, 0x528A, 0x736D, 0x840F, 0x840F, 0x83CE, 0x39C7, 0x4A69, 0x5ACB,
  0x5AEB, 0x4A49, 0x4A69, 0x4A8A, 0x52AA, 0x0861, 0x0000, 0x0021, 0x0020, 0x0020, 0x0021, 0x0020,
  0x0021, 0x0020, 0x0020, 0x0020, 0x0020, 0x0020, 0x0020, 0x0020, 0x0020, 0x0020, 0x0020, 0x0020,
  0x0021, 0x0000, 0x18C3, 0x5AAA, 0x4208, 0x6B2C, 0x8C50, 0x8C30, 0x840F, 0x4A49, 0x4A49, 0x39E7,
  0xA4D2, 0xD657, 0xAD33, 0xB575, 0xD658, 0xAD13, 0xBD94, 0xDE78, 0x9491, 0x6B4C, 0x1905, 0x3A6C,
  0x42AC, 0x428C, 0x42AC, 0x42AC, 0x42AC, 0x42AC, 0x424A, 0xCE16, 0xD637, 0xCE37, 0xBD95, 0xCE17,
  0xD637, 0xD637, 0x6B2C, 0xCDF6, 0xCE17, 0xD657, 0xA4F2, 0x5ACA, 0xD658, 0xDE78, 0xDE98, 0xC5B5,
  0xAD33, 0xB553, 0xB554, 0xB553, 0xBD74, 0x8C0F, 0x4228, 0x9CB1, 0xBD94, 0xBD94, 0xCDF6, 0x9470,
  0x29C8, 0x428C, 0x3A8B, 0x3A8B, 0x3A8B, 0x3A6B, 0x3A8B, 0x428C, 0x428C, 0x428C, 0x428C, 0x428C,
  0x428C, 0x428C, 0x428C, 0x42AC, 0x428C, 0x3A8B, 0x428C, 0x428C, 0x428C, 0x428C, 0x3A8B, 0x3A6B,
  0x31A7, 0xAD13, 0xC5B5, 0xB574, 0xBD74, 0xAD33, 0x7BCE, 0xCE16, 0xBD95, 0xBDB5, 0xBDB5, 0xBD95,
  0xC5D5, 0x9491, 0x738E, 0x7BCE, 0x736D, 0x4228, 0x7BCE, 0x8C50, 0x8C50, 0x83EF, 0x39A6, 0x736D,
  0x8C2F, 0x83EF, 0x738D, 0x8C50, 0x8C30, 0x8C2F, 0x2125, 0x1105, 0x2187, 0x2187, 0x2187, 0x2187,
  0x2187, 0x29C8, 0x1905, 0x630B, 0x9491, 0x9470, 0x738D, 0x6B2C, 0xA4D2, 0x840F, 0x738D, 0x8C0F,
  0x7BCE, 0x4208, 0x4A6A, 0x5ACB, 0x5ACB, 0x4A49, 0x52AA, 0x4249, 0x2965, 0x2945, 0x0861, 0x0000,
  0x0020, 0x0020, 0x0021, 0x0020, 0x0020, 0x0020, 0x0020, 0x0020, 0x0020, 0x0020, 0x0020, 0x0020,
  0x0020, 0x0020, 0x0020, 0x0020, 0x0021, 0x0000, 0x3186, 0x8430, 0x83EF, 0x4A49, 0x4228, 0x73AE,
  0x8C51, 0x4A6A, 0x31A7, 0x2945, 0xAD33, 0xD658, 0xA4D2, 0xAD13, 0xF75C, 0xEF1B, 0xBD74, 0xB574,
  0x7BCE, 0x4A49, 0x4A48, 0x29A8, 0x324B, 0x4ACD, 0x42AC, 0x42AC, 0x42AC, 0x42AD, 0x424A, 0xCE16,
  0xD637, 0xCE17, 0xBD95, 0xD637, 0xD637, 0xD637, 0x6B2C, 0xCDF6, 0xD637, 0xD657, 0xA4F2, 0x5ACB,
  0xDE78, 0xD657, 0xDE98, 0xCE37, 0xBD74, 0xBD95, 0xC5B5, 0xC5B5, 0xCE16, 0x8C30, 0x4A48, 0x9CD2,
  0xBDB5, 0xBD74, 0x736C, 0x41E7, 0x29A7, 0x3A6B, 0x3A4B, 0x3A4B, 0x3A4B, 0x3A6B, 0x3A6B, 0x3A6B,
  0x3A6B, 0x3A6B, 0x3A4B, 0x3A6B, 0x3A6B, 0x3A6B, 0x3A6B, 0x3A4B, 0x3A6B, 0x3A6B, 0x3A6B, 0x3A4B,
  0x3A4B, 0x3A6B, 0x3A6B, 0x3A6B, 0x2166, 0x4A48, 0x8C2F, 0xBD74, 0xB574, 0xAD33, 0x7BCE, 0xD678,
  0xCDF6, 0xCE17, 0xCE17, 0xCE16, 0xD658, 0x9CD2, 0x738D, 0x7BCE, 0x736D, 0x4228, 0x7BCE, 0x9450,
  0x8C50, 0x83EF, 0x39A6, 0x736D, 0x8C2F, 0x83EF, 0x738D, 0x8C50, 0x8C30, 0x8C2F, 0x2125, 0x1125,
  0x2187, 0x2187, 0x2187, 0x29A8, 0x2187, 0x1105, 0x31A6, 0x528A, 0x83EE, 0x736D, 0x83EE, 0xCE37,
  0xD658, 0x7BAD, 0x630B, 0x8C2F, 0x8C2F, 0x3186, 0x3A08, 0x5AEB, 0x5AEB, 0x4249, 0x3186, 0x2145,
  0x4228, 0x5ACB, 0x2124, 0x0000, 0x0021, 0x0020, 0x0020, 0x0020, 0x0020, 0x0020, 0x0020, 0x0020,
  0x0020, 0x0020, 0x0020, 0x0020, 0x0020, 0x0020, 0x0020, 0x0020, 0x0021, 0x0000, 0x2104, 0x4A69,
  0x632C, 0x8C51, 0x738D, 0x4208, 0x52AA, 0x2145, 0x2945, 0x2125, 0x5AAA, 0xCE16, 0xB554, 0xA4D2,
  0xCE16, 0xD658, 0xF73B, 0xE6DA, 0x9C91, 0xAD33, 0xE699, 0xAD33, 0x4A49, 0x29C9, 0x42AD, 0x42CD,
  0x42AC, 0x42AC, 0x424A, 0xCE16, 0xD657, 0xCE37, 0xBD95, 0xD637, 0xD637, 0xD637, 0x6B2C, 0xCDF6,
  0xD637, 0xD658, 0xA4F2, 0x5ACB, 0xDE78, 0xD658, 0xDE98, 0xCE37, 0xBD74, 0xBD95, 0xBDB5, 0xBD95,
  0xCE16, 0x9450, 0x528A, 0x9CD2, 0xD617, 0x8C2F, 0x4228, 0x736D, 0x2987, 0x324B, 0x322A, 0x3A4A,
  0x3A4B, 0x3A4B, 0x3A4B, 0x3A4B, 0x3A4B, 0x3A4B, 0x3A4B, 0x3A4B, 0x3A4B, 0x3A4B, 0x3A4B, 0x3A4B,
  0x3A4B, 0x3A4B, 0x3A4B, 0x3A4B, 0x3A4B, 0x3A4B, 0x3A4A, 0x322A, 0x31A7, 0x736D, 0x4A48, 0xB574,
  0xBD95, 0xAD33, 0x7BCE, 0xD658, 0xCDF6, 0xCE16, 0xCE16, 0xCE16, 0xD657, 0x9CD2, 0x738D, 0x7BCE,
  0x738D, 0x4228, 0x7BCE, 0x9450, 0x8C50, 0x840F, 0x39C6, 0x736D, 0x8C2F, 0x83EF, 0x736D, 0x8C30,
  0x8C2F, 0x8C0F, 0x2125, 0x1125, 0x2187, 0x29A8, 0x21A8, 0x1126, 0x2145, 0x6B2B, 0x9CB1, 0x840F,
  0x83EF, 0xC5D6, 0xD657, 0xA4F3, 0x840F, 0x5AEB, 0x6B4C, 0x8C2F, 0x5269, 0x2124, 0x2965, 0x39E7,
  0x4228, 0x18E4, 0x39C7, 0x5ACB, 0x4A49, 0x2966, 0x10A3, 0x0000, 0x0021, 0x0020, 0x0020, 0x0020,
  0x0021, 0x0020, 0x0020, 0x0020, 0x0020, 0x0020, 0x0020, 0x0020, 0x0020, 0x0021, 0x0020, 0x0020,
  0x0021, 0x0000, 0x2945, 0x52AA, 0x4A49, 0x4A8A, 0x73AE, 0x8C51, 0x630C, 0x4208, 0x4228, 0x2124,
  0x4208, 0x5289, 0x734C, 0xB554, 0xDE78, 0xC5B5, 0xCDF6, 0xE6B9, 0xF77C, 0xEF1B, 0xDE78, 0xE6B9,
  0xDEB9, 0x8C2F, 0x31C8, 0x322A, 0x4AED, 0x42AD, 0x424A, 0xD617, 0xD657, 0xCE37, 0xBD95, 0xD637,
  0xD637, 0xD637, 0x6B2C, 0xCDF6, 0xCE37, 0xD658, 0xA4F2, 0x62EB, 0xDE78, 0xD678, 0xDE99, 0xCE37,
  0xBD95, 0xC5B5, 0xBDB5, 0xC5B5, 0xCE17, 0x9450, 0x5289, 0x9CB2, 0xD637, 0x8C2F, 0x5ACA, 0x7BCE,
  0x39C7, 0x2965, 0x10C3, 0x10C3, 0x10C3, 0x10E3, 0x18E3, 0x10E3, 0x18E4, 0x10C3, 0x10E3, 0x10E3,
  0x10C3, 0x10E3, 0x18E4, 0x18E4, 0x18E4, 0x18E4, 0x18E4, 0x10E3, 0x18E4, 0x10C3, 0x18E4, 0x2986,
  0x4228, 0x83EF, 0x62EB, 0xB554, 0xBD95, 0xAD33, 0x83CE, 0xD678, 0xCE16, 0xCE17, 0xCE17, 0xCE17,
  0xD657, 0x9CD2, 0x738D, 0x7BCE, 0x736D, 0x4228, 0x7BCE, 0x9450, 0x9450, 0x840F, 0x39C6, 0x736D,
  0x8C0F, 0x83EF, 0x736D, 0x8C30, 0x8C30, 0x8C30, 0x2145, 0x1926, 0x29A8, 0x1946, 0x1905, 0x5289,
  0x9470, 0xA4D2, 0xA4F2, 0xCE17, 0xDE98, 0xBDB5, 0x8C30, 0x7BAE, 0x8C30, 0x736D, 0x4A48, 0x3186,
  0x31A6, 0x31A6, 0x5ACB, 0x4228, 0x39E7, 0x52AA, 0x528A, 0x3186, 0x2145, 0x2986, 0x18C3, 0x0000,
  0x0021, 0x0020, 0x0020, 0x0020, 0x0020, 0x0020, 0x0020, 0x0020, 0x0020, 0x0020, 0x0020, 0x0020,
  0x0020, 0x0020, 0x0021, 0x0020, 0x0021, 0x0000, 0x2124, 0x52AA, 0x4A8A, 0x4A8A, 0x4249, 0x5AEB,
  0x736D, 0x31A6, 0x2104, 0x18E3, 0x52AB, 0x632C, 0x4A49, 0x5AAA, 0xB553, 0xD678, 0xCE16, 0xC5D5,
  0xCE16, 0xE6DA, 0xEF3B, 0xDEB9, 0xDE78, 0xEEDA, 0xCDF6, 0x632C, 0x29C8, 0x3A8C, 0x4A6A, 0xCE16,
  0xD657, 0xCE37, 0xBD95, 0xD637, 0xD637, 0xD637, 0x6B2B, 0xCDF6, 0xCE17, 0xD658, 0xA4F2, 0x62EB,
  0xDE78, 0xDE78, 0xDEB9, 0xD637, 0xBDB5, 0xC5D5, 0xC5D5, 0xC5D5, 0xCE16, 0x9450, 0x5269, 0xA4D2,
  0xD637, 0x8C2F, 0x528A, 0x83EE, 0x7BCE, 0x738D, 0x2104, 0x2145, 0x2965, 0x2966, 0x2986, 0x2986,
  0x2986, 0x2986, 0x2986, 0x2986, 0x2986, 0x2986, 0x2986, 0x2986, 0x2986, 0x2986, 0x2986, 0x2966,
  0x2965, 0x18E4, 0x39C7, 0x840F, 0x83EF, 0x83EF, 0x5AEB, 0xB554, 0xBD95, 0xB533, 0x83CE, 0xD678,
  0xCE16, 0xCE37, 0xCE17, 0xCE17, 0xD658, 0xA4D2, 0x738D, 0x83EF, 0x736D, 0x4228, 0x7BCE, 0x9450,
  0x9450, 0x840F, 0x39C6, 0x736D, 0x8C2F, 0x83EF, 0x736D, 0x8C2F, 0x8C30, 0x8C2F, 0x2145, 0x1105,
  0x1105, 0x39E7, 0x840F, 0xA4F2, 0x9CD2, 0xBDB5, 0xDE78, 0xC5F6, 0x9471, 0x7BAE, 0x83EF, 0x8C50,
  0x7BAE, 0x39C6, 0x2125, 0x4208, 0x4229, 0x1904, 0x2145, 0x52AA, 0x6B4D, 0x31C7, 0x2145, 0x2965,
  0x2966, 0x2986, 0x18C3, 0x0000, 0x0021, 0x0020, 0x0020, 0x0020, 0x0020, 0x0020, 0x0020, 0x0020,
  0x0020, 0x0020, 0x0020, 0x0020, 0x0021, 0x0020, 0x0020, 0x0020, 0x0021, 0x0000, 0x2124, 0x4A8A,
  0x4A69, 0x4A8A, 0x4A8A, 0x4A8A, 0x4208, 0x2125, 0x2125, 0x18E3, 0x2986, 0x3A08, 0x83EF, 0x7BAE,
  0x4A48, 0x738D, 0xC5F6, 0xD658, 0xCDF6, 0xCDF6, 0xD658, 0xEF1B, 0xEF1A, 0xDE78, 0xDE98, 0xE6D9,
  0xAD33, 0x4249, 0x31C7, 0xCE16, 0xD657, 0xCE37, 0xBD95, 0xCE37, 0xCE37, 0xD637, 0x6B2C, 0xCDF6,
  0xCE37, 0xD658, 0xA4F2, 0x62EB, 0xDE98, 0xDE78, 0xDE99, 0xD637, 0xC5B5, 0xC5B5, 0xC5D5, 0xC5D6,
  0xCE37, 0x9470, 0x5269, 0x9CD2, 0xCE37, 0x8C0F, 0x5AAA, 0x7BEF, 0x7BAE, 0x738D, 0x18E3, 0x2165,
  0x2966, 0x18E3, 0x10C3, 0x10A3, 0x10C3, 0x10C3, 0x10C3, 0x10C3, 0x10C3, 0x10C3, 0x10C3, 0x10C3,
  0x18C3, 0x18C3, 0x18E3, 0x1904, 0x2986, 0x1904, 0x4207, 0x840F, 0x7BCE, 0x840F, 0x62EB, 0xB554,
  0xBD95, 0xAD33, 0x7BCE, 0xDE78, 0xCE16, 0xD637, 0xCE37, 0xCE17, 0xDE58, 0x9CD2, 0x738D, 0x83EF,
  0x736D, 0x4228, 0x7BCE, 0x9450, 0x9450, 0x840F, 0x39C6, 0x736D, 0x8C0F, 0x83EF, 0x736D, 0x8C30,
  0x8C30, 0x8C2F, 0x1904, 0x1905, 0x736C, 0xA4F2, 0xA4D2, 0xB533, 0xD657, 0xD658, 0xA4F3, 0x83EE,
  0x83CE, 0x8C30, 0x840F, 0x5AAA, 0x2945, 0x39E7, 0x4A69, 0x3186, 0x2125, 0x10A3, 0x2945, 0x31C7,
  0x39C7, 0x2125, 0x2966, 0x2966, 0x2966, 0x2986, 0x10C3, 0x0000, 0x0021, 0x0020, 0x0020, 0x0020,
  0x0020, 0x0021, 0x0020, 0x0020, 0x0020, 0x0020, 0x0020, 0x0020, 0x0021, 0x0020, 0x0020, 0x0020,
  0x0021, 0x0000, 0x2124, 0x4A8A, 0x4A69, 0x4A8A, 0x4A8A, 0x528A, 0x4249, 0x2145, 0x2125, 0x18C3,
  0x31C7, 0x39E8, 0x4229, 0x5AEB, 0x840F, 0x630B, 0x4A48, 0x9470, 0xD658, 0xD637, 0xC5D6, 0xCDF6,
  0xDEB9, 0xEF3B, 0xE6FA, 0xDE78, 0xE6DA, 0xDE78, 0x6B2B, 0xC5D6, 0xD657, 0xCE17, 0xBD94, 0xCE37,
  0xCE37, 0xD637, 0x6B2C, 0xC5F6, 0xCE17, 0xD657, 0xA4F2, 0x5ACB, 0xDE78, 0xDE78, 0xDE98, 0xD637,
  0xC5B5, 0xC5B5, 0xC5B5, 0xC5B5, 0xCE37, 0x9450, 0x5269, 0x9CD2, 0xCE17, 0x8C0F, 0x52AA, 0x840F,
  0x840F, 0x83EE, 0x2104, 0x2986, 0x2966, 0x10C3, 0x1082, 0x1082, 0x10C3, 0x10C3, 0x10A3, 0x10A3,
  0x10C3, 0x10C3, 0x10C3, 0x10C3, 0x10C3, 0x0882, 0x10A3, 0x2125, 0x31A7, 0x2125, 0x4A28, 0x9450,
  0x8C0F, 0x9471, 0x6B2C, 0xB534, 0xBD95, 0xAD33, 0x83CE, 0xDE78, 0xCE16, 0xD637, 0xD637, 0xCE37,
  0xD658, 0x9CD2, 0x73AE, 0x83EF, 0x736D, 0x4228, 0x7BCE, 0x9450, 0x9450, 0x840F, 0x39A6, 0x736D,
  0x8C0F, 0x83EE, 0x736D, 0x8C30, 0x8C30, 0x83EE, 0x39C6, 0x7BCE, 0xA4F2, 0xACF2, 0xCE16, 0xDE98,
  0xB574, 0x8C0F, 0x7BCE, 0x840F, 0x8C30, 0x6B4C, 0x3186, 0x2986, 0x4A69, 0x39E7, 0x2125, 0x2125,
  0x2145, 0x10C3, 0x2965, 0x39C7, 0x39E8, 0x2145, 0x2966, 0x2966, 0x2966, 0x2966, 0x10C3, 0x0000,
  0x0021, 0x0020, 0x0020, 0x0021, 0x0021, 0x0020, 0x0020, 0x0020, 0x0020, 0x0020, 0x0020, 0x0020,
  0x0020, 0x0021, 0x0020, 0x0020, 0x0021, 0x0000, 0x2125, 0x528A, 0x4A69, 0x4A6A, 0x4A6A, 0x4A8A,
  0x4249, 0x2125, 0x2125, 0x18E3, 0x31C7, 0x39E8, 0x4A49, 0x4228, 0x4249, 0x6B6D, 0x7BCE, 0x5269,
  0x5AAA, 0xB533, 0xDE78, 0xCDF6, 0xC5D5, 0xCE37, 0xE6FA, 0xEF3B, 0xDE98, 0xE6B9, 0x7BCE, 0xCDF6,
  0xDE78, 0xCDF6, 0xBD74, 0xCE17, 0xCE17, 0xD637, 0x6B0B, 0xC5F6, 0xCE17, 0xD657, 0xA4F2, 0x62EB,
  0xDE78, 0xD658, 0xDE98, 0xCE37, 0xBDB5, 0xC5B5, 0xBDB5, 0xBDB5, 0xCE16, 0x9450, 0x5289, 0x9CB2,
  0xCE17, 0x8C2F, 0x528A, 0xA4D2, 0xBD95, 0xB574, 0x2945, 0x2966, 0x2145, 0x18E3, 0x18E4, 0x18E4,
  0x18E4, 0x18E3, 0x18E4, 0x18E4, 0x18E4, 0x18E4, 0x18E4, 0x1904, 0x1904, 0x18E4, 0x2124, 0x2965,
  0x31A7, 0x1904, 0x62EB, 0xCDF6, 0xB574, 0xC5B5, 0x83EF, 0xAD33, 0xBD95, 0xAD33, 0x7BCE, 0xDE78,
  0xCE16, 0xD637, 0xD637, 0xCE17, 0xDE78, 0xA4D2, 0x738D, 0x83EF, 0x738D, 0x4228, 0x7BCE, 0x9450,
  0x9450, 0x840F, 0x31A6, 0x6B6D, 0x840F, 0x83EF, 0x736D, 0x8C30, 0x8C50, 0x840F, 0x4207, 0x8C50,
  0xC5B5, 0xDE78, 0xC5F6, 0x9491, 0x7BCE, 0x83EF, 0x9450, 0x7BCE, 0x4207, 0x2945, 0x4228, 0x4228,
  0x2966, 0x2145, 0x2145, 0x2145, 0x2145, 0x10C3, 0x2145, 0x31C7, 0x39E8, 0x2145, 0x2965, 0x2965,
  0x2145, 0x2966, 0x10C3, 0x0000, 0x0021, 0x0020, 0x0020, 0x0020, 0x0020, 0x0020, 0x0020, 0x0020,
  0x0020, 0x0020, 0x0020, 0x0020, 0x0020, 0x0020, 0x0020, 0x0020, 0x0021, 0x0000, 0x2104, 0x52AA,
  0x4A6A, 0x4A69, 0x4A6A, 0x528A, 0x4249, 0x2125, 0x2125, 0x18E3, 0x31C7, 0x39E7, 0x4A49, 0x4A49,
  0x4249, 0x4208, 0x52AA, 0x7BCE, 0x736D, 0x4228, 0x736D, 0xC5D6, 0xD657, 0xC5D6, 0xC5D5, 0xD657,
  0xE6FA, 0xF75C, 0xAD13, 0x840F, 0xC5B5, 0xD657, 0xBD95, 0xCE37, 0xCE16, 0xCE37, 0x6B2B, 0xC5F6,
  0xCE17, 0xD657, 0xA4D2, 0x62EB, 0xDE78, 0xD658, 0xDE99, 0xCE37, 0xBDB5, 0xC5B5, 0xC5B5, 0xC5B5,
  0xCE17, 0x9450, 0x5269, 0x9CB2, 0xCE17, 0x8C2F, 0x5289, 0xA4D2, 0xC5B5, 0xBD95, 0x2945, 0x2965,
  0x2945, 0x18E4, 0x18E4, 0x18E3, 0x18C3, 0x0862, 0x10A3, 0x10A3, 0x10A3, 0x10A3, 0x10A3, 0x10A3,
  0x1904, 0x18E3, 0x2125, 0x2966, 0x3186, 0x18E4, 0x630B, 0xCE17, 0xBD74, 0xC5D5, 0x83EE, 0xAD33,
  0xBD95, 0xAD33, 0x7BCE, 0xDE78, 0xCE16, 0xD637, 0xD637, 0xCE17, 0xD658, 0xA4D2, 0x738D, 0x83EF,
  0x736D, 0x4228, 0x7BCE, 0x8C50, 0x9450, 0x840F, 0x39A6, 0x6B6D, 0x840F, 0x83EF, 0x736D, 0x9470,
  0x8C0F, 0x630B, 0x736D, 0xD637, 0xD637, 0xA4F2, 0x83EF, 0x7BCE, 0x8C2F, 0x8C2F, 0x5AAA, 0x2965,
  0x39E7, 0x4A69, 0x31A7, 0x2145, 0x2145, 0x2145, 0x2145, 0x2125, 0x2125, 0x10C3, 0x2145, 0x31A7,
  0x39E8, 0x2145, 0x2945, 0x2145, 0x2145, 0x2986, 0x10C3, 0x0000, 0x0021, 0x0020, 0x0020, 0x0020,
  0x0020, 0x0020, 0x0020, 0x0020, 0x0020, 0x0020, 0x0020, 0x0020, 0x0020, 0x0020, 0x0021, 0x0020,
  0x0021, 0x0020, 0x0000, 0x18E4, 0x4229, 0x528A, 0x4A69, 0x4A8A, 0x4229, 0x2125, 0x2125, 0x18E3,
  0x31A7, 0x39E7, 0x4A49, 0x4249, 0x4249, 0x4A49, 0x4249, 0x4229, 0x5B0B, 0x83EF, 0x62EB, 0x4A48,
  0x9450, 0xD637, 0xCE17, 0xC5B5, 0xCDF6, 0xDEB9, 0xF75C, 0xCE17, 0x8C0F, 0x9CB2, 0xBD95, 0xD637,
  0xCDF6, 0xCE17, 0x6B2B, 0xC5F6, 0xCE16, 0xD657, 0xA4D2, 0x5ACA, 0xDE78, 0xD658, 0xDE98, 0xD637,
  0xC5B5, 0xC5B5, 0xC5D5, 0xC5D5, 0xD637, 0x8C50, 0x5269, 0x9CB2, 0xCE17, 0x8C2F, 0x528A, 0xA4F2,
  0xC5D6, 0xBD95, 0x2945, 0x31A7, 0x39E7, 0x18E4, 0x10C3, 0x10C3, 0x18E4, 0x10C3, 0x10E4, 0x10C3,
  0x10E4, 0x18E4, 0x18E4, 0x10A3, 0x1904, 0x18E3, 0x1904, 0x2966, 0x4228, 0x2945, 0x632C, 0xCE17,
  0xBD95, 0xC5D6, 0x83EE, 0xAD33, 0xBDB5, 0xAD33, 0x7BCE, 0xDE78, 0xCE16, 0xD637, 0xD637, 0xCE17,
  0xD658, 0x9CD2, 0x73AE, 0x83EF, 0x736D, 0x4228, 0x7BCE, 0x8C50, 0x9450, 0x840F, 0x31A6, 0x6B6D,
  0x8C0F, 0x83EF, 0x6B4C, 0x6B4C, 0x62EB, 0xAD13, 0xDEB9, 0xB574, 0x840F, 0x7BAE, 0x840F, 0x8C30,
  0x6B4C, 0x3186, 0x3186, 0x4A69, 0x39E8, 0x2145, 0x2145, 0x2965, 0x2945, 0x2145, 0x2145, 0x2125,
  0x2125, 0x10C3, 0x2145, 0x31C7, 0x39E8, 0x2145, 0x2965, 0x2966, 0x2965, 0x18E3, 0x0020, 0x0020,
  0x0021, 0x0020, 0x0020, 0x0020, 0x0020, 0x0020, 0x0020, 0x0020, 0x0020, 0x0020, 0x0020, 0x0020,
  0x0020, 0x0020, 0x0020, 0x0020, 0x0021, 0x0020, 0x0020, 0x0000, 0x0020, 0x2965, 0x4A6A, 0x528A,
  0x4228, 0x2145, 0x2125, 0x10C3, 0x31C7, 0x39E8, 0x4249, 0x4249, 0x4A49, 0x4A49, 0x4A49, 0x4A69,
  0x4228, 0x4249, 0x6B6D, 0x7BCE, 0x4A69, 0x5ACA, 0xAD13, 0xD658, 0xCDF6, 0xC5B5, 0xCDF6, 0xE6D9,
  0xF75C, 0xBDB6, 0x840F, 0xC5B5, 0xCE16, 0xCE16, 0x6B0B, 0xCDF6, 0xCE16, 0xD637, 0xA4D2, 0x5ACA,
  0xDE78, 0xD678, 0xDE98, 0xCE37, 0xBD95, 0xC5D5, 0xC5D5, 0xC5D6, 0xD637, 0x8C50, 0x5269, 0x9CB2,
  0xCE16, 0x8C2F, 0x528A, 0xA4F3, 0xC5D6, 0xBD94, 0x2945, 0x39E8, 0x4228, 0x18E4, 0x18E3, 0x1904,
  0x2145, 0x10C4, 0x1925, 0x1905, 0x1925, 0x1925, 0x1925, 0x10C3, 0x2945, 0x2125, 0x2125, 0x31A6,
  0x4A69, 0x31A6, 0x632C, 0xCE16, 0xBD95, 0xCDF6, 0x83EF, 0xAD33, 0xBDB5, 0xAD33, 0x7BCE, 0xDE78,
  0xCE16, 0xCE17, 0xCE17, 0xCE17, 0xD657, 0x9CB2, 0x738D, 0x83EF, 0x736D, 0x4228, 0x7BCE, 0x8C30,
  0x8C30, 0x83EF, 0x31A6, 0x6B6D, 0x840F, 0x7BCE, 0x5ACB, 0x8C0F, 0xCDF6, 0xCDF6, 0x9491, 0x7BCE,
  0x83EF, 0x8C30, 0x7BAE, 0x4207, 0x2945, 0x4228, 0x4249, 0x2966, 0x2125, 0x2145, 0x2145, 0x2145,
  0x2145, 0x2145, 0x2145, 0x2125, 0x2145, 0x18C3, 0x2966, 0x31C7, 0x39C7, 0x2145, 0x2986, 0x2124,
  0x0861, 0x0000, 0x0020, 0x0021, 0x0020, 0x0020, 0x0020, 0x0020, 0x0021, 0x0021, 0x0021, 0x0020,
  0x0020, 0x0020, 0x0020, 0x0020, 0x0020, 0x0020, 0x0020, 0x0020, 0x0020, 0x0020, 0x0020, 0x0021,
  0x0020, 0x0000, 0x1082, 0x39C7, 0x4A69, 0x1904, 0x0861, 0x0020, 0x10C3, 0x31C7, 0x4A6A, 0x4249,
  0x4249, 0x4A49, 0x4A49, 0x4A69, 0x4A49, 0x4249, 0x4228, 0x528A, 0x7BAE, 0x736D, 0x4A48, 0x738D,
  0xC5D6, 0xD637, 0xC5D5, 0xC5B5, 0xDE78, 0xDEB9, 0x5ACB, 0xA4F2, 0xD657, 0xCE16, 0x630B, 0xC5F6,
  0xCE17, 0xD637, 0xA4F2, 0x5ACA, 0xDE78, 0xD658, 0xDE98, 0xCE37, 0xBD95, 0xC5D5, 0xC5D6, 0xC5D5,
  0xCE17, 0x8C50, 0x5269, 0x9CB2, 0xCE17, 0x8C2F, 0x52AA, 0xA4F3, 0xC5D6, 0xBD95, 0x2945, 0x39E7,
  0x4208, 0x1904, 0x2104, 0x2124, 0x2145, 0x10C3, 0x2166, 0x2146, 0x2146, 0x2146, 0x2167, 0x1925,
  0x2986, 0x2125, 0x2986, 0x39E7, 0x4A69, 0x2986, 0x6B2C, 0xCE17, 0xBD95, 0xCDF6, 0x840F, 0xAD33,
  0xBD95, 0xB533, 0x7BCE, 0xD678, 0xCE16, 0xCE37, 0xCE16, 0xCDF6, 0xD657, 0x9CD2, 0x73AE, 0x83EF,
  0x736D, 0x4228, 0x7BAE, 0x8C30, 0x8C50, 0x83EF, 0x31A6, 0x6B4C, 0x8C2F, 0x5ACA, 0x6B4C, 0xD658,
  0xA4F2, 0x7BCE, 0x7BCE, 0x8C30, 0x8C0F, 0x5AAA, 0x2945, 0x31C7, 0x4A49, 0x31A7, 0x2125, 0x2145,
  0x2145, 0x2145, 0x2145, 0x2145, 0x2145, 0x2145, 0x2145, 0x2145, 0x18E3, 0x0841, 0x10C3, 0x31C7,
  0x4208, 0x2125, 0x10A2, 0x0000, 0x0000, 0x0021, 0x0020, 0x0020, 0x0020, 0x0020, 0x0020, 0x0020,
  0x0021, 0x0020, 0x0020, 0x0020, 0x0020, 0x0020, 0x0020, 0x0020, 0x0020, 0x0020, 0x0020, 0x0020,
  0x0020, 0x0020, 0x0020, 0x0020, 0x0020, 0x0021, 0x0000, 0x0000, 0x10A2, 0x0000, 0x0000, 0x0020,
  0x0000, 0x0041, 0x2965, 0x4A69, 0x4A69, 0x4249, 0x4249, 0x4A49, 0x4A49, 0x4A49, 0x4A69, 0x4249,
  0x4228, 0x5AEB, 0x7BCF, 0x5ACB, 0x4A28, 0x8C30, 0xD637, 0xCE17, 0xCDF6, 0xA4F2, 0x39E7, 0xA4B1,
  0xD657, 0xCDF6, 0x630B, 0xC5D6, 0xCE16, 0xD657, 0xA4D2, 0x5ACA, 0xD678, 0xD658, 0xDE78, 0xCE37,
  0xBDB5, 0xC5D5, 0xC5D5, 0xC5B5, 0xCE16, 0x8C50, 0x5269, 0x9CB2, 0xCE17, 0x8C2F, 0x5AAA, 0xA4F2,
  0xC5D6, 0xBD95, 0x2945, 0x39C7, 0x4208, 0x1904, 0x1904, 0x1904, 0x2145, 0x10C4, 0x2146, 0x2146,
  0x2146, 0x2146, 0x2166, 0x1925, 0x2986, 0x2124, 0x2966, 0x39E8, 0x4A69, 0x2986, 0x6B2C, 0xCE37,
  0xBD95, 0xCDF6, 0x840F, 0xAD33, 0xBDB5, 0xB533, 0x7BCE, 0xDE78, 0xCE16, 0xCE17, 0xCE17, 0xCE16,
  0xD637, 0x9CD2, 0x7BAE, 0x83EE, 0x736D, 0x4228, 0x7BCE, 0x8C50, 0x8C50, 0x83EF, 0x31A6, 0x6B4C,
  0x83EF, 0x5ACA, 0x5289, 0x8C50, 0x7BCE, 0x840F, 0x8C30, 0x6B4C, 0x3186, 0x2986, 0x4A49, 0x39E8,
  0x2145, 0x2145, 0x2965, 0x2145, 0x2145, 0x2145, 0x2145, 0x2145, 0x2125, 0x2145, 0x1904, 0x0861,
  0x0000, 0x0000, 0x0000, 0x0861, 0x1904, 0x0020, 0x0000, 0x0020, 0x0021, 0x0020, 0x0020, 0x0020,
  0x0020, 0x0020, 0x0020, 0x0021, 0x0020, 0x0020, 0x0020, 0x0020, 0x0020, 0x0020, 0x0020, 0x0020,
  0x0020, 0x0020, 0x0020, 0x0020, 0x0020, 0x0021, 0x0020, 0x0021, 0x0020, 0x0020, 0x0021, 0x0021,
  0x0000, 0x0020, 0x0021, 0x0020, 0x0021, 0x0020, 0x0000, 0x1082, 0x39C7, 0x4A6A, 0x4A49, 0x4249,
  0x4A49, 0x4A49, 0x4A49, 0x4A49, 0x4A69, 0x4229, 0x39E7, 0x6B4D, 0x7BCE, 0x5269, 0x5AAA, 0xAD13,
  0xDE78, 0xAD13, 0x4228, 0x9CB1, 0xD637, 0xCDF6, 0x630B, 0xC5D5, 0xCDF6, 0xD637, 0xA4F2, 0x5ACB,
  0xD658, 0xD657, 0xDE78, 0xCE17, 0xC5B5, 0xC5D5, 0xC5D5, 0xC5D5, 0xCE16, 0x8C30, 0x5269, 0x9CB2,
  0xCE17, 0x8C0F, 0x5AAA, 0xA513, 0xC5D5, 0xBD95, 0x2945, 0x39E8, 0x4228, 0x1904, 0x1904, 0x1904,
  0x2145, 0x10E4, 0x2146, 0x2146, 0x2166, 0x2166, 0x2166, 0x1904, 0x2986, 0x2145, 0x2966, 0x39E7,
  0x4A69, 0x2986, 0x6B2C, 0xCE37, 0xBD94, 0xC5F6, 0x840F, 0xAD33, 0xBDB5, 0xAD33, 0x83CE, 0xD678,
  0xCDF6, 0xCE17, 0xCE17, 0xCDF6, 0xD637, 0x9CD2, 0x738D, 0x7BCE, 0x6B4D, 0x4208, 0x7BAE, 0x8C30,
  0x8C30, 0x83EF, 0x31A6, 0x6B2C, 0x83EF, 0x5ACA, 0x528A, 0x8C30, 0x8C0F, 0x7BAE, 0x4208, 0x2945,
  0x4228, 0x4229, 0x2145, 0x2125, 0x2145, 0x2145, 0x2145, 0x2145, 0x2145, 0x2145, 0x2125, 0x2145,
  0x2125, 0x10A2, 0x0000, 0x0000, 0x0021, 0x0021, 0x0021, 0x0000, 0x0000, 0x0020, 0x0021, 0x0020,
  0x0020, 0x0020, 0x0020, 0x0020, 0x0020, 0x0020, 0x0021, 0x0020, 0x0020, 0x0021, 0x0020, 0x0020,
  0x0020, 0x0020, 0x0020, 0x0020, 0x0020, 0x0020, 0x0020, 0x0020, 0x0020, 0x0021, 0x0020, 0x0020,
  0x0020, 0x0020, 0x0020, 0x0021, 0x0021, 0x0021, 0x0020, 0x0020, 0x0020, 0x0021, 0x0021, 0x0000,
  0x0000, 0x1904, 0x4228, 0x4A69, 0x4A49, 0x4A49, 0x4A49, 0x4A49, 0x4249, 0x4A49, 0x4208, 0x4228,
  0x528A, 0x7BAE, 0x6B6D, 0x4228, 0x7B8D, 0xA4D2, 0x4228, 0x9CB1, 0xDE78, 0xC5D5, 0x630B, 0xC5D6,
  0xCDF6, 0xD637, 0xA4D2, 0x5ACA, 0xD658, 0xD657, 0xDE78, 0xCE37, 0xBD95, 0xC5D5, 0xC5D6, 0xC5D5,
  0xCDF6, 0x8C30, 0x5269, 0x9CB1, 0xCE17, 0x8C0F, 0x5AAA, 0xA513, 0xC5D5, 0xBD94, 0x2945, 0x39E8,
  0x4228, 0x1904, 0x1904, 0x1904, 0x2145, 0x10E4, 0x2166, 0x2146, 0x2166, 0x2146, 0x2166, 0x2145,
  0x31A7, 0x2965, 0x2986, 0x39E8, 0x4A6A, 0x3186, 0x6B2C, 0xCE17, 0xBD94, 0xC5D6, 0x83EF, 0xAD33,
  0xBD95, 0xAD33, 0x7BCE, 0xD658, 0xCDF6, 0xCE17, 0xCE16, 0xCDF6, 0xD637, 0x9CD2, 0x738D, 0x7BCE,
  0x736D, 0x4208, 0x7BAE, 0x8C30, 0x8C30, 0x83EF, 0x31A6, 0x630B, 0x840F, 0x630B, 0x5ACA, 0x8C2F,
  0x5289, 0x2965, 0x39E7, 0x4A49, 0x31A7, 0x2125, 0x2125, 0x2945, 0x2145, 0x2145, 0x2145, 0x2145,
  0x2125, 0x2145, 0x2145, 0x18E3, 0x0041, 0x0000, 0x0020, 0x0021, 0x0020, 0x0020, 0x0020, 0x0021,
  0x0021, 0x0021, 0x0020, 0x0020, 0x0020, 0x0020, 0x0020, 0x0020, 0x0021, 0x0020, 0x0020, 0x0020,
  0x0020, 0x0021, 0x0020, 0x0020, 0x0020, 0x0020, 0x0020, 0x0020, 0x0020, 0x0020, 0x0021, 0x0020,
  0x0020, 0x0020, 0x0020, 0x0020, 0x0020, 0x0020, 0x0020, 0x0020, 0x0020, 0x0021, 0x0020, 0x0020,
  0x0021, 0x0020, 0x0020, 0x0021, 0x0020, 0x0000, 0x0841, 0x2965, 0x4A49, 0x4A69, 0x4249, 0x4A49,
  0x4A49, 0x4A69, 0x4208, 0x4A49, 0x4249, 0x4228, 0x5AEB, 0x7BCF, 0x5AEB, 0x4228, 0x2945, 0x4A28,
  0xB553, 0xDE78, 0x6B0B, 0xC5D5, 0xCDF6, 0xD637, 0xA4D2, 0x5ACA, 0xD658, 0xD657, 0xDE78, 0xCE37,
  0xBD95, 0xC5D5, 0xC5D5, 0xC5B5, 0xCE16, 0x8C30, 0x5269, 0x9CB1, 0xCE16, 0x8C0F, 0x52AA, 0xA513,
  0xC5B5, 0xBD94, 0x2945, 0x39E8, 0x4228, 0x1904, 0x1904, 0x1904, 0x2145, 0x10E4, 0x2166, 0x2166,
  0x2166, 0x1946, 0x2987, 0x31A7, 0x31C7, 0x2945, 0x2986, 0x39E8, 0x4A69, 0x3186, 0x6B2C, 0xCE16,
  0xBD94, 0xC5D6, 0x83EF, 0xAD33, 0xBD95, 0xB533, 0x83CE, 0xD658, 0xCDF6, 0xCE16, 0xCE16, 0xCDF6,
  0xD637, 0x9CB2, 0x738D, 0x7BCE, 0x736D, 0x4208, 0x7BAE, 0x8C2F, 0x8C30, 0x83EE, 0x31A6, 0x6B6D,
  0x6B4C, 0x2965, 0x2965, 0x39C7, 0x2986, 0x4A69, 0x39E8, 0x2125, 0x2145, 0x2145, 0x2125, 0x2145,
  0x2145, 0x2145, 0x2145, 0x2145, 0x2145, 0x2124, 0x0862, 0x0000, 0x0000, 0x0021, 0x0020, 0x0020,
  0x0021, 0x0020, 0x0020, 0x0021, 0x0020, 0x0021, 0x0020, 0x0020, 0x0020, 0x0020, 0x0020, 0x0021,
  0x0020, 0x0020, 0x0020, 0x0021, 0x0020, 0x0020, 0x0020, 0x0020, 0x0020, 0x0020, 0x0020, 0x0020,
  0x0020, 0x0020, 0x0020, 0x0020, 0x0020, 0x0020, 0x0020, 0x0020, 0x0020, 0x0021, 0x0020, 0x0020,
  0x0021, 0x0020, 0x0020, 0x0021, 0x0020, 0x0020, 0x0020, 0x0020, 0x0020, 0x0021, 0x0020, 0x0000,
  0x1082, 0x39C7, 0x4A6A, 0x4A49, 0x4249, 0x4A49, 0x3A08, 0x4249, 0x4A49, 0x4A69, 0x4249, 0x4A49,
  0x6B4D, 0x83EF, 0x738E, 0x52AA, 0x4207, 0x7B8D, 0x5ACA, 0xC5D6, 0xCDF6, 0xD637, 0xA4D2, 0x5ACA,
  0xD658, 0xD657, 0xDE78, 0xCE17, 0xBD95, 0xC5B5, 0xC5B5, 0xC5B5, 0xCE16, 0x8C30, 0x5269, 0x9CB1,
  0xCDF6, 0x8C0F, 0x5AAA, 0xA4F3, 0xC5B5, 0xBD74, 0x2945, 0x39E8, 0x4228, 0x1904, 0x18E4, 0x1904,
  0x2145, 0x10E4, 0x2166, 0x2166, 0x2166, 0x2166, 0x2966, 0x2965, 0x2986, 0x2145, 0x2986, 0x39E7,
  0x4A69, 0x2986, 0x6B2C, 0xCE16, 0xBD74, 0xC5F6, 0x840F, 0xAD33, 0xBDB5, 0xB533, 0x83CE, 0xD658,
  0xC5F6, 0xCE16, 0xCE16, 0xCDF6, 0xD637, 0x9CB1, 0x738D, 0x7BCE, 0x736D, 0x4208, 0x73AE, 0x8C2F,
  0x8C30, 0x83EE, 0x3185, 0x39C7, 0x1904, 0x2966, 0x4228, 0x4A69, 0x4228, 0x2966, 0x2125, 0x2145,
  0x2145, 0x2125, 0x2125, 0x2145, 0x2125, 0x2145, 0x2145, 0x2145, 0x10A3, 0x0000, 0x0000, 0x0021,
  0x0021, 0x0020, 0x0020, 0x0020, 0x0020, 0x0020, 0x0020, 0x0020, 0x0020, 0x0020, 0x0020, 0x0020,
  0x0020, 0x0020, 0x0020, 0x0020, 0x0020, 0x0020, 0x0020, 0x0020, 0x0020, 0x0020, 0x0020, 0x0020,
  0x0020, 0x0020, 0x0020, 0x0020, 0x0020, 0x0020, 0x0020, 0x0020, 0x0020, 0x0020, 0x0020, 0x0020,
  0x0020, 0x0021, 0x0020, 0x0020, 0x0020, 0x0020, 0x0021, 0x0021, 0x0020, 0x0020, 0x0020, 0x0020,
  0x0020, 0x0020, 0x0021, 0x0021, 0x0000, 0x0000, 0x2104, 0x4229, 0x4A6A, 0x4A49, 0x3A08, 0x4A49,
  0x4A49, 0x4A69, 0x4A69, 0x4A49, 0x4228, 0x528A, 0x738D, 0x7BCF, 0x6B6D, 0x4249, 0x4208, 0xCE16,
  0xC5D6, 0xD637, 0xA4D2, 0x5ACA, 0xD658, 0xD637, 0xDE78, 0xCE37, 0xBDB5, 0xBDB5, 0xC5B5, 0xC5B5,
  0xCDF6, 0x8C30, 0x5269, 0x9CB1, 0xCDF6, 0x8C0F, 0x5AAA, 0xA4F3, 0xC5B5, 0xBD74, 0x2945, 0x39E8,
  0x4228, 0x1904, 0x1904, 0x1904, 0x2125, 0x10E4, 0x2166, 0x2166, 0x2166, 0x2166, 0x2987, 0x2986,
  0x2986, 0x2145, 0x2986, 0x39E8, 0x4A6A, 0x2986, 0x632C, 0xCE17, 0xBD94, 0xC5D6, 0x840F, 0xAD33,
  0xBD95, 0xAD33, 0x7BCE, 0xD658, 0xC5F6, 0xCE16, 0xCDF6, 0xCDF6, 0xD657, 0x9CB2, 0x738D, 0x7BEF,
  0x736D, 0x4208, 0x7BAE, 0x840F, 0x840F, 0x83EF, 0x20E3, 0x1904, 0x39E8, 0x4A69, 0x4A49, 0x31A7,
  0x2125, 0x2145, 0x2145, 0x2145, 0x2145, 0x2125, 0x2125, 0x2145, 0x2145, 0x2145, 0x18E4, 0x0841,
  0x0000, 0x0020, 0x0021, 0x0020, 0x0020, 0x0020, 0x0020, 0x0020, 0x0020, 0x0020, 0x0021, 0x0021,
  0x0020, 0x0020, 0x0020, 0x0020, 0x0020, 0x0020, 0x0020, 0x0020, 0x0020, 0x0020, 0x0021, 0x0020,
  0x0020, 0x0020, 0x0020, 0x0020, 0x0020, 0x0020, 0x0020, 0x0021, 0x0020, 0x0020, 0x0020, 0x0021,
  0x0020, 0x0020, 0x0020, 0x0020, 0x0020, 0x0020, 0x0021, 0x0020, 0x0020, 0x0020, 0x0020, 0x0020,
  0x0020, 0x0021, 0x0020, 0x0020, 0x0020, 0x0020, 0x0020, 0x0020, 0x0021, 0x0020, 0x0000, 0x0841,
  0x2965, 0x4A69, 0x4208, 0x4249, 0x4A49, 0x4A49, 0x4A49, 0x4A69, 0x4A69, 0x4A49, 0x4229, 0x52CB,
  0x7BEF, 0x7BAE, 0x39C6, 0xCDF6, 0xCE16, 0xCE16, 0xA4D2, 0x5ACA, 0xD658, 0xD657, 0xDE78, 0xCE17,
  0xBDB5, 0xC5B5, 0xC5B5, 0xC5B5, 0xCDF6, 0x8C30, 0x5269, 0x9CB1, 0xCDF6, 0x8C0F, 0x5AAA, 0xA4F2,
  0xBDB5, 0xB574, 0x2945, 0x39E8, 0x4228, 0x1904, 0x1904, 0x1904, 0x2125, 0x10E4, 0x2167, 0x2166,
  0x2166, 0x2166, 0x2145, 0x1904, 0x2986, 0x2145, 0x2966, 0x39E7, 0x4A8A, 0x2986, 0x6B2C, 0xCE16,
  0xBD74, 0xC5D5, 0x83EF, 0xAD33, 0xBD95, 0xAD33, 0x7BCE, 0xD658, 0xC5F6, 0xCDF6, 0xCE16, 0xCDF6,
  0xD637, 0x9CB2, 0x738D, 0x7BCE, 0x736D, 0x4208, 0x73AE, 0x840F, 0x8C2F, 0x83CE, 0x18C3, 0x31C7,
  0x4A69, 0x31C7, 0x2125, 0x2145, 0x2145, 0x2145, 0x2145, 0x2145, 0x2145, 0x2125, 0x2125, 0x2145,
  0x2104, 0x0862, 0x0000, 0x0000, 0x0021, 0x0020, 0x0020, 0x0020, 0x0020, 0x0021, 0x0020, 0x0020,
  0x0020, 0x0020, 0x0020, 0x0020, 0x0020, 0x0020, 0x0021, 0x0020, 0x0021, 0x0020, 0x0020, 0x0020,
  0x0020, 0x0020, 0x0020, 0x0021, 0x0020, 0x0021, 0x0020, 0x0020, 0x0020, 0x0020, 0x0020, 0x0021,
  0x0020, 0x0021, 0x0021, 0x0020, 0x0020, 0x0020, 0x0020, 0x0021, 0x0020, 0x0021, 0x0021, 0x0020,
  0x0020, 0x0021, 0x0020, 0x0020, 0x0020, 0x0020, 0x0020, 0x0020, 0x0020, 0x0021, 0x0020, 0x0021,
  0x0020, 0x0020, 0x0021, 0x0000, 0x0000, 0x10A2, 0x3186, 0x4A6A, 0x4A69, 0x4249, 0x4A49, 0x4A69,
  0x4A69, 0x4A69, 0x4A49, 0x4229, 0x4A69, 0x4228, 0x5289, 0x5AAA, 0xAD13, 0xDE98, 0xA4D2, 0x5ACA,
  0xD657, 0xD657, 0xDE78, 0xCE16, 0xBDB5, 0xC5B5, 0xBDB5, 0xBD95, 0xCDF6, 0x8C30, 0x5269, 0x9CB1,
  0xCDF6, 0x8C0F, 0x5ACA, 0xA4F2, 0xBD94, 0xB554, 0x2945, 0x39E7, 0x4208, 0x1904, 0x1904, 0x1904,
  0x2145, 0x10E4, 0x2166, 0x2166, 0x2166, 0x2187, 0x2166, 0x18E4, 0x2986, 0x2145, 0x2966, 0x39E7,
  0x4A6A, 0x2986, 0x630C, 0xCDF6, 0xBD74, 0xC5D5, 0x83EF, 0xB533, 0xBD95, 0xAD13, 0x7BAE, 0xD658,
  0xC5F6, 0xCE16, 0xCDF6, 0xC5F6, 0xD637, 0x9CB2, 0x738D, 0x7BCE, 0x736D, 0x4208, 0x738D, 0x8C50,
  0x736D, 0x31A6, 0x2104, 0x2104, 0x2966, 0x2125, 0x2145, 0x2145, 0x2145, 0x2145, 0x2145, 0x2145,
  0x2145, 0x2145, 0x2125, 0x10C3, 0x0000, 0x0000, 0x0021, 0x0021, 0x0020, 0x0020, 0x0020, 0x0021,
  0x0020, 0x0020, 0x0020, 0x0020, 0x0020, 0x0020, 0x0020, 0x0020, 0x0020, 0x0020, 0x0020, 0x0021,
  0x0021, 0x0020, 0x0021, 0x0020, 0x0021, 0x0020, 0x0020, 0x0021, 0x0020, 0x0020, 0x0020, 0x0020,
  0x0020, 0x0020, 0x0020, 0x0020, 0x0020, 0x0020, 0x0020, 0x0021, 0x0020, 0x0020, 0x0020, 0x0020,
  0x0020, 0x0020, 0x0020, 0x0020, 0x0020, 0x0020, 0x0020, 0x0020, 0x0020, 0x0021, 0x0021, 0x0020,
  0x0020, 0x0021, 0x0021, 0x0020, 0x0020, 0x0020, 0x0020, 0x0021, 0x0021, 0x0000, 0x0000, 0x2104,
  0x4229, 0x4A6A, 0x4A49, 0x4A49, 0x4A69, 0x4A69, 0x4A49, 0x4A6A, 0x39E7, 0x41E7, 0xA4F2, 0x73AE,
  0x4228, 0x7BCE, 0x9470, 0x62EB, 0xD658, 0xCE17, 0xD658, 0xCE17, 0xBD94, 0xBD95, 0xBD95, 0xBD95,
  0xC5F6, 0x8C30, 0x4A69, 0x9C91, 0xCDF6, 0x8C0F, 0x5AAA, 0xA4D2, 0xBD74, 0xB554, 0x2945, 0x39E7,
  0x4208, 0x1904, 0x1904, 0x1904, 0x2145, 0x18E4, 0x2167, 0x2166, 0x2166, 0x2187, 0x29A7, 0x2145,
  0x31A6, 0x2145, 0x2966, 0x39E7, 0x4A6A, 0x2986, 0x630B, 0xC5F6, 0xB574, 0xC5B5, 0x83EF, 0xAD33,
  0xBD95, 0xAD13, 0x7BCE, 0xD657, 0xC5F6, 0xCE16, 0xCDF6, 0xC5D6, 0xCE17, 0x9CB1, 0x738D, 0x7BCE,
  0x736D, 0x4208, 0x6B4C, 0x4A49, 0x2965, 0x4249, 0x5ACB, 0x18C3, 0x18E4, 0x2145, 0x2145, 0x2145,
  0x2145, 0x2145, 0x2145, 0x2145, 0x2145, 0x18E3, 0x0020, 0x0000, 0x0020, 0x0021, 0x0020, 0x0020,
  0x0020, 0x0020, 0x0020, 0x0021, 0x0020, 0x0021, 0x0020, 0x0020, 0x0020, 0x0021, 0x0020, 0x0021,
  0x0020, 0x0021, 0x0021, 0x0021, 0x0020, 0x0021, 0x0021, 0x0020, 0x0021, 0x0020, 0x0021, 0x0020,
  0x0020, 0x0020, 0x0020, 0x0020, 0x0020, 0x0020, 0x0020, 0x0020, 0x0020, 0x0020, 0x0020, 0x0020,
  0x0020, 0x0020, 0x0020, 0x0020, 0x0020, 0x0020, 0x0020, 0x0021, 0x0020, 0x0020, 0x0020, 0x0020,
  0x0020, 0x0021, 0x0021, 0x0020, 0x0020, 0x0020, 0x0020, 0x0020, 0x0020, 0x0020, 0x0020, 0x0020,
  0x0020, 0x0021, 0x0020, 0x0000, 0x0841, 0x2966, 0x4A69, 0x4A6A, 0x4A49, 0x4A49, 0x4A49, 0x4A69,
  0x39E7, 0x2945, 0x630C, 0x8C30, 0x9471, 0x630C, 0x39E7, 0x3186, 0xC5F6, 0xDE78, 0xD637, 0xCE17,
  0xB574, 0xBD74, 0xBD94, 0xBD94, 0xCDF6, 0x8C50, 0x4A49, 0x9C91, 0xCDF6, 0x8C2F, 0x52AA, 0x9CB1,
  0xBD94, 0xB554, 0x2945, 0x39E7, 0x4208, 0x1904, 0x1904, 0x1904, 0x2145, 0x10E4, 0x2187, 0x2166,
  0x2166, 0x2187, 0x2987, 0x1925, 0x31A6, 0x2145, 0x2966, 0x39E7, 0x4A69, 0x2986, 0x630C, 0xCDF6,
  0xB574, 0xC5B5, 0x83EF, 0xAD33, 0xBD94, 0xAD12, 0x7BAE, 0xD637, 0xC5D6, 0xC5F6, 0xC5D6, 0xC5D5,
  0xCE17, 0x9491, 0x736D, 0x83EF, 0x630B, 0x2104, 0x2965, 0x39E7, 0x5ACB, 0x4A69, 0x3186, 0x10A2,
  0x18E4, 0x2145, 0x2145, 0x2145, 0x2125, 0x2145, 0x2145, 0x2125, 0x0882, 0x0000, 0x0000, 0x0021,
  0x0021, 0x0020, 0x0020, 0x0020, 0x0021, 0x0020, 0x0021, 0x0020, 0x0020, 0x0020, 0x0020, 0x0020,
  0x0020, 0x0020, 0x0020, 0x0020, 0x0021, 0x0020, 0x0020, 0x0020, 0x0021, 0x0021, 0x0020, 0x0020,
  0x0020, 0x0020, 0x0020, 0x0020, 0x0021, 0x0020, 0x0020, 0x0020, 0x0020, 0x0020, 0x0020, 0x0021,
  0x0020, 0x0020, 0x0020, 0x0020, 0x0020, 0x0020, 0x0020, 0x0020, 0x0020, 0x0021, 0x0020, 0x0021,
  0x0021, 0x0020, 0x0021, 0x0021, 0x0020, 0x0020, 0x0020, 0x0020, 0x0021, 0x0021, 0x0020, 0x0020,
  0x0020, 0x0020, 0x0020, 0x0020, 0x0020, 0x0020, 0x0021, 0x0021, 0x0020, 0x0000, 0x1082, 0x39C7,
  0x4A6A, 0x4A69, 0x4249, 0x4A69, 0x39C7, 0x2965, 0x52AA, 0x4A69, 0x6B4D, 0x9C91, 0x630B, 0x31A6,
  0x5AAA, 0x9CB1, 0xE6D9, 0xCE37, 0xBD74, 0xBDB5, 0xBDB5, 0xC5B5, 0xCE17, 0x9471, 0x5269, 0x9471,
  0xC5F6, 0x840F, 0x5289, 0x9C91, 0xAD33, 0xACF2, 0x2945, 0x39E7, 0x4208, 0x1904, 0x1904, 0x1904,
  0x2145, 0x10C3, 0x2125, 0x2145, 0x2145, 0x2145, 0x2145, 0x2125, 0x31A7, 0x2145, 0x2986, 0x39E8,
  0x4A69, 0x2986, 0x62EB, 0xBDB5, 0xAD33, 0xB574, 0x7BAE, 0xAD33, 0xB574, 0xAD33, 0x83EF, 0xD657,
  0xC5D6, 0xC5D6, 0xC5D6, 0xCDF6, 0xD637, 0x9CB2, 0x738D, 0x5AAA, 0x2965, 0x18E3, 0x4A69, 0x5ACB,
  0x39C7, 0x2145, 0x2965, 0x10A2, 0x18C3, 0x2125, 0x2145, 0x2145, 0x2145, 0x2145, 0x10A3, 0x0020,
  0x0000, 0x0021, 0x0021, 0x0020, 0x0020, 0x0020, 0x0020, 0x0020, 0x0020, 0x0020, 0x0020, 0x0020,
  0x0020, 0x0020, 0x0020, 0x0021, 0x0021, 0x0020, 0x0020, 0x0020, 0x0021, 0x0021, 0x0020, 0x0020,
  0x0020, 0x0020, 0x0020, 0x0020, 0x0020, 0x0020, 0x0020, 0x0020, 0x0021, 0x0021, 0x0020, 0x0020,
  0x0020, 0x0020, 0x0020, 0x0021, 0x0020, 0x0020, 0x0020, 0x0020, 0x0020, 0x0021, 0x0020, 0x0020,
  0x0020, 0x0021, 0x0020, 0x0020, 0x0020, 0x0021, 0x0020, 0x0021, 0x0020, 0x0020, 0x0020, 0x0020,
  0x0021, 0x0020, 0x0020, 0x0020, 0x0020, 0x0021, 0x0020, 0x0020, 0x0020, 0x0020, 0x0020, 0x0020,
  0x0020, 0x0021, 0x0000, 0x0000, 0x2104, 0x4229, 0x4A6A, 0x4A49, 0x39C7, 0x2965, 0x52CB, 0x528A,
  0x4A6A, 0x52AA, 0x39C7, 0x9491, 0x8C30, 0x528A, 0x7BAE, 0xAD33, 0x9CB1, 0xA4D2, 0xA4F2, 0xA4F2,
  0xB533, 0x7BAE, 0x2124, 0x83EF, 0xC5D6, 0x83CE, 0x2104, 0x52AA, 0x5ACB, 0x5289, 0x18C3, 0x3A08,
  0x4208, 0x1904, 0x1904, 0x1904, 0x2966, 0x31A7, 0x31C7, 0x31A7, 0x31C7, 0x31C7, 0x31C7, 0x31A7,
  0x31A7, 0x2965, 0x3186, 0x39E7, 0x4A69, 0x39C7, 0x39C7, 0x630B, 0x62EB, 0x630B, 0x4A48, 0xAD33,
  0xBD94, 0x8C0F, 0x5ACA, 0xBD95, 0xAD13, 0xB554, 0xB574, 0xB553, 0xBD94, 0x840F, 0x3186, 0x3186,
  0x52CB, 0x4228, 0x2124, 0x2966, 0x2125, 0x2965, 0x2966, 0x10A2, 0x18E3, 0x2125, 0x2145, 0x2965,
  0x18E4, 0x0841, 0x0000, 0x0020, 0x0021, 0x0020, 0x0020, 0x0020, 0x0020, 0x0021, 0x0021, 0x0020,
  0x0020, 0x0020, 0x0021, 0x0020, 0x0020, 0x0020, 0x0021, 0x0021, 0x0020, 0x0021, 0x0020, 0x0021,
  0x0020, 0x0020, 0x0020, 0x0021, 0x0020, 0x0020, 0x0021, 0x0020, 0x0020, 0x0020, 0x0020, 0x0020,
  0x0020, 0x0021, 0x0020, 0x0020, 0x0020, 0x0020, 0x0020, 0x0020, 0x0020, 0x0020, 0x0020, 0x0020,
  0x0021, 0x0020, 0x0020, 0x0020, 0x0020, 0x0021, 0x0020, 0x0020, 0x0021, 0x0021, 0x0020, 0x0020,
  0x0021, 0x0020, 0x0020, 0x0020, 0x0021, 0x0020, 0x0021, 0x0020, 0x0020, 0x0020, 0x0020, 0x0020,
  0x0021, 0x0020, 0x0020, 0x0020, 0x0020, 0x0020, 0x0021, 0x0020, 0x0000, 0x0841, 0x2965, 0x4A69,
  0x39E8, 0x2986, 0x52CB, 0x528A, 0x52AA, 0x4A8A, 0x2986, 0x630C, 0x8C50, 0xA513, 0x6B6D, 0x5269,
  0x52AA, 0x5AAA, 0x52AA, 0x52AA, 0x528A, 0x5289, 0x31C7, 0x5ACA, 0xC5D5, 0x7B8D, 0x1904, 0x630C,
  0x632C, 0x5AEB, 0x10C3, 0x39E8, 0x4228, 0x18E4, 0x10A3, 0x10A3, 0x1904, 0x2125, 0x2125, 0x2125,
  0x2125, 0x2145, 0x2125, 0x2125, 0x2145, 0x18E4, 0x1904, 0x31C7, 0x4A8A, 0x31A6, 0x4207, 0x6B6D,
  0x632C, 0x6B4D, 0x4A49, 0xACF3, 0xAD13, 0x5ACA, 0x6B2C, 0x5269, 0x5289, 0x528A, 0x52AA, 0x528A,
  0x528A, 0x4228, 0x528A, 0x632C, 0x4A69, 0x2145, 0x10A3, 0x2965, 0x2145, 0x2145, 0x2965, 0x10A2,
  0x18E4, 0x2145, 0x2124, 0x0862, 0x0000, 0x0000, 0x0021, 0x0021, 0x0020, 0x0020, 0x0020, 0x0020,
  0x0020, 0x0021, 0x0020, 0x0020, 0x0020, 0x0020, 0x0021, 0x0020, 0x0020, 0x0020, 0x0020, 0x0020,
  0x0020, 0x0020, 0x0021, 0x0020, 0x0021, 0x0020, 0x0020, 0x0021, 0x0021, 0x0020, 0x0021, 0x0021,
  0x0021, 0x0020, 0x0020, 0x0020, 0x0020, 0x0020, 0x0020, 0x0020, 0x0020, 0x0020, 0x0020, 0x0021,
  0x0020, 0x0020, 0x0020, 0x0021, 0x0021, 0x0020, 0x0021, 0x0020, 0x0020, 0x0021, 0x0021, 0x0021,
  0x0020, 0x0020, 0x0021, 0x0020, 0x0020, 0x0021, 0x0020, 0x0021, 0x0021, 0x0020, 0x0020, 0x0020,
  0x0020, 0x0020, 0x0020, 0x0021, 0x0020, 0x0020, 0x0020, 0x0020, 0x0020, 0x0020, 0x0020, 0x0020,
  0x0021, 0x0020, 0x0000, 0x10A2, 0x2986, 0x2986, 0x52AB, 0x528A, 0x52AA, 0x528A, 0x3186, 0x528A,
  0x52AB, 0x73AE, 0x9491, 0x8C50, 0x8C50, 0x8C50, 0x8C50, 0x8C30, 0x8C30, 0x8C71, 0x4249, 0x2104,
  0x62EB, 0x39A6, 0x10A3, 0x39E8, 0x4208, 0x4208, 0x10C3, 0x3A08, 0x4208, 0x2104, 0x39E7, 0x62EB,
  0x630B, 0x62EB, 0x62EB, 0x630B, 0x62EB, 0x5ACA, 0x62EB, 0x62EB, 0x5AEB, 0x5AAA, 0x5289, 0x41E7,
  0x4A49, 0x31C7, 0x31A6, 0x4A69, 0x3A08, 0x4228, 0x2945, 0x528A, 0x5289, 0x39E7, 0x9491, 0x8C51,
  0x8C50, 0x8C30, 0x8C30, 0x8C50, 0x8C50, 0x8C30, 0x5ACB, 0x39E7, 0x2145, 0x2124, 0x10C3, 0x2966,
  0x2145, 0x2145, 0x2965, 0x10A2, 0x18E4, 0x10A2, 0x0000, 0x0000, 0x0021, 0x0021, 0x0020, 0x0020,
  0x0020, 0x0020, 0x0020, 0x0021, 0x0020, 0x0020, 0x0021, 0x0020, 0x0021, 0x0020, 0x0021, 0x0020,
  0x0020, 0x0020, 0x0020, 0x0021, 0x0021, 0x0020, 0x0020, 0x0020, 0x0020, 0x0021, 0x0020, 0x0020,
  0x0020, 0x0020, 0x0020, 0x0021, 0x0021, 0x0020, 0x0020, 0x0020, 0x0020, 0x0020, 0x0020, 0x0020,
  0x0020, 0x0020, 0x0020, 0x0020, 0x0020, 0x0020, 0x0020, 0x0021, 0x0020, 0x0020, 0x0021, 0x0020,
  0x0020, 0x0020, 0x0020, 0x0021, 0x0020, 0x0020, 0x0020, 0x0020, 0x0020, 0x0020, 0x0020, 0x0021,
  0x0021, 0x0020, 0x0020, 0x0020, 0x0020, 0x0020, 0x0021, 0x0021, 0x0020, 0x0020, 0x0020, 0x0021,
  0x0021, 0x0020, 0x0020, 0x0020, 0x0020, 0x0021, 0x0021, 0x0000, 0x0000, 0x2945, 0x52AB, 0x528A,
  0x52AA, 0x528A, 0x2965, 0x52AA, 0x52AA, 0x528A, 0x630C, 0x4A8A, 0x4A49, 0x4249, 0x4A49, 0x4A69,
  0x4A8A, 0x528A, 0x2125, 0x18C3, 0x4A6A, 0x3186, 0x18C3, 0x3A08, 0x4249, 0x4229, 0x18C3, 0x2965,
  0x2965, 0x4A49, 0x7BEF, 0x9491, 0x9471, 0x9471, 0x9491, 0x9491, 0x9471, 0x9470, 0x9471, 0x9471,
  0x9470, 0x9470, 0x9CB2, 0x5AAA, 0x2965, 0x2945, 0x39C7, 0x4A6A, 0x4229, 0x4249, 0x2966, 0x4A69,
  0x4208, 0x3166, 0x5AEB, 0x4A69, 0x4A6A, 0x4A6A, 0x4A69, 0x4A69, 0x4A6A, 0x4A8A, 0x2965, 0x2125,
  0x2966, 0x2125, 0x10A3, 0x2965, 0x2145, 0x2145, 0x2966, 0x1082, 0x0020, 0x0000, 0x0020, 0x0021,
  0x0021, 0x0020, 0x0021, 0x0021, 0x0021, 0x0020, 0x0020, 0x0021, 0x0021, 0x0021, 0x0021, 0x0021,
  0x0021, 0x0020, 0x0020, 0x0021, 0x0020, 0x0020, 0x0020, 0x0021, 0x0021, 0x0020, 0x0020, 0x0021,
  0x0020, 0x0020, 0x0020, 0x0020, 0x0020, 0x0020, 0x0020, 0x0020, 0x0020, 0x0021, 0x0020, 0x0020,
  0x0020, 0x0020, 0x0020, 0x0020, 0x0020, 0x0020, 0x0020, 0x0020, 0x0020, 0x0020, 0x0020, 0x0020,
  0x0021, 0x0020, 0x0021, 0x0021, 0x0020, 0x0020, 0x0020, 0x0021, 0x0020, 0x0020, 0x0021, 0x0020,
  0x0020, 0x0020, 0x0020, 0x0020, 0x0021, 0x0021, 0x0020, 0x0021, 0x0021, 0x0020, 0x0020, 0x0021,
  0x0021, 0x0020, 0x0020, 0x0020, 0x0020, 0x0020, 0x0020, 0x0021, 0x0020, 0x0020, 0x0020, 0x0041,
  0x0000, 0x2965, 0x52CB, 0x4A8A, 0x52AA, 0x528A, 0x2965, 0x52AA, 0x52AA, 0x5ACB, 0x5AEB, 0x4229,
  0x4249, 0x4249, 0x4249, 0x4249, 0x4229, 0x4A69, 0x2945, 0x10C3, 0x4228, 0x2965, 0x18E4, 0x3A08,
  0x4A49, 0x3A08, 0x2124, 0x7B8D, 0x83EE, 0x9450, 0x9471, 0x9450, 0x9450, 0x9470, 0x9470, 0x9450,
  0x9450, 0x9450, 0x8C50, 0x8C50, 0x8C50, 0x9450, 0x9450, 0x83EF, 0x7BAE, 0x6B2C, 0x39E7, 0x4A8A,
  0x4249, 0x4249, 0x2966, 0x4228, 0x39E7, 0x2965, 0x52AA, 0x4228, 0x4A49, 0x4A49, 0x4249, 0x4249,
  0x4A49, 0x4228, 0x2966, 0x2945, 0x2145, 0x2125, 0x10A3, 0x2965, 0x2145, 0x2145, 0x2966, 0x1082,
  0x0000, 0x0021, 0x0020, 0x0020, 0x0020, 0x0020, 0x0020, 0x0020, 0x0021, 0x0020, 0x0020, 0x0020,
  0x0021, 0x0021, 0x0021, 0x0021, 0x0020, 0x0020, 0x0020, 0x0020, 0x0020, 0x0020, 0x0021, 0x0020,
  0x0020, 0x0021, 0x0021, 0x0020, 0x0020, 0x0020, 0x0020, 0x0021, 0x0020, 0x0020, 0x0021, 0x0020,
  0x0020, 0x0020, 0x0020, 0x0020, 0x0020, 0x0020, 0x0020, 0x0020, 0x0020, 0x0020, 0x0020, 0x0020,
  0x0020, 0x0020, 0x0021, 0x0021, 0x0020, 0x0020, 0x0021, 0x0021, 0x0021, 0x0020, 0x0020, 0x0020,
  0x0020, 0x0020, 0x0020, 0x0020, 0x0020, 0x0020, 0x0021, 0x0020, 0x0020, 0x0021, 0x0020, 0x0021,
  0x0020, 0x0021, 0x0021, 0x0020, 0x0021, 0x0021, 0x0020, 0x0020, 0x0021, 0x0021, 0x0020, 0x0020,
  0x0020, 0x0020, 0x0020, 0x0021, 0x0000, 0x18C3, 0x4A8A, 0x5ACB, 0x52AA, 0x4A8A, 0x2965, 0x52AA,
  0x52AA, 0x52CB, 0x5AEB, 0x4249, 0x4A69, 0x4A69, 0x4A49, 0x4249, 0x4249, 0x4A69, 0x2145, 0x10C3,
  0x4229, 0x2965, 0x10C3, 0x31C7, 0x4228, 0x2945, 0x5289, 0xA4D2, 0x9491, 0x9471, 0x9470, 0x9471,
  0x9471, 0x9470, 0x9471, 0x9471, 0x9470, 0x9470, 0x9470, 0x9470, 0x9470, 0x9470, 0x9470, 0x9471,
  0x9C91, 0x8C50, 0x39A6, 0x31C7, 0x4228, 0x4228, 0x2965, 0x4208, 0x39E8, 0x3186, 0x5ACB, 0x4249,
  0x4A69, 0x4A69, 0x4A69, 0x4A69, 0x4A69, 0x4249, 0x2965, 0x2145, 0x2945, 0x2125, 0x10A3, 0x2145,
  0x2145, 0x2966, 0x2145, 0x0841, 0x0000, 0x0021, 0x0020, 0x0020, 0x0020, 0x0020, 0x0020, 0x0021,
  0x0020, 0x0021, 0x0021, 0x0020, 0x0021, 0x0020, 0x0021, 0x0021, 0x0020, 0x0020, 0x0020, 0x0020,
  0x0021, 0x0020, 0x0020, 0x0021, 0x0021, 0x0020, 0x0020, 0x0021, 0x0020, 0x0020, 0x0020, 0x0020,
  0x0020, 0x0020, 0x0020, 0x0021, 0x0021, 0x0020, 0x0020, 0x0020, 0x0020, 0x0020, 0x0020, 0x0020,
  0x0020, 0x0020, 0x0020, 0x0021, 0x0020, 0x0020, 0x0021, 0x0020, 0x0021, 0x0021, 0x0021, 0x0020,
  0x0021, 0x0021, 0x0020, 0x0020, 0x0020, 0x0020, 0x0021, 0x0020, 0x0020, 0x0020, 0x0020, 0x0020,
  0x0021, 0x0021, 0x0020, 0x0020, 0x0021, 0x0021, 0x0021, 0x0021, 0x0020, 0x0021, 0x0021, 0x0021,
  0x0020, 0x0020, 0x0020, 0x0020, 0x0020, 0x0020, 0x0020, 0x0020, 0x0021, 0x0000, 0x0841, 0x31A6,
  0x52AA, 0x52AA, 0x2966, 0x52AA, 0x52AA, 0x52CB, 0x5AEB, 0x4249, 0x4A69, 0x4A69, 0x4249, 0x4249,
  0x4A49, 0x4A8A, 0x2945, 0x10C3, 0x4229, 0x2145, 0x18E3, 0x39C7, 0x31A6, 0x39C7, 0xA4D2, 0x9450,
  0x9450, 0x9470, 0x9470, 0x9450, 0x9450, 0x9450, 0x9450, 0x9450, 0x9450, 0x9450, 0x9450, 0x9450,
  0x9450, 0x9450, 0x9450, 0x9450, 0x8C30, 0x9470, 0x734C, 0x2104, 0x39C7, 0x31A6, 0x2104, 0x3A08,
  0x39E8, 0x3186, 0x5ACB, 0x4249, 0x4A49, 0x4A69, 0x4A69, 0x4A69, 0x4A69, 0x4249, 0x2965, 0x2145,
  0x2145, 0x2125, 0x10A3, 0x2966, 0x2965, 0x18E3, 0x0020, 0x0000, 0x0021, 0x0020, 0x0020, 0x0020,
  0x0020, 0x0020, 0x0020, 0x0020, 0x0020, 0x0020, 0x0020, 0x0021, 0x0020, 0x0020, 0x0021, 0x0020,
  0x0020, 0x0020, 0x0020, 0x0020, 0x0020, 0x0020, 0x0020, 0x0021, 0x0020, 0x0020, 0x0020, 0x0020,
  0x0021, 0x0020, 0x0020, 0x0020, 0x0020, 0x0020, 0x0020, 0x0021, 0x0021, 0x0021, 0x0020, 0x0020,
  0x0020, 0x0020, 0x0020, 0x0020, 0x0020, 0x0020, 0x0020, 0x0021, 0x0020, 0x0020, 0x0020, 0x0020,
  0x0021, 0x0020, 0x0020, 0x0020, 0x0020, 0x0020, 0x0020, 0x0020, 0x0020, 0x0021, 0x0020, 0x0020,
  0x0020, 0x0020, 0x0020, 0x0020, 0x0021, 0x0021, 0x0020, 0x0020, 0x0021, 0x0021, 0x0020, 0x0020,
  0x0021, 0x0020, 0x0020, 0x0020, 0x0020, 0x0020, 0x0020, 0x0020, 0x0020, 0x0020, 0x0020, 0x0020,
  0x0020, 0x0021, 0x0000, 0x0000, 0x18C3, 0x4208, 0x31A6, 0x52CB, 0x52AA, 0x52CB, 0x5AEB, 0x4249,
  0x4229, 0x4249, 0x4A49, 0x4A49, 0x4A69, 0x4A8A, 0x2945, 0x10C3, 0x4229, 0x2125, 0x5ACA, 0x9491,
  0x840F, 0x630B, 0xAD33, 0xA4F2, 0xAD13, 0xAD13, 0xAD13, 0xAD13, 0xAD13, 0xAD13, 0xAD13, 0xAD13,
  0xA4F2, 0xAD13, 0xA4F2, 0xA4F2, 0xA4F2, 0xAD13, 0xAD13, 0xAD13, 0xA4F2, 0xAD13, 0x7BAE, 0x4228,
  0x8C2F, 0x8C30, 0x41E7, 0x39E7, 0x39E7, 0x2965, 0x5ACB, 0x4229, 0x4A69, 0x4A69, 0x4A6A, 0x4A69,
  0x4A69, 0x4249, 0x2965, 0x2145, 0x2145, 0x2125, 0x10C3, 0x2125, 0x0861, 0x0000, 0x0020, 0x0021,
  0x0020, 0x0020, 0x0020, 0x0021, 0x0020, 0x0020, 0x0020, 0x0020, 0x0021, 0x0020, 0x0020, 0x0020,
  0x0020, 0x0021, 0x0021, 0x0020, 0x0021, 0x0021, 0x0020, 0x0020, 0x0020, 0x0020, 0x0020, 0x0020,
  0x0021, 0x0020, 0x0020, 0x0020, 0x0020, 0x0020, 0x0021, 0x0021, 0x0020, 0x0020, 0x0021, 0x0021,
  0x0021, 0x0021, 0x0020, 0x0020, 0x0020, 0x0020, 0x0020, 0x0020, 0x0020, 0x0020, 0x0020, 0x0020,
  0x0020, 0x0020, 0x0020, 0x0020, 0x0020, 0x0020, 0x0020, 0x0021, 0x0020, 0x0020, 0x0020, 0x0020,
  0x0020, 0x0021, 0x0020, 0x0020, 0x0020, 0x0020, 0x0020, 0x0020, 0x0020, 0x0020, 0x0020, 0x0020,
  0x0020, 0x0020, 0x0021, 0x0020, 0x0021, 0x0020, 0x0020, 0x0020, 0x0020, 0x0020, 0x0020, 0x0020,
  0x0020, 0x0020, 0x0020, 0x0020, 0x0020, 0x0020, 0x0021, 0x0021, 0x0000, 0x0000, 0x10A2, 0x52AA,
  0x5ACB, 0x52AA, 0x5AEB, 0x4A49, 0x4228, 0x4229, 0x4A49, 0x4A49, 0x4A49, 0x4A6A, 0x2945, 0x10C3,
  0x4249, 0x2145, 0x7BAE, 0xA4D2, 0x9C91, 0x528A, 0x736D, 0x73AE, 0x73AE, 0x738D, 0x738D, 0x738E,
  0x738D, 0x738D, 0x738E, 0x738E, 0x738D, 0x738D, 0x738D, 0x738D, 0x738D, 0x738D, 0x738D, 0x738E,
  0x738E, 0x7BEF, 0x4A69, 0x39E7, 0x9470, 0xA4D2, 0x4A28, 0x31A7, 0x3A08, 0x2965, 0x5ACB, 0x4249,
  0x4A49, 0x4A69, 0x4A69, 0x4A69, 0x4A69, 0x4249, 0x2965, 0x2145, 0x2966, 0x2125, 0x0841, 0x0000,
  0x0000, 0x0021, 0x0021, 0x0020, 0x0021, 0x0021, 0x0020, 0x0020, 0x0021, 0x0021, 0x0020, 0x0020,
  0x0020, 0x0020, 0x0020, 0x0020, 0x0021, 0x0021, 0x0020, 0x0021, 0x0020, 0x0021, 0x0020, 0x0020,
  0x0020, 0x0020, 0x0020, 0x0021, 0x0021, 0x0020, 0x0020, 0x0020, 0x0020, 0x0020, 0x0020, 0x0020,
  0x0020, 0x0020, 0x0020, 0x0020, 0x0020, 0x0020, 0x0020, 0x0020, 0x0020, 0x0021, 0x0020, 0x0020,
  0x0020, 0x0021, 0x0020, 0x0020, 0x0021, 0x0020, 0x0020, 0x0020, 0x0021, 0x0021, 0x0020, 0x0020,
  0x0020, 0x0021, 0x0021, 0x0020, 0x0020, 0x0020, 0x0021, 0x0020, 0x0020, 0x0020, 0x0020, 0x0020,
  0x0021, 0x0020, 0x0021, 0x0020, 0x0020, 0x0020, 0x0020, 0x0021, 0x0020, 0x0021, 0x0020, 0x0020,
  0x0021, 0x0020, 0x0020, 0x0020, 0x0020, 0x0020, 0x0020, 0x0020, 0x0020, 0x0020, 0x0020, 0x0020,
  0x0021, 0x0020, 0x0000, 0x0861, 0x39E7, 0x5AEB, 0x630C, 0x4249, 0x4A49, 0x4A49, 0x4A69, 0x4A69,
  0x4A49, 0x4A6A, 0x2966, 0x10A2, 0x31A7, 0x18E4, 0x83EE, 0x9CB2, 0x9491, 0x5289, 0x5ACB, 0x5ACB,
  0x5ACB, 0x52AA, 0x5ACA, 0x5ACA, 0x5ACA, 0x5ACA, 0x52AA, 0x52AA, 0x52AA, 0x52AA, 0x52AA, 0x52AA,
  0x52AA, 0x52AA, 0x52AA, 0x5AAA, 0x52CA, 0x5AEB, 0x39E7, 0x4228, 0x9491, 0x9CB1, 0x4A28, 0x2104,
  0x3186, 0x2965, 0x5AEB, 0x4249, 0x4A49, 0x4A49, 0x4A69, 0x4A69, 0x4A8A, 0x4A49, 0x2966, 0x2145,
  0x18C3, 0x0020, 0x0000, 0x0020, 0x0021, 0x0020, 0x0020, 0x0020, 0x0020, 0x0020, 0x0020, 0x0020,
  0x0020, 0x0021, 0x0020, 0x0021, 0x0020, 0x0020, 0x0021, 0x0021, 0x0020, 0x0021, 0x0021, 0x0020,
  0x0020, 0x0021, 0x0020, 0x0021, 0x0021, 0x0020, 0x0021, 0x0021, 0x0020, 0x0020, 0x0020, 0x0020,
  0x0021, 0x0020, 0x0020, 0x0020, 0x0020, 0x0020, 0x0020, 0x0020, 0x0020, 0x0021, 0x0021, 0x0021,
  0x0020, 0x0020, 0x0020, 0x0020, 0x0020, 0x0020, 0x0020, 0x0020, 0x0020, 0x0020, 0x0020, 0x0020,
  0x0020, 0x0020, 0x0020, 0x0020, 0x0020, 0x0020, 0x0020, 0x0020, 0x0021, 0x0021, 0x0020, 0x0020,
  0x0020, 0x0020, 0x0021, 0x0021, 0x0020, 0x0020, 0x0020, 0x0020, 0x0020, 0x0021, 0x0020, 0x0021,
  0x0020, 0x0020, 0x0020, 0x0020, 0x0020, 0x0020, 0x0021, 0x0020, 0x0020, 0x0020, 0x0020, 0x0020,
  0x0020, 0x0020, 0x0020, 0x0020, 0x0020, 0x0021, 0x0021, 0x0000, 0x0000, 0x20E3, 0x528A, 0x4228,
  0x4228, 0x4228, 0x4228, 0x4228, 0x4208, 0x4229, 0x2125, 0x0000, 0x0000, 0x0000, 0x83EF, 0x9CB1,
  0x9C91, 0x5289, 0x39E7, 0x41E7, 0x39E7, 0x39E7, 0x39E7, 0x39E7, 0x39E7, 0x39E7, 0x39E7, 0x39E7,
  0x39E7, 0x39E7, 0x39E7, 0x39E7, 0x39E7, 0x39E7, 0x39E7, 0x39E7, 0x39E7, 0x4207, 0x2965, 0x5289,
  0x9C91, 0x9CB1, 0x4A28, 0x0000, 0x0000, 0x18C3, 0x528A, 0x4228, 0x4229, 0x4229, 0x4249, 0x4A49,
  0x4A49, 0x4249, 0x2124, 0x0841, 0x0000, 0x0020, 0x0021, 0x0020, 0x0020, 0x0020, 0x0020, 0x0020,
  0x0020, 0x0020, 0x0020, 0x0020, 0x0021, 0x0020, 0x0020, 0x0020, 0x0020, 0x0021, 0x0021, 0x0020,
  0x0020, 0x0021, 0x0020, 0x0021, 0x0020, 0x0020, 0x0021, 0x0021, 0x0021, 0x0021, 0x0020, 0x0020,
  0x0020, 0x0020, 0x0020, 0x0021, 0x0020, 0x0020, 0x0020, 0x0020, 0x0020, 0x0020, 0x0020, 0x0020,
  0x0020, 0x0021, 0x0021, 0x0020, 0x0021, 0x0021, 0x0020, 0x0020, 0x0020, 0x0020, 0x0020, 0x0020,
  0x0020, 0x0021, 0x0020, 0x0020, 0x0020, 0x0020, 0x0020, 0x0021, 0x0020, 0x0020, 0x0020, 0x0020,
  0x0020, 0x0020, 0x0020, 0x0021, 0x0020, 0x0020, 0x0021, 0x0020, 0x0020, 0x0020, 0x0021, 0x0021,
  0x0020, 0x0021, 0x0021, 0x0020, 0x0020, 0x0020, 0x0020, 0x0020, 0x0020, 0x0020, 0x0021, 0x0020,
  0x0020, 0x0020, 0x0020, 0x0020, 0x0020, 0x0020, 0x0020, 0x0020, 0x0020, 0x0020, 0x0020, 0x0021,
  0x0021, 0x0000, 0x0000, 0x0041, 0x0020, 0x0020, 0x0020, 0x0020, 0x0020, 0x0020, 0x0000, 0x0020,
  0x0021, 0x0020, 0x8C50, 0x9C91, 0x9471, 0x8C30, 0x83CE, 0x83EF, 0x83EF, 0x83EF, 0x83CE, 0x7BCE,
  0x83CE, 0x83CE, 0x83CE, 0x83CE, 0x83EE, 0x83EE, 0x83CE, 0x83CE, 0x83EE, 0x83EE, 0x83EE, 0x83EE,
  0x83EE, 0x83EE, 0x840F, 0x9450, 0x9471, 0xA4D2, 0x4A48, 0x0000, 0x0041, 0x0000, 0x0841, 0x0841,
  0x0841, 0x0841, 0x0841, 0x0841, 0x0841, 0x0841, 0x0000, 0x0000, 0x0021, 0x0020, 0x0020, 0x0020,
  0x0020, 0x0020, 0x0020, 0x0020, 0x0020, 0x0020, 0x0020, 0x0021, 0x0021, 0x0020, 0x0020, 0x0020,
  0x0020, 0x0020, 0x0020, 0x0021, 0x0021, 0x0021, 0x0020, 0x0020, 0x0020, 0x0020, 0x0020, 0x0020,
  0x0020, 0x0020, 0x0021, 0x0021, 0x0021, 0x0021, 0x0021, 0x0021, 0x0020, 0x0020, 0x0020, 0x0020,
  0x0021, 0x0020, 0x0020, 0x0020, 0x0020, 0x0020, 0x0020, 0x0021, 0x0020, 0x0020, 0x0020, 0x0020,
  0x0020, 0x0020, 0x0020, 0x0020, 0x0020, 0x0020, 0x0020, 0x0020, 0x0020, 0x0020, 0x0020, 0x0021,
  0x0021, 0x0021, 0x0021, 0x0021, 0x0020, 0x0020, 0x0021, 0x0020, 0x0020, 0x0020, 0x0020, 0x0020,
  0x0021, 0x0020, 0x0020, 0x0020, 0x0020, 0x0020, 0x0021, 0x0020, 0x0020, 0x0020, 0x0020, 0x0020,
  0x0021, 0x0020, 0x0020, 0x0020, 0x0021, 0x0020, 0x0020, 0x0020, 0x0020, 0x0021, 0x0020, 0x0020,
  0x0020, 0x0020, 0x0020, 0x0020, 0x0020, 0x0021, 0x0020, 0x0020, 0x0020, 0x0020, 0x0020, 0x0020,
  0x0020, 0x0020, 0x0020, 0x0020, 0x0020, 0x0020, 0x9CB1, 0xAD34, 0xA4F2, 0xA4F2, 0xAD33, 0xAD33,
  0xAD33, 0xAD33, 0xAD13, 0xAD13, 0xAD13, 0xAD13, 0xAD13, 0xAD13, 0xAD13, 0xAD13, 0xAD13, 0xAD33,
  0xAD33, 0xAD33, 0xAD13, 0xAD33, 0xAD13, 0xAD13, 0xAD13, 0xAD13, 0xA4F2, 0xB574, 0x5289, 0x0000,
  0x0041, 0x0021, 0x0020, 0x0000, 0x0000, 0x0000, 0x0000, 0x0000, 0x0000, 0x0000, 0x0020, 0x0021,
  0x0020, 0x0020, 0x0020, 0x0020, 0x0020, 0x0020, 0x0020, 0x0020, 0x0020, 0x0020, 0x0020, 0x0021,
  0x0021, 0x0021, 0x0020, 0x0021, 0x0020, 0x0020, 0x0021, 0x0020, 0x0020, 0x0020, 0x0020, 0x0020,
  0x0020, 0x0021, 0x0020, 0x0020, 0x0020, 0x0021, 0x0020, 0x0020, 0x0020, 0x0021, 0x0021, 0x0021,
  0x0020, 0x0021, 0x0020, 0x0020, 0x0020, 0x0020, 0x0021, 0x0020, 0x0020, 0x0020, 0x0020, 0x0020,
  0x0020, 0x0020, 0x0021, 0x0020, 0x0020, 0x0020, 0x0020, 0x0020, 0x0020, 0x0020, 0x0020, 0x0020,
  0x0020, 0x0021, 0x0020, 0x0020, 0x0020, 0x0020, 0x0021, 0x0020, 0x0021, 0x0020, 0x0020, 0x0020,
  0x0020, 0x0020, 0x0020, 0x0020, 0x0020, 0x0020, 0x0021, 0x0021, 0x0021, 0x0021, 0x0020, 0x0020,
  0x0021, 0x0020, 0x0020, 0x0020, 0x0020, 0x0021, 0x0021, 0x0020, 0x0020, 0x0020, 0x0020, 0x0020,
  0x0020, 0x0020, 0x0020, 0x0020, 0x0020, 0x0020, 0x0020, 0x0020, 0x0021, 0x0020, 0x0020, 0x0021,
  0x0020, 0x0021, 0x0020, 0x0021, 0x0021, 0x0021, 0x0020, 0x0021, 0x0020, 0x0020, 0x736D, 0x83EF,
  0x7BCE, 0x7BCE, 0x7BCE, 0x7BCE, 0x7BCE, 0x7BCE, 0x7BCE, 0x7BCE, 0x7BCE, 0x7BCE, 0x83EF, 0x7BCE,
  0x7BCE, 0x7BCE, 0x7BCE, 0x7BCE, 0x7BCE, 0x7BCE, 0x7BCE, 0x83EF, 0x7BCF, 0x7BCE, 0x7BCE, 0x83EF,
  0x7BCE, 0x840F, 0x31A6, 0x0000, 0x0021, 0x0020, 0x0021, 0x0021, 0x0021, 0x0021, 0x0021, 0x0021,
  0x0021, 0x0021, 0x0020, 0x0020, 0x0020, 0x0020, 0x0020, 0x0020, 0x0020, 0x0020, 0x0020, 0x0020,
  0x0020, 0x0020, 0x0020, 0x0020, 0x0020, 0x0021, 0x0021, 0x0020, 0x0020, 0x0020, 0x0021, 0x0020,
  0x0020, 0x0020, 0x0020, 0x0021, 0x0021, 0x0020, 0x0020, 0x0021, 0x0020, 0x0021, 0x0021, 0x0020,
  0x0020, 0x0020, 0x0020, 0x0020, 0x0021, 0x0021, 0x0020, 0x0021, 0x0020, 0x0020, 0x0020, 0x0020,
  0x0021, 0x0020, 0x0020, 0x0020, 0x0020, 0x0020, 0x0020, 0x0020, 0x0020, 0x0020, 0x0020, 0x0021,
  0x0020, 0x0020, 0x0020, 0x0021, 0x0020, 0x0020, 0x0021, 0x0020, 0x0021, 0x0020, 0x0021, 0x0020,
  0x0020, 0x0021, 0x0020, 0x0020, 0x0020, 0x0020, 0x0020, 0x0020, 0x0020, 0x0020, 0x0021, 0x0021,
  0x0020, 0x0021, 0x0020, 0x0020, 0x0020, 0x0020, 0x0020, 0x0020, 0x0020, 0x0021, 0x0020, 0x0021,
  0x0021, 0x0021, 0x0021, 0x0021, 0x0020, 0x0020, 0x0020, 0x0020, 0x0020, 0x0020, 0x0020, 0x0020,
  0x0020, 0x0020, 0x0020, 0x0021, 0x0020, 0x0021, 0x0020, 0x0021, 0x0020, 0x0020, 0x0021, 0x0021,
  0x0020, 0x0020, 0x5AAA, 0x528A, 0x4A6A, 0x528A, 0x528A, 0x4A8A, 0x4A8A, 0x528A, 0x528A, 0x528A,
  0x528A, 0x528A, 0x528A, 0x528A, 0x528A, 0x528A, 0x528A, 0x528A, 0x528A, 0x528A, 0x528A, 0x528A,
  0x528A, 0x528A, 0x528A, 0x528A, 0x528A, 0x52AA, 0x2104, 0x0000, 0x0021, 0x0020, 0x0020, 0x0021,
  0x0020, 0x0020, 0x0020, 0x0020, 0x0020, 0x0020, 0x0020, 0x0020, 0x0020, 0x0020, 0x0020, 0x0020,
  0x0020, 0x0020, 0x0020, 0x0020, 0x0020, 0x0021, 0x0021, 0x0020, 0x0021, 0x0021, 0x0020, 0x0021,
  0x0020, 0x0020, 0x0021, 0x0020, 0x0020, 0x0020, 0x0021, 0x0020, 0x0021, 0x0020, 0x0020, 0x0021,
  0x0020, 0x0020, 0x0021, 0x0021, 0x0021, 0x0021, 0x0021, 0x0021, 0x0020, 0x0020, 0x0020, 0x0020,
  0x0020, 0x0021, 0x0020, 0x0020, 0x0021, 0x0020, 0x0021, 0x0020, 0x0020, 0x0021, 0x0020, 0x0020,
  0x0020, 0x0020, 0x0020, 0x0021, 0x0020, 0x0020, 0x0020, 0x0020, 0x0020, 0x0020, 0x0020, 0x0020,
  0x0021, 0x0021, 0x0020, 0x0021, 0x0020, 0x0020, 0x0020, 0x0020, 0x0020, 0x0021, 0x0021, 0x0021,
  0x0020, 0x0020, 0x0020, 0x0020, 0x0020, 0x0020, 0x0020, 0x0020, 0x0020, 0x0020, 0x0021, 0x0021,
  0x0021, 0x0020, 0x0020, 0x0021, 0x0020, 0x0021, 0x0020, 0x0020, 0x0020, 0x0021, 0x0020, 0x0021,
  0x0020, 0x0020, 0x0021, 0x0020, 0x0021, 0x0020, 0x0020, 0x0020, 0x0020, 0x0020, 0x0020, 0x0020,
  0x0020, 0x0020, 0x0021, 0x0021, 0x0021, 0x0020, 0x4208, 0x4228, 0x4208, 0x4208, 0x4208, 0x4208,
  0x4208, 0x4208, 0x4208, 0x4208, 0x4208, 0x4208, 0x4208, 0x4208, 0x4208, 0x4208, 0x4208, 0x4228,
  0x4228, 0x4208, 0x4228, 0x4208, 0x4208, 0x4208, 0x4208, 0x4228, 0x4228, 0x4228, 0x18C3, 0x0000,
  0x0021, 0x0020, 0x0020, 0x0021, 0x0020, 0x0020, 0x0020, 0x0020, 0x0020, 0x0020, 0x0020, 0x0020,
  0x0020, 0x0020, 0x0020, 0x0020, 0x0020, 0x0020, 0x0020, 0x0020, 0x0020, 0x0020, 0x0021, 0x0020,
  0x0020, 0x0021, 0x0021, 0x0021, 0x0020, 0x0021, 0x0020, 0x0020, 0x0020, 0x0020, 0x0021, 0x0020,
  0x0020, 0x0020, 0x0020, 0x0020, 0x0021, 0x0020, 0x0020, 0x0020, 0x0021, 0x0021, 0x0020, 0x0020,
  0x0021, 0x0020, 0x0020, 0x0020, 0x0020, 0x0021, 0x0021, 0x0020, 0x0020, 0x0020, 0x0020, 0x0020,
  0x0020, 0x0020, 0x0020, 0x0020, 0x0020, 0x0020, 0x0020, 0x0020, 0x0020, 0x0020, 0x0020, 0x0020,
  0x0020, 0x0020, 0x0020, 0x0021, 0x0021, 0x0021, 0x0021, 0x0020, 0x0020, 0x0021, 0x0020, 0x0020,
  0x0020, 0x0020, 0x0020, 0x0021, 0x0020, 0x0020, 0x0021, 0x0021, 0x0020, 0x0020, 0x0020, 0x0020,
  0x0020, 0x0020, 0x0021, 0x0021, 0x0020, 0x0020, 0x0020, 0x0020, 0x0020, 0x0020, 0x0020, 0x0020,
  0x0020, 0x0021, 0x0020, 0x0020, 0x0020, 0x0020, 0x0020, 0x0021, 0x0020, 0x0020, 0x0020, 0x0020,
  0x0020, 0x0021, 0x0021, 0x0020, 0x0020, 0x0021, 0x0020, 0x0021, 0x0021, 0x0020, 0x0000, 0x0000,
  0x0000, 0x0000, 0x0000, 0x0000, 0x0000, 0x0000, 0x0000, 0x0000, 0x0000, 0x0000, 0x0000, 0x0000,
  0x0000, 0x0000, 0x0000, 0x0000, 0x0000, 0x0000, 0x0000, 0x0000, 0x0000, 0x0000, 0x0000, 0x0000,
  0x0000, 0x0000, 0x0000, 0x0020, 0x0020, 0x0020, 0x0020, 0x0020, 0x0020, 0x0020, 0x0020, 0x0020,
  0x0020, 0x0020, 0x0021, 0x0020, 0x0020, 0x0021, 0x0020, 0x0020, 0x0021, 0x0020, 0x0020, 0x0020,
  0x0020, 0x0020, 0x0021, 0x0020, 0x0021, 0x0021, 0x0021, 0x0020, 0x0021, 0x0020, 0x0020, 0x0021,
  0x0020, 0x0020, 0x0020, 0x0020, 0x0020, 0x0020, 0x0020, 0x0020, 0x0021, 0x0020, 0x0020, 0x0020,
  0x0020, 0x0021, 0x0020, 0x0020, 0x0020, 0x0020, 0x0020, 0x0021, 0x0020, 0x0020, 0x0020, 0x0020,
  0x0020, 0x0021, 0x0020, 0x0020, 0x0020, 0x0020, 0x0020, 0x0020, 0x0020, 0x0020, 0x0020, 0x0020,
  0x0020, 0x0020, 0x0020, 0x0020, 0x0020, 0x0020, 0x0020, 0x0021, 0x0021, 0x0021, 0x0021, 0x0021,
  0x0020, 0x0021, 0x0020, 0x0020, 0x0020, 0x0020, 0x0021, 0x0020, 0x0020, 0x0020, 0x0020, 0x0020,
  0x0020, 0x0020, 0x0020, 0x0020, 0x0020, 0x0020, 0x0020, 0x0020, 0x0020, 0x0020, 0x0021, 0x0020,
  0x0020, 0x0020, 0x0020, 0x0020, 0x0020, 0x0020, 0x0020, 0x0020, 0x0020, 0x0020, 0x0021, 0x0020,
  0x0020, 0x0021, 0x0021, 0x0021, 0x0020, 0x0020, 0x0020, 0x0020, 0x0020, 0x0020, 0x0021, 0x0020,
  0x0020, 0x0021, 0x0021, 0x0021, 0x0021, 0x0021, 0x0021, 0x0021, 0x0021, 0x0021, 0x0021, 0x0021,
  0x0021, 0x0021, 0x0021, 0x0021, 0x0021, 0x0021, 0x0021, 0x0021, 0x0021, 0x0021, 0x0021, 0x0021,
  0x0021, 0x0021, 0x0021, 0x0021, 0x0021, 0x0021, 0x0021, 0x0020, 0x0020, 0x0020, 0x0020, 0x0020,
  0x0020, 0x0021, 0x0020, 0x0020, 0x0021, 0x0020, 0x0020, 0x0020, 0x0020, 0x0020, 0x0020, 0x0020,
  0x0021, 0x0020, 0x0020, 0x0020, 0x0021, 0x0021, 0x0021, 0x0020, 0x0020, 0x0020, 0x0021, 0x0020,
  0x0020, 0x0021, 0x0021, 0x0020, 0x0020, 0x0020, 0x0020, 0x0020, 0x0020, 0x0021, 0x0021, 0x0020,
  0x0020, 0x0020, 0x0020, 0x0020, 0x0020, 0x0021, 0x0020, 0x0020, 0x0020, 0x0021, 0x0020, 0x0020,
  0x0020, 0x0021, 0x0020, 0x0021, 0x0020, 0x0020, 0x0020, 0x0020, 0x0020, 0x0020, 0x0020, 0x0020,
  0x0020, 0x0020, 0x0020, 0x0020, 0x0020, 0x0020, 0x0020, 0x0020, 0x0020, 0x0021, 0x0020, 0x0021,
  0x0021, 0x0021, 0x0020, 0x0021, 0x0020, 0x0021, 0x0020, 0x0020, 0x0021, 0x0020, 0x0020, 0x0020,
  0x0021, 0x0021, 0x0020, 0x0021, 0x0021, 0x0020, 0x0020, 0x0021, 0x0021, 0x0020, 0x0020, 0x0020,
  0x0021, 0x0021, 0x0020, 0x0020, 0x0020, 0x0020, 0x0021, 0x0020, 0x0020, 0x0020, 0x0020, 0x0020,
  0x0020, 0x0021, 0x0020, 0x0021, 0x0020, 0x0020, 0x0020, 0x0021, 0x0021, 0x0020, 0x0021, 0x0021,
  0x0021, 0x0020, 0x0021, 0x0020, 0x0020, 0x0020, 0x0020, 0x0021, 0x0020, 0x0020, 0x0020, 0x0020,
  0x0020, 0x0020, 0x0020, 0x0020, 0x0020, 0x0020, 0x0020, 0x0020, 0x0020, 0x0020, 0x0020, 0x0020,
  0x0021, 0x0020, 0x0020, 0x0020, 0x0020, 0x0020, 0x0020, 0x0020, 0x0021, 0x0021, 0x0020, 0x0020,
  0x0020, 0x0020, 0x0020, 0x0020, 0x0021, 0x0020, 0x0020, 0x0020, 0x0020, 0x0020, 0x0020, 0x0020,
  0x0020, 0x0021, 0x0020, 0x0020, 0x0020, 0x0020, 0x0020, 0x0021, 0x0021, 0x0021, 0x0021, 0x0021,
  0x0020, 0x0021, 0x0020, 0x0020, 0x0021, 0x0020, 0x0020, 0x0020, 0x0020, 0x0021, 0x0020, 0x0020,
  0x0020, 0x0021, 0x0020, 0x0020, 0x0020, 0x0021, 0x0021, 0x0020, 0x0020, 0x0021, 0x0020, 0x0021,
  0x0021, 0x0020, 0x0020, 0x0020, 0x0020, 0x0020, 0x0020, 0x0020, 0x0021, 0x0020, 0x0020, 0x0021,
  0x0020, 0x0020, 0x0020, 0x0020, 0x0020, 0x0020, 0x0020, 0x0020, 0x0020, 0x0020, 0x0021, 0x0020,
  0x0020, 0x0021, 0x0020, 0x0020, 0x0021, 0x0020, 0x0020, 0x0020, 0x0021, 0x0021, 0x0020, 0x0021,
  0x0021, 0x0020, 0x0021, 0x0021, 0x0021, 0x0020, 0x0020, 0x0020, 0x0020, 0x0020, 0x0020, 0x0021,
  0x0020, 0x0020, 0x0020, 0x0021, 0x0020, 0x0020, 0x0020, 0x0020, 0x0020, 0x0021, 0x0020, 0x0021,
  0x0020, 0x0020, 0x0020, 0x0020, 0x0020, 0x0021, 0x0020, 0x0021, 0x0020, 0x0020, 0x0020, 0x0020,
  0x0021, 0x0020, 0x0021, 0x0020, 0x0020, 0x0021, 0x0021, 0x0020, 0x0020, 0x0021, 0x0020, 0x0020,
  0x0020, 0x0020, 0x0020, 0x0020, 0x0020, 0x0020, 0x0020, 0x0020, 0x0020, 0x0021, 0x0020, 0x0020,
  0x0020, 0x0020, 0x0020, 0x0020, 0x0020, 0x0020, 0x0020, 0x0021, 0x0020, 0x0021, 0x0021, 0x0020,
  0x0020, 0x0020, 0x0020, 0x0020, 0x0021, 0x0021, 0x0020, 0x0020, 0x0020, 0x0020, 0x0020, 0x0021,
  0x0020, 0x0020, 0x0021, 0x0020, 0x0020, 0x0021, 0x0021, 0x0020, 0x0021, 0x0020, 0x0020, 0x0021,
  0x0020, 0x0020, 0x0020, 0x0020, 0x0021, 0x0020, 0x0020, 0x0020, 0x0021, 0x0020, 0x0020, 0x0021,
  0x0020, 0x0020, 0x0020, 0x0020, 0x0020, 0x0020, 0x0020, 0x0020, 0x0020, 0x0021, 0x0020, 0x0020,
  0x0020, 0x0020, 0x0020, 0x0020, 0x0020, 0x0020, 0x0021, 0x0020, 0x0020, 0x0020, 0x0021, 0x0020,
  0x0020, 0x0020, 0x0020, 0x0020, 0x0020, 0x0020, 0x0020, 0x0020, 0x0020, 0x0020, 0x0020, 0x0020,
  0x0020, 0x0020, 0x0020, 0x0020, 0x0020, 0x0020, 0x0020, 0x0020, 0x0021, 0x0021, 0x0020, 0x0020,
  0x0020, 0x0020, 0x0020, 0x0020, 0x0020, 0x0021, 0x0021, 0x0020, 0x0021, 0x0020, 0x0020, 0x0020,
  0x0020, 0x0020, 0x0020, 0x0020, 0x0021, 0x0021, 0x0021, 0x0020, 0x0020, 0x0020, 0x0020, 0x0020,
  0x0020, 0x0021, 0x0020, 0x0021, 0x0020, 0x0020, 0x0020, 0x0020, 0x0020, 0x0020, 0x0020, 0x0020,
  0x0020, 0x0020, 0x0021, 0x0020, 0x0020, 0x0021, 0x0020, 0x0020, 0x0020, 0x0020, 0x0021, 0x0020,
  0x0020, 0x0020, 0x0020, 0x0020, 0x0020, 0x0020, 0x0021, 0x0020, 0x0020, 0x0021, 0x0020, 0x0020,
  0x0020, 0x0021, 0x0020, 0x0021, 0x0020, 0x0021, 0x0020, 0x0021, 0x0020, 0x0020, 0x0020, 0x0020,
  0x0020, 0x0020, 0x0020, 0x0020, 0x0020, 0x0020, 0x0020, 0x0020, 0x0020, 0x0020, 0x0020, 0x0021,
  0x0020, 0x0020, 0x0020, 0x0021, 0x0020, 0x0021, 0x0020, 0x0020, 0x0020, 0x0020, 0x0021, 0x0021,
  0x0020, 0x0021, 0x0021, 0x0020, 0x0020, 0x0021, 0x0020, 0x0020, 0x0021, 0x0021, 0x0021, 0x0020,
  0x0020, 0x0020, 0x0020, 0x0020, 0x0020, 0x0020, 0x0020, 0x0020, 0x0021, 0x0020, 0x0020, 0x0020,
  0x0020, 0x0020, 0x0020, 0x0020, 0x0020, 0x0020, 0x0020, 0x0021, 0x0020, 0x0020, 0x0020, 0x0020,
  0x0021, 0x0020, 0x0021, 0x0020, 0x0020, 0x0020, 0x0020, 0x0020, 0x0020, 0x0020, 0x0020, 0x0020,
  0x0020, 0x0020, 0x0020, 0x0020, 0x0020, 0x0020, 0x0021, 0x0020, 0x0020, 0x0020, 0x0020, 0x0021,
  0x0020, 0x0020, 0x0020, 0x0020, 0x0020, 0x0020, 0x0020, 0x0021, 0x0021, 0x0020, 0x0020, 0x0020,
  0x0021, 0x0020, 0x0020, 0x0020, 0x0020, 0x0020, 0x0021, 0x0020, 0x0020, 0x0020, 0x0020, 0x0020,
  0x0021, 0x0020, 0x0020, 0x0020, 0x0020, 0x0020, 0x0020, 0x0020, 0x0020, 0x0020, 0x0020, 0x0020,
  0x0021, 0x0021, 0x0020, 0x0021, 0x0021, 0x0020, 0x0020, 0x0020, 0x0020, 0x0020, 0x0021, 0x0020,
  0x0021, 0x0021, 0x0021, 0x0020, 0x0021, 0x0021, 0x0020, 0x0020, 0x0021, 0x0020, 0x0021, 0x0021,
  0x0020, 0x0021, 0x0020, 0x0020, 0x0020, 0x0020, 0x0020, 0x0020, 0x0021, 0x0020, 0x0020, 0x0021,
  0x0020, 0x0021, 0x0020, 0x0020, 0x0020, 0x0020, 0x0020, 0x0020, 0x0020, 0x0020, 0x0020, 0x0020,
  0x0020, 0x0020, 0x0020, 0x0021, 0x0020, 0x0020, 0x0020, 0x0020, 0x0020, 0x0020, 0x0020, 0x0020,
  0x0020, 0x0021, 0x0020, 0x0020, 0x0020, 0x0020, 0x0020, 0x0020, 0x0020, 0x0020, 0x0020, 0x0021,
  0x0020, 0x0021, 0x0020, 0x0020, 0x0020, 0x0020, 0x0020, 0x0021, 0x0020, 0x0020, 0x0020, 0x0021,
  0x0021, 0x0020, 0x0020, 0x0020, 0x0021, 0x0020, 0x0020, 0x0020, 0x0020, 0x0020, 0x0020, 0x0020,
  0x0020, 0x0020, 0x0020, 0x0020, 0x0020, 0x0021, 0x0020, 0x0020, 0x0020, 0x0020, 0x0020, 0x0020,
  0x0020, 0x0021, 0x0020, 0x0020, 0x0020, 0x0020, 0x0020, 0x0020, 0x0020, 0x0021, 0x0020, 0x0020,
  0x0021, 0x0021, 0x0020, 0x0020, 0x0020, 0x0021, 0x0021, 0x0021, 0x0021, 0x0020, 0x0020, 0x0021,
  0x0021, 0x0020, 0x0021, 0x0021, 0x0021, 0x0020, 0x0021, 0x0020, 0x0021, 0x0020, 0x0020, 0x0020,
  0x0020, 0x0020, 0x0020, 0x0021, 0x0020, 0x0020, 0x0020, 0x0020, 0x0020, 0x0020, 0x0020, 0x0020,
  0x0020, 0x0020, 0x0020, 0x0020, 0x0020, 0x0020, 0x0020, 0x0020, 0x0020, 0x0021, 0x0020, 0x0020,
  0x0020, 0x0021, 0x0021, 0x0021, 0x0020, 0x0021, 0x0020, 0x0020, 0x0020, 0x0020, 0x0020, 0x0020,
  0x0020, 0x0021, 0x0021, 0x0020, 0x0020, 0x0021, 0x0020, 0x0020, 0x0021, 0x0021, 0x0020, 0x0020,
  0x0020, 0x0020, 0x0020, 0x0020, 0x0020, 0x0021, 0x0020, 0x0020, 0x0020, 0x0020, 0x0020, 0x0020,
  0x0021, 0x0020, 0x0020, 0x0020, 0x0020, 0x0020, 0x0020, 0x0020, 0x0020, 0x0020, 0x0020, 0x0020,
  0x0020, 0x0021, 0x0020, 0x0021, 0x0021, 0x0020, 0x0020, 0x0020, 0x0020, 0x0020, 0x0020, 0x0020,
  0x0020, 0x0021, 0x0021, 0x0021, 0x0020, 0x0020, 0x0020, 0x0020, 0x0020, 0x0020, 0x0020, 0x0020,
  0x0020, 0x0020, 0x0020, 0x0020, 0x0020, 0x0020, 0x0021, 0x0020, 0x0020, 0x0021, 0x0021, 0x0020,
  0x0020, 0x0020, 0x0020, 0x0020, 0x0020, 0x0021, 0x0020, 0x0021, 0x0020, 0x0020, 0x0020, 0x0020,
  0x0020, 0x0021, 0x0020, 0x0021, 0x0020, 0x0020, 0x0020, 0x0020, 0x0020, 0x0020, 0x0020, 0x0020,
  0x0020, 0x0021, 0x0020, 0x0020, 0x0021, 0x0021, 0x0020, 0x0020, 0x0021, 0x0020, 0x0021, 0x0020,
  0x0020, 0x0020, 0x0020, 0x0020, 0x0020, 0x0020, 0x0020, 0x0021, 0x0021, 0x0021, 0x0020, 0x0020,
  0x0020, 0x0021, 0x0021, 0x0021, 0x0021, 0x0020, 0x0021, 0x0020, 0x0020, 0x0020, 0x0020, 0x0021,
  0x0020, 0x0021, 0x0020, 0x0020, 0x0020, 0x0020, 0x0020, 0x0021, 0x0021, 0x0020, 0x0021, 0x0021,
  0x0020, 0x0020, 0x0021, 0x0021, 0x0020, 0x0021, 0x0020, 0x0020, 0x0021, 0x0020, 0x0020, 0x0021,
  0x0020, 0x0020, 0x0020, 0x0020, 0x0021, 0x0020, 0x0020, 0x0021, 0x0021, 0x0021, 0x0021, 0x0020,
  0x0021, 0x0020, 0x0020, 0x0021, 0x0020, 0x0020, 0x0021, 0x0021, 0x0020, 0x0021, 0x0020, 0x0020,
  0x0021, 0x0020, 0x0020, 0x0020, 0x0020, 0x0020, 0x0021, 0x0020, 0x0020, 0x0020, 0x0021, 0x0021,
  0x0021, 0x0020, 0x0020, 0x0020, 0x0021, 0x0020, 0x0021, 0x0021, 0x0020, 0x0020, 0x0021, 0x0020,
  0x0020, 0x0021, 0x0021, 0x0020, 0x0020, 0x0021, 0x0020, 0x0020, 0x0020, 0x0020, 0x0021, 0x0020,
  0x0020, 0x0021, 0x0020, 0x0020, 0x0020, 0x0020, 0x0020, 0x0020, 0x0020, 0x0021, 0x0020, 0x0020,
  0x0020, 0x0021, 0x0020, 0x0020, 0x0020, 0x0020, 0x0020, 0x0020, 0x0020, 0x0020, 0x0020, 0x0020,
  0x0021, 0x0020, 0x0020, 0x0020, 0x0020, 0x0020, 0x0020, 0x0020, 0x0020, 0x0020, 0x0020, 0x0020,
  0x0020, 0x0020, 0x0020, 0x0021, 0x0020, 0x0020, 0x0020, 0x0021, 0x0020, 0x0020, 0x0021, 0x0020,
  0x0020, 0x0020, 0x0020, 0x0020, 0x0021, 0x0021, 0x0020, 0x0021, 0x0021, 0x0020, 0x0021, 0x0020,
  0x0021, 0x0020, 0x0020, 0x0021, 0x0020, 0x0020, 0x0020, 0x0020, 0x0020, 0x0020, 0x0021, 0x0021,
  0x0020, 0x0021, 0x0020, 0x0020, 0x0020, 0x0021, 0x0020, 0x0020, 0x0020, 0x0020, 0x0020, 0x0020,
  0x0020, 0x0020, 0x0021, 0x0020, 0x0021, 0x0021, 0x0020, 0x0020, 0x0021, 0x0020, 0x0020, 0x0021,
  0x0021, 0x0020, 0x0020, 0x0020, 0x0020, 0x0020, 0x0020, 0x0020, 0x0020, 0x0020, 0x0020, 0x0021,
  0x0021, 0x0020, 0x0021, 0x0020, 0x0020, 0x0020, 0x0020, 0x0020, 0x0020, 0x0021, 0x0020, 0x0020,
  0x0021, 0x0020, 0x0020, 0x0021, 0x0020, 0x0020, 0x0020, 0x0020, 0x0020, 0x0020, 0x0020, 0x0020,
  0x0020, 0x0021, 0x0021, 0x0021, 0x0020, 0x0021, 0x0020, 0x0020, 0x0020, 0x0020, 0x0020, 0x0021,
  0x0020, 0x0020, 0x0021, 0x0021, 0x0020, 0x0020, 0x0021, 0x0020, 0x0020, 0x0021, 0x0020, 0x0020,
  0x0020, 0x0020, 0x0020, 0x0020, 0x0020, 0x0020, 0x0020, 0x0020, 0x0020, 0x0021, 0x0020, 0x0020,
  0x0020, 0x0020, 0x0020, 0x0021, 0x0020, 0x0020, 0x0020, 0x0020, 0x0020, 0x0020, 0x0020, 0x0020,
  0x0020, 0x0020, 0x0020, 0x0020, 0x0020, 0x0021, 0x0020, 0x0020, 0x0020, 0x0021, 0x0020, 0x0020,
  0x0020, 0x0020, 0x0021, 0x0020, 0x0020, 0x0020, 0x0021, 0x0021, 0x0020, 0x0021, 0x0020, 0x0020,
  0x0020, 0x0020, 0x0021, 0x0020, 0x0020, 0x0021, 0x0020, 0x0021, 0x0020, 0x0020, 0x0020, 0x0021,
  0x0020, 0x0020, 0x0021, 0x0021, 0x0021, 0x0021, 0x0021, 0x0021, 0x0021, 0x0020, 0x0020, 0x0020,
  0x0021, 0x0020, 0x0020, 0x0020, 0x0020, 0x0020, 0x0020, 0x0020, 0x0020, 0x0020, 0x0020, 0x0020,
  0x0020, 0x0021, 0x0020, 0x0021, 0x0020, 0x0020, 0x0021, 0x0021, 0x0021, 0x0021, 0x0020, 0x0021,
  0x0021, 0x0021, 0x0021, 0x0020, 0x0021, 0x0021, 0x0020, 0x0020, 0x0020, 0x0020, 0x0020, 0x0020,
  0x0021, 0x0020, 0x0020, 0x0020, 0x0020, 0x0020, 0x0020, 0x0021, 0x0020, 0x0021, 0x0020, 0x0020,
  0x0021, 0x0021, 0x0020, 0x0020, 0x0020, 0x0020, 0x0020, 0x0020, 0x0020, 0x0020, 0x0020, 0x0020,
  0x0021, 0x0020, 0x0020, 0x0020, 0x0020, 0x0020, 0x0021, 0x0020, 0x0020, 0x0021, 0x0020, 0x0020,
  0x0020, 0x0020, 0x0020, 0x0020, 0x0020, 0x0020, 0x0020, 0x0021, 0x0020, 0x0020, 0x0020, 0x0020,
  0x0020, 0x0020, 0x0020, 0x0021, 0x0020, 0x0020, 0x0020, 0x0020, 0x0020, 0x0020, 0x0020, 0x0020,
  0x0020, 0x0020, 0x0020, 0x0020, 0x0020, 0x0020, 0x0021, 0x0020, 0x0020, 0x0020, 0x0021, 0x0021,
  0x0020, 0x0020, 0x0020, 0x0020, 0x0020, 0x0020, 0x0021, 0x0020, 0x0020, 0x0020, 0x0020, 0x0020,
  0x0020, 0x0020, 0x0020, 0x0020, 0x0020, 0x0020, 0x0020, 0x0020, 0x0020, 0x0020, 0x0020, 0x0020,
  0x0020, 0x0020, 0x0020, 0x0020, 0x0020, 0x0020, 0x0021, 0x0021, 0x0020, 0x0020, 0x0020, 0x0020,
  0x0020, 0x0020, 0x0020, 0x0020, 0x0020, 0x0021, 0x0021, 0x0021, 0x0020, 0x0021, 0x0021, 0x0021,
  0x0020, 0x0021, 0x0020, 0x0020, 0x0020, 0x0020, 0x0020, 0x0021, 0x0021, 0x0020, 0x0020, 0x0020,
  0x0020, 0x0020, 0x0020, 0x0020, 0x0021, 0x0021, 0x0020, 0x0020, 0x0021, 0x0020, 0x0020, 0x0020,
  0x0020, 0x0020, 0x0021, 0x0021, 0x0021, 0x0021, 0x0021, 0x0021, 0x0021, 0x0020, 0x0020, 0x0020,
  0x0020, 0x0020, 0x0020, 0x0020, 0x0020, 0x0021, 0x0020, 0x0021, 0x0020, 0x0020, 0x0020, 0x0020,
  0x0020, 0x0020, 0x0021, 0x0020, 0x0021, 0x0020, 0x0020, 0x0020, 0x0020, 0x0021, 0x0020, 0x0020,
  0x0020, 0x0021, 0x0020, 0x0021, 0x0020, 0x0020, 0x0020, 0x0020, 0x0021, 0x0020, 0x0020, 0x0020,
  0x0021, 0x0021, 0x0020, 0x0020, 0x0020, 0x0020, 0x0020, 0x0021, 0x0021, 0x0020, 0x0020, 0x0020,
  0x0020, 0x0020, 0x0020, 0x0021, 0x0021, 0x0020, 0x0020, 0x0020, 0x0021, 0x0020, 0x0020, 0x0021,
  0x0020, 0x0020, 0x0020, 0x0020, 0x0020, 0x0020, 0x0020, 0x0021, 0x0020, 0x0021, 0x0020, 0x0020,
  0x0021, 0x0020, 0x0020, 0x0020, 0x0020, 0x0021, 0x0020, 0x0020, 0x0020, 0x0020, 0x0020, 0x0021,
  0x0020, 0x0020, 0x0020, 0x0020, 0x0020, 0x0020, 0x0020, 0x0020, 0x0021, 0x0020, 0x0020, 0x0020,
  0x0020, 0x0020, 0x0020, 0x0020, 0x0020, 0x0020, 0x0020, 0x0021, 0x0020, 0x0020, 0x0020, 0x0021,
  0x0020, 0x0020, 0x0020, 0x0020, 0x0021, 0x0021, 0x0020, 0x0020, 0x0021, 0x0021, 0x0021, 0x0021,
  0x0021, 0x0021, 0x0020, 0x0020, 0x0021, 0x0020, 0x0020, 0x0021, 0x0020, 0x0020, 0x0020, 0x0020,
  0x0020, 0x0020, 0x0020, 0x0021, 0x0020, 0x0020, 0x0021, 0x0020, 0x0020, 0x0020, 0x0021, 0x0021,
  0x0020, 0x0020, 0x0020, 0x0021, 0x0020, 0x0020, 0x0020, 0x0020, 0x0020, 0x0020, 0x0021, 0x0020,
  0x0020, 0x0020, 0x0020, 0x0020, 0x0020, 0x0020, 0x0020, 0x0020, 0x0021, 0x0020, 0x0020, 0x0020,
  0x0020, 0x0021, 0x0021, 0x0020, 0x0021, 0x0020, 0x0020, 0x0021, 0x0020, 0x0020, 0x0020, 0x0020,
  0x0020, 0x0021, 0x0020, 0x0020, 0x0020, 0x0020, 0x0020, 0x0020, 0x0021, 0x0021, 0x0020, 0x0020,
  0x0020, 0x0021, 0x0020, 0x0020, 0x0020, 0x0020, 0x0020, 0x0020, 0x0020, 0x0020, 0x0020, 0x0021,
  0x0020, 0x0020, 0x0020, 0x0020, 0x0020, 0x0020, 0x0020, 0x0020, 0x0020, 0x0020, 0x0020, 0x0020,
  0x0020, 0x0020, 0x0020, 0x0021, 0x0021, 0x0020, 0x0020, 0x0021, 0x0020, 0x0021, 0x0021, 0x0021,
  0x0020, 0x0021, 0x0021, 0x0020, 0x0020, 0x0021, 0x0020, 0x0020, 0x0021, 0x0021, 0x0020, 0x0020,
  0x0020, 0x0020, 0x0020, 0x0020, 0x0021, 0x0020, 0x0021, 0x0020, 0x0020, 0x0020, 0x0020, 0x0021,
  0x0020, 0x0020, 0x0020, 0x0020, 0x0020, 0x0020, 0x0021, 0x0021, 0x0020, 0x0021, 0x0021, 0x0020,
  0x0020, 0x0020, 0x0020, 0x0020, 0x0020, 0x0021, 0x0020, 0x0021, 0x0021, 0x0020, 0x0021, 0x0021,
  0x0020, 0x0020, 0x0020, 0x0020, 0x0021, 0x0020, 0x0020, 0x0020, 0x0021, 0x0020, 0x0020, 0x0020,
  0x0020, 0x0020, 0x0020, 0x0020, 0x0020, 0x0020, 0x0020, 0x0021, 0x0021, 0x0020, 0x0021, 0x0021,
  0x0020, 0x0020, 0x0021, 0x0021, 0x0020, 0x0021, 0x0021, 0x0020, 0x0020, 0x0020, 0x0020, 0x0020,
  0x0020, 0x0020, 0x0020, 0x0020, 0x0021, 0x0020, 0x0020, 0x0020, 0x0021, 0x0021, 0x0020, 0x0021,
  0x0021, 0x0020, 0x0020, 0x0020, 0x0021, 0x0020, 0x0020, 0x0020, 0x0020, 0x0021, 0x0021, 0x0020,
  0x0020, 0x0020, 0x0020, 0x0021, 0x0020, 0x0020, 0x0021, 0x0020, 0x0020, 0x0020, 0x0020, 0x0020,
  0x0021, 0x0020, 0x0020, 0x0020, 0x0020, 0x0020, 0x0021, 0x0020, 0x0020, 0x0020, 0x0020, 0x0020,
  0x0021, 0x0021, 0x0020, 0x0020, 0x0020, 0x0020, 0x0020, 0x0020, 0x0021, 0x0020, 0x0020, 0x0020,
  0x0021, 0x0020, 0x0020, 0x0020, 0x0020, 0x0020, 0x0020, 0x0020, 0x0020, 0x0020, 0x0021, 0x0020,
  0x0020, 0x0020, 0x0020, 0x0021, 0x0020, 0x0021, 0x0020, 0x0021, 0x0021, 0x0021, 0x0020, 0x0020,
  0x0020, 0x0020, 0x0020, 0x0020, 0x0021, 0x0020, 0x0021, 0x0021, 0x0021, 0x0020, 0x0020, 0x0020,
  0x0020, 0x0020, 0x0020, 0x0020, 0x0020, 0x0020, 0x0020, 0x0020, 0x0020, 0x0021, 0x0020, 0x0020,
  0x0020, 0x0020, 0x0020, 0x0021, 0x0020, 0x0020, 0x0020, 0x0020, 0x0020, 0x0020, 0x0020, 0x0020,
  0x0021, 0x0020, 0x0020, 0x0021, 0x0021, 0x0021, 0x0020, 0x0020, 0x0020, 0x0021, 0x0020, 0x0020,
  0x0020, 0x0020, 0x0020, 0x0021, 0x0020, 0x0020, 0x0020, 0x0020, 0x0021, 0x0021, 0x0020, 0x0020,
  0x0020, 0x0020, 0x0020, 0x0020, 0x0020, 0x0021, 0x0021, 0x0020, 0x0020, 0x0021, 0x0020, 0x0020,
  0x0021, 0x0020, 0x0020, 0x0020, 0x0021, 0x0020, 0x0021, 0x0021, 0x0020, 0x0020, 0x0021, 0x0020,
  0x0021, 0x0021, 0x0020, 0x0020, 0x0021, 0x0021, 0x0020, 0x0021, 0x0020, 0x0021, 0x0020, 0x0020,
  0x0021, 0x0020, 0x0020, 0x0021, 0x0021, 0x0021, 0x0020, 0x0020, 0x0020, 0x0020, 0x0020, 0x0020,
  0x0020, 0x0021, 0x0021, 0x0020, 0x0020, 0x0020, 0x0020, 0x0020, 0x0020, 0x0021, 0x0020, 0x0021,
  0x0020, 0x0020, 0x0020, 0x0020, 0x0020, 0x0021, 0x0020, 0x0020, 0x0021, 0x0020, 0x0021, 0x0020,
  0x0020, 0x0020, 0x0020, 0x0020, 0x0020, 0x0021, 0x0021, 0x0020, 0x0021, 0x0020, 0x0020, 0x0020,
  0x0020, 0x0021, 0x0020, 0x0020, 0x0021, 0x0020, 0x0020, 0x0020, 0x0020, 0x0020, 0x0020, 0x0020,
  0x0021, 0x0020, 0x0020, 0x0021, 0x0020, 0x0020, 0x0020, 0x0020, 0x0020, 0x0020, 0x0020, 0x0020,
  0x0020, 0x0020, 0x0020, 0x0021, 0x0020, 0x0020, 0x0020, 0x0021, 0x0020, 0x0020, 0x0020, 0x0020,
  0x0020, 0x0020, 0x0021, 0x0020, 0x0020, 0x0020, 0x0020, 0x0021, 0x0020, 0x0020, 0x0021, 0x0020,
  0x0020, 0x0021, 0x0020, 0x0020, 0x0020, 0x0021, 0x0021, 0x0021, 0x0020, 0x0020, 0x0020, 0x0020,
  0x0020, 0x0020, 0x0020, 0x0020, 0x0021, 0x0020, 0x0020, 0x0021, 0x0021, 0x0020, 0x0020, 0x0020,
  0x0021, 0x0021, 0x0020, 0x0020, 0x0020, 0x0021, 0x0020, 0x0020, 0x0020, 0x0020, 0x0020, 0x0020,
  0x0020, 0x0020, 0x0021, 0x0020, 0x0021, 0x0020, 0x0021, 0x0020, 0x0021, 0x0021, 0x0020, 0x0020,
  0x0020, 0x0020, 0x0021, 0x0020, 0x0021, 0x0020, 0x0020, 0x0020, 0x0021, 0x0020, 0x0020, 0x0021,
  0x0021, 0x0020, 0x0021, 0x0021, 0x0021, 0x0020, 0x0021, 0x0021, 0x0021, 0x0021, 0x0020, 0x0021,
  0x0020, 0x0020, 0x0020, 0x0021, 0x0021, 0x0020, 0x0020, 0x0020, 0x0020, 0x0020, 0x0020, 0x0021,
  0x0021, 0x0020, 0x0020, 0x0021, 0x0020, 0x0020, 0x0020, 0x0020, 0x0020, 0x0021, 0x0020, 0x0020,
  0x0020, 0x0020, 0x0021, 0x0020, 0x0020, 0x0021, 0x0020, 0x0020, 0x0020, 0x0020, 0x0020, 0x0020,
  0x0020, 0x0021, 0x0020, 0x0020, 0x0020, 0x0020, 0x0020, 0x0021, 0x0020, 0x0020, 0x0020, 0x0020,
  0x0020, 0x0020, 0x0020, 0x0021, 0x0020, 0x0021, 0x0020, 0x0021, 0x0020, 0x0021, 0x0020, 0x0020,
  0x0020, 0x0020, 0x0020, 0x0020, 0x0021, 0x0020, 0x0020, 0x0020, 0x0021, 0x0020, 0x0020, 0x0020,
  0x0020, 0x0020, 0x0020, 0x0020, 0x0020, 0x0020, 0x0020, 0x0020, 0x0020, 0x0020, 0x0020, 0x0020,
  0x0020, 0x0020, 0x0020, 0x0020, 0x0020, 0x0020, 0x0021, 0x0021, 0x0020, 0x0020, 0x0020, 0x0020,
  0x0020, 0x0020, 0x0020, 0x0020, 0x0020, 0x0020, 0x0020, 0x0020, 0x0021, 0x0020, 0x0020, 0x0021,
  0x0020, 0x0020, 0x0020, 0x0020, 0x0020, 0x0020, 0x0020, 0x0020, 0x0020, 0x0021, 0x0020, 0x0020,
  0x0021, 0x0021, 0x0020, 0x0020, 0x0021, 0x0021, 0x0020, 0x0020, 0x0021, 0x0020, 0x0020, 0x0020,
  0x0020, 0x0021, 0x0020, 0x0020, 0x0021, 0x0020, 0x0020, 0x0021, 0x0021, 0x0020, 0x0020, 0x0021,
  0x0021, 0x0021, 0x0020, 0x0020, 0x0021, 0x0020, 0x0020, 0x0020, 0x0020, 0x0021, 0x0020, 0x0020,
  0x0021, 0x0020, 0x0020, 0x0020, 0x0021, 0x0021, 0x0020, 0x0020, 0x0021, 0x0020, 0x0020, 0x0021,
  0x0020, 0x0020, 0x0021, 0x0020, 0x0020, 0x0020, 0x0020, 0x0020, 0x0020, 0x0020, 0x0020, 0x0020,
  0x0021, 0x0020, 0x0020, 0x0021, 0x0020, 0x0021, 0x0021, 0x0021, 0x0020, 0x0020, 0x0020, 0x0021,
  0x0020, 0x0020, 0x0020, 0x0020, 0x0020, 0x0020, 0x0021, 0x0020, 0x0020, 0x0020, 0x0020, 0x0020,
  0x0020, 0x0020, 0x0020, 0x0020, 0x0020, 0x0020, 0x0020, 0x0020, 0x0020, 0x0020, 0x0020, 0x0020,
  0x0021, 0x0021, 0x0020, 0x0020, 0x0020, 0x0020, 0x0020, 0x0020, 0x0020, 0x0020, 0x0020, 0x0020,
  0x0020, 0x0021, 0x0020, 0x0020, 0x0020, 0x0020, 0x0020, 0x0020, 0x0020, 0x0021, 0x0020, 0x0020,
  0x0020, 0x0020, 0x0021, 0x0020, 0x0021, 0x0021, 0x0020, 0x0020, 0x0021, 0x0021, 0x0020, 0x0020,
  0x0020, 0x0020, 0x0020, 0x0021, 0x0021, 0x0020, 0x0020, 0x0021, 0x0020, 0x0020, 0x0021, 0x0020,
  0x0020, 0x0021, 0x0020, 0x0021, 0x0021, 0x0020, 0x0020, 0x0020, 0x0020, 0x0020, 0x0020, 0x0020,
  0x0020, 0x0020, 0x0020, 0x0020, 0x0020, 0x0020, 0x0020, 0x0020, 0x0021, 0x0020, 0x0020, 0x0020,
  0x0021, 0x0020, 0x0021, 0x0021, 0x0021, 0x0021, 0x0021, 0x0020, 0x0020, 0x0020, 0x0020, 0x0021,
  0x0021, 0x0020, 0x0020, 0x0020, 0x0021, 0x0020, 0x0020, 0x0020, 0x0021, 0x0020, 0x0020, 0x0020,
  0x0020, 0x0020, 0x0020, 0x0020, 0x0020, 0x0021, 0x0020, 0x0020, 0x0020, 0x0020, 0x0020, 0x0020,
  0x0020, 0x0020, 0x0021, 0x0020, 0x0020, 0x0020, 0x0020, 0x0020, 0x0021, 0x0020, 0x0020, 0x0020,
  0x0020, 0x0021, 0x0021, 0x0020, 0x0020, 0x0020, 0x0021, 0x0020, 0x0020, 0x0021, 0x0020, 0x0021,
  0x0021, 0x0020, 0x0020, 0x0020, 0x0020, 0x0020, 0x0020, 0x0020, 0x0021, 0x0021, 0x0020, 0x0020,
  0x0021, 0x0020, 0x0021, 0x0020, 0x0020, 0x0020, 0x0020, 0x0020, 0x0020, 0x0020, 0x0020, 0x0020,
  0x0020, 0x0021, 0x0020, 0x0020, 0x0021, 0x0021, 0x0020, 0x0020, 0x0021, 0x0020, 0x0020, 0x0020,
  0x0020, 0x0021, 0x0021, 0x0021, 0x0020, 0x0021, 0x0020, 0x0020, 0x0020, 0x0021, 0x0020, 0x0020,
  0x0020, 0x0020, 0x0020, 0x0021, 0x0020, 0x0021, 0x0020, 0x0021, 0x0021, 0x0020, 0x0020, 0x0021,
  0x0021, 0x0020, 0x0020, 0x0021, 0x0021, 0x0020, 0x0020, 0x0020, 0x0021, 0x0020, 0x0020, 0x0020,
  0x0020, 0x0020, 0x0021, 0x0020, 0x0020, 0x0020, 0x0020, 0x0020, 0x0021, 0x0020, 0x0020, 0x0021,
  0x0020, 0x0020, 0x0020, 0x0021, 0x0020, 0x0020, 0x0020, 0x0020, 0x0021, 0x0020, 0x0021, 0x0021,
  0x0021, 0x0020, 0x0020, 0x0020, 0x0020, 0x0020, 0x0021, 0x0020, 0x0020, 0x0020, 0x0020, 0x0020,
  0x0020, 0x0020, 0x0020, 0x0021, 0x0021, 0x0020, 0x0020, 0x0020, 0x0021, 0x0020, 0x0021, 0x0020,
  0x0020, 0x0020, 0x0020, 0x0020, 0x0020, 0x0020, 0x0021, 0x0021, 0x0020, 0x0021, 0x0021, 0x0020,
  0x0020, 0x0020, 0x0020, 0x0020, 0x0020, 0x0020, 0x0021, 0x0020, 0x0020, 0x0021, 0x0020, 0x0021,
  0x0020, 0x0020, 0x0020, 0x0020, 0x0020, 0x0020, 0x0021, 0x0020, 0x0021, 0x0020, 0x0020, 0x0020,
  0x0020, 0x0021, 0x0021, 0x0020, 0x0020, 0x0021, 0x0020, 0x0020, 0x0021, 0x0020, 0x0020, 0x0021,
  0x0021, 0x0020, 0x0020, 0x0020, 0x0020, 0x0020, 0x0020, 0x0020, 0x0020, 0x0020, 0x0020, 0x0020,
  0x0020, 0x0020, 0x0020, 0x0021, 0x0020, 0x0020, 0x0021, 0x0020, 0x0021, 0x0021, 0x0020, 0x0020,
  0x0021, 0x0020, 0x0020, 0x0021, 0x0020, 0x0021, 0x0020, 0x0020, 0x0020, 0x0020, 0x0020, 0x0020,
  0x0020, 0x0021, 0x0021, 0x0020, 0x0020, 0x0020, 0x0020, 0x0020, 0x0020, 0x0020, 0x0020, 0x0020,
  0x0020, 0x0020, 0x0020, 0x0020, 0x0021, 0x0020, 0x0020, 0x0021, 0x0020, 0x0020, 0x0021, 0x0021,
  0x0021, 0x0020, 0x0021, 0x0020, 0x0020, 0x0021, 0x0021, 0x0021, 0x0020, 0x0020, 0x0020, 0x0020,
  0x0020, 0x0021, 0x0020, 0x0020, 0x0020, 0x0020, 0x0021, 0x0020, 0x0020, 0x0020, 0x0020, 0x0020,
  0x0020, 0x0020, 0x0021, 0x0020, 0x0021, 0x0021, 0x0020, 0x0020, 0x0020, 0x0020, 0x0021, 0x0021,
  0x0020, 0x0020, 0x0020, 0x0020, 0x0020, 0x0020, 0x0020, 0x0021, 0x0021, 0x0021, 0x0020, 0x0020,
  0x0020, 0x0020, 0x0020, 0x0020, 0x0021, 0x0020, 0x0020, 0x0020, 0x0020, 0x0021, 0x0021, 0x0020,
  0x0021, 0x0020, 0x0021, 0x0021, 0x0021, 0x0020, 0x0020, 0x0020, 0x0020, 0x0020, 0x0020, 0x0020,
  0x0020, 0x0020, 0x0020, 0x0020, 0x0020, 0x0020, 0x0020, 0x0020, 0x0021, 0x0020, 0x0020, 0x0020,
  0x0021, 0x0021, 0x0021, 0x0020, 0x0020, 0x0021, 0x0020, 0x0020, 0x0021, 0x0020, 0x0021, 0x0020,
  0x0020, 0x0020, 0x0020, 0x0020, 0x0020, 0x0020, 0x0020, 0x0020, 0x0020, 0x0020, 0x0020, 0x0020,
  0x0020, 0x0020, 0x0020, 0x0020, 0x0020, 0x0020, 0x0020, 0x0020, 0x0020, 0x0020, 0x0021, 0x0020,
  0x0020, 0x0021, 0x0020, 0x0020, 0x0021, 0x0020, 0x0020, 0x0021, 0x0020, 0x0020, 0x0020, 0x0020,
  0x0021, 0x0020, 0x0020, 0x0020, 0x0020, 0x0020, 0x0020, 0x0020, 0x0020, 0x0020, 0x0020, 0x0020,
  0x0020, 0x0020, 0x0020, 0x0021, 0x0020, 0x0020, 0x0020, 0x0020, 0x0020, 0x0020, 0x0020, 0x0020,
  0x0020, 0x0020, 0x0020, 0x0021, 0x0021, 0x0020, 0x0020, 0x0020, 0x0020, 0x0020, 0x0021, 0x0020,
  0x0020, 0x0020, 0x0020, 0x0020, 0x0020, 0x0020, 0x0020, 0x0020, 0x0021, 0x0020, 0x0020, 0x0021,
  0x0020, 0x0020, 0x0020, 0x0020, 0x0020, 0x0021, 0x0020, 0x0020, 0x0021, 0x0020, 0x0021, 0x0021,
  0x0021, 0x0020, 0x0021, 0x0020, 0x0020, 0x0020, 0x0020, 0x0021, 0x0020, 0x0020, 0x0020, 0x0020,
  0x0020, 0x0020, 0x0020, 0x0021, 0x0020, 0x0021, 0x0021, 0x0020, 0x0021, 0x0020, 0x0021, 0x0021,
  0x0020, 0x0021, 0x0020, 0x0020, 0x0020, 0x0021, 0x0020, 0x0020, 0x0021, 0x0021, 0x0020, 0x0021,
  0x0020, 0x0020, 0x0020, 0x0020, 0x0020, 0x0021, 0x0020, 0x0020, 0x0020, 0x0020, 0x0021, 0x0020,
  0x0020, 0x0020, 0x0020, 0x0020, 0x0020, 0x0020, 0x0020, 0x0021, 0x0020, 0x0021, 0x0020, 0x0020,
  0x0020, 0x0020, 0x0020, 0x0020, 0x0020, 0x0020, 0x0021, 0x0020, 0x0020, 0x0021, 0x0020, 0x0020,
  0x0021, 0x0021, 0x0021, 0x0020, 0x0020, 0x0020, 0x0020, 0x0020, 0x0021, 0x0020, 0x0020, 0x0020,
  0x0020, 0x0021, 0x0020, 0x0020, 0x0021, 0x0020, 0x0021, 0x0020, 0x0021, 0x0020, 0x0020, 0x0020,
  0x0020, 0x0020, 0x0020, 0x0020, 0x0020, 0x0020, 0x0020, 0x0020, 0x0020, 0x0020, 0x0020, 0x0020,
  0x0020, 0x0020, 0x0020, 0x0021, 0x0020, 0x0020, 0x0021, 0x0020, 0x0021, 0x0020, 0x0020, 0x0020,
  0x0020, 0x0021, 0x0020, 0x0020, 0x0020, 0x0020, 0x0021, 0x0020, 0x0020, 0x0020, 0x0020, 0x0020,
  0x0021, 0x0020, 0x0020, 0x0020, 0x0020, 0x0020, 0x0020, 0x0020, 0x0020, 0x0020, 0x0020, 0x0020,
  0x0020, 0x0020, 0x0020, 0x0021, 0x0021, 0x0021, 0x0020, 0x0020, 0x0020, 0x0021, 0x0020, 0x0020,
  0x0020, 0x0020, 0x0020, 0x0020, 0x0020, 0x0020, 0x0020, 0x0020, 0x0020, 0x0020, 0x0020, 0x0020,
  0x0020, 0x0020, 0x0020, 0x0020, 0x0020, 0x0020, 0x0020, 0x0021, 0x0021, 0x0020, 0x0020, 0x0020,
  0x0020, 0x0020, 0x0021, 0x0020, 0x0020, 0x0020, 0x0020, 0x0021, 0x0020, 0x0020, 0x0021, 0x0020,
  0x0020, 0x0020, 0x0020, 0x0020, 0x0020, 0x0020, 0x0020, 0x0020, 0x0020, 0x0021, 0x0021, 0x0020,
  0x0020, 0x0020, 0x0020, 0x0020, 0x0020, 0x0020, 0x0020, 0x0020, 0x0020, 0x0020, 0x0020, 0x0020,
  0x0020, 0x0021, 0x0021, 0x0021, 0x0020, 0x0020, 0x0020, 0x0020, 0x0020, 0x0021, 0x0020, 0x0020,
  0x0020, 0x0020, 0x0020, 0x0020, 0x0020, 0x0020, 0x0021, 0x0020, 0x0020, 0x0020, 0x0020, 0x0021,
  0x0021, 0x0021, 0x0021, 0x0020, 0x0020, 0x0021, 0x0020, 0x0020, 0x0020, 0x0020, 0x0020, 0x0021,
  0x0020, 0x0020, 0x0021, 0x0020, 0x0020, 0x0021, 0x0020, 0x0020, 0x0020, 0x0020, 0x0020, 0x0020,
  0x0020, 0x0020, 0x0020, 0x0020, 0x0020, 0x0020, 0x0020, 0x0020, 0x0020, 0x0021, 0x0020, 0x0020,
  0x0020, 0x0020, 0x0020, 0x0020, 0x0020, 0x0020, 0x0020, 0x0020, 0x0021, 0x0020, 0x0020, 0x0020,
  0x0020, 0x0020, 0x0020, 0x0020, 0x0020, 0x0020, 0x0020, 0x0021, 0x0020, 0x0020, 0x0021, 0x0020,
  0x0020, 0x0020, 0x0021, 0x0021, 0x0020, 0x0021, 0x0021, 0x0020, 0x0021, 0x0021, 0x0020, 0x0021,
  0x0020, 0x0020, 0x0020, 0x0020, 0x0020, 0x0020, 0x0021, 0x0020, 0x0020, 0x0020, 0x0020, 0x0021,
  0x0020, 0x0020, 0x0020, 0x0021, 0x0021, 0x0020, 0x0020, 0x0020, 0x0020, 0x0020, 0x0021, 0x0020,
  0x0020, 0x0021, 0x0020, 0x0020, 0x0021, 0x0020, 0x0020, 0x0020, 0x0021, 0x0021, 0x0020, 0x0020,
  0x0020, 0x0020, 0x0020, 0x0021, 0x0021, 0x0021, 0x0020, 0x0021, 0x0021, 0x0020, 0x0021, 0x0020,
  0x0021, 0x0021, 0x0020, 0x0020, 0x0020, 0x0021, 0x0020, 0x0021, 0x0020, 0x0020, 0x0021, 0x0020,
  0x0020, 0x0020, 0x0020, 0x0020, 0x0020, 0x0021, 0x0020, 0x0020, 0x0020, 0x0020, 0x0020, 0x0021,
  0x0021, 0x0021, 0x0020, 0x0020, 0x0020, 0x0021, 0x0020, 0x0020, 0x0020, 0x0020, 0x0020, 0x0020,
  0x0020, 0x0021, 0x0020, 0x0020, 0x0021, 0x0020, 0x0020, 0x0021, 0x0020, 0x0020, 0x0020, 0x0020,
  0x0020, 0x0020, 0x0021, 0x0021, 0x0020, 0x0021, 0x0020, 0x0020, 0x0021, 0x0020, 0x0020, 0x0020,
  0x0020, 0x0020, 0x0020, 0x0020, 0x0020, 0x0020, 0x0020, 0x0020, 0x0020, 0x0020, 0x0020, 0x0021,
  0x0020, 0x0020, 0x0020, 0x0020, 0x0020, 0x0021, 0x0020, 0x0020, 0x0020, 0x0020, 0x0020, 0x0021,
  0x0020, 0x0020, 0x0020, 0x0021, 0x0020, 0x0021, 0x0020, 0x0020, 0x0020, 0x0020, 0x0020, 0x0021,
  0x0021, 0x0020, 0x0021, 0x0021, 0x0020, 0x0020, 0x0020, 0x0021, 0x0021, 0x0020, 0x0021, 0x0020,
  0x0020, 0x0021, 0x0020, 0x0020, 0x0020, 0x0020, 0x0020, 0x0021, 0x0020, 0x0020, 0x0020, 0x0020,
  0x0021, 0x0020, 0x0021, 0x0020, 0x0021, 0x0020, 0x0020, 0x0020, 0x0020, 0x0020, 0x0021, 0x0020,
  0x0020, 0x0020, 0x0020, 0x0021, 0x0020, 0x0020, 0x0021, 0x0020, 0x0020, 0x0021, 0x0020, 0x0020,
  0x0021, 0x0020, 0x0020, 0x0021, 0x0021, 0x0020, 0x0020, 0x0021, 0x0020, 0x0021, 0x0020, 0x0020,
  0x0020, 0x0020, 0x0020, 0x0021, 0x0020, 0x0020, 0x0020, 0x0020, 0x0020, 0x0020, 0x0020, 0x0021,
  0x0020, 0x0020, 0x0020, 0x0020, 0x0020, 0x0021, 0x0021, 0x0020, 0x0021, 0x0020, 0x0020, 0x0020,
  0x0020, 0x0021, 0x0021, 0x0020, 0x0021, 0x0020, 0x0020, 0x0021, 0x0020, 0x0020, 0x0021, 0x0021,
  0x0020, 0x0020, 0x0020, 0x0021, 0x0021, 0x0020, 0x0020, 0x0020, 0x0020, 0x0020, 0x0021, 0x0020,
  0x0020, 0x0020, 0x0020, 0x0020, 0x0020, 0x0020, 0x0020, 0x0020, 0x0020, 0x0020, 0x0020, 0x0020,
  0x0021, 0x0020, 0x0020, 0x0020, 0x0020, 0x0020, 0x0020, 0x0020, 0x0021, 0x0020, 0x0020, 0x0020,
  0x0020, 0x0020, 0x0020, 0x0020, 0x0020, 0x0020, 0x0020, 0x0020, 0x0020, 0x0020, 0x0021, 0x0020,
  0x0021, 0x0020, 0x0020, 0x0020, 0x0020, 0x0020, 0x0020, 0x0021, 0x0020, 0x0021, 0x0020, 0x0020,
  0x0020, 0x0020, 0x0021, 0x0020, 0x0020, 0x0021, 0x0021, 0x0020, 0x0021, 0x0020, 0x0020, 0x0021,
  0x0020, 0x0020, 0x0020, 0x0021, 0x0021, 0x0020, 0x0021, 0x0020, 0x0020, 0x0020, 0x0020, 0x0020,
  0x0020, 0x0020, 0x0020, 0x0020, 0x0020, 0x0021, 0x0020, 0x0020, 0x0020, 0x0021, 0x0020, 0x0020,
  0x0020, 0x0020, 0x0020, 0x0020, 0x0020, 0x0021, 0x0020, 0x0020, 0x0021, 0x0020, 0x0020, 0x0020,
  0x0020, 0x0020, 0x0020, 0x0021, 0x0020, 0x0021, 0x0020, 0x0020, 0x0021, 0x0021, 0x0020, 0x0020,
  0x0020, 0x0020, 0x0020, 0x0020, 0x0020, 0x0021, 0x0020, 0x0020, 0x0021, 0x0021, 0x0020, 0x0020,
  0x0020, 0x0020, 0x0020, 0x0020, 0x0020, 0x0020, 0x0021, 0x0020, 0x0020, 0x0020, 0x0020, 0x0020,
  0x0020, 0x0020, 0x0020, 0x0020, 0x0020, 0x0021, 0x0021, 0x0020, 0x0020, 0x0020, 0x0021, 0x0021,
  0x0020, 0x0020, 0x0020, 0x0020, 0x0020, 0x0021, 0x0020, 0x0020, 0x0021, 0x0021, 0x0020, 0x0020,
  0x0020, 0x0020, 0x0021, 0x0020, 0x0020, 0x0020, 0x0020, 0x0021, 0x0021, 0x0020, 0x0020, 0x0021,
  0x0020, 0x0021, 0x0021, 0x0021, 0x0020, 0x0020, 0x0020, 0x0020, 0x0020, 0x0020, 0x0021, 0x0021,
  0x0020, 0x0021, 0x0020, 0x0020, 0x0020, 0x0020, 0x0020, 0x0020, 0x0020, 0x0021, 0x0020, 0x0020,
  0x0020, 0x0020, 0x0020, 0x0021, 0x0020, 0x0020, 0x0021, 0x0020, 0x0020, 0x0020, 0x0021, 0x0021,
  0x0020, 0x0020, 0x0020, 0x0020, 0x0020, 0x0020, 0x0020, 0x0020, 0x0020, 0x0020, 0x0020, 0x0020,
  0x0020, 0x0020, 0x0020, 0x0021, 0x0021, 0x0021, 0x0021, 0x0020, 0x0020, 0x0020, 0x0021, 0x0020,
  0x0020, 0x0020, 0x0020, 0x0020, 0x0020, 0x0021, 0x0020, 0x0021, 0x0021, 0x0020, 0x0020, 0x0020,
  0x0020, 0x0020, 0x0020, 0x0020, 0x0020, 0x0020, 0x0020, 0x0020, 0x0020, 0x0020, 0x0021, 0x0020,
  0x0020, 0x0021, 0x0020, 0x0020, 0x0021, 0x0021, 0x0020, 0x0020, 0x0020, 0x0020, 0x0020, 0x0021,
  0x0020, 0x0020, 0x0020, 0x0020, 0x0020, 0x0020, 0x0020, 0x0020, 0x0020, 0x0020, 0x0021, 0x0020,
  0x0020, 0x0020, 0x0020, 0x0020, 0x0020, 0x0020, 0x0020, 0x0020, 0x0021, 0x0021, 0x0020, 0x0021,
  0x0021, 0x0020, 0x0020, 0x0020, 0x0021, 0x0021, 0x0020, 0x0020, 0x0020, 0x0020, 0x0021, 0x0020,
  0x0021, 0x0021, 0x0021, 0x0020, 0x0021, 0x0020, 0x0020, 0x0020, 0x0020, 0x0021, 0x0020, 0x0021,
  0x0020, 0x0020, 0x0020, 0x0021, 0x0021, 0x0021, 0x0020, 0x0020, 0x0021, 0x0020, 0x0021, 0x0020,
  0x0021, 0x0020, 0x0021, 0x0020, 0x0020, 0x0021, 0x0020, 0x0020, 0x0020, 0x0020, 0x0020, 0x0021,
  0x0021, 0x0020, 0x0020, 0x0020, 0x0020, 0x0020, 0x0020, 0x0020, 0x0020, 0x0020, 0x0020, 0x0020,
  0x0020, 0x0020, 0x0020, 0x0020, 0x0020, 0x0020, 0x0020, 0x0021, 0x0020, 0x0020, 0x0020, 0x0020,
  0x0020, 0x0020, 0x0021, 0x0020, 0x0020, 0x0020, 0x0020, 0x0020, 0x0020, 0x0020, 0x0020, 0x0020,
  0x0020, 0x0020, 0x0020, 0x0020, 0x0020, 0x0020, 0x0021, 0x0021, 0x0020, 0x0020, 0x0020, 0x0020,
  0x0020, 0x0020, 0x0021, 0x0020, 0x0020, 0x0020, 0x0020, 0x0020, 0x0020, 0x0020, 0x0020, 0x0021,
  0x0020, 0x0020, 0x0020, 0x0020, 0x0020, 0x0020, 0x0020, 0x0020, 0x0020, 0x0020, 0x0020, 0x0020,
  0x0020, 0x0020, 0x0020, 0x0020, 0x0020, 0x0020, 0x0020, 0x0020, 0x0020, 0x0020, 0x0020, 0x0020,
  0x0020, 0x0020, 0x0020, 0x0020, 0x0020, 0x0020, 0x0020, 0x0020, 0x0020, 0x0020, 0x0020, 0x0020,
  0x0020, 0x0020, 0x0020, 0x0020, 0x0020, 0x0020, 0x0020, 0x0020, 0x0020, 0x0020, 0x0020, 0x0020,
  0x0020, 0x0020, 0x0020, 0x0020, 0x0021, 0x0020, 0x0020, 0x0020, 0x0020, 0x0020, 0x0020, 0x0020,
  0x0020, 0x0020, 0x0021, 0x0020, 0x0020, 0x0020, 0x0020, 0x0020, 0x0020, 0x0020, 0x0020, 0x0020,
  0x0020, 0x0020, 0x0020, 0x0020, 0x0020, 0x0020, 0x0021, 0x0020, 0x0020, 0x0020, 0x0020, 0x0020,
  0x0021, 0x0020, 0x0021, 0x0021, 0x0020, 0x0021, 0x0021, 0x0020, 0x0020, 0x0020, 0x0020, 0x0020,
  0x0020, 0x0020, 0x0020, 0x0021, 0x0020, 0x0021, 0x0020, 0x0020, 0x0020, 0x0021, 0x0020, 0x0020,
  0x0020, 0x0020, 0x0020, 0x0020, 0x0020, 0x0020, 0x0020, 0x0020, 0x0020, 0x0020, 0x0021, 0x0020,
  0x0020, 0x0020, 0x0020, 0x0020, 0x0020, 0x0020, 0x0020, 0x0020, 0x0020, 0x0020, 0x0020, 0x0020,
  0x0020, 0x0020, 0x0020, 0x0020, 0x0020, 0x0020, 0x0020, 0x0020, 0x0020, 0x0020, 0x0020, 0x0020,
  0x0020, 0x0020, 0x0020, 0x0020, 0x0020, 0x0020, 0x0020, 0x0020, 0x0020, 0x0020, 0x0020, 0x0020,
  0x0020, 0x0020, 0x0020, 0x0020, 0x0020, 0x0020, 0x0020, 0x0020, 0x0020, 0x0020, 0x0020, 0x0020,
  0x0020, 0x0020, 0x0020, 0x0020, 0x0020, 0x0020, 0x0020, 0x0021, 0x0020, 0x0020, 0x0020, 0x0020,
  0x0020, 0x0020, 0x0020, 0x0020, 0x0020, 0x0020, 0x0020, 0x0020, 0x0020, 0x0020, 0x0020, 0x0020,
  0x0020, 0x0020, 0x0020, 0x0020, 0x0020, 0x0020, 0x0020, 0x0020, 0x0020, 0x0020, 0x0020, 0x0020,
  0x0020, 0x0020, 0x0020, 0x0020, 0x0020, 0x0020, 0x0020, 0x0020, 0x0020, 0x0020, 0x0020, 0x0020,
  0x0020, 0x0020, 0x0020, 0x0020, 0x0020, 0x0020, 0x0020, 0x0020, 0x0020, 0x0020, 0x0020, 0x0020,
  0x0020, 0x0020, 0x0020, 0x0020, 0x0020, 0x0020, 0x0020, 0x0020, 0x0020, 0x0020, 0x0020, 0x0020,
  0x0020, 0x0020, 0x0020, 0x0020, 0x0020, 0x0020, 0x0020, 0x0020, 0x0020, 0x0020, 0x0021, 0x0020,
  0x0020, 0x0020, 0x0020, 0x0020, 0x0020, 0x0020, 0x0020, 0x0020, 0x0020, 0x0020, 0x0020, 0x0020,
  0x0020, 0x0020, 0x0020, 0x0020,
