// Generated from Assets/GridCity/StreetV3/device/cover-community-fund.png
// SHA-256: 95b95a380418c3aa4336b4d8069235e429370346d46727c6f1f42f37be81bdb8
  0x0020, 0x0020, 0x0020, 0x0020, 0x0020, 0x0020, 0x0020, 0x0020, 0x0020, 0x0020, 0x0020, 0x0020,
  0x0020, 0x0020, 0x0020, 0x0020, 0x0020, 0x0020, 0x0020, 0x0020, 0x0020, 0x0020, 0x0020, 0x0020,
  0x0020, 0x0020, 0x0020, 0x0020, 0x0020, 0x0020, 0x0020, 0x0020, 0x0020, 0x0020, 0x0020, 0x0020,
  0x0020, 0x0020, 0x0020, 0x0020, 0x0020, 0x0020, 0x0020, 0x0020, 0x0020, 0x0020, 0x0020, 0x0020,
  0x0020, 0x0020, 0x0020, 0x0020, 0x0020, 0x0020, 0x0020, 0x0020, 0x0020, 0x0020, 0x0020, 0x0020,
  0x0020, 0x0020, 0x0020, 0x0020, 0x0020, 0x0020, 0x0020, 0x0020, 0x0020, 0x0020, 0x0020, 0x0020,
  0x0020, 0x0020, 0x0020, 0x0020, 0x0020, 0x0020, 0x0020, 0x0020, 0x0020, 0x0020, 0x0020, 0x0020,
  0x0020, 0x0020, 0x0020, 0x0020, 0x0020, 0x0020, 0x0020, 0x0020, 0x0020, 0x0020, 0x0020, 0x0020,
  0x0020, 0x0020, 0x0020, 0x0020, 0x0020, 0x0020, 0x0020, 0x0020, 0x0020, 0x0020, 0x0020, 0x0020,
  0x0020, 0x0020, 0x0020, 0x0020, 0x0020, 0x0020, 0x0020, 0x0020, 0x0020, 0x0020, 0x0020, 0x0020,
  0x0020, 0x0020, 0x0020, 0x0020, 0x0020, 0x0020, 0x0020, 0x0020, 0x0020, 0x0020, 0x0020, 0x0020,
  0x0020, 0x0020, 0x0020, 0x0020, 0x0020, 0x0020, 0x0020, 0x0020, 0x0020, 0x0020, 0x0020, 0x0020,
  0x0020, 0x0020, 0x0020, 0x0020, 0x0020, 0x0020, 0x0020, 0x0020, 0x0020, 0x0020, 0x0020, 0x0020,
  0x0020, 0x0020, 0x0020, 0x0020, 0x0020, 0x0020, 0x0020, 0x0020, 0x0020, 0x0020, 0x0020, 0x0020,
  0x0020, 0x0020, 0x0020, 0x0020, 0x0020, 0x0020, 0x0020, 0x0020, 0x0020, 0x0020, 0x0020, 0x0020,
  0x0020, 0x0020, 0x0020, 0x0020, 0x0020, 0x0020, 0x0020, 0x0020, 0x0020, 0x0020, 0x0020, 0x0020,
  0x0020, 0x0020, 0x0020, 0x0020, 0x0020, 0x0020, 0x0020, 0x0020, 0x0020, 0x0020, 0x0020, 0x0020,
  0x0020, 0x0020, 0x0020, 0x0020, 0x0020, 0x0020, 0x0020, 0x0020, 0x0020, 0x0020, 0x0020, 0x0020,
  0x0020, 0x0020, 0x0020, 0x0020, 0x0020, 0x0020, 0x0020, 0x0020, 0x0020, 0x0020, 0x0020, 0x0020,
  0x0020, 0x0020, 0x0020, 0x0020, 0x0020, 0x0020, 0x0020, 0x0020, 0x0020, 0x0020, 0x0020, 0x0020,
  0x0020, 0x0020, 0x0020, 0x0020, 0x0020, 0x0020, 0x0020, 0x0020, 0x0020, 0x0020, 0x0020, 0x0020,
  0x0020, 0x0020, 0x0020, 0x0020, 0x0020, 0x0020, 0x0020, 0x0020, 0x0020, 0x0020, 0x0020, 0x0020,
  0x0020, 0x0020, 0x0020, 0x0020, 0x0020, 0x0020, 0x0020, 0x0020, 0x0020, 0x0020, 0x0020, 0x0020,
  0x0020, 0x0020, 0x0020, 0x0020, 0x0020, 0x0020, 0x0020, 0x0020, 0x0020, 0x0020, 0x0020, 0x0020,
  0x0020, 0x0020, 0x0020, 0x0020, 0x0020, 0x0020, 0x0020, 0x0020, 0x0020, 0x0020, 0x0020, 0x0020,
  0x0020, 0x0020, 0x0020, 0x0020, 0x0020, 0x0020, 0x0020, 0x0020, 0x0020, 0x0020, 0x0020, 0x0020,
  0x0020, 0x0020, 0x0020, 0x0020, 0x0020, 0x0020, 0x0020, 0x0020, 0x0020, 0x0020, 0x0020, 0x0020,
  0x0020, 0x0020, 0x0020, 0x0020, 0x0020, 0x0020, 0x0020, 0x0020, 0x0020, 0x0020, 0x0020, 0x0020,
  0x0020, 0x0020, 0x0020, 0x0020, 0x0020, 0x0020, 0x0020, 0x0020, 0x0020, 0x0020, 0x0020, 0x0020,
  0x0020, 0x0020, 0x0020, 0x0020, 0x0020, 0x0020, 0x0020, 0x0020, 0x0020, 0x0020, 0x0020, 0x0020,
  0x0020, 0x0020, 0x0020, 0x0020, 0x0020, 0x0020, 0x0020, 0x0020, 0x0020, 0x0020, 0x0020, 0x0020,
  0x0020, 0x0020, 0x0020, 0x0020, 0x0020, 0x0020, 0x0020, 0x0020, 0x0020, 0x0020, 0x0020, 0x0020,
  0x0020, 0x0020, 0x0020, 0x0020, 0x0020, 0x0020, 0x0020, 0x0020, 0x0020, 0x0020, 0x0020, 0x0020,
  0x0020, 0x0020, 0x0020, 0x0020, 0x0020, 0x0020, 0x0020, 0x0020, 0x0020, 0x0020, 0x0020, 0x0020,
  0x0020, 0x0020, 0x0020, 0x0020, 0x0020, 0x0020, 0x0020, 0x0020, 0x0020, 0x0020, 0x0020, 0x0020,
  0x0020, 0x0020, 0x0020, 0x0020, 0x0020, 0x0020, 0x0020, 0x0020, 0x0020, 0x0020, 0x0020, 0x0020,
  0x0020, 0x0020, 0x0020, 0x0020, 0x0020, 0x0020, 0x0020, 0x0020, 0x0020, 0x0020, 0x0020, 0x0020,
  0x0020, 0x0020, 0x0020, 0x0020, 0x0020, 0x0020, 0x0020, 0x0020, 0x0020, 0x0020, 0x0020, 0x0020,
  0x0020, 0x0020, 0x0020, 0x0020, 0x0020, 0x0020, 0x0020, 0x0020, 0x0020, 0x0020, 0x0020, 0x0020,
  0x0020, 0x0020, 0x0020, 0x0020, 0x0020, 0x0020, 0x0020, 0x0020, 0x0020, 0x0020, 0x0020, 0x0020,
  0x0020, 0x0020, 0x0020, 0x0020, 0x0020, 0x0020, 0x0020, 0x0020, 0x0020, 0x0020, 0x0020, 0x0020,
  0x0020, 0x0020, 0x0020, 0x0020, 0x0020, 0x0020, 0x0020, 0x0020, 0x0020, 0x0020, 0x0020, 0x0020,
  0x0020, 0x0020, 0x0020, 0x0020, 0x0020, 0x0020, 0x0020, 0x0020, 0x0020, 0x0020, 0x0020, 0x0020,
  0x0020, 0x0020, 0x0020, 0x0020, 0x0020, 0x0020, 0x0020, 0x0020, 0x0020, 0x0020, 0x0020, 0x0020,
  0x0020, 0x0020, 0x0020, 0x0020, 0x0020, 0x0020, 0x0020, 0x0020, 0x0020, 0x0020, 0x0020, 0x0020,
  0x0020, 0x0020, 0x0020, 0x0020, 0x0020, 0x0020, 0x0020, 0x0020, 0x0020, 0x0020, 0x0020, 0x0020,
  0x0020, 0x0020, 0x0020, 0x0020, 0x0020, 0x0020, 0x0020, 0x0020, 0x0020, 0x0020, 0x0020, 0x0020,
  0x0020, 0x0020, 0x0020, 0x0020, 0x0020, 0x0020, 0x0020, 0x0020, 0x0020, 0x0020, 0x0020, 0x0020,
  0x0020, 0x0020, 0x0020, 0x0020, 0x0020, 0x0020, 0x0020, 0x0020, 0x0020, 0x0020, 0x0020, 0x0020,
  0x0020, 0x0020, 0x0020, 0x0020, 0x0020, 0x0020, 0x0020, 0x0020, 0x0020, 0x0020, 0x0020, 0x0020,
  0x0020, 0x0020, 0x0020, 0x0020, 0x0020, 0x0020, 0x0020, 0x0020, 0x0020, 0x0020, 0x0020, 0x0020,
  0x0020, 0x0020, 0x0020, 0x0020, 0x0020, 0x0020, 0x0020, 0x0020, 0x0020, 0x0020, 0x0020, 0x0020,
  0x0020, 0x0020, 0x0020, 0x0020, 0x0020, 0x0020, 0x0020, 0x0020, 0x0020, 0x0020, 0x0020, 0x0020,
  0x0020, 0x0020, 0x0020, 0x0020, 0x0020, 0x0020, 0x0020, 0x0020, 0x0020, 0x0020, 0x0020, 0x0020,
  0x0020, 0x0020, 0x0020, 0x0020, 0x0020, 0x0020, 0x0020, 0x0020, 0x0020, 0x0020, 0x0020, 0x0020,
  0x0020, 0x0020, 0x0020, 0x0020, 0x0020, 0x0020, 0x0020, 0x0020, 0x0020, 0x0020, 0x0020, 0x0020,
  0x0020, 0x0020, 0x0020, 0x0020, 0x0020, 0x0020, 0x0020, 0x0020, 0x0020, 0x0020, 0x0020, 0x0020,
  0x0020, 0x0020, 0x0020, 0x0020, 0x0020, 0x0020, 0x0020, 0x0020, 0x0020, 0x0020, 0x0020, 0x0020,
  0x0020, 0x0020, 0x0020, 0x0020, 0x0020, 0x0020, 0x0020, 0x0020, 0x0020, 0x0020, 0x0020, 0x0020,
  0x0020, 0x0020, 0x0020, 0x0020, 0x0020, 0x0020, 0x0020, 0x0020, 0x0020, 0x0020, 0x0020, 0x0020,
  0x0020, 0x0020, 0x0020, 0x0020, 0x0020, 0x0020, 0x0020, 0x0020, 0x0020, 0x0020, 0x0020, 0x0020,
  0x0020, 0x0020, 0x0020, 0x0020, 0x0020, 0x0020, 0x0020, 0x0020, 0x0020, 0x0020, 0x0020, 0x0020,
  0x0020, 0x0020, 0x0020, 0x0020, 0x0020, 0x0020, 0x0020, 0x0020, 0x0020, 0x0020, 0x0020, 0x0020,
  0x0020, 0x0020, 0x0020, 0x0020, 0x0020, 0x0020, 0x0020, 0x0020, 0x0020, 0x0020, 0x0020, 0x0020,
  0x0020, 0x0020, 0x0020, 0x0020, 0x0020, 0x0020, 0x0020, 0x0020, 0x0020, 0x0020, 0x0020, 0x0020,
  0x0020, 0x0020, 0x0020, 0x0020, 0x0020, 0x0020, 0x0020, 0x0020, 0x0020, 0x0020, 0x0020, 0x0020,
  0x0020, 0x0020, 0x0020, 0x0020, 0x0020, 0x0020, 0x0020, 0x0020, 0x0020, 0x0020, 0x0020, 0x0020,
  0x0020, 0x0020, 0x0020, 0x0020, 0x0020, 0x0020, 0x0020, 0x0020, 0x0020, 0x0020, 0x0020, 0x0020,
  0x0020, 0x0020, 0x0020, 0x0020, 0x0020, 0x0020, 0x0020, 0x0020, 0x0020, 0x0020, 0x0020, 0x0020,
  0x0020, 0x0020, 0x0020, 0x0020, 0x0020, 0x0020, 0x0020, 0x0020, 0x0020, 0x0020, 0x0020, 0x0020,
  0x0020, 0x0020, 0x0020, 0x0020, 0x0020, 0x0020, 0x0020, 0x0020, 0x0020, 0x0020, 0x0020, 0x0020,
  0x0020, 0x0020, 0x0020, 0x0020, 0x0020, 0x0020, 0x0020, 0x0020, 0x0020, 0x0020, 0x0020, 0x0020,
  0x0020, 0x0020, 0x0020, 0x0020, 0x0020, 0x0020, 0x0020, 0x0020, 0x0020, 0x0020, 0x0020, 0x0020,
  0x0020, 0x0020, 0x0020, 0x0020, 0x0020, 0x0020, 0x0020, 0x0020, 0x0020, 0x0020, 0x0020, 0x0020,
  0x0020, 0x0020, 0x0020, 0x0020, 0x0020, 0x0020, 0x0020, 0x0020, 0x0020, 0x0020, 0x0020, 0x0020,
  0x0020, 0x0020, 0x0020, 0x0020, 0x0020, 0x0020, 0x0020, 0x0020, 0x0020, 0x0020, 0x0020, 0x0020,
  0x0020, 0x0020, 0x0020, 0x0020, 0x0020, 0x0020, 0x0020, 0x0020, 0x0020, 0x0020, 0x0020, 0x0020,
  0x0020, 0x0020, 0x0020, 0x0020, 0x0020, 0x0020, 0x0020, 0x0020, 0x0020, 0x0020, 0x0020, 0x0020,
  0x0020, 0x0020, 0x0020, 0x0020, 0x0020, 0x0020, 0x0020, 0x0020, 0x0020, 0x0020, 0x0020, 0x0020,
  0x0020, 0x0020, 0x0020, 0x0020, 0x0020, 0x0020, 0x0020, 0x0020, 0x0020, 0x0020, 0x0020, 0x0020,
  0x0020, 0x0020, 0x0020, 0x0020, 0x0020, 0x0020, 0x0020, 0x0020, 0x0020, 0x0020, 0x0020, 0x0020,
  0x0020, 0x0020, 0x0020, 0x0020, 0x0020, 0x0020, 0x0020, 0x0020, 0x0020, 0x0020, 0x0020, 0x0020,
  0x0020, 0x0020, 0x0020, 0x0020, 0x0020, 0x0020, 0x0020, 0x0020, 0x0020, 0x0020, 0x0020, 0x0020,
  0x0020, 0x0020, 0x0020, 0x0020, 0x0020, 0x0020, 0x0020, 0x0020, 0x0020, 0x0020, 0x0020, 0x0020,
  0x0020, 0x0020, 0x0020, 0x0020, 0x0020, 0x0020, 0x0020, 0x0020, 0x0020, 0x0020, 0x0020, 0x0020,
  0x0020, 0x0020, 0x0020, 0x0020, 0x0020, 0x0020, 0x0020, 0x0020, 0x0020, 0x0020, 0x0020, 0x0020,
  0x0020, 0x0020, 0x0020, 0x0020, 0x0020, 0x0020, 0x0020, 0x0020, 0x0020, 0x0020, 0x0020, 0x0020,
  0x0020, 0x0020, 0x0020, 0x0020, 0x0020, 0x0020, 0x0020, 0x0020, 0x0020, 0x0020, 0x0020, 0x0020,
  0x0020, 0x0020, 0x0020, 0x0020, 0x0020, 0x0020, 0x0020, 0x0020, 0x0020, 0x0020, 0x0020, 0x0020,
  0x0020, 0x0020, 0x0020, 0x0020, 0x0020, 0x0020, 0x0020, 0x0020, 0x0020, 0x0020, 0x0020, 0x0020,
  0x0020, 0x0020, 0x0020, 0x0020, 0x0020, 0x0020, 0x0020, 0x0020, 0x0020, 0x0020, 0x0020, 0x0020,
  0x0020, 0x0020, 0x0020, 0x0020, 0x0020, 0x0020, 0x0020, 0x0020, 0x0020, 0x0020, 0x0020, 0x0020,
  0x0020, 0x0020, 0x0020, 0x0020, 0x0020, 0x0020, 0x0020, 0x0020, 0x0020, 0x0020, 0x0020, 0x0020,
  0x0020, 0x0020, 0x0020, 0x0020, 0x0020, 0x0020, 0x0020, 0x0020, 0x0020, 0x0020, 0x0020, 0x0020,
  0x0020, 0x0020, 0x0020, 0x0020, 0x0020, 0x0020, 0x0020, 0x0020, 0x0020, 0x0020, 0x0020, 0x0020,
  0x0020, 0x0020, 0x0020, 0x0020, 0x0020, 0x0020, 0x0020, 0x0020, 0x0020, 0x0020, 0x0020, 0x0020,
  0x0020, 0x0020, 0x0020, 0x0020, 0x0020, 0x0020, 0x0020, 0x0020, 0x0020, 0x0020, 0x0020, 0x0020,
  0x0020, 0x0020, 0x0020, 0x0020, 0x0020, 0x0020, 0x0020, 0x0020, 0x0020, 0x0020, 0x0020, 0x0020,
  0x0020, 0x0020, 0x0020, 0x0020, 0x0020, 0x0020, 0x0020, 0x0020, 0x0020, 0x0020, 0x0020, 0x0020,
  0x0020, 0x0020, 0x0020, 0x0020, 0x0020, 0x0020, 0x0020, 0x0020, 0x0020, 0x0020, 0x0020, 0x0020,
  0x0020, 0x0020, 0x0020, 0x0020, 0x0020, 0x0020, 0x0020, 0x0020, 0x0020, 0x0020, 0x0020, 0x0020,
  0x0020, 0x0020, 0x0020, 0x0020, 0x0020, 0x0020, 0x0020, 0x0020, 0x0020, 0x0020, 0x0020, 0x0020,
  0x0020, 0x0020, 0x0020, 0x0020, 0x0020, 0x0020, 0x0020, 0x0020, 0x0020, 0x0020, 0x0020, 0x0020,
  0x0020, 0x0020, 0x0020, 0x0020, 0x0020, 0x0020, 0x0020, 0x0020, 0x0020, 0x0020, 0x0020, 0x0020,
  0x0020, 0x0020, 0x0020, 0x0020, 0x0020, 0x0020, 0x0020, 0x0020, 0x0020, 0x0020, 0x0020, 0x0020,
  0x0020, 0x0020, 0x0020, 0x0020, 0x0020, 0x0020, 0x0020, 0x0020, 0x0020, 0x0020, 0x0020, 0x0020,
  0x0020, 0x0020, 0x0020, 0x0020, 0x0020, 0x0020, 0x0020, 0x0020, 0x0020, 0x0020, 0x0020, 0x0020,
  0x0020, 0x0020, 0x0020, 0x0020, 0x0020, 0x0020, 0x0020, 0x0020, 0x0020, 0x0020, 0x0020, 0x0020,
  0x0020, 0x0020, 0x0020, 0x0020, 0x0020, 0x0020, 0x0020, 0x0020, 0x0020, 0x0020, 0x0020, 0x0020,
  0x0020, 0x0020, 0x0020, 0x0020, 0x0020, 0x0020, 0x0020, 0x0020, 0x0020, 0x0020, 0x0020, 0x0020,
  0x0020, 0x0020, 0x0020, 0x0020, 0x0020, 0x0020, 0x0020, 0x0020, 0x0020, 0x0020, 0x0020, 0x0020,
  0x0020, 0x0020, 0x0020, 0x0020, 0x0020, 0x0020, 0x0020, 0x0020, 0x0020, 0x0020, 0x0020, 0x0020,
  0x0020, 0x0020, 0x0020, 0x0020, 0x0020, 0x0020, 0x0020, 0x0020, 0x0020, 0x0020, 0x0020, 0x0020,
  0x0020, 0x0020, 0x0020, 0x0020, 0x0020, 0x0020, 0x0020, 0x0020, 0x0020, 0x0020, 0x0020, 0x0020,
  0x0020, 0x0020, 0x0020, 0x0020, 0x0020, 0x0020, 0x0020, 0x0020, 0x0020, 0x0020, 0x0020, 0x0020,
  0x0020, 0x0020, 0x0020, 0x0020, 0x0020, 0x0020, 0x0020, 0x0020, 0x0020, 0x0020, 0x0020, 0x0020,
  0x0020, 0x0020, 0x0020, 0x0020, 0x0020, 0x0020, 0x0020, 0x0020, 0x0020, 0x0020, 0x0020, 0x0020,
  0x0020, 0x0020, 0x0020, 0x0020, 0x0020, 0x0020, 0x0020, 0x0020, 0x0020, 0x0020, 0x0020, 0x0020,
  0x0020, 0x0020, 0x0020, 0x0020, 0x0020, 0x0020, 0x0020, 0x0020, 0x0020, 0x0020, 0x0020, 0x0020,
  0x0020, 0x0020, 0x0020, 0x0020, 0x0020, 0x0020, 0x0020, 0x0020, 0x0020, 0x0020, 0x0020, 0x0020,
  0x0020, 0x0020, 0x0020, 0x0020, 0x0020, 0x0020, 0x0020, 0x0020, 0x0020, 0x0020, 0x0020, 0x0020,
  0x0020, 0x0020, 0x0020, 0x0020, 0x0020, 0x0020, 0x0020, 0x0020, 0x0020, 0x0020, 0x0020, 0x0020,
  0x0020, 0x0020, 0x0020, 0x0020, 0x0020, 0x0020, 0x0020, 0x0020, 0x0020, 0x0020, 0x0020, 0x0020,
  0x0020, 0x0020, 0x0020, 0x0020, 0x0020, 0x0020, 0x0020, 0x0020, 0x0020, 0x0020, 0x0020, 0x0020,
  0x0020, 0x0020, 0x0020, 0x0020, 0x0020, 0x0020, 0x0020, 0x0020, 0x0020, 0x0020, 0x0020, 0x0020,
  0x0020, 0x0020, 0x0020, 0x0020, 0x0020, 0x0020, 0x0020, 0x0020, 0x0020, 0x0020, 0x0020, 0x0020,
  0x0020, 0x0020, 0x0020, 0x0020, 0x0020, 0x0020, 0x0020, 0x0020, 0x0020, 0x0020, 0x0020, 0x0020,
  0x0020, 0x0020, 0x0020, 0x0020, 0x0020, 0x0020, 0x0020, 0x0020, 0x0020, 0x0020, 0x0020, 0x0020,
  0x0020, 0x0020, 0x0020, 0x0020, 0x0020, 0x0020, 0x0020, 0x0020, 0x0020, 0x0020, 0x0020, 0x0020,
  0x0020, 0x0020, 0x0020, 0x0020, 0x0020, 0x0020, 0x0020, 0x0020, 0x0020, 0x0020, 0x0020, 0x0020,
  0x0020, 0x0020, 0x0020, 0x0020, 0x0020, 0x0020, 0x0020, 0x0020, 0x0020, 0x0020, 0x0020, 0x0020,
  0x0020, 0x0020, 0x0020, 0x0020, 0x0020, 0x0020, 0x0020, 0x0020, 0x0020, 0x0020, 0x0020, 0x0020,
  0x0020, 0x0020, 0x0020, 0x0020, 0x0020, 0x0020, 0x0020, 0x0020, 0x0020, 0x0020, 0x0020, 0x0020,
  0x0020, 0x0020, 0x0020, 0x0020, 0x0020, 0x0020, 0x0020, 0x0020, 0x0020, 0x0020, 0x0020, 0x0020,
  0x0020, 0x0020, 0x0020, 0x0020, 0x0020, 0x0020, 0x0020, 0x0020, 0x0020, 0x0020, 0x0020, 0x0020,
  0x0020, 0x0020, 0x0020, 0x0020, 0x0020, 0x0020, 0x0020, 0x0020, 0x0020, 0x0020, 0x0020, 0x0020,
  0x0020, 0x0020, 0x0020, 0x0020, 0x0020, 0x0020, 0x0020, 0x0020, 0x0020, 0x0020, 0x0020, 0x0020,
  0x0020, 0x0020, 0x0020, 0x0020, 0x0020, 0x0020, 0x0020, 0x0020, 0x0020, 0x0020, 0x0020, 0x0020,
  0x0020, 0x0020, 0x0020, 0x0020, 0x0020, 0x0020, 0x0020, 0x0020, 0x0020, 0x0020, 0x0020, 0x0020,
  0x0020, 0x0020, 0x0020, 0x0020, 0x0020, 0x0020, 0x0020, 0x0020, 0x0020, 0x0020, 0x0020, 0x0020,
  0x0020, 0x0020, 0x0020, 0x0020, 0x0020, 0x0020, 0x0020, 0x0020, 0x0020, 0x0020, 0x0020, 0x0020,
  0x0020, 0x0020, 0x0020, 0x0020, 0x0020, 0x0020, 0x0020, 0x0020, 0x0020, 0x0020, 0x0020, 0x0020,
  0x0020, 0x0020, 0x0020, 0x0020, 0x0020, 0x0020, 0x0020, 0x0020, 0x0020, 0x0020, 0x0020, 0x0020,
  0x0020, 0x0020, 0x0020, 0x0020, 0x0020, 0x0020, 0x0020, 0x0020, 0x0020, 0x0020, 0x0020, 0x0020,
  0x0020, 0x0020, 0x0020, 0x0020, 0x0020, 0x0020, 0x0020, 0x0020, 0x0020, 0x0020, 0x0020, 0x0020,
  0x0020, 0x0020, 0x0020, 0x0020, 0x0020, 0x0020, 0x0020, 0x0020, 0x0020, 0x0020, 0x0020, 0x0020,
  0x0020, 0x0020, 0x0020, 0x0020, 0x0020, 0x0020, 0x0020, 0x0020, 0x0020, 0x0020, 0x0020, 0x0020,
  0x0020, 0x0020, 0x0020, 0x0020, 0x0020, 0x0020, 0x0020, 0x0020, 0x0020, 0x0020, 0x0020, 0x0020,
  0x0020, 0x0020, 0x0020, 0x0020, 0x0020, 0x0020, 0x0020, 0x0020, 0x0020, 0x0020, 0x0020, 0x0020,
  0x0020, 0x0020, 0x0020, 0x0020, 0x0020, 0x0020, 0x0020, 0x0020, 0x0020, 0x0020, 0x0020, 0x0020,
  0x0020, 0x0020, 0x0020, 0x0020, 0x0020, 0x0020, 0x0020, 0x0020, 0x0020, 0x0020, 0x0020, 0x0020,
  0x0020, 0x0020, 0x0020, 0x0020, 0x0020, 0x0020, 0x0020, 0x0020, 0x0020, 0x0020, 0x0020, 0x0020,
  0x0020, 0x0020, 0x0020, 0x0020, 0x0020, 0x0020, 0x0020, 0x0020, 0x0020, 0x0020, 0x0020, 0x0020,
  0x0020, 0x0020, 0x0020, 0x0020, 0x0020, 0x0020, 0x0020, 0x0020, 0x0020, 0x0020, 0x0020, 0x0020,
  0x0020, 0x0020, 0x0020, 0x0020, 0x0020, 0x0020, 0x0020, 0x0020, 0x0020, 0x0020, 0x0020, 0x0020,
  0x0020, 0x0020, 0x0020, 0x0020, 0x0020, 0x0020, 0x0020, 0x0020, 0x0020, 0x0020, 0x0020, 0x0020,
  0x0020, 0x0020, 0x0020, 0x0020, 0x0020, 0x0020, 0x0020, 0x0020, 0x0020, 0x0020, 0x0020, 0x0020,
  0x0020, 0x0020, 0x0020, 0x0020, 0x0020, 0x0020, 0x0020, 0x0020, 0x0020, 0x0020, 0x0020, 0x0020,
  0x0020, 0x0020, 0x0020, 0x0020, 0x0020, 0x0020, 0x0020, 0x0020, 0x0020, 0x0020, 0x0020, 0x0020,
  0x0020, 0x0020, 0x0020, 0x0020, 0x0020, 0x0020, 0x0020, 0x0020, 0x0020, 0x0020, 0x0020, 0x0020,
  0x0020, 0x0020, 0x0020, 0x0020, 0x0020, 0x0020, 0x0020, 0x0020, 0x0020, 0x0020, 0x0020, 0x0020,
  0x0020, 0x0020, 0x0020, 0x0020, 0x0020, 0x0020, 0x0020, 0x0020, 0x0020, 0x0020, 0x0020, 0x0020,
  0x0020, 0x0020, 0x0020, 0x0020, 0x0020, 0x0020, 0x0020, 0x0020, 0x0020, 0x0020, 0x0020, 0x0020,
  0x0020, 0x0020, 0x0020, 0x0020, 0x0020, 0x0020, 0x0020, 0x0020, 0x0020, 0x0020, 0x0020, 0x0020,
  0x0020, 0x0020, 0x0020, 0x0020, 0x0020, 0x0020, 0x0020, 0x0020, 0x0020, 0x0020, 0x0020, 0x0020,
  0x0020, 0x0020, 0x0020, 0x0020, 0x0020, 0x0020, 0x0020, 0x0020, 0x0020, 0x0020, 0x0020, 0x0020,
  0x0020, 0x0020, 0x0020, 0x0020, 0x0020, 0x0020, 0x0020, 0x0020, 0x0020, 0x0020, 0x0020, 0x0020,
  0x0020, 0x0020, 0x0020, 0x0020, 0x0020, 0x0020, 0x0020, 0x0020, 0x0020, 0x0020, 0x0020, 0x0020,
  0x0020, 0x0020, 0x0020, 0x0020, 0x0020, 0x0020, 0x0020, 0x0020, 0x0020, 0x0020, 0x0020, 0x0020,
  0x0020, 0x0020, 0x0020, 0x0020, 0x0020, 0x0020, 0x0020, 0x0020, 0x0020, 0x0020, 0x0020, 0x0020,
  0x0020, 0x0020, 0x0020, 0x0020, 0x0020, 0x0020, 0x0020, 0x0020, 0x0020, 0x0020, 0x0020, 0x0020,
  0x0020, 0x0020, 0x0020, 0x0020, 0x0020, 0x0020, 0x0020, 0x0020, 0x0020, 0x0020, 0x0020, 0x0020,
  0x0020, 0x0020, 0x0020, 0x0020, 0x0020, 0x0020, 0x0020, 0x0020, 0x0020, 0x0020, 0x0020, 0x0020,
  0x0020, 0x0020, 0x0020, 0x0020, 0x0020, 0x0020, 0x0020, 0x0020, 0x0020, 0x0020, 0x0020, 0x0020,
  0x0020, 0x0020, 0x0020, 0x0020, 0x0020, 0x0020, 0x0020, 0x0020, 0x0020, 0x0020, 0x0020, 0x0020,
  0x0020, 0x0020, 0x0020, 0x0020, 0x0020, 0x0020, 0x0020, 0x0020, 0x0020, 0x0020, 0x0020, 0x0020,
  0x0020, 0x0020, 0x0020, 0x0020, 0x0020, 0x0020, 0x0020, 0x0020, 0x0020, 0x0020, 0x0020, 0x0020,
  0x0020, 0x0020, 0x0020, 0x0020, 0x0020, 0x0020, 0x0020, 0x0020, 0x0020, 0x0020, 0x0020, 0x0020,
  0x0020, 0x0020, 0x0020, 0x0020, 0x0020, 0x0020, 0x0020, 0x0020, 0x0020, 0x0020, 0x0020, 0x0020,
  0x0020, 0x0020, 0x0020, 0x0020, 0x0020, 0x0020, 0x0020, 0x0020, 0x0020, 0x0020, 0x0020, 0x0020,
  0x0020, 0x0020, 0x0020, 0x0020, 0x0020, 0x0020, 0x0020, 0x0020, 0x0020, 0x0020, 0x0020, 0x0020,
  0x0020, 0x0020, 0x0020, 0x0020, 0x0020, 0x0020, 0x0020, 0x0020, 0x0020, 0x0020, 0x0020, 0x0020,
  0x0020, 0x0020, 0x0020, 0x0020, 0x0020, 0x0020, 0x0020, 0x0020, 0x0020, 0x0020, 0x0020, 0x0020,
  0x0020, 0x0020, 0x0020, 0x0020, 0x0020, 0x0020, 0x0020, 0x0020, 0x0020, 0x0020, 0x0020, 0x0020,
  0x0020, 0x0020, 0x0020, 0x0020, 0x0020, 0x0020, 0x0020, 0x0020, 0x0020, 0x0020, 0x0020, 0x0020,
  0x0020, 0x0020, 0x0020, 0x0020, 0x0020, 0x0020, 0x0020, 0x0020, 0x0020, 0x0020, 0x0020, 0x0020,
  0x0020, 0x0020, 0x0020, 0x0020, 0x0020, 0x0020, 0x0020, 0x0020, 0x0020, 0x0020, 0x0020, 0x0020,
  0x0020, 0x0020, 0x0020, 0x0020, 0x0020, 0x0020, 0x0020, 0x0020, 0x0020, 0x0020, 0x0020, 0x0020,
  0x0020, 0x0020, 0x0020, 0x0020, 0x0020, 0x0020, 0x0020, 0x0020, 0x0020, 0x0020, 0x0020, 0x0020,
  0x0020, 0x0020, 0x0020, 0x0020, 0x0020, 0x0020, 0x0020, 0x0020, 0x0020, 0x0020, 0x0020, 0x0020,
  0x0020, 0x0020, 0x0020, 0x0020, 0x0020, 0x0020, 0x0020, 0x0020, 0x0020, 0x0020, 0x0020, 0x0020,
  0x0020, 0x0020, 0x0020, 0x0020, 0x0020, 0x0020, 0x0020, 0x0020, 0x0020, 0x0020, 0x0020, 0x0020,
  0x0020, 0x0020, 0x0020, 0x0020, 0x0020, 0x0020, 0x0020, 0x0020, 0x0020, 0x0020, 0x0020, 0x0020,
  0x0020, 0x0020, 0x0020, 0x0020, 0x0020, 0x0020, 0x0020, 0x0020, 0x0020, 0x0020, 0x0020, 0x0020,
  0x0020, 0x0020, 0x0020, 0x0020, 0x0020, 0x0020, 0x0020, 0x0020, 0x0020, 0x0020, 0x0020, 0x0020,
  0x0020, 0x0020, 0x0020, 0x0020, 0x0020, 0x0020, 0x0020, 0x0020, 0x0020, 0x0020, 0x0020, 0x0020,
  0x0020, 0x0020, 0x0020, 0x0020, 0x0020, 0x0020, 0x0020, 0x0020, 0x0020, 0x0020, 0x0020, 0x0020,
  0x0020, 0x0020, 0x0020, 0x0020, 0x0020, 0x0020, 0x0020, 0x0020, 0x0020, 0x0020, 0x0020, 0x0020,
  0x0020, 0x0020, 0x0020, 0x0020, 0x0020, 0x0020, 0x0020, 0x0020, 0x0020, 0x0020, 0x0020, 0x0020,
  0x0020, 0x0020, 0x0020, 0x0020, 0x0020, 0x0020, 0x0020, 0x0020, 0x0020, 0x0020, 0x0020, 0x0020,
  0x0020, 0x0020, 0x0020, 0x0020, 0x0020, 0x0020, 0x0020, 0x0020, 0x0020, 0x0020, 0x0020, 0x0020,
  0x0020, 0x0020, 0x0020, 0x0020, 0x0020, 0x0020, 0x0020, 0x0020, 0x0020, 0x0020, 0x0020, 0x0020,
  0x0020, 0x0020, 0x0020, 0x0020, 0x0020, 0x0020, 0x0020, 0x0020, 0x0020, 0x0020, 0x0020, 0x0020,
  0x0020, 0x0020, 0x0020, 0x0020, 0x0020, 0x0020, 0x0020, 0x0020, 0x0020, 0x0020, 0x0020, 0x0020,
  0x0020, 0x0020, 0x0020, 0x0020, 0x0020, 0x0020, 0x0020, 0x0020, 0x0020, 0x0020, 0x0020, 0x0020,
  0x0020, 0x0020, 0x0020, 0x0020, 0x0020, 0x0020, 0x0020, 0x0020, 0x0020, 0x0020, 0x0020, 0x0020,
  0x0020, 0x0020, 0x0020, 0x0020, 0x0020, 0x0020, 0x0020, 0x0020, 0x0020, 0x0020, 0x0020, 0x0020,
  0x0020, 0x0020, 0x0020, 0x0020, 0x0020, 0x0020, 0x0020, 0x0020, 0x0020, 0x0020, 0x0020, 0x0020,
  0x0020, 0x0020, 0x0020, 0x0020, 0x0020, 0x0020, 0x0020, 0x0020, 0x0020, 0x0020, 0x0020, 0x0020,
  0x0020, 0x0020, 0x0020, 0x0020, 0x0020, 0x0020, 0x0020, 0x0020, 0x0020, 0x0020, 0x0020, 0x0020,
  0x0020, 0x0020, 0x0020, 0x0020, 0x0020, 0x0020, 0x0020, 0x0020, 0x0020, 0x0020, 0x0020, 0x0020,
  0x0020, 0x0020, 0x0020, 0x0020, 0x0020, 0x0020, 0x0020, 0x0020, 0x0020, 0x0020, 0x0020, 0x0020,
  0x0020, 0x0020, 0x0020, 0x0020, 0x0020, 0x0020, 0x0020, 0x0020, 0x0020, 0x0020, 0x0020, 0x0020,
  0x0020, 0x0020, 0x0020, 0x0020, 0x0020, 0x0020, 0x0020, 0x0020, 0x0020, 0x0020, 0x0020, 0x0020,
  0x0020, 0x0020, 0x0020, 0x0020, 0x0020, 0x0020, 0x0020, 0x0020, 0x0020, 0x0020, 0x0020, 0x0020,
  0x0020, 0x0020, 0x0020, 0x0020, 0x0020, 0x0020, 0x0020, 0x0020, 0x0020, 0x0020, 0x0020, 0x0020,
  0x0020, 0x0020, 0x0020, 0x0020, 0x0020, 0x0020, 0x0020, 0x0020, 0x0020, 0x0020, 0x0020, 0x0020,
  0x0020, 0x0020, 0x0020, 0x0020, 0x0020, 0x0020, 0x0020, 0x0020, 0x0020, 0x0020, 0x0020, 0x0020,
  0x0020, 0x0000, 0x0000, 0x0000, 0x0020, 0x0021, 0x0020, 0x0020, 0x0020, 0x0020, 0x0020, 0x0020,
  0x0020, 0x0020, 0x0020, 0x0020, 0x0020, 0x0020, 0x0020, 0x0020, 0x0020, 0x0020, 0x0020, 0x0020,
  0x0020, 0x0020, 0x0020, 0x0020, 0x0020, 0x0020, 0x0020, 0x0020, 0x0020, 0x0020, 0x0020, 0x0020,
  0x0020, 0x0020, 0x0020, 0x0020, 0x0020, 0x0020, 0x0020, 0x0020, 0x0020, 0x0020, 0x0020, 0x0020,
  0x0020, 0x0020, 0x0020, 0x0020, 0x0020, 0x0020, 0x0020, 0x0020, 0x0020, 0x0020, 0x0020, 0x0020,
  0x0020, 0x0020, 0x0020, 0x0020, 0x0020, 0x0020, 0x0020, 0x0020, 0x0020, 0x0020, 0x0020, 0x0020,
  0x0020, 0x0020, 0x0020, 0x0020, 0x0020, 0x0020, 0x0020, 0x0020, 0x0020, 0x0020, 0x0020, 0x0020,
  0x0020, 0x0020, 0x0020, 0x0020, 0x0020, 0x0020, 0x0020, 0x0020, 0x0020, 0x0020, 0x0020, 0x0020,
  0x0020, 0x0020, 0x0020, 0x0020, 0x0020, 0x0020, 0x0020, 0x0020, 0x0020, 0x0020, 0x0020, 0x0020,
  0x0020, 0x0020, 0x0020, 0x0020, 0x0020, 0x0020, 0x0020, 0x0020, 0x0020, 0x0020, 0x0020, 0x0020,
  0x0020, 0x0020, 0x0020, 0x0020, 0x0020, 0x0020, 0x0020, 0x0020, 0x0020, 0x0020, 0x0020, 0x0020,
  0x0020, 0x0020, 0x0020, 0x0020, 0x0020, 0x0020, 0x0020, 0x0020, 0x0020, 0x0020, 0x0020, 0x0020,
  0x0020, 0x0020, 0x0020, 0x0020, 0x0020, 0x0020, 0x0020, 0x0020, 0x0020, 0x0020, 0x0020, 0x0020,
  0x0020, 0x0020, 0x0020, 0x0000, 0x0000, 0x10C3, 0x2124, 0x1082, 0x0000, 0x0000, 0x0000, 0x0000,
  0x0020, 0x0021, 0x0020, 0x0020, 0x0020, 0x0020, 0x0020, 0x0020, 0x0020, 0x0020, 0x0020, 0x0020,
  0x0020, 0x0020, 0x0020, 0x0020, 0x0020, 0x0020, 0x0020, 0x0020, 0x0020, 0x0020, 0x0020, 0x0020,
  0x0020, 0x0020, 0x0020, 0x0020, 0x0020, 0x0020, 0x0020, 0x0020, 0x0020, 0x0020, 0x0020, 0x0020,
  0x0020, 0x0020, 0x0020, 0x0020, 0x0020, 0x0020, 0x0020, 0x0020, 0x0020, 0x0020, 0x0020, 0x0020,
  0x0020, 0x0020, 0x0020, 0x0020, 0x0020, 0x0020, 0x0020, 0x0020, 0x0020, 0x0020, 0x0020, 0x0020,
  0x0020, 0x0020, 0x0020, 0x0020, 0x0020, 0x0020, 0x0020, 0x0020, 0x0020, 0x0020, 0x0020, 0x0020,
  0x0020, 0x0020, 0x0020, 0x0020, 0x0020, 0x0020, 0x0020, 0x0020, 0x0020, 0x0020, 0x0020, 0x0020,
  0x0020, 0x0020, 0x0020, 0x0020, 0x0020, 0x0020, 0x0020, 0x0020, 0x0020, 0x0020, 0x0020, 0x0020,
  0x0020, 0x0020, 0x0020, 0x0020, 0x0020, 0x0020, 0x0020, 0x0020, 0x0020, 0x0020, 0x0020, 0x0020,
  0x0020, 0x0020, 0x0020, 0x0020, 0x0020, 0x0020, 0x0020, 0x0020, 0x0020, 0x0020, 0x0020, 0x0020,
  0x0020, 0x0020, 0x0020, 0x0020, 0x0020, 0x0020, 0x0020, 0x0020, 0x0020, 0x0020, 0x0020, 0x0020,
  0x0020, 0x0020, 0x0020, 0x0020, 0x0020, 0x0020, 0x0020, 0x0020, 0x0020, 0x0020, 0x0020, 0x0020,
  0x0020, 0x0020, 0x0020, 0x0020, 0x0021, 0x0000, 0x0000, 0x2965, 0x4A8A, 0x4A49, 0x4A8A, 0x4A8A,
  0x4249, 0x31A7, 0x2104, 0x0861, 0x0000, 0x0000, 0x0000, 0x0000, 0x0020, 0x0020, 0x0020, 0x0020,
  0x0020, 0x0020, 0x0020, 0x0020, 0x0020, 0x0020, 0x0020, 0x0020, 0x0020, 0x0020, 0x0020, 0x0020,
  0x0020, 0x0020, 0x0020, 0x0020, 0x0020, 0x0020, 0x0020, 0x0020, 0x0020, 0x0020, 0x0020, 0x0020,
  0x0020, 0x0020, 0x0020, 0x0020, 0x0020, 0x0020, 0x0020, 0x0020, 0x0020, 0x0020, 0x0020, 0x0020,
  0x0020, 0x0020, 0x0020, 0x0020, 0x0020, 0x0020, 0x0020, 0x0020, 0x0020, 0x0020, 0x0020, 0x0020,
  0x0020, 0x0020, 0x0020, 0x0020, 0x0020, 0x0020, 0x0020, 0x0020, 0x0020, 0x0020, 0x0020, 0x0020,
  0x0020, 0x0020, 0x0020, 0x0020, 0x0020, 0x0020, 0x0020, 0x0020, 0x0020, 0x0020, 0x0020, 0x0020,
  0x0020, 0x0020, 0x0020, 0x0020, 0x0020, 0x0020, 0x0020, 0x0020, 0x0020, 0x0020, 0x0020, 0x0020,
  0x0020, 0x0020, 0x0020, 0x0020, 0x0020, 0x0020, 0x0020, 0x0020, 0x0020, 0x0020, 0x0020, 0x0020,
  0x0020, 0x0020, 0x0020, 0x0020, 0x0020, 0x0020, 0x0020, 0x0020, 0x0020, 0x0020, 0x0020, 0x0020,
  0x0020, 0x0020, 0x0020, 0x0020, 0x0020, 0x0020, 0x0020, 0x0020, 0x0020, 0x0020, 0x0020, 0x0020,
  0x0020, 0x0020, 0x0020, 0x0020, 0x0020, 0x0020, 0x0020, 0x0020, 0x0020, 0x0020, 0x0020, 0x0020,
  0x0020, 0x0020, 0x0020, 0x0020, 0x0020, 0x0020, 0x0020, 0x0020, 0x0000, 0x10A3, 0x39E7, 0x4A8A,
  0x52AB, 0x52AB, 0x52AB, 0x52AB, 0x4A8A, 0x4A6A, 0x4A8A, 0x4A6A, 0x4229, 0x2986, 0x18C3, 0x0020,
  0x0000, 0x0000, 0x0000, 0x0020, 0x0021, 0x0020, 0x0020, 0x0020, 0x0020, 0x0020, 0x0020, 0x0020,
  0x0020, 0x0020, 0x0020, 0x0020, 0x0020, 0x0020, 0x0020, 0x0020, 0x0020, 0x0020, 0x0020, 0x0020,
  0x0020, 0x0020, 0x0020, 0x0020, 0x0020, 0x0020, 0x0020, 0x0020, 0x0020, 0x0020, 0x0020, 0x0020,
  0x0020, 0x0020, 0x0020, 0x0020, 0x0020, 0x0020, 0x0020, 0x0020, 0x0020, 0x0020, 0x0020, 0x0020,
  0x0020, 0x0020, 0x0020, 0x0020, 0x0020, 0x0020, 0x0020, 0x0020, 0x0020, 0x0020, 0x0020, 0x0020,
  0x0020, 0x0020, 0x0020, 0x0020, 0x0020, 0x0020, 0x0020, 0x0020, 0x0020, 0x0020, 0x0020, 0x0020,
  0x0020, 0x0020, 0x0020, 0x0020, 0x0020, 0x0020, 0x0020, 0x0020, 0x0020, 0x0020, 0x0020, 0x0020,
  0x0020, 0x0020, 0x0020, 0x0020, 0x0020, 0x0020, 0x0020, 0x0020, 0x0020, 0x0020, 0x0020, 0x0020,
  0x0020, 0x0020, 0x0020, 0x0020, 0x0020, 0x0020, 0x0020, 0x0020, 0x0020, 0x0020, 0x0020, 0x0020,
  0x0020, 0x0020, 0x0020, 0x0020, 0x0020, 0x0020, 0x0020, 0x0020, 0x0020, 0x0020, 0x0020, 0x0020,
  0x0020, 0x0020, 0x0020, 0x0020, 0x0020, 0x0020, 0x0020, 0x0020, 0x0020, 0x0020, 0x0020, 0x0020,
  0x0020, 0x0020, 0x0020, 0x0020, 0x0020, 0x0020, 0x0020, 0x0020, 0x0000, 0x0020, 0x0000, 0x0000,
  0x18E3, 0x4A8A, 0x5AEC, 0x4A8A, 0x52AB, 0x4A8A, 0x4249, 0x4A69, 0x52AA, 0x52CB, 0x4A8A, 0x4A8A,
  0x4A8A, 0x4A6A, 0x4A8A, 0x4A49, 0x39E8, 0x2145, 0x1082, 0x0000, 0x0000, 0x0000, 0x0000, 0x0020,
  0x0020, 0x0020, 0x0020, 0x0020, 0x0020, 0x0020, 0x0020, 0x0020, 0x0020, 0x0020, 0x0020, 0x0020,
  0x0020, 0x0020, 0x0020, 0x0020, 0x0020, 0x0020, 0x0020, 0x0020, 0x0020, 0x0020, 0x0020, 0x0020,
  0x0020, 0x0020, 0x0020, 0x0020, 0x0020, 0x0020, 0x0020, 0x0020, 0x0020, 0x0020, 0x0020, 0x0020,
  0x0020, 0x0020, 0x0020, 0x0020, 0x0020, 0x0020, 0x0020, 0x0020, 0x0020, 0x0020, 0x0020, 0x0020,
  0x0020, 0x0020, 0x0020, 0x0020, 0x0020, 0x0020, 0x0020, 0x0020, 0x0020, 0x0020, 0x0020, 0x0020,
  0x0020, 0x0020, 0x0020, 0x0020, 0x0020, 0x0020, 0x0020, 0x0020, 0x0020, 0x0020, 0x0020, 0x0020,
  0x0020, 0x0020, 0x0020, 0x0020, 0x0020, 0x0020, 0x0020, 0x0020, 0x0020, 0x0020, 0x0020, 0x0020,
  0x0020, 0x0020, 0x0020, 0x0020, 0x0020, 0x0020, 0x0020, 0x0020, 0x0020, 0x0020, 0x0020, 0x0020,
  0x0020, 0x0020, 0x0020, 0x0020, 0x0020, 0x0020, 0x0020, 0x0020, 0x0020, 0x0020, 0x0020, 0x0020,
  0x0020, 0x0020, 0x0020, 0x0020, 0x0020, 0x0020, 0x0020, 0x0020, 0x0020, 0x0020, 0x0020, 0x0020,
  0x0020, 0x0020, 0x0020, 0x0020, 0x0020, 0x0020, 0x0020, 0x0020, 0x0020, 0x0020, 0x0020, 0x0020,
  0x0020, 0x0000, 0x10A2, 0x5ACB, 0x634D, 0x4A6A, 0x4A69, 0x4229, 0x4228, 0x4A6A, 0x52AB, 0x52CB,
  0x52AA, 0x4A69, 0x4249, 0x4A8A, 0x52AB, 0x52CB, 0x52AB, 0x4A8A, 0x4A6A, 0x4A6A, 0x4A6A, 0x4249,
  0x31A7, 0x18E3, 0x0041, 0x0000, 0x0000, 0x0000, 0x0020, 0x0020, 0x0020, 0x0020, 0x0020, 0x0020,
  0x0020, 0x0020, 0x0020, 0x0020, 0x0020, 0x0020, 0x0020, 0x0020, 0x0020, 0x0020, 0x0020, 0x0020,
  0x0020, 0x0020, 0x0020, 0x0020, 0x0020, 0x0020, 0x0020, 0x0020, 0x0020, 0x0020, 0x0020, 0x0020,
  0x0020, 0x0020, 0x0020, 0x0020, 0x0020, 0x0020, 0x0020, 0x0020, 0x0020, 0x0020, 0x0020, 0x0020,
  0x0020, 0x0020, 0x0020, 0x0020, 0x0020, 0x0020, 0x0020, 0x0020, 0x0020, 0x0020, 0x0020, 0x0020,
  0x0020, 0x0020, 0x0020, 0x0020, 0x0020, 0x0020, 0x0020, 0x0020, 0x0020, 0x0020, 0x0020, 0x0020,
  0x0020, 0x0020, 0x0020, 0x0020, 0x0020, 0x0020, 0x0020, 0x0020, 0x0020, 0x0020, 0x0020, 0x0020,
  0x0020, 0x0020, 0x0020, 0x0020, 0x0020, 0x0020, 0x0020, 0x0020, 0x0020, 0x0020, 0x0020, 0x0020,
  0x0020, 0x0020, 0x0020, 0x0020, 0x0020, 0x0020, 0x0020, 0x0020, 0x0020, 0x0020, 0x0020, 0x0020,
  0x0020, 0x0020, 0x0020, 0x0020, 0x0020, 0x0020, 0x0020, 0x0020, 0x0020, 0x0020, 0x0020, 0x0020,
  0x0020, 0x0020, 0x0020, 0x0020, 0x0020, 0x0020, 0x0020, 0x0020, 0x0020, 0x0020, 0x0020, 0x0020,
  0x0020, 0x0020, 0x0020, 0x0000, 0x0000, 0x18C3, 0x31A7, 0x31C7, 0x4228, 0x4A6A, 0x52CB, 0x5B0C,
  0x52CB, 0x4A6A, 0x4249, 0x4228, 0x4249, 0x4A8A, 0x52CB, 0x528A, 0x4A6A, 0x4A69, 0x4A69, 0x4A8A,
  0x52AB, 0x52CB, 0x528A, 0x4A6A, 0x4A6A, 0x4A6A, 0x4A69, 0x3A08, 0x2965, 0x10A2, 0x0000, 0x0000,
  0x0000, 0x0000, 0x0020, 0x0020, 0x0020, 0x0020, 0x0020, 0x0020, 0x0020, 0x0020, 0x0020, 0x0020,
  0x0020, 0x0020, 0x0020, 0x0020, 0x0020, 0x0020, 0x0020, 0x0020, 0x0020, 0x0020, 0x0020, 0x0020,
  0x0020, 0x0020, 0x0020, 0x0020, 0x0020, 0x0020, 0x0020, 0x0020, 0x0020, 0x0020, 0x0020, 0x0020,
  0x0020, 0x0020, 0x0020, 0x0020, 0x0020, 0x0020, 0x0020, 0x0020, 0x0020, 0x0020, 0x0020, 0x0020,
  0x0020, 0x0020, 0x0020, 0x0020, 0x0020, 0x0020, 0x0020, 0x0020, 0x0020, 0x0020, 0x0020, 0x0020,
  0x0020, 0x0020, 0x0020, 0x0020, 0x0020, 0x0020, 0x0020, 0x0020, 0x0020, 0x0020, 0x0020, 0x0020,
  0x0020, 0x0020, 0x0020, 0x0020, 0x0020, 0x0020, 0x0020, 0x0020, 0x0020, 0x0020, 0x0020, 0x0020,
  0x0020, 0x0020, 0x0020, 0x0020, 0x0020, 0x0020, 0x0020, 0x0020, 0x0020, 0x0020, 0x0020, 0x0020,
  0x0020, 0x0020, 0x0020, 0x0020, 0x0020, 0x0020, 0x0020, 0x0020, 0x0020, 0x0020, 0x0020, 0x0020,
  0x0020, 0x0020, 0x0020, 0x0020, 0x0020, 0x0020, 0x0020, 0x0020, 0x0020, 0x0020, 0x0020, 0x0020,
  0x0020, 0x0020, 0x0020, 0x0020, 0x0020, 0x0020, 0x0020, 0x0000, 0x2124, 0x2965, 0x10C3, 0x10E4,
  0x2145, 0x2965, 0x2945, 0x31A6, 0x4228, 0x4A8A, 0x5AEC, 0x5B0C, 0x52CB, 0x4A6A, 0x4228, 0x4208,
  0x4249, 0x4AAA, 0x52AB, 0x528A, 0x4A69, 0x4249, 0x4A6A, 0x52AB, 0x52AB, 0x52AA, 0x4A6A, 0x4A6A,
  0x4A8A, 0x4A8A, 0x4A49, 0x31C7, 0x1904, 0x0841, 0x0000, 0x0000, 0x0000, 0x0020, 0x0020, 0x0020,
  0x0020, 0x0020, 0x0020, 0x0020, 0x0020, 0x0020, 0x0020, 0x0020, 0x0020, 0x0020, 0x0020, 0x0020,
  0x0020, 0x0020, 0x0020, 0x0020, 0x0020, 0x0020, 0x0020, 0x0020, 0x0020, 0x0020, 0x0020, 0x0020,
  0x0020, 0x0020, 0x0020, 0x0020, 0x0020, 0x0020, 0x0020, 0x0020, 0x0020, 0x0020, 0x0020, 0x0020,
  0x0020, 0x0020, 0x0020, 0x0020, 0x0020, 0x0020, 0x0020, 0x0020, 0x0020, 0x0020, 0x0020, 0x0020,
  0x0020, 0x0020, 0x0020, 0x0020, 0x0020, 0x0020, 0x0020, 0x0020, 0x0020, 0x0020, 0x0020, 0x0020,
  0x0020, 0x0020, 0x0020, 0x0020, 0x0020, 0x0020, 0x0020, 0x0020, 0x0020, 0x0020, 0x0020, 0x0020,
  0x0020, 0x0020, 0x0020, 0x0020, 0x0020, 0x0020, 0x0020, 0x0020, 0x0020, 0x0020, 0x0020, 0x0020,
  0x0020, 0x0020, 0x0020, 0x0020, 0x0020, 0x0020, 0x0020, 0x0020, 0x0020, 0x0020, 0x0020, 0x0020,
  0x0020, 0x0020, 0x0020, 0x0020, 0x0020, 0x0020, 0x0020, 0x0020, 0x0020, 0x0020, 0x0020, 0x0020,
  0x0020, 0x0020, 0x0020, 0x0020, 0x0020, 0x0020, 0x0020, 0x0020, 0x0020, 0x0020, 0x0000, 0x2104,
  0x2986, 0x10C3, 0x6A65, 0x51E4, 0x2103, 0x10C3, 0x10E4, 0x1904, 0x2125, 0x2965, 0x2986, 0x39E7,
  0x4A6A, 0x52CB, 0x5B0C, 0x5AEC, 0x52AA, 0x4229, 0x4228, 0x4249, 0x4A8A, 0x52AB, 0x4A8A, 0x4A69,
  0x4249, 0x4A69, 0x4A8A, 0x52CB, 0x52AB, 0x4A6A, 0x4A6A, 0x4A6A, 0x4A8A, 0x4A8A, 0x4228, 0x2965,
  0x10A2, 0x0000, 0x0000, 0x0000, 0x0000, 0x0020, 0x0020, 0x0020, 0x0020, 0x0020, 0x0020, 0x0020,
  0x0020, 0x0020, 0x0020, 0x0020, 0x0020, 0x0020, 0x0020, 0x0020, 0x0020, 0x0020, 0x0020, 0x0020,
  0x0020, 0x0020, 0x0020, 0x0020, 0x0020, 0x0020, 0x0020, 0x0020, 0x0020, 0x0020, 0x0020, 0x0020,
  0x0020, 0x0020, 0x0020, 0x0020, 0x0020, 0x0020, 0x0020, 0x0020, 0x0020, 0x0020, 0x0020, 0x0020,
  0x0020, 0x0020, 0x0020, 0x0020, 0x0020, 0x0020, 0x0020, 0x0020, 0x0020, 0x0020, 0x0020, 0x0020,
  0x0020, 0x0020, 0x0020, 0x0020, 0x0020, 0x0020, 0x0020, 0x0020, 0x0020, 0x0020, 0x0020, 0x0020,
  0x0020, 0x0020, 0x0020, 0x0020, 0x0020, 0x0020, 0x0020, 0x0020, 0x0020, 0x0020, 0x0020, 0x0020,
  0x0020, 0x0020, 0x0020, 0x0020, 0x0020, 0x0020, 0x0020, 0x0020, 0x0020, 0x0020, 0x0020, 0x0020,
  0x0020, 0x0020, 0x0020, 0x0020, 0x0020, 0x0020, 0x0020, 0x0020, 0x0020, 0x0020, 0x0020, 0x0020,
  0x0020, 0x0020, 0x0020, 0x0020, 0x0020, 0x0020, 0x0020, 0x0020, 0x0020, 0x0020, 0x0020, 0x0020,
  0x0020, 0x0000, 0x0020, 0x2145, 0x18E3, 0x8B68, 0xF54B, 0xFD4A, 0xE4A9, 0xB3C7, 0x7AA5, 0x4184,
  0x18E3, 0x10C4, 0x10E4, 0x1904, 0x2125, 0x2965, 0x31A6, 0x4208, 0x4A8A, 0x5AEC, 0x5B0C, 0x52CB,
  0x4A8A, 0x4228, 0x4208, 0x4249, 0x4A8A, 0x52AB, 0x4A8A, 0x4249, 0x4249, 0x4A6A, 0x4AAA, 0x52AB,
  0x52AB, 0x4A6A, 0x4249, 0x4A6A, 0x4A8A, 0x4249, 0x39C7, 0x2104, 0x0841, 0x0000, 0x0000, 0x0000,
  0x0020, 0x0021, 0x0020, 0x0020, 0x0020, 0x0020, 0x0020, 0x0020, 0x0020, 0x0020, 0x0020, 0x0020,
  0x0020, 0x0020, 0x0020, 0x0020, 0x0020, 0x0020, 0x0020, 0x0020, 0x0020, 0x0020, 0x0020, 0x0020,
  0x0020, 0x0020, 0x0020, 0x0020, 0x0020, 0x0020, 0x0020, 0x0020, 0x0020, 0x0020, 0x0020, 0x0020,
  0x0020, 0x0020, 0x0020, 0x0020, 0x0020, 0x0020, 0x0020, 0x0020, 0x0020, 0x0020, 0x0020, 0x0020,
  0x0020, 0x0020, 0x0020, 0x0020, 0x0020, 0x0020, 0x0020, 0x0020, 0x0020, 0x0020, 0x0020, 0x0020,
  0x0020, 0x0020, 0x0020, 0x0020, 0x0020, 0x0020, 0x0020, 0x0020, 0x0020, 0x0020, 0x0020, 0x0020,
  0x0020, 0x0020, 0x0020, 0x0020, 0x0020, 0x0020, 0x0020, 0x0020, 0x0020, 0x0020, 0x0020, 0x0020,
  0x0020, 0x0020, 0x0020, 0x0020, 0x0020, 0x0020, 0x0020, 0x0020, 0x0020, 0x0020, 0x0020, 0x0020,
  0x0020, 0x0020, 0x0020, 0x0020, 0x0020, 0x0020, 0x0020, 0x0020, 0x0020, 0x0020, 0x0020, 0x0020,
  0x0020, 0x0020, 0x0020, 0x0020, 0x0020, 0x0000, 0x0861, 0x10E4, 0x8327, 0xE488, 0xC3E7, 0xCC48,
  0xDCA9, 0xED0A, 0xFD4A, 0xFD2A, 0xDC88, 0xA366, 0x6A44, 0x3143, 0x18E3, 0x10C4, 0x1905, 0x2145,
  0x2125, 0x2986, 0x31C7, 0x4229, 0x52AB, 0x5B0C, 0x5AEC, 0x52AB, 0x4249, 0x4208, 0x4228, 0x4A6A,
  0x4AAA, 0x4A8A, 0x4A6A, 0x4A69, 0x4249, 0x4A8A, 0x52CB, 0x52CB, 0x4A6A, 0x4A69, 0x4A69, 0x4A8A,
  0x4A6A, 0x4228, 0x2966, 0x10A2, 0x0020, 0x0000, 0x0000, 0x0000, 0x0020, 0x0020, 0x0020, 0x0020,
  0x0020, 0x0020, 0x0020, 0x0020, 0x0020, 0x0020, 0x0020, 0x0020, 0x0020, 0x0020, 0x0020, 0x0020,
  0x0020, 0x0020, 0x0020, 0x0020, 0x0020, 0x0020, 0x0020, 0x0020, 0x0020, 0x0020, 0x0020, 0x0020,
  0x0020, 0x0020, 0x0020, 0x0020, 0x0020, 0x0020, 0x0020, 0x0020, 0x0020, 0x0020, 0x0020, 0x0020,
  0x0020, 0x0020, 0x0020, 0x0020, 0x0020, 0x0020, 0x0020, 0x0020, 0x0020, 0x0020, 0x0020, 0x0020,
  0x0020, 0x0020, 0x0020, 0x0020, 0x0020, 0x0020, 0x0020, 0x0020, 0x0020, 0x0020, 0x0020, 0x0020,
  0x0020, 0x0020, 0x0020, 0x0020, 0x0020, 0x0020, 0x0020, 0x0020, 0x0020, 0x0020, 0x0020, 0x0020,
  0x0020, 0x0020, 0x0020, 0x0020, 0x0020, 0x0020, 0x0020, 0x0020, 0x0020, 0x0020, 0x0020, 0x0020,
  0x0020, 0x0020, 0x0020, 0x0020, 0x0020, 0x0020, 0x0020, 0x0020, 0x0020, 0x0020, 0x0020, 0x0020,
  0x0020, 0x0020, 0x0020, 0x0020, 0x0020, 0x0020, 0x0020, 0x0020, 0x0020, 0x0000, 0x0841, 0x10E4,
  0xA366, 0xD3C6, 0xDC47, 0xDC47, 0xDC47, 0xCC27, 0xC407, 0xCC68, 0xDCA9, 0xF50A, 0xFD4A, 0xF4E9,
  0xCC28, 0x9326, 0x51C3, 0x18A2, 0x10C3, 0x10A3, 0x18E4, 0x2124, 0x2965, 0x3186, 0x39E8, 0x4A6A,
  0x5AEC, 0x5B0C, 0x5AEC, 0x4A8A, 0x4228, 0x3A08, 0x4249, 0x4A8A, 0x52AB, 0x4A8A, 0x4A6A, 0x4249,
  0x4A6A, 0x52AB, 0x52AB, 0x4A8A, 0x4A69, 0x4A6A, 0x4A8A, 0x4A8A, 0x4A49, 0x39C7, 0x2104, 0x0861,
  0x0000, 0x0000, 0x0000, 0x0020, 0x0020, 0x0020, 0x0020, 0x0020, 0x0020, 0x0020, 0x0020, 0x0020,
  0x0020, 0x0020, 0x0020, 0x0020, 0x0020, 0x0020, 0x0020, 0x0020, 0x0020, 0x0020, 0x0020, 0x0020,
  0x0020, 0x0020, 0x0020, 0x0020, 0x0020, 0x0020, 0x0020, 0x0020, 0x0020, 0x0020, 0x0020, 0x0020,
  0x0020, 0x0020, 0x0020, 0x0020, 0x0020, 0x0020, 0x0020, 0x0020, 0x0020, 0x0020, 0x0020, 0x0020,
  0x0020, 0x0020, 0x0020, 0x0020, 0x0020, 0x0020, 0x0020, 0x0020, 0x0020, 0x0020, 0x0020, 0x0020,
  0x0020, 0x0020, 0x0020, 0x0020, 0x0020, 0x0020, 0x0020, 0x0020, 0x0020, 0x0020, 0x0020, 0x0020,
  0x0020, 0x0020, 0x0020, 0x0020, 0x0020, 0x0020, 0x0020, 0x0020, 0x0020, 0x0020, 0x0020, 0x0020,
  0x0020, 0x0020, 0x0020, 0x0020, 0x0020, 0x0020, 0x0020, 0x0020, 0x0020, 0x0020, 0x0020, 0x0020,
  0x0020, 0x0020, 0x0020, 0x0020, 0x0020, 0x0020, 0x0020, 0x0020, 0x0020, 0x0020, 0x0020, 0x0020,
  0x0020, 0x0000, 0x0841, 0x10E4, 0x9B46, 0xEC87, 0xDC27, 0xDC47, 0xDC47, 0xDC47, 0xE447, 0xDC47,
  0xD427, 0xCC07, 0xC407, 0xCC69, 0xE4EA, 0xF54A, 0xABA8, 0xBD95, 0xB594, 0x736C, 0x41E7, 0x1904,
  0x10A3, 0x10C3, 0x1904, 0x2145, 0x2965, 0x31C7, 0x4229, 0x52AA, 0x5AEC, 0x5AEC, 0x4AAB, 0x4229,
  0x4208, 0x4249, 0x4A6A, 0x52AB, 0x52AB, 0x4A6A, 0x4249, 0x4249, 0x4A8A, 0x52AB, 0x52AB, 0x4A6A,
  0x4A69, 0x4A6A, 0x4A8A, 0x4A8A, 0x4229, 0x2986, 0x10A2, 0x0020, 0x0000, 0x0000, 0x0000, 0x0020,
  0x0020, 0x0020, 0x0020, 0x0020, 0x0020, 0x0020, 0x0020, 0x0020, 0x0020, 0x0020, 0x0020, 0x0020,
  0x0020, 0x0020, 0x0020, 0x0020, 0x0020, 0x0020, 0x0020, 0x0020, 0x0020, 0x0020, 0x0020, 0x0020,
  0x0020, 0x0020, 0x0020, 0x0020, 0x0020, 0x0020, 0x0020, 0x0020, 0x0020, 0x0020, 0x0020, 0x0020,
  0x0020, 0x0020, 0x0020, 0x0020, 0x0020, 0x0020, 0x0020, 0x0020, 0x0020, 0x0020, 0x0020, 0x0020,
  0x0020, 0x0020, 0x0020, 0x0020, 0x0020, 0x0020, 0x0020, 0x0020, 0x0020, 0x0020, 0x0020, 0x0020,
  0x0020, 0x0020, 0x0020, 0x0020, 0x0020, 0x0020, 0x0020, 0x0020, 0x0020, 0x0020, 0x0020, 0x0020,
  0x0020, 0x0020, 0x0020, 0x0020, 0x0020, 0x0020, 0x0020, 0x0020, 0x0020, 0x0020, 0x0020, 0x0020,
  0x0020, 0x0020, 0x0020, 0x0020, 0x0020, 0x0020, 0x0020, 0x0020, 0x0020, 0x0020, 0x0020, 0x0020,
  0x0020, 0x0020, 0x0020, 0x0020, 0x0020, 0x0000, 0x0841, 0x18E4, 0x9B46, 0xEC67, 0xDC27, 0xDC47,
  0xDC47, 0xDC47, 0xDC47, 0xDC47, 0xDC47, 0xDC47, 0xDC27, 0xDC27, 0xDC47, 0x92C4, 0x9470, 0xDEB8,
  0xE6D9, 0xF75B, 0xF73B, 0xD657, 0x9CB1, 0x5AEB, 0x2965, 0x10C3, 0x10A3, 0x18E4, 0x2124, 0x2965,
  0x3186, 0x39C7, 0x4A69, 0x5ACB, 0x5AEC, 0x52EC, 0x4A8A, 0x4229, 0x4228, 0x4249, 0x4A8A, 0x52AB,
  0x4A8A, 0x4249, 0x4229, 0x4A6A, 0x52AB, 0x52CB, 0x52AB, 0x4A8A, 0x4A69, 0x4A6A, 0x4A6A, 0x4A6A,
  0x39E8, 0x2124, 0x0861, 0x0000, 0x0000, 0x0000, 0x0000, 0x0020, 0x0020, 0x0020, 0x0020, 0x0020,
  0x0020, 0x0020, 0x0020, 0x0020, 0x0020, 0x0020, 0x0020, 0x0020, 0x0020, 0x0020, 0x0020, 0x0020,
  0x0020, 0x0020, 0x0020, 0x0020, 0x0020, 0x0020, 0x0020, 0x0020, 0x0020, 0x0020, 0x0020, 0x0020,
  0x0020, 0x0020, 0x0020, 0x0020, 0x0020, 0x0020, 0x0020, 0x0020, 0x0020, 0x0020, 0x0020, 0x0020,
  0x0020, 0x0020, 0x0020, 0x0020, 0x0020, 0x0020, 0x0020, 0x0020, 0x0020, 0x0020, 0x0020, 0x0020,
  0x0020, 0x0020, 0x0020, 0x0020, 0x0020, 0x0020, 0x0020, 0x0020, 0x0020, 0x0020, 0x0020, 0x0020,
  0x0020, 0x0020, 0x0020, 0x0020, 0x0020, 0x0020, 0x0020, 0x0020, 0x0020, 0x0020, 0x0020, 0x0020,
  0x0020, 0x0020, 0x0020, 0x0020, 0x0020, 0x0020, 0x0020, 0x0020, 0x0020, 0x0020, 0x0020, 0x0020,
  0x0020, 0x0020, 0x0020, 0x0020, 0x0020, 0x0020, 0x0020, 0x0020, 0x0020, 0x0000, 0x0841, 0x10E4,
  0x9B46, 0xEC67, 0xDC27, 0xDC47, 0xDC47, 0xDC47, 0xDC47, 0xDC47, 0xDC27, 0xDC27, 0xDC27, 0xDC26,
  0xE467, 0x9AC4, 0xAD13, 0xE698, 0xCE16, 0xCDF6, 0xCE16, 0xDE98, 0xEF3A, 0xFF7B, 0xEEFA, 0xBDB5,
  0x83EE, 0x4228, 0x2104, 0x10A3, 0x10C3, 0x1904, 0x2125, 0x2965, 0x31A7, 0x4208, 0x52AB, 0x5AEC,
  0x5AEC, 0x52CB, 0x4249, 0x4208, 0x4228, 0x4A69, 0x4A8A, 0x4AAA, 0x4A6A, 0x4249, 0x4A49, 0x4A8A,
  0x52AB, 0x52CB, 0x4A8A, 0x4A69, 0x4A69, 0x4A8A, 0x4A8A, 0x4229, 0x3186, 0x18C3, 0x0020, 0x0000,
  0x0000, 0x0000, 0x0020, 0x0020, 0x0020, 0x0020, 0x0020, 0x0020, 0x0020, 0x0020, 0x0020, 0x0020,
  0x0020, 0x0020, 0x0020, 0x0020, 0x0020, 0x0020, 0x0020, 0x0020, 0x0020, 0x0020, 0x0020, 0x0020,
  0x0020, 0x0020, 0x0020, 0x0020, 0x0020, 0x0020, 0x0020, 0x0020, 0x0020, 0x0020, 0x0020, 0x0020,
  0x0020, 0x0020, 0x0020, 0x0020, 0x0020, 0x0020, 0x0020, 0x0020, 0x0020, 0x0020, 0x0020, 0x0020,
  0x0020, 0x0020, 0x0020, 0x0020, 0x0020, 0x0020, 0x0020, 0x0020, 0x0020, 0x0020, 0x0020, 0x0020,
  0x0020, 0x0020, 0x0020, 0x0020, 0x0020, 0x0020, 0x0020, 0x0020, 0x0020, 0x0020, 0x0020, 0x0020,
  0x0020, 0x0020, 0x0020, 0x0020, 0x0020, 0x0020, 0x0020, 0x0020, 0x0020, 0x0020, 0x0020, 0x0020,
  0x0020, 0x0020, 0x0020, 0x0020, 0x0020, 0x0020, 0x0020, 0x0020, 0x0020, 0x0020, 0x0020, 0x0020,
  0x0020, 0x0000, 0x0841, 0x10E4, 0x9B67, 0xEC87, 0xDC47, 0xDC47, 0xDC47, 0xE488, 0xDC06, 0xDC26,
  0xEC87, 0xE467, 0xDC47, 0xD406, 0xDC47, 0x9AC4, 0xA4F2, 0xEED9, 0xDE98, 0xE6B8, 0xDE98, 0xD657,
  0xCE16, 0xCDF6, 0xD637, 0xE6D9, 0xF75B, 0xF73B, 0xD678, 0xA4D2, 0x62EB, 0x3186, 0x10C3, 0x10A3,
  0x18E4, 0x2124, 0x2945, 0x2986, 0x39C7, 0x4A6A, 0x5ACB, 0x5B0C, 0x52EB, 0x4A8A, 0x4229, 0x4228,
  0x4229, 0x4A8A, 0x52AB, 0x4A8A, 0x4A69, 0x4249, 0x4A6A, 0x52AA, 0x52AB, 0x4A8A, 0x4A6A, 0x4A6A,
  0x4A8A, 0x52AB, 0x4A8A, 0x3A08, 0x2125, 0x0861, 0x0000, 0x0000, 0x0000, 0x0000, 0x0020, 0x0020,
  0x0020, 0x0020, 0x0020, 0x0020, 0x0020, 0x0020, 0x0020, 0x0020, 0x0020, 0x0020, 0x0020, 0x0020,
  0x0020, 0x0020, 0x0020, 0x0020, 0x0020, 0x0020, 0x0020, 0x0020, 0x0020, 0x0020, 0x0020, 0x0020,
  0x0020, 0x0020, 0x0020, 0x0020, 0x0020, 0x0020, 0x0020, 0x0020, 0x0020, 0x0020, 0x0020, 0x0020,
  0x0020, 0x0020, 0x0020, 0x0020, 0x0020, 0x0020, 0x0020, 0x0020, 0x0020, 0x0020, 0x0020, 0x0020,
  0x0020, 0x0020, 0x0020, 0x0020, 0x0020, 0x0020, 0x0020, 0x0020, 0x0020, 0x0020, 0x0020, 0x0020,
  0x0020, 0x0020, 0x0020, 0x0020, 0x0020, 0x0020, 0x0020, 0x0020, 0x0020, 0x0020, 0x0020, 0x0020,
  0x0020, 0x0020, 0x0020, 0x0020, 0x0020, 0x0020, 0x0020, 0x0020, 0x0020, 0x0020, 0x0020, 0x0020,
  0x0020, 0x0020, 0x0020, 0x0020, 0x0020, 0x0000, 0x0841, 0x18E4, 0x9B66, 0xEC87, 0xDC47, 0xDC27,
  0xEC88, 0xBB85, 0x49A4, 0x5205, 0x82A5, 0xAB45, 0xD3E6, 0xE447, 0xF4A8, 0xA2E4, 0xA4F2, 0xEEF9,
  0xDE98, 0xDE78, 0xDE98, 0xE698, 0xE6B8, 0xE6B8, 0xDE98, 0xD637, 0xC5F6, 0xCDF6, 0xDE78, 0xEF1A,
  0xFF7B, 0xEF1A, 0xBDB5, 0x83EE, 0x4228, 0x2104, 0x10A3, 0x10C3, 0x1904, 0x2145, 0x2965, 0x31A6,
  0x4208, 0x4A8A, 0x5AEC, 0x5AEC, 0x52AB, 0x4249, 0x4228, 0x4229, 0x4A8A, 0x4A8A, 0x52AB, 0x4249,
  0x4249, 0x4A49, 0x4A8A, 0x52AB, 0x52AB, 0x4A6A, 0x4249, 0x4A69, 0x4A8A, 0x52AB, 0x4A6A, 0x31A7,
  0x10C3, 0x0020, 0x0000, 0x0020, 0x0020, 0x0020, 0x0020, 0x0020, 0x0020, 0x0020, 0x0020, 0x0020,
  0x0020, 0x0020, 0x0020, 0x0020, 0x0020, 0x0020, 0x0020, 0x0020, 0x0020, 0x0020, 0x0020, 0x0020,
  0x0020, 0x0020, 0x0020, 0x0020, 0x0020, 0x0020, 0x0020, 0x0020, 0x0020, 0x0020, 0x0020, 0x0020,
  0x0020, 0x0020, 0x0020, 0x0020, 0x0020, 0x0020, 0x0020, 0x0020, 0x0020, 0x0020, 0x0020, 0x0020,
  0x0020, 0x0020, 0x0020, 0x0020, 0x0020, 0x0020, 0x0020, 0x0020, 0x0020, 0x0020, 0x0020, 0x0020,
  0x0020, 0x0020, 0x0020, 0x0020, 0x0020, 0x0020, 0x0020, 0x0020, 0x0020, 0x0020, 0x0020, 0x0020,
  0x0020, 0x0020, 0x0020, 0x0020, 0x0020, 0x0020, 0x0020, 0x0020, 0x0020, 0x0020, 0x0020, 0x0020,
  0x0020, 0x0020, 0x0020, 0x0020, 0x0020, 0x0020, 0x0020, 0x0020, 0x0020, 0x0000, 0x0841, 0x18E4,
  0x9B66, 0xEC87, 0xDC27, 0xEC88, 0xBB85, 0x4184, 0x3A29, 0x31C8, 0x29A7, 0x31A7, 0x41C6, 0x6225,
  0x9B05, 0x8242, 0xAD33, 0xEED9, 0xDE77, 0xDE98, 0xDE77, 0xDE98, 0xDE98, 0xDE98, 0xE698, 0xE6B8,
  0xE6B8, 0xE698, 0xDE77, 0xCE16, 0xCE16, 0xCE37, 0xE6B9, 0xF75B, 0xF73A, 0xD677, 0xA4F2, 0x630B,
  0x3186, 0x10C3, 0x10A3, 0x18E3, 0x2124, 0x2945, 0x2986, 0x39E7, 0x4A6A, 0x52CB, 0x5B0C, 0x52CB,
  0x4A8A, 0x4249, 0x4229, 0x4A49, 0x4A8A, 0x52CB, 0x52AA, 0x4A49, 0x4229, 0x4A49, 0x52AB, 0x52CB,
  0x52CB, 0x4A8A, 0x4249, 0x4A6A, 0x5AEC, 0x4A8A, 0x0861, 0x0000, 0x0020, 0x0020, 0x0020, 0x0020,
  0x0020, 0x0020, 0x0020, 0x0020, 0x0020, 0x0020, 0x0020, 0x0020, 0x0020, 0x0020, 0x0020, 0x0020,
  0x0020, 0x0020, 0x0020, 0x0020, 0x0020, 0x0020, 0x0020, 0x0020, 0x0020, 0x0020, 0x0020, 0x0020,
  0x0020, 0x0020, 0x0020, 0x0020, 0x0020, 0x0020, 0x0020, 0x0020, 0x0020, 0x0020, 0x0020, 0x0020,
  0x0020, 0x0020, 0x0020, 0x0020, 0x0020, 0x0020, 0x0020, 0x0020, 0x0020, 0x0020, 0x0020, 0x0020,
  0x0020, 0x0020, 0x0020, 0x0020, 0x0020, 0x0020, 0x0020, 0x0020, 0x0020, 0x0020, 0x0020, 0x0020,
  0x0020, 0x0020, 0x0020, 0x0020, 0x0020, 0x0020, 0x0020, 0x0020, 0x0020, 0x0020, 0x0020, 0x0020,
  0x0020, 0x0020, 0x0020, 0x0020, 0x0020, 0x0020, 0x0020, 0x0020, 0x0020, 0x0020, 0x0020, 0x0020,
  0x0020, 0x0000, 0x0841, 0x10E4, 0xA366, 0xEC87, 0xE467, 0xBB65, 0x3964, 0x31E8, 0x2965, 0x2965,
  0x2966, 0x31A6, 0x31A7, 0x31C8, 0x31E8, 0x2945, 0x6B4C, 0xF73A, 0xE6D8, 0xE698, 0xDE77, 0xDE77,
  0xDE98, 0xDE98, 0xDE98, 0xDE98, 0xDE98, 0xDE98, 0xE698, 0xE6B8, 0xE698, 0xDE78, 0xD636, 0xCDF6,
  0xCE16, 0xDE78, 0xEF1A, 0xF75B, 0xEEFA, 0xBDB5, 0x83CE, 0x4A28, 0x2104, 0x10A3, 0x10C3, 0x1904,
  0x2145, 0x2945, 0x31A6, 0x4229, 0x52AB, 0x5B0C, 0x5AEC, 0x52CB, 0x4249, 0x3A08, 0x4229, 0x4A69,
  0x52AB, 0x52AB, 0x4A6A, 0x4249, 0x4A6A, 0x4A8A, 0x52CB, 0x5AEC, 0x2986, 0x31C7, 0x2986, 0x0020,
  0x0000, 0x0020, 0x0020, 0x0020, 0x0020, 0x0020, 0x0020, 0x0020, 0x0020, 0x0020, 0x0020, 0x0020,
  0x0020, 0x0020, 0x0020, 0x0020, 0x0020, 0x0020, 0x0020, 0x0020, 0x0020, 0x0020, 0x0020, 0x0020,
  0x0020, 0x0020, 0x0020, 0x0020, 0x0020, 0x0020, 0x0020, 0x0020, 0x0020, 0x0020, 0x0020, 0x0020,
  0x0020, 0x0020, 0x0020, 0x0020, 0x0020, 0x0020, 0x0020, 0x0020, 0x0020, 0x0020, 0x0020, 0x0020,
  0x0020, 0x0020, 0x0020, 0x0020, 0x0020, 0x0020, 0x0020, 0x0020, 0x0020, 0x0020, 0x0020, 0x0020,
  0x0020, 0x0020, 0x0020, 0x0020, 0x0020, 0x0020, 0x0020, 0x0020, 0x0020, 0x0020, 0x0020, 0x0020,
  0x0020, 0x0020, 0x0020, 0x0020, 0x0020, 0x0020, 0x0020, 0x0020, 0x0020, 0x0020, 0x0020, 0x0020,
  0x0020, 0x0020, 0x0020, 0x0020, 0x0020, 0x0000, 0x0841, 0x10C4, 0x9B46, 0xF4A8, 0xBB85, 0x3964,
  0x31C8, 0x2145, 0x2145, 0x10A3, 0x18E4, 0x10C3, 0x1904, 0x2965, 0x2986, 0x31A7, 0x2104, 0x736C,
  0xAD12, 0xD636, 0xE6D8, 0xEEF9, 0xE6D9, 0xDE98, 0xDE77, 0xDE98, 0xDE98, 0xE698, 0xE698, 0xDE98,
  0xDE98, 0xDE98, 0xE698, 0xE6B8, 0xE698, 0xDE57, 0xCE16, 0xCDF6, 0xCE37, 0xE6B9, 0xF75B, 0xF73B,
  0xD678, 0x9CD2, 0x62EB, 0x2965, 0x10A3, 0x18C3, 0x1904, 0x2145, 0x2945, 0x3186, 0x39E7, 0x4A6A,
  0x5AEC, 0x5B0C, 0x52CB, 0x4A6A, 0x4249, 0x4229, 0x4A49, 0x4A8A, 0x52CB, 0x52AB, 0x39C7, 0x31C7,
  0x3186, 0x1904, 0x31A7, 0x2145, 0x0000, 0x0020, 0x0020, 0x0020, 0x0020, 0x0020, 0x0020, 0x0020,
  0x0020, 0x0020, 0x0020, 0x0020, 0x0020, 0x0020, 0x0020, 0x0020, 0x0020, 0x0020, 0x0020, 0x0020,
  0x0020, 0x0020, 0x0020, 0x0020, 0x0020, 0x0020, 0x0020, 0x0020, 0x0020, 0x0020, 0x0020, 0x0020,
  0x0020, 0x0020, 0x0020, 0x0020, 0x0020, 0x0020, 0x0020, 0x0020, 0x0020, 0x0020, 0x0020, 0x0020,
  0x0020, 0x0020, 0x0020, 0x0020, 0x0020, 0x0020, 0x0020, 0x0020, 0x0020, 0x0020, 0x0020, 0x0020,
  0x0020, 0x0020, 0x0020, 0x0020, 0x0020, 0x0020, 0x0020, 0x0020, 0x0020, 0x0020, 0x0020, 0x0020,
  0x0020, 0x0020, 0x0020, 0x0020, 0x0020, 0x0020, 0x0020, 0x0020, 0x0020, 0x0020, 0x0020, 0x0020,
  0x0020, 0x0020, 0x0020, 0x0020, 0x0020, 0x0020, 0x0020, 0x0020, 0x0020, 0x0000, 0x0841, 0x10C4,
  0x9B46, 0xF4C8, 0x8AA4, 0x2166, 0x2986, 0x2145, 0x0861, 0x840F, 0xAD54, 0x736D, 0x4207, 0x18E3,
  0x2125, 0x2945, 0x31A6, 0x31C7, 0x31A7, 0x4208, 0x62EB, 0x8C4F, 0xBD94, 0xDE77, 0xEEF9, 0xEEF9,
  0xE6B8, 0xDE98, 0xDE77, 0xDE98, 0xDE98, 0xDE98, 0xE698, 0xE698, 0xDE98, 0xE6B8, 0xE6B8, 0xE6B8,
  0xDE77, 0xD637, 0xCDF6, 0xCE16, 0xDE98, 0xEF1A, 0xF75B, 0xE6D9, 0xC5D6, 0x5AA9, 0x3143, 0x2103,
  0x10C4, 0x18E4, 0x2125, 0x2145, 0x2965, 0x31A6, 0x4229, 0x52CB, 0x5B0C, 0x5AEC, 0x4A8A, 0x4249,
  0x3A08, 0x4229, 0x31A7, 0x2104, 0x31C7, 0x2986, 0x2125, 0x39C7, 0x1082, 0x0000, 0x0020, 0x0020,
  0x0020, 0x0020, 0x0020, 0x0020, 0x0020, 0x0020, 0x0020, 0x0020, 0x0020, 0x0020, 0x0020, 0x0020,
  0x0020, 0x0020, 0x0020, 0x0020, 0x0020, 0x0020, 0x0020, 0x0020, 0x0020, 0x0020, 0x0020, 0x0020,
  0x0020, 0x0020, 0x0020, 0x0020, 0x0020, 0x0020, 0x0020, 0x0020, 0x0020, 0x0020, 0x0020, 0x0020,
  0x0020, 0x0020, 0x0020, 0x0020, 0x0020, 0x0020, 0x0020, 0x0020, 0x0020, 0x0020, 0x0020, 0x0020,
  0x0020, 0x0020, 0x0020, 0x0020, 0x0020, 0x0020, 0x0020, 0x0020, 0x0020, 0x0020, 0x0020, 0x0020,
  0x0020, 0x0020, 0x0020, 0x0020, 0x0020, 0x0020, 0x0020, 0x0020, 0x0020, 0x0020, 0x0020, 0x0020,
  0x0020, 0x0020, 0x0020, 0x0020, 0x0020, 0x0020, 0x0020, 0x0020, 0x0020, 0x0020, 0x0020, 0x0020,
  0x0020, 0x0000, 0x0841, 0x10C4, 0x9B46, 0xF4A7, 0x8AA4, 0x2145, 0x2986, 0x10C3, 0x9471, 0xFF7C,
  0xF71A, 0xF77B, 0xEEFA, 0xCE16, 0x4228, 0x10C3, 0x2945, 0x2986, 0x31A7, 0x31A7, 0x31A6, 0x2986,
  0x31A7, 0x4A49, 0x738D, 0xA4F2, 0xCE16, 0xE6D8, 0xEEF9, 0xE6D9, 0xDE98, 0xDE78, 0xDE98, 0xE698,
  0xE698, 0xDE98, 0xDE98, 0xDE98, 0xE698, 0xE6B8, 0xE6B8, 0xE698, 0xD657, 0xCE16, 0xCDF6, 0xD678,
  0xC5D5, 0xB44A, 0xF54A, 0xD468, 0x9B66, 0x5A25, 0x2923, 0x18E4, 0x10E4, 0x1905, 0x2145, 0x2965,
  0x3186, 0x39C7, 0x4A8A, 0x52CB, 0x31C7, 0x1904, 0x2986, 0x2986, 0x2125, 0x31C7, 0x2145, 0x18E4,
  0x0862, 0x0000, 0x0020, 0x0020, 0x0020, 0x0020, 0x0020, 0x0020, 0x0020, 0x0020, 0x0020, 0x0020,
  0x0020, 0x0020, 0x0020, 0x0020, 0x0020, 0x0020, 0x0020, 0x0020, 0x0020, 0x0020, 0x0020, 0x0020,
  0x0020, 0x0020, 0x0020, 0x0020, 0x0020, 0x0020, 0x0020, 0x0020, 0x0020, 0x0020, 0x0020, 0x0020,
  0x0020, 0x0020, 0x0020, 0x0020, 0x0020, 0x0020, 0x0020, 0x0020, 0x0020, 0x0020, 0x0020, 0x0020,
  0x0020, 0x0020, 0x0020, 0x0020, 0x0020, 0x0020, 0x0020, 0x0020, 0x0020, 0x0020, 0x0020, 0x0020,
  0x0020, 0x0020, 0x0020, 0x0020, 0x0020, 0x0020, 0x0020, 0x0020, 0x0020, 0x0020, 0x0020, 0x0020,
  0x0020, 0x0020, 0x0020, 0x0020, 0x0020, 0x0020, 0x0020, 0x0020, 0x0020, 0x0020, 0x0020, 0x0020,
  0x0020, 0x0020, 0x0020, 0x0020, 0x0020, 0x0000, 0x0841, 0x10C4, 0x9B46, 0xF4A7, 0x8AA4, 0x2166,
  0x2104, 0x39E7, 0xF75B, 0xE6B8, 0xE6B8, 0xDE98, 0xE6B8, 0xF73A, 0xC5D5, 0x4A48, 0x2945, 0x10C3,
  0x18C3, 0x2104, 0x2965, 0x2986, 0x31A6, 0x31A7, 0x2986, 0x2986, 0x39C7, 0x5ACA, 0x8C2F, 0xBD74,
  0xDE77, 0xEEF9, 0xEEF9, 0xE6B8, 0xDE98, 0xDE77, 0xDE98, 0xDE98, 0xE698, 0xE698, 0xDE98, 0xDE98,
  0xE698, 0xE6B8, 0xE698, 0xE698, 0x8BED, 0xB386, 0xD489, 0xDCA9, 0xF54B, 0xFD6B, 0xED0A, 0xBC07,
  0x7AA5, 0x41A4, 0x2103, 0x10E4, 0x10E4, 0x2125, 0x2945, 0x2986, 0x31A7, 0x2966, 0x2104, 0x31C7,
  0x2945, 0x2124, 0x18E3, 0x10A2, 0x0862, 0x0000, 0x0020, 0x0020, 0x0020, 0x0020, 0x0020, 0x0020,
  0x0020, 0x0020, 0x0020, 0x0020, 0x0020, 0x0020, 0x0020, 0x0020, 0x0020, 0x0020, 0x0020, 0x0020,
  0x0020, 0x0020, 0x0020, 0x0020, 0x0020, 0x0020, 0x0020, 0x0020, 0x0020, 0x0020, 0x0020, 0x0020,
  0x0020, 0x0020, 0x0020, 0x0020, 0x0020, 0x0020, 0x0020, 0x0020, 0x0020, 0x0020, 0x0020, 0x0020,
  0x0020, 0x0020, 0x0020, 0x0020, 0x0020, 0x0020, 0x0020, 0x0020, 0x0020, 0x0020, 0x0020, 0x0020,
  0x0020, 0x0020, 0x0020, 0x0020, 0x0020, 0x0020, 0x0020, 0x0020, 0x0020, 0x0020, 0x0020, 0x0020,
  0x0020, 0x0020, 0x0020, 0x0020, 0x0020, 0x0020, 0x0020, 0x0020, 0x0020, 0x0020, 0x0020, 0x0020,
  0x0020, 0x0020, 0x0020, 0x0020, 0x0020, 0x0020, 0x0020, 0x0020, 0x0020, 0x0000, 0x0841, 0x10E4,
  0x9B46, 0xF4A7, 0x8AC4, 0x2146, 0x2104, 0x39E7, 0xE6D9, 0xE6B9, 0xE6D9, 0xE6D9, 0xE6B9, 0xE6B8,
  0xEED9, 0xF75B, 0xD678, 0xA513, 0x6B6D, 0x39E7, 0x1904, 0x10C3, 0x1904, 0x2145, 0x2966, 0x3186,
  0x31A6, 0x31A6, 0x2986, 0x31C7, 0x4A69, 0x6B4C, 0x9CB1, 0xCDF6, 0xE6B8, 0xEEF9, 0xE6D9, 0xE698,
  0xDE77, 0xDE98, 0xDE98, 0xDE98, 0xDE98, 0xDE98, 0xDE77, 0xE6B8, 0x9C4E, 0xCBE6, 0xE447, 0xD407,
  0xCC28, 0xC428, 0xD489, 0xE50A, 0xFD6B, 0xFD2A, 0xDC68, 0x9B46, 0x5A04, 0x2923, 0x1904, 0x2124,
  0x31C7, 0x31A7, 0x2966, 0x2965, 0x2124, 0x1082, 0x10C3, 0x10A3, 0x0862, 0x0000, 0x0020, 0x0020,
  0x0020, 0x0020, 0x0020, 0x0020, 0x0020, 0x0020, 0x0020, 0x0020, 0x0020, 0x0020, 0x0020, 0x0020,
  0x0020, 0x0020, 0x0020, 0x0020, 0x0020, 0x0020, 0x0020, 0x0020, 0x0020, 0x0020, 0x0020, 0x0020,
  0x0020, 0x0020, 0x0020, 0x0020, 0x0020, 0x0020, 0x0020, 0x0020, 0x0020, 0x0020, 0x0020, 0x0020,
  0x0020, 0x0020, 0x0020, 0x0020, 0x0020, 0x0020, 0x0020, 0x0020, 0x0020, 0x0020, 0x0020, 0x0020,
  0x0020, 0x0020, 0x0020, 0x0020, 0x0020, 0x0020, 0x0020, 0x0020, 0x0020, 0x0020, 0x0020, 0x0020,
  0x0020, 0x0020, 0x0020, 0x0020, 0x0020, 0x0020, 0x0020, 0x0020, 0x0020, 0x0020, 0x0020, 0x0020,
  0x0020, 0x0020, 0x0020, 0x0020, 0x0020, 0x0020, 0x0020, 0x0020, 0x0020, 0x0020, 0x0020, 0x0020,
  0x0020, 0x0000, 0x0841, 0x10E4, 0x9B26, 0xF4A7, 0x8AA4, 0x2146, 0x2104, 0x39E7, 0xE6FA, 0xE6B9,
  0xE6D9, 0xE6D9, 0xE6B9, 0xE6D9, 0xE6B9, 0xE6B8, 0xEEF9, 0xF73A, 0xF75B, 0xEEFA, 0xC5F6, 0x8C50,
  0x52AA, 0x2965, 0x10C3, 0x10C3, 0x2124, 0x2945, 0x2986, 0x31A7, 0x31A6, 0x2986, 0x3186, 0x39E7,
  0x5ACA, 0x8C0F, 0xBD74, 0xDE77, 0xEED9, 0xEEF9, 0xE6B8, 0xDE98, 0xDE98, 0xDE97, 0xDE77, 0xE6B9,
  0x9C4E, 0xC3E6, 0xDC27, 0xDC27, 0xDC47, 0xDC47, 0xD427, 0xCC07, 0xC407, 0xCC48, 0xDCA9, 0xF52A,
  0xFD8C, 0xED0A, 0x4163, 0x1925, 0x3186, 0x31C7, 0x2965, 0x10A2, 0x18C3, 0x10A2, 0x10C3, 0x10A3,
  0x0862, 0x0000, 0x0020, 0x0020, 0x0020, 0x0020, 0x0020, 0x0020, 0x0020, 0x0020, 0x0020, 0x0020,
  0x0020, 0x0020, 0x0020, 0x0020, 0x0020, 0x0020, 0x0020, 0x0020, 0x0020, 0x0020, 0x0020, 0x0020,
  0x0020, 0x0020, 0x0020, 0x0020, 0x0020, 0x0020, 0x0020, 0x0020, 0x0020, 0x0020, 0x0020, 0x0020,
  0x0020, 0x0020, 0x0020, 0x0020, 0x0020, 0x0020, 0x0020, 0x0020, 0x0020, 0x0020, 0x0020, 0x0020,
  0x0020, 0x0020, 0x0020, 0x0020, 0x0020, 0x0020, 0x0020, 0x0020, 0x0020, 0x0020, 0x0020, 0x0020,
  0x0020, 0x0020, 0x0020, 0x0020, 0x0020, 0x0020, 0x0020, 0x0020, 0x0020, 0x0020, 0x0020, 0x0020,
  0x0020, 0x0020, 0x0020, 0x0020, 0x0020, 0x0020, 0x0020, 0x0020, 0x0020, 0x0020, 0x0020, 0x0020,
  0x0020, 0x0020, 0x0020, 0x0020, 0x0020, 0x0000, 0x0841, 0x10E4, 0x9B26, 0xF4A7, 0x8AA4, 0x2146,
  0x2124, 0x39E7, 0xE6FA, 0xE6B8, 0xE6D9, 0xE6D9, 0xE6D9, 0xE6B9, 0xE6B9, 0xE6B9, 0xE6B8, 0xE6B8,
  0xE698, 0xE6D9, 0xEF1A, 0xF75B, 0xF73B, 0xDE98, 0xAD33, 0x738D, 0x39E7, 0x1904, 0x10C3, 0x18E4,
  0x2125, 0x2966, 0x3186, 0x31A6, 0x31A6, 0x31A6, 0x31A7, 0x4228, 0x734C, 0x9CB1, 0xCDF5, 0xE6D9,
  0xEEF9, 0xE6D8, 0xDE77, 0xE6D9, 0xA46F, 0xD406, 0xE467, 0xDC27, 0xD427, 0xDC27, 0xDC47, 0xDC47,
  0xDC47, 0xDC27, 0xD427, 0xCC28, 0xC449, 0xE4C9, 0xDC48, 0x2924, 0x2125, 0x2986, 0x18E3, 0x1082,
  0x18C3, 0x10A2, 0x10C3, 0x10A3, 0x0862, 0x0000, 0x0020, 0x0020, 0x0020, 0x0020, 0x0020, 0x0020,
  0x0020, 0x0020, 0x0020, 0x0020, 0x0020, 0x0020, 0x0020, 0x0020, 0x0020, 0x0020, 0x0020, 0x0020,
  0x0020, 0x0020, 0x0020, 0x0020, 0x0020, 0x0020, 0x0020, 0x0020, 0x0020, 0x0020, 0x0020, 0x0020,
  0x0020, 0x0020, 0x0020, 0x0020, 0x0020, 0x0020, 0x0020, 0x0020, 0x0020, 0x0020, 0x0020, 0x0020,
  0x0020, 0x0020, 0x0020, 0x0020, 0x0020, 0x0020, 0x0020, 0x0020, 0x0020, 0x0020, 0x0020, 0x0020,
  0x0020, 0x0020, 0x0020, 0x0020, 0x0020, 0x0020, 0x0020, 0x0020, 0x0020, 0x0020, 0x0020, 0x0020,
  0x0020, 0x0020, 0x0020, 0x0020, 0x0020, 0x0020, 0x0020, 0x0020, 0x0020, 0x0020, 0x0020, 0x0020,
  0x0020, 0x0020, 0x0020, 0x0020, 0x0020, 0x0020, 0x0020, 0x0020, 0x0020, 0x0000, 0x0841, 0x10E4,
  0x9B46, 0xF487, 0x8AA4, 0x2166, 0x2124, 0x39E7, 0xE6FA, 0xE6B9, 0xE6D9, 0xE6D9, 0xE6B9, 0xE6B9,
  0xE6D9, 0xE6D9, 0xE6D9, 0xE6D9, 0xE6D9, 0xE6B9, 0xE6B8, 0xE698, 0xE6B8, 0xEED9, 0xF73A, 0xF75B,
  0xEEFA, 0xC616, 0x9470, 0x52AA, 0x2965, 0x10C3, 0x10C3, 0x1904, 0x2965, 0x2986, 0x31A6, 0x31A7,
  0x2986, 0x2986, 0x39E7, 0x5AAA, 0x83EE, 0xB553, 0xDE77, 0xD636, 0x5A88, 0x8284, 0xC3A5, 0xDC26,
  0xE467, 0xE488, 0xDC67, 0xDC47, 0xDC47, 0xDC27, 0xDC47, 0xDC47, 0xDC27, 0xBBE7, 0xE4A9, 0x5182,
  0x10E4, 0x2965, 0x18E3, 0x1082, 0x18C3, 0x10A2, 0x10C3, 0x10C3, 0x0882, 0x0000, 0x0020, 0x0020,
  0x0020, 0x0020, 0x0020, 0x0020, 0x0020, 0x0020, 0x0020, 0x0020, 0x0020, 0x0020, 0x0020, 0x0020,
  0x0020, 0x0020, 0x0020, 0x0020, 0x0020, 0x0020, 0x0020, 0x0020, 0x0020, 0x0020, 0x0020, 0x0020,
  0x0020, 0x0020, 0x0020, 0x0020, 0x0020, 0x0020, 0x0020, 0x0020, 0x0020, 0x0020, 0x0020, 0x0020,
  0x0020, 0x0020, 0x0020, 0x0020, 0x0020, 0x0020, 0x0020, 0x0020, 0x0020, 0x0020, 0x0020, 0x0020,
  0x0020, 0x0020, 0x0020, 0x0020, 0x0020, 0x0020, 0x0020, 0x0020, 0x0020, 0x0020, 0x0020, 0x0020,
  0x0020, 0x0020, 0x0020, 0x0020, 0x0020, 0x0020, 0x0020, 0x0020, 0x0020, 0x0020, 0x0020, 0x0020,
  0x0020, 0x0020, 0x0020, 0x0020, 0x0020, 0x0020, 0x0020, 0x0020, 0x0020, 0x0020, 0x0020, 0x0020,
  0x0020, 0x0000, 0x0841, 0x10E4, 0x9B26, 0xF487, 0x8AA4, 0x2146, 0x2124, 0x39E7, 0xE6FA, 0xE6D9,
  0xE6D9, 0xE6B9, 0xE6D9, 0xE6D9, 0xE6D9, 0xE6D9, 0xE6D9, 0xE6D9, 0xE6D9, 0xE6D9, 0xE6D9, 0xE6D9,
  0xE6D9, 0xE6B9, 0xE6B8, 0xE698, 0xE6B8, 0xEEFA, 0xF73B, 0xF75B, 0xDE98, 0xB554, 0x73AE, 0x4208,
  0x2104, 0x10C3, 0x18E4, 0x2125, 0x2966, 0x31A6, 0x31A7, 0x2986, 0x2986, 0x31C7, 0x4A69, 0x41E7,
  0x2986, 0x31C8, 0x39C7, 0x49E5, 0x7244, 0xA325, 0xCBE6, 0xE467, 0xE447, 0xDC27, 0xDC47, 0xDC27,
  0xDC27, 0xD427, 0xA2C4, 0x4121, 0x10E4, 0x2945, 0x18E3, 0x1082, 0x18C3, 0x10A2, 0x18C3, 0x10C3,
  0x0882, 0x0000, 0x0020, 0x0020, 0x0020, 0x0020, 0x0020, 0x0020, 0x0020, 0x0020, 0x0020, 0x0020,
  0x0020, 0x0020, 0x0020, 0x0020, 0x0020, 0x0020, 0x0020, 0x0020, 0x0020, 0x0020, 0x0020, 0x0020,
  0x0020, 0x0020, 0x0020, 0x0020, 0x0020, 0x0020, 0x0020, 0x0020, 0x0020, 0x0020, 0x0020, 0x0020,
  0x0020, 0x0020, 0x0020, 0x0020, 0x0020, 0x0020, 0x0020, 0x0020, 0x0020, 0x0020, 0x0020, 0x0020,
  0x0020, 0x0020, 0x0020, 0x0020, 0x0020, 0x0020, 0x0020, 0x0020, 0x0020, 0x0020, 0x0020, 0x0020,
  0x0020, 0x0020, 0x0020, 0x0020, 0x0020, 0x0020, 0x0020, 0x0020, 0x0020, 0x0020, 0x0020, 0x0020,
  0x0020, 0x0020, 0x0020, 0x0020, 0x0020, 0x0020, 0x0020, 0x0020, 0x0020, 0x0020, 0x0020, 0x0020,
  0x0020, 0x0020, 0x0020, 0x0020, 0x0020, 0x0000, 0x0841, 0x10E4, 0x9B46, 0xF4A7, 0x8AA4, 0x2146,
  0x2124, 0x39E7, 0xE6FA, 0xE6B9, 0xE6D9, 0xE6D9, 0xE6D9, 0xE6D9, 0xE6D9, 0xE6D9, 0xE6D9, 0xE6D9,
  0xE6B9, 0xE6B9, 0xE6D9, 0xE6D9, 0xE6D9, 0xE6D9, 0xE6D9, 0xE6B9, 0xE6D9, 0xE6B8, 0xE6B8, 0xE6B8,
  0xE6D9, 0xF73A, 0xF75B, 0xEF1A, 0xCE16, 0x9491, 0x5ACA, 0x2986, 0x18E3, 0x10C3, 0x1904, 0x2965,
  0x31A6, 0x31C7, 0x2986, 0x31A7, 0x2966, 0x2986, 0x39E8, 0x31E8, 0x29C7, 0x31A7, 0x41C6, 0x6205,
  0xC3C6, 0xE467, 0xDC27, 0xDC47, 0xDC47, 0xD407, 0xA2C4, 0x4122, 0x1904, 0x2945, 0x18E3, 0x10A2,
  0x18C3, 0x10A2, 0x10C3, 0x10A3, 0x0882, 0x0000, 0x0020, 0x0020, 0x0020, 0x0020, 0x0020, 0x0020,
  0x0020, 0x0020, 0x0020, 0x0020, 0x0020, 0x0020, 0x0020, 0x0020, 0x0020, 0x0020, 0x0020, 0x0020,
  0x0020, 0x0020, 0x0020, 0x0020, 0x0020, 0x0020, 0x0020, 0x0020, 0x0020, 0x0020, 0x0020, 0x0020,
  0x0020, 0x0020, 0x0020, 0x0020, 0x0020, 0x0020, 0x0020, 0x0020, 0x0020, 0x0020, 0x0020, 0x0020,
  0x0020, 0x0020, 0x0020, 0x0020, 0x0020, 0x0020, 0x0020, 0x0020, 0x0020, 0x0020, 0x0020, 0x0020,
  0x0020, 0x0020, 0x0020, 0x0020, 0x0020, 0x0020, 0x0020, 0x0020, 0x0020, 0x0020, 0x0020, 0x0020,
  0x0020, 0x0020, 0x0020, 0x0020, 0x0020, 0x0020, 0x0020, 0x0020, 0x0020, 0x0020, 0x0020, 0x0020,
  0x0020, 0x0020, 0x0020, 0x0020, 0x0020, 0x0020, 0x0020, 0x0020, 0x0020, 0x0000, 0x0841, 0x10E4,
  0x7A64, 0xF4A7, 0x8AA4, 0x2146, 0x2124, 0x39E7, 0xE6FA, 0xE6B9, 0xE6D9, 0xE6B9, 0xE6D9, 0xE6B9,
  0xE6B9, 0xE6D9, 0xE6D9, 0xE6D9, 0xE6B9, 0xE6B9, 0xE6D9, 0xE6D9, 0xE6D9, 0xE6D9, 0xE6D9, 0xE6D9,
  0xE6B9, 0xE6B9, 0xE6B9, 0xE6B9, 0xE6D9, 0xE6B9, 0xE6B8, 0xE6B9, 0xEEFA, 0xF75B, 0xF75B, 0xDEB9,
  0xB574, 0x7BCE, 0x4228, 0x2124, 0x18C3, 0x18E4, 0x2145, 0x2965, 0x2966, 0x2124, 0x18E3, 0x2125,
  0x2986, 0x31A6, 0x31E8, 0x29C8, 0x4184, 0xDC27, 0xDC47, 0xDC47, 0xDC47, 0xD407, 0x9AC3, 0x4122,
  0x18E4, 0x2945, 0x18E4, 0x10A2, 0x18C3, 0x10A2, 0x10C3, 0x10A3, 0x0862, 0x0000, 0x0020, 0x0020,
  0x0020, 0x0020, 0x0020, 0x0020, 0x0020, 0x0020, 0x0020, 0x0020, 0x0020, 0x0020, 0x0020, 0x0020,
  0x0020, 0x0020, 0x0020, 0x0020, 0x0020, 0x0020, 0x0020, 0x0020, 0x0020, 0x0020, 0x0020, 0x0020,
  0x0020, 0x0020, 0x0020, 0x0020, 0x0020, 0x0020, 0x0020, 0x0020, 0x0020, 0x0020, 0x0020, 0x0020,
  0x0020, 0x0020, 0x0020, 0x0020, 0x0020, 0x0020, 0x0020, 0x0020, 0x0020, 0x0020, 0x0020, 0x0020,
  0x0020, 0x0020, 0x0020, 0x0020, 0x0020, 0x0020, 0x0020, 0x0020, 0x0020, 0x0020, 0x0020, 0x0020,
  0x0020, 0x0020, 0x0020, 0x0020, 0x0020, 0x0020, 0x0020, 0x0020, 0x0020, 0x0020, 0x0020, 0x0020,
  0x0020, 0x0020, 0x0020, 0x0020, 0x0020, 0x0020, 0x0020, 0x0020, 0x0020, 0x0020, 0x0020, 0x0020,
  0x0020, 0x0000, 0x0841, 0x1904, 0x7BCE, 0xCC07, 0x92C4, 0x2166, 0x2124, 0x39E7, 0xE6FA, 0xE6B9,
  0xE6D9, 0xE6D9, 0xE6D9, 0xE6D9, 0xE6B9, 0xE6D9, 0xE6D9, 0xE6D9, 0xE6D9, 0xE6D9, 0xE6D9, 0xE6D9,
  0xE6D9, 0xE6D9, 0xE6D9, 0xE6D9, 0xE6B9, 0xE6B9, 0xE6D9, 0xE6D9, 0xE6D9, 0xE6D9, 0xE6D9, 0xE6D9,
  0xE6B9, 0xE6B8, 0xE6B8, 0xE6D9, 0xF73A, 0xF77B, 0xEF1A, 0xCE37, 0x9C91, 0x5AEB, 0x31A6, 0x1904,
  0x0862, 0x4228, 0x5AAA, 0x2945, 0x1904, 0x18E3, 0x2145, 0x2965, 0x2146, 0x6A44, 0xEC87, 0xDC27,
  0xDC47, 0xD427, 0xA2C4, 0x4142, 0x18E4, 0x2945, 0x18E4, 0x10A2, 0x18C3, 0x10A2, 0x18C3, 0x10C3,
  0x0862, 0x0000, 0x0020, 0x0020, 0x0020, 0x0020, 0x0020, 0x0020, 0x0020, 0x0020, 0x0020, 0x0020,
  0x0020, 0x0020, 0x0020, 0x0020, 0x0020, 0x0020, 0x0020, 0x0020, 0x0020, 0x0020, 0x0020, 0x0020,
  0x0020, 0x0020, 0x0020, 0x0020, 0x0020, 0x0020, 0x0020, 0x0020, 0x0020, 0x0020, 0x0020, 0x0020,
  0x0020, 0x0020, 0x0020, 0x0020, 0x0020, 0x0020, 0x0020, 0x0020, 0x0020, 0x0020, 0x0020, 0x0020,
  0x0020, 0x0020, 0x0020, 0x0020, 0x0020, 0x0020, 0x0020, 0x0020, 0x0020, 0x0020, 0x0020, 0x0020,
  0x0020, 0x0020, 0x0020, 0x0020, 0x0020, 0x0020, 0x0020, 0x0020, 0x0020, 0x0020, 0x0020, 0x0020,
  0x0020, 0x0020, 0x0020, 0x0020, 0x0020, 0x0020, 0x0020, 0x0020, 0x0020, 0x0020, 0x0020, 0x0020,
  0x0020, 0x0020, 0x0020, 0x0020, 0x0020, 0x0000, 0x0841, 0x10A3, 0xAD54, 0xCD72, 0x7202, 0x2986,
  0x2104, 0x39E7, 0xE6FA, 0xE6B9, 0xE6D9, 0xE6D9, 0xE6D9, 0xE6D9, 0xE6D9, 0xE6D9, 0xE6D9, 0xE6D9,
  0xE6D9, 0xE6D9, 0xE6D9, 0xE6D9, 0xE6D9, 0xE6D9, 0xE6D9, 0xE6D9, 0xE6B9, 0xE6D9, 0xE6D9, 0xE6D9,
  0xE6D9, 0xE6D9, 0xE6D9, 0xE6B9, 0xE6D9, 0xE6D9, 0xE6D9, 0xE6D9, 0xE6B8, 0xE6B8, 0xE6B9, 0xEEFA,
  0xF73B, 0xF73B, 0xE6B9, 0xBD95, 0x8C50, 0xE6B9, 0xF75B, 0xDE98, 0xB554, 0x7BAE, 0x2965, 0x2125,
  0x31A6, 0x1925, 0x9B05, 0xEC67, 0xDC27, 0xD427, 0xA2C4, 0x4121, 0x10E4, 0x2945, 0x18E3, 0x1082,
  0x18C3, 0x10A2, 0x18C3, 0x10A3, 0x0862, 0x0000, 0x0020, 0x0020, 0x0020, 0x0020, 0x0020, 0x0020,
  0x0020, 0x0020, 0x0020, 0x0020, 0x0020, 0x0020, 0x0020, 0x0020, 0x0020, 0x0020, 0x0020, 0x0020,
  0x0020, 0x0020, 0x0020, 0x0020, 0x0020, 0x0020, 0x0020, 0x0020, 0x0020, 0x0020, 0x0020, 0x0020,
  0x0020, 0x0020, 0x0020, 0x0020, 0x0020, 0x0020, 0x0020, 0x0020, 0x0020, 0x0020, 0x0020, 0x0020,
  0x0020, 0x0020, 0x0020, 0x0020, 0x0020, 0x0020, 0x0020, 0x0020, 0x0020, 0x0020, 0x0020, 0x0020,
  0x0020, 0x0020, 0x0020, 0x0020, 0x0020, 0x0020, 0x0020, 0x0020, 0x0020, 0x0020, 0x0020, 0x0020,
  0x0020, 0x0020, 0x0020, 0x0020, 0x0020, 0x0020, 0x0020, 0x0020, 0x0020, 0x0020, 0x0020, 0x0020,
  0x0020, 0x0020, 0x0020, 0x0020, 0x0020, 0x0020, 0x0020, 0x0020, 0x0020, 0x0000, 0x0841, 0x10C3,
  0xA4D2, 0xFF7B, 0x734B, 0x2945, 0x2124, 0x39E7, 0xE6FA, 0xE6B9, 0xE6D9, 0xE6D9, 0xE6D9, 0xE6D9,
  0xE6D9, 0xE6D9, 0xE6D9, 0xE6D9, 0xE6D9, 0xE6D9, 0xE6D9, 0xE6D9, 0xE6D9, 0xE6D9, 0xE6D9, 0xE6D9,
  0xE6B9, 0xE6D9, 0xE6D9, 0xE6D9, 0xE6D9, 0xE6D9, 0xE6D9, 0xE6D9, 0xE6D9, 0xE6D9, 0xE6D9, 0xE6D9,
  0xE6B9, 0xE6D9, 0xE6D9, 0xE6B9, 0xE6B8, 0xE698, 0xE6D9, 0xF71A, 0xF75B, 0xE6D9, 0xE6B8, 0xEED9,
  0xEF1A, 0xFF9C, 0xBD74, 0x2104, 0x2945, 0x2986, 0x2944, 0xBBA5, 0xE447, 0xD427, 0xA2C4, 0x4121,
  0x18E4, 0x2945, 0x18E3, 0x1082, 0x18C3, 0x10A2, 0x18C3, 0x10A3, 0x0862, 0x0000, 0x0020, 0x0020,
  0x0020, 0x0020, 0x0020, 0x0020, 0x0020, 0x0020, 0x0020, 0x0020, 0x0020, 0x0020, 0x0020, 0x0020,
  0x0020, 0x0020, 0x0020, 0x0020, 0x0020, 0x0020, 0x0020, 0x0020, 0x0020, 0x0020, 0x0020, 0x0020,
  0x0020, 0x0020, 0x0020, 0x0020, 0x0020, 0x0020, 0x0020, 0x0020, 0x0020, 0x0020, 0x0020, 0x0020,
  0x0020, 0x0020, 0x0020, 0x0020, 0x0020, 0x0020, 0x0020, 0x0020, 0x0020, 0x0020, 0x0020, 0x0020,
  0x0020, 0x0020, 0x0020, 0x0020, 0x0020, 0x0020, 0x0020, 0x0020, 0x0020, 0x0020, 0x0020, 0x0020,
  0x0020, 0x0020, 0x0020, 0x0020, 0x0020, 0x0020, 0x0020, 0x0020, 0x0020, 0x0020, 0x0020, 0x0020,
  0x0020, 0x0020, 0x0020, 0x0020, 0x0020, 0x0020, 0x0020, 0x0020, 0x0020, 0x0020, 0x0020, 0x0020,
  0x0020, 0x0000, 0x0841, 0x10C3, 0xA4F2, 0xFF7B, 0x9490, 0x2145, 0x2124, 0x39E7, 0xE6FA, 0xE6B9,
  0xE6D9, 0xE6D9, 0xE6D9, 0xE6D9, 0xE6D9, 0xE6D9, 0xE6D9, 0xE6D9, 0xE6D9, 0xE6D9, 0xE6D9, 0xE6D9,
  0xE6D9, 0xE6D9, 0xE6D9, 0xE6D9, 0xE6D9, 0xE6D9, 0xE6D9, 0xE6D9, 0xE6D9, 0xE6D9, 0xE6D9, 0xE6D9,
  0xE6D9, 0xE6D9, 0xE6D9, 0xE6B9, 0xE6B9, 0xE6D9, 0xE6D9, 0xE6D9, 0xE6D9, 0xE6D9, 0xE6B9, 0xE6B8,
  0xE6B8, 0xE6B9, 0xE6D9, 0xE6B9, 0xE6B8, 0xDE98, 0xF73B, 0x8C0E, 0x18E4, 0x3186, 0x1905, 0x6A24,
  0xEC87, 0xCC07, 0xA2E4, 0x4121, 0x10E4, 0x2945, 0x18E3, 0x1082, 0x18C3, 0x10A2, 0x18C3, 0x10A3,
  0x0862, 0x0000, 0x0020, 0x0020, 0x0020, 0x0020, 0x0020, 0x0020, 0x0020, 0x0020, 0x0020, 0x0020,
  0x0020, 0x0020, 0x0020, 0x0020, 0x0020, 0x0020, 0x0020, 0x0020, 0x0020, 0x0020, 0x0020, 0x0020,
  0x0020, 0x0020, 0x0020, 0x0020, 0x0020, 0x0020, 0x0020, 0x0020, 0x0020, 0x0020, 0x0020, 0x0020,
  0x0020, 0x0020, 0x0020, 0x0020, 0x0020, 0x0020, 0x0020, 0x0020, 0x0020, 0x0020, 0x0020, 0x0020,
  0x0020, 0x0020, 0x0020, 0x0020, 0x0020, 0x0020, 0x0020, 0x0020, 0x0020, 0x0020, 0x0020, 0x0020,
  0x0020, 0x0020, 0x0020, 0x0020, 0x0020, 0x0020, 0x0020, 0x0020, 0x0020, 0x0020, 0x0020, 0x0020,
  0x0020, 0x0020, 0x0020, 0x0020, 0x0020, 0x0020, 0x0020, 0x0020, 0x0020, 0x0020, 0x0020, 0x0020,
  0x0020, 0x0020, 0x0020, 0x0020, 0x0020, 0x0000, 0x0841, 0x10C3, 0xA4F2, 0xFF7B, 0x942F, 0x2145,
  0x2124, 0x39E7, 0xE6FA, 0xE6B9, 0xE6D9, 0xE6D9, 0xE6D9, 0xE6D9, 0xE6D9, 0xE6D9, 0xE6D9, 0xE6D9,
  0xE6D9, 0xE6D9, 0xE6D9, 0xE6D9, 0xE6D9, 0xE6D9, 0xE6B9, 0xE6D9, 0xE6D9, 0xE6D9, 0xE6D9, 0xE6D9,
  0xE6D9, 0xE6D9, 0xE6D9, 0xE6D9, 0xE6D9, 0xE6D9, 0xE6D9, 0xE6B9, 0xE6D9, 0xE6D9, 0xE6D9, 0xE6D9,
  0xE6D9, 0xE6D9, 0xE6D9, 0xE6D9, 0xE6D9, 0xE6D9, 0xE6D9, 0xE6D9, 0xE6D9, 0xE6B9, 0xE6D9, 0xDE77,
  0x39C6, 0x2965, 0x10E4, 0x6204, 0xEC87, 0xCC07, 0xA2E4, 0x4121, 0x18E4, 0x2945, 0x18E3, 0x1082,
  0x18C3, 0x10A2, 0x18C3, 0x10A3, 0x0862, 0x0000, 0x0020, 0x0020, 0x0020, 0x0020, 0x0020, 0x0020,
  0x0020, 0x0020, 0x0020, 0x0020, 0x0020, 0x0020, 0x0020, 0x0020, 0x0020, 0x0020, 0x0020, 0x0020,
  0x0020, 0x0020, 0x0020, 0x0020, 0x0020, 0x0020, 0x0020, 0x0020, 0x0020, 0x0020, 0x0020, 0x0020,
  0x0020, 0x0020, 0x0020, 0x0020, 0x0020, 0x0020, 0x0020, 0x0020, 0x0020, 0x0020, 0x0020, 0x0020,
  0x0020, 0x0020, 0x0020, 0x0020, 0x0020, 0x0020, 0x0020, 0x0020, 0x0020, 0x0020, 0x0020, 0x0020,
  0x0020, 0x0020, 0x0020, 0x0020, 0x0020, 0x0020, 0x0020, 0x0020, 0x0020, 0x0020, 0x0020, 0x0020,
  0x0020, 0x0020, 0x0020, 0x0020, 0x0020, 0x0020, 0x0020, 0x0020, 0x0020, 0x0020, 0x0020, 0x0020,
  0x0020, 0x0020, 0x0020, 0x0020, 0x0020, 0x0020, 0x0020, 0x0020, 0x0020, 0x0000, 0x0861, 0x10C3,
  0xA4F2, 0xFF7B, 0x9450, 0x2125, 0x2124, 0x39E7, 0xE6FA, 0xE6B9, 0xE6B9, 0xE6D9, 0xE6D9, 0xE6D9,
  0xE6D9, 0xE6D9, 0xE6B9, 0xE6B9, 0xE6D9, 0xE6D9, 0xE6D9, 0xE6D9, 0xE6D9, 0xE6D9, 0xE6B9, 0xE6D9,
  0xE6D9, 0xE6D9, 0xE6D9, 0xE6D9, 0xE6D9, 0xE6D9, 0xE6D9, 0xE6D9, 0xE6D9, 0xE6D9, 0xE6B9, 0xE6D9,
  0xE6D9, 0xE6D9, 0xE6D9, 0xE6D9, 0xE6D9, 0xE6D9, 0xE6D9, 0xE6D9, 0xE6D9, 0xE6D9, 0xE6D9, 0xE6D9,
  0xE6D9, 0xE6B9, 0xE6D9, 0xD636, 0x41E7, 0x2965, 0x10E4, 0x6A24, 0xEC87, 0xCC07, 0xA2C4, 0x4121,
  0x18E4, 0x2945, 0x18E3, 0x1082, 0x18C3, 0x10A2, 0x18C3, 0x10A3, 0x0862, 0x0000, 0x0020, 0x0020,
  0x0020, 0x0020, 0x0020, 0x0020, 0x0020, 0x0020, 0x0020, 0x0020, 0x0020, 0x0020, 0x0020, 0x0020,
  0x0020, 0x0020, 0x0020, 0x0020, 0x0020, 0x0020, 0x0020, 0x0020, 0x0020, 0x0020, 0x0020, 0x0020,
  0x0020, 0x0020, 0x0020, 0x0020, 0x0020, 0x0020, 0x0020, 0x0020, 0x0020, 0x0020, 0x0020, 0x0020,
  0x0020, 0x0020, 0x0020, 0x0020, 0x0020, 0x0020, 0x0020, 0x0020, 0x0020, 0x0020, 0x0020, 0x0020,
  0x0020, 0x0020, 0x0020, 0x0020, 0x0020, 0x0020, 0x0020, 0x0020, 0x0020, 0x0020, 0x0020, 0x0020,
  0x0020, 0x0020, 0x0020, 0x0020, 0x0020, 0x0020, 0x0020, 0x0020, 0x0020, 0x0020, 0x0020, 0x0020,
  0x0020, 0x0020, 0x0020, 0x0020, 0x0020, 0x0020, 0x0020, 0x0020, 0x0020, 0x0020, 0x0020, 0x0020,
  0x0020, 0x0000, 0x0861, 0x18E3, 0xA4F2, 0xFF7B, 0x9450, 0x2125, 0x2124, 0x39E7, 0xE6FA, 0xE6B9,
  0xE6D9, 0xE6D9, 0xE6D9, 0xE6D9, 0xE6D9, 0xE6D9, 0xE6D9, 0xE6D9, 0xE6D9, 0xE6D9, 0xE6D9, 0xE6D9,
  0xE6D9, 0xE6D9, 0xE6D9, 0xE6D9, 0xE6D9, 0xE6D9, 0xE6D9, 0xE6D9, 0xE6D9, 0xE6D9, 0xE6D9, 0xE6D9,
  0xE6D9, 0xE6D9, 0xE6D9, 0xE6D9, 0xE6D9, 0xE6D9, 0xE6D9, 0xE6D9, 0xE6D9, 0xE6D9, 0xE6D9, 0xE6D9,
  0xE6D9, 0xE6D9, 0xE6D9, 0xE6D9, 0xE6D9, 0xE6B9, 0xEEF9, 0xD636, 0x39E7, 0x2966, 0x10E4, 0x6A24,
  0xEC87, 0xCC07, 0xA2C4, 0x4121, 0x18E4, 0x2945, 0x18E3, 0x1082, 0x18C3, 0x10A2, 0x18C3, 0x10A3,
  0x0862, 0x0000, 0x0020, 0x0020, 0x0020, 0x0020, 0x0020, 0x0020, 0x0020, 0x0020, 0x0020, 0x0020,
  0x0020, 0x0020, 0x0020, 0x0020, 0x0020, 0x0020, 0x0020, 0x0020, 0x0020, 0x0020, 0x0020, 0x0020,
  0x0020, 0x0020, 0x0020, 0x0020, 0x0020, 0x0020, 0x0020, 0x0020, 0x0020, 0x0020, 0x0020, 0x0020,
  0x0020, 0x0020, 0x0020, 0x0020, 0x0020, 0x0020, 0x0020, 0x0020, 0x0020, 0x0020, 0x0020, 0x0020,
  0x0020, 0x0020, 0x0020, 0x0020, 0x0020, 0x0020, 0x0020, 0x0020, 0x0020, 0x0020, 0x0020, 0x0020,
  0x0020, 0x0020, 0x0020, 0x0020, 0x0020, 0x0020, 0x0020, 0x0020, 0x0020, 0x0020, 0x0020, 0x0020,
  0x0020, 0x0020, 0x0020, 0x0020, 0x0020, 0x0020, 0x0020, 0x0020, 0x0020, 0x0020, 0x0020, 0x0020,
  0x0020, 0x0020, 0x0020, 0x0020, 0x0020, 0x0000, 0x0861, 0x18E4, 0xA4F2, 0xFF7B, 0x9450, 0x2125,
  0x2124, 0x39E7, 0xE6FA, 0xE6B9, 0xE6D9, 0xE6B9, 0xE6B9, 0xE6D9, 0xE6D9, 0xE6D9, 0xE6D9, 0xE6D9,
  0xE6D9, 0xE6D9, 0xE6D9, 0xE6D9, 0xE6D9, 0xE6D9, 0xE6D9, 0xE6D9, 0xE6D9, 0xE6B9, 0xE6D9, 0xE6D9,
  0xE6B9, 0xE6D9, 0xE6D9, 0xE6D9, 0xE6B9, 0xE6D9, 0xE6D9, 0xE6D9, 0xE6D9, 0xE6D9, 0xE6D9, 0xE6D9,
  0xE6D9, 0xE6D9, 0xE6D9, 0xE6D9, 0xE6D9, 0xE6D9, 0xE6D9, 0xE6D9, 0xE6D9, 0xE6B9, 0xEEF9, 0xD636,
  0x41E7, 0x2965, 0x10E4, 0x6A04, 0xEC87, 0xCC07, 0x9AC4, 0x4142, 0x18E4, 0x2945, 0x18E4, 0x1082,
  0x18C3, 0x10A2, 0x10C3, 0x10A3, 0x0862, 0x0000, 0x0020, 0x0020, 0x0020, 0x0020, 0x0020, 0x0020,
  0x0020, 0x0020, 0x0020, 0x0020, 0x0020, 0x0020, 0x0020, 0x0020, 0x0020, 0x0020, 0x0020, 0x0020,
  0x0020, 0x0020, 0x0020, 0x0020, 0x0020, 0x0020, 0x0020, 0x0020, 0x0020, 0x0020, 0x0020, 0x0020,
  0x0020, 0x0020, 0x0020, 0x0020, 0x0020, 0x0020, 0x0020, 0x0020, 0x0020, 0x0020, 0x0020, 0x0020,
  0x0020, 0x0020, 0x0020, 0x0020, 0x0020, 0x0020, 0x0020, 0x0020, 0x0020, 0x0020, 0x0020, 0x0020,
  0x0020, 0x0020, 0x0020, 0x0020, 0x0020, 0x0020, 0x0020, 0x0020, 0x0020, 0x0020, 0x0020, 0x0020,
  0x0020, 0x0020, 0x0020, 0x0020, 0x0020, 0x0020, 0x0020, 0x0020, 0x0020, 0x0020, 0x0020, 0x0020,
  0x0020, 0x0020, 0x0020, 0x0020, 0x0020, 0x0020, 0x0020, 0x0020, 0x0020, 0x0000, 0x0861, 0x18E4,
  0xA4F2, 0xFF7B, 0x9450, 0x2145, 0x2124, 0x39E7, 0xE6FA, 0xE6D9, 0xE6D9, 0xE6B9, 0xE6D9, 0xE6D9,
  0xE6D9, 0xE6D9, 0xE6D9, 0xE6D9, 0xE6D9, 0xE6D9, 0xE6D9, 0xE6D9, 0xE6D9, 0xE6D9, 0xE6D9, 0xE6D9,
  0xE6D9, 0xE6D9, 0xE6D9, 0xE6D9, 0xE6D9, 0xE6D9, 0xE6D9, 0xE6D9, 0xE6D9, 0xE6D9, 0xE6D9, 0xE6D9,
  0xE6D9, 0xE6D9, 0xE6D9, 0xE6D9, 0xE6D9, 0xE6D9, 0xE6D9, 0xE6D9, 0xE6D9, 0xE6D9, 0xE6D9, 0xE6D9,
  0xE6D9, 0xE6B9, 0xEEF9, 0xD657, 0x41E7, 0x2965, 0x10E4, 0x6A24, 0xEC87, 0xCC07, 0xA2C4, 0x4142,
  0x1904, 0x2965, 0x18E4, 0x1082, 0x18C3, 0x10A2, 0x10C3, 0x10A3, 0x0862, 0x0000, 0x0020, 0x0020,
  0x0020, 0x0020, 0x0020, 0x0020, 0x0020, 0x0020, 0x0020, 0x0020, 0x0020, 0x0020, 0x0020, 0x0020,
  0x0020, 0x0020, 0x0020, 0x0020, 0x0020, 0x0020, 0x0020, 0x0020, 0x0020, 0x0020, 0x0020, 0x0020,
  0x0020, 0x0020, 0x0020, 0x0020, 0x0020, 0x0020, 0x0020, 0x0020, 0x0020, 0x0020, 0x0020, 0x0020,
  0x0020, 0x0020, 0x0020, 0x0020, 0x0020, 0x0020, 0x0020, 0x0020, 0x0020, 0x0020, 0x0020, 0x0020,
  0x0020, 0x0020, 0x0020, 0x0020, 0x0020, 0x0020, 0x0020, 0x0020, 0x0020, 0x0020, 0x0020, 0x0020,
  0x0020, 0x0020, 0x0020, 0x0020, 0x0020, 0x0020, 0x0020, 0x0020, 0x0020, 0x0020, 0x0020, 0x0020,
  0x0020, 0x0020, 0x0020, 0x0020, 0x0020, 0x0020, 0x0020, 0x0020, 0x0020, 0x0020, 0x0020, 0x0020,
  0x0021, 0x0000, 0x0041, 0x18E4, 0xA4D2, 0xFF7B, 0x944F, 0x2145, 0x2125, 0x39E7, 0xE6FA, 0xE6B9,
  0xE6B9, 0xE6D9, 0xE6D9, 0xE6B9, 0xE6D9, 0xE6D9, 0xE6D9, 0xE6D9, 0xE6D9, 0xE6D9, 0xE6D9, 0xE6D9,
  0xE6D9, 0xE6D9, 0xE6D9, 0xE6D9, 0xE6D9, 0xE6D9, 0xE6D9, 0xE6D9, 0xE6D9, 0xE6D9, 0xE6B9, 0xE6D9,
  0xE6D9, 0xE6B9, 0xE6D9, 0xE6D9, 0xE6D9, 0xE6B9, 0xE6D9, 0xE6D9, 0xE6D9, 0xE6D9, 0xE6D9, 0xE6D9,
  0xE6D9, 0xE6D9, 0xE6D9, 0xE6D9, 0xE6D9, 0xE6B9, 0xEEF9, 0xD657, 0x41E7, 0x2965, 0x10E4, 0x6A24,
  0xEC87, 0xCC07, 0xA2C4, 0x4122, 0x1904, 0x2965, 0x18E4, 0x1082, 0x18C3, 0x10A2, 0x18C3, 0x10A3,
  0x0862, 0x0000, 0x0020, 0x0020, 0x0020, 0x0020, 0x0020, 0x0020, 0x0020, 0x0020, 0x0020, 0x0020,
  0x0020, 0x0020, 0x0020, 0x0020, 0x0020, 0x0020, 0x0020, 0x0020, 0x0020, 0x0020, 0x0020, 0x0020,
  0x0020, 0x0020, 0x0020, 0x0020, 0x0020, 0x0020, 0x0020, 0x0020, 0x0020, 0x0020, 0x0020, 0x0020,
  0x0020, 0x0020, 0x0020, 0x0020, 0x0020, 0x0020, 0x0020, 0x0020, 0x0020, 0x0020, 0x0020, 0x0020,
  0x0020, 0x0020, 0x0020, 0x0020, 0x0020, 0x0020, 0x0020, 0x0020, 0x0020, 0x0020, 0x0020, 0x0020,
  0x0020, 0x0020, 0x0020, 0x0020, 0x0020, 0x0020, 0x0020, 0x0020, 0x0020, 0x0020, 0x0020, 0x0020,
  0x0020, 0x0020, 0x0020, 0x0020, 0x0020, 0x0020, 0x0020, 0x0020, 0x0020, 0x0020, 0x0020, 0x0020,
  0x0020, 0x0020, 0x0020, 0x0020, 0x0000, 0x18C2, 0x2103, 0x10C3, 0xA4F2, 0xFF7B, 0x944F, 0x2145,
  0x2125, 0x39E7, 0xE6FA, 0xE6B8, 0xE6D9, 0xE6D9, 0xE6D9, 0xE6D9, 0xE6D9, 0xE6D9, 0xE6D9, 0xE6D9,
  0xE6B9, 0xE6D9, 0xE6D9, 0xE6D9, 0xE6D9, 0xE6D9, 0xE6D9, 0xE6D9, 0xE6D9, 0xE6D9, 0xE6D9, 0xE6D9,
  0xE6D9, 0xE6D9, 0xE6D9, 0xE6D9, 0xE6B9, 0xE6D9, 0xE6D9, 0xE6D9, 0xE6D9, 0xE6D9, 0xE6D9, 0xE6D9,
  0xE6D9, 0xE6D9, 0xE6D9, 0xE6D9, 0xE6D9, 0xE6D9, 0xE6D9, 0xE6D9, 0xE6D9, 0xE6D9, 0xEEFA, 0xD637,
  0x39E7, 0x2965, 0x10E4, 0x6A24, 0xEC87, 0xCBE7, 0x9AC4, 0x4142, 0x1904, 0x2945, 0x18E3, 0x1082,
  0x18C3, 0x10A2, 0x18C3, 0x10A3, 0x0862, 0x0000, 0x0020, 0x0020, 0x0020, 0x0020, 0x0020, 0x0020,
  0x0020, 0x0020, 0x0020, 0x0020, 0x0020, 0x0020, 0x0020, 0x0020, 0x0020, 0x0020, 0x0020, 0x0020,
  0x0020, 0x0020, 0x0020, 0x0020, 0x0020, 0x0020, 0x0020, 0x0020, 0x0020, 0x0020, 0x0020, 0x0020,
  0x0020, 0x0020, 0x0020, 0x0020, 0x0020, 0x0020, 0x0020, 0x0020, 0x0020, 0x0020, 0x0020, 0x0020,
  0x0020, 0x0020, 0x0020, 0x0020, 0x0020, 0x0020, 0x0020, 0x0020, 0x0020, 0x0020, 0x0020, 0x0020,
  0x0020, 0x0020, 0x0020, 0x0020, 0x0020, 0x0020, 0x0020, 0x0020, 0x0020, 0x0020, 0x0020, 0x0020,
  0x0020, 0x0020, 0x0020, 0x0020, 0x0020, 0x0020, 0x0020, 0x0020, 0x0020, 0x0020, 0x0020, 0x0020,
  0x0020, 0x0020, 0x0020, 0x0020, 0x0020, 0x0021, 0x0000, 0x0000, 0x5205, 0xE54C, 0x5205, 0x08A3,
  0xA4F2, 0xFF7B, 0x9450, 0x2145, 0x2125, 0x39E7, 0xE6FA, 0xE6B9, 0xE6B9, 0xE6D9, 0xE6D9, 0xE6D9,
  0xE6B9, 0xE6D9, 0xE6D9, 0xE6B9, 0xE6D9, 0xE6D9, 0xE6B9, 0xE6D9, 0xE6D9, 0xE6D9, 0xE6D9, 0xE6D9,
  0xE6D9, 0xE6D9, 0xE6D9, 0xE6D9, 0xE6D9, 0xE6D9, 0xE6D9, 0xE6D9, 0xE6D9, 0xE6D9, 0xE6D9, 0xE6B9,
  0xE6D9, 0xE6D9, 0xE6D9, 0xE6D9, 0xE6D9, 0xE6D9, 0xE6D9, 0xE6D9, 0xE6D9, 0xE6D9, 0xE6D9, 0xE6B9,
  0xE6D9, 0xE6D9, 0xEEF9, 0xD637, 0x39C6, 0x2966, 0x1104, 0x6A04, 0xEC67, 0xCC27, 0x9A83, 0x30E1,
  0x1905, 0x2945, 0x18E3, 0x1082, 0x18C3, 0x10A2, 0x18C3, 0x10A3, 0x0862, 0x0000, 0x0020, 0x0020,
  0x0020, 0x0020, 0x0020, 0x0020, 0x0020, 0x0020, 0x0020, 0x0020, 0x0020, 0x0020, 0x0020, 0x0020,
  0x0020, 0x0020, 0x0020, 0x0020, 0x0020, 0x0020, 0x0020, 0x0020, 0x0020, 0x0020, 0x0020, 0x0020,
  0x0020, 0x0020, 0x0020, 0x0020, 0x0020, 0x0020, 0x0020, 0x0020, 0x0020, 0x0020, 0x0020, 0x0020,
  0x0020, 0x0020, 0x0020, 0x0020, 0x0020, 0x0020, 0x0020, 0x0020, 0x0020, 0x0020, 0x0020, 0x0020,
  0x0020, 0x0020, 0x0020, 0x0020, 0x0020, 0x0020, 0x0020, 0x0020, 0x0020, 0x0020, 0x0020, 0x0020,
  0x0020, 0x0020, 0x0020, 0x0020, 0x0020, 0x0020, 0x0020, 0x0020, 0x0020, 0x0020, 0x0020, 0x0020,
  0x0020, 0x0020, 0x0020, 0x0020, 0x0020, 0x0020, 0x0020, 0x0020, 0x0020, 0x0000, 0x1081, 0x9BA9,
  0xFD4B, 0xFCC9, 0x41A4, 0x10C4, 0xA4F2, 0xFF7B, 0x9450, 0x2145, 0x2124, 0x39E7, 0xE6FA, 0xE6B8,
  0xE6D9, 0xE6D9, 0xE6D9, 0xE6D9, 0xE6D9, 0xE6D9, 0xE6D9, 0xE6B9, 0xE6D9, 0xE6D9, 0xE6D9, 0xE6D9,
  0xE6D9, 0xE6D9, 0xE6D9, 0xE6D9, 0xE6D9, 0xE6D9, 0xE6D9, 0xE6D9, 0xE6D9, 0xE6D9, 0xE6B9, 0xE6B9,
  0xE6D9, 0xE6D9, 0xE6D9, 0xE6D9, 0xE6D9, 0xE6D9, 0xE6D9, 0xE6D9, 0xE6D9, 0xE6D9, 0xE6D9, 0xE6D9,
  0xE6D9, 0xE6D9, 0xE6D9, 0xE6B9, 0xE6D9, 0xE6D9, 0xEEF9, 0xD637, 0x39C7, 0x2966, 0x1104, 0x6A24,
  0xEC87, 0xC385, 0x7A85, 0x2944, 0x18E4, 0x2965, 0x18E4, 0x1082, 0x18C3, 0x10A2, 0x18C3, 0x10C3,
  0x0882, 0x0000, 0x0020, 0x0020, 0x0020, 0x0020, 0x0020, 0x0020, 0x0020, 0x0020, 0x0020, 0x0020,
  0x0020, 0x0020, 0x0020, 0x0020, 0x0020, 0x0020, 0x0020, 0x0020, 0x0020, 0x0020, 0x0020, 0x0020,
  0x0020, 0x0020, 0x0020, 0x0020, 0x0020, 0x0020, 0x0020, 0x0020, 0x0020, 0x0020, 0x0020, 0x0020,
  0x0020, 0x0020, 0x0020, 0x0020, 0x0020, 0x0020, 0x0020, 0x0020, 0x0020, 0x0020, 0x0020, 0x0020,
  0x0020, 0x0020, 0x0020, 0x0020, 0x0020, 0x0020, 0x0020, 0x0020, 0x0020, 0x0020, 0x0020, 0x0020,
  0x0020, 0x0020, 0x0020, 0x0020, 0x0020, 0x0020, 0x0020, 0x0020, 0x0020, 0x0020, 0x0020, 0x0020,
  0x0020, 0x0020, 0x0020, 0x0020, 0x0020, 0x0020, 0x0020, 0x0020, 0x0020, 0x0020, 0x0020, 0x0020,
  0x0000, 0x5205, 0xE50B, 0xFD6B, 0xF4A9, 0xFD0A, 0x49C4, 0x08A3, 0xA4F2, 0xFF7B, 0x9450, 0x2145,
  0x2124, 0x39E7, 0xE6FA, 0xE6B8, 0xE6D9, 0xE6D9, 0xE6D9, 0xE6D9, 0xE6D9, 0xE6D9, 0xE6D9, 0xE6D9,
  0xE6D9, 0xE6D9, 0xE6D9, 0xE6B9, 0xE6D9, 0xE6D9, 0xE6D9, 0xE6D9, 0xE6D9, 0xE6D9, 0xE6D9, 0xE6B9,
  0xE6D9, 0xE6D9, 0xE6B9, 0xE6D9, 0xE6D9, 0xE6D9, 0xE6D9, 0xE6D9, 0xE6D9, 0xE6D9, 0xE6D9, 0xE6D9,
  0xE6D9, 0xE6D9, 0xE6D9, 0xE6B9, 0xE6D9, 0xE6D9, 0xE6B9, 0xE6B9, 0xE6B9, 0xE6B9, 0xEEF9, 0xD637,
  0x39E7, 0x2966, 0x10E4, 0x7265, 0xD3C5, 0x7AC7, 0xA4F2, 0x4A27, 0x10C3, 0x2965, 0x18E3, 0x1082,
  0x18C3, 0x10A2, 0x18C3, 0x10A3, 0x0882, 0x0000, 0x0020, 0x0020, 0x0020, 0x0020, 0x0020, 0x0020,
  0x0020, 0x0020, 0x0020, 0x0020, 0x0020, 0x0020, 0x0020, 0x0020, 0x0020, 0x0020, 0x0020, 0x0020,
  0x0020, 0x0020, 0x0020, 0x0020, 0x0020, 0x0020, 0x0020, 0x0020, 0x0020, 0x0020, 0x0020, 0x0020,
  0x0020, 0x0020, 0x0020, 0x0020, 0x0020, 0x0020, 0x0020, 0x0020, 0x0020, 0x0020, 0x0020, 0x0020,
  0x0020, 0x0020, 0x0020, 0x0020, 0x0020, 0x0020, 0x0020, 0x0020, 0x0020, 0x0020, 0x0020, 0x0020,
  0x0020, 0x0020, 0x0020, 0x0020, 0x0020, 0x0020, 0x0020, 0x0020, 0x0020, 0x0020, 0x0020, 0x0020,
  0x0020, 0x0020, 0x0020, 0x0020, 0x0020, 0x0020, 0x0020, 0x0020, 0x0020, 0x0020, 0x0020, 0x0020,
  0x0020, 0x0020, 0x0020, 0x0000, 0x6286, 0xE54C, 0xECC9, 0xECC9, 0xFD2A, 0xE4AA, 0x3923, 0x10C3,
  0xA4F2, 0xFF7B, 0x9450, 0x2125, 0x2125, 0x39E7, 0xE6FA, 0xE6B8, 0xE6D9, 0xE6D9, 0xE6D9, 0xE6D9,
  0xE6D9, 0xE6D9, 0xE6D9, 0xE6D9, 0xE6B9, 0xE6D9, 0xE6D9, 0xE6D9, 0xE6B9, 0xE6B9, 0xE6D9, 0xE6B9,
  0xE6D9, 0xE6D9, 0xE6D9, 0xE6D9, 0xE6D9, 0xE6B9, 0xE6B9, 0xE6D9, 0xE6D9, 0xE6D9, 0xE6D9, 0xE6D9,
  0xE6D9, 0xE6D9, 0xE6D9, 0xE6D9, 0xE6D9, 0xE6D9, 0xE6D9, 0xE6D9, 0xE6D9, 0xE6B9, 0xE6B9, 0xE6D9,
  0xE6B9, 0xE6B9, 0xEEF9, 0xD636, 0x39E7, 0x2966, 0x1905, 0x4121, 0xA3EC, 0xD679, 0xA4B0, 0x39C6,
  0x18E4, 0x2965, 0x18E4, 0x1082, 0x18C3, 0x10A2, 0x18C3, 0x10A3, 0x0882, 0x0000, 0x0020, 0x0020,
  0x0020, 0x0020, 0x0020, 0x0020, 0x0020, 0x0020, 0x0020, 0x0020, 0x0020, 0x0020, 0x0020, 0x0020,
  0x0020, 0x0020, 0x0020, 0x0020, 0x0020, 0x0020, 0x0020, 0x0020, 0x0020, 0x0020, 0x0020, 0x0020,
  0x0020, 0x0020, 0x0020, 0x0020, 0x0020, 0x0020, 0x0020, 0x0020, 0x0020, 0x0020, 0x0020, 0x0020,
  0x0020, 0x0020, 0x0020, 0x0020, 0x0020, 0x0020, 0x0020, 0x0020, 0x0020, 0x0020, 0x0020, 0x0020,
  0x0020, 0x0020, 0x0020, 0x0020, 0x0020, 0x0020, 0x0020, 0x0020, 0x0020, 0x0020, 0x0020, 0x0020,
  0x0020, 0x0020, 0x0020, 0x0020, 0x0020, 0x0020, 0x0020, 0x0020, 0x0020, 0x0020, 0x0020, 0x0020,
  0x0020, 0x0020, 0x0020, 0x0020, 0x0020, 0x0020, 0x0000, 0x0020, 0xD4CB, 0xF50A, 0xDCEB, 0xD4CB,
  0xB386, 0x5962, 0x18C2, 0x18E4, 0xA4D2, 0xFF7B, 0x9450, 0x2125, 0x2124, 0x39E7, 0xE6D9, 0xE6D9,
  0xE6B9, 0xE6D9, 0xE6D9, 0xE6D9, 0xE6D9, 0xE6D9, 0xE6D9, 0xE6D9, 0xE6B9, 0xE6B9, 0xE6D9, 0xE6D9,
  0xE6B9, 0xE6B9, 0xE6D9, 0xE6D9, 0xE6D9, 0xE6D9, 0xE6D9, 0xE6D9, 0xE6B9, 0xE6B9, 0xE6D9, 0xE6D9,
  0xE6D9, 0xE6D9, 0xE6D9, 0xE6D9, 0xE6D9, 0xE6B9, 0xE6D9, 0xE6D9, 0xE6D9, 0xE6D9, 0xE6D9, 0xE6D9,
  0xE6D9, 0xE6B9, 0xE6B9, 0xE6D9, 0xE6B9, 0xE6B9, 0xEEF9, 0xD636, 0x39E7, 0x2986, 0x18E4, 0x4A49,
  0xEF1A, 0xDE98, 0xA4D1, 0x39C6, 0x18E4, 0x2965, 0x18E3, 0x10A2, 0x18C3, 0x10A2, 0x10C3, 0x10C3,
  0x1082, 0x0000, 0x0020, 0x0020, 0x0020, 0x0020, 0x0020, 0x0020, 0x0020, 0x0020, 0x0020, 0x0020,
  0x0020, 0x0020, 0x0020, 0x0020, 0x0020, 0x0020, 0x0020, 0x0020, 0x0020, 0x0020, 0x0020, 0x0020,
  0x0020, 0x0020, 0x0020, 0x0020, 0x0020, 0x0020, 0x0020, 0x0020, 0x0020, 0x0020, 0x0020, 0x0020,
  0x0020, 0x0020, 0x0020, 0x0020, 0x0020, 0x0020, 0x0020, 0x0020, 0x0020, 0x0020, 0x0020, 0x0020,
  0x0020, 0x0020, 0x0020, 0x0020, 0x0020, 0x0020, 0x0020, 0x0020, 0x0020, 0x0020, 0x0020, 0x0020,
  0x0020, 0x0020, 0x0020, 0x0020, 0x0020, 0x0020, 0x0020, 0x0020, 0x0020, 0x0020, 0x0020, 0x0020,
  0x0020, 0x0020, 0x0020, 0x0020, 0x0020, 0x0020, 0x0020, 0x0020, 0x0020, 0x0020, 0x0000, 0x2123,
  0xF4EA, 0xBB45, 0xDC48, 0xECCA, 0x5162, 0x2987, 0x18E4, 0x10C3, 0xA4D2, 0xFF7B, 0x9450, 0x2125,
  0x2124, 0x39E7, 0xE6D9, 0xE6B9, 0xE6B9, 0xE6D9, 0xE6D9, 0xE6D9, 0xE6D9, 0xE6D9, 0xE6D9, 0xE6D9,
  0xE6B9, 0xE6D9, 0xE6D9, 0xE6B9, 0xE6D9, 0xE6D9, 0xE6D9, 0xE6D9, 0xE6D9, 0xE6D9, 0xE6D9, 0xE6D9,
  0xE6D9, 0xE6D9, 0xE6B9, 0xE6D9, 0xE6D9, 0xE6D9, 0xE6D9, 0xE6B9, 0xE6B9, 0xE6D9, 0xE6D9, 0xE6D9,
  0xE6D9, 0xE6D9, 0xE6D9, 0xE6D9, 0xE6D9, 0xE6D9, 0xE6D9, 0xE6B9, 0xE6D9, 0xE6D9, 0xEEF9, 0xD636,
  0x39C7, 0x2986, 0x10C3, 0x736C, 0xF71A, 0xD657, 0xACF2, 0x41C6, 0x18E3, 0x2965, 0x18E4, 0x10A2,
  0x18E3, 0x10A2, 0x10C3, 0x10A3, 0x0882, 0x0000, 0x0020, 0x0020, 0x0020, 0x0020, 0x0020, 0x0020,
  0x0020, 0x0020, 0x0020, 0x0020, 0x0020, 0x0020, 0x0020, 0x0020, 0x0020, 0x0020, 0x0020, 0x0020,
  0x0020, 0x0020, 0x0020, 0x0020, 0x0020, 0x0020, 0x0020, 0x0020, 0x0020, 0x0020, 0x0020, 0x0020,
  0x0020, 0x0020, 0x0020, 0x0020, 0x0020, 0x0020, 0x0020, 0x0020, 0x0020, 0x0020, 0x0020, 0x0020,
  0x0020, 0x0020, 0x0020, 0x0020, 0x0020, 0x0020, 0x0020, 0x0020, 0x0020, 0x0020, 0x0020, 0x0020,
  0x0020, 0x0020, 0x0020, 0x0020, 0x0020, 0x0020, 0x0020, 0x0020, 0x0020, 0x0020, 0x0020, 0x0020,
  0x0020, 0x0020, 0x0020, 0x0020, 0x0020, 0x0020, 0x0020, 0x0020, 0x0020, 0x0020, 0x0020, 0x0020,
  0x0020, 0x0021, 0x0000, 0x6266, 0xFD4B, 0xBBA6, 0xDC47, 0xC3A6, 0x3123, 0x29A7, 0x18C3, 0x10C3,
  0xA4F2, 0xFF7B, 0x9450, 0x2125, 0x2124, 0x39E7, 0xE6F9, 0xE6B8, 0xE6D9, 0xE6D9, 0xE6D9, 0xE6D9,
  0xE6D9, 0xE6D9, 0xE6D9, 0xE6B9, 0xE6B9, 0xE6B9, 0xE6B9, 0xE6B9, 0xE6D9, 0xE6D9, 0xE6D9, 0xE6D9,
  0xE6D9, 0xE6D9, 0xE6D9, 0xE6D9, 0xE6D9, 0xE6D9, 0xE6D9, 0xE6D9, 0xE6D9, 0xE6D9, 0xE6D9, 0xE6B9,
  0xE6D9, 0xE6D9, 0xE6D9, 0xE6D9, 0xE6D9, 0xE6D9, 0xE6D9, 0xE6D9, 0xE6D9, 0xE6B9, 0xE6D9, 0xE6D9,
  0xE6D9, 0xE6D9, 0xEEF9, 0xD636, 0x39C7, 0x2986, 0x10C3, 0x6B4C, 0xF73A, 0xD657, 0xACD1, 0x39C6,
  0x18C3, 0x2965, 0x18E4, 0x10A2, 0x18E3, 0x10A2, 0x18C3, 0x10A3, 0x0862, 0x0000, 0x0020, 0x0020,
  0x0020, 0x0020, 0x0020, 0x0020, 0x0020, 0x0020, 0x0020, 0x0020, 0x0020, 0x0020, 0x0020, 0x0020,
  0x0020, 0x0020, 0x0020, 0x0020, 0x0020, 0x0020, 0x0020, 0x0020, 0x0020, 0x0020, 0x0020, 0x0020,
  0x0020, 0x0020, 0x0020, 0x0020, 0x0020, 0x0020, 0x0020, 0x0020, 0x0020, 0x0020, 0x0020, 0x0020,
  0x0020, 0x0020, 0x0020, 0x0020, 0x0020, 0x0020, 0x0020, 0x0020, 0x0020, 0x0020, 0x0020, 0x0020,
  0x0020, 0x0020, 0x0020, 0x0020, 0x0020, 0x0020, 0x0020, 0x0020, 0x0020, 0x0020, 0x0020, 0x0020,
  0x0020, 0x0020, 0x0020, 0x0020, 0x0020, 0x0020, 0x0020, 0x0020, 0x0020, 0x0020, 0x0020, 0x0020,
  0x0020, 0x0020, 0x0020, 0x0020, 0x0020, 0x0020, 0x0000, 0x9BA9, 0xFD0A, 0xECA9, 0xFD2A, 0x9B05,
  0x2945, 0x31A6, 0x10A2, 0x10C3, 0xA4D2, 0xFF7B, 0x944F, 0x2145, 0x2124, 0x39E7, 0xE6FA, 0xE6B8,
  0xE6B9, 0xE6D9, 0xE6D9, 0xE6D9, 0xE6D9, 0xE6D9, 0xE6B9, 0xE6B9, 0xE6B9, 0xE6B8, 0xE6D9, 0xE6D9,
  0xE6D9, 0xE6D9, 0xE6D9, 0xE6D9, 0xE6D9, 0xE6D9, 0xE6D9, 0xE6D9, 0xE6D9, 0xE6D9, 0xE6D9, 0xE6B9,
  0xE6D9, 0xE6D9, 0xE6B9, 0xE6B9, 0xE6D9, 0xE6D9, 0xE6D9, 0xE6B9, 0xE6B9, 0xE6B9, 0xE6D9, 0xE6D9,
  0xE6D9, 0xE6D9, 0xE6D9, 0xE6B9, 0xE6D9, 0xE6B9, 0xEEF9, 0xD636, 0x39E7, 0x2986, 0x10C3, 0x6B4C,
  0xF73A, 0xD657, 0xACD1, 0x41C6, 0x18C3, 0x2965, 0x18E4, 0x10A2, 0x18E3, 0x10A2, 0x18C3, 0x10A3,
  0x0862, 0x0000, 0x0020, 0x0020, 0x0020, 0x0020, 0x0020, 0x0020, 0x0020, 0x0020, 0x0020, 0x0020,
  0x0020, 0x0020, 0x0020, 0x0020, 0x0020, 0x0020, 0x0020, 0x0020, 0x0020, 0x0020, 0x0020, 0x0020,
  0x0020, 0x0020, 0x0020, 0x0020, 0x0020, 0x0020, 0x0020, 0x0020, 0x0020, 0x0020, 0x0020, 0x0020,
  0x0020, 0x0020, 0x0020, 0x0020, 0x0020, 0x0020, 0x0020, 0x0020, 0x0020, 0x0020, 0x0020, 0x0020,
  0x0020, 0x0020, 0x0020, 0x0020, 0x0020, 0x0020, 0x0020, 0x0020, 0x0020, 0x0020, 0x0020, 0x0020,
  0x0020, 0x0020, 0x0020, 0x0020, 0x0020, 0x0020, 0x0020, 0x0020, 0x0020, 0x0020, 0x0020, 0x0020,
  0x0020, 0x0020, 0x0020, 0x0020, 0x0020, 0x0020, 0x0020, 0x0020, 0x0020, 0x0000, 0x0041, 0xD48A,
  0xFCC9, 0xF4A9, 0xF4E9, 0x6A03, 0x29A7, 0x2966, 0x1082, 0x10A3, 0xA4D2, 0xFF7B, 0x9450, 0x2145,
  0x2125, 0x39E7, 0xE6D9, 0xE6B8, 0xE6B9, 0xE6D9, 0xE6D9, 0xE6D9, 0xE6D9, 0xE6D9, 0xE6D9, 0xE6B9,
  0xE6B9, 0xE6B9, 0xE6D9, 0xE6D9, 0xE6D9, 0xE6D9, 0xE6D9, 0xE6D9, 0xE6D9, 0xE6D9, 0xE6D9, 0xE6D9,
  0xE6D9, 0xE6B8, 0xE6D9, 0xE6D9, 0xE6D9, 0xE6D9, 0xE6D9, 0xE6D9, 0xE6D9, 0xE6B9, 0xE6B9, 0xE6D9,
  0xE6D9, 0xE6B9, 0xE6D9, 0xE6D9, 0xE6D9, 0xE6D9, 0xE6B9, 0xE6B9, 0xE6D9, 0xE6B9, 0xEEF9, 0xD636,
  0x39C6, 0x2966, 0x10A3, 0x6B4C, 0xF73A, 0xD657, 0xA4D1, 0x41C6, 0x18E3, 0x2965, 0x18E4, 0x10A2,
  0x18E3, 0x10A2, 0x18C3, 0x10C3, 0x1082, 0x0000, 0x0020, 0x0020, 0x0020, 0x0020, 0x0020, 0x0020,
  0x0020, 0x0020, 0x0020, 0x0020, 0x0020, 0x0020, 0x0020, 0x0020, 0x0020, 0x0020, 0x0020, 0x0020,
  0x0020, 0x0020, 0x0020, 0x0020, 0x0020, 0x0020, 0x0020, 0x0020, 0x0020, 0x0020, 0x0020, 0x0020,
  0x0020, 0x0020, 0x0020, 0x0020, 0x0020, 0x0020, 0x0020, 0x0020, 0x0020, 0x0020, 0x0020, 0x0020,
  0x0020, 0x0020, 0x0020, 0x0020, 0x0020, 0x0020, 0x0020, 0x0020, 0x0020, 0x0020, 0x0020, 0x0020,
  0x0020, 0x0020, 0x0020, 0x0020, 0x0020, 0x0020, 0x0020, 0x0020, 0x0020, 0x0020, 0x0020, 0x0020,
  0x0020, 0x0020, 0x0020, 0x0020, 0x0020, 0x0020, 0x0020, 0x0020, 0x0020, 0x0020, 0x0020, 0x0020,
  0x0020, 0x0000, 0x3143, 0xF50A, 0xF4A8, 0xFCE9, 0xE488, 0x4983, 0x31C8, 0x2966, 0x1082, 0x10A3,
  0x9CD2, 0xFF7B, 0x9470, 0x2145, 0x2125, 0x39E7, 0xEEFA, 0xE6B8, 0xE6D9, 0xE6D9, 0xE6D9, 0xE6D9,
  0xE6D9, 0xE6D9, 0xE6D9, 0xE6B9, 0xE6B9, 0xE6B9, 0xE6B9, 0xE6B9, 0xE6D9, 0xE6D9, 0xE6D9, 0xE6D9,
  0xE6D9, 0xE6D9, 0xE6D9, 0xE6D9, 0xE6D9, 0xE6D9, 0xE6D9, 0xE6B9, 0xE6D9, 0xE6D9, 0xE6B9, 0xE6B9,
  0xE6D9, 0xE6D9, 0xE6B9, 0xE6D9, 0xE6D9, 0xE6B9, 0xE6D9, 0xE6D9, 0xE6D9, 0xE6D9, 0xE6D9, 0xE6D9,
  0xE6D9, 0xE6B9, 0xEEF9, 0xD636, 0x39C6, 0x2966, 0x10A3, 0x6B4C, 0xF73A, 0xD657, 0xA4D1, 0x39C6,
  0x18E4, 0x2965, 0x18E3, 0x10A2, 0x18C3, 0x10A2, 0x18C3, 0x18C3, 0x1082, 0x0000, 0x0020, 0x0020,
  0x0020, 0x0020, 0x0020, 0x0020, 0x0020, 0x0020, 0x0020, 0x0020, 0x0020, 0x0020, 0x0020, 0x0020,
  0x0020, 0x0020, 0x0020, 0x0020, 0x0020, 0x0020, 0x0020, 0x0020, 0x0020, 0x0020, 0x0020, 0x0020,
  0x0020, 0x0020, 0x0020, 0x0020, 0x0020, 0x0020, 0x0020, 0x0020, 0x0020, 0x0020, 0x0020, 0x0020,
  0x0020, 0x0020, 0x0020, 0x0020, 0x0020, 0x0020, 0x0020, 0x0020, 0x0020, 0x0020, 0x0020, 0x0020,
  0x0020, 0x0020, 0x0020, 0x0020, 0x0020, 0x0020, 0x0020, 0x0020, 0x0020, 0x0020, 0x0020, 0x0020,
  0x0020, 0x0020, 0x0020, 0x0020, 0x0020, 0x0020, 0x0020, 0x0020, 0x0020, 0x0020, 0x0020, 0x0020,
  0x0020, 0x0020, 0x0020, 0x0020, 0x0020, 0x0000, 0x6A86, 0xFD2A, 0xEC88, 0xFD0A, 0xBBA7, 0x3144,
  0x31E8, 0x2965, 0x0861, 0x0882, 0x9CD2, 0xFF7B, 0x9450, 0x2125, 0x2966, 0x2125, 0xC5D5, 0xEF1A,
  0xE6B8, 0xE6D9, 0xE6D9, 0xE6D9, 0xE6D9, 0xE6B9, 0xE6B9, 0xE6B9, 0xE6B9, 0xE6B9, 0xE6B9, 0xE6D9,
  0xE6D9, 0xE6D9, 0xE6D9, 0xE6D9, 0xE6D9, 0xE6D9, 0xE6B9, 0xE6D9, 0xE6D9, 0xE6D9, 0xE6D9, 0xE6D9,
  0xE6D9, 0xE6D9, 0xE6B9, 0xE6B8, 0xE6B9, 0xE6B9, 0xE6B9, 0xE6B9, 0xE6D9, 0xE6D9, 0xE6D9, 0xE6D9,
  0xE6D9, 0xE6D9, 0xE6D9, 0xE6D9, 0xE6B9, 0xE6B9, 0xEEF9, 0xD637, 0x39C6, 0x2966, 0x10A3, 0x736D,
  0xF73A, 0xD657, 0xA4D1, 0x39C6, 0x18E4, 0x2965, 0x18E4, 0x1082, 0x18C3, 0x10A2, 0x18C3, 0x18C3,
  0x1082, 0x0000, 0x0000, 0x0000, 0x0020, 0x0020, 0x0020, 0x0020, 0x0020, 0x0020, 0x0020, 0x0020,
  0x0020, 0x0020, 0x0020, 0x0020, 0x0020, 0x0020, 0x0020, 0x0020, 0x0020, 0x0020, 0x0020, 0x0020,
  0x0020, 0x0020, 0x0020, 0x0020, 0x0020, 0x0020, 0x0020, 0x0020, 0x0020, 0x0020, 0x0020, 0x0020,
  0x0020, 0x0020, 0x0020, 0x0020, 0x0020, 0x0020, 0x0020, 0x0020, 0x0020, 0x0020, 0x0020, 0x0020,
  0x0020, 0x0020, 0x0020, 0x0020, 0x0020, 0x0020, 0x0020, 0x0020, 0x0020, 0x0020, 0x0020, 0x0020,
  0x0020, 0x0020, 0x0020, 0x0020, 0x0020, 0x0020, 0x0020, 0x0020, 0x0020, 0x0020, 0x0020, 0x0020,
  0x0020, 0x0020, 0x0020, 0x0020, 0x0020, 0x0020, 0x0020, 0x0020, 0x0020, 0x0000, 0xABE9, 0xFD09,
  0xECA8, 0xFD2A, 0x92C5, 0x2966, 0x39E8, 0x2145, 0x0861, 0x0882, 0xA4F3, 0xF73A, 0xBD74, 0x2145,
  0x2966, 0x2124, 0x4208, 0xEEFA, 0xEEF9, 0xE6B8, 0xE6B8, 0xE6B8, 0xE6D9, 0xE6B9, 0xE6B9, 0xE6D9,
  0xE6D9, 0xE6D9, 0xE6D9, 0xE6D9, 0xE6D9, 0xE6D9, 0xE6D9, 0xE6B9, 0xE6D9, 0xE6D9, 0xE6B9, 0xE6D9,
  0xE6D9, 0xE6D9, 0xE6D9, 0xE6B9, 0xE6D9, 0xE6D9, 0xE6D9, 0xE6B9, 0xE6B9, 0xE6D9, 0xE6B9, 0xE6B9,
  0xE6B9, 0xE6D9, 0xE6D9, 0xE6D9, 0xE6D9, 0xE6D9, 0xE6D9, 0xE6D9, 0xE6B9, 0xE6B9, 0xEEF9, 0xD636,
  0x39C6, 0x2966, 0x10A3, 0x6B6C, 0xF73A, 0xD657, 0xA4D1, 0x41C6, 0x18E4, 0x2966, 0x18E4, 0x1082,
  0x18C3, 0x10A2, 0x18C3, 0x18C3, 0x1082, 0x61C3, 0x4162, 0x1081, 0x0000, 0x0000, 0x0000, 0x0020,
  0x0020, 0x0020, 0x0020, 0x0020, 0x0020, 0x0020, 0x0020, 0x0020, 0x0020, 0x0020, 0x0020, 0x0020,
  0x0020, 0x0020, 0x0020, 0x0020, 0x0020, 0x0020, 0x0020, 0x0020, 0x0020, 0x0020, 0x0020, 0x0020,
  0x0020, 0x0020, 0x0020, 0x0020, 0x0020, 0x0020, 0x0020, 0x0020, 0x0020, 0x0020, 0x0020, 0x0020,
  0x0020, 0x0020, 0x0020, 0x0020, 0x0020, 0x0020, 0x0020, 0x0020, 0x0020, 0x0020, 0x0020, 0x0020,
  0x0020, 0x0020, 0x0020, 0x0020, 0x0020, 0x0020, 0x0020, 0x0020, 0x0020, 0x0020, 0x0020, 0x0020,
  0x0020, 0x0020, 0x0020, 0x0020, 0x0020, 0x0020, 0x0020, 0x0020, 0x0020, 0x0020, 0x0020, 0x0020,
  0x0000, 0x0861, 0xDCCA, 0xFCC9, 0xF4C9, 0xF4EA, 0x61C3, 0x29A7, 0x39C7, 0x1904, 0x0861, 0x0882,
  0x9470, 0xEEF9, 0xEEF9, 0x9470, 0x18E4, 0x3186, 0x1904, 0x6B4C, 0xDE77, 0xEEF9, 0xF73A, 0xEEF9,
  0xE6D9, 0xE6B8, 0xE6B8, 0xE6B8, 0xE6B9, 0xE6D9, 0xE6D9, 0xE6D9, 0xE6D9, 0xE6D9, 0xE6D9, 0xE6D9,
  0xE6D9, 0xE6D9, 0xE6D9, 0xE6D9, 0xE6D9, 0xE6D9, 0xE6D9, 0xE6D9, 0xE6D9, 0xE6D9, 0xE6B9, 0xE6B9,
  0xE6B9, 0xE6B9, 0xE6D9, 0xE6D9, 0xE6D9, 0xE6D9, 0xE6D9, 0xE6D9, 0xE6D9, 0xE6D9, 0xE6D9, 0xE6B9,
  0xE6D9, 0xE6B9, 0xEED9, 0xD616, 0x39C6, 0x2966, 0x10C3, 0x736C, 0xF73A, 0xD637, 0xA4D1, 0x39C6,
  0x18E3, 0x2966, 0x18E4, 0x1082, 0x18C3, 0x10A2, 0x18C3, 0x18C3, 0x1082, 0x8A63, 0xEC88, 0xDCAA,
  0xA387, 0x6245, 0x20E2, 0x0000, 0x0020, 0x0020, 0x0020, 0x0020, 0x0020, 0x0020, 0x0020, 0x0020,
  0x0020, 0x0020, 0x0020, 0x0020, 0x0020, 0x0020, 0x0020, 0x0020, 0x0020, 0x0020, 0x0020, 0x0020,
  0x0020, 0x0020, 0x0020, 0x0020, 0x0020, 0x0020, 0x0020, 0x0020, 0x0020, 0x0020, 0x0020, 0x0020,
  0x0020, 0x0020, 0x0020, 0x0020, 0x0020, 0x0020, 0x0020, 0x0020, 0x0020, 0x0020, 0x0020, 0x0020,
  0x0020, 0x0020, 0x0020, 0x0020, 0x0020, 0x0020, 0x0020, 0x0020, 0x0020, 0x0020, 0x0020, 0x0020,
  0x0020, 0x0020, 0x0020, 0x0020, 0x0020, 0x0020, 0x0020, 0x0020, 0x0020, 0x0020, 0x0020, 0x0020,
  0x0020, 0x0020, 0x0020, 0x0020, 0x0000, 0x3984, 0xFD2B, 0xF4A8, 0xFD09, 0xD448, 0x3943, 0x31E8,
  0x31A6, 0x18C3, 0x0861, 0x18C3, 0x3186, 0xD637, 0xEED9, 0xEF1A, 0x5289, 0x18E3, 0x31A6, 0x2145,
  0x3186, 0x62EB, 0x9450, 0xC5D5, 0xE6B8, 0xEF1A, 0xEF1A, 0xE6D9, 0xE6B8, 0xE6B8, 0xE6B9, 0xE6B9,
  0xE6D9, 0xE6D9, 0xE6D9, 0xE6D9, 0xE6D9, 0xE6B9, 0xE6D9, 0xE6D9, 0xE6D9, 0xE6D9, 0xE6D9, 0xE6D9,
  0xE6D9, 0xE6B9, 0xE6B9, 0xE6B9, 0xE6B9, 0xE6B9, 0xE6D9, 0xE6D9, 0xE6D9, 0xE6D9, 0xE6D9, 0xE6D9,
  0xE6D9, 0xE6D9, 0xE6D9, 0xE6B8, 0xE6D9, 0xE6B9, 0xEED9, 0xCE16, 0x39C7, 0x2986, 0x10C3, 0x736D,
  0xF73A, 0xD657, 0xA4B1, 0x39C6, 0x18E4, 0x2965, 0x18E3, 0x1082, 0x18C3, 0x10A2, 0x18E3, 0x1082,
  0x0000, 0x6A65, 0xECA9, 0xEC88, 0xF4A8, 0xFD2A, 0xDCCB, 0x20A1, 0x0000, 0x0020, 0x0020, 0x0020,
  0x0020, 0x0020, 0x0020, 0x0020, 0x0020, 0x0020, 0x0020, 0x0020, 0x0020, 0x0020, 0x0020, 0x0020,
  0x0020, 0x0020, 0x0020, 0x0020, 0x0020, 0x0020, 0x0020, 0x0020, 0x0020, 0x0020, 0x0020, 0x0020,
  0x0020, 0x0020, 0x0020, 0x0020, 0x0020, 0x0020, 0x0020, 0x0020, 0x0020, 0x0020, 0x0020, 0x0020,
  0x0020, 0x0020, 0x0020, 0x0020, 0x0020, 0x0020, 0x0020, 0x0020, 0x0020, 0x0020, 0x0020, 0x0020,
  0x0020, 0x0020, 0x0020, 0x0020, 0x0020, 0x0020, 0x0020, 0x0020, 0x0020, 0x0020, 0x0020, 0x0020,
  0x0020, 0x0020, 0x0020, 0x0020, 0x0020, 0x0020, 0x0020, 0x0020, 0x0000, 0x7AE7, 0xFD0A, 0xECA8,
  0xFD0A, 0xAB46, 0x2944, 0x3A08, 0x2965, 0x10A2, 0x0841, 0x18E4, 0x2125, 0x630B, 0xEEF9, 0xE6B8,
  0xD637, 0x31A6, 0x2966, 0x2986, 0x2986, 0x2125, 0x2124, 0x2965, 0x4A48, 0x7BAD, 0xB553, 0xDE77,
  0xEF1A, 0xEF1A, 0xEED9, 0xE6B9, 0xE6B8, 0xE6B9, 0xE6B9, 0xE6D9, 0xE6D9, 0xE6D9, 0xE6D9, 0xE6D9,
  0xE6B9, 0xE6D9, 0xE6D9, 0xE6D9, 0xE6D9, 0xE6B9, 0xE6D9, 0xE6D9, 0xE6B9, 0xE6B9, 0xE6D9, 0xE6D9,
  0xE6D9, 0xE6D9, 0xE6B9, 0xE6D9, 0xE6D9, 0xE6D9, 0xE6D9, 0xE6B9, 0xE6D9, 0xE6B9, 0xEEF9, 0xCE16,
  0x39C7, 0x2986, 0x10C3, 0x734C, 0xF73A, 0xD657, 0xA4B1, 0x39C6, 0x18E4, 0x2965, 0x18E4, 0x10A2,
  0x18E3, 0x10A2, 0x0041, 0x1081, 0x9B68, 0xF4C9, 0xE427, 0xE447, 0xF50A, 0xCC6A, 0xA2E5, 0x4121,
  0x0000, 0x0020, 0x0020, 0x0020, 0x0020, 0x0020, 0x0020, 0x0020, 0x0020, 0x0020, 0x0020, 0x0020,
  0x0020, 0x0020, 0x0020, 0x0020, 0x0020, 0x0020, 0x0020, 0x0020, 0x0020, 0x0020, 0x0020, 0x0020,
  0x0020, 0x0020, 0x0020, 0x0020, 0x0020, 0x0020, 0x0020, 0x0020, 0x0020, 0x0020, 0x0020, 0x0020,
  0x0020, 0x0020, 0x0020, 0x0020, 0x0020, 0x0020, 0x0020, 0x0020, 0x0020, 0x0020, 0x0020, 0x0020,
  0x0020, 0x0020, 0x0020, 0x0020, 0x0020, 0x0020, 0x0020, 0x0020, 0x0020, 0x0020, 0x0020, 0x0020,
  0x0020, 0x0020, 0x0020, 0x0020, 0x0020, 0x0020, 0x0020, 0x0020, 0x0020, 0x0020, 0x0020, 0x0020,
  0x0000, 0xB409, 0xF4A8, 0xE447, 0xF4C9, 0x8264, 0x31A7, 0x39E8, 0x2104, 0x10C3, 0x0841, 0x18E3,
  0x2945, 0x31C7, 0xDE98, 0xDE98, 0xF71A, 0xAD53, 0x10C3, 0x10C3, 0x1904, 0x2965, 0x31A6, 0x3186,
  0x2945, 0x2125, 0x2145, 0x39E7, 0x6B4C, 0xA4D1, 0xCE36, 0xEEF9, 0xF71A, 0xEEF9, 0xE6B8, 0xE6B8,
  0xE6B8, 0xE6D9, 0xE6B9, 0xE6D9, 0xE6B9, 0xE6D9, 0xE6D9, 0xE6D9, 0xE6B9, 0xE6B9, 0xE6D9, 0xE6D9,
  0xE6B9, 0xE6B9, 0xE6D9, 0xE6B9, 0xE6B9, 0xE6D9, 0xE6D9, 0xE6D9, 0xE6D9, 0xE6D9, 0xE6D9, 0xE6D9,
  0xE6B9, 0xE6B8, 0xEEF9, 0xD636, 0x39C7, 0x2966, 0x10A3, 0x736C, 0xF73A, 0xD637, 0xA4B0, 0x39C6,
  0x18E3, 0x2945, 0x1904, 0x10A2, 0x18C3, 0x0000, 0x3963, 0xCC28, 0xFCC9, 0xE427, 0xEC47, 0xF4A9,
  0x9B26, 0x8223, 0xA2A3, 0x4942, 0x0000, 0x0020, 0x0020, 0x0020, 0x0020, 0x0020, 0x0020, 0x0020,
  0x0020, 0x0020, 0x0020, 0x0020, 0x0020, 0x0020, 0x0020, 0x0020, 0x0020, 0x0020, 0x0020, 0x0020,
  0x0020, 0x0020, 0x0020, 0x0020, 0x0020, 0x0020, 0x0020, 0x0020, 0x0020, 0x0020, 0x0020, 0x0020,
  0x0020, 0x0020, 0x0020, 0x0020, 0x0020, 0x0020, 0x0020, 0x0020, 0x0020, 0x0020, 0x0020, 0x0020,
  0x0020, 0x0020, 0x0020, 0x0020, 0x0020, 0x0020, 0x0020, 0x0020, 0x0020, 0x0020, 0x0020, 0x0020,
  0x0020, 0x0020, 0x0020, 0x0020, 0x0020, 0x0020, 0x0020, 0x0020, 0x0020, 0x0020, 0x0020, 0x0020,
  0x0020, 0x0020, 0x0020, 0x0000, 0x10A2, 0xE4CA, 0xEC47, 0xEC68, 0xE468, 0x51A3, 0x31C8, 0x31C7,
  0x18E3, 0x18C3, 0x0841, 0x18E3, 0x2124, 0x39C7, 0xDE98, 0xE6B8, 0xE6B8, 0xEEF9, 0xBD95, 0x738D,
  0x4228, 0x2124, 0x10C3, 0x1904, 0x2945, 0x2986, 0x2986, 0x2966, 0x2125, 0x2124, 0x31A6, 0x5AAA,
  0x8C2F, 0xBDB4, 0xE6B8, 0xF71A, 0xEF1A, 0xE6D9, 0xE6B8, 0xE6B8, 0xE6D9, 0xE6D9, 0xE6D9, 0xE6D9,
  0xE6B9, 0xE6D9, 0xE6D9, 0xE6B9, 0xE6D9, 0xE6D9, 0xE6D9, 0xE6B9, 0xE6B9, 0xE6D9, 0xE6D9, 0xE6D9,
  0xE6B9, 0xE6B9, 0xE6D9, 0xE6D9, 0xE6B9, 0xE6B8, 0xEEF9, 0xD636, 0x39C6, 0x2966, 0x10A3, 0x6B4C,
  0xF73A, 0xD637, 0xA4B0, 0x39A6, 0x18C3, 0x2965, 0x2104, 0x0841, 0x0041, 0x7286, 0xF50A, 0xF488,
  0xDC07, 0xF4C9, 0xECCA, 0x7265, 0x18E4, 0x4942, 0xAAC4, 0x4921, 0x0000, 0x0020, 0x0020, 0x0020,
  0x0020, 0x0020, 0x0020, 0x0020, 0x0020, 0x0020, 0x0020, 0x0020, 0x0020, 0x0020, 0x0020, 0x0020,
  0x0020, 0x0020, 0x0020, 0x0020, 0x0020, 0x0020, 0x0020, 0x0020, 0x0020, 0x0020, 0x0020, 0x0020,
  0x0020, 0x0020, 0x0020, 0x0020, 0x0020, 0x0020, 0x0020, 0x0020, 0x0020, 0x0020, 0x0020, 0x0020,
  0x0020, 0x0020, 0x0020, 0x0020, 0x0020, 0x0020, 0x0020, 0x0020, 0x0020, 0x0020, 0x0020, 0x0020,
  0x0020, 0x0020, 0x0020, 0x0020, 0x0020, 0x0020, 0x0020, 0x0020, 0x0020, 0x0020, 0x0020, 0x0020,
  0x0020, 0x0020, 0x0020, 0x0020, 0x0020, 0x0020, 0x0020, 0x0000, 0x18A1, 0xCBC6, 0xEC88, 0xF4EA,
  0xC3C7, 0x3943, 0x31C7, 0x2986, 0x18E3, 0x10C3, 0x0020, 0x18E3, 0x2124, 0x39C7, 0xDEB8, 0xE6B8,
  0xE6B8, 0xE698, 0xEF1A, 0xF75A, 0xEF1A, 0xCE16, 0x9470, 0x5289, 0x2965, 0x10C3, 0x18E3, 0x2145,
  0x2966, 0x31A6, 0x2986, 0x2145, 0x2124, 0x2965, 0x4A48, 0x83CE, 0xB553, 0xDE78, 0xEF1A, 0xEF1A,
  0xEEF9, 0xE6B9, 0xE6B8, 0xE6B8, 0xE6D9, 0xE6D9, 0xE6B9, 0xE6B9, 0xE6D9, 0xE6D9, 0xE6B9, 0xE6B9,
  0xE6B9, 0xE6B9, 0xE6B9, 0xE6B9, 0xE6D9, 0xE6D9, 0xE6D9, 0xE6B9, 0xE6B9, 0xE6B8, 0xEEF9, 0xD636,
  0x39C6, 0x2966, 0x10A3, 0x734C, 0xF73A, 0xD637, 0x9C90, 0x39C6, 0x18E4, 0x2965, 0x0042, 0x18C2,
  0xABC8, 0xFCE9, 0xEC47, 0xEC68, 0xFD0A, 0xBBC7, 0x4184, 0x2986, 0x2166, 0x3902, 0xA2A3, 0x4121,
  0x0000, 0x0020, 0x0020, 0x0020, 0x0020, 0x0020, 0x0020, 0x0020, 0x0020, 0x0020, 0x0020, 0x0020,
  0x0020, 0x0020, 0x0020, 0x0020, 0x0020, 0x0020, 0x0020, 0x0020, 0x0020, 0x0020, 0x0020, 0x0020,
  0x0020, 0x0020, 0x0020, 0x0020, 0x0020, 0x0020, 0x0020, 0x0020, 0x0020, 0x0020, 0x0020, 0x0020,
  0x0020, 0x0020, 0x0020, 0x0020, 0x0020, 0x0020, 0x0020, 0x0020, 0x0020, 0x0020, 0x0020, 0x0020,
  0x0020, 0x0020, 0x0020, 0x0020, 0x0020, 0x0020, 0x0020, 0x0020, 0x0020, 0x0020, 0x0020, 0x0020,
  0x0020, 0x0020, 0x0020, 0x0020, 0x0020, 0x0020, 0x0020, 0x0020, 0x0020, 0x0020, 0x0020, 0x0000,
  0x0841, 0x49C5, 0x7224, 0xAB05, 0x9263, 0x2924, 0x3A29, 0x2145, 0x18C3, 0x10A2, 0x0841, 0x18E3,
  0x2124, 0x39C7, 0xDE98, 0xE6B8, 0xE6B8, 0xE6B8, 0xE698, 0xDE98, 0xE6B8, 0xEED9, 0xEF1A, 0xEF1A,
  0xD678, 0xA4F2, 0x6B4C, 0x31A6, 0x18E3, 0x18C3, 0x2104, 0x2966, 0x31A6, 0x31A6, 0x2965, 0x2125,
  0x2125, 0x41E7, 0x6B2C, 0xA4D1, 0xD636, 0xEEF9, 0xF71A, 0xEEF9, 0xE6D9, 0xE6B8, 0xE6B8, 0xE6D9,
  0xE6B9, 0xE6B9, 0xE6D9, 0xE6B9, 0xE6B9, 0xE6B9, 0xE6B9, 0xE6B8, 0xE6B9, 0xE6D9, 0xE6D9, 0xE6B9,
  0xE6B9, 0xE6B9, 0xEEF9, 0xD616, 0x39C7, 0x2986, 0x10C3, 0x736C, 0xF73A, 0xD637, 0x9C90, 0x41C6,
  0x1904, 0x08A3, 0x5205, 0xE4EB, 0xFD09, 0xEC68, 0xF4C9, 0xF50A, 0x92E6, 0x2924, 0x2986, 0x2104,
  0x10C3, 0x4142, 0xAAC4, 0x4921, 0x0000, 0x0020, 0x0020, 0x0020, 0x0020, 0x0020, 0x0020, 0x0020,
  0x0020, 0x0020, 0x0020, 0x0020, 0x0020, 0x0020, 0x0020, 0x0020, 0x0020, 0x0020, 0x0020, 0x0020,
  0x0020, 0x0020, 0x0020, 0x0020, 0x0020, 0x0020, 0x0020, 0x0020, 0x0020, 0x0020, 0x0020, 0x0020,
  0x0020, 0x0020, 0x0020, 0x0020, 0x0020, 0x0020, 0x0020, 0x0020, 0x0020, 0x0020, 0x0020, 0x0020,
  0x0020, 0x0020, 0x0020, 0x0020, 0x0020, 0x0020, 0x0020, 0x0020, 0x0020, 0x0020, 0x0020, 0x0020,
  0x0020, 0x0020, 0x0020, 0x0020, 0x0020, 0x0020, 0x0020, 0x0020, 0x0020, 0x0020, 0x0020, 0x0020,
  0x0020, 0x0020, 0x0020, 0x0000, 0x10A2, 0x426A, 0x29A7, 0x3186, 0x3964, 0x2965, 0x31C7, 0x18E4,
  0x10C3, 0x10A2, 0x0841, 0x18E3, 0x2125, 0x39C7, 0xDE98, 0xE698, 0xE6B8, 0xE6B8, 0xDE98, 0xEEF9,
  0xE6B9, 0xE6D9, 0xEEF9, 0xE6D9, 0xE6B8, 0xEEF9, 0xF73A, 0xE6B8, 0xBD94, 0x7BCE, 0x4228, 0x2124,
  0x10C3, 0x1904, 0x2145, 0x2986, 0x2986, 0x2945, 0x2125, 0x2124, 0x31A6, 0x5ACA, 0x9470, 0xC5F5,
  0xE6D9, 0xEF1A, 0xEEFA, 0xE6D9, 0xE6B8, 0xE6B8, 0xE6B8, 0xE6B8, 0xE6B9, 0xE6B9, 0xE6B9, 0xE6B9,
  0xE6D9, 0xE6D9, 0xE6B9, 0xE6B9, 0xE6B9, 0xE6B8, 0xEED9, 0xD616, 0x39C7, 0x2986, 0x10A3, 0x734C,
  0xF71A, 0xCE16, 0xA4D1, 0x39C6, 0x0861, 0x9388, 0xFD6B, 0xF4A8, 0xEC88, 0xFD4B, 0xE4CA, 0x6204,
  0x2145, 0x2986, 0x1904, 0x18E3, 0x10C4, 0x4942, 0x8A22, 0x3103, 0x0841, 0x0000, 0x0020, 0x0020,
  0x0020, 0x0020, 0x0020, 0x0020, 0x0020, 0x0020, 0x0020, 0x0020, 0x0020, 0x0020, 0x0020, 0x0020,
  0x0020, 0x0020, 0x0020, 0x0020, 0x0020, 0x0020, 0x0020, 0x0020, 0x0020, 0x0020, 0x0020, 0x0020,
  0x0020, 0x0020, 0x0020, 0x0020, 0x0020, 0x0020, 0x0020, 0x0020, 0x0020, 0x0020, 0x0020, 0x0020,
  0x0020, 0x0020, 0x0020, 0x0020, 0x0020, 0x0020, 0x0020, 0x0020, 0x0020, 0x0020, 0x0020, 0x0020,
  0x0020, 0x0020, 0x0020, 0x0020, 0x0020, 0x0020, 0x0020, 0x0020, 0x0020, 0x0020, 0x0020, 0x0020,
  0x0020, 0x0020, 0x0020, 0x0020, 0x0020, 0x0020, 0x0020, 0x0000, 0x10A2, 0x31A7, 0x2145, 0x31A6,
  0x31C7, 0x2965, 0x2966, 0x18C3, 0x10C3, 0x1082, 0x0841, 0x18E3, 0x2125, 0x39C7, 0xE6B9, 0xE698,
  0xE698, 0xDE98, 0xEF1A, 0xB574, 0x62A8, 0x7B4A, 0x9491, 0xC5D6, 0xE6B9, 0xEEF9, 0xEED9, 0xE6B8,
  0xEEF9, 0xF75B, 0xEEFA, 0xCE16, 0x9470, 0x528A, 0x2945, 0x10C3, 0x18E3, 0x2145, 0x2986, 0x31A6,
  0x2965, 0x2125, 0x2104, 0x2965, 0x4A48, 0x83CE, 0xB574, 0xDE98, 0xEF1A, 0xEF1A, 0xE6D9, 0xE6B8,
  0xE6B8, 0xE6B8, 0xE6B9, 0xE6B9, 0xE6B9, 0xE6B8, 0xE6B9, 0xE6B9, 0xE6B9, 0xE6B8, 0xE6D9, 0xD636,
  0x41E7, 0x2986, 0x10A3, 0x6B4C, 0xF73A, 0xD636, 0x9C4F, 0x41C6, 0xAC0A, 0xF52B, 0xEC88, 0xFCEA,
  0xFD4B, 0xB3A8, 0x4164, 0x2166, 0x2965, 0x18E3, 0x1904, 0x2104, 0x1904, 0x28C1, 0x3164, 0x31E8,
  0x10A2, 0x0000, 0x0020, 0x0020, 0x0020, 0x0020, 0x0020, 0x0020, 0x0020, 0x0020, 0x0020, 0x0020,
  0x0020, 0x0020, 0x0020, 0x0020, 0x0020, 0x0020, 0x0020, 0x0020, 0x0020, 0x0020, 0x0020, 0x0020,
  0x0020, 0x0020, 0x0020, 0x0020, 0x0020, 0x0020, 0x0020, 0x0020, 0x0020, 0x0020, 0x0020, 0x0020,
  0x0020, 0x0020, 0x0020, 0x0020, 0x0020, 0x0020, 0x0020, 0x0020, 0x0020, 0x0020, 0x0020, 0x0020,
  0x0020, 0x0020, 0x0020, 0x0020, 0x0020, 0x0020, 0x0020, 0x0020, 0x0020, 0x0020, 0x0020, 0x0020,
  0x0020, 0x0020, 0x0020, 0x0020, 0x0020, 0x0020, 0x0020, 0x0020, 0x0020, 0x0020, 0x0020, 0x0000,
  0x1082, 0x31A7, 0x2945, 0x2966, 0x2125, 0x1904, 0x2986, 0x18C3, 0x10C3, 0x1082, 0x0841, 0x18C3,
  0x2145, 0x2924, 0xBD73, 0xE6D9, 0xDE98, 0xE6D9, 0xB553, 0x5A88, 0xC469, 0xDC89, 0xB3E8, 0x8B07,
  0x7B29, 0x8C2F, 0xB574, 0xDE98, 0xEEFA, 0xDE77, 0xE6B8, 0xEEF9, 0xF73A, 0xF73A, 0xD678, 0xA4F2,
  0x6B2C, 0x31A6, 0x18E3, 0x10C3, 0x2104, 0x2966, 0x31A6, 0x2966, 0x2145, 0x2124, 0x2125, 0x4207,
  0x738D, 0xAD12, 0xD657, 0xEF1A, 0xEF1A, 0xEED9, 0xE6B8, 0xE6B8, 0xE6B8, 0xE6B8, 0xE6B9, 0xE6B9,
  0xE6B9, 0xE698, 0xE6D9, 0xD637, 0x41E7, 0x2966, 0x10A3, 0x736C, 0xF71A, 0xDE78, 0x738D, 0x7AE7,
  0xFD8B, 0xDCAA, 0xCC8A, 0xDCCB, 0x8AC6, 0x2104, 0x29A7, 0x2124, 0x18E3, 0x1904, 0x2104, 0x1904,
  0x18C3, 0x2966, 0x31C7, 0x2124, 0x0882, 0x0000, 0x0020, 0x0020, 0x0020, 0x0020, 0x0020, 0x0020,
  0x0020, 0x0020, 0x0020, 0x0020, 0x0020, 0x0020, 0x0020, 0x0020, 0x0020, 0x0020, 0x0020, 0x0020,
  0x0020, 0x0020, 0x0020, 0x0020, 0x0020, 0x0020, 0x0020, 0x0020, 0x0020, 0x0020, 0x0020, 0x0020,
  0x0020, 0x0020, 0x0020, 0x0020, 0x0020, 0x0020, 0x0020, 0x0020, 0x0020, 0x0020, 0x0020, 0x0020,
  0x0020, 0x0020, 0x0020, 0x0020, 0x0020, 0x0020, 0x0020, 0x0020, 0x0020, 0x0020, 0x0020, 0x0020,
  0x0020, 0x0020, 0x0020, 0x0020, 0x0020, 0x0020, 0x0020, 0x0020, 0x0020, 0x0020, 0x0020, 0x0020,
  0x0020, 0x0020, 0x0020, 0x0000, 0x10A2, 0x39E8, 0x2965, 0x2986, 0x2125, 0x1904, 0x2986, 0x18E3,
  0x10A3, 0x1082, 0x0841, 0x18C3, 0x1925, 0x4184, 0xA3C9, 0xD657, 0xE6B8, 0xEEF9, 0x736C, 0xC408,
  0xDC68, 0xD469, 0xDCA9, 0xED0A, 0xDCA9, 0xBC28, 0x9326, 0x72E8, 0x9CB1, 0xEEF9, 0xDE98, 0xDE98,
  0xDE98, 0xDE98, 0xE6D9, 0xF71A, 0xF73A, 0xE6B8, 0xB574, 0x7BAD, 0x4207, 0x2104, 0x10C3, 0x1904,
  0x2965, 0x2986, 0x2986, 0x2965, 0x2124, 0x2125, 0x39C7, 0x630B, 0x9C91, 0xCDF6, 0xEED9, 0xF71A,
  0xEEFA, 0xE6D9, 0xE6B8, 0xE6B8, 0xE6B9, 0xE6B8, 0xE6D9, 0xD636, 0x4207, 0x2986, 0x10A3, 0x736D,
  0xF71A, 0xDE98, 0x62EB, 0xBC09, 0xEC47, 0xC3A6, 0xFD2A, 0xA326, 0x2104, 0x31A7, 0x18E3, 0x1904,
  0x1904, 0x1904, 0x18C3, 0x1904, 0x31C7, 0x2966, 0x10C3, 0x2104, 0x1082, 0x0000, 0x0020, 0x0020,
  0x0020, 0x0020, 0x0020, 0x0020, 0x0020, 0x0020, 0x0020, 0x0020, 0x0020, 0x0020, 0x0020, 0x0020,
  0x0020, 0x0020, 0x0020, 0x0020, 0x0020, 0x0020, 0x0020, 0x0020, 0x0020, 0x0020, 0x0020, 0x0020,
  0x0020, 0x0020, 0x0020, 0x0020, 0x0020, 0x0020, 0x0020, 0x0020, 0x0020, 0x0020, 0x0020, 0x0020,
  0x0020, 0x0020, 0x0020, 0x0020, 0x0020, 0x0020, 0x0020, 0x0020, 0x0020, 0x0020, 0x0020, 0x0020,
  0x0020, 0x0020, 0x0020, 0x0020, 0x0020, 0x0020, 0x0020, 0x0020, 0x0020, 0x0020, 0x0020, 0x0020,
  0x0020, 0x0020, 0x0020, 0x0020, 0x0020, 0x0020, 0x0020, 0x0000, 0x0861, 0x2124, 0x2145, 0x2986,
  0x2145, 0x2124, 0x2986, 0x18C3, 0x18C3, 0x10A2, 0x0841, 0x18C3, 0x1925, 0x41A4, 0xD427, 0xAC4C,
  0xDE98, 0xEEF9, 0x83ED, 0xBBA5, 0xDC27, 0xDC27, 0xD3E6, 0xAB24, 0xD448, 0xDCAA, 0xE4EA, 0xF54A,
  0x8285, 0xAD33, 0xFF5B, 0xEEF9, 0xE6B8, 0xDE98, 0xDE98, 0xDE98, 0xDE98, 0xE6B8, 0xEEF9, 0xF73A,
  0xEEFA, 0xC5F6, 0x8C2F, 0x4A69, 0x2124, 0x10C3, 0x18E4, 0x2145, 0x2986, 0x3186, 0x2966, 0x2125,
  0x2124, 0x3186, 0x5AA9, 0x8C2F, 0xC5B5, 0xE6D9, 0xF71A, 0xEEFA, 0xE6B8, 0xDE98, 0xEF1A, 0xBD73,
  0x3165, 0x31A6, 0x10C3, 0x736D, 0xF71A, 0xD636, 0x5268, 0xED2B, 0xCBE7, 0xA305, 0xF4EA, 0x7244,
  0x1904, 0x18C3, 0x1904, 0x2104, 0x1904, 0x18C3, 0x2145, 0x31C7, 0x2125, 0x1904, 0x1904, 0x2125,
  0x1082, 0x0000, 0x0020, 0x0020, 0x0020, 0x0020, 0x0020, 0x0020, 0x0020, 0x0020, 0x0020, 0x0020,
  0x0020, 0x0020, 0x0020, 0x0020, 0x0020, 0x0020, 0x0020, 0x0020, 0x0020, 0x0020, 0x0020, 0x0020,
  0x0020, 0x0020, 0x0020, 0x0020, 0x0020, 0x0020, 0x0020, 0x0020, 0x0020, 0x0020, 0x0020, 0x0020,
  0x0020, 0x0020, 0x0020, 0x0020, 0x0020, 0x0020, 0x0020, 0x0020, 0x0020, 0x0020, 0x0020, 0x0020,
  0x0020, 0x0020, 0x0020, 0x0020, 0x0020, 0x0020, 0x0020, 0x0020, 0x0020, 0x0020, 0x0020, 0x0020,
  0x0020, 0x0020, 0x0020, 0x0020, 0x0020, 0x0020, 0x0020, 0x0020, 0x0020, 0x0020, 0x0020, 0x0000,
  0x1082, 0x6B6D, 0x39A6, 0x10A3, 0x10C3, 0x2945, 0x2986, 0x18E4, 0x10A2, 0x0861, 0x0841, 0x18C3,
  0x1925, 0x3984, 0xDC27, 0xA367, 0xCE37, 0xEEF9, 0x83CD, 0xC3E7, 0xDC27, 0xDC27, 0xB366, 0xB4AF,
  0xC3C6, 0xDC47, 0xCC28, 0xECEA, 0xD3C5, 0x4A06, 0x840E, 0xB553, 0xDE98, 0xEF19, 0xEEF9, 0xE6B9,
  0xE698, 0xDE98, 0xDE98, 0xDE78, 0xE698, 0xEEF9, 0xF73A, 0xEF1A, 0xCE37, 0x9CB1, 0x5AEB, 0x2965,
  0x18C3, 0x18C3, 0x2125, 0x2986, 0x31A6, 0x2986, 0x2145, 0x2104, 0x2945, 0x4A48, 0x7BCE, 0xB553,
  0xDE77, 0xEF1A, 0xBD73, 0x39A6, 0x3186, 0x2986, 0x10C3, 0x738D, 0xF73A, 0xBDB5, 0x6AA7, 0xFD0A,
  0xECA9, 0xF4C9, 0xE4AA, 0x4163, 0x1904, 0x18E3, 0x2125, 0x18E4, 0x18E3, 0x31A6, 0x31A7, 0x1904,
  0x1904, 0x2104, 0x2104, 0x2125, 0x1082, 0x0000, 0x0020, 0x0020, 0x0020, 0x0020, 0x0020, 0x0020,
  0x0020, 0x0020, 0x0020, 0x0020, 0x0020, 0x0020, 0x0020, 0x0020, 0x0020, 0x0020, 0x0020, 0x0020,
  0x0020, 0x0020, 0x0020, 0x0020, 0x0020, 0x0020, 0x0020, 0x0020, 0x0020, 0x0020, 0x0020, 0x0020,
  0x0020, 0x0020, 0x0020, 0x0020, 0x0020, 0x0020, 0x0020, 0x0020, 0x0020, 0x0020, 0x0020, 0x0020,
  0x0020, 0x0020, 0x0020, 0x0020, 0x0020, 0x0020, 0x0020, 0x0020, 0x0020, 0x0020, 0x0020, 0x0020,
  0x0020, 0x0020, 0x0020, 0x0020, 0x0020, 0x0020, 0x0020, 0x0020, 0x0020, 0x0020, 0x0020, 0x0020,
  0x0020, 0x0020, 0x0021, 0x0000, 0x2965, 0xF77B, 0xE6D8, 0xBDB5, 0x6B2C, 0x10A2, 0x1904, 0x10A2,
  0x18E3, 0x2124, 0x0841, 0x18C3, 0x1925, 0x3984, 0xDC06, 0xA367, 0xD657, 0xEEF9, 0x83AC, 0xC3C6,
  0xE468, 0xC384, 0xBC8E, 0xFFBD, 0xB40A, 0xD3E6, 0xDC48, 0xCBE6, 0x836A, 0xAD96, 0x8CB3, 0x52AA,
  0x5ACA, 0x7B8D, 0xA4F2, 0xD636, 0xEEF9, 0xEF1A, 0xE6D9, 0xDE98, 0xDE98, 0xDE98, 0xDE98, 0xDE98,
  0xE6D9, 0xF73A, 0xF73A, 0xDE98, 0xAD33, 0x6B4C, 0x39C7, 0x18E4, 0x10C3, 0x1904, 0x2965, 0x2986,
  0x2986, 0x2145, 0x2124, 0x2124, 0x4208, 0x6B0B, 0x3185, 0x39C7, 0x2986, 0x2966, 0x10A3, 0x6B2B,
  0xFF7B, 0x9CD2, 0x9B68, 0xFCE9, 0xECA8, 0xFD0A, 0xBBC7, 0x2103, 0x2124, 0x18E3, 0x18C3, 0x2104,
  0x31C7, 0x2965, 0x1904, 0x1904, 0x2104, 0x2145, 0x2104, 0x2125, 0x1082, 0x0000, 0x0020, 0x0020,
  0x0020, 0x0020, 0x0020, 0x0020, 0x0020, 0x0020, 0x0020, 0x0020, 0x0020, 0x0020, 0x0020, 0x0020,
  0x0020, 0x0020, 0x0020, 0x0020, 0x0020, 0x0020, 0x0020, 0x0020, 0x0020, 0x0020, 0x0020, 0x0020,
  0x0020, 0x0020, 0x0020, 0x0020, 0x0020, 0x0020, 0x0020, 0x0020, 0x0020, 0x0020, 0x0020, 0x0020,
  0x0020, 0x0020, 0x0020, 0x0020, 0x0020, 0x0020, 0x0020, 0x0020, 0x0020, 0x0020, 0x0020, 0x0020,
  0x0020, 0x0020, 0x0020, 0x0020, 0x0020, 0x0020, 0x0020, 0x0020, 0x0020, 0x0020, 0x0020, 0x0020,
  0x0020, 0x0020, 0x0020, 0x0020, 0x0020, 0x0020, 0x0020, 0x0000, 0x2945, 0xDE78, 0xDE77, 0xF75B,
  0x9C91, 0x2965, 0x3A08, 0x31A7, 0x4249, 0x39E7, 0x0861, 0x18C3, 0x1925, 0x3984, 0xDC27, 0x9B47,
  0xCE57, 0xEF1A, 0x83CD, 0xBBA6, 0xDC26, 0xB387, 0xE6B8, 0xFF7B, 0xD5F5, 0xBB65, 0xE488, 0xB345,
  0x94B2, 0xD6DB, 0xA535, 0x9D14, 0xBE18, 0x94D3, 0x73AF, 0x630C, 0x6B4C, 0x9C90, 0xCDF5, 0xE6D9,
  0xEEF9, 0xEED9, 0xE6B8, 0xDE98, 0xDE98, 0xDE98, 0xDE98, 0xE6B8, 0xEF1A, 0xF73B, 0xE6D9, 0xBD94,
  0x7BCE, 0x4208, 0x1904, 0x10C3, 0x1904, 0x2965, 0x2986, 0x2986, 0x2986, 0x2125, 0x31C7, 0x2986,
  0x2966, 0x2125, 0x0882, 0x9CB1, 0xF73A, 0x7BAD, 0xD469, 0xFCE9, 0xECA8, 0xFD0A, 0x8AC5, 0x1904,
  0x2104, 0x18C3, 0x2945, 0x31A6, 0x2124, 0x18E4, 0x1904, 0x2125, 0x18E3, 0x0862, 0x2104, 0x2125,
  0x1082, 0x0000, 0x0020, 0x0020, 0x0020, 0x0020, 0x0020, 0x0020, 0x0020, 0x0020, 0x0020, 0x0020,
  0x0020, 0x0020, 0x0020, 0x0020, 0x0020, 0x0020, 0x0020, 0x0020, 0x0020, 0x0020, 0x0020, 0x0020,
  0x0020, 0x0020, 0x0020, 0x0020, 0x0020, 0x0020, 0x0020, 0x0020, 0x0020, 0x0020, 0x0020, 0x0020,
  0x0020, 0x0020, 0x0020, 0x0020, 0x0020, 0x0020, 0x0020, 0x0020, 0x0020, 0x0020, 0x0020, 0x0020,
  0x0020, 0x0020, 0x0020, 0x0020, 0x0020, 0x0020, 0x0020, 0x0020, 0x0020, 0x0020, 0x0020, 0x0020,
  0x0020, 0x0020, 0x0020, 0x0020, 0x0020, 0x0020, 0x0020, 0x0020, 0x0020, 0x0020, 0x0020, 0x0000,
  0x2945, 0xE6B9, 0xDE77, 0xE6B8, 0x83CD, 0x18E4, 0x31A7, 0x4A6A, 0x31A6, 0x18E3, 0x0861, 0x10A2,
  0x1925, 0x39A4, 0xDC27, 0x9B27, 0xCE37, 0xEF1A, 0x7BAC, 0xC3C6, 0xDC06, 0xB3C9, 0xEF3A, 0xEEF9,
  0xEEFA, 0xB3E9, 0xDC26, 0xB365, 0x8430, 0xB5D7, 0x73EF, 0xA555, 0xC659, 0xCE9A, 0xCE9A, 0xBE18,
  0x9D14, 0x7BF0, 0x632C, 0x6B2C, 0x944F, 0xC5B4, 0xE698, 0xEF1A, 0xEEF9, 0xE6B8, 0xDE98, 0xDE98,
  0xDE98, 0xDE98, 0xE6B8, 0xEEF9, 0xF73A, 0xEEF9, 0xC5F6, 0x8C30, 0x5269, 0x2145, 0x10C3, 0x1904,
  0x2145, 0x2966, 0x2965, 0x2986, 0x2104, 0x1904, 0xAD13, 0xEF1A, 0xD657, 0x7309, 0xF50A, 0xF4C9,
  0xF4C9, 0xECCA, 0x51A3, 0x1905, 0x18E3, 0x2145, 0x31C7, 0x18E4, 0x1904, 0x1904, 0x2125, 0x1082,
  0x3186, 0x630B, 0x10C3, 0x2145, 0x1082, 0x0000, 0x0020, 0x0020, 0x0020, 0x0020, 0x0020, 0x0020,
  0x0020, 0x0020, 0x0020, 0x0020, 0x0020, 0x0020, 0x0020, 0x0020, 0x0020, 0x0020, 0x0020, 0x0020,
  0x0020, 0x0020, 0x0020, 0x0020, 0x0020, 0x0020, 0x0020, 0x0020, 0x0020, 0x0020, 0x0020, 0x0020,
  0x0020, 0x0020, 0x0020, 0x0020, 0x0020, 0x0020, 0x0020, 0x0020, 0x0020, 0x0020, 0x0020, 0x0020,
  0x0020, 0x0020, 0x0020, 0x0020, 0x0020, 0x0020, 0x0020, 0x0020, 0x0020, 0x0020, 0x0020, 0x0020,
  0x0020, 0x0020, 0x0020, 0x0020, 0x0020, 0x0020, 0x0020, 0x0020, 0x0020, 0x0020, 0x0020, 0x0020,
  0x0020, 0x0020, 0x0020, 0x0000, 0x2945, 0xE6B8, 0xDE77, 0xE6D8, 0x8C2F, 0x2104, 0x2145, 0x2966,
  0x2104, 0x18E4, 0x0861, 0x10A2, 0x1904, 0x39A4, 0xDC26, 0x9B47, 0xCE57, 0xEEF9, 0x9C90, 0x92E5,
  0xECC8, 0xBBA6, 0xD616, 0xF77C, 0xF77C, 0xBC2B, 0xDC06, 0xBB65, 0x8C51, 0xADD7, 0x7C31, 0x9D14,
  0xAD76, 0xA555, 0xADB6, 0xBE18, 0xC679, 0xCE9A, 0xBE39, 0xA576, 0x8451, 0x632D, 0x632C, 0x8C0F,
  0xBD73, 0xDE77, 0xEF19, 0xEEF9, 0xE6D9, 0xDE98, 0xDE98, 0xDE98, 0xDE98, 0xE698, 0xEEF9, 0xF73A,
  0xEF1A, 0xD637, 0x9CB1, 0x62EB, 0x2965, 0x10C3, 0x1904, 0x0882, 0x2965, 0xCE37, 0xEF1A, 0xE6B8,
  0xAD54, 0x9368, 0xFD09, 0xECA8, 0xFCE9, 0xCC28, 0x2903, 0x2125, 0x18E3, 0x2145, 0x18C3, 0x18E3,
  0x2124, 0x1904, 0x0041, 0x5269, 0xDE98, 0xC5D5, 0x2104, 0x2125, 0x1082, 0x0000, 0x0020, 0x0020,
  0x0020, 0x0020, 0x0020, 0x0020, 0x0020, 0x0020, 0x0020, 0x0020, 0x0020, 0x0020, 0x0020, 0x0020,
  0x0020, 0x0020, 0x0020, 0x0020, 0x0020, 0x0020, 0x0020, 0x0020, 0x0020, 0x0020, 0x0020, 0x0020,
  0x0020, 0x0020, 0x0020, 0x0020, 0x0020, 0x0020, 0x0020, 0x0020, 0x0020, 0x0020, 0x0020, 0x0020,
  0x0020, 0x0020, 0x0020, 0x0020, 0x0020, 0x0020, 0x0020, 0x0020, 0x0020, 0x0020, 0x0020, 0x0020,
  0x0020, 0x0020, 0x0020, 0x0020, 0x0020, 0x0020, 0x0020, 0x0020, 0x0020, 0x0020, 0x0020, 0x0020,
  0x0020, 0x0020, 0x0020, 0x0020, 0x0020, 0x0020, 0x0021, 0x0000, 0x2945, 0xDE98, 0xDE77, 0xE6D9,
  0x942F, 0x2124, 0x2986, 0x2986, 0x2104, 0x18E4, 0x0861, 0x10A2, 0x18E4, 0x41A4, 0xDC06, 0x9B47,
  0xCE57, 0xE698, 0xE6D9, 0x83AC, 0x9AE4, 0xD3E6, 0xBBC7, 0xD592, 0xC510, 0xBB65, 0xDC27, 0xB365,
  0x8C50, 0xADB7, 0x7C31, 0x9D35, 0xA576, 0xA555, 0xA555, 0xA555, 0xAD76, 0xAD96, 0xB5F7, 0xC659,
  0xCE9A, 0xC659, 0xAD96, 0x8C72, 0x6B6D, 0x630B, 0x83CE, 0xB553, 0xDE57, 0xEEF9, 0xEEF9, 0xE6B9,
  0xDE98, 0xDE98, 0xDE98, 0xDE77, 0xDE98, 0xE6D9, 0xF71A, 0xF73A, 0xDE98, 0xAD54, 0x6B4C, 0x5ACA,
  0xDE78, 0xEED9, 0xD657, 0xEEF9, 0x83EE, 0xC449, 0xFD09, 0xECA8, 0xFD0A, 0xA326, 0x18E4, 0x2104,
  0x18C3, 0x2125, 0x18E3, 0x2124, 0x18E3, 0x10C3, 0x840F, 0xDE97, 0xB553, 0x9C4F, 0x2124, 0x2125,
  0x1082, 0x0000, 0x0020, 0x0020, 0x0020, 0x0020, 0x0020, 0x0020, 0x0020, 0x0020, 0x0020, 0x0020,
  0x0020, 0x0020, 0x0020, 0x0020, 0x0020, 0x0020, 0x0020, 0x0020, 0x0020, 0x0020, 0x0020, 0x0020,
  0x0020, 0x0020, 0x0020, 0x0020, 0x0020, 0x0020, 0x0020, 0x0020, 0x0020, 0x0020, 0x0020, 0x0020,
  0x0020, 0x0020, 0x0020, 0x0020, 0x0020, 0x0020, 0x0020, 0x0020, 0x0020, 0x0020, 0x0020, 0x0020,
  0x0020, 0x0020, 0x0020, 0x0020, 0x0020, 0x0020, 0x0020, 0x0020, 0x0020, 0x0020, 0x0020, 0x0020,
  0x0020, 0x0020, 0x0020, 0x0020, 0x0020, 0x0020, 0x0020, 0x0020, 0x0020, 0x0020, 0x0020, 0x0000,
  0x2945, 0xE6B8, 0xDE77, 0xE6D9, 0x942F, 0x1904, 0x2966, 0x31A7, 0x2124, 0x18E3, 0x0861, 0x10A2,
  0x18E4, 0x3984, 0xDC06, 0x9B27, 0xD657, 0xE698, 0xE698, 0xDE98, 0x8C0E, 0x6A66, 0x7223, 0x9262,
  0xBB44, 0xDC27, 0xE488, 0xBB85, 0x8451, 0xBE39, 0x8472, 0x9D14, 0xA575, 0xA555, 0xA576, 0xA576,
  0xA555, 0xA555, 0xA555, 0xA555, 0xAD96, 0xB5D7, 0xC639, 0xCE7A, 0xC659, 0xB5D7, 0x8C92, 0x6B8E,
  0x630C, 0x738D, 0xA4D1, 0xCE16, 0xEEF9, 0xEF1A, 0xE6D9, 0xDE98, 0xDE98, 0xDE98, 0xDE98, 0xDE98,
  0xE6B9, 0xEF1A, 0xF71A, 0xF73A, 0xE6B8, 0xDE98, 0xDE98, 0xE6D9, 0x734B, 0xECA9, 0xF4C9, 0xF4C9,
  0xFD0A, 0x6A04, 0x1904, 0x18E4, 0x2104, 0x2125, 0x2104, 0x10A2, 0x2945, 0xBDB5, 0xE6B9, 0xB512,
  0x6B0B, 0x8BED, 0x2924, 0x2125, 0x1082, 0x0000, 0x0020, 0x0020, 0x0020, 0x0020, 0x0020, 0x0020,
  0x0020, 0x0020, 0x0020, 0x0020, 0x0020, 0x0020, 0x0020, 0x0020, 0x0020, 0x0020, 0x0020, 0x0020,
  0x0020, 0x0020, 0x0020, 0x0020, 0x0020, 0x0020, 0x0020, 0x0020, 0x0020, 0x0020, 0x0020, 0x0020,
  0x0020, 0x0020, 0x0020, 0x0020, 0x0020, 0x0020, 0x0020, 0x0020, 0x0020, 0x0020, 0x0020, 0x0020,
  0x0020, 0x0020, 0x0020, 0x0020, 0x0020, 0x0020, 0x0020, 0x0020, 0x0020, 0x0020, 0x0020, 0x0020,
  0x0020, 0x0020, 0x0020, 0x0020, 0x0020, 0x0020, 0x0020, 0x0020, 0x0020, 0x0020, 0x0020, 0x0020,
  0x0020, 0x0020, 0x0020, 0x0000, 0x2945, 0xE6B8, 0xDE77, 0xE6D9, 0x8C0E, 0x18E4, 0x2986, 0x31C7,
  0x2125, 0x18E3, 0x0861, 0x18A3, 0x10C3, 0x3984, 0xD406, 0x9B27, 0xD658, 0xE6B8, 0xDE98, 0xEED9,
  0xCE17, 0xCE17, 0xBDD6, 0x944F, 0x6AA8, 0x6A03, 0x9AE4, 0xA2C3, 0x49C5, 0x6BAF, 0x636E, 0x94F4,
  0xB5D7, 0xAD96, 0xA576, 0xA555, 0xA555, 0xA576, 0xA575, 0xA555, 0xA555, 0xA555, 0xA555, 0xAD96,
  0xB5D7, 0xBE38, 0xCE7A, 0xC659, 0xB5F8, 0x94F4, 0x7BF0, 0x634C, 0x736D, 0x9470, 0xC5D5, 0xE6B9,
  0xEF1A, 0xEED9, 0xE698, 0xDE98, 0xDE98, 0xDE77, 0xDE77, 0xDE98, 0xDE98, 0xDE98, 0xEEF9, 0x8C50,
  0x72E7, 0xFD2A, 0xEC88, 0xFCE9, 0xE489, 0x3943, 0x1925, 0x18E3, 0x2125, 0x2124, 0x1082, 0x4207,
  0xD677, 0xCDD5, 0xACF1, 0xB512, 0xA4B1, 0xA490, 0x2104, 0x2124, 0x1082, 0x0000, 0x0020, 0x0020,
  0x0020, 0x0020, 0x0020, 0x0020, 0x0020, 0x0020, 0x0020, 0x0020, 0x0020, 0x0020, 0x0020, 0x0020,
  0x0020, 0x0020, 0x0020, 0x0020, 0x0020, 0x0020, 0x0020, 0x0020, 0x0020, 0x0020, 0x0020, 0x0020,
  0x0020, 0x0020, 0x0020, 0x0020, 0x0020, 0x0020, 0x0020, 0x0020, 0x0020, 0x0020, 0x0020, 0x0020,
  0x0020, 0x0020, 0x0020, 0x0020, 0x0020, 0x0020, 0x0020, 0x0020, 0x0020, 0x0020, 0x0020, 0x0020,
  0x0020, 0x0020, 0x0020, 0x0020, 0x0020, 0x0020, 0x0020, 0x0020, 0x0020, 0x0020, 0x0020, 0x0020,
  0x0020, 0x0020, 0x0020, 0x0020, 0x0020, 0x0020, 0x0020, 0x0000, 0x2945, 0xDE98, 0xDE77, 0xE6D9,
  0x8C0F, 0x1904, 0x2986, 0x31A7, 0x2104, 0x1904, 0x18E4, 0x1082, 0x10C3, 0x3963, 0xD406, 0x9B27,
  0xCE37, 0xE698, 0xEED9, 0x840F, 0x6266, 0x8328, 0x8C0E, 0xB595, 0xCE17, 0xBDB5, 0x9450, 0x6287,
  0x62A9, 0x944F, 0x5AA9, 0x4A69, 0x634D, 0x8472, 0xA555, 0xADB7, 0xADB6, 0xAD76, 0xA555, 0xA555,
  0xA555, 0xA576, 0xA555, 0xA555, 0xA555, 0xA555, 0xAD76, 0xADB7, 0xBE18, 0xCE79, 0xCE9A, 0xBE39,
  0x9D35, 0x7BF0, 0x632C, 0x6B4C, 0x8C0F, 0xBD53, 0xDE98, 0xEF1A, 0xEED9, 0xDE98, 0xE6B8, 0xE6B8,
  0xDE98, 0xE6D9, 0xB532, 0x0882, 0xABC8, 0xFCC9, 0xECA8, 0xFD09, 0xBBA7, 0x2904, 0x2125, 0x18E3,
  0x2125, 0x1904, 0x10A2, 0xA4F2, 0xBD94, 0xACD1, 0xB512, 0xB512, 0xBD53, 0xA4D1, 0x2104, 0x2124,
  0x1082, 0x0000, 0x0020, 0x0020, 0x0020, 0x0020, 0x0020, 0x0020, 0x0020, 0x0020, 0x0020, 0x0020,
  0x0020, 0x0020, 0x0020, 0x0020, 0x0020, 0x0020, 0x0020, 0x0020, 0x0020, 0x0020, 0x0020, 0x0020,
  0x0020, 0x0020, 0x0020, 0x0020, 0x0020, 0x0020, 0x0020, 0x0020, 0x0020, 0x0020, 0x0020, 0x0020,
  0x0020, 0x0020, 0x0020, 0x0020, 0x0020, 0x0020, 0x0020, 0x0020, 0x0020, 0x0020, 0x0020, 0x0020,
  0x0020, 0x0020, 0x0020, 0x0020, 0x0020, 0x0020, 0x0020, 0x0020, 0x0020, 0x0020, 0x0020, 0x0020,
  0x0020, 0x0020, 0x0020, 0x0020, 0x0020, 0x0020, 0x0020, 0x0020, 0x0020, 0x0020, 0x0021, 0x0000,
  0x2945, 0xDE98, 0xDE77, 0xE6D9, 0x8C2F, 0x1904, 0x2966, 0x31A6, 0x3186, 0x2145, 0x2145, 0x1082,
  0x0883, 0x3143, 0xD3E6, 0x9306, 0xCE37, 0xEEF9, 0x8C2F, 0x72C6, 0xDCCA, 0xE4EA, 0xCC48, 0x9B46,
  0x8307, 0x83AC, 0xAD53, 0xC617, 0xEEFA, 0xEEF9, 0xE6B8, 0xCDD5, 0x9C70, 0x630B, 0x5289, 0x5B0C,
  0x8431, 0x9D35, 0xADB7, 0xADB7, 0xAD76, 0xA555, 0xA555, 0xA555, 0xA576, 0xA575, 0xA555, 0xA555,
  0xA555, 0xAD76, 0xADB6, 0xB5F7, 0xC659, 0xCE9A, 0xC659, 0xA576, 0x8431, 0x632C, 0x6B4C, 0x8C0F,
  0xB553, 0xE6D8, 0xDE98, 0xDE98, 0xDE77, 0xEEF9, 0x83EE, 0x2103, 0xE4A9, 0xEC47, 0xEC68, 0xF4E9,
  0x8AA5, 0x2125, 0x1904, 0x18E3, 0x2125, 0x18E3, 0x2965, 0xBD94, 0xACD1, 0xB512, 0xB512, 0xB512,
  0xB512, 0xA4B0, 0x2104, 0x2125, 0x1082, 0x0000, 0x0020, 0x0020, 0x0020, 0x0020, 0x0020, 0x0020,
  0x0020, 0x0020, 0x0020, 0x0020, 0x0020, 0x0020, 0x0020, 0x0020, 0x0020, 0x0020, 0x0020, 0x0020,
  0x0020, 0x0020, 0x0020, 0x0020, 0x0020, 0x0020, 0x0020, 0x0020, 0x0020, 0x0020, 0x0020, 0x0020,
  0x0020, 0x0020, 0x0020, 0x0020, 0x0020, 0x0020, 0x0020, 0x0020, 0x0020, 0x0020, 0x0020, 0x0020,
  0x0020, 0x0020, 0x0020, 0x0020, 0x0020, 0x0020, 0x0020, 0x0020, 0x0020, 0x0020, 0x0020, 0x0020,
  0x0020, 0x0020, 0x0020, 0x0020, 0x0020, 0x0020, 0x0020, 0x0020, 0x0020, 0x0020, 0x0020, 0x0020,
  0x0020, 0x0020, 0x0020, 0x0000, 0x2945, 0xDE98, 0xDE77, 0xE6D9, 0x8C2F, 0x18E4, 0x2966, 0x2966,
  0x3A08, 0x2966, 0x2966, 0x2945, 0x0882, 0x3103, 0xC385, 0x9B06, 0xCE37, 0xEEF9, 0x7B6C, 0xCC27,
  0xDC27, 0xCC28, 0xD489, 0xE4A9, 0xE4EA, 0xD489, 0xA346, 0x7AC6, 0x83CD, 0xE6B8, 0xDE77, 0xDE98,
  0xEEF9, 0xEED9, 0xD616, 0xA4B1, 0x6B4C, 0x5289, 0x5AEC, 0x7C10, 0x9D14, 0xAD96, 0xADB7, 0xAD96,
  0xA555, 0xA555, 0xA555, 0xA555, 0xA575, 0xA555, 0xA555, 0xA535, 0xA576, 0xADB7, 0xBDF8, 0xC639,
  0xCE7A, 0xC659, 0xADB7, 0x8C72, 0x5AEB, 0xB532, 0xEED9, 0xDE98, 0xDE77, 0xEF1A, 0x840F, 0x3101,
  0xECA8, 0xEC88, 0xECA9, 0xECCA, 0x51A3, 0x1925, 0x18E3, 0x2124, 0x2125, 0x1082, 0x5AAA, 0xC5D5,
  0xACD1, 0xB512, 0xB512, 0xB512, 0xB512, 0xA4B0, 0x2104, 0x2125, 0x1082, 0x0000, 0x0020, 0x0020,
  0x0020, 0x0020, 0x0020, 0x0020, 0x0020, 0x0020, 0x0020, 0x0020, 0x0020, 0x0020, 0x0020, 0x0020,
  0x0020, 0x0020, 0x0020, 0x0020, 0x0020, 0x0020, 0x0020, 0x0020, 0x0020, 0x0020, 0x0020, 0x0020,
  0x0020, 0x0020, 0x0020, 0x0020, 0x0020, 0x0020, 0x0020, 0x0020, 0x0020, 0x0020, 0x0020, 0x0020,
  0x0020, 0x0020, 0x0020, 0x0020, 0x0020, 0x0020, 0x0020, 0x0020, 0x0020, 0x0020, 0x0020, 0x0020,
  0x0020, 0x0020, 0x0020, 0x0020, 0x0020, 0x0020, 0x0020, 0x0020, 0x0020, 0x0020, 0x0020, 0x0020,
  0x0020, 0x0020, 0x0020, 0x0020, 0x0020, 0x0020, 0x0021, 0x0000, 0x2945, 0xDE98, 0xDE77, 0xE6B8,
  0x8C0E, 0x18E4, 0x2986, 0x2965, 0x31C7, 0x31C7, 0x2966, 0x31A7, 0x10C3, 0x20A1, 0xAB04, 0x9B26,
  0xCE16, 0xEED9, 0x83AC, 0xBBA6, 0xDC27, 0xDC27, 0xCBC5, 0x9AE5, 0xC3C6, 0xDC89, 0xE4CA, 0xFD6B,
  0x92E5, 0x8C0E, 0xEED9, 0xEED9, 0xE6D9, 0xDE98, 0xDE98, 0xEED9, 0xEED9, 0xD636, 0xACF2, 0x7B8D,
  0x52AA, 0x52CB, 0x73CF, 0x94F4, 0xADB7, 0xADB7, 0xAD76, 0xA555, 0xA555, 0xA555, 0xA555, 0xA555,
  0xA555, 0xA555, 0xA555, 0xA555, 0xAD96, 0xB5D7, 0xBE18, 0xC67A, 0x94F4, 0x630B, 0xEEF9, 0xDE77,
  0xDE78, 0xEEF9, 0x83CD, 0x18A2, 0x7A44, 0x9AA3, 0xD3C6, 0xCBA6, 0x3902, 0x1925, 0x2945, 0x2104,
  0x2104, 0x0862, 0x8C50, 0xBD94, 0xACF1, 0xAD12, 0xB512, 0xB512, 0xB532, 0xA4B1, 0x2104, 0x2124,
  0x1082, 0x0000, 0x0020, 0x0020, 0x0020, 0x0020, 0x0020, 0x0020, 0x0020, 0x0020, 0x0020, 0x0020,
  0x0020, 0x0020, 0x0020, 0x0020, 0x0020, 0x0020, 0x0020, 0x0020, 0x0020, 0x0020, 0x0020, 0x0020,
  0x0020, 0x0020, 0x0020, 0x0020, 0x0020, 0x0020, 0x0020, 0x0020, 0x0020, 0x0020, 0x0020, 0x0020,
  0x0020, 0x0020, 0x0020, 0x0020, 0x0020, 0x0020, 0x0020, 0x0020, 0x0020, 0x0020, 0x0020, 0x0020,
  0x0020, 0x0020, 0x0020, 0x0020, 0x0020, 0x0020, 0x0020, 0x0020, 0x0020, 0x0020, 0x0020, 0x0020,
  0x0020, 0x0020, 0x0020, 0x0020, 0x0020, 0x0020, 0x0020, 0x0020, 0x0020, 0x0020, 0x0021, 0x0000,
  0x2945, 0xDE98, 0xDE57, 0xE6B8, 0x8C0E, 0x18E4, 0x2986, 0x2966, 0x2966, 0x3A08, 0x2986, 0x31A6,
  0x2145, 0x20C1, 0xA2E4, 0x9306, 0xCE37, 0xEED9, 0x83CC, 0xC3C6, 0xDC27, 0xCBC5, 0xABC9, 0xBCF1,
  0xC385, 0xDC27, 0xD3E6, 0xE4C9, 0xBB86, 0x4A48, 0x632C, 0x8C0F, 0xBD74, 0xDE77, 0xEED9, 0xE6D9,
  0xDE98, 0xDE98, 0xEED9, 0xEEF9, 0xDE77, 0xB532, 0x7BAD, 0x5AAA, 0x52AB, 0x6B8E, 0x8CB3, 0xAD96,
  0xADB7, 0xAD96, 0xA555, 0xA555, 0xA555, 0xA555, 0xA575, 0xA575, 0xA555, 0xA555, 0xA555, 0xA555,
  0x5B2D, 0x62EB, 0xE6B8, 0xDE98, 0xDE77, 0xF73A, 0x7BAD, 0x2125, 0x3A29, 0x3186, 0x49E5, 0x59A3,
  0x2103, 0x2145, 0x18E3, 0x10C3, 0x1904, 0x2104, 0xBD74, 0xB512, 0xB512, 0xB512, 0xB512, 0xB512,
  0xB532, 0xA4D1, 0x2104, 0x2124, 0x1082, 0x0000, 0x0020, 0x0020, 0x0020, 0x0020, 0x0020, 0x0020,
  0x0020, 0x0020, 0x0020, 0x0020, 0x0020, 0x0020, 0x0020, 0x0020, 0x0020, 0x0020, 0x0020, 0x0020,
  0x0020, 0x0020, 0x0020, 0x0020, 0x0020, 0x0020, 0x0020, 0x0020, 0x0020, 0x0020, 0x0020, 0x0020,
  0x0020, 0x0020, 0x0020, 0x0020, 0x0020, 0x0020, 0x0020, 0x0020, 0x0020, 0x0020, 0x0020, 0x0020,
  0x0020, 0x0020, 0x0020, 0x0020, 0x0020, 0x0020, 0x0020, 0x0020, 0x0020, 0x0020, 0x0020, 0x0020,
  0x0020, 0x0020, 0x0020, 0x0020, 0x0020, 0x0020, 0x0020, 0x0020, 0x0020, 0x0020, 0x0020, 0x0020,
  0x0020, 0x0020, 0x0021, 0x0000, 0x2945, 0xDE98, 0xDE57, 0xE6B8, 0x8C0E, 0x18E3, 0x2986, 0x2966,
  0x2945, 0x31C7, 0x39E8, 0x2986, 0x31A7, 0x20E3, 0x8242, 0x7A85, 0xCE16, 0xE6D9, 0x83AC, 0xC3C6,
  0xDC47, 0xAB87, 0xE6B8, 0xBCCF, 0xBB23, 0xDC27, 0xDC27, 0xC3A6, 0x83EE, 0xC67A, 0x9D14, 0x5B0C,
  0x6B6D, 0x630B, 0x83EE, 0xB533, 0xDE77, 0xEEF9, 0xEED9, 0xDE98, 0xDE98, 0xE6D9, 0xEEF9, 0xDE77,
  0xBD73, 0x83CE, 0x5AAA, 0x528A, 0x6B6E, 0x8CB3, 0xAD96, 0xB5B7, 0xAD96, 0xA555, 0xA555, 0xA555,
  0xA555, 0xA555, 0xA576, 0xA555, 0x5B2D, 0x62EB, 0xE6B8, 0xDE77, 0xE6B8, 0xD657, 0x5227, 0x18E4,
  0x2986, 0x2986, 0x31E8, 0x31C8, 0x2145, 0x18E3, 0x10C3, 0x2104, 0x10A3, 0x4A28, 0xC5D5, 0xACD1,
  0xB532, 0xB512, 0xB512, 0xB512, 0xB532, 0xACD1, 0x2104, 0x2125, 0x1082, 0x0000, 0x0020, 0x0020,
  0x0020, 0x0020, 0x0020, 0x0020, 0x0020, 0x0020, 0x0020, 0x0020, 0x0020, 0x0020, 0x0020, 0x0020,
  0x0020, 0x0020, 0x0020, 0x0020, 0x0020, 0x0020, 0x0020, 0x0020, 0x0020, 0x0020, 0x0020, 0x0020,
  0x0020, 0x0020, 0x0020, 0x0020, 0x0020, 0x0020, 0x0020, 0x0020, 0x0020, 0x0020, 0x0020, 0x0020,
  0x0020, 0x0020, 0x0020, 0x0020, 0x0020, 0x0020, 0x0020, 0x0020, 0x0020, 0x0020, 0x0020, 0x0020,
  0x0020, 0x0020, 0x0020, 0x0020, 0x0020, 0x0020, 0x0020, 0x0020, 0x0020, 0x0020, 0x0020, 0x0020,
  0x0020, 0x0020, 0x0020, 0x0020, 0x0020, 0x0020, 0x0020, 0x0000, 0x2945, 0xDE78, 0xD636, 0xE6B8,
  0x8C0F, 0x18E3, 0x2986, 0x2966, 0x2966, 0x2966, 0x3A08, 0x31A6, 0x31A6, 0x1946, 0x5162, 0x7A65,
  0xC5F6, 0xEEF9, 0x83AC, 0xC3C6, 0xC384, 0xAC2C, 0xF73B, 0xD615, 0xB44C, 0xB365, 0xE467, 0xB365,
  0x8C92, 0xB5F8, 0x7C30, 0xB5F7, 0xCE9A, 0xADB7, 0x8CB2, 0x6B6D, 0x5AEB, 0x7B8D, 0xA4F2, 0xD636,
  0xEEF9, 0xEEF9, 0xDE98, 0xDE77, 0xE6D9, 0xEEF9, 0xE6B8, 0xC594, 0x942F, 0x62EB, 0x52AA, 0x634D,
  0x8472, 0xA576, 0xADB7, 0xAD96, 0xA555, 0xA555, 0xA555, 0xA555, 0x5B2D, 0x62EB, 0xE6B8, 0xE698,
  0xBDB5, 0xA3A9, 0x5181, 0x1904, 0x2966, 0x2145, 0x2145, 0x2965, 0x1904, 0x18E4, 0x18E3, 0x2124,
  0x0041, 0x736C, 0xC594, 0xACF1, 0xB512, 0xB512, 0xB512, 0xB512, 0xB532, 0xA4D1, 0x2104, 0x2125,
  0x1082, 0x0000, 0x0020, 0x0020, 0x0020, 0x0020, 0x0020, 0x0020, 0x0020, 0x0020, 0x0020, 0x0020,
  0x0020, 0x0020, 0x0020, 0x0020, 0x0020, 0x0020, 0x0020, 0x0020, 0x0020, 0x0020, 0x0020, 0x0020,
  0x0020, 0x0020, 0x0020, 0x0020, 0x0020, 0x0020, 0x0020, 0x0020, 0x0020, 0x0020, 0x0020, 0x0020,
  0x0020, 0x0020, 0x0020, 0x0020, 0x0020, 0x0020, 0x0020, 0x0020, 0x0020, 0x0020, 0x0020, 0x0020,
  0x0020, 0x0020, 0x0020, 0x0020, 0x0020, 0x0020, 0x0020, 0x0020, 0x0020, 0x0020, 0x0020, 0x0020,
  0x0020, 0x0020, 0x0020, 0x0020, 0x0020, 0x0020, 0x0020, 0x0020, 0x0020, 0x0020, 0x0021, 0x0000,
  0x2124, 0xDE78, 0xD636, 0xE6B8, 0x8C0F, 0x18E4, 0x2986, 0x2966, 0x2966, 0x2965, 0x31C7, 0x39E7,
  0x2966, 0x31A7, 0x2103, 0x5183, 0xB533, 0xEEF9, 0x7B8C, 0xC3E6, 0xD427, 0xC385, 0xABA8, 0xF75B,
  0xC573, 0xB345, 0xE467, 0xAB24, 0x8410, 0xA576, 0x7C10, 0xA575, 0xB5B7, 0xBE18, 0xC659, 0xC659,
  0xADB7, 0x8CB3, 0x6B8E, 0x5B0B, 0x736C, 0xA4B1, 0xCE16, 0xEED9, 0xEEF9, 0xE6B8, 0xDE78, 0xE6B8,
  0xEEF9, 0xE6B8, 0xC5D5, 0x944F, 0x630B, 0x528A, 0x5B0C, 0x7C31, 0xA555, 0xB5B7, 0xADB7, 0xA535,
  0x636E, 0x62EB, 0xE6B8, 0xDE98, 0x93CB, 0xDC26, 0x5982, 0x1904, 0x2986, 0x2145, 0x2145, 0x2986,
  0x1904, 0x18E3, 0x1904, 0x1904, 0x0861, 0x9C91, 0xB553, 0xAD12, 0xAD12, 0xB512, 0xB512, 0xAD12,
  0xB512, 0xA4B0, 0x2104, 0x2125, 0x1082, 0x0000, 0x0020, 0x0020, 0x0020, 0x0020, 0x0020, 0x0020,
  0x0020, 0x0020, 0x0020, 0x0020, 0x0020, 0x0020, 0x0020, 0x0020, 0x0020, 0x0020, 0x0020, 0x0020,
  0x0020, 0x0020, 0x0020, 0x0020, 0x0020, 0x0020, 0x0020, 0x0020, 0x0020, 0x0020, 0x0020, 0x0020,
  0x0020, 0x0020, 0x0020, 0x0020, 0x0020, 0x0020, 0x0020, 0x0020, 0x0020, 0x0020, 0x0020, 0x0020,
  0x0020, 0x0020, 0x0020, 0x0020, 0x0020, 0x0020, 0x0020, 0x0020, 0x0020, 0x0020, 0x0020, 0x0020,
  0x0020, 0x0020, 0x0020, 0x0020, 0x0020, 0x0020, 0x0020, 0x0020, 0x0020, 0x0020, 0x0020, 0x0020,
  0x0020, 0x0000, 0x0000, 0x2104, 0x39C7, 0xD657, 0xD636, 0xE6B8, 0x8C0F, 0x18E4, 0x2966, 0x2965,
  0x2966, 0x2966, 0x2966, 0x3A08, 0x3186, 0x31A6, 0x2145, 0x20E3, 0x9C6F, 0xDE77, 0x9470, 0x92E4,
  0xEC88, 0xD3E6, 0xB40A, 0xC5B4, 0xA304, 0xDC06, 0xDC27, 0xAB24, 0x8450, 0xAD96, 0x7C10, 0x9D34,
  0x9D35, 0x9D35, 0xA575, 0xADB7, 0xBE18, 0xC659, 0xC679, 0xB5F8, 0x94D3, 0x73AF, 0x630C, 0x734C,
  0x9C70, 0xC5D5, 0xE6B8, 0xEED9, 0xE6B8, 0xDE78, 0xE6B8, 0xEED9, 0xE6D8, 0xCDF5, 0x9C90, 0x6B2B,
  0x5289, 0x52EB, 0x7C31, 0x8492, 0x3A09, 0x6B4C, 0xE6B8, 0xDE98, 0x9BEC, 0xDC06, 0x5982, 0x18E4,
  0x2986, 0x2966, 0x2966, 0x31A7, 0x2124, 0x18E3, 0x18E4, 0x2104, 0x10A2, 0x83CD, 0xAD12, 0xACF1,
  0xAD12, 0xAD12, 0xB512, 0xAD12, 0xB512, 0xA4B1, 0x2104, 0x2125, 0x1082, 0x0000, 0x0020, 0x0020,
  0x0020, 0x0020, 0x0020, 0x0020, 0x0020, 0x0020, 0x0020, 0x0020, 0x0020, 0x0020, 0x0020, 0x0020,
  0x0020, 0x0020, 0x0020, 0x0020, 0x0020, 0x0020, 0x0020, 0x0020, 0x0020, 0x0020, 0x0020, 0x0020,
  0x0020, 0x0020, 0x0020, 0x0020, 0x0020, 0x0020, 0x0020, 0x0020, 0x0020, 0x0020, 0x0020, 0x0020,
  0x0020, 0x0020, 0x0020, 0x0020, 0x0020, 0x0020, 0x0020, 0x0020, 0x0020, 0x0020, 0x0020, 0x0020,
  0x0020, 0x0020, 0x0020, 0x0020, 0x0020, 0x0020, 0x0020, 0x0020, 0x0020, 0x0020, 0x0020, 0x0020,
  0x0020, 0x0020, 0x0020, 0x0020, 0x0000, 0x0841, 0x4208, 0x4249, 0x31A6, 0xD657, 0xD636, 0xE698,
  0x8C0E, 0x18E3, 0x2966, 0x2965, 0x2966, 0x2966, 0x2965, 0x31A7, 0x31C7, 0x2966, 0x31A7, 0x1904,
  0x7B8C, 0xBD73, 0xE6D9, 0x734B, 0x9AA3, 0xD406, 0xBBE8, 0xBBA7, 0xDC06, 0xD407, 0xD407, 0xAB24,
  0x8430, 0xA576, 0x7C10, 0xA555, 0xA555, 0xA555, 0xA535, 0xA535, 0xA535, 0xA555, 0xAD96, 0xBDF8,
  0xC659, 0xCE7A, 0xBE18, 0x9D14, 0x73CF, 0x630C, 0x6B2C, 0x9450, 0xC5B5, 0xE6B8, 0xEEF9, 0xE6B8,
  0xDE77, 0xE698, 0xEEF9, 0xEED9, 0xD636, 0xA490, 0x738D, 0x4A48, 0x6B0B, 0xDE77, 0xDE77, 0xDE98,
  0x9BEC, 0xDBE5, 0x59C3, 0x18E4, 0x2945, 0x1082, 0x1904, 0x2986, 0x10A3, 0x0862, 0x2104, 0x2104,
  0x1082, 0x83CD, 0xB512, 0xACF1, 0xACF1, 0xB512, 0xB512, 0xACF2, 0xB512, 0xA4D1, 0x2104, 0x2125,
  0x1082, 0x0000, 0x0020, 0x0020, 0x0020, 0x0020, 0x0020, 0x0020, 0x0020, 0x0020, 0x0020, 0x0020,
  0x0020, 0x0020, 0x0020, 0x0020, 0x0020, 0x0020, 0x0020, 0x0020, 0x0020, 0x0020, 0x0020, 0x0020,
  0x0020, 0x0020, 0x0020, 0x0020, 0x0020, 0x0020, 0x0020, 0x0020, 0x0020, 0x0020, 0x0020, 0x0020,
  0x0020, 0x0020, 0x0020, 0x0020, 0x0020, 0x0020, 0x0020, 0x0020, 0x0020, 0x0020, 0x0020, 0x0020,
  0x0020, 0x0020, 0x0020, 0x0020, 0x0020, 0x0020, 0x0020, 0x0020, 0x0020, 0x0020, 0x0020, 0x0020,
  0x0020, 0x0020, 0x0020, 0x0020, 0x0020, 0x0020, 0x0020, 0x0000, 0x0861, 0x4249, 0x3A08, 0x31A7,
  0x39C7, 0xD677, 0xDE57, 0xE698, 0x8BEE, 0x18E3, 0x2966, 0x2965, 0x2965, 0x2966, 0x2966, 0x2986,
  0x3A08, 0x2966, 0x2986, 0x1904, 0x2944, 0xACF1, 0xD657, 0xD657, 0x7B8C, 0x6A87, 0x7203, 0x9AC3,
  0xCBC6, 0xDC26, 0xE447, 0xB365, 0x8410, 0xB5D8, 0x8451, 0xA555, 0x9D35, 0xA535, 0xA555, 0xA555,
  0xA555, 0xA535, 0x9D35, 0xA555, 0xA576, 0xADB6, 0xB5F7, 0xC638, 0xC679, 0xBE18, 0xA555, 0x7C10,
  0x632C, 0x6B2C, 0x8C2F, 0xBD94, 0xDE98, 0xEED9, 0xE6B8, 0xDE77, 0xDE98, 0xEED9, 0xEEF9, 0xDE77,
  0xE698, 0xDE98, 0xDE77, 0xDE99, 0xA40C, 0xDC26, 0x4941, 0x6B6D, 0xDEB8, 0x9491, 0x5ACB, 0x2945,
  0x5AA9, 0x736C, 0x1082, 0x18E4, 0x10A2, 0x83AD, 0xAD12, 0xAD12, 0xAD12, 0xAD12, 0xAD12, 0xAD12,
  0xB532, 0xACD1, 0x2104, 0x2124, 0x0882, 0x0000, 0x0020, 0x0020, 0x0020, 0x0020, 0x0020, 0x0020,
  0x0020, 0x0020, 0x0020, 0x0020, 0x0020, 0x0020, 0x0020, 0x0020, 0x0020, 0x0020, 0x0020, 0x0020,
  0x0020, 0x0020, 0x0020, 0x0020, 0x0020, 0x0020, 0x0020, 0x0020, 0x0020, 0x0020, 0x0020, 0x0020,
  0x0020, 0x0020, 0x0020, 0x0020, 0x0020, 0x0020, 0x0020, 0x0020, 0x0020, 0x0020, 0x0020, 0x0020,
  0x0020, 0x0020, 0x0020, 0x0020, 0x0020, 0x0020, 0x0020, 0x0020, 0x0020, 0x0020, 0x0020, 0x0020,
  0x0020, 0x0020, 0x0020, 0x0020, 0x0020, 0x0020, 0x0020, 0x0020, 0x0020, 0x0020, 0x0020, 0x0000,
  0x39E8, 0x4A6A, 0x4228, 0x3A08, 0x39C7, 0xCDF5, 0xACD1, 0xDE77, 0x942F, 0x1904, 0x2966, 0x2965,
  0x2966, 0x2966, 0x2966, 0x2965, 0x31C7, 0x39E8, 0x2124, 0x18C3, 0x0841, 0x62EB, 0xC594, 0xDE98,
  0xE6B8, 0xD636, 0xA4F2, 0x7B8C, 0x6266, 0x6A03, 0xA2E4, 0x9AA3, 0x3964, 0x52EC, 0x52CC, 0x94D4,
  0xAD96, 0xADB6, 0xA576, 0xA535, 0x9D35, 0xA535, 0xA555, 0xA555, 0xA555, 0x9D35, 0x9D35, 0xA555,
  0xAD76, 0xB5D7, 0xC639, 0xC679, 0xBE39, 0xA555, 0x7C30, 0x632C, 0x630B, 0x83CE, 0xB553, 0xDE78,
  0xEF1A, 0xE6D9, 0xDE77, 0xDE77, 0xDE77, 0xDE77, 0xDE98, 0xDE99, 0x9BCB, 0xE426, 0x5161, 0x632C,
  0xEEB8, 0xE6D9, 0xF73B, 0xCDF5, 0xBD73, 0x7B8C, 0x10A3, 0x2104, 0x10A2, 0x83AD, 0xACF1, 0xACF1,
  0xACF2, 0xB512, 0xAD12, 0xACF1, 0xB532, 0x9C4F, 0x18E3, 0x18E4, 0x0861, 0x0000, 0x0021, 0x0020,
  0x0020, 0x0020, 0x0020, 0x0020, 0x0020, 0x0020, 0x0020, 0x0020, 0x0020, 0x0020, 0x0020, 0x0020,
  0x0020, 0x0020, 0x0020, 0x0020, 0x0020, 0x0020, 0x0020, 0x0020, 0x0020, 0x0020, 0x0020, 0x0020,
  0x0020, 0x0020, 0x0020, 0x0020, 0x0020, 0x0020, 0x0020, 0x0020, 0x0020, 0x0020, 0x0020, 0x0020,
  0x0020, 0x0020, 0x0020, 0x0020, 0x0020, 0x0020, 0x0020, 0x0020, 0x0020, 0x0020, 0x0020, 0x0020,
  0x0020, 0x0020, 0x0020, 0x0020, 0x0020, 0x0020, 0x0020, 0x0020, 0x0020, 0x0020, 0x0020, 0x0020,
  0x0020, 0x0021, 0x0000, 0x2965, 0x4249, 0x31A7, 0x4249, 0x2124, 0x3165, 0xD657, 0xC594, 0xDE77,
  0x8C2F, 0x1904, 0x2966, 0x2945, 0x2965, 0x2966, 0x2986, 0x2945, 0x2965, 0x31A7, 0x18E3, 0x18C3,
  0x1082, 0x18C3, 0x7B8C, 0xD636, 0xE6B8, 0xE698, 0xE6B8, 0xE6B8, 0xD637, 0xAD33, 0x83CD, 0x5A26,
  0x7B8C, 0xAD12, 0x6B2B, 0x5289, 0x52AA, 0x6BAF, 0x94D3, 0xAD76, 0xAD96, 0xA576, 0xA535, 0xA535,
  0xA535, 0xA535, 0xA535, 0xA535, 0x9D35, 0x9D35, 0xA555, 0xAD96, 0xB5D7, 0xBE38, 0xC659, 0xC639,
  0xAD76, 0x8451, 0x634D, 0x630C, 0x83CE, 0xB533, 0xDE57, 0xEED9, 0xE6B8, 0xDE77, 0xDE77, 0xDE99,
  0xA42C, 0xCBA5, 0x28A0, 0x6B6D, 0xE6B8, 0xBD73, 0x9C6F, 0xC5B5, 0x8BEE, 0x6AEA, 0x10C3, 0x1904,
  0x10A2, 0x83AD, 0xB512, 0xACF1, 0xACF1, 0xAD12, 0xAD12, 0xB532, 0xA4B1, 0x7B6C, 0x18C3, 0x18E4,
  0x1082, 0x0000, 0x0000, 0x0000, 0x0000, 0x0020, 0x0020, 0x0020, 0x0020, 0x0020, 0x0020, 0x0020,
  0x0020, 0x0020, 0x0020, 0x0020, 0x0020, 0x0020, 0x0020, 0x0020, 0x0020, 0x0020, 0x0020, 0x0020,
  0x0020, 0x0020, 0x0020, 0x0020, 0x0020, 0x0020, 0x0020, 0x0020, 0x0020, 0x0020, 0x0020, 0x0020,
  0x0020, 0x0020, 0x0020, 0x0020, 0x0020, 0x0020, 0x0020, 0x0020, 0x0020, 0x0020, 0x0020, 0x0020,
  0x0020, 0x0020, 0x0020, 0x0020, 0x0020, 0x0020, 0x0020, 0x0020, 0x0020, 0x0020, 0x0020, 0x0020,
  0x0020, 0x0020, 0x0020, 0x0020, 0x0020, 0x0000, 0x10A2, 0x4A8A, 0x3A08, 0x31C7, 0x2104, 0xAD33,
  0x9C70, 0x5AA9, 0x9C90, 0xCE16, 0x942F, 0x18E3, 0x2945, 0x2966, 0x2966, 0x2965, 0x2966, 0x2986,
  0x2986, 0x2966, 0x18C3, 0x18C3, 0x0862, 0x18E3, 0x18E3, 0x39C6, 0x7B8D, 0xB533, 0xD636, 0xE6B8,
  0xE6D8, 0xE6D9, 0xE6D9, 0xDE77, 0xE6B8, 0xE6D8, 0xE6D8, 0xD657, 0xACF2, 0x7B8C, 0x5289, 0x52AA,
  0x6BAE, 0x94D3, 0xAD96, 0xAD96, 0xA576, 0xA555, 0xA535, 0x9D35, 0xA535, 0xA555, 0xA555, 0x9D35,
  0x9D34, 0xA555, 0xAD76, 0xB5D7, 0xC639, 0xCE79, 0xC659, 0xA596, 0x8451, 0x6B6D, 0x632C, 0x7B8D,
  0xB553, 0xE6B8, 0xDE57, 0xDEB8, 0x93CB, 0x4183, 0x10E4, 0x7BCE, 0xE6B8, 0xC5D4, 0xACF2, 0xBD94,
  0x9C6F, 0x6B2B, 0x10A3, 0x1904, 0x10A2, 0x7BAD, 0xACF2, 0xB512, 0xACF2, 0xACF1, 0xAD12, 0x9C90,
  0x83CD, 0x7B8C, 0x18E3, 0x18C3, 0x1082, 0x2986, 0x2966, 0x18E3, 0x0020, 0x0000, 0x0020, 0x0020,
  0x0020, 0x0020, 0x0020, 0x0020, 0x0020, 0x0020, 0x0020, 0x0020, 0x0020, 0x0020, 0x0020, 0x0020,
  0x0020, 0x0020, 0x0020, 0x0020, 0x0020, 0x0020, 0x0020, 0x0020, 0x0020, 0x0020, 0x0020, 0x0020,
  0x0020, 0x0020, 0x0020, 0x0020, 0x0020, 0x0020, 0x0020, 0x0020, 0x0020, 0x0020, 0x0020, 0x0020,
  0x0020, 0x0020, 0x0020, 0x0020, 0x0020, 0x0020, 0x0020, 0x0020, 0x0020, 0x0020, 0x0020, 0x0020,
  0x0020, 0x0020, 0x0020, 0x0020, 0x0020, 0x0020, 0x0020, 0x0020, 0x0020, 0x0000, 0x31A7, 0x39E8,
  0x3A08, 0x1904, 0x9CD2, 0xFF9B, 0xF73A, 0xD657, 0x8C0F, 0x630A, 0x4A27, 0x1082, 0x18E4, 0x2966,
  0x2966, 0x2966, 0x2965, 0x2965, 0x2966, 0x2986, 0x18C3, 0x10C3, 0x0841, 0x10A2, 0x18C3, 0x10A2,
  0x18E4, 0x2945, 0x4207, 0x7B8D, 0xB553, 0xD657, 0xE6B8, 0xE6B8, 0xDE77, 0xD657, 0xD657, 0xDE98,
  0xEEF9, 0xEEF9, 0xDE77, 0xB532, 0x7BAD, 0x52AA, 0x4A8A, 0x636E, 0x8CB3, 0xA576, 0xADB6, 0xAD76,
  0xA555, 0xA535, 0xA535, 0xA535, 0xA555, 0xA535, 0x9D35, 0xA555, 0xA575, 0xAD96, 0xB5D7, 0xBE18,
  0xC659, 0xC679, 0xB5D7, 0x8CB3, 0x632C, 0xACF1, 0xE6B8, 0xDE77, 0x4208, 0x3A29, 0x31A7, 0x7B8D,
  0xE697, 0xD616, 0xE698, 0xBD73, 0x9C4F, 0x734B, 0x10A2, 0x1904, 0x10A2, 0x83AD, 0xAD12, 0xAD12,
  0xAD12, 0xB512, 0x9C4F, 0x7B8C, 0x83AD, 0x7B6C, 0x2103, 0x18E4, 0x1082, 0x2966, 0x39E7, 0x39C7,
  0x4229, 0x0861, 0x0000, 0x0020, 0x0020, 0x0020, 0x0020, 0x0020, 0x0020, 0x0020, 0x0020, 0x0020,
  0x0020, 0x0020, 0x0020, 0x0020, 0x0020, 0x0020, 0x0020, 0x0020, 0x0020, 0x0020, 0x0020, 0x0020,
  0x0020, 0x0020, 0x0020, 0x0020, 0x0020, 0x0020, 0x0020, 0x0020, 0x0020, 0x0020, 0x0020, 0x0020,
  0x0020, 0x0020, 0x0020, 0x0020, 0x0020, 0x0020, 0x0020, 0x0020, 0x0020, 0x0020, 0x0020, 0x0020,
  0x0020, 0x0020, 0x0020, 0x0020, 0x0020, 0x0020, 0x0020, 0x0020, 0x0020, 0x0020, 0x0020, 0x0020,
  0x0020, 0x0000, 0x2986, 0x4229, 0x18E3, 0x7BCE, 0xFFBD, 0xE6D9, 0xEEF9, 0xF73B, 0xFF7B, 0xC594,
  0xB553, 0xB553, 0x62CA, 0x2104, 0x2986, 0x2966, 0x2966, 0x2945, 0x2965, 0x2986, 0x18C3, 0x10A3,
  0x10C3, 0x2104, 0x1082, 0x1082, 0x10C3, 0x2125, 0x2965, 0x2124, 0x2124, 0x41E7, 0x736C, 0xAD33,
  0xD657, 0xE6D9, 0xE6D9, 0xDE98, 0xDE57, 0xD657, 0xDE78, 0xE6D9, 0xEEF9, 0xDE77, 0xB553, 0x83CD,
  0x52A9, 0x4A69, 0x636D, 0x8C92, 0xA576, 0xAD96, 0xAD76, 0xA555, 0x9D35, 0x9D35, 0xA555, 0xA555,
  0xA555, 0xA535, 0x9D35, 0xA555, 0xA576, 0xADB7, 0xB5F8, 0xCE7A, 0x7C10, 0x6B0B, 0xEEF9, 0xD657,
  0x39E7, 0x2986, 0x2125, 0x7BAD, 0xE698, 0xCE16, 0xDE57, 0xBD73, 0x944F, 0x732B, 0x10A2, 0x18E4,
  0x10A2, 0x83AD, 0xAD12, 0xAD12, 0xB512, 0x944F, 0x7B8C, 0x83AD, 0x732B, 0x6B0A, 0x18E3, 0x18E4,
  0x10A2, 0x2986, 0x2986, 0x39E7, 0x3A08, 0x2986, 0x0000, 0x0020, 0x0020, 0x0020, 0x0020, 0x0020,
  0x0020, 0x0020, 0x0020, 0x0020, 0x0020, 0x0020, 0x0020, 0x0020, 0x0020, 0x0020, 0x0020, 0x0020,
  0x0020, 0x0020, 0x0020, 0x0020, 0x0020, 0x0020, 0x0020, 0x0020, 0x0020, 0x0020, 0x0020, 0x0020,
  0x0020, 0x0020, 0x0020, 0x0020, 0x0020, 0x0020, 0x0020, 0x0020, 0x0020, 0x0020, 0x0020, 0x0020,
  0x0020, 0x0020, 0x0020, 0x0020, 0x0020, 0x0020, 0x0020, 0x0020, 0x0020, 0x0020, 0x0020, 0x0020,
  0x0020, 0x0020, 0x0020, 0x0020, 0x0020, 0x0000, 0x2986, 0x2125, 0x5AEB, 0xD657, 0xBD73, 0xEF3A,
  0xEEF9, 0xEEF9, 0xE6D9, 0xE6B9, 0xF73A, 0xF75B, 0xAD12, 0x18A2, 0x2104, 0x2966, 0x2986, 0x2965,
  0x2945, 0x2986, 0x18C3, 0x10C3, 0x18C3, 0x2965, 0x2945, 0x2145, 0x1904, 0x18E4, 0x18E3, 0x18E3,
  0x2104, 0x2124, 0x2104, 0x2124, 0x39E7, 0x736C, 0xAD12, 0xD657, 0xE6D9, 0xE6B8, 0xDE78, 0xDE57,
  0xD657, 0xDE77, 0xE6B8, 0xEED9, 0xDE97, 0xBD74, 0x8C0E, 0x5AAA, 0x4A69, 0x634D, 0x8C72, 0xA555,
  0xAD96, 0xAD76, 0xA555, 0x9D35, 0xA535, 0xA555, 0xA555, 0xA535, 0x9D35, 0x9D14, 0xA555, 0x9D14,
  0x426A, 0x736D, 0xEED9, 0xD636, 0x4207, 0x2966, 0x10A2, 0x7BCE, 0xE6B8, 0xCDF5, 0xDE57, 0xBD74,
  0x944F, 0x732B, 0x10A2, 0x18E4, 0x10A2, 0x7BAD, 0xACF1, 0xAD12, 0x940E, 0x7B8C, 0x83AD, 0x83AD,
  0x7B8C, 0x734B, 0x10A2, 0x18C3, 0x1082, 0x2965, 0x4249, 0x39E7, 0x2966, 0x39E7, 0x1904, 0x0000,
  0x0020, 0x0020, 0x0020, 0x0020, 0x0020, 0x0020, 0x0020, 0x0020, 0x0020, 0x0020, 0x0020, 0x0020,
  0x0020, 0x0020, 0x0020, 0x0020, 0x0020, 0x0020, 0x0020, 0x0020, 0x0020, 0x0020, 0x0020, 0x0020,
  0x0020, 0x0020, 0x0020, 0x0020, 0x0020, 0x0020, 0x0020, 0x0020, 0x0020, 0x0020, 0x0020, 0x0020,
  0x0020, 0x0020, 0x0020, 0x0020, 0x0020, 0x0020, 0x0020, 0x0020, 0x0020, 0x0020, 0x0020, 0x0020,
  0x0020, 0x0020, 0x0020, 0x0020, 0x0020, 0x0020, 0x0020, 0x0020, 0x0020, 0x0000, 0x2945, 0x2945,
  0xCE37, 0xD636, 0xD657, 0xF73A, 0xEEF9, 0xEEF9, 0xEEFA, 0xEEF9, 0xEF1A, 0xBD94, 0x3165, 0x3186,
  0x2986, 0x1904, 0x2124, 0x2966, 0x31A6, 0x2986, 0x18C3, 0x10A3, 0x0861, 0x2145, 0x2945, 0x2966,
  0x31C7, 0x39E8, 0x31A7, 0x2965, 0x1904, 0x18C3, 0x18E3, 0x2104, 0x2125, 0x1904, 0x2104, 0x39E7,
  0x736C, 0xAD12, 0xD657, 0xE6D8, 0xE6D9, 0xDE98, 0xD657, 0xD657, 0xDE77, 0xE6B8, 0xEED9, 0xE698,
  0xBD94, 0x8BEE, 0x5ACA, 0x4A89, 0x632C, 0x8451, 0xA535, 0xAD96, 0xAD76, 0xA555, 0x9D35, 0x9D35,
  0xA535, 0xA555, 0xA555, 0x94F4, 0x52CC, 0x736C, 0xE6B8, 0xD637, 0x4208, 0x2966, 0x10C3, 0x7BAE,
  0xE6B8, 0xCE16, 0xD657, 0xBD94, 0x9C4F, 0x732B, 0x10A3, 0x18E4, 0x1082, 0x83AD, 0xACD1, 0x8BCD,
  0x7B6C, 0x83AD, 0x7B8C, 0x83AD, 0x83CD, 0x39C6, 0x10C3, 0x10A3, 0x10A3, 0x39E8, 0x31C7, 0x2986,
  0x31A7, 0x3186, 0x31C7, 0x0861, 0x0000, 0x0020, 0x0020, 0x0020, 0x0020, 0x0020, 0x0020, 0x0020,
  0x0020, 0x0020, 0x0020, 0x0020, 0x0020, 0x0020, 0x0020, 0x0020, 0x0020, 0x0020, 0x0020, 0x0020,
  0x0020, 0x0020, 0x0020, 0x0020, 0x0020, 0x0020, 0x0020, 0x0020, 0x0020, 0x0020, 0x0020, 0x0020,
  0x0020, 0x0020, 0x0020, 0x0020, 0x0020, 0x0020, 0x0020, 0x0020, 0x0020, 0x0020, 0x0020, 0x0020,
  0x0020, 0x0020, 0x0020, 0x0020, 0x0020, 0x0020, 0x0020, 0x0020, 0x0020, 0x0020, 0x0020, 0x0020,
  0x0020, 0x0020, 0x2124, 0x4A49, 0xD657, 0xCDD5, 0xD678, 0xE6B9, 0xEEF9, 0xEF1A, 0xEEFA, 0xEF1A,
  0xDE98, 0x5268, 0x1904, 0x4229, 0x4A6A, 0x4A6A, 0x39E7, 0x2124, 0x2124, 0x2125, 0x1082, 0x1082,
  0x10A2, 0x2945, 0x31C7, 0x3186, 0x31C7, 0x39E8, 0x39E8, 0x39E8, 0x39E8, 0x31C7, 0x2966, 0x2104,
  0x18C3, 0x18E3, 0x2104, 0x2124, 0x1904, 0x2124, 0x39C7, 0x6B4C, 0xA4F2, 0xD636, 0xE6B8, 0xE6B8,
  0xDE77, 0xD657, 0xD636, 0xDE77, 0xE6B8, 0xE6D9, 0xE698, 0xC5B5, 0x8C2F, 0x62CA, 0x4A69, 0x5B0C,
  0x7C31, 0x9D35, 0xAD96, 0xAD96, 0xA555, 0x9D35, 0xA555, 0x94F4, 0x52EC, 0x734C, 0xE6B8, 0xDE77,
  0x39E7, 0x2986, 0x10C3, 0x7BAD, 0xE6B8, 0xCE16, 0xDE57, 0xBD74, 0x9C4F, 0x732B, 0x10A2, 0x18E3,
  0x10A2, 0x7B8C, 0x83CD, 0x7B6C, 0x7B8C, 0x7B8C, 0x83AD, 0x7B6C, 0x2965, 0x18E3, 0x1904, 0x1082,
  0x18C3, 0x3186, 0x2986, 0x31A6, 0x31A6, 0x2145, 0x31A7, 0x2986, 0x0000, 0x0020, 0x0020, 0x0020,
  0x0020, 0x0020, 0x0020, 0x0020, 0x0020, 0x0020, 0x0020, 0x0020, 0x0020, 0x0020, 0x0020, 0x0020,
  0x0020, 0x0020, 0x0020, 0x0020, 0x0020, 0x0020, 0x0020, 0x0020, 0x0020, 0x0020, 0x0020, 0x0020,
  0x0020, 0x0020, 0x0020, 0x0020, 0x0020, 0x0020, 0x0020, 0x0020, 0x0020, 0x0020, 0x0020, 0x0020,
  0x0020, 0x0020, 0x0020, 0x0020, 0x0020, 0x0020, 0x0020, 0x0020, 0x0020, 0x0020, 0x0020, 0x0020,
  0x0020, 0x0020, 0x0020, 0x0020, 0x0020, 0x0020, 0x2125, 0x4228, 0xC5D5, 0xA4B0, 0xCDF5, 0xCDF5,
  0xCE16, 0xD678, 0xEEF9, 0xEF1A, 0x83AD, 0x1904, 0x3A08, 0x39E8, 0x39E7, 0x3A08, 0x4229, 0x4A69,
  0x4249, 0x2945, 0x2104, 0x2145, 0x3A08, 0x2966, 0x2124, 0x4A69, 0x3186, 0x18E4, 0x2966, 0x31C7,
  0x3A08, 0x39E8, 0x39E8, 0x39E8, 0x31C7, 0x2966, 0x1904, 0x18C3, 0x18C3, 0x2104, 0x2124, 0x1904,
  0x2104, 0x39C6, 0x6B2B, 0xA4F2, 0xD616, 0xE6B8, 0xE6B8, 0xDE77, 0xD636, 0xD637, 0xD657, 0xDE98,
  0xE6B8, 0xE6B8, 0xC5D5, 0x944F, 0x630B, 0x4A69, 0x5AEC, 0x7C31, 0x9D34, 0xAD96, 0xAD96, 0x9D35,
  0x530C, 0x6B4C, 0xF73A, 0x9470, 0x2966, 0x31A7, 0x10C3, 0x7BAE, 0xE698, 0xCE16, 0xDE57, 0xBD74,
  0x9C6F, 0x732B, 0x10A2, 0x18E4, 0x1082, 0x62EA, 0x83AD, 0x83AD, 0x7B8C, 0x83CD, 0x6B0A, 0x2104,
  0x18E3, 0x1904, 0x1082, 0x18C3, 0x0862, 0x2145, 0x31C7, 0x31A6, 0x2986, 0x2986, 0x31A7, 0x2125,
  0x0020, 0x0020, 0x0020, 0x0020, 0x0020, 0x0020, 0x0020, 0x0020, 0x0020, 0x0020, 0x0020, 0x0020,
  0x0020, 0x0020, 0x0020, 0x0020, 0x0020, 0x0020, 0x0020, 0x0020, 0x0020, 0x0020, 0x0020, 0x0020,
  0x0020, 0x0020, 0x0020, 0x0020, 0x0020, 0x0020, 0x0020, 0x0020, 0x0020, 0x0020, 0x0020, 0x0020,
  0x0020, 0x0020, 0x0020, 0x0020, 0x0020, 0x0020, 0x0020, 0x0020, 0x0020, 0x0020, 0x0020, 0x0020,
  0x0020, 0x0020, 0x0020, 0x0020, 0x0020, 0x0020, 0x0020, 0x0020, 0x0020, 0x0020, 0x2125, 0x4228,
  0xC5D5, 0xAD12, 0xD616, 0xD616, 0xD616, 0xCDF6, 0xCE37, 0xA4D1, 0x2124, 0x31A7, 0x2986, 0x3A08,
  0x3A08, 0x3A08, 0x39E8, 0x39E8, 0x39E7, 0x4229, 0x4249, 0x4249, 0x2124, 0x31A6, 0xC5F6, 0xF73A,
  0xDE78, 0xA4F2, 0x5AEB, 0x2986, 0x2125, 0x2966, 0x31C7, 0x39E8, 0x39E7, 0x39E8, 0x39E8, 0x31C7,
  0x2986, 0x2104, 0x18C3, 0x18E3, 0x2104, 0x2124, 0x2104, 0x2124, 0x39C6, 0x6B0B, 0xA4B1, 0xCE16,
  0xE6B8, 0xE6B8, 0xDE77, 0xD636, 0xD637, 0xD657, 0xDE98, 0xE6D9, 0xE6B8, 0xCDF5, 0x9C90, 0x630B,
  0x4A69, 0x52CB, 0x7C10, 0x7C31, 0x2986, 0x942F, 0xBDB5, 0x3186, 0x31A6, 0x2966, 0x10C3, 0x7BAE,
  0xE697, 0xCE15, 0xDE57, 0xBD74, 0x9C4F, 0x732B, 0x1082, 0x18E3, 0x1082, 0x6AEA, 0x7B6C, 0x5A89,
  0x83CD, 0x62CA, 0x18E3, 0x18E4, 0x18C3, 0x0861, 0x5AA9, 0xBD73, 0x39E7, 0x0882, 0x3186, 0x31A7,
  0x31A7, 0x3186, 0x2104, 0x18E4, 0x0020, 0x0000, 0x0020, 0x0020, 0x0020, 0x0020, 0x0020, 0x0020,
  0x0020, 0x0020, 0x0020, 0x0020, 0x0020, 0x0020, 0x0020, 0x0020, 0x0020, 0x0020, 0x0020, 0x0020,
  0x0020, 0x0020, 0x0020, 0x0020, 0x0020, 0x0020, 0x0020, 0x0020, 0x0020, 0x0020, 0x0020, 0x0020,
  0x0020, 0x0020, 0x0020, 0x0020, 0x0020, 0x0020, 0x0020, 0x0020, 0x0020, 0x0020, 0x0020, 0x0020,
  0x0020, 0x0020, 0x0020, 0x0020, 0x0020, 0x0020, 0x0020, 0x0020, 0x0020, 0x0020, 0x0020, 0x0020,
  0x0020, 0x0020, 0x2125, 0x4208, 0xD657, 0xD636, 0xCE16, 0xCE15, 0xCE15, 0xD615, 0xDE57, 0x732B,
  0x2965, 0x4208, 0x31C7, 0x3A08, 0x3A08, 0x39E8, 0x3A08, 0x39C7, 0x39E7, 0x4229, 0x39E7, 0x18E4,
  0x5ACA, 0xE6F9, 0xF75B, 0xE6B8, 0xEEF9, 0xF75B, 0xF75B, 0xDE78, 0x9CD2, 0x5AEB, 0x2966, 0x2104,
  0x2966, 0x31C7, 0x39E8, 0x39E8, 0x39E8, 0x39E7, 0x31C7, 0x2966, 0x1904, 0x18C3, 0x18E3, 0x2104,
  0x2125, 0x1904, 0x18E4, 0x31A6, 0x62EB, 0x9CB0, 0xCE16, 0xE6B8, 0xE6D9, 0xDE98, 0xD657, 0xD636,
  0xD657, 0xDE77, 0xE6B8, 0xE6B8, 0xCDF5, 0xA4B0, 0x736C, 0x39E7, 0x7BAD, 0xC5B4, 0x39E7, 0x39E8,
  0x2145, 0x2966, 0x10C3, 0x7BAE, 0xE698, 0xCDF5, 0xDE57, 0xBD74, 0x9C4F, 0x732B, 0x10A2, 0x18E4,
  0x1082, 0x62C9, 0x734B, 0x736C, 0x5268, 0x18C3, 0x1904, 0x10C3, 0x0882, 0x734B, 0xC594, 0xCDD5,
  0xBD74, 0x2104, 0x18E4, 0x3186, 0x2986, 0x2104, 0x18C3, 0x1904, 0x0020, 0x0000, 0x0020, 0x0020,
  0x0020, 0x0020, 0x0020, 0x0020, 0x0020, 0x0020, 0x0020, 0x0020, 0x0020, 0x0020, 0x0020, 0x0020,
  0x0020, 0x0020, 0x0020, 0x0020, 0x0020, 0x0020, 0x0020, 0x0020, 0x0020, 0x0020, 0x0020, 0x0020,
  0x0020, 0x0020, 0x0020, 0x0020, 0x0020, 0x0020, 0x0020, 0x0020, 0x0020, 0x0020, 0x0020, 0x0020,
  0x0020, 0x0020, 0x0020, 0x0020, 0x0020, 0x0020, 0x0020, 0x0020, 0x0020, 0x0020, 0x0020, 0x0020,
  0x0020, 0x0020, 0x0020, 0x0020, 0x0020, 0x0020, 0x2125, 0x4228, 0xD636, 0xCDD5, 0xCDF5, 0xCE15,
  0xCE15, 0xCDF5, 0xD636, 0x6B2B, 0x2986, 0x4249, 0x4249, 0x4228, 0x39E8, 0x39E8, 0x3A08, 0x39E8,
  0x4A6A, 0x39E8, 0x1904, 0x840F, 0xDE78, 0xE6B8, 0xEEF9, 0xEEF9, 0xEEF9, 0xE6D9, 0xE6D9, 0xEEF9,
  0xF75A, 0xF75B, 0xD678, 0x9CD2, 0x5AEB, 0x2986, 0x2125, 0x2966, 0x31C7, 0x39E7, 0x39E7, 0x39E8,
  0x39E8, 0x31C7, 0x2966, 0x2104, 0x18C3, 0x18C3, 0x2104, 0x2104, 0x2104, 0x2104, 0x31A6, 0x62EB,
  0x9C91, 0xCDF6, 0xE6B8, 0xE6B8, 0xDE77, 0xD636, 0xD636, 0xD637, 0xDE77, 0xE6B8, 0xE6B8, 0xDE57,
  0xD636, 0x4228, 0x31A7, 0x2965, 0x2145, 0x2966, 0x10C3, 0x7BAE, 0xE6B8, 0xCE15, 0xD656, 0xBD73,
  0x9C4F, 0x732B, 0x10A2, 0x18E4, 0x10A2, 0x62C9, 0x7B8C, 0x4A27, 0x18E4, 0x2124, 0x10A2, 0x10A2,
  0x7B8C, 0xC5B4, 0xC5B5, 0xBD94, 0xCE16, 0x944F, 0x0861, 0x1904, 0x2145, 0x18E4, 0x1904, 0x2104,
  0x0020, 0x0000, 0x0020, 0x0020, 0x0020, 0x0020, 0x0020, 0x0020, 0x0020, 0x0020, 0x0020, 0x0020,
  0x0020, 0x0020, 0x0020, 0x0020, 0x0020, 0x0020, 0x0020, 0x0020, 0x0020, 0x0020, 0x0020, 0x0020,
  0x0020, 0x0020, 0x0020, 0x0020, 0x0020, 0x0020, 0x0020, 0x0020, 0x0020, 0x0020, 0x0020, 0x0020,
  0x0020, 0x0020, 0x0020, 0x0020, 0x0020, 0x0020, 0x0020, 0x0020, 0x0020, 0x0020, 0x0020, 0x0020,
  0x0020, 0x0020, 0x0020, 0x0020, 0x0020, 0x0020, 0x0020, 0x0020, 0x0020, 0x0020, 0x2145, 0x4228,
  0xD636, 0xCDF5, 0xCDF5, 0xCDF5, 0xCDF5, 0xCDF5, 0xD636, 0x6B0B, 0x1904, 0x2145, 0x2966, 0x39C7,
  0x4229, 0x4A49, 0x31A6, 0x4228, 0x4229, 0x2125, 0x9470, 0xF75B, 0xC5B4, 0xDE98, 0xEF1A, 0xEEF9,
  0xEEF9, 0xEEF9, 0xEEF9, 0xEEF9, 0xE6D9, 0xE6B8, 0xEF1A, 0xF75B, 0xF75B, 0xDE78, 0x9CD2, 0x5ACB,
  0x2966, 0x1904, 0x2965, 0x31C7, 0x39E8, 0x39E8, 0x39E8, 0x39E8, 0x31C7, 0x2986, 0x2104, 0x18E3,
  0x18E3, 0x2104, 0x2124, 0x1904, 0x1904, 0x3186, 0x5ACA, 0x9C70, 0xCDF5, 0xE698, 0xE6B8, 0xDE77,
  0xD636, 0xD616, 0xD657, 0xDE57, 0x4A49, 0x31C7, 0x2966, 0x2145, 0x2145, 0x2966, 0x10C3, 0x7BAE,
  0xE6B8, 0xCE15, 0xD656, 0xBD73, 0x9C4F, 0x732B, 0x10A2, 0x18E4, 0x10A3, 0x62CA, 0x39A5, 0x10C3,
  0x2124, 0x1082, 0x18E3, 0x8C0E, 0xC5D5, 0xC5D5, 0xC5B4, 0xC5D5, 0xBD53, 0xD616, 0x5248, 0x10A3,
  0x2145, 0x18E4, 0x1904, 0x1904, 0x0020, 0x0000, 0x0020, 0x0020, 0x0020, 0x0020, 0x0020, 0x0020,
  0x0020, 0x0020, 0x0020, 0x0020, 0x0020, 0x0020, 0x0020, 0x0020, 0x0020, 0x0020, 0x0020, 0x0020,
  0x0020, 0x0020, 0x0020, 0x0020, 0x0020, 0x0020, 0x0020, 0x0020, 0x0020, 0x0020, 0x0020, 0x0020,
  0x0020, 0x0020, 0x0020, 0x0020, 0x0020, 0x0020, 0x0020, 0x0020, 0x0020, 0x0020, 0x0020, 0x0020,
  0x0020, 0x0020, 0x0020, 0x0020, 0x0020, 0x0020, 0x0020, 0x0020, 0x0020, 0x0020, 0x0020, 0x0020,
  0x0020, 0x0020, 0x2145, 0x4228, 0xD637, 0xCDF5, 0xCDF5, 0xCDF5, 0xCE15, 0xCDF5, 0xD636, 0x6B0B,
  0x1904, 0x2966, 0x2145, 0x2145, 0x2966, 0x3186, 0x31C7, 0x4249, 0x3A08, 0x4208, 0xDE78, 0xCDF6,
  0xCE16, 0xD657, 0xE6B9, 0xEF1A, 0xEF1A, 0xEEF9, 0xE6D9, 0xE6D9, 0xE6D9, 0xEED9, 0xE6D9, 0xE6D9,
  0xE6D9, 0xEF1A, 0xF75B, 0xF75B, 0xD678, 0x9CD2, 0x5ACB, 0x2986, 0x2104, 0x2966, 0x31C7, 0x39E8,
  0x39E8, 0x39E8, 0x3A08, 0x3A08, 0x31C7, 0x2945, 0x18E3, 0x18E3, 0x18E4, 0x2104, 0x1904, 0x1904,
  0x3186, 0x5ACA, 0x9470, 0xC5D5, 0xDE77, 0xE698, 0xDE97, 0x62EB, 0x31A7, 0x2986, 0x2145, 0x2945,
  0x2945, 0x2966, 0x10C3, 0x7BAE, 0xE698, 0xCDF5, 0xD657, 0xBD53, 0x944F, 0x732B, 0x1082, 0x18E4,
  0x10A2, 0x2103, 0x1904, 0x2124, 0x0882, 0x2944, 0x9C4F, 0xC5D5, 0xC5B4, 0xC5B4, 0xC5B4, 0xC5D5,
  0xC5D5, 0xA4D1, 0x4A27, 0x10A3, 0x2125, 0x18E3, 0x18E4, 0x1904, 0x0020, 0x0000, 0x0020, 0x0020,
  0x0020, 0x0020, 0x0020, 0x0020, 0x0020, 0x0020, 0x0020, 0x0020, 0x0020, 0x0020, 0x0020, 0x0020,
  0x0020, 0x0020, 0x0020, 0x0020, 0x0020, 0x0020, 0x0020, 0x0020, 0x0020, 0x0020, 0x0020, 0x0020,
  0x0020, 0x0020, 0x0020, 0x0020, 0x0020, 0x0020, 0x0020, 0x0020, 0x0020, 0x0020, 0x0020, 0x0020,
  0x0020, 0x0020, 0x0020, 0x0020, 0x0020, 0x0020, 0x0020, 0x0020, 0x0020, 0x0020, 0x0020, 0x0020,
  0x0020, 0x0020, 0x0020, 0x0020, 0x0020, 0x0000, 0x1904, 0x4229, 0xD636, 0xC5B4, 0xCE15, 0xCDF5,
  0xCE16, 0xCDF5, 0xD636, 0x6AEA, 0x1904, 0x2966, 0x2965, 0x2965, 0x2966, 0x2125, 0x31A6, 0x31A7,
  0x3186, 0x39E7, 0xD637, 0xACD1, 0xC594, 0xC5D5, 0xC5B5, 0xC5F6, 0xD678, 0xE6B9, 0xEEF9, 0xEEF9,
  0xEED9, 0xE6D9, 0xE6D9, 0xE6D9, 0xE6D9, 0xEEF9, 0xE6D9, 0xE6D9, 0xEEF9, 0xF75B, 0xF75B, 0xD678,
  0x9CB2, 0x5ACB, 0x2986, 0x2124, 0x2966, 0x39E7, 0x39E8, 0x39E8, 0x39E8, 0x3A08, 0x3A08, 0x31C7,
  0x2945, 0x18E3, 0x18E3, 0x2104, 0x2124, 0x1904, 0x18E4, 0x3185, 0x5AA9, 0x9C90, 0x6B2B, 0x31C7,
  0x31A7, 0x2145, 0x2965, 0x2945, 0x2945, 0x2966, 0x10C3, 0x7BAE, 0xE697, 0xCDF5, 0xD657, 0xBD73,
  0x944F, 0x6B2B, 0x10A2, 0x18E3, 0x18E3, 0x1904, 0x1904, 0x0861, 0x3185, 0xA4B0, 0xC5D5, 0xC5D5,
  0xC5B4, 0xC5B4, 0xC5B4, 0xC5D5, 0x9C70, 0x83CD, 0x41E7, 0x10A2, 0x2125, 0x18E4, 0x1904, 0x1904,
  0x0020, 0x0000, 0x0020, 0x0020, 0x0020, 0x0020, 0x0020, 0x0020, 0x0020, 0x0020, 0x0020, 0x0020,
  0x0020, 0x0020, 0x0020, 0x0020, 0x0020, 0x0020, 0x0020, 0x0020, 0x0020, 0x0020, 0x0020, 0x0020,
  0x0020, 0x0020, 0x0020, 0x0020, 0x0020, 0x0020, 0x0020, 0x0020, 0x0020, 0x0020, 0x0020, 0x0020,
  0x0020, 0x0020, 0x0020, 0x0020, 0x0020, 0x0020, 0x0020, 0x0020, 0x0020, 0x0020, 0x0020, 0x0020,
  0x0020, 0x0020, 0x0020, 0x0020, 0x0020, 0x0020, 0x0020, 0x0020, 0x0020, 0x0020, 0x0000, 0x4228,
  0xCDF6, 0x8C0E, 0xCDF5, 0xCE15, 0xCE16, 0xCDF5, 0xD636, 0x6B0B, 0x2104, 0x2966, 0x2945, 0x2965,
  0x2966, 0x2945, 0x2986, 0x2145, 0x1904, 0x31A6, 0xCE16, 0x83EE, 0xB533, 0xD616, 0xD636, 0xD636,
  0xC5D5, 0xC5D6, 0xCE16, 0xD658, 0xE6B9, 0xEEF9, 0xEEF9, 0xEED9, 0xE6D9, 0xE6D9, 0xEEF9, 0xEED9,
  0xE6D9, 0xE6D9, 0xE6D9, 0xEEFA, 0xF75B, 0xF75B, 0xD678, 0x9CB2, 0x5ACB, 0x2986, 0x2125, 0x2986,
  0x39C7, 0x39E8, 0x31C7, 0x39E8, 0x4229, 0x3A08, 0x39C7, 0x2965, 0x2104, 0x18C3, 0x18E4, 0x1904,
  0x2104, 0x18E3, 0x2125, 0x31A6, 0x2125, 0x2145, 0x2945, 0x2965, 0x2145, 0x2966, 0x10C3, 0x7B8D,
  0xE697, 0xCDF5, 0xD656, 0xBD74, 0x942E, 0x6B0B, 0x10A2, 0x18C3, 0x18C3, 0x18E4, 0x0861, 0x4207,
  0xACF1, 0xC5D5, 0xC5B4, 0xC5B4, 0xC5B4, 0xCDD5, 0xC5D5, 0x944F, 0x734B, 0x838D, 0x4A27, 0x1082,
  0x2125, 0x18E4, 0x18E4, 0x2104, 0x0020, 0x0020, 0x0020, 0x0020, 0x0020, 0x0020, 0x0020, 0x0020,
  0x0020, 0x0020, 0x0020, 0x0020, 0x0020, 0x0020, 0x0020, 0x0020, 0x0020, 0x0020, 0x0020, 0x0020,
  0x0020, 0x0020, 0x0020, 0x0020, 0x0020, 0x0020, 0x0020, 0x0020, 0x0020, 0x0020, 0x0020, 0x0020,
  0x0020, 0x0020, 0x0020, 0x0020, 0x0020, 0x0020, 0x0020, 0x0020, 0x0020, 0x0020, 0x0020, 0x0020,
  0x0020, 0x0020, 0x0020, 0x0020, 0x0020, 0x0020, 0x0020, 0x0020, 0x0020, 0x0020, 0x0020, 0x0020,
  0x0020, 0x0020, 0x0000, 0x2945, 0xB533, 0xC5B4, 0xD656, 0xCE16, 0xCDF5, 0xCDD5, 0xD636, 0x6B0B,
  0x2104, 0x2966, 0x2145, 0x2945, 0x2965, 0x2145, 0x2986, 0x2966, 0x2145, 0x39C7, 0xD636, 0xCDF5,
  0xCDF5, 0xD636, 0xB532, 0xAD12, 0xD636, 0xDE97, 0xD616, 0xCDD5, 0xC5D5, 0xCDF6, 0xD657, 0xE6B8,
  0xEEF9, 0xEEF9, 0xEEF9, 0xE6D9, 0xE6D9, 0xE6D9, 0xEED9, 0xE6D9, 0xE6D9, 0xE6D9, 0xEF1A, 0xF75B,
  0xF75B, 0xD678, 0x9CB1, 0x5ACA, 0x2986, 0x2945, 0x3A08, 0x3A08, 0x39E7, 0x39E8, 0x39E8, 0x4208,
  0x4228, 0x39E7, 0x2965, 0x18E4, 0x18E3, 0x18C3, 0x2145, 0x2945, 0x2145, 0x2145, 0x2145, 0x2945,
  0x2945, 0x2965, 0x10C3, 0x7BAD, 0xE677, 0xCDF5, 0xD657, 0xBD73, 0x942E, 0x6B0B, 0x10A3, 0x18C3,
  0x18C3, 0x0882, 0x5268, 0xB512, 0xC5D5, 0xC5B4, 0xC5B4, 0xC5B4, 0xCDD5, 0xC5B5, 0x942F, 0x7B8C,
  0x734C, 0x7B8C, 0x39A5, 0x10A2, 0x2124, 0x18E4, 0x18E3, 0x1904, 0x0020, 0x0000, 0x0020, 0x0020,
  0x0020, 0x0020, 0x0020, 0x0020, 0x0020, 0x0020, 0x0020, 0x0020, 0x0020, 0x0020, 0x0020, 0x0020,
  0x0020, 0x0020, 0x0020, 0x0020, 0x0020, 0x0020, 0x0020, 0x0020, 0x0020, 0x0020, 0x0020, 0x0020,
  0x0020, 0x0020, 0x0020, 0x0020, 0x0020, 0x0020, 0x0020, 0x0020, 0x0020, 0x0020, 0x0020, 0x0020,
  0x0020, 0x0020, 0x0020, 0x0020, 0x0020, 0x0020, 0x0020, 0x0020, 0x0020, 0x0020, 0x0020, 0x0020,
  0x0020, 0x0020, 0x0020, 0x0020, 0x0020, 0x0020, 0x0000, 0x10A2, 0x18E3, 0x4A27, 0x942F, 0xCDD5,
  0xD636, 0xCDF5, 0xD616, 0x6B0B, 0x1904, 0x2965, 0x2145, 0x2945, 0x2965, 0x2145, 0x2966, 0x2986,
  0x2124, 0x31A7, 0xD636, 0xCDD5, 0xCDF5, 0xA4B1, 0x5268, 0x4983, 0x6267, 0x7BAD, 0xB533, 0xD636,
  0xDE56, 0xD616, 0xC5D5, 0xC5D5, 0xC5F6, 0xD657, 0xE6D9, 0xEEF9, 0xEEF9, 0xEEF9, 0xE6D9, 0xE6D9,
  0xEED9, 0xEEF9, 0xEED9, 0xE6D9, 0xE6D9, 0xEF1A, 0xF73A, 0xF73A, 0xDE98, 0x7B8D, 0x3186, 0x4229,
  0x39E8, 0x39E8, 0x39E8, 0x39E7, 0x39C7, 0x39E8, 0x4229, 0x3A08, 0x39E7, 0x2145, 0x2945, 0x2986,
  0x2145, 0x2145, 0x2145, 0x2145, 0x2145, 0x2965, 0x10C3, 0x7BAD, 0xE697, 0xCDF5, 0xD636, 0xB553,
  0x942E, 0x6B0B, 0x10A2, 0x10C3, 0x1082, 0x62EA, 0xB532, 0xC5B4, 0xC5B4, 0xC5B4, 0xC5B4, 0xCDF5,
  0xBD94, 0x8BEE, 0x7B8C, 0x83AD, 0x83CD, 0x4207, 0x0841, 0x18C3, 0x2124, 0x18E4, 0x18C3, 0x2124,
  0x0020, 0x0000, 0x0020, 0x0020, 0x0020, 0x0020, 0x0020, 0x0020, 0x0020, 0x0020, 0x0020, 0x0020,
  0x0020, 0x0020, 0x0020, 0x0020, 0x0020, 0x0020, 0x0020, 0x0020, 0x0020, 0x0020, 0x0020, 0x0020,
  0x0020, 0x0020, 0x0020, 0x0020, 0x0020, 0x0020, 0x0020, 0x0020, 0x0020, 0x0020, 0x0020, 0x0020,
  0x0020, 0x0020, 0x0020, 0x0020, 0x0020, 0x0020, 0x0020, 0x0020, 0x0020, 0x0020, 0x0020, 0x0020,
  0x0020, 0x0020, 0x0020, 0x0020, 0x0020, 0x0020, 0x0020, 0x0020, 0x0020, 0x0020, 0x0000, 0x0020,
  0x2986, 0x2124, 0x10A2, 0x2944, 0x6B2B, 0xB532, 0xDE56, 0x6B0B, 0x1904, 0x2965, 0x2945, 0x2945,
  0x2965, 0x2145, 0x2986, 0x2986, 0x2104, 0x31A6, 0xD636, 0xCDF5, 0xC5D5, 0x6B0B, 0x6A66, 0xECEA,
  0xCBC6, 0x8AA4, 0x6204, 0x5A67, 0x83CE, 0xB553, 0xD636, 0xDE77, 0xD615, 0xC5B5, 0xC5B5, 0xCDF6,
  0xD678, 0xE6D9, 0xEEF9, 0xEEF9, 0xEEF9, 0xEEF9, 0xE6D9, 0xE6D9, 0xEF1A, 0xE6D9, 0xE6D9, 0xEED9,
  0xBD94, 0xACF1, 0x3185, 0x2125, 0x4249, 0x4229, 0x3A08, 0x39E8, 0x39E7, 0x39E7, 0x39E8, 0x31C7,
  0x3A08, 0x31A7, 0x2945, 0x2966, 0x2145, 0x2145, 0x2145, 0x2145, 0x2145, 0x3186, 0x10C3, 0x7BAD,
  0xDE98, 0xCDF5, 0xD636, 0xB532, 0x942E, 0x6B2B, 0x0882, 0x18C2, 0x736C, 0xB532, 0xC5B4, 0xC5B4,
  0xC5B4, 0xC5B4, 0xCDF5, 0xBD74, 0x8BEE, 0x7B8C, 0x83AD, 0x83CD, 0x39A6, 0x10A2, 0x10A2, 0x18C3,
  0x2124, 0x18E4, 0x2124, 0x10A2, 0x0000, 0x0020, 0x0020, 0x0020, 0x0020, 0x0020, 0x0020, 0x0020,
  0x0020, 0x0020, 0x0020, 0x0020, 0x0020, 0x0020, 0x0020, 0x0020, 0x0020, 0x0020, 0x0020, 0x0020,
  0x0020, 0x0020, 0x0020, 0x0020, 0x0020, 0x0020, 0x0020, 0x0020, 0x0020, 0x0020, 0x0020, 0x0020,
  0x0020, 0x0020, 0x0020, 0x0020, 0x0020, 0x0020, 0x0020, 0x0020, 0x0020, 0x0020, 0x0020, 0x0020,
  0x0020, 0x0020, 0x0020, 0x0020, 0x0020, 0x0020, 0x0020, 0x0020, 0x0020, 0x0020, 0x0020, 0x0020,
  0x0020, 0x0020, 0x0020, 0x0000, 0x10A2, 0x2145, 0x2966, 0x2145, 0x10C3, 0x18C3, 0x5268, 0x41E6,
  0x2145, 0x2966, 0x2965, 0x2945, 0x2965, 0x2145, 0x2986, 0x2986, 0x2104, 0x31C7, 0xD636, 0xD616,
  0xC5B4, 0x62EA, 0x9326, 0xE3E6, 0xDBE6, 0xEC88, 0xE468, 0xC3A6, 0x8A84, 0x61E4, 0x6288, 0x83EE,
  0xB574, 0xD636, 0xDE56, 0xD616, 0xC5D5, 0xC5D5, 0xCDF6, 0xD678, 0xE6D9, 0xEF1A, 0xEEF9, 0xE6D9,
  0xD657, 0xEED9, 0xEEFA, 0xB553, 0x9C90, 0x5A68, 0x18C3, 0x4249, 0x4229, 0x4208, 0x3A08, 0x4208,
  0x3A08, 0x39E8, 0x3186, 0x31C7, 0x39E8, 0x2966, 0x2945, 0x2986, 0x2145, 0x2145, 0x2145, 0x2145,
  0x2145, 0x10A3, 0x0020, 0x738D, 0xEED9, 0xD636, 0xCDD5, 0xAD12, 0x944F, 0x732B, 0x0020, 0x2924,
  0xA4B0, 0xC5B4, 0xC594, 0xC594, 0xC5B4, 0xCDF5, 0xB533, 0x83EE, 0x7B8C, 0x83AD, 0x83AC, 0x3165,
  0x1082, 0x18E3, 0x0862, 0x10C3, 0x2104, 0x1904, 0x10A2, 0x0000, 0x0020, 0x0020, 0x0020, 0x0020,
  0x0020, 0x0020, 0x0020, 0x0020, 0x0020, 0x0020, 0x0020, 0x0020, 0x0020, 0x0020, 0x0020, 0x0020,
  0x0020, 0x0020, 0x0020, 0x0020, 0x0020, 0x0020, 0x0020, 0x0020, 0x0020, 0x0020, 0x0020, 0x0020,
  0x0020, 0x0020, 0x0020, 0x0020, 0x0020, 0x0020, 0x0020, 0x0020, 0x0020, 0x0020, 0x0020, 0x0020,
  0x0020, 0x0020, 0x0020, 0x0020, 0x0020, 0x0020, 0x0020, 0x0020, 0x0020, 0x0020, 0x0020, 0x0020,
  0x0020, 0x0020, 0x0020, 0x0020, 0x0020, 0x0020, 0x0020, 0x0020, 0x0000, 0x0000, 0x0861, 0x18E3,
  0x2965, 0x2966, 0x18E3, 0x1904, 0x2945, 0x2145, 0x2966, 0x2965, 0x2965, 0x2145, 0x2986, 0x2986,
  0x1904, 0x39C7, 0xD636, 0xCE15, 0xC5B4, 0x6B2B, 0x8AE5, 0xDBE6, 0xD3A6, 0xD3A5, 0xD3C6, 0xE427,
  0xEC68, 0xE468, 0xC3A6, 0x8A84, 0x61E4, 0x6288, 0x83EE, 0xBD94, 0xD656, 0xDE56, 0xCDF5, 0xC5D5,
  0xC5D5, 0xCDF6, 0xD657, 0xDEB8, 0xD657, 0xE6B9, 0xACF2, 0x9C6F, 0x83CD, 0x10A3, 0x31A7, 0x3A08,
  0x3A08, 0x4229, 0x4249, 0x4228, 0x3A08, 0x31A6, 0x39E8, 0x4228, 0x39E8, 0x2966, 0x2945, 0x2986,
  0x2145, 0x2145, 0x2945, 0x2965, 0x18E3, 0x9C91, 0xACF2, 0x5289, 0x734B, 0xA4B1, 0xC5B4, 0xC594,
  0x7B8C, 0x2104, 0x2145, 0x2145, 0x4A27, 0xC5B4, 0xC5B4, 0xC5B4, 0xCDF5, 0xAD12, 0x83AD, 0x7B8C,
  0x83CD, 0x7B8C, 0x2945, 0x10A3, 0x18C3, 0x18C3, 0x0862, 0x18C3, 0x2124, 0x10A2, 0x0861, 0x0000,
  0x0020, 0x0020, 0x0020, 0x0020, 0x0020, 0x0020, 0x0020, 0x0020, 0x0020, 0x0020, 0x0020, 0x0020,
  0x0020, 0x0020, 0x0020, 0x0020, 0x0020, 0x0020, 0x0020, 0x0020, 0x0020, 0x0020, 0x0020, 0x0020,
  0x0020, 0x0020, 0x0020, 0x0020, 0x0020, 0x0020, 0x0020, 0x0020, 0x0020, 0x0020, 0x0020, 0x0020,
  0x0020, 0x0020, 0x0020, 0x0020, 0x0020, 0x0020, 0x0020, 0x0020, 0x0020, 0x0020, 0x0020, 0x0020,
  0x0020, 0x0020, 0x0020, 0x0020, 0x0020, 0x0020, 0x0020, 0x0020, 0x0020, 0x0020, 0x0020, 0x0020,
  0x0020, 0x0020, 0x0000, 0x0000, 0x0020, 0x1082, 0x2124, 0x2986, 0x2966, 0x2125, 0x1904, 0x2104,
  0x2145, 0x2945, 0x2966, 0x2966, 0x1904, 0x39C7, 0xD636, 0xCDF5, 0xCDD5, 0x6B2C, 0x8AE5, 0xE3E6,
  0xD3C5, 0xDBC6, 0xD3E6, 0xD3C6, 0xD3A5, 0xD3C6, 0xE427, 0xEC88, 0xE468, 0xBB86, 0x8264, 0x59E4,
  0x6288, 0x8C0F, 0xBD94, 0xDE57, 0xD5F5, 0xC5B4, 0xCE16, 0xCDF6, 0xCDF6, 0xACF2, 0x9C4F, 0x944F,
  0x2104, 0x2966, 0x4228, 0x39E7, 0x39E8, 0x39E8, 0x3A08, 0x4249, 0x39E8, 0x4208, 0x4A6A, 0x4A6A,
  0x4229, 0x39E8, 0x1904, 0x10C3, 0x2124, 0x2945, 0x2986, 0x0882, 0x8C50, 0xFFDD, 0xF75B, 0xDE98,
  0xA4D1, 0x6B2B, 0x62CA, 0x62EA, 0x18E3, 0x2966, 0x31C7, 0x31C7, 0x1904, 0x734B, 0xCDF5, 0xCDF5,
  0xA4D1, 0x7B8C, 0x7B6C, 0x83AD, 0x736C, 0x2924, 0x10C3, 0x18C3, 0x10A2, 0x18C3, 0x0882, 0x10C3,
  0x10A2, 0x0861, 0x0020, 0x0000, 0x0020, 0x0020, 0x0020, 0x0020, 0x0020, 0x0020, 0x0020, 0x0020,
  0x0020, 0x0020, 0x0020, 0x0020, 0x0020, 0x0020, 0x0020, 0x0020, 0x0020, 0x0020, 0x0020, 0x0020,
  0x0020, 0x0020, 0x0020, 0x0020, 0x0020, 0x0020, 0x0020, 0x0020, 0x0020, 0x0020, 0x0020, 0x0020,
  0x0020, 0x0020, 0x0020, 0x0020, 0x0020, 0x0020, 0x0020, 0x0020, 0x0020, 0x0020, 0x0020, 0x0020,
  0x0020, 0x0020, 0x0020, 0x0020, 0x0020, 0x0020, 0x0020, 0x0020, 0x0020, 0x0020, 0x0020, 0x0020,
  0x0020, 0x0020, 0x0020, 0x0020, 0x0020, 0x0020, 0x0020, 0x0020, 0x0000, 0x0000, 0x0000, 0x0841,
  0x18C3, 0x2145, 0x2965, 0x2145, 0x2124, 0x18E4, 0x2966, 0x2966, 0x1904, 0x39C7, 0xCE16, 0xCDF5,
  0xCDD5, 0x630B, 0x8AE6, 0xE406, 0xD3C6, 0xDBE6, 0xD3C6, 0xD3C6, 0xDBC6, 0xD3C6, 0xD3C6, 0xD3A5,
  0xD3C6, 0xE427, 0xEC68, 0xE448, 0xBB86, 0x8A84, 0x59E4, 0x5A88, 0xACF2, 0xD636, 0xB533, 0xA4D1,
  0xB532, 0x8C0E, 0xA4B0, 0x41E7, 0x10C3, 0x3A08, 0x3A08, 0x3A08, 0x3A08, 0x3A08, 0x39E8, 0x39E8,
  0x39E7, 0x4A49, 0x3A08, 0x3A08, 0x4229, 0x4A6A, 0x4A49, 0x31A6, 0x1904, 0x10A3, 0x10A3, 0x39C7,
  0xEF1A, 0xEEF9, 0xE6D9, 0xEF1A, 0xF75B, 0xF75A, 0xD677, 0x4A48, 0x3A08, 0x39E7, 0x2986, 0x2965,
  0x31A6, 0x2124, 0x9C70, 0xA4D1, 0x7B8C, 0x7B8C, 0x83CD, 0x732B, 0x20E3, 0x10C3, 0x18C3, 0x10A3,
  0x10A3, 0x18C3, 0x0862, 0x0861, 0x0861, 0x0000, 0x0000, 0x0020, 0x0020, 0x0020, 0x0020, 0x0020,
  0x0020, 0x0020, 0x0020, 0x0020, 0x0020, 0x0020, 0x0020, 0x0020, 0x0020, 0x0020, 0x0020, 0x0020,
  0x0020, 0x0020, 0x0020, 0x0020, 0x0020, 0x0020, 0x0020, 0x0020, 0x0020, 0x0020, 0x0020, 0x0020,
  0x0020, 0x0020, 0x0020, 0x0020, 0x0020, 0x0020, 0x0020, 0x0020, 0x0020, 0x0020, 0x0020, 0x0020,
  0x0020, 0x0020, 0x0020, 0x0020, 0x0020, 0x0020, 0x0020, 0x0020, 0x0020, 0x0020, 0x0020, 0x0020,
  0x0020, 0x0020, 0x0020, 0x0020, 0x0020, 0x0020, 0x0020, 0x0020, 0x0020, 0x0020, 0x0020, 0x0020,
  0x0020, 0x0020, 0x0020, 0x0000, 0x0000, 0x0020, 0x1082, 0x2104, 0x2965, 0x2124, 0x2986, 0x2966,
  0x2104, 0x39C7, 0xCE16, 0xCDF5, 0xC5B4, 0x62EB, 0x8AE6, 0xE406, 0xDBE6, 0xDBE6, 0xD3C6, 0xDBC6,
  0xDBE6, 0xDBE6, 0xDBC6, 0xDBE6, 0xDBE6, 0xD3C6, 0xD3A5, 0xD3C6, 0xE427, 0xEC68, 0xDC48, 0xA2E4,
  0x51C4, 0xC5D5, 0xACD1, 0x83CD, 0xB553, 0x944F, 0x83AD, 0x10A2, 0x39E7, 0x4229, 0x3A08, 0x4229,
  0x3A08, 0x39E8, 0x3A08, 0x31A6, 0x4A6A, 0x4208, 0x3A08, 0x3A08, 0x3A08, 0x3A08, 0x3A08, 0x4249,
  0x4229, 0x4249, 0x18C3, 0xAD54, 0xF75B, 0xE6D9, 0xEEF9, 0xEEF9, 0xE6B9, 0xF73A, 0x9C91, 0x31C7,
  0x31A7, 0x2986, 0x2986, 0x2986, 0x31A7, 0x2965, 0x41E6, 0x83CD, 0x732B, 0x83CD, 0x6B0A, 0x18E3,
  0x18C3, 0x18C3, 0x10A3, 0x10C3, 0x18C3, 0x10A2, 0x0861, 0x0861, 0x0000, 0x0000, 0x0020, 0x0020,
  0x0020, 0x0020, 0x0020, 0x0020, 0x0020, 0x0020, 0x0020, 0x0020, 0x0020, 0x0020, 0x0020, 0x0020,
  0x0020, 0x0020, 0x0020, 0x0020, 0x0020, 0x0020, 0x0020, 0x0020, 0x0020, 0x0020, 0x0020, 0x0020,
  0x0020, 0x0020, 0x0020, 0x0020, 0x0020, 0x0020, 0x0020, 0x0020, 0x0020, 0x0020, 0x0020, 0x0020,
  0x0020, 0x0020, 0x0020, 0x0020, 0x0020, 0x0020, 0x0020, 0x0020, 0x0020, 0x0020, 0x0020, 0x0020,
  0x0020, 0x0020, 0x0020, 0x0020, 0x0020, 0x0020, 0x0020, 0x0020, 0x0020, 0x0020, 0x0020, 0x0020,
  0x0020, 0x0020, 0x0020, 0x0020, 0x0020, 0x0020, 0x0020, 0x0020, 0x0020, 0x0000, 0x0000, 0x0000,
  0x0841, 0x10A2, 0x2965, 0x2986, 0x1904, 0x31A7, 0xCE36, 0xD616, 0xC5B4, 0x62EB, 0x9306, 0xEC26,
  0xD3C6, 0xDBC6, 0xDBE6, 0xDBE6, 0xDBE6, 0xDBE6, 0xDBE6, 0xDBE6, 0xDBE6, 0xD3C6, 0xD3C6, 0xD3C6,
  0xD3A5, 0xD3A5, 0xD3C6, 0xE448, 0x9A83, 0x6AC9, 0xCE16, 0xCDF5, 0xB532, 0x9C4F, 0x83AD, 0x0882,
  0x2125, 0x4208, 0x4249, 0x4249, 0x4249, 0x4229, 0x31C7, 0x4249, 0x31A6, 0x39C7, 0x3A08, 0x3A08,
  0x3A08, 0x3A08, 0x3A08, 0x3A08, 0x4228, 0x31A7, 0x52AA, 0xF75B, 0xE6D9, 0xEEF9, 0xEEF9, 0xEEF9,
  0xEF1A, 0xDE98, 0x4228, 0x31C7, 0x31A6, 0x2986, 0x2986, 0x2986, 0x31A6, 0x18E4, 0x2965, 0x83AD,
  0x6B0B, 0x62C9, 0x10A3, 0x18C3, 0x18C3, 0x10A3, 0x10A3, 0x18C3, 0x1082, 0x0861, 0x0861, 0x0000,
  0x0000, 0x0020, 0x0020, 0x0020, 0x0020, 0x0020, 0x0020, 0x0020, 0x0020, 0x0020, 0x0020, 0x0020,
  0x0020, 0x0020, 0x0020, 0x0020, 0x0020, 0x0020, 0x0020, 0x0020, 0x0020, 0x0020, 0x0020, 0x0020,
  0x0020, 0x0020, 0x0020, 0x0020, 0x0020, 0x0020, 0x0020, 0x0020, 0x0020, 0x0020, 0x0020, 0x0020,
  0x0020, 0x0020, 0x0020, 0x0020, 0x0020, 0x0020, 0x0020, 0x0020, 0x0020, 0x0020, 0x0020, 0x0020,
  0x0020, 0x0020, 0x0020, 0x0020, 0x0020, 0x0020, 0x0020, 0x0020, 0x0020, 0x0020, 0x0020, 0x0020,
  0x0020, 0x0020, 0x0020, 0x0020, 0x0020, 0x0020, 0x0020, 0x0020, 0x0020, 0x0020, 0x0020, 0x0020,
  0x0020, 0x0020, 0x0020, 0x0020, 0x0000, 0x0000, 0x0021, 0x10C3, 0x18E3, 0x39C7, 0xCE16, 0x9C90,
  0xBD53, 0x630B, 0x8AE6, 0xEC26, 0xD3C6, 0xDBC6, 0xDBE6, 0xDBE6, 0xDBE6, 0xD3C6, 0xDBE6, 0xDBC6,
  0xDBC6, 0xDBC6, 0xDBC6, 0xD3E6, 0xD3E6, 0xD3E6, 0xD3C6, 0xD3C6, 0xBB44, 0x51C5, 0xC5D5, 0xCDF5,
  0xB553, 0x9C4F, 0x7B8C, 0x0882, 0x18E3, 0x2145, 0x2965, 0x2986, 0x4228, 0x39E7, 0x3186, 0x52AA,
  0x3A08, 0x39E8, 0x3A08, 0x3A08, 0x3A08, 0x3A08, 0x3A08, 0x3A08, 0x4229, 0x1904, 0xC5F6, 0xF73A,
  0xE6D9, 0xEEF9, 0xEEF9, 0xE6D9, 0xF75B, 0x8C30, 0x2987, 0x3A08, 0x31A6, 0x2986, 0x2986, 0x31A7,
  0x2124, 0x10A2, 0x3185, 0x8C0E, 0x5248, 0x10A2, 0x18C3, 0x10A3, 0x10A3, 0x18C3, 0x18C3, 0x1082,
  0x0861, 0x0841, 0x0000, 0x0000, 0x0020, 0x0020, 0x0020, 0x0020, 0x0020, 0x0020, 0x0020, 0x0020,
  0x0020, 0x0020, 0x0020, 0x0020, 0x0020, 0x0020, 0x0020, 0x0020, 0x0020, 0x0020, 0x0020, 0x0020,
  0x0020, 0x0020, 0x0020, 0x0020, 0x0020, 0x0020, 0x0020, 0x0020, 0x0020, 0x0020, 0x0020, 0x0020,
  0x0020, 0x0020, 0x0020, 0x0020, 0x0020, 0x0020, 0x0020, 0x0020, 0x0020, 0x0020, 0x0020, 0x0020,
  0x0020, 0x0020, 0x0020, 0x0020, 0x0020, 0x0020, 0x0020, 0x0020, 0x0020, 0x0020, 0x0020, 0x0020,
  0x0020, 0x0020, 0x0020, 0x0020, 0x0020, 0x0020, 0x0020, 0x0020, 0x0020, 0x0020, 0x0020, 0x0020,
  0x0020, 0x0020, 0x0020, 0x0020, 0x0020, 0x0020, 0x0020, 0x0020, 0x0020, 0x0020, 0x0000, 0x0000,
  0x0000, 0x2124, 0xB573, 0xACF1, 0xC594, 0x6B2C, 0x92E6, 0xCB85, 0xCBA6, 0xDBE6, 0xDBE6, 0xDBE6,
  0xD3E6, 0xD3C6, 0xDBE6, 0xDBC6, 0xDBC6, 0xDBE6, 0xDBE6, 0xDBE6, 0xD3C6, 0xD3C6, 0xD3A6, 0xDBE6,
  0xAAE3, 0x5205, 0xC5F6, 0xCDF5, 0xB553, 0x9C6F, 0x7B8C, 0x0861, 0x18E4, 0x2145, 0x2145, 0x2124,
  0x2145, 0x2145, 0x2965, 0x31C7, 0x3A08, 0x4249, 0x4A49, 0x4229, 0x4208, 0x3A08, 0x3A08, 0x4229,
  0x2965, 0x736D, 0xDEB8, 0xD657, 0xEF1A, 0xEED9, 0xEEF9, 0xEF1A, 0xD657, 0x3A08, 0x39E8, 0x39E8,
  0x31A6, 0x31A6, 0x31A7, 0x2125, 0x18E3, 0x10C3, 0x3185, 0x5268, 0x0882, 0x18E3, 0x10A3, 0x10A3,
  0x10A3, 0x18C3, 0x1082, 0x0861, 0x0841, 0x0000, 0x0000, 0x0020, 0x0020, 0x0020, 0x0020, 0x0020,
  0x0020, 0x0020, 0x0020, 0x0020, 0x0020, 0x0020, 0x0020, 0x0020, 0x0020, 0x0020, 0x0020, 0x0020,
  0x0020, 0x0020, 0x0020, 0x0020, 0x0020, 0x0020, 0x0020, 0x0020, 0x0020, 0x0020, 0x0020, 0x0020,
  0x0020, 0x0020, 0x0020, 0x0020, 0x0020, 0x0020, 0x0020, 0x0020, 0x0020, 0x0020, 0x0020, 0x0020,
  0x0020, 0x0020, 0x0020, 0x0020, 0x0020, 0x0020, 0x0020, 0x0020, 0x0020, 0x0020, 0x0020, 0x0020,
  0x0020, 0x0020, 0x0020, 0x0020, 0x0020, 0x0020, 0x0020, 0x0020, 0x0020, 0x0020, 0x0020, 0x0020,
  0x0020, 0x0020, 0x0020, 0x0020, 0x0020, 0x0020, 0x0020, 0x0020, 0x0020, 0x0020, 0x0020, 0x0020,
  0x0020, 0x0020, 0x0020, 0x0021, 0x0000, 0x18C3, 0x83AD, 0x83CD, 0x9C90, 0x5289, 0x82A5, 0xCB85,
  0xD3C6, 0xDBE6, 0xD3C6, 0xD3C6, 0xD3C6, 0xD3E6, 0xDBE6, 0xDBE6, 0xDBE6, 0xDBE6, 0xDBC6, 0xDBE6,
  0xDBC6, 0xD3C6, 0xD3C6, 0xDBE6, 0xB303, 0x59E5, 0xC5F6, 0xD615, 0xB533, 0x944F, 0x7B8C, 0x0861,
  0x18E3, 0x2145, 0x2145, 0x2145, 0x2965, 0x2125, 0x2125, 0x2124, 0x2124, 0x31A6, 0x39E7, 0x4208,
  0x4249, 0x4229, 0x4229, 0x4229, 0x2945, 0xD658, 0xC5D5, 0xD636, 0xF71A, 0xE6D9, 0xE6D9, 0xF75B,
  0x7BCE, 0x2986, 0x39E8, 0x39E8, 0x31A7, 0x31A7, 0x2124, 0x18E3, 0x18E3, 0x18E3, 0x1082, 0x10C3,
  0x18C3, 0x10A3, 0x10A3, 0x10C3, 0x18C3, 0x1082, 0x0861, 0x0841, 0x0000, 0x0020, 0x0020, 0x0020,
  0x0020, 0x0020, 0x0020, 0x0020, 0x0020, 0x0020, 0x0020, 0x0020, 0x0020, 0x0020, 0x0020, 0x0020,
  0x0020, 0x0020, 0x0020, 0x0020, 0x0020, 0x0020, 0x0020, 0x0020, 0x0020, 0x0020, 0x0020, 0x0020,
  0x0020, 0x0020, 0x0020, 0x0020, 0x0020, 0x0020, 0x0020, 0x0020, 0x0020, 0x0020, 0x0020, 0x0020,
  0x0020, 0x0020, 0x0020, 0x0020, 0x0020, 0x0020, 0x0020, 0x0020, 0x0020, 0x0020, 0x0020, 0x0020,
  0x0020, 0x0020, 0x0020, 0x0020, 0x0020, 0x0020, 0x0020, 0x0020, 0x0020, 0x0020, 0x0020, 0x0020,
  0x0020, 0x0020, 0x0020, 0x0020, 0x0020, 0x0020, 0x0020, 0x0020, 0x0020, 0x0020, 0x0020, 0x0020,
  0x0020, 0x0020, 0x0020, 0x0020, 0x0020, 0x0020, 0x0020, 0x0020, 0x0000, 0x0841, 0x732B, 0x8BED,
  0x83AD, 0x4A27, 0x18A2, 0x5982, 0x9AA4, 0xCBA5, 0xE406, 0xE406, 0xDBE6, 0xD3C6, 0xD3C6, 0xD3C6,
  0xD3C6, 0xD3E6, 0xDBE6, 0xDBE6, 0xDBE6, 0xD3C6, 0xD3C6, 0xDBE6, 0xB303, 0x5A06, 0xC5F6, 0xCDF5,
  0xB553, 0x944F, 0x7B8C, 0x0862, 0x18E4, 0x2145, 0x2145, 0x2145, 0x2966, 0x2145, 0x2124, 0x2966,
  0x2965, 0x2945, 0x2145, 0x2145, 0x2986, 0x31C7, 0x3A08, 0x3A08, 0x4A28, 0xCDF6, 0xCE37, 0xDEB9,
  0xE6B9, 0xEEF9, 0xF73B, 0xCE16, 0x39E8, 0x39E8, 0x39E7, 0x3A08, 0x31C7, 0x2104, 0x18E3, 0x18E3,
  0x18E3, 0x18E3, 0x18C3, 0x18E3, 0x10A2, 0x10A3, 0x10A3, 0x18C3, 0x0862, 0x0861, 0x0841, 0x0000,
  0x0020, 0x0020, 0x0020, 0x0020, 0x0020, 0x0020, 0x0020, 0x0020, 0x0020, 0x0020, 0x0020, 0x0020,
  0x0020, 0x0020, 0x0020, 0x0020, 0x0020, 0x0020, 0x0020, 0x0020, 0x0020, 0x0020, 0x0020, 0x0020,
  0x0020, 0x0020, 0x0020, 0x0020, 0x0020, 0x0020, 0x0020, 0x0020, 0x0020, 0x0020, 0x0020, 0x0020,
  0x0020, 0x0020, 0x0020, 0x0020, 0x0020, 0x0020, 0x0020, 0x0020, 0x0020, 0x0020, 0x0020, 0x0020,
  0x0020, 0x0020, 0x0020, 0x0020, 0x0020, 0x0020, 0x0020, 0x0020, 0x0020, 0x0020, 0x0020, 0x0020,
  0x0020, 0x0020, 0x0020, 0x0020, 0x0020, 0x0020, 0x0020, 0x0020, 0x0020, 0x0020, 0x0020, 0x0020,
  0x0020, 0x0020, 0x0020, 0x0020, 0x0020, 0x0020, 0x0020, 0x0020, 0x0020, 0x0020, 0x0020, 0x0020,
  0x0020, 0x0000, 0x0020, 0x2944, 0x5289, 0x3985, 0x18E3, 0x1925, 0x18E4, 0x28E2, 0x59A2, 0xA2C4,
  0xD3A5, 0xE406, 0xE406, 0xD3C6, 0xD3C6, 0xD3C6, 0xD3C6, 0xD3C6, 0xD3C6, 0xD3C6, 0xD3A6, 0xDBE6,
  0xB304, 0x5A06, 0xC5D5, 0xCDF5, 0xB533, 0x944F, 0x7B8C, 0x0882, 0x18E4, 0x2145, 0x2145, 0x2145,
  0x2965, 0x2145, 0x2124, 0x2966, 0x2145, 0x2945, 0x2965, 0x2965, 0x2145, 0x2145, 0x2145, 0x2125,
  0x4208, 0xCE16, 0xCDD5, 0xC5D5, 0xC5D5, 0xCDF6, 0xE6B9, 0x736C, 0x2986, 0x3A08, 0x2986, 0x2986,
  0x2125, 0x10C3, 0x18E3, 0x18C3, 0x18C3, 0x18E3, 0x10A2, 0x10A3, 0x10A3, 0x10A3, 0x10A3, 0x0861,
  0x0861, 0x0020, 0x0000, 0x0020, 0x0020, 0x0020, 0x0020, 0x0020, 0x0020, 0x0020, 0x0020, 0x0020,
  0x0020, 0x0020, 0x0020, 0x0020, 0x0020, 0x0020, 0x0020, 0x0020, 0x0020, 0x0020, 0x0020, 0x0020,
  0x0020, 0x0020, 0x0020, 0x0020, 0x0020, 0x0020, 0x0020, 0x0020, 0x0020, 0x0020, 0x0020, 0x0020,
  0x0020, 0x0020, 0x0020, 0x0020, 0x0020, 0x0020, 0x0020, 0x0020, 0x0020, 0x0020, 0x0020, 0x0020,
  0x0020, 0x0020, 0x0020, 0x0020, 0x0020, 0x0020, 0x0020, 0x0020, 0x0020, 0x0020, 0x0020, 0x0020,
  0x0020, 0x0020, 0x0020, 0x0020, 0x0020, 0x0020, 0x0020, 0x0020, 0x0020, 0x0020, 0x0020, 0x0020,
  0x0020, 0x0020, 0x0020, 0x0020, 0x0020, 0x0020, 0x0020, 0x0020, 0x0020, 0x0020, 0x0020, 0x0020,
  0x0020, 0x0020, 0x0020, 0x0020, 0x0020, 0x0020, 0x0000, 0x0000, 0x0000, 0x0000, 0x0020, 0x1082,
  0x1904, 0x2125, 0x10E4, 0x10C3, 0x28E2, 0x69E3, 0xA2E4, 0xD3C6, 0xE426, 0xDC06, 0xD3C6, 0xD3C6,
  0xD3A6, 0xD3C6, 0xD3C6, 0xDBE6, 0xB2E3, 0x5A06, 0xC5D5, 0xCDD5, 0xB533, 0x9C4F, 0x7B8C, 0x1082,
  0x18E4, 0x2145, 0x2145, 0x2145, 0x2966, 0x2145, 0x2124, 0x2966, 0x2145, 0x2145, 0x2145, 0x2945,
  0x2945, 0x2945, 0x2965, 0x1904, 0x39E7, 0xCE16, 0xC5B4, 0xCDD5, 0xCDD5, 0xCE16, 0xBD53, 0x3186,
  0x2966, 0x2945, 0x2124, 0x2125, 0x2104, 0x18C3, 0x18E3, 0x18C3, 0x18E3, 0x18E4, 0x10A2, 0x10A2,
  0x10A3, 0x10A3, 0x0861, 0x0861, 0x0020, 0x0000, 0x0020, 0x0020, 0x0020, 0x0020, 0x0020, 0x0020,
  0x0020, 0x0020, 0x0020, 0x0020, 0x0020, 0x0020, 0x0020, 0x0020, 0x0020, 0x0020, 0x0020, 0x0020,
  0x0020, 0x0020, 0x0020, 0x0020, 0x0020, 0x0020, 0x0020, 0x0020, 0x0020, 0x0020, 0x0020, 0x0020,
  0x0020, 0x0020, 0x0020, 0x0020, 0x0020, 0x0020, 0x0020, 0x0020, 0x0020, 0x0020, 0x0020, 0x0020,
  0x0020, 0x0020, 0x0020, 0x0020, 0x0020, 0x0020, 0x0020, 0x0020, 0x0020, 0x0020, 0x0020, 0x0020,
  0x0020, 0x0020, 0x0020, 0x0020, 0x0020, 0x0020, 0x0020, 0x0020, 0x0020, 0x0020, 0x0020, 0x0020,
  0x0020, 0x0020, 0x0020, 0x0020, 0x0020, 0x0020, 0x0020, 0x0020, 0x0020, 0x0020, 0x0020, 0x0020,
  0x0020, 0x0020, 0x0020, 0x0020, 0x0020, 0x0020, 0x0020, 0x0020, 0x0020, 0x0020, 0x0020, 0x0021,
  0x0020, 0x0020, 0x0000, 0x0000, 0x0000, 0x0020, 0x1082, 0x18E4, 0x1904, 0x10E4, 0x10C3, 0x3102,
  0x69E3, 0xAB04, 0xDBE6, 0xE406, 0xDBE6, 0xD3C6, 0xCBA6, 0xD3A6, 0xAAC3, 0x5A06, 0xC5D5, 0xCDB4,
  0xB532, 0x9C4F, 0x7B8C, 0x1082, 0x1904, 0x2145, 0x2145, 0x2145, 0x2965, 0x2145, 0x2125, 0x2966,
  0x2145, 0x2945, 0x2945, 0x2145, 0x2145, 0x2145, 0x2965, 0x1904, 0x4207, 0xCE16, 0xC5B4, 0xC5D5,
  0xC5B4, 0xCDD5, 0xBD73, 0x2965, 0x1904, 0x2104, 0x2124, 0x2125, 0x1904, 0x10C3, 0x18C3, 0x18C3,
  0x18E3, 0x18E4, 0x10A2, 0x10A3, 0x10A2, 0x0861, 0x0861, 0x0020, 0x0000, 0x0020, 0x0020, 0x0020,
  0x0020, 0x0020, 0x0020, 0x0020, 0x0020, 0x0020, 0x0020, 0x0020, 0x0020, 0x0020, 0x0020, 0x0020,
  0x0020, 0x0020, 0x0020, 0x0020, 0x0020, 0x0020, 0x0020, 0x0020, 0x0020, 0x0020, 0x0020, 0x0020,
  0x0020, 0x0020, 0x0020, 0x0020, 0x0020, 0x0020, 0x0020, 0x0020, 0x0020, 0x0020, 0x0020, 0x0020,
  0x0020, 0x0020, 0x0020, 0x0020, 0x0020, 0x0020, 0x0020, 0x0020, 0x0020, 0x0020, 0x0020, 0x0020,
  0x0020, 0x0020, 0x0020, 0x0020, 0x0020, 0x0020, 0x0020, 0x0020, 0x0020, 0x0020, 0x0020, 0x0020,
  0x0020, 0x0020, 0x0020, 0x0020, 0x0020, 0x0020, 0x0020, 0x0020, 0x0020, 0x0020, 0x0020, 0x0020,
  0x0020, 0x0020, 0x0020, 0x0020, 0x0020, 0x0020, 0x0020, 0x0020, 0x0020, 0x0020, 0x0020, 0x0020,
  0x0020, 0x0020, 0x0020, 0x0020, 0x0020, 0x0020, 0x0020, 0x0020, 0x0020, 0x0000, 0x0000, 0x0000,
  0x0020, 0x10A2, 0x1904, 0x1905, 0x10E4, 0x18C3, 0x3922, 0x7203, 0xB345, 0xDBE6, 0xCBA5, 0xB325,
  0xB304, 0x5A05, 0xC5B5, 0xCDF5, 0xB512, 0x942F, 0x7B8C, 0x1082, 0x18E4, 0x2945, 0x2945, 0x2145,
  0x2965, 0x2145, 0x2125, 0x2966, 0x2945, 0x2945, 0x2945, 0x2945, 0x2145, 0x2145, 0x2945, 0x1904,
  0x39E7, 0xCE16, 0xC5B4, 0xC5B4, 0xC5B4, 0xCDD5, 0xBD73, 0x2965, 0x18E4, 0x2124, 0x2104, 0x2125,
  0x18E4, 0x10C3, 0x18C3, 0x18C3, 0x18E3, 0x18E4, 0x10A3, 0x10A2, 0x0861, 0x0861, 0x0020, 0x0000,
  0x0020, 0x0020, 0x0020, 0x0020, 0x0020, 0x0020, 0x0020, 0x0020, 0x0020, 0x0020, 0x0020, 0x0020,
  0x0020, 0x0020, 0x0020, 0x0020, 0x0020, 0x0020, 0x0020, 0x0020, 0x0020, 0x0020, 0x0020, 0x0020,
  0x0020, 0x0020, 0x0020, 0x0020, 0x0020, 0x0020, 0x0020, 0x0020, 0x0020, 0x0020, 0x0020, 0x0020,
  0x0020, 0x0020, 0x0020, 0x0020, 0x0020, 0x0020, 0x0020, 0x0020, 0x0020, 0x0020, 0x0020, 0x0020,
  0x0020, 0x0020, 0x0020, 0x0020, 0x0020, 0x0020, 0x0020, 0x0020, 0x0020, 0x0020, 0x0020, 0x0020,
  0x0020, 0x0020, 0x0020, 0x0020, 0x0020, 0x0020, 0x0020, 0x0020, 0x0020, 0x0020, 0x0020, 0x0020,
  0x0020, 0x0020, 0x0020, 0x0020, 0x0020, 0x0020, 0x0020, 0x0020, 0x0020, 0x0020, 0x0020, 0x0020,
  0x0020, 0x0020, 0x0020, 0x0020, 0x0020, 0x0020, 0x0020, 0x0020, 0x0020, 0x0020, 0x0020, 0x0020,
  0x0020, 0x0020, 0x0020, 0x0020, 0x0000, 0x0000, 0x0000, 0x0841, 0x10A2, 0x2104, 0x1904, 0x10C4,
  0x18C2, 0x4122, 0x7A23, 0xBB85, 0xB2E3, 0x51E5, 0xBDB5, 0xB532, 0xB512, 0x942E, 0x83AD, 0x1082,
  0x18E4, 0x2945, 0x2145, 0x2145, 0x2965, 0x2125, 0x2124, 0x2966, 0x2945, 0x2945, 0x2145, 0x2945,
  0x2145, 0x2145, 0x2965, 0x1904, 0x4208, 0xCE16, 0xC5B4, 0xC5B4, 0xC5B4, 0xCDD5, 0xBD94, 0x2965,
  0x1904, 0x2104, 0x2104, 0x2125, 0x1904, 0x10C3, 0x18C3, 0x18C3, 0x18E3, 0x1904, 0x1082, 0x0861,
  0x0861, 0x0000, 0x0000, 0x0020, 0x0020, 0x0020, 0x0020, 0x0020, 0x0020, 0x0020, 0x0020, 0x0020,
  0x0020, 0x0020, 0x0020, 0x0020, 0x0020, 0x0020, 0x0020, 0x0020, 0x0020, 0x0020, 0x0020, 0x0020,
  0x0020, 0x0020, 0x0020, 0x0020, 0x0020, 0x0020, 0x0020, 0x0020, 0x0020, 0x0020, 0x0020, 0x0020,
  0x0020, 0x0020, 0x0020, 0x0020, 0x0020, 0x0020, 0x0020, 0x0020, 0x0020, 0x0020, 0x0020, 0x0020,
  0x0020, 0x0020, 0x0020, 0x0020, 0x0020, 0x0020, 0x0020, 0x0020, 0x0020, 0x0020, 0x0020, 0x0020,
  0x0020, 0x0020, 0x0020, 0x0020, 0x0020, 0x0020, 0x0020, 0x0020, 0x0020, 0x0020, 0x0020, 0x0020,
  0x0020, 0x0020, 0x0020, 0x0020, 0x0020, 0x0020, 0x0020, 0x0020, 0x0020, 0x0020, 0x0020, 0x0020,
  0x0020, 0x0020, 0x0020, 0x0020, 0x0020, 0x0020, 0x0020, 0x0020, 0x0020, 0x0020, 0x0020, 0x0020,
  0x0020, 0x0020, 0x0020, 0x0020, 0x0020, 0x0020, 0x0020, 0x0020, 0x0020, 0x0020, 0x0020, 0x0000,
  0x0000, 0x0000, 0x0841, 0x18C3, 0x1904, 0x1904, 0x10C4, 0x2103, 0x30E1, 0x3185, 0xBD94, 0xA4B0,
  0xB553, 0x9C6F, 0x62CA, 0x0882, 0x2104, 0x2145, 0x2145, 0x2145, 0x2965, 0x2125, 0x2145, 0x2986,
  0x2145, 0x2145, 0x2945, 0x2945, 0x2145, 0x2965, 0x2965, 0x1904, 0x4208, 0xCE16, 0xC5B4, 0xC5D5,
  0xC5B4, 0xCDD5, 0xBD94, 0x2965, 0x1904, 0x2104, 0x1904, 0x2125, 0x1904, 0x10C3, 0x18E3, 0x18E3,
  0x18E4, 0x18C3, 0x0861, 0x0861, 0x0000, 0x0000, 0x0020, 0x0020, 0x0020, 0x0020, 0x0020, 0x0020,
  0x0020, 0x0020, 0x0020, 0x0020, 0x0020, 0x0020, 0x0020, 0x0020, 0x0020, 0x0020, 0x0020, 0x0020,
  0x0020, 0x0020, 0x0020, 0x0020, 0x0020, 0x0020, 0x0020, 0x0020, 0x0020, 0x0020, 0x0020, 0x0020,
  0x0020, 0x0020, 0x0020, 0x0020, 0x0020, 0x0020, 0x0020, 0x0020, 0x0020, 0x0020, 0x0020, 0x0020,
  0x0020, 0x0020, 0x0020, 0x0020, 0x0020, 0x0020, 0x0020, 0x0020, 0x0020, 0x0020, 0x0020, 0x0020,
  0x0020, 0x0020, 0x0020, 0x0020, 0x0020, 0x0020, 0x0020, 0x0020, 0x0020, 0x0020, 0x0020, 0x0020,
  0x0020, 0x0020, 0x0020, 0x0020, 0x0020, 0x0020, 0x0020, 0x0020, 0x0020, 0x0020, 0x0020, 0x0020,
  0x0020, 0x0020, 0x0020, 0x0020, 0x0020, 0x0020, 0x0020, 0x0020, 0x0020, 0x0020, 0x0020, 0x0020,
  0x0020, 0x0020, 0x0020, 0x0020, 0x0020, 0x0020, 0x0020, 0x0020, 0x0020, 0x0020, 0x0020, 0x0020,
  0x0020, 0x0020, 0x0020, 0x0020, 0x0020, 0x0020, 0x0000, 0x0000, 0x0000, 0x0861, 0x18C3, 0x1904,
  0x10E4, 0x2945, 0x7B8C, 0x942E, 0x9C70, 0x6B2B, 0x5248, 0x1082, 0x18C3, 0x2966, 0x2966, 0x2145,
  0x2966, 0x2965, 0x18E4, 0x2145, 0x2965, 0x2966, 0x2966, 0x2965, 0x2965, 0x2965, 0x2966, 0x2124,
  0x4208, 0xCDF6, 0xC5B4, 0xC5D4, 0xC5D5, 0xCDD5, 0xBD73, 0x2965, 0x1904, 0x2124, 0x1904, 0x2125,
  0x2104, 0x10C3, 0x18C3, 0x1904, 0x10C3, 0x0861, 0x0861, 0x0000, 0x0000, 0x0020, 0x0020, 0x0020,
  0x0020, 0x0020, 0x0020, 0x0020, 0x0020, 0x0020, 0x0020, 0x0020, 0x0020, 0x0020, 0x0020, 0x0020,
  0x0020, 0x0020, 0x0020, 0x0020, 0x0020, 0x0020, 0x0020, 0x0020, 0x0020, 0x0020, 0x0020, 0x0020,
  0x0020, 0x0020, 0x0020, 0x0020, 0x0020, 0x0020, 0x0020, 0x0020, 0x0020, 0x0020, 0x0020, 0x0020,
  0x0020, 0x0020, 0x0020, 0x0020, 0x0020, 0x0020, 0x0020, 0x0020, 0x0020, 0x0020, 0x0020, 0x0020,
  0x0020, 0x0020, 0x0020, 0x0020, 0x0020, 0x0020, 0x0020, 0x0020, 0x0020, 0x0020, 0x0020, 0x0020,
  0x0020, 0x0020, 0x0020, 0x0020, 0x0020, 0x0020, 0x0020, 0x0020, 0x0020, 0x0020, 0x0020, 0x0020,
  0x0020, 0x0020, 0x0020, 0x0020, 0x0020, 0x0020, 0x0020, 0x0020, 0x0020, 0x0020, 0x0020, 0x0020,
  0x0020, 0x0020, 0x0020, 0x0020, 0x0020, 0x0020, 0x0020, 0x0020, 0x0020, 0x0020, 0x0020, 0x0020,
  0x0020, 0x0020, 0x0020, 0x0020, 0x0020, 0x0020, 0x0020, 0x0020, 0x0020, 0x0020, 0x0020, 0x0020,
  0x0020, 0x0000, 0x0000, 0x0020, 0x0841, 0x2104, 0x8C0E, 0x83AD, 0x62EA, 0x62C9, 0x5A88, 0x0841,
  0x0000, 0x0861, 0x18E3, 0x2145, 0x2986, 0x2965, 0x10A2, 0x2124, 0x1904, 0x2124, 0x2945, 0x2966,
  0x2966, 0x2965, 0x2966, 0x2125, 0x4207, 0xCDF5, 0xC5B4, 0xC5B4, 0xC5B4, 0xCDF5, 0xBD73, 0x2965,
  0x1904, 0x2124, 0x2104, 0x2125, 0x2124, 0x18C3, 0x18E3, 0x10C3, 0x0861, 0x0841, 0x0000, 0x0000,
  0x0020, 0x0020, 0x0020, 0x0020, 0x0020, 0x0020, 0x0020, 0x0020, 0x0020, 0x0020, 0x0020, 0x0020,
  0x0020, 0x0020, 0x0020, 0x0020, 0x0020, 0x0020, 0x0020, 0x0020, 0x0020, 0x0020, 0x0020, 0x0020,
  0x0020, 0x0020, 0x0020, 0x0020, 0x0020, 0x0020, 0x0020, 0x0020, 0x0020, 0x0020, 0x0020, 0x0020,
  0x0020, 0x0020, 0x0020, 0x0020, 0x0020, 0x0020, 0x0020, 0x0020, 0x0020, 0x0020, 0x0020, 0x0020,
  0x0020, 0x0020, 0x0020, 0x0020, 0x0020, 0x0020, 0x0020, 0x0020, 0x0020, 0x0020, 0x0020, 0x0020,
  0x0020, 0x0020, 0x0020, 0x0020, 0x0020, 0x0020, 0x0020, 0x0020, 0x0020, 0x0020, 0x0020, 0x0020,
  0x0020, 0x0020, 0x0020, 0x0020, 0x0020, 0x0020, 0x0020, 0x0020, 0x0020, 0x0020, 0x0020, 0x0020,
  0x0020, 0x0020, 0x0020, 0x0020, 0x0020, 0x0020, 0x0020, 0x0020, 0x0020, 0x0020, 0x0020, 0x0020,
  0x0020, 0x0020, 0x0020, 0x0020, 0x0020, 0x0020, 0x0020, 0x0020, 0x0020, 0x0020, 0x0020, 0x0020,
  0x0020, 0x0020, 0x0020, 0x0020, 0x0020, 0x0020, 0x0020, 0x0020, 0x0000, 0x0000, 0x18C3, 0x4A27,
  0x62EA, 0x39C6, 0x0020, 0x0000, 0x0020, 0x0000, 0x0000, 0x0020, 0x0882, 0x10A2, 0x0882, 0x2145,
  0x2965, 0x2145, 0x2104, 0x1904, 0x2124, 0x2145, 0x2986, 0x2125, 0x4208, 0xD636, 0xC5B4, 0xC5B4,
  0xC594, 0xC593, 0xBD73, 0x2965, 0x1904, 0x2104, 0x2124, 0x2145, 0x1904, 0x1904, 0x10C3, 0x0861,
  0x0841, 0x0000, 0x0020, 0x0020, 0x0020, 0x0020, 0x0020, 0x0020, 0x0020, 0x0020, 0x0020, 0x0020,
  0x0020, 0x0020, 0x0020, 0x0020, 0x0020, 0x0020, 0x0020, 0x0020, 0x0020, 0x0020, 0x0020, 0x0020,
  0x0020, 0x0020, 0x0020, 0x0020, 0x0020, 0x0020, 0x0020, 0x0020, 0x0020, 0x0020, 0x0020, 0x0020,
  0x0020, 0x0020, 0x0020, 0x0020, 0x0020, 0x0020, 0x0020, 0x0020, 0x0020, 0x0020, 0x0020, 0x0020,
  0x0020, 0x0020, 0x0020, 0x0020, 0x0020, 0x0020, 0x0020, 0x0020, 0x0020, 0x0020, 0x0020, 0x0020,
  0x0020, 0x0020, 0x0020, 0x0020, 0x0020, 0x0020, 0x0020, 0x0020, 0x0020, 0x0020, 0x0020, 0x0020,
  0x0020, 0x0020, 0x0020, 0x0020, 0x0020, 0x0020, 0x0020, 0x0020, 0x0020, 0x0020, 0x0020, 0x0020,
  0x0020, 0x0020, 0x0020, 0x0020, 0x0020, 0x0020, 0x0020, 0x0020, 0x0020, 0x0020, 0x0020, 0x0020,
  0x0020, 0x0020, 0x0020, 0x0020, 0x0020, 0x0020, 0x0020, 0x0020, 0x0020, 0x0020, 0x0020, 0x0020,
  0x0020, 0x0020, 0x0020, 0x0020, 0x0020, 0x0020, 0x0020, 0x0020, 0x0020, 0x0020, 0x0020, 0x0020,
  0x0020, 0x0020, 0x0000, 0x0000, 0x0000, 0x0000, 0x0000, 0x0020, 0x0020, 0x0020, 0x0020, 0x0020,
  0x0000, 0x0000, 0x0000, 0x0020, 0x1082, 0x18E3, 0x2145, 0x2945, 0x2145, 0x2124, 0x2124, 0x18E4,
  0x3185, 0xB532, 0xCDF5, 0xD656, 0xBD73, 0x83CD, 0xB512, 0x2965, 0x2104, 0x2104, 0x2124, 0x2965,
  0x2124, 0x1082, 0x0861, 0x0841, 0x0000, 0x0020, 0x0020, 0x0020, 0x0020, 0x0020, 0x0020, 0x0020,
  0x0020, 0x0020, 0x0020, 0x0020, 0x0020, 0x0020, 0x0020, 0x0020, 0x0020, 0x0020, 0x0020, 0x0020,
  0x0020, 0x0020, 0x0020, 0x0020, 0x0020, 0x0020, 0x0020, 0x0020, 0x0020, 0x0020, 0x0020, 0x0020,
  0x0020, 0x0020, 0x0020, 0x0020, 0x0020, 0x0020, 0x0020, 0x0020, 0x0020, 0x0020, 0x0020, 0x0020,
  0x0020, 0x0020, 0x0020, 0x0020, 0x0020, 0x0020, 0x0020, 0x0020, 0x0020, 0x0020, 0x0020, 0x0020,
  0x0020, 0x0020, 0x0020, 0x0020, 0x0020, 0x0020, 0x0020, 0x0020, 0x0020, 0x0020, 0x0020, 0x0020,
  0x0020, 0x0020, 0x0020, 0x0020, 0x0020, 0x0020, 0x0020, 0x0020, 0x0020, 0x0020, 0x0020, 0x0020,
  0x0020, 0x0020, 0x0020, 0x0020, 0x0020, 0x0020, 0x0020, 0x0020, 0x0020, 0x0020, 0x0020, 0x0020,
  0x0020, 0x0020, 0x0020, 0x0020, 0x0020, 0x0020, 0x0020, 0x0020, 0x0020, 0x0020, 0x0020, 0x0020,
  0x0020, 0x0020, 0x0020, 0x0020, 0x0020, 0x0020, 0x0020, 0x0020, 0x0020, 0x0020, 0x0020, 0x0020,
  0x0020, 0x0020, 0x0020, 0x0020, 0x0020, 0x0020, 0x0020, 0x0020, 0x0020, 0x0020, 0x0020, 0x0020,
  0x0020, 0x0020, 0x0020, 0x0020, 0x0020, 0x0020, 0x0020, 0x0000, 0x0000, 0x0000, 0x0020, 0x1082,
  0x1904, 0x2945, 0x2945, 0x2125, 0x2145, 0x18E3, 0x4A27, 0x83ED, 0xB512, 0xC5D4, 0xC5B4, 0x2965,
  0x2125, 0x2145, 0x2104, 0x2104, 0x18C3, 0x0861, 0x0841, 0x0000, 0x0020, 0x0020, 0x0020, 0x0020,
  0x0020, 0x0020, 0x0020, 0x0020, 0x0020, 0x0020, 0x0020, 0x0020, 0x0020, 0x0020, 0x0020, 0x0020,
  0x0020, 0x0020, 0x0020, 0x0020, 0x0020, 0x0020, 0x0020, 0x0020, 0x0020, 0x0020, 0x0020, 0x0020,
  0x0020, 0x0020, 0x0020, 0x0020, 0x0020, 0x0020, 0x0020, 0x0020, 0x0020, 0x0020, 0x0020, 0x0020,
  0x0020, 0x0020, 0x0020, 0x0020, 0x0020, 0x0020, 0x0020, 0x0020, 0x0020, 0x0020, 0x0020, 0x0020,
  0x0020, 0x0020, 0x0020, 0x0020, 0x0020, 0x0020, 0x0020, 0x0020, 0x0020, 0x0020, 0x0020, 0x0020,
  0x0020, 0x0020, 0x0020, 0x0020, 0x0020, 0x0020, 0x0020, 0x0020, 0x0020, 0x0020, 0x0020, 0x0020,
  0x0020, 0x0020, 0x0020, 0x0020, 0x0020, 0x0020, 0x0020, 0x0020, 0x0020, 0x0020, 0x0020, 0x0020,
  0x0020, 0x0020, 0x0020, 0x0020, 0x0020, 0x0020, 0x0020, 0x0020, 0x0020, 0x0020, 0x0020, 0x0020,
  0x0020, 0x0020, 0x0020, 0x0020, 0x0020, 0x0020, 0x0020, 0x0020, 0x0020, 0x0020, 0x0020, 0x0020,
  0x0020, 0x0020, 0x0020, 0x0020, 0x0020, 0x0020, 0x0020, 0x0020, 0x0020, 0x0020, 0x0020, 0x0020,
  0x0020, 0x0020, 0x0020, 0x0020, 0x0020, 0x0020, 0x0020, 0x0020, 0x0020, 0x0020, 0x0020, 0x0020,
  0x0020, 0x0020, 0x0000, 0x0000, 0x0000, 0x0020, 0x1082, 0x1904, 0x2945, 0x2145, 0x1904, 0x10A2,
  0x18E3, 0x4A48, 0x7BAD, 0x2124, 0x10A2, 0x10A2, 0x1082, 0x0861, 0x0861, 0x0820, 0x0000, 0x0020,
  0x0020, 0x0020, 0x0020, 0x0020, 0x0020, 0x0020, 0x0020, 0x0020, 0x0020, 0x0020, 0x0020, 0x0020,
  0x0020, 0x0020, 0x0020, 0x0020, 0x0020, 0x0020, 0x0020, 0x0020, 0x0020, 0x0020, 0x0020, 0x0020,
  0x0020, 0x0020, 0x0020, 0x0020, 0x0020, 0x0020, 0x0020, 0x0020, 0x0020, 0x0020, 0x0020, 0x0020,
  0x0020, 0x0020, 0x0020, 0x0020, 0x0020, 0x0020, 0x0020, 0x0020, 0x0020, 0x0020, 0x0020, 0x0020,
  0x0020, 0x0020, 0x0020, 0x0020, 0x0020, 0x0020, 0x0020, 0x0020, 0x0020, 0x0020, 0x0020, 0x0020,
  0x0020, 0x0020, 0x0020, 0x0020, 0x0020, 0x0020, 0x0020, 0x0020, 0x0020, 0x0020, 0x0020, 0x0020,
  0x0020, 0x0020, 0x0020, 0x0020, 0x0020, 0x0020, 0x0020, 0x0020, 0x0020, 0x0020, 0x0020, 0x0020,
  0x0020, 0x0020, 0x0020, 0x0020, 0x0020, 0x0020, 0x0020, 0x0020, 0x0020, 0x0020, 0x0020, 0x0020,
  0x0020, 0x0020, 0x0020, 0x0020, 0x0020, 0x0020, 0x0020, 0x0020, 0x0020, 0x0020, 0x0020, 0x0020,
  0x0020, 0x0020, 0x0020, 0x0020, 0x0020, 0x0020, 0x0020, 0x0020, 0x0020, 0x0020, 0x0020, 0x0020,
  0x0020, 0x0020, 0x0020, 0x0020, 0x0020, 0x0020, 0x0020, 0x0020, 0x0020, 0x0020, 0x0020, 0x0020,
  0x0020, 0x0020, 0x0020, 0x0020, 0x0020, 0x0020, 0x0020, 0x0020, 0x0020, 0x0000, 0x0000, 0x0000,
  0x0020, 0x10A2, 0x2124, 0x2945, 0x2145, 0x18E3, 0x10A2, 0x1082, 0x0861, 0x1082, 0x1082, 0x0861,
  0x0020, 0x0000, 0x0020, 0x0020, 0x0020, 0x0020, 0x0020, 0x0020, 0x0020, 0x0020, 0x0020, 0x0020,
  0x0020, 0x0020, 0x0020, 0x0020, 0x0020, 0x0020, 0x0020, 0x0020, 0x0020, 0x0020, 0x0020, 0x0020,
  0x0020, 0x0020, 0x0020, 0x0020, 0x0020, 0x0020, 0x0020, 0x0020, 0x0020, 0x0020, 0x0020, 0x0020,
  0x0020, 0x0020, 0x0020, 0x0020, 0x0020, 0x0020, 0x0020, 0x0020, 0x0020, 0x0020, 0x0020, 0x0020,
  0x0020, 0x0020, 0x0020, 0x0020, 0x0020, 0x0020, 0x0020, 0x0020, 0x0020, 0x0020, 0x0020, 0x0020,
  0x0020, 0x0020, 0x0020, 0x0020, 0x0020, 0x0020, 0x0020, 0x0020, 0x0020, 0x0020, 0x0020, 0x0020,
  0x0020, 0x0020, 0x0020, 0x0020, 0x0020, 0x0020, 0x0020, 0x0020, 0x0020, 0x0020, 0x0020, 0x0020,
  0x0020, 0x0020, 0x0020, 0x0020, 0x0020, 0x0020, 0x0020, 0x0020, 0x0020, 0x0020, 0x0020, 0x0020,
  0x0020, 0x0020, 0x0020, 0x0020, 0x0020, 0x0020, 0x0020, 0x0020, 0x0020, 0x0020, 0x0020, 0x0020,
  0x0020, 0x0020, 0x0020, 0x0020, 0x0020, 0x0020, 0x0020, 0x0020, 0x0020, 0x0020, 0x0020, 0x0020,
  0x0020, 0x0020, 0x0020, 0x0020, 0x0020, 0x0020, 0x0020, 0x0020, 0x0020, 0x0020, 0x0020, 0x0020,
  0x0020, 0x0020, 0x0020, 0x0020, 0x0020, 0x0020, 0x0020, 0x0020, 0x0020, 0x0020, 0x0020, 0x0020,
  0x0020, 0x0020, 0x0020, 0x0020, 0x0000, 0x0000, 0x0000, 0x0041, 0x10A2, 0x2124, 0x2945, 0x1082,
  0x0861, 0x0841, 0x0020, 0x0000, 0x0000, 0x0020, 0x0020, 0x0020, 0x0020, 0x0020, 0x0020, 0x0020,
  0x0020, 0x0020, 0x0020, 0x0020, 0x0020, 0x0020, 0x0020, 0x0020, 0x0020, 0x0020, 0x0020, 0x0020,
  0x0020, 0x0020, 0x0020, 0x0020, 0x0020, 0x0020, 0x0020, 0x0020, 0x0020, 0x0020, 0x0020, 0x0020,
  0x0020, 0x0020, 0x0020, 0x0020, 0x0020, 0x0020, 0x0020, 0x0020, 0x0020, 0x0020, 0x0020, 0x0020,
  0x0020, 0x0020, 0x0020, 0x0020, 0x0020, 0x0020, 0x0020, 0x0020, 0x0020, 0x0020, 0x0020, 0x0020,
  0x0020, 0x0020, 0x0020, 0x0020, 0x0020, 0x0020, 0x0020, 0x0020, 0x0020, 0x0020, 0x0020, 0x0020,
  0x0020, 0x0020, 0x0020, 0x0020, 0x0020, 0x0020, 0x0020, 0x0020, 0x0020, 0x0020, 0x0020, 0x0020,
  0x0020, 0x0020, 0x0020, 0x0020, 0x0020, 0x0020, 0x0020, 0x0020, 0x0020, 0x0020, 0x0020, 0x0020,
  0x0020, 0x0020, 0x0020, 0x0020, 0x0020, 0x0020, 0x0020, 0x0020, 0x0020, 0x0020, 0x0020, 0x0020,
  0x0020, 0x0020, 0x0020, 0x0020, 0x0020, 0x0020, 0x0020, 0x0020, 0x0020, 0x0020, 0x0020, 0x0020,
  0x0020, 0x0020, 0x0020, 0x0020, 0x0020, 0x0020, 0x0020, 0x0020, 0x0020, 0x0020, 0x0020, 0x0020,
  0x0020, 0x0020, 0x0020, 0x0020, 0x0020, 0x0020, 0x0020, 0x0020, 0x0020, 0x0020, 0x0020, 0x0020,
  0x0020, 0x0020, 0x0020, 0x0020, 0x0020, 0x0020, 0x0020, 0x0020, 0x0020, 0x0020, 0x0020, 0x0000,
  0x0000, 0x0000, 0x0020, 0x0000, 0x0000, 0x0000, 0x0000, 0x0020, 0x0020, 0x0020, 0x0020, 0x0020,
  0x0020, 0x0020, 0x0020, 0x0020, 0x0020, 0x0020, 0x0020, 0x0020, 0x0020, 0x0020, 0x0020, 0x0020,
  0x0020, 0x0020, 0x0020, 0x0020, 0x0020, 0x0020, 0x0020, 0x0020, 0x0020, 0x0020, 0x0020, 0x0020,
  0x0020, 0x0020, 0x0020, 0x0020, 0x0020, 0x0020, 0x0020, 0x0020, 0x0020, 0x0020, 0x0020, 0x0020,
  0x0020, 0x0020, 0x0020, 0x0020, 0x0020, 0x0020, 0x0020, 0x0020, 0x0020, 0x0020, 0x0020, 0x0020,
  0x0020, 0x0020, 0x0020, 0x0020, 0x0020, 0x0020, 0x0020, 0x0020, 0x0020, 0x0020, 0x0020, 0x0020,
  0x0020, 0x0020, 0x0020, 0x0020, 0x0020, 0x0020, 0x0020, 0x0020, 0x0020, 0x0020, 0x0020, 0x0020,
  0x0020, 0x0020, 0x0020, 0x0020, 0x0020, 0x0020, 0x0020, 0x0020, 0x0020, 0x0020, 0x0020, 0x0020,
  0x0020, 0x0020, 0x0020, 0x0020, 0x0020, 0x0020, 0x0020, 0x0020, 0x0020, 0x0020, 0x0020, 0x0020,
  0x0020, 0x0020, 0x0020, 0x0020, 0x0020, 0x0020, 0x0020, 0x0020, 0x0020, 0x0020, 0x0020, 0x0020,
  0x0020, 0x0020, 0x0020, 0x0020, 0x0020, 0x0020, 0x0020, 0x0020, 0x0020, 0x0020, 0x0020, 0x0020,
  0x0020, 0x0020, 0x0020, 0x0020, 0x0020, 0x0020, 0x0020, 0x0020, 0x0020, 0x0020, 0x0020, 0x0020,
  0x0020, 0x0020, 0x0020, 0x0020, 0x0020, 0x0020, 0x0020, 0x0020, 0x0020, 0x0020, 0x0020, 0x0020,
  0x0020, 0x0020, 0x0020, 0x0020, 0x0020, 0x0020, 0x0000, 0x0020, 0x0020, 0x0020, 0x0020, 0x0020,
  0x0020, 0x0020, 0x0020, 0x0020, 0x0020, 0x0020, 0x0020, 0x0020, 0x0020, 0x0020, 0x0020, 0x0020,
  0x0020, 0x0020, 0x0020, 0x0020, 0x0020, 0x0020, 0x0020, 0x0020, 0x0020, 0x0020, 0x0020, 0x0020,
  0x0020, 0x0020, 0x0020, 0x0020, 0x0020, 0x0020, 0x0020, 0x0020, 0x0020, 0x0020, 0x0020, 0x0020,
  0x0020, 0x0020, 0x0020, 0x0020, 0x0020, 0x0020, 0x0020, 0x0020, 0x0020, 0x0020, 0x0020, 0x0020,
  0x0020, 0x0020, 0x0020, 0x0020, 0x0020, 0x0020, 0x0020, 0x0020, 0x0020, 0x0020, 0x0020, 0x0020,
  0x0020, 0x0020, 0x0020, 0x0020, 0x0020, 0x0020, 0x0020, 0x0020, 0x0020, 0x0020, 0x0020, 0x0020,
  0x0020, 0x0020, 0x0020, 0x0020, 0x0020, 0x0020, 0x0020, 0x0020, 0x0020, 0x0020, 0x0020, 0x0020,
  0x0020, 0x0020, 0x0020, 0x0020, 0x0020, 0x0020, 0x0020, 0x0020, 0x0020, 0x0020, 0x0020, 0x0020,
  0x0020, 0x0020, 0x0020, 0x0020, 0x0020, 0x0020, 0x0020, 0x0020, 0x0020, 0x0020, 0x0020, 0x0020,
  0x0020, 0x0020, 0x0020, 0x0020, 0x0020, 0x0020, 0x0020, 0x0020, 0x0020, 0x0020, 0x0020, 0x0020,
  0x0020, 0x0020, 0x0020, 0x0020, 0x0020, 0x0020, 0x0020, 0x0020, 0x0020, 0x0020, 0x0020, 0x0020,
  0x0020, 0x0020, 0x0020, 0x0020, 0x0020, 0x0020, 0x0020, 0x0020, 0x0020, 0x0020, 0x0020, 0x0020,
  0x0020, 0x0020, 0x0020, 0x0020, 0x0020, 0x0020, 0x0020, 0x0020, 0x0020, 0x0020, 0x0020, 0x0020,
  0x0020, 0x0020, 0x0020, 0x0020, 0x0020, 0x0020, 0x0020, 0x0020, 0x0020, 0x0020, 0x0020, 0x0020,
  0x0020, 0x0020, 0x0020, 0x0020, 0x0020, 0x0020, 0x0020, 0x0020, 0x0020, 0x0020, 0x0020, 0x0020,
  0x0020, 0x0020, 0x0020, 0x0020, 0x0020, 0x0020, 0x0020, 0x0020, 0x0020, 0x0020, 0x0020, 0x0020,
  0x0020, 0x0020, 0x0020, 0x0020, 0x0020, 0x0020, 0x0020, 0x0020, 0x0020, 0x0020, 0x0020, 0x0020,
  0x0020, 0x0020, 0x0020, 0x0020, 0x0020, 0x0020, 0x0020, 0x0020, 0x0020, 0x0020, 0x0020, 0x0020,
  0x0020, 0x0020, 0x0020, 0x0020, 0x0020, 0x0020, 0x0020, 0x0020, 0x0020, 0x0020, 0x0020, 0x0020,
  0x0020, 0x0020, 0x0020, 0x0020, 0x0020, 0x0020, 0x0020, 0x0020, 0x0020, 0x0020, 0x0020, 0x0020,
  0x0020, 0x0020, 0x0020, 0x0020, 0x0020, 0x0020, 0x0020, 0x0020, 0x0020, 0x0020, 0x0020, 0x0020,
  0x0020, 0x0020, 0x0020, 0x0020, 0x0020, 0x0020, 0x0020, 0x0020, 0x0020, 0x0020, 0x0020, 0x0020,
  0x0020, 0x0020, 0x0020, 0x0020, 0x0020, 0x0020, 0x0020, 0x0020, 0x0020, 0x0020, 0x0020, 0x0020,
  0x0020, 0x0020, 0x0020, 0x0020, 0x0020, 0x0020, 0x0020, 0x0020, 0x0020, 0x0020, 0x0020, 0x0020,
  0x0020, 0x0020, 0x0020, 0x0020, 0x0020, 0x0020, 0x0020, 0x0020, 0x0020, 0x0020, 0x0020, 0x0020,
  0x0020, 0x0020, 0x0020, 0x0020, 0x0020, 0x0020, 0x0020, 0x0020, 0x0020, 0x0020, 0x0020, 0x0020,
  0x0020, 0x0020, 0x0020, 0x0020, 0x0020, 0x0020, 0x0020, 0x0020, 0x0020, 0x0020, 0x0020, 0x0020,
  0x0020, 0x0020, 0x0020, 0x0020, 0x0020, 0x0020, 0x0020, 0x0020, 0x0020, 0x0020, 0x0020, 0x0020,
  0x0020, 0x0020, 0x0020, 0x0020, 0x0020, 0x0020, 0x0020, 0x0020, 0x0020, 0x0020, 0x0020, 0x0020,
  0x0020, 0x0020, 0x0020, 0x0020, 0x0020, 0x0020, 0x0020, 0x0020, 0x0020, 0x0020, 0x0020, 0x0020,
  0x0020, 0x0020, 0x0020, 0x0020, 0x0020, 0x0020, 0x0020, 0x0020, 0x0020, 0x0020, 0x0020, 0x0020,
  0x0020, 0x0020, 0x0020, 0x0020, 0x0020, 0x0020, 0x0020, 0x0020, 0x0020, 0x0020, 0x0020, 0x0020,
  0x0020, 0x0020, 0x0020, 0x0020, 0x0020, 0x0020, 0x0020, 0x0020, 0x0020, 0x0020, 0x0020, 0x0020,
  0x0020, 0x0020, 0x0020, 0x0020, 0x0020, 0x0020, 0x0020, 0x0020, 0x0020, 0x0020, 0x0020, 0x0020,
  0x0020, 0x0020, 0x0020, 0x0020, 0x0020, 0x0020, 0x0020, 0x0020, 0x0020, 0x0020, 0x0020, 0x0020,
  0x0020, 0x0020, 0x0020, 0x0020, 0x0020, 0x0020, 0x0020, 0x0020, 0x0020, 0x0020, 0x0020, 0x0020,
  0x0020, 0x0020, 0x0020, 0x0020, 0x0020, 0x0020, 0x0020, 0x0020, 0x0020, 0x0020, 0x0020, 0x0020,
  0x0020, 0x0020, 0x0020, 0x0020, 0x0020, 0x0020, 0x0020, 0x0020, 0x0020, 0x0020, 0x0020, 0x0020,
  0x0020, 0x0020, 0x0020, 0x0020, 0x0020, 0x0020, 0x0020, 0x0020, 0x0020, 0x0020, 0x0020, 0x0020,
  0x0020, 0x0020, 0x0020, 0x0020, 0x0020, 0x0020, 0x0020, 0x0020, 0x0020, 0x0020, 0x0020, 0x0020,
  0x0020, 0x0020, 0x0020, 0x0020, 0x0020, 0x0020, 0x0020, 0x0020, 0x0020, 0x0020, 0x0020, 0x0020,
  0x0020, 0x0020, 0x0020, 0x0020, 0x0020, 0x0020, 0x0020, 0x0020, 0x0020, 0x0020, 0x0020, 0x0020,
  0x0020, 0x0020, 0x0020, 0x0020, 0x0020, 0x0020, 0x0020, 0x0020, 0x0020, 0x0020, 0x0020, 0x0020,
  0x0020, 0x0020, 0x0020, 0x0020, 0x0020, 0x0020, 0x0020, 0x0020, 0x0020, 0x0020, 0x0020, 0x0020,
  0x0020, 0x0020, 0x0020, 0x0020, 0x0020, 0x0020, 0x0020, 0x0020, 0x0020, 0x0020, 0x0020, 0x0020,
  0x0020, 0x0020, 0x0020, 0x0020, 0x0020, 0x0020, 0x0020, 0x0020, 0x0020, 0x0020, 0x0020, 0x0020,
  0x0020, 0x0020, 0x0020, 0x0020, 0x0020, 0x0020, 0x0020, 0x0020, 0x0020, 0x0020, 0x0020, 0x0020,
  0x0020, 0x0020, 0x0020, 0x0020, 0x0020, 0x0020, 0x0020, 0x0020, 0x0020, 0x0020, 0x0020, 0x0020,
  0x0020, 0x0020, 0x0020, 0x0020, 0x0020, 0x0020, 0x0020, 0x0020, 0x0020, 0x0020, 0x0020, 0x0020,
  0x0020, 0x0020, 0x0020, 0x0020, 0x0020, 0x0020, 0x0020, 0x0020, 0x0020, 0x0020, 0x0020, 0x0020,
  0x0020, 0x0020, 0x0020, 0x0020, 0x0020, 0x0020, 0x0020, 0x0020, 0x0020, 0x0020, 0x0020, 0x0020,
  0x0020, 0x0020, 0x0020, 0x0020, 0x0020, 0x0020, 0x0020, 0x0020, 0x0020, 0x0020, 0x0020, 0x0020,
  0x0020, 0x0020, 0x0020, 0x0020, 0x0020, 0x0020, 0x0020, 0x0020, 0x0020, 0x0020, 0x0020, 0x0020,
  0x0020, 0x0020, 0x0020, 0x0020, 0x0020, 0x0020, 0x0020, 0x0020, 0x0020, 0x0020, 0x0020, 0x0020,
  0x0020, 0x0020, 0x0020, 0x0020, 0x0020, 0x0020, 0x0020, 0x0020, 0x0020, 0x0020, 0x0020, 0x0020,
  0x0020, 0x0020, 0x0020, 0x0020, 0x0020, 0x0020, 0x0020, 0x0020, 0x0020, 0x0020, 0x0020, 0x0020,
  0x0020, 0x0020, 0x0020, 0x0020, 0x0020, 0x0020, 0x0020, 0x0020, 0x0020, 0x0020, 0x0020, 0x0020,
  0x0020, 0x0020, 0x0020, 0x0020, 0x0020, 0x0020, 0x0020, 0x0020, 0x0020, 0x0020, 0x0020, 0x0020,
  0x0020, 0x0020, 0x0020, 0x0020, 0x0020, 0x0020, 0x0020, 0x0020, 0x0020, 0x0020, 0x0020, 0x0020,
  0x0020, 0x0020, 0x0020, 0x0020, 0x0020, 0x0020, 0x0020, 0x0020, 0x0020, 0x0020, 0x0020, 0x0020,
  0x0020, 0x0020, 0x0020, 0x0020, 0x0020, 0x0020, 0x0020, 0x0020, 0x0020, 0x0020, 0x0020, 0x0020,
  0x0020, 0x0020, 0x0020, 0x0020, 0x0020, 0x0020, 0x0020, 0x0020, 0x0020, 0x0020, 0x0020, 0x0020,
  0x0020, 0x0020, 0x0020, 0x0020, 0x0020, 0x0020, 0x0020, 0x0020, 0x0020, 0x0020, 0x0020, 0x0020,
  0x0020, 0x0020, 0x0020, 0x0020, 0x0020, 0x0020, 0x0020, 0x0020, 0x0020, 0x0020, 0x0020, 0x0020,
  0x0020, 0x0020, 0x0020, 0x0020, 0x0020, 0x0020, 0x0020, 0x0020, 0x0020, 0x0020, 0x0020, 0x0020,
  0x0020, 0x0020, 0x0020, 0x0020, 0x0020, 0x0020, 0x0020, 0x0020, 0x0020, 0x0020, 0x0020, 0x0020,
  0x0020, 0x0020, 0x0020, 0x0020, 0x0020, 0x0020, 0x0020, 0x0020, 0x0020, 0x0020, 0x0020, 0x0020,
  0x0020, 0x0020, 0x0020, 0x0020, 0x0020, 0x0020, 0x0020, 0x0020, 0x0020, 0x0020, 0x0020, 0x0020,
  0x0020, 0x0020, 0x0020, 0x0020, 0x0020, 0x0020, 0x0020, 0x0020, 0x0020, 0x0020, 0x0020, 0x0020,
  0x0020, 0x0020, 0x0020, 0x0020, 0x0020, 0x0020, 0x0020, 0x0020, 0x0020, 0x0020, 0x0020, 0x0020,
  0x0020, 0x0020, 0x0020, 0x0020, 0x0020, 0x0020, 0x0020, 0x0020, 0x0020, 0x0020, 0x0020, 0x0020,
  0x0020, 0x0020, 0x0020, 0x0020, 0x0020, 0x0020, 0x0020, 0x0020, 0x0020, 0x0020, 0x0020, 0x0020,
  0x0020, 0x0020, 0x0020, 0x0020, 0x0020, 0x0020, 0x0020, 0x0020, 0x0020, 0x0020, 0x0020, 0x0020,
  0x0020, 0x0020, 0x0020, 0x0020, 0x0020, 0x0020, 0x0020, 0x0020, 0x0020, 0x0020, 0x0020, 0x0020,
  0x0020, 0x0020, 0x0020, 0x0020, 0x0020, 0x0020, 0x0020, 0x0020, 0x0020, 0x0020, 0x0020, 0x0020,
  0x0020, 0x0020, 0x0020, 0x0020, 0x0020, 0x0020, 0x0020, 0x0020, 0x0020, 0x0020, 0x0020, 0x0020,
  0x0020, 0x0020, 0x0020, 0x0020, 0x0020, 0x0020, 0x0020, 0x0020, 0x0020, 0x0020, 0x0020, 0x0020,
  0x0020, 0x0020, 0x0020, 0x0020, 0x0020, 0x0020, 0x0020, 0x0020, 0x0020, 0x0020, 0x0020, 0x0020,
  0x0020, 0x0020, 0x0020, 0x0020, 0x0020, 0x0020, 0x0020, 0x0020, 0x0020, 0x0020, 0x0020, 0x0020,
  0x0020, 0x0020, 0x0020, 0x0020, 0x0020, 0x0020, 0x0020, 0x0020, 0x0020, 0x0020, 0x0020, 0x0020,
  0x0020, 0x0020, 0x0020, 0x0020, 0x0020, 0x0020, 0x0020, 0x0020, 0x0020, 0x0020, 0x0020, 0x0020,
  0x0020, 0x0020, 0x0020, 0x0020, 0x0020, 0x0020, 0x0020, 0x0020, 0x0020, 0x0020, 0x0020, 0x0020,
  0x0020, 0x0020, 0x0020, 0x0020, 0x0020, 0x0020, 0x0020, 0x0020, 0x0020, 0x0020, 0x0020, 0x0020,
  0x0020, 0x0020, 0x0020, 0x0020, 0x0020, 0x0020, 0x0020, 0x0020, 0x0020, 0x0020, 0x0020, 0x0020,
  0x0020, 0x0020, 0x0020, 0x0020, 0x0020, 0x0020, 0x0020, 0x0020, 0x0020, 0x0020, 0x0020, 0x0020,
  0x0020, 0x0020, 0x0020, 0x0020, 0x0020, 0x0020, 0x0020, 0x0020, 0x0020, 0x0020, 0x0020, 0x0020,
  0x0020, 0x0020, 0x0020, 0x0020, 0x0020, 0x0020, 0x0020, 0x0020, 0x0020, 0x0020, 0x0020, 0x0020,
  0x0020, 0x0020, 0x0020, 0x0020, 0x0020, 0x0020, 0x0020, 0x0020, 0x0020, 0x0020, 0x0020, 0x0020,
  0x0020, 0x0020, 0x0020, 0x0020, 0x0020, 0x0020, 0x0020, 0x0020, 0x0020, 0x0020, 0x0020, 0x0020,
  0x0020, 0x0020, 0x0020, 0x0020, 0x0020, 0x0020, 0x0020, 0x0020, 0x0020, 0x0020, 0x0020, 0x0020,
  0x0020, 0x0020, 0x0020, 0x0020, 0x0020, 0x0020, 0x0020, 0x0020, 0x0020, 0x0020, 0x0020, 0x0020,
  0x0020, 0x0020, 0x0020, 0x0020, 0x0020, 0x0020, 0x0020, 0x0020, 0x0020, 0x0020, 0x0020, 0x0020,
  0x0020, 0x0020, 0x0020, 0x0020, 0x0020, 0x0020, 0x0020, 0x0020, 0x0020, 0x0020, 0x0020, 0x0020,
  0x0020, 0x0020, 0x0020, 0x0020, 0x0020, 0x0020, 0x0020, 0x0020, 0x0020, 0x0020, 0x0020, 0x0020,
  0x0020, 0x0020, 0x0020, 0x0020, 0x0020, 0x0020, 0x0020, 0x0020, 0x0020, 0x0020, 0x0020, 0x0020,
  0x0020, 0x0020, 0x0020, 0x0020, 0x0020, 0x0020, 0x0020, 0x0020, 0x0020, 0x0020, 0x0020, 0x0020,
  0x0020, 0x0020, 0x0020, 0x0020, 0x0020, 0x0020, 0x0020, 0x0020, 0x0020, 0x0020, 0x0020, 0x0020,
  0x0020, 0x0020, 0x0020, 0x0020, 0x0020, 0x0020, 0x0020, 0x0020, 0x0020, 0x0020, 0x0020, 0x0020,
  0x0020, 0x0020, 0x0020, 0x0020, 0x0020, 0x0020, 0x0020, 0x0020, 0x0020, 0x0020, 0x0020, 0x0020,
  0x0020, 0x0020, 0x0020, 0x0020, 0x0020, 0x0020, 0x0020, 0x0020, 0x0020, 0x0020, 0x0020, 0x0020,
  0x0020, 0x0020, 0x0020, 0x0020, 0x0020, 0x0020, 0x0020, 0x0020, 0x0020, 0x0020, 0x0020, 0x0020,
  0x0020, 0x0020, 0x0020, 0x0020, 0x0020, 0x0020, 0x0020, 0x0020, 0x0020, 0x0020, 0x0020, 0x0020,
  0x0020, 0x0020, 0x0020, 0x0020, 0x0020, 0x0020, 0x0020, 0x0020, 0x0020, 0x0020, 0x0020, 0x0020,
  0x0020, 0x0020, 0x0020, 0x0020, 0x0020, 0x0020, 0x0020, 0x0020, 0x0020, 0x0020, 0x0020, 0x0020,
  0x0020, 0x0020, 0x0020, 0x0020, 0x0020, 0x0020, 0x0020, 0x0020, 0x0020, 0x0020, 0x0020, 0x0020,
  0x0020, 0x0020, 0x0020, 0x0020, 0x0020, 0x0020, 0x0020, 0x0020, 0x0020, 0x0020, 0x0020, 0x0020,
  0x0020, 0x0020, 0x0020, 0x0020, 0x0020, 0x0020, 0x0020, 0x0020, 0x0020, 0x0020, 0x0020, 0x0020,
  0x0020, 0x0020, 0x0020, 0x0020, 0x0020, 0x0020, 0x0020, 0x0020, 0x0020, 0x0020, 0x0020, 0x0020,
  0x0020, 0x0020, 0x0020, 0x0020, 0x0020, 0x0020, 0x0020, 0x0020, 0x0020, 0x0020, 0x0020, 0x0020,
  0x0020, 0x0020, 0x0020, 0x0020, 0x0020, 0x0020, 0x0020, 0x0020, 0x0020, 0x0020, 0x0020, 0x0020,
  0x0020, 0x0020, 0x0020, 0x0020, 0x0020, 0x0020, 0x0020, 0x0020, 0x0020, 0x0020, 0x0020, 0x0020,
  0x0020, 0x0020, 0x0020, 0x0020, 0x0020, 0x0020, 0x0020, 0x0020, 0x0020, 0x0020, 0x0020, 0x0020,
  0x0020, 0x0020, 0x0020, 0x0020, 0x0020, 0x0020, 0x0020, 0x0020, 0x0020, 0x0020, 0x0020, 0x0020,
  0x0020, 0x0020, 0x0020, 0x0020, 0x0020, 0x0020, 0x0020, 0x0020, 0x0020, 0x0020, 0x0020, 0x0020,
  0x0020, 0x0020, 0x0020, 0x0020, 0x0020, 0x0020, 0x0020, 0x0020, 0x0020, 0x0020, 0x0020, 0x0020,
  0x0020, 0x0020, 0x0020, 0x0020, 0x0020, 0x0020, 0x0020, 0x0020, 0x0020, 0x0020, 0x0020, 0x0020,
  0x0020, 0x0020, 0x0020, 0x0020, 0x0020, 0x0020, 0x0020, 0x0020, 0x0020, 0x0020, 0x0020, 0x0020,
  0x0020, 0x0020, 0x0020, 0x0020, 0x0020, 0x0020, 0x0020, 0x0020, 0x0020, 0x0020, 0x0020, 0x0020,
  0x0020, 0x0020, 0x0020, 0x0020, 0x0020, 0x0020, 0x0020, 0x0020, 0x0020, 0x0020, 0x0020, 0x0020,
  0x0020, 0x0020, 0x0020, 0x0020, 0x0020, 0x0020, 0x0020, 0x0020, 0x0020, 0x0020, 0x0020, 0x0020,
  0x0020, 0x0020, 0x0020, 0x0020, 0x0020, 0x0020, 0x0020, 0x0020, 0x0020, 0x0020, 0x0020, 0x0020,
  0x0020, 0x0020, 0x0020, 0x0020, 0x0020, 0x0020, 0x0020, 0x0020, 0x0020, 0x0020, 0x0020, 0x0020,
  0x0020, 0x0020, 0x0020, 0x0020, 0x0020, 0x0020, 0x0020, 0x0020, 0x0020, 0x0020, 0x0020, 0x0020,
  0x0020, 0x0020, 0x0020, 0x0020, 0x0020, 0x0020, 0x0020, 0x0020, 0x0020, 0x0020, 0x0020, 0x0020,
  0x0020, 0x0020, 0x0020, 0x0020, 0x0020, 0x0020, 0x0020, 0x0020, 0x0020, 0x0020, 0x0020, 0x0020,
  0x0020, 0x0020, 0x0020, 0x0020, 0x0020, 0x0020, 0x0020, 0x0020, 0x0020, 0x0020, 0x0020, 0x0020,
  0x0020, 0x0020, 0x0020, 0x0020, 0x0020, 0x0020, 0x0020, 0x0020, 0x0020, 0x0020, 0x0020, 0x0020,
  0x0020, 0x0020, 0x0020, 0x0020, 0x0020, 0x0020, 0x0020, 0x0020, 0x0020, 0x0020, 0x0020, 0x0020,
  0x0020, 0x0020, 0x0020, 0x0020, 0x0020, 0x0020, 0x0020, 0x0020, 0x0020, 0x0020, 0x0020, 0x0020,
  0x0020, 0x0020, 0x0020, 0x0020, 0x0020, 0x0020, 0x0020, 0x0020, 0x0020, 0x0020, 0x0020, 0x0020,
  0x0020, 0x0020, 0x0020, 0x0020, 0x0020, 0x0020, 0x0020, 0x0020, 0x0020, 0x0020, 0x0020, 0x0020,
  0x0020, 0x0020, 0x0020, 0x0020, 0x0020, 0x0020, 0x0020, 0x0020, 0x0020, 0x0020, 0x0020, 0x0020,
  0x0020, 0x0020, 0x0020, 0x0020, 0x0020, 0x0020, 0x0020, 0x0020, 0x0020, 0x0020, 0x0020, 0x0020,
  0x0020, 0x0020, 0x0020, 0x0020, 0x0020, 0x0020, 0x0020, 0x0020, 0x0020, 0x0020, 0x0020, 0x0020,
  0x0020, 0x0020, 0x0020, 0x0020, 0x0020, 0x0020, 0x0020, 0x0020, 0x0020, 0x0020, 0x0020, 0x0020,
  0x0020, 0x0020, 0x0020, 0x0020, 0x0020, 0x0020, 0x0020, 0x0020, 0x0020, 0x0020, 0x0020, 0x0020,
  0x0020, 0x0020, 0x0020, 0x0020, 0x0020, 0x0020, 0x0020, 0x0020, 0x0020, 0x0020, 0x0020, 0x0020,
  0x0020, 0x0020, 0x0020, 0x0020, 0x0020, 0x0020, 0x0020, 0x0020, 0x0020, 0x0020, 0x0020, 0x0020,
  0x0020, 0x0020, 0x0020, 0x0020, 0x0020, 0x0020, 0x0020, 0x0020, 0x0020, 0x0020, 0x0020, 0x0020,
  0x0020, 0x0020, 0x0020, 0x0020, 0x0020, 0x0020, 0x0020, 0x0020, 0x0020, 0x0020, 0x0020, 0x0020,
  0x0020, 0x0020, 0x0020, 0x0020, 0x0020, 0x0020, 0x0020, 0x0020, 0x0020, 0x0020, 0x0020, 0x0020,
  0x0020, 0x0020, 0x0020, 0x0020, 0x0020, 0x0020, 0x0020, 0x0020, 0x0020, 0x0020, 0x0020, 0x0020,
  0x0020, 0x0020, 0x0020, 0x0020, 0x0020, 0x0020, 0x0020, 0x0020, 0x0020, 0x0020, 0x0020, 0x0020,
  0x0020, 0x0020, 0x0020, 0x0020, 0x0020, 0x0020, 0x0020, 0x0020, 0x0020, 0x0020, 0x0020, 0x0020,
  0x0020, 0x0020, 0x0020, 0x0020, 0x0020, 0x0020, 0x0020, 0x0020, 0x0020, 0x0020, 0x0020, 0x0020,
  0x0020, 0x0020, 0x0020, 0x0020, 0x0020, 0x0020, 0x0020, 0x0020, 0x0020, 0x0020, 0x0020, 0x0020,
  0x0020, 0x0020, 0x0020, 0x0020, 0x0020, 0x0020, 0x0020, 0x0020, 0x0020, 0x0020, 0x0020, 0x0020,
  0x0020, 0x0020, 0x0020, 0x0020, 0x0020, 0x0020, 0x0020, 0x0020, 0x0020, 0x0020, 0x0020, 0x0020,
  0x0020, 0x0020, 0x0020, 0x0020, 0x0020, 0x0020, 0x0020, 0x0020, 0x0020, 0x0020, 0x0020, 0x0020,
  0x0020, 0x0020, 0x0020, 0x0020, 0x0020, 0x0020, 0x0020, 0x0020, 0x0020, 0x0020, 0x0020, 0x0020,
  0x0020, 0x0020, 0x0020, 0x0020, 0x0020, 0x0020, 0x0020, 0x0020, 0x0020, 0x0020, 0x0020, 0x0020,
  0x0020, 0x0020, 0x0020, 0x0020, 0x0020, 0x0020, 0x0020, 0x0020, 0x0020, 0x0020, 0x0020, 0x0020,
  0x0020, 0x0020, 0x0020, 0x0020, 0x0020, 0x0020, 0x0020, 0x0020, 0x0020, 0x0020, 0x0020, 0x0020,
  0x0020, 0x0020, 0x0020, 0x0020, 0x0020, 0x0020, 0x0020, 0x0020, 0x0020, 0x0020, 0x0020, 0x0020,
  0x0020, 0x0020, 0x0020, 0x0020, 0x0020, 0x0020, 0x0020, 0x0020, 0x0020, 0x0020, 0x0020, 0x0020,
  0x0020, 0x0020, 0x0020, 0x0020, 0x0020, 0x0020, 0x0020, 0x0020, 0x0020, 0x0020, 0x0020, 0x0020,
  0x0020, 0x0020, 0x0020, 0x0020, 0x0020, 0x0020, 0x0020, 0x0020, 0x0020, 0x0020, 0x0020, 0x0020,
  0x0020, 0x0020, 0x0020, 0x0020, 0x0020, 0x0020, 0x0020, 0x0020, 0x0020, 0x0020, 0x0020, 0x0020,
  0x0020, 0x0020, 0x0020, 0x0020, 0x0020, 0x0020, 0x0020, 0x0020, 0x0020, 0x0020, 0x0020, 0x0020,
  0x0020, 0x0020, 0x0020, 0x0020, 0x0020, 0x0020, 0x0020, 0x0020, 0x0020, 0x0020, 0x0020, 0x0020,
  0x0020, 0x0020, 0x0020, 0x0020, 0x0020, 0x0020, 0x0020, 0x0020, 0x0020, 0x0020, 0x0020, 0x0020,
  0x0020, 0x0020, 0x0020, 0x0020, 0x0020, 0x0020, 0x0020, 0x0020, 0x0020, 0x0020, 0x0020, 0x0020,
  0x0020, 0x0020, 0x0020, 0x0020, 0x0020, 0x0020, 0x0020, 0x0020, 0x0020, 0x0020, 0x0020, 0x0020,
  0x0020, 0x0020, 0x0020, 0x0020, 0x0020, 0x0020, 0x0020, 0x0020, 0x0020, 0x0020, 0x0020, 0x0020,
  0x0020, 0x0020, 0x0020, 0x0020, 0x0020, 0x0020, 0x0020, 0x0020, 0x0020, 0x0020, 0x0020, 0x0020,
  0x0020, 0x0020, 0x0020, 0x0020, 0x0020, 0x0020, 0x0020, 0x0020, 0x0020, 0x0020, 0x0020, 0x0020,
  0x0020, 0x0020, 0x0020, 0x0020, 0x0020, 0x0020, 0x0020, 0x0020, 0x0020, 0x0020, 0x0020, 0x0020,
  0x0020, 0x0020, 0x0020, 0x0020, 0x0020, 0x0020, 0x0020, 0x0020, 0x0020, 0x0020, 0x0020, 0x0020,
  0x0020, 0x0020, 0x0020, 0x0020, 0x0020, 0x0020, 0x0020, 0x0020, 0x0020, 0x0020, 0x0020, 0x0020,
  0x0020, 0x0020, 0x0020, 0x0020, 0x0020, 0x0020, 0x0020, 0x0020, 0x0020, 0x0020, 0x0020, 0x0020,
  0x0020, 0x0020, 0x0020, 0x0020, 0x0020, 0x0020, 0x0020, 0x0020, 0x0020, 0x0020, 0x0020, 0x0020,
  0x0020, 0x0020, 0x0020, 0x0020, 0x0020, 0x0020, 0x0020, 0x0020, 0x0020, 0x0020, 0x0020, 0x0020,
  0x0020, 0x0020, 0x0020, 0x0020, 0x0020, 0x0020, 0x0020, 0x0020, 0x0020, 0x0020, 0x0020, 0x0020,
  0x0020, 0x0020, 0x0020, 0x0020, 0x0020, 0x0020, 0x0020, 0x0020, 0x0020, 0x0020, 0x0020, 0x0020,
  0x0020, 0x0020, 0x0020, 0x0020, 0x0020, 0x0020, 0x0020, 0x0020, 0x0020, 0x0020, 0x0020, 0x0020,
  0x0020, 0x0020, 0x0020, 0x0020, 0x0020, 0x0020, 0x0020, 0x0020, 0x0020, 0x0020, 0x0020, 0x0020,
  0x0020, 0x0020, 0x0020, 0x0020, 0x0020, 0x0020, 0x0020, 0x0020, 0x0020, 0x0020, 0x0020, 0x0020,
  0x0020, 0x0020, 0x0020, 0x0020, 0x0020, 0x0020, 0x0020, 0x0020, 0x0020, 0x0020, 0x0020, 0x0020,
  0x0020, 0x0020, 0x0020, 0x0020, 0x0020, 0x0020, 0x0020, 0x0020, 0x0020, 0x0020, 0x0020, 0x0020,
  0x0020, 0x0020, 0x0020, 0x0020, 0x0020, 0x0020, 0x0020, 0x0020, 0x0020, 0x0020, 0x0020, 0x0020,
  0x0020, 0x0020, 0x0020, 0x0020, 0x0020, 0x0020, 0x0020, 0x0020, 0x0020, 0x0020, 0x0020, 0x0020,
  0x0020, 0x0020, 0x0020, 0x0020, 0x0020, 0x0020, 0x0020, 0x0020, 0x0020, 0x0020, 0x0020, 0x0020,
  0x0020, 0x0020, 0x0020, 0x0020, 0x0020, 0x0020, 0x0020, 0x0020, 0x0020, 0x0020, 0x0020, 0x0020,
  0x0020, 0x0020, 0x0020, 0x0020, 0x0020, 0x0020, 0x0020, 0x0020, 0x0020, 0x0020, 0x0020, 0x0020,
  0x0020, 0x0020, 0x0020, 0x0020, 0x0020, 0x0020, 0x0020, 0x0020, 0x0020, 0x0020, 0x0020, 0x0020,
  0x0020, 0x0020, 0x0020, 0x0020, 0x0020, 0x0020, 0x0020, 0x0020, 0x0020, 0x0020, 0x0020, 0x0020,
  0x0020, 0x0020, 0x0020, 0x0020, 0x0020, 0x0020, 0x0020, 0x0020, 0x0020, 0x0020, 0x0020, 0x0020,
  0x0020, 0x0020, 0x0020, 0x0020, 0x0020, 0x0020, 0x0020, 0x0020, 0x0020, 0x0020, 0x0020, 0x0020,
  0x0020, 0x0020, 0x0020, 0x0020, 0x0020, 0x0020, 0x0020, 0x0020, 0x0020, 0x0020, 0x0020, 0x0020,
  0x0020, 0x0020, 0x0020, 0x0020, 0x0020, 0x0020, 0x0020, 0x0020, 0x0020, 0x0020, 0x0020, 0x0020,
  0x0020, 0x0020, 0x0020, 0x0020, 0x0020, 0x0020, 0x0020, 0x0020, 0x0020, 0x0020, 0x0020, 0x0020,
  0x0000, 0x0020, 0x0020, 0x0020, 0x0020, 0x0020, 0x0020, 0x0020, 0x0020, 0x0020, 0x0020, 0x0020,
  0x0020, 0x0020, 0x0020, 0x0020, 0x0020, 0x0020, 0x0020, 0x0020, 0x0020, 0x0020, 0x0020, 0x0020,
  0x0020, 0x0020, 0x0020, 0x0020, 0x0020, 0x0020, 0x0020, 0x0020, 0x0020, 0x0020, 0x0020, 0x0020,
  0x0020, 0x0020, 0x0020, 0x0020, 0x0020, 0x0020, 0x0020, 0x0020, 0x0020, 0x0020, 0x0020, 0x0020,
  0x0020, 0x0020, 0x0020, 0x0020, 0x0020, 0x0020, 0x0020, 0x0020, 0x0020, 0x0020, 0x0020, 0x0020,
  0x0020, 0x0020, 0x0020, 0x0020, 0x0020, 0x0020, 0x0020, 0x0020, 0x0020, 0x0020, 0x0020, 0x0020,
  0x0020, 0x0020, 0x0020, 0x0020, 0x0020, 0x0020, 0x0020, 0x0020, 0x0020, 0x0020, 0x0020, 0x0020,
  0x0020, 0x0020, 0x0020, 0x0020, 0x0020, 0x0020, 0x0020, 0x0020, 0x0020, 0x0020, 0x0020, 0x0020,
  0x0020, 0x0020, 0x0020, 0x0020, 0x0020, 0x0020, 0x0020, 0x0020, 0x0020, 0x0020, 0x0020, 0x0020,
  0x0020, 0x0020, 0x0020, 0x0020, 0x0020, 0x0020, 0x0020, 0x0020, 0x0020, 0x0020, 0x0020, 0x0020,
  0x0020, 0x0020, 0x0020, 0x0020, 0x0020, 0x0020, 0x0020, 0x0020, 0x0020, 0x0020, 0x0020, 0x0020,
  0x0020, 0x0020, 0x0020, 0x0020, 0x0020, 0x0020, 0x0020, 0x0020, 0x0020, 0x0020, 0x0020, 0x0020,
  0x0020, 0x0020, 0x0020, 0x0020, 0x0020, 0x0020, 0x0020, 0x0020, 0x0020, 0x0020, 0x0020, 0x0020,
  0x0020, 0x0020, 0x0020, 0x0020,
