// Generated from Assets/GridCity/StreetV3/device/h1-crown-promenade.png
// SHA-256: b62ed213e154d3b2ab97f6946b355515ae6602f54e6c462edfbdcfd7cd441b8a
  0x0021, 0x0021, 0x0020, 0x0020, 0x0020, 0x0021, 0x0021, 0x0021, 0x0021, 0x0021, 0x0021, 0x0020,
  0x0020, 0x0021, 0x0021, 0x0020, 0x0020, 0x0020, 0x0020, 0x0021, 0x0020, 0x0020, 0x0020, 0x0020,
  0x0021, 0x0021, 0x0020, 0x0020, 0x0020, 0x0021, 0x0021, 0x0021, 0x0021, 0x0020, 0x0021, 0x0020,
  0x0020, 0x0021, 0x0020, 0x0021, 0x0021, 0x0021, 0x0020, 0x0020, 0x0020, 0x0021, 0x0021, 0x0021,
  0x0020, 0x0020, 0x0020, 0x0020, 0x0021, 0x0021, 0x0021, 0x0020, 0x0020, 0x0021, 0x0021, 0x0020,
  0x0020, 0x0021, 0x0021, 0x0021, 0x0021, 0x0021, 0x0021, 0x0021, 0x0020, 0x0021, 0x0020, 0x0021,
  0x0021, 0x0021, 0x0021, 0x0020, 0x0021, 0x0020, 0x0021, 0x0020, 0x0021, 0x0021, 0x0020, 0x0020,
  0x0020, 0x0020, 0x0020, 0x0020, 0x0020, 0x0020, 0x0020, 0x0021, 0x0021, 0x0021, 0x0021, 0x0020,
  0x0020, 0x0021, 0x0020, 0x0021, 0x0021, 0x0020, 0x0021, 0x0020, 0x0021, 0x0021, 0x0020, 0x0020,
  0x0021, 0x0021, 0x0021, 0x0020, 0x0021, 0x0021, 0x0021, 0x0021, 0x0021, 0x0021, 0x0021, 0x0021,
  0x0021, 0x0020, 0x0020, 0x0021, 0x0020, 0x0020, 0x0021, 0x0020, 0x0021, 0x0021, 0x0020, 0x0021,
  0x0020, 0x0021, 0x0021, 0x0020, 0x0021, 0x0020, 0x0021, 0x0020, 0x0020, 0x0020, 0x0021, 0x0020,
  0x0021, 0x0021, 0x0021, 0x0021, 0x0021, 0x0021, 0x0020, 0x0021, 0x0021, 0x0021, 0x0021, 0x0021,
  0x0021, 0x0021, 0x0021, 0x0020, 0x0020, 0x0021, 0x0021, 0x0021, 0x0020, 0x0020, 0x0021, 0x0021,
  0x0021, 0x0021, 0x0021, 0x0020, 0x0021, 0x0021, 0x0021, 0x0021, 0x0021, 0x0021, 0x0021, 0x0020,
  0x0021, 0x0021, 0x0020, 0x0020, 0x0021, 0x0021, 0x0020, 0x0020, 0x0020, 0x0020, 0x0020, 0x0021,
  0x0021, 0x0021, 0x0021, 0x0021, 0x0020, 0x0021, 0x0021, 0x0020, 0x0021, 0x0021, 0x0021, 0x0021,
  0x0021, 0x0021, 0x0020, 0x0021, 0x0021, 0x0021, 0x0020, 0x0021, 0x0020, 0x0020, 0x0020, 0x0020,
  0x0020, 0x0021, 0x0021, 0x0020, 0x0021, 0x0021, 0x0021, 0x0021, 0x0020, 0x0020, 0x0020, 0x0021,
  0x0020, 0x0020, 0x0021, 0x0021, 0x0021, 0x0021, 0x0021, 0x0021, 0x0021, 0x0021, 0x0020, 0x0021,
  0x0021, 0x0020, 0x0020, 0x0020, 0x0021, 0x0020, 0x0020, 0x0021, 0x0021, 0x0020, 0x0020, 0x0021,
  0x0021, 0x0021, 0x0020, 0x0021, 0x0021, 0x0021, 0x0021, 0x0020, 0x0020, 0x0021, 0x0021, 0x0021,
  0x0020, 0x0020, 0x0021, 0x0021, 0x0021, 0x0021, 0x0020, 0x0021, 0x0020, 0x0020, 0x0020, 0x0020,
  0x0020, 0x0020, 0x0021, 0x0021, 0x0021, 0x0021, 0x0021, 0x0020, 0x0020, 0x0021, 0x0020, 0x0021,
  0x0020, 0x0021, 0x0020, 0x0020, 0x0020, 0x0021, 0x0021, 0x0021, 0x0021, 0x0021, 0x0020, 0x0021,
  0x0021, 0x0021, 0x0021, 0x0021, 0x0021, 0x0021, 0x0021, 0x0021, 0x0021, 0x0021, 0x0021, 0x0021,
  0x0020, 0x0021, 0x0021, 0x0021, 0x0020, 0x0021, 0x0021, 0x0021, 0x0020, 0x0021, 0x0021, 0x0021,
  0x0021, 0x0020, 0x0020, 0x0020, 0x0021, 0x0021, 0x0020, 0x0021, 0x0021, 0x0020, 0x0021, 0x0021,
  0x0021, 0x0021, 0x0021, 0x0021, 0x0021, 0x0021, 0x0021, 0x0021, 0x0021, 0x0020, 0x0021, 0x0021,
  0x0021, 0x0020, 0x0021, 0x0021, 0x0021, 0x0021, 0x0021, 0x0020, 0x0021, 0x0021, 0x0021, 0x0021,
  0x0021, 0x0021, 0x0020, 0x0021, 0x0021, 0x0021, 0x0021, 0x0021, 0x0021, 0x0021, 0x0021, 0x0020,
  0x0021, 0x0021, 0x0020, 0x0020, 0x0021, 0x0021, 0x0021, 0x0021, 0x0021, 0x0021, 0x0021, 0x0021,
  0x0021, 0x0021, 0x0021, 0x0021, 0x0021, 0x0021, 0x0021, 0x0021, 0x0021, 0x0021, 0x0021, 0x0021,
  0x0021, 0x0021, 0x0021, 0x0021, 0x0020, 0x0021, 0x0021, 0x0020, 0x0021, 0x0021, 0x0020, 0x0021,
  0x0021, 0x0020, 0x0021, 0x0021, 0x0021, 0x0020, 0x0021, 0x0021, 0x0021, 0x0021, 0x0021, 0x0021,
  0x0020, 0x0021, 0x0020, 0x0021, 0x0021, 0x0021, 0x0021, 0x0021, 0x0021, 0x0021, 0x0021, 0x0020,
  0x0021, 0x0021, 0x0021, 0x0021, 0x0021, 0x0021, 0x0021, 0x0021, 0x0021, 0x0021, 0x0021, 0x0020,
  0x0021, 0x0021, 0x0020, 0x0021, 0x0021, 0x0021, 0x0020, 0x0021, 0x0021, 0x0021, 0x0021, 0x0021,
  0x0021, 0x0021, 0x0021, 0x0021, 0x0021, 0x0021, 0x0021, 0x0021, 0x0021, 0x0021, 0x0021, 0x0021,
  0x0021, 0x0021, 0x0021, 0x0021, 0x0021, 0x0021, 0x0021, 0x0021, 0x0021, 0x0021, 0x0021, 0x0020,
  0x0020, 0x0020, 0x0021, 0x0020, 0x0021, 0x0021, 0x0021, 0x0021, 0x0021, 0x0021, 0x0021, 0x0021,
  0x0021, 0x0021, 0x0021, 0x0021, 0x0021, 0x0021, 0x0021, 0x0021, 0x0021, 0x0020, 0x0021, 0x0021,
  0x0021, 0x0021, 0x0021, 0x0021, 0x0021, 0x0020, 0x0021, 0x0021, 0x0021, 0x0021, 0x0021, 0x0020,
  0x0021, 0x0021, 0x0021, 0x0021, 0x0021, 0x0021, 0x0021, 0x0021, 0x0021, 0x0021, 0x0021, 0x0021,
  0x0021, 0x0021, 0x0021, 0x0021, 0x0021, 0x0021, 0x0020, 0x0021, 0x0021, 0x0021, 0x0021, 0x0021,
  0x0021, 0x0021, 0x0021, 0x0021, 0x0021, 0x0021, 0x0021, 0x0021, 0x0021, 0x0021, 0x0020, 0x0021,
  0x0021, 0x0020, 0x0021, 0x0021, 0x0021, 0x0021, 0x0020, 0x0021, 0x0021, 0x0021, 0x0021, 0x0021,
  0x0021, 0x0021, 0x0021, 0x0021, 0x0021, 0x0021, 0x0020, 0x0021, 0x0021, 0x0021, 0x0021, 0x0021,
  0x0021, 0x0021, 0x0021, 0x0021, 0x0020, 0x0020, 0x0021, 0x0021, 0x0021, 0x0021, 0x0021, 0x0021,
  0x0021, 0x0021, 0x0021, 0x0020, 0x0021, 0x0021, 0x0021, 0x0020, 0x0021, 0x0021, 0x0021, 0x0021,
  0x0021, 0x0021, 0x0021, 0x0021, 0x0021, 0x0021, 0x0021, 0x0021, 0x0020, 0x0021, 0x0021, 0x0021,
  0x0021, 0x0020, 0x0021, 0x0021, 0x0021, 0x0021, 0x0021, 0x0021, 0x0021, 0x0021, 0x0020, 0x0021,
  0x0021, 0x0021, 0x0021, 0x0021, 0x0021, 0x0021, 0x0021, 0x0021, 0x0021, 0x0021, 0x0021, 0x0021,
  0x0021, 0x0021, 0x0021, 0x0021, 0x0020, 0x0020, 0x0020, 0x0021, 0x0020, 0x0021, 0x0020, 0x0021,
  0x0021, 0x0020, 0x0021, 0x0020, 0x0021, 0x0021, 0x0021, 0x0020, 0x0021, 0x0021, 0x0021, 0x0021,
  0x0020, 0x0021, 0x0021, 0x0021, 0x0021, 0x0021, 0x0021, 0x0021, 0x0021, 0x0020, 0x0021, 0x0021,
  0x0021, 0x0021, 0x0020, 0x0021, 0x0021, 0x0021, 0x0021, 0x0020, 0x0021, 0x0021, 0x0021, 0x0020,
  0x0021, 0x0021, 0x0021, 0x0021, 0x0021, 0x0021, 0x0021, 0x0021, 0x0020, 0x0021, 0x0021, 0x0021,
  0x0021, 0x0020, 0x0021, 0x0021, 0x0021, 0x0021, 0x0021, 0x0021, 0x0021, 0x0021, 0x0021, 0x0021,
  0x0021, 0x0021, 0x0021, 0x0021, 0x0021, 0x0021, 0x0021, 0x0021, 0x0021, 0x0021, 0x0021, 0x0021,
  0x0021, 0x0021, 0x0021, 0x0021, 0x0021, 0x0021, 0x0021, 0x0021, 0x0021, 0x0021, 0x0021, 0x0021,
  0x0020, 0x0021, 0x0021, 0x0021, 0x0021, 0x0020, 0x0021, 0x0021, 0x0021, 0x0021, 0x0020, 0x0021,
  0x0021, 0x0021, 0x0021, 0x0021, 0x0021, 0x0021, 0x0021, 0x0021, 0x0020, 0x0021, 0x0021, 0x0021,
  0x0021, 0x0021, 0x0021, 0x0021, 0x0021, 0x0021, 0x0021, 0x0021, 0x0021, 0x0021, 0x0021, 0x0021,
  0x0021, 0x0021, 0x0020, 0x0021, 0x0021, 0x0021, 0x0020, 0x0021, 0x0021, 0x0021, 0x0021, 0x0021,
  0x0021, 0x0021, 0x0021, 0x0021, 0x0021, 0x0021, 0x0021, 0x0021, 0x0021, 0x0021, 0x0021, 0x0021,
  0x0021, 0x0021, 0x0021, 0x0021, 0x0021, 0x0021, 0x0021, 0x0021, 0x0020, 0x0021, 0x0021, 0x0021,
  0x0021, 0x0020, 0x0020, 0x0020, 0x0021, 0x0020, 0x0021, 0x0020, 0x0021, 0x0020, 0x0021, 0x0021,
  0x0021, 0x0021, 0x0021, 0x0021, 0x0021, 0x0021, 0x0021, 0x0021, 0x0021, 0x0021, 0x0021, 0x0021,
  0x0021, 0x0021, 0x0021, 0x0020, 0x0021, 0x0021, 0x0021, 0x0021, 0x0021, 0x0021, 0x0021, 0x0020,
  0x0021, 0x0021, 0x0021, 0x0021, 0x0021, 0x0021, 0x0021, 0x0021, 0x0021, 0x0021, 0x0021, 0x0020,
  0x0021, 0x0021, 0x0021, 0x0021, 0x0021, 0x0021, 0x0020, 0x0020, 0x0021, 0x0021, 0x0021, 0x0021,
  0x0021, 0x0021, 0x0021, 0x0021, 0x0021, 0x0021, 0x0021, 0x0021, 0x0021, 0x0021, 0x0021, 0x0021,
  0x0021, 0x0021, 0x0021, 0x0021, 0x0021, 0x0021, 0x0021, 0x0020, 0x0021, 0x0021, 0x0021, 0x0020,
  0x0020, 0x0020, 0x0021, 0x0021, 0x0021, 0x0021, 0x0021, 0x0021, 0x0021, 0x0021, 0x0021, 0x0021,
  0x0021, 0x0021, 0x0021, 0x0021, 0x0021, 0x0021, 0x0021, 0x0021, 0x0020, 0x0021, 0x0021, 0x0021,
  0x0021, 0x0021, 0x0021, 0x0021, 0x0021, 0x0021, 0x0021, 0x0021, 0x0021, 0x0021, 0x0021, 0x0021,
  0x0021, 0x0021, 0x0021, 0x0020, 0x0021, 0x0021, 0x0020, 0x0021, 0x0021, 0x0021, 0x0021, 0x0021,
  0x0021, 0x0021, 0x0021, 0x0020, 0x0021, 0x0021, 0x0021, 0x0021, 0x0021, 0x0021, 0x0021, 0x0021,
  0x0021, 0x0021, 0x0021, 0x0021, 0x0021, 0x0020, 0x0021, 0x0021, 0x0021, 0x0021, 0x0021, 0x0021,
  0x0020, 0x0021, 0x0021, 0x0021, 0x0021, 0x0021, 0x0021, 0x0021, 0x0021, 0x0021, 0x0021, 0x0021,
  0x0021, 0x0021, 0x0021, 0x0020, 0x0021, 0x0021, 0x0021, 0x0020, 0x0021, 0x0021, 0x0021, 0x0021,
  0x0021, 0x0021, 0x0021, 0x0021, 0x0021, 0x0021, 0x0020, 0x0021, 0x0020, 0x0020, 0x0021, 0x0021,
  0x0021, 0x0021, 0x0021, 0x0021, 0x0021, 0x0021, 0x0021, 0x0021, 0x0021, 0x0021, 0x0021, 0x0021,
  0x0021, 0x0021, 0x0021, 0x0021, 0x0021, 0x0021, 0x0021, 0x0021, 0x0021, 0x0021, 0x0021, 0x0021,
  0x0021, 0x0021, 0x0021, 0x0021, 0x0021, 0x0021, 0x0021, 0x0021, 0x0021, 0x0021, 0x0021, 0x0021,
  0x0020, 0x0021, 0x0021, 0x0021, 0x0021, 0x0021, 0x0021, 0x0021, 0x0021, 0x0021, 0x0021, 0x0021,
  0x0020, 0x0020, 0x0021, 0x0021, 0x0021, 0x0020, 0x0021, 0x0021, 0x0021, 0x0021, 0x0021, 0x0021,
  0x0021, 0x0021, 0x0021, 0x0021, 0x0021, 0x0021, 0x0021, 0x0021, 0x0021, 0x0021, 0x0020, 0x0021,
  0x0021, 0x0021, 0x0021, 0x0021, 0x0021, 0x0021, 0x0021, 0x0021, 0x0021, 0x0021, 0x0021, 0x0021,
  0x0021, 0x0021, 0x0021, 0x0021, 0x0021, 0x0021, 0x0020, 0x0021, 0x0021, 0x0021, 0x0021, 0x0020,
  0x0021, 0x0021, 0x0021, 0x0021, 0x0021, 0x0021, 0x0021, 0x0021, 0x0021, 0x0021, 0x0021, 0x0021,
  0x0021, 0x0021, 0x0021, 0x0021, 0x0021, 0x0021, 0x0021, 0x0021, 0x0021, 0x0021, 0x0021, 0x0021,
  0x0021, 0x0021, 0x0021, 0x0021, 0x0020, 0x0020, 0x0021, 0x0020, 0x0021, 0x0021, 0x0021, 0x0021,
  0x0021, 0x0021, 0x0021, 0x0021, 0x0021, 0x0021, 0x0021, 0x0021, 0x0021, 0x0021, 0x0021, 0x0021,
  0x0021, 0x0021, 0x0020, 0x0021, 0x0021, 0x0021, 0x0021, 0x0020, 0x0020, 0x0021, 0x0021, 0x0020,
  0x0020, 0x0021, 0x0021, 0x0020, 0x0020, 0x0021, 0x0021, 0x0020, 0x0021, 0x0021, 0x0020, 0x0021,
  0x0021, 0x0021, 0x0021, 0x0021, 0x0021, 0x0021, 0x0020, 0x0021, 0x0021, 0x0021, 0x0021, 0x0020,
  0x0021, 0x0021, 0x0020, 0x0021, 0x0021, 0x0021, 0x0021, 0x0021, 0x0021, 0x0021, 0x0021, 0x0021,
  0x0021, 0x0021, 0x0021, 0x0021, 0x0021, 0x0021, 0x0021, 0x0021, 0x0021, 0x0021, 0x0021, 0x0021,
  0x0021, 0x0021, 0x0020, 0x0020, 0x0020, 0x0021, 0x0020, 0x0021, 0x0021, 0x0021, 0x0020, 0x0021,
  0x0021, 0x0021, 0x0021, 0x0021, 0x0021, 0x0021, 0x0021, 0x0021, 0x0021, 0x0021, 0x0021, 0x0021,
  0x0021, 0x0021, 0x0020, 0x0021, 0x0021, 0x0021, 0x0021, 0x0021, 0x0021, 0x0021, 0x0021, 0x0021,
  0x0021, 0x0021, 0x0021, 0x0021, 0x0021, 0x0021, 0x0021, 0x0021, 0x0021, 0x0021, 0x0021, 0x0020,
  0x0021, 0x0021, 0x0021, 0x0021, 0x0021, 0x0021, 0x0021, 0x0021, 0x0021, 0x0021, 0x0021, 0x0021,
  0x0021, 0x0021, 0x0021, 0x0021, 0x0021, 0x0021, 0x0021, 0x0021, 0x0021, 0x0021, 0x0021, 0x0021,
  0x0021, 0x0021, 0x0021, 0x0020, 0x0021, 0x0021, 0x0021, 0x0021, 0x0020, 0x0021, 0x0021, 0x0020,
  0x0020, 0x0021, 0x0021, 0x0021, 0x0021, 0x0021, 0x0021, 0x0021, 0x0021, 0x0021, 0x0021, 0x0021,
  0x0021, 0x0021, 0x0020, 0x0021, 0x0020, 0x0021, 0x0021, 0x0021, 0x0021, 0x0021, 0x0021, 0x0021,
  0x0021, 0x0021, 0x0020, 0x0021, 0x0021, 0x0021, 0x0021, 0x0021, 0x0021, 0x0020, 0x0020, 0x0020,
  0x0020, 0x0021, 0x0021, 0x0021, 0x0021, 0x0020, 0x0021, 0x0021, 0x0020, 0x0021, 0x0021, 0x0021,
  0x0021, 0x0020, 0x0021, 0x0020, 0x0021, 0x0021, 0x0021, 0x0021, 0x0021, 0x0020, 0x0021, 0x0020,
  0x0021, 0x0021, 0x0021, 0x0021, 0x0021, 0x0021, 0x0021, 0x0021, 0x0021, 0x0021, 0x0021, 0x0021,
  0x0021, 0x0021, 0x0021, 0x0021, 0x0021, 0x0021, 0x0020, 0x0021, 0x0020, 0x0021, 0x0021, 0x0021,
  0x0021, 0x0021, 0x0021, 0x0021, 0x0021, 0x0021, 0x0020, 0x0021, 0x0021, 0x0021, 0x0021, 0x0021,
  0x0021, 0x0021, 0x0021, 0x0021, 0x0021, 0x0021, 0x0021, 0x0020, 0x0021, 0x0020, 0x0021, 0x0021,
  0x0021, 0x0021, 0x0021, 0x0021, 0x0021, 0x0021, 0x0021, 0x0021, 0x0021, 0x0021, 0x0021, 0x0021,
  0x0021, 0x0021, 0x0020, 0x0021, 0x0020, 0x0021, 0x0021, 0x0021, 0x0021, 0x0021, 0x0021, 0x0021,
  0x0021, 0x0020, 0x0021, 0x0021, 0x0020, 0x0021, 0x0021, 0x0021, 0x0021, 0x0021, 0x0021, 0x0021,
  0x0021, 0x0021, 0x0021, 0x0021, 0x0021, 0x0021, 0x0020, 0x0021, 0x0021, 0x0021, 0x0021, 0x0021,
  0x0020, 0x0021, 0x0021, 0x0021, 0x0021, 0x0021, 0x0020, 0x0020, 0x0020, 0x0021, 0x0021, 0x0021,
  0x0021, 0x0021, 0x0021, 0x0021, 0x0021, 0x0021, 0x0021, 0x0021, 0x0021, 0x0021, 0x0021, 0x0021,
  0x0021, 0x0021, 0x0021, 0x0021, 0x0021, 0x0021, 0x0021, 0x0021, 0x0021, 0x0021, 0x0021, 0x0021,
  0x0021, 0x0020, 0x0021, 0x0021, 0x0020, 0x0021, 0x0021, 0x0020, 0x0021, 0x0021, 0x0020, 0x0021,
  0x0021, 0x0021, 0x0021, 0x0021, 0x0021, 0x0021, 0x0021, 0x0021, 0x0020, 0x0021, 0x0021, 0x0020,
  0x0021, 0x0021, 0x0021, 0x0021, 0x0021, 0x0021, 0x0021, 0x0021, 0x0021, 0x0021, 0x0021, 0x0021,
  0x0021, 0x0021, 0x0021, 0x0021, 0x0021, 0x0021, 0x0021, 0x0021, 0x0020, 0x0021, 0x0020, 0x0021,
  0x0021, 0x0021, 0x0021, 0x0021, 0x0021, 0x0021, 0x0021, 0x0021, 0x0021, 0x0021, 0x0021, 0x0021,
  0x0021, 0x0021, 0x0021, 0x0021, 0x0021, 0x0021, 0x0021, 0x0021, 0x0021, 0x0021, 0x0020, 0x0021,
  0x0020, 0x0021, 0x0021, 0x0021, 0x0021, 0x0021, 0x0021, 0x0021, 0x0021, 0x0021, 0x0021, 0x0021,
  0x0021, 0x0021, 0x0021, 0x0021, 0x0021, 0x0020, 0x0021, 0x0021, 0x0021, 0x0021, 0x0021, 0x0021,
  0x0021, 0x0021, 0x0021, 0x0021, 0x0021, 0x0021, 0x0021, 0x0021, 0x0021, 0x0021, 0x0021, 0x0021,
  0x0021, 0x0021, 0x0021, 0x0021, 0x0020, 0x0021, 0x0021, 0x0021, 0x0021, 0x0021, 0x0021, 0x0021,
  0x0021, 0x0021, 0x0021, 0x0020, 0x0020, 0x0020, 0x0021, 0x0021, 0x0021, 0x0021, 0x0020, 0x0020,
  0x0020, 0x0021, 0x0021, 0x0021, 0x0021, 0x0021, 0x0021, 0x0021, 0x0021, 0x0021, 0x0021, 0x0021,
  0x0021, 0x0021, 0x0021, 0x0021, 0x0021, 0x0021, 0x0021, 0x0021, 0x0021, 0x0020, 0x0020, 0x0021,
  0x0021, 0x0021, 0x0021, 0x0021, 0x0020, 0x0021, 0x0021, 0x0021, 0x0021, 0x0021, 0x0021, 0x0021,
  0x0021, 0x0021, 0x0021, 0x0021, 0x0021, 0x0021, 0x0020, 0x0021, 0x0021, 0x0021, 0x0021, 0x0021,
  0x0021, 0x0021, 0x0021, 0x0020, 0x0021, 0x0020, 0x0021, 0x0021, 0x0020, 0x0021, 0x0021, 0x0021,
  0x0021, 0x0021, 0x0021, 0x0021, 0x0021, 0x0021, 0x0021, 0x0021, 0x0021, 0x0021, 0x0021, 0x0021,
  0x0020, 0x0021, 0x0021, 0x0021, 0x0021, 0x0021, 0x0021, 0x0021, 0x0020, 0x0020, 0x0021, 0x0021,
  0x0021, 0x0021, 0x0021, 0x0021, 0x0021, 0x0021, 0x0021, 0x0021, 0x0021, 0x0021, 0x0021, 0x0021,
  0x0021, 0x0021, 0x0021, 0x0021, 0x0021, 0x0021, 0x0021, 0x0021, 0x0021, 0x0021, 0x0021, 0x0021,
  0x0021, 0x0021, 0x0021, 0x0021, 0x0021, 0x0021, 0x0021, 0x0021, 0x0021, 0x0021, 0x0021, 0x0021,
  0x0021, 0x0021, 0x0021, 0x0021, 0x0021, 0x0021, 0x0021, 0x0021, 0x0021, 0x0021, 0x0021, 0x0021,
  0x0021, 0x0021, 0x0021, 0x0021, 0x0021, 0x0021, 0x0021, 0x0021, 0x0021, 0x0020, 0x0021, 0x0021,
  0x0021, 0x0021, 0x0021, 0x0021, 0x0021, 0x0021, 0x0021, 0x0020, 0x0020, 0x0020, 0x0021, 0x0021,
  0x0020, 0x0021, 0x0021, 0x0021, 0x0021, 0x0021, 0x0020, 0x0021, 0x0021, 0x0020, 0x0021, 0x0020,
  0x0020, 0x0021, 0x0021, 0x0021, 0x0021, 0x0021, 0x0021, 0x0021, 0x0021, 0x0021, 0x0021, 0x0021,
  0x0021, 0x0020, 0x0020, 0x0021, 0x0021, 0x0020, 0x0021, 0x0021, 0x0021, 0x0021, 0x0021, 0x0021,
  0x0021, 0x0021, 0x0020, 0x0021, 0x0021, 0x0021, 0x0021, 0x0021, 0x0020, 0x0021, 0x0020, 0x0021,
  0x0021, 0x0021, 0x0020, 0x0021, 0x0021, 0x0021, 0x0021, 0x0021, 0x0021, 0x0020, 0x0021, 0x0021,
  0x0021, 0x0021, 0x0021, 0x0021, 0x0021, 0x0021, 0x0021, 0x0021, 0x0021, 0x0021, 0x0021, 0x0021,
  0x0020, 0x0021, 0x0021, 0x0021, 0x0021, 0x0020, 0x0020, 0x0020, 0x0020, 0x0021, 0x0021, 0x0021,
  0x0020, 0x0021, 0x0021, 0x0020, 0x0020, 0x0021, 0x0021, 0x0021, 0x0021, 0x0021, 0x0021, 0x0021,
  0x0021, 0x0021, 0x0021, 0x0021, 0x0021, 0x0021, 0x0021, 0x0021, 0x0021, 0x0021, 0x0021, 0x0021,
  0x0021, 0x0021, 0x0021, 0x0021, 0x0021, 0x0021, 0x0021, 0x0021, 0x0021, 0x0020, 0x0021, 0x0021,
  0x0021, 0x0020, 0x0021, 0x0021, 0x0021, 0x0021, 0x0021, 0x0021, 0x0021, 0x0020, 0x0021, 0x0021,
  0x0021, 0x0021, 0x0021, 0x0021, 0x0021, 0x0021, 0x0021, 0x0021, 0x0021, 0x0021, 0x0021, 0x0021,
  0x0021, 0x0021, 0x0021, 0x0021, 0x0021, 0x0021, 0x0021, 0x0021, 0x0021, 0x0021, 0x0021, 0x0021,
  0x0021, 0x0021, 0x0021, 0x0021, 0x0020, 0x0020, 0x0021, 0x0021, 0x0021, 0x0021, 0x0021, 0x0021,
  0x0021, 0x0020, 0x0021, 0x0020, 0x0020, 0x0021, 0x0021, 0x0021, 0x0021, 0x0021, 0x0021, 0x0021,
  0x0020, 0x0021, 0x0020, 0x0021, 0x0021, 0x0021, 0x0021, 0x0021, 0x0021, 0x0021, 0x0020, 0x0021,
  0x0021, 0x0021, 0x0021, 0x0021, 0x0021, 0x0021, 0x0021, 0x0021, 0x0021, 0x0021, 0x0021, 0x0020,
  0x0021, 0x0021, 0x0020, 0x0020, 0x0021, 0x0021, 0x0021, 0x0021, 0x0021, 0x0021, 0x0021, 0x0021,
  0x0021, 0x0021, 0x0021, 0x0021, 0x0021, 0x0021, 0x0021, 0x0021, 0x0021, 0x0021, 0x0021, 0x0021,
  0x0021, 0x0021, 0x0021, 0x0021, 0x0021, 0x0021, 0x0021, 0x0021, 0x0021, 0x0020, 0x0020, 0x0021,
  0x0020, 0x0021, 0x0020, 0x0021, 0x0021, 0x0021, 0x0021, 0x0021, 0x0020, 0x0021, 0x0021, 0x0021,
  0x0021, 0x0021, 0x0021, 0x0020, 0x0021, 0x0021, 0x0021, 0x0021, 0x0021, 0x0021, 0x0021, 0x0021,
  0x0021, 0x0021, 0x0021, 0x0021, 0x0021, 0x0021, 0x0021, 0x0021, 0x0021, 0x0021, 0x0021, 0x0020,
  0x0021, 0x0021, 0x0021, 0x0021, 0x0021, 0x0021, 0x0021, 0x0021, 0x0021, 0x0021, 0x0021, 0x0021,
  0x0021, 0x0021, 0x0020, 0x0021, 0x0021, 0x0021, 0x0021, 0x0021, 0x0021, 0x0021, 0x0021, 0x0021,
  0x0021, 0x0021, 0x0021, 0x0021, 0x0020, 0x0021, 0x0021, 0x0021, 0x0021, 0x0021, 0x0021, 0x0020,
  0x0021, 0x0021, 0x0021, 0x0020, 0x0020, 0x0021, 0x0021, 0x0021, 0x0021, 0x0021, 0x0021, 0x0021,
  0x0021, 0x0020, 0x0021, 0x0021, 0x0021, 0x0021, 0x0021, 0x0021, 0x0020, 0x0021, 0x0021, 0x0021,
  0x0021, 0x0021, 0x0021, 0x0021, 0x0020, 0x0021, 0x0021, 0x0021, 0x0021, 0x0021, 0x0021, 0x0020,
  0x0021, 0x0021, 0x0021, 0x0021, 0x0021, 0x0021, 0x0021, 0x0021, 0x0021, 0x0021, 0x0021, 0x0021,
  0x0021, 0x0021, 0x0021, 0x0021, 0x0021, 0x0021, 0x0020, 0x0020, 0x0021, 0x0021, 0x0021, 0x0021,
  0x0021, 0x0021, 0x0021, 0x0021, 0x0020, 0x0021, 0x0021, 0x0021, 0x0021, 0x0021, 0x0021, 0x0021,
  0x0020, 0x0021, 0x0021, 0x0021, 0x0021, 0x0021, 0x0021, 0x0021, 0x0021, 0x0021, 0x0020, 0x0021,
  0x0021, 0x0020, 0x0021, 0x0021, 0x0020, 0x0021, 0x0021, 0x0021, 0x0020, 0x0021, 0x0021, 0x0021,
  0x0021, 0x0020, 0x0021, 0x0020, 0x0021, 0x0021, 0x0021, 0x0021, 0x0021, 0x0021, 0x0021, 0x0021,
  0x0021, 0x0021, 0x0021, 0x0021, 0x0021, 0x0021, 0x0021, 0x0021, 0x0021, 0x0021, 0x0021, 0x0021,
  0x0021, 0x0021, 0x0021, 0x0021, 0x0021, 0x0021, 0x0021, 0x0021, 0x0021, 0x0021, 0x0021, 0x0021,
  0x0021, 0x0021, 0x0021, 0x0021, 0x0021, 0x0021, 0x0021, 0x0021, 0x0021, 0x0020, 0x0021, 0x0021,
  0x0021, 0x0021, 0x0020, 0x0021, 0x0021, 0x0021, 0x0021, 0x0021, 0x0021, 0x0021, 0x0021, 0x0021,
  0x0021, 0x0021, 0x0021, 0x0021, 0x0021, 0x0021, 0x0021, 0x0020, 0x0020, 0x0021, 0x0021, 0x0021,
  0x0021, 0x0021, 0x0021, 0x0021, 0x0021, 0x0021, 0x0020, 0x0021, 0x0021, 0x0021, 0x0021, 0x0021,
  0x0021, 0x0021, 0x0021, 0x0021, 0x0021, 0x0021, 0x0021, 0x0021, 0x0021, 0x0021, 0x0020, 0x0021,
  0x0021, 0x0020, 0x0020, 0x0020, 0x0020, 0x0021, 0x0020, 0x0021, 0x0021, 0x0021, 0x0021, 0x0021,
  0x0020, 0x0020, 0x0021, 0x0020, 0x0021, 0x0021, 0x0021, 0x0021, 0x0021, 0x0021, 0x0020, 0x0020,
  0x0020, 0x0021, 0x0021, 0x0020, 0x0021, 0x0021, 0x0021, 0x0021, 0x0021, 0x0021, 0x0021, 0x0021,
  0x0021, 0x0021, 0x0021, 0x0021, 0x0021, 0x0021, 0x0021, 0x0021, 0x0021, 0x0021, 0x0021, 0x0021,
  0x0021, 0x0021, 0x0021, 0x0021, 0x0021, 0x0021, 0x0021, 0x0021, 0x0020, 0x0021, 0x0021, 0x0020,
  0x0020, 0x0020, 0x0021, 0x0020, 0x0021, 0x0020, 0x0021, 0x0021, 0x0021, 0x0021, 0x0021, 0x0021,
  0x0021, 0x0021, 0x0021, 0x0021, 0x0021, 0x0021, 0x0021, 0x0021, 0x0021, 0x0021, 0x0021, 0x0020,
  0x0021, 0x0021, 0x0021, 0x0021, 0x0021, 0x0021, 0x0020, 0x0021, 0x0021, 0x0021, 0x0021, 0x0021,
  0x0021, 0x0021, 0x0021, 0x0021, 0x0021, 0x0021, 0x0021, 0x0021, 0x0021, 0x0021, 0x0021, 0x0021,
  0x0021, 0x0021, 0x0021, 0x0021, 0x0021, 0x0021, 0x0021, 0x0021, 0x0021, 0x0021, 0x0021, 0x0021,
  0x0021, 0x0021, 0x0021, 0x0021, 0x0021, 0x0021, 0x0021, 0x0021, 0x0020, 0x0021, 0x0021, 0x0021,
  0x0021, 0x0020, 0x0021, 0x0021, 0x0020, 0x0021, 0x0020, 0x0021, 0x0020, 0x0021, 0x0021, 0x0020,
  0x0021, 0x0021, 0x0021, 0x0021, 0x0021, 0x0021, 0x0021, 0x0021, 0x0021, 0x0021, 0x0021, 0x0021,
  0x0021, 0x0021, 0x0021, 0x0020, 0x0021, 0x0021, 0x0020, 0x0021, 0x0021, 0x0021, 0x0020, 0x0021,
  0x0021, 0x0021, 0x0021, 0x0021, 0x0021, 0x0020, 0x0021, 0x0021, 0x0021, 0x0021, 0x0021, 0x0021,
  0x0021, 0x0021, 0x0020, 0x0021, 0x0021, 0x0021, 0x0021, 0x0020, 0x0021, 0x0021, 0x0021, 0x0021,
  0x0021, 0x0021, 0x0021, 0x0021, 0x0021, 0x0021, 0x0021, 0x0021, 0x0021, 0x0021, 0x0021, 0x0021,
  0x0021, 0x0021, 0x0021, 0x0021, 0x0021, 0x0021, 0x0021, 0x0021, 0x0021, 0x0021, 0x0020, 0x0021,
  0x0021, 0x0020, 0x0020, 0x0021, 0x0020, 0x0020, 0x0020, 0x0021, 0x0021, 0x0020, 0x0021, 0x0021,
  0x0021, 0x0021, 0x0020, 0x0021, 0x0021, 0x0021, 0x0021, 0x0020, 0x0021, 0x0021, 0x0021, 0x0021,
  0x0021, 0x0021, 0x0021, 0x0021, 0x0021, 0x0021, 0x0021, 0x0021, 0x0021, 0x0021, 0x0021, 0x0021,
  0x0021, 0x0021, 0x0021, 0x0021, 0x0021, 0x0021, 0x0021, 0x0021, 0x0021, 0x0021, 0x0021, 0x0021,
  0x0021, 0x0021, 0x0021, 0x0021, 0x0020, 0x0021, 0x0021, 0x0021, 0x0020, 0x0020, 0x0021, 0x0021,
  0x0021, 0x0021, 0x0021, 0x0021, 0x0021, 0x0021, 0x0021, 0x0021, 0x0020, 0x0021, 0x0020, 0x0021,
  0x0021, 0x0021, 0x0021, 0x0021, 0x0021, 0x0021, 0x0021, 0x0021, 0x0021, 0x0020, 0x0020, 0x0021,
  0x0021, 0x0021, 0x0021, 0x0021, 0x0020, 0x0021, 0x0020, 0x0021, 0x0021, 0x0021, 0x0021, 0x0021,
  0x0021, 0x0021, 0x0021, 0x0021, 0x0021, 0x0021, 0x0021, 0x0020, 0x0020, 0x0021, 0x0020, 0x0021,
  0x0021, 0x0021, 0x0021, 0x0020, 0x0021, 0x0021, 0x0021, 0x0021, 0x0021, 0x0021, 0x0021, 0x0020,
  0x0021, 0x0021, 0x0021, 0x0021, 0x0020, 0x0021, 0x0021, 0x0020, 0x0020, 0x0020, 0x0021, 0x0021,
  0x0020, 0x0021, 0x0021, 0x0021, 0x0021, 0x0021, 0x0021, 0x0021, 0x0021, 0x0021, 0x0021, 0x0021,
  0x0021, 0x0021, 0x0021, 0x0021, 0x0021, 0x0021, 0x0020, 0x0021, 0x0021, 0x0020, 0x0020, 0x0021,
  0x0021, 0x0021, 0x0021, 0x0020, 0x0020, 0x0020, 0x0020, 0x0020, 0x0020, 0x0020, 0x0021, 0x0021,
  0x0020, 0x0021, 0x0021, 0x0020, 0x0020, 0x0021, 0x0020, 0x0021, 0x0021, 0x0021, 0x0021, 0x0021,
  0x0021, 0x0021, 0x0021, 0x0021, 0x0021, 0x0021, 0x0021, 0x0021, 0x0021, 0x0021, 0x0021, 0x0021,
  0x0021, 0x0021, 0x0021, 0x0021, 0x0021, 0x0021, 0x0021, 0x0021, 0x0021, 0x0021, 0x0021, 0x0021,
  0x0020, 0x0021, 0x0021, 0x0021, 0x0021, 0x0021, 0x0021, 0x0021, 0x0021, 0x0020, 0x0021, 0x0021,
  0x0021, 0x0021, 0x0021, 0x0021, 0x0021, 0x0021, 0x0021, 0x0021, 0x0021, 0x0021, 0x0021, 0x0021,
  0x0021, 0x0021, 0x0020, 0x0020, 0x0020, 0x0021, 0x0021, 0x0021, 0x0021, 0x0021, 0x0021, 0x0021,
  0x0020, 0x0021, 0x0021, 0x0020, 0x0021, 0x0021, 0x0021, 0x0020, 0x0021, 0x0021, 0x0021, 0x0021,
  0x0021, 0x0020, 0x0021, 0x0021, 0x0021, 0x0021, 0x0020, 0x0021, 0x0021, 0x0021, 0x0021, 0x0021,
  0x0020, 0x0021, 0x0021, 0x0021, 0x0021, 0x0021, 0x0021, 0x0021, 0x0021, 0x0021, 0x0020, 0x0020,
  0x0020, 0x0021, 0x0021, 0x0020, 0x0021, 0x0020, 0x0021, 0x0021, 0x0021, 0x0020, 0x0020, 0x0021,
  0x0021, 0x0021, 0x0020, 0x0021, 0x0021, 0x0021, 0x0021, 0x0021, 0x0020, 0x0021, 0x0021, 0x0021,
  0x0021, 0x0021, 0x0021, 0x0021, 0x0021, 0x0021, 0x0021, 0x0021, 0x0021, 0x0021, 0x0021, 0x0021,
  0x0021, 0x0020, 0x0021, 0x0000, 0x0000, 0x0000, 0x0000, 0x0000, 0x0021, 0x0020, 0x0020, 0x0020,
  0x0020, 0x0020, 0x0021, 0x0021, 0x0021, 0x0021, 0x0020, 0x0021, 0x0021, 0x0020, 0x0020, 0x0021,
  0x0020, 0x0021, 0x0020, 0x0020, 0x0021, 0x0021, 0x0021, 0x0021, 0x0020, 0x0021, 0x0021, 0x0021,
  0x0021, 0x0021, 0x0021, 0x0021, 0x0021, 0x0021, 0x0021, 0x0021, 0x0021, 0x0021, 0x0021, 0x0021,
  0x0021, 0x0021, 0x0021, 0x0021, 0x0020, 0x0021, 0x0021, 0x0021, 0x0021, 0x0021, 0x0021, 0x0021,
  0x0021, 0x0021, 0x0021, 0x0021, 0x0021, 0x0021, 0x0020, 0x0021, 0x0021, 0x0021, 0x0021, 0x0021,
  0x0021, 0x0021, 0x0021, 0x0021, 0x0021, 0x0021, 0x0021, 0x0021, 0x0021, 0x0021, 0x0021, 0x0021,
  0x0020, 0x0020, 0x0021, 0x0021, 0x0021, 0x0020, 0x0020, 0x0021, 0x0021, 0x0021, 0x0021, 0x0020,
  0x0021, 0x0021, 0x0021, 0x0020, 0x0021, 0x0021, 0x0021, 0x0021, 0x0021, 0x0021, 0x0021, 0x0020,
  0x0021, 0x0021, 0x0021, 0x0021, 0x0021, 0x0021, 0x0021, 0x0021, 0x0021, 0x0021, 0x0021, 0x0021,
  0x0020, 0x0021, 0x0021, 0x0020, 0x0020, 0x0021, 0x0021, 0x0020, 0x0021, 0x0021, 0x0020, 0x0020,
  0x0021, 0x0021, 0x0020, 0x0021, 0x0021, 0x0021, 0x0021, 0x0021, 0x0021, 0x0021, 0x0021, 0x0021,
  0x0021, 0x0021, 0x0021, 0x0021, 0x0021, 0x0021, 0x0021, 0x0021, 0x0021, 0x0021, 0x0021, 0x0021,
  0x0021, 0x0020, 0x0021, 0x0021, 0x0020, 0x0021, 0x0000, 0x2103, 0x5AED, 0x4209, 0x2944, 0x1061,
  0x0020, 0x0021, 0x0021, 0x0021, 0x0020, 0x0020, 0x0020, 0x0020, 0x0020, 0x0020, 0x0021, 0x0021,
  0x0021, 0x0021, 0x0021, 0x0021, 0x0021, 0x0021, 0x0020, 0x0020, 0x0021, 0x0021, 0x0021, 0x0021,
  0x0020, 0x0021, 0x0020, 0x0021, 0x0020, 0x0020, 0x0020, 0x0021, 0x0021, 0x0020, 0x0021, 0x0021,
  0x0021, 0x0021, 0x0021, 0x0021, 0x0021, 0x0020, 0x0021, 0x0021, 0x0021, 0x0021, 0x0021, 0x0021,
  0x0021, 0x0021, 0x0021, 0x0021, 0x0021, 0x0021, 0x0021, 0x0021, 0x0021, 0x0021, 0x0021, 0x0021,
  0x0021, 0x0021, 0x0021, 0x0021, 0x0021, 0x0021, 0x0021, 0x0021, 0x0020, 0x0020, 0x0021, 0x0021,
  0x0021, 0x0021, 0x0020, 0x0021, 0x0021, 0x0020, 0x0021, 0x0021, 0x0021, 0x0021, 0x0021, 0x0021,
  0x0021, 0x0021, 0x0021, 0x0020, 0x0021, 0x0021, 0x0021, 0x0020, 0x0021, 0x0021, 0x0020, 0x0021,
  0x0021, 0x0021, 0x0021, 0x0021, 0x0020, 0x0021, 0x0020, 0x0021, 0x0021, 0x0021, 0x0021, 0x0021,
  0x0021, 0x0021, 0x0021, 0x0021, 0x0021, 0x0021, 0x0020, 0x0021, 0x0021, 0x0020, 0x0020, 0x0021,
  0x0021, 0x0021, 0x0020, 0x0020, 0x0020, 0x0021, 0x0021, 0x0020, 0x0021, 0x0020, 0x0021, 0x0020,
  0x0020, 0x0021, 0x0021, 0x0021, 0x0021, 0x0021, 0x0021, 0x0021, 0x0021, 0x0021, 0x0020, 0x0021,
  0x0021, 0x0021, 0x0021, 0x0021, 0x0021, 0x0020, 0x0021, 0x0020, 0x0021, 0x0000, 0x20E2, 0x6B91,
  0x4B36, 0x5355, 0x5354, 0x6371, 0x39C5, 0x0000, 0x0000, 0x0020, 0x0021, 0x0021, 0x0021, 0x0020,
  0x0020, 0x0020, 0x0021, 0x0020, 0x0000, 0x0000, 0x0000, 0x0000, 0x0000, 0x0021, 0x0021, 0x0021,
  0x0021, 0x0020, 0x0021, 0x0021, 0x0021, 0x0021, 0x0020, 0x0020, 0x0020, 0x0020, 0x0021, 0x0021,
  0x0020, 0x0021, 0x0021, 0x0021, 0x0021, 0x0020, 0x0021, 0x0020, 0x0020, 0x0021, 0x0021, 0x0021,
  0x0021, 0x0021, 0x0021, 0x0021, 0x0020, 0x0021, 0x0021, 0x0021, 0x0021, 0x0021, 0x0021, 0x0021,
  0x0021, 0x0021, 0x0020, 0x0021, 0x0021, 0x0021, 0x0021, 0x0021, 0x0021, 0x0020, 0x0021, 0x0021,
  0x0021, 0x0021, 0x0021, 0x0021, 0x0021, 0x0021, 0x0020, 0x0020, 0x0020, 0x0021, 0x0021, 0x0021,
  0x0021, 0x0021, 0x0021, 0x0021, 0x0021, 0x0021, 0x0021, 0x0021, 0x0021, 0x0020, 0x0020, 0x0021,
  0x0021, 0x0021, 0x0020, 0x0021, 0x0021, 0x0021, 0x0020, 0x0021, 0x0020, 0x0021, 0x0021, 0x0021,
  0x0021, 0x0020, 0x0021, 0x0021, 0x0021, 0x0021, 0x0021, 0x0021, 0x0021, 0x0021, 0x0021, 0x0021,
  0x0021, 0x0021, 0x0020, 0x0021, 0x0020, 0x0020, 0x0020, 0x0021, 0x0020, 0x0020, 0x0021, 0x0020,
  0x0021, 0x0020, 0x0021, 0x0021, 0x0021, 0x0021, 0x0021, 0x0021, 0x0021, 0x0021, 0x0021, 0x0021,
  0x0021, 0x0021, 0x0021, 0x0021, 0x0020, 0x0020, 0x0021, 0x0021, 0x0021, 0x0020, 0x0021, 0x0020,
  0x0021, 0x0000, 0x4A48, 0x6B91, 0x6351, 0x5B53, 0x5B95, 0x5B0E, 0x1927, 0x2147, 0x10C4, 0x0840,
  0x0000, 0x0000, 0x0000, 0x0021, 0x0021, 0x0021, 0x0021, 0x0000, 0x83EE, 0x9C6F, 0x62EA, 0x3185,
  0x0841, 0x0000, 0x0000, 0x0000, 0x0021, 0x0041, 0x0021, 0x0021, 0x0020, 0x0020, 0x0021, 0x0020,
  0x0020, 0x0020, 0x0020, 0x0021, 0x0020, 0x0020, 0x0021, 0x0021, 0x0021, 0x0020, 0x0021, 0x0020,
  0x0020, 0x0020, 0x0021, 0x0021, 0x0021, 0x0021, 0x0021, 0x0020, 0x0021, 0x0021, 0x0021, 0x0021,
  0x0021, 0x0021, 0x0021, 0x0021, 0x0021, 0x0021, 0x0021, 0x0021, 0x0021, 0x0021, 0x0021, 0x0021,
  0x0021, 0x0021, 0x0021, 0x0021, 0x0021, 0x0021, 0x0021, 0x0021, 0x0021, 0x0021, 0x0021, 0x0021,
  0x0020, 0x0021, 0x0021, 0x0020, 0x0021, 0x0021, 0x0021, 0x0021, 0x0021, 0x0021, 0x0021, 0x0020,
  0x0021, 0x0020, 0x0021, 0x0021, 0x0020, 0x0021, 0x0021, 0x0021, 0x0020, 0x0020, 0x0020, 0x0021,
  0x0021, 0x0021, 0x0021, 0x0021, 0x0021, 0x0021, 0x0021, 0x0021, 0x0021, 0x0021, 0x0021, 0x0021,
  0x0021, 0x0021, 0x0021, 0x0020, 0x0021, 0x0021, 0x0021, 0x0020, 0x0020, 0x0020, 0x0021, 0x0020,
  0x0021, 0x0021, 0x0020, 0x0020, 0x0021, 0x0021, 0x0021, 0x0021, 0x0021, 0x0021, 0x0021, 0x0021,
  0x0021, 0x0021, 0x0021, 0x0021, 0x0020, 0x0021, 0x0021, 0x0021, 0x0020, 0x0021, 0x0021, 0x0020,
  0x0020, 0x0020, 0x0021, 0x0020, 0x0021, 0x0000, 0x2989, 0x320D, 0x3A0B, 0x4AAC, 0x5AEC, 0x2146,
  0x4A8D, 0x6394, 0x5B54, 0x4AD1, 0x320C, 0x2126, 0x1082, 0x0020, 0x0000, 0x0000, 0x0000, 0x736C,
  0xCDF5, 0x6B0A, 0x9C90, 0xBD93, 0xB532, 0x8C2F, 0x5289, 0x2104, 0x0000, 0x0000, 0x0000, 0x0000,
  0x0021, 0x0041, 0x0021, 0x0021, 0x0020, 0x0020, 0x0020, 0x0020, 0x0020, 0x0020, 0x0020, 0x0020,
  0x0021, 0x0020, 0x0021, 0x0021, 0x0020, 0x0021, 0x0021, 0x0021, 0x0021, 0x0021, 0x0021, 0x0020,
  0x0021, 0x0021, 0x0021, 0x0021, 0x0021, 0x0021, 0x0021, 0x0021, 0x0021, 0x0020, 0x0020, 0x0020,
  0x0021, 0x0021, 0x0021, 0x0020, 0x0021, 0x0021, 0x0021, 0x0021, 0x0021, 0x0021, 0x0021, 0x0021,
  0x0021, 0x0020, 0x0021, 0x0021, 0x0020, 0x0021, 0x0020, 0x0021, 0x0021, 0x0021, 0x0021, 0x0021,
  0x0021, 0x0021, 0x0020, 0x0020, 0x0020, 0x0021, 0x0021, 0x0020, 0x0020, 0x0021, 0x0021, 0x0020,
  0x0021, 0x0020, 0x0021, 0x0021, 0x0021, 0x0021, 0x0020, 0x0021, 0x0021, 0x0021, 0x0021, 0x0021,
  0x0021, 0x0021, 0x0021, 0x0021, 0x0021, 0x0021, 0x0021, 0x0021, 0x0021, 0x0021, 0x0021, 0x0021,
  0x0021, 0x0021, 0x0021, 0x0021, 0x0020, 0x0021, 0x0021, 0x0021, 0x0020, 0x0021, 0x0021, 0x0021,
  0x0020, 0x0021, 0x0021, 0x0021, 0x0021, 0x0021, 0x0021, 0x0021, 0x0021, 0x0021, 0x0021, 0x0021,
  0x0021, 0x0021, 0x0020, 0x0020, 0x0021, 0x0020, 0x0021, 0x0020, 0x0021, 0x0020, 0x2167, 0x21AC,
  0x21CD, 0x29CC, 0x2168, 0x10C6, 0x3A4C, 0x4A6C, 0x52CD, 0x5B30, 0x5B73, 0x5B74, 0x5334, 0x4290,
  0x31EB, 0x10A3, 0x5A89, 0xDE77, 0x4A27, 0x10A2, 0x2124, 0x39A5, 0x5AA9, 0x83CD, 0xACF1, 0xBD73,
  0x9C6F, 0x736C, 0x4207, 0x10A2, 0x0000, 0x0000, 0x0000, 0x0000, 0x0021, 0x0021, 0x0021, 0x0020,
  0x0021, 0x0020, 0x0021, 0x0020, 0x0020, 0x0020, 0x0021, 0x0020, 0x0021, 0x0020, 0x0021, 0x0021,
  0x0020, 0x0021, 0x0021, 0x0021, 0x0021, 0x0021, 0x0021, 0x0021, 0x0021, 0x0021, 0x0021, 0x0021,
  0x0021, 0x0021, 0x0021, 0x0020, 0x0021, 0x0021, 0x0020, 0x0021, 0x0021, 0x0020, 0x0020, 0x0021,
  0x0021, 0x0021, 0x0021, 0x0021, 0x0021, 0x0021, 0x0021, 0x0020, 0x0021, 0x0020, 0x0020, 0x0020,
  0x0020, 0x0021, 0x0021, 0x0021, 0x0021, 0x0021, 0x0021, 0x0020, 0x0021, 0x0021, 0x0020, 0x0021,
  0x0021, 0x0021, 0x0020, 0x0021, 0x0021, 0x0021, 0x0020, 0x0021, 0x0021, 0x0021, 0x0021, 0x0021,
  0x0021, 0x0021, 0x0021, 0x0021, 0x0021, 0x0021, 0x0021, 0x0021, 0x0021, 0x0021, 0x0021, 0x0021,
  0x0021, 0x0021, 0x0021, 0x0021, 0x0021, 0x0021, 0x0021, 0x0021, 0x0020, 0x0020, 0x0021, 0x0021,
  0x0021, 0x0021, 0x0020, 0x0021, 0x0021, 0x0021, 0x0021, 0x0021, 0x0021, 0x0021, 0x0021, 0x0021,
  0x0021, 0x0021, 0x0021, 0x0020, 0x0021, 0x0021, 0x0021, 0x0021, 0x0020, 0x0021, 0x0021, 0x0020,
  0x0021, 0x0000, 0x2967, 0x31EC, 0x2168, 0x29CC, 0x31EB, 0x10E5, 0x10A5, 0x1108, 0x218A, 0x29AA,
  0x3A2B, 0x4A8D, 0x52EE, 0x6351, 0x5333, 0x634F, 0xD5F4, 0x6AEA, 0x18C3, 0x2145, 0x2945, 0x2125,
  0x2104, 0x18E3, 0x2944, 0x41E6, 0x62C9, 0x944E, 0xB532, 0xB552, 0x9C90, 0x6B2B, 0x31A6, 0x0861,
  0x0000, 0x0000, 0x0000, 0x0020, 0x0021, 0x0021, 0x0021, 0x0020, 0x0020, 0x0020, 0x0020, 0x0020,
  0x0021, 0x0020, 0x0021, 0x0021, 0x0021, 0x0021, 0x0021, 0x0021, 0x0021, 0x0021, 0x0021, 0x0021,
  0x0021, 0x0021, 0x0021, 0x0021, 0x0021, 0x0021, 0x0020, 0x0021, 0x0021, 0x0021, 0x0021, 0x0021,
  0x0021, 0x0021, 0x0021, 0x0021, 0x0021, 0x0021, 0x0021, 0x0021, 0x0020, 0x0021, 0x0021, 0x0021,
  0x0020, 0x0021, 0x0021, 0x0021, 0x0021, 0x0021, 0x0021, 0x0021, 0x0021, 0x0021, 0x0021, 0x0021,
  0x0021, 0x0021, 0x0021, 0x0021, 0x0021, 0x0021, 0x0021, 0x0021, 0x0021, 0x0021, 0x0021, 0x0021,
  0x0021, 0x0021, 0x0021, 0x0021, 0x0021, 0x0021, 0x0021, 0x0021, 0x0021, 0x0020, 0x0021, 0x0021,
  0x0021, 0x0021, 0x0021, 0x0021, 0x0021, 0x0021, 0x0021, 0x0021, 0x0021, 0x0021, 0x0020, 0x0020,
  0x0021, 0x0020, 0x0021, 0x0020, 0x0021, 0x0021, 0x0021, 0x0020, 0x0021, 0x0021, 0x0021, 0x0021,
  0x0021, 0x0021, 0x0020, 0x0020, 0x0021, 0x0021, 0x0021, 0x0020, 0x0021, 0x0021, 0x0020, 0x0021,
  0x0020, 0x0020, 0x0020, 0x0021, 0x0000, 0x0882, 0x6B4E, 0x6BB2, 0x2125, 0x216A, 0x31EB, 0x10A4,
  0x2923, 0x2944, 0x18C4, 0x18E5, 0x1907, 0x1949, 0x29AB, 0x2189, 0x4A69, 0xCE15, 0x7B8C, 0x18C2,
  0x2145, 0x2145, 0x2145, 0x2945, 0x2145, 0x2145, 0x2125, 0x1904, 0x2104, 0x2103, 0x2944, 0x5247,
  0x736B, 0xA490, 0xBD73, 0xB553, 0x8C0E, 0x5289, 0x2924, 0x0020, 0x0000, 0x0000, 0x0000, 0x0021,
  0x0021, 0x0021, 0x0020, 0x0020, 0x0021, 0x0021, 0x0021, 0x0020, 0x0021, 0x0021, 0x0021, 0x0021,
  0x0020, 0x0021, 0x0021, 0x0021, 0x0021, 0x0021, 0x0021, 0x0021, 0x0021, 0x0021, 0x0021, 0x0021,
  0x0021, 0x0021, 0x0021, 0x0021, 0x0021, 0x0021, 0x0021, 0x0021, 0x0021, 0x0021, 0x0021, 0x0021,
  0x0021, 0x0021, 0x0021, 0x0021, 0x0021, 0x0021, 0x0020, 0x0021, 0x0021, 0x0021, 0x0021, 0x0021,
  0x0021, 0x0021, 0x0021, 0x0020, 0x0021, 0x0021, 0x0021, 0x0021, 0x0021, 0x0021, 0x0020, 0x0021,
  0x0021, 0x0021, 0x0021, 0x0020, 0x0021, 0x0021, 0x0021, 0x0021, 0x0021, 0x0021, 0x0021, 0x0021,
  0x0021, 0x0021, 0x0021, 0x0020, 0x0021, 0x0021, 0x0021, 0x0021, 0x0021, 0x0021, 0x0020, 0x0021,
  0x0021, 0x0020, 0x0020, 0x0020, 0x0020, 0x0020, 0x0020, 0x0021, 0x0020, 0x0021, 0x0021, 0x0021,
  0x0021, 0x0021, 0x0021, 0x0021, 0x0020, 0x0021, 0x0021, 0x0020, 0x0020, 0x0021, 0x0020, 0x0020,
  0x0021, 0x0021, 0x0020, 0x0020, 0x0020, 0x0020, 0x0020, 0x0021, 0x0000, 0x428E, 0x5B53, 0x422A,
  0x08A4, 0x218A, 0x29AA, 0x0883, 0x39A4, 0x39A5, 0x18E4, 0x2104, 0x18E3, 0x18E3, 0x10C4, 0x2146,
  0xBD73, 0x8C0E, 0x20E3, 0x2125, 0x2945, 0x2145, 0x2145, 0x2145, 0x2125, 0x2145, 0x2145, 0x2145,
  0x2145, 0x2145, 0x2125, 0x2104, 0x18E4, 0x2124, 0x39A5, 0x5A88, 0x83AC, 0xAD12, 0xBD94, 0xAD12,
  0x7BAD, 0x4207, 0x18C3, 0x0000, 0x0000, 0x0000, 0x0000, 0x0021, 0x0021, 0x0021, 0x0021, 0x0021,
  0x0020, 0x0020, 0x0021, 0x0021, 0x0021, 0x0021, 0x0021, 0x0021, 0x0021, 0x0021, 0x0021, 0x0021,
  0x0021, 0x0021, 0x0021, 0x0021, 0x0021, 0x0021, 0x0020, 0x0021, 0x0021, 0x0021, 0x0021, 0x0021,
  0x0021, 0x0021, 0x0021, 0x0021, 0x0020, 0x0021, 0x0021, 0x0020, 0x0020, 0x0021, 0x0021, 0x0021,
  0x0021, 0x0021, 0x0021, 0x0021, 0x0021, 0x0021, 0x0021, 0x0021, 0x0021, 0x0021, 0x0021, 0x0020,
  0x0020, 0x0021, 0x0021, 0x0021, 0x0020, 0x0021, 0x0020, 0x0021, 0x0021, 0x0021, 0x0021, 0x0021,
  0x0021, 0x0021, 0x0021, 0x0021, 0x0021, 0x0021, 0x0021, 0x0021, 0x0021, 0x0021, 0x0020, 0x0021,
  0x0020, 0x0021, 0x0020, 0x0021, 0x0021, 0x0020, 0x0021, 0x0020, 0x0020, 0x0021, 0x0021, 0x0020,
  0x0020, 0x0021, 0x0021, 0x0021, 0x0021, 0x0021, 0x0021, 0x0021, 0x0021, 0x0021, 0x0021, 0x0021,
  0x0021, 0x0021, 0x0021, 0x0020, 0x0021, 0x0021, 0x0020, 0x0021, 0x0020, 0x0020, 0x0021, 0x0000,
  0x31A8, 0x5375, 0x52EF, 0x10E5, 0x0882, 0x196A, 0x29AA, 0x10C4, 0x18E3, 0x18E4, 0x2124, 0x2104,
  0x2124, 0x2125, 0x18E3, 0xB532, 0xACD1, 0x2103, 0x2124, 0x2945, 0x2145, 0x2945, 0x2145, 0x2125,
  0x2125, 0x2145, 0x2145, 0x2145, 0x2125, 0x2125, 0x2145, 0x2145, 0x2145, 0x2145, 0x2124, 0x1904,
  0x18E3, 0x2944, 0x41E6, 0x62EA, 0x942E, 0xB532, 0xB573, 0x9CB0, 0x62EA, 0x3185, 0x0861, 0x0000,
  0x0000, 0x0000, 0x0020, 0x0021, 0x0021, 0x0020, 0x0020, 0x0021, 0x0021, 0x0021, 0x0021, 0x0021,
  0x0021, 0x0021, 0x0021, 0x0021, 0x0021, 0x0021, 0x0021, 0x0020, 0x0020, 0x0021, 0x0020, 0x0020,
  0x0021, 0x0021, 0x0021, 0x0021, 0x0021, 0x0021, 0x0021, 0x0021, 0x0021, 0x0021, 0x0021, 0x0021,
  0x0020, 0x0020, 0x0021, 0x0021, 0x0020, 0x0021, 0x0021, 0x0020, 0x0020, 0x0021, 0x0020, 0x0021,
  0x0021, 0x0021, 0x0021, 0x0021, 0x0021, 0x0021, 0x0021, 0x0021, 0x0021, 0x0021, 0x0021, 0x0021,
  0x0021, 0x0021, 0x0021, 0x0021, 0x0021, 0x0021, 0x0021, 0x0021, 0x0021, 0x0021, 0x0020, 0x0021,
  0x0020, 0x0021, 0x0020, 0x0020, 0x0021, 0x0021, 0x0021, 0x0021, 0x0020, 0x0020, 0x0020, 0x0021,
  0x0021, 0x0021, 0x0021, 0x0021, 0x0020, 0x0021, 0x0021, 0x0021, 0x0021, 0x0021, 0x0021, 0x0021,
  0x0020, 0x0020, 0x0021, 0x0020, 0x0021, 0x0021, 0x0021, 0x0021, 0x0021, 0x0021, 0x0020, 0x0020,
  0x0020, 0x0021, 0x0000, 0x18E4, 0x5334, 0x5B31, 0x2167, 0x18C3, 0x18C3, 0x1929, 0x2189, 0x10A4,
  0x2924, 0x2944, 0x18E4, 0x2104, 0x2124, 0x10A3, 0x9C90, 0xBD73, 0x3165, 0x2104, 0x2965, 0x2145,
  0x2145, 0x2145, 0x2125, 0x2125, 0x2125, 0x2125, 0x2125, 0x2145, 0x2145, 0x2125, 0x2125, 0x2125,
  0x2125, 0x2145, 0x2145, 0x2145, 0x2125, 0x2145, 0x2124, 0x2104, 0x2103, 0x3164, 0x4A27, 0x734B,
  0x944F, 0xBD73, 0xB553, 0x8C2F, 0x5A89, 0x2124, 0x0020, 0x0000, 0x0000, 0x0021, 0x0020, 0x0020,
  0x0020, 0x0020, 0x0021, 0x0021, 0x0021, 0x0021, 0x0021, 0x0021, 0x0021, 0x0021, 0x0021, 0x0021,
  0x0020, 0x0021, 0x0021, 0x0021, 0x0021, 0x0020, 0x0020, 0x0021, 0x0021, 0x0021, 0x0021, 0x0021,
  0x0021, 0x0021, 0x0021, 0x0021, 0x0020, 0x0021, 0x0021, 0x0020, 0x0021, 0x0021, 0x0021, 0x0020,
  0x0021, 0x0021, 0x0021, 0x0020, 0x0021, 0x0020, 0x0021, 0x0020, 0x0021, 0x0021, 0x0020, 0x0021,
  0x0021, 0x0021, 0x0021, 0x0021, 0x0021, 0x0021, 0x0021, 0x0021, 0x0021, 0x0021, 0x0021, 0x0021,
  0x0021, 0x0021, 0x0021, 0x0020, 0x0021, 0x0020, 0x0021, 0x0020, 0x0020, 0x0020, 0x0020, 0x0020,
  0x0020, 0x0021, 0x0020, 0x0020, 0x0021, 0x0021, 0x0021, 0x0021, 0x0021, 0x0021, 0x0021, 0x0021,
  0x0021, 0x0021, 0x0021, 0x0021, 0x0020, 0x0020, 0x0020, 0x0021, 0x0021, 0x0020, 0x0020, 0x0021,
  0x0021, 0x0021, 0x0020, 0x0020, 0x0021, 0x0021, 0x0840, 0x4AD0, 0x5B74, 0x3A0A, 0x0883, 0x2922,
  0x10C3, 0x1928, 0x2148, 0x0863, 0x3983, 0x3984, 0x18E4, 0x2104, 0x10A3, 0x7BAD, 0xBD53, 0x3164,
  0x18E4, 0x2966, 0x2145, 0x2125, 0x2145, 0x2145, 0x2145, 0x2125, 0x2125, 0x2125, 0x2125, 0x2125,
  0x2125, 0x2125, 0x2125, 0x2125, 0x2125, 0x2145, 0x2145, 0x2145, 0x2125, 0x2145, 0x2145, 0x2145,
  0x2145, 0x2125, 0x1904, 0x18C3, 0x2104, 0x39A5, 0x5A88, 0x83CD, 0xAD12, 0xB553, 0x9C6F, 0x734B,
  0x1082, 0x0000, 0x0021, 0x0020, 0x0020, 0x0021, 0x0021, 0x0021, 0x0021, 0x0021, 0x0020, 0x0021,
  0x0021, 0x0021, 0x0020, 0x0021, 0x0021, 0x0021, 0x0020, 0x0021, 0x0021, 0x0021, 0x0021, 0x0021,
  0x0021, 0x0021, 0x0021, 0x0021, 0x0021, 0x0021, 0x0021, 0x0021, 0x0020, 0x0020, 0x0021, 0x0021,
  0x0020, 0x0021, 0x0020, 0x0020, 0x0021, 0x0021, 0x0020, 0x0021, 0x0021, 0x0021, 0x0020, 0x0020,
  0x0021, 0x0021, 0x0020, 0x0021, 0x0020, 0x0021, 0x0021, 0x0021, 0x0021, 0x0020, 0x0021, 0x0021,
  0x0021, 0x0021, 0x0021, 0x0021, 0x0021, 0x0021, 0x0021, 0x0021, 0x0020, 0x0021, 0x0021, 0x0020,
  0x0021, 0x0021, 0x0021, 0x0021, 0x0021, 0x0021, 0x0020, 0x0020, 0x0020, 0x0021, 0x0021, 0x0021,
  0x0021, 0x0021, 0x0021, 0x0021, 0x0021, 0x0020, 0x0021, 0x0021, 0x0021, 0x0021, 0x0020, 0x0021,
  0x0021, 0x0020, 0x0020, 0x0021, 0x0020, 0x0020, 0x0021, 0x0020, 0x0021, 0x0000, 0x3A0B, 0x5B75,
  0x52AD, 0x10A4, 0x18C3, 0x10A2, 0x18A2, 0x1907, 0x1906, 0x18E4, 0x10C4, 0x10C3, 0x18E3, 0x1082,
  0x5269, 0xDE57, 0x8BEE, 0x31A6, 0x2125, 0x18E4, 0x18E4, 0x2125, 0x2945, 0x2145, 0x2145, 0x2125,
  0x2125, 0x2145, 0x2125, 0x2125, 0x2125, 0x2145, 0x2125, 0x2125, 0x2145, 0x2125, 0x2125, 0x2125,
  0x2125, 0x2145, 0x2125, 0x2125, 0x2125, 0x2125, 0x2145, 0x2145, 0x2145, 0x2125, 0x1904, 0x2104,
  0x2944, 0x41C6, 0xC5B4, 0xB512, 0x18C2, 0x0000, 0x0021, 0x0020, 0x0020, 0x0020, 0x0020, 0x0020,
  0x0020, 0x0020, 0x0021, 0x0021, 0x0021, 0x0020, 0x0021, 0x0020, 0x0021, 0x0021, 0x0020, 0x0020,
  0x0021, 0x0021, 0x0021, 0x0020, 0x0021, 0x0021, 0x0021, 0x0021, 0x0021, 0x0021, 0x0021, 0x0021,
  0x0020, 0x0020, 0x0020, 0x0021, 0x0020, 0x0021, 0x0021, 0x0021, 0x0021, 0x0020, 0x0021, 0x0021,
  0x0021, 0x0021, 0x0021, 0x0021, 0x0021, 0x0021, 0x0021, 0x0021, 0x0021, 0x0021, 0x0021, 0x0021,
  0x0021, 0x0021, 0x0021, 0x0021, 0x0021, 0x0021, 0x0021, 0x0021, 0x0021, 0x0021, 0x0021, 0x0021,
  0x0020, 0x0021, 0x0021, 0x0020, 0x0021, 0x0021, 0x0021, 0x0020, 0x0020, 0x0020, 0x0021, 0x0021,
  0x0021, 0x0021, 0x0021, 0x0021, 0x0021, 0x0021, 0x0021, 0x0021, 0x0021, 0x0021, 0x0021, 0x0020,
  0x0021, 0x0020, 0x0021, 0x0020, 0x0021, 0x0021, 0x0021, 0x0021, 0x0021, 0x0020, 0x0020, 0x0021,
  0x0000, 0x2126, 0x5355, 0x5B0F, 0x2126, 0x10A3, 0x18C3, 0x18E3, 0x18A2, 0x1927, 0x2126, 0x2147,
  0x2988, 0x29A9, 0x2967, 0x18E4, 0x62A9, 0x944E, 0xACF1, 0xB532, 0xA4F2, 0x83EE, 0x5AAA, 0x3186,
  0x18E4, 0x18E3, 0x1904, 0x2145, 0x2945, 0x2945, 0x2125, 0x2145, 0x2125, 0x2145, 0x2125, 0x2125,
  0x2125, 0x2125, 0x2125, 0x2125, 0x2125, 0x2145, 0x2145, 0x2145, 0x2125, 0x2125, 0x2125, 0x2125,
  0x2145, 0x2145, 0x2145, 0x2965, 0x18E4, 0x9470, 0xB553, 0x39A6, 0x0020, 0x0000, 0x0020, 0x0021,
  0x0021, 0x0021, 0x0021, 0x0021, 0x0020, 0x0020, 0x0021, 0x0021, 0x0020, 0x0021, 0x0021, 0x0021,
  0x0020, 0x0020, 0x0020, 0x0020, 0x0021, 0x0021, 0x0021, 0x0020, 0x0021, 0x0021, 0x0021, 0x0021,
  0x0020, 0x0021, 0x0021, 0x0020, 0x0020, 0x0020, 0x0021, 0x0021, 0x0021, 0x0021, 0x0021, 0x0020,
  0x0021, 0x0020, 0x0021, 0x0021, 0x0021, 0x0020, 0x0021, 0x0021, 0x0021, 0x0020, 0x0020, 0x0021,
  0x0021, 0x0021, 0x0020, 0x0021, 0x0021, 0x0021, 0x0021, 0x0021, 0x0021, 0x0021, 0x0021, 0x0021,
  0x0021, 0x0021, 0x0021, 0x0021, 0x0021, 0x0021, 0x0021, 0x0021, 0x0020, 0x0020, 0x0021, 0x0020,
  0x0021, 0x0020, 0x0020, 0x0020, 0x0021, 0x0020, 0x0021, 0x0021, 0x0021, 0x0021, 0x0021, 0x0021,
  0x0021, 0x0021, 0x0020, 0x0021, 0x0021, 0x0020, 0x0021, 0x0021, 0x0020, 0x0020, 0x0021, 0x0020,
  0x0021, 0x0020, 0x0021, 0x0000, 0x1082, 0x5312, 0x5B53, 0x2988, 0x0882, 0x18C3, 0x18E3, 0x0882,
  0x41A4, 0x3984, 0x18E4, 0x18E4, 0x10C4, 0x2126, 0x2148, 0x2168, 0x31C8, 0x52AB, 0x62CA, 0x732A,
  0x8BED, 0xA4AF, 0xB552, 0xB553, 0x9470, 0x736C, 0x4208, 0x2125, 0x18E3, 0x18E4, 0x2104, 0x2145,
  0x2945, 0x2125, 0x2145, 0x2125, 0x2125, 0x2125, 0x2145, 0x2125, 0x2125, 0x2145, 0x2145, 0x2145,
  0x2125, 0x2125, 0x2125, 0x2125, 0x2145, 0x2125, 0x2945, 0x18E4, 0x7BAD, 0xCDF5, 0x5247, 0x2126,
  0x10E6, 0x10A4, 0x0841, 0x0000, 0x0000, 0x0000, 0x0020, 0x0021, 0x0021, 0x0021, 0x0021, 0x0020,
  0x0020, 0x0021, 0x0021, 0x0021, 0x0021, 0x0020, 0x0020, 0x0020, 0x0020, 0x0020, 0x0021, 0x0020,
  0x0021, 0x0021, 0x0021, 0x0021, 0x0021, 0x0021, 0x0021, 0x0020, 0x0020, 0x0021, 0x0020, 0x0021,
  0x0021, 0x0021, 0x0021, 0x0020, 0x0020, 0x0021, 0x0020, 0x0020, 0x0021, 0x0021, 0x0020, 0x0021,
  0x0021, 0x0020, 0x0021, 0x0020, 0x0021, 0x0021, 0x0021, 0x0021, 0x0021, 0x0021, 0x0021, 0x0021,
  0x0021, 0x0021, 0x0021, 0x0021, 0x0021, 0x0021, 0x0021, 0x0021, 0x0021, 0x0021, 0x0021, 0x0021,
  0x0021, 0x0020, 0x0021, 0x0020, 0x0021, 0x0021, 0x0021, 0x0020, 0x0021, 0x0021, 0x0021, 0x0020,
  0x0020, 0x0021, 0x0021, 0x0021, 0x0021, 0x0021, 0x0020, 0x0021, 0x0021, 0x0021, 0x0020, 0x0020,
  0x0021, 0x0020, 0x0021, 0x0020, 0x0021, 0x0020, 0x0021, 0x0000, 0x426E, 0x5B95, 0x4A6C, 0x08A4,
  0x18C3, 0x18C3, 0x10A3, 0x2923, 0x6AA6, 0x2124, 0x2965, 0x2145, 0x3163, 0x6AE8, 0x7BAD, 0x5248,
  0x31A9, 0x29ED, 0x29CC, 0x320C, 0x4A8C, 0x5ACB, 0x6B0A, 0x838B, 0x942E, 0xAD11, 0xB532, 0xA4F1,
  0x8C0F, 0x5AEA, 0x39A6, 0x18E4, 0x10C3, 0x18E4, 0x2125, 0x2945, 0x2145, 0x2145, 0x2125, 0x2125,
  0x2125, 0x2145, 0x2145, 0x2125, 0x2125, 0x2125, 0x2125, 0x2125, 0x2125, 0x2945, 0x18E3, 0x5AAA,
  0xD636, 0x6AEA, 0x2967, 0x1107, 0x31CB, 0x3A6E, 0x4AF1, 0x3A4E, 0x2169, 0x10A4, 0x0020, 0x0000,
  0x0000, 0x0000, 0x0021, 0x0021, 0x0021, 0x0021, 0x0000, 0x0000, 0x0021, 0x0021, 0x0021, 0x0020,
  0x0020, 0x0021, 0x0020, 0x0021, 0x0020, 0x0021, 0x0021, 0x0021, 0x0021, 0x0021, 0x0020, 0x0021,
  0x0020, 0x0020, 0x0021, 0x0020, 0x0020, 0x0020, 0x0021, 0x0020, 0x0021, 0x0021, 0x0020, 0x0020,
  0x0021, 0x0021, 0x0021, 0x0021, 0x0021, 0x0021, 0x0020, 0x0020, 0x0021, 0x0021, 0x0021, 0x0021,
  0x0020, 0x0021, 0x0021, 0x0020, 0x0021, 0x0020, 0x0021, 0x0021, 0x0021, 0x0021, 0x0021, 0x0021,
  0x0021, 0x0021, 0x0021, 0x0021, 0x0021, 0x0021, 0x0020, 0x0020, 0x0021, 0x0021, 0x0021, 0x0021,
  0x0020, 0x0021, 0x0021, 0x0020, 0x0020, 0x0021, 0x0021, 0x0021, 0x0021, 0x0021, 0x0020, 0x0020,
  0x0021, 0x0020, 0x0020, 0x0021, 0x0021, 0x0020, 0x0020, 0x0020, 0x0020, 0x0021, 0x0000, 0x2125,
  0x632F, 0x5B0E, 0x10E5, 0x10A2, 0x18C3, 0x18C3, 0x10A2, 0x6AA6, 0x2944, 0x2145, 0x2945, 0x2964,
  0x6AC7, 0xC5B3, 0xCDF4, 0xD5F3, 0x62EC, 0x2A0E, 0x2967, 0x39E9, 0x29CB, 0x21CC, 0x29ED, 0x3A4C,
  0x4A8B, 0x5A89, 0x732A, 0x83AC, 0xA4B0, 0xB553, 0xB553, 0x9C90, 0x734C, 0x4A48, 0x2965, 0x18C3,
  0x18E3, 0x1904, 0x2145, 0x2145, 0x2145, 0x2145, 0x2125, 0x2125, 0x2125, 0x2125, 0x2125, 0x2125,
  0x2945, 0x2104, 0x39C7, 0xCE15, 0x7B8C, 0x2966, 0x10E6, 0x18E6, 0x2147, 0x39EA, 0x5B0F, 0x6372,
  0x5B94, 0x5B54, 0x4AD2, 0x31EC, 0x1927, 0x0882, 0x0000, 0x0000, 0x0000, 0x0000, 0x0861, 0x1081,
  0x0000, 0x0000, 0x0000, 0x0020, 0x0020, 0x0020, 0x0021, 0x0020, 0x0021, 0x0021, 0x0021, 0x0021,
  0x0021, 0x0021, 0x0020, 0x0021, 0x0020, 0x0020, 0x0020, 0x0021, 0x0020, 0x0020, 0x0020, 0x0021,
  0x0020, 0x0020, 0x0021, 0x0021, 0x0021, 0x0020, 0x0021, 0x0020, 0x0021, 0x0020, 0x0021, 0x0021,
  0x0021, 0x0021, 0x0021, 0x0021, 0x0021, 0x0021, 0x0020, 0x0020, 0x0021, 0x0021, 0x0021, 0x0021,
  0x0021, 0x0021, 0x0021, 0x0021, 0x0021, 0x0021, 0x0021, 0x0020, 0x0021, 0x0021, 0x0021, 0x0021,
  0x0020, 0x0020, 0x0020, 0x0020, 0x0020, 0x0021, 0x0021, 0x0021, 0x0021, 0x0021, 0x0021, 0x0021,
  0x0020, 0x0021, 0x0021, 0x0021, 0x0021, 0x0021, 0x0020, 0x0020, 0x0021, 0x0020, 0x0020, 0x0020,
  0x0021, 0x0000, 0x18C4, 0x5B30, 0x5ACC, 0x2126, 0x1083, 0x18C3, 0x18E3, 0x0882, 0x6266, 0x41E5,
  0x2945, 0x3185, 0x2965, 0x5225, 0xACF0, 0xCDD4, 0xC573, 0xD5F3, 0x6B4E, 0x2A0F, 0x3188, 0x942D,
  0x8BCC, 0x6B0A, 0x4A49, 0x31C9, 0x29CC, 0x21AB, 0x320C, 0x424B, 0x528A, 0x6AEA, 0x7B4A, 0x940D,
  0xACD0, 0xBD73, 0xAD33, 0x8C2F, 0x630B, 0x39E7, 0x2104, 0x10C3, 0x18E4, 0x2125, 0x2145, 0x2145,
  0x2145, 0x2145, 0x2145, 0x2145, 0x2125, 0x2945, 0xBD94, 0x9C6F, 0x2945, 0x2147, 0x3165, 0x1107,
  0x10C5, 0x1107, 0x218A, 0x31EB, 0x426C, 0x52EE, 0x5B30, 0x5B52, 0x5B54, 0x5313, 0x426F, 0x29AA,
  0x10C5, 0x0860, 0x62EC, 0x5B31, 0x4A6B, 0x39A6, 0x18C2, 0x0020, 0x0020, 0x0021, 0x0021, 0x0020,
  0x0021, 0x0021, 0x0021, 0x0021, 0x0021, 0x0021, 0x0021, 0x0020, 0x0020, 0x0020, 0x0020, 0x0021,
  0x0021, 0x0021, 0x0020, 0x0021, 0x0021, 0x0021, 0x0021, 0x0021, 0x0021, 0x0021, 0x0021, 0x0021,
  0x0021, 0x0021, 0x0021, 0x0020, 0x0020, 0x0021, 0x0021, 0x0021, 0x0021, 0x0021, 0x0021, 0x0021,
  0x0020, 0x0021, 0x0021, 0x0021, 0x0021, 0x0021, 0x0021, 0x0021, 0x0021, 0x0021, 0x0020, 0x0021,
  0x0021, 0x0021, 0x0021, 0x0021, 0x0021, 0x0020, 0x0021, 0x0021, 0x0020, 0x0021, 0x0021, 0x0020,
  0x0020, 0x0021, 0x0021, 0x0020, 0x0021, 0x0021, 0x0020, 0x0020, 0x0021, 0x0021, 0x0020, 0x0021,
  0x0020, 0x0020, 0x0020, 0x0021, 0x0021, 0x0820, 0x4AD0, 0x5B53, 0x3A09, 0x0883, 0x18C3, 0x18C3,
  0x0883, 0x41A4, 0x6287, 0x10A3, 0x6AA6, 0x4A05, 0x3984, 0x942D, 0xCDF4, 0xC593, 0xC5B3, 0xD5F3,
  0x6B4D, 0x29EE, 0x31A8, 0x8BCC, 0x83CD, 0xA46F, 0xA48F, 0x9C2D, 0x838B, 0x5AA9, 0x31EA, 0x322F,
  0x29ED, 0x29CC, 0x320C, 0x528B, 0x630B, 0x732A, 0x8BAC, 0xA48F, 0xB512, 0xB553, 0xA4D1, 0x7BCE,
  0x4A48, 0x2965, 0x18E4, 0x18E4, 0x2124, 0x2145, 0x2945, 0x2945, 0x18E3, 0xA4D1, 0xB552, 0x41C6,
  0x1906, 0x5227, 0x41E7, 0x1107, 0x10A2, 0x10A2, 0x18C4, 0x18E6, 0x1928, 0x216A, 0x29AA, 0x3A0B,
  0x4A8D, 0x5B0F, 0x6351, 0x5B53, 0x4AD0, 0x630D, 0x5334, 0x42D4, 0x4B14, 0x5314, 0x73B2, 0x3984,
  0x0000, 0x0021, 0x0020, 0x0020, 0x0021, 0x0021, 0x0021, 0x0020, 0x0021, 0x0021, 0x0020, 0x0020,
  0x0020, 0x0020, 0x0020, 0x0020, 0x0020, 0x0020, 0x0020, 0x0020, 0x0021, 0x0021, 0x0021, 0x0021,
  0x0021, 0x0021, 0x0021, 0x0021, 0x0021, 0x0020, 0x0021, 0x0021, 0x0021, 0x0020, 0x0020, 0x0021,
  0x0020, 0x0021, 0x0021, 0x0021, 0x0021, 0x0021, 0x0020, 0x0021, 0x0020, 0x0021, 0x0021, 0x0021,
  0x0021, 0x0021, 0x0021, 0x0021, 0x0021, 0x0021, 0x0021, 0x0021, 0x0021, 0x0021, 0x0021, 0x0021,
  0x0021, 0x0021, 0x0021, 0x0020, 0x0021, 0x0021, 0x0021, 0x0021, 0x0020, 0x0021, 0x0021, 0x0020,
  0x0021, 0x0021, 0x0020, 0x0020, 0x0020, 0x0020, 0x0020, 0x0021, 0x0000, 0x31EA, 0x5B75, 0x52AD,
  0x10A4, 0x20E2, 0x10C3, 0x10A3, 0x2103, 0x7307, 0x2104, 0x2965, 0x2145, 0x2944, 0x7B4A, 0xCDD4,
  0xCDD3, 0xCDB3, 0xCDB3, 0xD614, 0x632D, 0x29EE, 0x31C9, 0x838B, 0x2989, 0x2988, 0x528B, 0x7B8E,
  0x942E, 0xA48F, 0x5AAC, 0x2A0E, 0x2987, 0x4A28, 0x31CA, 0x29AC, 0x21AD, 0x29EC, 0x3A2B, 0x528B,
  0x62EA, 0x7B4A, 0x940D, 0xACD0, 0xAD11, 0xAD32, 0x9470, 0x6B2C, 0x41E7, 0x2104, 0x18C3, 0x10C3,
  0x83EE, 0xC5B4, 0x5227, 0x2147, 0x2966, 0x6AE9, 0x39A6, 0x10E6, 0x10A3, 0x18C3, 0x18E4, 0x2104,
  0x18E3, 0x18C3, 0x18E5, 0x1907, 0x1949, 0x2169, 0x29AA, 0x3A2C, 0x4229, 0x6B4D, 0x6350, 0x5B52,
  0x5333, 0x5333, 0x5AED, 0x18E5, 0x0000, 0x0021, 0x0020, 0x0020, 0x0020, 0x0021, 0x0021, 0x0020,
  0x0021, 0x0021, 0x0021, 0x0020, 0x0020, 0x0020, 0x0020, 0x0021, 0x0020, 0x0021, 0x0020, 0x0021,
  0x0020, 0x0021, 0x0021, 0x0021, 0x0021, 0x0021, 0x0021, 0x0021, 0x0021, 0x0020, 0x0021, 0x0021,
  0x0021, 0x0021, 0x0021, 0x0021, 0x0021, 0x0021, 0x0021, 0x0021, 0x0021, 0x0021, 0x0021, 0x0021,
  0x0021, 0x0021, 0x0021, 0x0021, 0x0021, 0x0021, 0x0021, 0x0021, 0x0020, 0x0021, 0x0021, 0x0021,
  0x0021, 0x0021, 0x0021, 0x0020, 0x0020, 0x0021, 0x0021, 0x0021, 0x0021, 0x0021, 0x0021, 0x0021,
  0x0021, 0x0021, 0x0021, 0x0021, 0x0020, 0x0021, 0x0020, 0x0020, 0x0020, 0x0020, 0x0021, 0x0000,
  0x2125, 0x5375, 0x5B10, 0x2127, 0x2103, 0x2103, 0x10C3, 0x1082, 0x72E7, 0x3185, 0x2124, 0x2965,
  0x3165, 0x6266, 0xC593, 0xCDD3, 0xC593, 0xCDD4, 0xCDD4, 0xD5F4, 0x6B2D, 0x2A0F, 0x31A8, 0x838B,
  0x2968, 0x0000, 0x0000, 0x0863, 0x1927, 0x7B6C, 0x5AEC, 0x21EE, 0x3187, 0xA46E, 0x9C6E, 0x838B,
  0x62A9, 0x4209, 0x29A9, 0x29CC, 0x320D, 0x3A0C, 0x4A6B, 0x5AAA, 0x730A, 0x83AC, 0x9C6F, 0xACF1,
  0xAD12, 0xA4D1, 0x7BAD, 0x738C, 0xD636, 0x62EA, 0x1905, 0x10E6, 0x39C8, 0x6AE9, 0x39A6, 0x10E6,
  0x10A3, 0x18C3, 0x18C3, 0x2124, 0x2104, 0x2104, 0x2104, 0x18E3, 0x18E3, 0x10C3, 0x08A4, 0x1948,
  0x2147, 0x29CB, 0x3A2C, 0x424B, 0x5AED, 0x630C, 0x29AA, 0x10E5, 0x0000, 0x0021, 0x0021, 0x0020,
  0x0020, 0x0021, 0x0021, 0x0021, 0x0021, 0x0021, 0x0021, 0x0020, 0x0020, 0x0021, 0x0020, 0x0021,
  0x0021, 0x0020, 0x0020, 0x0021, 0x0021, 0x0021, 0x0021, 0x0021, 0x0021, 0x0021, 0x0021, 0x0021,
  0x0020, 0x0021, 0x0021, 0x0021, 0x0021, 0x0021, 0x0021, 0x0020, 0x0021, 0x0021, 0x0021, 0x0021,
  0x0020, 0x0021, 0x0021, 0x0020, 0x0021, 0x0020, 0x0020, 0x0021, 0x0021, 0x0021, 0x0021, 0x0021,
  0x0021, 0x0021, 0x0021, 0x0020, 0x0021, 0x0021, 0x0021, 0x0021, 0x0021, 0x0020, 0x0021, 0x0021,
  0x0021, 0x0021, 0x0021, 0x0021, 0x0020, 0x0021, 0x0020, 0x0020, 0x0020, 0x0021, 0x0021, 0x0020,
  0x0020, 0x0021, 0x0000, 0x0861, 0x4AF2, 0x6394, 0x31A8, 0x0883, 0x3963, 0x2103, 0x0862, 0x5A45,
  0x5246, 0x18E4, 0x2965, 0x2945, 0x5225, 0xACF0, 0xCDF4, 0xCDB3, 0xCDD4, 0xCDD4, 0xCDB3, 0xD5F4,
  0x6B4E, 0x21EE, 0x2987, 0x83AC, 0x2989, 0x0020, 0x0000, 0x0000, 0x0022, 0x736C, 0x5ACC, 0x21EE,
  0x39E8, 0x83CC, 0x736C, 0x9C4E, 0xA46E, 0x9C4E, 0x942D, 0x6AE9, 0x31CA, 0x31EC, 0x218A, 0x29CC,
  0x320D, 0x426D, 0x528A, 0x62A9, 0x7B4A, 0x8BEC, 0xACD0, 0xB552, 0x6B2A, 0x2966, 0x2967, 0x1905,
  0x31A7, 0x6AE9, 0x39A6, 0x10E6, 0x10A3, 0x18C3, 0x10C3, 0x18E4, 0x2104, 0x2104, 0x2104, 0x2124,
  0x2124, 0x2124, 0x4A05, 0x18E3, 0x2104, 0x320D, 0x21AC, 0x21AC, 0x29CC, 0x31A9, 0x216A, 0x18E5,
  0x0000, 0x0021, 0x0020, 0x0021, 0x0021, 0x0021, 0x0021, 0x0021, 0x0021, 0x0021, 0x0021, 0x0021,
  0x0020, 0x0020, 0x0020, 0x0020, 0x0021, 0x0021, 0x0021, 0x0020, 0x0021, 0x0021, 0x0021, 0x0021,
  0x0021, 0x0021, 0x0020, 0x0021, 0x0021, 0x0021, 0x0021, 0x0021, 0x0021, 0x0020, 0x0020, 0x0021,
  0x0021, 0x0021, 0x0021, 0x0021, 0x0021, 0x0021, 0x0021, 0x0021, 0x0021, 0x0020, 0x0021, 0x0021,
  0x0021, 0x0021, 0x0020, 0x0021, 0x0021, 0x0021, 0x0021, 0x0021, 0x0020, 0x0021, 0x0020, 0x0021,
  0x0021, 0x0021, 0x0021, 0x0020, 0x0021, 0x0021, 0x0021, 0x0020, 0x0021, 0x0020, 0x0021, 0x0021,
  0x0021, 0x0020, 0x0020, 0x0020, 0x0020, 0x0021, 0x0000, 0x3A2D, 0x5B75, 0x4A6C, 0x10A4, 0x10C3,
  0x18C3, 0x20E2, 0x3984, 0x6AC7, 0x18E4, 0x2965, 0x2145, 0x3984, 0x8BEC, 0xCDF4, 0xC593, 0xCDF4,
  0xCDF4, 0xCDB3, 0xC5B3, 0xD614, 0x6B4D, 0x21CD, 0x31A8, 0x83CC, 0x2968, 0x0000, 0x0000, 0x0000,
  0x0063, 0x7B6C, 0x5ACC, 0x21EE, 0x4209, 0x734A, 0x18C3, 0x2944, 0x5247, 0x7B6B, 0x940D, 0x93EC,
  0x3A4D, 0x29CD, 0x41E6, 0x6B0B, 0x4209, 0x29AA, 0x218B, 0x29ED, 0x3A2D, 0x4A6C, 0x5AAA, 0x6B0A,
  0x3186, 0x1926, 0x5A88, 0x2126, 0x3186, 0x6AE9, 0x39A6, 0x10E6, 0x18C3, 0x18C3, 0x18C3, 0x18E3,
  0x2104, 0x2104, 0x1904, 0x1904, 0x2104, 0x2124, 0x41C4, 0x2104, 0x2125, 0x29A9, 0x426C, 0x3A0A,
  0x29AB, 0x31CA, 0x216A, 0x18E5, 0x0000, 0x0021, 0x0020, 0x0020, 0x0021, 0x0021, 0x0021, 0x0021,
  0x0021, 0x0021, 0x0021, 0x0021, 0x0020, 0x0020, 0x0020, 0x0021, 0x0020, 0x0021, 0x0021, 0x0021,
  0x0021, 0x0021, 0x0021, 0x0021, 0x0021, 0x0021, 0x0021, 0x0021, 0x0021, 0x0020, 0x0021, 0x0020,
  0x0021, 0x0020, 0x0020, 0x0020, 0x0020, 0x0021, 0x0021, 0x0020, 0x0021, 0x0021, 0x0021, 0x0021,
  0x0020, 0x0021, 0x0021, 0x0021, 0x0021, 0x0020, 0x0021, 0x0021, 0x0021, 0x0020, 0x0021, 0x0021,
  0x0020, 0x0021, 0x0021, 0x0020, 0x0020, 0x0021, 0x0021, 0x0021, 0x0021, 0x0020, 0x0021, 0x0021,
  0x0021, 0x0021, 0x0020, 0x0020, 0x0021, 0x0021, 0x0021, 0x0020, 0x0021, 0x0000, 0x2967, 0x5B75,
  0x530F, 0x18E5, 0x10A3, 0x18E3, 0x18C3, 0x20C2, 0x7B07, 0x2124, 0x2105, 0x2966, 0x3184, 0x72E8,
  0xC5B3, 0xC5B3, 0xCDB3, 0xCDD4, 0xCDD3, 0xCDB3, 0xC5B3, 0xD614, 0x6B2D, 0x21CD, 0x31C9, 0x838B,
  0x2147, 0x0884, 0x0862, 0x0000, 0x0042, 0x736C, 0x5ACC, 0x21EE, 0x39C8, 0x7B6B, 0x1082, 0x0000,
  0x0000, 0x0841, 0x2103, 0x838B, 0x3A4D, 0x21AC, 0x5268, 0xACAF, 0x9C4D, 0x93EC, 0x7B4B, 0x5269,
  0x31C9, 0x29AB, 0x29CC, 0x29EB, 0x1927, 0x5248, 0x62A8, 0x1906, 0x31A7, 0x6AE9, 0x39A6, 0x10E6,
  0x10C3, 0x18C3, 0x10A3, 0x18E3, 0x2125, 0x2104, 0x1904, 0x2104, 0x2104, 0x2104, 0x18E4, 0x2125,
  0x18E3, 0x426D, 0x6B91, 0x4229, 0x1949, 0x31CA, 0x1949, 0x18E5, 0x0000, 0x0021, 0x0020, 0x0020,
  0x0020, 0x0021, 0x0021, 0x0021, 0x0021, 0x0021, 0x0021, 0x0021, 0x0020, 0x0020, 0x0021, 0x0021,
  0x0021, 0x0021, 0x0021, 0x0021, 0x0020, 0x0020, 0x0021, 0x0021, 0x0021, 0x0021, 0x0021, 0x0021,
  0x0020, 0x0021, 0x0021, 0x0021, 0x0021, 0x0021, 0x0021, 0x0021, 0x0020, 0x0021, 0x0021, 0x0020,
  0x0020, 0x0021, 0x0020, 0x0020, 0x0020, 0x0021, 0x0021, 0x0021, 0x0021, 0x0020, 0x0020, 0x0020,
  0x0021, 0x0020, 0x0020, 0x0020, 0x0021, 0x0020, 0x0021, 0x0020, 0x0020, 0x0021, 0x0021, 0x0021,
  0x0021, 0x0021, 0x0021, 0x0020, 0x0020, 0x0020, 0x0020, 0x0021, 0x0020, 0x0020, 0x0020, 0x0021,
  0x0000, 0x10A2, 0x5333, 0x5B52, 0x2967, 0x0882, 0x18C3, 0x18E3, 0x0882, 0x6286, 0x3184, 0x39A5,
  0x6286, 0x2125, 0x5A66, 0xB531, 0xCDB3, 0xCDD3, 0xCDD4, 0xC5B3, 0xCDB3, 0xCDD4, 0xCDB4, 0xCDD3,
  0x5AEC, 0x21CE, 0x2967, 0x836A, 0x62CB, 0x4A8C, 0x31EB, 0x2189, 0x1107, 0x734B, 0x5ACC, 0x21CE,
  0x39C8, 0x7B6B, 0x1082, 0x0000, 0x0000, 0x0000, 0x1082, 0x8BCC, 0x3A2C, 0x21CE, 0x5248, 0x732C,
  0x4A8B, 0x7BCE, 0x9C4F, 0xA48F, 0xA48F, 0x7309, 0x31EB, 0x29EC, 0x1905, 0x62A9, 0x62A9, 0x1905,
  0x3187, 0x6AE9, 0x39A6, 0x10E6, 0x10C4, 0x10E4, 0x18C3, 0x18C3, 0x18E3, 0x2104, 0x2104, 0x2124,
  0x2124, 0x2124, 0x2124, 0x18C2, 0x39E9, 0x5374, 0x52AD, 0x10C4, 0x1928, 0x29AA, 0x1949, 0x18E5,
  0x0000, 0x0021, 0x0020, 0x0020, 0x0021, 0x0021, 0x0021, 0x0021, 0x0021, 0x0021, 0x0021, 0x0021,
  0x0020, 0x0020, 0x0021, 0x0021, 0x0021, 0x0021, 0x0021, 0x0021, 0x0020, 0x0021, 0x0021, 0x0020,
  0x0021, 0x0021, 0x0021, 0x0021, 0x0021, 0x0021, 0x0021, 0x0021, 0x0020, 0x0020, 0x0021, 0x0021,
  0x0021, 0x0020, 0x0021, 0x0020, 0x0021, 0x0021, 0x0020, 0x0020, 0x0021, 0x0021, 0x0021, 0x0021,
  0x0020, 0x0021, 0x0020, 0x0021, 0x0021, 0x0020, 0x0020, 0x0021, 0x0020, 0x0021, 0x0021, 0x0021,
  0x0020, 0x0021, 0x0021, 0x0021, 0x0021, 0x0020, 0x0021, 0x0021, 0x0020, 0x0020, 0x0020, 0x0020,
  0x0020, 0x0020, 0x0021, 0x0021, 0x0020, 0x4AAF, 0x6394, 0x422A, 0x0883, 0x18C3, 0x18C3, 0x0882,
  0x5205, 0x5A46, 0x18E4, 0x39A5, 0x41C5, 0x3984, 0x940D, 0xD5F4, 0xC5B3, 0xCDD3, 0xCDD4, 0xCDD4,
  0xCDB3, 0xC5B3, 0xCDF4, 0xB531, 0x424C, 0x3A4E, 0x2968, 0x5AAA, 0x8BED, 0x93EC, 0x838C, 0x6B0B,
  0x4209, 0x734B, 0x5AAC, 0x21EE, 0x31A7, 0x7B6B, 0x10A3, 0x0000, 0x0000, 0x0000, 0x18C2, 0x8BCC,
  0x3A2D, 0x21AD, 0x5247, 0x630C, 0x0064, 0x0863, 0x2147, 0x422A, 0x6B2C, 0x8BCC, 0x320D, 0x322E,
  0x2147, 0x5A88, 0x62C9, 0x2126, 0x3186, 0x6AC8, 0x3186, 0x1906, 0x2126, 0x2986, 0x1906, 0x10E5,
  0x1905, 0x2126, 0x2104, 0x1904, 0x18E4, 0x2124, 0x5225, 0x2945, 0x5333, 0x5B51, 0x2147, 0x0862,
  0x1927, 0x29A9, 0x216A, 0x18E5, 0x0000, 0x0021, 0x0020, 0x0021, 0x0020, 0x0021, 0x0021, 0x0021,
  0x0021, 0x0021, 0x0020, 0x0021, 0x0020, 0x0020, 0x0020, 0x0021, 0x0021, 0x0020, 0x0020, 0x0020,
  0x0021, 0x0020, 0x0020, 0x0020, 0x0020, 0x0021, 0x0021, 0x0020, 0x0021, 0x0021, 0x0021, 0x0021,
  0x0020, 0x0020, 0x0021, 0x0020, 0x0021, 0x0020, 0x0021, 0x0020, 0x0021, 0x0021, 0x0021, 0x0021,
  0x0021, 0x0021, 0x0021, 0x0021, 0x0021, 0x0021, 0x0021, 0x0020, 0x0021, 0x0021, 0x0020, 0x0021,
  0x0021, 0x0020, 0x0021, 0x0021, 0x0021, 0x0021, 0x0021, 0x0020, 0x0021, 0x0021, 0x0021, 0x0021,
  0x0021, 0x0021, 0x0020, 0x0020, 0x0020, 0x0020, 0x0021, 0x0000, 0x3186, 0x632E, 0x52AC, 0x10A4,
  0x10A3, 0x18E3, 0x10A3, 0x3143, 0x7B08, 0x18E4, 0x2965, 0x2145, 0x3164, 0x7B6A, 0xC5B3, 0xC593,
  0xC5B3, 0xCDD4, 0xCDD4, 0xCDD4, 0xCDD4, 0xCDD4, 0xD615, 0xB531, 0x2989, 0x216B, 0x29CD, 0x320D,
  0x426E, 0x4AAC, 0x630C, 0x7B8C, 0x838B, 0x93EC, 0x52AC, 0x29EE, 0x31A7, 0x7B6B, 0x10A3, 0x0000,
  0x0000, 0x0000, 0x10A2, 0x83AC, 0x3A2D, 0x198C, 0x4A27, 0x6B2C, 0x0864, 0x0000, 0x0000, 0x0000,
  0x2967, 0x8BCD, 0x320D, 0x320E, 0x2147, 0x5A88, 0x62A8, 0x2126, 0x39C7, 0x4A07, 0x2147, 0x10E6,
  0x734B, 0x93ED, 0x732A, 0x5AAA, 0x528B, 0x31A8, 0x2168, 0x2147, 0x2126, 0x1905, 0x2103, 0x52F1,
  0x5B74, 0x39E9, 0x10C4, 0x2902, 0x1928, 0x2989, 0x1969, 0x1906, 0x18C3, 0x0020, 0x0021, 0x0020,
  0x0020, 0x0021, 0x0021, 0x0021, 0x0021, 0x0021, 0x0021, 0x0020, 0x0020, 0x0020, 0x0020, 0x0021,
  0x0021, 0x0021, 0x0021, 0x0021, 0x0021, 0x0021, 0x0020, 0x0020, 0x0020, 0x0021, 0x0021, 0x0021,
  0x0021, 0x0021, 0x0020, 0x0021, 0x0021, 0x0020, 0x0020, 0x0020, 0x0020, 0x0021, 0x0020, 0x0021,
  0x0021, 0x0021, 0x0021, 0x0021, 0x0020, 0x0020, 0x0021, 0x0021, 0x0021, 0x0021, 0x0021, 0x0021,
  0x0020, 0x0020, 0x0020, 0x0021, 0x0020, 0x0020, 0x0021, 0x0020, 0x0021, 0x0021, 0x0020, 0x0021,
  0x0021, 0x0021, 0x0020, 0x0021, 0x0020, 0x0020, 0x0020, 0x0020, 0x0020, 0x0021, 0x0000, 0x2105,
  0x6391, 0x5ACC, 0x18E5, 0x10A3, 0x18C3, 0x10C3, 0x18C3, 0x7307, 0x2965, 0x2945, 0x2965, 0x3185,
  0x62A7, 0xC593, 0xCDD4, 0xCDB3, 0xCDB3, 0xCDD4, 0xCDD4, 0xCDD4, 0xCDD4, 0xCDD4, 0xCDD4, 0xCDD3,
  0xACD0, 0x7B8D, 0x52AC, 0x31CB, 0x218B, 0x21AC, 0x29ED, 0x3A4D, 0x424C, 0x5AAC, 0x420A, 0x21AC,
  0x39C8, 0x7B8B, 0x1082, 0x0000, 0x0020, 0x0000, 0x18A2, 0x83AC, 0x3A2C, 0x218C, 0x5247, 0x6B4C,
  0x0884, 0x0000, 0x0000, 0x0000, 0x31A8, 0x83AC, 0x3A2E, 0x320E, 0x1926, 0x5A88, 0x62A9, 0x2146,
  0x2967, 0x31A8, 0x1107, 0x5AA9, 0x9C2D, 0x8BED, 0x942D, 0xC592, 0xCDF4, 0xB511, 0x8C0E, 0x6B2C,
  0x422A, 0x2966, 0x3A0B, 0x5B75, 0x52CE, 0x10C5, 0x18E3, 0x20E2, 0x1928, 0x2168, 0x1907, 0x29CB,
  0x526A, 0x0020, 0x0021, 0x0021, 0x0020, 0x0021, 0x0021, 0x0021, 0x0021, 0x0021, 0x0021, 0x0020,
  0x0020, 0x0021, 0x0020, 0x0020, 0x0020, 0x0021, 0x0021, 0x0021, 0x0021, 0x0020, 0x0020, 0x0021,
  0x0020, 0x0021, 0x0021, 0x0021, 0x0021, 0x0021, 0x0020, 0x0020, 0x0021, 0x0021, 0x0021, 0x0021,
  0x0020, 0x0020, 0x0021, 0x0021, 0x0020, 0x0021, 0x0021, 0x0021, 0x0021, 0x0021, 0x0021, 0x0020,
  0x0021, 0x0021, 0x0020, 0x0021, 0x0020, 0x0020, 0x0020, 0x0021, 0x0021, 0x0020, 0x0021, 0x0021,
  0x0021, 0x0020, 0x0020, 0x0021, 0x0021, 0x0020, 0x0020, 0x0021, 0x0020, 0x0020, 0x0021, 0x0020,
  0x0021, 0x0000, 0x1061, 0x4AF1, 0x5B53, 0x31C8, 0x10A3, 0x18E3, 0x18E3, 0x0882, 0x6AA6, 0x41E5,
  0x1904, 0x2965, 0x2965, 0x4A05, 0xB511, 0xCDF4, 0xCDB3, 0xCDB3, 0xCDD4, 0xCDD4, 0xCDD4, 0xCDD4,
  0xCDD4, 0xCDD4, 0xCDD3, 0xCDD4, 0xD615, 0xD614, 0xD614, 0xBD52, 0x942E, 0x630C, 0x3A0A, 0x218B,
  0x218B, 0x29CD, 0x320D, 0x3A2D, 0x4209, 0x734A, 0x0882, 0x0000, 0x0000, 0x0000, 0x10A2, 0x83AC,
  0x3A0C, 0x218C, 0x5268, 0x6B4D, 0x0884, 0x0000, 0x0000, 0x0000, 0x31C9, 0x83AC, 0x320D, 0x320D,
  0x1906, 0x5A88, 0x62C9, 0x2126, 0x2147, 0x1907, 0x4A28, 0x9C2D, 0x8BED, 0x8BED, 0xB511, 0xCDB3,
  0xC593, 0xCDB3, 0xCDD3, 0xD5F4, 0xC5B3, 0x5ACB, 0x4B13, 0x5B30, 0x2147, 0x10A3, 0x18E3, 0x10A2,
  0x1907, 0x2127, 0x1948, 0x5ACD, 0x2988, 0x0021, 0x0020, 0x0021, 0x0021, 0x0021, 0x0021, 0x0021,
  0x0021, 0x0021, 0x0021, 0x0021, 0x0020, 0x0021, 0x0021, 0x0020, 0x0020, 0x0021, 0x0021, 0x0021,
  0x0021, 0x0021, 0x0020, 0x0021, 0x0021, 0x0020, 0x0020, 0x0020, 0x0020, 0x0021, 0x0021, 0x0021,
  0x0021, 0x0021, 0x0021, 0x0021, 0x0020, 0x0021, 0x0021, 0x0021, 0x0021, 0x0021, 0x0021, 0x0020,
  0x0020, 0x0021, 0x0021, 0x0020, 0x0020, 0x0021, 0x0021, 0x0020, 0x0021, 0x0020, 0x0021, 0x0021,
  0x0021, 0x0021, 0x0020, 0x0021, 0x0020, 0x0020, 0x0021, 0x0020, 0x0020, 0x0021, 0x0021, 0x0020,
  0x0020, 0x0021, 0x0020, 0x0020, 0x0021, 0x0000, 0x424C, 0x5B75, 0x4A6C, 0x18C4, 0x20E2, 0x18E4,
  0x0883, 0x41C4, 0x6286, 0x18C4, 0x2965, 0x2145, 0x41C4, 0x9C4D, 0xD5F4, 0xC5B3, 0xC5B3, 0xC5B3,
  0xCDD4, 0xCDF4, 0xCDF4, 0xCDF4, 0xCDD4, 0xCDD4, 0xCDD4, 0xCDB3, 0xCDD4, 0xCDD4, 0xCDD4, 0xCDF4,
  0xD614, 0xDE35, 0xCDD3, 0xACD0, 0x7BCE, 0x4A8B, 0x29AA, 0x21AC, 0x2967, 0x5A88, 0x39A6, 0x6AE9,
  0x5227, 0x18C2, 0x18C3, 0x8BCC, 0x3A0C, 0x21AD, 0x5A68, 0x6B2B, 0x1107, 0x1948, 0x1907, 0x0863,
  0x31C8, 0x8BCC, 0x320D, 0x320D, 0x1927, 0x62A9, 0x6288, 0x2125, 0x1928, 0x3187, 0x940D, 0x940D,
  0x8BCD, 0xACF1, 0xCDF4, 0xC5B3, 0xC5B3, 0xC5B3, 0xC593, 0xCDD4, 0x8C0D, 0x42D1, 0x6394, 0x31C9,
  0x0883, 0x18C3, 0x10C3, 0x18C2, 0x10A4, 0x1928, 0x52AD, 0x3A0A, 0x1929, 0x0020, 0x0021, 0x0021,
  0x0021, 0x0021, 0x0021, 0x0021, 0x0021, 0x0021, 0x0021, 0x0021, 0x0021, 0x0021, 0x0020, 0x0020,
  0x0021, 0x0021, 0x0021, 0x0021, 0x0021, 0x0021, 0x0021, 0x0021, 0x0021, 0x0021, 0x0021, 0x0021,
  0x0021, 0x0021, 0x0020, 0x0020, 0x0021, 0x0020, 0x0020, 0x0020, 0x0020, 0x0020, 0x0021, 0x0021,
  0x0020, 0x0021, 0x0021, 0x0021, 0x0020, 0x0020, 0x0021, 0x0021, 0x0020, 0x0020, 0x0020, 0x0021,
  0x0021, 0x0020, 0x0020, 0x0020, 0x0020, 0x0021, 0x0020, 0x0021, 0x0021, 0x0021, 0x0021, 0x0021,
  0x0021, 0x0021, 0x0020, 0x0021, 0x0021, 0x0020, 0x0020, 0x0021, 0x0000, 0x2967, 0x5375, 0x52EF,
  0x10E5, 0x2902, 0x20E2, 0x10C3, 0x2923, 0x72E7, 0x2104, 0x3165, 0x2945, 0x3164, 0x7B49, 0xCDD4,
  0xCDB3, 0xCDD3, 0xCDB3, 0xCDD4, 0xCDF4, 0xCDF4, 0xCDF4, 0xCDF4, 0xCDD4, 0xCDD4, 0xCDD4, 0xCDD3,
  0xCDD4, 0xCDF4, 0xCDD4, 0xCDD4, 0xCDD4, 0xCDB4, 0xCDD4, 0xD5F4, 0xDE35, 0xD5F4, 0xBD72, 0x942F,
  0x734B, 0x6B0A, 0x734B, 0x944E, 0x9C6E, 0x9C2E, 0x7B6B, 0x7B4B, 0x31EA, 0x21AC, 0x4A27, 0x940C,
  0x734B, 0x630C, 0x4A6C, 0x29AA, 0x31C9, 0x83CC, 0x320D, 0x320D, 0x1927, 0x62A8, 0x39C7, 0x1927,
  0x2147, 0x83CC, 0x940D, 0x83AC, 0xA48F, 0xCDD4, 0xCDD4, 0xCDD4, 0xCDB3, 0xC5B3, 0xCDF4, 0xB510,
  0x426D, 0x5354, 0x4AAD, 0x10A4, 0x10C3, 0x10C3, 0x10C3, 0x20E2, 0x1927, 0x5332, 0x4A6A, 0x194A,
  0x0883, 0x0000, 0x0021, 0x0020, 0x0021, 0x0021, 0x0020, 0x0021, 0x0021, 0x0021, 0x0021, 0x0021,
  0x0020, 0x0021, 0x0020, 0x0021, 0x0021, 0x0020, 0x0020, 0x0021, 0x0021, 0x0020, 0x0021, 0x0021,
  0x0021, 0x0021, 0x0020, 0x0021, 0x0021, 0x0021, 0x0021, 0x0020, 0x0020, 0x0020, 0x0021, 0x0021,
  0x0021, 0x0021, 0x0020, 0x0020, 0x0021, 0x0021, 0x0021, 0x0021, 0x0020, 0x0021, 0x0021, 0x0020,
  0x0020, 0x0020, 0x0021, 0x0021, 0x0020, 0x0020, 0x0020, 0x0021, 0x0021, 0x0020, 0x0020, 0x0020,
  0x0021, 0x0021, 0x0020, 0x0021, 0x0021, 0x0020, 0x0020, 0x0021, 0x0020, 0x0020, 0x0021, 0x0000,
  0x10A3, 0x5333, 0x5B51, 0x2987, 0x0882, 0x2922, 0x18E2, 0x10A3, 0x7307, 0x3165, 0x39A5, 0x7B07,
  0x2944, 0x6286, 0xC573, 0xCDD4, 0xCDB3, 0xCDD4, 0xCDD4, 0xCDD4, 0xCDF4, 0xCDD4, 0xCDF4, 0xCDF4,
  0xCDD4, 0xCDD4, 0xCDD4, 0xCDD4, 0xCDD4, 0xCDD3, 0xCDD4, 0xCDD4, 0xCDF4, 0xCDF4, 0xCDD4, 0xCDD4,
  0xCDD4, 0xCDF4, 0xD615, 0xD615, 0xD614, 0xD5F4, 0xC593, 0xA48F, 0x83AC, 0x83CD, 0x7B6B, 0x5268,
  0x29CC, 0x3A2D, 0x3A4C, 0x52CC, 0x6B0B, 0x7B6B, 0x838B, 0x7B6B, 0x7B6C, 0x8BCD, 0x320D, 0x320D,
  0x2126, 0x41C6, 0x2988, 0x1906, 0x732A, 0x940D, 0x8BED, 0xACF0, 0xCDD4, 0xCDD4, 0xCDB3, 0xCDB3,
  0xCDB3, 0xC5B3, 0xCDB3, 0x630E, 0x4B14, 0x5B0F, 0x1906, 0x10A2, 0x10C3, 0x10C3, 0x10C2, 0x10A3,
  0x52AD, 0x5ACC, 0x2169, 0x10E6, 0x0000, 0x0021, 0x0020, 0x0021, 0x0020, 0x0021, 0x0020, 0x0021,
  0x0021, 0x0021, 0x0021, 0x0021, 0x0020, 0x0021, 0x0020, 0x0021, 0x0021, 0x0021, 0x0021, 0x0021,
  0x0021, 0x0021, 0x0020, 0x0021, 0x0021, 0x0021, 0x0020, 0x0020, 0x0021, 0x0021, 0x0021, 0x0021,
  0x0020, 0x0020, 0x0021, 0x0021, 0x0020, 0x0021, 0x0021, 0x0020, 0x0020, 0x0020, 0x0021, 0x0020,
  0x0021, 0x0020, 0x0021, 0x0020, 0x0020, 0x0020, 0x0021, 0x0021, 0x0021, 0x0021, 0x0021, 0x0020,
  0x0021, 0x0021, 0x0021, 0x0021, 0x0020, 0x0020, 0x0020, 0x0021, 0x0021, 0x0020, 0x0020, 0x0020,
  0x0021, 0x0020, 0x0021, 0x0020, 0x428F, 0x5B94, 0x420A, 0x10A3, 0x18C3, 0x2103, 0x18C2, 0x5A46,
  0x5246, 0x1904, 0x2965, 0x2965, 0x4A05, 0xA4AF, 0xD5F4, 0xC5B3, 0xCDD4, 0xCDD4, 0xCDD4, 0xCDD4,
  0xCDF4, 0xCDD4, 0xCDF4, 0xCDF4, 0xCDF4, 0xCDF4, 0xCDF4, 0xCDF4, 0xCDD4, 0xCDD4, 0xCDD4, 0xCDD4,
  0xCDF4, 0xCDF4, 0xCDD4, 0xD5F4, 0xCDF4, 0xCDF4, 0xCDD4, 0xCDB3, 0xCDD4, 0xCDD4, 0xCDD4, 0xD5F4,
  0xD5F4, 0xC5B3, 0xACF0, 0x83AD, 0x3A0A, 0x216A, 0x196B, 0x21AC, 0x29ED, 0x3A4D, 0x4A8D, 0x630C,
  0x7B6C, 0x6B0A, 0x29EC, 0x320D, 0x18E6, 0x2967, 0x1927, 0x62C9, 0x8BEC, 0x940D, 0xBD52, 0xCDD4,
  0xCDD4, 0xCDD3, 0xCDB3, 0xCDD4, 0xCDD4, 0xD614, 0x736C, 0x4AAE, 0x6B92, 0x2988, 0x0882, 0x18C3,
  0x10A3, 0x18C3, 0x1082, 0x2A0D, 0x632F, 0x29A8, 0x1928, 0x0020, 0x0020, 0x0020, 0x0021, 0x0021,
  0x0021, 0x0021, 0x0021, 0x0021, 0x0021, 0x0021, 0x0021, 0x0021, 0x0020, 0x0020, 0x0021, 0x0021,
  0x0021, 0x0021, 0x0021, 0x0021, 0x0021, 0x0021, 0x0021, 0x0021, 0x0021, 0x0020, 0x0021, 0x0021,
  0x0021, 0x0021, 0x0021, 0x0021, 0x0021, 0x0021, 0x0020, 0x0020, 0x0021, 0x0020, 0x0020, 0x0020,
  0x0020, 0x0020, 0x0021, 0x0021, 0x0020, 0x0021, 0x0021, 0x0020, 0x0020, 0x0021, 0x0020, 0x0021,
  0x0021, 0x0021, 0x0020, 0x0020, 0x0021, 0x0021, 0x0020, 0x0021, 0x0020, 0x0020, 0x0021, 0x0021,
  0x0021, 0x0021, 0x0020, 0x0020, 0x0020, 0x0021, 0x0000, 0x31C9, 0x5B76, 0x52AD, 0x10C4, 0x10C3,
  0x18E3, 0x10A3, 0x41A4, 0x6AC7, 0x1904, 0x2965, 0x2945, 0x39A4, 0x8BCC, 0xCDF4, 0xCDD3, 0xCDD4,
  0xCDF4, 0xCDF4, 0xCDF4, 0xCDD4, 0xCDF4, 0xCDF4, 0xCDF4, 0xCDF4, 0xCDD4, 0xCDD4, 0xCDF4, 0xCDD4,
  0xCDF4, 0xCDD4, 0xCDF4, 0xCDF4, 0xCDF4, 0xCDF4, 0xCDD4, 0xCDF4, 0xCDF4, 0xCDD4, 0xCDD4, 0xCDD4,
  0xCDF4, 0xCDD4, 0xCDD4, 0xCDB3, 0xCDD3, 0xCDF4, 0xD615, 0xD615, 0xCDD3, 0xA4D0, 0x7BAD, 0x528B,
  0x31CA, 0x218B, 0x218C, 0x29CD, 0x320D, 0x3A0B, 0x320C, 0x31EB, 0x2988, 0x1948, 0x4A28, 0x93EC,
  0xA48F, 0xC5B3, 0xCDD4, 0xC5B3, 0xC5B3, 0xC5B3, 0xCDD4, 0xCDD4, 0xD5F4, 0xACD0, 0x426B, 0x62EC,
  0x422A, 0x10A4, 0x10C3, 0x10A3, 0x18C3, 0x1082, 0x1969, 0x5B33, 0x3A0A, 0x1949, 0x0862, 0x0000,
  0x0021, 0x0020, 0x0021, 0x0020, 0x0021, 0x0020, 0x0021, 0x0021, 0x0021, 0x0021, 0x0020, 0x0020,
  0x0020, 0x0020, 0x0021, 0x0020, 0x0021, 0x0020, 0x0020, 0x0021, 0x0020, 0x0020, 0x0020, 0x0021,
  0x0021, 0x0021, 0x0021, 0x0020, 0x0020, 0x0020, 0x0021, 0x0020, 0x0020, 0x0020, 0x0021, 0x0020,
  0x0021, 0x0020, 0x0020, 0x0021, 0x0020, 0x0021, 0x0021, 0x0021, 0x0020, 0x0020, 0x0021, 0x0021,
  0x0021, 0x0020, 0x0021, 0x0021, 0x0021, 0x0020, 0x0021, 0x0021, 0x0020, 0x0021, 0x0021, 0x0021,
  0x0020, 0x0021, 0x0021, 0x0021, 0x0020, 0x0020, 0x0020, 0x0020, 0x0021, 0x0000, 0x1905, 0x5355,
  0x5B30, 0x2106, 0x10A2, 0x18C3, 0x10C3, 0x18C3, 0x7B07, 0x2104, 0x2945, 0x2945, 0x3164, 0x7308,
  0xC5B3, 0xCDD3, 0xCDF4, 0xCDD4, 0xCDF4, 0xCDF4, 0xCDF4, 0xD5F4, 0xCDF4, 0xCDF4, 0xCDF4, 0xCDD4,
  0xCDD4, 0xCDF4, 0xCDD4, 0xD5F4, 0xCDF4, 0xCDF4, 0xCDF4, 0xCDF4, 0xCDD4, 0xCDD4, 0xCDD4, 0xCDB3,
  0xCDF4, 0xCDD4, 0xCDD4, 0xCDF4, 0xCDD4, 0xCDD4, 0xCDD4, 0xCDD4, 0xCDD4, 0xCDD3, 0xCDB3, 0xCDB3,
  0xCDF4, 0xD5F4, 0xDE35, 0xD5F4, 0xBD52, 0x942E, 0x62EC, 0x3A0B, 0x218A, 0x218B, 0x29ED, 0x3A2D,
  0x2168, 0x2966, 0x940D, 0xB511, 0xCDD4, 0xCDD4, 0xCDB3, 0xCDB3, 0xCDB3, 0xCDB3, 0xCDB3, 0xCDD4,
  0xC572, 0x52AC, 0x5333, 0x5ACC, 0x10A3, 0x18C3, 0x18C3, 0x10C3, 0x10A3, 0x18C3, 0x52F1, 0x52AD,
  0x2169, 0x10C5, 0x0000, 0x0021, 0x0020, 0x0020, 0x0021, 0x0021, 0x0020, 0x0020, 0x0021, 0x0021,
  0x0021, 0x0021, 0x0021, 0x0020, 0x0020, 0x0020, 0x0021, 0x0021, 0x0021, 0x0020, 0x0020, 0x0021,
  0x0021, 0x0020, 0x0021, 0x0021, 0x0020, 0x0021, 0x0020, 0x0020, 0x0020, 0x0020, 0x0021, 0x0020,
  0x0021, 0x0021, 0x0020, 0x0021, 0x0020, 0x0021, 0x0021, 0x0021, 0x0020, 0x0020, 0x0020, 0x0021,
  0x0020, 0x0021, 0x0021, 0x0021, 0x0021, 0x0021, 0x0021, 0x0021, 0x0020, 0x0021, 0x0021, 0x0021,
  0x0020, 0x0021, 0x0021, 0x0021, 0x0020, 0x0020, 0x0021, 0x0021, 0x0020, 0x0020, 0x0020, 0x0021,
  0x0000, 0x0041, 0x5AEF, 0x6392, 0x31C9, 0x0882, 0x18C3, 0x18C3, 0x0882, 0x6AA6, 0x39C5, 0x2125,
  0x2945, 0x2945, 0x5A46, 0xB531, 0xCDF4, 0xCDB3, 0xCDD4, 0xCDF4, 0xCDF4, 0xCDD4, 0xCDF4, 0xD5F4,
  0xCDF4, 0xCDD4, 0xCDD4, 0xCDF4, 0xCDF4, 0xCDD4, 0xCDD4, 0xCDD4, 0xCDD4, 0xCDF4, 0xCDD4, 0xCDD4,
  0xCDD4, 0xCDD4, 0xCDF4, 0xCDF4, 0xCDF4, 0xCDF4, 0xCDF4, 0xCDF4, 0xCDD4, 0xCDF4, 0xCDF4, 0xCDD4,
  0xCDF4, 0xCDD4, 0xCDD4, 0xCDD4, 0xCDB3, 0xCDB3, 0xCDB3, 0xCDB3, 0xCDF4, 0xD614, 0xD614, 0xCDB3,
  0xACD0, 0x7BCE, 0x528B, 0x29AA, 0x2946, 0x9C4E, 0xC593, 0xCDF4, 0xCDB3, 0xCDB3, 0xCDB3, 0xCDD4,
  0xCDD4, 0xCDD3, 0xC5B3, 0xCDF4, 0x7B8D, 0x42D2, 0x5B51, 0x2167, 0x18C2, 0x18C3, 0x10C3, 0x18C3,
  0x1083, 0x3A4E, 0x630C, 0x29AA, 0x1928, 0x0000, 0x0021, 0x0020, 0x0020, 0x0020, 0x0020, 0x0021,
  0x0021, 0x0021, 0x0021, 0x0021, 0x0021, 0x0021, 0x0021, 0x0021, 0x0020, 0x0020, 0x0021, 0x0021,
  0x0021, 0x0020, 0x0020, 0x0021, 0x0020, 0x0020, 0x0021, 0x0021, 0x0021, 0x0020, 0x0021, 0x0021,
  0x0021, 0x0020, 0x0020, 0x0020, 0x0021, 0x0021, 0x0020, 0x0020, 0x0020, 0x0021, 0x0020, 0x0020,
  0x0020, 0x0020, 0x0021, 0x0021, 0x0020, 0x0021, 0x0021, 0x0021, 0x0021, 0x0021, 0x0021, 0x0021,
  0x0021, 0x0020, 0x0020, 0x0020, 0x0021, 0x0021, 0x0021, 0x0020, 0x0020, 0x0020, 0x0020, 0x0020,
  0x0020, 0x0020, 0x0020, 0x0021, 0x0000, 0x4229, 0x630C, 0x422A, 0x10A4, 0x18C3, 0x18E3, 0x0882,
  0x5205, 0x5246, 0x10C4, 0x2965, 0x2965, 0x41A4, 0x9C6E, 0xD614, 0xC5B3, 0xCDD4, 0xCDF4, 0xCDF4,
  0xCDD4, 0xCDD4, 0xCDF4, 0xCDF4, 0xCDD4, 0xCDD4, 0xCDF4, 0xCDF4, 0xCDF4, 0xCDF4, 0xCDF4, 0xCDF4,
  0xCDD4, 0xCDF4, 0xCDF4, 0xCDD4, 0xCDD4, 0xCDD4, 0xCDD4, 0xCDF4, 0xCDF4, 0xCDF4, 0xCDF4, 0xCDD4,
  0xCDF4, 0xCDF4, 0xCDD4, 0xCDD4, 0xCDD4, 0xCDD4, 0xCDD4, 0xCDD4, 0xCDD4, 0xCDD4, 0xCDD4, 0xCDD4,
  0xCDD4, 0xCDD4, 0xCDD4, 0xCDD4, 0xD614, 0xD635, 0xD614, 0xB511, 0xB531, 0xD5F4, 0xCDD4, 0xC5B3,
  0xCDB3, 0xCDD3, 0xCDD4, 0xCDD4, 0xCDD4, 0xC5B3, 0xD614, 0x9C6F, 0x428F, 0x6394, 0x3A0A, 0x10A3,
  0x3142, 0x10A3, 0x18C3, 0x1082, 0x29CC, 0x5B52, 0x31E9, 0x1949, 0x0841, 0x0020, 0x0021, 0x0020,
  0x0020, 0x0020, 0x0021, 0x0021, 0x0021, 0x0021, 0x0020, 0x0021, 0x0021, 0x0020, 0x0020, 0x0020,
  0x0020, 0x0020, 0x0020, 0x0020, 0x0021, 0x0021, 0x0021, 0x0021, 0x0020, 0x0020, 0x0020, 0x0021,
  0x0020, 0x0021, 0x0021, 0x0021, 0x0020, 0x0020, 0x0021, 0x0020, 0x0020, 0x0020, 0x0020, 0x0020,
  0x0020, 0x0021, 0x0020, 0x0020, 0x0021, 0x0020, 0x0021, 0x0020, 0x0021, 0x0021, 0x0021, 0x0021,
  0x0021, 0x0020, 0x0021, 0x0021, 0x0021, 0x0021, 0x0021, 0x0021, 0x0021, 0x0021, 0x0020, 0x0021,
  0x0021, 0x0020, 0x0021, 0x0020, 0x0020, 0x0020, 0x0021, 0x0000, 0x2987, 0x63B4, 0x5B0D, 0x1083,
  0x10A3, 0x18E4, 0x10A3, 0x3143, 0x6AC7, 0x18E3, 0x39A5, 0x2945, 0x39A5, 0x836A, 0xC5B3, 0xC5B3,
  0xCDB3, 0xCDD3, 0xCDD4, 0xCDD4, 0xCDD3, 0xCDF4, 0xCDF4, 0xCDD4, 0xCDD4, 0xCDF4, 0xCDD4, 0xCDD4,
  0xD5F4, 0xD5F4, 0xCDF4, 0xD5F4, 0xD614, 0xCDF4, 0xCDD4, 0xCDF4, 0xCDF4, 0xCDF4, 0xCDD4, 0xCDD4,
  0xCDD4, 0xCDF4, 0xCDF4, 0xCDD4, 0xCDD4, 0xCDD4, 0xCDF4, 0xCDD4, 0xCDD4, 0xCDF4, 0xCDF4, 0xCDD4,
  0xCDF4, 0xCDD4, 0xCDD4, 0xCDF4, 0xCDF4, 0xCDD4, 0xCDD4, 0xCDD4, 0xCDD4, 0xCDD4, 0xCDD4, 0xCDF4,
  0xCDD4, 0xCDB3, 0xCDD4, 0xCDD4, 0xCDB3, 0xCDD4, 0xCDD4, 0xCDD3, 0xCDD4, 0xCDD4, 0xBD51, 0x4AAD,
  0x5335, 0x4A8D, 0x10C5, 0x3123, 0x2902, 0x10C3, 0x10A2, 0x1927, 0x5333, 0x4A6A, 0x196A, 0x08A4,
  0x0000, 0x0021, 0x0021, 0x0021, 0x0021, 0x0021, 0x0021, 0x0021, 0x0021, 0x0021, 0x0021, 0x0021,
  0x0021, 0x0021, 0x0020, 0x0020, 0x0020, 0x0020, 0x0020, 0x0021, 0x0021, 0x0021, 0x0020, 0x0020,
  0x0021, 0x0021, 0x0021, 0x0021, 0x0020, 0x0020, 0x0021, 0x0021, 0x0020, 0x0020, 0x0021, 0x0020,
  0x0021, 0x0021, 0x0021, 0x0021, 0x0020, 0x0020, 0x0020, 0x0020, 0x0020, 0x0020, 0x0020, 0x0020,
  0x0021, 0x0021, 0x0020, 0x0020, 0x0021, 0x0021, 0x0021, 0x0020, 0x0021, 0x0021, 0x0020, 0x0021,
  0x0020, 0x0021, 0x0020, 0x0020, 0x0021, 0x0020, 0x0021, 0x0021, 0x0020, 0x0021, 0x0000, 0x18C3,
  0x5353, 0x5B31, 0x2967, 0x18A2, 0x18E3, 0x18C3, 0x18C3, 0x72E7, 0x2124, 0x39A5, 0x72E7, 0x2944,
  0x62A7, 0xC593, 0xCDD4, 0xC5B3, 0xCDD3, 0xCDD3, 0xCDB3, 0xCDD4, 0xCDD4, 0xCDF4, 0xCDD4, 0xCDD3,
  0xCDF4, 0xCDD4, 0xCDD4, 0xCDF4, 0xCDF4, 0xCDD4, 0xCDD4, 0xCDD4, 0xCDF4, 0xCDF4, 0xD5F4, 0xD5F4,
  0xCDF4, 0xCDD4, 0xCDD4, 0xCDD4, 0xCDD4, 0xCDD3, 0xCDD4, 0xCDF4, 0xCDD4, 0xCDF4, 0xCDF4, 0xCDF4,
  0xCDF4, 0xCDD4, 0xCDD4, 0xCDF4, 0xCDD4, 0xCDD4, 0xCDD4, 0xCDD4, 0xCDD3, 0xCDD4, 0xCDF4, 0xCDF4,
  0xCDD4, 0xCDD4, 0xCDD4, 0xCDD4, 0xC5B3, 0xCDD4, 0xCDD3, 0xCDD4, 0xCDD4, 0xCDB3, 0xC5B3, 0xCDD3,
  0xCDD4, 0xCDF4, 0x630C, 0x42D3, 0x5B30, 0x1926, 0x10A3, 0x18E3, 0x2922, 0x18E3, 0x10A3, 0x42B1,
  0x5AEE, 0x2169, 0x10E6, 0x0000, 0x0021, 0x0021, 0x0021, 0x0020, 0x0020, 0x0021, 0x0021, 0x0021,
  0x0021, 0x0020, 0x0021, 0x0021, 0x0021, 0x0021, 0x0020, 0x0020, 0x0020, 0x0021, 0x0020, 0x0021,
  0x0021, 0x0021, 0x0021, 0x0020, 0x0021, 0x0020, 0x0021, 0x0021, 0x0021, 0x0021, 0x0021, 0x0020,
  0x0020, 0x0021, 0x0021, 0x0021, 0x0020, 0x0020, 0x0021, 0x0021, 0x0021, 0x0020, 0x0021, 0x0021,
  0x0020, 0x0020, 0x0020, 0x0021, 0x0020, 0x0021, 0x0021, 0x0021, 0x0021, 0x0021, 0x0021, 0x0021,
  0x0021, 0x0020, 0x0020, 0x0020, 0x0020, 0x0020, 0x0021, 0x0021, 0x0020, 0x0020, 0x0021, 0x0021,
  0x0021, 0x0021, 0x0820, 0x4AAF, 0x5B94, 0x3A2A, 0x10A3, 0x2923, 0x18E3, 0x0882, 0x6286, 0x41E5,
  0x2125, 0x2965, 0x2945, 0x5245, 0xB511, 0xCDF4, 0xCDB3, 0xCDD3, 0xCDD4, 0xCDD4, 0xCDF4, 0xCDF4,
  0xCDD4, 0xCDD4, 0xCDD4, 0xCDF4, 0xCDD4, 0xCDD3, 0xCDF4, 0xD5F4, 0xCDF4, 0xCDF4, 0xCDF4, 0xCDF4,
  0xCDF4, 0xD5F4, 0xD5F4, 0xCDF4, 0xCDD4, 0xCDD4, 0xCDF4, 0xCDF4, 0xCDF4, 0xCDD4, 0xCDF4, 0xCDF4,
  0xD5F4, 0xD5F4, 0xCDD4, 0xCDF4, 0xCDF4, 0xCDD4, 0xCDD4, 0xCDD4, 0xCDB3, 0xCDD4, 0xCDF4, 0xCDF4,
  0xCDD4, 0xCDD4, 0xCDD4, 0xCDD4, 0xCDD4, 0xCDB3, 0xCDB3, 0xCDD4, 0xCDD4, 0xCDF4, 0xCDD4, 0xCDD4,
  0xCDF4, 0xCDD4, 0xC5B3, 0xC5B3, 0xD5F4, 0x8C0D, 0x42B1, 0x5B73, 0x31A8, 0x0883, 0x18E3, 0x18C3,
  0x2923, 0x10A2, 0x320D, 0x5B51, 0x31A9, 0x1929, 0x0020, 0x0020, 0x0021, 0x0020, 0x0020, 0x0020,
  0x0021, 0x0021, 0x0021, 0x0021, 0x0021, 0x0021, 0x0021, 0x0021, 0x0020, 0x0021, 0x0020, 0x0021,
  0x0020, 0x0021, 0x0021, 0x0020, 0x0020, 0x0021, 0x0021, 0x0020, 0x0021, 0x0021, 0x0020, 0x0021,
  0x0021, 0x0021, 0x0020, 0x0020, 0x0021, 0x0021, 0x0020, 0x0020, 0x0021, 0x0021, 0x0020, 0x0021,
  0x0021, 0x0021, 0x0020, 0x0021, 0x0020, 0x0020, 0x0020, 0x0020, 0x0020, 0x0021, 0x0020, 0x0021,
  0x0021, 0x0021, 0x0020, 0x0021, 0x0021, 0x0020, 0x0021, 0x0020, 0x0021, 0x0020, 0x0020, 0x0020,
  0x0020, 0x0020, 0x0020, 0x0020, 0x0021, 0x0000, 0x3A0A, 0x5B95, 0x4A8C, 0x10C5, 0x3143, 0x20E2,
  0x0883, 0x49E5, 0x6287, 0x10E4, 0x3186, 0x2966, 0x39A4, 0x940D, 0xD5F4, 0xCDD4, 0xCDB3, 0xCDD4,
  0xCDF4, 0xCDD4, 0xCDF4, 0xD5F4, 0xCDF4, 0xCDD4, 0xCDD4, 0xD5F4, 0xCDF4, 0xCDF4, 0xCDF4, 0xCDD4,
  0xCDF4, 0xCDF4, 0xCDF4, 0xCDF4, 0xCDF4, 0xCDD4, 0xCDF4, 0xCDD4, 0xCDD4, 0xCDF4, 0xCDF4, 0xCDD4,
  0xCDF4, 0xD614, 0xD5F4, 0xCDF4, 0xCDF4, 0xCDF4, 0xD5F4, 0xCDD4, 0xCDF4, 0xCDF4, 0xCDD4, 0xCDD4,
  0xCDD4, 0xCDD4, 0xCDD4, 0xCDF4, 0xCDD4, 0xCDD4, 0xCDD4, 0xCDD4, 0xCDD4, 0xCDD4, 0xCDD4, 0xCDD4,
  0xCDF4, 0xCDD3, 0xCDD3, 0xCDB3, 0xCDB3, 0xCDB3, 0xC5B3, 0xCDF4, 0xACCF, 0x426D, 0x5375, 0x4A8C,
  0x10A4, 0x10C2, 0x10C3, 0x20E3, 0x28E1, 0x1948, 0x5B74, 0x422A, 0x194A, 0x0862, 0x0000, 0x0021,
  0x0020, 0x0020, 0x0021, 0x0021, 0x0021, 0x0021, 0x0021, 0x0021, 0x0021, 0x0021, 0x0021, 0x0021,
  0x0021, 0x0021, 0x0020, 0x0020, 0x0020, 0x0020, 0x0021, 0x0021, 0x0020, 0x0020, 0x0021, 0x0020,
  0x0020, 0x0021, 0x0021, 0x0021, 0x0020, 0x0020, 0x0020, 0x0021, 0x0020, 0x0020, 0x0020, 0x0021,
  0x0020, 0x0021, 0x0021, 0x0020, 0x0020, 0x0021, 0x0021, 0x0020, 0x0021, 0x0020, 0x0020, 0x0020,
  0x0020, 0x0020, 0x0020, 0x0021, 0x0021, 0x0020, 0x0021, 0x0021, 0x0021, 0x0021, 0x0021, 0x0021,
  0x0020, 0x0021, 0x0020, 0x0021, 0x0020, 0x0021, 0x0020, 0x0021, 0x0000, 0x2125, 0x5354, 0x5B10,
  0x1906, 0x10A3, 0x2103, 0x2903, 0x2923, 0x7307, 0x2104, 0x2965, 0x2965, 0x3985, 0x7309, 0xC5B3,
  0xCDB3, 0xCDD4, 0xCDF4, 0xCDF4, 0xCDD4, 0xCDD4, 0xCDD4, 0xCDF4, 0xCDF4, 0xD5F4, 0xCDF4, 0xCDD4,
  0xCDD4, 0xCDF4, 0xD5F4, 0xCDF4, 0xCDF4, 0xCDD4, 0xCDF4, 0xCDF4, 0xCDF4, 0xCDF4, 0xCDD4, 0xCDD4,
  0xCDD4, 0xCDF4, 0xCDF4, 0xCDF4, 0xCDF4, 0xD614, 0xD5F4, 0xCDF4, 0xCDF4, 0xCDD4, 0xCDF4, 0xCDF4,
  0xCDF4, 0xCDD4, 0xCDD3, 0xCDF4, 0xCDF4, 0xCDD4, 0xCDD4, 0xCDD4, 0xCDF4, 0xCDF4, 0xCDD4, 0xCDD4,
  0xCDD4, 0xCDF4, 0xCDF4, 0xCDD4, 0xCDD4, 0xCDD4, 0xCDD4, 0xCDD4, 0xCDD4, 0xCDD4, 0xCDD4, 0xCDD3,
  0x5ACC, 0x4B14, 0x5B0F, 0x1905, 0x10A3, 0x18C3, 0x10C3, 0x18C2, 0x2105, 0x42F3, 0x52CC, 0x216A,
  0x10C5, 0x0000, 0x0021, 0x0020, 0x0021, 0x0020, 0x0021, 0x0021, 0x0021, 0x0021, 0x0021, 0x0021,
  0x0021, 0x0021, 0x0021, 0x0021, 0x0021, 0x0021, 0x0020, 0x0021, 0x0020, 0x0020, 0x0021, 0x0021,
  0x0021, 0x0021, 0x0021, 0x0021, 0x0021, 0x0021, 0x0021, 0x0021, 0x0021, 0x0020, 0x0021, 0x0021,
  0x0021, 0x0020, 0x0020, 0x0021, 0x0021, 0x0021, 0x0021, 0x0020, 0x0021, 0x0021, 0x0020, 0x0021,
  0x0021, 0x0020, 0x0020, 0x0021, 0x0021, 0x0021, 0x0021, 0x0020, 0x0021, 0x0021, 0x0021, 0x0020,
  0x0021, 0x0021, 0x0021, 0x0020, 0x0021, 0x0021, 0x0020, 0x0020, 0x0020, 0x0020, 0x0021, 0x0000,
  0x1081, 0x5312, 0x5B52, 0x2988, 0x10A3, 0x18E3, 0x18E3, 0x18C2, 0x7307, 0x3185, 0x2145, 0x2965,
  0x2965, 0x6266, 0xBD52, 0xCDD3, 0xCDB3, 0xCDD4, 0xCDD4, 0xCDF4, 0xCDD4, 0xCDD4, 0xCDD4, 0xCDF4,
  0xCDF4, 0xCDD4, 0xCDF4, 0xCDD4, 0xCDD4, 0xCDF4, 0xD5F4, 0xCDF4, 0xCDF4, 0xCDD4, 0xCDF4, 0xD5F4,
  0xD614, 0xCDF4, 0xCDD4, 0xCDD4, 0xCDF4, 0xCDF4, 0xCDD4, 0xCDD4, 0xCDF4, 0xCDD4, 0xCDF4, 0xCDD4,
  0xCDD4, 0xCDD4, 0xCDD4, 0xCDF4, 0xCDD4, 0xCDD4, 0xCDF4, 0xCDF4, 0xCDF4, 0xCDF4, 0xCDF4, 0xCDF4,
  0xCDD4, 0xCDD4, 0xCDD4, 0xCDF4, 0xCDF4, 0xCDF4, 0xCDF4, 0xCDD4, 0xCDD4, 0xCDF4, 0xCDD4, 0xCDF4,
  0xCDD4, 0xC5B3, 0xD5F4, 0x7B8D, 0x4ACF, 0x6392, 0x2988, 0x0883, 0x18C3, 0x18C3, 0x18E3, 0x1082,
  0x3A2C, 0x6350, 0x29AA, 0x1928, 0x0020, 0x0021, 0x0020, 0x0020, 0x0021, 0x0021, 0x0021, 0x0021,
  0x0021, 0x0021, 0x0021, 0x0021, 0x0020, 0x0021, 0x0020, 0x0020, 0x0020, 0x0021, 0x0020, 0x0021,
  0x0020, 0x0020, 0x0021, 0x0021, 0x0021, 0x0021, 0x0021, 0x0020, 0x0021, 0x0021, 0x0020, 0x0020,
  0x0021, 0x0021, 0x0021, 0x0021, 0x0020, 0x0021, 0x0021, 0x0020, 0x0020, 0x0021, 0x0020, 0x0021,
  0x0021, 0x0021, 0x0020, 0x0020, 0x0021, 0x0020, 0x0021, 0x0021, 0x0021, 0x0021, 0x0021, 0x0021,
  0x0021, 0x0020, 0x0020, 0x0020, 0x0021, 0x0020, 0x0020, 0x0020, 0x0021, 0x0021, 0x0020, 0x0020,
  0x0020, 0x0020, 0x0021, 0x0000, 0x424D, 0x5B95, 0x4A6B, 0x0883, 0x18C3, 0x18E3, 0x0882, 0x5225,
  0x5226, 0x10E4, 0x2965, 0x2965, 0x49C4, 0xA4AF, 0xCDF4, 0xCDB3, 0xCDD3, 0xCDD4, 0xCDD4, 0xCDF4,
  0xCDF4, 0xCDF4, 0xCDF4, 0xCDF4, 0xCDF4, 0xCDD4, 0xCDD4, 0xCDF4, 0xCDF4, 0xCDF4, 0xCDF4, 0xD5F4,
  0xD5F4, 0xCDF4, 0xCDF4, 0xCDF4, 0xCDF4, 0xCDD4, 0xCDF4, 0xCDF4, 0xD615, 0xCDF4, 0xCDF4, 0xCDF4,
  0xCDF4, 0xCDF4, 0xCDD4, 0xCDD4, 0xCDF4, 0xCDF4, 0xCDF4, 0xD5F4, 0xCDD4, 0xCDD4, 0xCDF4, 0xCDF4,
  0xD5F4, 0xCDF4, 0xCDD4, 0xCDF4, 0xCDF4, 0xCDF4, 0xCDD4, 0xCDD4, 0xCDF4, 0xCDD4, 0xCDD4, 0xCDF4,
  0xCDF4, 0xCDF4, 0xCDF4, 0xCDD3, 0xC5B3, 0xCDF4, 0xA4B0, 0x424A, 0x630D, 0x422A, 0x10A4, 0x18C3,
  0x10C3, 0x18E3, 0x10A2, 0x29AB, 0x632E, 0x420A, 0x196A, 0x0841, 0x0000, 0x0021, 0x0020, 0x0020,
  0x0020, 0x0020, 0x0021, 0x0021, 0x0021, 0x0021, 0x0021, 0x0021, 0x0021, 0x0021, 0x0021, 0x0021,
  0x0020, 0x0021, 0x0020, 0x0020, 0x0020, 0x0021, 0x0021, 0x0021, 0x0021, 0x0021, 0x0021, 0x0020,
  0x0021, 0x0020, 0x0021, 0x0020, 0x0021, 0x0021, 0x0021, 0x0021, 0x0020, 0x0021, 0x0021, 0x0020,
  0x0021, 0x0021, 0x0020, 0x0021, 0x0021, 0x0020, 0x0021, 0x0021, 0x0021, 0x0020, 0x0021, 0x0021,
  0x0021, 0x0021, 0x0021, 0x0021, 0x0021, 0x0021, 0x0021, 0x0021, 0x0021, 0x0020, 0x0021, 0x0021,
  0x0020, 0x0021, 0x0020, 0x0020, 0x0020, 0x0021, 0x0000, 0x2987, 0x5B75, 0x52CE, 0x10C5, 0x10C3,
  0x18E3, 0x10A3, 0x3984, 0x6AC7, 0x18E3, 0x5A67, 0x2966, 0x41C5, 0x8BEC, 0xD614, 0xC5B3, 0xCDD3,
  0xCDD3, 0xCDD3, 0xCDF4, 0xCDF4, 0xCDF4, 0xCDF4, 0xCDF4, 0xCDF4, 0xCDD4, 0xCDD4, 0xCDF4, 0xCDF4,
  0xCDF4, 0xCDF4, 0xCDF4, 0xCDF4, 0xCDF4, 0xCDD4, 0xCDD4, 0xCDD4, 0xCDD4, 0xCDF4, 0xCDF4, 0xCDF4,
  0xD5F4, 0xCDF4, 0xCDF4, 0xCDF4, 0xCDF4, 0xCDF4, 0xCDD4, 0xCDF4, 0xD5F4, 0xD5F4, 0xCDF4, 0xCDF4,
  0xCDF4, 0xCDF4, 0xCDF4, 0xCDD4, 0xCDF4, 0xCDF4, 0xCDD4, 0xCDD4, 0xCDD4, 0xCDF4, 0xCDF4, 0xD5F4,
  0xCDF4, 0xCDF4, 0xCDD4, 0xCDF4, 0xCDF4, 0xCDD4, 0xCDD3, 0xCDD4, 0xCDF4, 0xC572, 0x4AAD, 0x5B32,
  0x5ACC, 0x10A4, 0x10C3, 0x18C3, 0x18E3, 0x10C2, 0x1906, 0x5333, 0x4A6C, 0x216A, 0x10A4, 0x0000,
  0x0021, 0x0020, 0x0020, 0x0021, 0x0020, 0x0021, 0x0021, 0x0021, 0x0021, 0x0020, 0x0021, 0x0021,
  0x0021, 0x0021, 0x0021, 0x0021, 0x0021, 0x0021, 0x0020, 0x0020, 0x0020, 0x0021, 0x0021, 0x0021,
  0x0020, 0x0021, 0x0021, 0x0021, 0x0021, 0x0020, 0x0020, 0x0021, 0x0020, 0x0020, 0x0021, 0x0020,
  0x0020, 0x0020, 0x0020, 0x0021, 0x0021, 0x0020, 0x0020, 0x0020, 0x0021, 0x0021, 0x0020, 0x0021,
  0x0021, 0x0021, 0x0021, 0x0021, 0x0021, 0x0021, 0x0021, 0x0021, 0x0021, 0x0021, 0x0021, 0x0021,
  0x0021, 0x0020, 0x0021, 0x0021, 0x0020, 0x0020, 0x0020, 0x0020, 0x0021, 0x0000, 0x1082, 0x630E,
  0x6350, 0x2147, 0x0882, 0x18E3, 0x10C3, 0x18E3, 0x7307, 0x2124, 0x2945, 0x5A65, 0x3164, 0x6AE8,
  0xC5B3, 0xCDD3, 0xCDD3, 0xCDD4, 0xCDD4, 0xCDF4, 0xCDF4, 0xCDF4, 0xD5F4, 0xCDF4, 0xCDF4, 0xCDF4,
  0xCDF4, 0xCDF4, 0xCDF4, 0xCDF4, 0xCDF4, 0xCDF4, 0xCDF4, 0xCDF4, 0xCDF4, 0xCDD4, 0xCDD4, 0xCDD4,
  0xCDD4, 0xCDD4, 0xCDF4, 0xD5F4, 0xCDF4, 0xCDD4, 0xCDF4, 0xCDD4, 0xCDF4, 0xD5F4, 0xCDF4, 0xCDF4,
  0xCDD4, 0xCDF4, 0xCDF4, 0xCDF4, 0xCDF4, 0xCDF4, 0xCDF4, 0xCDD4, 0xCDD4, 0xCDD4, 0xCDD4, 0xCDD4,
  0xCDD4, 0xCDF4, 0xCDF4, 0xCDF4, 0xCDD4, 0xCDF4, 0xCDD4, 0xCDD4, 0xCDD4, 0xCDD3, 0xCDD4, 0xC5B3,
  0xCDF4, 0x736D, 0x42F2, 0x5B31, 0x2967, 0x18C2, 0x18E3, 0x18C3, 0x18C3, 0x10A3, 0x42B2, 0x5B0E,
  0x2189, 0x10E6, 0x0000, 0x0021, 0x0020, 0x0021, 0x0021, 0x0021, 0x0021, 0x0021, 0x0021, 0x0021,
  0x0021, 0x0021, 0x0021, 0x0020, 0x0021, 0x0021, 0x0020, 0x0020, 0x0021, 0x0021, 0x0020, 0x0021,
  0x0020, 0x0020, 0x0021, 0x0021, 0x0020, 0x0020, 0x0021, 0x0021, 0x0020, 0x0021, 0x0020, 0x0021,
  0x0020, 0x0021, 0x0021, 0x0021, 0x0021, 0x0020, 0x0020, 0x0020, 0x0021, 0x0020, 0x0021, 0x0021,
  0x0020, 0x0021, 0x0021, 0x0021, 0x0020, 0x0020, 0x0021, 0x0021, 0x0020, 0x0021, 0x0021, 0x0021,
  0x0021, 0x0021, 0x0020, 0x0021, 0x0021, 0x0021, 0x0020, 0x0020, 0x0020, 0x0020, 0x0021, 0x0021,
  0x0020, 0x0041, 0x4A8B, 0x630D, 0x31A7, 0x0883, 0x18C3, 0x18E3, 0x0882, 0x6AA6, 0x41C5, 0x2125,
  0x2965, 0x2125, 0x5225, 0xB511, 0xCDD4, 0xCDB3, 0xCDB3, 0xCDD3, 0xCDF4, 0xCDF4, 0xD5F4, 0xCDF4,
  0xCDD4, 0xD5F4, 0xD5F4, 0xD5F4, 0xCDF4, 0xCDF4, 0xCDF4, 0xCDF4, 0xCDF4, 0xCDF4, 0xCDF4, 0xCDF4,
  0xCDF4, 0xCDF4, 0xCDF4, 0xCDF4, 0xCDD4, 0xCDD4, 0xCDF4, 0xCDF4, 0xCDF4, 0xCDF4, 0xCDF4, 0xCDF4,
  0xD5F4, 0xD615, 0xCDF4, 0xCDF4, 0xD5F4, 0xCDF4, 0xCDD4, 0xCDF4, 0xCDF4, 0xCDD4, 0xCDD4, 0xCDD3,
  0xCDD4, 0xCDD4, 0xCDD4, 0xCDD4, 0xCDD3, 0xCDD4, 0xCDF4, 0xCDD4, 0xCDD4, 0xCDD4, 0xCDD4, 0xCDD4,
  0xCDD4, 0xCDB3, 0xC593, 0xCDF4, 0x942E, 0x42B0, 0x5B73, 0x31C9, 0x10A3, 0x2903, 0x10C3, 0x18E4,
  0x1082, 0x29ED, 0x6352, 0x31C9, 0x1929, 0x0021, 0x0020, 0x0020, 0x0020, 0x0021, 0x0020, 0x0020,
  0x0021, 0x0020, 0x0021, 0x0020, 0x0021, 0x0021, 0x0021, 0x0021, 0x0020, 0x0020, 0x0021, 0x0021,
  0x0020, 0x0021, 0x0021, 0x0021, 0x0021, 0x0021, 0x0021, 0x0020, 0x0021, 0x0021, 0x0020, 0x0021,
  0x0020, 0x0021, 0x0020, 0x0021, 0x0021, 0x0021, 0x0021, 0x0021, 0x0020, 0x0021, 0x0020, 0x0021,
  0x0021, 0x0021, 0x0021, 0x0021, 0x0021, 0x0021, 0x0020, 0x0021, 0x0021, 0x0020, 0x0021, 0x0021,
  0x0021, 0x0021, 0x0021, 0x0021, 0x0021, 0x0021, 0x0021, 0x0021, 0x0021, 0x0021, 0x0021, 0x0020,
  0x0020, 0x0021, 0x0020, 0x0021, 0x0000, 0x3A0A, 0x5B74, 0x52AC, 0x10A3, 0x18C3, 0x18E3, 0x0882,
  0x4A05, 0x5A66, 0x18E4, 0x2965, 0x2945, 0x41C4, 0x9C2D, 0xCDD4, 0xC5B3, 0xCDB3, 0xCDD4, 0xCDD4,
  0xCDF4, 0xCDF4, 0xCDF4, 0xD5F4, 0xCDF4, 0xCDF4, 0xCDF4, 0xCDF4, 0xD5F4, 0xD5F4, 0xCDF4, 0xCDD4,
  0xCDF4, 0xD5F4, 0xCDF4, 0xCDF4, 0xCDD4, 0xCDD4, 0xCDD4, 0xCDF4, 0xCDF4, 0xCDF4, 0xCDF4, 0xCDF4,
  0xCDD4, 0xCDF4, 0xD5F4, 0xCDF4, 0xCDF4, 0xCDF4, 0xCDD4, 0xCDF4, 0xCDF4, 0xCDD4, 0xCDD4, 0xCDD4,
  0xCDD4, 0xCDF4, 0xCDF4, 0xCDD4, 0xCDD4, 0xCDD4, 0xCDD4, 0xCDD4, 0xCDD3, 0xCDD4, 0xCDD4, 0xCDD4,
  0xCDD4, 0xCDF4, 0xCDD4, 0xCDD4, 0xCDD4, 0xCDB3, 0xCDD4, 0xB510, 0x4AAD, 0x5355, 0x4A8D, 0x10C5,
  0x3963, 0x2903, 0x18E4, 0x10A2, 0x1948, 0x5B53, 0x424A, 0x194A, 0x0883, 0x0000, 0x0021, 0x0020,
  0x0021, 0x0020, 0x0021, 0x0021, 0x0021, 0x0021, 0x0021, 0x0021, 0x0021, 0x0021, 0x0021, 0x0021,
  0x0021, 0x0021, 0x0021, 0x0021, 0x0021, 0x0021, 0x0021, 0x0020, 0x0020, 0x0020, 0x0021, 0x0021,
  0x0020, 0x0020, 0x0020, 0x0020, 0x0021, 0x0021, 0x0021, 0x0021, 0x0021, 0x0021, 0x0021, 0x0021,
  0x0021, 0x0021, 0x0021, 0x0020, 0x0021, 0x0020, 0x0021, 0x0020, 0x0020, 0x0020, 0x0020, 0x0021,
  0x0021, 0x0021, 0x0021, 0x0020, 0x0021, 0x0021, 0x0021, 0x0021, 0x0021, 0x0021, 0x0021, 0x0021,
  0x0021, 0x0021, 0x0020, 0x0020, 0x0020, 0x0020, 0x0021, 0x0000, 0x2925, 0x5354, 0x52EF, 0x1905,
  0x18C2, 0x18E3, 0x10A3, 0x2923, 0x6AE7, 0x1904, 0x2965, 0x2945, 0x3984, 0x7B4A, 0xCDD4, 0xC593,
  0xCDB3, 0xCDB3, 0xCDD4, 0xCDF4, 0xCDF4, 0xCDF4, 0xCDF4, 0xD5F4, 0xCDF4, 0xCDF4, 0xCDF4, 0xCDF4,
  0xCDF4, 0xCDD4, 0xCDD4, 0xCDF4, 0xCDF4, 0xCDF4, 0xCDD4, 0xCDF4, 0xCDF4, 0xCDF4, 0xCDF4, 0xCDF4,
  0xCDF4, 0xCDD4, 0xCDF4, 0xCDF4, 0xCDF4, 0xCDF4, 0xCDF4, 0xCDD4, 0xCDF4, 0xCDF4, 0xCDF4, 0xCDD4,
  0xCDF4, 0xCDD4, 0xCDD4, 0xCDD4, 0xCDF4, 0xCDD4, 0xCDD4, 0xCDD4, 0xCDD4, 0xCDF4, 0xCDF4, 0xCDF4,
  0xCDF4, 0xCDF4, 0xCDF4, 0xCDF4, 0xCDD4, 0xCDD4, 0xCDD4, 0xCDD3, 0xCDD4, 0xCDD4, 0xCDD3, 0x630C,
  0x4B14, 0x5B30, 0x1926, 0x10C3, 0x2903, 0x20E2, 0x10A3, 0x18C4, 0x5AED, 0x52AC, 0x216A, 0x10C5,
  0x0000, 0x0021, 0x0020, 0x0020, 0x0021, 0x0021, 0x0021, 0x0021, 0x0021, 0x0021, 0x0021, 0x0021,
  0x0021, 0x0021, 0x0021, 0x0021, 0x0021, 0x0021, 0x0021, 0x0021, 0x0021, 0x0020, 0x0020, 0x0021,
  0x0020, 0x0020, 0x0021, 0x0021, 0x0020, 0x0021, 0x0021, 0x0021, 0x0020, 0x0020, 0x0020, 0x0021,
  0x0021, 0x0021, 0x0021, 0x0020, 0x0021, 0x0020, 0x0020, 0x0021, 0x0020, 0x0021, 0x0021, 0x0020,
  0x0021, 0x0020, 0x0021, 0x0021, 0x0021, 0x0021, 0x0020, 0x0021, 0x0020, 0x0021, 0x0021, 0x0021,
  0x0021, 0x0021, 0x0021, 0x0021, 0x0021, 0x0020, 0x0020, 0x0021, 0x0020, 0x0021, 0x0000, 0x1081,
  0x5311, 0x5B72, 0x2988, 0x20E3, 0x2923, 0x18E4, 0x10C2, 0x7B07, 0x3165, 0x2945, 0x2965, 0x3165,
  0x6287, 0xBD72, 0xCDB3, 0xCDB3, 0xCDD3, 0xCDD4, 0xCDF4, 0xCDF4, 0xCDF4, 0xCDF4, 0xCDD4, 0xCDD4,
  0xCDD4, 0xCDF4, 0xCDF4, 0xCDF4, 0xCDF4, 0xCDD4, 0xCDD4, 0xCDD4, 0xCDD4, 0xCDD4, 0xCDD4, 0xCDD4,
  0xCDF4, 0xCDF4, 0xD5F4, 0xD5F4, 0xCDD4, 0xCDD4, 0xCDD4, 0xCDF4, 0xCDF4, 0xCDF4, 0xCDF4, 0xCDF4,
  0xCDF4, 0xCDF4, 0xCDF4, 0xCDF4, 0xCDF4, 0xCDF4, 0xCDF4, 0xCDF4, 0xCDF4, 0xCDD4, 0xCDF4, 0xCDF4,
  0xCDD4, 0xCDD4, 0xCDD4, 0xCDF4, 0xCDF4, 0xCDF4, 0xCDD4, 0xCDF4, 0xCDF4, 0xCDF4, 0xCDD4, 0xCDD3,
  0xC5B3, 0xD635, 0x83CD, 0x42B1, 0x5B72, 0x2988, 0x10A3, 0x18C3, 0x2103, 0x2923, 0x10A3, 0x324F,
  0x5B2F, 0x29A9, 0x1928, 0x0020, 0x0021, 0x0020, 0x0020, 0x0020, 0x0021, 0x0021, 0x0020, 0x0021,
  0x0021, 0x0021, 0x0021, 0x0021, 0x0021, 0x0021, 0x0021, 0x0021, 0x0021, 0x0021, 0x0021, 0x0021,
  0x0021, 0x0021, 0x0021, 0x0021, 0x0020, 0x0020, 0x0020, 0x0020, 0x0021, 0x0021, 0x0021, 0x0021,
  0x0021, 0x0021, 0x0021, 0x0021, 0x0021, 0x0020, 0x0021, 0x0020, 0x0021, 0x0020, 0x0020, 0x0021,
  0x0020, 0x0021, 0x0021, 0x0021, 0x0021, 0x0020, 0x0020, 0x0021, 0x0021, 0x0020, 0x0020, 0x0021,
  0x0021, 0x0021, 0x0020, 0x0021, 0x0021, 0x0020, 0x0021, 0x0021, 0x0021, 0x0020, 0x0020, 0x0020,
  0x0021, 0x0021, 0x0000, 0x4A6D, 0x5B95, 0x4A6C, 0x0884, 0x2923, 0x2903, 0x0883, 0x5A65, 0x4A06,
  0x10C4, 0x2965, 0x2965, 0x49E5, 0xA4AF, 0xCDD4, 0xC593, 0xCDB3, 0xCDB3, 0xCDD3, 0xCDD4, 0xCDF4,
  0xCDF4, 0xCDF4, 0xCDF4, 0xCDD4, 0xCDD4, 0xCDD4, 0xCDD4, 0xCDF4, 0xD5F4, 0xCDF4, 0xCDF4, 0xD5F4,
  0xCDF4, 0xCDF4, 0xCDF4, 0xCDF4, 0xCDF4, 0xCDF4, 0xCDF4, 0xCDD4, 0xCDD4, 0xCDD4, 0xCDF4, 0xCDD4,
  0xCDF4, 0xCDD4, 0xCDF4, 0xCDF4, 0xCDF4, 0xCDF4, 0xCDF4, 0xCDF4, 0xCDF4, 0xCDD4, 0xCDD4, 0xCDF4,
  0xCDD4, 0xCDF4, 0xCDF4, 0xCDF4, 0xCDF4, 0xCDF4, 0xCDD4, 0xCDD4, 0xCDD4, 0xCDD4, 0xCDF4, 0xCDD4,
  0xCDD4, 0xCDD4, 0xCDD4, 0xCDB3, 0xD5F4, 0xACD0, 0x4A8F, 0x5B74, 0x424B, 0x08A4, 0x18C3, 0x10C3,
  0x2903, 0x28E1, 0x218A, 0x5B52, 0x3A0A, 0x1949, 0x0862, 0x0000, 0x0021, 0x0020, 0x0021, 0x0020,
  0x0020, 0x0021, 0x0021, 0x0020, 0x0021, 0x0021, 0x0020, 0x0021, 0x0021, 0x0021, 0x0021, 0x0021,
  0x0021, 0x0021, 0x0020, 0x0021, 0x0021, 0x0021, 0x0021, 0x0021, 0x0020, 0x0020, 0x0020, 0x0021,
  0x0021, 0x0020, 0x0021, 0x0021, 0x0021, 0x0021, 0x0020, 0x0020, 0x0021, 0x0020, 0x0021, 0x0021,
  0x0021, 0x0021, 0x0021, 0x0020, 0x0020, 0x0021, 0x0021, 0x0020, 0x0021, 0x0021, 0x0021, 0x0021,
  0x0020, 0x0021, 0x0021, 0x0021, 0x0020, 0x0020, 0x0021, 0x0021, 0x0021, 0x0020, 0x0021, 0x0020,
  0x0021, 0x0020, 0x0020, 0x0020, 0x0021, 0x0000, 0x31A8, 0x5B95, 0x52CE, 0x10C5, 0x10A2, 0x18E3,
  0x18C2, 0x41C4, 0x6286, 0x18E4, 0x7307, 0x3185, 0x41E5, 0x8BCC, 0xCDD4, 0xC5B3, 0xC5B3, 0xC5B3,
  0xCDB3, 0xCDD3, 0xCDD4, 0xCDD3, 0xCDD4, 0xCDD4, 0xCDF4, 0xCDF4, 0xCDF4, 0xCDF4, 0xCDD4, 0xCDF4,
  0xD614, 0xD5F4, 0xCDF4, 0xCDF4, 0xCDF4, 0xCDF4, 0xD614, 0xD5F4, 0xCDF4, 0xCDD4, 0xCDD4, 0xCDF4,
  0xCDD4, 0xCDF4, 0xD5F4, 0xCDF4, 0xCDF4, 0xCDD3, 0xCDD4, 0xCDD4, 0xCDD4, 0xCDF4, 0xCDF4, 0xCDF4,
  0xCDD4, 0xCDD4, 0xCDD4, 0xCDF4, 0xCDD4, 0xCDD4, 0xCDD4, 0xCDF4, 0xD5F4, 0xCDF4, 0xCDD4, 0xCDD4,
  0xCDD4, 0xCDD4, 0xCDD4, 0xCDD3, 0xCDD4, 0xCDD4, 0xCDD4, 0xCDF4, 0xC592, 0x52AC, 0x4B35, 0x52EE,
  0x10C5, 0x10A2, 0x18C3, 0x10C3, 0x18C2, 0x2126, 0x4B13, 0x528C, 0x216A, 0x10A4, 0x0000, 0x0021,
  0x0020, 0x0020, 0x0021, 0x0021, 0x0020, 0x0021, 0x0021, 0x0021, 0x0021, 0x0021, 0x0021, 0x0021,
  0x0021, 0x0021, 0x0020, 0x0021, 0x0021, 0x0021, 0x0020, 0x0021, 0x0021, 0x0021, 0x0020, 0x0020,
  0x0020, 0x0020, 0x0020, 0x0021, 0x0020, 0x0020, 0x0021, 0x0020, 0x0021, 0x0020, 0x0020, 0x0021,
  0x0021, 0x0020, 0x0021, 0x0021, 0x0021, 0x0021, 0x0020, 0x0021, 0x0021, 0x0021, 0x0020, 0x0020,
  0x0021, 0x0021, 0x0021, 0x0021, 0x0021, 0x0020, 0x0020, 0x0021, 0x0021, 0x0021, 0x0021, 0x0021,
  0x0021, 0x0021, 0x0021, 0x0020, 0x0020, 0x0020, 0x0020, 0x0021, 0x0000, 0x18E3, 0x5353, 0x5B31,
  0x2147, 0x1082, 0x18E3, 0x18C3, 0x20E3, 0x72E7, 0x2124, 0x2945, 0x4A06, 0x3984, 0x6AC7, 0xC593,
  0xC5B3, 0xCDB3, 0xCDB3, 0xCDB3, 0xCDD4, 0xCDD4, 0xCDD4, 0xCDD3, 0xCDD4, 0xCDD4, 0xCDF4, 0xCDF4,
  0xCDF4, 0xCDD4, 0xCDF4, 0xCDF4, 0xD5F4, 0xCDF4, 0xCDF4, 0xCDF4, 0xCDF4, 0xD615, 0xCDF4, 0xCDF4,
  0xCDF4, 0xCDF4, 0xCDD4, 0xCDD4, 0xCDF4, 0xD614, 0xD5F4, 0xCDD4, 0xCDD4, 0xCDD4, 0xCDD4, 0xCDD4,
  0xCDD4, 0xCDD4, 0xCDF4, 0xCDF4, 0xCDF4, 0xCDF4, 0xCDF4, 0xCDD4, 0xCDF4, 0xCDF4, 0xCDD3, 0xCDD3,
  0xCDD4, 0xCDF4, 0xCDD4, 0xCDD4, 0xCDD3, 0xCDD4, 0xCDD4, 0xCDB3, 0xCDD3, 0xCDB3, 0xCDD4, 0xD614,
  0x736D, 0x42D2, 0x5B51, 0x2147, 0x1082, 0x18C3, 0x10C3, 0x18C3, 0x0882, 0x3A90, 0x5B2F, 0x2989,
  0x1907, 0x0000, 0x0021, 0x0021, 0x0021, 0x0021, 0x0020, 0x0021, 0x0020, 0x0020, 0x0021, 0x0021,
  0x0021, 0x0021, 0x0021, 0x0021, 0x0021, 0x0021, 0x0021, 0x0020, 0x0021, 0x0021, 0x0021, 0x0021,
  0x0021, 0x0021, 0x0020, 0x0020, 0x0020, 0x0021, 0x0020, 0x0021, 0x0021, 0x0020, 0x0020, 0x0020,
  0x0021, 0x0021, 0x0020, 0x0020, 0x0021, 0x0021, 0x0020, 0x0021, 0x0021, 0x0021, 0x0021, 0x0021,
  0x0021, 0x0021, 0x0021, 0x0021, 0x0020, 0x0021, 0x0020, 0x0020, 0x0020, 0x0020, 0x0021, 0x0021,
  0x0020, 0x0021, 0x0020, 0x0021, 0x0021, 0x0020, 0x0021, 0x0020, 0x0020, 0x0020, 0x0021, 0x0000,
  0x0840, 0x4AD0, 0x5B94, 0x39E9, 0x0883, 0x18C3, 0x18C3, 0x1082, 0x6AA6, 0x3184, 0x2145, 0x2965,
  0x2125, 0x5A66, 0xACD0, 0xC5B3, 0xC5B3, 0xCDB3, 0xCDD3, 0xCDD3, 0xCDD4, 0xCDD3, 0xCDD4, 0xCDD4,
  0xCDF4, 0xCDF4, 0xCDF4, 0xCDD4, 0xCDD4, 0xCDD4, 0xCDD4, 0xCDD4, 0xCDD4, 0xCDD4, 0xCDF4, 0xD5F4,
  0xCDF4, 0xCDD4, 0xCDF4, 0xCDD4, 0xCDF4, 0xCDF4, 0xCDD4, 0xCDF4, 0xCDF4, 0xCDF4, 0xCDF4, 0xCDD4,
  0xCDD4, 0xCDF4, 0xCDF4, 0xCDF4, 0xCDF4, 0xCDF4, 0xCDF4, 0xCDD4, 0xCDD4, 0xCDD4, 0xCDF4, 0xCDF4,
  0xCDD4, 0xCDD4, 0xCDF4, 0xCDD4, 0xCDD4, 0xCDF4, 0xCDD4, 0xCDD4, 0xCDF4, 0xCDD4, 0xCDD4, 0xCDD4,
  0xCDD4, 0xC5B3, 0xD5F4, 0x9C6F, 0x4AAF, 0x5B73, 0x39E9, 0x08A3, 0x18C3, 0x10A3, 0x18C3, 0x0882,
  0x31C9, 0x6B4E, 0x31EA, 0x1949, 0x0041, 0x0020, 0x0021, 0x0021, 0x0021, 0x0021, 0x0021, 0x0021,
  0x0021, 0x0021, 0x0021, 0x0021, 0x0021, 0x0021, 0x0021, 0x0021, 0x0020, 0x0020, 0x0021, 0x0020,
  0x0021, 0x0021, 0x0021, 0x0021, 0x0021, 0x0021, 0x0020, 0x0020, 0x0020, 0x0021, 0x0020, 0x0021,
  0x0021, 0x0021, 0x0020, 0x0021, 0x0020, 0x0021, 0x0021, 0x0021, 0x0021, 0x0021, 0x0021, 0x0021,
  0x0021, 0x0021, 0x0021, 0x0020, 0x0020, 0x0021, 0x0021, 0x0020, 0x0021, 0x0021, 0x0020, 0x0021,
  0x0020, 0x0020, 0x0021, 0x0021, 0x0021, 0x0020, 0x0021, 0x0020, 0x0021, 0x0021, 0x0020, 0x0020,
  0x0020, 0x0020, 0x0021, 0x0000, 0x3A2B, 0x5B75, 0x52AD, 0x10A4, 0x10C3, 0x18E3, 0x0862, 0x5225,
  0x5A66, 0x18E4, 0x2965, 0x2966, 0x49E4, 0x9C4D, 0xD615, 0xC5B3, 0xCDD4, 0xCDB3, 0xCDD3, 0xCDD4,
  0xCDD4, 0xCDD4, 0xCDF4, 0xCDF4, 0xCDF4, 0xCDF4, 0xCDF4, 0xCDD4, 0xCDD4, 0xCDF4, 0xCDF4, 0xCDF4,
  0xCDD4, 0xCDF4, 0xCDF4, 0xCDF4, 0xCDF4, 0xCDF4, 0xCDF4, 0xCDF4, 0xCDD4, 0xCDD4, 0xCDF4, 0xCDF4,
  0xCDF4, 0xCDF4, 0xCDD3, 0xCDD4, 0xCDF4, 0xCDF4, 0xCDF4, 0xCDD4, 0xCDF4, 0xCDD4, 0xCDD4, 0xCDD4,
  0xCDD4, 0xCDD4, 0xCDD4, 0xCDF4, 0xCDF4, 0xCDD4, 0xCDD4, 0xCDD4, 0xCDD4, 0xCDD4, 0xCDD4, 0xCDD4,
  0xCDD4, 0xCDD4, 0xCDD4, 0xCDD4, 0xCDD3, 0xD614, 0xB511, 0x4209, 0x6B4F, 0x52CD, 0x10A4, 0x10C3,
  0x10C3, 0x10C3, 0x1082, 0x1927, 0x5B53, 0x424A, 0x194A, 0x0883, 0x0000, 0x0021, 0x0020, 0x0020,
  0x0021, 0x0021, 0x0021, 0x0021, 0x0021, 0x0021, 0x0020, 0x0021, 0x0021, 0x0021, 0x0021, 0x0021,
  0x0021, 0x0020, 0x0021, 0x0021, 0x0021, 0x0021, 0x0021, 0x0021, 0x0021, 0x0021, 0x0021, 0x0020,
  0x0020, 0x0020, 0x0021, 0x0021, 0x0020, 0x0020, 0x0021, 0x0021, 0x0021, 0x0021, 0x0021, 0x0021,
  0x0020, 0x0020, 0x0021, 0x0021, 0x0021, 0x0021, 0x0021, 0x0021, 0x0021, 0x0021, 0x0021, 0x0020,
  0x0021, 0x0021, 0x0021, 0x0020, 0x0021, 0x0021, 0x0020, 0x0021, 0x0021, 0x0021, 0x0020, 0x0020,
  0x0021, 0x0020, 0x0021, 0x0020, 0x0020, 0x0021, 0x0000, 0x2104, 0x6B70, 0x5B0F, 0x18E5, 0x10A3,
  0x18E3, 0x10A3, 0x3164, 0x6AC7, 0x18E4, 0x2985, 0x2145, 0x3984, 0x838B, 0xCDF4, 0xC593, 0xCDB3,
  0xCDD3, 0xCDD3, 0xCDD4, 0xCDD4, 0xCDD4, 0xCDF4, 0xCDF4, 0xCDF4, 0xCDD4, 0xCDD4, 0xCDD4, 0xCDD4,
  0xCDD4, 0xCDF4, 0xCDF4, 0xCDF4, 0xCDF4, 0xCDF4, 0xCDF4, 0xCDF4, 0xCDD4, 0xCDF4, 0xCDF4, 0xCDF4,
  0xCDD4, 0xCDD3, 0xCDD4, 0xCDD4, 0xCDD4, 0xCDD4, 0xCDF4, 0xCDF4, 0xCDF4, 0xCDD4, 0xCDF4, 0xCDD4,
  0xCDD4, 0xCDD4, 0xCDD4, 0xCDD4, 0xCDD4, 0xCDD4, 0xCDD4, 0xCDB3, 0xCDD4, 0xCDD4, 0xCDD4, 0xCDD4,
  0xCDF4, 0xCDF4, 0xCDD4, 0xCDD4, 0xCDD4, 0xCDD4, 0xCDD4, 0xCDD4, 0xCDD4, 0xCDD3, 0x630C, 0x5B0F,
  0x5AAB, 0x18E5, 0x10A3, 0x18C3, 0x10C3, 0x18C2, 0x10C4, 0x42D2, 0x52CD, 0x2169, 0x10E6, 0x0000,
  0x0021, 0x0021, 0x0021, 0x0021, 0x0021, 0x0021, 0x0021, 0x0021, 0x0021, 0x0021, 0x0021, 0x0021,
  0x0021, 0x0021, 0x0020, 0x0021, 0x0021, 0x0021, 0x0021, 0x0020, 0x0021, 0x0021, 0x0021, 0x0021,
  0x0021, 0x0021, 0x0021, 0x0020, 0x0020, 0x0020, 0x0020, 0x0021, 0x0021, 0x0020, 0x0020, 0x0021,
  0x0020, 0x0020, 0x0021, 0x0021, 0x0021, 0x0021, 0x0021, 0x0021, 0x0021, 0x0021, 0x0021, 0x0021,
  0x0020, 0x0021, 0x0021, 0x0021, 0x0020, 0x0020, 0x0021, 0x0021, 0x0020, 0x0021, 0x0020, 0x0020,
  0x0021, 0x0021, 0x0020, 0x0021, 0x0020, 0x0020, 0x0020, 0x0020, 0x0021, 0x0000, 0x1082, 0x5B0D,
  0x5AAB, 0x2146, 0x10A3, 0x18E3, 0x18C3, 0x18C3, 0x72E7, 0x2965, 0x2945, 0x2945, 0x3185, 0x62A7,
  0xBD72, 0xCDB3, 0xC5B3, 0xCDD4, 0xCDD4, 0xCDD4, 0xCDD4, 0xCDD4, 0xCDD4, 0xCDF4, 0xCDF4, 0xCDD4,
  0xCDD4, 0xCDD4, 0xCDD4, 0xCDF4, 0xCDF4, 0xCDF4, 0xCDF4, 0xCDF4, 0xCDF4, 0xCDF4, 0xCDF4, 0xCDD4,
  0xCDF4, 0xCDF4, 0xCDF4, 0xCDF4, 0xCDD4, 0xCDD4, 0xCDD4, 0xCDD3, 0xCDD4, 0xCDF4, 0xCDF4, 0xD5F4,
  0xCDF4, 0xCDD3, 0xCDD4, 0xCDD4, 0xCDD4, 0xCDD4, 0xCDD4, 0xCDF4, 0xCDF4, 0xCDD4, 0xCDD4, 0xCDD4,
  0xCDB3, 0xCDB3, 0xCDD4, 0xCDD4, 0xCDF4, 0xCDD4, 0xCDD4, 0xCDD4, 0xCDD4, 0xCDD4, 0xCDD4, 0xCDD4,
  0xD615, 0x83ED, 0x42B1, 0x5B73, 0x31C8, 0x1082, 0x18C3, 0x10C3, 0x18C3, 0x1082, 0x320E, 0x5B50,
  0x31C9, 0x1928, 0x0020, 0x0020, 0x0021, 0x0020, 0x0021, 0x0021, 0x0021, 0x0021, 0x0021, 0x0021,
  0x0021, 0x0021, 0x0021, 0x0021, 0x0021, 0x0021, 0x0021, 0x0021, 0x0021, 0x0020, 0x0021, 0x0021,
  0x0021, 0x0021, 0x0021, 0x0020, 0x0021, 0x0021, 0x0021, 0x0020, 0x0020, 0x0020, 0x0020, 0x0020,
  0x0020, 0x0021, 0x0020, 0x0021, 0x0021, 0x0021, 0x0021, 0x0020, 0x0020, 0x0021, 0x0021, 0x0021,
  0x0021, 0x0021, 0x0021, 0x0021, 0x0021, 0x0020, 0x0020, 0x0021, 0x0021, 0x0021, 0x0021, 0x0020,
  0x0020, 0x0021, 0x0020, 0x0021, 0x0020, 0x0021, 0x0021, 0x0020, 0x0020, 0x0020, 0x0020, 0x0020,
  0x0021, 0x0020, 0x426D, 0x5B73, 0x424A, 0x0882, 0x18E3, 0x18E4, 0x0882, 0x6AA6, 0x39A5, 0x10E4,
  0x2986, 0x2965, 0x4A05, 0xACD0, 0xCDF4, 0xC5B3, 0xCDD3, 0xCDB3, 0xCDD4, 0xCDD4, 0xCDD4, 0xCDD4,
  0xCDD4, 0xCDF4, 0xCDD4, 0xCDD4, 0xCDD4, 0xCDD4, 0xCDD4, 0xCDD4, 0xCDD4, 0xCDD4, 0xCDD4, 0xCDF4,
  0xCDF4, 0xCDF4, 0xCDF4, 0xCDF4, 0xCDF4, 0xCDF4, 0xCDF4, 0xCDF4, 0xCDD4, 0xCDD4, 0xCDD3, 0xCDD4,
  0xCDD4, 0xCDF4, 0xCDD4, 0xCDF4, 0xCDF4, 0xCDF4, 0xCDF4, 0xCDF4, 0xCDD4, 0xCDD4, 0xCDD4, 0xCDD4,
  0xCDD4, 0xCDD4, 0xCDF4, 0xCDD4, 0xCDD4, 0xCDD4, 0xCDD4, 0xCDD4, 0xCDD4, 0xCDD4, 0xCDF4, 0xCDD4,
  0xCDD4, 0xCDD4, 0xC5B3, 0xD615, 0xACD0, 0x4AAF, 0x5B95, 0x424B, 0x18C3, 0x2923, 0x10C3, 0x18C3,
  0x1082, 0x2966, 0x5B30, 0x3A0A, 0x194A, 0x0862, 0x0000, 0x0021, 0x0020, 0x0020, 0x0021, 0x0021,
  0x0021, 0x0021, 0x0021, 0x0021, 0x0021, 0x0021, 0x0021, 0x0021, 0x0021, 0x0021, 0x0020, 0x0021,
  0x0021, 0x0021, 0x0021, 0x0021, 0x0021, 0x0021, 0x0021, 0x0021, 0x0021, 0x0021, 0x0021, 0x0020,
  0x0020, 0x0020, 0x0021, 0x0021, 0x0021, 0x0021, 0x0020, 0x0020, 0x0021, 0x0020, 0x0020, 0x0021,
  0x0021, 0x0021, 0x0021, 0x0021, 0x0020, 0x0021, 0x0021, 0x0021, 0x0021, 0x0021, 0x0021, 0x0021,
  0x0021, 0x0021, 0x0021, 0x0020, 0x0021, 0x0021, 0x0020, 0x0021, 0x0021, 0x0021, 0x0021, 0x0020,
  0x0021, 0x0021, 0x0020, 0x0021, 0x0000, 0x39C8, 0x5B96, 0x52CE, 0x18E5, 0x2103, 0x18E4, 0x0883,
  0x49E5, 0x5A66, 0x2104, 0x6AC7, 0x2965, 0x41A4, 0x8BEC, 0xC5B3, 0xC5B3, 0xCDB3, 0xCDB3, 0xCDB3,
  0xCDB3, 0xCDD4, 0xCDD4, 0xCDD4, 0xCDD4, 0xCDD4, 0xCDD4, 0xCDF4, 0xCDF4, 0xCDF4, 0xCDF4, 0xCDF4,
  0xCDD4, 0xCDD3, 0xCDD4, 0xCDF4, 0xCDF4, 0xCDD4, 0xCDD4, 0xCDD4, 0xCDF4, 0xCDD4, 0xCDD4, 0xCDF4,
  0xCDF4, 0xCDD4, 0xCDD4, 0xCDD4, 0xCDD4, 0xCDD4, 0xCDD4, 0xCDB3, 0xCDD4, 0xCDF4, 0xCDF4, 0xCDF4,
  0xCDD4, 0xCDD4, 0xCDF4, 0xCDD4, 0xCDD4, 0xCDF4, 0xCDD4, 0xCDD4, 0xCDD4, 0xCDF4, 0xCDD4, 0xCDD4,
  0xCDD3, 0xCDD4, 0xCDD4, 0xCDD3, 0xCDD4, 0xCDD4, 0xCDF4, 0xC592, 0x52AC, 0x4B35, 0x5AEE, 0x1906,
  0x3123, 0x2903, 0x10C3, 0x10A2, 0x10E5, 0x52F0, 0x528A, 0x196A, 0x10C5, 0x0000, 0x0021, 0x0020,
  0x0020, 0x0020, 0x0021, 0x0021, 0x0021, 0x0021, 0x0021, 0x0021, 0x0021, 0x0021, 0x0020, 0x0021,
  0x0021, 0x0021, 0x0021, 0x0021, 0x0020, 0x0021, 0x0021, 0x0021, 0x0021, 0x0021, 0x0021, 0x0021,
  0x0021, 0x0021, 0x0020, 0x0020, 0x0021, 0x0021, 0x0020, 0x0021, 0x0020, 0x0021, 0x0020, 0x0020,
  0x0021, 0x0020, 0x0021, 0x0021, 0x0021, 0x0021, 0x0021, 0x0021, 0x0021, 0x0021, 0x0021, 0x0020,
  0x0020, 0x0021, 0x0021, 0x0021, 0x0020, 0x0021, 0x0021, 0x0020, 0x0021, 0x0021, 0x0020, 0x0021,
  0x0020, 0x0021, 0x0021, 0x0021, 0x0021, 0x0020, 0x0021, 0x0000, 0x2103, 0x5354, 0x5B51, 0x2967,
  0x20C2, 0x2103, 0x10C3, 0x3143, 0x72E7, 0x18E4, 0x3185, 0x5A46, 0x39A4, 0x7329, 0xCDB3, 0xCDD4,
  0xCDB3, 0xCDB3, 0xCDD4, 0xCDD4, 0xCDB3, 0xCDB3, 0xCDD3, 0xCDD4, 0xCDD4, 0xCDD4, 0xCDF4, 0xCDF4,
  0xCDF4, 0xCDF4, 0xD5F4, 0xCDF4, 0xCDD4, 0xCDD4, 0xCDD4, 0xCDF4, 0xCDF4, 0xCDD4, 0xCDD4, 0xCDD4,
  0xCDD4, 0xCDD4, 0xCDD4, 0xCDD4, 0xCDF4, 0xCDF4, 0xCDD4, 0xCDD4, 0xCDD4, 0xCDF4, 0xCDD4, 0xCDD4,
  0xCDD4, 0xCDD4, 0xCDD4, 0xCDD3, 0xCDD4, 0xCDD4, 0xCDF4, 0xCDD4, 0xCDD4, 0xCDB3, 0xCDD4, 0xCDF4,
  0xCDD4, 0xCDD3, 0xCDD4, 0xCDD4, 0xCDD4, 0xCDD4, 0xCDD3, 0xCDB3, 0xCDF4, 0xCDB4, 0xD5F4, 0x736D,
  0x42D3, 0x6372, 0x2167, 0x0882, 0x3942, 0x2103, 0x18E3, 0x10A3, 0x3A90, 0x5B2F, 0x2189, 0x1107,
  0x0000, 0x0021, 0x0020, 0x0020, 0x0020, 0x0021, 0x0021, 0x0021, 0x0021, 0x0021, 0x0021, 0x0021,
  0x0021, 0x0021, 0x0021, 0x0021, 0x0021, 0x0020, 0x0021, 0x0021, 0x0021, 0x0021, 0x0021, 0x0021,
  0x0021, 0x0021, 0x0021, 0x0021, 0x0021, 0x0021, 0x0021, 0x0020, 0x0020, 0x0020, 0x0021, 0x0021,
  0x0021, 0x0020, 0x0020, 0x0021, 0x0021, 0x0021, 0x0021, 0x0021, 0x0021, 0x0021, 0x0021, 0x0021,
  0x0021, 0x0021, 0x0020, 0x0020, 0x0021, 0x0021, 0x0020, 0x0021, 0x0021, 0x0021, 0x0021, 0x0020,
  0x0020, 0x0021, 0x0021, 0x0021, 0x0020, 0x0021, 0x0020, 0x0020, 0x0020, 0x0021, 0x0000, 0x1061,
  0x52F0, 0x5B73, 0x39E9, 0x0883, 0x3963, 0x18E3, 0x18C3, 0x7B07, 0x3185, 0x2145, 0x2965, 0x2125,
  0x6286, 0xBD52, 0xCDB3, 0xC5B3, 0xCDD4, 0xCDD4, 0xCDD4, 0xCDD4, 0xCDD4, 0xCDD4, 0xCDD4, 0xCDF4,
  0xCDD4, 0xCDD4, 0xCDD4, 0xCDD4, 0xCDD4, 0xCDF4, 0xCDF4, 0xCDF4, 0xCDD4, 0xCDD4, 0xCDD4, 0xCDD4,
  0xCDF4, 0xCDD4, 0xCDD4, 0xCDD3, 0xCDD4, 0xCDD4, 0xCDD4, 0xCDD4, 0xCDF4, 0xCDF4, 0xCDF4, 0xCDD4,
  0xCDD4, 0xCDF4, 0xCDD4, 0xCDD4, 0xCDD4, 0xCDB3, 0xCDD4, 0xCDD4, 0xCDB3, 0xC5B3, 0xCDD4, 0xCDD4,
  0xCDD4, 0xCDD4, 0xCDD4, 0xCDD4, 0xCDD4, 0xCDD4, 0xCDD4, 0xCDD4, 0xCDD4, 0xCDD4, 0xCDD3, 0xCDD3,
  0xCDB3, 0xD5F4, 0x944E, 0x4290, 0x6394, 0x422A, 0x08A4, 0x18C3, 0x20C2, 0x2903, 0x1082, 0x29EC,
  0x5B52, 0x39E9, 0x1929, 0x0041, 0x0000, 0x0021, 0x0020, 0x0021, 0x0020, 0x0021, 0x0021, 0x0021,
  0x0021, 0x0021, 0x0021, 0x0021, 0x0021, 0x0021, 0x0021, 0x0021, 0x0021, 0x0021, 0x0021, 0x0021,
  0x0021, 0x0021, 0x0021, 0x0021, 0x0021, 0x0021, 0x0021, 0x0021, 0x0021, 0x0021, 0x0020, 0x0020,
  0x0020, 0x0020, 0x0021, 0x0020, 0x0021, 0x0021, 0x0021, 0x0021, 0x0020, 0x0020, 0x0020, 0x0021,
  0x0021, 0x0021, 0x0021, 0x0021, 0x0021, 0x0021, 0x0021, 0x0021, 0x0021, 0x0021, 0x0020, 0x0021,
  0x0021, 0x0020, 0x0020, 0x0021, 0x0020, 0x0021, 0x0021, 0x0020, 0x0021, 0x0021, 0x0021, 0x0020,
  0x0020, 0x0021, 0x0000, 0x4A6C, 0x5B96, 0x52AC, 0x10A4, 0x18C3, 0x2103, 0x18A2, 0x6266, 0x4A06,
  0x1904, 0x2986, 0x2966, 0x41C4, 0xA46E, 0xCDF4, 0xC5B3, 0xCDB3, 0xCDB3, 0xCDD4, 0xCDB3, 0xCDD4,
  0xD5F4, 0xCDF4, 0xCDD4, 0xCDF4, 0xCDF4, 0xCDF4, 0xCDF4, 0xCDF4, 0xD5F4, 0xCDF4, 0xCDF4, 0xCDD4,
  0xCDF4, 0xCDF4, 0xCDF4, 0xCDF4, 0xCDD3, 0xCDD3, 0xCDF4, 0xCDD4, 0xCDD4, 0xCDD4, 0xCDD4, 0xCDF4,
  0xCDF4, 0xCDF4, 0xCDF4, 0xCDF4, 0xCDF4, 0xCDF4, 0xCDF4, 0xCDF4, 0xCDD4, 0xCDD3, 0xCDD4, 0xCDD3,
  0xCDB3, 0xCDB3, 0xCDD4, 0xCDF4, 0xCDF4, 0xCDF4, 0xCDD4, 0xCDD4, 0xCDD4, 0xCDD4, 0xCDD4, 0xCDD3,
  0xCDD4, 0xCDD3, 0xCDD4, 0xCDD4, 0xCDF4, 0xBD51, 0x4AAD, 0x5355, 0x4AAD, 0x10A4, 0x18C3, 0x18E3,
  0x2903, 0x20C1, 0x1927, 0x5333, 0x4A6A, 0x194A, 0x10A4, 0x0000, 0x0021, 0x0020, 0x0021, 0x0020,
  0x0021, 0x0021, 0x0021, 0x0021, 0x0021, 0x0021, 0x0021, 0x0021, 0x0021, 0x0021, 0x0021, 0x0021,
  0x0021, 0x0021, 0x0021, 0x0021, 0x0021, 0x0021, 0x0021, 0x0021, 0x0021, 0x0021, 0x0021, 0x0021,
  0x0020, 0x0021, 0x0021, 0x0021, 0x0020, 0x0020, 0x0021, 0x0020, 0x0021, 0x0020, 0x0021, 0x0020,
  0x0020, 0x0021, 0x0021, 0x0021, 0x0021, 0x0021, 0x0021, 0x0021, 0x0021, 0x0021, 0x0021, 0x0020,
  0x0021, 0x0021, 0x0021, 0x0021, 0x0021, 0x0021, 0x0021, 0x0021, 0x0021, 0x0021, 0x0021, 0x0020,
  0x0020, 0x0020, 0x0020, 0x0020, 0x0021, 0x0000, 0x2966, 0x5B75, 0x5B0F, 0x1906, 0x10C3, 0x18E3,
  0x0862, 0x41A4, 0x6AE7, 0x18E4, 0x2965, 0x2946, 0x41A5, 0x8BCB, 0xCDF4, 0xCDB3, 0xCDD4, 0xCDD4,
  0xCDD4, 0xCDD4, 0xCDD4, 0xCDD3, 0xCDF4, 0xCDF4, 0xCDD4, 0xCDD4, 0xCDF4, 0xCDF4, 0xCDD4, 0xCDD4,
  0xCDF4, 0xCDF4, 0xCDF4, 0xCDF4, 0xCDF4, 0xCDF4, 0xD614, 0xCDF4, 0xCDD4, 0xCDF4, 0xCDD4, 0xCDD4,
  0xCDD4, 0xCDD3, 0xCDD4, 0xCDD4, 0xCDD4, 0xCDF4, 0xCDF4, 0xCDF4, 0xCDD4, 0xCDD4, 0xCDF4, 0xCDF4,
  0xCDF4, 0xCDF4, 0xCDF4, 0xCDD4, 0xCDD4, 0xCDD4, 0xCDD4, 0xCDD4, 0xCDF4, 0xCDD4, 0xCDD4, 0xCDD4,
  0xCDD4, 0xCDD4, 0xCDD4, 0xCDD4, 0xCDD4, 0xCDD4, 0xCDF4, 0xCDD4, 0xCDD3, 0x630C, 0x4B13, 0x5B50,
  0x1926, 0x1082, 0x18C3, 0x10C3, 0x2902, 0x20E3, 0x3A91, 0x5AEE, 0x2189, 0x10E6, 0x0000, 0x0021,
  0x0021, 0x0021, 0x0020, 0x0020, 0x0021, 0x0021, 0x0021, 0x0021, 0x0021, 0x0021, 0x0021, 0x0021,
  0x0021, 0x0021, 0x0021, 0x0021, 0x0021, 0x0021, 0x0021, 0x0021, 0x0021, 0x0021, 0x0020, 0x0021,
  0x0021, 0x0021, 0x0020, 0x0020, 0x0021, 0x0020, 0x0021, 0x0021, 0x0020, 0x0020, 0x0020, 0x0020,
  0x0020, 0x0020, 0x0021, 0x0020, 0x0021, 0x0021, 0x0021, 0x0021, 0x0021, 0x0021, 0x0021, 0x0021,
  0x0021, 0x0021, 0x0020, 0x0020, 0x0021, 0x0020, 0x0020, 0x0020, 0x0020, 0x0020, 0x0020, 0x0020,
  0x0021, 0x0021, 0x0021, 0x0020, 0x0020, 0x0020, 0x0020, 0x0021, 0x0000, 0x18C2, 0x5333, 0x5B52,
  0x2967, 0x0882, 0x18E3, 0x10C3, 0x20E3, 0x7307, 0x2945, 0x2965, 0x2945, 0x2964, 0x6AE8, 0xC5B4,
  0xCDD4, 0xCDD3, 0xCDD3, 0xCDD4, 0xCDF4, 0xCDD4, 0xCDD4, 0xCDD3, 0xCDD4, 0xCDD4, 0xCDD4, 0xCDF4,
  0xCDF4, 0xCDF4, 0xCDF4, 0xCDF4, 0xCDF4, 0xCDF4, 0xCDF4, 0xCDD4, 0xCDD4, 0xCDF4, 0xCDF4, 0xCDF4,
  0xCDD4, 0xCDF4, 0xCDD4, 0xCDD4, 0xCDF4, 0xCDD4, 0xCDD4, 0xCDD4, 0xCDF4, 0xCDF4, 0xCDF4, 0xCDD4,
  0xCDD4, 0xCDD4, 0xCDD4, 0xCDD4, 0xCDD4, 0xCDD4, 0xCDD4, 0xCDD3, 0xCDD4, 0xCDD4, 0xCDD3, 0xCDD4,
  0xCDD4, 0xCDD4, 0xCDF4, 0xCDF4, 0xCDD4, 0xCDD3, 0xCDF4, 0xCDF4, 0xCDD4, 0xCDD4, 0xCDD4, 0xD635,
  0x83CC, 0x4291, 0x5B73, 0x31A9, 0x0883, 0x18C3, 0x18C3, 0x18C3, 0x10A2, 0x320D, 0x5B31, 0x31C9,
  0x1929, 0x0021, 0x0020, 0x0021, 0x0020, 0x0020, 0x0021, 0x0020, 0x0021, 0x0021, 0x0021, 0x0021,
  0x0021, 0x0021, 0x0021, 0x0021, 0x0021, 0x0021, 0x0021, 0x0021, 0x0021, 0x0021, 0x0021, 0x0020,
  0x0021, 0x0021, 0x0020, 0x0020, 0x0021, 0x0021, 0x0021, 0x0021, 0x0021, 0x0021, 0x0021, 0x0020,
  0x0020, 0x0020, 0x0020, 0x0020, 0x0021, 0x0020, 0x0020, 0x0021, 0x0020, 0x0021, 0x0021, 0x0021,
  0x0021, 0x0021, 0x0021, 0x0021, 0x0021, 0x0021, 0x0021, 0x0021, 0x0021, 0x0020, 0x0020, 0x0021,
  0x0021, 0x0021, 0x0020, 0x0021, 0x0021, 0x0021, 0x0020, 0x0020, 0x0020, 0x0020, 0x0020, 0x0021,
  0x0820, 0x52CF, 0x5B95, 0x422A, 0x0883, 0x18C3, 0x18C3, 0x1082, 0x72E7, 0x3185, 0x18E4, 0x2966,
  0x2965, 0x5225, 0xACF1, 0xCDD4, 0xCDB3, 0xCDD4, 0xCDD4, 0xCDD4, 0xCDD4, 0xCDD4, 0xCDD4, 0xCDD4,
  0xCDD4, 0xCDD4, 0xCDD4, 0xCDD4, 0xCDD3, 0xCDD3, 0xCDD4, 0xCDD4, 0xCDD4, 0xCDF4, 0xCDF4, 0xCDF4,
  0xCDF4, 0xCDF4, 0xCDF4, 0xCDD4, 0xCDF4, 0xCDF4, 0xCDD4, 0xCDD4, 0xCDF4, 0xCDF4, 0xCDD4, 0xCDD4,
  0xD5F4, 0xCDD4, 0xCDF4, 0xCDD4, 0xCDD4, 0xCDD4, 0xCDF4, 0xCDD4, 0xCDD4, 0xCDF4, 0xCDD4, 0xCDD4,
  0xCDD4, 0xCDD4, 0xCDD4, 0xCDF4, 0xCDD4, 0xCDD4, 0xCDF4, 0xCDD4, 0xCDD4, 0xCDD4, 0xCDD4, 0xCDF4,
  0xCDD4, 0xC5B3, 0xCDF4, 0xACF0, 0x428E, 0x5B75, 0x4A6C, 0x10A4, 0x18C3, 0x18C3, 0x18E3, 0x10A2,
  0x2946, 0x6330, 0x422A, 0x194A, 0x0863, 0x0000, 0x0021, 0x0020, 0x0021, 0x0021, 0x0020, 0x0021,
  0x0020, 0x0020, 0x0021, 0x0021, 0x0021, 0x0021, 0x0021, 0x0021, 0x0021, 0x0021, 0x0021, 0x0021,
  0x0021, 0x0021, 0x0021, 0x0021, 0x0020, 0x0021, 0x0021, 0x0021, 0x0020, 0x0021, 0x0021, 0x0020,
  0x0021, 0x0021, 0x0021, 0x0021, 0x0020, 0x0020, 0x0020, 0x0021, 0x0020, 0x0020, 0x0020, 0x0020,
  0x0021, 0x0020, 0x0020, 0x0021, 0x0021, 0x0021, 0x0020, 0x0021, 0x0021, 0x0021, 0x0021, 0x0021,
  0x0021, 0x0021, 0x0021, 0x0021, 0x0020, 0x0021, 0x0021, 0x0020, 0x0020, 0x0020, 0x0020, 0x0020,
  0x0020, 0x0020, 0x0021, 0x0000, 0x3A09, 0x5B96, 0x52AD, 0x10C4, 0x18C3, 0x18E3, 0x0862, 0x5A45,
  0x5A66, 0x18E4, 0x7B07, 0x3185, 0x49E5, 0x9C6E, 0xCDF4, 0xCDB3, 0xC5B3, 0xCDD4, 0xCDD4, 0xCDB3,
  0xCDB3, 0xCDD4, 0xCDD4, 0xCDD4, 0xCDD4, 0xCDD4, 0xCDD4, 0xCDD4, 0xCDD3, 0xCDD4, 0xCDD4, 0xCDD4,
  0xCDD4, 0xCDD4, 0xCDD4, 0xCDD4, 0xCDF4, 0xCDF4, 0xCDF4, 0xCDD4, 0xCDF4, 0xCDF4, 0xCDD4, 0xCDF4,
  0xCDF4, 0xCDF4, 0xCDD4, 0xCDD4, 0xD5F4, 0xCDF4, 0xCDD4, 0xCDF4, 0xCDF4, 0xCDD4, 0xCDD4, 0xCDD4,
  0xCDD4, 0xCDB3, 0xCDB3, 0xCDD4, 0xCDD4, 0xCDF4, 0xD5F4, 0xCDF4, 0xCDF4, 0xCDD4, 0xCDD4, 0xCDD3,
  0xCDD4, 0xCDD4, 0xCDD4, 0xCDB3, 0xCDD4, 0xCDD4, 0xC572, 0x52AB, 0x5B30, 0x52EF, 0x18E5, 0x10A2,
  0x18C3, 0x18C3, 0x18C2, 0x18E5, 0x4AF1, 0x5AAB, 0x1969, 0x10C5, 0x0000, 0x0021, 0x0020, 0x0021,
  0x0021, 0x0021, 0x0021, 0x0020, 0x0021, 0x0021, 0x0021, 0x0021, 0x0021, 0x0021, 0x0021, 0x0021,
  0x0021, 0x0021, 0x0021, 0x0021, 0x0021, 0x0021, 0x0021, 0x0021, 0x0021, 0x0021, 0x0021, 0x0020,
  0x0020, 0x0021, 0x0020, 0x0021, 0x0021, 0x0021, 0x0021, 0x0020, 0x0020, 0x0020, 0x0020, 0x0021,
  0x0020, 0x0020, 0x0020, 0x0021, 0x0021, 0x0021, 0x0021, 0x0021, 0x0021, 0x0021, 0x0020, 0x0021,
  0x0021, 0x0021, 0x0021, 0x0021, 0x0021, 0x0020, 0x0021, 0x0020, 0x0021, 0x0020, 0x0020, 0x0021,
  0x0020, 0x0020, 0x0020, 0x0020, 0x0020, 0x0021, 0x0000, 0x2124, 0x5B75, 0x5B30, 0x2106, 0x10A3,
  0x18E3, 0x10A3, 0x3984, 0x72E7, 0x1904, 0x3186, 0x39A5, 0x3163, 0x7B6A, 0xCDF4, 0xC5B3, 0xC5B3,
  0xCDB3, 0xCDB3, 0xCDD3, 0xCDD4, 0xCDD3, 0xCDD4, 0xCDD3, 0xCDD4, 0xCDF4, 0xCDF4, 0xCDD4, 0xCDD4,
  0xCDD4, 0xCDD4, 0xCDD4, 0xCDF4, 0xCDD4, 0xCDD4, 0xCDD4, 0xCDD4, 0xCDD4, 0xCDD4, 0xCDD4, 0xCDF4,
  0xCDF4, 0xCDD4, 0xCDD4, 0xCDD4, 0xCDF4, 0xCDD4, 0xCDF4, 0xCDF4, 0xCDF4, 0xCDD4, 0xCDF4, 0xCDF4,
  0xCDF4, 0xCDD4, 0xCDD4, 0xCDD4, 0xCDD4, 0xCDD3, 0xCDD4, 0xCDF4, 0xCDD4, 0xCDF4, 0xCDF4, 0xCDF4,
  0xCDF4, 0xCDD4, 0xCDD4, 0xCDD4, 0xCDD4, 0xCDD4, 0xCDD3, 0xCDB3, 0xC5B3, 0xD5F4, 0x6B4C, 0x426B,
  0x52CC, 0x2167, 0x0883, 0x18C3, 0x18C3, 0x18C3, 0x1082, 0x324F, 0x5B10, 0x29A9, 0x1928, 0x0020,
  0x0021, 0x0020, 0x0020, 0x0021, 0x0020, 0x0021, 0x0021, 0x0021, 0x0021, 0x0021, 0x0021, 0x0021,
  0x0021, 0x0021, 0x0021, 0x0021, 0x0021, 0x0021, 0x0021, 0x0021, 0x0021, 0x0021, 0x0021, 0x0021,
  0x0021, 0x0021, 0x0021, 0x0021, 0x0021, 0x0020, 0x0020, 0x0020, 0x0021, 0x0021, 0x0020, 0x0020,
  0x0020, 0x0020, 0x0020, 0x0020, 0x0020, 0x0020, 0x0020, 0x0021, 0x0020, 0x0021, 0x0021, 0x0020,
  0x0020, 0x0021, 0x0021, 0x0020, 0x0021, 0x0021, 0x0021, 0x0021, 0x0021, 0x0021, 0x0021, 0x0021,
  0x0021, 0x0020, 0x0021, 0x0020, 0x0020, 0x0020, 0x0020, 0x0020, 0x0021, 0x0000, 0x1081, 0x5311,
  0x5B73, 0x31C8, 0x1083, 0x18E3, 0x10C3, 0x18C3, 0x7B07, 0x2924, 0x2145, 0x2965, 0x2945, 0x6287,
  0xC593, 0xCDD3, 0xCDB3, 0xCDB3, 0xCDD3, 0xCDB3, 0xCDB3, 0xCDB3, 0xCDD4, 0xCDD3, 0xCDB3, 0xCDD4,
  0xCDF4, 0xCDF4, 0xCDD4, 0xCDD4, 0xCDF4, 0xCDD4, 0xCDB3, 0xCDD4, 0xCDD4, 0xCDD4, 0xCDD4, 0xCDF4,
  0xCDD4, 0xCDD3, 0xCDF4, 0xCDD4, 0xCDD3, 0xCDD4, 0xCDD4, 0xCDD4, 0xCDD4, 0xCDF4, 0xCDF4, 0xCDF4,
  0xCDF4, 0xCDD3, 0xCDF4, 0xCDF4, 0xCDD4, 0xCDD4, 0xCDD4, 0xCDD4, 0xCDD4, 0xCDD4, 0xCDF4, 0xCDD4,
  0xCDD4, 0xCDD4, 0xCDF4, 0xCDD4, 0xCDF4, 0xCDD4, 0xCDD3, 0xCDD4, 0xCDD3, 0xCDD4, 0xCDD4, 0xC5B3,
  0xCDF4, 0x9C6E, 0x428E, 0x6B91, 0x3A09, 0x0883, 0x18C3, 0x10C3, 0x18C3, 0x1082, 0x218A, 0x5B32,
  0x39E9, 0x194A, 0x0862, 0x0000, 0x0021, 0x0020, 0x0021, 0x0020, 0x0021, 0x0021, 0x0021, 0x0021,
  0x0021, 0x0021, 0x0021, 0x0021, 0x0021, 0x0021, 0x0021, 0x0021, 0x0021, 0x0021, 0x0021, 0x0021,
  0x0021, 0x0020, 0x0021, 0x0021, 0x0021, 0x0021, 0x0020, 0x0021, 0x0021, 0x0021, 0x0020, 0x0020,
  0x0021, 0x0021, 0x0020, 0x0020, 0x0020, 0x0020, 0x0020, 0x0020, 0x0021, 0x0020, 0x0021, 0x0020,
  0x0021, 0x0021, 0x0021, 0x0021, 0x0021, 0x0020, 0x0020, 0x0021, 0x0021, 0x0021, 0x0021, 0x0021,
  0x0021, 0x0021, 0x0021, 0x0021, 0x0021, 0x0021, 0x0020, 0x0021, 0x0020, 0x0020, 0x0021, 0x0021,
  0x0021, 0x0000, 0x426D, 0x63B5, 0x4A6B, 0x0883, 0x18E3, 0x18E3, 0x0882, 0x6AA6, 0x41C5, 0x1904,
  0x2965, 0x2965, 0x5A45, 0xA4AF, 0xCDB3, 0xC5B3, 0xCDB3, 0xCDB3, 0xCDD4, 0xCDD4, 0xCDD4, 0xCDD4,
  0xCDD4, 0xCDD4, 0xCDD4, 0xCDD4, 0xD5F4, 0xCDF4, 0xCDF4, 0xCDF4, 0xCDF4, 0xCDD4, 0xCDD4, 0xCDD4,
  0xCDD4, 0xCDD4, 0xCDF4, 0xCDD4, 0xCDD4, 0xCDD3, 0xCDF4, 0xCDD4, 0xCDD4, 0xCDF4, 0xCDF4, 0xCDD4,
  0xCDD3, 0xCDF4, 0xD5F4, 0xCDF4, 0xCDD4, 0xCDD4, 0xCDD4, 0xCDD4, 0xCDD4, 0xCDD4, 0xCDF4, 0xCDF4,
  0xCDF4, 0xCDD4, 0xCDD4, 0xCDD4, 0xCDD4, 0xCDD4, 0xCDD4, 0xCDD4, 0xCDD4, 0xCDD4, 0xCDD3, 0xCDD3,
  0xCDD4, 0xCDD3, 0xCDB3, 0xCDF4, 0xBD51, 0x4A8C, 0x5355, 0x52CE, 0x1905, 0x18A2, 0x10C3, 0x18C3,
  0x10A2, 0x1906, 0x632E, 0x528B, 0x196A, 0x10A4, 0x0000, 0x0021, 0x0020, 0x0020, 0x0021, 0x0021,
  0x0021, 0x0021, 0x0020, 0x0021, 0x0021, 0x0020, 0x0021, 0x0021, 0x0021, 0x0021, 0x0021, 0x0021,
  0x0021, 0x0021, 0x0020, 0x0020, 0x0021, 0x0021, 0x0020, 0x0020, 0x0021, 0x0021, 0x0020, 0x0020,
  0x0021, 0x0021, 0x0021, 0x0020, 0x0021, 0x0020, 0x0020, 0x0020, 0x0020, 0x0020, 0x0020, 0x0020,
  0x0020, 0x0021, 0x0021, 0x0020, 0x0020, 0x0020, 0x0020, 0x0021, 0x0020, 0x0021, 0x0021, 0x0021,
  0x0021, 0x0020, 0x0021, 0x0021, 0x0020, 0x0020, 0x0020, 0x0020, 0x0021, 0x0020, 0x0020, 0x0020,
  0x0020, 0x0021, 0x0000, 0x0000, 0x0000, 0x31C8, 0x5B75, 0x52CE, 0x10E5, 0x10C3, 0x18E3, 0x0882,
  0x49E5, 0x6287, 0x18E4, 0x2965, 0x2945, 0x41C5, 0x940C, 0xD5F4, 0xC5B3, 0xCDB3, 0xCDD4, 0xCDD4,
  0xCDD3, 0xCDB3, 0xCDD4, 0xCDD4, 0xCDD4, 0xCDD4, 0xCDD4, 0xCDF4, 0xCDF4, 0xCDF4, 0xCDF4, 0xCDD4,
  0xCDB3, 0xCDD4, 0xCDD4, 0xCDD4, 0xCDD3, 0xCDB3, 0xCDD4, 0xCDF4, 0xCDD4, 0xCDD4, 0xCDD4, 0xCDD4,
  0xCDF4, 0xCDF4, 0xCDD4, 0xCDD4, 0xCDF4, 0xCDF4, 0xCDF4, 0xCDD4, 0xCDD3, 0xCDD4, 0xCDD4, 0xCDD4,
  0xCDD4, 0xCDF4, 0xCDF4, 0xCDF4, 0xCDF4, 0xCDF4, 0xCDD4, 0xCDD4, 0xCDD4, 0xCDB3, 0xCDD3, 0xCDD4,
  0xCDD4, 0xCDD4, 0xCDD4, 0xCDD4, 0xCDD3, 0xCDB3, 0xC5B3, 0xCDD3, 0x6B2C, 0x42F3, 0x6351, 0x2126,
  0x20E2, 0x2103, 0x10C3, 0x18C3, 0x10A3, 0x42B1, 0x5AEE, 0x2189, 0x1107, 0x0000, 0x0021, 0x0021,
  0x0021, 0x0020, 0x0021, 0x0021, 0x0021, 0x0021, 0x0020, 0x0021, 0x0021, 0x0021, 0x0021, 0x0021,
  0x0021, 0x0021, 0x0021, 0x0021, 0x0020, 0x0020, 0x0020, 0x0020, 0x0021, 0x0021, 0x0021, 0x0021,
  0x0021, 0x0021, 0x0021, 0x0021, 0x0021, 0x0021, 0x0021, 0x0020, 0x0021, 0x0020, 0x0020, 0x0021,
  0x0020, 0x0020, 0x0021, 0x0021, 0x0020, 0x0020, 0x0020, 0x0021, 0x0021, 0x0020, 0x0020, 0x0020,
  0x0021, 0x0021, 0x0021, 0x0020, 0x0020, 0x0020, 0x0020, 0x0021, 0x0021, 0x0021, 0x0021, 0x0021,
  0x0021, 0x0020, 0x0020, 0x0020, 0x0021, 0x0000, 0x2103, 0x3165, 0x2103, 0x52EF, 0x5310, 0x2147,
  0x0882, 0x18E3, 0x10A3, 0x3144, 0x72E7, 0x18E4, 0x2966, 0x2945, 0x3164, 0x7B49, 0xCDF4, 0xC5B3,
  0xCDB3, 0xCDD4, 0xCDD4, 0xCDD3, 0xCDD3, 0xCDD4, 0xCDD3, 0xCDD4, 0xCDD4, 0xCDD4, 0xCDD4, 0xCDD4,
  0xCDF4, 0xCDF4, 0xCDD4, 0xCDD4, 0xCDD4, 0xCDF4, 0xCDD4, 0xCDD3, 0xCDD4, 0xCDD4, 0xCDD3, 0xCDD4,
  0xCDF4, 0xCDD4, 0xCDD4, 0xCDD4, 0xD5F4, 0xCDF4, 0xCDD3, 0xCDD4, 0xD5F4, 0xCDF4, 0xCDD3, 0xCDB3,
  0xCDF4, 0xCDD4, 0xCDD4, 0xCDD4, 0xCDD4, 0xCDF4, 0xCDF4, 0xCDF4, 0xCDF4, 0xCDF4, 0xCDD4, 0xCDD4,
  0xCDF4, 0xCDF4, 0xCDD3, 0xCDD4, 0xCDD4, 0xCDD4, 0xCDD4, 0xCDD4, 0xCDD4, 0xC5B3, 0xD615, 0x8C0D,
  0x4290, 0x5B73, 0x31C9, 0x18E4, 0x3983, 0x10A2, 0x18E4, 0x1082, 0x29ED, 0x5B51, 0x31E9, 0x194A,
  0x0041, 0x0020, 0x0021, 0x0020, 0x0020, 0x0021, 0x0020, 0x0020, 0x0021, 0x0021, 0x0021, 0x0021,
  0x0021, 0x0021, 0x0021, 0x0021, 0x0021, 0x0021, 0x0021, 0x0021, 0x0021, 0x0021, 0x0021, 0x0021,
  0x0021, 0x0020, 0x0020, 0x0021, 0x0021, 0x0021, 0x0021, 0x0021, 0x0021, 0x0020, 0x0021, 0x0020,
  0x0021, 0x0021, 0x0020, 0x0020, 0x0021, 0x0020, 0x0021, 0x0021, 0x0021, 0x0020, 0x0021, 0x0020,
  0x0021, 0x0021, 0x0021, 0x0020, 0x0021, 0x0021, 0x0021, 0x0020, 0x0020, 0x0020, 0x0020, 0x0021,
  0x0020, 0x0021, 0x0020, 0x0021, 0x0021, 0x0021, 0x0020, 0x0021, 0x0000, 0x1081, 0x6370, 0x5B53,
  0x5B31, 0x5B0E, 0x4208, 0x10A3, 0x18E3, 0x10C3, 0x18C3, 0x7B28, 0x2965, 0x3165, 0x2965, 0x3165,
  0x6286, 0xBD52, 0xCDD4, 0xC5B3, 0xCDB3, 0xCDD4, 0xCDD4, 0xCDD4, 0xCDD4, 0xCDD3, 0xCDD3, 0xCDD4,
  0xCDD4, 0xCDD4, 0xCDD4, 0xCDD4, 0xCDD4, 0xCDD4, 0xCDD3, 0xCDD3, 0xCDD4, 0xCDD4, 0xCDB3, 0xCDD3,
  0xCDF4, 0xCDD4, 0xCDF4, 0xCDD4, 0xCDF4, 0xCDD4, 0xCDD3, 0xCDD4, 0xCDD4, 0xCDD4, 0xCDD4, 0xCDD4,
  0xCDD4, 0xCDD3, 0xCDD3, 0xCDD3, 0xCDD4, 0xCDF4, 0xCDF4, 0xCDF4, 0xCDD4, 0xCDD4, 0xCDD3, 0xCDD4,
  0xCDD4, 0xCDD4, 0xCDD4, 0xCDD4, 0xCDD4, 0xCDD3, 0xCDD3, 0xCDD4, 0xCDD4, 0xCDD4, 0xCDD4, 0xCDD4,
  0xCDB3, 0xCDF4, 0xACF0, 0x4AAE, 0x5B75, 0x4A6C, 0x10A5, 0x18E3, 0x2902, 0x18E3, 0x10A2, 0x2148,
  0x5353, 0x4A4A, 0x196A, 0x0883, 0x0000, 0x0021, 0x0020, 0x0020, 0x0020, 0x0020, 0x0021, 0x0021,
  0x0020, 0x0021, 0x0021, 0x0020, 0x0021, 0x0021, 0x0021, 0x0021, 0x0021, 0x0021, 0x0021, 0x0021,
  0x0021, 0x0021, 0x0021, 0x0021, 0x0021, 0x0020, 0x0020, 0x0020, 0x0020, 0x0021, 0x0021, 0x0020,
  0x0020, 0x0021, 0x0021, 0x0021, 0x0021, 0x0021, 0x0020, 0x0020, 0x0020, 0x0021, 0x0021, 0x0021,
  0x0021, 0x0020, 0x0020, 0x0020, 0x0020, 0x0021, 0x0021, 0x0020, 0x0021, 0x0021, 0x0021, 0x0021,
  0x0021, 0x0021, 0x0021, 0x0020, 0x0021, 0x0021, 0x0021, 0x0021, 0x0020, 0x0020, 0x0021, 0x0021,
  0x0840, 0x632D, 0x5356, 0x42D3, 0x42F4, 0x6393, 0x39C7, 0x10A2, 0x2104, 0x0882, 0x6286, 0x41E5,
  0x1904, 0x8B68, 0x39A5, 0x41C4, 0xA4AF, 0xCDF4, 0xC593, 0xCDD4, 0xCDD4, 0xCDD4, 0xCDD4, 0xCDD4,
  0xCDB3, 0xCDD3, 0xCDD4, 0xCDD4, 0xCDD4, 0xCDD4, 0xCDD4, 0xCDF4, 0xCDD4, 0xCDD4, 0xCDD3, 0xCDD4,
  0xCDD4, 0xCDD3, 0xCDD3, 0xCDD4, 0xCDD4, 0xCDD4, 0xCDD4, 0xCDD4, 0xCDD4, 0xCDF4, 0xCDD4, 0xCDD4,
  0xCDD4, 0xCDD4, 0xCDD4, 0xCDD4, 0xCDD4, 0xCDD3, 0xCDD4, 0xCDF4, 0xCDD4, 0xCDD4, 0xCDF4, 0xD5F4,
  0xCDD4, 0xCDD4, 0xCDF4, 0xCDF4, 0xCDD4, 0xCDD3, 0xCDD4, 0xCDD4, 0xCDD4, 0xC5B3, 0xCDD4, 0xCDD3,
  0xCDD4, 0xCDD4, 0xCDD4, 0xCDD3, 0xCDD4, 0xCDD3, 0x5AEC, 0x4B14, 0x5B0F, 0x18E5, 0x10A3, 0x18C3,
  0x2923, 0x20E3, 0x10C4, 0x42B2, 0x5ACD, 0x218A, 0x10E6, 0x0000, 0x0021, 0x0020, 0x0020, 0x0020,
  0x0020, 0x0020, 0x0021, 0x0021, 0x0020, 0x0021, 0x0021, 0x0021, 0x0021, 0x0021, 0x0021, 0x0021,
  0x0021, 0x0021, 0x0021, 0x0021, 0x0021, 0x0021, 0x0021, 0x0021, 0x0021, 0x0021, 0x0021, 0x0021,
  0x0020, 0x0021, 0x0021, 0x0020, 0x0021, 0x0020, 0x0020, 0x0021, 0x0021, 0x0020, 0x0020, 0x0021,
  0x0020, 0x0021, 0x0020, 0x0020, 0x0020, 0x0020, 0x0020, 0x0021, 0x0020, 0x0020, 0x0021, 0x0020,
  0x0021, 0x0021, 0x0021, 0x0020, 0x0021, 0x0021, 0x0021, 0x0021, 0x0021, 0x0020, 0x0021, 0x0020,
  0x0020, 0x0020, 0x0021, 0x0000, 0x20E3, 0x630D, 0x632F, 0x63B2, 0x6372, 0x4A6B, 0x1927, 0x18E3,
  0x10A3, 0x49E5, 0x6286, 0x10C4, 0x3185, 0x2965, 0x41C5, 0x83AB, 0xC5B3, 0xC5B3, 0xCDD3, 0xCDD4,
  0xCDD3, 0xCDD3, 0xCDD4, 0xCDD4, 0xCDD4, 0xCDB3, 0xCDD4, 0xCDD4, 0xCDD4, 0xCDF4, 0xCDD4, 0xCDD4,
  0xCDD3, 0xCDD4, 0xCDD4, 0xCDD4, 0xCDF4, 0xCDD4, 0xCDD4, 0xCDD4, 0xCDD4, 0xCDD4, 0xCDD4, 0xCDD4,
  0xCDD4, 0xCDF4, 0xCDF4, 0xCDF4, 0xCDD4, 0xCDD3, 0xCDD4, 0xCDD4, 0xCDD4, 0xCDF4, 0xCDD4, 0xCDF4,
  0xCDD4, 0xCDD4, 0xCDD4, 0xCDF4, 0xCDF4, 0xD5F4, 0xCDF4, 0xCDF4, 0xCDD4, 0xCDD3, 0xCDD3, 0xCDD4,
  0xCDD3, 0xCDB3, 0xCDD4, 0xC5B3, 0xCDB3, 0xCDD3, 0xCDD4, 0xCDD4, 0xD614, 0x7B8C, 0x42D2, 0x6372,
  0x2988, 0x0883, 0x18C3, 0x10C3, 0x2923, 0x1081, 0x2A0E, 0x5B30, 0x29A9, 0x1928, 0x0020, 0x0020,
  0x0021, 0x0020, 0x0020, 0x0020, 0x0021, 0x0021, 0x0021, 0x0020, 0x0021, 0x0021, 0x0020, 0x0021,
  0x0021, 0x0021, 0x0021, 0x0021, 0x0021, 0x0021, 0x0021, 0x0021, 0x0021, 0x0021, 0x0021, 0x0021,
  0x0021, 0x0021, 0x0020, 0x0021, 0x0020, 0x0021, 0x0021, 0x0020, 0x0021, 0x0021, 0x0020, 0x0021,
  0x0021, 0x0021, 0x0020, 0x0021, 0x0020, 0x0021, 0x0021, 0x0021, 0x0020, 0x0020, 0x0020, 0x0021,
  0x0020, 0x0020, 0x0021, 0x0020, 0x0021, 0x0020, 0x0020, 0x0021, 0x0020, 0x0021, 0x0021, 0x0021,
  0x0020, 0x0021, 0x0021, 0x0020, 0x0020, 0x0020, 0x0021, 0x0000, 0x18C3, 0x31EC, 0x31EC, 0x426C,
  0x528A, 0x2169, 0x2168, 0x18C3, 0x2923, 0x72E7, 0x2104, 0x2965, 0x2145, 0x3164, 0x7329, 0xC5B4,
  0xC5B3, 0xCDB3, 0xCDB3, 0xCDB3, 0xCDD4, 0xCDD3, 0xCDB3, 0xCDB3, 0xCDD4, 0xCDD4, 0xCDD4, 0xCDD4,
  0xCDD4, 0xCDF4, 0xCDF4, 0xCDF4, 0xCDD3, 0xCDD4, 0xCDD4, 0xCDD4, 0xCDD4, 0xCDB3, 0xCDD4, 0xCDD4,
  0xCDD4, 0xCDD4, 0xCDD4, 0xCDD4, 0xCDF4, 0xCDF4, 0xCDD4, 0xCDD4, 0xCDD4, 0xCDD4, 0xCDD4, 0xCDD4,
  0xCDF4, 0xCDD4, 0xCDD4, 0xCDD4, 0xCDD4, 0xCDF4, 0xCDF4, 0xCDD4, 0xCDF4, 0xD614, 0xCDF4, 0xCDD3,
  0xCDD4, 0xCDD4, 0xCDD3, 0xCDD3, 0xCDD3, 0xCDD4, 0xCDD4, 0xCDD4, 0xCDD4, 0xCDF4, 0xCDD4, 0xD5F4,
  0xA4AF, 0x426E, 0x5B74, 0x4A6B, 0x0883, 0x18C3, 0x18C3, 0x18C3, 0x20E1, 0x29AA, 0x5332, 0x420A,
  0x194A, 0x0862, 0x0000, 0x0021, 0x0020, 0x0020, 0x0020, 0x0021, 0x0021, 0x0021, 0x0020, 0x0020,
  0x0021, 0x0021, 0x0021, 0x0020, 0x0020, 0x0021, 0x0021, 0x0021, 0x0020, 0x0021, 0x0020, 0x0021,
  0x0021, 0x0021, 0x0021, 0x0021, 0x0021, 0x0021, 0x0021, 0x0020, 0x0021, 0x0020, 0x0021, 0x0020,
  0x0020, 0x0021, 0x0020, 0x0020, 0x0021, 0x0020, 0x0020, 0x0021, 0x0020, 0x0021, 0x0021, 0x0021,
  0x0021, 0x0020, 0x0020, 0x0021, 0x0021, 0x0021, 0x0021, 0x0021, 0x0021, 0x0021, 0x0021, 0x0021,
  0x0021, 0x0021, 0x0021, 0x0021, 0x0021, 0x0021, 0x0020, 0x0021, 0x0020, 0x0020, 0x0021, 0x0000,
  0x18C3, 0x320D, 0x29ED, 0x29CC, 0x31CA, 0x218A, 0x1947, 0x1082, 0x6AC6, 0x3164, 0x2125, 0x2966,
  0x2965, 0x5A45, 0xB531, 0xCDD3, 0xC593, 0xCDD4, 0xCDB3, 0xCDB3, 0xCDD4, 0xCDD3, 0xCDB3, 0xCDD4,
  0xCDD3, 0xCDD4, 0xCDD4, 0xCDD4, 0xCDD4, 0xCDD4, 0xCDD4, 0xCDF4, 0xCDD3, 0xCDB3, 0xCDD4, 0xCDD4,
  0xCDD4, 0xCDD3, 0xCDB3, 0xCDB3, 0xCDB3, 0xCDD3, 0xCDD4, 0xCDD4, 0xCDD4, 0xCDD4, 0xCDD4, 0xCDD3,
  0xCDD3, 0xCDD4, 0xCDF4, 0xCDD4, 0xCDD4, 0xCDD3, 0xCDD4, 0xCDD4, 0xCDD4, 0xCDF4, 0xCDF4, 0xCDF4,
  0xCDD3, 0xCDD4, 0xCDD4, 0xCDD3, 0xCDD3, 0xCDD4, 0xCDB3, 0xCDD3, 0xCDD4, 0xCDD4, 0xCDD4, 0xCDD4,
  0xCDD4, 0xCDD4, 0xCDF4, 0xBD51, 0x52AC, 0x5355, 0x52CE, 0x10E5, 0x10A2, 0x18C3, 0x18C3, 0x10A2,
  0x10E5, 0x4AF3, 0x4A8B, 0x1949, 0x10A5, 0x0000, 0x0021, 0x0020, 0x0020, 0x0020, 0x0020, 0x0021,
  0x0021, 0x0020, 0x0020, 0x0021, 0x0020, 0x0021, 0x0021, 0x0021, 0x0020, 0x0021, 0x0021, 0x0021,
  0x0021, 0x0021, 0x0021, 0x0021, 0x0021, 0x0021, 0x0021, 0x0021, 0x0020, 0x0021, 0x0021, 0x0021,
  0x0021, 0x0021, 0x0021, 0x0020, 0x0021, 0x0020, 0x0021, 0x0021, 0x0021, 0x0021, 0x0021, 0x0021,
  0x0020, 0x0020, 0x0020, 0x0021, 0x0020, 0x0021, 0x0021, 0x0020, 0x0021, 0x0021, 0x0020, 0x0021,
  0x0021, 0x0021, 0x0020, 0x0020, 0x0021, 0x0020, 0x0021, 0x0021, 0x0021, 0x0021, 0x0020, 0x0020,
  0x0020, 0x0020, 0x0021, 0x0000, 0x18A3, 0x320D, 0x29CC, 0x29ED, 0x39EA, 0x2189, 0x1107, 0x5A45,
  0x4A26, 0x1905, 0x2965, 0x2966, 0x5225, 0xA48F, 0xCDD4, 0xC5B3, 0xCDD3, 0xCDD4, 0xCDD4, 0xCDD4,
  0xCDD4, 0xCDD4, 0xCDD4, 0xCDD4, 0xCDD4, 0xCDD4, 0xCDD4, 0xCDD3, 0xCDD3, 0xCDD3, 0xCDD4, 0xCDD4,
  0xCDD3, 0xC5B3, 0xCDD4, 0xCDD4, 0xCDD3, 0xCDD3, 0xCDD3, 0xCDD4, 0xCDD4, 0xCDD4, 0xCDD4, 0xCDD3,
  0xCDD4, 0xCDD3, 0xCDD4, 0xCDD4, 0xCDD4, 0xCDD4, 0xCDF4, 0xCDD4, 0xCDD4, 0xCDD4, 0xCDD4, 0xCDD4,
  0xCDF4, 0xCDF4, 0xCDF4, 0xCDD4, 0xCDD4, 0xCDF4, 0xCDF4, 0xCDF4, 0xCDF4, 0xCDF4, 0xCDD4, 0xCDD4,
  0xCDD4, 0xCDD4, 0xCDD4, 0xCDD4, 0xCDD3, 0xC5B3, 0xCDF4, 0x734C, 0x42D2, 0x6352, 0x2147, 0x1082,
  0x18C3, 0x10C3, 0x18C3, 0x1083, 0x3270, 0x5B2F, 0x2989, 0x1908, 0x0020, 0x0021, 0x0020, 0x0020,
  0x0021, 0x0021, 0x0021, 0x0021, 0x0020, 0x0021, 0x0020, 0x0020, 0x0021, 0x0021, 0x0020, 0x0021,
  0x0021, 0x0021, 0x0021, 0x0021, 0x0021, 0x0021, 0x0021, 0x0021, 0x0021, 0x0020, 0x0021, 0x0021,
  0x0021, 0x0020, 0x0020, 0x0020, 0x0020, 0x0021, 0x0020, 0x0021, 0x0021, 0x0021, 0x0021, 0x0021,
  0x0020, 0x0021, 0x0020, 0x0020, 0x0020, 0x0020, 0x0020, 0x0020, 0x0020, 0x0021, 0x0021, 0x0020,
  0x0020, 0x0021, 0x0020, 0x0020, 0x0021, 0x0021, 0x0021, 0x0020, 0x0021, 0x0020, 0x0021, 0x0021,
  0x0020, 0x0021, 0x0020, 0x0020, 0x0020, 0x0020, 0x0021, 0x0000, 0x20E4, 0x29CB, 0x218B, 0x29ED,
  0x31C9, 0x218A, 0x2168, 0x41C4, 0x1904, 0x2966, 0x2145, 0x39A4, 0x8BEC, 0xCDD4, 0xC593, 0xCDB3,
  0xCDD4, 0xCDD4, 0xCDD4, 0xCDD4, 0xCDD3, 0xCDD4, 0xCDD4, 0xCDD4, 0xCDD4, 0xCDF4, 0xCDD4, 0xCDF4,
  0xCDD4, 0xCDB3, 0xCDD4, 0xCDD4, 0xCDD4, 0xCDD4, 0xCDD3, 0xCDD4, 0xCDD3, 0xCDD4, 0xCDD3, 0xCDD4,
  0xCDD4, 0xCDD4, 0xCDD4, 0xCDD4, 0xCDD4, 0xCDD4, 0xCDD4, 0xCDD4, 0xCDF4, 0xCDD4, 0xCDD4, 0xCDB3,
  0xCDD4, 0xCDD4, 0xCDF4, 0xCDD4, 0xCDF4, 0xCDF4, 0xCDF4, 0xCDD4, 0xCDD4, 0xCDF4, 0xCDD4, 0xCDF4,
  0xCDD4, 0xCDD3, 0xCDB3, 0xCDB3, 0xCDD4, 0xCDD3, 0xCDD4, 0xCDD4, 0xC5B3, 0xD614, 0x8C0E, 0x3A70,
  0x5B73, 0x3A2A, 0x0883, 0x18C3, 0x18C3, 0x18E3, 0x1082, 0x31A8, 0x6351, 0x31EA, 0x194A, 0x0841,
  0x0000, 0x0021, 0x0021, 0x0021, 0x0021, 0x0021, 0x0021, 0x0021, 0x0020, 0x0020, 0x0021, 0x0021,
  0x0021, 0x0021, 0x0021, 0x0021, 0x0021, 0x0021, 0x0021, 0x0021, 0x0021, 0x0021, 0x0020, 0x0021,
  0x0020, 0x0020, 0x0021, 0x0020, 0x0021, 0x0020, 0x0021, 0x0020, 0x0020, 0x0021, 0x0020, 0x0020,
  0x0020, 0x0021, 0x0021, 0x0021, 0x0021, 0x0021, 0x0021, 0x0020, 0x0020, 0x0021, 0x0020, 0x0021,
  0x0020, 0x0020, 0x0021, 0x0021, 0x0021, 0x0020, 0x0020, 0x0021, 0x0021, 0x0021, 0x0021, 0x0021,
  0x0021, 0x0021, 0x0021, 0x0021, 0x0020, 0x0020, 0x0020, 0x0020, 0x0020, 0x0021, 0x0000, 0x2104,
  0x52CD, 0x29CA, 0x5AAA, 0x31CA, 0x1906, 0x1108, 0x2124, 0x18E3, 0x5247, 0x3186, 0x3165, 0x6AE8,
  0xC5B3, 0xC593, 0xC593, 0xC5B3, 0xCDD4, 0xCDD4, 0xCDB3, 0xCDD4, 0xCDD3, 0xCDD4, 0xCDD4, 0xCDD4,
  0xCDD4, 0xCDD4, 0xCDD4, 0xCDD4, 0xCDD4, 0xCDB3, 0xCDD4, 0xCDD3, 0xCDD4, 0xCDD3, 0xCDD4, 0xCDD4,
  0xCDF4, 0xCDD4, 0xCDD3, 0xCDD3, 0xCDD4, 0xCDD4, 0xCDD4, 0xCDD4, 0xCDD4, 0xCDF4, 0xCDF4, 0xCDD4,
  0xCDD4, 0xCDD4, 0xCDD4, 0xCDD4, 0xCDF4, 0xCDD4, 0xCDD4, 0xCDD4, 0xCDD4, 0xCDD4, 0xCDD4, 0xCDD4,
  0xCDD4, 0xCDD4, 0xCDD3, 0xCDD4, 0xCDD4, 0xCDD4, 0xCDD4, 0xCDD4, 0xCDD4, 0xCDB3, 0xCDD4, 0xCDB4,
  0xCDD4, 0xB511, 0x424B, 0x6350, 0x4AAD, 0x10C4, 0x10A3, 0x10C3, 0x18C3, 0x10A2, 0x1907, 0x5B0F,
  0x4A6A, 0x196A, 0x10A4, 0x0000, 0x0021, 0x0020, 0x0021, 0x0021, 0x0021, 0x0021, 0x0020, 0x0021,
  0x0021, 0x0021, 0x0021, 0x0021, 0x0020, 0x0021, 0x0021, 0x0021, 0x0021, 0x0021, 0x0021, 0x0021,
  0x0021, 0x0021, 0x0020, 0x0021, 0x0021, 0x0020, 0x0020, 0x0020, 0x0021, 0x0020, 0x0021, 0x0020,
  0x0020, 0x0021, 0x0020, 0x0020, 0x0020, 0x0020, 0x0020, 0x0020, 0x0020, 0x0021, 0x0020, 0x0020,
  0x0021, 0x0020, 0x0021, 0x0021, 0x0020, 0x0020, 0x0020, 0x0020, 0x0021, 0x0020, 0x0020, 0x0021,
  0x0021, 0x0020, 0x0021, 0x0020, 0x0021, 0x0020, 0x0020, 0x0020, 0x0020, 0x0020, 0x0021, 0x0020,
  0x0021, 0x0000, 0x0861, 0x5311, 0x4AAE, 0x9470, 0xE676, 0xC572, 0x942E, 0x736C, 0x4A07, 0x2124,
  0x5A25, 0x3984, 0x5A66, 0xB511, 0xCDD4, 0xC5B3, 0xC5B3, 0xCDB3, 0xCDD4, 0xCDD4, 0xCDD4, 0xCDD4,
  0xCDD4, 0xCDD4, 0xCDB3, 0xCDB3, 0xCDD3, 0xCDD4, 0xCDD4, 0xCDD3, 0xCDB3, 0xCDB3, 0xCDD4, 0xCDD3,
  0xCDD4, 0xCDD4, 0xCDD4, 0xCDD3, 0xCDD4, 0xCDD4, 0xCDB3, 0xCDD3, 0xCDD4, 0xCDD4, 0xCDD4, 0xCDD4,
  0xCDD4, 0xCDF4, 0xCDF4, 0xCDD4, 0xCDD4, 0xCDD4, 0xCDD4, 0xCDF4, 0xCDF4, 0xCDF4, 0xCDD4, 0xCDD4,
  0xCDD4, 0xCDD4, 0xCDD4, 0xCDD4, 0xCDD4, 0xCDD4, 0xCDD4, 0xCDD4, 0xCDD4, 0xCDD4, 0xCDF4, 0xCDF4,
  0xCDD4, 0xCDB3, 0xC5B3, 0xCDB4, 0xC592, 0x5ACC, 0x52AC, 0x5AAA, 0x1906, 0x10A2, 0x18C3, 0x10C3,
  0x18C3, 0x10C4, 0x42B2, 0x52EE, 0x2169, 0x10E6, 0x0000, 0x0021, 0x0020, 0x0020, 0x0020, 0x0020,
  0x0020, 0x0021, 0x0020, 0x0021, 0x0021, 0x0021, 0x0021, 0x0021, 0x0021, 0x0021, 0x0021, 0x0021,
  0x0021, 0x0021, 0x0021, 0x0021, 0x0021, 0x0021, 0x0021, 0x0021, 0x0021, 0x0021, 0x0021, 0x0021,
  0x0020, 0x0021, 0x0021, 0x0021, 0x0020, 0x0020, 0x0021, 0x0020, 0x0021, 0x0020, 0x0020, 0x0020,
  0x0020, 0x0021, 0x0020, 0x0020, 0x0021, 0x0020, 0x0020, 0x0021, 0x0020, 0x0021, 0x0021, 0x0021,
  0x0020, 0x0021, 0x0020, 0x0021, 0x0021, 0x0020, 0x0020, 0x0020, 0x0020, 0x0020, 0x0020, 0x0020,
  0x0020, 0x0021, 0x0020, 0x0021, 0x0021, 0x0000, 0x428E, 0x4AF2, 0x7BCE, 0xD635, 0xCDF5, 0xD636,
  0xDE56, 0xDE76, 0xCDD4, 0xB532, 0x7BAE, 0x5268, 0x838C, 0xC573, 0xC592, 0xCDD4, 0xCDD4, 0xCDD4,
  0xCDD3, 0xCDB3, 0xCDD4, 0xCDD3, 0xCDD3, 0xCDD3, 0xCDD3, 0xCDD4, 0xCDD4, 0xCDD4, 0xCDD4, 0xCDD4,
  0xCDD4, 0xCDD4, 0xCDD4, 0xCDD4, 0xCDD3, 0xCDD4, 0xCDD4, 0xCDD4, 0xCDD4, 0xCDD4, 0xCDB3, 0xCDD3,
  0xCDB3, 0xCDD4, 0xCDD4, 0xCDD4, 0xCDD4, 0xCDD4, 0xCDD4, 0xCDD4, 0xCDF4, 0xCDD4, 0xCDD3, 0xCDD4,
  0xCDF4, 0xCDD4, 0xCDD4, 0xCDD4, 0xCDD4, 0xCDD4, 0xCDD4, 0xCDD4, 0xCDD4, 0xCDF4, 0xCDD4, 0xCDD4,
  0xCDD4, 0xCDB3, 0xCDD4, 0xCDD4, 0xCDD3, 0xCDD4, 0xC5B3, 0xD5F4, 0x83AD, 0x42B1, 0x6351, 0x3187,
  0x0882, 0x18C3, 0x10C3, 0x18C3, 0x1082, 0x2A0E, 0x5B31, 0x31A8, 0x1929, 0x0021, 0x0020, 0x0020,
  0x0020, 0x0020, 0x0020, 0x0021, 0x0021, 0x0021, 0x0021, 0x0020, 0x0021, 0x0021, 0x0020, 0x0021,
  0x0021, 0x0021, 0x0021, 0x0021, 0x0021, 0x0021, 0x0021, 0x0021, 0x0021, 0x0021, 0x0021, 0x0021,
  0x0020, 0x0021, 0x0021, 0x0020, 0x0021, 0x0020, 0x0021, 0x0021, 0x0020, 0x0021, 0x0020, 0x0021,
  0x0021, 0x0021, 0x0020, 0x0021, 0x0020, 0x0021, 0x0021, 0x0020, 0x0020, 0x0021, 0x0020, 0x0021,
  0x0020, 0x0021, 0x0021, 0x0021, 0x0021, 0x0020, 0x0021, 0x0021, 0x0020, 0x0021, 0x0021, 0x0021,
  0x0021, 0x0021, 0x0020, 0x0020, 0x0021, 0x0020, 0x0020, 0x0021, 0x0000, 0x31C9, 0x5355, 0x632D,
  0xCDF4, 0xD615, 0xCDF5, 0xD615, 0xCDF5, 0xCDF5, 0xCDF5, 0xD615, 0xDE56, 0xB512, 0xAD12, 0xAD12,
  0x9C6F, 0xA4D0, 0xB532, 0xC5B3, 0xCDD4, 0xCDD3, 0xC593, 0xC593, 0xCDB3, 0xCDD4, 0xCDD4, 0xCDD4,
  0xCDD4, 0xCDF4, 0xCDD4, 0xCDD4, 0xCDD4, 0xCDD4, 0xCDD4, 0xCDD4, 0xCDD4, 0xCDD4, 0xCDD4, 0xCDD4,
  0xCDF4, 0xCDD4, 0xCDD4, 0xCDB3, 0xC5B3, 0xCDB3, 0xCDD3, 0xCDD4, 0xCDD4, 0xCDD3, 0xCDD3, 0xCDD4,
  0xCDD4, 0xCDD4, 0xCDD4, 0xCDD4, 0xCDB3, 0xCDD3, 0xCDD4, 0xCDD4, 0xCDD4, 0xCDD4, 0xCDD4, 0xCDD4,
  0xCDD4, 0xCDD3, 0xCDD3, 0xCDD4, 0xCDD4, 0xCDD4, 0xCDD4, 0xCDD4, 0xCDD3, 0xC5B3, 0xD5F4, 0xA48F,
  0x428E, 0x5354, 0x3A2B, 0x18C3, 0x18C2, 0x10A3, 0x18C3, 0x10A2, 0x1949, 0x5333, 0x420A, 0x194A,
  0x0863, 0x0000, 0x0021, 0x0020, 0x0020, 0x0020, 0x0020, 0x0021, 0x0021, 0x0021, 0x0021, 0x0021,
  0x0021, 0x0021, 0x0021, 0x0020, 0x0021, 0x0021, 0x0021, 0x0021, 0x0021, 0x0021, 0x0020, 0x0021,
  0x0021, 0x0021, 0x0020, 0x0021, 0x0021, 0x0020, 0x0021, 0x0021, 0x0020, 0x0020, 0x0020, 0x0021,
  0x0021, 0x0021, 0x0021, 0x0021, 0x0021, 0x0020, 0x0020, 0x0021, 0x0021, 0x0021, 0x0020, 0x0020,
  0x0020, 0x0021, 0x0020, 0x0021, 0x0021, 0x0021, 0x0020, 0x0021, 0x0021, 0x0021, 0x0020, 0x0021,
  0x0020, 0x0020, 0x0021, 0x0020, 0x0021, 0x0021, 0x0020, 0x0020, 0x0020, 0x0020, 0x0021, 0x0000,
  0x2105, 0x5375, 0x4ACE, 0xBD73, 0xD636, 0xCDF5, 0xD5F5, 0xD615, 0xD615, 0xCDF5, 0xCDF5, 0xD615,
  0xACF1, 0xB552, 0xDE56, 0xD636, 0xCDF5, 0xBD73, 0xAD12, 0x9C6F, 0x9C8F, 0xACF1, 0xC593, 0xCDF4,
  0xCDD4, 0xCDD4, 0xC5B3, 0xCDD4, 0xCDD3, 0xCDD4, 0xCDD3, 0xCDB3, 0xCDD4, 0xCDD4, 0xCDD4, 0xCDF4,
  0xCDF4, 0xCDD4, 0xCDD4, 0xCDD4, 0xCDD4, 0xCDD4, 0xCDD4, 0xCDD3, 0xCDB3, 0xCDB3, 0xCDD3, 0xCDD4,
  0xCDD4, 0xCDD4, 0xCDD4, 0xCDD4, 0xCDD4, 0xCDD4, 0xCDD4, 0xCDD4, 0xCDD4, 0xCDD4, 0xCDD4, 0xCDD4,
  0xCDF4, 0xCDD4, 0xCDD4, 0xCDD4, 0xCDD4, 0xCDD3, 0xCDB3, 0xCDD4, 0xCDF4, 0xCDD4, 0xCDD4, 0xCDD4,
  0xCDD4, 0xCDD4, 0xBD72, 0x52CC, 0x4B34, 0x5B0F, 0x1906, 0x2902, 0x18E2, 0x10C3, 0x10A2, 0x10C4,
  0x4AF2, 0x52AC, 0x2169, 0x10C5, 0x0000, 0x0021, 0x0020, 0x0020, 0x0020, 0x0020, 0x0020, 0x0021,
  0x0021, 0x0020, 0x0020, 0x0021, 0x0021, 0x0021, 0x0021, 0x0021, 0x0021, 0x0021, 0x0021, 0x0021,
  0x0021, 0x0021, 0x0021, 0x0021, 0x0021, 0x0021, 0x0021, 0x0021, 0x0020, 0x0020, 0x0021, 0x0021,
  0x0020, 0x0021, 0x0020, 0x0020, 0x0021, 0x0021, 0x0021, 0x0020, 0x0021, 0x0021, 0x0021, 0x0020,
  0x0021, 0x0020, 0x0020, 0x0021, 0x0020, 0x0021, 0x0021, 0x0021, 0x0021, 0x0021, 0x0021, 0x0021,
  0x0020, 0x0021, 0x0020, 0x0021, 0x0021, 0x0021, 0x0021, 0x0020, 0x0021, 0x0020, 0x0020, 0x0020,
  0x0020, 0x0021, 0x0000, 0x0841, 0x5B0F, 0x4AF1, 0x9C70, 0xD635, 0xCE15, 0xD615, 0xD615, 0xD615,
  0xCDF5, 0xD615, 0xD615, 0xC5B4, 0xB532, 0xD615, 0xCDF5, 0xCDF5, 0xD615, 0xD635, 0xD636, 0xCDF5,
  0xC594, 0xB512, 0x944F, 0x9C6F, 0xACF0, 0xBD72, 0xCDD3, 0xCDF4, 0xCDD4, 0xC5B3, 0xCDD4, 0xCDD3,
  0xCDD4, 0xCDD4, 0xCDB3, 0xCDD4, 0xCDD4, 0xCDD4, 0xCDB3, 0xCDD4, 0xCDD4, 0xCDD4, 0xCDD4, 0xCDD4,
  0xCDD4, 0xCDD4, 0xCDD3, 0xCDD4, 0xCDD4, 0xCDD4, 0xCDF4, 0xCDD4, 0xCDB3, 0xCDB3, 0xCDD4, 0xCDD4,
  0xCDD4, 0xCDD4, 0xCDF4, 0xCDF4, 0xCDF4, 0xCDD4, 0xCDD3, 0xCDB3, 0xCDD4, 0xCDD4, 0xCDD4, 0xCDD4,
  0xCDD4, 0xCDD4, 0xCDD3, 0xCDB3, 0xCDD4, 0xD5F4, 0x6B4C, 0x42D3, 0x5B51, 0x2967, 0x18C3, 0x4163,
  0x10A2, 0x18C3, 0x1082, 0x324F, 0x5B10, 0x2989, 0x1928, 0x0020, 0x0020, 0x0020, 0x0021, 0x0020,
  0x0020, 0x0021, 0x0020, 0x0021, 0x0021, 0x0021, 0x0021, 0x0021, 0x0021, 0x0021, 0x0021, 0x0021,
  0x0021, 0x0021, 0x0021, 0x0021, 0x0021, 0x0021, 0x0021, 0x0021, 0x0021, 0x0021, 0x0021, 0x0020,
  0x0021, 0x0021, 0x0021, 0x0021, 0x0021, 0x0021, 0x0021, 0x0020, 0x0021, 0x0021, 0x0021, 0x0021,
  0x0021, 0x0021, 0x0021, 0x0021, 0x0021, 0x0021, 0x0021, 0x0021, 0x0020, 0x0020, 0x0020, 0x0020,
  0x0020, 0x0021, 0x0020, 0x0021, 0x0021, 0x0020, 0x0021, 0x0021, 0x0021, 0x0021, 0x0021, 0x0020,
  0x0021, 0x0020, 0x0020, 0x0020, 0x0021, 0x0020, 0x0020, 0x630C, 0x5AEE, 0x6B6D, 0xDE56, 0xD636,
  0xD635, 0xD615, 0xD615, 0xD615, 0xD615, 0xD636, 0xCDF5, 0xACF1, 0xCE15, 0xD615, 0xD615, 0xD615,
  0xD616, 0xD615, 0xCDF5, 0xCDF5, 0xD615, 0xD636, 0xACF1, 0xBD73, 0xB552, 0xA4D1, 0xA4B0, 0xACF1,
  0xBD93, 0xCDD4, 0xCDF4, 0xCDD4, 0xCDB3, 0xCDB3, 0xCDB3, 0xC593, 0xCDB3, 0xCDB3, 0xCDB3, 0xCDD4,
  0xCDD4, 0xCDB3, 0xCDD3, 0xCDD4, 0xCDD4, 0xCDF4, 0xCDD4, 0xCDD4, 0xCDD3, 0xCDD4, 0xCDD4, 0xCDD4,
  0xCDB3, 0xCDB3, 0xCDD4, 0xCDD4, 0xCDD4, 0xCDF4, 0xCDF4, 0xCDF4, 0xCDF4, 0xCDD3, 0xCDB3, 0xC5B3,
  0xCDB3, 0xCDD4, 0xCDD4, 0xCDD4, 0xCDD4, 0xCDD3, 0xCDD4, 0xC5B3, 0xD614, 0x942E, 0x4290, 0x5B74,
  0x3A0A, 0x10A4, 0x18C3, 0x3122, 0x2104, 0x1081, 0x218A, 0x5B53, 0x39EA, 0x1949, 0x0842, 0x0000,
  0x0021, 0x0020, 0x0021, 0x0021, 0x0021, 0x0021, 0x0021, 0x0021, 0x0021, 0x0020, 0x0021, 0x0021,
  0x0021, 0x0021, 0x0021, 0x0021, 0x0021, 0x0021, 0x0021, 0x0021, 0x0021, 0x0021, 0x0021, 0x0021,
  0x0021, 0x0021, 0x0021, 0x0021, 0x0021, 0x0021, 0x0021, 0x0021, 0x0020, 0x0020, 0x0021, 0x0021,
  0x0021, 0x0021, 0x0021, 0x0021, 0x0021, 0x0021, 0x0021, 0x0021, 0x0021, 0x0021, 0x0021, 0x0021,
  0x0020, 0x0020, 0x0021, 0x0021, 0x0021, 0x0021, 0x0021, 0x0021, 0x0021, 0x0020, 0x0021, 0x0020,
  0x0020, 0x0020, 0x0020, 0x0021, 0x0020, 0x0020, 0x0020, 0x0021, 0x0021, 0x0000, 0x7B8C, 0xE697,
  0xBD94, 0xACF1, 0xAD12, 0xBD73, 0xC5B4, 0xCDF4, 0xD636, 0xD636, 0xCDF5, 0xD5F5, 0xB532, 0xCDD4,
  0xD5F5, 0xD615, 0xD616, 0xD615, 0xD615, 0xD615, 0xD615, 0xCE15, 0xCDF5, 0xB532, 0xCDD4, 0xD615,
  0xD636, 0xD636, 0xCDD4, 0xB552, 0xA4D1, 0xA4B0, 0xACD0, 0xC5B3, 0xCDD3, 0xCDD3, 0xCDB4, 0xC5B3,
  0xCDB3, 0xCDD4, 0xCDB3, 0xCDB3, 0xCDD3, 0xCDD4, 0xCDB3, 0xCDD4, 0xCDF4, 0xCDF4, 0xCDD4, 0xCDD4,
  0xCDD4, 0xCDD3, 0xCDD3, 0xCDD4, 0xCDD4, 0xCDD4, 0xCDD3, 0xCDD3, 0xCDD4, 0xD5F4, 0xCDF4, 0xCDD4,
  0xCDD4, 0xCDD4, 0xCDB3, 0xCDD3, 0xCDD3, 0xCDD4, 0xCDD4, 0xCDD4, 0xCDD4, 0xC5B3, 0xCDD4, 0xD615,
  0xB510, 0x4AAD, 0x5375, 0x52AD, 0x10C4, 0x18C3, 0x10C3, 0x2103, 0x20E2, 0x1907, 0x4AF2, 0x4A8C,
  0x196A, 0x10A4, 0x0000, 0x0021, 0x0021, 0x0021, 0x0020, 0x0020, 0x0021, 0x0021, 0x0021, 0x0021,
  0x0020, 0x0021, 0x0021, 0x0021, 0x0021, 0x0021, 0x0021, 0x0021, 0x0021, 0x0021, 0x0021, 0x0021,
  0x0021, 0x0021, 0x0021, 0x0021, 0x0021, 0x0020, 0x0021, 0x0020, 0x0021, 0x0020, 0x0020, 0x0021,
  0x0021, 0x0021, 0x0020, 0x0020, 0x0021, 0x0021, 0x0021, 0x0021, 0x0021, 0x0021, 0x0021, 0x0021,
  0x0021, 0x0021, 0x0021, 0x0021, 0x0020, 0x0020, 0x0021, 0x0021, 0x0020, 0x0020, 0x0021, 0x0021,
  0x0021, 0x0020, 0x0020, 0x0020, 0x0021, 0x0020, 0x0020, 0x0021, 0x0020, 0x0021, 0x0020, 0x0021,
  0x0000, 0x1082, 0x8C0E, 0xA4B0, 0xC594, 0xD656, 0xD636, 0xC5B4, 0xB532, 0xAD12, 0xBD53, 0xC593,
  0xD5F5, 0xB532, 0xBD73, 0xD636, 0xCDF5, 0xD615, 0xD615, 0xD615, 0xD615, 0xD615, 0xD615, 0xD636,
  0xBD73, 0xBD73, 0xD636, 0xCE15, 0xCDF5, 0xCDF4, 0xD615, 0xDE56, 0xDE36, 0xCDD4, 0xBD73, 0x942E,
  0x9C4F, 0xA48F, 0xB511, 0xCDD3, 0xCDF4, 0xCDD4, 0xCDD4, 0xC5B3, 0xCDB3, 0xCDD4, 0xCDB3, 0xCDB3,
  0xCDD3, 0xCDD4, 0xCDD4, 0xCDD4, 0xCDB3, 0xC5B3, 0xCDD4, 0xCDD4, 0xCDD4, 0xCDD4, 0xCDD4, 0xCDD3,
  0xCDD4, 0xCDF4, 0xCDB3, 0xCDD4, 0xCDD4, 0xCDD4, 0xC5B3, 0xCDD4, 0xCDF4, 0xCDF4, 0xCDD4, 0xCDF4,
  0xCDF4, 0xC5B3, 0xC5B3, 0xCDD3, 0x630C, 0x4AF4, 0x5B30, 0x2147, 0x1082, 0x10C3, 0x10C3, 0x2902,
  0x18A2, 0x3A91, 0x5AEF, 0x2189, 0x1907, 0x0000, 0x0021, 0x0020, 0x0021, 0x0021, 0x0020, 0x0020,
  0x0021, 0x0021, 0x0020, 0x0021, 0x0021, 0x0021, 0x0020, 0x0021, 0x0021, 0x0021, 0x0021, 0x0020,
  0x0021, 0x0020, 0x0021, 0x0021, 0x0020, 0x0021, 0x0021, 0x0021, 0x0021, 0x0021, 0x0021, 0x0021,
  0x0020, 0x0021, 0x0021, 0x0021, 0x0021, 0x0021, 0x0020, 0x0021, 0x0021, 0x0020, 0x0021, 0x0021,
  0x0021, 0x0021, 0x0021, 0x0021, 0x0021, 0x0021, 0x0021, 0x0021, 0x0020, 0x0021, 0x0020, 0x0021,
  0x0021, 0x0020, 0x0021, 0x0021, 0x0021, 0x0020, 0x0021, 0x0020, 0x0021, 0x0021, 0x0020, 0x0020,
  0x0020, 0x0020, 0x0020, 0x0021, 0x0000, 0x0841, 0x6AE9, 0x7B4B, 0x7B6B, 0x8C0E, 0xA4B0, 0xC593,
  0xD656, 0xDE56, 0xACF1, 0xACF1, 0xAD11, 0xA4B1, 0xC5B4, 0xCDF5, 0xD615, 0xD635, 0xD5F5, 0xCDF5,
  0xCDF5, 0xCDF5, 0xD615, 0xCDD4, 0xB553, 0xD615, 0xCDF5, 0xD615, 0xD615, 0xD615, 0xD615, 0xCE15,
  0xCDF5, 0xD636, 0xCDF5, 0xACF1, 0xCDF5, 0xBD73, 0xA4D0, 0xA4D0, 0xACF1, 0xB532, 0xC593, 0xCDD4,
  0xCDD4, 0xCDB3, 0xC5B3, 0xC5B3, 0xCDD4, 0xCDD4, 0xCDD4, 0xCDD4, 0xCDD4, 0xCDD4, 0xCDD3, 0xCDD3,
  0xCDB3, 0xCDD3, 0xCDF4, 0xCDD4, 0xCDB3, 0xCDD4, 0xCDD4, 0xCDB3, 0xCDD4, 0xCDD3, 0xCDD4, 0xCDD4,
  0xCDD4, 0xCDF4, 0xCDF4, 0xCDD3, 0xCDB3, 0xC5B3, 0xD5F4, 0x83AD, 0x42B1, 0x5B73, 0x31A9, 0x0883,
  0x18C3, 0x10A3, 0x10C3, 0x18A2, 0x29CC, 0x5B31, 0x31E9, 0x1949, 0x0041, 0x0000, 0x0021, 0x0020,
  0x0020, 0x0021, 0x0021, 0x0021, 0x0021, 0x0021, 0x0021, 0x0021, 0x0021, 0x0020, 0x0021, 0x0021,
  0x0021, 0x0021, 0x0021, 0x0021, 0x0021, 0x0021, 0x0021, 0x0021, 0x0021, 0x0020, 0x0021, 0x0021,
  0x0021, 0x0020, 0x0021, 0x0021, 0x0021, 0x0021, 0x0021, 0x0021, 0x0021, 0x0020, 0x0021, 0x0021,
  0x0021, 0x0020, 0x0020, 0x0021, 0x0021, 0x0021, 0x0021, 0x0021, 0x0021, 0x0021, 0x0021, 0x0021,
  0x0020, 0x0020, 0x0020, 0x0020, 0x0021, 0x0021, 0x0020, 0x0021, 0x0020, 0x0021, 0x0021, 0x0020,
  0x0020, 0x0021, 0x0021, 0x0020, 0x0021, 0x0020, 0x0020, 0x0021, 0x0020, 0x31CA, 0x2125, 0x41C5,
  0x62C9, 0x732A, 0x7B6B, 0x83AC, 0x8C0E, 0x942E, 0xACF2, 0xD636, 0xD636, 0xD615, 0xB552, 0xAD12,
  0xB532, 0xBD93, 0xCDD4, 0xD615, 0xD636, 0xCDF5, 0xCDD4, 0xACF1, 0xD615, 0xD615, 0xD615, 0xD615,
  0xD615, 0xD615, 0xD636, 0xD615, 0xD636, 0xCDD4, 0xAD12, 0xD636, 0xD5F5, 0xD615, 0xD636, 0xCDF5,
  0xBD73, 0xACF1, 0x9C8F, 0xA4D0, 0xBD52, 0xC592, 0xCDD3, 0xCDF4, 0xCDD4, 0xCDD4, 0xCDD4, 0xCDF4,
  0xCDD4, 0xCDD3, 0xCDB3, 0xCDD4, 0xCDD4, 0xCDB3, 0xCDD4, 0xCDD4, 0xCDD3, 0xCDD4, 0xCDD4, 0xCDB3,
  0xCDB3, 0xCDD4, 0xCDD4, 0xCDD4, 0xCDD4, 0xCDD4, 0xCDD4, 0xCDD4, 0xCDD4, 0xD5F4, 0xA4AF, 0x428D,
  0x5354, 0x4A8C, 0x08A4, 0x10A2, 0x10C3, 0x18C3, 0x1082, 0x2126, 0x5B51, 0x424A, 0x194A, 0x0883,
  0x0000, 0x0021, 0x0020, 0x0020, 0x0020, 0x0021, 0x0020, 0x0020, 0x0021, 0x0021, 0x0021, 0x0021,
  0x0021, 0x0021, 0x0021, 0x0021, 0x0021, 0x0021, 0x0021, 0x0021, 0x0020, 0x0020, 0x0021, 0x0021,
  0x0021, 0x0021, 0x0021, 0x0020, 0x0021, 0x0021, 0x0021, 0x0020, 0x0021, 0x0020, 0x0020, 0x0021,
  0x0021, 0x0021, 0x0021, 0x0021, 0x0021, 0x0020, 0x0021, 0x0021, 0x0021, 0x0021, 0x0021, 0x0020,
  0x0021, 0x0021, 0x0020, 0x0020, 0x0020, 0x0021, 0x0020, 0x0021, 0x0021, 0x0020, 0x0020, 0x0020,
  0x0020, 0x0020, 0x0020, 0x0021, 0x0020, 0x0021, 0x0020, 0x0021, 0x0021, 0x0020, 0x0021, 0x0000,
  0x31CA, 0x42B0, 0x1904, 0x2104, 0x18E3, 0x2104, 0x41E6, 0x5A88, 0x732A, 0x730A, 0x7B8B, 0x8C0E,
  0x9C90, 0xB552, 0xCE15, 0xDE56, 0xCDF5, 0xB552, 0xACF1, 0xB553, 0xC5B4, 0xCDF5, 0xB511, 0xC5B4,
  0xD615, 0xD615, 0xD615, 0xD615, 0xD615, 0xD615, 0xCDF5, 0xD615, 0xDE56, 0xB532, 0xC5B4, 0xD636,
  0xD615, 0xD616, 0xCDF5, 0xCDF4, 0xD636, 0xD635, 0xD615, 0xBD93, 0x8C0E, 0xA4B0, 0xA4B0, 0xB511,
  0xC593, 0xCDF4, 0xCDF4, 0xCDD3, 0xCDB3, 0xCDB3, 0xCDD4, 0xCDD4, 0xCDD4, 0xCDD3, 0xCDB3, 0xCDD3,
  0xCDD4, 0xCDD4, 0xCDB3, 0xCDD4, 0xCDD4, 0xCDD4, 0xCDB3, 0xCDD4, 0xCDD4, 0xCDB3, 0xCDF4, 0xBD72,
  0xBD31, 0xBD30, 0x5ACC, 0x5355, 0x5B0F, 0x1906, 0x10A2, 0x10C3, 0x10C3, 0x10A2, 0x10C5, 0x4AF0,
  0x5ACA, 0x196A, 0x10C6, 0x0000, 0x0021, 0x0020, 0x0020, 0x0020, 0x0021, 0x0020, 0x0020, 0x0021,
  0x0021, 0x0021, 0x0021, 0x0020, 0x0021, 0x0020, 0x0021, 0x0021, 0x0021, 0x0021, 0x0021, 0x0021,
  0x0020, 0x0020, 0x0021, 0x0021, 0x0020, 0x0021, 0x0021, 0x0021, 0x0020, 0x0020, 0x0020, 0x0021,
  0x0020, 0x0021, 0x0020, 0x0021, 0x0021, 0x0021, 0x0021, 0x0021, 0x0021, 0x0020, 0x0021, 0x0020,
  0x0021, 0x0021, 0x0021, 0x0020, 0x0021, 0x0021, 0x0020, 0x0020, 0x0020, 0x0021, 0x0021, 0x0020,
  0x0020, 0x0020, 0x0020, 0x0020, 0x0021, 0x0020, 0x0020, 0x0021, 0x0020, 0x0020, 0x0021, 0x0020,
  0x0020, 0x0021, 0x0000, 0x18E5, 0x4AF2, 0x2125, 0x2965, 0x2965, 0x2965, 0x2145, 0x1904, 0x18C3,
  0x2124, 0x3185, 0x5247, 0x730A, 0x7B4B, 0x83AC, 0x8BED, 0x9C90, 0xB553, 0xCDF5, 0xD636, 0xCDF5,
  0xC593, 0xA4B0, 0x9C90, 0xBD93, 0xC5B4, 0xD615, 0xD615, 0xD615, 0xD615, 0xD615, 0xCDF4, 0xD635,
  0xBD53, 0xBD93, 0xD635, 0xD5F5, 0xD615, 0xD615, 0xD615, 0xD615, 0xCDF5, 0xCDD4, 0xD635, 0xBD53,
  0xBD73, 0xD615, 0xC593, 0xACF1, 0xA4B0, 0xA4B0, 0xB511, 0xC572, 0xCDD3, 0xCDD4, 0xCDB3, 0xC5B3,
  0xC5B3, 0xCDD4, 0xCDD4, 0xCDD4, 0xCDD4, 0xCDD4, 0xCDD4, 0xC5B3, 0xCDD4, 0xCDD4, 0xCDD4, 0xCDD4,
  0xCDD4, 0xCDF4, 0xC593, 0x734B, 0x632F, 0x5ACB, 0x426D, 0x52EF, 0x2968, 0x0883, 0x10C3, 0x10A3,
  0x18C3, 0x1082, 0x322E, 0x5B31, 0x2989, 0x1928, 0x0020, 0x0020, 0x0021, 0x0021, 0x0020, 0x0020,
  0x0020, 0x0021, 0x0021, 0x0020, 0x0021, 0x0021, 0x0020, 0x0021, 0x0021, 0x0020, 0x0020, 0x0020,
  0x0020, 0x0021, 0x0021, 0x0021, 0x0020, 0x0021, 0x0021, 0x0020, 0x0021, 0x0021, 0x0021, 0x0021,
  0x0021, 0x0021, 0x0021, 0x0021, 0x0020, 0x0021, 0x0021, 0x0021, 0x0021, 0x0021, 0x0021, 0x0021,
  0x0021, 0x0021, 0x0021, 0x0020, 0x0021, 0x0021, 0x0021, 0x0021, 0x0021, 0x0021, 0x0020, 0x0020,
  0x0020, 0x0020, 0x0020, 0x0021, 0x0020, 0x0021, 0x0021, 0x0020, 0x0021, 0x0021, 0x0020, 0x0021,
  0x0020, 0x0020, 0x0020, 0x0020, 0x0021, 0x0000, 0x0861, 0x4AD2, 0x2988, 0x2124, 0x2965, 0x2945,
  0x2945, 0x2965, 0x2945, 0x2965, 0x2145, 0x1904, 0x18E3, 0x2104, 0x39A5, 0x5A88, 0x732A, 0x7B6B,
  0x838C, 0x83CD, 0x944F, 0xB512, 0xBD93, 0xBD73, 0xD656, 0xBD73, 0xB512, 0xB532, 0xBD73, 0xCDF5,
  0xD615, 0xD615, 0xD636, 0xC5B4, 0xB553, 0xD636, 0xCDD4, 0xCDF4, 0xD615, 0xCDF5, 0xD615, 0xD5F5,
  0xCDF5, 0xD615, 0xC593, 0xB532, 0xD615, 0xCDD4, 0xD615, 0xD636, 0xD636, 0xC5D4, 0xB512, 0xA4B0,
  0xA4D0, 0xA48F, 0xBD72, 0xCDD4, 0xCDD4, 0xCDD4, 0xC5B3, 0xC5B3, 0xC5B3, 0xCDD3, 0xCDD4, 0xCDD4,
  0xCDD3, 0xCDD4, 0xCDD4, 0xCDF4, 0xCDF4, 0xD615, 0x8C0D, 0x52F1, 0x4B14, 0x4B13, 0x5B52, 0x62EA,
  0x1082, 0x18C3, 0x10C3, 0x10C3, 0x1081, 0x218A, 0x5332, 0x4209, 0x194A, 0x0862, 0x0000, 0x0021,
  0x0020, 0x0021, 0x0020, 0x0021, 0x0020, 0x0021, 0x0021, 0x0020, 0x0021, 0x0021, 0x0021, 0x0021,
  0x0021, 0x0021, 0x0020, 0x0021, 0x0021, 0x0020, 0x0020, 0x0021, 0x0021, 0x0020, 0x0020, 0x0020,
  0x0021, 0x0021, 0x0021, 0x0021, 0x0021, 0x0021, 0x0020, 0x0021, 0x0021, 0x0021, 0x0021, 0x0021,
  0x0021, 0x0021, 0x0021, 0x0021, 0x0021, 0x0021, 0x0021, 0x0021, 0x0021, 0x0021, 0x0021, 0x0020,
  0x0021, 0x0021, 0x0020, 0x0020, 0x0020, 0x0020, 0x0021, 0x0020, 0x0021, 0x0020, 0x0021, 0x0021,
  0x0020, 0x0021, 0x0021, 0x0021, 0x0020, 0x0021, 0x0020, 0x0020, 0x0021, 0x0000, 0x426D, 0x424B,
  0x2923, 0x2145, 0x2125, 0x2945, 0x2945, 0x2145, 0x2145, 0x2145, 0x2145, 0x2945, 0x2965, 0x2145,
  0x1904, 0x18E3, 0x1904, 0x3185, 0x5248, 0x6AE9, 0x7B4A, 0x7B6B, 0x6AEA, 0x942E, 0xAD12, 0xCDF5,
  0xD636, 0xCE15, 0xC593, 0xB512, 0xB532, 0xBD94, 0xC5B4, 0xB512, 0xD636, 0xD615, 0xCDF5, 0xCDF5,
  0xCE15, 0xD615, 0xD615, 0xCDF4, 0xD615, 0xCE15, 0xB532, 0xD615, 0xD615, 0xCDF5, 0xCDF5, 0xCDF5,
  0xCDF5, 0xD615, 0xD635, 0xD636, 0xB532, 0x9C6F, 0xA4D0, 0x9C6F, 0xACF1, 0xBD73, 0xCDD4, 0xCDD4,
  0xCDD3, 0xC5B3, 0xC5B3, 0xCDB3, 0xCDB3, 0xCDB4, 0xCDD4, 0xCDD4, 0xD615, 0xACD0, 0x62CA, 0x6B91,
  0x5B52, 0x4B14, 0x6351, 0x39C7, 0x10A2, 0x10C3, 0x18C3, 0x10A2, 0x18E5, 0x4B13, 0x528C, 0x1969,
  0x10C5, 0x0000, 0x0021, 0x0020, 0x0021, 0x0021, 0x0021, 0x0021, 0x0020, 0x0020, 0x0021, 0x0021,
  0x0021, 0x0021, 0x0021, 0x0021, 0x0021, 0x0021, 0x0020, 0x0021, 0x0020, 0x0020, 0x0021, 0x0021,
  0x0021, 0x0021, 0x0021, 0x0020, 0x0020, 0x0021, 0x0021, 0x0021, 0x0020, 0x0021, 0x0021, 0x0021,
  0x0021, 0x0021, 0x0021, 0x0021, 0x0021, 0x0021, 0x0021, 0x0021, 0x0021, 0x0021, 0x0020, 0x0021,
  0x0020, 0x0021, 0x0020, 0x0021, 0x0020, 0x0021, 0x0020, 0x0020, 0x0020, 0x0020, 0x0021, 0x0020,
  0x0020, 0x0020, 0x0020, 0x0021, 0x0020, 0x0020, 0x0020, 0x0020, 0x0020, 0x0021, 0x0020, 0x0021,
  0x0000, 0x39EA, 0x428F, 0x3984, 0x49E5, 0x4A05, 0x41C5, 0x2965, 0x2125, 0x2125, 0x2145, 0x2965,
  0x2945, 0x2145, 0x2145, 0x2145, 0x2945, 0x2965, 0x2945, 0x2124, 0x18E3, 0x18E3, 0x3165, 0x5247,
  0x5A88, 0x730A, 0x7B6B, 0x7B6C, 0x8C0E, 0xACF1, 0xCDF5, 0xD636, 0xCDF5, 0xBD93, 0x9C6F, 0xACF1,
  0xBD73, 0xC5D4, 0xD615, 0xD635, 0xD5F5, 0xCDF5, 0xCDF5, 0xCDF5, 0xD615, 0xB512, 0xCDD4, 0xD615,
  0xCDF5, 0xCDF5, 0xD615, 0xD615, 0xD5F5, 0xCDF5, 0xCDF5, 0xC5B4, 0xACF1, 0xD656, 0xD615, 0xCDD4,
  0xB532, 0xA4B0, 0x9C6F, 0xACD0, 0xB532, 0xC5B3, 0xCDF4, 0xCDD3, 0xCDB4, 0xC5B3, 0xCDD4, 0xCDB3,
  0xCDF4, 0xA48F, 0x29A9, 0x3A4C, 0x528C, 0x6B4E, 0x4A49, 0x1927, 0x18C3, 0x10A3, 0x18C3, 0x10A3,
  0x3A70, 0x5B0F, 0x2989, 0x1908, 0x0000, 0x0021, 0x0021, 0x0021, 0x0020, 0x0021, 0x0021, 0x0021,
  0x0021, 0x0021, 0x0021, 0x0020, 0x0021, 0x0021, 0x0021, 0x0020, 0x0021, 0x0021, 0x0021, 0x0020,
  0x0021, 0x0020, 0x0021, 0x0021, 0x0021, 0x0021, 0x0021, 0x0020, 0x0021, 0x0020, 0x0020, 0x0021,
  0x0021, 0x0021, 0x0021, 0x0021, 0x0021, 0x0020, 0x0021, 0x0020, 0x0021, 0x0021, 0x0021, 0x0021,
  0x0021, 0x0021, 0x0021, 0x0021, 0x0021, 0x0020, 0x0021, 0x0020, 0x0020, 0x0020, 0x0021, 0x0020,
  0x0020, 0x0020, 0x0020, 0x0021, 0x0020, 0x0021, 0x0020, 0x0020, 0x0020, 0x0021, 0x0020, 0x0021,
  0x0020, 0x0021, 0x0021, 0x0000, 0x18E4, 0x52F1, 0x2125, 0x3185, 0x72E8, 0x39C6, 0x4A06, 0x5226,
  0x5226, 0x41C5, 0x3165, 0x2145, 0x2145, 0x2145, 0x2945, 0x2945, 0x2145, 0x2145, 0x2145, 0x2945,
  0x2965, 0x2945, 0x2124, 0x18E4, 0x18C3, 0x2944, 0x4A07, 0x62C9, 0x7B4A, 0x7B6B, 0x7B8C, 0x8BCD,
  0xACF1, 0xB553, 0xC5B4, 0xD636, 0xBD73, 0xB512, 0xB532, 0xBD73, 0xC5B4, 0xCDF4, 0xD615, 0xDE36,
  0xBD53, 0xB532, 0xD615, 0xCDF5, 0xD615, 0xD615, 0xD615, 0xD615, 0xD615, 0xD615, 0xD615, 0xAD11,
  0xCDD4, 0xD5F5, 0xCDF4, 0xD615, 0xD615, 0xD615, 0xCDD4, 0xBD53, 0xA4D0, 0x940E, 0xA4B0, 0xBD52,
  0xCDB3, 0xCDF4, 0xCDD4, 0xC5B3, 0xCDD4, 0xA48F, 0x31A9, 0x29CD, 0x21AC, 0x31CA, 0x2148, 0x1928,
  0x10A2, 0x10C3, 0x1082, 0x29EC, 0x5B52, 0x39C9, 0x1929, 0x0841, 0x0000, 0x0021, 0x0020, 0x0021,
  0x0021, 0x0020, 0x0020, 0x0021, 0x0021, 0x0021, 0x0021, 0x0021, 0x0020, 0x0020, 0x0021, 0x0021,
  0x0021, 0x0021, 0x0020, 0x0020, 0x0021, 0x0020, 0x0021, 0x0021, 0x0021, 0x0021, 0x0021, 0x0021,
  0x0021, 0x0020, 0x0021, 0x0021, 0x0021, 0x0021, 0x0020, 0x0021, 0x0021, 0x0021, 0x0020, 0x0020,
  0x0021, 0x0021, 0x0021, 0x0021, 0x0020, 0x0020, 0x0021, 0x0020, 0x0021, 0x0020, 0x0020, 0x0021,
  0x0021, 0x0020, 0x0021, 0x0020, 0x0020, 0x0020, 0x0020, 0x0020, 0x0021, 0x0021, 0x0021, 0x0020,
  0x0021, 0x0021, 0x0021, 0x0020, 0x0020, 0x0021, 0x0000, 0x0860, 0x6B6F, 0x426E, 0x2987, 0x2944,
  0x6A85, 0x3185, 0x2966, 0x2966, 0x39A6, 0x4A06, 0x5246, 0x5225, 0x41C5, 0x3165, 0x2145, 0x2125,
  0x2145, 0x2945, 0x2945, 0x2945, 0x2945, 0x2945, 0x2945, 0x2965, 0x2945, 0x2124, 0x18E4, 0x18E3,
  0x2944, 0x41E6, 0x62C9, 0x732A, 0x838C, 0x734B, 0x8C0E, 0xA4D0, 0xC5B4, 0xD636, 0xD615, 0xC5B4,
  0xB532, 0xB512, 0xBD73, 0xBD93, 0xB532, 0xD635, 0xD615, 0xD615, 0xCDF5, 0xD615, 0xD5F5, 0xCE15,
  0xCE15, 0xD615, 0xBD53, 0xBD73, 0xD5F5, 0xCDF5, 0xD615, 0xD615, 0xCDF5, 0xD615, 0xD615, 0xD635,
  0xC5B3, 0xA4D0, 0xB553, 0xA4B0, 0xA4B0, 0xA4B0, 0xB531, 0xC592, 0xD614, 0xACD0, 0x31A9, 0x29EC,
  0x29EC, 0x31EB, 0x2969, 0x1928, 0x18C3, 0x10A2, 0x1927, 0x5333, 0x4A6B, 0x194A, 0x08A4, 0x0000,
  0x0021, 0x0021, 0x0020, 0x0021, 0x0021, 0x0021, 0x0021, 0x0021, 0x0021, 0x0020, 0x0021, 0x0020,
  0x0021, 0x0021, 0x0021, 0x0020, 0x0021, 0x0021, 0x0021, 0x0021, 0x0020, 0x0021, 0x0020, 0x0020,
  0x0020, 0x0020, 0x0020, 0x0021, 0x0021, 0x0021, 0x0021, 0x0021, 0x0021, 0x0021, 0x0021, 0x0021,
  0x0021, 0x0020, 0x0021, 0x0020, 0x0020, 0x0021, 0x0021, 0x0021, 0x0021, 0x0020, 0x0021, 0x0020,
  0x0021, 0x0020, 0x0021, 0x0020, 0x0021, 0x0021, 0x0020, 0x0020, 0x0020, 0x0021, 0x0021, 0x0020,
  0x0020, 0x0020, 0x0021, 0x0021, 0x0021, 0x0020, 0x0021, 0x0020, 0x0020, 0x0021, 0x0000, 0x10A2,
  0x4A8C, 0x5AEE, 0x6371, 0x5B30, 0x3A2C, 0x31C9, 0x2145, 0x2944, 0x2945, 0x2966, 0x2966, 0x3185,
  0x41E6, 0x5226, 0x5246, 0x41E5, 0x3185, 0x2145, 0x2145, 0x2145, 0x2965, 0x2945, 0x2145, 0x2145,
  0x2945, 0x2945, 0x2945, 0x2945, 0x2124, 0x18E3, 0x18E3, 0x2924, 0x41E6, 0x5247, 0x730A, 0x7B4B,
  0x7B8C, 0x8C0E, 0xA4B0, 0xBD93, 0xD656, 0xD636, 0xBD73, 0x942F, 0xACF1, 0xBD73, 0xC5B4, 0xD615,
  0xD615, 0xD615, 0xCDF5, 0xCDF5, 0xD636, 0xBD73, 0xB532, 0xD615, 0xCDD4, 0xCE15, 0xCDF5, 0xCDF5,
  0xCDF5, 0xCDF5, 0xCDF5, 0xCDF4, 0xACF1, 0xC5B3, 0xD615, 0xD5F5, 0xCDF5, 0xBD73, 0xAD12, 0x9C8F,
  0xACF1, 0x942E, 0x2148, 0x29CD, 0x29ED, 0x31EB, 0x2168, 0x1928, 0x10A2, 0x10C4, 0x3AB2, 0x52CE,
  0x2169, 0x1107, 0x0000, 0x0021, 0x0021, 0x0021, 0x0020, 0x0021, 0x0021, 0x0020, 0x0020, 0x0021,
  0x0020, 0x0020, 0x0021, 0x0020, 0x0021, 0x0021, 0x0021, 0x0021, 0x0021, 0x0020, 0x0021, 0x0021,
  0x0021, 0x0021, 0x0020, 0x0021, 0x0020, 0x0020, 0x0021, 0x0021, 0x0020, 0x0021, 0x0021, 0x0021,
  0x0021, 0x0020, 0x0021, 0x0021, 0x0021, 0x0020, 0x0021, 0x0021, 0x0021, 0x0021, 0x0020, 0x0021,
  0x0021, 0x0020, 0x0021, 0x0020, 0x0020, 0x0021, 0x0020, 0x0021, 0x0021, 0x0021, 0x0020, 0x0020,
  0x0020, 0x0021, 0x0021, 0x0021, 0x0020, 0x0020, 0x0020, 0x0020, 0x0020, 0x0021, 0x0020, 0x0020,
  0x0020, 0x0021, 0x0000, 0x1082, 0x29AC, 0x218A, 0x31EB, 0x426D, 0x5B0E, 0x6350, 0x5B10, 0x4A8D,
  0x31E9, 0x2966, 0x2944, 0x2945, 0x2966, 0x2966, 0x31A6, 0x41E6, 0x4A06, 0x4A06, 0x49E6, 0x3185,
  0x2125, 0x2125, 0x2145, 0x2945, 0x2965, 0x2945, 0x2125, 0x2145, 0x2945, 0x2965, 0x2965, 0x2124,
  0x18E4, 0x18E3, 0x2124, 0x41C6, 0x5AA8, 0x732A, 0x7B4B, 0x7B8B, 0x8BED, 0xA4B1, 0xA4F1, 0xCDD4,
  0xD615, 0xC5B4, 0xB532, 0xB532, 0xBD53, 0xC5B4, 0xD616, 0xD615, 0xCDF5, 0xB532, 0xCDF5, 0xCDF5,
  0xCDF5, 0xCDF5, 0xCDF5, 0xCDF5, 0xD5F5, 0xCDF5, 0xD615, 0xB512, 0xC5B4, 0xD636, 0xCE15, 0xCDF4,
  0xCDF5, 0xD615, 0xD615, 0xCDF5, 0xC5B4, 0x8BED, 0x5249, 0x31A9, 0x196A, 0x298A, 0x2168, 0x2148,
  0x0861, 0x29ED, 0x5B31, 0x31C9, 0x1929, 0x0041, 0x0020, 0x0021, 0x0020, 0x0021, 0x0021, 0x0021,
  0x0021, 0x0021, 0x0021, 0x0021, 0x0021, 0x0021, 0x0021, 0x0021, 0x0021, 0x0021, 0x0021, 0x0020,
  0x0021, 0x0021, 0x0021, 0x0020, 0x0021, 0x0021, 0x0020, 0x0021, 0x0020, 0x0020, 0x0021, 0x0020,
  0x0020, 0x0020, 0x0020, 0x0021, 0x0020, 0x0021, 0x0020, 0x0021, 0x0021, 0x0021, 0x0021, 0x0021,
  0x0021, 0x0021, 0x0021, 0x0020, 0x0021, 0x0021, 0x0021, 0x0021, 0x0021, 0x0021, 0x0021, 0x0020,
  0x0020, 0x0020, 0x0021, 0x0020, 0x0020, 0x0020, 0x0021, 0x0020, 0x0020, 0x0020, 0x0021, 0x0020,
  0x0020, 0x0020, 0x0020, 0x0020, 0x0020, 0x0021, 0x0000, 0x0882, 0x29CB, 0x29ED, 0x21AC, 0x5A47,
  0x3187, 0x29CB, 0x4A8D, 0x6350, 0x6371, 0x5B31, 0x4A8E, 0x39E9, 0x2966, 0x2944, 0x2965, 0x2125,
  0x6287, 0x5226, 0x41E6, 0x5226, 0x5225, 0x4A06, 0x39A6, 0x2965, 0x2145, 0x2145, 0x2945, 0x2945,
  0x2945, 0x2145, 0x2145, 0x2945, 0x2965, 0x2945, 0x2125, 0x1904, 0x18E3, 0x2124, 0x41C6, 0x62A9,
  0x730A, 0x730A, 0x732A, 0x8C0E, 0xA4B0, 0xBD73, 0xD615, 0xD636, 0xC5D4, 0xB532, 0xB532, 0xBD52,
  0xA4B0, 0xC5B4, 0xD636, 0xD615, 0xD615, 0xD615, 0xCDF5, 0xCDF5, 0xCDF5, 0xD615, 0xBD93, 0xBD73,
  0xD615, 0xCDF5, 0xD615, 0xD615, 0xD615, 0xCDF5, 0xCDD4, 0xCE15, 0xCDD4, 0xB532, 0xDE56, 0xBD52,
  0x8BEE, 0x62CA, 0x31A8, 0x1906, 0x1927, 0x5332, 0x422A, 0x196A, 0x0883, 0x0000, 0x0021, 0x0020,
  0x0020, 0x0021, 0x0021, 0x0021, 0x0021, 0x0021, 0x0020, 0x0020, 0x0021, 0x0020, 0x0021, 0x0021,
  0x0020, 0x0020, 0x0021, 0x0020, 0x0021, 0x0021, 0x0021, 0x0021, 0x0020, 0x0020, 0x0020, 0x0021,
  0x0021, 0x0020, 0x0021, 0x0021, 0x0021, 0x0021, 0x0020, 0x0020, 0x0020, 0x0020, 0x0020, 0x0020,
  0x0021, 0x0020, 0x0021, 0x0020, 0x0021, 0x0021, 0x0021, 0x0021, 0x0020, 0x0020, 0x0021, 0x0020,
  0x0021, 0x0021, 0x0021, 0x0021, 0x0021, 0x0021, 0x0021, 0x0020, 0x0020, 0x0020, 0x0021, 0x0021,
  0x0020, 0x0021, 0x0020, 0x0021, 0x0021, 0x0021, 0x0020, 0x0020, 0x0021, 0x0020, 0x0021, 0x0020,
  0x0862, 0x10E6, 0x1949, 0x41C7, 0x31C9, 0x29CD, 0x21AC, 0x21AB, 0x29CA, 0x426C, 0x5B2F, 0x6B91,
  0x5B51, 0x4A8E, 0x39E9, 0x2946, 0x5A45, 0x41C4, 0x2145, 0x2966, 0x31A6, 0x41E6, 0x5246, 0x5246,
  0x41E5, 0x3185, 0x2945, 0x2125, 0x2125, 0x2145, 0x2945, 0x2945, 0x2945, 0x2945, 0x2945, 0x2965,
  0x2965, 0x2125, 0x1904, 0x18E3, 0x2103, 0x39A5, 0x5268, 0x734A, 0x7B4B, 0x7B8C, 0x8BED, 0x9C90,
  0xBD73, 0xCE15, 0xD636, 0xB533, 0xA4B0, 0xAD11, 0xBD73, 0xC593, 0xCDD4, 0xD615, 0xD635, 0xCDF5,
  0xD615, 0xCDD4, 0xACF1, 0xD615, 0xD615, 0xD615, 0xCDF5, 0xCDF5, 0xCDF5, 0xCDF5, 0xD636, 0xCDD4,
  0xACF1, 0xD616, 0xCDF5, 0xD615, 0xDE36, 0xDE56, 0xBD72, 0x4A6A, 0x4AD0, 0x422A, 0x218A, 0x10C5,
  0x0000, 0x0021, 0x0021, 0x0021, 0x0020, 0x0021, 0x0021, 0x0021, 0x0021, 0x0021, 0x0021, 0x0021,
  0x0021, 0x0021, 0x0021, 0x0021, 0x0021, 0x0021, 0x0021, 0x0021, 0x0021, 0x0020, 0x0021, 0x0021,
  0x0020, 0x0021, 0x0020, 0x0021, 0x0021, 0x0021, 0x0021, 0x0020, 0x0021, 0x0021, 0x0021, 0x0020,
  0x0021, 0x0020, 0x0021, 0x0020, 0x0021, 0x0020, 0x0020, 0x0021, 0x0021, 0x0020, 0x0021, 0x0021,
  0x0021, 0x0020, 0x0020, 0x0021, 0x0020, 0x0021, 0x0021, 0x0021, 0x0021, 0x0021, 0x0021, 0x0020,
  0x0020, 0x0020, 0x0021, 0x0021, 0x0020, 0x0020, 0x0021, 0x0021, 0x0021, 0x0020, 0x0020, 0x0020,
  0x0020, 0x0021, 0x0021, 0x0020, 0x0000, 0x0000, 0x0020, 0x0042, 0x10C5, 0x2169, 0x29AB, 0x29EC,
  0x29CC, 0x218B, 0x218A, 0x29AA, 0x426C, 0x5B0F, 0x6350, 0x6351, 0x424D, 0x31C9, 0x2966, 0x2965,
  0x2945, 0x2966, 0x2966, 0x2965, 0x41C6, 0x5226, 0x5A46, 0x4A05, 0x3985, 0x2945, 0x2125, 0x2145,
  0x2945, 0x2945, 0x2945, 0x2945, 0x2945, 0x2945, 0x2945, 0x2945, 0x2125, 0x1904, 0x18E4, 0x2104,
  0x39A6, 0x5A88, 0x730A, 0x7B6B, 0x7B6B, 0x83CD, 0x944F, 0xA4D1, 0xD636, 0xD636, 0xC5D4, 0xB553,
  0xAD12, 0xB532, 0xBD73, 0xCDD4, 0xD615, 0xB532, 0xCDD5, 0xCDF5, 0xCE15, 0xCDF5, 0xCDF5, 0xCDF5,
  0xCDF5, 0xCDD4, 0xD636, 0xB532, 0xBD93, 0xD615, 0xCDF5, 0xCDF5, 0xCDF5, 0xDE56, 0x83EF, 0x4ACF,
  0x6B2D, 0x2168, 0x1928, 0x0020, 0x0021, 0x0021, 0x0021, 0x0021, 0x0021, 0x0021, 0x0021, 0x0021,
  0x0021, 0x0021, 0x0021, 0x0021, 0x0021, 0x0020, 0x0021, 0x0021, 0x0021, 0x0021, 0x0020, 0x0020,
  0x0020, 0x0021, 0x0021, 0x0021, 0x0021, 0x0021, 0x0021, 0x0021, 0x0021, 0x0021, 0x0021, 0x0021,
  0x0021, 0x0021, 0x0021, 0x0021, 0x0020, 0x0020, 0x0020, 0x0020, 0x0020, 0x0021, 0x0020, 0x0021,
  0x0021, 0x0020, 0x0021, 0x0020, 0x0020, 0x0021, 0x0021, 0x0021, 0x0021, 0x0021, 0x0021, 0x0021,
  0x0021, 0x0021, 0x0020, 0x0021, 0x0020, 0x0021, 0x0020, 0x0020, 0x0021, 0x0020, 0x0021, 0x0021,
  0x0021, 0x0020, 0x0021, 0x0021, 0x0020, 0x0021, 0x0020, 0x0020, 0x0021, 0x0021, 0x0021, 0x0020,
  0x0000, 0x0000, 0x0842, 0x10C5, 0x2148, 0x29AB, 0x29CC, 0x29CC, 0x21AC, 0x218A, 0x29CA, 0x3A4C,
  0x5AEF, 0x6B71, 0x6351, 0x4AAE, 0x39EA, 0x2986, 0x2944, 0x2945, 0x2966, 0x2966, 0x3186, 0x4206,
  0x5246, 0x4A05, 0x5206, 0x39A5, 0x2945, 0x2125, 0x2145, 0x2945, 0x2965, 0x2945, 0x2145, 0x2945,
  0x2945, 0x2945, 0x2965, 0x2945, 0x1904, 0x18E3, 0x2104, 0x39A5, 0x5268, 0x732A, 0x6B0A, 0x734B,
  0x8BED, 0x9C70, 0xB552, 0xCE15, 0xD656, 0xCDD4, 0xB532, 0xB532, 0x9C8F, 0xAD11, 0xCDF5, 0xD615,
  0xD615, 0xCDF5, 0xD615, 0xD615, 0xCDF4, 0xD615, 0xBD73, 0xBD73, 0xD636, 0xCDD4, 0xD615, 0xCDF5,
  0xDE56, 0xACD1, 0x3A6F, 0x5B31, 0x31A9, 0x1949, 0x0862, 0x0000, 0x0021, 0x0020, 0x0020, 0x0020,
  0x0021, 0x0021, 0x0021, 0x0021, 0x0021, 0x0021, 0x0021, 0x0021, 0x0021, 0x0021, 0x0021, 0x0021,
  0x0021, 0x0021, 0x0021, 0x0020, 0x0020, 0x0021, 0x0021, 0x0021, 0x0021, 0x0021, 0x0021, 0x0021,
  0x0021, 0x0021, 0x0021, 0x0021, 0x0021, 0x0020, 0x0021, 0x0020, 0x0021, 0x0021, 0x0020, 0x0021,
  0x0021, 0x0021, 0x0021, 0x0021, 0x0021, 0x0021, 0x0021, 0x0021, 0x0021, 0x0020, 0x0021, 0x0021,
  0x0021, 0x0021, 0x0021, 0x0021, 0x0020, 0x0021, 0x0021, 0x0021, 0x0020, 0x0020, 0x0021, 0x0021,
  0x0021, 0x0020, 0x0021, 0x0021, 0x0021, 0x0020, 0x0021, 0x0021, 0x0021, 0x0021, 0x0020, 0x0021,
  0x0020, 0x0020, 0x0021, 0x0021, 0x0021, 0x0021, 0x0000, 0x0000, 0x0000, 0x0842, 0x10C4, 0x1948,
  0x29AB, 0x29EC, 0x218C, 0x5267, 0x4208, 0x29AB, 0x424C, 0x5B0E, 0x6B91, 0x6351, 0x4ACF, 0x3A2B,
  0x3187, 0x2965, 0x2965, 0x2965, 0x2986, 0x6AC7, 0x41E6, 0x5246, 0x5225, 0x4A05, 0x39A5, 0x2965,
  0x2145, 0x2125, 0x2945, 0x2945, 0x2945, 0x2945, 0x2965, 0x2945, 0x2945, 0x2965, 0x2145, 0x18E4,
  0x18C3, 0x2104, 0x3165, 0x5247, 0x730A, 0x7B4A, 0x7B6B, 0x8BCD, 0x9C90, 0xB532, 0xD616, 0xC5B4,
  0xB532, 0xBD93, 0xAD11, 0xB512, 0xC594, 0xCDF5, 0xD615, 0xCDF5, 0xD615, 0xC5B4, 0xAD12, 0xD636,
  0xCDF5, 0xCDF5, 0xCE15, 0xD636, 0xCDF4, 0x4AAE, 0x5353, 0x424A, 0x196A, 0x10A4, 0x0000, 0x0021,
  0x0020, 0x0021, 0x0020, 0x0021, 0x0021, 0x0021, 0x0021, 0x0021, 0x0021, 0x0021, 0x0021, 0x0021,
  0x0021, 0x0021, 0x0021, 0x0021, 0x0021, 0x0021, 0x0021, 0x0021, 0x0021, 0x0021, 0x0021, 0x0021,
  0x0021, 0x0021, 0x0021, 0x0021, 0x0021, 0x0021, 0x0021, 0x0021, 0x0021, 0x0021, 0x0020, 0x0020,
  0x0021, 0x0020, 0x0021, 0x0021, 0x0021, 0x0020, 0x0020, 0x0021, 0x0021, 0x0021, 0x0020, 0x0020,
  0x0021, 0x0020, 0x0020, 0x0020, 0x0021, 0x0021, 0x0021, 0x0021, 0x0021, 0x0021, 0x0020, 0x0020,
  0x0020, 0x0021, 0x0020, 0x0021, 0x0021, 0x0021, 0x0020, 0x0020, 0x0021, 0x0021, 0x0020, 0x0021,
  0x0021, 0x0021, 0x0020, 0x0021, 0x0020, 0x0020, 0x0020, 0x0021, 0x0020, 0x0020, 0x0021, 0x0021,
  0x0021, 0x0020, 0x0000, 0x0000, 0x0041, 0x10C4, 0x1928, 0x39C7, 0x39E9, 0x29CD, 0x21AC, 0x21AB,
  0x29AA, 0x424C, 0x5AEE, 0x6371, 0x6392, 0x52EF, 0x3A0A, 0x2966, 0x3164, 0x72A5, 0x2945, 0x2966,
  0x3186, 0x39C6, 0x4A26, 0x5A46, 0x4A05, 0x39C5, 0x2965, 0x2125, 0x2125, 0x2945, 0x2945, 0x2945,
  0x2945, 0x2945, 0x2945, 0x2945, 0x2965, 0x2945, 0x2104, 0x18E4, 0x18E3, 0x3185, 0x5268, 0x6B0A,
  0x7B4B, 0x7B8C, 0x83CD, 0x83AD, 0xB553, 0xCDF5, 0xD615, 0xCDF5, 0xC5B4, 0xB532, 0xAD11, 0xC593,
  0xCDF5, 0xAD12, 0xCDF5, 0xD635, 0xCDF5, 0xCDF5, 0xCDF5, 0xD635, 0x6B4D, 0x4AF2, 0x52CD, 0x1949,
  0x1907, 0x0000, 0x0021, 0x0020, 0x0021, 0x0021, 0x0021, 0x0021, 0x0021, 0x0021, 0x0021, 0x0021,
  0x0021, 0x0021, 0x0021, 0x0021, 0x0021, 0x0021, 0x0020, 0x0021, 0x0021, 0x0021, 0x0020, 0x0021,
  0x0021, 0x0021, 0x0021, 0x0021, 0x0021, 0x0021, 0x0021, 0x0021, 0x0021, 0x0021, 0x0021, 0x0021,
  0x0021, 0x0021, 0x0020, 0x0020, 0x0020, 0x0020, 0x0021, 0x0021, 0x0021, 0x0021, 0x0020, 0x0021,
  0x0021, 0x0020, 0x0021, 0x0020, 0x0020, 0x0020, 0x0020, 0x0020, 0x0021, 0x0021, 0x0021, 0x0021,
  0x0021, 0x0021, 0x0021, 0x0021, 0x0021, 0x0021, 0x0021, 0x0021, 0x0021, 0x0021, 0x0021, 0x0021,
  0x0021, 0x0021, 0x0021, 0x0021, 0x0021, 0x0021, 0x0020, 0x0020, 0x0020, 0x0020, 0x0021, 0x0020,
  0x0020, 0x0020, 0x0020, 0x0020, 0x0021, 0x0021, 0x0021, 0x0021, 0x0020, 0x0000, 0x0000, 0x0022,
  0x08A4, 0x1928, 0x21AB, 0x29EC, 0x29CC, 0x21AC, 0x218B, 0x29AA, 0x424C, 0x52EE, 0x5B30, 0x6371,
  0x52AF, 0x29AA, 0x31A7, 0x2945, 0x2945, 0x2945, 0x2946, 0x2966, 0x39C6, 0x4A06, 0x5246, 0x5246,
  0x39C5, 0x2945, 0x2125, 0x2125, 0x2945, 0x2965, 0x2945, 0x2945, 0x2945, 0x2945, 0x2965, 0x2965,
  0x2125, 0x2104, 0x18E4, 0x2104, 0x3185, 0x5248, 0x62C9, 0x6AE9, 0x838C, 0x7B8C, 0x944F, 0xB553,
  0xCDF5, 0xD615, 0xCDF5, 0xB553, 0x9C6F, 0xA4D1, 0xBD93, 0xC593, 0xD615, 0xD616, 0xDE56, 0x8C0E,
  0x3A70, 0x6350, 0x29A9, 0x1949, 0x0021, 0x0020, 0x0021, 0x0021, 0x0021, 0x0020, 0x0021, 0x0021,
  0x0021, 0x0021, 0x0021, 0x0021, 0x0021, 0x0021, 0x0021, 0x0021, 0x0021, 0x0020, 0x0021, 0x0021,
  0x0021, 0x0021, 0x0021, 0x0021, 0x0021, 0x0021, 0x0021, 0x0021, 0x0021, 0x0021, 0x0021, 0x0021,
  0x0021, 0x0021, 0x0021, 0x0020, 0x0021, 0x0021, 0x0021, 0x0021, 0x0020, 0x0020, 0x0020, 0x0021,
  0x0021, 0x0021, 0x0020, 0x0021, 0x0021, 0x0020, 0x0021, 0x0021, 0x0021, 0x0021, 0x0021, 0x0021,
  0x0021, 0x0021, 0x0021, 0x0021, 0x0021, 0x0021, 0x0021, 0x0020, 0x0020, 0x0021, 0x0021, 0x0020,
  0x0021, 0x0021, 0x0021, 0x0021, 0x0020, 0x0021, 0x0021, 0x0020, 0x0021, 0x0021, 0x0021, 0x0020,
  0x0020, 0x0020, 0x0021, 0x0021, 0x0021, 0x0021, 0x0020, 0x0021, 0x0021, 0x0021, 0x0021, 0x0021,
  0x0021, 0x0021, 0x0021, 0x0020, 0x0000, 0x0000, 0x0021, 0x10A4, 0x1928, 0x218A, 0x29EC, 0x29ED,
  0x21AC, 0x218B, 0x29AA, 0x3A2C, 0x4ACF, 0x6B91, 0x6351, 0x4ACF, 0x3A0B, 0x2987, 0x2945, 0x2945,
  0x2965, 0x2946, 0x2966, 0x39C6, 0x4A06, 0x5225, 0x49E5, 0x41C5, 0x2965, 0x2125, 0x2125, 0x2145,
  0x2965, 0x2965, 0x2945, 0x2945, 0x2945, 0x2945, 0x2965, 0x2945, 0x2125, 0x18E4, 0x18E3, 0x3165,
  0x4A27, 0x6AE9, 0x7B6B, 0x7B6B, 0x7B8C, 0x942E, 0xB532, 0xAD12, 0xCDF5, 0xD636, 0xBD93, 0xACF1,
  0xAD12, 0xC594, 0xB532, 0x426D, 0x5B32, 0x39EA, 0x196A, 0x0883, 0x0000, 0x0021, 0x0020, 0x0021,
  0x0021, 0x0021, 0x0021, 0x0021, 0x0021, 0x0021, 0x0021, 0x0021, 0x0021, 0x0021, 0x0020, 0x0021,
  0x0020, 0x0021, 0x0021, 0x0021, 0x0021, 0x0021, 0x0021, 0x0021, 0x0021, 0x0021, 0x0021, 0x0021,
  0x0020, 0x0020, 0x0021, 0x0021, 0x0020, 0x0021, 0x0021, 0x0021, 0x0020, 0x0021, 0x0021, 0x0020,
  0x0021, 0x0020, 0x0020, 0x0021, 0x0020, 0x0021, 0x0021, 0x0021, 0x0021, 0x0021, 0x0021, 0x0021,
  0x0021, 0x0021, 0x0021, 0x0021, 0x0021, 0x0021, 0x0020, 0x0021, 0x0021, 0x0021, 0x0021, 0x0020,
  0x0020, 0x0020, 0x0021, 0x0021, 0x0021, 0x0021, 0x0021, 0x0021, 0x0021, 0x0021, 0x0020, 0x0021,
  0x0021, 0x0021, 0x0020, 0x0020, 0x0021, 0x0021, 0x0021, 0x0021, 0x0020, 0x0021, 0x0020, 0x0020,
  0x0020, 0x0021, 0x0021, 0x0021, 0x0021, 0x0021, 0x0020, 0x0021, 0x0021, 0x0021, 0x0020, 0x0000,
  0x0000, 0x0041, 0x10A4, 0x1927, 0x218A, 0x29EC, 0x29ED, 0x29AA, 0x5A87, 0x29A9, 0x3A0B, 0x52CD,
  0x6370, 0x6B71, 0x52EF, 0x424B, 0x3187, 0x2965, 0x2965, 0x2945, 0x2966, 0x41E7, 0x6287, 0x5226,
  0x5A66, 0x5225, 0x41C5, 0x2965, 0x2145, 0x2145, 0x2945, 0x2965, 0x2945, 0x2945, 0x2145, 0x2945,
  0x2965, 0x2965, 0x2945, 0x2104, 0x18E3, 0x2104, 0x3165, 0x4A27, 0x6AE9, 0x7B4B, 0x730A, 0x732A,
  0x9C6F, 0xAD12, 0xCDD5, 0xDE56, 0xCDF5, 0xB511, 0x424B, 0x5334, 0x4A8C, 0x196A, 0x10C5, 0x0000,
  0x0021, 0x0021, 0x0020, 0x0021, 0x0021, 0x0021, 0x0021, 0x0021, 0x0021, 0x0021, 0x0021, 0x0021,
  0x0021, 0x0021, 0x0021, 0x0021, 0x0021, 0x0021, 0x0021, 0x0021, 0x0021, 0x0021, 0x0021, 0x0021,
  0x0021, 0x0021, 0x0021, 0x0021, 0x0021, 0x0020, 0x0021, 0x0021, 0x0021, 0x0021, 0x0021, 0x0021,
  0x0021, 0x0021, 0x0020, 0x0021, 0x0021, 0x0020, 0x0020, 0x0021, 0x0021, 0x0020, 0x0021, 0x0021,
  0x0021, 0x0021, 0x0021, 0x0020, 0x0021, 0x0021, 0x0021, 0x0021, 0x0021, 0x0021, 0x0020, 0x0020,
  0x0021, 0x0021, 0x0021, 0x0021, 0x0020, 0x0021, 0x0021, 0x0021, 0x0021, 0x0021, 0x0021, 0x0021,
  0x0021, 0x0020, 0x0020, 0x0021, 0x0020, 0x0021, 0x0020, 0x0021, 0x0021, 0x0021, 0x0020, 0x0021,
  0x0020, 0x0021, 0x0020, 0x0020, 0x0021, 0x0021, 0x0021, 0x0021, 0x0021, 0x0021, 0x0020, 0x0020,
  0x0021, 0x0020, 0x0021, 0x0021, 0x0021, 0x0020, 0x0000, 0x0000, 0x0021, 0x10A3, 0x1927, 0x2989,
  0x4A06, 0x29AB, 0x21AC, 0x218B, 0x29AB, 0x3A0B, 0x52CD, 0x6370, 0x6B91, 0x530F, 0x422B, 0x2987,
  0x2125, 0x5226, 0x8327, 0x2145, 0x2986, 0x39A6, 0x4A06, 0x5246, 0x5226, 0x41E5, 0x3165, 0x2145,
  0x2125, 0x2145, 0x2965, 0x2965, 0x2945, 0x2965, 0x2945, 0x2945, 0x2965, 0x2945, 0x2125, 0x18E4,
  0x18E3, 0x3165, 0x41E6, 0x5AA8, 0x7B4A, 0x7B4B, 0x83AC, 0x944F, 0xB511, 0x7BAE, 0x5AED, 0x62EC,
  0x218A, 0x1928, 0x0020, 0x0021, 0x0021, 0x0021, 0x0020, 0x0021, 0x0021, 0x0021, 0x0021, 0x0021,
  0x0021, 0x0021, 0x0020, 0x0021, 0x0021, 0x0021, 0x0021, 0x0021, 0x0021, 0x0021, 0x0021, 0x0021,
  0x0021, 0x0021, 0x0021, 0x0021, 0x0021, 0x0021, 0x0021, 0x0021, 0x0021, 0x0021, 0x0021, 0x0021,
  0x0021, 0x0021, 0x0021, 0x0021, 0x0021, 0x0021, 0x0020, 0x0020, 0x0021, 0x0020, 0x0021, 0x0020,
  0x0021, 0x0021, 0x0021, 0x0020, 0x0020, 0x0021, 0x0020, 0x0021, 0x0021, 0x0021, 0x0021, 0x0021,
  0x0021, 0x0021, 0x0021, 0x0021, 0x0020, 0x0021, 0x0021, 0x0020, 0x0020, 0x0021, 0x0020, 0x0021,
  0x0021, 0x0020, 0x0020, 0x0020, 0x0021, 0x0021, 0x0021, 0x0021, 0x0021, 0x0020, 0x0020, 0x0021,
  0x0021, 0x0021, 0x0021, 0x0020, 0x0021, 0x0020, 0x0021, 0x0021, 0x0021, 0x0021, 0x0020, 0x0021,
  0x0020, 0x0021, 0x0021, 0x0020, 0x0021, 0x0021, 0x0021, 0x0021, 0x0020, 0x0021, 0x0021, 0x0021,
  0x0020, 0x0000, 0x0000, 0x0021, 0x0064, 0x1907, 0x218A, 0x29CC, 0x29CC, 0x21AC, 0x218B, 0x29AA,
  0x3A2B, 0x4AAD, 0x632F, 0x6B71, 0x5B30, 0x3A2B, 0x2146, 0x2965, 0x2944, 0x2965, 0x2145, 0x2966,
  0x3185, 0x4A06, 0x5246, 0x5246, 0x41E6, 0x3185, 0x2945, 0x2125, 0x2945, 0x2965, 0x2945, 0x2945,
  0x2945, 0x2945, 0x2945, 0x2945, 0x2145, 0x2104, 0x18E3, 0x18E3, 0x2924, 0x4A06, 0x6AE9, 0x7B6B,
  0x7B4A, 0x39E8, 0x630D, 0x31C9, 0x194A, 0x0862, 0x0000, 0x0021, 0x0020, 0x0021, 0x0020, 0x0021,
  0x0021, 0x0021, 0x0021, 0x0021, 0x0021, 0x0021, 0x0021, 0x0021, 0x0021, 0x0021, 0x0021, 0x0021,
  0x0021, 0x0021, 0x0021, 0x0021, 0x0021, 0x0021, 0x0021, 0x0020, 0x0021, 0x0021, 0x0020, 0x0021,
  0x0021, 0x0021, 0x0021, 0x0021, 0x0021, 0x0021, 0x0021, 0x0021, 0x0020, 0x0021, 0x0021, 0x0020,
  0x0021, 0x0020, 0x0020, 0x0021, 0x0021, 0x0021, 0x0021, 0x0021, 0x0021, 0x0020, 0x0021, 0x0021,
  0x0020, 0x0021, 0x0020, 0x0021, 0x0021, 0x0021, 0x0021, 0x0021, 0x0021, 0x0021, 0x0020, 0x0020,
  0x0020, 0x0020, 0x0021, 0x0021, 0x0021, 0x0020, 0x0020, 0x0021, 0x0021, 0x0021, 0x0021, 0x0020,
  0x0020, 0x0020, 0x0021, 0x0020, 0x0020, 0x0021, 0x0020, 0x0021, 0x0021, 0x0021, 0x0021, 0x0021,
  0x0021, 0x0021, 0x0021, 0x0020, 0x0020, 0x0020, 0x0021, 0x0021, 0x0021, 0x0021, 0x0020, 0x0020,
  0x0021, 0x0020, 0x0021, 0x0021, 0x0020, 0x0021, 0x0021, 0x0020, 0x0000, 0x0000, 0x0021, 0x0883,
  0x1906, 0x218A, 0x29CC, 0x29CC, 0x21AC, 0x218B, 0x218A, 0x3A2B, 0x4ACE, 0x5B30, 0x6350, 0x52EF,
  0x426C, 0x31A8, 0x2945, 0x2965, 0x2945, 0x2966, 0x2966, 0x31A6, 0x4A06, 0x5226, 0x49E5, 0x49E6,
  0x3185, 0x2145, 0x2125, 0x2145, 0x2965, 0x2945, 0x2945, 0x2125, 0x2125, 0x2945, 0x2945, 0x2145,
  0x2125, 0x18E4, 0x18E3, 0x2945, 0x41C5, 0x2167, 0x2189, 0x2169, 0x10A4, 0x0000, 0x0021, 0x0020,
  0x0020, 0x0021, 0x0020, 0x0021, 0x0021, 0x0021, 0x0021, 0x0021, 0x0021, 0x0021, 0x0021, 0x0021,
  0x0021, 0x0021, 0x0021, 0x0021, 0x0020, 0x0021, 0x0021, 0x0021, 0x0020, 0x0021, 0x0021, 0x0021,
  0x0021, 0x0021, 0x0020, 0x0021, 0x0021, 0x0021, 0x0020, 0x0021, 0x0021, 0x0021, 0x0020, 0x0021,
  0x0020, 0x0021, 0x0021, 0x0021, 0x0021, 0x0021, 0x0021, 0x0021, 0x0021, 0x0021, 0x0021, 0x0021,
  0x0021, 0x0021, 0x0021, 0x0021, 0x0021, 0x0021, 0x0021, 0x0021, 0x0021, 0x0021, 0x0021, 0x0021,
  0x0021, 0x0021, 0x0021, 0x0020, 0x0020, 0x0021, 0x0021, 0x0020, 0x0020, 0x0021, 0x0021, 0x0021,
  0x0021, 0x0021, 0x0021, 0x0021, 0x0021, 0x0021, 0x0020, 0x0021, 0x0020, 0x0021, 0x0020, 0x0020,
  0x0021, 0x0021, 0x0021, 0x0021, 0x0020, 0x0021, 0x0021, 0x0020, 0x0021, 0x0020, 0x0021, 0x0021,
  0x0021, 0x0021, 0x0021, 0x0021, 0x0020, 0x0020, 0x0020, 0x0020, 0x0021, 0x0020, 0x0020, 0x0021,
  0x0021, 0x0021, 0x0020, 0x0000, 0x0000, 0x0020, 0x0883, 0x1906, 0x2169, 0x29CC, 0x29EC, 0x21AC,
  0x31C8, 0x4A07, 0x31EB, 0x52CE, 0x6350, 0x6B91, 0x5B10, 0x426C, 0x31A8, 0x2965, 0x2945, 0x2965,
  0x2146, 0x39C6, 0x6287, 0x41E6, 0x5246, 0x5225, 0x41E5, 0x3185, 0x2945, 0x2125, 0x2145, 0x2945,
  0x2945, 0x2945, 0x2145, 0x2145, 0x2945, 0x2945, 0x2966, 0x1903, 0x29CA, 0x424C, 0x2148, 0x1927,
  0x0000, 0x0021, 0x0021, 0x0021, 0x0020, 0x0020, 0x0021, 0x0021, 0x0021, 0x0021, 0x0021, 0x0021,
  0x0021, 0x0021, 0x0021, 0x0021, 0x0021, 0x0021, 0x0021, 0x0021, 0x0020, 0x0021, 0x0021, 0x0021,
  0x0021, 0x0021, 0x0021, 0x0021, 0x0020, 0x0020, 0x0021, 0x0020, 0x0021, 0x0021, 0x0021, 0x0021,
  0x0021, 0x0021, 0x0021, 0x0021, 0x0021, 0x0021, 0x0021, 0x0021, 0x0021, 0x0021, 0x0021, 0x0021,
  0x0021, 0x0020, 0x0020, 0x0021, 0x0021, 0x0021, 0x0021, 0x0021, 0x0021, 0x0021, 0x0021, 0x0021,
  0x0021, 0x0021, 0x0021, 0x0020, 0x0021, 0x0021, 0x0021, 0x0020, 0x0020, 0x0020, 0x0020, 0x0021,
  0x0021, 0x0021, 0x0021, 0x0020, 0x0021, 0x0020, 0x0021, 0x0020, 0x0021, 0x0021, 0x0020, 0x0020,
  0x0021, 0x0021, 0x0021, 0x0021, 0x0021, 0x0021, 0x0021, 0x0021, 0x0020, 0x0021, 0x0021, 0x0021,
  0x0021, 0x0021, 0x0021, 0x0021, 0x0021, 0x0020, 0x0021, 0x0021, 0x0021, 0x0021, 0x0020, 0x0020,
  0x0020, 0x0020, 0x0021, 0x0021, 0x0020, 0x0020, 0x0020, 0x0021, 0x0021, 0x0020, 0x0000, 0x0000,
  0x0020, 0x0883, 0x1906, 0x1969, 0x39E8, 0x5226, 0x21AC, 0x21AC, 0x218A, 0x31EB, 0x4A8D, 0x5B2F,
  0x6371, 0x5B10, 0x428D, 0x31C8, 0x2145, 0x41C4, 0x72C6, 0x2125, 0x2986, 0x3186, 0x41E6, 0x5246,
  0x5246, 0x49E5, 0x3185, 0x2145, 0x2125, 0x2145, 0x2145, 0x2945, 0x2945, 0x2965, 0x2944, 0x2988,
  0x5B52, 0x31CA, 0x1949, 0x0841, 0x0000, 0x0021, 0x0020, 0x0021, 0x0021, 0x0020, 0x0020, 0x0021,
  0x0021, 0x0021, 0x0021, 0x0021, 0x0021, 0x0021, 0x0021, 0x0021, 0x0021, 0x0021, 0x0021, 0x0021,
  0x0021, 0x0021, 0x0021, 0x0021, 0x0021, 0x0021, 0x0021, 0x0021, 0x0021, 0x0020, 0x0021, 0x0021,
  0x0021, 0x0021, 0x0021, 0x0021, 0x0021, 0x0021, 0x0021, 0x0020, 0x0021, 0x0021, 0x0020, 0x0021,
  0x0020, 0x0021, 0x0021, 0x0020, 0x0020, 0x0021, 0x0021, 0x0021, 0x0021, 0x0021, 0x0020, 0x0021,
  0x0021, 0x0020, 0x0021, 0x0021, 0x0021, 0x0021, 0x0021, 0x0021, 0x0021, 0x0021, 0x0020, 0x0020,
  0x0020, 0x0020, 0x0020, 0x0021, 0x0021, 0x0021, 0x0021, 0x0021, 0x0020, 0x0020, 0x0021, 0x0021,
  0x0021, 0x0020, 0x0021, 0x0020, 0x0021, 0x0021, 0x0021, 0x0021, 0x0021, 0x0021, 0x0021, 0x0021,
  0x0021, 0x0021, 0x0021, 0x0021, 0x0021, 0x0021, 0x0021, 0x0021, 0x0021, 0x0021, 0x0020, 0x0020,
  0x0021, 0x0020, 0x0021, 0x0021, 0x0021, 0x0021, 0x0021, 0x0021, 0x0020, 0x0021, 0x0021, 0x0020,
  0x0020, 0x0021, 0x0021, 0x0021, 0x0020, 0x0000, 0x0000, 0x0020, 0x0863, 0x10C5, 0x2169, 0x29CC,
  0x29CC, 0x29AC, 0x218B, 0x218A, 0x31EA, 0x4A8C, 0x5B2F, 0x6351, 0x5B10, 0x426D, 0x2168, 0x2965,
  0x2124, 0x2945, 0x2945, 0x2966, 0x3186, 0x41E5, 0x5246, 0x5246, 0x4A05, 0x39A5, 0x2145, 0x2125,
  0x2945, 0x2965, 0x2104, 0x5B11, 0x424B, 0x1949, 0x10A4, 0x0000, 0x0021, 0x0020, 0x0021, 0x0021,
  0x0021, 0x0021, 0x0021, 0x0021, 0x0021, 0x0021, 0x0021, 0x0021, 0x0021, 0x0021, 0x0021, 0x0021,
  0x0021, 0x0021, 0x0021, 0x0021, 0x0021, 0x0020, 0x0021, 0x0021, 0x0021, 0x0021, 0x0021, 0x0021,
  0x0021, 0x0021, 0x0021, 0x0021, 0x0021, 0x0021, 0x0021, 0x0021, 0x0021, 0x0021, 0x0020, 0x0020,
  0x0021, 0x0021, 0x0021, 0x0020, 0x0021, 0x0021, 0x0020, 0x0021, 0x0021, 0x0021, 0x0021, 0x0021,
  0x0020, 0x0021, 0x0021, 0x0020, 0x0021, 0x0021, 0x0021, 0x0020, 0x0021, 0x0021, 0x0021, 0x0021,
  0x0020, 0x0021, 0x0021, 0x0020, 0x0020, 0x0021, 0x0021, 0x0021, 0x0021, 0x0021, 0x0021, 0x0021,
  0x0020, 0x0021, 0x0021, 0x0021, 0x0020, 0x0021, 0x0021, 0x0020, 0x0021, 0x0021, 0x0021, 0x0021,
  0x0021, 0x0021, 0x0021, 0x0021, 0x0021, 0x0021, 0x0021, 0x0021, 0x0021, 0x0021, 0x0021, 0x0021,
  0x0021, 0x0021, 0x0021, 0x0021, 0x0021, 0x0021, 0x0021, 0x0021, 0x0021, 0x0021, 0x0021, 0x0021,
  0x0021, 0x0020, 0x0021, 0x0021, 0x0021, 0x0020, 0x0020, 0x0020, 0x0021, 0x0021, 0x0021, 0x0021,
  0x0000, 0x0000, 0x0020, 0x0862, 0x10E5, 0x2169, 0x29CB, 0x29EC, 0x29CC, 0x218B, 0x218A, 0x31CA,
  0x426D, 0x5B30, 0x6B71, 0x5B10, 0x4A8D, 0x31C9, 0x2966, 0x2944, 0x2945, 0x2965, 0x2966, 0x3186,
  0x39C6, 0x5226, 0x5A46, 0x4A05, 0x39C6, 0x2124, 0x428E, 0x52CE, 0x1949, 0x1906, 0x0000, 0x0021,
  0x0020, 0x0021, 0x0021, 0x0020, 0x0021, 0x0021, 0x0021, 0x0020, 0x0021, 0x0020, 0x0021, 0x0021,
  0x0021, 0x0020, 0x0021, 0x0021, 0x0021, 0x0021, 0x0021, 0x0021, 0x0020, 0x0021, 0x0021, 0x0021,
  0x0021, 0x0021, 0x0021, 0x0021, 0x0021, 0x0021, 0x0021, 0x0021, 0x0021, 0x0021, 0x0021, 0x0021,
  0x0021, 0x0020, 0x0021, 0x0021, 0x0020, 0x0021, 0x0020, 0x0021, 0x0020, 0x0020, 0x0021, 0x0020,
  0x0021, 0x0021, 0x0021, 0x0021, 0x0021, 0x0021, 0x0021, 0x0021, 0x0021, 0x0021, 0x0021, 0x0020,
  0x0021, 0x0021, 0x0020, 0x0021, 0x0021, 0x0021, 0x0021, 0x0020, 0x0020, 0x0021, 0x0021, 0x0021,
  0x0021, 0x0021, 0x0021, 0x0021, 0x0021, 0x0020, 0x0021, 0x0021, 0x0021, 0x0021, 0x0021, 0x0021,
  0x0020, 0x0021, 0x0021, 0x0021, 0x0021, 0x0021, 0x0021, 0x0021, 0x0021, 0x0021, 0x0021, 0x0021,
  0x0021, 0x0021, 0x0021, 0x0021, 0x0020, 0x0021, 0x0021, 0x0020, 0x0021, 0x0021, 0x0021, 0x0021,
  0x0021, 0x0020, 0x0021, 0x0020, 0x0021, 0x0021, 0x0020, 0x0021, 0x0020, 0x0020, 0x0021, 0x0020,
  0x0020, 0x0021, 0x0020, 0x0020, 0x0021, 0x0021, 0x0021, 0x0000, 0x0000, 0x0020, 0x0862, 0x10E5,
  0x2169, 0x29AB, 0x29CC, 0x21AC, 0x4A28, 0x4A07, 0x29AA, 0x426C, 0x5B2F, 0x6B91, 0x6351, 0x4A8D,
  0x31C9, 0x2966, 0x2944, 0x2145, 0x5247, 0x72C7, 0x2145, 0x4206, 0x5225, 0x422A, 0x5B31, 0x2989,
  0x1929, 0x0021, 0x0020, 0x0021, 0x0021, 0x0020, 0x0021, 0x0020, 0x0021, 0x0021, 0x0020, 0x0020,
  0x0021, 0x0021, 0x0021, 0x0021, 0x0021, 0x0021, 0x0021, 0x0021, 0x0021, 0x0021, 0x0021, 0x0021,
  0x0021, 0x0021, 0x0020, 0x0021, 0x0021, 0x0021, 0x0021, 0x0021, 0x0021, 0x0021, 0x0021, 0x0021,
  0x0021, 0x0021, 0x0021, 0x0021, 0x0021, 0x0021, 0x0021, 0x0020, 0x0020, 0x0020, 0x0021, 0x0021,
  0x0021, 0x0020, 0x0021, 0x0021, 0x0021, 0x0021, 0x0020, 0x0021, 0x0021, 0x0021, 0x0021, 0x0021,
  0x0021, 0x0021, 0x0021, 0x0021, 0x0021, 0x0020, 0x0020, 0x0021, 0x0021, 0x0021, 0x0021, 0x0020,
  0x0021, 0x0020, 0x0021, 0x0021, 0x0020, 0x0021, 0x0020, 0x0021, 0x0020, 0x0021, 0x0021, 0x0020,
  0x0021, 0x0021, 0x0021, 0x0021, 0x0021, 0x0021, 0x0021, 0x0021, 0x0021, 0x0021, 0x0021, 0x0021,
  0x0021, 0x0021, 0x0021, 0x0021, 0x0021, 0x0021, 0x0021, 0x0021, 0x0020, 0x0020, 0x0020, 0x0021,
  0x0020, 0x0020, 0x0020, 0x0021, 0x0021, 0x0021, 0x0021, 0x0021, 0x0021, 0x0021, 0x0020, 0x0020,
  0x0021, 0x0021, 0x0021, 0x0021, 0x0020, 0x0021, 0x0020, 0x0020, 0x0021, 0x0021, 0x0021, 0x0021,
  0x0021, 0x0021, 0x0000, 0x0000, 0x0000, 0x0842, 0x10C5, 0x1928, 0x39C7, 0x41E8, 0x21AC, 0x21AC,
  0x218B, 0x29CA, 0x424C, 0x5B0F, 0x6371, 0x5B51, 0x4AAE, 0x39EA, 0x3185, 0x41A4, 0x2145, 0x2986,
  0x2146, 0x5311, 0x3A0A, 0x194A, 0x0883, 0x0000, 0x0021, 0x0020, 0x0020, 0x0021, 0x0020, 0x0020,
  0x0021, 0x0020, 0x0021, 0x0021, 0x0021, 0x0021, 0x0021, 0x0021, 0x0021, 0x0021, 0x0021, 0x0021,
  0x0021, 0x0021, 0x0020, 0x0021, 0x0021, 0x0021, 0x0021, 0x0021, 0x0021, 0x0021, 0x0021, 0x0021,
  0x0021, 0x0021, 0x0021, 0x0021, 0x0021, 0x0021, 0x0021, 0x0021, 0x0021, 0x0021, 0x0020, 0x0021,
  0x0021, 0x0020, 0x0021, 0x0020, 0x0021, 0x0021, 0x0020, 0x0021, 0x0020, 0x0020, 0x0021, 0x0021,
  0x0021, 0x0021, 0x0021, 0x0020, 0x0021, 0x0020, 0x0020, 0x0021, 0x0021, 0x0020, 0x0021, 0x0021,
  0x0021, 0x0021, 0x0020, 0x0020, 0x0021, 0x0021, 0x0021, 0x0021, 0x0021, 0x0021, 0x0021, 0x0020,
  0x0021, 0x0021, 0x0021, 0x0021, 0x0021, 0x0021, 0x0021, 0x0021, 0x0020, 0x0021, 0x0021, 0x0021,
  0x0021, 0x0021, 0x0021, 0x0021, 0x0021, 0x0021, 0x0021, 0x0021, 0x0021, 0x0021, 0x0021, 0x0021,
  0x0020, 0x0020, 0x0021, 0x0020, 0x0021, 0x0021, 0x0021, 0x0021, 0x0021, 0x0021, 0x0021, 0x0021,
  0x0020, 0x0021, 0x0021, 0x0021, 0x0020, 0x0020, 0x0021, 0x0021, 0x0020, 0x0020, 0x0020, 0x0021,
  0x0021, 0x0021, 0x0021, 0x0021, 0x0020, 0x0021, 0x0021, 0x0021, 0x0021, 0x0000, 0x0000, 0x0000,
  0x0042, 0x08A5, 0x1948, 0x21AB, 0x29CC, 0x29AC, 0x218B, 0x218A, 0x29AA, 0x424C, 0x5B0F, 0x6351,
  0x5310, 0x4AAE, 0x3A2B, 0x2125, 0x4A8F, 0x52AD, 0x194A, 0x10E6, 0x0000, 0x0021, 0x0020, 0x0020,
  0x0021, 0x0021, 0x0021, 0x0020, 0x0020, 0x0021, 0x0021, 0x0020, 0x0021, 0x0021, 0x0021, 0x0021,
  0x0021, 0x0021, 0x0021, 0x0021, 0x0020, 0x0021, 0x0021, 0x0021, 0x0021, 0x0021, 0x0021, 0x0021,
  0x0021, 0x0020, 0x0021, 0x0021, 0x0021, 0x0021, 0x0021, 0x0021, 0x0021, 0x0021, 0x0021, 0x0021,
  0x0021, 0x0021, 0x0021, 0x0021, 0x0020, 0x0021, 0x0020, 0x0021, 0x0020, 0x0020, 0x0021, 0x0020,
  0x0021, 0x0020, 0x0021, 0x0021, 0x0021, 0x0021, 0x0021, 0x0020, 0x0021, 0x0021, 0x0020, 0x0021,
  0x0021, 0x0021, 0x0021, 0x0021, 0x0021, 0x0021, 0x0021, 0x0020, 0x0021, 0x0021, 0x0020, 0x0021,
  0x0021, 0x0021, 0x0021, 0x0021, 0x0021, 0x0021, 0x0021, 0x0021, 0x0021, 0x0021, 0x0021, 0x0021,
  0x0021, 0x0021, 0x0021, 0x0021, 0x0021, 0x0021, 0x0021, 0x0021, 0x0021, 0x0020, 0x0021, 0x0021,
  0x0021, 0x0021, 0x0021, 0x0021, 0x0021, 0x0021, 0x0020, 0x0021, 0x0021, 0x0021, 0x0021, 0x0021,
  0x0021, 0x0021, 0x0020, 0x0021, 0x0021, 0x0021, 0x0021, 0x0020, 0x0021, 0x0021, 0x0021, 0x0021,
  0x0020, 0x0020, 0x0021, 0x0020, 0x0020, 0x0020, 0x0021, 0x0020, 0x0020, 0x0020, 0x0021, 0x0020,
  0x0021, 0x0021, 0x0021, 0x0021, 0x0020, 0x0000, 0x0000, 0x0041, 0x10A4, 0x1928, 0x29AB, 0x29CC,
  0x29CC, 0x21AC, 0x216A, 0x31E9, 0x4A6C, 0x5B0F, 0x5B30, 0x5B52, 0x5B0F, 0x2169, 0x1928, 0x0020,
  0x0020, 0x0021, 0x0020, 0x0021, 0x0021, 0x0020, 0x0021, 0x0021, 0x0021, 0x0021, 0x0020, 0x0020,
  0x0021, 0x0021, 0x0021, 0x0021, 0x0021, 0x0021, 0x0021, 0x0021, 0x0021, 0x0020, 0x0020, 0x0020,
  0x0021, 0x0021, 0x0021, 0x0021, 0x0021, 0x0021, 0x0021, 0x0021, 0x0021, 0x0021, 0x0021, 0x0020,
  0x0021, 0x0021, 0x0021, 0x0021, 0x0021, 0x0021, 0x0021, 0x0021, 0x0021, 0x0021, 0x0020, 0x0021,
  0x0021, 0x0021, 0x0021, 0x0021, 0x0021, 0x0021, 0x0021, 0x0020, 0x0021, 0x0021, 0x0021, 0x0020,
  0x0021, 0x0021, 0x0021, 0x0020, 0x0021, 0x0021, 0x0020, 0x0020, 0x0021, 0x0021, 0x0020, 0x0020,
  0x0020, 0x0020, 0x0021, 0x0021, 0x0020, 0x0020, 0x0021, 0x0021, 0x0020, 0x0021, 0x0021, 0x0021,
  0x0020, 0x0021, 0x0021, 0x0021, 0x0021, 0x0021, 0x0021, 0x0021, 0x0021, 0x0021, 0x0021, 0x0020,
  0x0021, 0x0021, 0x0021, 0x0021, 0x0021, 0x0021, 0x0021, 0x0021, 0x0020, 0x0021, 0x0021, 0x0021,
  0x0021, 0x0021, 0x0021, 0x0020, 0x0021, 0x0021, 0x0021, 0x0021, 0x0021, 0x0021, 0x0020, 0x0021,
  0x0021, 0x0021, 0x0021, 0x0021, 0x0021, 0x0020, 0x0020, 0x0021, 0x0021, 0x0021, 0x0020, 0x0021,
  0x0021, 0x0021, 0x0021, 0x0020, 0x0021, 0x0021, 0x0021, 0x0020, 0x0021, 0x0021, 0x0021, 0x0000,
  0x0000, 0x0000, 0x0041, 0x10A4, 0x1928, 0x29AA, 0x21AC, 0x6AC7, 0x4A07, 0x196B, 0x29AA, 0x424C,
  0x31C9, 0x194A, 0x0862, 0x0000, 0x0021, 0x0020, 0x0021, 0x0020, 0x0021, 0x0021, 0x0021, 0x0021,
  0x0021, 0x0021, 0x0021, 0x0021, 0x0021, 0x0021, 0x0021, 0x0021, 0x0021, 0x0020, 0x0021, 0x0021,
  0x0020, 0x0021, 0x0021, 0x0021, 0x0021, 0x0021, 0x0021, 0x0021, 0x0021, 0x0021, 0x0021, 0x0021,
  0x0021, 0x0021, 0x0021, 0x0021, 0x0021, 0x0021, 0x0021, 0x0021, 0x0021, 0x0021, 0x0021, 0x0021,
  0x0021, 0x0020, 0x0021, 0x0021, 0x0021, 0x0021, 0x0021, 0x0021, 0x0021, 0x0021, 0x0021, 0x0021,
  0x0021, 0x0021, 0x0020, 0x0021, 0x0021, 0x0021, 0x0021, 0x0021, 0x0020, 0x0021, 0x0021, 0x0020,
  0x0020, 0x0021, 0x0021, 0x0020, 0x0020, 0x0020, 0x0020, 0x0021, 0x0020, 0x0021, 0x0020, 0x0021,
  0x0021, 0x0020, 0x0021, 0x0021, 0x0021, 0x0021, 0x0020, 0x0021, 0x0021, 0x0021, 0x0021, 0x0021,
  0x0021, 0x0021, 0x0021, 0x0021, 0x0021, 0x0021, 0x0021, 0x0021, 0x0021, 0x0021, 0x0021, 0x0021,
  0x0021, 0x0021, 0x0021, 0x0021, 0x0021, 0x0021, 0x0020, 0x0020, 0x0021, 0x0021, 0x0021, 0x0021,
  0x0021, 0x0021, 0x0020, 0x0021, 0x0021, 0x0021, 0x0021, 0x0021, 0x0020, 0x0021, 0x0021, 0x0021,
  0x0020, 0x0021, 0x0020, 0x0020, 0x0020, 0x0020, 0x0020, 0x0021, 0x0021, 0x0021, 0x0021, 0x0020,
  0x0021, 0x0021, 0x0021, 0x0021, 0x0021, 0x0021, 0x0020, 0x0000, 0x0000, 0x0041, 0x10A4, 0x1906,
  0x2168, 0x29EC, 0x29CC, 0x218A, 0x218A, 0x10C5, 0x0000, 0x0021, 0x0020, 0x0021, 0x0020, 0x0020,
  0x0020, 0x0021, 0x0021, 0x0021, 0x0021, 0x0021, 0x0021, 0x0021, 0x0021, 0x0021, 0x0021, 0x0021,
  0x0021, 0x0021, 0x0021, 0x0021, 0x0021, 0x0021, 0x0021, 0x0021, 0x0021, 0x0021, 0x0021, 0x0021,
  0x0021, 0x0021, 0x0021, 0x0021, 0x0021, 0x0021, 0x0021, 0x0021, 0x0021, 0x0021, 0x0021, 0x0021,
  0x0020, 0x0021, 0x0021, 0x0021, 0x0021, 0x0021, 0x0021, 0x0020, 0x0021, 0x0021, 0x0020, 0x0020,
  0x0020, 0x0021, 0x0021, 0x0021, 0x0021, 0x0020, 0x0021, 0x0020, 0x0021, 0x0020, 0x0021, 0x0020,
  0x0020, 0x0021, 0x0020, 0x0021, 0x0021, 0x0021, 0x0021, 0x0020, 0x0020, 0x0021, 0x0020, 0x0021,
  0x0020, 0x0020, 0x0021, 0x0020, 0x0021, 0x0021, 0x0021, 0x0021, 0x0021, 0x0021, 0x0021, 0x0021,
  0x0021, 0x0021, 0x0021, 0x0021, 0x0021, 0x0021, 0x0021, 0x0021, 0x0021, 0x0021, 0x0020, 0x0021,
  0x0020, 0x0021, 0x0021, 0x0021, 0x0021, 0x0021, 0x0021, 0x0021, 0x0021, 0x0021, 0x0021, 0x0021,
  0x0021, 0x0021, 0x0021, 0x0021, 0x0021, 0x0021, 0x0021, 0x0021, 0x0021, 0x0021, 0x0021, 0x0021,
  0x0021, 0x0021, 0x0021, 0x0020, 0x0021, 0x0021, 0x0020, 0x0020, 0x0020, 0x0020, 0x0020, 0x0020,
  0x0021, 0x0021, 0x0021, 0x0020, 0x0020, 0x0020, 0x0021, 0x0021, 0x0020, 0x0020, 0x0021, 0x0021,
  0x0021, 0x0020, 0x0000, 0x0000, 0x0041, 0x10A4, 0x1927, 0x298A, 0x1906, 0x0000, 0x0021, 0x0020,
  0x0021, 0x0020, 0x0021, 0x0020, 0x0021, 0x0021, 0x0021, 0x0021, 0x0021, 0x0021, 0x0021, 0x0021,
  0x0021, 0x0021, 0x0021, 0x0021, 0x0021, 0x0021, 0x0021, 0x0021, 0x0021, 0x0020, 0x0021, 0x0021,
  0x0020, 0x0021, 0x0021, 0x0021, 0x0021, 0x0021, 0x0021, 0x0021, 0x0021, 0x0021, 0x0021, 0x0021,
  0x0021, 0x0021, 0x0021, 0x0021, 0x0021, 0x0021, 0x0021, 0x0021, 0x0021, 0x0020, 0x0021, 0x0021,
  0x0020, 0x0021, 0x0021, 0x0020, 0x0021, 0x0021, 0x0021, 0x0020, 0x0021, 0x0021, 0x0021, 0x0020,
  0x0021, 0x0021, 0x0021, 0x0021, 0x0021, 0x0020, 0x0021, 0x0021, 0x0021, 0x0020, 0x0020, 0x0020,
  0x0021, 0x0021, 0x0020, 0x0021, 0x0021, 0x0021, 0x0021, 0x0021, 0x0021, 0x0021, 0x0021, 0x0021,
  0x0021, 0x0021, 0x0021, 0x0021, 0x0021, 0x0021, 0x0021, 0x0021, 0x0021, 0x0021, 0x0021, 0x0021,
  0x0021, 0x0021, 0x0021, 0x0021, 0x0021, 0x0021, 0x0021, 0x0021, 0x0021, 0x0021, 0x0021, 0x0021,
  0x0021, 0x0021, 0x0021, 0x0020, 0x0021, 0x0021, 0x0021, 0x0021, 0x0021, 0x0021, 0x0021, 0x0021,
  0x0021, 0x0021, 0x0021, 0x0021, 0x0021, 0x0021, 0x0021, 0x0021, 0x0021, 0x0021, 0x0021, 0x0021,
  0x0020, 0x0021, 0x0021, 0x0021, 0x0020, 0x0021, 0x0021, 0x0021, 0x0020, 0x0021, 0x0021, 0x0021,
  0x0021, 0x0020, 0x0020, 0x0020, 0x0021, 0x0021, 0x0021, 0x0021, 0x0020, 0x0000, 0x0000, 0x0041,
  0x0021, 0x0020, 0x0020, 0x0021, 0x0020, 0x0021, 0x0021, 0x0021, 0x0020, 0x0021, 0x0021, 0x0021,
  0x0021, 0x0021, 0x0021, 0x0021, 0x0021, 0x0021, 0x0021, 0x0021, 0x0021, 0x0021, 0x0020, 0x0021,
  0x0020, 0x0021, 0x0021, 0x0021, 0x0020, 0x0021, 0x0021, 0x0021, 0x0021, 0x0021, 0x0021, 0x0021,
  0x0021, 0x0021, 0x0021, 0x0021, 0x0021, 0x0021, 0x0021, 0x0021, 0x0021, 0x0021, 0x0021, 0x0021,
  0x0021, 0x0020, 0x0021, 0x0020, 0x0021, 0x0021, 0x0020, 0x0020, 0x0021, 0x0021, 0x0020, 0x0020,
  0x0021, 0x0020, 0x0021, 0x0021, 0x0021, 0x0021, 0x0021, 0x0021, 0x0021, 0x0020, 0x0021, 0x0021,
  0x0020, 0x0021, 0x0021, 0x0020, 0x0020, 0x0020, 0x0021, 0x0021, 0x0021, 0x0021, 0x0021, 0x0021,
  0x0021, 0x0021, 0x0021, 0x0021, 0x0021, 0x0021, 0x0021, 0x0021, 0x0021, 0x0021, 0x0021, 0x0021,
  0x0021, 0x0021, 0x0021, 0x0021, 0x0021, 0x0021, 0x0021, 0x0021, 0x0021, 0x0020, 0x0021, 0x0021,
  0x0021, 0x0021, 0x0021, 0x0021, 0x0021, 0x0021, 0x0021, 0x0021, 0x0021, 0x0021, 0x0021, 0x0021,
  0x0020, 0x0021, 0x0021, 0x0021, 0x0021, 0x0021, 0x0021, 0x0021, 0x0021, 0x0021, 0x0021, 0x0021,
  0x0021, 0x0021, 0x0020, 0x0021, 0x0021, 0x0020, 0x0021, 0x0021, 0x0020, 0x0021, 0x0021, 0x0021,
  0x0021, 0x0021, 0x0021, 0x0021, 0x0021, 0x0021, 0x0021, 0x0021, 0x0021, 0x0021, 0x0021, 0x0020,
  0x0021, 0x0021, 0x0021, 0x0020, 0x0020, 0x0021, 0x0020, 0x0020, 0x0021, 0x0020, 0x0021, 0x0021,
  0x0021, 0x0021, 0x0021, 0x0021, 0x0021, 0x0021, 0x0021, 0x0021, 0x0021, 0x0021, 0x0021, 0x0021,
  0x0021, 0x0021, 0x0021, 0x0021, 0x0021, 0x0021, 0x0021, 0x0021, 0x0021, 0x0020, 0x0021, 0x0020,
  0x0021, 0x0021, 0x0020, 0x0021, 0x0021, 0x0021, 0x0020, 0x0021, 0x0021, 0x0021, 0x0021, 0x0021,
  0x0021, 0x0021, 0x0021, 0x0021, 0x0021, 0x0021, 0x0021, 0x0021, 0x0020, 0x0021, 0x0021, 0x0021,
  0x0021, 0x0020, 0x0020, 0x0021, 0x0020, 0x0020, 0x0021, 0x0021, 0x0021, 0x0021, 0x0021, 0x0021,
  0x0020, 0x0021, 0x0021, 0x0021, 0x0020, 0x0021, 0x0021, 0x0020, 0x0020, 0x0020, 0x0021, 0x0021,
  0x0021, 0x0021, 0x0021, 0x0021, 0x0021, 0x0021, 0x0021, 0x0021, 0x0021, 0x0021, 0x0020, 0x0021,
  0x0021, 0x0021, 0x0021, 0x0021, 0x0021, 0x0021, 0x0021, 0x0021, 0x0021, 0x0021, 0x0021, 0x0021,
  0x0021, 0x0020, 0x0021, 0x0021, 0x0021, 0x0021, 0x0021, 0x0021, 0x0021, 0x0021, 0x0021, 0x0021,
  0x0021, 0x0020, 0x0020, 0x0021, 0x0021, 0x0021, 0x0021, 0x0021, 0x0021, 0x0021, 0x0021, 0x0021,
  0x0021, 0x0021, 0x0021, 0x0021, 0x0021, 0x0021, 0x0021, 0x0021, 0x0021, 0x0021, 0x0021, 0x0021,
  0x0020, 0x0020, 0x0021, 0x0020, 0x0021, 0x0021, 0x0021, 0x0021, 0x0021, 0x0021, 0x0020, 0x0021,
  0x0020, 0x0021, 0x0021, 0x0021, 0x0021, 0x0020, 0x0020, 0x0021, 0x0021, 0x0021, 0x0020, 0x0021,
  0x0020, 0x0021, 0x0021, 0x0021, 0x0021, 0x0021, 0x0021, 0x0021, 0x0021, 0x0021, 0x0021, 0x0021,
  0x0021, 0x0021, 0x0021, 0x0021, 0x0021, 0x0021, 0x0021, 0x0021, 0x0021, 0x0021, 0x0021, 0x0021,
  0x0021, 0x0021, 0x0021, 0x0020, 0x0021, 0x0021, 0x0021, 0x0021, 0x0021, 0x0020, 0x0021, 0x0021,
  0x0021, 0x0021, 0x0021, 0x0021, 0x0021, 0x0021, 0x0021, 0x0021, 0x0021, 0x0021, 0x0021, 0x0021,
  0x0020, 0x0021, 0x0021, 0x0021, 0x0021, 0x0020, 0x0021, 0x0021, 0x0021, 0x0021, 0x0021, 0x0021,
  0x0021, 0x0020, 0x0020, 0x0021, 0x0021, 0x0021, 0x0020, 0x0021, 0x0021, 0x0021, 0x0020, 0x0020,
  0x0021, 0x0021, 0x0020, 0x0021, 0x0021, 0x0021, 0x0021, 0x0021, 0x0021, 0x0021, 0x0021, 0x0020,
  0x0021, 0x0021, 0x0021, 0x0021, 0x0021, 0x0021, 0x0021, 0x0021, 0x0021, 0x0021, 0x0021, 0x0021,
  0x0021, 0x0021, 0x0021, 0x0021, 0x0021, 0x0020, 0x0021, 0x0021, 0x0021, 0x0021, 0x0021, 0x0021,
  0x0021, 0x0021, 0x0021, 0x0021, 0x0021, 0x0021, 0x0020, 0x0021, 0x0021, 0x0021, 0x0021, 0x0021,
  0x0021, 0x0021, 0x0021, 0x0021, 0x0021, 0x0021, 0x0021, 0x0021, 0x0021, 0x0021, 0x0021, 0x0021,
  0x0021, 0x0021, 0x0020, 0x0021, 0x0021, 0x0021, 0x0021, 0x0020, 0x0021, 0x0021, 0x0020, 0x0021,
  0x0021, 0x0021, 0x0021, 0x0021, 0x0021, 0x0021, 0x0021, 0x0020, 0x0020, 0x0021, 0x0020, 0x0021,
  0x0021, 0x0020, 0x0021, 0x0021, 0x0021, 0x0020, 0x0021, 0x0020, 0x0021, 0x0021, 0x0021, 0x0021,
  0x0021, 0x0021, 0x0021, 0x0021, 0x0021, 0x0021, 0x0021, 0x0021, 0x0021, 0x0021, 0x0021, 0x0021,
  0x0021, 0x0021, 0x0021, 0x0021, 0x0021, 0x0021, 0x0021, 0x0021, 0x0020, 0x0021, 0x0021, 0x0021,
  0x0021, 0x0021, 0x0021, 0x0021, 0x0021, 0x0021, 0x0020, 0x0021, 0x0021, 0x0021, 0x0021, 0x0021,
  0x0021, 0x0021, 0x0021, 0x0021, 0x0021, 0x0021, 0x0021, 0x0021, 0x0021, 0x0020, 0x0020, 0x0020,
  0x0020, 0x0021, 0x0021, 0x0021, 0x0021, 0x0021, 0x0021, 0x0020, 0x0020, 0x0021, 0x0021, 0x0020,
  0x0021, 0x0021, 0x0020, 0x0020, 0x0020, 0x0020, 0x0021, 0x0021, 0x0021, 0x0021, 0x0021, 0x0021,
  0x0021, 0x0021, 0x0021, 0x0021, 0x0021, 0x0021, 0x0021, 0x0021, 0x0021, 0x0021, 0x0021, 0x0021,
  0x0021, 0x0021, 0x0021, 0x0021, 0x0021, 0x0021, 0x0021, 0x0021, 0x0021, 0x0021, 0x0021, 0x0021,
  0x0021, 0x0021, 0x0021, 0x0021, 0x0021, 0x0021, 0x0021, 0x0021, 0x0021, 0x0021, 0x0021, 0x0021,
  0x0021, 0x0021, 0x0021, 0x0021, 0x0021, 0x0021, 0x0021, 0x0021, 0x0021, 0x0021, 0x0021, 0x0021,
  0x0021, 0x0021, 0x0021, 0x0021, 0x0021, 0x0020, 0x0021, 0x0021, 0x0021, 0x0021, 0x0021, 0x0021,
  0x0021, 0x0021, 0x0020, 0x0021, 0x0021, 0x0021, 0x0021, 0x0021, 0x0021, 0x0021, 0x0021, 0x0020,
  0x0020, 0x0021, 0x0021, 0x0021, 0x0020, 0x0020, 0x0021, 0x0021, 0x0020, 0x0020, 0x0021, 0x0021,
  0x0021, 0x0021, 0x0021, 0x0021, 0x0021, 0x0021, 0x0021, 0x0021, 0x0021, 0x0021, 0x0021, 0x0021,
  0x0021, 0x0021, 0x0021, 0x0021, 0x0021, 0x0021, 0x0021, 0x0021, 0x0020, 0x0021, 0x0021, 0x0021,
  0x0021, 0x0021, 0x0021, 0x0021, 0x0021, 0x0021, 0x0021, 0x0021, 0x0021, 0x0021, 0x0021, 0x0021,
  0x0020, 0x0021, 0x0021, 0x0021, 0x0021, 0x0021, 0x0021, 0x0021, 0x0021, 0x0021, 0x0021, 0x0021,
  0x0021, 0x0020, 0x0021, 0x0021, 0x0021, 0x0021, 0x0020, 0x0021, 0x0021, 0x0021, 0x0020, 0x0020,
  0x0020, 0x0021, 0x0021, 0x0021, 0x0020, 0x0021, 0x0020, 0x0020, 0x0021, 0x0020, 0x0021, 0x0021,
  0x0021, 0x0020, 0x0020, 0x0021, 0x0020, 0x0021, 0x0020, 0x0020, 0x0021, 0x0021, 0x0021, 0x0021,
  0x0021, 0x0021, 0x0021, 0x0021, 0x0021, 0x0021, 0x0021, 0x0021, 0x0021, 0x0021, 0x0021, 0x0021,
  0x0021, 0x0021, 0x0020, 0x0021, 0x0021, 0x0021, 0x0021, 0x0021, 0x0021, 0x0021, 0x0021, 0x0020,
  0x0021, 0x0021, 0x0021, 0x0020, 0x0021, 0x0021, 0x0021, 0x0021, 0x0021, 0x0021, 0x0021, 0x0021,
  0x0021, 0x0021, 0x0021, 0x0021, 0x0021, 0x0021, 0x0021, 0x0020, 0x0021, 0x0021, 0x0020, 0x0021,
  0x0021, 0x0021, 0x0021, 0x0021, 0x0020, 0x0021, 0x0021, 0x0021, 0x0020, 0x0021, 0x0021, 0x0021,
  0x0021, 0x0021, 0x0021, 0x0021, 0x0021, 0x0021, 0x0020, 0x0021, 0x0021, 0x0020, 0x0021, 0x0021,
  0x0021, 0x0021, 0x0021, 0x0021, 0x0021, 0x0021, 0x0021, 0x0021, 0x0021, 0x0021, 0x0021, 0x0021,
  0x0021, 0x0021, 0x0021, 0x0020, 0x0021, 0x0021, 0x0021, 0x0021, 0x0021, 0x0021, 0x0021, 0x0020,
  0x0021, 0x0021, 0x0020, 0x0021, 0x0021, 0x0021, 0x0021, 0x0021, 0x0021, 0x0021, 0x0021, 0x0021,
  0x0021, 0x0021, 0x0021, 0x0021, 0x0020, 0x0021, 0x0021, 0x0021, 0x0021, 0x0021, 0x0021, 0x0021,
  0x0021, 0x0021, 0x0021, 0x0020, 0x0021, 0x0021, 0x0021, 0x0021, 0x0021, 0x0021, 0x0020, 0x0020,
  0x0020, 0x0021, 0x0021, 0x0021, 0x0021, 0x0021, 0x0021, 0x0021, 0x0020, 0x0021, 0x0020, 0x0020,
  0x0021, 0x0020, 0x0021, 0x0021, 0x0021, 0x0021, 0x0021, 0x0021, 0x0020, 0x0021, 0x0021, 0x0021,
  0x0021, 0x0020, 0x0021, 0x0021, 0x0021, 0x0021, 0x0021, 0x0021, 0x0021, 0x0021, 0x0021, 0x0021,
  0x0021, 0x0021, 0x0021, 0x0021, 0x0021, 0x0020, 0x0021, 0x0021, 0x0021, 0x0021, 0x0021, 0x0021,
  0x0021, 0x0021, 0x0021, 0x0020, 0x0021, 0x0021, 0x0020, 0x0021, 0x0021, 0x0021, 0x0021, 0x0021,
  0x0021, 0x0021, 0x0020, 0x0021, 0x0021, 0x0021, 0x0021, 0x0021, 0x0021, 0x0021, 0x0021, 0x0021,
  0x0021, 0x0020, 0x0021, 0x0021, 0x0021, 0x0021, 0x0020, 0x0021, 0x0021, 0x0021, 0x0021, 0x0021,
  0x0021, 0x0021, 0x0021, 0x0021, 0x0021, 0x0021, 0x0021, 0x0021, 0x0021, 0x0021, 0x0021, 0x0020,
  0x0021, 0x0020, 0x0021, 0x0021, 0x0021, 0x0021, 0x0021, 0x0021, 0x0021, 0x0021, 0x0021, 0x0021,
  0x0021, 0x0021, 0x0021, 0x0021, 0x0021, 0x0021, 0x0020, 0x0020, 0x0021, 0x0021, 0x0021, 0x0021,
  0x0021, 0x0021, 0x0020, 0x0021, 0x0021, 0x0021, 0x0021, 0x0021, 0x0021, 0x0021, 0x0021, 0x0021,
  0x0021, 0x0021, 0x0021, 0x0021, 0x0021, 0x0021, 0x0020, 0x0020, 0x0021, 0x0021, 0x0021, 0x0021,
  0x0020, 0x0021, 0x0021, 0x0021, 0x0020, 0x0021, 0x0021, 0x0020, 0x0021, 0x0021, 0x0021, 0x0021,
  0x0021, 0x0021, 0x0021, 0x0021, 0x0021, 0x0021, 0x0021, 0x0021, 0x0021, 0x0021, 0x0021, 0x0021,
  0x0021, 0x0021, 0x0020, 0x0020, 0x0021, 0x0021, 0x0021, 0x0021, 0x0021, 0x0021, 0x0021, 0x0021,
  0x0021, 0x0021, 0x0020, 0x0021, 0x0020, 0x0020, 0x0021, 0x0021, 0x0021, 0x0021, 0x0020, 0x0021,
  0x0021, 0x0021, 0x0021, 0x0021, 0x0021, 0x0021, 0x0021, 0x0021, 0x0021, 0x0021, 0x0021, 0x0021,
  0x0021, 0x0021, 0x0021, 0x0021, 0x0021, 0x0021, 0x0021, 0x0021, 0x0021, 0x0021, 0x0021, 0x0021,
  0x0021, 0x0021, 0x0021, 0x0021, 0x0021, 0x0021, 0x0021, 0x0021, 0x0021, 0x0021, 0x0021, 0x0021,
  0x0021, 0x0021, 0x0021, 0x0021, 0x0021, 0x0020, 0x0021, 0x0021, 0x0021, 0x0021, 0x0021, 0x0021,
  0x0021, 0x0021, 0x0021, 0x0020, 0x0021, 0x0021, 0x0021, 0x0021, 0x0021, 0x0021, 0x0021, 0x0021,
  0x0021, 0x0021, 0x0021, 0x0021, 0x0021, 0x0021, 0x0021, 0x0021, 0x0021, 0x0021, 0x0021, 0x0021,
  0x0021, 0x0021, 0x0021, 0x0021, 0x0021, 0x0021, 0x0021, 0x0021, 0x0021, 0x0021, 0x0021, 0x0020,
  0x0020, 0x0020, 0x0021, 0x0021, 0x0021, 0x0020, 0x0021, 0x0021, 0x0021, 0x0020, 0x0021, 0x0021,
  0x0021, 0x0020, 0x0021, 0x0021, 0x0021, 0x0021, 0x0021, 0x0021, 0x0021, 0x0020, 0x0021, 0x0021,
  0x0020, 0x0021, 0x0021, 0x0021, 0x0021, 0x0021, 0x0021, 0x0021, 0x0021, 0x0021, 0x0021, 0x0021,
  0x0021, 0x0021, 0x0021, 0x0021, 0x0021, 0x0021, 0x0020, 0x0021, 0x0021, 0x0021, 0x0021, 0x0021,
  0x0021, 0x0021, 0x0021, 0x0020, 0x0021, 0x0021, 0x0021, 0x0020, 0x0021, 0x0021, 0x0020, 0x0021,
  0x0021, 0x0021, 0x0021, 0x0021, 0x0021, 0x0020, 0x0021, 0x0021, 0x0021, 0x0021, 0x0021, 0x0021,
  0x0020, 0x0021, 0x0021, 0x0021, 0x0021, 0x0021, 0x0021, 0x0021, 0x0021, 0x0021, 0x0021, 0x0021,
  0x0021, 0x0021, 0x0021, 0x0021, 0x0021, 0x0021, 0x0021, 0x0021, 0x0021, 0x0021, 0x0021, 0x0021,
  0x0020, 0x0021, 0x0020, 0x0020, 0x0021, 0x0021, 0x0021, 0x0021, 0x0021, 0x0021, 0x0021, 0x0021,
  0x0020, 0x0021, 0x0021, 0x0020, 0x0021, 0x0021, 0x0020, 0x0021, 0x0021, 0x0021, 0x0021, 0x0021,
  0x0021, 0x0021, 0x0021, 0x0021, 0x0021, 0x0021, 0x0021, 0x0021, 0x0021, 0x0021, 0x0021, 0x0021,
  0x0021, 0x0021, 0x0021, 0x0021, 0x0021, 0x0021, 0x0021, 0x0021, 0x0021, 0x0021, 0x0021, 0x0021,
  0x0021, 0x0021, 0x0021, 0x0021, 0x0021, 0x0021, 0x0021, 0x0021, 0x0021, 0x0021, 0x0021, 0x0021,
  0x0020, 0x0020, 0x0021, 0x0021, 0x0021, 0x0021, 0x0021, 0x0021, 0x0021, 0x0021, 0x0021, 0x0021,
  0x0021, 0x0021, 0x0021, 0x0021, 0x0021, 0x0021, 0x0021, 0x0020, 0x0021, 0x0021, 0x0021, 0x0021,
  0x0020, 0x0020, 0x0021, 0x0020, 0x0020, 0x0020, 0x0021, 0x0021, 0x0021, 0x0021, 0x0020, 0x0021,
  0x0021, 0x0021, 0x0021, 0x0021, 0x0021, 0x0021, 0x0021, 0x0021, 0x0021, 0x0021, 0x0021, 0x0021,
  0x0021, 0x0021, 0x0021, 0x0021, 0x0020, 0x0021, 0x0021, 0x0021, 0x0020, 0x0020, 0x0021, 0x0020,
  0x0020, 0x0020, 0x0021, 0x0021, 0x0020, 0x0021, 0x0021, 0x0021, 0x0021, 0x0021, 0x0021, 0x0021,
  0x0021, 0x0021, 0x0021, 0x0021, 0x0021, 0x0021, 0x0021, 0x0021, 0x0021, 0x0021, 0x0021, 0x0021,
  0x0021, 0x0021, 0x0021, 0x0020, 0x0021, 0x0021, 0x0021, 0x0021, 0x0021, 0x0021, 0x0021, 0x0021,
  0x0021, 0x0021, 0x0021, 0x0021, 0x0020, 0x0020, 0x0021, 0x0021, 0x0021, 0x0021, 0x0021, 0x0021,
  0x0021, 0x0021, 0x0021, 0x0020, 0x0021, 0x0020, 0x0021, 0x0021, 0x0021, 0x0021, 0x0021, 0x0021,
  0x0021, 0x0021, 0x0021, 0x0020, 0x0021, 0x0021, 0x0021, 0x0021, 0x0021, 0x0021, 0x0021, 0x0021,
  0x0021, 0x0021, 0x0021, 0x0021, 0x0021, 0x0021, 0x0021, 0x0021, 0x0021, 0x0021, 0x0021, 0x0021,
  0x0021, 0x0021, 0x0021, 0x0021, 0x0021, 0x0021, 0x0021, 0x0021, 0x0021, 0x0021, 0x0021, 0x0021,
  0x0021, 0x0021, 0x0021, 0x0021, 0x0021, 0x0021, 0x0021, 0x0021, 0x0021, 0x0021, 0x0021, 0x0021,
  0x0021, 0x0020, 0x0021, 0x0021, 0x0021, 0x0021, 0x0021, 0x0021, 0x0021, 0x0021, 0x0021, 0x0021,
  0x0021, 0x0021, 0x0021, 0x0020, 0x0020, 0x0021, 0x0021, 0x0020, 0x0021, 0x0021, 0x0020, 0x0021,
  0x0020, 0x0021, 0x0021, 0x0021, 0x0021, 0x0021, 0x0021, 0x0021, 0x0021, 0x0021, 0x0021, 0x0021,
  0x0021, 0x0021, 0x0021, 0x0021, 0x0021, 0x0021, 0x0021, 0x0021, 0x0021, 0x0021, 0x0021, 0x0021,
  0x0021, 0x0021, 0x0020, 0x0020, 0x0020, 0x0020, 0x0020, 0x0021, 0x0021, 0x0020, 0x0021, 0x0021,
  0x0021, 0x0021, 0x0021, 0x0021, 0x0021, 0x0021, 0x0020, 0x0021, 0x0021, 0x0021, 0x0021, 0x0021,
  0x0021, 0x0021, 0x0021, 0x0020, 0x0021, 0x0021, 0x0021, 0x0021, 0x0021, 0x0021, 0x0021, 0x0021,
  0x0020, 0x0021, 0x0021, 0x0021, 0x0021, 0x0020, 0x0021, 0x0021, 0x0020, 0x0021, 0x0021, 0x0020,
  0x0020, 0x0021, 0x0021, 0x0021, 0x0021, 0x0021, 0x0021, 0x0021, 0x0021, 0x0021, 0x0021, 0x0021,
  0x0021, 0x0021, 0x0021, 0x0021, 0x0021, 0x0020, 0x0021, 0x0021, 0x0021, 0x0021, 0x0021, 0x0021,
  0x0021, 0x0021, 0x0021, 0x0021, 0x0021, 0x0021, 0x0021, 0x0021, 0x0021, 0x0021, 0x0021, 0x0021,
  0x0021, 0x0021, 0x0021, 0x0021, 0x0021, 0x0021, 0x0020, 0x0021, 0x0021, 0x0021, 0x0021, 0x0021,
  0x0021, 0x0021, 0x0021, 0x0021, 0x0021, 0x0021, 0x0021, 0x0020, 0x0021, 0x0021, 0x0021, 0x0021,
  0x0020, 0x0021, 0x0020, 0x0021, 0x0021, 0x0021, 0x0021, 0x0021, 0x0021, 0x0021, 0x0021, 0x0021,
  0x0021, 0x0021, 0x0020, 0x0021, 0x0021, 0x0021, 0x0021, 0x0021, 0x0020, 0x0021, 0x0021, 0x0021,
  0x0020, 0x0020, 0x0021, 0x0021, 0x0021, 0x0021, 0x0021, 0x0020, 0x0021, 0x0021, 0x0021, 0x0021,
  0x0021, 0x0021, 0x0021, 0x0020, 0x0021, 0x0021, 0x0021, 0x0021, 0x0021, 0x0021, 0x0021, 0x0021,
  0x0021, 0x0021, 0x0021, 0x0020, 0x0021, 0x0020, 0x0021, 0x0020, 0x0020, 0x0021, 0x0020, 0x0021,
  0x0020, 0x0021, 0x0021, 0x0021, 0x0020, 0x0021, 0x0021, 0x0021, 0x0021, 0x0021, 0x0021, 0x0021,
  0x0021, 0x0021, 0x0020, 0x0020, 0x0021, 0x0021, 0x0021, 0x0021, 0x0020, 0x0021, 0x0021, 0x0021,
  0x0021, 0x0021, 0x0021, 0x0021, 0x0021, 0x0021, 0x0021, 0x0021, 0x0021, 0x0021, 0x0021, 0x0021,
  0x0021, 0x0021, 0x0021, 0x0021, 0x0021, 0x0021, 0x0020, 0x0021, 0x0021, 0x0021, 0x0021, 0x0021,
  0x0021, 0x0021, 0x0021, 0x0021, 0x0021, 0x0020, 0x0021, 0x0021, 0x0021, 0x0020, 0x0021, 0x0021,
  0x0021, 0x0021, 0x0021, 0x0021, 0x0021, 0x0021, 0x0021, 0x0020, 0x0021, 0x0021, 0x0021, 0x0021,
  0x0021, 0x0021, 0x0021, 0x0021, 0x0021, 0x0021, 0x0021, 0x0021, 0x0021, 0x0021, 0x0021, 0x0021,
  0x0021, 0x0021, 0x0021, 0x0021, 0x0021, 0x0021, 0x0021, 0x0021, 0x0021, 0x0021, 0x0021, 0x0021,
  0x0021, 0x0020, 0x0020, 0x0021, 0x0021, 0x0021, 0x0021, 0x0021, 0x0021, 0x0021, 0x0021, 0x0021,
  0x0021, 0x0021, 0x0020, 0x0020, 0x0021, 0x0021, 0x0021, 0x0021, 0x0021, 0x0021, 0x0021, 0x0021,
  0x0021, 0x0020, 0x0020, 0x0021, 0x0021, 0x0021, 0x0021, 0x0021, 0x0021, 0x0021, 0x0021, 0x0021,
  0x0021, 0x0021, 0x0021, 0x0021, 0x0021, 0x0021, 0x0021, 0x0021, 0x0021, 0x0021, 0x0021, 0x0021,
  0x0021, 0x0021, 0x0021, 0x0021, 0x0021, 0x0021, 0x0021, 0x0020, 0x0021, 0x0021, 0x0020, 0x0020,
  0x0020, 0x0020, 0x0020, 0x0021, 0x0021, 0x0021, 0x0021, 0x0021, 0x0021, 0x0021, 0x0021, 0x0021,
  0x0021, 0x0020, 0x0021, 0x0021, 0x0021, 0x0021, 0x0021, 0x0021, 0x0020, 0x0021, 0x0021, 0x0021,
  0x0021, 0x0021, 0x0021, 0x0020, 0x0021, 0x0021, 0x0020, 0x0020, 0x0021, 0x0021, 0x0021, 0x0021,
  0x0021, 0x0021, 0x0021, 0x0021, 0x0021, 0x0021, 0x0021, 0x0021, 0x0020, 0x0020, 0x0021, 0x0020,
  0x0021, 0x0021, 0x0021, 0x0021, 0x0021, 0x0021, 0x0021, 0x0021, 0x0021, 0x0021, 0x0021, 0x0020,
  0x0020, 0x0020, 0x0021, 0x0020, 0x0021, 0x0021, 0x0021, 0x0021, 0x0021, 0x0021, 0x0021, 0x0021,
  0x0021, 0x0021, 0x0021, 0x0021, 0x0021, 0x0021, 0x0021, 0x0021, 0x0021, 0x0021, 0x0021, 0x0021,
  0x0021, 0x0021, 0x0021, 0x0021, 0x0021, 0x0021, 0x0021, 0x0021, 0x0021, 0x0021, 0x0021, 0x0021,
  0x0021, 0x0021, 0x0021, 0x0021, 0x0021, 0x0021, 0x0021, 0x0021, 0x0021, 0x0021, 0x0021, 0x0021,
  0x0021, 0x0021, 0x0021, 0x0021, 0x0021, 0x0021, 0x0020, 0x0021, 0x0021, 0x0020, 0x0021, 0x0021,
  0x0021, 0x0021, 0x0021, 0x0021, 0x0021, 0x0020, 0x0021, 0x0020, 0x0020, 0x0021, 0x0021, 0x0021,
  0x0021, 0x0021, 0x0020, 0x0021, 0x0021, 0x0021, 0x0021, 0x0021, 0x0021, 0x0021, 0x0021, 0x0021,
  0x0021, 0x0021, 0x0021, 0x0021, 0x0021, 0x0021, 0x0021, 0x0021, 0x0021, 0x0021, 0x0021, 0x0021,
  0x0021, 0x0021, 0x0020, 0x0020, 0x0020, 0x0020, 0x0020, 0x0021, 0x0021, 0x0021, 0x0021, 0x0021,
  0x0021, 0x0020, 0x0021, 0x0021, 0x0021, 0x0021, 0x0021, 0x0021, 0x0020, 0x0021, 0x0021, 0x0021,
  0x0021, 0x0021, 0x0021, 0x0021, 0x0021, 0x0021, 0x0021, 0x0021, 0x0020, 0x0021, 0x0021, 0x0021,
  0x0020, 0x0021, 0x0021, 0x0020, 0x0020, 0x0021, 0x0021, 0x0021, 0x0021, 0x0021, 0x0021, 0x0021,
  0x0020, 0x0021, 0x0021, 0x0021, 0x0021, 0x0021, 0x0021, 0x0021, 0x0021, 0x0021, 0x0020, 0x0021,
  0x0021, 0x0020, 0x0020, 0x0020, 0x0021, 0x0021, 0x0021, 0x0020, 0x0021, 0x0021, 0x0021, 0x0021,
  0x0021, 0x0021, 0x0021, 0x0021, 0x0021, 0x0021, 0x0021, 0x0021, 0x0021, 0x0021, 0x0021, 0x0021,
  0x0021, 0x0021, 0x0021, 0x0021, 0x0021, 0x0021, 0x0021, 0x0020, 0x0021, 0x0021, 0x0021, 0x0021,
  0x0021, 0x0021, 0x0021, 0x0021, 0x0021, 0x0021, 0x0021, 0x0021, 0x0021, 0x0021, 0x0021, 0x0021,
  0x0021, 0x0021, 0x0021, 0x0020, 0x0021, 0x0021, 0x0021, 0x0021, 0x0021, 0x0021, 0x0021, 0x0021,
  0x0020, 0x0021, 0x0020, 0x0021, 0x0021, 0x0021, 0x0020, 0x0021, 0x0020, 0x0021, 0x0021, 0x0021,
  0x0021, 0x0021, 0x0021, 0x0021, 0x0021, 0x0021, 0x0021, 0x0021, 0x0020, 0x0021, 0x0020, 0x0021,
  0x0021, 0x0021, 0x0021, 0x0021, 0x0021, 0x0021, 0x0021, 0x0021, 0x0021, 0x0021, 0x0021, 0x0021,
  0x0021, 0x0021, 0x0020, 0x0021, 0x0020, 0x0021, 0x0020, 0x0020, 0x0020, 0x0020, 0x0020, 0x0021,
  0x0021, 0x0020, 0x0021, 0x0021, 0x0021, 0x0021, 0x0021, 0x0021, 0x0021, 0x0021, 0x0021, 0x0020,
  0x0021, 0x0021, 0x0020, 0x0021, 0x0020, 0x0020, 0x0021, 0x0021, 0x0021, 0x0021, 0x0021, 0x0021,
  0x0021, 0x0021, 0x0021, 0x0021, 0x0021, 0x0021, 0x0020, 0x0020, 0x0021, 0x0021, 0x0021, 0x0021,
  0x0021, 0x0021, 0x0021, 0x0020, 0x0021, 0x0021, 0x0021, 0x0020, 0x0021, 0x0021, 0x0021, 0x0021,
  0x0021, 0x0021, 0x0021, 0x0021, 0x0021, 0x0021, 0x0021, 0x0020, 0x0020, 0x0021, 0x0021, 0x0021,
  0x0021, 0x0021, 0x0021, 0x0021, 0x0020, 0x0021, 0x0021, 0x0021, 0x0021, 0x0021, 0x0021, 0x0021,
  0x0021, 0x0021, 0x0021, 0x0021, 0x0021, 0x0021, 0x0021, 0x0021, 0x0021, 0x0021, 0x0021, 0x0021,
  0x0021, 0x0021, 0x0021, 0x0021, 0x0021, 0x0021, 0x0021, 0x0021, 0x0020, 0x0021, 0x0021, 0x0021,
  0x0021, 0x0021, 0x0021, 0x0021, 0x0021, 0x0021, 0x0021, 0x0020, 0x0021, 0x0021, 0x0021, 0x0021,
  0x0021, 0x0021, 0x0021, 0x0021, 0x0021, 0x0020, 0x0021, 0x0020, 0x0021, 0x0021, 0x0020, 0x0020,
  0x0020, 0x0021, 0x0021, 0x0021, 0x0021, 0x0021, 0x0021, 0x0021, 0x0021, 0x0021, 0x0021, 0x0020,
  0x0020, 0x0020, 0x0021, 0x0021, 0x0020, 0x0020, 0x0021, 0x0021, 0x0021, 0x0021, 0x0021, 0x0021,
  0x0020, 0x0021, 0x0021, 0x0021, 0x0021, 0x0021, 0x0020, 0x0020, 0x0020, 0x0021, 0x0021, 0x0020,
  0x0021, 0x0020, 0x0021, 0x0021, 0x0021, 0x0020, 0x0021, 0x0020, 0x0020, 0x0021, 0x0021, 0x0021,
  0x0020, 0x0021, 0x0021, 0x0021, 0x0021, 0x0020, 0x0021, 0x0020, 0x0021, 0x0020, 0x0021, 0x0021,
  0x0021, 0x0021, 0x0021, 0x0021, 0x0021, 0x0021, 0x0021, 0x0021, 0x0021, 0x0021, 0x0021, 0x0021,
  0x0021, 0x0021, 0x0021, 0x0021, 0x0021, 0x0021, 0x0021, 0x0021, 0x0021, 0x0021, 0x0021, 0x0021,
  0x0021, 0x0021, 0x0021, 0x0021, 0x0020, 0x0021, 0x0021, 0x0021, 0x0021, 0x0021, 0x0020, 0x0020,
  0x0021, 0x0020, 0x0021, 0x0020, 0x0021, 0x0021, 0x0020, 0x0021, 0x0021, 0x0021, 0x0020, 0x0021,
  0x0021, 0x0021, 0x0021, 0x0021, 0x0020, 0x0021, 0x0021, 0x0021, 0x0021, 0x0021, 0x0021, 0x0021,
  0x0021, 0x0021, 0x0021, 0x0021, 0x0021, 0x0021, 0x0020, 0x0020, 0x0021, 0x0021, 0x0021, 0x0021,
  0x0021, 0x0021, 0x0021, 0x0021, 0x0021, 0x0021, 0x0021, 0x0021, 0x0021, 0x0021, 0x0021, 0x0021,
  0x0020, 0x0021, 0x0021, 0x0021, 0x0021, 0x0021, 0x0021, 0x0021, 0x0021, 0x0021, 0x0021, 0x0021,
  0x0021, 0x0021, 0x0021, 0x0020, 0x0021, 0x0020, 0x0021, 0x0021, 0x0021, 0x0021, 0x0021, 0x0021,
  0x0020, 0x0021, 0x0021, 0x0020, 0x0021, 0x0020, 0x0021, 0x0021, 0x0021, 0x0021, 0x0021, 0x0021,
  0x0020, 0x0020, 0x0021, 0x0021, 0x0020, 0x0021, 0x0021, 0x0021, 0x0020, 0x0021, 0x0021, 0x0021,
  0x0021, 0x0021, 0x0021, 0x0021, 0x0021, 0x0020, 0x0021, 0x0021, 0x0020, 0x0021, 0x0021, 0x0021,
  0x0021, 0x0020, 0x0020, 0x0021, 0x0021, 0x0021, 0x0021, 0x0021, 0x0020, 0x0021, 0x0021, 0x0021,
  0x0020, 0x0021, 0x0021, 0x0021, 0x0020, 0x0021, 0x0021, 0x0020, 0x0021, 0x0020, 0x0021, 0x0021,
  0x0021, 0x0020, 0x0021, 0x0021, 0x0021, 0x0021, 0x0021, 0x0021, 0x0021, 0x0021, 0x0021, 0x0021,
  0x0020, 0x0020, 0x0021, 0x0021, 0x0021, 0x0020, 0x0021, 0x0020, 0x0021, 0x0021, 0x0021, 0x0021,
  0x0021, 0x0021, 0x0021, 0x0021, 0x0021, 0x0020, 0x0021, 0x0021, 0x0021, 0x0021, 0x0021, 0x0021,
  0x0021, 0x0020, 0x0021, 0x0021, 0x0021, 0x0021, 0x0021, 0x0021, 0x0021, 0x0021, 0x0021, 0x0021,
  0x0021, 0x0021, 0x0021, 0x0021, 0x0021, 0x0021, 0x0021, 0x0021, 0x0021, 0x0021, 0x0021, 0x0021,
  0x0021, 0x0021, 0x0021, 0x0021, 0x0021, 0x0021, 0x0021, 0x0021, 0x0021, 0x0021, 0x0021, 0x0021,
  0x0021, 0x0021, 0x0021, 0x0021, 0x0021, 0x0021, 0x0021, 0x0021, 0x0021, 0x0021, 0x0021, 0x0020,
  0x0021, 0x0021, 0x0020, 0x0021, 0x0021, 0x0021, 0x0021, 0x0020, 0x0020, 0x0021, 0x0021, 0x0021,
  0x0021, 0x0021, 0x0021, 0x0021, 0x0021, 0x0021, 0x0021, 0x0021, 0x0021, 0x0021, 0x0021, 0x0021,
  0x0021, 0x0021, 0x0020, 0x0021, 0x0021, 0x0021, 0x0021, 0x0021, 0x0021, 0x0021, 0x0021, 0x0021,
  0x0021, 0x0021, 0x0021, 0x0021, 0x0021, 0x0020, 0x0021, 0x0020, 0x0021, 0x0021, 0x0020, 0x0021,
  0x0020, 0x0021, 0x0021, 0x0021, 0x0021, 0x0021, 0x0021, 0x0021, 0x0021, 0x0021, 0x0021, 0x0021,
  0x0021, 0x0021, 0x0021, 0x0021, 0x0020, 0x0021, 0x0021, 0x0021, 0x0021, 0x0021, 0x0021, 0x0021,
  0x0021, 0x0021, 0x0021, 0x0021, 0x0021, 0x0021, 0x0021, 0x0021, 0x0021, 0x0021, 0x0021, 0x0021,
  0x0021, 0x0021, 0x0021, 0x0021, 0x0021, 0x0021, 0x0020, 0x0021, 0x0020, 0x0021, 0x0021, 0x0021,
  0x0021, 0x0021, 0x0021, 0x0021, 0x0021, 0x0021, 0x0021, 0x0021, 0x0021, 0x0021, 0x0021, 0x0020,
  0x0021, 0x0021, 0x0021, 0x0021, 0x0021, 0x0021, 0x0021, 0x0021, 0x0020, 0x0021, 0x0021, 0x0021,
  0x0021, 0x0021, 0x0021, 0x0021, 0x0021, 0x0021, 0x0021, 0x0021, 0x0020, 0x0021, 0x0021, 0x0021,
  0x0021, 0x0021, 0x0021, 0x0021, 0x0021, 0x0021, 0x0021, 0x0021, 0x0021, 0x0021, 0x0021, 0x0021,
  0x0021, 0x0021, 0x0021, 0x0020, 0x0021, 0x0021, 0x0021, 0x0021, 0x0021, 0x0021, 0x0020, 0x0021,
  0x0021, 0x0021, 0x0021, 0x0021, 0x0020, 0x0021, 0x0021, 0x0021, 0x0021, 0x0021, 0x0021, 0x0021,
  0x0020, 0x0021, 0x0021, 0x0021, 0x0021, 0x0021, 0x0021, 0x0021, 0x0021, 0x0021, 0x0021, 0x0021,
  0x0021, 0x0020, 0x0021, 0x0021, 0x0021, 0x0021, 0x0021, 0x0021, 0x0020, 0x0021, 0x0021, 0x0021,
  0x0021, 0x0021, 0x0021, 0x0021, 0x0021, 0x0021, 0x0020, 0x0020, 0x0021, 0x0021, 0x0021, 0x0020,
  0x0021, 0x0020, 0x0020, 0x0021, 0x0020, 0x0021, 0x0020, 0x0021, 0x0021, 0x0021, 0x0021, 0x0021,
  0x0021, 0x0021, 0x0021, 0x0021, 0x0021, 0x0021, 0x0021, 0x0021, 0x0021, 0x0021, 0x0021, 0x0021,
  0x0021, 0x0021, 0x0021, 0x0021, 0x0021, 0x0021, 0x0021, 0x0021, 0x0021, 0x0021, 0x0021, 0x0021,
  0x0021, 0x0021, 0x0021, 0x0021, 0x0021, 0x0021, 0x0021, 0x0021, 0x0021, 0x0021, 0x0020, 0x0021,
  0x0021, 0x0021, 0x0021, 0x0021, 0x0021, 0x0021, 0x0021, 0x0021, 0x0021, 0x0021, 0x0020, 0x0021,
  0x0021, 0x0021, 0x0020, 0x0021, 0x0021, 0x0021, 0x0021, 0x0021, 0x0021, 0x0020, 0x0021, 0x0020,
  0x0021, 0x0020, 0x0021, 0x0020, 0x0020, 0x0021, 0x0020, 0x0020, 0x0021, 0x0021, 0x0021, 0x0021,
  0x0021, 0x0021, 0x0021, 0x0021, 0x0021, 0x0021, 0x0021, 0x0021, 0x0021, 0x0021, 0x0021, 0x0021,
  0x0020, 0x0021, 0x0021, 0x0021, 0x0021, 0x0021, 0x0021, 0x0021, 0x0021, 0x0021, 0x0021, 0x0021,
  0x0021, 0x0021, 0x0020, 0x0021, 0x0021, 0x0021, 0x0021, 0x0021, 0x0021, 0x0021, 0x0021, 0x0021,
  0x0021, 0x0021, 0x0020, 0x0021, 0x0021, 0x0021, 0x0021, 0x0021, 0x0021, 0x0021, 0x0021, 0x0021,
  0x0020, 0x0021, 0x0021, 0x0021, 0x0021, 0x0021, 0x0021, 0x0021, 0x0021, 0x0020, 0x0020, 0x0021,
  0x0021, 0x0021, 0x0021, 0x0021, 0x0021, 0x0021, 0x0021, 0x0020, 0x0021, 0x0021, 0x0021, 0x0021,
  0x0021, 0x0021, 0x0021, 0x0020, 0x0020, 0x0020, 0x0020, 0x0021, 0x0020, 0x0020, 0x0021, 0x0020,
  0x0020, 0x0021, 0x0020, 0x0021, 0x0021, 0x0021, 0x0021, 0x0021, 0x0021, 0x0021, 0x0021, 0x0021,
  0x0021, 0x0021, 0x0021, 0x0021, 0x0021, 0x0021, 0x0021, 0x0020, 0x0020, 0x0020, 0x0021, 0x0021,
  0x0021, 0x0021, 0x0021, 0x0021, 0x0021, 0x0021, 0x0020, 0x0021, 0x0021, 0x0020, 0x0021, 0x0021,
  0x0021, 0x0021, 0x0021, 0x0021, 0x0021, 0x0021, 0x0021, 0x0020, 0x0020, 0x0020, 0x0020, 0x0021,
  0x0021, 0x0021, 0x0021, 0x0020, 0x0021, 0x0020, 0x0021, 0x0021, 0x0021, 0x0021, 0x0021, 0x0021,
  0x0021, 0x0021, 0x0020, 0x0021, 0x0021, 0x0021, 0x0020, 0x0020, 0x0021, 0x0021, 0x0021, 0x0020,
  0x0021, 0x0020, 0x0021, 0x0021, 0x0021, 0x0021, 0x0021, 0x0020, 0x0021, 0x0021, 0x0021, 0x0021,
  0x0021, 0x0021, 0x0021, 0x0021, 0x0021, 0x0021, 0x0021, 0x0021, 0x0021, 0x0021, 0x0021, 0x0021,
  0x0021, 0x0021, 0x0021, 0x0021, 0x0021, 0x0021, 0x0021, 0x0021, 0x0021, 0x0021, 0x0021, 0x0021,
  0x0021, 0x0021, 0x0021, 0x0021, 0x0021, 0x0021, 0x0021, 0x0021, 0x0021, 0x0021, 0x0021, 0x0021,
  0x0021, 0x0021, 0x0021, 0x0021, 0x0021, 0x0021, 0x0021, 0x0021, 0x0021, 0x0021, 0x0021, 0x0020,
  0x0021, 0x0021, 0x0020, 0x0021, 0x0021, 0x0020, 0x0021, 0x0021, 0x0021, 0x0020, 0x0021, 0x0021,
  0x0021, 0x0021, 0x0021, 0x0020, 0x0021, 0x0021, 0x0020, 0x0020, 0x0020, 0x0020, 0x0020, 0x0021,
  0x0021, 0x0020, 0x0021, 0x0020, 0x0020, 0x0021, 0x0021, 0x0021, 0x0021, 0x0020, 0x0020, 0x0020,
  0x0020, 0x0021, 0x0020, 0x0021, 0x0020, 0x0021, 0x0021, 0x0021, 0x0021, 0x0020, 0x0020, 0x0020,
  0x0020, 0x0021, 0x0021, 0x0021, 0x0021, 0x0021, 0x0021, 0x0021, 0x0020, 0x0020, 0x0020, 0x0020,
  0x0020, 0x0020, 0x0020, 0x0021, 0x0020, 0x0020, 0x0021, 0x0020, 0x0020, 0x0020, 0x0020, 0x0021,
  0x0020, 0x0020, 0x0020, 0x0020, 0x0021, 0x0020, 0x0020, 0x0020, 0x0021, 0x0021, 0x0020, 0x0020,
  0x0020, 0x0021, 0x0021, 0x0021, 0x0021, 0x0020, 0x0021, 0x0020, 0x0020, 0x0021, 0x0021, 0x0021,
  0x0021, 0x0021, 0x0021, 0x0020, 0x0021, 0x0021, 0x0021, 0x0021, 0x0021, 0x0021, 0x0021, 0x0021,
  0x0021, 0x0021, 0x0021, 0x0020, 0x0021, 0x0021, 0x0021, 0x0021, 0x0021, 0x0021, 0x0021, 0x0021,
  0x0021, 0x0021, 0x0021, 0x0020, 0x0021, 0x0021, 0x0021, 0x0021, 0x0021, 0x0020, 0x0021, 0x0021,
  0x0021, 0x0021, 0x0021, 0x0021, 0x0021, 0x0021, 0x0021, 0x0020, 0x0020, 0x0021, 0x0020, 0x0021,
  0x0021, 0x0021, 0x0021, 0x0021, 0x0021, 0x0020, 0x0020, 0x0021, 0x0021, 0x0020, 0x0020, 0x0020,
  0x0021, 0x0021, 0x0021, 0x0021, 0x0020, 0x0020, 0x0021, 0x0021, 0x0020, 0x0020, 0x0021, 0x0021,
  0x0021, 0x0021, 0x0021, 0x0020, 0x0021, 0x0020, 0x0021, 0x0021, 0x0021, 0x0021, 0x0020, 0x0020,
  0x0020, 0x0020, 0x0020, 0x0020, 0x0021, 0x0020, 0x0020, 0x0021, 0x0021, 0x0020, 0x0021, 0x0021,
  0x0021, 0x0020, 0x0020, 0x0020, 0x0020, 0x0020, 0x0020, 0x0020, 0x0021, 0x0021, 0x0021, 0x0020,
  0x0020, 0x0020, 0x0021, 0x0020, 0x0020, 0x0021, 0x0021, 0x0021, 0x0020, 0x0021, 0x0021, 0x0020,
  0x0020, 0x0021, 0x0020, 0x0021, 0x0021, 0x0021, 0x0021, 0x0020, 0x0020, 0x0020, 0x0020, 0x0020,
  0x0020, 0x0020, 0x0020, 0x0020, 0x0020, 0x0020, 0x0021, 0x0020, 0x0020, 0x0020, 0x0020, 0x0020,
  0x0020, 0x0021, 0x0020, 0x0020, 0x0020, 0x0020, 0x0021, 0x0021, 0x0020, 0x0020, 0x0021, 0x0021,
  0x0021, 0x0021, 0x0020, 0x0020, 0x0020, 0x0020, 0x0021, 0x0021, 0x0020, 0x0021, 0x0021, 0x0021,
  0x0021, 0x0021, 0x0021, 0x0021, 0x0020, 0x0021, 0x0020, 0x0021, 0x0021, 0x0020, 0x0021, 0x0021,
  0x0021, 0x0021, 0x0021, 0x0021, 0x0021, 0x0021, 0x0021, 0x0021, 0x0020, 0x0020, 0x0021, 0x0020,
  0x0020, 0x0021, 0x0021, 0x0020, 0x0021, 0x0021, 0x0021, 0x0020, 0x0021, 0x0021, 0x0020, 0x0021,
  0x0021, 0x0020, 0x0021, 0x0020, 0x0021, 0x0021, 0x0021, 0x0021, 0x0021, 0x0021, 0x0021, 0x0021,
  0x0020, 0x0020, 0x0020, 0x0020, 0x0020, 0x0020, 0x0020, 0x0021, 0x0021, 0x0021, 0x0020, 0x0020,
  0x0021, 0x0021, 0x0021, 0x0021, 0x0020, 0x0020, 0x0020, 0x0020, 0x0020, 0x0021, 0x0021, 0x0021,
  0x0021, 0x0020, 0x0020, 0x0021,
