// Generated from Assets/GridCity/StreetV3/device/d2-forum-drive.png
// SHA-256: 9611e9771aaf9b3febfb1ef1461cf9713621807dca2142113d727e7ddb9858fd
  0x0020, 0x0020, 0x0020, 0x0020, 0x0020, 0x0020, 0x0020, 0x0020, 0x0020, 0x0020, 0x0020, 0x0020,
  0x0020, 0x0020, 0x0020, 0x0020, 0x0020, 0x0020, 0x0020, 0x0020, 0x0020, 0x0020, 0x0020, 0x0020,
  0x0020, 0x0020, 0x0020, 0x0020, 0x0020, 0x0020, 0x0020, 0x0020, 0x0020, 0x0020, 0x0020, 0x0020,
  0x0020, 0x0020, 0x0020, 0x0020, 0x0020, 0x0020, 0x0020, 0x0020, 0x0020, 0x0020, 0x0020, 0x0020,
  0x0020, 0x0020, 0x0020, 0x0020, 0x0020, 0x0020, 0x0020, 0x0020, 0x0020, 0x0020, 0x0020, 0x0020,
  0x0020, 0x0020, 0x0020, 0x0020, 0x0020, 0x0020, 0x0020, 0x0020, 0x0020, 0x0020, 0x0020, 0x0020,
  0x0020, 0x0020, 0x0020, 0x0020, 0x0020, 0x0020, 0x0020, 0x0020, 0x0020, 0x0020, 0x0020, 0x0020,
  0x0020, 0x0020, 0x0020, 0x0020, 0x0020, 0x0020, 0x0020, 0x0020, 0x0020, 0x0020, 0x0020, 0x0020,
  0x0020, 0x0020, 0x0020, 0x0020, 0x0020, 0x0020, 0x0020, 0x0020, 0x0020, 0x0020, 0x0020, 0x0020,
  0x0020, 0x0020, 0x0020, 0x0020, 0x0020, 0x0020, 0x0020, 0x0020, 0x0020, 0x0020, 0x0020, 0x0020,
  0x0020, 0x0020, 0x0020, 0x0020, 0x0020, 0x0020, 0x0020, 0x0020, 0x0020, 0x0020, 0x0020, 0x0020,
  0x0020, 0x0020, 0x0020, 0x0020, 0x0020, 0x0020, 0x0020, 0x0020, 0x0020, 0x0020, 0x0020, 0x0020,
  0x0020, 0x0020, 0x0020, 0x0020, 0x0020, 0x0020, 0x0020, 0x0020, 0x0020, 0x0020, 0x0020, 0x0020,
  0x0020, 0x0020, 0x0020, 0x0020, 0x0020, 0x0020, 0x0020, 0x0020, 0x0020, 0x0020, 0x0020, 0x0020,
  0x0020, 0x0020, 0x0020, 0x0020, 0x0020, 0x0020, 0x0020, 0x0020, 0x0020, 0x0020, 0x0020, 0x0020,
  0x0020, 0x0020, 0x0020, 0x0020, 0x0020, 0x0020, 0x0020, 0x0020, 0x0020, 0x0020, 0x0020, 0x0020,
  0x0020, 0x0020, 0x0020, 0x0020, 0x0020, 0x0020, 0x0020, 0x0020, 0x0020, 0x0020, 0x0020, 0x0020,
  0x0020, 0x0020, 0x0020, 0x0020, 0x0020, 0x0020, 0x0020, 0x0020, 0x0020, 0x0020, 0x0020, 0x0020,
  0x0020, 0x0020, 0x0020, 0x0020, 0x0020, 0x0020, 0x0020, 0x0020, 0x0020, 0x0020, 0x0020, 0x0020,
  0x0020, 0x0020, 0x0020, 0x0020, 0x0020, 0x0020, 0x0020, 0x0020, 0x0020, 0x0020, 0x0020, 0x0020,
  0x0020, 0x0020, 0x0020, 0x0020, 0x0020, 0x0020, 0x0020, 0x0020, 0x0020, 0x0020, 0x0020, 0x0020,
  0x0020, 0x0020, 0x0020, 0x0020, 0x0020, 0x0020, 0x0020, 0x0020, 0x0020, 0x0020, 0x0020, 0x0020,
  0x0020, 0x0020, 0x0020, 0x0020, 0x0020, 0x0020, 0x0020, 0x0020, 0x0020, 0x0020, 0x0020, 0x0020,
  0x0020, 0x0020, 0x0020, 0x0020, 0x0020, 0x0020, 0x0020, 0x0020, 0x0020, 0x0020, 0x0020, 0x0020,
  0x0020, 0x0020, 0x0020, 0x0020, 0x0020, 0x0020, 0x0020, 0x0020, 0x0020, 0x0020, 0x0020, 0x0020,
  0x0020, 0x0020, 0x0020, 0x0020, 0x0020, 0x0020, 0x0020, 0x0020, 0x0020, 0x0020, 0x0020, 0x0020,
  0x0020, 0x0020, 0x0020, 0x0020, 0x0020, 0x0020, 0x0020, 0x0020, 0x0020, 0x0020, 0x0020, 0x0020,
  0x0020, 0x0020, 0x0020, 0x0020, 0x0020, 0x0020, 0x0020, 0x0020, 0x0020, 0x0020, 0x0020, 0x0020,
  0x0020, 0x0020, 0x0020, 0x0020, 0x0020, 0x0020, 0x0020, 0x0020, 0x0020, 0x0020, 0x0020, 0x0020,
  0x0020, 0x0020, 0x0020, 0x0020, 0x0020, 0x0020, 0x0020, 0x0020, 0x0020, 0x0020, 0x0020, 0x0020,
  0x0020, 0x0020, 0x0020, 0x0020, 0x0020, 0x0020, 0x0020, 0x0020, 0x0020, 0x0020, 0x0020, 0x0020,
  0x0020, 0x0020, 0x0020, 0x0020, 0x0020, 0x0020, 0x0020, 0x0020, 0x0020, 0x0020, 0x0020, 0x0020,
  0x0020, 0x0020, 0x0020, 0x0020, 0x0020, 0x0020, 0x0020, 0x0020, 0x0020, 0x0020, 0x0020, 0x0020,
  0x0020, 0x0020, 0x0020, 0x0020, 0x0020, 0x0020, 0x0020, 0x0020, 0x0020, 0x0020, 0x0020, 0x0020,
  0x0020, 0x0020, 0x0020, 0x0020, 0x0020, 0x0020, 0x0020, 0x0020, 0x0020, 0x0020, 0x0020, 0x0020,
  0x0020, 0x0020, 0x0020, 0x0020, 0x0020, 0x0020, 0x0020, 0x0020, 0x0020, 0x0020, 0x0020, 0x0020,
  0x0020, 0x0020, 0x0020, 0x0020, 0x0020, 0x0020, 0x0020, 0x0020, 0x0020, 0x0020, 0x0020, 0x0020,
  0x0020, 0x0020, 0x0020, 0x0020, 0x0020, 0x0020, 0x0020, 0x0020, 0x0020, 0x0020, 0x0020, 0x0020,
  0x0020, 0x0020, 0x0020, 0x0020, 0x0020, 0x0020, 0x0020, 0x0020, 0x0020, 0x0020, 0x0020, 0x0020,
  0x0020, 0x0020, 0x0020, 0x0020, 0x0020, 0x0020, 0x0020, 0x0020, 0x0020, 0x0020, 0x0020, 0x0020,
  0x0020, 0x0020, 0x0020, 0x0020, 0x0020, 0x0020, 0x0020, 0x0020, 0x0020, 0x0020, 0x0020, 0x0020,
  0x0020, 0x0021, 0x0020, 0x0020, 0x0020, 0x0020, 0x0020, 0x0020, 0x0020, 0x0020, 0x0020, 0x0020,
  0x0020, 0x0020, 0x0020, 0x0020, 0x0020, 0x0020, 0x0020, 0x0020, 0x0020, 0x0020, 0x0020, 0x0020,
  0x0020, 0x0020, 0x0020, 0x0020, 0x0021, 0x0020, 0x0020, 0x0020, 0x0020, 0x0020, 0x0020, 0x0020,
  0x0020, 0x0020, 0x0020, 0x0020, 0x0020, 0x0020, 0x0020, 0x0020, 0x0020, 0x0020, 0x0020, 0x0020,
  0x0020, 0x0020, 0x0020, 0x0020, 0x0020, 0x0020, 0x0020, 0x0020, 0x0020, 0x0020, 0x0020, 0x0020,
  0x0020, 0x0020, 0x0020, 0x0020, 0x0020, 0x0020, 0x0020, 0x0020, 0x0020, 0x0020, 0x0020, 0x0020,
  0x0020, 0x0020, 0x0020, 0x0020, 0x0020, 0x0020, 0x0020, 0x0021, 0x0020, 0x0020, 0x0020, 0x0020,
  0x0020, 0x0020, 0x0020, 0x0020, 0x0020, 0x0020, 0x0020, 0x0020, 0x0020, 0x0020, 0x0020, 0x0020,
  0x0020, 0x0020, 0x0020, 0x0020, 0x0020, 0x0020, 0x0020, 0x0020, 0x0020, 0x0020, 0x0020, 0x0020,
  0x0020, 0x0020, 0x0020, 0x0020, 0x0020, 0x0020, 0x0020, 0x0020, 0x0020, 0x0020, 0x0020, 0x0020,
  0x0020, 0x0020, 0x0020, 0x0020, 0x0020, 0x0020, 0x0020, 0x0020, 0x0020, 0x0020, 0x0020, 0x0020,
  0x0020, 0x0020, 0x0020, 0x0020, 0x0020, 0x0020, 0x0020, 0x0020, 0x0020, 0x0020, 0x0020, 0x0020,
  0x0020, 0x0020, 0x0020, 0x0020, 0x0020, 0x0020, 0x0020, 0x0020, 0x0020, 0x0020, 0x0020, 0x0020,
  0x0020, 0x0020, 0x0020, 0x0020, 0x0020, 0x0020, 0x0020, 0x0020, 0x0020, 0x0020, 0x0020, 0x0020,
  0x0020, 0x0020, 0x0020, 0x0020, 0x0020, 0x0020, 0x0020, 0x0020, 0x0020, 0x0020, 0x0020, 0x0020,
  0x0020, 0x0020, 0x0020, 0x0020, 0x0020, 0x0020, 0x0020, 0x0020, 0x0020, 0x0020, 0x0020, 0x0020,
  0x0020, 0x0020, 0x0020, 0x0020, 0x0020, 0x0020, 0x0020, 0x0020, 0x0020, 0x0020, 0x0020, 0x0020,
  0x0020, 0x0020, 0x0020, 0x0020, 0x0020, 0x0020, 0x0020, 0x0020, 0x0020, 0x0020, 0x0020, 0x0020,
  0x0020, 0x0020, 0x0020, 0x0020, 0x0020, 0x0020, 0x0020, 0x0020, 0x0020, 0x0020, 0x0020, 0x0020,
  0x0020, 0x0020, 0x0020, 0x0020, 0x0020, 0x0020, 0x0020, 0x0020, 0x0020, 0x0020, 0x0020, 0x0020,
  0x0020, 0x0020, 0x0020, 0x0020, 0x0020, 0x0020, 0x0020, 0x0020, 0x0020, 0x0020, 0x0020, 0x0020,
  0x0020, 0x0020, 0x0020, 0x0020, 0x0020, 0x0020, 0x0020, 0x0020, 0x0020, 0x0020, 0x0020, 0x0020,
  0x0020, 0x0020, 0x0020, 0x0020, 0x0020, 0x0020, 0x0020, 0x0020, 0x0020, 0x0020, 0x0020, 0x0020,
  0x0020, 0x0020, 0x0020, 0x0020, 0x0020, 0x0020, 0x0020, 0x0020, 0x0020, 0x0020, 0x0020, 0x0020,
  0x0020, 0x0020, 0x0020, 0x0020, 0x0020, 0x0020, 0x0020, 0x0020, 0x0020, 0x0020, 0x0020, 0x0020,
  0x0020, 0x0020, 0x0020, 0x0020, 0x0020, 0x0020, 0x0020, 0x0020, 0x0020, 0x0020, 0x0020, 0x0020,
  0x0020, 0x0020, 0x0020, 0x0020, 0x0020, 0x0020, 0x0020, 0x0020, 0x0020, 0x0020, 0x0020, 0x0020,
  0x0020, 0x0020, 0x0020, 0x0020, 0x0020, 0x0020, 0x0020, 0x0020, 0x0020, 0x0020, 0x0020, 0x0020,
  0x0020, 0x0020, 0x0020, 0x0020, 0x0020, 0x0020, 0x0020, 0x0020, 0x0020, 0x0020, 0x0020, 0x0020,
  0x0020, 0x0020, 0x0020, 0x0020, 0x0020, 0x0020, 0x0020, 0x0020, 0x0020, 0x0020, 0x0020, 0x0020,
  0x0020, 0x0020, 0x0020, 0x0020, 0x0020, 0x0020, 0x0020, 0x0020, 0x0020, 0x0020, 0x0020, 0x0020,
  0x0020, 0x0020, 0x0020, 0x0020, 0x0020, 0x0020, 0x0020, 0x0020, 0x0020, 0x0020, 0x0020, 0x0020,
  0x0020, 0x0020, 0x0020, 0x0020, 0x0020, 0x0020, 0x0020, 0x0020, 0x0020, 0x0020, 0x0020, 0x0020,
  0x0020, 0x0020, 0x0020, 0x0020, 0x0020, 0x0020, 0x0020, 0x0020, 0x0020, 0x0020, 0x0020, 0x0020,
  0x0020, 0x0020, 0x0020, 0x0020, 0x0020, 0x0020, 0x0020, 0x0020, 0x0020, 0x0020, 0x0020, 0x0020,
  0x0020, 0x0020, 0x0020, 0x0020, 0x0020, 0x0020, 0x0020, 0x0020, 0x0020, 0x0020, 0x0020, 0x0020,
  0x0021, 0x0020, 0x0020, 0x0020, 0x0020, 0x0020, 0x0020, 0x0020, 0x0020, 0x0020, 0x0020, 0x0020,
  0x0020, 0x0020, 0x0020, 0x0020, 0x0020, 0x0020, 0x0020, 0x0020, 0x0020, 0x0020, 0x0020, 0x0020,
  0x0020, 0x0020, 0x0020, 0x0020, 0x0020, 0x0020, 0x0020, 0x0020, 0x0020, 0x0020, 0x0020, 0x0020,
  0x0020, 0x0020, 0x0020, 0x0020, 0x0020, 0x0020, 0x0020, 0x0020, 0x0020, 0x0020, 0x0020, 0x0020,
  0x0020, 0x0020, 0x0020, 0x0020, 0x0020, 0x0020, 0x0020, 0x0020, 0x0020, 0x0020, 0x0020, 0x0020,
  0x0020, 0x0020, 0x0020, 0x0020, 0x0020, 0x0020, 0x0020, 0x0020, 0x0020, 0x0020, 0x0020, 0x0020,
  0x0020, 0x0020, 0x0020, 0x0020, 0x0020, 0x0020, 0x0020, 0x0020, 0x0020, 0x0020, 0x0020, 0x0020,
  0x0020, 0x0020, 0x0020, 0x0020, 0x0020, 0x0020, 0x0020, 0x0020, 0x0020, 0x0020, 0x0020, 0x0020,
  0x0020, 0x0020, 0x0020, 0x0020, 0x0020, 0x0020, 0x0020, 0x0020, 0x0020, 0x0020, 0x0020, 0x0020,
  0x0020, 0x0020, 0x0020, 0x0020, 0x0020, 0x0020, 0x0020, 0x0020, 0x0020, 0x0020, 0x0021, 0x0020,
  0x0020, 0x0020, 0x0020, 0x0020, 0x0020, 0x0020, 0x0020, 0x0020, 0x0020, 0x0020, 0x0020, 0x0020,
  0x0020, 0x0020, 0x0020, 0x0020, 0x0020, 0x0020, 0x0020, 0x0020, 0x0020, 0x0020, 0x0020, 0x0020,
  0x0020, 0x0020, 0x0020, 0x0020, 0x0020, 0x0020, 0x0020, 0x0020, 0x0020, 0x0020, 0x0020, 0x0020,
  0x0020, 0x0020, 0x0020, 0x0020, 0x0020, 0x0020, 0x0020, 0x0020, 0x0020, 0x0020, 0x0020, 0x0020,
  0x0020, 0x0020, 0x0020, 0x0020, 0x0020, 0x0020, 0x0020, 0x0020, 0x0020, 0x0020, 0x0020, 0x0021,
  0x0020, 0x0020, 0x0020, 0x0020, 0x0020, 0x0020, 0x0020, 0x0020, 0x0020, 0x0020, 0x0020, 0x0020,
  0x0020, 0x0020, 0x0020, 0x0020, 0x0020, 0x0020, 0x0020, 0x0020, 0x0020, 0x0020, 0x0020, 0x0020,
  0x0020, 0x0020, 0x0020, 0x0020, 0x0020, 0x0020, 0x0020, 0x0020, 0x0020, 0x0020, 0x0020, 0x0020,
  0x0020, 0x0020, 0x0020, 0x0020, 0x0020, 0x0020, 0x0020, 0x0020, 0x0020, 0x0020, 0x0020, 0x0020,
  0x0020, 0x0020, 0x0020, 0x0020, 0x0020, 0x0020, 0x0020, 0x0020, 0x0020, 0x0020, 0x0020, 0x0020,
  0x0020, 0x0020, 0x0020, 0x0020, 0x0020, 0x0020, 0x0020, 0x0020, 0x0020, 0x0020, 0x0020, 0x0020,
  0x0020, 0x0020, 0x0020, 0x0020, 0x0020, 0x0020, 0x0020, 0x0020, 0x0020, 0x0020, 0x0020, 0x0020,
  0x0020, 0x0020, 0x0020, 0x0020, 0x0020, 0x0020, 0x0020, 0x0020, 0x0020, 0x0020, 0x0020, 0x0020,
  0x0020, 0x0020, 0x0020, 0x0020, 0x0020, 0x0021, 0x0021, 0x0020, 0x0020, 0x0020, 0x0020, 0x0020,
  0x0020, 0x0020, 0x0020, 0x0020, 0x0020, 0x0020, 0x0020, 0x0020, 0x0020, 0x0020, 0x0020, 0x0020,
  0x0020, 0x0020, 0x0020, 0x0021, 0x0020, 0x0020, 0x0020, 0x0020, 0x0021, 0x0020, 0x0020, 0x0020,
  0x0020, 0x0020, 0x0020, 0x0020, 0x0020, 0x0020, 0x0020, 0x0020, 0x0020, 0x0020, 0x0020, 0x0020,
  0x0020, 0x0020, 0x0020, 0x0020, 0x0020, 0x0020, 0x0020, 0x0020, 0x0020, 0x0020, 0x0020, 0x0020,
  0x0020, 0x0020, 0x0020, 0x0020, 0x0020, 0x0020, 0x0020, 0x0020, 0x0020, 0x0020, 0x0020, 0x0020,
  0x0020, 0x0020, 0x0020, 0x0020, 0x0020, 0x0021, 0x0020, 0x0020, 0x0020, 0x0020, 0x0020, 0x0020,
  0x0020, 0x0020, 0x0020, 0x0020, 0x0020, 0x0020, 0x0020, 0x0020, 0x0020, 0x0020, 0x0020, 0x0020,
  0x0020, 0x0020, 0x0020, 0x0020, 0x0020, 0x0020, 0x0020, 0x0020, 0x0020, 0x0020, 0x0020, 0x0020,
  0x0020, 0x0020, 0x0020, 0x0020, 0x0020, 0x0020, 0x0020, 0x0020, 0x0020, 0x0020, 0x0020, 0x0020,
  0x0020, 0x0020, 0x0020, 0x0020, 0x0020, 0x0020, 0x0020, 0x0020, 0x0020, 0x0020, 0x0020, 0x0020,
  0x0020, 0x0020, 0x0020, 0x0020, 0x0020, 0x0020, 0x0020, 0x0020, 0x0020, 0x0020, 0x0020, 0x0020,
  0x0020, 0x0020, 0x0020, 0x0020, 0x0020, 0x0020, 0x0020, 0x0020, 0x0020, 0x0020, 0x0020, 0x0020,
  0x0020, 0x0020, 0x0020, 0x0020, 0x0020, 0x0020, 0x0020, 0x0020, 0x0020, 0x0020, 0x0020, 0x0020,
  0x0020, 0x0020, 0x0020, 0x0020, 0x0020, 0x0020, 0x0020, 0x0020, 0x0020, 0x0020, 0x0020, 0x0020,
  0x0020, 0x0020, 0x0020, 0x0020, 0x0020, 0x0020, 0x0020, 0x0020, 0x0020, 0x0020, 0x0021, 0x0020,
  0x0020, 0x0021, 0x0020, 0x0021, 0x0020, 0x0020, 0x0020, 0x0020, 0x0020, 0x0020, 0x0020, 0x0020,
  0x0021, 0x0020, 0x0020, 0x0020, 0x0020, 0x0020, 0x0020, 0x0020, 0x0020, 0x0020, 0x0020, 0x0020,
  0x0020, 0x0020, 0x0020, 0x0020, 0x0020, 0x0020, 0x0020, 0x0020, 0x0020, 0x0020, 0x0020, 0x0020,
  0x0020, 0x0020, 0x0020, 0x0020, 0x0020, 0x0020, 0x0020, 0x0020, 0x0020, 0x0020, 0x0020, 0x0020,
  0x0020, 0x0020, 0x0020, 0x0020, 0x0020, 0x0020, 0x0020, 0x0020, 0x0020, 0x0020, 0x0020, 0x0020,
  0x0021, 0x0020, 0x0020, 0x0020, 0x0020, 0x0020, 0x0020, 0x0020, 0x0020, 0x0020, 0x0020, 0x0020,
  0x0020, 0x0020, 0x0020, 0x0020, 0x0020, 0x0020, 0x0020, 0x0020, 0x0020, 0x0020, 0x0021, 0x0020,
  0x0020, 0x0020, 0x0020, 0x0020, 0x0020, 0x0020, 0x0020, 0x0020, 0x0020, 0x0020, 0x0020, 0x0020,
  0x0020, 0x0021, 0x0020, 0x0020, 0x0020, 0x0020, 0x0020, 0x0020, 0x0020, 0x0020, 0x0020, 0x0020,
  0x0020, 0x0020, 0x0020, 0x0020, 0x0020, 0x0020, 0x0020, 0x0020, 0x0020, 0x0020, 0x0020, 0x0020,
  0x0020, 0x0020, 0x0020, 0x0020, 0x0020, 0x0020, 0x0020, 0x0020, 0x0020, 0x0020, 0x0020, 0x0021,
  0x0020, 0x0020, 0x0020, 0x0020, 0x0020, 0x0020, 0x0020, 0x0020, 0x0020, 0x0020, 0x0020, 0x0020,
  0x0020, 0x0020, 0x0020, 0x0020, 0x0020, 0x0020, 0x0020, 0x0021, 0x0020, 0x0020, 0x0020, 0x0021,
  0x0020, 0x0021, 0x0020, 0x0020, 0x0020, 0x0020, 0x0020, 0x0020, 0x0021, 0x0020, 0x0020, 0x0020,
  0x0020, 0x0020, 0x0020, 0x0020, 0x0020, 0x0020, 0x0020, 0x0020, 0x0020, 0x0020, 0x0020, 0x0020,
  0x0020, 0x0020, 0x0020, 0x0020, 0x0020, 0x0020, 0x0020, 0x0020, 0x0020, 0x0020, 0x0020, 0x0020,
  0x0020, 0x0020, 0x0020, 0x0020, 0x0020, 0x0020, 0x0020, 0x0020, 0x0020, 0x0020, 0x0020, 0x0020,
  0x0020, 0x0020, 0x0020, 0x0020, 0x0020, 0x0020, 0x0020, 0x0020, 0x0020, 0x0020, 0x0020, 0x0020,
  0x0020, 0x0020, 0x0020, 0x0020, 0x0020, 0x0020, 0x0020, 0x0020, 0x0020, 0x0020, 0x0020, 0x0020,
  0x0020, 0x0020, 0x0020, 0x0020, 0x0020, 0x0020, 0x0020, 0x0020, 0x0020, 0x0020, 0x0020, 0x0020,
  0x0020, 0x0020, 0x0020, 0x0020, 0x0020, 0x0020, 0x0020, 0x0020, 0x0020, 0x0020, 0x0020, 0x0020,
  0x0020, 0x0020, 0x0020, 0x0020, 0x0020, 0x0020, 0x0020, 0x0020, 0x0021, 0x0020, 0x0020, 0x0020,
  0x0020, 0x0020, 0x0020, 0x0020, 0x0020, 0x0020, 0x0020, 0x0020, 0x0020, 0x0020, 0x0020, 0x0020,
  0x0020, 0x0020, 0x0020, 0x0020, 0x0020, 0x0020, 0x0020, 0x0020, 0x0020, 0x0020, 0x0020, 0x0020,
  0x0020, 0x0020, 0x0020, 0x0020, 0x0020, 0x0020, 0x0020, 0x0020, 0x0020, 0x0020, 0x0020, 0x0020,
  0x0020, 0x0020, 0x0020, 0x0020, 0x0020, 0x0020, 0x0020, 0x0020, 0x0020, 0x0020, 0x0020, 0x0020,
  0x0020, 0x0020, 0x0020, 0x0020, 0x0020, 0x0021, 0x0021, 0x0021, 0x0020, 0x0020, 0x0020, 0x0020,
  0x0021, 0x0020, 0x0020, 0x0021, 0x0020, 0x0020, 0x0020, 0x0020, 0x0020, 0x0020, 0x0020, 0x0020,
  0x0020, 0x0020, 0x0020, 0x0020, 0x0020, 0x0020, 0x0020, 0x0020, 0x0020, 0x0020, 0x0020, 0x0020,
  0x0020, 0x0020, 0x0020, 0x0020, 0x0020, 0x0020, 0x0020, 0x0020, 0x0020, 0x0020, 0x0020, 0x0020,
  0x0020, 0x0020, 0x0020, 0x0020, 0x0020, 0x0020, 0x0020, 0x0020, 0x0020, 0x0020, 0x0020, 0x0020,
  0x0020, 0x0020, 0x0020, 0x0020, 0x0020, 0x0020, 0x0020, 0x0020, 0x0020, 0x0020, 0x0020, 0x0020,
  0x0020, 0x0020, 0x0020, 0x0020, 0x0020, 0x0020, 0x0020, 0x0020, 0x0020, 0x0020, 0x0020, 0x0020,
  0x0020, 0x0020, 0x0020, 0x0020, 0x0020, 0x0020, 0x0020, 0x0020, 0x0020, 0x0020, 0x0020, 0x0020,
  0x0020, 0x0020, 0x0020, 0x0020, 0x0020, 0x0020, 0x0020, 0x0020, 0x0020, 0x0020, 0x0020, 0x0020,
  0x0020, 0x0020, 0x0020, 0x0020, 0x0020, 0x0020, 0x0020, 0x0020, 0x0020, 0x0020, 0x0020, 0x0020,
  0x0020, 0x0020, 0x0020, 0x0020, 0x0020, 0x0020, 0x0020, 0x0020, 0x0020, 0x0020, 0x0020, 0x0020,
  0x0020, 0x0020, 0x0020, 0x0020, 0x0020, 0x0020, 0x0020, 0x0020, 0x0020, 0x0020, 0x0020, 0x0020,
  0x0020, 0x0020, 0x0020, 0x0020, 0x0020, 0x0020, 0x0020, 0x0020, 0x0020, 0x0020, 0x0020, 0x0020,
  0x0020, 0x0020, 0x0020, 0x0020, 0x0020, 0x0020, 0x0020, 0x0020, 0x0020, 0x0020, 0x0020, 0x0020,
  0x0020, 0x0020, 0x0021, 0x0020, 0x0020, 0x0020, 0x0021, 0x0020, 0x0020, 0x0020, 0x0020, 0x0020,
  0x0020, 0x0020, 0x0020, 0x0020, 0x0020, 0x0020, 0x0020, 0x0020, 0x0021, 0x0020, 0x0020, 0x0020,
  0x0020, 0x0020, 0x0020, 0x0020, 0x0020, 0x0020, 0x0020, 0x0020, 0x0020, 0x0021, 0x0020, 0x0020,
  0x0020, 0x0020, 0x0020, 0x0020, 0x0020, 0x0020, 0x0020, 0x0020, 0x0020, 0x0020, 0x0020, 0x0020,
  0x0020, 0x0020, 0x0020, 0x0020, 0x0020, 0x0020, 0x0020, 0x0020, 0x0020, 0x0020, 0x0020, 0x0020,
  0x0020, 0x0020, 0x0020, 0x0020, 0x0020, 0x0020, 0x0020, 0x0020, 0x0020, 0x0020, 0x0020, 0x0020,
  0x0020, 0x0020, 0x0020, 0x0020, 0x0020, 0x0020, 0x0020, 0x0020, 0x0020, 0x0020, 0x0020, 0x0020,
  0x0020, 0x0020, 0x0020, 0x0020, 0x0020, 0x0020, 0x0020, 0x0020, 0x0020, 0x0020, 0x0020, 0x0020,
  0x0020, 0x0020, 0x0020, 0x0020, 0x0020, 0x0020, 0x0020, 0x0020, 0x0020, 0x0020, 0x0020, 0x0020,
  0x0020, 0x0020, 0x0020, 0x0020, 0x0020, 0x0021, 0x0020, 0x0020, 0x0020, 0x0020, 0x0020, 0x0020,
  0x0020, 0x0020, 0x0020, 0x0020, 0x0020, 0x0020, 0x0020, 0x0020, 0x0020, 0x0020, 0x0020, 0x0020,
  0x0020, 0x0020, 0x0020, 0x0020, 0x0020, 0x0020, 0x0020, 0x0020, 0x0020, 0x0020, 0x0020, 0x0020,
  0x0020, 0x0020, 0x0020, 0x0020, 0x0020, 0x0020, 0x0020, 0x0020, 0x0020, 0x0020, 0x0020, 0x0020,
  0x0020, 0x0020, 0x0020, 0x0020, 0x0020, 0x0020, 0x0020, 0x0020, 0x0020, 0x0020, 0x0020, 0x0020,
  0x0020, 0x0021, 0x0020, 0x0020, 0x0020, 0x0020, 0x0021, 0x0020, 0x0020, 0x0020, 0x0020, 0x0020,
  0x0020, 0x0020, 0x0020, 0x0020, 0x0020, 0x0020, 0x0020, 0x0020, 0x0020, 0x0020, 0x0021, 0x0021,
  0x0020, 0x0021, 0x0021, 0x0020, 0x0020, 0x0020, 0x0020, 0x0020, 0x0020, 0x0020, 0x0020, 0x0020,
  0x0020, 0x0020, 0x0020, 0x0020, 0x0020, 0x0020, 0x0020, 0x0020, 0x0020, 0x0020, 0x0020, 0x0020,
  0x0020, 0x0020, 0x0020, 0x0020, 0x0020, 0x0020, 0x0020, 0x0020, 0x0020, 0x0020, 0x0020, 0x0020,
  0x0020, 0x0020, 0x0020, 0x0020, 0x0020, 0x0020, 0x0020, 0x0020, 0x0020, 0x0020, 0x0020, 0x0020,
  0x0020, 0x0020, 0x0020, 0x0020, 0x0020, 0x0020, 0x0020, 0x0020, 0x0020, 0x0020, 0x0020, 0x0020,
  0x0020, 0x0020, 0x0020, 0x0020, 0x0020, 0x0020, 0x0020, 0x0020, 0x0020, 0x0020, 0x0020, 0x0020,
  0x0020, 0x0020, 0x0020, 0x0020, 0x0020, 0x0020, 0x0020, 0x0020, 0x0020, 0x0020, 0x0020, 0x0020,
  0x0020, 0x0020, 0x0020, 0x0020, 0x0020, 0x0020, 0x0020, 0x0020, 0x0020, 0x0020, 0x0020, 0x0020,
  0x0020, 0x0020, 0x0020, 0x0020, 0x0020, 0x0020, 0x0020, 0x0020, 0x0020, 0x0020, 0x0020, 0x0020,
  0x0020, 0x0020, 0x0020, 0x0020, 0x0020, 0x0020, 0x0020, 0x0020, 0x0020, 0x0020, 0x0020, 0x0020,
  0x0020, 0x0020, 0x0020, 0x0020, 0x0020, 0x0020, 0x0020, 0x0020, 0x0020, 0x0020, 0x0020, 0x0020,
  0x0020, 0x0020, 0x0021, 0x0020, 0x0020, 0x0021, 0x0021, 0x0020, 0x0020, 0x0020, 0x0020, 0x0020,
  0x0020, 0x0020, 0x0020, 0x0021, 0x0020, 0x0020, 0x0020, 0x0020, 0x0020, 0x0020, 0x0020, 0x0020,
  0x0020, 0x0020, 0x0020, 0x0021, 0x0021, 0x0020, 0x0020, 0x0021, 0x0020, 0x0020, 0x0020, 0x0020,
  0x0020, 0x0020, 0x0020, 0x0020, 0x0020, 0x0020, 0x0020, 0x0020, 0x0020, 0x0020, 0x0020, 0x0020,
  0x0020, 0x0020, 0x0020, 0x0020, 0x0020, 0x0020, 0x0020, 0x0020, 0x0020, 0x0020, 0x0020, 0x0020,
  0x0020, 0x0020, 0x0020, 0x0020, 0x0020, 0x0020, 0x0020, 0x0020, 0x0020, 0x0020, 0x0020, 0x0020,
  0x0020, 0x0020, 0x0020, 0x0020, 0x0020, 0x0020, 0x0020, 0x0020, 0x0020, 0x0020, 0x0020, 0x0020,
  0x0020, 0x0020, 0x0021, 0x0020, 0x0020, 0x0020, 0x0020, 0x0020, 0x0020, 0x0020, 0x0020, 0x0020,
  0x0020, 0x0020, 0x0020, 0x0020, 0x0020, 0x0020, 0x0020, 0x0020, 0x0020, 0x0020, 0x0020, 0x0020,
  0x0020, 0x0020, 0x0020, 0x0020, 0x0020, 0x0020, 0x0020, 0x0020, 0x0020, 0x0020, 0x0020, 0x0020,
  0x0020, 0x0020, 0x0020, 0x0020, 0x0020, 0x0020, 0x0020, 0x0020, 0x0020, 0x0020, 0x0020, 0x0020,
  0x0020, 0x0020, 0x0020, 0x0020, 0x0020, 0x0020, 0x0020, 0x0020, 0x0020, 0x0020, 0x0021, 0x0020,
  0x0020, 0x0020, 0x0020, 0x0020, 0x0020, 0x0020, 0x0021, 0x0020, 0x0020, 0x0021, 0x0020, 0x0020,
  0x0020, 0x0020, 0x0020, 0x0020, 0x0020, 0x0020, 0x0020, 0x0020, 0x0020, 0x0020, 0x0020, 0x0020,
  0x0021, 0x0020, 0x0020, 0x0020, 0x0020, 0x0020, 0x0020, 0x0020, 0x0020, 0x0020, 0x0020, 0x0020,
  0x0020, 0x0020, 0x0020, 0x0020, 0x0021, 0x0020, 0x0020, 0x0020, 0x0020, 0x0020, 0x0020, 0x0020,
  0x0020, 0x0020, 0x0020, 0x0020, 0x0020, 0x0020, 0x0020, 0x0020, 0x0020, 0x0020, 0x0020, 0x0020,
  0x0020, 0x0020, 0x0020, 0x0020, 0x0020, 0x0020, 0x0020, 0x0020, 0x0020, 0x0020, 0x0020, 0x0020,
  0x0020, 0x0020, 0x0020, 0x0020, 0x0020, 0x0020, 0x0020, 0x0020, 0x0020, 0x0020, 0x0020, 0x0020,
  0x0020, 0x0020, 0x0020, 0x0020, 0x0020, 0x0020, 0x0020, 0x0020, 0x0020, 0x0020, 0x0020, 0x0020,
  0x0020, 0x0020, 0x0020, 0x0020, 0x0020, 0x0020, 0x0020, 0x0020, 0x0020, 0x0020, 0x0020, 0x0020,
  0x0020, 0x0020, 0x0020, 0x0020, 0x0020, 0x0020, 0x0020, 0x0020, 0x0020, 0x0020, 0x0020, 0x0020,
  0x0020, 0x0020, 0x0020, 0x0020, 0x0020, 0x0020, 0x0020, 0x0020, 0x0020, 0x0020, 0x0020, 0x0020,
  0x0020, 0x0020, 0x0020, 0x0020, 0x0020, 0x0020, 0x0020, 0x0020, 0x0020, 0x0020, 0x0020, 0x0020,
  0x0020, 0x0020, 0x0020, 0x0020, 0x0020, 0x0020, 0x0020, 0x0020, 0x0020, 0x0020, 0x0020, 0x0020,
  0x0020, 0x0020, 0x0020, 0x0020, 0x0020, 0x0020, 0x0020, 0x0020, 0x0020, 0x0020, 0x0020, 0x0020,
  0x0020, 0x0021, 0x0020, 0x0020, 0x0020, 0x0020, 0x0020, 0x0020, 0x0020, 0x0020, 0x0020, 0x0020,
  0x0020, 0x0020, 0x0020, 0x0020, 0x0020, 0x0020, 0x0020, 0x0020, 0x0020, 0x0020, 0x0020, 0x0020,
  0x0020, 0x0020, 0x0020, 0x0020, 0x0020, 0x0020, 0x0020, 0x0020, 0x0020, 0x0020, 0x0020, 0x0020,
  0x0020, 0x0020, 0x0020, 0x0020, 0x0020, 0x0020, 0x0020, 0x0020, 0x0020, 0x0020, 0x0020, 0x0020,
  0x0020, 0x0020, 0x0020, 0x0020, 0x0020, 0x0020, 0x0020, 0x0020, 0x0020, 0x0020, 0x0020, 0x0020,
  0x0020, 0x0020, 0x0020, 0x0020, 0x0020, 0x0020, 0x0020, 0x0020, 0x0020, 0x0020, 0x0020, 0x0020,
  0x0020, 0x0020, 0x0020, 0x0020, 0x0020, 0x0020, 0x0020, 0x0020, 0x0020, 0x0020, 0x0020, 0x0020,
  0x0020, 0x0020, 0x0020, 0x0020, 0x0020, 0x0020, 0x0020, 0x0020, 0x0020, 0x0020, 0x0020, 0x0020,
  0x0020, 0x0020, 0x0020, 0x0020, 0x0020, 0x0020, 0x0020, 0x0020, 0x0020, 0x0020, 0x0020, 0x0020,
  0x0020, 0x0020, 0x0020, 0x0020, 0x0020, 0x0020, 0x0020, 0x0020, 0x0020, 0x0020, 0x0020, 0x0020,
  0x0020, 0x0020, 0x0020, 0x0020, 0x0020, 0x0020, 0x0020, 0x0020, 0x0000, 0x0021, 0x0021, 0x0020,
  0x0020, 0x0020, 0x0020, 0x0020, 0x0020, 0x0020, 0x0020, 0x0020, 0x0020, 0x0020, 0x0020, 0x0020,
  0x0020, 0x0020, 0x0020, 0x0020, 0x0020, 0x0020, 0x0020, 0x0020, 0x0020, 0x0020, 0x0020, 0x0020,
  0x0020, 0x0020, 0x0020, 0x0020, 0x0020, 0x0020, 0x0020, 0x0020, 0x0020, 0x0020, 0x0020, 0x0020,
  0x0020, 0x0020, 0x0020, 0x0020, 0x0020, 0x0020, 0x0020, 0x0020, 0x0020, 0x0020, 0x0020, 0x0020,
  0x0020, 0x0020, 0x0020, 0x0020, 0x0020, 0x0020, 0x0020, 0x0020, 0x0020, 0x0020, 0x0020, 0x0020,
  0x0020, 0x0020, 0x0020, 0x0020, 0x0020, 0x0020, 0x0020, 0x0020, 0x0020, 0x0020, 0x0020, 0x0020,
  0x0020, 0x0020, 0x0020, 0x0020, 0x0020, 0x0020, 0x0020, 0x0020, 0x0020, 0x0020, 0x0020, 0x0020,
  0x0020, 0x0020, 0x0020, 0x0020, 0x0020, 0x0020, 0x0020, 0x0020, 0x0020, 0x0020, 0x0020, 0x0020,
  0x0020, 0x0020, 0x0020, 0x0020, 0x0020, 0x0020, 0x0020, 0x0020, 0x0020, 0x0020, 0x0020, 0x0020,
  0x0020, 0x0020, 0x0020, 0x0020, 0x0020, 0x0020, 0x0020, 0x0020, 0x0020, 0x0020, 0x0020, 0x0020,
  0x0020, 0x0020, 0x0020, 0x0020, 0x0020, 0x0020, 0x0020, 0x0020, 0x0020, 0x0020, 0x0020, 0x0020,
  0x0020, 0x0020, 0x0020, 0x0020, 0x0020, 0x0020, 0x0020, 0x0020, 0x0020, 0x0021, 0x0020, 0x0020,
  0x0020, 0x0020, 0x0020, 0x0020, 0x0020, 0x0020, 0x0020, 0x0020, 0x0020, 0x0020, 0x0020, 0x0000,
  0x0841, 0x0000, 0x0000, 0x0000, 0x0020, 0x0020, 0x0020, 0x0020, 0x0020, 0x0020, 0x0020, 0x0020,
  0x0020, 0x0020, 0x0020, 0x0020, 0x0020, 0x0020, 0x0020, 0x0020, 0x0020, 0x0020, 0x0020, 0x0020,
  0x0020, 0x0020, 0x0020, 0x0020, 0x0020, 0x0020, 0x0020, 0x0020, 0x0020, 0x0020, 0x0020, 0x0020,
  0x0020, 0x0020, 0x0020, 0x0020, 0x0021, 0x0020, 0x0020, 0x0020, 0x0020, 0x0020, 0x0020, 0x0020,
  0x0020, 0x0020, 0x0020, 0x0020, 0x0020, 0x0020, 0x0020, 0x0020, 0x0020, 0x0020, 0x0020, 0x0020,
  0x0020, 0x0020, 0x0020, 0x0020, 0x0020, 0x0020, 0x0020, 0x0020, 0x0020, 0x0020, 0x0020, 0x0020,
  0x0020, 0x0020, 0x0020, 0x0020, 0x0020, 0x0020, 0x0020, 0x0020, 0x0020, 0x0020, 0x0020, 0x0020,
  0x0020, 0x0020, 0x0020, 0x0020, 0x0020, 0x0020, 0x0020, 0x0020, 0x0020, 0x0020, 0x0020, 0x0020,
  0x0020, 0x0020, 0x0020, 0x0020, 0x0020, 0x0020, 0x0020, 0x0020, 0x0020, 0x0020, 0x0020, 0x0020,
  0x0020, 0x0020, 0x0020, 0x0020, 0x0020, 0x0020, 0x0020, 0x0020, 0x0020, 0x0020, 0x0020, 0x0020,
  0x0020, 0x0020, 0x0020, 0x0020, 0x0020, 0x0020, 0x0020, 0x0020, 0x0020, 0x0020, 0x0020, 0x0020,
  0x0020, 0x0020, 0x0020, 0x0020, 0x0020, 0x0020, 0x0020, 0x0020, 0x0020, 0x0020, 0x0020, 0x0020,
  0x0020, 0x0020, 0x0020, 0x0020, 0x0020, 0x0020, 0x0020, 0x0020, 0x0020, 0x0020, 0x0020, 0x0020,
  0x0020, 0x0020, 0x0000, 0x72A6, 0xC408, 0x82C6, 0x49A4, 0x18A1, 0x0021, 0x0821, 0x0020, 0x0020,
  0x0020, 0x0020, 0x0020, 0x0020, 0x0020, 0x0020, 0x0020, 0x0020, 0x0020, 0x0020, 0x0020, 0x0020,
  0x0020, 0x0020, 0x0020, 0x0020, 0x0020, 0x0020, 0x0020, 0x0020, 0x0020, 0x0020, 0x0020, 0x0020,
  0x0020, 0x0020, 0x0020, 0x0020, 0x0020, 0x0020, 0x0020, 0x0020, 0x0020, 0x0020, 0x0020, 0x0020,
  0x0020, 0x0020, 0x0020, 0x0020, 0x0020, 0x0020, 0x0020, 0x0020, 0x0020, 0x0020, 0x0020, 0x0020,
  0x0020, 0x0020, 0x0020, 0x0020, 0x0020, 0x0020, 0x0020, 0x0020, 0x0020, 0x0020, 0x0020, 0x0020,
  0x0020, 0x0020, 0x0020, 0x0020, 0x0020, 0x0020, 0x0020, 0x0020, 0x0020, 0x0020, 0x0020, 0x0020,
  0x0020, 0x0020, 0x0020, 0x0020, 0x0020, 0x0020, 0x0020, 0x0020, 0x0020, 0x0020, 0x0020, 0x0021,
  0x0020, 0x0020, 0x0020, 0x0020, 0x0020, 0x0020, 0x0020, 0x0020, 0x0020, 0x0020, 0x0020, 0x0020,
  0x0020, 0x0020, 0x0020, 0x0020, 0x0020, 0x0020, 0x0020, 0x0020, 0x0020, 0x0020, 0x0020, 0x0020,
  0x0020, 0x0020, 0x0020, 0x0020, 0x0020, 0x0020, 0x0020, 0x0020, 0x0020, 0x0020, 0x0020, 0x0020,
  0x0020, 0x0020, 0x0020, 0x0020, 0x0020, 0x0020, 0x0020, 0x0020, 0x0020, 0x0020, 0x0020, 0x0020,
  0x0020, 0x0020, 0x0020, 0x0020, 0x0020, 0x0020, 0x0020, 0x0020, 0x0020, 0x0020, 0x0020, 0x0020,
  0x0020, 0x0020, 0x0020, 0x0020, 0x0020, 0x0000, 0x6287, 0xF489, 0xEC28, 0xEC48, 0xE428, 0xCC8A,
  0x3102, 0x0000, 0x0000, 0x0020, 0x0021, 0x0020, 0x0020, 0x0020, 0x0020, 0x0020, 0x0020, 0x0020,
  0x0020, 0x0020, 0x0020, 0x0020, 0x0020, 0x0020, 0x0020, 0x0020, 0x0020, 0x0020, 0x0020, 0x0020,
  0x0020, 0x0020, 0x0020, 0x0020, 0x0020, 0x0020, 0x0020, 0x0020, 0x0020, 0x0020, 0x0020, 0x0020,
  0x0020, 0x0020, 0x0020, 0x0020, 0x0020, 0x0020, 0x0020, 0x0020, 0x0020, 0x0020, 0x0020, 0x0020,
  0x0020, 0x0020, 0x0020, 0x0020, 0x0020, 0x0020, 0x0020, 0x0020, 0x0020, 0x0020, 0x0020, 0x0020,
  0x0020, 0x0020, 0x0020, 0x0020, 0x0020, 0x0020, 0x0020, 0x0020, 0x0020, 0x0020, 0x0020, 0x0020,
  0x0020, 0x0020, 0x0020, 0x0020, 0x0020, 0x0020, 0x0020, 0x0020, 0x0020, 0x0020, 0x0020, 0x0020,
  0x0020, 0x0020, 0x0020, 0x0020, 0x0020, 0x0020, 0x0020, 0x0020, 0x0020, 0x0020, 0x0020, 0x0020,
  0x0020, 0x0020, 0x0020, 0x0020, 0x0020, 0x0020, 0x0020, 0x0020, 0x0020, 0x0020, 0x0020, 0x0020,
  0x0020, 0x0020, 0x0020, 0x0020, 0x0020, 0x0020, 0x0020, 0x0020, 0x0020, 0x0020, 0x0020, 0x0020,
  0x0020, 0x0020, 0x0020, 0x0020, 0x0020, 0x0020, 0x0020, 0x0020, 0x0020, 0x0020, 0x0020, 0x0020,
  0x0020, 0x0020, 0x0020, 0x0020, 0x0020, 0x0020, 0x0020, 0x0020, 0x0020, 0x0020, 0x0020, 0x0020,
  0x0020, 0x0020, 0x0020, 0x0020, 0x0020, 0x0020, 0x0020, 0x0020, 0x0000, 0x1061, 0xAB88, 0xB3C8,
  0xC409, 0xD449, 0xDC8A, 0x82A5, 0x79E2, 0x69E4, 0x28C2, 0x0020, 0x0000, 0x0000, 0x0000, 0x0020,
  0x0020, 0x0021, 0x0021, 0x0021, 0x0020, 0x0020, 0x0020, 0x0020, 0x0020, 0x0020, 0x0020, 0x0020,
  0x0020, 0x0020, 0x0020, 0x0020, 0x0020, 0x0020, 0x0020, 0x0020, 0x0020, 0x0020, 0x0020, 0x0020,
  0x0020, 0x0020, 0x0020, 0x0020, 0x0020, 0x0020, 0x0020, 0x0020, 0x0020, 0x0020, 0x0020, 0x0020,
  0x0020, 0x0020, 0x0020, 0x0020, 0x0020, 0x0020, 0x0020, 0x0020, 0x0020, 0x0020, 0x0020, 0x0020,
  0x0020, 0x0020, 0x0020, 0x0020, 0x0020, 0x0020, 0x0020, 0x0020, 0x0020, 0x0020, 0x0020, 0x0020,
  0x0020, 0x0020, 0x0021, 0x0020, 0x0020, 0x0020, 0x0020, 0x0020, 0x0020, 0x0020, 0x0020, 0x0020,
  0x0020, 0x0020, 0x0020, 0x0020, 0x0020, 0x0020, 0x0020, 0x0020, 0x0020, 0x0020, 0x0020, 0x0020,
  0x0020, 0x0020, 0x0020, 0x0020, 0x0020, 0x0020, 0x0020, 0x0020, 0x0020, 0x0020, 0x0020, 0x0020,
  0x0020, 0x0020, 0x0020, 0x0020, 0x0020, 0x0020, 0x0020, 0x0020, 0x0020, 0x0020, 0x0020, 0x0020,
  0x0020, 0x0020, 0x0020, 0x0020, 0x0020, 0x0020, 0x0020, 0x0020, 0x0020, 0x0020, 0x0020, 0x0020,
  0x0020, 0x0020, 0x0020, 0x0020, 0x0020, 0x0020, 0x0020, 0x0020, 0x0020, 0x0020, 0x0020, 0x0021,
  0x0020, 0x0020, 0x0020, 0x0020, 0x0020, 0x0020, 0x0020, 0x0020, 0x0020, 0x0020, 0x0020, 0x0020,
  0x0000, 0x1061, 0xAAC4, 0xAAC4, 0x9284, 0xA367, 0x9306, 0x6182, 0xC3E9, 0xECAA, 0xE428, 0xBB87,
  0x8264, 0x4142, 0x1061, 0x0000, 0x0000, 0x0000, 0x0000, 0x0000, 0x0020, 0x0041, 0x0021, 0x0020,
  0x0020, 0x0020, 0x0020, 0x0020, 0x0020, 0x0020, 0x0020, 0x0020, 0x0020, 0x0020, 0x0020, 0x0020,
  0x0020, 0x0020, 0x0020, 0x0020, 0x0020, 0x0020, 0x0020, 0x0020, 0x0020, 0x0020, 0x0020, 0x0020,
  0x0020, 0x0020, 0x0020, 0x0020, 0x0020, 0x0020, 0x0020, 0x0020, 0x0020, 0x0020, 0x0020, 0x0020,
  0x0020, 0x0020, 0x0020, 0x0020, 0x0020, 0x0020, 0x0020, 0x0020, 0x0020, 0x0020, 0x0020, 0x0020,
  0x0020, 0x0020, 0x0020, 0x0020, 0x0020, 0x0020, 0x0020, 0x0020, 0x0020, 0x0020, 0x0020, 0x0020,
  0x0020, 0x0020, 0x0020, 0x0020, 0x0020, 0x0020, 0x0020, 0x0020, 0x0020, 0x0020, 0x0020, 0x0020,
  0x0020, 0x0020, 0x0020, 0x0020, 0x0020, 0x0020, 0x0020, 0x0020, 0x0020, 0x0020, 0x0020, 0x0020,
  0x0020, 0x0020, 0x0020, 0x0020, 0x0020, 0x0020, 0x0020, 0x0020, 0x0020, 0x0020, 0x0020, 0x0020,
  0x0020, 0x0020, 0x0020, 0x0020, 0x0020, 0x0020, 0x0020, 0x0020, 0x0020, 0x0020, 0x0020, 0x0020,
  0x0020, 0x0020, 0x0020, 0x0020, 0x0020, 0x0020, 0x0020, 0x0020, 0x0020, 0x0020, 0x0020, 0x0020,
  0x0020, 0x0020, 0x0020, 0x0020, 0x0020, 0x0020, 0x0020, 0x0020, 0x0020, 0x0020, 0x0020, 0x0020,
  0x0020, 0x0020, 0x0020, 0x0020, 0x0000, 0x1061, 0x8223, 0xA2A4, 0xBB05, 0xAAC5, 0x71A2, 0x6981,
  0xA2E5, 0x92E6, 0xAB88, 0xCC29, 0xE469, 0xEC69, 0xCBC8, 0xA2E5, 0x4122, 0x62C9, 0x5A88, 0x20E3,
  0x0000, 0x0000, 0x0000, 0x0000, 0x0021, 0x0041, 0x0020, 0x0020, 0x0020, 0x0020, 0x0020, 0x0020,
  0x0020, 0x0020, 0x0020, 0x0020, 0x0020, 0x0020, 0x0020, 0x0020, 0x0020, 0x0020, 0x0020, 0x0020,
  0x0020, 0x0020, 0x0020, 0x0020, 0x0020, 0x0020, 0x0020, 0x0021, 0x0020, 0x0020, 0x0020, 0x0020,
  0x0020, 0x0020, 0x0020, 0x0020, 0x0020, 0x0020, 0x0020, 0x0020, 0x0020, 0x0020, 0x0020, 0x0020,
  0x0020, 0x0020, 0x0020, 0x0020, 0x0020, 0x0020, 0x0020, 0x0020, 0x0020, 0x0020, 0x0020, 0x0020,
  0x0020, 0x0020, 0x0020, 0x0020, 0x0020, 0x0020, 0x0020, 0x0020, 0x0020, 0x0020, 0x0020, 0x0020,
  0x0020, 0x0020, 0x0020, 0x0020, 0x0020, 0x0020, 0x0020, 0x0020, 0x0020, 0x0020, 0x0020, 0x0020,
  0x0020, 0x0020, 0x0020, 0x0020, 0x0020, 0x0020, 0x0020, 0x0020, 0x0020, 0x0020, 0x0020, 0x0020,
  0x0020, 0x0020, 0x0020, 0x0020, 0x0020, 0x0020, 0x0020, 0x0020, 0x0020, 0x0020, 0x0020, 0x0020,
  0x0020, 0x0020, 0x0020, 0x0020, 0x0020, 0x0020, 0x0020, 0x0020, 0x0020, 0x0020, 0x0020, 0x0020,
  0x0020, 0x0020, 0x0020, 0x0020, 0x0020, 0x0020, 0x0020, 0x0020, 0x0020, 0x0020, 0x0020, 0x0020,
  0x0020, 0x0020, 0x0020, 0x0020, 0x0020, 0x0020, 0x0020, 0x0020, 0x0000, 0x0841, 0x9284, 0x8A44,
  0x8223, 0xB305, 0x7A03, 0x3902, 0x4963, 0x6162, 0x8202, 0x9243, 0x92C5, 0xA347, 0xC3E9, 0xBBA7,
  0x9C0D, 0xD614, 0xBD52, 0xCDD4, 0xACD0, 0x732A, 0x3185, 0x0841, 0x0000, 0x0000, 0x0000, 0x0021,
  0x0041, 0x0021, 0x0020, 0x0020, 0x0020, 0x0020, 0x0020, 0x0020, 0x0020, 0x0020, 0x0020, 0x0020,
  0x0020, 0x0020, 0x0020, 0x0020, 0x0020, 0x0020, 0x0020, 0x0020, 0x0020, 0x0020, 0x0020, 0x0020,
  0x0020, 0x0020, 0x0020, 0x0020, 0x0020, 0x0020, 0x0020, 0x0020, 0x0020, 0x0020, 0x0020, 0x0020,
  0x0020, 0x0020, 0x0020, 0x0020, 0x0020, 0x0020, 0x0020, 0x0020, 0x0020, 0x0020, 0x0020, 0x0020,
  0x0020, 0x0020, 0x0020, 0x0020, 0x0020, 0x0020, 0x0020, 0x0020, 0x0020, 0x0020, 0x0020, 0x0020,
  0x0020, 0x0020, 0x0020, 0x0020, 0x0020, 0x0020, 0x0020, 0x0020, 0x0020, 0x0020, 0x0020, 0x0021,
  0x0020, 0x0020, 0x0020, 0x0020, 0x0020, 0x0020, 0x0020, 0x0020, 0x0020, 0x0020, 0x0020, 0x0020,
  0x0020, 0x0020, 0x0020, 0x0020, 0x0020, 0x0020, 0x0020, 0x0020, 0x0020, 0x0020, 0x0020, 0x0020,
  0x0020, 0x0020, 0x0020, 0x0020, 0x0020, 0x0020, 0x0020, 0x0020, 0x0020, 0x0020, 0x0020, 0x0020,
  0x0020, 0x0020, 0x0020, 0x0020, 0x0020, 0x0020, 0x0020, 0x0020, 0x0020, 0x0020, 0x0020, 0x0020,
  0x0020, 0x0020, 0x0020, 0x0020, 0x0020, 0x0020, 0x0020, 0x0020, 0x0020, 0x0020, 0x0020, 0x0020,
  0x0000, 0x7A65, 0xDC28, 0x9AC5, 0x4101, 0xAAE5, 0x9264, 0x28E2, 0x3164, 0x2965, 0x2103, 0x3922,
  0x5962, 0x8203, 0x79C2, 0x6AE9, 0xD635, 0x9C6F, 0x3985, 0x6B0A, 0x9C6F, 0xC593, 0xCDF4, 0xB531,
  0x83CC, 0x4A27, 0x18A2, 0x0000, 0x0000, 0x0000, 0x0020, 0x0041, 0x0021, 0x0020, 0x0020, 0x0020,
  0x0020, 0x0020, 0x0020, 0x0020, 0x0020, 0x0020, 0x0020, 0x0020, 0x0020, 0x0020, 0x0020, 0x0020,
  0x0020, 0x0020, 0x0020, 0x0020, 0x0020, 0x0020, 0x0020, 0x0020, 0x0020, 0x0020, 0x0020, 0x0020,
  0x0020, 0x0020, 0x0020, 0x0020, 0x0020, 0x0020, 0x0020, 0x0020, 0x0020, 0x0020, 0x0020, 0x0020,
  0x0020, 0x0020, 0x0020, 0x0020, 0x0020, 0x0020, 0x0020, 0x0020, 0x0020, 0x0020, 0x0020, 0x0020,
  0x0020, 0x0020, 0x0020, 0x0020, 0x0020, 0x0020, 0x0020, 0x0020, 0x0020, 0x0020, 0x0020, 0x0020,
  0x0020, 0x0020, 0x0020, 0x0020, 0x0020, 0x0020, 0x0020, 0x0020, 0x0020, 0x0020, 0x0020, 0x0020,
  0x0020, 0x0020, 0x0020, 0x0020, 0x0020, 0x0020, 0x0020, 0x0020, 0x0020, 0x0020, 0x0020, 0x0020,
  0x0020, 0x0020, 0x0020, 0x0020, 0x0020, 0x0020, 0x0020, 0x0020, 0x0020, 0x0020, 0x0020, 0x0020,
  0x0020, 0x0020, 0x0020, 0x0020, 0x0020, 0x0020, 0x0020, 0x0020, 0x0020, 0x0020, 0x0020, 0x0020,
  0x0020, 0x0020, 0x0020, 0x0020, 0x0020, 0x0020, 0x0020, 0x0020, 0x0020, 0x0020, 0x0020, 0x0020,
  0x0020, 0x0020, 0x0021, 0x0000, 0x49A4, 0xEC68, 0xBBC8, 0x5162, 0x3901, 0xA2A4, 0x8A43, 0x20C2,
  0x3943, 0x39A5, 0x2986, 0x2965, 0x2166, 0x10C3, 0x5227, 0xD614, 0xACF1, 0x3985, 0x18E3, 0x2124,
  0x2944, 0x41C5, 0x62C9, 0x8BED, 0xB531, 0xCDD4, 0xBD72, 0x9C4F, 0x62C9, 0x2924, 0x0020, 0x0000,
  0x0000, 0x0000, 0x0021, 0x0041, 0x0021, 0x0020, 0x0020, 0x0020, 0x0020, 0x0020, 0x0020, 0x0020,
  0x0020, 0x0020, 0x0020, 0x0020, 0x0020, 0x0020, 0x0020, 0x0020, 0x0020, 0x0020, 0x0020, 0x0020,
  0x0020, 0x0020, 0x0020, 0x0020, 0x0020, 0x0021, 0x0020, 0x0020, 0x0020, 0x0020, 0x0020, 0x0020,
  0x0020, 0x0020, 0x0020, 0x0020, 0x0020, 0x0020, 0x0020, 0x0020, 0x0020, 0x0020, 0x0020, 0x0020,
  0x0020, 0x0020, 0x0020, 0x0020, 0x0020, 0x0020, 0x0020, 0x0020, 0x0020, 0x0020, 0x0020, 0x0020,
  0x0020, 0x0020, 0x0020, 0x0020, 0x0020, 0x0020, 0x0020, 0x0020, 0x0020, 0x0020, 0x0020, 0x0020,
  0x0020, 0x0020, 0x0020, 0x0020, 0x0021, 0x0021, 0x0021, 0x0020, 0x0020, 0x0020, 0x0020, 0x0021,
  0x0020, 0x0020, 0x0020, 0x0020, 0x0020, 0x0020, 0x0020, 0x0020, 0x0020, 0x0020, 0x0020, 0x0020,
  0x0020, 0x0020, 0x0020, 0x0020, 0x0020, 0x0020, 0x0020, 0x0020, 0x0020, 0x0020, 0x0020, 0x0020,
  0x0020, 0x0020, 0x0020, 0x0020, 0x0020, 0x0020, 0x0020, 0x0020, 0x0020, 0x0020, 0x0020, 0x0020,
  0x0020, 0x0020, 0x0020, 0x0020, 0x0020, 0x0020, 0x0000, 0x18C2, 0xDC49, 0xD449, 0x7223, 0x20C2,
  0x4143, 0x9243, 0x71C2, 0x3123, 0x2166, 0x2965, 0x2965, 0x3186, 0x2965, 0x39C6, 0xC592, 0xC5B3,
  0x4A06, 0x18C3, 0x2966, 0x2966, 0x2945, 0x2125, 0x2104, 0x2944, 0x3985, 0x4A27, 0x734A, 0xA4D0,
  0xC593, 0xCDD3, 0xB511, 0x7B6B, 0x39C6, 0x0861, 0x0000, 0x0000, 0x0000, 0x0020, 0x0021, 0x0021,
  0x0020, 0x0020, 0x0020, 0x0020, 0x0020, 0x0020, 0x0020, 0x0020, 0x0020, 0x0020, 0x0020, 0x0020,
  0x0020, 0x0020, 0x0020, 0x0020, 0x0020, 0x0020, 0x0020, 0x0020, 0x0021, 0x0020, 0x0020, 0x0020,
  0x0020, 0x0020, 0x0020, 0x0020, 0x0021, 0x0020, 0x0020, 0x0020, 0x0020, 0x0020, 0x0020, 0x0020,
  0x0020, 0x0020, 0x0020, 0x0020, 0x0020, 0x0020, 0x0020, 0x0020, 0x0020, 0x0020, 0x0020, 0x0020,
  0x0020, 0x0020, 0x0020, 0x0020, 0x0020, 0x0020, 0x0020, 0x0020, 0x0020, 0x0020, 0x0020, 0x0020,
  0x0020, 0x0020, 0x0020, 0x0020, 0x0020, 0x0020, 0x0020, 0x0020, 0x0021, 0x0021, 0x0020, 0x0020,
  0x0021, 0x0020, 0x0020, 0x0020, 0x0020, 0x0020, 0x0020, 0x0020, 0x0020, 0x0020, 0x0020, 0x0020,
  0x0020, 0x0020, 0x0020, 0x0020, 0x0020, 0x0020, 0x0020, 0x0020, 0x0020, 0x0020, 0x0020, 0x0020,
  0x0020, 0x0020, 0x0020, 0x0020, 0x0020, 0x0020, 0x0020, 0x0020, 0x0020, 0x0020, 0x0020, 0x0020,
  0x0020, 0x0020, 0x0020, 0x0020, 0x0020, 0x0020, 0x0020, 0x0020, 0x0020, 0x0020, 0x0020, 0xAB67,
  0xEC8A, 0x8AC6, 0x4921, 0x2104, 0x4122, 0x8A23, 0x6182, 0x3123, 0x41C5, 0x3165, 0x2965, 0x2965,
  0x2965, 0xB532, 0xD614, 0x5A88, 0x18C2, 0x2966, 0x2965, 0x2945, 0x2965, 0x2965, 0x2966, 0x2945,
  0x2145, 0x2124, 0x2124, 0x2944, 0x41E6, 0x6AE9, 0x942E, 0xBD52, 0xCDD4, 0xBD72, 0x942E, 0x5268,
  0x20E3, 0x0000, 0x0000, 0x0000, 0x0000, 0x0021, 0x0021, 0x0020, 0x0020, 0x0020, 0x0020, 0x0020,
  0x0020, 0x0020, 0x0020, 0x0020, 0x0020, 0x0020, 0x0020, 0x0020, 0x0020, 0x0020, 0x0020, 0x0020,
  0x0020, 0x0020, 0x0020, 0x0020, 0x0020, 0x0020, 0x0020, 0x0020, 0x0020, 0x0020, 0x0020, 0x0020,
  0x0020, 0x0020, 0x0020, 0x0020, 0x0020, 0x0020, 0x0020, 0x0020, 0x0020, 0x0020, 0x0020, 0x0020,
  0x0020, 0x0020, 0x0020, 0x0020, 0x0020, 0x0020, 0x0020, 0x0020, 0x0020, 0x0020, 0x0020, 0x0020,
  0x0020, 0x0020, 0x0020, 0x0020, 0x0020, 0x0020, 0x0020, 0x0020, 0x0020, 0x0020, 0x0020, 0x0020,
  0x0021, 0x0020, 0x0020, 0x0020, 0x0020, 0x0020, 0x0020, 0x0020, 0x0020, 0x0020, 0x0020, 0x0020,
  0x0020, 0x0020, 0x0020, 0x0020, 0x0020, 0x0020, 0x0020, 0x0020, 0x0020, 0x0020, 0x0020, 0x0020,
  0x0020, 0x0020, 0x0020, 0x0020, 0x0020, 0x0020, 0x0020, 0x0020, 0x0020, 0x0020, 0x0020, 0x0020,
  0x0020, 0x0020, 0x0020, 0x0020, 0x0020, 0x0020, 0x0020, 0x0020, 0x0020, 0x0020, 0x0020, 0x0020,
  0x0021, 0x0000, 0x7A85, 0xF489, 0xA368, 0x5141, 0x2103, 0x28E2, 0x28C1, 0x8A02, 0x71C2, 0x1081,
  0x4122, 0x3985, 0x3186, 0x2104, 0x9C6F, 0xDE35, 0x734B, 0x18C3, 0x2145, 0x2966, 0x2965, 0x2945,
  0x2945, 0x2945, 0x2945, 0x2945, 0x2965, 0x2966, 0x2945, 0x2145, 0x2124, 0x2104, 0x2924, 0x3985,
  0x5268, 0x83AC, 0xACF1, 0xCDD3, 0xCDD3, 0xA4B0, 0x6B0A, 0x3164, 0x0041, 0x0000, 0x0000, 0x0000,
  0x0021, 0x0021, 0x0021, 0x0020, 0x0020, 0x0020, 0x0020, 0x0020, 0x0020, 0x0020, 0x0020, 0x0020,
  0x0020, 0x0020, 0x0020, 0x0020, 0x0020, 0x0020, 0x0020, 0x0020, 0x0020, 0x0020, 0x0020, 0x0020,
  0x0020, 0x0020, 0x0020, 0x0020, 0x0020, 0x0020, 0x0020, 0x0020, 0x0020, 0x0020, 0x0020, 0x0020,
  0x0020, 0x0020, 0x0020, 0x0020, 0x0020, 0x0020, 0x0020, 0x0020, 0x0020, 0x0020, 0x0020, 0x0020,
  0x0020, 0x0020, 0x0020, 0x0020, 0x0020, 0x0020, 0x0020, 0x0020, 0x0021, 0x0020, 0x0020, 0x0020,
  0x0020, 0x0020, 0x0020, 0x0021, 0x0020, 0x0021, 0x0020, 0x0021, 0x0020, 0x0020, 0x0020, 0x0020,
  0x0020, 0x0020, 0x0020, 0x0020, 0x0020, 0x0020, 0x0020, 0x0020, 0x0020, 0x0020, 0x0020, 0x0020,
  0x0020, 0x0020, 0x0020, 0x0020, 0x0020, 0x0020, 0x0020, 0x0020, 0x0020, 0x0020, 0x0020, 0x0020,
  0x0020, 0x0020, 0x0020, 0x0020, 0x0020, 0x0020, 0x0020, 0x0020, 0x0020, 0x0020, 0x0020, 0x0020,
  0x0020, 0x0020, 0x0020, 0x0841, 0x0000, 0x4184, 0xEC89, 0xBBE9, 0x69A2, 0x20C2, 0x1904, 0x2903,
  0x3144, 0x49C5, 0x28E2, 0x18E3, 0x18C3, 0x2104, 0x10C3, 0x8C0E, 0xDE55, 0x83AC, 0x2103, 0x2125,
  0x2966, 0x2945, 0x2965, 0x2945, 0x2945, 0x2945, 0x2945, 0x2145, 0x2945, 0x2945, 0x2945, 0x2965,
  0x2965, 0x2965, 0x2945, 0x2125, 0x2104, 0x2103, 0x3164, 0x4A07, 0x732A, 0x9C6F, 0xC572, 0xCDD3,
  0xB531, 0x83CD, 0x4206, 0x1082, 0x0000, 0x0000, 0x0000, 0x0020, 0x0041, 0x0021, 0x0020, 0x0020,
  0x0020, 0x0020, 0x0020, 0x0020, 0x0020, 0x0020, 0x0020, 0x0020, 0x0020, 0x0020, 0x0020, 0x0020,
  0x0020, 0x0020, 0x0020, 0x0020, 0x0020, 0x0020, 0x0020, 0x0020, 0x0020, 0x0020, 0x0020, 0x0020,
  0x0020, 0x0020, 0x0020, 0x0020, 0x0020, 0x0020, 0x0020, 0x0020, 0x0020, 0x0020, 0x0020, 0x0020,
  0x0020, 0x0020, 0x0020, 0x0020, 0x0020, 0x0020, 0x0020, 0x0020, 0x0020, 0x0020, 0x0020, 0x0020,
  0x0020, 0x0020, 0x0020, 0x0020, 0x0020, 0x0020, 0x0020, 0x0020, 0x0021, 0x0021, 0x0021, 0x0021,
  0x0021, 0x0020, 0x0020, 0x0020, 0x0020, 0x0020, 0x0020, 0x0020, 0x0020, 0x0020, 0x0020, 0x0020,
  0x0020, 0x0020, 0x0020, 0x0020, 0x0020, 0x0020, 0x0020, 0x0020, 0x0020, 0x0020, 0x0020, 0x0020,
  0x0020, 0x0020, 0x0020, 0x0020, 0x0020, 0x0020, 0x0020, 0x0020, 0x0020, 0x0020, 0x0020, 0x0020,
  0x0020, 0x0020, 0x0020, 0x0020, 0x0020, 0x0020, 0x0021, 0x0000, 0x18C2, 0xD428, 0xD46A, 0x7A44,
  0x28E2, 0x1904, 0x2124, 0x20C2, 0x3123, 0x3185, 0x18C3, 0x3185, 0x39C6, 0x2103, 0x62C9, 0xDE35,
  0x83CD, 0x20E2, 0x1904, 0x3186, 0x2966, 0x2965, 0x2945, 0x2945, 0x2965, 0x2945, 0x2145, 0x2145,
  0x2945, 0x2945, 0x2945, 0x2945, 0x2945, 0x2945, 0x2965, 0x2965, 0x2966, 0x2965, 0x2145, 0x2104,
  0x2104, 0x2944, 0x41C5, 0x62C9, 0x8C0D, 0xB531, 0xCDD4, 0xC572, 0x942E, 0x5A88, 0x20E3, 0x0000,
  0x0000, 0x0000, 0x0000, 0x0021, 0x0021, 0x0020, 0x0020, 0x0020, 0x0020, 0x0020, 0x0020, 0x0020,
  0x0020, 0x0020, 0x0020, 0x0020, 0x0020, 0x0020, 0x0020, 0x0020, 0x0020, 0x0020, 0x0020, 0x0020,
  0x0020, 0x0020, 0x0020, 0x0020, 0x0020, 0x0020, 0x0020, 0x0020, 0x0020, 0x0020, 0x0020, 0x0020,
  0x0020, 0x0020, 0x0020, 0x0020, 0x0020, 0x0020, 0x0020, 0x0020, 0x0020, 0x0020, 0x0020, 0x0020,
  0x0020, 0x0020, 0x0020, 0x0020, 0x0020, 0x0020, 0x0020, 0x0020, 0x0020, 0x0020, 0x0020, 0x0021,
  0x0020, 0x0020, 0x0020, 0x0020, 0x0020, 0x0020, 0x0020, 0x0020, 0x0020, 0x0020, 0x0020, 0x0020,
  0x0020, 0x0020, 0x0020, 0x0020, 0x0020, 0x0020, 0x0020, 0x0020, 0x0020, 0x0020, 0x0020, 0x0020,
  0x0020, 0x0021, 0x0020, 0x0020, 0x0020, 0x0020, 0x0020, 0x0020, 0x0020, 0x0020, 0x0020, 0x0020,
  0x0020, 0x0020, 0x0020, 0x0020, 0x0020, 0x0020, 0x0020, 0x0020, 0x0020, 0x0020, 0x0020, 0x0020,
  0xA346, 0xEC89, 0x8AE6, 0x4101, 0x1904, 0x2104, 0x2104, 0x18C3, 0x62C9, 0x2104, 0x2104, 0x2103,
  0x2104, 0x4207, 0xBD73, 0xC572, 0xA48F, 0x62C9, 0x39E7, 0x2124, 0x1904, 0x2125, 0x2965, 0x2966,
  0x2965, 0x2945, 0x2945, 0x2945, 0x2945, 0x2945, 0x2965, 0x2965, 0x2965, 0x2965, 0x2945, 0x2945,
  0x2945, 0x2945, 0x2945, 0x2965, 0x2965, 0x2145, 0x2124, 0x2104, 0x2924, 0x3985, 0x5247, 0x7B8C,
  0xACD0, 0xC5B3, 0xC5B3, 0xA4B0, 0x6B2A, 0x3165, 0x0841, 0x0000, 0x0000, 0x0000, 0x0021, 0x0021,
  0x0021, 0x0020, 0x0020, 0x0020, 0x0020, 0x0020, 0x0020, 0x0020, 0x0020, 0x0020, 0x0020, 0x0020,
  0x0020, 0x0020, 0x0020, 0x0020, 0x0020, 0x0020, 0x0020, 0x0020, 0x0020, 0x0020, 0x0020, 0x0020,
  0x0020, 0x0020, 0x0020, 0x0020, 0x0020, 0x0020, 0x0020, 0x0020, 0x0020, 0x0020, 0x0020, 0x0020,
  0x0020, 0x0020, 0x0020, 0x0020, 0x0020, 0x0020, 0x0020, 0x0020, 0x0020, 0x0020, 0x0020, 0x0020,
  0x0020, 0x0020, 0x0020, 0x0020, 0x0020, 0x0021, 0x0020, 0x0021, 0x0020, 0x0020, 0x0020, 0x0020,
  0x0020, 0x0020, 0x0020, 0x0020, 0x0020, 0x0020, 0x0020, 0x0020, 0x0020, 0x0020, 0x0020, 0x0020,
  0x0020, 0x0020, 0x0020, 0x0020, 0x0020, 0x0020, 0x0020, 0x0020, 0x0020, 0x0020, 0x0020, 0x0020,
  0x0020, 0x0020, 0x0020, 0x0020, 0x0020, 0x0020, 0x0020, 0x0020, 0x0020, 0x0020, 0x0020, 0x0020,
  0x0020, 0x0021, 0x0000, 0x6204, 0xF4A9, 0xABA8, 0x5141, 0x18E3, 0x2104, 0x2124, 0x10C3, 0x6AE9,
  0x41E6, 0x1904, 0x2965, 0x2945, 0x2944, 0x5A88, 0xA4AF, 0x9C4E, 0xACF1, 0xC592, 0xC593, 0xACD0,
  0x7BAC, 0x4A48, 0x2965, 0x18E4, 0x1904, 0x2145, 0x2965, 0x2965, 0x2965, 0x2945, 0x2945, 0x2945,
  0x2945, 0x2945, 0x2945, 0x2945, 0x2945, 0x2945, 0x2945, 0x2145, 0x2945, 0x2965, 0x2965, 0x2965,
  0x2945, 0x2145, 0x2124, 0x2124, 0x3164, 0x49E6, 0x6B0A, 0x9C6E, 0xBD72, 0xCDF4, 0xB531, 0x83CC,
  0x4206, 0x10A2, 0x0000, 0x0000, 0x0000, 0x0020, 0x0041, 0x0021, 0x0020, 0x0020, 0x0020, 0x0020,
  0x0020, 0x0020, 0x0020, 0x0020, 0x0020, 0x0020, 0x0020, 0x0020, 0x0020, 0x0020, 0x0020, 0x0020,
  0x0020, 0x0020, 0x0020, 0x0020, 0x0020, 0x0020, 0x0020, 0x0020, 0x0020, 0x0020, 0x0020, 0x0020,
  0x0020, 0x0020, 0x0020, 0x0020, 0x0020, 0x0020, 0x0020, 0x0020, 0x0020, 0x0020, 0x0020, 0x0020,
  0x0020, 0x0020, 0x0020, 0x0020, 0x0020, 0x0020, 0x0020, 0x0020, 0x0020, 0x0021, 0x0020, 0x0021,
  0x0020, 0x0020, 0x0020, 0x0020, 0x0020, 0x0020, 0x0020, 0x0020, 0x0020, 0x0020, 0x0020, 0x0020,
  0x0020, 0x0020, 0x0020, 0x0020, 0x0020, 0x0020, 0x0020, 0x0020, 0x0020, 0x0020, 0x0020, 0x0020,
  0x0020, 0x0020, 0x0020, 0x0020, 0x0020, 0x0020, 0x0020, 0x0020, 0x0020, 0x0020, 0x0020, 0x0020,
  0x0020, 0x0020, 0x0020, 0x0020, 0x0020, 0x0000, 0x28E2, 0xAB05, 0xA347, 0x69C3, 0x20E2, 0x2104,
  0x2124, 0x10A3, 0x5268, 0x5A88, 0x1904, 0x31C7, 0x2965, 0x2924, 0x83ED, 0x942E, 0x5A26, 0x7309,
  0x7B6B, 0x8BED, 0x9C8F, 0xACF0, 0xBD72, 0xC593, 0xB531, 0x942E, 0x62CA, 0x31A6, 0x1904, 0x1904,
  0x2125, 0x2965, 0x2965, 0x2965, 0x2945, 0x2945, 0x2945, 0x2945, 0x2945, 0x2145, 0x2945, 0x2945,
  0x2945, 0x2945, 0x2945, 0x2945, 0x2965, 0x2966, 0x2966, 0x2965, 0x2145, 0x2124, 0x2104, 0x2944,
  0x41C5, 0x62A9, 0x8BED, 0xB531, 0xCDD4, 0xC593, 0x9C4E, 0x5AA9, 0x2103, 0x0000, 0x0000, 0x0000,
  0x0000, 0x0020, 0x0021, 0x0020, 0x0020, 0x0020, 0x0020, 0x0020, 0x0020, 0x0020, 0x0020, 0x0021,
  0x0020, 0x0020, 0x0020, 0x0020, 0x0020, 0x0020, 0x0020, 0x0020, 0x0020, 0x0020, 0x0020, 0x0020,
  0x0020, 0x0020, 0x0020, 0x0020, 0x0020, 0x0020, 0x0020, 0x0020, 0x0020, 0x0020, 0x0020, 0x0020,
  0x0020, 0x0020, 0x0020, 0x0020, 0x0020, 0x0020, 0x0020, 0x0020, 0x0020, 0x0020, 0x0020, 0x0020,
  0x0020, 0x0020, 0x0020, 0x0021, 0x0020, 0x0020, 0x0020, 0x0021, 0x0020, 0x0020, 0x0020, 0x0020,
  0x0020, 0x0020, 0x0020, 0x0020, 0x0020, 0x0020, 0x0020, 0x0020, 0x0020, 0x0020, 0x0020, 0x0020,
  0x0020, 0x0020, 0x0020, 0x0020, 0x0020, 0x0020, 0x0020, 0x0020, 0x0020, 0x0020, 0x0020, 0x0020,
  0x0020, 0x0020, 0x0020, 0x0020, 0x0020, 0x0020, 0x0020, 0x0020, 0x0000, 0x1081, 0xCBC7, 0xD449,
  0x7204, 0x30E2, 0x1904, 0x2124, 0x18C3, 0x3985, 0x732A, 0x18C3, 0x6205, 0x39C6, 0x39C6, 0x62C9,
  0xE696, 0xACD0, 0x9A83, 0x9264, 0x61C3, 0x6A45, 0x6AA8, 0x7B4A, 0x83AC, 0x942E, 0xA4B0, 0xBD52,
  0xC5B3, 0xC593, 0xA4B0, 0x734B, 0x4207, 0x2145, 0x18E4, 0x1904, 0x2945, 0x2966, 0x2965, 0x2965,
  0x2945, 0x2945, 0x2945, 0x2945, 0x2945, 0x2945, 0x2945, 0x2945, 0x2965, 0x2965, 0x2945, 0x2945,
  0x2965, 0x2966, 0x2965, 0x2145, 0x2124, 0x2104, 0x2924, 0x3985, 0x5247, 0x7B6B, 0xA4B0, 0xCDB3,
  0xCDD4, 0xACF0, 0x6B2A, 0x3185, 0x1061, 0x0000, 0x0000, 0x0000, 0x0020, 0x0020, 0x0021, 0x0020,
  0x0020, 0x0020, 0x0021, 0x0000, 0x0000, 0x0021, 0x0020, 0x0020, 0x0020, 0x0020, 0x0020, 0x0020,
  0x0020, 0x0020, 0x0020, 0x0020, 0x0020, 0x0020, 0x0020, 0x0020, 0x0020, 0x0020, 0x0020, 0x0020,
  0x0020, 0x0020, 0x0020, 0x0020, 0x0020, 0x0020, 0x0020, 0x0020, 0x0020, 0x0020, 0x0020, 0x0020,
  0x0020, 0x0021, 0x0020, 0x0020, 0x0020, 0x0020, 0x0020, 0x0020, 0x0020, 0x0020, 0x0020, 0x0020,
  0x0020, 0x0020, 0x0020, 0x0020, 0x0020, 0x0020, 0x0020, 0x0020, 0x0020, 0x0020, 0x0020, 0x0020,
  0x0020, 0x0020, 0x0020, 0x0020, 0x0020, 0x0020, 0x0020, 0x0020, 0x0020, 0x0020, 0x0020, 0x0020,
  0x0020, 0x0020, 0x0020, 0x0020, 0x0020, 0x0020, 0x0020, 0x0020, 0x0020, 0x0020, 0x0020, 0x0021,
  0x0000, 0x92E6, 0xECAA, 0x92E6, 0x4921, 0x18E3, 0x2124, 0x2104, 0x2103, 0x7B6B, 0x2965, 0x31A6,
  0x61C4, 0x3985, 0x5268, 0xC5D4, 0xE6B7, 0xA48F, 0xB2E5, 0xBB46, 0xA2E5, 0xBB05, 0x9A63, 0x7203,
  0x6A24, 0x72A7, 0x730A, 0x7B8B, 0x8BED, 0x9C6F, 0xACF1, 0xC593, 0xC593, 0xB511, 0x8BED, 0x5AA9,
  0x3186, 0x1904, 0x1904, 0x2125, 0x2965, 0x2965, 0x2965, 0x2945, 0x2945, 0x2945, 0x2965, 0x2945,
  0x2945, 0x2965, 0x2965, 0x2965, 0x2965, 0x2945, 0x2945, 0x2965, 0x2965, 0x2966, 0x2965, 0x2145,
  0x2104, 0x2124, 0x3164, 0x5227, 0x6AE9, 0x9C6F, 0xDE14, 0xAD11, 0x7A86, 0xB346, 0x7224, 0x3902,
  0x0820, 0x0000, 0x0000, 0x0000, 0x0020, 0x0841, 0x0000, 0x10A2, 0x10A1, 0x0000, 0x0000, 0x0000,
  0x0020, 0x0020, 0x0020, 0x0020, 0x0020, 0x0020, 0x0020, 0x0020, 0x0020, 0x0020, 0x0020, 0x0020,
  0x0020, 0x0020, 0x0020, 0x0020, 0x0020, 0x0020, 0x0020, 0x0020, 0x0020, 0x0020, 0x0020, 0x0020,
  0x0020, 0x0020, 0x0020, 0x0021, 0x0020, 0x0020, 0x0020, 0x0020, 0x0020, 0x0020, 0x0020, 0x0020,
  0x0020, 0x0020, 0x0020, 0x0020, 0x0020, 0x0020, 0x0020, 0x0020, 0x0020, 0x0020, 0x0020, 0x0020,
  0x0020, 0x0020, 0x0020, 0x0020, 0x0020, 0x0020, 0x0020, 0x0020, 0x0020, 0x0020, 0x0020, 0x0020,
  0x0020, 0x0020, 0x0020, 0x0020, 0x0020, 0x0020, 0x0020, 0x0020, 0x0020, 0x0020, 0x0020, 0x0020,
  0x0020, 0x0020, 0x0021, 0x0000, 0x59C3, 0xF489, 0xAB88, 0x4942, 0x30E1, 0x2903, 0x2124, 0x10A2,
  0x734A, 0x4207, 0x2945, 0x39C7, 0x31A7, 0x4206, 0xACD0, 0xE676, 0xDE76, 0xACD0, 0xAAC4, 0xAB05,
  0xAB05, 0xAB06, 0xA307, 0xA2C5, 0xC304, 0xAAA3, 0x7A03, 0x7204, 0x6A46, 0x6AC8, 0x7B6B, 0x8BED,
  0x942E, 0xA4D0, 0xBD52, 0xC5B3, 0xC593, 0x9C6F, 0x6B2A, 0x39E7, 0x2124, 0x1904, 0x2125, 0x2945,
  0x2965, 0x2965, 0x2965, 0x2945, 0x2945, 0x2945, 0x2965, 0x2965, 0x2965, 0x2945, 0x2945, 0x2945,
  0x2965, 0x2965, 0x2965, 0x2965, 0x2966, 0x2966, 0x2965, 0x2124, 0x2103, 0xA4B0, 0xC593, 0x6B2A,
  0x6A24, 0xBBA8, 0xCC29, 0xDC29, 0xC3C8, 0x92C5, 0x5183, 0x1881, 0x0000, 0x0000, 0x1081, 0xBC09,
  0xD408, 0x9B47, 0x5A04, 0x20C2, 0x0040, 0x0020, 0x0020, 0x0020, 0x0020, 0x0020, 0x0020, 0x0020,
  0x0020, 0x0020, 0x0020, 0x0020, 0x0020, 0x0020, 0x0020, 0x0020, 0x0020, 0x0020, 0x0020, 0x0020,
  0x0020, 0x0020, 0x0020, 0x0020, 0x0020, 0x0020, 0x0020, 0x0020, 0x0020, 0x0020, 0x0020, 0x0020,
  0x0020, 0x0020, 0x0020, 0x0020, 0x0020, 0x0020, 0x0020, 0x0020, 0x0020, 0x0020, 0x0020, 0x0020,
  0x0020, 0x0020, 0x0020, 0x0020, 0x0020, 0x0020, 0x0020, 0x0020, 0x0020, 0x0020, 0x0020, 0x0020,
  0x0020, 0x0020, 0x0020, 0x0020, 0x0020, 0x0020, 0x0020, 0x0020, 0x0020, 0x0020, 0x0020, 0x0020,
  0x0020, 0x0020, 0x0020, 0x0020, 0x0020, 0x0021, 0x0000, 0x28E2, 0xE428, 0xCC29, 0x69E3, 0x3102,
  0x4942, 0x2103, 0x10A2, 0x5A68, 0x62C9, 0x2124, 0x39C7, 0x31A6, 0x41C6, 0x8C0E, 0xE696, 0xD614,
  0xDE76, 0xACD0, 0xAAE5, 0xB306, 0xAAE5, 0x9307, 0x944E, 0xAC8F, 0xB44C, 0xA369, 0xA2E6, 0xBB25,
  0xBB04, 0x8223, 0x8224, 0x7245, 0x6A87, 0x7B4A, 0x83CC, 0x8C0D, 0xA48F, 0xB531, 0xC572, 0xC593,
  0xACF1, 0x7BAC, 0x4A48, 0x2965, 0x1904, 0x1904, 0x2145, 0x2965, 0x2966, 0x2965, 0x2965, 0x2945,
  0x2965, 0x2945, 0x2945, 0x2965, 0x2965, 0x2965, 0x2965, 0x2945, 0x2965, 0x2965, 0x2986, 0x2124,
  0x8C0E, 0xDE35, 0x83CD, 0x4A06, 0x4922, 0x71C2, 0x8223, 0xA305, 0xBBA8, 0xCC29, 0xDC6A, 0xD429,
  0xB346, 0x51A3, 0x9B88, 0xF448, 0xE3E7, 0xEC48, 0xEC48, 0xD48A, 0x4163, 0x0000, 0x0020, 0x0020,
  0x0020, 0x0020, 0x0020, 0x0020, 0x0020, 0x0020, 0x0020, 0x0020, 0x0020, 0x0020, 0x0020, 0x0020,
  0x0020, 0x0020, 0x0020, 0x0020, 0x0020, 0x0020, 0x0020, 0x0020, 0x0020, 0x0020, 0x0020, 0x0020,
  0x0020, 0x0020, 0x0020, 0x0020, 0x0020, 0x0020, 0x0020, 0x0020, 0x0020, 0x0020, 0x0020, 0x0020,
  0x0020, 0x0020, 0x0020, 0x0020, 0x0020, 0x0020, 0x0020, 0x0020, 0x0020, 0x0020, 0x0020, 0x0020,
  0x0020, 0x0020, 0x0020, 0x0020, 0x0020, 0x0020, 0x0020, 0x0020, 0x0020, 0x0020, 0x0020, 0x0020,
  0x0020, 0x0020, 0x0020, 0x0020, 0x0020, 0x0020, 0x0020, 0x0020, 0x0020, 0x0020, 0x0840, 0xBB66,
  0xE48A, 0x8285, 0x30E2, 0x2103, 0x38E1, 0x18E3, 0x39A5, 0x732A, 0x2124, 0x39C7, 0x31A6, 0x39A6,
  0x732A, 0xDE35, 0xDE35, 0xD635, 0xE697, 0xACD0, 0xAAC4, 0xB306, 0xA2C5, 0x9B48, 0x6AC8, 0x3964,
  0x62EA, 0x8BED, 0xA4AF, 0xAC6E, 0x9B27, 0x9AA5, 0xC366, 0xB2E5, 0x8243, 0x8A23, 0x69E3, 0x7266,
  0x72E9, 0x7B8B, 0x8BED, 0x9C6F, 0xB511, 0xBD52, 0xC593, 0xB532, 0x942E, 0x62CA, 0x31A6, 0x2124,
  0x1904, 0x2145, 0x2965, 0x2966, 0x2966, 0x2945, 0x2945, 0x2945, 0x2965, 0x2965, 0x2965, 0x2945,
  0x2945, 0x2986, 0x1904, 0x6B2B, 0xDE14, 0x942E, 0x5A88, 0x4922, 0x18C3, 0x1903, 0x3103, 0x5162,
  0x69A2, 0x7A03, 0x92A5, 0xAB47, 0xC3E8, 0x8AE6, 0xB3E9, 0xC409, 0xD449, 0xDC28, 0xDC8A, 0xA388,
  0x40E0, 0x0000, 0x0020, 0x0020, 0x0020, 0x0020, 0x0020, 0x0020, 0x0020, 0x0020, 0x0020, 0x0020,
  0x0020, 0x0020, 0x0020, 0x0020, 0x0020, 0x0020, 0x0020, 0x0020, 0x0020, 0x0020, 0x0020, 0x0020,
  0x0021, 0x0020, 0x0020, 0x0020, 0x0020, 0x0020, 0x0020, 0x0020, 0x0020, 0x0020, 0x0020, 0x0020,
  0x0020, 0x0020, 0x0020, 0x0020, 0x0020, 0x0020, 0x0020, 0x0020, 0x0020, 0x0020, 0x0020, 0x0020,
  0x0020, 0x0020, 0x0020, 0x0020, 0x0020, 0x0020, 0x0020, 0x0020, 0x0020, 0x0020, 0x0020, 0x0020,
  0x0020, 0x0020, 0x0020, 0x0020, 0x0020, 0x0020, 0x0020, 0x0020, 0x0020, 0x0020, 0x0020, 0x0020,
  0x0021, 0x0000, 0x8285, 0xF4AA, 0x9B27, 0x4101, 0x18E4, 0x2124, 0x30E2, 0x2923, 0x83AC, 0x2945,
  0x3186, 0x31A6, 0x31A6, 0x5A88, 0xCDF4, 0xDE56, 0xD635, 0xD635, 0xE697, 0xA4B0, 0xA2A4, 0xB305,
  0xA2A4, 0x9328, 0x7AE8, 0x0000, 0x0000, 0x0000, 0x20E3, 0x6B2B, 0x6B09, 0x8243, 0xC345, 0x9AE6,
  0xA4B0, 0xBC8D, 0xABA9, 0xA2C5, 0x81E2, 0x79E3, 0x7A65, 0x72E8, 0x734B, 0x83CC, 0x942E, 0xA4B0,
  0xB532, 0xC592, 0xBD72, 0xA4B0, 0x734B, 0x4207, 0x2145, 0x1904, 0x2125, 0x2945, 0x2965, 0x2965,
  0x2965, 0x2965, 0x2965, 0x2945, 0x2966, 0x2124, 0x4A48, 0xD614, 0xA4B0, 0x62E9, 0x51A3, 0x71C2,
  0x18E3, 0x2125, 0x2966, 0x2125, 0x1904, 0x2923, 0x3922, 0x5962, 0x8203, 0x7A23, 0xAAC4, 0xAB05,
  0xA326, 0xB3A8, 0x9B88, 0x8A02, 0x4101, 0x0000, 0x0020, 0x0020, 0x0020, 0x0020, 0x0020, 0x0020,
  0x0020, 0x0020, 0x0020, 0x0020, 0x0020, 0x0020, 0x0020, 0x0020, 0x0020, 0x0020, 0x0020, 0x0020,
  0x0020, 0x0020, 0x0020, 0x0020, 0x0020, 0x0021, 0x0020, 0x0020, 0x0020, 0x0020, 0x0020, 0x0020,
  0x0020, 0x0020, 0x0020, 0x0020, 0x0020, 0x0020, 0x0020, 0x0020, 0x0020, 0x0020, 0x0020, 0x0020,
  0x0020, 0x0020, 0x0020, 0x0020, 0x0020, 0x0020, 0x0020, 0x0020, 0x0020, 0x0020, 0x0020, 0x0020,
  0x0020, 0x0020, 0x0020, 0x0020, 0x0020, 0x0020, 0x0020, 0x0020, 0x0020, 0x0020, 0x0020, 0x0020,
  0x0020, 0x0020, 0x0020, 0x0021, 0x0000, 0x4983, 0xF489, 0xB3C8, 0x5962, 0x18E3, 0x2104, 0x2124,
  0x1882, 0x6B0A, 0x41E7, 0x3186, 0x39C7, 0x31A6, 0x4A06, 0xB511, 0xE676, 0xD635, 0xDE56, 0xD635,
  0xDE76, 0xA4AF, 0xA2C4, 0xAAE5, 0x9A84, 0x9B48, 0x72C8, 0x0800, 0x0000, 0x0000, 0x0000, 0x39C5,
  0x7309, 0x8A64, 0xC325, 0x9B07, 0x944E, 0x734B, 0x9C6F, 0xACD0, 0xB4CF, 0xB40B, 0xAB27, 0x9263,
  0x79E2, 0x7204, 0x6A87, 0x7309, 0x7B8C, 0x8BED, 0x9C8F, 0xACF1, 0xC593, 0xC593, 0xB511, 0x83ED,
  0x5268, 0x3185, 0x1904, 0x1904, 0x2145, 0x2966, 0x2965, 0x2986, 0x2145, 0x3186, 0xC5B3, 0xBD52,
  0x732A, 0x49A4, 0x79C2, 0x71C2, 0x18E3, 0x2104, 0x2945, 0x2965, 0x2965, 0x2965, 0x2945, 0x4184,
  0x10C3, 0x61E4, 0xBB25, 0xA2A4, 0xBB05, 0xB305, 0x8A64, 0x9223, 0x4101, 0x0000, 0x0020, 0x0020,
  0x0020, 0x0020, 0x0020, 0x0020, 0x0020, 0x0020, 0x0020, 0x0020, 0x0020, 0x0020, 0x0020, 0x0020,
  0x0020, 0x0020, 0x0020, 0x0020, 0x0020, 0x0020, 0x0021, 0x0020, 0x0020, 0x0020, 0x0020, 0x0020,
  0x0020, 0x0020, 0x0020, 0x0020, 0x0020, 0x0020, 0x0020, 0x0020, 0x0020, 0x0020, 0x0020, 0x0020,
  0x0020, 0x0020, 0x0020, 0x0020, 0x0020, 0x0020, 0x0020, 0x0020, 0x0020, 0x0020, 0x0020, 0x0020,
  0x0020, 0x0020, 0x0020, 0x0020, 0x0020, 0x0020, 0x0020, 0x0020, 0x0020, 0x0020, 0x0020, 0x0020,
  0x0020, 0x0020, 0x0020, 0x0020, 0x0020, 0x0020, 0x0020, 0x0000, 0x1881, 0xDBE7, 0xD44A, 0x7203,
  0x20C2, 0x1904, 0x2124, 0x10A2, 0x5A88, 0x5A88, 0x1904, 0x7224, 0x49C5, 0x3185, 0x940D, 0xE696,
  0xD615, 0xDE35, 0xDE55, 0xDE35, 0xE696, 0xACD0, 0xA2A4, 0xA2C5, 0x9A84, 0x9B48, 0x6AA7, 0x0000,
  0x0000, 0x0020, 0x0000, 0x4A27, 0x7B2A, 0x8264, 0xBB25, 0x92C6, 0x942E, 0x3123, 0x0000, 0x2103,
  0x5268, 0x83ED, 0xA4B0, 0xB4F0, 0xB46D, 0xAB68, 0x9AA4, 0x8A23, 0x71E3, 0x7266, 0x72E8, 0x7B6B,
  0x83CD, 0x944E, 0xA4B0, 0xB531, 0xC593, 0xBD31, 0x944F, 0x62EA, 0x39C6, 0x2125, 0x1904, 0x2125,
  0x2125, 0xACD0, 0xCDB3, 0x7B6B, 0x49E5, 0x6981, 0x8A03, 0x69A2, 0x18E3, 0x2104, 0x2145, 0x2945,
  0x2945, 0x2965, 0x3165, 0x4143, 0x2145, 0x51A4, 0x7A23, 0x9AC5, 0x8244, 0x9AA4, 0x92A4, 0x9243,
  0x4101, 0x0000, 0x0020, 0x0020, 0x0020, 0x0020, 0x0020, 0x0020, 0x0020, 0x0020, 0x0020, 0x0020,
  0x0020, 0x0020, 0x0020, 0x0020, 0x0020, 0x0020, 0x0020, 0x0020, 0x0020, 0x0020, 0x0020, 0x0020,
  0x0020, 0x0020, 0x0020, 0x0020, 0x0020, 0x0020, 0x0020, 0x0020, 0x0020, 0x0020, 0x0020, 0x0020,
  0x0020, 0x0020, 0x0020, 0x0020, 0x0020, 0x0020, 0x0020, 0x0020, 0x0020, 0x0020, 0x0020, 0x0020,
  0x0020, 0x0020, 0x0020, 0x0020, 0x0020, 0x0020, 0x0020, 0x0020, 0x0020, 0x0020, 0x0020, 0x0020,
  0x0020, 0x0020, 0x0020, 0x0020, 0x0020, 0x0020, 0x0020, 0x0020, 0x0020, 0x0020, 0x0020, 0x0000,
  0x9B06, 0xE489, 0x8285, 0x30E1, 0x1904, 0x2124, 0x10C3, 0x41C6, 0x7B6B, 0x2104, 0x39C7, 0x3185,
  0x39C6, 0x6B2A, 0xCDD4, 0xD635, 0xDE35, 0xDE55, 0xDE55, 0xD635, 0xE6B7, 0x9C2E, 0x9263, 0xA2C5,
  0x9A84, 0x8B07, 0x6AA7, 0x1881, 0x0000, 0x0000, 0x0000, 0x41E6, 0x7309, 0x8244, 0xBB05, 0x9AE6,
  0x9C4E, 0x3985, 0x0000, 0x0000, 0x0000, 0x0000, 0x1081, 0x41C6, 0x734B, 0x9C6F, 0xB511, 0xB4AE,
  0xA3CA, 0xA2C5, 0x8A23, 0x69E3, 0x6A45, 0x6AA7, 0x7B4A, 0x83AC, 0x944E, 0x9C6F, 0xB511, 0xC593,
  0xBD52, 0xACD0, 0x7BAD, 0x39C6, 0x8C0E, 0xDE56, 0x83CD, 0x5226, 0x5962, 0x79E2, 0x79E2, 0x79E2,
  0x18E3, 0x2104, 0x2125, 0x2965, 0x2965, 0x2965, 0x2965, 0x2145, 0x2986, 0x2903, 0xB326, 0xDC49,
  0x69E3, 0x8A23, 0x92A4, 0x9223, 0x4101, 0x0000, 0x0020, 0x0020, 0x0020, 0x0020, 0x0020, 0x0020,
  0x0020, 0x0020, 0x0020, 0x0020, 0x0020, 0x0020, 0x0020, 0x0020, 0x0020, 0x0020, 0x0020, 0x0020,
  0x0020, 0x0020, 0x0020, 0x0020, 0x0020, 0x0020, 0x0020, 0x0020, 0x0020, 0x0020, 0x0020, 0x0020,
  0x0020, 0x0020, 0x0020, 0x0020, 0x0020, 0x0020, 0x0020, 0x0020, 0x0020, 0x0020, 0x0020, 0x0020,
  0x0020, 0x0020, 0x0020, 0x0020, 0x0020, 0x0020, 0x0020, 0x0020, 0x0020, 0x0020, 0x0020, 0x0020,
  0x0020, 0x0020, 0x0020, 0x0020, 0x0020, 0x0020, 0x0020, 0x0020, 0x0020, 0x0020, 0x0020, 0x0020,
  0x0020, 0x0020, 0x0000, 0x61E3, 0xB387, 0x92E6, 0x5142, 0x18E3, 0x2124, 0x1904, 0x2103, 0x838B,
  0x2965, 0x31A6, 0x31A6, 0x39C6, 0x5A88, 0xCDD4, 0xDE55, 0xD635, 0xDE55, 0xD635, 0xD635, 0xDE56,
  0xC5D4, 0x6B0A, 0x9243, 0x9A63, 0x9243, 0x8244, 0x6AA7, 0x838B, 0x7B6B, 0x5A68, 0x2903, 0x5247,
  0x7309, 0x8223, 0xBB05, 0x9AE6, 0x9C4E, 0x3964, 0x0000, 0x0000, 0x0000, 0x0000, 0x0000, 0x0000,
  0x0000, 0x0820, 0x2944, 0x62A9, 0xA4B0, 0x72A8, 0xA2C4, 0xB326, 0xBB25, 0x9A63, 0x7A03, 0x7225,
  0x6A87, 0x7B2A, 0x7B8B, 0x8BED, 0xA48F, 0xACF0, 0xBD73, 0xC592, 0xCDB3, 0x9C6F, 0x5AA8, 0x5962,
  0x81E2, 0x71C2, 0x79C2, 0x79E2, 0x10A2, 0x10C3, 0x2124, 0x3186, 0x3186, 0x2965, 0x2965, 0x3185,
  0x1925, 0x82A6, 0xEC89, 0x9B06, 0x38E0, 0x7A03, 0x8A64, 0x8A23, 0x4101, 0x0000, 0x0020, 0x0020,
  0x0020, 0x0020, 0x0020, 0x0020, 0x0020, 0x0020, 0x0020, 0x0020, 0x0020, 0x0020, 0x0020, 0x0020,
  0x0020, 0x0020, 0x0020, 0x0020, 0x0020, 0x0020, 0x0020, 0x0020, 0x0020, 0x0020, 0x0020, 0x0020,
  0x0020, 0x0020, 0x0020, 0x0020, 0x0020, 0x0020, 0x0020, 0x0020, 0x0020, 0x0020, 0x0020, 0x0020,
  0x0020, 0x0020, 0x0020, 0x0020, 0x0020, 0x0020, 0x0020, 0x0020, 0x0020, 0x0020, 0x0020, 0x0020,
  0x0020, 0x0020, 0x0020, 0x0020, 0x0020, 0x0020, 0x0020, 0x0020, 0x0020, 0x0020, 0x0020, 0x0020,
  0x0020, 0x0020, 0x0020, 0x0020, 0x0020, 0x0000, 0x3922, 0xEC68, 0xB3A8, 0x4921, 0x2103, 0x2104,
  0x2124, 0x10A2, 0x7B6B, 0x41E7, 0x2966, 0x39C7, 0x31A6, 0x4A06, 0xB531, 0xE676, 0xD635, 0xDE55,
  0xDE35, 0xDE35, 0xD635, 0xE696, 0x944F, 0x942E, 0x93EC, 0x7AE8, 0x8265, 0x9243, 0x9222, 0x71E3,
  0x7245, 0x8309, 0x8BAB, 0x83CD, 0x62A8, 0x7A23, 0xB2E4, 0x92C6, 0x9C6E, 0x3984, 0x0000, 0x0000,
  0x0000, 0x0000, 0x0000, 0x0000, 0x0000, 0x0000, 0x0000, 0x0000, 0x940D, 0x6A66, 0xA2A4, 0xAB26,
  0xB325, 0x9AC6, 0x9AA5, 0xB2C4, 0xA283, 0x9243, 0x69E4, 0x6A66, 0x7309, 0x7B6B, 0x83AC, 0x9C6F,
  0x942E, 0x62C9, 0x4963, 0x71A2, 0x8203, 0x71C2, 0x79E2, 0x69A2, 0x4A26, 0x41C6, 0x2124, 0x2124,
  0x2124, 0x2145, 0x3985, 0x5184, 0x49C5, 0xEC48, 0xB3C9, 0x5162, 0x10A2, 0x71E3, 0x8A43, 0x8A23,
  0x4101, 0x0000, 0x0020, 0x0020, 0x0020, 0x0020, 0x0020, 0x0020, 0x0020, 0x0020, 0x0020, 0x0020,
  0x0020, 0x0020, 0x0020, 0x0020, 0x0020, 0x0020, 0x0020, 0x0020, 0x0020, 0x0020, 0x0020, 0x0020,
  0x0020, 0x0020, 0x0020, 0x0020, 0x0020, 0x0020, 0x0020, 0x0020, 0x0020, 0x0020, 0x0020, 0x0020,
  0x0020, 0x0020, 0x0020, 0x0020, 0x0020, 0x0020, 0x0020, 0x0020, 0x0020, 0x0020, 0x0020, 0x0020,
  0x0020, 0x0020, 0x0020, 0x0020, 0x0020, 0x0020, 0x0020, 0x0020, 0x0020, 0x0020, 0x0020, 0x0020,
  0x0020, 0x0020, 0x0020, 0x0020, 0x0020, 0x0020, 0x0020, 0x0020, 0x0000, 0x1061, 0xCBC7, 0xD449,
  0x7223, 0x30C1, 0x2124, 0x2944, 0x10A3, 0x62A9, 0x62A9, 0x2124, 0x39C7, 0x31A6, 0x41C6, 0x942E,
  0xE696, 0xD635, 0xDE35, 0xDE35, 0xDE35, 0xDE56, 0xD635, 0xE697, 0x9C8F, 0x6AE9, 0x8BCC, 0x9C4E,
  0x9C6F, 0x940D, 0x8B8A, 0x7AA6, 0x8A23, 0x9222, 0x79C2, 0x7224, 0x61E4, 0x8A64, 0xAAA4, 0x8AA6,
  0x9C4E, 0x3964, 0x0000, 0x0000, 0x0000, 0x0000, 0x0000, 0x0000, 0x0000, 0x0000, 0x0000, 0x0861,
  0x944E, 0x6A67, 0x9A84, 0xAB06, 0xAAC5, 0x93EC, 0xA48F, 0xB46D, 0xABA9, 0xA2E6, 0xA2C4, 0xB2C3,
  0x9A63, 0x7A03, 0x59E5, 0x72C8, 0x6B0A, 0x51A4, 0x71A1, 0x79C2, 0x81E3, 0x79E2, 0x79C2, 0x6182,
  0x6AC9, 0xA46E, 0x8BEC, 0x6B09, 0x5227, 0x3165, 0x18E3, 0x3164, 0xCBE8, 0xD429, 0x7203, 0x3902,
  0x2903, 0x79E2, 0x8223, 0x8203, 0x4101, 0x1861, 0x0020, 0x0020, 0x0020, 0x0020, 0x0020, 0x0020,
  0x0020, 0x0020, 0x0020, 0x0020, 0x0020, 0x0020, 0x0020, 0x0020, 0x0020, 0x0020, 0x0020, 0x0020,
  0x0020, 0x0020, 0x0020, 0x0020, 0x0020, 0x0020, 0x0020, 0x0020, 0x0020, 0x0020, 0x0020, 0x0020,
  0x0020, 0x0020, 0x0020, 0x0020, 0x0020, 0x0020, 0x0020, 0x0020, 0x0020, 0x0020, 0x0020, 0x0020,
  0x0020, 0x0020, 0x0020, 0x0020, 0x0020, 0x0020, 0x0020, 0x0020, 0x0020, 0x0020, 0x0020, 0x0020,
  0x0020, 0x0020, 0x0020, 0x0020, 0x0020, 0x0020, 0x0020, 0x0020, 0x0020, 0x0020, 0x0020, 0x0020,
  0x0000, 0xA2E6, 0xEC89, 0x82A5, 0x3901, 0x3902, 0x2124, 0x18E3, 0x41E6, 0x734B, 0x1904, 0x31C7,
  0x31A6, 0x39A6, 0x734B, 0xDE56, 0xD635, 0xD635, 0xDE35, 0xDE35, 0xDE35, 0xDE55, 0xD635, 0xDE55,
  0xD615, 0xA4B0, 0x83AC, 0x730A, 0x6B09, 0x838B, 0x8BED, 0x9C4E, 0x9C4E, 0x93CC, 0x82E8, 0x8A85,
  0x9243, 0x8A43, 0xA283, 0x8A86, 0x944E, 0x3164, 0x0000, 0x0000, 0x0000, 0x0000, 0x0000, 0x0000,
  0x0000, 0x0000, 0x0000, 0x0861, 0x942E, 0x6266, 0x9A84, 0xAB05, 0xB2E5, 0x93CC, 0x5A46, 0x5248,
  0x83CC, 0x9C6F, 0xACAF, 0xA3CA, 0x9AC6, 0xB305, 0xA2C4, 0x9A84, 0x5142, 0x6982, 0x8202, 0x71C2,
  0x79E2, 0x71E3, 0x71A1, 0x7AA7, 0x5AA8, 0x8BAC, 0x9C2D, 0xACAF, 0xD615, 0xCDB3, 0x6B0A, 0x92A5,
  0xEC89, 0x92E6, 0x38E2, 0x2924, 0x28E2, 0x69C2, 0x8203, 0x6982, 0x8A43, 0x8A64, 0x0000, 0x0020,
  0x0020, 0x0020, 0x0020, 0x0020, 0x0020, 0x0020, 0x0020, 0x0020, 0x0020, 0x0020, 0x0020, 0x0020,
  0x0020, 0x0020, 0x0020, 0x0020, 0x0020, 0x0020, 0x0020, 0x0020, 0x0020, 0x0020, 0x0020, 0x0020,
  0x0020, 0x0020, 0x0020, 0x0020, 0x0020, 0x0020, 0x0020, 0x0020, 0x0020, 0x0020, 0x0020, 0x0020,
  0x0020, 0x0020, 0x0020, 0x0020, 0x0020, 0x0020, 0x0020, 0x0020, 0x0020, 0x0020, 0x0020, 0x0020,
  0x0020, 0x0020, 0x0020, 0x0020, 0x0020, 0x0020, 0x0020, 0x0020, 0x0020, 0x0020, 0x0020, 0x0020,
  0x0020, 0x0020, 0x0821, 0x0000, 0x61E3, 0xF4A9, 0xAB68, 0x4101, 0x3102, 0x3102, 0x1904, 0x2944,
  0x83CC, 0x2945, 0x51C5, 0x41C6, 0x31A6, 0x5267, 0xCDD4, 0xDE55, 0xD635, 0xDE35, 0xDE55, 0xDE35,
  0xDE35, 0xDE35, 0xDE35, 0xD635, 0xDE55, 0xE696, 0xDE76, 0xCDF4, 0xAD11, 0x8C0E, 0x732A, 0x6B09,
  0x7B4A, 0x8BCC, 0x944E, 0x9C6F, 0x8BED, 0x8309, 0x8A85, 0x7A65, 0x940D, 0x3164, 0x0000, 0x0000,
  0x0000, 0x0000, 0x0000, 0x0000, 0x0000, 0x0000, 0x0000, 0x0861, 0x942E, 0x6266, 0x9284, 0xAB05,
  0xAAC4, 0x93CB, 0x4163, 0x0000, 0x0000, 0x18A2, 0x41E6, 0x8C0E, 0x6A87, 0xA2C4, 0xAB05, 0xC367,
  0x8223, 0x79C2, 0x79E2, 0x71A2, 0x79E3, 0x71A2, 0x6A04, 0x838C, 0x5247, 0x8BCC, 0x9C4E, 0xCDB3,
  0xDE55, 0xD635, 0x938A, 0xEC48, 0xAB88, 0x5121, 0x18E3, 0x2104, 0x10C3, 0x6982, 0x69A2, 0x71C2,
  0xB346, 0x69A2, 0x0020, 0x0020, 0x0020, 0x0020, 0x0020, 0x0020, 0x0020, 0x0020, 0x0020, 0x0020,
  0x0020, 0x0020, 0x0020, 0x0020, 0x0020, 0x0020, 0x0020, 0x0020, 0x0020, 0x0020, 0x0020, 0x0020,
  0x0020, 0x0020, 0x0020, 0x0020, 0x0020, 0x0020, 0x0020, 0x0020, 0x0020, 0x0020, 0x0020, 0x0020,
  0x0020, 0x0020, 0x0020, 0x0020, 0x0020, 0x0020, 0x0020, 0x0020, 0x0020, 0x0020, 0x0020, 0x0020,
  0x0020, 0x0020, 0x0020, 0x0020, 0x0020, 0x0020, 0x0020, 0x0020, 0x0020, 0x0020, 0x0020, 0x0020,
  0x0020, 0x0020, 0x0020, 0x0020, 0x0020, 0x0021, 0x0000, 0x3102, 0xEC48, 0xC3E9, 0x61A2, 0x2103,
  0x2103, 0x3102, 0x10C3, 0x7B6B, 0x4207, 0x2965, 0x59C4, 0x3964, 0x4207, 0xB511, 0xE696, 0xD635,
  0xDE35, 0xDE55, 0xDE55, 0xDE35, 0xDE55, 0xDE55, 0xD635, 0xD635, 0xDE35, 0xD635, 0xD635, 0xDE56,
  0xE696, 0xE696, 0xDE55, 0xBD93, 0x944E, 0x7B6B, 0x6AE9, 0x732A, 0x83AC, 0x940D, 0x944E, 0x7B8B,
  0x942E, 0x3984, 0x0841, 0x2923, 0x18A2, 0x0820, 0x0000, 0x0000, 0x0000, 0x0000, 0x0000, 0x0861,
  0x942E, 0x6A66, 0x9263, 0xA2C5, 0xA284, 0x93AB, 0x49A4, 0x0000, 0x0000, 0x0000, 0x0000, 0x62C9,
  0x82C7, 0xAAC4, 0xA2E5, 0xBB26, 0x71E3, 0x79C2, 0x79E2, 0x71C2, 0x8202, 0x69A2, 0x732A, 0x5A68,
  0x62C9, 0x9C4D, 0xC592, 0xDE55, 0xDE55, 0x8BCC, 0xCBA7, 0xD44A, 0x69C3, 0x18C2, 0x1904, 0x1904,
  0x20E2, 0x3102, 0x5942, 0xA306, 0x8A64, 0x6982, 0x0000, 0x0020, 0x0020, 0x0020, 0x0020, 0x0020,
  0x0020, 0x0020, 0x0020, 0x0020, 0x0020, 0x0020, 0x0020, 0x0020, 0x0020, 0x0020, 0x0020, 0x0020,
  0x0020, 0x0020, 0x0020, 0x0020, 0x0020, 0x0020, 0x0020, 0x0020, 0x0020, 0x0020, 0x0020, 0x0020,
  0x0020, 0x0020, 0x0020, 0x0020, 0x0020, 0x0020, 0x0020, 0x0020, 0x0020, 0x0020, 0x0020, 0x0020,
  0x0020, 0x0020, 0x0020, 0x0020, 0x0020, 0x0020, 0x0020, 0x0020, 0x0020, 0x0020, 0x0020, 0x0020,
  0x0020, 0x0020, 0x0020, 0x0020, 0x0020, 0x0020, 0x0020, 0x0020, 0x0020, 0x0020, 0x0841, 0xC3C7,
  0xDC6A, 0x7A24, 0x28C2, 0x1924, 0x2944, 0x28A1, 0x62A9, 0x5AA9, 0x2104, 0x31A6, 0x2986, 0x39A6,
  0x944E, 0xE696, 0xD635, 0xDE55, 0xDE55, 0xDE55, 0xDE55, 0xDE55, 0xDE55, 0xDE35, 0xDE35, 0xDE55,
  0xDE55, 0xDE55, 0xDE35, 0xD635, 0xD635, 0xD635, 0xDE55, 0xDE76, 0xE696, 0xDE56, 0xC5B3, 0xA4B0,
  0x83AC, 0x6B0A, 0x72E9, 0x6AE9, 0x940D, 0x39A5, 0x41C5, 0x5A88, 0x5A67, 0x4A06, 0x39A5, 0x2923,
  0x1061, 0x0000, 0x0000, 0x0841, 0x942E, 0x6246, 0x8A43, 0xA2C5, 0xA284, 0x93AB, 0x49A4, 0x0000,
  0x0000, 0x0020, 0x0000, 0x6B2B, 0x82E7, 0xA2A4, 0xA2E5, 0xBB26, 0x7A03, 0x79C2, 0x79E2, 0x71C2,
  0x79A1, 0x6AA8, 0x6AE9, 0x5267, 0x940D, 0xB510, 0xDE35, 0xE696, 0xA4D0, 0xA306, 0xE469, 0x8285,
  0x30E2, 0x1904, 0x20E3, 0x1904, 0x20A2, 0x61A2, 0xCBA7, 0x92A5, 0x81E2, 0x2081, 0x0000, 0x0020,
  0x0020, 0x0020, 0x0020, 0x0020, 0x0020, 0x0020, 0x0020, 0x0020, 0x0020, 0x0020, 0x0020, 0x0020,
  0x0020, 0x0020, 0x0020, 0x0020, 0x0020, 0x0020, 0x0020, 0x0020, 0x0020, 0x0020, 0x0020, 0x0020,
  0x0020, 0x0020, 0x0020, 0x0020, 0x0020, 0x0020, 0x0020, 0x0020, 0x0020, 0x0020, 0x0020, 0x0020,
  0x0020, 0x0020, 0x0020, 0x0020, 0x0020, 0x0020, 0x0020, 0x0020, 0x0020, 0x0020, 0x0020, 0x0020,
  0x0020, 0x0020, 0x0020, 0x0020, 0x0020, 0x0020, 0x0020, 0x0020, 0x0020, 0x0020, 0x0020, 0x0020,
  0x0020, 0x0000, 0x92C5, 0xECAA, 0x92E6, 0x38E1, 0x18E4, 0x2124, 0x18C3, 0x41C5, 0x734A, 0x2104,
  0x31A6, 0x3186, 0x39C6, 0x734B, 0xDE55, 0xDE35, 0xDE55, 0xDE55, 0xDE55, 0xDE56, 0xD635, 0xDE56,
  0xDE56, 0xDE55, 0xDE55, 0xDE55, 0xDE56, 0xDE55, 0xD635, 0xDE55, 0xDE55, 0xDE55, 0xDE35, 0xD635,
  0xD635, 0xDE35, 0xDE56, 0xE696, 0xE696, 0xD615, 0xB532, 0x8BED, 0x732A, 0x4A06, 0x732A, 0x8BEC,
  0x83AB, 0x7B4B, 0x732A, 0x6AE9, 0x5A88, 0x4A06, 0x3164, 0x20E3, 0x8BED, 0x6266, 0x8A43, 0xA2A5,
  0x9A64, 0x8BAB, 0x4983, 0x0000, 0x0000, 0x0000, 0x0000, 0x6B2B, 0x7AC7, 0xA2A4, 0x9AC5, 0xBB26,
  0x7A03, 0x79E2, 0x79E3, 0x6981, 0x6226, 0x6B0A, 0x4A26, 0x8BEC, 0xACAF, 0xD635, 0xDE55, 0xC5F4,
  0x9308, 0xE428, 0xA347, 0x4921, 0x18E4, 0x2104, 0x2104, 0x18E4, 0x28A1, 0xB325, 0xA347, 0x8A23,
  0x4101, 0x0000, 0x0020, 0x0020, 0x0020, 0x0020, 0x0020, 0x0020, 0x0020, 0x0020, 0x0020, 0x0020,
  0x0020, 0x0020, 0x0020, 0x0020, 0x0020, 0x0020, 0x0020, 0x0020, 0x0020, 0x0020, 0x0020, 0x0020,
  0x0020, 0x0020, 0x0020, 0x0020, 0x0020, 0x0020, 0x0020, 0x0020, 0x0020, 0x0020, 0x0020, 0x0020,
  0x0020, 0x0020, 0x0020, 0x0020, 0x0020, 0x0020, 0x0020, 0x0020, 0x0020, 0x0020, 0x0020, 0x0020,
  0x0020, 0x0020, 0x0020, 0x0020, 0x0020, 0x0020, 0x0020, 0x0020, 0x0020, 0x0020, 0x0020, 0x0020,
  0x0020, 0x0020, 0x0020, 0x0021, 0x0000, 0x59A3, 0xF489, 0xAB88, 0x5121, 0x18E3, 0x2104, 0x18E3,
  0x2104, 0x7B8B, 0x2945, 0x3186, 0x3186, 0x31A6, 0x5A88, 0xCDD4, 0xDE56, 0xD635, 0xDE55, 0xDE55,
  0xDE55, 0xDE55, 0xDE56, 0xDE56, 0xDE55, 0xDE55, 0xDE55, 0xDE55, 0xDE55, 0xDE55, 0xDE35, 0xDE55,
  0xDE55, 0xDE55, 0xDE35, 0xDE55, 0xDE55, 0xDE55, 0xDE35, 0xD635, 0xDE35, 0xDE35, 0xE676, 0xE696,
  0xD635, 0xC5D4, 0xACF0, 0x83CC, 0x7B8B, 0x8BCD, 0x940D, 0x940D, 0x8BAC, 0x7B4A, 0x6AE9, 0x5227,
  0x8BED, 0x6A66, 0x8A02, 0x9263, 0x9A64, 0x7AE8, 0x732A, 0x732A, 0x5247, 0x3143, 0x0820, 0x62C9,
  0x7286, 0x9A84, 0xA2C5, 0xBB46, 0x7A03, 0x71C2, 0x71A2, 0x61A3, 0x7B6B, 0x5227, 0x7B6B, 0xA46E,
  0xCDD4, 0xDE35, 0xDE76, 0x7B4A, 0xBB86, 0xCC09, 0x6182, 0x18C3, 0x2104, 0x2104, 0x2104, 0x10A2,
  0x9AA4, 0xB367, 0x8A23, 0x6182, 0x0000, 0x0020, 0x0020, 0x0020, 0x0020, 0x0020, 0x0020, 0x0020,
  0x0020, 0x0020, 0x0020, 0x0020, 0x0020, 0x0020, 0x0020, 0x0020, 0x0020, 0x0020, 0x0020, 0x0020,
  0x0020, 0x0020, 0x0020, 0x0020, 0x0020, 0x0020, 0x0020, 0x0020, 0x0020, 0x0020, 0x0020, 0x0020,
  0x0020, 0x0020, 0x0020, 0x0020, 0x0020, 0x0020, 0x0020, 0x0020, 0x0020, 0x0020, 0x0020, 0x0020,
  0x0020, 0x0020, 0x0020, 0x0020, 0x0020, 0x0020, 0x0020, 0x0020, 0x0020, 0x0020, 0x0020, 0x0020,
  0x0020, 0x0020, 0x0020, 0x0020, 0x0020, 0x0020, 0x0020, 0x0000, 0x1881, 0xA305, 0xBBC8, 0x69C2,
  0x20C2, 0x1904, 0x2104, 0x10A2, 0x732A, 0x41E6, 0x2986, 0x31A6, 0x3186, 0x41E6, 0xB532, 0xE696,
  0xDE35, 0xDE55, 0xDE55, 0xDE56, 0xDE56, 0xDE55, 0xDE56, 0xDE56, 0xDE55, 0xDE35, 0xDE56, 0xDE55,
  0xDE35, 0xDE35, 0xDE55, 0xDE55, 0xDE55, 0xDE55, 0xDE56, 0xDE55, 0xDE55, 0xDE55, 0xDE35, 0xDE35,
  0xDE55, 0xDE55, 0xDE35, 0xD635, 0xDE55, 0xDE76, 0xE696, 0xE696, 0xCE14, 0xACF1, 0x8C0D, 0x838C,
  0x83AC, 0x8BED, 0x940D, 0x7B4B, 0x8C0D, 0x6288, 0x7AE8, 0x8285, 0x9264, 0x9243, 0x79E3, 0x7245,
  0x7B08, 0x8BAB, 0x7B6B, 0x7BAC, 0x6A46, 0x9AA4, 0xA2C5, 0xBB05, 0x71C3, 0x79C2, 0x6182, 0x6B0A,
  0x5A88, 0x62C9, 0xA46E, 0xBD72, 0xDE35, 0xE676, 0xA4B0, 0x8A84, 0xA326, 0x8223, 0x30E2, 0x1904,
  0x2104, 0x2124, 0x10C3, 0x7A03, 0xD408, 0x8A64, 0x81E2, 0x0840, 0x0020, 0x0020, 0x0020, 0x0020,
  0x0020, 0x0020, 0x0020, 0x0020, 0x0020, 0x0020, 0x0020, 0x0020, 0x0020, 0x0020, 0x0021, 0x0020,
  0x0020, 0x0020, 0x0020, 0x0020, 0x0020, 0x0020, 0x0020, 0x0020, 0x0020, 0x0020, 0x0020, 0x0020,
  0x0020, 0x0020, 0x0020, 0x0020, 0x0020, 0x0020, 0x0020, 0x0020, 0x0020, 0x0020, 0x0020, 0x0020,
  0x0020, 0x0020, 0x0020, 0x0020, 0x0020, 0x0020, 0x0020, 0x0020, 0x0020, 0x0021, 0x0020, 0x0020,
  0x0020, 0x0020, 0x0020, 0x0020, 0x0020, 0x0020, 0x0020, 0x0020, 0x0020, 0x0020, 0x0020, 0x0840,
  0xAB26, 0xC3E8, 0x69C3, 0x28C1, 0x1904, 0x2124, 0x1082, 0x5AA9, 0x5AC9, 0x1904, 0x31C7, 0x31A7,
  0x39C6, 0x8BCC, 0xE696, 0xD635, 0xDE55, 0xDE56, 0xDE55, 0xDE55, 0xDE55, 0xDE56, 0xDE55, 0xDE35,
  0xDE35, 0xDE35, 0xDE55, 0xDE55, 0xDE56, 0xDE55, 0xDE35, 0xDE35, 0xDE55, 0xDE55, 0xDE55, 0xDE56,
  0xDE56, 0xDE55, 0xDE56, 0xDE55, 0xDE35, 0xDE55, 0xDE55, 0xDE55, 0xDE55, 0xD635, 0xD635, 0xD635,
  0xDE55, 0xDE76, 0xDE76, 0xD614, 0xBD52, 0x942E, 0x83AC, 0x734B, 0x6B0A, 0x5247, 0x9C6E, 0x9C6F,
  0x940D, 0x834A, 0x7A86, 0x8A44, 0x9223, 0x9222, 0x7204, 0x6A87, 0x6A04, 0x9AA4, 0x9AA4, 0xAAC5,
  0x69C3, 0x6961, 0x6AA8, 0x6B0A, 0x5267, 0x9C2D, 0xB510, 0xDE35, 0xDE55, 0xBD93, 0x8AC6, 0xE448,
  0x8AA5, 0x2880, 0x1904, 0x2104, 0x2104, 0x18E4, 0x4102, 0xC366, 0x92C6, 0x8A02, 0x28A1, 0x0000,
  0x0020, 0x0020, 0x0020, 0x0020, 0x0020, 0x0020, 0x0020, 0x0020, 0x0020, 0x0020, 0x0020, 0x0020,
  0x0020, 0x0020, 0x0020, 0x0020, 0x0020, 0x0020, 0x0020, 0x0020, 0x0020, 0x0020, 0x0020, 0x0020,
  0x0020, 0x0020, 0x0020, 0x0020, 0x0020, 0x0020, 0x0020, 0x0020, 0x0020, 0x0020, 0x0020, 0x0020,
  0x0020, 0x0020, 0x0020, 0x0020, 0x0020, 0x0020, 0x0020, 0x0020, 0x0020, 0x0020, 0x0020, 0x0020,
  0x0020, 0x0020, 0x0020, 0x0020, 0x0020, 0x0020, 0x0020, 0x0020, 0x0020, 0x0020, 0x0020, 0x0020,
  0x0020, 0x0021, 0x0000, 0x8264, 0xEC89, 0x9B26, 0x38E1, 0x18E3, 0x2124, 0x18C3, 0x41E6, 0x734A,
  0x18E4, 0x7245, 0x4185, 0x31A6, 0x732A, 0xDE35, 0xD635, 0xD635, 0xDE35, 0xDE55, 0xDE55, 0xDE55,
  0xDE55, 0xDE35, 0xDE35, 0xDE35, 0xDE55, 0xDE56, 0xDE55, 0xDE35, 0xDE56, 0xDE55, 0xDE35, 0xDE35,
  0xDE55, 0xDE35, 0xD635, 0xDE55, 0xDE55, 0xDE56, 0xDE55, 0xDE56, 0xDE56, 0xDE55, 0xDE56, 0xD635,
  0xD635, 0xDE35, 0xDE55, 0xDE35, 0xD635, 0xD635, 0xD635, 0xDE35, 0xDE56, 0xE696, 0xDE55, 0xC5B3,
  0x9C6F, 0x736B, 0x6B09, 0x6AE9, 0x838B, 0x940D, 0x9C6F, 0x942E, 0x93AB, 0x8B08, 0x8244, 0x8A02,
  0x9A43, 0x9A84, 0x9264, 0xA2C5, 0x6981, 0x6A45, 0x734B, 0x4A06, 0x8BCC, 0xACD0, 0xD635, 0xD614,
  0xD635, 0x8B6A, 0xDBE7, 0xAB88, 0x5941, 0x28E2, 0x2104, 0x2104, 0x1904, 0x20C2, 0xB305, 0xA326,
  0x8A03, 0x5121, 0x0000, 0x0020, 0x0020, 0x0020, 0x0020, 0x0020, 0x0020, 0x0020, 0x0020, 0x0020,
  0x0020, 0x0020, 0x0020, 0x0020, 0x0020, 0x0020, 0x0020, 0x0020, 0x0020, 0x0020, 0x0020, 0x0020,
  0x0020, 0x0020, 0x0020, 0x0020, 0x0020, 0x0020, 0x0020, 0x0020, 0x0020, 0x0020, 0x0020, 0x0020,
  0x0020, 0x0020, 0x0020, 0x0020, 0x0020, 0x0020, 0x0020, 0x0020, 0x0020, 0x0020, 0x0020, 0x0020,
  0x0020, 0x0020, 0x0020, 0x0020, 0x0020, 0x0020, 0x0020, 0x0020, 0x0020, 0x0020, 0x0020, 0x0020,
  0x0020, 0x0020, 0x0020, 0x0020, 0x0021, 0x0000, 0x4963, 0xF489, 0xBBC9, 0x4921, 0x30E2, 0x2924,
  0x18E3, 0x2103, 0x83AC, 0x2965, 0x3186, 0x49A4, 0x41A5, 0x5267, 0xC5B3, 0xDE76, 0xDE55, 0xDE56,
  0xDE55, 0xDE56, 0xDE55, 0xDE55, 0xDE35, 0xDE55, 0xDE56, 0xDE55, 0xDE55, 0xDE55, 0xDE55, 0xDE55,
  0xDE55, 0xDE55, 0xDE55, 0xDE55, 0xD635, 0xDE35, 0xDE55, 0xDE35, 0xDE55, 0xDE55, 0xDE56, 0xDE56,
  0xDE55, 0xDE55, 0xDE55, 0xDE55, 0xD635, 0xDE35, 0xDE35, 0xDE55, 0xDE55, 0xDE35, 0xD635, 0xDE55,
  0xD635, 0xD635, 0xD635, 0xDE55, 0xE697, 0xDE76, 0xCDD4, 0xACF1, 0x8BED, 0x732A, 0x730A, 0x7B6B,
  0x8BEC, 0x940D, 0x942E, 0x93ED, 0x938A, 0x8AA6, 0x7A03, 0x9A63, 0x69E4, 0x7B6B, 0x5247, 0x734A,
  0xA46E, 0xCDD4, 0xD635, 0xDE76, 0x940D, 0xC386, 0xDC6A, 0x61C3, 0x30C1, 0x4143, 0x18E4, 0x2124,
  0x10A3, 0x9264, 0xCBE8, 0x8A64, 0x71C2, 0x0020, 0x0020, 0x0020, 0x0020, 0x0020, 0x0020, 0x0020,
  0x0020, 0x0020, 0x0020, 0x0020, 0x0020, 0x0020, 0x0020, 0x0020, 0x0020, 0x0020, 0x0020, 0x0020,
  0x0020, 0x0020, 0x0020, 0x0020, 0x0020, 0x0020, 0x0020, 0x0020, 0x0020, 0x0020, 0x0020, 0x0020,
  0x0020, 0x0020, 0x0020, 0x0020, 0x0020, 0x0020, 0x0020, 0x0020, 0x0020, 0x0020, 0x0020, 0x0020,
  0x0020, 0x0020, 0x0020, 0x0020, 0x0020, 0x0020, 0x0020, 0x0020, 0x0020, 0x0020, 0x0020, 0x0020,
  0x0020, 0x0020, 0x0020, 0x0020, 0x0020, 0x0020, 0x0020, 0x0020, 0x0000, 0x1881, 0xDBE8, 0xD449,
  0x7203, 0x3102, 0x3102, 0x2124, 0x18C3, 0x732A, 0x41E6, 0x2966, 0x39C7, 0x3186, 0x4206, 0xB511,
  0xE696, 0xD615, 0xDE55, 0xDE56, 0xDE56, 0xDE56, 0xDE55, 0xDE55, 0xDE35, 0xDE55, 0xDE56, 0xDE56,
  0xDE55, 0xDE35, 0xDE55, 0xDE55, 0xD635, 0xDE55, 0xDE55, 0xDE35, 0xD635, 0xDE55, 0xDE35, 0xDE55,
  0xDE55, 0xDE55, 0xDE55, 0xDE55, 0xDE56, 0xDE56, 0xDE55, 0xDE55, 0xDE55, 0xDE35, 0xDE55, 0xDE55,
  0xDE56, 0xDE55, 0xDE35, 0xDE55, 0xDE35, 0xDE35, 0xDE55, 0xDE35, 0xD635, 0xD635, 0xDE55, 0xE676,
  0xE696, 0xD635, 0xBD72, 0x9C4E, 0x7B4B, 0x6B09, 0x732A, 0x8BCC, 0x9C4E, 0x942E, 0x93ED, 0x8B4A,
  0x93ED, 0x62A8, 0x62A8, 0x9C4E, 0xC572, 0xD635, 0xDE55, 0xB552, 0x9B27, 0xE469, 0x8AA5, 0x3922,
  0x4142, 0x30E1, 0x2104, 0x10C3, 0x61A3, 0xD408, 0x8A85, 0x8A02, 0x1881, 0x0000, 0x0020, 0x0020,
  0x0020, 0x0020, 0x0020, 0x0020, 0x0020, 0x0020, 0x0020, 0x0020, 0x0020, 0x0020, 0x0020, 0x0020,
  0x0020, 0x0020, 0x0020, 0x0020, 0x0020, 0x0020, 0x0020, 0x0020, 0x0020, 0x0020, 0x0020, 0x0020,
  0x0020, 0x0020, 0x0020, 0x0020, 0x0020, 0x0020, 0x0020, 0x0020, 0x0020, 0x0020, 0x0020, 0x0020,
  0x0020, 0x0020, 0x0020, 0x0020, 0x0020, 0x0020, 0x0020, 0x0020, 0x0020, 0x0020, 0x0020, 0x0020,
  0x0020, 0x0020, 0x0020, 0x0020, 0x0020, 0x0020, 0x0020, 0x0020, 0x0020, 0x0020, 0x0020, 0x0020,
  0x0000, 0xAB26, 0xECAA, 0x8285, 0x28C1, 0x2924, 0x4122, 0x1082, 0x5A68, 0x5AA9, 0x2125, 0x39C7,
  0x39C7, 0x41E6, 0x940D, 0xE696, 0xD635, 0xDE55, 0xDE55, 0xDE55, 0xDE55, 0xDE56, 0xDE55, 0xDE55,
  0xDE55, 0xDE55, 0xDE55, 0xDE56, 0xDE56, 0xDE55, 0xDE35, 0xDE55, 0xDE55, 0xDE55, 0xDE35, 0xD635,
  0xDE55, 0xDE55, 0xDE55, 0xDE56, 0xDE55, 0xDE35, 0xD635, 0xDE55, 0xDE56, 0xDE56, 0xDE55, 0xDE55,
  0xDE55, 0xDE55, 0xDE56, 0xDE55, 0xD635, 0xDE55, 0xDE55, 0xDE35, 0xDE55, 0xDE55, 0xDE56, 0xDE56,
  0xD635, 0xD635, 0xDE35, 0xD635, 0xD635, 0xD635, 0xDE76, 0xE676, 0xDE55, 0xC5B3, 0xA4D0, 0x83AC,
  0x6AC8, 0x62A8, 0x7B6A, 0x9C4E, 0x734A, 0x5226, 0x940D, 0xBD31, 0xDE55, 0xDE35, 0xCDF4, 0x8B28,
  0xE469, 0xAB67, 0x4921, 0x1925, 0x3123, 0x3902, 0x1904, 0x30E2, 0xCBA7, 0xA326, 0x8A02, 0x38E1,
  0x0000, 0x0020, 0x0020, 0x0020, 0x0020, 0x0020, 0x0020, 0x0020, 0x0020, 0x0020, 0x0020, 0x0020,
  0x0020, 0x0020, 0x0020, 0x0020, 0x0020, 0x0020, 0x0020, 0x0020, 0x0020, 0x0020, 0x0020, 0x0020,
  0x0020, 0x0020, 0x0020, 0x0020, 0x0020, 0x0020, 0x0020, 0x0020, 0x0020, 0x0020, 0x0020, 0x0020,
  0x0020, 0x0020, 0x0020, 0x0020, 0x0020, 0x0020, 0x0020, 0x0020, 0x0020, 0x0020, 0x0020, 0x0020,
  0x0020, 0x0020, 0x0020, 0x0020, 0x0020, 0x0020, 0x0020, 0x0020, 0x0020, 0x0020, 0x0020, 0x0020,
  0x0020, 0x0020, 0x0021, 0x0000, 0x6A04, 0xF4AA, 0x9B27, 0x4921, 0x18E4, 0x2124, 0x28E2, 0x41C5,
  0x6B0A, 0x2104, 0x39C7, 0x31A6, 0x39C6, 0x734B, 0xDE56, 0xDE55, 0xDE55, 0xDE55, 0xDE55, 0xDE56,
  0xDE56, 0xDE55, 0xDE35, 0xDE55, 0xDE55, 0xDE55, 0xDE56, 0xDE56, 0xDE55, 0xDE55, 0xDE35, 0xDE55,
  0xDE55, 0xDE35, 0xDE35, 0xDE55, 0xDE55, 0xDE55, 0xDE56, 0xDE55, 0xDE55, 0xDE35, 0xDE55, 0xDE55,
  0xDE55, 0xDE55, 0xDE56, 0xDE56, 0xDE55, 0xDE55, 0xDE55, 0xDE56, 0xDE55, 0xDE35, 0xDE35, 0xDE55,
  0xDE55, 0xDE55, 0xDE55, 0xDE55, 0xDE55, 0xD635, 0xDE35, 0xDE55, 0xDE35, 0xDE35, 0xD635, 0xD615,
  0xD635, 0xDE56, 0xE696, 0xE676, 0xCDD4, 0xB531, 0x8C0E, 0x7B6B, 0x5247, 0x9C6E, 0xC592, 0xD635,
  0xD615, 0xDE76, 0x8BCC, 0xCBA7, 0xCC29, 0x69A2, 0x18C2, 0x1904, 0x3123, 0x4142, 0x10A2, 0xA2C5,
  0xBBA8, 0x8203, 0x6182, 0x0000, 0x0020, 0x0020, 0x0020, 0x0020, 0x0020, 0x0020, 0x0020, 0x0020,
  0x0020, 0x0020, 0x0020, 0x0020, 0x0020, 0x0020, 0x0020, 0x0020, 0x0020, 0x0020, 0x0020, 0x0020,
  0x0020, 0x0020, 0x0020, 0x0020, 0x0020, 0x0020, 0x0020, 0x0020, 0x0020, 0x0020, 0x0020, 0x0020,
  0x0020, 0x0020, 0x0020, 0x0020, 0x0020, 0x0020, 0x0020, 0x0020, 0x0020, 0x0020, 0x0020, 0x0020,
  0x0020, 0x0020, 0x0020, 0x0020, 0x0020, 0x0020, 0x0020, 0x0020, 0x0020, 0x0020, 0x0020, 0x0020,
  0x0020, 0x0020, 0x0020, 0x0020, 0x0020, 0x0021, 0x0000, 0x3922, 0xEC48, 0xBBC9, 0x5962, 0x18E3,
  0x2124, 0x2104, 0x18C3, 0x7B8B, 0x2965, 0x31A6, 0x31A6, 0x39C6, 0x5A88, 0xCDF4, 0xDE76, 0xDE55,
  0xDE55, 0xDE55, 0xDE55, 0xDE35, 0xDE35, 0xDE56, 0xDE56, 0xDE55, 0xDE35, 0xDE55, 0xDE55, 0xDE55,
  0xDE56, 0xDE35, 0xDE55, 0xDE35, 0xDE35, 0xDE35, 0xD635, 0xDE55, 0xDE55, 0xDE35, 0xDE35, 0xDE35,
  0xDE56, 0xDE55, 0xDE35, 0xD635, 0xDE55, 0xDE55, 0xDE56, 0xDE56, 0xDE55, 0xDE55, 0xDE55, 0xDE55,
  0xDE35, 0xDE55, 0xDE55, 0xDE55, 0xDE35, 0xDE55, 0xDE35, 0xDE55, 0xDE56, 0xDE55, 0xD635, 0xDE55,
  0xDE55, 0xDE56, 0xDE56, 0xD635, 0xDE56, 0xDE55, 0xDE35, 0xD635, 0xDE56, 0xE696, 0xE6B7, 0xD615,
  0xCDD4, 0xDE56, 0xDE55, 0xD615, 0xDE55, 0xA4B0, 0xB367, 0xE48A, 0x7A44, 0x28C2, 0x1904, 0x2104,
  0x2903, 0x28C1, 0x7203, 0xD3E8, 0x8264, 0x79C2, 0x0840, 0x0000, 0x0020, 0x0020, 0x0020, 0x0020,
  0x0020, 0x0020, 0x0020, 0x0020, 0x0020, 0x0020, 0x0020, 0x0020, 0x0020, 0x0020, 0x0020, 0x0020,
  0x0020, 0x0020, 0x0020, 0x0020, 0x0020, 0x0020, 0x0020, 0x0020, 0x0020, 0x0020, 0x0020, 0x0020,
  0x0020, 0x0020, 0x0020, 0x0020, 0x0020, 0x0020, 0x0020, 0x0020, 0x0020, 0x0020, 0x0020, 0x0020,
  0x0020, 0x0020, 0x0020, 0x0020, 0x0020, 0x0020, 0x0020, 0x0020, 0x0020, 0x0020, 0x0020, 0x0020,
  0x0020, 0x0020, 0x0020, 0x0020, 0x0020, 0x0020, 0x0020, 0x0020, 0x0020, 0x0000, 0x1061, 0xCBA7,
  0xD46A, 0x7203, 0x20C2, 0x1904, 0x2124, 0x18C3, 0x7309, 0x39C6, 0x3165, 0x41E7, 0x39C7, 0x4A06,
  0xB511, 0xE696, 0xDE35, 0xDE56, 0xDE55, 0xDE35, 0xDE35, 0xDE35, 0xD635, 0xDE56, 0xDE56, 0xDE56,
  0xDE56, 0xDE56, 0xDE55, 0xDE56, 0xD635, 0xDE35, 0xDE55, 0xDE55, 0xDE35, 0xDE35, 0xDE55, 0xDE55,
  0xDE55, 0xDE55, 0xDE35, 0xDE55, 0xDE55, 0xDE35, 0xDE55, 0xDE55, 0xDE56, 0xDE55, 0xDE56, 0xDE56,
  0xDE56, 0xDE56, 0xDE55, 0xDE55, 0xDE35, 0xDE55, 0xDE55, 0xDE55, 0xDE35, 0xDE35, 0xDE55, 0xDE56,
  0xDE55, 0xDE35, 0xD635, 0xDE35, 0xDE56, 0xDE56, 0xDE56, 0xDE55, 0xDE35, 0xDE55, 0xDE35, 0xDE35,
  0xDE55, 0xD635, 0xD635, 0xDE35, 0xDE55, 0xD635, 0xD635, 0xDE55, 0xBD93, 0x9307, 0xEC69, 0xA327,
  0x40E1, 0x18E4, 0x2104, 0x2104, 0x18C3, 0x5141, 0xD3C7, 0x92E6, 0x8A02, 0x28A1, 0x0000, 0x0020,
  0x0020, 0x0020, 0x0020, 0x0020, 0x0020, 0x0020, 0x0020, 0x0020, 0x0020, 0x0020, 0x0020, 0x0020,
  0x0020, 0x0020, 0x0020, 0x0020, 0x0020, 0x0020, 0x0020, 0x0020, 0x0020, 0x0020, 0x0020, 0x0020,
  0x0020, 0x0020, 0x0020, 0x0020, 0x0020, 0x0020, 0x0020, 0x0020, 0x0020, 0x0020, 0x0020, 0x0020,
  0x0020, 0x0020, 0x0020, 0x0020, 0x0020, 0x0020, 0x0020, 0x0020, 0x0020, 0x0020, 0x0020, 0x0020,
  0x0020, 0x0020, 0x0020, 0x0020, 0x0020, 0x0020, 0x0020, 0x0020, 0x0020, 0x0020, 0x0020, 0x0020,
  0x0020, 0x0000, 0x8A85, 0xE469, 0x8AA5, 0x30E1, 0x1904, 0x2124, 0x10A3, 0x5268, 0x62C9, 0x1904,
  0x6A04, 0x49A5, 0x39C6, 0x940E, 0xE696, 0xD635, 0xDE56, 0xDE56, 0xDE55, 0xDE35, 0xDE35, 0xDE55,
  0xDE56, 0xDE56, 0xDE56, 0xDE55, 0xDE56, 0xDE56, 0xDE56, 0xDE56, 0xDE35, 0xDE35, 0xDE35, 0xDE55,
  0xDE35, 0xDE55, 0xDE55, 0xDE55, 0xD635, 0xDE35, 0xDE35, 0xDE35, 0xDE35, 0xDE55, 0xDE55, 0xDE56,
  0xDE55, 0xDE55, 0xDE55, 0xDE56, 0xDE56, 0xDE56, 0xDE55, 0xDE55, 0xDE55, 0xDE55, 0xDE55, 0xDE55,
  0xD635, 0xD635, 0xD635, 0xDE55, 0xDE56, 0xDE55, 0xDE35, 0xDE35, 0xDE55, 0xDE56, 0xDE55, 0xDE55,
  0xDE55, 0xDE35, 0xDE35, 0xDE55, 0xDE55, 0xDE35, 0xDE55, 0xD635, 0xD635, 0xDE55, 0xDE35, 0xDE56,
  0x836A, 0xCBC7, 0xBBC8, 0x5962, 0x18C3, 0x2104, 0x2104, 0x1904, 0x18A2, 0xAAC5, 0xAB67, 0x8A23,
  0x4941, 0x0000, 0x0020, 0x0020, 0x0020, 0x0020, 0x0020, 0x0020, 0x0020, 0x0020, 0x0020, 0x0020,
  0x0020, 0x0020, 0x0020, 0x0020, 0x0020, 0x0020, 0x0020, 0x0020, 0x0020, 0x0020, 0x0020, 0x0020,
  0x0020, 0x0020, 0x0020, 0x0020, 0x0020, 0x0020, 0x0020, 0x0020, 0x0020, 0x0020, 0x0020, 0x0020,
  0x0020, 0x0020, 0x0020, 0x0020, 0x0020, 0x0020, 0x0020, 0x0020, 0x0020, 0x0020, 0x0020, 0x0020,
  0x0020, 0x0020, 0x0020, 0x0020, 0x0020, 0x0020, 0x0020, 0x0020, 0x0020, 0x0020, 0x0020, 0x0020,
  0x0020, 0x0020, 0x0020, 0x0021, 0x0000, 0x4983, 0xAB46, 0x92C6, 0x40E1, 0x10C3, 0x2124, 0x18E3,
  0x39A5, 0x734A, 0x2104, 0x39C7, 0x3165, 0x39A5, 0x732A, 0xDE55, 0xDE35, 0xDE55, 0xDE55, 0xDE55,
  0xDE55, 0xDE35, 0xDE55, 0xDE55, 0xDE55, 0xDE56, 0xDE55, 0xDE55, 0xDE56, 0xDE56, 0xDE76, 0xDE56,
  0xDE55, 0xDE55, 0xDE55, 0xDE35, 0xDE55, 0xDE55, 0xDE35, 0xDE35, 0xD635, 0xDE55, 0xDE55, 0xDE35,
  0xDE35, 0xDE35, 0xDE35, 0xDE55, 0xDE55, 0xDE55, 0xDE55, 0xD635, 0xDE55, 0xDE55, 0xDE35, 0xDE35,
  0xDE35, 0xDE55, 0xDE55, 0xDE55, 0xDE55, 0xDE55, 0xDE55, 0xDE55, 0xDE55, 0xDE35, 0xDE35, 0xD615,
  0xD635, 0xDE35, 0xDE35, 0xDE35, 0xDE55, 0xDE35, 0xDE35, 0xDE35, 0xDE35, 0xD635, 0xD635, 0xD635,
  0xD635, 0xD635, 0xE696, 0x942E, 0x8A64, 0xAB67, 0x69E3, 0x20C2, 0x1904, 0x2104, 0x2104, 0x10A3,
  0x8223, 0xB367, 0x8A44, 0x71A2, 0x0000, 0x0020, 0x0020, 0x0020, 0x0020, 0x0020, 0x0020, 0x0020,
  0x0021, 0x0020, 0x0020, 0x0020, 0x0020, 0x0020, 0x0020, 0x0020, 0x0020, 0x0020, 0x0020, 0x0020,
  0x0020, 0x0020, 0x0020, 0x0020, 0x0020, 0x0020, 0x0020, 0x0020, 0x0020, 0x0020, 0x0020, 0x0020,
  0x0020, 0x0020, 0x0020, 0x0020, 0x0020, 0x0020, 0x0020, 0x0020, 0x0020, 0x0020, 0x0020, 0x0020,
  0x0020, 0x0020, 0x0020, 0x0020, 0x0020, 0x0020, 0x0020, 0x0020, 0x0020, 0x0020, 0x0020, 0x0020,
  0x0020, 0x0020, 0x0020, 0x0020, 0x0020, 0x0020, 0x0021, 0x0000, 0x3102, 0xDBE8, 0xB3A8, 0x4901,
  0x18E3, 0x2124, 0x2104, 0x2103, 0x7B8B, 0x2965, 0x3186, 0x31A6, 0x39C6, 0x5268, 0xC5B3, 0xDE55,
  0xD635, 0xDE55, 0xDE55, 0xDE55, 0xDE55, 0xDE35, 0xDE55, 0xDE55, 0xDE55, 0xDE55, 0xDE56, 0xDE56,
  0xDE56, 0xDE55, 0xDE56, 0xDE55, 0xDE55, 0xDE55, 0xDE55, 0xDE35, 0xDE55, 0xDE55, 0xDE35, 0xDE55,
  0xDE55, 0xDE55, 0xDE55, 0xDE35, 0xDE55, 0xDE35, 0xDE55, 0xDE56, 0xDE55, 0xDE55, 0xDE35, 0xDE35,
  0xDE55, 0xDE55, 0xDE55, 0xDE35, 0xD635, 0xDE35, 0xDE35, 0xDE55, 0xDE55, 0xDE55, 0xDE55, 0xDE55,
  0xDE55, 0xDE55, 0xDE35, 0xD635, 0xDE35, 0xD635, 0xD635, 0xDE35, 0xDE35, 0xD635, 0xD635, 0xDE35,
  0xDE35, 0xD635, 0xD635, 0xD635, 0xD615, 0xE676, 0xAD32, 0x9AE6, 0xD408, 0x8244, 0x30E1, 0x1904,
  0x2104, 0x2124, 0x10C3, 0x61A3, 0xD408, 0x8AA5, 0x81E2, 0x1060, 0x0000, 0x0020, 0x0020, 0x0020,
  0x0020, 0x0020, 0x0020, 0x0020, 0x0020, 0x0020, 0x0020, 0x0020, 0x0020, 0x0020, 0x0020, 0x0020,
  0x0020, 0x0020, 0x0020, 0x0020, 0x0020, 0x0020, 0x0020, 0x0020, 0x0020, 0x0020, 0x0020, 0x0020,
  0x0020, 0x0020, 0x0020, 0x0020, 0x0020, 0x0020, 0x0020, 0x0020, 0x0020, 0x0020, 0x0020, 0x0020,
  0x0020, 0x0020, 0x0020, 0x0020, 0x0020, 0x0020, 0x0020, 0x0020, 0x0020, 0x0020, 0x0020, 0x0020,
  0x0020, 0x0020, 0x0020, 0x0020, 0x0020, 0x0020, 0x0020, 0x0020, 0x0020, 0x0020, 0x0020, 0x0841,
  0xC3A7, 0xDC6A, 0x6A03, 0x28A1, 0x2104, 0x2124, 0x10A2, 0x732A, 0x4207, 0x2945, 0x31A6, 0x31A6,
  0x41E6, 0xACD0, 0xE676, 0xD635, 0xDE35, 0xDE35, 0xDE55, 0xDE55, 0xDE55, 0xDE55, 0xDE55, 0xDE55,
  0xDE55, 0xDE56, 0xDE76, 0xDE76, 0xDE56, 0xDE56, 0xDE56, 0xDE56, 0xDE56, 0xDE56, 0xDE55, 0xDE55,
  0xDE55, 0xDE55, 0xDE35, 0xDE55, 0xDE55, 0xDE55, 0xD635, 0xDE35, 0xDE55, 0xDE35, 0xDE55, 0xDE55,
  0xDE55, 0xDE55, 0xDE35, 0xD635, 0xDE55, 0xDE35, 0xDE55, 0xDE55, 0xDE55, 0xD635, 0xD635, 0xDE55,
  0xDE35, 0xDE35, 0xDE35, 0xDE35, 0xDE55, 0xDE55, 0xDE55, 0xDE35, 0xDE35, 0xDE35, 0xDE55, 0xDE56,
  0xDE56, 0xDE55, 0xDE55, 0xDE55, 0xDE35, 0xD635, 0xD635, 0xD635, 0xDE55, 0xCE15, 0x8B49, 0xE448,
  0xA347, 0x5121, 0x20E3, 0x2104, 0x2104, 0x18E4, 0x3102, 0xCBA7, 0x9B26, 0x8202, 0x38E1, 0x0000,
  0x0020, 0x0020, 0x0020, 0x0020, 0x0020, 0x0020, 0x0020, 0x0020, 0x0020, 0x0020, 0x0020, 0x0020,
  0x0020, 0x0020, 0x0020, 0x0020, 0x0020, 0x0020, 0x0020, 0x0020, 0x0020, 0x0020, 0x0020, 0x0020,
  0x0020, 0x0020, 0x0020, 0x0020, 0x0020, 0x0020, 0x0020, 0x0020, 0x0020, 0x0020, 0x0020, 0x0020,
  0x0020, 0x0020, 0x0020, 0x0020, 0x0020, 0x0020, 0x0020, 0x0020, 0x0020, 0x0020, 0x0020, 0x0020,
  0x0020, 0x0020, 0x0020, 0x0020, 0x0020, 0x0020, 0x0020, 0x0020, 0x0020, 0x0020, 0x0020, 0x0020,
  0x0020, 0x0020, 0x0000, 0x8AA5, 0xECAA, 0x8AC6, 0x3901, 0x2902, 0x2924, 0x10A3, 0x5A88, 0x62EA,
  0x2104, 0x39C7, 0x31A6, 0x41C6, 0x8C0D, 0xE696, 0xD635, 0xDE35, 0xDE55, 0xDE35, 0xDE55, 0xDE35,
  0xDE55, 0xDE55, 0xDE35, 0xDE55, 0xDE56, 0xDE55, 0xDE56, 0xDE55, 0xDE56, 0xDE56, 0xDE56, 0xDE55,
  0xDE55, 0xDE55, 0xDE55, 0xDE55, 0xDE35, 0xDE55, 0xDE55, 0xDE55, 0xDE56, 0xDE55, 0xDE35, 0xDE35,
  0xDE35, 0xD635, 0xDE55, 0xDE55, 0xDE35, 0xDE55, 0xDE35, 0xDE55, 0xDE35, 0xDE35, 0xDE55, 0xDE55,
  0xDE55, 0xDE35, 0xD635, 0xD635, 0xDE35, 0xDE35, 0xD635, 0xD635, 0xDE55, 0xDE55, 0xDE56, 0xDE56,
  0xDE35, 0xDE55, 0xDE55, 0xDE55, 0xDE35, 0xD635, 0xDE35, 0xDE55, 0xDE35, 0xD635, 0xD635, 0xD615,
  0xDE76, 0x8BAC, 0xCB86, 0xCC09, 0x61A3, 0x38E1, 0x3123, 0x1904, 0x2104, 0x18A2, 0xAAE5, 0xBBA8,
  0x8223, 0x6162, 0x0000, 0x0020, 0x0020, 0x0020, 0x0020, 0x0020, 0x0020, 0x0020, 0x0020, 0x0020,
  0x0020, 0x0020, 0x0020, 0x0020, 0x0020, 0x0020, 0x0020, 0x0020, 0x0020, 0x0020, 0x0020, 0x0020,
  0x0020, 0x0020, 0x0020, 0x0020, 0x0020, 0x0020, 0x0020, 0x0020, 0x0020, 0x0020, 0x0020, 0x0020,
  0x0020, 0x0020, 0x0020, 0x0020, 0x0020, 0x0020, 0x0020, 0x0020, 0x0020, 0x0020, 0x0020, 0x0020,
  0x0020, 0x0020, 0x0020, 0x0020, 0x0020, 0x0020, 0x0020, 0x0020, 0x0020, 0x0020, 0x0020, 0x0020,
  0x0020, 0x0020, 0x0020, 0x0020, 0x0021, 0x0000, 0x5183, 0xEC89, 0xAB88, 0x4921, 0x3923, 0x3922,
  0x10C3, 0x39A5, 0x7B6B, 0x1904, 0x31A7, 0x31A6, 0x39C6, 0x6B0A, 0xDE35, 0xDE35, 0xDE35, 0xDE55,
  0xDE35, 0xDE35, 0xDE35, 0xDE35, 0xDE35, 0xDE56, 0xDE35, 0xD635, 0xDE56, 0xDE55, 0xDE55, 0xDE35,
  0xDE55, 0xDE56, 0xDE55, 0xDE35, 0xD635, 0xDE56, 0xDE55, 0xDE55, 0xDE55, 0xDE35, 0xDE55, 0xDE55,
  0xDE55, 0xDE55, 0xDE55, 0xDE35, 0xDE35, 0xD635, 0xDE35, 0xDE55, 0xDE35, 0xDE55, 0xDE55, 0xDE56,
  0xDE55, 0xDE56, 0xDE55, 0xDE55, 0xDE55, 0xD635, 0xDE35, 0xDE55, 0xDE55, 0xDE55, 0xDE35, 0xD635,
  0xDE55, 0xDE35, 0xDE55, 0xDE35, 0xDE35, 0xDE35, 0xDE55, 0xDE55, 0xDE55, 0xDE35, 0xDE55, 0xDE35,
  0xDE55, 0xD635, 0xD615, 0xE696, 0xA4D0, 0xAB26, 0xDC49, 0x8264, 0x3902, 0x4962, 0x2923, 0x2145,
  0x10A3, 0x7A03, 0xCC08, 0x8264, 0x79C2, 0x0840, 0x0020, 0x0020, 0x0020, 0x0020, 0x0020, 0x0020,
  0x0020, 0x0020, 0x0020, 0x0020, 0x0020, 0x0020, 0x0020, 0x0020, 0x0020, 0x0020, 0x0020, 0x0020,
  0x0020, 0x0020, 0x0020, 0x0020, 0x0020, 0x0020, 0x0020, 0x0020, 0x0020, 0x0020, 0x0020, 0x0020,
  0x0020, 0x0020, 0x0020, 0x0020, 0x0020, 0x0020, 0x0020, 0x0020, 0x0020, 0x0020, 0x0020, 0x0020,
  0x0020, 0x0020, 0x0020, 0x0020, 0x0020, 0x0020, 0x0020, 0x0020, 0x0020, 0x0020, 0x0020, 0x0020,
  0x0020, 0x0020, 0x0020, 0x0020, 0x0020, 0x0020, 0x0020, 0x0020, 0x0000, 0x20A1, 0xDC08, 0xCC29,
  0x61A2, 0x20C2, 0x2103, 0x3102, 0x18C3, 0x83AB, 0x2144, 0x51C5, 0x49C6, 0x31A6, 0x5A68, 0xC593,
  0xDE56, 0xD635, 0xDE55, 0xDE35, 0xDE55, 0xDE55, 0xDE55, 0xDE35, 0xDE35, 0xDE55, 0xDE55, 0xDE55,
  0xDE55, 0xDE56, 0xDE76, 0xDE56, 0xDE55, 0xDE35, 0xDE35, 0xDE56, 0xDE56, 0xDE55, 0xDE55, 0xDE55,
  0xDE55, 0xDE55, 0xDE35, 0xDE35, 0xDE55, 0xDE35, 0xDE55, 0xD635, 0xD635, 0xDE35, 0xDE55, 0xDE35,
  0xDE35, 0xDE55, 0xDE55, 0xDE56, 0xDE55, 0xDE56, 0xDE56, 0xDE56, 0xDE56, 0xDE55, 0xDE55, 0xDE55,
  0xDE55, 0xDE35, 0xDE55, 0xDE35, 0xDE55, 0xDE35, 0xD635, 0xDE35, 0xDE35, 0xD635, 0xDE35, 0xDE55,
  0xDE35, 0xDE55, 0xDE35, 0xDE35, 0xD635, 0xD635, 0xDE56, 0xC5B4, 0x9307, 0xE469, 0x9306, 0x3901,
  0x18E3, 0x38C1, 0x2903, 0x1904, 0x4102, 0xC366, 0x92E6, 0x81E2, 0x28A1, 0x0000, 0x0020, 0x0020,
  0x0020, 0x0020, 0x0020, 0x0020, 0x0020, 0x0020, 0x0020, 0x0020, 0x0020, 0x0020, 0x0020, 0x0020,
  0x0020, 0x0020, 0x0020, 0x0020, 0x0020, 0x0020, 0x0020, 0x0020, 0x0020, 0x0020, 0x0020, 0x0020,
  0x0020, 0x0020, 0x0020, 0x0020, 0x0020, 0x0020, 0x0020, 0x0020, 0x0020, 0x0020, 0x0020, 0x0020,
  0x0020, 0x0020, 0x0020, 0x0020, 0x0020, 0x0020, 0x0020, 0x0020, 0x0020, 0x0020, 0x0020, 0x0020,
  0x0020, 0x0020, 0x0020, 0x0020, 0x0020, 0x0020, 0x0020, 0x0020, 0x0020, 0x0020, 0x0020, 0x0020,
  0x0020, 0xB346, 0xE46A, 0x7A44, 0x28C1, 0x1904, 0x2924, 0x18A1, 0x730A, 0x4A27, 0x2125, 0x61E4,
  0x51E5, 0x39E6, 0xA4AF, 0xE696, 0xD635, 0xDE35, 0xDE55, 0xDE55, 0xDE55, 0xDE35, 0xDE35, 0xDE35,
  0xDE35, 0xDE55, 0xDE55, 0xDE55, 0xDE55, 0xDE56, 0xDE56, 0xDE56, 0xDE56, 0xDE35, 0xDE35, 0xDE55,
  0xDE56, 0xDE55, 0xDE56, 0xDE55, 0xDE55, 0xDE55, 0xDE55, 0xDE55, 0xDE55, 0xDE35, 0xDE35, 0xD635,
  0xD635, 0xDE55, 0xDE55, 0xDE35, 0xDE35, 0xDE55, 0xDE55, 0xDE55, 0xDE55, 0xDE56, 0xDE56, 0xDE55,
  0xDE55, 0xDE35, 0xDE55, 0xDE55, 0xD635, 0xD635, 0xD635, 0xDE35, 0xDE35, 0xDE35, 0xDE35, 0xDE35,
  0xDE55, 0xDE35, 0xDE35, 0xD635, 0xD635, 0xDE35, 0xDE35, 0xD635, 0xD635, 0xDE55, 0xD656, 0x8B6A,
  0xDBE7, 0xBBC9, 0x5141, 0x18C3, 0x1904, 0x3902, 0x2903, 0x3103, 0xBB26, 0x9B06, 0x8A23, 0x4921,
  0x0000, 0x0020, 0x0020, 0x0020, 0x0020, 0x0020, 0x0020, 0x0020, 0x0020, 0x0020, 0x0020, 0x0020,
  0x0020, 0x0020, 0x0020, 0x0020, 0x0020, 0x0020, 0x0020, 0x0020, 0x0020, 0x0020, 0x0020, 0x0020,
  0x0020, 0x0020, 0x0020, 0x0020, 0x0020, 0x0020, 0x0020, 0x0020, 0x0020, 0x0020, 0x0020, 0x0020,
  0x0020, 0x0020, 0x0020, 0x0020, 0x0020, 0x0020, 0x0020, 0x0020, 0x0020, 0x0020, 0x0020, 0x0020,
  0x0020, 0x0020, 0x0020, 0x0020, 0x0020, 0x0020, 0x0020, 0x0020, 0x0020, 0x0020, 0x0020, 0x0020,
  0x0020, 0x0020, 0x0021, 0x0000, 0x7224, 0xF4AA, 0x9B27, 0x38E1, 0x18E3, 0x2124, 0x10A2, 0x5247,
  0x6B0A, 0x2104, 0x39C6, 0x2966, 0x4207, 0x838C, 0xD614, 0xD635, 0xDE35, 0xDE35, 0xDE35, 0xDE55,
  0xDE55, 0xDE55, 0xDE55, 0xDE55, 0xDE55, 0xDE55, 0xDE55, 0xDE55, 0xDE55, 0xDE55, 0xDE55, 0xDE56,
  0xDE56, 0xDE55, 0xDE55, 0xDE56, 0xDE56, 0xDE55, 0xDE55, 0xDE56, 0xDE55, 0xDE55, 0xDE56, 0xD635,
  0xDE55, 0xDE35, 0xDE35, 0xDE35, 0xDE55, 0xDE55, 0xDE55, 0xDE35, 0xDE35, 0xDE55, 0xDE55, 0xDE55,
  0xDE55, 0xDE55, 0xDE55, 0xDE55, 0xDE55, 0xDE35, 0xDE55, 0xD635, 0xDE35, 0xDE35, 0xD635, 0xD635,
  0xD635, 0xDE35, 0xDE55, 0xDE35, 0xDE35, 0xDE55, 0xDE35, 0xDE35, 0xDE35, 0xDE35, 0xD635, 0xDE35,
  0xD615, 0xE697, 0x942E, 0xC366, 0xD46A, 0x69E3, 0x20C2, 0x1904, 0x18E4, 0x3922, 0x18A1, 0x9284,
  0xCBE8, 0x8A43, 0x6982, 0x0000, 0x0020, 0x0020, 0x0020, 0x0020, 0x0020, 0x0020, 0x0020, 0x0020,
  0x0020, 0x0020, 0x0020, 0x0020, 0x0020, 0x0020, 0x0020, 0x0020, 0x0020, 0x0020, 0x0020, 0x0020,
  0x0020, 0x0020, 0x0020, 0x0020, 0x0020, 0x0020, 0x0020, 0x0020, 0x0020, 0x0020, 0x0020, 0x0020,
  0x0020, 0x0020, 0x0020, 0x0020, 0x0020, 0x0020, 0x0020, 0x0020, 0x0020, 0x0020, 0x0020, 0x0020,
  0x0020, 0x0020, 0x0020, 0x0020, 0x0020, 0x0020, 0x0020, 0x0020, 0x0020, 0x0020, 0x0020, 0x0020,
  0x0020, 0x0020, 0x0020, 0x0020, 0x0020, 0x0020, 0x0000, 0x4142, 0xF468, 0xB3A8, 0x5141, 0x18E3,
  0x2124, 0x18C3, 0x3164, 0x83AC, 0x2124, 0x31A6, 0x31A6, 0x39A6, 0x62C9, 0xD635, 0xDE56, 0xD635,
  0xD635, 0xDE55, 0xDE55, 0xDE55, 0xDE55, 0xDE55, 0xDE55, 0xDE55, 0xDE55, 0xDE55, 0xDE55, 0xDE55,
  0xDE55, 0xDE56, 0xDE55, 0xDE55, 0xDE55, 0xDE55, 0xDE56, 0xDE56, 0xDE55, 0xDE55, 0xDE55, 0xDE55,
  0xDE55, 0xDE55, 0xDE55, 0xD635, 0xDE35, 0xDE35, 0xDE55, 0xDE55, 0xDE55, 0xDE55, 0xDE55, 0xDE35,
  0xDE55, 0xDE55, 0xDE35, 0xDE35, 0xDE55, 0xDE55, 0xDE55, 0xDE35, 0xDE35, 0xDE35, 0xDE55, 0xD635,
  0xD635, 0xDE35, 0xD635, 0xD635, 0xDE55, 0xDE55, 0xDE55, 0xDE35, 0xDE55, 0xDE35, 0xDE35, 0xDE35,
  0xDE55, 0xDE55, 0xDE35, 0xD635, 0xE676, 0xB552, 0xA326, 0xE469, 0x8AA5, 0x30C1, 0x18E4, 0x2104,
  0x2104, 0x28C2, 0x69A2, 0xCBC8, 0x8A85, 0x8A02, 0x1860, 0x0000, 0x0020, 0x0020, 0x0020, 0x0020,
  0x0020, 0x0020, 0x0020, 0x0020, 0x0020, 0x0020, 0x0020, 0x0020, 0x0020, 0x0020, 0x0020, 0x0020,
  0x0020, 0x0020, 0x0020, 0x0020, 0x0020, 0x0020, 0x0020, 0x0020, 0x0020, 0x0020, 0x0020, 0x0020,
  0x0020, 0x0020, 0x0020, 0x0020, 0x0020, 0x0020, 0x0020, 0x0020, 0x0020, 0x0020, 0x0020, 0x0020,
  0x0020, 0x0020, 0x0020, 0x0020, 0x0020, 0x0020, 0x0020, 0x0020, 0x0020, 0x0020, 0x0020, 0x0020,
  0x0020, 0x0020, 0x0020, 0x0020, 0x0020, 0x0020, 0x0020, 0x0020, 0x0020, 0x0020, 0x0840, 0xB346,
  0xD46A, 0x69C3, 0x20C2, 0x2104, 0x2104, 0x18E3, 0x7B6B, 0x3185, 0x3186, 0x31A6, 0x39C6, 0x5A88,
  0xBD72, 0xDE55, 0xD635, 0xDE56, 0xDE55, 0xDE55, 0xDE55, 0xDE55, 0xDE56, 0xDE55, 0xDE55, 0xDE35,
  0xDE55, 0xDE55, 0xDE55, 0xDE55, 0xDE55, 0xDE55, 0xDE56, 0xDE55, 0xDE55, 0xDE55, 0xDE55, 0xDE55,
  0xDE55, 0xDE55, 0xDE56, 0xDE55, 0xDE56, 0xDE56, 0xDE55, 0xDE55, 0xDE35, 0xDE35, 0xDE55, 0xDE55,
  0xDE55, 0xDE55, 0xDE56, 0xDE55, 0xDE55, 0xDE55, 0xDE55, 0xDE55, 0xDE55, 0xDE35, 0xDE55, 0xDE35,
  0xD635, 0xDE55, 0xDE35, 0xDE55, 0xDE35, 0xDE35, 0xDE35, 0xDE35, 0xDE55, 0xDE55, 0xDE35, 0xDE35,
  0xDE56, 0xDE35, 0xDE55, 0xDE55, 0xDE35, 0xDE35, 0xDE35, 0xDE56, 0xCE15, 0x8B08, 0xE449, 0xAB88,
  0x4901, 0x18E3, 0x2104, 0x2104, 0x18E4, 0x30E2, 0xCBA7, 0x9B27, 0x8202, 0x38E1, 0x0000, 0x0020,
  0x0020, 0x0020, 0x0020, 0x0020, 0x0020, 0x0020, 0x0020, 0x0020, 0x0020, 0x0020, 0x0020, 0x0020,
  0x0020, 0x0020, 0x0020, 0x0020, 0x0020, 0x0020, 0x0020, 0x0020, 0x0020, 0x0020, 0x0020, 0x0020,
  0x0020, 0x0020, 0x0020, 0x0020, 0x0020, 0x0020, 0x0020, 0x0020, 0x0020, 0x0020, 0x0020, 0x0020,
  0x0020, 0x0020, 0x0020, 0x0020, 0x0020, 0x0020, 0x0020, 0x0020, 0x0020, 0x0020, 0x0020, 0x0020,
  0x0020, 0x0020, 0x0020, 0x0020, 0x0020, 0x0020, 0x0020, 0x0020, 0x0020, 0x0020, 0x0020, 0x0020,
  0x0020, 0x0000, 0x8264, 0xAB47, 0x7204, 0x3102, 0x1904, 0x2124, 0x10A2, 0x6AE9, 0x4A47, 0x2145,
  0x39C7, 0x31A6, 0x41E6, 0xA4B0, 0xE696, 0xD615, 0xDE35, 0xDE55, 0xDE56, 0xDE55, 0xDE55, 0xDE55,
  0xDE35, 0xDE35, 0xDE35, 0xDE35, 0xDE55, 0xDE55, 0xDE55, 0xDE55, 0xDE35, 0xDE35, 0xDE55, 0xDE55,
  0xDE56, 0xDE55, 0xDE55, 0xD635, 0xDE35, 0xDE55, 0xDE56, 0xDE56, 0xDE55, 0xDE55, 0xDE55, 0xDE55,
  0xDE55, 0xDE55, 0xDE35, 0xDE35, 0xDE35, 0xDE55, 0xDE56, 0xDE55, 0xDE35, 0xDE35, 0xDE55, 0xDE55,
  0xDE35, 0xDE35, 0xDE35, 0xDE55, 0xDE35, 0xDE35, 0xD635, 0xDE35, 0xDE35, 0xDE35, 0xDE35, 0xDE35,
  0xDE55, 0xDE55, 0xDE56, 0xDE56, 0xDE55, 0xDE55, 0xDE35, 0xD635, 0xDE35, 0xDE35, 0xD615, 0xE697,
  0x8BCC, 0xCB86, 0xC409, 0x61A2, 0x18C3, 0x1904, 0x18E3, 0x1904, 0x18A2, 0x9A84, 0xAB47, 0x8A43,
  0x5962, 0x0000, 0x0020, 0x0020, 0x0020, 0x0020, 0x0020, 0x0020, 0x0020, 0x0020, 0x0020, 0x0020,
  0x0020, 0x0020, 0x0020, 0x0020, 0x0020, 0x0020, 0x0020, 0x0020, 0x0020, 0x0020, 0x0020, 0x0020,
  0x0020, 0x0020, 0x0020, 0x0020, 0x0020, 0x0020, 0x0020, 0x0020, 0x0020, 0x0020, 0x0020, 0x0020,
  0x0020, 0x0020, 0x0020, 0x0020, 0x0020, 0x0020, 0x0020, 0x0020, 0x0020, 0x0020, 0x0020, 0x0020,
  0x0020, 0x0020, 0x0020, 0x0020, 0x0020, 0x0020, 0x0020, 0x0020, 0x0020, 0x0020, 0x0020, 0x0020,
  0x0020, 0x0020, 0x0020, 0x0021, 0x0000, 0x61E3, 0xEC69, 0x9AE6, 0x30A0, 0x1904, 0x2124, 0x10A3,
  0x4A27, 0x6AEA, 0x10E4, 0x39C7, 0x3186, 0x41C6, 0x83AC, 0xDE76, 0xD635, 0xDE35, 0xDE35, 0xDE55,
  0xDE55, 0xDE55, 0xDE55, 0xDE35, 0xDE35, 0xDE55, 0xDE55, 0xDE55, 0xDE55, 0xDE55, 0xDE55, 0xDE56,
  0xDE35, 0xDE35, 0xDE55, 0xDE55, 0xDE56, 0xDE56, 0xDE55, 0xDE35, 0xDE35, 0xDE55, 0xDE55, 0xDE56,
  0xD635, 0xDE35, 0xDE35, 0xDE55, 0xDE56, 0xDE55, 0xDE35, 0xD635, 0xDE55, 0xDE56, 0xDE55, 0xDE55,
  0xDE55, 0xDE55, 0xDE35, 0xDE35, 0xD635, 0xDE35, 0xDE35, 0xDE35, 0xD635, 0xDE35, 0xDE35, 0xDE35,
  0xDE55, 0xDE55, 0xDE35, 0xDE55, 0xDE55, 0xDE55, 0xDE55, 0xDE55, 0xDE55, 0xDE56, 0xDE35, 0xDE55,
  0xDE35, 0xD615, 0xE696, 0x9C8F, 0x8AA4, 0xD429, 0x7A44, 0x20C2, 0x1904, 0x18E3, 0x2104, 0x10A3,
  0x7A23, 0xC3C7, 0x8244, 0x79C2, 0x0820, 0x0020, 0x0020, 0x0020, 0x0020, 0x0020, 0x0020, 0x0020,
  0x0020, 0x0020, 0x0020, 0x0020, 0x0020, 0x0020, 0x0020, 0x0020, 0x0021, 0x0020, 0x0021, 0x0020,
  0x0020, 0x0020, 0x0020, 0x0020, 0x0020, 0x0020, 0x0020, 0x0020, 0x0020, 0x0020, 0x0020, 0x0020,
  0x0020, 0x0020, 0x0020, 0x0020, 0x0020, 0x0020, 0x0020, 0x0020, 0x0020, 0x0020, 0x0020, 0x0020,
  0x0020, 0x0020, 0x0020, 0x0020, 0x0020, 0x0020, 0x0020, 0x0020, 0x0020, 0x0020, 0x0020, 0x0020,
  0x0020, 0x0020, 0x0020, 0x0020, 0x0020, 0x0020, 0x0021, 0x0000, 0x3102, 0xE448, 0xBBE9, 0x6182,
  0x28E2, 0x2124, 0x18E3, 0x3164, 0x7B6B, 0x2124, 0x59E5, 0x3965, 0x31A6, 0x5A88, 0xCDF4, 0xDE55,
  0xD635, 0xDE55, 0xDE35, 0xDE55, 0xDE55, 0xDE35, 0xDE35, 0xDE55, 0xDE55, 0xDE55, 0xDE55, 0xDE35,
  0xDE35, 0xDE55, 0xDE56, 0xDE55, 0xDE55, 0xDE55, 0xDE55, 0xDE55, 0xDE35, 0xDE55, 0xDE55, 0xDE56,
  0xDE56, 0xDE56, 0xDE56, 0xDE55, 0xDE56, 0xDE35, 0xDE55, 0xDE55, 0xDE55, 0xDE55, 0xDE35, 0xD635,
  0xDE35, 0xDE55, 0xDE35, 0xDE35, 0xDE55, 0xDE55, 0xDE35, 0xDE35, 0xDE35, 0xDE55, 0xDE55, 0xDE35,
  0xDE35, 0xDE35, 0xDE55, 0xDE55, 0xDE55, 0xDE55, 0xDE55, 0xDE35, 0xDE35, 0xDE55, 0xDE55, 0xDE35,
  0xDE35, 0xDE35, 0xDE55, 0xDE55, 0xDE35, 0xDE76, 0xC5B4, 0x82A6, 0xAB26, 0x7A44, 0x4101, 0x10E4,
  0x2104, 0x2104, 0x10C3, 0x5162, 0xD3C7, 0x8AA5, 0x8A02, 0x2081, 0x0000, 0x0020, 0x0020, 0x0020,
  0x0020, 0x0020, 0x0020, 0x0020, 0x0020, 0x0020, 0x0020, 0x0020, 0x0020, 0x0020, 0x0020, 0x0020,
  0x0020, 0x0020, 0x0020, 0x0020, 0x0020, 0x0020, 0x0020, 0x0020, 0x0020, 0x0020, 0x0020, 0x0020,
  0x0020, 0x0020, 0x0020, 0x0020, 0x0020, 0x0020, 0x0020, 0x0020, 0x0020, 0x0020, 0x0020, 0x0020,
  0x0020, 0x0020, 0x0020, 0x0020, 0x0020, 0x0020, 0x0020, 0x0020, 0x0020, 0x0020, 0x0020, 0x0020,
  0x0020, 0x0020, 0x0020, 0x0020, 0x0020, 0x0020, 0x0020, 0x0020, 0x0020, 0x0020, 0x0020, 0x0841,
  0xC387, 0xDC49, 0x7224, 0x30E1, 0x3143, 0x2124, 0x18C2, 0x838B, 0x39C6, 0x2986, 0x61C4, 0x4185,
  0x4A27, 0xBD72, 0xE696, 0xD635, 0xD635, 0xDE35, 0xDE55, 0xDE35, 0xDE35, 0xDE35, 0xDE35, 0xDE55,
  0xDE35, 0xDE55, 0xDE55, 0xDE35, 0xDE35, 0xDE55, 0xDE55, 0xDE35, 0xDE56, 0xDE56, 0xDE55, 0xDE55,
  0xDE35, 0xDE35, 0xDE56, 0xDE56, 0xDE56, 0xDE56, 0xDE35, 0xDE55, 0xDE55, 0xDE55, 0xDE56, 0xDE55,
  0xDE55, 0xDE55, 0xDE55, 0xDE35, 0xDE35, 0xDE35, 0xDE55, 0xDE35, 0xDE56, 0xDE56, 0xDE55, 0xDE55,
  0xDE56, 0xDE35, 0xDE55, 0xDE35, 0xDE55, 0xDE55, 0xDE55, 0xDE55, 0xDE56, 0xDE55, 0xDE35, 0xDE35,
  0xDE55, 0xDE56, 0xDE35, 0xD635, 0xD635, 0xDE35, 0xDE35, 0xDE55, 0xDE55, 0xD656, 0x8B49, 0xD3E7,
  0xB367, 0x38C0, 0x18C3, 0x2104, 0x2104, 0x18E4, 0x28E2, 0xC346, 0xA347, 0x8A22, 0x4101, 0x0000,
  0x0020, 0x0020, 0x0020, 0x0020, 0x0020, 0x0020, 0x0020, 0x0020, 0x0020, 0x0020, 0x0020, 0x0020,
  0x0020, 0x0020, 0x0020, 0x0020, 0x0020, 0x0020, 0x0020, 0x0020, 0x0020, 0x0020, 0x0020, 0x0020,
  0x0020, 0x0020, 0x0020, 0x0020, 0x0020, 0x0020, 0x0020, 0x0020, 0x0020, 0x0020, 0x0020, 0x0020,
  0x0020, 0x0020, 0x0020, 0x0020, 0x0020, 0x0020, 0x0020, 0x0020, 0x0020, 0x0020, 0x0020, 0x0020,
  0x0020, 0x0020, 0x0020, 0x0020, 0x0020, 0x0020, 0x0020, 0x0020, 0x0020, 0x0020, 0x0020, 0x0020,
  0x0020, 0x0021, 0x0000, 0x92A5, 0xEC8A, 0x92E6, 0x30E1, 0x3922, 0x3102, 0x10C3, 0x62C9, 0x5268,
  0x2124, 0x39C7, 0x29A6, 0x41E6, 0x9C6F, 0xE696, 0xD635, 0xDE35, 0xD635, 0xDE35, 0xDE35, 0xDE35,
  0xDE35, 0xDE35, 0xDE55, 0xDE35, 0xD635, 0xDE55, 0xDE55, 0xDE55, 0xDE55, 0xDE55, 0xDE55, 0xDE35,
  0xDE35, 0xDE55, 0xDE56, 0xDE55, 0xDE35, 0xDE35, 0xDE55, 0xDE56, 0xDE55, 0xDE35, 0xDE35, 0xDE35,
  0xDE35, 0xDE55, 0xDE55, 0xDE55, 0xDE35, 0xDE55, 0xDE56, 0xDE35, 0xDE55, 0xDE35, 0xD635, 0xDE55,
  0xDE55, 0xDE56, 0xDE56, 0xDE55, 0xDE55, 0xD615, 0xD635, 0xDE55, 0xDE55, 0xDE35, 0xDE55, 0xDE55,
  0xDE55, 0xDE55, 0xD635, 0xD635, 0xDE55, 0xDE55, 0xDE35, 0xD635, 0xD635, 0xD635, 0xDE35, 0xD635,
  0xE697, 0x940D, 0xC366, 0xD449, 0x69C3, 0x38C0, 0x2103, 0x1904, 0x2104, 0x10A2, 0x8203, 0xBB87,
  0x8223, 0x6982, 0x0000, 0x0020, 0x0020, 0x0020, 0x0020, 0x0020, 0x0020, 0x0020, 0x0020, 0x0020,
  0x0020, 0x0020, 0x0020, 0x0020, 0x0020, 0x0020, 0x0020, 0x0020, 0x0020, 0x0020, 0x0020, 0x0020,
  0x0020, 0x0020, 0x0020, 0x0020, 0x0020, 0x0020, 0x0020, 0x0020, 0x0020, 0x0020, 0x0020, 0x0020,
  0x0020, 0x0020, 0x0020, 0x0020, 0x0020, 0x0020, 0x0020, 0x0020, 0x0020, 0x0020, 0x0020, 0x0020,
  0x0020, 0x0020, 0x0020, 0x0020, 0x0020, 0x0020, 0x0020, 0x0020, 0x0020, 0x0020, 0x0020, 0x0020,
  0x0020, 0x0020, 0x0020, 0x0020, 0x0021, 0x0000, 0x59A3, 0xF489, 0xAB88, 0x5141, 0x18E3, 0x2103,
  0x20A1, 0x4A27, 0x734A, 0x1904, 0x39C7, 0x3186, 0x39C6, 0x7B6B, 0xE676, 0xDE35, 0xDE35, 0xDE35,
  0xD635, 0xDE35, 0xDE35, 0xDE35, 0xDE56, 0xDE55, 0xDE35, 0xDE55, 0xDE35, 0xDE55, 0xDE55, 0xDE56,
  0xDE56, 0xDE35, 0xDE55, 0xDE35, 0xDE35, 0xDE35, 0xDE55, 0xDE55, 0xDE55, 0xDE55, 0xDE35, 0xDE35,
  0xDE35, 0xDE35, 0xDE35, 0xDE35, 0xDE35, 0xDE55, 0xDE55, 0xDE55, 0xDE56, 0xDE56, 0xDE55, 0xDE56,
  0xDE55, 0xDE35, 0xDE55, 0xDE55, 0xDE35, 0xD635, 0xDE35, 0xD635, 0xDE35, 0xDE35, 0xD635, 0xDE35,
  0xDE55, 0xDE55, 0xDE55, 0xDE35, 0xDE35, 0xDE55, 0xDE55, 0xDE55, 0xDE55, 0xDE56, 0xDE55, 0xDE35,
  0xDE55, 0xDE35, 0xD635, 0xE696, 0xAD11, 0xA306, 0xE449, 0x8285, 0x3901, 0x4942, 0x20E3, 0x2104,
  0x10A3, 0x61A3, 0xB325, 0x8A44, 0x81E2, 0x1040, 0x0000, 0x0020, 0x0020, 0x0020, 0x0020, 0x0020,
  0x0020, 0x0020, 0x0021, 0x0020, 0x0020, 0x0020, 0x0020, 0x0020, 0x0020, 0x0020, 0x0020, 0x0020,
  0x0020, 0x0020, 0x0020, 0x0020, 0x0020, 0x0020, 0x0020, 0x0020, 0x0020, 0x0020, 0x0020, 0x0020,
  0x0020, 0x0020, 0x0020, 0x0020, 0x0020, 0x0020, 0x0020, 0x0020, 0x0020, 0x0020, 0x0020, 0x0020,
  0x0020, 0x0020, 0x0020, 0x0020, 0x0020, 0x0020, 0x0020, 0x0020, 0x0020, 0x0020, 0x0020, 0x0020,
  0x0020, 0x0020, 0x0020, 0x0020, 0x0020, 0x0020, 0x0020, 0x0020, 0x0000, 0x20C1, 0xDC08, 0xCC29,
  0x69C3, 0x20C2, 0x2124, 0x18E3, 0x28E2, 0x83CC, 0x2945, 0x3186, 0x3186, 0x31A6, 0x62A9, 0xD635,
  0xDE56, 0xD635, 0xDE35, 0xD635, 0xD635, 0xDE55, 0xDE35, 0xDE35, 0xDE35, 0xDE55, 0xDE55, 0xDE55,
  0xDE55, 0xDE35, 0xD635, 0xDE56, 0xDE56, 0xDE56, 0xDE56, 0xDE35, 0xDE55, 0xDE55, 0xDE55, 0xDE56,
  0xDE55, 0xDE55, 0xDE55, 0xD635, 0xD635, 0xD635, 0xDE35, 0xDE35, 0xDE55, 0xDE35, 0xDE55, 0xDE56,
  0xDE56, 0xDE56, 0xDE56, 0xDE55, 0xDE35, 0xDE55, 0xDE55, 0xDE55, 0xDE55, 0xDE35, 0xDE35, 0xDE35,
  0xDE35, 0xD635, 0xD635, 0xDE35, 0xDE55, 0xDE35, 0xDE35, 0xDE56, 0xDE55, 0xDE35, 0xDE56, 0xDE56,
  0xD635, 0xDE55, 0xDE35, 0xDE35, 0xDE55, 0xD635, 0xDE56, 0xCDF5, 0x8B07, 0xE449, 0xA347, 0x4101,
  0x28E2, 0x5121, 0x2104, 0x18E4, 0x3922, 0xCBC7, 0x9B06, 0x8A02, 0x30C1, 0x0000, 0x0020, 0x0020,
  0x0020, 0x0020, 0x0020, 0x0020, 0x0020, 0x0021, 0x0021, 0x0020, 0x0020, 0x0020, 0x0020, 0x0020,
  0x0020, 0x0020, 0x0020, 0x0020, 0x0020, 0x0020, 0x0020, 0x0020, 0x0020, 0x0020, 0x0020, 0x0020,
  0x0020, 0x0020, 0x0020, 0x0020, 0x0020, 0x0020, 0x0020, 0x0020, 0x0020, 0x0020, 0x0020, 0x0020,
  0x0020, 0x0020, 0x0020, 0x0020, 0x0020, 0x0020, 0x0020, 0x0020, 0x0020, 0x0020, 0x0020, 0x0020,
  0x0020, 0x0020, 0x0020, 0x0020, 0x0020, 0x0020, 0x0020, 0x0020, 0x0020, 0x0020, 0x0020, 0x0020,
  0x0820, 0xBB46, 0xDC6A, 0x7A44, 0x28C2, 0x1904, 0x2104, 0x18C3, 0x732A, 0x39A6, 0x2966, 0x31A6,
  0x31A6, 0x4A27, 0xBD52, 0xE696, 0xD635, 0xDE35, 0xDE35, 0xDE35, 0xDE35, 0xDE56, 0xDE55, 0xDE35,
  0xDE35, 0xDE35, 0xDE55, 0xDE55, 0xDE35, 0xDE35, 0xD635, 0xDE55, 0xDE55, 0xDE56, 0xDE55, 0xDE55,
  0xDE55, 0xDE55, 0xDE55, 0xDE35, 0xDE55, 0xDE55, 0xDE55, 0xD635, 0xD635, 0xDE35, 0xDE55, 0xDE55,
  0xDE35, 0xD635, 0xD635, 0xDE55, 0xDE56, 0xDE56, 0xDE56, 0xDE55, 0xDE55, 0xDE55, 0xDE55, 0xDE55,
  0xDE55, 0xDE55, 0xDE35, 0xDE35, 0xDE35, 0xDE35, 0xDE55, 0xDE35, 0xD635, 0xDE35, 0xDE56, 0xDE56,
  0xDE55, 0xDE35, 0xDE55, 0xDE56, 0xD635, 0xDE35, 0xDE55, 0xDE55, 0xD635, 0xD635, 0xDE76, 0x8B8B,
  0xD3C7, 0xBBE9, 0x6182, 0x20E3, 0x18E3, 0x4101, 0x2944, 0x18C2, 0xB325, 0xB367, 0x8203, 0x5141,
  0x0000, 0x0020, 0x0020, 0x0020, 0x0020, 0x0020, 0x0020, 0x0020, 0x0020, 0x0020, 0x0021, 0x0020,
  0x0020, 0x0020, 0x0020, 0x0020, 0x0020, 0x0020, 0x0020, 0x0020, 0x0020, 0x0020, 0x0020, 0x0020,
  0x0020, 0x0020, 0x0020, 0x0020, 0x0020, 0x0020, 0x0020, 0x0020, 0x0020, 0x0020, 0x0020, 0x0020,
  0x0020, 0x0020, 0x0020, 0x0020, 0x0020, 0x0020, 0x0020, 0x0020, 0x0020, 0x0020, 0x0020, 0x0020,
  0x0020, 0x0020, 0x0020, 0x0020, 0x0020, 0x0020, 0x0020, 0x0020, 0x0020, 0x0020, 0x0020, 0x0020,
  0x0020, 0x0020, 0x0020, 0x0000, 0x8265, 0xEC8A, 0x92E6, 0x38E1, 0x18E4, 0x2124, 0x1082, 0x62C9,
  0x5A89, 0x18E4, 0x31A6, 0x31A6, 0x39A5, 0x944E, 0xE696, 0xD635, 0xDE35, 0xDE35, 0xDE35, 0xDE55,
  0xDE55, 0xDE35, 0xDE55, 0xDE35, 0xDE35, 0xDE55, 0xD635, 0xDE35, 0xDE55, 0xDE35, 0xDE35, 0xDE55,
  0xDE56, 0xDE56, 0xDE55, 0xDE55, 0xDE35, 0xDE55, 0xD635, 0xD635, 0xDE55, 0xDE55, 0xDE55, 0xD635,
  0xD635, 0xD635, 0xDE35, 0xDE55, 0xDE35, 0xDE55, 0xDE35, 0xD635, 0xDE55, 0xDE56, 0xDE56, 0xDE55,
  0xDE55, 0xDE55, 0xDE56, 0xDE56, 0xDE35, 0xDE35, 0xDE35, 0xD635, 0xDE35, 0xD635, 0xDE35, 0xDE35,
  0xDE35, 0xDE55, 0xDE55, 0xDE35, 0xDE35, 0xDE35, 0xDE35, 0xDE35, 0xDE35, 0xDE35, 0xDE55, 0xDE55,
  0xD615, 0xE696, 0x9C6F, 0xB346, 0xDC6A, 0x7A24, 0x28C2, 0x1904, 0x2104, 0x3902, 0x18C2, 0x8243,
  0xCBE8, 0x8244, 0x71A2, 0x0820, 0x0020, 0x0020, 0x0020, 0x0020, 0x0020, 0x0020, 0x0020, 0x0020,
  0x0021, 0x0020, 0x0020, 0x0020, 0x0020, 0x0020, 0x0020, 0x0020, 0x0020, 0x0021, 0x0020, 0x0020,
  0x0020, 0x0020, 0x0020, 0x0020, 0x0020, 0x0020, 0x0020, 0x0020, 0x0020, 0x0020, 0x0020, 0x0020,
  0x0020, 0x0020, 0x0020, 0x0020, 0x0020, 0x0020, 0x0020, 0x0020, 0x0020, 0x0020, 0x0020, 0x0020,
  0x0020, 0x0020, 0x0020, 0x0020, 0x0020, 0x0020, 0x0020, 0x0020, 0x0020, 0x0020, 0x0020, 0x0020,
  0x0020, 0x0020, 0x0020, 0x0020, 0x0020, 0x0021, 0x0000, 0x4963, 0xEC89, 0xB3A8, 0x5141, 0x18E3,
  0x2124, 0x18C3, 0x41C6, 0x6B2A, 0x1904, 0x7224, 0x3964, 0x39C6, 0x7B6B, 0xDE55, 0xD635, 0xD635,
  0xDE35, 0xDE35, 0xDE35, 0xDE55, 0xDE55, 0xDE35, 0xDE55, 0xDE56, 0xDE56, 0xDE55, 0xDE35, 0xDE35,
  0xDE55, 0xDE55, 0xDE55, 0xDE55, 0xDE56, 0xDE56, 0xDE55, 0xDE55, 0xDE55, 0xDE55, 0xDE55, 0xDE55,
  0xDE55, 0xDE35, 0xDE55, 0xDE35, 0xDE35, 0xDE35, 0xDE35, 0xDE35, 0xDE55, 0xDE56, 0xDE55, 0xDE55,
  0xDE55, 0xDE55, 0xDE55, 0xDE55, 0xDE35, 0xDE55, 0xDE55, 0xDE55, 0xDE55, 0xDE55, 0xDE35, 0xD635,
  0xD635, 0xDE35, 0xDE55, 0xDE35, 0xDE55, 0xDE55, 0xDE55, 0xDE35, 0xDE35, 0xDE35, 0xDE55, 0xDE35,
  0xD635, 0xDE35, 0xDE35, 0xD635, 0xE676, 0xB573, 0x9B07, 0xE469, 0x92E6, 0x38E1, 0x10E4, 0x2104,
  0x2104, 0x30C1, 0x5982, 0xD408, 0x8AA5, 0x81E2, 0x2081, 0x0000, 0x0020, 0x0020, 0x0020, 0x0020,
  0x0020, 0x0020, 0x0020, 0x0020, 0x0021, 0x0020, 0x0020, 0x0020, 0x0020, 0x0020, 0x0020, 0x0020,
  0x0021, 0x0020, 0x0020, 0x0020, 0x0020, 0x0020, 0x0020, 0x0020, 0x0020, 0x0020, 0x0020, 0x0020,
  0x0020, 0x0020, 0x0020, 0x0020, 0x0020, 0x0020, 0x0020, 0x0020, 0x0020, 0x0020, 0x0020, 0x0020,
  0x0020, 0x0020, 0x0020, 0x0020, 0x0020, 0x0020, 0x0020, 0x0020, 0x0020, 0x0020, 0x0020, 0x0020,
  0x0020, 0x0020, 0x0020, 0x0020, 0x0020, 0x0020, 0x0020, 0x0020, 0x0020, 0x0000, 0x1881, 0xD3E7,
  0xD44A, 0x71E3, 0x20C2, 0x2124, 0x18E3, 0x2104, 0x7B8B, 0x2944, 0x31A6, 0x49A5, 0x3985, 0x5A88,
  0xCDF4, 0xDE55, 0xD635, 0xD635, 0xD635, 0xD635, 0xDE35, 0xDE35, 0xDE35, 0xDE35, 0xDE55, 0xDE55,
  0xDE35, 0xDE35, 0xDE55, 0xDE35, 0xDE35, 0xDE55, 0xDE35, 0xD635, 0xDE35, 0xDE35, 0xDE35, 0xDE55,
  0xDE55, 0xDE55, 0xDE56, 0xDE55, 0xDE35, 0xDE55, 0xDE35, 0xDE35, 0xDE56, 0xDE55, 0xDE35, 0xD635,
  0xDE35, 0xDE55, 0xDE35, 0xDE35, 0xDE55, 0xDE55, 0xDE35, 0xDE56, 0xD635, 0xD635, 0xDE55, 0xDE35,
  0xDE35, 0xD635, 0xD635, 0xDE55, 0xDE55, 0xDE55, 0xDE55, 0xDE55, 0xDE35, 0xDE35, 0xDE55, 0xD635,
  0xDE35, 0xD635, 0xD635, 0xD635, 0xD635, 0xDE35, 0xD635, 0xDE55, 0xCE35, 0x8B29, 0xDC08, 0xAB88,
  0x4921, 0x18C3, 0x2104, 0x20E3, 0x18E4, 0x4102, 0xC366, 0xA327, 0x8202, 0x4101, 0x0000, 0x0020,
  0x0020, 0x0020, 0x0020, 0x0020, 0x0020, 0x0020, 0x0020, 0x0020, 0x0020, 0x0020, 0x0020, 0x0020,
  0x0020, 0x0020, 0x0020, 0x0020, 0x0020, 0x0020, 0x0020, 0x0020, 0x0020, 0x0020, 0x0020, 0x0020,
  0x0020, 0x0020, 0x0020, 0x0020, 0x0020, 0x0020, 0x0020, 0x0020, 0x0020, 0x0020, 0x0020, 0x0020,
  0x0020, 0x0020, 0x0020, 0x0020, 0x0020, 0x0020, 0x0020, 0x0020, 0x0020, 0x0020, 0x0020, 0x0020,
  0x0020, 0x0020, 0x0020, 0x0020, 0x0020, 0x0020, 0x0020, 0x0020, 0x0020, 0x0020, 0x0020, 0x0020,
  0x0020, 0x0000, 0xAB06, 0xE48A, 0x8285, 0x30E2, 0x1904, 0x2124, 0x10A2, 0x7B4A, 0x39C6, 0x2945,
  0x31A6, 0x31A6, 0x4A27, 0xB532, 0xE676, 0xD635, 0xDE35, 0xDE35, 0xD635, 0xDE35, 0xDE35, 0xD635,
  0xDE35, 0xDE35, 0xD635, 0xD635, 0xDE35, 0xDE35, 0xDE55, 0xDE55, 0xDE55, 0xDE55, 0xDE35, 0xD635,
  0xDE55, 0xDE35, 0xDE35, 0xDE35, 0xDE55, 0xDE55, 0xDE55, 0xDE55, 0xDE55, 0xDE55, 0xDE55, 0xDE55,
  0xDE55, 0xDE55, 0xDE35, 0xDE35, 0xDE55, 0xDE55, 0xDE55, 0xD635, 0xDE35, 0xDE55, 0xDE56, 0xDE55,
  0xDE55, 0xD635, 0xDE35, 0xDE35, 0xD635, 0xD635, 0xD635, 0xDE35, 0xDE35, 0xDE55, 0xDE56, 0xDE55,
  0xDE55, 0xD635, 0xDE35, 0xDE35, 0xD635, 0xD635, 0xD635, 0xDE35, 0xDE35, 0xDE35, 0xD615, 0xDE97,
  0x8BCC, 0xCBC7, 0xCC29, 0x61A2, 0x18C2, 0x1904, 0x18E3, 0x1904, 0x1082, 0x9A84, 0xC3A8, 0x8223,
  0x6182, 0x0000, 0x0020, 0x0020, 0x0020, 0x0020, 0x0020, 0x0020, 0x0020, 0x0020, 0x0020, 0x0020,
  0x0020, 0x0020, 0x0020, 0x0020, 0x0020, 0x0020, 0x0020, 0x0020, 0x0020, 0x0020, 0x0020, 0x0020,
  0x0020, 0x0020, 0x0020, 0x0020, 0x0020, 0x0020, 0x0020, 0x0020, 0x0020, 0x0020, 0x0020, 0x0020,
  0x0020, 0x0020, 0x0020, 0x0020, 0x0020, 0x0020, 0x0020, 0x0020, 0x0020, 0x0020, 0x0020, 0x0020,
  0x0020, 0x0020, 0x0020, 0x0020, 0x0020, 0x0020, 0x0020, 0x0020, 0x0020, 0x0020, 0x0020, 0x0020,
  0x0020, 0x0020, 0x0020, 0x0021, 0x0000, 0x7224, 0xEC69, 0x9B06, 0x40E1, 0x18E4, 0x2924, 0x10A3,
  0x5AA8, 0x5A88, 0x2124, 0x39C7, 0x3186, 0x41C6, 0x942E, 0xE676, 0xD635, 0xDE55, 0xDE55, 0xDE35,
  0xDE55, 0xDE55, 0xDE35, 0xD635, 0xD635, 0xD635, 0xD635, 0xD635, 0xD635, 0xDE35, 0xDE35, 0xDE35,
  0xDE55, 0xDE55, 0xDE55, 0xDE35, 0xDE35, 0xDE35, 0xDE35, 0xDE55, 0xDE55, 0xDE55, 0xDE35, 0xDE55,
  0xDE35, 0xDE55, 0xDE35, 0xDE55, 0xDE35, 0xD635, 0xDE35, 0xDE35, 0xDE56, 0xDE55, 0xDE55, 0xDE55,
  0xDE35, 0xDE55, 0xDE56, 0xDE55, 0xDE35, 0xDE35, 0xD635, 0xD635, 0xD635, 0xD635, 0xDE35, 0xDE35,
  0xDE35, 0xDE35, 0xDE35, 0xDE35, 0xDE55, 0xDE35, 0xDE35, 0xDE35, 0xDE35, 0xD635, 0xD635, 0xDE55,
  0xDE56, 0xD635, 0xE696, 0xACF1, 0xAB05, 0xDC49, 0x8264, 0x28C1, 0x18E4, 0x18E3, 0x2104, 0x10A3,
  0x69C3, 0xC387, 0x8A64, 0x81E2, 0x1040, 0x0000, 0x0020, 0x0020, 0x0020, 0x0020, 0x0020, 0x0020,
  0x0020, 0x0020, 0x0020, 0x0020, 0x0020, 0x0020, 0x0020, 0x0020, 0x0020, 0x0020, 0x0020, 0x0020,
  0x0020, 0x0020, 0x0020, 0x0020, 0x0020, 0x0020, 0x0020, 0x0020, 0x0020, 0x0020, 0x0020, 0x0020,
  0x0020, 0x0020, 0x0020, 0x0020, 0x0020, 0x0020, 0x0020, 0x0020, 0x0020, 0x0020, 0x0020, 0x0020,
  0x0020, 0x0020, 0x0020, 0x0020, 0x0020, 0x0020, 0x0020, 0x0020, 0x0020, 0x0020, 0x0020, 0x0020,
  0x0020, 0x0020, 0x0020, 0x0020, 0x0020, 0x0000, 0x0000, 0x0000, 0x4142, 0xEC48, 0xB388, 0x5941,
  0x18E3, 0x2124, 0x18C3, 0x41C6, 0x734B, 0x2104, 0x39C6, 0x31A6, 0x39A6, 0x732A, 0xDE76, 0xD635,
  0xDE55, 0xDE55, 0xDE35, 0xDE35, 0xDE35, 0xDE55, 0xD615, 0xD635, 0xD635, 0xD635, 0xD635, 0xD635,
  0xD635, 0xD635, 0xDE35, 0xDE35, 0xDE55, 0xDE56, 0xDE56, 0xDE55, 0xDE55, 0xDE55, 0xDE55, 0xDE56,
  0xDE55, 0xDE35, 0xDE35, 0xDE55, 0xDE35, 0xD635, 0xD635, 0xDE55, 0xDE55, 0xDE35, 0xDE55, 0xDE55,
  0xDE55, 0xDE35, 0xDE55, 0xDE56, 0xDE56, 0xDE55, 0xDE35, 0xD635, 0xDE35, 0xDE35, 0xDE35, 0xD635,
  0xDE35, 0xDE35, 0xDE35, 0xDE55, 0xDE35, 0xDE35, 0xDE35, 0xDE35, 0xDE55, 0xDE55, 0xD615, 0xD635,
  0xDE35, 0xD635, 0xDE35, 0xDE55, 0xD635, 0xDE76, 0xC5D4, 0x7266, 0xC3A7, 0x9B06, 0x4101, 0x18E4,
  0x18E3, 0x2104, 0x10C3, 0x4143, 0xD3E8, 0x92E6, 0x81E2, 0x28A1, 0x0000, 0x0020, 0x0020, 0x0020,
  0x0020, 0x0020, 0x0020, 0x0020, 0x0020, 0x0020, 0x0020, 0x0020, 0x0020, 0x0020, 0x0020, 0x0020,
  0x0020, 0x0020, 0x0020, 0x0020, 0x0020, 0x0020, 0x0020, 0x0020, 0x0020, 0x0020, 0x0020, 0x0020,
  0x0020, 0x0020, 0x0020, 0x0020, 0x0020, 0x0020, 0x0020, 0x0020, 0x0020, 0x0020, 0x0020, 0x0020,
  0x0020, 0x0020, 0x0020, 0x0020, 0x0020, 0x0020, 0x0020, 0x0020, 0x0020, 0x0020, 0x0020, 0x0020,
  0x0020, 0x0020, 0x0020, 0x0020, 0x0020, 0x0020, 0x0020, 0x0020, 0x0000, 0x1081, 0x49C4, 0x18A1,
  0xA2C5, 0xCBE8, 0x71E3, 0x20C2, 0x2124, 0x2104, 0x2124, 0x83AC, 0x2124, 0x3186, 0x31A6, 0x31A6,
  0x5268, 0xCDD4, 0xDE56, 0xD635, 0xDE35, 0xDE55, 0xDE35, 0xD635, 0xD635, 0xD635, 0xD635, 0xDE35,
  0xD635, 0xD635, 0xDE35, 0xDE35, 0xDE35, 0xDE35, 0xDE35, 0xDE55, 0xDE56, 0xDE55, 0xDE55, 0xDE35,
  0xDE35, 0xDE55, 0xDE55, 0xDE55, 0xDE35, 0xD635, 0xDE55, 0xDE55, 0xDE35, 0xD635, 0xD635, 0xDE35,
  0xDE35, 0xDE35, 0xDE55, 0xDE35, 0xD635, 0xDE55, 0xDE55, 0xDE55, 0xDE55, 0xD635, 0xD635, 0xD635,
  0xDE35, 0xDE55, 0xDE55, 0xDE35, 0xDE35, 0xDE35, 0xDE35, 0xDE35, 0xDE35, 0xDE35, 0xDE55, 0xDE55,
  0xDE55, 0xDE35, 0xDE35, 0xDE55, 0xDE55, 0xDE35, 0xDE55, 0xDE55, 0xDE35, 0xDE56, 0x8B6A, 0xB326,
  0x92C5, 0x5962, 0x18C3, 0x1904, 0x18E3, 0x18E4, 0x20C2, 0xBB66, 0xAB88, 0x8203, 0x4921, 0x0000,
  0x0020, 0x0020, 0x0020, 0x0020, 0x0020, 0x0020, 0x0020, 0x0020, 0x0020, 0x0020, 0x0020, 0x0020,
  0x0020, 0x0020, 0x0020, 0x0020, 0x0020, 0x0020, 0x0020, 0x0020, 0x0020, 0x0020, 0x0020, 0x0020,
  0x0020, 0x0020, 0x0020, 0x0020, 0x0020, 0x0020, 0x0020, 0x0020, 0x0020, 0x0020, 0x0020, 0x0020,
  0x0020, 0x0020, 0x0020, 0x0020, 0x0020, 0x0020, 0x0020, 0x0020, 0x0020, 0x0020, 0x0020, 0x0020,
  0x0020, 0x0020, 0x0020, 0x0020, 0x0020, 0x0020, 0x0020, 0x0020, 0x0020, 0x0020, 0x0020, 0x0020,
  0x0000, 0x8B07, 0xEC69, 0xCC09, 0xAB46, 0x8264, 0x30E2, 0x2124, 0x2124, 0x18C3, 0x732A, 0x41E7,
  0x3165, 0x39A6, 0x31A6, 0x4A07, 0xAD11, 0xE676, 0xD635, 0xDE55, 0xDE55, 0xDE35, 0xD635, 0xD635,
  0xD635, 0xD635, 0xD635, 0xDE35, 0xDE35, 0xDE35, 0xDE35, 0xDE35, 0xDE35, 0xDE55, 0xDE55, 0xDE55,
  0xDE55, 0xDE55, 0xDE35, 0xDE35, 0xDE35, 0xDE55, 0xD635, 0xD614, 0xDE55, 0xDE35, 0xDE35, 0xDE55,
  0xDE55, 0xDE55, 0xD635, 0xD635, 0xD635, 0xDE35, 0xD635, 0xD635, 0xDE55, 0xDE55, 0xDE55, 0xDE55,
  0xDE35, 0xD635, 0xD635, 0xD635, 0xDE35, 0xDE56, 0xDE55, 0xD635, 0xDE35, 0xDE56, 0xDE55, 0xDE55,
  0xDE55, 0xDE55, 0xDE55, 0xD635, 0xD635, 0xDE35, 0xDE35, 0xDE55, 0xDE55, 0xDE35, 0xDE35, 0xD635,
  0xE697, 0x944E, 0xB346, 0xDC49, 0x71E3, 0x20A1, 0x2104, 0x18E3, 0x2104, 0x10C3, 0x8203, 0xB387,
  0x8A64, 0x71A2, 0x0020, 0x0020, 0x0020, 0x0020, 0x0020, 0x0020, 0x0020, 0x0020, 0x0020, 0x0020,
  0x0020, 0x0020, 0x0020, 0x0020, 0x0020, 0x0020, 0x0020, 0x0020, 0x0020, 0x0020, 0x0020, 0x0020,
  0x0020, 0x0020, 0x0020, 0x0020, 0x0020, 0x0020, 0x0020, 0x0020, 0x0020, 0x0020, 0x0020, 0x0020,
  0x0020, 0x0020, 0x0020, 0x0020, 0x0020, 0x0020, 0x0020, 0x0020, 0x0020, 0x0020, 0x0020, 0x0020,
  0x0020, 0x0020, 0x0020, 0x0020, 0x0020, 0x0020, 0x0020, 0x0020, 0x0020, 0x0020, 0x0020, 0x0020,
  0x0020, 0x0020, 0x0021, 0x0000, 0x6286, 0xEC69, 0xD386, 0xDBC7, 0xE489, 0x82A5, 0x18C2, 0x2965,
  0x10A3, 0x5A88, 0x62C9, 0x18E4, 0x7224, 0x49A4, 0x2965, 0x8BCC, 0xE697, 0xD635, 0xDE35, 0xDE35,
  0xDE35, 0xDE35, 0xD635, 0xD635, 0xD635, 0xD635, 0xDE35, 0xD635, 0xD635, 0xDE35, 0xD635, 0xD635,
  0xDE35, 0xDE55, 0xDE55, 0xDE35, 0xDE35, 0xDE55, 0xDE35, 0xDE55, 0xDE35, 0xDE35, 0xDE35, 0xD635,
  0xDE55, 0xDE56, 0xDE55, 0xD635, 0xDE35, 0xDE55, 0xD635, 0xD635, 0xD635, 0xDE55, 0xD635, 0xD635,
  0xDE55, 0xDE55, 0xDE35, 0xDE35, 0xDE35, 0xDE35, 0xDE35, 0xDE35, 0xDE35, 0xDE35, 0xDE35, 0xDE35,
  0xDE55, 0xDE35, 0xDE35, 0xDE35, 0xDE35, 0xDE35, 0xD635, 0xD635, 0xD635, 0xD635, 0xD635, 0xDE35,
  0xDE35, 0xDE35, 0xD635, 0xE676, 0xB552, 0x9B27, 0xE449, 0x8285, 0x40E0, 0x2903, 0x1904, 0x2104,
  0x10A3, 0x61C3, 0xD3E7, 0x8A85, 0x81E2, 0x1861, 0x0000, 0x0020, 0x0020, 0x0020, 0x0020, 0x0020,
  0x0020, 0x0020, 0x0020, 0x0020, 0x0020, 0x0020, 0x0020, 0x0020, 0x0020, 0x0020, 0x0020, 0x0020,
  0x0020, 0x0020, 0x0020, 0x0020, 0x0020, 0x0020, 0x0020, 0x0020, 0x0020, 0x0020, 0x0020, 0x0020,
  0x0020, 0x0020, 0x0020, 0x0020, 0x0020, 0x0020, 0x0020, 0x0020, 0x0020, 0x0020, 0x0020, 0x0020,
  0x0020, 0x0020, 0x0020, 0x0020, 0x0020, 0x0020, 0x0020, 0x0020, 0x0020, 0x0020, 0x0020, 0x0020,
  0x0020, 0x0020, 0x0020, 0x0020, 0x0020, 0x0020, 0x0020, 0x1041, 0x9B68, 0xBC0A, 0xD44A, 0xDC28,
  0xAB88, 0x79E2, 0x2903, 0x1904, 0x39C6, 0x732A, 0x2104, 0x39C7, 0x2965, 0x39A6, 0x62C9, 0xCDD4,
  0xD615, 0xDE35, 0xDE55, 0xDE35, 0xDE35, 0xD635, 0xDE35, 0xDE35, 0xDE35, 0xDE35, 0xDE35, 0xDE35,
  0xD635, 0xD615, 0xD635, 0xDE55, 0xDE35, 0xDE55, 0xDE35, 0xDE55, 0xDE56, 0xDE55, 0xDE35, 0xDE55,
  0xDE55, 0xDE35, 0xDE35, 0xDE35, 0xDE55, 0xD635, 0xD635, 0xD635, 0xDE35, 0xDE35, 0xD635, 0xDE35,
  0xDE55, 0xDE55, 0xDE35, 0xD635, 0xDE35, 0xDE55, 0xD635, 0xD635, 0xDE35, 0xDE35, 0xDE35, 0xDE55,
  0xD635, 0xDE35, 0xDE55, 0xDE35, 0xDE35, 0xD635, 0xDE35, 0xDE35, 0xDE35, 0xD635, 0xDE35, 0xDE35,
  0xD635, 0xD635, 0xD635, 0xD635, 0xD635, 0xD635, 0xDE55, 0xCE15, 0x8B08, 0xE428, 0xAB68, 0x4122,
  0x3922, 0x3102, 0x1904, 0x18E4, 0x3902, 0xCBA7, 0x9B27, 0x8A23, 0x38E1, 0x0000, 0x0020, 0x0020,
  0x0020, 0x0020, 0x0020, 0x0020, 0x0020, 0x0020, 0x0020, 0x0020, 0x0020, 0x0020, 0x0020, 0x0020,
  0x0020, 0x0020, 0x0020, 0x0020, 0x0020, 0x0020, 0x0020, 0x0020, 0x0020, 0x0020, 0x0020, 0x0020,
  0x0020, 0x0020, 0x0020, 0x0020, 0x0020, 0x0020, 0x0020, 0x0020, 0x0020, 0x0020, 0x0020, 0x0020,
  0x0020, 0x0020, 0x0020, 0x0020, 0x0020, 0x0020, 0x0020, 0x0020, 0x0020, 0x0020, 0x0020, 0x0020,
  0x0020, 0x0020, 0x0020, 0x0020, 0x0020, 0x0020, 0x0020, 0x0020, 0x0020, 0x0020, 0x0000, 0x1881,
  0x9263, 0x9244, 0xAB06, 0xA347, 0x71E3, 0x81E2, 0x2903, 0x2103, 0x7B6B, 0x2945, 0x2986, 0x31A6,
  0x31A6, 0x4A27, 0xC593, 0xDE56, 0xD614, 0xD635, 0xDE35, 0xDE55, 0xD635, 0xD635, 0xD635, 0xDE35,
  0xDE35, 0xDE35, 0xD635, 0xD615, 0xD635, 0xD635, 0xD635, 0xDE55, 0xDE55, 0xDE55, 0xDE55, 0xDE55,
  0xDE55, 0xDE55, 0xDE35, 0xDE55, 0xDE55, 0xDE35, 0xDE55, 0xD635, 0xDE35, 0xD635, 0xD635, 0xDE55,
  0xDE35, 0xD635, 0xD635, 0xDE35, 0xDE55, 0xDE35, 0xDE35, 0xD635, 0xDE35, 0xDE35, 0xDE35, 0xDE35,
  0xDE55, 0xDE35, 0xDE35, 0xDE35, 0xDE35, 0xDE55, 0xDE35, 0xD635, 0xDE35, 0xDE35, 0xDE35, 0xDE35,
  0xDE35, 0xD635, 0xDE35, 0xD635, 0xDE35, 0xDE35, 0xDE55, 0xD635, 0xDE35, 0xD635, 0xDE76, 0x8BEC,
  0xCBA7, 0xC3E9, 0x61A2, 0x20E3, 0x4942, 0x28E2, 0x1924, 0x18A2, 0xAAE5, 0xB3A8, 0x8203, 0x5961,
  0x0000, 0x0020, 0x0020, 0x0020, 0x0020, 0x0020, 0x0020, 0x0020, 0x0020, 0x0020, 0x0020, 0x0020,
  0x0020, 0x0020, 0x0020, 0x0020, 0x0020, 0x0020, 0x0020, 0x0020, 0x0020, 0x0020, 0x0020, 0x0020,
  0x0020, 0x0020, 0x0020, 0x0020, 0x0020, 0x0020, 0x0020, 0x0020, 0x0020, 0x0020, 0x0020, 0x0020,
  0x0020, 0x0020, 0x0020, 0x0020, 0x0020, 0x0020, 0x0020, 0x0020, 0x0020, 0x0020, 0x0020, 0x0020,
  0x0020, 0x0020, 0x0020, 0x0020, 0x0020, 0x0020, 0x0020, 0x0020, 0x0020, 0x0020, 0x0020, 0x0020,
  0x0020, 0x0020, 0x0000, 0x1061, 0xA2A4, 0xA2A4, 0xA2A4, 0xA2A4, 0x8203, 0x79E3, 0x18A2, 0x7B6B,
  0x41E6, 0x2945, 0x31A6, 0x31A6, 0x41E6, 0xA4D0, 0xE696, 0xD635, 0xDE35, 0xDE35, 0xDE55, 0xD635,
  0xD635, 0xDE35, 0xD635, 0xDE35, 0xDE35, 0xD635, 0xD635, 0xD635, 0xDE35, 0xDE55, 0xDE35, 0xDE35,
  0xDE56, 0xD635, 0xDE35, 0xDE35, 0xD635, 0xDE35, 0xDE35, 0xDE56, 0xD635, 0xD635, 0xDE35, 0xDE55,
  0xDE55, 0xDE55, 0xDE55, 0xDE55, 0xDE35, 0xD635, 0xD635, 0xDE56, 0xDE35, 0xD635, 0xDE35, 0xDE35,
  0xDE35, 0xDE35, 0xDE35, 0xDE35, 0xDE55, 0xDE35, 0xD635, 0xD635, 0xDE35, 0xDE55, 0xD635, 0xD635,
  0xDE35, 0xDE55, 0xDE35, 0xDE35, 0xDE35, 0xDE55, 0xDE55, 0xDE35, 0xDE35, 0xDE56, 0xDE56, 0xDE35,
  0xD635, 0xE696, 0x9CAF, 0xB326, 0xDC69, 0x7A44, 0x28E2, 0x1904, 0x3902, 0x4143, 0x10C3, 0x7A03,
  0xCBE8, 0x8264, 0x71A2, 0x0820, 0x0020, 0x0020, 0x0020, 0x0020, 0x0020, 0x0020, 0x0020, 0x0020,
  0x0020, 0x0020, 0x0020, 0x0020, 0x0020, 0x0020, 0x0020, 0x0020, 0x0020, 0x0020, 0x0020, 0x0020,
  0x0020, 0x0020, 0x0020, 0x0020, 0x0020, 0x0021, 0x0020, 0x0020, 0x0020, 0x0020, 0x0020, 0x0020,
  0x0020, 0x0020, 0x0020, 0x0020, 0x0020, 0x0020, 0x0020, 0x0020, 0x0020, 0x0020, 0x0020, 0x0020,
  0x0020, 0x0020, 0x0020, 0x0020, 0x0020, 0x0020, 0x0020, 0x0020, 0x0020, 0x0020, 0x0020, 0x0020,
  0x0020, 0x0020, 0x0020, 0x0020, 0x0020, 0x0020, 0x0020, 0x1061, 0xA284, 0xA2A4, 0x9AA4, 0xA2A4,
  0x8A23, 0x71A1, 0x5A87, 0x62EA, 0x2124, 0x39C6, 0x31A6, 0x3185, 0x83CC, 0xE696, 0xD615, 0xD635,
  0xD635, 0xDE55, 0xDE55, 0xD635, 0xDE35, 0xDE35, 0xD635, 0xD635, 0xD635, 0xD635, 0xD635, 0xD635,
  0xDE35, 0xDE35, 0xDE35, 0xDE35, 0xDE35, 0xD635, 0xD635, 0xDE35, 0xD635, 0xDE35, 0xDE35, 0xD635,
  0xD635, 0xDE35, 0xDE35, 0xDE55, 0xDE55, 0xDE55, 0xDE55, 0xDE55, 0xDE35, 0xD635, 0xDE35, 0xDE56,
  0xDE55, 0xDE35, 0xDE55, 0xDE35, 0xDE55, 0xD635, 0xDE35, 0xD635, 0xD635, 0xD635, 0xDE35, 0xD635,
  0xDE35, 0xDE35, 0xD635, 0xD615, 0xD635, 0xDE35, 0xD635, 0xD635, 0xD635, 0xDE35, 0xDE55, 0xDE35,
  0xDE35, 0xDE35, 0xDE35, 0xD635, 0xDE76, 0xBDB4, 0x9307, 0xE448, 0x9B06, 0x38E1, 0x1904, 0x1904,
  0x3923, 0x28C2, 0x4122, 0xD3C7, 0x8AA5, 0x81E2, 0x20A1, 0x0000, 0x0020, 0x0020, 0x0020, 0x0020,
  0x0020, 0x0020, 0x0020, 0x0020, 0x0020, 0x0020, 0x0020, 0x0020, 0x0020, 0x0020, 0x0020, 0x0020,
  0x0020, 0x0020, 0x0020, 0x0020, 0x0020, 0x0020, 0x0020, 0x0020, 0x0020, 0x0020, 0x0020, 0x0020,
  0x0020, 0x0020, 0x0020, 0x0020, 0x0020, 0x0020, 0x0020, 0x0020, 0x0020, 0x0020, 0x0020, 0x0020,
  0x0020, 0x0020, 0x0020, 0x0020, 0x0020, 0x0020, 0x0020, 0x0020, 0x0020, 0x0020, 0x0020, 0x0020,
  0x0020, 0x0020, 0x0020, 0x0020, 0x0020, 0x0020, 0x0020, 0x0020, 0x0020, 0x0020, 0x0000, 0x1861,
  0x8203, 0xA283, 0xAAC4, 0x9AA4, 0x8223, 0x71E2, 0x41E5, 0x2125, 0x31A6, 0x3186, 0x3186, 0x62C9,
  0xD635, 0xDE55, 0xD635, 0xDE55, 0xDE35, 0xDE55, 0xDE35, 0xDE35, 0xDE55, 0xDE35, 0xD635, 0xD635,
  0xDE35, 0xD635, 0xD635, 0xDE35, 0xDE35, 0xD635, 0xDE35, 0xDE35, 0xD635, 0xDE35, 0xDE35, 0xDE35,
  0xDE35, 0xDE35, 0xD635, 0xDE35, 0xDE35, 0xDE55, 0xDE35, 0xDE55, 0xDE55, 0xDE55, 0xDE35, 0xDE35,
  0xDE55, 0xDE35, 0xDE35, 0xDE35, 0xDE35, 0xD635, 0xDE35, 0xDE35, 0xD635, 0xD635, 0xD635, 0xD635,
  0xD635, 0xDE35, 0xDE35, 0xD635, 0xDE35, 0xDE55, 0xDE55, 0xDE35, 0xDE35, 0xDE35, 0xDE35, 0xDE35,
  0xDE35, 0xDE35, 0xDE35, 0xD635, 0xD635, 0xD635, 0xDE35, 0xDE35, 0xD656, 0x834A, 0xDC08, 0xB3A8,
  0x5141, 0x18E3, 0x2104, 0x2104, 0x2902, 0x38C1, 0xBB66, 0xA347, 0x81E2, 0x4921, 0x0000, 0x0020,
  0x0020, 0x0020, 0x0020, 0x0020, 0x0020, 0x0020, 0x0020, 0x0020, 0x0020, 0x0020, 0x0020, 0x0020,
  0x0020, 0x0020, 0x0020, 0x0020, 0x0020, 0x0020, 0x0020, 0x0020, 0x0020, 0x0020, 0x0020, 0x0020,
  0x0020, 0x0020, 0x0020, 0x0020, 0x0020, 0x0020, 0x0020, 0x0020, 0x0020, 0x0020, 0x0020, 0x0020,
  0x0020, 0x0020, 0x0020, 0x0020, 0x0020, 0x0020, 0x0020, 0x0020, 0x0020, 0x0020, 0x0020, 0x0020,
  0x0020, 0x0020, 0x0020, 0x0020, 0x0020, 0x0020, 0x0020, 0x0020, 0x0020, 0x0020, 0x0020, 0x0020,
  0x0020, 0x0000, 0x1061, 0x9284, 0x71E3, 0x6205, 0x7A24, 0x69A2, 0x7181, 0x5962, 0x18E3, 0x49C5,
  0x3985, 0x3186, 0x4A27, 0xC593, 0xDE55, 0xD635, 0xD635, 0xDE35, 0xD635, 0xD635, 0xD635, 0xD635,
  0xDE35, 0xDE55, 0xDE35, 0xDE35, 0xDE35, 0xD615, 0xD635, 0xDE35, 0xDE35, 0xD635, 0xDE35, 0xDE35,
  0xDE35, 0xDE35, 0xDE35, 0xDE35, 0xDE55, 0xDE35, 0xDE35, 0xDE55, 0xDE35, 0xDE35, 0xD635, 0xDE35,
  0xDE35, 0xDE35, 0xDE35, 0xD635, 0xD635, 0xDE35, 0xDE35, 0xD635, 0xD635, 0xD635, 0xD635, 0xDE35,
  0xDE35, 0xD635, 0xDE35, 0xD635, 0xDE35, 0xDE35, 0xDE35, 0xD635, 0xDE55, 0xDE55, 0xDE55, 0xDE35,
  0xDE35, 0xD635, 0xDE35, 0xDE55, 0xDE35, 0xDE35, 0xDE35, 0xDE35, 0xD635, 0xD635, 0xD615, 0xE696,
  0x942D, 0xBB66, 0xD449, 0x71E3, 0x20C2, 0x1904, 0x2104, 0x2124, 0x18A2, 0x9A84, 0xBBA8, 0x7A03,
  0x6982, 0x0000, 0x0020, 0x0020, 0x0020, 0x0020, 0x0020, 0x0020, 0x0020, 0x0020, 0x0020, 0x0020,
  0x0020, 0x0020, 0x0020, 0x0020, 0x0020, 0x0020, 0x0020, 0x0020, 0x0020, 0x0020, 0x0020, 0x0020,
  0x0020, 0x0020, 0x0020, 0x0020, 0x0020, 0x0020, 0x0020, 0x0020, 0x0020, 0x0020, 0x0020, 0x0020,
  0x0020, 0x0020, 0x0020, 0x0020, 0x0020, 0x0020, 0x0020, 0x0020, 0x0020, 0x0020, 0x0020, 0x0020,
  0x0020, 0x0020, 0x0020, 0x0020, 0x0020, 0x0020, 0x0020, 0x0020, 0x0020, 0x0020, 0x0020, 0x0020,
  0x0020, 0x0020, 0x0020, 0x0020, 0x0020, 0x0000, 0x9AC5, 0xC366, 0x7B08, 0xACAF, 0x940D, 0x7309,
  0x6A67, 0x3964, 0x1904, 0x4962, 0x4143, 0x39C6, 0xA4D0, 0xE676, 0xD615, 0xD635, 0xD635, 0xDE55,
  0xD635, 0xD635, 0xD635, 0xD635, 0xD635, 0xDE35, 0xDE35, 0xDE35, 0xD635, 0xD635, 0xDE35, 0xD635,
  0xD635, 0xD635, 0xD635, 0xD635, 0xD635, 0xDE35, 0xD635, 0xDE35, 0xDE55, 0xDE35, 0xDE35, 0xDE35,
  0xDE35, 0xD635, 0xD635, 0xDE35, 0xDE55, 0xDE35, 0xDE55, 0xDE35, 0xD635, 0xDE35, 0xDE35, 0xDE35,
  0xDE55, 0xDE35, 0xD635, 0xDE35, 0xDE55, 0xDE35, 0xDE55, 0xDE55, 0xDE35, 0xDE35, 0xDE35, 0xDE55,
  0xDE35, 0xD635, 0xD635, 0xD635, 0xDE35, 0xDE35, 0xDE55, 0xDE55, 0xDE35, 0xDE35, 0xD635, 0xD635,
  0xD635, 0xD615, 0xE676, 0xAD12, 0x9B06, 0xDC49, 0x8A85, 0x30E1, 0x18E4, 0x20E3, 0x2104, 0x10C3,
  0x69C3, 0xD408, 0x8265, 0x79C2, 0x1060, 0x0000, 0x0020, 0x0020, 0x0020, 0x0020, 0x0020, 0x0020,
  0x0020, 0x0020, 0x0020, 0x0020, 0x0020, 0x0020, 0x0020, 0x0020, 0x0020, 0x0020, 0x0020, 0x0020,
  0x0020, 0x0020, 0x0020, 0x0020, 0x0020, 0x0020, 0x0020, 0x0020, 0x0020, 0x0020, 0x0020, 0x0020,
  0x0020, 0x0020, 0x0020, 0x0020, 0x0020, 0x0020, 0x0020, 0x0020, 0x0020, 0x0020, 0x0020, 0x0020,
  0x0020, 0x0020, 0x0020, 0x0020, 0x0020, 0x0020, 0x0020, 0x0020, 0x0020, 0x0020, 0x0020, 0x0020,
  0x0020, 0x0020, 0x0020, 0x0020, 0x0020, 0x0020, 0x0020, 0x0021, 0x0000, 0x61E4, 0xE428, 0x8308,
  0x9C6E, 0xB4CF, 0xB4F0, 0xB510, 0xB4F0, 0xA48F, 0x8BCC, 0x62C9, 0x4A07, 0x5AA9, 0xCE14, 0xDE55,
  0xE676, 0xDE55, 0xD635, 0xD615, 0xD635, 0xD635, 0xDE35, 0xD635, 0xD635, 0xDE35, 0xD635, 0xDE35,
  0xDE35, 0xD635, 0xDE35, 0xD635, 0xD635, 0xD635, 0xD635, 0xD635, 0xD635, 0xD635, 0xD635, 0xD635,
  0xDE35, 0xDE35, 0xDE35, 0xDE35, 0xDE35, 0xD635, 0xD635, 0xDE35, 0xDE55, 0xDE35, 0xDE35, 0xDE35,
  0xDE35, 0xDE35, 0xD635, 0xDE35, 0xDE35, 0xDE35, 0xDE35, 0xDE35, 0xDE55, 0xDE35, 0xD635, 0xDE35,
  0xD635, 0xDE35, 0xDE35, 0xDE55, 0xDE35, 0xDE35, 0xDE35, 0xDE35, 0xDE35, 0xDE35, 0xDE55, 0xDE55,
  0xD635, 0xD635, 0xD635, 0xD635, 0xD615, 0xDE35, 0xCDF4, 0x8B28, 0xDC28, 0xA347, 0x4101, 0x18E3,
  0x2104, 0x2104, 0x18E4, 0x3922, 0xCB86, 0x92E6, 0x81E2, 0x30C1, 0x0000, 0x0020, 0x0020, 0x0020,
  0x0020, 0x0020, 0x0020, 0x0020, 0x0020, 0x0020, 0x0020, 0x0020, 0x0020, 0x0020, 0x0020, 0x0020,
  0x0020, 0x0020, 0x0020, 0x0020, 0x0020, 0x0020, 0x0020, 0x0020, 0x0020, 0x0020, 0x0020, 0x0020,
  0x0020, 0x0020, 0x0020, 0x0020, 0x0020, 0x0020, 0x0020, 0x0020, 0x0020, 0x0020, 0x0020, 0x0020,
  0x0020, 0x0020, 0x0020, 0x0020, 0x0020, 0x0020, 0x0020, 0x0020, 0x0020, 0x0020, 0x0020, 0x0020,
  0x0020, 0x0020, 0x0020, 0x0020, 0x0020, 0x0020, 0x0020, 0x0020, 0x0020, 0x0020, 0x0021, 0x0000,
  0x3102, 0xE428, 0x9B27, 0x940D, 0xB4D0, 0xACAF, 0xACCF, 0xACCF, 0xACAF, 0xACD0, 0xB4D0, 0xBD10,
  0x838B, 0x838B, 0x8BEC, 0x940D, 0xA4D0, 0xBD72, 0xD614, 0xDE56, 0xDE76, 0xD635, 0xD635, 0xD635,
  0xDE35, 0xDE35, 0xD635, 0xDE35, 0xD635, 0xD635, 0xDE35, 0xD635, 0xD635, 0xDE55, 0xDE55, 0xDE55,
  0xDE35, 0xD635, 0xD635, 0xD635, 0xDE35, 0xDE35, 0xDE35, 0xDE35, 0xDE35, 0xD635, 0xD635, 0xDE35,
  0xDE35, 0xDE35, 0xDE35, 0xDE35, 0xDE55, 0xDE35, 0xDE35, 0xDE35, 0xDE35, 0xDE35, 0xDE35, 0xDE35,
  0xDE35, 0xDE35, 0xDE35, 0xDE35, 0xDE35, 0xD635, 0xD635, 0xD635, 0xDE35, 0xDE55, 0xDE55, 0xDE55,
  0xD635, 0xD635, 0xDE55, 0xDE55, 0xDE35, 0xDE35, 0xDE35, 0xDE35, 0xD635, 0xDE76, 0x8BAB, 0xD3C7,
  0xC409, 0x5962, 0x18C3, 0x2104, 0x2104, 0x1904, 0x20C2, 0x9A64, 0xA306, 0x8203, 0x5141, 0x0000,
  0x0020, 0x0020, 0x0020, 0x0020, 0x0020, 0x0020, 0x0020, 0x0020, 0x0020, 0x0020, 0x0020, 0x0020,
  0x0020, 0x0020, 0x0020, 0x0020, 0x0020, 0x0020, 0x0020, 0x0020, 0x0020, 0x0020, 0x0020, 0x0020,
  0x0020, 0x0020, 0x0020, 0x0020, 0x0020, 0x0020, 0x0020, 0x0020, 0x0020, 0x0020, 0x0020, 0x0020,
  0x0020, 0x0020, 0x0020, 0x0020, 0x0020, 0x0020, 0x0020, 0x0020, 0x0020, 0x0020, 0x0020, 0x0020,
  0x0020, 0x0020, 0x0020, 0x0020, 0x0020, 0x0020, 0x0020, 0x0020, 0x0020, 0x0020, 0x0020, 0x0020,
  0x0020, 0x0020, 0x0000, 0x1061, 0xCBC7, 0xBBA7, 0x83AC, 0xB4F0, 0xACAF, 0xACAF, 0xACCF, 0xACD0,
  0xACCF, 0xACD0, 0xB4F0, 0x940D, 0x8BCC, 0xB4F0, 0xACAF, 0xA48E, 0x940D, 0x8BCC, 0x83AC, 0xA48F,
  0xBD73, 0xD635, 0xE676, 0xDE56, 0xDE55, 0xD635, 0xD635, 0xD635, 0xD635, 0xD635, 0xD635, 0xD635,
  0xD635, 0xDE35, 0xDE55, 0xDE55, 0xDE35, 0xDE35, 0xDE55, 0xDE35, 0xDE35, 0xDE35, 0xDE35, 0xDE56,
  0xDE56, 0xDE35, 0xD635, 0xDE35, 0xDE35, 0xDE35, 0xD635, 0xD635, 0xDE35, 0xDE35, 0xDE35, 0xDE55,
  0xDE55, 0xDE35, 0xDE35, 0xDE35, 0xD635, 0xD635, 0xDE35, 0xD635, 0xD635, 0xD635, 0xD615, 0xDE35,
  0xDE55, 0xDE55, 0xDE35, 0xDE55, 0xDE35, 0xD635, 0xD635, 0xDE35, 0xDE35, 0xD635, 0xDE35, 0xD635,
  0xE696, 0x9C6F, 0xA2E5, 0xD449, 0x7A24, 0x20C2, 0x18E4, 0x20E3, 0x2104, 0x10A3, 0x8A44, 0xCBE8,
  0x8244, 0x79C2, 0x0820, 0x0020, 0x0020, 0x0020, 0x0020, 0x0020, 0x0020, 0x0020, 0x0020, 0x0020,
  0x0020, 0x0020, 0x0020, 0x0020, 0x0020, 0x0020, 0x0020, 0x0020, 0x0020, 0x0020, 0x0020, 0x0020,
  0x0020, 0x0020, 0x0020, 0x0020, 0x0020, 0x0020, 0x0021, 0x0020, 0x0020, 0x0020, 0x0020, 0x0020,
  0x0020, 0x0020, 0x0020, 0x0020, 0x0020, 0x0020, 0x0020, 0x0020, 0x0020, 0x0020, 0x0020, 0x0020,
  0x0020, 0x0020, 0x0020, 0x0020, 0x0020, 0x0020, 0x0020, 0x0020, 0x0020, 0x0020, 0x0020, 0x0020,
  0x0020, 0x0020, 0x0020, 0x0020, 0x0020, 0x0020, 0x0000, 0x9285, 0xCBA7, 0x8349, 0xACD0, 0xACAF,
  0xACCF, 0xACAF, 0xACAF, 0xACCF, 0xACCF, 0xACD0, 0xA46E, 0x8BED, 0xB4D0, 0xACAF, 0xACAF, 0xACAF,
  0xB4D0, 0xB4F0, 0xACAF, 0x9C4E, 0x940D, 0x83AC, 0x942E, 0xB532, 0xCDF4, 0xDE76, 0xDE76, 0xDE55,
  0xD635, 0xD615, 0xD635, 0xD635, 0xDE35, 0xD635, 0xD635, 0xDE35, 0xDE35, 0xD635, 0xDE35, 0xDE55,
  0xDE55, 0xDE55, 0xDE55, 0xDE55, 0xDE55, 0xD635, 0xD635, 0xDE55, 0xDE35, 0xDE35, 0xDE55, 0xDE35,
  0xD635, 0xD635, 0xDE55, 0xDE55, 0xDE35, 0xDE35, 0xD635, 0xD635, 0xD635, 0xD635, 0xD635, 0xD635,
  0xD635, 0xD635, 0xD635, 0xD635, 0xDE56, 0xDE55, 0xDE35, 0xDE35, 0xDE35, 0xDE35, 0xD635, 0xDE35,
  0xDE35, 0xDE55, 0xD635, 0xDE76, 0xBD93, 0x7245, 0xAB26, 0x8AA5, 0x30E1, 0x18E4, 0x18E3, 0x2104,
  0x10C3, 0x5983, 0xD3E8, 0x92C6, 0x8A02, 0x2081, 0x0000, 0x0020, 0x0020, 0x0020, 0x0020, 0x0020,
  0x0020, 0x0020, 0x0020, 0x0020, 0x0020, 0x0020, 0x0020, 0x0020, 0x0020, 0x0020, 0x0020, 0x0021,
  0x0020, 0x0020, 0x0020, 0x0020, 0x0020, 0x0020, 0x0020, 0x0020, 0x0020, 0x0020, 0x0020, 0x0020,
  0x0020, 0x0020, 0x0020, 0x0020, 0x0020, 0x0020, 0x0020, 0x0020, 0x0020, 0x0020, 0x0020, 0x0020,
  0x0020, 0x0020, 0x0020, 0x0020, 0x0020, 0x0020, 0x0020, 0x0020, 0x0020, 0x0020, 0x0020, 0x0020,
  0x0020, 0x0020, 0x0020, 0x0020, 0x0020, 0x0020, 0x0020, 0x0020, 0x0020, 0x0000, 0x5227, 0xAB88,
  0x6225, 0x942D, 0xB4F0, 0xB4F0, 0xACD0, 0xACAF, 0xACAF, 0xACAF, 0xACD0, 0xACAF, 0x838C, 0xACCF,
  0xACAF, 0xACCF, 0xACD0, 0xACCF, 0xACCF, 0xACAF, 0xACCF, 0xACCF, 0xB4F0, 0x83AC, 0x838B, 0x8BEC,
  0x8BED, 0x9C4E, 0xB511, 0xCDF4, 0xDE56, 0xE676, 0xDE55, 0xD615, 0xD635, 0xD635, 0xD635, 0xD635,
  0xDE35, 0xDE35, 0xDE55, 0xDE55, 0xDE55, 0xDE55, 0xDE35, 0xDE35, 0xDE35, 0xD635, 0xDE35, 0xDE35,
  0xD635, 0xDE35, 0xDE55, 0xDE55, 0xD635, 0xD635, 0xDE55, 0xDE35, 0xD635, 0xD635, 0xDE35, 0xD635,
  0xD635, 0xD635, 0xD635, 0xD635, 0xDE35, 0xD635, 0xD635, 0xD635, 0xD635, 0xDE55, 0xDE35, 0xDE55,
  0xDE55, 0xDE55, 0xD635, 0xD635, 0xDE35, 0xDE35, 0xDE55, 0xD635, 0x8329, 0xCBA7, 0xA327, 0x30A0,
  0x18E3, 0x1904, 0x2104, 0x18E4, 0x3102, 0xCBA7, 0xA327, 0x8A03, 0x4101, 0x0000, 0x0020, 0x0020,
  0x0020, 0x0020, 0x0020, 0x0020, 0x0020, 0x0020, 0x0020, 0x0020, 0x0020, 0x0020, 0x0020, 0x0021,
  0x0020, 0x0020, 0x0020, 0x0020, 0x0020, 0x0020, 0x0020, 0x0020, 0x0020, 0x0020, 0x0020, 0x0020,
  0x0020, 0x0020, 0x0020, 0x0020, 0x0020, 0x0020, 0x0020, 0x0020, 0x0020, 0x0020, 0x0020, 0x0020,
  0x0020, 0x0020, 0x0020, 0x0021, 0x0020, 0x0020, 0x0020, 0x0020, 0x0020, 0x0020, 0x0020, 0x0020,
  0x0020, 0x0020, 0x0020, 0x0020, 0x0020, 0x0020, 0x0020, 0x0020, 0x0020, 0x0020, 0x0020, 0x0021,
  0x0000, 0x41E6, 0xBD31, 0xACD0, 0x9C4E, 0x83AB, 0x8BAC, 0x9C2E, 0xA46E, 0xB4D0, 0xB4F0, 0xACAF,
  0xB4CF, 0x8BED, 0x9C4E, 0xACCF, 0xACAF, 0xACD0, 0xACD0, 0xACAF, 0xACD0, 0xACCF, 0xACAF, 0xACCF,
  0x940D, 0x9C2E, 0xB4CF, 0xB4D0, 0xACCF, 0xA46E, 0x93EC, 0x8BCC, 0x942E, 0xACF1, 0xCDD4, 0xE697,
  0xE676, 0xDE55, 0xD635, 0xD635, 0xD635, 0xDE35, 0xD635, 0xD635, 0xD635, 0xDE35, 0xDE35, 0xDE35,
  0xD635, 0xD635, 0xD635, 0xDE35, 0xDE55, 0xDE35, 0xD635, 0xDE55, 0xDE55, 0xDE35, 0xDE35, 0xD635,
  0xD635, 0xD635, 0xD635, 0xD635, 0xD635, 0xDE35, 0xD635, 0xD635, 0xDE35, 0xD635, 0xDE35, 0xD635,
  0xD635, 0xDE35, 0xDE35, 0xDE55, 0xDE35, 0xDE35, 0xDE35, 0xD635, 0xD635, 0xD635, 0xE697, 0x940D,
  0xBB66, 0xCC09, 0x69A2, 0x28A1, 0x1904, 0x18E3, 0x2104, 0x18C3, 0xAAE5, 0xBBA8, 0x8223, 0x69A2,
  0x0000, 0x0020, 0x0020, 0x0020, 0x0020, 0x0020, 0x0020, 0x0020, 0x0020, 0x0020, 0x0020, 0x0020,
  0x0020, 0x0020, 0x0020, 0x0020, 0x0020, 0x0020, 0x0020, 0x0020, 0x0020, 0x0020, 0x0020, 0x0020,
  0x0020, 0x0020, 0x0020, 0x0020, 0x0020, 0x0020, 0x0020, 0x0020, 0x0020, 0x0020, 0x0020, 0x0020,
  0x0020, 0x0020, 0x0020, 0x0020, 0x0020, 0x0020, 0x0020, 0x0020, 0x0020, 0x0020, 0x0020, 0x0020,
  0x0020, 0x0020, 0x0020, 0x0020, 0x0020, 0x0020, 0x0020, 0x0020, 0x0020, 0x0020, 0x0020, 0x0020,
  0x0020, 0x0020, 0x0020, 0x0021, 0x0000, 0x5268, 0x838C, 0x940D, 0xACD0, 0xBD31, 0xB4F0, 0x940D,
  0x83AC, 0x8BED, 0x940D, 0xA48E, 0x8BCC, 0x940D, 0xB510, 0xACAF, 0xACAF, 0xACAF, 0xACAF, 0xACCF,
  0xACCF, 0xACD0, 0xACCF, 0x9C4E, 0x8BAC, 0xB4D0, 0xACCF, 0xACD0, 0xACAF, 0xACAF, 0xB4D0, 0xACAF,
  0xA44E, 0x93CC, 0x838B, 0x7B8C, 0xA4D0, 0xC593, 0xD635, 0xDE76, 0xDE56, 0xD635, 0xD5F4, 0xD635,
  0xD635, 0xD635, 0xDE35, 0xDE56, 0xDE35, 0xD635, 0xD635, 0xD635, 0xDE55, 0xD635, 0xD635, 0xDE35,
  0xDE55, 0xDE35, 0xD635, 0xD635, 0xDE35, 0xDE55, 0xD635, 0xDE35, 0xD635, 0xDE35, 0xDE55, 0xD635,
  0xD635, 0xDE35, 0xDE35, 0xD635, 0xD635, 0xDE35, 0xDE35, 0xDE35, 0xDE35, 0xD635, 0xD635, 0xDE35,
  0xD635, 0xE676, 0xACF1, 0xA306, 0xE449, 0x7A65, 0x30C1, 0x4143, 0x1904, 0x2104, 0x08A3, 0x7A23,
  0xD408, 0x8244, 0x81E2, 0x1040, 0x0000, 0x0020, 0x0020, 0x0020, 0x0020, 0x0020, 0x0020, 0x0020,
  0x0020, 0x0020, 0x0020, 0x0020, 0x0020, 0x0020, 0x0020, 0x0020, 0x0020, 0x0020, 0x0020, 0x0020,
  0x0020, 0x0020, 0x0020, 0x0020, 0x0020, 0x0020, 0x0020, 0x0020, 0x0020, 0x0020, 0x0020, 0x0020,
  0x0020, 0x0020, 0x0020, 0x0020, 0x0020, 0x0020, 0x0020, 0x0020, 0x0020, 0x0020, 0x0020, 0x0020,
  0x0020, 0x0020, 0x0020, 0x0020, 0x0020, 0x0020, 0x0020, 0x0020, 0x0020, 0x0020, 0x0020, 0x0020,
  0x0020, 0x0020, 0x0020, 0x0020, 0x0020, 0x0020, 0x0020, 0x0020, 0x0000, 0x41C5, 0x62C9, 0x5A88,
  0x62A9, 0x734B, 0x8BED, 0xACB0, 0xC592, 0x944E, 0x8BAC, 0x940D, 0x732B, 0x93ED, 0xA46E, 0xB4D0,
  0xB4F0, 0xACCF, 0xACAF, 0xACAF, 0xACAF, 0xACAF, 0xACD0, 0x8BCD, 0xACAF, 0xACCF, 0xACCF, 0xACAF,
  0xACCF, 0xACCF, 0xACAF, 0xAC8F, 0xAC8F, 0xB510, 0x8BCC, 0x7B2A, 0x9C2D, 0x8BCC, 0x8BCD, 0xA4B0,
  0xB531, 0xCDD3, 0xDE76, 0xDE56, 0xD635, 0xD615, 0xD635, 0xDE35, 0xDE35, 0xDE55, 0xD635, 0xD635,
  0xDE55, 0xDE55, 0xDE35, 0xD635, 0xD635, 0xDE55, 0xDE55, 0xDE55, 0xD635, 0xDE35, 0xDE35, 0xD635,
  0xDE35, 0xDE55, 0xDE35, 0xD635, 0xD635, 0xDE35, 0xDE35, 0xDE55, 0xDE56, 0xDE55, 0xDE55, 0xDE55,
  0xD635, 0xDE35, 0xD635, 0xD635, 0xDE55, 0xC5D4, 0x8B07, 0xE408, 0xA327, 0x4922, 0x4122, 0x30E1,
  0x2124, 0x18E4, 0x4142, 0xD3C7, 0x92E6, 0x8A02, 0x30C1, 0x0000, 0x0020, 0x0020, 0x0020, 0x0020,
  0x0020, 0x0020, 0x0020, 0x0020, 0x0020, 0x0020, 0x0020, 0x0020, 0x0020, 0x0020, 0x0020, 0x0020,
  0x0020, 0x0020, 0x0020, 0x0020, 0x0020, 0x0020, 0x0020, 0x0020, 0x0020, 0x0020, 0x0020, 0x0020,
  0x0020, 0x0020, 0x0020, 0x0020, 0x0020, 0x0020, 0x0020, 0x0020, 0x0020, 0x0020, 0x0020, 0x0020,
  0x0020, 0x0020, 0x0020, 0x0020, 0x0020, 0x0020, 0x0020, 0x0020, 0x0020, 0x0020, 0x0020, 0x0020,
  0x0020, 0x0020, 0x0020, 0x0020, 0x0020, 0x0020, 0x0020, 0x0020, 0x0020, 0x0020, 0x0020, 0x0000,
  0x69E3, 0x59A3, 0x2103, 0x41C6, 0x5247, 0x5A67, 0x5A88, 0x6AE9, 0x6B0A, 0x7BAC, 0xACD0, 0xB510,
  0xB531, 0x9C4E, 0x8BCC, 0x8BED, 0x942D, 0xA46E, 0xACAF, 0xB4F0, 0xACAF, 0xACAF, 0x8BCD, 0xACAF,
  0xACD0, 0xACAF, 0xACAF, 0xACAF, 0xACAF, 0xACD0, 0xACAF, 0xACAF, 0xACAF, 0x940D, 0x8BCC, 0xB4D0,
  0xACAF, 0xB4F0, 0xAC8F, 0x9C2D, 0x8BCC, 0x83CC, 0x9C4E, 0xB531, 0xD635, 0xE696, 0xDE55, 0xD635,
  0xD635, 0xD635, 0xD635, 0xD635, 0xDE56, 0xDE56, 0xD635, 0xD635, 0xDE55, 0xDE35, 0xDE35, 0xDE55,
  0xD635, 0xD635, 0xD635, 0xD635, 0xD635, 0xDE55, 0xDE35, 0xD635, 0xD635, 0xD635, 0xDE35, 0xDE55,
  0xDE56, 0xDE56, 0xDE55, 0xDE35, 0xD635, 0xDE35, 0xDE35, 0xD635, 0xDE56, 0x8B8B, 0xD3C7, 0xBBC8,
  0x5962, 0x18E3, 0x3922, 0x4102, 0x1904, 0x20C2, 0xBB66, 0xAB67, 0x8203, 0x5141, 0x0000, 0x0020,
  0x0020, 0x0020, 0x0020, 0x0020, 0x0020, 0x0020, 0x0020, 0x0020, 0x0020, 0x0020, 0x0020, 0x0020,
  0x0020, 0x0020, 0x0020, 0x0020, 0x0020, 0x0020, 0x0020, 0x0020, 0x0020, 0x0020, 0x0020, 0x0020,
  0x0020, 0x0020, 0x0020, 0x0020, 0x0020, 0x0020, 0x0020, 0x0020, 0x0020, 0x0020, 0x0020, 0x0020,
  0x0020, 0x0020, 0x0020, 0x0020, 0x0020, 0x0020, 0x0020, 0x0020, 0x0020, 0x0021, 0x0020, 0x0020,
  0x0020, 0x0020, 0x0020, 0x0020, 0x0020, 0x0020, 0x0020, 0x0020, 0x0020, 0x0020, 0x0020, 0x0020,
  0x0020, 0x0021, 0x0000, 0x3922, 0xC387, 0x3165, 0x2145, 0x18E4, 0x18E3, 0x2944, 0x41E6, 0x5247,
  0x4A06, 0x5A88, 0x6AC9, 0x6AEA, 0x8BED, 0xACF0, 0xBD31, 0xACD0, 0x942D, 0x8BCC, 0x8BCC, 0x940D,
  0xA46E, 0x8BCC, 0x940D, 0xB4D0, 0xACAF, 0xACAF, 0xACAF, 0xACAF, 0xACAF, 0xACAF, 0xACAF, 0xACD0,
  0xACAF, 0x7B8B, 0xACAF, 0xACCF, 0xACAF, 0xACAF, 0xACAF, 0xACAF, 0xB4D0, 0xACAF, 0x9C2D, 0x8BCC,
  0x83CC, 0x940E, 0xBD52, 0xD635, 0xDE76, 0xDE76, 0xDE35, 0xD635, 0xDE35, 0xDE35, 0xDE35, 0xDE35,
  0xDE35, 0xD635, 0xD635, 0xD635, 0xD635, 0xD635, 0xD635, 0xDE35, 0xD635, 0xD635, 0xDE35, 0xDE35,
  0xD635, 0xD635, 0xDE55, 0xDE35, 0xDE55, 0xDE55, 0xD635, 0xDE35, 0xDE35, 0xD635, 0xD615, 0xE697,
  0x944E, 0xB325, 0xDC49, 0x7203, 0x20C2, 0x1904, 0x2903, 0x4943, 0x10C3, 0x9264, 0xCBE8, 0x8223,
  0x71A2, 0x0020, 0x0020, 0x0020, 0x0020, 0x0020, 0x0020, 0x0020, 0x0020, 0x0020, 0x0020, 0x0020,
  0x0020, 0x0020, 0x0020, 0x0020, 0x0020, 0x0020, 0x0020, 0x0020, 0x0020, 0x0020, 0x0020, 0x0020,
  0x0020, 0x0020, 0x0020, 0x0020, 0x0020, 0x0020, 0x0020, 0x0020, 0x0020, 0x0020, 0x0020, 0x0020,
  0x0020, 0x0020, 0x0020, 0x0020, 0x0020, 0x0020, 0x0020, 0x0020, 0x0020, 0x0020, 0x0020, 0x0020,
  0x0020, 0x0020, 0x0020, 0x0020, 0x0020, 0x0020, 0x0020, 0x0020, 0x0020, 0x0020, 0x0020, 0x0020,
  0x0020, 0x0020, 0x0020, 0x0020, 0x0020, 0x0000, 0x1081, 0xC3A7, 0x49A4, 0x2146, 0x3186, 0x2986,
  0x2966, 0x2945, 0x2104, 0x18E3, 0x2924, 0x3985, 0x5227, 0x5A68, 0x5A68, 0x62A8, 0x6B0A, 0x8BED,
  0xACD0, 0xB511, 0xB511, 0x9C4E, 0x838B, 0x6AE9, 0x8BEC, 0x9C4E, 0xACAF, 0xACCF, 0xACCF, 0xACCF,
  0xACAF, 0xACAF, 0xACAF, 0xACCF, 0x83AC, 0xA46E, 0xACAF, 0xACAF, 0xACD0, 0xACAF, 0xACAF, 0xACAF,
  0xAC8F, 0xACAF, 0xB4D0, 0xB4F0, 0x7B4A, 0x838B, 0x8BCC, 0x83AC, 0x942E, 0xB531, 0xD615, 0xDE76,
  0xE696, 0xDE56, 0xD615, 0xD615, 0xD635, 0xD635, 0xD635, 0xD635, 0xD635, 0xD635, 0xD635, 0xD635,
  0xDE35, 0xD635, 0xD635, 0xD635, 0xDE35, 0xD635, 0xD635, 0xD635, 0xDE35, 0xDE35, 0xDE35, 0xDE35,
  0xD635, 0xD635, 0xE676, 0xB552, 0x9B07, 0xE469, 0x92C5, 0x30C1, 0x18E4, 0x1904, 0x2903, 0x28A1,
  0x61A3, 0xD408, 0x8A85, 0x81E2, 0x1881, 0x0000, 0x0020, 0x0020, 0x0020, 0x0020, 0x0020, 0x0020,
  0x0020, 0x0020, 0x0020, 0x0020, 0x0020, 0x0020, 0x0020, 0x0020, 0x0020, 0x0020, 0x0020, 0x0020,
  0x0020, 0x0020, 0x0020, 0x0020, 0x0020, 0x0020, 0x0020, 0x0020, 0x0020, 0x0020, 0x0020, 0x0021,
  0x0020, 0x0020, 0x0020, 0x0020, 0x0020, 0x0020, 0x0020, 0x0020, 0x0020, 0x0020, 0x0020, 0x0020,
  0x0020, 0x0020, 0x0020, 0x0020, 0x0020, 0x0020, 0x0020, 0x0020, 0x0020, 0x0020, 0x0020, 0x0020,
  0x0020, 0x0020, 0x0020, 0x0020, 0x0020, 0x0020, 0x0020, 0x0020, 0x0020, 0x0000, 0xA326, 0x82A6,
  0x1946, 0x3186, 0x2965, 0x2966, 0x2966, 0x2966, 0x2986, 0x2986, 0x2945, 0x1904, 0x18E3, 0x2924,
  0x39A5, 0x4A06, 0x5A67, 0x5A68, 0x5A88, 0x6B0A, 0x8BCD, 0x9C6F, 0x942E, 0xB4F0, 0x9C4E, 0x8BED,
  0x838B, 0x93ED, 0xA48E, 0xB4D0, 0xB4F0, 0xB4CF, 0xB4F0, 0x8BEC, 0x9C2E, 0xB4CF, 0xA48F, 0xACAF,
  0xACAF, 0xACAF, 0xACAF, 0xACAF, 0xACAF, 0xACAF, 0xACD0, 0x8BED, 0x940E, 0xACCF, 0xACAF, 0xAC8F,
  0x9C4E, 0x8BCC, 0x8BCC, 0x942E, 0xB511, 0xCDF4, 0xE676, 0xDE76, 0xDE55, 0xD615, 0xD615, 0xD635,
  0xD635, 0xDE35, 0xD635, 0xD635, 0xD635, 0xD635, 0xD615, 0xD635, 0xD635, 0xD635, 0xD635, 0xDE55,
  0xDE55, 0xDE55, 0xD635, 0xD635, 0xDE35, 0xDE55, 0xCE35, 0x8308, 0xDBE7, 0xB388, 0x4921, 0x18E3,
  0x2104, 0x1904, 0x18E3, 0x4901, 0xCB87, 0x9B06, 0x8A02, 0x4101, 0x0000, 0x0020, 0x0020, 0x0020,
  0x0020, 0x0020, 0x0020, 0x0020, 0x0020, 0x0020, 0x0020, 0x0020, 0x0020, 0x0020, 0x0020, 0x0020,
  0x0020, 0x0020, 0x0020, 0x0020, 0x0020, 0x0020, 0x0020, 0x0020, 0x0020, 0x0020, 0x0020, 0x0020,
  0x0020, 0x0020, 0x0020, 0x0020, 0x0020, 0x0020, 0x0020, 0x0020, 0x0020, 0x0020, 0x0020, 0x0020,
  0x0020, 0x0020, 0x0020, 0x0020, 0x0020, 0x0020, 0x0020, 0x0020, 0x0020, 0x0020, 0x0020, 0x0020,
  0x0020, 0x0020, 0x0020, 0x0020, 0x0020, 0x0020, 0x0020, 0x0020, 0x0020, 0x0020, 0x0020, 0x0821,
  0x0000, 0x6A45, 0x9AE6, 0x1904, 0x3186, 0x2986, 0x2986, 0x2986, 0x2966, 0x2966, 0x2966, 0x2966,
  0x2966, 0x2986, 0x2966, 0x2145, 0x2104, 0x18E3, 0x2924, 0x3985, 0x4A06, 0x5247, 0x5A67, 0x5227,
  0x6B0A, 0x8BED, 0xACD0, 0xB510, 0xACCF, 0x9C4E, 0x8BED, 0x8BCC, 0x942E, 0xAC8F, 0x9C4E, 0x8BAC,
  0xB4F0, 0xACAF, 0xACAF, 0xACAF, 0xACAF, 0xACAF, 0xACAF, 0xACAF, 0xACAF, 0xACD0, 0x9C2D, 0x8BCC,
  0xB4F0, 0xAC8F, 0xAC8F, 0xACAF, 0xACD0, 0xB4CF, 0xACAF, 0x9C4E, 0x8BCC, 0x83AC, 0x83AC, 0xACF1,
  0xCDF4, 0xDE56, 0xDE76, 0xDE55, 0xD635, 0xD615, 0xD635, 0xD635, 0xD635, 0xD614, 0xD635, 0xD635,
  0xD635, 0xD635, 0xD635, 0xDE55, 0xDE56, 0xDE55, 0xD635, 0xDE55, 0xC5D4, 0xD656, 0x93EC, 0xCBA7,
  0xCC29, 0x61A3, 0x18C2, 0x1904, 0x18E3, 0x1904, 0x1082, 0xAB05, 0xB3A8, 0x8203, 0x6162, 0x0000,
  0x0020, 0x0020, 0x0020, 0x0020, 0x0020, 0x0020, 0x0020, 0x0020, 0x0020, 0x0020, 0x0020, 0x0020,
  0x0020, 0x0020, 0x0020, 0x0020, 0x0020, 0x0020, 0x0020, 0x0020, 0x0020, 0x0020, 0x0020, 0x0020,
  0x0020, 0x0020, 0x0020, 0x0020, 0x0020, 0x0020, 0x0020, 0x0020, 0x0020, 0x0020, 0x0020, 0x0020,
  0x0020, 0x0020, 0x0020, 0x0020, 0x0020, 0x0020, 0x0020, 0x0020, 0x0020, 0x0020, 0x0020, 0x0020,
  0x0020, 0x0020, 0x0020, 0x0020, 0x0020, 0x0020, 0x0020, 0x0020, 0x0020, 0x0020, 0x0020, 0x0020,
  0x0020, 0x0020, 0x0021, 0x0000, 0x3963, 0xC3A8, 0x3165, 0x31A6, 0x3186, 0x2965, 0x2965, 0x2965,
  0x2966, 0x2986, 0x2986, 0x2966, 0x2965, 0x2965, 0x2965, 0x2966, 0x2986, 0x2986, 0x2145, 0x1904,
  0x18E3, 0x2104, 0x39A5, 0x4A06, 0x5247, 0x5A88, 0x5A68, 0x6AE9, 0x83CC, 0xACB0, 0xB511, 0xACD0,
  0x9C4E, 0x83AC, 0x6B0A, 0x8BCC, 0xA46E, 0xACAF, 0xACCF, 0xACCF, 0xACAF, 0xACAF, 0xACAF, 0xAC8F,
  0xACAF, 0xA48F, 0x8BCD, 0xACCF, 0xAC8F, 0xACAF, 0xACAF, 0xACAF, 0xACAF, 0xACAF, 0xACAF, 0xACAF,
  0xB4CF, 0x9C0D, 0x6AE9, 0x8BCC, 0x83AC, 0x942E, 0xACF0, 0xCDD4, 0xDE56, 0xDE76, 0xDE55, 0xD635,
  0xD614, 0xD614, 0xD635, 0xD635, 0xD635, 0xD635, 0xD635, 0xD635, 0xD635, 0xD635, 0xE676, 0xAD32,
  0x8B48, 0x8B69, 0x8AA5, 0xCC09, 0x7A65, 0x28C1, 0x18E4, 0x18E3, 0x2104, 0x10A3, 0x8224, 0xCBE8,
  0x7A24, 0x79E2, 0x0840, 0x0020, 0x0020, 0x0020, 0x0020, 0x0020, 0x0020, 0x0020, 0x0020, 0x0020,
  0x0020, 0x0020, 0x0020, 0x0020, 0x0020, 0x0020, 0x0020, 0x0020, 0x0020, 0x0020, 0x0020, 0x0020,
  0x0020, 0x0020, 0x0020, 0x0020, 0x0020, 0x0020, 0x0020, 0x0020, 0x0020, 0x0020, 0x0020, 0x0020,
  0x0020, 0x0020, 0x0020, 0x0020, 0x0020, 0x0020, 0x0020, 0x0020, 0x0020, 0x0020, 0x0020, 0x0020,
  0x0020, 0x0020, 0x0020, 0x0020, 0x0020, 0x0020, 0x0020, 0x0020, 0x0020, 0x0020, 0x0020, 0x0020,
  0x0020, 0x0020, 0x0020, 0x0020, 0x0020, 0x0021, 0x0000, 0x18A1, 0xBBA7, 0x4185, 0x2187, 0x7A65,
  0x59E5, 0x3A07, 0x41E7, 0x31A6, 0x2965, 0x2945, 0x2945, 0x2966, 0x2966, 0x2965, 0x2966, 0x2966,
  0x2966, 0x2966, 0x2986, 0x2986, 0x2986, 0x2145, 0x2104, 0x18E3, 0x2103, 0x3985, 0x49E6, 0x5247,
  0x5A68, 0x62A9, 0x6AEA, 0x83AC, 0xA46E, 0x944F, 0xB531, 0x9C4E, 0x8BCC, 0x83AC, 0x93ED, 0xA46E,
  0xACAF, 0xB4D0, 0xACCF, 0xACAF, 0xACAF, 0x83AC, 0xA48F, 0xACAF, 0xAC8F, 0xAC8F, 0xACAF, 0xACAF,
  0xACAF, 0xACAF, 0xACAF, 0xACAF, 0xA46E, 0x7B6B, 0xACAF, 0xB4D0, 0xAC8F, 0x9C4D, 0x8BCC, 0x83AC,
  0x8BED, 0xACF0, 0xCDD4, 0xD614, 0xDE35, 0xDE56, 0xD615, 0xD635, 0xD635, 0xD635, 0xD635, 0xD635,
  0xD615, 0xDE55, 0xC5D4, 0x938A, 0xDBC7, 0xDBC7, 0xCB87, 0xAB88, 0x3922, 0x10C3, 0x18E3, 0x20E4,
  0x10C3, 0x4122, 0xCBA7, 0x92C6, 0x81E2, 0x20A1, 0x0000, 0x0020, 0x0020, 0x0020, 0x0020, 0x0020,
  0x0020, 0x0020, 0x0020, 0x0020, 0x0020, 0x0020, 0x0020, 0x0020, 0x0020, 0x0020, 0x0020, 0x0020,
  0x0020, 0x0020, 0x0020, 0x0020, 0x0020, 0x0020, 0x0020, 0x0020, 0x0020, 0x0020, 0x0020, 0x0020,
  0x0020, 0x0020, 0x0020, 0x0020, 0x0020, 0x0020, 0x0020, 0x0020, 0x0020, 0x0020, 0x0020, 0x0020,
  0x0020, 0x0020, 0x0020, 0x0020, 0x0020, 0x0020, 0x0020, 0x0020, 0x0020, 0x0020, 0x0020, 0x0020,
  0x0020, 0x0020, 0x0020, 0x0020, 0x0020, 0x0020, 0x0020, 0x0020, 0x0020, 0x0021, 0x0000, 0x8B48,
  0xD429, 0x6A25, 0x41C5, 0x3123, 0x3165, 0x3A08, 0x4208, 0x4228, 0x4207, 0x39E7, 0x31A6, 0x2965,
  0x2945, 0x2965, 0x2966, 0x2986, 0x2966, 0x2966, 0x2966, 0x2966, 0x2966, 0x2966, 0x2966, 0x2966,
  0x2145, 0x2104, 0x18E3, 0x2124, 0x39A5, 0x4A06, 0x5247, 0x5A88, 0x5A68, 0x62C9, 0x83CC, 0x9C2D,
  0xACF0, 0xACD0, 0xA46F, 0x8BED, 0x83AC, 0x8BEC, 0x9C4E, 0xB4F0, 0x93EC, 0x93ED, 0xACCF, 0xA48F,
  0xACAF, 0xACAF, 0xACAF, 0xACAF, 0xAC8F, 0xACAF, 0xACAF, 0xB4D0, 0x8BCC, 0x9C4E, 0xACCF, 0xAC8F,
  0xAC8F, 0xACAF, 0xACCF, 0xACAF, 0xA46E, 0x940D, 0x8BCC, 0x83AC, 0xA4AF, 0xCDD4, 0xDE55, 0xDE76,
  0xDE55, 0xD635, 0xD635, 0xD635, 0xD615, 0xDE76, 0x8BCD, 0xB3C9, 0xDC49, 0xD3E8, 0xDC28, 0xAB67,
  0x3902, 0x1904, 0x2103, 0x18E4, 0x3102, 0xAAE5, 0x8AA5, 0x8A23, 0x4921, 0x0000, 0x0020, 0x0020,
  0x0020, 0x0020, 0x0020, 0x0020, 0x0020, 0x0020, 0x0020, 0x0020, 0x0020, 0x0020, 0x0020, 0x0020,
  0x0020, 0x0020, 0x0020, 0x0020, 0x0020, 0x0020, 0x0020, 0x0020, 0x0020, 0x0020, 0x0020, 0x0020,
  0x0020, 0x0020, 0x0020, 0x0020, 0x0020, 0x0020, 0x0020, 0x0020, 0x0020, 0x0020, 0x0020, 0x0020,
  0x0020, 0x0020, 0x0020, 0x0020, 0x0020, 0x0020, 0x0020, 0x0020, 0x0020, 0x0020, 0x0020, 0x0020,
  0x0020, 0x0020, 0x0020, 0x0020, 0x0020, 0x0020, 0x0020, 0x0020, 0x0020, 0x0020, 0x0020, 0x0020,
  0x0020, 0x0020, 0x0020, 0x8223, 0x92C5, 0xB387, 0xBBC8, 0xA368, 0x7A86, 0x5206, 0x31A6, 0x31C7,
  0x3A08, 0x4228, 0x4A28, 0x4207, 0x4207, 0x39C7, 0x3186, 0x2965, 0x2945, 0x2966, 0x2986, 0x2986,
  0x2966, 0x2965, 0x2965, 0x2965, 0x2966, 0x2986, 0x2986, 0x2965, 0x2124, 0x18E3, 0x2103, 0x39A5,
  0x49E6, 0x49E6, 0x5A67, 0x5A88, 0x732A, 0x8BCD, 0xA48F, 0xB4F0, 0xACF0, 0xA46F, 0x940D, 0x7B4A,
  0x730A, 0x9C4E, 0xAC8F, 0xB4D0, 0xACCF, 0xACAF, 0xACAF, 0xACAF, 0xAC8F, 0xACAF, 0xACAF, 0x940D,
  0x93ED, 0xACCF, 0xA48F, 0xACAF, 0xACAF, 0xACAF, 0xACAF, 0xACAF, 0xACCF, 0xB4CF, 0xACAF, 0xA48E,
  0x6AC9, 0x7B6B, 0x8BCD, 0xA4D0, 0xC5B3, 0xDE55, 0xDE76, 0xDE35, 0xD615, 0xD635, 0x8B6A, 0x9263,
  0x9AE6, 0xAB68, 0x9B68, 0x71C2, 0x30E2, 0x18E3, 0x2104, 0x10A2, 0xA2C5, 0xCBE8, 0x8243, 0x6982,
  0x0000, 0x0020, 0x0020, 0x0020, 0x0020, 0x0020, 0x0020, 0x0020, 0x0020, 0x0020, 0x0020, 0x0020,
  0x0020, 0x0020, 0x0020, 0x0020, 0x0020, 0x0020, 0x0020, 0x0020, 0x0020, 0x0020, 0x0020, 0x0020,
  0x0020, 0x0020, 0x0020, 0x0020, 0x0020, 0x0020, 0x0020, 0x0020, 0x0020, 0x0020, 0x0020, 0x0020,
  0x0020, 0x0020, 0x0020, 0x0020, 0x0020, 0x0020, 0x0020, 0x0020, 0x0020, 0x0020, 0x0020, 0x0020,
  0x0020, 0x0020, 0x0020, 0x0020, 0x0020, 0x0020, 0x0020, 0x0020, 0x0020, 0x0020, 0x0020, 0x0020,
  0x0020, 0x0020, 0x0020, 0x0020, 0x0020, 0x0020, 0x0020, 0x71C2, 0x8A02, 0x8203, 0x8A44, 0x9AE6,
  0xBBA8, 0xC409, 0xAB88, 0x7A86, 0x49E6, 0x31A6, 0x31C7, 0x4208, 0x4A28, 0x4A28, 0x4207, 0x39C7,
  0x3186, 0x3186, 0x2965, 0x2965, 0x2966, 0x2986, 0x2966, 0x2965, 0x2965, 0x2965, 0x2966, 0x2966,
  0x2986, 0x2986, 0x2945, 0x2124, 0x18E3, 0x20E3, 0x3985, 0x4A06, 0x5A67, 0x5A68, 0x5A88, 0x6AE9,
  0x83AC, 0xA48F, 0xACB0, 0x940E, 0xA46F, 0x8BED, 0x83AC, 0x8BEC, 0xA46E, 0xACCF, 0xB4D0, 0xACCF,
  0xAC8F, 0xACAF, 0x9C4E, 0x8BCC, 0xACAF, 0xAC8F, 0xACAF, 0xACAF, 0xACAF, 0xACAF, 0xACAF, 0xACAF,
  0xACAF, 0xA48F, 0xACCF, 0x8BCC, 0x8BEC, 0xACAF, 0x9C2D, 0x8BCC, 0x8BCC, 0x8BED, 0xA4D0, 0xC5B3,
  0xD615, 0xDE97, 0x93AB, 0x9A63, 0x9A64, 0x9264, 0x8203, 0x79C2, 0x3102, 0x18E4, 0x10A3, 0x69C3,
  0xD3E8, 0x8A85, 0x81E2, 0x1060, 0x0000, 0x0020, 0x0020, 0x0020, 0x0020, 0x0020, 0x0020, 0x0020,
  0x0020, 0x0020, 0x0020, 0x0020, 0x0020, 0x0020, 0x0020, 0x0020, 0x0020, 0x0020, 0x0020, 0x0020,
  0x0020, 0x0020, 0x0020, 0x0020, 0x0020, 0x0020, 0x0020, 0x0020, 0x0020, 0x0020, 0x0020, 0x0020,
  0x0020, 0x0020, 0x0020, 0x0020, 0x0020, 0x0020, 0x0020, 0x0020, 0x0020, 0x0020, 0x0020, 0x0020,
  0x0020, 0x0020, 0x0020, 0x0020, 0x0020, 0x0020, 0x0020, 0x0020, 0x0020, 0x0020, 0x0020, 0x0020,
  0x0020, 0x0020, 0x0020, 0x0020, 0x0020, 0x0020, 0x0020, 0x0020, 0x0020, 0x0020, 0x0000, 0x6182,
  0x9243, 0x8A43, 0x7A03, 0x71C2, 0x79E2, 0x8244, 0x9AE6, 0xB387, 0xC3E8, 0xAB68, 0x7AA6, 0x5206,
  0x39C6, 0x31C7, 0x31C7, 0x7A65, 0x6A25, 0x3A08, 0x39C7, 0x31A6, 0x2986, 0x2965, 0x2945, 0x2966,
  0x2986, 0x2986, 0x2966, 0x2965, 0x2966, 0x2966, 0x2986, 0x2986, 0x2986, 0x2965, 0x2124, 0x18E3,
  0x2104, 0x3185, 0x4A06, 0x5247, 0x5A68, 0x5A68, 0x5247, 0x83AC, 0xA4AF, 0xBD31, 0xB4F0, 0x9C4E,
  0x8BCC, 0x83AC, 0x940D, 0x9C4E, 0xA48E, 0xB4D0, 0x8BCC, 0xACAF, 0xACAF, 0xAC8F, 0xACAF, 0xACAF,
  0xACAF, 0xACAF, 0xACAF, 0xACAF, 0xACAF, 0xACAF, 0x9C2D, 0x8BCD, 0xACCF, 0xA48F, 0xACAF, 0xACCF,
  0xACCF, 0xA46E, 0x940D, 0x838B, 0x8BCC, 0xACF1, 0x7B09, 0x9242, 0x9A84, 0xA2C5, 0x8A43, 0x79E2,
  0x3902, 0x10C4, 0x4142, 0xD3C7, 0x9AE6, 0x81E2, 0x30E1, 0x0000, 0x0020, 0x0020, 0x0020, 0x0020,
  0x0020, 0x0020, 0x0020, 0x0020, 0x0020, 0x0020, 0x0020, 0x0020, 0x0020, 0x0020, 0x0020, 0x0020,
  0x0020, 0x0020, 0x0020, 0x0020, 0x0020, 0x0020, 0x0020, 0x0020, 0x0020, 0x0020, 0x0020, 0x0020,
  0x0020, 0x0020, 0x0020, 0x0020, 0x0020, 0x0020, 0x0020, 0x0020, 0x0020, 0x0020, 0x0020, 0x0020,
  0x0020, 0x0020, 0x0020, 0x0020, 0x0020, 0x0020, 0x0020, 0x0020, 0x0020, 0x0020, 0x0020, 0x0020,
  0x0020, 0x0020, 0x0020, 0x0020, 0x0020, 0x0020, 0x0020, 0x0020, 0x0020, 0x0020, 0x0020, 0x0020,
  0x0020, 0x0020, 0x0020, 0x0820, 0x2081, 0x4921, 0x71C2, 0x79E2, 0x9263, 0x9223, 0x8A03, 0x81E3,
  0x8A44, 0xA306, 0xBBA8, 0xC3E9, 0xAB67, 0x7A86, 0x49E6, 0x4164, 0x3165, 0x31E7, 0x4207, 0x4208,
  0x4208, 0x39E7, 0x3186, 0x2965, 0x2965, 0x2965, 0x2966, 0x2986, 0x2986, 0x2966, 0x2966, 0x2966,
  0x2966, 0x2966, 0x2966, 0x2966, 0x2965, 0x2124, 0x18E3, 0x2103, 0x3165, 0x4A06, 0x4A06, 0x6288,
  0x5A88, 0x62C9, 0x83AC, 0xA48F, 0xB4F0, 0xACD0, 0x9C6E, 0x8BCC, 0x8BAC, 0x7B4A, 0x8BAC, 0xAC8F,
  0xACCF, 0xACAF, 0xACAF, 0xAC8F, 0xACAF, 0xACAF, 0xACAF, 0xACAF, 0xACAF, 0xA48F, 0x83AC, 0xACAF,
  0xAC8F, 0xACAF, 0xACAF, 0xACAF, 0xACAF, 0xACAF, 0xACAF, 0xAC8F, 0xA46E, 0x8BAC, 0x49A5, 0x69C3,
  0x8203, 0x9A84, 0x8A43, 0x81E2, 0x3102, 0x18A2, 0xB326, 0xB388, 0x8203, 0x5962, 0x0000, 0x0020,
  0x0020, 0x0020, 0x0020, 0x0020, 0x0020, 0x0020, 0x0020, 0x0020, 0x0020, 0x0020, 0x0020, 0x0020,
  0x0020, 0x0020, 0x0020, 0x0020, 0x0020, 0x0020, 0x0020, 0x0020, 0x0020, 0x0020, 0x0020, 0x0020,
  0x0020, 0x0020, 0x0020, 0x0020, 0x0020, 0x0020, 0x0020, 0x0020, 0x0020, 0x0020, 0x0020, 0x0020,
  0x0020, 0x0020, 0x0020, 0x0020, 0x0020, 0x0020, 0x0020, 0x0020, 0x0020, 0x0020, 0x0020, 0x0020,
  0x0020, 0x0020, 0x0020, 0x0020, 0x0020, 0x0020, 0x0020, 0x0020, 0x0020, 0x0020, 0x0020, 0x0020,
  0x0020, 0x0020, 0x0020, 0x0020, 0x0020, 0x0020, 0x0020, 0x0020, 0x0000, 0x0000, 0x0820, 0x28A1,
  0x5142, 0x71C2, 0x8A43, 0x9A63, 0x9243, 0x8A03, 0x8203, 0x8223, 0x9AC5, 0xBBA8, 0xC409, 0xA367,
  0x7266, 0x51E6, 0x31A6, 0x31A7, 0x39E7, 0x4208, 0x4208, 0x4208, 0x4207, 0x31A6, 0x2985, 0x2965,
  0x2965, 0x2966, 0x2966, 0x2986, 0x2966, 0x2965, 0x2965, 0x2965, 0x2986, 0x2986, 0x2986, 0x2965,
  0x2124, 0x18E4, 0x2104, 0x3164, 0x41E6, 0x5247, 0x5A67, 0x5A88, 0x6AEA, 0x83CD, 0x9C6F, 0xB511,
  0x9C8F, 0x8C0D, 0x8BED, 0x83AC, 0x940D, 0x9C4E, 0xACAF, 0xACAF, 0xACAF, 0xACAF, 0xACAF, 0xACAF,
  0xACD0, 0x838B, 0xA46F, 0xACAF, 0xACAF, 0xACAF, 0xACAF, 0xACAF, 0xACAF, 0xACAF, 0xACAF, 0xA46E,
  0xACAF, 0x83AC, 0x942E, 0x942D, 0x7309, 0x6A46, 0x59A3, 0x6981, 0x2060, 0x8224, 0xC3A8, 0x8224,
  0x79C2, 0x0820, 0x0020, 0x0020, 0x0020, 0x0020, 0x0020, 0x0020, 0x0020, 0x0020, 0x0020, 0x0020,
  0x0020, 0x0020, 0x0020, 0x0020, 0x0020, 0x0020, 0x0020, 0x0020, 0x0020, 0x0020, 0x0020, 0x0020,
  0x0020, 0x0020, 0x0020, 0x0020, 0x0020, 0x0020, 0x0020, 0x0020, 0x0020, 0x0020, 0x0020, 0x0020,
  0x0020, 0x0020, 0x0020, 0x0020, 0x0020, 0x0020, 0x0020, 0x0020, 0x0020, 0x0020, 0x0020, 0x0020,
  0x0020, 0x0020, 0x0020, 0x0020, 0x0020, 0x0020, 0x0020, 0x0020, 0x0020, 0x0020, 0x0020, 0x0020,
  0x0020, 0x0020, 0x0020, 0x0020, 0x0020, 0x0020, 0x0020, 0x0020, 0x0020, 0x0020, 0x0020, 0x0020,
  0x0020, 0x0021, 0x0020, 0x0000, 0x0000, 0x0020, 0x2081, 0x4921, 0x79E2, 0x9243, 0x9263, 0x9243,
  0x8A23, 0x8203, 0x8A64, 0x9AE5, 0xB3A8, 0xC429, 0xAB88, 0x7A86, 0x49E6, 0x31A6, 0x31C7, 0x39E7,
  0x4208, 0x4208, 0x4208, 0x4208, 0x2986, 0x3186, 0x2965, 0x2965, 0x2966, 0x2966, 0x2966, 0x2966,
  0x2966, 0x2965, 0x2966, 0x2966, 0x2986, 0x2986, 0x2965, 0x2104, 0x18E3, 0x2103, 0x3185, 0x4A06,
  0x5A68, 0x5A68, 0x5A88, 0x6B2A, 0x732B, 0xA4AF, 0xB511, 0xB4F0, 0x9C6E, 0x8BED, 0x8BCC, 0x93ED,
  0x9C4E, 0xAC8F, 0xACAF, 0xB4F0, 0x940D, 0x8BED, 0xACCF, 0xACAF, 0xACAF, 0xACAF, 0xAC8F, 0xACAF,
  0xACAF, 0xACAF, 0xACAF, 0xACCF, 0x8BCC, 0x93ED, 0xB4F0, 0xACCF, 0xB4CF, 0xA48F, 0x9C4E, 0x6AC8,
  0x8223, 0xB306, 0x8A85, 0x81E2, 0x2081, 0x0000, 0x0020, 0x0020, 0x0020, 0x0020, 0x0020, 0x0020,
  0x0020, 0x0020, 0x0020, 0x0020, 0x0020, 0x0020, 0x0020, 0x0020, 0x0020, 0x0020, 0x0020, 0x0020,
  0x0020, 0x0020, 0x0020, 0x0020, 0x0020, 0x0020, 0x0020, 0x0020, 0x0020, 0x0020, 0x0020, 0x0020,
  0x0020, 0x0020, 0x0020, 0x0020, 0x0020, 0x0020, 0x0020, 0x0020, 0x0020, 0x0020, 0x0020, 0x0020,
  0x0020, 0x0020, 0x0020, 0x0020, 0x0020, 0x0020, 0x0020, 0x0020, 0x0020, 0x0020, 0x0020, 0x0020,
  0x0020, 0x0020, 0x0020, 0x0020, 0x0020, 0x0020, 0x0020, 0x0020, 0x0020, 0x0020, 0x0020, 0x0020,
  0x0020, 0x0020, 0x0020, 0x0020, 0x0020, 0x0020, 0x0020, 0x0020, 0x0020, 0x0020, 0x0000, 0x0000,
  0x0020, 0x2081, 0x4921, 0x71E3, 0x9243, 0x9243, 0x7A23, 0x71C2, 0x81E3, 0x8223, 0x92C5, 0xB3A8,
  0xC3E9, 0xA347, 0x7AA6, 0x49E6, 0x31A6, 0x31C7, 0x31C7, 0x5A26, 0x8285, 0x39C7, 0x4207, 0x31A6,
  0x2965, 0x2965, 0x2945, 0x2966, 0x2966, 0x2966, 0x2966, 0x2966, 0x2965, 0x2966, 0x2966, 0x2986,
  0x2986, 0x2965, 0x2124, 0x18E4, 0x2103, 0x3185, 0x4A06, 0x5247, 0x4A06, 0x5AA8, 0x6AE9, 0x83AC,
  0xA48F, 0xB511, 0xB511, 0x9C6E, 0x83AC, 0x7B6B, 0x940D, 0x8BEC, 0x838B, 0xBD11, 0xACD0, 0xACAF,
  0xAC8F, 0xACAF, 0xACAF, 0xACAF, 0xACAF, 0xACAF, 0xACAF, 0xA46E, 0x83AC, 0xACCF, 0xACAF, 0xACAF,
  0xACAF, 0xACAF, 0xA48F, 0x82C7, 0xC386, 0x8265, 0x79C2, 0x4921, 0x0000, 0x0020, 0x0020, 0x0020,
  0x0020, 0x0020, 0x0020, 0x0020, 0x0020, 0x0020, 0x0020, 0x0020, 0x0020, 0x0020, 0x0020, 0x0020,
  0x0020, 0x0020, 0x0020, 0x0020, 0x0020, 0x0021, 0x0020, 0x0020, 0x0020, 0x0020, 0x0020, 0x0020,
  0x0020, 0x0020, 0x0020, 0x0020, 0x0020, 0x0020, 0x0020, 0x0020, 0x0020, 0x0020, 0x0020, 0x0020,
  0x0020, 0x0020, 0x0020, 0x0020, 0x0020, 0x0020, 0x0020, 0x0020, 0x0020, 0x0020, 0x0020, 0x0020,
  0x0020, 0x0020, 0x0020, 0x0020, 0x0020, 0x0020, 0x0020, 0x0020, 0x0020, 0x0020, 0x0020, 0x0020,
  0x0020, 0x0020, 0x0020, 0x0020, 0x0020, 0x0020, 0x0020, 0x0020, 0x0020, 0x0020, 0x0020, 0x0020,
  0x0020, 0x0020, 0x0020, 0x0020, 0x0020, 0x0000, 0x0000, 0x0020, 0x2081, 0x5141, 0x6182, 0x7A03,
  0x9A64, 0x8A23, 0x8202, 0x81E3, 0x8A44, 0x9AE6, 0xB387, 0xC3C8, 0xB388, 0x82A6, 0x49E6, 0x3964,
  0x4163, 0x39E7, 0x4208, 0x4207, 0x41E7, 0x39E7, 0x31A6, 0x3186, 0x2965, 0x2965, 0x2966, 0x2966,
  0x2966, 0x2966, 0x2966, 0x2966, 0x2966, 0x2986, 0x2986, 0x2986, 0x2945, 0x2124, 0x18E4, 0x2103,
  0x2924, 0x49E6, 0x5247, 0x5A68, 0x5A88, 0x6B0A, 0x83CC, 0xA48F, 0xB4D0, 0xB4F0, 0x9C4E, 0x732A,
  0x83AC, 0x8BED, 0x9C4E, 0xACAF, 0xACCF, 0xACAF, 0xAC8F, 0xACAF, 0xACAF, 0xACAF, 0xACCF, 0x836B,
  0xACD0, 0xACAF, 0xACAF, 0xACAF, 0xACAF, 0xACCF, 0x7B29, 0xCB86, 0xA326, 0x8203, 0x6182, 0x0000,
  0x0020, 0x0020, 0x0020, 0x0020, 0x0020, 0x0020, 0x0020, 0x0020, 0x0020, 0x0020, 0x0020, 0x0020,
  0x0020, 0x0020, 0x0020, 0x0020, 0x0020, 0x0020, 0x0020, 0x0021, 0x0020, 0x0020, 0x0020, 0x0020,
  0x0020, 0x0020, 0x0020, 0x0020, 0x0020, 0x0020, 0x0020, 0x0020, 0x0020, 0x0020, 0x0020, 0x0020,
  0x0020, 0x0020, 0x0020, 0x0020, 0x0020, 0x0020, 0x0020, 0x0020, 0x0020, 0x0020, 0x0020, 0x0020,
  0x0020, 0x0020, 0x0020, 0x0020, 0x0020, 0x0020, 0x0020, 0x0020, 0x0020, 0x0020, 0x0020, 0x0020,
  0x0020, 0x0020, 0x0020, 0x0020, 0x0020, 0x0020, 0x0020, 0x0020, 0x0020, 0x0020, 0x0021, 0x0020,
  0x0020, 0x0020, 0x0020, 0x0020, 0x0020, 0x0020, 0x0020, 0x0020, 0x0020, 0x0020, 0x0020, 0x0020,
  0x0000, 0x0000, 0x0820, 0x28A1, 0x4922, 0x71C2, 0x8A43, 0x9263, 0x9243, 0x8203, 0x8203, 0x8A44,
  0x9AE6, 0xB387, 0xC409, 0xA347, 0x7246, 0x5206, 0x3186, 0x31A7, 0x39E8, 0x4207, 0x4228, 0x4A28,
  0x4207, 0x39C6, 0x2965, 0x2945, 0x2945, 0x2965, 0x2966, 0x2986, 0x2966, 0x2966, 0x2966, 0x2965,
  0x2986, 0x2986, 0x2986, 0x2965, 0x2124, 0x18E3, 0x2103, 0x3165, 0x4A06, 0x5247, 0x5A47, 0x5A68,
  0x6AEA, 0x83CD, 0x83AD, 0xACD0, 0xB511, 0x9C4E, 0x83AC, 0x8BCC, 0x940D, 0x9C4E, 0xAC8F, 0xB4D0,
  0xACD0, 0xACCF, 0x838B, 0x9C4E, 0xACD0, 0xACAF, 0xACAF, 0xACAF, 0xB4F0, 0x838B, 0xB326, 0xC3E8,
  0x7A23, 0x79E2, 0x1040, 0x0020, 0x0020, 0x0020, 0x0020, 0x0020, 0x0020, 0x0020, 0x0020, 0x0020,
  0x0020, 0x0020, 0x0020, 0x0020, 0x0020, 0x0020, 0x0020, 0x0020, 0x0020, 0x0020, 0x0020, 0x0020,
  0x0020, 0x0020, 0x0020, 0x0021, 0x0020, 0x0020, 0x0020, 0x0020, 0x0020, 0x0020, 0x0020, 0x0020,
  0x0020, 0x0020, 0x0020, 0x0020, 0x0020, 0x0020, 0x0020, 0x0020, 0x0020, 0x0020, 0x0020, 0x0020,
  0x0020, 0x0020, 0x0020, 0x0020, 0x0020, 0x0020, 0x0020, 0x0020, 0x0020, 0x0020, 0x0020, 0x0020,
  0x0020, 0x0020, 0x0020, 0x0020, 0x0020, 0x0020, 0x0020, 0x0020, 0x0020, 0x0020, 0x0020, 0x0020,
  0x0020, 0x0020, 0x0020, 0x0020, 0x0020, 0x0020, 0x0020, 0x0020, 0x0020, 0x0020, 0x0020, 0x0020,
  0x0020, 0x0020, 0x0020, 0x0020, 0x0020, 0x0020, 0x0020, 0x0000, 0x0000, 0x0020, 0x2081, 0x4921,
  0x71E2, 0x9243, 0x9263, 0x9243, 0x8A03, 0x8203, 0x8244, 0x9AE6, 0xB387, 0xC409, 0xB3A8, 0x7AA6,
  0x49C6, 0x31A6, 0x31C7, 0x39E8, 0x4208, 0x4208, 0x4207, 0x4207, 0x31C7, 0x2166, 0x2965, 0x2945,
  0x2966, 0x2966, 0x2966, 0x2966, 0x2965, 0x2966, 0x2966, 0x2966, 0x2986, 0x2965, 0x2945, 0x2104,
  0x18E3, 0x2103, 0x3164, 0x4A06, 0x5A67, 0x5227, 0x5227, 0x6AEA, 0x7B8C, 0xA48F, 0xB511, 0xB4F0,
  0x9C4E, 0x8BCC, 0x8BCC, 0x93ED, 0xA46E, 0x940D, 0x8BAC, 0xACCF, 0xACAF, 0xACAF, 0xACAF, 0xB4D0,
  0x942E, 0x8AC6, 0xDC29, 0x8285, 0x8A02, 0x28C1, 0x0000, 0x0020, 0x0020, 0x0020, 0x0020, 0x0020,
  0x0020, 0x0020, 0x0020, 0x0020, 0x0020, 0x0020, 0x0020, 0x0020, 0x0020, 0x0020, 0x0020, 0x0020,
  0x0020, 0x0020, 0x0020, 0x0020, 0x0020, 0x0020, 0x0020, 0x0020, 0x0020, 0x0020, 0x0020, 0x0020,
  0x0020, 0x0020, 0x0020, 0x0020, 0x0020, 0x0020, 0x0020, 0x0020, 0x0020, 0x0020, 0x0020, 0x0020,
  0x0020, 0x0020, 0x0020, 0x0020, 0x0020, 0x0020, 0x0020, 0x0020, 0x0020, 0x0020, 0x0020, 0x0020,
  0x0020, 0x0020, 0x0020, 0x0020, 0x0021, 0x0020, 0x0020, 0x0020, 0x0020, 0x0020, 0x0020, 0x0020,
  0x0020, 0x0020, 0x0020, 0x0020, 0x0020, 0x0020, 0x0020, 0x0020, 0x0020, 0x0020, 0x0020, 0x0020,
  0x0020, 0x0020, 0x0020, 0x0020, 0x0020, 0x0020, 0x0020, 0x0020, 0x0020, 0x0020, 0x0020, 0x0020,
  0x0021, 0x0020, 0x0000, 0x0000, 0x0020, 0x2081, 0x4922, 0x71C2, 0x9243, 0x9A63, 0x7203, 0x71E3,
  0x79E2, 0x8A44, 0x9B06, 0xB387, 0xC3E8, 0xAB68, 0x7A86, 0x49E6, 0x31A6, 0x31C7, 0x39E7, 0x3A08,
  0x5A27, 0x6246, 0x31C6, 0x31A6, 0x2965, 0x2945, 0x2945, 0x2965, 0x2966, 0x2986, 0x2966, 0x2965,
  0x2965, 0x2965, 0x2966, 0x2986, 0x2986, 0x2965, 0x2124, 0x1904, 0x2104, 0x2944, 0x41C6, 0x5247,
  0x5247, 0x5A88, 0x6AEA, 0x7B8C, 0x9C6F, 0xB511, 0xACF0, 0x83AC, 0x8BCC, 0x732A, 0x940D, 0x9C2D,
  0xAC8E, 0xACCF, 0xB4D0, 0xA4AF, 0x7AC7, 0xD3C7, 0x9B07, 0x8202, 0x5142, 0x0000, 0x0020, 0x0020,
  0x0020, 0x0020, 0x0020, 0x0020, 0x0020, 0x0020, 0x0020, 0x0020, 0x0020, 0x0020, 0x0020, 0x0020,
  0x0020, 0x0020, 0x0020, 0x0020, 0x0020, 0x0020, 0x0020, 0x0020, 0x0020, 0x0020, 0x0020, 0x0020,
  0x0020, 0x0020, 0x0020, 0x0020, 0x0020, 0x0020, 0x0020, 0x0020, 0x0020, 0x0020, 0x0020, 0x0020,
  0x0020, 0x0020, 0x0020, 0x0020, 0x0020, 0x0020, 0x0020, 0x0020, 0x0020, 0x0020, 0x0020, 0x0020,
  0x0020, 0x0020, 0x0020, 0x0020, 0x0020, 0x0020, 0x0020, 0x0020, 0x0020, 0x0020, 0x0020, 0x0020,
  0x0020, 0x0020, 0x0020, 0x0020, 0x0020, 0x0020, 0x0020, 0x0020, 0x0020, 0x0020, 0x0020, 0x0020,
  0x0020, 0x0020, 0x0020, 0x0020, 0x0020, 0x0020, 0x0020, 0x0020, 0x0020, 0x0020, 0x0020, 0x0020,
  0x0020, 0x0020, 0x0020, 0x0020, 0x0020, 0x0020, 0x0020, 0x0020, 0x0020, 0x0000, 0x0000, 0x0020,
  0x2081, 0x4921, 0x6182, 0x71C2, 0x9A84, 0x9243, 0x81E2, 0x81E2, 0x8224, 0x9AE6, 0xB387, 0xC3E8,
  0xB3A8, 0x82A6, 0x49C5, 0x2966, 0x4184, 0x61C3, 0x31C7, 0x41E7, 0x41E7, 0x39E7, 0x3186, 0x2965,
  0x2965, 0x2945, 0x2966, 0x2966, 0x2966, 0x2965, 0x2965, 0x2965, 0x2965, 0x2966, 0x2966, 0x2986,
  0x2965, 0x2125, 0x18E4, 0x2103, 0x3165, 0x41E6, 0x5227, 0x5A47, 0x5A68, 0x62C9, 0x6AEA, 0x9C6F,
  0xB4F0, 0xACF0, 0xA4AF, 0x8BED, 0x838B, 0x8BCC, 0xA4AF, 0x7B09, 0xC367, 0xB3A8, 0x79E3, 0x71A2,
  0x0020, 0x0020, 0x0020, 0x0020, 0x0020, 0x0020, 0x0020, 0x0020, 0x0020, 0x0020, 0x0020, 0x0020,
  0x0020, 0x0020, 0x0020, 0x0020, 0x0020, 0x0020, 0x0020, 0x0020, 0x0020, 0x0020, 0x0021, 0x0020,
  0x0020, 0x0020, 0x0020, 0x0020, 0x0020, 0x0020, 0x0020, 0x0020, 0x0020, 0x0020, 0x0020, 0x0020,
  0x0020, 0x0020, 0x0020, 0x0020, 0x0020, 0x0020, 0x0020, 0x0020, 0x0020, 0x0020, 0x0020, 0x0020,
  0x0020, 0x0020, 0x0020, 0x0020, 0x0020, 0x0020, 0x0020, 0x0020, 0x0020, 0x0020, 0x0020, 0x0020,
  0x0020, 0x0020, 0x0020, 0x0020, 0x0020, 0x0020, 0x0020, 0x0020, 0x0020, 0x0020, 0x0020, 0x0020,
  0x0020, 0x0020, 0x0020, 0x0020, 0x0020, 0x0020, 0x0020, 0x0020, 0x0020, 0x0020, 0x0020, 0x0020,
  0x0020, 0x0020, 0x0020, 0x0020, 0x0020, 0x0020, 0x0020, 0x0020, 0x0020, 0x0020, 0x0020, 0x0020,
  0x0020, 0x0020, 0x0020, 0x0020, 0x0000, 0x0000, 0x0820, 0x28A1, 0x5142, 0x71C2, 0x8A23, 0x9263,
  0x8A23, 0x8202, 0x81E2, 0x8244, 0x9AE6, 0xB367, 0xC3E9, 0xABA8, 0x7266, 0x3964, 0x31A6, 0x31A7,
  0x39C7, 0x41E7, 0x4207, 0x4207, 0x39E7, 0x39C6, 0x2965, 0x2945, 0x2945, 0x2965, 0x2966, 0x2966,
  0x2966, 0x2966, 0x2966, 0x2965, 0x2966, 0x2986, 0x2986, 0x2965, 0x2125, 0x18E4, 0x2104, 0x3164,
  0x41C5, 0x5227, 0x4A06, 0x5A88, 0x62C9, 0x83AC, 0xA48F, 0xB511, 0xB4F0, 0xA46E, 0x6AE9, 0xA2C6,
  0xD409, 0x7A24, 0x81E2, 0x1881, 0x0000, 0x0020, 0x0020, 0x0020, 0x0020, 0x0020, 0x0020, 0x0020,
  0x0020, 0x0020, 0x0020, 0x0020, 0x0020, 0x0020, 0x0020, 0x0020, 0x0020, 0x0020, 0x0020, 0x0020,
  0x0020, 0x0020, 0x0020, 0x0020, 0x0020, 0x0020, 0x0020, 0x0020, 0x0020, 0x0020, 0x0020, 0x0020,
  0x0020, 0x0020, 0x0020, 0x0020, 0x0020, 0x0020, 0x0020, 0x0020, 0x0020, 0x0020, 0x0020, 0x0020,
  0x0020, 0x0020, 0x0020, 0x0020, 0x0020, 0x0020, 0x0020, 0x0020, 0x0020, 0x0020, 0x0020, 0x0021,
  0x0020, 0x0020, 0x0020, 0x0020, 0x0020, 0x0020, 0x0020, 0x0020, 0x0020, 0x0020, 0x0020, 0x0020,
  0x0020, 0x0020, 0x0020, 0x0020, 0x0020, 0x0020, 0x0020, 0x0020, 0x0020, 0x0020, 0x0020, 0x0020,
  0x0020, 0x0020, 0x0020, 0x0020, 0x0020, 0x0020, 0x0020, 0x0020, 0x0020, 0x0020, 0x0020, 0x0020,
  0x0020, 0x0020, 0x0020, 0x0020, 0x0020, 0x0020, 0x0020, 0x0020, 0x0020, 0x0020, 0x0020, 0x0000,
  0x0000, 0x0020, 0x2081, 0x4922, 0x71C2, 0x9243, 0x9263, 0x8A23, 0x81E2, 0x79E2, 0x8A64, 0xA306,
  0xB387, 0xC3C8, 0xB3A8, 0x82C7, 0x49C5, 0x2986, 0x31C7, 0x39E8, 0x4208, 0x4208, 0x41E7, 0x39E7,
  0x31A6, 0x2965, 0x2945, 0x2945, 0x2966, 0x2986, 0x2966, 0x2966, 0x2966, 0x2965, 0x2966, 0x2966,
  0x2986, 0x2986, 0x2965, 0x2124, 0x18E4, 0x2124, 0x2944, 0x41C6, 0x5247, 0x5A68, 0x5A68, 0x6B0A,
  0x8C0E, 0x944E, 0x82A6, 0xBB46, 0x8AA5, 0x8A02, 0x38E1, 0x0000, 0x0021, 0x0020, 0x0020, 0x0020,
  0x0020, 0x0020, 0x0020, 0x0020, 0x0020, 0x0020, 0x0020, 0x0020, 0x0020, 0x0020, 0x0020, 0x0020,
  0x0020, 0x0020, 0x0020, 0x0020, 0x0020, 0x0021, 0x0020, 0x0020, 0x0020, 0x0020, 0x0020, 0x0020,
  0x0020, 0x0020, 0x0020, 0x0020, 0x0020, 0x0020, 0x0020, 0x0020, 0x0020, 0x0020, 0x0020, 0x0020,
  0x0020, 0x0020, 0x0020, 0x0020, 0x0020, 0x0020, 0x0020, 0x0020, 0x0020, 0x0020, 0x0020, 0x0020,
  0x0020, 0x0020, 0x0020, 0x0020, 0x0020, 0x0020, 0x0020, 0x0020, 0x0020, 0x0020, 0x0020, 0x0020,
  0x0020, 0x0020, 0x0020, 0x0020, 0x0020, 0x0020, 0x0020, 0x0020, 0x0020, 0x0020, 0x0020, 0x0020,
  0x0020, 0x0020, 0x0020, 0x0020, 0x0020, 0x0020, 0x0020, 0x0020, 0x0020, 0x0020, 0x0020, 0x0020,
  0x0020, 0x0020, 0x0020, 0x0020, 0x0020, 0x0020, 0x0020, 0x0021, 0x0020, 0x0020, 0x0020, 0x0020,
  0x0020, 0x0020, 0x0020, 0x0020, 0x0020, 0x0020, 0x0000, 0x0000, 0x0020, 0x2081, 0x4922, 0x71C2,
  0x9243, 0x9264, 0x8A23, 0x71E3, 0x7A03, 0x8A64, 0x9AE6, 0xB387, 0xC3C8, 0xAB67, 0x7A86, 0x49E6,
  0x3186, 0x31A7, 0x39E7, 0x4208, 0x4207, 0x5A47, 0x49E7, 0x39C7, 0x2965, 0x2945, 0x2945, 0x2966,
  0x2966, 0x2966, 0x2966, 0x2965, 0x2965, 0x2965, 0x2965, 0x2966, 0x2986, 0x2965, 0x2124, 0x18E4,
  0x2104, 0x3144, 0x41E6, 0x5247, 0x5A88, 0x5226, 0x9AC5, 0x9B06, 0x8202, 0x5962, 0x0000, 0x0021,
  0x0020, 0x0020, 0x0020, 0x0020, 0x0020, 0x0020, 0x0020, 0x0020, 0x0020, 0x0020, 0x0020, 0x0020,
  0x0020, 0x0020, 0x0020, 0x0020, 0x0020, 0x0020, 0x0020, 0x0020, 0x0020, 0x0020, 0x0020, 0x0020,
  0x0020, 0x0020, 0x0020, 0x0020, 0x0020, 0x0020, 0x0020, 0x0020, 0x0020, 0x0020, 0x0020, 0x0020,
  0x0020, 0x0020, 0x0020, 0x0020, 0x0020, 0x0020, 0x0020, 0x0020, 0x0020, 0x0020, 0x0020, 0x0020,
  0x0020, 0x0020, 0x0020, 0x0020, 0x0020, 0x0020, 0x0020, 0x0020, 0x0020, 0x0020, 0x0020, 0x0020,
  0x0020, 0x0020, 0x0020, 0x0020, 0x0020, 0x0020, 0x0020, 0x0020, 0x0020, 0x0020, 0x0020, 0x0020,
  0x0020, 0x0020, 0x0020, 0x0020, 0x0020, 0x0020, 0x0020, 0x0020, 0x0020, 0x0020, 0x0020, 0x0020,
  0x0020, 0x0020, 0x0020, 0x0020, 0x0020, 0x0020, 0x0020, 0x0020, 0x0020, 0x0020, 0x0020, 0x0020,
  0x0020, 0x0020, 0x0020, 0x0020, 0x0020, 0x0020, 0x0020, 0x0020, 0x0020, 0x0020, 0x0020, 0x0020,
  0x0020, 0x0000, 0x0000, 0x0020, 0x2081, 0x4922, 0x71E2, 0x8203, 0x8A23, 0x9243, 0x81E2, 0x79C2,
  0x8A44, 0xA306, 0xBBA8, 0xC3E8, 0xAB88, 0x7A86, 0x49A5, 0x31A6, 0x2166, 0x8264, 0x5A05, 0x4208,
  0x41E7, 0x39C7, 0x31A6, 0x2965, 0x2945, 0x2945, 0x2965, 0x2966, 0x2966, 0x2966, 0x2965, 0x2965,
  0x2965, 0x2966, 0x2966, 0x2966, 0x2965, 0x2124, 0x1904, 0x2103, 0x2944, 0x3944, 0x79E2, 0x79C2,
  0x71C2, 0x0820, 0x0020, 0x0020, 0x0020, 0x0020, 0x0020, 0x0020, 0x0020, 0x0020, 0x0020, 0x0020,
  0x0020, 0x0020, 0x0020, 0x0021, 0x0020, 0x0020, 0x0020, 0x0020, 0x0020, 0x0020, 0x0020, 0x0020,
  0x0020, 0x0020, 0x0020, 0x0020, 0x0020, 0x0020, 0x0020, 0x0020, 0x0020, 0x0020, 0x0020, 0x0020,
  0x0020, 0x0020, 0x0020, 0x0020, 0x0020, 0x0020, 0x0020, 0x0020, 0x0020, 0x0020, 0x0020, 0x0020,
  0x0020, 0x0020, 0x0020, 0x0020, 0x0020, 0x0020, 0x0020, 0x0020, 0x0020, 0x0020, 0x0020, 0x0021,
  0x0020, 0x0020, 0x0020, 0x0020, 0x0020, 0x0020, 0x0020, 0x0020, 0x0020, 0x0020, 0x0020, 0x0020,
  0x0020, 0x0020, 0x0020, 0x0020, 0x0020, 0x0020, 0x0020, 0x0020, 0x0020, 0x0020, 0x0020, 0x0020,
  0x0020, 0x0020, 0x0020, 0x0020, 0x0020, 0x0020, 0x0020, 0x0020, 0x0020, 0x0020, 0x0020, 0x0020,
  0x0020, 0x0020, 0x0021, 0x0020, 0x0020, 0x0020, 0x0020, 0x0020, 0x0020, 0x0020, 0x0020, 0x0020,
  0x0020, 0x0020, 0x0020, 0x0020, 0x0020, 0x0020, 0x0021, 0x0020, 0x0000, 0x0000, 0x0020, 0x28A1,
  0x5142, 0x79E3, 0x8A23, 0x9243, 0x8A23, 0x81E2, 0x79E2, 0x8223, 0x9AE6, 0xBBC8, 0xC3E8, 0xAB67,
  0x7245, 0x4184, 0x3165, 0x31A7, 0x39E7, 0x4207, 0x4207, 0x4207, 0x39E7, 0x39C6, 0x2965, 0x2945,
  0x2945, 0x2965, 0x2966, 0x2966, 0x2966, 0x2966, 0x2965, 0x2965, 0x2966, 0x2986, 0x3186, 0x2166,
  0x20E3, 0x8A85, 0x71E3, 0x79C2, 0x20A1, 0x0000, 0x0020, 0x0020, 0x0020, 0x0020, 0x0020, 0x0020,
  0x0020, 0x0020, 0x0020, 0x0020, 0x0020, 0x0020, 0x0020, 0x0020, 0x0020, 0x0020, 0x0021, 0x0020,
  0x0020, 0x0020, 0x0020, 0x0020, 0x0020, 0x0020, 0x0020, 0x0020, 0x0020, 0x0020, 0x0020, 0x0020,
  0x0020, 0x0020, 0x0020, 0x0020, 0x0020, 0x0020, 0x0020, 0x0020, 0x0020, 0x0020, 0x0020, 0x0020,
  0x0020, 0x0020, 0x0020, 0x0020, 0x0020, 0x0020, 0x0020, 0x0020, 0x0020, 0x0020, 0x0020, 0x0020,
  0x0020, 0x0020, 0x0020, 0x0020, 0x0020, 0x0020, 0x0020, 0x0020, 0x0020, 0x0020, 0x0020, 0x0020,
  0x0020, 0x0020, 0x0020, 0x0020, 0x0020, 0x0020, 0x0020, 0x0020, 0x0020, 0x0020, 0x0020, 0x0020,
  0x0020, 0x0020, 0x0020, 0x0020, 0x0020, 0x0020, 0x0020, 0x0020, 0x0020, 0x0020, 0x0020, 0x0020,
  0x0021, 0x0020, 0x0020, 0x0021, 0x0020, 0x0020, 0x0020, 0x0020, 0x0020, 0x0020, 0x0020, 0x0020,
  0x0020, 0x0020, 0x0020, 0x0020, 0x0020, 0x0020, 0x0020, 0x0020, 0x0020, 0x0020, 0x0020, 0x0020,
  0x0020, 0x0020, 0x0020, 0x0000, 0x0000, 0x0020, 0x20A1, 0x5142, 0x79E2, 0x8A23, 0x9243, 0x8A23,
  0x81E2, 0x81E3, 0x8A44, 0xA306, 0xBBA7, 0xCC09, 0xAB67, 0x7A86, 0x49C6, 0x3186, 0x31A7, 0x39E7,
  0x4208, 0x4208, 0x4207, 0x39E7, 0x31A6, 0x2986, 0x2145, 0x2945, 0x2966, 0x2966, 0x2966, 0x2966,
  0x2965, 0x2966, 0x31A6, 0x1904, 0xA327, 0xA327, 0x81E2, 0x4921, 0x0000, 0x0020, 0x0020, 0x0020,
  0x0020, 0x0020, 0x0020, 0x0020, 0x0020, 0x0020, 0x0020, 0x0020, 0x0020, 0x0020, 0x0020, 0x0020,
  0x0020, 0x0020, 0x0020, 0x0021, 0x0020, 0x0020, 0x0020, 0x0020, 0x0020, 0x0020, 0x0020, 0x0020,
  0x0020, 0x0021, 0x0020, 0x0020, 0x0020, 0x0020, 0x0020, 0x0020, 0x0020, 0x0020, 0x0020, 0x0020,
  0x0020, 0x0020, 0x0020, 0x0020, 0x0020, 0x0020, 0x0020, 0x0020, 0x0020, 0x0020, 0x0020, 0x0020,
  0x0020, 0x0020, 0x0020, 0x0020, 0x0020, 0x0020, 0x0020, 0x0020, 0x0020, 0x0020, 0x0020, 0x0020,
  0x0020, 0x0020, 0x0020, 0x0020, 0x0020, 0x0020, 0x0020, 0x0020, 0x0020, 0x0020, 0x0020, 0x0020,
  0x0020, 0x0021, 0x0020, 0x0020, 0x0020, 0x0020, 0x0020, 0x0020, 0x0020, 0x0020, 0x0020, 0x0020,
  0x0020, 0x0020, 0x0020, 0x0020, 0x0020, 0x0020, 0x0020, 0x0020, 0x0020, 0x0020, 0x0020, 0x0020,
  0x0020, 0x0020, 0x0020, 0x0020, 0x0020, 0x0020, 0x0020, 0x0020, 0x0020, 0x0020, 0x0020, 0x0020,
  0x0020, 0x0020, 0x0020, 0x0020, 0x0020, 0x0020, 0x0020, 0x0020, 0x0020, 0x0020, 0x0000, 0x0000,
  0x0020, 0x20A1, 0x5142, 0x79E3, 0x9243, 0x9264, 0x9243, 0x79E2, 0x8223, 0x8244, 0x92C6, 0xBBC8,
  0xC3E8, 0xAB67, 0x7266, 0x49C6, 0x31A6, 0x31C7, 0x39E7, 0x4208, 0x4228, 0x4A28, 0x39C6, 0x3186,
  0x3186, 0x2965, 0x2945, 0x2965, 0x2966, 0x3186, 0x1925, 0x7A66, 0xC3E9, 0x71C2, 0x6982, 0x0020,
  0x0020, 0x0020, 0x0020, 0x0020, 0x0020, 0x0020, 0x0020, 0x0020, 0x0020, 0x0020, 0x0020, 0x0020,
  0x0020, 0x0020, 0x0020, 0x0020, 0x0020, 0x0020, 0x0020, 0x0020, 0x0021, 0x0020, 0x0020, 0x0020,
  0x0020, 0x0020, 0x0020, 0x0020, 0x0020, 0x0020, 0x0020, 0x0020, 0x0020, 0x0021, 0x0020, 0x0020,
  0x0020, 0x0020, 0x0020, 0x0020, 0x0020, 0x0020, 0x0020, 0x0020, 0x0020, 0x0020, 0x0020, 0x0020,
  0x0020, 0x0020, 0x0020, 0x0020, 0x0020, 0x0020, 0x0020, 0x0020, 0x0020, 0x0020, 0x0021, 0x0020,
  0x0020, 0x0020, 0x0020, 0x0020, 0x0020, 0x0020, 0x0020, 0x0020, 0x0020, 0x0020, 0x0020, 0x0020,
  0x0020, 0x0020, 0x0020, 0x0020, 0x0020, 0x0020, 0x0021, 0x0020, 0x0020, 0x0020, 0x0020, 0x0020,
  0x0020, 0x0020, 0x0020, 0x0020, 0x0020, 0x0020, 0x0020, 0x0020, 0x0020, 0x0020, 0x0020, 0x0020,
  0x0020, 0x0020, 0x0020, 0x0020, 0x0020, 0x0020, 0x0020, 0x0020, 0x0020, 0x0020, 0x0020, 0x0020,
  0x0020, 0x0020, 0x0020, 0x0020, 0x0020, 0x0020, 0x0020, 0x0020, 0x0020, 0x0020, 0x0020, 0x0020,
  0x0020, 0x0020, 0x0020, 0x0021, 0x0020, 0x0000, 0x0000, 0x0820, 0x20A1, 0x4942, 0x79E3, 0x8223,
  0x7A03, 0x8202, 0x8A03, 0x81E3, 0x8224, 0x9AE6, 0xBBA8, 0xC3C8, 0xAB68, 0x7286, 0x49C6, 0x31A6,
  0x31C8, 0x59E5, 0x9284, 0x3186, 0x4228, 0x39E7, 0x3186, 0x2965, 0x2965, 0x2145, 0x49A4, 0xCC09,
  0x7A24, 0x81E2, 0x1861, 0x0000, 0x0020, 0x0020, 0x0020, 0x0020, 0x0020, 0x0020, 0x0020, 0x0020,
  0x0020, 0x0020, 0x0020, 0x0020, 0x0020, 0x0020, 0x0020, 0x0020, 0x0020, 0x0020, 0x0020, 0x0020,
  0x0020, 0x0020, 0x0020, 0x0020, 0x0020, 0x0020, 0x0020, 0x0021, 0x0020, 0x0020, 0x0020, 0x0020,
  0x0020, 0x0020, 0x0020, 0x0020, 0x0020, 0x0020, 0x0020, 0x0020, 0x0020, 0x0020, 0x0020, 0x0020,
  0x0020, 0x0020, 0x0020, 0x0020, 0x0020, 0x0020, 0x0020, 0x0020, 0x0020, 0x0020, 0x0020, 0x0020,
  0x0020, 0x0020, 0x0020, 0x0020, 0x0020, 0x0020, 0x0020, 0x0020, 0x0020, 0x0020, 0x0020, 0x0020,
  0x0020, 0x0020, 0x0020, 0x0020, 0x0020, 0x0020, 0x0020, 0x0020, 0x0020, 0x0020, 0x0020, 0x0020,
  0x0020, 0x0020, 0x0020, 0x0020, 0x0020, 0x0020, 0x0020, 0x0020, 0x0020, 0x0020, 0x0020, 0x0020,
  0x0020, 0x0020, 0x0020, 0x0020, 0x0020, 0x0020, 0x0020, 0x0020, 0x0020, 0x0020, 0x0020, 0x0020,
  0x0020, 0x0020, 0x0020, 0x0020, 0x0020, 0x0020, 0x0020, 0x0020, 0x0020, 0x0020, 0x0020, 0x0020,
  0x0020, 0x0020, 0x0020, 0x0020, 0x0020, 0x0020, 0x0020, 0x0020, 0x0020, 0x0020, 0x0021, 0x0020,
  0x0000, 0x0000, 0x0820, 0x28A1, 0x4942, 0x7A03, 0x9243, 0x9243, 0x8A23, 0x8A03, 0x8203, 0x8A44,
  0x9AE6, 0xBBA8, 0xC3E8, 0xAB68, 0x7AA7, 0x3964, 0x3124, 0x31C7, 0x39C7, 0x41E7, 0x41E7, 0x4208,
  0x39E7, 0x2924, 0xBBA8, 0x8AC6, 0x81E2, 0x38E1, 0x0000, 0x0020, 0x0020, 0x0020, 0x0020, 0x0020,
  0x0020, 0x0020, 0x0020, 0x0020, 0x0020, 0x0020, 0x0020, 0x0020, 0x0020, 0x0020, 0x0020, 0x0020,
  0x0020, 0x0020, 0x0020, 0x0020, 0x0020, 0x0020, 0x0020, 0x0020, 0x0020, 0x0020, 0x0020, 0x0020,
  0x0020, 0x0020, 0x0020, 0x0020, 0x0020, 0x0020, 0x0020, 0x0020, 0x0020, 0x0020, 0x0020, 0x0020,
  0x0020, 0x0020, 0x0020, 0x0020, 0x0020, 0x0020, 0x0020, 0x0020, 0x0020, 0x0020, 0x0020, 0x0020,
  0x0020, 0x0020, 0x0020, 0x0020, 0x0020, 0x0020, 0x0020, 0x0020, 0x0020, 0x0020, 0x0020, 0x0020,
  0x0020, 0x0020, 0x0020, 0x0020, 0x0020, 0x0020, 0x0020, 0x0020, 0x0020, 0x0020, 0x0021, 0x0020,
  0x0020, 0x0021, 0x0020, 0x0020, 0x0020, 0x0020, 0x0020, 0x0020, 0x0020, 0x0020, 0x0020, 0x0020,
  0x0020, 0x0020, 0x0020, 0x0020, 0x0020, 0x0020, 0x0020, 0x0021, 0x0020, 0x0020, 0x0020, 0x0020,
  0x0020, 0x0020, 0x0020, 0x0020, 0x0020, 0x0020, 0x0020, 0x0020, 0x0020, 0x0020, 0x0020, 0x0020,
  0x0020, 0x0020, 0x0020, 0x0020, 0x0020, 0x0020, 0x0020, 0x0020, 0x0020, 0x0020, 0x0020, 0x0020,
  0x0020, 0x0020, 0x0020, 0x0020, 0x0020, 0x0021, 0x0020, 0x0000, 0x0000, 0x0020, 0x2081, 0x4921,
  0x79E3, 0x9243, 0x9264, 0x9243, 0x8A03, 0x81E3, 0x8A44, 0xA306, 0xBBC8, 0xC3C8, 0xAB68, 0x7AA7,
  0x41A5, 0x3186, 0x31C7, 0x3A08, 0x2966, 0x92E6, 0xAB67, 0x79E2, 0x6182, 0x0000, 0x0020, 0x0020,
  0x0020, 0x0020, 0x0020, 0x0020, 0x0020, 0x0020, 0x0020, 0x0020, 0x0020, 0x0020, 0x0020, 0x0020,
  0x0020, 0x0020, 0x0020, 0x0020, 0x0020, 0x0020, 0x0020, 0x0020, 0x0020, 0x0020, 0x0020, 0x0020,
  0x0020, 0x0020, 0x0020, 0x0020, 0x0020, 0x0020, 0x0020, 0x0020, 0x0020, 0x0020, 0x0020, 0x0020,
  0x0020, 0x0020, 0x0020, 0x0020, 0x0020, 0x0020, 0x0020, 0x0020, 0x0020, 0x0020, 0x0020, 0x0020,
  0x0020, 0x0020, 0x0020, 0x0020, 0x0020, 0x0020, 0x0020, 0x0020, 0x0020, 0x0020, 0x0020, 0x0020,
  0x0020, 0x0021, 0x0020, 0x0020, 0x0020, 0x0020, 0x0020, 0x0020, 0x0020, 0x0020, 0x0020, 0x0020,
  0x0020, 0x0020, 0x0020, 0x0020, 0x0020, 0x0020, 0x0020, 0x0021, 0x0020, 0x0020, 0x0020, 0x0020,
  0x0020, 0x0020, 0x0020, 0x0020, 0x0020, 0x0020, 0x0020, 0x0020, 0x0020, 0x0020, 0x0020, 0x0020,
  0x0020, 0x0020, 0x0020, 0x0020, 0x0020, 0x0020, 0x0020, 0x0020, 0x0020, 0x0020, 0x0020, 0x0020,
  0x0020, 0x0020, 0x0020, 0x0020, 0x0020, 0x0020, 0x0020, 0x0020, 0x0020, 0x0020, 0x0020, 0x0020,
  0x0020, 0x0020, 0x0020, 0x0020, 0x0020, 0x0020, 0x0020, 0x0020, 0x0020, 0x0020, 0x0020, 0x0020,
  0x0020, 0x0020, 0x0000, 0x0000, 0x0020, 0x2081, 0x5142, 0x79E3, 0x9243, 0x9263, 0x9243, 0x81E2,
  0x71E3, 0x92A5, 0x9AE5, 0xB388, 0xC3E8, 0xAB68, 0x7266, 0x3144, 0x6A25, 0xC409, 0x7A03, 0x79C2,
  0x0840, 0x0020, 0x0020, 0x0020, 0x0020, 0x0020, 0x0020, 0x0020, 0x0020, 0x0020, 0x0020, 0x0020,
  0x0020, 0x0020, 0x0020, 0x0020, 0x0020, 0x0020, 0x0020, 0x0020, 0x0020, 0x0020, 0x0020, 0x0020,
  0x0020, 0x0020, 0x0020, 0x0020, 0x0020, 0x0020, 0x0020, 0x0020, 0x0020, 0x0020, 0x0020, 0x0020,
  0x0020, 0x0020, 0x0020, 0x0020, 0x0020, 0x0020, 0x0020, 0x0020, 0x0020, 0x0020, 0x0020, 0x0020,
  0x0020, 0x0020, 0x0020, 0x0020, 0x0020, 0x0020, 0x0020, 0x0020, 0x0020, 0x0020, 0x0020, 0x0020,
  0x0020, 0x0020, 0x0020, 0x0020, 0x0020, 0x0020, 0x0020, 0x0020, 0x0020, 0x0020, 0x0020, 0x0020,
  0x0020, 0x0020, 0x0020, 0x0020, 0x0020, 0x0020, 0x0020, 0x0020, 0x0020, 0x0020, 0x0020, 0x0020,
  0x0020, 0x0020, 0x0020, 0x0020, 0x0020, 0x0020, 0x0020, 0x0020, 0x0020, 0x0020, 0x0020, 0x0020,
  0x0020, 0x0020, 0x0020, 0x0020, 0x0020, 0x0020, 0x0020, 0x0020, 0x0020, 0x0020, 0x0020, 0x0020,
  0x0020, 0x0020, 0x0020, 0x0020, 0x0020, 0x0020, 0x0020, 0x0020, 0x0020, 0x0020, 0x0020, 0x0021,
  0x0020, 0x0020, 0x0020, 0x0020, 0x0020, 0x0020, 0x0020, 0x0020, 0x0020, 0x0020, 0x0020, 0x0020,
  0x0020, 0x0020, 0x0020, 0x0020, 0x0020, 0x0020, 0x0020, 0x0020, 0x0020, 0x0000, 0x0000, 0x0020,
  0x20A1, 0x5142, 0x71E2, 0x8A43, 0x8244, 0x8A43, 0x79C2, 0x79C2, 0x8A64, 0xA306, 0xB387, 0xBBA8,
  0xCC09, 0x8285, 0x8A02, 0x28A1, 0x0000, 0x0020, 0x0020, 0x0020, 0x0020, 0x0020, 0x0020, 0x0020,
  0x0020, 0x0020, 0x0020, 0x0020, 0x0020, 0x0020, 0x0020, 0x0020, 0x0020, 0x0020, 0x0020, 0x0020,
  0x0020, 0x0020, 0x0020, 0x0020, 0x0020, 0x0020, 0x0020, 0x0020, 0x0020, 0x0020, 0x0020, 0x0020,
  0x0020, 0x0020, 0x0020, 0x0020, 0x0020, 0x0020, 0x0020, 0x0020, 0x0020, 0x0020, 0x0020, 0x0020,
  0x0020, 0x0020, 0x0020, 0x0020, 0x0020, 0x0020, 0x0020, 0x0020, 0x0020, 0x0020, 0x0020, 0x0020,
  0x0020, 0x0020, 0x0020, 0x0020, 0x0020, 0x0020, 0x0020, 0x0020, 0x0020, 0x0020, 0x0020, 0x0020,
  0x0020, 0x0020, 0x0020, 0x0020, 0x0020, 0x0020, 0x0020, 0x0020, 0x0020, 0x0020, 0x0020, 0x0020,
  0x0020, 0x0020, 0x0020, 0x0020, 0x0020, 0x0020, 0x0020, 0x0020, 0x0020, 0x0020, 0x0020, 0x0020,
  0x0020, 0x0020, 0x0020, 0x0021, 0x0020, 0x0020, 0x0020, 0x0020, 0x0020, 0x0020, 0x0020, 0x0020,
  0x0020, 0x0020, 0x0020, 0x0020, 0x0020, 0x0020, 0x0020, 0x0020, 0x0020, 0x0020, 0x0020, 0x0020,
  0x0020, 0x0020, 0x0020, 0x0020, 0x0020, 0x0020, 0x0020, 0x0020, 0x0020, 0x0020, 0x0020, 0x0020,
  0x0020, 0x0020, 0x0020, 0x0020, 0x0020, 0x0020, 0x0020, 0x0020, 0x0020, 0x0020, 0x0020, 0x0020,
  0x0020, 0x0020, 0x0021, 0x0020, 0x0000, 0x0000, 0x0020, 0x28A1, 0x5141, 0x6182, 0x9243, 0x9263,
  0x8A23, 0x81E2, 0x79E3, 0x92A5, 0x7A44, 0x81E2, 0x4921, 0x0000, 0x0020, 0x0020, 0x0020, 0x0020,
  0x0020, 0x0020, 0x0020, 0x0020, 0x0020, 0x0020, 0x0020, 0x0020, 0x0020, 0x0020, 0x0020, 0x0020,
  0x0020, 0x0020, 0x0020, 0x0020, 0x0020, 0x0020, 0x0020, 0x0020, 0x0020, 0x0020, 0x0020, 0x0020,
  0x0020, 0x0020, 0x0020, 0x0020, 0x0020, 0x0020, 0x0020, 0x0020, 0x0020, 0x0020, 0x0020, 0x0020,
  0x0020, 0x0020, 0x0020, 0x0020, 0x0020, 0x0020, 0x0020, 0x0020, 0x0020, 0x0020, 0x0020, 0x0020,
  0x0020, 0x0020, 0x0020, 0x0020, 0x0020, 0x0020, 0x0020, 0x0020, 0x0020, 0x0020, 0x0020, 0x0020,
  0x0020, 0x0020, 0x0020, 0x0020, 0x0020, 0x0020, 0x0020, 0x0020, 0x0020, 0x0020, 0x0020, 0x0020,
  0x0020, 0x0020, 0x0020, 0x0020, 0x0020, 0x0020, 0x0020, 0x0020, 0x0020, 0x0021, 0x0020, 0x0020,
  0x0020, 0x0020, 0x0020, 0x0020, 0x0020, 0x0020, 0x0020, 0x0020, 0x0020, 0x0020, 0x0020, 0x0020,
  0x0020, 0x0020, 0x0020, 0x0020, 0x0020, 0x0020, 0x0020, 0x0020, 0x0020, 0x0020, 0x0020, 0x0020,
  0x0020, 0x0020, 0x0020, 0x0020, 0x0020, 0x0020, 0x0020, 0x0020, 0x0020, 0x0020, 0x0020, 0x0020,
  0x0020, 0x0020, 0x0020, 0x0020, 0x0020, 0x0020, 0x0020, 0x0020, 0x0020, 0x0020, 0x0020, 0x0020,
  0x0020, 0x0020, 0x0020, 0x0020, 0x0020, 0x0020, 0x0020, 0x0020, 0x0020, 0x0020, 0x0020, 0x0000,
  0x0000, 0x0840, 0x28A1, 0x5142, 0x71C2, 0x8A43, 0x9243, 0x8A23, 0x81E3, 0x6161, 0x0020, 0x0020,
  0x0020, 0x0020, 0x0020, 0x0020, 0x0020, 0x0020, 0x0020, 0x0020, 0x0021, 0x0020, 0x0020, 0x0020,
  0x0020, 0x0020, 0x0020, 0x0020, 0x0020, 0x0020, 0x0020, 0x0020, 0x0020, 0x0020, 0x0020, 0x0020,
  0x0020, 0x0020, 0x0020, 0x0020, 0x0020, 0x0021, 0x0020, 0x0020, 0x0020, 0x0020, 0x0020, 0x0020,
  0x0020, 0x0020, 0x0020, 0x0020, 0x0020, 0x0020, 0x0020, 0x0020, 0x0020, 0x0020, 0x0020, 0x0020,
  0x0020, 0x0020, 0x0020, 0x0020, 0x0020, 0x0020, 0x0020, 0x0020, 0x0020, 0x0020, 0x0020, 0x0020,
  0x0020, 0x0020, 0x0020, 0x0020, 0x0020, 0x0020, 0x0020, 0x0020, 0x0020, 0x0020, 0x0020, 0x0020,
  0x0020, 0x0020, 0x0020, 0x0020, 0x0020, 0x0020, 0x0020, 0x0020, 0x0020, 0x0020, 0x0020, 0x0020,
  0x0020, 0x0021, 0x0020, 0x0020, 0x0020, 0x0020, 0x0020, 0x0020, 0x0020, 0x0021, 0x0020, 0x0021,
  0x0020, 0x0020, 0x0020, 0x0020, 0x0020, 0x0020, 0x0020, 0x0020, 0x0020, 0x0020, 0x0020, 0x0020,
  0x0020, 0x0020, 0x0020, 0x0020, 0x0020, 0x0020, 0x0020, 0x0020, 0x0020, 0x0020, 0x0020, 0x0020,
  0x0020, 0x0021, 0x0020, 0x0020, 0x0020, 0x0020, 0x0020, 0x0020, 0x0020, 0x0020, 0x0020, 0x0020,
  0x0020, 0x0020, 0x0020, 0x0020, 0x0020, 0x0020, 0x0020, 0x0020, 0x0020, 0x0020, 0x0020, 0x0020,
  0x0020, 0x0020, 0x0020, 0x0020, 0x0020, 0x0020, 0x0000, 0x0000, 0x0820, 0x28A1, 0x5142, 0x79E2,
  0x71C2, 0x1060, 0x0000, 0x0020, 0x0020, 0x0020, 0x0020, 0x0020, 0x0020, 0x0020, 0x0020, 0x0020,
  0x0020, 0x0020, 0x0020, 0x0020, 0x0020, 0x0020, 0x0020, 0x0020, 0x0020, 0x0020, 0x0020, 0x0020,
  0x0020, 0x0020, 0x0020, 0x0020, 0x0020, 0x0020, 0x0020, 0x0020, 0x0020, 0x0021, 0x0020, 0x0020,
  0x0020, 0x0020, 0x0020, 0x0020, 0x0020, 0x0020, 0x0020, 0x0020, 0x0020, 0x0020, 0x0020, 0x0020,
  0x0020, 0x0020, 0x0020, 0x0020, 0x0020, 0x0020, 0x0020, 0x0020, 0x0020, 0x0020, 0x0020, 0x0020,
  0x0020, 0x0020, 0x0020, 0x0020, 0x0020, 0x0020, 0x0020, 0x0020, 0x0020, 0x0020, 0x0020, 0x0020,
  0x0020, 0x0020, 0x0020, 0x0020, 0x0020, 0x0020, 0x0020, 0x0020, 0x0020, 0x0020, 0x0020, 0x0020,
  0x0020, 0x0020, 0x0020, 0x0020, 0x0020, 0x0020, 0x0020, 0x0020, 0x0020, 0x0020, 0x0020, 0x0020,
  0x0020, 0x0020, 0x0020, 0x0021, 0x0020, 0x0020, 0x0020, 0x0020, 0x0020, 0x0020, 0x0020, 0x0020,
  0x0020, 0x0020, 0x0020, 0x0020, 0x0020, 0x0020, 0x0020, 0x0020, 0x0020, 0x0020, 0x0020, 0x0020,
  0x0020, 0x0020, 0x0020, 0x0020, 0x0020, 0x0020, 0x0020, 0x0020, 0x0020, 0x0020, 0x0020, 0x0020,
  0x0020, 0x0020, 0x0020, 0x0020, 0x0020, 0x0020, 0x0020, 0x0020, 0x0020, 0x0020, 0x0020, 0x0020,
  0x0020, 0x0020, 0x0020, 0x0021, 0x0020, 0x0020, 0x0020, 0x0020, 0x0020, 0x0020, 0x0020, 0x0020,
  0x0020, 0x0000, 0x0000, 0x0840, 0x1040, 0x0000, 0x0020, 0x0020, 0x0020, 0x0020, 0x0020, 0x0020,
  0x0020, 0x0020, 0x0020, 0x0020, 0x0020, 0x0020, 0x0020, 0x0020, 0x0020, 0x0020, 0x0020, 0x0020,
  0x0020, 0x0020, 0x0020, 0x0020, 0x0020, 0x0020, 0x0020, 0x0020, 0x0020, 0x0020, 0x0020, 0x0020,
  0x0020, 0x0020, 0x0020, 0x0020, 0x0020, 0x0020, 0x0020, 0x0020, 0x0020, 0x0020, 0x0020, 0x0020,
  0x0020, 0x0020, 0x0020, 0x0020, 0x0020, 0x0020, 0x0020, 0x0020, 0x0020, 0x0020, 0x0020, 0x0020,
  0x0020, 0x0020, 0x0020, 0x0020, 0x0020, 0x0020, 0x0020, 0x0020, 0x0020, 0x0020, 0x0020, 0x0020,
  0x0020, 0x0020, 0x0020, 0x0020, 0x0020, 0x0020, 0x0020, 0x0020, 0x0020, 0x0020, 0x0020, 0x0020,
  0x0020, 0x0020, 0x0020, 0x0020, 0x0020, 0x0020, 0x0020, 0x0020, 0x0020, 0x0020, 0x0020, 0x0020,
  0x0020, 0x0021, 0x0020, 0x0020, 0x0020, 0x0020, 0x0020, 0x0020, 0x0020, 0x0020, 0x0020, 0x0020,
  0x0020, 0x0020, 0x0020, 0x0021, 0x0020, 0x0020, 0x0020, 0x0020, 0x0020, 0x0020, 0x0020, 0x0020,
  0x0020, 0x0020, 0x0020, 0x0020, 0x0020, 0x0020, 0x0020, 0x0020, 0x0020, 0x0020, 0x0021, 0x0020,
  0x0020, 0x0020, 0x0020, 0x0020, 0x0020, 0x0020, 0x0021, 0x0020, 0x0020, 0x0020, 0x0020, 0x0020,
  0x0020, 0x0020, 0x0020, 0x0020, 0x0020, 0x0020, 0x0020, 0x0020, 0x0021, 0x0020, 0x0020, 0x0020,
  0x0020, 0x0020, 0x0020, 0x0020, 0x0020, 0x0020, 0x0021, 0x0020, 0x0020, 0x0020, 0x0020, 0x0020,
  0x0020, 0x0020, 0x0020, 0x0020, 0x0020, 0x0020, 0x0020, 0x0020, 0x0020, 0x0020, 0x0020, 0x0020,
  0x0020, 0x0020, 0x0020, 0x0020, 0x0020, 0x0020, 0x0020, 0x0020, 0x0020, 0x0020, 0x0020, 0x0020,
  0x0020, 0x0020, 0x0021, 0x0020, 0x0020, 0x0020, 0x0020, 0x0020, 0x0020, 0x0020, 0x0020, 0x0020,
  0x0020, 0x0020, 0x0020, 0x0020, 0x0020, 0x0020, 0x0020, 0x0020, 0x0020, 0x0020, 0x0020, 0x0020,
  0x0020, 0x0020, 0x0020, 0x0020, 0x0020, 0x0020, 0x0020, 0x0020, 0x0020, 0x0020, 0x0020, 0x0020,
  0x0020, 0x0020, 0x0020, 0x0020, 0x0020, 0x0020, 0x0020, 0x0020, 0x0020, 0x0020, 0x0020, 0x0020,
  0x0020, 0x0020, 0x0020, 0x0020, 0x0020, 0x0020, 0x0020, 0x0020, 0x0020, 0x0020, 0x0020, 0x0020,
  0x0020, 0x0020, 0x0021, 0x0020, 0x0020, 0x0020, 0x0020, 0x0020, 0x0020, 0x0020, 0x0020, 0x0021,
  0x0021, 0x0021, 0x0020, 0x0020, 0x0020, 0x0020, 0x0020, 0x0020, 0x0020, 0x0020, 0x0020, 0x0021,
  0x0020, 0x0020, 0x0020, 0x0020, 0x0020, 0x0020, 0x0020, 0x0020, 0x0020, 0x0020, 0x0020, 0x0021,
  0x0020, 0x0020, 0x0020, 0x0020, 0x0020, 0x0021, 0x0020, 0x0020, 0x0020, 0x0020, 0x0020, 0x0020,
  0x0020, 0x0020, 0x0020, 0x0020, 0x0020, 0x0020, 0x0020, 0x0020, 0x0020, 0x0020, 0x0020, 0x0020,
  0x0020, 0x0020, 0x0020, 0x0020, 0x0020, 0x0020, 0x0020, 0x0020, 0x0020, 0x0020, 0x0020, 0x0020,
  0x0020, 0x0020, 0x0020, 0x0020, 0x0020, 0x0020, 0x0020, 0x0020, 0x0020, 0x0020, 0x0020, 0x0020,
  0x0020, 0x0020, 0x0020, 0x0020, 0x0020, 0x0020, 0x0020, 0x0020, 0x0020, 0x0020, 0x0020, 0x0020,
  0x0020, 0x0020, 0x0020, 0x0020, 0x0020, 0x0020, 0x0021, 0x0020, 0x0020, 0x0020, 0x0020, 0x0020,
  0x0020, 0x0020, 0x0020, 0x0020, 0x0020, 0x0020, 0x0020, 0x0020, 0x0020, 0x0020, 0x0020, 0x0020,
  0x0020, 0x0020, 0x0020, 0x0020, 0x0020, 0x0020, 0x0020, 0x0020, 0x0020, 0x0020, 0x0020, 0x0020,
  0x0020, 0x0020, 0x0020, 0x0020, 0x0020, 0x0020, 0x0020, 0x0020, 0x0020, 0x0020, 0x0020, 0x0020,
  0x0020, 0x0020, 0x0020, 0x0020, 0x0020, 0x0020, 0x0020, 0x0020, 0x0020, 0x0020, 0x0020, 0x0020,
  0x0020, 0x0020, 0x0020, 0x0020, 0x0020, 0x0020, 0x0020, 0x0020, 0x0020, 0x0020, 0x0020, 0x0020,
  0x0020, 0x0021, 0x0021, 0x0020, 0x0020, 0x0020, 0x0021, 0x0020, 0x0020, 0x0020, 0x0020, 0x0020,
  0x0020, 0x0020, 0x0020, 0x0020, 0x0020, 0x0020, 0x0020, 0x0020, 0x0020, 0x0020, 0x0020, 0x0020,
  0x0020, 0x0020, 0x0020, 0x0020, 0x0020, 0x0020, 0x0020, 0x0020, 0x0020, 0x0020, 0x0020, 0x0020,
  0x0020, 0x0021, 0x0020, 0x0020, 0x0020, 0x0020, 0x0020, 0x0020, 0x0020, 0x0020, 0x0020, 0x0020,
  0x0020, 0x0020, 0x0020, 0x0020, 0x0020, 0x0020, 0x0020, 0x0020, 0x0020, 0x0020, 0x0020, 0x0020,
  0x0020, 0x0020, 0x0020, 0x0020, 0x0020, 0x0020, 0x0020, 0x0020, 0x0020, 0x0020, 0x0020, 0x0020,
  0x0020, 0x0020, 0x0020, 0x0020, 0x0020, 0x0020, 0x0020, 0x0020, 0x0020, 0x0020, 0x0020, 0x0020,
  0x0020, 0x0020, 0x0020, 0x0020, 0x0020, 0x0020, 0x0020, 0x0020, 0x0020, 0x0020, 0x0020, 0x0020,
  0x0020, 0x0020, 0x0020, 0x0020, 0x0020, 0x0020, 0x0020, 0x0020, 0x0020, 0x0020, 0x0020, 0x0020,
  0x0020, 0x0020, 0x0020, 0x0020, 0x0020, 0x0020, 0x0020, 0x0020, 0x0020, 0x0020, 0x0020, 0x0021,
  0x0020, 0x0020, 0x0020, 0x0020, 0x0020, 0x0020, 0x0020, 0x0020, 0x0020, 0x0020, 0x0020, 0x0020,
  0x0020, 0x0020, 0x0020, 0x0020, 0x0020, 0x0020, 0x0020, 0x0020, 0x0020, 0x0020, 0x0020, 0x0020,
  0x0020, 0x0020, 0x0020, 0x0020, 0x0020, 0x0020, 0x0020, 0x0020, 0x0020, 0x0020, 0x0020, 0x0020,
  0x0020, 0x0020, 0x0020, 0x0020, 0x0020, 0x0021, 0x0020, 0x0020, 0x0020, 0x0020, 0x0020, 0x0020,
  0x0020, 0x0020, 0x0020, 0x0020, 0x0020, 0x0020, 0x0020, 0x0020, 0x0020, 0x0020, 0x0020, 0x0020,
  0x0020, 0x0020, 0x0020, 0x0020, 0x0020, 0x0021, 0x0020, 0x0020, 0x0020, 0x0020, 0x0020, 0x0020,
  0x0020, 0x0020, 0x0020, 0x0020, 0x0020, 0x0020, 0x0020, 0x0020, 0x0020, 0x0020, 0x0020, 0x0020,
  0x0020, 0x0020, 0x0020, 0x0020, 0x0020, 0x0020, 0x0020, 0x0020, 0x0020, 0x0020, 0x0020, 0x0020,
  0x0020, 0x0020, 0x0020, 0x0020, 0x0020, 0x0020, 0x0020, 0x0020, 0x0020, 0x0020, 0x0020, 0x0020,
  0x0020, 0x0020, 0x0020, 0x0020, 0x0020, 0x0020, 0x0020, 0x0020, 0x0020, 0x0020, 0x0020, 0x0020,
  0x0020, 0x0020, 0x0020, 0x0020, 0x0020, 0x0020, 0x0020, 0x0020, 0x0020, 0x0020, 0x0020, 0x0020,
  0x0020, 0x0020, 0x0020, 0x0020, 0x0020, 0x0020, 0x0020, 0x0020, 0x0020, 0x0020, 0x0020, 0x0020,
  0x0020, 0x0020, 0x0020, 0x0020, 0x0020, 0x0020, 0x0020, 0x0020, 0x0020, 0x0020, 0x0020, 0x0020,
  0x0020, 0x0020, 0x0020, 0x0020, 0x0020, 0x0020, 0x0020, 0x0020, 0x0020, 0x0020, 0x0020, 0x0020,
  0x0020, 0x0020, 0x0020, 0x0020, 0x0020, 0x0020, 0x0020, 0x0020, 0x0020, 0x0020, 0x0020, 0x0020,
  0x0020, 0x0020, 0x0020, 0x0020, 0x0020, 0x0020, 0x0020, 0x0020, 0x0020, 0x0020, 0x0020, 0x0020,
  0x0020, 0x0020, 0x0020, 0x0020, 0x0020, 0x0020, 0x0020, 0x0020, 0x0020, 0x0020, 0x0020, 0x0021,
  0x0021, 0x0021, 0x0020, 0x0020, 0x0020, 0x0020, 0x0020, 0x0020, 0x0020, 0x0020, 0x0020, 0x0020,
  0x0020, 0x0020, 0x0020, 0x0020, 0x0020, 0x0020, 0x0020, 0x0020, 0x0020, 0x0020, 0x0020, 0x0020,
  0x0020, 0x0020, 0x0020, 0x0020, 0x0021, 0x0020, 0x0020, 0x0020, 0x0020, 0x0020, 0x0020, 0x0020,
  0x0020, 0x0020, 0x0020, 0x0020, 0x0020, 0x0020, 0x0020, 0x0020, 0x0020, 0x0020, 0x0020, 0x0020,
  0x0020, 0x0020, 0x0020, 0x0020, 0x0020, 0x0020, 0x0020, 0x0020, 0x0020, 0x0020, 0x0020, 0x0020,
  0x0020, 0x0020, 0x0020, 0x0020, 0x0020, 0x0020, 0x0020, 0x0020, 0x0021, 0x0020, 0x0020, 0x0020,
  0x0020, 0x0020, 0x0020, 0x0020, 0x0020, 0x0020, 0x0020, 0x0020, 0x0020, 0x0020, 0x0020, 0x0020,
  0x0020, 0x0020, 0x0020, 0x0020, 0x0020, 0x0020, 0x0020, 0x0020, 0x0020, 0x0020, 0x0020, 0x0020,
  0x0020, 0x0020, 0x0020, 0x0020, 0x0020, 0x0020, 0x0020, 0x0020, 0x0020, 0x0020, 0x0020, 0x0020,
  0x0020, 0x0020, 0x0020, 0x0020, 0x0020, 0x0020, 0x0020, 0x0020, 0x0020, 0x0020, 0x0020, 0x0020,
  0x0020, 0x0020, 0x0020, 0x0020, 0x0020, 0x0020, 0x0020, 0x0020, 0x0020, 0x0020, 0x0020, 0x0020,
  0x0020, 0x0020, 0x0020, 0x0020, 0x0020, 0x0020, 0x0020, 0x0020, 0x0020, 0x0020, 0x0020, 0x0020,
  0x0020, 0x0020, 0x0020, 0x0020, 0x0020, 0x0020, 0x0020, 0x0020, 0x0020, 0x0021, 0x0020, 0x0020,
  0x0020, 0x0020, 0x0020, 0x0021, 0x0020, 0x0020, 0x0020, 0x0020, 0x0020, 0x0020, 0x0020, 0x0020,
  0x0020, 0x0020, 0x0020, 0x0020, 0x0020, 0x0020, 0x0021, 0x0020, 0x0020, 0x0020, 0x0020, 0x0020,
  0x0020, 0x0020, 0x0020, 0x0020, 0x0020, 0x0020, 0x0020, 0x0020, 0x0020, 0x0020, 0x0020, 0x0020,
  0x0020, 0x0020, 0x0020, 0x0020, 0x0020, 0x0020, 0x0020, 0x0020, 0x0020, 0x0020, 0x0020, 0x0020,
  0x0020, 0x0020, 0x0020, 0x0020, 0x0020, 0x0020, 0x0020, 0x0020, 0x0020, 0x0020, 0x0020, 0x0020,
  0x0020, 0x0020, 0x0020, 0x0020, 0x0020, 0x0020, 0x0020, 0x0020, 0x0020, 0x0020, 0x0020, 0x0020,
  0x0020, 0x0020, 0x0020, 0x0020, 0x0020, 0x0020, 0x0020, 0x0020, 0x0020, 0x0020, 0x0020, 0x0020,
  0x0020, 0x0020, 0x0020, 0x0020, 0x0020, 0x0020, 0x0020, 0x0020, 0x0020, 0x0020, 0x0020, 0x0020,
  0x0020, 0x0020, 0x0020, 0x0020, 0x0020, 0x0020, 0x0020, 0x0020, 0x0020, 0x0020, 0x0020, 0x0020,
  0x0020, 0x0020, 0x0020, 0x0020, 0x0020, 0x0020, 0x0020, 0x0020, 0x0020, 0x0020, 0x0020, 0x0020,
  0x0020, 0x0020, 0x0020, 0x0020, 0x0020, 0x0020, 0x0020, 0x0020, 0x0020, 0x0020, 0x0020, 0x0020,
  0x0020, 0x0020, 0x0020, 0x0020, 0x0020, 0x0020, 0x0020, 0x0020, 0x0020, 0x0020, 0x0020, 0x0020,
  0x0020, 0x0020, 0x0020, 0x0021, 0x0020, 0x0020, 0x0020, 0x0020, 0x0020, 0x0020, 0x0020, 0x0020,
  0x0020, 0x0020, 0x0020, 0x0020, 0x0020, 0x0020, 0x0020, 0x0020, 0x0020, 0x0021, 0x0020, 0x0020,
  0x0020, 0x0020, 0x0020, 0x0020, 0x0020, 0x0020, 0x0020, 0x0020, 0x0020, 0x0020, 0x0020, 0x0020,
  0x0020, 0x0020, 0x0020, 0x0020, 0x0020, 0x0020, 0x0020, 0x0020, 0x0020, 0x0020, 0x0020, 0x0020,
  0x0020, 0x0020, 0x0020, 0x0020, 0x0020, 0x0020, 0x0020, 0x0020, 0x0020, 0x0020, 0x0020, 0x0020,
  0x0021, 0x0020, 0x0020, 0x0020, 0x0020, 0x0020, 0x0020, 0x0020, 0x0021, 0x0020, 0x0020, 0x0020,
  0x0021, 0x0020, 0x0020, 0x0021, 0x0020, 0x0020, 0x0020, 0x0020, 0x0020, 0x0020, 0x0020, 0x0020,
  0x0020, 0x0020, 0x0020, 0x0020, 0x0020, 0x0020, 0x0020, 0x0020, 0x0020, 0x0020, 0x0020, 0x0020,
  0x0020, 0x0020, 0x0020, 0x0020, 0x0020, 0x0020, 0x0020, 0x0020, 0x0020, 0x0020, 0x0020, 0x0020,
  0x0020, 0x0020, 0x0020, 0x0020, 0x0020, 0x0020, 0x0020, 0x0020, 0x0020, 0x0020, 0x0020, 0x0020,
  0x0020, 0x0020, 0x0020, 0x0020, 0x0020, 0x0020, 0x0020, 0x0020, 0x0020, 0x0020, 0x0020, 0x0020,
  0x0020, 0x0020, 0x0020, 0x0020, 0x0020, 0x0020, 0x0020, 0x0020, 0x0020, 0x0020, 0x0020, 0x0020,
  0x0020, 0x0020, 0x0020, 0x0020, 0x0020, 0x0020, 0x0020, 0x0020, 0x0020, 0x0020, 0x0020, 0x0020,
  0x0020, 0x0020, 0x0020, 0x0020, 0x0020, 0x0020, 0x0020, 0x0021, 0x0020, 0x0020, 0x0020, 0x0020,
  0x0020, 0x0020, 0x0020, 0x0020, 0x0020, 0x0020, 0x0020, 0x0020, 0x0020, 0x0020, 0x0020, 0x0020,
  0x0020, 0x0020, 0x0020, 0x0020, 0x0020, 0x0020, 0x0020, 0x0020, 0x0020, 0x0020, 0x0020, 0x0020,
  0x0020, 0x0020, 0x0020, 0x0020, 0x0020, 0x0020, 0x0020, 0x0020, 0x0020, 0x0020, 0x0020, 0x0020,
  0x0020, 0x0020, 0x0020, 0x0020, 0x0020, 0x0020, 0x0020, 0x0020, 0x0020, 0x0021, 0x0020, 0x0020,
  0x0020, 0x0020, 0x0020, 0x0020, 0x0020, 0x0020, 0x0020, 0x0020, 0x0020, 0x0020, 0x0020, 0x0020,
  0x0020, 0x0020, 0x0020, 0x0021, 0x0020, 0x0020, 0x0020, 0x0020, 0x0020, 0x0020, 0x0020, 0x0020,
  0x0020, 0x0020, 0x0020, 0x0020, 0x0020, 0x0020, 0x0021, 0x0020, 0x0020, 0x0020, 0x0020, 0x0020,
  0x0021, 0x0020, 0x0020, 0x0020, 0x0020, 0x0020, 0x0020, 0x0020, 0x0020, 0x0020, 0x0020, 0x0020,
  0x0020, 0x0020, 0x0020, 0x0020, 0x0020, 0x0020, 0x0020, 0x0020, 0x0020, 0x0020, 0x0020, 0x0020,
  0x0020, 0x0020, 0x0020, 0x0020, 0x0020, 0x0020, 0x0020, 0x0020, 0x0020, 0x0020, 0x0020, 0x0020,
  0x0020, 0x0020, 0x0020, 0x0020, 0x0020, 0x0021, 0x0020, 0x0020, 0x0020, 0x0020, 0x0020, 0x0020,
  0x0020, 0x0020, 0x0020, 0x0020, 0x0020, 0x0020, 0x0020, 0x0020, 0x0020, 0x0020, 0x0020, 0x0020,
  0x0020, 0x0020, 0x0020, 0x0020, 0x0020, 0x0020, 0x0020, 0x0020, 0x0020, 0x0020, 0x0020, 0x0020,
  0x0020, 0x0020, 0x0020, 0x0020, 0x0020, 0x0020, 0x0020, 0x0020, 0x0020, 0x0020, 0x0020, 0x0021,
  0x0020, 0x0020, 0x0020, 0x0020, 0x0020, 0x0020, 0x0020, 0x0020, 0x0020, 0x0020, 0x0020, 0x0020,
  0x0020, 0x0020, 0x0020, 0x0020, 0x0020, 0x0020, 0x0020, 0x0020, 0x0020, 0x0020, 0x0020, 0x0020,
  0x0020, 0x0020, 0x0020, 0x0020, 0x0020, 0x0020, 0x0020, 0x0020, 0x0020, 0x0020, 0x0020, 0x0020,
  0x0020, 0x0020, 0x0020, 0x0020, 0x0020, 0x0020, 0x0020, 0x0020, 0x0020, 0x0020, 0x0020, 0x0020,
  0x0020, 0x0020, 0x0020, 0x0020, 0x0020, 0x0020, 0x0020, 0x0020, 0x0020, 0x0021, 0x0020, 0x0020,
  0x0020, 0x0020, 0x0020, 0x0021, 0x0020, 0x0020, 0x0020, 0x0020, 0x0020, 0x0020, 0x0020, 0x0020,
  0x0020, 0x0020, 0x0020, 0x0020, 0x0020, 0x0020, 0x0020, 0x0020, 0x0020, 0x0020, 0x0020, 0x0020,
  0x0020, 0x0020, 0x0020, 0x0020, 0x0020, 0x0020, 0x0020, 0x0020, 0x0020, 0x0020, 0x0020, 0x0020,
  0x0020, 0x0020, 0x0020, 0x0020, 0x0020, 0x0020, 0x0020, 0x0020, 0x0020, 0x0020, 0x0020, 0x0020,
  0x0020, 0x0020, 0x0020, 0x0020, 0x0020, 0x0020, 0x0020, 0x0020, 0x0020, 0x0020, 0x0020, 0x0020,
  0x0020, 0x0020, 0x0020, 0x0020, 0x0020, 0x0020, 0x0020, 0x0020, 0x0020, 0x0020, 0x0020, 0x0020,
  0x0020, 0x0020, 0x0020, 0x0020, 0x0020, 0x0020, 0x0020, 0x0020, 0x0020, 0x0020, 0x0020, 0x0020,
  0x0020, 0x0020, 0x0021, 0x0020, 0x0020, 0x0020, 0x0020, 0x0020, 0x0020, 0x0020, 0x0020, 0x0020,
  0x0020, 0x0020, 0x0020, 0x0020, 0x0020, 0x0020, 0x0020, 0x0020, 0x0020, 0x0020, 0x0020, 0x0020,
  0x0020, 0x0020, 0x0020, 0x0020, 0x0020, 0x0020, 0x0020, 0x0020, 0x0020, 0x0020, 0x0020, 0x0020,
  0x0020, 0x0020, 0x0020, 0x0020, 0x0020, 0x0020, 0x0020, 0x0020, 0x0020, 0x0020, 0x0020, 0x0020,
  0x0020, 0x0020, 0x0020, 0x0020, 0x0020, 0x0020, 0x0020, 0x0020, 0x0020, 0x0020, 0x0020, 0x0020,
  0x0020, 0x0020, 0x0020, 0x0020, 0x0020, 0x0020, 0x0020, 0x0020, 0x0021, 0x0020, 0x0020, 0x0020,
  0x0021, 0x0020, 0x0020, 0x0020, 0x0020, 0x0020, 0x0020, 0x0020, 0x0020, 0x0020, 0x0020, 0x0020,
  0x0020, 0x0021, 0x0021, 0x0020, 0x0020, 0x0020, 0x0020, 0x0020, 0x0020, 0x0020, 0x0020, 0x0020,
  0x0020, 0x0020, 0x0020, 0x0020, 0x0020, 0x0020, 0x0020, 0x0020, 0x0020, 0x0020, 0x0020, 0x0020,
  0x0020, 0x0020, 0x0020, 0x0020, 0x0020, 0x0020, 0x0020, 0x0020, 0x0020, 0x0020, 0x0020, 0x0020,
  0x0020, 0x0020, 0x0020, 0x0020, 0x0020, 0x0020, 0x0020, 0x0020, 0x0020, 0x0020, 0x0020, 0x0020,
  0x0020, 0x0020, 0x0020, 0x0020, 0x0020, 0x0020, 0x0020, 0x0020, 0x0020, 0x0020, 0x0020, 0x0020,
  0x0020, 0x0020, 0x0020, 0x0020, 0x0020, 0x0020, 0x0020, 0x0020, 0x0020, 0x0020, 0x0020, 0x0020,
  0x0020, 0x0020, 0x0020, 0x0020, 0x0020, 0x0020, 0x0020, 0x0020, 0x0020, 0x0020, 0x0020, 0x0020,
  0x0020, 0x0020, 0x0020, 0x0021, 0x0020, 0x0020, 0x0020, 0x0020, 0x0020, 0x0020, 0x0020, 0x0020,
  0x0020, 0x0020, 0x0020, 0x0020, 0x0020, 0x0020, 0x0020, 0x0020, 0x0020, 0x0020, 0x0020, 0x0020,
  0x0020, 0x0020, 0x0020, 0x0020, 0x0020, 0x0020, 0x0020, 0x0020, 0x0020, 0x0020, 0x0020, 0x0020,
  0x0020, 0x0020, 0x0020, 0x0021, 0x0020, 0x0020, 0x0020, 0x0020, 0x0020, 0x0020, 0x0020, 0x0020,
  0x0020, 0x0020, 0x0020, 0x0020, 0x0020, 0x0020, 0x0020, 0x0020, 0x0020, 0x0020, 0x0020, 0x0020,
  0x0020, 0x0020, 0x0020, 0x0021, 0x0021, 0x0020, 0x0020, 0x0020, 0x0020, 0x0020, 0x0020, 0x0020,
  0x0020, 0x0020, 0x0020, 0x0020, 0x0020, 0x0020, 0x0020, 0x0020, 0x0020, 0x0020, 0x0020, 0x0020,
  0x0020, 0x0020, 0x0020, 0x0020, 0x0020, 0x0020, 0x0020, 0x0020, 0x0020, 0x0020, 0x0020, 0x0020,
  0x0020, 0x0020, 0x0020, 0x0020, 0x0020, 0x0020, 0x0020, 0x0020, 0x0020, 0x0020, 0x0020, 0x0020,
  0x0020, 0x0020, 0x0020, 0x0020, 0x0020, 0x0020, 0x0020, 0x0020, 0x0020, 0x0020, 0x0020, 0x0020,
  0x0020, 0x0020, 0x0020, 0x0020, 0x0020, 0x0020, 0x0020, 0x0020, 0x0020, 0x0020, 0x0020, 0x0020,
  0x0021, 0x0020, 0x0020, 0x0020, 0x0020, 0x0020, 0x0020, 0x0020, 0x0020, 0x0020, 0x0020, 0x0020,
  0x0020, 0x0020, 0x0020, 0x0020, 0x0020, 0x0020, 0x0020, 0x0021, 0x0020, 0x0020, 0x0020, 0x0020,
  0x0020, 0x0020, 0x0020, 0x0020, 0x0020, 0x0020, 0x0020, 0x0021, 0x0020, 0x0020, 0x0020, 0x0020,
  0x0020, 0x0020, 0x0020, 0x0020, 0x0020, 0x0020, 0x0020, 0x0020, 0x0020, 0x0020, 0x0020, 0x0020,
  0x0020, 0x0020, 0x0020, 0x0020, 0x0020, 0x0020, 0x0020, 0x0020, 0x0020, 0x0020, 0x0020, 0x0020,
  0x0020, 0x0020, 0x0020, 0x0020, 0x0020, 0x0020, 0x0020, 0x0020, 0x0020, 0x0020, 0x0020, 0x0020,
  0x0020, 0x0020, 0x0020, 0x0020, 0x0020, 0x0020, 0x0020, 0x0020, 0x0020, 0x0021, 0x0020, 0x0020,
  0x0020, 0x0020, 0x0020, 0x0020, 0x0021, 0x0020, 0x0020, 0x0020, 0x0021, 0x0020, 0x0020, 0x0020,
  0x0020, 0x0020, 0x0020, 0x0020, 0x0020, 0x0020, 0x0020, 0x0020, 0x0020, 0x0020, 0x0020, 0x0020,
  0x0020, 0x0020, 0x0020, 0x0020, 0x0020, 0x0020, 0x0020, 0x0020, 0x0020, 0x0020, 0x0020, 0x0020,
  0x0020, 0x0020, 0x0020, 0x0020, 0x0020, 0x0020, 0x0020, 0x0020, 0x0020, 0x0020, 0x0020, 0x0020,
  0x0020, 0x0020, 0x0020, 0x0020, 0x0020, 0x0020, 0x0020, 0x0020, 0x0020, 0x0020, 0x0020, 0x0020,
  0x0020, 0x0020, 0x0020, 0x0020, 0x0020, 0x0020, 0x0020, 0x0020, 0x0020, 0x0020, 0x0020, 0x0020,
  0x0020, 0x0020, 0x0020, 0x0020, 0x0020, 0x0020, 0x0020, 0x0020, 0x0020, 0x0020, 0x0020, 0x0020,
  0x0020, 0x0020, 0x0020, 0x0020, 0x0020, 0x0020, 0x0020, 0x0020, 0x0020, 0x0020, 0x0020, 0x0020,
  0x0020, 0x0020, 0x0020, 0x0020, 0x0020, 0x0020, 0x0020, 0x0020, 0x0020, 0x0020, 0x0020, 0x0020,
  0x0020, 0x0020, 0x0020, 0x0020, 0x0020, 0x0020, 0x0020, 0x0020, 0x0020, 0x0020, 0x0021, 0x0020,
  0x0020, 0x0020, 0x0020, 0x0020, 0x0020, 0x0020, 0x0020, 0x0020, 0x0020, 0x0020, 0x0020, 0x0020,
  0x0020, 0x0020, 0x0020, 0x0020, 0x0020, 0x0020, 0x0020, 0x0020, 0x0020, 0x0020, 0x0020, 0x0020,
  0x0020, 0x0020, 0x0020, 0x0020, 0x0020, 0x0020, 0x0020, 0x0020, 0x0020, 0x0020, 0x0020, 0x0020,
  0x0020, 0x0020, 0x0020, 0x0020, 0x0020, 0x0020, 0x0021, 0x0021, 0x0021, 0x0020, 0x0020, 0x0020,
  0x0020, 0x0020, 0x0020, 0x0020, 0x0021, 0x0020, 0x0020, 0x0020, 0x0020, 0x0020, 0x0020, 0x0020,
  0x0020, 0x0020, 0x0020, 0x0020, 0x0020, 0x0021, 0x0020, 0x0020, 0x0020, 0x0020, 0x0020, 0x0020,
  0x0020, 0x0020, 0x0020, 0x0020, 0x0020, 0x0020, 0x0020, 0x0020, 0x0020, 0x0021, 0x0020, 0x0020,
  0x0020, 0x0020, 0x0020, 0x0020, 0x0020, 0x0020, 0x0020, 0x0020, 0x0020, 0x0020, 0x0020, 0x0020,
  0x0020, 0x0020, 0x0020, 0x0020, 0x0020, 0x0020, 0x0020, 0x0020, 0x0020, 0x0020, 0x0020, 0x0020,
  0x0020, 0x0020, 0x0020, 0x0020, 0x0020, 0x0020, 0x0020, 0x0020, 0x0020, 0x0020, 0x0020, 0x0020,
  0x0020, 0x0020, 0x0020, 0x0020, 0x0020, 0x0020, 0x0020, 0x0020, 0x0020, 0x0020, 0x0020, 0x0020,
  0x0020, 0x0020, 0x0020, 0x0020, 0x0020, 0x0020, 0x0020, 0x0020, 0x0020, 0x0020, 0x0020, 0x0020,
  0x0020, 0x0020, 0x0020, 0x0020, 0x0020, 0x0020, 0x0020, 0x0020, 0x0020, 0x0020, 0x0020, 0x0020,
  0x0020, 0x0020, 0x0020, 0x0020, 0x0020, 0x0020, 0x0020, 0x0020, 0x0020, 0x0020, 0x0020, 0x0020,
  0x0020, 0x0020, 0x0020, 0x0020, 0x0020, 0x0020, 0x0020, 0x0020, 0x0020, 0x0020, 0x0020, 0x0020,
  0x0020, 0x0020, 0x0020, 0x0020, 0x0020, 0x0020, 0x0020, 0x0020, 0x0020, 0x0020, 0x0020, 0x0020,
  0x0020, 0x0020, 0x0020, 0x0020, 0x0020, 0x0020, 0x0020, 0x0020, 0x0020, 0x0020, 0x0020, 0x0020,
  0x0020, 0x0020, 0x0020, 0x0020, 0x0020, 0x0020, 0x0020, 0x0020, 0x0020, 0x0020, 0x0020, 0x0020,
  0x0020, 0x0020, 0x0020, 0x0020, 0x0020, 0x0020, 0x0020, 0x0020, 0x0020, 0x0020, 0x0020, 0x0020,
  0x0020, 0x0020, 0x0020, 0x0020, 0x0020, 0x0020, 0x0020, 0x0020, 0x0020, 0x0020, 0x0020, 0x0020,
  0x0020, 0x0020, 0x0020, 0x0020, 0x0020, 0x0020, 0x0020, 0x0020, 0x0020, 0x0021, 0x0020, 0x0020,
  0x0020, 0x0020, 0x0020, 0x0020, 0x0020, 0x0020, 0x0020, 0x0020, 0x0020, 0x0020, 0x0020, 0x0020,
  0x0020, 0x0020, 0x0020, 0x0020, 0x0020, 0x0020, 0x0020, 0x0020, 0x0020, 0x0020, 0x0020, 0x0020,
  0x0020, 0x0020, 0x0020, 0x0020, 0x0020, 0x0020, 0x0020, 0x0020, 0x0020, 0x0020, 0x0020, 0x0020,
  0x0020, 0x0020, 0x0020, 0x0020, 0x0020, 0x0020, 0x0020, 0x0020, 0x0020, 0x0020, 0x0020, 0x0020,
  0x0020, 0x0020, 0x0020, 0x0020, 0x0020, 0x0020, 0x0020, 0x0020, 0x0020, 0x0020, 0x0020, 0x0020,
  0x0020, 0x0020, 0x0020, 0x0020, 0x0020, 0x0020, 0x0020, 0x0020, 0x0020, 0x0020, 0x0020, 0x0020,
  0x0020, 0x0020, 0x0021, 0x0020, 0x0020, 0x0020, 0x0020, 0x0020, 0x0020, 0x0020, 0x0020, 0x0020,
  0x0020, 0x0020, 0x0020, 0x0020, 0x0020, 0x0020, 0x0020, 0x0020, 0x0020, 0x0020, 0x0020, 0x0020,
  0x0020, 0x0020, 0x0020, 0x0020, 0x0020, 0x0020, 0x0020, 0x0020, 0x0020, 0x0020, 0x0020, 0x0020,
  0x0020, 0x0020, 0x0020, 0x0020, 0x0020, 0x0020, 0x0020, 0x0020, 0x0020, 0x0020, 0x0020, 0x0020,
  0x0020, 0x0020, 0x0020, 0x0020, 0x0020, 0x0020, 0x0020, 0x0020, 0x0020, 0x0020, 0x0020, 0x0020,
  0x0020, 0x0020, 0x0020, 0x0020, 0x0020, 0x0020, 0x0020, 0x0020, 0x0020, 0x0020, 0x0021, 0x0020,
  0x0020, 0x0020, 0x0020, 0x0020, 0x0020, 0x0020, 0x0020, 0x0020, 0x0020, 0x0020, 0x0020, 0x0020,
  0x0020, 0x0020, 0x0020, 0x0020, 0x0020, 0x0020, 0x0020, 0x0020, 0x0020, 0x0020, 0x0020, 0x0020,
  0x0020, 0x0020, 0x0020, 0x0020, 0x0020, 0x0020, 0x0020, 0x0020, 0x0020, 0x0020, 0x0020, 0x0020,
  0x0020, 0x0020, 0x0020, 0x0020, 0x0020, 0x0020, 0x0020, 0x0020, 0x0020, 0x0020, 0x0020, 0x0020,
  0x0020, 0x0020, 0x0020, 0x0020, 0x0020, 0x0020, 0x0020, 0x0020, 0x0020, 0x0020, 0x0020, 0x0020,
  0x0020, 0x0020, 0x0020, 0x0020, 0x0020, 0x0020, 0x0020, 0x0020, 0x0020, 0x0020, 0x0020, 0x0020,
  0x0020, 0x0020, 0x0020, 0x0020, 0x0020, 0x0020, 0x0020, 0x0020, 0x0020, 0x0020, 0x0020, 0x0020,
  0x0020, 0x0020, 0x0020, 0x0020, 0x0020, 0x0020, 0x0020, 0x0020, 0x0020, 0x0020, 0x0021, 0x0020,
  0x0020, 0x0020, 0x0020, 0x0020, 0x0020, 0x0020, 0x0020, 0x0020, 0x0020, 0x0020, 0x0020, 0x0020,
  0x0020, 0x0020, 0x0020, 0x0020, 0x0020, 0x0020, 0x0020, 0x0020, 0x0020, 0x0020, 0x0020, 0x0020,
  0x0020, 0x0020, 0x0020, 0x0020, 0x0020, 0x0020, 0x0020, 0x0020, 0x0020, 0x0020, 0x0020, 0x0020,
  0x0020, 0x0020, 0x0020, 0x0020, 0x0020, 0x0020, 0x0020, 0x0020, 0x0020, 0x0020, 0x0020, 0x0020,
  0x0020, 0x0020, 0x0020, 0x0020, 0x0020, 0x0020, 0x0020, 0x0020, 0x0020, 0x0020, 0x0020, 0x0020,
  0x0021, 0x0020, 0x0020, 0x0020, 0x0020, 0x0020, 0x0020, 0x0020, 0x0020, 0x0020, 0x0020, 0x0020,
  0x0020, 0x0020, 0x0020, 0x0020, 0x0020, 0x0020, 0x0020, 0x0020, 0x0020, 0x0020, 0x0020, 0x0020,
  0x0020, 0x0020, 0x0020, 0x0020, 0x0020, 0x0020, 0x0020, 0x0020, 0x0020, 0x0020, 0x0020, 0x0020,
  0x0020, 0x0020, 0x0020, 0x0020, 0x0020, 0x0020, 0x0020, 0x0020, 0x0020, 0x0020, 0x0020, 0x0020,
  0x0020, 0x0020, 0x0020, 0x0020, 0x0020, 0x0020, 0x0020, 0x0020, 0x0020, 0x0020, 0x0020, 0x0020,
  0x0020, 0x0020, 0x0020, 0x0020, 0x0020, 0x0020, 0x0020, 0x0020, 0x0020, 0x0020, 0x0020, 0x0020,
  0x0020, 0x0020, 0x0020, 0x0020, 0x0020, 0x0020, 0x0020, 0x0020, 0x0020, 0x0020, 0x0020, 0x0021,
  0x0020, 0x0020, 0x0020, 0x0020, 0x0020, 0x0020, 0x0020, 0x0020, 0x0020, 0x0020, 0x0020, 0x0020,
  0x0020, 0x0020, 0x0020, 0x0020, 0x0020, 0x0020, 0x0020, 0x0020, 0x0020, 0x0020, 0x0020, 0x0020,
  0x0020, 0x0020, 0x0020, 0x0020, 0x0020, 0x0020, 0x0020, 0x0020, 0x0020, 0x0020, 0x0020, 0x0020,
  0x0020, 0x0020, 0x0020, 0x0020, 0x0020, 0x0020, 0x0020, 0x0020, 0x0020, 0x0020, 0x0020, 0x0020,
  0x0020, 0x0020, 0x0020, 0x0020, 0x0020, 0x0020, 0x0020, 0x0020, 0x0020, 0x0020, 0x0020, 0x0020,
  0x0020, 0x0020, 0x0020, 0x0020, 0x0020, 0x0020, 0x0020, 0x0020, 0x0021, 0x0020, 0x0020, 0x0020,
  0x0020, 0x0020, 0x0020, 0x0020, 0x0020, 0x0020, 0x0020, 0x0020, 0x0020, 0x0020, 0x0020, 0x0020,
  0x0020, 0x0020, 0x0020, 0x0020, 0x0020, 0x0020, 0x0020, 0x0020, 0x0020, 0x0020, 0x0020, 0x0020,
  0x0020, 0x0020, 0x0020, 0x0020, 0x0020, 0x0020, 0x0020, 0x0020, 0x0020, 0x0020, 0x0020, 0x0020,
  0x0020, 0x0020, 0x0020, 0x0020, 0x0020, 0x0020, 0x0020, 0x0020, 0x0020, 0x0020, 0x0020, 0x0020,
  0x0020, 0x0020, 0x0020, 0x0020, 0x0020, 0x0020, 0x0020, 0x0020, 0x0020, 0x0020, 0x0020, 0x0020,
  0x0020, 0x0020, 0x0020, 0x0020, 0x0020, 0x0020, 0x0020, 0x0020, 0x0020, 0x0020, 0x0020, 0x0020,
  0x0020, 0x0020, 0x0020, 0x0020, 0x0020, 0x0020, 0x0020, 0x0020, 0x0020, 0x0020, 0x0020, 0x0020,
  0x0020, 0x0020, 0x0020, 0x0020, 0x0020, 0x0020, 0x0020, 0x0020, 0x0020, 0x0020, 0x0020, 0x0020,
  0x0020, 0x0020, 0x0020, 0x0020, 0x0020, 0x0020, 0x0020, 0x0020, 0x0020, 0x0020, 0x0020, 0x0020,
  0x0020, 0x0020, 0x0020, 0x0020, 0x0020, 0x0020, 0x0020, 0x0020, 0x0020, 0x0020, 0x0020, 0x0020,
  0x0020, 0x0020, 0x0020, 0x0020, 0x0020, 0x0020, 0x0020, 0x0020, 0x0020, 0x0020, 0x0020, 0x0020,
  0x0020, 0x0020, 0x0020, 0x0020, 0x0020, 0x0020, 0x0020, 0x0020, 0x0020, 0x0020, 0x0020, 0x0020,
  0x0020, 0x0020, 0x0020, 0x0020, 0x0020, 0x0020, 0x0020, 0x0020, 0x0020, 0x0020, 0x0020, 0x0020,
  0x0020, 0x0020, 0x0020, 0x0020, 0x0020, 0x0020, 0x0020, 0x0020, 0x0020, 0x0020, 0x0020, 0x0020,
  0x0020, 0x0020, 0x0020, 0x0020, 0x0020, 0x0020, 0x0020, 0x0020, 0x0020, 0x0020, 0x0020, 0x0020,
  0x0020, 0x0020, 0x0020, 0x0020, 0x0020, 0x0020, 0x0020, 0x0020, 0x0020, 0x0020, 0x0020, 0x0020,
  0x0020, 0x0020, 0x0020, 0x0020, 0x0020, 0x0020, 0x0020, 0x0020, 0x0020, 0x0020, 0x0020, 0x0020,
  0x0020, 0x0020, 0x0020, 0x0020, 0x0020, 0x0020, 0x0020, 0x0020, 0x0020, 0x0020, 0x0020, 0x0020,
  0x0020, 0x0020, 0x0020, 0x0020, 0x0020, 0x0020, 0x0020, 0x0020, 0x0020, 0x0020, 0x0020, 0x0020,
  0x0020, 0x0020, 0x0020, 0x0020, 0x0020, 0x0020, 0x0020, 0x0020, 0x0020, 0x0020, 0x0020, 0x0020,
  0x0020, 0x0020, 0x0020, 0x0020, 0x0020, 0x0020, 0x0020, 0x0020, 0x0020, 0x0020, 0x0020, 0x0020,
  0x0020, 0x0020, 0x0020, 0x0020, 0x0020, 0x0020, 0x0020, 0x0020, 0x0020, 0x0020, 0x0020, 0x0020,
  0x0020, 0x0020, 0x0020, 0x0020, 0x0020, 0x0020, 0x0020, 0x0020, 0x0020, 0x0020, 0x0020, 0x0020,
  0x0020, 0x0020, 0x0020, 0x0020, 0x0020, 0x0020, 0x0020, 0x0020, 0x0020, 0x0020, 0x0020, 0x0020,
  0x0020, 0x0020, 0x0020, 0x0020, 0x0020, 0x0020, 0x0020, 0x0020, 0x0020, 0x0020, 0x0020, 0x0020,
  0x0020, 0x0020, 0x0020, 0x0020, 0x0020, 0x0020, 0x0020, 0x0020, 0x0020, 0x0020, 0x0020, 0x0020,
  0x0020, 0x0020, 0x0020, 0x0020, 0x0020, 0x0020, 0x0020, 0x0020, 0x0020, 0x0020, 0x0020, 0x0020,
  0x0020, 0x0020, 0x0020, 0x0020, 0x0020, 0x0020, 0x0020, 0x0020, 0x0020, 0x0020, 0x0020, 0x0020,
  0x0020, 0x0020, 0x0020, 0x0020, 0x0020, 0x0020, 0x0020, 0x0020, 0x0020, 0x0020, 0x0020, 0x0020,
  0x0020, 0x0020, 0x0020, 0x0020, 0x0020, 0x0020, 0x0020, 0x0020, 0x0020, 0x0020, 0x0020, 0x0020,
  0x0020, 0x0020, 0x0020, 0x0020, 0x0020, 0x0020, 0x0020, 0x0020, 0x0020, 0x0020, 0x0020, 0x0020,
  0x0020, 0x0020, 0x0020, 0x0020, 0x0020, 0x0020, 0x0020, 0x0020, 0x0020, 0x0020, 0x0020, 0x0020,
  0x0020, 0x0020, 0x0020, 0x0020, 0x0020, 0x0020, 0x0020, 0x0020, 0x0020, 0x0020, 0x0020, 0x0020,
  0x0020, 0x0020, 0x0020, 0x0020, 0x0020, 0x0020, 0x0020, 0x0020, 0x0020, 0x0020, 0x0020, 0x0020,
  0x0020, 0x0020, 0x0020, 0x0020, 0x0020, 0x0020, 0x0020, 0x0020, 0x0020, 0x0020, 0x0020, 0x0020,
  0x0020, 0x0020, 0x0020, 0x0020, 0x0020, 0x0020, 0x0020, 0x0020, 0x0020, 0x0020, 0x0020, 0x0020,
  0x0020, 0x0020, 0x0020, 0x0020, 0x0020, 0x0020, 0x0020, 0x0020, 0x0020, 0x0020, 0x0020, 0x0020,
  0x0020, 0x0020, 0x0020, 0x0020, 0x0020, 0x0020, 0x0020, 0x0020, 0x0020, 0x0020, 0x0020, 0x0020,
  0x0020, 0x0020, 0x0020, 0x0020, 0x0020, 0x0020, 0x0020, 0x0020, 0x0020, 0x0020, 0x0020, 0x0020,
  0x0020, 0x0020, 0x0020, 0x0020, 0x0020, 0x0020, 0x0020, 0x0020, 0x0020, 0x0020, 0x0020, 0x0020,
  0x0020, 0x0020, 0x0020, 0x0020, 0x0020, 0x0020, 0x0020, 0x0020, 0x0020, 0x0020, 0x0020, 0x0020,
  0x0020, 0x0020, 0x0020, 0x0020, 0x0020, 0x0020, 0x0020, 0x0020, 0x0020, 0x0020, 0x0020, 0x0020,
  0x0020, 0x0020, 0x0020, 0x0020, 0x0020, 0x0020, 0x0020, 0x0020, 0x0020, 0x0020, 0x0020, 0x0020,
  0x0020, 0x0020, 0x0020, 0x0020, 0x0020, 0x0020, 0x0020, 0x0020, 0x0020, 0x0020, 0x0020, 0x0020,
  0x0020, 0x0020, 0x0020, 0x0020, 0x0020, 0x0020, 0x0020, 0x0020, 0x0020, 0x0020, 0x0020, 0x0020,
  0x0020, 0x0020, 0x0020, 0x0020,
