// Generated from Assets/GridCity/StreetV3/device/corner-free-plaza.png
// SHA-256: d042cb69ac38d9629601637182cdc10d9dca829fa6e17047b214da8971514e4f
  0x0020, 0x0020, 0x0021, 0x0021, 0x0021, 0x0021, 0x0021, 0x0021, 0x0021, 0x0021, 0x0021, 0x0020,
  0x0020, 0x0021, 0x0021, 0x0021, 0x0021, 0x0020, 0x0020, 0x0020, 0x0021, 0x0021, 0x0020, 0x0021,
  0x0021, 0x0021, 0x0020, 0x0020, 0x0020, 0x0021, 0x0021, 0x0020, 0x0021, 0x0021, 0x0020, 0x0021,
  0x0021, 0x0021, 0x0021, 0x0021, 0x0021, 0x0021, 0x0020, 0x0021, 0x0020, 0x0020, 0x0021, 0x0021,
  0x0021, 0x0021, 0x0021, 0x0021, 0x0021, 0x0021, 0x0021, 0x0021, 0x0021, 0x0021, 0x0021, 0x0021,
  0x0021, 0x0021, 0x0021, 0x0021, 0x0021, 0x0020, 0x0021, 0x0021, 0x0020, 0x0021, 0x0020, 0x0021,
  0x0021, 0x0020, 0x0021, 0x0021, 0x0021, 0x0021, 0x0021, 0x0021, 0x0021, 0x0020, 0x0021, 0x0021,
  0x0020, 0x0021, 0x0021, 0x0021, 0x0020, 0x0020, 0x0020, 0x0020, 0x0020, 0x0021, 0x0021, 0x0021,
  0x0021, 0x0021, 0x0021, 0x0021, 0x0021, 0x0021, 0x0021, 0x0020, 0x0020, 0x0020, 0x0021, 0x0021,
  0x0021, 0x0021, 0x0020, 0x0020, 0x0020, 0x0020, 0x0020, 0x0020, 0x0020, 0x0020, 0x0020, 0x0020,
  0x0021, 0x0021, 0x0020, 0x0021, 0x0020, 0x0020, 0x0020, 0x0020, 0x0021, 0x0021, 0x0020, 0x0021,
  0x0020, 0x0021, 0x0021, 0x0021, 0x0021, 0x0021, 0x0021, 0x0020, 0x0021, 0x0020, 0x0021, 0x0021,
  0x0021, 0x0021, 0x0021, 0x0021, 0x0021, 0x0021, 0x0020, 0x0021, 0x0021, 0x0021, 0x0021, 0x0021,
  0x0021, 0x0020, 0x0021, 0x0020, 0x0020, 0x0020, 0x0021, 0x0021, 0x0021, 0x0021, 0x0021, 0x0020,
  0x0021, 0x0020, 0x0021, 0x0020, 0x0021, 0x0021, 0x0020, 0x0021, 0x0021, 0x0020, 0x0021, 0x0020,
  0x0021, 0x0021, 0x0021, 0x0021, 0x0021, 0x0021, 0x0021, 0x0020, 0x0020, 0x0020, 0x0020, 0x0021,
  0x0021, 0x0021, 0x0021, 0x0021, 0x0020, 0x0021, 0x0021, 0x0021, 0x0020, 0x0021, 0x0021, 0x0021,
  0x0021, 0x0020, 0x0020, 0x0021, 0x0021, 0x0021, 0x0021, 0x0020, 0x0021, 0x0021, 0x0021, 0x0021,
  0x0021, 0x0021, 0x0021, 0x0021, 0x0021, 0x0021, 0x0021, 0x0021, 0x0021, 0x0021, 0x0020, 0x0020,
  0x0021, 0x0020, 0x0021, 0x0021, 0x0020, 0x0021, 0x0020, 0x0021, 0x0021, 0x0021, 0x0021, 0x0020,
  0x0020, 0x0020, 0x0020, 0x0021, 0x0020, 0x0021, 0x0021, 0x0021, 0x0021, 0x0021, 0x0020, 0x0020,
  0x0020, 0x0020, 0x0021, 0x0021, 0x0020, 0x0020, 0x0021, 0x0021, 0x0021, 0x0021, 0x0020, 0x0021,
  0x0020, 0x0020, 0x0020, 0x0021, 0x0021, 0x0021, 0x0021, 0x0021, 0x0021, 0x0020, 0x0020, 0x0020,
  0x0021, 0x0020, 0x0020, 0x0021, 0x0021, 0x0021, 0x0021, 0x0021, 0x0020, 0x0020, 0x0020, 0x0021,
  0x0020, 0x0020, 0x0020, 0x0020, 0x0020, 0x0020, 0x0021, 0x0021, 0x0021, 0x0020, 0x0020, 0x0021,
  0x0021, 0x0020, 0x0021, 0x0021, 0x0021, 0x0021, 0x0021, 0x0021, 0x0020, 0x0020, 0x0021, 0x0021,
  0x0021, 0x0021, 0x0021, 0x0021, 0x0021, 0x0021, 0x0020, 0x0021, 0x0020, 0x0020, 0x0021, 0x0021,
  0x0021, 0x0020, 0x0021, 0x0020, 0x0021, 0x0020, 0x0021, 0x0021, 0x0020, 0x0021, 0x0021, 0x0020,
  0x0021, 0x0020, 0x0021, 0x0021, 0x0021, 0x0021, 0x0021, 0x0021, 0x0021, 0x0021, 0x0020, 0x0021,
  0x0020, 0x0021, 0x0021, 0x0021, 0x0021, 0x0021, 0x0021, 0x0020, 0x0021, 0x0021, 0x0021, 0x0021,
  0x0021, 0x0021, 0x0020, 0x0021, 0x0020, 0x0021, 0x0021, 0x0021, 0x0021, 0x0021, 0x0021, 0x0020,
  0x0020, 0x0021, 0x0021, 0x0021, 0x0021, 0x0021, 0x0021, 0x0021, 0x0021, 0x0021, 0x0021, 0x0021,
  0x0021, 0x0021, 0x0021, 0x0021, 0x0021, 0x0020, 0x0021, 0x0021, 0x0021, 0x0021, 0x0020, 0x0021,
  0x0021, 0x0021, 0x0021, 0x0021, 0x0020, 0x0021, 0x0021, 0x0020, 0x0020, 0x0021, 0x0021, 0x0021,
  0x0021, 0x0020, 0x0021, 0x0021, 0x0021, 0x0020, 0x0021, 0x0021, 0x0021, 0x0021, 0x0021, 0x0021,
  0x0020, 0x0021, 0x0020, 0x0021, 0x0020, 0x0021, 0x0020, 0x0021, 0x0021, 0x0021, 0x0021, 0x0020,
  0x0020, 0x0021, 0x0021, 0x0021, 0x0021, 0x0021, 0x0021, 0x0021, 0x0021, 0x0021, 0x0021, 0x0020,
  0x0020, 0x0021, 0x0021, 0x0020, 0x0021, 0x0021, 0x0021, 0x0021, 0x0020, 0x0021, 0x0021, 0x0020,
  0x0021, 0x0021, 0x0021, 0x0020, 0x0021, 0x0020, 0x0020, 0x0021, 0x0021, 0x0020, 0x0021, 0x0020,
  0x0020, 0x0020, 0x0020, 0x0021, 0x0021, 0x0020, 0x0021, 0x0021, 0x0021, 0x0021, 0x0020, 0x0020,
  0x0020, 0x0020, 0x0021, 0x0021, 0x0021, 0x0021, 0x0020, 0x0021, 0x0021, 0x0021, 0x0021, 0x0020,
  0x0020, 0x0021, 0x0021, 0x0020, 0x0021, 0x0021, 0x0021, 0x0021, 0x0021, 0x0021, 0x0021, 0x0021,
  0x0021, 0x0021, 0x0021, 0x0021, 0x0021, 0x0020, 0x0021, 0x0021, 0x0021, 0x0021, 0x0021, 0x0021,
  0x0021, 0x0021, 0x0021, 0x0021, 0x0021, 0x0021, 0x0021, 0x0021, 0x0021, 0x0021, 0x0021, 0x0021,
  0x0021, 0x0021, 0x0021, 0x0021, 0x0021, 0x0021, 0x0021, 0x0021, 0x0021, 0x0021, 0x0021, 0x0021,
  0x0021, 0x0021, 0x0021, 0x0021, 0x0021, 0x0021, 0x0020, 0x0021, 0x0021, 0x0021, 0x0021, 0x0021,
  0x0021, 0x0021, 0x0021, 0x0021, 0x0021, 0x0021, 0x0020, 0x0021, 0x0021, 0x0021, 0x0021, 0x0021,
  0x0020, 0x0021, 0x0021, 0x0021, 0x0021, 0x0021, 0x0020, 0x0021, 0x0021, 0x0021, 0x0021, 0x0020,
  0x0021, 0x0021, 0x0021, 0x0021, 0x0021, 0x0021, 0x0020, 0x0021, 0x0021, 0x0020, 0x0020, 0x0020,
  0x0020, 0x0020, 0x0021, 0x0021, 0x0021, 0x0021, 0x0021, 0x0020, 0x0020, 0x0020, 0x0021, 0x0021,
  0x0021, 0x0021, 0x0020, 0x0021, 0x0020, 0x0020, 0x0020, 0x0020, 0x0021, 0x0021, 0x0020, 0x0021,
  0x0021, 0x0020, 0x0021, 0x0021, 0x0021, 0x0020, 0x0021, 0x0021, 0x0020, 0x0021, 0x0020, 0x0021,
  0x0021, 0x0020, 0x0021, 0x0020, 0x0021, 0x0021, 0x0021, 0x0020, 0x0021, 0x0021, 0x0021, 0x0020,
  0x0021, 0x0021, 0x0021, 0x0020, 0x0020, 0x0020, 0x0020, 0x0021, 0x0020, 0x0021, 0x0021, 0x0021,
  0x0021, 0x0021, 0x0021, 0x0020, 0x0021, 0x0021, 0x0021, 0x0021, 0x0021, 0x0021, 0x0021, 0x0021,
  0x0021, 0x0021, 0x0021, 0x0021, 0x0021, 0x0021, 0x0021, 0x0021, 0x0021, 0x0021, 0x0021, 0x0021,
  0x0021, 0x0021, 0x0020, 0x0021, 0x0021, 0x0021, 0x0021, 0x0020, 0x0020, 0x0021, 0x0021, 0x0020,
  0x0021, 0x0021, 0x0021, 0x0021, 0x0021, 0x0021, 0x0021, 0x0021, 0x0020, 0x0021, 0x0021, 0x0021,
  0x0021, 0x0021, 0x0021, 0x0021, 0x0021, 0x0021, 0x0021, 0x0021, 0x0021, 0x0021, 0x0021, 0x0021,
  0x0021, 0x0021, 0x0021, 0x0021, 0x0021, 0x0021, 0x0021, 0x0020, 0x0021, 0x0021, 0x0020, 0x0021,
  0x0021, 0x0021, 0x0021, 0x0021, 0x0021, 0x0021, 0x0021, 0x0021, 0x0021, 0x0021, 0x0021, 0x0021,
  0x0020, 0x0020, 0x0021, 0x0021, 0x0021, 0x0021, 0x0021, 0x0020, 0x0020, 0x0020, 0x0021, 0x0021,
  0x0021, 0x0020, 0x0020, 0x0020, 0x0021, 0x0021, 0x0020, 0x0021, 0x0020, 0x0021, 0x0021, 0x0020,
  0x0020, 0x0020, 0x0020, 0x0021, 0x0021, 0x0021, 0x0020, 0x0020, 0x0021, 0x0021, 0x0021, 0x0021,
  0x0021, 0x0021, 0x0020, 0x0020, 0x0021, 0x0021, 0x0020, 0x0021, 0x0021, 0x0020, 0x0020, 0x0021,
  0x0020, 0x0021, 0x0021, 0x0021, 0x0021, 0x0021, 0x0021, 0x0021, 0x0021, 0x0020, 0x0021, 0x0021,
  0x0021, 0x0021, 0x0021, 0x0021, 0x0021, 0x0021, 0x0021, 0x0021, 0x0020, 0x0020, 0x0020, 0x0021,
  0x0021, 0x0020, 0x0021, 0x0021, 0x0021, 0x0021, 0x0021, 0x0020, 0x0021, 0x0020, 0x0021, 0x0021,
  0x0020, 0x0021, 0x0021, 0x0021, 0x0021, 0x0021, 0x0021, 0x0021, 0x0021, 0x0021, 0x0021, 0x0021,
  0x0021, 0x0021, 0x0021, 0x0021, 0x0021, 0x0021, 0x0021, 0x0021, 0x0021, 0x0020, 0x0021, 0x0020,
  0x0020, 0x0021, 0x0021, 0x0021, 0x0021, 0x0021, 0x0021, 0x0021, 0x0021, 0x0021, 0x0021, 0x0021,
  0x0021, 0x0021, 0x0021, 0x0021, 0x0021, 0x0021, 0x0020, 0x0021, 0x0021, 0x0021, 0x0021, 0x0021,
  0x0021, 0x0021, 0x0021, 0x0021, 0x0021, 0x0021, 0x0021, 0x0021, 0x0021, 0x0021, 0x0021, 0x0021,
  0x0021, 0x0021, 0x0021, 0x0021, 0x0021, 0x0021, 0x0020, 0x0020, 0x0021, 0x0021, 0x0021, 0x0020,
  0x0021, 0x0021, 0x0021, 0x0021, 0x0021, 0x0021, 0x0021, 0x0021, 0x0021, 0x0021, 0x0021, 0x0020,
  0x0021, 0x0021, 0x0021, 0x0020, 0x0021, 0x0021, 0x0021, 0x0021, 0x0020, 0x0020, 0x0021, 0x0020,
  0x0021, 0x0021, 0x0020, 0x0020, 0x0021, 0x0021, 0x0020, 0x0021, 0x0021, 0x0021, 0x0020, 0x0020,
  0x0021, 0x0021, 0x0020, 0x0021, 0x0020, 0x0021, 0x0021, 0x0020, 0x0021, 0x0021, 0x0021, 0x0021,
  0x0021, 0x0021, 0x0021, 0x0020, 0x0020, 0x0021, 0x0021, 0x0021, 0x0021, 0x0021, 0x0021, 0x0021,
  0x0021, 0x0021, 0x0021, 0x0020, 0x0021, 0x0021, 0x0021, 0x0021, 0x0020, 0x0021, 0x0021, 0x0021,
  0x0020, 0x0020, 0x0020, 0x0021, 0x0021, 0x0021, 0x0021, 0x0021, 0x0021, 0x0021, 0x0021, 0x0021,
  0x0020, 0x0021, 0x0020, 0x0020, 0x0021, 0x0021, 0x0021, 0x0021, 0x0021, 0x0021, 0x0021, 0x0021,
  0x0021, 0x0021, 0x0021, 0x0021, 0x0021, 0x0021, 0x0021, 0x0021, 0x0021, 0x0021, 0x0021, 0x0021,
  0x0021, 0x0021, 0x0021, 0x0021, 0x0021, 0x0021, 0x0020, 0x0021, 0x0021, 0x0021, 0x0021, 0x0021,
  0x0021, 0x0021, 0x0021, 0x0021, 0x0021, 0x0021, 0x0021, 0x0021, 0x0021, 0x0021, 0x0021, 0x0021,
  0x0021, 0x0021, 0x0021, 0x0021, 0x0021, 0x0021, 0x0021, 0x0021, 0x0021, 0x0021, 0x0021, 0x0021,
  0x0021, 0x0021, 0x0021, 0x0021, 0x0021, 0x0021, 0x0021, 0x0021, 0x0020, 0x0021, 0x0021, 0x0021,
  0x0021, 0x0021, 0x0021, 0x0021, 0x0021, 0x0021, 0x0021, 0x0021, 0x0021, 0x0021, 0x0020, 0x0020,
  0x0021, 0x0021, 0x0020, 0x0020, 0x0020, 0x0021, 0x0020, 0x0021, 0x0021, 0x0021, 0x0020, 0x0021,
  0x0021, 0x0020, 0x0020, 0x0020, 0x0021, 0x0021, 0x0020, 0x0021, 0x0021, 0x0021, 0x0021, 0x0021,
  0x0021, 0x0021, 0x0020, 0x0021, 0x0021, 0x0021, 0x0021, 0x0020, 0x0020, 0x0021, 0x0021, 0x0021,
  0x0020, 0x0020, 0x0021, 0x0020, 0x0020, 0x0021, 0x0020, 0x0021, 0x0021, 0x0021, 0x0021, 0x0021,
  0x0021, 0x0021, 0x0020, 0x0020, 0x0020, 0x0021, 0x0020, 0x0020, 0x0021, 0x0021, 0x0021, 0x0021,
  0x0021, 0x0021, 0x0021, 0x0021, 0x0020, 0x0020, 0x0021, 0x0020, 0x0021, 0x0021, 0x0021, 0x0021,
  0x0021, 0x0021, 0x0021, 0x0021, 0x0021, 0x0021, 0x0021, 0x0020, 0x0021, 0x0021, 0x0021, 0x0021,
  0x0021, 0x0021, 0x0021, 0x0021, 0x0021, 0x0021, 0x0020, 0x0020, 0x0021, 0x0021, 0x0021, 0x0020,
  0x0021, 0x0020, 0x0021, 0x0021, 0x0020, 0x0021, 0x0021, 0x0021, 0x0020, 0x0021, 0x0021, 0x0021,
  0x0021, 0x0021, 0x0021, 0x0021, 0x0021, 0x0021, 0x0021, 0x0021, 0x0021, 0x0021, 0x0021, 0x0021,
  0x0021, 0x0021, 0x0021, 0x0021, 0x0020, 0x0020, 0x0020, 0x0021, 0x0021, 0x0021, 0x0021, 0x0021,
  0x0021, 0x0021, 0x0021, 0x0021, 0x0021, 0x0021, 0x0021, 0x0021, 0x0021, 0x0021, 0x0021, 0x0021,
  0x0021, 0x0021, 0x0021, 0x0021, 0x0020, 0x0021, 0x0021, 0x0021, 0x0021, 0x0021, 0x0020, 0x0021,
  0x0021, 0x0021, 0x0020, 0x0021, 0x0021, 0x0020, 0x0020, 0x0020, 0x0021, 0x0021, 0x0021, 0x0020,
  0x0021, 0x0020, 0x0021, 0x0021, 0x0021, 0x0021, 0x0021, 0x0021, 0x0021, 0x0021, 0x0021, 0x0020,
  0x0020, 0x0020, 0x0020, 0x0020, 0x0021, 0x0021, 0x0021, 0x0021, 0x0021, 0x0021, 0x0021, 0x0020,
  0x0021, 0x0020, 0x0020, 0x0020, 0x0021, 0x0021, 0x0021, 0x0021, 0x0020, 0x0020, 0x0021, 0x0021,
  0x0021, 0x0021, 0x0020, 0x0021, 0x0021, 0x0021, 0x0020, 0x0021, 0x0020, 0x0021, 0x0020, 0x0021,
  0x0020, 0x0021, 0x0021, 0x0021, 0x0021, 0x0021, 0x0021, 0x0021, 0x0020, 0x0021, 0x0021, 0x0021,
  0x0021, 0x0020, 0x0021, 0x0021, 0x0021, 0x0021, 0x0020, 0x0021, 0x0021, 0x0020, 0x0021, 0x0021,
  0x0021, 0x0020, 0x0021, 0x0020, 0x0020, 0x0021, 0x0021, 0x0021, 0x0021, 0x0021, 0x0020, 0x0021,
  0x0021, 0x0021, 0x0020, 0x0021, 0x0021, 0x0021, 0x0021, 0x0020, 0x0021, 0x0020, 0x0021, 0x0021,
  0x0020, 0x0021, 0x0021, 0x0021, 0x0021, 0x0020, 0x0021, 0x0021, 0x0021, 0x0021, 0x0021, 0x0021,
  0x0021, 0x0021, 0x0021, 0x0021, 0x0021, 0x0021, 0x0021, 0x0021, 0x0020, 0x0020, 0x0021, 0x0021,
  0x0021, 0x0021, 0x0021, 0x0021, 0x0021, 0x0021, 0x0021, 0x0021, 0x0021, 0x0021, 0x0021, 0x0021,
  0x0021, 0x0020, 0x0021, 0x0021, 0x0021, 0x0021, 0x0021, 0x0021, 0x0021, 0x0021, 0x0021, 0x0021,
  0x0021, 0x0021, 0x0020, 0x0021, 0x0021, 0x0020, 0x0021, 0x0020, 0x0021, 0x0021, 0x0021, 0x0021,
  0x0020, 0x0020, 0x0021, 0x0021, 0x0021, 0x0021, 0x0021, 0x0020, 0x0021, 0x0020, 0x0021, 0x0021,
  0x0020, 0x0020, 0x0021, 0x0021, 0x0021, 0x0021, 0x0020, 0x0020, 0x0021, 0x0020, 0x0021, 0x0021,
  0x0021, 0x0021, 0x0020, 0x0021, 0x0020, 0x0021, 0x0021, 0x0021, 0x0021, 0x0021, 0x0020, 0x0020,
  0x0021, 0x0020, 0x0021, 0x0021, 0x0021, 0x0020, 0x0020, 0x0021, 0x0020, 0x0021, 0x0021, 0x0021,
  0x0021, 0x0021, 0x0021, 0x0021, 0x0020, 0x0021, 0x0021, 0x0020, 0x0021, 0x0021, 0x0021, 0x0020,
  0x0020, 0x0021, 0x0020, 0x0021, 0x0021, 0x0021, 0x0020, 0x0021, 0x0021, 0x0021, 0x0021, 0x0021,
  0x0021, 0x0021, 0x0020, 0x0021, 0x0020, 0x0020, 0x0021, 0x0020, 0x0020, 0x0021, 0x0020, 0x0021,
  0x0021, 0x0021, 0x0021, 0x0021, 0x0021, 0x0021, 0x0021, 0x0021, 0x0020, 0x0021, 0x0021, 0x0021,
  0x0021, 0x0021, 0x0021, 0x0021, 0x0020, 0x0021, 0x0020, 0x0020, 0x0021, 0x0021, 0x0020, 0x0021,
  0x0021, 0x0021, 0x0021, 0x0021, 0x0021, 0x0021, 0x0021, 0x0021, 0x0020, 0x0021, 0x0021, 0x0021,
  0x0021, 0x0020, 0x0020, 0x0020, 0x0020, 0x0021, 0x0021, 0x0021, 0x0021, 0x0021, 0x0021, 0x0021,
  0x0021, 0x0021, 0x0021, 0x0021, 0x0021, 0x0021, 0x0021, 0x0021, 0x0020, 0x0021, 0x0020, 0x0021,
  0x0021, 0x0021, 0x0021, 0x0021, 0x0021, 0x0021, 0x0021, 0x0020, 0x0021, 0x0021, 0x0020, 0x0021,
  0x0020, 0x0021, 0x0020, 0x0021, 0x0021, 0x0021, 0x0021, 0x0021, 0x0021, 0x0020, 0x0020, 0x0020,
  0x0021, 0x0021, 0x0020, 0x0021, 0x0021, 0x0020, 0x0020, 0x0020, 0x0021, 0x0021, 0x0021, 0x0021,
  0x0021, 0x0021, 0x0021, 0x0021, 0x0021, 0x0020, 0x0021, 0x0021, 0x0020, 0x0021, 0x0021, 0x0021,
  0x0020, 0x0020, 0x0021, 0x0021, 0x0021, 0x0020, 0x0020, 0x0021, 0x0021, 0x0021, 0x0020, 0x0021,
  0x0020, 0x0021, 0x0021, 0x0020, 0x0021, 0x0020, 0x0020, 0x0021, 0x0021, 0x0021, 0x0021, 0x0021,
  0x0021, 0x0021, 0x0021, 0x0020, 0x0021, 0x0020, 0x0020, 0x0021, 0x0021, 0x0021, 0x0021, 0x0020,
  0x0021, 0x0021, 0x0021, 0x0021, 0x0021, 0x0021, 0x0021, 0x0021, 0x0021, 0x0021, 0x0021, 0x0021,
  0x0021, 0x0020, 0x0021, 0x0021, 0x0021, 0x0020, 0x0020, 0x0021, 0x0021, 0x0020, 0x0020, 0x0021,
  0x0021, 0x0021, 0x0020, 0x0021, 0x0021, 0x0020, 0x0021, 0x0020, 0x0021, 0x0021, 0x0021, 0x0021,
  0x0021, 0x0021, 0x0021, 0x0021, 0x0021, 0x0021, 0x0020, 0x0021, 0x0021, 0x0021, 0x0021, 0x0021,
  0x0021, 0x0020, 0x0021, 0x0020, 0x0021, 0x0021, 0x0020, 0x0021, 0x0021, 0x0021, 0x0021, 0x0021,
  0x0021, 0x0020, 0x0021, 0x0021, 0x0021, 0x0020, 0x0021, 0x0021, 0x0021, 0x0021, 0x0021, 0x0021,
  0x0021, 0x0021, 0x0021, 0x0020, 0x0021, 0x0020, 0x0020, 0x0021, 0x0021, 0x0020, 0x0021, 0x0020,
  0x0020, 0x0021, 0x0020, 0x0020, 0x0021, 0x0021, 0x0021, 0x0021, 0x0021, 0x0020, 0x0020, 0x0021,
  0x0021, 0x0021, 0x0020, 0x0021, 0x0020, 0x0020, 0x0021, 0x0021, 0x0021, 0x0021, 0x0021, 0x0021,
  0x0021, 0x0020, 0x0021, 0x0021, 0x0021, 0x0021, 0x0021, 0x0021, 0x0020, 0x0020, 0x0020, 0x0021,
  0x0021, 0x0020, 0x0020, 0x0021, 0x0020, 0x0021, 0x0021, 0x0021, 0x0021, 0x0021, 0x0020, 0x0020,
  0x0021, 0x0021, 0x0021, 0x0021, 0x0020, 0x0020, 0x0021, 0x0021, 0x0021, 0x0020, 0x0020, 0x0020,
  0x0020, 0x0021, 0x0020, 0x0021, 0x0021, 0x0020, 0x0020, 0x0020, 0x0021, 0x0021, 0x0021, 0x0020,
  0x0020, 0x0020, 0x0021, 0x0020, 0x0021, 0x0020, 0x0021, 0x0021, 0x0021, 0x0021, 0x0021, 0x0021,
  0x0020, 0x0020, 0x0020, 0x0020, 0x0020, 0x0020, 0x0020, 0x0021, 0x0021, 0x0021, 0x0021, 0x0021,
  0x0021, 0x0021, 0x0021, 0x0021, 0x0021, 0x0021, 0x0021, 0x0021, 0x0020, 0x0021, 0x0021, 0x0021,
  0x0021, 0x0021, 0x0021, 0x0021, 0x0021, 0x0021, 0x0021, 0x0021, 0x0020, 0x0021, 0x0021, 0x0020,
  0x0021, 0x0021, 0x0020, 0x0021, 0x0021, 0x0021, 0x0021, 0x0021, 0x0021, 0x0021, 0x0021, 0x0021,
  0x0020, 0x0020, 0x0021, 0x0021, 0x0021, 0x0021, 0x0021, 0x0021, 0x0021, 0x0021, 0x0021, 0x0021,
  0x0020, 0x0021, 0x0021, 0x0021, 0x0021, 0x0020, 0x0021, 0x0021, 0x0021, 0x0021, 0x0021, 0x0021,
  0x0021, 0x0021, 0x0020, 0x0020, 0x0021, 0x0021, 0x0021, 0x0021, 0x0021, 0x0020, 0x0021, 0x0020,
  0x0021, 0x0021, 0x0020, 0x0020, 0x0021, 0x0021, 0x0021, 0x0021, 0x0021, 0x0020, 0x0021, 0x0021,
  0x0020, 0x0020, 0x0020, 0x0021, 0x0020, 0x0020, 0x0020, 0x0020, 0x0021, 0x0021, 0x0020, 0x0021,
  0x0020, 0x0020, 0x0021, 0x0020, 0x0021, 0x0020, 0x0021, 0x0021, 0x0021, 0x0020, 0x0021, 0x0021,
  0x0021, 0x0021, 0x0021, 0x0021, 0x0021, 0x0021, 0x0021, 0x0021, 0x0021, 0x0020, 0x0020, 0x0021,
  0x0020, 0x0020, 0x0021, 0x0021, 0x0021, 0x0020, 0x0020, 0x0021, 0x0020, 0x0020, 0x0020, 0x0020,
  0x0021, 0x0021, 0x0020, 0x0021, 0x0020, 0x0020, 0x0021, 0x0020, 0x0020, 0x0021, 0x0021, 0x0021,
  0x0021, 0x0021, 0x0021, 0x0021, 0x0021, 0x0020, 0x0020, 0x0020, 0x0021, 0x0021, 0x0021, 0x0021,
  0x0020, 0x0021, 0x0021, 0x0021, 0x0021, 0x0021, 0x0021, 0x0021, 0x0021, 0x0021, 0x0021, 0x0020,
  0x0020, 0x0021, 0x0021, 0x0021, 0x0021, 0x0021, 0x0021, 0x0021, 0x0021, 0x0020, 0x0021, 0x0020,
  0x0021, 0x0021, 0x0021, 0x0021, 0x0021, 0x0021, 0x0021, 0x0021, 0x0021, 0x0021, 0x0021, 0x0021,
  0x0021, 0x0021, 0x0021, 0x0020, 0x0021, 0x0020, 0x0021, 0x0021, 0x0021, 0x0021, 0x0021, 0x0021,
  0x0021, 0x0021, 0x0021, 0x0021, 0x0021, 0x0021, 0x0021, 0x0021, 0x0021, 0x0021, 0x0020, 0x0021,
  0x0020, 0x0021, 0x0021, 0x0021, 0x0021, 0x0020, 0x0021, 0x0021, 0x0021, 0x0021, 0x0021, 0x0021,
  0x0021, 0x0021, 0x0020, 0x0021, 0x0021, 0x0021, 0x0020, 0x0021, 0x0021, 0x0020, 0x0021, 0x0021,
  0x0020, 0x0020, 0x0021, 0x0020, 0x0021, 0x0021, 0x0021, 0x0020, 0x0020, 0x0020, 0x0020, 0x0020,
  0x0021, 0x0021, 0x0021, 0x0021, 0x0021, 0x0021, 0x0020, 0x0020, 0x0020, 0x0020, 0x0020, 0x0021,
  0x0021, 0x0020, 0x0020, 0x0021, 0x0021, 0x0020, 0x0020, 0x0021, 0x0020, 0x0021, 0x0021, 0x0020,
  0x0021, 0x0021, 0x0021, 0x0021, 0x0021, 0x0021, 0x0021, 0x0021, 0x0020, 0x0020, 0x0021, 0x0020,
  0x0020, 0x0021, 0x0020, 0x0020, 0x0020, 0x0021, 0x0021, 0x0021, 0x0021, 0x0021, 0x0021, 0x0020,
  0x0021, 0x0020, 0x0021, 0x0020, 0x0021, 0x0021, 0x0021, 0x0020, 0x0020, 0x0021, 0x0020, 0x0021,
  0x0020, 0x0021, 0x0021, 0x0021, 0x0021, 0x0021, 0x0021, 0x0021, 0x0021, 0x0021, 0x0021, 0x0021,
  0x0021, 0x0021, 0x0021, 0x0020, 0x0021, 0x0021, 0x0021, 0x0021, 0x0021, 0x0021, 0x0021, 0x0021,
  0x0021, 0x0021, 0x0021, 0x0021, 0x0021, 0x0020, 0x0021, 0x0021, 0x0021, 0x0021, 0x0021, 0x0021,
  0x0021, 0x0021, 0x0021, 0x0021, 0x0020, 0x0020, 0x0021, 0x0020, 0x0020, 0x0020, 0x0021, 0x0021,
  0x0020, 0x0021, 0x0021, 0x0021, 0x0021, 0x0021, 0x0021, 0x0021, 0x0021, 0x0020, 0x0020, 0x0021,
  0x0021, 0x0021, 0x0020, 0x0021, 0x0021, 0x0021, 0x0021, 0x0021, 0x0020, 0x0021, 0x0021, 0x0020,
  0x0021, 0x0021, 0x0021, 0x0020, 0x0021, 0x0021, 0x0021, 0x0021, 0x0020, 0x0021, 0x0021, 0x0021,
  0x0020, 0x0021, 0x0021, 0x0021, 0x0021, 0x0021, 0x0021, 0x0021, 0x0021, 0x0021, 0x0020, 0x0021,
  0x0021, 0x0021, 0x0021, 0x0021, 0x0021, 0x0021, 0x0021, 0x0021, 0x0020, 0x0021, 0x0021, 0x0021,
  0x0020, 0x0021, 0x0020, 0x0021, 0x0021, 0x0021, 0x0021, 0x0021, 0x0021, 0x0020, 0x0020, 0x0021,
  0x0021, 0x0021, 0x0020, 0x0020, 0x0021, 0x0020, 0x0021, 0x0021, 0x0021, 0x0020, 0x0020, 0x0021,
  0x0020, 0x0021, 0x0021, 0x0020, 0x0021, 0x0021, 0x0020, 0x0020, 0x0020, 0x0020, 0x0020, 0x0021,
  0x0021, 0x0021, 0x0021, 0x0021, 0x0020, 0x0021, 0x0020, 0x0021, 0x0021, 0x0021, 0x0021, 0x0020,
  0x0020, 0x0021, 0x0021, 0x0021, 0x0020, 0x0021, 0x0021, 0x0021, 0x0020, 0x0021, 0x0020, 0x0021,
  0x0020, 0x0021, 0x0021, 0x0021, 0x0020, 0x0021, 0x0021, 0x0021, 0x0021, 0x0021, 0x0021, 0x0021,
  0x0021, 0x0021, 0x0021, 0x0020, 0x0021, 0x0021, 0x0021, 0x0021, 0x0020, 0x0020, 0x0020, 0x0021,
  0x0021, 0x0021, 0x0021, 0x0021, 0x0021, 0x0021, 0x0021, 0x0021, 0x0021, 0x0021, 0x0020, 0x0021,
  0x0021, 0x0021, 0x0021, 0x0020, 0x0021, 0x0021, 0x0021, 0x0021, 0x0021, 0x0021, 0x0021, 0x0021,
  0x0021, 0x0021, 0x0021, 0x0021, 0x0021, 0x0021, 0x0021, 0x0020, 0x0021, 0x0021, 0x0020, 0x0021,
  0x0020, 0x0020, 0x0021, 0x0021, 0x0021, 0x0021, 0x0021, 0x0021, 0x0021, 0x0021, 0x0021, 0x0021,
  0x0021, 0x0021, 0x0020, 0x0021, 0x0020, 0x0020, 0x0020, 0x0021, 0x0021, 0x0021, 0x0021, 0x0020,
  0x0020, 0x0021, 0x0020, 0x0021, 0x0021, 0x0020, 0x0021, 0x0021, 0x0021, 0x0020, 0x0020, 0x0021,
  0x0021, 0x0020, 0x0020, 0x0021, 0x0020, 0x0020, 0x0020, 0x0021, 0x0021, 0x0021, 0x0021, 0x0021,
  0x0021, 0x0020, 0x0020, 0x0021, 0x0020, 0x0021, 0x0021, 0x0021, 0x0021, 0x0021, 0x0021, 0x0020,
  0x0021, 0x0020, 0x0020, 0x0021, 0x0021, 0x0020, 0x0020, 0x0021, 0x0021, 0x0021, 0x0021, 0x0021,
  0x0020, 0x0020, 0x0021, 0x0021, 0x0020, 0x0020, 0x0020, 0x0021, 0x0020, 0x0021, 0x0021, 0x0021,
  0x0021, 0x0021, 0x0021, 0x0021, 0x0021, 0x0021, 0x0020, 0x0021, 0x0021, 0x0021, 0x0021, 0x0021,
  0x0021, 0x0021, 0x0021, 0x0021, 0x0020, 0x0021, 0x0020, 0x0021, 0x0021, 0x0020, 0x0021, 0x0021,
  0x0021, 0x0021, 0x0021, 0x0020, 0x0021, 0x0020, 0x0021, 0x0021, 0x0021, 0x0021, 0x0021, 0x0021,
  0x0021, 0x0020, 0x0021, 0x0021, 0x0021, 0x0021, 0x0021, 0x0021, 0x0021, 0x0021, 0x0021, 0x0021,
  0x0021, 0x0021, 0x0021, 0x0020, 0x0021, 0x0021, 0x0021, 0x0021, 0x0021, 0x0021, 0x0021, 0x0021,
  0x0021, 0x0021, 0x0021, 0x0021, 0x0021, 0x0021, 0x0021, 0x0021, 0x0021, 0x0021, 0x0020, 0x0020,
  0x0021, 0x0021, 0x0021, 0x0021, 0x0021, 0x0020, 0x0021, 0x0021, 0x0021, 0x0021, 0x0021, 0x0021,
  0x0021, 0x0020, 0x0021, 0x0021, 0x0021, 0x0021, 0x0020, 0x0020, 0x0021, 0x0021, 0x0020, 0x0020,
  0x0021, 0x0021, 0x0021, 0x0020, 0x0020, 0x0021, 0x0020, 0x0020, 0x0021, 0x0021, 0x0020, 0x0021,
  0x0021, 0x0021, 0x0021, 0x0020, 0x0021, 0x0021, 0x0020, 0x0021, 0x0021, 0x0021, 0x0021, 0x0021,
  0x0021, 0x0020, 0x0021, 0x0021, 0x0021, 0x0020, 0x0021, 0x0020, 0x0020, 0x0021, 0x0020, 0x0021,
  0x0020, 0x0020, 0x0021, 0x0021, 0x0021, 0x0021, 0x0020, 0x0020, 0x0020, 0x0021, 0x0020, 0x0021,
  0x0020, 0x0020, 0x0020, 0x0020, 0x0020, 0x0020, 0x0021, 0x0021, 0x0021, 0x0021, 0x0020, 0x0021,
  0x0021, 0x0021, 0x0020, 0x0020, 0x0020, 0x0020, 0x0021, 0x0021, 0x0021, 0x0021, 0x0020, 0x0021,
  0x0021, 0x0021, 0x0021, 0x0021, 0x0021, 0x0021, 0x0021, 0x0021, 0x0021, 0x0020, 0x0020, 0x0020,
  0x0021, 0x0021, 0x0021, 0x0020, 0x0021, 0x0021, 0x0021, 0x0021, 0x0021, 0x0021, 0x0021, 0x0020,
  0x0021, 0x0021, 0x0021, 0x0021, 0x0020, 0x0021, 0x0021, 0x0021, 0x0021, 0x0021, 0x0021, 0x0021,
  0x0021, 0x0021, 0x0021, 0x0021, 0x0021, 0x0021, 0x0021, 0x0021, 0x0020, 0x0020, 0x0021, 0x0021,
  0x0020, 0x0021, 0x0021, 0x0021, 0x0021, 0x0021, 0x0020, 0x0021, 0x0021, 0x0041, 0x0041, 0x0021,
  0x0020, 0x0021, 0x0021, 0x0020, 0x0020, 0x0020, 0x0021, 0x0020, 0x0021, 0x0020, 0x0021, 0x0021,
  0x0021, 0x0021, 0x0021, 0x0021, 0x0021, 0x0021, 0x0021, 0x0021, 0x0021, 0x0021, 0x0021, 0x0021,
  0x0020, 0x0021, 0x0020, 0x0021, 0x0021, 0x0021, 0x0021, 0x0020, 0x0021, 0x0021, 0x0021, 0x0021,
  0x0021, 0x0020, 0x0021, 0x0021, 0x0021, 0x0021, 0x0021, 0x0021, 0x0021, 0x0020, 0x0021, 0x0020,
  0x0021, 0x0021, 0x0020, 0x0020, 0x0021, 0x0021, 0x0021, 0x0021, 0x0021, 0x0021, 0x0021, 0x0020,
  0x0021, 0x0021, 0x0021, 0x0021, 0x0021, 0x0021, 0x0020, 0x0021, 0x0021, 0x0021, 0x0021, 0x0020,
  0x0020, 0x0021, 0x0021, 0x0020, 0x0021, 0x0021, 0x0020, 0x0020, 0x0020, 0x0021, 0x0021, 0x0020,
  0x0020, 0x0021, 0x0021, 0x0020, 0x0020, 0x0021, 0x0021, 0x0021, 0x0020, 0x0021, 0x0020, 0x0021,
  0x0021, 0x0020, 0x0020, 0x0021, 0x0021, 0x0021, 0x0020, 0x0021, 0x0021, 0x0021, 0x0021, 0x0021,
  0x0020, 0x0020, 0x0021, 0x0021, 0x0021, 0x0021, 0x0021, 0x0021, 0x0021, 0x0021, 0x0021, 0x0021,
  0x0021, 0x0021, 0x0021, 0x0021, 0x0021, 0x0020, 0x0021, 0x0021, 0x0021, 0x0020, 0x0021, 0x0021,
  0x0021, 0x0021, 0x0021, 0x0021, 0x0021, 0x0021, 0x0021, 0x0021, 0x0021, 0x0021, 0x0021, 0x0020,
  0x0021, 0x0021, 0x0021, 0x0020, 0x0021, 0x0021, 0x0020, 0x0021, 0x0021, 0x0021, 0x0021, 0x0041,
  0x0041, 0x0000, 0x0000, 0x0020, 0x0041, 0x0021, 0x0020, 0x0021, 0x0020, 0x0021, 0x0021, 0x0021,
  0x0020, 0x0020, 0x0021, 0x0021, 0x0021, 0x0020, 0x0021, 0x0021, 0x0021, 0x0020, 0x0021, 0x0020,
  0x0020, 0x0020, 0x0020, 0x0020, 0x0021, 0x0021, 0x0021, 0x0021, 0x0020, 0x0021, 0x0020, 0x0021,
  0x0021, 0x0021, 0x0021, 0x0021, 0x0021, 0x0021, 0x0021, 0x0021, 0x0021, 0x0021, 0x0021, 0x0020,
  0x0020, 0x0021, 0x0021, 0x0021, 0x0021, 0x0021, 0x0020, 0x0021, 0x0020, 0x0021, 0x0021, 0x0021,
  0x0021, 0x0021, 0x0020, 0x0020, 0x0021, 0x0020, 0x0020, 0x0021, 0x0021, 0x0021, 0x0020, 0x0020,
  0x0021, 0x0020, 0x0020, 0x0021, 0x0021, 0x0020, 0x0021, 0x0021, 0x0021, 0x0021, 0x0020, 0x0020,
  0x0020, 0x0021, 0x0021, 0x0021, 0x0021, 0x0021, 0x0021, 0x0021, 0x0021, 0x0020, 0x0020, 0x0020,
  0x0021, 0x0021, 0x0021, 0x0020, 0x0021, 0x0020, 0x0021, 0x0020, 0x0020, 0x0021, 0x0021, 0x0020,
  0x0020, 0x0021, 0x0021, 0x0021, 0x0021, 0x0021, 0x0020, 0x0020, 0x0021, 0x0021, 0x0021, 0x0021,
  0x0021, 0x0021, 0x0021, 0x0020, 0x0021, 0x0021, 0x0021, 0x0021, 0x0021, 0x0021, 0x0021, 0x0021,
  0x0020, 0x0021, 0x0021, 0x0021, 0x0021, 0x0021, 0x0021, 0x0021, 0x0021, 0x0021, 0x0021, 0x0021,
  0x0021, 0x0021, 0x0021, 0x0021, 0x0020, 0x0021, 0x0021, 0x0021, 0x0021, 0x0020, 0x0021, 0x0021,
  0x0021, 0x0021, 0x0041, 0x0000, 0x0000, 0x1923, 0x1943, 0x0000, 0x0000, 0x0021, 0x0041, 0x0020,
  0x0020, 0x0021, 0x0020, 0x0020, 0x0020, 0x0020, 0x0021, 0x0021, 0x0020, 0x0020, 0x0021, 0x0021,
  0x0020, 0x0020, 0x0021, 0x0021, 0x0020, 0x0021, 0x0020, 0x0020, 0x0021, 0x0020, 0x0021, 0x0021,
  0x0021, 0x0021, 0x0020, 0x0021, 0x0021, 0x0021, 0x0021, 0x0021, 0x0021, 0x0021, 0x0021, 0x0021,
  0x0021, 0x0021, 0x0021, 0x0020, 0x0021, 0x0020, 0x0021, 0x0021, 0x0020, 0x0021, 0x0021, 0x0021,
  0x0021, 0x0021, 0x0021, 0x0021, 0x0020, 0x0021, 0x0020, 0x0021, 0x0020, 0x0021, 0x0021, 0x0021,
  0x0021, 0x0020, 0x0021, 0x0021, 0x0020, 0x0021, 0x0020, 0x0021, 0x0021, 0x0021, 0x0020, 0x0021,
  0x0021, 0x0020, 0x0020, 0x0020, 0x0020, 0x0020, 0x0021, 0x0021, 0x0021, 0x0020, 0x0021, 0x0021,
  0x0021, 0x0020, 0x0021, 0x0020, 0x0021, 0x0021, 0x0021, 0x0021, 0x0021, 0x0020, 0x0021, 0x0021,
  0x0021, 0x0021, 0x0021, 0x0021, 0x0020, 0x0020, 0x0021, 0x0021, 0x0020, 0x0021, 0x0021, 0x0020,
  0x0021, 0x0021, 0x0020, 0x0020, 0x0021, 0x0021, 0x0021, 0x0020, 0x0021, 0x0021, 0x0021, 0x0020,
  0x0021, 0x0021, 0x0021, 0x0021, 0x0021, 0x0021, 0x0020, 0x0021, 0x0021, 0x0021, 0x0021, 0x0021,
  0x0020, 0x0021, 0x0021, 0x0021, 0x0021, 0x0021, 0x0021, 0x0021, 0x0020, 0x0021, 0x0021, 0x0021,
  0x0021, 0x0020, 0x0020, 0x0020, 0x0021, 0x0000, 0x0000, 0x2163, 0x5389, 0x750C, 0x752C, 0x644B,
  0x3A86, 0x0020, 0x0000, 0x0021, 0x0021, 0x0020, 0x0020, 0x0021, 0x0020, 0x0021, 0x0021, 0x0020,
  0x0021, 0x0021, 0x0021, 0x0021, 0x0021, 0x0021, 0x0021, 0x0021, 0x0020, 0x0021, 0x0021, 0x0021,
  0x0021, 0x0021, 0x0021, 0x0021, 0x0021, 0x0021, 0x0021, 0x0021, 0x0021, 0x0021, 0x0020, 0x0021,
  0x0021, 0x0021, 0x0021, 0x0021, 0x0021, 0x0021, 0x0021, 0x0021, 0x0020, 0x0021, 0x0021, 0x0021,
  0x0021, 0x0021, 0x0020, 0x0021, 0x0020, 0x0020, 0x0020, 0x0021, 0x0020, 0x0020, 0x0021, 0x0021,
  0x0020, 0x0021, 0x0020, 0x0021, 0x0021, 0x0021, 0x0020, 0x0020, 0x0021, 0x0020, 0x0020, 0x0020,
  0x0020, 0x0021, 0x0020, 0x0021, 0x0021, 0x0020, 0x0020, 0x0020, 0x0020, 0x0020, 0x0020, 0x0021,
  0x0021, 0x0021, 0x0021, 0x0021, 0x0020, 0x0021, 0x0021, 0x0020, 0x0021, 0x0021, 0x0021, 0x0021,
  0x0020, 0x0021, 0x0020, 0x0021, 0x0021, 0x0021, 0x0020, 0x0021, 0x0021, 0x0021, 0x0021, 0x0020,
  0x0021, 0x0020, 0x0020, 0x0021, 0x0021, 0x0021, 0x0021, 0x0021, 0x0021, 0x0021, 0x0020, 0x0021,
  0x0021, 0x0021, 0x0020, 0x0021, 0x0021, 0x0020, 0x0021, 0x0021, 0x0020, 0x0021, 0x0021, 0x0021,
  0x0020, 0x0021, 0x0021, 0x0021, 0x0020, 0x0021, 0x0020, 0x0021, 0x0021, 0x0020, 0x0021, 0x0021,
  0x0020, 0x0020, 0x0020, 0x0020, 0x0020, 0x0021, 0x0021, 0x0021, 0x0000, 0x3186, 0x8C90, 0x64AC,
  0x650B, 0x6D0C, 0x754C, 0x5CAA, 0x4C09, 0x7C6F, 0x630B, 0x0000, 0x0021, 0x0020, 0x0020, 0x0021,
  0x0021, 0x0020, 0x0021, 0x0021, 0x0020, 0x0021, 0x0021, 0x0021, 0x0020, 0x0021, 0x0021, 0x0020,
  0x0020, 0x0020, 0x0021, 0x0021, 0x0020, 0x0020, 0x0021, 0x0020, 0x0021, 0x0020, 0x0020, 0x0021,
  0x0020, 0x0021, 0x0020, 0x0020, 0x0020, 0x0021, 0x0021, 0x0021, 0x0021, 0x0021, 0x0021, 0x0021,
  0x0021, 0x0020, 0x0021, 0x0021, 0x0021, 0x0021, 0x0020, 0x0020, 0x0021, 0x0020, 0x0020, 0x0020,
  0x0021, 0x0021, 0x0020, 0x0021, 0x0021, 0x0021, 0x0020, 0x0021, 0x0021, 0x0021, 0x0021, 0x0021,
  0x0020, 0x0020, 0x0021, 0x0020, 0x0020, 0x0021, 0x0021, 0x0020, 0x0021, 0x0020, 0x0021, 0x0020,
  0x0020, 0x0021, 0x0020, 0x0020, 0x0021, 0x0021, 0x0020, 0x0020, 0x0021, 0x0021, 0x0021, 0x0020,
  0x0021, 0x0020, 0x0020, 0x0020, 0x0020, 0x0021, 0x0021, 0x0021, 0x0020, 0x0020, 0x0020, 0x0021,
  0x0020, 0x0021, 0x0021, 0x0020, 0x0021, 0x0020, 0x0021, 0x0020, 0x0021, 0x0021, 0x0021, 0x0021,
  0x0021, 0x0021, 0x0021, 0x0020, 0x0021, 0x0021, 0x0021, 0x0021, 0x0021, 0x0020, 0x0021, 0x0021,
  0x0021, 0x0021, 0x0021, 0x0020, 0x0021, 0x0021, 0x0021, 0x0020, 0x0021, 0x0020, 0x0021, 0x0021,
  0x0021, 0x0020, 0x0021, 0x0021, 0x0021, 0x0021, 0x0021, 0x0021, 0x0020, 0x0021, 0x0041, 0x0841,
  0x0000, 0x7BAD, 0xFF9C, 0xD678, 0x9D32, 0x644C, 0x53EA, 0x7C4E, 0xA4F2, 0xBD74, 0x8C0F, 0x0020,
  0x0021, 0x0041, 0x0041, 0x0021, 0x0021, 0x0021, 0x0020, 0x0021, 0x0021, 0x0021, 0x0021, 0x0020,
  0x0021, 0x0021, 0x0020, 0x0020, 0x0021, 0x0021, 0x0021, 0x0020, 0x0021, 0x0021, 0x0020, 0x0020,
  0x0020, 0x0020, 0x0020, 0x0021, 0x0020, 0x0020, 0x0021, 0x0021, 0x0020, 0x0021, 0x0021, 0x0021,
  0x0021, 0x0020, 0x0021, 0x0021, 0x0020, 0x0020, 0x0021, 0x0021, 0x0021, 0x0021, 0x0020, 0x0021,
  0x0020, 0x0020, 0x0021, 0x0021, 0x0020, 0x0021, 0x0021, 0x0021, 0x0021, 0x0020, 0x0020, 0x0020,
  0x0021, 0x0020, 0x0020, 0x0020, 0x0021, 0x0020, 0x0020, 0x0020, 0x0020, 0x0021, 0x0021, 0x0021,
  0x0020, 0x0020, 0x0020, 0x0021, 0x0020, 0x0021, 0x0021, 0x0020, 0x0021, 0x0021, 0x0020, 0x0021,
  0x0021, 0x0021, 0x0021, 0x0021, 0x0021, 0x0021, 0x0021, 0x0021, 0x0021, 0x0021, 0x0021, 0x0020,
  0x0021, 0x0021, 0x0020, 0x0020, 0x0020, 0x0021, 0x0020, 0x0020, 0x0020, 0x0020, 0x0020, 0x0020,
  0x0020, 0x0020, 0x0020, 0x0021, 0x0021, 0x0021, 0x0021, 0x0021, 0x0020, 0x0021, 0x0021, 0x0021,
  0x0020, 0x0021, 0x0020, 0x0020, 0x0020, 0x0021, 0x0020, 0x0021, 0x0021, 0x0021, 0x0021, 0x0021,
  0x0021, 0x0020, 0x0021, 0x0021, 0x0021, 0x0021, 0x0020, 0x0021, 0x0021, 0x0021, 0x0021, 0x0041,
  0x0021, 0x0000, 0x0000, 0x0000, 0x0000, 0x5AA9, 0xDE77, 0xEED9, 0xF6FA, 0xDEB9, 0xB554, 0xB513,
  0x9C70, 0x83AD, 0x5268, 0x0020, 0x0000, 0x0000, 0x0000, 0x0000, 0x0000, 0x0021, 0x0041, 0x0021,
  0x0021, 0x0021, 0x0020, 0x0020, 0x0020, 0x0021, 0x0020, 0x0021, 0x0020, 0x0020, 0x0021, 0x0020,
  0x0021, 0x0021, 0x0020, 0x0020, 0x0020, 0x0020, 0x0021, 0x0021, 0x0020, 0x0020, 0x0021, 0x0021,
  0x0020, 0x0020, 0x0021, 0x0020, 0x0021, 0x0020, 0x0021, 0x0021, 0x0020, 0x0021, 0x0021, 0x0020,
  0x0020, 0x0021, 0x0020, 0x0021, 0x0020, 0x0021, 0x0020, 0x0020, 0x0021, 0x0021, 0x0021, 0x0021,
  0x0021, 0x0021, 0x0021, 0x0020, 0x0020, 0x0020, 0x0021, 0x0020, 0x0020, 0x0020, 0x0020, 0x0021,
  0x0020, 0x0020, 0x0021, 0x0021, 0x0020, 0x0021, 0x0020, 0x0020, 0x0020, 0x0021, 0x0020, 0x0021,
  0x0021, 0x0021, 0x0020, 0x0021, 0x0020, 0x0020, 0x0021, 0x0020, 0x0021, 0x0021, 0x0020, 0x0020,
  0x0021, 0x0021, 0x0020, 0x0021, 0x0020, 0x0021, 0x0020, 0x0021, 0x0021, 0x0021, 0x0020, 0x0020,
  0x0021, 0x0020, 0x0021, 0x0020, 0x0021, 0x0020, 0x0020, 0x0021, 0x0021, 0x0020, 0x0021, 0x0021,
  0x0020, 0x0021, 0x0021, 0x0021, 0x0021, 0x0020, 0x0021, 0x0021, 0x0020, 0x0020, 0x0020, 0x0021,
  0x0020, 0x0020, 0x0021, 0x0021, 0x0020, 0x0020, 0x0020, 0x0021, 0x0020, 0x0021, 0x0021, 0x0041,
  0x0021, 0x0000, 0x0000, 0x0000, 0x0000, 0x1082, 0x3185, 0x5A89, 0x7B8D, 0x6B2C, 0x5289, 0x7BAD,
  0xBD94, 0xE698, 0x942F, 0x734C, 0x5AA9, 0x39A6, 0x41E7, 0x734C, 0x6B0B, 0x5269, 0x39A6, 0x18E3,
  0x0841, 0x0000, 0x0000, 0x0000, 0x0000, 0x0020, 0x0021, 0x0021, 0x0021, 0x0020, 0x0021, 0x0020,
  0x0020, 0x0021, 0x0021, 0x0021, 0x0020, 0x0020, 0x0020, 0x0020, 0x0021, 0x0020, 0x0021, 0x0021,
  0x0021, 0x0021, 0x0020, 0x0021, 0x0021, 0x0021, 0x0021, 0x0020, 0x0020, 0x0021, 0x0020, 0x0021,
  0x0020, 0x0021, 0x0021, 0x0021, 0x0021, 0x0021, 0x0021, 0x0020, 0x0021, 0x0021, 0x0021, 0x0021,
  0x0021, 0x0021, 0x0020, 0x0021, 0x0021, 0x0021, 0x0020, 0x0021, 0x0021, 0x0021, 0x0020, 0x0021,
  0x0021, 0x0020, 0x0020, 0x0021, 0x0021, 0x0021, 0x0021, 0x0021, 0x0021, 0x0021, 0x0021, 0x0020,
  0x0021, 0x0021, 0x0021, 0x0020, 0x0021, 0x0021, 0x0021, 0x0021, 0x0021, 0x0021, 0x0020, 0x0021,
  0x0021, 0x0021, 0x0021, 0x0021, 0x0020, 0x0020, 0x0021, 0x0021, 0x0021, 0x0021, 0x0021, 0x0021,
  0x0021, 0x0020, 0x0020, 0x0020, 0x0020, 0x0020, 0x0020, 0x0021, 0x0021, 0x0020, 0x0021, 0x0021,
  0x0021, 0x0021, 0x0021, 0x0021, 0x0021, 0x0020, 0x0021, 0x0021, 0x0021, 0x0020, 0x0021, 0x0020,
  0x0021, 0x0021, 0x0021, 0x0021, 0x0020, 0x0021, 0x0020, 0x0021, 0x0021, 0x0020, 0x0021, 0x0021,
  0x0041, 0x0021, 0x0000, 0x0000, 0x0000, 0x0861, 0x2945, 0x5289, 0x7BAD, 0x942F, 0x944F, 0x7BAD,
  0x5AA9, 0x62CA, 0x734C, 0x6B2C, 0x5AAA, 0x6B0B, 0x5A89, 0x39A6, 0x4A48, 0x736D, 0x6B0B, 0x4A28,
  0x5269, 0x62EA, 0x7B8D, 0x7BAE, 0x7B8D, 0x6B0B, 0x5248, 0x3185, 0x18C2, 0x0020, 0x0000, 0x0000,
  0x0000, 0x0020, 0x0021, 0x0021, 0x0021, 0x0021, 0x0021, 0x0020, 0x0021, 0x0020, 0x0020, 0x0021,
  0x0021, 0x0021, 0x0020, 0x0020, 0x0020, 0x0021, 0x0021, 0x0021, 0x0020, 0x0021, 0x0021, 0x0021,
  0x0021, 0x0021, 0x0021, 0x0020, 0x0020, 0x0020, 0x0021, 0x0020, 0x0021, 0x0020, 0x0021, 0x0021,
  0x0020, 0x0021, 0x0021, 0x0021, 0x0021, 0x0021, 0x0021, 0x0020, 0x0021, 0x0021, 0x0021, 0x0021,
  0x0021, 0x0021, 0x0021, 0x0021, 0x0021, 0x0020, 0x0020, 0x0021, 0x0021, 0x0021, 0x0021, 0x0020,
  0x0021, 0x0021, 0x0021, 0x0020, 0x0021, 0x0021, 0x0020, 0x0021, 0x0021, 0x0021, 0x0021, 0x0021,
  0x0020, 0x0021, 0x0021, 0x0021, 0x0021, 0x0021, 0x0021, 0x0021, 0x0021, 0x0021, 0x0021, 0x0021,
  0x0021, 0x0021, 0x0021, 0x0021, 0x0021, 0x0021, 0x0020, 0x0021, 0x0020, 0x0021, 0x0021, 0x0021,
  0x0021, 0x0020, 0x0021, 0x0021, 0x0021, 0x0021, 0x0020, 0x0020, 0x0020, 0x0021, 0x0020, 0x0021,
  0x0021, 0x0020, 0x0021, 0x0021, 0x0020, 0x0021, 0x0021, 0x0020, 0x0020, 0x0021, 0x0021, 0x0041,
  0x0841, 0x0041, 0x0020, 0x0000, 0x0000, 0x0000, 0x18C3, 0x4A07, 0x736C, 0x8C0F, 0x8C0F, 0x7B8D,
  0x5AA9, 0x39C6, 0x18C3, 0x2103, 0x5269, 0x4A28, 0x4208, 0x5289, 0x734C, 0x6B2C, 0x6B2C, 0x6B2C,
  0x4A69, 0x2965, 0x2966, 0x2945, 0x2965, 0x18E3, 0x10A2, 0x2124, 0x31A6, 0x4A48, 0x62EA, 0x736C,
  0x7BAD, 0x736C, 0x62EA, 0x41E7, 0x20E3, 0x0020, 0x0000, 0x0000, 0x0000, 0x0020, 0x0021, 0x0041,
  0x0841, 0x0041, 0x0021, 0x0020, 0x0020, 0x0020, 0x0020, 0x0020, 0x0020, 0x0020, 0x0021, 0x0020,
  0x0021, 0x0021, 0x0021, 0x0021, 0x0021, 0x0020, 0x0021, 0x0020, 0x0021, 0x0021, 0x0021, 0x0021,
  0x0021, 0x0021, 0x0020, 0x0021, 0x0021, 0x0021, 0x0021, 0x0021, 0x0021, 0x0021, 0x0021, 0x0021,
  0x0021, 0x0021, 0x0020, 0x0021, 0x0020, 0x0021, 0x0021, 0x0021, 0x0021, 0x0020, 0x0020, 0x0021,
  0x0021, 0x0020, 0x0021, 0x0021, 0x0020, 0x0021, 0x0020, 0x0020, 0x0020, 0x0021, 0x0020, 0x0021,
  0x0021, 0x0021, 0x0021, 0x0021, 0x0021, 0x0020, 0x0020, 0x0021, 0x0021, 0x0021, 0x0021, 0x0020,
  0x0021, 0x0021, 0x0021, 0x0021, 0x0020, 0x0020, 0x0020, 0x0021, 0x0021, 0x0020, 0x0020, 0x0021,
  0x0021, 0x0021, 0x0021, 0x0020, 0x0021, 0x0021, 0x0021, 0x0021, 0x0020, 0x0021, 0x0020, 0x0021,
  0x0020, 0x0020, 0x0021, 0x0021, 0x0021, 0x0021, 0x0020, 0x0020, 0x0020, 0x0020, 0x0021, 0x0041,
  0x0841, 0x0021, 0x0000, 0x0000, 0x0000, 0x0000, 0x0841, 0x2103, 0x5248, 0x7B8D, 0x8BEE, 0x7B6C,
  0x5AAA, 0x41E7, 0x2124, 0x10C3, 0x18C3, 0x10A2, 0x2965, 0x7B8D, 0x8BEF, 0x8C2F, 0x5289, 0x18E4,
  0x3186, 0x4228, 0x39C7, 0x2145, 0x2124, 0x2965, 0x4208, 0x630B, 0x736C, 0x736C, 0x3185, 0x18E3,
  0x2104, 0x18C3, 0x2104, 0x2124, 0x2945, 0x39A6, 0x5269, 0x6B0B, 0x7BAD, 0x736C, 0x5289, 0x3185,
  0x10A2, 0x0841, 0x0000, 0x0000, 0x0000, 0x0000, 0x0000, 0x0021, 0x0841, 0x0041, 0x0021, 0x0020,
  0x0021, 0x0021, 0x0021, 0x0021, 0x0021, 0x0020, 0x0021, 0x0021, 0x0021, 0x0020, 0x0021, 0x0021,
  0x0020, 0x0021, 0x0021, 0x0021, 0x0021, 0x0021, 0x0021, 0x0021, 0x0021, 0x0021, 0x0021, 0x0021,
  0x0021, 0x0021, 0x0021, 0x0021, 0x0021, 0x0020, 0x0021, 0x0020, 0x0020, 0x0021, 0x0021, 0x0021,
  0x0021, 0x0020, 0x0021, 0x0020, 0x0020, 0x0020, 0x0021, 0x0020, 0x0020, 0x0021, 0x0020, 0x0020,
  0x0020, 0x0020, 0x0020, 0x0021, 0x0020, 0x0021, 0x0021, 0x0020, 0x0021, 0x0021, 0x0021, 0x0020,
  0x0021, 0x0021, 0x0021, 0x0021, 0x0021, 0x0021, 0x0021, 0x0021, 0x0020, 0x0021, 0x0021, 0x0021,
  0x0021, 0x0020, 0x0020, 0x0021, 0x0020, 0x0021, 0x0020, 0x0021, 0x0021, 0x0020, 0x0021, 0x0021,
  0x0021, 0x0021, 0x0020, 0x0021, 0x0020, 0x0020, 0x0020, 0x0020, 0x0021, 0x0020, 0x0021, 0x0041,
  0x0841, 0x0041, 0x0000, 0x0000, 0x0000, 0x0000, 0x10A2, 0x39C6, 0x6B4C, 0x4A27, 0x62EA, 0x83CE,
  0x5AAA, 0x3185, 0x3185, 0x4A48, 0x5269, 0x5269, 0x31A6, 0x2966, 0x18E4, 0x31A6, 0x7BCE, 0x83CE,
  0x83CE, 0x5289, 0x3186, 0x2104, 0x31A6, 0x39C7, 0x2145, 0x2945, 0x1904, 0x31A6, 0x5269, 0x736D,
  0x8C0F, 0x83CE, 0x7BAD, 0x3185, 0x2104, 0x31C7, 0x31A7, 0x31A6, 0x39C7, 0x39E7, 0x3186, 0x18E3,
  0x18C3, 0x2945, 0x4A48, 0x734C, 0x41E7, 0x9470, 0xCE17, 0x9470, 0x62EB, 0x31A6, 0x1082, 0x0000,
  0x0000, 0x0000, 0x0020, 0x0041, 0x0041, 0x0021, 0x0020, 0x0021, 0x0021, 0x0021, 0x0020, 0x0021,
  0x0021, 0x0021, 0x0020, 0x0021, 0x0020, 0x0021, 0x0020, 0x0021, 0x0020, 0x0021, 0x0021, 0x0021,
  0x0021, 0x0021, 0x0021, 0x0021, 0x0021, 0x0021, 0x0021, 0x0021, 0x0021, 0x0021, 0x0020, 0x0020,
  0x0021, 0x0021, 0x0021, 0x0020, 0x0021, 0x0021, 0x0020, 0x0020, 0x0021, 0x0021, 0x0020, 0x0021,
  0x0021, 0x0021, 0x0020, 0x0020, 0x0020, 0x0021, 0x0021, 0x0021, 0x0021, 0x0021, 0x0021, 0x0020,
  0x0020, 0x0021, 0x0021, 0x0020, 0x0021, 0x0020, 0x0021, 0x0020, 0x0021, 0x0021, 0x0020, 0x0021,
  0x0021, 0x0021, 0x0021, 0x0020, 0x0020, 0x0020, 0x0020, 0x0020, 0x0020, 0x0021, 0x0021, 0x0021,
  0x0020, 0x0021, 0x0021, 0x0021, 0x0021, 0x0020, 0x0020, 0x0020, 0x0021, 0x0020, 0x0021, 0x0020,
  0x0021, 0x0841, 0x0021, 0x0000, 0x0000, 0x0000, 0x10C2, 0x4228, 0x83EE, 0xBD95, 0xEEF9, 0xFFDD,
  0xFFFF, 0x7BCE, 0x18C3, 0x20E3, 0x3185, 0x5AAA, 0x738D, 0x630C, 0x4208, 0x2965, 0x2104, 0x1082,
  0x39C6, 0x83CE, 0x83CE, 0x83CE, 0x5269, 0x2965, 0x2104, 0x2965, 0x2125, 0x18C3, 0x2104, 0x10C3,
  0x18E4, 0x2124, 0x39C7, 0x4A69, 0x6B2B, 0x83EE, 0x83CE, 0x83EE, 0x4207, 0x10A2, 0x2125, 0x2125,
  0x2986, 0x39C7, 0x4A69, 0x5ACA, 0x5269, 0x3165, 0x10C3, 0x10C3, 0x0882, 0x9CB1, 0xFFDD, 0xFFDD,
  0xFFFE, 0xFFBC, 0xE6B9, 0xAD33, 0x736C, 0x31A6, 0x0841, 0x0000, 0x0000, 0x0020, 0x0041, 0x0021,
  0x0020, 0x0020, 0x0020, 0x0020, 0x0021, 0x0021, 0x0020, 0x0020, 0x0020, 0x0021, 0x0021, 0x0021,
  0x0021, 0x0020, 0x0021, 0x0020, 0x0021, 0x0021, 0x0020, 0x0021, 0x0021, 0x0021, 0x0021, 0x0021,
  0x0021, 0x0021, 0x0020, 0x0021, 0x0021, 0x0021, 0x0021, 0x0021, 0x0021, 0x0020, 0x0021, 0x0021,
  0x0021, 0x0020, 0x0020, 0x0020, 0x0021, 0x0021, 0x0021, 0x0021, 0x0020, 0x0021, 0x0020, 0x0020,
  0x0021, 0x0021, 0x0020, 0x0020, 0x0021, 0x0021, 0x0021, 0x0021, 0x0021, 0x0021, 0x0020, 0x0021,
  0x0021, 0x0020, 0x0021, 0x0021, 0x0020, 0x0021, 0x0021, 0x0021, 0x0021, 0x0020, 0x0021, 0x0020,
  0x0021, 0x0021, 0x0021, 0x0021, 0x0020, 0x0020, 0x0021, 0x0021, 0x0021, 0x0020, 0x0021, 0x0020,
  0x0021, 0x0021, 0x0041, 0x0041, 0x0000, 0x0000, 0x0000, 0x2944, 0x6B2B, 0xAD33, 0xEEFA, 0xFFFD,
  0xFFFE, 0xFFDD, 0xE6B9, 0xAD33, 0x7BCE, 0x4207, 0x4A28, 0x6B2B, 0x734C, 0x52AA, 0x3186, 0x18E4,
  0x18E3, 0x2124, 0x10A3, 0x39C6, 0x83EE, 0x83CE, 0x83EE, 0x4A48, 0x2965, 0x20E3, 0x2966, 0x4A6A,
  0x4249, 0x2966, 0x4228, 0x2124, 0x39E8, 0x4A6A, 0x31A7, 0x31A6, 0x4A69, 0x630B, 0x8C0F, 0x83EE,
  0x8C2F, 0x4A28, 0x10A2, 0x2125, 0x2104, 0x2125, 0x2945, 0x3186, 0x4208, 0x5AAA, 0x528A, 0x31A6,
  0x18E3, 0x18C3, 0x31A6, 0x5ACA, 0x8C50, 0xBDB5, 0xEEFA, 0xFFFD, 0xFFFE, 0xFF9C, 0xD637, 0x8C50,
  0x4207, 0x0841, 0x0000, 0x0000, 0x0041, 0x0041, 0x0021, 0x0020, 0x0021, 0x0021, 0x0021, 0x0021,
  0x0020, 0x0021, 0x0021, 0x0021, 0x0021, 0x0021, 0x0021, 0x0020, 0x0021, 0x0021, 0x0021, 0x0021,
  0x0021, 0x0021, 0x0021, 0x0021, 0x0021, 0x0021, 0x0021, 0x0021, 0x0020, 0x0020, 0x0020, 0x0020,
  0x0021, 0x0021, 0x0021, 0x0021, 0x0021, 0x0021, 0x0021, 0x0021, 0x0021, 0x0021, 0x0020, 0x0020,
  0x0020, 0x0021, 0x0021, 0x0020, 0x0021, 0x0021, 0x0020, 0x0021, 0x0020, 0x0020, 0x0021, 0x0021,
  0x0021, 0x0021, 0x0021, 0x0021, 0x0021, 0x0021, 0x0021, 0x0021, 0x0021, 0x0021, 0x0021, 0x0021,
  0x0021, 0x0021, 0x0020, 0x0021, 0x0021, 0x0021, 0x0021, 0x0021, 0x0020, 0x0021, 0x0021, 0x0021,
  0x0021, 0x0021, 0x0020, 0x0020, 0x0041, 0x0041, 0x0000, 0x0000, 0x18C3, 0x630B, 0xB574, 0xF75B,
  0xFFFE, 0xFFFE, 0xEF1A, 0xB574, 0x840F, 0x5269, 0x2124, 0x18C3, 0x41E7, 0x6B4C, 0x6B4C, 0x4208,
  0x2124, 0x18E3, 0x18E3, 0x2145, 0x39E8, 0x2966, 0x41E7, 0x83EE, 0x83CE, 0x83CE, 0x4A49, 0x2965,
  0x18E3, 0x2966, 0x4A49, 0x4A6A, 0x4229, 0x39E7, 0x62EB, 0x2125, 0x39E8, 0x4A6A, 0x4A8A, 0x39C7,
  0x31A6, 0x4A69, 0x630B, 0x8C0F, 0x83AD, 0x8C0F, 0x5269, 0x18E4, 0x2946, 0x2104, 0x2104, 0x2124,
  0x2945, 0x2966, 0x39C7, 0x528A, 0x528A, 0x3186, 0x1082, 0x1082, 0x18E3, 0x2104, 0x3186, 0x5AEB,
  0x9C91, 0xD657, 0xFF9C, 0xFFFE, 0xFF9C, 0xD637, 0x7BCE, 0x2944, 0x0000, 0x0000, 0x0021, 0x0041,
  0x0021, 0x0020, 0x0021, 0x0021, 0x0020, 0x0020, 0x0021, 0x0021, 0x0021, 0x0021, 0x0021, 0x0021,
  0x0021, 0x0021, 0x0021, 0x0021, 0x0020, 0x0020, 0x0021, 0x0021, 0x0021, 0x0021, 0x0021, 0x0021,
  0x0021, 0x0021, 0x0021, 0x0021, 0x0020, 0x0021, 0x0020, 0x0021, 0x0021, 0x0020, 0x0020, 0x0020,
  0x0020, 0x0021, 0x0020, 0x0020, 0x0020, 0x0020, 0x0021, 0x0021, 0x0021, 0x0021, 0x0021, 0x0021,
  0x0021, 0x0021, 0x0021, 0x0021, 0x0021, 0x0021, 0x0021, 0x0021, 0x0021, 0x0021, 0x0020, 0x0021,
  0x0021, 0x0021, 0x0020, 0x0021, 0x0021, 0x0021, 0x0021, 0x0020, 0x0020, 0x0021, 0x0020, 0x0020,
  0x0021, 0x0021, 0x0021, 0x0020, 0x0020, 0x0021, 0x0041, 0x0021, 0x0000, 0x0000, 0x31A6, 0x9491,
  0xE6D9, 0xFFFE, 0xFFFE, 0xEEFA, 0xAD12, 0x6B4C, 0x4228, 0x3186, 0x2124, 0x3185, 0x62EB, 0x7BAE,
  0x62EB, 0x39C7, 0x2104, 0x18E3, 0x2104, 0x2986, 0x39E8, 0x4A6A, 0x31A7, 0x39C6, 0x83EE, 0x7BCE,
  0x83CE, 0x4A48, 0x2965, 0x18E3, 0x2986, 0x4A4A, 0x4A49, 0x4A6A, 0x4229, 0x39C7, 0x5ACA, 0x2125,
  0x39E8, 0x4A6A, 0x4249, 0x4A8A, 0x39E8, 0x3186, 0x4A49, 0x62EB, 0x8BEE, 0x83CE, 0x8C2F, 0x5248,
  0x10C3, 0x2986, 0x2966, 0x2145, 0x2104, 0x2104, 0x2145, 0x2965, 0x31A6, 0x4A69, 0x528A, 0x39E7,
  0x2945, 0x2966, 0x2966, 0x1904, 0x18C3, 0x2944, 0x5289, 0x9C91, 0xDE98, 0xFFDD, 0xFFFD, 0xEF3A,
  0xAD12, 0x4A28, 0x0000, 0x0000, 0x0021, 0x0041, 0x0021, 0x0020, 0x0021, 0x0020, 0x0020, 0x0020,
  0x0021, 0x0020, 0x0021, 0x0021, 0x0020, 0x0021, 0x0021, 0x0021, 0x0021, 0x0021, 0x0021, 0x0021,
  0x0021, 0x0021, 0x0020, 0x0021, 0x0021, 0x0021, 0x0021, 0x0021, 0x0021, 0x0021, 0x0021, 0x0021,
  0x0020, 0x0020, 0x0020, 0x0021, 0x0020, 0x0020, 0x0021, 0x0020, 0x0020, 0x0020, 0x0021, 0x0021,
  0x0021, 0x0021, 0x0020, 0x0021, 0x0021, 0x0021, 0x0020, 0x0021, 0x0021, 0x0021, 0x0021, 0x0021,
  0x0021, 0x0021, 0x0021, 0x0021, 0x0021, 0x0021, 0x0021, 0x0021, 0x0020, 0x0021, 0x0021, 0x0021,
  0x0020, 0x0020, 0x0021, 0x0021, 0x0021, 0x0021, 0x0021, 0x0021, 0x0021, 0x0041, 0x0000, 0x0000,
  0x4207, 0xB554, 0xF77B, 0xFFFE, 0xFFBC, 0xCE16, 0x7BAD, 0x4207, 0x31A7, 0x39C7, 0x3186, 0x4207,
  0x630B, 0x7B8D, 0x62EB, 0x39C7, 0x2104, 0x18E3, 0x2125, 0x31A7, 0x4229, 0x4249, 0x4A6A, 0x31C7,
  0x31A6, 0x83CE, 0x83CE, 0x83EE, 0x5269, 0x2965, 0x2104, 0x2966, 0x4A49, 0x4A6A, 0x4A49, 0x4A6A,
  0x4229, 0x39E7, 0x5ACB, 0x2125, 0x39E8, 0x4A6A, 0x4A49, 0x4249, 0x4A8A, 0x39E8, 0x3186, 0x4A49,
  0x62EB, 0x8C0F, 0x7BAE, 0x8C0F, 0x4A28, 0x18E4, 0x3187, 0x31C7, 0x31A7, 0x2145, 0x2104, 0x2104,
  0x2145, 0x2945, 0x39C7, 0x4A69, 0x4A69, 0x31A6, 0x2945, 0x31A7, 0x39E8, 0x2986, 0x1904, 0x18C3,
  0x2965, 0x6B4C, 0xBD95, 0xFF7B, 0xFFFD, 0xFF7C, 0xBDB5, 0x5269, 0x0000, 0x0000, 0x0041, 0x0021,
  0x0021, 0x0020, 0x0021, 0x0021, 0x0020, 0x0021, 0x0021, 0x0021, 0x0020, 0x0021, 0x0021, 0x0021,
  0x0021, 0x0021, 0x0021, 0x0021, 0x0021, 0x0021, 0x0021, 0x0021, 0x0021, 0x0021, 0x0021, 0x0021,
  0x0021, 0x0021, 0x0021, 0x0021, 0x0020, 0x0021, 0x0021, 0x0020, 0x0021, 0x0021, 0x0020, 0x0021,
  0x0020, 0x0020, 0x0021, 0x0021, 0x0021, 0x0021, 0x0021, 0x0021, 0x0021, 0x0021, 0x0021, 0x0020,
  0x0021, 0x0021, 0x0021, 0x0021, 0x0021, 0x0021, 0x0021, 0x0021, 0x0021, 0x0021, 0x0021, 0x0021,
  0x0021, 0x0021, 0x0021, 0x0020, 0x0021, 0x0020, 0x0021, 0x0020, 0x0020, 0x0021, 0x0020, 0x0041,
  0x0000, 0x0000, 0x31A6, 0xB554, 0xFF7C, 0xFFFE, 0xFF9C, 0xBDB5, 0x5AEB, 0x2986, 0x39E8, 0x4249,
  0x39C7, 0x41E7, 0x62EB, 0x7BAD, 0x5AAA, 0x31A6, 0x1904, 0x18E3, 0x2945, 0x39E8, 0x4249, 0x4A49,
  0x4249, 0x4A6A, 0x39E8, 0x3185, 0x83CE, 0x83CE, 0x8BEE, 0x5AAA, 0x3186, 0x20E3, 0x2966, 0x4249,
  0x4A69, 0x4A49, 0x4A49, 0x4A6A, 0x4229, 0x39E7, 0x5ACB, 0x2125, 0x39E8, 0x4A6A, 0x4A49, 0x4A49,
  0x4249, 0x4A6A, 0x39E8, 0x31A6, 0x4A49, 0x62EB, 0x8BEE, 0x83AE, 0x8C2F, 0x41E7, 0x18E4, 0x39E8,
  0x39E8, 0x39E8, 0x31C7, 0x2966, 0x2104, 0x2104, 0x2945, 0x2945, 0x39C7, 0x5289, 0x4A69, 0x3186,
  0x2966, 0x39E8, 0x3A08, 0x31C7, 0x2965, 0x18E3, 0x18E3, 0x5289, 0xB554, 0xF75B, 0xFFDD, 0xFF7B,
  0xBD95, 0x39E7, 0x0000, 0x0000, 0x0041, 0x0020, 0x0021, 0x0021, 0x0021, 0x0021, 0x0021, 0x0020,
  0x0020, 0x0021, 0x0021, 0x0021, 0x0021, 0x0021, 0x0021, 0x0020, 0x0021, 0x0021, 0x0021, 0x0021,
  0x0021, 0x0021, 0x0021, 0x0020, 0x0021, 0x0021, 0x0021, 0x0020, 0x0020, 0x0021, 0x0021, 0x0020,
  0x0021, 0x0021, 0x0021, 0x0021, 0x0020, 0x0020, 0x0021, 0x0021, 0x0021, 0x0021, 0x0021, 0x0021,
  0x0021, 0x0021, 0x0021, 0x0021, 0x0021, 0x0021, 0x0021, 0x0021, 0x0021, 0x0021, 0x0021, 0x0021,
  0x0021, 0x0021, 0x0021, 0x0021, 0x0021, 0x0020, 0x0020, 0x0021, 0x0020, 0x0021, 0x0021, 0x0021,
  0x0020, 0x0021, 0x0841, 0x0000, 0x0861, 0x8C50, 0xF75B, 0xFFDD, 0xFFBC, 0xC5F6, 0x5ACB, 0x2966,
  0x3A08, 0x4A6A, 0x31C7, 0x31A6, 0x62CA, 0x7BAD, 0x62EB, 0x31A6, 0x18E4, 0x1904, 0x2945, 0x39E8,
  0x4249, 0x4A6A, 0x4249, 0x4249, 0x4A6A, 0x4229, 0x2945, 0x7BAD, 0x83EE, 0x83EF, 0x5ACA, 0x3186,
  0x2104, 0x2945, 0x4249, 0x4A6A, 0x4249, 0x4A49, 0x4A49, 0x4A6A, 0x4229, 0x39E7, 0x5ACB, 0x2125,
  0x39E8, 0x4A6A, 0x4A49, 0x4A49, 0x4A49, 0x4249, 0x4A6A, 0x39C7, 0x31A6, 0x4A69, 0x6B2B, 0x8C0F,
  0x83CE, 0x8BEE, 0x3185, 0x1904, 0x39E8, 0x39E8, 0x39E8, 0x39E8, 0x31C7, 0x2966, 0x1904, 0x2104,
  0x2965, 0x2966, 0x39C7, 0x5289, 0x4A28, 0x2965, 0x2966, 0x39E8, 0x3A08, 0x39E8, 0x3186, 0x18E4,
  0x18C3, 0x4A69, 0xBDB5, 0xFF9C, 0xFF9C, 0xF75B, 0x9470, 0x1082, 0x0000, 0x0841, 0x0020, 0x0020,
  0x0021, 0x0020, 0x0021, 0x0021, 0x0021, 0x0021, 0x0021, 0x0020, 0x0020, 0x0020, 0x0021, 0x0021,
  0x0021, 0x0021, 0x0021, 0x0021, 0x0021, 0x0021, 0x0020, 0x0020, 0x0020, 0x0021, 0x0021, 0x0020,
  0x0021, 0x0020, 0x0021, 0x0021, 0x0021, 0x0021, 0x0021, 0x0020, 0x0020, 0x0021, 0x0021, 0x0021,
  0x0021, 0x0021, 0x0021, 0x0021, 0x0021, 0x0021, 0x0021, 0x0021, 0x0021, 0x0021, 0x0021, 0x0021,
  0x0021, 0x0021, 0x0021, 0x0021, 0x0020, 0x0021, 0x0021, 0x0021, 0x0021, 0x0021, 0x0020, 0x0020,
  0x0020, 0x0020, 0x0020, 0x0020, 0x0021, 0x0041, 0x0000, 0x41E7, 0xD678, 0xFFBC, 0xFFBC, 0xE6F9,
  0x738D, 0x2986, 0x39E8, 0x4A8A, 0x39E8, 0x2965, 0x5269, 0x7B8D, 0x62EB, 0x31A6, 0x2104, 0x18E3,
  0x2965, 0x3A08, 0x4249, 0x4A49, 0x4249, 0x4249, 0x4249, 0x4A49, 0x4A4A, 0x2145, 0x734C, 0x83EE,
  0x83EE, 0x630B, 0x31A6, 0x2104, 0x2125, 0x4229, 0x4A4A, 0x4A49, 0x4A49, 0x4A49, 0x4A49, 0x4A6A,
  0x4229, 0x39E7, 0x5ACB, 0x2125, 0x39E8, 0x4A6A, 0x4A49, 0x4A69, 0x4A49, 0x4A69, 0x4A49, 0x4A6A,
  0x31C7, 0x39C7, 0x4A69, 0x6B4C, 0x83EE, 0x83CE, 0x83CE, 0x2924, 0x2145, 0x3A08, 0x39E8, 0x39E8,
  0x39E8, 0x39E8, 0x31C7, 0x2966, 0x2124, 0x2124, 0x2145, 0x2986, 0x4208, 0x528A, 0x4207, 0x2945,
  0x2986, 0x3A08, 0x3A08, 0x39E8, 0x31A7, 0x1904, 0x18C3, 0x6B2B, 0xE6B9, 0xFF7C, 0xFF9C, 0xD678,
  0x41E7, 0x0000, 0x0041, 0x0021, 0x0020, 0x0020, 0x0021, 0x0020, 0x0021, 0x0020, 0x0021, 0x0020,
  0x0021, 0x0021, 0x0021, 0x0021, 0x0021, 0x0021, 0x0021, 0x0020, 0x0020, 0x0020, 0x0020, 0x0021,
  0x0020, 0x0021, 0x0020, 0x0021, 0x0020, 0x0021, 0x0021, 0x0021, 0x0021, 0x0021, 0x0020, 0x0020,
  0x0021, 0x0020, 0x0021, 0x0021, 0x0021, 0x0021, 0x0021, 0x0021, 0x0021, 0x0021, 0x0021, 0x0021,
  0x0021, 0x0021, 0x0021, 0x0021, 0x0021, 0x0021, 0x0021, 0x0020, 0x0021, 0x0020, 0x0020, 0x0021,
  0x0021, 0x0020, 0x0021, 0x0020, 0x0020, 0x0021, 0x0020, 0x0021, 0x0021, 0x0000, 0x738D, 0xFF9C,
  0xFF7B, 0xFFBC, 0xBD95, 0x39C7, 0x2986, 0x4A8A, 0x4249, 0x2966, 0x4A28, 0x7B8D, 0x6B4C, 0x39E7,
  0x2104, 0x18E3, 0x2965, 0x2966, 0x4A6A, 0x4A6A, 0x4249, 0x4249, 0x4249, 0x4249, 0x4249, 0x4A6A,
  0x2945, 0x62EA, 0x83EE, 0x83EE, 0x734C, 0x39C7, 0x2124, 0x2104, 0x3A08, 0x4A6A, 0x4249, 0x4A49,
  0x4A49, 0x4A49, 0x4A49, 0x4A6A, 0x4229, 0x39E7, 0x5ACB, 0x2145, 0x39E8, 0x4A6A, 0x4A49, 0x4A6A,
  0x4A6A, 0x4A4A, 0x4A6A, 0x4A49, 0x4A8A, 0x31A6, 0x39E7, 0x4A49, 0x738D, 0x83EE, 0x83EE, 0x7B8D,
  0x2103, 0x3187, 0x3A08, 0x39E8, 0x39E8, 0x39E8, 0x39E8, 0x3A08, 0x31C7, 0x18E4, 0x1904, 0x2125,
  0x2965, 0x3186, 0x4A49, 0x5269, 0x31A6, 0x2145, 0x31C7, 0x3A08, 0x39E8, 0x3A08, 0x31C7, 0x10C3,
  0x2944, 0xB554, 0xFF9C, 0xF75B, 0xF77B, 0x736C, 0x0000, 0x0021, 0x0021, 0x0020, 0x0020, 0x0020,
  0x0021, 0x0020, 0x0021, 0x0021, 0x0021, 0x0021, 0x0021, 0x0021, 0x0020, 0x0020, 0x0021, 0x0021,
  0x0021, 0x0021, 0x0021, 0x0020, 0x0021, 0x0020, 0x0020, 0x0021, 0x0020, 0x0021, 0x0020, 0x0021,
  0x0021, 0x0021, 0x0021, 0x0021, 0x0021, 0x0020, 0x0021, 0x0021, 0x0021, 0x0021, 0x0021, 0x0021,
  0x0021, 0x0021, 0x0021, 0x0021, 0x0021, 0x0021, 0x0021, 0x0021, 0x0021, 0x0020, 0x0021, 0x0021,
  0x0020, 0x0020, 0x0021, 0x0021, 0x0021, 0x0020, 0x0021, 0x0020, 0x0020, 0x0021, 0x0021, 0x0021,
  0x0000, 0x9450, 0xFFDD, 0xF73B, 0xFFBC, 0x8C50, 0x2125, 0x4249, 0x4A8A, 0x3186, 0x39C7, 0x6B4C,
  0x738D, 0x4A48, 0x2124, 0x18E3, 0x2945, 0x39E8, 0x4249, 0x3A08, 0x31A7, 0x4249, 0x4A6A, 0x4249,
  0x4249, 0x4249, 0x4A8A, 0x2986, 0x4A48, 0x8C0F, 0x83CE, 0x7B8D, 0x39E7, 0x2945, 0x1904, 0x39E8,
  0x4A49, 0x4A49, 0x4A49, 0x4A49, 0x4A49, 0x4A4A, 0x4A49, 0x4A6A, 0x4229, 0x39E7, 0x5ACB, 0x2145,
  0x39E8, 0x4A6A, 0x4A69, 0x4A6A, 0x4A6A, 0x4A6A, 0x4A6A, 0x4A6A, 0x4A49, 0x4A6A, 0x3186, 0x4208,
  0x4A69, 0x7BAD, 0x83CE, 0x8C0F, 0x62EB, 0x18C3, 0x39E8, 0x39E8, 0x39E8, 0x39E8, 0x3A08, 0x31C7,
  0x2966, 0x39E8, 0x31C7, 0x2125, 0x1904, 0x2145, 0x2966, 0x39A7, 0x5289, 0x4A48, 0x2945, 0x2966,
  0x39E8, 0x39E8, 0x39E8, 0x3A09, 0x2986, 0x10A3, 0x840F, 0xFF7C, 0xF73A, 0xFFBC, 0x8C0F, 0x0000,
  0x0021, 0x0021, 0x0020, 0x0020, 0x0021, 0x0020, 0x0021, 0x0021, 0x0021, 0x0021, 0x0021, 0x0021,
  0x0021, 0x0021, 0x0021, 0x0021, 0x0021, 0x0020, 0x0021, 0x0020, 0x0020, 0x0020, 0x0021, 0x0020,
  0x0020, 0x0021, 0x0021, 0x0021, 0x0021, 0x0021, 0x0021, 0x0020, 0x0021, 0x0021, 0x0021, 0x0021,
  0x0021, 0x0021, 0x0021, 0x0021, 0x0021, 0x0020, 0x0021, 0x0021, 0x0021, 0x0021, 0x0021, 0x0021,
  0x0021, 0x0021, 0x0020, 0x0021, 0x0021, 0x0021, 0x0021, 0x0020, 0x0020, 0x0021, 0x0021, 0x0020,
  0x0021, 0x0021, 0x0041, 0x0000, 0x9471, 0xFFDD, 0xEF1A, 0xFFBC, 0x7BAD, 0x2125, 0x52AB, 0x4229,
  0x2986, 0x5AAA, 0x7BAD, 0x5AAA, 0x2965, 0x18E3, 0x2124, 0x39C7, 0x4249, 0x4249, 0x4249, 0x4A6A,
  0x3A08, 0x31A6, 0x3A08, 0x4A6A, 0x4A49, 0x4A6A, 0x39E8, 0x39C6, 0x83EE, 0x7BAE, 0x83CE, 0x4228,
  0x2965, 0x18E4, 0x39E8, 0x4A49, 0x4249, 0x4A49, 0x4A49, 0x4A49, 0x4A69, 0x4A6A, 0x4A49, 0x4A6A,
  0x4229, 0x39E7, 0x5ACB, 0x2145, 0x39C7, 0x4A6A, 0x4A49, 0x4A6A, 0x4A6A, 0x4A6A, 0x4A6A, 0x4A6A,
  0x4A69, 0x4A6A, 0x4A6A, 0x2966, 0x4A28, 0x528A, 0x83EE, 0x7BCE, 0x8C0F, 0x4A48, 0x18E4, 0x3A08,
  0x3A08, 0x39E8, 0x2986, 0x2966, 0x39E8, 0x3A08, 0x39E8, 0x39E8, 0x31A7, 0x2124, 0x2104, 0x2965,
  0x2966, 0x39E7, 0x5289, 0x39C7, 0x2125, 0x31A7, 0x39E8, 0x31C7, 0x39E8, 0x3A08, 0x18E4, 0x736C,
  0xFF7C, 0xEEFA, 0xFFBD, 0x8C2F, 0x0000, 0x0041, 0x0021, 0x0021, 0x0021, 0x0021, 0x0021, 0x0021,
  0x0021, 0x0021, 0x0021, 0x0020, 0x0021, 0x0021, 0x0021, 0x0021, 0x0021, 0x0021, 0x0021, 0x0021,
  0x0021, 0x0020, 0x0021, 0x0020, 0x0021, 0x0021, 0x0021, 0x0021, 0x0021, 0x0021, 0x0021, 0x0021,
  0x0021, 0x0020, 0x0021, 0x0021, 0x0021, 0x0021, 0x0020, 0x0020, 0x0021, 0x0021, 0x0021, 0x0021,
  0x0021, 0x0021, 0x0020, 0x0021, 0x0021, 0x0021, 0x0021, 0x0020, 0x0021, 0x0020, 0x0020, 0x0021,
  0x0021, 0x0021, 0x0021, 0x0021, 0x0020, 0x0041, 0x0000, 0x7BAE, 0xFFDD, 0xEF1A, 0xFFBD, 0x7BAE,
  0x2145, 0x52AB, 0x2986, 0x39E7, 0x7B8D, 0x6B4C, 0x39C7, 0x18E3, 0x18E4, 0x31A7, 0x4249, 0x4A49,
  0x4249, 0x4249, 0x4249, 0x4249, 0x4A49, 0x4249, 0x31C7, 0x31C7, 0x4249, 0x4249, 0x2965, 0x7BAD,
  0x83CE, 0x83EE, 0x5269, 0x2965, 0x18C3, 0x3186, 0x4A49, 0x4249, 0x4A49, 0x4A49, 0x4A49, 0x4A6A,
  0x4A49, 0x4A6A, 0x4A6A, 0x4A6A, 0x4229, 0x39E7, 0x5ACA, 0x2145, 0x31C7, 0x4A6A, 0x4A49, 0x4A6A,
  0x4A6A, 0x4A6A, 0x4A6A, 0x4A6A, 0x4A49, 0x4A49, 0x4A6A, 0x4229, 0x3186, 0x4A49, 0x5ACA, 0x83EE,
  0x7BAD, 0x83EE, 0x3185, 0x2145, 0x31C7, 0x2966, 0x31A7, 0x39E8, 0x39E8, 0x39E8, 0x39E8, 0x39E8,
  0x39E8, 0x39E8, 0x2966, 0x1904, 0x2125, 0x2966, 0x31A6, 0x4A49, 0x4A49, 0x2945, 0x2946, 0x39E8,
  0x39E8, 0x39C8, 0x4209, 0x18E4, 0x738D, 0xFF9C, 0xEEFA, 0xFFDD, 0x6B4C, 0x0000, 0x0041, 0x0020,
  0x0020, 0x0020, 0x0020, 0x0021, 0x0021, 0x0021, 0x0021, 0x0021, 0x0021, 0x0020, 0x0021, 0x0021,
  0x0021, 0x0021, 0x0021, 0x0021, 0x0020, 0x0020, 0x0021, 0x0020, 0x0021, 0x0021, 0x0021, 0x0021,
  0x0021, 0x0021, 0x0021, 0x0021, 0x0021, 0x0021, 0x0021, 0x0021, 0x0021, 0x0021, 0x0020, 0x0021,
  0x0021, 0x0021, 0x0021, 0x0021, 0x0021, 0x0021, 0x0021, 0x0021, 0x0021, 0x0021, 0x0021, 0x0021,
  0x0021, 0x0020, 0x0020, 0x0020, 0x0020, 0x0020, 0x0020, 0x0020, 0x0041, 0x0000, 0x4208, 0xFFBC,
  0xEF1A, 0xFFBD, 0x9CB1, 0x2945, 0x4A4A, 0x2945, 0x5AA9, 0x83AD, 0x5289, 0x2125, 0x18E3, 0x2966,
  0x4229, 0x4A6A, 0x4249, 0x4249, 0x4249, 0x4249, 0x4249, 0x4249, 0x4249, 0x4249, 0x4A6A, 0x4229,
  0x31C7, 0x2104, 0x6B4C, 0x83EE, 0x83EE, 0x62EB, 0x3186, 0x18E3, 0x2966, 0x4229, 0x4A49, 0x4249,
  0x4A49, 0x4A49, 0x4A49, 0x4A6A, 0x4A49, 0x4A6A, 0x4A49, 0x4A6A, 0x4229, 0x39E7, 0x5ACB, 0x2145,
  0x31C7, 0x4A6A, 0x4A49, 0x4A6A, 0x4A6A, 0x4A6A, 0x4A69, 0x4A49, 0x4A49, 0x4A49, 0x4A49, 0x4A6A,
  0x3A08, 0x39C7, 0x5269, 0x6B2C, 0x83EE, 0x83CE, 0x7B8D, 0x18C3, 0x2966, 0x39E8, 0x39E8, 0x39E8,
  0x39E8, 0x39E8, 0x39E8, 0x39E8, 0x39E8, 0x39E8, 0x39E8, 0x31C7, 0x2145, 0x2104, 0x2945, 0x2965,
  0x39E7, 0x5289, 0x39A6, 0x2104, 0x31C7, 0x39E8, 0x31C7, 0x4209, 0x18E3, 0x9491, 0xFFBC, 0xEF1A,
  0xF75B, 0x31A6, 0x0000, 0x0041, 0x0020, 0x0020, 0x0021, 0x0020, 0x0021, 0x0021, 0x0021, 0x0021,
  0x0021, 0x0021, 0x0021, 0x0021, 0x0021, 0x0021, 0x0020, 0x0020, 0x0021, 0x0021, 0x0021, 0x0021,
  0x0021, 0x0020, 0x0021, 0x0021, 0x0021, 0x0021, 0x0021, 0x0021, 0x0020, 0x0021, 0x0020, 0x0021,
  0x0021, 0x0020, 0x0020, 0x0021, 0x0021, 0x0021, 0x0021, 0x0021, 0x0021, 0x0020, 0x0020, 0x0021,
  0x0021, 0x0020, 0x0021, 0x0020, 0x0021, 0x0021, 0x0021, 0x0021, 0x0020, 0x0020, 0x0021, 0x0021,
  0x0020, 0x0861, 0xD657, 0xFF7B, 0xF75B, 0xDEB9, 0x3186, 0x31A7, 0x39A6, 0x736C, 0x734C, 0x39C7,
  0x18E3, 0x2104, 0x39E8, 0x4A6A, 0x4A49, 0x4249, 0x4249, 0x4249, 0x4249, 0x4249, 0x4249, 0x4249,
  0x4249, 0x4249, 0x4249, 0x4A8A, 0x2966, 0x5268, 0x8C0F, 0x83EE, 0x736D, 0x39C7, 0x2124, 0x18E4,
  0x3A08, 0x4A4A, 0x4A6A, 0x4A6A, 0x4A6A, 0x4A6A, 0x4A49, 0x4249, 0x4A49, 0x4A69, 0x4A49, 0x4A6A,
  0x4229, 0x39E7, 0x5ACB, 0x2945, 0x31C7, 0x4A6A, 0x4A49, 0x4A49, 0x4A49, 0x4A49, 0x4A49, 0x4A49,
  0x4A6A, 0x4A6A, 0x4A6A, 0x4249, 0x4249, 0x2945, 0x4208, 0x4A69, 0x7B8D, 0x7BCE, 0x83EE, 0x5ACA,
  0x18E3, 0x39E8, 0x39E8, 0x39E8, 0x39E8, 0x39E8, 0x39E8, 0x39E8, 0x39E8, 0x39E8, 0x39E8, 0x39E8,
  0x39E8, 0x3187, 0x2104, 0x2124, 0x2965, 0x3186, 0x4A49, 0x4228, 0x2104, 0x2966, 0x39E8, 0x39C8,
  0x39E8, 0x2145, 0xD658, 0xF73A, 0xFF7C, 0xC5D6, 0x0020, 0x0020, 0x0021, 0x0020, 0x0021, 0x0021,
  0x0020, 0x0021, 0x0020, 0x0021, 0x0021, 0x0021, 0x0020, 0x0021, 0x0020, 0x0021, 0x0021, 0x0020,
  0x0021, 0x0021, 0x0021, 0x0021, 0x0021, 0x0021, 0x0020, 0x0021, 0x0021, 0x0021, 0x0020, 0x0020,
  0x0020, 0x0021, 0x0021, 0x0021, 0x0021, 0x0021, 0x0021, 0x0021, 0x0021, 0x0021, 0x0021, 0x0021,
  0x0021, 0x0021, 0x0021, 0x0021, 0x0020, 0x0020, 0x0020, 0x0021, 0x0020, 0x0020, 0x0021, 0x0021,
  0x0021, 0x0020, 0x0021, 0x0841, 0x0000, 0x6B2B, 0xFFBC, 0xEF1A, 0xFFFD, 0x738D, 0x1904, 0x4A48,
  0x7B8D, 0x5AAA, 0x2124, 0x18E3, 0x2986, 0x4249, 0x4A6A, 0x4A49, 0x4A49, 0x4249, 0x4A49, 0x4A49,
  0x4249, 0x4249, 0x4249, 0x4249, 0x4249, 0x4249, 0x4A6A, 0x39E8, 0x31A6, 0x83EE, 0x83CE, 0x83CE,
  0x4208, 0x2944, 0x18E3, 0x31A7, 0x39E7, 0x31C7, 0x39E7, 0x3A08, 0x4229, 0x4249, 0x4A6A, 0x4A6A,
  0x4A6A, 0x4A6A, 0x4A6A, 0x4A6A, 0x4249, 0x39E7, 0x5ACB, 0x2945, 0x39E8, 0x4A6A, 0x4A6A, 0x4A6A,
  0x4A6A, 0x4A6A, 0x4A6A, 0x4249, 0x4229, 0x3A08, 0x31C7, 0x31A7, 0x31C7, 0x4229, 0x2966, 0x4228,
  0x528A, 0x83CE, 0x7BAE, 0x83EF, 0x39C6, 0x2105, 0x3A08, 0x39E8, 0x39E8, 0x39E8, 0x39E8, 0x39E8,
  0x39E8, 0x39E8, 0x39E8, 0x39E8, 0x39E8, 0x3A08, 0x39E8, 0x2145, 0x1904, 0x2945, 0x2965, 0x39E7,
  0x4A69, 0x2966, 0x2125, 0x39E8, 0x4229, 0x2966, 0x630B, 0xFFFD, 0xF73B, 0xFF9C, 0x5289, 0x0000,
  0x0041, 0x0020, 0x0021, 0x0021, 0x0020, 0x0021, 0x0021, 0x0021, 0x0021, 0x0021, 0x0020, 0x0021,
  0x0021, 0x0021, 0x0021, 0x0021, 0x0020, 0x0021, 0x0021, 0x0021, 0x0021, 0x0021, 0x0021, 0x0021,
  0x0020, 0x0020, 0x0020, 0x0020, 0x0020, 0x0021, 0x0021, 0x0021, 0x0021, 0x0020, 0x0020, 0x0021,
  0x0021, 0x0021, 0x0021, 0x0021, 0x0020, 0x0021, 0x0021, 0x0020, 0x0020, 0x0021, 0x0021, 0x0020,
  0x0021, 0x0021, 0x0021, 0x0021, 0x0020, 0x0021, 0x0021, 0x0020, 0x0020, 0xD678, 0xFFFE, 0xFF5B,
  0xCDF6, 0x1082, 0x5AAA, 0x83EE, 0x39C7, 0x18E3, 0x2104, 0x39E8, 0x4A6A, 0x4A49, 0x4249, 0x4A49,
  0x4A49, 0x4249, 0x4A49, 0x4A49, 0x4249, 0x4A49, 0x4249, 0x4249, 0x4A49, 0x4A49, 0x4249, 0x2945,
  0x7B8D, 0x83CE, 0x83EE, 0x5289, 0x2965, 0x18E4, 0x31A7, 0x4A6A, 0x4A6A, 0x4249, 0x4229, 0x39E8,
  0x31C7, 0x31C7, 0x31C7, 0x31C7, 0x39E8, 0x39E8, 0x3A08, 0x4229, 0x39E8, 0x39E7, 0x62EB, 0x2945,
  0x3186, 0x4229, 0x3A08, 0x39E8, 0x39E8, 0x31C7, 0x31C7, 0x31C7, 0x31C7, 0x39E8, 0x4208, 0x4249,
  0x4A49, 0x4A6A, 0x4229, 0x3186, 0x4A49, 0x62EB, 0x83EE, 0x7BAE, 0x7BAD, 0x2104, 0x3187, 0x39E8,
  0x39E8, 0x39E8, 0x39E8, 0x39E8, 0x39E8, 0x39E8, 0x39E8, 0x39E8, 0x39E8, 0x39E8, 0x3A08, 0x3A08,
  0x31A7, 0x1904, 0x2124, 0x2965, 0x31A6, 0x528A, 0x39C7, 0x2124, 0x39E8, 0x2946, 0x1924, 0x9470,
  0xCDD6, 0xFF7C, 0xCE17, 0x0020, 0x0021, 0x0021, 0x0020, 0x0020, 0x0021, 0x0021, 0x0021, 0x0021,
  0x0021, 0x0021, 0x0021, 0x0021, 0x0021, 0x0020, 0x0021, 0x0021, 0x0021, 0x0021, 0x0021, 0x0021,
  0x0020, 0x0020, 0x0021, 0x0021, 0x0020, 0x0021, 0x0020, 0x0020, 0x0020, 0x0021, 0x0021, 0x0021,
  0x0021, 0x0021, 0x0021, 0x0021, 0x0021, 0x0020, 0x0020, 0x0021, 0x0021, 0x0021, 0x0021, 0x0020,
  0x0020, 0x0020, 0x0021, 0x0021, 0x0020, 0x0021, 0x0021, 0x0021, 0x0020, 0x0021, 0x0041, 0x0000,
  0x3186, 0xCE17, 0x8C70, 0x636B, 0x4B69, 0x4388, 0x3A47, 0x2925, 0x18E4, 0x3186, 0x4249, 0x4A6A,
  0x4249, 0x4249, 0x4249, 0x4A49, 0x4A49, 0x4249, 0x4249, 0x4A49, 0x4A49, 0x4249, 0x4249, 0x4A49,
  0x4249, 0x4A8A, 0x2966, 0x5AAA, 0x840F, 0x83EE, 0x6B2B, 0x31A6, 0x2104, 0x2966, 0x4249, 0x4A69,
  0x4249, 0x4A49, 0x4A6A, 0x4A6A, 0x4A6A, 0x4A69, 0x4249, 0x4229, 0x4208, 0x3A08, 0x39E8, 0x3A08,
  0x31A7, 0x39E7, 0x62EB, 0x2145, 0x2966, 0x3A08, 0x3A08, 0x3A08, 0x4229, 0x4229, 0x4249, 0x4A6A,
  0x4A6A, 0x4A6A, 0x4A6A, 0x4A49, 0x4249, 0x4249, 0x4A6A, 0x39E7, 0x39C7, 0x4A69, 0x734C, 0x7BCE,
  0x83EE, 0x5AAA, 0x18C3, 0x39E8, 0x39E8, 0x39E8, 0x39E8, 0x39E8, 0x39E8, 0x39E8, 0x39E8, 0x39E8,
  0x39E8, 0x39E8, 0x39E8, 0x39E8, 0x3A08, 0x31C8, 0x2125, 0x1904, 0x2965, 0x3186, 0x4A28, 0x39C7,
  0x18E3, 0x3AA7, 0x64CB, 0x5429, 0x4B89, 0x63AB, 0x83EE, 0x10A2, 0x0000, 0x0021, 0x0020, 0x0020,
  0x0021, 0x0021, 0x0021, 0x0020, 0x0020, 0x0020, 0x0020, 0x0021, 0x0021, 0x0021, 0x0021, 0x0021,
  0x0021, 0x0021, 0x0021, 0x0021, 0x0021, 0x0021, 0x0020, 0x0021, 0x0021, 0x0021, 0x0020, 0x0020,
  0x0020, 0x0020, 0x0021, 0x0021, 0x0021, 0x0021, 0x0021, 0x0020, 0x0021, 0x0021, 0x0021, 0x0020,
  0x0021, 0x0021, 0x0021, 0x0021, 0x0021, 0x0021, 0x0020, 0x0020, 0x0021, 0x0021, 0x0020, 0x0021,
  0x0021, 0x0020, 0x0041, 0x0020, 0x39C7, 0x5B6B, 0x3BA6, 0x6D4C, 0x7DAE, 0x7DCE, 0x6D2B, 0x32A5,
  0x10A2, 0x39E8, 0x4A6A, 0x4249, 0x4249, 0x4249, 0x4249, 0x4A49, 0x4A49, 0x4A49, 0x4A49, 0x4A49,
  0x4A49, 0x4249, 0x4249, 0x4249, 0x4A6A, 0x39C7, 0x41E7, 0x83EE, 0x83CE, 0x7BAD, 0x4207, 0x2124,
  0x2104, 0x3A08, 0x4A6A, 0x4A49, 0x4A49, 0x4A49, 0x4A49, 0x4A49, 0x4A49, 0x4A69, 0x4A6A, 0x4A6A,
  0x4A6A, 0x4A6A, 0x4A6A, 0x4A6A, 0x4229, 0x3A08, 0x62EB, 0x2945, 0x31C7, 0x4A8A, 0x4A6A, 0x4A6A,
  0x4A6A, 0x4A6A, 0x4A6A, 0x4A69, 0x4A49, 0x4A49, 0x4A49, 0x4A49, 0x4A49, 0x4249, 0x4249, 0x4A6A,
  0x3186, 0x4228, 0x5289, 0x7BCE, 0x7BAD, 0x83EE, 0x39A6, 0x2125, 0x3A08, 0x39E8, 0x39E8, 0x39E8,
  0x39E8, 0x39E8, 0x39E8, 0x39E8, 0x3A08, 0x39E8, 0x39E8, 0x39E8, 0x39E8, 0x3A08, 0x39E8, 0x2966,
  0x1904, 0x2125, 0x2104, 0x31C6, 0x4BC8, 0x758C, 0x758D, 0x7DAE, 0x650B, 0x3B06, 0x7C0E, 0x4A49,
  0x0020, 0x0021, 0x0020, 0x0021, 0x0020, 0x0020, 0x0021, 0x0021, 0x0021, 0x0021, 0x0021, 0x0021,
  0x0021, 0x0021, 0x0021, 0x0020, 0x0021, 0x0021, 0x0021, 0x0021, 0x0021, 0x0020, 0x0020, 0x0020,
  0x0020, 0x0021, 0x0021, 0x0021, 0x0020, 0x0021, 0x0020, 0x0021, 0x0021, 0x0021, 0x0021, 0x0021,
  0x0021, 0x0021, 0x0021, 0x0021, 0x0021, 0x0020, 0x0021, 0x0021, 0x0021, 0x0021, 0x0021, 0x0020,
  0x0021, 0x0021, 0x0020, 0x0020, 0x0020, 0x0020, 0x0841, 0x0000, 0x7B8D, 0xF77C, 0x9D52, 0x646B,
  0x5C8A, 0x4C09, 0x53A9, 0x642C, 0xA533, 0x4A49, 0x39E8, 0x4A49, 0x4249, 0x4249, 0x4249, 0x4249,
  0x4A49, 0x4A49, 0x4A49, 0x4249, 0x4249, 0x4249, 0x4249, 0x4A49, 0x4249, 0x2965, 0x7B8D, 0x83CE,
  0x83EE, 0x5269, 0x2965, 0x18E3, 0x31C7, 0x4A69, 0x4249, 0x4A49, 0x4A49, 0x4A49, 0x4A49, 0x4A49,
  0x4A69, 0x4A69, 0x4A69, 0x4A49, 0x4A49, 0x4A49, 0x4A49, 0x4A6A, 0x4229, 0x39E7, 0x62EB, 0x2945,
  0x31A7, 0x4A6A, 0x4249, 0x4A49, 0x4A49, 0x4A49, 0x4A69, 0x4A6A, 0x4A69, 0x4A6A, 0x4A4A, 0x4A69,
  0x4A49, 0x4A49, 0x4249, 0x4A69, 0x4249, 0x3186, 0x4A49, 0x62EB, 0x83CE, 0x7BAD, 0x736C, 0x18E3,
  0x31C7, 0x39E8, 0x39E8, 0x39E8, 0x39E8, 0x39E8, 0x39E8, 0x39E8, 0x39E8, 0x3A08, 0x39E8, 0x3A08,
  0x3A08, 0x39E8, 0x39E8, 0x3A08, 0x39C8, 0x0882, 0x736D, 0xE71A, 0x9D52, 0x74AE, 0x5C4B, 0x4388,
  0x6BED, 0xB574, 0xC5D5, 0x62EB, 0x0000, 0x0041, 0x0020, 0x0021, 0x0020, 0x0020, 0x0021, 0x0021,
  0x0021, 0x0020, 0x0021, 0x0021, 0x0021, 0x0021, 0x0021, 0x0021, 0x0021, 0x0021, 0x0021, 0x0020,
  0x0020, 0x0020, 0x0021, 0x0021, 0x0021, 0x0020, 0x0021, 0x0020, 0x0020, 0x0020, 0x0020, 0x0020,
  0x0021, 0x0021, 0x0021, 0x0021, 0x0021, 0x0021, 0x0021, 0x0021, 0x0021, 0x0021, 0x0021, 0x0020,
  0x0021, 0x0021, 0x0021, 0x0020, 0x0021, 0x0021, 0x0021, 0x0020, 0x0020, 0x0021, 0x0020, 0x2965,
  0x83CE, 0xEED8, 0xEED9, 0xD698, 0x8CF1, 0xA533, 0xB574, 0xB513, 0xB554, 0x5ACA, 0x31A7, 0x4A6A,
  0x4249, 0x4249, 0x4249, 0x4249, 0x4A49, 0x4A49, 0x4A49, 0x4249, 0x4A49, 0x4249, 0x4249, 0x4A8A,
  0x2966, 0x5AAA, 0x83EE, 0x83EE, 0x6B2B, 0x3186, 0x2103, 0x2966, 0x4249, 0x4A49, 0x4A49, 0x4A69,
  0x4A49, 0x4A49, 0x4A49, 0x4A49, 0x4A49, 0x4A49, 0x4A4A, 0x4A69, 0x4A4A, 0x4A49, 0x4A49, 0x4A6A,
  0x4229, 0x39E7, 0x62EB, 0x2945, 0x31C7, 0x4A6A, 0x4249, 0x4A49, 0x4A69, 0x4A6A, 0x4A69, 0x4A6A,
  0x4A6A, 0x4A6A, 0x4A6A, 0x4A6A, 0x4A6A, 0x4A49, 0x4A49, 0x4A49, 0x4A6A, 0x39E8, 0x39C7, 0x4A69,
  0x734C, 0x7B8D, 0x83EE, 0x4A48, 0x18E4, 0x3A08, 0x39E8, 0x39E8, 0x39E8, 0x39E8, 0x39E8, 0x39E8,
  0x3A08, 0x3A08, 0x3A08, 0x39E8, 0x39E8, 0x39E8, 0x39E8, 0x39E8, 0x4229, 0x2125, 0x9470, 0xFF5B,
  0xEED9, 0xEEDA, 0xD699, 0xBDB5, 0xBD95, 0x944F, 0x83AD, 0x4207, 0x2945, 0x0020, 0x0020, 0x0020,
  0x0020, 0x0021, 0x0021, 0x0021, 0x0021, 0x0020, 0x0021, 0x0021, 0x0021, 0x0021, 0x0021, 0x0020,
  0x0021, 0x0021, 0x0021, 0x0020, 0x0021, 0x0021, 0x0020, 0x0021, 0x0021, 0x0021, 0x0020, 0x0021,
  0x0020, 0x0020, 0x0020, 0x0021, 0x0021, 0x0021, 0x0020, 0x0021, 0x0021, 0x0021, 0x0020, 0x0020,
  0x0021, 0x0020, 0x0021, 0x0021, 0x0021, 0x0021, 0x0021, 0x0020, 0x0021, 0x0020, 0x0020, 0x0021,
  0x0021, 0x0020, 0x0020, 0xBDB5, 0x9450, 0x83EE, 0xD636, 0xE6B8, 0xAD13, 0xA4D1, 0x9450, 0x8C0E,
  0x8BEE, 0x41E7, 0x31C7, 0x4A49, 0x4249, 0x4249, 0x4249, 0x4249, 0x4249, 0x4A49, 0x4A49, 0x4249,
  0x4249, 0x4249, 0x4A6A, 0x39E8, 0x39C6, 0x83EE, 0x7BAE, 0x7BAD, 0x4207, 0x2124, 0x2124, 0x4229,
  0x4A6A, 0x4249, 0x4A49, 0x4A49, 0x4A49, 0x4A49, 0x4A49, 0x4A69, 0x4A49, 0x4A69, 0x4A6A, 0x4A6A,
  0x4A6A, 0x4A69, 0x4A49, 0x4A6A, 0x4229, 0x39E7, 0x62EB, 0x2945, 0x31C7, 0x4A6A, 0x4A49, 0x4A49,
  0x4A69, 0x4A69, 0x4A6A, 0x4A6A, 0x4A6A, 0x4A69, 0x4A6A, 0x4A6A, 0x4A6A, 0x4A69, 0x4A49, 0x4A49,
  0x4A49, 0x4A6A, 0x3186, 0x4228, 0x528A, 0x7BAE, 0x7B8D, 0x7BAE, 0x2924, 0x2986, 0x3A08, 0x39E8,
  0x39E8, 0x39E8, 0x39E8, 0x39E8, 0x39E8, 0x3A08, 0x3A08, 0x3A08, 0x39E8, 0x3A08, 0x39E8, 0x39E8,
  0x3A08, 0x2986, 0x5AAA, 0xBD94, 0xCE16, 0xE698, 0xF71A, 0xACF2, 0x83AD, 0x6B2B, 0x41E6, 0x7BAD,
  0x9450, 0x0020, 0x0020, 0x0021, 0x0021, 0x0021, 0x0021, 0x0021, 0x0020, 0x0021, 0x0021, 0x0020,
  0x0021, 0x0021, 0x0021, 0x0020, 0x0020, 0x0021, 0x0020, 0x0021, 0x0020, 0x0021, 0x0021, 0x0021,
  0x0021, 0x0021, 0x0021, 0x0021, 0x0020, 0x0021, 0x0020, 0x0021, 0x0021, 0x0021, 0x0021, 0x0021,
  0x0021, 0x0021, 0x0020, 0x0020, 0x0020, 0x0021, 0x0020, 0x0020, 0x0021, 0x0021, 0x0021, 0x0021,
  0x0021, 0x0020, 0x0021, 0x0020, 0x0021, 0x0020, 0x0841, 0xB512, 0xE698, 0xB574, 0x7BAD, 0xACF2,
  0x83AD, 0x734C, 0x62CA, 0x5A89, 0x3185, 0x2966, 0x4229, 0x4249, 0x4249, 0x4249, 0x4249, 0x4249,
  0x4249, 0x4249, 0x4A49, 0x4249, 0x4249, 0x4249, 0x4A6A, 0x2965, 0x734C, 0x7BCE, 0x83CE, 0x528A,
  0x2965, 0x18E4, 0x39E8, 0x4A6A, 0x4249, 0x4A49, 0x4A49, 0x4A49, 0x4A49, 0x4A49, 0x4A49, 0x4A4A,
  0x4A69, 0x4A69, 0x4A6A, 0x4A69, 0x4A6A, 0x4A69, 0x4A6A, 0x4A6A, 0x4229, 0x39E7, 0x62EB, 0x2945,
  0x31A7, 0x4A6A, 0x4A49, 0x4A49, 0x4A49, 0x4A69, 0x4A69, 0x4A4A, 0x4A69, 0x4A69, 0x4A49, 0x4A69,
  0x4A69, 0x4A49, 0x4A49, 0x4A49, 0x4A49, 0x4A6A, 0x4229, 0x31A6, 0x4A69, 0x630B, 0x7BAD, 0x7BAE,
  0x5ACA, 0x18E3, 0x39E8, 0x39E8, 0x39E8, 0x39E8, 0x39E8, 0x39E8, 0x3A08, 0x39E8, 0x39E8, 0x3A08,
  0x39E8, 0x39E8, 0x39E8, 0x39E8, 0x39E8, 0x3A08, 0x2125, 0x39C6, 0x7B8D, 0x736C, 0xA4B1, 0x7BAD,
  0x4A07, 0x6B0B, 0xBD74, 0xAD33, 0x734B, 0x0020, 0x0020, 0x0020, 0x0021, 0x0020, 0x0021, 0x0021,
  0x0021, 0x0021, 0x0021, 0x0020, 0x0021, 0x0021, 0x0021, 0x0021, 0x0021, 0x0021, 0x0021, 0x0020,
  0x0021, 0x0021, 0x0021, 0x0021, 0x0021, 0x0021, 0x0021, 0x0021, 0x0020, 0x0020, 0x0021, 0x0021,
  0x0021, 0x0021, 0x0021, 0x0021, 0x0020, 0x0021, 0x0021, 0x0021, 0x0021, 0x0021, 0x0021, 0x0021,
  0x0021, 0x0021, 0x0021, 0x0021, 0x0021, 0x0021, 0x0020, 0x0021, 0x0021, 0x0020, 0x0841, 0xBD53,
  0xD636, 0xDE98, 0xE6B9, 0x83EE, 0x5248, 0x62CA, 0x62EA, 0x734C, 0x2924, 0x4229, 0x4A6A, 0x4229,
  0x4249, 0x4249, 0x4249, 0x4249, 0x4249, 0x4249, 0x4249, 0x4249, 0x4249, 0x4A6A, 0x31A7, 0x4A49,
  0x83EE, 0x7BCE, 0x6B4C, 0x31A7, 0x2104, 0x2966, 0x4A49, 0x4A49, 0x4A49, 0x4A49, 0x4A49, 0x4A49,
  0x4A49, 0x4A49, 0x4A6A, 0x4A49, 0x4A49, 0x4A6A, 0x4A6A, 0x4A49, 0x4A6A, 0x4A6A, 0x4A6A, 0x4A6A,
  0x4229, 0x39E7, 0x62EB, 0x2945, 0x31A7, 0x4A6A, 0x4A49, 0x4A69, 0x4A6A, 0x4A6A, 0x4A69, 0x4A49,
  0x4A49, 0x4A69, 0x4A49, 0x4A49, 0x4A49, 0x4A49, 0x4A49, 0x4A49, 0x4A49, 0x4A49, 0x4A8A, 0x31C7,
  0x4208, 0x5269, 0x736D, 0x738D, 0x7BCE, 0x3186, 0x2946, 0x3A08, 0x39E8, 0x39E8, 0x39E8, 0x39E8,
  0x39E8, 0x3A08, 0x3A08, 0x39E8, 0x39E8, 0x39E8, 0x39E8, 0x39E8, 0x39E8, 0x4229, 0x2987, 0x4207,
  0xD616, 0xB533, 0x8C2F, 0x6B0B, 0xB553, 0xE6D9, 0x9C91, 0x83CD, 0x736C, 0x0020, 0x0020, 0x0021,
  0x0020, 0x0020, 0x0021, 0x0020, 0x0021, 0x0021, 0x0021, 0x0021, 0x0020, 0x0021, 0x0021, 0x0021,
  0x0021, 0x0021, 0x0021, 0x0020, 0x0021, 0x0021, 0x0021, 0x0020, 0x0021, 0x0021, 0x0020, 0x0020,
  0x0020, 0x0021, 0x0021, 0x0020, 0x0020, 0x0021, 0x0021, 0x0021, 0x0021, 0x0021, 0x0021, 0x0021,
  0x0020, 0x0021, 0x0021, 0x0021, 0x0021, 0x0021, 0x0021, 0x0021, 0x0020, 0x0021, 0x0021, 0x0020,
  0x0021, 0x0020, 0x0041, 0xB553, 0xDE57, 0xCDB4, 0xCDF6, 0xC5B5, 0x7B8D, 0x62EA, 0x5A89, 0x62EB,
  0x6B0B, 0x3186, 0x39E8, 0x4A6A, 0x4229, 0x4249, 0x4249, 0x4249, 0x4249, 0x4249, 0x4249, 0x4249,
  0x4A49, 0x4229, 0x3186, 0x7B8D, 0x7BAE, 0x83CE, 0x4A28, 0x2124, 0x2104, 0x4208, 0x4A6A, 0x4A49,
  0x4A49, 0x4A49, 0x4A49, 0x4A49, 0x4A49, 0x4A69, 0x4A49, 0x4A69, 0x4A49, 0x4A69, 0x4A4A, 0x4A6A,
  0x4A6A, 0x4A6A, 0x4A6A, 0x4A6A, 0x4229, 0x39E7, 0x62EB, 0x2945, 0x31A7, 0x4A6A, 0x4A49, 0x4A4A,
  0x4A6A, 0x4A69, 0x4A69, 0x4A69, 0x4A69, 0x4A49, 0x4A49, 0x4A49, 0x4A49, 0x4A49, 0x4A49, 0x4A49,
  0x4A49, 0x4A69, 0x4A69, 0x4A4A, 0x3186, 0x4A49, 0x62EB, 0x7BAE, 0x7BAE, 0x630B, 0x18E3, 0x39E8,
  0x39E8, 0x39E8, 0x39E8, 0x39E8, 0x39E8, 0x39E8, 0x39E8, 0x39E8, 0x39E8, 0x39E8, 0x39E8, 0x39E8,
  0x4229, 0x2986, 0x3186, 0xA4F2, 0xA4D2, 0x9CB1, 0xAD33, 0xCDF5, 0xCDD5, 0x83CD, 0x7B8D, 0x8C0E,
  0x734C, 0x0020, 0x0020, 0x0021, 0x0021, 0x0020, 0x0021, 0x0021, 0x0020, 0x0021, 0x0021, 0x0021,
  0x0021, 0x0020, 0x0021, 0x0020, 0x0021, 0x0021, 0x0021, 0x0021, 0x0020, 0x0021, 0x0020, 0x0020,
  0x0021, 0x0020, 0x0020, 0x0020, 0x0020, 0x0021, 0x0021, 0x0021, 0x0021, 0x0021, 0x0021, 0x0020,
  0x0020, 0x0020, 0x0020, 0x0021, 0x0021, 0x0021, 0x0021, 0x0021, 0x0021, 0x0021, 0x0021, 0x0021,
  0x0021, 0x0021, 0x0021, 0x0020, 0x0021, 0x0020, 0x0841, 0xBD94, 0xD636, 0xD636, 0xCDD5, 0x942F,
  0x5269, 0xAD12, 0xCE37, 0xEF1A, 0xFF9C, 0xCE37, 0x39E7, 0x2966, 0x4A6A, 0x4A49, 0x4229, 0x4249,
  0x4249, 0x4249, 0x4249, 0x4249, 0x4A6A, 0x2986, 0x5ACA, 0x83CE, 0x83CE, 0x62EB, 0x3186, 0x18E4,
  0x31C7, 0x4A69, 0x4249, 0x4A49, 0x4A49, 0x4A49, 0x4A49, 0x4A49, 0x4A49, 0x4A49, 0x4A49, 0x4A6A,
  0x4A49, 0x4A4A, 0x4A6A, 0x4A6A, 0x4A6A, 0x4A6A, 0x4A6A, 0x4A6A, 0x4229, 0x39E7, 0x62EB, 0x2945,
  0x31A7, 0x4A6A, 0x4A49, 0x4A6A, 0x4A6A, 0x4A6A, 0x4A6A, 0x4A69, 0x4A49, 0x4A49, 0x4A49, 0x4A49,
  0x4A49, 0x4A49, 0x4A49, 0x4A49, 0x4A49, 0x4A49, 0x4A49, 0x4A6A, 0x39E8, 0x39E7, 0x5289, 0x736C,
  0x738D, 0x7BCE, 0x39C6, 0x2145, 0x3A08, 0x39E8, 0x39E8, 0x39E8, 0x39E8, 0x39E8, 0x39E8, 0x39E8,
  0x39E8, 0x39E8, 0x3A08, 0x4209, 0x2105, 0x4228, 0xDE98, 0xFFDD, 0xFF7C, 0xF75C, 0xC5D6, 0x62EB,
  0xACF2, 0x83AD, 0x8BEE, 0x8BEE, 0x7B8D, 0x0020, 0x0020, 0x0021, 0x0020, 0x0021, 0x0021, 0x0021,
  0x0021, 0x0021, 0x0021, 0x0021, 0x0021, 0x0021, 0x0021, 0x0021, 0x0021, 0x0021, 0x0021, 0x0021,
  0x0020, 0x0021, 0x0021, 0x0021, 0x0020, 0x0021, 0x0021, 0x0020, 0x0020, 0x0020, 0x0021, 0x0021,
  0x0021, 0x0021, 0x0021, 0x0021, 0x0020, 0x0021, 0x0021, 0x0020, 0x0021, 0x0021, 0x0020, 0x0021,
  0x0021, 0x0020, 0x0021, 0x0021, 0x0021, 0x0021, 0x0020, 0x0020, 0x0021, 0x0021, 0x0020, 0xA4B1,
  0xE698, 0xD616, 0xCDD5, 0x8C0E, 0x83AD, 0xE6B9, 0xFF7B, 0xFF7C, 0xF73B, 0xFF9C, 0xEF1A, 0x6B2C,
  0x2125, 0x3A08, 0x4A6A, 0x4249, 0x4249, 0x4249, 0x4249, 0x4A49, 0x3A08, 0x39C7, 0x83CE, 0x7BAE,
  0x7B8D, 0x39E7, 0x2124, 0x2145, 0x4249, 0x4A49, 0x4A49, 0x4A49, 0x4A49, 0x4A69, 0x4A69, 0x4A49,
  0x4A49, 0x4A49, 0x4A49, 0x4A49, 0x4A69, 0x4A49, 0x4A69, 0x4A6A, 0x4A6A, 0x4A6A, 0x4A6A, 0x4A6A,
  0x4229, 0x39E7, 0x62EB, 0x2945, 0x31A7, 0x4A6A, 0x4A49, 0x4A49, 0x4A6A, 0x4A49, 0x4A49, 0x4A49,
  0x4A49, 0x4A49, 0x4A49, 0x4A49, 0x4A49, 0x4A49, 0x4A49, 0x4A49, 0x4A49, 0x4A69, 0x4A69, 0x4A49,
  0x4A6A, 0x3186, 0x4A49, 0x5AAA, 0x7BAD, 0x738D, 0x6B2C, 0x18E3, 0x31C8, 0x39E8, 0x39E8, 0x39E8,
  0x39E8, 0x39E8, 0x39E8, 0x39E8, 0x3A08, 0x4229, 0x2986, 0x2124, 0x7BCE, 0xF75B, 0xFF7C, 0xEF1A,
  0xFF7C, 0xEEFA, 0x9C91, 0x6B0A, 0xAD12, 0x83AD, 0x83EE, 0x942F, 0x62CA, 0x0000, 0x0021, 0x0021,
  0x0021, 0x0021, 0x0021, 0x0020, 0x0021, 0x0021, 0x0020, 0x0020, 0x0020, 0x0021, 0x0021, 0x0021,
  0x0021, 0x0021, 0x0020, 0x0021, 0x0021, 0x0021, 0x0020, 0x0021, 0x0020, 0x0020, 0x0020, 0x0020,
  0x0020, 0x0020, 0x0021, 0x0020, 0x0020, 0x0020, 0x0021, 0x0021, 0x0020, 0x0021, 0x0021, 0x0021,
  0x0021, 0x0021, 0x0021, 0x0021, 0x0021, 0x0021, 0x0021, 0x0020, 0x0021, 0x0020, 0x0020, 0x0020,
  0x0020, 0x0021, 0x0020, 0x1081, 0x9CB1, 0xE698, 0xC5B4, 0x942F, 0x83CE, 0xD616, 0xC594, 0xEEFA,
  0xFF9C, 0xF73B, 0xF75B, 0xFFDD, 0xB574, 0x4228, 0x2145, 0x4229, 0x4A8A, 0x4A49, 0x4229, 0x4A6A,
  0x2966, 0x6B0B, 0x7BCE, 0x83CE, 0x528A, 0x2965, 0x2104, 0x39E8, 0x4A6A, 0x4A49, 0x4A49, 0x4A49,
  0x4A49, 0x4A49, 0x4A49, 0x4A49, 0x4A69, 0x4A49, 0x4A49, 0x4A49, 0x4A49, 0x4A6A, 0x4A69, 0x4A6A,
  0x4A6A, 0x4A6A, 0x4A49, 0x4A6A, 0x4229, 0x39E7, 0x62EB, 0x2945, 0x31A7, 0x4A6A, 0x4A49, 0x4A49,
  0x4A6A, 0x4A6A, 0x4A6A, 0x4A6A, 0x4A49, 0x4A49, 0x4A49, 0x4A49, 0x4A49, 0x4A49, 0x4A49, 0x4A49,
  0x4A49, 0x4A6A, 0x4A6A, 0x4A49, 0x4A6A, 0x3A08, 0x39A6, 0x4A49, 0x6B2C, 0x738D, 0x7BAE, 0x39C6,
  0x2125, 0x3A08, 0x39E8, 0x39E8, 0x39E8, 0x39E8, 0x3A08, 0x4229, 0x31A7, 0x1904, 0x5269, 0xC5F6,
  0xFFDD, 0xF73B, 0xF73B, 0xFF9D, 0xD678, 0x8C0E, 0x83AD, 0x6B0B, 0xACF2, 0x83AD, 0x942F, 0x5AA9,
  0x0820, 0x0020, 0x0021, 0x0020, 0x0020, 0x0020, 0x0021, 0x0020, 0x0021, 0x0020, 0x0021, 0x0021,
  0x0021, 0x0021, 0x0021, 0x0021, 0x0021, 0x0020, 0x0021, 0x0021, 0x0021, 0x0021, 0x0021, 0x0020,
  0x0021, 0x0021, 0x0020, 0x0020, 0x0021, 0x0020, 0x0021, 0x0020, 0x0021, 0x0020, 0x0021, 0x0020,
  0x0020, 0x0021, 0x0021, 0x0021, 0x0021, 0x0021, 0x0021, 0x0021, 0x0021, 0x0021, 0x0020, 0x0021,
  0x0021, 0x0021, 0x0020, 0x0021, 0x0021, 0x0020, 0x0021, 0x0000, 0x2104, 0x944F, 0xD636, 0x8C0E,
  0x7BAD, 0xE697, 0xD616, 0xC5B4, 0xDE78, 0xFF7C, 0xFF7C, 0xF73B, 0xFFBD, 0xF75B, 0x9C91, 0x39E7,
  0x2945, 0x3A08, 0x4A8A, 0x3A08, 0x39C7, 0x7BCE, 0x7BAD, 0x736D, 0x39E7, 0x1904, 0x2966, 0x4A49,
  0x4A49, 0x4A49, 0x4A49, 0x4A49, 0x4A49, 0x4A49, 0x4A49, 0x4A49, 0x4A49, 0x4A49, 0x4A49, 0x4A49,
  0x4A6A, 0x4A6A, 0x4A6A, 0x4A6A, 0x4A6A, 0x4A6A, 0x4A69, 0x4A6A, 0x4229, 0x39E8, 0x5AEB, 0x2945,
  0x31A7, 0x4A6A, 0x4A49, 0x4A49, 0x4A69, 0x4A6A, 0x4A6A, 0x4A6A, 0x4A49, 0x4A49, 0x4A49, 0x4A49,
  0x4A49, 0x4A49, 0x4A49, 0x4A49, 0x4A69, 0x4A6A, 0x4A6A, 0x4A6A, 0x4A49, 0x4A6A, 0x3186, 0x4208,
  0x52AA, 0x7B8D, 0x736D, 0x6B0B, 0x18E3, 0x31C7, 0x39E8, 0x3A08, 0x4209, 0x3A08, 0x2966, 0x2104,
  0x4A49, 0xAD33, 0xFF9C, 0xFF9C, 0xEF1B, 0xFF9C, 0xF75C, 0xBD94, 0x83CD, 0x8C0E, 0x8C0E, 0x6B0B,
  0xB533, 0x83AD, 0x4A28, 0x18E3, 0x0000, 0x0021, 0x0020, 0x0020, 0x0020, 0x0021, 0x0021, 0x0021,
  0x0021, 0x0021, 0x0021, 0x0021, 0x0021, 0x0020, 0x0020, 0x0021, 0x0021, 0x0021, 0x0021, 0x0021,
  0x0021, 0x0021, 0x0021, 0x0020, 0x0021, 0x0021, 0x0021, 0x0021, 0x0020, 0x0021, 0x0021, 0x0021,
  0x0021, 0x0021, 0x0021, 0x0020, 0x0021, 0x0020, 0x0021, 0x0021, 0x0021, 0x0021, 0x0021, 0x0021,
  0x0021, 0x0021, 0x0020, 0x0021, 0x0020, 0x0020, 0x0020, 0x0021, 0x0020, 0x0021, 0x0021, 0x0000,
  0x5249, 0x4A48, 0x734C, 0x8BCD, 0x83AD, 0xE6B8, 0xD616, 0xDE57, 0xCDD5, 0xCDF5, 0xE6FA, 0xFF7C,
  0xF75B, 0xF73B, 0xFFDD, 0xEF3B, 0x9CD1, 0x4A49, 0x2966, 0x18E3, 0x734C, 0x840F, 0x83CE, 0x5289,
  0x2965, 0x1904, 0x3A08, 0x4A69, 0x4249, 0x4A49, 0x4A49, 0x4A49, 0x4A49, 0x4A49, 0x4A49, 0x4A49,
  0x4A49, 0x4A49, 0x4A49, 0x4A49, 0x4A49, 0x4A49, 0x4A6A, 0x4A6A, 0x4A49, 0x4A69, 0x4A6A, 0x4A6A,
  0x4229, 0x39E8, 0x5AEB, 0x2945, 0x31A7, 0x4A6A, 0x4A49, 0x4A49, 0x4A49, 0x4A49, 0x4A69, 0x4A49,
  0x4A49, 0x4A49, 0x4A49, 0x4A49, 0x4A49, 0x4A49, 0x4A69, 0x4A49, 0x4A49, 0x4A69, 0x4A6A, 0x4A69,
  0x4A49, 0x4A6A, 0x3A08, 0x31A6, 0x528A, 0x6B2C, 0x734C, 0x7BAE, 0x39C7, 0x2145, 0x4229, 0x31A7,
  0x2125, 0x2145, 0x5ACB, 0xB574, 0xFF7C, 0xFFBD, 0xEF3B, 0xF75C, 0xFF7C, 0xD658, 0x9C70, 0x83CD,
  0x942F, 0x8C0E, 0x8C0E, 0x6B0B, 0x9CB1, 0x3185, 0x39E7, 0x39C7, 0x0000, 0x0021, 0x0020, 0x0020,
  0x0021, 0x0020, 0x0020, 0x0021, 0x0021, 0x0021, 0x0021, 0x0021, 0x0020, 0x0021, 0x0021, 0x0021,
  0x0021, 0x0021, 0x0021, 0x0021, 0x0021, 0x0021, 0x0021, 0x0021, 0x0020, 0x0021, 0x0021, 0x0021,
  0x0020, 0x0021, 0x0020, 0x0020, 0x0020, 0x0021, 0x0020, 0x0021, 0x0021, 0x0021, 0x0021, 0x0021,
  0x0021, 0x0021, 0x0021, 0x0021, 0x0021, 0x0021, 0x0021, 0x0020, 0x0021, 0x0021, 0x0020, 0x0020,
  0x0020, 0x0020, 0x0021, 0x0000, 0x4A48, 0x83EE, 0x5269, 0x2945, 0x39A6, 0xC5B5, 0xE698, 0xD616,
  0xDE57, 0xD636, 0xC594, 0xCE16, 0xEEFA, 0xFF7C, 0xF75B, 0xF75B, 0xFFBD, 0xF77B, 0xBD94, 0x6B2C,
  0x5269, 0x5289, 0x62EB, 0x31A6, 0x18E4, 0x31C7, 0x4A6A, 0x4249, 0x4249, 0x4A49, 0x4249, 0x4A49,
  0x4249, 0x4A49, 0x4A49, 0x4249, 0x4A49, 0x4A49, 0x4249, 0x4A49, 0x4A49, 0x4A49, 0x4A69, 0x4A6A,
  0x4A6A, 0x4A49, 0x4A49, 0x4A6A, 0x4229, 0x39E7, 0x5ACB, 0x2965, 0x31A7, 0x4A6A, 0x4A49, 0x4A49,
  0x4A49, 0x4A49, 0x4A49, 0x4A69, 0x4A49, 0x4A49, 0x4A49, 0x4A49, 0x4A49, 0x4A49, 0x4A69, 0x4A49,
  0x4A49, 0x4A49, 0x4A4A, 0x4A49, 0x4A49, 0x4A49, 0x4A6A, 0x31A6, 0x4A49, 0x5ACB, 0x7BAE, 0x7B8D,
  0x5ACA, 0x0861, 0x2145, 0x4228, 0x8C2F, 0xD658, 0xFFBD, 0xFF9D, 0xF73B, 0xF77C, 0xFF7C, 0xDE99,
  0xA4D2, 0x83CE, 0x8C0E, 0x942F, 0x8C0E, 0x9C70, 0x736C, 0x18E3, 0x2104, 0x4228, 0x5AEB, 0x3186,
  0x0000, 0x0021, 0x0020, 0x0020, 0x0021, 0x0020, 0x0021, 0x0021, 0x0021, 0x0021, 0x0021, 0x0021,
  0x0021, 0x0021, 0x0021, 0x0020, 0x0021, 0x0021, 0x0021, 0x0021, 0x0021, 0x0021, 0x0020, 0x0021,
  0x0021, 0x0021, 0x0020, 0x0021, 0x0020, 0x0021, 0x0021, 0x0021, 0x0020, 0x0020, 0x0021, 0x0021,
  0x0021, 0x0020, 0x0021, 0x0021, 0x0021, 0x0021, 0x0021, 0x0020, 0x0020, 0x0020, 0x0021, 0x0021,
  0x0021, 0x0020, 0x0020, 0x0021, 0x0020, 0x0021, 0x0041, 0x0000, 0x5269, 0x7B8D, 0x736D, 0x4A69,
  0x31A6, 0x2924, 0xA4B1, 0xE6B8, 0xD637, 0xD636, 0xDE57, 0xCDF5, 0xC5B4, 0xCE16, 0xE6D9, 0xF77B,
  0xF75B, 0xF75B, 0xFFBC, 0xFFBD, 0xDE98, 0xA4F2, 0x632C, 0x2965, 0x0862, 0x2986, 0x3A08, 0x4249,
  0x4A8A, 0x4A8A, 0x4A6A, 0x4A49, 0x4249, 0x4249, 0x4249, 0x4249, 0x4249, 0x4A49, 0x4249, 0x4A49,
  0x4A49, 0x4A49, 0x4A49, 0x4A69, 0x4A49, 0x4A49, 0x4A49, 0x4A6A, 0x4228, 0x3A08, 0x62EB, 0x2965,
  0x31A7, 0x4A69, 0x4249, 0x4A49, 0x4A49, 0x4A49, 0x4A49, 0x4A49, 0x4A49, 0x4A49, 0x4A49, 0x4A69,
  0x4A49, 0x4A49, 0x4A49, 0x4A49, 0x4A49, 0x4249, 0x4A49, 0x4A6A, 0x4A6A, 0x4A8A, 0x52AB, 0x4229,
  0x2945, 0x39E7, 0x4A48, 0x4228, 0x5AEB, 0x8C30, 0xC5F6, 0xF75C, 0xFFBD, 0xFF7C, 0xF75B, 0xFF7C,
  0xF75C, 0xD678, 0xACF2, 0x8C0E, 0x8C0E, 0x944F, 0x942F, 0x942F, 0x9C70, 0x62EA, 0x18C3, 0x2125,
  0x2965, 0x528A, 0x5ACB, 0x31A6, 0x0000, 0x0021, 0x0021, 0x0021, 0x0020, 0x0020, 0x0020, 0x0021,
  0x0020, 0x0021, 0x0021, 0x0021, 0x0020, 0x0021, 0x0020, 0x0021, 0x0021, 0x0021, 0x0021, 0x0021,
  0x0021, 0x0021, 0x0021, 0x0020, 0x0020, 0x0021, 0x0021, 0x0021, 0x0020, 0x0020, 0x0021, 0x0021,
  0x0021, 0x0021, 0x0020, 0x0021, 0x0021, 0x0021, 0x0021, 0x0021, 0x0021, 0x0021, 0x0021, 0x0021,
  0x0021, 0x0021, 0x0021, 0x0021, 0x0020, 0x0021, 0x0020, 0x0021, 0x0021, 0x0020, 0x0021, 0x0000,
  0x18E3, 0x736D, 0x738D, 0x4A69, 0x4A49, 0x2965, 0x18E3, 0x734C, 0xD657, 0xE698, 0xD616, 0xD637,
  0xDE57, 0xCDF5, 0xC594, 0xCDD5, 0xDE98, 0xF73B, 0xFF7B, 0xF75B, 0xFF7C, 0xFFBD, 0xFF9C, 0xE6F9,
  0xB594, 0x7BAE, 0x4A49, 0x31A7, 0x2966, 0x2986, 0x39E8, 0x4229, 0x4A4A, 0x4A6A, 0x4A6A, 0x4A6A,
  0x4A6A, 0x4A49, 0x4A49, 0x4249, 0x4249, 0x4249, 0x4A49, 0x4A49, 0x4A49, 0x4249, 0x4A49, 0x4A8A,
  0x3A08, 0x3186, 0x5269, 0x20E4, 0x3187, 0x4A8A, 0x4A49, 0x4249, 0x4A49, 0x4A49, 0x4249, 0x4249,
  0x4249, 0x4249, 0x4A49, 0x4A49, 0x4A6A, 0x4A6A, 0x4A6A, 0x4A8A, 0x4A8A, 0x4A6A, 0x4A6A, 0x4229,
  0x39E8, 0x31A7, 0x2986, 0x31C7, 0x4207, 0x736D, 0xA4F3, 0xD658, 0xF75B, 0xFFDD, 0xFF9C, 0xF75B,
  0xF77C, 0xFF7C, 0xEEFA, 0xC5D6, 0x9C91, 0x8BEE, 0x8C0E, 0x944F, 0x944F, 0x942F, 0x9C70, 0x942F,
  0x4207, 0x1082, 0x2124, 0x2966, 0x3186, 0x52AA, 0x4A69, 0x18C3, 0x0000, 0x0021, 0x0021, 0x0020,
  0x0021, 0x0021, 0x0020, 0x0020, 0x0020, 0x0021, 0x0020, 0x0020, 0x0021, 0x0021, 0x0021, 0x0021,
  0x0021, 0x0021, 0x0021, 0x0021, 0x0021, 0x0021, 0x0021, 0x0020, 0x0021, 0x0021, 0x0021, 0x0021,
  0x0020, 0x0020, 0x0021, 0x0020, 0x0021, 0x0020, 0x0020, 0x0020, 0x0021, 0x0021, 0x0020, 0x0021,
  0x0021, 0x0021, 0x0021, 0x0021, 0x0021, 0x0021, 0x0021, 0x0021, 0x0020, 0x0021, 0x0021, 0x0021,
  0x0020, 0x0021, 0x0021, 0x0021, 0x0000, 0x2965, 0x6B2C, 0x4A49, 0x5269, 0x4228, 0x39C7, 0x18E4,
  0x3165, 0xA4D1, 0xE698, 0xDE77, 0xD616, 0xD636, 0xDE57, 0xD616, 0xC5B4, 0xC5B4, 0xCE16, 0xE6D9,
  0xF75B, 0xF77B, 0xF75B, 0xFF7B, 0xFFBC, 0xFFBC, 0xF75B, 0xDE98, 0xB554, 0x840F, 0x5AEB, 0x4208,
  0x3186, 0x2966, 0x2966, 0x31A7, 0x39E8, 0x4209, 0x4249, 0x4A6A, 0x4A6A, 0x4A8A, 0x4A8A, 0x4A8A,
  0x4A8A, 0x4A6A, 0x4229, 0x39C8, 0x2965, 0x3AA7, 0x5C0A, 0x3AC7, 0x2165, 0x31A7, 0x4229, 0x4A6A,
  0x4A8A, 0x4A8A, 0x4A8A, 0x4A8A, 0x4A6A, 0x4A6A, 0x4A6A, 0x4249, 0x4229, 0x3A08, 0x31C7, 0x31A7,
  0x2966, 0x2966, 0x31A6, 0x4228, 0x5AEB, 0x840F, 0xAD33, 0xD658, 0xF75C, 0xFF9C, 0xFFBD, 0xFF9C,
  0xF75C, 0xF75C, 0xF77C, 0xEF1B, 0xCE37, 0xAD33, 0x944F, 0x8C0E, 0x942F, 0x9C70, 0x944F, 0x942F,
  0x9C70, 0x9C70, 0x6B0B, 0x18E3, 0x18C3, 0x2945, 0x2966, 0x3186, 0x31A6, 0x4A49, 0x18C3, 0x0000,
  0x0021, 0x0020, 0x0020, 0x0021, 0x0021, 0x0021, 0x0021, 0x0020, 0x0021, 0x0020, 0x0021, 0x0020,
  0x0020, 0x0021, 0x0021, 0x0021, 0x0021, 0x0020, 0x0021, 0x0021, 0x0021, 0x0021, 0x0020, 0x0020,
  0x0020, 0x0021, 0x0020, 0x0021, 0x0020, 0x0021, 0x0020, 0x0020, 0x0021, 0x0021, 0x0021, 0x0021,
  0x0021, 0x0020, 0x0021, 0x0021, 0x0021, 0x0021, 0x0020, 0x0021, 0x0020, 0x0020, 0x0020, 0x0020,
  0x0021, 0x0021, 0x0021, 0x0021, 0x0021, 0x0021, 0x0021, 0x0020, 0x0041, 0x4A28, 0x3186, 0x39A6,
  0x4208, 0x31A6, 0x2145, 0x2965, 0x10A2, 0x2124, 0x5269, 0xB533, 0xE698, 0xDE77, 0xD636, 0xD636,
  0xDE57, 0xD637, 0xCDF5, 0xC5B4, 0xC5B5, 0xD636, 0xE6B9, 0xEF1A, 0xF75B, 0xF75B, 0xFF7B, 0xFF7B,
  0xFF9C, 0xFFBD, 0xFF9C, 0xEF1A, 0xD677, 0xB574, 0x9470, 0x738D, 0x5ACA, 0x4A49, 0x39C7, 0x3186,
  0x2966, 0x2966, 0x2986, 0x2986, 0x31A7, 0x31A7, 0x2986, 0x2A85, 0x64EB, 0x7DAD, 0x758D, 0x7DCE,
  0x64CB, 0x2244, 0x31A6, 0x39C7, 0x31A7, 0x2986, 0x2986, 0x2986, 0x2986, 0x2986, 0x31A6, 0x39C7,
  0x4228, 0x52AA, 0x6B4C, 0x840F, 0xA4D2, 0xBDD5, 0xDE98, 0xF73B, 0xFF9C, 0xFFBD, 0xFFBD, 0xFF7C,
  0xF77C, 0xF77C, 0xF77C, 0xF75B, 0xE6DA, 0xCE16, 0xB533, 0x9C90, 0x942F, 0x942F, 0x9C70, 0x9C70,
  0x944F, 0x944F, 0x9C90, 0x9C90, 0x736C, 0x3165, 0x1082, 0x0841, 0x18E3, 0x18C3, 0x2125, 0x2145,
  0x18E3, 0x2124, 0x3186, 0x0841, 0x0020, 0x0021, 0x0021, 0x0021, 0x0020, 0x0021, 0x0021, 0x0021,
  0x0020, 0x0021, 0x0021, 0x0021, 0x0021, 0x0021, 0x0021, 0x0021, 0x0021, 0x0021, 0x0021, 0x0021,
  0x0020, 0x0021, 0x0021, 0x0021, 0x0021, 0x0021, 0x0021, 0x0020, 0x0020, 0x0021, 0x0020, 0x0021,
  0x0020, 0x0020, 0x0021, 0x0021, 0x0020, 0x0020, 0x0021, 0x0021, 0x0021, 0x0021, 0x0021, 0x0021,
  0x0021, 0x0021, 0x0020, 0x0021, 0x0021, 0x0021, 0x0021, 0x0020, 0x0020, 0x0021, 0x0021, 0x0021,
  0x0000, 0x4207, 0x5ACB, 0x3186, 0x6B2C, 0x4A28, 0x39A6, 0x4A07, 0x2104, 0x3186, 0x2986, 0x2104,
  0x5AA9, 0xAD12, 0xDE77, 0xE698, 0xD636, 0xD616, 0xD636, 0xDE57, 0xD636, 0xCDF5, 0xC5B5, 0xC5B4,
  0xCDF5, 0xD657, 0xE6D9, 0xEF1A, 0xF75B, 0xF75B, 0xF75B, 0xFF7B, 0xFF7C, 0xFF9C, 0xFFBC, 0xFFBC,
  0xFF9C, 0xF73B, 0xE6D9, 0xD657, 0xC5D5, 0xB553, 0x9CD1, 0x9470, 0x7BAE, 0x528A, 0xDEB9, 0xA592,
  0x6C6C, 0x5C6A, 0x64CA, 0x4BE9, 0x538A, 0x9511, 0xC5F6, 0x4A28, 0x83EE, 0x9471, 0x9CB1, 0xAD13,
  0xB594, 0xC5F6, 0xD678, 0xE6D9, 0xF73B, 0xFF7C, 0xFF9C, 0xFFBD, 0xFFBD, 0xFF9C, 0xFF7C, 0xFF7C,
  0xF77C, 0xF77C, 0xF77C, 0xF73B, 0xE6D9, 0xD637, 0xBD94, 0xA4D2, 0x9C70, 0x944F, 0x9C70, 0x9C90,
  0x9C90, 0x9C70, 0x9C70, 0x9C70, 0xA4B1, 0x9C70, 0x734C, 0x39A6, 0x1082, 0x18E4, 0x18E3, 0x2924,
  0x4A28, 0x41C6, 0x4A28, 0x4207, 0x2104, 0x39E7, 0x2945, 0x0020, 0x0020, 0x0021, 0x0021, 0x0021,
  0x0021, 0x0021, 0x0020, 0x0021, 0x0020, 0x0021, 0x0021, 0x0021, 0x0021, 0x0021, 0x0021, 0x0021,
  0x0021, 0x0021, 0x0021, 0x0021, 0x0021, 0x0021, 0x0020, 0x0021, 0x0021, 0x0021, 0x0020, 0x0021,
  0x0020, 0x0020, 0x0021, 0x0021, 0x0020, 0x0020, 0x0020, 0x0021, 0x0021, 0x0021, 0x0021, 0x0021,
  0x0020, 0x0021, 0x0021, 0x0021, 0x0021, 0x0020, 0x0021, 0x0020, 0x0020, 0x0021, 0x0021, 0x0020,
  0x0021, 0x0021, 0x0021, 0x0020, 0x0861, 0x734C, 0x4208, 0x5AAA, 0xF75B, 0xA4B1, 0x734B, 0x4207,
  0x2965, 0x18E3, 0x2124, 0x39C7, 0x2965, 0x2104, 0x4A48, 0x9C70, 0xD616, 0xE698, 0xDE77, 0xD636,
  0xD616, 0xD636, 0xD657, 0xD636, 0xD616, 0xCDD5, 0xC594, 0xC5B4, 0xC5D5, 0xCE16, 0xDE78, 0xE6D9,
  0xEF1A, 0xF75B, 0xF75B, 0xF75B, 0xF75B, 0xFF5B, 0xFF7B, 0xFF7C, 0xFF9C, 0xFFBC, 0xFFBC, 0xFFBD,
  0xFFBC, 0x83EF, 0xEEF9, 0xF71A, 0xE6B9, 0xBDF5, 0x84F0, 0xA533, 0xB574, 0xAD12, 0x9C90, 0x5A89,
  0xDE57, 0xFFBD, 0xFFBD, 0xFFBC, 0xFF9C, 0xFF9C, 0xFF9C, 0xFF7C, 0xFF7C, 0xFF7C, 0xFF7C, 0xF77C,
  0xF75C, 0xF75B, 0xEF1B, 0xE6D9, 0xD678, 0xC5D5, 0xB553, 0xA4D2, 0x9C90, 0x9C70, 0x9C70, 0xA490,
  0xA4B1, 0xA4B1, 0x9C90, 0x9C70, 0x9C90, 0xA4B1, 0xA4D1, 0x942F, 0x62EA, 0x2945, 0x1082, 0x18E3,
  0x2125, 0x10A2, 0x18C3, 0x2104, 0x41E7, 0x83CD, 0x944F, 0x8BEE, 0x2965, 0x2965, 0x4A07, 0x0820,
  0x0021, 0x0021, 0x0021, 0x0020, 0x0020, 0x0021, 0x0021, 0x0021, 0x0021, 0x0020, 0x0021, 0x0021,
  0x0021, 0x0020, 0x0021, 0x0020, 0x0021, 0x0021, 0x0021, 0x0021, 0x0020, 0x0021, 0x0021, 0x0021,
  0x0021, 0x0021, 0x0020, 0x0020, 0x0020, 0x0020, 0x0020, 0x0020, 0x0020, 0x0021, 0x0021, 0x0021,
  0x0021, 0x0021, 0x0021, 0x0021, 0x0021, 0x0021, 0x0021, 0x0021, 0x0021, 0x0021, 0x0020, 0x0021,
  0x0021, 0x0021, 0x0021, 0x0021, 0x0021, 0x0021, 0x0021, 0x0020, 0x0020, 0xCDD5, 0x9CB1, 0x4A48,
  0xEEF9, 0x9C90, 0x6B0B, 0x39A6, 0x4A28, 0x39E7, 0x2124, 0x18C3, 0x3186, 0x39C7, 0x2966, 0x18E4,
  0x31A6, 0x736C, 0xB533, 0xDE57, 0xE698, 0xDE77, 0xD636, 0xD616, 0xD616, 0xD636, 0xD637, 0xD636,
  0xCDF6, 0xCDD5, 0xC5B4, 0xC594, 0xC594, 0xC5B5, 0xCDF6, 0xD636, 0xDE77, 0xDEB8, 0xE6D9, 0xEEFA,
  0xEF1A, 0xF73B, 0xF73B, 0xFF9C, 0xC5D5, 0x5289, 0x9450, 0xC594, 0xE698, 0xFF3B, 0xC5B5, 0xA4B1,
  0x942F, 0x734B, 0x5AA9, 0x41E6, 0x8C0F, 0xF73B, 0xF75B, 0xF73B, 0xF73B, 0xEF1A, 0xEF1A, 0xE6D9,
  0xDEB9, 0xD658, 0xCE16, 0xC5B5, 0xB574, 0xAD12, 0xA4D1, 0x9C91, 0x9C90, 0x9C90, 0xA4B1, 0xA4D1,
  0xA4D1, 0xA4D1, 0xA4B1, 0xA4B1, 0x9C90, 0xA4B1, 0xA4D1, 0xA4D1, 0x9C70, 0x7B6C, 0x4A27, 0x20E3,
  0x1082, 0x18E4, 0x2125, 0x18E3, 0x1082, 0x18C3, 0x2966, 0x2125, 0x3165, 0x83AD, 0x83CE, 0x7B8D,
  0x2945, 0x7B8D, 0x736C, 0x0000, 0x0021, 0x0021, 0x0020, 0x0020, 0x0021, 0x0021, 0x0021, 0x0020,
  0x0021, 0x0021, 0x0021, 0x0021, 0x0021, 0x0021, 0x0020, 0x0021, 0x0021, 0x0021, 0x0021, 0x0021,
  0x0021, 0x0021, 0x0021, 0x0021, 0x0021, 0x0021, 0x0020, 0x0021, 0x0020, 0x0020, 0x0020, 0x0021,
  0x0021, 0x0021, 0x0021, 0x0020, 0x0020, 0x0021, 0x0021, 0x0021, 0x0021, 0x0021, 0x0021, 0x0021,
  0x0021, 0x0020, 0x0021, 0x0021, 0x0021, 0x0020, 0x0021, 0x0020, 0x0021, 0x0021, 0x0021, 0x0020,
  0x0020, 0xB553, 0xEEB8, 0xBD73, 0xEEFA, 0xA4D2, 0x6B0B, 0x39A6, 0x4208, 0x39E7, 0x2104, 0x2945,
  0x2104, 0x18E3, 0x3186, 0x39E7, 0x3186, 0x2104, 0x2104, 0x4207, 0x7B8D, 0xB533, 0xD636, 0xE698,
  0xDE78, 0xD657, 0xD616, 0xCE16, 0xD616, 0xD636, 0xD637, 0xD637, 0xD616, 0xCE16, 0xCDD5, 0xC5B5,
  0xC594, 0xBD74, 0xBD74, 0xBD74, 0xBD94, 0xBD94, 0xC5B5, 0xBDB4, 0x6B4C, 0xE6B8, 0xC5D6, 0x8C30,
  0x7BAD, 0xAD12, 0x942F, 0x62CA, 0x5AAA, 0x734C, 0xB533, 0xD657, 0x6B0B, 0xAD33, 0xB553, 0xB553,
  0xAD33, 0xAD12, 0xACF2, 0xA4D1, 0xA4B1, 0xA4B1, 0xA4B1, 0xA4B1, 0xA4D1, 0xA4D1, 0xACF2, 0xACF2,
  0xACF2, 0xACF2, 0xA4D2, 0xA4D1, 0xA4B1, 0xA4D1, 0xACF2, 0xACF2, 0xACD1, 0x9C70, 0x736C, 0x4A28,
  0x2124, 0x10A2, 0x10A3, 0x2124, 0x2145, 0x18E4, 0x0861, 0x0841, 0x2125, 0x18E4, 0x2124, 0x2124,
  0x3185, 0x83CD, 0x9C70, 0x9C90, 0x83AD, 0x9C70, 0x6B2B, 0x0000, 0x0021, 0x0021, 0x0021, 0x0020,
  0x0020, 0x0021, 0x0020, 0x0021, 0x0021, 0x0021, 0x0021, 0x0021, 0x0021, 0x0021, 0x0021, 0x0021,
  0x0021, 0x0021, 0x0021, 0x0021, 0x0020, 0x0021, 0x0021, 0x0021, 0x0021, 0x0021, 0x0021, 0x0021,
  0x0020, 0x0020, 0x0021, 0x0021, 0x0021, 0x0020, 0x0020, 0x0021, 0x0021, 0x0021, 0x0021, 0x0021,
  0x0021, 0x0021, 0x0021, 0x0021, 0x0021, 0x0021, 0x0021, 0x0021, 0x0021, 0x0021, 0x0020, 0x0021,
  0x0021, 0x0020, 0x0021, 0x0020, 0x0020, 0xB553, 0xDE77, 0xCDD5, 0xEEF9, 0xB533, 0x7B6C, 0x39C6,
  0x4208, 0x2945, 0x39A6, 0x41E7, 0x31A6, 0x1061, 0x0020, 0x10A2, 0x2945, 0x39C7, 0x39C7, 0x2965,
  0x1904, 0x2104, 0x39C7, 0x6B2B, 0x9C90, 0xC5B5, 0xDE57, 0xE698, 0xDE78, 0xDE57, 0xD636, 0xD616,
  0xCE16, 0xCE16, 0xD616, 0xD616, 0xD616, 0xD616, 0xCE16, 0xCDF6, 0xCDF5, 0xCDD5, 0xCDD5, 0xB512,
  0x7B8D, 0xDE57, 0xDE98, 0xF73B, 0xD677, 0xA4D1, 0x7BAE, 0x9470, 0xD657, 0xDEB8, 0xBD74, 0x9C70,
  0x4A28, 0x83AD, 0xAD12, 0xB533, 0xB533, 0xB533, 0xB533, 0xB533, 0xB533, 0xB533, 0xAD12, 0xAD12,
  0xACF2, 0xACF2, 0xACF2, 0xACF2, 0xACF2, 0xAD12, 0xB533, 0xB533, 0xAD12, 0x9CB1, 0x83CE, 0x62CA,
  0x39C6, 0x2104, 0x10A2, 0x10A3, 0x1904, 0x2125, 0x2125, 0x18E4, 0x0862, 0x0020, 0x0000, 0x0861,
  0x31A6, 0x2945, 0x18E3, 0x1904, 0x2945, 0x942F, 0xB553, 0xA4D1, 0x83CE, 0x944F, 0x734C, 0x0000,
  0x0021, 0x0020, 0x0021, 0x0021, 0x0021, 0x0021, 0x0021, 0x0021, 0x0021, 0x0020, 0x0021, 0x0020,
  0x0021, 0x0021, 0x0021, 0x0021, 0x0021, 0x0021, 0x0021, 0x0021, 0x0020, 0x0021, 0x0021, 0x0021,
  0x0021, 0x0021, 0x0021, 0x0021, 0x0020, 0x0020, 0x0020, 0x0020, 0x0020, 0x0020, 0x0020, 0x0020,
  0x0021, 0x0021, 0x0020, 0x0020, 0x0021, 0x0021, 0x0021, 0x0021, 0x0021, 0x0021, 0x0021, 0x0021,
  0x0021, 0x0021, 0x0021, 0x0021, 0x0021, 0x0020, 0x0021, 0x0020, 0x0020, 0xB553, 0xE698, 0xCDD5,
  0xEEF9, 0xB533, 0x940E, 0x39A6, 0x2924, 0x39E7, 0x4A48, 0x39E7, 0x1061, 0x0000, 0x0021, 0x0000,
  0x0020, 0x1082, 0x2104, 0x31A6, 0x39E7, 0x39C7, 0x2965, 0x1904, 0x18E3, 0x2945, 0x4207, 0x6B2C,
  0x9450, 0xB553, 0xCE16, 0xDE77, 0xE698, 0xDE78, 0xDE57, 0xD636, 0xCE16, 0xCDF5, 0xCDD5, 0xC5D5,
  0xC5D5, 0xC5D5, 0xCDF6, 0xBD54, 0x7B8D, 0xDE57, 0xCDD5, 0xC5B4, 0xD637, 0xEEF9, 0xEF1B, 0xD637,
  0xA4D1, 0x8C0E, 0x8BEE, 0x944F, 0x4A48, 0x8BEE, 0xB533, 0xB533, 0xB512, 0xAD12, 0xAD12, 0xAD12,
  0xAD12, 0xAD12, 0xAD12, 0xB533, 0xB553, 0xB553, 0xB553, 0xB533, 0xACF2, 0x9450, 0x7B8D, 0x5ACA,
  0x39C7, 0x2124, 0x10A3, 0x10A2, 0x10C3, 0x1904, 0x2145, 0x2145, 0x2104, 0x10C3, 0x0861, 0x0020,
  0x0020, 0x0021, 0x0021, 0x0020, 0x2945, 0x39C7, 0x2145, 0x18C3, 0x39A6, 0xCDF5, 0xBD74, 0xA4D2,
  0x8BEE, 0x9450, 0x734C, 0x0000, 0x0021, 0x0021, 0x0021, 0x0021, 0x0021, 0x0021, 0x0021, 0x0021,
  0x0021, 0x0021, 0x0020, 0x0021, 0x0021, 0x0021, 0x0020, 0x0021, 0x0021, 0x0020, 0x0021, 0x0021,
  0x0021, 0x0021, 0x0021, 0x0021, 0x0021, 0x0021, 0x0021, 0x0021, 0x0020, 0x0020, 0x0020, 0x0020,
  0x0020, 0x0021, 0x0021, 0x0021, 0x0021, 0x0021, 0x0020, 0x0020, 0x0021, 0x0021, 0x0020, 0x0020,
  0x0021, 0x0021, 0x0021, 0x0021, 0x0020, 0x0021, 0x0021, 0x0021, 0x0021, 0x0021, 0x0021, 0x0020,
  0x0020, 0xB553, 0xE698, 0xC5B5, 0xEED9, 0xB533, 0x942F, 0x3185, 0x31A6, 0x4A49, 0x31A6, 0x0861,
  0x0000, 0x0021, 0x0021, 0x0021, 0x0021, 0x0000, 0x0000, 0x0841, 0x18C3, 0x2945, 0x31A6, 0x39C7,
  0x39C7, 0x3186, 0x2145, 0x2104, 0x18E3, 0x2104, 0x3186, 0x5248, 0x6B2C, 0x8C0F, 0xA4D1, 0xBD74,
  0xCDD5, 0xD636, 0xD637, 0xDE57, 0xD637, 0xD637, 0xDE57, 0xBD74, 0x7B8D, 0xDE57, 0xD616, 0xD636,
  0xD616, 0xCDF6, 0xA491, 0x83CE, 0x942F, 0x944F, 0x944F, 0x944F, 0x5248, 0x8C0E, 0xBD74, 0xBD94,
  0xBD74, 0xBD74, 0xBD74, 0xBD53, 0xB533, 0xACF2, 0xA4B1, 0x944F, 0x83CE, 0x6B2B, 0x5269, 0x39C7,
  0x2945, 0x18E3, 0x10A2, 0x10A3, 0x18C3, 0x1904, 0x2125, 0x2145, 0x2145, 0x2124, 0x18C3, 0x1082,
  0x0041, 0x0020, 0x0020, 0x0021, 0x0021, 0x0021, 0x0021, 0x0020, 0x0020, 0x2924, 0x39E7, 0x18E4,
  0x4207, 0xDE57, 0xB553, 0xA4D2, 0x8BEE, 0x9C70, 0x734C, 0x0000, 0x0021, 0x0021, 0x0020, 0x0021,
  0x0020, 0x0021, 0x0021, 0x0021, 0x0021, 0x0021, 0x0021, 0x0021, 0x0020, 0x0020, 0x0020, 0x0020,
  0x0021, 0x0020, 0x0020, 0x0021, 0x0021, 0x0021, 0x0021, 0x0021, 0x0021, 0x0021, 0x0020, 0x0020,
  0x0020, 0x0020, 0x0021, 0x0020, 0x0021, 0x0020, 0x0021, 0x0020, 0x0021, 0x0020, 0x0021, 0x0020,
  0x0021, 0x0021, 0x0021, 0x0021, 0x0021, 0x0021, 0x0020, 0x0021, 0x0020, 0x0020, 0x0021, 0x0021,
  0x0021, 0x0021, 0x0021, 0x0020, 0x0020, 0xB553, 0xE698, 0xC5B5, 0xEED9, 0xB553, 0x944F, 0x39C6,
  0x2945, 0x3186, 0x2103, 0x0000, 0x0021, 0x0021, 0x0021, 0x0021, 0x0021, 0x0021, 0x0021, 0x0020,
  0x0000, 0x0000, 0x0841, 0x18C3, 0x2125, 0x3186, 0x39C7, 0x39C7, 0x39C7, 0x3186, 0x2145, 0x18E4,
  0x10C3, 0x10A3, 0x18C3, 0x2104, 0x2965, 0x41E7, 0x5269, 0x62EB, 0x7B8D, 0x8C0F, 0x9C70, 0x8C0E,
  0x736C, 0xDE57, 0xCDF5, 0xD616, 0xD616, 0xDE57, 0xA4B1, 0x942F, 0x9C50, 0x944F, 0x942F, 0x9C70,
  0x5268, 0x6B2B, 0x83CE, 0x83AD, 0x736C, 0x6B0B, 0x5AA9, 0x4A28, 0x39A6, 0x2945, 0x2104, 0x18C3,
  0x10A2, 0x10A3, 0x10A3, 0x18C3, 0x1904, 0x2125, 0x2145, 0x2145, 0x2145, 0x2125, 0x2104, 0x18C3,
  0x0862, 0x0021, 0x0000, 0x0000, 0x0020, 0x0021, 0x0021, 0x0021, 0x0021, 0x0021, 0x0021, 0x0000,
  0x1061, 0x5248, 0x2965, 0x18C3, 0x4A28, 0xDE98, 0xBD53, 0xA4D1, 0x8BEE, 0x9C70, 0x736C, 0x0000,
  0x0021, 0x0021, 0x0021, 0x0020, 0x0021, 0x0021, 0x0020, 0x0021, 0x0021, 0x0021, 0x0021, 0x0021,
  0x0021, 0x0020, 0x0021, 0x0021, 0x0021, 0x0020, 0x0020, 0x0021, 0x0021, 0x0021, 0x0021, 0x0021,
  0x0021, 0x0021, 0x0021, 0x0020, 0x0020, 0x0020, 0x0020, 0x0020, 0x0021, 0x0020, 0x0020, 0x0021,
  0x0021, 0x0021, 0x0021, 0x0020, 0x0020, 0x0021, 0x0021, 0x0021, 0x0021, 0x0021, 0x0021, 0x0021,
  0x0021, 0x0020, 0x0020, 0x0021, 0x0021, 0x0021, 0x0021, 0x0020, 0x0020, 0xB553, 0xE698, 0xC5B5,
  0xEEF9, 0xB533, 0x940E, 0x8BEE, 0x62EA, 0x6B0A, 0x5268, 0x0000, 0x0021, 0x0021, 0x0021, 0x0021,
  0x0021, 0x0020, 0x0020, 0x0021, 0x0021, 0x0021, 0x0020, 0x0000, 0x0000, 0x0841, 0x1082, 0x2104,
  0x2945, 0x3186, 0x31A6, 0x31A6, 0x31A6, 0x3186, 0x2966, 0x2945, 0x2125, 0x18E4, 0x18C3, 0x10C3,
  0x10C3, 0x10A3, 0x10A3, 0x0862, 0x630B, 0xEEF9, 0xDE37, 0xD616, 0xCDF6, 0xD636, 0xA4B1, 0x942F,
  0x944F, 0x944F, 0x9C70, 0xA4B1, 0x39C6, 0x10A2, 0x10A3, 0x1082, 0x10A3, 0x10A3, 0x10A3, 0x10A3,
  0x18C3, 0x18E4, 0x2104, 0x2125, 0x2125, 0x2145, 0x2945, 0x2145, 0x2125, 0x2124, 0x1904, 0x18C3,
  0x10A2, 0x0861, 0x0020, 0x0000, 0x0000, 0x0020, 0x0021, 0x0021, 0x0021, 0x0020, 0x0021, 0x0021,
  0x0021, 0x0020, 0x0021, 0x0020, 0x0861, 0xA4B1, 0x9C70, 0x944F, 0xCDD5, 0xDE77, 0xBD74, 0xA4D2,
  0x8BEE, 0x9C90, 0x736C, 0x0000, 0x0021, 0x0021, 0x0021, 0x0021, 0x0021, 0x0021, 0x0021, 0x0021,
  0x0021, 0x0021, 0x0021, 0x0020, 0x0021, 0x0021, 0x0021, 0x0021, 0x0020, 0x0021, 0x0021, 0x0021,
  0x0021, 0x0021, 0x0021, 0x0021, 0x0020, 0x0021, 0x0021, 0x0020, 0x0020, 0x0020, 0x0020, 0x0021,
  0x0021, 0x0021, 0x0020, 0x0020, 0x0021, 0x0021, 0x0021, 0x0021, 0x0020, 0x0021, 0x0021, 0x0021,
  0x0021, 0x0021, 0x0021, 0x0021, 0x0021, 0x0021, 0x0021, 0x0021, 0x0020, 0x0021, 0x0021, 0x0020,
  0x0020, 0xB553, 0xE698, 0xC5B5, 0xEEFA, 0xB533, 0x940E, 0x9C70, 0x9C70, 0x8BEE, 0x5248, 0x0000,
  0x0021, 0x0020, 0x0021, 0x0020, 0x0020, 0x0021, 0x0020, 0x0020, 0x0020, 0x0021, 0x0021, 0x0021,
  0x0021, 0x0020, 0x0000, 0x0000, 0x0000, 0x0841, 0x1082, 0x18C3, 0x2124, 0x2965, 0x3186, 0x31A6,
  0x31A6, 0x3186, 0x3186, 0x3186, 0x2966, 0x2965, 0x2945, 0x2145, 0x2124, 0x62EA, 0xA4D1, 0xD636,
  0xDE77, 0xDE57, 0x9C90, 0x942F, 0xA4B1, 0x944F, 0x736C, 0x41C6, 0x18C3, 0x2125, 0x2125, 0x2145,
  0x2945, 0x2945, 0x2945, 0x2965, 0x2965, 0x2965, 0x2945, 0x2145, 0x2124, 0x1904, 0x18C3, 0x10A2,
  0x0862, 0x0841, 0x0020, 0x0000, 0x0000, 0x0020, 0x0021, 0x0021, 0x0021, 0x0021, 0x0020, 0x0020,
  0x0021, 0x0020, 0x0020, 0x0021, 0x0020, 0x0020, 0x0021, 0x0020, 0x0861, 0x944F, 0xBD94, 0xDE77,
  0xE698, 0xD657, 0xBD74, 0xA4D2, 0x8C0F, 0x9C91, 0x736C, 0x0000, 0x0021, 0x0021, 0x0021, 0x0020,
  0x0021, 0x0021, 0x0021, 0x0021, 0x0021, 0x0021, 0x0021, 0x0021, 0x0021, 0x0021, 0x0021, 0x0021,
  0x0021, 0x0020, 0x0021, 0x0020, 0x0021, 0x0021, 0x0021, 0x0021, 0x0021, 0x0021, 0x0020, 0x0021,
  0x0020, 0x0021, 0x0021, 0x0021, 0x0020, 0x0020, 0x0021, 0x0021, 0x0021, 0x0021, 0x0020, 0x0021,
  0x0021, 0x0021, 0x0021, 0x0021, 0x0021, 0x0021, 0x0021, 0x0021, 0x0021, 0x0021, 0x0021, 0x0021,
  0x0021, 0x0021, 0x0021, 0x0020, 0x0020, 0xB553, 0xE698, 0xC5B5, 0xEEF9, 0xB553, 0x942F, 0x944F,
  0x942F, 0x9C70, 0x62CA, 0x0000, 0x0021, 0x0020, 0x0020, 0x0020, 0x0020, 0x0020, 0x0020, 0x0021,
  0x0021, 0x0020, 0x0021, 0x0021, 0x0021, 0x0021, 0x0021, 0x0021, 0x0021, 0x0020, 0x0020, 0x0000,
  0x0000, 0x0020, 0x0841, 0x0862, 0x10A2, 0x2104, 0x2965, 0x2945, 0x2945, 0x2945, 0x3186, 0x3186,
  0x2966, 0x10A2, 0x39E7, 0x5289, 0x8C2F, 0xCDD5, 0xACF2, 0x83CE, 0x62EA, 0x39C6, 0x31A6, 0x18E3,
  0x18E3, 0x2125, 0x2145, 0x2125, 0x2124, 0x2104, 0x1904, 0x2104, 0x2124, 0x18C3, 0x1082, 0x0861,
  0x0841, 0x0020, 0x0000, 0x0000, 0x0020, 0x0020, 0x0020, 0x0021, 0x0021, 0x0021, 0x0021, 0x0021,
  0x0021, 0x0020, 0x0020, 0x0021, 0x0021, 0x0020, 0x0021, 0x0021, 0x0021, 0x0020, 0x0021, 0x0020,
  0x0841, 0xACF2, 0xDE78, 0xDE77, 0xDE57, 0xDE57, 0xBD74, 0xA4D1, 0x8C0F, 0x9C91, 0x736C, 0x0000,
  0x0021, 0x0021, 0x0021, 0x0021, 0x0021, 0x0021, 0x0021, 0x0021, 0x0021, 0x0021, 0x0021, 0x0021,
  0x0021, 0x0021, 0x0021, 0x0021, 0x0021, 0x0021, 0x0020, 0x0020, 0x0021, 0x0021, 0x0021, 0x0021,
  0x0021, 0x0021, 0x0021, 0x0021, 0x0020, 0x0021, 0x0020, 0x0021, 0x0021, 0x0020, 0x0021, 0x0020,
  0x0021, 0x0021, 0x0021, 0x0021, 0x0021, 0x0020, 0x0020, 0x0021, 0x0021, 0x0021, 0x0021, 0x0021,
  0x0020, 0x0021, 0x0021, 0x0021, 0x0020, 0x0021, 0x0021, 0x0020, 0x0020, 0xBD53, 0xE698, 0xC5B5,
  0xEEF9, 0xB553, 0x942F, 0x944F, 0x942F, 0x9C90, 0x6B2B, 0x0000, 0x0021, 0x0020, 0x0021, 0x0021,
  0x0021, 0x0020, 0x0021, 0x0021, 0x0021, 0x0021, 0x0020, 0x0020, 0x0021, 0x0021, 0x0021, 0x0041,
  0x0021, 0x0020, 0x0000, 0x0020, 0x0041, 0x0021, 0x0020, 0x0000, 0x0000, 0x0020, 0x2104, 0x1904,
  0x18C3, 0x2104, 0x2104, 0x2104, 0x18C3, 0x2124, 0x738D, 0x632C, 0x4A28, 0x4A28, 0x5248, 0x3165,
  0x2966, 0x4228, 0x528A, 0x2124, 0x0861, 0x18C3, 0x18E3, 0x20E3, 0x18C3, 0x18E3, 0x18E3, 0x18E3,
  0x0840, 0x0000, 0x0000, 0x0020, 0x0020, 0x0020, 0x0021, 0x0041, 0x0021, 0x0021, 0x0021, 0x0041,
  0x0021, 0x0021, 0x0020, 0x0020, 0x0021, 0x0021, 0x0021, 0x0021, 0x0021, 0x0021, 0x0021, 0x0020,
  0x0021, 0x0021, 0x0021, 0x0000, 0x0861, 0xCDF5, 0xE698, 0xDE57, 0xDE78, 0xDE57, 0xBD74, 0xA4D2,
  0x8C0E, 0x9C90, 0x736C, 0x0000, 0x0021, 0x0021, 0x0021, 0x0021, 0x0021, 0x0021, 0x0021, 0x0021,
  0x0021, 0x0021, 0x0021, 0x0021, 0x0021, 0x0021, 0x0020, 0x0021, 0x0021, 0x0020, 0x0021, 0x0021,
  0x0021, 0x0021, 0x0021, 0x0020, 0x0021, 0x0021, 0x0021, 0x0020, 0x0021, 0x0021, 0x0020, 0x0021,
  0x0021, 0x0021, 0x0020, 0x0020, 0x0021, 0x0021, 0x0021, 0x0021, 0x0021, 0x0021, 0x0021, 0x0021,
  0x0021, 0x0021, 0x0021, 0x0021, 0x0021, 0x0021, 0x0021, 0x0021, 0x0020, 0x0020, 0x0021, 0x0020,
  0x0020, 0xBD53, 0xE698, 0xCDD5, 0xEED9, 0xB553, 0x942F, 0x9C50, 0x944F, 0xA490, 0x6B0B, 0x0000,
  0x0021, 0x0020, 0x0021, 0x0021, 0x0021, 0x0021, 0x0020, 0x0021, 0x0021, 0x0021, 0x0041, 0x0041,
  0x0020, 0x0000, 0x0000, 0x0000, 0x0000, 0x0041, 0x10A2, 0x0841, 0x0000, 0x0021, 0x0021, 0x0021,
  0x0041, 0x0020, 0x0861, 0x3186, 0x31A6, 0x39C7, 0x5AAA, 0x4A48, 0x4A28, 0x3185, 0x6B4C, 0x6B4D,
  0x736D, 0x736D, 0x4228, 0x4A49, 0x4A69, 0x4229, 0x4A6A, 0x2945, 0x2965, 0x39C7, 0x39E7, 0x31A6,
  0x2966, 0x31A6, 0x31A6, 0x1082, 0x0020, 0x0021, 0x0021, 0x0021, 0x0021, 0x0021, 0x0020, 0x0000,
  0x0020, 0x0000, 0x0000, 0x0000, 0x0000, 0x0000, 0x0021, 0x0021, 0x0021, 0x0021, 0x0021, 0x0020,
  0x0020, 0x0020, 0x0021, 0x0020, 0x0020, 0x0021, 0x0021, 0x0000, 0x0861, 0xC5D5, 0xE698, 0xDE57,
  0xDE78, 0xDE57, 0xBD74, 0xA4D2, 0x8C0F, 0x9C91, 0x736C, 0x0000, 0x0021, 0x0021, 0x0021, 0x0021,
  0x0021, 0x0021, 0x0021, 0x0021, 0x0021, 0x0021, 0x0021, 0x0021, 0x0021, 0x0021, 0x0021, 0x0021,
  0x0021, 0x0021, 0x0021, 0x0021, 0x0021, 0x0021, 0x0021, 0x0021, 0x0021, 0x0021, 0x0021, 0x0020,
  0x0020, 0x0021, 0x0021, 0x0020, 0x0021, 0x0021, 0x0021, 0x0021, 0x0021, 0x0021, 0x0021, 0x0021,
  0x0021, 0x0021, 0x0021, 0x0021, 0x0021, 0x0021, 0x0021, 0x0021, 0x0021, 0x0021, 0x0020, 0x0021,
  0x0021, 0x0021, 0x0021, 0x0020, 0x0020, 0xBD53, 0xE698, 0xCDD5, 0xEED9, 0xB553, 0x942F, 0x9C70,
  0x944F, 0xA491, 0x6B0B, 0x0000, 0x0021, 0x0021, 0x0021, 0x0021, 0x0021, 0x0021, 0x0021, 0x0041,
  0x0021, 0x0000, 0x0000, 0x0000, 0x0020, 0x10A2, 0x2945, 0x4A07, 0x5ACA, 0x736C, 0x83CE, 0x736D,
  0x3165, 0x0000, 0x0020, 0x0021, 0x0020, 0x0021, 0x0000, 0x10A2, 0x39E7, 0x3186, 0x41E7, 0x62CA,
  0x62CA, 0x31A6, 0x6B2C, 0x736D, 0x6B4C, 0x736D, 0x5269, 0x4208, 0x4A49, 0x4A49, 0x4A69, 0x2945,
  0x31C6, 0x4208, 0x39A6, 0x2925, 0x3186, 0x3186, 0x0861, 0x0000, 0x0021, 0x0021, 0x0020, 0x0020,
  0x0021, 0x0000, 0x0020, 0x39C6, 0x630B, 0x5ACA, 0x4A48, 0x39A6, 0x2103, 0x0861, 0x0000, 0x0000,
  0x0000, 0x0000, 0x0020, 0x0041, 0x0021, 0x0021, 0x0021, 0x0020, 0x0020, 0x0020, 0x0021, 0x0020,
  0x0861, 0xC5D5, 0xE698, 0xDE77, 0xDE78, 0xDE57, 0xBD74, 0xA4D2, 0x8C0F, 0x9C91, 0x736D, 0x0000,
  0x0021, 0x0021, 0x0021, 0x0021, 0x0021, 0x0020, 0x0020, 0x0021, 0x0021, 0x0021, 0x0020, 0x0021,
  0x0021, 0x0021, 0x0021, 0x0021, 0x0021, 0x0021, 0x0021, 0x0020, 0x0021, 0x0021, 0x0021, 0x0021,
  0x0021, 0x0021, 0x0021, 0x0021, 0x0020, 0x0021, 0x0021, 0x0021, 0x0021, 0x0020, 0x0020, 0x0021,
  0x0020, 0x0021, 0x0021, 0x0021, 0x0020, 0x0021, 0x0021, 0x0021, 0x0021, 0x0021, 0x0021, 0x0020,
  0x0020, 0x0020, 0x0020, 0x0021, 0x0021, 0x0020, 0x0021, 0x0020, 0x0020, 0xB553, 0xE698, 0xCDD5,
  0xEED9, 0xB553, 0x942F, 0x9C70, 0x9450, 0xA4B1, 0x6B2B, 0x0000, 0x0041, 0x0021, 0x0021, 0x0021,
  0x0041, 0x0021, 0x0000, 0x0000, 0x0000, 0x10A2, 0x3185, 0x5269, 0x6B4C, 0x7BAE, 0x8BEE, 0x8C2F,
  0x942F, 0x8C0F, 0x83EE, 0x83CE, 0x83EE, 0x4207, 0x0000, 0x0021, 0x0020, 0x0021, 0x0021, 0x0000,
  0x18C2, 0x39E7, 0x3186, 0x4A48, 0x62EB, 0x39A6, 0x41E7, 0x5289, 0x736D, 0x7BAE, 0x4A69, 0x4228,
  0x4A49, 0x39C7, 0x3165, 0x2104, 0x39C7, 0x39C7, 0x2965, 0x3186, 0x3186, 0x1082, 0x0000, 0x0021,
  0x0020, 0x0021, 0x0021, 0x0021, 0x0000, 0x2924, 0x6B2B, 0x83CE, 0x7BAD, 0x83CE, 0x83EE, 0x83CE,
  0x7BAD, 0x736D, 0x62EB, 0x4A28, 0x2965, 0x10A2, 0x0000, 0x0000, 0x0000, 0x0020, 0x0021, 0x0021,
  0x0021, 0x0021, 0x0021, 0x0000, 0x0861, 0xC5D5, 0xE698, 0xDE77, 0xDE78, 0xDE77, 0xBD74, 0xA4D2,
  0x8C0F, 0x9C91, 0x736D, 0x0000, 0x0021, 0x0021, 0x0020, 0x0021, 0x0021, 0x0021, 0x0020, 0x0021,
  0x0021, 0x0021, 0x0021, 0x0021, 0x0021, 0x0021, 0x0020, 0x0021, 0x0021, 0x0021, 0x0021, 0x0021,
  0x0021, 0x0021, 0x0020, 0x0021, 0x0021, 0x0021, 0x0021, 0x0021, 0x0020, 0x0021, 0x0021, 0x0021,
  0x0020, 0x0021, 0x0021, 0x0021, 0x0021, 0x0020, 0x0021, 0x0021, 0x0021, 0x0021, 0x0021, 0x0021,
  0x0021, 0x0021, 0x0021, 0x0021, 0x0021, 0x0020, 0x0020, 0x0021, 0x0021, 0x0021, 0x0021, 0x0020,
  0x0020, 0xB553, 0xE698, 0xCDD5, 0xEED9, 0xB553, 0x944F, 0x9C70, 0x9450, 0xA4B1, 0x6B2B, 0x0000,
  0x0041, 0x0021, 0x0041, 0x0000, 0x0000, 0x0000, 0x18C3, 0x41E7, 0x6B0B, 0x83CE, 0x8C2F, 0x942F,
  0x8C2F, 0x8C0F, 0x83CE, 0x738D, 0x6B0B, 0x5A89, 0x4A28, 0x39C7, 0x31A6, 0x31A6, 0x0020, 0x0020,
  0x0021, 0x0021, 0x0020, 0x0021, 0x0000, 0x20E3, 0x4208, 0x3186, 0x4A48, 0x4A28, 0xC5B5, 0x5ACA,
  0x3165, 0x4A49, 0x4A28, 0x2966, 0x18E3, 0x2104, 0x83CE, 0x41E7, 0x2965, 0x2965, 0x31A6, 0x31A6,
  0x1082, 0x0000, 0x0021, 0x0020, 0x0020, 0x0021, 0x0021, 0x0021, 0x0000, 0x4228, 0x5ACB, 0x5AAA,
  0x62EB, 0x6B2B, 0x736C, 0x7BAD, 0x83CE, 0x83CE, 0x83EE, 0x83CE, 0x83CE, 0x7B8D, 0x630B, 0x4207,
  0x2104, 0x0841, 0x0000, 0x0000, 0x0020, 0x0041, 0x0021, 0x0020, 0x0861, 0xC5D5, 0xE698, 0xDE77,
  0xDE78, 0xDE77, 0xBD94, 0xA4D2, 0x8C0F, 0x9CB1, 0x736D, 0x0000, 0x0021, 0x0021, 0x0020, 0x0021,
  0x0021, 0x0021, 0x0021, 0x0021, 0x0020, 0x0021, 0x0021, 0x0021, 0x0021, 0x0020, 0x0021, 0x0021,
  0x0021, 0x0021, 0x0020, 0x0021, 0x0021, 0x0021, 0x0021, 0x0021, 0x0021, 0x0021, 0x0020, 0x0021,
  0x0020, 0x0020, 0x0020, 0x0021, 0x0021, 0x0021, 0x0021, 0x0021, 0x0020, 0x0021, 0x0020, 0x0021,
  0x0021, 0x0021, 0x0021, 0x0021, 0x0021, 0x0021, 0x0021, 0x0021, 0x0021, 0x0021, 0x0021, 0x0021,
  0x0021, 0x0020, 0x0021, 0x0020, 0x0020, 0xB553, 0xE698, 0xCDD5, 0xEED9, 0xB553, 0x944F, 0x9C90,
  0x9C70, 0xA4B1, 0x6B2B, 0x0000, 0x0841, 0x0000, 0x0000, 0x1082, 0x39C7, 0x6B2B, 0x83EE, 0x8C2F,
  0x942F, 0x8C2F, 0x8BEE, 0x7B8D, 0x62EA, 0x4A69, 0x4207, 0x31A6, 0x2965, 0x2945, 0x2945, 0x2124,
  0x2124, 0x18C3, 0x0020, 0x0021, 0x0020, 0x0021, 0x0020, 0x0021, 0x0021, 0x0000, 0x2124, 0x39E7,
  0x3186, 0x39A6, 0xEEFA, 0x8C30, 0x4A49, 0x4228, 0x2965, 0x2945, 0x2986, 0x3186, 0xA4B1, 0x4207,
  0x18E4, 0x31A6, 0x31A6, 0x1082, 0x0000, 0x0021, 0x0020, 0x0020, 0x0021, 0x0021, 0x0021, 0x0021,
  0x0020, 0x2924, 0x39C7, 0x41E7, 0x4208, 0x4228, 0x4A49, 0x5289, 0x5ACA, 0x630B, 0x734C, 0x7BAD,
  0x83AE, 0x83AE, 0x83CE, 0x83EE, 0x83CE, 0x734C, 0x4A48, 0x2104, 0x0020, 0x0000, 0x0020, 0x0021,
  0x0861, 0xCDD5, 0xE698, 0xDE77, 0xDE78, 0xDE57, 0xBD74, 0xA4D2, 0x8C2F, 0xA4B1, 0x7B6D, 0x0000,
  0x0021, 0x0021, 0x0021, 0x0020, 0x0021, 0x0021, 0x0021, 0x0021, 0x0021, 0x0021, 0x0021, 0x0021,
  0x0021, 0x0021, 0x0021, 0x0021, 0x0020, 0x0021, 0x0021, 0x0020, 0x0021, 0x0021, 0x0021, 0x0021,
  0x0021, 0x0021, 0x0021, 0x0021, 0x0020, 0x0020, 0x0020, 0x0021, 0x0020, 0x0021, 0x0021, 0x0021,
  0x0020, 0x0021, 0x0020, 0x0020, 0x0020, 0x0021, 0x0021, 0x0021, 0x0021, 0x0021, 0x0021, 0x0020,
  0x0021, 0x0021, 0x0021, 0x0021, 0x0020, 0x0021, 0x0021, 0x0020, 0x0020, 0xB553, 0xE698, 0xC5D5,
  0xEEF9, 0xB553, 0x9450, 0x9C90, 0x9C70, 0xA4D1, 0x734C, 0x0000, 0x0000, 0x2104, 0x5A89, 0x83AE,
  0x8C2F, 0x8C2F, 0x8C2F, 0x83EE, 0x736C, 0x5AAA, 0x41E7, 0x3186, 0x2965, 0x2945, 0x2945, 0x2124,
  0x2124, 0x1923, 0x1903, 0x2104, 0x2124, 0x1082, 0x0000, 0x0021, 0x0020, 0x0021, 0x0021, 0x0021,
  0x0021, 0x0020, 0x0000, 0x2945, 0x39A7, 0x31A6, 0xEF1A, 0x738D, 0x4207, 0x6B4D, 0x4228, 0x39C7,
  0x31A7, 0x2965, 0xA4B1, 0x4207, 0x2945, 0x39A7, 0x10A2, 0x0000, 0x0021, 0x0021, 0x0020, 0x0020,
  0x0021, 0x0020, 0x0021, 0x0021, 0x0000, 0x10A2, 0x2965, 0x2945, 0x2965, 0x2985, 0x31A6, 0x39C7,
  0x39E7, 0x4208, 0x4228, 0x4A69, 0x5AAA, 0x6B0B, 0x7B8D, 0x83CE, 0x83CE, 0x83CE, 0x83EF, 0x83CE,
  0x6B2C, 0x39E7, 0x1082, 0x0000, 0x0841, 0xCDF6, 0xE698, 0xDE77, 0xDE78, 0xDE57, 0xBD74, 0xA4D2,
  0x8C2F, 0xA4B1, 0x7B8D, 0x0000, 0x0021, 0x0020, 0x0021, 0x0021, 0x0020, 0x0021, 0x0021, 0x0021,
  0x0021, 0x0021, 0x0021, 0x0021, 0x0020, 0x0021, 0x0021, 0x0021, 0x0021, 0x0021, 0x0020, 0x0021,
  0x0021, 0x0021, 0x0021, 0x0021, 0x0021, 0x0021, 0x0021, 0x0021, 0x0020, 0x0021, 0x0021, 0x0021,
  0x0021, 0x0021, 0x0021, 0x0020, 0x0020, 0x0021, 0x0021, 0x0021, 0x0021, 0x0021, 0x0021, 0x0021,
  0x0021, 0x0021, 0x0020, 0x0021, 0x0021, 0x0021, 0x0020, 0x0021, 0x0021, 0x0020, 0x0021, 0x0020,
  0x0020, 0xB553, 0xE698, 0xCDD5, 0xEEF9, 0xBD54, 0x9C70, 0x9C91, 0x9C90, 0xACD2, 0x734C, 0x20E3,
  0x62EA, 0x8C0F, 0x8C2F, 0x8C0F, 0x8C0F, 0x7B8D, 0x5ACA, 0x39E7, 0x3186, 0x2945, 0x2945, 0x2124,
  0x2124, 0x1923, 0x1943, 0x1963, 0x19C4, 0x2204, 0x1963, 0x2965, 0x31A6, 0x18E3, 0x0000, 0x0041,
  0x0020, 0x0021, 0x0021, 0x0021, 0x0021, 0x0021, 0x0020, 0x0021, 0x2965, 0x39C7, 0xDE98, 0xB574,
  0x5289, 0x4A49, 0x31A6, 0x18E4, 0x3186, 0x6B2C, 0xA4D1, 0x4207, 0x3186, 0x18C3, 0x0000, 0x0021,
  0x0020, 0x0020, 0x0020, 0x0021, 0x0020, 0x0021, 0x0020, 0x0041, 0x0000, 0x2104, 0x4A48, 0x41E8,
  0x29A5, 0x32E6, 0x3266, 0x2A05, 0x29A5, 0x2985, 0x31A6, 0x39A7, 0x39E7, 0x4208, 0x4A49, 0x52AA,
  0x6B2C, 0x7BAD, 0x83CE, 0x7BAE, 0x83CE, 0x83EF, 0x736D, 0x4A28, 0x2103, 0xCDD5, 0xE698, 0xDE77,
  0xDE78, 0xDE57, 0xBD74, 0xA4D2, 0x8C2F, 0xA4B1, 0x736D, 0x0000, 0x0021, 0x0020, 0x0021, 0x0021,
  0x0020, 0x0021, 0x0021, 0x0021, 0x0021, 0x0021, 0x0021, 0x0020, 0x0021, 0x0021, 0x0020, 0x0021,
  0x0021, 0x0021, 0x0021, 0x0021, 0x0021, 0x0021, 0x0021, 0x0021, 0x0021, 0x0021, 0x0021, 0x0020,
  0x0021, 0x0021, 0x0021, 0x0021, 0x0021, 0x0021, 0x0021, 0x0021, 0x0020, 0x0021, 0x0020, 0x0021,
  0x0021, 0x0021, 0x0021, 0x0021, 0x0021, 0x0021, 0x0021, 0x0021, 0x0021, 0x0020, 0x0021, 0x0021,
  0x0021, 0x0020, 0x0021, 0x0020, 0x0020, 0xB553, 0xE698, 0xCDD5, 0xEEFA, 0xBD74, 0x9C70, 0xA4B1,
  0x9C91, 0xACF2, 0x6B2C, 0x6B0B, 0x9450, 0x8BEF, 0x8BEF, 0x734C, 0x4A28, 0x3186, 0x2945, 0x2945,
  0x2124, 0x1923, 0x1943, 0x1983, 0x21C4, 0x21E4, 0x2204, 0x2204, 0x21E4, 0x2204, 0x1943, 0x2965,
  0x3186, 0x18C2, 0x0000, 0x0000, 0x0041, 0x0021, 0x0020, 0x0021, 0x0021, 0x0021, 0x0021, 0x0021,
  0x0020, 0x31A6, 0xDE58, 0xEF1A, 0xEEFA, 0xAD33, 0x5269, 0x630B, 0x9C70, 0x9CB1, 0x9C91, 0x4207,
  0x1082, 0x0000, 0x0021, 0x0020, 0x0020, 0x0021, 0x0020, 0x0020, 0x0020, 0x0021, 0x0041, 0x0000,
  0x0000, 0x18C3, 0x4207, 0x41E8, 0x29C5, 0x3B27, 0x3B47, 0x3B47, 0x3B27, 0x32E6, 0x2A86, 0x2A05,
  0x29A5, 0x3186, 0x39A7, 0x39E8, 0x4208, 0x4A49, 0x62EB, 0x7B8D, 0x83CE, 0x7BAD, 0x7BAD, 0x8C0F,
  0x5269, 0xC5B5, 0xE6B8, 0xDE77, 0xDE78, 0xDE57, 0xBD74, 0xA4D2, 0x942F, 0xA4B1, 0x736D, 0x0000,
  0x0021, 0x0020, 0x0020, 0x0021, 0x0021, 0x0021, 0x0021, 0x0021, 0x0021, 0x0021, 0x0021, 0x0021,
  0x0021, 0x0021, 0x0021, 0x0021, 0x0020, 0x0021, 0x0021, 0x0021, 0x0020, 0x0021, 0x0021, 0x0021,
  0x0021, 0x0021, 0x0020, 0x0020, 0x0020, 0x0021, 0x0020, 0x0021, 0x0021, 0x0020, 0x0020, 0x0021,
  0x0021, 0x0020, 0x0020, 0x0020, 0x0021, 0x0020, 0x0021, 0x0021, 0x0021, 0x0020, 0x0021, 0x0021,
  0x0021, 0x0021, 0x0021, 0x0020, 0x0020, 0x0021, 0x0021, 0x0020, 0x0020, 0xB553, 0xE698, 0xCDD5,
  0xEEF9, 0xBD74, 0x9C70, 0xA4B1, 0x9C91, 0xACF2, 0x734C, 0x62EB, 0x9450, 0x734C, 0x4207, 0x2965,
  0x2945, 0x2124, 0x2104, 0x1943, 0x1983, 0x21E4, 0x2204, 0x2204, 0x21E4, 0x21E4, 0x21E4, 0x21E4,
  0x21E4, 0x2204, 0x1943, 0x3166, 0x2124, 0x5A89, 0x734C, 0x2124, 0x0000, 0x0020, 0x0041, 0x0020,
  0x0020, 0x0021, 0x0021, 0x0041, 0x0000, 0x18C3, 0xDE98, 0xE6DA, 0xE6B9, 0xF73B, 0xBD95, 0x9CB1,
  0x9C91, 0x9450, 0xA4D2, 0x39A6, 0x0000, 0x0841, 0x0021, 0x0021, 0x0020, 0x0020, 0x0020, 0x0020,
  0x0021, 0x0021, 0x0000, 0x18C2, 0x734C, 0x7BAD, 0x39C6, 0x4208, 0x29A5, 0x3B07, 0x3B27, 0x3B27,
  0x3B27, 0x3B27, 0x3B27, 0x3B47, 0x3B27, 0x32C6, 0x2A45, 0x29A5, 0x3186, 0x39C7, 0x4208, 0x4A49,
  0x5AAA, 0x738D, 0x83CE, 0x83CE, 0x4A28, 0xC5B5, 0xE6B8, 0xDE78, 0xDE98, 0xDE77, 0xBD74, 0xA4D2,
  0x942F, 0xA4D2, 0x736D, 0x0000, 0x0021, 0x0021, 0x0020, 0x0020, 0x0021, 0x0020, 0x0021, 0x0021,
  0x0021, 0x0021, 0x0021, 0x0021, 0x0020, 0x0021, 0x0021, 0x0021, 0x0021, 0x0021, 0x0021, 0x0021,
  0x0021, 0x0021, 0x0021, 0x0021, 0x0021, 0x0021, 0x0021, 0x0021, 0x0020, 0x0020, 0x0021, 0x0021,
  0x0020, 0x0021, 0x0020, 0x0020, 0x0021, 0x0021, 0x0021, 0x0021, 0x0020, 0x0021, 0x0020, 0x0021,
  0x0021, 0x0021, 0x0020, 0x0020, 0x0021, 0x0021, 0x0021, 0x0020, 0x0021, 0x0020, 0x0021, 0x0020,
  0x0020, 0xB553, 0xE698, 0xC5D5, 0xEED9, 0xBD74, 0x9C90, 0xA4B1, 0xA4B1, 0xACF2, 0x736C, 0x5A89,
  0x4A49, 0x2965, 0x2945, 0x2124, 0x1923, 0x1963, 0x21E4, 0x2204, 0x2204, 0x21E4, 0x21E4, 0x21E4,
  0x21E4, 0x2204, 0x2204, 0x2204, 0x2204, 0x2204, 0x1923, 0x2925, 0x2104, 0x5269, 0x944F, 0x942F,
  0x5A89, 0x0841, 0x0000, 0x0841, 0x0041, 0x0041, 0x0021, 0x0021, 0x0000, 0x18C3, 0xDE98, 0xEEFA,
  0xE6B9, 0xE6DA, 0xB554, 0x9450, 0x9C91, 0x9C71, 0xA4F2, 0x39C6, 0x0000, 0x0021, 0x0021, 0x0021,
  0x0021, 0x0041, 0x0041, 0x0041, 0x0000, 0x0020, 0x5A89, 0xA4B1, 0xB553, 0x7B6C, 0x2965, 0x41E8,
  0x2985, 0x3B27, 0x3B47, 0x3B47, 0x3B47, 0x3B27, 0x3B07, 0x3B07, 0x3B07, 0x3B27, 0x3B47, 0x3B27,
  0x32A6, 0x2A05, 0x2985, 0x39A7, 0x41E8, 0x4229, 0x5AAA, 0x7BAD, 0x4A48, 0xC5B5, 0xE6B9, 0xDE78,
  0xDE98, 0xDE78, 0xBD74, 0xA4D2, 0x9430, 0xA4D2, 0x736D, 0x0000, 0x0021, 0x0020, 0x0021, 0x0020,
  0x0021, 0x0021, 0x0020, 0x0021, 0x0020, 0x0021, 0x0021, 0x0021, 0x0021, 0x0021, 0x0020, 0x0021,
  0x0021, 0x0021, 0x0021, 0x0021, 0x0021, 0x0021, 0x0021, 0x0021, 0x0021, 0x0021, 0x0021, 0x0021,
  0x0020, 0x0020, 0x0020, 0x0020, 0x0021, 0x0021, 0x0021, 0x0021, 0x0021, 0x0021, 0x0021, 0x0020,
  0x0020, 0x0021, 0x0021, 0x0020, 0x0021, 0x0021, 0x0021, 0x0021, 0x0021, 0x0021, 0x0021, 0x0021,
  0x0020, 0x0020, 0x0021, 0x0020, 0x0020, 0xB553, 0xE698, 0xC5B5, 0xE6D9, 0xBD74, 0x9C91, 0xA4D1,
  0xA4B1, 0xAD13, 0x736C, 0x2104, 0x3166, 0x2124, 0x1923, 0x1983, 0x21E4, 0x2204, 0x21E4, 0x21E4,
  0x21E4, 0x21E4, 0x2204, 0x2204, 0x2204, 0x21C4, 0x1983, 0x1963, 0x1943, 0x1903, 0x2124, 0x2965,
  0x2965, 0x2104, 0x5268, 0xBD74, 0xD616, 0xB553, 0x39A6, 0x0000, 0x0000, 0x0000, 0x0000, 0x0020,
  0x0841, 0x20E3, 0xDE98, 0xE6DA, 0xE6B9, 0xEEFA, 0xB554, 0x9470, 0x9CB1, 0x9C91, 0xACF2, 0x41E7,
  0x0841, 0x0861, 0x0020, 0x0000, 0x0000, 0x0000, 0x0000, 0x0000, 0x2945, 0x944F, 0xBD53, 0xA4D1,
  0x6B0B, 0x2924, 0x2124, 0x3186, 0x2986, 0x29A5, 0x29E5, 0x2A25, 0x3286, 0x3AE7, 0x3B27, 0x3B47,
  0x3B27, 0x3B27, 0x3B07, 0x3B07, 0x3B27, 0x3B47, 0x32E6, 0x2A45, 0x2985, 0x3186, 0x39E8, 0x4A69,
  0x39C7, 0xC5B5, 0xE6B8, 0xDE78, 0xDE78, 0xDE57, 0xBD74, 0xA4D2, 0x9430, 0xA4D2, 0x736D, 0x0000,
  0x0021, 0x0020, 0x0021, 0x0021, 0x0020, 0x0021, 0x0021, 0x0021, 0x0021, 0x0021, 0x0021, 0x0021,
  0x0021, 0x0021, 0x0021, 0x0021, 0x0020, 0x0021, 0x0020, 0x0021, 0x0021, 0x0021, 0x0021, 0x0020,
  0x0021, 0x0021, 0x0021, 0x0021, 0x0020, 0x0020, 0x0020, 0x0020, 0x0020, 0x0021, 0x0020, 0x0021,
  0x0021, 0x0021, 0x0021, 0x0021, 0x0021, 0x0021, 0x0021, 0x0021, 0x0021, 0x0020, 0x0021, 0x0021,
  0x0020, 0x0021, 0x0021, 0x0020, 0x0021, 0x0021, 0x0021, 0x0021, 0x0020, 0xB533, 0xDE78, 0xC5B5,
  0xE6D9, 0xBD74, 0xA491, 0xA4D1, 0xA4B1, 0xAD13, 0x736D, 0x18A3, 0x1923, 0x1983, 0x2204, 0x2204,
  0x21E4, 0x21E4, 0x21E4, 0x2204, 0x2204, 0x21E4, 0x19A4, 0x1963, 0x1923, 0x2124, 0x2945, 0x3166,
  0x39A7, 0x4208, 0x4A28, 0x4A69, 0x4A69, 0x5269, 0x39A6, 0x4A28, 0x9C90, 0xACF2, 0x6B0B, 0x4A07,
  0x7B8C, 0x8BEE, 0x9C70, 0xA4B1, 0xB553, 0x6B2B, 0xCE17, 0xEEFA, 0xE6B9, 0xEEFA, 0xB554, 0x9C70,
  0xA4B1, 0x9C91, 0xA4D2, 0x5269, 0x734C, 0x7BAD, 0x9C6F, 0x9C90, 0x942F, 0x7BAD, 0x6B2B, 0x4A07,
  0x7B8D, 0xCE16, 0xB532, 0x4207, 0x2924, 0x39C7, 0x4208, 0x39E8, 0x39E8, 0x39C7, 0x39A7, 0x3186,
  0x2966, 0x2985, 0x29A5, 0x2A05, 0x3286, 0x3B07, 0x3B47, 0x3B27, 0x3B27, 0x3B07, 0x3B27, 0x3B47,
  0x3B07, 0x2A45, 0x2985, 0x39A7, 0x2965, 0xC5D5, 0xE6B8, 0xDE78, 0xDE78, 0xDE57, 0xBD54, 0xA4D2,
  0x9430, 0xA4B2, 0x7B8D, 0x0020, 0x0021, 0x0021, 0x0020, 0x0020, 0x0021, 0x0021, 0x0021, 0x0021,
  0x0021, 0x0021, 0x0020, 0x0021, 0x0021, 0x0021, 0x0021, 0x0021, 0x0021, 0x0021, 0x0021, 0x0021,
  0x0021, 0x0021, 0x0021, 0x0021, 0x0021, 0x0021, 0x0021, 0x0020, 0x0021, 0x0020, 0x0021, 0x0021,
  0x0021, 0x0021, 0x0021, 0x0020, 0x0021, 0x0021, 0x0021, 0x0021, 0x0020, 0x0021, 0x0021, 0x0021,
  0x0020, 0x0020, 0x0021, 0x0021, 0x0020, 0x0021, 0x0020, 0x0020, 0x0020, 0x0020, 0x0021, 0x0000,
  0x0000, 0xBD53, 0xDE77, 0xC5B5, 0xE6D9, 0xBD74, 0xA491, 0xA4D2, 0xA4B1, 0xAD12, 0x736C, 0x1102,
  0x2204, 0x2204, 0x21E4, 0x21E4, 0x2204, 0x2204, 0x21E4, 0x1983, 0x1943, 0x1903, 0x2124, 0x3186,
  0x39C7, 0x4208, 0x4A49, 0x5269, 0x5269, 0x5269, 0x5269, 0x5269, 0x5269, 0x5289, 0x5AAA, 0x4A48,
  0x3165, 0x5AA9, 0x5268, 0x9C70, 0xE677, 0xD616, 0xD616, 0xD616, 0xDE57, 0x7B8D, 0xCE17, 0xEEFA,
  0xE6B9, 0xEEFA, 0xB554, 0x9C70, 0xA4B1, 0x9CB1, 0xA4D2, 0x5269, 0x7B8D, 0xACD1, 0xCDF5, 0xCDF5,
  0xCDF5, 0xCDF5, 0xDE36, 0xACF2, 0x734C, 0xA490, 0x41C6, 0x3186, 0x4249, 0x4208, 0x39E7, 0x39E7,
  0x39E7, 0x39E7, 0x39E7, 0x3A08, 0x3A08, 0x39E8, 0x39C7, 0x31A7, 0x2966, 0x2985, 0x29E5, 0x3286,
  0x3B07, 0x3B48, 0x3B27, 0x3B07, 0x3B27, 0x3B48, 0x32E6, 0x21E5, 0x2124, 0xCDF6, 0xE698, 0xDE57,
  0xDE78, 0xDE57, 0xB554, 0xA4D2, 0x9450, 0xA4D2, 0x7BAD, 0x0000, 0x0021, 0x0021, 0x0020, 0x0021,
  0x0021, 0x0020, 0x0021, 0x0021, 0x0020, 0x0021, 0x0020, 0x0021, 0x0021, 0x0021, 0x0021, 0x0021,
  0x0021, 0x0020, 0x0021, 0x0021, 0x0021, 0x0021, 0x0021, 0x0021, 0x0021, 0x0021, 0x0021, 0x0020,
  0x0020, 0x0021, 0x0021, 0x0021, 0x0021, 0x0021, 0x0021, 0x0021, 0x0021, 0x0021, 0x0021, 0x0021,
  0x0021, 0x0021, 0x0021, 0x0020, 0x0020, 0x0020, 0x0020, 0x0021, 0x0021, 0x0021, 0x0021, 0x0020,
  0x0021, 0x0021, 0x0020, 0x1082, 0x3985, 0xB512, 0xE6B8, 0xC5B4, 0xE6D9, 0xBD74, 0xA4B1, 0xA4D2,
  0xA4B1, 0xACF2, 0x734C, 0x1983, 0x2A25, 0x21E4, 0x2204, 0x21E4, 0x21C4, 0x1963, 0x1924, 0x2945,
  0x3186, 0x39C7, 0x4228, 0x4A69, 0x5289, 0x5289, 0x5269, 0x5269, 0x5269, 0x5289, 0x5AAA, 0x5AAA,
  0x528A, 0x4A49, 0x4208, 0x4228, 0x2966, 0x4207, 0x5A69, 0x62CA, 0xB533, 0xA4D1, 0x9C90, 0x944F,
  0x9C90, 0x62CA, 0xD637, 0xEEFA, 0xE6B9, 0xEEFA, 0xB554, 0x9C70, 0x9CB1, 0x9C91, 0xA4F2, 0x4A28,
  0x5AAA, 0x942F, 0x944F, 0x9C70, 0x9C90, 0xACF1, 0xBD74, 0x9C90, 0x7B6C, 0x7B8C, 0x2945, 0x528A,
  0x4A69, 0x4A49, 0x4A49, 0x4228, 0x4208, 0x39E7, 0x39E7, 0x39E7, 0x39E7, 0x39E7, 0x39E7, 0x39E8,
  0x3A08, 0x39E8, 0x39A7, 0x2966, 0x2185, 0x2A05, 0x32C7, 0x3B48, 0x3B27, 0x3B07, 0x3B27, 0x3B68,
  0x2A05, 0xC594, 0xDE78, 0xDE57, 0xDE78, 0xD657, 0xB554, 0xA4D2, 0x942F, 0xACF2, 0x736D, 0x18A2,
  0x0021, 0x0021, 0x0020, 0x0021, 0x0021, 0x0021, 0x0021, 0x0020, 0x0021, 0x0021, 0x0021, 0x0021,
  0x0021, 0x0021, 0x0021, 0x0021, 0x0021, 0x0021, 0x0021, 0x0021, 0x0021, 0x0021, 0x0021, 0x0021,
  0x0021, 0x0021, 0x0020, 0x0020, 0x0020, 0x0020, 0x0021, 0x0021, 0x0021, 0x0021, 0x0021, 0x0021,
  0x0021, 0x0021, 0x0021, 0x0021, 0x0021, 0x0020, 0x0021, 0x0020, 0x0021, 0x0020, 0x0020, 0x0020,
  0x0020, 0x0020, 0x0020, 0x0021, 0x0020, 0x0021, 0x0000, 0x3185, 0x9450, 0x6B2B, 0xC594, 0xD5F6,
  0xE6B9, 0xBD74, 0xA4B1, 0xA4D2, 0xACF2, 0xB553, 0x734C, 0x08E1, 0x2A25, 0x2205, 0x21C4, 0x1943,
  0x2124, 0x2965, 0x31A7, 0x4208, 0x4A49, 0x5289, 0x5289, 0x5269, 0x5269, 0x5269, 0x528A, 0x5AAA,
  0x5AAA, 0x5269, 0x4208, 0x31A7, 0x2966, 0x2945, 0x2125, 0x2145, 0x18C3, 0x4A28, 0x62CA, 0x41E7,
  0x6B0A, 0x83CD, 0x942F, 0x944F, 0xA4B1, 0x630B, 0xCE37, 0xEEFA, 0xDEB9, 0xEEFA, 0xBD95, 0x9C70,
  0x9CB1, 0x9C91, 0xA4D2, 0x4A48, 0x83EE, 0xA4D1, 0x9C70, 0x942F, 0x8C0E, 0x8BEE, 0x942F, 0x6B2C,
  0x7B6C, 0x83AD, 0x2104, 0x39C7, 0x31A7, 0x31A7, 0x39E7, 0x4208, 0x4A49, 0x4A49, 0x4A49, 0x4208,
  0x39E7, 0x39E7, 0x39E7, 0x39E7, 0x39E7, 0x39E7, 0x39E8, 0x39E8, 0x39C7, 0x3186, 0x2965, 0x29E5,
  0x32A6, 0x3B47, 0x3B27, 0x3B27, 0x2184, 0xCDB5, 0xEED9, 0xDE98, 0xDE78, 0xD637, 0xB553, 0xA4D2,
  0x9CB1, 0x7B8D, 0x4207, 0x5269, 0x0841, 0x0020, 0x0021, 0x0021, 0x0021, 0x0021, 0x0021, 0x0021,
  0x0021, 0x0021, 0x0021, 0x0021, 0x0021, 0x0021, 0x0021, 0x0021, 0x0020, 0x0021, 0x0021, 0x0020,
  0x0021, 0x0021, 0x0021, 0x0021, 0x0021, 0x0020, 0x0020, 0x0021, 0x0020, 0x0020, 0x0021, 0x0021,
  0x0021, 0x0021, 0x0021, 0x0020, 0x0020, 0x0021, 0x0021, 0x0021, 0x0021, 0x0021, 0x0021, 0x0021,
  0x0021, 0x0020, 0x0020, 0x0020, 0x0021, 0x0021, 0x0020, 0x0021, 0x0021, 0x0021, 0x0000, 0x2124,
  0x62EB, 0x83CD, 0x6B0B, 0xAD12, 0xF75B, 0xBD74, 0x9C90, 0x9C91, 0x8C2F, 0x7BAE, 0x62EA, 0x31A5,
  0x1983, 0x1943, 0x2124, 0x3186, 0x39C7, 0x4208, 0x4A69, 0x528A, 0x528A, 0x5289, 0x5269, 0x5289,
  0x5AAA, 0x5AAA, 0x5269, 0x39E7, 0x2986, 0x2145, 0x2125, 0x2125, 0x2124, 0x2124, 0x2104, 0x18C3,
  0x18A2, 0x5AA9, 0x5AA9, 0x5AA9, 0x83AD, 0x9C6F, 0xC594, 0xBD53, 0xCDD5, 0x736C, 0xCE17, 0xE6D9,
  0xE6D9, 0xDE98, 0x62EB, 0x9450, 0xA4B1, 0x9C91, 0xA4D2, 0x5AAA, 0xB532, 0xBD53, 0xB553, 0xBD53,
  0xBD53, 0xBD53, 0xBD74, 0x944F, 0x734C, 0x9450, 0x2924, 0x2104, 0x2945, 0x3186, 0x3186, 0x31A7,
  0x31C7, 0x39C7, 0x39E8, 0x4228, 0x4A49, 0x4A28, 0x4208, 0x39E7, 0x39E8, 0x39E8, 0x39E7, 0x39E7,
  0x39E7, 0x3A08, 0x39E8, 0x31A7, 0x2965, 0x29E5, 0x32E7, 0x2A25, 0x39C6, 0x8C0F, 0xB553, 0xC5B5,
  0xD657, 0xDE98, 0xBD94, 0xACF2, 0x6B4C, 0x4A49, 0x4A48, 0x2945, 0x0841, 0x0020, 0x0021, 0x0020,
  0x0021, 0x0021, 0x0020, 0x0021, 0x0021, 0x0021, 0x0021, 0x0021, 0x0021, 0x0021, 0x0021, 0x0021,
  0x0020, 0x0021, 0x0021, 0x0020, 0x0021, 0x0021, 0x0021, 0x0021, 0x0021, 0x0020, 0x0021, 0x0021,
  0x0020, 0x0021, 0x0021, 0x0021, 0x0020, 0x0021, 0x0020, 0x0021, 0x0021, 0x0021, 0x0021, 0x0021,
  0x0021, 0x0021, 0x0021, 0x0020, 0x0020, 0x0021, 0x0020, 0x0020, 0x0021, 0x0020, 0x0020, 0x0021,
  0x0020, 0x0021, 0x0000, 0x2945, 0x4208, 0x5AAA, 0x8BEE, 0x62EB, 0x8C2F, 0x736C, 0x62EA, 0x630B,
  0x5AAA, 0x5289, 0x5ACA, 0x528A, 0x18C3, 0x2945, 0x3186, 0x41E7, 0x5269, 0x528A, 0x528A, 0x5289,
  0x5269, 0x5289, 0x5AAA, 0x5AAA, 0x4228, 0x3186, 0x2145, 0x2125, 0x2125, 0x2124, 0x18E3, 0x10A2,
  0x10A2, 0x18E3, 0x2125, 0x2104, 0x39A6, 0x83CE, 0x5269, 0x5AA9, 0x7B8C, 0x8BEE, 0xB532, 0xAD12,
  0x7B8C, 0x4A28, 0xCDF6, 0xF73B, 0xE6DA, 0x6B8C, 0x43A7, 0x52A9, 0xA4D2, 0xA4D2, 0xA4D2, 0x4A08,
  0x7B8C, 0xA4D1, 0xB512, 0xB512, 0xAD12, 0xAD12, 0xB533, 0x942F, 0x6B2B, 0xBD53, 0x6B2B, 0x2945,
  0x3186, 0x2104, 0x10A3, 0x18E4, 0x2145, 0x2986, 0x31A7, 0x3186, 0x31A7, 0x3A08, 0x4A49, 0x4A69,
  0x4208, 0x39E7, 0x39E8, 0x39E8, 0x39E8, 0x39E8, 0x39E8, 0x3A08, 0x4208, 0x31A7, 0x1903, 0x2965,
  0x6B2C, 0x630B, 0x62EB, 0x62EB, 0x738D, 0x8C0F, 0x83CE, 0x62EA, 0x5269, 0x5ACA, 0x2966, 0x2125,
  0x0841, 0x0020, 0x0021, 0x0020, 0x0020, 0x0021, 0x0021, 0x0020, 0x0021, 0x0021, 0x0021, 0x0021,
  0x0021, 0x0021, 0x0020, 0x0020, 0x0021, 0x0021, 0x0021, 0x0021, 0x0021, 0x0021, 0x0021, 0x0021,
  0x0021, 0x0021, 0x0020, 0x0020, 0x0021, 0x0020, 0x0020, 0x0021, 0x0020, 0x0021, 0x0021, 0x0021,
  0x0021, 0x0021, 0x0020, 0x0021, 0x0021, 0x0021, 0x0021, 0x0021, 0x0021, 0x0021, 0x0020, 0x0020,
  0x0021, 0x0021, 0x0021, 0x0020, 0x0020, 0x0021, 0x0000, 0x2124, 0x42A8, 0x4A49, 0x5AAA, 0x734C,
  0x5289, 0x5269, 0x5289, 0x4A28, 0x41E7, 0x39C7, 0x31A6, 0x2124, 0x18E3, 0x39C7, 0x4A28, 0x5289,
  0x5289, 0x528A, 0x528A, 0x5289, 0x5AAA, 0x5AAA, 0x4208, 0x2965, 0x2145, 0x2145, 0x2104, 0x18E3,
  0x18C3, 0x18C3, 0x1904, 0x2104, 0x2104, 0x3186, 0x39C7, 0x31C7, 0x4A28, 0x8BEE, 0x4A27, 0x5289,
  0x942F, 0xB512, 0xC574, 0xBD53, 0x4AA7, 0x43A7, 0x5329, 0xBD54, 0x9470, 0x5428, 0x75AC, 0x3B06,
  0x7B6D, 0x7B8D, 0x4AC8, 0x4B88, 0x3205, 0xACD2, 0xBD53, 0xB513, 0xB533, 0xAD12, 0xBD53, 0x944F,
  0x6AEA, 0xBD53, 0x736C, 0x4207, 0x5269, 0x39C7, 0x2104, 0x2125, 0x2104, 0x18C3, 0x18E3, 0x2124,
  0x2966, 0x31A7, 0x31A7, 0x39E7, 0x4A49, 0x4A49, 0x4208, 0x39C7, 0x39E8, 0x39E8, 0x39E8, 0x39E8,
  0x39E8, 0x3A08, 0x39C7, 0x2124, 0x4228, 0x4A49, 0x5289, 0x5ACA, 0x62EB, 0x5ACA, 0x630B, 0x6B0B,
  0x4A48, 0x2945, 0x2985, 0x2144, 0x0841, 0x0020, 0x0021, 0x0020, 0x0020, 0x0021, 0x0020, 0x0021,
  0x0021, 0x0021, 0x0021, 0x0021, 0x0021, 0x0021, 0x0021, 0x0021, 0x0021, 0x0020, 0x0021, 0x0021,
  0x0021, 0x0021, 0x0021, 0x0021, 0x0021, 0x0021, 0x0020, 0x0020, 0x0020, 0x0020, 0x0021, 0x0021,
  0x0021, 0x0021, 0x0021, 0x0020, 0x0020, 0x0020, 0x0021, 0x0021, 0x0021, 0x0021, 0x0021, 0x0021,
  0x0021, 0x0021, 0x0020, 0x0021, 0x0020, 0x0021, 0x0020, 0x0021, 0x0021, 0x0041, 0x0000, 0x18E3,
  0x5C2A, 0x5389, 0x4208, 0x39C7, 0x31A6, 0x3186, 0x2945, 0x2104, 0x2104, 0x3165, 0x41E7, 0x5AA9,
  0x2945, 0x5269, 0x528A, 0x5289, 0x528A, 0x528A, 0x52AA, 0x5ACA, 0x4A49, 0x2966, 0x2125, 0x2125,
  0x1904, 0x18C3, 0x18C3, 0x2104, 0x2125, 0x2104, 0x18E4, 0x18C3, 0x18E3, 0x31A6, 0x3186, 0x2124,
  0x2944, 0x4A27, 0x41C6, 0x8BEE, 0xACD1, 0x52A9, 0x6B4B, 0x8BAE, 0x62EA, 0x6D2B, 0x6D4B, 0x4BA8,
  0x3205, 0x64EB, 0x5CAA, 0x4BE8, 0x29A4, 0x5C2A, 0x6D4B, 0x5CAA, 0x4A48, 0x7B8C, 0x5B09, 0x52E8,
  0x5288, 0xACF2, 0xB533, 0xAD12, 0x62CA, 0x6AEA, 0x4A07, 0x2945, 0x4228, 0x39E7, 0x18E3, 0x2104,
  0x2945, 0x2945, 0x2125, 0x2104, 0x18E3, 0x18E4, 0x2965, 0x3186, 0x31A7, 0x39E8, 0x4A69, 0x4A49,
  0x39E7, 0x39E8, 0x39E8, 0x39E8, 0x39E8, 0x4208, 0x2965, 0x4A48, 0x62EB, 0x4207, 0x39C6, 0x39C7,
  0x39C7, 0x4208, 0x4A49, 0x4A28, 0x2125, 0x2965, 0x2A45, 0x2184, 0x0821, 0x0020, 0x0021, 0x0020,
  0x0021, 0x0021, 0x0021, 0x0021, 0x0021, 0x0021, 0x0021, 0x0020, 0x0020, 0x0021, 0x0021, 0x0021,
  0x0021, 0x0020, 0x0020, 0x0021, 0x0021, 0x0021, 0x0021, 0x0021, 0x0021, 0x0021, 0x0021, 0x0021,
  0x0020, 0x0021, 0x0021, 0x0021, 0x0021, 0x0021, 0x0021, 0x0021, 0x0020, 0x0020, 0x0021, 0x0021,
  0x0021, 0x0021, 0x0021, 0x0020, 0x0020, 0x0021, 0x0021, 0x0021, 0x0021, 0x0021, 0x0021, 0x0021,
  0x0021, 0x0021, 0x0000, 0x20E3, 0x4BA9, 0x5C8A, 0x4247, 0x41E7, 0x2965, 0x39C6, 0x62EB, 0x83CE,
  0xA4D2, 0xC5B4, 0xD616, 0xE6B8, 0xAD12, 0x4228, 0x528A, 0x528A, 0x528A, 0x5AAA, 0x5AAA, 0x39C7,
  0x2145, 0x2125, 0x2104, 0x18C3, 0x18E3, 0x2124, 0x2124, 0x18C3, 0x18E3, 0x2944, 0x39C6, 0x5248,
  0x41E7, 0x2944, 0x39C6, 0x5AA9, 0x7B8C, 0x9C4F, 0xBD53, 0xC5B4, 0xB513, 0x4B07, 0x5CA9, 0x5409,
  0x3265, 0x53E9, 0x756C, 0x6D4B, 0x4BC8, 0x3286, 0x5429, 0x2A85, 0x64CA, 0x7DAC, 0x758C, 0x3286,
  0x2A24, 0x5469, 0x5C8A, 0x43C7, 0x52A8, 0xBD53, 0xACF2, 0xB532, 0xB532, 0xA4B1, 0x8C0F, 0x6B0B,
  0x4A28, 0x3165, 0x3985, 0x41E7, 0x3185, 0x2944, 0x2104, 0x2124, 0x2945, 0x2945, 0x18E3, 0x18E3,
  0x2945, 0x31A7, 0x31A7, 0x4228, 0x4A69, 0x4208, 0x39E8, 0x39E8, 0x4208, 0x2986, 0x62EB, 0xDE57,
  0xDE77, 0xCDF5, 0xBD74, 0x9470, 0x734C, 0x5289, 0x41E7, 0x4A28, 0x2125, 0x21E4, 0x2265, 0x2164,
  0x0821, 0x0020, 0x0021, 0x0020, 0x0021, 0x0021, 0x0021, 0x0021, 0x0020, 0x0021, 0x0021, 0x0021,
  0x0021, 0x0020, 0x0021, 0x0021, 0x0020, 0x0021, 0x0021, 0x0021, 0x0021, 0x0021, 0x0021, 0x0021,
  0x0021, 0x0021, 0x0020, 0x0021, 0x0021, 0x0021, 0x0021, 0x0021, 0x0021, 0x0021, 0x0020, 0x0020,
  0x0021, 0x0021, 0x0021, 0x0020, 0x0021, 0x0021, 0x0021, 0x0020, 0x0020, 0x0021, 0x0021, 0x0021,
  0x0020, 0x0021, 0x0021, 0x0020, 0x0021, 0x0021, 0x0000, 0x20E3, 0x4BA9, 0x546A, 0x4268, 0x41E8,
  0x1904, 0x9450, 0xF73A, 0xE6B8, 0xDE98, 0xCE16, 0xC5B5, 0xB553, 0xB574, 0x5289, 0x4A48, 0x528A,
  0x5AAA, 0x5289, 0x2966, 0x2945, 0x2124, 0x18C3, 0x2104, 0x2125, 0x18E4, 0x18C3, 0x2944, 0x4207,
  0x62A9, 0x6B2B, 0x734C, 0x7B8D, 0x8BEE, 0x9C70, 0xA490, 0xB512, 0xC5B4, 0xB4F2, 0x8BCE, 0x7B8C,
  0x8BCE, 0x4A68, 0x6D0B, 0x756C, 0x6D2B, 0x3AC6, 0x6D0B, 0x64AA, 0x64EA, 0x3B27, 0x2224, 0x5409,
  0x6D4B, 0x6D2B, 0x64AA, 0x19E4, 0x4C09, 0x5C8A, 0x64EB, 0x3AC6, 0x9C30, 0xC594, 0xB533, 0xAD12,
  0xAD12, 0xB533, 0xB533, 0xA4B1, 0xA4D1, 0xACD1, 0x9C90, 0x8C0F, 0x7BAD, 0x6B0B, 0x5A89, 0x41E7,
  0x2944, 0x2104, 0x1904, 0x2945, 0x1904, 0x18E3, 0x2966, 0x31A7, 0x39E7, 0x5269, 0x4208, 0x39E7,
  0x4208, 0x3186, 0xBD94, 0xD616, 0xCDF6, 0xD616, 0xDE98, 0xE698, 0xEED9, 0xACF2, 0x3185, 0x4228,
  0x2124, 0x21E5, 0x2265, 0x2164, 0x0821, 0x0020, 0x0021, 0x0021, 0x0021, 0x0020, 0x0021, 0x0020,
  0x0021, 0x0021, 0x0021, 0x0021, 0x0021, 0x0021, 0x0021, 0x0020, 0x0020, 0x0021, 0x0021, 0x0021,
  0x0020, 0x0021, 0x0021, 0x0021, 0x0021, 0x0021, 0x0021, 0x0020, 0x0020, 0x0021, 0x0020, 0x0020,
  0x0021, 0x0020, 0x0020, 0x0021, 0x0021, 0x0020, 0x0020, 0x0021, 0x0021, 0x0021, 0x0021, 0x0021,
  0x0021, 0x0021, 0x0021, 0x0021, 0x0021, 0x0021, 0x0021, 0x0021, 0x0021, 0x0021, 0x0000, 0x20E3,
  0x4BC9, 0x546A, 0x4268, 0x39C7, 0x1904, 0xA4B1, 0xDE77, 0xACF2, 0xA4D2, 0xA4B1, 0xA4B1, 0x9C70,
  0x9C90, 0x4A28, 0x4A48, 0x5ACB, 0x5289, 0x2945, 0x2125, 0x18E3, 0x18E3, 0x2124, 0x18E4, 0x18E3,
  0x39C6, 0x5AA9, 0x734B, 0x734C, 0x734C, 0x83CD, 0x9C70, 0xB512, 0xB532, 0xBD33, 0xB532, 0xACD1,
  0x942F, 0x3A46, 0x5C49, 0x5429, 0x5C49, 0x3AA6, 0x53C9, 0x754C, 0x6CEB, 0x4BA8, 0x3B07, 0x64EB,
  0x64EA, 0x4BC8, 0x21E4, 0x64EB, 0x6D2B, 0x6D2B, 0x19A3, 0x2A45, 0x32C6, 0x4347, 0x3B27, 0x1963,
  0x4A88, 0x5AC9, 0x7B8C, 0xB533, 0xB533, 0xA4B1, 0x9C90, 0xACD2, 0xAD12, 0xAD12, 0xB533, 0xB533,
  0xACF2, 0x9C90, 0x8BEE, 0x7B6C, 0x6B2B, 0x5A89, 0x3185, 0x1904, 0x2104, 0x2945, 0x18E3, 0x2124,
  0x3186, 0x39C7, 0x4A69, 0x4228, 0x3A08, 0x2125, 0xBD53, 0xDE57, 0xDE57, 0xD657, 0xCE16, 0xCE16,
  0xA4B1, 0x732B, 0x3186, 0x4208, 0x2125, 0x2205, 0x2A65, 0x2164, 0x0821, 0x0020, 0x0021, 0x0020,
  0x0021, 0x0020, 0x0021, 0x0020, 0x0021, 0x0021, 0x0021, 0x0021, 0x0021, 0x0021, 0x0020, 0x0021,
  0x0021, 0x0020, 0x0020, 0x0021, 0x0021, 0x0021, 0x0020, 0x0021, 0x0021, 0x0021, 0x0020, 0x0020,
  0x0020, 0x0020, 0x0021, 0x0020, 0x0021, 0x0020, 0x0021, 0x0021, 0x0020, 0x0021, 0x0020, 0x0021,
  0x0021, 0x0021, 0x0021, 0x0020, 0x0021, 0x0020, 0x0021, 0x0020, 0x0021, 0x0021, 0x0021, 0x0021,
  0x0020, 0x0021, 0x0000, 0x20E4, 0x53C9, 0x546A, 0x4268, 0x39A7, 0x2124, 0x5AAA, 0xC5D5, 0x9C70,
  0x9C4F, 0x8C0E, 0x7BAD, 0x6B0B, 0x4A27, 0x39C6, 0x5249, 0x4A48, 0x3186, 0x2125, 0x18C3, 0x2104,
  0x18E4, 0x18C3, 0x41C6, 0x6AEA, 0x7B6C, 0x734C, 0x736C, 0x942F, 0xACD1, 0xB532, 0xBD53, 0xB532,
  0xB532, 0xB532, 0xB512, 0xBD53, 0xC573, 0x5A89, 0x4367, 0x7DAD, 0x754C, 0x64EB, 0x32A6, 0x64AA,
  0x64EB, 0x5429, 0x2204, 0x3B06, 0x4387, 0x3B27, 0x32C6, 0x5CAA, 0x5C8A, 0x3285, 0x4B88, 0x752B,
  0x756C, 0x64CA, 0x21E4, 0x2204, 0x3B67, 0x3306, 0x1102, 0x734C, 0xA490, 0xACF2, 0xAD12, 0xAD12,
  0xAD12, 0xAD12, 0xAD12, 0xAD12, 0xAD12, 0xB513, 0xAD12, 0xA4D1, 0x942F, 0x7B8C, 0x734C, 0x62CA,
  0x39A6, 0x18E3, 0x2104, 0x2124, 0x18E4, 0x3186, 0x3A08, 0x39C7, 0x4208, 0x734C, 0x4A27, 0x736C,
  0x944F, 0xB533, 0xCDD5, 0xDE77, 0x9450, 0x4A28, 0x2965, 0x4208, 0x2124, 0x2205, 0x2A65, 0x2184,
  0x0821, 0x0020, 0x0021, 0x0021, 0x0020, 0x0020, 0x0020, 0x0021, 0x0021, 0x0021, 0x0021, 0x0021,
  0x0021, 0x0021, 0x0021, 0x0020, 0x0021, 0x0021, 0x0021, 0x0020, 0x0021, 0x0021, 0x0021, 0x0021,
  0x0021, 0x0021, 0x0020, 0x0020, 0x0020, 0x0021, 0x0021, 0x0021, 0x0021, 0x0021, 0x0021, 0x0021,
  0x0020, 0x0021, 0x0020, 0x0021, 0x0021, 0x0021, 0x0020, 0x0021, 0x0021, 0x0020, 0x0021, 0x0021,
  0x0021, 0x0020, 0x0021, 0x0020, 0x0021, 0x0021, 0x0000, 0x20E4, 0x53C9, 0x546A, 0x4268, 0x39A6,
  0x2945, 0x31A6, 0x5ACA, 0x5269, 0x39C6, 0x3186, 0x3185, 0x39C7, 0x2965, 0x5289, 0xA491, 0x5AAA,
  0x2104, 0x18C3, 0x18E3, 0x18E3, 0x39A6, 0x6AEA, 0x7B8C, 0x732B, 0x734B, 0x944F, 0xB512, 0xBD53,
  0xBD33, 0xB532, 0xB532, 0xB532, 0xB532, 0xB532, 0xBD73, 0xACD1, 0x62EA, 0x8BEE, 0x7B8D, 0x4368,
  0x756C, 0x5C8A, 0x3B67, 0x2204, 0x5409, 0x5429, 0x32E6, 0x4327, 0x5C8A, 0x2A45, 0x2A45, 0x5469,
  0x3285, 0x648A, 0x7DCD, 0x7DAC, 0x5C4A, 0x21E4, 0x2224, 0x3B27, 0x4BE8, 0x2A45, 0x734C, 0x8C0F,
  0x5ACA, 0x8BEE, 0xB553, 0xACF2, 0xAD12, 0xAD12, 0xAD12, 0xAD12, 0xAD12, 0xACF2, 0xACF2, 0xAD13,
  0xB513, 0xACF2, 0x8C2F, 0x734C, 0x734C, 0x62EA, 0x3165, 0x2104, 0x18E4, 0x18E3, 0x2145, 0x528A,
  0xD616, 0xBD94, 0x4208, 0x52AA, 0x4228, 0x4208, 0x4A48, 0x6B2B, 0x4A28, 0x18C3, 0x3186, 0x39E7,
  0x2124, 0x21E5, 0x2A65, 0x2164, 0x0841, 0x0020, 0x0021, 0x0020, 0x0020, 0x0020, 0x0021, 0x0021,
  0x0021, 0x0021, 0x0021, 0x0021, 0x0021, 0x0020, 0x0021, 0x0021, 0x0020, 0x0020, 0x0021, 0x0021,
  0x0021, 0x0021, 0x0021, 0x0021, 0x0021, 0x0021, 0x0021, 0x0021, 0x0021, 0x0020, 0x0021, 0x0021,
  0x0020, 0x0021, 0x0021, 0x0021, 0x0021, 0x0021, 0x0021, 0x0021, 0x0021, 0x0021, 0x0021, 0x0021,
  0x0021, 0x0021, 0x0021, 0x0021, 0x0021, 0x0020, 0x0021, 0x0020, 0x0020, 0x0021, 0x0000, 0x20E3,
  0x53C9, 0x5C6A, 0x4267, 0x39A7, 0x2124, 0x5269, 0x7BAD, 0x31A6, 0x39E7, 0x4228, 0x4A49, 0x4A69,
  0x39C7, 0x5ACA, 0xBD74, 0x83CE, 0x18E3, 0x1904, 0x18C3, 0x4207, 0x734B, 0x732B, 0x6B2B, 0x942F,
  0xB512, 0xBD73, 0xBD53, 0xB532, 0xB532, 0xB532, 0xBD32, 0xB532, 0xB532, 0xBD73, 0x9C4F, 0x6B2B,
  0xC5B5, 0xEEF9, 0x83AE, 0x18C3, 0x3285, 0x5449, 0x4C29, 0x21E4, 0x1983, 0x32E6, 0x3306, 0x2A45,
  0x64CA, 0x64CA, 0x3285, 0x2244, 0x4BE8, 0x7DCC, 0x64CB, 0x2A45, 0x0902, 0x2244, 0x32C6, 0x3B47,
  0x2A65, 0x10C2, 0x4A08, 0xD617, 0xE698, 0x736D, 0x736C, 0xBD53, 0xAD12, 0xAD12, 0xAD12, 0xAD12,
  0xAD12, 0xAD12, 0xAD12, 0xAD12, 0xAD12, 0xB533, 0xB533, 0xA4D1, 0x83CE, 0x6B0B, 0x6B0B, 0x4207,
  0x18C3, 0x2145, 0x1082, 0x8C0F, 0xE698, 0x9CB1, 0x4228, 0x736D, 0x6B4C, 0x6B4C, 0x62EB, 0x528A,
  0x3186, 0x2965, 0x3186, 0x39E7, 0x2124, 0x21E5, 0x2A65, 0x2164, 0x0841, 0x0020, 0x0021, 0x0020,
  0x0021, 0x0021, 0x0020, 0x0021, 0x0021, 0x0021, 0x0021, 0x0021, 0x0021, 0x0021, 0x0021, 0x0021,
  0x0021, 0x0020, 0x0021, 0x0021, 0x0021, 0x0021, 0x0020, 0x0021, 0x0021, 0x0021, 0x0020, 0x0021,
  0x0020, 0x0020, 0x0021, 0x0021, 0x0021, 0x0021, 0x0021, 0x0020, 0x0021, 0x0021, 0x0020, 0x0021,
  0x0021, 0x0021, 0x0021, 0x0021, 0x0020, 0x0021, 0x0020, 0x0021, 0x0021, 0x0021, 0x0021, 0x0021,
  0x0021, 0x0041, 0x0000, 0x2104, 0x53C9, 0x546A, 0x3A67, 0x39A6, 0x2145, 0x4A48, 0x7BAE, 0x4228,
  0x4A49, 0x4A28, 0x4228, 0x4A49, 0x39C7, 0x5269, 0x9C70, 0x734C, 0x10A3, 0x2104, 0x6B0B, 0x736C,
  0x6B0B, 0x734B, 0x8C0E, 0xA4D1, 0xACD1, 0xACD1, 0xB512, 0xBD33, 0xBD53, 0xBD53, 0xBD53, 0xB532,
  0xBD73, 0xA4B1, 0x6B2B, 0xE6D9, 0xEED9, 0x5A8A, 0x29A4, 0x3AC6, 0x2A65, 0x19C3, 0x3AE6, 0x5C6A,
  0x64EB, 0x4C08, 0x32A5, 0x1122, 0x4367, 0x652B, 0x4BA8, 0x21C4, 0x6D4B, 0x4367, 0x1142, 0x2A45,
  0x32C6, 0x2204, 0x2A45, 0x21E4, 0x2A85, 0x3B26, 0x2A45, 0x3A26, 0xBD94, 0xF75B, 0x840F, 0x83AD,
  0xBD53, 0xAD12, 0xB513, 0xB533, 0xB533, 0xB533, 0xAD12, 0xACF2, 0xA4D2, 0x9C91, 0x9450, 0x9C91,
  0x9CB1, 0x83EE, 0x6B0B, 0x734C, 0x62EA, 0x2965, 0x0862, 0x7BAD, 0xD636, 0x942F, 0x41E7, 0x6B4C,
  0x630C, 0x630C, 0x6B2C, 0x6B2C, 0x39E7, 0x2965, 0x3186, 0x39E7, 0x2124, 0x21E4, 0x2A65, 0x2164,
  0x0821, 0x0020, 0x0021, 0x0020, 0x0020, 0x0021, 0x0020, 0x0021, 0x0021, 0x0021, 0x0021, 0x0021,
  0x0021, 0x0021, 0x0021, 0x0020, 0x0020, 0x0021, 0x0021, 0x0021, 0x0021, 0x0020, 0x0021, 0x0021,
  0x0021, 0x0021, 0x0021, 0x0021, 0x0020, 0x0021, 0x0021, 0x0020, 0x0021, 0x0021, 0x0021, 0x0021,
  0x0021, 0x0021, 0x0021, 0x0021, 0x0021, 0x0021, 0x0021, 0x0021, 0x0020, 0x0020, 0x0020, 0x0020,
  0x0021, 0x0021, 0x0020, 0x0020, 0x0021, 0x0000, 0x1082, 0x2965, 0x4BA9, 0x546A, 0x4268, 0x39A7,
  0x2945, 0x4A49, 0x7BAD, 0x4228, 0x4A28, 0x4A28, 0x4228, 0x4A49, 0x39E7, 0x5269, 0x9C91, 0x734C,
  0x2103, 0x6B0A, 0x7B6C, 0x6B2B, 0x8C0E, 0xB532, 0xBD53, 0xB512, 0xAD12, 0xACD1, 0xA4B1, 0xA4B1,
  0xA4D1, 0xACF1, 0xB512, 0xB532, 0xC573, 0x6B0B, 0xC5D6, 0xFF5B, 0x7BAD, 0x32A5, 0x6D4C, 0x5CAA,
  0x5469, 0x2A45, 0x6D0B, 0x75AC, 0x7DAD, 0x7DAC, 0x650B, 0x32E6, 0x2204, 0x5469, 0x4387, 0x2A65,
  0x32A5, 0x2A65, 0x5C49, 0x6D2B, 0x756C, 0x64AB, 0x1983, 0x2AA5, 0x4BE8, 0x4C29, 0x5CAA, 0x32E5,
  0x4207, 0xE698, 0xE6D9, 0x6B0B, 0xACF2, 0xB513, 0xACF2, 0xA4D1, 0xA4B1, 0x9C90, 0x9C90, 0x9C90,
  0xA4B1, 0xA4B1, 0xA4D2, 0xACF2, 0xACF2, 0xAD12, 0xA4F2, 0x7B8D, 0x734C, 0x732B, 0x10A2, 0x83CE,
  0xDE57, 0x942F, 0x4208, 0x6B4D, 0x630C, 0x632C, 0x632C, 0x630C, 0x39C7, 0x2965, 0x3186, 0x4208,
  0x2125, 0x21E5, 0x2A65, 0x1964, 0x18E3, 0x0841, 0x0020, 0x0021, 0x0020, 0x0021, 0x0021, 0x0021,
  0x0021, 0x0021, 0x0020, 0x0021, 0x0021, 0x0020, 0x0021, 0x0021, 0x0020, 0x0021, 0x0021, 0x0021,
  0x0021, 0x0021, 0x0021, 0x0021, 0x0021, 0x0021, 0x0021, 0x0021, 0x0020, 0x0021, 0x0021, 0x0021,
  0x0021, 0x0021, 0x0021, 0x0020, 0x0021, 0x0021, 0x0021, 0x0021, 0x0021, 0x0021, 0x0021, 0x0021,
  0x0021, 0x0020, 0x0021, 0x0021, 0x0021, 0x0021, 0x0021, 0x0021, 0x0020, 0x0841, 0x630B, 0x3186,
  0x3A87, 0x5C8A, 0x4288, 0x39A7, 0x2945, 0x4A49, 0x7BAE, 0x4208, 0x4228, 0x4228, 0x4228, 0x4A49,
  0x39E7, 0x5269, 0x9C91, 0x6B0B, 0x5268, 0x7B8C, 0x732B, 0x9C4F, 0xBD53, 0xB532, 0xB532, 0xB533,
  0xBD53, 0xBD53, 0xBD53, 0xB533, 0xB532, 0xAD12, 0xACF1, 0xACD1, 0x9C4F, 0x736C, 0xEED9, 0xE698,
  0x4227, 0x3AC6, 0x5429, 0x64EB, 0x4C09, 0x4BC8, 0x6D2B, 0x5409, 0x4347, 0x3AE6, 0x2A45, 0x3AE6,
  0x2A44, 0x2A85, 0x3B67, 0x19E4, 0x2224, 0x64AA, 0x6D0B, 0x6CEB, 0x752C, 0x758C, 0x4BA8, 0x2224,
  0x4BC8, 0x4C09, 0x2A65, 0x10C3, 0x39A6, 0xD636, 0xEEF9, 0x8C0E, 0x7B6C, 0xA4D1, 0x9C91, 0xA4B1,
  0xA4D1, 0xACF2, 0xAD12, 0xB513, 0xAD12, 0xAD13, 0xAD13, 0xACF2, 0xACF2, 0xACF2, 0xAD12, 0xACF2,
  0x7BAD, 0x7B6C, 0x5A89, 0x7B8D, 0xD636, 0x942F, 0x4207, 0x6B4D, 0x630C, 0x632C, 0x6B2C, 0x632C,
  0x39E7, 0x2965, 0x3186, 0x4208, 0x2125, 0x2225, 0x2225, 0x10E3, 0x3186, 0x39C7, 0x0000, 0x0021,
  0x0021, 0x0021, 0x0021, 0x0021, 0x0021, 0x0021, 0x0021, 0x0021, 0x0020, 0x0020, 0x0021, 0x0021,
  0x0021, 0x0020, 0x0021, 0x0021, 0x0021, 0x0021, 0x0021, 0x0021, 0x0021, 0x0021, 0x0021, 0x0021,
  0x0020, 0x0020, 0x0021, 0x0021, 0x0021, 0x0021, 0x0021, 0x0021, 0x0021, 0x0021, 0x0021, 0x0021,
  0x0021, 0x0021, 0x0021, 0x0021, 0x0021, 0x0021, 0x0020, 0x0020, 0x0021, 0x0021, 0x0020, 0x0041,
  0x0000, 0x4A28, 0x7BAE, 0x3185, 0x4A49, 0x4308, 0x4288, 0x39A6, 0x2945, 0x4A69, 0x7BAE, 0x4208,
  0x4228, 0x4228, 0x4228, 0x4A49, 0x39C7, 0x5248, 0xA4B1, 0x6B0B, 0x5248, 0x736C, 0x9C70, 0xBD73,
  0xB532, 0xB533, 0xBD53, 0xBD53, 0xBD53, 0xB533, 0xB533, 0xB533, 0xBD53, 0xBD53, 0xBD53, 0xBD73,
  0xACD1, 0x630B, 0xE6B9, 0xEF1A, 0x736D, 0x0841, 0x2104, 0x21C4, 0x21E4, 0x2A25, 0x2A85, 0x1983,
  0x1983, 0x0902, 0x19A3, 0x19C3, 0x1142, 0x19A3, 0x2AC5, 0x1122, 0x19A3, 0x1143, 0x1142, 0x21E4,
  0x21E4, 0x3AE6, 0x4367, 0x2204, 0x32C6, 0x1102, 0x20E4, 0x18C3, 0x4207, 0xE698, 0xEEF9, 0x7BCE,
  0x83AD, 0xB553, 0xAD13, 0xAD12, 0xAD13, 0xAD13, 0xAD12, 0xAD12, 0xAD12, 0xAD12, 0xAD12, 0xAD12,
  0xACF2, 0xACF2, 0xACF2, 0xAD12, 0xAD12, 0x83CE, 0x5269, 0x7B8D, 0xD636, 0x942F, 0x39E7, 0x6B4C,
  0x630C, 0x632C, 0x6B2C, 0x630C, 0x39E7, 0x2965, 0x3186, 0x4208, 0x2125, 0x21E4, 0x2185, 0x2125,
  0x2124, 0x5ACB, 0x18C3, 0x0000, 0x0021, 0x0021, 0x0021, 0x0020, 0x0020, 0x0020, 0x0020, 0x0020,
  0x0021, 0x0021, 0x0021, 0x0021, 0x0020, 0x0021, 0x0021, 0x0021, 0x0021, 0x0021, 0x0021, 0x0021,
  0x0021, 0x0021, 0x0021, 0x0021, 0x0020, 0x0020, 0x0021, 0x0021, 0x0021, 0x0021, 0x0021, 0x0021,
  0x0021, 0x0021, 0x0021, 0x0021, 0x0021, 0x0021, 0x0021, 0x0021, 0x0020, 0x0021, 0x0020, 0x0021,
  0x0021, 0x0021, 0x0021, 0x0000, 0x1082, 0x7BCE, 0x736D, 0x3186, 0x5AAA, 0x4228, 0x3A07, 0x39C7,
  0x2945, 0x4A49, 0x7BAE, 0x4228, 0x4228, 0x4228, 0x4228, 0x4A49, 0x39C7, 0x5248, 0xA4B1, 0x6B2C,
  0x4A27, 0xA490, 0xBD73, 0xBD33, 0xBD53, 0xBD53, 0xBD53, 0xBD53, 0xBD53, 0xBD53, 0xBD53, 0xBD53,
  0xBD53, 0xBD53, 0xBD53, 0xBD53, 0xB533, 0x5268, 0xCDF6, 0xEF1A, 0xD637, 0x39A6, 0x1102, 0x3B06,
  0x2204, 0x32A5, 0x5449, 0x5429, 0x3B06, 0x3AC6, 0x6D4B, 0x5CAA, 0x4BC8, 0x2204, 0x1983, 0x32C5,
  0x3B46, 0x4BE8, 0x3285, 0x19A3, 0x2244, 0x2204, 0x1963, 0x3306, 0x43A8, 0x3286, 0x18E3, 0x18E3,
  0xAD33, 0xEED9, 0xDE98, 0x4A48, 0x8C0F, 0xB533, 0xACF2, 0xAD12, 0xAD13, 0xAD13, 0xAD13, 0xB513,
  0xB513, 0xAD13, 0xAD12, 0xAD12, 0xAD12, 0xAD12, 0xAD12, 0xACF2, 0xAD12, 0xB513, 0x5A89, 0x83CE,
  0xDE57, 0x8C0F, 0x41E7, 0x6B4C, 0x630C, 0x632C, 0x6B2C, 0x632C, 0x39C7, 0x2965, 0x3186, 0x4208,
  0x2145, 0x1904, 0x2966, 0x2945, 0x2945, 0x62EB, 0x4A49, 0x0000, 0x0021, 0x0021, 0x0021, 0x0021,
  0x0021, 0x0021, 0x0021, 0x0021, 0x0021, 0x0021, 0x0020, 0x0021, 0x0020, 0x0021, 0x0021, 0x0021,
  0x0021, 0x0021, 0x0021, 0x0021, 0x0021, 0x0021, 0x0021, 0x0021, 0x0020, 0x0020, 0x0021, 0x0021,
  0x0021, 0x0021, 0x0021, 0x0020, 0x0021, 0x0020, 0x0020, 0x0021, 0x0021, 0x0021, 0x0020, 0x0021,
  0x0021, 0x0021, 0x0020, 0x0021, 0x0021, 0x0021, 0x0021, 0x0000, 0x39A6, 0x840F, 0x83CE, 0x4207,
  0x4208, 0x528A, 0x528A, 0x39C7, 0x2945, 0x5289, 0x7BAE, 0x4208, 0x4A49, 0x4A49, 0x4A28, 0x4229,
  0x31A6, 0x5269, 0x9450, 0x5269, 0x732B, 0xC594, 0xB532, 0xBD53, 0xBD53, 0xBD53, 0xBD53, 0xBD53,
  0xBD53, 0xBD53, 0xBD53, 0xBD53, 0xBD53, 0xBD53, 0xBD53, 0xBD53, 0xB532, 0x62CA, 0xA4D2, 0xCE16,
  0xF73A, 0xD657, 0x4AA8, 0x2224, 0x2A64, 0x64EA, 0x650B, 0x64CA, 0x3AE6, 0x64AA, 0x6D2B, 0x758C,
  0x5C69, 0x1983, 0x0902, 0x4367, 0x7DAC, 0x64EA, 0x5C8A, 0x2A45, 0x4C08, 0x5429, 0x3B27, 0x32C6,
  0x3B67, 0x2AC5, 0x2984, 0xACF2, 0xEEFA, 0xDE78, 0x9470, 0x4A08, 0x942F, 0xB553, 0xACF2, 0xAD13,
  0xAD12, 0xAD12, 0xAD13, 0xAD13, 0xAD13, 0xAD13, 0xAD13, 0xAD13, 0xAD12, 0xAD12, 0xAD12, 0xAD12,
  0xACF2, 0xB553, 0x8BEE, 0x630B, 0xC5B5, 0x942F, 0x31A6, 0x632C, 0x6B2C, 0x6B4C, 0x6B4C, 0x632C,
  0x39E7, 0x3186, 0x3186, 0x4208, 0x2945, 0x2965, 0x2986, 0x1904, 0x39E7, 0x6B4C, 0x736D, 0x1082,
  0x0000, 0x0021, 0x0021, 0x0021, 0x0021, 0x0021, 0x0021, 0x0021, 0x0021, 0x0021, 0x0020, 0x0021,
  0x0020, 0x0021, 0x0021, 0x0021, 0x0020, 0x0021, 0x0021, 0x0020, 0x0021, 0x0021, 0x0021, 0x0021,
  0x0020, 0x0020, 0x0020, 0x0021, 0x0021, 0x0021, 0x0021, 0x0021, 0x0021, 0x0021, 0x0021, 0x0021,
  0x0020, 0x0021, 0x0021, 0x0021, 0x0021, 0x0021, 0x0020, 0x0021, 0x0021, 0x0021, 0x0021, 0x0000,
  0x528A, 0x83EF, 0x840F, 0x5ACA, 0x2944, 0x52AA, 0x5289, 0x31A6, 0x2945, 0x39C7, 0x736D, 0x39E7,
  0x31A7, 0x3186, 0x3186, 0x4207, 0x5268, 0x3985, 0x62AA, 0x732B, 0xB533, 0xBD53, 0xBD53, 0xBD53,
  0xBD53, 0xBD53, 0xBD53, 0xBD53, 0xBD53, 0xBD53, 0xBD53, 0xBD53, 0xBD53, 0xBD53, 0xBD73, 0xBD53,
  0xC5B4, 0x732B, 0x83AD, 0xACF2, 0xBD95, 0xEEFA, 0xF71A, 0xA4B1, 0x3A26, 0x32A5, 0x19C3, 0x10E2,
  0x21A4, 0x75AC, 0x650B, 0x4307, 0x19A3, 0x32E6, 0x3B47, 0x2204, 0x42E7, 0x6D2B, 0x6D6C, 0x2A04,
  0x21E4, 0x3B46, 0x32E5, 0x00A1, 0x2964, 0x7BAD, 0xDE78, 0xEF1A, 0xC5B5, 0x83EE, 0x6B4C, 0x39C6,
  0x7B6C, 0x9C70, 0xB533, 0xB513, 0xB513, 0xB513, 0xB513, 0xAD12, 0xAD12, 0xAD12, 0xAD13, 0xAD12,
  0xAD12, 0xAD13, 0xAD13, 0xAD13, 0xAD12, 0xAD12, 0xB533, 0x7B8D, 0x6B0B, 0x5268, 0x41E7, 0x5ACA,
  0x4A48, 0x4A28, 0x5289, 0x5AEB, 0x39E7, 0x2124, 0x3186, 0x41E8, 0x2125, 0x2986, 0x2965, 0x18A2,
  0x5ACB, 0x738E, 0x7BCE, 0x2944, 0x0000, 0x0021, 0x0021, 0x0020, 0x0021, 0x0021, 0x0020, 0x0021,
  0x0021, 0x0020, 0x0021, 0x0020, 0x0021, 0x0021, 0x0020, 0x0021, 0x0021, 0x0021, 0x0021, 0x0020,
  0x0021, 0x0021, 0x0021, 0x0021, 0x0020, 0x0021, 0x0020, 0x0020, 0x0020, 0x0021, 0x0021, 0x0021,
  0x0021, 0x0021, 0x0021, 0x0021, 0x0021, 0x0021, 0x0021, 0x0020, 0x0021, 0x0021, 0x0021, 0x0021,
  0x0020, 0x0021, 0x0021, 0x0000, 0x630B, 0x840F, 0x83EF, 0x62EB, 0x4A07, 0x31A6, 0x5AAA, 0x31A6,
  0x3186, 0x4A28, 0x4A48, 0x5269, 0x62EA, 0x83CD, 0xA4D1, 0xBD73, 0xCDD5, 0x9C4F, 0x9C6F, 0xCDB4,
  0xBD53, 0xBD53, 0xBD53, 0xBD53, 0xBD53, 0xBD53, 0xBD53, 0xBD53, 0xBD53, 0xBD73, 0xBD73, 0xBD53,
  0xBD53, 0xB512, 0xACF1, 0xACD1, 0xB553, 0x734C, 0x2924, 0x9C70, 0xACF2, 0xA4D2, 0xCDF6, 0xF73B,
  0xE6B9, 0xBD54, 0x7B6D, 0x4A48, 0x29C5, 0x3265, 0x10E2, 0x0040, 0x0901, 0x3305, 0x3326, 0x19E3,
  0x0020, 0x1942, 0x32E5, 0x1122, 0x18E3, 0x3185, 0x632B, 0xA4F2, 0xDE78, 0xF71A, 0xD637, 0x9C91,
  0x738D, 0x7B8D, 0x3185, 0x2944, 0x736C, 0x734C, 0x942F, 0xA4B1, 0xA4D1, 0xACF2, 0xAD12, 0xB533,
  0xB533, 0xB533, 0xB533, 0xAD12, 0xAD12, 0xAD12, 0xAD13, 0xAD12, 0xAD12, 0xAD13, 0xACF2, 0xBD53,
  0xACF2, 0x83EE, 0xBD73, 0xBD74, 0xACD1, 0x8C0E, 0x734C, 0x630B, 0x39A6, 0x3165, 0x3186, 0x31A6,
  0x2965, 0x2966, 0x18E3, 0x2124, 0x6B4C, 0x7BAE, 0x83CF, 0x3165, 0x0000, 0x0041, 0x0021, 0x0020,
  0x0020, 0x0021, 0x0020, 0x0021, 0x0021, 0x0021, 0x0021, 0x0020, 0x0020, 0x0021, 0x0021, 0x0020,
  0x0021, 0x0021, 0x0021, 0x0021, 0x0021, 0x0021, 0x0020, 0x0021, 0x0020, 0x0021, 0x0021, 0x0021,
  0x0021, 0x0021, 0x0021, 0x0021, 0x0021, 0x0021, 0x0020, 0x0021, 0x0021, 0x0021, 0x0021, 0x0021,
  0x0021, 0x0021, 0x0021, 0x0021, 0x0020, 0x0021, 0x0041, 0x0000, 0x62EB, 0x840F, 0x83EF, 0x5ACA,
  0x62A9, 0x4A27, 0x2945, 0x4A28, 0x7BAD, 0x83CE, 0x6B4C, 0x8BEE, 0xD5F5, 0xCDF5, 0xC5B4, 0xC594,
  0xBD73, 0xC5B4, 0xA4D1, 0x9C70, 0xBD73, 0xBD53, 0xBD53, 0xBD53, 0xBD53, 0xBD73, 0xBD53, 0xBD53,
  0xB533, 0xB512, 0xACF1, 0xACD1, 0xACD1, 0xACD1, 0xACF2, 0xB512, 0xC594, 0x7B8D, 0x39E7, 0x39E7,
  0x7B8D, 0xACF2, 0xA4D1, 0xA4B1, 0xBD74, 0xDE77, 0xEF1A, 0xF73B, 0xD657, 0xBD54, 0xACF2, 0x9490,
  0x83EE, 0x73AD, 0x738C, 0x6B4C, 0x7BCE, 0x83EE, 0x8BEF, 0xAD12, 0xD677, 0xEED9, 0xEED9, 0xE698,
  0xBD95, 0x9450, 0x7B8D, 0x7BAE, 0x736D, 0x39A6, 0x2945, 0x39C6, 0x83AD, 0x7B8D, 0x7B8D, 0xA4D2,
  0xAD12, 0xA4D1, 0xA4B1, 0xA4B1, 0xA4B1, 0xA4D1, 0xACF2, 0xAD12, 0xB513, 0xB533, 0xB513, 0xAD13,
  0xAD12, 0xAD12, 0xB533, 0xA4B1, 0x8BEE, 0xBD53, 0xBD73, 0xBD53, 0xBD73, 0xC594, 0xCDF5, 0xAD12,
  0x6B0B, 0x6B4C, 0x6B2C, 0x5AAA, 0x2104, 0x18C3, 0x2124, 0x2945, 0x6B4D, 0x7BAE, 0x83CF, 0x2924,
  0x0000, 0x0021, 0x0020, 0x0020, 0x0021, 0x0021, 0x0020, 0x0021, 0x0020, 0x0021, 0x0021, 0x0021,
  0x0021, 0x0021, 0x0021, 0x0021, 0x0021, 0x0021, 0x0021, 0x0021, 0x0021, 0x0021, 0x0021, 0x0021,
  0x0020, 0x0020, 0x0020, 0x0021, 0x0021, 0x0021, 0x0020, 0x0021, 0x0021, 0x0021, 0x0021, 0x0021,
  0x0020, 0x0021, 0x0021, 0x0020, 0x0021, 0x0021, 0x0021, 0x0020, 0x0021, 0x0021, 0x0041, 0x0000,
  0x528A, 0x840F, 0x83EF, 0x6B2C, 0x5268, 0x734C, 0x4A27, 0x39E7, 0x62EB, 0x7BAD, 0x83CE, 0x630B,
  0x736D, 0xBD53, 0xC5B4, 0xBD73, 0xC594, 0xBD74, 0xC5B4, 0xB512, 0x9C4F, 0xB532, 0xC594, 0xBD53,
  0xB532, 0xACF2, 0xACD1, 0xACF1, 0xACF1, 0xACF2, 0xB512, 0xBD33, 0xBD53, 0xBD53, 0xBD73, 0xBD53,
  0xC594, 0x7B8C, 0x4A48, 0x630B, 0x39A6, 0x4A28, 0x8BEE, 0xACF2, 0xACF2, 0xA4B1, 0xA4D1, 0xACF2,
  0xBD74, 0xCE36, 0xDE57, 0xE698, 0xEEF9, 0xEEF9, 0xEED9, 0xEEF9, 0xE6B9, 0xE6B9, 0xDE98, 0xD616,
  0xBD74, 0xA4F2, 0x8C2F, 0x83CE, 0x83EE, 0x8C0F, 0x7B8D, 0x4A48, 0x2924, 0x31A6, 0x39C7, 0x39A6,
  0x7BAD, 0x7B8D, 0x7B8D, 0x9C91, 0xB533, 0xB533, 0xB533, 0xAD12, 0xACF2, 0xA4D1, 0xA4B1, 0xA4B1,
  0xA4B1, 0xA4D1, 0xACF2, 0xAD12, 0xB533, 0xB533, 0x9C91, 0x942F, 0xB532, 0xBD73, 0xBD53, 0xBD53,
  0xBD73, 0xC594, 0x9C70, 0x62CA, 0x734D, 0x7BCE, 0x5ACA, 0x39C6, 0x2103, 0x2945, 0x2945, 0x3186,
  0x7BAE, 0x7BAE, 0x7BAE, 0x18C3, 0x0000, 0x0021, 0x0020, 0x0020, 0x0020, 0x0021, 0x0021, 0x0021,
  0x0020, 0x0021, 0x0021, 0x0020, 0x0021, 0x0021, 0x0020, 0x0021, 0x0021, 0x0021, 0x0021, 0x0020,
  0x0021, 0x0021, 0x0020, 0x0021, 0x0020, 0x0021, 0x0021, 0x0021, 0x0021, 0x0021, 0x0021, 0x0021,
  0x0021, 0x0021, 0x0020, 0x0021, 0x0021, 0x0021, 0x0021, 0x0020, 0x0020, 0x0021, 0x0021, 0x0021,
  0x0021, 0x0021, 0x0041, 0x0000, 0x41E7, 0x8C0F, 0x83CF, 0x7BAE, 0x5269, 0x6B0B, 0x62A9, 0x5269,
  0x5ACB, 0x5AAA, 0x736D, 0x83CE, 0x736D, 0x6B2C, 0xA4B1, 0xCDB4, 0xC594, 0xBD94, 0xC594, 0xC5B4,
  0xB533, 0x942F, 0x9C70, 0xACD1, 0xB532, 0xB512, 0xB533, 0xBD53, 0xBD53, 0xBD73, 0xBD53, 0xBD53,
  0xBD53, 0xBD53, 0xBD53, 0xBD53, 0xC5B4, 0x83AD, 0x4A28, 0x630B, 0x630C, 0x5269, 0x31A6, 0x4207,
  0x734C, 0x9470, 0xA4D1, 0xACD2, 0xA4D1, 0x9CB1, 0x9C90, 0x9C90, 0x9C70, 0x9C70, 0x9C90, 0x9470,
  0x942F, 0x8C2F, 0x8C2F, 0x8C2F, 0x8C0F, 0x8C0F, 0x8C2F, 0x8BEF, 0x6B2C, 0x4208, 0x2945, 0x2965,
  0x39E7, 0x4208, 0x31A7, 0x39A6, 0x7BAD, 0x7B8D, 0x7B8D, 0x9C70, 0xB533, 0xB533, 0xB533, 0xB513,
  0xB533, 0xB533, 0xB533, 0xB533, 0xAD12, 0xACF2, 0xA4D1, 0xA4B1, 0x9C70, 0x8C0F, 0x9C70, 0xC594,
  0xBD73, 0xBD53, 0xBD53, 0xBD94, 0xBD73, 0x83CE, 0x630B, 0x7BAE, 0x7B8D, 0x5269, 0x3185, 0x39C7,
  0x3165, 0x2965, 0x2124, 0x4A48, 0x7BCE, 0x7BAE, 0x6B4D, 0x0882, 0x0000, 0x0021, 0x0021, 0x0020,
  0x0021, 0x0020, 0x0021, 0x0021, 0x0021, 0x0021, 0x0021, 0x0020, 0x0021, 0x0021, 0x0020, 0x0021,
  0x0021, 0x0021, 0x0020, 0x0021, 0x0021, 0x0020, 0x0021, 0x0020, 0x0020, 0x0021, 0x0021, 0x0020,
  0x0020, 0x0020, 0x0021, 0x0021, 0x0020, 0x0021, 0x0020, 0x0021, 0x0021, 0x0021, 0x0021, 0x0021,
  0x0021, 0x0021, 0x0020, 0x0021, 0x0021, 0x0021, 0x0021, 0x0000, 0x3186, 0x7BAE, 0x83CF, 0x83EF,
  0x630B, 0x62A9, 0x5AA9, 0x3186, 0x5AAA, 0x5ACB, 0x528A, 0x6B2C, 0x83CE, 0x7BAE, 0x62EB, 0x83CE,
  0xBD53, 0xC5B4, 0xB533, 0xACF1, 0xAD12, 0xB533, 0xACD1, 0x9C90, 0xB512, 0xBD73, 0xBD73, 0xBD53,
  0xBD53, 0xBD53, 0xBD53, 0xBD53, 0xBD53, 0xBD53, 0xBD53, 0xBD53, 0xC5B4, 0x83CD, 0x4A28, 0x630B,
  0x62EB, 0x630C, 0x6B2C, 0x4A69, 0x31A6, 0x3186, 0x41E7, 0x5AAA, 0x736C, 0x83EE, 0x9450, 0x9C90,
  0xA4B1, 0xA4B1, 0x9CB1, 0x9C91, 0x9C90, 0x9450, 0x8C2F, 0x83CE, 0x734C, 0x5AAA, 0x4A28, 0x31A6,
  0x2945, 0x2965, 0x4208, 0x4208, 0x39E7, 0x4208, 0x39C7, 0x39C6, 0x83AD, 0x7B8D, 0x7B8D, 0xA4B1,
  0xB533, 0xB533, 0xB533, 0xB533, 0xB533, 0xB513, 0xB513, 0xB513, 0xB533, 0xB553, 0xB533, 0x9C91,
  0x8C2F, 0xACD1, 0xAD12, 0xACF2, 0xACF1, 0xBD53, 0xC594, 0xA490, 0x6B2B, 0x6B2C, 0x83CE, 0x6B4C,
  0x4207, 0x3186, 0x39E7, 0x2965, 0x18E3, 0x2945, 0x2124, 0x6B4D, 0x7B8E, 0x7BCE, 0x528A, 0x0861,
  0x0020, 0x0021, 0x0021, 0x0021, 0x0021, 0x0021, 0x0021, 0x0020, 0x0021, 0x0021, 0x0021, 0x0021,
  0x0021, 0x0021, 0x0021, 0x0020, 0x0020, 0x0021, 0x0021, 0x0021, 0x0020, 0x0021, 0x0021, 0x0021,
  0x0021, 0x0021, 0x0021, 0x0021, 0x0021, 0x0021, 0x0020, 0x0021, 0x0020, 0x0021, 0x0021, 0x0021,
  0x0020, 0x0021, 0x0021, 0x0020, 0x0021, 0x0020, 0x0021, 0x0021, 0x0021, 0x0020, 0x0021, 0x0000,
  0x3186, 0x528A, 0x83EF, 0x83CE, 0x83EF, 0x5269, 0x732B, 0x6B0B, 0x3186, 0x52AA, 0x62EB, 0x528A,
  0x62EB, 0x7BAD, 0x7BAE, 0x736D, 0x6B4C, 0x942F, 0xB532, 0xBD53, 0xBD74, 0xBD74, 0xC594, 0xBD53,
  0xA4B0, 0x9C70, 0xAD12, 0xBD73, 0xBD73, 0xBD53, 0xBD53, 0xBD53, 0xBD53, 0xBD53, 0xBD53, 0xBD53,
  0xC5B4, 0x8C0E, 0x4A28, 0x630B, 0x62EB, 0x62EB, 0x630B, 0x5AEB, 0x62EB, 0x6B0C, 0x5AAA, 0x4228,
  0x39C7, 0x3186, 0x3186, 0x31A6, 0x39A6, 0x39C6, 0x39C7, 0x39C7, 0x39C6, 0x31A6, 0x3186, 0x3165,
  0x2966, 0x31A6, 0x39C7, 0x4208, 0x4208, 0x39E7, 0x4208, 0x39E7, 0x39E7, 0x4208, 0x3186, 0x39C6,
  0x83CD, 0x736C, 0x83EE, 0xB513, 0xB533, 0xB533, 0xB533, 0xB533, 0xB533, 0xB533, 0xB533, 0xB553,
  0xB533, 0xA4B1, 0x942F, 0xA490, 0xBD53, 0xBD74, 0xBD53, 0xB553, 0xB533, 0xA4B0, 0x7BAD, 0x62EB,
  0x738D, 0x7BAE, 0x52AA, 0x31A6, 0x31A6, 0x39E7, 0x2965, 0x2104, 0x4A28, 0x2945, 0x52AA, 0x83EF,
  0x7BAE, 0x736D, 0x2986, 0x1082, 0x0000, 0x0021, 0x0020, 0x0020, 0x0021, 0x0021, 0x0021, 0x0021,
  0x0021, 0x0021, 0x0021, 0x0021, 0x0021, 0x0021, 0x0021, 0x0020, 0x0020, 0x0021, 0x0020, 0x0021,
  0x0021, 0x0021, 0x0021, 0x0021, 0x0021, 0x0021, 0x0021, 0x0021, 0x0021, 0x0021, 0x0020, 0x0021,
  0x0021, 0x0021, 0x0020, 0x0020, 0x0021, 0x0020, 0x0021, 0x0021, 0x0021, 0x0020, 0x0020, 0x0021,
  0x0021, 0x0021, 0x0021, 0x0000, 0x3186, 0x3A08, 0x6B2C, 0x8C10, 0x83EF, 0x7BAE, 0x62CA, 0x942E,
  0x7B6C, 0x39A6, 0x4A28, 0x630B, 0x5AAA, 0x5AAA, 0x6B0B, 0x7BAE, 0x630B, 0x3166, 0x8BEE, 0xBD73,
  0xC594, 0xBD73, 0xBD53, 0xBD74, 0xC594, 0xB553, 0xA4B0, 0x9C90, 0xACF1, 0xBD53, 0xBD74, 0xBD73,
  0xBD53, 0xBD53, 0xBD53, 0xBD53, 0xBD73, 0xB512, 0x4A28, 0x5ACB, 0x62EB, 0x62EB, 0x630B, 0x5ACA,
  0x5ACA, 0x6B2C, 0x6B2C, 0x6B2C, 0x6B2C, 0x630C, 0x62EB, 0x5AAA, 0x5289, 0x4A49, 0x4A49, 0x4A48,
  0x4A49, 0x4A29, 0x4228, 0x4A29, 0x4A49, 0x4A49, 0x4228, 0x4228, 0x41E8, 0x39C7, 0x4208, 0x39E7,
  0x39E7, 0x4228, 0x2945, 0x62CA, 0x7BAD, 0x7BAD, 0xACF2, 0xB533, 0xB513, 0xB533, 0xB533, 0xB533,
  0xB553, 0xB553, 0xB533, 0xA4B1, 0x9450, 0x9C90, 0xB533, 0xBD74, 0xBD53, 0xB553, 0xBD73, 0xC594,
  0xAD12, 0x4A48, 0x5269, 0x7B8D, 0x6B4C, 0x4208, 0x3186, 0x39C7, 0x39E7, 0x2124, 0x2944, 0x5269,
  0x4207, 0x4A28, 0x7BCF, 0x7BAE, 0x7BCE, 0x39E8, 0x2145, 0x1082, 0x0000, 0x0021, 0x0021, 0x0021,
  0x0020, 0x0021, 0x0021, 0x0021, 0x0021, 0x0021, 0x0021, 0x0021, 0x0021, 0x0020, 0x0021, 0x0020,
  0x0021, 0x0021, 0x0021, 0x0021, 0x0021, 0x0021, 0x0021, 0x0020, 0x0021, 0x0020, 0x0021, 0x0021,
  0x0020, 0x0020, 0x0021, 0x0020, 0x0021, 0x0021, 0x0021, 0x0021, 0x0021, 0x0020, 0x0021, 0x0021,
  0x0021, 0x0020, 0x0021, 0x0021, 0x0020, 0x0021, 0x0021, 0x0000, 0x2124, 0x4A49, 0x4208, 0x736D,
  0x840F, 0x83EF, 0x738D, 0x5ACA, 0x83CD, 0x8BCD, 0x4A27, 0x39E7, 0x5ACB, 0x5ACB, 0x528A, 0x41E7,
  0x2966, 0x2124, 0x6B2B, 0x8C0E, 0x9C90, 0xBD73, 0xC594, 0xBD74, 0xBD53, 0xBD73, 0xC594, 0xB533,
  0xA4B1, 0x9C90, 0xA4B1, 0xB532, 0xBD73, 0xBD74, 0xBD73, 0xBD53, 0xB533, 0xC594, 0x942F, 0x41E7,
  0x632C, 0x630B, 0x630B, 0x5ACA, 0x5ACB, 0x6B2C, 0x630B, 0x630B, 0x630B, 0x630C, 0x630C, 0x630B,
  0x630B, 0x62EB, 0x62EB, 0x62EB, 0x62EB, 0x528A, 0x4228, 0x4228, 0x4228, 0x4228, 0x4208, 0x4228,
  0x41E8, 0x39C7, 0x4208, 0x39E8, 0x4228, 0x2965, 0x39C6, 0x7B6C, 0x83AD, 0xA4B1, 0xB533, 0xAD12,
  0xB533, 0xB533, 0xB553, 0xB533, 0xACF2, 0x9C90, 0x9450, 0xA490, 0xB532, 0xBD73, 0xBD53, 0xB553,
  0xBD73, 0xC594, 0xACF2, 0x7B8C, 0x62CA, 0x3185, 0x4228, 0x4A49, 0x3186, 0x31A6, 0x39E7, 0x31A6,
  0x2104, 0x31A6, 0x5289, 0x41E7, 0x4A28, 0x7BAE, 0x738E, 0x83EF, 0x5269, 0x2125, 0x2966, 0x0841,
  0x0020, 0x0021, 0x0021, 0x0021, 0x0021, 0x0021, 0x0021, 0x0021, 0x0021, 0x0021, 0x0021, 0x0021,
  0x0020, 0x0020, 0x0021, 0x0020, 0x0021, 0x0020, 0x0020, 0x0021, 0x0021, 0x0021, 0x0021, 0x0020,
  0x0021, 0x0021, 0x0021, 0x0020, 0x0021, 0x0021, 0x0020, 0x0021, 0x0021, 0x0021, 0x0021, 0x0021,
  0x0021, 0x0021, 0x0020, 0x0020, 0x0021, 0x0021, 0x0021, 0x0021, 0x0020, 0x0021, 0x0021, 0x0000,
  0x0861, 0x4A29, 0x4229, 0x4208, 0x736D, 0x8C0F, 0x83EF, 0x7BAE, 0x62CA, 0x7B8C, 0x942F, 0x62CA,
  0x3185, 0x4A49, 0x630C, 0x39E7, 0x3186, 0x2945, 0x736C, 0x9C70, 0x83AD, 0x8BEE, 0xA4B0, 0xBD53,
  0xC594, 0xC594, 0xBD73, 0xBD73, 0xC594, 0xBD73, 0xACF1, 0xA490, 0xA490, 0xACD1, 0xB512, 0xBD53,
  0xBD73, 0xC594, 0xB512, 0x7BAD, 0x4A08, 0x528A, 0x6B4C, 0x5ACA, 0x5ACA, 0x630B, 0x630B, 0x630C,
  0x630C, 0x630B, 0x630C, 0x630B, 0x62EB, 0x62EB, 0x5AEB, 0x5ACB, 0x5AEB, 0x528A, 0x4228, 0x4228,
  0x4228, 0x4228, 0x4228, 0x4208, 0x39E8, 0x39C7, 0x4228, 0x4208, 0x2125, 0x39A6, 0x7B8D, 0x83AD,
  0x9C90, 0xBD53, 0xB533, 0xB533, 0xB533, 0xACF2, 0x9C91, 0x9C70, 0x9C70, 0xACF1, 0xBD53, 0xBD73,
  0xBD53, 0xBD53, 0xBD74, 0xBD94, 0xACF1, 0x83CE, 0x5AAA, 0x5A89, 0x6B0B, 0x39A6, 0x4A49, 0x4A69,
  0x3186, 0x39C7, 0x2945, 0x2103, 0x4207, 0x5269, 0x39C6, 0x5289, 0x7BCE, 0x7BAE, 0x7BCF, 0x528A,
  0x2125, 0x2986, 0x2104, 0x0000, 0x0021, 0x0021, 0x0021, 0x0020, 0x0021, 0x0021, 0x0020, 0x0021,
  0x0021, 0x0021, 0x0021, 0x0021, 0x0020, 0x0021, 0x0021, 0x0021, 0x0021, 0x0021, 0x0021, 0x0020,
  0x0021, 0x0021, 0x0021, 0x0020, 0x0020, 0x0020, 0x0021, 0x0021, 0x0020, 0x0021, 0x0021, 0x0021,
  0x0020, 0x0021, 0x0021, 0x0021, 0x0020, 0x0021, 0x0021, 0x0020, 0x0021, 0x0021, 0x0021, 0x0020,
  0x0020, 0x0021, 0x0021, 0x0021, 0x0000, 0x2966, 0x4A49, 0x4228, 0x4208, 0x6B2C, 0x8C0F, 0x83EF,
  0x83EF, 0x6B0C, 0x6B0B, 0x8C0E, 0x83CD, 0x39C6, 0x39C7, 0x31A7, 0x2124, 0x2104, 0x3165, 0x6B0B,
  0x942F, 0x944F, 0x83CE, 0x83CE, 0x9C70, 0xB532, 0xC594, 0xC594, 0xBD73, 0xBD73, 0xC574, 0xC594,
  0xBD53, 0xACF2, 0xA4B0, 0xA490, 0xACF1, 0xA4D1, 0xA4B1, 0xCDD5, 0xA4D1, 0x5269, 0x4228, 0x5289,
  0x62EB, 0x6B2C, 0x630C, 0x630B, 0x630B, 0x630B, 0x630C, 0x630B, 0x630B, 0x62EB, 0x62EB, 0x5AEB,
  0x5ACB, 0x528A, 0x4228, 0x4228, 0x4228, 0x4228, 0x4228, 0x4229, 0x4208, 0x39C7, 0x2966, 0x2124,
  0x5AA9, 0x9C70, 0xAD12, 0xBD73, 0x9C90, 0x9C91, 0xA4B1, 0x9C70, 0x9470, 0x9C90, 0xACF1, 0xB553,
  0xBD73, 0xBD73, 0xBD53, 0xBD73, 0xC594, 0xBD73, 0xA4B1, 0x7B8D, 0x5AA9, 0x5AA9, 0x6B0B, 0x62EA,
  0x39A6, 0x18C3, 0x31A6, 0x4228, 0x2965, 0x18E3, 0x3185, 0x5248, 0x4A28, 0x39E7, 0x62EB, 0x7BCE,
  0x7BAE, 0x7BCE, 0x4A69, 0x2125, 0x2966, 0x2986, 0x0862, 0x0000, 0x0021, 0x0021, 0x0021, 0x0021,
  0x0021, 0x0021, 0x0020, 0x0021, 0x0021, 0x0021, 0x0020, 0x0020, 0x0021, 0x0021, 0x0021, 0x0020,
  0x0021, 0x0021, 0x0021, 0x0021, 0x0021, 0x0021, 0x0021, 0x0020, 0x0021, 0x0021, 0x0021, 0x0021,
  0x0021, 0x0021, 0x0021, 0x0021, 0x0020, 0x0021, 0x0021, 0x0021, 0x0021, 0x0021, 0x0021, 0x0021,
  0x0021, 0x0021, 0x0020, 0x0020, 0x0020, 0x0021, 0x0021, 0x0021, 0x0020, 0x0841, 0x4208, 0x4A49,
  0x4A49, 0x3A08, 0x5AAA, 0x83EF, 0x8C10, 0x83EF, 0x6B4C, 0x5ACA, 0x83CD, 0x736C, 0x41E7, 0x2104,
  0x2965, 0x4228, 0x4A49, 0x39A6, 0x41E7, 0x6B2B, 0x942F, 0x944F, 0x83EE, 0x83CD, 0x942E, 0xA4D1,
  0xBD53, 0xC594, 0xC594, 0xBD73, 0xBD73, 0xBD74, 0xC594, 0xC594, 0x9C70, 0xACD1, 0xC594, 0xBD53,
  0xC594, 0xC594, 0x942E, 0x5269, 0x41E7, 0x4A69, 0x5AEB, 0x632C, 0x6B2C, 0x6B4C, 0x6B2C, 0x6B2C,
  0x630C, 0x62EB, 0x62EB, 0x5AEB, 0x62EB, 0x52AA, 0x4A49, 0x4A49, 0x4A49, 0x4A49, 0x4208, 0x31C7,
  0x2945, 0x3165, 0x5AA9, 0x9C90, 0xBD73, 0xBD73, 0xBD73, 0xB553, 0xBD94, 0x9C90, 0x9C70, 0xBD53,
  0xBD53, 0xBD73, 0xBD73, 0xBD53, 0xBD73, 0xC594, 0xC594, 0xB512, 0x942F, 0x6B2B, 0x5AA9, 0x5ACA,
  0x6B0B, 0x62EA, 0x41E7, 0x2104, 0x2104, 0x39C7, 0x3186, 0x2124, 0x18E3, 0x3165, 0x5269, 0x41E7,
  0x4208, 0x736D, 0x83CF, 0x7BCF, 0x736D, 0x4208, 0x2145, 0x2966, 0x2986, 0x1904, 0x0000, 0x0021,
  0x0020, 0x0021, 0x0021, 0x0021, 0x0021, 0x0021, 0x0021, 0x0021, 0x0021, 0x0020, 0x0021, 0x0021,
  0x0021, 0x0021, 0x0020, 0x0021, 0x0021, 0x0021, 0x0021, 0x0021, 0x0021, 0x0021, 0x0021, 0x0021,
  0x0021, 0x0021, 0x0021, 0x0021, 0x0021, 0x0021, 0x0021, 0x0021, 0x0021, 0x0021, 0x0020, 0x0020,
  0x0021, 0x0021, 0x0021, 0x0021, 0x0021, 0x0021, 0x0021, 0x0021, 0x0021, 0x0021, 0x0021, 0x0020,
  0x0021, 0x0000, 0x1082, 0x4A49, 0x4A49, 0x4A49, 0x4228, 0x4A49, 0x6B4D, 0x83EF, 0x8C0F, 0x83EF,
  0x528A, 0x41E7, 0x4A48, 0x52AA, 0x5AEB, 0x62EB, 0x62EB, 0x62EB, 0x52AA, 0x39C7, 0x41E7, 0x6B0A,
  0x8C0E, 0x944F, 0x8BEE, 0x83AD, 0x83CD, 0x942F, 0xA4D1, 0xB533, 0xBD74, 0xC594, 0xC594, 0xA4D1,
  0xAD12, 0xC594, 0xBD53, 0xBD73, 0xBD73, 0xBD73, 0xC5B4, 0xC594, 0xA4B1, 0x736C, 0x5289, 0x4A28,
  0x4228, 0x4A48, 0x5269, 0x528A, 0x528A, 0x52AA, 0x52AA, 0x528A, 0x52AA, 0x4A49, 0x31A6, 0x31A6,
  0x3186, 0x3186, 0x39C7, 0x5A89, 0x83EE, 0xB532, 0xC5B4, 0xC594, 0xBD53, 0xBD53, 0xBD73, 0xBD73,
  0xBD53, 0xBD73, 0xACF2, 0xACF1, 0xBD73, 0xBD94, 0xBD94, 0xBD73, 0xAD12, 0x944F, 0x7B8C, 0x62EA,
  0x5AAA, 0x62EA, 0x6B2B, 0x5ACA, 0x41E7, 0x2124, 0x2945, 0x4208, 0x528A, 0x528A, 0x528A, 0x4A49,
  0x4208, 0x31A6, 0x3165, 0x630C, 0x83EF, 0x83CF, 0x7BCE, 0x5ACB, 0x2986, 0x2965, 0x2986, 0x2986,
  0x2145, 0x0020, 0x0020, 0x0021, 0x0021, 0x0021, 0x0020, 0x0021, 0x0021, 0x0021, 0x0020, 0x0021,
  0x0021, 0x0020, 0x0020, 0x0020, 0x0020, 0x0020, 0x0021, 0x0021, 0x0021, 0x0021, 0x0021, 0x0021,
  0x0021, 0x0021, 0x0021, 0x0021, 0x0021, 0x0021, 0x0020, 0x0021, 0x0021, 0x0020, 0x0021, 0x0021,
  0x0021, 0x0021, 0x0021, 0x0021, 0x0021, 0x0021, 0x0020, 0x0020, 0x0020, 0x0020, 0x0021, 0x0021,
  0x0021, 0x0020, 0x0020, 0x0021, 0x0021, 0x0021, 0x0000, 0x18C3, 0x4A49, 0x4A49, 0x4A49, 0x4A49,
  0x4208, 0x5269, 0x736D, 0x62EB, 0x5289, 0x5ACA, 0x5AEB, 0x5AEB, 0x5AEB, 0x5AEB, 0x5ACB, 0x5ACB,
  0x5AEB, 0x630B, 0x528A, 0x39C7, 0x39C6, 0x5A89, 0x7BAD, 0x942F, 0x8C0F, 0x83CE, 0x7BAD, 0x83CD,
  0x8C0E, 0x9C90, 0x9C6F, 0xA4D1, 0xC5B4, 0xC594, 0xC594, 0xC594, 0xBD73, 0xBD73, 0xBD53, 0xBD53,
  0xC594, 0xC5B4, 0xBD73, 0xACF1, 0x944F, 0x83AD, 0x6B2B, 0x62CA, 0x5A89, 0x5269, 0x5269, 0x5268,
  0x5268, 0x5269, 0x5ACA, 0x6B2B, 0x83CD, 0xA490, 0xB553, 0xC5B4, 0xC5B4, 0xBD73, 0xBD53, 0xBD53,
  0xBD53, 0xBD73, 0xBD73, 0xBD74, 0xBD94, 0xBD94, 0xC594, 0xA490, 0xA4B0, 0xA4B1, 0x8C0E, 0x736C,
  0x62EA, 0x5ACA, 0x62EA, 0x6B2B, 0x6B2B, 0x5289, 0x39A6, 0x2104, 0x2965, 0x4228, 0x52AA, 0x52AA,
  0x528A, 0x528A, 0x52AA, 0x52AA, 0x52AA, 0x528A, 0x526A, 0x52AA, 0x630B, 0x6B4C, 0x39E7, 0x2145,
  0x2986, 0x2986, 0x3186, 0x2945, 0x0041, 0x0000, 0x0021, 0x0020, 0x0021, 0x0020, 0x0020, 0x0021,
  0x0021, 0x0021, 0x0021, 0x0021, 0x0021, 0x0021, 0x0021, 0x0021, 0x0021, 0x0020, 0x0021, 0x0021,
  0x0021, 0x0021, 0x0021, 0x0021, 0x0021, 0x0021, 0x0021, 0x0021, 0x0020, 0x0021, 0x0021, 0x0021,
  0x0021, 0x0020, 0x0020, 0x0021, 0x0021, 0x0021, 0x0021, 0x0021, 0x0021, 0x0021, 0x0021, 0x0021,
  0x0021, 0x0021, 0x0020, 0x0020, 0x0021, 0x0021, 0x0021, 0x0021, 0x0021, 0x0020, 0x0041, 0x0000,
  0x1082, 0x4208, 0x4A69, 0x4A49, 0x4A49, 0x4228, 0x39C7, 0x2965, 0x5ACA, 0x736D, 0x6B4C, 0x630B,
  0x5ACB, 0x5ACB, 0x5AEB, 0x5ACB, 0x5ACB, 0x5ACB, 0x5ACB, 0x62EB, 0x52AA, 0x4208, 0x39C6, 0x4207,
  0x62EA, 0x83AD, 0x942F, 0x942F, 0x83EE, 0x7B8D, 0x6B2B, 0x83CE, 0x8BEE, 0x9C6F, 0xA4D1, 0xAD12,
  0xBD53, 0xBD73, 0xC594, 0xC594, 0xC594, 0xBD73, 0xBD73, 0xC594, 0xC5B4, 0xC5B4, 0xC5B4, 0xC594,
  0xC594, 0xC573, 0xBD73, 0xC594, 0xC594, 0xC594, 0xC5B4, 0xC5B4, 0xC5B4, 0xC594, 0xBD73, 0xBD53,
  0xBD53, 0xBD73, 0xBD94, 0xC594, 0xC594, 0xC594, 0xBD73, 0xB533, 0xACD1, 0x9C70, 0x83CD, 0x736C,
  0x5A89, 0x5AAA, 0x62EA, 0x6B0B, 0x6B2C, 0x6B2C, 0x5ACA, 0x4207, 0x2945, 0x2124, 0x31A7, 0x4A69,
  0x52AA, 0x52AA, 0x528A, 0x528A, 0x52AA, 0x528A, 0x528A, 0x528A, 0x5AEB, 0x632C, 0x632C, 0x39E7,
  0x2104, 0x2986, 0x2965, 0x3186, 0x2986, 0x31A7, 0x2145, 0x0021, 0x0000, 0x0021, 0x0020, 0x0020,
  0x0021, 0x0020, 0x0021, 0x0021, 0x0021, 0x0020, 0x0021, 0x0021, 0x0021, 0x0021, 0x0020, 0x0020,
  0x0021, 0x0020, 0x0021, 0x0020, 0x0021, 0x0021, 0x0021, 0x0021, 0x0021, 0x0021, 0x0021, 0x0020,
  0x0020, 0x0021, 0x0021, 0x0021, 0x0021, 0x0021, 0x0021, 0x0020, 0x0021, 0x0021, 0x0021, 0x0021,
  0x0021, 0x0020, 0x0021, 0x0021, 0x0021, 0x0021, 0x0021, 0x0021, 0x0021, 0x0020, 0x0021, 0x0020,
  0x0021, 0x0021, 0x0020, 0x0041, 0x0000, 0x0841, 0x31A6, 0x4A6A, 0x4A49, 0x4A49, 0x4208, 0x3186,
  0x3186, 0x39C7, 0x5289, 0x6B2C, 0x6B4D, 0x630C, 0x5ACB, 0x5ACB, 0x5AEB, 0x5ACB, 0x5ACB, 0x5ACB,
  0x5ACB, 0x62EB, 0x5AEB, 0x4A69, 0x39C7, 0x39C6, 0x5248, 0x62EA, 0x7B8D, 0x942F, 0x7BAD, 0x83EE,
  0x83CD, 0x7BAD, 0x7B8C, 0x7B6C, 0x7B8D, 0x83CD, 0x8C0E, 0x944F, 0x9C90, 0xA4D1, 0xACF1, 0xB512,
  0xB532, 0xB553, 0xBD53, 0xBD53, 0xBD73, 0xBD73, 0xBD73, 0xBD73, 0xBD74, 0xBD73, 0xBD73, 0xBD73,
  0xBD73, 0xBD53, 0xBD53, 0xB533, 0xAD12, 0xACF1, 0xA4B0, 0x944F, 0x8C0E, 0x83AD, 0x736C, 0x6B0B,
  0x62EA, 0x62EA, 0x62EA, 0x630B, 0x62EA, 0x736C, 0x6B0B, 0x5AAA, 0x4A28, 0x3185, 0x2124, 0x3186,
  0x4208, 0x528A, 0x5AAA, 0x52AA, 0x52AA, 0x52AA, 0x52AA, 0x528A, 0x528A, 0x52AA, 0x62EB, 0x6B2C,
  0x62EB, 0x4208, 0x2125, 0x2124, 0x2104, 0x2986, 0x2986, 0x3186, 0x31A6, 0x2104, 0x0020, 0x0000,
  0x0021, 0x0020, 0x0020, 0x0021, 0x0021, 0x0020, 0x0021, 0x0021, 0x0021, 0x0020, 0x0021, 0x0021,
  0x0021, 0x0021, 0x0020, 0x0020, 0x0021, 0x0020, 0x0021, 0x0020, 0x0020, 0x0021, 0x0021, 0x0021,
  0x0021, 0x0021, 0x0021, 0x0021, 0x0021, 0x0021, 0x0021, 0x0021, 0x0021, 0x0021, 0x0021, 0x0021,
  0x0021, 0x0021, 0x0021, 0x0021, 0x0021, 0x0020, 0x0021, 0x0021, 0x0020, 0x0021, 0x0021, 0x0021,
  0x0021, 0x0021, 0x0021, 0x0021, 0x0021, 0x0021, 0x0021, 0x0020, 0x0021, 0x0020, 0x0000, 0x18E4,
  0x4208, 0x528A, 0x4208, 0x2965, 0x39C7, 0x31A7, 0x3186, 0x31A6, 0x4A48, 0x62EB, 0x6B4C, 0x632C,
  0x5AEB, 0x5ACB, 0x5ACB, 0x5ACB, 0x5ACB, 0x5ACB, 0x5AAA, 0x5AEB, 0x630C, 0x5AAA, 0x2945, 0x18E3,
  0x3165, 0x41E7, 0x4207, 0x6B0B, 0x7B8C, 0x83CE, 0x8C0E, 0x8C0E, 0x83EE, 0x83CD, 0x7BAD, 0x7B8C,
  0x736C, 0x736C, 0x736C, 0x7B6C, 0x7B8D, 0x7BAD, 0x83AD, 0x83CD, 0x83CE, 0x83EE, 0x83EE, 0x83EE,
  0x83EE, 0x83EE, 0x83CD, 0x83AD, 0x7B8D, 0x7B6C, 0x734C, 0x6B2B, 0x6B2B, 0x6B0B, 0x6B0B, 0x6B0B,
  0x6B0B, 0x6B0B, 0x6B2B, 0x734C, 0x734C, 0x734C, 0x6B2B, 0x5ACA, 0x4207, 0x41E7, 0x2945, 0x18E3,
  0x18E3, 0x4A49, 0x62EB, 0x5AAB, 0x52AA, 0x52AA, 0x528A, 0x52AA, 0x52AA, 0x528A, 0x528A, 0x5ACB,
  0x630C, 0x6B4C, 0x5AAA, 0x39C7, 0x2125, 0x2124, 0x2145, 0x2965, 0x18E4, 0x2986, 0x31A7, 0x2966,
  0x1082, 0x0000, 0x0020, 0x0021, 0x0021, 0x0020, 0x0020, 0x0021, 0x0020, 0x0021, 0x0021, 0x0021,
  0x0020, 0x0021, 0x0021, 0x0021, 0x0020, 0x0020, 0x0021, 0x0021, 0x0021, 0x0021, 0x0021, 0x0020,
  0x0021, 0x0021, 0x0021, 0x0021, 0x0021, 0x0021, 0x0021, 0x0021, 0x0021, 0x0021, 0x0021, 0x0020,
  0x0021, 0x0021, 0x0021, 0x0021, 0x0020, 0x0021, 0x0021, 0x0020, 0x0021, 0x0021, 0x0021, 0x0021,
  0x0021, 0x0021, 0x0021, 0x0021, 0x0021, 0x0021, 0x0021, 0x0021, 0x0021, 0x0020, 0x0021, 0x0021,
  0x0021, 0x0021, 0x0021, 0x0000, 0x0841, 0x2965, 0x4208, 0x3186, 0x39C7, 0x31A7, 0x39C7, 0x31A7,
  0x3186, 0x3186, 0x41E7, 0x5AAA, 0x630C, 0x6B2C, 0x62EB, 0x5ACB, 0x5ACB, 0x5ACB, 0x62EB, 0x5AEB,
  0x4228, 0x3186, 0x1904, 0x39C7, 0x528A, 0x4A28, 0x39E7, 0x2965, 0x2965, 0x31A6, 0x41E7, 0x5269,
  0x62EA, 0x734C, 0x7BAD, 0x83CD, 0x8BEE, 0x8BEE, 0x8BEE, 0x83EE, 0x83CE, 0x83CD, 0x7BAD, 0x7B8D,
  0x7B8D, 0x7B6C, 0x736C, 0x736C, 0x736C, 0x736C, 0x736C, 0x736C, 0x736C, 0x736C, 0x736C, 0x7B6C,
  0x7B8D, 0x7B8D, 0x7B8C, 0x736C, 0x734C, 0x6B2B, 0x62CA, 0x5268, 0x41E7, 0x3185, 0x2945, 0x2124,
  0x2965, 0x3186, 0x39C7, 0x39C7, 0x2124, 0x39E7, 0x5269, 0x62EB, 0x5ACB, 0x528A, 0x528A, 0x528A,
  0x52AA, 0x5AEB, 0x6B2C, 0x630C, 0x4A69, 0x31A6, 0x2125, 0x2125, 0x2945, 0x2945, 0x2145, 0x2945,
  0x2104, 0x2986, 0x18E4, 0x0020, 0x0000, 0x0021, 0x0021, 0x0021, 0x0021, 0x0021, 0x0020, 0x0020,
  0x0020, 0x0021, 0x0021, 0x0021, 0x0021, 0x0021, 0x0021, 0x0021, 0x0021, 0x0021, 0x0021, 0x0021,
  0x0021, 0x0021, 0x0021, 0x0021, 0x0021, 0x0021, 0x0020, 0x0021, 0x0021, 0x0021, 0x0021, 0x0021,
  0x0020, 0x0020, 0x0021, 0x0021, 0x0021, 0x0021, 0x0021, 0x0021, 0x0020, 0x0021, 0x0021, 0x0021,
  0x0021, 0x0021, 0x0021, 0x0021, 0x0021, 0x0021, 0x0021, 0x0021, 0x0020, 0x0020, 0x0021, 0x0020,
  0x0021, 0x0021, 0x0021, 0x0021, 0x0020, 0x0021, 0x0020, 0x0021, 0x0020, 0x0000, 0x0841, 0x20E3,
  0x31A7, 0x39C7, 0x31C7, 0x31A7, 0x31A7, 0x31A7, 0x3186, 0x3186, 0x39C7, 0x4A49, 0x62EB, 0x6B2C,
  0x632C, 0x630B, 0x4A49, 0x3186, 0x2125, 0x2104, 0x2965, 0x39C7, 0x41E7, 0x4A28, 0x5269, 0x528A,
  0x528A, 0x4A48, 0x41E7, 0x39A6, 0x3185, 0x2965, 0x3165, 0x31A6, 0x39C6, 0x4A07, 0x5248, 0x5A89,
  0x62CA, 0x62EA, 0x6B2B, 0x732B, 0x734C, 0x734C, 0x734C, 0x734C, 0x734C, 0x734B, 0x6B2B, 0x6B0B,
  0x6B0B, 0x62CA, 0x5AA9, 0x5289, 0x4A48, 0x4207, 0x39C6, 0x3185, 0x2965, 0x2924, 0x2124, 0x2945,
  0x2965, 0x39A6, 0x41E8, 0x4228, 0x4228, 0x4208, 0x39C7, 0x31A6, 0x2965, 0x3186, 0x2966, 0x4208,
  0x5AEB, 0x630B, 0x5ACB, 0x630C, 0x6B2C, 0x5AEB, 0x4228, 0x2965, 0x2125, 0x2145, 0x2965, 0x2965,
  0x2945, 0x2945, 0x2966, 0x2945, 0x10A2, 0x0841, 0x0000, 0x0020, 0x0021, 0x0020, 0x0021, 0x0020,
  0x0020, 0x0021, 0x0020, 0x0021, 0x0021, 0x0021, 0x0021, 0x0021, 0x0021, 0x0020, 0x0021, 0x0021,
  0x0021, 0x0021, 0x0021, 0x0021, 0x0021, 0x0021, 0x0021, 0x0021, 0x0021, 0x0021, 0x0021, 0x0021,
  0x0021, 0x0021, 0x0021, 0x0021, 0x0020, 0x0020, 0x0021, 0x0021, 0x0021, 0x0021, 0x0021, 0x0021,
  0x0021, 0x0021, 0x0020, 0x0021, 0x0021, 0x0020, 0x0020, 0x0021, 0x0021, 0x0021, 0x0021, 0x0021,
  0x0020, 0x0021, 0x0021, 0x0021, 0x0021, 0x0021, 0x0021, 0x0021, 0x0021, 0x0020, 0x0020, 0x0021,
  0x0021, 0x0021, 0x0020, 0x0000, 0x0841, 0x2104, 0x31A7, 0x39C7, 0x31A7, 0x31A6, 0x31A7, 0x31A7,
  0x31A7, 0x3186, 0x3186, 0x4208, 0x5269, 0x31A6, 0x2125, 0x2125, 0x2945, 0x4228, 0x738D, 0x7BAE,
  0x6B2C, 0x5ACB, 0x5289, 0x4A49, 0x4A28, 0x4A28, 0x4A49, 0x5269, 0x5289, 0x5269, 0x4A69, 0x4A48,
  0x4208, 0x39E7, 0x39A6, 0x3186, 0x3165, 0x2965, 0x2965, 0x2945, 0x2945, 0x2965, 0x2965, 0x2945,
  0x2945, 0x2945, 0x2945, 0x2944, 0x2945, 0x2945, 0x2965, 0x2965, 0x3186, 0x3186, 0x39C7, 0x41E7,
  0x4208, 0x4228, 0x4A49, 0x4A28, 0x4228, 0x4208, 0x39C7, 0x39E7, 0x41E7, 0x4A49, 0x5ACB, 0x736D,
  0x7B8E, 0x4A48, 0x2945, 0x3186, 0x31A6, 0x4228, 0x62EB, 0x5269, 0x31A7, 0x2125, 0x2125, 0x2945,
  0x2965, 0x2945, 0x2945, 0x2965, 0x2966, 0x2945, 0x18E3, 0x0841, 0x0000, 0x0020, 0x0021, 0x0021,
  0x0020, 0x0021, 0x0021, 0x0020, 0x0021, 0x0021, 0x0020, 0x0021, 0x0021, 0x0021, 0x0021, 0x0021,
  0x0021, 0x0021, 0x0021, 0x0021, 0x0021, 0x0020, 0x0021, 0x0021, 0x0021, 0x0021, 0x0021, 0x0021,
  0x0021, 0x0021, 0x0021, 0x0021, 0x0021, 0x0021, 0x0021, 0x0021, 0x0020, 0x0020, 0x0020, 0x0021,
  0x0021, 0x0021, 0x0021, 0x0021, 0x0021, 0x0021, 0x0021, 0x0021, 0x0020, 0x0021, 0x0020, 0x0020,
  0x0021, 0x0021, 0x0021, 0x0021, 0x0021, 0x0020, 0x0021, 0x0021, 0x0021, 0x0021, 0x0021, 0x0021,
  0x0021, 0x0021, 0x0021, 0x0020, 0x0021, 0x0021, 0x0021, 0x0021, 0x0020, 0x0000, 0x0841, 0x18E3,
  0x3186, 0x39C7, 0x31C7, 0x31A7, 0x31A7, 0x39C7, 0x39C7, 0x31A7, 0x2125, 0x2125, 0x2124, 0x41E7,
  0x7BAE, 0x8C10, 0x83EF, 0x83EF, 0x83EF, 0x83EF, 0x83EF, 0x7BCE, 0x736D, 0x6B0C, 0x5AAA, 0x5269,
  0x4A48, 0x4228, 0x4208, 0x4A28, 0x4A28, 0x4A49, 0x5269, 0x5269, 0x5269, 0x5269, 0x5269, 0x5269,
  0x5269, 0x4A69, 0x4A69, 0x4A49, 0x4A49, 0x4A49, 0x4A49, 0x4A49, 0x4A49, 0x4A69, 0x4A69, 0x4A49,
  0x4A49, 0x4A48, 0x4A28, 0x4228, 0x4207, 0x39E7, 0x41E7, 0x4208, 0x4A49, 0x528A, 0x630B, 0x736D,
  0x7BAE, 0x83CE, 0x83CE, 0x7BCE, 0x7BAE, 0x83EF, 0x738D, 0x4228, 0x2945, 0x3186, 0x2125, 0x2124,
  0x2125, 0x2965, 0x2965, 0x2945, 0x2945, 0x2966, 0x2966, 0x2145, 0x18C3, 0x0841, 0x0000, 0x0020,
  0x0021, 0x0021, 0x0021, 0x0021, 0x0021, 0x0020, 0x0021, 0x0021, 0x0021, 0x0021, 0x0021, 0x0020,
  0x0021, 0x0021, 0x0021, 0x0021, 0x0021, 0x0021, 0x0021, 0x0021, 0x0021, 0x0021, 0x0021, 0x0021,
  0x0020, 0x0021, 0x0020, 0x0021, 0x0021, 0x0021, 0x0021, 0x0021, 0x0021, 0x0021, 0x0020, 0x0021,
  0x0020, 0x0021, 0x0021, 0x0021, 0x0021, 0x0020, 0x0020, 0x0021, 0x0021, 0x0021, 0x0021, 0x0021,
  0x0020, 0x0021, 0x0021, 0x0020, 0x0021, 0x0021, 0x0021, 0x0021, 0x0021, 0x0021, 0x0020, 0x0021,
  0x0021, 0x0021, 0x0021, 0x0021, 0x0021, 0x0021, 0x0021, 0x0021, 0x0021, 0x0021, 0x0021, 0x0021,
  0x0021, 0x0021, 0x0020, 0x0000, 0x0020, 0x18C3, 0x2966, 0x39C7, 0x39C7, 0x31A7, 0x31A7, 0x39C7,
  0x2966, 0x2945, 0x2104, 0x39E7, 0x528A, 0x6B2C, 0x738D, 0x83EF, 0x8C0F, 0x840F, 0x83EF, 0x83CF,
  0x83EF, 0x83EF, 0x83EF, 0x83EF, 0x83CE, 0x7BAE, 0x736D, 0x6B2C, 0x62EB, 0x5AAA, 0x528A, 0x5269,
  0x4A48, 0x4A28, 0x4A28, 0x4A28, 0x4228, 0x4228, 0x4208, 0x4208, 0x4208, 0x4208, 0x4208, 0x4208,
  0x4228, 0x4A28, 0x4A28, 0x4A48, 0x4A49, 0x528A, 0x5AAA, 0x62EB, 0x6B2C, 0x6B4D, 0x7B8E, 0x7BCE,
  0x83EF, 0x83EF, 0x83EF, 0x7BCE, 0x7BCE, 0x83CE, 0x83EF, 0x83CE, 0x7BAE, 0x6B4C, 0x5ACB, 0x41E8,
  0x2104, 0x31C7, 0x2965, 0x2945, 0x2965, 0x2945, 0x2945, 0x2965, 0x2966, 0x2125, 0x10A3, 0x0020,
  0x0000, 0x0020, 0x0021, 0x0021, 0x0020, 0x0020, 0x0021, 0x0021, 0x0021, 0x0021, 0x0021, 0x0021,
  0x0020, 0x0021, 0x0021, 0x0021, 0x0021, 0x0021, 0x0021, 0x0021, 0x0021, 0x0021, 0x0021, 0x0021,
  0x0021, 0x0021, 0x0020, 0x0021, 0x0021, 0x0021, 0x0021, 0x0021, 0x0021, 0x0021, 0x0021, 0x0021,
  0x0021, 0x0021, 0x0021, 0x0020, 0x0021, 0x0020, 0x0021, 0x0021, 0x0021, 0x0021, 0x0021, 0x0021,
  0x0021, 0x0021, 0x0021, 0x0021, 0x0021, 0x0021, 0x0020, 0x0021, 0x0021, 0x0021, 0x0021, 0x0020,
  0x0021, 0x0020, 0x0021, 0x0021, 0x0020, 0x0021, 0x0021, 0x0021, 0x0021, 0x0021, 0x0021, 0x0021,
  0x0021, 0x0021, 0x0021, 0x0021, 0x0021, 0x0021, 0x0021, 0x0021, 0x0020, 0x0000, 0x0020, 0x10A2,
  0x2945, 0x39C7, 0x39C7, 0x39C7, 0x2965, 0x2145, 0x2104, 0x39C7, 0x39E7, 0x39E7, 0x39E7, 0x4A49,
  0x5ACA, 0x6B2C, 0x7B8E, 0x83CF, 0x83EF, 0x83EF, 0x83EF, 0x83EF, 0x83CF, 0x83CF, 0x83EF, 0x83EF,
  0x83EF, 0x83EF, 0x83EF, 0x83CF, 0x83CE, 0x7BAE, 0x7BAE, 0x7BAE, 0x7B8E, 0x738D, 0x736D, 0x736D,
  0x736D, 0x738D, 0x738D, 0x738D, 0x7BAE, 0x7BAE, 0x7BAE, 0x7BCE, 0x83CF, 0x83CF, 0x83CF, 0x83EF,
  0x83CF, 0x83CF, 0x83CF, 0x83CF, 0x83CF, 0x83CF, 0x83EF, 0x83CF, 0x7BAE, 0x736D, 0x62EB, 0x4A69,
  0x39E7, 0x31A6, 0x3186, 0x3186, 0x2124, 0x31A7, 0x2945, 0x2145, 0x2965, 0x2966, 0x2966, 0x2104,
  0x1082, 0x0020, 0x0000, 0x0020, 0x0021, 0x0021, 0x0020, 0x0020, 0x0020, 0x0021, 0x0021, 0x0021,
  0x0021, 0x0021, 0x0021, 0x0021, 0x0021, 0x0021, 0x0021, 0x0021, 0x0021, 0x0021, 0x0021, 0x0021,
  0x0020, 0x0020, 0x0020, 0x0021, 0x0020, 0x0021, 0x0020, 0x0021, 0x0021, 0x0020, 0x0021, 0x0021,
  0x0021, 0x0021, 0x0021, 0x0021, 0x0021, 0x0021, 0x0021, 0x0021, 0x0021, 0x0021, 0x0021, 0x0021,
  0x0021, 0x0021, 0x0021, 0x0020, 0x0021, 0x0020, 0x0021, 0x0021, 0x0021, 0x0021, 0x0020, 0x0021,
  0x0021, 0x0021, 0x0021, 0x0021, 0x0021, 0x0021, 0x0021, 0x0021, 0x0021, 0x0021, 0x0021, 0x0021,
  0x0021, 0x0021, 0x0021, 0x0021, 0x0021, 0x0021, 0x0021, 0x0021, 0x0021, 0x0021, 0x0021, 0x0021,
  0x0021, 0x0021, 0x0021, 0x0000, 0x0000, 0x0862, 0x2124, 0x39C7, 0x3186, 0x2945, 0x2124, 0x4228,
  0x4228, 0x4208, 0x4208, 0x39E8, 0x39E7, 0x39C7, 0x39E7, 0x4228, 0x528A, 0x5ACB, 0x6B2C, 0x736D,
  0x7BAE, 0x83CF, 0x83EF, 0x83EF, 0x83EF, 0x83EF, 0x83EF, 0x83CF, 0x83CF, 0x83CF, 0x83CF, 0x83CF,
  0x83CF, 0x83CF, 0x83CF, 0x83CF, 0x83CF, 0x83CF, 0x83CF, 0x83CF, 0x83CF, 0x83CF, 0x83CF, 0x83CF,
  0x83CF, 0x83EF, 0x83EF, 0x83EF, 0x83EF, 0x83EF, 0x83CF, 0x7BAE, 0x736D, 0x630C, 0x5AAA, 0x4A49,
  0x39E7, 0x31A6, 0x3186, 0x31A6, 0x31A7, 0x31C7, 0x31C7, 0x39C7, 0x2145, 0x31C7, 0x2965, 0x2966,
  0x2945, 0x18E3, 0x0861, 0x0000, 0x0000, 0x0020, 0x0021, 0x0021, 0x0021, 0x0021, 0x0021, 0x0021,
  0x0021, 0x0021, 0x0021, 0x0021, 0x0020, 0x0021, 0x0021, 0x0020, 0x0021, 0x0021, 0x0021, 0x0021,
  0x0020, 0x0020, 0x0021, 0x0021, 0x0021, 0x0021, 0x0021, 0x0021, 0x0021, 0x0020, 0x0021, 0x0020,
  0x0021, 0x0021, 0x0021, 0x0021, 0x0021, 0x0021, 0x0021, 0x0021, 0x0021, 0x0021, 0x0021, 0x0021,
  0x0021, 0x0020, 0x0021, 0x0021, 0x0021, 0x0021, 0x0020, 0x0021, 0x0021, 0x0021, 0x0021, 0x0021,
  0x0021, 0x0020, 0x0021, 0x0020, 0x0021, 0x0021, 0x0021, 0x0021, 0x0020, 0x0021, 0x0020, 0x0021,
  0x0021, 0x0021, 0x0021, 0x0021, 0x0021, 0x0021, 0x0021, 0x0021, 0x0021, 0x0021, 0x0021, 0x0021,
  0x0021, 0x0021, 0x0021, 0x0021, 0x0021, 0x0020, 0x0021, 0x0021, 0x0021, 0x0000, 0x0000, 0x0841,
  0x10A3, 0x10A2, 0x0861, 0x2124, 0x39C7, 0x4208, 0x4229, 0x4228, 0x4208, 0x4208, 0x4208, 0x4208,
  0x39E7, 0x39E7, 0x39E7, 0x41E8, 0x4208, 0x4A49, 0x5269, 0x5AAA, 0x62EB, 0x6B2C, 0x6B4C, 0x736D,
  0x7B8E, 0x7BAE, 0x7BAE, 0x7BCE, 0x7BCE, 0x83CE, 0x83CE, 0x83CE, 0x83CF, 0x83CF, 0x7BCE, 0x7BCE,
  0x7BCE, 0x7BAE, 0x7B8E, 0x738D, 0x736D, 0x6B2C, 0x630C, 0x62EB, 0x52AA, 0x4A49, 0x4228, 0x39E7,
  0x39C7, 0x31A7, 0x31A6, 0x31A7, 0x31C7, 0x39C7, 0x39C7, 0x39C7, 0x39E7, 0x39E7, 0x39C7, 0x2965,
  0x10A2, 0x2124, 0x2104, 0x10A3, 0x0041, 0x0000, 0x0000, 0x0021, 0x0021, 0x0021, 0x0021, 0x0021,
  0x0020, 0x0021, 0x0021, 0x0021, 0x0021, 0x0021, 0x0021, 0x0020, 0x0021, 0x0021, 0x0020, 0x0021,
  0x0020, 0x0021, 0x0021, 0x0021, 0x0020, 0x0020, 0x0020, 0x0021, 0x0021, 0x0021, 0x0021, 0x0021,
  0x0020, 0x0021, 0x0021, 0x0021, 0x0021, 0x0020, 0x0021, 0x0020, 0x0021, 0x0021, 0x0021, 0x0021,
  0x0021, 0x0021, 0x0021, 0x0021, 0x0021, 0x0020, 0x0021, 0x0021, 0x0020, 0x0021, 0x0021, 0x0021,
  0x0020, 0x0021, 0x0021, 0x0021, 0x0021, 0x0021, 0x0021, 0x0020, 0x0020, 0x0021, 0x0021, 0x0021,
  0x0021, 0x0021, 0x0021, 0x0021, 0x0021, 0x0021, 0x0021, 0x0020, 0x0021, 0x0021, 0x0021, 0x0021,
  0x0021, 0x0021, 0x0021, 0x0021, 0x0021, 0x0021, 0x0021, 0x0021, 0x0021, 0x0021, 0x0021, 0x0021,
  0x0021, 0x0021, 0x0021, 0x0020, 0x0000, 0x0000, 0x0020, 0x0000, 0x0020, 0x1082, 0x2124, 0x31A6,
  0x4208, 0x4229, 0x4229, 0x4228, 0x4228, 0x4228, 0x4208, 0x4208, 0x4208, 0x4208, 0x39E8, 0x39E7,
  0x39E7, 0x39E7, 0x39E7, 0x39E7, 0x4208, 0x4208, 0x4208, 0x4228, 0x4228, 0x4A28, 0x4A29, 0x4A49,
  0x4A49, 0x4A49, 0x4A28, 0x4228, 0x4208, 0x4208, 0x41E8, 0x39E7, 0x39C7, 0x39C7, 0x39C7, 0x39C7,
  0x39C7, 0x39C7, 0x39C7, 0x39E7, 0x39E7, 0x39E7, 0x39E7, 0x39E7, 0x39E7, 0x39E8, 0x39E7, 0x39C7,
  0x2965, 0x18E3, 0x0861, 0x0000, 0x0000, 0x0000, 0x0000, 0x0000, 0x0020, 0x0021, 0x0021, 0x0021,
  0x0021, 0x0021, 0x0021, 0x0021, 0x0021, 0x0021, 0x0021, 0x0021, 0x0021, 0x0021, 0x0021, 0x0021,
  0x0021, 0x0020, 0x0021, 0x0021, 0x0021, 0x0020, 0x0021, 0x0021, 0x0020, 0x0021, 0x0020, 0x0020,
  0x0021, 0x0021, 0x0021, 0x0021, 0x0021, 0x0021, 0x0020, 0x0021, 0x0020, 0x0021, 0x0021, 0x0020,
  0x0021, 0x0021, 0x0021, 0x0021, 0x0021, 0x0021, 0x0021, 0x0021, 0x0020, 0x0021, 0x0021, 0x0021,
  0x0021, 0x0020, 0x0021, 0x0021, 0x0021, 0x0021, 0x0021, 0x0021, 0x0021, 0x0021, 0x0021, 0x0021,
  0x0020, 0x0020, 0x0021, 0x0021, 0x0021, 0x0021, 0x0020, 0x0021, 0x0021, 0x0021, 0x0021, 0x0021,
  0x0021, 0x0021, 0x0021, 0x0021, 0x0021, 0x0021, 0x0021, 0x0021, 0x0021, 0x0021, 0x0021, 0x0021,
  0x0020, 0x0021, 0x0021, 0x0021, 0x0021, 0x0021, 0x0020, 0x0021, 0x0021, 0x0021, 0x0021, 0x0021,
  0x0020, 0x0000, 0x0000, 0x0000, 0x0841, 0x18C3, 0x2945, 0x31A7, 0x4208, 0x4228, 0x4A29, 0x4A29,
  0x4228, 0x4228, 0x4208, 0x4208, 0x4208, 0x4208, 0x4208, 0x4208, 0x4208, 0x4208, 0x4208, 0x4208,
  0x4208, 0x4208, 0x4208, 0x4208, 0x41E8, 0x39E8, 0x41E8, 0x39E8, 0x3A08, 0x4208, 0x4208, 0x4208,
  0x4208, 0x4208, 0x4208, 0x4208, 0x4208, 0x39E8, 0x41E8, 0x4208, 0x4208, 0x4208, 0x39E8, 0x39C7,
  0x3186, 0x2124, 0x10A2, 0x0841, 0x0000, 0x0000, 0x0000, 0x0021, 0x0021, 0x0021, 0x0021, 0x0021,
  0x0021, 0x0020, 0x0021, 0x0020, 0x0021, 0x0020, 0x0021, 0x0021, 0x0021, 0x0021, 0x0021, 0x0021,
  0x0021, 0x0021, 0x0021, 0x0021, 0x0021, 0x0021, 0x0021, 0x0020, 0x0021, 0x0021, 0x0021, 0x0021,
  0x0021, 0x0021, 0x0021, 0x0020, 0x0021, 0x0021, 0x0021, 0x0021, 0x0021, 0x0021, 0x0020, 0x0021,
  0x0021, 0x0021, 0x0021, 0x0021, 0x0021, 0x0021, 0x0020, 0x0021, 0x0021, 0x0021, 0x0021, 0x0020,
  0x0021, 0x0020, 0x0021, 0x0021, 0x0020, 0x0021, 0x0021, 0x0021, 0x0021, 0x0021, 0x0021, 0x0021,
  0x0021, 0x0021, 0x0021, 0x0021, 0x0021, 0x0021, 0x0021, 0x0021, 0x0021, 0x0021, 0x0021, 0x0021,
  0x0021, 0x0021, 0x0021, 0x0021, 0x0021, 0x0021, 0x0021, 0x0021, 0x0021, 0x0021, 0x0021, 0x0021,
  0x0021, 0x0021, 0x0021, 0x0021, 0x0021, 0x0021, 0x0021, 0x0021, 0x0021, 0x0021, 0x0020, 0x0021,
  0x0021, 0x0021, 0x0021, 0x0021, 0x0021, 0x0021, 0x0021, 0x0021, 0x0020, 0x0000, 0x0000, 0x0000,
  0x0841, 0x1082, 0x2104, 0x2965, 0x31A6, 0x39E7, 0x4208, 0x4208, 0x4228, 0x4229, 0x4228, 0x4228,
  0x4228, 0x4228, 0x4228, 0x4228, 0x4228, 0x4208, 0x4208, 0x4208, 0x4208, 0x4208, 0x4208, 0x4208,
  0x4208, 0x4208, 0x4208, 0x4208, 0x4228, 0x4228, 0x4228, 0x4228, 0x4208, 0x39E7, 0x39C7, 0x3186,
  0x2945, 0x18E4, 0x10A2, 0x0841, 0x0020, 0x0000, 0x0000, 0x0020, 0x0021, 0x0021, 0x0021, 0x0020,
  0x0020, 0x0021, 0x0020, 0x0021, 0x0021, 0x0020, 0x0021, 0x0021, 0x0020, 0x0021, 0x0021, 0x0020,
  0x0021, 0x0020, 0x0021, 0x0021, 0x0021, 0x0021, 0x0021, 0x0020, 0x0021, 0x0021, 0x0021, 0x0021,
  0x0021, 0x0021, 0x0021, 0x0021, 0x0021, 0x0021, 0x0021, 0x0021, 0x0021, 0x0021, 0x0021, 0x0021,
  0x0021, 0x0021, 0x0021, 0x0020, 0x0021, 0x0020, 0x0020, 0x0021, 0x0021, 0x0020, 0x0021, 0x0021,
  0x0021, 0x0021, 0x0021, 0x0020, 0x0021, 0x0021, 0x0021, 0x0021, 0x0020, 0x0021, 0x0021, 0x0021,
  0x0021, 0x0021, 0x0021, 0x0021, 0x0021, 0x0021, 0x0021, 0x0021, 0x0020, 0x0021, 0x0021, 0x0020,
  0x0021, 0x0021, 0x0021, 0x0021, 0x0020, 0x0021, 0x0021, 0x0021, 0x0021, 0x0021, 0x0021, 0x0021,
  0x0021, 0x0021, 0x0021, 0x0021, 0x0021, 0x0021, 0x0021, 0x0021, 0x0021, 0x0021, 0x0021, 0x0021,
  0x0021, 0x0021, 0x0021, 0x0021, 0x0021, 0x0021, 0x0021, 0x0021, 0x0021, 0x0021, 0x0020, 0x0020,
  0x0021, 0x0021, 0x0021, 0x0021, 0x0020, 0x0000, 0x0000, 0x0000, 0x0000, 0x0020, 0x0861, 0x1082,
  0x18C3, 0x2104, 0x2125, 0x2965, 0x3186, 0x31A6, 0x39A7, 0x39C7, 0x39E7, 0x39E7, 0x39E7, 0x39E7,
  0x39E7, 0x39E7, 0x39E7, 0x39C7, 0x39C7, 0x31A6, 0x31A6, 0x3186, 0x2965, 0x2925, 0x2104, 0x18C3,
  0x1082, 0x0861, 0x0041, 0x0000, 0x0000, 0x0000, 0x0000, 0x0020, 0x0021, 0x0021, 0x0021, 0x0021,
  0x0021, 0x0021, 0x0021, 0x0021, 0x0021, 0x0021, 0x0020, 0x0021, 0x0020, 0x0021, 0x0021, 0x0021,
  0x0020, 0x0021, 0x0021, 0x0021, 0x0021, 0x0021, 0x0021, 0x0021, 0x0021, 0x0021, 0x0021, 0x0021,
  0x0021, 0x0021, 0x0020, 0x0021, 0x0020, 0x0021, 0x0021, 0x0021, 0x0020, 0x0021, 0x0021, 0x0021,
  0x0021, 0x0020, 0x0021, 0x0021, 0x0021, 0x0021, 0x0021, 0x0021, 0x0021, 0x0020, 0x0020, 0x0020,
  0x0021, 0x0021, 0x0020, 0x0021, 0x0021, 0x0021, 0x0021, 0x0021, 0x0020, 0x0020, 0x0021, 0x0021,
  0x0021, 0x0021, 0x0021, 0x0021, 0x0021, 0x0021, 0x0021, 0x0021, 0x0021, 0x0021, 0x0021, 0x0021,
  0x0021, 0x0021, 0x0021, 0x0021, 0x0021, 0x0021, 0x0021, 0x0021, 0x0021, 0x0021, 0x0021, 0x0021,
  0x0021, 0x0021, 0x0021, 0x0021, 0x0021, 0x0021, 0x0021, 0x0021, 0x0021, 0x0021, 0x0021, 0x0021,
  0x0021, 0x0021, 0x0021, 0x0021, 0x0021, 0x0021, 0x0021, 0x0021, 0x0021, 0x0021, 0x0021, 0x0021,
  0x0021, 0x0021, 0x0021, 0x0021, 0x0020, 0x0020, 0x0021, 0x0021, 0x0021, 0x0021, 0x0021, 0x0021,
  0x0021, 0x0020, 0x0000, 0x0000, 0x0000, 0x0000, 0x0000, 0x0000, 0x0000, 0x0000, 0x0020, 0x0020,
  0x0020, 0x0841, 0x0841, 0x0841, 0x0841, 0x0841, 0x0041, 0x0020, 0x0020, 0x0020, 0x0000, 0x0000,
  0x0000, 0x0000, 0x0000, 0x0000, 0x0000, 0x0020, 0x0020, 0x0021, 0x0021, 0x0021, 0x0021, 0x0021,
  0x0020, 0x0021, 0x0020, 0x0021, 0x0021, 0x0021, 0x0020, 0x0021, 0x0021, 0x0021, 0x0021, 0x0021,
  0x0021, 0x0021, 0x0021, 0x0020, 0x0021, 0x0021, 0x0021, 0x0021, 0x0020, 0x0021, 0x0021, 0x0020,
  0x0021, 0x0020, 0x0021, 0x0021, 0x0021, 0x0021, 0x0021, 0x0021, 0x0021, 0x0021, 0x0021, 0x0021,
  0x0021, 0x0020, 0x0021, 0x0021, 0x0021, 0x0021, 0x0021, 0x0021, 0x0020, 0x0021, 0x0021, 0x0020,
  0x0020, 0x0021, 0x0021, 0x0021, 0x0021, 0x0021, 0x0020, 0x0021, 0x0021, 0x0021, 0x0021, 0x0020,
  0x0020, 0x0021, 0x0021, 0x0021, 0x0021, 0x0021, 0x0021, 0x0021, 0x0021, 0x0021, 0x0021, 0x0021,
  0x0021, 0x0021, 0x0021, 0x0021, 0x0021, 0x0021, 0x0021, 0x0021, 0x0021, 0x0021, 0x0021, 0x0021,
  0x0021, 0x0021, 0x0021, 0x0021, 0x0021, 0x0021, 0x0021, 0x0021, 0x0021, 0x0021, 0x0021, 0x0021,
  0x0021, 0x0021, 0x0021, 0x0021, 0x0021, 0x0021, 0x0021, 0x0021, 0x0021, 0x0021, 0x0021, 0x0021,
  0x0020, 0x0021, 0x0021, 0x0021, 0x0021, 0x0021, 0x0021, 0x0021, 0x0021, 0x0021, 0x0021, 0x0021,
  0x0021, 0x0021, 0x0021, 0x0021, 0x0021, 0x0021, 0x0021, 0x0021, 0x0021, 0x0021, 0x0021, 0x0021,
  0x0021, 0x0021, 0x0021, 0x0020, 0x0020, 0x0020, 0x0020, 0x0020, 0x0020, 0x0020, 0x0020, 0x0020,
  0x0020, 0x0021, 0x0021, 0x0021, 0x0021, 0x0021, 0x0021, 0x0021, 0x0021, 0x0021, 0x0021, 0x0020,
  0x0021, 0x0021, 0x0021, 0x0020, 0x0020, 0x0021, 0x0021, 0x0020, 0x0021, 0x0020, 0x0021, 0x0021,
  0x0021, 0x0021, 0x0021, 0x0021, 0x0021, 0x0020, 0x0021, 0x0020, 0x0021, 0x0021, 0x0021, 0x0021,
  0x0021, 0x0021, 0x0021, 0x0021, 0x0021, 0x0021, 0x0021, 0x0021, 0x0021, 0x0021, 0x0021, 0x0021,
  0x0021, 0x0020, 0x0021, 0x0021, 0x0021, 0x0021, 0x0021, 0x0021, 0x0020, 0x0021, 0x0021, 0x0020,
  0x0021, 0x0021, 0x0021, 0x0021, 0x0020, 0x0021, 0x0021, 0x0021, 0x0020, 0x0021, 0x0021, 0x0021,
  0x0021, 0x0021, 0x0020, 0x0020, 0x0020, 0x0020, 0x0021, 0x0021, 0x0021, 0x0021, 0x0020, 0x0021,
  0x0021, 0x0021, 0x0021, 0x0021, 0x0021, 0x0021, 0x0021, 0x0021, 0x0021, 0x0020, 0x0021, 0x0021,
  0x0021, 0x0020, 0x0021, 0x0021, 0x0021, 0x0021, 0x0021, 0x0021, 0x0021, 0x0021, 0x0021, 0x0021,
  0x0021, 0x0021, 0x0021, 0x0021, 0x0021, 0x0020, 0x0021, 0x0021, 0x0021, 0x0021, 0x0021, 0x0021,
  0x0020, 0x0021, 0x0021, 0x0021, 0x0021, 0x0021, 0x0021, 0x0021, 0x0021, 0x0021, 0x0021, 0x0021,
  0x0021, 0x0021, 0x0021, 0x0020, 0x0020, 0x0020, 0x0021, 0x0021, 0x0021, 0x0021, 0x0021, 0x0021,
  0x0021, 0x0021, 0x0021, 0x0021, 0x0020, 0x0021, 0x0021, 0x0021, 0x0021, 0x0021, 0x0021, 0x0021,
  0x0021, 0x0021, 0x0021, 0x0021, 0x0021, 0x0021, 0x0021, 0x0021, 0x0020, 0x0021, 0x0020, 0x0021,
  0x0021, 0x0021, 0x0021, 0x0021, 0x0021, 0x0021, 0x0021, 0x0021, 0x0021, 0x0020, 0x0021, 0x0021,
  0x0021, 0x0020, 0x0021, 0x0021, 0x0021, 0x0021, 0x0021, 0x0021, 0x0021, 0x0021, 0x0021, 0x0021,
  0x0021, 0x0021, 0x0021, 0x0021, 0x0021, 0x0021, 0x0021, 0x0021, 0x0021, 0x0021, 0x0021, 0x0021,
  0x0020, 0x0021, 0x0021, 0x0021, 0x0020, 0x0021, 0x0021, 0x0021, 0x0021, 0x0021, 0x0020, 0x0020,
  0x0021, 0x0021, 0x0021, 0x0021, 0x0021, 0x0020, 0x0020, 0x0020, 0x0020, 0x0021, 0x0021, 0x0020,
  0x0021, 0x0021, 0x0021, 0x0020, 0x0021, 0x0021, 0x0021, 0x0020, 0x0020, 0x0021, 0x0021, 0x0021,
  0x0021, 0x0021, 0x0021, 0x0020, 0x0021, 0x0021, 0x0020, 0x0021, 0x0021, 0x0021, 0x0021, 0x0021,
  0x0021, 0x0021, 0x0021, 0x0021, 0x0021, 0x0021, 0x0021, 0x0021, 0x0021, 0x0021, 0x0021, 0x0021,
  0x0020, 0x0021, 0x0021, 0x0021, 0x0021, 0x0021, 0x0021, 0x0021, 0x0021, 0x0021, 0x0021, 0x0021,
  0x0021, 0x0021, 0x0021, 0x0021, 0x0021, 0x0021, 0x0021, 0x0021, 0x0021, 0x0021, 0x0021, 0x0021,
  0x0021, 0x0021, 0x0021, 0x0020, 0x0020, 0x0021, 0x0021, 0x0021, 0x0021, 0x0021, 0x0021, 0x0021,
  0x0021, 0x0021, 0x0021, 0x0021, 0x0020, 0x0021, 0x0021, 0x0021, 0x0021, 0x0021, 0x0021, 0x0021,
  0x0021, 0x0021, 0x0021, 0x0021, 0x0021, 0x0021, 0x0021, 0x0020, 0x0020, 0x0021, 0x0021, 0x0021,
  0x0021, 0x0021, 0x0021, 0x0020, 0x0021, 0x0021, 0x0020, 0x0020, 0x0021, 0x0021, 0x0021, 0x0021,
  0x0020, 0x0021, 0x0021, 0x0021, 0x0021, 0x0021, 0x0021, 0x0021, 0x0021, 0x0021, 0x0021, 0x0021,
  0x0020, 0x0020, 0x0021, 0x0021, 0x0021, 0x0020, 0x0021, 0x0021, 0x0021, 0x0021, 0x0021, 0x0021,
  0x0021, 0x0021, 0x0021, 0x0021, 0x0021, 0x0021, 0x0021, 0x0021, 0x0021, 0x0020, 0x0020, 0x0021,
  0x0020, 0x0021, 0x0020, 0x0020, 0x0021, 0x0021, 0x0021, 0x0020, 0x0020, 0x0021, 0x0021, 0x0021,
  0x0020, 0x0021, 0x0021, 0x0021, 0x0021, 0x0021, 0x0021, 0x0021, 0x0021, 0x0020, 0x0021, 0x0020,
  0x0021, 0x0021, 0x0021, 0x0021, 0x0021, 0x0021, 0x0020, 0x0021, 0x0021, 0x0021, 0x0021, 0x0021,
  0x0021, 0x0021, 0x0021, 0x0021, 0x0021, 0x0021, 0x0021, 0x0021, 0x0021, 0x0021, 0x0021, 0x0021,
  0x0021, 0x0021, 0x0021, 0x0021, 0x0021, 0x0021, 0x0021, 0x0021, 0x0021, 0x0021, 0x0021, 0x0021,
  0x0020, 0x0021, 0x0021, 0x0021, 0x0021, 0x0021, 0x0021, 0x0021, 0x0021, 0x0021, 0x0021, 0x0021,
  0x0021, 0x0021, 0x0021, 0x0021, 0x0021, 0x0021, 0x0021, 0x0021, 0x0021, 0x0021, 0x0021, 0x0021,
  0x0021, 0x0021, 0x0021, 0x0021, 0x0021, 0x0021, 0x0021, 0x0021, 0x0021, 0x0021, 0x0020, 0x0021,
  0x0021, 0x0020, 0x0020, 0x0021, 0x0021, 0x0021, 0x0021, 0x0021, 0x0021, 0x0021, 0x0021, 0x0021,
  0x0020, 0x0020, 0x0020, 0x0020, 0x0021, 0x0021, 0x0021, 0x0021, 0x0020, 0x0021, 0x0021, 0x0020,
  0x0021, 0x0021, 0x0021, 0x0021, 0x0021, 0x0021, 0x0021, 0x0021, 0x0021, 0x0021, 0x0021, 0x0021,
  0x0021, 0x0021, 0x0021, 0x0021, 0x0021, 0x0020, 0x0021, 0x0021, 0x0020, 0x0021, 0x0020, 0x0021,
  0x0020, 0x0021, 0x0020, 0x0021, 0x0021, 0x0021, 0x0021, 0x0021, 0x0021, 0x0021, 0x0021, 0x0021,
  0x0021, 0x0020, 0x0021, 0x0020, 0x0020, 0x0020, 0x0020, 0x0020, 0x0021, 0x0021, 0x0021, 0x0020,
  0x0021, 0x0020, 0x0021, 0x0021, 0x0021, 0x0020, 0x0020, 0x0021, 0x0020, 0x0020, 0x0020, 0x0021,
  0x0021, 0x0021, 0x0021, 0x0020, 0x0020, 0x0021, 0x0021, 0x0021, 0x0021, 0x0021, 0x0021, 0x0020,
  0x0021, 0x0021, 0x0021, 0x0021, 0x0021, 0x0021, 0x0021, 0x0021, 0x0021, 0x0021, 0x0020, 0x0021,
  0x0021, 0x0021, 0x0021, 0x0021, 0x0021, 0x0021, 0x0021, 0x0021, 0x0021, 0x0020, 0x0021, 0x0021,
  0x0021, 0x0021, 0x0021, 0x0021, 0x0021, 0x0021, 0x0021, 0x0021, 0x0021, 0x0021, 0x0021, 0x0021,
  0x0021, 0x0021, 0x0021, 0x0021, 0x0021, 0x0021, 0x0021, 0x0021, 0x0021, 0x0021, 0x0021, 0x0021,
  0x0021, 0x0021, 0x0021, 0x0021, 0x0021, 0x0021, 0x0021, 0x0021, 0x0021, 0x0020, 0x0021, 0x0021,
  0x0021, 0x0021, 0x0021, 0x0021, 0x0021, 0x0021, 0x0021, 0x0021, 0x0021, 0x0021, 0x0021, 0x0021,
  0x0020, 0x0021, 0x0021, 0x0021, 0x0021, 0x0021, 0x0021, 0x0021, 0x0020, 0x0021, 0x0021, 0x0021,
  0x0020, 0x0021, 0x0021, 0x0021, 0x0021, 0x0021, 0x0021, 0x0021, 0x0020, 0x0021, 0x0021, 0x0021,
  0x0021, 0x0021, 0x0021, 0x0021, 0x0021, 0x0021, 0x0021, 0x0021, 0x0021, 0x0020, 0x0021, 0x0021,
  0x0021, 0x0021, 0x0020, 0x0021, 0x0021, 0x0021, 0x0020, 0x0021, 0x0021, 0x0021, 0x0021, 0x0021,
  0x0021, 0x0021, 0x0021, 0x0021, 0x0021, 0x0021, 0x0021, 0x0021, 0x0021, 0x0021, 0x0021, 0x0021,
  0x0021, 0x0021, 0x0021, 0x0021, 0x0021, 0x0021, 0x0021, 0x0021, 0x0021, 0x0020, 0x0021, 0x0020,
  0x0021, 0x0021, 0x0021, 0x0020, 0x0021, 0x0021, 0x0021, 0x0020, 0x0020, 0x0021, 0x0021, 0x0021,
  0x0021, 0x0021, 0x0020, 0x0021, 0x0021, 0x0021, 0x0021, 0x0021, 0x0021, 0x0021, 0x0021, 0x0021,
  0x0021, 0x0020, 0x0020, 0x0021, 0x0021, 0x0021, 0x0021, 0x0021, 0x0021, 0x0021, 0x0021, 0x0021,
  0x0021, 0x0021, 0x0021, 0x0021, 0x0021, 0x0021, 0x0021, 0x0021, 0x0021, 0x0021, 0x0021, 0x0021,
  0x0021, 0x0021, 0x0021, 0x0021, 0x0020, 0x0021, 0x0021, 0x0021, 0x0021, 0x0021, 0x0021, 0x0021,
  0x0021, 0x0021, 0x0021, 0x0021, 0x0020, 0x0021, 0x0021, 0x0021, 0x0021, 0x0021, 0x0021, 0x0021,
  0x0021, 0x0021, 0x0021, 0x0021, 0x0021, 0x0021, 0x0021, 0x0021, 0x0021, 0x0021, 0x0021, 0x0021,
  0x0021, 0x0021, 0x0021, 0x0021, 0x0021, 0x0020, 0x0021, 0x0021, 0x0020, 0x0021, 0x0021, 0x0021,
  0x0021, 0x0021, 0x0020, 0x0021, 0x0021, 0x0021, 0x0020, 0x0021, 0x0021, 0x0021, 0x0021, 0x0021,
  0x0021, 0x0021, 0x0021, 0x0021, 0x0020, 0x0021, 0x0021, 0x0021, 0x0021, 0x0021, 0x0021, 0x0021,
  0x0021, 0x0021, 0x0021, 0x0021, 0x0021, 0x0021, 0x0021, 0x0021, 0x0021, 0x0020, 0x0021, 0x0021,
  0x0021, 0x0021, 0x0021, 0x0021, 0x0021, 0x0021, 0x0021, 0x0021, 0x0021, 0x0021, 0x0021, 0x0021,
  0x0021, 0x0020, 0x0021, 0x0021, 0x0021, 0x0021, 0x0021, 0x0021, 0x0020, 0x0021, 0x0020, 0x0021,
  0x0021, 0x0021, 0x0021, 0x0021, 0x0020, 0x0021, 0x0021, 0x0021, 0x0021, 0x0021, 0x0020, 0x0020,
  0x0021, 0x0021, 0x0020, 0x0021, 0x0021, 0x0020, 0x0021, 0x0021, 0x0021, 0x0021, 0x0021, 0x0021,
  0x0021, 0x0021, 0x0021, 0x0021, 0x0021, 0x0021, 0x0021, 0x0021, 0x0021, 0x0020, 0x0021, 0x0020,
  0x0021, 0x0021, 0x0021, 0x0021, 0x0021, 0x0020, 0x0021, 0x0021, 0x0021, 0x0021, 0x0021, 0x0021,
  0x0021, 0x0021, 0x0021, 0x0021, 0x0021, 0x0021, 0x0021, 0x0021, 0x0021, 0x0021, 0x0021, 0x0021,
  0x0021, 0x0021, 0x0021, 0x0021, 0x0021, 0x0021, 0x0021, 0x0021, 0x0021, 0x0021, 0x0021, 0x0021,
  0x0021, 0x0021, 0x0021, 0x0021, 0x0021, 0x0021, 0x0021, 0x0021, 0x0021, 0x0021, 0x0021, 0x0021,
  0x0021, 0x0021, 0x0021, 0x0021, 0x0021, 0x0021, 0x0021, 0x0021, 0x0021, 0x0021, 0x0021, 0x0021,
  0x0021, 0x0021, 0x0020, 0x0021, 0x0021, 0x0021, 0x0020, 0x0020, 0x0021, 0x0021, 0x0021, 0x0021,
  0x0021, 0x0021, 0x0021, 0x0021, 0x0021, 0x0020, 0x0021, 0x0021, 0x0021, 0x0021, 0x0021, 0x0021,
  0x0021, 0x0021, 0x0021, 0x0021, 0x0021, 0x0021, 0x0021, 0x0021, 0x0021, 0x0021, 0x0021, 0x0021,
  0x0021, 0x0021, 0x0021, 0x0021, 0x0021, 0x0021, 0x0021, 0x0021, 0x0021, 0x0021, 0x0021, 0x0020,
  0x0021, 0x0021, 0x0021, 0x0021, 0x0021, 0x0020, 0x0020, 0x0021, 0x0021, 0x0021, 0x0020, 0x0020,
  0x0021, 0x0021, 0x0021, 0x0021, 0x0021, 0x0021, 0x0021, 0x0020, 0x0020, 0x0021, 0x0021, 0x0020,
  0x0021, 0x0020, 0x0021, 0x0020, 0x0020, 0x0021, 0x0020, 0x0021, 0x0021, 0x0021, 0x0021, 0x0020,
  0x0021, 0x0021, 0x0021, 0x0021, 0x0021, 0x0020, 0x0021, 0x0021, 0x0021, 0x0021, 0x0021, 0x0021,
  0x0021, 0x0021, 0x0021, 0x0021, 0x0021, 0x0021, 0x0021, 0x0021, 0x0021, 0x0021, 0x0021, 0x0021,
  0x0021, 0x0021, 0x0021, 0x0021, 0x0021, 0x0021, 0x0021, 0x0021, 0x0021, 0x0021, 0x0021, 0x0021,
  0x0021, 0x0021, 0x0021, 0x0021, 0x0021, 0x0021, 0x0021, 0x0021, 0x0021, 0x0021, 0x0021, 0x0021,
  0x0021, 0x0021, 0x0021, 0x0021, 0x0021, 0x0021, 0x0021, 0x0021, 0x0021, 0x0021, 0x0021, 0x0021,
  0x0021, 0x0021, 0x0021, 0x0021, 0x0021, 0x0021, 0x0021, 0x0021, 0x0021, 0x0021, 0x0021, 0x0021,
  0x0021, 0x0021, 0x0021, 0x0021, 0x0021, 0x0021, 0x0021, 0x0021, 0x0020, 0x0021, 0x0021, 0x0020,
  0x0021, 0x0021, 0x0021, 0x0021, 0x0021, 0x0021, 0x0021, 0x0021, 0x0021, 0x0021, 0x0021, 0x0021,
  0x0021, 0x0021, 0x0021, 0x0021, 0x0021, 0x0021, 0x0021, 0x0021, 0x0021, 0x0021, 0x0021, 0x0021,
  0x0021, 0x0021, 0x0021, 0x0021, 0x0021, 0x0021, 0x0021, 0x0021, 0x0021, 0x0021, 0x0021, 0x0021,
  0x0021, 0x0021, 0x0021, 0x0021, 0x0021, 0x0021, 0x0021, 0x0021, 0x0021, 0x0021, 0x0021, 0x0021,
  0x0021, 0x0020, 0x0021, 0x0021, 0x0021, 0x0021, 0x0020, 0x0021, 0x0021, 0x0021, 0x0020, 0x0021,
  0x0020, 0x0021, 0x0021, 0x0021, 0x0021, 0x0021, 0x0021, 0x0020, 0x0021, 0x0021, 0x0021, 0x0021,
  0x0021, 0x0021, 0x0021, 0x0021, 0x0021, 0x0021, 0x0021, 0x0021, 0x0021, 0x0021, 0x0021, 0x0021,
  0x0021, 0x0021, 0x0021, 0x0021, 0x0021, 0x0021, 0x0021, 0x0021, 0x0021, 0x0021, 0x0021, 0x0021,
  0x0021, 0x0021, 0x0021, 0x0021, 0x0021, 0x0021, 0x0021, 0x0021, 0x0021, 0x0021, 0x0021, 0x0021,
  0x0021, 0x0021, 0x0021, 0x0021, 0x0021, 0x0021, 0x0021, 0x0021, 0x0021, 0x0021, 0x0021, 0x0021,
  0x0021, 0x0021, 0x0021, 0x0021, 0x0021, 0x0021, 0x0021, 0x0021, 0x0021, 0x0021, 0x0021, 0x0021,
  0x0021, 0x0021, 0x0021, 0x0021, 0x0021, 0x0021, 0x0021, 0x0021, 0x0021, 0x0021, 0x0021, 0x0021,
  0x0021, 0x0021, 0x0021, 0x0021, 0x0021, 0x0021, 0x0021, 0x0021, 0x0021, 0x0021, 0x0021, 0x0021,
  0x0021, 0x0021, 0x0021, 0x0021, 0x0021, 0x0021, 0x0021, 0x0021, 0x0021, 0x0021, 0x0020, 0x0021,
  0x0021, 0x0021, 0x0021, 0x0020, 0x0021, 0x0021, 0x0021, 0x0021, 0x0021, 0x0021, 0x0021, 0x0020,
  0x0021, 0x0021, 0x0021, 0x0021, 0x0021, 0x0021, 0x0021, 0x0021, 0x0021, 0x0021, 0x0021, 0x0021,
  0x0020, 0x0021, 0x0021, 0x0021, 0x0021, 0x0021, 0x0021, 0x0021, 0x0021, 0x0021, 0x0021, 0x0021,
  0x0020, 0x0021, 0x0021, 0x0021, 0x0021, 0x0021, 0x0021, 0x0021, 0x0021, 0x0021, 0x0020, 0x0021,
  0x0020, 0x0021, 0x0021, 0x0021, 0x0021, 0x0021, 0x0021, 0x0021, 0x0021, 0x0021, 0x0020, 0x0021,
  0x0021, 0x0021, 0x0021, 0x0021, 0x0021, 0x0021, 0x0021, 0x0021, 0x0020, 0x0021, 0x0021, 0x0021,
  0x0021, 0x0021, 0x0021, 0x0021, 0x0021, 0x0021, 0x0020, 0x0021, 0x0021, 0x0021, 0x0021, 0x0021,
  0x0021, 0x0021, 0x0021, 0x0021, 0x0021, 0x0021, 0x0021, 0x0021, 0x0021, 0x0021, 0x0021, 0x0021,
  0x0021, 0x0021, 0x0021, 0x0021, 0x0021, 0x0021, 0x0021, 0x0021, 0x0021, 0x0021, 0x0021, 0x0021,
  0x0021, 0x0021, 0x0021, 0x0021, 0x0021, 0x0021, 0x0021, 0x0020, 0x0021, 0x0021, 0x0021, 0x0021,
  0x0021, 0x0021, 0x0021, 0x0021, 0x0021, 0x0021, 0x0021, 0x0021, 0x0021, 0x0021, 0x0021, 0x0021,
  0x0021, 0x0021, 0x0021, 0x0021, 0x0021, 0x0021, 0x0021, 0x0021, 0x0021, 0x0021, 0x0021, 0x0020,
  0x0021, 0x0021, 0x0021, 0x0021, 0x0020, 0x0021, 0x0021, 0x0021, 0x0021, 0x0021, 0x0021, 0x0021,
  0x0021, 0x0021, 0x0021, 0x0021, 0x0021, 0x0021, 0x0021, 0x0021, 0x0021, 0x0021, 0x0021, 0x0021,
  0x0021, 0x0021, 0x0020, 0x0021, 0x0021, 0x0021, 0x0021, 0x0021, 0x0021, 0x0021, 0x0021, 0x0021,
  0x0021, 0x0021, 0x0021, 0x0021, 0x0021, 0x0021, 0x0021, 0x0021, 0x0021, 0x0021, 0x0021, 0x0021,
  0x0021, 0x0021, 0x0021, 0x0021, 0x0020, 0x0020, 0x0021, 0x0021, 0x0021, 0x0021, 0x0021, 0x0021,
  0x0021, 0x0021, 0x0020, 0x0021, 0x0020, 0x0021, 0x0021, 0x0021, 0x0021, 0x0020, 0x0021, 0x0021,
  0x0021, 0x0021, 0x0021, 0x0021, 0x0021, 0x0021, 0x0021, 0x0021, 0x0021, 0x0021, 0x0021, 0x0021,
  0x0021, 0x0021, 0x0021, 0x0021, 0x0020, 0x0021, 0x0021, 0x0021, 0x0021, 0x0021, 0x0021, 0x0021,
  0x0021, 0x0021, 0x0021, 0x0021, 0x0021, 0x0021, 0x0021, 0x0021, 0x0021, 0x0021, 0x0021, 0x0021,
  0x0020, 0x0021, 0x0021, 0x0021, 0x0021, 0x0021, 0x0021, 0x0021, 0x0021, 0x0021, 0x0021, 0x0021,
  0x0021, 0x0021, 0x0021, 0x0021, 0x0021, 0x0021, 0x0021, 0x0021, 0x0021, 0x0021, 0x0021, 0x0021,
  0x0021, 0x0021, 0x0021, 0x0021, 0x0021, 0x0020, 0x0021, 0x0021, 0x0021, 0x0021, 0x0021, 0x0021,
  0x0021, 0x0021, 0x0021, 0x0021, 0x0021, 0x0021, 0x0021, 0x0021, 0x0021, 0x0021, 0x0021, 0x0021,
  0x0021, 0x0021, 0x0021, 0x0021, 0x0021, 0x0021, 0x0020, 0x0021, 0x0021, 0x0021, 0x0021, 0x0021,
  0x0021, 0x0021, 0x0021, 0x0021, 0x0021, 0x0021, 0x0021, 0x0021, 0x0021, 0x0021, 0x0021, 0x0021,
  0x0021, 0x0021, 0x0021, 0x0021, 0x0021, 0x0021, 0x0021, 0x0021, 0x0021, 0x0021, 0x0021, 0x0020,
  0x0021, 0x0021, 0x0021, 0x0021, 0x0021, 0x0021, 0x0021, 0x0021, 0x0021, 0x0020, 0x0021, 0x0021,
  0x0021, 0x0021, 0x0021, 0x0021, 0x0021, 0x0021, 0x0021, 0x0021, 0x0021, 0x0021, 0x0021, 0x0021,
  0x0021, 0x0021, 0x0021, 0x0021, 0x0021, 0x0021, 0x0020, 0x0021, 0x0021, 0x0020, 0x0021, 0x0021,
  0x0021, 0x0021, 0x0021, 0x0020, 0x0021, 0x0021, 0x0021, 0x0020, 0x0021, 0x0021, 0x0021, 0x0021,
  0x0021, 0x0021, 0x0021, 0x0021, 0x0021, 0x0020, 0x0021, 0x0021, 0x0021, 0x0021, 0x0021, 0x0021,
  0x0021, 0x0021, 0x0021, 0x0021, 0x0021, 0x0021, 0x0021, 0x0021, 0x0021, 0x0021, 0x0021, 0x0021,
  0x0021, 0x0021, 0x0021, 0x0021, 0x0021, 0x0021, 0x0021, 0x0021, 0x0021, 0x0021, 0x0021, 0x0021,
  0x0021, 0x0021, 0x0021, 0x0021, 0x0021, 0x0021, 0x0021, 0x0021, 0x0021, 0x0021, 0x0021, 0x0021,
  0x0021, 0x0021, 0x0021, 0x0021, 0x0020, 0x0021, 0x0021, 0x0021, 0x0021, 0x0021, 0x0021, 0x0021,
  0x0021, 0x0021, 0x0021, 0x0021, 0x0021, 0x0021, 0x0021, 0x0021, 0x0021, 0x0021, 0x0021, 0x0021,
  0x0021, 0x0021, 0x0021, 0x0021, 0x0021, 0x0021, 0x0021, 0x0021, 0x0021, 0x0021, 0x0021, 0x0021,
  0x0020, 0x0021, 0x0021, 0x0021, 0x0021, 0x0021, 0x0021, 0x0020, 0x0021, 0x0021, 0x0021, 0x0021,
  0x0020, 0x0020, 0x0021, 0x0020, 0x0021, 0x0021, 0x0021, 0x0021, 0x0021, 0x0021, 0x0021, 0x0021,
  0x0021, 0x0021, 0x0021, 0x0021, 0x0020, 0x0021, 0x0021, 0x0021, 0x0021, 0x0021, 0x0021, 0x0021,
  0x0020, 0x0021, 0x0020, 0x0020, 0x0020, 0x0021, 0x0020, 0x0021, 0x0021, 0x0021, 0x0020, 0x0021,
  0x0021, 0x0021, 0x0021, 0x0021, 0x0021, 0x0021, 0x0021, 0x0021, 0x0021, 0x0021, 0x0021, 0x0021,
  0x0021, 0x0021, 0x0021, 0x0021, 0x0020, 0x0021, 0x0021, 0x0021, 0x0020, 0x0020, 0x0021, 0x0021,
  0x0020, 0x0020, 0x0021, 0x0021, 0x0020, 0x0021, 0x0021, 0x0021, 0x0021, 0x0021, 0x0021, 0x0021,
  0x0021, 0x0021, 0x0021, 0x0021, 0x0021, 0x0021, 0x0021, 0x0020, 0x0021, 0x0021, 0x0021, 0x0021,
  0x0021, 0x0021, 0x0021, 0x0020, 0x0021, 0x0021, 0x0021, 0x0021, 0x0021, 0x0021, 0x0021, 0x0021,
  0x0021, 0x0021, 0x0021, 0x0021, 0x0021, 0x0021, 0x0021, 0x0021, 0x0021, 0x0021, 0x0021, 0x0021,
  0x0021, 0x0021, 0x0021, 0x0020, 0x0021, 0x0021, 0x0021, 0x0021, 0x0021, 0x0021, 0x0021, 0x0021,
  0x0021, 0x0021, 0x0021, 0x0021, 0x0021, 0x0021, 0x0021, 0x0021, 0x0021, 0x0021, 0x0021, 0x0021,
  0x0021, 0x0021, 0x0021, 0x0021, 0x0021, 0x0021, 0x0021, 0x0021, 0x0021, 0x0021, 0x0021, 0x0021,
  0x0021, 0x0021, 0x0021, 0x0021, 0x0021, 0x0021, 0x0021, 0x0021, 0x0021, 0x0021, 0x0021, 0x0021,
  0x0021, 0x0021, 0x0021, 0x0021, 0x0020, 0x0021, 0x0021, 0x0021, 0x0021, 0x0021, 0x0021, 0x0021,
  0x0021, 0x0020, 0x0021, 0x0021, 0x0021, 0x0021, 0x0021, 0x0021, 0x0021, 0x0021, 0x0021, 0x0021,
  0x0021, 0x0021, 0x0021, 0x0021, 0x0021, 0x0021, 0x0021, 0x0020, 0x0021, 0x0021, 0x0020, 0x0021,
  0x0021, 0x0021, 0x0021, 0x0021, 0x0021, 0x0021, 0x0021, 0x0021, 0x0021, 0x0021, 0x0021, 0x0021,
  0x0021, 0x0021, 0x0021, 0x0021, 0x0021, 0x0020, 0x0021, 0x0021, 0x0021, 0x0021, 0x0021, 0x0020,
  0x0021, 0x0021, 0x0021, 0x0020, 0x0021, 0x0020, 0x0021, 0x0021, 0x0021, 0x0021, 0x0021, 0x0021,
  0x0021, 0x0021, 0x0021, 0x0021, 0x0021, 0x0021, 0x0021, 0x0021, 0x0021, 0x0021, 0x0021, 0x0021,
  0x0021, 0x0021, 0x0021, 0x0020, 0x0021, 0x0021, 0x0021, 0x0021, 0x0021, 0x0021, 0x0021, 0x0021,
  0x0021, 0x0021, 0x0021, 0x0021, 0x0021, 0x0021, 0x0021, 0x0021, 0x0021, 0x0021, 0x0021, 0x0021,
  0x0021, 0x0021, 0x0021, 0x0021, 0x0021, 0x0021, 0x0021, 0x0021, 0x0020, 0x0021, 0x0021, 0x0021,
  0x0021, 0x0021, 0x0021, 0x0021, 0x0021, 0x0021, 0x0021, 0x0021, 0x0021, 0x0021, 0x0021, 0x0021,
  0x0021, 0x0021, 0x0021, 0x0021, 0x0021, 0x0021, 0x0021, 0x0021, 0x0021, 0x0021, 0x0021, 0x0021,
  0x0021, 0x0021, 0x0020, 0x0021, 0x0021, 0x0021, 0x0021, 0x0021, 0x0021, 0x0021, 0x0021, 0x0021,
  0x0021, 0x0020, 0x0021, 0x0021, 0x0021, 0x0021, 0x0021, 0x0021, 0x0021, 0x0021, 0x0021, 0x0021,
  0x0021, 0x0021, 0x0020, 0x0021, 0x0021, 0x0021, 0x0021, 0x0021, 0x0021, 0x0021, 0x0021, 0x0021,
  0x0021, 0x0021, 0x0020, 0x0021, 0x0021, 0x0021, 0x0021, 0x0021, 0x0020, 0x0021, 0x0020, 0x0021,
  0x0021, 0x0020, 0x0021, 0x0020, 0x0021, 0x0021, 0x0021, 0x0021, 0x0021, 0x0021, 0x0021, 0x0021,
  0x0021, 0x0021, 0x0021, 0x0020, 0x0021, 0x0021, 0x0021, 0x0021, 0x0021, 0x0021, 0x0020, 0x0021,
  0x0021, 0x0021, 0x0021, 0x0020, 0x0021, 0x0021, 0x0021, 0x0020, 0x0021, 0x0020, 0x0021, 0x0021,
  0x0021, 0x0021, 0x0021, 0x0020, 0x0021, 0x0021, 0x0021, 0x0021, 0x0021, 0x0021, 0x0021, 0x0021,
  0x0021, 0x0021, 0x0021, 0x0021, 0x0021, 0x0021, 0x0021, 0x0021, 0x0020, 0x0021, 0x0021, 0x0021,
  0x0021, 0x0021, 0x0021, 0x0021, 0x0021, 0x0021, 0x0021, 0x0021, 0x0021, 0x0021, 0x0021, 0x0021,
  0x0021, 0x0021, 0x0021, 0x0021, 0x0021, 0x0021, 0x0021, 0x0021, 0x0021, 0x0021, 0x0021, 0x0020,
  0x0020, 0x0021, 0x0021, 0x0021, 0x0021, 0x0021, 0x0021, 0x0021, 0x0021, 0x0021, 0x0021, 0x0021,
  0x0021, 0x0021, 0x0021, 0x0021, 0x0021, 0x0021, 0x0021, 0x0021, 0x0020, 0x0021, 0x0021, 0x0021,
  0x0021, 0x0020, 0x0021, 0x0021, 0x0021, 0x0021, 0x0021, 0x0021, 0x0021, 0x0020, 0x0021, 0x0021,
  0x0021, 0x0021, 0x0021, 0x0021, 0x0020, 0x0021, 0x0021, 0x0021, 0x0021, 0x0021, 0x0021, 0x0021,
  0x0020, 0x0021, 0x0021, 0x0021, 0x0021, 0x0021, 0x0021, 0x0021, 0x0021, 0x0021, 0x0021, 0x0021,
  0x0021, 0x0021, 0x0020, 0x0021, 0x0021, 0x0021, 0x0021, 0x0021, 0x0021, 0x0021, 0x0021, 0x0021,
  0x0021, 0x0021, 0x0021, 0x0021, 0x0020, 0x0020, 0x0021, 0x0020, 0x0020, 0x0021, 0x0021, 0x0021,
  0x0021, 0x0021, 0x0021, 0x0021, 0x0021, 0x0021, 0x0021, 0x0021, 0x0021, 0x0021, 0x0021, 0x0021,
  0x0021, 0x0021, 0x0021, 0x0021, 0x0021, 0x0021, 0x0021, 0x0021, 0x0021, 0x0021, 0x0021, 0x0021,
  0x0020, 0x0020, 0x0021, 0x0021, 0x0021, 0x0021, 0x0021, 0x0021, 0x0021, 0x0021, 0x0021, 0x0021,
  0x0021, 0x0020, 0x0021, 0x0021, 0x0021, 0x0021, 0x0021, 0x0020, 0x0021, 0x0020, 0x0021, 0x0021,
  0x0021, 0x0021, 0x0021, 0x0020, 0x0021, 0x0021, 0x0020, 0x0021, 0x0021, 0x0021, 0x0021, 0x0021,
  0x0021, 0x0021, 0x0021, 0x0021, 0x0021, 0x0021, 0x0021, 0x0021, 0x0021, 0x0021, 0x0021, 0x0021,
  0x0021, 0x0021, 0x0021, 0x0021, 0x0021, 0x0021, 0x0021, 0x0021, 0x0021, 0x0021, 0x0021, 0x0020,
  0x0021, 0x0021, 0x0021, 0x0021, 0x0021, 0x0021, 0x0021, 0x0021, 0x0021, 0x0021, 0x0021, 0x0021,
  0x0021, 0x0021, 0x0021, 0x0021, 0x0021, 0x0021, 0x0021, 0x0021, 0x0021, 0x0021, 0x0020, 0x0021,
  0x0021, 0x0021, 0x0021, 0x0021, 0x0021, 0x0021, 0x0021, 0x0021, 0x0020, 0x0021, 0x0021, 0x0021,
  0x0021, 0x0021, 0x0021, 0x0021, 0x0021, 0x0021, 0x0021, 0x0021, 0x0021, 0x0021, 0x0021, 0x0021,
  0x0021, 0x0021, 0x0021, 0x0021, 0x0021, 0x0021, 0x0021, 0x0021, 0x0021, 0x0020, 0x0021, 0x0021,
  0x0021, 0x0020, 0x0021, 0x0021, 0x0021, 0x0021, 0x0021, 0x0021, 0x0020, 0x0021, 0x0021, 0x0021,
  0x0020, 0x0021, 0x0021, 0x0021, 0x0021, 0x0021, 0x0021, 0x0021, 0x0021, 0x0021, 0x0020, 0x0021,
  0x0021, 0x0021, 0x0021, 0x0021, 0x0021, 0x0021, 0x0021, 0x0021, 0x0021, 0x0021, 0x0021, 0x0021,
  0x0021, 0x0021, 0x0021, 0x0020, 0x0020, 0x0021, 0x0021, 0x0021, 0x0021, 0x0021, 0x0021, 0x0021,
  0x0021, 0x0021, 0x0021, 0x0021, 0x0021, 0x0021, 0x0021, 0x0021, 0x0020, 0x0021, 0x0021, 0x0021,
  0x0021, 0x0021, 0x0021, 0x0021, 0x0021, 0x0021, 0x0021, 0x0021, 0x0020, 0x0021, 0x0021, 0x0021,
  0x0020, 0x0021, 0x0021, 0x0021, 0x0021, 0x0021, 0x0021, 0x0021, 0x0021, 0x0021, 0x0021, 0x0021,
  0x0021, 0x0021, 0x0020, 0x0021, 0x0021, 0x0021, 0x0020, 0x0021, 0x0021, 0x0021, 0x0021, 0x0021,
  0x0021, 0x0020, 0x0021, 0x0021, 0x0021, 0x0021, 0x0021, 0x0021, 0x0021, 0x0021, 0x0021, 0x0021,
  0x0021, 0x0021, 0x0021, 0x0021, 0x0021, 0x0021, 0x0021, 0x0021, 0x0021, 0x0021, 0x0021, 0x0021,
  0x0021, 0x0021, 0x0021, 0x0021, 0x0021, 0x0021, 0x0021, 0x0020, 0x0021, 0x0021, 0x0021, 0x0021,
  0x0021, 0x0021, 0x0021, 0x0021, 0x0021, 0x0021, 0x0021, 0x0021, 0x0021, 0x0021, 0x0021, 0x0021,
  0x0021, 0x0021, 0x0021, 0x0020, 0x0020, 0x0021, 0x0021, 0x0021, 0x0021, 0x0021, 0x0021, 0x0021,
  0x0021, 0x0021, 0x0020, 0x0021, 0x0021, 0x0021, 0x0020, 0x0021, 0x0021, 0x0021, 0x0021, 0x0021,
  0x0020, 0x0020, 0x0020, 0x0021, 0x0021, 0x0021, 0x0021, 0x0021, 0x0021, 0x0021, 0x0021, 0x0021,
  0x0021, 0x0021, 0x0021, 0x0021, 0x0020, 0x0021, 0x0021, 0x0021, 0x0021, 0x0021, 0x0021, 0x0020,
  0x0021, 0x0021, 0x0021, 0x0021, 0x0020, 0x0021, 0x0021, 0x0021, 0x0020, 0x0020, 0x0021, 0x0021,
  0x0021, 0x0021, 0x0021, 0x0021, 0x0021, 0x0021, 0x0021, 0x0021, 0x0021, 0x0021, 0x0020, 0x0020,
  0x0021, 0x0021, 0x0021, 0x0021, 0x0021, 0x0021, 0x0021, 0x0021, 0x0021, 0x0021, 0x0021, 0x0021,
  0x0021, 0x0021, 0x0021, 0x0021, 0x0021, 0x0021, 0x0020, 0x0020, 0x0021, 0x0021, 0x0021, 0x0021,
  0x0021, 0x0021, 0x0021, 0x0021, 0x0021, 0x0021, 0x0021, 0x0021, 0x0021, 0x0021, 0x0021, 0x0021,
  0x0021, 0x0021, 0x0021, 0x0021, 0x0021, 0x0021, 0x0021, 0x0021, 0x0021, 0x0021, 0x0021, 0x0021,
  0x0021, 0x0021, 0x0021, 0x0021, 0x0021, 0x0021, 0x0021, 0x0021, 0x0021, 0x0021, 0x0021, 0x0021,
  0x0021, 0x0021, 0x0021, 0x0021, 0x0021, 0x0021, 0x0021, 0x0021, 0x0021, 0x0021, 0x0021, 0x0021,
  0x0021, 0x0021, 0x0021, 0x0021, 0x0021, 0x0021, 0x0021, 0x0021, 0x0021, 0x0021, 0x0021, 0x0021,
  0x0020, 0x0021, 0x0021, 0x0021, 0x0021, 0x0020, 0x0021, 0x0020, 0x0021, 0x0021, 0x0021, 0x0021,
  0x0021, 0x0021, 0x0021, 0x0021, 0x0020, 0x0020, 0x0020, 0x0020, 0x0020, 0x0021, 0x0021, 0x0021,
  0x0021, 0x0021, 0x0021, 0x0021, 0x0021, 0x0021, 0x0020, 0x0021, 0x0021, 0x0021, 0x0021, 0x0021,
  0x0020, 0x0021, 0x0021, 0x0021, 0x0021, 0x0020, 0x0021, 0x0021, 0x0021, 0x0021, 0x0021, 0x0021,
  0x0021, 0x0021, 0x0021, 0x0021, 0x0021, 0x0020, 0x0020, 0x0021, 0x0020, 0x0021, 0x0020, 0x0021,
  0x0020, 0x0020, 0x0021, 0x0021, 0x0021, 0x0021, 0x0021, 0x0021, 0x0021, 0x0021, 0x0021, 0x0021,
  0x0021, 0x0021, 0x0021, 0x0021, 0x0021, 0x0021, 0x0021, 0x0021, 0x0021, 0x0021, 0x0021, 0x0021,
  0x0021, 0x0021, 0x0021, 0x0021, 0x0021, 0x0021, 0x0021, 0x0021, 0x0021, 0x0021, 0x0021, 0x0021,
  0x0021, 0x0021, 0x0021, 0x0021, 0x0021, 0x0021, 0x0021, 0x0021, 0x0021, 0x0021, 0x0021, 0x0021,
  0x0021, 0x0021, 0x0021, 0x0021, 0x0021, 0x0021, 0x0021, 0x0021, 0x0021, 0x0021, 0x0021, 0x0021,
  0x0021, 0x0021, 0x0021, 0x0020, 0x0021, 0x0021, 0x0021, 0x0021, 0x0021, 0x0021, 0x0021, 0x0021,
  0x0021, 0x0021, 0x0021, 0x0021, 0x0020, 0x0021, 0x0021, 0x0021, 0x0021, 0x0021, 0x0021, 0x0021,
  0x0021, 0x0021, 0x0021, 0x0021, 0x0021, 0x0021, 0x0021, 0x0020, 0x0021, 0x0021, 0x0021, 0x0021,
  0x0021, 0x0021, 0x0021, 0x0021, 0x0021, 0x0021, 0x0021, 0x0021, 0x0021, 0x0021, 0x0021, 0x0021,
  0x0020, 0x0021, 0x0021, 0x0021, 0x0021, 0x0021, 0x0021, 0x0021, 0x0021, 0x0021, 0x0021, 0x0021,
  0x0021, 0x0021, 0x0021, 0x0021, 0x0021, 0x0021, 0x0021, 0x0021, 0x0021, 0x0021, 0x0021, 0x0021,
  0x0021, 0x0021, 0x0021, 0x0020, 0x0021, 0x0020, 0x0021, 0x0021, 0x0020, 0x0021, 0x0021, 0x0021,
  0x0020, 0x0020, 0x0021, 0x0020, 0x0020, 0x0021, 0x0021, 0x0021, 0x0020, 0x0021, 0x0021, 0x0020,
  0x0021, 0x0021, 0x0021, 0x0021, 0x0020, 0x0020, 0x0021, 0x0021, 0x0021, 0x0021, 0x0021, 0x0021,
  0x0021, 0x0021, 0x0021, 0x0021, 0x0021, 0x0021, 0x0021, 0x0021, 0x0021, 0x0021, 0x0021, 0x0021,
  0x0021, 0x0021, 0x0021, 0x0021, 0x0020, 0x0021, 0x0021, 0x0020, 0x0021, 0x0020, 0x0021, 0x0021,
  0x0021, 0x0020, 0x0021, 0x0021, 0x0021, 0x0021, 0x0021, 0x0021, 0x0021, 0x0021, 0x0021, 0x0021,
  0x0020, 0x0021, 0x0021, 0x0021, 0x0021, 0x0021, 0x0021, 0x0021, 0x0021, 0x0021, 0x0021, 0x0021,
  0x0021, 0x0021, 0x0021, 0x0021, 0x0021, 0x0021, 0x0021, 0x0021, 0x0021, 0x0021, 0x0021, 0x0021,
  0x0021, 0x0021, 0x0021, 0x0021, 0x0021, 0x0021, 0x0021, 0x0021, 0x0021, 0x0021, 0x0021, 0x0021,
  0x0021, 0x0021, 0x0021, 0x0021, 0x0021, 0x0021, 0x0021, 0x0021, 0x0021, 0x0021, 0x0021, 0x0020,
  0x0021, 0x0021, 0x0021, 0x0021, 0x0021, 0x0021, 0x0021, 0x0021, 0x0021, 0x0021, 0x0021, 0x0021,
  0x0021, 0x0021, 0x0021, 0x0021, 0x0021, 0x0021, 0x0021, 0x0021, 0x0021, 0x0021, 0x0021, 0x0021,
  0x0021, 0x0021, 0x0021, 0x0021, 0x0021, 0x0021, 0x0021, 0x0021, 0x0020, 0x0021, 0x0021, 0x0021,
  0x0021, 0x0021, 0x0021, 0x0021, 0x0021, 0x0021, 0x0021, 0x0021, 0x0021, 0x0021, 0x0021, 0x0021,
  0x0021, 0x0021, 0x0020, 0x0021, 0x0021, 0x0021, 0x0021, 0x0021, 0x0020, 0x0021, 0x0021, 0x0021,
  0x0021, 0x0021, 0x0021, 0x0021, 0x0021, 0x0021, 0x0021, 0x0021, 0x0020, 0x0021, 0x0021, 0x0021,
  0x0021, 0x0021, 0x0021, 0x0021, 0x0020, 0x0021, 0x0021, 0x0021, 0x0021, 0x0021, 0x0021, 0x0021,
  0x0021, 0x0021, 0x0021, 0x0021, 0x0021, 0x0021, 0x0021, 0x0021, 0x0021, 0x0021, 0x0021, 0x0021,
  0x0021, 0x0021, 0x0021, 0x0021, 0x0021, 0x0021, 0x0021, 0x0021, 0x0021, 0x0021, 0x0021, 0x0021,
  0x0021, 0x0021, 0x0021, 0x0021, 0x0021, 0x0021, 0x0021, 0x0021, 0x0021, 0x0021, 0x0021, 0x0021,
  0x0021, 0x0021, 0x0021, 0x0021, 0x0021, 0x0021, 0x0021, 0x0021, 0x0021, 0x0021, 0x0021, 0x0021,
  0x0021, 0x0020, 0x0021, 0x0021, 0x0021, 0x0021, 0x0021, 0x0021, 0x0021, 0x0021, 0x0021, 0x0021,
  0x0021, 0x0021, 0x0021, 0x0021, 0x0021, 0x0021, 0x0021, 0x0021, 0x0021, 0x0021, 0x0021, 0x0021,
  0x0021, 0x0021, 0x0021, 0x0021, 0x0021, 0x0021, 0x0021, 0x0021, 0x0021, 0x0021, 0x0021, 0x0021,
  0x0021, 0x0021, 0x0021, 0x0021, 0x0021, 0x0021, 0x0021, 0x0021, 0x0021, 0x0021, 0x0021, 0x0021,
  0x0021, 0x0021, 0x0021, 0x0021, 0x0021, 0x0021, 0x0021, 0x0020, 0x0021, 0x0021, 0x0021, 0x0021,
  0x0021, 0x0021, 0x0021, 0x0021, 0x0021, 0x0021, 0x0021, 0x0021, 0x0020, 0x0021, 0x0021, 0x0021,
  0x0021, 0x0021, 0x0021, 0x0021, 0x0021, 0x0021, 0x0021, 0x0021, 0x0021, 0x0021, 0x0021, 0x0021,
  0x0021, 0x0021, 0x0021, 0x0021, 0x0021, 0x0021, 0x0020, 0x0021, 0x0021, 0x0021, 0x0021, 0x0021,
  0x0021, 0x0021, 0x0021, 0x0021, 0x0021, 0x0021, 0x0021, 0x0020, 0x0021, 0x0021, 0x0021, 0x0021,
  0x0021, 0x0021, 0x0021, 0x0021, 0x0021, 0x0020, 0x0021, 0x0021, 0x0021, 0x0021, 0x0021, 0x0021,
  0x0021, 0x0021, 0x0021, 0x0021, 0x0021, 0x0021, 0x0021, 0x0021, 0x0021, 0x0021, 0x0021, 0x0021,
  0x0021, 0x0021, 0x0021, 0x0021, 0x0021, 0x0021, 0x0021, 0x0021, 0x0021, 0x0021, 0x0021, 0x0021,
  0x0021, 0x0021, 0x0021, 0x0021, 0x0021, 0x0021, 0x0021, 0x0021, 0x0021, 0x0021, 0x0020, 0x0021,
  0x0021, 0x0021, 0x0021, 0x0021, 0x0021, 0x0021, 0x0021, 0x0021, 0x0021, 0x0020, 0x0021, 0x0021,
  0x0021, 0x0021, 0x0021, 0x0021, 0x0021, 0x0021, 0x0021, 0x0021, 0x0021, 0x0021, 0x0021, 0x0021,
  0x0021, 0x0021, 0x0021, 0x0021, 0x0021, 0x0021, 0x0021, 0x0021, 0x0021, 0x0021, 0x0021, 0x0021,
  0x0021, 0x0021, 0x0021, 0x0021, 0x0021, 0x0021, 0x0021, 0x0021, 0x0021, 0x0021, 0x0021, 0x0021,
  0x0021, 0x0021, 0x0021, 0x0021, 0x0021, 0x0021, 0x0021, 0x0021, 0x0021, 0x0021, 0x0021, 0x0021,
  0x0021, 0x0021, 0x0021, 0x0021, 0x0021, 0x0021, 0x0021, 0x0021, 0x0021, 0x0021, 0x0021, 0x0021,
  0x0021, 0x0021, 0x0021, 0x0021, 0x0021, 0x0021, 0x0021, 0x0021, 0x0021, 0x0021, 0x0020, 0x0021,
  0x0021, 0x0021, 0x0021, 0x0021, 0x0021, 0x0021, 0x0021, 0x0021, 0x0021, 0x0021, 0x0021, 0x0021,
  0x0021, 0x0021, 0x0021, 0x0020, 0x0021, 0x0021, 0x0021, 0x0021, 0x0021, 0x0021, 0x0021, 0x0021,
  0x0021, 0x0021, 0x0021, 0x0021, 0x0021, 0x0021, 0x0021, 0x0021, 0x0021, 0x0021, 0x0021, 0x0021,
  0x0021, 0x0021, 0x0021, 0x0021, 0x0021, 0x0021, 0x0021, 0x0021, 0x0021, 0x0021, 0x0021, 0x0021,
  0x0021, 0x0021, 0x0021, 0x0021, 0x0021, 0x0021, 0x0021, 0x0021, 0x0021, 0x0021, 0x0021, 0x0021,
  0x0021, 0x0021, 0x0021, 0x0021, 0x0021, 0x0021, 0x0021, 0x0021, 0x0021, 0x0021, 0x0021, 0x0021,
  0x0021, 0x0021, 0x0021, 0x0021, 0x0021, 0x0021, 0x0021, 0x0021, 0x0021, 0x0021, 0x0021, 0x0021,
  0x0021, 0x0021, 0x0021, 0x0021, 0x0021, 0x0021, 0x0021, 0x0021, 0x0021, 0x0021, 0x0021, 0x0021,
  0x0021, 0x0021, 0x0021, 0x0021, 0x0021, 0x0021, 0x0021, 0x0021, 0x0021, 0x0021, 0x0021, 0x0021,
  0x0021, 0x0021, 0x0021, 0x0021, 0x0021, 0x0021, 0x0021, 0x0021, 0x0021, 0x0021, 0x0021, 0x0021,
  0x0021, 0x0021, 0x0021, 0x0021, 0x0021, 0x0021, 0x0021, 0x0021, 0x0021, 0x0021, 0x0021, 0x0021,
  0x0021, 0x0021, 0x0021, 0x0021, 0x0021, 0x0021, 0x0021, 0x0021, 0x0021, 0x0021, 0x0021, 0x0021,
  0x0021, 0x0021, 0x0021, 0x0021, 0x0021, 0x0021, 0x0021, 0x0021, 0x0021, 0x0020, 0x0021, 0x0021,
  0x0021, 0x0021, 0x0021, 0x0021, 0x0021, 0x0020, 0x0021, 0x0021, 0x0021, 0x0021, 0x0021, 0x0020,
  0x0021, 0x0021, 0x0021, 0x0021, 0x0021, 0x0021, 0x0021, 0x0021, 0x0020, 0x0021, 0x0021, 0x0021,
  0x0021, 0x0021, 0x0021, 0x0021, 0x0021, 0x0021, 0x0021, 0x0021, 0x0021, 0x0021, 0x0021, 0x0021,
  0x0021, 0x0021, 0x0021, 0x0021, 0x0021, 0x0021, 0x0021, 0x0021, 0x0021, 0x0021, 0x0021, 0x0021,
  0x0021, 0x0021, 0x0021, 0x0020, 0x0021, 0x0021, 0x0021, 0x0021, 0x0021, 0x0021, 0x0021, 0x0021,
  0x0021, 0x0021, 0x0021, 0x0021, 0x0021, 0x0021, 0x0021, 0x0021, 0x0021, 0x0021, 0x0021, 0x0021,
  0x0021, 0x0021, 0x0021, 0x0021, 0x0021, 0x0021, 0x0020, 0x0020, 0x0021, 0x0021, 0x0021, 0x0021,
  0x0021, 0x0021, 0x0021, 0x0021, 0x0021, 0x0021, 0x0021, 0x0021, 0x0021, 0x0021, 0x0021, 0x0021,
  0x0021, 0x0021, 0x0021, 0x0021, 0x0021, 0x0021, 0x0021, 0x0021, 0x0021, 0x0021, 0x0021, 0x0021,
  0x0021, 0x0021, 0x0021, 0x0021, 0x0021, 0x0021, 0x0021, 0x0021, 0x0021, 0x0021, 0x0021, 0x0021,
  0x0021, 0x0021, 0x0021, 0x0021, 0x0021, 0x0021, 0x0020, 0x0021, 0x0021, 0x0020, 0x0021, 0x0021,
  0x0021, 0x0021, 0x0021, 0x0021, 0x0021, 0x0021, 0x0021, 0x0021, 0x0021, 0x0021, 0x0021, 0x0021,
  0x0021, 0x0021, 0x0021, 0x0021, 0x0021, 0x0021, 0x0021, 0x0021, 0x0021, 0x0020, 0x0021, 0x0020,
  0x0021, 0x0021, 0x0021, 0x0021, 0x0021, 0x0020, 0x0021, 0x0021, 0x0021, 0x0021, 0x0021, 0x0021,
  0x0021, 0x0021, 0x0021, 0x0021, 0x0021, 0x0021, 0x0021, 0x0021, 0x0021, 0x0021, 0x0021, 0x0021,
  0x0020, 0x0021, 0x0021, 0x0021, 0x0021, 0x0021, 0x0021, 0x0021, 0x0021, 0x0021, 0x0021, 0x0021,
  0x0021, 0x0020, 0x0021, 0x0021, 0x0021, 0x0021, 0x0021, 0x0021, 0x0021, 0x0021, 0x0021, 0x0021,
  0x0021, 0x0021, 0x0021, 0x0021, 0x0020, 0x0021, 0x0021, 0x0021, 0x0021, 0x0021, 0x0021, 0x0021,
  0x0021, 0x0021, 0x0021, 0x0021, 0x0021, 0x0021, 0x0021, 0x0021, 0x0020, 0x0021, 0x0021, 0x0021,
  0x0021, 0x0021, 0x0021, 0x0021, 0x0021, 0x0021, 0x0021, 0x0020, 0x0020, 0x0020, 0x0021, 0x0021,
  0x0021, 0x0021, 0x0021, 0x0021, 0x0021, 0x0021, 0x0021, 0x0021, 0x0020, 0x0020, 0x0021, 0x0021,
  0x0021, 0x0021, 0x0021, 0x0020, 0x0021, 0x0021, 0x0021, 0x0021, 0x0021, 0x0021, 0x0021, 0x0021,
  0x0021, 0x0021, 0x0021, 0x0021, 0x0021, 0x0020, 0x0021, 0x0021, 0x0021, 0x0021, 0x0021, 0x0021,
  0x0021, 0x0021, 0x0021, 0x0021, 0x0021, 0x0021, 0x0021, 0x0021, 0x0021, 0x0021, 0x0021, 0x0020,
  0x0021, 0x0021, 0x0021, 0x0020, 0x0021, 0x0021, 0x0021, 0x0021, 0x0021, 0x0021, 0x0021, 0x0020,
  0x0021, 0x0021, 0x0021, 0x0020, 0x0021, 0x0020, 0x0021, 0x0021, 0x0021, 0x0021, 0x0021, 0x0021,
  0x0021, 0x0021, 0x0020, 0x0021, 0x0020, 0x0020, 0x0021, 0x0021, 0x0021, 0x0021, 0x0020, 0x0021,
  0x0021, 0x0020, 0x0021, 0x0021, 0x0020, 0x0021, 0x0020, 0x0021, 0x0021, 0x0021, 0x0021, 0x0021,
  0x0021, 0x0021, 0x0021, 0x0021,
