// Generated from Assets/GridCity/StreetV3/device/f3-horizon-drive.png
// SHA-256: 45700712408376f2b12d7e135a93eaf1a9752651851adf0250a0537983bdca35
  0x0021, 0x0021, 0x0021, 0x0021, 0x0021, 0x0021, 0x0021, 0x0021, 0x0021, 0x0021, 0x0021, 0x0021,
  0x0021, 0x0021, 0x0021, 0x0021, 0x0021, 0x0021, 0x0021, 0x0021, 0x0021, 0x0021, 0x0021, 0x0021,
  0x0021, 0x0021, 0x0021, 0x0021, 0x0021, 0x0021, 0x0021, 0x0021, 0x0021, 0x0021, 0x0021, 0x0021,
  0x0021, 0x0021, 0x0021, 0x0021, 0x0021, 0x0041, 0x0021, 0x0021, 0x0021, 0x0021, 0x0021, 0x0021,
  0x0021, 0x0021, 0x0021, 0x0021, 0x0021, 0x0021, 0x0021, 0x0021, 0x0021, 0x0021, 0x0021, 0x0021,
  0x0021, 0x0021, 0x0021, 0x0021, 0x0021, 0x0021, 0x0021, 0x0021, 0x0021, 0x0021, 0x0021, 0x0021,
  0x0021, 0x0021, 0x0021, 0x0021, 0x0021, 0x0021, 0x0021, 0x0021, 0x0021, 0x0021, 0x0021, 0x0021,
  0x0021, 0x0021, 0x0021, 0x0021, 0x0021, 0x0021, 0x0021, 0x0021, 0x0021, 0x0021, 0x0021, 0x0021,
  0x0021, 0x0021, 0x0021, 0x0021, 0x0021, 0x0021, 0x0021, 0x0021, 0x0021, 0x0021, 0x0021, 0x0021,
  0x0021, 0x0021, 0x0021, 0x0021, 0x0021, 0x0021, 0x0021, 0x0021, 0x0021, 0x0021, 0x0021, 0x0021,
  0x0021, 0x0021, 0x0021, 0x0021, 0x0021, 0x0021, 0x0021, 0x0021, 0x0021, 0x0021, 0x0021, 0x0021,
  0x0021, 0x0021, 0x0021, 0x0021, 0x0021, 0x0021, 0x0021, 0x0021, 0x0021, 0x0021, 0x0021, 0x0021,
  0x0021, 0x0021, 0x0021, 0x0021, 0x0021, 0x0021, 0x0021, 0x0021, 0x0021, 0x0021, 0x0021, 0x0021,
  0x0021, 0x0021, 0x0021, 0x0021, 0x0021, 0x0021, 0x0021, 0x0021, 0x0021, 0x0021, 0x0021, 0x0021,
  0x0021, 0x0021, 0x0021, 0x0021, 0x0021, 0x0021, 0x0021, 0x0021, 0x0021, 0x0021, 0x0021, 0x0021,
  0x0021, 0x0021, 0x0021, 0x0021, 0x0021, 0x0021, 0x0021, 0x0021, 0x0021, 0x0021, 0x0021, 0x0021,
  0x0021, 0x0021, 0x0021, 0x0021, 0x0021, 0x0021, 0x0021, 0x0021, 0x0021, 0x0021, 0x0021, 0x0021,
  0x0021, 0x0021, 0x0021, 0x0021, 0x0021, 0x0021, 0x0021, 0x0021, 0x0021, 0x0021, 0x0021, 0x0021,
  0x0021, 0x0021, 0x0021, 0x0021, 0x0021, 0x0021, 0x0021, 0x0021, 0x0021, 0x0021, 0x0021, 0x0021,
  0x0021, 0x0021, 0x0021, 0x0021, 0x0021, 0x0021, 0x0021, 0x0021, 0x0021, 0x0021, 0x0021, 0x0021,
  0x0021, 0x0021, 0x0021, 0x0021, 0x0021, 0x0021, 0x0021, 0x0021, 0x0021, 0x0021, 0x0021, 0x0021,
  0x0021, 0x0021, 0x0021, 0x0021, 0x0021, 0x0021, 0x0021, 0x0021, 0x0021, 0x0021, 0x0021, 0x0021,
  0x0021, 0x0021, 0x0021, 0x0021, 0x0021, 0x0021, 0x0021, 0x0021, 0x0021, 0x0021, 0x0021, 0x0021,
  0x0021, 0x0021, 0x0021, 0x0021, 0x0021, 0x0021, 0x0021, 0x0021, 0x0021, 0x0021, 0x0021, 0x0021,
  0x0021, 0x0021, 0x0021, 0x0021, 0x0021, 0x0021, 0x0021, 0x0021, 0x0021, 0x0021, 0x0021, 0x0021,
  0x0021, 0x0021, 0x0021, 0x0021, 0x0021, 0x0021, 0x0021, 0x0021, 0x0021, 0x0021, 0x0021, 0x0021,
  0x0021, 0x0021, 0x0021, 0x0021, 0x0021, 0x0021, 0x0021, 0x0021, 0x0021, 0x0021, 0x0021, 0x0021,
  0x0021, 0x0021, 0x0021, 0x0021, 0x0021, 0x0021, 0x0021, 0x0021, 0x0021, 0x0021, 0x0021, 0x0021,
  0x0021, 0x0021, 0x0021, 0x0021, 0x0021, 0x0021, 0x0021, 0x0021, 0x0021, 0x0021, 0x0021, 0x0021,
  0x0021, 0x0021, 0x0021, 0x0021, 0x0021, 0x0021, 0x0021, 0x0021, 0x0021, 0x0021, 0x0021, 0x0021,
  0x0021, 0x0021, 0x0021, 0x0021, 0x0021, 0x0021, 0x0021, 0x0021, 0x0021, 0x0021, 0x0021, 0x0021,
  0x0021, 0x0021, 0x0021, 0x0021, 0x0021, 0x0021, 0x0021, 0x0021, 0x0021, 0x0021, 0x0021, 0x0021,
  0x0021, 0x0021, 0x0021, 0x0021, 0x0021, 0x0021, 0x0021, 0x0021, 0x0021, 0x0021, 0x0021, 0x0021,
  0x0021, 0x0021, 0x0041, 0x0021, 0x0021, 0x0021, 0x0021, 0x0021, 0x0021, 0x0021, 0x0021, 0x0021,
  0x0021, 0x0021, 0x0021, 0x0021, 0x0021, 0x0021, 0x0021, 0x0021, 0x0021, 0x0021, 0x0021, 0x0021,
  0x0021, 0x0021, 0x0021, 0x0021, 0x0021, 0x0021, 0x0021, 0x0021, 0x0021, 0x0021, 0x0021, 0x0021,
  0x0021, 0x0021, 0x0021, 0x0021, 0x0021, 0x0021, 0x0021, 0x0021, 0x0021, 0x0021, 0x0021, 0x0021,
  0x0021, 0x0021, 0x0021, 0x0021, 0x0021, 0x0021, 0x0021, 0x0021, 0x0021, 0x0021, 0x0021, 0x0021,
  0x0021, 0x0021, 0x0021, 0x0021, 0x0021, 0x0021, 0x0021, 0x0021, 0x0021, 0x0021, 0x0021, 0x0021,
  0x0021, 0x0021, 0x0021, 0x0021, 0x0021, 0x0021, 0x0021, 0x0021, 0x0021, 0x0021, 0x0021, 0x0021,
  0x0021, 0x0021, 0x0021, 0x0021, 0x0021, 0x0021, 0x0021, 0x0021, 0x0021, 0x0021, 0x0021, 0x0021,
  0x0021, 0x0021, 0x0021, 0x0021, 0x0021, 0x0021, 0x0021, 0x0021, 0x0021, 0x0021, 0x0021, 0x0021,
  0x0021, 0x0021, 0x0021, 0x0021, 0x0021, 0x0021, 0x0021, 0x0021, 0x0021, 0x0021, 0x0021, 0x0021,
  0x0021, 0x0021, 0x0021, 0x0021, 0x0021, 0x0021, 0x0021, 0x0021, 0x0021, 0x0021, 0x0021, 0x0021,
  0x0021, 0x0021, 0x0021, 0x0021, 0x0021, 0x0021, 0x0021, 0x0021, 0x0021, 0x0021, 0x0021, 0x0021,
  0x0021, 0x0021, 0x0021, 0x0021, 0x0021, 0x0021, 0x0021, 0x0021, 0x0021, 0x0021, 0x0021, 0x0021,
  0x0021, 0x0021, 0x0021, 0x0021, 0x0021, 0x0021, 0x0021, 0x0021, 0x0021, 0x0021, 0x0021, 0x0021,
  0x0021, 0x0021, 0x0021, 0x0021, 0x0021, 0x0021, 0x0021, 0x0021, 0x0021, 0x0021, 0x0041, 0x0021,
  0x0021, 0x0021, 0x0021, 0x0021, 0x0021, 0x0021, 0x0021, 0x0021, 0x0021, 0x0021, 0x0021, 0x0021,
  0x0021, 0x0021, 0x0021, 0x0021, 0x0021, 0x0021, 0x0021, 0x0021, 0x0021, 0x0021, 0x0021, 0x0021,
  0x0021, 0x0021, 0x0021, 0x0021, 0x0021, 0x0021, 0x0021, 0x0021, 0x0021, 0x0021, 0x0021, 0x0021,
  0x0021, 0x0021, 0x0021, 0x0021, 0x0021, 0x0021, 0x0021, 0x0021, 0x0021, 0x0021, 0x0021, 0x0021,
  0x0021, 0x0021, 0x0021, 0x0021, 0x0021, 0x0021, 0x0021, 0x0021, 0x0021, 0x0021, 0x0021, 0x0021,
  0x0021, 0x0021, 0x0021, 0x0021, 0x0021, 0x0021, 0x0021, 0x0021, 0x0021, 0x0021, 0x0021, 0x0021,
  0x0021, 0x0021, 0x0021, 0x0021, 0x0021, 0x0021, 0x0021, 0x0021, 0x0021, 0x0021, 0x0021, 0x0021,
  0x0021, 0x0021, 0x0021, 0x0021, 0x0021, 0x0021, 0x0021, 0x0021, 0x0021, 0x0021, 0x0021, 0x0021,
  0x0021, 0x0021, 0x0021, 0x0021, 0x0021, 0x0021, 0x0021, 0x0021, 0x0021, 0x0021, 0x0021, 0x0021,
  0x0021, 0x0021, 0x0021, 0x0021, 0x0021, 0x0021, 0x0021, 0x0021, 0x0021, 0x0021, 0x0021, 0x0021,
  0x0021, 0x0021, 0x0021, 0x0021, 0x0021, 0x0021, 0x0021, 0x0021, 0x0021, 0x0021, 0x0021, 0x0021,
  0x0021, 0x0021, 0x0021, 0x0021, 0x0021, 0x0021, 0x0021, 0x0021, 0x0021, 0x0021, 0x0021, 0x0021,
  0x0021, 0x0021, 0x0021, 0x0021, 0x0021, 0x0021, 0x0021, 0x0021, 0x0021, 0x0021, 0x0021, 0x0021,
  0x0021, 0x0021, 0x0021, 0x0021, 0x0021, 0x0021, 0x0021, 0x0021, 0x0021, 0x0021, 0x0021, 0x0021,
  0x0021, 0x0021, 0x0021, 0x0021, 0x0021, 0x0021, 0x0021, 0x0021, 0x0021, 0x0021, 0x0021, 0x0021,
  0x0021, 0x0021, 0x0021, 0x0021, 0x0021, 0x0021, 0x0021, 0x0021, 0x0041, 0x0021, 0x0021, 0x0021,
  0x0021, 0x0021, 0x0021, 0x0021, 0x0021, 0x0021, 0x0021, 0x0021, 0x0021, 0x0021, 0x0021, 0x0021,
  0x0021, 0x0021, 0x0021, 0x0021, 0x0021, 0x0021, 0x0021, 0x0021, 0x0021, 0x0021, 0x0021, 0x0021,
  0x0021, 0x0021, 0x0021, 0x0021, 0x0021, 0x0041, 0x0021, 0x0021, 0x0021, 0x0021, 0x0021, 0x0021,
  0x0021, 0x0021, 0x0021, 0x0021, 0x0021, 0x0021, 0x0021, 0x0021, 0x0021, 0x0021, 0x0021, 0x0021,
  0x0021, 0x0021, 0x0021, 0x0021, 0x0021, 0x0021, 0x0021, 0x0021, 0x0021, 0x0021, 0x0021, 0x0021,
  0x0021, 0x0021, 0x0021, 0x0021, 0x0021, 0x0021, 0x0021, 0x0021, 0x0021, 0x0021, 0x0021, 0x0021,
  0x0021, 0x0021, 0x0021, 0x0021, 0x0021, 0x0021, 0x0021, 0x0021, 0x0021, 0x0021, 0x0021, 0x0021,
  0x0021, 0x0021, 0x0021, 0x0021, 0x0021, 0x0021, 0x0021, 0x0021, 0x0021, 0x0021, 0x0021, 0x0021,
  0x0021, 0x0021, 0x0021, 0x0021, 0x0021, 0x0021, 0x0021, 0x0021, 0x0021, 0x0021, 0x0021, 0x0021,
  0x0021, 0x0021, 0x0021, 0x0021, 0x0021, 0x0021, 0x0021, 0x0021, 0x0021, 0x0021, 0x0021, 0x0021,
  0x0021, 0x0021, 0x0021, 0x0021, 0x0021, 0x0021, 0x0021, 0x0021, 0x0021, 0x0021, 0x0021, 0x0021,
  0x0021, 0x0021, 0x0021, 0x0021, 0x0021, 0x0021, 0x0021, 0x0021, 0x0021, 0x0021, 0x0021, 0x0021,
  0x0021, 0x0021, 0x0021, 0x0021, 0x0021, 0x0021, 0x0021, 0x0021, 0x0021, 0x0021, 0x0021, 0x0021,
  0x0041, 0x0021, 0x0021, 0x0021, 0x0021, 0x0021, 0x0021, 0x0021, 0x0021, 0x0021, 0x0021, 0x0021,
  0x0021, 0x0021, 0x0021, 0x0021, 0x0021, 0x0021, 0x0021, 0x0021, 0x0021, 0x0021, 0x0021, 0x0021,
  0x0021, 0x0021, 0x0021, 0x0021, 0x0021, 0x0021, 0x0021, 0x0021, 0x0021, 0x0021, 0x0021, 0x0021,
  0x0021, 0x0021, 0x0021, 0x0021, 0x0021, 0x0021, 0x0021, 0x0041, 0x0021, 0x0021, 0x0021, 0x0021,
  0x0021, 0x0021, 0x0021, 0x0021, 0x0021, 0x0021, 0x0021, 0x0021, 0x0021, 0x0021, 0x0021, 0x0021,
  0x0021, 0x0021, 0x0021, 0x0021, 0x0021, 0x0021, 0x0021, 0x0021, 0x0021, 0x0021, 0x0021, 0x0021,
  0x0021, 0x0021, 0x0021, 0x0021, 0x0021, 0x0021, 0x0021, 0x0021, 0x0021, 0x0021, 0x0021, 0x0021,
  0x0021, 0x0021, 0x0021, 0x0021, 0x0021, 0x0021, 0x0021, 0x0021, 0x0021, 0x0021, 0x0021, 0x0021,
  0x0021, 0x0021, 0x0021, 0x0021, 0x0021, 0x0021, 0x0021, 0x0021, 0x0021, 0x0021, 0x0021, 0x0021,
  0x0021, 0x0021, 0x0021, 0x0021, 0x0021, 0x0021, 0x0021, 0x0021, 0x0021, 0x0021, 0x0041, 0x0021,
  0x0021, 0x0021, 0x0021, 0x0021, 0x0021, 0x0021, 0x0021, 0x0021, 0x0021, 0x0021, 0x0021, 0x0021,
  0x0021, 0x0021, 0x0021, 0x0021, 0x0021, 0x0021, 0x0021, 0x0021, 0x0021, 0x0021, 0x0021, 0x0021,
  0x0021, 0x0021, 0x0021, 0x0021, 0x0021, 0x0021, 0x0021, 0x0021, 0x0021, 0x0021, 0x0021, 0x0021,
  0x0021, 0x0021, 0x0021, 0x0021, 0x0021, 0x0021, 0x0021, 0x0021, 0x0021, 0x0021, 0x0021, 0x0021,
  0x0021, 0x0021, 0x0021, 0x0021, 0x0021, 0x0021, 0x0021, 0x0021, 0x0021, 0x0021, 0x0021, 0x0021,
  0x0021, 0x0021, 0x0021, 0x0021, 0x0021, 0x0021, 0x0021, 0x0021, 0x0021, 0x0021, 0x0021, 0x0021,
  0x0021, 0x0021, 0x0021, 0x0021, 0x0021, 0x0021, 0x0021, 0x0021, 0x0021, 0x0021, 0x0021, 0x0021,
  0x0021, 0x0021, 0x0021, 0x0021, 0x0021, 0x0021, 0x0021, 0x0021, 0x0021, 0x0021, 0x0021, 0x0021,
  0x0021, 0x0021, 0x0021, 0x0021, 0x0021, 0x0021, 0x0021, 0x0021, 0x0021, 0x0021, 0x0021, 0x0021,
  0x0021, 0x0021, 0x0021, 0x0021, 0x0021, 0x0021, 0x0021, 0x0021, 0x0021, 0x0021, 0x0021, 0x0021,
  0x0021, 0x0021, 0x0021, 0x0021, 0x0021, 0x0021, 0x0021, 0x0021, 0x0021, 0x0021, 0x0021, 0x0021,
  0x0021, 0x0021, 0x0021, 0x0021, 0x0021, 0x0021, 0x0021, 0x0021, 0x0021, 0x0021, 0x0021, 0x0021,
  0x0021, 0x0021, 0x0021, 0x0021, 0x0021, 0x0021, 0x0021, 0x0021, 0x0021, 0x0021, 0x0021, 0x0021,
  0x0021, 0x0021, 0x0021, 0x0021, 0x0021, 0x0021, 0x0021, 0x0021, 0x0021, 0x0021, 0x0021, 0x0021,
  0x0021, 0x0021, 0x0021, 0x0021, 0x0021, 0x0021, 0x0021, 0x0021, 0x0021, 0x0021, 0x0021, 0x0021,
  0x0021, 0x0021, 0x0021, 0x0021, 0x0021, 0x0021, 0x0021, 0x0021, 0x0021, 0x0021, 0x0021, 0x0021,
  0x0021, 0x0021, 0x0021, 0x0021, 0x0021, 0x0021, 0x0021, 0x0021, 0x0021, 0x0021, 0x0021, 0x0021,
  0x0021, 0x0021, 0x0021, 0x0021, 0x0021, 0x0021, 0x0021, 0x0021, 0x0021, 0x0021, 0x0021, 0x0021,
  0x0021, 0x0021, 0x0021, 0x0021, 0x0021, 0x0021, 0x0021, 0x0021, 0x0021, 0x0021, 0x0021, 0x0021,
  0x0021, 0x0021, 0x0021, 0x0021, 0x0021, 0x0021, 0x0021, 0x0021, 0x0021, 0x0021, 0x0021, 0x0021,
  0x0021, 0x0021, 0x0021, 0x0021, 0x0021, 0x0021, 0x0021, 0x0021, 0x0021, 0x0021, 0x0021, 0x0021,
  0x0021, 0x0021, 0x0021, 0x0021, 0x0021, 0x0021, 0x0021, 0x0021, 0x0021, 0x0021, 0x0021, 0x0021,
  0x0021, 0x0021, 0x0021, 0x0021, 0x0021, 0x0021, 0x0021, 0x0021, 0x0021, 0x0021, 0x0021, 0x0021,
  0x0021, 0x0021, 0x0021, 0x0021, 0x0021, 0x0021, 0x0021, 0x0021, 0x0021, 0x0021, 0x0021, 0x0021,
  0x0021, 0x0021, 0x0021, 0x0021, 0x0021, 0x0021, 0x0021, 0x0021, 0x0021, 0x0021, 0x0021, 0x0021,
  0x0021, 0x0021, 0x0021, 0x0021, 0x0021, 0x0021, 0x0021, 0x0021, 0x0021, 0x0021, 0x0021, 0x0021,
  0x0021, 0x0021, 0x0021, 0x0021, 0x0021, 0x0021, 0x0021, 0x0021, 0x0021, 0x0021, 0x0021, 0x0021,
  0x0021, 0x0021, 0x0021, 0x0021, 0x0021, 0x0021, 0x0021, 0x0021, 0x0021, 0x0021, 0x0021, 0x0021,
  0x0021, 0x0021, 0x0021, 0x0021, 0x0021, 0x0021, 0x0021, 0x0021, 0x0021, 0x0021, 0x0021, 0x0021,
  0x0021, 0x0021, 0x0041, 0x0021, 0x0021, 0x0021, 0x0021, 0x0021, 0x0021, 0x0021, 0x0021, 0x0021,
  0x0021, 0x0021, 0x0021, 0x0021, 0x0021, 0x0021, 0x0021, 0x0021, 0x0021, 0x0021, 0x0021, 0x0021,
  0x0021, 0x0021, 0x0021, 0x0021, 0x0021, 0x0021, 0x0021, 0x0021, 0x0021, 0x0021, 0x0021, 0x0021,
  0x0021, 0x0021, 0x0021, 0x0021, 0x0021, 0x0021, 0x0021, 0x0021, 0x0021, 0x0021, 0x0021, 0x0021,
  0x0021, 0x0021, 0x0021, 0x0021, 0x0021, 0x0021, 0x0021, 0x0021, 0x0021, 0x0021, 0x0021, 0x0021,
  0x0021, 0x0021, 0x0021, 0x0021, 0x0021, 0x0021, 0x0021, 0x0021, 0x0021, 0x0021, 0x0021, 0x0021,
  0x0021, 0x0021, 0x0021, 0x0021, 0x0021, 0x0021, 0x0021, 0x0021, 0x0021, 0x0021, 0x0041, 0x0021,
  0x0021, 0x0021, 0x0021, 0x0021, 0x0021, 0x0021, 0x0021, 0x0021, 0x0021, 0x0021, 0x0021, 0x0021,
  0x0021, 0x0041, 0x0021, 0x0021, 0x0021, 0x0021, 0x0021, 0x0021, 0x0021, 0x0021, 0x0021, 0x0021,
  0x0021, 0x0021, 0x0021, 0x0021, 0x0021, 0x0021, 0x0041, 0x0021, 0x0021, 0x0021, 0x0021, 0x0021,
  0x0021, 0x0021, 0x0021, 0x0021, 0x0021, 0x0041, 0x0021, 0x0021, 0x0021, 0x0021, 0x0021, 0x0021,
  0x0021, 0x0021, 0x0021, 0x0021, 0x0021, 0x0021, 0x0021, 0x0021, 0x0021, 0x0021, 0x0021, 0x0021,
  0x0021, 0x0021, 0x0021, 0x0021, 0x0021, 0x0021, 0x0021, 0x0021, 0x0021, 0x0021, 0x0021, 0x0021,
  0x0021, 0x0021, 0x0021, 0x0021, 0x0021, 0x0021, 0x0021, 0x0021, 0x0041, 0x0021, 0x0021, 0x0021,
  0x0021, 0x0021, 0x0021, 0x0021, 0x0021, 0x0021, 0x0021, 0x0021, 0x0021, 0x0021, 0x0021, 0x0021,
  0x0021, 0x0021, 0x0021, 0x0021, 0x0021, 0x0021, 0x0021, 0x0021, 0x0021, 0x0021, 0x0021, 0x0021,
  0x0021, 0x0021, 0x0021, 0x0021, 0x0021, 0x0021, 0x0021, 0x0021, 0x0021, 0x0021, 0x0021, 0x0021,
  0x0021, 0x0021, 0x0021, 0x0021, 0x0021, 0x0021, 0x0021, 0x0021, 0x0021, 0x0021, 0x0021, 0x0021,
  0x0021, 0x0021, 0x0021, 0x0021, 0x0021, 0x0021, 0x0021, 0x0021, 0x0021, 0x0021, 0x0021, 0x0021,
  0x0021, 0x0021, 0x0021, 0x0021, 0x0021, 0x0021, 0x0021, 0x0021, 0x0021, 0x0021, 0x0021, 0x0021,
  0x0021, 0x0021, 0x0021, 0x0021, 0x0021, 0x0021, 0x0021, 0x0021, 0x0021, 0x0021, 0x0021, 0x0021,
  0x0021, 0x0021, 0x0021, 0x0021, 0x0021, 0x0021, 0x0021, 0x0021, 0x0021, 0x0021, 0x0021, 0x0021,
  0x0021, 0x0021, 0x0021, 0x0021, 0x0021, 0x0021, 0x0021, 0x0021, 0x0021, 0x0021, 0x0021, 0x0021,
  0x0021, 0x0021, 0x0021, 0x0021, 0x0021, 0x0021, 0x0021, 0x0021, 0x0021, 0x0021, 0x0021, 0x0021,
  0x0021, 0x0021, 0x0021, 0x0021, 0x0021, 0x0021, 0x0021, 0x0021, 0x0021, 0x0021, 0x0021, 0x0021,
  0x0021, 0x0021, 0x0021, 0x0021, 0x0021, 0x0021, 0x0021, 0x0021, 0x0021, 0x0021, 0x0021, 0x0021,
  0x0021, 0x0021, 0x0021, 0x0021, 0x0021, 0x0021, 0x0021, 0x0021, 0x0021, 0x0021, 0x0021, 0x0021,
  0x0041, 0x0021, 0x0021, 0x0021, 0x0021, 0x0021, 0x0021, 0x0021, 0x0021, 0x0021, 0x0021, 0x0021,
  0x0021, 0x0021, 0x0021, 0x0021, 0x0021, 0x0021, 0x0021, 0x0021, 0x0021, 0x0021, 0x0021, 0x0021,
  0x0021, 0x0021, 0x0021, 0x0021, 0x0021, 0x0021, 0x0021, 0x0021, 0x0021, 0x0021, 0x0021, 0x0021,
  0x0021, 0x0021, 0x0021, 0x0021, 0x0021, 0x0021, 0x0021, 0x0021, 0x0021, 0x0021, 0x0021, 0x0021,
  0x0021, 0x0021, 0x0021, 0x0021, 0x0021, 0x0021, 0x0021, 0x0021, 0x0041, 0x0021, 0x0021, 0x0021,
  0x0021, 0x0021, 0x0021, 0x0021, 0x0021, 0x0021, 0x0021, 0x0021, 0x0021, 0x0021, 0x0021, 0x0021,
  0x0021, 0x0021, 0x0021, 0x0021, 0x0021, 0x0021, 0x0021, 0x0021, 0x0021, 0x0021, 0x0021, 0x0021,
  0x0021, 0x0021, 0x0021, 0x0021, 0x0021, 0x0021, 0x0021, 0x0021, 0x0021, 0x0021, 0x0021, 0x0021,
  0x0021, 0x0021, 0x0021, 0x0021, 0x0021, 0x0021, 0x0021, 0x0021, 0x0021, 0x0021, 0x0021, 0x0021,
  0x0021, 0x0021, 0x0021, 0x0021, 0x0021, 0x0021, 0x0021, 0x0021, 0x0021, 0x0021, 0x0021, 0x0021,
  0x0021, 0x0021, 0x0021, 0x0021, 0x0021, 0x0021, 0x0021, 0x0021, 0x0021, 0x0021, 0x0021, 0x0021,
  0x0021, 0x0021, 0x0021, 0x0021, 0x0021, 0x0021, 0x0021, 0x0021, 0x0041, 0x0021, 0x0021, 0x0021,
  0x0021, 0x0021, 0x0021, 0x0021, 0x0021, 0x0021, 0x0021, 0x0021, 0x0021, 0x0021, 0x0021, 0x0021,
  0x0021, 0x0021, 0x0021, 0x0021, 0x0021, 0x0021, 0x0021, 0x0021, 0x0021, 0x0021, 0x0021, 0x0021,
  0x0021, 0x0021, 0x0021, 0x0021, 0x0021, 0x0021, 0x0021, 0x0021, 0x0021, 0x0021, 0x0021, 0x0021,
  0x0021, 0x0021, 0x0021, 0x0021, 0x0021, 0x0021, 0x0021, 0x0021, 0x0021, 0x0021, 0x0021, 0x0021,
  0x0021, 0x0021, 0x0021, 0x0021, 0x0021, 0x0021, 0x0021, 0x0021, 0x0021, 0x0021, 0x0021, 0x0021,
  0x0021, 0x0021, 0x0021, 0x0021, 0x0021, 0x0021, 0x0021, 0x0021, 0x0021, 0x0021, 0x0021, 0x0021,
  0x0021, 0x0021, 0x0021, 0x0021, 0x0021, 0x0021, 0x0021, 0x0021, 0x0021, 0x0021, 0x0021, 0x0021,
  0x0021, 0x0021, 0x0021, 0x0021, 0x0021, 0x0021, 0x0021, 0x0021, 0x0021, 0x0021, 0x0021, 0x0021,
  0x0021, 0x0021, 0x0021, 0x0021, 0x0021, 0x0021, 0x0021, 0x0021, 0x0021, 0x0021, 0x0021, 0x0021,
  0x0021, 0x0021, 0x0021, 0x0021, 0x0021, 0x0021, 0x0021, 0x0021, 0x0021, 0x0021, 0x0021, 0x0021,
  0x0021, 0x0021, 0x0021, 0x0021, 0x0021, 0x0021, 0x0021, 0x0021, 0x0021, 0x0021, 0x0021, 0x0021,
  0x0021, 0x0021, 0x0021, 0x0021, 0x0021, 0x0021, 0x0021, 0x0021, 0x0021, 0x0021, 0x0021, 0x0021,
  0x0021, 0x0021, 0x0021, 0x0021, 0x0021, 0x0021, 0x0021, 0x0021, 0x0021, 0x0021, 0x0021, 0x0021,
  0x0021, 0x0021, 0x0021, 0x0021, 0x0021, 0x0021, 0x0021, 0x0021, 0x0021, 0x0021, 0x0021, 0x0021,
  0x0021, 0x0021, 0x0021, 0x0021, 0x0021, 0x0021, 0x0021, 0x0021, 0x0021, 0x0021, 0x0021, 0x0021,
  0x0021, 0x0041, 0x0021, 0x0021, 0x0021, 0x0021, 0x0021, 0x0021, 0x0021, 0x0021, 0x0021, 0x0021,
  0x0021, 0x0021, 0x0021, 0x0021, 0x0021, 0x0021, 0x0021, 0x0021, 0x0021, 0x0021, 0x0021, 0x0021,
  0x0021, 0x0021, 0x0021, 0x0021, 0x0021, 0x0021, 0x0021, 0x0021, 0x0021, 0x0021, 0x0021, 0x0021,
  0x0021, 0x0021, 0x0021, 0x0021, 0x0021, 0x0021, 0x0021, 0x0021, 0x0021, 0x0021, 0x0021, 0x0021,
  0x0021, 0x0021, 0x0021, 0x0021, 0x0021, 0x0021, 0x0021, 0x0021, 0x0021, 0x0021, 0x0021, 0x0021,
  0x0021, 0x0021, 0x0021, 0x0021, 0x0021, 0x0021, 0x0021, 0x0021, 0x0021, 0x0021, 0x0021, 0x0021,
  0x0021, 0x0021, 0x0021, 0x0021, 0x0021, 0x0021, 0x0021, 0x0021, 0x0021, 0x0021, 0x0021, 0x0021,
  0x0021, 0x0021, 0x0021, 0x0021, 0x0021, 0x0021, 0x0021, 0x0021, 0x0021, 0x0021, 0x0021, 0x0021,
  0x0021, 0x0021, 0x0021, 0x0021, 0x0021, 0x0021, 0x0021, 0x0021, 0x0021, 0x0021, 0x0021, 0x0021,
  0x0021, 0x0021, 0x0021, 0x0021, 0x0021, 0x0021, 0x0021, 0x0021, 0x0021, 0x0021, 0x0021, 0x0021,
  0x0021, 0x0021, 0x0021, 0x0021, 0x0021, 0x0021, 0x0021, 0x0021, 0x0021, 0x0021, 0x0021, 0x0021,
  0x0021, 0x0021, 0x0041, 0x0021, 0x0021, 0x0021, 0x0021, 0x0021, 0x0021, 0x0021, 0x0021, 0x0021,
  0x0021, 0x0021, 0x0021, 0x0021, 0x0021, 0x0021, 0x0021, 0x0021, 0x0021, 0x0021, 0x0021, 0x0021,
  0x0021, 0x0021, 0x0021, 0x0021, 0x0021, 0x0021, 0x0021, 0x0021, 0x0021, 0x0021, 0x0021, 0x0021,
  0x0021, 0x0021, 0x0021, 0x0021, 0x0021, 0x0021, 0x0021, 0x0021, 0x0021, 0x0021, 0x0021, 0x0021,
  0x0021, 0x0021, 0x0021, 0x0021, 0x0021, 0x0021, 0x0021, 0x0041, 0x0021, 0x0021, 0x0021, 0x0021,
  0x0021, 0x0021, 0x0021, 0x0021, 0x0021, 0x0021, 0x0021, 0x0021, 0x0021, 0x0021, 0x0021, 0x0021,
  0x0021, 0x0021, 0x0021, 0x0021, 0x0021, 0x0021, 0x0021, 0x0021, 0x0021, 0x0021, 0x0021, 0x0021,
  0x0021, 0x0021, 0x0021, 0x0021, 0x0021, 0x0021, 0x0021, 0x0021, 0x0021, 0x0021, 0x0021, 0x0021,
  0x0021, 0x0021, 0x0021, 0x0021, 0x0021, 0x0021, 0x0021, 0x0021, 0x0021, 0x0021, 0x0021, 0x0021,
  0x0021, 0x0021, 0x0021, 0x0021, 0x0021, 0x0021, 0x0021, 0x0021, 0x0021, 0x0021, 0x0021, 0x0021,
  0x0021, 0x0021, 0x0021, 0x0021, 0x0021, 0x0021, 0x0021, 0x0021, 0x0021, 0x0021, 0x0021, 0x0021,
  0x0021, 0x0021, 0x0021, 0x0021, 0x0021, 0x0021, 0x0021, 0x0021, 0x0021, 0x0021, 0x0021, 0x0021,
  0x0021, 0x0021, 0x0021, 0x0021, 0x0021, 0x0021, 0x0021, 0x0021, 0x0021, 0x0021, 0x0021, 0x0021,
  0x0021, 0x0021, 0x0021, 0x0021, 0x0021, 0x0021, 0x0021, 0x0021, 0x0021, 0x0021, 0x0021, 0x0021,
  0x0021, 0x0021, 0x0021, 0x0021, 0x0021, 0x0021, 0x0021, 0x0021, 0x0021, 0x0041, 0x0021, 0x0021,
  0x0021, 0x0021, 0x0021, 0x0021, 0x0021, 0x0021, 0x0021, 0x0021, 0x0021, 0x0021, 0x0021, 0x0021,
  0x0041, 0x0021, 0x0021, 0x0021, 0x0021, 0x0021, 0x0021, 0x0021, 0x0021, 0x0021, 0x0021, 0x0021,
  0x0021, 0x0021, 0x0021, 0x0021, 0x0021, 0x0021, 0x0021, 0x0021, 0x0021, 0x0021, 0x0021, 0x0021,
  0x0021, 0x0021, 0x0021, 0x0021, 0x0021, 0x0021, 0x0021, 0x0021, 0x0021, 0x0021, 0x0021, 0x0021,
  0x0021, 0x0021, 0x0021, 0x0021, 0x0021, 0x0021, 0x0021, 0x0021, 0x0021, 0x0021, 0x0021, 0x0021,
  0x0021, 0x0021, 0x0021, 0x0021, 0x0021, 0x0021, 0x0021, 0x0021, 0x0021, 0x0021, 0x0021, 0x0021,
  0x0021, 0x0021, 0x0021, 0x0021, 0x0021, 0x0021, 0x0021, 0x0021, 0x0021, 0x0021, 0x0021, 0x0021,
  0x0021, 0x0021, 0x0021, 0x0021, 0x0021, 0x0021, 0x0021, 0x0021, 0x0021, 0x0021, 0x0021, 0x0021,
  0x0021, 0x0021, 0x0021, 0x0021, 0x0021, 0x0021, 0x0021, 0x0021, 0x0021, 0x0021, 0x0021, 0x0021,
  0x0021, 0x0021, 0x0021, 0x0021, 0x0021, 0x0021, 0x0021, 0x0021, 0x0021, 0x0021, 0x0021, 0x0021,
  0x0021, 0x0021, 0x0021, 0x0021, 0x0021, 0x0021, 0x0021, 0x0021, 0x0021, 0x0021, 0x0021, 0x0021,
  0x0021, 0x0021, 0x0021, 0x0021, 0x0021, 0x0021, 0x0021, 0x0021, 0x0021, 0x0021, 0x0021, 0x0021,
  0x0021, 0x0021, 0x0021, 0x0021, 0x0021, 0x0021, 0x0021, 0x0021, 0x0021, 0x0021, 0x0021, 0x0021,
  0x0021, 0x0041, 0x0021, 0x0021, 0x0021, 0x0021, 0x0021, 0x0021, 0x0021, 0x0021, 0x0021, 0x0021,
  0x0021, 0x0021, 0x0021, 0x0021, 0x0021, 0x0021, 0x0021, 0x0021, 0x0021, 0x0021, 0x0021, 0x0021,
  0x0021, 0x0021, 0x0021, 0x0021, 0x0021, 0x0021, 0x0021, 0x0021, 0x0021, 0x0021, 0x0021, 0x0021,
  0x0021, 0x0021, 0x0021, 0x0021, 0x0021, 0x0021, 0x0021, 0x0021, 0x0021, 0x0021, 0x0021, 0x0021,
  0x0021, 0x0021, 0x0021, 0x0021, 0x0021, 0x0021, 0x0021, 0x0021, 0x0021, 0x0021, 0x0021, 0x0021,
  0x0021, 0x0021, 0x0021, 0x0021, 0x0021, 0x0021, 0x0021, 0x0021, 0x0021, 0x0021, 0x0021, 0x0021,
  0x0021, 0x0021, 0x0021, 0x0021, 0x0021, 0x0021, 0x0021, 0x0021, 0x0021, 0x0021, 0x0021, 0x0021,
  0x0021, 0x0021, 0x0021, 0x0021, 0x0021, 0x0021, 0x0021, 0x0021, 0x0021, 0x0021, 0x0021, 0x0021,
  0x0021, 0x0021, 0x0021, 0x0021, 0x0021, 0x0021, 0x0021, 0x0021, 0x0021, 0x0021, 0x0021, 0x0021,
  0x0021, 0x0021, 0x0021, 0x0021, 0x0021, 0x0021, 0x0041, 0x0021, 0x0021, 0x0021, 0x0041, 0x0021,
  0x0021, 0x0021, 0x0021, 0x0021, 0x0041, 0x0021, 0x0021, 0x0041, 0x0021, 0x0841, 0x0841, 0x0041,
  0x0021, 0x0021, 0x0021, 0x0021, 0x0021, 0x0021, 0x0021, 0x0021, 0x0021, 0x0021, 0x0021, 0x0021,
  0x0021, 0x0021, 0x0021, 0x0021, 0x0021, 0x0021, 0x0021, 0x0021, 0x0021, 0x0021, 0x0021, 0x0021,
  0x0021, 0x0021, 0x0021, 0x0021, 0x0021, 0x0021, 0x0021, 0x0021, 0x0021, 0x0021, 0x0021, 0x0021,
  0x0021, 0x0021, 0x0021, 0x0021, 0x0021, 0x0021, 0x0021, 0x0021, 0x0021, 0x0021, 0x0021, 0x0021,
  0x0021, 0x0021, 0x0021, 0x0021, 0x0021, 0x0021, 0x0021, 0x0021, 0x0021, 0x0021, 0x0021, 0x0021,
  0x0021, 0x0021, 0x0021, 0x0021, 0x0021, 0x0021, 0x0021, 0x0021, 0x0021, 0x0021, 0x0021, 0x0021,
  0x0021, 0x0021, 0x0021, 0x0021, 0x0021, 0x0021, 0x0021, 0x0021, 0x0021, 0x0021, 0x0021, 0x0021,
  0x0021, 0x0021, 0x0021, 0x0021, 0x0021, 0x0021, 0x0021, 0x0021, 0x0021, 0x0021, 0x0021, 0x0021,
  0x0021, 0x0021, 0x0021, 0x0021, 0x0021, 0x0021, 0x0021, 0x0021, 0x0021, 0x0021, 0x0021, 0x0021,
  0x0021, 0x0021, 0x0021, 0x0021, 0x0021, 0x0041, 0x0021, 0x0021, 0x0021, 0x0021, 0x0021, 0x0021,
  0x0021, 0x0021, 0x0021, 0x0021, 0x0021, 0x0021, 0x0021, 0x0021, 0x0021, 0x0021, 0x0021, 0x0021,
  0x0021, 0x0021, 0x0021, 0x0021, 0x0021, 0x0021, 0x0021, 0x0021, 0x0021, 0x0021, 0x0021, 0x0021,
  0x0021, 0x0041, 0x0041, 0x0021, 0x0021, 0x0021, 0x0021, 0x0021, 0x0021, 0x0021, 0x0041, 0x0000,
  0x0041, 0x0000, 0x0000, 0x0001, 0x0021, 0x0021, 0x0021, 0x0021, 0x0021, 0x0021, 0x0021, 0x0021,
  0x0021, 0x0021, 0x0021, 0x0021, 0x0021, 0x0021, 0x0021, 0x0021, 0x0021, 0x0021, 0x0041, 0x0021,
  0x0021, 0x0021, 0x0021, 0x0021, 0x0021, 0x0021, 0x0021, 0x0021, 0x0021, 0x0021, 0x0021, 0x0021,
  0x0021, 0x0021, 0x0021, 0x0021, 0x0021, 0x0021, 0x0021, 0x0021, 0x0021, 0x0021, 0x0021, 0x0021,
  0x0021, 0x0021, 0x0021, 0x0021, 0x0021, 0x0021, 0x0021, 0x0021, 0x0021, 0x0021, 0x0021, 0x0021,
  0x0021, 0x0021, 0x0021, 0x0021, 0x0021, 0x0021, 0x0021, 0x0021, 0x0021, 0x0021, 0x0021, 0x0021,
  0x0021, 0x0021, 0x0021, 0x0021, 0x0021, 0x0021, 0x0021, 0x0021, 0x0021, 0x0021, 0x0021, 0x0021,
  0x0021, 0x0021, 0x0021, 0x0021, 0x0021, 0x0021, 0x0021, 0x0021, 0x0021, 0x0021, 0x0021, 0x0021,
  0x0021, 0x0021, 0x0021, 0x0021, 0x0021, 0x0021, 0x0021, 0x0021, 0x0021, 0x0021, 0x0021, 0x0021,
  0x0021, 0x0021, 0x0021, 0x0021, 0x0021, 0x0021, 0x0021, 0x0021, 0x0021, 0x0021, 0x0021, 0x0021,
  0x0021, 0x0021, 0x0021, 0x0021, 0x0021, 0x0021, 0x0021, 0x0021, 0x0021, 0x0021, 0x0021, 0x0021,
  0x0021, 0x0021, 0x0021, 0x0021, 0x0021, 0x0021, 0x0021, 0x0021, 0x0021, 0x0021, 0x0021, 0x0021,
  0x0021, 0x0021, 0x0021, 0x0021, 0x0021, 0x0021, 0x0021, 0x0021, 0x0021, 0x0021, 0x0021, 0x0021,
  0x0021, 0x0041, 0x0000, 0x6B05, 0xC507, 0x8344, 0x41E4, 0x10A1, 0x0041, 0x0841, 0x0041, 0x0021,
  0x0021, 0x0021, 0x0021, 0x0021, 0x0021, 0x0021, 0x0021, 0x0021, 0x0021, 0x0021, 0x0021, 0x0021,
  0x0021, 0x0021, 0x0021, 0x0021, 0x0021, 0x0021, 0x0021, 0x0021, 0x0021, 0x0021, 0x0021, 0x0021,
  0x0021, 0x0021, 0x0021, 0x0021, 0x0021, 0x0021, 0x0021, 0x0021, 0x0021, 0x0021, 0x0021, 0x0021,
  0x0021, 0x0021, 0x0021, 0x0021, 0x0021, 0x0021, 0x0021, 0x0021, 0x0021, 0x0021, 0x0021, 0x0021,
  0x0021, 0x0021, 0x0021, 0x0021, 0x0021, 0x0021, 0x0021, 0x0021, 0x0021, 0x0021, 0x0041, 0x0021,
  0x0021, 0x0021, 0x0021, 0x0021, 0x0021, 0x0021, 0x0021, 0x0021, 0x0021, 0x0021, 0x0021, 0x0021,
  0x0021, 0x0021, 0x0021, 0x0021, 0x0021, 0x0021, 0x0021, 0x0021, 0x0021, 0x0021, 0x0021, 0x0021,
  0x0021, 0x0021, 0x0021, 0x0021, 0x0021, 0x0021, 0x0021, 0x0021, 0x0021, 0x0021, 0x0021, 0x0021,
  0x0021, 0x0021, 0x0021, 0x0021, 0x0021, 0x0021, 0x0021, 0x0021, 0x0021, 0x0021, 0x0021, 0x0021,
  0x0021, 0x0021, 0x0021, 0x0021, 0x0021, 0x0021, 0x0021, 0x0021, 0x0021, 0x0021, 0x0021, 0x0021,
  0x0021, 0x0021, 0x0021, 0x0021, 0x0021, 0x0021, 0x0021, 0x0021, 0x0021, 0x0021, 0x0021, 0x0021,
  0x0021, 0x0021, 0x0021, 0x0021, 0x0021, 0x0021, 0x0021, 0x0021, 0x0021, 0x0021, 0x0021, 0x0021,
  0x0021, 0x0021, 0x0021, 0x0021, 0x0841, 0x0000, 0x5AA6, 0xFE28, 0xF5C6, 0xFE07, 0xF5E7, 0xCD69,
  0x3162, 0x0000, 0x0001, 0x0021, 0x0841, 0x0841, 0x0021, 0x0021, 0x0021, 0x0021, 0x0021, 0x0021,
  0x0021, 0x0021, 0x0021, 0x0021, 0x0021, 0x0021, 0x0021, 0x0021, 0x0021, 0x0021, 0x0021, 0x0021,
  0x0021, 0x0021, 0x0021, 0x0021, 0x0021, 0x0021, 0x0021, 0x0021, 0x0021, 0x0021, 0x0021, 0x0021,
  0x0021, 0x0021, 0x0021, 0x0021, 0x0021, 0x0021, 0x0021, 0x0021, 0x0021, 0x0041, 0x0021, 0x0021,
  0x0021, 0x0021, 0x0021, 0x0041, 0x0021, 0x0021, 0x0021, 0x0021, 0x0021, 0x0021, 0x0021, 0x0021,
  0x0021, 0x0021, 0x0021, 0x0021, 0x0021, 0x0021, 0x0021, 0x0021, 0x0021, 0x0021, 0x0021, 0x0021,
  0x0021, 0x0021, 0x0021, 0x0021, 0x0021, 0x0021, 0x0021, 0x0021, 0x0021, 0x0021, 0x0021, 0x0021,
  0x0021, 0x0021, 0x0021, 0x0021, 0x0021, 0x0021, 0x0021, 0x0021, 0x0021, 0x0021, 0x0021, 0x0021,
  0x0021, 0x0021, 0x0021, 0x0021, 0x0021, 0x0021, 0x0021, 0x0021, 0x0021, 0x0021, 0x0021, 0x0021,
  0x0021, 0x0021, 0x0021, 0x0021, 0x0041, 0x0021, 0x0021, 0x0021, 0x0021, 0x0021, 0x0021, 0x0021,
  0x0021, 0x0021, 0x0021, 0x0021, 0x0021, 0x0021, 0x0021, 0x0021, 0x0021, 0x0021, 0x0021, 0x0021,
  0x0021, 0x0021, 0x0021, 0x0021, 0x0021, 0x0021, 0x0021, 0x0021, 0x0021, 0x0021, 0x0021, 0x0021,
  0x0021, 0x0021, 0x0021, 0x0021, 0x0021, 0x0021, 0x0021, 0x0021, 0x0021, 0x1061, 0xB487, 0xC508,
  0xD568, 0xE5A8, 0xE5C8, 0x9BE6, 0x82E2, 0x6AA3, 0x3122, 0x0041, 0x0000, 0x0000, 0x0000, 0x0041,
  0x0841, 0x0041, 0x0021, 0x0021, 0x0021, 0x0021, 0x0021, 0x0021, 0x0021, 0x0021, 0x0021, 0x0021,
  0x0021, 0x0021, 0x0021, 0x0021, 0x0021, 0x0021, 0x0021, 0x0021, 0x0021, 0x0021, 0x0021, 0x0021,
  0x0021, 0x0021, 0x0021, 0x0021, 0x0021, 0x0021, 0x0021, 0x0021, 0x0021, 0x0021, 0x0021, 0x0021,
  0x0021, 0x0041, 0x0021, 0x0021, 0x0021, 0x0021, 0x0021, 0x0021, 0x0021, 0x0021, 0x0021, 0x0021,
  0x0021, 0x0021, 0x0021, 0x0021, 0x0021, 0x0021, 0x0021, 0x0021, 0x0021, 0x0021, 0x0021, 0x0021,
  0x0021, 0x0021, 0x0021, 0x0021, 0x0021, 0x0021, 0x0021, 0x0021, 0x0021, 0x0021, 0x0021, 0x0021,
  0x0021, 0x0021, 0x0021, 0x0021, 0x0021, 0x0021, 0x0021, 0x0021, 0x0021, 0x0021, 0x0021, 0x0021,
  0x0021, 0x0021, 0x0021, 0x0021, 0x0021, 0x0021, 0x0021, 0x0021, 0x0021, 0x0021, 0x0021, 0x0021,
  0x0021, 0x0021, 0x0021, 0x0021, 0x0021, 0x0021, 0x0021, 0x0021, 0x0021, 0x0041, 0x0021, 0x0021,
  0x0021, 0x0021, 0x0021, 0x0021, 0x0021, 0x0021, 0x0021, 0x0021, 0x0021, 0x0021, 0x0021, 0x0021,
  0x0021, 0x0021, 0x0021, 0x0021, 0x0021, 0x0021, 0x0021, 0x0021, 0x0021, 0x0021, 0x0021, 0x0041,
  0x0021, 0x0021, 0x0021, 0x0021, 0x0021, 0x0021, 0x0021, 0x0021, 0x0021, 0x0021, 0x0021, 0x0041,
  0x0001, 0x18A1, 0xBC64, 0xBC63, 0xAC04, 0xBCC7, 0x9C06, 0x7281, 0xD547, 0xF608, 0xF5C7, 0xCD06,
  0x93A4, 0x5202, 0x18A1, 0x0000, 0x0000, 0x0000, 0x0021, 0x0041, 0x0041, 0x0041, 0x0021, 0x0021,
  0x0021, 0x0021, 0x0021, 0x0021, 0x0021, 0x0021, 0x0021, 0x0021, 0x0021, 0x0021, 0x0021, 0x0021,
  0x0021, 0x0021, 0x0021, 0x0021, 0x0021, 0x0021, 0x0021, 0x0021, 0x0021, 0x0021, 0x0021, 0x0021,
  0x0021, 0x0021, 0x0021, 0x0021, 0x0021, 0x0021, 0x0021, 0x0021, 0x0021, 0x0021, 0x0021, 0x0021,
  0x0021, 0x0021, 0x0021, 0x0021, 0x0021, 0x0021, 0x0021, 0x0021, 0x0021, 0x0021, 0x0021, 0x0021,
  0x0021, 0x0021, 0x0021, 0x0021, 0x0021, 0x0021, 0x0021, 0x0021, 0x0021, 0x0021, 0x0021, 0x0021,
  0x0021, 0x0021, 0x0021, 0x0021, 0x0021, 0x0021, 0x0021, 0x0021, 0x0021, 0x0021, 0x0021, 0x0021,
  0x0021, 0x0021, 0x0021, 0x0021, 0x0021, 0x0021, 0x0021, 0x0021, 0x0021, 0x0021, 0x0021, 0x0021,
  0x0021, 0x0021, 0x0021, 0x0021, 0x0021, 0x0021, 0x0021, 0x0021, 0x0021, 0x0021, 0x0021, 0x0021,
  0x0021, 0x0021, 0x0021, 0x0041, 0x0021, 0x0021, 0x0021, 0x0021, 0x0021, 0x0021, 0x0021, 0x0021,
  0x0021, 0x0021, 0x0021, 0x0021, 0x0021, 0x0021, 0x0021, 0x0021, 0x0021, 0x0021, 0x0021, 0x0021,
  0x0021, 0x0021, 0x0021, 0x0021, 0x0021, 0x0021, 0x0021, 0x0021, 0x0041, 0x0021, 0x0021, 0x0021,
  0x0021, 0x0021, 0x0021, 0x0021, 0x0021, 0x1081, 0x9B83, 0xBC43, 0xCCC4, 0xC484, 0x7AC2, 0x6241,
  0xB464, 0xAC45, 0xBCA6, 0xD568, 0xEDE8, 0xFE28, 0xEDC7, 0xBC65, 0x72E4, 0x3142, 0x0840, 0x0000,
  0x0000, 0x0000, 0x0021, 0x0841, 0x0041, 0x0021, 0x0021, 0x0021, 0x0021, 0x0021, 0x0021, 0x0021,
  0x0021, 0x0021, 0x0021, 0x0021, 0x0021, 0x0021, 0x0021, 0x0021, 0x0021, 0x0021, 0x0021, 0x0021,
  0x0021, 0x0021, 0x0021, 0x0021, 0x0021, 0x0021, 0x0021, 0x0041, 0x0021, 0x0021, 0x0021, 0x0021,
  0x0021, 0x0021, 0x0021, 0x0021, 0x0021, 0x0021, 0x0021, 0x0021, 0x0021, 0x0021, 0x0021, 0x0021,
  0x0021, 0x0021, 0x0021, 0x0021, 0x0021, 0x0021, 0x0021, 0x0021, 0x0021, 0x0021, 0x0021, 0x0021,
  0x0021, 0x0021, 0x0021, 0x0021, 0x0021, 0x0021, 0x0021, 0x0021, 0x0021, 0x0021, 0x0021, 0x0021,
  0x0021, 0x0021, 0x0021, 0x0021, 0x0021, 0x0021, 0x0021, 0x0021, 0x0021, 0x0021, 0x0021, 0x0021,
  0x0021, 0x0021, 0x0021, 0x0021, 0x0021, 0x0021, 0x0021, 0x0021, 0x0021, 0x0021, 0x0021, 0x0021,
  0x0021, 0x0021, 0x0021, 0x0021, 0x0021, 0x0021, 0x0021, 0x0021, 0x0021, 0x0021, 0x0021, 0x0021,
  0x0021, 0x0021, 0x0021, 0x0021, 0x0021, 0x0021, 0x0021, 0x0021, 0x0021, 0x0021, 0x0021, 0x0021,
  0x0021, 0x0021, 0x0021, 0x0021, 0x0021, 0x0021, 0x0021, 0x0021, 0x0021, 0x0021, 0x0021, 0x0021,
  0x0021, 0x0021, 0x0021, 0x0021, 0x0021, 0x0021, 0x0021, 0x0041, 0x0021, 0x0861, 0x9BC4, 0x9BA3,
  0x9363, 0xC4A4, 0x9363, 0x41A2, 0x5202, 0x7281, 0x9B82, 0xABE3, 0xAC24, 0xB466, 0xA406, 0xCD07,
  0xF5E7, 0xFE07, 0xD547, 0x7B24, 0x3962, 0x18C1, 0x0000, 0x0000, 0x0000, 0x0021, 0x0841, 0x0841,
  0x0041, 0x0021, 0x0021, 0x0021, 0x0021, 0x0021, 0x0021, 0x0021, 0x0021, 0x0021, 0x0021, 0x0021,
  0x0021, 0x0021, 0x0021, 0x0021, 0x0021, 0x0021, 0x0021, 0x0021, 0x0021, 0x0021, 0x0021, 0x0021,
  0x0021, 0x0021, 0x0021, 0x0021, 0x0041, 0x0021, 0x0021, 0x0021, 0x0021, 0x0021, 0x0021, 0x0021,
  0x0021, 0x0021, 0x0021, 0x0021, 0x0021, 0x0021, 0x0021, 0x0021, 0x0021, 0x0021, 0x0021, 0x0021,
  0x0021, 0x0021, 0x0021, 0x0021, 0x0021, 0x0021, 0x0021, 0x0021, 0x0021, 0x0021, 0x0021, 0x0021,
  0x0021, 0x0021, 0x0021, 0x0021, 0x0021, 0x0021, 0x0021, 0x0021, 0x0021, 0x0041, 0x0021, 0x0041,
  0x0021, 0x0021, 0x0021, 0x0021, 0x0021, 0x0021, 0x0021, 0x0021, 0x0041, 0x0021, 0x0021, 0x0021,
  0x0021, 0x0021, 0x0021, 0x0021, 0x0021, 0x0021, 0x0021, 0x0021, 0x0021, 0x0021, 0x0021, 0x0021,
  0x0021, 0x0021, 0x0021, 0x0021, 0x0021, 0x0021, 0x0021, 0x0021, 0x0021, 0x0021, 0x0021, 0x0021,
  0x0021, 0x0021, 0x0021, 0x0021, 0x0021, 0x0021, 0x0021, 0x0021, 0x0021, 0x0021, 0x0021, 0x0021,
  0x0021, 0x0021, 0x0021, 0x0021, 0x0021, 0x0021, 0x0021, 0x0021, 0x0021, 0x0021, 0x0021, 0x0841,
  0x0000, 0x7B24, 0xEDC7, 0xAC25, 0x5A01, 0xBC64, 0x9BA3, 0x3143, 0x3185, 0x2944, 0x2123, 0x41C3,
  0x6A82, 0x6AA3, 0x83CE, 0x7BCD, 0x7B8A, 0x9409, 0xB4A7, 0xA425, 0xC4E6, 0xEDA7, 0xC4A6, 0x7AE3,
  0x3162, 0x0841, 0x0000, 0x0000, 0x0001, 0x0041, 0x0841, 0x0041, 0x0021, 0x0021, 0x0021, 0x0021,
  0x0021, 0x0021, 0x0021, 0x0021, 0x0021, 0x0021, 0x0021, 0x0021, 0x0021, 0x0021, 0x0021, 0x0021,
  0x0021, 0x0021, 0x0021, 0x0021, 0x0021, 0x0021, 0x0021, 0x0021, 0x0021, 0x0021, 0x0021, 0x0021,
  0x0021, 0x0021, 0x0021, 0x0021, 0x0021, 0x0021, 0x0021, 0x0021, 0x0021, 0x0021, 0x0021, 0x0021,
  0x0021, 0x0021, 0x0021, 0x0021, 0x0021, 0x0021, 0x0021, 0x0021, 0x0021, 0x0021, 0x0021, 0x0021,
  0x0021, 0x0021, 0x0021, 0x0021, 0x0021, 0x0021, 0x0021, 0x0021, 0x0021, 0x0021, 0x0021, 0x0021,
  0x0021, 0x0021, 0x0021, 0x0021, 0x0021, 0x0021, 0x0021, 0x0021, 0x0021, 0x0021, 0x0021, 0x0021,
  0x0021, 0x0021, 0x0021, 0x0021, 0x0021, 0x0021, 0x0021, 0x0021, 0x0021, 0x0021, 0x0021, 0x0021,
  0x0021, 0x0021, 0x0021, 0x0021, 0x0021, 0x0021, 0x0021, 0x0021, 0x0021, 0x0021, 0x0021, 0x0021,
  0x0021, 0x0021, 0x0021, 0x0021, 0x0021, 0x0021, 0x0021, 0x0021, 0x0021, 0x0021, 0x0021, 0x0021,
  0x0021, 0x0021, 0x0021, 0x0021, 0x0021, 0x0021, 0x0021, 0x0021, 0x0021, 0x0021, 0x0021, 0x0021,
  0x0021, 0x0021, 0x0841, 0x0000, 0x4A03, 0xFE27, 0xC507, 0x5A21, 0x49C1, 0xC484, 0x8B43, 0x18C1,
  0x41A3, 0x39A5, 0x2145, 0x2125, 0x10C4, 0x7B8D, 0xACF1, 0xA4F1, 0xAD12, 0x9C91, 0x8C0F, 0x83CC,
  0x8BC9, 0x9C28, 0xCD07, 0xEDC7, 0xFE27, 0xDD46, 0x9BC4, 0x5223, 0x18A1, 0x0000, 0x0000, 0x0000,
  0x0021, 0x0041, 0x0841, 0x0041, 0x0021, 0x0021, 0x0021, 0x0021, 0x0021, 0x0021, 0x0021, 0x0021,
  0x0021, 0x0021, 0x0021, 0x0021, 0x0021, 0x0021, 0x0021, 0x0021, 0x0021, 0x0021, 0x0021, 0x0021,
  0x0021, 0x0021, 0x0021, 0x0021, 0x0021, 0x0041, 0x0021, 0x0021, 0x0021, 0x0021, 0x0021, 0x0041,
  0x0021, 0x0021, 0x0021, 0x0021, 0x0021, 0x0021, 0x0021, 0x0021, 0x0021, 0x0021, 0x0021, 0x0021,
  0x0021, 0x0021, 0x0021, 0x0021, 0x0021, 0x0021, 0x0021, 0x0021, 0x0021, 0x0021, 0x0021, 0x0021,
  0x0021, 0x0021, 0x0021, 0x0021, 0x0021, 0x0021, 0x0021, 0x0021, 0x0021, 0x0021, 0x0021, 0x0021,
  0x0021, 0x0021, 0x0021, 0x0021, 0x0021, 0x0021, 0x0021, 0x0021, 0x0021, 0x0021, 0x0021, 0x0021,
  0x0021, 0x0021, 0x0021, 0x0021, 0x0021, 0x0021, 0x0021, 0x0021, 0x0021, 0x0021, 0x0021, 0x0021,
  0x0021, 0x0021, 0x0021, 0x0021, 0x0021, 0x0021, 0x0021, 0x0021, 0x0021, 0x0021, 0x0021, 0x0021,
  0x0021, 0x0021, 0x0021, 0x0021, 0x0021, 0x0021, 0x0021, 0x0021, 0x0021, 0x0021, 0x0021, 0x0021,
  0x0021, 0x0021, 0x0021, 0x0021, 0x0021, 0x0041, 0x0000, 0x18E2, 0xE5A7, 0xE5A8, 0x8B43, 0x2102,
  0x41C2, 0xAC03, 0x8B22, 0x2922, 0x1926, 0x2945, 0x2986, 0x1904, 0x6B2B, 0xAD12, 0x946F, 0xA4D1,
  0xA4D1, 0xAD11, 0xACF1, 0xA4D1, 0xA4D1, 0x9450, 0x7BAD, 0x7B8B, 0x8BE9, 0xB487, 0xE5A7, 0xFE27,
  0xEDC7, 0xBCA6, 0x72E3, 0x3142, 0x0861, 0x0000, 0x0000, 0x0001, 0x0041, 0x0841, 0x0041, 0x0021,
  0x0021, 0x0021, 0x0021, 0x0021, 0x0021, 0x0021, 0x0021, 0x0021, 0x0021, 0x0021, 0x0021, 0x0021,
  0x0021, 0x0021, 0x0021, 0x0021, 0x0021, 0x0021, 0x0021, 0x0021, 0x0021, 0x0021, 0x0021, 0x0021,
  0x0021, 0x0021, 0x0021, 0x0021, 0x0041, 0x0021, 0x0021, 0x0021, 0x0021, 0x0021, 0x0021, 0x0021,
  0x0021, 0x0021, 0x0021, 0x0021, 0x0021, 0x0021, 0x0021, 0x0021, 0x0021, 0x0021, 0x0021, 0x0021,
  0x0021, 0x0021, 0x0021, 0x0021, 0x0021, 0x0021, 0x0021, 0x0021, 0x0021, 0x0021, 0x0021, 0x0021,
  0x0021, 0x0021, 0x0021, 0x0021, 0x0021, 0x0021, 0x0021, 0x0021, 0x0041, 0x0021, 0x0021, 0x0021,
  0x0021, 0x0021, 0x0021, 0x0021, 0x0021, 0x0021, 0x0021, 0x0021, 0x0021, 0x0021, 0x0021, 0x0021,
  0x0021, 0x0021, 0x0021, 0x0021, 0x0021, 0x0021, 0x0021, 0x0021, 0x0021, 0x0021, 0x0021, 0x0021,
  0x0021, 0x0021, 0x0021, 0x0021, 0x0021, 0x0021, 0x0021, 0x0021, 0x0021, 0x0021, 0x0021, 0x0021,
  0x0021, 0x0021, 0x0021, 0x0021, 0x0021, 0x0021, 0x0021, 0x0021, 0x0041, 0x0041, 0x0021, 0xB486,
  0xFE29, 0x9BE6, 0x49C1, 0x2945, 0x49C2, 0x9B82, 0x82E2, 0x3183, 0x39C5, 0x2965, 0x1904, 0x5269,
  0xAD12, 0x9C90, 0xA4F1, 0xA4D1, 0xA4B1, 0xA4D1, 0xA4D1, 0xA4B1, 0xA4D1, 0xACF1, 0xAD12, 0xACF2,
  0x9C90, 0x8C0F, 0x7BAC, 0x8389, 0xA448, 0xCD27, 0xF5E7, 0xF5E7, 0xAC45, 0x6AC3, 0x5222, 0x18A1,
  0x0000, 0x0000, 0x0000, 0x0021, 0x0841, 0x0841, 0x0021, 0x0021, 0x0021, 0x0021, 0x0021, 0x0021,
  0x0021, 0x0021, 0x0021, 0x0021, 0x0021, 0x0021, 0x0021, 0x0021, 0x0021, 0x0021, 0x0021, 0x0021,
  0x0021, 0x0021, 0x0021, 0x0021, 0x0021, 0x0021, 0x0021, 0x0021, 0x0021, 0x0021, 0x0021, 0x0021,
  0x0021, 0x0021, 0x0021, 0x0021, 0x0021, 0x0021, 0x0021, 0x0021, 0x0021, 0x0021, 0x0021, 0x0021,
  0x0021, 0x0021, 0x0021, 0x0021, 0x0021, 0x0021, 0x0021, 0x0021, 0x0021, 0x0021, 0x0021, 0x0021,
  0x0021, 0x0021, 0x0021, 0x0021, 0x0021, 0x0021, 0x0021, 0x0021, 0x0021, 0x0021, 0x0021, 0x0021,
  0x0041, 0x0021, 0x0041, 0x0021, 0x0021, 0x0021, 0x0021, 0x0021, 0x0021, 0x0021, 0x0021, 0x0021,
  0x0021, 0x0021, 0x0021, 0x0021, 0x0021, 0x0021, 0x0021, 0x0021, 0x0021, 0x0021, 0x0021, 0x0021,
  0x0021, 0x0021, 0x0021, 0x0021, 0x0021, 0x0021, 0x0021, 0x0021, 0x0021, 0x0021, 0x0021, 0x0021,
  0x0021, 0x0021, 0x0021, 0x0021, 0x0021, 0x0021, 0x0021, 0x0021, 0x0021, 0x0021, 0x0021, 0x0021,
  0x0841, 0x0000, 0x7B24, 0xFE68, 0xB4A7, 0x5A21, 0x2123, 0x2923, 0x41A2, 0xA3C2, 0x82E2, 0x20E2,
  0x49C3, 0x2965, 0x31A6, 0xACF1, 0xA4B1, 0xA4D1, 0xA4D1, 0xA4F1, 0xA4D1, 0xA4D1, 0xA4D1, 0xA4D1,
  0xA4D1, 0xA4B1, 0xA4D1, 0xA4D1, 0xACF1, 0xAD12, 0xACF2, 0xA4B1, 0x9450, 0x7B8D, 0x7B8A, 0x8BC8,
  0x8B85, 0xB485, 0xF5E7, 0xEDC7, 0xBC85, 0x72E3, 0x3142, 0x0041, 0x0000, 0x0000, 0x0001, 0x0041,
  0x0841, 0x0041, 0x0021, 0x0021, 0x0021, 0x0021, 0x0021, 0x0021, 0x0021, 0x0021, 0x0021, 0x0021,
  0x0021, 0x0021, 0x0021, 0x0021, 0x0021, 0x0021, 0x0021, 0x0021, 0x0021, 0x0021, 0x0021, 0x0021,
  0x0021, 0x0021, 0x0021, 0x0021, 0x0021, 0x0021, 0x0021, 0x0021, 0x0021, 0x0021, 0x0021, 0x0021,
  0x0021, 0x0021, 0x0021, 0x0021, 0x0021, 0x0021, 0x0021, 0x0021, 0x0021, 0x0021, 0x0021, 0x0021,
  0x0021, 0x0021, 0x0021, 0x0021, 0x0021, 0x0021, 0x0021, 0x0021, 0x0021, 0x0021, 0x0021, 0x0021,
  0x0021, 0x0021, 0x0021, 0x0041, 0x0021, 0x0021, 0x0021, 0x0021, 0x0021, 0x0021, 0x0021, 0x0021,
  0x0021, 0x0021, 0x0021, 0x0021, 0x0021, 0x0021, 0x0021, 0x0021, 0x0021, 0x0021, 0x0021, 0x0021,
  0x0021, 0x0021, 0x0021, 0x0021, 0x0021, 0x0021, 0x0021, 0x0021, 0x0021, 0x0021, 0x0021, 0x0021,
  0x0021, 0x0021, 0x0021, 0x0021, 0x0021, 0x0021, 0x0021, 0x0021, 0x0021, 0x0021, 0x0021, 0x0021,
  0x0021, 0x0021, 0x0021, 0x0841, 0x0000, 0x41E3, 0xFE47, 0xCD48, 0x72C2, 0x2103, 0x1904, 0x2923,
  0x3982, 0x7AE2, 0x5202, 0x18C3, 0x18E4, 0x2145, 0x9470, 0xA4D1, 0xA4B1, 0xACF1, 0xA4D1, 0xA4D1,
  0xA4D1, 0xA4D1, 0xA4D1, 0xA4D1, 0xA4D1, 0xA4D1, 0xA4D1, 0xA4B1, 0xA4D1, 0xA4D1, 0x9CB0, 0xA4D1,
  0xACF1, 0xACF1, 0xA4D1, 0x9430, 0x8C2F, 0x83CC, 0x83A9, 0xA448, 0xD547, 0xF5E7, 0xF607, 0xD546,
  0x93A4, 0x49E2, 0x1081, 0x0000, 0x0000, 0x0000, 0x0021, 0x0841, 0x0841, 0x0041, 0x0021, 0x0021,
  0x0021, 0x0021, 0x0021, 0x0021, 0x0021, 0x0021, 0x0021, 0x0021, 0x0021, 0x0021, 0x0021, 0x0021,
  0x0021, 0x0021, 0x0021, 0x0021, 0x0021, 0x0021, 0x0021, 0x0021, 0x0021, 0x0021, 0x0021, 0x0021,
  0x0021, 0x0021, 0x0021, 0x0021, 0x0021, 0x0021, 0x0021, 0x0021, 0x0021, 0x0021, 0x0021, 0x0021,
  0x0021, 0x0021, 0x0021, 0x0021, 0x0021, 0x0021, 0x0021, 0x0021, 0x0021, 0x0021, 0x0021, 0x0021,
  0x0021, 0x0021, 0x0021, 0x0021, 0x0021, 0x0021, 0x0021, 0x0041, 0x0021, 0x0021, 0x0041, 0x0021,
  0x0021, 0x0021, 0x0021, 0x0021, 0x0021, 0x0021, 0x0021, 0x0021, 0x0021, 0x0021, 0x0021, 0x0021,
  0x0021, 0x0021, 0x0021, 0x0021, 0x0021, 0x0021, 0x0021, 0x0021, 0x0021, 0x0021, 0x0021, 0x0021,
  0x0021, 0x0021, 0x0021, 0x0021, 0x0021, 0x0021, 0x0021, 0x0021, 0x0021, 0x0021, 0x0021, 0x0021,
  0x0021, 0x0021, 0x0021, 0x0021, 0x0021, 0x0021, 0x0041, 0x0000, 0x18C1, 0xDD87, 0xEDE9, 0x8B84,
  0x3142, 0x1904, 0x2124, 0x2902, 0x2103, 0x2124, 0x18E3, 0x39A6, 0x2944, 0x7BAD, 0xAD12, 0x9CB0,
  0xAD12, 0xA4D1, 0xA4F1, 0xA4F1, 0xA4F1, 0xA4D1, 0xA4D1, 0xA4D1, 0xA4D1, 0xA4F1, 0xACF1, 0xA4D1,
  0xA4D1, 0xACF1, 0xA4D1, 0xA4B1, 0xA4F1, 0xA4D1, 0x9C90, 0xA4D1, 0xAD12, 0xAD12, 0xA4D2, 0x9450,
  0x83CD, 0x7B8A, 0x8BC8, 0xBCC7, 0xE5A7, 0xFE27, 0xE586, 0xB445, 0x6283, 0x2901, 0x0020, 0x0000,
  0x0000, 0x0021, 0x0041, 0x0841, 0x0041, 0x0021, 0x0021, 0x0021, 0x0021, 0x0021, 0x0021, 0x0021,
  0x0021, 0x0021, 0x0021, 0x0021, 0x0021, 0x0021, 0x0021, 0x0021, 0x0021, 0x0021, 0x0021, 0x0021,
  0x0021, 0x0021, 0x0021, 0x0021, 0x0021, 0x0021, 0x0021, 0x0021, 0x0021, 0x0021, 0x0021, 0x0021,
  0x0021, 0x0021, 0x0021, 0x0021, 0x0021, 0x0021, 0x0021, 0x0021, 0x0021, 0x0021, 0x0021, 0x0021,
  0x0021, 0x0021, 0x0021, 0x0021, 0x0021, 0x0021, 0x0021, 0x0021, 0x0021, 0x0021, 0x0021, 0x0021,
  0x0021, 0x0021, 0x0041, 0x0041, 0x0041, 0x0021, 0x0021, 0x0021, 0x0021, 0x0021, 0x0021, 0x0021,
  0x0021, 0x0021, 0x0021, 0x0021, 0x0021, 0x0021, 0x0021, 0x0021, 0x0021, 0x0021, 0x0021, 0x0021,
  0x0021, 0x0021, 0x0021, 0x0021, 0x0021, 0x0021, 0x0021, 0x0021, 0x0021, 0x0021, 0x0021, 0x0021,
  0x0021, 0x0021, 0x0021, 0x0021, 0x0021, 0x0021, 0x0021, 0x0021, 0x0021, 0x0041, 0x0041, 0x0000,
  0xAC45, 0xFE28, 0xA406, 0x49A1, 0x1904, 0x2124, 0x2124, 0x2104, 0x62C9, 0x18E3, 0x2124, 0x18E3,
  0x6B0B, 0xAD12, 0x9C90, 0xA4D1, 0xA4F1, 0xACF1, 0xACF1, 0xACF1, 0xACF1, 0xA4D1, 0xA4D1, 0xA4F1,
  0xA4D1, 0xACF1, 0xA4D1, 0xA4D1, 0xACF1, 0xACF1, 0xA4D1, 0xA4D1, 0xACF1, 0xA4D1, 0xA4B1, 0xA4D1,
  0xA4D1, 0xACF1, 0xACF1, 0xACF1, 0xACF1, 0xACF2, 0x9C70, 0x8C0F, 0x7B8C, 0x83A9, 0xA468, 0xD547,
  0xDD67, 0xAC66, 0xB486, 0x9384, 0x49E2, 0x1081, 0x0000, 0x0000, 0x0000, 0x0021, 0x0841, 0x0041,
  0x0041, 0x0021, 0x0021, 0x0021, 0x0021, 0x0021, 0x0021, 0x0021, 0x0021, 0x0021, 0x0021, 0x0021,
  0x0021, 0x0021, 0x0021, 0x0021, 0x0021, 0x0021, 0x0021, 0x0021, 0x0021, 0x0021, 0x0021, 0x0021,
  0x0021, 0x0021, 0x0021, 0x0021, 0x0021, 0x0021, 0x0021, 0x0021, 0x0021, 0x0021, 0x0021, 0x0021,
  0x0021, 0x0021, 0x0021, 0x0021, 0x0021, 0x0021, 0x0021, 0x0021, 0x0021, 0x0021, 0x0021, 0x0021,
  0x0021, 0x0041, 0x0021, 0x0021, 0x0021, 0x0041, 0x0021, 0x0021, 0x0021, 0x0021, 0x0021, 0x0021,
  0x0021, 0x0021, 0x0021, 0x0021, 0x0021, 0x0021, 0x0021, 0x0021, 0x0021, 0x0021, 0x0021, 0x0021,
  0x0021, 0x0021, 0x0021, 0x0021, 0x0021, 0x0021, 0x0021, 0x0021, 0x0021, 0x0021, 0x0021, 0x0021,
  0x0021, 0x0021, 0x0021, 0x0021, 0x0021, 0x0021, 0x0021, 0x0021, 0x0021, 0x0021, 0x0021, 0x0021,
  0x0021, 0x0841, 0x0000, 0x62A3, 0xFE68, 0xBCA7, 0x5A01, 0x18E4, 0x2124, 0x2125, 0x18E3, 0x734A,
  0x4206, 0x18E3, 0x2124, 0x31A6, 0xA4D1, 0xA4F1, 0xAD12, 0xA4B0, 0x9CB0, 0x9CB0, 0xA4B0, 0xA4F1,
  0xACF1, 0xA4F1, 0xACF1, 0xA4F1, 0xACF1, 0xA4F1, 0xA4D1, 0xACF2, 0xACF1, 0xA4D1, 0xA4D1, 0xACF1,
  0xA4D1, 0xA4B1, 0xA4F1, 0xA4B0, 0xA4D1, 0xA4F1, 0xA4D1, 0xA4D1, 0xA4D1, 0xA4F1, 0xACF1, 0xACF1,
  0xACF1, 0xA4B1, 0x9450, 0x7BAD, 0x7349, 0x7B67, 0xB4A7, 0xE5A7, 0xFE07, 0xE586, 0xB445, 0x6AA3,
  0x2921, 0x0021, 0x0000, 0x0000, 0x0001, 0x0041, 0x0841, 0x0841, 0x0841, 0x0041, 0x0021, 0x0021,
  0x0021, 0x0021, 0x0021, 0x0021, 0x0021, 0x0021, 0x0021, 0x0021, 0x0021, 0x0021, 0x0021, 0x0021,
  0x0021, 0x0021, 0x0021, 0x0021, 0x0021, 0x0021, 0x0021, 0x0021, 0x0021, 0x0021, 0x0021, 0x0021,
  0x0021, 0x0021, 0x0021, 0x0021, 0x0021, 0x0021, 0x0021, 0x0021, 0x0021, 0x0021, 0x0021, 0x0021,
  0x0021, 0x0021, 0x0021, 0x0021, 0x0021, 0x0041, 0x0021, 0x0021, 0x0021, 0x0041, 0x0021, 0x0021,
  0x0021, 0x0021, 0x0021, 0x0021, 0x0021, 0x0021, 0x0021, 0x0021, 0x0021, 0x0021, 0x0021, 0x0021,
  0x0021, 0x0021, 0x0021, 0x0021, 0x0021, 0x0021, 0x0021, 0x0021, 0x0021, 0x0021, 0x0021, 0x0021,
  0x0021, 0x0021, 0x0021, 0x0021, 0x0021, 0x0021, 0x0021, 0x0021, 0x0021, 0x0021, 0x0021, 0x0021,
  0x0021, 0x0021, 0x0021, 0x0021, 0x0041, 0x0000, 0x2922, 0xAC24, 0xAC67, 0x7AE2, 0x2123, 0x2124,
  0x2124, 0x10C3, 0x5A88, 0x5AA9, 0x18E4, 0x3186, 0x2124, 0x2944, 0x5267, 0x6B0A, 0x83CD, 0x9C90,
  0xACF1, 0xACF2, 0xA4D1, 0xA4B0, 0x9CB0, 0xA4B1, 0xA4D1, 0xACF1, 0xACF2, 0xA4F1, 0xA4D1, 0xA4F1,
  0xACF2, 0xA4D1, 0xACF1, 0xACF2, 0x9C90, 0xACF1, 0xA4D1, 0xA4D1, 0xACF1, 0xA4D1, 0xA4D1, 0xA4D1,
  0xA4D1, 0xA4D1, 0xA4D1, 0xA4D1, 0xA4D1, 0xA4D1, 0xACD1, 0xACD1, 0xA4D1, 0x9C70, 0x8C0E, 0x7B8C,
  0x8389, 0xAC67, 0xD547, 0xF607, 0xF5E7, 0xCD06, 0x8B64, 0x49C2, 0x1081, 0x0000, 0x0000, 0x0000,
  0x0000, 0x0001, 0x0021, 0x0841, 0x0841, 0x0041, 0x0021, 0x0021, 0x0021, 0x0021, 0x0021, 0x0041,
  0x0021, 0x0021, 0x0021, 0x0021, 0x0021, 0x0021, 0x0021, 0x0021, 0x0021, 0x0021, 0x0021, 0x0021,
  0x0021, 0x0021, 0x0021, 0x0021, 0x0021, 0x0021, 0x0021, 0x0021, 0x0021, 0x0021, 0x0021, 0x0021,
  0x0021, 0x0021, 0x0021, 0x0021, 0x0041, 0x0021, 0x0021, 0x0021, 0x0021, 0x0021, 0x0021, 0x0041,
  0x0021, 0x0021, 0x0021, 0x0041, 0x0021, 0x0021, 0x0021, 0x0021, 0x0021, 0x0021, 0x0021, 0x0021,
  0x0021, 0x0021, 0x0021, 0x0021, 0x0021, 0x0021, 0x0021, 0x0021, 0x0021, 0x0021, 0x0021, 0x0021,
  0x0021, 0x0021, 0x0021, 0x0021, 0x0021, 0x0021, 0x0021, 0x0021, 0x0021, 0x0021, 0x0021, 0x0021,
  0x0021, 0x0021, 0x0021, 0x0021, 0x0021, 0x0021, 0x0021, 0x0041, 0x0020, 0x1081, 0xD546, 0xDDA8,
  0x7AE3, 0x3142, 0x1905, 0x2144, 0x18E4, 0x39C6, 0x734B, 0x18E3, 0x5A65, 0x31A6, 0x3165, 0x5247,
  0x7B6B, 0x7B8B, 0x6AE9, 0x5A88, 0x62C9, 0x7B8C, 0x942F, 0xA4D1, 0xAD12, 0xACF2, 0xA4B0, 0x9C90,
  0x9CB0, 0xA4D1, 0xACF2, 0xACF1, 0xACF1, 0xA4D1, 0xACF1, 0x9CB0, 0xA4B1, 0xA4D1, 0xA4D1, 0xA4D1,
  0xA4F1, 0xA4D1, 0xA4B0, 0xACF1, 0xA4D1, 0xA4D1, 0xA4D1, 0xA4D1, 0xA4D1, 0xA4D1, 0xA4B0, 0x9C90,
  0xA4B0, 0xA4D1, 0xACF1, 0xACF1, 0x9CB1, 0x9450, 0x83CE, 0x7B8A, 0x93E8, 0xBCC7, 0xEDA7, 0xFE27,
  0xDD46, 0x8344, 0x7B24, 0x8B64, 0x49E2, 0x18C1, 0x0000, 0x0000, 0x0000, 0x0001, 0x0021, 0x0841,
  0x0841, 0x0041, 0x0041, 0x0020, 0x0021, 0x0841, 0x0841, 0x0021, 0x0021, 0x0021, 0x0021, 0x0021,
  0x0021, 0x0021, 0x0021, 0x0021, 0x0021, 0x0041, 0x0021, 0x0021, 0x0021, 0x0021, 0x0021, 0x0021,
  0x0021, 0x0021, 0x0021, 0x0021, 0x0021, 0x0021, 0x0021, 0x0021, 0x0021, 0x0021, 0x0021, 0x0021,
  0x0021, 0x0041, 0x0021, 0x0021, 0x0041, 0x0021, 0x0021, 0x0021, 0x0021, 0x0021, 0x0021, 0x0021,
  0x0021, 0x0021, 0x0021, 0x0021, 0x0021, 0x0021, 0x0021, 0x0021, 0x0021, 0x0021, 0x0021, 0x0021,
  0x0021, 0x0021, 0x0021, 0x0021, 0x0021, 0x0021, 0x0021, 0x0021, 0x0021, 0x0021, 0x0021, 0x0021,
  0x0021, 0x0021, 0x0021, 0x0021, 0x0021, 0x0021, 0x0021, 0x0021, 0x0021, 0x0021, 0x0021, 0x0841,
  0x0000, 0x9BE5, 0xFE48, 0xAC26, 0x5A00, 0x2104, 0x2124, 0x2104, 0x2124, 0x7B8B, 0x2965, 0x3186,
  0x5A43, 0x39C5, 0x5AC9, 0xB531, 0x9C8F, 0xBD52, 0xACD0, 0x9C6E, 0x8BED, 0x732A, 0x62C9, 0x62A9,
  0x732B, 0x83CD, 0x9C90, 0xAD12, 0xAD12, 0xA4D1, 0xA4B0, 0x9C90, 0xA4B0, 0xACF1, 0xA4B0, 0xA4B1,
  0xACF1, 0xA4F1, 0xACF1, 0xACD1, 0xA4D1, 0xA4D1, 0xA4D1, 0xA4D1, 0xA4D1, 0xA4F1, 0xACF1, 0xA4D1,
  0xA4D1, 0xA4B0, 0xA4B0, 0xA4B0, 0xA4B1, 0xA4D1, 0x9C90, 0xA4B0, 0xA4D1, 0xACF1, 0xAD12, 0xA4D1,
  0x9450, 0x8C0F, 0x7BAC, 0x83A8, 0xA448, 0x8B65, 0xC507, 0xF629, 0xF607, 0xE5A7, 0xC4A6, 0x8B64,
  0x5202, 0x20E1, 0x0020, 0x0000, 0x0000, 0x0001, 0x0000, 0x10A2, 0x0881, 0x0000, 0x0000, 0x0000,
  0x0021, 0x0021, 0x0021, 0x0021, 0x0021, 0x0021, 0x0021, 0x0021, 0x0021, 0x0021, 0x0021, 0x0021,
  0x0021, 0x0021, 0x0021, 0x0021, 0x0021, 0x0021, 0x0021, 0x0021, 0x0021, 0x0021, 0x0021, 0x0021,
  0x0021, 0x0021, 0x0021, 0x0021, 0x0021, 0x0021, 0x0021, 0x0021, 0x0021, 0x0021, 0x0021, 0x0021,
  0x0021, 0x0021, 0x0021, 0x0021, 0x0021, 0x0021, 0x0021, 0x0021, 0x0021, 0x0021, 0x0021, 0x0021,
  0x0021, 0x0021, 0x0021, 0x0021, 0x0021, 0x0021, 0x0021, 0x0021, 0x0021, 0x0021, 0x0021, 0x0021,
  0x0021, 0x0021, 0x0021, 0x0021, 0x0021, 0x0021, 0x0021, 0x0021, 0x0021, 0x0021, 0x0021, 0x0021,
  0x0021, 0x0021, 0x0841, 0x0000, 0x6263, 0xFE68, 0xBCC7, 0x5201, 0x3142, 0x2924, 0x2125, 0x18E3,
  0x734B, 0x4207, 0x2945, 0x39C7, 0x2987, 0x41E7, 0xACF1, 0xD615, 0x9C6F, 0xBD52, 0xB531, 0xB532,
  0xB532, 0xBD52, 0xA4B0, 0x8BED, 0x732A, 0x62A8, 0x62A9, 0x6AEA, 0x7BAC, 0x944F, 0xA4D1, 0xACF1,
  0xACF1, 0xA4B0, 0x9C6F, 0xA4B0, 0xA4D1, 0xACF2, 0xACF2, 0xA4D1, 0xA4D1, 0xACF1, 0xACF2, 0xA4D1,
  0xA4D1, 0xACF1, 0xA4F1, 0xACF1, 0xA4D1, 0xA4B1, 0xA4D1, 0xA4D1, 0xA4D1, 0xA4D1, 0xA4B1, 0xA4D1,
  0xA4D1, 0xA4D1, 0xA4B0, 0xA4D1, 0xA4D1, 0xAD11, 0xAD12, 0x9C70, 0x83EE, 0x83EE, 0x5A66, 0x9363,
  0xBCA6, 0xC507, 0xDD88, 0xEDE8, 0xF628, 0xEDC7, 0xC4C5, 0x8B64, 0x5202, 0x20C1, 0x10A1, 0xC507,
  0xD547, 0x93E6, 0x5244, 0x20E1, 0x0041, 0x0021, 0x0021, 0x0021, 0x0021, 0x0021, 0x0021, 0x0021,
  0x0021, 0x0021, 0x0021, 0x0021, 0x0021, 0x0021, 0x0021, 0x0021, 0x0021, 0x0021, 0x0021, 0x0021,
  0x0021, 0x0021, 0x0021, 0x0021, 0x0021, 0x0021, 0x0021, 0x0021, 0x0021, 0x0021, 0x0021, 0x0021,
  0x0021, 0x0021, 0x0021, 0x0021, 0x0021, 0x0021, 0x0021, 0x0021, 0x0021, 0x0021, 0x0021, 0x0021,
  0x0021, 0x0021, 0x0021, 0x0021, 0x0021, 0x0021, 0x0021, 0x0021, 0x0021, 0x0021, 0x0021, 0x0021,
  0x0021, 0x0021, 0x0021, 0x0021, 0x0021, 0x0021, 0x0021, 0x0021, 0x0021, 0x0021, 0x0021, 0x0021,
  0x0021, 0x0021, 0x0021, 0x0021, 0x0021, 0x0841, 0x0000, 0x2922, 0xEDC7, 0xDD88, 0x7AE3, 0x3142,
  0x4182, 0x2124, 0x10A3, 0x5AA9, 0x62EA, 0x2125, 0x31C6, 0x3186, 0x41E6, 0x944F, 0xDE56, 0xC593,
  0x946F, 0xBD73, 0xBD52, 0xA4B0, 0x8C0E, 0x9C90, 0xACD0, 0xB531, 0xB531, 0xB511, 0x9C6E, 0x7B6B,
  0x6B09, 0x62A9, 0x62C9, 0x734B, 0x8C0E, 0x9C90, 0xAD12, 0xAD12, 0xA4D1, 0xA4B1, 0xA4B0, 0xA4D1,
  0xA4D1, 0xACF1, 0xACF1, 0xA4D1, 0xA4F1, 0xA4D1, 0xA4D1, 0xA4D1, 0xA4B0, 0xA4D1, 0xA4D1, 0xA4D1,
  0xA4D1, 0xA4B0, 0xA4D1, 0xACF2, 0xA4D1, 0xA4D1, 0xA4D1, 0xA4D1, 0xA4D1, 0xA4D1, 0xA4D1, 0x9C90,
  0xA4D1, 0x9CB0, 0x39A5, 0x51E1, 0x9342, 0xA3A2, 0xABE3, 0xB444, 0xBCA6, 0xC507, 0xD589, 0xEDC9,
  0xFE28, 0xBCA6, 0xAC87, 0xFDE6, 0xF5A6, 0xFDE7, 0xFDE7, 0xDDC9, 0x39A3, 0x0000, 0x0841, 0x0021,
  0x0021, 0x0021, 0x0021, 0x0021, 0x0021, 0x0021, 0x0021, 0x0021, 0x0021, 0x0021, 0x0021, 0x0021,
  0x0021, 0x0021, 0x0021, 0x0021, 0x0021, 0x0021, 0x0021, 0x0021, 0x0021, 0x0021, 0x0021, 0x0021,
  0x0021, 0x0021, 0x0021, 0x0021, 0x0021, 0x0021, 0x0021, 0x0021, 0x0021, 0x0021, 0x0021, 0x0021,
  0x0021, 0x0021, 0x0021, 0x0021, 0x0021, 0x0021, 0x0021, 0x0021, 0x0021, 0x0021, 0x0021, 0x0021,
  0x0021, 0x0021, 0x0021, 0x0021, 0x0021, 0x0021, 0x0021, 0x0021, 0x0021, 0x0021, 0x0021, 0x0021,
  0x0021, 0x0021, 0x0021, 0x0021, 0x0021, 0x0021, 0x0021, 0x0021, 0x0041, 0x0021, 0x0841, 0xC4E6,
  0xF609, 0x9384, 0x3142, 0x2104, 0x3961, 0x2103, 0x39C6, 0x732A, 0x2125, 0x39C7, 0x31A6, 0x39A6,
  0x6B2B, 0xD635, 0xD656, 0xC5D4, 0x944F, 0xBD73, 0xB532, 0xACD0, 0x6B0A, 0x18C2, 0x41C6, 0x6B2B,
  0x944F, 0xA4D0, 0xA48F, 0xB531, 0xB531, 0xA4B0, 0x940D, 0x7B4A, 0x6AE9, 0x5A88, 0x6AEA, 0x7B8C,
  0x944F, 0xA4D1, 0xAD32, 0xAD12, 0xA4D1, 0x9C90, 0x9C90, 0xA4D1, 0xACF2, 0xA4D1, 0xACF1, 0xACF2,
  0xA4D1, 0xACF1, 0xACF1, 0xA4D1, 0xA4D1, 0xA4D1, 0xA4D1, 0xA4F1, 0xA4D1, 0xA4F1, 0x9C90, 0xA4D1,
  0xA4D1, 0xA4D1, 0x9C90, 0x9CB0, 0xA4D1, 0x5247, 0x3985, 0x10C4, 0x1904, 0x2123, 0x3982, 0x6262,
  0x8B02, 0x9B82, 0xA3C3, 0xAC04, 0xB466, 0x8365, 0xC529, 0xCD68, 0xE5C8, 0xEDA7, 0xE5C8, 0xB4A7,
  0x49C1, 0x0001, 0x0841, 0x0021, 0x0021, 0x0021, 0x0021, 0x0021, 0x0041, 0x0021, 0x0021, 0x0021,
  0x0021, 0x0021, 0x0021, 0x0021, 0x0021, 0x0021, 0x0021, 0x0021, 0x0021, 0x0021, 0x0021, 0x0021,
  0x0021, 0x0041, 0x0041, 0x0041, 0x0021, 0x0021, 0x0021, 0x0021, 0x0021, 0x0021, 0x0021, 0x0021,
  0x0021, 0x0021, 0x0021, 0x0021, 0x0021, 0x0021, 0x0021, 0x0021, 0x0021, 0x0021, 0x0021, 0x0021,
  0x0021, 0x0021, 0x0021, 0x0021, 0x0021, 0x0021, 0x0021, 0x0021, 0x0021, 0x0021, 0x0021, 0x0021,
  0x0021, 0x0021, 0x0021, 0x0021, 0x0021, 0x0021, 0x0021, 0x0021, 0x0021, 0x0021, 0x0021, 0x0021,
  0x0841, 0x0000, 0x8B84, 0xFE68, 0xAC46, 0x49A1, 0x1904, 0x2125, 0x3142, 0x2944, 0x83CD, 0x2945,
  0x31A6, 0x31A6, 0x31A6, 0x5AA9, 0xCDD4, 0xD615, 0xD635, 0xCDF5, 0x944F, 0xBD52, 0xBD52, 0xACF1,
  0x6B0A, 0x0841, 0x0000, 0x0000, 0x0841, 0x4A27, 0x8BED, 0xB511, 0xBD52, 0xB531, 0xB532, 0xACD0,
  0xACD0, 0x942D, 0x83CC, 0x6B09, 0x5A68, 0x62A9, 0x736C, 0x944F, 0xA4D1, 0xACF1, 0xA4F1, 0xA4D1,
  0xA4B0, 0xA4B1, 0xA4D1, 0xA4D1, 0xACF1, 0xA4F1, 0xA4D1, 0xACF1, 0xACF2, 0xACF1, 0xA4D1, 0xA4D1,
  0xA4D1, 0xA4D1, 0xA4D1, 0xA4D1, 0xACF1, 0xA4B0, 0x9C90, 0xAD12, 0x62C9, 0x6AE9, 0x5247, 0x18C3,
  0x2965, 0x2145, 0x1925, 0x1905, 0x18E4, 0x2923, 0x3982, 0x5A22, 0x8B22, 0x8302, 0xBC64, 0xBC85,
  0xB486, 0xC4E7, 0xA488, 0xA3A2, 0x49C1, 0x0000, 0x0841, 0x0021, 0x0021, 0x0021, 0x0021, 0x0021,
  0x0021, 0x0021, 0x0021, 0x0021, 0x0021, 0x0021, 0x0021, 0x0021, 0x0021, 0x0021, 0x0021, 0x0021,
  0x0021, 0x0021, 0x0021, 0x0021, 0x0021, 0x0021, 0x0021, 0x0021, 0x0021, 0x0021, 0x0021, 0x0021,
  0x0021, 0x0021, 0x0021, 0x0021, 0x0021, 0x0021, 0x0021, 0x0021, 0x0021, 0x0021, 0x0021, 0x0021,
  0x0021, 0x0021, 0x0021, 0x0021, 0x0021, 0x0021, 0x0021, 0x0021, 0x0021, 0x0021, 0x0021, 0x0021,
  0x0021, 0x0021, 0x0021, 0x0021, 0x0021, 0x0021, 0x0021, 0x0021, 0x0021, 0x0021, 0x0021, 0x0021,
  0x0021, 0x0021, 0x0021, 0x0841, 0x0000, 0x5223, 0xFE48, 0xC4E7, 0x6242, 0x18E4, 0x2124, 0x2125,
  0x18C2, 0x732A, 0x4207, 0x31A6, 0x39C6, 0x31A6, 0x4207, 0xAD11, 0xDE76, 0xD615, 0xD635, 0xCDF5,
  0x946F, 0xB531, 0xBD52, 0xAD11, 0x732B, 0x1081, 0x0020, 0x0020, 0x0000, 0x2944, 0x942E, 0xAD11,
  0xBD52, 0xBD31, 0xA4D0, 0x8C0E, 0x9C6F, 0xACD0, 0xBD52, 0xACD0, 0x9C6F, 0x940D, 0x734B, 0x62A9,
  0x5AA8, 0x6B2A, 0x83EE, 0x9C90, 0xACF2, 0xAD12, 0xA4D1, 0x9C90, 0x9C90, 0x9C90, 0xA4D1, 0xACF2,
  0xACF2, 0xAD12, 0xA4D1, 0xA4B1, 0xA4D1, 0xA4D1, 0xA4D1, 0xA4D1, 0xA4D1, 0x9C90, 0xAD12, 0x7B6C,
  0x5227, 0x8BCC, 0x4A27, 0x18C3, 0x2125, 0x2145, 0x2945, 0x2965, 0x2965, 0x2145, 0x2124, 0x41C4,
  0x10E5, 0x6263, 0xCCC4, 0xBC64, 0xCCA4, 0xC4A4, 0x9BA3, 0xABE2, 0x49C1, 0x0000, 0x0841, 0x0021,
  0x0021, 0x0021, 0x0021, 0x0021, 0x0021, 0x0021, 0x0021, 0x0021, 0x0021, 0x0021, 0x0021, 0x0021,
  0x0021, 0x0021, 0x0021, 0x0021, 0x0021, 0x0021, 0x0021, 0x0021, 0x0021, 0x0021, 0x0021, 0x0021,
  0x0021, 0x0021, 0x0021, 0x0021, 0x0021, 0x0021, 0x0021, 0x0021, 0x0021, 0x0021, 0x0021, 0x0021,
  0x0021, 0x0021, 0x0021, 0x0021, 0x0021, 0x0021, 0x0021, 0x0021, 0x0021, 0x0021, 0x0021, 0x0021,
  0x0021, 0x0021, 0x0021, 0x0021, 0x0021, 0x0021, 0x0021, 0x0021, 0x0021, 0x0021, 0x0021, 0x0021,
  0x0021, 0x0021, 0x0021, 0x0021, 0x0021, 0x0021, 0x0041, 0x0000, 0x20E1, 0xE5A7, 0xE5C9, 0x8303,
  0x2103, 0x2124, 0x2124, 0x10C3, 0x62C9, 0x5AA9, 0x1904, 0x72C4, 0x4A05, 0x3186, 0x940E, 0xD635,
  0xCDF5, 0xD636, 0xD656, 0xC5D4, 0x942E, 0xBD52, 0xB511, 0xA4D0, 0x736C, 0x0840, 0x0000, 0x0000,
  0x0000, 0x3185, 0x83ED, 0xA4D0, 0xBD52, 0xBD52, 0xACF1, 0x7B6C, 0x2944, 0x41E6, 0x736B, 0x944F,
  0xACF1, 0xAD11, 0xACF1, 0xA4AF, 0x942E, 0x83AC, 0x6AE9, 0x5A88, 0x6B0A, 0x7B8C, 0x944F, 0xA4F1,
  0xAD12, 0xA4D1, 0x9C90, 0x9C90, 0xA4B1, 0xA4D1, 0xA4D1, 0xA4D1, 0xA4D1, 0xA4D1, 0xA4D1, 0xA4D1,
  0x9C6F, 0xACF1, 0x8C0E, 0x4A06, 0x734A, 0x83AC, 0x4A27, 0x18E3, 0x2124, 0x2945, 0x2945, 0x2145,
  0x2145, 0x2945, 0x2965, 0x41A3, 0x2126, 0x6284, 0x9363, 0xAC04, 0x8B63, 0xB444, 0xA404, 0xABE3,
  0x49C1, 0x0000, 0x0041, 0x0021, 0x0021, 0x0021, 0x0021, 0x0021, 0x0021, 0x0041, 0x0021, 0x0021,
  0x0021, 0x0021, 0x0021, 0x0021, 0x0021, 0x0021, 0x0021, 0x0021, 0x0021, 0x0021, 0x0021, 0x0021,
  0x0021, 0x0021, 0x0021, 0x0021, 0x0021, 0x0021, 0x0021, 0x0021, 0x0021, 0x0021, 0x0021, 0x0021,
  0x0021, 0x0021, 0x0021, 0x0021, 0x0021, 0x0021, 0x0021, 0x0021, 0x0021, 0x0021, 0x0021, 0x0021,
  0x0021, 0x0021, 0x0021, 0x0021, 0x0021, 0x0021, 0x0021, 0x0021, 0x0021, 0x0021, 0x0021, 0x0021,
  0x0021, 0x0021, 0x0021, 0x0021, 0x0021, 0x0021, 0x0021, 0x0021, 0x0021, 0x0021, 0x0041, 0x0000,
  0xA426, 0xEE09, 0x9384, 0x3962, 0x1905, 0x2144, 0x18E3, 0x4207, 0x7B8C, 0x2124, 0x39C7, 0x3186,
  0x39E7, 0x6B2B, 0xC593, 0xCDF4, 0xD615, 0xD615, 0xDE76, 0xC5B4, 0x736B, 0x9C8F, 0xACF1, 0xA48F,
  0x732B, 0x5268, 0x39A5, 0x10A2, 0x0000, 0x2944, 0x8C0E, 0xACD0, 0xBD52, 0xBD52, 0xACD0, 0x7B8C,
  0x18A2, 0x0000, 0x0000, 0x1081, 0x3165, 0x6B2B, 0x7B8C, 0xACF1, 0xBD72, 0xBD72, 0xA4D0, 0x944E,
  0x83AB, 0x6AE9, 0x5A88, 0x62A9, 0x734B, 0x8BEE, 0xA4B0, 0xACF1, 0xACF2, 0xA4D1, 0x9CB0, 0xA4B0,
  0xA4D1, 0xA4D1, 0xA4D1, 0x9C90, 0xA4D1, 0x9CB0, 0x5227, 0x734A, 0x7B6B, 0x83AC, 0x4A27, 0x18C3,
  0x2124, 0x2965, 0x2945, 0x2945, 0x2945, 0x2965, 0x2965, 0x2145, 0x2966, 0x2943, 0xC4A5, 0xE5C8,
  0x7AE3, 0x9B82, 0xAC04, 0xA3A2, 0x49C1, 0x0000, 0x0041, 0x0021, 0x0021, 0x0021, 0x0021, 0x0021,
  0x0021, 0x0021, 0x0021, 0x0021, 0x0021, 0x0021, 0x0021, 0x0021, 0x0021, 0x0021, 0x0021, 0x0021,
  0x0021, 0x0021, 0x0021, 0x0021, 0x0021, 0x0021, 0x0021, 0x0021, 0x0021, 0x0021, 0x0021, 0x0021,
  0x0021, 0x0021, 0x0021, 0x0021, 0x0021, 0x0021, 0x0021, 0x0021, 0x0021, 0x0021, 0x0021, 0x0021,
  0x0021, 0x0021, 0x0021, 0x0021, 0x0021, 0x0021, 0x0021, 0x0021, 0x0021, 0x0021, 0x0021, 0x0021,
  0x0021, 0x0021, 0x0021, 0x0021, 0x0021, 0x0021, 0x0021, 0x0021, 0x0021, 0x0021, 0x0021, 0x0021,
  0x0021, 0x0041, 0x0000, 0x62A3, 0xB4A7, 0x9BE5, 0x5A01, 0x18E4, 0x2144, 0x1904, 0x2944, 0x83AC,
  0x2965, 0x31A6, 0x31A6, 0x39C6, 0x5AA9, 0xC5D4, 0xD635, 0xCDF5, 0xCE15, 0xCE15, 0xCDF4, 0xB552,
  0x734B, 0x8BED, 0x8BED, 0x8BED, 0x8C0D, 0x9C6F, 0xA4B0, 0x9C6F, 0x732B, 0x5AA9, 0x8C0D, 0xB511,
  0xB531, 0xBD52, 0xACF1, 0x7B6B, 0x18C2, 0x0000, 0x0000, 0x0000, 0x0000, 0x3185, 0x83AC, 0xAD11,
  0xBD73, 0xBD52, 0xB532, 0xB532, 0xACF1, 0xACF1, 0xA4AF, 0x8BED, 0x734A, 0x62C9, 0x5A88, 0x6B2A,
  0x83CD, 0x9C6F, 0xACF1, 0xAD12, 0xA4F1, 0x9C90, 0x9C90, 0xA4B0, 0xACF1, 0x5A89, 0x6AE9, 0x83AC,
  0x7B4B, 0x838B, 0x4A07, 0x18E3, 0x18E4, 0x1904, 0x2145, 0x2965, 0x2986, 0x2986, 0x2965, 0x3185,
  0x18E5, 0x8BA6, 0xFE68, 0xAC46, 0x49A1, 0x8B42, 0xA3C3, 0xA3A2, 0x49C1, 0x0000, 0x0041, 0x0021,
  0x0021, 0x0021, 0x0021, 0x0021, 0x0021, 0x0021, 0x0021, 0x0021, 0x0021, 0x0021, 0x0021, 0x0021,
  0x0021, 0x0021, 0x0021, 0x0021, 0x0021, 0x0021, 0x0021, 0x0021, 0x0021, 0x0021, 0x0021, 0x0021,
  0x0021, 0x0021, 0x0021, 0x0021, 0x0021, 0x0021, 0x0021, 0x0021, 0x0021, 0x0021, 0x0021, 0x0021,
  0x0021, 0x0021, 0x0021, 0x0021, 0x0021, 0x0021, 0x0021, 0x0021, 0x0021, 0x0021, 0x0021, 0x0021,
  0x0021, 0x0021, 0x0021, 0x0021, 0x0021, 0x0021, 0x0021, 0x0021, 0x0021, 0x0021, 0x0021, 0x0021,
  0x0021, 0x0021, 0x0021, 0x0021, 0x0841, 0x0000, 0x41C2, 0xFE27, 0xBCE7, 0x5A01, 0x2124, 0x2124,
  0x2124, 0x10C3, 0x7B8C, 0x4207, 0x2965, 0x39C7, 0x31A6, 0x4A07, 0xB511, 0xDE76, 0xD615, 0xD615,
  0xD615, 0xD636, 0xD614, 0xC593, 0x83AD, 0x734B, 0x732A, 0x7B8C, 0x83CD, 0x83ED, 0x83ED, 0x8BED,
  0x946F, 0x9C90, 0x83CD, 0xACF0, 0xACF0, 0xB511, 0xACF1, 0x7B8C, 0x18C2, 0x0000, 0x0000, 0x0000,
  0x0000, 0x39C6, 0x83CD, 0xAD11, 0xB552, 0xBD52, 0xBD52, 0xB512, 0x9C6F, 0x944E, 0xB532, 0xB532,
  0xAD11, 0xACD0, 0x9C4E, 0x838B, 0x62A8, 0x5A67, 0x62E9, 0x83AD, 0x942F, 0xA4B1, 0xACF1, 0xB553,
  0x734B, 0x5A68, 0x83AC, 0x838C, 0x7B6B, 0x7B6B, 0x5A88, 0x7B8B, 0x62E9, 0x39A5, 0x2944, 0x2125,
  0x2124, 0x2145, 0x3185, 0x5204, 0x5A85, 0xFE27, 0xCD28, 0x6262, 0x18C3, 0x8302, 0x9BA3, 0xABC2,
  0x49C1, 0x0000, 0x0841, 0x0021, 0x0021, 0x0021, 0x0021, 0x0021, 0x0021, 0x0021, 0x0021, 0x0021,
  0x0021, 0x0021, 0x0021, 0x0021, 0x0021, 0x0021, 0x0021, 0x0021, 0x0021, 0x0021, 0x0021, 0x0021,
  0x0021, 0x0021, 0x0021, 0x0021, 0x0021, 0x0021, 0x0021, 0x0021, 0x0021, 0x0021, 0x0021, 0x0021,
  0x0021, 0x0021, 0x0021, 0x0021, 0x0021, 0x0021, 0x0021, 0x0021, 0x0021, 0x0021, 0x0021, 0x0021,
  0x0021, 0x0021, 0x0021, 0x0021, 0x0021, 0x0021, 0x0021, 0x0021, 0x0021, 0x0021, 0x0021, 0x0021,
  0x0021, 0x0021, 0x0021, 0x0021, 0x0021, 0x0021, 0x0021, 0x0041, 0x0020, 0x10A1, 0xDD66, 0xE5C8,
  0x8323, 0x2901, 0x2125, 0x2945, 0x10C3, 0x62EA, 0x62C9, 0x2145, 0x39C7, 0x31A6, 0x39C6, 0x942E,
  0xDE76, 0xD615, 0xD615, 0xD615, 0xD635, 0xD635, 0xD636, 0xD636, 0xD615, 0xBD73, 0xA4D0, 0x83ED,
  0x734B, 0x734B, 0x734B, 0x7BAC, 0x83CD, 0x8C0E, 0x7BAC, 0x944E, 0xAD11, 0xB511, 0xA4D0, 0x7B6B,
  0x18C2, 0x0000, 0x0000, 0x0000, 0x0000, 0x39C6, 0x83AD, 0xACF0, 0xBD52, 0xB532, 0xBD52, 0xACF1,
  0xA48F, 0x5268, 0x39C6, 0x6B2B, 0x8C2E, 0xAD11, 0xAD11, 0xA4B0, 0xACF0, 0x9C4E, 0x83CC, 0x6AE9,
  0x5A88, 0x62C9, 0x736B, 0x736C, 0x5A68, 0x7B8B, 0x7B6B, 0x7B8B, 0x7B4B, 0x7B4B, 0x5247, 0x83AC,
  0x9C6E, 0xA4AF, 0xACF0, 0x83ED, 0x5288, 0x3165, 0x2104, 0x31A4, 0xDD86, 0xE5A8, 0x8323, 0x3983,
  0x3163, 0x8302, 0x9B83, 0x9B82, 0x51E1, 0x18A1, 0x0021, 0x0021, 0x0021, 0x0021, 0x0021, 0x0021,
  0x0021, 0x0021, 0x0041, 0x0021, 0x0021, 0x0021, 0x0021, 0x0021, 0x0021, 0x0021, 0x0021, 0x0021,
  0x0021, 0x0021, 0x0021, 0x0021, 0x0021, 0x0021, 0x0021, 0x0021, 0x0021, 0x0021, 0x0021, 0x0021,
  0x0021, 0x0021, 0x0021, 0x0021, 0x0021, 0x0021, 0x0021, 0x0021, 0x0021, 0x0021, 0x0021, 0x0021,
  0x0021, 0x0021, 0x0021, 0x0021, 0x0021, 0x0021, 0x0021, 0x0021, 0x0021, 0x0021, 0x0021, 0x0021,
  0x0021, 0x0021, 0x0021, 0x0021, 0x0021, 0x0021, 0x0021, 0x0021, 0x0021, 0x0021, 0x0021, 0x0041,
  0x0000, 0xAC45, 0xFE28, 0x93C5, 0x41A2, 0x3962, 0x2945, 0x1904, 0x4A27, 0x736B, 0x1904, 0x31C7,
  0x31A6, 0x39C6, 0x734B, 0xD635, 0xCE15, 0xD615, 0xD615, 0xD635, 0xD635, 0xD636, 0xD635, 0xD615,
  0xD615, 0xD635, 0xDE56, 0xD635, 0xC5D4, 0xACF1, 0x8C0E, 0x7B8C, 0x734B, 0x7B6B, 0x7B8C, 0x83AD,
  0x8C2E, 0x8C0D, 0x8BED, 0x736B, 0x18C2, 0x0000, 0x0000, 0x0000, 0x0000, 0x39C6, 0x7B8C, 0xACD0,
  0xBD52, 0xB532, 0xB552, 0xA4B0, 0xA4B0, 0x5248, 0x0000, 0x0000, 0x0861, 0x2944, 0x62CA, 0x7BAC,
  0xACF0, 0xB552, 0xBD52, 0xACF0, 0xA4AF, 0x942E, 0x7B6B, 0x5A88, 0x732A, 0x7B6B, 0x7B6B, 0x7B6B,
  0x734A, 0x62E9, 0x4A27, 0x734A, 0xA48F, 0xCDF5, 0xD635, 0xDE56, 0xD615, 0xCDB3, 0x734B, 0xA405,
  0xFE48, 0xA425, 0x3982, 0x2944, 0x3142, 0x7AC1, 0x9362, 0x7AC1, 0x9BA3, 0x9BC4, 0x0000, 0x0021,
  0x0021, 0x0021, 0x0021, 0x0021, 0x0021, 0x0021, 0x0021, 0x0021, 0x0021, 0x0021, 0x0021, 0x0021,
  0x0021, 0x0021, 0x0021, 0x0021, 0x0021, 0x0021, 0x0021, 0x0021, 0x0021, 0x0021, 0x0021, 0x0021,
  0x0021, 0x0021, 0x0021, 0x0021, 0x0021, 0x0021, 0x0021, 0x0021, 0x0021, 0x0021, 0x0021, 0x0021,
  0x0021, 0x0021, 0x0021, 0x0021, 0x0021, 0x0021, 0x0021, 0x0021, 0x0021, 0x0021, 0x0021, 0x0021,
  0x0021, 0x0021, 0x0021, 0x0021, 0x0021, 0x0021, 0x0021, 0x0021, 0x0021, 0x0021, 0x0021, 0x0021,
  0x0021, 0x0021, 0x0841, 0x0000, 0x6AC3, 0xFE68, 0xB4A7, 0x51C1, 0x3163, 0x3143, 0x1904, 0x2965,
  0x8BED, 0x2945, 0x5225, 0x41E6, 0x31A6, 0x5288, 0xC5D4, 0xD635, 0xD615, 0xD615, 0xD615, 0xD635,
  0xD635, 0xD636, 0xD636, 0xD635, 0xD635, 0xD615, 0xCDF4, 0xD615, 0xD615, 0xDE56, 0xD635, 0xCDF4,
  0xB532, 0x942E, 0x7B8C, 0x6B0A, 0x734B, 0x7B6B, 0x736B, 0x7B8C, 0x20E3, 0x0000, 0x0000, 0x0000,
  0x0000, 0x39A5, 0x7BAC, 0xACF1, 0xB552, 0xB532, 0xB531, 0xA4D0, 0x9C90, 0x5247, 0x0000, 0x0000,
  0x0000, 0x0000, 0x10A2, 0x83CD, 0xACF1, 0xAD11, 0xB531, 0xBD52, 0xBD52, 0xBD73, 0xB532, 0x83AC,
  0x734A, 0x7B6B, 0x7B6B, 0x7B8B, 0x6B0A, 0x5A89, 0x5268, 0x940D, 0xC5B4, 0xD656, 0xD615, 0xD615,
  0xD635, 0xCE16, 0x9C29, 0xFE06, 0xC4E7, 0x5A21, 0x18E4, 0x2125, 0x18E4, 0x7AC1, 0x82E2, 0x8B02,
  0xC4C6, 0x7AC2, 0x0840, 0x0021, 0x0021, 0x0021, 0x0021, 0x0021, 0x0041, 0x0021, 0x0021, 0x0021,
  0x0021, 0x0021, 0x0021, 0x0021, 0x0021, 0x0021, 0x0021, 0x0021, 0x0021, 0x0021, 0x0021, 0x0021,
  0x0021, 0x0021, 0x0021, 0x0021, 0x0021, 0x0021, 0x0021, 0x0021, 0x0021, 0x0021, 0x0021, 0x0021,
  0x0021, 0x0021, 0x0021, 0x0021, 0x0021, 0x0021, 0x0021, 0x0021, 0x0021, 0x0021, 0x0021, 0x0021,
  0x0021, 0x0021, 0x0021, 0x0021, 0x0021, 0x0021, 0x0021, 0x0021, 0x0021, 0x0021, 0x0021, 0x0021,
  0x0021, 0x0021, 0x0021, 0x0021, 0x0021, 0x0841, 0x0000, 0x3162, 0xF607, 0xD548, 0x72A2, 0x2103,
  0x2124, 0x3163, 0x18E3, 0x7BAC, 0x4207, 0x2165, 0x5A43, 0x41C4, 0x4207, 0xACF1, 0xDE76, 0xCE15,
  0xD615, 0xD635, 0xD615, 0xD635, 0xDE56, 0xD656, 0xD636, 0xD636, 0xD636, 0xD635, 0xD615, 0xD615,
  0xD615, 0xCE15, 0xD615, 0xD635, 0xD635, 0xDE56, 0xD615, 0xBD52, 0x9C8F, 0x83CD, 0x6B2B, 0x62C9,
  0x3985, 0x4A07, 0x39A5, 0x2923, 0x0840, 0x39C6, 0x83AC, 0xA4B0, 0xBD52, 0xACF1, 0xB511, 0xACF1,
  0xA490, 0x5227, 0x0000, 0x0000, 0x0000, 0x0020, 0x20E3, 0x83CD, 0xACF1, 0xACF1, 0xB531, 0xBD52,
  0xBD52, 0xB532, 0xB532, 0x83CC, 0x734A, 0x7B6B, 0x7B6B, 0x732A, 0x5A88, 0x4A07, 0x7B8B, 0xBD73,
  0xD635, 0xD635, 0xD635, 0xD635, 0xDE56, 0x8C0C, 0xDD65, 0xE5A8, 0x7AE2, 0x2103, 0x2124, 0x2124,
  0x2923, 0x49A1, 0x6A61, 0xBC85, 0xA404, 0x7AE2, 0x0020, 0x0021, 0x0021, 0x0021, 0x0021, 0x0021,
  0x0021, 0x0021, 0x0021, 0x0021, 0x0021, 0x0021, 0x0021, 0x0021, 0x0021, 0x0021, 0x0021, 0x0021,
  0x0021, 0x0021, 0x0021, 0x0021, 0x0021, 0x0021, 0x0021, 0x0021, 0x0021, 0x0021, 0x0021, 0x0021,
  0x0021, 0x0021, 0x0021, 0x0021, 0x0021, 0x0021, 0x0021, 0x0021, 0x0021, 0x0021, 0x0021, 0x0021,
  0x0021, 0x0021, 0x0021, 0x0021, 0x0021, 0x0021, 0x0021, 0x0021, 0x0021, 0x0021, 0x0021, 0x0021,
  0x0021, 0x0021, 0x0021, 0x0021, 0x0021, 0x0021, 0x0021, 0x0021, 0x0041, 0x0021, 0x0861, 0xD547,
  0xEDE9, 0x8323, 0x2922, 0x2125, 0x2965, 0x2901, 0x62EA, 0x5AA9, 0x2124, 0x31A6, 0x2966, 0x31A6,
  0x942E, 0xDE56, 0xCDF4, 0xD635, 0xD635, 0xD635, 0xD656, 0xD656, 0xD656, 0xD656, 0xD636, 0xD636,
  0xD635, 0xD635, 0xD635, 0xD635, 0xD635, 0xD635, 0xD635, 0xD635, 0xD635, 0xD615, 0xCDF4, 0xD615,
  0xD635, 0xD635, 0xC5B4, 0xA4B0, 0x944F, 0x83ED, 0x732B, 0x6B0A, 0x5A88, 0x6B0A, 0x734B, 0x83CC,
  0x9C6F, 0xA4B0, 0xACF0, 0xAD11, 0xA490, 0x5268, 0x18C2, 0x0840, 0x0000, 0x0000, 0x18C3, 0x83AC,
  0xACF0, 0xACF0, 0xB531, 0xBD52, 0xBD52, 0xBD52, 0xB532, 0x83AC, 0x732A, 0x7B8B, 0x7B6B, 0x62C9,
  0x4A27, 0x62E9, 0xACF0, 0xDE56, 0xD635, 0xD635, 0xD615, 0xE697, 0x9CB0, 0xB465, 0xF628, 0x9BC4,
  0x3142, 0x1904, 0x2124, 0x2124, 0x20E2, 0x6A82, 0xE587, 0xA405, 0xA3A2, 0x3121, 0x0001, 0x0041,
  0x0021, 0x0021, 0x0021, 0x0021, 0x0021, 0x0021, 0x0021, 0x0021, 0x0021, 0x0021, 0x0021, 0x0021,
  0x0021, 0x0021, 0x0021, 0x0021, 0x0021, 0x0021, 0x0021, 0x0021, 0x0021, 0x0021, 0x0021, 0x0021,
  0x0021, 0x0021, 0x0021, 0x0021, 0x0021, 0x0021, 0x0021, 0x0021, 0x0021, 0x0021, 0x0021, 0x0021,
  0x0021, 0x0021, 0x0021, 0x0021, 0x0021, 0x0021, 0x0021, 0x0021, 0x0021, 0x0021, 0x0021, 0x0021,
  0x0021, 0x0021, 0x0021, 0x0021, 0x0021, 0x0021, 0x0021, 0x0021, 0x0021, 0x0021, 0x0021, 0x0021,
  0x0841, 0x0000, 0x9BE5, 0xFE69, 0xA406, 0x4181, 0x18E4, 0x2945, 0x18E4, 0x41E6, 0x734B, 0x1904,
  0x31A6, 0x31A6, 0x39C6, 0x734B, 0xD635, 0xD615, 0xD615, 0xD615, 0xD636, 0xDE56, 0xD635, 0xDE56,
  0xD656, 0xD636, 0xD635, 0xDE56, 0xD656, 0xD636, 0xD635, 0xD636, 0xD635, 0xD635, 0xD636, 0xD636,
  0xD636, 0xD635, 0xD615, 0xD615, 0xD615, 0xD615, 0xD636, 0xDE55, 0xDE56, 0xD635, 0xC5B3, 0xA4D0,
  0x8C0E, 0x6B0A, 0x5A88, 0x732A, 0x83AD, 0x83CD, 0x8BED, 0x8BED, 0x8C0E, 0x83ED, 0x944F, 0x8BEE,
  0x62EA, 0x3164, 0x2944, 0x83AC, 0xACF1, 0xB511, 0xB531, 0xB552, 0xB531, 0xB552, 0xB532, 0x8BCD,
  0x732A, 0x7B6B, 0x62C9, 0x5247, 0x5AA8, 0xA4B0, 0xD615, 0xD656, 0xD635, 0xD615, 0xDE55, 0xC5D5,
  0x93E7, 0xFE27, 0xBCC7, 0x51E1, 0x18E4, 0x2124, 0x2124, 0x1904, 0x2901, 0xBC64, 0xBCA7, 0xA3C3,
  0x5201, 0x0000, 0x0041, 0x0021, 0x0021, 0x0021, 0x0021, 0x0021, 0x0021, 0x0021, 0x0021, 0x0021,
  0x0021, 0x0021, 0x0021, 0x0021, 0x0021, 0x0021, 0x0021, 0x0021, 0x0021, 0x0021, 0x0021, 0x0021,
  0x0021, 0x0021, 0x0021, 0x0021, 0x0021, 0x0021, 0x0021, 0x0021, 0x0021, 0x0021, 0x0021, 0x0021,
  0x0021, 0x0021, 0x0021, 0x0021, 0x0021, 0x0021, 0x0021, 0x0021, 0x0021, 0x0021, 0x0021, 0x0021,
  0x0021, 0x0021, 0x0021, 0x0021, 0x0021, 0x0021, 0x0021, 0x0021, 0x0021, 0x0021, 0x0021, 0x0021,
  0x0021, 0x0021, 0x0021, 0x0841, 0x0000, 0x6263, 0xFE48, 0xBCC7, 0x5A21, 0x18E4, 0x2124, 0x1904,
  0x2124, 0x7B8C, 0x2965, 0x31A6, 0x31A6, 0x31A6, 0x5A88, 0xC5B3, 0xD635, 0xD615, 0xD635, 0xD636,
  0xD656, 0xD656, 0xD656, 0xD656, 0xD636, 0xD636, 0xD635, 0xD656, 0xDE56, 0xD635, 0xD635, 0xD635,
  0xD636, 0xD635, 0xD635, 0xD656, 0xD656, 0xD656, 0xD636, 0xD636, 0xD635, 0xD615, 0xD615, 0xD615,
  0xD615, 0xD635, 0xDE56, 0xDE56, 0xD635, 0xBD52, 0x9C6F, 0x8BED, 0x732B, 0x6B0A, 0x736B, 0x734B,
  0x83CD, 0x8BED, 0x8BED, 0x8C0E, 0x9C6F, 0x9C6F, 0x8C2E, 0x83CD, 0xACD0, 0xACD0, 0xB511, 0xB531,
  0xB531, 0xB531, 0xB552, 0x83CC, 0x734A, 0x6B0A, 0x5A68, 0x5247, 0x942D, 0xCDF4, 0xD636, 0xD615,
  0xD615, 0xD635, 0xDE56, 0x83AA, 0xCD06, 0xD568, 0x72A2, 0x1903, 0x2124, 0x2124, 0x2124, 0x18E3,
  0xB444, 0xC4E7, 0x9BA3, 0x82E2, 0x0000, 0x0041, 0x0021, 0x0021, 0x0021, 0x0021, 0x0021, 0x0021,
  0x0021, 0x0021, 0x0021, 0x0021, 0x0021, 0x0021, 0x0021, 0x0021, 0x0021, 0x0021, 0x0021, 0x0021,
  0x0021, 0x0021, 0x0021, 0x0021, 0x0021, 0x0021, 0x0021, 0x0021, 0x0021, 0x0021, 0x0021, 0x0021,
  0x0021, 0x0021, 0x0021, 0x0021, 0x0021, 0x0021, 0x0021, 0x0021, 0x0021, 0x0021, 0x0021, 0x0021,
  0x0021, 0x0021, 0x0021, 0x0021, 0x0021, 0x0021, 0x0021, 0x0021, 0x0021, 0x0021, 0x0021, 0x0021,
  0x0021, 0x0021, 0x0021, 0x0021, 0x0021, 0x0021, 0x0041, 0x0000, 0x18A1, 0xAC45, 0xC528, 0x7AE2,
  0x2103, 0x2104, 0x2124, 0x10C3, 0x734B, 0x4207, 0x2966, 0x31A6, 0x3186, 0x41E7, 0xAD11, 0xDE76,
  0xD635, 0xD636, 0xD636, 0xDE56, 0xDE56, 0xD656, 0xDE56, 0xD656, 0xD635, 0xD636, 0xD656, 0xD636,
  0xD636, 0xD635, 0xD635, 0xD656, 0xD636, 0xD636, 0xD656, 0xD635, 0xD636, 0xDE56, 0xD636, 0xD635,
  0xDE56, 0xDE56, 0xD635, 0xD636, 0xD635, 0xD635, 0xD636, 0xD636, 0xD615, 0xD656, 0xDE76, 0xDE56,
  0xCDF4, 0xAD11, 0x8C0E, 0x732B, 0x6B0A, 0x734B, 0x7B8C, 0x83CD, 0x8BED, 0x8BED, 0x8C0E, 0x7B6B,
  0xA48F, 0xACD0, 0xB531, 0xB511, 0xB531, 0xB531, 0xB532, 0x83AC, 0x62C9, 0x5A88, 0x4A27, 0x83AC,
  0xC5B3, 0xD636, 0xD615, 0xD635, 0xD615, 0xE697, 0xA4D0, 0x8B83, 0xA426, 0x9363, 0x3162, 0x1905,
  0x2124, 0x2145, 0x10C4, 0x8323, 0xEDE8, 0xA405, 0x9B82, 0x1881, 0x0021, 0x0041, 0x0021, 0x0021,
  0x0021, 0x0021, 0x0021, 0x0021, 0x0021, 0x0021, 0x0021, 0x0021, 0x0021, 0x0021, 0x0021, 0x0021,
  0x0021, 0x0021, 0x0021, 0x0021, 0x0021, 0x0021, 0x0021, 0x0021, 0x0021, 0x0021, 0x0021, 0x0021,
  0x0021, 0x0021, 0x0021, 0x0021, 0x0021, 0x0021, 0x0021, 0x0021, 0x0021, 0x0021, 0x0021, 0x0021,
  0x0021, 0x0021, 0x0021, 0x0021, 0x0021, 0x0041, 0x0021, 0x0021, 0x0021, 0x0021, 0x0021, 0x0021,
  0x0021, 0x0021, 0x0021, 0x0021, 0x0021, 0x0021, 0x0021, 0x0021, 0x0021, 0x0041, 0x0021, 0x0841,
  0xB465, 0xCD47, 0x7AE3, 0x3122, 0x1904, 0x2945, 0x10A3, 0x62C9, 0x5AC9, 0x18E4, 0x31C7, 0x31A6,
  0x39C6, 0x83AC, 0xDE56, 0xD615, 0xD636, 0xD636, 0xD635, 0xD656, 0xD636, 0xD656, 0xD636, 0xD636,
  0xD635, 0xD635, 0xD636, 0xD635, 0xD635, 0xD636, 0xD635, 0xD635, 0xD635, 0xD656, 0xDE56, 0xDE56,
  0xD656, 0xDE56, 0xD636, 0xD635, 0xD636, 0xD656, 0xD636, 0xD635, 0xD635, 0xD656, 0xDE56, 0xD656,
  0xD635, 0xD635, 0xD615, 0xD615, 0xD635, 0xDE56, 0xD635, 0xCE15, 0xB511, 0x83CD, 0x7BAC, 0x734B,
  0x734B, 0x7B6B, 0x7B8C, 0x7B8C, 0x8BED, 0x8C0E, 0xA4B0, 0xAD11, 0xB511, 0xB532, 0xB531, 0x7B6B,
  0x5A88, 0x4A27, 0x62E9, 0xB532, 0xDE56, 0xD635, 0xD635, 0xD635, 0xDE76, 0xB553, 0x9BE5, 0xF607,
  0x9BC5, 0x3121, 0x2124, 0x2124, 0x2124, 0x1905, 0x49C2, 0xD525, 0xA426, 0xA3C2, 0x3981, 0x0000,
  0x0041, 0x0021, 0x0021, 0x0021, 0x0021, 0x0021, 0x0021, 0x0021, 0x0021, 0x0021, 0x0021, 0x0021,
  0x0021, 0x0021, 0x0021, 0x0021, 0x0021, 0x0021, 0x0021, 0x0021, 0x0021, 0x0021, 0x0021, 0x0021,
  0x0021, 0x0021, 0x0021, 0x0021, 0x0021, 0x0021, 0x0021, 0x0021, 0x0021, 0x0021, 0x0021, 0x0021,
  0x0021, 0x0021, 0x0021, 0x0021, 0x0021, 0x0021, 0x0021, 0x0021, 0x0021, 0x0021, 0x0021, 0x0021,
  0x0021, 0x0021, 0x0021, 0x0021, 0x0021, 0x0021, 0x0021, 0x0021, 0x0021, 0x0021, 0x0021, 0x0021,
  0x0021, 0x0841, 0x0000, 0x8B64, 0xFE48, 0xAC66, 0x4181, 0x1904, 0x2945, 0x18E3, 0x4207, 0x736B,
  0x18C3, 0x72C5, 0x4A06, 0x31A6, 0x6B2A, 0xD615, 0xCE15, 0xCDF5, 0xD615, 0xD636, 0xD656, 0xD635,
  0xD635, 0xD636, 0xD636, 0xD635, 0xD656, 0xD635, 0xD615, 0xD635, 0xD636, 0xD636, 0xD635, 0xD635,
  0xDE56, 0xD655, 0xD635, 0xDE56, 0xDE56, 0xD635, 0xD635, 0xD656, 0xD635, 0xD636, 0xDE56, 0xD635,
  0xD615, 0xD636, 0xDE56, 0xD635, 0xD635, 0xD636, 0xD636, 0xD635, 0xD615, 0xD635, 0xD615, 0xD615,
  0xD636, 0xD656, 0xD615, 0xBD72, 0xA4B0, 0x83CD, 0x734B, 0x732A, 0x7B6B, 0x7BAC, 0x83CD, 0x83CD,
  0x8C0E, 0x9C6F, 0xA4D0, 0x732B, 0x5247, 0x5A68, 0xA4AF, 0xD635, 0xD615, 0xD635, 0xD635, 0xD615,
  0xD616, 0x93EA, 0xF5E6, 0xC4E7, 0x6221, 0x2902, 0x2125, 0x2145, 0x2125, 0x2102, 0xBC84, 0xB4A7,
  0xA3C3, 0x6A61, 0x0000, 0x0041, 0x0021, 0x0021, 0x0021, 0x0021, 0x0021, 0x0021, 0x0021, 0x0021,
  0x0021, 0x0021, 0x0021, 0x0021, 0x0021, 0x0021, 0x0021, 0x0021, 0x0021, 0x0021, 0x0021, 0x0021,
  0x0021, 0x0021, 0x0021, 0x0021, 0x0021, 0x0021, 0x0021, 0x0021, 0x0021, 0x0021, 0x0021, 0x0021,
  0x0021, 0x0021, 0x0021, 0x0021, 0x0021, 0x0021, 0x0021, 0x0021, 0x0021, 0x0021, 0x0021, 0x0021,
  0x0021, 0x0021, 0x0021, 0x0021, 0x0021, 0x0021, 0x0021, 0x0021, 0x0021, 0x0021, 0x0021, 0x0021,
  0x0021, 0x0021, 0x0021, 0x0021, 0x0841, 0x0000, 0x4A03, 0xFE68, 0xC528, 0x5A01, 0x3122, 0x2945,
  0x2104, 0x2124, 0x83CC, 0x3186, 0x31A6, 0x5224, 0x39C5, 0x5268, 0xC593, 0xDE56, 0xD636, 0xD636,
  0xD636, 0xD636, 0xD635, 0xD615, 0xD636, 0xDE56, 0xDE56, 0xD635, 0xD635, 0xD635, 0xD635, 0xD635,
  0xD636, 0xD635, 0xD636, 0xD636, 0xD615, 0xD635, 0xD635, 0xD615, 0xD635, 0xD636, 0xD656, 0xD656,
  0xD656, 0xD656, 0xDE56, 0xD656, 0xD635, 0xD635, 0xDE56, 0xDE56, 0xDE56, 0xD635, 0xD636, 0xD656,
  0xD636, 0xD635, 0xD636, 0xD615, 0xD615, 0xD615, 0xD615, 0xD635, 0xDE56, 0xD635, 0xC5B3, 0xACF1,
  0x942E, 0x6B2A, 0x62C9, 0x732A, 0x7B8C, 0x83CD, 0x83ED, 0x62C9, 0x5247, 0x942E, 0xCDD4, 0xD635,
  0xD635, 0xD635, 0xD635, 0xDE77, 0x942E, 0xD525, 0xEE09, 0x72C3, 0x3142, 0x41A3, 0x1904, 0x2145,
  0x10E3, 0xA3A3, 0xE5A7, 0xA3E4, 0x9342, 0x0840, 0x0021, 0x0021, 0x0021, 0x0021, 0x0021, 0x0021,
  0x0021, 0x0021, 0x0021, 0x0021, 0x0021, 0x0021, 0x0021, 0x0021, 0x0021, 0x0021, 0x0021, 0x0021,
  0x0021, 0x0021, 0x0021, 0x0021, 0x0021, 0x0021, 0x0021, 0x0021, 0x0021, 0x0021, 0x0021, 0x0021,
  0x0021, 0x0021, 0x0021, 0x0021, 0x0021, 0x0021, 0x0021, 0x0021, 0x0021, 0x0021, 0x0021, 0x0021,
  0x0021, 0x0021, 0x0021, 0x0021, 0x0021, 0x0021, 0x0021, 0x0021, 0x0021, 0x0021, 0x0021, 0x0021,
  0x0021, 0x0021, 0x0021, 0x0021, 0x0021, 0x0021, 0x0021, 0x0841, 0x0000, 0x18C1, 0xE5A7, 0xE5A8,
  0x7B03, 0x3982, 0x3163, 0x2124, 0x18C3, 0x7B6B, 0x4207, 0x2965, 0x39E7, 0x2986, 0x4207, 0xAD11,
  0xDE56, 0xD615, 0xD635, 0xD636, 0xD656, 0xD636, 0xD615, 0xD635, 0xDE56, 0xDE56, 0xDE76, 0xDE56,
  0xD635, 0xD635, 0xD656, 0xD656, 0xD635, 0xD635, 0xD656, 0xD636, 0xD635, 0xD635, 0xD635, 0xD635,
  0xD635, 0xD656, 0xD656, 0xD636, 0xD656, 0xD656, 0xD635, 0xD656, 0xD636, 0xD656, 0xDE56, 0xDE56,
  0xDE56, 0xDE56, 0xD636, 0xD636, 0xD636, 0xD635, 0xD635, 0xD636, 0xD635, 0xD635, 0xD635, 0xD635,
  0xD615, 0xD615, 0xD635, 0xD636, 0xD635, 0xBD72, 0xB511, 0x9C6F, 0x7B8C, 0x732A, 0x734B, 0x4A27,
  0x942E, 0xCDF4, 0xD636, 0xD635, 0xD635, 0xCE15, 0xDE56, 0xB533, 0xA446, 0xFE28, 0xA3E5, 0x41C3,
  0x41C3, 0x3122, 0x2145, 0x10C4, 0x6262, 0xEDC7, 0x9BE5, 0xA3A2, 0x2901, 0x0001, 0x0041, 0x0021,
  0x0021, 0x0021, 0x0021, 0x0021, 0x0021, 0x0021, 0x0021, 0x0021, 0x0021, 0x0021, 0x0021, 0x0021,
  0x0021, 0x0021, 0x0021, 0x0021, 0x0021, 0x0021, 0x0021, 0x0021, 0x0021, 0x0021, 0x0021, 0x0021,
  0x0021, 0x0021, 0x0021, 0x0021, 0x0021, 0x0021, 0x0021, 0x0021, 0x0021, 0x0021, 0x0021, 0x0021,
  0x0021, 0x0021, 0x0021, 0x0021, 0x0021, 0x0021, 0x0021, 0x0021, 0x0021, 0x0021, 0x0021, 0x0021,
  0x0021, 0x0021, 0x0021, 0x0021, 0x0021, 0x0021, 0x0021, 0x0021, 0x0021, 0x0021, 0x0021, 0x0041,
  0x0000, 0xB465, 0xF629, 0x93A4, 0x3142, 0x2964, 0x49C2, 0x10A3, 0x5A88, 0x5AA9, 0x2125, 0x39C7,
  0x39C7, 0x41E6, 0x8C0D, 0xDE56, 0xD615, 0xD635, 0xD635, 0xD636, 0xD635, 0xD635, 0xD635, 0xD656,
  0xD656, 0xDE56, 0xDE56, 0xDE56, 0xD656, 0xD635, 0xD635, 0xD635, 0xD636, 0xD656, 0xD636, 0xD635,
  0xD636, 0xD656, 0xD656, 0xD636, 0xD635, 0xD635, 0xD635, 0xD656, 0xDE56, 0xD656, 0xD656, 0xD636,
  0xD636, 0xDE56, 0xDE56, 0xDE56, 0xD635, 0xDE56, 0xD656, 0xD635, 0xD635, 0xD635, 0xD635, 0xD635,
  0xD656, 0xD636, 0xD635, 0xD635, 0xD635, 0xD635, 0xD635, 0xCE15, 0xC593, 0xD615, 0xDE56, 0xDE76,
  0xD615, 0xBD72, 0x9C6F, 0xACF1, 0xDE76, 0xD615, 0xD615, 0xD635, 0xD635, 0xDE56, 0xC5D5, 0x8BC8,
  0xFE28, 0xBCC7, 0x51E1, 0x1925, 0x3983, 0x4182, 0x1905, 0x3162, 0xDD46, 0xBCA6, 0xA3C2, 0x5201,
  0x0000, 0x0041, 0x0021, 0x0021, 0x0021, 0x0021, 0x0021, 0x0021, 0x0021, 0x0021, 0x0021, 0x0021,
  0x0021, 0x0021, 0x0021, 0x0021, 0x0021, 0x0021, 0x0021, 0x0021, 0x0021, 0x0021, 0x0021, 0x0021,
  0x0021, 0x0021, 0x0021, 0x0021, 0x0021, 0x0021, 0x0021, 0x0021, 0x0021, 0x0021, 0x0021, 0x0021,
  0x0021, 0x0021, 0x0021, 0x0021, 0x0021, 0x0021, 0x0021, 0x0021, 0x0021, 0x0021, 0x0021, 0x0021,
  0x0021, 0x0021, 0x0021, 0x0021, 0x0021, 0x0021, 0x0021, 0x0021, 0x0021, 0x0021, 0x0021, 0x0021,
  0x0021, 0x0021, 0x0841, 0x0000, 0x72E3, 0xFE48, 0xAC46, 0x51E1, 0x1904, 0x2145, 0x2922, 0x4207,
  0x736B, 0x2104, 0x39C7, 0x31C7, 0x39C6, 0x734B, 0xD635, 0xD615, 0xD636, 0xD636, 0xD635, 0xD635,
  0xD635, 0xD635, 0xD635, 0xD635, 0xD635, 0xD656, 0xDE56, 0xDE56, 0xDE56, 0xD656, 0xD635, 0xD635,
  0xD635, 0xD636, 0xD656, 0xD656, 0xDE56, 0xD656, 0xD656, 0xD635, 0xD635, 0xD615, 0xD615, 0xD636,
  0xD656, 0xDE56, 0xDE56, 0xD636, 0xD656, 0xDE56, 0xDE56, 0xDE56, 0xD636, 0xD635, 0xD636, 0xD635,
  0xD635, 0xD656, 0xD656, 0xD656, 0xD656, 0xD656, 0xD635, 0xD635, 0xD636, 0xD656, 0xD656, 0xD615,
  0xD615, 0xD635, 0xD656, 0xD615, 0xD615, 0xD636, 0xDE56, 0xDE76, 0xD635, 0xD635, 0xD636, 0xD635,
  0xD615, 0xDE77, 0x8C2D, 0xDD46, 0xDDA9, 0x72C2, 0x2103, 0x2125, 0x3184, 0x49C3, 0x10C3, 0xB444,
  0xD567, 0x9BA3, 0x82E2, 0x0020, 0x0021, 0x0021, 0x0021, 0x0021, 0x0021, 0x0021, 0x0021, 0x0021,
  0x0021, 0x0021, 0x0021, 0x0021, 0x0021, 0x0021, 0x0021, 0x0021, 0x0021, 0x0021, 0x0021, 0x0021,
  0x0021, 0x0021, 0x0021, 0x0021, 0x0021, 0x0021, 0x0021, 0x0021, 0x0021, 0x0021, 0x0021, 0x0021,
  0x0021, 0x0021, 0x0021, 0x0021, 0x0021, 0x0021, 0x0021, 0x0021, 0x0021, 0x0021, 0x0021, 0x0021,
  0x0021, 0x0021, 0x0021, 0x0021, 0x0021, 0x0021, 0x0021, 0x0021, 0x0021, 0x0021, 0x0021, 0x0021,
  0x0021, 0x0021, 0x0021, 0x0021, 0x0021, 0x0841, 0x0000, 0x3982, 0xFE28, 0xCD28, 0x6241, 0x18E3,
  0x2945, 0x2124, 0x1903, 0x83AC, 0x3186, 0x31A6, 0x31A6, 0x39C6, 0x5AA9, 0xC5B4, 0xD656, 0xD615,
  0xD635, 0xD635, 0xD635, 0xD635, 0xD615, 0xD656, 0xD635, 0xD635, 0xD635, 0xD635, 0xD656, 0xDE56,
  0xDE56, 0xD656, 0xD635, 0xD636, 0xD635, 0xD635, 0xD656, 0xD656, 0xD656, 0xD635, 0xD635, 0xD635,
  0xD635, 0xD615, 0xD615, 0xD636, 0xD656, 0xD656, 0xD636, 0xD636, 0xD636, 0xD656, 0xD656, 0xD636,
  0xD636, 0xD636, 0xD635, 0xD636, 0xD636, 0xD635, 0xD636, 0xD656, 0xD656, 0xD636, 0xD636, 0xD636,
  0xD656, 0xDE56, 0xD656, 0xD635, 0xD656, 0xD636, 0xDE56, 0xD636, 0xD615, 0xD636, 0xD635, 0xD635,
  0xD636, 0xD635, 0xD636, 0xD635, 0xDE76, 0xA4B0, 0xBCA6, 0xF649, 0x9384, 0x3142, 0x2125, 0x2125,
  0x3143, 0x2901, 0x7B03, 0xEDC7, 0x9BC5, 0x9B82, 0x18A1, 0x0001, 0x0041, 0x0021, 0x0021, 0x0021,
  0x0021, 0x0021, 0x0021, 0x0021, 0x0021, 0x0021, 0x0021, 0x0021, 0x0021, 0x0021, 0x0021, 0x0021,
  0x0021, 0x0021, 0x0021, 0x0021, 0x0021, 0x0021, 0x0021, 0x0021, 0x0021, 0x0021, 0x0021, 0x0021,
  0x0021, 0x0021, 0x0021, 0x0021, 0x0021, 0x0021, 0x0021, 0x0021, 0x0021, 0x0021, 0x0021, 0x0021,
  0x0021, 0x0021, 0x0021, 0x0021, 0x0021, 0x0021, 0x0021, 0x0021, 0x0021, 0x0021, 0x0021, 0x0021,
  0x0021, 0x0021, 0x0021, 0x0021, 0x0021, 0x0021, 0x0021, 0x0021, 0x0041, 0x0021, 0x1081, 0xD526,
  0xE5C9, 0x8343, 0x2922, 0x2125, 0x2145, 0x18E3, 0x732A, 0x41E6, 0x3185, 0x4207, 0x39C7, 0x4207,
  0xAD11, 0xDE76, 0xD615, 0xD636, 0xD635, 0xD635, 0xD636, 0xD636, 0xD615, 0xD656, 0xD636, 0xD656,
  0xD636, 0xD656, 0xD656, 0xD656, 0xD636, 0xD635, 0xD635, 0xD635, 0xD636, 0xD635, 0xD656, 0xDE56,
  0xD636, 0xD635, 0xD635, 0xD636, 0xD635, 0xD635, 0xD656, 0xD656, 0xDE56, 0xD656, 0xD656, 0xD656,
  0xD656, 0xD656, 0xD636, 0xD635, 0xD656, 0xD636, 0xD635, 0xDE56, 0xD636, 0xD635, 0xD636, 0xD656,
  0xD656, 0xD635, 0xD635, 0xD635, 0xD656, 0xDE56, 0xDE56, 0xD636, 0xD635, 0xD635, 0xD636, 0xD656,
  0xDE56, 0xD636, 0xD635, 0xD635, 0xD656, 0xD656, 0xD635, 0xDE76, 0xC5B4, 0x93E7, 0xFE27, 0xBCA6,
  0x49C1, 0x18E4, 0x2144, 0x2145, 0x18C3, 0x51E1, 0xEDA6, 0xAC66, 0xA3C2, 0x41A1, 0x0000, 0x0041,
  0x0021, 0x0021, 0x0021, 0x0021, 0x0021, 0x0021, 0x0021, 0x0021, 0x0021, 0x0021, 0x0021, 0x0021,
  0x0021, 0x0021, 0x0021, 0x0021, 0x0021, 0x0021, 0x0021, 0x0021, 0x0021, 0x0021, 0x0021, 0x0021,
  0x0021, 0x0021, 0x0021, 0x0021, 0x0021, 0x0021, 0x0021, 0x0021, 0x0021, 0x0021, 0x0021, 0x0021,
  0x0021, 0x0021, 0x0021, 0x0021, 0x0021, 0x0021, 0x0021, 0x0021, 0x0021, 0x0021, 0x0021, 0x0021,
  0x0021, 0x0021, 0x0021, 0x0021, 0x0021, 0x0021, 0x0021, 0x0021, 0x0021, 0x0021, 0x0021, 0x0021,
  0x0841, 0x0000, 0x93A4, 0xF609, 0x9BC5, 0x3941, 0x1905, 0x2945, 0x10C3, 0x5A88, 0x62EA, 0x1904,
  0x6A84, 0x5225, 0x39A6, 0x8C0D, 0xDE76, 0xD635, 0xD636, 0xD636, 0xD635, 0xD615, 0xD615, 0xD635,
  0xD635, 0xD635, 0xD656, 0xD656, 0xDE56, 0xDE56, 0xDE56, 0xD656, 0xD636, 0xD635, 0xD636, 0xD636,
  0xD656, 0xD656, 0xD656, 0xDE56, 0xD635, 0xD635, 0xD635, 0xD636, 0xD636, 0xD636, 0xD656, 0xDE56,
  0xDE56, 0xD636, 0xD636, 0xD635, 0xD635, 0xD636, 0xD615, 0xD635, 0xD656, 0xD635, 0xD656, 0xD656,
  0xD656, 0xD636, 0xD636, 0xD636, 0xD656, 0xD635, 0xD635, 0xD656, 0xD636, 0xD636, 0xDE56, 0xDE56,
  0xDE56, 0xD636, 0xD635, 0xD656, 0xD636, 0xD635, 0xD635, 0xD635, 0xD635, 0xD636, 0xD635, 0xD656,
  0x8C0B, 0xE587, 0xD568, 0x6262, 0x18E3, 0x2124, 0x2124, 0x2125, 0x20E2, 0xB444, 0xC507, 0xA3C3,
  0x72A1, 0x0000, 0x0041, 0x0021, 0x0021, 0x0021, 0x0021, 0x0021, 0x0021, 0x0021, 0x0021, 0x0021,
  0x0021, 0x0021, 0x0021, 0x0021, 0x0021, 0x0021, 0x0021, 0x0021, 0x0021, 0x0021, 0x0021, 0x0021,
  0x0021, 0x0021, 0x0021, 0x0021, 0x0021, 0x0021, 0x0021, 0x0021, 0x0021, 0x0021, 0x0021, 0x0021,
  0x0021, 0x0021, 0x0021, 0x0021, 0x0021, 0x0021, 0x0021, 0x0021, 0x0021, 0x0021, 0x0021, 0x0021,
  0x0021, 0x0021, 0x0021, 0x0021, 0x0021, 0x0021, 0x0021, 0x0021, 0x0021, 0x0021, 0x0021, 0x0021,
  0x0021, 0x0021, 0x0021, 0x0841, 0x0000, 0x4A03, 0xB465, 0x9BE5, 0x49C1, 0x10C4, 0x2144, 0x18E4,
  0x39A6, 0x734B, 0x2124, 0x39C7, 0x3185, 0x31A5, 0x6B0A, 0xD615, 0xD635, 0xD615, 0xD635, 0xD635,
  0xD635, 0xD635, 0xD635, 0xD635, 0xD635, 0xD656, 0xDE56, 0xDE56, 0xDE56, 0xDE76, 0xDE76, 0xDE56,
  0xDE56, 0xDE56, 0xDE56, 0xDE56, 0xDE56, 0xDE56, 0xD656, 0xD636, 0xD635, 0xD636, 0xD636, 0xD636,
  0xD635, 0xD636, 0xD636, 0xD656, 0xD656, 0xD635, 0xD635, 0xD635, 0xD635, 0xD636, 0xD635, 0xD635,
  0xD635, 0xD635, 0xDE56, 0xD635, 0xD635, 0xD636, 0xD656, 0xD656, 0xD635, 0xD635, 0xD635, 0xD615,
  0xD636, 0xD636, 0xD656, 0xD635, 0xD656, 0xD635, 0xD636, 0xD656, 0xD656, 0xD635, 0xD636, 0xD635,
  0xD635, 0xD615, 0xDE55, 0x9C6F, 0x8B84, 0xBCE7, 0x8323, 0x2102, 0x2104, 0x2124, 0x2124, 0x10C3,
  0x9B83, 0xC4E7, 0x9BE4, 0x9362, 0x0861, 0x0021, 0x0021, 0x0021, 0x0021, 0x0021, 0x0021, 0x0021,
  0x0021, 0x0021, 0x0021, 0x0021, 0x0021, 0x0021, 0x0021, 0x0021, 0x0021, 0x0021, 0x0021, 0x0021,
  0x0021, 0x0021, 0x0021, 0x0021, 0x0021, 0x0021, 0x0021, 0x0021, 0x0021, 0x0021, 0x0021, 0x0021,
  0x0021, 0x0021, 0x0021, 0x0021, 0x0021, 0x0021, 0x0021, 0x0021, 0x0021, 0x0021, 0x0021, 0x0021,
  0x0021, 0x0021, 0x0021, 0x0021, 0x0021, 0x0021, 0x0021, 0x0021, 0x0021, 0x0021, 0x0021, 0x0021,
  0x0021, 0x0021, 0x0021, 0x0021, 0x0021, 0x0021, 0x0841, 0x0000, 0x3142, 0xE5C7, 0xC4E8, 0x5A01,
  0x2103, 0x2125, 0x2124, 0x2124, 0x83AC, 0x2965, 0x3186, 0x31A6, 0x39C7, 0x5288, 0xBD93, 0xD635,
  0xD615, 0xD635, 0xD636, 0xD636, 0xD615, 0xD635, 0xD635, 0xD635, 0xD656, 0xDE56, 0xDE56, 0xDE56,
  0xDE56, 0xDE76, 0xDE76, 0xDE76, 0xDE56, 0xDE56, 0xDE56, 0xDE56, 0xDE56, 0xDE56, 0xD656, 0xD636,
  0xD656, 0xD656, 0xD656, 0xD636, 0xD635, 0xD656, 0xD656, 0xDE56, 0xD656, 0xD635, 0xD636, 0xD635,
  0xD656, 0xD635, 0xD635, 0xD635, 0xD635, 0xD635, 0xD635, 0xD656, 0xD656, 0xD636, 0xD656, 0xD656,
  0xD635, 0xD615, 0xD635, 0xD615, 0xD635, 0xD636, 0xD636, 0xD636, 0xD656, 0xD636, 0xD636, 0xD635,
  0xD635, 0xD615, 0xD615, 0xD615, 0xD615, 0xDE56, 0xACF1, 0x9C06, 0xE5A7, 0x93A4, 0x4182, 0x1905,
  0x2124, 0x2144, 0x10C4, 0x6AA3, 0xEDC7, 0xA425, 0xA3A2, 0x2901, 0x0000, 0x0041, 0x0021, 0x0021,
  0x0021, 0x0021, 0x0021, 0x0021, 0x0021, 0x0021, 0x0021, 0x0021, 0x0021, 0x0021, 0x0021, 0x0021,
  0x0021, 0x0021, 0x0021, 0x0021, 0x0021, 0x0021, 0x0021, 0x0021, 0x0021, 0x0021, 0x0021, 0x0021,
  0x0021, 0x0021, 0x0021, 0x0021, 0x0021, 0x0021, 0x0021, 0x0021, 0x0021, 0x0021, 0x0021, 0x0021,
  0x0021, 0x0021, 0x0021, 0x0021, 0x0021, 0x0021, 0x0021, 0x0021, 0x0021, 0x0021, 0x0021, 0x0021,
  0x0021, 0x0021, 0x0021, 0x0021, 0x0021, 0x0021, 0x0021, 0x0021, 0x0021, 0x0041, 0x0021, 0x0861,
  0xCD06, 0xEDE9, 0x7B03, 0x3101, 0x2145, 0x2145, 0x10A3, 0x734B, 0x4A27, 0x2945, 0x31A6, 0x31A6,
  0x4207, 0xA4B0, 0xD635, 0xCDF5, 0xD615, 0xD615, 0xD636, 0xD635, 0xD635, 0xD635, 0xD635, 0xD635,
  0xD635, 0xD656, 0xDE56, 0xDE76, 0xDE56, 0xDE76, 0xDE76, 0xDE76, 0xDE56, 0xDE56, 0xD656, 0xD656,
  0xDE56, 0xD656, 0xD656, 0xD656, 0xD656, 0xD656, 0xD636, 0xD636, 0xD636, 0xD636, 0xD636, 0xD656,
  0xD636, 0xD636, 0xD636, 0xD635, 0xD656, 0xD656, 0xD656, 0xD636, 0xD636, 0xD635, 0xD635, 0xD636,
  0xD656, 0xD656, 0xD656, 0xD636, 0xD635, 0xD635, 0xD635, 0xD635, 0xD615, 0xD635, 0xD635, 0xD636,
  0xD636, 0xD656, 0xD656, 0xD635, 0xD635, 0xD615, 0xD615, 0xD615, 0xD635, 0xCDF5, 0x8BC9, 0xF607,
  0xC4E7, 0x6220, 0x2103, 0x2145, 0x2124, 0x1904, 0x3982, 0xE586, 0xB4A7, 0xA3A2, 0x5A21, 0x0000,
  0x0041, 0x0021, 0x0021, 0x0021, 0x0021, 0x0021, 0x0021, 0x0021, 0x0021, 0x0021, 0x0021, 0x0021,
  0x0021, 0x0021, 0x0021, 0x0021, 0x0021, 0x0021, 0x0021, 0x0021, 0x0021, 0x0021, 0x0021, 0x0021,
  0x0021, 0x0021, 0x0021, 0x0021, 0x0021, 0x0021, 0x0021, 0x0021, 0x0021, 0x0021, 0x0021, 0x0021,
  0x0021, 0x0021, 0x0021, 0x0021, 0x0021, 0x0021, 0x0021, 0x0021, 0x0021, 0x0021, 0x0021, 0x0021,
  0x0021, 0x0021, 0x0021, 0x0021, 0x0021, 0x0021, 0x0021, 0x0021, 0x0021, 0x0021, 0x0021, 0x0021,
  0x0021, 0x0841, 0x0000, 0x93A5, 0xFE49, 0x93C5, 0x3961, 0x2943, 0x2945, 0x18E3, 0x5AA9, 0x6B0A,
  0x2125, 0x39C7, 0x31A6, 0x39C6, 0x8BED, 0xDE56, 0xCDF5, 0xD615, 0xD615, 0xD615, 0xD635, 0xD635,
  0xD635, 0xD636, 0xD636, 0xD635, 0xD656, 0xDE56, 0xD656, 0xD656, 0xD656, 0xDE56, 0xDE56, 0xD656,
  0xD656, 0xD656, 0xD656, 0xD656, 0xDE56, 0xD656, 0xD656, 0xD636, 0xD636, 0xD636, 0xD635, 0xD635,
  0xD635, 0xD635, 0xD636, 0xD636, 0xD635, 0xD635, 0xD635, 0xD656, 0xDE56, 0xDE56, 0xDE56, 0xDE56,
  0xDE56, 0xD635, 0xD635, 0xD635, 0xD635, 0xD635, 0xD635, 0xD615, 0xD656, 0xDE56, 0xD656, 0xDE56,
  0xD656, 0xD656, 0xD636, 0xD656, 0xD636, 0xD636, 0xD636, 0xD635, 0xD635, 0xD635, 0xD615, 0xD615,
  0xDE76, 0x942D, 0xDD45, 0xE5A8, 0x6AA3, 0x3961, 0x3163, 0x2125, 0x2125, 0x18E3, 0xBC84, 0xD568,
  0x9BC4, 0x8302, 0x0020, 0x0021, 0x0021, 0x0021, 0x0021, 0x0021, 0x0021, 0x0021, 0x0021, 0x0021,
  0x0021, 0x0021, 0x0021, 0x0021, 0x0021, 0x0021, 0x0021, 0x0021, 0x0021, 0x0021, 0x0021, 0x0021,
  0x0021, 0x0021, 0x0021, 0x0021, 0x0021, 0x0021, 0x0021, 0x0021, 0x0021, 0x0021, 0x0021, 0x0021,
  0x0021, 0x0021, 0x0021, 0x0021, 0x0021, 0x0021, 0x0021, 0x0021, 0x0021, 0x0021, 0x0021, 0x0021,
  0x0021, 0x0021, 0x0021, 0x0021, 0x0021, 0x0021, 0x0021, 0x0021, 0x0021, 0x0021, 0x0021, 0x0021,
  0x0021, 0x0021, 0x0021, 0x0021, 0x0841, 0x0000, 0x5223, 0xFE48, 0xBCE8, 0x5201, 0x3163, 0x3982,
  0x18E4, 0x39C6, 0x7BAC, 0x1904, 0x31A7, 0x31A6, 0x39C6, 0x6B0A, 0xCDF4, 0xD615, 0xD615, 0xD635,
  0xD615, 0xD615, 0xD635, 0xD635, 0xD635, 0xD636, 0xD635, 0xD635, 0xDE76, 0xDE76, 0xDE56, 0xD656,
  0xD636, 0xD656, 0xD656, 0xD656, 0xD636, 0xD656, 0xD656, 0xD656, 0xD636, 0xD636, 0xD635, 0xD636,
  0xD636, 0xD636, 0xD656, 0xDE56, 0xD636, 0xD635, 0xD635, 0xD635, 0xD635, 0xD656, 0xD656, 0xDE56,
  0xDE56, 0xD656, 0xDE56, 0xDE76, 0xDE56, 0xD656, 0xD635, 0xD635, 0xD635, 0xD635, 0xD635, 0xD635,
  0xD636, 0xD636, 0xD656, 0xDE56, 0xD656, 0xD636, 0xD656, 0xDE56, 0xD656, 0xD656, 0xD636, 0xD635,
  0xD615, 0xD615, 0xCDF5, 0xDE56, 0xA4D1, 0xB486, 0xF629, 0x9BC4, 0x4182, 0x49E3, 0x3164, 0x2965,
  0x10C4, 0x8B43, 0xEDC7, 0x9BC5, 0xA3A2, 0x18A1, 0x0001, 0x0041, 0x0021, 0x0021, 0x0021, 0x0021,
  0x0021, 0x0021, 0x0021, 0x0021, 0x0021, 0x0021, 0x0021, 0x0021, 0x0021, 0x0021, 0x0021, 0x0021,
  0x0021, 0x0021, 0x0021, 0x0021, 0x0021, 0x0021, 0x0021, 0x0021, 0x0021, 0x0021, 0x0021, 0x0021,
  0x0021, 0x0021, 0x0021, 0x0021, 0x0021, 0x0021, 0x0021, 0x0021, 0x0021, 0x0021, 0x0021, 0x0021,
  0x0021, 0x0021, 0x0021, 0x0021, 0x0021, 0x0021, 0x0021, 0x0021, 0x0021, 0x0021, 0x0021, 0x0021,
  0x0021, 0x0021, 0x0021, 0x0021, 0x0021, 0x0021, 0x0021, 0x0041, 0x0000, 0x20E1, 0xEDC7, 0xDD88,
  0x72C2, 0x2103, 0x2124, 0x3142, 0x20E3, 0x83CC, 0x2965, 0x5225, 0x4A26, 0x31C7, 0x5268, 0xBD73,
  0xD635, 0xD615, 0xD635, 0xD635, 0xD615, 0xD615, 0xD635, 0xD635, 0xD635, 0xD636, 0xD636, 0xD636,
  0xDE56, 0xDE56, 0xDE56, 0xDE56, 0xD656, 0xD635, 0xD635, 0xD656, 0xDE56, 0xD656, 0xD656, 0xD656,
  0xD636, 0xD636, 0xD635, 0xD615, 0xD636, 0xD635, 0xD656, 0xDE56, 0xD635, 0xD636, 0xD635, 0xD615,
  0xD635, 0xDE56, 0xDE56, 0xDE56, 0xD656, 0xD656, 0xDE56, 0xDE56, 0xD656, 0xD636, 0xD635, 0xDE56,
  0xD636, 0xD635, 0xD635, 0xD636, 0xD636, 0xD636, 0xD635, 0xD635, 0xD635, 0xD635, 0xD656, 0xD656,
  0xD656, 0xD656, 0xD636, 0xD635, 0xCDF4, 0xD615, 0xD635, 0xBDB4, 0x9C07, 0xFE48, 0xB4A7, 0x49E2,
  0x1904, 0x4161, 0x3164, 0x1905, 0x49A2, 0xCD05, 0xAC45, 0xA3C2, 0x41A1, 0x0000, 0x0041, 0x0021,
  0x0021, 0x0021, 0x0021, 0x0021, 0x0021, 0x0021, 0x0021, 0x0021, 0x0021, 0x0021, 0x0021, 0x0021,
  0x0021, 0x0021, 0x0021, 0x0021, 0x0021, 0x0021, 0x0021, 0x0021, 0x0021, 0x0021, 0x0021, 0x0021,
  0x0021, 0x0021, 0x0021, 0x0021, 0x0021, 0x0021, 0x0021, 0x0021, 0x0021, 0x0021, 0x0021, 0x0021,
  0x0021, 0x0021, 0x0021, 0x0021, 0x0021, 0x0021, 0x0021, 0x0021, 0x0021, 0x0021, 0x0021, 0x0021,
  0x0021, 0x0021, 0x0021, 0x0021, 0x0021, 0x0021, 0x0021, 0x0021, 0x0021, 0x0021, 0x0041, 0x0021,
  0x0020, 0xBCA6, 0xF629, 0x8B64, 0x3122, 0x1905, 0x2965, 0x20E2, 0x732B, 0x5268, 0x2125, 0x6AA5,
  0x5225, 0x39C7, 0xA4B0, 0xDE76, 0xD615, 0xD615, 0xD615, 0xD635, 0xD636, 0xD615, 0xD615, 0xD615,
  0xD635, 0xD635, 0xD635, 0xD635, 0xD656, 0xDE56, 0xDE56, 0xD656, 0xD636, 0xD635, 0xD635, 0xD656,
  0xDE56, 0xD656, 0xD636, 0xD656, 0xD656, 0xDE56, 0xD656, 0xD636, 0xD636, 0xD635, 0xD636, 0xD636,
  0xD635, 0xD635, 0xD635, 0xD635, 0xD656, 0xD656, 0xD635, 0xD636, 0xD636, 0xD656, 0xD656, 0xD656,
  0xD636, 0xD636, 0xDE56, 0xDE56, 0xD636, 0xD635, 0xD635, 0xD635, 0xD636, 0xD635, 0xD615, 0xD635,
  0xD656, 0xD656, 0xDE56, 0xD656, 0xD636, 0xD636, 0xD636, 0xD635, 0xD615, 0xD615, 0xD636, 0x8BEB,
  0xEDA6, 0xD568, 0x6A62, 0x2104, 0x1925, 0x3962, 0x3164, 0x3163, 0xCCC4, 0xB4A7, 0xA3C3, 0x72A1,
  0x0000, 0x0041, 0x0021, 0x0021, 0x0021, 0x0021, 0x0021, 0x0021, 0x0021, 0x0021, 0x0021, 0x0021,
  0x0021, 0x0021, 0x0021, 0x0021, 0x0021, 0x0021, 0x0021, 0x0021, 0x0021, 0x0021, 0x0021, 0x0021,
  0x0021, 0x0021, 0x0021, 0x0021, 0x0021, 0x0021, 0x0021, 0x0021, 0x0021, 0x0021, 0x0021, 0x0021,
  0x0021, 0x0021, 0x0021, 0x0021, 0x0021, 0x0021, 0x0021, 0x0021, 0x0021, 0x0021, 0x0021, 0x0021,
  0x0021, 0x0021, 0x0021, 0x0021, 0x0021, 0x0021, 0x0021, 0x0021, 0x0021, 0x0021, 0x0021, 0x0021,
  0x0021, 0x0021, 0x0841, 0x0000, 0x7B24, 0xFE69, 0xAC66, 0x41A1, 0x18E4, 0x2945, 0x10A3, 0x5248,
  0x6B2B, 0x2124, 0x39C7, 0x2966, 0x39C7, 0x7B8C, 0xCDF4, 0xD635, 0xD615, 0xD615, 0xD615, 0xD635,
  0xD635, 0xD635, 0xD635, 0xD635, 0xD635, 0xD635, 0xD635, 0xD635, 0xD656, 0xDE56, 0xDE56, 0xDE56,
  0xD656, 0xD635, 0xD635, 0xD656, 0xDE56, 0xD636, 0xD635, 0xD656, 0xD656, 0xD656, 0xD656, 0xD635,
  0xD636, 0xD635, 0xD635, 0xD635, 0xD636, 0xD635, 0xD635, 0xD635, 0xD636, 0xD635, 0xD635, 0xD636,
  0xD636, 0xD635, 0xD635, 0xD656, 0xD636, 0xD636, 0xDE56, 0xD656, 0xD635, 0xD636, 0xD635, 0xD635,
  0xD635, 0xD636, 0xD615, 0xD615, 0xD656, 0xDE56, 0xD656, 0xD635, 0xD656, 0xD636, 0xD635, 0xD615,
  0xCE15, 0xDE77, 0x946F, 0xCCE5, 0xF609, 0x8323, 0x2102, 0x2125, 0x2125, 0x3983, 0x20E2, 0xA3E4,
  0xDD87, 0x9BC4, 0x9B62, 0x0860, 0x0021, 0x0021, 0x0021, 0x0021, 0x0021, 0x0021, 0x0021, 0x0021,
  0x0021, 0x0021, 0x0021, 0x0021, 0x0021, 0x0021, 0x0021, 0x0021, 0x0021, 0x0021, 0x0021, 0x0021,
  0x0021, 0x0021, 0x0021, 0x0021, 0x0021, 0x0021, 0x0021, 0x0021, 0x0021, 0x0021, 0x0021, 0x0021,
  0x0021, 0x0021, 0x0021, 0x0021, 0x0021, 0x0021, 0x0021, 0x0021, 0x0021, 0x0021, 0x0021, 0x0021,
  0x0021, 0x0021, 0x0021, 0x0021, 0x0021, 0x0021, 0x0021, 0x0021, 0x0021, 0x0021, 0x0021, 0x0021,
  0x0021, 0x0021, 0x0021, 0x0021, 0x0021, 0x0841, 0x0000, 0x41C2, 0xFE27, 0xC508, 0x6221, 0x1904,
  0x2124, 0x1904, 0x31A5, 0x83AC, 0x2124, 0x31C6, 0x31A6, 0x39C6, 0x62C9, 0xD615, 0xD656, 0xD615,
  0xD635, 0xD635, 0xD635, 0xD615, 0xD635, 0xD636, 0xD635, 0xD636, 0xD635, 0xD635, 0xD636, 0xD636,
  0xD636, 0xDE56, 0xDE56, 0xDE56, 0xDE56, 0xD656, 0xD656, 0xD656, 0xD636, 0xD635, 0xD656, 0xDE56,
  0xD656, 0xD656, 0xD635, 0xD615, 0xD636, 0xD635, 0xD635, 0xDE56, 0xD636, 0xD636, 0xD635, 0xD635,
  0xD635, 0xD635, 0xD635, 0xD635, 0xD636, 0xD636, 0xD636, 0xD636, 0xD635, 0xD656, 0xD636, 0xD656,
  0xD635, 0xD635, 0xD656, 0xD635, 0xD635, 0xD656, 0xD635, 0xD615, 0xD656, 0xDE56, 0xD656, 0xD635,
  0xD656, 0xD656, 0xD635, 0xD615, 0xDE56, 0xB573, 0xA446, 0xFE48, 0xA425, 0x3961, 0x1905, 0x2124,
  0x2125, 0x2922, 0x72A2, 0xEDA7, 0xA405, 0xABC2, 0x3121, 0x0001, 0x0041, 0x0021, 0x0021, 0x0021,
  0x0021, 0x0021, 0x0021, 0x0021, 0x0021, 0x0021, 0x0021, 0x0021, 0x0021, 0x0021, 0x0021, 0x0021,
  0x0021, 0x0021, 0x0021, 0x0021, 0x0021, 0x0021, 0x0021, 0x0021, 0x0021, 0x0021, 0x0021, 0x0021,
  0x0021, 0x0021, 0x0021, 0x0021, 0x0021, 0x0021, 0x0021, 0x0021, 0x0021, 0x0021, 0x0021, 0x0021,
  0x0021, 0x0021, 0x0021, 0x0021, 0x0021, 0x0021, 0x0021, 0x0021, 0x0021, 0x0021, 0x0021, 0x0021,
  0x0021, 0x0021, 0x0021, 0x0021, 0x0021, 0x0021, 0x0021, 0x0021, 0x0041, 0x0021, 0x1060, 0xBCC6,
  0xDDC8, 0x7AE3, 0x2103, 0x2125, 0x2124, 0x1903, 0x83CC, 0x39C6, 0x3186, 0x31A6, 0x31A6, 0x5A89,
  0xBD73, 0xD635, 0xD615, 0xD656, 0xD656, 0xD636, 0xD635, 0xD636, 0xD636, 0xD635, 0xD615, 0xD636,
  0xD636, 0xD656, 0xDE56, 0xD636, 0xD636, 0xD656, 0xD656, 0xD636, 0xD636, 0xD656, 0xD656, 0xD636,
  0xD656, 0xD656, 0xDE56, 0xD656, 0xD656, 0xD656, 0xD636, 0xD636, 0xD635, 0xD656, 0xDE56, 0xD656,
  0xD636, 0xD636, 0xD635, 0xD615, 0xD635, 0xD636, 0xD656, 0xD635, 0xD635, 0xD635, 0xD636, 0xD656,
  0xD635, 0xD656, 0xD636, 0xD636, 0xD635, 0xD635, 0xD635, 0xD635, 0xD656, 0xD656, 0xD635, 0xD635,
  0xD656, 0xD656, 0xD636, 0xD656, 0xD635, 0xD635, 0xD635, 0xDE56, 0xCDF5, 0x8BE9, 0xF628, 0xCD28,
  0x5A01, 0x18E4, 0x2124, 0x2124, 0x18E4, 0x3962, 0xE586, 0xB4A7, 0xA3C3, 0x5A21, 0x0000, 0x0041,
  0x0021, 0x0021, 0x0021, 0x0021, 0x0021, 0x0021, 0x0021, 0x0021, 0x0021, 0x0021, 0x0021, 0x0021,
  0x0021, 0x0021, 0x0021, 0x0021, 0x0021, 0x0021, 0x0021, 0x0021, 0x0021, 0x0021, 0x0021, 0x0021,
  0x0021, 0x0021, 0x0021, 0x0021, 0x0021, 0x0021, 0x0021, 0x0021, 0x0021, 0x0021, 0x0021, 0x0021,
  0x0021, 0x0021, 0x0021, 0x0021, 0x0021, 0x0021, 0x0021, 0x0021, 0x0021, 0x0021, 0x0021, 0x0021,
  0x0021, 0x0021, 0x0021, 0x0021, 0x0021, 0x0021, 0x0021, 0x0021, 0x0021, 0x0021, 0x0021, 0x0021,
  0x0021, 0x0021, 0x8B64, 0xB486, 0x8323, 0x3982, 0x1925, 0x2945, 0x10C3, 0x6B0A, 0x4A48, 0x2945,
  0x39E7, 0x39C7, 0x4207, 0x9C8F, 0xDE76, 0xCDF5, 0xD635, 0xD656, 0xD656, 0xD656, 0xD635, 0xD635,
  0xD635, 0xD635, 0xD636, 0xD636, 0xD656, 0xDE56, 0xDE56, 0xD635, 0xD636, 0xD656, 0xD636, 0xD656,
  0xD636, 0xD656, 0xD656, 0xD635, 0xD635, 0xD656, 0xDE56, 0xD656, 0xD636, 0xD656, 0xD656, 0xD635,
  0xD636, 0xD656, 0xDE56, 0xD636, 0xD636, 0xD636, 0xD635, 0xD635, 0xD636, 0xD636, 0xD636, 0xD636,
  0xD635, 0xD636, 0xD635, 0xD656, 0xD656, 0xD636, 0xD635, 0xD635, 0xD635, 0xD635, 0xD635, 0xD635,
  0xD635, 0xD656, 0xDE56, 0xDE56, 0xDE56, 0xD636, 0xD635, 0xD636, 0xD635, 0xD635, 0xD615, 0xDE97,
  0x944D, 0xD525, 0xDDA9, 0x7B03, 0x2103, 0x2124, 0x2124, 0x2145, 0x18E3, 0xA3E4, 0xC507, 0xA3C4,
  0x8322, 0x0020, 0x0021, 0x0021, 0x0021, 0x0021, 0x0021, 0x0021, 0x0021, 0x0021, 0x0021, 0x0021,
  0x0021, 0x0021, 0x0021, 0x0021, 0x0021, 0x0021, 0x0021, 0x0021, 0x0021, 0x0021, 0x0021, 0x0021,
  0x0021, 0x0021, 0x0021, 0x0021, 0x0021, 0x0021, 0x0021, 0x0021, 0x0021, 0x0021, 0x0021, 0x0021,
  0x0021, 0x0021, 0x0021, 0x0021, 0x0021, 0x0021, 0x0021, 0x0021, 0x0021, 0x0021, 0x0021, 0x0021,
  0x0021, 0x0021, 0x0021, 0x0021, 0x0021, 0x0021, 0x0021, 0x0021, 0x0021, 0x0021, 0x0021, 0x0021,
  0x0021, 0x0021, 0x0021, 0x0841, 0x0000, 0x6AC3, 0xF628, 0xAC46, 0x3121, 0x1904, 0x2945, 0x18E3,
  0x5268, 0x6B0A, 0x10E4, 0x39C7, 0x31A6, 0x41E7, 0x83AD, 0xD635, 0xD615, 0xD635, 0xD615, 0xD656,
  0xDE56, 0xD636, 0xD635, 0xD635, 0xD635, 0xD656, 0xD656, 0xD635, 0xD656, 0xDE56, 0xDE56, 0xD636,
  0xD636, 0xD656, 0xD656, 0xD656, 0xD656, 0xD656, 0xDE56, 0xDE56, 0xD636, 0xD635, 0xD656, 0xD635,
  0xD615, 0xD656, 0xD656, 0xD635, 0xD656, 0xDE56, 0xD636, 0xD636, 0xD636, 0xD636, 0xD635, 0xD656,
  0xD636, 0xD635, 0xD635, 0xD635, 0xD636, 0xD656, 0xD636, 0xD635, 0xD635, 0xD636, 0xD635, 0xD635,
  0xD636, 0xD615, 0xD636, 0xD656, 0xD656, 0xDE56, 0xDE56, 0xDE56, 0xD656, 0xD656, 0xD636, 0xD635,
  0xD635, 0xD615, 0xDE76, 0xA4B0, 0x93C5, 0xE5C9, 0x93A4, 0x3142, 0x1905, 0x2124, 0x2124, 0x10C4,
  0x8B43, 0xE5A7, 0x9BC4, 0xA3A2, 0x18A1, 0x0001, 0x0041, 0x0021, 0x0021, 0x0021, 0x0021, 0x0021,
  0x0021, 0x0021, 0x0021, 0x0021, 0x0021, 0x0021, 0x0021, 0x0021, 0x0041, 0x0021, 0x0021, 0x0021,
  0x0021, 0x0021, 0x0021, 0x0021, 0x0021, 0x0021, 0x0021, 0x0021, 0x0021, 0x0021, 0x0021, 0x0021,
  0x0021, 0x0021, 0x0021, 0x0021, 0x0021, 0x0021, 0x0021, 0x0021, 0x0021, 0x0021, 0x0021, 0x0021,
  0x0021, 0x0021, 0x0021, 0x0021, 0x0021, 0x0021, 0x0021, 0x0021, 0x0021, 0x0021, 0x0021, 0x0021,
  0x0021, 0x0021, 0x0021, 0x0021, 0x0021, 0x0021, 0x0841, 0x0000, 0x3162, 0xF607, 0xCD48, 0x7281,
  0x3142, 0x2125, 0x18E4, 0x3185, 0x7BAC, 0x2125, 0x5A65, 0x39C5, 0x31A6, 0x5AA9, 0xC593, 0xD636,
  0xD615, 0xD635, 0xD635, 0xD636, 0xDE56, 0xD636, 0xD635, 0xD635, 0xD636, 0xDE56, 0xDE56, 0xD656,
  0xD656, 0xD656, 0xD636, 0xD656, 0xD636, 0xD635, 0xD635, 0xD636, 0xD635, 0xD636, 0xD636, 0xDE56,
  0xDE56, 0xD656, 0xD635, 0xD636, 0xD656, 0xD636, 0xD636, 0xD656, 0xD656, 0xD636, 0xD635, 0xD635,
  0xD636, 0xD635, 0xD635, 0xD615, 0xD636, 0xD636, 0xD635, 0xD635, 0xD635, 0xD656, 0xD636, 0xD635,
  0xD635, 0xD635, 0xD656, 0xD656, 0xD656, 0xD656, 0xD635, 0xD656, 0xDE56, 0xDE56, 0xDE56, 0xD635,
  0xD635, 0xD636, 0xD636, 0xD656, 0xD635, 0xDE56, 0xC5D5, 0x8BA7, 0xB465, 0x8B85, 0x49C2, 0x1904,
  0x2124, 0x2124, 0x10E4, 0x5202, 0xEDA6, 0xAC25, 0xABE2, 0x41A1, 0x0000, 0x0041, 0x0021, 0x0021,
  0x0021, 0x0021, 0x0021, 0x0021, 0x0021, 0x0021, 0x0021, 0x0021, 0x0021, 0x0021, 0x0021, 0x0021,
  0x0021, 0x0021, 0x0021, 0x0021, 0x0021, 0x0021, 0x0021, 0x0021, 0x0021, 0x0021, 0x0021, 0x0021,
  0x0021, 0x0021, 0x0021, 0x0021, 0x0021, 0x0021, 0x0021, 0x0021, 0x0021, 0x0021, 0x0021, 0x0021,
  0x0021, 0x0021, 0x0021, 0x0021, 0x0021, 0x0021, 0x0021, 0x0021, 0x0021, 0x0021, 0x0021, 0x0021,
  0x0021, 0x0021, 0x0021, 0x0021, 0x0021, 0x0021, 0x0021, 0x0021, 0x0021, 0x0041, 0x0021, 0x0861,
  0xD526, 0xEDE9, 0x8344, 0x3962, 0x3163, 0x2145, 0x18E3, 0x83AC, 0x39C6, 0x2966, 0x6264, 0x4205,
  0x4A27, 0xB532, 0xDE56, 0xD635, 0xD615, 0xD615, 0xD635, 0xD636, 0xD656, 0xD656, 0xD635, 0xD635,
  0xD635, 0xD636, 0xD635, 0xD635, 0xD635, 0xD636, 0xD656, 0xDE56, 0xD656, 0xD635, 0xD656, 0xD656,
  0xD635, 0xD635, 0xD636, 0xDE56, 0xDE56, 0xD656, 0xD636, 0xD656, 0xD656, 0xD636, 0xD656, 0xD656,
  0xD656, 0xD636, 0xD615, 0xD635, 0xD635, 0xD635, 0xD636, 0xD615, 0xD656, 0xDE56, 0xDE56, 0xD656,
  0xD636, 0xD636, 0xD656, 0xD636, 0xD636, 0xD635, 0xD636, 0xD656, 0xD656, 0xD656, 0xD635, 0xD635,
  0xD636, 0xDE56, 0xD635, 0xD635, 0xD656, 0xD656, 0xD656, 0xD656, 0xD635, 0xD656, 0x8BEB, 0xE5A5,
  0xCD27, 0x51C1, 0x18E3, 0x2125, 0x2124, 0x2125, 0x2923, 0xD505, 0xC507, 0xA3C3, 0x72A1, 0x0000,
  0x0041, 0x0021, 0x0021, 0x0021, 0x0021, 0x0021, 0x0021, 0x0021, 0x0021, 0x0021, 0x0021, 0x0021,
  0x0021, 0x0021, 0x0021, 0x0021, 0x0021, 0x0021, 0x0021, 0x0021, 0x0021, 0x0021, 0x0021, 0x0021,
  0x0021, 0x0041, 0x0021, 0x0021, 0x0021, 0x0021, 0x0021, 0x0021, 0x0021, 0x0021, 0x0021, 0x0021,
  0x0021, 0x0021, 0x0021, 0x0021, 0x0021, 0x0021, 0x0021, 0x0021, 0x0021, 0x0021, 0x0021, 0x0021,
  0x0021, 0x0021, 0x0021, 0x0021, 0x0021, 0x0021, 0x0021, 0x0021, 0x0021, 0x0021, 0x0021, 0x0021,
  0x0021, 0x0841, 0x0000, 0x9BE4, 0xFE48, 0xA405, 0x3961, 0x3983, 0x3163, 0x10E4, 0x6B0A, 0x5A89,
  0x2145, 0x39E7, 0x2987, 0x4207, 0x9C6F, 0xDE56, 0xD615, 0xD635, 0xD635, 0xD615, 0xD635, 0xD636,
  0xD636, 0xD656, 0xD656, 0xD636, 0xD635, 0xD635, 0xD615, 0xD636, 0xD635, 0xD635, 0xD656, 0xD656,
  0xD636, 0xD656, 0xDE56, 0xD656, 0xD635, 0xD635, 0xD656, 0xD636, 0xD656, 0xD636, 0xD656, 0xD636,
  0xD636, 0xD636, 0xD636, 0xD656, 0xD656, 0xD656, 0xD656, 0xD635, 0xD635, 0xD656, 0xD656, 0xD656,
  0xDE56, 0xD656, 0xD656, 0xD635, 0xD635, 0xD615, 0xD635, 0xD656, 0xDE56, 0xD636, 0xD656, 0xD656,
  0xD656, 0xD635, 0xD635, 0xD635, 0xD635, 0xD635, 0xD635, 0xD615, 0xD656, 0xD636, 0xD656, 0xD635,
  0xE697, 0x9C6E, 0xCD05, 0xEE09, 0x8323, 0x4160, 0x2124, 0x2124, 0x2145, 0x10A3, 0x8B22, 0xDD87,
  0x9BC4, 0x9362, 0x0840, 0x0021, 0x0041, 0x0021, 0x0021, 0x0021, 0x0021, 0x0021, 0x0021, 0x0021,
  0x0021, 0x0021, 0x0021, 0x0021, 0x0021, 0x0021, 0x0021, 0x0021, 0x0021, 0x0021, 0x0021, 0x0021,
  0x0021, 0x0021, 0x0021, 0x0021, 0x0021, 0x0021, 0x0021, 0x0021, 0x0021, 0x0021, 0x0021, 0x0021,
  0x0021, 0x0021, 0x0021, 0x0021, 0x0021, 0x0021, 0x0021, 0x0021, 0x0021, 0x0021, 0x0021, 0x0021,
  0x0021, 0x0021, 0x0021, 0x0021, 0x0021, 0x0021, 0x0021, 0x0021, 0x0021, 0x0021, 0x0021, 0x0021,
  0x0021, 0x0021, 0x0021, 0x0021, 0x0841, 0x0000, 0x5A63, 0xFE68, 0xC4E8, 0x6221, 0x18E4, 0x2923,
  0x2901, 0x5268, 0x7B6B, 0x2104, 0x39C7, 0x31A6, 0x39C6, 0x7B8C, 0xDE56, 0xD615, 0xD635, 0xD635,
  0xD615, 0xD635, 0xD615, 0xD635, 0xDE56, 0xDE56, 0xD656, 0xD636, 0xD635, 0xD635, 0xD636, 0xD636,
  0xD635, 0xD636, 0xD656, 0xD656, 0xD656, 0xD656, 0xD656, 0xD635, 0xD635, 0xD635, 0xD656, 0xD656,
  0xD636, 0xD636, 0xD656, 0xD635, 0xD635, 0xD636, 0xD636, 0xD636, 0xDE56, 0xDE76, 0xDE56, 0xD656,
  0xD636, 0xD636, 0xD636, 0xD656, 0xD635, 0xD635, 0xD635, 0xD635, 0xD636, 0xD635, 0xD635, 0xD656,
  0xDE56, 0xDE56, 0xD656, 0xD656, 0xD656, 0xD656, 0xD636, 0xD656, 0xD656, 0xD656, 0xD656, 0xD656,
  0xDE56, 0xD636, 0xD635, 0xDE76, 0xB533, 0xAC46, 0xF628, 0xA405, 0x41A2, 0x49C2, 0x2944, 0x2145,
  0x10C4, 0x6262, 0xC4C5, 0x9BE5, 0xABC2, 0x2921, 0x0001, 0x0041, 0x0021, 0x0021, 0x0021, 0x0021,
  0x0021, 0x0021, 0x0041, 0x0021, 0x0021, 0x0021, 0x0021, 0x0021, 0x0021, 0x0021, 0x0021, 0x0021,
  0x0021, 0x0021, 0x0021, 0x0021, 0x0021, 0x0021, 0x0021, 0x0021, 0x0021, 0x0021, 0x0021, 0x0021,
  0x0021, 0x0021, 0x0021, 0x0021, 0x0021, 0x0021, 0x0021, 0x0021, 0x0021, 0x0021, 0x0021, 0x0021,
  0x0021, 0x0021, 0x0021, 0x0021, 0x0021, 0x0021, 0x0021, 0x0021, 0x0021, 0x0021, 0x0021, 0x0021,
  0x0021, 0x0021, 0x0021, 0x0021, 0x0021, 0x0021, 0x0021, 0x0841, 0x0000, 0x2901, 0xF5E7, 0xDDA9,
  0x72C2, 0x2103, 0x2145, 0x1904, 0x2923, 0x8BED, 0x2985, 0x31A6, 0x31A6, 0x39C6, 0x5AA9, 0xCDF4,
  0xD656, 0xD615, 0xD615, 0xD615, 0xD635, 0xD636, 0xD635, 0xD635, 0xD636, 0xD636, 0xD635, 0xD635,
  0xDE56, 0xD656, 0xD635, 0xD656, 0xD636, 0xD656, 0xD656, 0xD656, 0xDE56, 0xDE56, 0xDE56, 0xD636,
  0xD635, 0xD636, 0xD656, 0xD636, 0xD615, 0xD635, 0xD636, 0xD635, 0xD635, 0xD656, 0xD636, 0xD636,
  0xD656, 0xDE56, 0xDE56, 0xD656, 0xD636, 0xD636, 0xD656, 0xD656, 0xD636, 0xD656, 0xD636, 0xD635,
  0xD635, 0xD635, 0xD635, 0xD656, 0xD656, 0xD636, 0xD656, 0xD656, 0xD656, 0xDE56, 0xDE56, 0xD656,
  0xD635, 0xD656, 0xD656, 0xD656, 0xD656, 0xD615, 0xD635, 0xCDF5, 0x8BC8, 0xF627, 0xC4E8, 0x51E1,
  0x2922, 0x51E1, 0x2945, 0x1905, 0x3982, 0xE586, 0xB486, 0xA3C2, 0x5A21, 0x0000, 0x0041, 0x0021,
  0x0021, 0x0021, 0x0021, 0x0021, 0x0021, 0x0041, 0x0021, 0x0021, 0x0021, 0x0021, 0x0021, 0x0021,
  0x0021, 0x0021, 0x0021, 0x0021, 0x0021, 0x0021, 0x0021, 0x0021, 0x0021, 0x0021, 0x0021, 0x0021,
  0x0021, 0x0021, 0x0021, 0x0021, 0x0021, 0x0021, 0x0021, 0x0021, 0x0021, 0x0021, 0x0021, 0x0021,
  0x0021, 0x0021, 0x0021, 0x0021, 0x0021, 0x0021, 0x0021, 0x0021, 0x0021, 0x0021, 0x0021, 0x0021,
  0x0021, 0x0021, 0x0021, 0x0021, 0x0021, 0x0021, 0x0021, 0x0021, 0x0021, 0x0021, 0x0041, 0x0021,
  0x0841, 0xC4C6, 0xF609, 0x9384, 0x3142, 0x1904, 0x2145, 0x18E4, 0x734A, 0x39C6, 0x2986, 0x31C7,
  0x3186, 0x4A48, 0xB552, 0xDE56, 0xD635, 0xD635, 0xD615, 0xD635, 0xD636, 0xD636, 0xD656, 0xD636,
  0xD635, 0xD635, 0xD635, 0xD636, 0xDE56, 0xD656, 0xD656, 0xD656, 0xD636, 0xD656, 0xD656, 0xDE56,
  0xDE76, 0xDE56, 0xDE56, 0xD656, 0xD636, 0xD636, 0xD656, 0xCE15, 0xD635, 0xD656, 0xD635, 0xD636,
  0xD656, 0xD636, 0xD656, 0xD656, 0xD636, 0xD656, 0xDE56, 0xD656, 0xD636, 0xD656, 0xD656, 0xDE56,
  0xDE56, 0xDE56, 0xD656, 0xD635, 0xD656, 0xD636, 0xD656, 0xD656, 0xD636, 0xD635, 0xD656, 0xD656,
  0xD656, 0xD656, 0xDE56, 0xD656, 0xD635, 0xD636, 0xD656, 0xD636, 0xD636, 0xD615, 0xD656, 0x8C0C,
  0xDD66, 0xDD88, 0x7AE2, 0x2923, 0x18E4, 0x4181, 0x3185, 0x1903, 0xBC84, 0xD548, 0xA3C3, 0x8302,
  0x0020, 0x0021, 0x0021, 0x0021, 0x0021, 0x0021, 0x0021, 0x0021, 0x0021, 0x0021, 0x0021, 0x0021,
  0x0021, 0x0021, 0x0021, 0x0021, 0x0021, 0x0041, 0x0021, 0x0021, 0x0021, 0x0021, 0x0021, 0x0021,
  0x0021, 0x0021, 0x0021, 0x0021, 0x0021, 0x0021, 0x0021, 0x0021, 0x0021, 0x0021, 0x0021, 0x0021,
  0x0021, 0x0021, 0x0021, 0x0021, 0x0021, 0x0021, 0x0021, 0x0021, 0x0021, 0x0021, 0x0021, 0x0021,
  0x0021, 0x0021, 0x0021, 0x0021, 0x0021, 0x0021, 0x0021, 0x0021, 0x0021, 0x0021, 0x0021, 0x0021,
  0x0021, 0x0021, 0x0841, 0x0000, 0x8B84, 0xFE69, 0xA426, 0x49A1, 0x1904, 0x2144, 0x10A3, 0x6B0A,
  0x62CA, 0x18E4, 0x31A6, 0x31C7, 0x39E6, 0x942E, 0xDE76, 0xD615, 0xD635, 0xD635, 0xD615, 0xD636,
  0xD636, 0xD635, 0xD656, 0xD656, 0xD636, 0xD635, 0xD615, 0xD636, 0xD656, 0xD636, 0xD636, 0xD656,
  0xD656, 0xDE56, 0xDE56, 0xD656, 0xD656, 0xD636, 0xD656, 0xD656, 0xD656, 0xD656, 0xD635, 0xD615,
  0xD635, 0xD656, 0xD636, 0xD636, 0xDE56, 0xDE56, 0xD636, 0xD635, 0xD636, 0xD656, 0xD635, 0xD636,
  0xD636, 0xD636, 0xD656, 0xD636, 0xD636, 0xD656, 0xD635, 0xD635, 0xD636, 0xD635, 0xD635, 0xDE56,
  0xD656, 0xD656, 0xD636, 0xD656, 0xD656, 0xD636, 0xD635, 0xD656, 0xD656, 0xD636, 0xD636, 0xD635,
  0xCDF5, 0xDE76, 0x9C90, 0xBCA5, 0xF629, 0x93A4, 0x3142, 0x2125, 0x2125, 0x3962, 0x18C3, 0x8B64,
  0xE5C7, 0x9BC4, 0xA3A2, 0x18A1, 0x0001, 0x0041, 0x0021, 0x0021, 0x0021, 0x0021, 0x0021, 0x0021,
  0x0021, 0x0021, 0x0021, 0x0021, 0x0021, 0x0021, 0x0021, 0x0021, 0x0021, 0x0041, 0x0021, 0x0021,
  0x0021, 0x0021, 0x0021, 0x0021, 0x0021, 0x0021, 0x0021, 0x0021, 0x0021, 0x0021, 0x0021, 0x0021,
  0x0021, 0x0021, 0x0021, 0x0021, 0x0021, 0x0021, 0x0021, 0x0021, 0x0021, 0x0021, 0x0021, 0x0021,
  0x0021, 0x0021, 0x0041, 0x0021, 0x0021, 0x0021, 0x0021, 0x0021, 0x0021, 0x0021, 0x0021, 0x0021,
  0x0021, 0x0021, 0x0021, 0x0021, 0x0021, 0x0841, 0x0000, 0x4A03, 0xFE48, 0xC508, 0x6241, 0x18E4,
  0x2945, 0x18E3, 0x41E6, 0x734B, 0x2125, 0x72C4, 0x39A4, 0x31A6, 0x7B8C, 0xD615, 0xCE15, 0xD635,
  0xD615, 0xD635, 0xD635, 0xD635, 0xD635, 0xD635, 0xD636, 0xD636, 0xD636, 0xD636, 0xD635, 0xD635,
  0xD635, 0xD635, 0xD635, 0xD656, 0xD636, 0xD656, 0xD656, 0xD636, 0xD636, 0xD656, 0xD656, 0xDE56,
  0xDE56, 0xDE56, 0xD636, 0xD635, 0xD656, 0xD656, 0xD636, 0xD656, 0xD656, 0xD656, 0xD635, 0xD636,
  0xD656, 0xD635, 0xD656, 0xD656, 0xD635, 0xD635, 0xD636, 0xD635, 0xD636, 0xD636, 0xD636, 0xD636,
  0xD636, 0xD635, 0xDE56, 0xDE56, 0xD656, 0xD656, 0xD656, 0xD635, 0xD636, 0xD635, 0xD635, 0xD656,
  0xD656, 0xD636, 0xD636, 0xD636, 0xDE55, 0xBD74, 0x9C27, 0xFE48, 0xB486, 0x49C1, 0x18E4, 0x2124,
  0x2145, 0x3962, 0x51E2, 0xEDA7, 0xA446, 0xA3C2, 0x41A1, 0x0000, 0x0041, 0x0021, 0x0021, 0x0021,
  0x0021, 0x0021, 0x0021, 0x0021, 0x0021, 0x0021, 0x0021, 0x0021, 0x0021, 0x0021, 0x0021, 0x0021,
  0x0021, 0x0021, 0x0021, 0x0021, 0x0021, 0x0021, 0x0021, 0x0021, 0x0021, 0x0021, 0x0021, 0x0021,
  0x0021, 0x0021, 0x0021, 0x0021, 0x0021, 0x0021, 0x0021, 0x0021, 0x0021, 0x0021, 0x0021, 0x0021,
  0x0021, 0x0021, 0x0021, 0x0021, 0x0021, 0x0021, 0x0021, 0x0021, 0x0021, 0x0021, 0x0021, 0x0021,
  0x0021, 0x0021, 0x0021, 0x0021, 0x0021, 0x0021, 0x0021, 0x0021, 0x0041, 0x0000, 0x18C1, 0xE5A7,
  0xE5C9, 0x8303, 0x2103, 0x2125, 0x2124, 0x2924, 0x7B8C, 0x2965, 0x3186, 0x49E5, 0x41E6, 0x5289,
  0xC5B3, 0xD615, 0xCDF5, 0xD615, 0xD615, 0xD635, 0xD635, 0xD635, 0xD635, 0xD635, 0xD635, 0xD615,
  0xD615, 0xD635, 0xD635, 0xD635, 0xD635, 0xD635, 0xD635, 0xD635, 0xD635, 0xD636, 0xD636, 0xD636,
  0xD636, 0xD636, 0xD636, 0xD656, 0xDE56, 0xD656, 0xD636, 0xD656, 0xDE56, 0xDE56, 0xD656, 0xD656,
  0xD656, 0xD635, 0xD635, 0xD636, 0xD656, 0xD636, 0xD636, 0xD656, 0xD635, 0xD635, 0xD636, 0xD635,
  0xD635, 0xD615, 0xD635, 0xD635, 0xD635, 0xDE56, 0xDE56, 0xD656, 0xD636, 0xD656, 0xD636, 0xD635,
  0xD635, 0xD635, 0xD636, 0xD635, 0xD656, 0xD636, 0xD636, 0xD656, 0xD636, 0x8BC9, 0xF5E6, 0xCD28,
  0x6261, 0x1904, 0x2124, 0x2124, 0x1905, 0x4182, 0xDD25, 0xBCC6, 0xA3C3, 0x72A2, 0x0000, 0x0041,
  0x0021, 0x0021, 0x0021, 0x0021, 0x0021, 0x0021, 0x0021, 0x0021, 0x0021, 0x0021, 0x0021, 0x0021,
  0x0021, 0x0021, 0x0021, 0x0021, 0x0021, 0x0021, 0x0021, 0x0021, 0x0021, 0x0021, 0x0021, 0x0021,
  0x0021, 0x0021, 0x0021, 0x0021, 0x0021, 0x0021, 0x0021, 0x0021, 0x0021, 0x0021, 0x0021, 0x0021,
  0x0021, 0x0021, 0x0021, 0x0021, 0x0021, 0x0021, 0x0021, 0x0021, 0x0021, 0x0021, 0x0021, 0x0021,
  0x0021, 0x0021, 0x0021, 0x0021, 0x0021, 0x0021, 0x0021, 0x0021, 0x0021, 0x0021, 0x0021, 0x0021,
  0x0041, 0x0020, 0xB465, 0xF629, 0x93A4, 0x3962, 0x1925, 0x2145, 0x18C3, 0x7B6B, 0x4207, 0x2945,
  0x31A6, 0x29A6, 0x4A48, 0xB532, 0xDE56, 0xD635, 0xD635, 0xD615, 0xD615, 0xD635, 0xD615, 0xD635,
  0xD635, 0xD635, 0xD635, 0xD635, 0xD615, 0xD635, 0xD615, 0xD635, 0xDE56, 0xD656, 0xD635, 0xD635,
  0xD635, 0xD636, 0xD636, 0xD636, 0xD635, 0xD635, 0xD635, 0xD636, 0xD635, 0xD635, 0xD656, 0xDE56,
  0xD656, 0xDE56, 0xD636, 0xD635, 0xD656, 0xD635, 0xD636, 0xD656, 0xD636, 0xD636, 0xD636, 0xD636,
  0xD636, 0xD635, 0xD635, 0xD635, 0xD615, 0xD615, 0xD635, 0xD635, 0xD635, 0xDE56, 0xD656, 0xD636,
  0xD635, 0xD635, 0xD635, 0xD635, 0xD635, 0xD635, 0xD636, 0xD635, 0xD635, 0xD635, 0xD615, 0xDE77,
  0x944E, 0xD546, 0xE5C8, 0x8303, 0x2923, 0x2125, 0x2124, 0x2124, 0x10A3, 0x9BA3, 0xDD87, 0x9BC4,
  0x9362, 0x0860, 0x0021, 0x0021, 0x0021, 0x0021, 0x0021, 0x0021, 0x0021, 0x0021, 0x0021, 0x0021,
  0x0021, 0x0021, 0x0021, 0x0021, 0x0021, 0x0021, 0x0021, 0x0021, 0x0021, 0x0021, 0x0021, 0x0021,
  0x0021, 0x0021, 0x0021, 0x0021, 0x0021, 0x0021, 0x0021, 0x0021, 0x0021, 0x0021, 0x0021, 0x0021,
  0x0021, 0x0021, 0x0021, 0x0021, 0x0021, 0x0021, 0x0021, 0x0021, 0x0021, 0x0021, 0x0021, 0x0021,
  0x0021, 0x0021, 0x0021, 0x0021, 0x0021, 0x0021, 0x0021, 0x0021, 0x0021, 0x0021, 0x0021, 0x0021,
  0x0021, 0x0021, 0x0841, 0x0841, 0x0000, 0x7B03, 0xFE68, 0xAC66, 0x49C1, 0x18E4, 0x2945, 0x10C3,
  0x5AA9, 0x5AA9, 0x2125, 0x39C7, 0x3186, 0x39C6, 0x8C0E, 0xDE56, 0xD635, 0xDE56, 0xD635, 0xD636,
  0xD656, 0xD635, 0xD635, 0xD615, 0xD635, 0xD635, 0xD635, 0xD635, 0xD635, 0xD615, 0xD635, 0xD635,
  0xD656, 0xDE56, 0xD656, 0xD636, 0xD635, 0xD636, 0xD635, 0xD635, 0xD635, 0xD635, 0xD636, 0xD656,
  0xD635, 0xD635, 0xD636, 0xD635, 0xD636, 0xDE56, 0xD636, 0xD635, 0xD636, 0xD656, 0xD656, 0xD656,
  0xDE56, 0xD636, 0xD636, 0xD636, 0xD635, 0xD635, 0xD635, 0xD635, 0xD615, 0xD615, 0xD636, 0xD635,
  0xD635, 0xD635, 0xD635, 0xD635, 0xD656, 0xD635, 0xD635, 0xD635, 0xD656, 0xD635, 0xD636, 0xD656,
  0xD635, 0xD615, 0xDE56, 0xAD12, 0xAC45, 0xFE49, 0x9BE4, 0x3961, 0x1905, 0x2124, 0x2144, 0x10C4,
  0x6A82, 0xD526, 0x9BE5, 0xABC2, 0x3121, 0x0000, 0x0041, 0x0021, 0x0021, 0x0021, 0x0021, 0x0021,
  0x0021, 0x0021, 0x0021, 0x0021, 0x0021, 0x0021, 0x0021, 0x0021, 0x0021, 0x0021, 0x0021, 0x0021,
  0x0021, 0x0021, 0x0021, 0x0021, 0x0021, 0x0021, 0x0021, 0x0021, 0x0021, 0x0021, 0x0021, 0x0021,
  0x0021, 0x0021, 0x0021, 0x0021, 0x0021, 0x0021, 0x0021, 0x0021, 0x0021, 0x0021, 0x0021, 0x0021,
  0x0021, 0x0021, 0x0021, 0x0021, 0x0021, 0x0021, 0x0021, 0x0021, 0x0021, 0x0021, 0x0021, 0x0021,
  0x0021, 0x0021, 0x0021, 0x0021, 0x0041, 0x0021, 0x0000, 0x0000, 0x49E2, 0xFE27, 0xC507, 0x6A62,
  0x18E3, 0x2145, 0x18E4, 0x41E6, 0x7B6B, 0x2104, 0x31A6, 0x31A6, 0x39C6, 0x734B, 0xD635, 0xD615,
  0xD615, 0xD656, 0xD656, 0xDE56, 0xDE56, 0xD656, 0xCDF4, 0xD615, 0xD635, 0xD635, 0xD635, 0xD615,
  0xD615, 0xD615, 0xCDF5, 0xD635, 0xDE56, 0xD656, 0xD656, 0xDE56, 0xD656, 0xD656, 0xD656, 0xD636,
  0xD635, 0xD635, 0xD656, 0xD656, 0xD636, 0xD635, 0xD635, 0xD635, 0xD656, 0xDE56, 0xD656, 0xD636,
  0xD635, 0xD656, 0xDE56, 0xD656, 0xDE56, 0xDE56, 0xD635, 0xD635, 0xD636, 0xD635, 0xD636, 0xD635,
  0xD635, 0xD636, 0xD635, 0xD635, 0xD635, 0xD635, 0xD635, 0xD635, 0xD635, 0xD635, 0xD615, 0xD656,
  0xDE56, 0xD656, 0xD636, 0xD656, 0xD656, 0xDE56, 0xC5B4, 0x7326, 0xCD47, 0xBCA7, 0x5A01, 0x1904,
  0x2124, 0x2124, 0x1904, 0x41A3, 0xEDA6, 0xB4A7, 0xA3C3, 0x5A01, 0x0000, 0x0041, 0x0021, 0x0021,
  0x0021, 0x0021, 0x0021, 0x0021, 0x0021, 0x0021, 0x0021, 0x0021, 0x0021, 0x0021, 0x0021, 0x0021,
  0x0021, 0x0021, 0x0021, 0x0021, 0x0021, 0x0021, 0x0021, 0x0021, 0x0021, 0x0021, 0x0021, 0x0021,
  0x0021, 0x0021, 0x0021, 0x0021, 0x0021, 0x0021, 0x0021, 0x0021, 0x0021, 0x0021, 0x0021, 0x0021,
  0x0021, 0x0021, 0x0021, 0x0021, 0x0021, 0x0021, 0x0021, 0x0021, 0x0021, 0x0021, 0x0021, 0x0021,
  0x0021, 0x0021, 0x0021, 0x0021, 0x0021, 0x0021, 0x0021, 0x0041, 0x0021, 0x0861, 0x4A24, 0x18E2,
  0xAC24, 0xDD68, 0x8323, 0x2923, 0x2125, 0x2124, 0x2944, 0x83AC, 0x2125, 0x31A6, 0x31A6, 0x31A6,
  0x5268, 0xC5B4, 0xD635, 0xD635, 0xD615, 0xD615, 0xD635, 0xD636, 0xD635, 0xD615, 0xD615, 0xD615,
  0xD615, 0xD615, 0xD635, 0xD615, 0xD615, 0xD615, 0xD615, 0xD635, 0xDE56, 0xD656, 0xD636, 0xD636,
  0xD636, 0xDE56, 0xD656, 0xD636, 0xD635, 0xD635, 0xD635, 0xD656, 0xD656, 0xD635, 0xD635, 0xD636,
  0xD656, 0xD636, 0xD635, 0xD656, 0xD656, 0xD656, 0xD656, 0xD656, 0xD656, 0xD636, 0xD635, 0xD635,
  0xD636, 0xDE56, 0xD636, 0xD635, 0xD635, 0xD635, 0xD635, 0xDE56, 0xD656, 0xD635, 0xD635, 0xD635,
  0xD636, 0xD635, 0xD635, 0xD636, 0xD656, 0xDE56, 0xD635, 0xD635, 0xD635, 0xD656, 0x8C0B, 0xBCA5,
  0xA426, 0x7281, 0x2104, 0x2125, 0x2124, 0x2125, 0x2103, 0xCCE5, 0xCD48, 0x9BA3, 0x8302, 0x0020,
  0x0021, 0x0021, 0x0021, 0x0021, 0x0021, 0x0021, 0x0021, 0x0021, 0x0021, 0x0021, 0x0021, 0x0021,
  0x0021, 0x0021, 0x0021, 0x0021, 0x0021, 0x0021, 0x0021, 0x0021, 0x0021, 0x0021, 0x0021, 0x0021,
  0x0021, 0x0021, 0x0021, 0x0021, 0x0021, 0x0021, 0x0021, 0x0021, 0x0021, 0x0021, 0x0021, 0x0021,
  0x0021, 0x0021, 0x0021, 0x0021, 0x0021, 0x0021, 0x0021, 0x0021, 0x0021, 0x0021, 0x0021, 0x0021,
  0x0021, 0x0021, 0x0021, 0x0021, 0x0021, 0x0021, 0x0021, 0x0021, 0x0021, 0x0021, 0x0021, 0x0041,
  0x0000, 0x8386, 0xFE08, 0xDD87, 0xBCA6, 0x8B84, 0x3162, 0x2125, 0x2945, 0x18C3, 0x734B, 0x4228,
  0x3185, 0x39C6, 0x31A6, 0x4207, 0xACF1, 0xDE56, 0xD615, 0xD635, 0xD635, 0xD636, 0xD635, 0xD635,
  0xD615, 0xD615, 0xD615, 0xD615, 0xD635, 0xD635, 0xD615, 0xD635, 0xD635, 0xD615, 0xD635, 0xD636,
  0xD656, 0xD636, 0xD636, 0xD636, 0xD656, 0xDE56, 0xD635, 0xCE15, 0xD636, 0xD635, 0xD615, 0xD635,
  0xD636, 0xD635, 0xD636, 0xD656, 0xD656, 0xD635, 0xD635, 0xD656, 0xDE56, 0xD636, 0xD636, 0xD656,
  0xD656, 0xD635, 0xD615, 0xD635, 0xDE56, 0xDE76, 0xD636, 0xD635, 0xD636, 0xD635, 0xD656, 0xDE56,
  0xD656, 0xD656, 0xD656, 0xD635, 0xD636, 0xD635, 0xD635, 0xD636, 0xD636, 0xD635, 0xD636, 0xD635,
  0xDE97, 0x946F, 0xC4E5, 0xF628, 0x8B43, 0x2902, 0x2125, 0x2124, 0x2145, 0x18E4, 0x7AE2, 0xD568,
  0x9BE5, 0xA3A2, 0x18A1, 0x0001, 0x0041, 0x0021, 0x0021, 0x0021, 0x0021, 0x0021, 0x0021, 0x0021,
  0x0021, 0x0021, 0x0021, 0x0021, 0x0021, 0x0021, 0x0021, 0x0021, 0x0021, 0x0021, 0x0021, 0x0021,
  0x0021, 0x0021, 0x0021, 0x0021, 0x0021, 0x0021, 0x0021, 0x0021, 0x0021, 0x0021, 0x0021, 0x0021,
  0x0021, 0x0021, 0x0021, 0x0021, 0x0021, 0x0021, 0x0021, 0x0021, 0x0021, 0x0021, 0x0021, 0x0021,
  0x0021, 0x0021, 0x0021, 0x0021, 0x0021, 0x0021, 0x0021, 0x0021, 0x0021, 0x0021, 0x0021, 0x0021,
  0x0021, 0x0021, 0x0841, 0x0000, 0x5285, 0xFE28, 0xED65, 0xEDA6, 0xF608, 0x9BE5, 0x20E2, 0x2965,
  0x18E4, 0x5AA9, 0x62C9, 0x10E4, 0x7AE4, 0x5244, 0x2986, 0x83CD, 0xDE76, 0xD615, 0xD635, 0xD635,
  0xD635, 0xD636, 0xD636, 0xD635, 0xD635, 0xD636, 0xD635, 0xD635, 0xD635, 0xD635, 0xD615, 0xD635,
  0xD636, 0xD635, 0xD636, 0xD636, 0xD636, 0xD636, 0xD636, 0xD635, 0xD636, 0xD656, 0xD635, 0xD635,
  0xDE56, 0xD635, 0xD635, 0xD635, 0xD635, 0xD636, 0xD635, 0xD656, 0xD656, 0xD656, 0xD636, 0xD636,
  0xD636, 0xD635, 0xD635, 0xD656, 0xD635, 0xD635, 0xD635, 0xD635, 0xD636, 0xD636, 0xD656, 0xD636,
  0xD656, 0xD636, 0xD636, 0xD636, 0xD636, 0xD636, 0xD635, 0xD635, 0xD635, 0xD636, 0xD635, 0xD635,
  0xD636, 0xD615, 0xD615, 0xDE76, 0xB573, 0xA446, 0xFE28, 0x9BE5, 0x49C0, 0x3983, 0x2125, 0x2144,
  0x10C4, 0x6263, 0xE5A6, 0x9C05, 0xA3C2, 0x4181, 0x0000, 0x0841, 0x0021, 0x0021, 0x0021, 0x0021,
  0x0021, 0x0021, 0x0021, 0x0021, 0x0021, 0x0021, 0x0021, 0x0021, 0x0021, 0x0021, 0x0021, 0x0021,
  0x0021, 0x0021, 0x0021, 0x0021, 0x0021, 0x0021, 0x0021, 0x0021, 0x0021, 0x0021, 0x0021, 0x0021,
  0x0021, 0x0021, 0x0021, 0x0021, 0x0021, 0x0021, 0x0021, 0x0021, 0x0021, 0x0021, 0x0021, 0x0021,
  0x0021, 0x0021, 0x0021, 0x0021, 0x0021, 0x0021, 0x0021, 0x0021, 0x0021, 0x0021, 0x0021, 0x0021,
  0x0021, 0x0021, 0x0021, 0x0021, 0x0021, 0x0021, 0x0021, 0x0841, 0xA426, 0xCD49, 0xDDC9, 0xEDC7,
  0xB4A7, 0x8B22, 0x3184, 0x1904, 0x39C6, 0x734B, 0x2124, 0x31C7, 0x3186, 0x31A6, 0x62C9, 0xC5B4,
  0xCDF5, 0xD615, 0xD615, 0xD635, 0xD635, 0xD635, 0xD635, 0xD635, 0xD636, 0xD636, 0xD635, 0xD635,
  0xD615, 0xD615, 0xD635, 0xD636, 0xD656, 0xD636, 0xD656, 0xD636, 0xD636, 0xD636, 0xD656, 0xD636,
  0xD635, 0xD635, 0xD635, 0xD636, 0xD656, 0xD635, 0xD615, 0xD635, 0xD636, 0xD656, 0xD635, 0xD636,
  0xDE56, 0xDE56, 0xD656, 0xD635, 0xD635, 0xD635, 0xD636, 0xD636, 0xD635, 0xD615, 0xD636, 0xD656,
  0xD635, 0xD635, 0xD635, 0xD656, 0xD636, 0xD636, 0xD656, 0xD636, 0xD635, 0xD635, 0xD615, 0xD615,
  0xD635, 0xD635, 0xD635, 0xD615, 0xD636, 0xD635, 0xD635, 0xCDF5, 0x8BC8, 0xF607, 0xCD28, 0x5202,
  0x3142, 0x3983, 0x2125, 0x1905, 0x3142, 0xDD25, 0xBCE7, 0xABE3, 0x6A81, 0x0000, 0x0041, 0x0021,
  0x0021, 0x0021, 0x0021, 0x0021, 0x0021, 0x0021, 0x0021, 0x0021, 0x0021, 0x0021, 0x0021, 0x0021,
  0x0021, 0x0021, 0x0021, 0x0021, 0x0021, 0x0021, 0x0021, 0x0021, 0x0021, 0x0021, 0x0021, 0x0021,
  0x0021, 0x0021, 0x0021, 0x0021, 0x0021, 0x0021, 0x0021, 0x0021, 0x0021, 0x0021, 0x0021, 0x0021,
  0x0021, 0x0021, 0x0021, 0x0021, 0x0021, 0x0021, 0x0021, 0x0021, 0x0021, 0x0021, 0x0021, 0x0021,
  0x0021, 0x0021, 0x0021, 0x0021, 0x0021, 0x0021, 0x0021, 0x0021, 0x0021, 0x0041, 0x0021, 0x0861,
  0xABE3, 0xB423, 0xB465, 0xB487, 0x9363, 0x8B42, 0x3143, 0x2945, 0x7B8B, 0x2945, 0x2986, 0x31A6,
  0x31A6, 0x4207, 0xBD52, 0xD656, 0xCDF5, 0xD615, 0xD615, 0xD635, 0xD615, 0xD615, 0xD615, 0xD635,
  0xD635, 0xD635, 0xD635, 0xD635, 0xD635, 0xD615, 0xD635, 0xD656, 0xD656, 0xD656, 0xD656, 0xDE56,
  0xD656, 0xD656, 0xD636, 0xD636, 0xD635, 0xD636, 0xD636, 0xD636, 0xD635, 0xD615, 0xD615, 0xD636,
  0xD635, 0xD635, 0xD635, 0xD636, 0xD656, 0xD636, 0xD635, 0xD615, 0xD635, 0xD636, 0xD656, 0xD635,
  0xD635, 0xD635, 0xD635, 0xD636, 0xD635, 0xD656, 0xD656, 0xD656, 0xD636, 0xD636, 0xD636, 0xD636,
  0xD656, 0xD636, 0xD635, 0xCE15, 0xD615, 0xD636, 0xD656, 0xD656, 0xD635, 0xD615, 0xDE56, 0x942D,
  0xDD66, 0xE5A9, 0x7AE3, 0x2943, 0x49C2, 0x2922, 0x2125, 0x18E3, 0xB444, 0xDD88, 0x9BA3, 0x9342,
  0x0840, 0x0021, 0x0021, 0x0021, 0x0021, 0x0021, 0x0021, 0x0021, 0x0021, 0x0021, 0x0021, 0x0021,
  0x0021, 0x0021, 0x0021, 0x0021, 0x0021, 0x0021, 0x0021, 0x0021, 0x0021, 0x0021, 0x0021, 0x0021,
  0x0021, 0x0021, 0x0021, 0x0021, 0x0021, 0x0021, 0x0021, 0x0021, 0x0021, 0x0021, 0x0021, 0x0021,
  0x0021, 0x0021, 0x0021, 0x0041, 0x0021, 0x0021, 0x0021, 0x0021, 0x0021, 0x0021, 0x0021, 0x0021,
  0x0021, 0x0021, 0x0021, 0x0021, 0x0021, 0x0021, 0x0021, 0x0021, 0x0021, 0x0021, 0x0021, 0x0021,
  0x0021, 0x0021, 0x0021, 0x0861, 0xAC03, 0xC484, 0xBC43, 0xB444, 0x9B82, 0x8B42, 0x18C2, 0x736B,
  0x4A27, 0x2145, 0x31A6, 0x31A6, 0x41E7, 0xA4B0, 0xDE56, 0xCDF4, 0xD615, 0xD635, 0xD635, 0xD615,
  0xD615, 0xD635, 0xD635, 0xD635, 0xD635, 0xD635, 0xD615, 0xD635, 0xD635, 0xD635, 0xD636, 0xD636,
  0xD635, 0xD636, 0xDE56, 0xDE56, 0xD656, 0xD656, 0xD635, 0xD656, 0xD636, 0xD635, 0xD635, 0xD635,
  0xD635, 0xD635, 0xD635, 0xD636, 0xD635, 0xD635, 0xD635, 0xD656, 0xD636, 0xD635, 0xD635, 0xD635,
  0xD656, 0xD656, 0xD636, 0xD635, 0xD635, 0xD636, 0xD636, 0xD635, 0xD656, 0xDE56, 0xD635, 0xD635,
  0xD635, 0xD636, 0xD635, 0xD635, 0xD636, 0xD636, 0xD636, 0xD636, 0xD636, 0xDE56, 0xD656, 0xD635,
  0xD635, 0xE697, 0x9CB0, 0xBCA5, 0xF629, 0x9BC4, 0x3142, 0x1905, 0x3183, 0x41C3, 0x10C4, 0x7AE2,
  0xEDE7, 0x9C05, 0xA3A2, 0x28E1, 0x0001, 0x0041, 0x0021, 0x0021, 0x0021, 0x0021, 0x0021, 0x0021,
  0x0021, 0x0021, 0x0021, 0x0021, 0x0021, 0x0021, 0x0021, 0x0021, 0x0021, 0x0021, 0x0021, 0x0021,
  0x0021, 0x0021, 0x0021, 0x0021, 0x0021, 0x0021, 0x0021, 0x0021, 0x0021, 0x0021, 0x0021, 0x0021,
  0x0021, 0x0021, 0x0021, 0x0021, 0x0021, 0x0021, 0x0021, 0x0021, 0x0021, 0x0021, 0x0021, 0x0021,
  0x0021, 0x0021, 0x0021, 0x0021, 0x0021, 0x0021, 0x0021, 0x0021, 0x0021, 0x0021, 0x0021, 0x0021,
  0x0021, 0x0021, 0x0021, 0x0021, 0x0021, 0x0021, 0x0021, 0x0861, 0xABE3, 0xBC44, 0xBC64, 0xB464,
  0x9363, 0x8301, 0x62C8, 0x6B0A, 0x2124, 0x39C7, 0x31A6, 0x3186, 0x7BAC, 0xDE76, 0xD615, 0xD615,
  0xD635, 0xD635, 0xD636, 0xD615, 0xD635, 0xD635, 0xD635, 0xD635, 0xD635, 0xD635, 0xD615, 0xD635,
  0xD635, 0xD615, 0xD636, 0xD635, 0xD635, 0xD615, 0xD656, 0xD656, 0xD636, 0xD636, 0xD635, 0xD635,
  0xD615, 0xD635, 0xD635, 0xD635, 0xD635, 0xD635, 0xD656, 0xD656, 0xD636, 0xD635, 0xD635, 0xD636,
  0xD635, 0xD635, 0xD635, 0xD635, 0xD635, 0xD635, 0xD635, 0xD635, 0xD635, 0xD636, 0xD636, 0xD635,
  0xD635, 0xD635, 0xD635, 0xD635, 0xD635, 0xD656, 0xD635, 0xD635, 0xD635, 0xD635, 0xD656, 0xD656,
  0xD636, 0xD656, 0xD635, 0xD615, 0xDE56, 0xBD94, 0x9C07, 0xFE28, 0xB486, 0x49C1, 0x1905, 0x2125,
  0x3983, 0x3142, 0x41A3, 0xEDA6, 0xAC46, 0xA3C2, 0x51E1, 0x0000, 0x0041, 0x0021, 0x0021, 0x0021,
  0x0021, 0x0021, 0x0021, 0x0021, 0x0021, 0x0021, 0x0021, 0x0021, 0x0021, 0x0021, 0x0021, 0x0021,
  0x0021, 0x0021, 0x0021, 0x0021, 0x0021, 0x0021, 0x0021, 0x0021, 0x0021, 0x0021, 0x0021, 0x0021,
  0x0021, 0x0021, 0x0021, 0x0021, 0x0021, 0x0021, 0x0021, 0x0021, 0x0021, 0x0021, 0x0021, 0x0021,
  0x0021, 0x0021, 0x0021, 0x0021, 0x0021, 0x0021, 0x0021, 0x0021, 0x0021, 0x0021, 0x0021, 0x0021,
  0x0021, 0x0021, 0x0021, 0x0021, 0x0021, 0x0021, 0x0021, 0x0021, 0x0021, 0x0041, 0x0021, 0x1080,
  0x9B83, 0xBC43, 0xC4A3, 0xB444, 0x9362, 0x9362, 0x5226, 0x2125, 0x31A6, 0x31A6, 0x3186, 0x62CA,
  0xD615, 0xD636, 0xD635, 0xD635, 0xD635, 0xD615, 0xD635, 0xD635, 0xD635, 0xD635, 0xD635, 0xD635,
  0xD635, 0xD635, 0xD615, 0xD635, 0xD615, 0xD615, 0xD635, 0xD635, 0xD615, 0xD635, 0xD636, 0xD636,
  0xD656, 0xD635, 0xD615, 0xD635, 0xD635, 0xD635, 0xD635, 0xD636, 0xD636, 0xD636, 0xD656, 0xD636,
  0xD635, 0xD635, 0xD635, 0xD635, 0xD635, 0xD635, 0xD635, 0xD615, 0xD615, 0xD635, 0xD635, 0xD636,
  0xD636, 0xD636, 0xD636, 0xD636, 0xD656, 0xD656, 0xDE56, 0xDE56, 0xD656, 0xD656, 0xD636, 0xD636,
  0xD635, 0xD635, 0xD635, 0xD635, 0xD635, 0xD635, 0xD615, 0xD635, 0xD616, 0x8BCA, 0xEDE7, 0xD548,
  0x6A62, 0x1904, 0x2145, 0x2125, 0x3163, 0x3961, 0xCCE5, 0xCD27, 0x9BA3, 0x7AE2, 0x0000, 0x0021,
  0x0021, 0x0021, 0x0021, 0x0021, 0x0021, 0x0021, 0x0021, 0x0021, 0x0021, 0x0021, 0x0021, 0x0021,
  0x0021, 0x0021, 0x0021, 0x0021, 0x0021, 0x0021, 0x0021, 0x0021, 0x0021, 0x0021, 0x0021, 0x0021,
  0x0021, 0x0021, 0x0021, 0x0021, 0x0021, 0x0021, 0x0021, 0x0021, 0x0021, 0x0021, 0x0021, 0x0021,
  0x0021, 0x0021, 0x0021, 0x0021, 0x0021, 0x0021, 0x0021, 0x0021, 0x0021, 0x0021, 0x0021, 0x0021,
  0x0021, 0x0021, 0x0021, 0x0021, 0x0021, 0x0021, 0x0021, 0x0021, 0x0021, 0x0021, 0x0021, 0x0021,
  0x0041, 0x0021, 0x0861, 0x93A4, 0x8B63, 0x72E6, 0x9364, 0x8302, 0x82C0, 0x6262, 0x18E4, 0x4A05,
  0x41E6, 0x2986, 0x4A27, 0xBD73, 0xD635, 0xD615, 0xD635, 0xD635, 0xD615, 0xCE15, 0xD615, 0xD615,
  0xD615, 0xD615, 0xD635, 0xD635, 0xD615, 0xD615, 0xD615, 0xD636, 0xD636, 0xD635, 0xD635, 0xD635,
  0xD635, 0xD635, 0xD635, 0xD635, 0xD635, 0xD635, 0xD656, 0xDE56, 0xD635, 0xD635, 0xD635, 0xD636,
  0xD656, 0xD656, 0xDE56, 0xD636, 0xD635, 0xD635, 0xD635, 0xD635, 0xD635, 0xD635, 0xD636, 0xD635,
  0xD636, 0xD636, 0xD635, 0xD636, 0xD636, 0xD635, 0xD636, 0xD635, 0xD656, 0xD656, 0xD635, 0xD636,
  0xD636, 0xD656, 0xD656, 0xD656, 0xD635, 0xD635, 0xD635, 0xD635, 0xD635, 0xD636, 0xD615, 0xDE56,
  0x944E, 0xCD06, 0xEDE9, 0x8B43, 0x2923, 0x2125, 0x2124, 0x2145, 0x18E3, 0xA3C3, 0xDDA7, 0x93A4,
  0x9BA2, 0x1081, 0x0021, 0x0041, 0x0021, 0x0021, 0x0021, 0x0021, 0x0021, 0x0021, 0x0021, 0x0021,
  0x0021, 0x0021, 0x0021, 0x0021, 0x0021, 0x0021, 0x0021, 0x0021, 0x0021, 0x0021, 0x0021, 0x0021,
  0x0021, 0x0021, 0x0021, 0x0021, 0x0021, 0x0021, 0x0021, 0x0021, 0x0021, 0x0021, 0x0021, 0x0021,
  0x0021, 0x0021, 0x0021, 0x0021, 0x0021, 0x0021, 0x0021, 0x0021, 0x0021, 0x0021, 0x0021, 0x0021,
  0x0021, 0x0021, 0x0021, 0x0021, 0x0021, 0x0021, 0x0021, 0x0021, 0x0021, 0x0021, 0x0021, 0x0021,
  0x0021, 0x0021, 0x0021, 0x0021, 0x0841, 0x0000, 0x93C5, 0xDD25, 0x83A9, 0xAD13, 0x9C70, 0x7B8C,
  0x7349, 0x41E6, 0x2125, 0x5A23, 0x41C3, 0x31A6, 0xA4D0, 0xDE56, 0xCDF5, 0xD615, 0xD615, 0xD636,
  0xCE15, 0xD615, 0xD615, 0xD635, 0xD615, 0xD615, 0xD635, 0xD635, 0xD635, 0xD635, 0xD635, 0xD615,
  0xD615, 0xD615, 0xD635, 0xD636, 0xD635, 0xD635, 0xD635, 0xD635, 0xD635, 0xD635, 0xD635, 0xD655,
  0xD635, 0xD656, 0xD635, 0xD656, 0xD636, 0xD656, 0xDE56, 0xD656, 0xD636, 0xD635, 0xD635, 0xD635,
  0xD656, 0xD636, 0xD636, 0xD635, 0xD656, 0xD636, 0xD635, 0xD635, 0xD635, 0xD635, 0xD635, 0xD635,
  0xD636, 0xD636, 0xD635, 0xD635, 0xD635, 0xD636, 0xD636, 0xD656, 0xD635, 0xD635, 0xD635, 0xD635,
  0xD635, 0xD615, 0xDE76, 0xACF2, 0xAC46, 0xFE49, 0xA405, 0x4182, 0x1905, 0x2124, 0x2144, 0x10E4,
  0x6A82, 0xEDE7, 0xA426, 0xA3C2, 0x3961, 0x0000, 0x0841, 0x0021, 0x0021, 0x0021, 0x0021, 0x0021,
  0x0021, 0x0021, 0x0021, 0x0021, 0x0021, 0x0021, 0x0021, 0x0021, 0x0021, 0x0021, 0x0021, 0x0021,
  0x0021, 0x0021, 0x0021, 0x0021, 0x0021, 0x0021, 0x0021, 0x0021, 0x0021, 0x0021, 0x0021, 0x0021,
  0x0021, 0x0021, 0x0021, 0x0021, 0x0021, 0x0021, 0x0021, 0x0021, 0x0021, 0x0021, 0x0021, 0x0021,
  0x0021, 0x0021, 0x0021, 0x0021, 0x0021, 0x0021, 0x0021, 0x0021, 0x0021, 0x0021, 0x0021, 0x0021,
  0x0021, 0x0021, 0x0021, 0x0021, 0x0021, 0x0021, 0x0021, 0x0841, 0x0000, 0x6263, 0xFE26, 0x93E8,
  0x9CB1, 0xB553, 0xB532, 0xB553, 0xB553, 0xAD12, 0x944F, 0x736D, 0x4A49, 0x62EA, 0xC5D4, 0xCDF4,
  0xDE56, 0xD635, 0xD615, 0xD615, 0xD615, 0xD635, 0xD635, 0xD635, 0xD615, 0xD635, 0xD635, 0xD635,
  0xD635, 0xD615, 0xD635, 0xD615, 0xD635, 0xD636, 0xD636, 0xD635, 0xD615, 0xD635, 0xD636, 0xD635,
  0xD635, 0xD635, 0xD635, 0xD635, 0xD635, 0xD635, 0xD615, 0xD636, 0xD636, 0xD656, 0xD656, 0xD656,
  0xD636, 0xD636, 0xD635, 0xD635, 0xD636, 0xD635, 0xD635, 0xD636, 0xD656, 0xD635, 0xD635, 0xD635,
  0xD635, 0xD635, 0xD635, 0xD635, 0xD636, 0xD636, 0xD635, 0xD635, 0xD635, 0xD635, 0xD636, 0xD656,
  0xD635, 0xD635, 0xD635, 0xD635, 0xD615, 0xD655, 0xC5D5, 0x93E8, 0xF607, 0xBCC7, 0x5201, 0x18E4,
  0x2124, 0x2124, 0x1925, 0x3982, 0xE565, 0xB4A6, 0xA3A3, 0x6241, 0x0000, 0x0041, 0x0021, 0x0021,
  0x0021, 0x0021, 0x0021, 0x0021, 0x0021, 0x0021, 0x0021, 0x0021, 0x0021, 0x0021, 0x0021, 0x0021,
  0x0021, 0x0021, 0x0021, 0x0021, 0x0021, 0x0021, 0x0021, 0x0021, 0x0021, 0x0021, 0x0021, 0x0021,
  0x0021, 0x0021, 0x0021, 0x0021, 0x0021, 0x0021, 0x0021, 0x0021, 0x0021, 0x0021, 0x0021, 0x0021,
  0x0021, 0x0021, 0x0021, 0x0021, 0x0021, 0x0021, 0x0021, 0x0021, 0x0021, 0x0021, 0x0021, 0x0021,
  0x0021, 0x0021, 0x0021, 0x0021, 0x0021, 0x0021, 0x0021, 0x0021, 0x0021, 0x0021, 0x0841, 0x0000,
  0x2942, 0xF5E7, 0xB487, 0x8C50, 0xB553, 0xAD12, 0xAD12, 0xAD32, 0xAD12, 0xB533, 0xB553, 0xBD73,
  0x944F, 0x946F, 0x942F, 0x942E, 0xA4B0, 0xB552, 0xCDD4, 0xDE56, 0xDE56, 0xD635, 0xD615, 0xD615,
  0xD635, 0xD636, 0xD635, 0xD635, 0xD635, 0xD615, 0xD635, 0xD635, 0xD635, 0xD656, 0xDE56, 0xD635,
  0xD635, 0xD635, 0xD635, 0xD635, 0xD635, 0xD635, 0xD636, 0xD635, 0xD635, 0xD635, 0xD635, 0xD635,
  0xD635, 0xD635, 0xD636, 0xD636, 0xD636, 0xD636, 0xD635, 0xD636, 0xD656, 0xD656, 0xD635, 0xD656,
  0xD656, 0xD635, 0xD636, 0xD635, 0xD636, 0xD615, 0xD615, 0xD615, 0xD635, 0xD636, 0xD636, 0xD636,
  0xD636, 0xD615, 0xD635, 0xD656, 0xD635, 0xD636, 0xD656, 0xD636, 0xD635, 0xDE56, 0x940B, 0xE586,
  0xDD88, 0x72A2, 0x1903, 0x2125, 0x2124, 0x2125, 0x2103, 0x9B83, 0xBCA6, 0x9BC3, 0x8B22, 0x0820,
  0x0021, 0x0021, 0x0021, 0x0021, 0x0021, 0x0021, 0x0021, 0x0021, 0x0021, 0x0021, 0x0021, 0x0021,
  0x0021, 0x0021, 0x0021, 0x0021, 0x0021, 0x0021, 0x0021, 0x0021, 0x0021, 0x0021, 0x0021, 0x0021,
  0x0021, 0x0021, 0x0021, 0x0021, 0x0021, 0x0021, 0x0021, 0x0021, 0x0021, 0x0021, 0x0021, 0x0021,
  0x0021, 0x0021, 0x0021, 0x0021, 0x0021, 0x0021, 0x0021, 0x0021, 0x0021, 0x0021, 0x0021, 0x0021,
  0x0021, 0x0021, 0x0021, 0x0021, 0x0021, 0x0021, 0x0021, 0x0021, 0x0021, 0x0021, 0x0021, 0x0021,
  0x0021, 0x0041, 0x0021, 0x0861, 0xD546, 0xDD67, 0x8C0E, 0xBD74, 0xAD12, 0xAD12, 0xB532, 0xB553,
  0xB532, 0xB532, 0xB533, 0x942F, 0x944F, 0xB553, 0xB532, 0xAD12, 0xA4B0, 0x944F, 0x8C0E, 0x9C6F,
  0xB552, 0xCDF5, 0xDE56, 0xDE56, 0xD635, 0xD615, 0xCDF5, 0xD615, 0xD635, 0xD615, 0xD635, 0xD636,
  0xD636, 0xD656, 0xDE56, 0xD635, 0xD635, 0xD635, 0xD635, 0xD656, 0xD636, 0xD656, 0xD656, 0xD636,
  0xDE56, 0xD636, 0xD615, 0xD635, 0xD635, 0xD635, 0xD635, 0xD635, 0xD635, 0xD635, 0xD635, 0xD656,
  0xDE56, 0xD656, 0xD636, 0xD656, 0xD636, 0xD635, 0xD636, 0xD636, 0xD636, 0xD615, 0xD615, 0xD615,
  0xD636, 0xD656, 0xD636, 0xD635, 0xD636, 0xD635, 0xD635, 0xD635, 0xD635, 0xD635, 0xD635, 0xD615,
  0xDE97, 0x9C8F, 0xAC45, 0xEE09, 0x9384, 0x2922, 0x1905, 0x2124, 0x2145, 0x10A3, 0x8B63, 0xE5A7,
  0x9BE5, 0xABE2, 0x20E1, 0x0001, 0x0041, 0x0021, 0x0021, 0x0021, 0x0021, 0x0021, 0x0021, 0x0021,
  0x0021, 0x0021, 0x0021, 0x0021, 0x0021, 0x0021, 0x0021, 0x0021, 0x0021, 0x0021, 0x0021, 0x0021,
  0x0021, 0x0021, 0x0021, 0x0021, 0x0021, 0x0021, 0x0041, 0x0021, 0x0021, 0x0021, 0x0021, 0x0021,
  0x0021, 0x0021, 0x0021, 0x0021, 0x0021, 0x0021, 0x0021, 0x0021, 0x0021, 0x0021, 0x0021, 0x0021,
  0x0021, 0x0021, 0x0021, 0x0021, 0x0021, 0x0021, 0x0021, 0x0021, 0x0021, 0x0021, 0x0021, 0x0021,
  0x0021, 0x0021, 0x0021, 0x0021, 0x0021, 0x0041, 0x0001, 0x8B85, 0xE586, 0x8BEA, 0xAD13, 0xB552,
  0xB533, 0xAD12, 0xAD32, 0xAD32, 0xB533, 0xB533, 0xA4D1, 0x9470, 0xB553, 0xAD12, 0xAD12, 0xB532,
  0xB553, 0xBD73, 0xB553, 0xA4D1, 0x9C90, 0x83ED, 0x8C2E, 0xAD11, 0xC593, 0xD635, 0xDE56, 0xD635,
  0xD615, 0xCE15, 0xD615, 0xD635, 0xD636, 0xD635, 0xD635, 0xD635, 0xD635, 0xD635, 0xDE56, 0xDE56,
  0xDE56, 0xDE56, 0xD656, 0xDE56, 0xDE56, 0xD615, 0xD615, 0xD636, 0xD636, 0xD635, 0xD635, 0xD635,
  0xD636, 0xD636, 0xD636, 0xD656, 0xD656, 0xD636, 0xD635, 0xD635, 0xD635, 0xD615, 0xD635, 0xD635,
  0xD636, 0xD635, 0xD615, 0xD635, 0xD636, 0xD636, 0xD635, 0xD636, 0xD656, 0xD635, 0xD635, 0xD635,
  0xD636, 0xD635, 0xD635, 0xDE56, 0xBD94, 0x7B45, 0xB465, 0xA405, 0x49A2, 0x18E4, 0x2124, 0x2124,
  0x10E4, 0x5A23, 0xF5C6, 0xAC66, 0xABE3, 0x51E1, 0x0000, 0x0041, 0x0021, 0x0021, 0x0021, 0x0021,
  0x0021, 0x0021, 0x0021, 0x0021, 0x0021, 0x0021, 0x0021, 0x0021, 0x0021, 0x0021, 0x0021, 0x0021,
  0x0021, 0x0021, 0x0021, 0x0021, 0x0021, 0x0021, 0x0021, 0x0021, 0x0021, 0x0021, 0x0021, 0x0021,
  0x0021, 0x0021, 0x0021, 0x0021, 0x0021, 0x0021, 0x0021, 0x0021, 0x0021, 0x0021, 0x0021, 0x0021,
  0x0021, 0x0021, 0x0021, 0x0021, 0x0021, 0x0021, 0x0021, 0x0021, 0x0021, 0x0021, 0x0021, 0x0021,
  0x0021, 0x0021, 0x0021, 0x0021, 0x0021, 0x0021, 0x0021, 0x0021, 0x0041, 0x0000, 0x5243, 0xC4E6,
  0x7326, 0x9471, 0xB553, 0xB553, 0xB532, 0xAD12, 0xAD12, 0xAD12, 0xB553, 0xAD12, 0x8C0E, 0xB532,
  0xB532, 0xAD32, 0xB532, 0xB533, 0xB533, 0xB532, 0xB532, 0xB553, 0xBD73, 0x8C2F, 0x9C6F, 0x9C90,
  0x944F, 0x946F, 0xACF1, 0xBD93, 0xD635, 0xDE77, 0xD656, 0xD635, 0xD615, 0xD635, 0xD635, 0xD635,
  0xD635, 0xD635, 0xD635, 0xD636, 0xD656, 0xD656, 0xD636, 0xD656, 0xD635, 0xD635, 0xD635, 0xD636,
  0xD615, 0xD635, 0xD635, 0xD635, 0xD636, 0xD636, 0xD656, 0xD635, 0xD615, 0xD635, 0xD635, 0xD635,
  0xD615, 0xD615, 0xD615, 0xD635, 0xD635, 0xD635, 0xD615, 0xCE15, 0xD635, 0xD656, 0xD635, 0xD635,
  0xDE56, 0xDE56, 0xD615, 0xD615, 0xD635, 0xD635, 0xD655, 0xCDF5, 0x83A8, 0xE586, 0xB487, 0x49A1,
  0x2104, 0x2124, 0x2124, 0x1905, 0x3143, 0xDD66, 0xC4E7, 0x9BA3, 0x7AC2, 0x0000, 0x0041, 0x0021,
  0x0021, 0x0021, 0x0021, 0x0021, 0x0021, 0x0021, 0x0021, 0x0021, 0x0021, 0x0021, 0x0021, 0x0021,
  0x0021, 0x0021, 0x0021, 0x0021, 0x0021, 0x0021, 0x0021, 0x0021, 0x0021, 0x0021, 0x0021, 0x0021,
  0x0021, 0x0021, 0x0021, 0x0021, 0x0021, 0x0021, 0x0021, 0x0021, 0x0021, 0x0021, 0x0021, 0x0021,
  0x0021, 0x0021, 0x0021, 0x0021, 0x0021, 0x0021, 0x0021, 0x0021, 0x0021, 0x0021, 0x0021, 0x0021,
  0x0021, 0x0021, 0x0021, 0x0021, 0x0021, 0x0021, 0x0021, 0x0021, 0x0021, 0x0021, 0x0021, 0x0041,
  0x0000, 0x39C4, 0xE5A8, 0xE566, 0xCD06, 0xB4A9, 0xA48D, 0x9C90, 0xA4D2, 0xB553, 0xB553, 0xB512,
  0xB532, 0x8C2F, 0xA4D1, 0xB532, 0xB532, 0xB553, 0xB553, 0xB532, 0xB553, 0xB532, 0xB532, 0xB553,
  0x944F, 0xA4B1, 0xB553, 0xB553, 0xB553, 0xAD12, 0x9CB0, 0x944F, 0x944F, 0xA4D1, 0xBD93, 0xDE76,
  0xDE56, 0xDE56, 0xD635, 0xD615, 0xD635, 0xD635, 0xD615, 0xCE15, 0xD615, 0xD635, 0xD636, 0xD636,
  0xD635, 0xD635, 0xD615, 0xD635, 0xD636, 0xD636, 0xD635, 0xD636, 0xD656, 0xD636, 0xD635, 0xD635,
  0xD615, 0xD615, 0xD635, 0xD635, 0xD615, 0xD635, 0xD635, 0xD635, 0xD636, 0xD635, 0xD635, 0xD615,
  0xD615, 0xD635, 0xD636, 0xD635, 0xD656, 0xD635, 0xD635, 0xD635, 0xD635, 0xD635, 0xDE76, 0x942D,
  0xD525, 0xE5C9, 0x8302, 0x20E1, 0x2125, 0x2124, 0x2145, 0x18E3, 0xAC24, 0xDD88, 0x9BC4, 0x9B82,
  0x1060, 0x0021, 0x0021, 0x0021, 0x0021, 0x0021, 0x0021, 0x0021, 0x0021, 0x0021, 0x0021, 0x0021,
  0x0021, 0x0021, 0x0021, 0x0021, 0x0021, 0x0021, 0x0021, 0x0021, 0x0021, 0x0021, 0x0021, 0x0021,
  0x0021, 0x0021, 0x0021, 0x0021, 0x0021, 0x0021, 0x0021, 0x0021, 0x0021, 0x0021, 0x0021, 0x0021,
  0x0021, 0x0021, 0x0021, 0x0021, 0x0021, 0x0021, 0x0021, 0x0021, 0x0021, 0x0021, 0x0021, 0x0021,
  0x0021, 0x0021, 0x0021, 0x0021, 0x0021, 0x0021, 0x0021, 0x0021, 0x0021, 0x0021, 0x0021, 0x0021,
  0x0021, 0x0021, 0x0021, 0x0041, 0x0000, 0x62EA, 0x9C6F, 0xA48C, 0xCD4A, 0xE5A7, 0xE585, 0xD506,
  0xB4A9, 0xA48D, 0x9C90, 0xA4F2, 0x944F, 0x9C90, 0xBD73, 0xB532, 0xB532, 0xB532, 0xB532, 0xB533,
  0xB532, 0xB533, 0xB533, 0xA4B0, 0x942F, 0xB553, 0xB533, 0xB532, 0xAD12, 0xB553, 0xB553, 0xB553,
  0xACF1, 0x9CB0, 0x8C0E, 0x83CD, 0xA4D0, 0xB532, 0xCDF5, 0xDE56, 0xDE56, 0xD635, 0xCDF4, 0xD615,
  0xD615, 0xD615, 0xD635, 0xD635, 0xD635, 0xD615, 0xD615, 0xD636, 0xD656, 0xD636, 0xD636, 0xD656,
  0xD656, 0xD635, 0xD635, 0xD635, 0xD636, 0xD635, 0xD635, 0xD635, 0xD635, 0xD656, 0xD635, 0xD635,
  0xD635, 0xD636, 0xD635, 0xD635, 0xD635, 0xD635, 0xD635, 0xD636, 0xD635, 0xD615, 0xD615, 0xD635,
  0xD615, 0xDE76, 0xA4F1, 0xB465, 0xFE48, 0x93A5, 0x4181, 0x49C2, 0x1905, 0x2944, 0x10C4, 0x7B03,
  0xEDE7, 0x9BC5, 0xA3C2, 0x3121, 0x0001, 0x0041, 0x0021, 0x0021, 0x0021, 0x0021, 0x0021, 0x0021,
  0x0021, 0x0021, 0x0021, 0x0021, 0x0021, 0x0021, 0x0021, 0x0021, 0x0021, 0x0021, 0x0021, 0x0021,
  0x0021, 0x0021, 0x0021, 0x0021, 0x0021, 0x0021, 0x0021, 0x0021, 0x0021, 0x0021, 0x0021, 0x0021,
  0x0021, 0x0021, 0x0021, 0x0021, 0x0021, 0x0021, 0x0021, 0x0021, 0x0021, 0x0021, 0x0021, 0x0021,
  0x0021, 0x0021, 0x0021, 0x0021, 0x0021, 0x0021, 0x0021, 0x0021, 0x0021, 0x0021, 0x0021, 0x0021,
  0x0021, 0x0021, 0x0021, 0x0021, 0x0021, 0x0021, 0x0021, 0x0041, 0x0000, 0x4A27, 0x736B, 0x734C,
  0x7BAD, 0x8C0E, 0xA46C, 0xCD2A, 0xEDC8, 0xD504, 0xC4A4, 0xBCE9, 0x940B, 0x9C90, 0xA4D2, 0xB533,
  0xB553, 0xB532, 0xB532, 0xAD12, 0xAD12, 0xB532, 0xAD12, 0x942F, 0xB532, 0xB532, 0xB533, 0xB532,
  0xB533, 0xB553, 0xB532, 0xAD12, 0xAD12, 0xBD73, 0x946F, 0x944F, 0xA4D1, 0x942F, 0x8C2F, 0xA4B0,
  0xACF1, 0xBD72, 0xDE56, 0xDE56, 0xD635, 0xD615, 0xD615, 0xD635, 0xD635, 0xD615, 0xD615, 0xD635,
  0xD656, 0xD656, 0xD636, 0xD636, 0xD636, 0xD635, 0xD636, 0xD636, 0xD635, 0xD636, 0xD635, 0xD615,
  0xD635, 0xDE56, 0xD635, 0xD635, 0xD635, 0xD635, 0xD635, 0xD636, 0xDE56, 0xDE56, 0xD656, 0xD636,
  0xD635, 0xD615, 0xD615, 0xD615, 0xDE56, 0xC5B5, 0x93E7, 0xFE07, 0xBCA6, 0x5202, 0x41A3, 0x3982,
  0x2145, 0x1905, 0x41C2, 0xEDA6, 0xB486, 0xA3C2, 0x5A21, 0x0000, 0x0041, 0x0021, 0x0021, 0x0021,
  0x0021, 0x0021, 0x0021, 0x0021, 0x0021, 0x0021, 0x0021, 0x0021, 0x0021, 0x0021, 0x0021, 0x0021,
  0x0021, 0x0021, 0x0021, 0x0021, 0x0021, 0x0021, 0x0021, 0x0021, 0x0021, 0x0021, 0x0021, 0x0021,
  0x0021, 0x0021, 0x0021, 0x0021, 0x0021, 0x0021, 0x0021, 0x0021, 0x0021, 0x0021, 0x0021, 0x0021,
  0x0021, 0x0021, 0x0021, 0x0021, 0x0021, 0x0021, 0x0021, 0x0021, 0x0021, 0x0021, 0x0021, 0x0021,
  0x0021, 0x0021, 0x0021, 0x0021, 0x0021, 0x0021, 0x0021, 0x0021, 0x0021, 0x0021, 0x0841, 0x0000,
  0x6262, 0x6AA3, 0x2104, 0x4A27, 0x62C9, 0x6B0A, 0x736C, 0x7BAE, 0x83CD, 0x942C, 0xCD4A, 0xDD67,
  0xEDC7, 0xD546, 0xBCC9, 0xACCD, 0xA4D1, 0xA4F2, 0xAD12, 0xB533, 0xB532, 0xB532, 0x942F, 0xAD12,
  0xB553, 0xB533, 0xB532, 0xB532, 0xB532, 0xB533, 0xB553, 0xB553, 0xB553, 0x9C90, 0x9470, 0xB553,
  0xB532, 0xB553, 0xB532, 0xA4D1, 0x946F, 0x8C0E, 0x944F, 0xACF1, 0xCDF5, 0xDE56, 0xDE55, 0xD636,
  0xD615, 0xD615, 0xD615, 0xD635, 0xD635, 0xD636, 0xD636, 0xD636, 0xD636, 0xD656, 0xD636, 0xD636,
  0xD615, 0xD615, 0xD635, 0xD635, 0xD635, 0xD636, 0xD615, 0xD635, 0xD636, 0xD635, 0xD635, 0xD656,
  0xDE76, 0xDE56, 0xD656, 0xD635, 0xD636, 0xD615, 0xD635, 0xD635, 0xD656, 0x8C0B, 0xE5A5, 0xD568,
  0x72A2, 0x2104, 0x3962, 0x41A2, 0x2145, 0x2103, 0xCCE5, 0xCD27, 0x9BA3, 0x8302, 0x0020, 0x0021,
  0x0021, 0x0021, 0x0021, 0x0021, 0x0021, 0x0021, 0x0021, 0x0021, 0x0021, 0x0021, 0x0021, 0x0021,
  0x0021, 0x0021, 0x0021, 0x0021, 0x0021, 0x0021, 0x0021, 0x0021, 0x0021, 0x0021, 0x0021, 0x0021,
  0x0021, 0x0021, 0x0021, 0x0021, 0x0021, 0x0021, 0x0021, 0x0021, 0x0021, 0x0021, 0x0021, 0x0021,
  0x0021, 0x0021, 0x0021, 0x0021, 0x0021, 0x0021, 0x0021, 0x0021, 0x0021, 0x0021, 0x0021, 0x0021,
  0x0021, 0x0021, 0x0021, 0x0021, 0x0021, 0x0021, 0x0021, 0x0021, 0x0021, 0x0021, 0x0021, 0x0021,
  0x0021, 0x0841, 0x0000, 0x3162, 0xD546, 0x3183, 0x18E4, 0x1904, 0x18E3, 0x3165, 0x4A27, 0x62C9,
  0x62C9, 0x734C, 0x83EF, 0x83CD, 0xA46D, 0xCD4B, 0xE5A8, 0xE585, 0xD526, 0xBCC9, 0xACAD, 0xA4B0,
  0xA4D2, 0x9450, 0x9C90, 0xB553, 0xB532, 0xB553, 0xB532, 0xB532, 0xB532, 0xB532, 0xB533, 0xB573,
  0xAD32, 0x944F, 0xB532, 0xB532, 0xB532, 0xB533, 0xAD12, 0xAD12, 0xB553, 0xB553, 0xA4D1, 0x9C6F,
  0x8C0E, 0x8C2E, 0xAD12, 0xC5D4, 0xD636, 0xDE76, 0xD656, 0xD635, 0xD635, 0xD635, 0xD635, 0xD615,
  0xD636, 0xD636, 0xD635, 0xD635, 0xD635, 0xD615, 0xD635, 0xD636, 0xD615, 0xD635, 0xD635, 0xD635,
  0xD635, 0xD636, 0xD636, 0xD636, 0xD636, 0xD656, 0xD636, 0xD635, 0xD636, 0xCE15, 0xCE15, 0xE697,
  0x946F, 0xC4C5, 0xF629, 0x8343, 0x2922, 0x1905, 0x2964, 0x51E3, 0x10C4, 0x9B83, 0xE5C8, 0x9BC4,
  0xA3A2, 0x18A1, 0x0001, 0x0041, 0x0021, 0x0021, 0x0021, 0x0021, 0x0021, 0x0021, 0x0021, 0x0021,
  0x0021, 0x0021, 0x0021, 0x0021, 0x0021, 0x0021, 0x0021, 0x0021, 0x0021, 0x0021, 0x0021, 0x0021,
  0x0021, 0x0021, 0x0021, 0x0021, 0x0021, 0x0021, 0x0021, 0x0021, 0x0021, 0x0021, 0x0021, 0x0021,
  0x0021, 0x0021, 0x0021, 0x0021, 0x0021, 0x0021, 0x0021, 0x0021, 0x0021, 0x0021, 0x0021, 0x0021,
  0x0021, 0x0021, 0x0021, 0x0021, 0x0021, 0x0021, 0x0021, 0x0021, 0x0021, 0x0021, 0x0021, 0x0021,
  0x0021, 0x0021, 0x0021, 0x0021, 0x0041, 0x0020, 0x1081, 0xD547, 0x5A64, 0x1905, 0x2985, 0x2965,
  0x2945, 0x2124, 0x18E3, 0x1904, 0x2965, 0x41E6, 0x62A9, 0x732B, 0x736C, 0x7B8D, 0x83CD, 0xA46D,
  0xC52B, 0xE5A8, 0xEDC7, 0xDD67, 0xB488, 0x8BCA, 0x9C90, 0xA4D2, 0xB533, 0xB553, 0xB532, 0xB532,
  0xB553, 0xB533, 0xB532, 0xB532, 0x944F, 0xAD12, 0xB532, 0xB532, 0xB553, 0xB553, 0xB532, 0xB532,
  0xAD12, 0xAD32, 0xB553, 0xB553, 0x8C0E, 0x9CB0, 0x9C90, 0x8C0E, 0x944F, 0xACF1, 0xC5B4, 0xD656,
  0xDE97, 0xDE56, 0xCDF4, 0xCDF5, 0xD636, 0xD635, 0xD615, 0xD635, 0xD635, 0xD635, 0xD635, 0xD635,
  0xD635, 0xD635, 0xD615, 0xD635, 0xD656, 0xD656, 0xD636, 0xD636, 0xD636, 0xD635, 0xD636, 0xD636,
  0xD635, 0xD635, 0xDE56, 0xB553, 0xA446, 0xFE48, 0xAC25, 0x4181, 0x1904, 0x2124, 0x3164, 0x2922,
  0x6263, 0xF5E7, 0xA405, 0xABC2, 0x4181, 0x0000, 0x0041, 0x0021, 0x0021, 0x0021, 0x0021, 0x0021,
  0x0021, 0x0021, 0x0021, 0x0021, 0x0021, 0x0021, 0x0021, 0x0021, 0x0021, 0x0021, 0x0021, 0x0021,
  0x0021, 0x0021, 0x0021, 0x0021, 0x0021, 0x0021, 0x0021, 0x0021, 0x0021, 0x0021, 0x0021, 0x0041,
  0x0021, 0x0021, 0x0021, 0x0021, 0x0021, 0x0021, 0x0021, 0x0021, 0x0021, 0x0021, 0x0021, 0x0021,
  0x0021, 0x0021, 0x0021, 0x0021, 0x0021, 0x0021, 0x0021, 0x0021, 0x0021, 0x0021, 0x0021, 0x0021,
  0x0021, 0x0021, 0x0021, 0x0021, 0x0021, 0x0021, 0x0021, 0x0021, 0x0841, 0x0000, 0xAC66, 0x9BE6,
  0x10E5, 0x2965, 0x2945, 0x2145, 0x2945, 0x2945, 0x2965, 0x2945, 0x2124, 0x18E3, 0x18E3, 0x3165,
  0x41E6, 0x5AA8, 0x6B2A, 0x736C, 0x7BAD, 0x83EE, 0xA46D, 0xBCEA, 0xC4E7, 0xE5A6, 0xD526, 0xC4E9,
  0xA46C, 0x9CB0, 0xA4F2, 0xB553, 0xB553, 0xB552, 0xB553, 0x944F, 0x9CB0, 0xB532, 0xAD12, 0xB533,
  0xB533, 0xAD12, 0xB532, 0xB532, 0xB532, 0xAD32, 0xB553, 0x9C70, 0xA4D1, 0xB532, 0xB532, 0xB532,
  0xAD12, 0x9C90, 0x944F, 0x944F, 0xA4D0, 0xC593, 0xD636, 0xDE56, 0xD635, 0xD615, 0xD615, 0xD635,
  0xD635, 0xD635, 0xD615, 0xD635, 0xD636, 0xD635, 0xCDF5, 0xD635, 0xDE56, 0xD656, 0xD636, 0xD635,
  0xD656, 0xD636, 0xD615, 0xD635, 0xD635, 0xDE55, 0xCDF5, 0x8BA8, 0xF5E7, 0xC508, 0x5A21, 0x1904,
  0x2124, 0x2124, 0x2104, 0x49A1, 0xDD46, 0xBCC7, 0xA3C3, 0x6A82, 0x0000, 0x0041, 0x0021, 0x0021,
  0x0021, 0x0021, 0x0021, 0x0021, 0x0021, 0x0021, 0x0021, 0x0021, 0x0021, 0x0021, 0x0021, 0x0021,
  0x0021, 0x0021, 0x0021, 0x0021, 0x0021, 0x0021, 0x0021, 0x0021, 0x0021, 0x0021, 0x0021, 0x0021,
  0x0021, 0x0021, 0x0021, 0x0021, 0x0021, 0x0021, 0x0021, 0x0021, 0x0021, 0x0021, 0x0021, 0x0021,
  0x0021, 0x0021, 0x0021, 0x0021, 0x0021, 0x0021, 0x0021, 0x0021, 0x0021, 0x0021, 0x0021, 0x0021,
  0x0021, 0x0021, 0x0021, 0x0021, 0x0021, 0x0021, 0x0021, 0x0021, 0x0021, 0x0021, 0x0021, 0x0841,
  0x0000, 0x62C4, 0xB465, 0x18E3, 0x2986, 0x2965, 0x2945, 0x2965, 0x2945, 0x2145, 0x2945, 0x2945,
  0x2945, 0x2965, 0x2945, 0x2124, 0x18E4, 0x18E3, 0x2965, 0x41E6, 0x5A88, 0x6AEA, 0x734B, 0x6B0B,
  0x7BAD, 0xA48D, 0xC52B, 0xDD88, 0xE586, 0xDD66, 0xBCC8, 0xACAC, 0xA4B0, 0xACF3, 0x9CB1, 0x9470,
  0xBD73, 0xAD12, 0xAD12, 0xB532, 0xB532, 0xB532, 0xAD12, 0xAD12, 0xAD12, 0xB553, 0x9CB0, 0x9C70,
  0xB553, 0xAD12, 0xAD12, 0xB533, 0xB553, 0xB553, 0xB553, 0xACF2, 0x9C6F, 0x8C2F, 0x83CD, 0xA4B0,
  0xBD93, 0xD635, 0xDE56, 0xDE56, 0xD635, 0xD615, 0xD615, 0xD615, 0xD615, 0xCDF5, 0xD615, 0xD635,
  0xD636, 0xD636, 0xD636, 0xD656, 0xDE56, 0xD656, 0xD615, 0xD655, 0xC5B4, 0xCE37, 0x944D, 0xDD65,
  0xE5C9, 0x7AE3, 0x2123, 0x2125, 0x2124, 0x2125, 0x10C2, 0xBC64, 0xD567, 0x9BA3, 0x8B42, 0x0840,
  0x0021, 0x0021, 0x0021, 0x0021, 0x0021, 0x0021, 0x0021, 0x0021, 0x0021, 0x0021, 0x0021, 0x0021,
  0x0021, 0x0021, 0x0021, 0x0021, 0x0021, 0x0021, 0x0021, 0x0021, 0x0021, 0x0021, 0x0021, 0x0021,
  0x0021, 0x0021, 0x0021, 0x0021, 0x0021, 0x0021, 0x0021, 0x0021, 0x0021, 0x0021, 0x0021, 0x0021,
  0x0021, 0x0021, 0x0021, 0x0021, 0x0021, 0x0021, 0x0021, 0x0021, 0x0021, 0x0041, 0x0021, 0x0021,
  0x0021, 0x0021, 0x0021, 0x0021, 0x0021, 0x0021, 0x0021, 0x0021, 0x0021, 0x0021, 0x0021, 0x0021,
  0x0021, 0x0021, 0x0841, 0x0000, 0x3183, 0xDD67, 0x39A4, 0x2146, 0x2986, 0x2945, 0x2145, 0x2145,
  0x2945, 0x2965, 0x2965, 0x2945, 0x2945, 0x2145, 0x2145, 0x2945, 0x2965, 0x2945, 0x2124, 0x18E3,
  0x18E3, 0x2944, 0x4206, 0x5A68, 0x62C9, 0x734B, 0x736D, 0x83EE, 0x9C6D, 0xC50B, 0xDD67, 0xE5A6,
  0xDD46, 0xBCC8, 0x8BEA, 0x9C90, 0xA4F2, 0xAD13, 0xB533, 0xB553, 0xB552, 0xB553, 0xAD12, 0xAD12,
  0xB532, 0xACF2, 0x9470, 0xB533, 0xAD12, 0xB532, 0xB532, 0xB533, 0xB553, 0xB532, 0xB533, 0xB533,
  0xB553, 0xA4D1, 0x8BEE, 0x9CB0, 0x942F, 0x942E, 0xA4B0, 0xBD93, 0xD635, 0xDE56, 0xD656, 0xD635,
  0xCDF4, 0xCDF4, 0xD615, 0xD635, 0xD635, 0xD635, 0xD636, 0xD656, 0xD636, 0xD615, 0xDE56, 0xAD33,
  0x9408, 0x9429, 0x93C6, 0xD568, 0x93A5, 0x3142, 0x1904, 0x2124, 0x2124, 0x10C3, 0x8B43, 0xEDE8,
  0x9BC5, 0xA3C2, 0x20E1, 0x0001, 0x0041, 0x0021, 0x0021, 0x0021, 0x0021, 0x0021, 0x0021, 0x0021,
  0x0021, 0x0021, 0x0021, 0x0021, 0x0021, 0x0021, 0x0021, 0x0021, 0x0021, 0x0021, 0x0021, 0x0021,
  0x0021, 0x0021, 0x0021, 0x0021, 0x0021, 0x0021, 0x0021, 0x0021, 0x0021, 0x0021, 0x0021, 0x0021,
  0x0041, 0x0021, 0x0021, 0x0021, 0x0021, 0x0021, 0x0021, 0x0021, 0x0021, 0x0021, 0x0021, 0x0021,
  0x0021, 0x0021, 0x0021, 0x0021, 0x0021, 0x0021, 0x0021, 0x0021, 0x0021, 0x0021, 0x0021, 0x0021,
  0x0021, 0x0021, 0x0021, 0x0021, 0x0021, 0x0041, 0x0020, 0x1081, 0xC4E6, 0x5A45, 0x2167, 0x7B05,
  0x5A65, 0x31C7, 0x39C6, 0x2965, 0x2945, 0x2125, 0x2145, 0x2945, 0x2965, 0x2945, 0x2145, 0x2945,
  0x2145, 0x2145, 0x2945, 0x2965, 0x2965, 0x2124, 0x18E4, 0x18E3, 0x2124, 0x41E6, 0x5A68, 0x6AEA,
  0x732B, 0x7BAD, 0x83EE, 0xA48D, 0xC50A, 0xCCE6, 0xE586, 0xDD45, 0xC4E9, 0xACAD, 0xA4D0, 0xA4F2,
  0xAD33, 0xB553, 0xB512, 0xAD12, 0xAD32, 0x944F, 0xAD12, 0xB532, 0xAD12, 0xAD12, 0xB532, 0xB532,
  0xB553, 0xB553, 0xB533, 0xB532, 0xACF2, 0x8C0E, 0xB532, 0xB532, 0xB532, 0xAD12, 0x9CB0, 0x942F,
  0x942F, 0xA4B0, 0xBD73, 0xCDD4, 0xD615, 0xDE56, 0xD615, 0xD615, 0xD635, 0xD635, 0xD636, 0xD635,
  0xD615, 0xD635, 0xC5B4, 0x942A, 0xEDA5, 0xF5A6, 0xDD66, 0xBCE8, 0x41C3, 0x18E4, 0x2124, 0x2124,
  0x10E4, 0x49C2, 0xE566, 0xAC66, 0xA3E3, 0x49E1, 0x0000, 0x0041, 0x0021, 0x0021, 0x0021, 0x0021,
  0x0021, 0x0021, 0x0021, 0x0021, 0x0021, 0x0021, 0x0021, 0x0021, 0x0021, 0x0021, 0x0021, 0x0021,
  0x0021, 0x0021, 0x0021, 0x0021, 0x0021, 0x0021, 0x0021, 0x0021, 0x0021, 0x0021, 0x0021, 0x0041,
  0x0021, 0x0021, 0x0021, 0x0021, 0x0021, 0x0021, 0x0021, 0x0021, 0x0021, 0x0021, 0x0021, 0x0021,
  0x0021, 0x0021, 0x0021, 0x0021, 0x0021, 0x0021, 0x0021, 0x0021, 0x0021, 0x0021, 0x0021, 0x0021,
  0x0021, 0x0021, 0x0021, 0x0021, 0x0021, 0x0021, 0x0021, 0x0021, 0x0021, 0x0841, 0x0000, 0x8BE7,
  0xE5E8, 0x6AA4, 0x39C5, 0x41A3, 0x3184, 0x39C7, 0x4207, 0x4207, 0x39E7, 0x39C6, 0x3185, 0x2965,
  0x2145, 0x2145, 0x2965, 0x2965, 0x2945, 0x2145, 0x2145, 0x2945, 0x2945, 0x2945, 0x2945, 0x2145,
  0x2124, 0x1904, 0x18E3, 0x2944, 0x41E6, 0x5AA9, 0x6B0A, 0x736C, 0x6B0B, 0x734C, 0xA4AE, 0xC50B,
  0xDDA8, 0xE5A6, 0xDD46, 0xC4E9, 0xA48D, 0x9C8F, 0xA4F2, 0xB553, 0x9C90, 0x9C90, 0xB552, 0xAD12,
  0xB532, 0xB532, 0xB532, 0xB532, 0xB532, 0xB553, 0xB533, 0xB553, 0x944F, 0xA4D1, 0xB532, 0xB532,
  0xAD12, 0xAD32, 0xB553, 0xB553, 0xB532, 0xA4D1, 0x946F, 0x8C0E, 0x9C6F, 0xBD93, 0xD615, 0xDE56,
  0xDE56, 0xD635, 0xD635, 0xD615, 0xCDF5, 0xDE56, 0x8C2E, 0xBCE8, 0xEDE8, 0xEDC7, 0xF5E7, 0xC4E7,
  0x41A3, 0x1905, 0x2124, 0x1904, 0x3143, 0xBC64, 0xA425, 0xA3C3, 0x7AC2, 0x0000, 0x0041, 0x0021,
  0x0021, 0x0021, 0x0021, 0x0021, 0x0021, 0x0021, 0x0021, 0x0021, 0x0021, 0x0021, 0x0021, 0x0021,
  0x0041, 0x0021, 0x0021, 0x0021, 0x0021, 0x0021, 0x0021, 0x0021, 0x0021, 0x0021, 0x0021, 0x0021,
  0x0021, 0x0021, 0x0021, 0x0021, 0x0021, 0x0021, 0x0021, 0x0021, 0x0021, 0x0021, 0x0021, 0x0021,
  0x0021, 0x0021, 0x0021, 0x0021, 0x0021, 0x0021, 0x0021, 0x0021, 0x0021, 0x0021, 0x0021, 0x0021,
  0x0021, 0x0021, 0x0021, 0x0021, 0x0021, 0x0021, 0x0021, 0x0021, 0x0021, 0x0021, 0x0021, 0x0021,
  0x0021, 0x0021, 0x0041, 0x9363, 0xAC45, 0xCD07, 0xD548, 0xAC47, 0x7306, 0x4A26, 0x3186, 0x2987,
  0x39E7, 0x4207, 0x4207, 0x39E7, 0x39C6, 0x3186, 0x2965, 0x2145, 0x2145, 0x2945, 0x2965, 0x2965,
  0x2945, 0x2145, 0x2145, 0x2145, 0x2945, 0x2965, 0x2945, 0x2125, 0x1904, 0x18E3, 0x2124, 0x41C6,
  0x5247, 0x5AA9, 0x7B8C, 0x736D, 0x83ED, 0x9C6D, 0xC50B, 0xDDA8, 0xE5A6, 0xDD46, 0xC509, 0xA46C,
  0x83CD, 0xA4D1, 0xAD13, 0xB553, 0xB532, 0xAD12, 0xB532, 0xB532, 0xAD12, 0xB532, 0xB553, 0x9C90,
  0x9C90, 0xB553, 0xAD12, 0xB532, 0xB533, 0xB532, 0xB553, 0xB532, 0xB553, 0xB553, 0xB553, 0xAD12,
  0x83AD, 0x8C2F, 0x8C0E, 0x9CB0, 0xBD72, 0xD615, 0xDE56, 0xD636, 0xCE15, 0xCE15, 0x940B, 0xAC03,
  0xAC46, 0xB4A7, 0xB4A8, 0x8B42, 0x4182, 0x18E4, 0x2145, 0x10C3, 0xAC04, 0xE5A8, 0x9BC4, 0x9362,
  0x1081, 0x0021, 0x0041, 0x0021, 0x0021, 0x0021, 0x0021, 0x0021, 0x0021, 0x0021, 0x0021, 0x0021,
  0x0021, 0x0021, 0x0021, 0x0021, 0x0021, 0x0021, 0x0021, 0x0021, 0x0021, 0x0021, 0x0021, 0x0021,
  0x0021, 0x0021, 0x0021, 0x0021, 0x0021, 0x0021, 0x0021, 0x0021, 0x0021, 0x0021, 0x0021, 0x0021,
  0x0021, 0x0021, 0x0021, 0x0021, 0x0021, 0x0021, 0x0021, 0x0021, 0x0021, 0x0021, 0x0021, 0x0021,
  0x0021, 0x0021, 0x0021, 0x0021, 0x0021, 0x0021, 0x0021, 0x0021, 0x0021, 0x0021, 0x0021, 0x0021,
  0x0021, 0x0021, 0x0021, 0x0021, 0x0021, 0x0021, 0x0021, 0x8B22, 0xA3A2, 0x9B82, 0xA3C4, 0xAC65,
  0xD547, 0xD568, 0xB487, 0x7B26, 0x4A06, 0x3186, 0x2987, 0x39C7, 0x4207, 0x4207, 0x41E7, 0x3186,
  0x2965, 0x2965, 0x2145, 0x2945, 0x2945, 0x2945, 0x2945, 0x2145, 0x2145, 0x2145, 0x2145, 0x2965,
  0x2965, 0x2945, 0x2124, 0x18E4, 0x1904, 0x2124, 0x41E6, 0x5A88, 0x6B0A, 0x734C, 0x736D, 0x83CD,
  0x9C6D, 0xBD0B, 0xDD68, 0xD505, 0xDD46, 0xBCC9, 0xA48C, 0x9C90, 0xA4F2, 0xB533, 0xB553, 0xB532,
  0xAD12, 0xB532, 0xA4D1, 0x942F, 0xAD12, 0xB532, 0xB532, 0xAD32, 0xB532, 0xB532, 0xB532, 0xAD32,
  0xB532, 0xAD12, 0xB532, 0x944F, 0xA4B0, 0xB532, 0xACD1, 0x9C90, 0x944F, 0x8C2E, 0x9CB0, 0xBD73,
  0xCDD4, 0xD656, 0xA46C, 0xBC23, 0xB423, 0xB423, 0x9B83, 0x9342, 0x41A2, 0x1904, 0x10C4, 0x72C2,
  0xEDC7, 0xA405, 0xABC2, 0x3141, 0x0000, 0x0041, 0x0021, 0x0021, 0x0021, 0x0021, 0x0021, 0x0021,
  0x0021, 0x0021, 0x0021, 0x0021, 0x0021, 0x0021, 0x0021, 0x0021, 0x0021, 0x0021, 0x0021, 0x0021,
  0x0021, 0x0021, 0x0021, 0x0021, 0x0021, 0x0021, 0x0021, 0x0021, 0x0021, 0x0021, 0x0021, 0x0021,
  0x0021, 0x0021, 0x0021, 0x0021, 0x0021, 0x0021, 0x0021, 0x0021, 0x0021, 0x0021, 0x0021, 0x0021,
  0x0021, 0x0021, 0x0021, 0x0021, 0x0021, 0x0021, 0x0021, 0x0021, 0x0021, 0x0021, 0x0021, 0x0021,
  0x0021, 0x0021, 0x0021, 0x0021, 0x0021, 0x0021, 0x0021, 0x0021, 0x0021, 0x0041, 0x0020, 0x72A2,
  0xAC03, 0xABE2, 0x8322, 0x7B03, 0x9362, 0x9BC4, 0xB465, 0xCD47, 0xD568, 0xB487, 0x7B46, 0x4A26,
  0x31A6, 0x2986, 0x2986, 0x7305, 0x6AA5, 0x39C7, 0x39C6, 0x3185, 0x2965, 0x2145, 0x2145, 0x2145,
  0x2945, 0x2945, 0x2965, 0x2945, 0x2945, 0x2945, 0x2965, 0x2965, 0x2965, 0x2125, 0x18E4, 0x18E3,
  0x2924, 0x41E6, 0x5A68, 0x62EA, 0x734B, 0x736D, 0x6B2B, 0x940C, 0xC52B, 0xE5A9, 0xE5A5, 0xD546,
  0xBCE8, 0xACAD, 0xA4B0, 0xA4D2, 0xAD13, 0xB532, 0x944F, 0xAD12, 0xAD12, 0xAD12, 0xB532, 0xB533,
  0xB532, 0xAD32, 0xAD32, 0xAD12, 0xAD12, 0xB532, 0x9C90, 0x9C70, 0xB553, 0xAD12, 0xB532, 0xB553,
  0xB553, 0xAD32, 0xA4B1, 0x8C0E, 0x8C0E, 0xA4F2, 0x8BCA, 0xB402, 0xBC64, 0xBC84, 0x9BA3, 0x9342,
  0x41C2, 0x08A4, 0x41C2, 0xEDA6, 0xB486, 0xA3A2, 0x5A21, 0x0000, 0x0041, 0x0021, 0x0021, 0x0021,
  0x0021, 0x0021, 0x0021, 0x0021, 0x0021, 0x0021, 0x0021, 0x0021, 0x0021, 0x0021, 0x0021, 0x0021,
  0x0021, 0x0021, 0x0021, 0x0021, 0x0021, 0x0021, 0x0021, 0x0021, 0x0021, 0x0021, 0x0021, 0x0021,
  0x0021, 0x0021, 0x0021, 0x0021, 0x0021, 0x0021, 0x0021, 0x0021, 0x0021, 0x0021, 0x0021, 0x0021,
  0x0021, 0x0021, 0x0021, 0x0021, 0x0021, 0x0021, 0x0021, 0x0021, 0x0021, 0x0021, 0x0021, 0x0021,
  0x0021, 0x0021, 0x0021, 0x0021, 0x0021, 0x0021, 0x0021, 0x0021, 0x0021, 0x0021, 0x0021, 0x0021,
  0x0021, 0x0021, 0x0021, 0x0841, 0x2921, 0x6221, 0x8302, 0x9342, 0xB423, 0xABC3, 0xA3A2, 0x9B82,
  0x9BC4, 0xBCA6, 0xD568, 0xD588, 0xB487, 0x7B25, 0x4205, 0x41C4, 0x3984, 0x31A7, 0x41E7, 0x41E7,
  0x39E7, 0x39C6, 0x2985, 0x2945, 0x2145, 0x2145, 0x2965, 0x2965, 0x2945, 0x2945, 0x2945, 0x2965,
  0x2945, 0x2945, 0x2945, 0x2945, 0x2124, 0x18E4, 0x18E3, 0x2124, 0x39C6, 0x5A88, 0x5A88, 0x734B,
  0x7BAD, 0x83EE, 0x9C6D, 0xC52C, 0xDD88, 0xE5A6, 0xDD66, 0xBCC8, 0xA48C, 0x83ED, 0x9450, 0xAD33,
  0xB553, 0xB532, 0xAD32, 0xB532, 0xB532, 0xAD32, 0xAD12, 0xAD12, 0xB532, 0xACF2, 0x942F, 0xAD32,
  0xAD12, 0xB533, 0xB553, 0xB533, 0xAD32, 0xB532, 0xB532, 0xB532, 0xAD12, 0x946F, 0x5A87, 0x8303,
  0xA3C2, 0xB423, 0x9B83, 0x9B61, 0x41A3, 0x18C2, 0xC484, 0xD527, 0x9BA3, 0x8302, 0x0020, 0x0021,
  0x0021, 0x0021, 0x0021, 0x0021, 0x0021, 0x0021, 0x0021, 0x0021, 0x0021, 0x0021, 0x0021, 0x0021,
  0x0021, 0x0021, 0x0021, 0x0021, 0x0021, 0x0021, 0x0021, 0x0021, 0x0021, 0x0021, 0x0021, 0x0021,
  0x0021, 0x0021, 0x0021, 0x0021, 0x0021, 0x0021, 0x0021, 0x0021, 0x0021, 0x0021, 0x0021, 0x0021,
  0x0021, 0x0021, 0x0021, 0x0021, 0x0021, 0x0021, 0x0021, 0x0021, 0x0021, 0x0021, 0x0021, 0x0021,
  0x0021, 0x0021, 0x0021, 0x0021, 0x0021, 0x0021, 0x0021, 0x0021, 0x0021, 0x0021, 0x0021, 0x0021,
  0x0021, 0x0021, 0x0021, 0x0021, 0x0021, 0x0021, 0x0021, 0x0021, 0x0001, 0x0000, 0x0841, 0x3121,
  0x6242, 0x8B22, 0xABE3, 0xB423, 0xABE3, 0xA3A2, 0x9B82, 0x9BA3, 0xAC45, 0xCD27, 0xDDA9, 0xB487,
  0x7305, 0x4A26, 0x3186, 0x2966, 0x31C7, 0x39E7, 0x41E7, 0x39E7, 0x39C7, 0x31A6, 0x2965, 0x2945,
  0x2945, 0x2945, 0x2965, 0x2965, 0x2945, 0x2945, 0x2945, 0x2945, 0x2945, 0x2965, 0x2965, 0x2125,
  0x1904, 0x18E3, 0x2124, 0x41C6, 0x5247, 0x62C9, 0x734B, 0x7B8D, 0x83CE, 0x9C6D, 0xBD0B, 0xDD88,
  0xDD65, 0xD526, 0xC508, 0xA46C, 0xA4B0, 0xA4F2, 0xAD33, 0xB533, 0xAD12, 0xAD12, 0xAD12, 0xB532,
  0xB532, 0x8C0E, 0xAD12, 0xB532, 0xB532, 0xB532, 0xAD12, 0xB532, 0xB532, 0xAD32, 0xB532, 0xACF2,
  0xAD12, 0x942F, 0xA4D1, 0x9CB1, 0x83AC, 0x7B27, 0x72C4, 0x82E1, 0x28E1, 0x8B23, 0xE587, 0x9BA4,
  0xA3A2, 0x18A1, 0x0001, 0x0041, 0x0021, 0x0021, 0x0021, 0x0021, 0x0021, 0x0021, 0x0021, 0x0021,
  0x0021, 0x0021, 0x0021, 0x0021, 0x0021, 0x0021, 0x0021, 0x0021, 0x0021, 0x0021, 0x0021, 0x0021,
  0x0021, 0x0021, 0x0021, 0x0021, 0x0021, 0x0021, 0x0021, 0x0021, 0x0021, 0x0021, 0x0021, 0x0021,
  0x0021, 0x0021, 0x0021, 0x0021, 0x0021, 0x0021, 0x0021, 0x0021, 0x0021, 0x0021, 0x0021, 0x0021,
  0x0021, 0x0021, 0x0021, 0x0021, 0x0021, 0x0021, 0x0021, 0x0021, 0x0021, 0x0021, 0x0021, 0x0021,
  0x0021, 0x0021, 0x0021, 0x0021, 0x0021, 0x0021, 0x0021, 0x0021, 0x0021, 0x0021, 0x0021, 0x0021,
  0x0041, 0x0841, 0x0021, 0x0001, 0x0000, 0x0840, 0x2901, 0x5A21, 0x8B42, 0xABE3, 0xB403, 0xABC2,
  0x9B82, 0x9BA2, 0xA3C4, 0xAC45, 0xCD28, 0xD5A9, 0xBCA7, 0x8366, 0x5225, 0x3186, 0x2986, 0x31C7,
  0x39E7, 0x41E7, 0x39E7, 0x31C7, 0x2966, 0x2965, 0x2145, 0x2145, 0x2965, 0x2965, 0x2965, 0x2945,
  0x2945, 0x2945, 0x2965, 0x2965, 0x2965, 0x2965, 0x2145, 0x18E4, 0x18C3, 0x2124, 0x41C6, 0x5A88,
  0x732A, 0x736C, 0x736D, 0x83CE, 0x83AA, 0xBD0B, 0xDD88, 0xEDA6, 0xDD66, 0xC509, 0xACAC, 0x9C90,
  0xA4D2, 0xAD13, 0xB532, 0xB553, 0x9C90, 0x9C90, 0xB532, 0xB532, 0xB533, 0xB532, 0xAD12, 0xAD12,
  0xAD32, 0xAD32, 0xAD32, 0xB553, 0x946F, 0x9C70, 0xB553, 0xB532, 0xB553, 0xAD12, 0xA4F2, 0x734B,
  0x8B43, 0xCCC5, 0x9BC5, 0xA3A2, 0x4181, 0x0001, 0x0041, 0x0021, 0x0021, 0x0021, 0x0021, 0x0021,
  0x0021, 0x0021, 0x0021, 0x0021, 0x0021, 0x0021, 0x0021, 0x0021, 0x0021, 0x0021, 0x0021, 0x0021,
  0x0021, 0x0021, 0x0021, 0x0021, 0x0021, 0x0021, 0x0021, 0x0021, 0x0021, 0x0021, 0x0021, 0x0021,
  0x0021, 0x0021, 0x0021, 0x0021, 0x0021, 0x0021, 0x0021, 0x0021, 0x0021, 0x0021, 0x0021, 0x0021,
  0x0021, 0x0021, 0x0021, 0x0021, 0x0021, 0x0021, 0x0021, 0x0021, 0x0021, 0x0021, 0x0021, 0x0021,
  0x0021, 0x0021, 0x0021, 0x0021, 0x0021, 0x0021, 0x0021, 0x0021, 0x0021, 0x0021, 0x0021, 0x0021,
  0x0021, 0x0021, 0x0021, 0x0021, 0x0021, 0x0021, 0x0021, 0x0041, 0x0841, 0x0021, 0x0001, 0x0000,
  0x0840, 0x2901, 0x5A21, 0x8B22, 0xAC03, 0xAC03, 0x8B43, 0x7AE2, 0x9B82, 0x9BA3, 0xAC45, 0xCD27,
  0xD568, 0xBCC7, 0x8B86, 0x5246, 0x3186, 0x2966, 0x2987, 0x5A66, 0x8B65, 0x31A6, 0x39C6, 0x3186,
  0x2965, 0x2945, 0x2145, 0x2945, 0x2945, 0x2965, 0x2965, 0x2965, 0x2945, 0x2965, 0x2945, 0x2965,
  0x2965, 0x2145, 0x2104, 0x18E4, 0x2124, 0x39C6, 0x5A68, 0x62C9, 0x5A89, 0x736C, 0x83CD, 0x9C6D,
  0xBD0B, 0xDD88, 0xE5A6, 0xDD46, 0xC4E8, 0xA48C, 0xA4B0, 0x9470, 0x8C0F, 0xBD74, 0xB532, 0xAD32,
  0xB532, 0xAD12, 0xB533, 0xB532, 0xAD32, 0xAD32, 0xB532, 0xACF1, 0x944F, 0xB532, 0xAD12, 0xAD12,
  0xB532, 0xB532, 0xAD12, 0x8BC8, 0xDD46, 0x9C06, 0x9362, 0x6A81, 0x0000, 0x0041, 0x0021, 0x0021,
  0x0021, 0x0021, 0x0021, 0x0021, 0x0021, 0x0021, 0x0021, 0x0021, 0x0021, 0x0021, 0x0021, 0x0021,
  0x0021, 0x0021, 0x0021, 0x0021, 0x0021, 0x0021, 0x0021, 0x0021, 0x0021, 0x0021, 0x0021, 0x0021,
  0x0021, 0x0021, 0x0021, 0x0021, 0x0021, 0x0021, 0x0021, 0x0021, 0x0021, 0x0021, 0x0021, 0x0021,
  0x0021, 0x0021, 0x0021, 0x0021, 0x0021, 0x0021, 0x0021, 0x0021, 0x0021, 0x0021, 0x0021, 0x0021,
  0x0021, 0x0021, 0x0021, 0x0021, 0x0021, 0x0021, 0x0021, 0x0021, 0x0021, 0x0021, 0x0021, 0x0021,
  0x0021, 0x0021, 0x0021, 0x0021, 0x0021, 0x0021, 0x0021, 0x0021, 0x0021, 0x0021, 0x0021, 0x0021,
  0x0021, 0x0021, 0x0041, 0x0041, 0x0021, 0x0001, 0x0000, 0x0020, 0x2901, 0x5A22, 0x7AC2, 0x9362,
  0xB423, 0xABC2, 0x9BA2, 0x9362, 0x9BA4, 0xB465, 0xCD47, 0xD588, 0xC4E7, 0x8B85, 0x4A05, 0x41C5,
  0x41C4, 0x3186, 0x41E7, 0x39E7, 0x39E7, 0x39C6, 0x3186, 0x2965, 0x2945, 0x2945, 0x2965, 0x2965,
  0x2965, 0x2945, 0x2945, 0x2945, 0x2965, 0x2965, 0x2965, 0x2965, 0x2125, 0x1904, 0x18E3, 0x2124,
  0x3164, 0x5267, 0x6AEA, 0x734C, 0x738D, 0x83CD, 0x9C6D, 0xBD0B, 0xDD89, 0xEDA6, 0xDD46, 0xAC47,
  0xA46B, 0x9C8F, 0xA4F3, 0xAD12, 0xB533, 0xB532, 0xAD12, 0xB532, 0xAD12, 0xAD12, 0xB532, 0x8C0E,
  0xAD32, 0xAD32, 0xAD12, 0xB532, 0xB532, 0xB533, 0x83CB, 0xDD45, 0xC4E7, 0x9363, 0x8B42, 0x0840,
  0x0021, 0x0041, 0x0021, 0x0021, 0x0021, 0x0021, 0x0021, 0x0021, 0x0021, 0x0021, 0x0021, 0x0021,
  0x0021, 0x0021, 0x0021, 0x0021, 0x0021, 0x0021, 0x0041, 0x0021, 0x0021, 0x0021, 0x0021, 0x0021,
  0x0021, 0x0021, 0x0021, 0x0021, 0x0021, 0x0021, 0x0021, 0x0021, 0x0021, 0x0021, 0x0021, 0x0021,
  0x0021, 0x0021, 0x0021, 0x0021, 0x0021, 0x0021, 0x0021, 0x0021, 0x0021, 0x0021, 0x0021, 0x0021,
  0x0021, 0x0021, 0x0021, 0x0021, 0x0021, 0x0021, 0x0021, 0x0021, 0x0021, 0x0021, 0x0021, 0x0021,
  0x0021, 0x0021, 0x0021, 0x0021, 0x0021, 0x0021, 0x0021, 0x0021, 0x0021, 0x0021, 0x0021, 0x0021,
  0x0021, 0x0021, 0x0021, 0x0021, 0x0021, 0x0021, 0x0021, 0x0021, 0x0021, 0x0041, 0x0841, 0x0021,
  0x0001, 0x0000, 0x0840, 0x2901, 0x5201, 0x8B22, 0xABE3, 0xB423, 0xAC03, 0xA3A2, 0x9B82, 0x9BA3,
  0xB445, 0xC507, 0xDD88, 0xC4E8, 0x8345, 0x5245, 0x3186, 0x2986, 0x31C7, 0x39E7, 0x4207, 0x4207,
  0x39C7, 0x31A6, 0x2965, 0x2945, 0x2945, 0x2945, 0x2965, 0x2965, 0x2965, 0x2965, 0x2945, 0x2945,
  0x2965, 0x2965, 0x2965, 0x2145, 0x1904, 0x18E3, 0x2124, 0x39A5, 0x5268, 0x6AEA, 0x732B, 0x736D,
  0x83CE, 0x9C6D, 0xA449, 0xD547, 0xEDA6, 0xDD45, 0xC4E8, 0xACAC, 0xA4B0, 0xA4F2, 0xAD12, 0xB533,
  0xB532, 0xB532, 0x942E, 0xA4B1, 0xB532, 0xAD12, 0xB532, 0xB532, 0xBD73, 0x8C0E, 0xBCA5, 0xE5A8,
  0x9384, 0xA3A2, 0x20E1, 0x0001, 0x0041, 0x0021, 0x0021, 0x0021, 0x0021, 0x0021, 0x0021, 0x0021,
  0x0021, 0x0021, 0x0021, 0x0021, 0x0021, 0x0021, 0x0021, 0x0021, 0x0021, 0x0021, 0x0021, 0x0021,
  0x0021, 0x0021, 0x0021, 0x0041, 0x0021, 0x0021, 0x0021, 0x0021, 0x0021, 0x0021, 0x0021, 0x0021,
  0x0021, 0x0021, 0x0021, 0x0021, 0x0021, 0x0021, 0x0021, 0x0021, 0x0021, 0x0021, 0x0021, 0x0021,
  0x0021, 0x0021, 0x0021, 0x0021, 0x0021, 0x0021, 0x0021, 0x0021, 0x0021, 0x0021, 0x0021, 0x0021,
  0x0021, 0x0021, 0x0021, 0x0021, 0x0021, 0x0021, 0x0021, 0x0021, 0x0021, 0x0021, 0x0021, 0x0021,
  0x0021, 0x0021, 0x0041, 0x0021, 0x0021, 0x0021, 0x0021, 0x0021, 0x0021, 0x0021, 0x0021, 0x0021,
  0x0021, 0x0021, 0x0021, 0x0021, 0x0041, 0x0041, 0x0021, 0x0001, 0x0000, 0x0020, 0x20E1, 0x5201,
  0x8B22, 0xABE3, 0xB423, 0xAC03, 0xA3A2, 0x9BA3, 0xA3E4, 0xAC25, 0xCD07, 0xDDA8, 0xC508, 0x8BA6,
  0x5225, 0x3186, 0x2987, 0x39C7, 0x41E7, 0x41E7, 0x39C7, 0x39E7, 0x3186, 0x2145, 0x2945, 0x2145,
  0x2145, 0x2945, 0x2965, 0x2965, 0x2945, 0x2965, 0x2945, 0x2945, 0x2945, 0x2145, 0x2124, 0x1904,
  0x18E3, 0x2124, 0x39A5, 0x5267, 0x6AEA, 0x62EA, 0x62EB, 0x83EE, 0x9C6D, 0xBD0B, 0xDD68, 0xEDA6,
  0xDD46, 0xC4C8, 0xACAC, 0xA4AF, 0xA4D2, 0x9C90, 0x944F, 0xB532, 0xAD12, 0xAD12, 0xB532, 0xB553,
  0x9CB1, 0x9BE7, 0xF608, 0x9C06, 0xABC2, 0x49C1, 0x0000, 0x0841, 0x0021, 0x0021, 0x0021, 0x0021,
  0x0021, 0x0021, 0x0021, 0x0021, 0x0021, 0x0021, 0x0021, 0x0021, 0x0021, 0x0021, 0x0021, 0x0021,
  0x0021, 0x0021, 0x0021, 0x0021, 0x0021, 0x0021, 0x0021, 0x0021, 0x0021, 0x0021, 0x0021, 0x0021,
  0x0021, 0x0021, 0x0021, 0x0021, 0x0021, 0x0021, 0x0021, 0x0021, 0x0021, 0x0021, 0x0021, 0x0021,
  0x0021, 0x0021, 0x0021, 0x0021, 0x0021, 0x0021, 0x0021, 0x0021, 0x0021, 0x0021, 0x0021, 0x0021,
  0x0021, 0x0021, 0x0021, 0x0021, 0x0021, 0x0021, 0x0021, 0x0021, 0x0021, 0x0021, 0x0021, 0x0021,
  0x0021, 0x0021, 0x0021, 0x0021, 0x0021, 0x0021, 0x0021, 0x0021, 0x0021, 0x0021, 0x0021, 0x0021,
  0x0021, 0x0021, 0x0021, 0x0021, 0x0021, 0x0021, 0x0021, 0x0021, 0x0021, 0x0021, 0x0021, 0x0041,
  0x0841, 0x0021, 0x0001, 0x0000, 0x0020, 0x20E1, 0x5202, 0x8B22, 0xABE3, 0xB423, 0x9383, 0x8303,
  0x8B22, 0xA3E4, 0xB465, 0xCD27, 0xD568, 0xBCC7, 0x8B86, 0x5246, 0x3186, 0x2986, 0x31A7, 0x39E7,
  0x5246, 0x6AC6, 0x31A6, 0x3186, 0x2965, 0x2945, 0x2145, 0x2145, 0x2945, 0x2965, 0x2945, 0x2945,
  0x2945, 0x2145, 0x2945, 0x2965, 0x2965, 0x2145, 0x2104, 0x1904, 0x2124, 0x3185, 0x4A27, 0x6B0A,
  0x6B2B, 0x7B8D, 0x7BCE, 0x942C, 0xBCEB, 0xDD89, 0xEDC7, 0xCCE5, 0xBCA7, 0x93C9, 0x9C8F, 0xA4D1,
  0xAD12, 0xB553, 0xB552, 0xACF2, 0x8388, 0xEDA6, 0xB487, 0x9BA3, 0x72C2, 0x0000, 0x0021, 0x0021,
  0x0021, 0x0021, 0x0021, 0x0021, 0x0021, 0x0021, 0x0021, 0x0021, 0x0021, 0x0021, 0x0021, 0x0021,
  0x0021, 0x0021, 0x0021, 0x0021, 0x0021, 0x0021, 0x0021, 0x0021, 0x0021, 0x0021, 0x0021, 0x0021,
  0x0021, 0x0021, 0x0021, 0x0021, 0x0021, 0x0021, 0x0021, 0x0021, 0x0021, 0x0021, 0x0021, 0x0021,
  0x0021, 0x0021, 0x0021, 0x0021, 0x0021, 0x0021, 0x0021, 0x0021, 0x0021, 0x0021, 0x0021, 0x0021,
  0x0021, 0x0021, 0x0021, 0x0021, 0x0021, 0x0021, 0x0021, 0x0021, 0x0021, 0x0021, 0x0021, 0x0021,
  0x0021, 0x0021, 0x0021, 0x0021, 0x0021, 0x0021, 0x0021, 0x0021, 0x0021, 0x0021, 0x0021, 0x0021,
  0x0021, 0x0021, 0x0021, 0x0021, 0x0021, 0x0021, 0x0021, 0x0021, 0x0021, 0x0021, 0x0021, 0x0021,
  0x0021, 0x0021, 0x0021, 0x0021, 0x0021, 0x0021, 0x0041, 0x0841, 0x0021, 0x0001, 0x0000, 0x0020,
  0x20E1, 0x5A01, 0x7AC2, 0x8B02, 0xB423, 0xABE3, 0x9B82, 0x9362, 0x9BA3, 0xB486, 0xCD27, 0xD568,
  0xC508, 0x8BA6, 0x5225, 0x2965, 0x41C4, 0x6A83, 0x31A6, 0x41E7, 0x39E7, 0x39C7, 0x3186, 0x2965,
  0x2945, 0x2145, 0x2945, 0x2965, 0x2945, 0x2945, 0x2945, 0x2945, 0x2945, 0x2945, 0x2965, 0x2965,
  0x2145, 0x2104, 0x18E3, 0x2104, 0x39A6, 0x5247, 0x62C9, 0x6B2B, 0x736D, 0x83EE, 0x83AB, 0xACAA,
  0xDD68, 0xEDC7, 0xDD66, 0xC508, 0xAC8B, 0x9C6F, 0xAD12, 0x7BAC, 0xCD06, 0xD548, 0x9363, 0x9362,
  0x1060, 0x0021, 0x0041, 0x0021, 0x0021, 0x0021, 0x0021, 0x0021, 0x0021, 0x0021, 0x0021, 0x0021,
  0x0021, 0x0021, 0x0021, 0x0021, 0x0021, 0x0021, 0x0021, 0x0021, 0x0021, 0x0021, 0x0021, 0x0021,
  0x0021, 0x0021, 0x0021, 0x0021, 0x0021, 0x0021, 0x0021, 0x0021, 0x0021, 0x0021, 0x0041, 0x0021,
  0x0021, 0x0021, 0x0021, 0x0021, 0x0021, 0x0021, 0x0021, 0x0021, 0x0021, 0x0021, 0x0021, 0x0021,
  0x0021, 0x0021, 0x0021, 0x0021, 0x0021, 0x0021, 0x0021, 0x0021, 0x0021, 0x0021, 0x0021, 0x0021,
  0x0021, 0x0021, 0x0021, 0x0021, 0x0021, 0x0021, 0x0021, 0x0021, 0x0021, 0x0021, 0x0021, 0x0021,
  0x0021, 0x0021, 0x0021, 0x0021, 0x0021, 0x0021, 0x0021, 0x0021, 0x0021, 0x0021, 0x0021, 0x0021,
  0x0021, 0x0021, 0x0021, 0x0021, 0x0021, 0x0021, 0x0021, 0x0021, 0x0021, 0x0021, 0x0021, 0x0021,
  0x0021, 0x0041, 0x0841, 0x0021, 0x0001, 0x0000, 0x0820, 0x2901, 0x6222, 0x8B22, 0xA3C2, 0xAC03,
  0xABE3, 0xA3A2, 0x9B62, 0x9BA3, 0xB465, 0xC507, 0xD568, 0xBCE7, 0x8366, 0x39A4, 0x3165, 0x2986,
  0x31A7, 0x39C7, 0x41E7, 0x41E7, 0x39E7, 0x31A6, 0x2965, 0x2145, 0x2125, 0x2145, 0x2945, 0x2945,
  0x2965, 0x2965, 0x2945, 0x2945, 0x2965, 0x2965, 0x2945, 0x2145, 0x2104, 0x18E3, 0x2124, 0x39A6,
  0x4A27, 0x62C9, 0x5AA9, 0x6B2C, 0x7BCD, 0x9C6E, 0xBD0B, 0xDD89, 0xEDC7, 0xE585, 0x93E7, 0xAC25,
  0xEE08, 0x9384, 0xA3A2, 0x3121, 0x0001, 0x0041, 0x0021, 0x0021, 0x0021, 0x0021, 0x0021, 0x0021,
  0x0021, 0x0021, 0x0021, 0x0021, 0x0021, 0x0021, 0x0021, 0x0021, 0x0021, 0x0021, 0x0021, 0x0021,
  0x0021, 0x0021, 0x0021, 0x0021, 0x0021, 0x0021, 0x0021, 0x0021, 0x0021, 0x0021, 0x0021, 0x0021,
  0x0021, 0x0021, 0x0021, 0x0021, 0x0021, 0x0021, 0x0021, 0x0021, 0x0021, 0x0021, 0x0021, 0x0021,
  0x0021, 0x0021, 0x0021, 0x0021, 0x0021, 0x0021, 0x0021, 0x0021, 0x0021, 0x0021, 0x0021, 0x0041,
  0x0021, 0x0021, 0x0021, 0x0021, 0x0021, 0x0021, 0x0021, 0x0021, 0x0021, 0x0021, 0x0021, 0x0021,
  0x0021, 0x0021, 0x0021, 0x0021, 0x0021, 0x0021, 0x0021, 0x0021, 0x0021, 0x0021, 0x0021, 0x0021,
  0x0021, 0x0021, 0x0021, 0x0021, 0x0021, 0x0021, 0x0021, 0x0021, 0x0021, 0x0021, 0x0021, 0x0021,
  0x0021, 0x0021, 0x0021, 0x0021, 0x0021, 0x0021, 0x0021, 0x0021, 0x0041, 0x0841, 0x0021, 0x0001,
  0x0000, 0x0020, 0x20E1, 0x5A21, 0x8B22, 0xABE3, 0xB403, 0xABE3, 0xA382, 0x9342, 0x9BA4, 0xB486,
  0xCD07, 0xD567, 0xC508, 0x8BA7, 0x4A25, 0x2965, 0x2966, 0x39C7, 0x41E7, 0x41E7, 0x39E7, 0x39C7,
  0x3186, 0x2145, 0x2125, 0x2145, 0x2965, 0x2965, 0x2965, 0x2965, 0x2965, 0x2945, 0x2945, 0x2945,
  0x2965, 0x2965, 0x2145, 0x1904, 0x18C3, 0x2124, 0x3165, 0x4A27, 0x6B0A, 0x6B2B, 0x736D, 0x7BAD,
  0x9C6E, 0xBD0B, 0x9BE4, 0xCD06, 0xA405, 0xA3A2, 0x5A01, 0x0000, 0x0841, 0x0021, 0x0021, 0x0021,
  0x0021, 0x0021, 0x0021, 0x0021, 0x0021, 0x0021, 0x0021, 0x0021, 0x0021, 0x0021, 0x0021, 0x0021,
  0x0021, 0x0021, 0x0021, 0x0021, 0x0021, 0x0021, 0x0021, 0x0021, 0x0021, 0x0021, 0x0021, 0x0021,
  0x0021, 0x0021, 0x0021, 0x0021, 0x0041, 0x0021, 0x0021, 0x0021, 0x0021, 0x0021, 0x0021, 0x0021,
  0x0021, 0x0021, 0x0021, 0x0021, 0x0021, 0x0021, 0x0021, 0x0021, 0x0021, 0x0021, 0x0021, 0x0021,
  0x0021, 0x0021, 0x0021, 0x0021, 0x0021, 0x0021, 0x0021, 0x0021, 0x0021, 0x0021, 0x0021, 0x0021,
  0x0021, 0x0021, 0x0021, 0x0021, 0x0021, 0x0021, 0x0021, 0x0021, 0x0021, 0x0021, 0x0021, 0x0021,
  0x0021, 0x0021, 0x0021, 0x0021, 0x0021, 0x0021, 0x0021, 0x0021, 0x0021, 0x0021, 0x0021, 0x0021,
  0x0021, 0x0021, 0x0021, 0x0021, 0x0021, 0x0021, 0x0021, 0x0041, 0x0021, 0x0021, 0x0021, 0x0021,
  0x0021, 0x0021, 0x0021, 0x0041, 0x0041, 0x0021, 0x0001, 0x0000, 0x0020, 0x28E1, 0x5A01, 0x8B22,
  0xABE3, 0xAC03, 0xABE2, 0x8B42, 0x8343, 0x9BA3, 0xB486, 0xCD27, 0xD547, 0xBCC7, 0x8B86, 0x5246,
  0x3186, 0x2966, 0x31A7, 0x4207, 0x39E7, 0x5267, 0x4206, 0x31A6, 0x2965, 0x2145, 0x2145, 0x2945,
  0x2945, 0x2965, 0x2965, 0x2945, 0x2965, 0x2945, 0x2145, 0x2945, 0x2965, 0x2145, 0x1904, 0x18E3,
  0x2124, 0x39A5, 0x5247, 0x6AEA, 0x6B2B, 0x5AAA, 0xAC45, 0xAC86, 0x9362, 0x7AE2, 0x0020, 0x0021,
  0x0021, 0x0021, 0x0021, 0x0021, 0x0021, 0x0021, 0x0021, 0x0021, 0x0021, 0x0021, 0x0021, 0x0021,
  0x0021, 0x0021, 0x0021, 0x0021, 0x0021, 0x0021, 0x0021, 0x0021, 0x0021, 0x0021, 0x0021, 0x0021,
  0x0021, 0x0021, 0x0021, 0x0021, 0x0021, 0x0021, 0x0021, 0x0021, 0x0021, 0x0021, 0x0021, 0x0021,
  0x0021, 0x0021, 0x0021, 0x0021, 0x0021, 0x0021, 0x0021, 0x0021, 0x0021, 0x0021, 0x0021, 0x0021,
  0x0021, 0x0021, 0x0021, 0x0021, 0x0021, 0x0021, 0x0021, 0x0021, 0x0021, 0x0021, 0x0021, 0x0021,
  0x0021, 0x0021, 0x0021, 0x0021, 0x0021, 0x0021, 0x0021, 0x0021, 0x0021, 0x0021, 0x0021, 0x0021,
  0x0021, 0x0021, 0x0021, 0x0021, 0x0021, 0x0021, 0x0021, 0x0021, 0x0021, 0x0021, 0x0021, 0x0021,
  0x0021, 0x0021, 0x0021, 0x0021, 0x0021, 0x0021, 0x0021, 0x0021, 0x0021, 0x0021, 0x0021, 0x0041,
  0x0021, 0x0021, 0x0021, 0x0021, 0x0021, 0x0021, 0x0021, 0x0021, 0x0021, 0x0021, 0x0041, 0x0041,
  0x0021, 0x0001, 0x0000, 0x0020, 0x2901, 0x5A01, 0x8B42, 0x9362, 0x9362, 0xABE2, 0x9B82, 0x9342,
  0x9BA3, 0xB486, 0xCD47, 0xD568, 0xC4E8, 0x8B86, 0x5225, 0x3186, 0x2126, 0x8344, 0x6285, 0x39E7,
  0x39E7, 0x39C6, 0x31A6, 0x2965, 0x2145, 0x2145, 0x2945, 0x2965, 0x2965, 0x2965, 0x2145, 0x2145,
  0x2945, 0x2945, 0x2945, 0x2945, 0x2145, 0x1904, 0x18E3, 0x2124, 0x39A6, 0x39A4, 0x8B21, 0x9362,
  0x9362, 0x18A0, 0x0001, 0x0041, 0x0021, 0x0021, 0x0021, 0x0021, 0x0021, 0x0021, 0x0021, 0x0021,
  0x0021, 0x0021, 0x0021, 0x0021, 0x0021, 0x0021, 0x0021, 0x0021, 0x0021, 0x0021, 0x0021, 0x0021,
  0x0021, 0x0021, 0x0021, 0x0021, 0x0021, 0x0021, 0x0021, 0x0021, 0x0021, 0x0021, 0x0021, 0x0021,
  0x0021, 0x0021, 0x0021, 0x0021, 0x0021, 0x0021, 0x0021, 0x0021, 0x0021, 0x0021, 0x0021, 0x0021,
  0x0021, 0x0021, 0x0021, 0x0021, 0x0021, 0x0021, 0x0021, 0x0021, 0x0021, 0x0021, 0x0021, 0x0041,
  0x0021, 0x0021, 0x0021, 0x0021, 0x0021, 0x0021, 0x0021, 0x0021, 0x0021, 0x0021, 0x0021, 0x0021,
  0x0021, 0x0021, 0x0021, 0x0021, 0x0021, 0x0021, 0x0021, 0x0021, 0x0021, 0x0021, 0x0021, 0x0021,
  0x0021, 0x0021, 0x0021, 0x0021, 0x0021, 0x0021, 0x0021, 0x0021, 0x0021, 0x0021, 0x0021, 0x0021,
  0x0021, 0x0041, 0x0021, 0x0021, 0x0021, 0x0021, 0x0021, 0x0021, 0x0021, 0x0021, 0x0021, 0x0021,
  0x0021, 0x0021, 0x0021, 0x0021, 0x0021, 0x0041, 0x0841, 0x0021, 0x0001, 0x0000, 0x0840, 0x2901,
  0x5A21, 0x8B42, 0xA3C3, 0xAC03, 0xABE3, 0xA3A2, 0x9362, 0x9BA3, 0xB466, 0xD547, 0xDD88, 0xBCA6,
  0x8345, 0x49E4, 0x2945, 0x2986, 0x31C7, 0x39E7, 0x41E7, 0x39E7, 0x39E7, 0x31A6, 0x2965, 0x2145,
  0x2145, 0x2945, 0x2945, 0x2965, 0x2945, 0x2945, 0x2945, 0x2145, 0x2945, 0x2965, 0x2965, 0x2145,
  0x2103, 0x9BC4, 0x7B03, 0x9B82, 0x3961, 0x0000, 0x0041, 0x0021, 0x0021, 0x0021, 0x0021, 0x0021,
  0x0021, 0x0021, 0x0021, 0x0021, 0x0021, 0x0021, 0x0021, 0x0021, 0x0021, 0x0021, 0x0021, 0x0021,
  0x0021, 0x0021, 0x0021, 0x0021, 0x0021, 0x0021, 0x0021, 0x0021, 0x0021, 0x0021, 0x0021, 0x0021,
  0x0021, 0x0021, 0x0021, 0x0021, 0x0021, 0x0021, 0x0021, 0x0021, 0x0021, 0x0021, 0x0021, 0x0021,
  0x0021, 0x0021, 0x0021, 0x0021, 0x0021, 0x0021, 0x0021, 0x0021, 0x0021, 0x0021, 0x0021, 0x0021,
  0x0021, 0x0021, 0x0021, 0x0021, 0x0021, 0x0021, 0x0021, 0x0021, 0x0021, 0x0021, 0x0021, 0x0021,
  0x0021, 0x0021, 0x0021, 0x0021, 0x0021, 0x0021, 0x0021, 0x0021, 0x0021, 0x0021, 0x0021, 0x0021,
  0x0021, 0x0021, 0x0021, 0x0021, 0x0021, 0x0021, 0x0021, 0x0021, 0x0021, 0x0021, 0x0021, 0x0021,
  0x0021, 0x0021, 0x0021, 0x0021, 0x0021, 0x0021, 0x0021, 0x0021, 0x0021, 0x0021, 0x0021, 0x0021,
  0x0021, 0x0021, 0x0021, 0x0021, 0x0021, 0x0021, 0x0021, 0x0021, 0x0021, 0x0021, 0x0021, 0x0021,
  0x0041, 0x0841, 0x0021, 0x0001, 0x0000, 0x0840, 0x2901, 0x5A22, 0x8B42, 0xABE3, 0xB403, 0xABE3,
  0x9B82, 0x9B82, 0x9BA4, 0xB466, 0xD547, 0xDD88, 0xBCA7, 0x8B86, 0x4A25, 0x2966, 0x2966, 0x39C7,
  0x41E7, 0x4207, 0x41E7, 0x39C6, 0x3186, 0x2965, 0x2125, 0x2145, 0x2965, 0x2965, 0x2945, 0x2945,
  0x2945, 0x2945, 0x3186, 0x18E4, 0xA446, 0xC4E7, 0x9B82, 0x6A61, 0x0000, 0x0041, 0x0021, 0x0021,
  0x0021, 0x0021, 0x0021, 0x0021, 0x0021, 0x0021, 0x0021, 0x0021, 0x0021, 0x0021, 0x0021, 0x0021,
  0x0021, 0x0021, 0x0021, 0x0021, 0x0021, 0x0021, 0x0021, 0x0021, 0x0021, 0x0021, 0x0021, 0x0021,
  0x0021, 0x0021, 0x0021, 0x0021, 0x0021, 0x0021, 0x0021, 0x0021, 0x0021, 0x0021, 0x0021, 0x0021,
  0x0021, 0x0021, 0x0021, 0x0021, 0x0021, 0x0021, 0x0021, 0x0021, 0x0021, 0x0021, 0x0021, 0x0021,
  0x0021, 0x0021, 0x0021, 0x0021, 0x0021, 0x0021, 0x0021, 0x0021, 0x0021, 0x0021, 0x0021, 0x0021,
  0x0021, 0x0021, 0x0021, 0x0021, 0x0021, 0x0021, 0x0021, 0x0021, 0x0021, 0x0021, 0x0021, 0x0021,
  0x0021, 0x0021, 0x0021, 0x0021, 0x0021, 0x0021, 0x0021, 0x0021, 0x0021, 0x0021, 0x0021, 0x0021,
  0x0021, 0x0021, 0x0021, 0x0021, 0x0021, 0x0021, 0x0021, 0x0021, 0x0021, 0x0021, 0x0021, 0x0021,
  0x0021, 0x0021, 0x0021, 0x0021, 0x0021, 0x0021, 0x0021, 0x0021, 0x0021, 0x0021, 0x0021, 0x0021,
  0x0021, 0x0021, 0x0021, 0x0021, 0x0021, 0x0021, 0x0021, 0x0041, 0x0841, 0x0021, 0x0001, 0x0000,
  0x0840, 0x2901, 0x6222, 0x8B42, 0xABE3, 0xB423, 0xA3E3, 0x9362, 0x9383, 0x93A4, 0xB486, 0xD547,
  0xD568, 0xBCC7, 0x8346, 0x4A26, 0x31A6, 0x2987, 0x31A7, 0x41E7, 0x4207, 0x4207, 0x39C6, 0x2965,
  0x2965, 0x2965, 0x2145, 0x2145, 0x2945, 0x2965, 0x1905, 0x7B25, 0xD588, 0x8B22, 0x8B22, 0x0840,
  0x0021, 0x0021, 0x0021, 0x0021, 0x0021, 0x0021, 0x0021, 0x0021, 0x0021, 0x0021, 0x0021, 0x0021,
  0x0021, 0x0021, 0x0021, 0x0021, 0x0021, 0x0021, 0x0021, 0x0021, 0x0021, 0x0021, 0x0021, 0x0021,
  0x0021, 0x0021, 0x0021, 0x0021, 0x0021, 0x0021, 0x0021, 0x0021, 0x0021, 0x0021, 0x0021, 0x0021,
  0x0021, 0x0021, 0x0021, 0x0021, 0x0021, 0x0021, 0x0021, 0x0021, 0x0021, 0x0021, 0x0021, 0x0021,
  0x0021, 0x0021, 0x0021, 0x0021, 0x0021, 0x0021, 0x0021, 0x0021, 0x0021, 0x0021, 0x0021, 0x0021,
  0x0021, 0x0021, 0x0021, 0x0021, 0x0021, 0x0021, 0x0021, 0x0021, 0x0021, 0x0021, 0x0021, 0x0021,
  0x0021, 0x0021, 0x0021, 0x0021, 0x0021, 0x0021, 0x0041, 0x0021, 0x0021, 0x0021, 0x0021, 0x0021,
  0x0021, 0x0021, 0x0021, 0x0021, 0x0021, 0x0021, 0x0021, 0x0021, 0x0021, 0x0021, 0x0021, 0x0021,
  0x0021, 0x0021, 0x0021, 0x0021, 0x0021, 0x0021, 0x0021, 0x0021, 0x0021, 0x0021, 0x0021, 0x0021,
  0x0021, 0x0021, 0x0021, 0x0021, 0x0021, 0x0021, 0x0021, 0x0021, 0x0021, 0x0021, 0x0021, 0x0021,
  0x0021, 0x0021, 0x0041, 0x0841, 0x0021, 0x0001, 0x0000, 0x0840, 0x2901, 0x5A22, 0x8B42, 0xA3C3,
  0x8B63, 0x9362, 0xA3C2, 0x9362, 0x9B83, 0xB486, 0xD547, 0xD568, 0xBCC7, 0x8366, 0x4A05, 0x3186,
  0x2987, 0x5245, 0x9BA4, 0x3186, 0x4207, 0x39C6, 0x3185, 0x2945, 0x2144, 0x2125, 0x41C4, 0xDDA8,
  0x93A4, 0x9B82, 0x2901, 0x0001, 0x0041, 0x0021, 0x0021, 0x0021, 0x0021, 0x0021, 0x0021, 0x0021,
  0x0021, 0x0021, 0x0021, 0x0021, 0x0021, 0x0021, 0x0021, 0x0021, 0x0021, 0x0021, 0x0021, 0x0021,
  0x0021, 0x0021, 0x0021, 0x0021, 0x0021, 0x0021, 0x0021, 0x0021, 0x0021, 0x0021, 0x0021, 0x0021,
  0x0021, 0x0021, 0x0021, 0x0021, 0x0021, 0x0021, 0x0021, 0x0021, 0x0021, 0x0021, 0x0021, 0x0021,
  0x0021, 0x0021, 0x0021, 0x0021, 0x0021, 0x0021, 0x0021, 0x0021, 0x0021, 0x0021, 0x0021, 0x0021,
  0x0021, 0x0021, 0x0021, 0x0021, 0x0021, 0x0021, 0x0021, 0x0021, 0x0021, 0x0021, 0x0021, 0x0021,
  0x0021, 0x0021, 0x0021, 0x0021, 0x0021, 0x0021, 0x0021, 0x0021, 0x0021, 0x0021, 0x0021, 0x0021,
  0x0021, 0x0021, 0x0021, 0x0021, 0x0021, 0x0021, 0x0021, 0x0021, 0x0021, 0x0021, 0x0021, 0x0021,
  0x0021, 0x0021, 0x0021, 0x0021, 0x0021, 0x0021, 0x0021, 0x0021, 0x0021, 0x0021, 0x0021, 0x0021,
  0x0021, 0x0021, 0x0021, 0x0021, 0x0021, 0x0021, 0x0021, 0x0021, 0x0021, 0x0021, 0x0021, 0x0021,
  0x0021, 0x0021, 0x0021, 0x0021, 0x0021, 0x0021, 0x0021, 0x0021, 0x0021, 0x0041, 0x0841, 0x0021,
  0x0001, 0x0000, 0x0840, 0x2901, 0x5A01, 0x9362, 0xABE3, 0xB403, 0xABE3, 0x9BA2, 0x9BA3, 0x9BC3,
  0xAC45, 0xCD27, 0xD568, 0xB4A7, 0x8386, 0x49E4, 0x3144, 0x2987, 0x31A7, 0x39E7, 0x39E7, 0x41E7,
  0x39C7, 0x2104, 0xC4E7, 0xAC46, 0x9B82, 0x5201, 0x0000, 0x0041, 0x0021, 0x0021, 0x0021, 0x0021,
  0x0021, 0x0021, 0x0021, 0x0021, 0x0021, 0x0021, 0x0021, 0x0021, 0x0021, 0x0021, 0x0021, 0x0021,
  0x0021, 0x0021, 0x0021, 0x0021, 0x0021, 0x0021, 0x0021, 0x0021, 0x0021, 0x0021, 0x0021, 0x0021,
  0x0021, 0x0021, 0x0021, 0x0021, 0x0021, 0x0021, 0x0021, 0x0021, 0x0021, 0x0021, 0x0021, 0x0021,
  0x0021, 0x0021, 0x0021, 0x0021, 0x0021, 0x0021, 0x0021, 0x0021, 0x0021, 0x0021, 0x0021, 0x0021,
  0x0021, 0x0021, 0x0021, 0x0021, 0x0021, 0x0021, 0x0021, 0x0021, 0x0021, 0x0021, 0x0021, 0x0021,
  0x0021, 0x0021, 0x0021, 0x0021, 0x0021, 0x0021, 0x0021, 0x0021, 0x0021, 0x0021, 0x0041, 0x0021,
  0x0021, 0x0021, 0x0021, 0x0041, 0x0021, 0x0021, 0x0021, 0x0021, 0x0021, 0x0021, 0x0021, 0x0021,
  0x0021, 0x0021, 0x0021, 0x0021, 0x0021, 0x0021, 0x0021, 0x0021, 0x0021, 0x0021, 0x0021, 0x0021,
  0x0021, 0x0021, 0x0021, 0x0021, 0x0021, 0x0021, 0x0021, 0x0021, 0x0021, 0x0021, 0x0021, 0x0021,
  0x0021, 0x0021, 0x0021, 0x0021, 0x0021, 0x0021, 0x0021, 0x0021, 0x0021, 0x0021, 0x0021, 0x0021,
  0x0021, 0x0021, 0x0021, 0x0021, 0x0041, 0x0841, 0x0021, 0x0001, 0x0001, 0x0841, 0x2901, 0x5A21,
  0x8B42, 0xABE3, 0xAC03, 0xABE3, 0x9BA2, 0x9362, 0x9BA3, 0xB486, 0xCD47, 0xD547, 0xBCC8, 0x8366,
  0x41E5, 0x2966, 0x3187, 0x39E7, 0x2966, 0x93C6, 0xCD07, 0x9362, 0x7AE2, 0x0000, 0x0021, 0x0021,
  0x0021, 0x0021, 0x0021, 0x0021, 0x0021, 0x0021, 0x0021, 0x0021, 0x0021, 0x0021, 0x0021, 0x0021,
  0x0021, 0x0021, 0x0021, 0x0021, 0x0021, 0x0021, 0x0021, 0x0021, 0x0021, 0x0021, 0x0021, 0x0021,
  0x0021, 0x0021, 0x0021, 0x0021, 0x0021, 0x0021, 0x0021, 0x0021, 0x0021, 0x0021, 0x0021, 0x0021,
  0x0021, 0x0021, 0x0021, 0x0021, 0x0021, 0x0021, 0x0021, 0x0021, 0x0021, 0x0021, 0x0021, 0x0021,
  0x0021, 0x0021, 0x0021, 0x0021, 0x0021, 0x0021, 0x0021, 0x0021, 0x0021, 0x0021, 0x0021, 0x0021,
  0x0021, 0x0041, 0x0021, 0x0021, 0x0021, 0x0021, 0x0021, 0x0021, 0x0021, 0x0021, 0x0021, 0x0021,
  0x0021, 0x0021, 0x0021, 0x0021, 0x0021, 0x0021, 0x0021, 0x0021, 0x0021, 0x0021, 0x0021, 0x0021,
  0x0021, 0x0021, 0x0021, 0x0021, 0x0021, 0x0021, 0x0021, 0x0021, 0x0021, 0x0021, 0x0021, 0x0021,
  0x0021, 0x0021, 0x0021, 0x0021, 0x0021, 0x0021, 0x0021, 0x0021, 0x0021, 0x0021, 0x0021, 0x0021,
  0x0021, 0x0021, 0x0021, 0x0021, 0x0021, 0x0021, 0x0021, 0x0021, 0x0021, 0x0021, 0x0021, 0x0021,
  0x0021, 0x0021, 0x0021, 0x0021, 0x0021, 0x0021, 0x0021, 0x0021, 0x0021, 0x0021, 0x0021, 0x0041,
  0x0841, 0x0021, 0x0001, 0x0000, 0x0020, 0x2901, 0x5A22, 0x9363, 0xABE3, 0xAC03, 0xABE3, 0x9B62,
  0x8B43, 0xA405, 0xB465, 0xCD07, 0xD568, 0xB4A7, 0x7B25, 0x3184, 0x62A4, 0xDDA9, 0x9383, 0x9B62,
  0x18A1, 0x0001, 0x0041, 0x0021, 0x0021, 0x0021, 0x0021, 0x0021, 0x0021, 0x0021, 0x0021, 0x0021,
  0x0021, 0x0021, 0x0021, 0x0021, 0x0021, 0x0021, 0x0021, 0x0021, 0x0021, 0x0021, 0x0021, 0x0021,
  0x0021, 0x0021, 0x0021, 0x0021, 0x0021, 0x0021, 0x0041, 0x0021, 0x0021, 0x0021, 0x0021, 0x0021,
  0x0021, 0x0021, 0x0021, 0x0021, 0x0021, 0x0021, 0x0021, 0x0021, 0x0021, 0x0021, 0x0021, 0x0021,
  0x0021, 0x0021, 0x0021, 0x0021, 0x0021, 0x0021, 0x0021, 0x0021, 0x0021, 0x0021, 0x0021, 0x0021,
  0x0021, 0x0021, 0x0021, 0x0021, 0x0021, 0x0021, 0x0021, 0x0021, 0x0021, 0x0021, 0x0021, 0x0021,
  0x0021, 0x0021, 0x0021, 0x0021, 0x0021, 0x0021, 0x0021, 0x0021, 0x0021, 0x0041, 0x0041, 0x0021,
  0x0021, 0x0021, 0x0021, 0x0021, 0x0021, 0x0021, 0x0021, 0x0021, 0x0021, 0x0021, 0x0021, 0x0021,
  0x0021, 0x0021, 0x0021, 0x0021, 0x0021, 0x0021, 0x0021, 0x0021, 0x0021, 0x0021, 0x0021, 0x0021,
  0x0021, 0x0021, 0x0021, 0x0021, 0x0021, 0x0021, 0x0021, 0x0021, 0x0021, 0x0021, 0x0021, 0x0041,
  0x0021, 0x0021, 0x0021, 0x0021, 0x0021, 0x0021, 0x0021, 0x0021, 0x0021, 0x0021, 0x0021, 0x0021,
  0x0021, 0x0021, 0x0021, 0x0021, 0x0021, 0x0021, 0x0041, 0x0041, 0x0021, 0x0001, 0x0000, 0x0840,
  0x2901, 0x6221, 0x8B22, 0xABE2, 0x9BA3, 0x93A4, 0x8B22, 0x9362, 0xA3E4, 0xB486, 0xCD27, 0xCD27,
  0xDDA8, 0x9BC5, 0xA3A2, 0x3961, 0x0000, 0x0041, 0x0021, 0x0021, 0x0021, 0x0021, 0x0021, 0x0021,
  0x0021, 0x0021, 0x0021, 0x0021, 0x0021, 0x0021, 0x0021, 0x0021, 0x0021, 0x0021, 0x0021, 0x0021,
  0x0021, 0x0021, 0x0021, 0x0021, 0x0021, 0x0021, 0x0021, 0x0021, 0x0021, 0x0021, 0x0021, 0x0021,
  0x0021, 0x0021, 0x0021, 0x0021, 0x0021, 0x0021, 0x0021, 0x0021, 0x0021, 0x0021, 0x0021, 0x0021,
  0x0021, 0x0021, 0x0021, 0x0021, 0x0021, 0x0021, 0x0021, 0x0021, 0x0021, 0x0021, 0x0021, 0x0021,
  0x0021, 0x0021, 0x0021, 0x0021, 0x0021, 0x0021, 0x0021, 0x0021, 0x0021, 0x0021, 0x0021, 0x0021,
  0x0021, 0x0021, 0x0021, 0x0021, 0x0021, 0x0021, 0x0021, 0x0021, 0x0021, 0x0021, 0x0021, 0x0021,
  0x0021, 0x0021, 0x0021, 0x0021, 0x0021, 0x0021, 0x0021, 0x0021, 0x0021, 0x0021, 0x0021, 0x0021,
  0x0021, 0x0021, 0x0021, 0x0021, 0x0021, 0x0021, 0x0021, 0x0021, 0x0021, 0x0021, 0x0021, 0x0021,
  0x0021, 0x0021, 0x0021, 0x0021, 0x0021, 0x0021, 0x0021, 0x0021, 0x0021, 0x0021, 0x0021, 0x0021,
  0x0021, 0x0021, 0x0021, 0x0021, 0x0021, 0x0021, 0x0021, 0x0021, 0x0021, 0x0021, 0x0021, 0x0021,
  0x0021, 0x0021, 0x0021, 0x0021, 0x0021, 0x0021, 0x0021, 0x0021, 0x0021, 0x0021, 0x0021, 0x0021,
  0x0021, 0x0041, 0x0841, 0x0021, 0x0001, 0x0000, 0x0040, 0x2921, 0x5A21, 0x7AC2, 0xABE3, 0xB403,
  0xABE3, 0x9B82, 0x9362, 0xA405, 0x9BC5, 0xA3A2, 0x6241, 0x0000, 0x0041, 0x0021, 0x0021, 0x0021,
  0x0021, 0x0021, 0x0021, 0x0021, 0x0021, 0x0021, 0x0021, 0x0021, 0x0021, 0x0021, 0x0021, 0x0021,
  0x0021, 0x0021, 0x0021, 0x0021, 0x0021, 0x0021, 0x0021, 0x0021, 0x0021, 0x0021, 0x0021, 0x0021,
  0x0021, 0x0021, 0x0021, 0x0021, 0x0021, 0x0021, 0x0021, 0x0021, 0x0021, 0x0021, 0x0021, 0x0021,
  0x0021, 0x0021, 0x0021, 0x0021, 0x0021, 0x0021, 0x0021, 0x0021, 0x0021, 0x0021, 0x0021, 0x0021,
  0x0021, 0x0021, 0x0041, 0x0021, 0x0021, 0x0021, 0x0021, 0x0021, 0x0021, 0x0021, 0x0021, 0x0021,
  0x0021, 0x0021, 0x0021, 0x0021, 0x0021, 0x0021, 0x0021, 0x0021, 0x0021, 0x0021, 0x0021, 0x0021,
  0x0021, 0x0021, 0x0021, 0x0021, 0x0021, 0x0021, 0x0021, 0x0021, 0x0041, 0x0041, 0x0021, 0x0021,
  0x0021, 0x0021, 0x0021, 0x0021, 0x0021, 0x0041, 0x0021, 0x0021, 0x0021, 0x0021, 0x0021, 0x0021,
  0x0021, 0x0021, 0x0021, 0x0021, 0x0021, 0x0021, 0x0021, 0x0021, 0x0021, 0x0021, 0x0021, 0x0021,
  0x0021, 0x0021, 0x0021, 0x0021, 0x0021, 0x0021, 0x0021, 0x0021, 0x0021, 0x0021, 0x0021, 0x0021,
  0x0021, 0x0021, 0x0021, 0x0021, 0x0021, 0x0021, 0x0021, 0x0021, 0x0021, 0x0021, 0x0021, 0x0021,
  0x0021, 0x0021, 0x0021, 0x0021, 0x0021, 0x0021, 0x0041, 0x0021, 0x0041, 0x0841, 0x0021, 0x0001,
  0x0001, 0x0861, 0x3121, 0x6241, 0x8B42, 0xABE3, 0xAC03, 0xA3C2, 0x9342, 0x82E1, 0x0840, 0x0021,
  0x0021, 0x0021, 0x0021, 0x0021, 0x0021, 0x0021, 0x0021, 0x0021, 0x0021, 0x0021, 0x0021, 0x0021,
  0x0021, 0x0021, 0x0021, 0x0021, 0x0021, 0x0021, 0x0021, 0x0021, 0x0021, 0x0021, 0x0021, 0x0021,
  0x0021, 0x0021, 0x0021, 0x0021, 0x0041, 0x0021, 0x0021, 0x0021, 0x0021, 0x0021, 0x0021, 0x0021,
  0x0021, 0x0021, 0x0021, 0x0021, 0x0021, 0x0021, 0x0021, 0x0021, 0x0021, 0x0021, 0x0021, 0x0021,
  0x0021, 0x0021, 0x0021, 0x0021, 0x0021, 0x0021, 0x0021, 0x0021, 0x0021, 0x0021, 0x0021, 0x0021,
  0x0021, 0x0021, 0x0021, 0x0021, 0x0021, 0x0021, 0x0021, 0x0021, 0x0021, 0x0021, 0x0021, 0x0021,
  0x0021, 0x0021, 0x0021, 0x0021, 0x0021, 0x0021, 0x0021, 0x0021, 0x0021, 0x0021, 0x0021, 0x0021,
  0x0021, 0x0041, 0x0021, 0x0021, 0x0021, 0x0021, 0x0021, 0x0021, 0x0021, 0x0041, 0x0021, 0x0041,
  0x0021, 0x0021, 0x0021, 0x0021, 0x0021, 0x0021, 0x0021, 0x0021, 0x0021, 0x0021, 0x0021, 0x0021,
  0x0021, 0x0021, 0x0021, 0x0021, 0x0021, 0x0021, 0x0021, 0x0021, 0x0021, 0x0021, 0x0021, 0x0021,
  0x0021, 0x0021, 0x0021, 0x0021, 0x0021, 0x0021, 0x0021, 0x0021, 0x0021, 0x0021, 0x0021, 0x0021,
  0x0021, 0x0021, 0x0021, 0x0021, 0x0021, 0x0021, 0x0021, 0x0021, 0x0021, 0x0021, 0x0021, 0x0021,
  0x0021, 0x0021, 0x0021, 0x0041, 0x0041, 0x0021, 0x0001, 0x0000, 0x0841, 0x3121, 0x6242, 0x8B42,
  0x8B42, 0x20C0, 0x0001, 0x0041, 0x0021, 0x0021, 0x0021, 0x0021, 0x0021, 0x0021, 0x0021, 0x0021,
  0x0021, 0x0021, 0x0021, 0x0021, 0x0021, 0x0021, 0x0021, 0x0021, 0x0021, 0x0021, 0x0021, 0x0021,
  0x0021, 0x0021, 0x0021, 0x0021, 0x0021, 0x0021, 0x0021, 0x0021, 0x0021, 0x0041, 0x0021, 0x0021,
  0x0021, 0x0021, 0x0021, 0x0021, 0x0021, 0x0021, 0x0021, 0x0021, 0x0021, 0x0021, 0x0021, 0x0021,
  0x0021, 0x0021, 0x0021, 0x0021, 0x0021, 0x0021, 0x0021, 0x0021, 0x0021, 0x0021, 0x0021, 0x0021,
  0x0021, 0x0021, 0x0021, 0x0021, 0x0021, 0x0021, 0x0021, 0x0021, 0x0021, 0x0021, 0x0021, 0x0021,
  0x0021, 0x0021, 0x0021, 0x0021, 0x0021, 0x0021, 0x0021, 0x0021, 0x0021, 0x0021, 0x0021, 0x0021,
  0x0021, 0x0021, 0x0021, 0x0021, 0x0021, 0x0041, 0x0021, 0x0021, 0x0021, 0x0021, 0x0021, 0x0021,
  0x0021, 0x0021, 0x0021, 0x0041, 0x0021, 0x0021, 0x0021, 0x0021, 0x0021, 0x0021, 0x0021, 0x0021,
  0x0021, 0x0021, 0x0021, 0x0021, 0x0021, 0x0021, 0x0021, 0x0021, 0x0021, 0x0021, 0x0021, 0x0021,
  0x0021, 0x0021, 0x0021, 0x0021, 0x0021, 0x0021, 0x0021, 0x0021, 0x0021, 0x0021, 0x0021, 0x0021,
  0x0021, 0x0021, 0x0021, 0x0021, 0x0021, 0x0021, 0x0021, 0x0021, 0x0021, 0x0021, 0x0021, 0x0021,
  0x0021, 0x0021, 0x0021, 0x0041, 0x0021, 0x0021, 0x0021, 0x0021, 0x0021, 0x0021, 0x0041, 0x0841,
  0x0021, 0x0001, 0x0000, 0x0861, 0x18A1, 0x0021, 0x0021, 0x0021, 0x0021, 0x0021, 0x0021, 0x0021,
  0x0021, 0x0021, 0x0021, 0x0021, 0x0021, 0x0021, 0x0021, 0x0021, 0x0021, 0x0021, 0x0021, 0x0021,
  0x0021, 0x0021, 0x0021, 0x0021, 0x0021, 0x0021, 0x0021, 0x0021, 0x0021, 0x0021, 0x0021, 0x0021,
  0x0021, 0x0021, 0x0021, 0x0021, 0x0021, 0x0021, 0x0021, 0x0021, 0x0021, 0x0021, 0x0021, 0x0021,
  0x0021, 0x0021, 0x0021, 0x0021, 0x0021, 0x0021, 0x0021, 0x0021, 0x0021, 0x0021, 0x0021, 0x0021,
  0x0021, 0x0021, 0x0021, 0x0021, 0x0021, 0x0021, 0x0021, 0x0021, 0x0021, 0x0021, 0x0021, 0x0021,
  0x0021, 0x0021, 0x0021, 0x0021, 0x0021, 0x0021, 0x0021, 0x0021, 0x0021, 0x0021, 0x0021, 0x0021,
  0x0021, 0x0021, 0x0021, 0x0021, 0x0021, 0x0021, 0x0021, 0x0021, 0x0021, 0x0021, 0x0021, 0x0021,
  0x0021, 0x0021, 0x0021, 0x0021, 0x0021, 0x0021, 0x0021, 0x0021, 0x0021, 0x0021, 0x0021, 0x0021,
  0x0021, 0x0021, 0x0021, 0x0021, 0x0021, 0x0021, 0x0021, 0x0021, 0x0021, 0x0021, 0x0021, 0x0021,
  0x0021, 0x0021, 0x0021, 0x0021, 0x0021, 0x0021, 0x0021, 0x0021, 0x0021, 0x0021, 0x0041, 0x0021,
  0x0021, 0x0021, 0x0021, 0x0021, 0x0021, 0x0021, 0x0021, 0x0021, 0x0021, 0x0021, 0x0021, 0x0021,
  0x0021, 0x0021, 0x0021, 0x0021, 0x0021, 0x0021, 0x0021, 0x0021, 0x0021, 0x0021, 0x0021, 0x0021,
  0x0021, 0x0021, 0x0021, 0x0021, 0x0021, 0x0041, 0x0041, 0x0021, 0x0001, 0x0041, 0x0021, 0x0021,
  0x0021, 0x0021, 0x0021, 0x0021, 0x0021, 0x0021, 0x0021, 0x0021, 0x0021, 0x0021, 0x0021, 0x0021,
  0x0021, 0x0021, 0x0021, 0x0021, 0x0021, 0x0021, 0x0021, 0x0021, 0x0021, 0x0021, 0x0021, 0x0021,
  0x0021, 0x0041, 0x0021, 0x0021, 0x0021, 0x0021, 0x0021, 0x0021, 0x0021, 0x0021, 0x0021, 0x0021,
  0x0021, 0x0021, 0x0021, 0x0021, 0x0021, 0x0021, 0x0021, 0x0021, 0x0021, 0x0021, 0x0041, 0x0021,
  0x0021, 0x0021, 0x0021, 0x0021, 0x0021, 0x0021, 0x0021, 0x0021, 0x0021, 0x0041, 0x0021, 0x0021,
  0x0021, 0x0021, 0x0021, 0x0021, 0x0021, 0x0021, 0x0021, 0x0021, 0x0021, 0x0021, 0x0021, 0x0021,
  0x0021, 0x0021, 0x0021, 0x0021, 0x0021, 0x0021, 0x0021, 0x0021, 0x0021, 0x0041, 0x0021, 0x0021,
  0x0021, 0x0021, 0x0041, 0x0021, 0x0021, 0x0021, 0x0021, 0x0021, 0x0021, 0x0021, 0x0021, 0x0021,
  0x0021, 0x0021, 0x0021, 0x0021, 0x0021, 0x0021, 0x0021, 0x0021, 0x0021, 0x0021, 0x0021, 0x0041,
  0x0021, 0x0021, 0x0021, 0x0021, 0x0021, 0x0021, 0x0021, 0x0021, 0x0021, 0x0021, 0x0021, 0x0041,
  0x0021, 0x0021, 0x0021, 0x0021, 0x0021, 0x0021, 0x0021, 0x0021, 0x0021, 0x0021, 0x0021, 0x0021,
  0x0021, 0x0021, 0x0021, 0x0021, 0x0021, 0x0021, 0x0021, 0x0021, 0x0021, 0x0021, 0x0021, 0x0021,
  0x0021, 0x0021, 0x0021, 0x0021, 0x0021, 0x0021, 0x0021, 0x0021, 0x0021, 0x0021, 0x0021, 0x0041,
  0x0021, 0x0021, 0x0021, 0x0021, 0x0021, 0x0021, 0x0021, 0x0021, 0x0021, 0x0021, 0x0021, 0x0021,
  0x0021, 0x0021, 0x0021, 0x0021, 0x0021, 0x0041, 0x0021, 0x0021, 0x0021, 0x0021, 0x0021, 0x0021,
  0x0021, 0x0021, 0x0021, 0x0041, 0x0021, 0x0021, 0x0021, 0x0021, 0x0021, 0x0021, 0x0021, 0x0021,
  0x0021, 0x0021, 0x0021, 0x0021, 0x0021, 0x0021, 0x0021, 0x0021, 0x0021, 0x0021, 0x0021, 0x0021,
  0x0021, 0x0021, 0x0021, 0x0021, 0x0021, 0x0021, 0x0021, 0x0021, 0x0021, 0x0021, 0x0021, 0x0021,
  0x0021, 0x0021, 0x0021, 0x0021, 0x0021, 0x0021, 0x0021, 0x0021, 0x0021, 0x0021, 0x0021, 0x0021,
  0x0021, 0x0021, 0x0021, 0x0021, 0x0021, 0x0021, 0x0021, 0x0021, 0x0021, 0x0021, 0x0021, 0x0021,
  0x0021, 0x0021, 0x0021, 0x0021, 0x0021, 0x0021, 0x0021, 0x0021, 0x0021, 0x0021, 0x0021, 0x0021,
  0x0021, 0x0021, 0x0021, 0x0021, 0x0021, 0x0021, 0x0021, 0x0021, 0x0021, 0x0021, 0x0021, 0x0021,
  0x0021, 0x0021, 0x0021, 0x0021, 0x0021, 0x0021, 0x0021, 0x0021, 0x0021, 0x0021, 0x0021, 0x0021,
  0x0021, 0x0021, 0x0021, 0x0021, 0x0021, 0x0021, 0x0021, 0x0021, 0x0021, 0x0021, 0x0021, 0x0021,
  0x0021, 0x0021, 0x0021, 0x0021, 0x0021, 0x0021, 0x0021, 0x0021, 0x0021, 0x0021, 0x0021, 0x0021,
  0x0021, 0x0021, 0x0021, 0x0021, 0x0021, 0x0021, 0x0021, 0x0021, 0x0021, 0x0021, 0x0021, 0x0021,
  0x0021, 0x0021, 0x0021, 0x0021, 0x0021, 0x0021, 0x0021, 0x0021, 0x0021, 0x0021, 0x0021, 0x0021,
  0x0021, 0x0021, 0x0021, 0x0021, 0x0021, 0x0021, 0x0021, 0x0021, 0x0021, 0x0021, 0x0021, 0x0021,
  0x0021, 0x0021, 0x0021, 0x0021, 0x0021, 0x0021, 0x0021, 0x0021, 0x0021, 0x0021, 0x0021, 0x0021,
  0x0021, 0x0021, 0x0021, 0x0021, 0x0021, 0x0021, 0x0021, 0x0021, 0x0021, 0x0021, 0x0021, 0x0021,
  0x0021, 0x0021, 0x0021, 0x0021, 0x0021, 0x0021, 0x0021, 0x0021, 0x0021, 0x0021, 0x0021, 0x0021,
  0x0021, 0x0021, 0x0021, 0x0021, 0x0021, 0x0021, 0x0021, 0x0021, 0x0021, 0x0021, 0x0021, 0x0021,
  0x0021, 0x0021, 0x0021, 0x0021, 0x0021, 0x0021, 0x0021, 0x0021, 0x0021, 0x0021, 0x0021, 0x0021,
  0x0021, 0x0021, 0x0021, 0x0021, 0x0021, 0x0021, 0x0021, 0x0021, 0x0021, 0x0021, 0x0021, 0x0021,
  0x0021, 0x0021, 0x0021, 0x0021, 0x0021, 0x0041, 0x0021, 0x0021, 0x0021, 0x0021, 0x0021, 0x0021,
  0x0021, 0x0021, 0x0021, 0x0021, 0x0021, 0x0021, 0x0021, 0x0021, 0x0021, 0x0021, 0x0021, 0x0021,
  0x0021, 0x0021, 0x0021, 0x0021, 0x0021, 0x0021, 0x0021, 0x0021, 0x0021, 0x0021, 0x0021, 0x0021,
  0x0021, 0x0021, 0x0021, 0x0021, 0x0021, 0x0021, 0x0021, 0x0021, 0x0021, 0x0021, 0x0021, 0x0021,
  0x0021, 0x0021, 0x0021, 0x0021, 0x0021, 0x0021, 0x0021, 0x0021, 0x0021, 0x0021, 0x0021, 0x0021,
  0x0021, 0x0021, 0x0021, 0x0021, 0x0021, 0x0021, 0x0021, 0x0021, 0x0021, 0x0021, 0x0021, 0x0021,
  0x0021, 0x0021, 0x0021, 0x0021, 0x0021, 0x0021, 0x0021, 0x0021, 0x0021, 0x0021, 0x0021, 0x0021,
  0x0021, 0x0021, 0x0021, 0x0021, 0x0021, 0x0021, 0x0021, 0x0021, 0x0021, 0x0021, 0x0021, 0x0021,
  0x0021, 0x0021, 0x0021, 0x0021, 0x0021, 0x0021, 0x0021, 0x0021, 0x0021, 0x0021, 0x0021, 0x0021,
  0x0021, 0x0021, 0x0021, 0x0021, 0x0021, 0x0021, 0x0021, 0x0021, 0x0021, 0x0021, 0x0021, 0x0021,
  0x0021, 0x0021, 0x0021, 0x0021, 0x0021, 0x0021, 0x0021, 0x0021, 0x0021, 0x0021, 0x0021, 0x0021,
  0x0021, 0x0021, 0x0021, 0x0021, 0x0021, 0x0021, 0x0021, 0x0021, 0x0021, 0x0021, 0x0021, 0x0021,
  0x0021, 0x0021, 0x0021, 0x0021, 0x0021, 0x0021, 0x0021, 0x0021, 0x0021, 0x0021, 0x0021, 0x0021,
  0x0021, 0x0021, 0x0021, 0x0021, 0x0021, 0x0021, 0x0021, 0x0021, 0x0021, 0x0021, 0x0021, 0x0041,
  0x0041, 0x0021, 0x0021, 0x0021, 0x0021, 0x0021, 0x0021, 0x0021, 0x0021, 0x0021, 0x0021, 0x0021,
  0x0021, 0x0021, 0x0021, 0x0021, 0x0021, 0x0021, 0x0021, 0x0021, 0x0021, 0x0021, 0x0021, 0x0021,
  0x0021, 0x0021, 0x0021, 0x0021, 0x0021, 0x0021, 0x0021, 0x0021, 0x0021, 0x0021, 0x0021, 0x0021,
  0x0021, 0x0021, 0x0021, 0x0021, 0x0021, 0x0021, 0x0021, 0x0021, 0x0021, 0x0021, 0x0021, 0x0021,
  0x0021, 0x0021, 0x0021, 0x0021, 0x0021, 0x0021, 0x0021, 0x0021, 0x0021, 0x0021, 0x0021, 0x0021,
  0x0021, 0x0021, 0x0021, 0x0021, 0x0021, 0x0021, 0x0021, 0x0021, 0x0021, 0x0021, 0x0021, 0x0021,
  0x0021, 0x0021, 0x0021, 0x0021, 0x0021, 0x0021, 0x0021, 0x0021, 0x0021, 0x0021, 0x0021, 0x0021,
  0x0021, 0x0021, 0x0021, 0x0021, 0x0021, 0x0021, 0x0021, 0x0021, 0x0021, 0x0021, 0x0021, 0x0021,
  0x0021, 0x0021, 0x0021, 0x0021, 0x0021, 0x0021, 0x0021, 0x0021, 0x0021, 0x0021, 0x0021, 0x0021,
  0x0021, 0x0021, 0x0021, 0x0021, 0x0021, 0x0021, 0x0021, 0x0021, 0x0041, 0x0021, 0x0021, 0x0021,
  0x0021, 0x0021, 0x0021, 0x0021, 0x0021, 0x0021, 0x0021, 0x0021, 0x0021, 0x0021, 0x0021, 0x0021,
  0x0021, 0x0021, 0x0021, 0x0021, 0x0021, 0x0021, 0x0021, 0x0021, 0x0021, 0x0021, 0x0021, 0x0021,
  0x0021, 0x0021, 0x0021, 0x0021, 0x0021, 0x0021, 0x0021, 0x0021, 0x0021, 0x0021, 0x0021, 0x0021,
  0x0021, 0x0021, 0x0021, 0x0021, 0x0021, 0x0021, 0x0021, 0x0021, 0x0021, 0x0021, 0x0021, 0x0021,
  0x0021, 0x0021, 0x0021, 0x0021, 0x0021, 0x0021, 0x0021, 0x0021, 0x0021, 0x0021, 0x0021, 0x0021,
  0x0021, 0x0021, 0x0021, 0x0021, 0x0021, 0x0021, 0x0021, 0x0021, 0x0021, 0x0021, 0x0021, 0x0021,
  0x0021, 0x0021, 0x0021, 0x0021, 0x0021, 0x0021, 0x0021, 0x0021, 0x0021, 0x0021, 0x0021, 0x0021,
  0x0021, 0x0021, 0x0021, 0x0021, 0x0021, 0x0021, 0x0021, 0x0021, 0x0021, 0x0021, 0x0021, 0x0021,
  0x0021, 0x0021, 0x0021, 0x0021, 0x0021, 0x0021, 0x0021, 0x0021, 0x0021, 0x0021, 0x0021, 0x0021,
  0x0021, 0x0021, 0x0021, 0x0021, 0x0021, 0x0021, 0x0021, 0x0021, 0x0021, 0x0021, 0x0021, 0x0021,
  0x0021, 0x0021, 0x0021, 0x0021, 0x0021, 0x0021, 0x0041, 0x0021, 0x0021, 0x0021, 0x0021, 0x0021,
  0x0021, 0x0021, 0x0021, 0x0021, 0x0021, 0x0021, 0x0021, 0x0021, 0x0021, 0x0021, 0x0021, 0x0021,
  0x0021, 0x0021, 0x0021, 0x0021, 0x0021, 0x0021, 0x0021, 0x0021, 0x0021, 0x0021, 0x0021, 0x0021,
  0x0021, 0x0021, 0x0021, 0x0021, 0x0021, 0x0021, 0x0021, 0x0021, 0x0021, 0x0021, 0x0021, 0x0021,
  0x0021, 0x0021, 0x0021, 0x0021, 0x0021, 0x0021, 0x0021, 0x0021, 0x0021, 0x0021, 0x0021, 0x0021,
  0x0021, 0x0021, 0x0021, 0x0021, 0x0021, 0x0021, 0x0021, 0x0021, 0x0021, 0x0021, 0x0021, 0x0021,
  0x0021, 0x0021, 0x0021, 0x0021, 0x0021, 0x0021, 0x0021, 0x0021, 0x0021, 0x0021, 0x0021, 0x0021,
  0x0021, 0x0021, 0x0021, 0x0021, 0x0021, 0x0021, 0x0021, 0x0021, 0x0021, 0x0021, 0x0021, 0x0021,
  0x0021, 0x0021, 0x0021, 0x0021, 0x0021, 0x0021, 0x0021, 0x0021, 0x0021, 0x0021, 0x0021, 0x0021,
  0x0021, 0x0021, 0x0021, 0x0021, 0x0021, 0x0021, 0x0021, 0x0021, 0x0021, 0x0021, 0x0021, 0x0021,
  0x0041, 0x0021, 0x0021, 0x0021, 0x0021, 0x0021, 0x0041, 0x0021, 0x0041, 0x0041, 0x0021, 0x0021,
  0x0041, 0x0021, 0x0021, 0x0041, 0x0021, 0x0021, 0x0021, 0x0021, 0x0021, 0x0021, 0x0021, 0x0021,
  0x0021, 0x0021, 0x0021, 0x0021, 0x0021, 0x0021, 0x0021, 0x0021, 0x0021, 0x0021, 0x0021, 0x0021,
  0x0021, 0x0021, 0x0021, 0x0021, 0x0021, 0x0021, 0x0021, 0x0021, 0x0021, 0x0021, 0x0021, 0x0021,
  0x0021, 0x0021, 0x0021, 0x0021, 0x0021, 0x0021, 0x0021, 0x0021, 0x0021, 0x0021, 0x0021, 0x0021,
  0x0021, 0x0021, 0x0021, 0x0021, 0x0021, 0x0021, 0x0021, 0x0021, 0x0021, 0x0021, 0x0021, 0x0021,
  0x0021, 0x0021, 0x0021, 0x0021, 0x0021, 0x0021, 0x0021, 0x0021, 0x0021, 0x0021, 0x0021, 0x0021,
  0x0021, 0x0021, 0x0021, 0x0021, 0x0021, 0x0021, 0x0021, 0x0021, 0x0021, 0x0021, 0x0021, 0x0021,
  0x0021, 0x0021, 0x0021, 0x0021, 0x0021, 0x0021, 0x0021, 0x0021, 0x0021, 0x0021, 0x0021, 0x0021,
  0x0021, 0x0021, 0x0021, 0x0021, 0x0021, 0x0021, 0x0021, 0x0021, 0x0021, 0x0021, 0x0021, 0x0021,
  0x0041, 0x0021, 0x0021, 0x0021, 0x0021, 0x0021, 0x0021, 0x0021, 0x0021, 0x0021, 0x0021, 0x0021,
  0x0021, 0x0021, 0x0021, 0x0021, 0x0021, 0x0021, 0x0021, 0x0021, 0x0021, 0x0021, 0x0021, 0x0021,
  0x0021, 0x0021, 0x0021, 0x0021, 0x0021, 0x0021, 0x0021, 0x0021, 0x0021, 0x0021, 0x0021, 0x0021,
  0x0021, 0x0021, 0x0021, 0x0021, 0x0021, 0x0021, 0x0021, 0x0021, 0x0021, 0x0021, 0x0021, 0x0021,
  0x0021, 0x0021, 0x0021, 0x0041, 0x0021, 0x0021, 0x0041, 0x0021, 0x0021, 0x0021, 0x0021, 0x0021,
  0x0021, 0x0021, 0x0021, 0x0021, 0x0021, 0x0021, 0x0021, 0x0021, 0x0021, 0x0021, 0x0021, 0x0021,
  0x0041, 0x0021, 0x0021, 0x0021, 0x0021, 0x0021, 0x0021, 0x0021, 0x0021, 0x0021, 0x0021, 0x0021,
  0x0021, 0x0021, 0x0021, 0x0021, 0x0021, 0x0021, 0x0021, 0x0021, 0x0021, 0x0021, 0x0021, 0x0021,
  0x0021, 0x0021, 0x0021, 0x0021, 0x0021, 0x0021, 0x0021, 0x0021, 0x0021, 0x0021, 0x0021, 0x0021,
  0x0021, 0x0021, 0x0021, 0x0021, 0x0021, 0x0021, 0x0021, 0x0021, 0x0021, 0x0021, 0x0021, 0x0021,
  0x0021, 0x0021, 0x0021, 0x0021, 0x0021, 0x0021, 0x0021, 0x0021, 0x0021, 0x0021, 0x0021, 0x0021,
  0x0021, 0x0021, 0x0021, 0x0021, 0x0021, 0x0021, 0x0021, 0x0021, 0x0021, 0x0021, 0x0021, 0x0021,
  0x0021, 0x0021, 0x0021, 0x0021, 0x0021, 0x0021, 0x0021, 0x0021, 0x0041, 0x0021, 0x0021, 0x0021,
  0x0021, 0x0021, 0x0021, 0x0021, 0x0021, 0x0021, 0x0021, 0x0021, 0x0021, 0x0021, 0x0021, 0x0021,
  0x0021, 0x0021, 0x0021, 0x0021, 0x0021, 0x0021, 0x0021, 0x0021, 0x0021, 0x0021, 0x0021, 0x0021,
  0x0021, 0x0021, 0x0021, 0x0021, 0x0021, 0x0021, 0x0021, 0x0021, 0x0021, 0x0021, 0x0021, 0x0021,
  0x0021, 0x0021, 0x0021, 0x0021, 0x0021, 0x0021, 0x0021, 0x0021, 0x0021, 0x0021, 0x0021, 0x0021,
  0x0021, 0x0021, 0x0021, 0x0021, 0x0021, 0x0021, 0x0021, 0x0021, 0x0021, 0x0021, 0x0021, 0x0021,
  0x0021, 0x0021, 0x0021, 0x0021, 0x0021, 0x0021, 0x0021, 0x0021, 0x0021, 0x0021, 0x0021, 0x0021,
  0x0021, 0x0021, 0x0021, 0x0021, 0x0021, 0x0021, 0x0021, 0x0021, 0x0021, 0x0021, 0x0021, 0x0021,
  0x0021, 0x0021, 0x0021, 0x0021, 0x0021, 0x0021, 0x0021, 0x0021, 0x0021, 0x0021, 0x0021, 0x0021,
  0x0021, 0x0021, 0x0021, 0x0021, 0x0021, 0x0021, 0x0021, 0x0021, 0x0021, 0x0021, 0x0021, 0x0021,
  0x0021, 0x0021, 0x0021, 0x0021, 0x0021, 0x0021, 0x0021, 0x0021, 0x0021, 0x0021, 0x0021, 0x0021,
  0x0021, 0x0021, 0x0021, 0x0021, 0x0021, 0x0021, 0x0021, 0x0021, 0x0021, 0x0021, 0x0021, 0x0021,
  0x0021, 0x0021, 0x0021, 0x0021, 0x0021, 0x0021, 0x0021, 0x0021, 0x0021, 0x0021, 0x0021, 0x0021,
  0x0021, 0x0021, 0x0021, 0x0021, 0x0021, 0x0021, 0x0021, 0x0021, 0x0021, 0x0021, 0x0041, 0x0021,
  0x0021, 0x0021, 0x0021, 0x0021, 0x0021, 0x0021, 0x0021, 0x0021, 0x0021, 0x0021, 0x0021, 0x0021,
  0x0021, 0x0021, 0x0021, 0x0021, 0x0021, 0x0021, 0x0021, 0x0021, 0x0041, 0x0021, 0x0021, 0x0021,
  0x0021, 0x0021, 0x0021, 0x0021, 0x0021, 0x0021, 0x0021, 0x0021, 0x0021, 0x0021, 0x0021, 0x0021,
  0x0021, 0x0021, 0x0021, 0x0021, 0x0021, 0x0021, 0x0021, 0x0021, 0x0021, 0x0021, 0x0021, 0x0021,
  0x0021, 0x0021, 0x0021, 0x0021, 0x0021, 0x0021, 0x0021, 0x0021, 0x0021, 0x0021, 0x0021, 0x0021,
  0x0021, 0x0021, 0x0021, 0x0021, 0x0021, 0x0021, 0x0021, 0x0021, 0x0021, 0x0021, 0x0021, 0x0021,
  0x0021, 0x0041, 0x0041, 0x0021, 0x0021, 0x0021, 0x0021, 0x0021, 0x0021, 0x0021, 0x0021, 0x0021,
  0x0021, 0x0021, 0x0021, 0x0021, 0x0021, 0x0021, 0x0021, 0x0021, 0x0021, 0x0021, 0x0021, 0x0021,
  0x0021, 0x0021, 0x0021, 0x0021, 0x0021, 0x0021, 0x0021, 0x0021, 0x0021, 0x0021, 0x0021, 0x0021,
  0x0021, 0x0021, 0x0021, 0x0021, 0x0021, 0x0021, 0x0021, 0x0021, 0x0021, 0x0021, 0x0021, 0x0021,
  0x0021, 0x0021, 0x0021, 0x0021, 0x0021, 0x0021, 0x0021, 0x0021, 0x0021, 0x0021, 0x0021, 0x0021,
  0x0021, 0x0021, 0x0021, 0x0021, 0x0021, 0x0021, 0x0021, 0x0021, 0x0021, 0x0021, 0x0021, 0x0021,
  0x0021, 0x0021, 0x0021, 0x0021, 0x0021, 0x0021, 0x0021, 0x0021, 0x0021, 0x0021, 0x0021, 0x0021,
  0x0021, 0x0021, 0x0021, 0x0041, 0x0021, 0x0021, 0x0021, 0x0021, 0x0021, 0x0021, 0x0021, 0x0021,
  0x0021, 0x0021, 0x0021, 0x0021, 0x0021, 0x0021, 0x0021, 0x0021, 0x0021, 0x0021, 0x0021, 0x0021,
  0x0041, 0x0021, 0x0021, 0x0021, 0x0021, 0x0021, 0x0021, 0x0021, 0x0021, 0x0021, 0x0021, 0x0021,
  0x0021, 0x0021, 0x0021, 0x0041, 0x0021, 0x0021, 0x0021, 0x0021, 0x0021, 0x0021, 0x0021, 0x0021,
  0x0021, 0x0021, 0x0021, 0x0021, 0x0021, 0x0021, 0x0021, 0x0021, 0x0041, 0x0021, 0x0021, 0x0021,
  0x0021, 0x0021, 0x0021, 0x0021, 0x0021, 0x0021, 0x0021, 0x0021, 0x0021, 0x0021, 0x0021, 0x0021,
  0x0021, 0x0021, 0x0021, 0x0021, 0x0021, 0x0021, 0x0021, 0x0021, 0x0021, 0x0021, 0x0021, 0x0021,
  0x0021, 0x0021, 0x0021, 0x0021, 0x0021, 0x0021, 0x0021, 0x0021, 0x0021, 0x0021, 0x0021, 0x0021,
  0x0021, 0x0021, 0x0021, 0x0021, 0x0021, 0x0021, 0x0021, 0x0021, 0x0021, 0x0021, 0x0021, 0x0021,
  0x0021, 0x0021, 0x0021, 0x0021, 0x0021, 0x0021, 0x0021, 0x0021, 0x0021, 0x0021, 0x0021, 0x0021,
  0x0021, 0x0021, 0x0021, 0x0021, 0x0021, 0x0021, 0x0021, 0x0021, 0x0021, 0x0021, 0x0021, 0x0021,
  0x0041, 0x0021, 0x0021, 0x0021, 0x0021, 0x0021, 0x0021, 0x0021, 0x0021, 0x0021, 0x0021, 0x0021,
  0x0021, 0x0021, 0x0021, 0x0021, 0x0021, 0x0021, 0x0021, 0x0021, 0x0021, 0x0021, 0x0021, 0x0021,
  0x0021, 0x0021, 0x0021, 0x0021, 0x0021, 0x0021, 0x0021, 0x0021, 0x0021, 0x0021, 0x0021, 0x0021,
  0x0021, 0x0021, 0x0021, 0x0021, 0x0021, 0x0021, 0x0021, 0x0021, 0x0021, 0x0021, 0x0021, 0x0021,
  0x0021, 0x0021, 0x0021, 0x0021, 0x0021, 0x0021, 0x0021, 0x0021, 0x0021, 0x0021, 0x0021, 0x0021,
  0x0021, 0x0021, 0x0021, 0x0021, 0x0021, 0x0021, 0x0021, 0x0021, 0x0021, 0x0021, 0x0021, 0x0021,
  0x0021, 0x0021, 0x0021, 0x0021, 0x0021, 0x0021, 0x0021, 0x0021, 0x0021, 0x0021, 0x0021, 0x0021,
  0x0021, 0x0021, 0x0021, 0x0021, 0x0021, 0x0021, 0x0021, 0x0021, 0x0041, 0x0041, 0x0021, 0x0021,
  0x0021, 0x0021, 0x0021, 0x0021, 0x0021, 0x0021, 0x0021, 0x0021, 0x0021, 0x0021, 0x0021, 0x0021,
  0x0021, 0x0021, 0x0021, 0x0021, 0x0021, 0x0021, 0x0021, 0x0021, 0x0021, 0x0021, 0x0021, 0x0021,
  0x0021, 0x0021, 0x0021, 0x0021, 0x0021, 0x0021, 0x0021, 0x0021, 0x0021, 0x0021, 0x0021, 0x0021,
  0x0021, 0x0021, 0x0021, 0x0021, 0x0021, 0x0021, 0x0021, 0x0021, 0x0021, 0x0021, 0x0021, 0x0021,
  0x0021, 0x0021, 0x0021, 0x0021, 0x0021, 0x0021, 0x0021, 0x0021, 0x0021, 0x0021, 0x0021, 0x0021,
  0x0021, 0x0021, 0x0021, 0x0021, 0x0021, 0x0021, 0x0021, 0x0021, 0x0021, 0x0021, 0x0021, 0x0021,
  0x0021, 0x0021, 0x0021, 0x0021, 0x0021, 0x0021, 0x0021, 0x0021, 0x0021, 0x0021, 0x0021, 0x0021,
  0x0021, 0x0021, 0x0021, 0x0021, 0x0021, 0x0021, 0x0021, 0x0021, 0x0021, 0x0021, 0x0021, 0x0021,
  0x0021, 0x0021, 0x0021, 0x0021, 0x0021, 0x0021, 0x0021, 0x0021, 0x0021, 0x0021, 0x0041, 0x0021,
  0x0021, 0x0021, 0x0021, 0x0021, 0x0021, 0x0021, 0x0021, 0x0021, 0x0021, 0x0021, 0x0021, 0x0021,
  0x0021, 0x0021, 0x0021, 0x0021, 0x0021, 0x0021, 0x0021, 0x0021, 0x0021, 0x0021, 0x0021, 0x0021,
  0x0021, 0x0021, 0x0021, 0x0021, 0x0021, 0x0021, 0x0021, 0x0021, 0x0021, 0x0021, 0x0021, 0x0021,
  0x0021, 0x0021, 0x0021, 0x0021, 0x0021, 0x0021, 0x0021, 0x0041, 0x0041, 0x0021, 0x0021, 0x0021,
  0x0021, 0x0021, 0x0021, 0x0021, 0x0021, 0x0021, 0x0021, 0x0021, 0x0021, 0x0021, 0x0021, 0x0021,
  0x0021, 0x0021, 0x0021, 0x0021, 0x0021, 0x0041, 0x0021, 0x0021, 0x0021, 0x0021, 0x0021, 0x0021,
  0x0021, 0x0021, 0x0021, 0x0021, 0x0021, 0x0021, 0x0021, 0x0021, 0x0021, 0x0021, 0x0021, 0x0021,
  0x0021, 0x0021, 0x0021, 0x0021, 0x0021, 0x0021, 0x0021, 0x0021, 0x0021, 0x0021, 0x0021, 0x0021,
  0x0021, 0x0021, 0x0021, 0x0021, 0x0021, 0x0021, 0x0021, 0x0021, 0x0021, 0x0021, 0x0021, 0x0021,
  0x0021, 0x0021, 0x0021, 0x0021, 0x0021, 0x0021, 0x0021, 0x0021, 0x0021, 0x0021, 0x0021, 0x0021,
  0x0021, 0x0021, 0x0021, 0x0021, 0x0021, 0x0021, 0x0021, 0x0021, 0x0021, 0x0021, 0x0021, 0x0021,
  0x0021, 0x0021, 0x0021, 0x0021, 0x0021, 0x0021, 0x0021, 0x0021, 0x0021, 0x0021, 0x0021, 0x0021,
  0x0021, 0x0021, 0x0021, 0x0021, 0x0021, 0x0021, 0x0021, 0x0021, 0x0041, 0x0021, 0x0021, 0x0021,
  0x0021, 0x0021, 0x0021, 0x0021, 0x0021, 0x0021, 0x0021, 0x0021, 0x0021, 0x0021, 0x0021, 0x0021,
  0x0021, 0x0021, 0x0021, 0x0021, 0x0021, 0x0021, 0x0021, 0x0021, 0x0021, 0x0021, 0x0021, 0x0021,
  0x0021, 0x0021, 0x0021, 0x0021, 0x0021, 0x0021, 0x0021, 0x0021, 0x0021, 0x0021, 0x0021, 0x0021,
  0x0021, 0x0021, 0x0021, 0x0021, 0x0021, 0x0021, 0x0021, 0x0041, 0x0021, 0x0021, 0x0021, 0x0041,
  0x0021, 0x0021, 0x0021, 0x0021, 0x0021, 0x0021, 0x0021, 0x0021, 0x0021, 0x0021, 0x0021, 0x0021,
  0x0021, 0x0021, 0x0021, 0x0021, 0x0021, 0x0021, 0x0021, 0x0021, 0x0021, 0x0021, 0x0021, 0x0021,
  0x0021, 0x0021, 0x0021, 0x0021, 0x0021, 0x0021, 0x0021, 0x0021, 0x0021, 0x0021, 0x0021, 0x0021,
  0x0021, 0x0021, 0x0021, 0x0021, 0x0021, 0x0021, 0x0021, 0x0021, 0x0021, 0x0041, 0x0021, 0x0021,
  0x0021, 0x0021, 0x0021, 0x0021, 0x0021, 0x0021, 0x0021, 0x0021, 0x0021, 0x0021, 0x0021, 0x0021,
  0x0021, 0x0021, 0x0021, 0x0021, 0x0021, 0x0021, 0x0021, 0x0021, 0x0021, 0x0021, 0x0021, 0x0021,
  0x0021, 0x0021, 0x0021, 0x0021, 0x0021, 0x0021, 0x0021, 0x0021, 0x0021, 0x0021, 0x0021, 0x0021,
  0x0021, 0x0021, 0x0021, 0x0021, 0x0021, 0x0021, 0x0021, 0x0021, 0x0021, 0x0021, 0x0021, 0x0021,
  0x0021, 0x0021, 0x0021, 0x0021, 0x0021, 0x0021, 0x0021, 0x0021, 0x0021, 0x0021, 0x0021, 0x0021,
  0x0021, 0x0021, 0x0021, 0x0021, 0x0021, 0x0021, 0x0021, 0x0021, 0x0021, 0x0021, 0x0021, 0x0021,
  0x0021, 0x0021, 0x0021, 0x0021, 0x0021, 0x0021, 0x0021, 0x0041, 0x0021, 0x0021, 0x0021, 0x0021,
  0x0021, 0x0021, 0x0021, 0x0021, 0x0021, 0x0021, 0x0021, 0x0021, 0x0021, 0x0021, 0x0021, 0x0021,
  0x0021, 0x0021, 0x0021, 0x0021, 0x0021, 0x0021, 0x0021, 0x0021, 0x0021, 0x0021, 0x0021, 0x0021,
  0x0021, 0x0021, 0x0021, 0x0021, 0x0021, 0x0021, 0x0021, 0x0021, 0x0021, 0x0021, 0x0021, 0x0021,
  0x0021, 0x0021, 0x0021, 0x0021, 0x0041, 0x0021, 0x0021, 0x0021, 0x0021, 0x0021, 0x0021, 0x0021,
  0x0021, 0x0021, 0x0021, 0x0021, 0x0021, 0x0021, 0x0021, 0x0021, 0x0021, 0x0021, 0x0021, 0x0021,
  0x0021, 0x0021, 0x0021, 0x0021, 0x0021, 0x0021, 0x0021, 0x0021, 0x0021, 0x0021, 0x0021, 0x0021,
  0x0021, 0x0021, 0x0021, 0x0021, 0x0021, 0x0021, 0x0021, 0x0021, 0x0021, 0x0021, 0x0021, 0x0021,
  0x0021, 0x0021, 0x0021, 0x0021, 0x0021, 0x0021, 0x0021, 0x0021, 0x0021, 0x0021, 0x0021, 0x0021,
  0x0021, 0x0021, 0x0021, 0x0021, 0x0021, 0x0021, 0x0021, 0x0021, 0x0021, 0x0021, 0x0021, 0x0021,
  0x0021, 0x0021, 0x0021, 0x0021, 0x0021, 0x0021, 0x0021, 0x0021, 0x0021, 0x0021, 0x0021, 0x0021,
  0x0021, 0x0021, 0x0021, 0x0021, 0x0021, 0x0021, 0x0021, 0x0021, 0x0021, 0x0021, 0x0021, 0x0021,
  0x0021, 0x0021, 0x0021, 0x0021, 0x0021, 0x0021, 0x0021, 0x0021, 0x0021, 0x0021, 0x0021, 0x0021,
  0x0021, 0x0021, 0x0021, 0x0021, 0x0021, 0x0021, 0x0021, 0x0021, 0x0021, 0x0021, 0x0021, 0x0021,
  0x0021, 0x0021, 0x0021, 0x0021, 0x0021, 0x0021, 0x0021, 0x0021, 0x0021, 0x0021, 0x0021, 0x0021,
  0x0021, 0x0021, 0x0021, 0x0021, 0x0021, 0x0021, 0x0021, 0x0021, 0x0021, 0x0021, 0x0021, 0x0021,
  0x0021, 0x0021, 0x0021, 0x0021, 0x0021, 0x0021, 0x0021, 0x0021, 0x0021, 0x0021, 0x0021, 0x0021,
  0x0021, 0x0021, 0x0021, 0x0021, 0x0021, 0x0021, 0x0021, 0x0021, 0x0021, 0x0021, 0x0021, 0x0021,
  0x0021, 0x0021, 0x0021, 0x0021, 0x0021, 0x0021, 0x0021, 0x0021, 0x0021, 0x0021, 0x0021, 0x0021,
  0x0021, 0x0021, 0x0021, 0x0021, 0x0021, 0x0021, 0x0021, 0x0021, 0x0021, 0x0021, 0x0021, 0x0021,
  0x0021, 0x0021, 0x0021, 0x0021, 0x0021, 0x0021, 0x0021, 0x0021, 0x0021, 0x0021, 0x0021, 0x0021,
  0x0021, 0x0021, 0x0021, 0x0021, 0x0021, 0x0021, 0x0021, 0x0021, 0x0021, 0x0021, 0x0021, 0x0021,
  0x0021, 0x0021, 0x0021, 0x0021, 0x0021, 0x0021, 0x0021, 0x0021, 0x0021, 0x0021, 0x0021, 0x0021,
  0x0021, 0x0021, 0x0021, 0x0021, 0x0021, 0x0021, 0x0021, 0x0021, 0x0021, 0x0021, 0x0021, 0x0021,
  0x0021, 0x0021, 0x0021, 0x0021, 0x0021, 0x0021, 0x0021, 0x0021, 0x0021, 0x0021, 0x0021, 0x0021,
  0x0021, 0x0021, 0x0041, 0x0021, 0x0021, 0x0021, 0x0021, 0x0021, 0x0021, 0x0021, 0x0021, 0x0021,
  0x0021, 0x0021, 0x0021, 0x0021, 0x0021, 0x0021, 0x0021, 0x0021, 0x0021, 0x0021, 0x0021, 0x0021,
  0x0021, 0x0021, 0x0021, 0x0021, 0x0041, 0x0021, 0x0021, 0x0021, 0x0021, 0x0021, 0x0021, 0x0021,
  0x0021, 0x0021, 0x0021, 0x0021, 0x0021, 0x0021, 0x0021, 0x0021, 0x0021, 0x0021, 0x0021, 0x0021,
  0x0021, 0x0021, 0x0021, 0x0021, 0x0021, 0x0021, 0x0021, 0x0021, 0x0021, 0x0021, 0x0021, 0x0021,
  0x0021, 0x0021, 0x0021, 0x0021, 0x0021, 0x0021, 0x0021, 0x0021, 0x0021, 0x0021, 0x0021, 0x0021,
  0x0021, 0x0021, 0x0021, 0x0021, 0x0021, 0x0021, 0x0021, 0x0021, 0x0041, 0x0021, 0x0021, 0x0021,
  0x0021, 0x0021, 0x0021, 0x0021, 0x0021, 0x0021, 0x0021, 0x0021, 0x0021, 0x0021, 0x0021, 0x0021,
  0x0021, 0x0021, 0x0021, 0x0021, 0x0021, 0x0021, 0x0021, 0x0021, 0x0021, 0x0021, 0x0021, 0x0021,
  0x0021, 0x0021, 0x0021, 0x0021, 0x0021, 0x0021, 0x0021, 0x0021, 0x0021, 0x0021, 0x0021, 0x0021,
  0x0021, 0x0021, 0x0021, 0x0021, 0x0021, 0x0021, 0x0021, 0x0021, 0x0021, 0x0021, 0x0021, 0x0021,
  0x0021, 0x0021, 0x0021, 0x0021, 0x0021, 0x0021, 0x0021, 0x0021, 0x0021, 0x0021, 0x0021, 0x0021,
  0x0021, 0x0021, 0x0021, 0x0021, 0x0021, 0x0021, 0x0021, 0x0021, 0x0021, 0x0021, 0x0021, 0x0021,
  0x0021, 0x0021, 0x0021, 0x0021, 0x0021, 0x0021, 0x0021, 0x0021, 0x0021, 0x0021, 0x0021, 0x0021,
  0x0021, 0x0021, 0x0021, 0x0021, 0x0021, 0x0021, 0x0021, 0x0021, 0x0021, 0x0021, 0x0021, 0x0021,
  0x0021, 0x0021, 0x0021, 0x0021, 0x0021, 0x0021, 0x0021, 0x0021, 0x0021, 0x0021, 0x0021, 0x0021,
  0x0021, 0x0021, 0x0021, 0x0021, 0x0021, 0x0021, 0x0021, 0x0021, 0x0021, 0x0021, 0x0021, 0x0021,
  0x0021, 0x0021, 0x0021, 0x0021, 0x0021, 0x0021, 0x0021, 0x0021, 0x0021, 0x0021, 0x0021, 0x0021,
  0x0021, 0x0021, 0x0021, 0x0021, 0x0021, 0x0021, 0x0021, 0x0021, 0x0021, 0x0021, 0x0021, 0x0021,
  0x0021, 0x0021, 0x0021, 0x0021, 0x0021, 0x0021, 0x0021, 0x0021, 0x0021, 0x0021, 0x0021, 0x0021,
  0x0021, 0x0021, 0x0021, 0x0021, 0x0021, 0x0021, 0x0021, 0x0021, 0x0021, 0x0021, 0x0021, 0x0021,
  0x0021, 0x0021, 0x0021, 0x0021, 0x0021, 0x0021, 0x0021, 0x0021, 0x0021, 0x0021, 0x0021, 0x0021,
  0x0021, 0x0021, 0x0021, 0x0021, 0x0021, 0x0021, 0x0021, 0x0021, 0x0021, 0x0021, 0x0021, 0x0021,
  0x0021, 0x0021, 0x0021, 0x0021, 0x0021, 0x0021, 0x0021, 0x0021, 0x0021, 0x0021, 0x0021, 0x0021,
  0x0021, 0x0021, 0x0021, 0x0021, 0x0021, 0x0021, 0x0021, 0x0021, 0x0021, 0x0021, 0x0021, 0x0021,
  0x0021, 0x0021, 0x0021, 0x0021, 0x0021, 0x0041, 0x0021, 0x0021, 0x0021, 0x0021, 0x0021, 0x0021,
  0x0021, 0x0021, 0x0021, 0x0021, 0x0021, 0x0021, 0x0021, 0x0021, 0x0021, 0x0021, 0x0021, 0x0021,
  0x0021, 0x0021, 0x0021, 0x0021, 0x0021, 0x0021, 0x0021, 0x0021, 0x0021, 0x0021, 0x0021, 0x0021,
  0x0021, 0x0021, 0x0021, 0x0021, 0x0021, 0x0021, 0x0021, 0x0021, 0x0021, 0x0021, 0x0021, 0x0021,
  0x0021, 0x0021, 0x0021, 0x0021, 0x0021, 0x0021, 0x0021, 0x0021, 0x0021, 0x0021, 0x0021, 0x0021,
  0x0021, 0x0021, 0x0021, 0x0021, 0x0021, 0x0021, 0x0021, 0x0021, 0x0021, 0x0021, 0x0021, 0x0021,
  0x0021, 0x0021, 0x0021, 0x0021, 0x0021, 0x0021, 0x0021, 0x0021, 0x0021, 0x0021, 0x0021, 0x0021,
  0x0021, 0x0021, 0x0021, 0x0021, 0x0021, 0x0021, 0x0021, 0x0021, 0x0021, 0x0021, 0x0021, 0x0021,
  0x0021, 0x0021, 0x0021, 0x0021, 0x0021, 0x0021, 0x0021, 0x0021, 0x0021, 0x0021, 0x0021, 0x0021,
  0x0021, 0x0021, 0x0021, 0x0021, 0x0021, 0x0021, 0x0021, 0x0021, 0x0021, 0x0021, 0x0021, 0x0021,
  0x0021, 0x0021, 0x0021, 0x0021, 0x0021, 0x0021, 0x0021, 0x0021, 0x0021, 0x0021, 0x0021, 0x0021,
  0x0021, 0x0021, 0x0021, 0x0021, 0x0021, 0x0021, 0x0021, 0x0021, 0x0021, 0x0021, 0x0021, 0x0021,
  0x0021, 0x0021, 0x0021, 0x0021, 0x0021, 0x0021, 0x0021, 0x0021, 0x0021, 0x0021, 0x0021, 0x0021,
  0x0021, 0x0021, 0x0021, 0x0021, 0x0021, 0x0021, 0x0021, 0x0021, 0x0021, 0x0021, 0x0021, 0x0021,
  0x0021, 0x0021, 0x0021, 0x0021, 0x0021, 0x0021, 0x0021, 0x0021, 0x0021, 0x0021, 0x0021, 0x0021,
  0x0021, 0x0021, 0x0021, 0x0021, 0x0021, 0x0021, 0x0021, 0x0021, 0x0021, 0x0021, 0x0021, 0x0021,
  0x0021, 0x0021, 0x0021, 0x0021, 0x0021, 0x0021, 0x0021, 0x0021, 0x0021, 0x0021, 0x0021, 0x0021,
  0x0021, 0x0021, 0x0021, 0x0021, 0x0021, 0x0021, 0x0021, 0x0021, 0x0021, 0x0021, 0x0021, 0x0021,
  0x0021, 0x0021, 0x0021, 0x0021, 0x0021, 0x0021, 0x0021, 0x0021, 0x0021, 0x0021, 0x0021, 0x0021,
  0x0021, 0x0021, 0x0021, 0x0021, 0x0021, 0x0021, 0x0021, 0x0021, 0x0021, 0x0021, 0x0021, 0x0021,
  0x0021, 0x0021, 0x0021, 0x0021, 0x0021, 0x0021, 0x0021, 0x0021, 0x0021, 0x0021, 0x0021, 0x0021,
  0x0021, 0x0021, 0x0021, 0x0021, 0x0021, 0x0021, 0x0021, 0x0021, 0x0021, 0x0021, 0x0021, 0x0021,
  0x0021, 0x0021, 0x0021, 0x0021, 0x0021, 0x0021, 0x0021, 0x0021, 0x0021, 0x0021, 0x0021, 0x0021,
  0x0021, 0x0021, 0x0021, 0x0021, 0x0021, 0x0021, 0x0021, 0x0021, 0x0021, 0x0021, 0x0021, 0x0021,
  0x0021, 0x0021, 0x0021, 0x0021, 0x0021, 0x0021, 0x0021, 0x0021, 0x0021, 0x0021, 0x0021, 0x0021,
  0x0021, 0x0021, 0x0021, 0x0021, 0x0021, 0x0021, 0x0021, 0x0021, 0x0021, 0x0021, 0x0021, 0x0021,
  0x0021, 0x0021, 0x0021, 0x0021, 0x0021, 0x0021, 0x0021, 0x0021, 0x0021, 0x0021, 0x0021, 0x0021,
  0x0021, 0x0021, 0x0021, 0x0021,
