// Generated from Assets/GridCity/StreetV3/device/cover-income-tax.png
// SHA-256: 9b5e568bbb68771f74facc15867c38ab63b3c33c651419ec8bebcd695f1dd35d
  0x0000, 0x0000, 0x0000, 0x0000, 0x0000, 0x0000, 0x0000, 0x0000, 0x0000, 0x0000, 0x0000, 0x0000,
  0x0000, 0x0000, 0x0000, 0x0000, 0x0000, 0x0000, 0x0000, 0x0000, 0x0000, 0x0000, 0x0000, 0x0000,
  0x0000, 0x0000, 0x0000, 0x0000, 0x0000, 0x0000, 0x0000, 0x0000, 0x0000, 0x0000, 0x0000, 0x0000,
  0x0000, 0x0000, 0x0000, 0x0000, 0x0000, 0x0000, 0x0000, 0x0000, 0x0000, 0x0000, 0x0000, 0x0000,
  0x0000, 0x0000, 0x0000, 0x0000, 0x0000, 0x0000, 0x0000, 0x0000, 0x0000, 0x0000, 0x0000, 0x0000,
  0x0000, 0x0000, 0x0000, 0x0000, 0x0000, 0x0000, 0x0000, 0x0000, 0x0000, 0x0000, 0x0000, 0x0000,
  0x0000, 0x0000, 0x0000, 0x0000, 0x0000, 0x0000, 0x0000, 0x0000, 0x0000, 0x0000, 0x0000, 0x0000,
  0x0000, 0x0000, 0x0000, 0x0000, 0x0000, 0x0000, 0x0000, 0x0000, 0x0000, 0x0000, 0x0000, 0x0000,
  0x0000, 0x0000, 0x0000, 0x0000, 0x0000, 0x0000, 0x0000, 0x0000, 0x0000, 0x0000, 0x0000, 0x0000,
  0x0000, 0x0000, 0x0000, 0x0000, 0x0000, 0x0000, 0x0000, 0x0000, 0x0000, 0x0000, 0x0000, 0x0000,
  0x0000, 0x0000, 0x0000, 0x0000, 0x0000, 0x0000, 0x0000, 0x0000, 0x0000, 0x0000, 0x0000, 0x0000,
  0x0000, 0x0000, 0x0000, 0x0000, 0x0000, 0x0000, 0x0000, 0x0000, 0x0000, 0x0000, 0x0000, 0x0000,
  0x0000, 0x0000, 0x0000, 0x0000, 0x0000, 0x0000, 0x0000, 0x0000, 0x0000, 0x0000, 0x0000, 0x0000,
  0x0000, 0x0000, 0x0000, 0x0000, 0x0000, 0x0000, 0x0000, 0x0000, 0x0000, 0x0000, 0x0000, 0x0000,
  0x0000, 0x0000, 0x0000, 0x0000, 0x0000, 0x0000, 0x0000, 0x0000, 0x0000, 0x0000, 0x0000, 0x0000,
  0x0000, 0x0000, 0x0000, 0x0000, 0x0000, 0x0000, 0x0000, 0x0000, 0x0000, 0x0000, 0x0000, 0x0000,
  0x0000, 0x0000, 0x0000, 0x0000, 0x0000, 0x0000, 0x0000, 0x0000, 0x0000, 0x0000, 0x0000, 0x0000,
  0x0000, 0x0000, 0x0000, 0x0000, 0x0000, 0x0000, 0x0000, 0x0000, 0x0000, 0x0000, 0x0000, 0x0000,
  0x0000, 0x0000, 0x0000, 0x0000, 0x0000, 0x0000, 0x0000, 0x0000, 0x0000, 0x0000, 0x0000, 0x0000,
  0x0000, 0x0000, 0x0000, 0x0000, 0x0000, 0x0000, 0x0000, 0x0000, 0x0000, 0x0000, 0x0000, 0x0000,
  0x0000, 0x0000, 0x0000, 0x0000, 0x0000, 0x0000, 0x0000, 0x0000, 0x0000, 0x0000, 0x0000, 0x0000,
  0x0000, 0x0000, 0x0000, 0x0000, 0x0000, 0x0000, 0x0000, 0x0000, 0x0000, 0x0000, 0x0000, 0x0000,
  0x0000, 0x0000, 0x0000, 0x0000, 0x0000, 0x0000, 0x0000, 0x0000, 0x0000, 0x0000, 0x0000, 0x0000,
  0x0000, 0x0000, 0x0000, 0x0000, 0x0000, 0x0000, 0x0000, 0x0000, 0x0000, 0x0000, 0x0000, 0x0000,
  0x0000, 0x0000, 0x0000, 0x0000, 0x0000, 0x0000, 0x0000, 0x0000, 0x0000, 0x0000, 0x0000, 0x0000,
  0x0000, 0x0000, 0x0000, 0x0000, 0x0000, 0x0000, 0x0000, 0x0000, 0x0000, 0x0000, 0x0000, 0x0000,
  0x0000, 0x0000, 0x0000, 0x0000, 0x0000, 0x0000, 0x0000, 0x0000, 0x0000, 0x0000, 0x0000, 0x0000,
  0x0000, 0x0000, 0x0000, 0x0000, 0x0000, 0x0000, 0x0000, 0x0000, 0x0000, 0x0000, 0x0000, 0x0000,
  0x0000, 0x0000, 0x0000, 0x0000, 0x0000, 0x0000, 0x0000, 0x0000, 0x0000, 0x0000, 0x0000, 0x0000,
  0x0000, 0x0000, 0x0000, 0x0000, 0x0000, 0x0000, 0x0000, 0x0000, 0x0000, 0x0000, 0x0000, 0x0000,
  0x0000, 0x0000, 0x0000, 0x0000, 0x0000, 0x0000, 0x0000, 0x0000, 0x0000, 0x0000, 0x0000, 0x0000,
  0x0000, 0x0000, 0x0000, 0x0000, 0x0000, 0x0000, 0x0000, 0x0000, 0x0000, 0x0000, 0x0000, 0x0000,
  0x0000, 0x0000, 0x0000, 0x0000, 0x0000, 0x0000, 0x0000, 0x0000, 0x0000, 0x0000, 0x0000, 0x0000,
  0x0000, 0x0000, 0x0000, 0x0000, 0x0000, 0x0000, 0x0000, 0x0000, 0x0000, 0x0000, 0x0000, 0x0000,
  0x0000, 0x0000, 0x0000, 0x0000, 0x0000, 0x0000, 0x0000, 0x0000, 0x0000, 0x0000, 0x0000, 0x0000,
  0x0000, 0x0000, 0x0000, 0x0000, 0x0000, 0x0000, 0x0000, 0x0000, 0x0000, 0x0000, 0x0000, 0x0000,
  0x0000, 0x0000, 0x0000, 0x0000, 0x0000, 0x0000, 0x0000, 0x0000, 0x0000, 0x0000, 0x0000, 0x0000,
  0x0000, 0x0000, 0x0000, 0x0000, 0x0000, 0x0000, 0x0000, 0x0000, 0x0000, 0x0000, 0x0000, 0x0000,
  0x0000, 0x0000, 0x0000, 0x0000, 0x0000, 0x0000, 0x0000, 0x0000, 0x0000, 0x0000, 0x0000, 0x0000,
  0x0000, 0x0000, 0x0000, 0x0000, 0x0000, 0x0000, 0x0000, 0x0000, 0x0000, 0x0000, 0x0000, 0x0000,
  0x0000, 0x0000, 0x0000, 0x0000, 0x0000, 0x0000, 0x0000, 0x0000, 0x0000, 0x0000, 0x0000, 0x0000,
  0x0000, 0x0000, 0x0000, 0x0000, 0x0000, 0x0000, 0x0000, 0x0000, 0x0000, 0x0000, 0x0000, 0x0000,
  0x0000, 0x0000, 0x0000, 0x0000, 0x0000, 0x0000, 0x0000, 0x0000, 0x0000, 0x0000, 0x0000, 0x0000,
  0x0000, 0x0000, 0x0000, 0x0000, 0x0000, 0x0000, 0x0000, 0x0000, 0x0000, 0x0000, 0x0000, 0x0000,
  0x0000, 0x0000, 0x0000, 0x0000, 0x0000, 0x0000, 0x0000, 0x0000, 0x0000, 0x0000, 0x0000, 0x0000,
  0x0000, 0x0000, 0x0000, 0x0000, 0x0000, 0x0000, 0x0000, 0x0000, 0x0000, 0x0000, 0x0000, 0x0000,
  0x0000, 0x0000, 0x0000, 0x0000, 0x0000, 0x0000, 0x0000, 0x0000, 0x0000, 0x0000, 0x0000, 0x0000,
  0x0000, 0x0000, 0x0000, 0x0000, 0x0000, 0x0000, 0x0000, 0x0000, 0x0000, 0x0000, 0x0000, 0x0000,
  0x0000, 0x0000, 0x0000, 0x0000, 0x0000, 0x0000, 0x0000, 0x0000, 0x0000, 0x0000, 0x0000, 0x0000,
  0x0000, 0x0000, 0x0000, 0x0000, 0x0000, 0x0000, 0x0000, 0x0000, 0x0000, 0x0000, 0x0000, 0x0000,
  0x0000, 0x0000, 0x0000, 0x0000, 0x0000, 0x0000, 0x0000, 0x0000, 0x0000, 0x0000, 0x0000, 0x0000,
  0x0000, 0x0000, 0x0000, 0x0000, 0x0000, 0x0000, 0x0000, 0x0000, 0x0000, 0x0000, 0x0000, 0x0000,
  0x0000, 0x0000, 0x0000, 0x0000, 0x0000, 0x0000, 0x0000, 0x0000, 0x0000, 0x0000, 0x0000, 0x0000,
  0x0000, 0x0000, 0x0000, 0x0000, 0x0000, 0x0000, 0x0000, 0x0000, 0x0000, 0x0000, 0x0000, 0x0000,
  0x0000, 0x0000, 0x0000, 0x0000, 0x0000, 0x0000, 0x0000, 0x0000, 0x0000, 0x0000, 0x0000, 0x0000,
  0x0000, 0x0000, 0x0000, 0x0000, 0x0000, 0x0000, 0x0000, 0x0000, 0x0000, 0x0000, 0x0000, 0x0000,
  0x0000, 0x0000, 0x0000, 0x0000, 0x0000, 0x0000, 0x0000, 0x0000, 0x0000, 0x0000, 0x0000, 0x0000,
  0x0000, 0x0000, 0x0000, 0x0000, 0x0000, 0x0000, 0x0000, 0x0000, 0x0000, 0x0000, 0x0000, 0x0000,
  0x0000, 0x0000, 0x0000, 0x0000, 0x0000, 0x0000, 0x0000, 0x0000, 0x0000, 0x0000, 0x0000, 0x0000,
  0x0000, 0x0000, 0x0000, 0x0000, 0x0000, 0x0000, 0x0000, 0x0000, 0x0000, 0x0000, 0x0000, 0x0000,
  0x0000, 0x0000, 0x0000, 0x0000, 0x0000, 0x0000, 0x0000, 0x0000, 0x0000, 0x0000, 0x0000, 0x0000,
  0x0000, 0x0000, 0x0000, 0x0000, 0x0000, 0x0000, 0x0000, 0x0000, 0x0000, 0x0000, 0x0000, 0x0000,
  0x0000, 0x0000, 0x0000, 0x0000, 0x0000, 0x0000, 0x0000, 0x0000, 0x0000, 0x0000, 0x0000, 0x0000,
  0x0000, 0x0000, 0x0000, 0x0000, 0x0000, 0x0000, 0x0000, 0x0000, 0x0000, 0x0000, 0x0000, 0x0000,
  0x0000, 0x0000, 0x0000, 0x0000, 0x0000, 0x0000, 0x0000, 0x0000, 0x0000, 0x0000, 0x0000, 0x0000,
  0x0000, 0x0000, 0x0000, 0x0000, 0x0000, 0x0000, 0x0000, 0x0000, 0x0000, 0x0000, 0x0000, 0x0000,
  0x0000, 0x0000, 0x0000, 0x0000, 0x0000, 0x0000, 0x0000, 0x0000, 0x0000, 0x0000, 0x0000, 0x0000,
  0x0000, 0x0000, 0x0000, 0x0000, 0x0000, 0x0000, 0x0000, 0x0000, 0x0000, 0x0000, 0x0000, 0x0000,
  0x0000, 0x0000, 0x0000, 0x0000, 0x0000, 0x0000, 0x0000, 0x0000, 0x0000, 0x0000, 0x0000, 0x0000,
  0x0000, 0x0000, 0x0000, 0x0000, 0x0000, 0x0000, 0x0000, 0x0000, 0x0000, 0x0000, 0x0000, 0x0000,
  0x0000, 0x0000, 0x0000, 0x0000, 0x0000, 0x0000, 0x0000, 0x0000, 0x0000, 0x0000, 0x0000, 0x0000,
  0x0000, 0x0000, 0x0000, 0x0000, 0x0000, 0x0000, 0x0000, 0x0000, 0x0000, 0x0000, 0x0000, 0x0000,
  0x0000, 0x0000, 0x0000, 0x0000, 0x0000, 0x0000, 0x0000, 0x0000, 0x0000, 0x0000, 0x0000, 0x0000,
  0x0000, 0x0000, 0x0000, 0x0000, 0x0000, 0x0000, 0x0000, 0x0000, 0x0000, 0x0000, 0x0000, 0x0000,
  0x0000, 0x0000, 0x0000, 0x0000, 0x0000, 0x0000, 0x0000, 0x0000, 0x0000, 0x0000, 0x0000, 0x0000,
  0x0000, 0x0000, 0x0000, 0x0000, 0x0000, 0x0000, 0x0000, 0x0000, 0x0000, 0x0000, 0x0000, 0x0000,
  0x0000, 0x0000, 0x0000, 0x0000, 0x0000, 0x0000, 0x0000, 0x0000, 0x0000, 0x0000, 0x0000, 0x0000,
  0x0000, 0x0000, 0x0000, 0x0000, 0x0000, 0x0000, 0x0000, 0x0000, 0x0000, 0x0000, 0x0000, 0x0000,
  0x0000, 0x0000, 0x0000, 0x0000, 0x0000, 0x0000, 0x0000, 0x0000, 0x0000, 0x0000, 0x0000, 0x0000,
  0x0000, 0x0000, 0x0000, 0x0000, 0x0000, 0x0000, 0x0000, 0x0000, 0x0000, 0x0000, 0x0000, 0x0000,
  0x0000, 0x0000, 0x0000, 0x0000, 0x0000, 0x0000, 0x0000, 0x0000, 0x0000, 0x0000, 0x0000, 0x0000,
  0x0000, 0x0000, 0x0000, 0x0000, 0x0000, 0x0000, 0x0000, 0x0000, 0x0000, 0x0000, 0x0000, 0x0000,
  0x0000, 0x0000, 0x0000, 0x0000, 0x0000, 0x0000, 0x0000, 0x0000, 0x0000, 0x0000, 0x0000, 0x0000,
  0x0000, 0x0000, 0x0000, 0x0000, 0x0000, 0x0000, 0x0000, 0x0000, 0x0000, 0x0000, 0x0000, 0x0000,
  0x0000, 0x0000, 0x0000, 0x0000, 0x0000, 0x0000, 0x0000, 0x0000, 0x0000, 0x0000, 0x0000, 0x0000,
  0x0000, 0x0000, 0x0000, 0x0000, 0x0000, 0x0000, 0x0000, 0x0000, 0x0000, 0x0000, 0x0000, 0x0000,
  0x0000, 0x0000, 0x0000, 0x0000, 0x0000, 0x0000, 0x0000, 0x0000, 0x0000, 0x0000, 0x0000, 0x0000,
  0x0000, 0x0000, 0x0000, 0x0000, 0x0000, 0x0000, 0x0000, 0x0000, 0x0000, 0x0000, 0x0000, 0x0000,
  0x0000, 0x0000, 0x0000, 0x0000, 0x0000, 0x0000, 0x0000, 0x0000, 0x0000, 0x0000, 0x0000, 0x0000,
  0x0000, 0x0000, 0x0000, 0x0000, 0x0000, 0x0000, 0x0000, 0x0000, 0x0000, 0x0000, 0x0000, 0x0000,
  0x0000, 0x0000, 0x0000, 0x0000, 0x0000, 0x0000, 0x0000, 0x0000, 0x0000, 0x0000, 0x0000, 0x0000,
  0x0000, 0x0000, 0x0000, 0x0000, 0x0000, 0x0000, 0x0000, 0x0000, 0x0000, 0x0000, 0x0000, 0x0000,
  0x0000, 0x0000, 0x0000, 0x0000, 0x0000, 0x0000, 0x0000, 0x0000, 0x0000, 0x0000, 0x0000, 0x0000,
  0x0000, 0x0000, 0x0000, 0x0000, 0x0000, 0x0000, 0x0000, 0x0000, 0x0000, 0x0000, 0x0000, 0x0000,
  0x0000, 0x0000, 0x0000, 0x0000, 0x0000, 0x0000, 0x0000, 0x0000, 0x0000, 0x0000, 0x0000, 0x0000,
  0x0000, 0x0000, 0x0000, 0x0000, 0x0000, 0x0000, 0x0000, 0x0000, 0x0000, 0x0000, 0x0000, 0x0000,
  0x0000, 0x0000, 0x0000, 0x0000, 0x0000, 0x0000, 0x0000, 0x0000, 0x0000, 0x0000, 0x0000, 0x0000,
  0x0000, 0x0000, 0x0000, 0x0000, 0x0000, 0x0000, 0x0000, 0x0000, 0x0000, 0x0000, 0x0000, 0x0000,
  0x0000, 0x0000, 0x0000, 0x0000, 0x0000, 0x0000, 0x0000, 0x0000, 0x0000, 0x0000, 0x0000, 0x0000,
  0x0000, 0x0000, 0x0000, 0x0000, 0x0000, 0x0000, 0x0000, 0x0000, 0x0000, 0x0000, 0x0000, 0x0000,
  0x0000, 0x0000, 0x0000, 0x0000, 0x0000, 0x0000, 0x0000, 0x0000, 0x0000, 0x0000, 0x0000, 0x0000,
  0x0000, 0x0000, 0x0000, 0x0000, 0x0000, 0x0000, 0x0000, 0x0000, 0x0000, 0x0000, 0x0000, 0x0000,
  0x0000, 0x0000, 0x0000, 0x0000, 0x0000, 0x0000, 0x0000, 0x0000, 0x0000, 0x0000, 0x0000, 0x0000,
  0x0000, 0x0000, 0x0000, 0x0000, 0x0000, 0x0000, 0x0000, 0x0000, 0x0000, 0x0000, 0x0000, 0x0000,
  0x0000, 0x0000, 0x0000, 0x0000, 0x0000, 0x0000, 0x0000, 0x0000, 0x0000, 0x0000, 0x0000, 0x0000,
  0x0000, 0x0000, 0x0000, 0x0000, 0x0000, 0x0000, 0x0000, 0x0000, 0x0000, 0x0000, 0x0000, 0x0000,
  0x0000, 0x0000, 0x0000, 0x0000, 0x0000, 0x0000, 0x0000, 0x0000, 0x0000, 0x0000, 0x0000, 0x0000,
  0x0000, 0x0000, 0x0000, 0x0000, 0x0000, 0x0000, 0x0000, 0x0000, 0x0000, 0x0000, 0x0000, 0x0000,
  0x0000, 0x0000, 0x0000, 0x0000, 0x0000, 0x0000, 0x0000, 0x0000, 0x0000, 0x0000, 0x0000, 0x0000,
  0x0000, 0x0000, 0x0000, 0x0000, 0x0000, 0x0000, 0x0000, 0x0000, 0x0000, 0x0000, 0x0000, 0x0000,
  0x0000, 0x0000, 0x0000, 0x0000, 0x0000, 0x0000, 0x0000, 0x0000, 0x0000, 0x0000, 0x0000, 0x0000,
  0x0000, 0x0000, 0x0000, 0x0000, 0x0000, 0x0000, 0x0000, 0x0000, 0x0000, 0x0000, 0x0000, 0x0000,
  0x0000, 0x0000, 0x0000, 0x0000, 0x0000, 0x0000, 0x0000, 0x0000, 0x0000, 0x0000, 0x0000, 0x0000,
  0x0000, 0x0000, 0x0000, 0x0000, 0x0000, 0x0000, 0x0000, 0x0000, 0x0000, 0x0000, 0x0000, 0x0000,
  0x0000, 0x0000, 0x0000, 0x0000, 0x0000, 0x0000, 0x0000, 0x0000, 0x0000, 0x0000, 0x0000, 0x0000,
  0x0000, 0x0000, 0x0000, 0x0000, 0x0000, 0x0000, 0x0000, 0x0000, 0x0000, 0x0000, 0x0000, 0x0000,
  0x0000, 0x0000, 0x0000, 0x0000, 0x0000, 0x0000, 0x0000, 0x0000, 0x0000, 0x0000, 0x0000, 0x0000,
  0x0000, 0x0000, 0x0000, 0x0000, 0x0000, 0x0000, 0x0000, 0x0000, 0x0000, 0x0000, 0x0000, 0x0000,
  0x0000, 0x0000, 0x0000, 0x0000, 0x0000, 0x0000, 0x0000, 0x0000, 0x0000, 0x0000, 0x0000, 0x0000,
  0x0000, 0x0000, 0x0000, 0x0000, 0x0000, 0x0000, 0x0000, 0x0000, 0x0000, 0x0000, 0x0000, 0x0000,
  0x0000, 0x0000, 0x0000, 0x0000, 0x0000, 0x0000, 0x0000, 0x0000, 0x0000, 0x0000, 0x0000, 0x0000,
  0x0000, 0x0000, 0x0000, 0x0000, 0x0000, 0x0000, 0x0000, 0x0000, 0x0000, 0x0000, 0x0000, 0x0000,
  0x0000, 0x0000, 0x0000, 0x0000, 0x0000, 0x0000, 0x0000, 0x0000, 0x0000, 0x0000, 0x0000, 0x0000,
  0x0000, 0x0000, 0x0000, 0x0000, 0x0000, 0x0000, 0x0000, 0x0000, 0x0000, 0x0000, 0x0000, 0x0000,
  0x0000, 0x0000, 0x0000, 0x0000, 0x0000, 0x0000, 0x0000, 0x0000, 0x0000, 0x0000, 0x0000, 0x0000,
  0x0000, 0x0000, 0x0000, 0x0000, 0x0000, 0x0000, 0x0000, 0x0000, 0x0000, 0x0000, 0x0000, 0x0000,
  0x0000, 0x0000, 0x0000, 0x0000, 0x0000, 0x0000, 0x0000, 0x0000, 0x0000, 0x0000, 0x0000, 0x0000,
  0x0000, 0x0000, 0x0000, 0x0000, 0x0000, 0x0000, 0x0000, 0x0000, 0x0000, 0x0000, 0x0000, 0x0000,
  0x0000, 0x0000, 0x0000, 0x0000, 0x0000, 0x0000, 0x0000, 0x0000, 0x0000, 0x0000, 0x0000, 0x0000,
  0x0000, 0x0000, 0x0000, 0x0000, 0x0000, 0x0000, 0x0000, 0x0000, 0x0000, 0x0000, 0x0000, 0x0000,
  0x0000, 0x0000, 0x0000, 0x0000, 0x0000, 0x0000, 0x0000, 0x0000, 0x0000, 0x0000, 0x0000, 0x0000,
  0x0000, 0x0000, 0x0000, 0x0000, 0x0000, 0x0000, 0x0000, 0x0000, 0x0000, 0x0000, 0x0000, 0x0000,
  0x0000, 0x0000, 0x0000, 0x0000, 0x0000, 0x0000, 0x0000, 0x0000, 0x0000, 0x0000, 0x0000, 0x0000,
  0x0000, 0x0000, 0x0000, 0x0000, 0x0000, 0x0000, 0x0000, 0x0000, 0x0000, 0x0000, 0x0000, 0x0000,
  0x0000, 0x0000, 0x0000, 0x0000, 0x0000, 0x0000, 0x0000, 0x0000, 0x0000, 0x0000, 0x0000, 0x0000,
  0x0000, 0x0000, 0x0000, 0x0000, 0x0000, 0x0000, 0x0000, 0x0000, 0x0000, 0x0000, 0x0000, 0x0000,
  0x0000, 0x0000, 0x0000, 0x0000, 0x0000, 0x0000, 0x0000, 0x0000, 0x0000, 0x0000, 0x0000, 0x0000,
  0x0000, 0x0000, 0x0000, 0x0000, 0x0000, 0x0000, 0x0000, 0x0000, 0x0000, 0x0000, 0x0000, 0x0000,
  0x0000, 0x0000, 0x0000, 0x0000, 0x0000, 0x0000, 0x0000, 0x0000, 0x0000, 0x0000, 0x0000, 0x0000,
  0x0000, 0x0000, 0x0000, 0x0000, 0x0000, 0x0000, 0x0000, 0x0000, 0x0000, 0x0000, 0x0000, 0x0000,
  0x0000, 0x0000, 0x0000, 0x0000, 0x0000, 0x0000, 0x0000, 0x0000, 0x0000, 0x0000, 0x0000, 0x0000,
  0x0000, 0x0000, 0x0000, 0x0000, 0x0000, 0x0000, 0x0000, 0x0000, 0x0000, 0x0000, 0x0000, 0x0000,
  0x0000, 0x0000, 0x0000, 0x0000, 0x0000, 0x0000, 0x0000, 0x0000, 0x0000, 0x0000, 0x0000, 0x0000,
  0x0000, 0x0000, 0x0000, 0x0000, 0x0000, 0x0000, 0x0000, 0x0000, 0x0000, 0x0000, 0x0000, 0x0000,
  0x0000, 0x0000, 0x0000, 0x0000, 0x0000, 0x0000, 0x0000, 0x0000, 0x0000, 0x0000, 0x0000, 0x0000,
  0x0000, 0x0000, 0x0000, 0x0000, 0x0000, 0x0000, 0x0000, 0x0000, 0x0000, 0x0000, 0x0000, 0x0000,
  0x0000, 0x0000, 0x0000, 0x0000, 0x0000, 0x0000, 0x0000, 0x0000, 0x0000, 0x0000, 0x0000, 0x0000,
  0x0000, 0x0000, 0x0000, 0x0000, 0x0000, 0x0000, 0x0000, 0x0000, 0x0000, 0x0000, 0x0000, 0x0000,
  0x0000, 0x0000, 0x0000, 0x0000, 0x0000, 0x0000, 0x0000, 0x0000, 0x0000, 0x0000, 0x0000, 0x0000,
  0x0000, 0x0000, 0x0000, 0x0000, 0x0000, 0x0000, 0x0000, 0x0000, 0x0000, 0x0000, 0x0000, 0x0000,
  0x0000, 0x0000, 0x0000, 0x0000, 0x0000, 0x0000, 0x0000, 0x0000, 0x0000, 0x0000, 0x0000, 0x0000,
  0x0000, 0x0000, 0x0000, 0x0000, 0x0000, 0x0000, 0x0000, 0x0000, 0x0000, 0x0000, 0x0000, 0x0000,
  0x0000, 0x0000, 0x0000, 0x0000, 0x0000, 0x0000, 0x0000, 0x0000, 0x0000, 0x0000, 0x0000, 0x0000,
  0x0000, 0x0000, 0x0000, 0x0000, 0x0000, 0x0000, 0x0000, 0x0000, 0x0000, 0x0000, 0x0000, 0x0000,
  0x0000, 0x0000, 0x0000, 0x0000, 0x0000, 0x0000, 0x0000, 0x0000, 0x0000, 0x0000, 0x0000, 0x0000,
  0x0000, 0x0000, 0x0000, 0x0000, 0x0000, 0x0000, 0x0000, 0x0000, 0x0000, 0x0000, 0x0000, 0x0000,
  0x0000, 0x0000, 0x0000, 0x0000, 0x0000, 0x0000, 0x0000, 0x0000, 0x0000, 0x0000, 0x0000, 0x0000,
  0x0000, 0x0000, 0x0000, 0x0000, 0x0000, 0x0000, 0x0000, 0x0000, 0x0000, 0x0000, 0x0000, 0x0000,
  0x0000, 0x0000, 0x0000, 0x0000, 0x0000, 0x0000, 0x0000, 0x0000, 0x0000, 0x0000, 0x0000, 0x0000,
  0x0000, 0x0000, 0x0000, 0x0000, 0x0000, 0x0000, 0x0000, 0x0000, 0x0000, 0x0000, 0x0000, 0x0000,
  0x0000, 0x0000, 0x0000, 0x0000, 0x0000, 0x0000, 0x0000, 0x0000, 0x0000, 0x0000, 0x0000, 0x0000,
  0x0000, 0x0000, 0x0000, 0x0000, 0x0000, 0x0000, 0x0000, 0x0000, 0x0000, 0x0000, 0x0000, 0x0000,
  0x0000, 0x0000, 0x0000, 0x0000, 0x0000, 0x0000, 0x0000, 0x0000, 0x0000, 0x0000, 0x0000, 0x0000,
  0x0000, 0x0000, 0x0000, 0x0000, 0x0000, 0x0000, 0x0000, 0x0000, 0x0000, 0x0000, 0x0000, 0x0000,
  0x0000, 0x0000, 0x0000, 0x0000, 0x0000, 0x0000, 0x0000, 0x0000, 0x0000, 0x0000, 0x0000, 0x0000,
  0x0000, 0x0000, 0x0000, 0x0000, 0x0000, 0x0000, 0x0000, 0x0000, 0x0000, 0x0000, 0x0000, 0x0000,
  0x0000, 0x0000, 0x0000, 0x0000, 0x0000, 0x0000, 0x0000, 0x0000, 0x0000, 0x0000, 0x0000, 0x0000,
  0x0000, 0x0000, 0x0000, 0x0000, 0x0000, 0x0000, 0x0000, 0x0000, 0x0000, 0x0000, 0x0000, 0x0000,
  0x0000, 0x0000, 0x0000, 0x0000, 0x0000, 0x0000, 0x0000, 0x0000, 0x0000, 0x0000, 0x0000, 0x0000,
  0x0000, 0x0000, 0x0000, 0x0000, 0x0000, 0x0000, 0x0000, 0x0000, 0x0000, 0x0000, 0x0000, 0x0000,
  0x0000, 0x0000, 0x0000, 0x0000, 0x0000, 0x0000, 0x0000, 0x0000, 0x0000, 0x0000, 0x0000, 0x0000,
  0x0000, 0x0000, 0x0000, 0x0000, 0x0000, 0x0000, 0x0000, 0x0000, 0x0000, 0x0000, 0x0000, 0x0000,
  0x0000, 0x0000, 0x0000, 0x0000, 0x0000, 0x0000, 0x0000, 0x0000, 0x0000, 0x0000, 0x0000, 0x0000,
  0x0000, 0x0000, 0x0000, 0x0000, 0x0000, 0x0000, 0x0000, 0x0000, 0x0000, 0x0000, 0x0000, 0x0000,
  0x0000, 0x0000, 0x0000, 0x0000, 0x0000, 0x0000, 0x0000, 0x0000, 0x0000, 0x0000, 0x0000, 0x0000,
  0x0000, 0x0000, 0x0000, 0x0000, 0x0000, 0x0000, 0x0000, 0x0000, 0x0000, 0x0000, 0x0000, 0x0000,
  0x0000, 0x0000, 0x0000, 0x0000, 0x0000, 0x0000, 0x0000, 0x0000, 0x0000, 0x0000, 0x0000, 0x0000,
  0x0000, 0x0000, 0x0000, 0x0000, 0x0000, 0x0000, 0x0000, 0x0000, 0x0000, 0x0000, 0x0000, 0x0000,
  0x0000, 0x0000, 0x0000, 0x0000, 0x0000, 0x0000, 0x0000, 0x0000, 0x0000, 0x0000, 0x0000, 0x0000,
  0x0000, 0x0000, 0x0000, 0x0000, 0x0000, 0x0000, 0x0000, 0x0000, 0x0000, 0x0000, 0x0000, 0x0000,
  0x0000, 0x0000, 0x0000, 0x0000, 0x0000, 0x0000, 0x0000, 0x0000, 0x0000, 0x0000, 0x0000, 0x0000,
  0x0000, 0x0000, 0x0000, 0x0000, 0x0000, 0x0000, 0x0000, 0x0000, 0x0000, 0x0000, 0x0000, 0x0000,
  0x0000, 0x0000, 0x0000, 0x0000, 0x0000, 0x0000, 0x0000, 0x0000, 0x0000, 0x0000, 0x0000, 0x0000,
  0x0000, 0x0000, 0x0000, 0x0000, 0x0000, 0x0000, 0x0000, 0x0000, 0x0000, 0x0000, 0x0000, 0x0000,
  0x0000, 0x0000, 0x0000, 0x0000, 0x0000, 0x0000, 0x0000, 0x0000, 0x0000, 0x0000, 0x0000, 0x0000,
  0x0000, 0x0000, 0x0000, 0x0000, 0x0000, 0x0000, 0x0000, 0x0000, 0x0000, 0x0000, 0x0000, 0x0000,
  0x0000, 0x0000, 0x0000, 0x0000, 0x0000, 0x0000, 0x0000, 0x0000, 0x0000, 0x0000, 0x0000, 0x0000,
  0x0000, 0x0000, 0x0000, 0x0000, 0x0000, 0x0000, 0x0000, 0x0000, 0x0000, 0x0000, 0x0000, 0x0000,
  0x0000, 0x0000, 0x0000, 0x0000, 0x0000, 0x0000, 0x0000, 0x0000, 0x0000, 0x0000, 0x0000, 0x0000,
  0x0000, 0x0000, 0x0000, 0x0000, 0x0000, 0x0000, 0x0000, 0x0000, 0x0000, 0x0000, 0x0000, 0x0000,
  0x0000, 0x0000, 0x0000, 0x0000, 0x0000, 0x0000, 0x0000, 0x0000, 0x0000, 0x0000, 0x0000, 0x0000,
  0x0000, 0x0000, 0x0000, 0x0000, 0x0000, 0x0000, 0x0000, 0x0000, 0x0000, 0x0000, 0x0000, 0x0000,
  0x0000, 0x0000, 0x0000, 0x0000, 0x0000, 0x0000, 0x0000, 0x0000, 0x0000, 0x0000, 0x0000, 0x0000,
  0x0000, 0x0000, 0x0000, 0x0000, 0x0000, 0x0000, 0x0000, 0x0000, 0x0000, 0x0000, 0x0000, 0x0000,
  0x0000, 0x0000, 0x0000, 0x0000, 0x0000, 0x0000, 0x0000, 0x0000, 0x0000, 0x0000, 0x0000, 0x0000,
  0x0000, 0x0000, 0x0000, 0x0000, 0x0000, 0x0000, 0x0000, 0x0000, 0x0000, 0x0000, 0x0000, 0x0000,
  0x0000, 0x0000, 0x0000, 0x0000, 0x0000, 0x0000, 0x0000, 0x0000, 0x0000, 0x0000, 0x0000, 0x0000,
  0x0000, 0x0000, 0x0000, 0x0000, 0x0000, 0x0000, 0x0000, 0x0000, 0x0000, 0x0000, 0x0000, 0x0000,
  0x0000, 0x0000, 0x0000, 0x0000, 0x0000, 0x0000, 0x0000, 0x0000, 0x0000, 0x0000, 0x0000, 0x0000,
  0x0000, 0x0000, 0x0000, 0x0000, 0x0000, 0x0000, 0x0000, 0x0000, 0x0000, 0x0000, 0x0000, 0x0000,
  0x0000, 0x0000, 0x0000, 0x0000, 0x0000, 0x0000, 0x0000, 0x0000, 0x0000, 0x0000, 0x0000, 0x0000,
  0x0000, 0x0000, 0x0000, 0x0000, 0x0000, 0x0000, 0x0000, 0x0000, 0x0000, 0x0000, 0x0000, 0x0000,
  0x0000, 0x0000, 0x0000, 0x0000, 0x0000, 0x0000, 0x0000, 0x0000, 0x0000, 0x0000, 0x0000, 0x0000,
  0x0000, 0x0000, 0x0000, 0x0000, 0x0000, 0x0000, 0x0000, 0x0000, 0x0000, 0x0000, 0x0000, 0x0000,
  0x0000, 0x0000, 0x0000, 0x0000, 0x0000, 0x0000, 0x0000, 0x0000, 0x0000, 0x0000, 0x0000, 0x0000,
  0x0000, 0x0000, 0x0000, 0x0000, 0x0000, 0x0000, 0x0000, 0x0000, 0x0000, 0x0000, 0x0000, 0x0000,
  0x0000, 0x0000, 0x0000, 0x0000, 0x0000, 0x0000, 0x0000, 0x0000, 0x0000, 0x0000, 0x0000, 0x0000,
  0x0000, 0x0000, 0x0000, 0x0000, 0x0000, 0x0000, 0x0000, 0x0000, 0x0000, 0x0000, 0x0000, 0x0000,
  0x0000, 0x0000, 0x0000, 0x0000, 0x0000, 0x0000, 0x0000, 0x0000, 0x0000, 0x0000, 0x0000, 0x0000,
  0x0000, 0x0000, 0x0000, 0x0000, 0x0000, 0x0000, 0x0000, 0x0000, 0x0000, 0x0000, 0x0000, 0x0000,
  0x0000, 0x0000, 0x0000, 0x0000, 0x0000, 0x0000, 0x0000, 0x0000, 0x0000, 0x0000, 0x0000, 0x0000,
  0x0000, 0x0000, 0x0000, 0x0000, 0x0000, 0x0000, 0x0000, 0x0000, 0x0000, 0x0000, 0x0000, 0x0000,
  0x0000, 0x0000, 0x0000, 0x0000, 0x0000, 0x0000, 0x0000, 0x0000, 0x0000, 0x0000, 0x0000, 0x0000,
  0x0000, 0x0000, 0x0000, 0x0000, 0x0000, 0x0000, 0x0000, 0x0000, 0x0000, 0x0000, 0x0000, 0x0000,
  0x0000, 0x0000, 0x0000, 0x0000, 0x0000, 0x0000, 0x0000, 0x0000, 0x0000, 0x0000, 0x0000, 0x0000,
  0x0000, 0x0000, 0x0000, 0x0000, 0x0000, 0x0000, 0x0000, 0x0000, 0x0000, 0x0000, 0x0000, 0x0000,
  0x0000, 0x0000, 0x0000, 0x0000, 0x0000, 0x0000, 0x0000, 0x0000, 0x0000, 0x0000, 0x0000, 0x0000,
  0x0000, 0x0000, 0x0000, 0x0000, 0x0000, 0x0000, 0x0000, 0x0000, 0x0000, 0x0000, 0x0000, 0x0000,
  0x0000, 0x0000, 0x0000, 0x0000, 0x0000, 0x0000, 0x0000, 0x0000, 0x0000, 0x0000, 0x0000, 0x0000,
  0x0000, 0x0000, 0x0000, 0x0000, 0x0000, 0x0000, 0x0000, 0x0000, 0x0000, 0x0000, 0x0000, 0x0000,
  0x0000, 0x0000, 0x0000, 0x0000, 0x0000, 0x0000, 0x0000, 0x0000, 0x0000, 0x0000, 0x0000, 0x0000,
  0x0000, 0x0000, 0x0000, 0x0000, 0x0000, 0x0000, 0x0000, 0x0000, 0x0000, 0x0000, 0x0000, 0x0000,
  0x0000, 0x0000, 0x0000, 0x0000, 0x0000, 0x0000, 0x0000, 0x0000, 0x0000, 0x0000, 0x0000, 0x0000,
  0x0000, 0x0000, 0x0000, 0x0000, 0x0000, 0x0000, 0x0000, 0x0000, 0x0000, 0x0000, 0x0000, 0x0000,
  0x0000, 0x0000, 0x0000, 0x0000, 0x0000, 0x0000, 0x0000, 0x0000, 0x0000, 0x0000, 0x0000, 0x0000,
  0x0000, 0x0000, 0x0000, 0x0000, 0x0000, 0x0000, 0x0000, 0x0000, 0x0000, 0x0000, 0x0000, 0x0000,
  0x0000, 0x0000, 0x0000, 0x0000, 0x0000, 0x0000, 0x0000, 0x0000, 0x0000, 0x0000, 0x0000, 0x0000,
  0x0000, 0x0000, 0x0000, 0x0000, 0x0000, 0x0000, 0x0000, 0x0000, 0x0000, 0x0000, 0x0000, 0x0000,
  0x0000, 0x0000, 0x0000, 0x0000, 0x0000, 0x0000, 0x0000, 0x0000, 0x0000, 0x0000, 0x0000, 0x0000,
  0x0000, 0x0000, 0x0000, 0x0000, 0x0000, 0x0000, 0x0000, 0x0000, 0x0000, 0x0000, 0x0000, 0x0000,
  0x0000, 0x0000, 0x0000, 0x0000, 0x0000, 0x0000, 0x0000, 0x0000, 0x0000, 0x0000, 0x0000, 0x0000,
  0x0000, 0x0000, 0x0000, 0x0000, 0x0000, 0x0000, 0x0000, 0x0000, 0x0000, 0x0000, 0x0000, 0x0000,
  0x0000, 0x0000, 0x0000, 0x0000, 0x0000, 0x0000, 0x0000, 0x0000, 0x0000, 0x0000, 0x0000, 0x0000,
  0x0000, 0x0000, 0x0000, 0x0000, 0x0000, 0x0000, 0x0000, 0x0000, 0x0000, 0x0000, 0x0000, 0x0000,
  0x0000, 0x0000, 0x0000, 0x0000, 0x0000, 0x0000, 0x0000, 0x0000, 0x0000, 0x0000, 0x0000, 0x0000,
  0x0000, 0x0000, 0x0000, 0x0000, 0x0000, 0x0000, 0x0000, 0x0000, 0x0000, 0x0000, 0x0000, 0x0000,
  0x0000, 0x0000, 0x0000, 0x0000, 0x0000, 0x0000, 0x0000, 0x0000, 0x0000, 0x0000, 0x0000, 0x0000,
  0x0000, 0x0000, 0x0000, 0x0000, 0x0000, 0x0000, 0x0000, 0x0000, 0x0000, 0x0000, 0x0000, 0x0000,
  0x0000, 0x0000, 0x0000, 0x0000, 0x0000, 0x0000, 0x0000, 0x0000, 0x0000, 0x0000, 0x0000, 0x0000,
  0x0000, 0x0000, 0x0000, 0x0000, 0x0000, 0x0000, 0x0000, 0x0000, 0x0000, 0x0000, 0x0000, 0x0000,
  0x0000, 0x0000, 0x0000, 0x0000, 0x0000, 0x0000, 0x0000, 0x0000, 0x0000, 0x0000, 0x0000, 0x0000,
  0x0000, 0x0000, 0x0000, 0x0000, 0x0000, 0x0000, 0x0000, 0x0000, 0x0000, 0x0000, 0x0000, 0x0000,
  0x0000, 0x0000, 0x0000, 0x0000, 0x0000, 0x0000, 0x0000, 0x0000, 0x0000, 0x0000, 0x0000, 0x0000,
  0x0000, 0x0000, 0x0000, 0x0000, 0x0000, 0x0000, 0x0000, 0x0000, 0x0000, 0x0000, 0x0000, 0x0000,
  0x0000, 0x0000, 0x0000, 0x0000, 0x0000, 0x0000, 0x0000, 0x0000, 0x0000, 0x0000, 0x0000, 0x0000,
  0x0000, 0x0000, 0x0000, 0x0000, 0x0000, 0x0000, 0x0000, 0x0000, 0x0000, 0x0000, 0x0000, 0x0000,
  0x0000, 0x0000, 0x0000, 0x0000, 0x0000, 0x0000, 0x0000, 0x0000, 0x0000, 0x0000, 0x0000, 0x0000,
  0x0000, 0x0000, 0x0000, 0x0000, 0x0000, 0x0000, 0x0000, 0x0000, 0x0000, 0x0000, 0x0000, 0x0000,
  0x0000, 0x0000, 0x0000, 0x0000, 0x0000, 0x0000, 0x0000, 0x0000, 0x0000, 0x0000, 0x0000, 0x0000,
  0x0000, 0x0000, 0x0000, 0x0000, 0x0000, 0x0000, 0x0000, 0x0000, 0x0000, 0x0000, 0x0000, 0x0000,
  0x0000, 0x0000, 0x0000, 0x0000, 0x0000, 0x0000, 0x0000, 0x0000, 0x0000, 0x0000, 0x0000, 0x0000,
  0x0000, 0x0000, 0x0000, 0x0000, 0x0000, 0x0000, 0x0000, 0x0000, 0x0000, 0x0000, 0x0000, 0x0000,
  0x0000, 0x0000, 0x0000, 0x0000, 0x0000, 0x0000, 0x0000, 0x0000, 0x0000, 0x0000, 0x0000, 0x0000,
  0x0000, 0x0000, 0x0000, 0x0000, 0x0000, 0x0000, 0x0000, 0x0000, 0x0000, 0x0000, 0x0000, 0x0000,
  0x0000, 0x0000, 0x0000, 0x0000, 0x0000, 0x0000, 0x0000, 0x0000, 0x0000, 0x0000, 0x0000, 0x0000,
  0x0000, 0x0000, 0x0000, 0x0000, 0x0000, 0x0000, 0x0000, 0x0000, 0x0000, 0x0000, 0x0000, 0x0000,
  0x0000, 0x0000, 0x0000, 0x0000, 0x0000, 0x0000, 0x0000, 0x0000, 0x0000, 0x0000, 0x0000, 0x0000,
  0x0000, 0x0000, 0x0000, 0x0000, 0x0000, 0x0000, 0x0000, 0x0000, 0x0000, 0x0000, 0x0000, 0x0000,
  0x0000, 0x0000, 0x0000, 0x0000, 0x0000, 0x0000, 0x0000, 0x0000, 0x0000, 0x0000, 0x0000, 0x0000,
  0x0000, 0x0000, 0x0000, 0x0000, 0x0000, 0x0000, 0x0000, 0x0000, 0x0000, 0x0000, 0x0000, 0x0000,
  0x0000, 0x0000, 0x0000, 0x0000, 0x0000, 0x0000, 0x0000, 0x0000, 0x0000, 0x0000, 0x0000, 0x0000,
  0x0000, 0x0000, 0x0000, 0x0000, 0x0000, 0x0000, 0x0000, 0x0000, 0x0000, 0x0000, 0x0000, 0x0000,
  0x0000, 0x0000, 0x0000, 0x0000, 0x0000, 0x0000, 0x0000, 0x0000, 0x0000, 0x0000, 0x0000, 0x0000,
  0x0000, 0x0000, 0x0000, 0x0000, 0x0000, 0x0000, 0x0000, 0x0000, 0x0000, 0x0000, 0x0000, 0x0000,
  0x0000, 0x0000, 0x0000, 0x0000, 0x0000, 0x0000, 0x0000, 0x0000, 0x0000, 0x0000, 0x0000, 0x0000,
  0x0000, 0x0000, 0x0000, 0x0000, 0x0000, 0x0000, 0x0000, 0x0000, 0x0000, 0x0000, 0x0000, 0x0000,
  0x0000, 0x0000, 0x0000, 0x0000, 0x0000, 0x0000, 0x0000, 0x0000, 0x0000, 0x0000, 0x0000, 0x0000,
  0x0000, 0x0000, 0x0000, 0x0000, 0x0000, 0x0000, 0x0000, 0x0000, 0x0000, 0x0000, 0x0000, 0x0000,
  0x0000, 0x0000, 0x0000, 0x0000, 0x0000, 0x0000, 0x0000, 0x0000, 0x0000, 0x0000, 0x0000, 0x0000,
  0x0000, 0x0000, 0x0000, 0x0000, 0x0000, 0x0000, 0x0000, 0x0000, 0x0000, 0x0000, 0x0000, 0x0000,
  0x0000, 0x0000, 0x0000, 0x0000, 0x0000, 0x0000, 0x0000, 0x0000, 0x0000, 0x0000, 0x0000, 0x0000,
  0x0000, 0x0000, 0x0000, 0x0000, 0x0000, 0x0000, 0x0000, 0x0000, 0x0000, 0x0000, 0x0000, 0x0000,
  0x0000, 0x0000, 0x0000, 0x0000, 0x0000, 0x0000, 0x0000, 0x0000, 0x0000, 0x0000, 0x0000, 0x0000,
  0x0000, 0x0000, 0x0000, 0x0000, 0x0000, 0x0000, 0x0000, 0x0000, 0x0000, 0x0000, 0x0000, 0x0000,
  0x0000, 0x0000, 0x0000, 0x0000, 0x0000, 0x0000, 0x0000, 0x0000, 0x0000, 0x0000, 0x0000, 0x0000,
  0x0000, 0x0000, 0x0000, 0x0000, 0x0000, 0x0000, 0x0000, 0x0000, 0x0000, 0x0000, 0x0000, 0x0000,
  0x0000, 0x0000, 0x0000, 0x0000, 0x0000, 0x0000, 0x0000, 0x0000, 0x0000, 0x0000, 0x0000, 0x0000,
  0x0000, 0x0000, 0x0000, 0x0000, 0x0000, 0x0000, 0x0000, 0x0000, 0x0000, 0x0000, 0x0000, 0x0000,
  0x0000, 0x0000, 0x0000, 0x0000, 0x0000, 0x0000, 0x0000, 0x0000, 0x0000, 0x0000, 0x0000, 0x0000,
  0x0000, 0x0000, 0x0000, 0x0000, 0x0000, 0x0000, 0x0000, 0x0000, 0x0000, 0x0000, 0x0000, 0x0000,
  0x0000, 0x0000, 0x0000, 0x0000, 0x0000, 0x0000, 0x0000, 0x0000, 0x0000, 0x0000, 0x0000, 0x0000,
  0x0000, 0x0000, 0x0000, 0x0000, 0x0000, 0x0000, 0x0000, 0x0000, 0x0000, 0x0000, 0x0000, 0x0000,
  0x0000, 0x0000, 0x0000, 0x0000, 0x0000, 0x0000, 0x0000, 0x0000, 0x0000, 0x0000, 0x0000, 0x0000,
  0x0000, 0x0000, 0x0000, 0x0000, 0x0000, 0x0000, 0x0000, 0x0000, 0x0000, 0x0000, 0x0000, 0x0000,
  0x0000, 0x0000, 0x0000, 0x0000, 0x0000, 0x0000, 0x0000, 0x0000, 0x0000, 0x0000, 0x0000, 0x0000,
  0x0000, 0x0000, 0x0000, 0x0000, 0x0000, 0x0000, 0x0000, 0x0000, 0x0000, 0x0000, 0x0000, 0x0000,
  0x0000, 0x0000, 0x0000, 0x0000, 0x0000, 0x0000, 0x0000, 0x0000, 0x0000, 0x0000, 0x0000, 0x0000,
  0x0000, 0x0000, 0x0000, 0x0000, 0x0000, 0x0000, 0x0000, 0x0000, 0x0000, 0x0000, 0x0000, 0x0000,
  0x0000, 0x0000, 0x0000, 0x0000, 0x0000, 0x0000, 0x0000, 0x0000, 0x0000, 0x0000, 0x0000, 0x0000,
  0x0000, 0x0000, 0x0000, 0x0000, 0x0000, 0x0000, 0x0000, 0x0000, 0x0000, 0x0000, 0x0000, 0x0000,
  0x0000, 0x0000, 0x0000, 0x0000, 0x0000, 0x0000, 0x0000, 0x0000, 0x0000, 0x0000, 0x0000, 0x0000,
  0x0000, 0x0000, 0x0000, 0x0000, 0x0000, 0x0000, 0x0000, 0x0000, 0x0000, 0x0000, 0x0000, 0x0000,
  0x0000, 0x0000, 0x0000, 0x0000, 0x0000, 0x0000, 0x0000, 0x0000, 0x0000, 0x0000, 0x0000, 0x0000,
  0x0000, 0x0000, 0x0000, 0x0000, 0x0000, 0x0000, 0x0000, 0x0000, 0x0000, 0x0000, 0x0000, 0x0000,
  0x0000, 0x0000, 0x0000, 0x0000, 0x0000, 0x0000, 0x0000, 0x0000, 0x0000, 0x0000, 0x0000, 0x0000,
  0x0000, 0x0000, 0x0000, 0x0000, 0x0000, 0x0000, 0x0000, 0x0000, 0x0000, 0x0000, 0x0000, 0x0000,
  0x0000, 0x0000, 0x0000, 0x0000, 0x0000, 0x0000, 0x0000, 0x0000, 0x0000, 0x0000, 0x0000, 0x0000,
  0x0000, 0x0000, 0x0000, 0x0000, 0x0000, 0x0000, 0x0000, 0x0000, 0x0000, 0x0000, 0x0000, 0x0000,
  0x0000, 0x0000, 0x0000, 0x0000, 0x0000, 0x0000, 0x0000, 0x0000, 0x0000, 0x0000, 0x0000, 0x0000,
  0x0000, 0x0000, 0x0000, 0x0000, 0x0000, 0x0000, 0x0000, 0x0000, 0x0000, 0x0000, 0x0000, 0x0000,
  0x0000, 0x0000, 0x0000, 0x0000, 0x0000, 0x0000, 0x0000, 0x0000, 0x0000, 0x0000, 0x0000, 0x0000,
  0x0000, 0x0000, 0x0000, 0x0000, 0x0000, 0x0000, 0x0000, 0x0000, 0x0000, 0x0000, 0x0000, 0x0000,
  0x0000, 0x0000, 0x0000, 0x0000, 0x0000, 0x0000, 0x0000, 0x0000, 0x0000, 0x0000, 0x0000, 0x0000,
  0x0000, 0x0000, 0x0000, 0x0000, 0x0000, 0x0000, 0x0000, 0x0000, 0x0000, 0x0000, 0x0000, 0x0000,
  0x0000, 0x0000, 0x0000, 0x0000, 0x0000, 0x0000, 0x0000, 0x0000, 0x0000, 0x0000, 0x0000, 0x0000,
  0x0000, 0x0000, 0x0000, 0x0000, 0x0000, 0x0000, 0x0000, 0x0000, 0x0000, 0x0000, 0x0000, 0x0000,
  0x0000, 0x0000, 0x0000, 0x0000, 0x0000, 0x0000, 0x0000, 0x0000, 0x0000, 0x0000, 0x0000, 0x0000,
  0x0000, 0x0000, 0x0000, 0x0000, 0x0000, 0x0000, 0x0000, 0x0000, 0x0000, 0x0000, 0x0000, 0x0000,
  0x0000, 0x0000, 0x0000, 0x0000, 0x0000, 0x0000, 0x0000, 0x0000, 0x0000, 0x0000, 0x0000, 0x0000,
  0x0000, 0x0000, 0x0000, 0x0000, 0x0000, 0x0000, 0x0000, 0x0000, 0x0000, 0x0000, 0x0000, 0x0000,
  0x0000, 0x0000, 0x0000, 0x0000, 0x0000, 0x0000, 0x0000, 0x0000, 0x0000, 0x0000, 0x0000, 0x0000,
  0x0000, 0x0000, 0x0000, 0x0000, 0x0000, 0x0000, 0x0000, 0x0000, 0x0000, 0x0000, 0x0000, 0x0000,
  0x0000, 0x0000, 0x0000, 0x0000, 0x0000, 0x0000, 0x0000, 0x0000, 0x0000, 0x0000, 0x0000, 0x0000,
  0x0000, 0x0000, 0x0000, 0x0000, 0x0000, 0x0000, 0x0000, 0x0000, 0x0000, 0x0000, 0x0000, 0x0000,
  0x0000, 0x0000, 0x0000, 0x0000, 0x0000, 0x0000, 0x0000, 0x0000, 0x0000, 0x0000, 0x0000, 0x0000,
  0x0000, 0x0000, 0x0000, 0x0000, 0x0000, 0x0000, 0x0000, 0x0000, 0x0000, 0x0000, 0x0000, 0x0000,
  0x0000, 0x0000, 0x0000, 0x0000, 0x0000, 0x0000, 0x0000, 0x0000, 0x0000, 0x0000, 0x0000, 0x0000,
  0x0000, 0x0000, 0x0000, 0x0000, 0x0000, 0x0000, 0x0000, 0x0000, 0x0000, 0x0000, 0x0000, 0x0000,
  0x0000, 0x0000, 0x0000, 0x0000, 0x0000, 0x0000, 0x0000, 0x0000, 0x0000, 0x0000, 0x0000, 0x0000,
  0x0000, 0x0000, 0x0000, 0x0000, 0x0000, 0x0000, 0x0000, 0x0000, 0x0000, 0x0000, 0x0000, 0x0000,
  0x0000, 0x0000, 0x0000, 0x0000, 0x0000, 0x0000, 0x0000, 0x0000, 0x0000, 0x0000, 0x0000, 0x0000,
  0x0000, 0x0000, 0x0000, 0x0000, 0x0000, 0x0000, 0x0000, 0x0000, 0x0000, 0x0000, 0x0000, 0x0000,
  0x0000, 0x0000, 0x0000, 0x0000, 0x0000, 0x0000, 0x0000, 0x0000, 0x0000, 0x0000, 0x0000, 0x0000,
  0x0000, 0x0000, 0x0000, 0x0000, 0x0000, 0x0000, 0x0000, 0x0000, 0x0000, 0x0000, 0x0000, 0x0000,
  0x0000, 0x0000, 0x0000, 0x0000, 0x0000, 0x0000, 0x0000, 0x0000, 0x0000, 0x0000, 0x0000, 0x0000,
  0x0000, 0x0000, 0x0000, 0x0000, 0x0000, 0x0000, 0x0000, 0x0000, 0x0000, 0x0000, 0x0000, 0x0000,
  0x0000, 0x0000, 0x0000, 0x0000, 0x0000, 0x0000, 0x0000, 0x0000, 0x0000, 0x0000, 0x0000, 0x0000,
  0x0000, 0x0000, 0x0000, 0x0000, 0x0000, 0x0000, 0x0000, 0x0000, 0x0000, 0x0000, 0x0000, 0x0000,
  0x0000, 0x0000, 0x0000, 0x0000, 0x0000, 0x0000, 0x0000, 0x0000, 0x0000, 0x0000, 0x0000, 0x0000,
  0x0000, 0x0000, 0x0000, 0x0000, 0x0000, 0x0000, 0x0000, 0x0000, 0x0000, 0x0000, 0x0000, 0x0000,
  0x0000, 0x0000, 0x0000, 0x0000, 0x0000, 0x0000, 0x0000, 0x0000, 0x0000, 0x0000, 0x0000, 0x0000,
  0x0000, 0x0000, 0x0000, 0x0000, 0x0000, 0x0000, 0x0000, 0x0000, 0x0000, 0x0000, 0x0000, 0x0000,
  0x0000, 0x0000, 0x0000, 0x0000, 0x0000, 0x0000, 0x0000, 0x0000, 0x0000, 0x0000, 0x0000, 0x0000,
  0x0000, 0x0000, 0x0000, 0x0000, 0x0000, 0x0000, 0x0000, 0x0000, 0x0000, 0x0000, 0x0000, 0x0000,
  0x0000, 0x0000, 0x0000, 0x0000, 0x0000, 0x0000, 0x0000, 0x0000, 0x0000, 0x0000, 0x0000, 0x0000,
  0x0000, 0x0000, 0x0000, 0x0000, 0x0000, 0x0000, 0x0000, 0x0000, 0x0000, 0x0000, 0x0000, 0x0000,
  0x0000, 0x0000, 0x0000, 0x0000, 0x0000, 0x0000, 0x0000, 0x0000, 0x0000, 0x0000, 0x0000, 0x0000,
  0x0000, 0x0000, 0x0000, 0x0000, 0x0000, 0x0000, 0x0000, 0x0000, 0x0000, 0x0000, 0x0000, 0x0000,
  0x0000, 0x0000, 0x0000, 0x0000, 0x0000, 0x0000, 0x0000, 0x0000, 0x0000, 0x0000, 0x0000, 0x0000,
  0x0000, 0x0000, 0x0000, 0x0000, 0x0000, 0x0000, 0x0000, 0x0000, 0x0000, 0x0000, 0x0000, 0x0000,
  0x0000, 0x0000, 0x0000, 0x0000, 0x0000, 0x0000, 0x0000, 0x0000, 0x0000, 0x0000, 0x0000, 0x0000,
  0x0000, 0x0000, 0x0000, 0x0000, 0x0000, 0x0000, 0x0000, 0x0000, 0x0000, 0x0000, 0x0000, 0x0000,
  0x0000, 0x0000, 0x0000, 0x0000, 0x0000, 0x0000, 0x0000, 0x0000, 0x0000, 0x0000, 0x0000, 0x0000,
  0x0000, 0x0000, 0x0000, 0x0000, 0x0000, 0x0000, 0x0000, 0x0000, 0x0000, 0x0000, 0x0000, 0x0000,
  0x0000, 0x0000, 0x0000, 0x0000, 0x0000, 0x0000, 0x0000, 0x0000, 0x0000, 0x0000, 0x0000, 0x0000,
  0x0000, 0x0000, 0x0000, 0x0000, 0x0000, 0x0000, 0x0000, 0x0000, 0x0000, 0x0000, 0x0000, 0x0000,
  0x0000, 0x0000, 0x0000, 0x0000, 0x0000, 0x0000, 0x0000, 0x0000, 0x0000, 0x0000, 0x0000, 0x0000,
  0x0000, 0x0000, 0x0000, 0x0000, 0x0000, 0x0000, 0x0000, 0x0000, 0x0000, 0x0000, 0x0000, 0x0000,
  0x0000, 0x0000, 0x0000, 0x0000, 0x0000, 0x0000, 0x0000, 0x0000, 0x0000, 0x0000, 0x0000, 0x0000,
  0x0000, 0x0000, 0x0000, 0x0000, 0x0000, 0x0000, 0x0000, 0x0000, 0x0000, 0x0000, 0x0000, 0x0000,
  0x0000, 0x0000, 0x0000, 0x0000, 0x0000, 0x0000, 0x0000, 0x0000, 0x0000, 0x0000, 0x0000, 0x0000,
  0x0000, 0x0000, 0x0000, 0x0000, 0x0000, 0x0000, 0x0000, 0x0000, 0x0000, 0x0000, 0x0000, 0x0000,
  0x0000, 0x0000, 0x0000, 0x0000, 0x0000, 0x0000, 0x0000, 0x0000, 0x0000, 0x0000, 0x0000, 0x0000,
  0x0000, 0x0000, 0x0000, 0x0000, 0x0000, 0x0000, 0x0000, 0x0000, 0x0000, 0x0000, 0x0000, 0x0000,
  0x0000, 0x0000, 0x0000, 0x0000, 0x0000, 0x0000, 0x0000, 0x0000, 0x0000, 0x0000, 0x0000, 0x0000,
  0x0000, 0x0000, 0x0000, 0x0000, 0x0000, 0x0000, 0x0000, 0x0000, 0x0000, 0x0000, 0x0000, 0x0000,
  0x0000, 0x0000, 0x0000, 0x0000, 0x0000, 0x0000, 0x0000, 0x0000, 0x0000, 0x0000, 0x0000, 0x0000,
  0x0000, 0x0000, 0x0000, 0x0000, 0x0000, 0x0000, 0x0000, 0x0000, 0x0000, 0x0000, 0x0000, 0x0000,
  0x0000, 0x0000, 0x0000, 0x0000, 0x0000, 0x0000, 0x0000, 0x0000, 0x0000, 0x0000, 0x0000, 0x0000,
  0x0000, 0x0000, 0x0000, 0x0000, 0x0000, 0x0000, 0x0000, 0x0000, 0x0000, 0x0000, 0x0000, 0x0000,
  0x0000, 0x0000, 0x0000, 0x0000, 0x0000, 0x0000, 0x0000, 0x0000, 0x0000, 0x0000, 0x0000, 0x0000,
  0x0000, 0x0000, 0x0000, 0x0000, 0x0000, 0x0000, 0x0000, 0x0000, 0x0000, 0x0000, 0x0000, 0x0000,
  0x0000, 0x0000, 0x0000, 0x0000, 0x0000, 0x0000, 0x0000, 0x0000, 0x0000, 0x0000, 0x0000, 0x0000,
  0x0000, 0x0000, 0x0000, 0x0000, 0x0000, 0x0000, 0x0000, 0x0000, 0x0000, 0x0000, 0x0000, 0x0000,
  0x0000, 0x0000, 0x0000, 0x0000, 0x0000, 0x0000, 0x0000, 0x0000, 0x0000, 0x0000, 0x0000, 0x0000,
  0x0000, 0x0000, 0x0000, 0x0000, 0x0000, 0x0000, 0x0000, 0x0000, 0x0000, 0x0000, 0x0000, 0x0000,
  0x0000, 0x0000, 0x0000, 0x0000, 0x0000, 0x0000, 0x0000, 0x0000, 0x0000, 0x0000, 0x0000, 0x0000,
  0x0000, 0x0000, 0x0000, 0x0000, 0x0000, 0x0000, 0x0000, 0x0000, 0x0000, 0x0000, 0x0000, 0x0000,
  0x0000, 0x0000, 0x0000, 0x0000, 0x0000, 0x0000, 0x0000, 0x0000, 0x0000, 0x0000, 0x0000, 0x0000,
  0x0000, 0x0000, 0x0000, 0x0000, 0x0000, 0x0000, 0x0000, 0x0000, 0x0000, 0x0000, 0x0000, 0x0000,
  0x0000, 0x0000, 0x0000, 0x0000, 0x0000, 0x0000, 0x0000, 0x0000, 0x0000, 0x0000, 0x0000, 0x0000,
  0x0000, 0x0000, 0x0000, 0x0000, 0x0000, 0x0000, 0x0000, 0x0000, 0x0000, 0x0000, 0x0000, 0x0000,
  0x0000, 0x0000, 0x0000, 0x0000, 0x0000, 0x0000, 0x0000, 0x0000, 0x0000, 0x0000, 0x0000, 0x0000,
  0x0000, 0x0000, 0x0000, 0x0000, 0x0000, 0x0000, 0x0000, 0x0000, 0x0000, 0x0000, 0x0000, 0x0000,
  0x0000, 0x0000, 0x0000, 0x0000, 0x0000, 0x0000, 0x0000, 0x0000, 0x0000, 0x0000, 0x0000, 0x0000,
  0x0000, 0x0000, 0x0000, 0x0000, 0x0000, 0x0000, 0x0000, 0x0000, 0x0000, 0x0000, 0x0000, 0x0000,
  0x0000, 0x0000, 0x0000, 0x0000, 0x0000, 0x0000, 0x0000, 0x0000, 0x0000, 0x0000, 0x0000, 0x0000,
  0x0000, 0x0000, 0x0000, 0x0000, 0x0000, 0x0000, 0x0000, 0x0000, 0x0000, 0x0000, 0x0000, 0x0000,
  0x0000, 0x0000, 0x0000, 0x0000, 0x0000, 0x0000, 0x0000, 0x0000, 0x0000, 0x0000, 0x0000, 0x0000,
  0x0000, 0x0000, 0x0000, 0x0000, 0x0000, 0x0000, 0x0000, 0x0000, 0x0000, 0x0000, 0x0000, 0x0000,
  0x0000, 0x0000, 0x0000, 0x0000, 0x0000, 0x0000, 0x0000, 0x0000, 0x0000, 0x0000, 0x0000, 0x0000,
  0x0000, 0x0000, 0x0000, 0x0000, 0x0000, 0x0000, 0x0000, 0x0000, 0x0000, 0x0000, 0x0000, 0x0000,
  0x0000, 0x0000, 0x0000, 0x0000, 0x0000, 0x0000, 0x0000, 0x0000, 0x0000, 0x0000, 0x0000, 0x0000,
  0x0000, 0x0000, 0x0000, 0x0000, 0x0000, 0x0000, 0x0000, 0x0000, 0x0000, 0x0000, 0x0000, 0x0000,
  0x0000, 0x0000, 0x0000, 0x0000, 0x0000, 0x0000, 0x0000, 0x0000, 0x0000, 0x0000, 0x0000, 0x0000,
  0x0000, 0x0000, 0x0000, 0x0000, 0x0000, 0x0000, 0x0000, 0x0000, 0x0000, 0x0000, 0x0000, 0x0000,
  0x0000, 0x0000, 0x0000, 0x0000, 0x0000, 0x0000, 0x0000, 0x0000, 0x0000, 0x0000, 0x0000, 0x0000,
  0x0000, 0x0000, 0x0000, 0x0000, 0x0000, 0x0000, 0x0000, 0x0000, 0x0000, 0x0000, 0x0000, 0x0000,
  0x0000, 0x0000, 0x0000, 0x0000, 0x0000, 0x0000, 0x0000, 0x0000, 0x0000, 0x0000, 0x0000, 0x0000,
  0x0000, 0x0000, 0x0000, 0x0000, 0x0000, 0x0000, 0x0000, 0x0000, 0x0000, 0x0000, 0x0000, 0x0000,
  0x0000, 0x0000, 0x0000, 0x0000, 0x0000, 0x0000, 0x0000, 0x0000, 0x0000, 0x0000, 0x0000, 0x0000,
  0x0000, 0x0000, 0x0000, 0x0000, 0x0000, 0x0000, 0x0000, 0x0000, 0x0000, 0x0000, 0x0000, 0x0000,
  0x0000, 0x0000, 0x0000, 0x0000, 0x0000, 0x0000, 0x0000, 0x0000, 0x0000, 0x0000, 0x0000, 0x0000,
  0x0000, 0x0000, 0x0000, 0x0000, 0x0000, 0x0000, 0x0000, 0x0000, 0x0000, 0x0000, 0x0000, 0x0000,
  0x0000, 0x0000, 0x0000, 0x0000, 0x0000, 0x0000, 0x0000, 0x0000, 0x0000, 0x0000, 0x0000, 0x0000,
  0x0000, 0x0000, 0x0000, 0x0000, 0x0000, 0x0000, 0x0000, 0x0000, 0x0000, 0x0000, 0x0000, 0x0000,
  0x0000, 0x0000, 0x0000, 0x0000, 0x0000, 0x0000, 0x0000, 0x0000, 0x0000, 0x0000, 0x0000, 0x0000,
  0x0000, 0x0000, 0x0000, 0x0000, 0x0000, 0x0000, 0x0000, 0x0000, 0x0000, 0x0000, 0x0000, 0x0000,
  0x0000, 0x0000, 0x0000, 0x0000, 0x0000, 0x0000, 0x0000, 0x0000, 0x0000, 0x0000, 0x0000, 0x0000,
  0x0000, 0x0000, 0x0000, 0x0000, 0x0000, 0x0000, 0x0000, 0x0000, 0x0000, 0x0000, 0x0000, 0x0000,
  0x0000, 0x0000, 0x0000, 0x0000, 0x0000, 0x0000, 0x0000, 0x0000, 0x0000, 0x0000, 0x0000, 0x0000,
  0x0000, 0x0000, 0x0000, 0x0000, 0x0000, 0x0000, 0x0000, 0x0000, 0x0000, 0x0000, 0x0000, 0x0000,
  0x0000, 0x0000, 0x0000, 0x0000, 0x0000, 0x0000, 0x0000, 0x0000, 0x0000, 0x0000, 0x0000, 0x0000,
  0x0000, 0x0000, 0x0000, 0x0000, 0x0000, 0x0000, 0x0000, 0x0000, 0x0000, 0x0000, 0x0000, 0x0000,
  0x0000, 0x0000, 0x0000, 0x0000, 0x0000, 0x0000, 0x0000, 0x0000, 0x0000, 0x0000, 0x0000, 0x0000,
  0x0000, 0x0000, 0x0000, 0x0000, 0x0000, 0x0000, 0x0000, 0x0000, 0x0000, 0x0000, 0x0000, 0x0000,
  0x0000, 0x0000, 0x0000, 0x0000, 0x0000, 0x0000, 0x0000, 0x0000, 0x0000, 0x0000, 0x0000, 0x0000,
  0x0000, 0x0000, 0x0000, 0x0000, 0x0000, 0x0000, 0x0000, 0x0000, 0x0000, 0x0000, 0x0000, 0x0000,
  0x0000, 0x0000, 0x0000, 0x0000, 0x0000, 0x0000, 0x0000, 0x0000, 0x0000, 0x0000, 0x0000, 0x0000,
  0x0000, 0x0000, 0x0000, 0x0000, 0x0000, 0x0000, 0x0000, 0x0000, 0x0000, 0x0000, 0x0000, 0x0000,
  0x0000, 0x0000, 0x0000, 0x0000, 0x0000, 0x0000, 0x0000, 0x0000, 0x0000, 0x0000, 0x0000, 0x0000,
  0x0000, 0x0000, 0x0000, 0x0000, 0x0000, 0x0000, 0x0000, 0x0000, 0x0000, 0x0000, 0x0000, 0x0000,
  0x0000, 0x0000, 0x0000, 0x0000, 0x0000, 0x0000, 0x0000, 0x0000, 0x0000, 0x0000, 0x0000, 0x0000,
  0x0000, 0x0000, 0x0000, 0x0000, 0x0000, 0x0000, 0x0000, 0x0000, 0x0000, 0x0000, 0x0000, 0x0000,
  0x0000, 0x0000, 0x0000, 0x0000, 0x0000, 0x0000, 0x0000, 0x0000, 0x0000, 0x0000, 0x0000, 0x0000,
  0x0000, 0x0000, 0x0000, 0x0000, 0x0000, 0x0000, 0x0000, 0x0000, 0x0000, 0x0000, 0x0000, 0x0000,
  0x0000, 0x0000, 0x0000, 0x0000, 0x0000, 0x0000, 0x0000, 0x0000, 0x0000, 0x0000, 0x0000, 0x0000,
  0x0000, 0x0000, 0x0000, 0x0000, 0x0000, 0x0000, 0x0000, 0x0000, 0x0000, 0x0000, 0x0000, 0x0000,
  0x0000, 0x0000, 0x0000, 0x0000, 0x0000, 0x0000, 0x0000, 0x0000, 0x0000, 0x0000, 0x0000, 0x0000,
  0x0000, 0x0000, 0x0000, 0x0000, 0x0000, 0x0000, 0x0000, 0x0000, 0x0000, 0x0000, 0x0000, 0x0000,
  0x0000, 0x0000, 0x0000, 0x0000, 0x0000, 0x0000, 0x0000, 0x0000, 0x0000, 0x0000, 0x0000, 0x0000,
  0x0000, 0x0000, 0x0000, 0x0000, 0x0000, 0x0000, 0x0000, 0x0000, 0x0000, 0x0000, 0x0000, 0x0000,
  0x0000, 0x0000, 0x0000, 0x0000, 0x0000, 0x0000, 0x0000, 0x0000, 0x0000, 0x0000, 0x0000, 0x0000,
  0x0000, 0x0000, 0x0000, 0x0000, 0x0000, 0x0000, 0x0000, 0x0000, 0x0000, 0x0000, 0x0000, 0x0000,
  0x0000, 0x0000, 0x0000, 0x0000, 0x0000, 0x0000, 0x0000, 0x0000, 0x0000, 0x0000, 0x0000, 0x0000,
  0x0000, 0x0000, 0x0000, 0x0000, 0x0000, 0x0000, 0x0000, 0x0000, 0x0000, 0x0000, 0x0000, 0x0000,
  0x0000, 0x0000, 0x0000, 0x0000, 0x0000, 0x0000, 0x0000, 0x0000, 0x0000, 0x0000, 0x0000, 0x0000,
  0x0000, 0x0000, 0x0000, 0x0000, 0x0000, 0x0000, 0x0000, 0x0000, 0x0000, 0x0000, 0x0000, 0x0000,
  0x0000, 0x0000, 0x0000, 0x0000, 0x0000, 0x0000, 0x0000, 0x0000, 0x0000, 0x0000, 0x0000, 0x0000,
  0x0000, 0x0000, 0x0000, 0x0000, 0x0000, 0x0000, 0x0000, 0x0000, 0x0000, 0x0000, 0x0000, 0x0000,
  0x0000, 0x0000, 0x0000, 0x0000, 0x0000, 0x0000, 0x0000, 0x0000, 0x0000, 0x0000, 0x0000, 0x0000,
  0x0000, 0x0000, 0x0000, 0x0000, 0x0000, 0x0000, 0x0000, 0x0000, 0x0000, 0x0000, 0x0000, 0x0000,
  0x0000, 0x0000, 0x0000, 0x0000, 0x0000, 0x0000, 0x0000, 0x0000, 0x0000, 0x0000, 0x0000, 0x0000,
  0x0000, 0x0000, 0x0000, 0x0000, 0x0000, 0x0000, 0x0000, 0x0000, 0x0000, 0x0000, 0x0000, 0x0000,
  0x0000, 0x0000, 0x0000, 0x0000, 0x0000, 0x0000, 0x0000, 0x0000, 0x0000, 0x0000, 0x0000, 0x0000,
  0x0000, 0x0000, 0x0000, 0x0000, 0x0000, 0x0000, 0x0000, 0x0000, 0x0000, 0x0000, 0x0000, 0x0000,
  0x0000, 0x0000, 0x0000, 0x0000, 0x0000, 0x0000, 0x0000, 0x0000, 0x0000, 0x0000, 0x0000, 0x0000,
  0x0000, 0x0000, 0x0000, 0x0000, 0x0000, 0x0000, 0x0000, 0x0000, 0x0000, 0x0000, 0x0000, 0x0000,
  0x0000, 0x0000, 0x0000, 0x0000, 0x0000, 0x0000, 0x0000, 0x0000, 0x0000, 0x0000, 0x0000, 0x0000,
  0x0000, 0x0000, 0x0000, 0x0000, 0x0000, 0x0000, 0x0000, 0x0000, 0x0000, 0x0000, 0x0000, 0x0000,
  0x0000, 0x0000, 0x0000, 0x0000, 0x0000, 0x0000, 0x0000, 0x0000, 0x0000, 0x0000, 0x0000, 0x0000,
  0x0000, 0x0000, 0x0000, 0x0000, 0x0000, 0x0000, 0x0000, 0x0000, 0x0000, 0x0000, 0x0000, 0x0000,
  0x0000, 0x0000, 0x0000, 0x0000, 0x0000, 0x0000, 0x0000, 0x0000, 0x0000, 0x0000, 0x0000, 0x0000,
  0x0000, 0x0000, 0x0000, 0x0000, 0x0000, 0x0000, 0x0000, 0x0000, 0x0000, 0x0000, 0x0000, 0x0000,
  0x0000, 0x0000, 0x0000, 0x0000, 0x0000, 0x0000, 0x0000, 0x0000, 0x0000, 0x0000, 0x0000, 0x0000,
  0x0000, 0x0000, 0x0000, 0x0000, 0x0000, 0x0000, 0x0000, 0x0000, 0x0000, 0x0000, 0x0000, 0x0000,
  0x0000, 0x0000, 0x0000, 0x0000, 0x0000, 0x0000, 0x0000, 0x0000, 0x0000, 0x0000, 0x0000, 0x0000,
  0x0000, 0x0000, 0x0000, 0x0000, 0x0000, 0x0000, 0x0000, 0x0000, 0x0000, 0x0000, 0x0000, 0x0000,
  0x0000, 0x0000, 0x0000, 0x0000, 0x0000, 0x0000, 0x0000, 0x0000, 0x0000, 0x0000, 0x0000, 0x0000,
  0x0000, 0x0000, 0x0000, 0x0000, 0x0000, 0x0000, 0x0000, 0x0000, 0x0000, 0x0000, 0x0000, 0x0000,
  0x0000, 0x0000, 0x0000, 0x0000, 0x0000, 0x0000, 0x0000, 0x0000, 0x0000, 0x0000, 0x0000, 0x0000,
  0x0000, 0x0000, 0x0000, 0x0000, 0x0000, 0x0000, 0x0000, 0x0000, 0x0000, 0x0000, 0x0000, 0x0000,
  0x0000, 0x0000, 0x0000, 0x0000, 0x0000, 0x0000, 0x0000, 0x0000, 0x0000, 0x0000, 0x0000, 0x0000,
  0x0000, 0x0000, 0x0000, 0x0000, 0x0000, 0x0000, 0x0000, 0x0000, 0x0000, 0x0000, 0x0000, 0x0000,
  0x0000, 0x0000, 0x0000, 0x0000, 0x0000, 0x0000, 0x0000, 0x0000, 0x0000, 0x0000, 0x0000, 0x0000,
  0x0000, 0x0000, 0x0000, 0x0000, 0x0000, 0x0000, 0x0000, 0x0000, 0x0000, 0x0000, 0x0000, 0x0000,
  0x0000, 0x0000, 0x0000, 0x0000, 0x0000, 0x0000, 0x0000, 0x0000, 0x0000, 0x0000, 0x0000, 0x0000,
  0x0000, 0x0000, 0x0000, 0x0000, 0x0000, 0x0000, 0x0000, 0x0000, 0x0000, 0x0000, 0x0000, 0x0000,
  0x0000, 0x0000, 0x0000, 0x0000, 0x0000, 0x0000, 0x0000, 0x0000, 0x0000, 0x0000, 0x0000, 0x0000,
  0x0000, 0x0000, 0x0000, 0x0000, 0x0000, 0x0000, 0x0000, 0x0000, 0x0000, 0x0000, 0x0000, 0x0000,
  0x0000, 0x0000, 0x0000, 0x0000, 0x0000, 0x0000, 0x0000, 0x0000, 0x0000, 0x0000, 0x0000, 0x0000,
  0x0000, 0x0000, 0x0000, 0x0000, 0x0000, 0x0000, 0x0000, 0x0000, 0x0000, 0x0000, 0x0000, 0x0000,
  0x0000, 0x0000, 0x0000, 0x0000, 0x0000, 0x0000, 0x0000, 0x0000, 0x0000, 0x0000, 0x0000, 0x0000,
  0x0000, 0x0000, 0x0000, 0x0000, 0x0000, 0x0000, 0x0000, 0x0000, 0x0000, 0x0000, 0x0000, 0x0000,
  0x0000, 0x0000, 0x0000, 0x0000, 0x0000, 0x0000, 0x0000, 0x0000, 0x0000, 0x0000, 0x0000, 0x0000,
  0x0000, 0x0000, 0x0000, 0x0000, 0x0000, 0x0000, 0x0000, 0x0000, 0x0000, 0x0000, 0x0000, 0x0000,
  0x0000, 0x0000, 0x0000, 0x0000, 0x0000, 0x0000, 0x0000, 0x0000, 0x0000, 0x0000, 0x0000, 0x0000,
  0x0000, 0x0000, 0x0000, 0x0000, 0x0000, 0x0000, 0x0000, 0x0000, 0x0000, 0x0000, 0x0000, 0x0000,
  0x0000, 0x0000, 0x0000, 0x0000, 0x0000, 0x0000, 0x0000, 0x0000, 0x0000, 0x0000, 0x0000, 0x0000,
  0x0000, 0x0000, 0x0000, 0x0000, 0x0000, 0x0000, 0x0000, 0x0000, 0x0000, 0x0000, 0x0000, 0x0000,
  0x0000, 0x0000, 0x0000, 0x0000, 0x0000, 0x0000, 0x0000, 0x0000, 0x0000, 0x0000, 0x0000, 0x0000,
  0x0000, 0x0000, 0x0000, 0x0000, 0x0000, 0x0000, 0x0000, 0x0000, 0x0000, 0x0000, 0x0000, 0x0000,
  0x0000, 0x0000, 0x0000, 0x0000, 0x0000, 0x0000, 0x0000, 0x0000, 0x0000, 0x0000, 0x0000, 0x0000,
  0x0000, 0x0000, 0x0000, 0x0000, 0x0000, 0x0000, 0x0000, 0x0000, 0x0000, 0x0000, 0x0000, 0x0000,
  0x0000, 0x0000, 0x0000, 0x0000, 0x0000, 0x0000, 0x0000, 0x0000, 0x0000, 0x0000, 0x0000, 0x0000,
  0x0000, 0x0000, 0x0000, 0x0000, 0x0000, 0x0000, 0x0000, 0x0000, 0x0000, 0x0000, 0x0000, 0x0000,
  0x0000, 0x0000, 0x0000, 0x0000, 0x0000, 0x0000, 0x0000, 0x0000, 0x0000, 0x0000, 0x0000, 0x0000,
  0x0000, 0x0000, 0x0000, 0x0000, 0x0000, 0x0000, 0x0000, 0x0000, 0x0000, 0x0000, 0x0000, 0x0000,
  0x0000, 0x0000, 0x0000, 0x0000, 0x0000, 0x0000, 0x0000, 0x0000, 0x0000, 0x0000, 0x0000, 0x0000,
  0x0000, 0x0000, 0x0000, 0x0000, 0x0000, 0x0000, 0x0000, 0x0000, 0x0000, 0x0000, 0x0000, 0x0000,
  0x0000, 0x0000, 0x0000, 0x0000, 0x0000, 0x0000, 0x0000, 0x0000, 0x0000, 0x0000, 0x0000, 0x0000,
  0x0000, 0x0000, 0x0000, 0x0000, 0x0000, 0x0000, 0x0000, 0x0000, 0x0000, 0x0000, 0x0000, 0x0000,
  0x0000, 0x0000, 0x0000, 0x0000, 0x0000, 0x0000, 0x0000, 0x0000, 0x0000, 0x0000, 0x0000, 0x0000,
  0x0000, 0x0000, 0x0000, 0x0000, 0x0000, 0x0000, 0x0000, 0x0000, 0x0000, 0x0000, 0x0000, 0x0000,
  0x0000, 0x0000, 0x0000, 0x0000, 0x0000, 0x0000, 0x0000, 0x0000, 0x0000, 0x0000, 0x0000, 0x0000,
  0x0000, 0x0000, 0x0000, 0x0000, 0x0000, 0x0000, 0x10A2, 0x3185, 0x3185, 0x18E3, 0x0020, 0x0000,
  0x0000, 0x0000, 0x0000, 0x0000, 0x0000, 0x0000, 0x0000, 0x0000, 0x0000, 0x0000, 0x0000, 0x0000,
  0x0000, 0x0000, 0x0000, 0x0000, 0x0000, 0x0000, 0x0000, 0x0000, 0x0000, 0x0000, 0x0000, 0x0000,
  0x0000, 0x0000, 0x0000, 0x0000, 0x0000, 0x0000, 0x0000, 0x0000, 0x0000, 0x0000, 0x0000, 0x0000,
  0x0000, 0x0000, 0x0000, 0x0000, 0x0000, 0x0000, 0x0000, 0x0000, 0x0000, 0x0000, 0x0000, 0x0000,
  0x0000, 0x0000, 0x0000, 0x0000, 0x0000, 0x0000, 0x0000, 0x0000, 0x0000, 0x0000, 0x0000, 0x0000,
  0x0000, 0x0000, 0x0000, 0x0000, 0x0000, 0x0000, 0x0000, 0x0000, 0x0000, 0x0000, 0x0000, 0x0000,
  0x0000, 0x0000, 0x0000, 0x0000, 0x0000, 0x0000, 0x0000, 0x0000, 0x0000, 0x0000, 0x0000, 0x0000,
  0x0000, 0x0000, 0x0000, 0x0000, 0x0000, 0x0000, 0x0000, 0x0000, 0x0000, 0x0000, 0x0000, 0x0000,
  0x0000, 0x0000, 0x0000, 0x0000, 0x0000, 0x0000, 0x0000, 0x0000, 0x0000, 0x0000, 0x0000, 0x0000,
  0x0000, 0x0000, 0x0000, 0x0000, 0x0000, 0x0000, 0x0000, 0x0000, 0x0000, 0x0000, 0x0000, 0x0000,
  0x0000, 0x0000, 0x0000, 0x0000, 0x0000, 0x0000, 0x0000, 0x0000, 0x0000, 0x0000, 0x0000, 0x0000,
  0x0000, 0x0000, 0x0000, 0x0000, 0x0000, 0x0000, 0x0000, 0x0000, 0x0000, 0x0000, 0x0000, 0x0000,
  0x0000, 0x0000, 0x0000, 0x0000, 0x0000, 0x0000, 0x0000, 0x0000, 0x0000, 0x39C6, 0x7B8D, 0x734C,
  0x734B, 0x734C, 0x62EA, 0x39A6, 0x2924, 0x1061, 0x0000, 0x0000, 0x0000, 0x0000, 0x0000, 0x0000,
  0x0000, 0x0000, 0x0000, 0x0000, 0x0000, 0x0000, 0x0000, 0x0000, 0x0000, 0x0000, 0x0000, 0x0000,
  0x0000, 0x0000, 0x0000, 0x0000, 0x0000, 0x0000, 0x0000, 0x0000, 0x0000, 0x0000, 0x0000, 0x0000,
  0x0000, 0x0000, 0x0000, 0x0000, 0x0000, 0x0000, 0x0000, 0x0000, 0x0000, 0x0000, 0x0000, 0x0000,
  0x0000, 0x0000, 0x0000, 0x0000, 0x0000, 0x0000, 0x0000, 0x0000, 0x0000, 0x0000, 0x0000, 0x0000,
  0x0000, 0x0000, 0x0000, 0x0000, 0x0000, 0x0000, 0x0000, 0x0000, 0x0000, 0x0000, 0x0000, 0x0000,
  0x0000, 0x0000, 0x0000, 0x0000, 0x0000, 0x0000, 0x0000, 0x0000, 0x0000, 0x0000, 0x0000, 0x0000,
  0x0000, 0x0000, 0x0000, 0x0000, 0x0000, 0x0000, 0x0000, 0x0000, 0x0000, 0x0000, 0x0000, 0x0000,
  0x0000, 0x0000, 0x0000, 0x0000, 0x0000, 0x0000, 0x0000, 0x0000, 0x0000, 0x0000, 0x0000, 0x0000,
  0x0000, 0x0000, 0x0000, 0x0000, 0x0000, 0x0000, 0x0000, 0x0000, 0x0000, 0x0000, 0x0000, 0x0000,
  0x0000, 0x0000, 0x0000, 0x0000, 0x0000, 0x0000, 0x0000, 0x0000, 0x0000, 0x0000, 0x0000, 0x0000,
  0x0000, 0x0000, 0x0000, 0x0000, 0x0000, 0x0000, 0x0000, 0x0000, 0x0000, 0x0000, 0x0000, 0x0000,
  0x0000, 0x0000, 0x0000, 0x0000, 0x0000, 0x0000, 0x0000, 0x0000, 0x0000, 0x0000, 0x0000, 0x0000,
  0x2965, 0x83CD, 0x6B0B, 0x734C, 0x6B2B, 0x6B0B, 0x62EB, 0x6B2C, 0x734C, 0x6B2B, 0x5269, 0x39A6,
  0x18C2, 0x0020, 0x0000, 0x0000, 0x0000, 0x0000, 0x0000, 0x0000, 0x0000, 0x0000, 0x0000, 0x0000,
  0x0000, 0x0000, 0x0000, 0x0000, 0x0000, 0x0000, 0x0000, 0x0000, 0x0000, 0x0000, 0x0000, 0x0000,
  0x0000, 0x0000, 0x0000, 0x0000, 0x0000, 0x0000, 0x0000, 0x0000, 0x0000, 0x0000, 0x0000, 0x0000,
  0x0000, 0x0000, 0x0000, 0x0000, 0x0000, 0x0000, 0x0000, 0x0000, 0x0000, 0x0000, 0x0000, 0x0000,
  0x0000, 0x0000, 0x0000, 0x0000, 0x0000, 0x0000, 0x0000, 0x0000, 0x0000, 0x0000, 0x0000, 0x0000,
  0x0000, 0x0000, 0x0000, 0x0000, 0x0000, 0x0000, 0x0000, 0x0000, 0x0000, 0x0000, 0x0000, 0x0000,
  0x0000, 0x0000, 0x0000, 0x0000, 0x0000, 0x0000, 0x0000, 0x0000, 0x0000, 0x0000, 0x0000, 0x0000,
  0x0000, 0x0000, 0x0000, 0x0000, 0x0000, 0x0000, 0x0000, 0x0000, 0x0000, 0x0000, 0x0000, 0x0000,
  0x0000, 0x0000, 0x0000, 0x0000, 0x0000, 0x0000, 0x0000, 0x0000, 0x0000, 0x0000, 0x0000, 0x0000,
  0x0000, 0x0000, 0x0000, 0x0000, 0x0000, 0x0000, 0x0000, 0x0000, 0x0000, 0x0000, 0x0000, 0x0861,
  0x0020, 0x0000, 0x0000, 0x0000, 0x0000, 0x0000, 0x0000, 0x0000, 0x0000, 0x0000, 0x0000, 0x0000,
  0x0000, 0x0000, 0x0000, 0x0000, 0x0000, 0x0000, 0x0000, 0x0000, 0x0000, 0x0000, 0x0000, 0x0000,
  0x0000, 0x0000, 0x0000, 0x1082, 0x7B8D, 0x6B0A, 0x734C, 0x5289, 0x2944, 0x2103, 0x3165, 0x62EA,
  0x6B2B, 0x6B2B, 0x6B2B, 0x734C, 0x734C, 0x62CA, 0x4A07, 0x2924, 0x0861, 0x0000, 0x0000, 0x0000,
  0x0000, 0x0000, 0x0000, 0x0000, 0x0000, 0x0000, 0x0000, 0x0000, 0x0000, 0x0000, 0x0000, 0x0000,
  0x0000, 0x0000, 0x0000, 0x0000, 0x0000, 0x0000, 0x0000, 0x0000, 0x0000, 0x0000, 0x0000, 0x0000,
  0x0000, 0x0000, 0x0000, 0x0000, 0x0000, 0x0000, 0x0000, 0x0000, 0x0000, 0x0000, 0x0000, 0x0000,
  0x0000, 0x0000, 0x0000, 0x0000, 0x0000, 0x0000, 0x0000, 0x0000, 0x0000, 0x0000, 0x0000, 0x0000,
  0x0000, 0x0000, 0x0000, 0x0000, 0x0000, 0x0000, 0x0000, 0x0000, 0x0000, 0x0000, 0x0000, 0x0000,
  0x0000, 0x0000, 0x0000, 0x0000, 0x0000, 0x0000, 0x0000, 0x0000, 0x0000, 0x0000, 0x0000, 0x0000,
  0x0000, 0x0000, 0x0000, 0x0000, 0x0000, 0x0000, 0x0000, 0x0000, 0x0000, 0x0000, 0x0000, 0x0000,
  0x0000, 0x0000, 0x0000, 0x0000, 0x0000, 0x0000, 0x0000, 0x0000, 0x0000, 0x0000, 0x0000, 0x0000,
  0x0000, 0x0000, 0x0000, 0x0000, 0x0000, 0x0000, 0x0000, 0x0000, 0x0000, 0x0000, 0x0000, 0x0000,
  0x0000, 0x1082, 0x83CD, 0xA4B0, 0x6B0A, 0x2965, 0x20E3, 0x0840, 0x0000, 0x0000, 0x0000, 0x0000,
  0x0000, 0x0000, 0x0000, 0x0000, 0x0000, 0x0000, 0x0000, 0x0000, 0x0000, 0x0000, 0x0000, 0x0000,
  0x0000, 0x0000, 0x0000, 0x0000, 0x0000, 0x0000, 0x0841, 0x6B0B, 0x6B0A, 0x6B0B, 0x5269, 0x1082,
  0x0841, 0x6B4C, 0x6B4C, 0x39C6, 0x2924, 0x3185, 0x5248, 0x62CA, 0x6B2B, 0x734C, 0x734C, 0x6B2B,
  0x62EA, 0x5268, 0x3185, 0x10A2, 0x0000, 0x0000, 0x0000, 0x0000, 0x0000, 0x0000, 0x0000, 0x0000,
  0x0000, 0x0000, 0x0000, 0x0000, 0x0000, 0x0000, 0x0000, 0x0000, 0x0000, 0x0000, 0x0000, 0x0000,
  0x0000, 0x0000, 0x0000, 0x0000, 0x0000, 0x0000, 0x0000, 0x0000, 0x0000, 0x0000, 0x0000, 0x0000,
  0x0000, 0x0000, 0x0000, 0x0000, 0x0000, 0x0000, 0x0000, 0x0000, 0x0000, 0x0000, 0x0000, 0x0000,
  0x0000, 0x0000, 0x0000, 0x0000, 0x0000, 0x0000, 0x0000, 0x0000, 0x0000, 0x0000, 0x0000, 0x0000,
  0x0000, 0x0000, 0x0000, 0x0000, 0x0000, 0x0000, 0x0000, 0x0000, 0x0000, 0x0000, 0x0000, 0x0000,
  0x0000, 0x0000, 0x0000, 0x0000, 0x0000, 0x0000, 0x0000, 0x0000, 0x0000, 0x0000, 0x0000, 0x0000,
  0x0000, 0x0000, 0x0000, 0x0000, 0x0000, 0x0000, 0x0000, 0x0000, 0x0000, 0x0000, 0x0000, 0x0000,
  0x0000, 0x0000, 0x0000, 0x0000, 0x0000, 0x0000, 0x0000, 0x0000, 0x0000, 0x0000, 0x0000, 0x0000,
  0x0000, 0x0000, 0x0000, 0x0000, 0x0020, 0x944F, 0xBD52, 0x838C, 0x4A28, 0x52AA, 0x5269, 0x5269,
  0x39E7, 0x2124, 0x0861, 0x0000, 0x0000, 0x0000, 0x0000, 0x0000, 0x0000, 0x0000, 0x0000, 0x0000,
  0x0000, 0x0000, 0x0000, 0x0000, 0x0000, 0x0000, 0x0000, 0x0000, 0x0000, 0x0020, 0x62EB, 0x734C,
  0x6B2B, 0x6B0B, 0x18A2, 0x1082, 0x4207, 0xE6B8, 0xEEF9, 0xDE77, 0xB553, 0x83CE, 0x4A48, 0x2964,
  0x3164, 0x41E7, 0x5A89, 0x6B0B, 0x6B4C, 0x734C, 0x734C, 0x6B2B, 0x5AAA, 0x4A27, 0x2103, 0x0020,
  0x0000, 0x0000, 0x0000, 0x0000, 0x0000, 0x0000, 0x0000, 0x0000, 0x0000, 0x0000, 0x0000, 0x0000,
  0x0000, 0x0000, 0x0000, 0x0000, 0x0000, 0x0000, 0x0000, 0x0000, 0x0000, 0x0000, 0x0000, 0x0000,
  0x0000, 0x0000, 0x0000, 0x0000, 0x0000, 0x0000, 0x0000, 0x0000, 0x0000, 0x0000, 0x0000, 0x0000,
  0x0000, 0x0000, 0x0000, 0x0000, 0x0000, 0x0000, 0x0000, 0x0000, 0x0000, 0x0000, 0x0000, 0x0000,
  0x0000, 0x0000, 0x0000, 0x0000, 0x0000, 0x0000, 0x0000, 0x0000, 0x0000, 0x0000, 0x0000, 0x0000,
  0x0000, 0x0000, 0x0000, 0x0000, 0x0000, 0x0000, 0x0000, 0x0000, 0x0000, 0x0000, 0x0000, 0x0000,
  0x0000, 0x0000, 0x0000, 0x0000, 0x0000, 0x0000, 0x0000, 0x0000, 0x0000, 0x0000, 0x0000, 0x0000,
  0x0000, 0x0000, 0x0000, 0x0000, 0x0000, 0x0000, 0x0000, 0x0000, 0x0000, 0x0000, 0x0000, 0x0000,
  0x0000, 0x0000, 0x0000, 0x0000, 0x0000, 0x0000, 0x0000, 0x0000, 0x732B, 0xC593, 0x8BED, 0x5248,
  0x4A69, 0x4A28, 0x4A48, 0x4A48, 0x4A69, 0x5289, 0x5269, 0x4207, 0x2945, 0x10A2, 0x0000, 0x0000,
  0x0000, 0x0000, 0x0000, 0x0000, 0x0000, 0x0000, 0x0000, 0x0000, 0x0000, 0x0000, 0x0000, 0x0000,
  0x0000, 0x5269, 0x7B6C, 0x62EA, 0x6B4C, 0x2103, 0x18C2, 0x2103, 0x8C4F, 0xEED8, 0xD636, 0xE697,
  0xEED8, 0xF6F9, 0xEEB8, 0xCDF5, 0x9C90, 0x62EA, 0x39C6, 0x2944, 0x3185, 0x4A28, 0x62EA, 0x734C,
  0x734C, 0x736C, 0x5ACA, 0x62CA, 0x5289, 0x3185, 0x10A2, 0x0000, 0x0000, 0x0000, 0x0000, 0x0000,
  0x0000, 0x0000, 0x0000, 0x0000, 0x0000, 0x0000, 0x0000, 0x0000, 0x0000, 0x0000, 0x0000, 0x0000,
  0x0000, 0x0000, 0x0000, 0x0000, 0x0000, 0x0000, 0x0000, 0x0000, 0x0000, 0x0000, 0x0000, 0x0000,
  0x0000, 0x0000, 0x0000, 0x0000, 0x0000, 0x0000, 0x0000, 0x0000, 0x0000, 0x0000, 0x0000, 0x0000,
  0x0000, 0x0000, 0x0000, 0x0000, 0x0000, 0x0000, 0x0000, 0x0000, 0x0000, 0x0000, 0x0000, 0x0000,
  0x0000, 0x0000, 0x0000, 0x0000, 0x0000, 0x0000, 0x0000, 0x0000, 0x0000, 0x0000, 0x0000, 0x0000,
  0x0000, 0x0000, 0x0000, 0x0000, 0x0000, 0x0000, 0x0000, 0x0000, 0x0000, 0x0000, 0x0000, 0x0000,
  0x0000, 0x0000, 0x0000, 0x0000, 0x0000, 0x0000, 0x0000, 0x0000, 0x0000, 0x0000, 0x0000, 0x0000,
  0x0000, 0x0000, 0x0000, 0x0000, 0x0000, 0x0000, 0x0000, 0x0000, 0x0000, 0x0000, 0x0000, 0x4A27,
  0xC593, 0xA4AF, 0x5A89, 0x4A48, 0x4A48, 0x4A48, 0x4A48, 0x4A48, 0x4A48, 0x4A28, 0x4A48, 0x4A69,
  0x5289, 0x5289, 0x4A48, 0x31A6, 0x18C3, 0x0020, 0x0000, 0x0000, 0x0000, 0x0000, 0x0000, 0x0000,
  0x0000, 0x0000, 0x0000, 0x0000, 0x41E7, 0x7B8D, 0x62EA, 0x734C, 0x3985, 0x1082, 0x2965, 0x39C6,
  0xD636, 0xDE77, 0xDE77, 0xE697, 0xE677, 0xDE77, 0xE677, 0xE6B8, 0xEEF8, 0xF6F9, 0xE697, 0xB553,
  0x7BCE, 0x4A48, 0x2944, 0x3165, 0x4A07, 0x4A07, 0x6B0B, 0x736C, 0x734C, 0x734C, 0x6B2B, 0x62CA,
  0x4207, 0x2103, 0x0841, 0x0000, 0x0000, 0x0000, 0x0000, 0x0000, 0x0000, 0x0000, 0x0000, 0x0000,
  0x0000, 0x0000, 0x0000, 0x0000, 0x0000, 0x0000, 0x0000, 0x0000, 0x0000, 0x0000, 0x0000, 0x0000,
  0x0000, 0x0000, 0x0000, 0x0000, 0x0000, 0x0000, 0x0000, 0x0000, 0x0000, 0x0000, 0x0000, 0x0000,
  0x0000, 0x0000, 0x0000, 0x0000, 0x0000, 0x0000, 0x0000, 0x0000, 0x0000, 0x0000, 0x0000, 0x0000,
  0x0000, 0x0000, 0x0000, 0x0000, 0x0000, 0x0000, 0x0000, 0x0000, 0x0000, 0x0000, 0x0000, 0x0000,
  0x0000, 0x0000, 0x0000, 0x0000, 0x0000, 0x0000, 0x0000, 0x0000, 0x0000, 0x0000, 0x0000, 0x0000,
  0x0000, 0x0000, 0x0000, 0x0000, 0x0000, 0x0000, 0x0000, 0x0000, 0x0000, 0x0000, 0x0000, 0x0000,
  0x0000, 0x0000, 0x0000, 0x0000, 0x0000, 0x0000, 0x0000, 0x0000, 0x0000, 0x0000, 0x0000, 0x0000,
  0x0000, 0x0000, 0x2903, 0xB531, 0xACD0, 0x5A68, 0x4207, 0x4A48, 0x4A48, 0x5269, 0x4A69, 0x4A48,
  0x4A48, 0x4A68, 0x4A49, 0x4A69, 0x4A48, 0x4A48, 0x5269, 0x5289, 0x5269, 0x5269, 0x2944, 0x18E3,
  0x0020, 0x0000, 0x0000, 0x0000, 0x0000, 0x0000, 0x0000, 0x2924, 0x7BAD, 0x62EA, 0x734C, 0x41E7,
  0x1061, 0x2965, 0x2103, 0x7BCE, 0xEED8, 0xDE77, 0xE697, 0xE697, 0xE697, 0xE697, 0xE697, 0xE697,
  0xDE77, 0xE677, 0xE697, 0xEED8, 0xF719, 0xEED9, 0xCE16, 0x9C90, 0x62CA, 0x3165, 0x3165, 0x39A6,
  0x4A28, 0x62CA, 0x6B2C, 0x734C, 0x734C, 0x734B, 0x62EA, 0x5248, 0x3165, 0x1082, 0x0000, 0x0000,
  0x0000, 0x0000, 0x0000, 0x0000, 0x0000, 0x0000, 0x0000, 0x0000, 0x0000, 0x0000, 0x0000, 0x0000,
  0x0000, 0x0000, 0x0000, 0x0000, 0x0000, 0x0000, 0x0000, 0x0000, 0x0000, 0x0000, 0x0000, 0x0000,
  0x0000, 0x0000, 0x0000, 0x0000, 0x0000, 0x0000, 0x0000, 0x0000, 0x0000, 0x0000, 0x0000, 0x0000,
  0x0000, 0x0000, 0x0000, 0x0000, 0x0000, 0x0000, 0x0000, 0x0000, 0x0000, 0x0000, 0x0000, 0x0000,
  0x0000, 0x0000, 0x0000, 0x0000, 0x0000, 0x0000, 0x0000, 0x0000, 0x0000, 0x0000, 0x0000, 0x0000,
  0x0000, 0x0000, 0x0000, 0x0000, 0x0000, 0x0000, 0x0000, 0x0000, 0x0000, 0x0000, 0x0000, 0x0000,
  0x0000, 0x0000, 0x0000, 0x0000, 0x0000, 0x0000, 0x0000, 0x0000, 0x0000, 0x0000, 0x0000, 0x0000,
  0x0000, 0x0000, 0x0000, 0x0000, 0x0000, 0x1082, 0xB532, 0xB4F1, 0x9C4E, 0x8BED, 0x734B, 0x5AA9,
  0x4A27, 0x4228, 0x4A28, 0x4A48, 0x4A69, 0x5269, 0x4A48, 0x4A48, 0x4A69, 0x4A48, 0x4A48, 0x4A28,
  0x4A68, 0x4207, 0x630A, 0xB511, 0x9C6F, 0x39A5, 0x0000, 0x0000, 0x0000, 0x0000, 0x10A2, 0x736C,
  0x62EA, 0x734C, 0x5268, 0x1081, 0x2944, 0x3185, 0x3186, 0xCE16, 0xE697, 0xE697, 0xE697, 0xE6B7,
  0xE698, 0xE697, 0xE697, 0xE697, 0xE697, 0xE697, 0xE697, 0xE697, 0xE697, 0xE697, 0xEEB8, 0xF6F9,
  0xEEF9, 0xDE97, 0xB533, 0x7BAD, 0x4A27, 0x3165, 0x3185, 0x4A07, 0x5AA9, 0x6B0B, 0x6B2C, 0x6B2B,
  0x6B2B, 0x6B0B, 0x5AA9, 0x41E7, 0x2103, 0x0840, 0x0000, 0x0000, 0x0000, 0x0000, 0x0000, 0x0000,
  0x0000, 0x0000, 0x0000, 0x0000, 0x0000, 0x0000, 0x0000, 0x0000, 0x0000, 0x0000, 0x0000, 0x0000,
  0x0000, 0x0000, 0x0000, 0x0000, 0x0000, 0x0000, 0x0000, 0x0000, 0x0000, 0x0000, 0x0000, 0x0000,
  0x0000, 0x0000, 0x0000, 0x0000, 0x0000, 0x0000, 0x0000, 0x0000, 0x0000, 0x0000, 0x0000, 0x0000,
  0x0000, 0x0000, 0x0000, 0x0000, 0x0000, 0x0000, 0x0000, 0x0000, 0x0000, 0x0000, 0x0000, 0x0000,
  0x0000, 0x0000, 0x0000, 0x0000, 0x0000, 0x0000, 0x0000, 0x0000, 0x0000, 0x0000, 0x0000, 0x0000,
  0x0000, 0x0000, 0x0000, 0x0000, 0x0000, 0x0000, 0x0000, 0x0000, 0x0000, 0x0000, 0x0000, 0x0000,
  0x0000, 0x0000, 0x0000, 0x0000, 0x0000, 0x0000, 0x0000, 0x0000, 0x0861, 0x8C0E, 0xB511, 0x93ED,
  0xACD0, 0xBD32, 0xB4F1, 0xACD0, 0x942E, 0x7B6C, 0x5AA9, 0x4A48, 0x4228, 0x4A28, 0x4A49, 0x4A69,
  0x4A69, 0x4A48, 0x4A48, 0x5269, 0x4228, 0x5268, 0xACF1, 0xACB0, 0x83AC, 0x838C, 0x2103, 0x0000,
  0x0000, 0x0841, 0x6B2C, 0x6B0B, 0x6B0B, 0x5AA9, 0x10A2, 0x2104, 0x39C6, 0x2104, 0x83CE, 0xEEF9,
  0xDE77, 0xE697, 0xE697, 0xE6B8, 0xE697, 0xE697, 0xE698, 0xE698, 0xE6B8, 0xEED8, 0xE697, 0xE677,
  0xE697, 0xE697, 0xE697, 0xE697, 0xDE77, 0xE697, 0xEED8, 0xF719, 0xEED8, 0xC5D5, 0x944F, 0x5AA9,
  0x3165, 0x2944, 0x39C6, 0x5268, 0x6B0B, 0x6B2B, 0x6B4C, 0x734C, 0x734C, 0x62EA, 0x4A48, 0x2965,
  0x1082, 0x0000, 0x0000, 0x0000, 0x0000, 0x0000, 0x0000, 0x0000, 0x0000, 0x0000, 0x0000, 0x0000,
  0x0000, 0x0000, 0x0000, 0x0000, 0x0000, 0x0000, 0x0000, 0x0000, 0x0000, 0x0000, 0x0000, 0x0000,
  0x0000, 0x0000, 0x0000, 0x0000, 0x0000, 0x0000, 0x0000, 0x0000, 0x0000, 0x0000, 0x0000, 0x0000,
  0x0000, 0x0000, 0x0000, 0x0000, 0x0000, 0x0000, 0x0000, 0x0000, 0x0000, 0x0000, 0x0000, 0x0000,
  0x0000, 0x0000, 0x0000, 0x0000, 0x0000, 0x0000, 0x0000, 0x0000, 0x0000, 0x0000, 0x0000, 0x0000,
  0x0000, 0x0000, 0x0000, 0x0000, 0x0000, 0x0000, 0x0000, 0x0000, 0x0000, 0x0000, 0x0000, 0x0000,
  0x0000, 0x0000, 0x0000, 0x0000, 0x0000, 0x0000, 0x0000, 0x0000, 0x0000, 0x0000, 0x0000, 0x0000,
  0x4A07, 0x7B4B, 0x5226, 0x49E5, 0x5A68, 0x838B, 0x940D, 0xACD0, 0xB532, 0xBD32, 0xB511, 0xA48F,
  0x83CD, 0x62EA, 0x5268, 0x4207, 0x4228, 0x4A48, 0x4A48, 0x4A48, 0x41E7, 0x9C6F, 0xB511, 0x940E,
  0x6AC9, 0x62A8, 0x39A5, 0x0000, 0x0000, 0x5AA9, 0x6B0B, 0x630B, 0x62EB, 0x18C2, 0x18E3, 0x31A6,
  0x2965, 0x39C6, 0xD657, 0xE697, 0xE697, 0xE697, 0xE697, 0xE697, 0xE697, 0xE6B8, 0xE697, 0xEEB8,
  0xD636, 0xB553, 0xDE77, 0xEED8, 0xEEF9, 0xE6B8, 0xE697, 0xE697, 0xE697, 0xE697, 0xE697, 0xDE77,
  0xE677, 0xE6B7, 0xEED8, 0xEED8, 0xD636, 0xA4F1, 0x6B2B, 0x39A6, 0x2924, 0x3165, 0x4A28, 0x62CA,
  0x6B2B, 0x6B2B, 0x734C, 0x734C, 0x5AA9, 0x4A28, 0x39C6, 0x18C2, 0x0020, 0x0000, 0x0000, 0x0000,
  0x0000, 0x0000, 0x0000, 0x0000, 0x0000, 0x0000, 0x0000, 0x0000, 0x0000, 0x0000, 0x0000, 0x0000,
  0x0000, 0x0000, 0x0000, 0x0000, 0x0000, 0x0000, 0x0000, 0x0000, 0x0000, 0x0000, 0x0000, 0x0000,
  0x0000, 0x0000, 0x0000, 0x0000, 0x0000, 0x0000, 0x0000, 0x0000, 0x0000, 0x0000, 0x0000, 0x0000,
  0x0000, 0x0000, 0x0000, 0x0000, 0x0000, 0x0000, 0x0000, 0x0000, 0x0000, 0x0000, 0x0000, 0x0000,
  0x0000, 0x0000, 0x0000, 0x0000, 0x0000, 0x0000, 0x0000, 0x0000, 0x0000, 0x0000, 0x0000, 0x0000,
  0x0000, 0x0000, 0x0000, 0x0000, 0x0000, 0x0000, 0x0000, 0x0000, 0x0000, 0x0000, 0x0000, 0x0000,
  0x0000, 0x0000, 0x0000, 0x0000, 0x41E6, 0x5A67, 0x3164, 0x18C2, 0x2903, 0x3964, 0x49E6, 0x5A67,
  0x734A, 0x8BED, 0xA4B0, 0xB511, 0xBD52, 0xB511, 0xA48F, 0x8BED, 0x6AEA, 0x5289, 0x4207, 0x39E7,
  0x942F, 0xB4F1, 0x942E, 0x6AE9, 0x62A8, 0x41A5, 0x3144, 0x0000, 0x4A48, 0x734C, 0x5ACA, 0x62EA,
  0x2103, 0x18A2, 0x3185, 0x3185, 0x2103, 0x9470, 0xEEF9, 0xDE77, 0xE697, 0xE697, 0xE6B7, 0xE698,
  0xE697, 0xE6B8, 0xE697, 0xEEF9, 0x734C, 0x1081, 0x41E6, 0x6B2B, 0xA4F1, 0xD616, 0xEED8, 0xF6F9,
  0xE697, 0xE697, 0xE697, 0xE697, 0xE697, 0xE677, 0xDE77, 0xDE77, 0xE697, 0xEED8, 0xEEF9, 0xE697,
  0xB573, 0x7BAD, 0x4207, 0x2103, 0x2924, 0x41E7, 0x5AAA, 0x5AA9, 0x62CA, 0x6B0B, 0x6B2B, 0x6B0B,
  0x62CA, 0x4A27, 0x2924, 0x0861, 0x0000, 0x0000, 0x0000, 0x0000, 0x0000, 0x0000, 0x0000, 0x0000,
  0x0000, 0x0000, 0x0000, 0x0000, 0x0000, 0x0000, 0x0000, 0x0000, 0x0000, 0x0000, 0x0000, 0x0000,
  0x0000, 0x0000, 0x0000, 0x0000, 0x0000, 0x0000, 0x0000, 0x0000, 0x0000, 0x0000, 0x0000, 0x0000,
  0x0000, 0x0000, 0x0000, 0x0000, 0x0000, 0x0000, 0x0000, 0x0000, 0x0000, 0x0000, 0x0000, 0x0000,
  0x0000, 0x0000, 0x0000, 0x0000, 0x0000, 0x0000, 0x0000, 0x0000, 0x0000, 0x0000, 0x0000, 0x0000,
  0x0000, 0x0000, 0x0000, 0x0000, 0x0000, 0x0000, 0x0000, 0x0000, 0x0000, 0x0000, 0x0000, 0x0000,
  0x0000, 0x0000, 0x0000, 0x0000, 0x0000, 0x0000, 0x0000, 0x0000, 0x4A06, 0x5A67, 0x2923, 0x2103,
  0x1903, 0x21A6, 0x2124, 0x20C2, 0x3123, 0x41A5, 0x5A47, 0x730A, 0x8BCC, 0xA48F, 0xACF1, 0xBD52,
  0xB511, 0xACD0, 0x83AC, 0x942E, 0xB511, 0xA48F, 0x730A, 0x6AE9, 0x41C5, 0x41C5, 0x2923, 0x3165,
  0x734C, 0x62EA, 0x6B2B, 0x2944, 0x1081, 0x3165, 0x3185, 0x2944, 0x4A28, 0xE6B8, 0xE697, 0xE697,
  0xE697, 0xE697, 0xE697, 0xE698, 0xE6B8, 0xE6B8, 0xE698, 0xE6B8, 0xB533, 0x7B8C, 0x4A27, 0x2923,
  0x2103, 0x3164, 0x62CA, 0x8C2F, 0xDE77, 0xE697, 0xE697, 0xEED8, 0xE697, 0xE697, 0xE697, 0xE697,
  0xE697, 0xDE77, 0xDE77, 0xE697, 0xEED8, 0xF719, 0xEED8, 0xC5D5, 0x8C2F, 0x5269, 0x2924, 0x10A2,
  0x39A5, 0x5289, 0x6B0B, 0x6B2B, 0x6B2B, 0x6B2B, 0x6B2B, 0x62EA, 0x5268, 0x3985, 0x18A2, 0x0000,
  0x0000, 0x0000, 0x0000, 0x0000, 0x0000, 0x0000, 0x0000, 0x0000, 0x0000, 0x0000, 0x0000, 0x0000,
  0x0000, 0x0000, 0x0000, 0x0000, 0x0000, 0x0000, 0x0000, 0x0000, 0x0000, 0x0000, 0x0000, 0x0000,
  0x0000, 0x0000, 0x0000, 0x0000, 0x0000, 0x0000, 0x0000, 0x0000, 0x0000, 0x0000, 0x0000, 0x0000,
  0x0000, 0x0000, 0x0000, 0x0000, 0x0000, 0x0000, 0x0000, 0x0000, 0x0000, 0x0000, 0x0000, 0x0000,
  0x0000, 0x0000, 0x0000, 0x0000, 0x0000, 0x0000, 0x0000, 0x0000, 0x0000, 0x0000, 0x0000, 0x0000,
  0x0000, 0x0000, 0x0000, 0x0000, 0x0000, 0x0000, 0x0000, 0x0000, 0x0000, 0x0000, 0x0000, 0x0000,
  0x4A06, 0x5206, 0x18E2, 0x2103, 0x2185, 0x4CB2, 0x4C70, 0x334C, 0x2228, 0x1944, 0x20E3, 0x2923,
  0x3985, 0x5227, 0x6AE9, 0x83AC, 0x9C4E, 0xACF1, 0xACF1, 0xB511, 0xACD0, 0x732A, 0x6AE9, 0x4A06,
  0x41A5, 0x41C5, 0x3984, 0x5AA9, 0x5A89, 0x62EA, 0x39C6, 0x1082, 0x2965, 0x2965, 0x2965, 0x2103,
  0xAD32, 0xEED8, 0xDE77, 0xE697, 0xE697, 0xE697, 0xE697, 0xE697, 0xE6B8, 0xE6B8, 0xE697, 0xE697,
  0xEED8, 0xFF5A, 0x83EE, 0x2103, 0x4A27, 0x5ACA, 0x2103, 0x4A48, 0xE6B8, 0xE697, 0xE6B8, 0xC5B4,
  0xDE57, 0xEED8, 0xE697, 0xE697, 0xE697, 0xE697, 0xE697, 0xE697, 0xE697, 0xDE77, 0xE677, 0xEEB8,
  0xF6F9, 0xEEF9, 0xD636, 0x9CB1, 0x62CA, 0x3165, 0x20E3, 0x2944, 0x4A27, 0x62CA, 0x6B2B, 0x6B2B,
  0x6B2C, 0x6B2B, 0x6B2B, 0x62CA, 0x4A07, 0x2104, 0x0841, 0x0000, 0x0000, 0x0000, 0x0000, 0x0000,
  0x0000, 0x0000, 0x0000, 0x0000, 0x0000, 0x0000, 0x0000, 0x0000, 0x0000, 0x0000, 0x0000, 0x0000,
  0x0000, 0x0000, 0x0000, 0x0000, 0x0000, 0x0000, 0x0000, 0x0000, 0x0000, 0x0000, 0x0000, 0x0000,
  0x0000, 0x0000, 0x0000, 0x0000, 0x0000, 0x0000, 0x0000, 0x0000, 0x0000, 0x0000, 0x0000, 0x0000,
  0x0000, 0x0000, 0x0000, 0x0000, 0x0000, 0x0000, 0x0000, 0x0000, 0x0000, 0x0000, 0x0000, 0x0000,
  0x0000, 0x0000, 0x0000, 0x0000, 0x0000, 0x0000, 0x0000, 0x0000, 0x0000, 0x0000, 0x0000, 0x0000,
  0x0000, 0x0000, 0x0000, 0x41E7, 0x5A88, 0x41C5, 0x18E2, 0x2924, 0x21E7, 0x5534, 0x5D75, 0x5D95,
  0x5554, 0x4CB1, 0x3BAD, 0x2A69, 0x1965, 0x18E3, 0x2903, 0x3984, 0x4A06, 0x5A88, 0x7B4B, 0xB532,
  0x8BCC, 0x6AE9, 0x5A47, 0x41A5, 0x41C5, 0x41C5, 0x3164, 0x5268, 0x6B0B, 0x41E6, 0x0861, 0x2944,
  0x2965, 0x3165, 0x2103, 0x6B2B, 0xEEF9, 0xDE77, 0xE697, 0xE697, 0xE697, 0xE697, 0xE698, 0xE698,
  0xE698, 0xE697, 0xE6B8, 0xE697, 0xE6B8, 0xCDF5, 0x39A5, 0x2123, 0xB533, 0xF719, 0xC5D4, 0xD636,
  0xE697, 0xEED8, 0x83EE, 0x2944, 0x39C6, 0x8C2F, 0xEED8, 0xE697, 0xE697, 0xE697, 0xEEB8, 0xE697,
  0xE697, 0xE697, 0xE697, 0xDE77, 0xDE77, 0xDE77, 0xE6B8, 0xEEF8, 0xEEF9, 0xDE57, 0xAD12, 0x736C,
  0x39C6, 0x20E3, 0x2124, 0x41E6, 0x5AA9, 0x6B2B, 0x6B2B, 0x6B0B, 0x734C, 0x6B2B, 0x630B, 0x4A07,
  0x2103, 0x10A2, 0x0000, 0x0000, 0x0000, 0x0000, 0x0000, 0x0000, 0x0000, 0x0000, 0x0000, 0x0000,
  0x0000, 0x0000, 0x0000, 0x0000, 0x0000, 0x0000, 0x0000, 0x0000, 0x0000, 0x0000, 0x0000, 0x0000,
  0x0000, 0x0000, 0x0000, 0x0000, 0x0000, 0x0000, 0x0000, 0x0000, 0x0000, 0x0000, 0x0000, 0x0000,
  0x0000, 0x0000, 0x0000, 0x0000, 0x0000, 0x0000, 0x0000, 0x0000, 0x0000, 0x0000, 0x0000, 0x0000,
  0x0000, 0x0000, 0x0000, 0x0000, 0x0000, 0x0000, 0x0000, 0x0000, 0x0000, 0x0000, 0x0000, 0x0000,
  0x0000, 0x0000, 0x0000, 0x0000, 0x0000, 0x0000, 0x3165, 0xA490, 0x8BCD, 0x3144, 0x1061, 0x18C2,
  0x2965, 0x42CA, 0x4BEE, 0x54D2, 0x5534, 0x5D95, 0x5D95, 0x5554, 0x4CD2, 0x3BEF, 0x2ACA, 0x21A6,
  0x20E3, 0x2103, 0x41C5, 0x6AC8, 0x7B6B, 0x6288, 0x41C5, 0x41C5, 0x41C5, 0x41A5, 0x3144, 0x5A89,
  0x5269, 0x1081, 0x2103, 0x2965, 0x2945, 0x2944, 0x31A6, 0xD636, 0xE697, 0xDE77, 0xE697, 0xE697,
  0xE697, 0xE6B8, 0xE697, 0xE697, 0xE697, 0xE697, 0xE698, 0xE697, 0xEEF9, 0x736C, 0x20E3, 0x62EA,
  0xEED8, 0xE677, 0xEEB8, 0xE6B8, 0xEED8, 0x83CD, 0x18E3, 0x39A5, 0x2923, 0x6B4B, 0xEEF9, 0xDE77,
  0xE697, 0xDE77, 0xC5B4, 0xE697, 0xE6B8, 0xE697, 0xE697, 0xDE77, 0xDE77, 0xE697, 0xE697, 0xDE77,
  0xDE77, 0xE697, 0xEED8, 0xF6F9, 0xE6B8, 0xBD94, 0x83EE, 0x4A28, 0x2103, 0x20E3, 0x39C6, 0x5A89,
  0x6B2B, 0x6B2B, 0x6B0B, 0x5AA9, 0x62EA, 0x6B0B, 0x5269, 0x39A6, 0x10A2, 0x0000, 0x0000, 0x0000,
  0x0000, 0x0000, 0x0000, 0x0000, 0x0000, 0x0000, 0x0000, 0x0000, 0x0000, 0x0000, 0x0000, 0x0000,
  0x0000, 0x0000, 0x0000, 0x0000, 0x0000, 0x0000, 0x0000, 0x0000, 0x0000, 0x0000, 0x0000, 0x0000,
  0x0000, 0x0000, 0x0000, 0x0000, 0x0000, 0x0000, 0x0000, 0x0000, 0x0000, 0x0000, 0x0000, 0x0000,
  0x0000, 0x0000, 0x0000, 0x0000, 0x0000, 0x0000, 0x0000, 0x0000, 0x0000, 0x0000, 0x0000, 0x0000,
  0x0000, 0x0000, 0x0000, 0x0000, 0x0000, 0x0000, 0x0000, 0x0000, 0x0000, 0x0020, 0x9C90, 0xB511,
  0x5247, 0x0020, 0x20E2, 0x41C5, 0x2903, 0x2903, 0x2944, 0x3207, 0x42EA, 0x4BCE, 0x4C91, 0x5513,
  0x5D95, 0x5DB5, 0x5D94, 0x4D13, 0x2A48, 0x18C2, 0x39A5, 0x6AC9, 0x6AE9, 0x49E6, 0x41C5, 0x41C5,
  0x41C5, 0x39A5, 0x3144, 0x4A27, 0x18C3, 0x18E3, 0x2965, 0x2944, 0x2945, 0x18E3, 0xA4F2, 0xEED8,
  0xDE76, 0xE697, 0xE697, 0xE697, 0xE697, 0xE697, 0xE697, 0xE697, 0xE697, 0xE697, 0xE677, 0xEED8,
  0xCDF5, 0x3164, 0x2923, 0xB573, 0xEED8, 0xDE76, 0xE697, 0xEED8, 0x7BAD, 0x18A2, 0x5AA9, 0x8C0F,
  0x2103, 0x7BCD, 0xEEF8, 0xE677, 0xE697, 0xE697, 0x4A27, 0x41E6, 0xBD73, 0xE6B8, 0xDE77, 0xEED8,
  0xEEF9, 0xE6B8, 0xE677, 0xE697, 0xE697, 0xE697, 0xDE77, 0xDE77, 0xE697, 0xEED8, 0xF6F9, 0xEED8,
  0xC5D4, 0x9470, 0x3164, 0x1082, 0x2924, 0x3985, 0x41E6, 0x5289, 0x62EA, 0x7B6B, 0x838A, 0x8BAA,
  0x8BCB, 0x7309, 0x41C5, 0x20E3, 0x1081, 0x0000, 0x0000, 0x0000, 0x0000, 0x0000, 0x0000, 0x0000,
  0x0000, 0x0000, 0x0000, 0x0000, 0x0000, 0x0000, 0x0000, 0x0000, 0x0000, 0x0000, 0x0000, 0x0000,
  0x0000, 0x0000, 0x0000, 0x0000, 0x0000, 0x0000, 0x0000, 0x0000, 0x0000, 0x0000, 0x0000, 0x0000,
  0x0000, 0x0000, 0x0000, 0x0000, 0x0000, 0x0000, 0x0000, 0x0000, 0x0000, 0x0000, 0x0000, 0x0000,
  0x0000, 0x0000, 0x0000, 0x0000, 0x0000, 0x0000, 0x0000, 0x0000, 0x0000, 0x0000, 0x0000, 0x0000,
  0x0000, 0x3165, 0x9C4E, 0x83CD, 0x2924, 0x39C6, 0xB532, 0xC572, 0xAC8F, 0x7309, 0x3984, 0x3164,
  0x20E2, 0x2103, 0x2985, 0x4289, 0x4BAE, 0x5491, 0x54F3, 0x5574, 0x2AA9, 0x20C2, 0x39A5, 0x6288,
  0x5A67, 0x49E6, 0x41C5, 0x41C5, 0x39A5, 0x3985, 0x2923, 0x1082, 0x18E3, 0x3185, 0x2944, 0x2944,
  0x2124, 0x736C, 0xEEF8, 0xDE77, 0xE697, 0xE697, 0xE697, 0xE697, 0xE697, 0xE697, 0xE697, 0xE697,
  0xE697, 0xE697, 0xE697, 0xEED8, 0x6B2B, 0x20E2, 0x630A, 0xEED8, 0xDE77, 0xE6B8, 0xE6B8, 0x6B2B,
  0x2103, 0x62CA, 0xF719, 0x944F, 0x18C2, 0x8C0E, 0xF6F9, 0xE697, 0xE677, 0xEEF9, 0x7B8C, 0x10A2,
  0x7B8C, 0xF719, 0xE698, 0x944F, 0x944F, 0xC5D5, 0xE697, 0xE697, 0xE697, 0xE697, 0xE697, 0xE697,
  0xE697, 0xDE77, 0xDE77, 0xDE77, 0xEEB8, 0xE697, 0x39A5, 0x2104, 0x18E3, 0x10A2, 0x0861, 0x6288,
  0x9BEB, 0x8B68, 0x8B27, 0x8307, 0x8B68, 0x93A9, 0x9BEB, 0x93EC, 0x62A9, 0x5A89, 0x39A6, 0x18C3,
  0x0020, 0x0000, 0x0000, 0x0000, 0x0000, 0x0000, 0x0000, 0x0000, 0x0000, 0x0000, 0x0000, 0x0000,
  0x0000, 0x0000, 0x0000, 0x0000, 0x0000, 0x0000, 0x0000, 0x0000, 0x0000, 0x0000, 0x0000, 0x0000,
  0x0000, 0x0000, 0x0000, 0x0000, 0x0000, 0x0000, 0x0000, 0x0000, 0x0000, 0x0000, 0x0000, 0x0000,
  0x0000, 0x0000, 0x0000, 0x0000, 0x0000, 0x0000, 0x0000, 0x0000, 0x0000, 0x0000, 0x0000, 0x0000,
  0x0000, 0x0000, 0x0000, 0x0000, 0x0000, 0x5227, 0x7309, 0x41C5, 0x39A6, 0x8C2E, 0xCDD5, 0xBD93,
  0xD5F5, 0x83AD, 0xCDB3, 0xA46E, 0x7B4A, 0x3164, 0x3164, 0x2903, 0x2924, 0x2985, 0x3207, 0x434C,
  0x2A07, 0x18C2, 0x39A5, 0x62A8, 0x5A67, 0x41E5, 0x41C5, 0x41A5, 0x39A5, 0x3144, 0x18C2, 0x1081,
  0x2965, 0x2965, 0x2944, 0x3185, 0x5269, 0xDE77, 0xDE77, 0xE677, 0xE697, 0xE697, 0xE697, 0xE697,
  0xE698, 0xE698, 0xE697, 0xE697, 0xE697, 0xE697, 0xE6B8, 0xCDF5, 0x31A5, 0x2944, 0xC5B5, 0xE6B8,
  0xE697, 0xE698, 0x630B, 0x18E2, 0x2923, 0x62EA, 0xB553, 0x630A, 0x20E3, 0x9C90, 0xEEF9, 0xE677,
  0xDE77, 0xEEF9, 0x9C90, 0x18C2, 0x6B2B, 0xC5B4, 0x5289, 0x20E3, 0x2924, 0x9CB0, 0xEEB8, 0xE697,
  0xE697, 0xE697, 0xE697, 0xE697, 0xE697, 0xE697, 0xE697, 0xDE77, 0xEED8, 0x8BEE, 0x18C3, 0x3185,
  0x3165, 0x2124, 0x5A88, 0xA42B, 0x7AE6, 0xA3C8, 0x9BEA, 0xB4AC, 0xAC2B, 0x9B88, 0x9348, 0x9BCA,
  0x8B8A, 0x5AAA, 0x732B, 0x6B2B, 0x5ACA, 0x4A27, 0x2944, 0x0861, 0x0000, 0x0000, 0x0000, 0x0000,
  0x0000, 0x0000, 0x0000, 0x0000, 0x0000, 0x0000, 0x0000, 0x0000, 0x0000, 0x0000, 0x0000, 0x0000,
  0x0000, 0x0000, 0x0000, 0x0000, 0x0000, 0x0000, 0x0000, 0x0000, 0x0000, 0x0000, 0x0000, 0x0000,
  0x0000, 0x0000, 0x0000, 0x0000, 0x0000, 0x0000, 0x0000, 0x0000, 0x0000, 0x0000, 0x0000, 0x0000,
  0x0000, 0x0000, 0x0000, 0x0000, 0x0000, 0x0000, 0x0000, 0x0000, 0x0000, 0x5A68, 0x62A8, 0x20E3,
  0x2103, 0xACD0, 0xA48F, 0x83AC, 0x9C6F, 0xB553, 0xCDF5, 0xDE36, 0x8BED, 0xACF1, 0xB4F0, 0x940D,
  0x5227, 0x2903, 0x2923, 0x20E3, 0x2944, 0x2103, 0x3164, 0x6288, 0x5247, 0x41C5, 0x39A5, 0x39A5,
  0x3985, 0x18C2, 0x1081, 0x2104, 0x2945, 0x2124, 0x41E7, 0x39C6, 0xC5B4, 0xE697, 0xDE77, 0xE697,
  0xE697, 0xE697, 0xDE77, 0xE697, 0xE698, 0xE698, 0xE697, 0xE677, 0xE698, 0xE697, 0xE697, 0xE6B8,
  0xD636, 0xBD73, 0xE697, 0xE6B7, 0xD616, 0x4207, 0x18A2, 0x5ACA, 0x736C, 0x3185, 0x18C2, 0x3185,
  0x2944, 0x9C90, 0xEED8, 0xDE77, 0xDE77, 0xEED8, 0xC5B4, 0x2924, 0x41E6, 0x2964, 0x20E3, 0x736C,
  0xD616, 0xEED8, 0xE697, 0xE698, 0xE697, 0xE697, 0xE697, 0xE697, 0xE677, 0xE697, 0xE697, 0xE697,
  0xDE77, 0x39C6, 0x2124, 0x2965, 0x2965, 0x2145, 0x8BEC, 0x8B48, 0x9B88, 0x9C0B, 0xBCCD, 0xBC8C,
  0xC4ED, 0xAC6C, 0xA3C9, 0x8B48, 0x9BEB, 0x5A68, 0x630B, 0x6B2B, 0x6B0B, 0x6B2B, 0x6B2B, 0x62EB,
  0x5269, 0x3185, 0x10A2, 0x0000, 0x0000, 0x0000, 0x0000, 0x0000, 0x0000, 0x0000, 0x0000, 0x0000,
  0x0000, 0x0000, 0x0000, 0x0000, 0x0000, 0x0000, 0x0000, 0x0000, 0x0000, 0x0000, 0x0000, 0x0000,
  0x0000, 0x0000, 0x0000, 0x0000, 0x0000, 0x0000, 0x0000, 0x0000, 0x0000, 0x0000, 0x0000, 0x0000,
  0x0000, 0x0000, 0x0000, 0x0000, 0x0000, 0x0000, 0x0000, 0x0000, 0x0000, 0x0000, 0x0000, 0x0000,
  0x0861, 0x5227, 0x5247, 0x10A1, 0x2103, 0x93ED, 0x62A8, 0x9C2E, 0x7B6B, 0xB511, 0x7B6B, 0xBD52,
  0x8C0E, 0xC5B4, 0xD616, 0xBD31, 0x83CC, 0xB4CF, 0x8BCB, 0x732A, 0x20E2, 0x0841, 0x41C6, 0x5A47,
  0x5227, 0x41C5, 0x39A5, 0x39A5, 0x2103, 0x18A2, 0x1061, 0x2104, 0x2124, 0x3165, 0x3185, 0xA4F2,
  0xEEB7, 0xDE56, 0xE697, 0xDE77, 0xDE77, 0xDE77, 0xE697, 0xE6B8, 0xE677, 0xE697, 0xE697, 0xE697,
  0xE697, 0xE6B8, 0xE698, 0xE697, 0xE6B8, 0xEED8, 0xE677, 0xE6B8, 0xCE16, 0x83EE, 0x738C, 0xDE77,
  0xEEF9, 0xDE56, 0xB532, 0x4A27, 0x2924, 0xA4D1, 0xEED8, 0xDE77, 0xEEF8, 0xDE57, 0x7BAD, 0x2944,
  0x2944, 0x4A48, 0xB553, 0xEED9, 0xE6B8, 0xE697, 0xE697, 0xE697, 0xE697, 0xE697, 0xE697, 0xE697,
  0xE697, 0xE677, 0xDE77, 0xEED8, 0x9C6F, 0x18C3, 0x3165, 0x2924, 0x3165, 0x2124, 0x838B, 0x9BCA,
  0x8B27, 0x9BC9, 0xB48D, 0xBCCD, 0xA42B, 0x93A9, 0x9347, 0x9389, 0xAC4C, 0x20E2, 0x2924, 0x41E6,
  0x5AA9, 0x62EA, 0x6B0B, 0x6B2B, 0x6B2B, 0x6B2B, 0x6B0B, 0x62CA, 0x3185, 0x18C3, 0x0840, 0x0000,
  0x0000, 0x0000, 0x0000, 0x0000, 0x0000, 0x0000, 0x0000, 0x0000, 0x0000, 0x0000, 0x0000, 0x0000,
  0x0000, 0x0000, 0x0000, 0x0000, 0x0000, 0x0000, 0x0000, 0x0000, 0x0000, 0x0000, 0x0000, 0x0000,
  0x0000, 0x0000, 0x0000, 0x0000, 0x0000, 0x0000, 0x0000, 0x0000, 0x0000, 0x0000, 0x0000, 0x0000,
  0x0000, 0x0000, 0x0000, 0x0000, 0x736C, 0x7B4B, 0x41C5, 0x0020, 0x20E3, 0x72E9, 0x5A67, 0x6AC8,
  0x7309, 0x838B, 0x8BED, 0x83AC, 0xBD31, 0x8BED, 0x9C6F, 0x940E, 0xBD73, 0xC5B4, 0xD615, 0x7B6B,
  0x0840, 0x2103, 0x940D, 0x8BED, 0x5247, 0x3984, 0x39A5, 0x2923, 0x10A2, 0x10A2, 0x1081, 0x1082,
  0x2965, 0x2965, 0x7BAD, 0xEED8, 0xDE36, 0xDE77, 0xDE77, 0xDE77, 0xEED8, 0xEED8, 0xD636, 0xC5B4,
  0xE697, 0xE677, 0xE697, 0xE697, 0xE697, 0xE697, 0xE697, 0xE697, 0xE697, 0xE697, 0xE697, 0xE697,
  0xE6B7, 0xF6F9, 0xEEF9, 0xE697, 0xDE77, 0xE697, 0xEED9, 0x4207, 0x18C2, 0xAD12, 0xF719, 0xE697,
  0x9470, 0x39C6, 0x20E3, 0x41E6, 0x2103, 0x8C0E, 0xFF3A, 0xDE56, 0xE697, 0xE697, 0xE697, 0xE697,
  0xE697, 0xE697, 0xE697, 0xE697, 0xE697, 0xDE77, 0xDE77, 0xE6B8, 0x41E6, 0x10A2, 0x2944, 0x2965,
  0x3185, 0x2924, 0x3963, 0xAC6C, 0x9BEA, 0xA3A8, 0x9B88, 0x93A9, 0x8B27, 0x9368, 0x9BC9, 0xAC6C,
  0x6266, 0x1082, 0x18E3, 0x1082, 0x18C2, 0x2103, 0x39A5, 0x5269, 0x62CA, 0x6B0B, 0x6B2B, 0x6B0B,
  0x5AA9, 0x732C, 0x62EB, 0x4A27, 0x2944, 0x0861, 0x0000, 0x0000, 0x0000, 0x0000, 0x0000, 0x0000,
  0x0000, 0x0000, 0x0000, 0x0000, 0x0000, 0x0000, 0x0000, 0x0000, 0x0000, 0x0000, 0x0000, 0x0000,
  0x0000, 0x0000, 0x0000, 0x0000, 0x0000, 0x0000, 0x0000, 0x0000, 0x0000, 0x0000, 0x0000, 0x0000,
  0x0000, 0x0000, 0x0000, 0x0000, 0x0000, 0x0000, 0x0000, 0x5AA9, 0xACB0, 0xA46F, 0x49E6, 0x18A2,
  0x1081, 0x3123, 0x5A47, 0x4A06, 0x5A47, 0x7329, 0x7B2A, 0x5A88, 0x93EC, 0x734A, 0x838B, 0x942E,
  0x8BED, 0x9C90, 0xCDD4, 0x2903, 0x2924, 0x942F, 0xACD0, 0x7B6B, 0x3984, 0x3984, 0x2923, 0x18C2,
  0x1081, 0x1081, 0x0861, 0x10A2, 0x18E3, 0x62CA, 0xE677, 0xDE36, 0xDE77, 0xDE77, 0xDE77, 0xE697,
  0x8C2F, 0x62C9, 0x41E6, 0x62CA, 0xEED8, 0xE697, 0xE697, 0xE6B8, 0xE6B8, 0xE697, 0xE697, 0xE697,
  0xE697, 0xE697, 0xE697, 0xE697, 0xE697, 0xDE77, 0xE697, 0xE697, 0xE697, 0xE697, 0xDE77, 0xB553,
  0x736C, 0xC5D5, 0xB573, 0x4A07, 0x10A2, 0x3185, 0xA4D1, 0x944F, 0x18E2, 0x6B2B, 0xEED8, 0xDE77,
  0xE697, 0xE697, 0xE697, 0xE697, 0xE697, 0xE697, 0xE697, 0xE697, 0xE677, 0xDE76, 0xEED8, 0xA490,
  0x1061, 0x2124, 0x20E3, 0x2944, 0x3185, 0x2965, 0x3122, 0x51E4, 0xA42B, 0xAC8D, 0xAC4B, 0xA3EA,
  0xAC4B, 0xA42B, 0x93CA, 0x5A45, 0x20C1, 0x2103, 0x2965, 0x2945, 0x2924, 0x18E3, 0x1082, 0x0861,
  0x18A2, 0x3165, 0x4A27, 0x4A27, 0x6B2B, 0x6B0B, 0x6B0B, 0x6B2B, 0x732C, 0x6B0B, 0x5269, 0x39A6,
  0x18C2, 0x0000, 0x0000, 0x0000, 0x0000, 0x0000, 0x0000, 0x0000, 0x0000, 0x0000, 0x0000, 0x0000,
  0x0000, 0x0000, 0x0000, 0x0000, 0x0000, 0x0000, 0x0000, 0x0000, 0x0000, 0x0000, 0x0000, 0x0000,
  0x0000, 0x0000, 0x0000, 0x0000, 0x0000, 0x0000, 0x0000, 0x0000, 0x0000, 0x0000, 0x18C2, 0x8BEE,
  0x838C, 0x9C4F, 0x9C6F, 0x83AC, 0x62C9, 0x3164, 0x20E2, 0x20E2, 0x2903, 0x5226, 0x5A47, 0x5206,
  0x6AC8, 0x62A8, 0x6AE9, 0x838B, 0x7B6B, 0x8BED, 0x838C, 0x2924, 0x5AA9, 0xACB0, 0xA490, 0x4A06,
  0x3984, 0x3164, 0x18C2, 0x10A2, 0x1081, 0x0841, 0x0861, 0x18C3, 0x39C6, 0xD635, 0xDE56, 0xDE56,
  0xDE77, 0xDE56, 0xE6B8, 0x9C90, 0x3185, 0x8C0E, 0x5288, 0x3164, 0x9C70, 0xEEF8, 0xE697, 0xC5D4,
  0xCDD5, 0xDE77, 0xE6B8, 0xE6B8, 0xE697, 0xE677, 0xE697, 0xE697, 0xE697, 0xE697, 0xE697, 0xE697,
  0xE697, 0xE697, 0xE697, 0xEED8, 0xEEF9, 0xE6B8, 0xBD94, 0x83CD, 0x7BAD, 0xCE16, 0xF739, 0xAD12,
  0x20E3, 0x5248, 0xDE77, 0xE697, 0xE697, 0xE697, 0xE697, 0xE697, 0xE697, 0xE697, 0xE697, 0xE697,
  0xE677, 0xDE77, 0xE697, 0x39A5, 0x0861, 0x3165, 0x10A2, 0x2124, 0x3185, 0x2124, 0x4183, 0x59E3,
  0x51A2, 0x7285, 0x8307, 0x8B48, 0x72A7, 0x6245, 0x3942, 0x30E1, 0x3942, 0x2103, 0x2965, 0x2945,
  0x2124, 0x39C6, 0x4A27, 0x41E6, 0x39A5, 0x18C2, 0x0041, 0x1081, 0x2944, 0x41E6, 0x5289, 0x6B2B,
  0x6B2B, 0x6B2B, 0x6B2B, 0x734C, 0x734C, 0x62EA, 0x4A07, 0x18C2, 0x0841, 0x0000, 0x0000, 0x0000,
  0x0000, 0x0000, 0x0000, 0x0000, 0x0000, 0x0000, 0x0000, 0x0000, 0x0000, 0x0000, 0x0000, 0x0000,
  0x0000, 0x0000, 0x0000, 0x0000, 0x0000, 0x0000, 0x0000, 0x0000, 0x0000, 0x0000, 0x0000, 0x0000,
  0x0000, 0x0000, 0x83CD, 0x7B8C, 0x41E6, 0x5227, 0x6B0A, 0x838C, 0x9C4F, 0xA490, 0x83AC, 0x62A8,
  0x3985, 0x18C2, 0x20E2, 0x20C2, 0x49E5, 0x6AC8, 0x5A47, 0x6AA8, 0x5227, 0x7309, 0x41A5, 0x10A2,
  0x5268, 0x7B4A, 0x62A8, 0x3984, 0x3964, 0x18C2, 0x10A2, 0x1081, 0x0861, 0x0840, 0x10A2, 0x2124,
  0xBD73, 0xE676, 0xDE36, 0xDE76, 0xDE77, 0xDE77, 0xF719, 0xA4D1, 0x39A5, 0x5248, 0xCDF5, 0xACF2,
  0xB532, 0xE6B8, 0xE697, 0xD615, 0xBD73, 0xB532, 0xB553, 0xC5D4, 0xDE57, 0xE6B8, 0xEEB8, 0xE6B8,
  0xE697, 0xE697, 0xE697, 0xE697, 0xE697, 0xE697, 0xE697, 0xDE77, 0xDE77, 0xE697, 0xEED8, 0xF6F9,
  0xEEF9, 0xE6B8, 0xE697, 0xCDD5, 0x39C6, 0x2924, 0xC5B4, 0xE6B8, 0xE677, 0xE697, 0xE697, 0xE697,
  0xE697, 0xE697, 0xE697, 0xE697, 0xDE77, 0xEED8, 0x9C6F, 0x0840, 0x2944, 0x18E3, 0x0840, 0x18C3,
  0x2944, 0x2944, 0x4163, 0x5A04, 0x6245, 0x51C3, 0x51C3, 0x59E3, 0x4162, 0x4982, 0x4162, 0x3962,
  0x3102, 0x2103, 0x2124, 0x41E6, 0x7B29, 0x8328, 0x8B48, 0x8B68, 0x93AA, 0x93CB, 0x6287, 0x2103,
  0x18E3, 0x10A2, 0x1081, 0x2103, 0x39A5, 0x5248, 0x62EA, 0x734C, 0x734C, 0x734C, 0x62EA, 0x62EA,
  0x6B2B, 0x5248, 0x2104, 0x0000, 0x0000, 0x0000, 0x0000, 0x0000, 0x0000, 0x0000, 0x0000, 0x0000,
  0x0000, 0x0000, 0x0000, 0x0000, 0x0000, 0x0000, 0x0000, 0x0000, 0x0000, 0x0000, 0x0000, 0x0000,
  0x0000, 0x0000, 0x0000, 0x0000, 0x0000, 0x5269, 0x9C4F, 0x4A07, 0x5269, 0x4207, 0x4207, 0x4A27,
  0x5268, 0x6B2A, 0x8BED, 0x9C4E, 0xA48F, 0x8BED, 0x62A9, 0x3985, 0x20E3, 0x2103, 0x20C2, 0x4184,
  0x5A67, 0x72E9, 0x2923, 0x1081, 0x5247, 0x62A9, 0x5227, 0x3984, 0x2103, 0x10A2, 0x1081, 0x1081,
  0x0020, 0x10A2, 0x18C2, 0x9C6F, 0xE677, 0xD635, 0xDE76, 0xDE77, 0xE697, 0xD615, 0x9C90, 0xEED8,
  0x732B, 0x3164, 0x62EA, 0xEED8, 0xE6B8, 0xE677, 0xE697, 0xE6B8, 0xEED8, 0xE6B8, 0xD636, 0xBD94,
  0xAD12, 0xB532, 0xC5D4, 0xDE57, 0xE6B8, 0xEEB8, 0xE6B7, 0xE697, 0xE697, 0xE697, 0xE697, 0xE697,
  0xE697, 0xE697, 0xE697, 0xE677, 0xE677, 0xE677, 0xE697, 0xE697, 0xD656, 0xA4B0, 0xCDF5, 0xE6B7,
  0xDE77, 0xE677, 0xE677, 0xDE77, 0xDE77, 0xE697, 0xE677, 0xDE77, 0xE697, 0xDE77, 0x2923, 0x18C2,
  0x2924, 0x0841, 0x0840, 0x1082, 0x18E3, 0x2103, 0x4163, 0x4183, 0x51A3, 0x6A45, 0x6245, 0x6224,
  0x51A3, 0x4982, 0x3942, 0x28E1, 0x28E1, 0x18C3, 0x4A27, 0x9BEA, 0x8307, 0x8307, 0x8B68, 0xA3EA,
  0x9347, 0x8B27, 0x9BEB, 0x838A, 0x2945, 0x2965, 0x2944, 0x18E3, 0x10A2, 0x10A2, 0x20E3, 0x3185,
  0x4A27, 0x5A89, 0x62CA, 0x736C, 0x6B0B, 0x6B2B, 0x7B8D, 0x3145, 0x0000, 0x0000, 0x0000, 0x0000,
  0x0000, 0x0000, 0x0000, 0x0000, 0x0000, 0x0000, 0x0000, 0x0000, 0x0000, 0x0000, 0x0000, 0x0000,
  0x0000, 0x0000, 0x0000, 0x0000, 0x0000, 0x0000, 0x0000, 0x0000, 0x18C2, 0xA4D1, 0x62C9, 0x4A28,
  0x62EA, 0x736C, 0x41E7, 0x2944, 0x5A89, 0x4207, 0x41E6, 0x4A07, 0x62EA, 0x8BCD, 0x9C6F, 0xA490,
  0x8BED, 0x62C9, 0x3985, 0x20E2, 0x20E2, 0x3143, 0x1081, 0x0020, 0x5A47, 0x6288, 0x41E5, 0x3144,
  0x18C2, 0x10A2, 0x10A2, 0x0840, 0x1081, 0x10A2, 0x7B8C, 0xE697, 0xD636, 0xDE56, 0xDE76, 0xDE77,
  0xE697, 0xC594, 0x2103, 0x7BAD, 0x83EE, 0x944F, 0x2103, 0xCE15, 0xE6B7, 0xE697, 0xE697, 0xE697,
  0xE677, 0xE697, 0xE6B8, 0xEED8, 0xE6B8, 0xDE56, 0xC5B4, 0xB532, 0xB512, 0xBD93, 0xD616, 0xE697,
  0xEED8, 0xE6B8, 0xE697, 0xE677, 0xE677, 0xE697, 0xE697, 0xE697, 0xE697, 0xE697, 0xE697, 0xE697,
  0xE6B8, 0xEED8, 0xE697, 0xE677, 0xE677, 0xE677, 0xE677, 0xE697, 0xE677, 0xE697, 0xE677, 0xDE56,
  0xEEF9, 0x7B8C, 0x0861, 0x3185, 0x1081, 0x0840, 0x0861, 0x10A2, 0x2103, 0x2104, 0x3102, 0x49A3,
  0x4983, 0x5A04, 0x72C7, 0x72C7, 0x6286, 0x5205, 0x3102, 0x3121, 0x3102, 0x10A2, 0x838A, 0x8307,
  0x9B88, 0xAC2B, 0xB48C, 0xBCAC, 0xAC6B, 0xA3C9, 0x8327, 0xA42B, 0x49E5, 0x2124, 0x3165, 0x2965,
  0x2944, 0x2924, 0x2103, 0x18C2, 0x10A2, 0x10A2, 0x2944, 0x5A89, 0x6B0B, 0x62CA, 0x734C, 0x62CA,
  0x0000, 0x0000, 0x0000, 0x0000, 0x0000, 0x0000, 0x0000, 0x0000, 0x0000, 0x0000, 0x0000, 0x0000,
  0x0000, 0x0000, 0x0000, 0x0000, 0x0000, 0x0000, 0x0000, 0x0000, 0x0000, 0x0000, 0x0000, 0x0000,
  0x7BAD, 0x83CD, 0x4207, 0x2103, 0x3185, 0x5289, 0x2103, 0x2924, 0x5269, 0x62EA, 0x5289, 0x39A6,
  0x4A27, 0x5268, 0x5248, 0x6AEA, 0x838C, 0x9C4E, 0xA490, 0x942E, 0x732A, 0x41C6, 0x10A2, 0x39A5,
  0x62A8, 0x5A68, 0x41A5, 0x2923, 0x10A2, 0x1082, 0x0841, 0x0861, 0x18C2, 0x5289, 0xE677, 0xDE36,
  0xDE56, 0xDE76, 0xDE77, 0xDE77, 0xDE77, 0xEEB8, 0x942F, 0x2103, 0x5288, 0x4207, 0x944F, 0xEED8,
  0xDE56, 0xDE77, 0xEED8, 0xE6B8, 0xE697, 0xE697, 0xE697, 0xE697, 0xE697, 0xE6B8, 0xEED8, 0xEEB8,
  0xDE77, 0xCDF5, 0xB553, 0xAD12, 0xBD53, 0xCDF5, 0xDE77, 0xE6B8, 0xE6B8, 0xE697, 0xDE77, 0xE677,
  0xE697, 0xE697, 0xE677, 0xE677, 0xE677, 0xDE77, 0xE697, 0xE697, 0xE697, 0xE677, 0xDE77, 0xE677,
  0xE677, 0xDE77, 0xDE56, 0xE6B8, 0xBD93, 0x18A2, 0x2965, 0x18C2, 0x0840, 0x0861, 0x10A2, 0x18C2,
  0x2104, 0x2104, 0x3963, 0x4162, 0x7B08, 0x8348, 0x8B47, 0x8328, 0x8B47, 0x8328, 0x8B89, 0x41A3,
  0x20A1, 0x1081, 0x8BAA, 0x9368, 0x9BA9, 0x9C0B, 0xBCAC, 0xB46B, 0xA3EA, 0x9368, 0x9388, 0xA42B,
  0x5206, 0x2124, 0x2965, 0x2944, 0x2945, 0x2965, 0x2965, 0x2945, 0x2944, 0x2944, 0x1082, 0x4A27,
  0x734B, 0x62EA, 0x7B6C, 0x41E7, 0x0000, 0x0000, 0x0000, 0x0000, 0x0000, 0x0000, 0x0000, 0x0000,
  0x0000, 0x0000, 0x0000, 0x0000, 0x0000, 0x0000, 0x0000, 0x0000, 0x0000, 0x0000, 0x0000, 0x0000,
  0x0000, 0x0000, 0x0000, 0x4207, 0xA490, 0x5268, 0x4A27, 0x2103, 0x1081, 0x1081, 0x18C2, 0x39C6,
  0x4A48, 0x6B2B, 0x5289, 0x18C2, 0x39C6, 0x5269, 0x4A27, 0x4A27, 0x4207, 0x5268, 0x6AC9, 0x838C,
  0x9C6F, 0xA4B0, 0x8BED, 0x942E, 0x9C4F, 0x732A, 0x3964, 0x2103, 0x1081, 0x0861, 0x0841, 0x18C3,
  0x39C6, 0xCDF5, 0xDE56, 0xDE56, 0xDE77, 0xDE77, 0xE677, 0xDE77, 0xDE77, 0xE6B7, 0xC5D4, 0x9470,
  0xCDF5, 0xD636, 0xEED8, 0xE697, 0xCDD5, 0xAD12, 0xBD53, 0xCDD5, 0xDE77, 0xEED8, 0xEED8, 0xE697,
  0xE697, 0xE677, 0xE677, 0xE697, 0xE6B8, 0xEED8, 0xEED8, 0xE697, 0xCDF5, 0xBD53, 0xB512, 0xB552,
  0xC5B4, 0xDE56, 0xE6B8, 0xEEB8, 0xE697, 0xDE77, 0xDE77, 0xDE77, 0xE697, 0xE697, 0xE697, 0xE697,
  0xE697, 0xE697, 0xDE76, 0xDE77, 0xDE77, 0xDE76, 0xDE77, 0xE697, 0x41E6, 0x2924, 0x2964, 0x0861,
  0x0841, 0x10A2, 0x18C2, 0x18E3, 0x2124, 0x2104, 0x1880, 0x6286, 0x93CA, 0x8B47, 0xAC2A, 0xB44A,
  0xB44B, 0x9B88, 0x8B48, 0x8B89, 0x20C1, 0x1061, 0x6287, 0xB48D, 0x8B48, 0x9327, 0x9BA9, 0x8B48,
  0x8B27, 0x9368, 0xA40A, 0x93A9, 0x2902, 0x2965, 0x2944, 0x2944, 0x2965, 0x2965, 0x2945, 0x2944,
  0x2965, 0x2944, 0x39A6, 0x736C, 0x62EA, 0x734C, 0x62CA, 0x18C2, 0x0000, 0x0000, 0x0000, 0x0000,
  0x0000, 0x0000, 0x0000, 0x0000, 0x0000, 0x0000, 0x0000, 0x0000, 0x0000, 0x0000, 0x0000, 0x0000,
  0x0000, 0x0000, 0x0000, 0x0000, 0x0000, 0x0000, 0x1082, 0x9C6F, 0x62EA, 0x4A48, 0x5ACA, 0x630B,
  0x4227, 0x2924, 0x5268, 0x2124, 0x0840, 0x2124, 0x2103, 0x18C2, 0x5269, 0x5ACA, 0x736C, 0x4A48,
  0x2964, 0x5A89, 0x52EA, 0x4A28, 0x5227, 0x6AEA, 0x83AC, 0x9C4E, 0x940E, 0x49E6, 0x2923, 0x18A2,
  0x0861, 0x0841, 0x18C2, 0x2124, 0xB552, 0xE697, 0xDE56, 0xDE77, 0xE677, 0xE677, 0xE677, 0xE697,
  0xE6B8, 0xE697, 0xE697, 0xEEB8, 0xE6B8, 0xE697, 0xDE77, 0xE697, 0xE6B8, 0xE698, 0xD615, 0xBD73,
  0xACF1, 0xB532, 0xC5D4, 0xDE57, 0xE6B8, 0xEEB8, 0xE698, 0xE697, 0xE697, 0xE697, 0xE697, 0xE697,
  0xE6B8, 0xEED8, 0xE6B8, 0xD636, 0xC594, 0xAD12, 0xB512, 0xC594, 0xD636, 0xE697, 0xEED8, 0xE6B7,
  0xE697, 0xDE77, 0xE697, 0xE697, 0xE697, 0xE697, 0xE697, 0xE677, 0xDE77, 0xDE56, 0xEED8, 0x7B8C,
  0x0840, 0x2965, 0x0020, 0x0020, 0x1081, 0x18C2, 0x18E3, 0x2124, 0x2944, 0x2124, 0x0840, 0x5246,
  0xAC2B, 0x8B47, 0x9BCA, 0xB46B, 0xAC2B, 0x8B48, 0x9368, 0x93AA, 0x1060, 0x1082, 0x28E1, 0x72C7,
  0xA42C, 0xAC4B, 0xA40A, 0x9BEA, 0xA40A, 0xA42B, 0x8368, 0x3942, 0x18C2, 0x2965, 0x2965, 0x2965,
  0x2945, 0x2944, 0x2945, 0x2945, 0x2965, 0x18E3, 0x4A28, 0x62CA, 0x734B, 0x736C, 0x2924, 0x18E3,
  0x0000, 0x0000, 0x0000, 0x0000, 0x0000, 0x0000, 0x0000, 0x0000, 0x0000, 0x0000, 0x0000, 0x0000,
  0x0000, 0x0000, 0x0000, 0x0000, 0x0000, 0x0000, 0x0000, 0x0000, 0x0000, 0x0000, 0x734B, 0x8BCD,
  0x41E6, 0x39C6, 0x5289, 0x62EB, 0x2944, 0x2924, 0x4A48, 0x4A48, 0x41E7, 0x2924, 0x2103, 0x39C6,
  0x2103, 0x39C6, 0x5289, 0x2124, 0x20C2, 0x638D, 0x7D53, 0x6CB1, 0x538D, 0x4A27, 0x5AA9, 0x942E,
  0x5A88, 0x3143, 0x2103, 0x1081, 0x0840, 0x10A2, 0x20E3, 0x8C0E, 0xEED8, 0xDE36, 0xDE76, 0xE677,
  0xE677, 0xE697, 0xD636, 0xAD11, 0xC594, 0xD636, 0xE697, 0xE697, 0xE697, 0xDE77, 0xDE77, 0xE677,
  0xE677, 0xE697, 0xE6B8, 0xEED8, 0xE697, 0xD615, 0xC594, 0xB532, 0xB553, 0xC594, 0xD636, 0xE6B8,
  0xEED8, 0xE6B8, 0xE697, 0xE697, 0xE697, 0xDE77, 0xE697, 0xE6B7, 0xEEB8, 0xE6B8, 0xD636, 0xC594,
  0xB532, 0xB512, 0xBD73, 0xCDF5, 0xE697, 0xEEB8, 0xE697, 0xE697, 0xE697, 0xE697, 0xE677, 0xE677,
  0xDE56, 0xEEB8, 0xBD73, 0x1081, 0x62EA, 0x9C6F, 0x8BEE, 0x39A6, 0x18E3, 0x18E3, 0x18E3, 0x2924,
  0x2944, 0x2924, 0x2103, 0x2902, 0x93CA, 0xA3EA, 0x9348, 0x9368, 0x8B48, 0x9368, 0xA40A, 0x5205,
  0x0861, 0x18C2, 0x3122, 0x4142, 0x51E3, 0x8348, 0x93AA, 0x9BAA, 0x8328, 0x6224, 0x3101, 0x3922,
  0x2923, 0x2945, 0x2944, 0x2945, 0x2965, 0x2965, 0x2965, 0x2965, 0x18E3, 0x4A48, 0x62EA, 0x5AA9,
  0x62CA, 0x3185, 0x2904, 0x0861, 0x0000, 0x0000, 0x0000, 0x0000, 0x0000, 0x0000, 0x0000, 0x0000,
  0x0000, 0x0000, 0x0000, 0x0000, 0x0000, 0x0000, 0x0000, 0x0000, 0x0000, 0x0000, 0x0000, 0x0000,
  0x0000, 0x3186, 0xA490, 0x5268, 0x41E6, 0x0861, 0x10A2, 0x2103, 0x1061, 0x4207, 0x5269, 0x7B8D,
  0x630B, 0x2944, 0x4207, 0x4A28, 0x18C3, 0x1081, 0x18A2, 0x18A2, 0x3A07, 0x6491, 0x8D75, 0x85D6,
  0x3B2B, 0x2924, 0x83AD, 0x9C4F, 0x3984, 0x2923, 0x10A2, 0x0840, 0x0861, 0x2924, 0x62EA, 0xE697,
  0xDE36, 0xDE56, 0xDE56, 0xDE77, 0xE697, 0xE697, 0xE697, 0xDE36, 0xC5B4, 0xB532, 0xACF1, 0xBD73,
  0xD615, 0xE697, 0xE6B8, 0xE697, 0xE697, 0xDE77, 0xE677, 0xDE77, 0xE697, 0xE6B8, 0xEED8, 0xE6B8,
  0xDE56, 0xC5B4, 0xB532, 0xB512, 0xBD94, 0xD636, 0xE697, 0xE6B8, 0xE6B8, 0xE697, 0xDE77, 0xE677,
  0xDE77, 0xE677, 0xE697, 0xEEB8, 0xEEB8, 0xDE57, 0xCDD4, 0xB552, 0xB512, 0xBD73, 0xDE77, 0xE677,
  0xE677, 0xE677, 0xE677, 0xE677, 0xE677, 0xE697, 0x2923, 0x630B, 0xC593, 0xB511, 0x9C4E, 0x4A27,
  0x5269, 0x4207, 0x39C6, 0x3165, 0x2104, 0x2103, 0x2124, 0x3163, 0x3942, 0x72C7, 0x9BEB, 0x9BCA,
  0x8B89, 0x8348, 0x49C3, 0x20C1, 0x18E3, 0x2103, 0x20C1, 0x49A3, 0x5A04, 0x59E3, 0x51C3, 0x59E3,
  0x49A3, 0x4162, 0x4163, 0x3942, 0x20E2, 0x2945, 0x2944, 0x2945, 0x2965, 0x2945, 0x2965, 0x2124,
  0x41E7, 0x7B6C, 0x62EA, 0x736C, 0x4A27, 0x1082, 0x5182, 0x38C0, 0x0000, 0x0000, 0x0000, 0x0000,
  0x0000, 0x0000, 0x0000, 0x0000, 0x0000, 0x0000, 0x0000, 0x0000, 0x0000, 0x0000, 0x0000, 0x0000,
  0x0000, 0x0000, 0x0000, 0x0000, 0x0841, 0x944F, 0x6AEA, 0x4207, 0x5AA9, 0x5268, 0x2965, 0x20E3,
  0x41E7, 0x2103, 0x2103, 0x5268, 0x3185, 0x1061, 0x4A27, 0x5ACA, 0x6B2C, 0x4A28, 0x2944, 0x4A48,
  0x31C6, 0x19A5, 0x3B0B, 0x4BAD, 0x2165, 0x5248, 0x9C6F, 0x5A88, 0x2923, 0x18E2, 0x0861, 0x0841,
  0x20E3, 0x41E7, 0xD615, 0xE676, 0xDE56, 0xDE77, 0xDE77, 0xDE77, 0xDE77, 0xE677, 0xE677, 0xE697,
  0xE6B8, 0xE6B8, 0xDE56, 0xC5D4, 0xB532, 0xAD12, 0xBD73, 0xCDF5, 0xDE77, 0xEEB8, 0xE6B8, 0xE697,
  0xE677, 0xE697, 0xE697, 0xE697, 0xE697, 0xEEB8, 0xEEB8, 0xDE77, 0xCDD4, 0xBD53, 0xB512, 0xBD73,
  0xCDF5, 0xE697, 0xEEB8, 0xE6B8, 0xE697, 0xE677, 0xDE77, 0xDE77, 0xDE77, 0xE697, 0xE6B8, 0xEEB8,
  0xDE77, 0xCDF5, 0xDE77, 0xE677, 0xDE77, 0xDE77, 0xE677, 0xDE56, 0xEEF8, 0x5AA9, 0x4207, 0xCDB4,
  0xACD1, 0x9C4E, 0x39A6, 0x41E7, 0x4207, 0x4207, 0x4A48, 0x4A48, 0x4228, 0x39E6, 0x3165, 0x2903,
  0x3942, 0x3921, 0x4982, 0x49A3, 0x3942, 0x3922, 0x3122, 0x28E1, 0x2103, 0x18E3, 0x20C1, 0x3942,
  0x5A04, 0x6A65, 0x7285, 0x7286, 0x6A45, 0x49A3, 0x3942, 0x3122, 0x20E2, 0x2944, 0x2944, 0x2945,
  0x2945, 0x2965, 0x2944, 0x2944, 0x734C, 0x6B0B, 0x736C, 0x62EA, 0x20C2, 0x2082, 0xC3A0, 0x7A02,
  0x0000, 0x0000, 0x0000, 0x0000, 0x0000, 0x0000, 0x0000, 0x0000, 0x0000, 0x0000, 0x0000, 0x0000,
  0x0000, 0x0000, 0x0000, 0x0000, 0x0000, 0x0000, 0x0000, 0x0000, 0x62EA, 0x942E, 0x41E7, 0x5269,
  0x6B4B, 0x6B2B, 0x2965, 0x2944, 0x5289, 0x39C6, 0x18C2, 0x1081, 0x10A2, 0x3185, 0x39C6, 0x5ACA,
  0x6B4C, 0x3185, 0x18E2, 0x62EB, 0x6B6C, 0x4A48, 0x2965, 0x1923, 0x39C6, 0x944F, 0x83AC, 0x3143,
  0x2923, 0x1081, 0x0840, 0x20E3, 0x2944, 0xAD12, 0xEEB7, 0xDE56, 0xDE77, 0xDE77, 0xE677, 0xE697,
  0xE6B8, 0xE697, 0xE677, 0xE677, 0xDE77, 0xDE77, 0xE697, 0xEEB8, 0xEEB8, 0xDE77, 0xCDF5, 0xBD73,
  0xACF1, 0xB532, 0xCDF5, 0xDE77, 0xE6B8, 0xE6B8, 0xE697, 0xDE77, 0xDE77, 0xDE77, 0xE697, 0xE697,
  0xEEB8, 0xEEB8, 0xDE77, 0xCDF5, 0xBD53, 0xACF1, 0xB532, 0xC5D4, 0xDE77, 0xE6B8, 0xE6B8, 0xE697,
  0xDE77, 0xDE77, 0xDE77, 0xDE77, 0xE697, 0xE697, 0xE677, 0xDE77, 0xE677, 0xE677, 0xDE56, 0xEEF9,
  0x942E, 0x3164, 0xC593, 0xACD0, 0xACD0, 0x5227, 0x4228, 0x4A48, 0x41E7, 0x41E7, 0x4207, 0x39E7,
  0x4207, 0x4A48, 0x4A48, 0x4207, 0x41E7, 0x49E6, 0x3963, 0x4163, 0x4162, 0x3942, 0x3922, 0x20C1,
  0x18A2, 0x10A2, 0x28E1, 0x49A3, 0x3942, 0x4983, 0x6A44, 0x6204, 0x4983, 0x3122, 0x3122, 0x3942,
  0x18A2, 0x2104, 0x2944, 0x2944, 0x2944, 0x2965, 0x2104, 0x62CA, 0x732B, 0x6B0B, 0x736C, 0x3164,
  0x20C3, 0x92A0, 0xD3E1, 0x4143, 0x0000, 0x0000, 0x0000, 0x0000, 0x0000, 0x0000, 0x0000, 0x0000,
  0x0000, 0x0000, 0x0000, 0x0000, 0x0000, 0x0000, 0x0000, 0x0000, 0x0000, 0x0000, 0x0000, 0x2103,
  0x9C90, 0x62CA, 0x39C6, 0x18A2, 0x2964, 0x39A6, 0x10A2, 0x41E7, 0x5268, 0x7BAD, 0x62EB, 0x2944,
  0x39C6, 0x39C6, 0x0861, 0x18C2, 0x2944, 0x1081, 0x4A27, 0x8C2F, 0x9CB1, 0x9CD2, 0x6B2C, 0x3185,
  0x6AEA, 0x9C6F, 0x4A06, 0x2923, 0x18C2, 0x0861, 0x10A2, 0x2104, 0x7BAD, 0xEEB8, 0xDE36, 0xDE77,
  0xE677, 0xDE77, 0xE697, 0xDE56, 0xBD73, 0xD636, 0xE6B8, 0xEEB8, 0xE6B8, 0xE697, 0xE677, 0xDE77,
  0xDE77, 0xE697, 0xE6B8, 0xEED8, 0xE677, 0xCDF5, 0xBD73, 0xB532, 0xB532, 0xC5B4, 0xDE36, 0xE6B8,
  0xEEB8, 0xE6B8, 0xE697, 0xE677, 0xE697, 0xE697, 0xE697, 0xE6B8, 0xE6B8, 0xE697, 0xD615, 0xBD73,
  0xB512, 0xB532, 0xC593, 0xD615, 0xE697, 0xE6B8, 0xE697, 0xE677, 0xE677, 0xDE77, 0xDE77, 0xDE77,
  0xE677, 0xDE76, 0xE6B8, 0xC593, 0x2924, 0xAD12, 0xACF0, 0xB511, 0x5A88, 0x4207, 0x4A69, 0x4207,
  0x4207, 0x4A28, 0x4228, 0x4A28, 0x4228, 0x41E7, 0x41E7, 0x4228, 0x4A48, 0x4A49, 0x4A28, 0x41E7,
  0x39A5, 0x2902, 0x20C1, 0x20A0, 0x0861, 0x10A2, 0x28E1, 0x3101, 0x49A3, 0x6244, 0x6A45, 0x6224,
  0x49A3, 0x4183, 0x3942, 0x2901, 0x18C2, 0x10C2, 0x2104, 0x2944, 0x2945, 0x2103, 0x4A48, 0x7B8C,
  0x6B0B, 0x7B6C, 0x41C6, 0x20C3, 0x7202, 0xF4C0, 0x69E3, 0x2903, 0x0000, 0x0000, 0x0000, 0x0000,
  0x0000, 0x0000, 0x0000, 0x0000, 0x0000, 0x0000, 0x0000, 0x0000, 0x0000, 0x0000, 0x0000, 0x0000,
  0x0000, 0x0000, 0x0000, 0x8BEE, 0x734B, 0x41E7, 0x4A28, 0x2965, 0x18C2, 0x18A2, 0x2944, 0x3185,
  0x4A48, 0x5ACA, 0x39E7, 0x10A2, 0x39C6, 0x5289, 0x5268, 0x3185, 0x18C2, 0x3185, 0x4A28, 0x738D,
  0x8C70, 0x8C30, 0x2944, 0x4207, 0x9C6F, 0x6AC9, 0x2923, 0x2903, 0x0861, 0x0861, 0x2124, 0x4A68,
  0xDE77, 0xDE56, 0xDE56, 0xDE77, 0xE697, 0xE677, 0xE697, 0xDE77, 0xC5B4, 0xB532, 0xAD11, 0xBD93,
  0xD616, 0xE697, 0xE6B8, 0xE697, 0xE697, 0xE677, 0xE677, 0xDE77, 0xE697, 0xE6B8, 0xEEB8, 0xE697,
  0xD615, 0xBD73, 0xAD12, 0xB512, 0xC5B4, 0xD636, 0xE6B8, 0xEEB8, 0xE697, 0xE697, 0xE677, 0xE677,
  0xDE77, 0xE677, 0xE6B7, 0xEEB8, 0xE697, 0xD615, 0xC594, 0xB532, 0xAD12, 0xBD73, 0xD615, 0xE677,
  0xDE77, 0xE677, 0xDE77, 0xDE77, 0xDE76, 0xDE77, 0xE677, 0x39A5, 0x942F, 0xB511, 0xB4F1, 0x732A,
  0x41E7, 0x4A69, 0x4A28, 0x4207, 0x4A28, 0x4228, 0x4228, 0x4228, 0x4228, 0x4228, 0x4228, 0x4A28,
  0x4228, 0x4207, 0x4207, 0x4207, 0x4228, 0x4228, 0x39C6, 0x3144, 0x2123, 0x1082, 0x0820, 0x28E1,
  0x4142, 0x51A3, 0x59E3, 0x5A03, 0x49A3, 0x3922, 0x3122, 0x3122, 0x1081, 0x10A2, 0x2103, 0x2945,
  0x2124, 0x3185, 0x734C, 0x6B0B, 0x7B8D, 0x5A89, 0x20E3, 0x4102, 0xEC81, 0xA2E2, 0x4164, 0x18A1,
  0x0000, 0x0000, 0x0000, 0x0000, 0x0000, 0x0000, 0x0000, 0x0000, 0x0000, 0x0000, 0x0000, 0x0000,
  0x0000, 0x0000, 0x0000, 0x0000, 0x0000, 0x0000, 0x4A28, 0x9C6F, 0x5248, 0x4A69, 0x62EA, 0x630B,
  0x39A6, 0x3185, 0x4A48, 0x18C2, 0x1061, 0x18C2, 0x1081, 0x2944, 0x5269, 0x6B2B, 0x736C, 0x39A5,
  0x3165, 0x5269, 0x2944, 0x2103, 0x31A6, 0x31A6, 0x2924, 0x7B6C, 0x940E, 0x3964, 0x2923, 0x18A2,
  0x0840, 0x2103, 0x3185, 0xBD94, 0xE697, 0xDE56, 0xDE76, 0xE677, 0xE697, 0xE677, 0xDE77, 0xE697,
  0xEED8, 0xEEB8, 0xDE77, 0xCDD4, 0xB532, 0xB512, 0xBD53, 0xCE15, 0xE697, 0xEED8, 0xE6B8, 0xE697,
  0xE677, 0xE677, 0xDE77, 0xE677, 0xE697, 0xEEB8, 0xE6B8, 0xDE56, 0xC594, 0xB512, 0xB512, 0xBD93,
  0xD616, 0xE697, 0xEEB8, 0xE697, 0xE697, 0xE677, 0xDE77, 0xDE77, 0xDE77, 0xE697, 0xE6B8, 0xE6B8,
  0xDE56, 0xC594, 0xBD53, 0xDE77, 0xE677, 0xDE77, 0xDE77, 0xDE76, 0xDE56, 0xEEF8, 0x62C9, 0x736C,
  0xBD52, 0xACD0, 0x83CC, 0x41E6, 0x5289, 0x4227, 0x39E7, 0x4A28, 0x41E7, 0x4207, 0x4207, 0x4228,
  0x4228, 0x4228, 0x4228, 0x4228, 0x4228, 0x4228, 0x4228, 0x4207, 0x41E7, 0x41E7, 0x4207, 0x4A48,
  0x5268, 0x39A6, 0x39C6, 0x41C5, 0x3922, 0x49A3, 0x51E4, 0x49C3, 0x49A3, 0x49A3, 0x3942, 0x18A1,
  0x1081, 0x18C2, 0x2124, 0x2924, 0x2104, 0x6B0B, 0x6B2B, 0x6B2B, 0x6B2B, 0x3144, 0x28E3, 0xBB81,
  0xCB81, 0x4964, 0x3123, 0x0840, 0x0000, 0x0000, 0x0000, 0x0000, 0x0000, 0x0000, 0x0000, 0x0000,
  0x0000, 0x0000, 0x0000, 0x0000, 0x0000, 0x0000, 0x0000, 0x0000, 0x0000, 0x18C3, 0x9C6F, 0x62A9,
  0x3165, 0x39E6, 0x5289, 0x4A48, 0x10A2, 0x31A5, 0x5289, 0x5ACA, 0x39C6, 0x18E3, 0x39A6, 0x3185,
  0x18E3, 0x31A5, 0x39C6, 0x1081, 0x39A5, 0xA368, 0xA348, 0x7AA7, 0x41A5, 0x2944, 0x5A89, 0x9C6F,
  0x5247, 0x2903, 0x20E2, 0x0841, 0x18C2, 0x2944, 0x8C0F, 0xEEB7, 0xDE36, 0xDE76, 0xDE76, 0xDE77,
  0xDE77, 0xE677, 0xE677, 0xE677, 0xE697, 0xE697, 0xE697, 0xE6B8, 0xEEB8, 0xDE77, 0xCDF5, 0xB553,
  0xACF1, 0xB553, 0xCDF5, 0xDE77, 0xE6B8, 0xE697, 0xE677, 0xDE77, 0xDE77, 0xE677, 0xE697, 0xE697,
  0xE6B8, 0xE6B8, 0xDE56, 0xCDD4, 0xB553, 0xAD12, 0xBD53, 0xCDF5, 0xDE77, 0xE697, 0xE697, 0xDE76,
  0xDE56, 0xDE76, 0xDE77, 0xDE76, 0xE677, 0xE6B7, 0xE6B8, 0xDE77, 0xDE77, 0xDE77, 0xDE77, 0xDE56,
  0xEED8, 0x944E, 0x62CA, 0xBD52, 0xACB0, 0x9C2E, 0x41E6, 0x4A48, 0x4A28, 0x39E7, 0x6450, 0x6CD1,
  0x5BAE, 0x4AA9, 0x4228, 0x41E7, 0x4207, 0x4228, 0x4A28, 0x4A28, 0x4228, 0x4207, 0x4207, 0x4228,
  0x4A28, 0x41E7, 0x4A28, 0x4A48, 0x31A6, 0x5AA9, 0xBD52, 0xBD53, 0x8C0E, 0x41A4, 0x51A3, 0x5A03,
  0x4162, 0x3101, 0x18A1, 0x1081, 0x10A2, 0x2103, 0x2945, 0x18E3, 0x5269, 0x734C, 0x6B0B, 0x736C,
  0x39A5, 0x20C3, 0x8A81, 0xEC81, 0x61A4, 0x3143, 0x1061, 0x0000, 0x0000, 0x0000, 0x0000, 0x0000,
  0x0000, 0x0000, 0x0000, 0x0000, 0x0000, 0x0000, 0x0000, 0x0000, 0x0000, 0x0000, 0x0000, 0x0000,
  0x1082, 0x6B2B, 0x9C6F, 0x5248, 0x3185, 0x18A2, 0x18E3, 0x1082, 0x18C2, 0x4228, 0x62EA, 0x736C,
  0x39E7, 0x2103, 0x4A48, 0x4207, 0x2924, 0x18A2, 0x1081, 0x2104, 0x8308, 0xCBA7, 0xC387, 0xCBA7,
  0x59C4, 0x4A48, 0x8BED, 0x838C, 0x2923, 0x2903, 0x0861, 0x1082, 0x2964, 0x5AAA, 0xE677, 0xDE56,
  0xDE56, 0xDE77, 0xDE77, 0xDE77, 0xDE77, 0xE677, 0xE697, 0xE697, 0xE697, 0xE697, 0xE697, 0xE677,
  0xDE77, 0xE697, 0xE6B8, 0xE6B8, 0xDE77, 0xCDF5, 0xBD53, 0xB512, 0xB552, 0xC5D4, 0xDE56, 0xE6B8,
  0xE6B8, 0xE697, 0xDE77, 0xDE77, 0xDE77, 0xDE77, 0xE697, 0xE6B8, 0xE6B8, 0xDE56, 0xCDD4, 0xB552,
  0xB512, 0xB552, 0xCDB4, 0xDE56, 0xE697, 0xE697, 0xE677, 0xDE56, 0xDE77, 0xE677, 0xE677, 0xE677,
  0xDE77, 0xDE77, 0xDE76, 0xE6B7, 0xC593, 0x5AA9, 0xB532, 0xACAF, 0xA48F, 0x5247, 0x4A69, 0x4A28,
  0x4207, 0x39E7, 0x5B6C, 0x6C2F, 0x74F2, 0x7533, 0x6491, 0x53AD, 0x4ACA, 0x4A48, 0x4207, 0x4207,
  0x4228, 0x4A28, 0x4228, 0x4A28, 0x41E7, 0x4A28, 0x4A48, 0x4207, 0x4207, 0xACD0, 0xA48F, 0xACD0,
  0x838B, 0x6AC9, 0x2902, 0x20C1, 0x18A1, 0x1081, 0x10A2, 0x18E3, 0x2124, 0x2945, 0x2104, 0x39C6,
  0x736C, 0x62EA, 0x7B8D, 0x4A27, 0x20E3, 0x5162, 0xF4C1, 0x8A63, 0x3964, 0x18A2, 0x0000, 0x0000,
  0x0000, 0x0000, 0x0000, 0x0000, 0x0000, 0x0000, 0x0000, 0x0000, 0x0000, 0x0000, 0x0000, 0x0000,
  0x0000, 0x0000, 0x0000, 0x1081, 0x5268, 0x4A07, 0xACB0, 0x9C4F, 0x83AD, 0x62A9, 0x39A5, 0x3185,
  0x41E7, 0x18C2, 0x2124, 0x3185, 0x10A2, 0x2944, 0x4A28, 0x62CA, 0x630B, 0x39C6, 0x2944, 0x5A88,
  0xBBA8, 0xCC6C, 0xCBE9, 0x92A5, 0x28C1, 0x6B2A, 0xA48F, 0x41C6, 0x2903, 0x18C2, 0x0841, 0x2965,
  0x39C6, 0xC5D4, 0xDE56, 0xDE36, 0xDE56, 0xDE76, 0xDE77, 0xDE77, 0xDE77, 0xE677, 0xDE77, 0xE697,
  0xE697, 0xE697, 0xE697, 0xE697, 0xE677, 0xE697, 0xE677, 0xDE77, 0xE697, 0xE6B8, 0xE6B8, 0xE697,
  0xD615, 0xBD73, 0xAD11, 0xB532, 0xC5D4, 0xDE56, 0xE697, 0xE697, 0xE677, 0xDE77, 0xDE77, 0xDE76,
  0xDE76, 0xE697, 0xE697, 0xE697, 0xDE77, 0xCDF5, 0xBD73, 0xAD11, 0xB532, 0xC5B4, 0xDE36, 0xE697,
  0xDE77, 0xDE77, 0xDE77, 0xDE77, 0xDE77, 0xDE56, 0xDE76, 0xDE56, 0x6B2B, 0xAD12, 0xACB0, 0xACB0,
  0x5A68, 0x4228, 0x4A48, 0x4228, 0x4207, 0x4207, 0x41E7, 0x41E7, 0x4A48, 0x530B, 0x6C0F, 0x74B1,
  0x74F2, 0x6C91, 0x5BCE, 0x52CA, 0x4A48, 0x4207, 0x4A28, 0x4208, 0x4207, 0x4A48, 0x4A28, 0x39C6,
  0x9C6F, 0xA48F, 0xA48F, 0x838C, 0x6288, 0x41C5, 0x2924, 0x1903, 0x20E3, 0x2104, 0x2924, 0x2924,
  0x2944, 0x2124, 0x2965, 0x736C, 0x62EA, 0x734C, 0x62EA, 0x2903, 0x30C2, 0xD400, 0xB321, 0x4165,
  0x2903, 0x0820, 0x0000, 0x0000, 0x0000, 0x0000, 0x0000, 0x0000, 0x0000, 0x0000, 0x0000, 0x0000,
  0x0000, 0x0000, 0x0000, 0x0000, 0x0000, 0x0000, 0x0020, 0x5A89, 0x5268, 0x3985, 0x5247, 0x732A,
  0x942E, 0x9C6F, 0x9C4F, 0x83AD, 0x62C9, 0x41E6, 0x20E3, 0x1081, 0x2944, 0x3185, 0x3185, 0x5289,
  0x5268, 0x18C2, 0x3185, 0xA368, 0xCBC8, 0xCC4B, 0xB367, 0x38E1, 0x41E6, 0x9C6F, 0x6AE9, 0x2923,
  0x2103, 0x0841, 0x20E3, 0x3185, 0x9C90, 0xE697, 0xDE56, 0xDE76, 0xDE77, 0xDE77, 0xDE77, 0xDE77,
  0xDE77, 0xDE77, 0xDE77, 0xE677, 0xE697, 0xE697, 0xE697, 0xE697, 0xE697, 0xE677, 0xE697, 0xE697,
  0xE697, 0xDE77, 0xDE77, 0xE697, 0xE697, 0xEEB8, 0xE697, 0xD615, 0xBD73, 0xACF1, 0xAD11, 0xC593,
  0xD636, 0xE697, 0xE6B8, 0xE697, 0xDE76, 0xDE77, 0xDE76, 0xDE76, 0xDE77, 0xE697, 0xE6B8, 0xE697,
  0xD615, 0xBD52, 0xACF1, 0xB552, 0xDE77, 0xDE56, 0xDE56, 0xDE77, 0xDE76, 0xDE36, 0xE697, 0x83EE,
  0x9C6F, 0xACD0, 0xACF1, 0x6AE9, 0x41E7, 0x4A48, 0x4207, 0x4207, 0x4A48, 0x4228, 0x4228, 0x4228,
  0x4A28, 0x4207, 0x4207, 0x4207, 0x5ACA, 0x63AD, 0x7450, 0x7CD2, 0x7491, 0x73EE, 0x4A48, 0x4207,
  0x4A28, 0x4A48, 0x39A6, 0x8C0E, 0xB511, 0xB511, 0x940D, 0x6288, 0x49E6, 0x41A5, 0x2923, 0x2124,
  0x2124, 0x2944, 0x2944, 0x2944, 0x2944, 0x20E3, 0x62CA, 0x732B, 0x6AEA, 0x734C, 0x3184, 0x20A3,
  0xA301, 0xE441, 0x5164, 0x3143, 0x1061, 0x0000, 0x0000, 0x0000, 0x0000, 0x0000, 0x0000, 0x0000,
  0x0000, 0x0000, 0x0000, 0x0000, 0x0000, 0x0000, 0x0000, 0x0000, 0x0000, 0x0000, 0x5269, 0x5AA9,
  0x5248, 0x41C6, 0x3964, 0x2923, 0x3984, 0x5227, 0x732A, 0x940E, 0xA46F, 0x942E, 0x838C, 0x62EA,
  0x5A89, 0x39C6, 0x18C2, 0x18C2, 0x18A2, 0x18E3, 0x72A7, 0xD3C8, 0xC3A8, 0xCBC8, 0x71E3, 0x2903,
  0x7B8C, 0x940E, 0x3164, 0x2923, 0x1081, 0x10A2, 0x2965, 0x630B, 0xE6B8, 0xDE56, 0xDE77, 0xDE77,
  0xE677, 0xE677, 0xDE77, 0xDE76, 0xDE77, 0xE697, 0xE697, 0xDE77, 0xDE77, 0xE697, 0xE697, 0xE697,
  0xE697, 0xE677, 0xE697, 0xE697, 0xE677, 0xE677, 0xE677, 0xE677, 0xE677, 0xDE77, 0xDE77, 0xE677,
  0xE697, 0xE677, 0xD615, 0xBD52, 0xACF1, 0xACF1, 0xBD53, 0xD616, 0xE697, 0xE697, 0xE677, 0xDE76,
  0xDE56, 0xDE77, 0xDE77, 0xDE77, 0xE677, 0xE6B7, 0xE677, 0xD636, 0xDE77, 0xDE76, 0xDE77, 0xDE56,
  0xDE36, 0xEEB7, 0xA4F1, 0x8C2F, 0xB4D0, 0xACD0, 0x7B8B, 0x41E7, 0x4A69, 0x4207, 0x4207, 0x4A28,
  0x4228, 0x4228, 0x4228, 0x4228, 0x4208, 0x4228, 0x4228, 0x4207, 0x39C6, 0x39C6, 0x41E7, 0x52A9,
  0x638D, 0x6BAE, 0x39C6, 0x4228, 0x4A48, 0x39C6, 0x6B4B, 0xBD31, 0xACD0, 0xA48F, 0x7309, 0x41C5,
  0x3964, 0x41C5, 0x2944, 0x2104, 0x2944, 0x2944, 0x2944, 0x2965, 0x2104, 0x39A6, 0x62EA, 0x62CA,
  0x7B6C, 0x41C6, 0x20C3, 0x69E2, 0xF4E1, 0x71E3, 0x3944, 0x18A1, 0x0000, 0x0000, 0x0000, 0x0000,
  0x0000, 0x0000, 0x0000, 0x0000, 0x0000, 0x0000, 0x0000, 0x0000, 0x0000, 0x0000, 0x0000, 0x0000,
  0x0000, 0x4A28, 0x734B, 0x62C9, 0x5268, 0x2944, 0x39A5, 0x3984, 0x3964, 0x3144, 0x3143, 0x3964,
  0x4A06, 0x730A, 0x940E, 0xA4B0, 0x944F, 0x838C, 0x62CA, 0x39C6, 0x3164, 0x4A28, 0x4963, 0x71C2,
  0xA2C5, 0x9AC5, 0x30E1, 0x5A89, 0xA490, 0x5A68, 0x2103, 0x18C2, 0x0861, 0x3165, 0x39E7, 0xCDF5,
  0xE676, 0xDE56, 0xDE76, 0xE677, 0xDE77, 0xE677, 0xE677, 0xDE77, 0xE677, 0xE697, 0xE677, 0xE677,
  0xE677, 0xE697, 0xE697, 0xE697, 0xE697, 0xE697, 0xE677, 0xE677, 0xE677, 0xE697, 0xE677, 0xE677,
  0xE677, 0xE697, 0xE6B8, 0xE6B8, 0xDEB8, 0xE698, 0xE6B8, 0xE6D9, 0xE6D9, 0xD677, 0xBD93, 0xACF1,
  0xACF1, 0xBD52, 0xD615, 0xE677, 0xE697, 0xE697, 0xE677, 0xDE56, 0xDE56, 0xDE56, 0xDE56, 0xE677,
  0xDE77, 0xDE76, 0xDE77, 0xDE36, 0xE697, 0xBD93, 0x8C0E, 0xB511, 0xACD0, 0x93ED, 0x41E6, 0x4A48,
  0x4207, 0x4227, 0x4A48, 0x4A28, 0x4228, 0x4228, 0x4228, 0x4228, 0x4208, 0x4228, 0x4228, 0x4A28,
  0x4228, 0x4A28, 0x4228, 0x41E7, 0x39C6, 0x31A6, 0x4207, 0x4A48, 0x4207, 0x5268, 0xB511, 0xACD0,
  0xACD1, 0x7B4A, 0x5247, 0x3984, 0x3984, 0x41C5, 0x2944, 0x2945, 0x2944, 0x2944, 0x2965, 0x2944,
  0x31A6, 0x736C, 0x62EA, 0x732B, 0x5268, 0x2103, 0x4102, 0xEC81, 0x9AC2, 0x3964, 0x20E2, 0x0000,
  0x0000, 0x0000, 0x0000, 0x0000, 0x0000, 0x0000, 0x0000, 0x0000, 0x0000, 0x0000, 0x0000, 0x0000,
  0x0000, 0x0000, 0x0000, 0x0000, 0x39C6, 0x736C, 0x62CA, 0x6B2B, 0x2123, 0x1081, 0x41C5, 0x3984,
  0x3144, 0x3964, 0x3984, 0x3964, 0x3144, 0x3143, 0x3164, 0x4A06, 0x6B0A, 0x8BED, 0x9C4F, 0x9C6F,
  0x8BEE, 0x6AEA, 0x41E6, 0x2923, 0x3902, 0x30E1, 0x39A5, 0x8C0E, 0x7B8C, 0x2903, 0x2103, 0x0861,
  0x2924, 0x3185, 0x9CB0, 0xEEB7, 0xDE36, 0xDE56, 0xDE76, 0xDE77, 0xDE76, 0xDE77, 0xDE77, 0xE697,
  0xE677, 0xDE77, 0xDE77, 0xE697, 0xE697, 0xE697, 0xE697, 0xE677, 0xE697, 0xE697, 0xE697, 0xE677,
  0xE677, 0xE677, 0xDE77, 0xE6D8, 0xE697, 0xDDD4, 0xD531, 0xCC8E, 0xCC4D, 0xCC4D, 0xCC4D, 0xD48E,
  0xCCAE, 0xD551, 0xE677, 0xE6D9, 0xD656, 0xC594, 0xB512, 0xACF1, 0xBD52, 0xCDF5, 0xDE56, 0xE697,
  0xE677, 0xDE56, 0xDE77, 0xDE56, 0xDE56, 0xDE76, 0xDE56, 0xE676, 0xD615, 0x8C0E, 0xB511, 0xACD0,
  0xA490, 0x4A07, 0x4228, 0x4A28, 0x41E7, 0x4A28, 0x4A28, 0x4A28, 0x4228, 0x4228, 0x4228, 0x4228,
  0x4208, 0x4228, 0x4228, 0x4A28, 0x4A28, 0x4A28, 0x4A28, 0x4228, 0x4207, 0x4228, 0x4A28, 0x4A28,
  0x39C6, 0xA490, 0xACB0, 0xB4F1, 0x8BAC, 0x5A47, 0x39A5, 0x41A5, 0x41A5, 0x41A5, 0x2103, 0x2945,
  0x2965, 0x2965, 0x2965, 0x2124, 0x6B0B, 0x6B2B, 0x6B2B, 0x6B0B, 0x2102, 0x28C3, 0xC3C1, 0xCBC1,
  0x4965, 0x2923, 0x0840, 0x0000, 0x0000, 0x0000, 0x0000, 0x0000, 0x0000, 0x0000, 0x0000, 0x0000,
  0x0000, 0x0000, 0x0000, 0x0000, 0x0000, 0x0000, 0x0000, 0x2944, 0x736C, 0x62CA, 0x6B2B, 0x3185,
  0x1082, 0x18E3, 0x18C2, 0x20E3, 0x3143, 0x3984, 0x3984, 0x3964, 0x3964, 0x3984, 0x3964, 0x3164,
  0x3143, 0x3144, 0x49E6, 0x6AE9, 0x8BED, 0xA46F, 0x9C4F, 0x83AC, 0x62EA, 0x5268, 0x7B8C, 0x9C4F,
  0x41A5, 0x2903, 0x10A1, 0x18C3, 0x3185, 0x6B2B, 0xE697, 0xDE36, 0xDE56, 0xDE56, 0xDE77, 0xDE76,
  0xDE76, 0xDE76, 0xDE76, 0xE677, 0xE677, 0xE677, 0xE697, 0xE697, 0xE697, 0xE697, 0xE677, 0xDE77,
  0xE677, 0xE697, 0xE677, 0xDE77, 0xE677, 0xE6D8, 0xDE56, 0xD4EF, 0xCC0B, 0xCC0B, 0xCC2C, 0xCC6D,
  0xD48E, 0xCC8E, 0xD48E, 0xD46D, 0xCC2C, 0xCBEB, 0xCBCA, 0xCC0B, 0xDDD4, 0xEEF9, 0xE697, 0xDE56,
  0xCDD4, 0xB532, 0xACD1, 0xB532, 0xCDD4, 0xDE76, 0xDE76, 0xDE56, 0xDE76, 0xDE77, 0xDE56, 0xDE56,
  0x8C2F, 0xACF1, 0xACAF, 0xACD0, 0x5247, 0x39C6, 0x4207, 0x39C6, 0x4228, 0x4A28, 0x4228, 0x4A28,
  0x4A28, 0x4A28, 0x4228, 0x4228, 0x4228, 0x4228, 0x4228, 0x4A28, 0x4A28, 0x4228, 0x4228, 0x4A28,
  0x4228, 0x4228, 0x4A48, 0x31A6, 0x8C0E, 0xB4F0, 0xACD0, 0x9C2E, 0x6AC8, 0x41C5, 0x41A5, 0x39A5,
  0x3984, 0x3164, 0x10A2, 0x2944, 0x2965, 0x3185, 0x18E3, 0x5248, 0x734B, 0x62EA, 0x736C, 0x3985,
  0x1882, 0x8A82, 0xECC1, 0x61A4, 0x3144, 0x1081, 0x0000, 0x0000, 0x0000, 0x0000, 0x0000, 0x0000,
  0x0000, 0x0000, 0x0000, 0x0000, 0x0000, 0x0000, 0x0000, 0x0000, 0x0000, 0x0000, 0x18C3, 0x734C,
  0x62EA, 0x6B2B, 0x4A07, 0x0861, 0x2124, 0x2965, 0x10A2, 0x0861, 0x10A2, 0x18C2, 0x2903, 0x3144,
  0x3984, 0x3984, 0x3964, 0x3164, 0x3964, 0x3964, 0x3164, 0x3143, 0x3143, 0x41C5, 0x6AEA, 0x940E,
  0xA48F, 0xA46F, 0xA48F, 0x6AC9, 0x2903, 0x20E2, 0x1061, 0x39C6, 0x4227, 0xCDF5, 0xDE56, 0xDE56,
  0xDE56, 0xDE56, 0xDE76, 0xDE76, 0xDE77, 0xE677, 0xE677, 0xE677, 0xDE77, 0xE697, 0xE697, 0xE677,
  0xDE77, 0xE677, 0xE697, 0xE677, 0xDE77, 0xDE77, 0xDE77, 0xDE77, 0xE6D8, 0xD530, 0xCBCA, 0xCC2C,
  0xCCAE, 0xD4F0, 0xD552, 0xDDB3, 0xDDF4, 0xDDF4, 0xDDD4, 0xD593, 0xDD92, 0xD531, 0xCCCF, 0xD48E,
  0xCBCA, 0xCC4C, 0xDE77, 0xE697, 0xE697, 0xE697, 0xDE76, 0xCDD4, 0xC594, 0xDE77, 0xDE56, 0xDE56,
  0xDE56, 0xDE36, 0xE697, 0xA4D1, 0xAD12, 0xD636, 0xC5B4, 0x6AEA, 0x39C6, 0x4A48, 0x4207, 0x4207,
  0x4207, 0x4207, 0x4228, 0x4A28, 0x4A48, 0x4A28, 0x4228, 0x4A28, 0x4228, 0x4228, 0x4A28, 0x4A28,
  0x4A28, 0x4A28, 0x4A28, 0x4A28, 0x4228, 0x4A68, 0x39A6, 0x734B, 0xB511, 0xACB0, 0xA48F, 0x730A,
  0x4A06, 0x41A5, 0x41C5, 0x20E2, 0x2923, 0x2103, 0x18C2, 0x2944, 0x2944, 0x2124, 0x39C6, 0x734C,
  0x62EA, 0x736C, 0x4A27, 0x20E3, 0x5962, 0xF4E1, 0x8243, 0x3944, 0x18A2, 0x0000, 0x0000, 0x0000,
  0x0000, 0x0000, 0x0000, 0x0000, 0x0000, 0x0000, 0x0000, 0x0000, 0x0000, 0x0000, 0x0000, 0x0000,
  0x0000, 0x1061, 0x6B0B, 0x6AEA, 0x6B2B, 0x5A89, 0x1081, 0x2104, 0x2965, 0x2944, 0x2924, 0x2124,
  0x18E3, 0x1082, 0x1081, 0x1081, 0x18C2, 0x2903, 0x2923, 0x3164, 0x3964, 0x3164, 0x3164, 0x3964,
  0x3164, 0x3144, 0x3143, 0x3164, 0x49E6, 0x62A8, 0x41C5, 0x3164, 0x2903, 0x1061, 0x2965, 0x31A6,
  0xACF2, 0xE697, 0xD636, 0xDE56, 0xDE56, 0xDE76, 0xDE76, 0xDE76, 0xDE77, 0xDE77, 0xDE77, 0xE677,
  0xE677, 0xE677, 0xE677, 0xE677, 0xDE77, 0xE677, 0xE677, 0xE677, 0xE677, 0xDE77, 0xDE77, 0xE6B8,
  0xD42C, 0xCBCA, 0xD510, 0xD510, 0xDD93, 0xDE35, 0xDE77, 0xE697, 0xE697, 0xE697, 0xE697, 0xE697,
  0xDE97, 0xDE76, 0xDDD3, 0xD510, 0xD531, 0xCC2C, 0xCBEB, 0xDE77, 0xDE76, 0xDE76, 0xDE77, 0xE697,
  0xE697, 0xDE56, 0xDE56, 0xDE56, 0xDE56, 0xDE35, 0xD635, 0x944F, 0xB532, 0xBD32, 0xA4B0, 0x4A28,
  0x6B2C, 0x5ACA, 0x5289, 0x4A48, 0x4207, 0x4207, 0x4227, 0x4228, 0x4228, 0x4A28, 0x4A28, 0x4A28,
  0x4A28, 0x4A28, 0x4A28, 0x4A28, 0x4228, 0x4A28, 0x4A28, 0x4A28, 0x4A48, 0x41E7, 0x5268, 0xB511,
  0xACB0, 0xACD1, 0x7B4B, 0x5226, 0x3985, 0x41C5, 0x3164, 0x18A2, 0x18C2, 0x10A2, 0x18A2, 0x2124,
  0x2124, 0x2924, 0x6B0B, 0x62EA, 0x734C, 0x62CA, 0x2903, 0x30C2, 0xDC41, 0xB362, 0x4165, 0x28E2,
  0x0820, 0x0000, 0x0000, 0x0000, 0x0000, 0x0000, 0x0000, 0x0000, 0x0000, 0x0000, 0x0000, 0x0000,
  0x0000, 0x0000, 0x0000, 0x0000, 0x0841, 0x5289, 0x5AA9, 0x62EA, 0x62EA, 0x18A2, 0x18E3, 0x2965,
  0x2944, 0x2945, 0x2965, 0x2965, 0x2124, 0x2924, 0x2124, 0x20E3, 0x10A2, 0x0861, 0x1081, 0x18C2,
  0x2103, 0x3144, 0x3164, 0x3164, 0x3164, 0x3164, 0x3964, 0x3164, 0x3164, 0x3164, 0x3143, 0x3144,
  0x1081, 0x2103, 0x3185, 0x738C, 0xE6B7, 0xD635, 0xDE56, 0xDE56, 0xDE56, 0xDE76, 0xDE56, 0xDE56,
  0xDE76, 0xDE77, 0xE677, 0xDE77, 0xE677, 0xE677, 0xDE77, 0xE677, 0xE677, 0xE677, 0xE677, 0xDE77,
  0xE677, 0xE677, 0xDE97, 0xCBCA, 0xCC4C, 0xD511, 0xD552, 0xE6B7, 0xE6D9, 0xDE76, 0xDE56, 0xDE56,
  0xDE76, 0xDE77, 0xDE56, 0xDE56, 0xDE56, 0xDE56, 0xDE97, 0xDE76, 0xD510, 0xD551, 0xCC4C, 0xCBCA,
  0xE697, 0xDE56, 0xDE77, 0xDE76, 0xDE56, 0xDE56, 0xDE56, 0xDE56, 0xDE36, 0xE676, 0xB532, 0x9C4F,
  0xACAF, 0xACAF, 0x62A8, 0x4A48, 0x5289, 0x5ACA, 0x6B2B, 0x62EA, 0x5ACA, 0x5269, 0x4A48, 0x4A48,
  0x4A28, 0x4228, 0x4207, 0x4228, 0x4A28, 0x4A28, 0x4A28, 0x4A28, 0x4A28, 0x4A28, 0x4A28, 0x4A28,
  0x4A28, 0x4207, 0xACF1, 0xACB0, 0xB511, 0x8BED, 0x5A67, 0x3985, 0x41C5, 0x39A5, 0x18C2, 0x2103,
  0x1082, 0x10A2, 0x1061, 0x18C3, 0x18C2, 0x5269, 0x6B0B, 0x62EA, 0x6B2B, 0x3144, 0x20A3, 0xA301,
  0xE441, 0x5184, 0x3143, 0x1061, 0x0000, 0x0000, 0x0000, 0x0000, 0x0000, 0x0000, 0x0000, 0x0000,
  0x0000, 0x0000, 0x0000, 0x0000, 0x0000, 0x0000, 0x0000, 0x0000, 0x5AA9, 0x734C, 0x62CA, 0x62CA,
  0x18C2, 0x10A2, 0x2965, 0x2965, 0x2965, 0x2965, 0x2965, 0x2944, 0x2944, 0x2965, 0x2944, 0x2944,
  0x2944, 0x2924, 0x20E3, 0x10A2, 0x1081, 0x1081, 0x18A2, 0x2103, 0x3144, 0x3164, 0x3164, 0x3164,
  0x3984, 0x3984, 0x2923, 0x20E2, 0x20E3, 0x31A6, 0x4227, 0xDE36, 0xDE56, 0xDE56, 0xDE56, 0xDE56,
  0xDE76, 0xDE77, 0xDE77, 0xDE77, 0xDE76, 0xDE77, 0xDE77, 0xDE77, 0xDE77, 0xDE77, 0xE677, 0xDE77,
  0xDE77, 0xDE77, 0xDE76, 0xDE77, 0xDE76, 0xE6D8, 0xCC4D, 0xC3EB, 0xD510, 0xDDB3, 0xD531, 0xC3EB,
  0xD4AF, 0xDE15, 0xDE77, 0xDE56, 0xDE35, 0xDE56, 0xDE77, 0xE6B8, 0xDE77, 0xDE76, 0xDE97, 0xDE76,
  0xE6D8, 0xD510, 0xD510, 0xC389, 0xD531, 0xE697, 0xDE56, 0xDE56, 0xDE56, 0xDE56, 0xDE56, 0xDE56,
  0xDE36, 0xDE56, 0x944F, 0xACF1, 0xACD0, 0x9C6F, 0x4A07, 0x4A48, 0x4A48, 0x4A28, 0x4A07, 0x5289,
  0x62EA, 0x632B, 0x630B, 0x5AEA, 0x5AAA, 0x5269, 0x4A48, 0x4228, 0x4207, 0x4207, 0x4207, 0x4A28,
  0x4A28, 0x4228, 0x4A28, 0x5269, 0x31A6, 0x7B8C, 0xACB0, 0xB511, 0x9C2E, 0x62A8, 0x41C5, 0x41A5,
  0x41C5, 0x18A2, 0x2103, 0x18E3, 0x1082, 0x1081, 0x0861, 0x1081, 0x2965, 0x5AAA, 0x62EA, 0x736C,
  0x39A5, 0x20C3, 0x71E2, 0xF4E1, 0x71E3, 0x3144, 0x18A2, 0x0000, 0x0000, 0x0000, 0x0000, 0x0000,
  0x0000, 0x0000, 0x0000, 0x0000, 0x0000, 0x0000, 0x0000, 0x0000, 0x0000, 0x0000, 0x0000, 0x1082,
  0x8BEE, 0x62EA, 0x734B, 0x6B0B, 0x39A5, 0x2124, 0x2104, 0x2124, 0x2965, 0x3185, 0x2965, 0x2944,
  0x2965, 0x2945, 0x2944, 0x2944, 0x2944, 0x2945, 0x2945, 0x2944, 0x2124, 0x18E3, 0x10A2, 0x1081,
  0x1061, 0x18A2, 0x20E3, 0x2923, 0x3985, 0x3144, 0x20E2, 0x18A2, 0x31A6, 0x39C6, 0xBD73, 0xE676,
  0xD615, 0xDE36, 0xDE56, 0xDE56, 0xDE76, 0xDE76, 0xDE76, 0xDE76, 0xDE56, 0xDE56, 0xDE76, 0xDE77,
  0xDE77, 0xDE77, 0xE677, 0xE677, 0xDE76, 0xDE77, 0xDE77, 0xDE76, 0xE698, 0xDDD4, 0xC369, 0xD531,
  0xD4F0, 0xDE77, 0xC2C5, 0xC369, 0xC368, 0xC2C5, 0xDE15, 0xD5B3, 0xBAA5, 0xD593, 0xDE77, 0xCC6D,
  0xD593, 0xDDF5, 0xD551, 0xDDD4, 0xDE35, 0xDE56, 0xCC8E, 0xD510, 0xCBCA, 0xE697, 0xDE56, 0xDE56,
  0xDE56, 0xE677, 0xDE56, 0xDE56, 0xE677, 0xBD73, 0x8C0E, 0xB531, 0xB4F1, 0x732A, 0x4207, 0x4A48,
  0x4A48, 0x2965, 0x19C6, 0x29A6, 0x39C7, 0x4A28, 0x5289, 0x5ACA, 0x630B, 0x6B2B, 0x62EB, 0x5AA9,
  0x4A69, 0x4A28, 0x4A28, 0x4228, 0x4207, 0x4207, 0x4207, 0x39C6, 0x736C, 0xB511, 0x9C4E, 0x8BED,
  0x6AC9, 0x49E6, 0x41A5, 0x41C5, 0x2943, 0x1061, 0x2103, 0x10A2, 0x1061, 0x0861, 0x0861, 0x18C3,
  0x4A07, 0x5AA9, 0x734C, 0x5268, 0x2103, 0x4102, 0xECA1, 0x9AC2, 0x4164, 0x20E2, 0x0020, 0x0000,
  0x0000, 0x0000, 0x0000, 0x0000, 0x0000, 0x0000, 0x0000, 0x0000, 0x0000, 0x0000, 0x0000, 0x0000,
  0x0000, 0x0000, 0x0000, 0x0020, 0x7B8D, 0x8BEE, 0x6B0B, 0x62EA, 0x6AEA, 0x62EA, 0x5ACA, 0x41E7,
  0x3165, 0x2124, 0x2104, 0x2944, 0x2965, 0x2965, 0x2965, 0x2945, 0x2945, 0x2945, 0x2944, 0x2944,
  0x2944, 0x2944, 0x2944, 0x2944, 0x2103, 0x10A2, 0x0861, 0x1081, 0x18C2, 0x18C2, 0x18C2, 0x4A28,
  0x39C6, 0x5269, 0xC593, 0xD635, 0xE697, 0xDE56, 0xDE56, 0xDE56, 0xDE56, 0xDE77, 0xDE77, 0xDE76,
  0xDE76, 0xDE56, 0xDE76, 0xE677, 0xE697, 0xE697, 0xE677, 0xE677, 0xE677, 0xDE77, 0xDE77, 0xE677,
  0xE6D8, 0xCC2C, 0xCC6E, 0xD4F0, 0xDE77, 0xCCF0, 0xBA64, 0xDE36, 0xDE56, 0xC284, 0xD510, 0xCC6E,
  0xBA85, 0xDE76, 0xD592, 0xBA22, 0xD593, 0xCC8E, 0xC243, 0xC307, 0xBAA5, 0xCCCF, 0xD572, 0xD511,
  0xCBAA, 0xDDF5, 0xDE76, 0xDE56, 0xDE76, 0xE677, 0xDE56, 0xDE35, 0xE697, 0x8BED, 0xA4B0, 0xACB0,
  0xACD0, 0x5268, 0x4A69, 0x4A48, 0x4207, 0x19C6, 0x4CF2, 0x4CB2, 0x336D, 0x2A69, 0x29C6, 0x31C6,
  0x4207, 0x5289, 0x5AEA, 0x62EB, 0x62EB, 0x62EB, 0x5ACA, 0x5289, 0x4A48, 0x4A48, 0x39E7, 0x4A48,
  0xB511, 0xACD0, 0xB511, 0x730A, 0x41A5, 0x41A5, 0x41A5, 0x41A5, 0x18C2, 0x1081, 0x1903, 0x10E3,
  0x0820, 0x0861, 0x1082, 0x39C6, 0x5289, 0x6B0B, 0x62EA, 0x2923, 0x28C3, 0xC3C1, 0xCBC1, 0x4964,
  0x3123, 0x0841, 0x0000, 0x0000, 0x0000, 0x0000, 0x0000, 0x0000, 0x0000, 0x0000, 0x0000, 0x0000,
  0x0000, 0x0000, 0x0000, 0x0000, 0x0000, 0x0000, 0x0000, 0x0840, 0x3985, 0x62C9, 0x732B, 0x734C,
  0x734C, 0x734C, 0x6B2B, 0x732B, 0x6B0B, 0x5AA9, 0x4A27, 0x3185, 0x2924, 0x2944, 0x2945, 0x2965,
  0x2965, 0x2965, 0x2945, 0x2944, 0x2944, 0x2944, 0x2944, 0x2944, 0x2944, 0x2104, 0x2124, 0x18E3,
  0x18A2, 0x18C3, 0x4207, 0x41E7, 0x4A28, 0x4207, 0x41E7, 0x62EA, 0x942F, 0xCDF5, 0xDE36, 0xDE56,
  0xDE76, 0xDE56, 0xDE76, 0xDE76, 0xDE56, 0xDE76, 0xDE77, 0xDE77, 0xE677, 0xDE77, 0xE677, 0xE677,
  0xDE77, 0xE677, 0xE677, 0xDE77, 0xE698, 0xCBCA, 0xCCAF, 0xCCCF, 0xE6D9, 0xCBEB, 0xBAE7, 0xDEB8,
  0xD5B3, 0xB244, 0xD552, 0xBB07, 0xCBCB, 0xE719, 0xC42C, 0xBAA5, 0xDE77, 0xC327, 0xCC0B, 0xDE76,
  0xD593, 0xD5F5, 0xD592, 0xD510, 0xC389, 0xD593, 0xE697, 0xDE76, 0xDE76, 0xDE56, 0xDE36, 0xE676,
  0xACF1, 0x732B, 0xBD32, 0xA4AF, 0x83AC, 0x4A27, 0x4A48, 0x4A48, 0x2965, 0x338D, 0x6E17, 0x6DF6,
  0x7617, 0x65B5, 0x54F2, 0x3BEE, 0x2AA9, 0x29C6, 0x31A6, 0x4207, 0x5269, 0x5AAA, 0x62EA, 0x6B2B,
  0x630B, 0x5AA9, 0x4A28, 0xACF1, 0xAC8F, 0xACF1, 0x8BAC, 0x5A67, 0x3164, 0x41A5, 0x39A5, 0x41A5,
  0x18E2, 0x1081, 0x1924, 0x10A2, 0x0840, 0x0861, 0x3165, 0x5268, 0x62CA, 0x6B2B, 0x3964, 0x20C3,
  0x8A61, 0xECA1, 0x61A4, 0x3144, 0x1081, 0x0000, 0x0000, 0x0000, 0x0000, 0x0000, 0x0000, 0x0000,
  0x0000, 0x0000, 0x0000, 0x0000, 0x0000, 0x0000, 0x0000, 0x0000, 0x0000, 0x0000, 0x0000, 0x0020,
  0x2924, 0x2103, 0x2903, 0x39A5, 0x62A9, 0x734C, 0x7B8C, 0x734C, 0x732B, 0x6B2B, 0x732B, 0x734B,
  0x5AA9, 0x39A6, 0x31A6, 0x2124, 0x2124, 0x2944, 0x2965, 0x2965, 0x2945, 0x2945, 0x2965, 0x2965,
  0x2124, 0x2944, 0x2944, 0x2944, 0x2104, 0x2965, 0x5268, 0x4A27, 0x4A28, 0x4A28, 0x41E7, 0x4207,
  0x2104, 0x7B4B, 0xF6D8, 0xE677, 0xDE56, 0xDE56, 0xDE56, 0xDE56, 0xDE76, 0xE677, 0xDE76, 0xDE76,
  0xDE76, 0xDE77, 0xE677, 0xDE77, 0xDE77, 0xE677, 0xE677, 0xE677, 0xDE56, 0xC368, 0xCCCF, 0xD531,
  0xDE97, 0xC2E6, 0xCC4D, 0xDEB8, 0xC3AA, 0xBAE6, 0xD593, 0xBA64, 0xD551, 0xE6F9, 0xC348, 0xC3AA,
  0xD5D4, 0xBA84, 0xC2E6, 0xC327, 0xD531, 0xE6D8, 0xD551, 0xCCCF, 0xCBCA, 0xDDF4, 0xE677, 0xDE56,
  0xDE56, 0xDE56, 0xDE36, 0xDE56, 0x41A5, 0x7B6B, 0xACB0, 0xACD0, 0x5268, 0x4A28, 0x4A28, 0x4A48,
  0x4207, 0x42CA, 0x5450, 0x6554, 0x6DF6, 0x7637, 0x7637, 0x7637, 0x6DD6, 0x5D13, 0x43EF, 0x2ACA,
  0x29C6, 0x31C6, 0x4A48, 0x4A28, 0x5AAA, 0x4A27, 0x83CD, 0xE697, 0xD615, 0x9C6F, 0x6288, 0x41C5,
  0x3984, 0x41A5, 0x3985, 0x3985, 0x10A2, 0x10A2, 0x18C3, 0x0840, 0x0861, 0x2103, 0x4A28, 0x5AA9,
  0x734C, 0x4A07, 0x20E3, 0x5162, 0xF4E1, 0x8A63, 0x3964, 0x20C2, 0x0000, 0x0000, 0x0000, 0x0000,
  0x0000, 0x0000, 0x0000, 0x0000, 0x0000, 0x0000, 0x0000, 0x0000, 0x0000, 0x0000, 0x0000, 0x0000,
  0x0000, 0x0000, 0x0000, 0x0000, 0x28C1, 0x3903, 0x2903, 0x3143, 0x2923, 0x3123, 0x39A5, 0x5A88,
  0x7B6C, 0x83CD, 0x736C, 0x6AEA, 0x5AA9, 0x734C, 0x734B, 0x62CA, 0x4A28, 0x3185, 0x2124, 0x2104,
  0x2944, 0x2945, 0x2965, 0x2944, 0x2945, 0x2944, 0x2944, 0x2944, 0x2124, 0x18C2, 0x18E3, 0x2944,
  0x3185, 0x4207, 0x5289, 0x4207, 0x1082, 0x39A5, 0x8C0E, 0xBD73, 0xDE56, 0xEEB7, 0xE697, 0xDE56,
  0xDE56, 0xDE56, 0xDE56, 0xDE76, 0xDE76, 0xDE76, 0xDE76, 0xDE77, 0xE677, 0xE677, 0xE677, 0xDE77,
  0xDE77, 0xCBA9, 0xD510, 0xD531, 0xD5B3, 0xBAA5, 0xC327, 0xC327, 0xBAC6, 0xD5B3, 0xD592, 0xBA02,
  0xCCCF, 0xD551, 0xC243, 0xD572, 0xCCEF, 0xB265, 0xDDB3, 0xD572, 0xD5B3, 0xDE97, 0xCCAF, 0xCCAE,
  0xC369, 0xDE97, 0xDE56, 0xDE56, 0xDE56, 0xDE35, 0xEEB8, 0x83AC, 0x18C2, 0x6AE9, 0x5A67, 0x6AE9,
  0x39A5, 0x4A48, 0x5269, 0x4A48, 0x5269, 0x5248, 0x5268, 0x4AA9, 0x4B4C, 0x5C50, 0x6554, 0x6DD6,
  0x7617, 0x7637, 0x7617, 0x65D6, 0x5533, 0x3BAD, 0x4228, 0x4A48, 0x4A48, 0x41E7, 0xA48F, 0xACAF,
  0xBD53, 0x8BAC, 0x49E6, 0x3984, 0x3985, 0x41A5, 0x41A5, 0x2103, 0x1081, 0x18A2, 0x0861, 0x0861,
  0x10A2, 0x4207, 0x5268, 0x6B0B, 0x5AA9, 0x2903, 0x30C2, 0xDC21, 0xB342, 0x4144, 0x2903, 0x0820,
  0x0000, 0x0000, 0x0000, 0x0000, 0x0000, 0x0000, 0x0000, 0x0000, 0x0000, 0x0000, 0x0000, 0x0000,
  0x0000, 0x0000, 0x0000, 0x0000, 0x0000, 0x0000, 0x0000, 0x0021, 0x8A41, 0xD401, 0x8A62, 0x5142,
  0x3103, 0x2903, 0x2923, 0x2923, 0x3144, 0x41A5, 0x5AA9, 0x62CA, 0x7BAD, 0x7B8D, 0x6B0B, 0x6B0B,
  0x732B, 0x732B, 0x62EA, 0x4A28, 0x3185, 0x2124, 0x2103, 0x2944, 0x2965, 0x2944, 0x2944, 0x2944,
  0x2124, 0x18C2, 0x18C2, 0x18C2, 0x10A2, 0x18C2, 0x2944, 0x18C2, 0x2944, 0x5268, 0x41E7, 0x39E6,
  0x5AA9, 0x8BEE, 0xBD53, 0xDE76, 0xEEB7, 0xE697, 0xDE56, 0xDE56, 0xDE56, 0xDE76, 0xDE56, 0xDE77,
  0xDE77, 0xE677, 0xE677, 0xDE76, 0xE6B8, 0xCBEB, 0xCC8E, 0xCCAF, 0xDE35, 0xDE15, 0xDDB3, 0xD593,
  0xDE56, 0xDE77, 0xDE56, 0xC3EB, 0xC2E6, 0xC2E6, 0xCC2C, 0xE6B8, 0xCB68, 0xBA64, 0xCC6D, 0xD531,
  0xDE36, 0xD5D3, 0xCCAF, 0xCC0B, 0xCC8E, 0xE6B8, 0xDE56, 0xDE56, 0xDE36, 0xE676, 0xBD52, 0x20C2,
  0x3165, 0x62A8, 0x5226, 0x5226, 0x2103, 0x18E3, 0x2924, 0x39A6, 0x4228, 0x5269, 0x5289, 0x4A69,
  0x5248, 0x4A48, 0x4A89, 0x532C, 0x5430, 0x6533, 0x6DB6, 0x6DD6, 0x7658, 0x5491, 0x4A28, 0x5269,
  0x39E7, 0x62EA, 0xB511, 0xA48F, 0x940D, 0x6288, 0x41A5, 0x41A5, 0x3984, 0x41C5, 0x3144, 0x18A2,
  0x1082, 0x1061, 0x0861, 0x0861, 0x3185, 0x4A48, 0x62CA, 0x6B0B, 0x3144, 0x20A3, 0xAB01, 0xE441,
  0x5184, 0x3123, 0x1061, 0x0000, 0x0000, 0x0000, 0x0000, 0x0000, 0x0000, 0x0000, 0x0000, 0x0000,
  0x0000, 0x0000, 0x0000, 0x0000, 0x0000, 0x0000, 0x0000, 0x0000, 0x0000, 0x0000, 0x0000, 0x0861,
  0x7A66, 0xE442, 0xFD82, 0xFCC2, 0xCBA2, 0x8A21, 0x5962, 0x3923, 0x3124, 0x2923, 0x3143, 0x2923,
  0x39A5, 0x5A68, 0x734B, 0x7BAD, 0x7B8D, 0x732B, 0x6B2B, 0x732B, 0x732B, 0x62CA, 0x4A28, 0x31A6,
  0x2124, 0x2104, 0x2124, 0x2944, 0x2945, 0x18C2, 0x1061, 0x10A2, 0x18C2, 0x18C3, 0x18C2, 0x0841,
  0x10A2, 0x2964, 0x39C6, 0x4A28, 0x4A48, 0x4207, 0x41E7, 0x5A89, 0x83CD, 0xBD53, 0xDE77, 0xEEB8,
  0xE697, 0xDE56, 0xDE56, 0xDE56, 0xDE56, 0xDE77, 0xDE77, 0xDE76, 0xE6B8, 0xD531, 0xCBA9, 0xDD72,
  0xD511, 0xE6D8, 0xDE56, 0xDE97, 0xDE76, 0xDE56, 0xDE56, 0xDE77, 0xDE56, 0xDE35, 0xDE77, 0xDE56,
  0xD551, 0xCC6D, 0xC3AA, 0xC328, 0xD5B3, 0xCCAE, 0xD4EF, 0xC327, 0xDE35, 0xDE56, 0xDE56, 0xDE56,
  0xDE36, 0xDE76, 0x41E6, 0x2103, 0x2944, 0x62A8, 0x5247, 0x4A06, 0x18C2, 0x18E3, 0x18E3, 0x18E3,
  0x18E3, 0x2924, 0x39A6, 0x4207, 0x5269, 0x5269, 0x5269, 0x4A48, 0x4A28, 0x4A89, 0x4B0B, 0x53CE,
  0x54D2, 0x42EB, 0x4A28, 0x5269, 0x31A6, 0x83CD, 0xACB0, 0xACB0, 0x7B6B, 0x49E6, 0x41A5, 0x41A5,
  0x3964, 0x3964, 0x18C2, 0x1944, 0x0861, 0x0841, 0x0861, 0x2124, 0x5248, 0x5A89, 0x6B0B, 0x41C6,
  0x20C3, 0x69E2, 0xF4E1, 0x7203, 0x3964, 0x18A1, 0x0000, 0x0000, 0x0000, 0x0000, 0x0000, 0x0000,
  0x0000, 0x0000, 0x0000, 0x0000, 0x0000, 0x0000, 0x0000, 0x0000, 0x0000, 0x0000, 0x0000, 0x0000,
  0x0000, 0x0000, 0x0000, 0x0020, 0x5206, 0x7246, 0x8A43, 0xBB42, 0xECA2, 0xFD62, 0xFD02, 0xCBC2,
  0x9262, 0x6162, 0x3923, 0x20C3, 0x2903, 0x28E2, 0x3123, 0x39A5, 0x5268, 0x732B, 0x7B8D, 0x7B6C,
  0x732B, 0x6B2B, 0x734B, 0x732B, 0x62EA, 0x5268, 0x3185, 0x2124, 0x2104, 0x2124, 0x18E3, 0x10A2,
  0x1061, 0x1061, 0x10A2, 0x0861, 0x0861, 0x1081, 0x1081, 0x18C2, 0x2944, 0x39C6, 0x4A48, 0x4A48,
  0x41E7, 0x39E6, 0x5289, 0x83CD, 0xBD73, 0xDE76, 0xEEB7, 0xE697, 0xDE56, 0xDE56, 0xDE56, 0xDE76,
  0xDE76, 0xE6B8, 0xCBEA, 0xCC6D, 0xCCF0, 0xD531, 0xE697, 0xDE56, 0xDE35, 0xDE56, 0xDE56, 0xDE36,
  0xDE56, 0xDE56, 0xDE35, 0xDE36, 0xDE77, 0xDE97, 0xE6D9, 0xDE56, 0xCCCF, 0xD552, 0xC348, 0xD531,
  0xDE97, 0xDE56, 0xDE76, 0xDE36, 0xEED8, 0x8BED, 0x2103, 0x3185, 0x1061, 0x5A88, 0x5226, 0x49C5,
  0x18E3, 0x2103, 0x1081, 0x18C2, 0x18E3, 0x18E3, 0x18C2, 0x18E3, 0x2924, 0x31A5, 0x4207, 0x4A68,
  0x5269, 0x5269, 0x4A48, 0x4A48, 0x4A48, 0x4A69, 0x4A48, 0x4A28, 0x41E7, 0xA48F, 0xA46F, 0xA48F,
  0x6AC9, 0x39A5, 0x41A5, 0x41A5, 0x3984, 0x20C2, 0x2228, 0x19C6, 0x0820, 0x0861, 0x18A2, 0x39C6,
  0x41E7, 0x5AA9, 0x5248, 0x20E3, 0x4102, 0xECC2, 0x92A2, 0x3944, 0x20E2, 0x0000, 0x0000, 0x0000,
  0x0000, 0x0000, 0x0000, 0x0000, 0x0000, 0x0000, 0x0000, 0x0000, 0x0000, 0x0000, 0x0000, 0x0000,
  0x0000, 0x0000, 0x0000, 0x0000, 0x0000, 0x0000, 0x0000, 0x0020, 0x2923, 0x3984, 0x4184, 0x61E5,
  0x7204, 0x9283, 0xBB62, 0xECA2, 0xFD62, 0xFCE2, 0xCBA1, 0x8A21, 0x5962, 0x3903, 0x3124, 0x2923,
  0x2903, 0x2923, 0x3985, 0x5268, 0x734B, 0x83AD, 0x7B8D, 0x6B2B, 0x6B2B, 0x732B, 0x732B, 0x62EA,
  0x4A48, 0x3185, 0x2124, 0x20E3, 0x2124, 0x18E3, 0x18C2, 0x10A2, 0x10A2, 0x1061, 0x0861, 0x1081,
  0x1081, 0x10A2, 0x18C2, 0x2944, 0x39C6, 0x4A48, 0x4A48, 0x41E7, 0x41E6, 0x5289, 0x83CD, 0xB552,
  0xDE56, 0xEEB7, 0xE697, 0xDE76, 0xDE56, 0xDE56, 0xDE15, 0xC347, 0xD4AE, 0xD510, 0xD4F0, 0xDE15,
  0xDE77, 0xDE76, 0xDE56, 0xDE56, 0xDE56, 0xDE36, 0xDE36, 0xDE56, 0xDE56, 0xDE56, 0xD592, 0xCCF0,
  0xD4F0, 0xC348, 0xD4F0, 0xDEB7, 0xDE56, 0xDE56, 0xDE56, 0xE697, 0xC593, 0x2924, 0x39E6, 0x1081,
  0x1061, 0x6288, 0x5226, 0x41C5, 0x18C2, 0x18C2, 0x0000, 0x1081, 0x1081, 0x1082, 0x18C2, 0x18E3,
  0x20E3, 0x18E3, 0x20E3, 0x2124, 0x3185, 0x4207, 0x4A48, 0x5289, 0x5269, 0x4A48, 0x4A48, 0x39A6,
  0x62EA, 0xACB0, 0xA46F, 0x8BED, 0x5227, 0x3985, 0x41A5, 0x41A5, 0x2903, 0x18E3, 0x2248, 0x0881,
  0x0841, 0x1081, 0x31A6, 0x4A48, 0x5AAA, 0x5269, 0x2923, 0x20C3, 0xC3C2, 0xCBE2, 0x4964, 0x2923,
  0x0840, 0x0000, 0x0000, 0x0000, 0x0000, 0x0000, 0x0000, 0x0000, 0x0000, 0x0000, 0x0000, 0x0000,
  0x0000, 0x0000, 0x0000, 0x0000, 0x0000, 0x0000, 0x0000, 0x0000, 0x0000, 0x0000, 0x0000, 0x0000,
  0x1081, 0x2903, 0x2923, 0x3143, 0x4184, 0x49A5, 0x51C5, 0x69E5, 0x8A63, 0xBB42, 0xEC61, 0xFD42,
  0xFD02, 0xD3C2, 0x9262, 0x5962, 0x3903, 0x3124, 0x2923, 0x2903, 0x2923, 0x39A5, 0x5268, 0x732B,
  0x83AD, 0x7B8C, 0x732B, 0x6B2B, 0x732B, 0x6B2B, 0x62CA, 0x4207, 0x2965, 0x2124, 0x2104, 0x2124,
  0x2124, 0x2924, 0x2103, 0x18C2, 0x1081, 0x1061, 0x1081, 0x1081, 0x1082, 0x18C2, 0x2944, 0x39C6,
  0x4A48, 0x4A48, 0x4207, 0x39E6, 0x5268, 0x83AD, 0xB532, 0xDE56, 0xE697, 0xE677, 0xDE76, 0xDE35,
  0xCBCA, 0xCBEA, 0xD510, 0xD4F0, 0xD531, 0xD5B3, 0xDDF4, 0xDE35, 0xDE35, 0xDE35, 0xDE15, 0xDDF4,
  0xD592, 0xD4EF, 0xD4CF, 0xCC6D, 0xC369, 0xD552, 0xDE97, 0xDE56, 0xDE56, 0xDE56, 0xDE56, 0xE676,
  0x4A27, 0x3185, 0x2103, 0x0020, 0x1081, 0x4A06, 0x5206, 0x41A5, 0x18E3, 0x1082, 0x3164, 0x49E6,
  0x2903, 0x18A2, 0x1081, 0x1081, 0x1081, 0x18C2, 0x18E3, 0x18E3, 0x18E3, 0x18E3, 0x2103, 0x3185,
  0x41E7, 0x4A28, 0x5289, 0x39C6, 0x942E, 0xA46F, 0x9C6F, 0x730A, 0x41C5, 0x39A5, 0x41A5, 0x3984,
  0x1081, 0x10E3, 0x1103, 0x0840, 0x0861, 0x2945, 0x4A48, 0x5289, 0x6B0B, 0x3985, 0x20A3, 0x8A82,
  0xECC1, 0x61A4, 0x3144, 0x1081, 0x0000, 0x0000, 0x0000, 0x0000, 0x0000, 0x0000, 0x0000, 0x0000,
  0x0000, 0x0000, 0x0000, 0x0000, 0x0000, 0x0000, 0x0000, 0x0000, 0x0000, 0x0000, 0x0000, 0x0000,
  0x0000, 0x0000, 0x0000, 0x0000, 0x0000, 0x0020, 0x1061, 0x20C2, 0x2923, 0x3143, 0x3964, 0x3964,
  0x4185, 0x59C5, 0x69C4, 0x8202, 0xBB62, 0xEC61, 0xFD42, 0xFD02, 0xD3E2, 0x9262, 0x5942, 0x3903,
  0x3124, 0x2923, 0x2923, 0x2923, 0x3985, 0x5248, 0x732B, 0x83AD, 0x7B8C, 0x734C, 0x62CA, 0x6B0A,
  0x6B2B, 0x62EA, 0x5248, 0x39A6, 0x2124, 0x2103, 0x2124, 0x2944, 0x2944, 0x2104, 0x18C2, 0x1081,
  0x0861, 0x1081, 0x1082, 0x10A2, 0x18C2, 0x2924, 0x39C6, 0x4A28, 0x4A48, 0x41E7, 0x41E6, 0x5268,
  0x7B8C, 0xB512, 0xD615, 0xE6B7, 0xE697, 0xCCAE, 0xC3A9, 0xCBEB, 0xCC8D, 0xD4CF, 0xCCF0, 0xD4F0,
  0xD4F0, 0xCCF0, 0xD510, 0xD4CF, 0xCC8D, 0xCC0B, 0xCBA9, 0xD48D, 0xDE56, 0xDE97, 0xDE36, 0xDE56,
  0xDE56, 0xD635, 0xEEB7, 0x838C, 0x2924, 0x39C6, 0x0020, 0x0840, 0x0861, 0x2124, 0x2924, 0x2923,
  0x0861, 0x5AA9, 0xC552, 0xA46F, 0x838B, 0x6288, 0x41C5, 0x2923, 0x18C2, 0x10A2, 0x1081, 0x1081,
  0x18C2, 0x18E3, 0x2103, 0x2103, 0x18E3, 0x2124, 0x2965, 0x39A5, 0x9C2E, 0xA4B0, 0x9C4F, 0x6288,
  0x3984, 0x39A5, 0x39A5, 0x20E3, 0x1082, 0x10A2, 0x0861, 0x0861, 0x18E3, 0x4A48, 0x5289, 0x6B0B,
  0x4A07, 0x18C2, 0x5122, 0xFCE1, 0x7A43, 0x3144, 0x20C2, 0x0000, 0x0000, 0x0000, 0x0000, 0x0000,
  0x0000, 0x0000, 0x0000, 0x0000, 0x0000, 0x0000, 0x0000, 0x0000, 0x0000, 0x0000, 0x0000, 0x0000,
  0x0000, 0x0000, 0x0000, 0x0000, 0x0000, 0x0000, 0x0000, 0x0000, 0x0000, 0x0000, 0x0000, 0x0000,
  0x0020, 0x1061, 0x20E2, 0x2923, 0x3123, 0x3143, 0x3144, 0x3144, 0x51A5, 0x71E5, 0x8243, 0xB342,
  0xEC62, 0xFD22, 0xFD02, 0xD3E1, 0x9262, 0x6182, 0x3903, 0x3103, 0x2923, 0x2903, 0x2923, 0x3985,
  0x5268, 0x6B0B, 0x6B2B, 0x83AD, 0x734C, 0x6B2B, 0x732B, 0x734B, 0x62EA, 0x5268, 0x39A6, 0x2924,
  0x2104, 0x2124, 0x2944, 0x2944, 0x2104, 0x18C2, 0x1082, 0x0861, 0x1081, 0x1081, 0x1081, 0x18C2,
  0x2124, 0x39C6, 0x4A48, 0x4A48, 0x41E7, 0x39C6, 0x5268, 0x7B8C, 0xB511, 0xDE77, 0xE677, 0xD530,
  0xCC2C, 0xCBA9, 0xC3AA, 0xC3CA, 0xC3EB, 0xCBEB, 0xCBEB, 0xCBCA, 0xCC0C, 0xD4F0, 0xDE15, 0xE6B8,
  0xDE77, 0xDE56, 0xDE56, 0xDE56, 0xDE36, 0xE697, 0xB512, 0x2923, 0x41E7, 0x1081, 0x0020, 0x1082,
  0x10A2, 0x18E3, 0x18E3, 0x0861, 0x39A6, 0xD636, 0xD615, 0xD615, 0xCDB3, 0xBD31, 0xACAF, 0x8BAB,
  0x62A8, 0x49E6, 0x2923, 0x18E3, 0x10A2, 0x1082, 0x10A2, 0x18A2, 0x18C2, 0x18E3, 0x18C2, 0x2944,
  0x5A67, 0x6AC9, 0x732A, 0x5227, 0x3984, 0x41C5, 0x2944, 0x1165, 0x1082, 0x0841, 0x0861, 0x10A2,
  0x4207, 0x5289, 0x62EA, 0x5AA9, 0x2903, 0x30A2, 0xDC21, 0xB362, 0x3944, 0x2903, 0x0820, 0x0000,
  0x0000, 0x0000, 0x0000, 0x0000, 0x0000, 0x0000, 0x0000, 0x0000, 0x0000, 0x0000, 0x0000, 0x0000,
  0x0000, 0x0000, 0x0000, 0x0000, 0x0000, 0x0000, 0x0000, 0x0000, 0x0000, 0x0000, 0x0000, 0x0000,
  0x0000, 0x0000, 0x0000, 0x0000, 0x0000, 0x0000, 0x0000, 0x0020, 0x1061, 0x20C2, 0x20E3, 0x2903,
  0x3123, 0x3964, 0x4184, 0x51A5, 0x69C4, 0x8223, 0xBB42, 0xE461, 0xFD22, 0xFD02, 0xD3C1, 0x9261,
  0x5962, 0x3903, 0x3124, 0x2923, 0x2923, 0x2923, 0x3985, 0x5248, 0x6B2B, 0x83AD, 0x7B8C, 0x734B,
  0x6B2B, 0x732B, 0x734C, 0x6B0A, 0x5268, 0x39C6, 0x2924, 0x2104, 0x2124, 0x2945, 0x2944, 0x2104,
  0x18C2, 0x1082, 0x1061, 0x1081, 0x1081, 0x10A2, 0x18C2, 0x2124, 0x39A6, 0x4A28, 0x4A48, 0x41E7,
  0x39E6, 0x5248, 0x7B6C, 0xAD32, 0xD657, 0xE676, 0xDDF4, 0xD593, 0xD572, 0xD593, 0xD5D4, 0xDE15,
  0xDE77, 0xDE97, 0xDE76, 0xDE56, 0xDE56, 0xDE56, 0xDE36, 0xDE35, 0xDE56, 0xDE36, 0x41C6, 0x39C6,
  0x2103, 0x0020, 0x1081, 0x2103, 0x18C3, 0x18C2, 0x18C2, 0x18C2, 0xBD73, 0xE677, 0xD5F5, 0xBD32,
  0xCDD5, 0xD615, 0xD615, 0xCDD4, 0xBD52, 0xA48F, 0x838B, 0x62A8, 0x41C5, 0x3144, 0x18E2, 0x18A2,
  0x1082, 0x20E3, 0x18C3, 0x3144, 0x5A67, 0x5226, 0x5227, 0x41C5, 0x41A5, 0x3103, 0x2AEB, 0x340F,
  0x0820, 0x0861, 0x0861, 0x31A6, 0x5289, 0x5AAA, 0x62EA, 0x3144, 0x1882, 0xA302, 0xE462, 0x5164,
  0x3143, 0x1061, 0x0000, 0x0000, 0x0000, 0x0000, 0x0000, 0x0000, 0x0000, 0x0000, 0x0000, 0x0000,
  0x0000, 0x0000, 0x0000, 0x0000, 0x0000, 0x0000, 0x0000, 0x0000, 0x0000, 0x0000, 0x0000, 0x0000,
  0x0000, 0x0000, 0x0000, 0x0000, 0x0000, 0x0000, 0x0000, 0x0000, 0x0000, 0x0000, 0x0000, 0x0000,
  0x0000, 0x0000, 0x0000, 0x0861, 0x20C2, 0x2903, 0x3123, 0x3143, 0x3964, 0x4985, 0x51A5, 0x69C4,
  0x8243, 0xB302, 0xE422, 0xFD22, 0xFD02, 0xDBE1, 0x9A81, 0x6182, 0x4943, 0x3103, 0x2903, 0x2903,
  0x2903, 0x3965, 0x5247, 0x6B0B, 0x7BAD, 0x7B8D, 0x734C, 0x6B0B, 0x6B0B, 0x734C, 0x6B0B, 0x5269,
  0x39C6, 0x2924, 0x2104, 0x2124, 0x2944, 0x2945, 0x2124, 0x18C2, 0x1082, 0x0861, 0x1061, 0x1081,
  0x1082, 0x18C2, 0x2103, 0x39A6, 0x4A28, 0x4A48, 0x41E7, 0x39C6, 0x4A27, 0x7B6C, 0xAD12, 0xD656,
  0xE6D8, 0xE697, 0xDE56, 0xD635, 0xDE35, 0xE676, 0xDE56, 0xDE36, 0xDE56, 0xDE36, 0xDE36, 0xD615,
  0xE697, 0x732A, 0x3185, 0x31A6, 0x0020, 0x0861, 0x20E3, 0x2124, 0x20E3, 0x1061, 0x0020, 0x8C2F,
  0xEEB7, 0xDE36, 0xDE56, 0xBD52, 0xACF1, 0xACD1, 0xB532, 0xCDF5, 0xDE35, 0xDE35, 0xD5F4, 0xBD31,
  0xA48E, 0x940D, 0x7B2A, 0x49E5, 0x1061, 0x2103, 0x18C2, 0x3164, 0x5A67, 0x5A47, 0x5247, 0x49E6,
  0x3984, 0x2164, 0x4D74, 0x2268, 0x0820, 0x0881, 0x2965, 0x5289, 0x5A89, 0x6B0B, 0x39C6, 0x18C3,
  0x69C1, 0xF4E1, 0x71E3, 0x3144, 0x18C2, 0x0000, 0x0000, 0x0000, 0x0000, 0x0000, 0x0000, 0x0000,
  0x0000, 0x0000, 0x0000, 0x0000, 0x0000, 0x0000, 0x0000, 0x0000, 0x0000, 0x0000, 0x0000, 0x0000,
  0x0000, 0x0000, 0x0000, 0x0000, 0x0000, 0x0000, 0x0000, 0x0000, 0x0000, 0x0000, 0x0000, 0x0000,
  0x0000, 0x0000, 0x0000, 0x0000, 0x0000, 0x0000, 0x0000, 0x0000, 0x0000, 0x0000, 0x1061, 0x18C2,
  0x2903, 0x3143, 0x3144, 0x3964, 0x4184, 0x4984, 0x69E4, 0x8223, 0xB302, 0xE441, 0xFD21, 0xFD22,
  0xDC02, 0x9A61, 0x6162, 0x4103, 0x3103, 0x2923, 0x2903, 0x2923, 0x3985, 0x5247, 0x6AEA, 0x7B8D,
  0x7BAD, 0x736C, 0x6B2B, 0x734B, 0x62CA, 0x62EA, 0x5268, 0x39C6, 0x2924, 0x2124, 0x2124, 0x2944,
  0x2945, 0x2104, 0x18C2, 0x1082, 0x1081, 0x1081, 0x1081, 0x10A2, 0x18C2, 0x2124, 0x39A6, 0x4A28,
  0x4A48, 0x4207, 0x41E7, 0x5268, 0x7B6C, 0xACD0, 0xD5F5, 0xE697, 0xE676, 0xBD52, 0xCDD4, 0xE676,
  0xE697, 0xDE76, 0xD615, 0xE676, 0xA4B0, 0x2944, 0x4207, 0x0861, 0x0841, 0x18C3, 0x2124, 0x2924,
  0x2944, 0x10A2, 0x4227, 0xE6B8, 0xDE56, 0xE697, 0xE677, 0xE677, 0xDE76, 0xD615, 0xBD52, 0xACF1,
  0xA4B0, 0xB532, 0xD5F5, 0xD615, 0xD5F4, 0xD5F4, 0xB511, 0x18C2, 0x0840, 0x20E3, 0x18A2, 0x3144,
  0x5A67, 0x5247, 0x5A47, 0x49E6, 0x3143, 0x21A6, 0x3BAE, 0x0861, 0x0881, 0x18E3, 0x5289, 0x5AA9,
  0x6B0B, 0x5248, 0x20E3, 0x3902, 0xF4A1, 0x9AA2, 0x3965, 0x28E2, 0x0020, 0x0000, 0x0000, 0x0000,
  0x0000, 0x0000, 0x0000, 0x0000, 0x0000, 0x0000, 0x0000, 0x0000, 0x0000, 0x0000, 0x0000, 0x0000,
  0x0000, 0x0000, 0x0000, 0x0000, 0x0000, 0x0000, 0x0000, 0x0000, 0x0000, 0x0000, 0x0000, 0x0000,
  0x0000, 0x0000, 0x0000, 0x0000, 0x0000, 0x0000, 0x0000, 0x0000, 0x0000, 0x0000, 0x0000, 0x0000,
  0x0000, 0x0000, 0x0000, 0x0000, 0x0000, 0x1061, 0x20C2, 0x2903, 0x3123, 0x3143, 0x3964, 0x4184,
  0x51A5, 0x69C4, 0x8223, 0xAB02, 0xE421, 0xFD02, 0xFD02, 0xDBE1, 0x9A82, 0x6182, 0x4123, 0x3924,
  0x2923, 0x2903, 0x2903, 0x3985, 0x5248, 0x6B2B, 0x83CD, 0x6B0B, 0x6B0B, 0x732B, 0x6B2B, 0x734B,
  0x6B2B, 0x5A89, 0x39C6, 0x2944, 0x2104, 0x2124, 0x2944, 0x2945, 0x2124, 0x18C2, 0x1082, 0x1081,
  0x1081, 0x1081, 0x1082, 0x18A2, 0x2103, 0x39C6, 0x4A48, 0x5248, 0x41E7, 0x39C6, 0x4A27, 0x7BAC,
  0x8BEE, 0x4207, 0x4A27, 0x734C, 0xA4B0, 0xC5B4, 0xE697, 0xD5F4, 0x39A5, 0x4207, 0x18E3, 0x0840,
  0x18C2, 0x2124, 0x2124, 0x2124, 0x2924, 0x2104, 0xB553, 0xE697, 0xDE56, 0xBD73, 0xCDD4, 0xDE77,
  0xE677, 0xE697, 0xE697, 0xDE56, 0xD615, 0xBD52, 0xACF1, 0xD615, 0xD615, 0xD615, 0x41C5, 0x0000,
  0x1061, 0x1082, 0x10A2, 0x2923, 0x5A67, 0x5247, 0x5A47, 0x49E6, 0x20E3, 0x10C2, 0x10C2, 0x1082,
  0x10C3, 0x4A48, 0x5289, 0x62CA, 0x62CA, 0x2923, 0x28C3, 0xC3A1, 0xCBE2, 0x4964, 0x2923, 0x0840,
  0x0000, 0x0000, 0x0000, 0x0000, 0x0000, 0x0000, 0x0000, 0x0000, 0x0000, 0x0000, 0x0000, 0x0000,
  0x0000, 0x0000, 0x0000, 0x0000, 0x0000, 0x0000, 0x0000, 0x0000, 0x0000, 0x0000, 0x0000, 0x0000,
  0x0000, 0x0000, 0x0000, 0x0000, 0x0000, 0x0000, 0x0000, 0x0000, 0x0000, 0x0000, 0x0000, 0x0000,
  0x0000, 0x0000, 0x0000, 0x0000, 0x0000, 0x0000, 0x0000, 0x0000, 0x0000, 0x0000, 0x0000, 0x0000,
  0x0841, 0x18C2, 0x2903, 0x3123, 0x3144, 0x3964, 0x4184, 0x51A5, 0x69C4, 0x8223, 0xAB02, 0xE442,
  0xFD22, 0xFD22, 0xE422, 0xA2A2, 0x6182, 0x3902, 0x3924, 0x3144, 0x2923, 0x2923, 0x3164, 0x49E6,
  0x6B2B, 0x7B6C, 0x7B8D, 0x736C, 0x734B, 0x6B2B, 0x734C, 0x6B0B, 0x5268, 0x39C6, 0x2944, 0x2104,
  0x2124, 0x2944, 0x2965, 0x2124, 0x18C2, 0x1082, 0x0861, 0x1061, 0x1081, 0x10A2, 0x18C2, 0x2103,
  0x39A5, 0x4A28, 0x5289, 0x41E7, 0x39C6, 0x4207, 0x41E7, 0x41E7, 0x39E6, 0x4207, 0x7B8C, 0x62C9,
  0x31A5, 0x2944, 0x0820, 0x10A2, 0x2124, 0x2924, 0x2924, 0x2944, 0x18E3, 0x736C, 0xEEB7, 0xDE35,
  0xDE76, 0xCDD4, 0xB532, 0xAD11, 0xB532, 0xCDF5, 0xDE56, 0xE677, 0xE697, 0xE697, 0xDE56, 0xD615,
  0xE6B7, 0x732B, 0x0000, 0x10A2, 0x1081, 0x10A2, 0x10A2, 0x20E2, 0x41C5, 0x5A47, 0x5226, 0x39A5,
  0x10A2, 0x0861, 0x0861, 0x10A2, 0x39E7, 0x5ACA, 0x5AA9, 0x6B2B, 0x3184, 0x18A2, 0x8A61, 0xECA1,
  0x59A4, 0x3144, 0x1081, 0x0000, 0x0000, 0x0000, 0x0000, 0x0000, 0x0000, 0x0000, 0x0000, 0x0000,
  0x0000, 0x0000, 0x0000, 0x0000, 0x0000, 0x0000, 0x0000, 0x0000, 0x0000, 0x0000, 0x0000, 0x0000,
  0x0000, 0x0000, 0x0000, 0x0000, 0x0000, 0x0000, 0x0000, 0x0000, 0x0000, 0x0000, 0x0000, 0x0000,
  0x0000, 0x0000, 0x0000, 0x0000, 0x0000, 0x0000, 0x0000, 0x0000, 0x0000, 0x0000, 0x0000, 0x0000,
  0x0000, 0x0000, 0x0000, 0x0000, 0x0000, 0x0000, 0x0000, 0x0841, 0x18C2, 0x2903, 0x3123, 0x3143,
  0x3964, 0x4164, 0x51A4, 0x69E5, 0x8223, 0xAB22, 0xDC22, 0xFD02, 0xFD22, 0xE442, 0xA2C2, 0x69A2,
  0x4123, 0x3124, 0x3144, 0x2923, 0x2903, 0x3144, 0x5227, 0x6B0A, 0x7B8D, 0x7BAD, 0x734C, 0x6B2B,
  0x6B2B, 0x734B, 0x732B, 0x5A89, 0x41E6, 0x2945, 0x2104, 0x2124, 0x2945, 0x2945, 0x2124, 0x18C3,
  0x1082, 0x1081, 0x1081, 0x1081, 0x1082, 0x18C2, 0x2924, 0x2944, 0x41E6, 0x5248, 0x5269, 0x4A28,
  0x4207, 0x4A48, 0x2103, 0x18C3, 0x41E6, 0x0820, 0x0861, 0x2104, 0x2944, 0x2944, 0x2944, 0x2124,
  0x2965, 0xCDD5, 0xDE76, 0xDE77, 0xDE76, 0xE677, 0xE697, 0xDE56, 0xCDD4, 0xB511, 0xACD0, 0xB532,
  0xCDD4, 0xDE36, 0xDE36, 0xE697, 0xB532, 0x1061, 0x10A2, 0x10A2, 0x2124, 0x39E7, 0x20E3, 0x0861,
  0x2103, 0x2944, 0x3144, 0x18C3, 0x10A2, 0x0861, 0x0861, 0x2144, 0x5AEA, 0x5ACA, 0x734B, 0x4A07,
  0x20C2, 0x5162, 0xF4C0, 0x8263, 0x3964, 0x20C2, 0x0000, 0x0000, 0x0000, 0x0000, 0x0000, 0x0000,
  0x0000, 0x0000, 0x0000, 0x0000, 0x0000, 0x0000, 0x0000, 0x0000, 0x0000, 0x0000, 0x0000, 0x0000,
  0x0000, 0x0000, 0x0000, 0x0000, 0x0000, 0x0000, 0x0000, 0x0000, 0x0000, 0x0000, 0x0000, 0x0000,
  0x0000, 0x0000, 0x0000, 0x0000, 0x0000, 0x0000, 0x0000, 0x0000, 0x0000, 0x0000, 0x0000, 0x0000,
  0x0000, 0x0000, 0x0000, 0x0000, 0x0000, 0x0000, 0x0000, 0x0000, 0x0000, 0x0000, 0x0000, 0x0000,
  0x0000, 0x0000, 0x0841, 0x18A2, 0x2903, 0x3123, 0x3143, 0x3964, 0x4185, 0x51A5, 0x61A4, 0x7A03,
  0xAB02, 0xE442, 0xFD22, 0xFD22, 0xE422, 0xAAE2, 0x6982, 0x40E2, 0x3103, 0x3123, 0x2923, 0x2903,
  0x3164, 0x5227, 0x62EA, 0x736C, 0x7BAD, 0x736C, 0x734B, 0x732B, 0x734C, 0x6B2B, 0x5289, 0x39C6,
  0x2944, 0x2104, 0x2124, 0x2944, 0x2944, 0x2104, 0x18C2, 0x1082, 0x1081, 0x1081, 0x0861, 0x10A2,
  0x18E3, 0x20E3, 0x2944, 0x39E6, 0x5268, 0x4A27, 0x1082, 0x10A2, 0x10A2, 0x0861, 0x2103, 0x2944,
  0x2944, 0x2924, 0x2965, 0x18E3, 0x7BAD, 0xE697, 0xDE36, 0xD5F5, 0xD615, 0xDE56, 0xE677, 0xE677,
  0xE677, 0xE676, 0xDE36, 0xC593, 0xB4F1, 0xD615, 0xDE77, 0xDE36, 0x3164, 0x0861, 0x2103, 0x2945,
  0x41E7, 0x39C6, 0x0861, 0x0861, 0x18E3, 0x18E3, 0x20E3, 0x18A2, 0x0861, 0x1082, 0x18C3, 0x5289,
  0x62CA, 0x734B, 0x5AA9, 0x2903, 0x30C2, 0xDC21, 0xAB42, 0x4165, 0x2903, 0x0820, 0x0000, 0x0000,
  0x0000, 0x0000, 0x0000, 0x0000, 0x0000, 0x0000, 0x0000, 0x0000, 0x0000, 0x0000, 0x0000, 0x0000,
  0x0000, 0x0000, 0x0000, 0x0000, 0x0000, 0x0000, 0x0000, 0x0000, 0x0000, 0x0000, 0x0000, 0x0000,
  0x0000, 0x0000, 0x0000, 0x0000, 0x0000, 0x0000, 0x0000, 0x0000, 0x0000, 0x0000, 0x0000, 0x0000,
  0x0000, 0x0000, 0x0000, 0x0000, 0x0000, 0x0000, 0x0000, 0x0000, 0x0000, 0x0000, 0x0000, 0x0000,
  0x0000, 0x0000, 0x0000, 0x0000, 0x0000, 0x0000, 0x0000, 0x0000, 0x0000, 0x0841, 0x18A2, 0x2903,
  0x3123, 0x3143, 0x3944, 0x4184, 0x51A5, 0x69E5, 0x8223, 0xAAE2, 0xDC01, 0xFD02, 0xFD22, 0xE442,
  0xAAE1, 0x71C2, 0x4123, 0x3123, 0x3124, 0x2923, 0x2903, 0x3144, 0x4A07, 0x6B0A, 0x7B8C, 0x83AD,
  0x7B6C, 0x6B2B, 0x732B, 0x734C, 0x6B0B, 0x5A89, 0x39C6, 0x2944, 0x2103, 0x2104, 0x2945, 0x2944,
  0x2124, 0x18C3, 0x1082, 0x1082, 0x18E3, 0x18C2, 0x10A2, 0x18C2, 0x2103, 0x2103, 0x1081, 0x1081,
  0x0840, 0x18C2, 0x2944, 0x2944, 0x2924, 0x2124, 0x2944, 0x31A6, 0xCE15, 0xDE36, 0xDE35, 0xD5F4,
  0xCDD4, 0xD615, 0xBD52, 0xC5B4, 0xDE56, 0xE677, 0xDE76, 0xDE56, 0xE676, 0xD615, 0xEEB7, 0x7B6C,
  0x0000, 0x2103, 0x2944, 0x39C6, 0x41E7, 0x18C2, 0x0840, 0x0840, 0x18C2, 0x20E3, 0x18E3, 0x1081,
  0x0861, 0x10A2, 0x5268, 0x6B0B, 0x62EA, 0x6B2B, 0x3144, 0x20A3, 0xA2E1, 0xDC21, 0x4964, 0x3143,
  0x1061, 0x0000, 0x0000, 0x0000, 0x0000, 0x0000, 0x0000, 0x0000, 0x0000, 0x0000, 0x0000, 0x0000,
  0x0000, 0x0000, 0x0000, 0x0000, 0x0000, 0x0000, 0x0000, 0x0000, 0x0000, 0x0000, 0x0000, 0x0000,
  0x0000, 0x0000, 0x0000, 0x0000, 0x0000, 0x0000, 0x0000, 0x0000, 0x0000, 0x0000, 0x0000, 0x0000,
  0x0000, 0x0000, 0x0000, 0x0000, 0x0000, 0x0000, 0x0000, 0x0000, 0x0000, 0x0000, 0x0000, 0x0000,
  0x0000, 0x0000, 0x0000, 0x0000, 0x0000, 0x0000, 0x0000, 0x0000, 0x0000, 0x0000, 0x0000, 0x0000,
  0x0000, 0x0000, 0x0000, 0x0000, 0x0841, 0x18A2, 0x28E3, 0x3123, 0x3964, 0x3964, 0x41A5, 0x51A5,
  0x61C4, 0x7A03, 0xA2E2, 0xD401, 0xFD02, 0xFD42, 0xE442, 0xAB02, 0x69A2, 0x4102, 0x3103, 0x3124,
  0x2923, 0x2903, 0x3164, 0x4A27, 0x62EA, 0x7B6C, 0x7BAD, 0x736C, 0x6B2B, 0x732B, 0x732B, 0x6B0B,
  0x5A89, 0x4207, 0x2104, 0x18E3, 0x2124, 0x2944, 0x2945, 0x18C2, 0x0861, 0x10A2, 0x18C2, 0x18C2,
  0x18C2, 0x18A2, 0x0861, 0x0841, 0x18C2, 0x2124, 0x2124, 0x2944, 0x2944, 0x2965, 0x18E3, 0x7BAD,
  0xE676, 0xD615, 0xDE56, 0xDE56, 0xDE36, 0xDE35, 0xC593, 0xACF1, 0xA4B0, 0xACF1, 0xCDB4, 0xDE36,
  0xDE36, 0xDE76, 0xC573, 0x20C2, 0x20E3, 0x39A6, 0x39E7, 0x4A48, 0x2924, 0x0861, 0x0840, 0x0841,
  0x0861, 0x1081, 0x1081, 0x0861, 0x0841, 0x39A6, 0x734C, 0x62EA, 0x736C, 0x41C6, 0x18C3, 0x69C2,
  0xF4C1, 0x69E3, 0x3964, 0x18A2, 0x0000, 0x0000, 0x0000, 0x0000, 0x0000, 0x0000, 0x0000, 0x0000,
  0x0000, 0x0000, 0x0000, 0x0000, 0x0000, 0x0000, 0x0000, 0x0000, 0x0000, 0x0000, 0x0000, 0x0000,
  0x0000, 0x0000, 0x0000, 0x0000, 0x0000, 0x0000, 0x0000, 0x0000, 0x0000, 0x0000, 0x0000, 0x0000,
  0x0000, 0x0000, 0x0000, 0x0000, 0x0000, 0x0000, 0x0000, 0x0000, 0x0000, 0x0000, 0x0000, 0x0000,
  0x0000, 0x0000, 0x0000, 0x0000, 0x0000, 0x0000, 0x0000, 0x0000, 0x0000, 0x0000, 0x0000, 0x0000,
  0x0000, 0x0000, 0x0000, 0x0000, 0x0000, 0x0000, 0x0000, 0x0000, 0x0000, 0x0000, 0x0000, 0x0841,
  0x18A2, 0x2903, 0x3143, 0x3944, 0x3964, 0x4184, 0x4985, 0x4943, 0x8244, 0xA2E2, 0xDC02, 0xFD02,
  0xFD22, 0xE442, 0xAAE1, 0x69C2, 0x4123, 0x3124, 0x3144, 0x2923, 0x2903, 0x3144, 0x4A07, 0x62EA,
  0x7B8C, 0x7BAD, 0x734C, 0x734B, 0x734C, 0x62CA, 0x5AA9, 0x5289, 0x39C6, 0x2944, 0x2104, 0x2104,
  0x2104, 0x18C3, 0x1081, 0x0861, 0x18C2, 0x18C2, 0x0020, 0x1081, 0x2124, 0x2944, 0x2944, 0x2104,
  0x2944, 0x2965, 0x3185, 0xCDD4, 0xDE35, 0xCDF4, 0xC593, 0xDE35, 0xDE56, 0xDE56, 0xDE56, 0xE676,
  0xD615, 0xBD72, 0xACD1, 0xCDF5, 0xDE36, 0xE697, 0x5268, 0x0840, 0x2944, 0x41C6, 0x4207, 0x3185,
  0x1081, 0x0861, 0x0861, 0x18C2, 0x18E3, 0x18E3, 0x18C3, 0x18C2, 0x2944, 0x6B2B, 0x6AEA, 0x736C,
  0x5268, 0x2103, 0x3902, 0xEC81, 0x92A2, 0x3944, 0x20E2, 0x0020, 0x0000, 0x0000, 0x0000, 0x0000,
  0x0000, 0x0000, 0x0000, 0x0000, 0x0000, 0x0000, 0x0000, 0x0000, 0x0000, 0x0000, 0x0000, 0x0000,
  0x0000, 0x0000, 0x0000, 0x0000, 0x0000, 0x0000, 0x0000, 0x0000, 0x0000, 0x0000, 0x0000, 0x0000,
  0x0000, 0x0000, 0x0000, 0x0000, 0x0000, 0x0000, 0x0000, 0x0000, 0x0000, 0x0000, 0x0000, 0x0000,
  0x0000, 0x0000, 0x0000, 0x0000, 0x0000, 0x0000, 0x0000, 0x0000, 0x0000, 0x0000, 0x0000, 0x0000,
  0x0000, 0x0000, 0x0000, 0x0000, 0x0000, 0x0000, 0x0000, 0x0000, 0x0000, 0x0000, 0x0000, 0x0000,
  0x0000, 0x0000, 0x0000, 0x0000, 0x0000, 0x0000, 0x0840, 0x18A2, 0x2903, 0x3123, 0x3143, 0x3143,
  0x49A5, 0x49A5, 0x61C4, 0x7A04, 0xA2C2, 0xDC02, 0xFCE1, 0xFD22, 0xEC82, 0xB322, 0x71C2, 0x4102,
  0x3103, 0x3123, 0x2923, 0x2903, 0x3144, 0x4A07, 0x62CA, 0x7B8C, 0x6B0B, 0x6B0B, 0x6B2B, 0x6B0B,
  0x6B0B, 0x6B0A, 0x5A89, 0x41E6, 0x2965, 0x2103, 0x18E3, 0x18E3, 0x18E3, 0x18C2, 0x18C3, 0x2104,
  0x2944, 0x2924, 0x2944, 0x2944, 0x3165, 0x18C2, 0x736C, 0xE676, 0xD5F5, 0xCDD4, 0xB4F1, 0xACD0,
  0xB511, 0xCDD4, 0xDE35, 0xDE56, 0xDE56, 0xE676, 0xE677, 0xD615, 0xE677, 0xACD1, 0x0840, 0x1081,
  0x10A2, 0x18C2, 0x18C2, 0x10A2, 0x0861, 0x0861, 0x18E3, 0x2104, 0x2124, 0x2924, 0x2944, 0x2124,
  0x6B0B, 0x6B0B, 0x732B, 0x6B0B, 0x2943, 0x28C3, 0xC3A1, 0xCBC1, 0x4144, 0x2923, 0x0840, 0x0000,
  0x0000, 0x0000, 0x0000, 0x0000, 0x0000, 0x0000, 0x0000, 0x0000, 0x0000, 0x0000, 0x0000, 0x0000,
  0x0000, 0x0000, 0x0000, 0x0000, 0x0000, 0x0000, 0x0000, 0x0000, 0x0000, 0x0000, 0x0000, 0x0000,
  0x0000, 0x0000, 0x0000, 0x0000, 0x0000, 0x0000, 0x0000, 0x0000, 0x0000, 0x0000, 0x0000, 0x0000,
  0x0000, 0x0000, 0x0000, 0x0000, 0x0000, 0x0000, 0x0000, 0x0000, 0x0000, 0x0000, 0x0000, 0x0000,
  0x0000, 0x0000, 0x0000, 0x0000, 0x0000, 0x0000, 0x0000, 0x0000, 0x0000, 0x0000, 0x0000, 0x0000,
  0x0000, 0x0000, 0x0000, 0x0000, 0x0000, 0x0000, 0x0000, 0x0000, 0x0000, 0x0000, 0x0000, 0x0000,
  0x0000, 0x0840, 0x1881, 0x20C2, 0x3143, 0x3143, 0x3964, 0x4184, 0x49A5, 0x61C4, 0x7A04, 0xA2C2,
  0xD402, 0xFD02, 0xFD42, 0xEC62, 0xB302, 0x71C2, 0x4922, 0x3923, 0x3124, 0x2923, 0x2903, 0x3143,
  0x39A6, 0x6AEA, 0x7B6C, 0x7B6C, 0x732B, 0x6B0B, 0x6B0B, 0x6B2B, 0x6B0B, 0x5A89, 0x41E7, 0x2945,
  0x2104, 0x2104, 0x2944, 0x2945, 0x2944, 0x2924, 0x2944, 0x3165, 0x2124, 0x2965, 0xCDF4, 0xE656,
  0xD5F4, 0xD5F4, 0xDE36, 0xD615, 0xC573, 0xB511, 0xACB0, 0xB511, 0xCDD4, 0xDE36, 0xD615, 0xD615,
  0xDE56, 0x41C6, 0x0000, 0x0841, 0x1081, 0x18A2, 0x18C2, 0x10A2, 0x0841, 0x18C3, 0x2124, 0x2124,
  0x2924, 0x2944, 0x18E3, 0x5289, 0x736C, 0x6B0B, 0x736C, 0x3985, 0x20A2, 0x8261, 0xECA1, 0x61A4,
  0x3143, 0x1081, 0x0000, 0x0000, 0x0000, 0x0000, 0x0000, 0x0000, 0x0000, 0x0000, 0x0000, 0x0000,
  0x0000, 0x0000, 0x0000, 0x0000, 0x0000, 0x0000, 0x0000, 0x0000, 0x0000, 0x0000, 0x0000, 0x0000,
  0x0000, 0x0000, 0x0000, 0x0000, 0x0000, 0x0000, 0x0000, 0x0000, 0x0000, 0x0000, 0x0000, 0x0000,
  0x0000, 0x0000, 0x0000, 0x0000, 0x0000, 0x0000, 0x0000, 0x0000, 0x0000, 0x0000, 0x0000, 0x0000,
  0x0000, 0x0000, 0x0000, 0x0000, 0x0000, 0x0000, 0x0000, 0x0000, 0x0000, 0x0000, 0x0000, 0x0000,
  0x0000, 0x0000, 0x0000, 0x0000, 0x0000, 0x0000, 0x0000, 0x0000, 0x0000, 0x0000, 0x0000, 0x0000,
  0x0000, 0x0000, 0x0000, 0x0000, 0x0000, 0x0000, 0x0000, 0x0000, 0x0840, 0x18A2, 0x2903, 0x3123,
  0x3143, 0x3964, 0x4184, 0x51A5, 0x59A4, 0x71E3, 0x9AC2, 0xD402, 0xFD02, 0xFD42, 0xEC62, 0xB321,
  0x71C2, 0x4922, 0x3903, 0x3143, 0x3123, 0x2903, 0x2923, 0x41E6, 0x62CA, 0x736C, 0x7B6C, 0x736C,
  0x6B2B, 0x6B0B, 0x6B2B, 0x6B0B, 0x5AA9, 0x41E7, 0x2965, 0x2103, 0x2124, 0x2124, 0x2965, 0x2945,
  0x2924, 0x2964, 0x6B0A, 0xA48F, 0xD5F5, 0xE676, 0xDE56, 0xD615, 0xD615, 0xDE35, 0xD615, 0xC593,
  0xACF1, 0xBD52, 0xD615, 0xE676, 0x9C6F, 0x0020, 0x1081, 0x0861, 0x1081, 0x1081, 0x1081, 0x1082,
  0x18C3, 0x2124, 0x2944, 0x2944, 0x2945, 0x2103, 0x41E7, 0x734C, 0x62EA, 0x736C, 0x5227, 0x20E3,
  0x5162, 0xF4C1, 0x8243, 0x3944, 0x20C2, 0x0000, 0x0000, 0x0000, 0x0000, 0x0000, 0x0000, 0x0000,
  0x0000, 0x0000, 0x0000, 0x0000, 0x0000, 0x0000, 0x0000, 0x0000, 0x0000, 0x0000, 0x0000, 0x0000,
  0x0000, 0x0000, 0x0000, 0x0000, 0x0000, 0x0000, 0x0000, 0x0000, 0x0000, 0x0000, 0x0000, 0x0000,
  0x0000, 0x0000, 0x0000, 0x0000, 0x0000, 0x0000, 0x0000, 0x0000, 0x0000, 0x0000, 0x0000, 0x0000,
  0x0000, 0x0000, 0x0000, 0x0000, 0x0000, 0x0000, 0x0000, 0x0000, 0x0000, 0x0000, 0x0000, 0x0000,
  0x0000, 0x0000, 0x0000, 0x0000, 0x0000, 0x0000, 0x0000, 0x0000, 0x0000, 0x0000, 0x0000, 0x0000,
  0x0000, 0x0000, 0x0000, 0x0000, 0x0000, 0x0000, 0x0000, 0x0000, 0x0000, 0x0000, 0x0000, 0x0000,
  0x0000, 0x0000, 0x0000, 0x0840, 0x18A2, 0x2903, 0x3143, 0x3143, 0x3964, 0x4184, 0x51A5, 0x61C5,
  0x7A03, 0xA2C2, 0xD3E2, 0xFCE2, 0xFD42, 0xEC82, 0xB322, 0x79E2, 0x40E2, 0x30E3, 0x2923, 0x2923,
  0x2903, 0x3123, 0x41E6, 0x62EA, 0x736C, 0x7B8C, 0x734C, 0x6B0B, 0x6B2B, 0x732B, 0x6B2B, 0x5A89,
  0x4207, 0x3165, 0x2104, 0x2124, 0x2944, 0x2944, 0x1082, 0x0840, 0x2944, 0x6AE9, 0xACB0, 0xD5F4,
  0xE676, 0xDE35, 0xD615, 0xD615, 0xDE15, 0xD5F4, 0xD5F4, 0xDE56, 0x41C5, 0x0020, 0x1081, 0x10A2,
  0x2103, 0x2104, 0x2124, 0x2944, 0x2924, 0x2924, 0x2924, 0x2924, 0x2124, 0x2945, 0x734C, 0x6B0B,
  0x734C, 0x62EA, 0x2903, 0x30C2, 0xD401, 0xB342, 0x4144, 0x2903, 0x0820, 0x0000, 0x0000, 0x0000,
  0x0000, 0x0000, 0x0000, 0x0000, 0x0000, 0x0000, 0x0000, 0x0000, 0x0000, 0x0000, 0x0000, 0x0000,
  0x0000, 0x0000, 0x0000, 0x0000, 0x0000, 0x0000, 0x0000, 0x0000, 0x0000, 0x0000, 0x0000, 0x0000,
  0x0000, 0x0000, 0x0000, 0x0000, 0x0000, 0x0000, 0x0000, 0x0000, 0x0000, 0x0000, 0x0000, 0x0000,
  0x0000, 0x0000, 0x0000, 0x0000, 0x0000, 0x0000, 0x0000, 0x0000, 0x0000, 0x0000, 0x0000, 0x0000,
  0x0000, 0x0000, 0x0000, 0x0000, 0x0000, 0x0000, 0x0000, 0x0000, 0x0000, 0x0000, 0x0000, 0x0000,
  0x0000, 0x0000, 0x0000, 0x0000, 0x0000, 0x0000, 0x0000, 0x0000, 0x0000, 0x0000, 0x0000, 0x0000,
  0x0000, 0x0000, 0x0000, 0x0000, 0x0000, 0x0000, 0x0000, 0x0000, 0x0000, 0x0000, 0x0840, 0x18A2,
  0x28E3, 0x3123, 0x3144, 0x3964, 0x4184, 0x51A5, 0x61C5, 0x79E3, 0x9AA2, 0xD3E2, 0xFCE1, 0xFD62,
  0xEC82, 0xB322, 0x71C2, 0x4922, 0x3103, 0x2923, 0x2923, 0x2903, 0x3144, 0x41E6, 0x62A9, 0x734C,
  0x7B8D, 0x734C, 0x6B2B, 0x6B2B, 0x732B, 0x6B2B, 0x5AA9, 0x41E7, 0x2965, 0x2103, 0x2103, 0x18E3,
  0x1082, 0x0020, 0x0840, 0x2923, 0x6AC9, 0xA48F, 0xD5F4, 0xDE55, 0xDE35, 0xD5F4, 0xDE36, 0x9C6F,
  0x0840, 0x1081, 0x10A2, 0x2104, 0x2124, 0x2124, 0x2924, 0x2924, 0x2944, 0x2944, 0x2945, 0x2965,
  0x2124, 0x62EA, 0x6B0B, 0x6B0B, 0x732B, 0x3984, 0x20A3, 0xAB02, 0xE441, 0x5184, 0x3143, 0x1061,
  0x0000, 0x0000, 0x0000, 0x0000, 0x0000, 0x0000, 0x0000, 0x0000, 0x0000, 0x0000, 0x0000, 0x0000,
  0x0000, 0x0000, 0x0000, 0x0000, 0x0000, 0x0000, 0x0000, 0x0000, 0x0000, 0x0000, 0x0000, 0x0000,
  0x0000, 0x0000, 0x0000, 0x0000, 0x0000, 0x0000, 0x0000, 0x0000, 0x0000, 0x0000, 0x0000, 0x0000,
  0x0000, 0x0000, 0x0000, 0x0000, 0x0000, 0x0000, 0x0000, 0x0000, 0x0000, 0x0000, 0x0000, 0x0000,
  0x0000, 0x0000, 0x0000, 0x0000, 0x0000, 0x0000, 0x0000, 0x0000, 0x0000, 0x0000, 0x0000, 0x0000,
  0x0000, 0x0000, 0x0000, 0x0000, 0x0000, 0x0000, 0x0000, 0x0000, 0x0000, 0x0000, 0x0000, 0x0000,
  0x0000, 0x0000, 0x0000, 0x0000, 0x0000, 0x0000, 0x0000, 0x0000, 0x0000, 0x0000, 0x0000, 0x0000,
  0x0000, 0x0000, 0x0000, 0x0000, 0x0000, 0x0840, 0x18A2, 0x2903, 0x3144, 0x3964, 0x3964, 0x4184,
  0x49A4, 0x59A4, 0x7A03, 0xA2A2, 0xCBA1, 0xFCC1, 0xFD21, 0xEC82, 0xB321, 0x71C2, 0x4922, 0x3103,
  0x3124, 0x2923, 0x2903, 0x2923, 0x41E6, 0x62C9, 0x7B6C, 0x7BAD, 0x734C, 0x6B2B, 0x6B2B, 0x732B,
  0x6B2B, 0x5AA9, 0x4207, 0x2965, 0x2103, 0x18E3, 0x18E3, 0x1081, 0x0020, 0x0840, 0x2923, 0x62A9,
  0xA48F, 0xD5F4, 0xE656, 0x39A5, 0x0040, 0x18C2, 0x2103, 0x2124, 0x2944, 0x2924, 0x2944, 0x2944,
  0x2944, 0x2944, 0x2944, 0x2103, 0x41E7, 0x736C, 0x62CA, 0x7B8D, 0x41E6, 0x20C2, 0x61C2, 0xF4E1,
  0x69E3, 0x3964, 0x18A2, 0x0000, 0x0000, 0x0000, 0x0000, 0x0000, 0x0000, 0x0000, 0x0000, 0x0000,
  0x0000, 0x0000, 0x0000, 0x0000, 0x0000, 0x0000, 0x0000, 0x0000, 0x0000, 0x0000, 0x0000, 0x0000,
  0x0000, 0x0000, 0x0000, 0x0000, 0x0000, 0x0000, 0x0000, 0x0000, 0x0000, 0x0000, 0x0000, 0x0000,
  0x0000, 0x0000, 0x0000, 0x0000, 0x0000, 0x0000, 0x0000, 0x0000, 0x0000, 0x0000, 0x0000, 0x0000,
  0x0000, 0x0000, 0x0000, 0x0000, 0x0000, 0x0000, 0x0000, 0x0000, 0x0000, 0x0000, 0x0000, 0x0000,
  0x0000, 0x0000, 0x0000, 0x0000, 0x0000, 0x0000, 0x0000, 0x0000, 0x0000, 0x0000, 0x0000, 0x0000,
  0x0000, 0x0000, 0x0000, 0x0000, 0x0000, 0x0000, 0x0000, 0x0000, 0x0000, 0x0000, 0x0000, 0x0000,
  0x0000, 0x0000, 0x0000, 0x0000, 0x0000, 0x0000, 0x0000, 0x0000, 0x0000, 0x0000, 0x0000, 0x0000,
  0x0840, 0x18A2, 0x28E3, 0x3123, 0x3143, 0x3964, 0x4184, 0x4985, 0x4123, 0x71E3, 0xA2C3, 0xD402,
  0xFD02, 0xFD41, 0xECA2, 0xB321, 0x79E2, 0x4922, 0x3103, 0x2923, 0x2923, 0x2903, 0x3144, 0x41E6,
  0x62C9, 0x734C, 0x7B8D, 0x736C, 0x6B2B, 0x6B2B, 0x6B2B, 0x6B0B, 0x5AA9, 0x41E7, 0x2944, 0x2103,
  0x18E3, 0x18C3, 0x1081, 0x0840, 0x0841, 0x3144, 0x5247, 0x1081, 0x1082, 0x2103, 0x2944, 0x2924,
  0x2944, 0x2944, 0x2944, 0x2944, 0x2944, 0x2945, 0x2103, 0x39A6, 0x6B0B, 0x62CA, 0x62EA, 0x5268,
  0x2903, 0x3902, 0xEC81, 0x9AC2, 0x4164, 0x28E2, 0x0020, 0x0000, 0x0000, 0x0000, 0x0000, 0x0000,
  0x0000, 0x0000, 0x0000, 0x0000, 0x0000, 0x0000, 0x0000, 0x0000, 0x0000, 0x0000, 0x0000, 0x0000,
  0x0000, 0x0000, 0x0000, 0x0000, 0x0000, 0x0000, 0x0000, 0x0000, 0x0000, 0x0000, 0x0000, 0x0000,
  0x0000, 0x0000, 0x0000, 0x0000, 0x0000, 0x0000, 0x0000, 0x0000, 0x0000, 0x0000, 0x0000, 0x0000,
  0x0000, 0x0000, 0x0000, 0x0000, 0x0000, 0x0000, 0x0000, 0x0000, 0x0000, 0x0000, 0x0000, 0x0000,
  0x0000, 0x0000, 0x0000, 0x0000, 0x0000, 0x0000, 0x0000, 0x0000, 0x0000, 0x0000, 0x0000, 0x0000,
  0x0000, 0x0000, 0x0000, 0x0000, 0x0000, 0x0000, 0x0000, 0x0000, 0x0000, 0x0000, 0x0000, 0x0000,
  0x0000, 0x0000, 0x0000, 0x0000, 0x0000, 0x0000, 0x0000, 0x0000, 0x0000, 0x0000, 0x0000, 0x0000,
  0x0000, 0x0000, 0x0000, 0x0000, 0x0000, 0x0000, 0x0000, 0x0840, 0x18A1, 0x2903, 0x3123, 0x3123,
  0x3143, 0x49A5, 0x59C5, 0x59A4, 0x7A03, 0xA2C2, 0xD3E2, 0xFCE2, 0xFD42, 0xEC82, 0xB342, 0x71C2,
  0x4922, 0x3103, 0x3124, 0x2923, 0x2903, 0x3123, 0x41E6, 0x62CA, 0x7B6C, 0x7B8D, 0x736C, 0x6B2B,
  0x6B0B, 0x6B2B, 0x6B0B, 0x5AA9, 0x41E7, 0x3165, 0x2103, 0x2104, 0x2124, 0x1082, 0x0841, 0x18A2,
  0x2104, 0x2924, 0x2944, 0x2944, 0x2945, 0x2945, 0x2944, 0x2944, 0x2944, 0x2944, 0x2124, 0x6B2B,
  0x6B2B, 0x734C, 0x6B2B, 0x2923, 0x28E3, 0xBB81, 0xCBC2, 0x4944, 0x3123, 0x0840, 0x0000, 0x0000,
  0x0000, 0x0000, 0x0000, 0x0000, 0x0000, 0x0000, 0x0000, 0x0000, 0x0000, 0x0000, 0x0000, 0x0000,
  0x0000, 0x0000, 0x0000, 0x0000, 0x0000, 0x0000, 0x0000, 0x0000, 0x0000, 0x0000, 0x0000, 0x0000,
  0x0000, 0x0000, 0x0000, 0x0000, 0x0000, 0x0000, 0x0000, 0x0000, 0x0000, 0x0000, 0x0000, 0x0000,
  0x0000, 0x0000, 0x0000, 0x0000, 0x0000, 0x0000, 0x0000, 0x0000, 0x0000, 0x0000, 0x0000, 0x0000,
  0x0000, 0x0000, 0x0000, 0x0000, 0x0000, 0x0000, 0x0000, 0x0000, 0x0000, 0x0000, 0x0000, 0x0000,
  0x0000, 0x0000, 0x0000, 0x0000, 0x0000, 0x0000, 0x0000, 0x0000, 0x0000, 0x0000, 0x0000, 0x0000,
  0x0000, 0x0000, 0x0000, 0x0000, 0x0000, 0x0000, 0x0000, 0x0000, 0x0000, 0x0000, 0x0000, 0x0000,
  0x0000, 0x0000, 0x0000, 0x0000, 0x0000, 0x0000, 0x0000, 0x0000, 0x0000, 0x0000, 0x0000, 0x0000,
  0x0000, 0x0000, 0x0840, 0x18A2, 0x20C2, 0x3144, 0x3143, 0x3964, 0x4184, 0x51C5, 0x59C5, 0x7A04,
  0xA2C3, 0xD3E2, 0xFD02, 0xFD42, 0xF4A2, 0xBB42, 0x79E2, 0x4922, 0x3903, 0x3124, 0x3123, 0x2903,
  0x3144, 0x49E6, 0x62A9, 0x734B, 0x7B8C, 0x734C, 0x6B2B, 0x6B0B, 0x732B, 0x6B0B, 0x62EA, 0x39C6,
  0x2924, 0x2103, 0x18E3, 0x2124, 0x2945, 0x2944, 0x2944, 0x2965, 0x2945, 0x2945, 0x2944, 0x2945,
  0x2965, 0x20E3, 0x5A89, 0x734C, 0x62EA, 0x734C, 0x41A5, 0x18A2, 0x8262, 0xEC81, 0x59A3, 0x3143,
  0x1081, 0x0000, 0x0000, 0x0000, 0x0000, 0x0000, 0x0000, 0x0000, 0x0000, 0x0000, 0x0000, 0x0000,
  0x0000, 0x0000, 0x0000, 0x0000, 0x0000, 0x0000, 0x0000, 0x0000, 0x0000, 0x0000, 0x0000, 0x0000,
  0x0000, 0x0000, 0x0000, 0x0000, 0x0000, 0x0000, 0x0000, 0x0000, 0x0000, 0x0000, 0x0000, 0x0000,
  0x0000, 0x0000, 0x0000, 0x0000, 0x0000, 0x0000, 0x0000, 0x0000, 0x0000, 0x0000, 0x0000, 0x0000,
  0x0000, 0x0000, 0x0000, 0x0000, 0x0000, 0x0000, 0x0000, 0x0000, 0x0000, 0x0000, 0x0000, 0x0000,
  0x0000, 0x0000, 0x0000, 0x0000, 0x0000, 0x0000, 0x0000, 0x0000, 0x0000, 0x0000, 0x0000, 0x0000,
  0x0000, 0x0000, 0x0000, 0x0000, 0x0000, 0x0000, 0x0000, 0x0000, 0x0000, 0x0000, 0x0000, 0x0000,
  0x0000, 0x0000, 0x0000, 0x0000, 0x0000, 0x0000, 0x0000, 0x0000, 0x0000, 0x0000, 0x0000, 0x0000,
  0x0000, 0x0000, 0x0000, 0x0000, 0x0000, 0x0000, 0x0000, 0x0000, 0x0000, 0x0820, 0x1882, 0x2903,
  0x3143, 0x3143, 0x3964, 0x4184, 0x51A5, 0x59A4, 0x7A04, 0xA2A2, 0xD3E2, 0xFD02, 0xFD42, 0xEC82,
  0xB322, 0x79E2, 0x4922, 0x3923, 0x3144, 0x2923, 0x2903, 0x2923, 0x41C6, 0x5AA9, 0x736C, 0x7BAD,
  0x734C, 0x6B2B, 0x6B2B, 0x5A89, 0x62CA, 0x5AA9, 0x4A27, 0x3185, 0x2104, 0x2104, 0x2924, 0x2965,
  0x2965, 0x2944, 0x2944, 0x2965, 0x2104, 0x4207, 0x736C, 0x62EA, 0x7B8C, 0x5268, 0x20C2, 0x4122,
  0xF4A1, 0x8243, 0x3944, 0x20C2, 0x0000, 0x0000, 0x0000, 0x0000, 0x0000, 0x0000, 0x0000, 0x0000,
  0x0000, 0x0000, 0x0000, 0x0000, 0x0000, 0x0000, 0x0000, 0x0000, 0x0000, 0x0000, 0x0000, 0x0000,
  0x0000, 0x0000, 0x0000, 0x0000, 0x0000, 0x0000, 0x0000, 0x0000, 0x0000, 0x0000, 0x0000, 0x0000,
  0x0000, 0x0000, 0x0000, 0x0000, 0x0000, 0x0000, 0x0000, 0x0000, 0x0000, 0x0000, 0x0000, 0x0000,
  0x0000, 0x0000, 0x0000, 0x0000, 0x0000, 0x0000, 0x0000, 0x0000, 0x0000, 0x0000, 0x0000, 0x0000,
  0x0000, 0x0000, 0x0000, 0x0000, 0x0000, 0x0000, 0x0000, 0x0000, 0x0000, 0x0000, 0x0000, 0x0000,
  0x0000, 0x0000, 0x0000, 0x0000, 0x0000, 0x0000, 0x0000, 0x0000, 0x0000, 0x0000, 0x0000, 0x0000,
  0x0000, 0x0000, 0x0000, 0x0000, 0x0000, 0x0000, 0x0000, 0x0000, 0x0000, 0x0000, 0x0000, 0x0000,
  0x0000, 0x0000, 0x0000, 0x0000, 0x0000, 0x0000, 0x0000, 0x0000, 0x0000, 0x0000, 0x0000, 0x0000,
  0x0000, 0x0000, 0x0000, 0x0000, 0x0840, 0x1881, 0x28E3, 0x2923, 0x3123, 0x3944, 0x4184, 0x51A5,
  0x59A4, 0x7A04, 0x9AA2, 0xD3E2, 0xFCE2, 0xFD42, 0xF4C2, 0xBB62, 0x8202, 0x4922, 0x3903, 0x3124,
  0x3123, 0x2903, 0x3144, 0x41C6, 0x5A89, 0x7B8C, 0x6B0B, 0x734C, 0x6B0A, 0x6B0B, 0x732B, 0x6B2B,
  0x5AA9, 0x4A27, 0x3185, 0x2124, 0x2124, 0x2944, 0x2965, 0x2124, 0x2944, 0x732B, 0x6AEA, 0x734C,
  0x6B0B, 0x2923, 0x28A2, 0xCBE1, 0xB362, 0x4164, 0x2902, 0x0820, 0x0000, 0x0000, 0x0000, 0x0000,
  0x0000, 0x0000, 0x0000, 0x0000, 0x0000, 0x0000, 0x0000, 0x0000, 0x0000, 0x0000, 0x0000, 0x0000,
  0x0000, 0x0000, 0x0000, 0x0000, 0x0000, 0x0000, 0x0000, 0x0000, 0x0000, 0x0000, 0x0000, 0x0000,
  0x0000, 0x0000, 0x0000, 0x0000, 0x0000, 0x0000, 0x0000, 0x0000, 0x0000, 0x0000, 0x0000, 0x0000,
  0x0000, 0x0000, 0x0000, 0x0000, 0x0000, 0x0000, 0x0000, 0x0000, 0x0000, 0x0000, 0x0000, 0x0000,
  0x0000, 0x0000, 0x0000, 0x0000, 0x0000, 0x0000, 0x0000, 0x0000, 0x0000, 0x0000, 0x0000, 0x0000,
  0x0000, 0x0000, 0x0000, 0x0000, 0x0000, 0x0000, 0x0000, 0x0000, 0x0000, 0x0000, 0x0000, 0x0000,
  0x0000, 0x0000, 0x0000, 0x0000, 0x0000, 0x0000, 0x0000, 0x0000, 0x0000, 0x0000, 0x0000, 0x0000,
  0x0000, 0x0000, 0x0000, 0x0000, 0x0000, 0x0000, 0x0000, 0x0000, 0x0000, 0x0000, 0x0000, 0x0000,
  0x0000, 0x0000, 0x0000, 0x0000, 0x0000, 0x0000, 0x0000, 0x0000, 0x0000, 0x0000, 0x0000, 0x0840,
  0x1881, 0x20E3, 0x2923, 0x3143, 0x3943, 0x4184, 0x4985, 0x59A4, 0x79E3, 0xA2A2, 0xD3E2, 0xFCE2,
  0xFD42, 0xF4A2, 0xBB62, 0x8202, 0x5142, 0x3903, 0x3124, 0x2923, 0x2903, 0x3123, 0x3985, 0x62CA,
  0x7B8D, 0x7BAD, 0x736C, 0x6B2B, 0x6B0A, 0x6B2B, 0x6B2B, 0x62EA, 0x4207, 0x3165, 0x2944, 0x2924,
  0x5289, 0x5A89, 0x5AA9, 0x734C, 0x3984, 0x20A3, 0x9AC1, 0xDC21, 0x4964, 0x3123, 0x1061, 0x0000,
  0x0000, 0x0000, 0x0000, 0x0000, 0x0000, 0x0000, 0x0000, 0x0000, 0x0000, 0x0000, 0x0000, 0x0000,
  0x0000, 0x0000, 0x0000, 0x0000, 0x0000, 0x0000, 0x0000, 0x0000, 0x0000, 0x0000, 0x0000, 0x0000,
  0x0000, 0x0000, 0x0000, 0x0000, 0x0000, 0x0000, 0x0000, 0x0000, 0x0000, 0x0000, 0x0000, 0x0000,
  0x0000, 0x0000, 0x0000, 0x0000, 0x0000, 0x0000, 0x0000, 0x0000, 0x0000, 0x0000, 0x0000, 0x0000,
  0x0000, 0x0000, 0x0000, 0x0000, 0x0000, 0x0000, 0x0000, 0x0000, 0x0000, 0x0000, 0x0000, 0x0000,
  0x0000, 0x0000, 0x0000, 0x0000, 0x0000, 0x0000, 0x0000, 0x0000, 0x0000, 0x0000, 0x0000, 0x0000,
  0x0000, 0x0000, 0x0000, 0x0000, 0x0000, 0x0000, 0x0000, 0x0000, 0x0000, 0x0000, 0x0000, 0x0000,
  0x0000, 0x0000, 0x0000, 0x0000, 0x0000, 0x0000, 0x0000, 0x0000, 0x0000, 0x0000, 0x0000, 0x0000,
  0x0000, 0x0000, 0x0000, 0x0000, 0x0000, 0x0000, 0x0000, 0x0000, 0x0000, 0x0000, 0x0000, 0x0000,
  0x0000, 0x0000, 0x0000, 0x0000, 0x0000, 0x0000, 0x0820, 0x1881, 0x20E2, 0x2903, 0x3123, 0x3943,
  0x4164, 0x51A5, 0x59A5, 0x71E4, 0x9A82, 0xCBE2, 0xFD02, 0xFD62, 0xF4C2, 0xBB62, 0x8202, 0x5142,
  0x4123, 0x3123, 0x2923, 0x2923, 0x3143, 0x41E6, 0x5AA9, 0x734B, 0x7BAD, 0x734C, 0x732B, 0x6B2B,
  0x5AA9, 0x736C, 0x6B0A, 0x734C, 0x734C, 0x62CA, 0x6B2B, 0x41C6, 0x20C3, 0x61C2, 0xF4A1, 0x69E3,
  0x3144, 0x1881, 0x0000, 0x0000, 0x0000, 0x0000, 0x0000, 0x0000, 0x0000, 0x0000, 0x0000, 0x0000,
  0x0000, 0x0000, 0x0000, 0x0000, 0x0000, 0x0000, 0x0000, 0x0000, 0x0000, 0x0000, 0x0000, 0x0000,
  0x0000, 0x0000, 0x0000, 0x0000, 0x0000, 0x0000, 0x0000, 0x0000, 0x0000, 0x0000, 0x0000, 0x0000,
  0x0000, 0x0000, 0x0000, 0x0000, 0x0000, 0x0000, 0x0000, 0x0000, 0x0000, 0x0000, 0x0000, 0x0000,
  0x0000, 0x0000, 0x0000, 0x0000, 0x0000, 0x0000, 0x0000, 0x0000, 0x0000, 0x0000, 0x0000, 0x0000,
  0x0000, 0x0000, 0x0000, 0x0000, 0x0000, 0x0000, 0x0000, 0x0000, 0x0000, 0x0000, 0x0000, 0x0000,
  0x0000, 0x0000, 0x0000, 0x0000, 0x0000, 0x0000, 0x0000, 0x0000, 0x0000, 0x0000, 0x0000, 0x0000,
  0x0000, 0x0000, 0x0000, 0x0000, 0x0000, 0x0000, 0x0000, 0x0000, 0x0000, 0x0000, 0x0000, 0x0000,
  0x0000, 0x0000, 0x0000, 0x0000, 0x0000, 0x0000, 0x0000, 0x0000, 0x0000, 0x0000, 0x0000, 0x0000,
  0x0000, 0x0000, 0x0000, 0x0000, 0x0000, 0x0000, 0x0000, 0x0000, 0x0000, 0x0000, 0x0000, 0x0000,
  0x0000, 0x0820, 0x1081, 0x20E3, 0x2923, 0x3123, 0x3943, 0x4184, 0x51A5, 0x61C5, 0x7A04, 0x9A82,
  0xCBE2, 0xFD02, 0xFD62, 0xF4A2, 0xC362, 0x81E1, 0x4922, 0x3103, 0x3124, 0x3123, 0x2903, 0x2923,
  0x41C6, 0x62A9, 0x736C, 0x6B0B, 0x7B8C, 0x736C, 0x6B0B, 0x6B2B, 0x6AEA, 0x7B8C, 0x6B2B, 0x2103,
  0x30E2, 0xDC41, 0x9AC2, 0x3944, 0x20E2, 0x0000, 0x0000, 0x0000, 0x0000, 0x0000, 0x0000, 0x0000,
  0x0000, 0x0000, 0x0000, 0x0000, 0x0000, 0x0000, 0x0000, 0x0000, 0x0000, 0x0000, 0x0000, 0x0000,
  0x0000, 0x0000, 0x0000, 0x0000, 0x0000, 0x0000, 0x0000, 0x0000, 0x0000, 0x0000, 0x0000, 0x0000,
  0x0000, 0x0000, 0x0000, 0x0000, 0x0000, 0x0000, 0x0000, 0x0000, 0x0000, 0x0000, 0x0000, 0x0000,
  0x0000, 0x0000, 0x0000, 0x0000, 0x0000, 0x0000, 0x0000, 0x0000, 0x0000, 0x0000, 0x0000, 0x0000,
  0x0000, 0x0000, 0x0000, 0x0000, 0x0000, 0x0000, 0x0000, 0x0000, 0x0000, 0x0000, 0x0000, 0x0000,
  0x0000, 0x0000, 0x0000, 0x0000, 0x0000, 0x0000, 0x0000, 0x0000, 0x0000, 0x0000, 0x0000, 0x0000,
  0x0000, 0x0000, 0x0000, 0x0000, 0x0000, 0x0000, 0x0000, 0x0000, 0x0000, 0x0000, 0x0000, 0x0000,
  0x0000, 0x0000, 0x0000, 0x0000, 0x0000, 0x0000, 0x0000, 0x0000, 0x0000, 0x0000, 0x0000, 0x0000,
  0x0000, 0x0000, 0x0000, 0x0000, 0x0000, 0x0000, 0x0000, 0x0000, 0x0000, 0x0000, 0x0000, 0x0000,
  0x0000, 0x0000, 0x0000, 0x0000, 0x0000, 0x0000, 0x0000, 0x0000, 0x0820, 0x1081, 0x20E3, 0x3123,
  0x3143, 0x3943, 0x3964, 0x4984, 0x59A4, 0x7A04, 0x9AA2, 0xCBC2, 0xFCE2, 0xFD42, 0xF4C2, 0xC382,
  0x8222, 0x4922, 0x3903, 0x3944, 0x3123, 0x2923, 0x2903, 0x3985, 0x62A9, 0x732B, 0x83CD, 0x83CE,
  0x83AD, 0x6B0A, 0x3164, 0x1882, 0xB341, 0xC3A2, 0x4144, 0x3123, 0x0840, 0x0000, 0x0000, 0x0000,
  0x0000, 0x0000, 0x0000, 0x0000, 0x0000, 0x0000, 0x0000, 0x0000, 0x0000, 0x0000, 0x0000, 0x0000,
  0x0000, 0x0000, 0x0000, 0x0000, 0x0000, 0x0000, 0x0000, 0x0000, 0x0000, 0x0000, 0x0000, 0x0000,
  0x0000, 0x0000, 0x0000, 0x0000, 0x0000, 0x0000, 0x0000, 0x0000, 0x0000, 0x0000, 0x0000, 0x0000,
  0x0000, 0x0000, 0x0000, 0x0000, 0x0000, 0x0000, 0x0000, 0x0000, 0x0000, 0x0000, 0x0000, 0x0000,
  0x0000, 0x0000, 0x0000, 0x0000, 0x0000, 0x0000, 0x0000, 0x0000, 0x0000, 0x0000, 0x0000, 0x0000,
  0x0000, 0x0000, 0x0000, 0x0000, 0x0000, 0x0000, 0x0000, 0x0000, 0x0000, 0x0000, 0x0000, 0x0000,
  0x0000, 0x0000, 0x0000, 0x0000, 0x0000, 0x0000, 0x0000, 0x0000, 0x0000, 0x0000, 0x0000, 0x0000,
  0x0000, 0x0000, 0x0000, 0x0000, 0x0000, 0x0000, 0x0000, 0x0000, 0x0000, 0x0000, 0x0000, 0x0000,
  0x0000, 0x0000, 0x0000, 0x0000, 0x0000, 0x0000, 0x0000, 0x0000, 0x0000, 0x0000, 0x0000, 0x0000,
  0x0000, 0x0000, 0x0000, 0x0000, 0x0000, 0x0000, 0x0000, 0x0000, 0x0000, 0x0000, 0x0000, 0x0000,
  0x0000, 0x0000, 0x0000, 0x0820, 0x1881, 0x20E3, 0x3123, 0x3944, 0x3964, 0x4184, 0x51A5, 0x61C5,
  0x7A04, 0xA2A2, 0xCBC2, 0xFD02, 0xFD42, 0xF4C2, 0xC362, 0x8A22, 0x5142, 0x3103, 0x3123, 0x2923,
  0x3123, 0x2903, 0x41E6, 0x41C6, 0x3984, 0x3123, 0x28E3, 0x7201, 0xDC21, 0x5984, 0x3123, 0x1081,
  0x0000, 0x0000, 0x0000, 0x0000, 0x0000, 0x0000, 0x0000, 0x0000, 0x0000, 0x0000, 0x0000, 0x0000,
  0x0000, 0x0000, 0x0000, 0x0000, 0x0000, 0x0000, 0x0000, 0x0000, 0x0000, 0x0000, 0x0000, 0x0000,
  0x0000, 0x0000, 0x0000, 0x0000, 0x0000, 0x0000, 0x0000, 0x0000, 0x0000, 0x0000, 0x0000, 0x0000,
  0x0000, 0x0000, 0x0000, 0x0000, 0x0000, 0x0000, 0x0000, 0x0000, 0x0000, 0x0000, 0x0000, 0x0000,
  0x0000, 0x0000, 0x0000, 0x0000, 0x0000, 0x0000, 0x0000, 0x0000, 0x0000, 0x0000, 0x0000, 0x0000,
  0x0000, 0x0000, 0x0000, 0x0000, 0x0000, 0x0000, 0x0000, 0x0000, 0x0000, 0x0000, 0x0000, 0x0000,
  0x0000, 0x0000, 0x0000, 0x0000, 0x0000, 0x0000, 0x0000, 0x0000, 0x0000, 0x0000, 0x0000, 0x0000,
  0x0000, 0x0000, 0x0000, 0x0000, 0x0000, 0x0000, 0x0000, 0x0000, 0x0000, 0x0000, 0x0000, 0x0000,
  0x0000, 0x0000, 0x0000, 0x0000, 0x0000, 0x0000, 0x0000, 0x0000, 0x0000, 0x0000, 0x0000, 0x0000,
  0x0000, 0x0000, 0x0000, 0x0000, 0x0000, 0x0000, 0x0000, 0x0000, 0x0000, 0x0000, 0x0000, 0x0000,
  0x0000, 0x0000, 0x0000, 0x0000, 0x0000, 0x0000, 0x0000, 0x0000, 0x0000, 0x0000, 0x0820, 0x1882,
  0x28E3, 0x3123, 0x3143, 0x3964, 0x4184, 0x51C5, 0x61E5, 0x79E4, 0x9A82, 0xCBC2, 0xFD03, 0xFD62,
  0xF4C2, 0xBB62, 0x8A22, 0x5122, 0x3923, 0x3124, 0x3964, 0x3123, 0x3123, 0x3103, 0x5142, 0xEC61,
  0x69C2, 0x3124, 0x18A1, 0x0000, 0x0000, 0x0000, 0x0000, 0x0000, 0x0000, 0x0000, 0x0000, 0x0000,
  0x0000, 0x0000, 0x0000, 0x0000, 0x0000, 0x0000, 0x0000, 0x0000, 0x0000, 0x0000, 0x0000, 0x0000,
  0x0000, 0x0000, 0x0000, 0x0000, 0x0000, 0x0000, 0x0000, 0x0000, 0x0000, 0x0000, 0x0000, 0x0000,
  0x0000, 0x0000, 0x0000, 0x0000, 0x0000, 0x0000, 0x0000, 0x0000, 0x0000, 0x0000, 0x0000, 0x0000,
  0x0000, 0x0000, 0x0000, 0x0000, 0x0000, 0x0000, 0x0000, 0x0000, 0x0000, 0x0000, 0x0000, 0x0000,
  0x0000, 0x0000, 0x0000, 0x0000, 0x0000, 0x0000, 0x0000, 0x0000, 0x0000, 0x0000, 0x0000, 0x0000,
  0x0000, 0x0000, 0x0000, 0x0000, 0x0000, 0x0000, 0x0000, 0x0000, 0x0000, 0x0000, 0x0000, 0x0000,
  0x0000, 0x0000, 0x0000, 0x0000, 0x0000, 0x0000, 0x0000, 0x0000, 0x0000, 0x0000, 0x0000, 0x0000,
  0x0000, 0x0000, 0x0000, 0x0000, 0x0000, 0x0000, 0x0000, 0x0000, 0x0000, 0x0000, 0x0000, 0x0000,
  0x0000, 0x0000, 0x0000, 0x0000, 0x0000, 0x0000, 0x0000, 0x0000, 0x0000, 0x0000, 0x0000, 0x0000,
  0x0000, 0x0000, 0x0000, 0x0000, 0x0000, 0x0000, 0x0000, 0x0000, 0x0000, 0x0000, 0x0000, 0x0000,
  0x0000, 0x0000, 0x0000, 0x0000, 0x0000, 0x0820, 0x1881, 0x28E3, 0x3123, 0x3143, 0x3964, 0x4164,
  0x51A5, 0x69E5, 0x6982, 0x9262, 0xCBA2, 0xFCE2, 0xFD62, 0xFCA1, 0xC341, 0x8A22, 0x6162, 0x5942,
  0x5942, 0x7A01, 0xE3E0, 0xA2C2, 0x3924, 0x28E2, 0x0020, 0x0000, 0x0000, 0x0000, 0x0000, 0x0000,
  0x0000, 0x0000, 0x0000, 0x0000, 0x0000, 0x0000, 0x0000, 0x0000, 0x0000, 0x0000, 0x0000, 0x0000,
  0x0000, 0x0000, 0x0000, 0x0000, 0x0000, 0x0000, 0x0000, 0x0000, 0x0000, 0x0000, 0x0000, 0x0000,
  0x0000, 0x0000, 0x0000, 0x0000, 0x0000, 0x0000, 0x0000, 0x0000, 0x0000, 0x0000, 0x0000, 0x0000,
  0x0000, 0x0000, 0x0000, 0x0000, 0x0000, 0x0000, 0x0000, 0x0000, 0x0000, 0x0000, 0x0000, 0x0000,
  0x0000, 0x0000, 0x0000, 0x0000, 0x0000, 0x0000, 0x0000, 0x0000, 0x0000, 0x0000, 0x0000, 0x0000,
  0x0000, 0x0000, 0x0000, 0x0000, 0x0000, 0x0000, 0x0000, 0x0000, 0x0000, 0x0000, 0x0000, 0x0000,
  0x0000, 0x0000, 0x0000, 0x0000, 0x0000, 0x0000, 0x0000, 0x0000, 0x0000, 0x0000, 0x0000, 0x0000,
  0x0000, 0x0000, 0x0000, 0x0000, 0x0000, 0x0000, 0x0000, 0x0000, 0x0000, 0x0000, 0x0000, 0x0000,
  0x0000, 0x0000, 0x0000, 0x0000, 0x0000, 0x0000, 0x0000, 0x0000, 0x0000, 0x0000, 0x0000, 0x0000,
  0x0000, 0x0000, 0x0000, 0x0000, 0x0000, 0x0000, 0x0000, 0x0000, 0x0000, 0x0000, 0x0000, 0x0000,
  0x0000, 0x0000, 0x0000, 0x0000, 0x0000, 0x0000, 0x0000, 0x0000, 0x0000, 0x0000, 0x0000, 0x0000,
  0x0820, 0x18A1, 0x20E3, 0x3123, 0x3943, 0x3143, 0x3123, 0x49A5, 0x61E5, 0x7A04, 0x9A83, 0xCB82,
  0xFCC1, 0xFD62, 0xFCE2, 0xF503, 0xFD23, 0xFDE3, 0xC361, 0x5184, 0x3102, 0x0840, 0x0000, 0x0000,
  0x0000, 0x0000, 0x0000, 0x0000, 0x0000, 0x0000, 0x0000, 0x0000, 0x0000, 0x0000, 0x0000, 0x0000,
  0x0000, 0x0000, 0x0000, 0x0000, 0x0000, 0x0000, 0x0000, 0x0000, 0x0000, 0x0000, 0x0000, 0x0000,
  0x0000, 0x0000, 0x0000, 0x0000, 0x0000, 0x0000, 0x0000, 0x0000, 0x0000, 0x0000, 0x0000, 0x0000,
  0x0000, 0x0000, 0x0000, 0x0000, 0x0000, 0x0000, 0x0000, 0x0000, 0x0000, 0x0000, 0x0000, 0x0000,
  0x0000, 0x0000, 0x0000, 0x0000, 0x0000, 0x0000, 0x0000, 0x0000, 0x0000, 0x0000, 0x0000, 0x0000,
  0x0000, 0x0000, 0x0000, 0x0000, 0x0000, 0x0000, 0x0000, 0x0000, 0x0000, 0x0000, 0x0000, 0x0000,
  0x0000, 0x0000, 0x0000, 0x0000, 0x0000, 0x0000, 0x0000, 0x0000, 0x0000, 0x0000, 0x0000, 0x0000,
  0x0000, 0x0000, 0x0000, 0x0000, 0x0000, 0x0000, 0x0000, 0x0000, 0x0000, 0x0000, 0x0000, 0x0000,
  0x0000, 0x0000, 0x0000, 0x0000, 0x0000, 0x0000, 0x0000, 0x0000, 0x0000, 0x0000, 0x0000, 0x0000,
  0x0000, 0x0000, 0x0000, 0x0000, 0x0000, 0x0000, 0x0000, 0x0000, 0x0000, 0x0000, 0x0000, 0x0000,
  0x0000, 0x0000, 0x0000, 0x0000, 0x0000, 0x0000, 0x0000, 0x0000, 0x0000, 0x0000, 0x0000, 0x0000,
  0x0000, 0x0000, 0x0000, 0x0000, 0x0000, 0x0000, 0x0000, 0x0820, 0x1081, 0x20E2, 0x2903, 0x3964,
  0x4184, 0x4184, 0x49A5, 0x5184, 0x79E4, 0x9AA2, 0xC382, 0xDC63, 0xCBE2, 0xA2C3, 0x61C4, 0x3943,
  0x1881, 0x0000, 0x0000, 0x0000, 0x0000, 0x0000, 0x0000, 0x0000, 0x0000, 0x0000, 0x0000, 0x0000,
  0x0000, 0x0000, 0x0000, 0x0000, 0x0000, 0x0000, 0x0000, 0x0000, 0x0000, 0x0000, 0x0000, 0x0000,
  0x0000, 0x0000, 0x0000, 0x0000, 0x0000, 0x0000, 0x0000, 0x0000, 0x0000, 0x0000, 0x0000, 0x0000,
  0x0000, 0x0000, 0x0000, 0x0000, 0x0000, 0x0000, 0x0000, 0x0000, 0x0000, 0x0000, 0x0000, 0x0000,
  0x0000, 0x0000, 0x0000, 0x0000, 0x0000, 0x0000, 0x0000, 0x0000, 0x0000, 0x0000, 0x0000, 0x0000,
  0x0000, 0x0000, 0x0000, 0x0000, 0x0000, 0x0000, 0x0000, 0x0000, 0x0000, 0x0000, 0x0000, 0x0000,
  0x0000, 0x0000, 0x0000, 0x0000, 0x0000, 0x0000, 0x0000, 0x0000, 0x0000, 0x0000, 0x0000, 0x0000,
  0x0000, 0x0000, 0x0000, 0x0000, 0x0000, 0x0000, 0x0000, 0x0000, 0x0000, 0x0000, 0x0000, 0x0000,
  0x0000, 0x0000, 0x0000, 0x0000, 0x0000, 0x0000, 0x0000, 0x0000, 0x0000, 0x0000, 0x0000, 0x0000,
  0x0000, 0x0000, 0x0000, 0x0000, 0x0000, 0x0000, 0x0000, 0x0000, 0x0000, 0x0000, 0x0000, 0x0000,
  0x0000, 0x0000, 0x0000, 0x0000, 0x0000, 0x0000, 0x0000, 0x0000, 0x0000, 0x0000, 0x0000, 0x0000,
  0x0000, 0x0000, 0x0000, 0x0000, 0x0000, 0x0000, 0x0000, 0x0000, 0x0000, 0x0000, 0x0000, 0x0000,
  0x0000, 0x0000, 0x0820, 0x18A2, 0x2903, 0x3123, 0x3143, 0x3123, 0x4184, 0x49A5, 0x61E5, 0x7205,
  0x61E5, 0x59E5, 0x4164, 0x20C2, 0x0000, 0x0000, 0x0000, 0x0000, 0x0000, 0x0000, 0x0000, 0x0000,
  0x0000, 0x0000, 0x0000, 0x0000, 0x0000, 0x0000, 0x0000, 0x0000, 0x0000, 0x0000, 0x0000, 0x0000,
  0x0000, 0x0000, 0x0000, 0x0000, 0x0000, 0x0000, 0x0000, 0x0000, 0x0000, 0x0000, 0x0000, 0x0000,
  0x0000, 0x0000, 0x0000, 0x0000, 0x0000, 0x0000, 0x0000, 0x0000, 0x0000, 0x0000, 0x0000, 0x0000,
  0x0000, 0x0000, 0x0000, 0x0000, 0x0000, 0x0000, 0x0000, 0x0000, 0x0000, 0x0000, 0x0000, 0x0000,
  0x0000, 0x0000, 0x0000, 0x0000, 0x0000, 0x0000, 0x0000, 0x0000, 0x0000, 0x0000, 0x0000, 0x0000,
  0x0000, 0x0000, 0x0000, 0x0000, 0x0000, 0x0000, 0x0000, 0x0000, 0x0000, 0x0000, 0x0000, 0x0000,
  0x0000, 0x0000, 0x0000, 0x0000, 0x0000, 0x0000, 0x0000, 0x0000, 0x0000, 0x0000, 0x0000, 0x0000,
  0x0000, 0x0000, 0x0000, 0x0000, 0x0000, 0x0000, 0x0000, 0x0000, 0x0000, 0x0000, 0x0000, 0x0000,
  0x0000, 0x0000, 0x0000, 0x0000, 0x0000, 0x0000, 0x0000, 0x0000, 0x0000, 0x0000, 0x0000, 0x0000,
  0x0000, 0x0000, 0x0000, 0x0000, 0x0000, 0x0000, 0x0000, 0x0000, 0x0000, 0x0000, 0x0000, 0x0000,
  0x0000, 0x0000, 0x0000, 0x0000, 0x0000, 0x0000, 0x0000, 0x0000, 0x0000, 0x0000, 0x0000, 0x0000,
  0x0000, 0x0000, 0x0000, 0x0000, 0x0000, 0x0000, 0x0000, 0x0000, 0x0000, 0x0820, 0x1881, 0x20C2,
  0x3123, 0x3123, 0x3984, 0x4184, 0x3943, 0x3944, 0x2903, 0x0020, 0x0000, 0x0000, 0x0000, 0x0000,
  0x0000, 0x0000, 0x0000, 0x0000, 0x0000, 0x0000, 0x0000, 0x0000, 0x0000, 0x0000, 0x0000, 0x0000,
  0x0000, 0x0000, 0x0000, 0x0000, 0x0000, 0x0000, 0x0000, 0x0000, 0x0000, 0x0000, 0x0000, 0x0000,
  0x0000, 0x0000, 0x0000, 0x0000, 0x0000, 0x0000, 0x0000, 0x0000, 0x0000, 0x0000, 0x0000, 0x0000,
  0x0000, 0x0000, 0x0000, 0x0000, 0x0000, 0x0000, 0x0000, 0x0000, 0x0000, 0x0000, 0x0000, 0x0000,
  0x0000, 0x0000, 0x0000, 0x0000, 0x0000, 0x0000, 0x0000, 0x0000, 0x0000, 0x0000, 0x0000, 0x0000,
  0x0000, 0x0000, 0x0000, 0x0000, 0x0000, 0x0000, 0x0000, 0x0000, 0x0000, 0x0000, 0x0000, 0x0000,
  0x0000, 0x0000, 0x0000, 0x0000, 0x0000, 0x0000, 0x0000, 0x0000, 0x0000, 0x0000, 0x0000, 0x0000,
  0x0000, 0x0000, 0x0000, 0x0000, 0x0000, 0x0000, 0x0000, 0x0000, 0x0000, 0x0000, 0x0000, 0x0000,
  0x0000, 0x0000, 0x0000, 0x0000, 0x0000, 0x0000, 0x0000, 0x0000, 0x0000, 0x0000, 0x0000, 0x0000,
  0x0000, 0x0000, 0x0000, 0x0000, 0x0000, 0x0000, 0x0000, 0x0000, 0x0000, 0x0000, 0x0000, 0x0000,
  0x0000, 0x0000, 0x0000, 0x0000, 0x0000, 0x0000, 0x0000, 0x0000, 0x0000, 0x0000, 0x0000, 0x0000,
  0x0000, 0x0000, 0x0000, 0x0000, 0x0000, 0x0000, 0x0000, 0x0000, 0x0000, 0x0000, 0x0000, 0x0000,
  0x0000, 0x0000, 0x0000, 0x0000, 0x0820, 0x1081, 0x2903, 0x2903, 0x2903, 0x18A2, 0x0020, 0x0000,
  0x0000, 0x0000, 0x0000, 0x0000, 0x0000, 0x0000, 0x0000, 0x0000, 0x0000, 0x0000, 0x0000, 0x0000,
  0x0000, 0x0000, 0x0000, 0x0000, 0x0000, 0x0000, 0x0000, 0x0000, 0x0000, 0x0000, 0x0000, 0x0000,
  0x0000, 0x0000, 0x0000, 0x0000, 0x0000, 0x0000, 0x0000, 0x0000, 0x0000, 0x0000, 0x0000, 0x0000,
  0x0000, 0x0000, 0x0000, 0x0000, 0x0000, 0x0000, 0x0000, 0x0000, 0x0000, 0x0000, 0x0000, 0x0000,
  0x0000, 0x0000, 0x0000, 0x0000, 0x0000, 0x0000, 0x0000, 0x0000, 0x0000, 0x0000, 0x0000, 0x0000,
  0x0000, 0x0000, 0x0000, 0x0000, 0x0000, 0x0000, 0x0000, 0x0000, 0x0000, 0x0000, 0x0000, 0x0000,
  0x0000, 0x0000, 0x0000, 0x0000, 0x0000, 0x0000, 0x0000, 0x0000, 0x0000, 0x0000, 0x0000, 0x0000,
  0x0000, 0x0000, 0x0000, 0x0000, 0x0000, 0x0000, 0x0000, 0x0000, 0x0000, 0x0000, 0x0000, 0x0000,
  0x0000, 0x0000, 0x0000, 0x0000, 0x0000, 0x0000, 0x0000, 0x0000, 0x0000, 0x0000, 0x0000, 0x0000,
  0x0000, 0x0000, 0x0000, 0x0000, 0x0000, 0x0000, 0x0000, 0x0000, 0x0000, 0x0000, 0x0000, 0x0000,
  0x0000, 0x0000, 0x0000, 0x0000, 0x0000, 0x0000, 0x0000, 0x0000, 0x0000, 0x0000, 0x0000, 0x0000,
  0x0000, 0x0000, 0x0000, 0x0000, 0x0000, 0x0000, 0x0000, 0x0000, 0x0000, 0x0000, 0x0000, 0x0000,
  0x0000, 0x0000, 0x0000, 0x0000, 0x0000, 0x0000, 0x0000, 0x0000, 0x0000, 0x0000, 0x0000, 0x0000,
  0x0000, 0x0000, 0x0000, 0x0000, 0x0000, 0x0000, 0x0000, 0x0000, 0x0000, 0x0000, 0x0000, 0x0000,
  0x0000, 0x0000, 0x0000, 0x0000, 0x0000, 0x0000, 0x0000, 0x0000, 0x0000, 0x0000, 0x0000, 0x0000,
  0x0000, 0x0000, 0x0000, 0x0000, 0x0000, 0x0000, 0x0000, 0x0000, 0x0000, 0x0000, 0x0000, 0x0000,
  0x0000, 0x0000, 0x0000, 0x0000, 0x0000, 0x0000, 0x0000, 0x0000, 0x0000, 0x0000, 0x0000, 0x0000,
  0x0000, 0x0000, 0x0000, 0x0000, 0x0000, 0x0000, 0x0000, 0x0000, 0x0000, 0x0000, 0x0000, 0x0000,
  0x0000, 0x0000, 0x0000, 0x0000, 0x0000, 0x0000, 0x0000, 0x0000, 0x0000, 0x0000, 0x0000, 0x0000,
  0x0000, 0x0000, 0x0000, 0x0000, 0x0000, 0x0000, 0x0000, 0x0000, 0x0000, 0x0000, 0x0000, 0x0000,
  0x0000, 0x0000, 0x0000, 0x0000, 0x0000, 0x0000, 0x0000, 0x0000, 0x0000, 0x0000, 0x0000, 0x0000,
  0x0000, 0x0000, 0x0000, 0x0000, 0x0000, 0x0000, 0x0000, 0x0000, 0x0000, 0x0000, 0x0000, 0x0000,
  0x0000, 0x0000, 0x0000, 0x0000, 0x0000, 0x0000, 0x0000, 0x0000, 0x0000, 0x0000, 0x0000, 0x0000,
  0x0000, 0x0000, 0x0000, 0x0000, 0x0000, 0x0000, 0x0000, 0x0000, 0x0000, 0x0000, 0x0000, 0x0000,
  0x0000, 0x0000, 0x0000, 0x0000, 0x0000, 0x0000, 0x0000, 0x0000, 0x0000, 0x0000, 0x0000, 0x0000,
  0x0000, 0x0000, 0x0000, 0x0000, 0x0000, 0x0000, 0x0000, 0x0000, 0x0000, 0x0000, 0x0000, 0x0000,
  0x0000, 0x0000, 0x0000, 0x0000, 0x0000, 0x0000, 0x0000, 0x0000, 0x0000, 0x0000, 0x0000, 0x0000,
  0x0000, 0x0000, 0x0000, 0x0000, 0x0000, 0x0000, 0x0000, 0x0000, 0x0000, 0x0000, 0x0000, 0x0000,
  0x0000, 0x0000, 0x0000, 0x0000, 0x0000, 0x0000, 0x0000, 0x0000, 0x0000, 0x0000, 0x0000, 0x0000,
  0x0000, 0x0000, 0x0000, 0x0000, 0x0000, 0x0000, 0x0000, 0x0000, 0x0000, 0x0000, 0x0000, 0x0000,
  0x0000, 0x0000, 0x0000, 0x0000, 0x0000, 0x0000, 0x0000, 0x0000, 0x0000, 0x0000, 0x0000, 0x0000,
  0x0000, 0x0000, 0x0000, 0x0000, 0x0000, 0x0000, 0x0000, 0x0000, 0x0000, 0x0000, 0x0000, 0x0000,
  0x0000, 0x0000, 0x0000, 0x0000, 0x0000, 0x0000, 0x0000, 0x0000, 0x0000, 0x0000, 0x0000, 0x0000,
  0x0000, 0x0000, 0x0000, 0x0000, 0x0000, 0x0000, 0x0000, 0x0000, 0x0000, 0x0000, 0x0000, 0x0000,
  0x0000, 0x0000, 0x0000, 0x0000, 0x0000, 0x0000, 0x0000, 0x0000, 0x0000, 0x0000, 0x0000, 0x0000,
  0x0000, 0x0000, 0x0000, 0x0000, 0x0000, 0x0000, 0x0000, 0x0000, 0x0000, 0x0000, 0x0000, 0x0000,
  0x0000, 0x0000, 0x0000, 0x0000, 0x0000, 0x0000, 0x0000, 0x0000, 0x0000, 0x0000, 0x0000, 0x0000,
  0x0000, 0x0000, 0x0000, 0x0000, 0x0000, 0x0000, 0x0000, 0x0000, 0x0000, 0x0000, 0x0000, 0x0000,
  0x0000, 0x0000, 0x0000, 0x0000, 0x0000, 0x0000, 0x0000, 0x0000, 0x0000, 0x0000, 0x0000, 0x0000,
  0x0000, 0x0000, 0x0000, 0x0000, 0x0000, 0x0000, 0x0000, 0x0000, 0x0000, 0x0000, 0x0000, 0x0000,
  0x0000, 0x0000, 0x0000, 0x0000, 0x0000, 0x0000, 0x0000, 0x0000, 0x0000, 0x0000, 0x0000, 0x0000,
  0x0000, 0x0000, 0x0000, 0x0000, 0x0000, 0x0000, 0x0000, 0x0000, 0x0000, 0x0000, 0x0000, 0x0000,
  0x0000, 0x0000, 0x0000, 0x0000, 0x0000, 0x0000, 0x0000, 0x0000, 0x0000, 0x0000, 0x0000, 0x0000,
  0x0000, 0x0000, 0x0000, 0x0000, 0x0000, 0x0000, 0x0000, 0x0000, 0x0000, 0x0000, 0x0000, 0x0000,
  0x0000, 0x0000, 0x0000, 0x0000, 0x0000, 0x0000, 0x0000, 0x0000, 0x0000, 0x0000, 0x0000, 0x0000,
  0x0000, 0x0000, 0x0000, 0x0000, 0x0000, 0x0000, 0x0000, 0x0000, 0x0000, 0x0000, 0x0000, 0x0000,
  0x0000, 0x0000, 0x0000, 0x0000, 0x0000, 0x0000, 0x0000, 0x0000, 0x0000, 0x0000, 0x0000, 0x0000,
  0x0000, 0x0000, 0x0000, 0x0000, 0x0000, 0x0000, 0x0000, 0x0000, 0x0000, 0x0000, 0x0000, 0x0000,
  0x0000, 0x0000, 0x0000, 0x0000, 0x0000, 0x0000, 0x0000, 0x0000, 0x0000, 0x0000, 0x0000, 0x0000,
  0x0000, 0x0000, 0x0000, 0x0000, 0x0000, 0x0000, 0x0000, 0x0000, 0x0000, 0x0000, 0x0000, 0x0000,
  0x0000, 0x0000, 0x0000, 0x0000, 0x0000, 0x0000, 0x0000, 0x0000, 0x0000, 0x0000, 0x0000, 0x0000,
  0x0000, 0x0000, 0x0000, 0x0000, 0x0000, 0x0000, 0x0000, 0x0000, 0x0000, 0x0000, 0x0000, 0x0000,
  0x0000, 0x0000, 0x0000, 0x0000, 0x0000, 0x0000, 0x0000, 0x0000, 0x0000, 0x0000, 0x0000, 0x0000,
  0x0000, 0x0000, 0x0000, 0x0000, 0x0000, 0x0000, 0x0000, 0x0000, 0x0000, 0x0000, 0x0000, 0x0000,
  0x0000, 0x0000, 0x0000, 0x0000, 0x0000, 0x0000, 0x0000, 0x0000, 0x0000, 0x0000, 0x0000, 0x0000,
  0x0000, 0x0000, 0x0000, 0x0000, 0x0000, 0x0000, 0x0000, 0x0000, 0x0000, 0x0000, 0x0000, 0x0000,
  0x0000, 0x0000, 0x0000, 0x0000, 0x0000, 0x0000, 0x0000, 0x0000, 0x0000, 0x0000, 0x0000, 0x0000,
  0x0000, 0x0000, 0x0000, 0x0000, 0x0000, 0x0000, 0x0000, 0x0000, 0x0000, 0x0000, 0x0000, 0x0000,
  0x0000, 0x0000, 0x0000, 0x0000, 0x0000, 0x0000, 0x0000, 0x0000, 0x0000, 0x0000, 0x0000, 0x0000,
  0x0000, 0x0000, 0x0000, 0x0000, 0x0000, 0x0000, 0x0000, 0x0000, 0x0000, 0x0000, 0x0000, 0x0000,
  0x0000, 0x0000, 0x0000, 0x0000, 0x0000, 0x0000, 0x0000, 0x0000, 0x0000, 0x0000, 0x0000, 0x0000,
  0x0000, 0x0000, 0x0000, 0x0000, 0x0000, 0x0000, 0x0000, 0x0000, 0x0000, 0x0000, 0x0000, 0x0000,
  0x0000, 0x0000, 0x0000, 0x0000, 0x0000, 0x0000, 0x0000, 0x0000, 0x0000, 0x0000, 0x0000, 0x0000,
  0x0000, 0x0000, 0x0000, 0x0000, 0x0000, 0x0000, 0x0000, 0x0000, 0x0000, 0x0000, 0x0000, 0x0000,
  0x0000, 0x0000, 0x0000, 0x0000, 0x0000, 0x0000, 0x0000, 0x0000, 0x0000, 0x0000, 0x0000, 0x0000,
  0x0000, 0x0000, 0x0000, 0x0000, 0x0000, 0x0000, 0x0000, 0x0000, 0x0000, 0x0000, 0x0000, 0x0000,
  0x0000, 0x0000, 0x0000, 0x0000, 0x0000, 0x0000, 0x0000, 0x0000, 0x0000, 0x0000, 0x0000, 0x0000,
  0x0000, 0x0000, 0x0000, 0x0000, 0x0000, 0x0000, 0x0000, 0x0000, 0x0000, 0x0000, 0x0000, 0x0000,
  0x0000, 0x0000, 0x0000, 0x0000, 0x0000, 0x0000, 0x0000, 0x0000, 0x0000, 0x0000, 0x0000, 0x0000,
  0x0000, 0x0000, 0x0000, 0x0000, 0x0000, 0x0000, 0x0000, 0x0000, 0x0000, 0x0000, 0x0000, 0x0000,
  0x0000, 0x0000, 0x0000, 0x0000, 0x0000, 0x0000, 0x0000, 0x0000, 0x0000, 0x0000, 0x0000, 0x0000,
  0x0000, 0x0000, 0x0000, 0x0000, 0x0000, 0x0000, 0x0000, 0x0000, 0x0000, 0x0000, 0x0000, 0x0000,
  0x0000, 0x0000, 0x0000, 0x0000, 0x0000, 0x0000, 0x0000, 0x0000, 0x0000, 0x0000, 0x0000, 0x0000,
  0x0000, 0x0000, 0x0000, 0x0000, 0x0000, 0x0000, 0x0000, 0x0000, 0x0000, 0x0000, 0x0000, 0x0000,
  0x0000, 0x0000, 0x0000, 0x0000, 0x0000, 0x0000, 0x0000, 0x0000, 0x0000, 0x0000, 0x0000, 0x0000,
  0x0000, 0x0000, 0x0000, 0x0000, 0x0000, 0x0000, 0x0000, 0x0000, 0x0000, 0x0000, 0x0000, 0x0000,
  0x0000, 0x0000, 0x0000, 0x0000, 0x0000, 0x0000, 0x0000, 0x0000, 0x0000, 0x0000, 0x0000, 0x0000,
  0x0000, 0x0000, 0x0000, 0x0000, 0x0000, 0x0000, 0x0000, 0x0000, 0x0000, 0x0000, 0x0000, 0x0000,
  0x0000, 0x0000, 0x0000, 0x0000, 0x0000, 0x0000, 0x0000, 0x0000, 0x0000, 0x0000, 0x0000, 0x0000,
  0x0000, 0x0000, 0x0000, 0x0000, 0x0000, 0x0000, 0x0000, 0x0000, 0x0000, 0x0000, 0x0000, 0x0000,
  0x0000, 0x0000, 0x0000, 0x0000, 0x0000, 0x0000, 0x0000, 0x0000, 0x0000, 0x0000, 0x0000, 0x0000,
  0x0000, 0x0000, 0x0000, 0x0000, 0x0000, 0x0000, 0x0000, 0x0000, 0x0000, 0x0000, 0x0000, 0x0000,
  0x0000, 0x0000, 0x0000, 0x0000, 0x0000, 0x0000, 0x0000, 0x0000, 0x0000, 0x0000, 0x0000, 0x0000,
  0x0000, 0x0000, 0x0000, 0x0000, 0x0000, 0x0000, 0x0000, 0x0000, 0x0000, 0x0000, 0x0000, 0x0000,
  0x0000, 0x0000, 0x0000, 0x0000, 0x0000, 0x0000, 0x0000, 0x0000, 0x0000, 0x0000, 0x0000, 0x0000,
  0x0000, 0x0000, 0x0000, 0x0000, 0x0000, 0x0000, 0x0000, 0x0000, 0x0000, 0x0000, 0x0000, 0x0000,
  0x0000, 0x0000, 0x0000, 0x0000, 0x0000, 0x0000, 0x0000, 0x0000, 0x0000, 0x0000, 0x0000, 0x0000,
  0x0000, 0x0000, 0x0000, 0x0000, 0x0000, 0x0000, 0x0000, 0x0000, 0x0000, 0x0000, 0x0000, 0x0000,
  0x0000, 0x0000, 0x0000, 0x0000, 0x0000, 0x0000, 0x0000, 0x0000, 0x0000, 0x0000, 0x0000, 0x0000,
  0x0000, 0x0000, 0x0000, 0x0000, 0x0000, 0x0000, 0x0000, 0x0000, 0x0000, 0x0000, 0x0000, 0x0000,
  0x0000, 0x0000, 0x0000, 0x0000, 0x0000, 0x0000, 0x0000, 0x0000, 0x0000, 0x0000, 0x0000, 0x0000,
  0x0000, 0x0000, 0x0000, 0x0000, 0x0000, 0x0000, 0x0000, 0x0000, 0x0000, 0x0000, 0x0000, 0x0000,
  0x0000, 0x0000, 0x0000, 0x0000, 0x0000, 0x0000, 0x0000, 0x0000, 0x0000, 0x0000, 0x0000, 0x0000,
  0x0000, 0x0000, 0x0000, 0x0000, 0x0000, 0x0000, 0x0000, 0x0000, 0x0000, 0x0000, 0x0000, 0x0000,
  0x0000, 0x0000, 0x0000, 0x0000, 0x0000, 0x0000, 0x0000, 0x0000, 0x0000, 0x0000, 0x0000, 0x0000,
  0x0000, 0x0000, 0x0000, 0x0000, 0x0000, 0x0000, 0x0000, 0x0000, 0x0000, 0x0000, 0x0000, 0x0000,
  0x0000, 0x0000, 0x0000, 0x0000, 0x0000, 0x0000, 0x0000, 0x0000, 0x0000, 0x0000, 0x0000, 0x0000,
  0x0000, 0x0000, 0x0000, 0x0000, 0x0000, 0x0000, 0x0000, 0x0000, 0x0000, 0x0000, 0x0000, 0x0000,
  0x0000, 0x0000, 0x0000, 0x0000, 0x0000, 0x0000, 0x0000, 0x0000, 0x0000, 0x0000, 0x0000, 0x0000,
  0x0000, 0x0000, 0x0000, 0x0000, 0x0000, 0x0000, 0x0000, 0x0000, 0x0000, 0x0000, 0x0000, 0x0000,
  0x0000, 0x0000, 0x0000, 0x0000, 0x0000, 0x0000, 0x0000, 0x0000, 0x0000, 0x0000, 0x0000, 0x0000,
  0x0000, 0x0000, 0x0000, 0x0000, 0x0000, 0x0000, 0x0000, 0x0000, 0x0000, 0x0000, 0x0000, 0x0000,
  0x0000, 0x0000, 0x0000, 0x0000, 0x0000, 0x0000, 0x0000, 0x0000, 0x0000, 0x0000, 0x0000, 0x0000,
  0x0000, 0x0000, 0x0000, 0x0000, 0x0000, 0x0000, 0x0000, 0x0000, 0x0000, 0x0000, 0x0000, 0x0000,
  0x0000, 0x0000, 0x0000, 0x0000, 0x0000, 0x0000, 0x0000, 0x0000, 0x0000, 0x0000, 0x0000, 0x0000,
  0x0000, 0x0000, 0x0000, 0x0000, 0x0000, 0x0000, 0x0000, 0x0000, 0x0000, 0x0000, 0x0000, 0x0000,
  0x0000, 0x0000, 0x0000, 0x0000, 0x0000, 0x0000, 0x0000, 0x0000, 0x0000, 0x0000, 0x0000, 0x0000,
  0x0000, 0x0000, 0x0000, 0x0000, 0x0000, 0x0000, 0x0000, 0x0000, 0x0000, 0x0000, 0x0000, 0x0000,
  0x0000, 0x0000, 0x0000, 0x0000, 0x0000, 0x0000, 0x0000, 0x0000, 0x0000, 0x0000, 0x0000, 0x0000,
  0x0000, 0x0000, 0x0000, 0x0000, 0x0000, 0x0000, 0x0000, 0x0000, 0x0000, 0x0000, 0x0000, 0x0000,
  0x0000, 0x0000, 0x0000, 0x0000, 0x0000, 0x0000, 0x0000, 0x0000, 0x0000, 0x0000, 0x0000, 0x0000,
  0x0000, 0x0000, 0x0000, 0x0000, 0x0000, 0x0000, 0x0000, 0x0000, 0x0000, 0x0000, 0x0000, 0x0000,
  0x0000, 0x0000, 0x0000, 0x0000, 0x0000, 0x0000, 0x0000, 0x0000, 0x0000, 0x0000, 0x0000, 0x0000,
  0x0000, 0x0000, 0x0000, 0x0000, 0x0000, 0x0000, 0x0000, 0x0000, 0x0000, 0x0000, 0x0000, 0x0000,
  0x0000, 0x0000, 0x0000, 0x0000, 0x0000, 0x0000, 0x0000, 0x0000, 0x0000, 0x0000, 0x0000, 0x0000,
  0x0000, 0x0000, 0x0000, 0x0000, 0x0000, 0x0000, 0x0000, 0x0000, 0x0000, 0x0000, 0x0000, 0x0000,
  0x0000, 0x0000, 0x0000, 0x0000, 0x0000, 0x0000, 0x0000, 0x0000, 0x0000, 0x0000, 0x0000, 0x0000,
  0x0000, 0x0000, 0x0000, 0x0000, 0x0000, 0x0000, 0x0000, 0x0000, 0x0000, 0x0000, 0x0000, 0x0000,
  0x0000, 0x0000, 0x0000, 0x0000, 0x0000, 0x0000, 0x0000, 0x0000, 0x0000, 0x0000, 0x0000, 0x0000,
  0x0000, 0x0000, 0x0000, 0x0000, 0x0000, 0x0000, 0x0000, 0x0000, 0x0000, 0x0000, 0x0000, 0x0000,
  0x0000, 0x0000, 0x0000, 0x0000, 0x0000, 0x0000, 0x0000, 0x0000, 0x0000, 0x0000, 0x0000, 0x0000,
  0x0000, 0x0000, 0x0000, 0x0000, 0x0000, 0x0000, 0x0000, 0x0000, 0x0000, 0x0000, 0x0000, 0x0000,
  0x0000, 0x0000, 0x0000, 0x0000, 0x0000, 0x0000, 0x0000, 0x0000, 0x0000, 0x0000, 0x0000, 0x0000,
  0x0000, 0x0000, 0x0000, 0x0000, 0x0000, 0x0000, 0x0000, 0x0000, 0x0000, 0x0000, 0x0000, 0x0000,
  0x0000, 0x0000, 0x0000, 0x0000, 0x0000, 0x0000, 0x0000, 0x0000, 0x0000, 0x0000, 0x0000, 0x0000,
  0x0000, 0x0000, 0x0000, 0x0000, 0x0000, 0x0000, 0x0000, 0x0000, 0x0000, 0x0000, 0x0000, 0x0000,
  0x0000, 0x0000, 0x0000, 0x0000, 0x0000, 0x0000, 0x0000, 0x0000, 0x0000, 0x0000, 0x0000, 0x0000,
  0x0000, 0x0000, 0x0000, 0x0000, 0x0000, 0x0000, 0x0000, 0x0000, 0x0000, 0x0000, 0x0000, 0x0000,
  0x0000, 0x0000, 0x0000, 0x0000, 0x0000, 0x0000, 0x0000, 0x0000, 0x0000, 0x0000, 0x0000, 0x0000,
  0x0000, 0x0000, 0x0000, 0x0000, 0x0000, 0x0000, 0x0000, 0x0000, 0x0000, 0x0000, 0x0000, 0x0000,
  0x0000, 0x0000, 0x0000, 0x0000, 0x0000, 0x0000, 0x0000, 0x0000, 0x0000, 0x0000, 0x0000, 0x0000,
  0x0000, 0x0000, 0x0000, 0x0000, 0x0000, 0x0000, 0x0000, 0x0000, 0x0000, 0x0000, 0x0000, 0x0000,
  0x0000, 0x0000, 0x0000, 0x0000, 0x0000, 0x0000, 0x0000, 0x0000, 0x0000, 0x0000, 0x0000, 0x0000,
  0x0000, 0x0000, 0x0000, 0x0000, 0x0000, 0x0000, 0x0000, 0x0000, 0x0000, 0x0000, 0x0000, 0x0000,
  0x0000, 0x0000, 0x0000, 0x0000, 0x0000, 0x0000, 0x0000, 0x0000, 0x0000, 0x0000, 0x0000, 0x0000,
  0x0000, 0x0000, 0x0000, 0x0000, 0x0000, 0x0000, 0x0000, 0x0000, 0x0000, 0x0000, 0x0000, 0x0000,
  0x0000, 0x0000, 0x0000, 0x0000, 0x0000, 0x0000, 0x0000, 0x0000, 0x0000, 0x0000, 0x0000, 0x0000,
  0x0000, 0x0000, 0x0000, 0x0000, 0x0000, 0x0000, 0x0000, 0x0000, 0x0000, 0x0000, 0x0000, 0x0000,
  0x0000, 0x0000, 0x0000, 0x0000, 0x0000, 0x0000, 0x0000, 0x0000, 0x0000, 0x0000, 0x0000, 0x0000,
  0x0000, 0x0000, 0x0000, 0x0000, 0x0000, 0x0000, 0x0000, 0x0000, 0x0000, 0x0000, 0x0000, 0x0000,
  0x0000, 0x0000, 0x0000, 0x0000, 0x0000, 0x0000, 0x0000, 0x0000, 0x0000, 0x0000, 0x0000, 0x0000,
  0x0000, 0x0000, 0x0000, 0x0000, 0x0000, 0x0000, 0x0000, 0x0000, 0x0000, 0x0000, 0x0000, 0x0000,
  0x0000, 0x0000, 0x0000, 0x0000, 0x0000, 0x0000, 0x0000, 0x0000, 0x0000, 0x0000, 0x0000, 0x0000,
  0x0000, 0x0000, 0x0000, 0x0000, 0x0000, 0x0000, 0x0000, 0x0000, 0x0000, 0x0000, 0x0000, 0x0000,
  0x0000, 0x0000, 0x0000, 0x0000, 0x0000, 0x0000, 0x0000, 0x0000, 0x0000, 0x0000, 0x0000, 0x0000,
  0x0000, 0x0000, 0x0000, 0x0000, 0x0000, 0x0000, 0x0000, 0x0000, 0x0000, 0x0000, 0x0000, 0x0000,
  0x0000, 0x0000, 0x0000, 0x0000, 0x0000, 0x0000, 0x0000, 0x0000, 0x0000, 0x0000, 0x0000, 0x0000,
  0x0000, 0x0000, 0x0000, 0x0000, 0x0000, 0x0000, 0x0000, 0x0000, 0x0000, 0x0000, 0x0000, 0x0000,
  0x0000, 0x0000, 0x0000, 0x0000, 0x0000, 0x0000, 0x0000, 0x0000, 0x0000, 0x0000, 0x0000, 0x0000,
  0x0000, 0x0000, 0x0000, 0x0000, 0x0000, 0x0000, 0x0000, 0x0000, 0x0000, 0x0000, 0x0000, 0x0000,
  0x0000, 0x0000, 0x0000, 0x0000, 0x0000, 0x0000, 0x0000, 0x0000, 0x0000, 0x0000, 0x0000, 0x0000,
  0x0000, 0x0000, 0x0000, 0x0000, 0x0000, 0x0000, 0x0000, 0x0000, 0x0000, 0x0000, 0x0000, 0x0000,
  0x0000, 0x0000, 0x0000, 0x0000, 0x0000, 0x0000, 0x0000, 0x0000, 0x0000, 0x0000, 0x0000, 0x0000,
  0x0000, 0x0000, 0x0000, 0x0000, 0x0000, 0x0000, 0x0000, 0x0000, 0x0000, 0x0000, 0x0000, 0x0000,
  0x0000, 0x0000, 0x0000, 0x0000, 0x0000, 0x0000, 0x0000, 0x0000, 0x0000, 0x0000, 0x0000, 0x0000,
  0x0000, 0x0000, 0x0000, 0x0000, 0x0000, 0x0000, 0x0000, 0x0000, 0x0000, 0x0000, 0x0000, 0x0000,
  0x0000, 0x0000, 0x0000, 0x0000, 0x0000, 0x0000, 0x0000, 0x0000, 0x0000, 0x0000, 0x0000, 0x0000,
  0x0000, 0x0000, 0x0000, 0x0000, 0x0000, 0x0000, 0x0000, 0x0000, 0x0000, 0x0000, 0x0000, 0x0000,
  0x0000, 0x0000, 0x0000, 0x0000, 0x0000, 0x0000, 0x0000, 0x0000, 0x0000, 0x0000, 0x0000, 0x0000,
  0x0000, 0x0000, 0x0000, 0x0000, 0x0000, 0x0000, 0x0000, 0x0000, 0x0000, 0x0000, 0x0000, 0x0000,
  0x0000, 0x0000, 0x0000, 0x0000, 0x0000, 0x0000, 0x0000, 0x0000, 0x0000, 0x0000, 0x0000, 0x0000,
  0x0000, 0x0000, 0x0000, 0x0000, 0x0000, 0x0000, 0x0000, 0x0000, 0x0000, 0x0000, 0x0000, 0x0000,
  0x0000, 0x0000, 0x0000, 0x0000, 0x0000, 0x0000, 0x0000, 0x0000, 0x0000, 0x0000, 0x0000, 0x0000,
  0x0000, 0x0000, 0x0000, 0x0000, 0x0000, 0x0000, 0x0000, 0x0000, 0x0000, 0x0000, 0x0000, 0x0000,
  0x0000, 0x0000, 0x0000, 0x0000, 0x0000, 0x0000, 0x0000, 0x0000, 0x0000, 0x0000, 0x0000, 0x0000,
  0x0000, 0x0000, 0x0000, 0x0000, 0x0000, 0x0000, 0x0000, 0x0000, 0x0000, 0x0000, 0x0000, 0x0000,
  0x0000, 0x0000, 0x0000, 0x0000, 0x0000, 0x0000, 0x0000, 0x0000, 0x0000, 0x0000, 0x0000, 0x0000,
  0x0000, 0x0000, 0x0000, 0x0000, 0x0000, 0x0000, 0x0000, 0x0000, 0x0000, 0x0000, 0x0000, 0x0000,
  0x0000, 0x0000, 0x0000, 0x0000, 0x0000, 0x0000, 0x0000, 0x0000, 0x0000, 0x0000, 0x0000, 0x0000,
  0x0000, 0x0000, 0x0000, 0x0000, 0x0000, 0x0000, 0x0000, 0x0000, 0x0000, 0x0000, 0x0000, 0x0000,
  0x0000, 0x0000, 0x0000, 0x0000, 0x0000, 0x0000, 0x0000, 0x0000, 0x0000, 0x0000, 0x0000, 0x0000,
  0x0000, 0x0000, 0x0000, 0x0000, 0x0000, 0x0000, 0x0000, 0x0000, 0x0000, 0x0000, 0x0000, 0x0000,
  0x0000, 0x0000, 0x0000, 0x0000, 0x0000, 0x0000, 0x0000, 0x0000, 0x0000, 0x0000, 0x0000, 0x0000,
  0x0000, 0x0000, 0x0000, 0x0000, 0x0000, 0x0000, 0x0000, 0x0000, 0x0000, 0x0000, 0x0000, 0x0000,
  0x0000, 0x0000, 0x0000, 0x0000, 0x0000, 0x0000, 0x0000, 0x0000, 0x0000, 0x0000, 0x0000, 0x0000,
  0x0000, 0x0000, 0x0000, 0x0000, 0x0000, 0x0000, 0x0000, 0x0000, 0x0000, 0x0000, 0x0000, 0x0000,
  0x0000, 0x0000, 0x0000, 0x0000, 0x0000, 0x0000, 0x0000, 0x0000, 0x0000, 0x0000, 0x0000, 0x0000,
  0x0000, 0x0000, 0x0000, 0x0000, 0x0000, 0x0000, 0x0000, 0x0000, 0x0000, 0x0000, 0x0000, 0x0000,
  0x0000, 0x0000, 0x0000, 0x0000, 0x0000, 0x0000, 0x0000, 0x0000, 0x0000, 0x0000, 0x0000, 0x0000,
  0x0000, 0x0000, 0x0000, 0x0000, 0x0000, 0x0000, 0x0000, 0x0000, 0x0000, 0x0000, 0x0000, 0x0000,
  0x0000, 0x0000, 0x0000, 0x0000, 0x0000, 0x0000, 0x0000, 0x0000, 0x0000, 0x0000, 0x0000, 0x0000,
  0x0000, 0x0000, 0x0000, 0x0000, 0x0000, 0x0000, 0x0000, 0x0000, 0x0000, 0x0000, 0x0000, 0x0000,
  0x0000, 0x0000, 0x0000, 0x0000, 0x0000, 0x0000, 0x0000, 0x0000, 0x0000, 0x0000, 0x0000, 0x0000,
  0x0000, 0x0000, 0x0000, 0x0000, 0x0000, 0x0000, 0x0000, 0x0000, 0x0000, 0x0000, 0x0000, 0x0000,
  0x0000, 0x0000, 0x0000, 0x0000, 0x0000, 0x0000, 0x0000, 0x0000, 0x0000, 0x0000, 0x0000, 0x0000,
  0x0000, 0x0000, 0x0000, 0x0000, 0x0000, 0x0000, 0x0000, 0x0000, 0x0000, 0x0000, 0x0000, 0x0000,
  0x0000, 0x0000, 0x0000, 0x0000, 0x0000, 0x0000, 0x0000, 0x0000, 0x0000, 0x0000, 0x0000, 0x0000,
  0x0000, 0x0000, 0x0000, 0x0000, 0x0000, 0x0000, 0x0000, 0x0000, 0x0000, 0x0000, 0x0000, 0x0000,
  0x0000, 0x0000, 0x0000, 0x0000, 0x0000, 0x0000, 0x0000, 0x0000, 0x0000, 0x0000, 0x0000, 0x0000,
  0x0000, 0x0000, 0x0000, 0x0000, 0x0000, 0x0000, 0x0000, 0x0000, 0x0000, 0x0000, 0x0000, 0x0000,
  0x0000, 0x0000, 0x0000, 0x0000, 0x0000, 0x0000, 0x0000, 0x0000, 0x0000, 0x0000, 0x0000, 0x0000,
  0x0000, 0x0000, 0x0000, 0x0000, 0x0000, 0x0000, 0x0000, 0x0000, 0x0000, 0x0000, 0x0000, 0x0000,
  0x0000, 0x0000, 0x0000, 0x0000, 0x0000, 0x0000, 0x0000, 0x0000, 0x0000, 0x0000, 0x0000, 0x0000,
  0x0000, 0x0000, 0x0000, 0x0000, 0x0000, 0x0000, 0x0000, 0x0000, 0x0000, 0x0000, 0x0000, 0x0000,
  0x0000, 0x0000, 0x0000, 0x0000, 0x0000, 0x0000, 0x0000, 0x0000, 0x0000, 0x0000, 0x0000, 0x0000,
  0x0000, 0x0000, 0x0000, 0x0000, 0x0000, 0x0000, 0x0000, 0x0000, 0x0000, 0x0000, 0x0000, 0x0000,
  0x0000, 0x0000, 0x0000, 0x0000, 0x0000, 0x0000, 0x0000, 0x0000, 0x0000, 0x0000, 0x0000, 0x0000,
  0x0000, 0x0000, 0x0000, 0x0000, 0x0000, 0x0000, 0x0000, 0x0000, 0x0000, 0x0000, 0x0000, 0x0000,
  0x0000, 0x0000, 0x0000, 0x0000, 0x0000, 0x0000, 0x0000, 0x0000, 0x0000, 0x0000, 0x0000, 0x0000,
  0x0000, 0x0000, 0x0000, 0x0000, 0x0000, 0x0000, 0x0000, 0x0000, 0x0000, 0x0000, 0x0000, 0x0000,
  0x0000, 0x0000, 0x0000, 0x0000, 0x0000, 0x0000, 0x0000, 0x0000, 0x0000, 0x0000, 0x0000, 0x0000,
  0x0000, 0x0000, 0x0000, 0x0000, 0x0000, 0x0000, 0x0000, 0x0000, 0x0000, 0x0000, 0x0000, 0x0000,
  0x0000, 0x0000, 0x0000, 0x0000, 0x0000, 0x0000, 0x0000, 0x0000, 0x0000, 0x0000, 0x0000, 0x0000,
  0x0000, 0x0000, 0x0000, 0x0000, 0x0000, 0x0000, 0x0000, 0x0000, 0x0000, 0x0000, 0x0000, 0x0000,
  0x0000, 0x0000, 0x0000, 0x0000, 0x0000, 0x0000, 0x0000, 0x0000, 0x0000, 0x0000, 0x0000, 0x0000,
  0x0000, 0x0000, 0x0000, 0x0000, 0x0000, 0x0000, 0x0000, 0x0000, 0x0000, 0x0000, 0x0000, 0x0000,
  0x0000, 0x0000, 0x0000, 0x0000, 0x0000, 0x0000, 0x0000, 0x0000, 0x0000, 0x0000, 0x0000, 0x0000,
  0x0000, 0x0000, 0x0000, 0x0000, 0x0000, 0x0000, 0x0000, 0x0000, 0x0000, 0x0000, 0x0000, 0x0000,
  0x0000, 0x0000, 0x0000, 0x0000, 0x0000, 0x0000, 0x0000, 0x0000, 0x0000, 0x0000, 0x0000, 0x0000,
  0x0000, 0x0000, 0x0000, 0x0000, 0x0000, 0x0000, 0x0000, 0x0000, 0x0000, 0x0000, 0x0000, 0x0000,
  0x0000, 0x0000, 0x0000, 0x0000, 0x0000, 0x0000, 0x0000, 0x0000, 0x0000, 0x0000, 0x0000, 0x0000,
  0x0000, 0x0000, 0x0000, 0x0000, 0x0000, 0x0000, 0x0000, 0x0000, 0x0000, 0x0000, 0x0000, 0x0000,
  0x0000, 0x0000, 0x0000, 0x0000, 0x0000, 0x0000, 0x0000, 0x0000, 0x0000, 0x0000, 0x0000, 0x0000,
  0x0000, 0x0000, 0x0000, 0x0000, 0x0000, 0x0000, 0x0000, 0x0000, 0x0000, 0x0000, 0x0000, 0x0000,
  0x0000, 0x0000, 0x0000, 0x0000, 0x0000, 0x0000, 0x0000, 0x0000, 0x0000, 0x0000, 0x0000, 0x0000,
  0x0000, 0x0000, 0x0000, 0x0000, 0x0000, 0x0000, 0x0000, 0x0000, 0x0000, 0x0000, 0x0000, 0x0000,
  0x0000, 0x0000, 0x0000, 0x0000, 0x0000, 0x0000, 0x0000, 0x0000, 0x0000, 0x0000, 0x0000, 0x0000,
  0x0000, 0x0000, 0x0000, 0x0000, 0x0000, 0x0000, 0x0000, 0x0000, 0x0000, 0x0000, 0x0000, 0x0000,
  0x0000, 0x0000, 0x0000, 0x0000, 0x0000, 0x0000, 0x0000, 0x0000, 0x0000, 0x0000, 0x0000, 0x0000,
  0x0000, 0x0000, 0x0000, 0x0000, 0x0000, 0x0000, 0x0000, 0x0000, 0x0000, 0x0000, 0x0000, 0x0000,
  0x0000, 0x0000, 0x0000, 0x0000, 0x0000, 0x0000, 0x0000, 0x0000, 0x0000, 0x0000, 0x0000, 0x0000,
  0x0000, 0x0000, 0x0000, 0x0000, 0x0000, 0x0000, 0x0000, 0x0000, 0x0000, 0x0000, 0x0000, 0x0000,
  0x0000, 0x0000, 0x0000, 0x0000, 0x0000, 0x0000, 0x0000, 0x0000, 0x0000, 0x0000, 0x0000, 0x0000,
  0x0000, 0x0000, 0x0000, 0x0000, 0x0000, 0x0000, 0x0000, 0x0000, 0x0000, 0x0000, 0x0000, 0x0000,
  0x0000, 0x0000, 0x0000, 0x0000, 0x0000, 0x0000, 0x0000, 0x0000, 0x0000, 0x0000, 0x0000, 0x0000,
  0x0000, 0x0000, 0x0000, 0x0000, 0x0000, 0x0000, 0x0000, 0x0000, 0x0000, 0x0000, 0x0000, 0x0000,
  0x0000, 0x0000, 0x0000, 0x0000, 0x0000, 0x0000, 0x0000, 0x0000, 0x0000, 0x0000, 0x0000, 0x0000,
  0x0000, 0x0000, 0x0000, 0x0000, 0x0000, 0x0000, 0x0000, 0x0000, 0x0000, 0x0000, 0x0000, 0x0000,
  0x0000, 0x0000, 0x0000, 0x0000, 0x0000, 0x0000, 0x0000, 0x0000, 0x0000, 0x0000, 0x0000, 0x0000,
  0x0000, 0x0000, 0x0000, 0x0000, 0x0000, 0x0000, 0x0000, 0x0000, 0x0000, 0x0000, 0x0000, 0x0000,
  0x0000, 0x0000, 0x0000, 0x0000, 0x0000, 0x0000, 0x0000, 0x0000, 0x0000, 0x0000, 0x0000, 0x0000,
  0x0000, 0x0000, 0x0000, 0x0000, 0x0000, 0x0000, 0x0000, 0x0000, 0x0000, 0x0000, 0x0000, 0x0000,
  0x0000, 0x0000, 0x0000, 0x0000, 0x0000, 0x0000, 0x0000, 0x0000, 0x0000, 0x0000, 0x0000, 0x0000,
  0x0000, 0x0000, 0x0000, 0x0000, 0x0000, 0x0000, 0x0000, 0x0000, 0x0000, 0x0000, 0x0000, 0x0000,
  0x0000, 0x0000, 0x0000, 0x0000, 0x0000, 0x0000, 0x0000, 0x0000, 0x0000, 0x0000, 0x0000, 0x0000,
  0x0000, 0x0000, 0x0000, 0x0000, 0x0000, 0x0000, 0x0000, 0x0000, 0x0000, 0x0000, 0x0000, 0x0000,
  0x0000, 0x0000, 0x0000, 0x0000, 0x0000, 0x0000, 0x0000, 0x0000, 0x0000, 0x0000, 0x0000, 0x0000,
  0x0000, 0x0000, 0x0000, 0x0000, 0x0000, 0x0000, 0x0000, 0x0000, 0x0000, 0x0000, 0x0000, 0x0000,
  0x0000, 0x0000, 0x0000, 0x0000, 0x0000, 0x0000, 0x0000, 0x0000, 0x0000, 0x0000, 0x0000, 0x0000,
  0x0000, 0x0000, 0x0000, 0x0000, 0x0000, 0x0000, 0x0000, 0x0000, 0x0000, 0x0000, 0x0000, 0x0000,
  0x0000, 0x0000, 0x0000, 0x0000, 0x0000, 0x0000, 0x0000, 0x0000, 0x0000, 0x0000, 0x0000, 0x0000,
  0x0000, 0x0000, 0x0000, 0x0000, 0x0000, 0x0000, 0x0000, 0x0000, 0x0000, 0x0000, 0x0000, 0x0000,
  0x0000, 0x0000, 0x0000, 0x0000, 0x0000, 0x0000, 0x0000, 0x0000, 0x0000, 0x0000, 0x0000, 0x0000,
  0x0000, 0x0000, 0x0000, 0x0000, 0x0000, 0x0000, 0x0000, 0x0000, 0x0000, 0x0000, 0x0000, 0x0000,
  0x0000, 0x0000, 0x0000, 0x0000, 0x0000, 0x0000, 0x0000, 0x0000, 0x0000, 0x0000, 0x0000, 0x0000,
  0x0000, 0x0000, 0x0000, 0x0000, 0x0000, 0x0000, 0x0000, 0x0000, 0x0000, 0x0000, 0x0000, 0x0000,
  0x0000, 0x0000, 0x0000, 0x0000, 0x0000, 0x0000, 0x0000, 0x0000, 0x0000, 0x0000, 0x0000, 0x0000,
  0x0000, 0x0000, 0x0000, 0x0000, 0x0000, 0x0000, 0x0000, 0x0000, 0x0000, 0x0000, 0x0000, 0x0000,
  0x0000, 0x0000, 0x0000, 0x0000, 0x0000, 0x0000, 0x0000, 0x0000, 0x0000, 0x0000, 0x0000, 0x0000,
  0x0000, 0x0000, 0x0000, 0x0000, 0x0000, 0x0000, 0x0000, 0x0000, 0x0000, 0x0000, 0x0000, 0x0000,
  0x0000, 0x0000, 0x0000, 0x0000, 0x0000, 0x0000, 0x0000, 0x0000, 0x0000, 0x0000, 0x0000, 0x0000,
  0x0000, 0x0000, 0x0000, 0x0000, 0x0000, 0x0000, 0x0000, 0x0000, 0x0000, 0x0000, 0x0000, 0x0000,
  0x0000, 0x0000, 0x0000, 0x0000, 0x0000, 0x0000, 0x0000, 0x0000, 0x0000, 0x0000, 0x0000, 0x0000,
  0x0000, 0x0000, 0x0000, 0x0000, 0x0000, 0x0000, 0x0000, 0x0000, 0x0000, 0x0000, 0x0000, 0x0000,
  0x0000, 0x0000, 0x0000, 0x0000, 0x0000, 0x0000, 0x0000, 0x0000, 0x0000, 0x0000, 0x0000, 0x0000,
  0x0000, 0x0000, 0x0000, 0x0000, 0x0000, 0x0000, 0x0000, 0x0000, 0x0000, 0x0000, 0x0000, 0x0000,
  0x0000, 0x0000, 0x0000, 0x0000, 0x0000, 0x0000, 0x0000, 0x0000, 0x0000, 0x0000, 0x0000, 0x0000,
  0x0000, 0x0000, 0x0000, 0x0000, 0x0000, 0x0000, 0x0000, 0x0000, 0x0000, 0x0000, 0x0000, 0x0000,
  0x0000, 0x0000, 0x0000, 0x0000, 0x0000, 0x0000, 0x0000, 0x0000, 0x0000, 0x0000, 0x0000, 0x0000,
  0x0000, 0x0000, 0x0000, 0x0000, 0x0000, 0x0000, 0x0000, 0x0000, 0x0000, 0x0000, 0x0000, 0x0000,
  0x0000, 0x0000, 0x0000, 0x0000, 0x0000, 0x0000, 0x0000, 0x0000, 0x0000, 0x0000, 0x0000, 0x0000,
  0x0000, 0x0000, 0x0000, 0x0000, 0x0000, 0x0000, 0x0000, 0x0000, 0x0000, 0x0000, 0x0000, 0x0000,
  0x0000, 0x0000, 0x0000, 0x0000, 0x0000, 0x0000, 0x0000, 0x0000, 0x0000, 0x0000, 0x0000, 0x0000,
  0x0000, 0x0000, 0x0000, 0x0000, 0x0000, 0x0000, 0x0000, 0x0000, 0x0000, 0x0000, 0x0000, 0x0000,
  0x0000, 0x0000, 0x0000, 0x0000, 0x0000, 0x0000, 0x0000, 0x0000, 0x0000, 0x0000, 0x0000, 0x0000,
  0x0000, 0x0000, 0x0000, 0x0000, 0x0000, 0x0000, 0x0000, 0x0000, 0x0000, 0x0000, 0x0000, 0x0000,
  0x0000, 0x0000, 0x0000, 0x0000, 0x0000, 0x0000, 0x0000, 0x0000, 0x0000, 0x0000, 0x0000, 0x0000,
  0x0000, 0x0000, 0x0000, 0x0000, 0x0000, 0x0000, 0x0000, 0x0000, 0x0000, 0x0000, 0x0000, 0x0000,
  0x0000, 0x0000, 0x0000, 0x0000, 0x0000, 0x0000, 0x0000, 0x0000, 0x0000, 0x0000, 0x0000, 0x0000,
  0x0000, 0x0000, 0x0000, 0x0000, 0x0000, 0x0000, 0x0000, 0x0000, 0x0000, 0x0000, 0x0000, 0x0000,
  0x0000, 0x0000, 0x0000, 0x0000, 0x0000, 0x0000, 0x0000, 0x0000, 0x0000, 0x0000, 0x0000, 0x0000,
  0x0000, 0x0000, 0x0000, 0x0000, 0x0000, 0x0000, 0x0000, 0x0000, 0x0000, 0x0000, 0x0000, 0x0000,
  0x0000, 0x0000, 0x0000, 0x0000, 0x0000, 0x0000, 0x0000, 0x0000, 0x0000, 0x0000, 0x0000, 0x0000,
  0x0000, 0x0000, 0x0000, 0x0000, 0x0000, 0x0000, 0x0000, 0x0000, 0x0000, 0x0000, 0x0000, 0x0000,
  0x0000, 0x0000, 0x0000, 0x0000, 0x0000, 0x0000, 0x0000, 0x0000, 0x0000, 0x0000, 0x0000, 0x0000,
  0x0000, 0x0000, 0x0000, 0x0000, 0x0000, 0x0000, 0x0000, 0x0000, 0x0000, 0x0000, 0x0000, 0x0000,
  0x0000, 0x0000, 0x0000, 0x0000, 0x0000, 0x0000, 0x0000, 0x0000, 0x0000, 0x0000, 0x0000, 0x0000,
  0x0000, 0x0000, 0x0000, 0x0000, 0x0000, 0x0000, 0x0000, 0x0000, 0x0000, 0x0000, 0x0000, 0x0000,
  0x0000, 0x0000, 0x0000, 0x0000, 0x0000, 0x0000, 0x0000, 0x0000, 0x0000, 0x0000, 0x0000, 0x0000,
  0x0000, 0x0000, 0x0000, 0x0000, 0x0000, 0x0000, 0x0000, 0x0000, 0x0000, 0x0000, 0x0000, 0x0000,
  0x0000, 0x0000, 0x0000, 0x0000, 0x0000, 0x0000, 0x0000, 0x0000, 0x0000, 0x0000, 0x0000, 0x0000,
  0x0000, 0x0000, 0x0000, 0x0000, 0x0000, 0x0000, 0x0000, 0x0000, 0x0000, 0x0000, 0x0000, 0x0000,
  0x0000, 0x0000, 0x0000, 0x0000, 0x0000, 0x0000, 0x0000, 0x0000, 0x0000, 0x0000, 0x0000, 0x0000,
  0x0000, 0x0000, 0x0000, 0x0000, 0x0000, 0x0000, 0x0000, 0x0000, 0x0000, 0x0000, 0x0000, 0x0000,
  0x0000, 0x0000, 0x0000, 0x0000, 0x0000, 0x0000, 0x0000, 0x0000, 0x0000, 0x0000, 0x0000, 0x0000,
  0x0000, 0x0000, 0x0000, 0x0000, 0x0000, 0x0000, 0x0000, 0x0000, 0x0000, 0x0000, 0x0000, 0x0000,
  0x0000, 0x0000, 0x0000, 0x0000, 0x0000, 0x0000, 0x0000, 0x0000, 0x0000, 0x0000, 0x0000, 0x0000,
  0x0000, 0x0000, 0x0000, 0x0000, 0x0000, 0x0000, 0x0000, 0x0000, 0x0000, 0x0000, 0x0000, 0x0000,
  0x0000, 0x0000, 0x0000, 0x0000, 0x0000, 0x0000, 0x0000, 0x0000, 0x0000, 0x0000, 0x0000, 0x0000,
  0x0000, 0x0000, 0x0000, 0x0000, 0x0000, 0x0000, 0x0000, 0x0000, 0x0000, 0x0000, 0x0000, 0x0000,
  0x0000, 0x0000, 0x0000, 0x0000, 0x0000, 0x0000, 0x0000, 0x0000, 0x0000, 0x0000, 0x0000, 0x0000,
  0x0000, 0x0000, 0x0000, 0x0000, 0x0000, 0x0000, 0x0000, 0x0000, 0x0000, 0x0000, 0x0000, 0x0000,
  0x0000, 0x0000, 0x0000, 0x0000, 0x0000, 0x0000, 0x0000, 0x0000, 0x0000, 0x0000, 0x0000, 0x0000,
  0x0000, 0x0000, 0x0000, 0x0000, 0x0000, 0x0000, 0x0000, 0x0000, 0x0000, 0x0000, 0x0000, 0x0000,
  0x0000, 0x0000, 0x0000, 0x0000, 0x0000, 0x0000, 0x0000, 0x0000, 0x0000, 0x0000, 0x0000, 0x0000,
  0x0000, 0x0000, 0x0000, 0x0000, 0x0000, 0x0000, 0x0000, 0x0000, 0x0000, 0x0000, 0x0000, 0x0000,
  0x0000, 0x0000, 0x0000, 0x0000, 0x0000, 0x0000, 0x0000, 0x0000, 0x0000, 0x0000, 0x0000, 0x0000,
  0x0000, 0x0000, 0x0000, 0x0000, 0x0000, 0x0000, 0x0000, 0x0000, 0x0000, 0x0000, 0x0000, 0x0000,
  0x0000, 0x0000, 0x0000, 0x0000, 0x0000, 0x0000, 0x0000, 0x0000, 0x0000, 0x0000, 0x0000, 0x0000,
  0x0000, 0x0000, 0x0000, 0x0000, 0x0000, 0x0000, 0x0000, 0x0000, 0x0000, 0x0000, 0x0000, 0x0000,
  0x0000, 0x0000, 0x0000, 0x0000, 0x0000, 0x0000, 0x0000, 0x0000, 0x0000, 0x0000, 0x0000, 0x0000,
  0x0000, 0x0000, 0x0000, 0x0000, 0x0000, 0x0000, 0x0000, 0x0000, 0x0000, 0x0000, 0x0000, 0x0000,
  0x0000, 0x0000, 0x0000, 0x0000, 0x0000, 0x0000, 0x0000, 0x0000, 0x0000, 0x0000, 0x0000, 0x0000,
  0x0000, 0x0000, 0x0000, 0x0000, 0x0000, 0x0000, 0x0000, 0x0000, 0x0000, 0x0000, 0x0000, 0x0000,
  0x0000, 0x0000, 0x0000, 0x0000, 0x0000, 0x0000, 0x0000, 0x0000, 0x0000, 0x0000, 0x0000, 0x0000,
  0x0000, 0x0000, 0x0000, 0x0000, 0x0000, 0x0000, 0x0000, 0x0000, 0x0000, 0x0000, 0x0000, 0x0000,
  0x0000, 0x0000, 0x0000, 0x0000, 0x0000, 0x0000, 0x0000, 0x0000, 0x0000, 0x0000, 0x0000, 0x0000,
  0x0000, 0x0000, 0x0000, 0x0000, 0x0000, 0x0000, 0x0000, 0x0000, 0x0000, 0x0000, 0x0000, 0x0000,
  0x0000, 0x0000, 0x0000, 0x0000, 0x0000, 0x0000, 0x0000, 0x0000, 0x0000, 0x0000, 0x0000, 0x0000,
  0x0000, 0x0000, 0x0000, 0x0000, 0x0000, 0x0000, 0x0000, 0x0000, 0x0000, 0x0000, 0x0000, 0x0000,
  0x0000, 0x0000, 0x0000, 0x0000, 0x0000, 0x0000, 0x0000, 0x0000, 0x0000, 0x0000, 0x0000, 0x0000,
  0x0000, 0x0000, 0x0000, 0x0000, 0x0000, 0x0000, 0x0000, 0x0000, 0x0000, 0x0000, 0x0000, 0x0000,
  0x0000, 0x0000, 0x0000, 0x0000, 0x0000, 0x0000, 0x0000, 0x0000, 0x0000, 0x0000, 0x0000, 0x0000,
  0x0000, 0x0000, 0x0000, 0x0000, 0x0000, 0x0000, 0x0000, 0x0000, 0x0000, 0x0000, 0x0000, 0x0000,
  0x0000, 0x0000, 0x0000, 0x0000, 0x0000, 0x0000, 0x0000, 0x0000, 0x0000, 0x0000, 0x0000, 0x0000,
  0x0000, 0x0000, 0x0000, 0x0000, 0x0000, 0x0000, 0x0000, 0x0000, 0x0000, 0x0000, 0x0000, 0x0000,
  0x0000, 0x0000, 0x0000, 0x0000, 0x0000, 0x0000, 0x0000, 0x0000, 0x0000, 0x0000, 0x0000, 0x0000,
  0x0000, 0x0000, 0x0000, 0x0000, 0x0000, 0x0000, 0x0000, 0x0000, 0x0000, 0x0000, 0x0000, 0x0000,
  0x0000, 0x0000, 0x0000, 0x0000, 0x0000, 0x0000, 0x0000, 0x0000, 0x0000, 0x0000, 0x0000, 0x0000,
  0x0000, 0x0000, 0x0000, 0x0000, 0x0000, 0x0000, 0x0000, 0x0000, 0x0000, 0x0000, 0x0000, 0x0000,
  0x0000, 0x0000, 0x0000, 0x0000, 0x0000, 0x0000, 0x0000, 0x0000, 0x0000, 0x0000, 0x0000, 0x0000,
  0x0000, 0x0000, 0x0000, 0x0000, 0x0000, 0x0000, 0x0000, 0x0000, 0x0000, 0x0000, 0x0000, 0x0000,
  0x0000, 0x0000, 0x0000, 0x0000, 0x0000, 0x0000, 0x0000, 0x0000, 0x0000, 0x0000, 0x0000, 0x0000,
  0x0000, 0x0000, 0x0000, 0x0000, 0x0000, 0x0000, 0x0000, 0x0000, 0x0000, 0x0000, 0x0000, 0x0000,
  0x0000, 0x0000, 0x0000, 0x0000, 0x0000, 0x0000, 0x0000, 0x0000, 0x0000, 0x0000, 0x0000, 0x0000,
  0x0000, 0x0000, 0x0000, 0x0000, 0x0000, 0x0000, 0x0000, 0x0000, 0x0000, 0x0000, 0x0000, 0x0000,
  0x0000, 0x0000, 0x0000, 0x0000, 0x0000, 0x0000, 0x0000, 0x0000, 0x0000, 0x0000, 0x0000, 0x0000,
  0x0000, 0x0000, 0x0000, 0x0000, 0x0000, 0x0000, 0x0000, 0x0000, 0x0000, 0x0000, 0x0000, 0x0000,
  0x0000, 0x0000, 0x0000, 0x0000, 0x0000, 0x0000, 0x0000, 0x0000, 0x0000, 0x0000, 0x0000, 0x0000,
  0x0000, 0x0000, 0x0000, 0x0000, 0x0000, 0x0000, 0x0000, 0x0000, 0x0000, 0x0000, 0x0000, 0x0000,
  0x0000, 0x0000, 0x0000, 0x0000, 0x0000, 0x0000, 0x0000, 0x0000, 0x0000, 0x0000, 0x0000, 0x0000,
  0x0000, 0x0000, 0x0000, 0x0000, 0x0000, 0x0000, 0x0000, 0x0000, 0x0000, 0x0000, 0x0000, 0x0000,
  0x0000, 0x0000, 0x0000, 0x0000, 0x0000, 0x0000, 0x0000, 0x0000, 0x0000, 0x0000, 0x0000, 0x0000,
  0x0000, 0x0000, 0x0000, 0x0000, 0x0000, 0x0000, 0x0000, 0x0000, 0x0000, 0x0000, 0x0000, 0x0000,
  0x0000, 0x0000, 0x0000, 0x0000, 0x0000, 0x0000, 0x0000, 0x0000, 0x0000, 0x0000, 0x0000, 0x0000,
  0x0000, 0x0000, 0x0000, 0x0000, 0x0000, 0x0000, 0x0000, 0x0000, 0x0000, 0x0000, 0x0000, 0x0000,
  0x0000, 0x0000, 0x0000, 0x0000, 0x0000, 0x0000, 0x0000, 0x0000, 0x0000, 0x0000, 0x0000, 0x0000,
  0x0000, 0x0000, 0x0000, 0x0000, 0x0000, 0x0000, 0x0000, 0x0000, 0x0000, 0x0000, 0x0000, 0x0000,
  0x0000, 0x0000, 0x0000, 0x0000, 0x0000, 0x0000, 0x0000, 0x0000, 0x0000, 0x0000, 0x0000, 0x0000,
  0x0000, 0x0000, 0x0000, 0x0000, 0x0000, 0x0000, 0x0000, 0x0000, 0x0000, 0x0000, 0x0000, 0x0000,
  0x0000, 0x0000, 0x0000, 0x0000, 0x0000, 0x0000, 0x0000, 0x0000, 0x0000, 0x0000, 0x0000, 0x0000,
  0x0000, 0x0000, 0x0000, 0x0000, 0x0000, 0x0000, 0x0000, 0x0000, 0x0000, 0x0000, 0x0000, 0x0000,
  0x0000, 0x0000, 0x0000, 0x0000, 0x0000, 0x0000, 0x0000, 0x0000, 0x0000, 0x0000, 0x0000, 0x0000,
  0x0000, 0x0000, 0x0000, 0x0000, 0x0000, 0x0000, 0x0000, 0x0000, 0x0000, 0x0000, 0x0000, 0x0000,
  0x0000, 0x0000, 0x0000, 0x0000, 0x0000, 0x0000, 0x0000, 0x0000, 0x0000, 0x0000, 0x0000, 0x0000,
  0x0000, 0x0000, 0x0000, 0x0000, 0x0000, 0x0000, 0x0000, 0x0000, 0x0000, 0x0000, 0x0000, 0x0000,
  0x0000, 0x0000, 0x0000, 0x0000, 0x0000, 0x0000, 0x0000, 0x0000, 0x0000, 0x0000, 0x0000, 0x0000,
  0x0000, 0x0000, 0x0000, 0x0000, 0x0000, 0x0000, 0x0000, 0x0000, 0x0000, 0x0000, 0x0000, 0x0000,
  0x0000, 0x0000, 0x0000, 0x0000, 0x0000, 0x0000, 0x0000, 0x0000, 0x0000, 0x0000, 0x0000, 0x0000,
  0x0000, 0x0000, 0x0000, 0x0000, 0x0000, 0x0000, 0x0000, 0x0000, 0x0000, 0x0000, 0x0000, 0x0000,
  0x0000, 0x0000, 0x0000, 0x0000, 0x0000, 0x0000, 0x0000, 0x0000, 0x0000, 0x0000, 0x0000, 0x0000,
  0x0000, 0x0000, 0x0000, 0x0000, 0x0000, 0x0000, 0x0000, 0x0000, 0x0000, 0x0000, 0x0000, 0x0000,
  0x0000, 0x0000, 0x0000, 0x0000, 0x0000, 0x0000, 0x0000, 0x0000, 0x0000, 0x0000, 0x0000, 0x0000,
  0x0000, 0x0000, 0x0000, 0x0000, 0x0000, 0x0000, 0x0000, 0x0000, 0x0000, 0x0000, 0x0000, 0x0000,
  0x0000, 0x0000, 0x0000, 0x0000, 0x0000, 0x0000, 0x0000, 0x0000, 0x0000, 0x0000, 0x0000, 0x0000,
  0x0000, 0x0000, 0x0000, 0x0000, 0x0000, 0x0000, 0x0000, 0x0000, 0x0000, 0x0000, 0x0000, 0x0000,
  0x0000, 0x0000, 0x0000, 0x0000, 0x0000, 0x0000, 0x0000, 0x0000, 0x0000, 0x0000, 0x0000, 0x0000,
  0x0000, 0x0000, 0x0000, 0x0000, 0x0000, 0x0000, 0x0000, 0x0000, 0x0000, 0x0000, 0x0000, 0x0000,
  0x0000, 0x0000, 0x0000, 0x0000, 0x0000, 0x0000, 0x0000, 0x0000, 0x0000, 0x0000, 0x0000, 0x0000,
  0x0000, 0x0000, 0x0000, 0x0000, 0x0000, 0x0000, 0x0000, 0x0000, 0x0000, 0x0000, 0x0000, 0x0000,
  0x0000, 0x0000, 0x0000, 0x0000, 0x0000, 0x0000, 0x0000, 0x0000, 0x0000, 0x0000, 0x0000, 0x0000,
  0x0000, 0x0000, 0x0000, 0x0000, 0x0000, 0x0000, 0x0000, 0x0000, 0x0000, 0x0000, 0x0000, 0x0000,
  0x0000, 0x0000, 0x0000, 0x0000, 0x0000, 0x0000, 0x0000, 0x0000, 0x0000, 0x0000, 0x0000, 0x0000,
  0x0000, 0x0000, 0x0000, 0x0000, 0x0000, 0x0000, 0x0000, 0x0000, 0x0000, 0x0000, 0x0000, 0x0000,
  0x0000, 0x0000, 0x0000, 0x0000, 0x0000, 0x0000, 0x0000, 0x0000, 0x0000, 0x0000, 0x0000, 0x0000,
  0x0000, 0x0000, 0x0000, 0x0000, 0x0000, 0x0000, 0x0000, 0x0000, 0x0000, 0x0000, 0x0000, 0x0000,
  0x0000, 0x0000, 0x0000, 0x0000, 0x0000, 0x0000, 0x0000, 0x0000, 0x0000, 0x0000, 0x0000, 0x0000,
  0x0000, 0x0000, 0x0000, 0x0000, 0x0000, 0x0000, 0x0000, 0x0000, 0x0000, 0x0000, 0x0000, 0x0000,
  0x0000, 0x0000, 0x0000, 0x0000, 0x0000, 0x0000, 0x0000, 0x0000, 0x0000, 0x0000, 0x0000, 0x0000,
  0x0000, 0x0000, 0x0000, 0x0000, 0x0000, 0x0000, 0x0000, 0x0000, 0x0000, 0x0000, 0x0000, 0x0000,
  0x0000, 0x0000, 0x0000, 0x0000, 0x0000, 0x0000, 0x0000, 0x0000, 0x0000, 0x0000, 0x0000, 0x0000,
  0x0000, 0x0000, 0x0000, 0x0000, 0x0000, 0x0000, 0x0000, 0x0000, 0x0000, 0x0000, 0x0000, 0x0000,
  0x0000, 0x0000, 0x0000, 0x0000, 0x0000, 0x0000, 0x0000, 0x0000, 0x0000, 0x0000, 0x0000, 0x0000,
  0x0000, 0x0000, 0x0000, 0x0000, 0x0000, 0x0000, 0x0000, 0x0000, 0x0000, 0x0000, 0x0000, 0x0000,
  0x0000, 0x0000, 0x0000, 0x0000, 0x0000, 0x0000, 0x0000, 0x0000, 0x0000, 0x0000, 0x0000, 0x0000,
  0x0000, 0x0000, 0x0000, 0x0000, 0x0000, 0x0000, 0x0000, 0x0000, 0x0000, 0x0000, 0x0000, 0x0000,
  0x0000, 0x0000, 0x0000, 0x0000, 0x0000, 0x0000, 0x0000, 0x0000, 0x0000, 0x0000, 0x0000, 0x0000,
  0x0000, 0x0000, 0x0000, 0x0000, 0x0000, 0x0000, 0x0000, 0x0000, 0x0000, 0x0000, 0x0000, 0x0000,
  0x0000, 0x0000, 0x0000, 0x0000, 0x0000, 0x0000, 0x0000, 0x0000, 0x0000, 0x0000, 0x0000, 0x0000,
  0x0000, 0x0000, 0x0000, 0x0000, 0x0000, 0x0000, 0x0000, 0x0000, 0x0000, 0x0000, 0x0000, 0x0000,
  0x0000, 0x0000, 0x0000, 0x0000, 0x0000, 0x0000, 0x0000, 0x0000, 0x0000, 0x0000, 0x0000, 0x0000,
  0x0000, 0x0000, 0x0000, 0x0000, 0x0000, 0x0000, 0x0000, 0x0000, 0x0000, 0x0000, 0x0000, 0x0000,
  0x0000, 0x0000, 0x0000, 0x0000, 0x0000, 0x0000, 0x0000, 0x0000, 0x0000, 0x0000, 0x0000, 0x0000,
  0x0000, 0x0000, 0x0000, 0x0000, 0x0000, 0x0000, 0x0000, 0x0000, 0x0000, 0x0000, 0x0000, 0x0000,
  0x0000, 0x0000, 0x0000, 0x0000, 0x0000, 0x0000, 0x0000, 0x0000, 0x0000, 0x0000, 0x0000, 0x0000,
  0x0000, 0x0000, 0x0000, 0x0000, 0x0000, 0x0000, 0x0000, 0x0000, 0x0000, 0x0000, 0x0000, 0x0000,
  0x0000, 0x0000, 0x0000, 0x0000, 0x0000, 0x0000, 0x0000, 0x0000, 0x0000, 0x0000, 0x0000, 0x0000,
  0x0000, 0x0000, 0x0000, 0x0000, 0x0000, 0x0000, 0x0000, 0x0000, 0x0000, 0x0000, 0x0000, 0x0000,
  0x0000, 0x0000, 0x0000, 0x0000, 0x0000, 0x0000, 0x0000, 0x0000, 0x0000, 0x0000, 0x0000, 0x0000,
  0x0000, 0x0000, 0x0000, 0x0000, 0x0000, 0x0000, 0x0000, 0x0000, 0x0000, 0x0000, 0x0000, 0x0000,
  0x0000, 0x0000, 0x0000, 0x0000,
