// Generated from Assets/GridCity/StreetV3/device/d3-meridian-avenue.png
// SHA-256: 92b2ce4ecb1f5faed96e8945645ac981e9e6a68b3c4377f74ac6273d698062c9
  0x0021, 0x0021, 0x0021, 0x0021, 0x0021, 0x0021, 0x0021, 0x0021, 0x0021, 0x0021, 0x0021, 0x0021,
  0x0021, 0x0021, 0x0021, 0x0021, 0x0021, 0x0021, 0x0021, 0x0021, 0x0021, 0x0021, 0x0021, 0x0021,
  0x0021, 0x0021, 0x0021, 0x0021, 0x0021, 0x0021, 0x0021, 0x0021, 0x0021, 0x0021, 0x0021, 0x0021,
  0x0021, 0x0021, 0x0021, 0x0021, 0x0021, 0x0021, 0x0021, 0x0021, 0x0021, 0x0021, 0x0021, 0x0021,
  0x0021, 0x0021, 0x0021, 0x0021, 0x0021, 0x0021, 0x0021, 0x0021, 0x0021, 0x0021, 0x0021, 0x0021,
  0x0021, 0x0021, 0x0021, 0x0021, 0x0021, 0x0021, 0x0021, 0x0021, 0x0021, 0x0021, 0x0021, 0x0021,
  0x0021, 0x0021, 0x0021, 0x0021, 0x0021, 0x0021, 0x0021, 0x0021, 0x0021, 0x0021, 0x0021, 0x0021,
  0x0021, 0x0021, 0x0021, 0x0021, 0x0021, 0x0021, 0x0021, 0x0021, 0x0021, 0x0021, 0x0021, 0x0021,
  0x0021, 0x0021, 0x0021, 0x0021, 0x0021, 0x0021, 0x0021, 0x0021, 0x0021, 0x0021, 0x0021, 0x0021,
  0x0021, 0x0021, 0x0021, 0x0021, 0x0021, 0x0021, 0x0021, 0x0021, 0x0021, 0x0021, 0x0021, 0x0021,
  0x0021, 0x0021, 0x0021, 0x0021, 0x0021, 0x0021, 0x0021, 0x0021, 0x0021, 0x0021, 0x0021, 0x0021,
  0x0021, 0x0021, 0x0021, 0x0021, 0x0021, 0x0021, 0x0021, 0x0021, 0x0021, 0x0021, 0x0021, 0x0021,
  0x0021, 0x0021, 0x0021, 0x0021, 0x0021, 0x0021, 0x0021, 0x0021, 0x0021, 0x0021, 0x0021, 0x0021,
  0x0021, 0x0021, 0x0021, 0x0021, 0x0021, 0x0021, 0x0021, 0x0021, 0x0021, 0x0021, 0x0021, 0x0021,
  0x0021, 0x0021, 0x0021, 0x0021, 0x0021, 0x0021, 0x0021, 0x0021, 0x0021, 0x0021, 0x0021, 0x0021,
  0x0021, 0x0021, 0x0021, 0x0021, 0x0021, 0x0021, 0x0021, 0x0021, 0x0021, 0x0021, 0x0021, 0x0021,
  0x0021, 0x0021, 0x0021, 0x0021, 0x0021, 0x0021, 0x0021, 0x0021, 0x0021, 0x0021, 0x0021, 0x0021,
  0x0021, 0x0021, 0x0021, 0x0021, 0x0021, 0x0021, 0x0021, 0x0021, 0x0021, 0x0021, 0x0021, 0x0021,
  0x0021, 0x0021, 0x0021, 0x0021, 0x0021, 0x0021, 0x0021, 0x0021, 0x0021, 0x0021, 0x0021, 0x0021,
  0x0021, 0x0021, 0x0021, 0x0021, 0x0021, 0x0021, 0x0021, 0x0021, 0x0021, 0x0021, 0x0021, 0x0021,
  0x0021, 0x0021, 0x0021, 0x0021, 0x0021, 0x0021, 0x0021, 0x0021, 0x0021, 0x0021, 0x0021, 0x0021,
  0x0021, 0x0021, 0x0021, 0x0021, 0x0021, 0x0021, 0x0021, 0x0021, 0x0021, 0x0021, 0x0021, 0x0021,
  0x0021, 0x0021, 0x0021, 0x0021, 0x0021, 0x0021, 0x0021, 0x0021, 0x0021, 0x0021, 0x0021, 0x0021,
  0x0021, 0x0021, 0x0021, 0x0021, 0x0021, 0x0021, 0x0021, 0x0021, 0x0021, 0x0021, 0x0021, 0x0021,
  0x0021, 0x0021, 0x0021, 0x0021, 0x0021, 0x0021, 0x0021, 0x0021, 0x0021, 0x0021, 0x0021, 0x0021,
  0x0021, 0x0021, 0x0021, 0x0021, 0x0021, 0x0021, 0x0021, 0x0021, 0x0021, 0x0021, 0x0021, 0x0021,
  0x0021, 0x0021, 0x0021, 0x0021, 0x0021, 0x0021, 0x0021, 0x0021, 0x0021, 0x0021, 0x0021, 0x0021,
  0x0021, 0x0021, 0x0021, 0x0021, 0x0021, 0x0021, 0x0021, 0x0021, 0x0021, 0x0021, 0x0021, 0x0021,
  0x0021, 0x0021, 0x0021, 0x0021, 0x0021, 0x0021, 0x0021, 0x0021, 0x0021, 0x0021, 0x0021, 0x0021,
  0x0021, 0x0021, 0x0021, 0x0021, 0x0021, 0x0021, 0x0021, 0x0021, 0x0021, 0x0021, 0x0021, 0x0021,
  0x0021, 0x0021, 0x0021, 0x0021, 0x0021, 0x0021, 0x0021, 0x0021, 0x0021, 0x0021, 0x0021, 0x0021,
  0x0021, 0x0021, 0x0021, 0x0021, 0x0021, 0x0021, 0x0021, 0x0021, 0x0021, 0x0021, 0x0021, 0x0021,
  0x0021, 0x0021, 0x0021, 0x0021, 0x0021, 0x0021, 0x0021, 0x0021, 0x0021, 0x0021, 0x0021, 0x0021,
  0x0021, 0x0021, 0x0021, 0x0021, 0x0021, 0x0021, 0x0021, 0x0021, 0x0021, 0x0021, 0x0021, 0x0021,
  0x0021, 0x0021, 0x0021, 0x0021, 0x0021, 0x0021, 0x0021, 0x0021, 0x0021, 0x0021, 0x0021, 0x0021,
  0x0021, 0x0021, 0x0021, 0x0021, 0x0021, 0x0021, 0x0021, 0x0021, 0x0021, 0x0021, 0x0021, 0x0021,
  0x0021, 0x0021, 0x0021, 0x0021, 0x0021, 0x0021, 0x0021, 0x0021, 0x0021, 0x0021, 0x0021, 0x0021,
  0x0021, 0x0021, 0x0021, 0x0021, 0x0021, 0x0021, 0x0021, 0x0021, 0x0021, 0x0021, 0x0021, 0x0021,
  0x0021, 0x0021, 0x0021, 0x0021, 0x0021, 0x0021, 0x0021, 0x0021, 0x0021, 0x0021, 0x0021, 0x0021,
  0x0021, 0x0021, 0x0021, 0x0021, 0x0021, 0x0021, 0x0021, 0x0021, 0x0021, 0x0021, 0x0021, 0x0021,
  0x0021, 0x0021, 0x0021, 0x0021, 0x0021, 0x0021, 0x0021, 0x0021, 0x0021, 0x0021, 0x0021, 0x0021,
  0x0021, 0x0021, 0x0021, 0x0021, 0x0021, 0x0021, 0x0021, 0x0021, 0x0021, 0x0021, 0x0021, 0x0021,
  0x0021, 0x0021, 0x0021, 0x0021, 0x0021, 0x0021, 0x0021, 0x0021, 0x0021, 0x0021, 0x0021, 0x0021,
  0x0021, 0x0021, 0x0021, 0x0021, 0x0021, 0x0021, 0x0021, 0x0021, 0x0021, 0x0021, 0x0021, 0x0021,
  0x0021, 0x0021, 0x0021, 0x0021, 0x0021, 0x0021, 0x0021, 0x0021, 0x0021, 0x0021, 0x0021, 0x0021,
  0x0021, 0x0021, 0x0021, 0x0021, 0x0021, 0x0021, 0x0021, 0x0021, 0x0021, 0x0021, 0x0021, 0x0041,
  0x0021, 0x0021, 0x0021, 0x0021, 0x0021, 0x0021, 0x0021, 0x0021, 0x0021, 0x0021, 0x0021, 0x0021,
  0x0021, 0x0021, 0x0021, 0x0021, 0x0021, 0x0021, 0x0021, 0x0021, 0x0021, 0x0021, 0x0021, 0x0021,
  0x0021, 0x0021, 0x0021, 0x0021, 0x0021, 0x0021, 0x0021, 0x0021, 0x0021, 0x0021, 0x0021, 0x0021,
  0x0021, 0x0021, 0x0021, 0x0021, 0x0021, 0x0021, 0x0021, 0x0021, 0x0021, 0x0021, 0x0021, 0x0021,
  0x0021, 0x0021, 0x0021, 0x0021, 0x0021, 0x0021, 0x0021, 0x0021, 0x0021, 0x0021, 0x0021, 0x0021,
  0x0021, 0x0021, 0x0021, 0x0021, 0x0021, 0x0021, 0x0021, 0x0021, 0x0021, 0x0021, 0x0021, 0x0021,
  0x0021, 0x0021, 0x0021, 0x0021, 0x0021, 0x0021, 0x0021, 0x0021, 0x0021, 0x0021, 0x0021, 0x0021,
  0x0021, 0x0021, 0x0021, 0x0021, 0x0021, 0x0021, 0x0021, 0x0021, 0x0021, 0x0021, 0x0021, 0x0021,
  0x0021, 0x0021, 0x0021, 0x0021, 0x0021, 0x0021, 0x0021, 0x0021, 0x0021, 0x0021, 0x0021, 0x0021,
  0x0021, 0x0021, 0x0021, 0x0021, 0x0021, 0x0021, 0x0021, 0x0021, 0x0021, 0x0021, 0x0021, 0x0021,
  0x0021, 0x0021, 0x0021, 0x0021, 0x0021, 0x0021, 0x0021, 0x0021, 0x0021, 0x0021, 0x0021, 0x0021,
  0x0021, 0x0021, 0x0021, 0x0021, 0x0021, 0x0021, 0x0021, 0x0021, 0x0021, 0x0021, 0x0021, 0x0021,
  0x0021, 0x0021, 0x0021, 0x0021, 0x0021, 0x0021, 0x0021, 0x0021, 0x0021, 0x0021, 0x0021, 0x0021,
  0x0021, 0x0021, 0x0021, 0x0021, 0x0021, 0x0021, 0x0021, 0x0021, 0x0021, 0x0021, 0x0021, 0x0021,
  0x0021, 0x0021, 0x0021, 0x0021, 0x0021, 0x0021, 0x0021, 0x0021, 0x0021, 0x0021, 0x0021, 0x0021,
  0x0021, 0x0021, 0x0021, 0x0021, 0x0021, 0x0021, 0x0021, 0x0021, 0x0021, 0x0021, 0x0021, 0x0021,
  0x0021, 0x0021, 0x0021, 0x0021, 0x0021, 0x0021, 0x0021, 0x0021, 0x0021, 0x0021, 0x0021, 0x0021,
  0x0021, 0x0021, 0x0021, 0x0021, 0x0021, 0x0021, 0x0021, 0x0021, 0x0021, 0x0021, 0x0021, 0x0021,
  0x0021, 0x0021, 0x0021, 0x0021, 0x0021, 0x0021, 0x0021, 0x0021, 0x0021, 0x0021, 0x0021, 0x0021,
  0x0021, 0x0021, 0x0021, 0x0021, 0x0021, 0x0021, 0x0021, 0x0021, 0x0021, 0x0021, 0x0021, 0x0021,
  0x0021, 0x0021, 0x0021, 0x0021, 0x0021, 0x0041, 0x0021, 0x0021, 0x0021, 0x0021, 0x0021, 0x0021,
  0x0021, 0x0021, 0x0021, 0x0021, 0x0021, 0x0021, 0x0021, 0x0021, 0x0021, 0x0021, 0x0021, 0x0021,
  0x0021, 0x0041, 0x0021, 0x0021, 0x0021, 0x0021, 0x0021, 0x0021, 0x0021, 0x0021, 0x0021, 0x0021,
  0x0021, 0x0021, 0x0021, 0x0021, 0x0021, 0x0021, 0x0021, 0x0021, 0x0021, 0x0021, 0x0021, 0x0021,
  0x0021, 0x0021, 0x0021, 0x0021, 0x0021, 0x0021, 0x0021, 0x0021, 0x0021, 0x0021, 0x0021, 0x0021,
  0x0021, 0x0021, 0x0021, 0x0021, 0x0021, 0x0021, 0x0021, 0x0021, 0x0021, 0x0021, 0x0021, 0x0021,
  0x0021, 0x0021, 0x0021, 0x0041, 0x0021, 0x0021, 0x0041, 0x0021, 0x0021, 0x0021, 0x0021, 0x0021,
  0x0021, 0x0021, 0x0021, 0x0021, 0x0021, 0x0021, 0x0021, 0x0021, 0x0021, 0x0021, 0x0021, 0x0021,
  0x0021, 0x0021, 0x0021, 0x0021, 0x0021, 0x0021, 0x0021, 0x0021, 0x0021, 0x0021, 0x0021, 0x0021,
  0x0021, 0x0021, 0x0021, 0x0021, 0x0021, 0x0021, 0x0021, 0x0021, 0x0021, 0x0021, 0x0021, 0x0021,
  0x0021, 0x0021, 0x0021, 0x0021, 0x0021, 0x0021, 0x0021, 0x0021, 0x0021, 0x0021, 0x0021, 0x0021,
  0x0021, 0x0021, 0x0021, 0x0021, 0x0021, 0x0021, 0x0021, 0x0021, 0x0021, 0x0021, 0x0021, 0x0021,
  0x0021, 0x0021, 0x0021, 0x0021, 0x0021, 0x0021, 0x0021, 0x0021, 0x0021, 0x0021, 0x0021, 0x0021,
  0x0021, 0x0021, 0x0021, 0x0021, 0x0021, 0x0021, 0x0021, 0x0021, 0x0021, 0x0021, 0x0021, 0x0021,
  0x0021, 0x0021, 0x0021, 0x0021, 0x0021, 0x0021, 0x0021, 0x0021, 0x0021, 0x0021, 0x0021, 0x0021,
  0x0021, 0x0021, 0x0021, 0x0021, 0x0021, 0x0021, 0x0021, 0x0021, 0x0021, 0x0021, 0x0021, 0x0021,
  0x0021, 0x0021, 0x0021, 0x0021, 0x0021, 0x0021, 0x0021, 0x0021, 0x0021, 0x0021, 0x0021, 0x0021,
  0x0021, 0x0021, 0x0021, 0x0021, 0x0021, 0x0021, 0x0021, 0x0021, 0x0021, 0x0021, 0x0021, 0x0021,
  0x0021, 0x0021, 0x0021, 0x0021, 0x0021, 0x0021, 0x0021, 0x0021, 0x0021, 0x0021, 0x0021, 0x0021,
  0x0021, 0x0021, 0x0021, 0x0021, 0x0021, 0x0021, 0x0021, 0x0021, 0x0041, 0x0021, 0x0021, 0x0021,
  0x0021, 0x0021, 0x0021, 0x0021, 0x0021, 0x0021, 0x0021, 0x0021, 0x0021, 0x0021, 0x0021, 0x0021,
  0x0021, 0x0021, 0x0021, 0x0021, 0x0021, 0x0021, 0x0021, 0x0021, 0x0021, 0x0021, 0x0021, 0x0021,
  0x0021, 0x0021, 0x0021, 0x0021, 0x0021, 0x0021, 0x0021, 0x0021, 0x0021, 0x0021, 0x0021, 0x0021,
  0x0021, 0x0021, 0x0021, 0x0021, 0x0021, 0x0021, 0x0021, 0x0021, 0x0021, 0x0021, 0x0021, 0x0021,
  0x0021, 0x0021, 0x0021, 0x0021, 0x0021, 0x0021, 0x0021, 0x0021, 0x0021, 0x0021, 0x0021, 0x0021,
  0x0021, 0x0021, 0x0021, 0x0021, 0x0021, 0x0021, 0x0021, 0x0021, 0x0021, 0x0021, 0x0021, 0x0021,
  0x0021, 0x0021, 0x0021, 0x0021, 0x0021, 0x0021, 0x0021, 0x0021, 0x0021, 0x0021, 0x0021, 0x0021,
  0x0021, 0x0021, 0x0021, 0x0021, 0x0021, 0x0021, 0x0021, 0x0021, 0x0021, 0x0021, 0x0021, 0x0021,
  0x0021, 0x0021, 0x0021, 0x0021, 0x0021, 0x0021, 0x0021, 0x0021, 0x0021, 0x0021, 0x0021, 0x0021,
  0x0021, 0x0021, 0x0021, 0x0021, 0x0021, 0x0021, 0x0021, 0x0021, 0x0021, 0x0021, 0x0021, 0x0021,
  0x0021, 0x0021, 0x0021, 0x0021, 0x0021, 0x0021, 0x0021, 0x0021, 0x0021, 0x0021, 0x0021, 0x0021,
  0x0021, 0x0021, 0x0021, 0x0021, 0x0021, 0x0021, 0x0021, 0x0021, 0x0021, 0x0021, 0x0021, 0x0021,
  0x0021, 0x0021, 0x0021, 0x0021, 0x0021, 0x0021, 0x0021, 0x0021, 0x0021, 0x0021, 0x0021, 0x0021,
  0x0021, 0x0021, 0x0021, 0x0021, 0x0021, 0x0021, 0x0021, 0x0021, 0x0021, 0x0021, 0x0021, 0x0021,
  0x0021, 0x0021, 0x0021, 0x0021, 0x0021, 0x0021, 0x0021, 0x0021, 0x0021, 0x0021, 0x0021, 0x0021,
  0x0021, 0x0021, 0x0021, 0x0021, 0x0021, 0x0021, 0x0021, 0x0021, 0x0021, 0x0021, 0x0021, 0x0021,
  0x0021, 0x0021, 0x0021, 0x0021, 0x0021, 0x0021, 0x0021, 0x0021, 0x0021, 0x0021, 0x0021, 0x0021,
  0x0021, 0x0021, 0x0021, 0x0021, 0x0021, 0x0021, 0x0021, 0x0021, 0x0021, 0x0021, 0x0021, 0x0021,
  0x0021, 0x0021, 0x0021, 0x0021, 0x0021, 0x0021, 0x0021, 0x0021, 0x0021, 0x0021, 0x0021, 0x0021,
  0x0021, 0x0021, 0x0021, 0x0021, 0x0021, 0x0021, 0x0021, 0x0021, 0x0021, 0x0021, 0x0021, 0x0021,
  0x0021, 0x0021, 0x0021, 0x0021, 0x0021, 0x0041, 0x0021, 0x0021, 0x0021, 0x0021, 0x0021, 0x0021,
  0x0021, 0x0021, 0x0021, 0x0021, 0x0021, 0x0021, 0x0021, 0x0021, 0x0021, 0x0021, 0x0021, 0x0021,
  0x0021, 0x0021, 0x0021, 0x0021, 0x0021, 0x0021, 0x0021, 0x0021, 0x0021, 0x0021, 0x0021, 0x0021,
  0x0021, 0x0021, 0x0021, 0x0021, 0x0021, 0x0021, 0x0021, 0x0021, 0x0021, 0x0021, 0x0021, 0x0021,
  0x0021, 0x0021, 0x0021, 0x0021, 0x0021, 0x0021, 0x0021, 0x0021, 0x0021, 0x0021, 0x0021, 0x0021,
  0x0021, 0x0021, 0x0021, 0x0021, 0x0021, 0x0021, 0x0021, 0x0021, 0x0021, 0x0021, 0x0021, 0x0021,
  0x0021, 0x0021, 0x0021, 0x0021, 0x0021, 0x0021, 0x0021, 0x0021, 0x0021, 0x0021, 0x0021, 0x0021,
  0x0021, 0x0021, 0x0021, 0x0021, 0x0021, 0x0021, 0x0021, 0x0021, 0x0021, 0x0021, 0x0021, 0x0021,
  0x0021, 0x0021, 0x0021, 0x0021, 0x0021, 0x0021, 0x0021, 0x0021, 0x0021, 0x0021, 0x0021, 0x0021,
  0x0021, 0x0021, 0x0021, 0x0021, 0x0021, 0x0021, 0x0021, 0x0021, 0x0021, 0x0021, 0x0021, 0x0021,
  0x0021, 0x0021, 0x0021, 0x0021, 0x0021, 0x0021, 0x0021, 0x0021, 0x0021, 0x0021, 0x0021, 0x0021,
  0x0021, 0x0021, 0x0021, 0x0021, 0x0021, 0x0021, 0x0021, 0x0021, 0x0021, 0x0021, 0x0021, 0x0021,
  0x0021, 0x0021, 0x0021, 0x0021, 0x0021, 0x0021, 0x0021, 0x0021, 0x0021, 0x0021, 0x0021, 0x0021,
  0x0021, 0x0021, 0x0021, 0x0021, 0x0021, 0x0021, 0x0021, 0x0021, 0x0021, 0x0021, 0x0021, 0x0021,
  0x0021, 0x0021, 0x0021, 0x0021, 0x0021, 0x0021, 0x0021, 0x0021, 0x0021, 0x0021, 0x0021, 0x0021,
  0x0041, 0x0041, 0x0021, 0x0021, 0x0021, 0x0021, 0x0021, 0x0021, 0x0021, 0x0021, 0x0021, 0x0021,
  0x0021, 0x0021, 0x0021, 0x0021, 0x0021, 0x0021, 0x0021, 0x0021, 0x0021, 0x0021, 0x0041, 0x0021,
  0x0021, 0x0021, 0x0021, 0x0021, 0x0021, 0x0021, 0x0021, 0x0021, 0x0021, 0x0021, 0x0021, 0x0021,
  0x0021, 0x0021, 0x0021, 0x0021, 0x0021, 0x0021, 0x0021, 0x0021, 0x0021, 0x0021, 0x0021, 0x0021,
  0x0021, 0x0021, 0x0021, 0x0021, 0x0021, 0x0021, 0x0021, 0x0021, 0x0021, 0x0021, 0x0041, 0x0021,
  0x0021, 0x0021, 0x0021, 0x0021, 0x0021, 0x0041, 0x0021, 0x0021, 0x0021, 0x0021, 0x0021, 0x0021,
  0x0021, 0x0021, 0x0021, 0x0021, 0x0021, 0x0021, 0x0021, 0x0021, 0x0021, 0x0021, 0x0021, 0x0021,
  0x0021, 0x0021, 0x0021, 0x0021, 0x0021, 0x0021, 0x0021, 0x0021, 0x0021, 0x0021, 0x0021, 0x0021,
  0x0021, 0x0021, 0x0021, 0x0021, 0x0021, 0x0021, 0x0021, 0x0021, 0x0021, 0x0021, 0x0021, 0x0021,
  0x0021, 0x0021, 0x0021, 0x0021, 0x0021, 0x0021, 0x0021, 0x0021, 0x0021, 0x0021, 0x0021, 0x0021,
  0x0021, 0x0021, 0x0021, 0x0021, 0x0021, 0x0021, 0x0021, 0x0021, 0x0021, 0x0021, 0x0021, 0x0021,
  0x0021, 0x0021, 0x0021, 0x0021, 0x0021, 0x0021, 0x0021, 0x0021, 0x0021, 0x0021, 0x0021, 0x0021,
  0x0021, 0x0021, 0x0021, 0x0021, 0x0021, 0x0021, 0x0021, 0x0021, 0x0021, 0x0021, 0x0021, 0x0021,
  0x0021, 0x0021, 0x0021, 0x0021, 0x0021, 0x0021, 0x0021, 0x0021, 0x0021, 0x0021, 0x0021, 0x0021,
  0x0021, 0x0021, 0x0021, 0x0021, 0x0021, 0x0021, 0x0021, 0x0021, 0x0021, 0x0021, 0x0021, 0x0021,
  0x0021, 0x0021, 0x0021, 0x0021, 0x0021, 0x0021, 0x0021, 0x0021, 0x0021, 0x0021, 0x0021, 0x0021,
  0x0021, 0x0021, 0x0021, 0x0021, 0x0021, 0x0021, 0x0021, 0x0021, 0x0041, 0x0021, 0x0021, 0x0021,
  0x0021, 0x0021, 0x0021, 0x0021, 0x0021, 0x0021, 0x0021, 0x0021, 0x0021, 0x0021, 0x0021, 0x0021,
  0x0021, 0x0021, 0x0021, 0x0021, 0x0021, 0x0021, 0x0021, 0x0021, 0x0021, 0x0021, 0x0021, 0x0021,
  0x0021, 0x0021, 0x0021, 0x0021, 0x0021, 0x0021, 0x0021, 0x0021, 0x0021, 0x0021, 0x0021, 0x0021,
  0x0021, 0x0021, 0x0021, 0x0021, 0x0021, 0x0021, 0x0021, 0x0021, 0x0021, 0x0021, 0x0021, 0x0021,
  0x0021, 0x0021, 0x0021, 0x0021, 0x0021, 0x0021, 0x0021, 0x0021, 0x0021, 0x0021, 0x0021, 0x0021,
  0x0021, 0x0021, 0x0021, 0x0021, 0x0021, 0x0021, 0x0021, 0x0021, 0x0021, 0x0021, 0x0021, 0x0021,
  0x0021, 0x0021, 0x0021, 0x0021, 0x0021, 0x0021, 0x0021, 0x0021, 0x0021, 0x0021, 0x0021, 0x0021,
  0x0021, 0x0021, 0x0021, 0x0021, 0x0021, 0x0021, 0x0021, 0x0021, 0x0021, 0x0021, 0x0021, 0x0021,
  0x0021, 0x0021, 0x0021, 0x0021, 0x0021, 0x0021, 0x0021, 0x0021, 0x0021, 0x0021, 0x0021, 0x0021,
  0x0021, 0x0021, 0x0021, 0x0021, 0x0021, 0x0021, 0x0021, 0x0021, 0x0021, 0x0021, 0x0021, 0x0021,
  0x0021, 0x0021, 0x0021, 0x0021, 0x0021, 0x0021, 0x0021, 0x0021, 0x0021, 0x0021, 0x0021, 0x0021,
  0x0021, 0x0041, 0x0021, 0x0021, 0x0021, 0x0021, 0x0021, 0x0021, 0x0021, 0x0021, 0x0021, 0x0021,
  0x0021, 0x0021, 0x0021, 0x0021, 0x0021, 0x0021, 0x0021, 0x0021, 0x0021, 0x0021, 0x0021, 0x0021,
  0x0021, 0x0021, 0x0021, 0x0021, 0x0021, 0x0021, 0x0021, 0x0021, 0x0021, 0x0021, 0x0021, 0x0021,
  0x0021, 0x0021, 0x0021, 0x0021, 0x0021, 0x0021, 0x0021, 0x0021, 0x0021, 0x0021, 0x0021, 0x0021,
  0x0021, 0x0021, 0x0021, 0x0021, 0x0021, 0x0021, 0x0021, 0x0021, 0x0021, 0x0021, 0x0021, 0x0021,
  0x0021, 0x0021, 0x0021, 0x0021, 0x0021, 0x0021, 0x0021, 0x0021, 0x0021, 0x0021, 0x0021, 0x0021,
  0x0021, 0x0021, 0x0021, 0x0021, 0x0021, 0x0021, 0x0021, 0x0021, 0x0021, 0x0021, 0x0021, 0x0021,
  0x0021, 0x0021, 0x0021, 0x0021, 0x0021, 0x0021, 0x0021, 0x0021, 0x0021, 0x0021, 0x0021, 0x0021,
  0x0021, 0x0021, 0x0021, 0x0021, 0x0021, 0x0021, 0x0021, 0x0021, 0x0021, 0x0021, 0x0021, 0x0021,
  0x0021, 0x0021, 0x0021, 0x0021, 0x0021, 0x0021, 0x0021, 0x0021, 0x0021, 0x0021, 0x0021, 0x0021,
  0x0021, 0x0021, 0x0021, 0x0021, 0x0021, 0x0021, 0x0021, 0x0021, 0x0021, 0x0021, 0x0021, 0x0021,
  0x0021, 0x0021, 0x0021, 0x0021, 0x0021, 0x0021, 0x0021, 0x0021, 0x0021, 0x0021, 0x0021, 0x0021,
  0x0021, 0x0021, 0x0021, 0x0021, 0x0021, 0x0021, 0x0021, 0x0021, 0x0021, 0x0021, 0x0021, 0x0021,
  0x0021, 0x0021, 0x0021, 0x0021, 0x0021, 0x0021, 0x0021, 0x0021, 0x0021, 0x0021, 0x0021, 0x0021,
  0x0021, 0x0021, 0x0021, 0x0021, 0x0021, 0x0021, 0x0021, 0x0021, 0x0021, 0x0021, 0x0021, 0x0021,
  0x0021, 0x0021, 0x0021, 0x0021, 0x0021, 0x0021, 0x0021, 0x0021, 0x0021, 0x0021, 0x0041, 0x0021,
  0x0021, 0x0021, 0x0021, 0x0021, 0x0021, 0x0041, 0x0021, 0x0021, 0x0021, 0x0021, 0x0021, 0x0021,
  0x0021, 0x0021, 0x0021, 0x0021, 0x0021, 0x0021, 0x0021, 0x0021, 0x0021, 0x0021, 0x0021, 0x0021,
  0x0021, 0x0021, 0x0021, 0x0021, 0x0021, 0x0021, 0x0021, 0x0021, 0x0021, 0x0021, 0x0021, 0x0021,
  0x0021, 0x0021, 0x0021, 0x0021, 0x0021, 0x0021, 0x0021, 0x0021, 0x0021, 0x0021, 0x0021, 0x0021,
  0x0021, 0x0021, 0x0021, 0x0021, 0x0021, 0x0021, 0x0021, 0x0021, 0x0021, 0x0021, 0x0021, 0x0021,
  0x0021, 0x0041, 0x0021, 0x0021, 0x0021, 0x0021, 0x0021, 0x0021, 0x0021, 0x0021, 0x0021, 0x0021,
  0x0021, 0x0021, 0x0021, 0x0021, 0x0021, 0x0021, 0x0021, 0x0021, 0x0021, 0x0041, 0x0021, 0x0021,
  0x0021, 0x0041, 0x0021, 0x0021, 0x0021, 0x0021, 0x0021, 0x0021, 0x0021, 0x0021, 0x0021, 0x0021,
  0x0021, 0x0021, 0x0021, 0x0021, 0x0021, 0x0021, 0x0021, 0x0021, 0x0021, 0x0021, 0x0021, 0x0021,
  0x0021, 0x0021, 0x0021, 0x0021, 0x0021, 0x0021, 0x0021, 0x0021, 0x0021, 0x0021, 0x0021, 0x0021,
  0x0021, 0x0021, 0x0021, 0x0021, 0x0021, 0x0021, 0x0021, 0x0021, 0x0021, 0x0021, 0x0021, 0x0021,
  0x0021, 0x0021, 0x0021, 0x0021, 0x0021, 0x0021, 0x0021, 0x0021, 0x0021, 0x0021, 0x0021, 0x0021,
  0x0021, 0x0021, 0x0021, 0x0021, 0x0021, 0x0021, 0x0021, 0x0021, 0x0021, 0x0021, 0x0021, 0x0021,
  0x0021, 0x0021, 0x0021, 0x0021, 0x0021, 0x0021, 0x0021, 0x0021, 0x0021, 0x0021, 0x0021, 0x0021,
  0x0021, 0x0021, 0x0021, 0x0021, 0x0021, 0x0021, 0x0021, 0x0021, 0x0021, 0x0021, 0x0021, 0x0021,
  0x0021, 0x0021, 0x0021, 0x0021, 0x0021, 0x0021, 0x0021, 0x0021, 0x0021, 0x0021, 0x0021, 0x0021,
  0x0021, 0x0021, 0x0021, 0x0021, 0x0021, 0x0021, 0x0021, 0x0021, 0x0021, 0x0021, 0x0021, 0x0021,
  0x0021, 0x0021, 0x0021, 0x0021, 0x0021, 0x0021, 0x0021, 0x0021, 0x0021, 0x0021, 0x0021, 0x0021,
  0x0021, 0x0021, 0x0021, 0x0021, 0x0021, 0x0021, 0x0021, 0x0021, 0x0021, 0x0021, 0x0021, 0x0021,
  0x0021, 0x0021, 0x0021, 0x0021, 0x0021, 0x0021, 0x0021, 0x0021, 0x0021, 0x0021, 0x0021, 0x0021,
  0x0021, 0x0041, 0x0041, 0x0041, 0x0021, 0x0021, 0x0021, 0x0041, 0x0021, 0x0021, 0x0021, 0x0021,
  0x0021, 0x0021, 0x0021, 0x0021, 0x0021, 0x0021, 0x0021, 0x0021, 0x0021, 0x0021, 0x0021, 0x0021,
  0x0021, 0x0021, 0x0021, 0x0021, 0x0021, 0x0021, 0x0021, 0x0021, 0x0021, 0x0021, 0x0021, 0x0021,
  0x0021, 0x0021, 0x0021, 0x0021, 0x0021, 0x0021, 0x0021, 0x0021, 0x0021, 0x0021, 0x0021, 0x0021,
  0x0021, 0x0021, 0x0021, 0x0021, 0x0021, 0x0021, 0x0021, 0x0021, 0x0021, 0x0021, 0x0021, 0x0021,
  0x0021, 0x0021, 0x0041, 0x0021, 0x0021, 0x0021, 0x0021, 0x0021, 0x0021, 0x0021, 0x0021, 0x0021,
  0x0021, 0x0021, 0x0021, 0x0021, 0x0021, 0x0041, 0x0021, 0x0021, 0x0041, 0x0021, 0x0021, 0x0021,
  0x0021, 0x0021, 0x0041, 0x0021, 0x0021, 0x0021, 0x0021, 0x0021, 0x0021, 0x0021, 0x0021, 0x0021,
  0x0021, 0x0021, 0x0021, 0x0021, 0x0021, 0x0021, 0x0021, 0x0021, 0x0021, 0x0021, 0x0021, 0x0021,
  0x0021, 0x0021, 0x0021, 0x0021, 0x0021, 0x0021, 0x0021, 0x0021, 0x0021, 0x0021, 0x0021, 0x0021,
  0x0021, 0x0021, 0x0021, 0x0021, 0x0021, 0x0021, 0x0021, 0x0021, 0x0021, 0x0021, 0x0021, 0x0021,
  0x0021, 0x0021, 0x0021, 0x0021, 0x0021, 0x0021, 0x0021, 0x0021, 0x0021, 0x0021, 0x0021, 0x0021,
  0x0021, 0x0021, 0x0021, 0x0021, 0x0021, 0x0021, 0x0021, 0x0021, 0x0021, 0x0021, 0x0021, 0x0021,
  0x0021, 0x0021, 0x0021, 0x0021, 0x0021, 0x0021, 0x0021, 0x0021, 0x0021, 0x0021, 0x0021, 0x0021,
  0x0021, 0x0021, 0x0021, 0x0021, 0x0021, 0x0021, 0x0021, 0x0021, 0x0021, 0x0021, 0x0021, 0x0021,
  0x0021, 0x0021, 0x0021, 0x0021, 0x0021, 0x0021, 0x0021, 0x0021, 0x0021, 0x0021, 0x0021, 0x0021,
  0x0021, 0x0021, 0x0021, 0x0021, 0x0021, 0x0021, 0x0021, 0x0021, 0x0021, 0x0021, 0x0021, 0x0021,
  0x0021, 0x0021, 0x0021, 0x0021, 0x0021, 0x0021, 0x0021, 0x0021, 0x0021, 0x0021, 0x0021, 0x0021,
  0x0021, 0x0021, 0x0021, 0x0021, 0x0021, 0x0021, 0x0021, 0x0021, 0x0021, 0x0021, 0x0021, 0x0021,
  0x0021, 0x0021, 0x0021, 0x0021, 0x0021, 0x0021, 0x0021, 0x0021, 0x0021, 0x0021, 0x0021, 0x0021,
  0x0021, 0x0021, 0x0041, 0x0021, 0x0021, 0x0021, 0x0021, 0x0021, 0x0021, 0x0021, 0x0021, 0x0021,
  0x0021, 0x0021, 0x0021, 0x0021, 0x0021, 0x0021, 0x0021, 0x0021, 0x0021, 0x0021, 0x0021, 0x0021,
  0x0021, 0x0021, 0x0021, 0x0021, 0x0021, 0x0021, 0x0021, 0x0021, 0x0021, 0x0021, 0x0021, 0x0021,
  0x0021, 0x0021, 0x0021, 0x0021, 0x0021, 0x0021, 0x0021, 0x0021, 0x0021, 0x0021, 0x0021, 0x0021,
  0x0021, 0x0021, 0x0021, 0x0021, 0x0021, 0x0021, 0x0021, 0x0021, 0x0021, 0x0021, 0x0021, 0x0021,
  0x0021, 0x0021, 0x0021, 0x0021, 0x0021, 0x0021, 0x0021, 0x0021, 0x0021, 0x0021, 0x0021, 0x0021,
  0x0021, 0x0021, 0x0021, 0x0021, 0x0021, 0x0021, 0x0021, 0x0021, 0x0021, 0x0021, 0x0021, 0x0021,
  0x0021, 0x0021, 0x0021, 0x0021, 0x0021, 0x0021, 0x0021, 0x0021, 0x0021, 0x0021, 0x0021, 0x0021,
  0x0021, 0x0021, 0x0021, 0x0021, 0x0021, 0x0021, 0x0021, 0x0021, 0x0021, 0x0021, 0x0021, 0x0021,
  0x0021, 0x0021, 0x0021, 0x0021, 0x0021, 0x0021, 0x0021, 0x0021, 0x0021, 0x0021, 0x0021, 0x0021,
  0x0021, 0x0021, 0x0021, 0x0021, 0x0021, 0x0021, 0x0021, 0x0021, 0x0021, 0x0021, 0x0021, 0x0021,
  0x0021, 0x0021, 0x0021, 0x0021, 0x0021, 0x0021, 0x0021, 0x0021, 0x0021, 0x0021, 0x0021, 0x0021,
  0x0021, 0x0021, 0x0021, 0x0021, 0x0021, 0x0021, 0x0021, 0x0021, 0x0021, 0x0021, 0x0021, 0x0021,
  0x0021, 0x0021, 0x0021, 0x0021, 0x0021, 0x0021, 0x0021, 0x0021, 0x0021, 0x0021, 0x0021, 0x0021,
  0x0041, 0x0021, 0x0021, 0x0021, 0x0041, 0x0021, 0x0021, 0x0021, 0x0021, 0x0841, 0x0841, 0x0021,
  0x0021, 0x0021, 0x0021, 0x0021, 0x0021, 0x0021, 0x0021, 0x0021, 0x0021, 0x0021, 0x0021, 0x0021,
  0x0021, 0x0021, 0x0021, 0x0021, 0x0021, 0x0021, 0x0021, 0x0021, 0x0021, 0x0021, 0x0021, 0x0021,
  0x0021, 0x0021, 0x0021, 0x0021, 0x0021, 0x0021, 0x0021, 0x0021, 0x0021, 0x0021, 0x0021, 0x0021,
  0x0021, 0x0021, 0x0021, 0x0021, 0x0021, 0x0021, 0x0021, 0x0021, 0x0021, 0x0021, 0x0021, 0x0021,
  0x0021, 0x0021, 0x0021, 0x0021, 0x0021, 0x0021, 0x0021, 0x0021, 0x0021, 0x0021, 0x0021, 0x0021,
  0x0021, 0x0021, 0x0021, 0x0021, 0x0021, 0x0021, 0x0021, 0x0021, 0x0021, 0x0021, 0x0021, 0x0021,
  0x0021, 0x0021, 0x0021, 0x0021, 0x0021, 0x0021, 0x0021, 0x0021, 0x0021, 0x0021, 0x0021, 0x0021,
  0x0021, 0x0021, 0x0021, 0x0021, 0x0021, 0x0021, 0x0021, 0x0021, 0x0021, 0x0021, 0x0021, 0x0021,
  0x0021, 0x0021, 0x0021, 0x0021, 0x0021, 0x0021, 0x0021, 0x0021, 0x0021, 0x0021, 0x0021, 0x0021,
  0x0021, 0x0021, 0x0021, 0x0021, 0x0021, 0x0021, 0x0021, 0x0021, 0x0021, 0x0021, 0x0021, 0x0021,
  0x0021, 0x0021, 0x0021, 0x0021, 0x0021, 0x0021, 0x0021, 0x0021, 0x0021, 0x0021, 0x0021, 0x0021,
  0x0021, 0x0021, 0x0021, 0x0021, 0x0021, 0x0021, 0x0021, 0x0021, 0x0021, 0x0021, 0x0021, 0x0021,
  0x0021, 0x0021, 0x0021, 0x0021, 0x0021, 0x0021, 0x0021, 0x0021, 0x0021, 0x0021, 0x0021, 0x0021,
  0x0861, 0x0000, 0x0000, 0x0021, 0x0021, 0x0021, 0x0021, 0x0021, 0x0021, 0x0021, 0x0021, 0x0021,
  0x0021, 0x0021, 0x0021, 0x0021, 0x0021, 0x0021, 0x0021, 0x0021, 0x0021, 0x0021, 0x0021, 0x0021,
  0x0021, 0x0021, 0x0021, 0x0021, 0x0021, 0x0021, 0x0021, 0x0021, 0x0021, 0x0021, 0x0021, 0x0021,
  0x0021, 0x0021, 0x0021, 0x0021, 0x0021, 0x0021, 0x0021, 0x0021, 0x0021, 0x0021, 0x0041, 0x0021,
  0x0021, 0x0021, 0x0021, 0x0021, 0x0021, 0x0021, 0x0021, 0x0021, 0x0021, 0x0021, 0x0021, 0x0021,
  0x0021, 0x0021, 0x0021, 0x0021, 0x0021, 0x0021, 0x0021, 0x0021, 0x0021, 0x0021, 0x0021, 0x0021,
  0x0021, 0x0021, 0x0021, 0x0021, 0x0021, 0x0021, 0x0021, 0x0021, 0x0021, 0x0021, 0x0021, 0x0021,
  0x0021, 0x0021, 0x0021, 0x0021, 0x0021, 0x0021, 0x0021, 0x0021, 0x0021, 0x0021, 0x0021, 0x0021,
  0x0021, 0x0021, 0x0021, 0x0021, 0x0021, 0x0021, 0x0021, 0x0021, 0x0021, 0x0021, 0x0021, 0x0021,
  0x0021, 0x0021, 0x0021, 0x0021, 0x0021, 0x0021, 0x0021, 0x0021, 0x0021, 0x0021, 0x0021, 0x0021,
  0x0021, 0x0021, 0x0021, 0x0021, 0x0021, 0x0021, 0x0021, 0x0021, 0x0021, 0x0021, 0x0021, 0x0021,
  0x0021, 0x0021, 0x0021, 0x0021, 0x0021, 0x0021, 0x0021, 0x0021, 0x0021, 0x0021, 0x0021, 0x0021,
  0x0021, 0x0021, 0x0021, 0x0021, 0x0021, 0x0021, 0x0021, 0x0021, 0x0021, 0x0021, 0x0021, 0x0021,
  0x0021, 0x0041, 0x0000, 0x72A7, 0xBBC9, 0x82A6, 0x4184, 0x1081, 0x0041, 0x0841, 0x0041, 0x0021,
  0x0021, 0x0021, 0x0021, 0x0021, 0x0021, 0x0021, 0x0021, 0x0021, 0x0021, 0x0021, 0x0021, 0x0021,
  0x0021, 0x0021, 0x0021, 0x0021, 0x0021, 0x0021, 0x0021, 0x0021, 0x0021, 0x0021, 0x0021, 0x0021,
  0x0021, 0x0021, 0x0021, 0x0021, 0x0021, 0x0021, 0x0021, 0x0021, 0x0021, 0x0021, 0x0021, 0x0021,
  0x0021, 0x0041, 0x0021, 0x0021, 0x0021, 0x0021, 0x0021, 0x0021, 0x0021, 0x0021, 0x0021, 0x0021,
  0x0021, 0x0021, 0x0021, 0x0021, 0x0021, 0x0021, 0x0021, 0x0021, 0x0021, 0x0021, 0x0021, 0x0021,
  0x0021, 0x0021, 0x0021, 0x0021, 0x0021, 0x0021, 0x0021, 0x0021, 0x0021, 0x0021, 0x0021, 0x0021,
  0x0021, 0x0021, 0x0021, 0x0021, 0x0021, 0x0021, 0x0021, 0x0021, 0x0021, 0x0021, 0x0021, 0x0021,
  0x0021, 0x0021, 0x0021, 0x0021, 0x0021, 0x0021, 0x0021, 0x0021, 0x0021, 0x0021, 0x0021, 0x0021,
  0x0021, 0x0021, 0x0021, 0x0021, 0x0021, 0x0021, 0x0021, 0x0021, 0x0021, 0x0021, 0x0021, 0x0021,
  0x0021, 0x0021, 0x0021, 0x0021, 0x0021, 0x0021, 0x0021, 0x0021, 0x0021, 0x0021, 0x0021, 0x0021,
  0x0021, 0x0021, 0x0021, 0x0021, 0x0021, 0x0021, 0x0021, 0x0021, 0x0021, 0x0021, 0x0021, 0x0021,
  0x0021, 0x0021, 0x0021, 0x0021, 0x0021, 0x0021, 0x0021, 0x0021, 0x0021, 0x0021, 0x0021, 0x0021,
  0x0021, 0x0021, 0x0021, 0x0021, 0x0841, 0x0000, 0x6287, 0xE46A, 0xDC29, 0xE429, 0xDC29, 0xC44B,
  0x28E2, 0x0000, 0x0021, 0x0021, 0x0841, 0x0841, 0x0021, 0x0021, 0x0021, 0x0021, 0x0021, 0x0021,
  0x0021, 0x0021, 0x0021, 0x0021, 0x0021, 0x0021, 0x0021, 0x0021, 0x0021, 0x0021, 0x0021, 0x0021,
  0x0021, 0x0021, 0x0021, 0x0021, 0x0021, 0x0021, 0x0021, 0x0021, 0x0021, 0x0021, 0x0021, 0x0021,
  0x0021, 0x0021, 0x0021, 0x0021, 0x0021, 0x0021, 0x0021, 0x0021, 0x0021, 0x0041, 0x0021, 0x0021,
  0x0021, 0x0021, 0x0021, 0x0021, 0x0021, 0x0021, 0x0021, 0x0021, 0x0021, 0x0021, 0x0021, 0x0021,
  0x0021, 0x0021, 0x0021, 0x0021, 0x0021, 0x0021, 0x0021, 0x0021, 0x0021, 0x0021, 0x0021, 0x0021,
  0x0021, 0x0021, 0x0021, 0x0021, 0x0021, 0x0021, 0x0021, 0x0021, 0x0021, 0x0021, 0x0021, 0x0021,
  0x0021, 0x0021, 0x0021, 0x0021, 0x0021, 0x0021, 0x0021, 0x0021, 0x0021, 0x0021, 0x0021, 0x0021,
  0x0021, 0x0021, 0x0021, 0x0021, 0x0021, 0x0021, 0x0021, 0x0021, 0x0021, 0x0021, 0x0021, 0x0021,
  0x0021, 0x0021, 0x0021, 0x0021, 0x0021, 0x0021, 0x0021, 0x0021, 0x0021, 0x0021, 0x0021, 0x0021,
  0x0021, 0x0021, 0x0021, 0x0021, 0x0021, 0x0021, 0x0021, 0x0021, 0x0021, 0x0021, 0x0021, 0x0021,
  0x0021, 0x0021, 0x0021, 0x0021, 0x0021, 0x0021, 0x0021, 0x0021, 0x0021, 0x0021, 0x0021, 0x0021,
  0x0021, 0x0021, 0x0021, 0x0021, 0x0021, 0x0021, 0x0021, 0x0021, 0x0021, 0x1061, 0xA348, 0xB3A9,
  0xBC0A, 0xCC2A, 0xD44A, 0x8286, 0x79E3, 0x61C4, 0x28C2, 0x0021, 0x0000, 0x0000, 0x0021, 0x0041,
  0x0041, 0x0000, 0x0041, 0x0841, 0x0041, 0x0021, 0x0021, 0x0021, 0x0021, 0x0021, 0x0021, 0x0021,
  0x0021, 0x0021, 0x0021, 0x0021, 0x0021, 0x0021, 0x0021, 0x0021, 0x0021, 0x0021, 0x0021, 0x0021,
  0x0021, 0x0021, 0x0021, 0x0021, 0x0021, 0x0021, 0x0021, 0x0021, 0x0041, 0x0021, 0x0021, 0x0021,
  0x0021, 0x0041, 0x0021, 0x0021, 0x0021, 0x0021, 0x0021, 0x0021, 0x0021, 0x0021, 0x0021, 0x0021,
  0x0021, 0x0021, 0x0021, 0x0021, 0x0021, 0x0021, 0x0021, 0x0021, 0x0021, 0x0021, 0x0021, 0x0021,
  0x0021, 0x0021, 0x0021, 0x0021, 0x0021, 0x0021, 0x0021, 0x0021, 0x0021, 0x0021, 0x0021, 0x0021,
  0x0021, 0x0021, 0x0021, 0x0021, 0x0021, 0x0021, 0x0021, 0x0021, 0x0021, 0x0021, 0x0021, 0x0021,
  0x0021, 0x0021, 0x0021, 0x0021, 0x0021, 0x0021, 0x0021, 0x0021, 0x0021, 0x0021, 0x0021, 0x0021,
  0x0021, 0x0021, 0x0021, 0x0021, 0x0021, 0x0021, 0x0021, 0x0021, 0x0021, 0x0021, 0x0021, 0x0021,
  0x0021, 0x0021, 0x0021, 0x0021, 0x0021, 0x0021, 0x0021, 0x0021, 0x0021, 0x0021, 0x0021, 0x0021,
  0x0021, 0x0021, 0x0021, 0x0021, 0x0021, 0x0021, 0x0021, 0x0021, 0x0021, 0x0021, 0x0021, 0x0041,
  0x0021, 0x0021, 0x0021, 0x0021, 0x0021, 0x0021, 0x0021, 0x0021, 0x0021, 0x0021, 0x0021, 0x0021,
  0x0021, 0x1881, 0xA285, 0xA285, 0x8A65, 0xA348, 0x8AC7, 0x5982, 0xBBE9, 0xDC4A, 0xD3C8, 0xBB68,
  0x7A45, 0x4143, 0x1061, 0x0000, 0x0020, 0x10A2, 0x0000, 0x0000, 0x0000, 0x0021, 0x0841, 0x0841,
  0x0041, 0x0021, 0x0021, 0x0021, 0x0021, 0x0021, 0x0021, 0x0021, 0x0021, 0x0021, 0x0021, 0x0021,
  0x0021, 0x0021, 0x0021, 0x0021, 0x0021, 0x0021, 0x0021, 0x0021, 0x0021, 0x0021, 0x0021, 0x0021,
  0x0021, 0x0021, 0x0021, 0x0021, 0x0021, 0x0021, 0x0021, 0x0021, 0x0021, 0x0021, 0x0021, 0x0021,
  0x0021, 0x0021, 0x0021, 0x0021, 0x0021, 0x0021, 0x0021, 0x0021, 0x0021, 0x0021, 0x0021, 0x0021,
  0x0021, 0x0021, 0x0021, 0x0021, 0x0021, 0x0021, 0x0021, 0x0021, 0x0021, 0x0021, 0x0021, 0x0021,
  0x0021, 0x0021, 0x0021, 0x0021, 0x0021, 0x0021, 0x0021, 0x0021, 0x0021, 0x0021, 0x0021, 0x0021,
  0x0021, 0x0021, 0x0021, 0x0021, 0x0021, 0x0021, 0x0021, 0x0021, 0x0021, 0x0021, 0x0021, 0x0021,
  0x0021, 0x0021, 0x0021, 0x0021, 0x0021, 0x0021, 0x0021, 0x0021, 0x0021, 0x0021, 0x0021, 0x0021,
  0x0021, 0x0021, 0x0021, 0x0021, 0x0021, 0x0021, 0x0021, 0x0021, 0x0021, 0x0021, 0x0021, 0x0021,
  0x0021, 0x0021, 0x0021, 0x0021, 0x0021, 0x0021, 0x0021, 0x0021, 0x0021, 0x0021, 0x0021, 0x0021,
  0x0021, 0x0021, 0x0021, 0x0021, 0x0021, 0x0021, 0x0021, 0x0021, 0x0021, 0x0021, 0x0021, 0x0021,
  0x0021, 0x0021, 0x0021, 0x0021, 0x0021, 0x1061, 0x7A04, 0x9265, 0xAAC5, 0xA2A5, 0x69A3, 0x6162,
  0x9285, 0x8AA6, 0xAB68, 0xBBE9, 0xDC6B, 0xE44A, 0xCBE9, 0x8244, 0x6AEA, 0xCDF4, 0xA4B0, 0x6AEA,
  0x2965, 0x0021, 0x0000, 0x0000, 0x0020, 0x0041, 0x0841, 0x0041, 0x0021, 0x0021, 0x0021, 0x0021,
  0x0021, 0x0021, 0x0021, 0x0021, 0x0021, 0x0021, 0x0021, 0x0021, 0x0021, 0x0021, 0x0021, 0x0021,
  0x0021, 0x0021, 0x0021, 0x0021, 0x0021, 0x0021, 0x0021, 0x0021, 0x0021, 0x0021, 0x0021, 0x0021,
  0x0021, 0x0021, 0x0021, 0x0021, 0x0021, 0x0021, 0x0021, 0x0021, 0x0021, 0x0021, 0x0021, 0x0021,
  0x0021, 0x0021, 0x0021, 0x0021, 0x0021, 0x0021, 0x0021, 0x0021, 0x0021, 0x0021, 0x0021, 0x0021,
  0x0021, 0x0021, 0x0021, 0x0021, 0x0021, 0x0021, 0x0021, 0x0021, 0x0021, 0x0021, 0x0021, 0x0021,
  0x0021, 0x0021, 0x0021, 0x0021, 0x0021, 0x0021, 0x0021, 0x0021, 0x0021, 0x0021, 0x0021, 0x0021,
  0x0021, 0x0021, 0x0021, 0x0021, 0x0021, 0x0021, 0x0021, 0x0021, 0x0021, 0x0021, 0x0021, 0x0021,
  0x0021, 0x0021, 0x0021, 0x0021, 0x0021, 0x0021, 0x0021, 0x0021, 0x0021, 0x0021, 0x0021, 0x0021,
  0x0021, 0x0021, 0x0021, 0x0021, 0x0021, 0x0021, 0x0021, 0x0021, 0x0021, 0x0021, 0x0021, 0x0021,
  0x0021, 0x0021, 0x0021, 0x0021, 0x0021, 0x0021, 0x0021, 0x0021, 0x0021, 0x0021, 0x0041, 0x0021,
  0x0021, 0x0021, 0x0021, 0x0021, 0x0021, 0x0021, 0x0021, 0x0041, 0x0021, 0x0861, 0x8A85, 0x8224,
  0x8224, 0xA2E6, 0x71E4, 0x4102, 0x3922, 0x5962, 0x8203, 0x8A24, 0x92A6, 0x9B28, 0xAB47, 0xA3EB,
  0xDE56, 0xC5B3, 0x9C6F, 0xCDD4, 0xD615, 0xBD52, 0x83CD, 0x4207, 0x10A2, 0x0000, 0x0000, 0x0000,
  0x0021, 0x0841, 0x0041, 0x0021, 0x0021, 0x0021, 0x0021, 0x0021, 0x0021, 0x0021, 0x0021, 0x0021,
  0x0021, 0x0021, 0x0021, 0x0021, 0x0021, 0x0021, 0x0021, 0x0021, 0x0021, 0x0021, 0x0021, 0x0021,
  0x0021, 0x0021, 0x0021, 0x0021, 0x0021, 0x0021, 0x0021, 0x0021, 0x0021, 0x0021, 0x0021, 0x0021,
  0x0021, 0x0021, 0x0021, 0x0021, 0x0021, 0x0021, 0x0021, 0x0021, 0x0021, 0x0021, 0x0021, 0x0021,
  0x0021, 0x0021, 0x0021, 0x0021, 0x0021, 0x0021, 0x0021, 0x0021, 0x0021, 0x0021, 0x0021, 0x0021,
  0x0021, 0x0021, 0x0021, 0x0021, 0x0021, 0x0021, 0x0021, 0x0021, 0x0021, 0x0021, 0x0021, 0x0041,
  0x0021, 0x0021, 0x0021, 0x0021, 0x0021, 0x0021, 0x0021, 0x0021, 0x0041, 0x0041, 0x0021, 0x0021,
  0x0021, 0x0021, 0x0021, 0x0021, 0x0021, 0x0021, 0x0021, 0x0021, 0x0021, 0x0021, 0x0021, 0x0021,
  0x0021, 0x0021, 0x0021, 0x0021, 0x0021, 0x0021, 0x0021, 0x0021, 0x0021, 0x0021, 0x0021, 0x0021,
  0x0021, 0x0021, 0x0021, 0x0021, 0x0021, 0x0021, 0x0021, 0x0021, 0x0021, 0x0021, 0x0021, 0x0021,
  0x0021, 0x0021, 0x0021, 0x0021, 0x0021, 0x0021, 0x0021, 0x0021, 0x0021, 0x0021, 0x0021, 0x0841,
  0x0000, 0x7A65, 0xD409, 0x92A6, 0x40E1, 0xA2C6, 0x8224, 0x20C2, 0x3985, 0x2965, 0x2104, 0x3943,
  0x5983, 0x79C3, 0x6A46, 0xC5D4, 0xDE76, 0x734B, 0x4A06, 0x734B, 0x83AD, 0x9C90, 0xC593, 0xD615,
  0xC5B3, 0x9C6F, 0x62CA, 0x2944, 0x0020, 0x0000, 0x0000, 0x0021, 0x0041, 0x0841, 0x0041, 0x0021,
  0x0021, 0x0021, 0x0021, 0x0021, 0x0021, 0x0021, 0x0021, 0x0021, 0x0021, 0x0021, 0x0021, 0x0021,
  0x0021, 0x0021, 0x0021, 0x0021, 0x0021, 0x0021, 0x0021, 0x0021, 0x0021, 0x0021, 0x0021, 0x0021,
  0x0021, 0x0021, 0x0021, 0x0021, 0x0021, 0x0021, 0x0021, 0x0021, 0x0021, 0x0021, 0x0021, 0x0021,
  0x0021, 0x0021, 0x0021, 0x0021, 0x0021, 0x0021, 0x0021, 0x0021, 0x0021, 0x0021, 0x0021, 0x0021,
  0x0021, 0x0021, 0x0021, 0x0021, 0x0021, 0x0021, 0x0021, 0x0021, 0x0021, 0x0021, 0x0021, 0x0021,
  0x0021, 0x0021, 0x0021, 0x0021, 0x0021, 0x0021, 0x0021, 0x0021, 0x0021, 0x0021, 0x0021, 0x0021,
  0x0021, 0x0021, 0x0021, 0x0021, 0x0021, 0x0021, 0x0021, 0x0021, 0x0021, 0x0021, 0x0021, 0x0021,
  0x0021, 0x0021, 0x0021, 0x0021, 0x0021, 0x0021, 0x0021, 0x0021, 0x0021, 0x0021, 0x0021, 0x0021,
  0x0021, 0x0021, 0x0021, 0x0021, 0x0021, 0x0021, 0x0021, 0x0021, 0x0021, 0x0021, 0x0021, 0x0021,
  0x0021, 0x0021, 0x0021, 0x0021, 0x0021, 0x0021, 0x0021, 0x0021, 0x0021, 0x0021, 0x0021, 0x0021,
  0x0021, 0x0021, 0x0841, 0x0000, 0x51C5, 0xEC6A, 0xAB89, 0x4922, 0x38E2, 0xA2A5, 0x8204, 0x18A2,
  0x3944, 0x3985, 0x2966, 0x2965, 0x1925, 0x2124, 0xC594, 0xE697, 0x8C0E, 0x5A88, 0x4A27, 0x7B6C,
  0x7B6B, 0x7B6B, 0x7B6B, 0x7B8C, 0x8C0E, 0xB552, 0xCDF5, 0xC593, 0xB532, 0x83CD, 0x41C6, 0x1082,
  0x0000, 0x0000, 0x0000, 0x0021, 0x0841, 0x0041, 0x0021, 0x0021, 0x0021, 0x0021, 0x0021, 0x0021,
  0x0021, 0x0021, 0x0021, 0x0021, 0x0021, 0x0021, 0x0021, 0x0021, 0x0021, 0x0021, 0x0021, 0x0021,
  0x0021, 0x0021, 0x0021, 0x0021, 0x0021, 0x0041, 0x0021, 0x0021, 0x0021, 0x0021, 0x0021, 0x0021,
  0x0021, 0x0021, 0x0021, 0x0021, 0x0021, 0x0021, 0x0021, 0x0021, 0x0021, 0x0021, 0x0021, 0x0021,
  0x0021, 0x0021, 0x0021, 0x0021, 0x0021, 0x0021, 0x0021, 0x0021, 0x0021, 0x0021, 0x0021, 0x0021,
  0x0021, 0x0021, 0x0021, 0x0021, 0x0021, 0x0021, 0x0021, 0x0021, 0x0021, 0x0021, 0x0021, 0x0021,
  0x0021, 0x0021, 0x0021, 0x0041, 0x0021, 0x0021, 0x0021, 0x0021, 0x0021, 0x0021, 0x0021, 0x0021,
  0x0021, 0x0021, 0x0021, 0x0021, 0x0021, 0x0021, 0x0021, 0x0021, 0x0021, 0x0021, 0x0021, 0x0021,
  0x0021, 0x0021, 0x0021, 0x0021, 0x0021, 0x0021, 0x0021, 0x0021, 0x0021, 0x0021, 0x0021, 0x0021,
  0x0021, 0x0021, 0x0021, 0x0041, 0x0021, 0x0021, 0x0021, 0x0021, 0x0021, 0x0021, 0x0021, 0x0021,
  0x0021, 0x0021, 0x0021, 0x0021, 0x0021, 0x0041, 0x0000, 0x20E3, 0xD429, 0xC40A, 0x6A04, 0x20E3,
  0x4143, 0x8A24, 0x69A3, 0x3123, 0x2166, 0x2965, 0x2966, 0x2966, 0x2145, 0xA4D1, 0xEED7, 0xA4B0,
  0x62C9, 0x41C6, 0x41C6, 0x6B0A, 0x7B8C, 0x838C, 0x83AC, 0x838C, 0x838C, 0x732B, 0x6B0A, 0xAD32,
  0xAD12, 0xBD52, 0xD635, 0xC5B4, 0x9C6F, 0x5AA9, 0x2124, 0x0000, 0x0000, 0x0000, 0x0020, 0x0041,
  0x0841, 0x0041, 0x0021, 0x0021, 0x0021, 0x0021, 0x0021, 0x0021, 0x0021, 0x0021, 0x0021, 0x0021,
  0x0021, 0x0021, 0x0021, 0x0021, 0x0021, 0x0021, 0x0021, 0x0021, 0x0021, 0x0021, 0x0021, 0x0021,
  0x0021, 0x0021, 0x0021, 0x0021, 0x0021, 0x0021, 0x0021, 0x0021, 0x0021, 0x0021, 0x0021, 0x0021,
  0x0021, 0x0021, 0x0021, 0x0021, 0x0021, 0x0021, 0x0021, 0x0021, 0x0021, 0x0021, 0x0021, 0x0021,
  0x0021, 0x0021, 0x0021, 0x0021, 0x0021, 0x0021, 0x0041, 0x0021, 0x0021, 0x0021, 0x0021, 0x0021,
  0x0021, 0x0021, 0x0021, 0x0021, 0x0021, 0x0021, 0x0021, 0x0021, 0x0041, 0x0041, 0x0021, 0x0021,
  0x0021, 0x0021, 0x0021, 0x0021, 0x0021, 0x0021, 0x0021, 0x0021, 0x0021, 0x0021, 0x0021, 0x0021,
  0x0021, 0x0021, 0x0021, 0x0021, 0x0021, 0x0021, 0x0021, 0x0021, 0x0021, 0x0021, 0x0021, 0x0021,
  0x0021, 0x0021, 0x0021, 0x0021, 0x0021, 0x0021, 0x0021, 0x0021, 0x0021, 0x0021, 0x0021, 0x0021,
  0x0021, 0x0021, 0x0021, 0x0021, 0x0021, 0x0021, 0x0021, 0x0021, 0x0041, 0x0021, 0x0041, 0xB388,
  0xDC6B, 0x7A86, 0x3902, 0x2924, 0x3902, 0x79E3, 0x69A3, 0x3103, 0x41A5, 0x3165, 0x2986, 0x18E4,
  0x8C0E, 0xF719, 0xAD12, 0x6AC9, 0x4A27, 0x41C6, 0x41E6, 0x62EA, 0x7B6B, 0x7B6B, 0x7B6C, 0x7B8C,
  0x83AC, 0x732B, 0xC5B4, 0xEED8, 0x83AC, 0x4A07, 0x83AC, 0x942F, 0xB532, 0xCDF5, 0xCDF5, 0xB532,
  0x7B8C, 0x39C6, 0x0861, 0x0000, 0x0000, 0x0000, 0x0021, 0x0841, 0x0041, 0x0021, 0x0021, 0x0021,
  0x0021, 0x0021, 0x0021, 0x0021, 0x0021, 0x0021, 0x0021, 0x0021, 0x0021, 0x0021, 0x0021, 0x0021,
  0x0021, 0x0021, 0x0021, 0x0021, 0x0021, 0x0021, 0x0021, 0x0021, 0x0021, 0x0021, 0x0021, 0x0021,
  0x0021, 0x0021, 0x0021, 0x0021, 0x0021, 0x0021, 0x0021, 0x0021, 0x0021, 0x0021, 0x0021, 0x0021,
  0x0021, 0x0021, 0x0021, 0x0021, 0x0021, 0x0021, 0x0021, 0x0021, 0x0021, 0x0021, 0x0021, 0x0021,
  0x0021, 0x0021, 0x0021, 0x0021, 0x0021, 0x0021, 0x0021, 0x0021, 0x0021, 0x0021, 0x0021, 0x0041,
  0x0021, 0x0021, 0x0041, 0x0041, 0x0021, 0x0021, 0x0021, 0x0021, 0x0021, 0x0021, 0x0021, 0x0021,
  0x0021, 0x0021, 0x0021, 0x0021, 0x0021, 0x0021, 0x0021, 0x0021, 0x0021, 0x0021, 0x0021, 0x0021,
  0x0021, 0x0021, 0x0021, 0x0021, 0x0021, 0x0021, 0x0021, 0x0021, 0x0021, 0x0021, 0x0021, 0x0021,
  0x0021, 0x0021, 0x0021, 0x0021, 0x0021, 0x0021, 0x0021, 0x0021, 0x0021, 0x0021, 0x0021, 0x0021,
  0x0841, 0x0000, 0x7AA6, 0xEC6A, 0x9B48, 0x4102, 0x20E3, 0x20C2, 0x20A2, 0x79E3, 0x71A3, 0x1881,
  0x3922, 0x3165, 0x18E4, 0x6B2C, 0xEED8, 0xBD73, 0x732B, 0x5227, 0x4A07, 0x41E6, 0x41C6, 0x5A68,
  0x732B, 0x734B, 0x734B, 0x7B6C, 0x6B0A, 0xBD53, 0xEED8, 0x9C6F, 0x6AE9, 0x5A89, 0x7B8C, 0x734B,
  0x734B, 0x734B, 0x83AC, 0xA4B0, 0xC5B4, 0xD635, 0xC5B4, 0x944F, 0x5268, 0x18E3, 0x0000, 0x0000,
  0x0000, 0x0021, 0x0841, 0x0841, 0x0041, 0x0021, 0x0021, 0x0021, 0x0021, 0x0021, 0x0021, 0x0021,
  0x0021, 0x0021, 0x0021, 0x0021, 0x0021, 0x0021, 0x0021, 0x0021, 0x0021, 0x0021, 0x0021, 0x0021,
  0x0021, 0x0021, 0x0021, 0x0021, 0x0021, 0x0021, 0x0021, 0x0021, 0x0021, 0x0021, 0x0021, 0x0021,
  0x0021, 0x0021, 0x0021, 0x0021, 0x0021, 0x0021, 0x0021, 0x0021, 0x0021, 0x0021, 0x0021, 0x0021,
  0x0021, 0x0021, 0x0021, 0x0021, 0x0021, 0x0021, 0x0021, 0x0021, 0x0021, 0x0021, 0x0021, 0x0021,
  0x0021, 0x0021, 0x0021, 0x0041, 0x0021, 0x0041, 0x0041, 0x0041, 0x0041, 0x0021, 0x0021, 0x0021,
  0x0021, 0x0021, 0x0021, 0x0021, 0x0021, 0x0021, 0x0021, 0x0021, 0x0021, 0x0021, 0x0021, 0x0021,
  0x0021, 0x0021, 0x0021, 0x0021, 0x0021, 0x0021, 0x0021, 0x0021, 0x0021, 0x0021, 0x0021, 0x0021,
  0x0041, 0x0021, 0x0021, 0x0021, 0x0021, 0x0021, 0x0021, 0x0021, 0x0021, 0x0021, 0x0021, 0x0021,
  0x0021, 0x0021, 0x0021, 0x0841, 0x0000, 0x49C4, 0xEC6A, 0xB3C9, 0x5162, 0x18E3, 0x2124, 0x28E3,
  0x3123, 0x41A5, 0x28E2, 0x2103, 0x2124, 0x10C3, 0x4A68, 0xE697, 0xC5D4, 0x62C9, 0x4A06, 0x4A07,
  0x5227, 0x41E6, 0x39C6, 0x4A27, 0x6AEA, 0x732B, 0x734B, 0x62C9, 0xACF1, 0xEED8, 0xA4D1, 0x7B4A,
  0x732A, 0x4A07, 0x734B, 0x7B6B, 0x7B6B, 0x7B6C, 0x7B6B, 0x732B, 0x732B, 0x7B8C, 0x9C6F, 0xBD52,
  0xD615, 0xCDF4, 0xAD11, 0x734B, 0x39A6, 0x0861, 0x0000, 0x0000, 0x0000, 0x0041, 0x0841, 0x0041,
  0x0021, 0x0021, 0x0021, 0x0021, 0x0021, 0x0021, 0x0021, 0x0021, 0x0021, 0x0021, 0x0021, 0x0021,
  0x0021, 0x0021, 0x0021, 0x0021, 0x0021, 0x0021, 0x0021, 0x0021, 0x0021, 0x0021, 0x0021, 0x0021,
  0x0021, 0x0021, 0x0021, 0x0021, 0x0021, 0x0021, 0x0021, 0x0021, 0x0021, 0x0021, 0x0021, 0x0021,
  0x0021, 0x0021, 0x0021, 0x0021, 0x0021, 0x0021, 0x0041, 0x0021, 0x0021, 0x0021, 0x0021, 0x0041,
  0x0021, 0x0021, 0x0021, 0x0021, 0x0021, 0x0021, 0x0021, 0x0021, 0x0041, 0x0041, 0x0021, 0x0021,
  0x0021, 0x0021, 0x0021, 0x0021, 0x0021, 0x0021, 0x0021, 0x0021, 0x0021, 0x0021, 0x0021, 0x0021,
  0x0021, 0x0021, 0x0021, 0x0021, 0x0021, 0x0021, 0x0021, 0x0021, 0x0021, 0x0021, 0x0021, 0x0021,
  0x0021, 0x0021, 0x0021, 0x0021, 0x0021, 0x0021, 0x0021, 0x0021, 0x0021, 0x0021, 0x0021, 0x0021,
  0x0021, 0x0021, 0x0021, 0x0021, 0x0021, 0x0021, 0x0041, 0x0000, 0x20E2, 0xD409, 0xCC2A, 0x7204,
  0x28C2, 0x1904, 0x2124, 0x20E3, 0x2923, 0x2944, 0x2104, 0x4A07, 0x5A88, 0x41E6, 0xC5B4, 0xE6B7,
  0xCDF5, 0x944F, 0x62C9, 0x41E6, 0x39A6, 0x3165, 0x3985, 0x4A27, 0x62C9, 0x732B, 0x62A9, 0x9C90,
  0xF6F8, 0xB552, 0x732A, 0x838B, 0x732A, 0x41E6, 0x6B0A, 0x7B4B, 0x734B, 0x7B6B, 0x7B8C, 0x7B8C,
  0x838C, 0x7B8C, 0x7B4B, 0x732A, 0x7B6C, 0x8C0E, 0xACF1, 0xCDD4, 0xCDD4, 0xB532, 0x940E, 0x5268,
  0x18C3, 0x0000, 0x0000, 0x0000, 0x0021, 0x0841, 0x0841, 0x0041, 0x0021, 0x0021, 0x0021, 0x0021,
  0x0021, 0x0021, 0x0021, 0x0021, 0x0021, 0x0021, 0x0021, 0x0021, 0x0021, 0x0021, 0x0021, 0x0021,
  0x0021, 0x0021, 0x0021, 0x0021, 0x0021, 0x0021, 0x0021, 0x0021, 0x0021, 0x0021, 0x0021, 0x0021,
  0x0021, 0x0021, 0x0021, 0x0021, 0x0021, 0x0021, 0x0021, 0x0021, 0x0021, 0x0021, 0x0021, 0x0021,
  0x0021, 0x0021, 0x0021, 0x0021, 0x0021, 0x0021, 0x0021, 0x0021, 0x0021, 0x0021, 0x0021, 0x0021,
  0x0021, 0x0021, 0x0021, 0x0021, 0x0041, 0x0021, 0x0021, 0x0021, 0x0021, 0x0021, 0x0021, 0x0021,
  0x0021, 0x0021, 0x0021, 0x0021, 0x0021, 0x0021, 0x0021, 0x0021, 0x0021, 0x0021, 0x0021, 0x0021,
  0x0021, 0x0021, 0x0021, 0x0021, 0x0021, 0x0021, 0x0021, 0x0021, 0x0021, 0x0021, 0x0021, 0x0021,
  0x0021, 0x0021, 0x0021, 0x0021, 0x0021, 0x0021, 0x0021, 0x0021, 0x0021, 0x0041, 0x0021, 0x0021,
  0xAB48, 0xDC4A, 0x7A66, 0x38E2, 0x1904, 0x2104, 0x2104, 0x18E3, 0x62C8, 0x18E3, 0x2104, 0x2945,
  0x2944, 0x5268, 0xC572, 0xBD53, 0xCDD4, 0xDE77, 0xDE77, 0xCDF5, 0xA4D1, 0x6B2B, 0x4A27, 0x39A6,
  0x5247, 0x5A88, 0x83EE, 0xE697, 0xBD53, 0x6AEA, 0x7B4A, 0x7B6B, 0x730A, 0x4A07, 0x62A9, 0x732B,
  0x732B, 0x734B, 0x7B4B, 0x7B6B, 0x7B6C, 0x7B6C, 0x7B8C, 0x7B8C, 0x83AC, 0x7B8C, 0x7B6C, 0x62C9,
  0x9C90, 0xBD73, 0xB532, 0xD615, 0xCDD4, 0xACD1, 0x732B, 0x3185, 0x0841, 0x0000, 0x0000, 0x0000,
  0x0041, 0x0841, 0x0841, 0x0021, 0x0021, 0x0021, 0x0021, 0x0021, 0x0021, 0x0021, 0x0021, 0x0021,
  0x0021, 0x0021, 0x0021, 0x0021, 0x0021, 0x0021, 0x0021, 0x0021, 0x0021, 0x0021, 0x0021, 0x0021,
  0x0021, 0x0041, 0x0021, 0x0021, 0x0021, 0x0021, 0x0021, 0x0021, 0x0021, 0x0021, 0x0021, 0x0021,
  0x0021, 0x0021, 0x0021, 0x0021, 0x0021, 0x0021, 0x0021, 0x0021, 0x0021, 0x0021, 0x0021, 0x0021,
  0x0021, 0x0021, 0x0021, 0x0021, 0x0021, 0x0021, 0x0041, 0x0021, 0x0021, 0x0021, 0x0021, 0x0021,
  0x0021, 0x0021, 0x0021, 0x0021, 0x0021, 0x0021, 0x0021, 0x0021, 0x0021, 0x0021, 0x0021, 0x0021,
  0x0021, 0x0021, 0x0021, 0x0021, 0x0021, 0x0021, 0x0021, 0x0021, 0x0021, 0x0021, 0x0021, 0x0021,
  0x0021, 0x0021, 0x0021, 0x0021, 0x0021, 0x0021, 0x0021, 0x0021, 0x0021, 0x0021, 0x0021, 0x0021,
  0x0021, 0x0841, 0x0000, 0x6A25, 0xEC6A, 0x9B48, 0x4102, 0x18E4, 0x2124, 0x2124, 0x10C3, 0x6AE9,
  0x41E6, 0x1904, 0x2945, 0x2104, 0x2924, 0x6AEA, 0xCDB3, 0xC572, 0xC552, 0xBD31, 0xBD52, 0xC5D4,
  0xD635, 0xDE77, 0xDE77, 0xB552, 0x83AD, 0x83CD, 0xE697, 0xDE56, 0xB532, 0x8BED, 0x7B6B, 0x6AC9,
  0x62A8, 0x39C6, 0x5248, 0x6B0A, 0x732B, 0x732B, 0x732B, 0x734B, 0x734B, 0x734B, 0x7B6B, 0x7B6B,
  0x7B8C, 0x83AC, 0x6B2A, 0x9C90, 0xEED8, 0xC5B4, 0x5227, 0x6B0A, 0x8BCD, 0xACF1, 0xCDD4, 0xD615,
  0xBD73, 0x8C0E, 0x4A27, 0x18C2, 0x0000, 0x0000, 0x0000, 0x0021, 0x0021, 0x0841, 0x0041, 0x0021,
  0x0021, 0x0021, 0x0021, 0x0021, 0x0021, 0x0021, 0x0021, 0x0021, 0x0021, 0x0021, 0x0021, 0x0021,
  0x0021, 0x0021, 0x0021, 0x0021, 0x0021, 0x0021, 0x0021, 0x0021, 0x0021, 0x0021, 0x0021, 0x0021,
  0x0021, 0x0021, 0x0021, 0x0021, 0x0021, 0x0021, 0x0021, 0x0021, 0x0021, 0x0021, 0x0021, 0x0021,
  0x0021, 0x0021, 0x0021, 0x0021, 0x0021, 0x0021, 0x0021, 0x0041, 0x0041, 0x0021, 0x0021, 0x0041,
  0x0021, 0x0021, 0x0021, 0x0021, 0x0021, 0x0021, 0x0021, 0x0021, 0x0021, 0x0021, 0x0021, 0x0021,
  0x0021, 0x0021, 0x0021, 0x0021, 0x0021, 0x0021, 0x0021, 0x0021, 0x0021, 0x0021, 0x0021, 0x0021,
  0x0021, 0x0021, 0x0021, 0x0021, 0x0021, 0x0021, 0x0021, 0x0021, 0x0021, 0x0021, 0x0021, 0x0021,
  0x0021, 0x0021, 0x0021, 0x0021, 0x0041, 0x0000, 0x3102, 0xA2C6, 0x9B08, 0x5983, 0x20E3, 0x2104,
  0x2124, 0x10C3, 0x5A68, 0x5A88, 0x18E4, 0x3186, 0x2945, 0x3164, 0x7B6B, 0x9C6F, 0xC572, 0xCDB3,
  0xCDB3, 0xCDB2, 0xCDB3, 0xC572, 0xBD31, 0xBD52, 0xC593, 0xD635, 0xA4D1, 0xC5D5, 0xDE77, 0xDE77,
  0xEEB7, 0xE697, 0xD615, 0xB552, 0x942F, 0x5A89, 0x4207, 0x5A88, 0x6B0A, 0x732B, 0x734B, 0x734B,
  0x734B, 0x734B, 0x7B6B, 0x7B4B, 0x7B8C, 0x6B0A, 0x942F, 0xEED7, 0xC5B4, 0x838C, 0x4A06, 0x6B0A,
  0x7B8C, 0x7B4B, 0x734B, 0x7B8C, 0x9C8F, 0xC593, 0xD635, 0xCDD4, 0x9C90, 0x732A, 0x51A4, 0x1881,
  0x0021, 0x0000, 0x0000, 0x0021, 0x0041, 0x0041, 0x0041, 0x0021, 0x0021, 0x0021, 0x0021, 0x0041,
  0x0021, 0x0021, 0x0021, 0x0021, 0x0021, 0x0021, 0x0021, 0x0021, 0x0021, 0x0021, 0x0021, 0x0021,
  0x0021, 0x0021, 0x0021, 0x0021, 0x0021, 0x0021, 0x0021, 0x0021, 0x0021, 0x0021, 0x0021, 0x0021,
  0x0021, 0x0021, 0x0041, 0x0021, 0x0021, 0x0021, 0x0021, 0x0021, 0x0021, 0x0021, 0x0021, 0x0041,
  0x0021, 0x0021, 0x0021, 0x0041, 0x0021, 0x0021, 0x0021, 0x0021, 0x0021, 0x0021, 0x0021, 0x0021,
  0x0021, 0x0021, 0x0021, 0x0021, 0x0021, 0x0021, 0x0021, 0x0021, 0x0021, 0x0021, 0x0021, 0x0021,
  0x0021, 0x0021, 0x0021, 0x0021, 0x0021, 0x0021, 0x0021, 0x0021, 0x0021, 0x0021, 0x0021, 0x0021,
  0x0021, 0x0021, 0x0021, 0x0021, 0x0021, 0x0021, 0x0021, 0x0041, 0x0021, 0x18A2, 0xCBC8, 0xC40A,
  0x61C4, 0x28E2, 0x1904, 0x2124, 0x18C3, 0x3985, 0x732A, 0x18C3, 0x59C5, 0x39A6, 0x39A6, 0x62A9,
  0xD5F4, 0x944E, 0xC572, 0xCDB3, 0xBD31, 0xACF0, 0xC593, 0xCD92, 0xCDB3, 0xD5D3, 0xC572, 0xB511,
  0x942E, 0xBD31, 0xBD32, 0xBD93, 0xC5B4, 0xD615, 0xDE76, 0xEED8, 0xEEB8, 0xDE76, 0xC594, 0x9C90,
  0x7B8C, 0x6B0A, 0x62CA, 0x6AEA, 0x732B, 0x7B6B, 0x7B6B, 0x7B6B, 0x6B0A, 0x83EE, 0xE6B7, 0xCDF5,
  0x83AC, 0x62A8, 0x3165, 0x62C9, 0x7B8C, 0x838C, 0x83AC, 0x7B8C, 0x7B6B, 0x734B, 0x732B, 0x8BEE,
  0xDE76, 0xE697, 0xBC4D, 0xD3A7, 0xB347, 0x7204, 0x38E2, 0x0841, 0x0000, 0x0000, 0x0001, 0x0041,
  0x0841, 0x0841, 0x0041, 0x0021, 0x0021, 0x0841, 0x0041, 0x0021, 0x0021, 0x0021, 0x0021, 0x0021,
  0x0021, 0x0021, 0x0021, 0x0021, 0x0021, 0x0021, 0x0021, 0x0021, 0x0021, 0x0021, 0x0021, 0x0021,
  0x0021, 0x0021, 0x0021, 0x0021, 0x0021, 0x0021, 0x0021, 0x0021, 0x0021, 0x0021, 0x0021, 0x0021,
  0x0021, 0x0041, 0x0021, 0x0021, 0x0041, 0x0021, 0x0021, 0x0021, 0x0021, 0x0021, 0x0021, 0x0021,
  0x0021, 0x0021, 0x0021, 0x0021, 0x0021, 0x0021, 0x0021, 0x0021, 0x0021, 0x0021, 0x0021, 0x0021,
  0x0021, 0x0021, 0x0021, 0x0021, 0x0021, 0x0021, 0x0021, 0x0021, 0x0021, 0x0021, 0x0021, 0x0021,
  0x0021, 0x0021, 0x0021, 0x0021, 0x0021, 0x0021, 0x0021, 0x0021, 0x0021, 0x0021, 0x0021, 0x0041,
  0x0000, 0x9B07, 0xE46A, 0x82C6, 0x4101, 0x2104, 0x2124, 0x1904, 0x2924, 0x7B4A, 0x2965, 0x31A6,
  0x59A4, 0x3165, 0x5A88, 0xC572, 0xD614, 0x9C4F, 0xC552, 0xCD92, 0xBD31, 0x942E, 0x734A, 0x9C6E,
  0xBD31, 0xB510, 0xCD92, 0xC592, 0xA48F, 0xCD93, 0xCD92, 0xCDB3, 0xCD93, 0xC593, 0xBD52, 0xBD94,
  0xCDF5, 0xDE56, 0xE697, 0xEEB7, 0xE676, 0xCDF5, 0xB512, 0x8C0E, 0x734B, 0x62EA, 0x6B0A, 0x62C9,
  0x736C, 0xE677, 0xD635, 0x8BED, 0x62A9, 0x4A07, 0x41E6, 0x5268, 0x734B, 0x7B4B, 0x7B6B, 0x838C,
  0x83AC, 0x83AC, 0x6B0A, 0xB532, 0xDE56, 0xA4D0, 0x72A7, 0x9B07, 0xC40A, 0xD42A, 0xDC2A, 0xC3A8,
  0x92A6, 0x5183, 0x20A1, 0x0000, 0x0000, 0x0001, 0x0000, 0x10A2, 0x10A2, 0x0000, 0x0000, 0x0000,
  0x0021, 0x0021, 0x0021, 0x0021, 0x0021, 0x0021, 0x0021, 0x0021, 0x0021, 0x0021, 0x0021, 0x0021,
  0x0021, 0x0021, 0x0021, 0x0021, 0x0021, 0x0021, 0x0021, 0x0021, 0x0021, 0x0021, 0x0021, 0x0021,
  0x0021, 0x0021, 0x0021, 0x0041, 0x0021, 0x0021, 0x0021, 0x0021, 0x0021, 0x0021, 0x0021, 0x0021,
  0x0021, 0x0021, 0x0021, 0x0021, 0x0021, 0x0021, 0x0021, 0x0021, 0x0021, 0x0021, 0x0021, 0x0021,
  0x0021, 0x0021, 0x0021, 0x0021, 0x0021, 0x0021, 0x0021, 0x0021, 0x0021, 0x0021, 0x0021, 0x0021,
  0x0021, 0x0021, 0x0021, 0x0021, 0x0021, 0x0021, 0x0021, 0x0021, 0x0021, 0x0021, 0x0021, 0x0021,
  0x0021, 0x0021, 0x0841, 0x0000, 0x61E4, 0xEC6A, 0x9B48, 0x4102, 0x30E2, 0x2903, 0x2124, 0x10C3,
  0x734A, 0x4207, 0x2945, 0x31C7, 0x31C7, 0x4207, 0xACD0, 0xDE76, 0xD635, 0x9C4E, 0xC551, 0xCD92,
  0xBD31, 0x8BCD, 0x20E3, 0x18C3, 0x4A07, 0x9C4E, 0xC592, 0xC572, 0xA48F, 0xCDB3, 0x83AC, 0x7B6B,
  0xACD0, 0xC572, 0xCDB3, 0xCDB3, 0xC572, 0xBD52, 0xBD52, 0xC5B4, 0xD636, 0xE6B7, 0xEED8, 0xEED8,
  0xDE76, 0xBD93, 0x9C6F, 0x83CD, 0xD635, 0xDE76, 0x940E, 0x6AE9, 0x41E6, 0x5227, 0x41E6, 0x5227,
  0x6B0A, 0x734B, 0x734B, 0x7B6B, 0x7B6C, 0x6B0A, 0xACF1, 0xEED7, 0xB532, 0x9C4E, 0x6A67, 0x6141,
  0x8204, 0x9285, 0xA348, 0xB3C9, 0xCC2B, 0xE46A, 0xD409, 0xAB27, 0x7204, 0x38E2, 0x1081, 0xB3E9,
  0xCBE9, 0x9327, 0x5A05, 0x20C2, 0x0041, 0x0021, 0x0021, 0x0021, 0x0021, 0x0021, 0x0021, 0x0021,
  0x0021, 0x0021, 0x0021, 0x0021, 0x0021, 0x0021, 0x0021, 0x0021, 0x0021, 0x0021, 0x0021, 0x0021,
  0x0021, 0x0021, 0x0021, 0x0021, 0x0021, 0x0021, 0x0021, 0x0021, 0x0021, 0x0021, 0x0021, 0x0021,
  0x0021, 0x0021, 0x0021, 0x0021, 0x0021, 0x0021, 0x0021, 0x0021, 0x0021, 0x0021, 0x0021, 0x0021,
  0x0021, 0x0021, 0x0021, 0x0021, 0x0021, 0x0021, 0x0021, 0x0021, 0x0021, 0x0021, 0x0021, 0x0021,
  0x0021, 0x0021, 0x0021, 0x0021, 0x0021, 0x0021, 0x0021, 0x0021, 0x0021, 0x0021, 0x0021, 0x0021,
  0x0021, 0x0021, 0x0021, 0x0021, 0x0021, 0x0841, 0x0000, 0x3102, 0xDC29, 0xBBEA, 0x61A3, 0x28E2,
  0x4122, 0x2104, 0x10A3, 0x5A88, 0x5AA9, 0x2124, 0x39C7, 0x3186, 0x41C6, 0x944E, 0xE676, 0xD614,
  0xDE35, 0x9C4E, 0xC572, 0xCD92, 0xB511, 0x940D, 0x2924, 0x0882, 0x2924, 0xA48F, 0xC592, 0xC552,
  0xA46F, 0xD5D3, 0x836B, 0x6AC8, 0x8BAC, 0x62A8, 0x7B4B, 0x8C0D, 0xBD11, 0xD5D3, 0xD5F3, 0xCD93,
  0xBD72, 0xBD53, 0xC594, 0xD616, 0xE697, 0xEED8, 0xEEB7, 0xE697, 0xE698, 0x9C6F, 0x6AE9, 0x41E6,
  0x5247, 0x5247, 0x41C6, 0x4A07, 0x5AA9, 0x734B, 0x732B, 0x7B6B, 0x6AEA, 0x944F, 0xEED8, 0xBD73,
  0x93EC, 0xA46E, 0x5247, 0x18A2, 0x3123, 0x5983, 0x79C3, 0x8A03, 0x9265, 0x9AE7, 0xB3A9, 0xCC2A,
  0xDC2A, 0xB347, 0xA3A9, 0xE408, 0xD3E8, 0xE429, 0xE44A, 0xD44B, 0x3943, 0x0000, 0x0041, 0x0021,
  0x0021, 0x0021, 0x0021, 0x0021, 0x0021, 0x0021, 0x0021, 0x0021, 0x0021, 0x0021, 0x0021, 0x0021,
  0x0021, 0x0021, 0x0021, 0x0021, 0x0021, 0x0021, 0x0021, 0x0021, 0x0021, 0x0021, 0x0021, 0x0021,
  0x0021, 0x0021, 0x0021, 0x0021, 0x0021, 0x0021, 0x0021, 0x0021, 0x0021, 0x0021, 0x0021, 0x0021,
  0x0021, 0x0021, 0x0021, 0x0021, 0x0021, 0x0021, 0x0021, 0x0021, 0x0021, 0x0021, 0x0021, 0x0021,
  0x0021, 0x0021, 0x0021, 0x0021, 0x0021, 0x0021, 0x0021, 0x0021, 0x0021, 0x0021, 0x0021, 0x0021,
  0x0021, 0x0021, 0x0021, 0x0021, 0x0021, 0x0021, 0x0021, 0x0021, 0x0041, 0x0021, 0x0861, 0xBB88,
  0xD44B, 0x7225, 0x28C2, 0x2104, 0x3902, 0x18E3, 0x39A5, 0x732A, 0x2125, 0x31A6, 0x3186, 0x39C6,
  0x732A, 0xDE35, 0xDE56, 0xDE35, 0xDE56, 0x9C6F, 0xBD31, 0xC572, 0xB511, 0x93ED, 0x39A5, 0x18A2,
  0x2944, 0xA48F, 0xC572, 0xBD31, 0xA46F, 0xD5F4, 0x8BCC, 0x7B4A, 0xA48E, 0x836B, 0x62A8, 0x0841,
  0x18E3, 0x41E7, 0x7B6C, 0xACD0, 0xCD93, 0xD5D3, 0xCD93, 0xC572, 0xBD52, 0xC594, 0xD615, 0xDE56,
  0xA4B0, 0x7309, 0x5A88, 0x5A68, 0x4A06, 0x41C6, 0x3165, 0x4A07, 0x5A88, 0x732B, 0x732A, 0x62C9,
  0x7BAD, 0xE697, 0xCDF5, 0x93ED, 0x9C0D, 0xA46E, 0x5268, 0x18C3, 0x2165, 0x2145, 0x2104, 0x2923,
  0x4963, 0x71C3, 0x8203, 0x8A24, 0x92A5, 0x6A25, 0xABCA, 0xBBEA, 0xCC2A, 0xD429, 0xDC6B, 0x9B48,
  0x40E1, 0x0001, 0x0041, 0x0021, 0x0021, 0x0021, 0x0021, 0x0021, 0x0021, 0x0021, 0x0021, 0x0021,
  0x0021, 0x0021, 0x0021, 0x0021, 0x0021, 0x0021, 0x0021, 0x0021, 0x0021, 0x0021, 0x0021, 0x0021,
  0x0021, 0x0021, 0x0021, 0x0021, 0x0021, 0x0021, 0x0021, 0x0021, 0x0021, 0x0021, 0x0021, 0x0021,
  0x0021, 0x0021, 0x0021, 0x0021, 0x0021, 0x0021, 0x0021, 0x0021, 0x0021, 0x0021, 0x0021, 0x0021,
  0x0021, 0x0021, 0x0021, 0x0021, 0x0021, 0x0021, 0x0021, 0x0021, 0x0021, 0x0021, 0x0021, 0x0021,
  0x0021, 0x0021, 0x0021, 0x0021, 0x0021, 0x0021, 0x0021, 0x0021, 0x0021, 0x0021, 0x0021, 0x0021,
  0x0041, 0x0000, 0x8A85, 0xE48B, 0x8AE7, 0x38C1, 0x1904, 0x2124, 0x30E2, 0x2924, 0x83AC, 0x2945,
  0x31A6, 0x31A7, 0x3186, 0x5A88, 0xCDF4, 0xDE35, 0xDE35, 0xDE35, 0xDE76, 0x942E, 0xBD10, 0xC592,
  0xB4F0, 0x8BAC, 0x9C4E, 0xA48F, 0x7B6B, 0x942E, 0xC551, 0xBD31, 0xA46F, 0xD5F4, 0x8BAC, 0x7309,
  0x9C0D, 0x83AC, 0x6AE9, 0x18C3, 0x10A2, 0x0862, 0x0861, 0x1082, 0x2964, 0x62C9, 0x9C4E, 0xBD51,
  0xCD92, 0xC572, 0xC572, 0xACD0, 0x7B29, 0x6AE9, 0xC593, 0xDE56, 0xBD73, 0x942E, 0x5A88, 0x41E6,
  0x41E6, 0x62C9, 0x6AE9, 0x6B0B, 0xDE56, 0xDE56, 0x942E, 0x9C2D, 0x9C0D, 0xA46E, 0x5248, 0x18C3,
  0x2945, 0x2965, 0x2965, 0x2965, 0x2145, 0x2125, 0x20E3, 0x3123, 0x61A3, 0x71C3, 0xA2A5, 0xA2E6,
  0xA307, 0xAB88, 0x9348, 0x81E3, 0x4102, 0x0000, 0x0041, 0x0021, 0x0021, 0x0021, 0x0021, 0x0021,
  0x0021, 0x0021, 0x0021, 0x0021, 0x0021, 0x0021, 0x0021, 0x0021, 0x0021, 0x0021, 0x0021, 0x0021,
  0x0021, 0x0021, 0x0021, 0x0021, 0x0021, 0x0041, 0x0021, 0x0021, 0x0021, 0x0021, 0x0021, 0x0021,
  0x0021, 0x0021, 0x0021, 0x0021, 0x0021, 0x0021, 0x0021, 0x0021, 0x0021, 0x0021, 0x0021, 0x0021,
  0x0021, 0x0021, 0x0021, 0x0021, 0x0021, 0x0021, 0x0021, 0x0021, 0x0021, 0x0021, 0x0021, 0x0021,
  0x0021, 0x0021, 0x0021, 0x0021, 0x0021, 0x0021, 0x0021, 0x0021, 0x0021, 0x0021, 0x0021, 0x0021,
  0x0021, 0x0021, 0x0021, 0x0841, 0x0000, 0x51A4, 0xEC6A, 0xA368, 0x4922, 0x18E3, 0x2104, 0x2124,
  0x18A2, 0x6B0A, 0x41E7, 0x3186, 0x31A6, 0x31A7, 0x4A07, 0xB4F1, 0xE676, 0xD615, 0xDE35, 0xDE56,
  0xBD72, 0x7B6B, 0xA48F, 0xB4CF, 0xBD31, 0xB4F0, 0xA46E, 0xA48F, 0xA48F, 0x8BCC, 0xBD51, 0xBD51,
  0xA48F, 0xD5D3, 0x8BAC, 0x730A, 0x9C2D, 0x838C, 0x6AC9, 0x10A2, 0x10A2, 0x18A2, 0x18C2, 0x10A2,
  0x1082, 0x0861, 0x0841, 0x41C6, 0x8BCC, 0xA48F, 0xD5D3, 0xACB0, 0x6AC8, 0x7B4A, 0xBD52, 0xC593,
  0xCDF5, 0xDE56, 0xE697, 0xCE15, 0xA4D1, 0x7B6C, 0x62EA, 0xC5D4, 0xE697, 0x9C4F, 0x9C0D, 0x9C2D,
  0x940D, 0x9C4E, 0x5247, 0x18C3, 0x2124, 0x2945, 0x2945, 0x2945, 0x2965, 0x2965, 0x3145, 0x4184,
  0x1105, 0x59C4, 0xAAE6, 0x9AA5, 0xAAC5, 0xA2C5, 0x8224, 0x8A04, 0x4102, 0x0000, 0x0021, 0x0021,
  0x0021, 0x0021, 0x0021, 0x0021, 0x0021, 0x0021, 0x0021, 0x0021, 0x0021, 0x0021, 0x0021, 0x0021,
  0x0021, 0x0021, 0x0021, 0x0041, 0x0021, 0x0021, 0x0021, 0x0021, 0x0021, 0x0021, 0x0021, 0x0021,
  0x0021, 0x0021, 0x0021, 0x0021, 0x0021, 0x0021, 0x0021, 0x0021, 0x0021, 0x0021, 0x0021, 0x0021,
  0x0021, 0x0021, 0x0021, 0x0021, 0x0021, 0x0021, 0x0021, 0x0021, 0x0021, 0x0021, 0x0021, 0x0021,
  0x0021, 0x0021, 0x0021, 0x0021, 0x0021, 0x0021, 0x0021, 0x0021, 0x0021, 0x0021, 0x0021, 0x0021,
  0x0021, 0x0021, 0x0021, 0x0021, 0x0021, 0x0021, 0x0841, 0x0001, 0x28C2, 0xDC09, 0xC42A, 0x69C3,
  0x20C3, 0x2104, 0x2124, 0x10A3, 0x5A88, 0x5268, 0x1904, 0x7205, 0x49A5, 0x3185, 0x942E, 0xDE55,
  0xD5F4, 0xDE55, 0xDE35, 0xE676, 0xACF1, 0x83AC, 0x8C0D, 0x83AC, 0x940D, 0xA4AF, 0xB511, 0xBD31,
  0xB4D0, 0xB4D0, 0xC551, 0xBD11, 0x9C6F, 0xD5D4, 0x8BAC, 0x7309, 0x93EC, 0x838B, 0x6AE9, 0x10A2,
  0x10A2, 0x10A2, 0x10A2, 0x10A2, 0x18C3, 0x18C3, 0x0861, 0x5268, 0xBD31, 0x940D, 0xD5F4, 0xACAF,
  0x72E9, 0x838B, 0xCD93, 0xC572, 0xBD51, 0xBD31, 0xBD73, 0xCDF5, 0xDE56, 0xDE56, 0xDE36, 0xE697,
  0xACD1, 0x93CC, 0x9C0D, 0x940D, 0x940D, 0xA44D, 0x5247, 0x18C3, 0x2124, 0x2945, 0x2945, 0x2945,
  0x2945, 0x2965, 0x2945, 0x3124, 0x2166, 0x51C4, 0x7A04, 0x92A5, 0x7A04, 0x9A85, 0x8A65, 0x8204,
  0x4102, 0x0000, 0x0021, 0x0021, 0x0021, 0x0021, 0x0021, 0x0021, 0x0021, 0x0021, 0x0021, 0x0021,
  0x0021, 0x0021, 0x0021, 0x0021, 0x0021, 0x0021, 0x0021, 0x0041, 0x0041, 0x0021, 0x0021, 0x0021,
  0x0021, 0x0021, 0x0021, 0x0021, 0x0021, 0x0021, 0x0021, 0x0021, 0x0021, 0x0021, 0x0021, 0x0021,
  0x0021, 0x0021, 0x0021, 0x0021, 0x0021, 0x0021, 0x0021, 0x0021, 0x0021, 0x0021, 0x0021, 0x0021,
  0x0021, 0x0021, 0x0021, 0x0021, 0x0021, 0x0021, 0x0021, 0x0021, 0x0021, 0x0021, 0x0021, 0x0021,
  0x0021, 0x0021, 0x0021, 0x0021, 0x0021, 0x0021, 0x0021, 0x0021, 0x0021, 0x0021, 0x0021, 0x0020,
  0xA327, 0xDC4A, 0x7225, 0x28C2, 0x1904, 0x2124, 0x18C3, 0x41E6, 0x7B6B, 0x2104, 0x31C6, 0x3185,
  0x41E6, 0x732A, 0xC593, 0xD615, 0xDE35, 0xDE35, 0xDE35, 0xE676, 0xB532, 0x62C9, 0x7B6B, 0x8BCD,
  0x83CC, 0x83AC, 0x8BCD, 0x940D, 0x9C2E, 0xACD0, 0xBD11, 0xB4D0, 0x9C4E, 0xD5F4, 0x8BAC, 0x7309,
  0x93CC, 0x838B, 0x6AE9, 0x10A2, 0x10A2, 0x10A2, 0x10A2, 0x10A2, 0x10A2, 0x18C3, 0x0841, 0x5AA9,
  0xD5D3, 0x9C4E, 0xCDD3, 0xACD0, 0x7309, 0x836B, 0xBD51, 0xC572, 0xCDB3, 0xCDD3, 0xCDB3, 0xC572,
  0xB511, 0xBD52, 0xC593, 0xAD11, 0x93ED, 0x9C2D, 0x940D, 0x9C0D, 0x940D, 0x9C4E, 0x5227, 0x18E3,
  0x2124, 0x2945, 0x2945, 0x2945, 0x2965, 0x2965, 0x2965, 0x2986, 0x2966, 0x2903, 0xB326, 0xD409,
  0x61A3, 0x8203, 0x8A65, 0x81E3, 0x3902, 0x0000, 0x0041, 0x0021, 0x0021, 0x0021, 0x0021, 0x0021,
  0x0021, 0x0021, 0x0021, 0x0021, 0x0021, 0x0021, 0x0021, 0x0021, 0x0021, 0x0021, 0x0021, 0x0021,
  0x0021, 0x0021, 0x0021, 0x0021, 0x0021, 0x0021, 0x0021, 0x0021, 0x0021, 0x0021, 0x0021, 0x0021,
  0x0021, 0x0021, 0x0021, 0x0021, 0x0021, 0x0021, 0x0021, 0x0021, 0x0021, 0x0021, 0x0021, 0x0021,
  0x0021, 0x0021, 0x0021, 0x0021, 0x0021, 0x0021, 0x0021, 0x0021, 0x0021, 0x0021, 0x0021, 0x0021,
  0x0021, 0x0021, 0x0021, 0x0021, 0x0021, 0x0021, 0x0021, 0x0021, 0x0021, 0x0021, 0x0021, 0x0021,
  0x0021, 0x0041, 0x0000, 0x6A04, 0xAB68, 0x8A86, 0x4922, 0x18E4, 0x2124, 0x18E4, 0x2124, 0x838B,
  0x2965, 0x31A6, 0x31A6, 0x31A6, 0x5A88, 0xCDD3, 0xDE35, 0xD5F4, 0xD615, 0xD635, 0xD5F4, 0xD635,
  0xD5F4, 0xA48F, 0x83CD, 0x734B, 0x730A, 0x7B4B, 0x838C, 0x8BCC, 0x8BED, 0x83AC, 0x8BED, 0x8BED,
  0x940D, 0xD5F4, 0x8BCC, 0x7309, 0x93EC, 0x836B, 0x6AC9, 0x10A2, 0x18C3, 0x1082, 0x1082, 0x10A2,
  0x10A2, 0x18C3, 0x0861, 0x5A89, 0xD5B3, 0x9C4E, 0xCDD3, 0xACF0, 0x730A, 0x7B4A, 0xBD10, 0xACB0,
  0xACD0, 0xC593, 0xC592, 0xC592, 0xCDD3, 0xCDB3, 0xCD93, 0x93ED, 0x940D, 0x9C2D, 0x940D, 0x940D,
  0x93ED, 0x940D, 0x5227, 0x10C3, 0x18E3, 0x2104, 0x2945, 0x2966, 0x2986, 0x3186, 0x2965, 0x3165,
  0x1904, 0x82C7, 0xE46A, 0x92E6, 0x30C1, 0x71E3, 0x8224, 0x79E3, 0x4102, 0x0000, 0x0021, 0x0021,
  0x0021, 0x0021, 0x0021, 0x0021, 0x0021, 0x0021, 0x0021, 0x0021, 0x0021, 0x0021, 0x0021, 0x0021,
  0x0021, 0x0021, 0x0021, 0x0021, 0x0021, 0x0021, 0x0021, 0x0021, 0x0021, 0x0021, 0x0021, 0x0021,
  0x0021, 0x0041, 0x0021, 0x0021, 0x0021, 0x0021, 0x0021, 0x0021, 0x0021, 0x0021, 0x0021, 0x0021,
  0x0021, 0x0021, 0x0021, 0x0021, 0x0021, 0x0021, 0x0021, 0x0021, 0x0021, 0x0021, 0x0021, 0x0021,
  0x0021, 0x0021, 0x0021, 0x0021, 0x0021, 0x0021, 0x0021, 0x0021, 0x0021, 0x0021, 0x0021, 0x0021,
  0x0021, 0x0021, 0x0021, 0x0021, 0x0841, 0x0000, 0x4963, 0xE449, 0xAB88, 0x4901, 0x2103, 0x2124,
  0x2104, 0x10A3, 0x7B6B, 0x41E7, 0x2965, 0x39C7, 0x31A6, 0x4A07, 0xB511, 0xDE76, 0xD635, 0xD615,
  0xD615, 0xDE35, 0xD614, 0xD635, 0xD635, 0xDE35, 0xDE35, 0xCDB3, 0xACF0, 0x8BED, 0x7B4B, 0x6B0A,
  0x734B, 0x838C, 0x8BCD, 0x7B8C, 0x8BED, 0xD5D3, 0x8BCC, 0x6AA8, 0x836A, 0x7B4B, 0x6AC9, 0x10A2,
  0x10A2, 0x3165, 0x3144, 0x18C3, 0x1082, 0x10A2, 0x0841, 0x5268, 0xD5D3, 0x9C4E, 0xD5D3, 0xB4F0,
  0x7309, 0x7B4A, 0xACAF, 0xB511, 0x730A, 0x4A07, 0x7B6B, 0x9C4E, 0xB511, 0xCDB3, 0xCDB3, 0x9C2D,
  0x93ED, 0x940D, 0x940D, 0x940D, 0x940D, 0x838B, 0x5A88, 0x5A88, 0x6AE9, 0x3185, 0x2124, 0x2125,
  0x2125, 0x2145, 0x3964, 0x4163, 0x51E5, 0xEC4A, 0xAB89, 0x4922, 0x10C3, 0x71E3, 0x8224, 0x8203,
  0x3902, 0x0000, 0x0041, 0x0021, 0x0021, 0x0021, 0x0021, 0x0021, 0x0021, 0x0021, 0x0021, 0x0021,
  0x0021, 0x0021, 0x0021, 0x0021, 0x0021, 0x0021, 0x0021, 0x0021, 0x0021, 0x0021, 0x0021, 0x0021,
  0x0021, 0x0041, 0x0021, 0x0021, 0x0021, 0x0021, 0x0021, 0x0021, 0x0021, 0x0021, 0x0021, 0x0021,
  0x0021, 0x0021, 0x0021, 0x0021, 0x0021, 0x0021, 0x0021, 0x0021, 0x0021, 0x0021, 0x0021, 0x0021,
  0x0021, 0x0021, 0x0021, 0x0021, 0x0021, 0x0021, 0x0021, 0x0021, 0x0021, 0x0021, 0x0021, 0x0021,
  0x0021, 0x0021, 0x0021, 0x0021, 0x0021, 0x0021, 0x0021, 0x0041, 0x0000, 0x18A2, 0xCBC8, 0xC40A,
  0x61C3, 0x28A1, 0x2124, 0x2945, 0x10A3, 0x62C9, 0x62C9, 0x2125, 0x39C7, 0x31A6, 0x41C6, 0x942E,
  0xDE56, 0xD614, 0xD615, 0xD635, 0xDE55, 0xDE35, 0xDE35, 0xDE35, 0xD615, 0xD615, 0xD615, 0xD615,
  0xDE35, 0xDE35, 0xCDF4, 0xBD52, 0x9C6F, 0x83AC, 0x732A, 0x6AEA, 0x83AC, 0xCDB3, 0x8BAC, 0x5A68,
  0x730A, 0x730A, 0x6AC9, 0x1082, 0x39A6, 0x5A89, 0x5A88, 0x5247, 0x41E6, 0x3185, 0x10A2, 0x5A88,
  0xD5D3, 0x9C4E, 0xD5D3, 0xB4F0, 0x72E9, 0x7B2A, 0xA46E, 0xB4F0, 0x6AE9, 0x1082, 0x0841, 0x5A68,
  0xB4D0, 0xCDB3, 0xCDB3, 0x9C2E, 0x93EC, 0x940D, 0x940D, 0x940D, 0x8BAB, 0x6AC9, 0x5247, 0x6AE9,
  0xA46E, 0xACAF, 0xACF0, 0x83AC, 0x5248, 0x2944, 0x18E4, 0x3185, 0xCBC8, 0xCBE9, 0x69E4, 0x3103,
  0x3123, 0x71C3, 0x7A04, 0x79E3, 0x4101, 0x1861, 0x0021, 0x0021, 0x0021, 0x0021, 0x0021, 0x0021,
  0x0021, 0x0021, 0x0021, 0x0021, 0x0021, 0x0021, 0x0021, 0x0021, 0x0021, 0x0021, 0x0021, 0x0021,
  0x0021, 0x0021, 0x0021, 0x0021, 0x0021, 0x0021, 0x0021, 0x0021, 0x0021, 0x0021, 0x0021, 0x0021,
  0x0021, 0x0021, 0x0021, 0x0021, 0x0021, 0x0021, 0x0021, 0x0021, 0x0021, 0x0021, 0x0021, 0x0021,
  0x0021, 0x0021, 0x0021, 0x0021, 0x0021, 0x0021, 0x0021, 0x0021, 0x0021, 0x0021, 0x0021, 0x0021,
  0x0021, 0x0021, 0x0021, 0x0021, 0x0021, 0x0021, 0x0021, 0x0021, 0x0021, 0x0021, 0x0021, 0x0021,
  0x0020, 0xA307, 0xDC6A, 0x7A86, 0x30E2, 0x3902, 0x2124, 0x18E3, 0x4A07, 0x734B, 0x1905, 0x31C7,
  0x31A6, 0x3185, 0x732A, 0xDE35, 0xD614, 0xD5F4, 0xD615, 0xD635, 0xDE35, 0xDE55, 0xDE35, 0xD635,
  0xDE35, 0xDE35, 0xDE35, 0xDE35, 0xD635, 0xD615, 0xD615, 0xDE55, 0xDE76, 0xD635, 0xC5B3, 0x9C8F,
  0x8BCD, 0xCDB3, 0x8BCC, 0x5A47, 0x838C, 0x7B2A, 0x62A8, 0x3164, 0x5A88, 0x5268, 0x5A68, 0x5A68,
  0x5A88, 0x5A88, 0x4A07, 0x6B0A, 0xCDB3, 0x9C4E, 0xD5D3, 0xB4F0, 0x72E9, 0x7B4A, 0xA44E, 0xACB0,
  0x62A9, 0x1082, 0x0882, 0x5A89, 0xB511, 0xCD93, 0xCDB3, 0x9C2E, 0x93EC, 0x940D, 0x93ED, 0x93EC,
  0x6AE9, 0x5A88, 0x4A07, 0x836B, 0xA48F, 0xD614, 0xDE35, 0xDE35, 0xD5F4, 0xCD92, 0x6B2A, 0x9AE6,
  0xE48B, 0x8AA6, 0x3102, 0x2924, 0x28C2, 0x61A3, 0x71C3, 0x6162, 0x8244, 0x8245, 0x0000, 0x0021,
  0x0021, 0x0021, 0x0021, 0x0021, 0x0021, 0x0021, 0x0021, 0x0021, 0x0021, 0x0021, 0x0021, 0x0021,
  0x0021, 0x0021, 0x0021, 0x0021, 0x0021, 0x0021, 0x0021, 0x0021, 0x0021, 0x0021, 0x0021, 0x0021,
  0x0021, 0x0021, 0x0021, 0x0021, 0x0021, 0x0021, 0x0021, 0x0021, 0x0021, 0x0021, 0x0021, 0x0021,
  0x0021, 0x0021, 0x0021, 0x0021, 0x0021, 0x0021, 0x0021, 0x0021, 0x0021, 0x0021, 0x0021, 0x0021,
  0x0021, 0x0021, 0x0021, 0x0021, 0x0021, 0x0021, 0x0021, 0x0021, 0x0021, 0x0021, 0x0021, 0x0021,
  0x0021, 0x0021, 0x0841, 0x0000, 0x7225, 0xEC8A, 0x9B27, 0x4102, 0x3943, 0x3102, 0x18E4, 0x2944,
  0x8BCC, 0x2125, 0x51A5, 0x41C6, 0x31A6, 0x5267, 0xC5B3, 0xD635, 0xD615, 0xD615, 0xD615, 0xD615,
  0xDE35, 0xDE55, 0xDE35, 0xDE35, 0xDE55, 0xDE35, 0xDE35, 0xDE35, 0xDE35, 0xDE35, 0xD635, 0xDE35,
  0xD615, 0xD615, 0xE676, 0xC573, 0x8BCC, 0xCDB3, 0x836B, 0x41C5, 0x62A9, 0x5A88, 0x5227, 0x62C9,
  0x6AEA, 0x7B6B, 0x83AC, 0x7B8C, 0x732B, 0x62A9, 0x5248, 0x732A, 0xCD72, 0x9C4E, 0xD5D4, 0xB4F0,
  0x72E9, 0x7B2A, 0x93EC, 0x9C4E, 0x7B6B, 0x62A9, 0x3185, 0x5268, 0xB511, 0xCDB3, 0xCDB3, 0x940D,
  0x93EC, 0x93ED, 0x93EC, 0x730A, 0x62A9, 0x49E6, 0x730A, 0xA46E, 0xCDD3, 0xDE55, 0xD615, 0xD5F4,
  0xDE35, 0xCDF4, 0x9349, 0xE449, 0xA368, 0x4902, 0x18E3, 0x2124, 0x10C3, 0x6182, 0x6182, 0x69A3,
  0xAB47, 0x69A3, 0x0020, 0x0021, 0x0021, 0x0021, 0x0021, 0x0021, 0x0021, 0x0021, 0x0021, 0x0021,
  0x0021, 0x0021, 0x0021, 0x0021, 0x0021, 0x0021, 0x0021, 0x0021, 0x0021, 0x0021, 0x0021, 0x0021,
  0x0021, 0x0021, 0x0021, 0x0021, 0x0021, 0x0021, 0x0021, 0x0021, 0x0021, 0x0021, 0x0021, 0x0021,
  0x0021, 0x0021, 0x0021, 0x0021, 0x0021, 0x0021, 0x0021, 0x0021, 0x0021, 0x0021, 0x0021, 0x0021,
  0x0021, 0x0021, 0x0021, 0x0021, 0x0021, 0x0021, 0x0021, 0x0021, 0x0021, 0x0021, 0x0021, 0x0021,
  0x0021, 0x0021, 0x0021, 0x0021, 0x0021, 0x0841, 0x0000, 0x3943, 0xE449, 0xB3A9, 0x5962, 0x18E3,
  0x2104, 0x3123, 0x18C3, 0x838B, 0x4207, 0x2966, 0x59A4, 0x3964, 0x4A27, 0xB4F1, 0xDE55, 0xD614,
  0xD615, 0xD635, 0xD635, 0xD635, 0xDE55, 0xDE56, 0xDE55, 0xDE55, 0xDE56, 0xDE35, 0xD635, 0xD635,
  0xDE35, 0xD635, 0xDE35, 0xDE35, 0xD614, 0xD635, 0xD5F5, 0x8C0E, 0xA48F, 0xACF0, 0x7B6B, 0x8BCC,
  0xACD0, 0xA4B0, 0x942E, 0x8C0E, 0x83AD, 0x83AC, 0x83AC, 0x83CD, 0x83CD, 0x83AC, 0x7B6C, 0x838C,
  0xC572, 0x9C4E, 0xD5D3, 0xACD0, 0x6AE9, 0x7B4A, 0x93EC, 0x9C4E, 0x9C2E, 0xACD0, 0xB511, 0x8BED,
  0xACAF, 0xCDB3, 0xCD93, 0x9C2D, 0x93CC, 0x940D, 0x732A, 0x62A9, 0x4A27, 0x62C9, 0x9C4E, 0xC5B3,
  0xD615, 0xD635, 0xD635, 0xD615, 0xDE55, 0x838B, 0xCBA8, 0xC3EA, 0x61A3, 0x18C3, 0x1904, 0x2104,
  0x20C3, 0x3102, 0x6162, 0xA307, 0x8245, 0x6182, 0x0020, 0x0021, 0x0021, 0x0021, 0x0021, 0x0021,
  0x0021, 0x0021, 0x0021, 0x0021, 0x0021, 0x0021, 0x0021, 0x0021, 0x0021, 0x0021, 0x0021, 0x0021,
  0x0021, 0x0041, 0x0021, 0x0021, 0x0021, 0x0021, 0x0021, 0x0021, 0x0021, 0x0021, 0x0021, 0x0021,
  0x0021, 0x0021, 0x0021, 0x0021, 0x0021, 0x0021, 0x0021, 0x0021, 0x0021, 0x0021, 0x0021, 0x0021,
  0x0021, 0x0021, 0x0021, 0x0021, 0x0021, 0x0021, 0x0021, 0x0021, 0x0021, 0x0021, 0x0021, 0x0021,
  0x0021, 0x0021, 0x0021, 0x0021, 0x0021, 0x0021, 0x0021, 0x0021, 0x0041, 0x0021, 0x1081, 0xCBC9,
  0xD44B, 0x69E4, 0x20C2, 0x1924, 0x2944, 0x28A1, 0x62C9, 0x5AA9, 0x2124, 0x31A6, 0x2986, 0x3185,
  0x940D, 0xDE56, 0xD5F4, 0xD615, 0xD635, 0xD635, 0xDE35, 0xDE35, 0xDE55, 0xDE55, 0xDE35, 0xDE35,
  0xDE35, 0xDE35, 0xDE35, 0xD615, 0xD615, 0xD635, 0xDE55, 0xDE35, 0xDE35, 0xDE35, 0xCDD4, 0x6B0A,
  0x8BCC, 0x9C4E, 0xACD0, 0xC5B3, 0xCDD4, 0xD5F4, 0xD5D4, 0xCDB3, 0xBD72, 0xACF1, 0x942E, 0x83AC,
  0x7B8C, 0x83AC, 0x7B8C, 0x838C, 0xC551, 0x9C4E, 0xD5D3, 0xACD0, 0x6AC8, 0x6288, 0x7B4A, 0xACAF,
  0xBD30, 0xACAF, 0xA48E, 0x940D, 0xA46F, 0xC572, 0xC592, 0x940D, 0x93CC, 0x7B4B, 0x62C9, 0x5227,
  0x5267, 0x940D, 0xBD31, 0xDE56, 0xD635, 0xD635, 0xD615, 0xE696, 0x946F, 0xA306, 0xDC6A, 0x7A25,
  0x28C2, 0x1904, 0x2104, 0x2104, 0x20A2, 0x5983, 0xCBC9, 0x8AA6, 0x79C3, 0x20A1, 0x0021, 0x0021,
  0x0021, 0x0021, 0x0021, 0x0021, 0x0021, 0x0021, 0x0021, 0x0021, 0x0021, 0x0021, 0x0021, 0x0021,
  0x0021, 0x0021, 0x0021, 0x0021, 0x0021, 0x0021, 0x0021, 0x0021, 0x0021, 0x0021, 0x0021, 0x0021,
  0x0021, 0x0021, 0x0021, 0x0021, 0x0021, 0x0021, 0x0021, 0x0021, 0x0021, 0x0021, 0x0021, 0x0021,
  0x0021, 0x0021, 0x0021, 0x0021, 0x0021, 0x0021, 0x0021, 0x0021, 0x0021, 0x0021, 0x0021, 0x0021,
  0x0021, 0x0021, 0x0021, 0x0021, 0x0021, 0x0021, 0x0021, 0x0021, 0x0021, 0x0021, 0x0021, 0x0021,
  0x0041, 0x0000, 0x9AE6, 0xE48B, 0x8AA6, 0x30E1, 0x1904, 0x2124, 0x18C3, 0x39A5, 0x732A, 0x1904,
  0x31A6, 0x3186, 0x41E7, 0x6AE9, 0xCDF4, 0xD615, 0xD615, 0xD615, 0xDE35, 0xDE35, 0xD615, 0xDE55,
  0xDE55, 0xDE35, 0xDE35, 0xDE35, 0xDE35, 0xDE35, 0xD635, 0xD635, 0xD615, 0xDE35, 0xDE35, 0xDE55,
  0xDE56, 0xD635, 0xDE35, 0xBD72, 0x9C6F, 0x838B, 0x732A, 0x838B, 0x8BED, 0xACD0, 0xC573, 0xCDB3,
  0xD5F4, 0xD5F4, 0xCDD4, 0xC572, 0xACF1, 0x9C6F, 0x838C, 0x7B4B, 0xBD11, 0x9C4E, 0xD5D3, 0xACAF,
  0x6288, 0x5247, 0x62A8, 0x8BCC, 0x9C4E, 0xA48F, 0xB4D0, 0xBCF0, 0xC551, 0xC592, 0xC593, 0x93ED,
  0x7B2A, 0x62C9, 0x5A68, 0x5247, 0x940D, 0xB511, 0xDE35, 0xDE35, 0xD635, 0xD614, 0xDE35, 0xC593,
  0x92E7, 0xE44A, 0x9B07, 0x4102, 0x18E4, 0x2104, 0x2104, 0x1904, 0x28C1, 0xAB06, 0x9B28, 0x8203,
  0x4102, 0x0000, 0x0041, 0x0021, 0x0021, 0x0021, 0x0021, 0x0021, 0x0021, 0x0021, 0x0021, 0x0021,
  0x0021, 0x0021, 0x0021, 0x0021, 0x0021, 0x0021, 0x0021, 0x0021, 0x0021, 0x0021, 0x0021, 0x0021,
  0x0021, 0x0021, 0x0021, 0x0021, 0x0021, 0x0021, 0x0021, 0x0021, 0x0021, 0x0021, 0x0021, 0x0021,
  0x0021, 0x0021, 0x0021, 0x0021, 0x0021, 0x0021, 0x0021, 0x0021, 0x0021, 0x0021, 0x0021, 0x0021,
  0x0021, 0x0021, 0x0021, 0x0021, 0x0021, 0x0021, 0x0021, 0x0021, 0x0021, 0x0021, 0x0021, 0x0021,
  0x0021, 0x0021, 0x0021, 0x0841, 0x0000, 0x61E5, 0xEC8B, 0x9B48, 0x4902, 0x18E3, 0x2124, 0x18E4,
  0x2104, 0x838B, 0x2965, 0x31A6, 0x31A6, 0x31A6, 0x5A67, 0xBD31, 0xD635, 0xD615, 0xD635, 0xDE35,
  0xDE55, 0xDE35, 0xDE35, 0xDE35, 0xDE35, 0xDE35, 0xDE35, 0xDE55, 0xDE35, 0xDE35, 0xD635, 0xDE35,
  0xDE35, 0xDE35, 0xDE35, 0xDE56, 0xDE56, 0xDE55, 0xDE35, 0xE676, 0xE696, 0xD615, 0xBD72, 0xACD0,
  0x8BED, 0x7B4B, 0x7B4B, 0x8BAC, 0xA48F, 0xBD52, 0xC5B3, 0xD5F4, 0xD5F4, 0xCDB3, 0xC592, 0xACF1,
  0x942E, 0x83AC, 0xD5B3, 0xACD0, 0x6AC9, 0x5227, 0x5A68, 0x7B6B, 0x8BCC, 0x8BCD, 0x8BED, 0x942E,
  0xA46F, 0xACD0, 0xBD11, 0x838B, 0x6AE9, 0x62A9, 0x41E6, 0x83AB, 0xACF0, 0xDE56, 0xDE35, 0xD615,
  0xD5F4, 0xD635, 0xDE56, 0x7309, 0xBB87, 0xBBC9, 0x5962, 0x18E3, 0x2124, 0x2104, 0x2124, 0x18C2,
  0x9AA5, 0xAB68, 0x8224, 0x6182, 0x0021, 0x0021, 0x0021, 0x0021, 0x0021, 0x0021, 0x0021, 0x0021,
  0x0021, 0x0021, 0x0021, 0x0021, 0x0021, 0x0021, 0x0021, 0x0021, 0x0021, 0x0021, 0x0021, 0x0021,
  0x0021, 0x0021, 0x0021, 0x0021, 0x0021, 0x0021, 0x0021, 0x0021, 0x0021, 0x0021, 0x0021, 0x0021,
  0x0021, 0x0021, 0x0021, 0x0021, 0x0021, 0x0021, 0x0021, 0x0021, 0x0021, 0x0021, 0x0021, 0x0021,
  0x0021, 0x0021, 0x0021, 0x0021, 0x0021, 0x0021, 0x0021, 0x0021, 0x0021, 0x0021, 0x0021, 0x0021,
  0x0021, 0x0021, 0x0021, 0x0021, 0x0021, 0x0021, 0x0041, 0x0001, 0x2081, 0xA306, 0xB388, 0x6183,
  0x18C3, 0x2104, 0x2104, 0x10C3, 0x734A, 0x41E7, 0x2986, 0x31A6, 0x3186, 0x41E6, 0xACD0, 0xE676,
  0xDE35, 0xDE55, 0xDE35, 0xDE55, 0xDE35, 0xD635, 0xDE55, 0xDE55, 0xD635, 0xDE35, 0xDE35, 0xDE35,
  0xDE55, 0xD635, 0xD635, 0xDE55, 0xDE55, 0xDE55, 0xDE56, 0xDE55, 0xDE55, 0xDE56, 0xDE56, 0xDE35,
  0xDE56, 0xDE56, 0xE676, 0xE696, 0xDE76, 0xCDD4, 0xB511, 0x944E, 0x7B6B, 0x732A, 0x838C, 0x9C4F,
  0xB511, 0xC573, 0xCDD4, 0xD5F4, 0xCDB3, 0x9C4F, 0xCDB3, 0xACAF, 0x6AA8, 0x62A8, 0x41A5, 0x62C9,
  0x732A, 0x838C, 0x8BED, 0x940D, 0x8BCD, 0x83CC, 0x942E, 0x732A, 0x62A8, 0x4A27, 0x7B6B, 0xACAF,
  0xD615, 0xDE35, 0xD635, 0xDE35, 0xD615, 0xE696, 0x9C6F, 0x8A85, 0x92E6, 0x71E3, 0x28E3, 0x1904,
  0x2104, 0x2125, 0x10E3, 0x7A24, 0xD40A, 0x8265, 0x79C3, 0x1041, 0x0021, 0x0021, 0x0021, 0x0021,
  0x0021, 0x0021, 0x0021, 0x0021, 0x0021, 0x0021, 0x0021, 0x0021, 0x0021, 0x0021, 0x0021, 0x0021,
  0x0021, 0x0021, 0x0021, 0x0021, 0x0021, 0x0021, 0x0021, 0x0021, 0x0021, 0x0021, 0x0021, 0x0021,
  0x0021, 0x0021, 0x0021, 0x0021, 0x0021, 0x0021, 0x0021, 0x0021, 0x0021, 0x0021, 0x0021, 0x0021,
  0x0021, 0x0021, 0x0021, 0x0021, 0x0021, 0x0021, 0x0021, 0x0021, 0x0021, 0x0021, 0x0021, 0x0021,
  0x0021, 0x0021, 0x0021, 0x0021, 0x0021, 0x0021, 0x0021, 0x0021, 0x0021, 0x0041, 0x0021, 0x1061,
  0xB347, 0xBBC9, 0x61A3, 0x28E2, 0x1904, 0x2124, 0x1082, 0x62C9, 0x5AA9, 0x1904, 0x31C7, 0x31A7,
  0x39C6, 0x83AC, 0xDE56, 0xD614, 0xDE35, 0xDE35, 0xDE35, 0xDE35, 0xD635, 0xDE35, 0xDE35, 0xDE35,
  0xDE35, 0xDE35, 0xDE35, 0xD635, 0xD615, 0xD635, 0xD635, 0xD635, 0xDE35, 0xDE56, 0xDE56, 0xDE55,
  0xDE56, 0xDE76, 0xDE56, 0xD635, 0xDE55, 0xDE55, 0xDE35, 0xD635, 0xDE35, 0xDE55, 0xE676, 0xE676,
  0xD614, 0xBD52, 0xA48F, 0x7B6B, 0x730A, 0x838C, 0x940E, 0xA4AF, 0xC593, 0xACF1, 0xB4F0, 0x93ED,
  0x732A, 0x5247, 0x7B6B, 0xC593, 0x9C6F, 0x83CC, 0x734B, 0x730A, 0x7B4B, 0x83AC, 0x942E, 0x732A,
  0x41C5, 0x6AE9, 0xA46E, 0xCDD4, 0xDE56, 0xDE35, 0xDE35, 0xD635, 0xE676, 0xAD11, 0x8AA6, 0xDC4A,
  0x8265, 0x2881, 0x2104, 0x2104, 0x2124, 0x1904, 0x4943, 0xC367, 0x8AA6, 0x79C3, 0x28C1, 0x0001,
  0x0041, 0x0021, 0x0021, 0x0021, 0x0021, 0x0021, 0x0021, 0x0021, 0x0021, 0x0021, 0x0021, 0x0021,
  0x0021, 0x0021, 0x0021, 0x0021, 0x0021, 0x0021, 0x0021, 0x0021, 0x0021, 0x0021, 0x0021, 0x0021,
  0x0021, 0x0021, 0x0021, 0x0021, 0x0021, 0x0021, 0x0021, 0x0021, 0x0021, 0x0021, 0x0021, 0x0021,
  0x0021, 0x0021, 0x0021, 0x0021, 0x0021, 0x0021, 0x0021, 0x0021, 0x0021, 0x0021, 0x0021, 0x0021,
  0x0021, 0x0021, 0x0021, 0x0021, 0x0021, 0x0021, 0x0021, 0x0021, 0x0021, 0x0021, 0x0021, 0x0021,
  0x0021, 0x0041, 0x0000, 0x8AA5, 0xE46A, 0x92E7, 0x30A1, 0x18E4, 0x2924, 0x10C3, 0x41E6, 0x734B,
  0x18C3, 0x6A25, 0x41A6, 0x31A6, 0x6B0A, 0xD5F4, 0xD614, 0xD615, 0xD635, 0xDE35, 0xDE35, 0xD635,
  0xD635, 0xDE55, 0xDE55, 0xDE55, 0xDE55, 0xDE35, 0xD635, 0xD615, 0xD635, 0xDE35, 0xD635, 0xD615,
  0xDE56, 0xDE55, 0xDE55, 0xDE56, 0xDE56, 0xDE35, 0xDE55, 0xDE55, 0xDE35, 0xDE55, 0xDE56, 0xD635,
  0xD615, 0xDE35, 0xDE35, 0xD615, 0xDE35, 0xDE55, 0xE696, 0xDE35, 0xC593, 0xACD0, 0x8BED, 0x7B6B,
  0x7B6B, 0x8BCC, 0xA48F, 0xACF1, 0x6AEA, 0x62C9, 0xD614, 0xDE35, 0xDE55, 0xDE35, 0xCDD4, 0xACF0,
  0x940E, 0x7B6C, 0x7B4B, 0x5247, 0x6AC9, 0xBD31, 0xCDD4, 0xDE35, 0xD615, 0xD635, 0xD635, 0xD615,
  0xCE15, 0x8B4A, 0xDC09, 0xA369, 0x5121, 0x28E2, 0x2124, 0x2124, 0x1924, 0x20C2, 0xB306, 0xA327,
  0x8203, 0x4922, 0x0000, 0x0041, 0x0021, 0x0021, 0x0021, 0x0021, 0x0021, 0x0021, 0x0021, 0x0021,
  0x0021, 0x0021, 0x0021, 0x0021, 0x0021, 0x0021, 0x0021, 0x0021, 0x0021, 0x0021, 0x0021, 0x0021,
  0x0021, 0x0021, 0x0021, 0x0021, 0x0021, 0x0021, 0x0021, 0x0021, 0x0021, 0x0021, 0x0021, 0x0021,
  0x0021, 0x0021, 0x0021, 0x0021, 0x0021, 0x0021, 0x0021, 0x0021, 0x0021, 0x0021, 0x0021, 0x0021,
  0x0021, 0x0021, 0x0021, 0x0021, 0x0021, 0x0021, 0x0021, 0x0021, 0x0021, 0x0021, 0x0021, 0x0021,
  0x0021, 0x0021, 0x0021, 0x0021, 0x0841, 0x0000, 0x59A4, 0xF4AB, 0xA368, 0x4922, 0x3102, 0x2124,
  0x1904, 0x2124, 0x8BCC, 0x3165, 0x31A6, 0x49A4, 0x3985, 0x5267, 0xC593, 0xDE56, 0xD635, 0xDE35,
  0xDE35, 0xDE35, 0xD635, 0xD635, 0xDE35, 0xDE55, 0xDE56, 0xDE55, 0xDE35, 0xDE55, 0xD635, 0xDE35,
  0xDE55, 0xDE35, 0xDE35, 0xDE35, 0xDE35, 0xDE35, 0xDE55, 0xDE35, 0xDE35, 0xDE55, 0xDE55, 0xDE56,
  0xDE56, 0xDE55, 0xDE55, 0xDE55, 0xDE35, 0xDE35, 0xDE55, 0xDE35, 0xDE55, 0xDE35, 0xD614, 0xDE55,
  0xDE56, 0xDE56, 0xDE76, 0xD5F4, 0xACF0, 0x940E, 0x83AC, 0x62A9, 0x62A8, 0xD614, 0xDE35, 0xD615,
  0xD635, 0xD615, 0xDE35, 0xDE55, 0xDE56, 0xD615, 0xBD52, 0x9C8F, 0xCDD4, 0xDE35, 0xD615, 0xD615,
  0xD635, 0xD635, 0xD615, 0xE696, 0x8BCC, 0xCBC8, 0xD44A, 0x5183, 0x28C2, 0x4143, 0x1904, 0x2124,
  0x10C3, 0x9285, 0xC3A9, 0x8245, 0x71A3, 0x0021, 0x0021, 0x0021, 0x0021, 0x0021, 0x0021, 0x0021,
  0x0021, 0x0021, 0x0021, 0x0021, 0x0021, 0x0021, 0x0021, 0x0021, 0x0021, 0x0021, 0x0021, 0x0021,
  0x0021, 0x0021, 0x0021, 0x0021, 0x0021, 0x0021, 0x0021, 0x0021, 0x0021, 0x0021, 0x0021, 0x0021,
  0x0021, 0x0021, 0x0021, 0x0021, 0x0021, 0x0021, 0x0021, 0x0021, 0x0021, 0x0021, 0x0021, 0x0021,
  0x0021, 0x0021, 0x0021, 0x0021, 0x0021, 0x0021, 0x0021, 0x0021, 0x0021, 0x0021, 0x0021, 0x0021,
  0x0021, 0x0021, 0x0021, 0x0021, 0x0021, 0x0021, 0x0021, 0x0841, 0x0000, 0x20C2, 0xDC09, 0xC42A,
  0x59A3, 0x3102, 0x3943, 0x2124, 0x10A3, 0x7B4A, 0x41E6, 0x2966, 0x39E7, 0x31A6, 0x4A07, 0xB511,
  0xDE55, 0xD615, 0xD635, 0xDE35, 0xDE35, 0xDE35, 0xD615, 0xD635, 0xDE56, 0xDE56, 0xDE56, 0xDE55,
  0xD635, 0xDE35, 0xDE55, 0xDE56, 0xDE55, 0xDE35, 0xDE56, 0xDE35, 0xD635, 0xDE35, 0xDE55, 0xDE55,
  0xDE55, 0xDE56, 0xDE56, 0xDE56, 0xDE56, 0xDE55, 0xDE35, 0xDE55, 0xDE35, 0xDE55, 0xDE55, 0xDE55,
  0xDE56, 0xDE56, 0xDE35, 0xD635, 0xD635, 0xD615, 0xD615, 0xDE35, 0xDE56, 0xDE56, 0xD5F4, 0xB532,
  0xD614, 0xDE55, 0xD615, 0xD635, 0xD635, 0xDE35, 0xD614, 0xD615, 0xD615, 0xDE35, 0xDE55, 0xE676,
  0xDE35, 0xD615, 0xD635, 0xD635, 0xD635, 0xD5F4, 0xDE55, 0xACF1, 0xA307, 0xDC4A, 0x8265, 0x3103,
  0x4143, 0x28E2, 0x2124, 0x10C3, 0x61C4, 0xD409, 0x8265, 0x79E3, 0x1881, 0x0021, 0x0021, 0x0021,
  0x0021, 0x0021, 0x0021, 0x0021, 0x0021, 0x0021, 0x0021, 0x0021, 0x0021, 0x0021, 0x0021, 0x0021,
  0x0021, 0x0021, 0x0021, 0x0021, 0x0021, 0x0021, 0x0021, 0x0021, 0x0021, 0x0021, 0x0021, 0x0021,
  0x0021, 0x0021, 0x0021, 0x0021, 0x0021, 0x0021, 0x0021, 0x0021, 0x0021, 0x0021, 0x0021, 0x0021,
  0x0021, 0x0021, 0x0021, 0x0021, 0x0021, 0x0021, 0x0021, 0x0021, 0x0021, 0x0021, 0x0021, 0x0021,
  0x0021, 0x0021, 0x0021, 0x0021, 0x0021, 0x0021, 0x0021, 0x0021, 0x0021, 0x0021, 0x0021, 0x0021,
  0x0841, 0xB368, 0xDC6B, 0x7A45, 0x28E2, 0x2924, 0x4122, 0x10A3, 0x5A68, 0x5A88, 0x2125, 0x39C7,
  0x39C7, 0x41E6, 0x940D, 0xDE56, 0xD615, 0xDE35, 0xD615, 0xD635, 0xD635, 0xD615, 0xD635, 0xDE55,
  0xDE55, 0xDE56, 0xDE56, 0xDE56, 0xDE35, 0xD635, 0xDE35, 0xDE35, 0xDE55, 0xDE56, 0xDE55, 0xD635,
  0xDE35, 0xDE55, 0xDE55, 0xDE55, 0xDE55, 0xDE55, 0xDE55, 0xDE56, 0xDE76, 0xDE55, 0xDE35, 0xD635,
  0xDE35, 0xDE55, 0xDE55, 0xDE56, 0xD635, 0xDE55, 0xDE35, 0xD615, 0xD635, 0xD635, 0xD635, 0xD635,
  0xDE35, 0xD635, 0xD635, 0xDE56, 0xDE35, 0xD615, 0xD635, 0xDE35, 0xD635, 0xDE35, 0xDE35, 0xDE35,
  0xD615, 0xD615, 0xD5F4, 0xD615, 0xDE35, 0xD5F4, 0xD614, 0xD635, 0xD615, 0xDE35, 0xBD93, 0x82E8,
  0xE46A, 0x9B07, 0x40E1, 0x2145, 0x3923, 0x3902, 0x18E4, 0x3903, 0xCBA8, 0x9B07, 0x81E3, 0x38E2,
  0x0000, 0x0041, 0x0021, 0x0021, 0x0021, 0x0021, 0x0021, 0x0021, 0x0021, 0x0021, 0x0021, 0x0021,
  0x0021, 0x0021, 0x0021, 0x0021, 0x0021, 0x0021, 0x0021, 0x0021, 0x0021, 0x0021, 0x0021, 0x0021,
  0x0021, 0x0021, 0x0021, 0x0021, 0x0021, 0x0021, 0x0021, 0x0021, 0x0021, 0x0021, 0x0021, 0x0021,
  0x0021, 0x0021, 0x0021, 0x0021, 0x0021, 0x0021, 0x0021, 0x0021, 0x0021, 0x0021, 0x0021, 0x0021,
  0x0021, 0x0021, 0x0021, 0x0021, 0x0021, 0x0021, 0x0021, 0x0021, 0x0021, 0x0021, 0x0021, 0x0021,
  0x0021, 0x0021, 0x0841, 0x0000, 0x7A65, 0xEC8B, 0x92E7, 0x38E2, 0x1904, 0x2124, 0x20C2, 0x4A06,
  0x732A, 0x1904, 0x39C7, 0x31A7, 0x39C6, 0x734B, 0xD635, 0xD615, 0xDE35, 0xDE35, 0xD615, 0xD615,
  0xD615, 0xDE35, 0xDE35, 0xD635, 0xD615, 0xDE55, 0xDE55, 0xDE56, 0xDE56, 0xDE55, 0xD635, 0xD635,
  0xDE55, 0xDE56, 0xDE55, 0xDE56, 0xDE56, 0xDE55, 0xDE55, 0xD635, 0xD635, 0xDE55, 0xD635, 0xDE35,
  0xDE56, 0xDE55, 0xDE56, 0xDE35, 0xDE35, 0xDE35, 0xDE35, 0xDE55, 0xDE35, 0xD615, 0xDE35, 0xD635,
  0xD635, 0xDE55, 0xDE35, 0xDE35, 0xDE55, 0xDE35, 0xD635, 0xD615, 0xDE35, 0xDE56, 0xDE56, 0xDE35,
  0xD635, 0xDE55, 0xDE76, 0xDE55, 0xD635, 0xD635, 0xDE35, 0xD635, 0xD635, 0xD635, 0xD635, 0xD615,
  0xD5F4, 0xDE55, 0x8B8B, 0xD3C8, 0xC3EA, 0x5963, 0x18C3, 0x2125, 0x3144, 0x4123, 0x10A2, 0xA2E6,
  0xB3A9, 0x79E4, 0x5962, 0x0000, 0x0021, 0x0021, 0x0021, 0x0021, 0x0021, 0x0021, 0x0021, 0x0021,
  0x0021, 0x0021, 0x0021, 0x0021, 0x0021, 0x0021, 0x0021, 0x0021, 0x0021, 0x0021, 0x0021, 0x0021,
  0x0021, 0x0021, 0x0021, 0x0021, 0x0021, 0x0021, 0x0021, 0x0021, 0x0021, 0x0021, 0x0021, 0x0021,
  0x0021, 0x0021, 0x0021, 0x0021, 0x0021, 0x0021, 0x0021, 0x0021, 0x0021, 0x0021, 0x0021, 0x0021,
  0x0021, 0x0021, 0x0021, 0x0021, 0x0021, 0x0021, 0x0021, 0x0021, 0x0021, 0x0021, 0x0021, 0x0021,
  0x0021, 0x0021, 0x0021, 0x0021, 0x0021, 0x0841, 0x0000, 0x4963, 0xE44A, 0xABA9, 0x5122, 0x18C3,
  0x2125, 0x2104, 0x18E3, 0x838C, 0x3186, 0x31A6, 0x31A6, 0x39C7, 0x5AA8, 0xCDB3, 0xDE55, 0xD615,
  0xDE35, 0xDE35, 0xD635, 0xD635, 0xD615, 0xDE56, 0xDE35, 0xD635, 0xDE35, 0xDE35, 0xDE55, 0xDE35,
  0xDE56, 0xDE55, 0xD635, 0xDE55, 0xDE55, 0xDE55, 0xDE56, 0xDE56, 0xDE56, 0xDE55, 0xDE35, 0xDE55,
  0xDE55, 0xDE35, 0xDE35, 0xDE35, 0xDE55, 0xDE35, 0xD635, 0xDE35, 0xDE35, 0xD635, 0xDE35, 0xDE35,
  0xDE35, 0xD635, 0xD635, 0xDE55, 0xDE55, 0xDE35, 0xDE35, 0xDE55, 0xDE35, 0xDE35, 0xDE35, 0xDE35,
  0xDE56, 0xDE56, 0xDE56, 0xDE35, 0xDE35, 0xDE55, 0xDE56, 0xDE35, 0xD614, 0xD635, 0xD635, 0xDE35,
  0xDE35, 0xD615, 0xD615, 0xD614, 0xDE55, 0x942E, 0xB368, 0xDC6B, 0x69E4, 0x20C2, 0x2125, 0x2124,
  0x3123, 0x30C2, 0x7204, 0xCBC8, 0x8245, 0x71A3, 0x0841, 0x0021, 0x0021, 0x0021, 0x0021, 0x0021,
  0x0021, 0x0021, 0x0021, 0x0021, 0x0021, 0x0021, 0x0021, 0x0021, 0x0021, 0x0021, 0x0021, 0x0021,
  0x0021, 0x0021, 0x0021, 0x0021, 0x0021, 0x0021, 0x0021, 0x0021, 0x0021, 0x0021, 0x0021, 0x0021,
  0x0021, 0x0021, 0x0021, 0x0021, 0x0021, 0x0021, 0x0021, 0x0021, 0x0021, 0x0021, 0x0021, 0x0021,
  0x0021, 0x0021, 0x0021, 0x0021, 0x0021, 0x0021, 0x0021, 0x0021, 0x0021, 0x0021, 0x0021, 0x0021,
  0x0021, 0x0021, 0x0021, 0x0021, 0x0021, 0x0021, 0x0021, 0x0021, 0x0041, 0x0021, 0x18A1, 0xCBA8,
  0xCC2A, 0x69C4, 0x20C2, 0x2104, 0x2124, 0x18C3, 0x730A, 0x39C6, 0x31A6, 0x41E7, 0x39C7, 0x4A07,
  0xB511, 0xE656, 0xD615, 0xDE35, 0xDE35, 0xD635, 0xDE35, 0xDE35, 0xD635, 0xDE55, 0xDE35, 0xDE35,
  0xDE55, 0xDE55, 0xDE55, 0xDE55, 0xD635, 0xD635, 0xDE35, 0xDE35, 0xDE55, 0xDE35, 0xDE56, 0xDE56,
  0xDE55, 0xDE55, 0xDE35, 0xDE35, 0xDE56, 0xDE55, 0xDE56, 0xDE35, 0xDE35, 0xD635, 0xDE35, 0xDE56,
  0xDE35, 0xDE55, 0xDE35, 0xD615, 0xDE35, 0xDE35, 0xDE35, 0xDE55, 0xDE35, 0xDE35, 0xDE35, 0xDE56,
  0xDE55, 0xD635, 0xDE35, 0xD635, 0xDE35, 0xDE56, 0xDE35, 0xDE55, 0xDE35, 0xD635, 0xDE35, 0xD635,
  0xDE35, 0xD635, 0xDE35, 0xDE35, 0xDE35, 0xDE35, 0xD615, 0xDE55, 0xB532, 0x8AC7, 0xE44A, 0x9AE7,
  0x30E1, 0x1904, 0x2124, 0x2124, 0x18C2, 0x5142, 0xCBC8, 0x8AC6, 0x81E3, 0x28A1, 0x0001, 0x0021,
  0x0021, 0x0021, 0x0021, 0x0021, 0x0021, 0x0021, 0x0021, 0x0021, 0x0021, 0x0021, 0x0021, 0x0021,
  0x0021, 0x0021, 0x0021, 0x0021, 0x0021, 0x0021, 0x0021, 0x0021, 0x0021, 0x0021, 0x0021, 0x0021,
  0x0021, 0x0021, 0x0021, 0x0021, 0x0021, 0x0021, 0x0021, 0x0021, 0x0021, 0x0021, 0x0021, 0x0021,
  0x0021, 0x0021, 0x0021, 0x0021, 0x0021, 0x0021, 0x0021, 0x0021, 0x0021, 0x0021, 0x0021, 0x0021,
  0x0041, 0x0021, 0x0021, 0x0021, 0x0021, 0x0021, 0x0021, 0x0021, 0x0021, 0x0021, 0x0021, 0x0021,
  0x0021, 0x0000, 0x9AC6, 0xDC4A, 0x7A45, 0x28C1, 0x1904, 0x2924, 0x10A2, 0x5A88, 0x62C9, 0x1904,
  0x61E4, 0x51C5, 0x41E7, 0x940D, 0xDE76, 0xD615, 0xDE35, 0xDE35, 0xD615, 0xD615, 0xD615, 0xD635,
  0xDE35, 0xD635, 0xDE35, 0xDE55, 0xDE56, 0xDE56, 0xDE55, 0xDE55, 0xDE35, 0xDE35, 0xDE35, 0xDE35,
  0xDE55, 0xDE55, 0xDE55, 0xDE55, 0xDE35, 0xDE35, 0xD635, 0xDE35, 0xD635, 0xDE35, 0xDE35, 0xDE35,
  0xDE35, 0xD635, 0xD635, 0xDE35, 0xDE35, 0xDE55, 0xD635, 0xD635, 0xDE35, 0xDE35, 0xDE35, 0xDE35,
  0xDE35, 0xDE35, 0xDE35, 0xDE35, 0xDE35, 0xD635, 0xD635, 0xDE55, 0xDE35, 0xDE35, 0xDE56, 0xDE56,
  0xDE56, 0xD615, 0xD635, 0xD635, 0xDE35, 0xDE35, 0xDE35, 0xD635, 0xD615, 0xDE35, 0xDE35, 0xCE15,
  0x7B2A, 0xD3E9, 0xAB89, 0x4902, 0x18E4, 0x2104, 0x2124, 0x2124, 0x20A2, 0xAAE6, 0xAB68, 0x8224,
  0x4922, 0x0000, 0x0041, 0x0021, 0x0021, 0x0021, 0x0021, 0x0021, 0x0021, 0x0021, 0x0021, 0x0021,
  0x0021, 0x0021, 0x0021, 0x0021, 0x0021, 0x0021, 0x0021, 0x0021, 0x0021, 0x0021, 0x0021, 0x0021,
  0x0021, 0x0021, 0x0021, 0x0021, 0x0021, 0x0021, 0x0021, 0x0021, 0x0021, 0x0021, 0x0021, 0x0021,
  0x0021, 0x0021, 0x0021, 0x0021, 0x0021, 0x0021, 0x0021, 0x0021, 0x0021, 0x0021, 0x0021, 0x0021,
  0x0021, 0x0021, 0x0021, 0x0021, 0x0021, 0x0021, 0x0021, 0x0021, 0x0021, 0x0021, 0x0021, 0x0021,
  0x0021, 0x0021, 0x0021, 0x0841, 0x0000, 0x51A3, 0xAB27, 0x8AA6, 0x38C1, 0x18E4, 0x2124, 0x18E3,
  0x39C6, 0x732A, 0x2124, 0x39C7, 0x2965, 0x39A6, 0x732A, 0xD614, 0xD635, 0xD615, 0xD615, 0xD635,
  0xD615, 0xD615, 0xD615, 0xD635, 0xDE35, 0xDE35, 0xDE56, 0xDE56, 0xDE56, 0xDE56, 0xDE56, 0xDE56,
  0xDE56, 0xDE55, 0xDE55, 0xDE56, 0xDE55, 0xDE56, 0xDE35, 0xDE35, 0xDE35, 0xDE35, 0xDE35, 0xDE35,
  0xD635, 0xD635, 0xDE35, 0xDE35, 0xDE35, 0xD615, 0xD635, 0xD635, 0xDE35, 0xDE35, 0xD635, 0xD635,
  0xDE35, 0xD635, 0xDE35, 0xD635, 0xD635, 0xDE35, 0xDE35, 0xD635, 0xD635, 0xD635, 0xDE35, 0xD615,
  0xD635, 0xDE35, 0xDE35, 0xD615, 0xD615, 0xD615, 0xD635, 0xDE35, 0xDE35, 0xDE35, 0xD615, 0xD635,
  0xD615, 0xD614, 0xDE55, 0x8BAC, 0x8A64, 0xAB68, 0x61C3, 0x18C3, 0x2124, 0x2104, 0x2124, 0x18E3,
  0x9265, 0xB368, 0x8245, 0x6982, 0x0021, 0x0021, 0x0021, 0x0021, 0x0021, 0x0021, 0x0021, 0x0021,
  0x0021, 0x0021, 0x0021, 0x0021, 0x0021, 0x0021, 0x0021, 0x0021, 0x0021, 0x0021, 0x0021, 0x0021,
  0x0021, 0x0021, 0x0021, 0x0021, 0x0021, 0x0021, 0x0021, 0x0021, 0x0021, 0x0021, 0x0021, 0x0021,
  0x0021, 0x0021, 0x0021, 0x0021, 0x0021, 0x0021, 0x0021, 0x0021, 0x0021, 0x0021, 0x0021, 0x0021,
  0x0021, 0x0021, 0x0021, 0x0021, 0x0021, 0x0021, 0x0021, 0x0021, 0x0021, 0x0021, 0x0021, 0x0021,
  0x0021, 0x0021, 0x0021, 0x0021, 0x0021, 0x0021, 0x0841, 0x0000, 0x3943, 0xDC29, 0xAB89, 0x40E1,
  0x18C3, 0x2124, 0x2104, 0x2104, 0x838B, 0x2945, 0x3186, 0x31A6, 0x39A6, 0x5268, 0xBD72, 0xDE35,
  0xD615, 0xD635, 0xD635, 0xDE35, 0xD615, 0xD615, 0xD615, 0xD635, 0xDE56, 0xDE56, 0xDE56, 0xDE56,
  0xDE56, 0xDE56, 0xDE76, 0xDE56, 0xDE56, 0xDE56, 0xDE55, 0xDE55, 0xDE55, 0xDE55, 0xDE35, 0xDE35,
  0xDE35, 0xDE55, 0xDE35, 0xDE35, 0xDE35, 0xDE55, 0xDE55, 0xDE35, 0xDE35, 0xDE35, 0xDE55, 0xDE55,
  0xDE55, 0xDE35, 0xD635, 0xD635, 0xDE35, 0xD635, 0xDE35, 0xDE35, 0xDE35, 0xDE35, 0xDE35, 0xDE35,
  0xD615, 0xD615, 0xD635, 0xD635, 0xD615, 0xDE35, 0xDE35, 0xD635, 0xD635, 0xDE35, 0xDE35, 0xD615,
  0xD615, 0xD615, 0xD5F4, 0xD615, 0xD5F4, 0xDE56, 0xA4B0, 0x9AE6, 0xCBE9, 0x7A24, 0x30E2, 0x1904,
  0x2104, 0x2124, 0x10C3, 0x69E4, 0xD3E9, 0x8285, 0x79C3, 0x1861, 0x0021, 0x0021, 0x0021, 0x0021,
  0x0021, 0x0021, 0x0021, 0x0021, 0x0041, 0x0021, 0x0021, 0x0021, 0x0021, 0x0021, 0x0021, 0x0021,
  0x0021, 0x0021, 0x0021, 0x0021, 0x0021, 0x0021, 0x0021, 0x0021, 0x0021, 0x0021, 0x0021, 0x0021,
  0x0021, 0x0021, 0x0021, 0x0021, 0x0021, 0x0021, 0x0021, 0x0021, 0x0021, 0x0021, 0x0021, 0x0021,
  0x0021, 0x0021, 0x0021, 0x0021, 0x0021, 0x0021, 0x0021, 0x0021, 0x0021, 0x0021, 0x0021, 0x0021,
  0x0021, 0x0021, 0x0021, 0x0021, 0x0021, 0x0021, 0x0021, 0x0021, 0x0021, 0x0041, 0x0021, 0x1081,
  0xC3A8, 0xCC2A, 0x61C3, 0x28A1, 0x2124, 0x2124, 0x10A2, 0x734A, 0x4207, 0x2945, 0x31A6, 0x31A6,
  0x4A07, 0xACD0, 0xDE35, 0xD5F4, 0xD614, 0xD615, 0xD635, 0xD635, 0xD635, 0xD635, 0xDE35, 0xDE35,
  0xDE55, 0xDE35, 0xDE56, 0xDE76, 0xDE56, 0xDE56, 0xDE76, 0xDE55, 0xDE55, 0xDE55, 0xDE35, 0xDE35,
  0xDE55, 0xDE55, 0xDE35, 0xDE35, 0xDE35, 0xDE55, 0xDE35, 0xDE35, 0xDE55, 0xDE55, 0xDE55, 0xDE55,
  0xDE35, 0xDE35, 0xDE35, 0xD635, 0xDE55, 0xDE55, 0xDE35, 0xDE35, 0xDE35, 0xD635, 0xD615, 0xD635,
  0xDE55, 0xDE35, 0xDE35, 0xDE35, 0xD615, 0xDE35, 0xD635, 0xD635, 0xD615, 0xD635, 0xD635, 0xD635,
  0xDE35, 0xDE35, 0xDE35, 0xD615, 0xD615, 0xD635, 0xD615, 0xD615, 0xDE35, 0xC5B4, 0x8B28, 0xDC29,
  0x9B07, 0x4901, 0x20E3, 0x2124, 0x2124, 0x1904, 0x3923, 0xCBC8, 0x9307, 0x81E3, 0x30E1, 0x0001,
  0x0041, 0x0021, 0x0021, 0x0021, 0x0021, 0x0021, 0x0021, 0x0021, 0x0021, 0x0021, 0x0021, 0x0021,
  0x0021, 0x0021, 0x0021, 0x0021, 0x0021, 0x0021, 0x0021, 0x0021, 0x0021, 0x0021, 0x0021, 0x0021,
  0x0021, 0x0021, 0x0021, 0x0021, 0x0021, 0x0021, 0x0021, 0x0021, 0x0021, 0x0021, 0x0021, 0x0021,
  0x0021, 0x0021, 0x0021, 0x0021, 0x0021, 0x0021, 0x0021, 0x0021, 0x0021, 0x0021, 0x0021, 0x0021,
  0x0021, 0x0021, 0x0021, 0x0021, 0x0021, 0x0021, 0x0021, 0x0021, 0x0021, 0x0021, 0x0021, 0x0021,
  0x0021, 0x0041, 0x0000, 0x9AE6, 0xE46A, 0x7A66, 0x30C1, 0x2903, 0x2924, 0x10C3, 0x5AA8, 0x6AEA,
  0x2125, 0x39C7, 0x3186, 0x41E6, 0x8BED, 0xDE55, 0xD615, 0xD615, 0xD615, 0xD615, 0xDE35, 0xD635,
  0xD615, 0xD635, 0xD635, 0xDE35, 0xDE55, 0xDE55, 0xDE56, 0xDE56, 0xDE56, 0xDE55, 0xDE55, 0xDE35,
  0xDE35, 0xDE35, 0xDE55, 0xDE56, 0xDE55, 0xDE55, 0xDE55, 0xDE35, 0xDE35, 0xDE35, 0xDE35, 0xDE35,
  0xDE35, 0xDE35, 0xDE55, 0xDE35, 0xDE35, 0xD635, 0xDE35, 0xDE55, 0xDE56, 0xDE56, 0xDE56, 0xDE55,
  0xDE56, 0xD635, 0xD615, 0xD635, 0xD635, 0xD635, 0xD615, 0xD615, 0xD635, 0xDE56, 0xDE55, 0xDE56,
  0xDE35, 0xDE35, 0xDE35, 0xDE35, 0xD635, 0xDE35, 0xDE35, 0xD615, 0xD635, 0xD635, 0xD615, 0xD615,
  0xD635, 0x836A, 0xCBA8, 0xBBC9, 0x5163, 0x38E2, 0x3124, 0x2125, 0x2104, 0x18C2, 0xB306, 0xB389,
  0x8224, 0x5962, 0x0000, 0x0041, 0x0021, 0x0021, 0x0021, 0x0021, 0x0021, 0x0021, 0x0021, 0x0021,
  0x0021, 0x0021, 0x0021, 0x0021, 0x0021, 0x0021, 0x0021, 0x0021, 0x0021, 0x0021, 0x0021, 0x0021,
  0x0021, 0x0021, 0x0021, 0x0021, 0x0021, 0x0021, 0x0021, 0x0021, 0x0021, 0x0021, 0x0021, 0x0021,
  0x0021, 0x0021, 0x0021, 0x0021, 0x0021, 0x0021, 0x0021, 0x0021, 0x0021, 0x0021, 0x0021, 0x0021,
  0x0021, 0x0021, 0x0021, 0x0021, 0x0021, 0x0021, 0x0021, 0x0021, 0x0021, 0x0021, 0x0021, 0x0021,
  0x0021, 0x0021, 0x0021, 0x0021, 0x0841, 0x0000, 0x59C4, 0xEC8B, 0xA348, 0x4102, 0x3123, 0x3923,
  0x18E4, 0x39C6, 0x7B6B, 0x1904, 0x31C7, 0x31A6, 0x39A6, 0x6B2A, 0xD614, 0xD615, 0xD615, 0xD635,
  0xD635, 0xD635, 0xDE35, 0xD635, 0xD635, 0xDE35, 0xD635, 0xD635, 0xDE56, 0xDE56, 0xDE55, 0xDE35,
  0xD635, 0xD635, 0xDE35, 0xDE35, 0xDE35, 0xDE55, 0xDE35, 0xDE55, 0xDE35, 0xDE35, 0xDE35, 0xDE55,
  0xDE35, 0xDE35, 0xDE35, 0xDE55, 0xDE55, 0xDE35, 0xDE35, 0xDE35, 0xD635, 0xDE35, 0xDE56, 0xDE55,
  0xDE55, 0xDE55, 0xDE56, 0xDE56, 0xDE56, 0xDE55, 0xDE35, 0xD635, 0xD635, 0xD635, 0xD635, 0xD615,
  0xDE35, 0xDE35, 0xDE55, 0xDE56, 0xDE55, 0xDE35, 0xDE35, 0xDE55, 0xD635, 0xDE55, 0xDE35, 0xDE35,
  0xD615, 0xD615, 0xD5F4, 0xDE56, 0x942E, 0xB327, 0xD44A, 0x7A45, 0x3103, 0x4963, 0x2903, 0x2145,
  0x10C3, 0x8244, 0xCBE9, 0x8245, 0x71C3, 0x0841, 0x0021, 0x0021, 0x0021, 0x0021, 0x0021, 0x0021,
  0x0021, 0x0021, 0x0021, 0x0021, 0x0021, 0x0021, 0x0021, 0x0021, 0x0021, 0x0021, 0x0021, 0x0021,
  0x0021, 0x0021, 0x0021, 0x0021, 0x0021, 0x0021, 0x0021, 0x0021, 0x0021, 0x0021, 0x0021, 0x0021,
  0x0021, 0x0021, 0x0021, 0x0021, 0x0021, 0x0021, 0x0021, 0x0021, 0x0021, 0x0021, 0x0021, 0x0021,
  0x0021, 0x0021, 0x0021, 0x0021, 0x0021, 0x0021, 0x0021, 0x0021, 0x0021, 0x0021, 0x0021, 0x0021,
  0x0021, 0x0021, 0x0021, 0x0021, 0x0021, 0x0021, 0x0021, 0x0841, 0x0000, 0x28E2, 0xDC09, 0xBBEA,
  0x5983, 0x18C3, 0x2104, 0x30E2, 0x20E3, 0x83AB, 0x2145, 0x51C5, 0x49C6, 0x39C7, 0x5A88, 0xC572,
  0xDE55, 0xD615, 0xD615, 0xD635, 0xD635, 0xD615, 0xDE35, 0xDE55, 0xDE35, 0xDE35, 0xDE35, 0xDE35,
  0xDE56, 0xDE56, 0xDE55, 0xDE35, 0xDE35, 0xD635, 0xD635, 0xDE55, 0xDE56, 0xDE35, 0xDE35, 0xDE35,
  0xDE35, 0xDE35, 0xD635, 0xD615, 0xD635, 0xDE35, 0xDE55, 0xDE55, 0xDE35, 0xDE55, 0xDE35, 0xD635,
  0xDE35, 0xDE56, 0xDE56, 0xDE56, 0xDE35, 0xDE55, 0xDE56, 0xDE55, 0xDE55, 0xDE35, 0xD635, 0xDE55,
  0xDE35, 0xD635, 0xD635, 0xD635, 0xDE35, 0xD635, 0xD635, 0xDE35, 0xDE35, 0xDE35, 0xDE35, 0xDE35,
  0xDE35, 0xDE35, 0xDE35, 0xDE35, 0xD615, 0xD615, 0xDE55, 0xB552, 0x9307, 0xE44A, 0x92E7, 0x3902,
  0x18E4, 0x38C1, 0x2903, 0x1904, 0x4943, 0xC387, 0x8AA6, 0x79E3, 0x28A1, 0x0021, 0x0021, 0x0021,
  0x0021, 0x0021, 0x0021, 0x0021, 0x0021, 0x0021, 0x0021, 0x0021, 0x0021, 0x0021, 0x0021, 0x0021,
  0x0021, 0x0021, 0x0021, 0x0021, 0x0021, 0x0021, 0x0021, 0x0021, 0x0021, 0x0021, 0x0021, 0x0021,
  0x0021, 0x0021, 0x0021, 0x0021, 0x0021, 0x0021, 0x0021, 0x0021, 0x0021, 0x0021, 0x0021, 0x0021,
  0x0021, 0x0021, 0x0021, 0x0021, 0x0021, 0x0021, 0x0021, 0x0021, 0x0021, 0x0021, 0x0021, 0x0021,
  0x0021, 0x0021, 0x0021, 0x0021, 0x0021, 0x0021, 0x0021, 0x0021, 0x0021, 0x0021, 0x0041, 0x0021,
  0x0841, 0xBB67, 0xD44B, 0x7204, 0x20C2, 0x1904, 0x2944, 0x1882, 0x732A, 0x4A48, 0x2145, 0x61E5,
  0x49C5, 0x39C6, 0xACD0, 0xE676, 0xD615, 0xD615, 0xD615, 0xD635, 0xDE35, 0xD635, 0xD615, 0xD635,
  0xD615, 0xD635, 0xD635, 0xD615, 0xDE35, 0xDE35, 0xDE35, 0xDE35, 0xDE35, 0xD635, 0xD615, 0xDE35,
  0xDE56, 0xDE35, 0xD635, 0xDE35, 0xDE35, 0xDE56, 0xDE35, 0xD635, 0xDE35, 0xDE55, 0xDE35, 0xDE35,
  0xD635, 0xDE35, 0xDE35, 0xDE35, 0xDE55, 0xDE35, 0xDE35, 0xD635, 0xD635, 0xDE56, 0xDE35, 0xD635,
  0xD635, 0xDE35, 0xDE55, 0xDE55, 0xDE35, 0xDE35, 0xD615, 0xD635, 0xDE35, 0xD615, 0xD615, 0xD635,
  0xDE35, 0xDE55, 0xDE55, 0xDE35, 0xDE35, 0xDE35, 0xD635, 0xDE35, 0xD615, 0xDE35, 0xCDF4, 0x8329,
  0xDC09, 0xAB89, 0x4922, 0x18E4, 0x1924, 0x3903, 0x2903, 0x3123, 0xBB27, 0x9B07, 0x8A04, 0x4102,
  0x0000, 0x0041, 0x0021, 0x0021, 0x0021, 0x0021, 0x0021, 0x0021, 0x0021, 0x0021, 0x0021, 0x0021,
  0x0021, 0x0021, 0x0021, 0x0021, 0x0021, 0x0021, 0x0021, 0x0021, 0x0021, 0x0021, 0x0021, 0x0021,
  0x0021, 0x0021, 0x0021, 0x0021, 0x0021, 0x0021, 0x0021, 0x0021, 0x0021, 0x0021, 0x0021, 0x0021,
  0x0021, 0x0021, 0x0021, 0x0021, 0x0021, 0x0021, 0x0021, 0x0021, 0x0021, 0x0021, 0x0021, 0x0021,
  0x0021, 0x0021, 0x0021, 0x0021, 0x0021, 0x0021, 0x0021, 0x0021, 0x0021, 0x0021, 0x0021, 0x0021,
  0x0021, 0x0021, 0x0041, 0x0000, 0x8265, 0xE48B, 0x8AC7, 0x30C1, 0x1904, 0x2124, 0x1082, 0x5247,
  0x6B0A, 0x2124, 0x39A6, 0x2166, 0x41E7, 0x7B8C, 0xD5F4, 0xD615, 0xD635, 0xD615, 0xD615, 0xD615,
  0xDE35, 0xD635, 0xD615, 0xD615, 0xD615, 0xD635, 0xD635, 0xD635, 0xD635, 0xD615, 0xD635, 0xDE55,
  0xDE55, 0xDE35, 0xD615, 0xDE35, 0xDE55, 0xDE35, 0xD635, 0xDE35, 0xDE55, 0xDE55, 0xDE35, 0xD635,
  0xDE35, 0xD635, 0xDE35, 0xDE35, 0xDE35, 0xDE35, 0xDE35, 0xD635, 0xDE35, 0xD635, 0xD635, 0xD635,
  0xD635, 0xDE35, 0xD635, 0xDE35, 0xDE35, 0xDE55, 0xDE55, 0xD635, 0xDE35, 0xDE35, 0xD635, 0xD635,
  0xD635, 0xD635, 0xD615, 0xD615, 0xDE35, 0xDE56, 0xDE55, 0xD635, 0xDE35, 0xDE35, 0xD615, 0xD615,
  0xD5F4, 0xDE56, 0x8BAC, 0xCBA7, 0xCC2A, 0x61A3, 0x20C3, 0x2104, 0x1904, 0x3903, 0x1881, 0x9AA6,
  0xC3C9, 0x8204, 0x6182, 0x0021, 0x0041, 0x0021, 0x0021, 0x0021, 0x0021, 0x0021, 0x0021, 0x0021,
  0x0021, 0x0021, 0x0021, 0x0021, 0x0021, 0x0021, 0x0021, 0x0021, 0x0021, 0x0021, 0x0021, 0x0021,
  0x0021, 0x0021, 0x0021, 0x0021, 0x0021, 0x0021, 0x0021, 0x0021, 0x0021, 0x0021, 0x0021, 0x0021,
  0x0021, 0x0021, 0x0021, 0x0021, 0x0021, 0x0021, 0x0021, 0x0021, 0x0021, 0x0021, 0x0021, 0x0021,
  0x0021, 0x0021, 0x0021, 0x0021, 0x0021, 0x0021, 0x0021, 0x0021, 0x0021, 0x0021, 0x0021, 0x0021,
  0x0021, 0x0021, 0x0021, 0x0021, 0x0021, 0x0841, 0x0000, 0x5183, 0xE44A, 0xA389, 0x4902, 0x18C3,
  0x2124, 0x18C3, 0x3185, 0x83AC, 0x2125, 0x31A6, 0x31A6, 0x39A6, 0x62C9, 0xD614, 0xDE35, 0xD614,
  0xD615, 0xD615, 0xD635, 0xD615, 0xD635, 0xD635, 0xD635, 0xDE35, 0xDE35, 0xD615, 0xD635, 0xD635,
  0xDE35, 0xDE35, 0xDE35, 0xDE55, 0xDE35, 0xDE35, 0xDE35, 0xDE35, 0xDE35, 0xD635, 0xDE35, 0xDE55,
  0xDE35, 0xDE35, 0xD635, 0xD615, 0xDE35, 0xD635, 0xD615, 0xDE35, 0xDE55, 0xDE55, 0xDE35, 0xD615,
  0xD635, 0xD635, 0xD615, 0xD615, 0xD635, 0xDE35, 0xD635, 0xD635, 0xD635, 0xDE35, 0xDE55, 0xDE55,
  0xDE35, 0xDE35, 0xDE55, 0xD635, 0xD635, 0xDE55, 0xD635, 0xD615, 0xDE55, 0xDE55, 0xDE35, 0xD635,
  0xDE35, 0xDE35, 0xD615, 0xD5F4, 0xDE56, 0xACF1, 0xAB27, 0xDC6A, 0x7A65, 0x28A2, 0x1904, 0x2104,
  0x2104, 0x20A2, 0x71E3, 0xCBC9, 0x8265, 0x81E3, 0x1061, 0x0021, 0x0041, 0x0021, 0x0021, 0x0021,
  0x0021, 0x0021, 0x0021, 0x0021, 0x0021, 0x0021, 0x0021, 0x0021, 0x0021, 0x0021, 0x0021, 0x0021,
  0x0021, 0x0021, 0x0021, 0x0021, 0x0021, 0x0021, 0x0021, 0x0021, 0x0021, 0x0021, 0x0021, 0x0021,
  0x0021, 0x0021, 0x0021, 0x0021, 0x0021, 0x0021, 0x0021, 0x0021, 0x0021, 0x0021, 0x0021, 0x0021,
  0x0021, 0x0021, 0x0021, 0x0021, 0x0021, 0x0021, 0x0021, 0x0021, 0x0021, 0x0021, 0x0021, 0x0021,
  0x0021, 0x0021, 0x0021, 0x0021, 0x0021, 0x0021, 0x0021, 0x0021, 0x0041, 0x0021, 0x1061, 0xBB88,
  0xC42A, 0x5983, 0x18C3, 0x2104, 0x2104, 0x18E3, 0x83AB, 0x3185, 0x3186, 0x31A6, 0x31A6, 0x5A88,
  0xBD72, 0xD614, 0xD615, 0xDE35, 0xDE56, 0xDE55, 0xDE35, 0xD635, 0xD635, 0xD615, 0xD615, 0xDE55,
  0xDE35, 0xDE35, 0xDE55, 0xDE35, 0xDE56, 0xDE55, 0xDE35, 0xD635, 0xDE35, 0xDE35, 0xDE35, 0xDE35,
  0xDE35, 0xDE35, 0xDE35, 0xDE35, 0xDE35, 0xDE35, 0xD635, 0xD635, 0xD635, 0xDE35, 0xDE35, 0xDE35,
  0xDE35, 0xDE55, 0xDE35, 0xD635, 0xD635, 0xDE35, 0xDE35, 0xD635, 0xD635, 0xD635, 0xD635, 0xD635,
  0xD635, 0xDE35, 0xDE35, 0xDE35, 0xDE35, 0xDE35, 0xD635, 0xD635, 0xDE55, 0xDE35, 0xD635, 0xDE35,
  0xDE55, 0xDE35, 0xD635, 0xD635, 0xD635, 0xD615, 0xD615, 0xDE55, 0xBD93, 0x8B08, 0xEC8B, 0x9B48,
  0x38E2, 0x18E4, 0x2104, 0x2104, 0x18E4, 0x30E2, 0xCBA8, 0x9307, 0x79E3, 0x30E1, 0x0001, 0x0041,
  0x0021, 0x0021, 0x0021, 0x0021, 0x0021, 0x0021, 0x0021, 0x0021, 0x0021, 0x0021, 0x0021, 0x0021,
  0x0021, 0x0021, 0x0021, 0x0021, 0x0021, 0x0021, 0x0021, 0x0021, 0x0021, 0x0021, 0x0021, 0x0021,
  0x0021, 0x0021, 0x0021, 0x0021, 0x0021, 0x0021, 0x0021, 0x0021, 0x0021, 0x0021, 0x0021, 0x0021,
  0x0021, 0x0021, 0x0021, 0x0021, 0x0021, 0x0021, 0x0021, 0x0021, 0x0021, 0x0021, 0x0021, 0x0021,
  0x0021, 0x0021, 0x0021, 0x0021, 0x0021, 0x0021, 0x0021, 0x0021, 0x0021, 0x0021, 0x0021, 0x0021,
  0x0021, 0x0841, 0x8A65, 0xA327, 0x69E4, 0x3102, 0x1904, 0x2124, 0x10A3, 0x6AE9, 0x4A27, 0x2945,
  0x39C7, 0x39C7, 0x4A06, 0xA48F, 0xDE76, 0xCDF4, 0xD615, 0xDE55, 0xDE55, 0xDE56, 0xDE35, 0xD615,
  0xD615, 0xD635, 0xDE35, 0xD635, 0xDE35, 0xDE56, 0xDE55, 0xDE35, 0xD635, 0xDE35, 0xDE35, 0xDE35,
  0xDE35, 0xDE35, 0xDE35, 0xDE35, 0xD635, 0xDE55, 0xDE55, 0xDE35, 0xDE35, 0xDE35, 0xDE35, 0xD635,
  0xDE35, 0xDE35, 0xDE55, 0xDE35, 0xD635, 0xD635, 0xDE35, 0xDE35, 0xDE35, 0xD635, 0xD635, 0xD635,
  0xD635, 0xD635, 0xD635, 0xDE35, 0xDE35, 0xDE35, 0xD615, 0xD615, 0xD635, 0xDE35, 0xD635, 0xD635,
  0xD635, 0xDE55, 0xDE55, 0xDE55, 0xDE55, 0xDE35, 0xD635, 0xD615, 0xD635, 0xD615, 0xD5F4, 0xD656,
  0x8B6A, 0xD3A7, 0xBBCA, 0x5983, 0x18E3, 0x2104, 0x2104, 0x2104, 0x20C2, 0xA2C5, 0xA327, 0x8224,
  0x5962, 0x0000, 0x0041, 0x0021, 0x0021, 0x0021, 0x0021, 0x0021, 0x0021, 0x0021, 0x0021, 0x0021,
  0x0021, 0x0021, 0x0021, 0x0021, 0x0021, 0x0021, 0x0021, 0x0021, 0x0021, 0x0021, 0x0021, 0x0021,
  0x0021, 0x0021, 0x0021, 0x0021, 0x0021, 0x0021, 0x0021, 0x0021, 0x0021, 0x0021, 0x0021, 0x0021,
  0x0021, 0x0021, 0x0021, 0x0021, 0x0021, 0x0021, 0x0021, 0x0021, 0x0021, 0x0021, 0x0021, 0x0021,
  0x0021, 0x0021, 0x0021, 0x0021, 0x0021, 0x0021, 0x0021, 0x0021, 0x0021, 0x0021, 0x0021, 0x0021,
  0x0021, 0x0021, 0x0021, 0x0841, 0x0000, 0x7225, 0xE44A, 0x8AA6, 0x2881, 0x1904, 0x2124, 0x10C3,
  0x5247, 0x62EA, 0x10E4, 0x39C7, 0x3186, 0x41E6, 0x8BED, 0xDE35, 0xD614, 0xD635, 0xD635, 0xDE55,
  0xDE55, 0xDE35, 0xD635, 0xD635, 0xD635, 0xDE35, 0xD635, 0xD615, 0xD635, 0xDE56, 0xDE35, 0xD635,
  0xD635, 0xDE35, 0xDE35, 0xDE55, 0xDE56, 0xDE35, 0xDE35, 0xDE55, 0xDE56, 0xDE35, 0xDE35, 0xDE35,
  0xD635, 0xDE56, 0xDE35, 0xD635, 0xDE35, 0xDE56, 0xDE35, 0xD635, 0xD615, 0xD635, 0xD635, 0xDE35,
  0xD635, 0xD615, 0xD635, 0xD635, 0xD635, 0xD635, 0xD635, 0xDE35, 0xDE35, 0xD635, 0xD635, 0xD635,
  0xD635, 0xD635, 0xDE35, 0xDE35, 0xD635, 0xDE56, 0xDE56, 0xDE35, 0xDE35, 0xD635, 0xD635, 0xD615,
  0xD615, 0xD5F5, 0xDE76, 0x8BED, 0x9285, 0xCC2A, 0x69E4, 0x20C2, 0x2125, 0x2104, 0x2124, 0x10C3,
  0x8244, 0xC3C9, 0x8245, 0x69A3, 0x0841, 0x0021, 0x0021, 0x0021, 0x0021, 0x0021, 0x0021, 0x0021,
  0x0021, 0x0021, 0x0021, 0x0021, 0x0021, 0x0021, 0x0021, 0x0021, 0x0021, 0x0021, 0x0021, 0x0021,
  0x0021, 0x0021, 0x0021, 0x0021, 0x0021, 0x0021, 0x0021, 0x0021, 0x0021, 0x0021, 0x0021, 0x0021,
  0x0021, 0x0021, 0x0021, 0x0021, 0x0021, 0x0021, 0x0021, 0x0021, 0x0021, 0x0021, 0x0021, 0x0021,
  0x0021, 0x0021, 0x0021, 0x0021, 0x0021, 0x0021, 0x0021, 0x0021, 0x0021, 0x0021, 0x0021, 0x0021,
  0x0021, 0x0021, 0x0021, 0x0021, 0x0021, 0x0021, 0x0841, 0x0000, 0x3943, 0xE44A, 0xABA9, 0x5962,
  0x28E2, 0x2124, 0x18E3, 0x3185, 0x7B6B, 0x2124, 0x59E5, 0x3986, 0x39C6, 0x62A8, 0xCDB3, 0xD635,
  0xD614, 0xD635, 0xD635, 0xDE35, 0xDE55, 0xD635, 0xD635, 0xD615, 0xD635, 0xDE35, 0xDE35, 0xDE35,
  0xDE35, 0xDE35, 0xD635, 0xDE35, 0xDE35, 0xD635, 0xD615, 0xD635, 0xDE35, 0xDE35, 0xD635, 0xDE35,
  0xDE55, 0xDE35, 0xD635, 0xDE55, 0xDE56, 0xDE35, 0xDE35, 0xDE35, 0xDE35, 0xD635, 0xD635, 0xD635,
  0xD635, 0xD635, 0xD615, 0xD615, 0xD635, 0xD635, 0xD635, 0xD635, 0xD635, 0xDE35, 0xD635, 0xD635,
  0xD615, 0xD635, 0xDE35, 0xDE35, 0xDE35, 0xD635, 0xD635, 0xDE35, 0xDE55, 0xDE55, 0xDE55, 0xD635,
  0xD615, 0xD615, 0xD615, 0xD635, 0xD615, 0xDE55, 0xB552, 0x8AA6, 0xA306, 0x7204, 0x30E2, 0x1904,
  0x2104, 0x2124, 0x10E4, 0x61C4, 0xCBC8, 0x8286, 0x8203, 0x2081, 0x0021, 0x0021, 0x0021, 0x0021,
  0x0021, 0x0021, 0x0021, 0x0021, 0x0021, 0x0021, 0x0021, 0x0021, 0x0021, 0x0021, 0x0021, 0x0021,
  0x0021, 0x0021, 0x0021, 0x0021, 0x0021, 0x0021, 0x0021, 0x0021, 0x0021, 0x0021, 0x0021, 0x0021,
  0x0021, 0x0021, 0x0021, 0x0021, 0x0021, 0x0021, 0x0021, 0x0021, 0x0021, 0x0021, 0x0021, 0x0021,
  0x0021, 0x0021, 0x0021, 0x0021, 0x0021, 0x0021, 0x0021, 0x0021, 0x0021, 0x0021, 0x0021, 0x0021,
  0x0021, 0x0021, 0x0021, 0x0021, 0x0021, 0x0021, 0x0021, 0x0021, 0x0021, 0x0041, 0x0021, 0x1081,
  0xC3A8, 0xCC2A, 0x69E4, 0x30E2, 0x3123, 0x2125, 0x18C3, 0x838B, 0x39A6, 0x2966, 0x61C4, 0x41A5,
  0x4A47, 0xBD72, 0xDE55, 0xD615, 0xD615, 0xD635, 0xDE35, 0xD635, 0xD635, 0xDE35, 0xD635, 0xD635,
  0xD635, 0xD615, 0xD635, 0xD635, 0xD635, 0xD635, 0xDE35, 0xDE55, 0xDE35, 0xDE35, 0xDE35, 0xDE35,
  0xDE35, 0xDE35, 0xDE35, 0xDE55, 0xDE35, 0xDE35, 0xDE35, 0xDE35, 0xDE56, 0xD635, 0xDE55, 0xDE35,
  0xDE35, 0xD635, 0xD615, 0xD615, 0xDE35, 0xD635, 0xD635, 0xD615, 0xD635, 0xDE55, 0xDE35, 0xDE35,
  0xDE35, 0xDE35, 0xDE35, 0xD635, 0xDE35, 0xD635, 0xDE35, 0xDE55, 0xDE35, 0xDE56, 0xD635, 0xD615,
  0xD635, 0xDE35, 0xDE55, 0xD615, 0xD615, 0xD635, 0xD635, 0xD615, 0xD635, 0xCDF4, 0x8B29, 0xD409,
  0xA348, 0x38C1, 0x18E3, 0x2124, 0x2104, 0x1904, 0x3103, 0xC387, 0xA348, 0x8203, 0x4102, 0x0000,
  0x0041, 0x0021, 0x0021, 0x0021, 0x0021, 0x0021, 0x0021, 0x0021, 0x0021, 0x0021, 0x0021, 0x0021,
  0x0021, 0x0021, 0x0021, 0x0021, 0x0021, 0x0021, 0x0021, 0x0021, 0x0021, 0x0021, 0x0021, 0x0021,
  0x0021, 0x0021, 0x0021, 0x0021, 0x0021, 0x0021, 0x0021, 0x0021, 0x0021, 0x0021, 0x0021, 0x0021,
  0x0021, 0x0021, 0x0021, 0x0021, 0x0021, 0x0021, 0x0021, 0x0021, 0x0021, 0x0021, 0x0021, 0x0021,
  0x0021, 0x0021, 0x0021, 0x0021, 0x0021, 0x0021, 0x0021, 0x0021, 0x0021, 0x0021, 0x0021, 0x0021,
  0x0021, 0x0041, 0x0000, 0x9AE6, 0xDC6A, 0x82A6, 0x28C2, 0x3923, 0x3103, 0x10C3, 0x6B0A, 0x5268,
  0x2125, 0x39C7, 0x2986, 0x41E6, 0x9C6F, 0xDE56, 0xD615, 0xD635, 0xD635, 0xD615, 0xD635, 0xDE35,
  0xD635, 0xDE35, 0xDE35, 0xD635, 0xD615, 0xD615, 0xD615, 0xD635, 0xD615, 0xD635, 0xDE35, 0xD635,
  0xDE35, 0xDE56, 0xDE56, 0xD635, 0xD635, 0xDE35, 0xDE35, 0xDE35, 0xDE55, 0xDE35, 0xDE35, 0xDE35,
  0xDE35, 0xDE35, 0xDE35, 0xDE35, 0xDE35, 0xDE35, 0xD635, 0xD635, 0xD635, 0xDE55, 0xDE35, 0xDE35,
  0xDE55, 0xDE55, 0xDE35, 0xD635, 0xDE35, 0xD614, 0xD615, 0xDE35, 0xDE55, 0xDE35, 0xDE35, 0xDE35,
  0xDE35, 0xD635, 0xD635, 0xD635, 0xD635, 0xD635, 0xD635, 0xD615, 0xDE35, 0xD635, 0xD635, 0xD635,
  0xDE56, 0x838B, 0xCBA7, 0xC40A, 0x5983, 0x40E1, 0x2104, 0x2104, 0x2124, 0x18A2, 0x8A24, 0xBB88,
  0x8224, 0x6182, 0x0020, 0x0041, 0x0021, 0x0021, 0x0021, 0x0021, 0x0021, 0x0021, 0x0021, 0x0041,
  0x0041, 0x0021, 0x0021, 0x0021, 0x0021, 0x0021, 0x0021, 0x0021, 0x0021, 0x0021, 0x0021, 0x0021,
  0x0021, 0x0021, 0x0021, 0x0021, 0x0021, 0x0021, 0x0021, 0x0021, 0x0021, 0x0021, 0x0021, 0x0021,
  0x0021, 0x0021, 0x0021, 0x0021, 0x0021, 0x0021, 0x0021, 0x0021, 0x0021, 0x0021, 0x0021, 0x0021,
  0x0021, 0x0021, 0x0021, 0x0021, 0x0021, 0x0021, 0x0021, 0x0021, 0x0021, 0x0021, 0x0021, 0x0021,
  0x0021, 0x0021, 0x0021, 0x0021, 0x0841, 0x0000, 0x61E4, 0xEC6A, 0xA348, 0x4922, 0x18E4, 0x2903,
  0x28C2, 0x5248, 0x734A, 0x2104, 0x39C7, 0x3186, 0x39A6, 0x7B6B, 0xDE56, 0xD615, 0xDE35, 0xD635,
  0xD635, 0xD635, 0xD635, 0xDE35, 0xDE56, 0xDE35, 0xDE35, 0xD635, 0xD635, 0xDE35, 0xDE35, 0xDE35,
  0xDE35, 0xDE35, 0xDE35, 0xD635, 0xDE35, 0xDE56, 0xDE35, 0xD615, 0xD615, 0xD635, 0xDE35, 0xDE35,
  0xDE35, 0xD635, 0xD635, 0xD635, 0xD635, 0xDE35, 0xD635, 0xDE35, 0xDE56, 0xDE56, 0xDE56, 0xDE35,
  0xDE35, 0xD635, 0xD615, 0xDE35, 0xD615, 0xD635, 0xD635, 0xDE35, 0xDE35, 0xD635, 0xD615, 0xDE35,
  0xDE55, 0xDE55, 0xDE35, 0xD635, 0xDE35, 0xD635, 0xD635, 0xDE35, 0xDE35, 0xDE35, 0xDE35, 0xDE35,
  0xDE56, 0xDE35, 0xD615, 0xE676, 0xA490, 0xAB27, 0xD42A, 0x7A45, 0x28E2, 0x4122, 0x2104, 0x2124,
  0x10C3, 0x69C3, 0xAB06, 0x8245, 0x79E3, 0x1041, 0x0021, 0x0041, 0x0021, 0x0021, 0x0021, 0x0041,
  0x0021, 0x0021, 0x0041, 0x0021, 0x0021, 0x0021, 0x0021, 0x0021, 0x0021, 0x0021, 0x0021, 0x0021,
  0x0021, 0x0021, 0x0021, 0x0021, 0x0021, 0x0021, 0x0021, 0x0021, 0x0021, 0x0021, 0x0021, 0x0021,
  0x0021, 0x0021, 0x0021, 0x0021, 0x0021, 0x0021, 0x0021, 0x0021, 0x0021, 0x0021, 0x0021, 0x0021,
  0x0021, 0x0021, 0x0021, 0x0021, 0x0021, 0x0021, 0x0021, 0x0021, 0x0021, 0x0021, 0x0021, 0x0021,
  0x0021, 0x0021, 0x0021, 0x0021, 0x0021, 0x0021, 0x0021, 0x0841, 0x0000, 0x3102, 0xE409, 0xBBEA,
  0x5983, 0x20E3, 0x2124, 0x18C3, 0x2903, 0x8BCC, 0x2945, 0x3186, 0x31A6, 0x31A6, 0x62A8, 0xCDD4,
  0xDE35, 0xD615, 0xD635, 0xD615, 0xD635, 0xDE55, 0xDE55, 0xD635, 0xDE35, 0xDE35, 0xD615, 0xD615,
  0xDE55, 0xDE35, 0xD635, 0xDE35, 0xDE35, 0xDE56, 0xD635, 0xDE35, 0xDE55, 0xDE56, 0xDE55, 0xD635,
  0xD635, 0xD635, 0xDE35, 0xD635, 0xD615, 0xD615, 0xD635, 0xD615, 0xD635, 0xD635, 0xD635, 0xDE35,
  0xDE56, 0xDE56, 0xDE56, 0xDE35, 0xDE35, 0xDE35, 0xDE35, 0xDE35, 0xD635, 0xDE35, 0xDE35, 0xD635,
  0xD635, 0xD615, 0xD635, 0xDE35, 0xDE35, 0xD615, 0xD635, 0xDE35, 0xDE35, 0xDE35, 0xDE35, 0xD635,
  0xD635, 0xDE35, 0xD635, 0xD635, 0xDE35, 0xD615, 0xDE56, 0xBD73, 0x92E7, 0xE46A, 0x92E7, 0x30E2,
  0x3123, 0x4901, 0x2124, 0x1904, 0x4963, 0xD3C9, 0x92C6, 0x81E3, 0x30C1, 0x0001, 0x0041, 0x0021,
  0x0021, 0x0021, 0x0021, 0x0021, 0x0021, 0x0021, 0x0021, 0x0021, 0x0041, 0x0021, 0x0021, 0x0021,
  0x0021, 0x0021, 0x0021, 0x0021, 0x0021, 0x0021, 0x0021, 0x0021, 0x0021, 0x0021, 0x0021, 0x0021,
  0x0021, 0x0021, 0x0021, 0x0021, 0x0021, 0x0021, 0x0021, 0x0021, 0x0021, 0x0021, 0x0021, 0x0021,
  0x0021, 0x0021, 0x0021, 0x0021, 0x0021, 0x0021, 0x0021, 0x0021, 0x0021, 0x0021, 0x0021, 0x0021,
  0x0021, 0x0021, 0x0021, 0x0021, 0x0021, 0x0021, 0x0021, 0x0021, 0x0021, 0x0021, 0x0041, 0x0021,
  0x1061, 0xC388, 0xD44A, 0x7204, 0x20C2, 0x1904, 0x2124, 0x18E3, 0x732A, 0x3185, 0x2966, 0x31A6,
  0x3186, 0x4A27, 0xBD52, 0xDE55, 0xD615, 0xDE35, 0xD635, 0xDE35, 0xDE55, 0xDE55, 0xDE55, 0xDE35,
  0xD635, 0xD635, 0xD635, 0xD635, 0xDE55, 0xDE35, 0xD635, 0xDE35, 0xDE35, 0xDE35, 0xDE35, 0xDE55,
  0xDE56, 0xDE56, 0xDE55, 0xDE56, 0xD635, 0xDE35, 0xDE35, 0xD5F4, 0xD615, 0xD635, 0xD615, 0xD635,
  0xDE35, 0xD635, 0xDE35, 0xDE35, 0xD635, 0xDE55, 0xDE56, 0xDE55, 0xD635, 0xDE35, 0xDE55, 0xDE35,
  0xDE35, 0xDE55, 0xDE35, 0xD635, 0xD635, 0xD635, 0xD635, 0xDE35, 0xD635, 0xD635, 0xDE35, 0xDE35,
  0xDE35, 0xDE35, 0xDE35, 0xD615, 0xD615, 0xD635, 0xDE35, 0xD635, 0xD615, 0xD635, 0xD615, 0x8329,
  0xD3E9, 0xB3C9, 0x5942, 0x18E4, 0x20E3, 0x4122, 0x2124, 0x20E2, 0xBB67, 0xAB68, 0x7A03, 0x5142,
  0x0000, 0x0041, 0x0021, 0x0021, 0x0021, 0x0021, 0x0021, 0x0021, 0x0021, 0x0021, 0x0021, 0x0021,
  0x0021, 0x0021, 0x0021, 0x0021, 0x0021, 0x0021, 0x0021, 0x0021, 0x0021, 0x0021, 0x0021, 0x0021,
  0x0021, 0x0021, 0x0021, 0x0021, 0x0021, 0x0021, 0x0021, 0x0021, 0x0021, 0x0021, 0x0021, 0x0021,
  0x0021, 0x0021, 0x0021, 0x0021, 0x0021, 0x0021, 0x0021, 0x0021, 0x0021, 0x0021, 0x0021, 0x0021,
  0x0021, 0x0021, 0x0021, 0x0021, 0x0021, 0x0021, 0x0021, 0x0021, 0x0021, 0x0021, 0x0021, 0x0021,
  0x0021, 0x0021, 0x0841, 0x0000, 0x92C6, 0xE48B, 0x82A6, 0x30E2, 0x1904, 0x2124, 0x10A2, 0x6AE9,
  0x5A89, 0x1904, 0x31C7, 0x31A6, 0x39A6, 0x9C4E, 0xDE55, 0xD615, 0xD635, 0xD635, 0xD615, 0xDE35,
  0xDE55, 0xDE35, 0xDE35, 0xDE35, 0xDE35, 0xD614, 0xD615, 0xD635, 0xDE35, 0xDE35, 0xDE35, 0xDE35,
  0xDE55, 0xDE35, 0xDE55, 0xDE56, 0xDE35, 0xDE35, 0xDE35, 0xD635, 0xDE35, 0xDE35, 0xD635, 0xD615,
  0xD615, 0xDE35, 0xD635, 0xD635, 0xDE35, 0xDE55, 0xD635, 0xD635, 0xD635, 0xDE35, 0xD635, 0xD635,
  0xD635, 0xD635, 0xDE35, 0xD635, 0xD635, 0xDE35, 0xDE35, 0xD635, 0xD635, 0xD615, 0xD614, 0xD635,
  0xDE35, 0xD635, 0xDE35, 0xDE35, 0xD635, 0xD635, 0xD615, 0xD635, 0xD635, 0xD635, 0xDE35, 0xD615,
  0xCDD4, 0xDE56, 0x8BED, 0xBB67, 0xCC4B, 0x69E4, 0x20C3, 0x2124, 0x2124, 0x3102, 0x18A2, 0x9285,
  0xC3C9, 0x7A24, 0x69A2, 0x0021, 0x0021, 0x0021, 0x0021, 0x0021, 0x0021, 0x0021, 0x0021, 0x0021,
  0x0021, 0x0021, 0x0021, 0x0021, 0x0021, 0x0021, 0x0021, 0x0021, 0x0021, 0x0041, 0x0021, 0x0021,
  0x0021, 0x0021, 0x0021, 0x0021, 0x0021, 0x0021, 0x0021, 0x0021, 0x0021, 0x0021, 0x0021, 0x0021,
  0x0021, 0x0021, 0x0021, 0x0021, 0x0021, 0x0021, 0x0021, 0x0021, 0x0021, 0x0021, 0x0021, 0x0021,
  0x0021, 0x0021, 0x0041, 0x0021, 0x0021, 0x0021, 0x0021, 0x0021, 0x0021, 0x0021, 0x0021, 0x0021,
  0x0021, 0x0021, 0x0021, 0x0021, 0x0021, 0x0841, 0x0000, 0x59A4, 0xEC8A, 0xAB89, 0x4922, 0x1904,
  0x2124, 0x10C3, 0x41E6, 0x6B0A, 0x1904, 0x7225, 0x4184, 0x31A6, 0x7B6B, 0xD615, 0xD614, 0xD615,
  0xD615, 0xD615, 0xD635, 0xDE35, 0xD635, 0xD635, 0xD635, 0xD615, 0xD615, 0xD635, 0xD615, 0xD615,
  0xD635, 0xD635, 0xD615, 0xDE35, 0xD635, 0xD635, 0xDE35, 0xD635, 0xDE35, 0xD635, 0xDE35, 0xDE35,
  0xDE55, 0xDE55, 0xDE35, 0xD635, 0xDE35, 0xDE35, 0xD635, 0xD635, 0xD635, 0xDE35, 0xD635, 0xD635,
  0xDE35, 0xDE35, 0xDE55, 0xDE35, 0xD635, 0xDE35, 0xD635, 0xD635, 0xD635, 0xDE35, 0xDE35, 0xDE35,
  0xD635, 0xD635, 0xDE35, 0xDE35, 0xD635, 0xDE35, 0xDE56, 0xDE35, 0xD635, 0xD615, 0xD615, 0xDE35,
  0xDE35, 0xD615, 0xD635, 0xD615, 0xDE55, 0xACF1, 0xA327, 0xDC6A, 0x8AA6, 0x30E2, 0x1904, 0x2104,
  0x2124, 0x30C2, 0x61A3, 0xD409, 0x8286, 0x79C3, 0x1881, 0x0021, 0x0021, 0x0021, 0x0021, 0x0021,
  0x0021, 0x0021, 0x0021, 0x0021, 0x0021, 0x0021, 0x0021, 0x0021, 0x0021, 0x0021, 0x0021, 0x0021,
  0x0021, 0x0021, 0x0021, 0x0021, 0x0021, 0x0021, 0x0021, 0x0021, 0x0021, 0x0021, 0x0021, 0x0021,
  0x0021, 0x0021, 0x0021, 0x0021, 0x0021, 0x0021, 0x0021, 0x0021, 0x0021, 0x0021, 0x0021, 0x0021,
  0x0021, 0x0021, 0x0021, 0x0021, 0x0021, 0x0021, 0x0021, 0x0021, 0x0021, 0x0021, 0x0021, 0x0021,
  0x0021, 0x0021, 0x0021, 0x0021, 0x0021, 0x0021, 0x0021, 0x0021, 0x0041, 0x0000, 0x20C2, 0xDC09,
  0xC42A, 0x69C3, 0x20E3, 0x2125, 0x1904, 0x2124, 0x7B6B, 0x2945, 0x31A6, 0x4185, 0x41A5, 0x62A9,
  0xCDD3, 0xD615, 0xD614, 0xD615, 0xD615, 0xD635, 0xDE35, 0xDE35, 0xD615, 0xD635, 0xD615, 0xD614,
  0xD5F4, 0xD615, 0xD635, 0xD615, 0xD615, 0xD635, 0xD635, 0xD635, 0xD635, 0xD635, 0xD635, 0xD615,
  0xD635, 0xD635, 0xD635, 0xDE35, 0xDE35, 0xDE35, 0xDE35, 0xD635, 0xDE35, 0xD635, 0xD635, 0xD635,
  0xD635, 0xD635, 0xD635, 0xD615, 0xD635, 0xDE35, 0xDE35, 0xDE35, 0xD615, 0xD635, 0xD635, 0xD635,
  0xD635, 0xD614, 0xD635, 0xD635, 0xD635, 0xDE55, 0xDE56, 0xDE35, 0xDE35, 0xDE35, 0xDE35, 0xD635,
  0xD615, 0xD635, 0xD635, 0xD635, 0xDE35, 0xD635, 0xD615, 0xDE55, 0xC5D4, 0x8B08, 0xDC29, 0x9B48,
  0x4102, 0x1904, 0x2104, 0x2104, 0x18E4, 0x4942, 0xCBA8, 0x9B07, 0x79E3, 0x38E1, 0x0001, 0x0041,
  0x0021, 0x0021, 0x0021, 0x0021, 0x0021, 0x0021, 0x0021, 0x0021, 0x0021, 0x0021, 0x0021, 0x0021,
  0x0021, 0x0021, 0x0021, 0x0041, 0x0021, 0x0021, 0x0021, 0x0021, 0x0021, 0x0021, 0x0021, 0x0021,
  0x0021, 0x0021, 0x0021, 0x0021, 0x0021, 0x0021, 0x0021, 0x0021, 0x0021, 0x0021, 0x0021, 0x0021,
  0x0021, 0x0021, 0x0021, 0x0021, 0x0021, 0x0021, 0x0021, 0x0021, 0x0021, 0x0021, 0x0021, 0x0021,
  0x0021, 0x0021, 0x0021, 0x0021, 0x0021, 0x0021, 0x0021, 0x0021, 0x0021, 0x0021, 0x0021, 0x0021,
  0x0021, 0x0821, 0xB327, 0xDC4A, 0x7245, 0x28E2, 0x2125, 0x2124, 0x18C3, 0x7B4A, 0x39C6, 0x2965,
  0x31A6, 0x2986, 0x4A27, 0xBD52, 0xDE55, 0xD635, 0xDE35, 0xD615, 0xD615, 0xD615, 0xD615, 0xD615,
  0xD635, 0xD635, 0xD615, 0xD615, 0xD615, 0xD635, 0xD615, 0xD635, 0xDE35, 0xDE35, 0xD635, 0xD635,
  0xDE35, 0xDE35, 0xDE35, 0xD635, 0xD635, 0xD635, 0xD635, 0xDE35, 0xD635, 0xD635, 0xDE35, 0xDE55,
  0xDE35, 0xDE35, 0xD615, 0xD615, 0xDE35, 0xD635, 0xDE35, 0xDE35, 0xDE35, 0xDE35, 0xDE35, 0xD635,
  0xD635, 0xD615, 0xD635, 0xD635, 0xD615, 0xD5F4, 0xD635, 0xD635, 0xDE35, 0xDE55, 0xDE35, 0xDE35,
  0xDE35, 0xD635, 0xD635, 0xD615, 0xD615, 0xD635, 0xDE35, 0xD635, 0xD635, 0xD615, 0xD614, 0xD656,
  0x8B8B, 0xD3E8, 0xBBC9, 0x5962, 0x18E3, 0x2124, 0x2104, 0x2104, 0x18A2, 0xA2C6, 0xBB88, 0x8224,
  0x5962, 0x0000, 0x0041, 0x0021, 0x0021, 0x0021, 0x0021, 0x0021, 0x0021, 0x0021, 0x0021, 0x0021,
  0x0021, 0x0021, 0x0021, 0x0021, 0x0021, 0x0021, 0x0021, 0x0041, 0x0021, 0x0021, 0x0021, 0x0021,
  0x0021, 0x0021, 0x0021, 0x0021, 0x0021, 0x0021, 0x0021, 0x0021, 0x0021, 0x0021, 0x0021, 0x0021,
  0x0021, 0x0021, 0x0021, 0x0021, 0x0021, 0x0021, 0x0021, 0x0021, 0x0021, 0x0021, 0x0021, 0x0021,
  0x0021, 0x0021, 0x0021, 0x0021, 0x0021, 0x0021, 0x0021, 0x0021, 0x0021, 0x0021, 0x0021, 0x0021,
  0x0021, 0x0041, 0x0841, 0x0841, 0x0000, 0x7A45, 0xE46A, 0x8AC7, 0x38E1, 0x1904, 0x2945, 0x10C3,
  0x62A8, 0x5A88, 0x2125, 0x39C7, 0x3186, 0x41C6, 0x942E, 0xDE55, 0xD635, 0xDE55, 0xDE35, 0xDE35,
  0xDE35, 0xD635, 0xD615, 0xD614, 0xD635, 0xD615, 0xD615, 0xDE35, 0xD635, 0xD615, 0xD615, 0xD615,
  0xDE35, 0xDE35, 0xDE35, 0xD635, 0xD635, 0xDE35, 0xD635, 0xD635, 0xDE35, 0xD635, 0xDE35, 0xDE35,
  0xD635, 0xD635, 0xD635, 0xDE35, 0xD635, 0xDE35, 0xD635, 0xD615, 0xDE35, 0xDE55, 0xDE35, 0xDE55,
  0xDE55, 0xD635, 0xD635, 0xD635, 0xD615, 0xD635, 0xD635, 0xD635, 0xD615, 0xD615, 0xD635, 0xD615,
  0xD635, 0xD635, 0xD635, 0xD635, 0xDE35, 0xD635, 0xD635, 0xD635, 0xDE35, 0xD615, 0xD635, 0xDE35,
  0xD635, 0xD5F4, 0xDE55, 0xA48F, 0xAB06, 0xD44A, 0x7204, 0x20C2, 0x1904, 0x2104, 0x2124, 0x10C3,
  0x7A24, 0xBB88, 0x8245, 0x79C3, 0x0841, 0x0021, 0x0021, 0x0021, 0x0021, 0x0021, 0x0021, 0x0021,
  0x0021, 0x0021, 0x0021, 0x0021, 0x0021, 0x0021, 0x0021, 0x0021, 0x0021, 0x0021, 0x0021, 0x0021,
  0x0021, 0x0021, 0x0021, 0x0021, 0x0021, 0x0021, 0x0021, 0x0021, 0x0021, 0x0021, 0x0021, 0x0021,
  0x0021, 0x0021, 0x0021, 0x0021, 0x0021, 0x0021, 0x0021, 0x0021, 0x0021, 0x0021, 0x0021, 0x0021,
  0x0021, 0x0021, 0x0021, 0x0021, 0x0021, 0x0021, 0x0021, 0x0021, 0x0021, 0x0021, 0x0021, 0x0021,
  0x0021, 0x0021, 0x0021, 0x0021, 0x0041, 0x0021, 0x0000, 0x0000, 0x51A4, 0xE449, 0xA348, 0x5122,
  0x18E3, 0x2124, 0x18C3, 0x41E6, 0x7B6B, 0x2124, 0x31A6, 0x31A6, 0x39C6, 0x736B, 0xDE55, 0xD615,
  0xD635, 0xDE55, 0xDE55, 0xDE56, 0xDE55, 0xDE35, 0xD5F4, 0xD615, 0xD615, 0xD635, 0xD615, 0xD615,
  0xD615, 0xD615, 0xD5F4, 0xD615, 0xDE35, 0xDE35, 0xDE35, 0xDE35, 0xD635, 0xD635, 0xDE35, 0xDE35,
  0xDE35, 0xD615, 0xD635, 0xDE35, 0xDE35, 0xD615, 0xD635, 0xD635, 0xD635, 0xDE35, 0xDE35, 0xDE35,
  0xD635, 0xDE55, 0xDE55, 0xDE35, 0xDE35, 0xDE35, 0xD615, 0xD635, 0xDE35, 0xD635, 0xD635, 0xD615,
  0xD635, 0xDE35, 0xD615, 0xD615, 0xD635, 0xD635, 0xDE35, 0xD635, 0xD635, 0xD635, 0xD615, 0xD635,
  0xDE35, 0xD635, 0xD635, 0xDE35, 0xD635, 0xDE56, 0xB531, 0x7246, 0xC3C8, 0x8AA6, 0x38E2, 0x1904,
  0x2104, 0x2124, 0x10E4, 0x5184, 0xD409, 0x92C7, 0x79E3, 0x28A1, 0x0001, 0x0041, 0x0021, 0x0021,
  0x0021, 0x0021, 0x0021, 0x0021, 0x0021, 0x0021, 0x0021, 0x0021, 0x0021, 0x0021, 0x0021, 0x0021,
  0x0021, 0x0021, 0x0021, 0x0021, 0x0021, 0x0021, 0x0021, 0x0021, 0x0021, 0x0021, 0x0021, 0x0021,
  0x0021, 0x0021, 0x0021, 0x0021, 0x0021, 0x0021, 0x0021, 0x0021, 0x0021, 0x0021, 0x0021, 0x0021,
  0x0021, 0x0021, 0x0021, 0x0021, 0x0021, 0x0021, 0x0021, 0x0021, 0x0021, 0x0021, 0x0021, 0x0021,
  0x0021, 0x0021, 0x0021, 0x0021, 0x0021, 0x0021, 0x0021, 0x0041, 0x0020, 0x1082, 0x49C5, 0x20C2,
  0xA306, 0xC40A, 0x69C3, 0x20C3, 0x2125, 0x2104, 0x2924, 0x83AC, 0x2145, 0x31A7, 0x31A6, 0x31A6,
  0x5268, 0xCDD4, 0xDE35, 0xD635, 0xD615, 0xD615, 0xD615, 0xD635, 0xD635, 0xD615, 0xD615, 0xD615,
  0xD614, 0xD614, 0xD635, 0xD615, 0xD614, 0xD614, 0xD614, 0xD635, 0xDE35, 0xDE35, 0xD615, 0xD635,
  0xD615, 0xD635, 0xD635, 0xD635, 0xD615, 0xD615, 0xD615, 0xDE55, 0xDE35, 0xD635, 0xD635, 0xDE35,
  0xDE35, 0xD635, 0xD635, 0xD635, 0xDE35, 0xDE35, 0xDE35, 0xDE35, 0xD635, 0xD615, 0xD615, 0xD615,
  0xD635, 0xDE35, 0xD635, 0xD615, 0xD635, 0xD635, 0xD615, 0xDE35, 0xDE35, 0xD615, 0xDE35, 0xD635,
  0xD635, 0xD615, 0xD635, 0xD615, 0xD635, 0xDE35, 0xD635, 0xD635, 0xD635, 0xCDF5, 0x8329, 0xB326,
  0x8A86, 0x5122, 0x18E4, 0x2124, 0x2104, 0x1904, 0x3103, 0xCBA8, 0xA368, 0x8203, 0x4922, 0x0001,
  0x0041, 0x0021, 0x0021, 0x0021, 0x0021, 0x0021, 0x0021, 0x0021, 0x0021, 0x0021, 0x0021, 0x0021,
  0x0021, 0x0021, 0x0021, 0x0021, 0x0021, 0x0021, 0x0021, 0x0021, 0x0021, 0x0021, 0x0021, 0x0021,
  0x0021, 0x0021, 0x0021, 0x0021, 0x0021, 0x0021, 0x0021, 0x0021, 0x0021, 0x0021, 0x0021, 0x0021,
  0x0021, 0x0021, 0x0021, 0x0021, 0x0021, 0x0021, 0x0021, 0x0021, 0x0021, 0x0021, 0x0021, 0x0021,
  0x0021, 0x0021, 0x0021, 0x0021, 0x0021, 0x0021, 0x0021, 0x0021, 0x0021, 0x0021, 0x0021, 0x0041,
  0x0000, 0x8AE7, 0xE44A, 0xCC0A, 0xAB47, 0x7A45, 0x30E2, 0x2124, 0x2125, 0x18E3, 0x732A, 0x41E7,
  0x3145, 0x39A6, 0x31A7, 0x4A07, 0xACF0, 0xDE55, 0xD615, 0xD615, 0xD635, 0xD635, 0xD635, 0xD635,
  0xD615, 0xD615, 0xD615, 0xD614, 0xD635, 0xDE35, 0xD615, 0xD635, 0xD615, 0xD614, 0xD635, 0xDE35,
  0xDE35, 0xD635, 0xD635, 0xD635, 0xDE35, 0xDE35, 0xD615, 0xD5F4, 0xD635, 0xD635, 0xD615, 0xD635,
  0xDE35, 0xDE35, 0xDE35, 0xDE55, 0xDE55, 0xDE35, 0xD615, 0xD615, 0xDE35, 0xD635, 0xD615, 0xD635,
  0xDE35, 0xD615, 0xD615, 0xD615, 0xD635, 0xDE56, 0xDE55, 0xD635, 0xD635, 0xD615, 0xD635, 0xDE55,
  0xDE35, 0xDE35, 0xDE35, 0xD635, 0xD635, 0xD635, 0xD615, 0xD635, 0xD615, 0xD615, 0xDE35, 0xDE35,
  0xDE76, 0x8BAC, 0xC387, 0xCC2A, 0x61A3, 0x20C2, 0x2124, 0x2104, 0x2124, 0x18E3, 0x8A65, 0xB3A9,
  0x8245, 0x69A3, 0x0021, 0x0021, 0x0021, 0x0021, 0x0021, 0x0021, 0x0021, 0x0021, 0x0021, 0x0021,
  0x0021, 0x0021, 0x0021, 0x0021, 0x0021, 0x0041, 0x0021, 0x0021, 0x0021, 0x0021, 0x0021, 0x0021,
  0x0021, 0x0021, 0x0021, 0x0021, 0x0021, 0x0021, 0x0021, 0x0021, 0x0021, 0x0021, 0x0021, 0x0021,
  0x0021, 0x0021, 0x0021, 0x0021, 0x0021, 0x0021, 0x0021, 0x0021, 0x0021, 0x0021, 0x0021, 0x0021,
  0x0021, 0x0021, 0x0021, 0x0021, 0x0021, 0x0021, 0x0021, 0x0021, 0x0021, 0x0021, 0x0021, 0x0021,
  0x0021, 0x0021, 0x0841, 0x0000, 0x6287, 0xEC8A, 0xD3A8, 0xDBC8, 0xE46B, 0x7A66, 0x20C2, 0x3165,
  0x10C3, 0x62A8, 0x62C9, 0x18E4, 0x7204, 0x4984, 0x2965, 0x8BED, 0xE676, 0xD615, 0xD635, 0xD635,
  0xD635, 0xDE35, 0xDE35, 0xD635, 0xD635, 0xDE35, 0xD635, 0xD615, 0xD635, 0xD615, 0xD615, 0xDE35,
  0xDE35, 0xD635, 0xDE35, 0xD635, 0xDE35, 0xDE35, 0xD635, 0xD635, 0xDE35, 0xDE35, 0xD614, 0xD615,
  0xDE35, 0xD635, 0xD635, 0xD615, 0xDE35, 0xDE35, 0xDE55, 0xDE55, 0xD635, 0xDE35, 0xD635, 0xD635,
  0xD635, 0xD615, 0xD635, 0xDE35, 0xDE35, 0xD635, 0xD615, 0xD615, 0xD615, 0xD635, 0xDE35, 0xDE35,
  0xD635, 0xD635, 0xD635, 0xD615, 0xD615, 0xD635, 0xDE35, 0xD615, 0xD615, 0xD615, 0xD615, 0xD615,
  0xD635, 0xD614, 0xD614, 0xE676, 0xA4F1, 0xA327, 0xDC2A, 0x7245, 0x38E1, 0x3123, 0x1904, 0x2124,
  0x10C3, 0x7204, 0xCBE9, 0x8245, 0x79C3, 0x1861, 0x0021, 0x0021, 0x0021, 0x0021, 0x0021, 0x0021,
  0x0021, 0x0021, 0x0021, 0x0021, 0x0021, 0x0021, 0x0021, 0x0021, 0x0041, 0x0021, 0x0021, 0x0021,
  0x0021, 0x0021, 0x0021, 0x0021, 0x0021, 0x0021, 0x0021, 0x0021, 0x0021, 0x0021, 0x0021, 0x0021,
  0x0021, 0x0021, 0x0021, 0x0021, 0x0021, 0x0021, 0x0021, 0x0021, 0x0021, 0x0021, 0x0021, 0x0021,
  0x0021, 0x0021, 0x0021, 0x0021, 0x0021, 0x0021, 0x0021, 0x0021, 0x0021, 0x0021, 0x0021, 0x0021,
  0x0021, 0x0021, 0x0021, 0x0021, 0x0021, 0x0021, 0x0021, 0x1061, 0x9B28, 0xB40A, 0xCC4B, 0xDC29,
  0xA348, 0x71C3, 0x2903, 0x1904, 0x41C6, 0x732A, 0x2104, 0x39C7, 0x2966, 0x3186, 0x62C9, 0xCDB3,
  0xD614, 0xD615, 0xD615, 0xD635, 0xDE35, 0xD615, 0xD635, 0xD635, 0xDE35, 0xD635, 0xD615, 0xD635,
  0xD615, 0xD635, 0xDE35, 0xD635, 0xD635, 0xD635, 0xDE35, 0xD635, 0xD635, 0xDE35, 0xD635, 0xD635,
  0xD615, 0xD615, 0xD615, 0xD635, 0xD635, 0xD615, 0xD615, 0xDE35, 0xDE35, 0xDE55, 0xDE35, 0xDE35,
  0xDE35, 0xDE35, 0xD635, 0xD615, 0xD615, 0xD615, 0xD635, 0xDE35, 0xD635, 0xD615, 0xD635, 0xDE35,
  0xD635, 0xD615, 0xD615, 0xD635, 0xDE35, 0xD635, 0xD635, 0xD615, 0xD615, 0xD615, 0xD615, 0xD615,
  0xD615, 0xD635, 0xD615, 0xD614, 0xD635, 0xD615, 0xDE55, 0xBD93, 0x8AE7, 0xE44A, 0x9B28, 0x3902,
  0x3923, 0x3103, 0x2124, 0x18E4, 0x4123, 0xCBA8, 0x9307, 0x8A03, 0x30E1, 0x0000, 0x0041, 0x0021,
  0x0021, 0x0021, 0x0021, 0x0021, 0x0021, 0x0021, 0x0021, 0x0021, 0x0021, 0x0021, 0x0021, 0x0021,
  0x0041, 0x0041, 0x0021, 0x0021, 0x0021, 0x0021, 0x0021, 0x0021, 0x0021, 0x0021, 0x0021, 0x0021,
  0x0021, 0x0021, 0x0021, 0x0021, 0x0021, 0x0021, 0x0021, 0x0021, 0x0021, 0x0021, 0x0021, 0x0021,
  0x0021, 0x0021, 0x0021, 0x0021, 0x0021, 0x0021, 0x0021, 0x0021, 0x0021, 0x0021, 0x0021, 0x0021,
  0x0021, 0x0021, 0x0021, 0x0021, 0x0021, 0x0021, 0x0021, 0x0021, 0x0021, 0x0041, 0x0021, 0x1881,
  0x9264, 0x9244, 0xA2E7, 0xA327, 0x71E3, 0x79E3, 0x2903, 0x2104, 0x7B6B, 0x2945, 0x3186, 0x31A6,
  0x31A6, 0x4A27, 0xBD72, 0xD615, 0xCDF4, 0xD615, 0xD615, 0xD615, 0xD615, 0xD615, 0xD615, 0xD615,
  0xD615, 0xD615, 0xD635, 0xDE35, 0xD635, 0xD635, 0xD635, 0xDE35, 0xDE35, 0xDE35, 0xDE35, 0xDE35,
  0xD635, 0xD615, 0xD635, 0xD635, 0xD635, 0xD635, 0xD635, 0xDE35, 0xD635, 0xD615, 0xD615, 0xDE35,
  0xDE35, 0xDE35, 0xD615, 0xD635, 0xDE35, 0xDE35, 0xD615, 0xD615, 0xD635, 0xD635, 0xDE35, 0xD635,
  0xD615, 0xD615, 0xD635, 0xD635, 0xD635, 0xD635, 0xD635, 0xD635, 0xD635, 0xD615, 0xD635, 0xD635,
  0xD635, 0xD614, 0xD614, 0xD5F4, 0xD614, 0xD635, 0xDE35, 0xD635, 0xD615, 0xD614, 0xD615, 0x8BAB,
  0xD3C8, 0xBBC9, 0x5963, 0x2104, 0x4942, 0x28E3, 0x1925, 0x20C2, 0xB326, 0xAB88, 0x7A04, 0x5962,
  0x0000, 0x0021, 0x0021, 0x0021, 0x0021, 0x0021, 0x0021, 0x0021, 0x0021, 0x0021, 0x0021, 0x0021,
  0x0021, 0x0021, 0x0021, 0x0021, 0x0021, 0x0021, 0x0021, 0x0021, 0x0041, 0x0021, 0x0021, 0x0021,
  0x0021, 0x0021, 0x0021, 0x0021, 0x0021, 0x0021, 0x0021, 0x0021, 0x0021, 0x0021, 0x0021, 0x0021,
  0x0021, 0x0021, 0x0021, 0x0021, 0x0021, 0x0021, 0x0021, 0x0021, 0x0021, 0x0021, 0x0021, 0x0021,
  0x0021, 0x0021, 0x0021, 0x0021, 0x0021, 0x0021, 0x0021, 0x0021, 0x0021, 0x0021, 0x0021, 0x0021,
  0x0021, 0x0041, 0x0021, 0x1061, 0x9AA5, 0xA2A5, 0xA285, 0xA2A5, 0x8A04, 0x71C3, 0x1082, 0x7B6B,
  0x41E7, 0x2945, 0x31C7, 0x31A6, 0x41E6, 0xACD0, 0xDE55, 0xCDF4, 0xD614, 0xD635, 0xDE35, 0xD615,
  0xD615, 0xD615, 0xD614, 0xD614, 0xD615, 0xD615, 0xD614, 0xD615, 0xDE35, 0xD635, 0xD635, 0xD635,
  0xD635, 0xD635, 0xDE55, 0xDE35, 0xDE35, 0xDE35, 0xD635, 0xDE35, 0xD615, 0xD635, 0xD635, 0xD635,
  0xDE35, 0xD635, 0xDE35, 0xDE35, 0xDE35, 0xD635, 0xD615, 0xD635, 0xD635, 0xD635, 0xD635, 0xD615,
  0xDE35, 0xDE35, 0xD635, 0xD635, 0xD615, 0xD615, 0xD635, 0xD615, 0xDE35, 0xDE35, 0xD635, 0xD635,
  0xD614, 0xD615, 0xD615, 0xD635, 0xD635, 0xD635, 0xD635, 0xD615, 0xD635, 0xDE35, 0xD635, 0xD615,
  0xD615, 0xDE76, 0x940D, 0xBB67, 0xD44A, 0x71E4, 0x28E3, 0x1925, 0x3923, 0x3944, 0x10C3, 0x8A44,
  0xCBC9, 0x8245, 0x71A3, 0x0841, 0x0021, 0x0021, 0x0021, 0x0021, 0x0021, 0x0021, 0x0021, 0x0021,
  0x0021, 0x0021, 0x0021, 0x0021, 0x0021, 0x0021, 0x0021, 0x0021, 0x0021, 0x0021, 0x0021, 0x0021,
  0x0021, 0x0021, 0x0021, 0x0021, 0x0021, 0x0021, 0x0021, 0x0021, 0x0021, 0x0021, 0x0021, 0x0021,
  0x0021, 0x0021, 0x0021, 0x0021, 0x0021, 0x0021, 0x0021, 0x0021, 0x0021, 0x0021, 0x0021, 0x0021,
  0x0021, 0x0021, 0x0021, 0x0021, 0x0021, 0x0021, 0x0021, 0x0021, 0x0021, 0x0021, 0x0041, 0x0021,
  0x0021, 0x0021, 0x0021, 0x0021, 0x0021, 0x0021, 0x0021, 0x1061, 0x9265, 0x9A85, 0x9AA5, 0x9A85,
  0x8224, 0x6982, 0x6288, 0x62EA, 0x2125, 0x39C7, 0x31A6, 0x3185, 0x83AC, 0xDE55, 0xD614, 0xD614,
  0xD635, 0xDE35, 0xDE55, 0xD615, 0xD635, 0xD615, 0xD615, 0xD615, 0xD614, 0xD615, 0xD615, 0xD635,
  0xD615, 0xD615, 0xD635, 0xD615, 0xD635, 0xD615, 0xDE35, 0xDE35, 0xDE35, 0xD635, 0xD615, 0xD615,
  0xD615, 0xD635, 0xD635, 0xD635, 0xDE35, 0xDE35, 0xDE35, 0xDE35, 0xDE35, 0xDE35, 0xD635, 0xDE35,
  0xD635, 0xD615, 0xD615, 0xD615, 0xD635, 0xD615, 0xD615, 0xD615, 0xD615, 0xD635, 0xD635, 0xD635,
  0xD635, 0xD635, 0xD615, 0xD615, 0xD615, 0xD635, 0xD615, 0xD615, 0xD615, 0xD635, 0xDE35, 0xDE35,
  0xD635, 0xDE35, 0xD635, 0xD614, 0xDE55, 0xB552, 0x9B28, 0xE46A, 0x8AC7, 0x30E2, 0x1924, 0x2125,
  0x3923, 0x20C2, 0x5183, 0xD3C8, 0x8286, 0x81E3, 0x20A1, 0x0001, 0x0041, 0x0021, 0x0021, 0x0021,
  0x0021, 0x0021, 0x0021, 0x0021, 0x0021, 0x0021, 0x0021, 0x0021, 0x0021, 0x0021, 0x0021, 0x0021,
  0x0021, 0x0021, 0x0041, 0x0021, 0x0021, 0x0021, 0x0021, 0x0021, 0x0021, 0x0021, 0x0021, 0x0021,
  0x0021, 0x0021, 0x0021, 0x0021, 0x0021, 0x0021, 0x0021, 0x0021, 0x0021, 0x0021, 0x0021, 0x0021,
  0x0021, 0x0021, 0x0021, 0x0021, 0x0021, 0x0021, 0x0021, 0x0021, 0x0021, 0x0021, 0x0021, 0x0021,
  0x0021, 0x0021, 0x0021, 0x0021, 0x0021, 0x0021, 0x0021, 0x0021, 0x0021, 0x0041, 0x0021, 0x1881,
  0x8204, 0x9A64, 0xB2E5, 0x9285, 0x7A04, 0x71E3, 0x49E6, 0x2145, 0x31A7, 0x31A6, 0x31A6, 0x62E9,
  0xD635, 0xD635, 0xDE35, 0xD635, 0xD635, 0xD635, 0xD635, 0xD635, 0xD635, 0xD635, 0xD615, 0xD635,
  0xD635, 0xD635, 0xD615, 0xD635, 0xD615, 0xD615, 0xD615, 0xD615, 0xD615, 0xD635, 0xD635, 0xD635,
  0xD635, 0xD615, 0xD615, 0xD635, 0xD615, 0xD635, 0xDE35, 0xDE35, 0xDE35, 0xDE35, 0xDE35, 0xD635,
  0xD635, 0xD635, 0xD615, 0xD635, 0xD615, 0xD615, 0xD635, 0xD615, 0xD615, 0xD615, 0xD615, 0xD635,
  0xD635, 0xDE35, 0xD635, 0xD615, 0xD635, 0xDE35, 0xDE35, 0xD635, 0xD635, 0xDE35, 0xD635, 0xD635,
  0xD635, 0xD615, 0xD635, 0xD635, 0xD615, 0xD614, 0xD614, 0xD614, 0xCDF4, 0x8329, 0xDC49, 0xAB69,
  0x4922, 0x1904, 0x2124, 0x2125, 0x2903, 0x40E1, 0xC388, 0x9B28, 0x79C3, 0x4102, 0x0001, 0x0041,
  0x0021, 0x0021, 0x0021, 0x0021, 0x0021, 0x0021, 0x0021, 0x0021, 0x0021, 0x0021, 0x0021, 0x0021,
  0x0021, 0x0021, 0x0021, 0x0021, 0x0021, 0x0021, 0x0021, 0x0021, 0x0021, 0x0021, 0x0021, 0x0021,
  0x0021, 0x0021, 0x0021, 0x0021, 0x0021, 0x0021, 0x0021, 0x0021, 0x0021, 0x0021, 0x0021, 0x0021,
  0x0021, 0x0021, 0x0021, 0x0021, 0x0021, 0x0021, 0x0021, 0x0021, 0x0021, 0x0021, 0x0021, 0x0021,
  0x0021, 0x0021, 0x0021, 0x0021, 0x0021, 0x0021, 0x0021, 0x0021, 0x0021, 0x0021, 0x0021, 0x0021,
  0x0041, 0x0021, 0x1081, 0x9285, 0x7204, 0x6226, 0x7A24, 0x69A3, 0x6982, 0x5962, 0x1904, 0x51E6,
  0x41A6, 0x2986, 0x4A27, 0xC593, 0xDE35, 0xD5F4, 0xD615, 0xDE35, 0xD615, 0xD614, 0xD615, 0xD615,
  0xD615, 0xD615, 0xD615, 0xD615, 0xD615, 0xD615, 0xD615, 0xD635, 0xDE35, 0xD635, 0xD615, 0xD635,
  0xD635, 0xD635, 0xD615, 0xD615, 0xD635, 0xDE35, 0xDE35, 0xDE35, 0xD635, 0xD635, 0xD615, 0xDE35,
  0xDE35, 0xDE35, 0xDE35, 0xD635, 0xD635, 0xD635, 0xD635, 0xD635, 0xD635, 0xD635, 0xD635, 0xD615,
  0xDE35, 0xD635, 0xD615, 0xD615, 0xD635, 0xD635, 0xD635, 0xD615, 0xD635, 0xD635, 0xD615, 0xD615,
  0xD615, 0xD635, 0xD635, 0xD615, 0xD635, 0xD635, 0xDE35, 0xD635, 0xD615, 0xD615, 0xD5F4, 0xDE35,
  0x8BAC, 0xC388, 0xC40A, 0x61C3, 0x20E3, 0x2124, 0x2104, 0x2125, 0x18C2, 0xA2C6, 0xB388, 0x71E4,
  0x6162, 0x0020, 0x0021, 0x0021, 0x0021, 0x0021, 0x0021, 0x0021, 0x0021, 0x0021, 0x0021, 0x0021,
  0x0021, 0x0021, 0x0021, 0x0021, 0x0021, 0x0021, 0x0021, 0x0021, 0x0021, 0x0021, 0x0021, 0x0021,
  0x0021, 0x0021, 0x0021, 0x0021, 0x0021, 0x0021, 0x0021, 0x0021, 0x0021, 0x0021, 0x0021, 0x0021,
  0x0021, 0x0021, 0x0021, 0x0021, 0x0021, 0x0021, 0x0021, 0x0021, 0x0021, 0x0021, 0x0021, 0x0021,
  0x0021, 0x0021, 0x0021, 0x0021, 0x0021, 0x0021, 0x0021, 0x0021, 0x0021, 0x0021, 0x0021, 0x0021,
  0x0021, 0x0021, 0x0021, 0x0021, 0x0021, 0x0000, 0x9AE6, 0xC367, 0x834A, 0xBD72, 0x9C6F, 0x7B4B,
  0x72C8, 0x41A5, 0x2125, 0x5163, 0x3943, 0x39C6, 0xA4B0, 0xDE55, 0xD5F4, 0xD615, 0xD615, 0xDE35,
  0xD615, 0xD615, 0xD615, 0xD635, 0xD615, 0xD615, 0xD635, 0xDE35, 0xDE35, 0xD615, 0xDE35, 0xD615,
  0xD615, 0xD615, 0xD615, 0xDE35, 0xDE35, 0xDE35, 0xD615, 0xD615, 0xD615, 0xD615, 0xD635, 0xDE35,
  0xDE35, 0xDE35, 0xD635, 0xDE35, 0xDE35, 0xDE35, 0xDE35, 0xDE35, 0xDE35, 0xD635, 0xD615, 0xD615,
  0xD635, 0xD635, 0xDE35, 0xD635, 0xDE35, 0xDE35, 0xD635, 0xD635, 0xD635, 0xD635, 0xD615, 0xD635,
  0xDE35, 0xDE35, 0xD615, 0xD615, 0xD615, 0xD635, 0xD615, 0xD615, 0xD615, 0xD615, 0xDE35, 0xD635,
  0xD615, 0xCDF4, 0xDE76, 0x9C90, 0xA327, 0xDC4A, 0x7A45, 0x30E2, 0x1904, 0x2104, 0x2124, 0x10C3,
  0x7204, 0xCBE9, 0x7A45, 0x71A3, 0x1061, 0x0021, 0x0021, 0x0021, 0x0021, 0x0021, 0x0021, 0x0021,
  0x0021, 0x0021, 0x0021, 0x0021, 0x0021, 0x0021, 0x0021, 0x0021, 0x0021, 0x0021, 0x0021, 0x0021,
  0x0021, 0x0021, 0x0021, 0x0021, 0x0021, 0x0021, 0x0021, 0x0021, 0x0021, 0x0021, 0x0021, 0x0021,
  0x0021, 0x0021, 0x0021, 0x0021, 0x0021, 0x0021, 0x0021, 0x0021, 0x0021, 0x0021, 0x0021, 0x0021,
  0x0021, 0x0021, 0x0021, 0x0021, 0x0021, 0x0021, 0x0021, 0x0021, 0x0021, 0x0021, 0x0021, 0x0021,
  0x0021, 0x0021, 0x0021, 0x0021, 0x0021, 0x0021, 0x0021, 0x0841, 0x0000, 0x6A05, 0xE409, 0x8B49,
  0xB511, 0xC592, 0xC593, 0xCDB3, 0xC5B3, 0xB511, 0x942E, 0x6B2B, 0x4A28, 0x62C9, 0xCDF4, 0xD5F4,
  0xDE56, 0xDE35, 0xD615, 0xD615, 0xD615, 0xD635, 0xD615, 0xD615, 0xD615, 0xD635, 0xD635, 0xDE35,
  0xD635, 0xD615, 0xD615, 0xD615, 0xD615, 0xDE35, 0xDE35, 0xD615, 0xD615, 0xD615, 0xD615, 0xD615,
  0xD615, 0xD615, 0xD615, 0xD615, 0xD615, 0xD635, 0xD615, 0xD635, 0xDE35, 0xDE35, 0xDE35, 0xDE35,
  0xD635, 0xD635, 0xD615, 0xD615, 0xD635, 0xD635, 0xDE35, 0xDE35, 0xDE55, 0xDE35, 0xD635, 0xD635,
  0xD635, 0xD615, 0xD635, 0xD615, 0xDE35, 0xD615, 0xD615, 0xD615, 0xD615, 0xD635, 0xDE35, 0xD635,
  0xD635, 0xD635, 0xD635, 0xD635, 0xD5F4, 0xDE35, 0xBD93, 0x8B08, 0xDC29, 0x9B07, 0x38E2, 0x1904,
  0x2124, 0x2124, 0x1904, 0x4943, 0xCB87, 0x8AC6, 0x79C3, 0x30C1, 0x0001, 0x0041, 0x0021, 0x0021,
  0x0021, 0x0021, 0x0021, 0x0021, 0x0021, 0x0021, 0x0021, 0x0021, 0x0021, 0x0021, 0x0021, 0x0021,
  0x0021, 0x0021, 0x0021, 0x0021, 0x0021, 0x0021, 0x0021, 0x0021, 0x0021, 0x0021, 0x0021, 0x0021,
  0x0021, 0x0021, 0x0021, 0x0021, 0x0021, 0x0021, 0x0021, 0x0021, 0x0021, 0x0021, 0x0021, 0x0021,
  0x0021, 0x0021, 0x0021, 0x0021, 0x0021, 0x0021, 0x0021, 0x0021, 0x0021, 0x0021, 0x0021, 0x0021,
  0x0021, 0x0021, 0x0021, 0x0021, 0x0021, 0x0021, 0x0021, 0x0021, 0x0021, 0x0021, 0x0841, 0x0000,
  0x3943, 0xE429, 0x9B48, 0xA4B0, 0xC592, 0xBD52, 0xC572, 0xC572, 0xBD52, 0xC572, 0xC593, 0xCDD3,
  0x940D, 0x8BED, 0x9C6F, 0x942E, 0xA4D0, 0xBD72, 0xCDD4, 0xDE35, 0xDE35, 0xD635, 0xD615, 0xD615,
  0xD615, 0xD635, 0xD615, 0xD615, 0xD635, 0xD635, 0xD615, 0xD635, 0xDE35, 0xDE35, 0xDE56, 0xD635,
  0xD615, 0xD635, 0xD615, 0xD635, 0xD635, 0xD635, 0xD635, 0xD635, 0xD635, 0xD615, 0xD615, 0xD635,
  0xD635, 0xD635, 0xDE35, 0xD635, 0xD635, 0xD635, 0xD615, 0xD635, 0xDE35, 0xD635, 0xD635, 0xDE35,
  0xDE35, 0xD635, 0xD635, 0xD635, 0xDE35, 0xD614, 0xD615, 0xD615, 0xD615, 0xD635, 0xD615, 0xD615,
  0xD615, 0xD615, 0xDE35, 0xDE35, 0xDE35, 0xD635, 0xDE35, 0xDE35, 0xD615, 0xD615, 0x836A, 0xD3E9,
  0xB3A9, 0x5142, 0x18E3, 0x2124, 0x2124, 0x1904, 0x28E3, 0xA2A5, 0x9B07, 0x8224, 0x5142, 0x0000,
  0x0021, 0x0021, 0x0021, 0x0021, 0x0021, 0x0021, 0x0021, 0x0021, 0x0021, 0x0021, 0x0021, 0x0021,
  0x0021, 0x0021, 0x0021, 0x0021, 0x0021, 0x0021, 0x0021, 0x0021, 0x0021, 0x0021, 0x0021, 0x0021,
  0x0021, 0x0021, 0x0021, 0x0021, 0x0021, 0x0021, 0x0021, 0x0021, 0x0021, 0x0021, 0x0021, 0x0021,
  0x0021, 0x0021, 0x0021, 0x0021, 0x0021, 0x0021, 0x0021, 0x0021, 0x0021, 0x0021, 0x0021, 0x0021,
  0x0021, 0x0021, 0x0021, 0x0021, 0x0021, 0x0021, 0x0021, 0x0021, 0x0021, 0x0021, 0x0021, 0x0021,
  0x0021, 0x0041, 0x0021, 0x1081, 0xD3E9, 0xB388, 0x8C0D, 0xCDB3, 0xC572, 0xC572, 0xC572, 0xC593,
  0xC572, 0xC572, 0xC593, 0x9C6F, 0x942E, 0xCDB3, 0xC572, 0xBD32, 0xACB0, 0x9C6F, 0x8BED, 0x9C8F,
  0xBD52, 0xD614, 0xDE56, 0xDE35, 0xD614, 0xD5F4, 0xD5F4, 0xD615, 0xD635, 0xD615, 0xD635, 0xDE35,
  0xDE55, 0xDE55, 0xDE35, 0xDE35, 0xD615, 0xDE35, 0xD635, 0xDE35, 0xD635, 0xD635, 0xDE35, 0xD635,
  0xDE35, 0xD635, 0xD614, 0xD615, 0xD615, 0xD635, 0xDE35, 0xD635, 0xD635, 0xD635, 0xD635, 0xDE35,
  0xDE35, 0xDE35, 0xD635, 0xDE35, 0xD635, 0xD635, 0xDE35, 0xD635, 0xD635, 0xD615, 0xD615, 0xD615,
  0xD615, 0xD635, 0xD635, 0xD615, 0xD635, 0xD615, 0xDE35, 0xDE35, 0xD615, 0xD635, 0xD635, 0xD5F4,
  0xE676, 0x8BED, 0xA2E6, 0xD44B, 0x69E4, 0x20C2, 0x2124, 0x2104, 0x2124, 0x10A3, 0x9285, 0xC3C9,
  0x8224, 0x71C3, 0x0821, 0x0021, 0x0021, 0x0021, 0x0021, 0x0021, 0x0021, 0x0021, 0x0021, 0x0021,
  0x0021, 0x0021, 0x0021, 0x0021, 0x0021, 0x0021, 0x0021, 0x0021, 0x0021, 0x0021, 0x0021, 0x0021,
  0x0021, 0x0021, 0x0021, 0x0021, 0x0021, 0x0021, 0x0021, 0x0021, 0x0021, 0x0021, 0x0021, 0x0021,
  0x0021, 0x0021, 0x0021, 0x0021, 0x0021, 0x0021, 0x0021, 0x0021, 0x0021, 0x0021, 0x0021, 0x0021,
  0x0021, 0x0021, 0x0021, 0x0021, 0x0021, 0x0021, 0x0021, 0x0021, 0x0021, 0x0021, 0x0021, 0x0021,
  0x0021, 0x0021, 0x0021, 0x0021, 0x0021, 0x0021, 0x0000, 0x92C6, 0xC387, 0x8BCC, 0xC572, 0xC572,
  0xC593, 0xC572, 0xC572, 0xBD72, 0xC572, 0xC593, 0xB511, 0x944F, 0xC593, 0xBD52, 0xBD52, 0xBD72,
  0xC572, 0xC593, 0xC572, 0xB511, 0xA48F, 0x8BED, 0x940D, 0xB531, 0xCDD4, 0xD635, 0xDE35, 0xD635,
  0xD615, 0xD5F4, 0xD615, 0xD615, 0xDE35, 0xDE35, 0xD615, 0xD635, 0xDE35, 0xDE35, 0xDE55, 0xDE35,
  0xD635, 0xDE35, 0xDE35, 0xDE35, 0xDE35, 0xD615, 0xD615, 0xD635, 0xD635, 0xD635, 0xDE35, 0xD635,
  0xD635, 0xD635, 0xD635, 0xD635, 0xD635, 0xD635, 0xD635, 0xD615, 0xD615, 0xD615, 0xD635, 0xD635,
  0xD635, 0xD635, 0xD615, 0xD615, 0xD635, 0xD635, 0xD615, 0xD635, 0xDE35, 0xDE35, 0xD635, 0xDE35,
  0xDE35, 0xD635, 0xD615, 0xDE55, 0xB532, 0x7A65, 0xAB27, 0x8A65, 0x30E2, 0x18E4, 0x2104, 0x2124,
  0x10C3, 0x69C4, 0xD3E9, 0x8AA6, 0x8203, 0x2081, 0x0021, 0x0021, 0x0021, 0x0021, 0x0021, 0x0021,
  0x0021, 0x0021, 0x0021, 0x0021, 0x0021, 0x0021, 0x0021, 0x0021, 0x0021, 0x0021, 0x0021, 0x0021,
  0x0021, 0x0021, 0x0021, 0x0021, 0x0021, 0x0021, 0x0021, 0x0021, 0x0021, 0x0021, 0x0021, 0x0021,
  0x0021, 0x0021, 0x0021, 0x0021, 0x0021, 0x0021, 0x0021, 0x0021, 0x0021, 0x0021, 0x0021, 0x0021,
  0x0021, 0x0021, 0x0021, 0x0021, 0x0021, 0x0021, 0x0021, 0x0021, 0x0021, 0x0021, 0x0021, 0x0021,
  0x0021, 0x0021, 0x0021, 0x0021, 0x0021, 0x0021, 0x0021, 0x0021, 0x0041, 0x0000, 0x5267, 0xABEA,
  0x6226, 0x9C6F, 0xCD93, 0xC593, 0xC572, 0xC572, 0xBD52, 0xBD52, 0xC593, 0xBD72, 0x940E, 0xC572,
  0xC572, 0xC572, 0xBD72, 0xC572, 0xC573, 0xBD52, 0xC572, 0xC572, 0xCDB3, 0x942E, 0x942E, 0xA48F,
  0x9C4F, 0x9C6F, 0xACF1, 0xC5B3, 0xDE55, 0xDE76, 0xDE35, 0xD615, 0xD615, 0xD615, 0xD635, 0xDE35,
  0xDE35, 0xD635, 0xD635, 0xD635, 0xD635, 0xDE35, 0xDE35, 0xDE35, 0xD635, 0xD615, 0xD635, 0xD635,
  0xD615, 0xD635, 0xDE35, 0xDE35, 0xD635, 0xDE35, 0xDE35, 0xD615, 0xD614, 0xD615, 0xD615, 0xD5F4,
  0xD614, 0xD615, 0xD614, 0xD635, 0xD635, 0xD615, 0xD615, 0xD5F4, 0xD635, 0xDE35, 0xD615, 0xD635,
  0xDE35, 0xDE35, 0xD635, 0xD635, 0xD635, 0xD615, 0xDE55, 0xC5D4, 0x82E8, 0xD3E9, 0x92C6, 0x30A1,
  0x2104, 0x2104, 0x2104, 0x1904, 0x3923, 0xD3C8, 0x9B07, 0x8203, 0x4102, 0x0000, 0x0041, 0x0021,
  0x0021, 0x0021, 0x0021, 0x0021, 0x0021, 0x0021, 0x0021, 0x0021, 0x0021, 0x0021, 0x0021, 0x0041,
  0x0021, 0x0021, 0x0021, 0x0021, 0x0021, 0x0021, 0x0021, 0x0021, 0x0021, 0x0021, 0x0021, 0x0021,
  0x0021, 0x0021, 0x0021, 0x0021, 0x0021, 0x0021, 0x0021, 0x0021, 0x0021, 0x0021, 0x0021, 0x0021,
  0x0021, 0x0021, 0x0021, 0x0041, 0x0021, 0x0021, 0x0021, 0x0021, 0x0021, 0x0021, 0x0021, 0x0021,
  0x0021, 0x0021, 0x0021, 0x0021, 0x0021, 0x0021, 0x0021, 0x0021, 0x0021, 0x0021, 0x0021, 0x0041,
  0x0000, 0x4A28, 0xCDB3, 0xBD52, 0xACF1, 0x940D, 0x9C4F, 0xA4B0, 0xB4F0, 0xC593, 0xCDB3, 0xC572,
  0xC593, 0x9C4F, 0xACF1, 0xC593, 0xC572, 0xC593, 0xC593, 0xBD72, 0xC593, 0xC572, 0xC572, 0xC572,
  0xA490, 0xACD0, 0xC592, 0xC572, 0xC572, 0xB511, 0xA48F, 0x944E, 0x9C6F, 0xACF1, 0xC5B3, 0xE696,
  0xDE35, 0xDE35, 0xD615, 0xD5F4, 0xD615, 0xD615, 0xD5F4, 0xD614, 0xD615, 0xD615, 0xDE35, 0xD635,
  0xD635, 0xD615, 0xD615, 0xD635, 0xD635, 0xDE35, 0xD635, 0xD635, 0xDE35, 0xDE35, 0xDE35, 0xD635,
  0xD615, 0xD615, 0xD615, 0xD615, 0xD615, 0xD635, 0xD615, 0xD635, 0xDE35, 0xD635, 0xD615, 0xD615,
  0xD615, 0xDE35, 0xDE35, 0xDE35, 0xD635, 0xD615, 0xD635, 0xDE35, 0xD635, 0xD615, 0xDE56, 0x83AB,
  0xC387, 0xC40A, 0x5962, 0x1881, 0x2124, 0x2104, 0x1904, 0x20E3, 0xB327, 0xB3A8, 0x8224, 0x6183,
  0x0020, 0x0021, 0x0021, 0x0021, 0x0021, 0x0021, 0x0021, 0x0021, 0x0021, 0x0021, 0x0021, 0x0021,
  0x0021, 0x0021, 0x0041, 0x0021, 0x0021, 0x0021, 0x0021, 0x0021, 0x0021, 0x0021, 0x0021, 0x0021,
  0x0021, 0x0021, 0x0021, 0x0021, 0x0021, 0x0021, 0x0021, 0x0021, 0x0021, 0x0021, 0x0021, 0x0021,
  0x0021, 0x0021, 0x0021, 0x0021, 0x0021, 0x0021, 0x0021, 0x0021, 0x0021, 0x0021, 0x0021, 0x0021,
  0x0021, 0x0021, 0x0021, 0x0021, 0x0021, 0x0021, 0x0021, 0x0021, 0x0021, 0x0021, 0x0021, 0x0021,
  0x0021, 0x0021, 0x0021, 0x0041, 0x0020, 0x5A89, 0x8BED, 0x9C4E, 0xC593, 0xCDD4, 0xBD52, 0xA4AF,
  0x9C4F, 0x944E, 0x9C4E, 0xBD31, 0xA46F, 0xA48F, 0xCDB3, 0xC572, 0xC572, 0xC572, 0xC572, 0xC572,
  0xC572, 0xC593, 0xC593, 0xACD0, 0x942E, 0xC593, 0xBD72, 0xBD52, 0xBD31, 0xC572, 0xC593, 0xC572,
  0xB4F0, 0xA46F, 0x8BED, 0x83AC, 0xACD0, 0xBD52, 0xD615, 0xDE55, 0xDE35, 0xD635, 0xCDF4, 0xD615,
  0xD615, 0xD615, 0xD635, 0xD635, 0xD615, 0xD5F4, 0xD615, 0xD635, 0xDE55, 0xDE35, 0xD635, 0xDE35,
  0xDE35, 0xDE35, 0xD635, 0xD635, 0xD635, 0xD615, 0xD615, 0xD635, 0xD615, 0xDE35, 0xDE35, 0xD635,
  0xD635, 0xDE35, 0xD615, 0xD635, 0xD635, 0xDE35, 0xDE35, 0xD635, 0xD635, 0xD615, 0xD615, 0xD635,
  0xD615, 0xDE76, 0x9C6F, 0xAB27, 0xDC4A, 0x7225, 0x3902, 0x3923, 0x1904, 0x2125, 0x10A3, 0x8A65,
  0xD409, 0x7A25, 0x79C3, 0x1041, 0x0021, 0x0021, 0x0021, 0x0021, 0x0021, 0x0021, 0x0021, 0x0021,
  0x0021, 0x0021, 0x0021, 0x0021, 0x0021, 0x0021, 0x0021, 0x0021, 0x0021, 0x0021, 0x0021, 0x0021,
  0x0021, 0x0021, 0x0021, 0x0021, 0x0021, 0x0021, 0x0021, 0x0021, 0x0021, 0x0021, 0x0021, 0x0021,
  0x0021, 0x0021, 0x0021, 0x0021, 0x0021, 0x0021, 0x0021, 0x0021, 0x0021, 0x0021, 0x0021, 0x0021,
  0x0021, 0x0021, 0x0021, 0x0021, 0x0021, 0x0021, 0x0021, 0x0021, 0x0021, 0x0021, 0x0021, 0x0021,
  0x0021, 0x0021, 0x0021, 0x0021, 0x0021, 0x0021, 0x0021, 0x0041, 0x0000, 0x41E6, 0x6AE9, 0x62A9,
  0x6AEA, 0x7B8C, 0x942E, 0xBD52, 0xD635, 0x9C90, 0x942E, 0xA490, 0x7BAC, 0xA46F, 0xB4F1, 0xC592,
  0xC5B3, 0xC572, 0xBD52, 0xBD52, 0xBD52, 0xC572, 0xBD72, 0x942E, 0xBD31, 0xC572, 0xC573, 0xC572,
  0xC572, 0xC572, 0xBD52, 0xBD52, 0xBD52, 0xCDD3, 0x9C4E, 0x8BED, 0xB511, 0x940D, 0x942E, 0xA4D0,
  0xB511, 0xC5B3, 0xDE56, 0xDE35, 0xD615, 0xD614, 0xD615, 0xD615, 0xD615, 0xD614, 0xD614, 0xD615,
  0xDE55, 0xDE35, 0xD615, 0xD635, 0xD635, 0xD635, 0xDE35, 0xD635, 0xD635, 0xD635, 0xD635, 0xD614,
  0xD635, 0xDE55, 0xD635, 0xD615, 0xD635, 0xD635, 0xD615, 0xD635, 0xDE55, 0xDE55, 0xDE35, 0xDE35,
  0xD635, 0xD615, 0xD615, 0xD5F4, 0xDE35, 0xBD73, 0x8AE7, 0xE449, 0x9307, 0x38E2, 0x4143, 0x4122,
  0x2125, 0x10E4, 0x5183, 0xD3E8, 0x8AC6, 0x8203, 0x28C1, 0x0001, 0x0021, 0x0021, 0x0021, 0x0021,
  0x0021, 0x0021, 0x0021, 0x0021, 0x0021, 0x0021, 0x0021, 0x0021, 0x0021, 0x0021, 0x0021, 0x0021,
  0x0021, 0x0021, 0x0021, 0x0021, 0x0021, 0x0021, 0x0021, 0x0021, 0x0021, 0x0021, 0x0021, 0x0021,
  0x0021, 0x0021, 0x0021, 0x0021, 0x0021, 0x0021, 0x0021, 0x0021, 0x0021, 0x0021, 0x0021, 0x0021,
  0x0021, 0x0021, 0x0021, 0x0021, 0x0021, 0x0021, 0x0021, 0x0021, 0x0021, 0x0021, 0x0021, 0x0021,
  0x0021, 0x0021, 0x0021, 0x0021, 0x0021, 0x0021, 0x0021, 0x0021, 0x0021, 0x0021, 0x0841, 0x0000,
  0x69E4, 0x59A4, 0x2104, 0x4A06, 0x5A68, 0x6288, 0x62C9, 0x6B0A, 0x734B, 0x8BEE, 0xC593, 0xCDB3,
  0xCDD4, 0xACD0, 0x9C4F, 0x9C6F, 0xA4B0, 0xB511, 0xBD52, 0xC593, 0xC572, 0xC572, 0x944F, 0xBD32,
  0xC572, 0xBD72, 0xC572, 0xC572, 0xC572, 0xC572, 0xC572, 0xC572, 0xC593, 0xA4B0, 0x940E, 0xCDB3,
  0xC572, 0xC592, 0xBD52, 0xB4F0, 0x9C6F, 0x940E, 0x9C6F, 0xB511, 0xD615, 0xDE76, 0xDE35, 0xD615,
  0xD615, 0xD5F4, 0xD614, 0xD615, 0xD615, 0xD615, 0xD635, 0xD635, 0xD635, 0xDE35, 0xD635, 0xD635,
  0xD635, 0xD615, 0xD635, 0xD615, 0xD635, 0xDE35, 0xD615, 0xD615, 0xDE35, 0xD615, 0xD615, 0xD635,
  0xDE55, 0xDE56, 0xDE35, 0xD635, 0xDE35, 0xD615, 0xD615, 0xD615, 0xCE15, 0x834A, 0xD3E8, 0xAB88,
  0x5162, 0x1904, 0x30E1, 0x4123, 0x2145, 0x28E2, 0xCBA8, 0xAB68, 0x79E3, 0x4922, 0x0000, 0x0041,
  0x0021, 0x0021, 0x0021, 0x0021, 0x0021, 0x0021, 0x0021, 0x0021, 0x0021, 0x0021, 0x0021, 0x0021,
  0x0021, 0x0021, 0x0021, 0x0021, 0x0021, 0x0021, 0x0021, 0x0021, 0x0021, 0x0021, 0x0021, 0x0021,
  0x0021, 0x0021, 0x0021, 0x0021, 0x0021, 0x0021, 0x0021, 0x0021, 0x0021, 0x0021, 0x0021, 0x0021,
  0x0021, 0x0021, 0x0021, 0x0021, 0x0021, 0x0021, 0x0021, 0x0021, 0x0021, 0x0041, 0x0021, 0x0021,
  0x0021, 0x0021, 0x0021, 0x0021, 0x0021, 0x0021, 0x0021, 0x0021, 0x0021, 0x0021, 0x0021, 0x0021,
  0x0021, 0x0841, 0x0000, 0x4143, 0xBB88, 0x3145, 0x2145, 0x2124, 0x2104, 0x3165, 0x4A07, 0x5A68,
  0x5247, 0x62C9, 0x732A, 0x6B2A, 0x944F, 0xBD73, 0xCDD4, 0xC593, 0xA4B0, 0x944E, 0x9C4F, 0xA48F,
  0xB511, 0x9C4E, 0xA48F, 0xC593, 0xBD52, 0xBD52, 0xBD52, 0xC572, 0xC572, 0xC573, 0xC572, 0xC572,
  0xBD52, 0x8C0E, 0xC572, 0xC572, 0xC572, 0xC593, 0xBD52, 0xC552, 0xCDB3, 0xC573, 0xB4F0, 0x9C4E,
  0x8BED, 0x942E, 0xBD52, 0xCDD4, 0xDE35, 0xDE55, 0xD635, 0xD615, 0xD615, 0xD635, 0xD635, 0xD615,
  0xD635, 0xD635, 0xD615, 0xD635, 0xD615, 0xD5F4, 0xD615, 0xD635, 0xD615, 0xD615, 0xD635, 0xD615,
  0xD615, 0xD635, 0xD635, 0xD635, 0xD635, 0xDE35, 0xDE55, 0xD635, 0xD635, 0xD5F4, 0xCDF4, 0xDE56,
  0x8BCC, 0xBB67, 0xD44A, 0x61C3, 0x20C2, 0x1925, 0x2924, 0x4123, 0x18C3, 0xA2C6, 0xC3C9, 0x7A24,
  0x69A2, 0x0021, 0x0021, 0x0021, 0x0021, 0x0021, 0x0021, 0x0021, 0x0021, 0x0021, 0x0021, 0x0021,
  0x0021, 0x0021, 0x0021, 0x0021, 0x0021, 0x0021, 0x0021, 0x0021, 0x0021, 0x0021, 0x0021, 0x0021,
  0x0021, 0x0021, 0x0021, 0x0021, 0x0021, 0x0021, 0x0021, 0x0021, 0x0021, 0x0021, 0x0021, 0x0021,
  0x0021, 0x0021, 0x0021, 0x0021, 0x0021, 0x0021, 0x0021, 0x0021, 0x0021, 0x0021, 0x0021, 0x0021,
  0x0041, 0x0041, 0x0021, 0x0021, 0x0021, 0x0021, 0x0021, 0x0021, 0x0021, 0x0021, 0x0021, 0x0021,
  0x0021, 0x0021, 0x0021, 0x0021, 0x0041, 0x0020, 0x18A2, 0xC3A8, 0x49A5, 0x2166, 0x31A6, 0x31A6,
  0x3186, 0x2966, 0x2124, 0x2104, 0x2945, 0x41C6, 0x5247, 0x62A8, 0x62A9, 0x62C9, 0x732B, 0x944E,
  0xBD72, 0xCDD4, 0xCDB4, 0xACD0, 0x8BED, 0x732B, 0xA48F, 0xB4F0, 0xC572, 0xC572, 0xBD72, 0xC573,
  0xC593, 0xC572, 0xBD52, 0xC572, 0x8C0E, 0xB511, 0xC572, 0xC572, 0xC593, 0xC593, 0xC572, 0xC572,
  0xBD52, 0xBD52, 0xC593, 0xCDB3, 0x83AC, 0x940D, 0xA46F, 0x8BED, 0x944E, 0xB511, 0xCDF4, 0xDE56,
  0xDE76, 0xDE35, 0xD5F4, 0xD5F4, 0xDE35, 0xD615, 0xD615, 0xD615, 0xD615, 0xD635, 0xD615, 0xD615,
  0xD635, 0xD615, 0xD615, 0xDE35, 0xD635, 0xD635, 0xD615, 0xD635, 0xD635, 0xD635, 0xDE35, 0xD635,
  0xD615, 0xD615, 0xDE56, 0xA4D0, 0xA327, 0xE44A, 0x8265, 0x28C2, 0x1904, 0x2104, 0x3124, 0x20A1,
  0x61C4, 0xD429, 0x8266, 0x79C3, 0x1861, 0x0021, 0x0021, 0x0021, 0x0021, 0x0021, 0x0021, 0x0021,
  0x0021, 0x0021, 0x0021, 0x0021, 0x0021, 0x0021, 0x0021, 0x0021, 0x0021, 0x0021, 0x0021, 0x0021,
  0x0021, 0x0021, 0x0021, 0x0021, 0x0021, 0x0021, 0x0021, 0x0021, 0x0021, 0x0021, 0x0021, 0x0021,
  0x0021, 0x0021, 0x0021, 0x0021, 0x0021, 0x0021, 0x0021, 0x0021, 0x0021, 0x0021, 0x0021, 0x0021,
  0x0021, 0x0021, 0x0021, 0x0021, 0x0021, 0x0021, 0x0021, 0x0021, 0x0021, 0x0021, 0x0021, 0x0021,
  0x0021, 0x0021, 0x0021, 0x0021, 0x0021, 0x0021, 0x0021, 0x0021, 0x0041, 0x0000, 0xAB68, 0x7AA7,
  0x2166, 0x31A6, 0x2986, 0x2986, 0x3186, 0x3186, 0x3186, 0x3186, 0x2965, 0x1904, 0x18E3, 0x2965,
  0x41C6, 0x5247, 0x6288, 0x62A9, 0x62C9, 0x732B, 0x942E, 0xACF1, 0xA4B0, 0xC593, 0xACF1, 0x9C6F,
  0x940D, 0xA48F, 0xB531, 0xC572, 0xC572, 0xC572, 0xC5B3, 0x9C6F, 0xA48F, 0xC572, 0xBD31, 0xC572,
  0xC572, 0xBD52, 0xC572, 0xC593, 0xC572, 0xBD52, 0xC592, 0x9C6F, 0xA4B0, 0xC572, 0xC572, 0xBD52,
  0xB4F0, 0x9C6F, 0x942E, 0x944E, 0xACF1, 0xCDD4, 0xDE56, 0xDE56, 0xD635, 0xD614, 0xD5F4, 0xD615,
  0xD615, 0xD635, 0xD614, 0xD615, 0xD635, 0xD635, 0xD5F4, 0xD635, 0xDE55, 0xDE35, 0xD615, 0xD615,
  0xDE35, 0xD635, 0xD615, 0xD615, 0xD615, 0xDE55, 0xC5D4, 0x82C7, 0xDC09, 0xA348, 0x4102, 0x1904,
  0x2124, 0x2104, 0x18C3, 0x5142, 0xCBC8, 0x92E7, 0x81E3, 0x38E2, 0x0001, 0x0041, 0x0021, 0x0021,
  0x0021, 0x0021, 0x0021, 0x0021, 0x0021, 0x0021, 0x0021, 0x0021, 0x0021, 0x0021, 0x0021, 0x0021,
  0x0021, 0x0021, 0x0021, 0x0021, 0x0021, 0x0021, 0x0021, 0x0021, 0x0021, 0x0021, 0x0021, 0x0021,
  0x0021, 0x0021, 0x0021, 0x0021, 0x0021, 0x0021, 0x0021, 0x0021, 0x0021, 0x0021, 0x0021, 0x0021,
  0x0021, 0x0021, 0x0021, 0x0021, 0x0021, 0x0021, 0x0021, 0x0021, 0x0021, 0x0021, 0x0021, 0x0021,
  0x0021, 0x0021, 0x0021, 0x0021, 0x0021, 0x0021, 0x0021, 0x0021, 0x0021, 0x0021, 0x0021, 0x0841,
  0x0000, 0x7266, 0x92C6, 0x1904, 0x31A6, 0x3186, 0x3186, 0x3186, 0x3186, 0x3186, 0x2986, 0x2986,
  0x3186, 0x3186, 0x3186, 0x2965, 0x2125, 0x2124, 0x2945, 0x41C6, 0x5227, 0x5247, 0x5A68, 0x5A68,
  0x734B, 0x942E, 0xB531, 0xC5B3, 0xC572, 0xB511, 0x9C6F, 0x9C4F, 0xA48F, 0xB511, 0xACD0, 0x942E,
  0xC593, 0xBD52, 0xBD52, 0xBD52, 0xC552, 0xC572, 0xBD52, 0xBD52, 0xBD52, 0xC593, 0xACB0, 0x944E,
  0xCDB3, 0xBD72, 0xBD52, 0xBD52, 0xC572, 0xC572, 0xC572, 0xB4F0, 0x9C6F, 0x8BED, 0x83CC, 0xACF1,
  0xCDD4, 0xDE35, 0xDE55, 0xD635, 0xD615, 0xD614, 0xD5F4, 0xD615, 0xD615, 0xD5F4, 0xD615, 0xD635,
  0xD635, 0xD635, 0xD635, 0xDE35, 0xDE55, 0xD635, 0xD615, 0xDE35, 0xC5B3, 0xCE15, 0x8B8B, 0xD3C8,
  0xC40A, 0x6183, 0x20E3, 0x2124, 0x2104, 0x1904, 0x18C2, 0xBB27, 0xB388, 0x7A04, 0x5962, 0x0000,
  0x0021, 0x0021, 0x0021, 0x0021, 0x0021, 0x0021, 0x0021, 0x0021, 0x0021, 0x0041, 0x0021, 0x0021,
  0x0021, 0x0021, 0x0021, 0x0021, 0x0021, 0x0021, 0x0021, 0x0021, 0x0021, 0x0021, 0x0021, 0x0021,
  0x0021, 0x0021, 0x0021, 0x0021, 0x0021, 0x0021, 0x0021, 0x0021, 0x0021, 0x0021, 0x0021, 0x0021,
  0x0021, 0x0021, 0x0021, 0x0021, 0x0021, 0x0021, 0x0021, 0x0021, 0x0021, 0x0021, 0x0021, 0x0021,
  0x0021, 0x0021, 0x0021, 0x0021, 0x0021, 0x0021, 0x0021, 0x0021, 0x0021, 0x0021, 0x0021, 0x0021,
  0x0021, 0x0021, 0x0841, 0x0000, 0x49A4, 0xBB88, 0x2945, 0x31A6, 0x31A6, 0x2965, 0x2965, 0x2966,
  0x2986, 0x3186, 0x3186, 0x3186, 0x2986, 0x2986, 0x2986, 0x3186, 0x31A6, 0x3186, 0x2965, 0x2125,
  0x2104, 0x2924, 0x41E6, 0x5247, 0x5247, 0x5A88, 0x5A88, 0x732B, 0x942E, 0xB532, 0xC593, 0xC5B3,
  0xACF0, 0x8BED, 0x734B, 0x9C4E, 0xB511, 0xBD72, 0xC572, 0xC572, 0xC572, 0xC572, 0xBD52, 0xBD52,
  0xC572, 0xBD31, 0x944F, 0xC573, 0xBD52, 0xBD72, 0xBD52, 0xC572, 0xC572, 0xBD52, 0xC572, 0xC572,
  0xC593, 0xACB0, 0x7B4B, 0xA46E, 0x944E, 0x9C4E, 0xACD0, 0xC5B3, 0xD635, 0xDE55, 0xDE35, 0xD615,
  0xD5F4, 0xD5F4, 0xD615, 0xD615, 0xD615, 0xD615, 0xD635, 0xDE35, 0xD615, 0xD5F4, 0xDE55, 0xA4D1,
  0x8B48, 0x8B69, 0x8AC6, 0xC3E9, 0x7225, 0x20A2, 0x1904, 0x2104, 0x2124, 0x10C3, 0x9285, 0xCBE9,
  0x7A24, 0x71C3, 0x0841, 0x0021, 0x0021, 0x0021, 0x0021, 0x0021, 0x0021, 0x0021, 0x0021, 0x0021,
  0x0021, 0x0021, 0x0021, 0x0021, 0x0021, 0x0021, 0x0021, 0x0021, 0x0021, 0x0021, 0x0021, 0x0021,
  0x0021, 0x0021, 0x0021, 0x0021, 0x0021, 0x0021, 0x0021, 0x0021, 0x0021, 0x0021, 0x0021, 0x0021,
  0x0041, 0x0021, 0x0021, 0x0021, 0x0021, 0x0021, 0x0021, 0x0021, 0x0021, 0x0021, 0x0021, 0x0021,
  0x0021, 0x0021, 0x0021, 0x0021, 0x0021, 0x0021, 0x0021, 0x0021, 0x0021, 0x0021, 0x0021, 0x0021,
  0x0021, 0x0021, 0x0021, 0x0021, 0x0021, 0x0041, 0x0020, 0x20C2, 0xBBA8, 0x3965, 0x2186, 0x7A65,
  0x59E5, 0x39C7, 0x39C7, 0x3186, 0x2965, 0x2965, 0x2966, 0x2986, 0x3186, 0x3186, 0x3186, 0x2986,
  0x2986, 0x3186, 0x3186, 0x31A6, 0x3186, 0x2966, 0x2125, 0x2104, 0x2104, 0x39A5, 0x5227, 0x5A88,
  0x5A88, 0x62A9, 0x6B0A, 0x942E, 0xB4F1, 0xA4D1, 0xC593, 0xACAF, 0x9C4F, 0x942E, 0xA48F, 0xB511,
  0xBD52, 0xC572, 0xC572, 0xBD72, 0xBD52, 0x8C0E, 0xB531, 0xC572, 0xBD52, 0xBD52, 0xBD72, 0xBD52,
  0xC573, 0xC572, 0xC572, 0xBD52, 0xBD31, 0x8BED, 0xBD52, 0xC572, 0xC572, 0xB511, 0xA48F, 0x940D,
  0x940D, 0xACD0, 0xC593, 0xD5F4, 0xD615, 0xDE55, 0xD615, 0xD615, 0xD615, 0xD615, 0xD635, 0xD615,
  0xD615, 0xD635, 0xBD93, 0x936A, 0xDBE8, 0xD3E8, 0xC3A8, 0xAB88, 0x3923, 0x1904, 0x2104, 0x2104,
  0x10C3, 0x5142, 0xCBA8, 0x8AC6, 0x79E3, 0x20A1, 0x0021, 0x0041, 0x0021, 0x0021, 0x0021, 0x0021,
  0x0021, 0x0021, 0x0021, 0x0021, 0x0021, 0x0021, 0x0021, 0x0021, 0x0021, 0x0021, 0x0021, 0x0021,
  0x0021, 0x0021, 0x0021, 0x0021, 0x0021, 0x0021, 0x0021, 0x0021, 0x0021, 0x0021, 0x0021, 0x0041,
  0x0021, 0x0021, 0x0021, 0x0021, 0x0021, 0x0021, 0x0021, 0x0021, 0x0021, 0x0021, 0x0021, 0x0021,
  0x0021, 0x0021, 0x0021, 0x0021, 0x0021, 0x0021, 0x0021, 0x0021, 0x0021, 0x0021, 0x0021, 0x0021,
  0x0021, 0x0021, 0x0021, 0x0021, 0x0021, 0x0021, 0x0021, 0x0021, 0x0021, 0x0841, 0x0000, 0x9348,
  0xCC09, 0x6A25, 0x49C5, 0x3143, 0x2944, 0x39E7, 0x41E7, 0x41E7, 0x41E7, 0x39C7, 0x3186, 0x2965,
  0x2965, 0x2986, 0x3186, 0x3186, 0x3186, 0x3186, 0x3186, 0x3186, 0x3186, 0x3186, 0x3186, 0x3186,
  0x2965, 0x2125, 0x2104, 0x2944, 0x39A5, 0x5247, 0x5A88, 0x62A9, 0x5A88, 0x62CA, 0x8C0E, 0xACB0,
  0xC593, 0xC572, 0xB4F1, 0x9C6F, 0x942E, 0x9C4E, 0xACF0, 0xC593, 0x9C6F, 0xA48F, 0xC572, 0xBD32,
  0xBD52, 0xBD52, 0xC572, 0xBD52, 0xBD52, 0xC572, 0xBD52, 0xC592, 0x940E, 0xACF1, 0xC593, 0xBD52,
  0xBD52, 0xBD72, 0xC593, 0xC572, 0xB531, 0xACB0, 0x942E, 0x8BED, 0xA4B0, 0xC5B3, 0xDE56, 0xDE55,
  0xDE35, 0xD615, 0xD615, 0xD615, 0xD5F4, 0xDE35, 0x83AC, 0xB3EA, 0xD46A, 0xD409, 0xDC4A, 0xA348,
  0x3103, 0x1904, 0x2104, 0x18E4, 0x3923, 0xB306, 0x8A85, 0x8203, 0x4922, 0x0000, 0x0041, 0x0021,
  0x0021, 0x0021, 0x0021, 0x0021, 0x0021, 0x0021, 0x0021, 0x0021, 0x0021, 0x0021, 0x0021, 0x0021,
  0x0021, 0x0021, 0x0021, 0x0021, 0x0021, 0x0021, 0x0021, 0x0021, 0x0021, 0x0021, 0x0021, 0x0021,
  0x0021, 0x0021, 0x0021, 0x0021, 0x0021, 0x0021, 0x0021, 0x0021, 0x0021, 0x0021, 0x0021, 0x0021,
  0x0021, 0x0021, 0x0021, 0x0021, 0x0021, 0x0021, 0x0021, 0x0021, 0x0021, 0x0021, 0x0021, 0x0021,
  0x0021, 0x0021, 0x0021, 0x0021, 0x0021, 0x0021, 0x0021, 0x0021, 0x0021, 0x0021, 0x0021, 0x0021,
  0x0021, 0x0021, 0x0841, 0x7A04, 0x92A6, 0xAB68, 0xBBC9, 0x9B28, 0x7A87, 0x5207, 0x3186, 0x29A7,
  0x39E7, 0x4207, 0x4207, 0x41E7, 0x39E7, 0x31A6, 0x2986, 0x2965, 0x2965, 0x3186, 0x3186, 0x3186,
  0x3186, 0x3186, 0x2986, 0x2986, 0x3186, 0x31A6, 0x3186, 0x2966, 0x2145, 0x2104, 0x2924, 0x39A5,
  0x49E6, 0x4A06, 0x62A9, 0x62C9, 0x734B, 0x8C0E, 0xB511, 0xC5B4, 0xC572, 0xACF1, 0xA490, 0x83AC,
  0x7B6B, 0xB4F0, 0xBD51, 0xC593, 0xC572, 0xBD52, 0xBD52, 0xBD72, 0xBD52, 0xBD52, 0xC572, 0xA48F,
  0x9C6F, 0xC593, 0xBD52, 0xC572, 0xC572, 0xC572, 0xC572, 0xBD72, 0xC593, 0xCD93, 0xC572, 0xB531,
  0x730A, 0x8BCD, 0x940D, 0xA4AF, 0xC593, 0xD635, 0xDE56, 0xD635, 0xD5F4, 0xCDF4, 0x8B4A, 0x9A85,
  0x9AE7, 0xA369, 0x9B68, 0x69A3, 0x30E2, 0x18E4, 0x2124, 0x18C3, 0xAAE6, 0xC3C9, 0x8224, 0x6182,
  0x0021, 0x0021, 0x0021, 0x0021, 0x0021, 0x0021, 0x0021, 0x0021, 0x0021, 0x0021, 0x0041, 0x0021,
  0x0021, 0x0021, 0x0021, 0x0021, 0x0021, 0x0021, 0x0021, 0x0021, 0x0021, 0x0021, 0x0021, 0x0021,
  0x0021, 0x0021, 0x0021, 0x0021, 0x0021, 0x0021, 0x0021, 0x0021, 0x0021, 0x0021, 0x0021, 0x0021,
  0x0021, 0x0021, 0x0021, 0x0021, 0x0021, 0x0021, 0x0021, 0x0021, 0x0021, 0x0021, 0x0021, 0x0021,
  0x0021, 0x0021, 0x0021, 0x0021, 0x0021, 0x0021, 0x0021, 0x0021, 0x0021, 0x0021, 0x0021, 0x0021,
  0x0021, 0x0021, 0x0021, 0x0021, 0x0021, 0x0021, 0x0841, 0x71C3, 0x8203, 0x8204, 0x8244, 0x92A6,
  0xBBA8, 0xBBE9, 0xAB68, 0x7AA7, 0x49E6, 0x3186, 0x31A7, 0x39E7, 0x4208, 0x4208, 0x41E7, 0x31C7,
  0x2986, 0x3186, 0x2965, 0x2986, 0x2986, 0x3186, 0x3186, 0x3186, 0x3186, 0x2986, 0x2986, 0x3186,
  0x31A6, 0x3186, 0x2965, 0x2124, 0x2124, 0x2124, 0x39C6, 0x5227, 0x5A88, 0x5A88, 0x62A9, 0x732B,
  0x8BED, 0xB512, 0xBD52, 0xA4B0, 0xB531, 0x9C4F, 0x942E, 0x9C6F, 0xB511, 0xC572, 0xC593, 0xC572,
  0xBD51, 0xC572, 0xACD0, 0x942E, 0xBD52, 0xBD52, 0xBD72, 0xBD52, 0xBD72, 0xBD72, 0xBD52, 0xBD52,
  0xC572, 0xBD52, 0xC572, 0x942E, 0x9C6F, 0xC572, 0xB4D0, 0xA46F, 0x9C4E, 0x942E, 0xA4D0, 0xC593,
  0xCDD3, 0xDE56, 0x93AB, 0x9A64, 0x9A65, 0x9A85, 0x8204, 0x71A3, 0x3103, 0x2104, 0x10A3, 0x7A04,
  0xD409, 0x8265, 0x79C3, 0x1061, 0x0021, 0x0021, 0x0021, 0x0021, 0x0021, 0x0021, 0x0021, 0x0021,
  0x0021, 0x0021, 0x0021, 0x0021, 0x0021, 0x0021, 0x0021, 0x0021, 0x0021, 0x0021, 0x0041, 0x0021,
  0x0021, 0x0021, 0x0021, 0x0021, 0x0021, 0x0021, 0x0021, 0x0021, 0x0021, 0x0021, 0x0021, 0x0021,
  0x0021, 0x0021, 0x0021, 0x0021, 0x0021, 0x0021, 0x0021, 0x0021, 0x0021, 0x0021, 0x0021, 0x0021,
  0x0021, 0x0021, 0x0021, 0x0021, 0x0021, 0x0021, 0x0021, 0x0021, 0x0021, 0x0021, 0x0021, 0x0021,
  0x0021, 0x0021, 0x0021, 0x0021, 0x0021, 0x0021, 0x0021, 0x0021, 0x0021, 0x0021, 0x0021, 0x6162,
  0x8A24, 0x9244, 0x79E4, 0x71C3, 0x79E3, 0x7A04, 0x9AC6, 0xB388, 0xBBC9, 0xA368, 0x7A87, 0x49E6,
  0x31A6, 0x31A7, 0x31A7, 0x7A45, 0x6205, 0x39E8, 0x39C7, 0x3186, 0x2965, 0x2965, 0x2965, 0x3186,
  0x3186, 0x3186, 0x3186, 0x3186, 0x3186, 0x3186, 0x3186, 0x31A6, 0x31A6, 0x2966, 0x2125, 0x2104,
  0x2924, 0x39A5, 0x5227, 0x5A68, 0x5A88, 0x62C9, 0x5268, 0x83CD, 0xB532, 0xCDD4, 0xC593, 0xACD0,
  0x9C4F, 0x942E, 0xA48F, 0xB4F0, 0xBD31, 0xC593, 0x942E, 0xB531, 0xBD52, 0xBD52, 0xBD52, 0xC572,
  0xBD72, 0xBD52, 0xC572, 0xBD72, 0xBD52, 0xC572, 0xA48F, 0x942E, 0xC573, 0xBD52, 0xC572, 0xC593,
  0xC593, 0xBD52, 0xACB0, 0x940D, 0x940D, 0xACF1, 0x82E9, 0x9244, 0x9AA5, 0xA2C6, 0x8224, 0x79C3,
  0x3103, 0x10C4, 0x5183, 0xD3E8, 0x92E7, 0x81E3, 0x30C1, 0x0001, 0x0041, 0x0021, 0x0021, 0x0021,
  0x0021, 0x0021, 0x0021, 0x0021, 0x0021, 0x0021, 0x0021, 0x0021, 0x0021, 0x0021, 0x0021, 0x0021,
  0x0021, 0x0021, 0x0021, 0x0021, 0x0021, 0x0021, 0x0021, 0x0021, 0x0021, 0x0021, 0x0021, 0x0021,
  0x0021, 0x0021, 0x0021, 0x0021, 0x0021, 0x0021, 0x0021, 0x0021, 0x0021, 0x0021, 0x0021, 0x0021,
  0x0021, 0x0021, 0x0021, 0x0021, 0x0021, 0x0021, 0x0021, 0x0021, 0x0021, 0x0021, 0x0021, 0x0021,
  0x0021, 0x0021, 0x0021, 0x0021, 0x0021, 0x0021, 0x0021, 0x0021, 0x0021, 0x0021, 0x0021, 0x0021,
  0x0021, 0x0021, 0x0021, 0x0841, 0x20A1, 0x4922, 0x69A3, 0x79E3, 0x9244, 0x8A24, 0x8203, 0x79E3,
  0x8A44, 0xA307, 0xB3A8, 0xBBE9, 0xAB68, 0x7266, 0x49C5, 0x3964, 0x3165, 0x31C7, 0x39E7, 0x39E7,
  0x39E7, 0x39C7, 0x3186, 0x2965, 0x2965, 0x2986, 0x3186, 0x3186, 0x3186, 0x3186, 0x3186, 0x3186,
  0x3186, 0x3186, 0x3186, 0x3186, 0x2966, 0x2125, 0x2104, 0x2924, 0x39A5, 0x5227, 0x5227, 0x62A9,
  0x62C9, 0x6B0A, 0x8BED, 0xACF1, 0xC593, 0xBD72, 0xB4F1, 0x9C4E, 0x942E, 0x83AC, 0x940D, 0xBD31,
  0xC572, 0xC572, 0xBD52, 0xBD52, 0xC572, 0xBD72, 0xBD52, 0xBD72, 0xC572, 0xB531, 0x8C0E, 0xBD72,
  0xBD52, 0xBD52, 0xC572, 0xC573, 0xBD72, 0xC572, 0xC572, 0xBD52, 0xBD31, 0x9C4E, 0x49E5, 0x69C3,
  0x8203, 0x9A65, 0x8224, 0x8203, 0x3103, 0x20C2, 0xBB47, 0xAB68, 0x8203, 0x5142, 0x0001, 0x0041,
  0x0021, 0x0021, 0x0021, 0x0021, 0x0021, 0x0021, 0x0021, 0x0021, 0x0021, 0x0021, 0x0021, 0x0021,
  0x0021, 0x0021, 0x0021, 0x0021, 0x0021, 0x0021, 0x0021, 0x0021, 0x0021, 0x0021, 0x0021, 0x0021,
  0x0021, 0x0021, 0x0021, 0x0021, 0x0021, 0x0021, 0x0021, 0x0021, 0x0021, 0x0021, 0x0021, 0x0021,
  0x0021, 0x0021, 0x0021, 0x0021, 0x0021, 0x0021, 0x0021, 0x0021, 0x0021, 0x0021, 0x0021, 0x0021,
  0x0021, 0x0021, 0x0021, 0x0021, 0x0021, 0x0021, 0x0021, 0x0021, 0x0021, 0x0021, 0x0021, 0x0021,
  0x0021, 0x0021, 0x0021, 0x0021, 0x0021, 0x0021, 0x0021, 0x0021, 0x0021, 0x0001, 0x0841, 0x28A1,
  0x4942, 0x71C3, 0x8A24, 0x9264, 0x9244, 0x8A03, 0x8203, 0x8204, 0x92A6, 0xB388, 0xC40A, 0xA368,
  0x7266, 0x49E6, 0x3186, 0x2986, 0x39E7, 0x39E7, 0x41E7, 0x39E7, 0x39C7, 0x31A6, 0x2965, 0x2965,
  0x3186, 0x3186, 0x3186, 0x3186, 0x3186, 0x2986, 0x2986, 0x3186, 0x3186, 0x3186, 0x3186, 0x2966,
  0x2145, 0x2104, 0x2924, 0x39A5, 0x4A06, 0x5A68, 0x5A88, 0x5AA9, 0x6B0A, 0x8C0E, 0xACF0, 0xC5B3,
  0xACF1, 0x9C6F, 0x9C4F, 0x942E, 0xA48F, 0xB4F1, 0xC572, 0xC572, 0xC552, 0xBD52, 0xBD52, 0xBD52,
  0xC593, 0x8BED, 0xB531, 0xC572, 0xBD52, 0xC572, 0xBD52, 0xBD52, 0xBD72, 0xBD72, 0xBD52, 0xB511,
  0xBD52, 0x940E, 0xA4B0, 0xA4AF, 0x836B, 0x6A46, 0x61C4, 0x6982, 0x1881, 0x8A85, 0xBBA8, 0x7A24,
  0x71C3, 0x0841, 0x0021, 0x0021, 0x0021, 0x0021, 0x0021, 0x0021, 0x0021, 0x0021, 0x0021, 0x0021,
  0x0021, 0x0021, 0x0021, 0x0021, 0x0021, 0x0021, 0x0021, 0x0021, 0x0021, 0x0021, 0x0021, 0x0021,
  0x0021, 0x0021, 0x0021, 0x0021, 0x0021, 0x0021, 0x0021, 0x0021, 0x0021, 0x0021, 0x0021, 0x0021,
  0x0021, 0x0021, 0x0021, 0x0021, 0x0021, 0x0021, 0x0021, 0x0021, 0x0021, 0x0021, 0x0021, 0x0021,
  0x0021, 0x0021, 0x0021, 0x0021, 0x0021, 0x0021, 0x0021, 0x0021, 0x0021, 0x0021, 0x0021, 0x0021,
  0x0021, 0x0021, 0x0021, 0x0021, 0x0021, 0x0021, 0x0021, 0x0021, 0x0021, 0x0021, 0x0021, 0x0021,
  0x0041, 0x0041, 0x0021, 0x0021, 0x0000, 0x0021, 0x2081, 0x4922, 0x71C3, 0x8A44, 0x9264, 0x8A24,
  0x8203, 0x8204, 0x8245, 0x92C6, 0xB388, 0xC40A, 0xAB68, 0x7A86, 0x49E6, 0x3186, 0x29A7, 0x39C7,
  0x39E7, 0x41E7, 0x39E7, 0x39C7, 0x2986, 0x31A6, 0x2965, 0x2966, 0x3186, 0x3186, 0x3186, 0x3186,
  0x2986, 0x2986, 0x3186, 0x3186, 0x3186, 0x31A6, 0x2986, 0x2124, 0x18E4, 0x2124, 0x39A5, 0x5247,
  0x62A9, 0x62A9, 0x5A88, 0x734B, 0x736C, 0xACF1, 0xC5B3, 0xC593, 0xB4F1, 0x9C4F, 0x942E, 0xA48F,
  0xB4F0, 0xBD52, 0xC572, 0xC572, 0x9C6F, 0xA46F, 0xC572, 0xBD52, 0xC572, 0xBD52, 0xBD52, 0xBD52,
  0xC572, 0xBD52, 0xBD52, 0xC593, 0x942E, 0x9C6F, 0xC593, 0xC572, 0xC572, 0xBD31, 0xACF0, 0x730A,
  0x8A44, 0xB347, 0x8286, 0x81E3, 0x2081, 0x0021, 0x0041, 0x0021, 0x0021, 0x0021, 0x0021, 0x0021,
  0x0021, 0x0021, 0x0021, 0x0021, 0x0021, 0x0021, 0x0041, 0x0021, 0x0021, 0x0021, 0x0021, 0x0021,
  0x0021, 0x0021, 0x0021, 0x0021, 0x0021, 0x0021, 0x0021, 0x0021, 0x0021, 0x0021, 0x0021, 0x0021,
  0x0021, 0x0021, 0x0021, 0x0021, 0x0021, 0x0021, 0x0021, 0x0021, 0x0021, 0x0021, 0x0021, 0x0021,
  0x0021, 0x0021, 0x0021, 0x0021, 0x0021, 0x0021, 0x0021, 0x0021, 0x0021, 0x0021, 0x0021, 0x0021,
  0x0021, 0x0021, 0x0021, 0x0021, 0x0021, 0x0021, 0x0021, 0x0021, 0x0021, 0x0021, 0x0021, 0x0021,
  0x0021, 0x0021, 0x0021, 0x0021, 0x0021, 0x0021, 0x0021, 0x0041, 0x0041, 0x0021, 0x0021, 0x0000,
  0x0021, 0x2081, 0x4922, 0x71E3, 0x9264, 0x8A24, 0x7A24, 0x69A3, 0x81E3, 0x7A04, 0x92A6, 0xB388,
  0xBBC9, 0xA327, 0x7A87, 0x49E6, 0x3186, 0x2986, 0x31C7, 0x5A26, 0x8265, 0x31C7, 0x39E7, 0x3186,
  0x3186, 0x2986, 0x2966, 0x2986, 0x3186, 0x3186, 0x3186, 0x3186, 0x3186, 0x3186, 0x3186, 0x3186,
  0x3186, 0x2986, 0x2145, 0x2104, 0x2124, 0x39A5, 0x5247, 0x5A68, 0x4A07, 0x5A89, 0x6B0A, 0x8BEE,
  0xACF1, 0xC5B3, 0xC593, 0xB511, 0x9C4F, 0x8BED, 0xA48F, 0x9C4E, 0x8BED, 0xCDB3, 0xC572, 0xBD52,
  0xBD52, 0xBD52, 0xC572, 0xC572, 0xBD52, 0xBD52, 0xC572, 0xB511, 0x942F, 0xC572, 0xBD52, 0xBD32,
  0xBD52, 0xC572, 0xB511, 0x8AE8, 0xC3A8, 0x7A45, 0x79C3, 0x4102, 0x0000, 0x0041, 0x0021, 0x0021,
  0x0021, 0x0021, 0x0021, 0x0021, 0x0021, 0x0021, 0x0021, 0x0021, 0x0021, 0x0021, 0x0021, 0x0021,
  0x0021, 0x0021, 0x0021, 0x0021, 0x0021, 0x0021, 0x0021, 0x0021, 0x0021, 0x0021, 0x0021, 0x0021,
  0x0021, 0x0021, 0x0021, 0x0021, 0x0021, 0x0021, 0x0021, 0x0021, 0x0021, 0x0021, 0x0021, 0x0021,
  0x0021, 0x0021, 0x0021, 0x0021, 0x0021, 0x0021, 0x0021, 0x0021, 0x0021, 0x0021, 0x0021, 0x0021,
  0x0021, 0x0021, 0x0021, 0x0021, 0x0021, 0x0021, 0x0021, 0x0021, 0x0021, 0x0021, 0x0021, 0x0021,
  0x0021, 0x0021, 0x0021, 0x0021, 0x0021, 0x0021, 0x0021, 0x0021, 0x0021, 0x0021, 0x0021, 0x0021,
  0x0021, 0x0021, 0x0041, 0x0041, 0x0021, 0x0021, 0x0000, 0x0021, 0x2081, 0x4922, 0x6162, 0x81E3,
  0x9244, 0x8204, 0x81E3, 0x79E3, 0x8224, 0x9AC6, 0xB388, 0xBBC9, 0xAB68, 0x7A86, 0x49E6, 0x3985,
  0x4184, 0x31A7, 0x39E7, 0x39E7, 0x39E7, 0x39C7, 0x31A6, 0x3186, 0x2966, 0x2966, 0x3186, 0x3186,
  0x3186, 0x2986, 0x2986, 0x3186, 0x3186, 0x3186, 0x3186, 0x3186, 0x2966, 0x2125, 0x2104, 0x2124,
  0x2944, 0x4A07, 0x5A68, 0x5A88, 0x62A9, 0x732B, 0x8C2E, 0xACF1, 0xC593, 0xC593, 0xA4AF, 0x83AC,
  0x940D, 0x9C6F, 0xB511, 0xBD52, 0xC572, 0xC572, 0xBD52, 0xBD52, 0xBD52, 0xBD72, 0xBD72, 0x83AC,
  0xBD73, 0xBD52, 0xBD31, 0xBD52, 0xBD52, 0xBD72, 0x8B6A, 0xCBA7, 0xA348, 0x79E3, 0x6182, 0x0021,
  0x0041, 0x0021, 0x0021, 0x0021, 0x0021, 0x0021, 0x0021, 0x0021, 0x0021, 0x0021, 0x0021, 0x0021,
  0x0021, 0x0021, 0x0021, 0x0021, 0x0021, 0x0021, 0x0021, 0x0021, 0x0021, 0x0021, 0x0021, 0x0021,
  0x0021, 0x0021, 0x0021, 0x0021, 0x0021, 0x0021, 0x0021, 0x0021, 0x0021, 0x0021, 0x0021, 0x0021,
  0x0021, 0x0021, 0x0021, 0x0021, 0x0021, 0x0021, 0x0021, 0x0021, 0x0021, 0x0021, 0x0021, 0x0021,
  0x0021, 0x0021, 0x0021, 0x0021, 0x0021, 0x0021, 0x0021, 0x0021, 0x0021, 0x0021, 0x0021, 0x0021,
  0x0021, 0x0021, 0x0021, 0x0021, 0x0021, 0x0021, 0x0021, 0x0021, 0x0021, 0x0021, 0x0021, 0x0021,
  0x0021, 0x0041, 0x0021, 0x0021, 0x0021, 0x0021, 0x0021, 0x0021, 0x0021, 0x0041, 0x0041, 0x0021,
  0x0021, 0x0000, 0x0821, 0x20A1, 0x4122, 0x69A3, 0x8A24, 0x9264, 0x8A44, 0x8203, 0x8204, 0x8224,
  0x9AC6, 0xB388, 0xC40A, 0xA368, 0x7266, 0x49C6, 0x3186, 0x29A7, 0x31C7, 0x39E7, 0x4207, 0x4208,
  0x39E7, 0x31A6, 0x2965, 0x2965, 0x2965, 0x2986, 0x3186, 0x3186, 0x3186, 0x3186, 0x2986, 0x2986,
  0x3186, 0x31A6, 0x31A6, 0x2986, 0x2145, 0x2104, 0x2124, 0x3985, 0x4A27, 0x5A68, 0x5A88, 0x5A88,
  0x6B0A, 0x8C0E, 0x8BEE, 0xBD52, 0xC5B3, 0xACF0, 0x9C2E, 0x944E, 0xA46F, 0xACF0, 0xBD51, 0xC593,
  0xC572, 0xC572, 0x940E, 0xACD0, 0xC572, 0xBD52, 0xBD52, 0xBD52, 0xC593, 0x8BED, 0xBB67, 0xC40A,
  0x7204, 0x71C3, 0x0841, 0x0021, 0x0021, 0x0021, 0x0021, 0x0021, 0x0021, 0x0021, 0x0021, 0x0021,
  0x0021, 0x0021, 0x0021, 0x0021, 0x0021, 0x0021, 0x0021, 0x0021, 0x0021, 0x0021, 0x0021, 0x0021,
  0x0021, 0x0021, 0x0021, 0x0021, 0x0021, 0x0021, 0x0021, 0x0021, 0x0021, 0x0021, 0x0021, 0x0021,
  0x0021, 0x0021, 0x0021, 0x0021, 0x0021, 0x0021, 0x0021, 0x0021, 0x0021, 0x0021, 0x0021, 0x0021,
  0x0021, 0x0021, 0x0021, 0x0021, 0x0021, 0x0021, 0x0021, 0x0021, 0x0021, 0x0021, 0x0021, 0x0021,
  0x0021, 0x0021, 0x0021, 0x0021, 0x0021, 0x0021, 0x0021, 0x0021, 0x0021, 0x0021, 0x0021, 0x0021,
  0x0021, 0x0021, 0x0021, 0x0021, 0x0021, 0x0021, 0x0021, 0x0021, 0x0021, 0x0021, 0x0021, 0x0021,
  0x0021, 0x0021, 0x0021, 0x0021, 0x0041, 0x0041, 0x0021, 0x0021, 0x0001, 0x0021, 0x2081, 0x4922,
  0x71C3, 0x8A44, 0x9264, 0x8A44, 0x8A24, 0x8224, 0x8245, 0x92C6, 0xAB68, 0xBBC9, 0xAB89, 0x7AA7,
  0x49C6, 0x3186, 0x31A7, 0x39E7, 0x41E7, 0x41E7, 0x39C7, 0x39E7, 0x31A7, 0x2966, 0x2966, 0x2965,
  0x2986, 0x3186, 0x3186, 0x3186, 0x3186, 0x3186, 0x3186, 0x3186, 0x3186, 0x3186, 0x2965, 0x2125,
  0x2104, 0x2124, 0x3985, 0x5227, 0x5A88, 0x5227, 0x5268, 0x6B0A, 0x8BEE, 0xACF1, 0xC593, 0xC593,
  0xACD0, 0x942E, 0x9C4F, 0x9C6F, 0xB4F0, 0x9C6F, 0x942E, 0xC572, 0xBD32, 0xBD31, 0xBD52, 0xC592,
  0xA4B0, 0x92E7, 0xDC4A, 0x8266, 0x81E3, 0x28A1, 0x0001, 0x0841, 0x0021, 0x0021, 0x0021, 0x0021,
  0x0021, 0x0021, 0x0021, 0x0021, 0x0021, 0x0021, 0x0021, 0x0021, 0x0021, 0x0021, 0x0021, 0x0021,
  0x0021, 0x0021, 0x0021, 0x0021, 0x0021, 0x0021, 0x0021, 0x0021, 0x0021, 0x0021, 0x0021, 0x0021,
  0x0021, 0x0021, 0x0021, 0x0021, 0x0021, 0x0021, 0x0021, 0x0021, 0x0021, 0x0021, 0x0021, 0x0021,
  0x0021, 0x0021, 0x0021, 0x0021, 0x0021, 0x0021, 0x0021, 0x0021, 0x0021, 0x0021, 0x0021, 0x0021,
  0x0041, 0x0021, 0x0021, 0x0021, 0x0041, 0x0021, 0x0021, 0x0021, 0x0021, 0x0021, 0x0021, 0x0021,
  0x0021, 0x0021, 0x0021, 0x0021, 0x0021, 0x0021, 0x0021, 0x0021, 0x0021, 0x0021, 0x0021, 0x0021,
  0x0021, 0x0021, 0x0021, 0x0021, 0x0021, 0x0021, 0x0021, 0x0021, 0x0021, 0x0021, 0x0021, 0x0041,
  0x0041, 0x0021, 0x0021, 0x0000, 0x0021, 0x2081, 0x4922, 0x71C3, 0x8A44, 0x9244, 0x71E4, 0x71C3,
  0x71A3, 0x8245, 0x9AE6, 0xB368, 0xBBC9, 0xA348, 0x7A87, 0x49E6, 0x3186, 0x2986, 0x31C7, 0x39E8,
  0x5227, 0x6246, 0x31A6, 0x3186, 0x2965, 0x2965, 0x2966, 0x2986, 0x3186, 0x3186, 0x2986, 0x2986,
  0x2986, 0x2986, 0x3186, 0x3186, 0x3186, 0x2966, 0x2145, 0x2124, 0x2924, 0x3164, 0x41E6, 0x5A68,
  0x5A68, 0x62C9, 0x6B2B, 0x83CD, 0xACF1, 0xCDB3, 0xBD72, 0x8BEE, 0x9C4E, 0x734B, 0x9C4E, 0xACD0,
  0xBD11, 0xC593, 0xC552, 0xAD11, 0x8308, 0xD3E9, 0x9307, 0x81E3, 0x4922, 0x0000, 0x0041, 0x0021,
  0x0021, 0x0021, 0x0021, 0x0021, 0x0021, 0x0021, 0x0021, 0x0021, 0x0021, 0x0021, 0x0021, 0x0021,
  0x0021, 0x0021, 0x0021, 0x0021, 0x0021, 0x0021, 0x0021, 0x0021, 0x0021, 0x0021, 0x0021, 0x0021,
  0x0021, 0x0021, 0x0021, 0x0021, 0x0021, 0x0021, 0x0021, 0x0021, 0x0021, 0x0021, 0x0021, 0x0021,
  0x0021, 0x0021, 0x0021, 0x0021, 0x0021, 0x0021, 0x0021, 0x0021, 0x0021, 0x0021, 0x0021, 0x0021,
  0x0021, 0x0021, 0x0021, 0x0021, 0x0021, 0x0021, 0x0021, 0x0021, 0x0021, 0x0021, 0x0021, 0x0021,
  0x0021, 0x0021, 0x0021, 0x0021, 0x0021, 0x0021, 0x0021, 0x0021, 0x0021, 0x0021, 0x0021, 0x0021,
  0x0021, 0x0021, 0x0021, 0x0021, 0x0021, 0x0021, 0x0021, 0x0021, 0x0021, 0x0021, 0x0021, 0x0021,
  0x0021, 0x0021, 0x0021, 0x0021, 0x0021, 0x0021, 0x0041, 0x0041, 0x0021, 0x0021, 0x0001, 0x0021,
  0x2081, 0x4922, 0x6162, 0x71C3, 0x9A65, 0x8A24, 0x81E3, 0x79C3, 0x8224, 0x9AE7, 0xB388, 0xBBC9,
  0xAB89, 0x7A87, 0x49C5, 0x2966, 0x4164, 0x59A3, 0x3186, 0x39E7, 0x39C7, 0x39C7, 0x3186, 0x2965,
  0x2966, 0x2966, 0x3186, 0x3186, 0x3186, 0x2986, 0x2986, 0x2986, 0x3186, 0x3186, 0x3186, 0x3186,
  0x2966, 0x2945, 0x2104, 0x2104, 0x39A5, 0x4A07, 0x5247, 0x5A68, 0x62A9, 0x6B0A, 0x732B, 0xA4B0,
  0xBD51, 0xC593, 0xB511, 0x9C6F, 0x940E, 0x9C4E, 0xB511, 0x7B2A, 0xC3A8, 0xB3A9, 0x79E3, 0x69A3,
  0x0021, 0x0021, 0x0021, 0x0021, 0x0021, 0x0021, 0x0021, 0x0021, 0x0021, 0x0021, 0x0021, 0x0021,
  0x0021, 0x0021, 0x0021, 0x0021, 0x0021, 0x0021, 0x0021, 0x0021, 0x0021, 0x0021, 0x0021, 0x0021,
  0x0021, 0x0021, 0x0021, 0x0021, 0x0021, 0x0021, 0x0021, 0x0041, 0x0021, 0x0041, 0x0041, 0x0021,
  0x0021, 0x0021, 0x0021, 0x0021, 0x0021, 0x0021, 0x0021, 0x0021, 0x0021, 0x0021, 0x0021, 0x0021,
  0x0021, 0x0021, 0x0021, 0x0021, 0x0021, 0x0021, 0x0021, 0x0021, 0x0021, 0x0021, 0x0021, 0x0021,
  0x0021, 0x0021, 0x0021, 0x0021, 0x0021, 0x0021, 0x0021, 0x0021, 0x0021, 0x0021, 0x0021, 0x0021,
  0x0021, 0x0021, 0x0021, 0x0021, 0x0021, 0x0021, 0x0021, 0x0021, 0x0021, 0x0021, 0x0021, 0x0021,
  0x0021, 0x0021, 0x0021, 0x0021, 0x0021, 0x0021, 0x0021, 0x0021, 0x0021, 0x0021, 0x0021, 0x0021,
  0x0021, 0x0041, 0x0041, 0x0021, 0x0021, 0x0000, 0x0841, 0x20A1, 0x5142, 0x71C3, 0x8203, 0x8A44,
  0x8A24, 0x8203, 0x79E3, 0x7A04, 0x9AC6, 0xAB68, 0xBBC9, 0xA348, 0x6A46, 0x3164, 0x3186, 0x2986,
  0x31A7, 0x39C7, 0x39E7, 0x39E7, 0x39C7, 0x31A6, 0x2965, 0x2965, 0x2965, 0x2966, 0x3186, 0x3186,
  0x3186, 0x3186, 0x3186, 0x2986, 0x3186, 0x3186, 0x3186, 0x2966, 0x2945, 0x2104, 0x2124, 0x3185,
  0x41E6, 0x5A68, 0x5227, 0x5A88, 0x6AEA, 0x8C0E, 0xACD1, 0xC593, 0xC5B3, 0xB4F0, 0x6B2A, 0xAAE7,
  0xCC2A, 0x7A24, 0x79C3, 0x1861, 0x0021, 0x0041, 0x0021, 0x0021, 0x0021, 0x0021, 0x0021, 0x0021,
  0x0021, 0x0021, 0x0021, 0x0021, 0x0021, 0x0021, 0x0021, 0x0021, 0x0021, 0x0021, 0x0021, 0x0021,
  0x0021, 0x0021, 0x0021, 0x0021, 0x0021, 0x0021, 0x0021, 0x0021, 0x0021, 0x0021, 0x0021, 0x0041,
  0x0021, 0x0021, 0x0021, 0x0021, 0x0021, 0x0021, 0x0021, 0x0021, 0x0021, 0x0021, 0x0021, 0x0021,
  0x0021, 0x0021, 0x0021, 0x0021, 0x0021, 0x0021, 0x0021, 0x0021, 0x0021, 0x0021, 0x0021, 0x0041,
  0x0021, 0x0021, 0x0021, 0x0021, 0x0021, 0x0021, 0x0021, 0x0021, 0x0021, 0x0021, 0x0021, 0x0021,
  0x0021, 0x0021, 0x0021, 0x0021, 0x0021, 0x0021, 0x0021, 0x0021, 0x0021, 0x0021, 0x0021, 0x0021,
  0x0021, 0x0021, 0x0021, 0x0021, 0x0021, 0x0021, 0x0021, 0x0021, 0x0021, 0x0021, 0x0021, 0x0021,
  0x0021, 0x0021, 0x0021, 0x0021, 0x0021, 0x0021, 0x0021, 0x0021, 0x0041, 0x0041, 0x0021, 0x0021,
  0x0000, 0x0021, 0x2081, 0x4922, 0x69A3, 0x8A24, 0x9244, 0x8A24, 0x81E3, 0x79C3, 0x8245, 0x9AC6,
  0xB367, 0xBBA8, 0xB3A9, 0x7AA7, 0x41A5, 0x2966, 0x29A7, 0x39C7, 0x39E7, 0x41E7, 0x39C7, 0x39C7,
  0x31A6, 0x2965, 0x2965, 0x2965, 0x3186, 0x31A6, 0x3186, 0x3186, 0x3186, 0x2986, 0x2986, 0x3186,
  0x3186, 0x3186, 0x2966, 0x2125, 0x1904, 0x2944, 0x3165, 0x49E6, 0x5A88, 0x5A88, 0x62A9, 0x732B,
  0x942E, 0xA4B0, 0x8AE7, 0xBB67, 0x8286, 0x81E3, 0x38E2, 0x0001, 0x0841, 0x0021, 0x0021, 0x0021,
  0x0021, 0x0021, 0x0021, 0x0021, 0x0021, 0x0021, 0x0021, 0x0021, 0x0021, 0x0021, 0x0021, 0x0021,
  0x0021, 0x0021, 0x0021, 0x0021, 0x0021, 0x0021, 0x0021, 0x0021, 0x0021, 0x0021, 0x0021, 0x0021,
  0x0021, 0x0021, 0x0041, 0x0021, 0x0021, 0x0021, 0x0021, 0x0021, 0x0021, 0x0021, 0x0021, 0x0021,
  0x0021, 0x0021, 0x0021, 0x0021, 0x0021, 0x0021, 0x0021, 0x0021, 0x0021, 0x0021, 0x0021, 0x0021,
  0x0021, 0x0021, 0x0021, 0x0021, 0x0021, 0x0021, 0x0021, 0x0021, 0x0021, 0x0021, 0x0021, 0x0021,
  0x0021, 0x0021, 0x0021, 0x0021, 0x0021, 0x0021, 0x0021, 0x0021, 0x0021, 0x0041, 0x0021, 0x0021,
  0x0021, 0x0021, 0x0021, 0x0021, 0x0021, 0x0021, 0x0021, 0x0021, 0x0021, 0x0021, 0x0021, 0x0021,
  0x0021, 0x0021, 0x0021, 0x0021, 0x0021, 0x0021, 0x0021, 0x0021, 0x0021, 0x0021, 0x0021, 0x0021,
  0x0021, 0x0021, 0x0021, 0x0021, 0x0041, 0x0021, 0x0021, 0x0001, 0x0021, 0x2081, 0x4922, 0x71C3,
  0x8A44, 0x9244, 0x8A24, 0x79E3, 0x79E3, 0x8224, 0x92E7, 0xB368, 0xBBA9, 0xA348, 0x7286, 0x49C6,
  0x3186, 0x29A7, 0x31C7, 0x41E7, 0x39C7, 0x5227, 0x41E6, 0x31A6, 0x2965, 0x2965, 0x2966, 0x3186,
  0x2986, 0x2986, 0x3186, 0x2986, 0x2986, 0x2986, 0x2986, 0x3186, 0x3186, 0x2966, 0x2145, 0x2104,
  0x2124, 0x3165, 0x4A07, 0x5A88, 0x62A9, 0x49E6, 0x9AE6, 0x9B07, 0x8203, 0x5962, 0x0001, 0x0041,
  0x0021, 0x0021, 0x0021, 0x0021, 0x0021, 0x0021, 0x0021, 0x0021, 0x0021, 0x0021, 0x0021, 0x0021,
  0x0021, 0x0021, 0x0021, 0x0021, 0x0021, 0x0021, 0x0021, 0x0021, 0x0021, 0x0021, 0x0021, 0x0021,
  0x0021, 0x0021, 0x0021, 0x0021, 0x0021, 0x0021, 0x0021, 0x0021, 0x0021, 0x0021, 0x0041, 0x0041,
  0x0021, 0x0021, 0x0021, 0x0021, 0x0021, 0x0021, 0x0021, 0x0021, 0x0021, 0x0021, 0x0021, 0x0021,
  0x0021, 0x0021, 0x0021, 0x0021, 0x0021, 0x0021, 0x0021, 0x0021, 0x0021, 0x0021, 0x0021, 0x0021,
  0x0021, 0x0021, 0x0021, 0x0021, 0x0021, 0x0021, 0x0021, 0x0021, 0x0021, 0x0021, 0x0021, 0x0021,
  0x0021, 0x0021, 0x0021, 0x0021, 0x0021, 0x0021, 0x0021, 0x0021, 0x0021, 0x0021, 0x0021, 0x0021,
  0x0021, 0x0021, 0x0021, 0x0041, 0x0021, 0x0021, 0x0021, 0x0021, 0x0021, 0x0021, 0x0021, 0x0021,
  0x0021, 0x0021, 0x0021, 0x0021, 0x0021, 0x0021, 0x0021, 0x0021, 0x0021, 0x0021, 0x0041, 0x0041,
  0x0021, 0x0021, 0x0001, 0x0021, 0x20A1, 0x4922, 0x71C3, 0x8204, 0x8203, 0x8A44, 0x79C3, 0x71C3,
  0x8224, 0x9AE6, 0xB3A8, 0xC3C9, 0xAB89, 0x7A87, 0x41A5, 0x3186, 0x2145, 0x8244, 0x51E5, 0x39E8,
  0x39C6, 0x31A6, 0x31A6, 0x2965, 0x2945, 0x2965, 0x2986, 0x3186, 0x2986, 0x2986, 0x2986, 0x2986,
  0x2986, 0x2986, 0x2986, 0x3186, 0x2966, 0x2145, 0x2104, 0x2924, 0x3185, 0x3944, 0x71A2, 0x71C3,
  0x69A3, 0x0841, 0x0021, 0x0041, 0x0021, 0x0021, 0x0021, 0x0021, 0x0021, 0x0021, 0x0021, 0x0021,
  0x0021, 0x0021, 0x0021, 0x0041, 0x0021, 0x0021, 0x0021, 0x0021, 0x0021, 0x0021, 0x0021, 0x0021,
  0x0021, 0x0021, 0x0021, 0x0021, 0x0021, 0x0021, 0x0021, 0x0021, 0x0021, 0x0021, 0x0021, 0x0021,
  0x0021, 0x0021, 0x0021, 0x0021, 0x0021, 0x0021, 0x0021, 0x0021, 0x0021, 0x0021, 0x0021, 0x0021,
  0x0021, 0x0021, 0x0021, 0x0021, 0x0021, 0x0021, 0x0021, 0x0021, 0x0021, 0x0021, 0x0021, 0x0021,
  0x0021, 0x0021, 0x0041, 0x0021, 0x0021, 0x0021, 0x0021, 0x0021, 0x0021, 0x0021, 0x0021, 0x0021,
  0x0021, 0x0041, 0x0021, 0x0021, 0x0021, 0x0021, 0x0021, 0x0021, 0x0021, 0x0021, 0x0021, 0x0021,
  0x0021, 0x0021, 0x0021, 0x0021, 0x0021, 0x0021, 0x0021, 0x0021, 0x0021, 0x0021, 0x0021, 0x0041,
  0x0021, 0x0021, 0x0021, 0x0021, 0x0021, 0x0021, 0x0021, 0x0021, 0x0021, 0x0021, 0x0021, 0x0021,
  0x0021, 0x0021, 0x0021, 0x0021, 0x0021, 0x0041, 0x0041, 0x0021, 0x0021, 0x0000, 0x0021, 0x20A1,
  0x4942, 0x71E3, 0x8224, 0x8A44, 0x8A24, 0x81E3, 0x79C3, 0x8224, 0x92C6, 0xB388, 0xC3E9, 0xA347,
  0x6A46, 0x4185, 0x2945, 0x29A6, 0x31C7, 0x39E7, 0x39E7, 0x39C7, 0x39E7, 0x31A6, 0x2965, 0x2945,
  0x2965, 0x2986, 0x2986, 0x2986, 0x3186, 0x2986, 0x2966, 0x2966, 0x2986, 0x3186, 0x31A6, 0x2165,
  0x2903, 0x92A5, 0x69C3, 0x79C3, 0x2081, 0x0021, 0x0021, 0x0021, 0x0021, 0x0021, 0x0021, 0x0021,
  0x0021, 0x0021, 0x0021, 0x0021, 0x0021, 0x0021, 0x0021, 0x0021, 0x0021, 0x0021, 0x0021, 0x0021,
  0x0021, 0x0021, 0x0021, 0x0021, 0x0021, 0x0021, 0x0021, 0x0021, 0x0021, 0x0021, 0x0021, 0x0021,
  0x0021, 0x0021, 0x0021, 0x0021, 0x0021, 0x0021, 0x0021, 0x0021, 0x0021, 0x0021, 0x0021, 0x0021,
  0x0021, 0x0021, 0x0021, 0x0021, 0x0021, 0x0021, 0x0021, 0x0021, 0x0021, 0x0021, 0x0021, 0x0021,
  0x0021, 0x0021, 0x0021, 0x0021, 0x0021, 0x0021, 0x0041, 0x0021, 0x0021, 0x0021, 0x0021, 0x0021,
  0x0021, 0x0021, 0x0021, 0x0021, 0x0021, 0x0021, 0x0021, 0x0021, 0x0021, 0x0021, 0x0021, 0x0021,
  0x0021, 0x0021, 0x0021, 0x0021, 0x0021, 0x0021, 0x0021, 0x0021, 0x0021, 0x0041, 0x0021, 0x0021,
  0x0041, 0x0021, 0x0021, 0x0041, 0x0021, 0x0021, 0x0021, 0x0021, 0x0021, 0x0021, 0x0041, 0x0021,
  0x0021, 0x0021, 0x0021, 0x0021, 0x0021, 0x0021, 0x0021, 0x0021, 0x0021, 0x0021, 0x0021, 0x0021,
  0x0041, 0x0041, 0x0021, 0x0021, 0x0000, 0x0021, 0x20A1, 0x4922, 0x71C3, 0x8A24, 0x9244, 0x8A24,
  0x79E3, 0x79E3, 0x8245, 0x9AE7, 0xB388, 0xC3E9, 0xAB68, 0x7AA7, 0x49C5, 0x2986, 0x2986, 0x31C7,
  0x39E7, 0x4207, 0x39E7, 0x39C7, 0x31A6, 0x2986, 0x2145, 0x2965, 0x3186, 0x31A6, 0x3186, 0x2966,
  0x2966, 0x3186, 0x31A7, 0x2104, 0xAB48, 0x9B28, 0x81E3, 0x4902, 0x0000, 0x0041, 0x0021, 0x0021,
  0x0021, 0x0021, 0x0021, 0x0021, 0x0021, 0x0021, 0x0021, 0x0021, 0x0021, 0x0021, 0x0021, 0x0021,
  0x0021, 0x0021, 0x0021, 0x0021, 0x0021, 0x0021, 0x0021, 0x0021, 0x0021, 0x0021, 0x0021, 0x0021,
  0x0021, 0x0021, 0x0021, 0x0021, 0x0021, 0x0021, 0x0021, 0x0021, 0x0021, 0x0021, 0x0021, 0x0021,
  0x0021, 0x0021, 0x0021, 0x0021, 0x0021, 0x0021, 0x0021, 0x0021, 0x0021, 0x0021, 0x0021, 0x0021,
  0x0021, 0x0021, 0x0021, 0x0021, 0x0021, 0x0021, 0x0021, 0x0021, 0x0021, 0x0021, 0x0021, 0x0021,
  0x0021, 0x0021, 0x0021, 0x0021, 0x0021, 0x0021, 0x0021, 0x0021, 0x0021, 0x0021, 0x0021, 0x0021,
  0x0021, 0x0021, 0x0021, 0x0021, 0x0021, 0x0021, 0x0021, 0x0021, 0x0021, 0x0021, 0x0021, 0x0021,
  0x0021, 0x0021, 0x0021, 0x0021, 0x0021, 0x0021, 0x0021, 0x0021, 0x0021, 0x0021, 0x0021, 0x0021,
  0x0021, 0x0021, 0x0021, 0x0021, 0x0021, 0x0021, 0x0021, 0x0021, 0x0021, 0x0021, 0x0021, 0x0021,
  0x0021, 0x0021, 0x0021, 0x0021, 0x0021, 0x0021, 0x0021, 0x0041, 0x0041, 0x0021, 0x0021, 0x0000,
  0x0021, 0x20A1, 0x4942, 0x71E3, 0x8A44, 0x9264, 0x8A24, 0x79E3, 0x8244, 0x8224, 0x92C6, 0xB3A8,
  0xBBC9, 0xA348, 0x7246, 0x49C6, 0x31A6, 0x29A7, 0x31C7, 0x41E7, 0x4208, 0x4207, 0x39A6, 0x3186,
  0x3186, 0x3186, 0x2965, 0x2966, 0x2986, 0x31A6, 0x2145, 0x82A6, 0xB3C9, 0x71A3, 0x6182, 0x0021,
  0x0021, 0x0021, 0x0021, 0x0021, 0x0021, 0x0021, 0x0021, 0x0021, 0x0021, 0x0021, 0x0021, 0x0021,
  0x0021, 0x0021, 0x0021, 0x0021, 0x0021, 0x0021, 0x0021, 0x0021, 0x0021, 0x0021, 0x0021, 0x0021,
  0x0021, 0x0021, 0x0021, 0x0021, 0x0021, 0x0021, 0x0021, 0x0021, 0x0021, 0x0041, 0x0021, 0x0021,
  0x0021, 0x0021, 0x0021, 0x0021, 0x0021, 0x0021, 0x0021, 0x0021, 0x0021, 0x0021, 0x0021, 0x0021,
  0x0041, 0x0021, 0x0021, 0x0021, 0x0021, 0x0021, 0x0021, 0x0021, 0x0021, 0x0021, 0x0021, 0x0021,
  0x0021, 0x0021, 0x0021, 0x0021, 0x0021, 0x0021, 0x0021, 0x0021, 0x0021, 0x0021, 0x0021, 0x0021,
  0x0021, 0x0021, 0x0021, 0x0021, 0x0021, 0x0041, 0x0021, 0x0021, 0x0021, 0x0021, 0x0041, 0x0021,
  0x0021, 0x0021, 0x0021, 0x0021, 0x0021, 0x0021, 0x0021, 0x0021, 0x0021, 0x0021, 0x0021, 0x0021,
  0x0021, 0x0021, 0x0021, 0x0021, 0x0021, 0x0021, 0x0021, 0x0021, 0x0021, 0x0021, 0x0021, 0x0021,
  0x0021, 0x0021, 0x0021, 0x0021, 0x0021, 0x0021, 0x0021, 0x0021, 0x0021, 0x0021, 0x0021, 0x0021,
  0x0021, 0x0021, 0x0041, 0x0841, 0x0021, 0x0021, 0x0000, 0x0021, 0x20A1, 0x4942, 0x71E3, 0x8A24,
  0x8204, 0x79E3, 0x8203, 0x79E3, 0x7A24, 0x9AC6, 0xB388, 0xBBC9, 0xAB48, 0x7287, 0x49C6, 0x3186,
  0x29A7, 0x5A05, 0x8A44, 0x3186, 0x41E7, 0x39C7, 0x3186, 0x2965, 0x2965, 0x2145, 0x49C5, 0xCC0A,
  0x7204, 0x79C3, 0x1061, 0x0021, 0x0021, 0x0021, 0x0021, 0x0021, 0x0021, 0x0021, 0x0021, 0x0021,
  0x0021, 0x0021, 0x0021, 0x0021, 0x0021, 0x0021, 0x0021, 0x0021, 0x0021, 0x0021, 0x0021, 0x0021,
  0x0021, 0x0021, 0x0021, 0x0021, 0x0021, 0x0021, 0x0021, 0x0021, 0x0021, 0x0021, 0x0021, 0x0021,
  0x0021, 0x0021, 0x0021, 0x0021, 0x0021, 0x0021, 0x0021, 0x0021, 0x0021, 0x0021, 0x0021, 0x0021,
  0x0021, 0x0021, 0x0021, 0x0041, 0x0021, 0x0021, 0x0021, 0x0021, 0x0021, 0x0021, 0x0021, 0x0021,
  0x0021, 0x0021, 0x0021, 0x0021, 0x0021, 0x0021, 0x0041, 0x0021, 0x0021, 0x0021, 0x0021, 0x0021,
  0x0021, 0x0021, 0x0021, 0x0021, 0x0021, 0x0021, 0x0021, 0x0021, 0x0021, 0x0021, 0x0021, 0x0021,
  0x0021, 0x0021, 0x0021, 0x0021, 0x0021, 0x0021, 0x0021, 0x0021, 0x0021, 0x0021, 0x0021, 0x0021,
  0x0021, 0x0021, 0x0021, 0x0021, 0x0021, 0x0021, 0x0021, 0x0021, 0x0021, 0x0021, 0x0021, 0x0021,
  0x0021, 0x0021, 0x0021, 0x0021, 0x0021, 0x0021, 0x0021, 0x0041, 0x0021, 0x0021, 0x0021, 0x0021,
  0x0021, 0x0021, 0x0021, 0x0021, 0x0021, 0x0021, 0x0021, 0x0021, 0x0021, 0x0041, 0x0041, 0x0021,
  0x0021, 0x0000, 0x0841, 0x20A1, 0x4922, 0x79E4, 0x8A44, 0x8A44, 0x8A24, 0x8203, 0x8204, 0x8224,
  0x92C6, 0xB3A8, 0xBBC9, 0xA348, 0x7AA7, 0x4184, 0x2904, 0x29A7, 0x39C7, 0x39C7, 0x39E7, 0x41E7,
  0x39C7, 0x2924, 0xBBA9, 0x82A6, 0x81C3, 0x30E2, 0x0001, 0x0041, 0x0021, 0x0021, 0x0021, 0x0021,
  0x0021, 0x0021, 0x0021, 0x0021, 0x0021, 0x0021, 0x0021, 0x0021, 0x0021, 0x0021, 0x0021, 0x0021,
  0x0021, 0x0021, 0x0021, 0x0021, 0x0021, 0x0021, 0x0021, 0x0021, 0x0021, 0x0021, 0x0021, 0x0021,
  0x0021, 0x0021, 0x0021, 0x0021, 0x0021, 0x0021, 0x0021, 0x0021, 0x0021, 0x0021, 0x0021, 0x0021,
  0x0021, 0x0021, 0x0021, 0x0021, 0x0021, 0x0021, 0x0021, 0x0021, 0x0021, 0x0021, 0x0021, 0x0021,
  0x0021, 0x0021, 0x0021, 0x0021, 0x0021, 0x0021, 0x0021, 0x0021, 0x0021, 0x0041, 0x0021, 0x0021,
  0x0021, 0x0021, 0x0021, 0x0021, 0x0021, 0x0021, 0x0021, 0x0021, 0x0021, 0x0021, 0x0021, 0x0021,
  0x0021, 0x0041, 0x0021, 0x0021, 0x0021, 0x0021, 0x0021, 0x0021, 0x0021, 0x0021, 0x0021, 0x0021,
  0x0021, 0x0021, 0x0021, 0x0021, 0x0021, 0x0021, 0x0021, 0x0041, 0x0021, 0x0021, 0x0021, 0x0021,
  0x0021, 0x0021, 0x0021, 0x0021, 0x0021, 0x0021, 0x0021, 0x0021, 0x0021, 0x0021, 0x0021, 0x0021,
  0x0021, 0x0021, 0x0021, 0x0021, 0x0021, 0x0021, 0x0021, 0x0021, 0x0021, 0x0021, 0x0021, 0x0021,
  0x0021, 0x0021, 0x0021, 0x0021, 0x0041, 0x0041, 0x0041, 0x0021, 0x0001, 0x0021, 0x2081, 0x4922,
  0x71E3, 0x8A44, 0x9244, 0x8A24, 0x8203, 0x79E3, 0x8224, 0x9AE7, 0xB3A8, 0xBBA8, 0xAB88, 0x7AA7,
  0x41A5, 0x2966, 0x31C7, 0x39E7, 0x2145, 0x9B07, 0xA348, 0x79E3, 0x5962, 0x0000, 0x0041, 0x0021,
  0x0021, 0x0021, 0x0021, 0x0021, 0x0021, 0x0021, 0x0021, 0x0021, 0x0021, 0x0021, 0x0021, 0x0021,
  0x0021, 0x0021, 0x0021, 0x0021, 0x0021, 0x0021, 0x0021, 0x0021, 0x0021, 0x0021, 0x0021, 0x0021,
  0x0021, 0x0021, 0x0021, 0x0021, 0x0021, 0x0021, 0x0021, 0x0021, 0x0021, 0x0021, 0x0021, 0x0021,
  0x0021, 0x0021, 0x0021, 0x0021, 0x0021, 0x0021, 0x0021, 0x0021, 0x0021, 0x0021, 0x0021, 0x0021,
  0x0021, 0x0021, 0x0021, 0x0021, 0x0021, 0x0021, 0x0021, 0x0021, 0x0021, 0x0021, 0x0021, 0x0021,
  0x0021, 0x0021, 0x0021, 0x0021, 0x0021, 0x0021, 0x0021, 0x0021, 0x0021, 0x0021, 0x0021, 0x0021,
  0x0021, 0x0021, 0x0021, 0x0021, 0x0021, 0x0021, 0x0021, 0x0021, 0x0021, 0x0021, 0x0021, 0x0021,
  0x0021, 0x0021, 0x0021, 0x0021, 0x0021, 0x0021, 0x0021, 0x0021, 0x0021, 0x0021, 0x0041, 0x0021,
  0x0021, 0x0021, 0x0021, 0x0021, 0x0021, 0x0021, 0x0021, 0x0021, 0x0021, 0x0021, 0x0021, 0x0021,
  0x0021, 0x0021, 0x0021, 0x0021, 0x0021, 0x0021, 0x0021, 0x0021, 0x0021, 0x0021, 0x0021, 0x0021,
  0x0021, 0x0021, 0x0021, 0x0021, 0x0021, 0x0021, 0x0021, 0x0021, 0x0021, 0x0021, 0x0021, 0x0041,
  0x0041, 0x0021, 0x0021, 0x0001, 0x0021, 0x2081, 0x4922, 0x71E3, 0x9244, 0x9244, 0x9244, 0x81E3,
  0x71C3, 0x8A65, 0x9AC6, 0xB388, 0xBBC9, 0xAB48, 0x6A25, 0x3144, 0x6A46, 0xC3E9, 0x7A04, 0x71C3,
  0x0841, 0x0021, 0x0021, 0x0021, 0x0021, 0x0021, 0x0021, 0x0021, 0x0021, 0x0021, 0x0021, 0x0021,
  0x0021, 0x0021, 0x0021, 0x0021, 0x0021, 0x0021, 0x0021, 0x0021, 0x0021, 0x0021, 0x0021, 0x0021,
  0x0021, 0x0021, 0x0021, 0x0021, 0x0021, 0x0021, 0x0041, 0x0021, 0x0021, 0x0021, 0x0021, 0x0021,
  0x0021, 0x0021, 0x0021, 0x0021, 0x0021, 0x0021, 0x0021, 0x0021, 0x0021, 0x0021, 0x0021, 0x0021,
  0x0021, 0x0021, 0x0021, 0x0021, 0x0021, 0x0021, 0x0021, 0x0021, 0x0021, 0x0021, 0x0021, 0x0021,
  0x0021, 0x0021, 0x0021, 0x0021, 0x0021, 0x0021, 0x0021, 0x0021, 0x0021, 0x0021, 0x0021, 0x0021,
  0x0021, 0x0021, 0x0021, 0x0021, 0x0021, 0x0021, 0x0021, 0x0021, 0x0021, 0x0021, 0x0021, 0x0041,
  0x0021, 0x0021, 0x0021, 0x0021, 0x0021, 0x0021, 0x0021, 0x0021, 0x0021, 0x0021, 0x0021, 0x0021,
  0x0021, 0x0021, 0x0021, 0x0021, 0x0021, 0x0021, 0x0021, 0x0021, 0x0021, 0x0021, 0x0021, 0x0021,
  0x0021, 0x0021, 0x0021, 0x0021, 0x0021, 0x0021, 0x0021, 0x0021, 0x0021, 0x0021, 0x0021, 0x0021,
  0x0021, 0x0021, 0x0021, 0x0021, 0x0021, 0x0021, 0x0021, 0x0021, 0x0021, 0x0021, 0x0021, 0x0021,
  0x0021, 0x0021, 0x0021, 0x0021, 0x0021, 0x0021, 0x0041, 0x0841, 0x0021, 0x0021, 0x0000, 0x0021,
  0x2081, 0x4942, 0x71C3, 0x8A24, 0x8224, 0x8224, 0x79C3, 0x79C3, 0x8A65, 0x9AE6, 0xB368, 0xBBC9,
  0xCC2A, 0x7A45, 0x81E3, 0x20A1, 0x0001, 0x0021, 0x0021, 0x0021, 0x0021, 0x0021, 0x0021, 0x0021,
  0x0021, 0x0021, 0x0021, 0x0021, 0x0021, 0x0021, 0x0021, 0x0021, 0x0021, 0x0021, 0x0021, 0x0021,
  0x0021, 0x0021, 0x0021, 0x0021, 0x0021, 0x0021, 0x0021, 0x0021, 0x0021, 0x0021, 0x0021, 0x0021,
  0x0021, 0x0021, 0x0021, 0x0021, 0x0021, 0x0021, 0x0021, 0x0021, 0x0021, 0x0021, 0x0021, 0x0021,
  0x0021, 0x0021, 0x0021, 0x0021, 0x0021, 0x0021, 0x0021, 0x0021, 0x0021, 0x0021, 0x0021, 0x0021,
  0x0021, 0x0021, 0x0021, 0x0021, 0x0021, 0x0021, 0x0021, 0x0021, 0x0021, 0x0021, 0x0021, 0x0021,
  0x0021, 0x0021, 0x0021, 0x0021, 0x0021, 0x0021, 0x0021, 0x0021, 0x0021, 0x0021, 0x0021, 0x0021,
  0x0021, 0x0021, 0x0021, 0x0021, 0x0041, 0x0021, 0x0021, 0x0021, 0x0021, 0x0021, 0x0021, 0x0021,
  0x0021, 0x0021, 0x0041, 0x0041, 0x0021, 0x0021, 0x0021, 0x0021, 0x0021, 0x0041, 0x0041, 0x0021,
  0x0021, 0x0021, 0x0021, 0x0021, 0x0021, 0x0021, 0x0021, 0x0021, 0x0021, 0x0021, 0x0021, 0x0021,
  0x0021, 0x0021, 0x0021, 0x0021, 0x0021, 0x0021, 0x0021, 0x0021, 0x0021, 0x0021, 0x0021, 0x0021,
  0x0021, 0x0041, 0x0021, 0x0021, 0x0021, 0x0021, 0x0021, 0x0021, 0x0021, 0x0021, 0x0021, 0x0021,
  0x0021, 0x0021, 0x0041, 0x0021, 0x0021, 0x0001, 0x0021, 0x20A1, 0x4942, 0x6183, 0x9244, 0x9244,
  0x8A24, 0x81E3, 0x8204, 0x9285, 0x7A45, 0x81E3, 0x4102, 0x0000, 0x0041, 0x0021, 0x0021, 0x0021,
  0x0021, 0x0021, 0x0021, 0x0021, 0x0021, 0x0021, 0x0021, 0x0021, 0x0021, 0x0021, 0x0021, 0x0041,
  0x0021, 0x0021, 0x0021, 0x0021, 0x0021, 0x0021, 0x0021, 0x0021, 0x0021, 0x0021, 0x0021, 0x0021,
  0x0021, 0x0021, 0x0021, 0x0021, 0x0021, 0x0021, 0x0021, 0x0021, 0x0021, 0x0021, 0x0021, 0x0021,
  0x0021, 0x0021, 0x0021, 0x0021, 0x0021, 0x0021, 0x0021, 0x0021, 0x0021, 0x0021, 0x0021, 0x0021,
  0x0021, 0x0021, 0x0021, 0x0021, 0x0021, 0x0021, 0x0021, 0x0021, 0x0021, 0x0021, 0x0021, 0x0021,
  0x0021, 0x0021, 0x0021, 0x0021, 0x0021, 0x0021, 0x0021, 0x0021, 0x0021, 0x0021, 0x0021, 0x0021,
  0x0021, 0x0021, 0x0021, 0x0021, 0x0021, 0x0021, 0x0021, 0x0021, 0x0041, 0x0041, 0x0021, 0x0021,
  0x0021, 0x0021, 0x0021, 0x0021, 0x0021, 0x0021, 0x0021, 0x0021, 0x0021, 0x0021, 0x0021, 0x0021,
  0x0021, 0x0021, 0x0021, 0x0021, 0x0021, 0x0021, 0x0021, 0x0021, 0x0021, 0x0021, 0x0021, 0x0021,
  0x0021, 0x0021, 0x0021, 0x0021, 0x0021, 0x0021, 0x0021, 0x0021, 0x0021, 0x0021, 0x0021, 0x0021,
  0x0021, 0x0021, 0x0021, 0x0021, 0x0021, 0x0021, 0x0021, 0x0021, 0x0021, 0x0021, 0x0021, 0x0021,
  0x0021, 0x0021, 0x0021, 0x0021, 0x0021, 0x0021, 0x0021, 0x0021, 0x0041, 0x0041, 0x0021, 0x0021,
  0x0001, 0x0841, 0x20A1, 0x5142, 0x71C3, 0x8A44, 0x9244, 0x8A24, 0x79E3, 0x5962, 0x0021, 0x0021,
  0x0021, 0x0021, 0x0021, 0x0021, 0x0021, 0x0021, 0x0021, 0x0021, 0x0021, 0x0021, 0x0021, 0x0021,
  0x0021, 0x0021, 0x0021, 0x0041, 0x0021, 0x0021, 0x0021, 0x0021, 0x0021, 0x0021, 0x0021, 0x0021,
  0x0021, 0x0021, 0x0021, 0x0021, 0x0021, 0x0021, 0x0021, 0x0021, 0x0021, 0x0021, 0x0021, 0x0021,
  0x0021, 0x0021, 0x0021, 0x0021, 0x0021, 0x0021, 0x0021, 0x0021, 0x0021, 0x0021, 0x0021, 0x0021,
  0x0021, 0x0021, 0x0021, 0x0021, 0x0021, 0x0021, 0x0021, 0x0021, 0x0021, 0x0021, 0x0021, 0x0021,
  0x0021, 0x0021, 0x0021, 0x0021, 0x0021, 0x0021, 0x0021, 0x0021, 0x0021, 0x0021, 0x0021, 0x0021,
  0x0021, 0x0021, 0x0021, 0x0021, 0x0021, 0x0021, 0x0021, 0x0021, 0x0021, 0x0021, 0x0021, 0x0021,
  0x0021, 0x0041, 0x0021, 0x0021, 0x0021, 0x0021, 0x0021, 0x0021, 0x0021, 0x0021, 0x0021, 0x0041,
  0x0021, 0x0021, 0x0021, 0x0021, 0x0021, 0x0021, 0x0021, 0x0021, 0x0021, 0x0021, 0x0021, 0x0021,
  0x0021, 0x0021, 0x0021, 0x0021, 0x0021, 0x0021, 0x0021, 0x0021, 0x0021, 0x0021, 0x0021, 0x0021,
  0x0021, 0x0041, 0x0021, 0x0021, 0x0021, 0x0021, 0x0021, 0x0021, 0x0021, 0x0021, 0x0021, 0x0021,
  0x0021, 0x0021, 0x0021, 0x0021, 0x0021, 0x0021, 0x0021, 0x0021, 0x0021, 0x0021, 0x0021, 0x0021,
  0x0021, 0x0021, 0x0021, 0x0041, 0x0041, 0x0021, 0x0021, 0x0001, 0x0821, 0x20A1, 0x4922, 0x71E3,
  0x71C3, 0x1040, 0x0021, 0x0021, 0x0021, 0x0021, 0x0021, 0x0021, 0x0021, 0x0021, 0x0021, 0x0021,
  0x0021, 0x0021, 0x0021, 0x0021, 0x0021, 0x0021, 0x0021, 0x0021, 0x0021, 0x0021, 0x0021, 0x0021,
  0x0021, 0x0021, 0x0021, 0x0021, 0x0021, 0x0021, 0x0021, 0x0021, 0x0021, 0x0021, 0x0021, 0x0021,
  0x0021, 0x0021, 0x0021, 0x0021, 0x0021, 0x0021, 0x0021, 0x0021, 0x0021, 0x0021, 0x0021, 0x0021,
  0x0021, 0x0021, 0x0021, 0x0021, 0x0021, 0x0021, 0x0021, 0x0021, 0x0021, 0x0021, 0x0021, 0x0021,
  0x0021, 0x0021, 0x0021, 0x0021, 0x0021, 0x0021, 0x0021, 0x0021, 0x0021, 0x0021, 0x0021, 0x0021,
  0x0021, 0x0021, 0x0021, 0x0021, 0x0021, 0x0021, 0x0021, 0x0021, 0x0021, 0x0021, 0x0021, 0x0021,
  0x0021, 0x0021, 0x0021, 0x0021, 0x0021, 0x0041, 0x0021, 0x0021, 0x0021, 0x0021, 0x0021, 0x0021,
  0x0021, 0x0021, 0x0021, 0x0041, 0x0021, 0x0021, 0x0021, 0x0021, 0x0021, 0x0021, 0x0021, 0x0021,
  0x0021, 0x0021, 0x0021, 0x0021, 0x0021, 0x0021, 0x0021, 0x0021, 0x0021, 0x0021, 0x0021, 0x0021,
  0x0021, 0x0021, 0x0021, 0x0021, 0x0021, 0x0021, 0x0021, 0x0021, 0x0021, 0x0021, 0x0021, 0x0021,
  0x0021, 0x0021, 0x0021, 0x0021, 0x0021, 0x0021, 0x0021, 0x0021, 0x0021, 0x0021, 0x0021, 0x0021,
  0x0021, 0x0021, 0x0021, 0x0041, 0x0021, 0x0021, 0x0021, 0x0021, 0x0021, 0x0021, 0x0041, 0x0041,
  0x0021, 0x0021, 0x0000, 0x0841, 0x1041, 0x0021, 0x0041, 0x0021, 0x0021, 0x0021, 0x0021, 0x0021,
  0x0021, 0x0021, 0x0021, 0x0021, 0x0021, 0x0021, 0x0021, 0x0021, 0x0021, 0x0021, 0x0021, 0x0021,
  0x0041, 0x0021, 0x0021, 0x0021, 0x0021, 0x0021, 0x0021, 0x0021, 0x0021, 0x0021, 0x0021, 0x0021,
  0x0021, 0x0021, 0x0021, 0x0021, 0x0021, 0x0021, 0x0021, 0x0021, 0x0021, 0x0041, 0x0021, 0x0021,
  0x0021, 0x0021, 0x0021, 0x0021, 0x0021, 0x0021, 0x0021, 0x0021, 0x0021, 0x0021, 0x0021, 0x0021,
  0x0021, 0x0021, 0x0021, 0x0021, 0x0021, 0x0021, 0x0021, 0x0021, 0x0021, 0x0021, 0x0021, 0x0021,
  0x0021, 0x0021, 0x0021, 0x0021, 0x0021, 0x0021, 0x0021, 0x0021, 0x0021, 0x0021, 0x0021, 0x0021,
  0x0021, 0x0021, 0x0021, 0x0021, 0x0021, 0x0021, 0x0021, 0x0021, 0x0021, 0x0021, 0x0021, 0x0021,
  0x0021, 0x0021, 0x0021, 0x0021, 0x0021, 0x0021, 0x0021, 0x0021, 0x0021, 0x0021, 0x0021, 0x0021,
  0x0021, 0x0021, 0x0021, 0x0021, 0x0021, 0x0021, 0x0021, 0x0021, 0x0021, 0x0021, 0x0021, 0x0021,
  0x0021, 0x0021, 0x0021, 0x0021, 0x0021, 0x0021, 0x0021, 0x0021, 0x0021, 0x0021, 0x0021, 0x0021,
  0x0021, 0x0021, 0x0021, 0x0021, 0x0021, 0x0021, 0x0021, 0x0021, 0x0021, 0x0021, 0x0021, 0x0021,
  0x0021, 0x0021, 0x0021, 0x0021, 0x0021, 0x0021, 0x0021, 0x0021, 0x0041, 0x0021, 0x0021, 0x0021,
  0x0021, 0x0021, 0x0021, 0x0021, 0x0021, 0x0041, 0x0041, 0x0021, 0x0021, 0x0041, 0x0021, 0x0021,
  0x0021, 0x0021, 0x0021, 0x0021, 0x0021, 0x0021, 0x0021, 0x0021, 0x0021, 0x0021, 0x0021, 0x0021,
  0x0021, 0x0021, 0x0021, 0x0021, 0x0021, 0x0021, 0x0021, 0x0021, 0x0021, 0x0021, 0x0021, 0x0021,
  0x0021, 0x0041, 0x0021, 0x0021, 0x0021, 0x0021, 0x0021, 0x0021, 0x0021, 0x0021, 0x0021, 0x0021,
  0x0021, 0x0021, 0x0021, 0x0021, 0x0021, 0x0021, 0x0021, 0x0021, 0x0021, 0x0021, 0x0021, 0x0021,
  0x0021, 0x0021, 0x0021, 0x0021, 0x0021, 0x0021, 0x0021, 0x0021, 0x0021, 0x0021, 0x0021, 0x0021,
  0x0021, 0x0021, 0x0021, 0x0021, 0x0021, 0x0021, 0x0021, 0x0021, 0x0021, 0x0021, 0x0021, 0x0021,
  0x0021, 0x0021, 0x0021, 0x0021, 0x0021, 0x0021, 0x0021, 0x0021, 0x0021, 0x0041, 0x0021, 0x0021,
  0x0021, 0x0021, 0x0021, 0x0021, 0x0021, 0x0021, 0x0021, 0x0021, 0x0021, 0x0021, 0x0021, 0x0021,
  0x0021, 0x0021, 0x0021, 0x0021, 0x0021, 0x0021, 0x0021, 0x0021, 0x0021, 0x0021, 0x0021, 0x0021,
  0x0021, 0x0021, 0x0021, 0x0021, 0x0021, 0x0021, 0x0021, 0x0021, 0x0021, 0x0021, 0x0021, 0x0021,
  0x0021, 0x0021, 0x0021, 0x0021, 0x0021, 0x0021, 0x0021, 0x0021, 0x0021, 0x0021, 0x0021, 0x0021,
  0x0021, 0x0021, 0x0021, 0x0021, 0x0021, 0x0021, 0x0021, 0x0021, 0x0021, 0x0021, 0x0021, 0x0021,
  0x0021, 0x0021, 0x0021, 0x0021, 0x0021, 0x0021, 0x0021, 0x0021, 0x0021, 0x0021, 0x0021, 0x0021,
  0x0021, 0x0021, 0x0021, 0x0021, 0x0021, 0x0021, 0x0021, 0x0021, 0x0021, 0x0021, 0x0021, 0x0021,
  0x0021, 0x0021, 0x0021, 0x0021, 0x0021, 0x0021, 0x0021, 0x0021, 0x0021, 0x0021, 0x0021, 0x0021,
  0x0021, 0x0021, 0x0021, 0x0021, 0x0021, 0x0021, 0x0021, 0x0021, 0x0021, 0x0021, 0x0021, 0x0021,
  0x0021, 0x0021, 0x0021, 0x0021, 0x0021, 0x0021, 0x0021, 0x0021, 0x0021, 0x0021, 0x0021, 0x0021,
  0x0021, 0x0021, 0x0021, 0x0021, 0x0021, 0x0021, 0x0021, 0x0021, 0x0021, 0x0021, 0x0021, 0x0021,
  0x0021, 0x0021, 0x0021, 0x0021, 0x0021, 0x0021, 0x0021, 0x0021, 0x0021, 0x0021, 0x0021, 0x0021,
  0x0021, 0x0021, 0x0021, 0x0021, 0x0021, 0x0021, 0x0021, 0x0021, 0x0021, 0x0021, 0x0021, 0x0021,
  0x0021, 0x0021, 0x0021, 0x0021, 0x0021, 0x0021, 0x0021, 0x0021, 0x0021, 0x0021, 0x0021, 0x0021,
  0x0021, 0x0021, 0x0021, 0x0021, 0x0021, 0x0021, 0x0021, 0x0021, 0x0021, 0x0021, 0x0021, 0x0021,
  0x0021, 0x0021, 0x0021, 0x0021, 0x0021, 0x0021, 0x0021, 0x0021, 0x0021, 0x0021, 0x0021, 0x0021,
  0x0021, 0x0021, 0x0021, 0x0021, 0x0021, 0x0021, 0x0021, 0x0021, 0x0021, 0x0021, 0x0021, 0x0021,
  0x0021, 0x0021, 0x0021, 0x0021, 0x0021, 0x0021, 0x0021, 0x0021, 0x0021, 0x0021, 0x0021, 0x0021,
  0x0021, 0x0021, 0x0021, 0x0021, 0x0021, 0x0021, 0x0021, 0x0021, 0x0021, 0x0021, 0x0021, 0x0041,
  0x0041, 0x0021, 0x0021, 0x0021, 0x0021, 0x0021, 0x0021, 0x0021, 0x0021, 0x0021, 0x0021, 0x0021,
  0x0021, 0x0021, 0x0021, 0x0021, 0x0021, 0x0021, 0x0021, 0x0021, 0x0021, 0x0021, 0x0021, 0x0021,
  0x0021, 0x0021, 0x0021, 0x0021, 0x0021, 0x0021, 0x0021, 0x0021, 0x0021, 0x0021, 0x0021, 0x0021,
  0x0021, 0x0021, 0x0021, 0x0021, 0x0021, 0x0021, 0x0021, 0x0021, 0x0021, 0x0021, 0x0021, 0x0021,
  0x0021, 0x0021, 0x0021, 0x0021, 0x0021, 0x0021, 0x0021, 0x0021, 0x0021, 0x0021, 0x0021, 0x0021,
  0x0021, 0x0021, 0x0021, 0x0021, 0x0021, 0x0021, 0x0021, 0x0021, 0x0021, 0x0021, 0x0021, 0x0021,
  0x0021, 0x0021, 0x0021, 0x0021, 0x0021, 0x0021, 0x0021, 0x0021, 0x0021, 0x0021, 0x0021, 0x0021,
  0x0021, 0x0021, 0x0021, 0x0021, 0x0021, 0x0021, 0x0021, 0x0021, 0x0021, 0x0021, 0x0021, 0x0021,
  0x0021, 0x0021, 0x0021, 0x0021, 0x0021, 0x0041, 0x0021, 0x0021, 0x0021, 0x0021, 0x0021, 0x0021,
  0x0021, 0x0021, 0x0021, 0x0021, 0x0021, 0x0021, 0x0021, 0x0021, 0x0021, 0x0021, 0x0021, 0x0021,
  0x0021, 0x0021, 0x0021, 0x0021, 0x0021, 0x0021, 0x0021, 0x0021, 0x0021, 0x0021, 0x0021, 0x0021,
  0x0021, 0x0021, 0x0021, 0x0021, 0x0021, 0x0021, 0x0021, 0x0021, 0x0021, 0x0021, 0x0021, 0x0021,
  0x0021, 0x0021, 0x0021, 0x0021, 0x0021, 0x0021, 0x0021, 0x0021, 0x0021, 0x0021, 0x0021, 0x0041,
  0x0021, 0x0021, 0x0021, 0x0041, 0x0041, 0x0021, 0x0021, 0x0021, 0x0021, 0x0021, 0x0021, 0x0021,
  0x0021, 0x0021, 0x0021, 0x0021, 0x0021, 0x0021, 0x0021, 0x0021, 0x0021, 0x0021, 0x0021, 0x0021,
  0x0021, 0x0021, 0x0021, 0x0021, 0x0021, 0x0021, 0x0021, 0x0021, 0x0041, 0x0021, 0x0021, 0x0021,
  0x0021, 0x0021, 0x0021, 0x0021, 0x0021, 0x0021, 0x0021, 0x0021, 0x0021, 0x0021, 0x0021, 0x0021,
  0x0021, 0x0021, 0x0021, 0x0021, 0x0021, 0x0021, 0x0021, 0x0041, 0x0021, 0x0021, 0x0021, 0x0021,
  0x0021, 0x0021, 0x0021, 0x0021, 0x0021, 0x0021, 0x0021, 0x0021, 0x0021, 0x0021, 0x0021, 0x0021,
  0x0021, 0x0021, 0x0021, 0x0021, 0x0021, 0x0021, 0x0021, 0x0021, 0x0021, 0x0021, 0x0021, 0x0021,
  0x0021, 0x0021, 0x0021, 0x0021, 0x0021, 0x0021, 0x0021, 0x0021, 0x0021, 0x0021, 0x0021, 0x0021,
  0x0021, 0x0021, 0x0021, 0x0021, 0x0041, 0x0021, 0x0021, 0x0021, 0x0021, 0x0021, 0x0021, 0x0041,
  0x0041, 0x0021, 0x0021, 0x0021, 0x0021, 0x0021, 0x0021, 0x0021, 0x0021, 0x0021, 0x0021, 0x0021,
  0x0021, 0x0021, 0x0021, 0x0021, 0x0021, 0x0021, 0x0021, 0x0021, 0x0021, 0x0021, 0x0021, 0x0021,
  0x0021, 0x0021, 0x0021, 0x0021, 0x0021, 0x0021, 0x0021, 0x0021, 0x0041, 0x0021, 0x0021, 0x0021,
  0x0021, 0x0021, 0x0021, 0x0021, 0x0021, 0x0021, 0x0021, 0x0021, 0x0021, 0x0021, 0x0041, 0x0021,
  0x0021, 0x0021, 0x0021, 0x0021, 0x0021, 0x0021, 0x0021, 0x0021, 0x0021, 0x0021, 0x0021, 0x0021,
  0x0021, 0x0021, 0x0021, 0x0021, 0x0021, 0x0021, 0x0021, 0x0021, 0x0041, 0x0021, 0x0021, 0x0021,
  0x0021, 0x0021, 0x0021, 0x0021, 0x0021, 0x0021, 0x0021, 0x0021, 0x0021, 0x0021, 0x0021, 0x0021,
  0x0021, 0x0021, 0x0021, 0x0021, 0x0021, 0x0021, 0x0021, 0x0021, 0x0021, 0x0021, 0x0021, 0x0021,
  0x0021, 0x0021, 0x0021, 0x0021, 0x0021, 0x0021, 0x0021, 0x0021, 0x0021, 0x0021, 0x0021, 0x0021,
  0x0021, 0x0021, 0x0021, 0x0021, 0x0021, 0x0021, 0x0021, 0x0021, 0x0021, 0x0021, 0x0021, 0x0021,
  0x0021, 0x0021, 0x0021, 0x0021, 0x0021, 0x0021, 0x0021, 0x0021, 0x0021, 0x0021, 0x0021, 0x0021,
  0x0021, 0x0021, 0x0021, 0x0021, 0x0021, 0x0021, 0x0021, 0x0021, 0x0021, 0x0021, 0x0021, 0x0021,
  0x0021, 0x0021, 0x0021, 0x0021, 0x0021, 0x0021, 0x0021, 0x0021, 0x0021, 0x0021, 0x0021, 0x0021,
  0x0021, 0x0021, 0x0021, 0x0021, 0x0021, 0x0021, 0x0021, 0x0021, 0x0021, 0x0021, 0x0021, 0x0021,
  0x0021, 0x0021, 0x0021, 0x0021, 0x0021, 0x0021, 0x0021, 0x0021, 0x0021, 0x0021, 0x0021, 0x0021,
  0x0021, 0x0021, 0x0041, 0x0021, 0x0021, 0x0021, 0x0021, 0x0021, 0x0021, 0x0021, 0x0021, 0x0021,
  0x0021, 0x0021, 0x0021, 0x0021, 0x0021, 0x0021, 0x0021, 0x0021, 0x0021, 0x0021, 0x0021, 0x0021,
  0x0041, 0x0041, 0x0021, 0x0021, 0x0041, 0x0021, 0x0021, 0x0041, 0x0021, 0x0021, 0x0021, 0x0021,
  0x0021, 0x0021, 0x0021, 0x0021, 0x0021, 0x0021, 0x0021, 0x0021, 0x0021, 0x0021, 0x0021, 0x0021,
  0x0021, 0x0021, 0x0021, 0x0021, 0x0021, 0x0021, 0x0021, 0x0021, 0x0021, 0x0021, 0x0021, 0x0021,
  0x0021, 0x0021, 0x0021, 0x0021, 0x0021, 0x0021, 0x0041, 0x0021, 0x0021, 0x0021, 0x0021, 0x0021,
  0x0021, 0x0021, 0x0021, 0x0021, 0x0021, 0x0021, 0x0021, 0x0021, 0x0021, 0x0021, 0x0021, 0x0021,
  0x0021, 0x0021, 0x0021, 0x0021, 0x0021, 0x0021, 0x0021, 0x0021, 0x0021, 0x0021, 0x0021, 0x0021,
  0x0021, 0x0021, 0x0021, 0x0021, 0x0021, 0x0021, 0x0021, 0x0021, 0x0021, 0x0021, 0x0021, 0x0021,
  0x0021, 0x0021, 0x0021, 0x0021, 0x0021, 0x0021, 0x0021, 0x0021, 0x0021, 0x0021, 0x0021, 0x0021,
  0x0021, 0x0021, 0x0021, 0x0041, 0x0021, 0x0021, 0x0021, 0x0021, 0x0021, 0x0021, 0x0021, 0x0021,
  0x0021, 0x0021, 0x0021, 0x0021, 0x0021, 0x0021, 0x0021, 0x0021, 0x0021, 0x0021, 0x0021, 0x0021,
  0x0021, 0x0021, 0x0021, 0x0021, 0x0021, 0x0021, 0x0021, 0x0021, 0x0021, 0x0021, 0x0021, 0x0021,
  0x0021, 0x0021, 0x0021, 0x0021, 0x0021, 0x0021, 0x0021, 0x0021, 0x0021, 0x0021, 0x0021, 0x0021,
  0x0021, 0x0021, 0x0021, 0x0021, 0x0021, 0x0021, 0x0021, 0x0021, 0x0021, 0x0021, 0x0021, 0x0021,
  0x0021, 0x0041, 0x0021, 0x0021, 0x0021, 0x0021, 0x0021, 0x0041, 0x0041, 0x0041, 0x0021, 0x0021,
  0x0041, 0x0021, 0x0021, 0x0021, 0x0021, 0x0021, 0x0021, 0x0021, 0x0021, 0x0021, 0x0021, 0x0021,
  0x0021, 0x0041, 0x0021, 0x0021, 0x0021, 0x0021, 0x0021, 0x0021, 0x0021, 0x0021, 0x0021, 0x0021,
  0x0021, 0x0021, 0x0021, 0x0021, 0x0021, 0x0021, 0x0021, 0x0021, 0x0021, 0x0021, 0x0021, 0x0021,
  0x0021, 0x0021, 0x0021, 0x0021, 0x0021, 0x0021, 0x0021, 0x0021, 0x0021, 0x0021, 0x0021, 0x0021,
  0x0021, 0x0021, 0x0021, 0x0021, 0x0021, 0x0021, 0x0021, 0x0021, 0x0021, 0x0021, 0x0021, 0x0021,
  0x0021, 0x0021, 0x0021, 0x0021, 0x0021, 0x0021, 0x0021, 0x0021, 0x0021, 0x0021, 0x0021, 0x0021,
  0x0021, 0x0021, 0x0021, 0x0021, 0x0021, 0x0021, 0x0021, 0x0021, 0x0021, 0x0021, 0x0021, 0x0021,
  0x0021, 0x0021, 0x0021, 0x0021, 0x0021, 0x0021, 0x0021, 0x0021, 0x0021, 0x0021, 0x0021, 0x0021,
  0x0021, 0x0021, 0x0021, 0x0021, 0x0021, 0x0021, 0x0021, 0x0021, 0x0021, 0x0021, 0x0021, 0x0021,
  0x0021, 0x0021, 0x0021, 0x0021, 0x0021, 0x0021, 0x0021, 0x0021, 0x0021, 0x0021, 0x0021, 0x0021,
  0x0021, 0x0021, 0x0021, 0x0021, 0x0021, 0x0021, 0x0021, 0x0021, 0x0021, 0x0021, 0x0041, 0x0021,
  0x0021, 0x0021, 0x0021, 0x0021, 0x0021, 0x0021, 0x0021, 0x0021, 0x0021, 0x0021, 0x0021, 0x0021,
  0x0021, 0x0021, 0x0021, 0x0021, 0x0041, 0x0041, 0x0021, 0x0021, 0x0021, 0x0021, 0x0021, 0x0021,
  0x0041, 0x0041, 0x0021, 0x0041, 0x0021, 0x0021, 0x0021, 0x0021, 0x0021, 0x0021, 0x0021, 0x0021,
  0x0021, 0x0021, 0x0021, 0x0021, 0x0041, 0x0021, 0x0021, 0x0021, 0x0021, 0x0021, 0x0021, 0x0021,
  0x0041, 0x0021, 0x0021, 0x0021, 0x0021, 0x0021, 0x0021, 0x0021, 0x0021, 0x0021, 0x0021, 0x0021,
  0x0021, 0x0021, 0x0021, 0x0021, 0x0021, 0x0021, 0x0021, 0x0021, 0x0021, 0x0021, 0x0021, 0x0021,
  0x0021, 0x0021, 0x0021, 0x0021, 0x0021, 0x0021, 0x0021, 0x0021, 0x0021, 0x0021, 0x0021, 0x0021,
  0x0021, 0x0021, 0x0021, 0x0021, 0x0021, 0x0041, 0x0021, 0x0021, 0x0021, 0x0021, 0x0021, 0x0021,
  0x0021, 0x0021, 0x0021, 0x0021, 0x0021, 0x0021, 0x0021, 0x0021, 0x0021, 0x0021, 0x0021, 0x0021,
  0x0021, 0x0021, 0x0021, 0x0021, 0x0021, 0x0021, 0x0021, 0x0021, 0x0021, 0x0021, 0x0021, 0x0021,
  0x0021, 0x0021, 0x0021, 0x0021, 0x0021, 0x0021, 0x0021, 0x0021, 0x0021, 0x0021, 0x0021, 0x0041,
  0x0021, 0x0021, 0x0021, 0x0021, 0x0021, 0x0021, 0x0021, 0x0021, 0x0021, 0x0021, 0x0021, 0x0021,
  0x0021, 0x0021, 0x0021, 0x0021, 0x0021, 0x0021, 0x0021, 0x0021, 0x0021, 0x0021, 0x0021, 0x0021,
  0x0021, 0x0021, 0x0021, 0x0021, 0x0021, 0x0021, 0x0021, 0x0021, 0x0021, 0x0021, 0x0021, 0x0021,
  0x0021, 0x0021, 0x0021, 0x0021, 0x0021, 0x0021, 0x0021, 0x0021, 0x0021, 0x0021, 0x0021, 0x0021,
  0x0021, 0x0021, 0x0021, 0x0021, 0x0041, 0x0041, 0x0041, 0x0021, 0x0021, 0x0021, 0x0021, 0x0021,
  0x0021, 0x0021, 0x0021, 0x0021, 0x0021, 0x0021, 0x0021, 0x0021, 0x0021, 0x0041, 0x0021, 0x0021,
  0x0021, 0x0021, 0x0021, 0x0021, 0x0021, 0x0021, 0x0021, 0x0021, 0x0021, 0x0021, 0x0021, 0x0021,
  0x0021, 0x0021, 0x0021, 0x0021, 0x0021, 0x0021, 0x0021, 0x0021, 0x0021, 0x0021, 0x0021, 0x0021,
  0x0021, 0x0021, 0x0021, 0x0021, 0x0021, 0x0021, 0x0021, 0x0021, 0x0021, 0x0021, 0x0021, 0x0021,
  0x0021, 0x0021, 0x0021, 0x0021, 0x0021, 0x0021, 0x0021, 0x0021, 0x0021, 0x0021, 0x0021, 0x0021,
  0x0021, 0x0021, 0x0021, 0x0021, 0x0021, 0x0021, 0x0021, 0x0021, 0x0021, 0x0021, 0x0021, 0x0021,
  0x0021, 0x0021, 0x0021, 0x0021, 0x0021, 0x0021, 0x0021, 0x0021, 0x0021, 0x0021, 0x0021, 0x0021,
  0x0021, 0x0021, 0x0041, 0x0021, 0x0021, 0x0021, 0x0021, 0x0021, 0x0021, 0x0021, 0x0021, 0x0021,
  0x0021, 0x0021, 0x0021, 0x0021, 0x0021, 0x0021, 0x0021, 0x0021, 0x0021, 0x0021, 0x0021, 0x0021,
  0x0021, 0x0021, 0x0021, 0x0021, 0x0021, 0x0021, 0x0021, 0x0021, 0x0021, 0x0021, 0x0021, 0x0021,
  0x0021, 0x0021, 0x0021, 0x0021, 0x0021, 0x0021, 0x0021, 0x0021, 0x0021, 0x0041, 0x0021, 0x0021,
  0x0021, 0x0021, 0x0021, 0x0021, 0x0021, 0x0021, 0x0021, 0x0021, 0x0021, 0x0021, 0x0021, 0x0021,
  0x0021, 0x0021, 0x0021, 0x0021, 0x0021, 0x0021, 0x0021, 0x0021, 0x0041, 0x0041, 0x0021, 0x0021,
  0x0041, 0x0021, 0x0021, 0x0021, 0x0021, 0x0021, 0x0021, 0x0021, 0x0021, 0x0021, 0x0021, 0x0021,
  0x0021, 0x0041, 0x0041, 0x0021, 0x0021, 0x0021, 0x0021, 0x0021, 0x0021, 0x0021, 0x0021, 0x0021,
  0x0021, 0x0021, 0x0021, 0x0021, 0x0021, 0x0021, 0x0021, 0x0021, 0x0021, 0x0021, 0x0021, 0x0021,
  0x0021, 0x0021, 0x0021, 0x0021, 0x0021, 0x0021, 0x0021, 0x0021, 0x0021, 0x0021, 0x0021, 0x0021,
  0x0021, 0x0021, 0x0021, 0x0021, 0x0021, 0x0021, 0x0021, 0x0021, 0x0021, 0x0021, 0x0021, 0x0021,
  0x0041, 0x0021, 0x0021, 0x0021, 0x0021, 0x0021, 0x0021, 0x0021, 0x0021, 0x0021, 0x0021, 0x0021,
  0x0021, 0x0021, 0x0021, 0x0021, 0x0021, 0x0021, 0x0021, 0x0021, 0x0021, 0x0021, 0x0021, 0x0021,
  0x0021, 0x0021, 0x0021, 0x0021, 0x0021, 0x0021, 0x0021, 0x0021, 0x0021, 0x0021, 0x0021, 0x0021,
  0x0021, 0x0021, 0x0021, 0x0021, 0x0021, 0x0021, 0x0021, 0x0021, 0x0021, 0x0021, 0x0021, 0x0021,
  0x0021, 0x0021, 0x0021, 0x0021, 0x0021, 0x0021, 0x0021, 0x0021, 0x0021, 0x0021, 0x0021, 0x0021,
  0x0021, 0x0021, 0x0021, 0x0021, 0x0021, 0x0021, 0x0021, 0x0021, 0x0021, 0x0021, 0x0021, 0x0021,
  0x0021, 0x0021, 0x0021, 0x0041, 0x0021, 0x0021, 0x0021, 0x0021, 0x0021, 0x0021, 0x0021, 0x0021,
  0x0021, 0x0021, 0x0021, 0x0021, 0x0021, 0x0021, 0x0021, 0x0021, 0x0021, 0x0021, 0x0021, 0x0021,
  0x0041, 0x0041, 0x0041, 0x0021, 0x0021, 0x0021, 0x0021, 0x0021, 0x0021, 0x0021, 0x0021, 0x0021,
  0x0021, 0x0021, 0x0021, 0x0021, 0x0021, 0x0021, 0x0021, 0x0021, 0x0021, 0x0021, 0x0021, 0x0021,
  0x0021, 0x0021, 0x0021, 0x0021, 0x0021, 0x0021, 0x0021, 0x0021, 0x0021, 0x0021, 0x0021, 0x0021,
  0x0021, 0x0021, 0x0021, 0x0021, 0x0021, 0x0021, 0x0021, 0x0021, 0x0021, 0x0021, 0x0021, 0x0021,
  0x0021, 0x0021, 0x0021, 0x0021, 0x0021, 0x0021, 0x0021, 0x0021, 0x0021, 0x0021, 0x0021, 0x0021,
  0x0021, 0x0021, 0x0021, 0x0021, 0x0021, 0x0021, 0x0021, 0x0021, 0x0021, 0x0021, 0x0021, 0x0021,
  0x0041, 0x0021, 0x0021, 0x0021, 0x0021, 0x0021, 0x0021, 0x0021, 0x0021, 0x0021, 0x0021, 0x0021,
  0x0021, 0x0021, 0x0021, 0x0021, 0x0021, 0x0021, 0x0021, 0x0041, 0x0021, 0x0021, 0x0021, 0x0021,
  0x0021, 0x0021, 0x0021, 0x0021, 0x0021, 0x0021, 0x0021, 0x0021, 0x0021, 0x0021, 0x0021, 0x0021,
  0x0021, 0x0021, 0x0021, 0x0021, 0x0021, 0x0021, 0x0021, 0x0021, 0x0021, 0x0021, 0x0021, 0x0021,
  0x0021, 0x0021, 0x0021, 0x0021, 0x0021, 0x0021, 0x0021, 0x0021, 0x0021, 0x0021, 0x0021, 0x0021,
  0x0021, 0x0021, 0x0021, 0x0021, 0x0021, 0x0021, 0x0021, 0x0021, 0x0021, 0x0021, 0x0021, 0x0021,
  0x0021, 0x0021, 0x0021, 0x0021, 0x0021, 0x0021, 0x0021, 0x0021, 0x0021, 0x0021, 0x0021, 0x0021,
  0x0021, 0x0021, 0x0021, 0x0021, 0x0021, 0x0021, 0x0021, 0x0021, 0x0021, 0x0021, 0x0021, 0x0021,
  0x0021, 0x0021, 0x0021, 0x0021, 0x0021, 0x0021, 0x0021, 0x0021, 0x0021, 0x0021, 0x0021, 0x0021,
  0x0021, 0x0021, 0x0021, 0x0021, 0x0021, 0x0021, 0x0021, 0x0021, 0x0021, 0x0021, 0x0021, 0x0021,
  0x0021, 0x0021, 0x0021, 0x0021, 0x0021, 0x0021, 0x0021, 0x0021, 0x0021, 0x0021, 0x0021, 0x0021,
  0x0021, 0x0021, 0x0021, 0x0021, 0x0021, 0x0021, 0x0021, 0x0021, 0x0021, 0x0021, 0x0021, 0x0021,
  0x0021, 0x0021, 0x0021, 0x0021, 0x0021, 0x0021, 0x0021, 0x0021, 0x0021, 0x0021, 0x0021, 0x0021,
  0x0021, 0x0021, 0x0021, 0x0021, 0x0021, 0x0021, 0x0021, 0x0021, 0x0021, 0x0021, 0x0021, 0x0021,
  0x0021, 0x0021, 0x0021, 0x0021, 0x0021, 0x0021, 0x0021, 0x0021, 0x0021, 0x0021, 0x0021, 0x0021,
  0x0021, 0x0021, 0x0021, 0x0021, 0x0021, 0x0021, 0x0021, 0x0021, 0x0021, 0x0021, 0x0021, 0x0021,
  0x0021, 0x0021, 0x0021, 0x0021, 0x0021, 0x0021, 0x0021, 0x0021, 0x0021, 0x0021, 0x0041, 0x0021,
  0x0021, 0x0021, 0x0021, 0x0021, 0x0021, 0x0021, 0x0021, 0x0021, 0x0021, 0x0021, 0x0021, 0x0021,
  0x0021, 0x0021, 0x0021, 0x0021, 0x0021, 0x0021, 0x0021, 0x0021, 0x0021, 0x0021, 0x0021, 0x0021,
  0x0021, 0x0021, 0x0021, 0x0021, 0x0021, 0x0021, 0x0021, 0x0021, 0x0021, 0x0021, 0x0021, 0x0021,
  0x0021, 0x0021, 0x0021, 0x0021, 0x0021, 0x0021, 0x0021, 0x0021, 0x0021, 0x0021, 0x0021, 0x0021,
  0x0021, 0x0021, 0x0021, 0x0021, 0x0021, 0x0021, 0x0021, 0x0021, 0x0021, 0x0021, 0x0021, 0x0021,
  0x0021, 0x0021, 0x0021, 0x0021, 0x0021, 0x0021, 0x0021, 0x0021, 0x0021, 0x0021, 0x0021, 0x0021,
  0x0021, 0x0021, 0x0021, 0x0021, 0x0021, 0x0021, 0x0021, 0x0021, 0x0021, 0x0021, 0x0021, 0x0021,
  0x0021, 0x0021, 0x0021, 0x0021, 0x0021, 0x0021, 0x0021, 0x0021, 0x0021, 0x0021, 0x0021, 0x0021,
  0x0021, 0x0021, 0x0021, 0x0021, 0x0021, 0x0021, 0x0021, 0x0021, 0x0021, 0x0021, 0x0021, 0x0021,
  0x0021, 0x0021, 0x0021, 0x0021, 0x0021, 0x0021, 0x0021, 0x0021, 0x0021, 0x0021, 0x0021, 0x0021,
  0x0021, 0x0021, 0x0021, 0x0021, 0x0021, 0x0021, 0x0021, 0x0021, 0x0021, 0x0021, 0x0021, 0x0021,
  0x0021, 0x0021, 0x0021, 0x0021, 0x0021, 0x0021, 0x0021, 0x0021, 0x0021, 0x0021, 0x0021, 0x0021,
  0x0021, 0x0021, 0x0021, 0x0021, 0x0021, 0x0021, 0x0021, 0x0021, 0x0021, 0x0021, 0x0021, 0x0021,
  0x0021, 0x0021, 0x0021, 0x0021, 0x0021, 0x0021, 0x0021, 0x0021, 0x0021, 0x0021, 0x0021, 0x0021,
  0x0021, 0x0021, 0x0021, 0x0021, 0x0021, 0x0021, 0x0021, 0x0021, 0x0021, 0x0021, 0x0021, 0x0021,
  0x0021, 0x0021, 0x0021, 0x0021, 0x0021, 0x0021, 0x0021, 0x0021, 0x0021, 0x0021, 0x0021, 0x0021,
  0x0021, 0x0021, 0x0021, 0x0021, 0x0021, 0x0021, 0x0021, 0x0021, 0x0021, 0x0021, 0x0021, 0x0021,
  0x0021, 0x0021, 0x0021, 0x0021, 0x0021, 0x0021, 0x0021, 0x0021, 0x0021, 0x0021, 0x0021, 0x0021,
  0x0021, 0x0021, 0x0021, 0x0021, 0x0021, 0x0021, 0x0021, 0x0021, 0x0021, 0x0021, 0x0021, 0x0021,
  0x0021, 0x0021, 0x0021, 0x0021, 0x0021, 0x0021, 0x0021, 0x0021, 0x0021, 0x0021, 0x0021, 0x0021,
  0x0021, 0x0021, 0x0021, 0x0021, 0x0021, 0x0021, 0x0021, 0x0021, 0x0021, 0x0041, 0x0021, 0x0021,
  0x0021, 0x0021, 0x0021, 0x0021, 0x0021, 0x0021, 0x0021, 0x0021, 0x0021, 0x0021, 0x0021, 0x0021,
  0x0021, 0x0021, 0x0021, 0x0021, 0x0021, 0x0021, 0x0021, 0x0021, 0x0021, 0x0021, 0x0021, 0x0021,
  0x0021, 0x0021, 0x0021, 0x0021, 0x0021, 0x0021, 0x0021, 0x0021, 0x0021, 0x0021, 0x0021, 0x0021,
  0x0021, 0x0021, 0x0021, 0x0021, 0x0021, 0x0021, 0x0021, 0x0021, 0x0021, 0x0021, 0x0021, 0x0021,
  0x0021, 0x0021, 0x0021, 0x0021, 0x0021, 0x0021, 0x0021, 0x0021, 0x0021, 0x0021, 0x0021, 0x0021,
  0x0021, 0x0021, 0x0021, 0x0021, 0x0021, 0x0021, 0x0021, 0x0021, 0x0021, 0x0021, 0x0021, 0x0021,
  0x0021, 0x0021, 0x0021, 0x0021, 0x0021, 0x0021, 0x0021, 0x0021, 0x0021, 0x0041, 0x0021, 0x0021,
  0x0021, 0x0021, 0x0021, 0x0021, 0x0021, 0x0021, 0x0021, 0x0021, 0x0021, 0x0021, 0x0021, 0x0021,
  0x0021, 0x0021, 0x0021, 0x0021, 0x0021, 0x0021, 0x0021, 0x0021, 0x0021, 0x0021, 0x0021, 0x0021,
  0x0021, 0x0021, 0x0021, 0x0021, 0x0021, 0x0021, 0x0021, 0x0021, 0x0021, 0x0021, 0x0021, 0x0021,
  0x0021, 0x0021, 0x0021, 0x0021, 0x0021, 0x0021, 0x0021, 0x0021, 0x0021, 0x0021, 0x0021, 0x0021,
  0x0021, 0x0021, 0x0021, 0x0021, 0x0021, 0x0021, 0x0021, 0x0021, 0x0021, 0x0021, 0x0021, 0x0021,
  0x0021, 0x0021, 0x0021, 0x0021, 0x0021, 0x0021, 0x0021, 0x0021, 0x0021, 0x0021, 0x0021, 0x0021,
  0x0021, 0x0021, 0x0021, 0x0021, 0x0021, 0x0021, 0x0021, 0x0021, 0x0021, 0x0021, 0x0021, 0x0021,
  0x0021, 0x0021, 0x0021, 0x0021, 0x0021, 0x0021, 0x0021, 0x0021, 0x0021, 0x0021, 0x0021, 0x0021,
  0x0021, 0x0021, 0x0021, 0x0021, 0x0021, 0x0021, 0x0021, 0x0021, 0x0021, 0x0021, 0x0021, 0x0021,
  0x0021, 0x0021, 0x0021, 0x0021, 0x0021, 0x0021, 0x0021, 0x0021, 0x0021, 0x0021, 0x0021, 0x0021,
  0x0021, 0x0021, 0x0021, 0x0021, 0x0021, 0x0021, 0x0021, 0x0021, 0x0021, 0x0021, 0x0021, 0x0021,
  0x0021, 0x0021, 0x0021, 0x0021, 0x0021, 0x0021, 0x0021, 0x0021, 0x0021, 0x0021, 0x0021, 0x0021,
  0x0021, 0x0021, 0x0021, 0x0021, 0x0021, 0x0021, 0x0021, 0x0021, 0x0021, 0x0021, 0x0021, 0x0021,
  0x0021, 0x0021, 0x0021, 0x0021, 0x0021, 0x0021, 0x0021, 0x0021, 0x0021, 0x0021, 0x0021, 0x0021,
  0x0021, 0x0021, 0x0021, 0x0021, 0x0021, 0x0021, 0x0021, 0x0021, 0x0021, 0x0021, 0x0021, 0x0021,
  0x0021, 0x0021, 0x0021, 0x0021, 0x0021, 0x0021, 0x0021, 0x0021, 0x0021, 0x0021, 0x0021, 0x0021,
  0x0021, 0x0021, 0x0021, 0x0021, 0x0021, 0x0021, 0x0021, 0x0021, 0x0021, 0x0021, 0x0021, 0x0021,
  0x0021, 0x0021, 0x0021, 0x0021, 0x0021, 0x0021, 0x0021, 0x0021, 0x0021, 0x0021, 0x0021, 0x0021,
  0x0021, 0x0021, 0x0021, 0x0021, 0x0021, 0x0021, 0x0021, 0x0021, 0x0021, 0x0021, 0x0021, 0x0021,
  0x0021, 0x0021, 0x0021, 0x0021, 0x0021, 0x0021, 0x0021, 0x0021, 0x0021, 0x0021, 0x0021, 0x0021,
  0x0021, 0x0021, 0x0021, 0x0021, 0x0021, 0x0021, 0x0021, 0x0021, 0x0021, 0x0021, 0x0021, 0x0021,
  0x0021, 0x0021, 0x0021, 0x0021, 0x0021, 0x0021, 0x0021, 0x0021, 0x0021, 0x0021, 0x0021, 0x0021,
  0x0021, 0x0021, 0x0021, 0x0021, 0x0021, 0x0021, 0x0021, 0x0021, 0x0021, 0x0021, 0x0021, 0x0021,
  0x0021, 0x0021, 0x0021, 0x0021, 0x0021, 0x0021, 0x0021, 0x0021, 0x0021, 0x0021, 0x0021, 0x0021,
  0x0021, 0x0021, 0x0021, 0x0021, 0x0021, 0x0021, 0x0021, 0x0021, 0x0021, 0x0021, 0x0021, 0x0021,
  0x0021, 0x0021, 0x0021, 0x0021, 0x0021, 0x0021, 0x0021, 0x0021, 0x0021, 0x0021, 0x0021, 0x0021,
  0x0021, 0x0021, 0x0021, 0x0021, 0x0021, 0x0021, 0x0021, 0x0021, 0x0021, 0x0021, 0x0021, 0x0021,
  0x0021, 0x0021, 0x0021, 0x0021, 0x0021, 0x0021, 0x0021, 0x0021, 0x0021, 0x0021, 0x0021, 0x0021,
  0x0021, 0x0021, 0x0021, 0x0021, 0x0021, 0x0021, 0x0021, 0x0021, 0x0021, 0x0021, 0x0021, 0x0021,
  0x0021, 0x0021, 0x0021, 0x0021, 0x0021, 0x0021, 0x0021, 0x0021, 0x0021, 0x0021, 0x0021, 0x0021,
  0x0021, 0x0021, 0x0021, 0x0021, 0x0021, 0x0021, 0x0021, 0x0021, 0x0041, 0x0021, 0x0021, 0x0021,
  0x0021, 0x0021, 0x0021, 0x0021, 0x0021, 0x0021, 0x0021, 0x0021, 0x0021, 0x0021, 0x0021, 0x0021,
  0x0021, 0x0021, 0x0021, 0x0021, 0x0021, 0x0021, 0x0021, 0x0021, 0x0021, 0x0021, 0x0021, 0x0021,
  0x0021, 0x0021, 0x0021, 0x0021, 0x0021, 0x0021, 0x0021, 0x0021, 0x0021, 0x0021, 0x0021, 0x0021,
  0x0021, 0x0021, 0x0021, 0x0021, 0x0021, 0x0021, 0x0021, 0x0021, 0x0021, 0x0021, 0x0021, 0x0021,
  0x0021, 0x0021, 0x0021, 0x0021, 0x0021, 0x0021, 0x0021, 0x0021, 0x0021, 0x0021, 0x0021, 0x0021,
  0x0021, 0x0021, 0x0021, 0x0021, 0x0021, 0x0021, 0x0021, 0x0021, 0x0021, 0x0021, 0x0021, 0x0021,
  0x0021, 0x0021, 0x0021, 0x0021, 0x0021, 0x0021, 0x0021, 0x0021, 0x0021, 0x0021, 0x0021, 0x0021,
  0x0021, 0x0021, 0x0021, 0x0021, 0x0021, 0x0021, 0x0021, 0x0021, 0x0021, 0x0021, 0x0021, 0x0021,
  0x0021, 0x0021, 0x0021, 0x0021, 0x0021, 0x0021, 0x0021, 0x0021, 0x0021, 0x0021, 0x0021, 0x0021,
  0x0021, 0x0021, 0x0021, 0x0021, 0x0021, 0x0021, 0x0021, 0x0041, 0x0021, 0x0021, 0x0021, 0x0021,
  0x0021, 0x0021, 0x0021, 0x0021, 0x0021, 0x0021, 0x0021, 0x0021, 0x0021, 0x0021, 0x0021, 0x0021,
  0x0021, 0x0021, 0x0021, 0x0021, 0x0021, 0x0021, 0x0021, 0x0021, 0x0021, 0x0021, 0x0021, 0x0021,
  0x0021, 0x0021, 0x0021, 0x0021, 0x0021, 0x0021, 0x0021, 0x0021, 0x0021, 0x0021, 0x0021, 0x0021,
  0x0021, 0x0021, 0x0021, 0x0021, 0x0021, 0x0021, 0x0021, 0x0021, 0x0021, 0x0021, 0x0021, 0x0021,
  0x0021, 0x0021, 0x0021, 0x0021, 0x0021, 0x0021, 0x0021, 0x0021, 0x0021, 0x0021, 0x0021, 0x0021,
  0x0021, 0x0021, 0x0021, 0x0021, 0x0021, 0x0021, 0x0021, 0x0021, 0x0021, 0x0021, 0x0021, 0x0021,
  0x0021, 0x0021, 0x0021, 0x0021, 0x0021, 0x0021, 0x0021, 0x0021, 0x0021, 0x0021, 0x0021, 0x0021,
  0x0021, 0x0021, 0x0021, 0x0021, 0x0021, 0x0021, 0x0021, 0x0021, 0x0021, 0x0021, 0x0021, 0x0021,
  0x0021, 0x0021, 0x0021, 0x0021, 0x0021, 0x0021, 0x0021, 0x0021, 0x0021, 0x0021, 0x0021, 0x0021,
  0x0021, 0x0021, 0x0021, 0x0021, 0x0021, 0x0021, 0x0021, 0x0021, 0x0021, 0x0021, 0x0021, 0x0021,
  0x0021, 0x0021, 0x0021, 0x0021, 0x0021, 0x0021, 0x0021, 0x0021, 0x0021, 0x0021, 0x0021, 0x0021,
  0x0021, 0x0021, 0x0021, 0x0021, 0x0021, 0x0021, 0x0021, 0x0021, 0x0021, 0x0021, 0x0021, 0x0021,
  0x0021, 0x0021, 0x0021, 0x0021, 0x0021, 0x0021, 0x0021, 0x0021, 0x0021, 0x0021, 0x0021, 0x0021,
  0x0021, 0x0021, 0x0021, 0x0021, 0x0021, 0x0021, 0x0021, 0x0021, 0x0021, 0x0021, 0x0021, 0x0021,
  0x0021, 0x0021, 0x0021, 0x0021, 0x0021, 0x0021, 0x0021, 0x0021, 0x0021, 0x0021, 0x0021, 0x0021,
  0x0021, 0x0021, 0x0021, 0x0021, 0x0021, 0x0021, 0x0021, 0x0021, 0x0021, 0x0021, 0x0021, 0x0021,
  0x0021, 0x0021, 0x0021, 0x0021, 0x0021, 0x0021, 0x0021, 0x0021, 0x0021, 0x0021, 0x0021, 0x0021,
  0x0021, 0x0021, 0x0021, 0x0021, 0x0021, 0x0021, 0x0021, 0x0021, 0x0021, 0x0021, 0x0021, 0x0021,
  0x0021, 0x0021, 0x0021, 0x0021, 0x0041, 0x0021, 0x0021, 0x0021, 0x0021, 0x0021, 0x0021, 0x0021,
  0x0021, 0x0021, 0x0021, 0x0021, 0x0021, 0x0021, 0x0021, 0x0021, 0x0021, 0x0021, 0x0021, 0x0021,
  0x0021, 0x0021, 0x0021, 0x0021, 0x0021, 0x0021, 0x0021, 0x0021, 0x0021, 0x0021, 0x0021, 0x0021,
  0x0021, 0x0021, 0x0021, 0x0021, 0x0021, 0x0021, 0x0021, 0x0021, 0x0021, 0x0021, 0x0021, 0x0021,
  0x0021, 0x0021, 0x0021, 0x0021, 0x0021, 0x0021, 0x0021, 0x0021, 0x0021, 0x0021, 0x0021, 0x0021,
  0x0021, 0x0021, 0x0021, 0x0021, 0x0021, 0x0021, 0x0021, 0x0021, 0x0021, 0x0021, 0x0021, 0x0021,
  0x0021, 0x0021, 0x0021, 0x0021, 0x0021, 0x0021, 0x0021, 0x0021, 0x0021, 0x0021, 0x0021, 0x0021,
  0x0021, 0x0021, 0x0021, 0x0021, 0x0021, 0x0021, 0x0021, 0x0021, 0x0021, 0x0021, 0x0021, 0x0021,
  0x0021, 0x0021, 0x0021, 0x0021, 0x0021, 0x0021, 0x0021, 0x0021, 0x0021, 0x0021, 0x0021, 0x0021,
  0x0021, 0x0021, 0x0021, 0x0021, 0x0021, 0x0021, 0x0021, 0x0021, 0x0021, 0x0021, 0x0021, 0x0021,
  0x0021, 0x0021, 0x0021, 0x0021, 0x0021, 0x0021, 0x0021, 0x0021, 0x0021, 0x0021, 0x0021, 0x0021,
  0x0021, 0x0021, 0x0021, 0x0021, 0x0021, 0x0021, 0x0021, 0x0021, 0x0021, 0x0021, 0x0021, 0x0021,
  0x0021, 0x0021, 0x0021, 0x0021, 0x0021, 0x0021, 0x0021, 0x0021, 0x0021, 0x0021, 0x0021, 0x0021,
  0x0021, 0x0021, 0x0021, 0x0021, 0x0021, 0x0021, 0x0021, 0x0021, 0x0021, 0x0021, 0x0021, 0x0021,
  0x0021, 0x0021, 0x0021, 0x0021, 0x0021, 0x0021, 0x0021, 0x0021, 0x0021, 0x0021, 0x0021, 0x0021,
  0x0021, 0x0021, 0x0021, 0x0021, 0x0021, 0x0021, 0x0021, 0x0021, 0x0021, 0x0021, 0x0021, 0x0021,
  0x0021, 0x0021, 0x0021, 0x0021, 0x0021, 0x0021, 0x0021, 0x0021, 0x0021, 0x0021, 0x0021, 0x0021,
  0x0021, 0x0021, 0x0021, 0x0021,
