// Generated from Assets/GridCity/StreetV3/device/e3-nova-avenue.png
// SHA-256: a646786c952003ef5bd0da82769833e2ec45f16bd9f3f36cf2d16fac8cfdb135
  0x0021, 0x0020, 0x0021, 0x0021, 0x0021, 0x0021, 0x0021, 0x0021, 0x0021, 0x0021, 0x0021, 0x0021,
  0x0021, 0x0021, 0x0021, 0x0021, 0x0021, 0x0021, 0x0021, 0x0021, 0x0021, 0x0021, 0x0021, 0x0021,
  0x0021, 0x0021, 0x0021, 0x0020, 0x0021, 0x0021, 0x0021, 0x0021, 0x0021, 0x0021, 0x0021, 0x0021,
  0x0021, 0x0021, 0x0021, 0x0021, 0x0021, 0x0021, 0x0021, 0x0021, 0x0021, 0x0021, 0x0021, 0x0021,
  0x0021, 0x0021, 0x0021, 0x0021, 0x0021, 0x0021, 0x0021, 0x0021, 0x0021, 0x0020, 0x0021, 0x0020,
  0x0021, 0x0021, 0x0021, 0x0021, 0x0021, 0x0021, 0x0020, 0x0021, 0x0021, 0x0021, 0x0021, 0x0021,
  0x0021, 0x0021, 0x0021, 0x0021, 0x0021, 0x0021, 0x0021, 0x0021, 0x0021, 0x0021, 0x0021, 0x0021,
  0x0021, 0x0021, 0x0021, 0x0021, 0x0021, 0x0021, 0x0021, 0x0021, 0x0021, 0x0021, 0x0021, 0x0021,
  0x0021, 0x0021, 0x0021, 0x0021, 0x0021, 0x0021, 0x0021, 0x0021, 0x0021, 0x0021, 0x0021, 0x0021,
  0x0021, 0x0021, 0x0021, 0x0020, 0x0021, 0x0020, 0x0021, 0x0021, 0x0021, 0x0021, 0x0021, 0x0021,
  0x0021, 0x0021, 0x0021, 0x0021, 0x0021, 0x0021, 0x0021, 0x0021, 0x0021, 0x0021, 0x0021, 0x0021,
  0x0020, 0x0021, 0x0021, 0x0021, 0x0021, 0x0021, 0x0021, 0x0021, 0x0021, 0x0021, 0x0021, 0x0021,
  0x0021, 0x0021, 0x0021, 0x0021, 0x0021, 0x0021, 0x0021, 0x0021, 0x0021, 0x0021, 0x0021, 0x0021,
  0x0020, 0x0020, 0x0021, 0x0020, 0x0021, 0x0021, 0x0021, 0x0021, 0x0021, 0x0021, 0x0021, 0x0021,
  0x0021, 0x0021, 0x0021, 0x0021, 0x0021, 0x0021, 0x0021, 0x0021, 0x0021, 0x0021, 0x0021, 0x0021,
  0x0021, 0x0021, 0x0021, 0x0021, 0x0021, 0x0021, 0x0021, 0x0021, 0x0021, 0x0021, 0x0021, 0x0021,
  0x0021, 0x0021, 0x0021, 0x0021, 0x0021, 0x0021, 0x0021, 0x0020, 0x0021, 0x0021, 0x0021, 0x0021,
  0x0021, 0x0021, 0x0021, 0x0021, 0x0021, 0x0021, 0x0021, 0x0021, 0x0021, 0x0021, 0x0021, 0x0021,
  0x0021, 0x0021, 0x0021, 0x0021, 0x0021, 0x0021, 0x0021, 0x0021, 0x0021, 0x0021, 0x0021, 0x0021,
  0x0020, 0x0021, 0x0021, 0x0021, 0x0021, 0x0021, 0x0021, 0x0021, 0x0021, 0x0021, 0x0021, 0x0021,
  0x0021, 0x0021, 0x0021, 0x0021, 0x0021, 0x0021, 0x0021, 0x0021, 0x0021, 0x0021, 0x0021, 0x0021,
  0x0021, 0x0021, 0x0021, 0x0021, 0x0021, 0x0021, 0x0021, 0x0021, 0x0021, 0x0021, 0x0021, 0x0021,
  0x0021, 0x0021, 0x0021, 0x0021, 0x0021, 0x0021, 0x0021, 0x0020, 0x0021, 0x0020, 0x0021, 0x0021,
  0x0021, 0x0021, 0x0021, 0x0021, 0x0021, 0x0021, 0x0021, 0x0021, 0x0021, 0x0021, 0x0021, 0x0021,
  0x0021, 0x0021, 0x0021, 0x0021, 0x0021, 0x0021, 0x0021, 0x0021, 0x0021, 0x0021, 0x0021, 0x0021,
  0x0021, 0x0021, 0x0021, 0x0021, 0x0021, 0x0021, 0x0021, 0x0021, 0x0021, 0x0021, 0x0021, 0x0021,
  0x0021, 0x0021, 0x0021, 0x0021, 0x0021, 0x0021, 0x0021, 0x0021, 0x0021, 0x0021, 0x0021, 0x0021,
  0x0021, 0x0021, 0x0021, 0x0021, 0x0021, 0x0021, 0x0021, 0x0021, 0x0021, 0x0021, 0x0021, 0x0021,
  0x0021, 0x0021, 0x0021, 0x0021, 0x0021, 0x0021, 0x0021, 0x0021, 0x0021, 0x0021, 0x0021, 0x0021,
  0x0021, 0x0021, 0x0021, 0x0021, 0x0021, 0x0021, 0x0021, 0x0021, 0x0021, 0x0021, 0x0021, 0x0021,
  0x0021, 0x0021, 0x0021, 0x0021, 0x0021, 0x0021, 0x0021, 0x0021, 0x0021, 0x0021, 0x0021, 0x0021,
  0x0021, 0x0021, 0x0021, 0x0021, 0x0021, 0x0021, 0x0021, 0x0021, 0x0021, 0x0021, 0x0021, 0x0021,
  0x0021, 0x0021, 0x0021, 0x0021, 0x0021, 0x0021, 0x0021, 0x0021, 0x0021, 0x0021, 0x0021, 0x0021,
  0x0021, 0x0021, 0x0021, 0x0021, 0x0021, 0x0021, 0x0021, 0x0021, 0x0021, 0x0021, 0x0021, 0x0021,
  0x0021, 0x0021, 0x0021, 0x0021, 0x0021, 0x0021, 0x0021, 0x0021, 0x0021, 0x0021, 0x0021, 0x0021,
  0x0021, 0x0021, 0x0021, 0x0021, 0x0021, 0x0021, 0x0021, 0x0021, 0x0021, 0x0021, 0x0021, 0x0021,
  0x0021, 0x0021, 0x0021, 0x0021, 0x0021, 0x0021, 0x0021, 0x0021, 0x0021, 0x0021, 0x0021, 0x0021,
  0x0021, 0x0021, 0x0021, 0x0021, 0x0021, 0x0021, 0x0021, 0x0021, 0x0021, 0x0021, 0x0021, 0x0021,
  0x0021, 0x0021, 0x0021, 0x0021, 0x0021, 0x0021, 0x0021, 0x0021, 0x0021, 0x0021, 0x0021, 0x0021,
  0x0021, 0x0021, 0x0021, 0x0021, 0x0021, 0x0021, 0x0021, 0x0021, 0x0021, 0x0021, 0x0021, 0x0021,
  0x0021, 0x0021, 0x0021, 0x0021, 0x0021, 0x0021, 0x0021, 0x0021, 0x0021, 0x0021, 0x0021, 0x0021,
  0x0021, 0x0021, 0x0021, 0x0021, 0x0021, 0x0021, 0x0021, 0x0021, 0x0021, 0x0021, 0x0021, 0x0021,
  0x0021, 0x0021, 0x0021, 0x0021, 0x0021, 0x0021, 0x0021, 0x0021, 0x0021, 0x0021, 0x0021, 0x0021,
  0x0021, 0x0021, 0x0021, 0x0021, 0x0021, 0x0021, 0x0021, 0x0021, 0x0021, 0x0021, 0x0021, 0x0021,
  0x0021, 0x0021, 0x0021, 0x0021, 0x0021, 0x0021, 0x0021, 0x0021, 0x0021, 0x0021, 0x0021, 0x0021,
  0x0021, 0x0021, 0x0021, 0x0021, 0x0021, 0x0021, 0x0021, 0x0021, 0x0021, 0x0021, 0x0021, 0x0021,
  0x0021, 0x0021, 0x0021, 0x0021, 0x0021, 0x0021, 0x0021, 0x0021, 0x0021, 0x0021, 0x0021, 0x0021,
  0x0021, 0x0021, 0x0021, 0x0021, 0x0021, 0x0021, 0x0021, 0x0021, 0x0021, 0x0021, 0x0021, 0x0021,
  0x0021, 0x0021, 0x0021, 0x0021, 0x0021, 0x0021, 0x0021, 0x0021, 0x0021, 0x0021, 0x0021, 0x0021,
  0x0021, 0x0021, 0x0021, 0x0021, 0x0021, 0x0021, 0x0021, 0x0021, 0x0021, 0x0021, 0x0021, 0x0021,
  0x0021, 0x0021, 0x0021, 0x0021, 0x0021, 0x0021, 0x0021, 0x0021, 0x0021, 0x0021, 0x0021, 0x0021,
  0x0021, 0x0021, 0x0021, 0x0021, 0x0021, 0x0021, 0x0021, 0x0021, 0x0021, 0x0021, 0x0021, 0x0021,
  0x0021, 0x0021, 0x0021, 0x0021, 0x0021, 0x0021, 0x0021, 0x0021, 0x0021, 0x0021, 0x0021, 0x0021,
  0x0021, 0x0021, 0x0021, 0x0021, 0x0020, 0x0021, 0x0021, 0x0021, 0x0021, 0x0021, 0x0021, 0x0021,
  0x0021, 0x0021, 0x0021, 0x0021, 0x0021, 0x0021, 0x0021, 0x0021, 0x0021, 0x0021, 0x0021, 0x0021,
  0x0021, 0x0021, 0x0021, 0x0021, 0x0021, 0x0021, 0x0021, 0x0021, 0x0021, 0x0021, 0x0021, 0x0021,
  0x0021, 0x0021, 0x0021, 0x0021, 0x0021, 0x0021, 0x0021, 0x0021, 0x0021, 0x0021, 0x0021, 0x0021,
  0x0021, 0x0021, 0x0021, 0x0021, 0x0021, 0x0021, 0x0021, 0x0021, 0x0021, 0x0021, 0x0021, 0x0021,
  0x0021, 0x0021, 0x0021, 0x0021, 0x0021, 0x0021, 0x0021, 0x0021, 0x0021, 0x0021, 0x0021, 0x0021,
  0x0021, 0x0021, 0x0021, 0x0021, 0x0021, 0x0021, 0x0021, 0x0021, 0x0020, 0x0021, 0x0021, 0x0021,
  0x0021, 0x0021, 0x0021, 0x0021, 0x0021, 0x0021, 0x0021, 0x0021, 0x0021, 0x0021, 0x0021, 0x0021,
  0x0021, 0x0021, 0x0021, 0x0021, 0x0021, 0x0020, 0x0021, 0x0021, 0x0021, 0x0021, 0x0021, 0x0021,
  0x0021, 0x0021, 0x0021, 0x0021, 0x0021, 0x0021, 0x0021, 0x0021, 0x0021, 0x0021, 0x0021, 0x0021,
  0x0021, 0x0021, 0x0021, 0x0021, 0x0021, 0x0021, 0x0021, 0x0021, 0x0021, 0x0021, 0x0021, 0x0021,
  0x0021, 0x0021, 0x0021, 0x0021, 0x0021, 0x0021, 0x0021, 0x0021, 0x0021, 0x0021, 0x0021, 0x0021,
  0x0021, 0x0021, 0x0021, 0x0021, 0x0021, 0x0021, 0x0021, 0x0021, 0x0021, 0x0021, 0x0021, 0x0021,
  0x0021, 0x0021, 0x0021, 0x0021, 0x0021, 0x0021, 0x0021, 0x0021, 0x0020, 0x0021, 0x0021, 0x0021,
  0x0021, 0x0021, 0x0021, 0x0021, 0x0021, 0x0021, 0x0021, 0x0021, 0x0021, 0x0021, 0x0021, 0x0021,
  0x0021, 0x0021, 0x0021, 0x0021, 0x0021, 0x0021, 0x0021, 0x0021, 0x0021, 0x0021, 0x0021, 0x0021,
  0x0021, 0x0021, 0x0021, 0x0021, 0x0021, 0x0021, 0x0021, 0x0021, 0x0021, 0x0021, 0x0021, 0x0021,
  0x0021, 0x0021, 0x0021, 0x0021, 0x0021, 0x0021, 0x0021, 0x0021, 0x0021, 0x0021, 0x0021, 0x0021,
  0x0021, 0x0021, 0x0021, 0x0021, 0x0021, 0x0021, 0x0021, 0x0021, 0x0021, 0x0021, 0x0021, 0x0021,
  0x0021, 0x0021, 0x0021, 0x0021, 0x0021, 0x0021, 0x0021, 0x0021, 0x0021, 0x0021, 0x0021, 0x0021,
  0x0020, 0x0021, 0x0021, 0x0021, 0x0021, 0x0021, 0x0021, 0x0021, 0x0021, 0x0021, 0x0021, 0x0021,
  0x0021, 0x0021, 0x0021, 0x0021, 0x0021, 0x0021, 0x0021, 0x0021, 0x0021, 0x0021, 0x0021, 0x0021,
  0x0021, 0x0021, 0x0021, 0x0021, 0x0021, 0x0021, 0x0021, 0x0021, 0x0021, 0x0021, 0x0021, 0x0021,
  0x0021, 0x0021, 0x0021, 0x0021, 0x0021, 0x0021, 0x0021, 0x0021, 0x0021, 0x0021, 0x0021, 0x0021,
  0x0021, 0x0021, 0x0021, 0x0021, 0x0021, 0x0021, 0x0021, 0x0021, 0x0021, 0x0021, 0x0021, 0x0021,
  0x0021, 0x0021, 0x0021, 0x0021, 0x0021, 0x0021, 0x0021, 0x0021, 0x0021, 0x0021, 0x0021, 0x0021,
  0x0021, 0x0021, 0x0021, 0x0021, 0x0021, 0x0021, 0x0021, 0x0021, 0x0021, 0x0021, 0x0021, 0x0021,
  0x0021, 0x0021, 0x0021, 0x0021, 0x0021, 0x0021, 0x0021, 0x0021, 0x0021, 0x0021, 0x0021, 0x0021,
  0x0021, 0x0021, 0x0021, 0x0021, 0x0021, 0x0021, 0x0021, 0x0021, 0x0021, 0x0021, 0x0021, 0x0021,
  0x0021, 0x0021, 0x0021, 0x0021, 0x0021, 0x0021, 0x0021, 0x0021, 0x0021, 0x0021, 0x0021, 0x0021,
  0x0021, 0x0021, 0x0021, 0x0021, 0x0021, 0x0021, 0x0021, 0x0021, 0x0021, 0x0021, 0x0021, 0x0021,
  0x0021, 0x0021, 0x0021, 0x0021, 0x0021, 0x0021, 0x0021, 0x0021, 0x0021, 0x0021, 0x0021, 0x0021,
  0x0021, 0x0021, 0x0021, 0x0021, 0x0021, 0x0021, 0x0021, 0x0021, 0x0021, 0x0021, 0x0021, 0x0021,
  0x0021, 0x0021, 0x0021, 0x0021, 0x0021, 0x0021, 0x0021, 0x0021, 0x0021, 0x0021, 0x0021, 0x0021,
  0x0021, 0x0021, 0x0021, 0x0021, 0x0021, 0x0021, 0x0021, 0x0021, 0x0021, 0x0021, 0x0021, 0x0021,
  0x0021, 0x0021, 0x0021, 0x0021, 0x0021, 0x0021, 0x0021, 0x0021, 0x0021, 0x0021, 0x0021, 0x0021,
  0x0021, 0x0021, 0x0021, 0x0021, 0x0021, 0x0021, 0x0021, 0x0021, 0x0021, 0x0021, 0x0021, 0x0021,
  0x0021, 0x0021, 0x0021, 0x0021, 0x0021, 0x0021, 0x0021, 0x0021, 0x0021, 0x0021, 0x0021, 0x0021,
  0x0021, 0x0021, 0x0021, 0x0021, 0x0021, 0x0021, 0x0021, 0x0021, 0x0021, 0x0021, 0x0021, 0x0021,
  0x0021, 0x0021, 0x0021, 0x0021, 0x0021, 0x0021, 0x0021, 0x0021, 0x0021, 0x0021, 0x0021, 0x0021,
  0x0021, 0x0021, 0x0021, 0x0021, 0x0020, 0x0021, 0x0021, 0x0021, 0x0021, 0x0021, 0x0021, 0x0021,
  0x0021, 0x0021, 0x0021, 0x0021, 0x0021, 0x0021, 0x0021, 0x0021, 0x0021, 0x0021, 0x0021, 0x0021,
  0x0021, 0x0021, 0x0021, 0x0021, 0x0021, 0x0021, 0x0021, 0x0021, 0x0021, 0x0021, 0x0021, 0x0021,
  0x0021, 0x0021, 0x0021, 0x0021, 0x0021, 0x0021, 0x0021, 0x0021, 0x0021, 0x0021, 0x0021, 0x0021,
  0x0021, 0x0021, 0x0021, 0x0021, 0x0021, 0x0021, 0x0021, 0x0021, 0x0021, 0x0021, 0x0021, 0x0021,
  0x0021, 0x0021, 0x0021, 0x0021, 0x0021, 0x0021, 0x0021, 0x0021, 0x0021, 0x0021, 0x0021, 0x0021,
  0x0021, 0x0021, 0x0021, 0x0021, 0x0021, 0x0021, 0x0021, 0x0021, 0x0021, 0x0021, 0x0021, 0x0021,
  0x0021, 0x0021, 0x0021, 0x0021, 0x0021, 0x0021, 0x0021, 0x0021, 0x0021, 0x0021, 0x0021, 0x0021,
  0x0021, 0x0021, 0x0021, 0x0021, 0x0021, 0x0021, 0x0021, 0x0021, 0x0021, 0x0021, 0x0021, 0x0021,
  0x0021, 0x0021, 0x0021, 0x0021, 0x0021, 0x0021, 0x0021, 0x0021, 0x0021, 0x0021, 0x0021, 0x0021,
  0x0021, 0x0021, 0x0021, 0x0021, 0x0021, 0x0021, 0x0021, 0x0021, 0x0021, 0x0021, 0x0021, 0x0021,
  0x0021, 0x0021, 0x0021, 0x0021, 0x0021, 0x0021, 0x0021, 0x0021, 0x0021, 0x0021, 0x0021, 0x0021,
  0x0021, 0x0021, 0x0021, 0x0021, 0x0021, 0x0021, 0x0021, 0x0021, 0x0021, 0x0021, 0x0021, 0x0021,
  0x0021, 0x0021, 0x0021, 0x0021, 0x0021, 0x0021, 0x0021, 0x0021, 0x0021, 0x0021, 0x0021, 0x0021,
  0x0021, 0x0021, 0x0021, 0x0021, 0x0021, 0x0021, 0x0021, 0x0021, 0x0021, 0x0021, 0x0021, 0x0021,
  0x0021, 0x0021, 0x0021, 0x0021, 0x0021, 0x0021, 0x0021, 0x0021, 0x0021, 0x0021, 0x0021, 0x0021,
  0x0021, 0x0021, 0x0021, 0x0021, 0x0021, 0x0021, 0x0021, 0x0021, 0x0021, 0x0021, 0x0021, 0x0021,
  0x0021, 0x0021, 0x0021, 0x0021, 0x0021, 0x0021, 0x0021, 0x0021, 0x0021, 0x0021, 0x0021, 0x0021,
  0x0021, 0x0021, 0x0021, 0x0021, 0x0021, 0x0021, 0x0021, 0x0021, 0x0021, 0x0021, 0x0021, 0x0021,
  0x0021, 0x0021, 0x0021, 0x0021, 0x0021, 0x0021, 0x0021, 0x0021, 0x0021, 0x0021, 0x0021, 0x0021,
  0x0021, 0x0021, 0x0021, 0x0021, 0x0021, 0x0021, 0x0021, 0x0021, 0x0021, 0x0021, 0x0021, 0x0021,
  0x0021, 0x0021, 0x0021, 0x0021, 0x0021, 0x0021, 0x0021, 0x0021, 0x0021, 0x0021, 0x0021, 0x0021,
  0x0021, 0x0021, 0x0021, 0x0021, 0x0021, 0x0021, 0x0021, 0x0021, 0x0021, 0x0021, 0x0021, 0x0021,
  0x0021, 0x0021, 0x0021, 0x0021, 0x0021, 0x0021, 0x0021, 0x0021, 0x0021, 0x0021, 0x0021, 0x0021,
  0x0021, 0x0021, 0x0021, 0x0021, 0x0021, 0x0021, 0x0021, 0x0021, 0x0021, 0x0021, 0x0021, 0x0021,
  0x0021, 0x0021, 0x0021, 0x0021, 0x0021, 0x0021, 0x0021, 0x0021, 0x0021, 0x0021, 0x0021, 0x0021,
  0x0021, 0x0021, 0x0021, 0x0021, 0x0021, 0x0021, 0x0021, 0x0021, 0x0021, 0x0021, 0x0021, 0x0021,
  0x0021, 0x0020, 0x0021, 0x0021, 0x0021, 0x0021, 0x0021, 0x0021, 0x0021, 0x0021, 0x0021, 0x0021,
  0x0021, 0x0021, 0x0021, 0x0021, 0x0021, 0x0021, 0x0021, 0x0021, 0x0021, 0x0021, 0x0021, 0x0021,
  0x0021, 0x0021, 0x0021, 0x0021, 0x0021, 0x0021, 0x0021, 0x0021, 0x0021, 0x0021, 0x0021, 0x0021,
  0x0021, 0x0021, 0x0021, 0x0021, 0x0021, 0x0021, 0x0021, 0x0021, 0x0021, 0x0021, 0x0021, 0x0021,
  0x0021, 0x0021, 0x0021, 0x0021, 0x0021, 0x0021, 0x0021, 0x0021, 0x0021, 0x0021, 0x0021, 0x0021,
  0x0021, 0x0021, 0x0021, 0x0021, 0x0021, 0x0021, 0x0021, 0x0021, 0x0021, 0x0021, 0x0021, 0x0021,
  0x0021, 0x0021, 0x0021, 0x0021, 0x0021, 0x0021, 0x0021, 0x0021, 0x0021, 0x0021, 0x0021, 0x0021,
  0x0021, 0x0021, 0x0021, 0x0021, 0x0021, 0x0021, 0x0021, 0x0021, 0x0021, 0x0021, 0x0021, 0x0021,
  0x0021, 0x0021, 0x0021, 0x0021, 0x0021, 0x0021, 0x0021, 0x0021, 0x0021, 0x0021, 0x0021, 0x0021,
  0x0021, 0x0021, 0x0021, 0x0021, 0x0021, 0x0021, 0x0021, 0x0021, 0x0021, 0x0021, 0x0021, 0x0021,
  0x0021, 0x0021, 0x0021, 0x0021, 0x0021, 0x0021, 0x0021, 0x0021, 0x0021, 0x0021, 0x0021, 0x0021,
  0x0021, 0x0021, 0x0021, 0x0021, 0x0021, 0x0021, 0x0021, 0x0021, 0x0021, 0x0021, 0x0021, 0x0021,
  0x0021, 0x0021, 0x0021, 0x0021, 0x0021, 0x0021, 0x0021, 0x0021, 0x0021, 0x0021, 0x0021, 0x0021,
  0x0021, 0x0021, 0x0021, 0x0021, 0x0021, 0x0021, 0x0021, 0x0021, 0x0021, 0x0021, 0x0021, 0x0021,
  0x0021, 0x0021, 0x0021, 0x0021, 0x0021, 0x0021, 0x0021, 0x0021, 0x0021, 0x0021, 0x0021, 0x0021,
  0x0021, 0x0021, 0x0021, 0x0021, 0x0021, 0x0021, 0x0021, 0x0021, 0x0021, 0x0021, 0x0021, 0x0021,
  0x0021, 0x0021, 0x0021, 0x0021, 0x0021, 0x0021, 0x0021, 0x0021, 0x0021, 0x0021, 0x0021, 0x0021,
  0x0021, 0x0021, 0x0021, 0x0021, 0x0021, 0x0021, 0x0021, 0x0021, 0x0021, 0x0021, 0x0021, 0x0021,
  0x0021, 0x0021, 0x0021, 0x0021, 0x0021, 0x0021, 0x0021, 0x0021, 0x0021, 0x0021, 0x0021, 0x0021,
  0x0021, 0x0021, 0x0021, 0x0021, 0x0021, 0x0021, 0x0021, 0x0021, 0x0021, 0x0021, 0x0021, 0x0021,
  0x0021, 0x0021, 0x0021, 0x0021, 0x0021, 0x0021, 0x0021, 0x0021, 0x0021, 0x0021, 0x0021, 0x0021,
  0x0021, 0x0021, 0x0021, 0x0021, 0x0021, 0x0021, 0x0021, 0x0021, 0x0021, 0x0021, 0x0021, 0x0021,
  0x0021, 0x0021, 0x0021, 0x0021, 0x0021, 0x0021, 0x0021, 0x0021, 0x0021, 0x0021, 0x0021, 0x0021,
  0x0021, 0x0021, 0x0021, 0x0021, 0x0021, 0x0021, 0x0021, 0x0021, 0x0021, 0x0021, 0x0021, 0x0021,
  0x0021, 0x0021, 0x0021, 0x0021, 0x0021, 0x0021, 0x0021, 0x0021, 0x0021, 0x0021, 0x0021, 0x0021,
  0x0021, 0x0021, 0x0021, 0x0021, 0x0021, 0x0021, 0x0021, 0x0021, 0x0021, 0x0021, 0x0021, 0x0021,
  0x0021, 0x0021, 0x0021, 0x0021, 0x0021, 0x0021, 0x0021, 0x0021, 0x0021, 0x0021, 0x0021, 0x0021,
  0x0021, 0x0021, 0x0021, 0x0021, 0x0021, 0x0021, 0x0020, 0x0021, 0x0021, 0x0021, 0x0021, 0x0021,
  0x0021, 0x0021, 0x0021, 0x0021, 0x0021, 0x0021, 0x0021, 0x0021, 0x0021, 0x0021, 0x0021, 0x0021,
  0x0021, 0x0021, 0x0021, 0x0021, 0x0021, 0x0021, 0x0021, 0x0021, 0x0021, 0x0021, 0x0021, 0x0021,
  0x0021, 0x0021, 0x0021, 0x0021, 0x0021, 0x0021, 0x0021, 0x0021, 0x0021, 0x0021, 0x0021, 0x0021,
  0x0021, 0x0021, 0x0021, 0x0021, 0x0021, 0x0021, 0x0021, 0x0021, 0x0021, 0x0021, 0x0021, 0x0021,
  0x0021, 0x0021, 0x0021, 0x0021, 0x0021, 0x0021, 0x0021, 0x0021, 0x0021, 0x0021, 0x0021, 0x0021,
  0x0021, 0x0021, 0x0021, 0x0021, 0x0021, 0x0021, 0x0021, 0x0021, 0x0021, 0x0021, 0x0021, 0x0021,
  0x0021, 0x0021, 0x0021, 0x0021, 0x0021, 0x0021, 0x0021, 0x0021, 0x0021, 0x0021, 0x0021, 0x0021,
  0x0021, 0x0021, 0x0021, 0x0021, 0x0021, 0x0021, 0x0021, 0x0021, 0x0021, 0x0021, 0x0021, 0x0021,
  0x0021, 0x0021, 0x0021, 0x0021, 0x0021, 0x0021, 0x0021, 0x0021, 0x0021, 0x0021, 0x0021, 0x0021,
  0x0021, 0x0021, 0x0021, 0x0021, 0x0021, 0x0021, 0x0021, 0x0021, 0x0021, 0x0021, 0x0021, 0x0021,
  0x0021, 0x0021, 0x0021, 0x0021, 0x0021, 0x0021, 0x0021, 0x0021, 0x0021, 0x0021, 0x0021, 0x0021,
  0x0021, 0x0021, 0x0021, 0x0021, 0x0021, 0x0021, 0x0021, 0x0021, 0x0021, 0x0021, 0x0021, 0x0021,
  0x0021, 0x0021, 0x0021, 0x0021, 0x0021, 0x0021, 0x0021, 0x0021, 0x0021, 0x0021, 0x0021, 0x0021,
  0x0021, 0x0021, 0x0021, 0x0021, 0x0021, 0x0021, 0x0021, 0x0021, 0x0021, 0x0021, 0x0021, 0x0021,
  0x0021, 0x0021, 0x0021, 0x0021, 0x0021, 0x0021, 0x0021, 0x0021, 0x0021, 0x0021, 0x0021, 0x0021,
  0x0021, 0x0021, 0x0021, 0x0021, 0x0021, 0x0021, 0x0021, 0x0021, 0x0021, 0x0021, 0x0021, 0x0021,
  0x0021, 0x0021, 0x0021, 0x0021, 0x0021, 0x0021, 0x0021, 0x0021, 0x0021, 0x0021, 0x0021, 0x0021,
  0x0021, 0x0021, 0x0021, 0x0021, 0x0021, 0x0021, 0x0021, 0x0021, 0x0021, 0x0021, 0x0021, 0x0021,
  0x0021, 0x0021, 0x0021, 0x0021, 0x0021, 0x0021, 0x0021, 0x0021, 0x0021, 0x0021, 0x0021, 0x0021,
  0x0021, 0x0021, 0x0021, 0x0021, 0x0021, 0x0021, 0x0021, 0x0021, 0x0021, 0x0021, 0x0021, 0x0021,
  0x0021, 0x0021, 0x0021, 0x0021, 0x0021, 0x0021, 0x0021, 0x0021, 0x0021, 0x0021, 0x0021, 0x0021,
  0x0021, 0x0021, 0x0021, 0x0021, 0x0021, 0x0021, 0x0021, 0x0021, 0x0021, 0x0021, 0x0021, 0x0020,
  0x0021, 0x0021, 0x0021, 0x0021, 0x0021, 0x0021, 0x0021, 0x0021, 0x0021, 0x0021, 0x0021, 0x0021,
  0x0021, 0x0021, 0x0021, 0x0021, 0x0021, 0x0021, 0x0021, 0x0021, 0x0021, 0x0021, 0x0021, 0x0021,
  0x0021, 0x0021, 0x0021, 0x0021, 0x0021, 0x0021, 0x0021, 0x0021, 0x0021, 0x0021, 0x0021, 0x0021,
  0x0021, 0x0021, 0x0021, 0x0021, 0x0021, 0x0021, 0x0021, 0x0021, 0x0021, 0x0021, 0x0021, 0x0021,
  0x0021, 0x0021, 0x0021, 0x0021, 0x0021, 0x0021, 0x0021, 0x0021, 0x0021, 0x0021, 0x0021, 0x0021,
  0x0021, 0x0021, 0x0021, 0x0021, 0x0021, 0x0021, 0x0021, 0x0021, 0x0021, 0x0021, 0x0021, 0x0021,
  0x0021, 0x0021, 0x0021, 0x0021, 0x0021, 0x0021, 0x0021, 0x0021, 0x0021, 0x0021, 0x0021, 0x0021,
  0x0021, 0x0021, 0x0021, 0x0021, 0x0021, 0x0021, 0x0021, 0x0021, 0x0021, 0x0021, 0x0021, 0x0021,
  0x0021, 0x0021, 0x0021, 0x0021, 0x0021, 0x0021, 0x0021, 0x0021, 0x0021, 0x0021, 0x0021, 0x0021,
  0x0021, 0x0021, 0x0021, 0x0021, 0x0021, 0x0021, 0x0021, 0x0021, 0x0021, 0x0021, 0x0021, 0x0021,
  0x0021, 0x0021, 0x0021, 0x0021, 0x0021, 0x0020, 0x0021, 0x0021, 0x0021, 0x0021, 0x0021, 0x0021,
  0x0021, 0x0021, 0x0021, 0x0021, 0x0021, 0x0021, 0x0021, 0x0021, 0x0021, 0x0021, 0x0021, 0x0021,
  0x0021, 0x0021, 0x0021, 0x0021, 0x0021, 0x0021, 0x0021, 0x0021, 0x0021, 0x0021, 0x0021, 0x0021,
  0x0021, 0x0021, 0x0021, 0x0021, 0x0021, 0x0021, 0x0021, 0x0021, 0x0021, 0x0021, 0x0021, 0x0021,
  0x0021, 0x0021, 0x0021, 0x0021, 0x0021, 0x0021, 0x0021, 0x0021, 0x0021, 0x0021, 0x0021, 0x0021,
  0x0021, 0x0021, 0x0021, 0x0021, 0x0021, 0x0021, 0x0021, 0x0021, 0x0021, 0x0021, 0x0021, 0x0021,
  0x0021, 0x0021, 0x0021, 0x0021, 0x0021, 0x0021, 0x0021, 0x0021, 0x0021, 0x0021, 0x0021, 0x0021,
  0x0021, 0x0021, 0x0021, 0x0021, 0x0021, 0x0021, 0x0021, 0x0021, 0x0021, 0x0021, 0x0021, 0x0021,
  0x0021, 0x0021, 0x0021, 0x0021, 0x0021, 0x0021, 0x0021, 0x0021, 0x0021, 0x0021, 0x0021, 0x0021,
  0x0021, 0x0021, 0x0021, 0x0021, 0x0021, 0x0021, 0x0021, 0x0021, 0x0021, 0x0021, 0x0021, 0x0021,
  0x0021, 0x0021, 0x0021, 0x0021, 0x0021, 0x0021, 0x0021, 0x0021, 0x0021, 0x0021, 0x0021, 0x0021,
  0x0021, 0x0021, 0x0021, 0x0021, 0x0021, 0x0021, 0x0021, 0x0021, 0x0021, 0x0021, 0x0021, 0x0021,
  0x0021, 0x0021, 0x0021, 0x0021, 0x0021, 0x0021, 0x0021, 0x0021, 0x0021, 0x0021, 0x0021, 0x0021,
  0x0000, 0x0000, 0x0021, 0x0021, 0x0021, 0x0021, 0x0021, 0x0021, 0x0021, 0x0021, 0x0021, 0x0021,
  0x0021, 0x0021, 0x0021, 0x0021, 0x0021, 0x0021, 0x0021, 0x0021, 0x0021, 0x0021, 0x0021, 0x0021,
  0x0021, 0x0021, 0x0021, 0x0021, 0x0021, 0x0021, 0x0021, 0x0021, 0x0021, 0x0021, 0x0021, 0x0021,
  0x0021, 0x0021, 0x0021, 0x0021, 0x0021, 0x0021, 0x0021, 0x0021, 0x0021, 0x0021, 0x0021, 0x0021,
  0x0021, 0x0021, 0x0021, 0x0021, 0x0021, 0x0021, 0x0021, 0x0021, 0x0021, 0x0021, 0x0021, 0x0021,
  0x0021, 0x0021, 0x0021, 0x0021, 0x0021, 0x0021, 0x0021, 0x0021, 0x0021, 0x0021, 0x0021, 0x0021,
  0x0021, 0x0021, 0x0021, 0x0021, 0x0021, 0x0021, 0x0021, 0x0021, 0x0021, 0x0021, 0x0021, 0x0021,
  0x0021, 0x0021, 0x0021, 0x0021, 0x0021, 0x0021, 0x0021, 0x0021, 0x0021, 0x0021, 0x0021, 0x0021,
  0x0021, 0x0021, 0x0021, 0x0021, 0x0021, 0x0021, 0x0021, 0x0021, 0x0021, 0x0021, 0x0021, 0x0021,
  0x0021, 0x0021, 0x0021, 0x0021, 0x0021, 0x0021, 0x0021, 0x0021, 0x0021, 0x0021, 0x0021, 0x0021,
  0x0021, 0x0021, 0x0021, 0x0021, 0x0021, 0x0021, 0x0021, 0x0021, 0x0021, 0x0021, 0x0021, 0x0021,
  0x0021, 0x0021, 0x0021, 0x0021, 0x0021, 0x0021, 0x0021, 0x0021, 0x0021, 0x0021, 0x0021, 0x0021,
  0x0021, 0x0021, 0x0021, 0x0021, 0x0021, 0x0021, 0x0021, 0x0021, 0x0021, 0x0021, 0x0021, 0x0021,
  0x0021, 0x0021, 0x0021, 0x0000, 0x0841, 0x20C2, 0x0000, 0x0000, 0x0000, 0x0000, 0x0021, 0x0020,
  0x0021, 0x0021, 0x0021, 0x0021, 0x0021, 0x0021, 0x0021, 0x0021, 0x0021, 0x0021, 0x0021, 0x0021,
  0x0021, 0x0021, 0x0021, 0x0021, 0x0021, 0x0021, 0x0021, 0x0021, 0x0021, 0x0021, 0x0021, 0x0021,
  0x0021, 0x0021, 0x0021, 0x0021, 0x0021, 0x0021, 0x0021, 0x0021, 0x0021, 0x0021, 0x0021, 0x0021,
  0x0021, 0x0021, 0x0021, 0x0021, 0x0021, 0x0021, 0x0021, 0x0021, 0x0021, 0x0021, 0x0021, 0x0021,
  0x0021, 0x0021, 0x0021, 0x0021, 0x0021, 0x0021, 0x0021, 0x0021, 0x0021, 0x0021, 0x0021, 0x0021,
  0x0021, 0x0021, 0x0021, 0x0021, 0x0021, 0x0021, 0x0021, 0x0021, 0x0021, 0x0021, 0x0021, 0x0021,
  0x0021, 0x0021, 0x0021, 0x0021, 0x0021, 0x0021, 0x0021, 0x0021, 0x0021, 0x0021, 0x0021, 0x0021,
  0x0021, 0x0021, 0x0021, 0x0021, 0x0021, 0x0021, 0x0021, 0x0021, 0x0021, 0x0021, 0x0021, 0x0020,
  0x0021, 0x0021, 0x0021, 0x0021, 0x0021, 0x0021, 0x0021, 0x0021, 0x0021, 0x0021, 0x0021, 0x0021,
  0x0021, 0x0021, 0x0021, 0x0021, 0x0021, 0x0021, 0x0021, 0x0021, 0x0021, 0x0021, 0x0021, 0x0020,
  0x0021, 0x0021, 0x0021, 0x0021, 0x0021, 0x0021, 0x0021, 0x0021, 0x0021, 0x0021, 0x0021, 0x0021,
  0x0021, 0x0021, 0x0021, 0x0021, 0x0021, 0x0021, 0x0021, 0x0021, 0x0021, 0x0021, 0x0021, 0x0021,
  0x0021, 0x0021, 0x0021, 0x0021, 0x0021, 0x0021, 0x0000, 0x0020, 0xA32B, 0xDBCC, 0xAB0A, 0x7227,
  0x3924, 0x0861, 0x0021, 0x0021, 0x0021, 0x0021, 0x0021, 0x0021, 0x0021, 0x0021, 0x0021, 0x0021,
  0x0021, 0x0021, 0x0021, 0x0021, 0x0021, 0x0021, 0x0021, 0x0021, 0x0021, 0x0021, 0x0021, 0x0021,
  0x0021, 0x0021, 0x0021, 0x0021, 0x0021, 0x0021, 0x0021, 0x0021, 0x0021, 0x0021, 0x0021, 0x0021,
  0x0021, 0x0021, 0x0021, 0x0021, 0x0021, 0x0021, 0x0021, 0x0021, 0x0021, 0x0021, 0x0021, 0x0021,
  0x0021, 0x0021, 0x0021, 0x0021, 0x0021, 0x0021, 0x0021, 0x0021, 0x0021, 0x0021, 0x0021, 0x0021,
  0x0021, 0x0021, 0x0021, 0x0021, 0x0021, 0x0021, 0x0021, 0x0021, 0x0021, 0x0021, 0x0021, 0x0021,
  0x0021, 0x0021, 0x0020, 0x0021, 0x0021, 0x0021, 0x0021, 0x0021, 0x0021, 0x0021, 0x0021, 0x0021,
  0x0021, 0x0021, 0x0021, 0x0021, 0x0021, 0x0021, 0x0021, 0x0021, 0x0021, 0x0021, 0x0021, 0x0021,
  0x0021, 0x0021, 0x0021, 0x0021, 0x0021, 0x0021, 0x0021, 0x0021, 0x0021, 0x0021, 0x0021, 0x0021,
  0x0021, 0x0021, 0x0021, 0x0021, 0x0021, 0x0021, 0x0021, 0x0021, 0x0021, 0x0021, 0x0021, 0x0021,
  0x0021, 0x0021, 0x0021, 0x0021, 0x0021, 0x0021, 0x0021, 0x0021, 0x0021, 0x0021, 0x0021, 0x0021,
  0x0021, 0x0021, 0x0021, 0x0021, 0x0021, 0x0021, 0x0021, 0x0021, 0x0021, 0x0021, 0x0021, 0x0021,
  0x0021, 0x0021, 0x0021, 0x0021, 0x0021, 0x0021, 0x0021, 0x0021, 0x0021, 0x0021, 0x0020, 0x8B0A,
  0xF42D, 0xDB8C, 0xE3CC, 0xE3ED, 0xDC2E, 0x4124, 0x0000, 0x0000, 0x0021, 0x0021, 0x0021, 0x0021,
  0x0021, 0x0021, 0x0021, 0x0021, 0x0021, 0x0021, 0x0021, 0x0021, 0x0021, 0x0021, 0x0021, 0x0021,
  0x0021, 0x0021, 0x0021, 0x0021, 0x0021, 0x0021, 0x0021, 0x0021, 0x0021, 0x0021, 0x0021, 0x0021,
  0x0021, 0x0021, 0x0021, 0x0021, 0x0021, 0x0021, 0x0021, 0x0021, 0x0021, 0x0021, 0x0021, 0x0021,
  0x0021, 0x0021, 0x0021, 0x0021, 0x0021, 0x0021, 0x0021, 0x0021, 0x0021, 0x0021, 0x0021, 0x0021,
  0x0021, 0x0021, 0x0021, 0x0021, 0x0021, 0x0021, 0x0021, 0x0021, 0x0021, 0x0021, 0x0021, 0x0021,
  0x0021, 0x0021, 0x0021, 0x0021, 0x0021, 0x0021, 0x0021, 0x0021, 0x0021, 0x0021, 0x0021, 0x0021,
  0x0021, 0x0021, 0x0021, 0x0021, 0x0021, 0x0021, 0x0021, 0x0021, 0x0021, 0x0021, 0x0021, 0x0021,
  0x0021, 0x0021, 0x0021, 0x0021, 0x0021, 0x0021, 0x0021, 0x0021, 0x0021, 0x0021, 0x0021, 0x0021,
  0x0021, 0x0021, 0x0021, 0x0021, 0x0021, 0x0021, 0x0021, 0x0021, 0x0021, 0x0021, 0x0021, 0x0021,
  0x0021, 0x0021, 0x0021, 0x0021, 0x0021, 0x0021, 0x0021, 0x0021, 0x0021, 0x0021, 0x0021, 0x0021,
  0x0021, 0x0021, 0x0021, 0x0021, 0x0021, 0x0021, 0x0021, 0x0021, 0x0021, 0x0021, 0x0021, 0x0021,
  0x0021, 0x0021, 0x0021, 0x0021, 0x0021, 0x0021, 0x0021, 0x0021, 0x0021, 0x0021, 0x0021, 0x0021,
  0x0021, 0x0000, 0x20A2, 0xBB6B, 0xB36B, 0xC3CC, 0xD3ED, 0xDC4E, 0x8A47, 0x6964, 0x5964, 0x20A2,
  0x0000, 0x0000, 0x0000, 0x0020, 0x0021, 0x0021, 0x0021, 0x0021, 0x0021, 0x0021, 0x0021, 0x0021,
  0x0021, 0x0021, 0x0021, 0x0021, 0x0021, 0x0021, 0x0021, 0x0021, 0x0021, 0x0021, 0x0021, 0x0021,
  0x0021, 0x0021, 0x0021, 0x0021, 0x0021, 0x0021, 0x0021, 0x0021, 0x0021, 0x0021, 0x0021, 0x0021,
  0x0021, 0x0021, 0x0021, 0x0021, 0x0021, 0x0021, 0x0021, 0x0021, 0x0021, 0x0021, 0x0021, 0x0021,
  0x0021, 0x0021, 0x0021, 0x0021, 0x0021, 0x0021, 0x0021, 0x0021, 0x0021, 0x0021, 0x0021, 0x0021,
  0x0021, 0x0021, 0x0021, 0x0021, 0x0021, 0x0021, 0x0021, 0x0021, 0x0021, 0x0021, 0x0021, 0x0021,
  0x0021, 0x0021, 0x0021, 0x0021, 0x0021, 0x0021, 0x0021, 0x0021, 0x0021, 0x0021, 0x0021, 0x0021,
  0x0021, 0x0021, 0x0021, 0x0021, 0x0021, 0x0021, 0x0021, 0x0021, 0x0021, 0x0021, 0x0021, 0x0021,
  0x0021, 0x0021, 0x0021, 0x0021, 0x0021, 0x0021, 0x0021, 0x0021, 0x0021, 0x0021, 0x0021, 0x0021,
  0x0021, 0x0021, 0x0021, 0x0021, 0x0021, 0x0021, 0x0021, 0x0021, 0x0021, 0x0021, 0x0021, 0x0021,
  0x0021, 0x0021, 0x0021, 0x0021, 0x0021, 0x0021, 0x0021, 0x0021, 0x0021, 0x0021, 0x0021, 0x0021,
  0x0021, 0x0021, 0x0021, 0x0021, 0x0021, 0x0021, 0x0021, 0x0021, 0x0021, 0x0021, 0x0021, 0x0021,
  0x0021, 0x0021, 0x0021, 0x0021, 0x0021, 0x0000, 0x28C2, 0xB268, 0xA247, 0xA288, 0xAB2A, 0x9AC9,
  0x6984, 0xC3AC, 0xE40D, 0xDBAC, 0xB2E9, 0x7206, 0x38E3, 0x0841, 0x0000, 0x0000, 0x0000, 0x0021,
  0x0021, 0x0021, 0x0021, 0x0021, 0x0020, 0x0021, 0x0021, 0x0021, 0x0021, 0x0021, 0x0021, 0x0020,
  0x0000, 0x0000, 0x0000, 0x0000, 0x0021, 0x0041, 0x0021, 0x0021, 0x0021, 0x0020, 0x0020, 0x0021,
  0x0020, 0x0021, 0x0021, 0x0021, 0x0021, 0x0021, 0x0021, 0x0021, 0x0021, 0x0021, 0x0021, 0x0021,
  0x0021, 0x0021, 0x0021, 0x0021, 0x0021, 0x0021, 0x0021, 0x0021, 0x0021, 0x0021, 0x0021, 0x0021,
  0x0021, 0x0021, 0x0021, 0x0021, 0x0021, 0x0021, 0x0021, 0x0021, 0x0021, 0x0021, 0x0021, 0x0021,
  0x0021, 0x0021, 0x0021, 0x0021, 0x0021, 0x0021, 0x0021, 0x0021, 0x0021, 0x0021, 0x0021, 0x0021,
  0x0021, 0x0021, 0x0021, 0x0021, 0x0021, 0x0021, 0x0021, 0x0021, 0x0021, 0x0021, 0x0021, 0x0021,
  0x0021, 0x0021, 0x0021, 0x0021, 0x0021, 0x0021, 0x0021, 0x0021, 0x0021, 0x0021, 0x0021, 0x0021,
  0x0021, 0x0021, 0x0021, 0x0021, 0x0021, 0x0021, 0x0021, 0x0021, 0x0021, 0x0021, 0x0021, 0x0021,
  0x0021, 0x0021, 0x0021, 0x0021, 0x0021, 0x0021, 0x0021, 0x0021, 0x0020, 0x0021, 0x0021, 0x0021,
  0x0021, 0x0021, 0x0021, 0x0021, 0x0021, 0x0021, 0x0021, 0x0021, 0x0021, 0x0021, 0x0021, 0x0021,
  0x0021, 0x0021, 0x0021, 0x0021, 0x0021, 0x0021, 0x0021, 0x0021, 0x0021, 0x0000, 0x28A2, 0xA227,
  0xAA68, 0xBAA8, 0xB288, 0x7985, 0x6144, 0xAAA8, 0xA2E9, 0xB34B, 0xCBCD, 0xE40D, 0xE3ED, 0xCB4B,
  0x9268, 0x5165, 0x1882, 0x0000, 0x0000, 0x0000, 0x0020, 0x0021, 0x0021, 0x0021, 0x0021, 0x0021,
  0x0021, 0x0021, 0x0020, 0x0841, 0x944E, 0x942E, 0x4A27, 0x18E3, 0x0000, 0x0000, 0x0000, 0x0000,
  0x0021, 0x0021, 0x0021, 0x0021, 0x0021, 0x0021, 0x0021, 0x0020, 0x0021, 0x0021, 0x0021, 0x0021,
  0x0021, 0x0021, 0x0021, 0x0021, 0x0021, 0x0021, 0x0021, 0x0021, 0x0021, 0x0021, 0x0021, 0x0021,
  0x0021, 0x0021, 0x0021, 0x0021, 0x0021, 0x0021, 0x0021, 0x0021, 0x0021, 0x0021, 0x0021, 0x0021,
  0x0021, 0x0021, 0x0021, 0x0021, 0x0021, 0x0021, 0x0021, 0x0021, 0x0021, 0x0021, 0x0021, 0x0021,
  0x0021, 0x0021, 0x0021, 0x0021, 0x0021, 0x0021, 0x0021, 0x0021, 0x0021, 0x0021, 0x0021, 0x0021,
  0x0021, 0x0021, 0x0021, 0x0021, 0x0021, 0x0021, 0x0021, 0x0021, 0x0021, 0x0020, 0x0021, 0x0021,
  0x0021, 0x0021, 0x0021, 0x0021, 0x0021, 0x0021, 0x0021, 0x0021, 0x0021, 0x0021, 0x0021, 0x0021,
  0x0021, 0x0021, 0x0021, 0x0021, 0x0021, 0x0021, 0x0021, 0x0021, 0x0021, 0x0021, 0x0021, 0x0021,
  0x0021, 0x0021, 0x0021, 0x0021, 0x0021, 0x0021, 0x0021, 0x0021, 0x0021, 0x0021, 0x0021, 0x0021,
  0x0021, 0x0021, 0x0021, 0x0021, 0x0021, 0x0021, 0x0021, 0x0021, 0x0021, 0x0021, 0x0021, 0x0021,
  0x0021, 0x0000, 0x1861, 0x9A67, 0x8A06, 0x8A06, 0xBAC9, 0x89E6, 0x40E3, 0x5944, 0x7164, 0x9A06,
  0xA267, 0xA2C9, 0xAB2A, 0xC3AC, 0xDC0D, 0xE42E, 0xDBCC, 0xB2E9, 0x71E6, 0x30E3, 0x0841, 0x0000,
  0x0000, 0x0000, 0x0021, 0x0021, 0x0021, 0x0021, 0x0000, 0x83CD, 0xCDB3, 0xB512, 0xC5B3, 0xC593,
  0xA48F, 0x6B0A, 0x3185, 0x0841, 0x0000, 0x0000, 0x0000, 0x0021, 0x0041, 0x0021, 0x0021, 0x0020,
  0x0021, 0x0021, 0x0021, 0x0021, 0x0021, 0x0021, 0x0021, 0x0021, 0x0021, 0x0021, 0x0021, 0x0021,
  0x0021, 0x0021, 0x0021, 0x0021, 0x0021, 0x0021, 0x0021, 0x0021, 0x0021, 0x0021, 0x0021, 0x0021,
  0x0021, 0x0021, 0x0021, 0x0021, 0x0021, 0x0021, 0x0021, 0x0021, 0x0021, 0x0021, 0x0021, 0x0021,
  0x0021, 0x0021, 0x0021, 0x0021, 0x0020, 0x0021, 0x0021, 0x0021, 0x0021, 0x0021, 0x0021, 0x0021,
  0x0021, 0x0021, 0x0021, 0x0021, 0x0021, 0x0021, 0x0021, 0x0021, 0x0021, 0x0021, 0x0021, 0x0021,
  0x0021, 0x0021, 0x0021, 0x0021, 0x0021, 0x0021, 0x0021, 0x0021, 0x0021, 0x0021, 0x0021, 0x0021,
  0x0021, 0x0021, 0x0021, 0x0021, 0x0021, 0x0021, 0x0021, 0x0021, 0x0021, 0x0021, 0x0021, 0x0021,
  0x0020, 0x0021, 0x0021, 0x0021, 0x0021, 0x0021, 0x0021, 0x0021, 0x0021, 0x0021, 0x0021, 0x0021,
  0x0021, 0x0021, 0x0021, 0x0021, 0x0021, 0x0021, 0x0021, 0x0021, 0x0021, 0x0021, 0x0021, 0x0021,
  0x0021, 0x0021, 0x0021, 0x0021, 0x0021, 0x0000, 0x7227, 0xE3ED, 0x9AC9, 0x50E3, 0xB2A8, 0x9A26,
  0x30E3, 0x18E3, 0x2104, 0x2904, 0x4924, 0x6984, 0x89A5, 0xA226, 0xAA88, 0xAAE9, 0xB36B, 0xCBED,
  0xE42E, 0xE3ED, 0xC32A, 0x9268, 0x5165, 0x20A2, 0x0000, 0x0000, 0x0000, 0x0000, 0x630A, 0xE696,
  0x9C6F, 0x41A5, 0x83AC, 0x9C6F, 0xACF1, 0xC5B3, 0xCDD4, 0xB511, 0x83CD, 0x4A27, 0x18C2, 0x0000,
  0x0000, 0x0000, 0x0000, 0x0021, 0x0021, 0x0021, 0x0021, 0x0021, 0x0021, 0x0021, 0x0021, 0x0021,
  0x0021, 0x0021, 0x0021, 0x0021, 0x0021, 0x0021, 0x0021, 0x0021, 0x0021, 0x0021, 0x0021, 0x0021,
  0x0021, 0x0021, 0x0021, 0x0021, 0x0021, 0x0021, 0x0021, 0x0021, 0x0021, 0x0021, 0x0021, 0x0021,
  0x0021, 0x0021, 0x0021, 0x0021, 0x0021, 0x0021, 0x0021, 0x0021, 0x0021, 0x0021, 0x0021, 0x0021,
  0x0021, 0x0021, 0x0021, 0x0021, 0x0021, 0x0021, 0x0021, 0x0021, 0x0021, 0x0021, 0x0021, 0x0021,
  0x0021, 0x0021, 0x0021, 0x0021, 0x0021, 0x0021, 0x0021, 0x0021, 0x0021, 0x0021, 0x0021, 0x0021,
  0x0021, 0x0021, 0x0021, 0x0021, 0x0021, 0x0021, 0x0021, 0x0021, 0x0021, 0x0021, 0x0021, 0x0021,
  0x0021, 0x0021, 0x0021, 0x0021, 0x0021, 0x0021, 0x0021, 0x0021, 0x0021, 0x0021, 0x0021, 0x0021,
  0x0021, 0x0021, 0x0021, 0x0021, 0x0021, 0x0021, 0x0021, 0x0021, 0x0021, 0x0021, 0x0021, 0x0021,
  0x0021, 0x0021, 0x0021, 0x0021, 0x0020, 0x0021, 0x0021, 0x0021, 0x0000, 0x4985, 0xEBED, 0xBB6B,
  0x6164, 0x48E3, 0xAA68, 0x89E6, 0x20A2, 0x4124, 0x3965, 0x1945, 0x1904, 0x1104, 0x20E3, 0x3903,
  0x5944, 0x81A5, 0x9A06, 0xA247, 0x9A88, 0xAB2A, 0xCBAC, 0xD38B, 0xCB4B, 0xCB4A, 0xAA88, 0x7A27,
  0x30A2, 0x4207, 0xD615, 0xB532, 0x5248, 0x41E6, 0x5268, 0x62C9, 0x6AE9, 0x734B, 0x8C0E, 0xA4B0,
  0xBD73, 0xCDD4, 0xC573, 0x9C8F, 0x6AEA, 0x3165, 0x0841, 0x0000, 0x0000, 0x0000, 0x0021, 0x0021,
  0x0020, 0x0021, 0x0021, 0x0021, 0x0021, 0x0021, 0x0021, 0x0021, 0x0021, 0x0021, 0x0021, 0x0021,
  0x0021, 0x0021, 0x0021, 0x0021, 0x0021, 0x0021, 0x0021, 0x0021, 0x0021, 0x0021, 0x0021, 0x0021,
  0x0021, 0x0021, 0x0021, 0x0021, 0x0021, 0x0021, 0x0021, 0x0021, 0x0021, 0x0021, 0x0021, 0x0021,
  0x0021, 0x0021, 0x0021, 0x0021, 0x0021, 0x0021, 0x0021, 0x0021, 0x0021, 0x0021, 0x0021, 0x0021,
  0x0021, 0x0021, 0x0021, 0x0021, 0x0021, 0x0021, 0x0021, 0x0021, 0x0021, 0x0021, 0x0021, 0x0021,
  0x0021, 0x0021, 0x0021, 0x0021, 0x0021, 0x0021, 0x0021, 0x0021, 0x0021, 0x0021, 0x0021, 0x0021,
  0x0021, 0x0021, 0x0021, 0x0021, 0x0021, 0x0021, 0x0021, 0x0021, 0x0021, 0x0021, 0x0021, 0x0021,
  0x0021, 0x0021, 0x0021, 0x0021, 0x0021, 0x0021, 0x0021, 0x0021, 0x0021, 0x0021, 0x0021, 0x0021,
  0x0021, 0x0021, 0x0021, 0x0021, 0x0021, 0x0021, 0x0021, 0x0021, 0x0021, 0x0021, 0x0021, 0x0000,
  0x18A2, 0xD3CC, 0xD3ED, 0x79E6, 0x28C2, 0x4124, 0xA227, 0x79A5, 0x30C3, 0x1925, 0x2145, 0x2125,
  0x2145, 0x2145, 0x2145, 0x1924, 0x1104, 0x1904, 0x2904, 0x4923, 0x6144, 0x89C5, 0x91C5, 0x72A9,
  0x9C8F, 0x9BCD, 0xAB4B, 0xCB6B, 0xA34B, 0xBD73, 0xC593, 0x5A88, 0x4207, 0x736C, 0x6B0B, 0x62EA,
  0x62CA, 0x5A89, 0x5A88, 0x62C9, 0x732B, 0x83AC, 0x8C0E, 0xB511, 0xC593, 0xCDB4, 0xB532, 0x83CD,
  0x4A07, 0x18C3, 0x0000, 0x0000, 0x0021, 0x0020, 0x0021, 0x0021, 0x0021, 0x0021, 0x0021, 0x0021,
  0x0021, 0x0021, 0x0021, 0x0021, 0x0021, 0x0021, 0x0021, 0x0021, 0x0021, 0x0021, 0x0021, 0x0021,
  0x0021, 0x0021, 0x0021, 0x0021, 0x0021, 0x0021, 0x0021, 0x0021, 0x0021, 0x0021, 0x0021, 0x0021,
  0x0021, 0x0021, 0x0021, 0x0021, 0x0021, 0x0021, 0x0021, 0x0021, 0x0021, 0x0021, 0x0021, 0x0021,
  0x0021, 0x0021, 0x0021, 0x0021, 0x0021, 0x0021, 0x0021, 0x0021, 0x0021, 0x0021, 0x0021, 0x0021,
  0x0021, 0x0021, 0x0021, 0x0021, 0x0021, 0x0021, 0x0021, 0x0021, 0x0021, 0x0021, 0x0021, 0x0021,
  0x0021, 0x0021, 0x0021, 0x0021, 0x0021, 0x0021, 0x0021, 0x0021, 0x0021, 0x0021, 0x0021, 0x0021,
  0x0021, 0x0021, 0x0021, 0x0021, 0x0021, 0x0021, 0x0021, 0x0021, 0x0021, 0x0021, 0x0021, 0x0021,
  0x0021, 0x0021, 0x0021, 0x0021, 0x0021, 0x0021, 0x0021, 0x0021, 0x0021, 0x0021, 0x0020, 0x0020,
  0x0021, 0x0021, 0x0021, 0x0020, 0xAB0A, 0xE40D, 0x9289, 0x50E3, 0x1904, 0x4904, 0x89C5, 0x7185,
  0x3924, 0x2145, 0x2125, 0x2125, 0x2125, 0x2125, 0x2124, 0x2124, 0x2145, 0x2145, 0x2145, 0x1924,
  0x2924, 0x20E3, 0x41A5, 0xBD72, 0xC573, 0xAD11, 0xC5D4, 0x7B8C, 0xA4B0, 0xD615, 0x6B2B, 0x41C6,
  0x6B2B, 0x6B2C, 0x6B2B, 0x6B2B, 0x734C, 0x6B4C, 0x630B, 0x62EA, 0x5A89, 0x5A88, 0x5A88, 0x6B0A,
  0x7B6B, 0x942E, 0xA4B0, 0xBD52, 0xC593, 0xBD72, 0xA490, 0x2924, 0x0000, 0x0021, 0x0021, 0x0021,
  0x0021, 0x0021, 0x0021, 0x0021, 0x0021, 0x0021, 0x0021, 0x0021, 0x0021, 0x0021, 0x0021, 0x0021,
  0x0021, 0x0021, 0x0021, 0x0021, 0x0021, 0x0021, 0x0021, 0x0021, 0x0021, 0x0021, 0x0021, 0x0021,
  0x0021, 0x0021, 0x0021, 0x0021, 0x0021, 0x0021, 0x0021, 0x0021, 0x0021, 0x0021, 0x0021, 0x0021,
  0x0021, 0x0021, 0x0021, 0x0021, 0x0021, 0x0021, 0x0021, 0x0021, 0x0021, 0x0021, 0x0021, 0x0021,
  0x0021, 0x0021, 0x0021, 0x0021, 0x0021, 0x0021, 0x0021, 0x0021, 0x0021, 0x0021, 0x0021, 0x0021,
  0x0021, 0x0021, 0x0021, 0x0021, 0x0021, 0x0021, 0x0021, 0x0021, 0x0021, 0x0021, 0x0021, 0x0021,
  0x0021, 0x0021, 0x0021, 0x0021, 0x0021, 0x0021, 0x0021, 0x0021, 0x0021, 0x0021, 0x0021, 0x0021,
  0x0021, 0x0021, 0x0021, 0x0021, 0x0021, 0x0021, 0x0021, 0x0021, 0x0021, 0x0021, 0x0021, 0x0021,
  0x0021, 0x0021, 0x0021, 0x0021, 0x0021, 0x0021, 0x0000, 0x7227, 0xF42E, 0xAB2A, 0x5903, 0x2903,
  0x3903, 0x30C2, 0x91C5, 0x7985, 0x2082, 0x4944, 0x3965, 0x2145, 0x2125, 0x2125, 0x2124, 0x2125,
  0x2125, 0x2125, 0x2125, 0x2145, 0x4965, 0x3144, 0xA4D0, 0xD615, 0x62C9, 0x4A07, 0x6AEA, 0xA4D0,
  0xD5F4, 0x83AD, 0x39A5, 0x6B0B, 0x6B4C, 0x6B2B, 0x6B4C, 0x6B2B, 0x6B2B, 0x6B2C, 0x6B4C, 0x734C,
  0x6B4C, 0x6B0B, 0x62CA, 0x5AA9, 0x5A89, 0x5AA8, 0x62C9, 0x62C9, 0x9C6F, 0xBD72, 0xA490, 0x3165,
  0x0000, 0x0021, 0x0021, 0x0021, 0x0021, 0x0021, 0x0021, 0x0021, 0x0021, 0x0021, 0x0021, 0x0021,
  0x0021, 0x0021, 0x0021, 0x0021, 0x0021, 0x0021, 0x0021, 0x0021, 0x0021, 0x0021, 0x0021, 0x0021,
  0x0021, 0x0021, 0x0021, 0x0021, 0x0021, 0x0021, 0x0021, 0x0021, 0x0021, 0x0021, 0x0021, 0x0021,
  0x0021, 0x0021, 0x0021, 0x0021, 0x0021, 0x0021, 0x0021, 0x0021, 0x0021, 0x0021, 0x0021, 0x0021,
  0x0021, 0x0021, 0x0021, 0x0021, 0x0021, 0x0021, 0x0021, 0x0021, 0x0021, 0x0021, 0x0021, 0x0021,
  0x0021, 0x0021, 0x0021, 0x0021, 0x0021, 0x0021, 0x0021, 0x0021, 0x0021, 0x0021, 0x0021, 0x0021,
  0x0021, 0x0021, 0x0020, 0x0021, 0x0021, 0x0021, 0x0021, 0x0021, 0x0021, 0x0021, 0x0021, 0x0021,
  0x0021, 0x0021, 0x0021, 0x0021, 0x0021, 0x0021, 0x0021, 0x0021, 0x0021, 0x0021, 0x0021, 0x0021,
  0x0021, 0x0021, 0x0021, 0x0021, 0x0020, 0x0021, 0x0021, 0x0020, 0x0021, 0x0000, 0x3944, 0xEC0D,
  0xC3CC, 0x7185, 0x20C3, 0x10C3, 0x18A2, 0x4185, 0x7226, 0x5964, 0x2924, 0x1082, 0x18C3, 0x2125,
  0x2145, 0x2145, 0x2145, 0x2125, 0x2125, 0x2125, 0x2145, 0x2145, 0x10C3, 0x942F, 0xDE55, 0x736B,
  0x39C6, 0x5AA9, 0x7B8C, 0xD615, 0x9C90, 0x39A5, 0x62CA, 0x734C, 0x6B2B, 0x6B2B, 0x6B2B, 0x6B2B,
  0x6B2B, 0x6B2C, 0x6B2C, 0x6B2B, 0x6B2C, 0x6B2B, 0x6B2C, 0x6B2B, 0x6B0B, 0x62EB, 0x5269, 0x83ED,
  0xD5F4, 0xACD0, 0x62A9, 0x3144, 0x0000, 0x0021, 0x0021, 0x0021, 0x0021, 0x0021, 0x0021, 0x0021,
  0x0021, 0x0021, 0x0021, 0x0021, 0x0021, 0x0021, 0x0021, 0x0021, 0x0021, 0x0021, 0x0021, 0x0021,
  0x0021, 0x0021, 0x0021, 0x0021, 0x0021, 0x0021, 0x0020, 0x0021, 0x0021, 0x0021, 0x0021, 0x0021,
  0x0021, 0x0021, 0x0021, 0x0021, 0x0021, 0x0021, 0x0021, 0x0021, 0x0021, 0x0021, 0x0021, 0x0021,
  0x0021, 0x0021, 0x0021, 0x0021, 0x0021, 0x0021, 0x0021, 0x0021, 0x0021, 0x0021, 0x0021, 0x0021,
  0x0021, 0x0021, 0x0021, 0x0021, 0x0021, 0x0021, 0x0021, 0x0021, 0x0021, 0x0021, 0x0021, 0x0021,
  0x0021, 0x0021, 0x0021, 0x0021, 0x0021, 0x0021, 0x0021, 0x0021, 0x0021, 0x0021, 0x0021, 0x0021,
  0x0021, 0x0021, 0x0021, 0x0021, 0x0021, 0x0021, 0x0021, 0x0021, 0x0021, 0x0021, 0x0021, 0x0021,
  0x0021, 0x0021, 0x0021, 0x0021, 0x0021, 0x0021, 0x0021, 0x0021, 0x0021, 0x0020, 0x0021, 0x0021,
  0x0000, 0x1081, 0xCB8C, 0xDC0D, 0x8A27, 0x30A2, 0x10E3, 0x1904, 0x28A2, 0x49A5, 0x7B8B, 0x5A88,
  0x838B, 0x7B4B, 0x62EA, 0x41E6, 0x2104, 0x18E3, 0x1904, 0x2125, 0x2145, 0x2145, 0x2965, 0x10C3,
  0x734B, 0xDE35, 0x944F, 0x39A5, 0x5AA9, 0x736C, 0xCDD4, 0xA4B0, 0x41E6, 0x5AA9, 0x734C, 0x6B0B,
  0x6B2B, 0x6B2B, 0x6B2B, 0x6B2B, 0x6B2C, 0x6B4C, 0x6B4C, 0x6B2C, 0x6B4C, 0x6B2B, 0x6B2B, 0x6B0B,
  0x6B0B, 0x62EA, 0x83CD, 0xCDF4, 0xBD52, 0x62C9, 0x5247, 0x0861, 0x0020, 0x0021, 0x0021, 0x0021,
  0x0021, 0x0020, 0x0021, 0x0021, 0x0021, 0x0021, 0x0021, 0x0021, 0x0021, 0x0021, 0x0021, 0x0021,
  0x0021, 0x0021, 0x0021, 0x0021, 0x0021, 0x0021, 0x0021, 0x0021, 0x0021, 0x0021, 0x0021, 0x0021,
  0x0021, 0x0021, 0x0021, 0x0021, 0x0021, 0x0021, 0x0021, 0x0021, 0x0021, 0x0021, 0x0021, 0x0021,
  0x0021, 0x0021, 0x0021, 0x0021, 0x0021, 0x0021, 0x0021, 0x0021, 0x0021, 0x0021, 0x0021, 0x0021,
  0x0021, 0x0021, 0x0021, 0x0021, 0x0021, 0x0021, 0x0021, 0x0021, 0x0021, 0x0021, 0x0021, 0x0021,
  0x0021, 0x0021, 0x0021, 0x0021, 0x0021, 0x0021, 0x0021, 0x0021, 0x0021, 0x0021, 0x0021, 0x0021,
  0x0021, 0x0021, 0x0021, 0x0021, 0x0021, 0x0021, 0x0021, 0x0021, 0x0021, 0x0021, 0x0021, 0x0021,
  0x0021, 0x0021, 0x0021, 0x0021, 0x0021, 0x0021, 0x0021, 0x0021, 0x0021, 0x0021, 0x0021, 0x0021,
  0x0021, 0x0021, 0x0021, 0x0021, 0x0000, 0x92A9, 0xEC2E, 0x9AC9, 0x48E3, 0x10C3, 0x18E3, 0x18E3,
  0x0862, 0x5247, 0x3185, 0x2124, 0x3185, 0x5A88, 0x83CC, 0x942D, 0x940D, 0x734B, 0x4A27, 0x2945,
  0x18E3, 0x1904, 0x10C3, 0x5289, 0xD635, 0xACF1, 0x41E6, 0x62EA, 0x734C, 0xBD32, 0xC593, 0x7B8C,
  0x5248, 0x630B, 0x62EA, 0x6B2B, 0x6B2C, 0x6B4C, 0x734C, 0x6B4C, 0x6B2C, 0x6B4C, 0x6B2C, 0x6B2B,
  0x6B2C, 0x6B2B, 0x6B2B, 0x6B2B, 0x630B, 0x734C, 0xC593, 0xC5B4, 0x734B, 0x5227, 0x5A68, 0x18C2,
  0x0000, 0x0000, 0x0000, 0x0020, 0x0021, 0x0021, 0x0021, 0x0021, 0x0021, 0x0021, 0x0021, 0x0021,
  0x0021, 0x0021, 0x0021, 0x0021, 0x0021, 0x0021, 0x0021, 0x0021, 0x0021, 0x0020, 0x0021, 0x0021,
  0x0021, 0x0021, 0x0021, 0x0021, 0x0021, 0x0021, 0x0021, 0x0021, 0x0021, 0x0021, 0x0021, 0x0021,
  0x0021, 0x0021, 0x0021, 0x0021, 0x0021, 0x0021, 0x0021, 0x0021, 0x0021, 0x0021, 0x0021, 0x0021,
  0x0021, 0x0021, 0x0021, 0x0021, 0x0021, 0x0021, 0x0021, 0x0021, 0x0021, 0x0021, 0x0021, 0x0021,
  0x0021, 0x0021, 0x0021, 0x0021, 0x0021, 0x0021, 0x0021, 0x0021, 0x0021, 0x0021, 0x0021, 0x0021,
  0x0021, 0x0021, 0x0021, 0x0021, 0x0021, 0x0021, 0x0021, 0x0021, 0x0021, 0x0021, 0x0021, 0x0021,
  0x0021, 0x0021, 0x0021, 0x0021, 0x0021, 0x0021, 0x0021, 0x0021, 0x0021, 0x0021, 0x0021, 0x0021,
  0x0021, 0x0021, 0x0021, 0x0021, 0x0021, 0x0021, 0x0021, 0x0000, 0x61C6, 0xEC0D, 0xB36B, 0x6103,
  0x18C3, 0x18E3, 0x18E4, 0x0882, 0x4A07, 0x5A88, 0x18E4, 0x2145, 0x2966, 0x2145, 0x5A89, 0x9C2E,
  0x8BED, 0x940E, 0x9C4E, 0x942E, 0x838C, 0x5268, 0x41E7, 0xCDD4, 0xC593, 0x4A27, 0x5A89, 0x62EB,
  0x7B8C, 0xB511, 0xBD52, 0xCDF4, 0xC5B4, 0xA48F, 0x83AD, 0x734B, 0x630B, 0x62EB, 0x6B2B, 0x6B4C,
  0x6B4C, 0x6B2C, 0x6B2B, 0x6B2B, 0x6B2C, 0x6B2B, 0x6B2B, 0x6B2B, 0x62EA, 0xB532, 0xD615, 0x83AD,
  0x5247, 0x5A68, 0x736B, 0x71A5, 0x7985, 0x4923, 0x28A2, 0x0021, 0x0000, 0x0000, 0x0000, 0x0021,
  0x0021, 0x0021, 0x0021, 0x0021, 0x0020, 0x0021, 0x0021, 0x0021, 0x0021, 0x0021, 0x0021, 0x0020,
  0x0021, 0x0021, 0x0021, 0x0021, 0x0021, 0x0021, 0x0021, 0x0021, 0x0021, 0x0021, 0x0021, 0x0021,
  0x0021, 0x0021, 0x0021, 0x0021, 0x0021, 0x0021, 0x0021, 0x0021, 0x0021, 0x0021, 0x0021, 0x0021,
  0x0021, 0x0021, 0x0021, 0x0021, 0x0021, 0x0021, 0x0021, 0x0021, 0x0021, 0x0021, 0x0021, 0x0021,
  0x0021, 0x0021, 0x0021, 0x0021, 0x0021, 0x0021, 0x0021, 0x0021, 0x0021, 0x0021, 0x0021, 0x0021,
  0x0021, 0x0021, 0x0021, 0x0021, 0x0021, 0x0021, 0x0021, 0x0021, 0x0021, 0x0021, 0x0021, 0x0021,
  0x0021, 0x0021, 0x0021, 0x0021, 0x0021, 0x0021, 0x0021, 0x0021, 0x0021, 0x0021, 0x0021, 0x0021,
  0x0021, 0x0021, 0x0021, 0x0021, 0x0021, 0x0021, 0x0021, 0x0021, 0x0021, 0x0021, 0x0000, 0x1882,
  0xB2E9, 0xBB6B, 0x79A5, 0x20A2, 0x10E3, 0x18E3, 0x10C3, 0x3165, 0x6AE9, 0x1904, 0x31C7, 0x31A6,
  0x31A6, 0x5269, 0xCDF4, 0xDE55, 0xCDD3, 0xBD52, 0x9C6F, 0x8BED, 0x942E, 0x7B6B, 0xA4B0, 0xBD73,
  0x5268, 0x4A07, 0x736C, 0x5ACA, 0x7B6B, 0x940D, 0x8C0E, 0x944F, 0x9C8F, 0xBD52, 0xC5B3, 0xC593,
  0xB532, 0x944F, 0x736C, 0x630B, 0x62EA, 0x630B, 0x6B0B, 0x6B2B, 0x734C, 0x6B4C, 0x6B2C, 0x5ACA,
  0xA4B0, 0xD5F4, 0x942F, 0x5267, 0x5248, 0x83AC, 0x6B0A, 0x59C6, 0x8A06, 0xA268, 0xD34A, 0xBB0A,
  0x8A47, 0x4944, 0x1861, 0x0000, 0x0000, 0x0000, 0x0020, 0x0021, 0x0021, 0x0021, 0x0021, 0x0021,
  0x0021, 0x0021, 0x0020, 0x0021, 0x0021, 0x0021, 0x0021, 0x0021, 0x0021, 0x0021, 0x0021, 0x0021,
  0x0021, 0x0021, 0x0021, 0x0021, 0x0021, 0x0021, 0x0021, 0x0021, 0x0021, 0x0021, 0x0021, 0x0021,
  0x0021, 0x0021, 0x0021, 0x0021, 0x0021, 0x0021, 0x0021, 0x0021, 0x0021, 0x0021, 0x0021, 0x0021,
  0x0021, 0x0021, 0x0021, 0x0021, 0x0021, 0x0021, 0x0021, 0x0021, 0x0021, 0x0021, 0x0021, 0x0021,
  0x0021, 0x0021, 0x0021, 0x0021, 0x0021, 0x0021, 0x0021, 0x0021, 0x0021, 0x0021, 0x0021, 0x0021,
  0x0021, 0x0021, 0x0021, 0x0021, 0x0021, 0x0021, 0x0021, 0x0021, 0x0021, 0x0021, 0x0021, 0x0021,
  0x0021, 0x0021, 0x0021, 0x0021, 0x0021, 0x0021, 0x0021, 0x0021, 0x0021, 0x0021, 0x0021, 0x0020,
  0x0021, 0x0020, 0x0841, 0xA2C9, 0xB32A, 0x71C5, 0x40C3, 0x10E3, 0x18E3, 0x18E3, 0x18E3, 0x732A,
  0x2945, 0x39A6, 0x39A6, 0x31A6, 0x4228, 0xB511, 0xD635, 0xCDB3, 0xD5F4, 0xDE35, 0xDE35, 0xDE55,
  0x9C6F, 0x942E, 0xC593, 0x9C8F, 0x62C9, 0x6B4C, 0x62EA, 0x62CA, 0x5268, 0x6B0A, 0x732A, 0x7B6B,
  0x838B, 0x8BCD, 0x940E, 0x9C90, 0xAD11, 0xBD93, 0xC5D4, 0xC593, 0xA490, 0x83AD, 0x6B2B, 0x62EA,
  0x630B, 0x6B2B, 0x62EB, 0x944F, 0xD615, 0xA4B0, 0x5A88, 0x4A27, 0x7B6B, 0x83AC, 0x5A88, 0x8C0D,
  0xB531, 0xA48F, 0xA3ED, 0xAB6B, 0xCB6B, 0xD36B, 0xCB4A, 0xAAC9, 0x69A5, 0x30C2, 0x0821, 0x0000,
  0x0000, 0x0000, 0x0021, 0x0021, 0x0021, 0x0021, 0x0020, 0x0021, 0x0020, 0x0021, 0x0021, 0x0021,
  0x0021, 0x0021, 0x0021, 0x0021, 0x0021, 0x0021, 0x0021, 0x0021, 0x0021, 0x0021, 0x0021, 0x0021,
  0x0021, 0x0021, 0x0021, 0x0021, 0x0021, 0x0021, 0x0021, 0x0021, 0x0021, 0x0021, 0x0021, 0x0021,
  0x0021, 0x0021, 0x0021, 0x0021, 0x0021, 0x0021, 0x0021, 0x0021, 0x0021, 0x0021, 0x0021, 0x0021,
  0x0021, 0x0021, 0x0021, 0x0021, 0x0021, 0x0021, 0x0021, 0x0021, 0x0021, 0x0021, 0x0021, 0x0021,
  0x0021, 0x0021, 0x0021, 0x0021, 0x0021, 0x0021, 0x0021, 0x0021, 0x0021, 0x0021, 0x0021, 0x0021,
  0x0021, 0x0021, 0x0021, 0x0021, 0x0021, 0x0021, 0x0021, 0x0021, 0x0021, 0x0021, 0x0021, 0x0021,
  0x0021, 0x0020, 0x0021, 0x0020, 0x0021, 0x0000, 0x8247, 0xF44E, 0xAB2B, 0x40C2, 0x10E3, 0x18E4,
  0x18E4, 0x0882, 0x62C9, 0x4207, 0x2945, 0x8206, 0x41A6, 0x31C7, 0x83CD, 0xD614, 0xD5F4, 0xD615,
  0xD615, 0xD615, 0xD5F4, 0xD614, 0x83CC, 0x944F, 0xAD12, 0xBD73, 0xC5B3, 0xBD52, 0x9C6F, 0x83CD,
  0x6B0B, 0xA46F, 0x8BED, 0x732A, 0x6B0A, 0x730A, 0x7BAC, 0x72E9, 0x6A06, 0x82A8, 0x8BAC, 0xA4D1,
  0xBD73, 0xC5B3, 0xC5B3, 0xB511, 0x942E, 0x6B0B, 0x83AD, 0xCDF4, 0xB532, 0x62C9, 0x4A06, 0x6B09,
  0x8BEC, 0x5A68, 0x3985, 0x62A9, 0x942E, 0xACF1, 0xC5B4, 0xB572, 0xACF1, 0x9C0E, 0xA38C, 0xBB8C,
  0xDBCD, 0xE3ED, 0xC36B, 0x8A68, 0x5164, 0x1882, 0x0000, 0x0000, 0x0000, 0x0020, 0x0021, 0x0021,
  0x0021, 0x0000, 0x0000, 0x0000, 0x0021, 0x0021, 0x0021, 0x0020, 0x0021, 0x0021, 0x0021, 0x0021,
  0x0021, 0x0021, 0x0021, 0x0021, 0x0021, 0x0021, 0x0021, 0x0021, 0x0021, 0x0021, 0x0021, 0x0021,
  0x0021, 0x0021, 0x0021, 0x0021, 0x0021, 0x0021, 0x0021, 0x0021, 0x0021, 0x0021, 0x0021, 0x0021,
  0x0021, 0x0021, 0x0021, 0x0021, 0x0021, 0x0021, 0x0021, 0x0021, 0x0021, 0x0021, 0x0021, 0x0021,
  0x0021, 0x0021, 0x0020, 0x0021, 0x0021, 0x0021, 0x0021, 0x0020, 0x0021, 0x0021, 0x0021, 0x0021,
  0x0021, 0x0021, 0x0021, 0x0021, 0x0021, 0x0021, 0x0021, 0x0021, 0x0021, 0x0021, 0x0021, 0x0021,
  0x0021, 0x0021, 0x0021, 0x0021, 0x0021, 0x0020, 0x0020, 0x0021, 0x0000, 0x4144, 0xEC0D, 0xBB8C,
  0x6144, 0x30A2, 0x1904, 0x2104, 0x10A3, 0x4A07, 0x62C9, 0x2124, 0x39E7, 0x3185, 0x31A6, 0x6B2B,
  0xD615, 0xD5F4, 0xD5F4, 0xD5F4, 0xD615, 0xD615, 0xD615, 0xD615, 0x8BED, 0x838C, 0x83AC, 0x7B8C,
  0x8C0E, 0xA4B0, 0xBD32, 0xCDF4, 0xA4B0, 0xBD52, 0xCDD4, 0xC592, 0xB531, 0x944E, 0x6206, 0x7A06,
  0x82C9, 0x8AA8, 0xA2A8, 0x7AA8, 0x736B, 0x8BED, 0xA4B0, 0xBD52, 0xCDB3, 0xC593, 0xC5B3, 0xB532,
  0x62E9, 0x5227, 0x62A9, 0x8BED, 0x5A88, 0x41C6, 0x5269, 0x5AA9, 0x5A89, 0x5268, 0x6AEA, 0x838C,
  0x9C4F, 0xB552, 0xC5D4, 0x6B0A, 0x79C6, 0xB34B, 0xBB8C, 0xD3ED, 0xE40D, 0xDBAC, 0xAAE9, 0x71C6,
  0x30E3, 0x0841, 0x0000, 0x0000, 0x0000, 0x3124, 0x4964, 0x1061, 0x0000, 0x0000, 0x0000, 0x0021,
  0x0021, 0x0021, 0x0021, 0x0021, 0x0021, 0x0021, 0x0021, 0x0021, 0x0021, 0x0021, 0x0021, 0x0021,
  0x0021, 0x0021, 0x0021, 0x0021, 0x0021, 0x0021, 0x0021, 0x0021, 0x0021, 0x0021, 0x0021, 0x0021,
  0x0021, 0x0021, 0x0021, 0x0021, 0x0021, 0x0021, 0x0021, 0x0021, 0x0021, 0x0021, 0x0021, 0x0021,
  0x0021, 0x0021, 0x0021, 0x0021, 0x0021, 0x0021, 0x0021, 0x0021, 0x0021, 0x0021, 0x0021, 0x0021,
  0x0021, 0x0021, 0x0021, 0x0021, 0x0021, 0x0021, 0x0021, 0x0021, 0x0021, 0x0021, 0x0021, 0x0021,
  0x0021, 0x0021, 0x0021, 0x0021, 0x0021, 0x0021, 0x0021, 0x0020, 0x0021, 0x0021, 0x0021, 0x0000,
  0x1882, 0xD38C, 0xD40D, 0x71C6, 0x28A2, 0x3903, 0x18E3, 0x10C3, 0x2945, 0x732A, 0x2124, 0x31C6,
  0x31A6, 0x39E7, 0x5269, 0xC592, 0xD614, 0xD614, 0xD615, 0xD614, 0xD614, 0xD615, 0xD5F4, 0xDE35,
  0x9C8F, 0x62C9, 0x6AC9, 0x6B0A, 0x7B4B, 0x7B6B, 0x83AC, 0x940E, 0x83CD, 0x9C6F, 0xBD32, 0xBD52,
  0xCDB3, 0xBD52, 0x71E6, 0x8BED, 0xC5B3, 0xB552, 0x93CC, 0x8A27, 0x7288, 0x83CC, 0x8BCC, 0x83AC,
  0x83AC, 0x944F, 0xACF1, 0x83AD, 0x4A06, 0x5A68, 0x8BCC, 0x730A, 0x39C6, 0x4A48, 0x6B2B, 0x734C,
  0x734C, 0x6B2B, 0x6B0B, 0x5248, 0x7B8C, 0xC593, 0x9C6F, 0x5247, 0x5923, 0x8164, 0x9A06, 0xA268,
  0xAAE9, 0xB36B, 0xCBCD, 0xDBED, 0xDBAC, 0xC34B, 0x9268, 0x5124, 0x20C2, 0xC3AC, 0xE3ED, 0xC38B,
  0x9AE9, 0x59E6, 0x20C2, 0x0020, 0x0021, 0x0021, 0x0021, 0x0021, 0x0021, 0x0021, 0x0021, 0x0021,
  0x0021, 0x0020, 0x0021, 0x0021, 0x0021, 0x0021, 0x0021, 0x0021, 0x0021, 0x0021, 0x0021, 0x0021,
  0x0021, 0x0021, 0x0021, 0x0021, 0x0021, 0x0021, 0x0021, 0x0021, 0x0021, 0x0021, 0x0021, 0x0021,
  0x0021, 0x0020, 0x0021, 0x0021, 0x0021, 0x0021, 0x0021, 0x0021, 0x0021, 0x0021, 0x0021, 0x0021,
  0x0021, 0x0021, 0x0021, 0x0021, 0x0021, 0x0021, 0x0021, 0x0021, 0x0021, 0x0021, 0x0021, 0x0021,
  0x0021, 0x0021, 0x0021, 0x0021, 0x0021, 0x0021, 0x0021, 0x0021, 0x0020, 0x0021, 0x0021, 0x0021,
  0x0021, 0x0021, 0x0021, 0x0000, 0xA2A9, 0xEC2E, 0x9AA9, 0x40C2, 0x3904, 0x40E3, 0x18E3, 0x10A3,
  0x734B, 0x3186, 0x2986, 0x31A6, 0x31A6, 0x39E7, 0xACD0, 0xDE55, 0xCDF4, 0xD614, 0xD635, 0xD635,
  0xD615, 0xD614, 0xD5F4, 0xDE55, 0xB512, 0xACB0, 0xB511, 0x9C4F, 0x7B6B, 0x62C9, 0x6B0A, 0x732A,
  0x838C, 0x8BED, 0x8BED, 0x940E, 0xA4B0, 0x9C2E, 0x61C6, 0xBD72, 0xC593, 0xC593, 0xC5B3, 0x93AC,
  0x7164, 0x62C9, 0x6B0A, 0x732A, 0x7B8B, 0x838C, 0x838C, 0x5A68, 0x5227, 0x838B, 0x7B4B, 0x4207,
  0x4A48, 0x6B2B, 0x734C, 0x6B4C, 0x6B2B, 0x734C, 0x6B0B, 0x7B8D, 0xCDF4, 0xB552, 0x62A9, 0x39A5,
  0x10C3, 0x10A3, 0x30E3, 0x6144, 0x81A5, 0x91E6, 0x9A27, 0xA288, 0xB32A, 0xBB6B, 0xDBCC, 0xBB4A,
  0xB3AC, 0xE3CC, 0xD36B, 0xD36B, 0xE3AC, 0xEC6F, 0x7A47, 0x0000, 0x0021, 0x0021, 0x0021, 0x0021,
  0x0021, 0x0021, 0x0021, 0x0021, 0x0021, 0x0021, 0x0021, 0x0021, 0x0021, 0x0021, 0x0021, 0x0021,
  0x0021, 0x0021, 0x0021, 0x0021, 0x0021, 0x0021, 0x0021, 0x0021, 0x0021, 0x0021, 0x0021, 0x0021,
  0x0021, 0x0021, 0x0021, 0x0021, 0x0021, 0x0021, 0x0021, 0x0021, 0x0021, 0x0021, 0x0021, 0x0021,
  0x0021, 0x0021, 0x0021, 0x0021, 0x0021, 0x0021, 0x0021, 0x0021, 0x0021, 0x0021, 0x0021, 0x0021,
  0x0021, 0x0021, 0x0021, 0x0021, 0x0021, 0x0021, 0x0021, 0x0021, 0x0021, 0x0021, 0x0021, 0x0021,
  0x0021, 0x0021, 0x0021, 0x0021, 0x0020, 0x0021, 0x0000, 0x61C6, 0xEC2D, 0xAB4B, 0x5903, 0x10E3,
  0x18C3, 0x38E3, 0x10C3, 0x62A9, 0x4A27, 0x2145, 0x39C7, 0x31A6, 0x31C7, 0x83CD, 0xDE55, 0xD5F4,
  0xD614, 0xD615, 0xD635, 0xD635, 0xD614, 0xD614, 0xD5F4, 0xDE55, 0xACD1, 0xB511, 0xC593, 0xA4B0,
  0xB531, 0xBD52, 0xACF1, 0x8BED, 0x732A, 0x6AE9, 0x6B0A, 0x838C, 0x83AC, 0x7B4B, 0x69C6, 0xB532,
  0xC5B3, 0xBD52, 0xC593, 0xBD52, 0x7164, 0x8B8C, 0xC593, 0x9C4E, 0x7B8B, 0x6B0A, 0x6B0A, 0x5227,
  0x7B6B, 0x7B6B, 0x41E6, 0x4A28, 0x6B0B, 0x734C, 0x734C, 0x6B4C, 0x734C, 0x6B2C, 0x6B2B, 0xBD52,
  0xC5B4, 0x6B2B, 0x5227, 0x3185, 0x10C3, 0x2104, 0x1904, 0x1104, 0x10E3, 0x28E3, 0x4924, 0x7185,
  0x89C5, 0x9A06, 0x9A47, 0x7206, 0xB34B, 0xB38C, 0xCBCC, 0xD3CC, 0xDBED, 0xAB4B, 0x6923, 0x0020,
  0x0021, 0x0021, 0x0021, 0x0021, 0x0021, 0x0021, 0x0021, 0x0021, 0x0021, 0x0021, 0x0021, 0x0021,
  0x0021, 0x0021, 0x0021, 0x0021, 0x0021, 0x0021, 0x0021, 0x0021, 0x0021, 0x0021, 0x0021, 0x0021,
  0x0021, 0x0021, 0x0021, 0x0021, 0x0021, 0x0021, 0x0021, 0x0021, 0x0021, 0x0021, 0x0021, 0x0021,
  0x0021, 0x0021, 0x0021, 0x0021, 0x0021, 0x0021, 0x0021, 0x0021, 0x0021, 0x0021, 0x0021, 0x0021,
  0x0021, 0x0021, 0x0021, 0x0021, 0x0021, 0x0021, 0x0021, 0x0021, 0x0021, 0x0021, 0x0021, 0x0021,
  0x0021, 0x0021, 0x0021, 0x0021, 0x0021, 0x0021, 0x0021, 0x0020, 0x0021, 0x0000, 0x30E3, 0xE3CC,
  0xC3CD, 0x7185, 0x20A2, 0x1904, 0x2104, 0x2882, 0x41E6, 0x6B0A, 0x1904, 0x39E7, 0x31A6, 0x31C6,
  0x62EA, 0xD5F4, 0xD615, 0xD615, 0xD615, 0xD614, 0xD615, 0xD615, 0xD615, 0xD614, 0xD5F4, 0xDE35,
  0xACD0, 0xBD52, 0xBD52, 0x62A9, 0x5AA9, 0x83AC, 0xA4B0, 0xBD31, 0xBD72, 0xACF0, 0x9C4E, 0x7B6B,
  0x6AE9, 0x6B2A, 0x69E6, 0x930A, 0xBD72, 0xC572, 0xCDD4, 0xBD72, 0x6164, 0x838C, 0xD615, 0xCDB3,
  0xC593, 0xC573, 0x942E, 0x732A, 0x8BCC, 0x5247, 0x41E6, 0x62CA, 0x734C, 0x734C, 0x6B4C, 0x6B4C,
  0x734C, 0x62EA, 0xAD11, 0xD5F4, 0x7B8C, 0x4A06, 0x6AC9, 0x5247, 0x10A2, 0x1904, 0x2124, 0x2124,
  0x2125, 0x2125, 0x1904, 0x1104, 0x18C3, 0x3924, 0x5944, 0x6985, 0xB267, 0xAA47, 0xA2A8, 0xB30A,
  0x9B2A, 0x89C5, 0x7164, 0x0000, 0x0021, 0x0020, 0x0021, 0x0021, 0x0021, 0x0021, 0x0021, 0x0021,
  0x0020, 0x0020, 0x0021, 0x0021, 0x0021, 0x0021, 0x0021, 0x0021, 0x0021, 0x0021, 0x0021, 0x0021,
  0x0021, 0x0021, 0x0021, 0x0021, 0x0021, 0x0021, 0x0021, 0x0021, 0x0021, 0x0021, 0x0021, 0x0021,
  0x0021, 0x0021, 0x0021, 0x0020, 0x0021, 0x0021, 0x0021, 0x0021, 0x0021, 0x0021, 0x0021, 0x0021,
  0x0021, 0x0021, 0x0021, 0x0021, 0x0021, 0x0021, 0x0021, 0x0021, 0x0021, 0x0021, 0x0021, 0x0021,
  0x0021, 0x0021, 0x0021, 0x0021, 0x0021, 0x0021, 0x0021, 0x0021, 0x0021, 0x0020, 0x0021, 0x0021,
  0x0000, 0x0841, 0xBB2A, 0xDC0D, 0x8A27, 0x30A2, 0x10E3, 0x18E3, 0x18C3, 0x28E3, 0x732A, 0x2945,
  0x49C7, 0x31A6, 0x31C7, 0x4A28, 0xBD52, 0xDE35, 0xD5F4, 0xD614, 0xD614, 0xD614, 0xD614, 0xD615,
  0xD615, 0xD615, 0xD5F4, 0xDE35, 0xACF1, 0xBD52, 0xBD52, 0x5A68, 0x0000, 0x0841, 0x2923, 0x4A27,
  0x736B, 0x940E, 0xB511, 0xCDB3, 0xBD32, 0xACD0, 0x838B, 0x71E6, 0x82C9, 0xACAF, 0xACD0, 0x8B0A,
  0x5985, 0x83AC, 0xA4B0, 0xACF0, 0xBD72, 0xCDB3, 0xBD32, 0x732A, 0x5A68, 0x41E6, 0x5269, 0x62EB,
  0x6B4C, 0x734C, 0x734C, 0x736C, 0x62EB, 0x9C6F, 0xCDD4, 0x942E, 0x5227, 0x5247, 0x93ED, 0x5247,
  0x10A3, 0x18E4, 0x1904, 0x2124, 0x2124, 0x2124, 0x2124, 0x2125, 0x3165, 0x5185, 0x08E4, 0x5185,
  0xB288, 0xA227, 0xB247, 0xB288, 0x8A06, 0x89A5, 0x7164, 0x0000, 0x0021, 0x0021, 0x0021, 0x0021,
  0x0021, 0x0021, 0x0021, 0x0021, 0x0020, 0x0021, 0x0021, 0x0021, 0x0021, 0x0021, 0x0021, 0x0021,
  0x0021, 0x0021, 0x0021, 0x0021, 0x0021, 0x0021, 0x0021, 0x0021, 0x0021, 0x0021, 0x0021, 0x0020,
  0x0021, 0x0021, 0x0021, 0x0021, 0x0021, 0x0021, 0x0021, 0x0021, 0x0021, 0x0021, 0x0021, 0x0021,
  0x0021, 0x0021, 0x0021, 0x0021, 0x0021, 0x0021, 0x0021, 0x0021, 0x0021, 0x0021, 0x0021, 0x0021,
  0x0021, 0x0021, 0x0021, 0x0021, 0x0021, 0x0021, 0x0021, 0x0021, 0x0021, 0x0021, 0x0021, 0x0021,
  0x0021, 0x0020, 0x0020, 0x0021, 0x0000, 0x8A47, 0xEC4E, 0xA2EA, 0x50E3, 0x10C3, 0x18E3, 0x18E3,
  0x10C3, 0x734B, 0x39A6, 0x2965, 0x81E6, 0x4186, 0x31A6, 0x9C4F, 0xDE35, 0xD5F4, 0xD615, 0xD614,
  0xD614, 0xD615, 0xD615, 0xD615, 0xD615, 0xD614, 0xD5F4, 0xDE35, 0xACF1, 0xB531, 0xBD32, 0x62A9,
  0x0820, 0x0000, 0x0000, 0x0000, 0x0020, 0x3985, 0x7B4B, 0xC593, 0xC5B3, 0xB511, 0xB4F0, 0xA4B0,
  0x830A, 0x7A47, 0x69E6, 0x5164, 0x5227, 0x7B6B, 0x7B8B, 0x83AC, 0x8BED, 0x9C4F, 0x9C6F, 0x62A9,
  0x942E, 0xACF1, 0x944F, 0x7B6C, 0x62EA, 0x62EA, 0x6B0B, 0x6B0B, 0x8C0E, 0xD5F4, 0xA4D0, 0x5A68,
  0x4A06, 0x7B6B, 0x8BCC, 0x4A07, 0x10A3, 0x18E3, 0x1904, 0x2124, 0x2124, 0x2124, 0x2124, 0x2125,
  0x2945, 0x3104, 0x1945, 0x5185, 0x8A06, 0xA288, 0x8206, 0x9A27, 0x9A68, 0x89A5, 0x7164, 0x0000,
  0x0021, 0x0021, 0x0021, 0x0021, 0x0021, 0x0021, 0x0021, 0x0021, 0x0021, 0x0021, 0x0021, 0x0021,
  0x0021, 0x0021, 0x0021, 0x0021, 0x0021, 0x0021, 0x0021, 0x0021, 0x0021, 0x0021, 0x0021, 0x0021,
  0x0021, 0x0021, 0x0021, 0x0021, 0x0021, 0x0021, 0x0021, 0x0021, 0x0021, 0x0021, 0x0021, 0x0021,
  0x0021, 0x0021, 0x0021, 0x0021, 0x0021, 0x0021, 0x0021, 0x0021, 0x0021, 0x0021, 0x0021, 0x0021,
  0x0021, 0x0021, 0x0021, 0x0021, 0x0021, 0x0021, 0x0021, 0x0021, 0x0021, 0x0021, 0x0021, 0x0021,
  0x0021, 0x0021, 0x0020, 0x0021, 0x0021, 0x0020, 0x0021, 0x0000, 0x3903, 0xD3AC, 0xB36B, 0x6124,
  0x18C3, 0x18E4, 0x18E4, 0x0882, 0x5A88, 0x5268, 0x2124, 0x39C7, 0x31A6, 0x39C7, 0x734B, 0xCDB3,
  0xCDD4, 0xD5F4, 0xD615, 0xD615, 0xD614, 0xD615, 0xD615, 0xD615, 0xD615, 0xD614, 0xD5F4, 0xDE35,
  0xACF1, 0xB511, 0xBD52, 0x5AA9, 0x0820, 0x0000, 0x0000, 0x0020, 0x0000, 0x3144, 0x838C, 0xC593,
  0xC592, 0x83AC, 0x5A88, 0x83CD, 0x9CB0, 0x9C4E, 0x940D, 0x9C6F, 0xA48F, 0x7B6B, 0x6B0A, 0x6B0A,
  0x734B, 0x838C, 0x83AC, 0x8BCD, 0x9C6F, 0xAD11, 0xC593, 0xC593, 0xB531, 0x9C6F, 0x83AD, 0x736C,
  0xC5B3, 0xBD73, 0x62C9, 0x4A06, 0x6B0A, 0x838B, 0x8BCC, 0x4A27, 0x10A3, 0x1904, 0x2104, 0x2124,
  0x2124, 0x2124, 0x2124, 0x2124, 0x2125, 0x2145, 0x2125, 0x2904, 0xBAEA, 0xDBCC, 0x7A07, 0x81A5,
  0xA288, 0x89A5, 0x6944, 0x0000, 0x0021, 0x0021, 0x0021, 0x0021, 0x0021, 0x0021, 0x0021, 0x0021,
  0x0021, 0x0021, 0x0021, 0x0021, 0x0021, 0x0021, 0x0021, 0x0021, 0x0021, 0x0021, 0x0021, 0x0021,
  0x0021, 0x0021, 0x0021, 0x0021, 0x0021, 0x0021, 0x0021, 0x0021, 0x0020, 0x0021, 0x0021, 0x0021,
  0x0021, 0x0021, 0x0021, 0x0021, 0x0021, 0x0021, 0x0021, 0x0021, 0x0021, 0x0021, 0x0021, 0x0021,
  0x0021, 0x0021, 0x0021, 0x0021, 0x0021, 0x0021, 0x0021, 0x0021, 0x0021, 0x0021, 0x0021, 0x0021,
  0x0021, 0x0021, 0x0021, 0x0021, 0x0021, 0x0021, 0x0020, 0x0021, 0x0021, 0x0021, 0x0000, 0x1882,
  0xBB0A, 0xA309, 0x7185, 0x28C3, 0x10E3, 0x18E4, 0x10A2, 0x39A6, 0x732A, 0x2104, 0x39C7, 0x31A6,
  0x39C7, 0x5ACA, 0xD5F4, 0xD635, 0xD614, 0xD5F4, 0xD615, 0xD615, 0xD614, 0xD614, 0xD615, 0xD615,
  0xD614, 0xD615, 0xD615, 0xDE55, 0xACF1, 0xB511, 0xBD73, 0x5A68, 0x0000, 0x0000, 0x0000, 0x0000,
  0x0000, 0x3164, 0x734B, 0xC572, 0xC572, 0x942E, 0x3164, 0x0020, 0x20E3, 0x4A06, 0x732A, 0x940E,
  0x9C6F, 0xBD52, 0xBD73, 0xA490, 0x8BCD, 0x6AE9, 0x6AE9, 0x7B4B, 0x7B6B, 0x83AC, 0x83CD, 0x940E,
  0xA4B0, 0xBD52, 0xC5B3, 0xC593, 0xBD52, 0x734B, 0x49E6, 0x62C9, 0x83AC, 0x7B6B, 0x8BCC, 0x5247,
  0x10A2, 0x10A3, 0x10C3, 0x1904, 0x2125, 0x2125, 0x2125, 0x2125, 0x2945, 0x2945, 0x10E4, 0x8268,
  0xEC2E, 0xAB0A, 0x48C2, 0x7185, 0x9A47, 0x89A5, 0x7164, 0x0020, 0x0021, 0x0021, 0x0021, 0x0021,
  0x0021, 0x0021, 0x0021, 0x0021, 0x0021, 0x0021, 0x0021, 0x0021, 0x0021, 0x0021, 0x0021, 0x0021,
  0x0021, 0x0021, 0x0021, 0x0021, 0x0021, 0x0021, 0x0021, 0x0021, 0x0021, 0x0021, 0x0021, 0x0021,
  0x0021, 0x0021, 0x0021, 0x0021, 0x0021, 0x0021, 0x0021, 0x0021, 0x0021, 0x0021, 0x0021, 0x0021,
  0x0021, 0x0021, 0x0021, 0x0021, 0x0021, 0x0021, 0x0021, 0x0021, 0x0021, 0x0021, 0x0021, 0x0021,
  0x0021, 0x0021, 0x0021, 0x0021, 0x0021, 0x0021, 0x0021, 0x0021, 0x0021, 0x0021, 0x0021, 0x0021,
  0x0021, 0x0021, 0x0000, 0xA2C9, 0xE42D, 0x9A88, 0x30A2, 0x10E3, 0x18E3, 0x10C3, 0x20E3, 0x7B4B,
  0x2945, 0x31A6, 0x31C6, 0x31C6, 0x4A28, 0xB552, 0xDE55, 0xD614, 0xD615, 0xD615, 0xD614, 0xD614,
  0xD614, 0xD614, 0xD614, 0xD5F4, 0xD614, 0xD615, 0xD615, 0xDE55, 0xA48F, 0xB511, 0xBD52, 0x5227,
  0x3165, 0x2103, 0x0861, 0x0000, 0x0000, 0x2944, 0x734B, 0xC593, 0xC5B3, 0x942E, 0x3164, 0x0000,
  0x0000, 0x0000, 0x0000, 0x20E3, 0x5227, 0xA48F, 0xCDD4, 0xCDB3, 0xBD52, 0xBD52, 0xACD0, 0x942E,
  0x7B6B, 0x6AC9, 0x6AE9, 0x7B4B, 0x83CD, 0x83CD, 0x8C0E, 0xA4B0, 0x7B8C, 0x41E6, 0x5A88, 0x8BCC,
  0x83AC, 0x838C, 0x838B, 0x5A88, 0x734A, 0x62C9, 0x41E6, 0x2944, 0x18E3, 0x18E4, 0x1904, 0x1925,
  0x3945, 0x4144, 0x49A5, 0xEBCC, 0xBBAC, 0x6144, 0x10A2, 0x7185, 0x9227, 0x89A5, 0x7164, 0x0000,
  0x0020, 0x0021, 0x0021, 0x0021, 0x0021, 0x0021, 0x0021, 0x0020, 0x0020, 0x0021, 0x0021, 0x0021,
  0x0021, 0x0021, 0x0021, 0x0021, 0x0021, 0x0021, 0x0021, 0x0021, 0x0021, 0x0021, 0x0021, 0x0021,
  0x0021, 0x0021, 0x0021, 0x0021, 0x0021, 0x0021, 0x0021, 0x0021, 0x0021, 0x0021, 0x0021, 0x0021,
  0x0021, 0x0021, 0x0021, 0x0021, 0x0021, 0x0021, 0x0021, 0x0021, 0x0021, 0x0021, 0x0021, 0x0021,
  0x0021, 0x0021, 0x0021, 0x0021, 0x0021, 0x0021, 0x0021, 0x0021, 0x0021, 0x0021, 0x0021, 0x0021,
  0x0021, 0x0021, 0x0021, 0x0020, 0x0021, 0x0000, 0x69C6, 0xEC0D, 0xA30A, 0x58E2, 0x20C2, 0x1904,
  0x18E4, 0x1082, 0x732A, 0x41E6, 0x2986, 0x39C7, 0x31C6, 0x39E7, 0x9C4F, 0xDE56, 0xD5F4, 0xD5F4,
  0xD614, 0xD615, 0xD615, 0xD614, 0xD614, 0xD614, 0xD615, 0xD614, 0xD614, 0xD615, 0xD635, 0xCDD4,
  0x734B, 0xA4B0, 0xBD72, 0x83CC, 0x730A, 0x62E9, 0x5AA8, 0x4A07, 0x2944, 0x39A5, 0x7B6B, 0xC572,
  0xC593, 0x940E, 0x3144, 0x0000, 0x0000, 0x0000, 0x0000, 0x0841, 0x5A68, 0xA48F, 0xC593, 0xBD31,
  0x83CD, 0x7B6B, 0xA48F, 0xB511, 0xBD52, 0xACD0, 0x9C4E, 0x838C, 0x732A, 0x6AE9, 0x734B, 0x83AC,
  0x62A9, 0x5227, 0x838C, 0x838C, 0x838C, 0x838C, 0x83AC, 0x5247, 0x6AE9, 0x83AC, 0x7B4A, 0x838B,
  0x83CD, 0x62EA, 0x41E7, 0x2104, 0x10C3, 0x2924, 0xCB6B, 0xD3ED, 0x79E6, 0x38E3, 0x2924, 0x7164,
  0x8A06, 0x8185, 0x6144, 0x2103, 0x0841, 0x0020, 0x0021, 0x0021, 0x0021, 0x0021, 0x0021, 0x0020,
  0x0021, 0x0021, 0x0021, 0x0021, 0x0021, 0x0021, 0x0021, 0x0021, 0x0021, 0x0021, 0x0021, 0x0021,
  0x0021, 0x0021, 0x0021, 0x0021, 0x0021, 0x0021, 0x0021, 0x0021, 0x0021, 0x0021, 0x0021, 0x0021,
  0x0021, 0x0021, 0x0021, 0x0021, 0x0021, 0x0021, 0x0021, 0x0021, 0x0021, 0x0021, 0x0021, 0x0021,
  0x0021, 0x0021, 0x0021, 0x0021, 0x0021, 0x0021, 0x0021, 0x0021, 0x0021, 0x0021, 0x0021, 0x0021,
  0x0021, 0x0021, 0x0021, 0x0021, 0x0021, 0x0020, 0x0020, 0x0021, 0x0000, 0x30E3, 0xE3CC, 0xC3AC,
  0x6984, 0x30A2, 0x30E3, 0x1904, 0x10A2, 0x5268, 0x5A89, 0x1924, 0x39E7, 0x31A6, 0x31C7, 0x734B,
  0xDE35, 0xD5F4, 0xD5F4, 0xD5F4, 0xD614, 0xD615, 0xD635, 0xD615, 0xD614, 0xD614, 0xD615, 0xD614,
  0xD5F4, 0xD5F4, 0xDE35, 0xACF1, 0x734B, 0x83CC, 0x8C0D, 0xA48F, 0xACD0, 0x9C6E, 0x8BED, 0x7B4B,
  0x732A, 0x5247, 0x6B0A, 0xC593, 0xC572, 0x8BED, 0x3164, 0x0000, 0x0000, 0x0000, 0x0000, 0x1061,
  0x5A68, 0x9C6F, 0xCDB3, 0xC593, 0x8BED, 0x2903, 0x20E3, 0x39C6, 0x62C9, 0x8C0D, 0xACF1, 0xBD52,
  0xBD32, 0x9C4E, 0x838C, 0x732A, 0x5247, 0x7B6B, 0x83AC, 0x83AC, 0x838B, 0x838C, 0x838B, 0x5227,
  0x62A8, 0xA46E, 0x93ED, 0x9C4E, 0x942E, 0x940D, 0x8BCC, 0x940D, 0x5AA9, 0x9288, 0xEC4E, 0x9AC9,
  0x40C2, 0x2104, 0x30C2, 0x6944, 0x89E6, 0x6923, 0x6A68, 0xBD72, 0x3144, 0x0000, 0x0021, 0x0021,
  0x0021, 0x0021, 0x0021, 0x0021, 0x0021, 0x0021, 0x0021, 0x0021, 0x0021, 0x0021, 0x0021, 0x0021,
  0x0021, 0x0021, 0x0021, 0x0021, 0x0021, 0x0021, 0x0021, 0x0021, 0x0021, 0x0021, 0x0021, 0x0021,
  0x0021, 0x0021, 0x0021, 0x0021, 0x0021, 0x0021, 0x0021, 0x0021, 0x0021, 0x0021, 0x0021, 0x0021,
  0x0021, 0x0021, 0x0021, 0x0021, 0x0021, 0x0021, 0x0021, 0x0021, 0x0021, 0x0021, 0x0021, 0x0021,
  0x0021, 0x0021, 0x0021, 0x0021, 0x0020, 0x0021, 0x0021, 0x0021, 0x0021, 0x0020, 0x0021, 0x0000,
  0x1041, 0xC34B, 0xDC0D, 0x8207, 0x30C3, 0x4103, 0x20C2, 0x10C3, 0x39A6, 0x734B, 0x18E4, 0x5207,
  0x39C7, 0x39C7, 0x5289, 0xCDB3, 0xD615, 0xD5F4, 0xD614, 0xD5F4, 0xD615, 0xD615, 0xD614, 0xD615,
  0xD615, 0xD615, 0xD615, 0xD614, 0xD615, 0xD615, 0xDE55, 0xACF1, 0x62C9, 0x732A, 0x730A, 0x734B,
  0x7B8C, 0x8BED, 0x9C8F, 0xACB0, 0xACD0, 0x8BED, 0x9C6F, 0xC593, 0xBD52, 0x8BED, 0x3185, 0x0000,
  0x0000, 0x0000, 0x0000, 0x0861, 0x5268, 0x9C6F, 0xCDB3, 0xC593, 0x8BCD, 0x20E3, 0x0000, 0x0000,
  0x0000, 0x18A2, 0x3985, 0x62A9, 0x83AC, 0xCD93, 0xCDB3, 0xBD32, 0x732A, 0x838B, 0x838B, 0x83AC,
  0x838C, 0x838C, 0x62A8, 0x41C6, 0x62C8, 0xA46E, 0xACD0, 0xD615, 0xCDD4, 0xC572, 0xACD0, 0x8C0D,
  0x8B0A, 0xEC0D, 0xB38C, 0x6124, 0x10C3, 0x18E4, 0x10C3, 0x6123, 0x8185, 0x59A5, 0xACF1, 0x9C6F,
  0x3985, 0x0000, 0x0021, 0x0021, 0x0021, 0x0021, 0x0021, 0x0021, 0x0021, 0x0021, 0x0021, 0x0021,
  0x0021, 0x0021, 0x0021, 0x0021, 0x0021, 0x0021, 0x0021, 0x0021, 0x0021, 0x0021, 0x0021, 0x0021,
  0x0021, 0x0021, 0x0021, 0x0021, 0x0021, 0x0021, 0x0021, 0x0021, 0x0021, 0x0021, 0x0021, 0x0021,
  0x0021, 0x0021, 0x0021, 0x0021, 0x0021, 0x0021, 0x0021, 0x0021, 0x0021, 0x0021, 0x0021, 0x0021,
  0x0021, 0x0021, 0x0021, 0x0021, 0x0021, 0x0021, 0x0021, 0x0021, 0x0020, 0x0021, 0x0021, 0x0021,
  0x0021, 0x0020, 0x0021, 0x0000, 0x9268, 0xEC2E, 0x9AC9, 0x40C2, 0x10E3, 0x30C3, 0x30C3, 0x1904,
  0x7B8B, 0x3185, 0x31A6, 0x79E6, 0x39A6, 0x3A07, 0xACF0, 0xDE55, 0xD5F4, 0xD614, 0xD615, 0xD614,
  0xD614, 0xD615, 0xD615, 0xD615, 0xD614, 0xD615, 0xD615, 0xD635, 0xD635, 0xD635, 0xD614, 0xCDF4,
  0xB511, 0x8BED, 0x732A, 0x62C9, 0x62C9, 0x6AE9, 0x734B, 0x7B8C, 0x83CD, 0x944F, 0xACD0, 0xB511,
  0xC572, 0x940E, 0x3165, 0x0000, 0x0000, 0x0000, 0x0000, 0x0861, 0x5268, 0x9C6F, 0xCDB3, 0xBD72,
  0x83AC, 0x20E3, 0x0000, 0x0000, 0x0000, 0x0000, 0x0000, 0x2923, 0x730A, 0xC572, 0xBD72, 0xBD73,
  0x838C, 0x83AC, 0x83AC, 0x838C, 0x83AC, 0x6AE9, 0x41C6, 0x41E6, 0x942D, 0xA46E, 0xC5B3, 0xD5F4,
  0xCDF4, 0xD5F4, 0xE676, 0x9C4E, 0xC30A, 0xD40D, 0x79C5, 0x20A2, 0x10E3, 0x18E3, 0x18E3, 0x4944,
  0x4944, 0x9C6E, 0xA4B0, 0x940D, 0x39A5, 0x0000, 0x0021, 0x0021, 0x0021, 0x0021, 0x0021, 0x0021,
  0x0021, 0x0021, 0x0021, 0x0021, 0x0021, 0x0021, 0x0021, 0x0021, 0x0021, 0x0021, 0x0021, 0x0021,
  0x0021, 0x0021, 0x0021, 0x0021, 0x0021, 0x0021, 0x0021, 0x0021, 0x0021, 0x0021, 0x0021, 0x0021,
  0x0021, 0x0020, 0x0021, 0x0021, 0x0021, 0x0021, 0x0021, 0x0021, 0x0021, 0x0021, 0x0021, 0x0021,
  0x0021, 0x0021, 0x0021, 0x0021, 0x0021, 0x0021, 0x0021, 0x0021, 0x0021, 0x0021, 0x0021, 0x0021,
  0x0021, 0x0021, 0x0021, 0x0021, 0x0021, 0x0021, 0x0000, 0x5165, 0xEC0D, 0xB34B, 0x6123, 0x18C3,
  0x10E4, 0x3104, 0x28A2, 0x6B0A, 0x4A07, 0x2945, 0x39C7, 0x2986, 0x31A6, 0x83CD, 0xDE55, 0xCDF4,
  0xD614, 0xD615, 0xD615, 0xD614, 0xD615, 0xD614, 0xD614, 0xD615, 0xD614, 0xD615, 0xD615, 0xD615,
  0xD615, 0xD614, 0xD615, 0xD615, 0xD635, 0xDE35, 0xD614, 0xBD72, 0x944E, 0x734B, 0x62E9, 0x62C9,
  0x62C9, 0x734B, 0x734B, 0x7B8C, 0x942E, 0x7B8C, 0x3985, 0x0000, 0x0000, 0x0020, 0x0000, 0x1082,
  0x5247, 0x9C6F, 0xCDB3, 0xC593, 0x83CD, 0x20E3, 0x0000, 0x0000, 0x0000, 0x0020, 0x0000, 0x2944,
  0x734B, 0xC593, 0xBD72, 0xBD52, 0x7B6B, 0x838B, 0x838B, 0x83AC, 0x7B4B, 0x5227, 0x3185, 0x7B6B,
  0xA48F, 0xBD52, 0xD5F4, 0xD5F4, 0xD5F4, 0xDE35, 0xB532, 0xA30A, 0xE40D, 0x9A88, 0x38A2, 0x10C3,
  0x18C3, 0x10E3, 0x30C3, 0x41A5, 0x9C8F, 0xBD52, 0x940D, 0x83AC, 0x0841, 0x0020, 0x0021, 0x0021,
  0x0021, 0x0021, 0x0021, 0x0021, 0x0021, 0x0021, 0x0021, 0x0021, 0x0021, 0x0021, 0x0021, 0x0021,
  0x0021, 0x0021, 0x0021, 0x0021, 0x0021, 0x0021, 0x0021, 0x0021, 0x0021, 0x0021, 0x0021, 0x0021,
  0x0021, 0x0021, 0x0021, 0x0021, 0x0021, 0x0021, 0x0021, 0x0020, 0x0021, 0x0021, 0x0021, 0x0021,
  0x0021, 0x0021, 0x0021, 0x0021, 0x0021, 0x0021, 0x0021, 0x0021, 0x0021, 0x0021, 0x0021, 0x0021,
  0x0021, 0x0021, 0x0021, 0x0021, 0x0021, 0x0021, 0x0021, 0x0021, 0x0021, 0x0000, 0x20A2, 0xDBAC,
  0xCBCD, 0x71A5, 0x20A2, 0x10E3, 0x1904, 0x1082, 0x5A27, 0x62C9, 0x2104, 0x39C7, 0x31A6, 0x39C7,
  0x630A, 0xD614, 0xD5F4, 0xD5F4, 0xD5F4, 0xD5F4, 0xD635, 0xD615, 0xD615, 0xD614, 0xD614, 0xD615,
  0xD614, 0xD615, 0xD615, 0xD614, 0xD615, 0xD615, 0xD615, 0xD615, 0xD5F4, 0xD614, 0xD5F4, 0xD615,
  0xDE35, 0xD615, 0xC593, 0xA4B0, 0x7B8C, 0x6AE9, 0x62C9, 0x6AE9, 0x730A, 0x6AE9, 0x39A5, 0x2103,
  0x2924, 0x1082, 0x0021, 0x0882, 0x5247, 0x9C6F, 0xCDB3, 0xC572, 0x83AC, 0x2924, 0x0861, 0x0000,
  0x0000, 0x0000, 0x0000, 0x2924, 0x732A, 0xC593, 0xBD52, 0xBD52, 0x7B8B, 0x838B, 0x838C, 0x838B,
  0x5247, 0x39A5, 0x62C9, 0xA48E, 0xB511, 0xD5F4, 0xD5F4, 0xD5F4, 0xD614, 0xCE15, 0x932B, 0xE3CC,
  0xB36C, 0x58E3, 0x10C3, 0x18E3, 0x18C3, 0x18E4, 0x1061, 0x730A, 0xCDD4, 0x83CD, 0x940D, 0x20E3,
  0x0000, 0x0021, 0x0021, 0x0021, 0x0021, 0x0021, 0x0021, 0x0020, 0x0021, 0x0021, 0x0021, 0x0021,
  0x0021, 0x0021, 0x0021, 0x0021, 0x0021, 0x0021, 0x0021, 0x0021, 0x0021, 0x0021, 0x0021, 0x0021,
  0x0021, 0x0021, 0x0021, 0x0021, 0x0021, 0x0021, 0x0021, 0x0021, 0x0021, 0x0021, 0x0021, 0x0021,
  0x0021, 0x0021, 0x0021, 0x0021, 0x0021, 0x0021, 0x0021, 0x0021, 0x0021, 0x0021, 0x0021, 0x0021,
  0x0021, 0x0021, 0x0021, 0x0021, 0x0021, 0x0021, 0x0021, 0x0021, 0x0021, 0x0021, 0x0021, 0x0021,
  0x0021, 0x0820, 0xB2EA, 0xE40D, 0x9248, 0x38A2, 0x10C3, 0x18E3, 0x10A3, 0x2965, 0x734B, 0x2104,
  0x31C6, 0x31A6, 0x39C7, 0x4A48, 0xC572, 0xD615, 0xD5F4, 0xD5F4, 0xD615, 0xD615, 0xD635, 0xD635,
  0xD635, 0xD615, 0xD635, 0xD635, 0xD614, 0xD635, 0xD615, 0xD615, 0xD614, 0xD614, 0xD615, 0xD615,
  0xD615, 0xD615, 0xD614, 0xD614, 0xD614, 0xD614, 0xD635, 0xDE55, 0xD615, 0xCDD3, 0xB532, 0x942E,
  0x732A, 0x5A88, 0x39A5, 0x62C9, 0x7B8C, 0x734B, 0x5A68, 0x39A6, 0x5248, 0x940D, 0xC593, 0xC593,
  0x940E, 0x5A88, 0x5AA9, 0x5248, 0x39A5, 0x18C2, 0x0020, 0x2923, 0x732A, 0xC572, 0xBD52, 0xBD52,
  0x7B8B, 0x83AC, 0x8BCC, 0x62C9, 0x41C6, 0x4A06, 0x9C4E, 0xACAF, 0xCDF4, 0xD5F4, 0xD5F4, 0xD615,
  0xDE55, 0x93ED, 0xC30A, 0xCBCC, 0x7185, 0x18A2, 0x18E3, 0x18C3, 0x18E4, 0x0882, 0x41E6, 0xC572,
  0x942F, 0x9C2D, 0x4206, 0x0000, 0x0021, 0x0020, 0x0021, 0x0021, 0x0021, 0x0021, 0x0021, 0x0021,
  0x0021, 0x0021, 0x0021, 0x0021, 0x0021, 0x0021, 0x0021, 0x0021, 0x0021, 0x0021, 0x0021, 0x0021,
  0x0021, 0x0021, 0x0021, 0x0021, 0x0021, 0x0021, 0x0021, 0x0021, 0x0021, 0x0021, 0x0021, 0x0021,
  0x0021, 0x0021, 0x0021, 0x0021, 0x0021, 0x0021, 0x0021, 0x0021, 0x0021, 0x0021, 0x0021, 0x0021,
  0x0021, 0x0021, 0x0021, 0x0021, 0x0021, 0x0021, 0x0021, 0x0021, 0x0021, 0x0021, 0x0021, 0x0021,
  0x0021, 0x0021, 0x0021, 0x0021, 0x0000, 0x5964, 0xD3AC, 0xAB2A, 0x50E3, 0x10C3, 0x18E3, 0x18E3,
  0x10C3, 0x732A, 0x3185, 0x3186, 0x31A6, 0x31C6, 0x39E7, 0xA4B0, 0xDE55, 0xD5F4, 0xD614, 0xD615,
  0xD635, 0xD635, 0xD635, 0xD615, 0xD615, 0xD615, 0xD615, 0xD635, 0xD635, 0xD635, 0xD615, 0xD615,
  0xD615, 0xD614, 0xD614, 0xD615, 0xD635, 0xD615, 0xD615, 0xD615, 0xD615, 0xD614, 0xD615, 0xD5F4,
  0xD614, 0xD635, 0xDE35, 0xDE56, 0xD614, 0xBD31, 0xA490, 0x83AC, 0x6B0A, 0x6AE9, 0x7B4B, 0x7B4B,
  0x5A88, 0x734B, 0x8BED, 0x9C6F, 0xACF1, 0xA48F, 0x940D, 0x7B6B, 0x730A, 0x6AE9, 0x5268, 0x4A06,
  0x6B0A, 0xC572, 0xBD52, 0xBD72, 0x7B8B, 0x83AC, 0x6AE9, 0x4A06, 0x41C5, 0x8BED, 0xA4AF, 0xCDB3,
  0xD5F4, 0xD5F4, 0xCDF4, 0xDE55, 0xB532, 0x7A06, 0xAAE9, 0x9247, 0x30A2, 0x10E3, 0x18E3, 0x18E3,
  0x10C3, 0x2103, 0xBD31, 0xB512, 0x93ED, 0x732A, 0x0000, 0x0021, 0x0021, 0x0021, 0x0021, 0x0021,
  0x0021, 0x0021, 0x0020, 0x0021, 0x0021, 0x0021, 0x0021, 0x0021, 0x0021, 0x0021, 0x0021, 0x0021,
  0x0021, 0x0021, 0x0021, 0x0021, 0x0021, 0x0021, 0x0021, 0x0021, 0x0021, 0x0021, 0x0021, 0x0021,
  0x0021, 0x0020, 0x0021, 0x0021, 0x0021, 0x0021, 0x0021, 0x0021, 0x0021, 0x0021, 0x0021, 0x0021,
  0x0021, 0x0021, 0x0021, 0x0021, 0x0021, 0x0021, 0x0021, 0x0021, 0x0021, 0x0021, 0x0021, 0x0021,
  0x0021, 0x0021, 0x0021, 0x0021, 0x0021, 0x0021, 0x0021, 0x0000, 0x3903, 0xB32A, 0x8A88, 0x6944,
  0x18C3, 0x18E4, 0x18E3, 0x0882, 0x62C9, 0x4A27, 0x1925, 0x39C7, 0x31A6, 0x31C7, 0x7B8C, 0xDE55,
  0xD615, 0xD615, 0xD614, 0xD635, 0xD635, 0xD635, 0xDE35, 0xD635, 0xD635, 0xD615, 0xD615, 0xD615,
  0xD615, 0xD635, 0xD635, 0xD635, 0xD615, 0xD615, 0xD615, 0xD615, 0xD615, 0xD615, 0xD635, 0xD615,
  0xD615, 0xD635, 0xD635, 0xD615, 0xD615, 0xD615, 0xD615, 0xD615, 0xD615, 0xDE35, 0xDE55, 0xDE56,
  0xCDD4, 0xACD0, 0x8BED, 0x6AE9, 0x4A27, 0x6AEA, 0x732A, 0x7B6B, 0x7B6B, 0x83AC, 0x9C4F, 0xA4B0,
  0xACD0, 0x9C4E, 0x838C, 0x6AE9, 0x6B0A, 0xC593, 0xBD52, 0xBD72, 0x7B8B, 0x7B6B, 0x5247, 0x39A5,
  0x732A, 0xA48E, 0xC572, 0xD615, 0xD614, 0xD615, 0xD615, 0xC5D4, 0x930A, 0xD3AC, 0x92A9, 0x38A2,
  0x18E3, 0x18E3, 0x18C3, 0x1904, 0x10A2, 0x8BED, 0xCDF5, 0x83CD, 0x8BEC, 0x1082, 0x0000, 0x0021,
  0x0021, 0x0021, 0x0021, 0x0021, 0x0021, 0x0021, 0x0021, 0x0021, 0x0021, 0x0021, 0x0021, 0x0021,
  0x0021, 0x0021, 0x0021, 0x0021, 0x0021, 0x0021, 0x0021, 0x0021, 0x0021, 0x0021, 0x0020, 0x0021,
  0x0021, 0x0021, 0x0021, 0x0021, 0x0021, 0x0021, 0x0021, 0x0021, 0x0021, 0x0021, 0x0021, 0x0021,
  0x0021, 0x0021, 0x0021, 0x0021, 0x0021, 0x0021, 0x0021, 0x0021, 0x0021, 0x0021, 0x0021, 0x0021,
  0x0021, 0x0021, 0x0021, 0x0021, 0x0021, 0x0021, 0x0021, 0x0021, 0x0021, 0x0021, 0x0000, 0x1061,
  0xC32A, 0xDC0D, 0x7A06, 0x1881, 0x18E4, 0x2104, 0x10A2, 0x4A07, 0x62C9, 0x2104, 0x51E7, 0x31A6,
  0x39C7, 0x5ACA, 0xCDB3, 0xD5F4, 0xD5F4, 0xD615, 0xD615, 0xD615, 0xD615, 0xD635, 0xD635, 0xD635,
  0xD615, 0xD635, 0xD635, 0xD635, 0xD615, 0xD615, 0xD615, 0xD615, 0xD615, 0xD615, 0xD635, 0xD615,
  0xD614, 0xD635, 0xD635, 0xD615, 0xD635, 0xD615, 0xD614, 0xD615, 0xD635, 0xD635, 0xD635, 0xD615,
  0xD615, 0xD615, 0xD5F4, 0xD614, 0xD635, 0xDE55, 0xDE55, 0xCDF4, 0xBD52, 0x9C6F, 0x734B, 0x6B2A,
  0x6AE9, 0x6B0A, 0x734B, 0x734B, 0x83AC, 0x942E, 0xA4B0, 0xACD0, 0xB531, 0xC572, 0xC593, 0xBD32,
  0x7B6B, 0x5A88, 0x39A5, 0x5A88, 0xA46E, 0xBD31, 0xD614, 0xD615, 0xD615, 0xD5F4, 0xDE56, 0x93CD,
  0xCB2A, 0xCBCC, 0x6964, 0x1882, 0x1904, 0x18E3, 0x1904, 0x10A2, 0x5A88, 0xC593, 0x942E, 0x9C2E,
  0x3165, 0x0000, 0x0021, 0x0021, 0x0021, 0x0021, 0x0021, 0x0021, 0x0021, 0x0021, 0x0021, 0x0021,
  0x0021, 0x0021, 0x0021, 0x0021, 0x0021, 0x0021, 0x0021, 0x0021, 0x0021, 0x0021, 0x0021, 0x0021,
  0x0021, 0x0021, 0x0021, 0x0021, 0x0021, 0x0021, 0x0021, 0x0021, 0x0021, 0x0021, 0x0021, 0x0021,
  0x0021, 0x0021, 0x0021, 0x0021, 0x0021, 0x0021, 0x0021, 0x0021, 0x0021, 0x0021, 0x0021, 0x0021,
  0x0021, 0x0021, 0x0021, 0x0021, 0x0021, 0x0021, 0x0021, 0x0021, 0x0021, 0x0021, 0x0021, 0x0021,
  0x0021, 0x0021, 0x0000, 0x9288, 0xEC2E, 0x8A88, 0x48C2, 0x20E3, 0x1904, 0x10C3, 0x2944, 0x7B6B,
  0x2124, 0x41A6, 0x79E6, 0x3185, 0x4A48, 0xBD72, 0xDE55, 0xD5F4, 0xD614, 0xD615, 0xD615, 0xD615,
  0xD614, 0xD615, 0xD635, 0xD635, 0xD635, 0xD615, 0xD614, 0xD615, 0xD635, 0xD635, 0xD614, 0xD615,
  0xD635, 0xD615, 0xD635, 0xD635, 0xD615, 0xD615, 0xD615, 0xD635, 0xD635, 0xD635, 0xD615, 0xD635,
  0xD615, 0xD615, 0xD635, 0xD615, 0xD615, 0xD635, 0xD615, 0xD614, 0xD615, 0xD614, 0xD5F4, 0xD614,
  0xDE35, 0xDE55, 0xDE35, 0xCDD4, 0xACD0, 0x83AC, 0x6B0A, 0x6AE9, 0x6AE9, 0x732A, 0x7B8C, 0x83CD,
  0x8BED, 0x942E, 0xA4AF, 0xB4F1, 0x62E9, 0x5227, 0x41E6, 0x940D, 0xB511, 0xD615, 0xD614, 0xD614,
  0xD615, 0xDE55, 0xA4B0, 0xB30A, 0xE42E, 0x7A27, 0x3881, 0x3903, 0x10E3, 0x18E4, 0x10A3, 0x3185,
  0xCD93, 0xA4B0, 0x942D, 0x62A9, 0x0000, 0x0021, 0x0021, 0x0021, 0x0021, 0x0021, 0x0021, 0x0021,
  0x0021, 0x0021, 0x0021, 0x0021, 0x0021, 0x0021, 0x0021, 0x0021, 0x0021, 0x0021, 0x0021, 0x0021,
  0x0021, 0x0021, 0x0021, 0x0021, 0x0021, 0x0021, 0x0021, 0x0021, 0x0021, 0x0021, 0x0021, 0x0021,
  0x0021, 0x0021, 0x0021, 0x0021, 0x0021, 0x0021, 0x0021, 0x0021, 0x0021, 0x0021, 0x0021, 0x0021,
  0x0021, 0x0021, 0x0021, 0x0021, 0x0021, 0x0021, 0x0021, 0x0021, 0x0021, 0x0021, 0x0021, 0x0021,
  0x0021, 0x0020, 0x0021, 0x0021, 0x0021, 0x0000, 0x5965, 0xF42D, 0xB38C, 0x5923, 0x28C2, 0x28C3,
  0x1904, 0x18C3, 0x7B4A, 0x3185, 0x31A6, 0x39C7, 0x2986, 0x39E7, 0x9C8F, 0xDE55, 0xD5F4, 0xD615,
  0xD615, 0xD614, 0xD615, 0xD615, 0xD615, 0xD635, 0xD635, 0xD615, 0xD615, 0xD615, 0xD614, 0xD5F4,
  0xD615, 0xD635, 0xD635, 0xD635, 0xD615, 0xD614, 0xD635, 0xD635, 0xD615, 0xD614, 0xD615, 0xD635,
  0xD635, 0xD635, 0xDE35, 0xD635, 0xD635, 0xD615, 0xD614, 0xD635, 0xD615, 0xD615, 0xD615, 0xD615,
  0xD614, 0xD614, 0xD615, 0xD5F4, 0xD5F4, 0xD614, 0xD5F4, 0xD615, 0xDE35, 0xDE35, 0xCDF4, 0xB511,
  0x944E, 0x7B6B, 0x6B0A, 0x6AE9, 0x6AE9, 0x7B6B, 0x7B8C, 0x83CD, 0x62C9, 0x3985, 0x83AC, 0xB510,
  0xCDF4, 0xD5F4, 0xD614, 0xD614, 0xDE35, 0xC5B3, 0x92EA, 0xE3CC, 0xAB0A, 0x48E3, 0x3903, 0x30E3,
  0x10E4, 0x18E4, 0x18C3, 0xA4AF, 0xC594, 0x940D, 0x83AB, 0x0820, 0x0020, 0x0021, 0x0021, 0x0021,
  0x0021, 0x0021, 0x0021, 0x0021, 0x0021, 0x0021, 0x0021, 0x0021, 0x0021, 0x0021, 0x0021, 0x0021,
  0x0021, 0x0021, 0x0021, 0x0021, 0x0021, 0x0021, 0x0021, 0x0021, 0x0021, 0x0021, 0x0021, 0x0021,
  0x0021, 0x0021, 0x0021, 0x0021, 0x0021, 0x0021, 0x0021, 0x0021, 0x0021, 0x0021, 0x0021, 0x0021,
  0x0021, 0x0021, 0x0021, 0x0021, 0x0021, 0x0021, 0x0021, 0x0021, 0x0021, 0x0021, 0x0021, 0x0021,
  0x0021, 0x0021, 0x0021, 0x0021, 0x0021, 0x0021, 0x0021, 0x0021, 0x0000, 0x20A2, 0xDBAC, 0xCBED,
  0x71A5, 0x28C3, 0x4903, 0x20C3, 0x0882, 0x62C9, 0x5268, 0x2124, 0x39C7, 0x39C7, 0x39C7, 0x7B8C,
  0xDE35, 0xD5F4, 0xD614, 0xD615, 0xD635, 0xD615, 0xD614, 0xD615, 0xD635, 0xD615, 0xD635, 0xDE35,
  0xD614, 0xD5F4, 0xD614, 0xD615, 0xD614, 0xD615, 0xD635, 0xD635, 0xD614, 0xD614, 0xD615, 0xD635,
  0xD615, 0xD615, 0xD615, 0xD615, 0xD615, 0xD615, 0xD635, 0xD615, 0xD635, 0xD615, 0xD615, 0xD635,
  0xD615, 0xD615, 0xD615, 0xD615, 0xD614, 0xD614, 0xD615, 0xD615, 0xD615, 0xD615, 0xD615, 0xD615,
  0xD615, 0xD614, 0xD614, 0xDE35, 0xDE55, 0xD635, 0xBD52, 0x9C4E, 0x7B8C, 0x6B0A, 0x732A, 0x734B,
  0x4A27, 0x62A8, 0xACCF, 0xCDD4, 0xD5F4, 0xD5F4, 0xD5F4, 0xD614, 0xD635, 0x8B6C, 0xDB8C, 0xC38C,
  0x6123, 0x18E3, 0x4903, 0x28C2, 0x1904, 0x1082, 0x7B6B, 0xD615, 0x8BED, 0x9C2D, 0x2103, 0x0000,
  0x0021, 0x0021, 0x0021, 0x0021, 0x0021, 0x0021, 0x0021, 0x0021, 0x0021, 0x0021, 0x0021, 0x0021,
  0x0021, 0x0021, 0x0021, 0x0021, 0x0021, 0x0021, 0x0021, 0x0021, 0x0021, 0x0021, 0x0021, 0x0021,
  0x0021, 0x0021, 0x0021, 0x0021, 0x0021, 0x0021, 0x0021, 0x0021, 0x0021, 0x0021, 0x0021, 0x0021,
  0x0021, 0x0021, 0x0021, 0x0021, 0x0021, 0x0021, 0x0021, 0x0021, 0x0021, 0x0021, 0x0021, 0x0021,
  0x0021, 0x0021, 0x0021, 0x0021, 0x0021, 0x0021, 0x0021, 0x0021, 0x0021, 0x0020, 0x0021, 0x0021,
  0x0020, 0xB2EA, 0xE40D, 0x9268, 0x38C2, 0x10E4, 0x38E3, 0x28A2, 0x31A5, 0x62E9, 0x2104, 0x39E7,
  0x31A6, 0x39C7, 0x5AA9, 0xCDB3, 0xD615, 0xD615, 0xD614, 0xD5F4, 0xD615, 0xD615, 0xD614, 0xD615,
  0xD614, 0xD615, 0xD635, 0xDE35, 0xD635, 0xD614, 0xD615, 0xD635, 0xD635, 0xD635, 0xD615, 0xD614,
  0xD615, 0xD615, 0xD615, 0xD635, 0xD615, 0xD615, 0xD614, 0xD614, 0xD615, 0xD615, 0xD615, 0xD614,
  0xD615, 0xD635, 0xD635, 0xD614, 0xD635, 0xDE35, 0xD635, 0xD615, 0xD635, 0xD635, 0xD615, 0xD635,
  0xD615, 0xD614, 0xD615, 0xD615, 0xD614, 0xD614, 0xD614, 0xD5F4, 0xCDF4, 0xD614, 0xD615, 0xDE76,
  0xDE56, 0xCDD4, 0xACD0, 0x83AC, 0x732A, 0xBD51, 0xCDD3, 0xD615, 0xD5F4, 0xD5F4, 0xCDF4, 0xDE76,
  0x9C6F, 0xBAE9, 0xDC0D, 0x8206, 0x20A2, 0x10E4, 0x30E3, 0x4124, 0x08A3, 0x4A06, 0xCDD4, 0x9C6F,
  0x940D, 0x4A06, 0x0000, 0x0021, 0x0020, 0x0021, 0x0021, 0x0021, 0x0021, 0x0021, 0x0021, 0x0021,
  0x0021, 0x0021, 0x0021, 0x0021, 0x0021, 0x0021, 0x0021, 0x0021, 0x0020, 0x0021, 0x0021, 0x0021,
  0x0021, 0x0021, 0x0021, 0x0021, 0x0021, 0x0021, 0x0021, 0x0021, 0x0021, 0x0021, 0x0021, 0x0021,
  0x0021, 0x0021, 0x0021, 0x0021, 0x0021, 0x0021, 0x0021, 0x0021, 0x0021, 0x0021, 0x0021, 0x0021,
  0x0021, 0x0021, 0x0021, 0x0021, 0x0021, 0x0021, 0x0021, 0x0021, 0x0021, 0x0021, 0x0021, 0x0020,
  0x0020, 0x0020, 0x0021, 0x0000, 0x7A07, 0xEC2E, 0xA2E9, 0x48E3, 0x10E3, 0x1904, 0x20C3, 0x2903,
  0x734B, 0x2124, 0x31A6, 0x39C7, 0x39C7, 0x4207, 0xB532, 0xDE35, 0xD614, 0xD615, 0xD614, 0xD614,
  0xD614, 0xD615, 0xD635, 0xD615, 0xD5F4, 0xD614, 0xD635, 0xD635, 0xD635, 0xD635, 0xD615, 0xD614,
  0xD615, 0xD635, 0xD615, 0xD615, 0xD635, 0xD635, 0xD615, 0xD614, 0xD615, 0xD635, 0xD615, 0xD615,
  0xD615, 0xD615, 0xD615, 0xD615, 0xD615, 0xD615, 0xD615, 0xD615, 0xD615, 0xD615, 0xD615, 0xD615,
  0xD635, 0xD635, 0xD635, 0xD615, 0xD615, 0xD615, 0xD614, 0xD614, 0xD614, 0xD635, 0xD615, 0xD615,
  0xD5F4, 0xD614, 0xD615, 0xD614, 0xD615, 0xD615, 0xD615, 0xDE35, 0xDE55, 0xD635, 0xD614, 0xD614,
  0xD614, 0xD5F4, 0xDE35, 0xB572, 0xA30A, 0xEC0D, 0x9AA9, 0x40C2, 0x10E3, 0x18E3, 0x3103, 0x30C3,
  0x2944, 0xB511, 0xB512, 0x8BED, 0x732A, 0x0000, 0x0021, 0x0021, 0x0021, 0x0021, 0x0021, 0x0021,
  0x0021, 0x0021, 0x0021, 0x0021, 0x0021, 0x0021, 0x0021, 0x0021, 0x0021, 0x0021, 0x0021, 0x0021,
  0x0021, 0x0021, 0x0021, 0x0021, 0x0021, 0x0021, 0x0021, 0x0021, 0x0021, 0x0021, 0x0021, 0x0021,
  0x0021, 0x0021, 0x0021, 0x0021, 0x0021, 0x0021, 0x0021, 0x0021, 0x0021, 0x0021, 0x0021, 0x0021,
  0x0021, 0x0021, 0x0021, 0x0021, 0x0021, 0x0021, 0x0021, 0x0021, 0x0021, 0x0021, 0x0021, 0x0021,
  0x0021, 0x0021, 0x0021, 0x0020, 0x0021, 0x0021, 0x0000, 0x3924, 0xE3CD, 0xBB8C, 0x6944, 0x18A3,
  0x18E4, 0x2104, 0x1082, 0x6AC9, 0x41E7, 0x2986, 0x39E7, 0x31C7, 0x39E7, 0x944F, 0xDE55, 0xD614,
  0xD615, 0xD614, 0xD614, 0xD615, 0xD614, 0xD614, 0xD635, 0xD615, 0xD615, 0xD615, 0xD615, 0xD635,
  0xD635, 0xD635, 0xD614, 0xD614, 0xD615, 0xD614, 0xD615, 0xD635, 0xD635, 0xD635, 0xD615, 0xD615,
  0xD615, 0xD615, 0xD615, 0xD615, 0xD615, 0xD615, 0xD615, 0xD615, 0xD615, 0xD614, 0xD614, 0xD615,
  0xD614, 0xD614, 0xD615, 0xD615, 0xD615, 0xD615, 0xD615, 0xD615, 0xD615, 0xD615, 0xD614, 0xD614,
  0xD615, 0xD615, 0xD635, 0xD615, 0xD615, 0xD615, 0xD635, 0xD615, 0xD614, 0xD615, 0xD5F4, 0xD5F4,
  0xD615, 0xD614, 0xD615, 0xD615, 0xD5F4, 0xD615, 0xCE14, 0x8B2B, 0xE3CC, 0xC3AC, 0x5924, 0x10C3,
  0x18E4, 0x18E4, 0x30E3, 0x28A2, 0x8C0D, 0xC5B4, 0x8BCD, 0x8BEC, 0x1082, 0x0000, 0x0021, 0x0021,
  0x0021, 0x0021, 0x0021, 0x0021, 0x0021, 0x0021, 0x0021, 0x0021, 0x0021, 0x0021, 0x0021, 0x0021,
  0x0021, 0x0021, 0x0021, 0x0021, 0x0021, 0x0021, 0x0021, 0x0021, 0x0021, 0x0021, 0x0021, 0x0021,
  0x0021, 0x0021, 0x0021, 0x0021, 0x0021, 0x0021, 0x0021, 0x0021, 0x0021, 0x0021, 0x0021, 0x0021,
  0x0021, 0x0021, 0x0021, 0x0021, 0x0021, 0x0021, 0x0021, 0x0021, 0x0021, 0x0021, 0x0021, 0x0021,
  0x0021, 0x0021, 0x0021, 0x0021, 0x0021, 0x0021, 0x0021, 0x0021, 0x0021, 0x0000, 0x1061, 0xCB4B,
  0xD40D, 0x81E6, 0x28A2, 0x10E4, 0x1904, 0x10A3, 0x5248, 0x5268, 0x2924, 0x6248, 0x39E7, 0x39C7,
  0x6B2B, 0xDE55, 0xD614, 0xD635, 0xD615, 0xD614, 0xD614, 0xD615, 0xD614, 0xD615, 0xD635, 0xD635,
  0xD635, 0xD635, 0xD615, 0xD635, 0xDE35, 0xD5F4, 0xD614, 0xD635, 0xD635, 0xD614, 0xD615, 0xD635,
  0xD615, 0xD615, 0xD615, 0xD615, 0xD615, 0xD615, 0xD635, 0xD635, 0xD635, 0xD615, 0xD615, 0xD635,
  0xD635, 0xD615, 0xD615, 0xD614, 0xD614, 0xD614, 0xD614, 0xD615, 0xD615, 0xD614, 0xD614, 0xD635,
  0xD635, 0xD615, 0xD614, 0xD614, 0xD615, 0xD615, 0xD615, 0xD615, 0xD615, 0xD615, 0xD635, 0xD635,
  0xD614, 0xD614, 0xD615, 0xD614, 0xD615, 0xD615, 0xD615, 0xD615, 0xD5F4, 0xDE76, 0x9C2E, 0xC32A,
  0xD3ED, 0x79C6, 0x20C3, 0x18E4, 0x18E3, 0x1904, 0x1082, 0x6AC9, 0xCDD4, 0x940E, 0x9C2D, 0x3165,
  0x0000, 0x0021, 0x0021, 0x0021, 0x0021, 0x0020, 0x0021, 0x0021, 0x0021, 0x0021, 0x0021, 0x0020,
  0x0021, 0x0021, 0x0021, 0x0021, 0x0021, 0x0021, 0x0021, 0x0021, 0x0021, 0x0021, 0x0021, 0x0021,
  0x0021, 0x0021, 0x0021, 0x0021, 0x0021, 0x0021, 0x0021, 0x0021, 0x0021, 0x0021, 0x0021, 0x0021,
  0x0021, 0x0021, 0x0021, 0x0021, 0x0021, 0x0021, 0x0021, 0x0021, 0x0021, 0x0021, 0x0021, 0x0021,
  0x0021, 0x0021, 0x0021, 0x0021, 0x0021, 0x0021, 0x0021, 0x0021, 0x0021, 0x0021, 0x0021, 0x0021,
  0x0021, 0x0000, 0x8227, 0xD3CC, 0x9288, 0x38A2, 0x10E3, 0x2104, 0x10C3, 0x3185, 0x732A, 0x2124,
  0x41A6, 0x71C6, 0x31A6, 0x5289, 0xC593, 0xD635, 0xD635, 0xD635, 0xD614, 0xD5F4, 0xD614, 0xD614,
  0xD615, 0xD615, 0xD635, 0xDE35, 0xDE35, 0xD635, 0xD635, 0xD615, 0xD615, 0xD615, 0xD615, 0xD635,
  0xD635, 0xD615, 0xD635, 0xD615, 0xD615, 0xD614, 0xD5F4, 0xD635, 0xD615, 0xD615, 0xD615, 0xD615,
  0xD635, 0xD615, 0xD635, 0xD635, 0xD615, 0xD615, 0xD615, 0xD615, 0xD615, 0xD615, 0xD615, 0xD615,
  0xD614, 0xD614, 0xD614, 0xD615, 0xD615, 0xD614, 0xD614, 0xD614, 0xD614, 0xD615, 0xD615, 0xD635,
  0xD635, 0xD615, 0xD635, 0xD635, 0xD635, 0xD615, 0xD615, 0xD614, 0xD615, 0xD615, 0xD614, 0xCDF4,
  0xDE56, 0xB532, 0x9288, 0xD3ED, 0x9268, 0x30A2, 0x10E3, 0x18E3, 0x18E4, 0x10A3, 0x3164, 0xBD31,
  0xA4D1, 0x940D, 0x5A88, 0x0000, 0x0021, 0x0021, 0x0021, 0x0021, 0x0021, 0x0021, 0x0021, 0x0021,
  0x0021, 0x0021, 0x0021, 0x0021, 0x0021, 0x0021, 0x0021, 0x0021, 0x0021, 0x0021, 0x0021, 0x0021,
  0x0021, 0x0021, 0x0021, 0x0021, 0x0021, 0x0021, 0x0021, 0x0021, 0x0021, 0x0021, 0x0021, 0x0021,
  0x0021, 0x0021, 0x0021, 0x0021, 0x0021, 0x0021, 0x0021, 0x0021, 0x0021, 0x0021, 0x0021, 0x0021,
  0x0021, 0x0021, 0x0021, 0x0021, 0x0021, 0x0021, 0x0021, 0x0021, 0x0021, 0x0021, 0x0021, 0x0021,
  0x0021, 0x0021, 0x0020, 0x0021, 0x0000, 0x5164, 0xB30A, 0x8247, 0x50E3, 0x10A3, 0x18E4, 0x18E3,
  0x18E3, 0x7B4B, 0x3185, 0x31A6, 0x31A6, 0x29A6, 0x39E7, 0xA4D0, 0xDE35, 0xD614, 0xD615, 0xD635,
  0xD615, 0xD614, 0xD615, 0xD614, 0xD615, 0xDE35, 0xDE35, 0xD635, 0xDE35, 0xDE35, 0xD635, 0xD635,
  0xD615, 0xD635, 0xD635, 0xD635, 0xD635, 0xDE35, 0xDE35, 0xD615, 0xD615, 0xD615, 0xD615, 0xD615,
  0xD615, 0xD615, 0xD615, 0xD635, 0xD635, 0xD615, 0xD615, 0xD615, 0xD615, 0xD615, 0xD614, 0xD614,
  0xD614, 0xD614, 0xD615, 0xD614, 0xD614, 0xD614, 0xD615, 0xD615, 0xD615, 0xD614, 0xD614, 0xD614,
  0xD615, 0xD615, 0xD635, 0xD635, 0xD615, 0xD614, 0xD635, 0xD635, 0xD635, 0xD615, 0xD615, 0xD614,
  0xD615, 0xD615, 0xD614, 0xD635, 0xCDF4, 0x8AE9, 0xA2A8, 0x8A68, 0x50E3, 0x10A3, 0x18E3, 0x18E3,
  0x18E3, 0x18C3, 0xA46F, 0xB532, 0x8BED, 0x838B, 0x0020, 0x0020, 0x0021, 0x0021, 0x0021, 0x0021,
  0x0021, 0x0021, 0x0021, 0x0021, 0x0021, 0x0021, 0x0021, 0x0021, 0x0021, 0x0021, 0x0021, 0x0021,
  0x0021, 0x0021, 0x0021, 0x0021, 0x0021, 0x0021, 0x0021, 0x0021, 0x0021, 0x0021, 0x0021, 0x0021,
  0x0021, 0x0021, 0x0021, 0x0021, 0x0021, 0x0021, 0x0021, 0x0021, 0x0021, 0x0021, 0x0021, 0x0021,
  0x0021, 0x0021, 0x0021, 0x0021, 0x0021, 0x0021, 0x0021, 0x0021, 0x0021, 0x0021, 0x0021, 0x0021,
  0x0021, 0x0021, 0x0021, 0x0021, 0x0021, 0x0021, 0x0021, 0x0000, 0x28C3, 0xDBAC, 0xCBAC, 0x6144,
  0x18C2, 0x1904, 0x1904, 0x0882, 0x6AE9, 0x4A07, 0x2945, 0x39C7, 0x31A6, 0x39C7, 0x83CD, 0xDE35,
  0xCDD4, 0xD615, 0xD615, 0xD615, 0xD614, 0xD5F4, 0xD5F4, 0xD5F4, 0xD615, 0xD635, 0xD635, 0xD635,
  0xD635, 0xD635, 0xD635, 0xD635, 0xD615, 0xD635, 0xD635, 0xD615, 0xD635, 0xD635, 0xD635, 0xD614,
  0xD635, 0xD635, 0xD615, 0xD614, 0xD615, 0xD635, 0xD635, 0xD635, 0xD615, 0xD615, 0xD615, 0xD615,
  0xD615, 0xD615, 0xD614, 0xD614, 0xD614, 0xD614, 0xD614, 0xD614, 0xD614, 0xD614, 0xD615, 0xD615,
  0xD615, 0xD614, 0xD614, 0xD614, 0xD5F4, 0xD614, 0xD614, 0xD615, 0xD614, 0xD615, 0xD635, 0xD615,
  0xD614, 0xD614, 0xD614, 0xD5F4, 0xD614, 0xD615, 0xD614, 0xDE56, 0x93CD, 0xCB4A, 0xCBAC, 0x6123,
  0x20C3, 0x18E4, 0x18E3, 0x1904, 0x1082, 0x7B4B, 0xCDF4, 0x8BED, 0x942D, 0x20E3, 0x0000, 0x0021,
  0x0021, 0x0021, 0x0021, 0x0020, 0x0021, 0x0021, 0x0021, 0x0021, 0x0021, 0x0021, 0x0021, 0x0021,
  0x0021, 0x0021, 0x0021, 0x0021, 0x0021, 0x0021, 0x0021, 0x0021, 0x0021, 0x0021, 0x0021, 0x0021,
  0x0021, 0x0021, 0x0021, 0x0021, 0x0021, 0x0021, 0x0021, 0x0021, 0x0021, 0x0021, 0x0021, 0x0020,
  0x0021, 0x0021, 0x0021, 0x0021, 0x0021, 0x0021, 0x0021, 0x0021, 0x0021, 0x0021, 0x0021, 0x0021,
  0x0021, 0x0021, 0x0021, 0x0021, 0x0021, 0x0021, 0x0021, 0x0021, 0x0021, 0x0021, 0x0020, 0x0841,
  0xBB2A, 0xE42E, 0x7A07, 0x3881, 0x20E3, 0x2104, 0x1082, 0x4A07, 0x62C9, 0x2104, 0x39C7, 0x31A6,
  0x39C7, 0x62EA, 0xD5F4, 0xD5F4, 0xD5F4, 0xD5F4, 0xD614, 0xD615, 0xD614, 0xD614, 0xD614, 0xD614,
  0xD615, 0xD615, 0xD635, 0xD635, 0xD635, 0xD615, 0xD615, 0xD615, 0xD615, 0xD635, 0xD635, 0xD635,
  0xDE35, 0xD635, 0xD615, 0xD614, 0xD635, 0xD635, 0xD615, 0xD615, 0xD615, 0xD615, 0xD615, 0xD635,
  0xD635, 0xD635, 0xD615, 0xD615, 0xD615, 0xD635, 0xD615, 0xD615, 0xD614, 0xD614, 0xD614, 0xD614,
  0xD614, 0xD615, 0xD615, 0xD615, 0xD635, 0xD615, 0xD635, 0xD615, 0xD614, 0xD5F4, 0xD614, 0xD615,
  0xD615, 0xD635, 0xD615, 0xD615, 0xD614, 0xD614, 0xD615, 0xD614, 0xD615, 0xD614, 0xE676, 0xACF1,
  0xB32A, 0xE42E, 0x8227, 0x3881, 0x18E3, 0x18E3, 0x18E3, 0x10A2, 0x4A27, 0xD5F4, 0x944F, 0x940D,
  0x4A06, 0x0000, 0x0021, 0x0021, 0x0021, 0x0021, 0x0021, 0x0021, 0x0021, 0x0021, 0x0021, 0x0021,
  0x0021, 0x0021, 0x0021, 0x0021, 0x0021, 0x0021, 0x0021, 0x0021, 0x0021, 0x0021, 0x0021, 0x0021,
  0x0021, 0x0021, 0x0021, 0x0021, 0x0021, 0x0021, 0x0021, 0x0021, 0x0021, 0x0021, 0x0021, 0x0021,
  0x0021, 0x0021, 0x0021, 0x0021, 0x0021, 0x0021, 0x0021, 0x0021, 0x0021, 0x0021, 0x0021, 0x0021,
  0x0021, 0x0021, 0x0021, 0x0021, 0x0021, 0x0021, 0x0021, 0x0021, 0x0021, 0x0021, 0x0021, 0x0021,
  0x0021, 0x0021, 0x0000, 0x8227, 0xEC2E, 0x9AC9, 0x40E2, 0x3103, 0x2104, 0x10E4, 0x2944, 0x7B6B,
  0x2945, 0x31C7, 0x31A6, 0x39C7, 0x4A48, 0xBD72, 0xDE35, 0xD5F4, 0xD614, 0xD614, 0xD614, 0xD635,
  0xD614, 0xD615, 0xD614, 0xD615, 0xD635, 0xD615, 0xD615, 0xD615, 0xD615, 0xD615, 0xD615, 0xD635,
  0xD615, 0xD614, 0xD635, 0xD615, 0xD635, 0xD635, 0xD635, 0xD615, 0xD635, 0xD615, 0xD615, 0xD615,
  0xD615, 0xD614, 0xD615, 0xD615, 0xD615, 0xD615, 0xD615, 0xD635, 0xD635, 0xDE35, 0xD635, 0xD615,
  0xD615, 0xD615, 0xD615, 0xD614, 0xD615, 0xD615, 0xD614, 0xD615, 0xD614, 0xD614, 0xD635, 0xD615,
  0xD615, 0xD615, 0xD635, 0xD635, 0xD615, 0xD615, 0xD615, 0xD615, 0xD615, 0xD615, 0xD615, 0xD615,
  0xD614, 0xDE35, 0xBDB3, 0x9B0A, 0xE3ED, 0xA30A, 0x40E3, 0x38E3, 0x20E3, 0x18E4, 0x10C3, 0x2103,
  0xBD31, 0xB532, 0x8BED, 0x730A, 0x0000, 0x0021, 0x0020, 0x0021, 0x0021, 0x0021, 0x0021, 0x0021,
  0x0021, 0x0021, 0x0021, 0x0021, 0x0021, 0x0021, 0x0021, 0x0021, 0x0021, 0x0021, 0x0021, 0x0021,
  0x0020, 0x0021, 0x0021, 0x0021, 0x0021, 0x0021, 0x0021, 0x0021, 0x0021, 0x0021, 0x0021, 0x0021,
  0x0021, 0x0021, 0x0021, 0x0021, 0x0021, 0x0021, 0x0021, 0x0021, 0x0021, 0x0021, 0x0021, 0x0021,
  0x0021, 0x0021, 0x0021, 0x0021, 0x0021, 0x0021, 0x0021, 0x0021, 0x0021, 0x0021, 0x0021, 0x0021,
  0x0021, 0x0021, 0x0021, 0x0021, 0x0021, 0x0000, 0x4124, 0xEC0D, 0xBB8C, 0x6144, 0x20C3, 0x48E3,
  0x18C3, 0x10C3, 0x732A, 0x31A6, 0x2986, 0x39C7, 0x31A6, 0x39E7, 0xA490, 0xDE55, 0xD5F4, 0xD614,
  0xD614, 0xD5F4, 0xD614, 0xD614, 0xD615, 0xD635, 0xD614, 0xD614, 0xD635, 0xDE35, 0xD635, 0xD615,
  0xD615, 0xD615, 0xD615, 0xD635, 0xD635, 0xD615, 0xD635, 0xD635, 0xD615, 0xD615, 0xD635, 0xD615,
  0xD635, 0xD615, 0xD615, 0xD635, 0xD615, 0xD614, 0xD635, 0xD615, 0xD615, 0xD615, 0xD615, 0xD615,
  0xD615, 0xD635, 0xD635, 0xDE35, 0xD635, 0xD615, 0xD615, 0xD615, 0xD615, 0xD635, 0xD614, 0xD614,
  0xD5F4, 0xD614, 0xD615, 0xD615, 0xD615, 0xD635, 0xDE35, 0xDE55, 0xDE35, 0xD635, 0xD635, 0xD635,
  0xD635, 0xD615, 0xD614, 0xD5F4, 0xD5F4, 0xD635, 0x8B6C, 0xDB8C, 0xC3CD, 0x6164, 0x3904, 0x5124,
  0x18E3, 0x1904, 0x10A2, 0x940D, 0xCDD4, 0x8BCD, 0x8BEC, 0x1061, 0x0000, 0x0021, 0x0020, 0x0021,
  0x0021, 0x0021, 0x0021, 0x0021, 0x0021, 0x0021, 0x0021, 0x0021, 0x0021, 0x0021, 0x0021, 0x0021,
  0x0021, 0x0021, 0x0021, 0x0021, 0x0021, 0x0021, 0x0021, 0x0021, 0x0021, 0x0021, 0x0021, 0x0021,
  0x0021, 0x0021, 0x0020, 0x0021, 0x0021, 0x0021, 0x0021, 0x0021, 0x0021, 0x0021, 0x0021, 0x0021,
  0x0021, 0x0021, 0x0021, 0x0021, 0x0021, 0x0021, 0x0021, 0x0021, 0x0021, 0x0021, 0x0021, 0x0021,
  0x0021, 0x0021, 0x0021, 0x0021, 0x0021, 0x0021, 0x0021, 0x0021, 0x0000, 0x1061, 0xCB6B, 0xD40D,
  0x79C6, 0x20A2, 0x10E3, 0x30E3, 0x1882, 0x62C9, 0x5248, 0x3145, 0x6A68, 0x31C6, 0x39C7, 0x736C,
  0xDE55, 0xD614, 0xD614, 0xD614, 0xD614, 0xD5F4, 0xD614, 0xD614, 0xD615, 0xD615, 0xD615, 0xD635,
  0xD615, 0xD635, 0xD635, 0xD635, 0xD635, 0xD614, 0xD615, 0xD635, 0xD635, 0xD635, 0xD635, 0xDE35,
  0xD635, 0xD615, 0xD614, 0xD614, 0xD635, 0xD614, 0xD615, 0xD615, 0xD614, 0xD614, 0xD635, 0xD615,
  0xD614, 0xD615, 0xD614, 0xD614, 0xD615, 0xD635, 0xD635, 0xD635, 0xD615, 0xD615, 0xD615, 0xD615,
  0xD615, 0xD635, 0xD615, 0xD615, 0xD615, 0xD614, 0xD614, 0xD614, 0xD615, 0xD615, 0xD615, 0xD635,
  0xDE55, 0xD635, 0xD635, 0xD635, 0xD615, 0xD615, 0xD614, 0xD5F4, 0xDE56, 0x9C6F, 0xBB2A, 0xDC0E,
  0x79E6, 0x20C2, 0x20E3, 0x48E3, 0x2104, 0x1082, 0x5A88, 0xC5B3, 0x944F, 0x942D, 0x3165, 0x0000,
  0x0021, 0x0021, 0x0021, 0x0020, 0x0021, 0x0021, 0x0021, 0x0021, 0x0021, 0x0021, 0x0021, 0x0021,
  0x0021, 0x0021, 0x0021, 0x0021, 0x0021, 0x0021, 0x0021, 0x0021, 0x0021, 0x0020, 0x0021, 0x0021,
  0x0021, 0x0021, 0x0021, 0x0021, 0x0021, 0x0021, 0x0021, 0x0021, 0x0021, 0x0021, 0x0021, 0x0021,
  0x0021, 0x0021, 0x0021, 0x0021, 0x0021, 0x0021, 0x0021, 0x0021, 0x0021, 0x0021, 0x0021, 0x0021,
  0x0021, 0x0021, 0x0021, 0x0021, 0x0021, 0x0021, 0x0021, 0x0021, 0x0021, 0x0020, 0x0021, 0x0021,
  0x0000, 0x9A88, 0xE42E, 0x9288, 0x38A2, 0x10E3, 0x1904, 0x20A3, 0x41C6, 0x6B0A, 0x1904, 0x49C6,
  0x71E6, 0x31A6, 0x5A89, 0xCDF4, 0xD614, 0xD614, 0xD614, 0xD614, 0xD615, 0xD615, 0xD5F4, 0xD5F4,
  0xD614, 0xD614, 0xD635, 0xD615, 0xD614, 0xD614, 0xD615, 0xD615, 0xD615, 0xD615, 0xD614, 0xD615,
  0xD635, 0xD615, 0xD615, 0xD615, 0xD635, 0xD615, 0xD615, 0xD615, 0xD615, 0xD615, 0xD614, 0xD614,
  0xD614, 0xD615, 0xD615, 0xD614, 0xD615, 0xD615, 0xD635, 0xD635, 0xD635, 0xD615, 0xD635, 0xD615,
  0xD615, 0xD615, 0xD615, 0xD615, 0xD615, 0xD614, 0xD615, 0xD614, 0xD614, 0xD614, 0xD614, 0xD615,
  0xD635, 0xD615, 0xD614, 0xD615, 0xD615, 0xD615, 0xD615, 0xD615, 0xD615, 0xD615, 0xD614, 0xDE55,
  0xB532, 0xA2E9, 0xE3ED, 0x9AA9, 0x38C2, 0x10E3, 0x18E4, 0x4924, 0x20E3, 0x3185, 0xC592, 0xA4B0,
  0x940D, 0x5A88, 0x0000, 0x0021, 0x0021, 0x0021, 0x0021, 0x0021, 0x0021, 0x0021, 0x0021, 0x0021,
  0x0021, 0x0021, 0x0021, 0x0021, 0x0021, 0x0021, 0x0021, 0x0021, 0x0021, 0x0021, 0x0021, 0x0021,
  0x0020, 0x0021, 0x0021, 0x0021, 0x0021, 0x0021, 0x0021, 0x0021, 0x0021, 0x0021, 0x0021, 0x0021,
  0x0021, 0x0021, 0x0020, 0x0021, 0x0021, 0x0021, 0x0021, 0x0021, 0x0021, 0x0021, 0x0021, 0x0021,
  0x0021, 0x0021, 0x0021, 0x0021, 0x0021, 0x0021, 0x0021, 0x0021, 0x0021, 0x0021, 0x0021, 0x0021,
  0x0021, 0x0021, 0x0021, 0x0000, 0x59A5, 0xEC2E, 0xAB4B, 0x5903, 0x10C3, 0x18E3, 0x10C3, 0x18E3,
  0x734B, 0x2944, 0x31A6, 0x31A6, 0x29A6, 0x4A28, 0xA4AF, 0xDE35, 0xD5F4, 0xD614, 0xD5F4, 0xD614,
  0xD614, 0xD614, 0xD615, 0xD615, 0xD614, 0xD614, 0xD615, 0xD614, 0xD615, 0xD615, 0xD635, 0xD614,
  0xD614, 0xD615, 0xD635, 0xD615, 0xD615, 0xD615, 0xD614, 0xD614, 0xD635, 0xD635, 0xD614, 0xD615,
  0xD615, 0xD615, 0xD615, 0xD614, 0xD615, 0xD614, 0xD615, 0xD615, 0xD615, 0xD615, 0xD615, 0xD635,
  0xD615, 0xD615, 0xD615, 0xD615, 0xD615, 0xD615, 0xD615, 0xD635, 0xD635, 0xD614, 0xD615, 0xD614,
  0xD614, 0xD614, 0xD5F4, 0xD615, 0xD615, 0xD615, 0xD635, 0xD615, 0xD614, 0xD614, 0xD614, 0xD614,
  0xD614, 0xD615, 0xDE35, 0xCDF4, 0x932A, 0xE3CC, 0xB38C, 0x5903, 0x10C3, 0x18E4, 0x18E3, 0x38E3,
  0x20E3, 0xA4B0, 0xBD52, 0x8BED, 0x83AB, 0x0020, 0x0020, 0x0021, 0x0020, 0x0021, 0x0021, 0x0021,
  0x0021, 0x0021, 0x0021, 0x0021, 0x0021, 0x0021, 0x0021, 0x0021, 0x0021, 0x0021, 0x0021, 0x0021,
  0x0021, 0x0021, 0x0021, 0x0020, 0x0021, 0x0021, 0x0021, 0x0021, 0x0021, 0x0021, 0x0021, 0x0021,
  0x0021, 0x0021, 0x0021, 0x0021, 0x0021, 0x0021, 0x0021, 0x0021, 0x0021, 0x0021, 0x0021, 0x0021,
  0x0021, 0x0021, 0x0021, 0x0021, 0x0021, 0x0021, 0x0021, 0x0021, 0x0021, 0x0021, 0x0021, 0x0021,
  0x0021, 0x0021, 0x0021, 0x0021, 0x0021, 0x0021, 0x0000, 0x28C2, 0xE3AC, 0xC3CD, 0x7165, 0x18A2,
  0x18E3, 0x18E4, 0x0882, 0x732A, 0x41E6, 0x2965, 0x39C7, 0x39C6, 0x39C6, 0x8C0D, 0xDE76, 0xD5F4,
  0xD5F4, 0xD614, 0xD614, 0xD614, 0xD614, 0xD614, 0xD614, 0xD614, 0xD615, 0xD615, 0xD615, 0xD614,
  0xD615, 0xD615, 0xD635, 0xD635, 0xD615, 0xD614, 0xD615, 0xD615, 0xD614, 0xD614, 0xD635, 0xD615,
  0xD615, 0xD635, 0xD614, 0xD614, 0xD635, 0xD615, 0xD635, 0xD635, 0xD614, 0xD615, 0xD615, 0xD615,
  0xD615, 0xD615, 0xD614, 0xD614, 0xD614, 0xD614, 0xD615, 0xD614, 0xD614, 0xD615, 0xD635, 0xD615,
  0xD615, 0xD615, 0xD614, 0xD615, 0xD635, 0xD615, 0xD615, 0xD615, 0xD615, 0xD635, 0xD615, 0xD614,
  0xD615, 0xD615, 0xD635, 0xD615, 0xD614, 0xD5F4, 0xDE76, 0x9C0E, 0xCB4B, 0xD40D, 0x71A5, 0x18A2,
  0x18E3, 0x18E3, 0x1904, 0x2881, 0x7B4A, 0xD615, 0x8BED, 0x940D, 0x20E3, 0x0000, 0x0021, 0x0020,
  0x0021, 0x0021, 0x0021, 0x0021, 0x0021, 0x0021, 0x0021, 0x0021, 0x0021, 0x0021, 0x0021, 0x0021,
  0x0021, 0x0021, 0x0021, 0x0021, 0x0021, 0x0021, 0x0021, 0x0020, 0x0021, 0x0021, 0x0021, 0x0021,
  0x0021, 0x0021, 0x0021, 0x0021, 0x0021, 0x0021, 0x0021, 0x0021, 0x0021, 0x0021, 0x0021, 0x0021,
  0x0021, 0x0021, 0x0021, 0x0021, 0x0021, 0x0021, 0x0021, 0x0021, 0x0021, 0x0021, 0x0021, 0x0021,
  0x0021, 0x0021, 0x0021, 0x0021, 0x0021, 0x0021, 0x0021, 0x0021, 0x0021, 0x0020, 0x0020, 0xAAE9,
  0xDC2E, 0x8A27, 0x28A2, 0x10E3, 0x18E4, 0x0882, 0x5268, 0x5A88, 0x2125, 0x39C7, 0x31A6, 0x39C7,
  0x6B4B, 0xD614, 0xD5F4, 0xD615, 0xD615, 0xD615, 0xDE35, 0xD615, 0xD635, 0xD615, 0xD614, 0xD614,
  0xD615, 0xD615, 0xD615, 0xD614, 0xD615, 0xD615, 0xD615, 0xD635, 0xD635, 0xD615, 0xD614, 0xD615,
  0xD615, 0xD635, 0xD635, 0xD635, 0xD615, 0xD615, 0xD615, 0xD615, 0xD615, 0xD635, 0xD635, 0xD635,
  0xD635, 0xDE35, 0xDE35, 0xD615, 0xD614, 0xD615, 0xD615, 0xD615, 0xD615, 0xD614, 0xD615, 0xD614,
  0xD614, 0xD615, 0xD615, 0xD635, 0xD615, 0xD615, 0xD635, 0xD615, 0xD635, 0xD635, 0xD635, 0xD615,
  0xD5F4, 0xD615, 0xD615, 0xD635, 0xD635, 0xD635, 0xD615, 0xD615, 0xD615, 0xDE76, 0xA4D0, 0xB2EA,
  0xE42E, 0x9268, 0x30A2, 0x10E3, 0x18E3, 0x1904, 0x10A3, 0x41C6, 0xCDD4, 0x944F, 0x942D, 0x4A06,
  0x0000, 0x0021, 0x0021, 0x0021, 0x0021, 0x0021, 0x0021, 0x0021, 0x0021, 0x0021, 0x0021, 0x0021,
  0x0021, 0x0021, 0x0021, 0x0021, 0x0021, 0x0021, 0x0021, 0x0021, 0x0021, 0x0021, 0x0020, 0x0020,
  0x0020, 0x0021, 0x0021, 0x0021, 0x0021, 0x0021, 0x0021, 0x0021, 0x0021, 0x0021, 0x0021, 0x0021,
  0x0021, 0x0021, 0x0021, 0x0021, 0x0021, 0x0021, 0x0021, 0x0021, 0x0021, 0x0021, 0x0021, 0x0021,
  0x0021, 0x0021, 0x0021, 0x0021, 0x0021, 0x0021, 0x0021, 0x0021, 0x0021, 0x0021, 0x0021, 0x0021,
  0x0021, 0x0000, 0x69C6, 0xB32A, 0x8A68, 0x48E3, 0x10E3, 0x2104, 0x10A3, 0x3185, 0x732A, 0x2124,
  0x39C7, 0x39C7, 0x39C7, 0x4A48, 0xC593, 0xD635, 0xD5F4, 0xD635, 0xD615, 0xD635, 0xDE35, 0xD615,
  0xD615, 0xD615, 0xD614, 0xD614, 0xD614, 0xD635, 0xD635, 0xD615, 0xD5F4, 0xD614, 0xD615, 0xD635,
  0xD615, 0xD614, 0xD614, 0xD614, 0xD615, 0xD635, 0xD615, 0xD615, 0xD614, 0xD615, 0xD615, 0xD615,
  0xD614, 0xD614, 0xD635, 0xD635, 0xD615, 0xD615, 0xD635, 0xD635, 0xD614, 0xD615, 0xD615, 0xD615,
  0xD614, 0xD614, 0xD615, 0xD614, 0xD615, 0xD615, 0xD614, 0xD615, 0xD615, 0xD615, 0xD635, 0xD635,
  0xD615, 0xD635, 0xD615, 0xD635, 0xD635, 0xD615, 0xD615, 0xD635, 0xD635, 0xD615, 0xD614, 0xD614,
  0xDE35, 0xCE15, 0x9B0A, 0xE3CC, 0xA30A, 0x48E3, 0x10C3, 0x18E3, 0x18E3, 0x18C3, 0x2103, 0xA4AF,
  0xACF1, 0x940D, 0x6B0A, 0x0000, 0x0021, 0x0021, 0x0021, 0x0021, 0x0021, 0x0021, 0x0021, 0x0021,
  0x0021, 0x0021, 0x0020, 0x0021, 0x0021, 0x0021, 0x0021, 0x0021, 0x0021, 0x0021, 0x0021, 0x0021,
  0x0021, 0x0021, 0x0021, 0x0021, 0x0021, 0x0021, 0x0021, 0x0021, 0x0021, 0x0021, 0x0021, 0x0021,
  0x0021, 0x0021, 0x0021, 0x0021, 0x0021, 0x0021, 0x0021, 0x0021, 0x0021, 0x0021, 0x0021, 0x0021,
  0x0021, 0x0021, 0x0021, 0x0021, 0x0021, 0x0021, 0x0021, 0x0021, 0x0021, 0x0021, 0x0021, 0x0021,
  0x0021, 0x0021, 0x0020, 0x0021, 0x0000, 0x4144, 0xE3ED, 0xB32B, 0x48E2, 0x10C3, 0x18E4, 0x18E4,
  0x18E3, 0x7B6B, 0x2965, 0x2986, 0x39C7, 0x39C6, 0x4208, 0xA4B0, 0xDE55, 0xD614, 0xD614, 0xD635,
  0xD635, 0xD635, 0xD615, 0xD614, 0xD615, 0xD615, 0xD614, 0xD614, 0xD614, 0xD635, 0xD635, 0xD614,
  0xD614, 0xD614, 0xD615, 0xD635, 0xD615, 0xD614, 0xD614, 0xD615, 0xD615, 0xD615, 0xD635, 0xD615,
  0xD614, 0xD615, 0xD635, 0xD615, 0xD615, 0xD615, 0xD615, 0xD635, 0xD615, 0xD614, 0xD614, 0xD635,
  0xD635, 0xD615, 0xD614, 0xD615, 0xD635, 0xD615, 0xD615, 0xD635, 0xD615, 0xD615, 0xD615, 0xD614,
  0xD615, 0xD615, 0xD615, 0xD635, 0xD635, 0xD615, 0xD615, 0xD635, 0xD615, 0xD615, 0xD635, 0xD635,
  0xD615, 0xD614, 0xD615, 0xD614, 0xD635, 0x834B, 0xC32A, 0xCBCC, 0x6964, 0x18C3, 0x18E3, 0x18E3,
  0x18E3, 0x10A2, 0x8BED, 0xC593, 0x83AC, 0x8BCC, 0x1082, 0x0000, 0x0021, 0x0021, 0x0021, 0x0021,
  0x0021, 0x0021, 0x0021, 0x0021, 0x0021, 0x0021, 0x0021, 0x0021, 0x0021, 0x0021, 0x0021, 0x0021,
  0x0021, 0x0021, 0x0021, 0x0021, 0x0021, 0x0021, 0x0021, 0x0021, 0x0021, 0x0021, 0x0021, 0x0021,
  0x0021, 0x0021, 0x0021, 0x0021, 0x0021, 0x0021, 0x0021, 0x0021, 0x0021, 0x0021, 0x0021, 0x0021,
  0x0021, 0x0021, 0x0021, 0x0021, 0x0021, 0x0021, 0x0021, 0x0021, 0x0021, 0x0020, 0x0021, 0x0021,
  0x0021, 0x0021, 0x0021, 0x0021, 0x0021, 0x0021, 0x0021, 0x0000, 0x1081, 0xCB6B, 0xCBCC, 0x81E6,
  0x30C2, 0x18E4, 0x18E3, 0x1082, 0x6AEA, 0x4A27, 0x3165, 0x49E7, 0x31A6, 0x39C6, 0x736B, 0xDE35,
  0xD614, 0xD615, 0xD615, 0xD615, 0xDE35, 0xD635, 0xD635, 0xD615, 0xD614, 0xD635, 0xD615, 0xD614,
  0xD614, 0xD614, 0xD614, 0xD614, 0xD615, 0xD615, 0xD615, 0xD614, 0xD614, 0xD615, 0xD615, 0xD615,
  0xD635, 0xD615, 0xD615, 0xD615, 0xDE35, 0xD615, 0xD615, 0xD615, 0xD615, 0xD615, 0xD614, 0xD615,
  0xD615, 0xD614, 0xD614, 0xD615, 0xDE35, 0xDE35, 0xD614, 0xD614, 0xD615, 0xD615, 0xD635, 0xD635,
  0xD635, 0xD615, 0xD615, 0xD615, 0xD615, 0xD635, 0xD635, 0xD615, 0xD615, 0xD635, 0xD615, 0xD615,
  0xD635, 0xD615, 0xD615, 0xD615, 0xD615, 0xD615, 0xD5F4, 0xDE76, 0xA48F, 0x9247, 0xA2E9, 0x81A5,
  0x28C2, 0x10E4, 0x18E3, 0x18E4, 0x0882, 0x5A88, 0xD5F4, 0x942E, 0x9C2D, 0x3164, 0x0000, 0x0021,
  0x0021, 0x0021, 0x0021, 0x0021, 0x0021, 0x0021, 0x0021, 0x0021, 0x0021, 0x0021, 0x0021, 0x0021,
  0x0021, 0x0021, 0x0021, 0x0021, 0x0021, 0x0021, 0x0021, 0x0021, 0x0021, 0x0021, 0x0021, 0x0020,
  0x0021, 0x0021, 0x0021, 0x0021, 0x0021, 0x0021, 0x0021, 0x0020, 0x0021, 0x0021, 0x0021, 0x0021,
  0x0021, 0x0021, 0x0021, 0x0021, 0x0021, 0x0021, 0x0021, 0x0021, 0x0021, 0x0021, 0x0021, 0x0021,
  0x0021, 0x0021, 0x0021, 0x0021, 0x0021, 0x0021, 0x0021, 0x0021, 0x0021, 0x0021, 0x0021, 0x0000,
  0x9AA9, 0xE42E, 0x9288, 0x38C2, 0x28C3, 0x1904, 0x10A2, 0x4A27, 0x6B0A, 0x1925, 0x59C6, 0x61A5,
  0x2986, 0x62CA, 0xCDD3, 0xD5F4, 0xD615, 0xD615, 0xD615, 0xD615, 0xD615, 0xD615, 0xD615, 0xD614,
  0xD615, 0xD615, 0xD615, 0xD615, 0xD615, 0xD615, 0xD615, 0xD635, 0xD635, 0xD615, 0xD615, 0xD615,
  0xD615, 0xD615, 0xD635, 0xD615, 0xD615, 0xD635, 0xD615, 0xD615, 0xD635, 0xD615, 0xD615, 0xD635,
  0xD635, 0xD615, 0xD614, 0xD5F4, 0xD615, 0xD635, 0xD615, 0xD614, 0xD615, 0xDE35, 0xD635, 0xD615,
  0xD615, 0xD615, 0xD635, 0xD635, 0xD615, 0xD615, 0xD615, 0xD635, 0xD635, 0xD635, 0xD615, 0xD614,
  0xD615, 0xD615, 0xD615, 0xD615, 0xD615, 0xD615, 0xD635, 0xD615, 0xD614, 0xD614, 0xDE55, 0xBD93,
  0xA2EA, 0xDBAC, 0x9288, 0x2881, 0x10E3, 0x18E3, 0x18E3, 0x10A3, 0x3185, 0xC592, 0xA4B0, 0x940D,
  0x5A88, 0x0000, 0x0021, 0x0021, 0x0021, 0x0021, 0x0021, 0x0021, 0x0021, 0x0021, 0x0021, 0x0021,
  0x0021, 0x0021, 0x0021, 0x0021, 0x0021, 0x0021, 0x0021, 0x0021, 0x0021, 0x0021, 0x0021, 0x0021,
  0x0021, 0x0021, 0x0021, 0x0021, 0x0021, 0x0020, 0x0021, 0x0021, 0x0021, 0x0021, 0x0021, 0x0021,
  0x0021, 0x0021, 0x0021, 0x0021, 0x0021, 0x0021, 0x0021, 0x0021, 0x0021, 0x0021, 0x0021, 0x0021,
  0x0021, 0x0021, 0x0021, 0x0021, 0x0021, 0x0021, 0x0021, 0x0021, 0x0021, 0x0021, 0x0021, 0x0021,
  0x0021, 0x0021, 0x0000, 0x61C6, 0xEC2E, 0xAB4B, 0x50E2, 0x3903, 0x38E3, 0x10C3, 0x2924, 0x7B6B,
  0x2945, 0x39E7, 0x31A6, 0x31A6, 0x4A28, 0xB532, 0xDE35, 0xD5F4, 0xD614, 0xD615, 0xD614, 0xD615,
  0xD615, 0xD615, 0xD615, 0xD614, 0xD614, 0xD615, 0xD615, 0xD615, 0xD615, 0xD615, 0xD635, 0xD615,
  0xD615, 0xD614, 0xD614, 0xD614, 0xD614, 0xD614, 0xD614, 0xD615, 0xD615, 0xD615, 0xD635, 0xD614,
  0xD5F4, 0xD615, 0xD615, 0xD615, 0xDE35, 0xD635, 0xD615, 0xD615, 0xD635, 0xD635, 0xD635, 0xD614,
  0xD615, 0xD635, 0xD635, 0xD615, 0xD614, 0xD614, 0xCDF4, 0xD615, 0xD615, 0xD615, 0xD635, 0xD615,
  0xD635, 0xD615, 0xD5F4, 0xD5F4, 0xD614, 0xD615, 0xD614, 0xD615, 0xD614, 0xD5F4, 0xD615, 0xD615,
  0xD615, 0xD615, 0xCDF4, 0x932A, 0xE3CC, 0xB36B, 0x6103, 0x28A2, 0x18E4, 0x18E3, 0x18E3, 0x18C3,
  0xA48F, 0xBD73, 0x8BCC, 0x838B, 0x0020, 0x0020, 0x0021, 0x0021, 0x0021, 0x0021, 0x0021, 0x0021,
  0x0021, 0x0021, 0x0021, 0x0021, 0x0021, 0x0021, 0x0021, 0x0021, 0x0021, 0x0021, 0x0021, 0x0021,
  0x0021, 0x0021, 0x0021, 0x0021, 0x0021, 0x0021, 0x0021, 0x0021, 0x0020, 0x0020, 0x0021, 0x0021,
  0x0020, 0x0021, 0x0021, 0x0021, 0x0021, 0x0021, 0x0021, 0x0021, 0x0021, 0x0021, 0x0021, 0x0021,
  0x0021, 0x0021, 0x0021, 0x0021, 0x0021, 0x0021, 0x0021, 0x0021, 0x0021, 0x0021, 0x0021, 0x0021,
  0x0021, 0x0021, 0x0021, 0x0021, 0x0021, 0x0000, 0x28C3, 0xE3CC, 0xC3CD, 0x7185, 0x18A2, 0x20C3,
  0x38E3, 0x18E3, 0x732A, 0x39A6, 0x3186, 0x39C7, 0x39C7, 0x39E7, 0x9C6F, 0xDE55, 0xD615, 0xD614,
  0xD5F4, 0xD615, 0xD5F4, 0xD615, 0xDE35, 0xD615, 0xD615, 0xD615, 0xD615, 0xD635, 0xD614, 0xD615,
  0xD635, 0xD635, 0xD615, 0xD614, 0xD614, 0xD615, 0xD615, 0xD614, 0xD614, 0xD5F4, 0xD5F4, 0xD614,
  0xD615, 0xD615, 0xDE35, 0xD635, 0xD614, 0xD615, 0xD615, 0xD635, 0xD635, 0xD635, 0xD635, 0xD615,
  0xD615, 0xD614, 0xD615, 0xD615, 0xD614, 0xD5F4, 0xD615, 0xD614, 0xD614, 0xD615, 0xD615, 0xD615,
  0xD635, 0xD635, 0xD615, 0xD615, 0xD614, 0xD614, 0xD614, 0xD615, 0xD615, 0xD615, 0xD635, 0xD635,
  0xD615, 0xD615, 0xD615, 0xD615, 0xD614, 0xDE76, 0x940E, 0xCB2A, 0xD3ED, 0x71A6, 0x30C2, 0x3903,
  0x10E3, 0x1904, 0x0882, 0x6B0A, 0xBD52, 0x940E, 0x942D, 0x20E3, 0x0000, 0x0021, 0x0021, 0x0021,
  0x0021, 0x0021, 0x0021, 0x0021, 0x0021, 0x0021, 0x0021, 0x0021, 0x0021, 0x0021, 0x0021, 0x0021,
  0x0021, 0x0021, 0x0021, 0x0021, 0x0021, 0x0021, 0x0021, 0x0021, 0x0021, 0x0021, 0x0021, 0x0021,
  0x0020, 0x0021, 0x0021, 0x0021, 0x0021, 0x0020, 0x0021, 0x0021, 0x0020, 0x0021, 0x0021, 0x0021,
  0x0021, 0x0021, 0x0021, 0x0021, 0x0021, 0x0021, 0x0021, 0x0021, 0x0021, 0x0021, 0x0021, 0x0021,
  0x0021, 0x0021, 0x0021, 0x0021, 0x0021, 0x0021, 0x0021, 0x0021, 0x0020, 0x0841, 0xBB0A, 0xDC0E,
  0x8A27, 0x30C2, 0x10E4, 0x18E4, 0x1861, 0x5AA9, 0x5268, 0x2125, 0x39C7, 0x39C7, 0x31A6, 0x734B,
  0xDE35, 0xD5F4, 0xD614, 0xD615, 0xD614, 0xD615, 0xDE35, 0xD635, 0xD615, 0xD615, 0xD5F4, 0xD614,
  0xD635, 0xD615, 0xD614, 0xD615, 0xD615, 0xD635, 0xD635, 0xD614, 0xD635, 0xD635, 0xD635, 0xD615,
  0xD614, 0xD615, 0xD614, 0xD614, 0xD615, 0xD615, 0xD615, 0xD615, 0xD635, 0xD615, 0xD615, 0xD635,
  0xD615, 0xD615, 0xD635, 0xD635, 0xD614, 0xD615, 0xD635, 0xD615, 0xD614, 0xD615, 0xD635, 0xD615,
  0xD614, 0xD614, 0xD614, 0xD615, 0xD615, 0xD615, 0xD635, 0xD615, 0xD614, 0xD615, 0xD635, 0xD615,
  0xD615, 0xD615, 0xD635, 0xD635, 0xD635, 0xD615, 0xD615, 0xD615, 0xDE55, 0xAD11, 0xAB0A, 0xE42E,
  0x8A68, 0x30A2, 0x4144, 0x38E3, 0x1904, 0x10A3, 0x4A06, 0xCDD4, 0x944F, 0x9C4E, 0x4A07, 0x0000,
  0x0021, 0x0021, 0x0021, 0x0021, 0x0021, 0x0021, 0x0021, 0x0021, 0x0021, 0x0021, 0x0021, 0x0021,
  0x0021, 0x0021, 0x0021, 0x0021, 0x0021, 0x0021, 0x0021, 0x0021, 0x0021, 0x0021, 0x0021, 0x0021,
  0x0021, 0x0021, 0x0021, 0x0021, 0x0020, 0x0020, 0x0020, 0x0021, 0x0021, 0x0021, 0x0021, 0x0021,
  0x0021, 0x0020, 0x0021, 0x0020, 0x0021, 0x0021, 0x0021, 0x0021, 0x0021, 0x0021, 0x0021, 0x0021,
  0x0021, 0x0021, 0x0021, 0x0020, 0x0021, 0x0021, 0x0021, 0x0020, 0x0021, 0x0021, 0x0021, 0x0021,
  0x0000, 0x8227, 0xEC2E, 0xA2EA, 0x48E3, 0x10C3, 0x2104, 0x10A3, 0x3985, 0x6AE9, 0x2104, 0x39E7,
  0x31A6, 0x39C7, 0x5289, 0xCDD3, 0xD615, 0xD614, 0xD615, 0xD615, 0xD615, 0xD635, 0xDE35, 0xD635,
  0xD615, 0xD615, 0xD615, 0xD614, 0xD635, 0xD635, 0xD614, 0xD615, 0xD615, 0xD615, 0xD615, 0xD615,
  0xD635, 0xD635, 0xD615, 0xD614, 0xD635, 0xD615, 0xD615, 0xD5F4, 0xD615, 0xD615, 0xD614, 0xD614,
  0xD615, 0xD614, 0xD615, 0xD615, 0xD614, 0xD635, 0xD635, 0xD614, 0xD615, 0xD615, 0xD635, 0xD635,
  0xD635, 0xD635, 0xD635, 0xD614, 0xD615, 0xD614, 0xD614, 0xD615, 0xD615, 0xD614, 0xD615, 0xD635,
  0xD635, 0xD635, 0xD635, 0xD615, 0xD614, 0xD615, 0xD635, 0xD635, 0xD635, 0xD615, 0xD614, 0xDE35,
  0xC5D4, 0x930A, 0xE3ED, 0xB34B, 0x50E3, 0x08C3, 0x30C3, 0x4124, 0x10E3, 0x2103, 0xBD31, 0xB512,
  0x8BED, 0x6B0A, 0x0000, 0x0021, 0x0021, 0x0021, 0x0021, 0x0021, 0x0021, 0x0021, 0x0021, 0x0021,
  0x0021, 0x0021, 0x0021, 0x0021, 0x0021, 0x0021, 0x0021, 0x0021, 0x0021, 0x0021, 0x0021, 0x0021,
  0x0021, 0x0021, 0x0021, 0x0021, 0x0021, 0x0021, 0x0021, 0x0021, 0x0020, 0x0020, 0x0021, 0x0021,
  0x0021, 0x0021, 0x0021, 0x0021, 0x0021, 0x0021, 0x0021, 0x0021, 0x0021, 0x0021, 0x0021, 0x0021,
  0x0021, 0x0021, 0x0021, 0x0021, 0x0021, 0x0021, 0x0020, 0x0021, 0x0021, 0x0021, 0x0021, 0x0020,
  0x0021, 0x0021, 0x0021, 0x0000, 0x4944, 0xEC0D, 0xBB8C, 0x6944, 0x18C3, 0x18E4, 0x18C3, 0x2104,
  0x7B6B, 0x2124, 0x29A6, 0x39C7, 0x39C7, 0x41E7, 0xB511, 0xDE35, 0xD5F4, 0xD615, 0xD614, 0xD615,
  0xD615, 0xD635, 0xD635, 0xD615, 0xD615, 0xD615, 0xD615, 0xD614, 0xD614, 0xD615, 0xD615, 0xD635,
  0xD635, 0xD635, 0xD615, 0xD635, 0xD614, 0xD615, 0xD614, 0xD5F4, 0xD635, 0xD615, 0xD614, 0xD615,
  0xD614, 0xD615, 0xD615, 0xD614, 0xD614, 0xD635, 0xD614, 0xD614, 0xD614, 0xD615, 0xD635, 0xD614,
  0xD615, 0xD635, 0xD615, 0xD615, 0xD615, 0xD615, 0xD614, 0xD614, 0xD615, 0xD615, 0xD615, 0xD614,
  0xD614, 0xD615, 0xD615, 0xD615, 0xD615, 0xD614, 0xD614, 0xD615, 0xD615, 0xD615, 0xD615, 0xD635,
  0xD614, 0xD614, 0xD614, 0xD655, 0x8B8C, 0xD38C, 0xC3CC, 0x7164, 0x20C3, 0x1904, 0x20E3, 0x38E3,
  0x08A2, 0x8BCC, 0xCDD4, 0x8BCD, 0x8BED, 0x1081, 0x0000, 0x0021, 0x0021, 0x0021, 0x0021, 0x0021,
  0x0021, 0x0021, 0x0021, 0x0021, 0x0021, 0x0021, 0x0021, 0x0021, 0x0021, 0x0021, 0x0021, 0x0021,
  0x0021, 0x0021, 0x0021, 0x0021, 0x0021, 0x0021, 0x0021, 0x0021, 0x0021, 0x0021, 0x0021, 0x0021,
  0x0021, 0x0021, 0x0021, 0x0021, 0x0021, 0x0021, 0x0021, 0x0021, 0x0021, 0x0021, 0x0021, 0x0021,
  0x0021, 0x0021, 0x0021, 0x0021, 0x0021, 0x0021, 0x0021, 0x0021, 0x0021, 0x0021, 0x0021, 0x0021,
  0x0021, 0x0021, 0x0021, 0x0021, 0x0021, 0x0021, 0x0000, 0x1881, 0xD38B, 0xD3ED, 0x79E6, 0x28C2,
  0x10E4, 0x1904, 0x0882, 0x6B0A, 0x4207, 0x3985, 0x49C6, 0x31A6, 0x39C7, 0x8BED, 0xDE35, 0xD5F4,
  0xD614, 0xD615, 0xD614, 0xD615, 0xD615, 0xD615, 0xD635, 0xD615, 0xD615, 0xD635, 0xD615, 0xD615,
  0xD614, 0xD614, 0xD635, 0xD615, 0xD615, 0xD615, 0xD635, 0xDE35, 0xD615, 0xD614, 0xD615, 0xD615,
  0xD614, 0xD615, 0xD614, 0xD615, 0xD615, 0xD615, 0xD615, 0xD615, 0xD615, 0xDE35, 0xD615, 0xD5F4,
  0xD615, 0xD614, 0xD615, 0xD615, 0xD615, 0xD615, 0xD614, 0xD615, 0xD615, 0xD615, 0xD614, 0xD614,
  0xD615, 0xD635, 0xD615, 0xD614, 0xD614, 0xD615, 0xD615, 0xD615, 0xD614, 0xD614, 0xD614, 0xD614,
  0xD635, 0xD615, 0xD615, 0xD635, 0xD615, 0xD614, 0xDE56, 0xA490, 0xBB0A, 0xDC2E, 0x8227, 0x28A2,
  0x10E4, 0x1904, 0x2904, 0x2861, 0x5288, 0xD615, 0x940E, 0x9C2E, 0x3165, 0x0000, 0x0021, 0x0021,
  0x0020, 0x0020, 0x0021, 0x0021, 0x0021, 0x0021, 0x0021, 0x0021, 0x0021, 0x0021, 0x0021, 0x0021,
  0x0021, 0x0021, 0x0021, 0x0021, 0x0021, 0x0021, 0x0021, 0x0021, 0x0021, 0x0021, 0x0021, 0x0021,
  0x0021, 0x0021, 0x0021, 0x0021, 0x0021, 0x0021, 0x0021, 0x0021, 0x0021, 0x0021, 0x0021, 0x0021,
  0x0021, 0x0021, 0x0021, 0x0021, 0x0021, 0x0021, 0x0021, 0x0021, 0x0021, 0x0021, 0x0021, 0x0021,
  0x0021, 0x0021, 0x0021, 0x0021, 0x0021, 0x0020, 0x0021, 0x0021, 0x0021, 0x0021, 0x0000, 0xA2A9,
  0xE42E, 0x9288, 0x38C2, 0x10E3, 0x2104, 0x10A3, 0x4A27, 0x62A9, 0x1904, 0x59E6, 0x61C6, 0x31A6,
  0x6B0A, 0xDE35, 0xD5F4, 0xD614, 0xD615, 0xD614, 0xD615, 0xD615, 0xD614, 0xD614, 0xD614, 0xD614,
  0xD614, 0xD614, 0xD614, 0xD615, 0xD615, 0xD615, 0xD615, 0xD5F4, 0xD614, 0xD614, 0xD615, 0xD615,
  0xD614, 0xD615, 0xD635, 0xD615, 0xD614, 0xD615, 0xD615, 0xD614, 0xD615, 0xD615, 0xD614, 0xD614,
  0xD635, 0xD614, 0xD615, 0xD615, 0xD614, 0xD614, 0xD5F4, 0xD615, 0xD615, 0xD615, 0xD615, 0xD614,
  0xD614, 0xD5F4, 0xD614, 0xD614, 0xD614, 0xD635, 0xD615, 0xD615, 0xD615, 0xD615, 0xD615, 0xD614,
  0xD5F4, 0xD614, 0xD615, 0xD615, 0xD615, 0xD615, 0xD615, 0xD635, 0xD615, 0xDE35, 0xB552, 0x9AEA,
  0xE40D, 0xA2E9, 0x40C3, 0x10C3, 0x18E3, 0x1904, 0x18C3, 0x4984, 0xC593, 0xA4B0, 0x940D, 0x5A88,
  0x0000, 0x0021, 0x0021, 0x0021, 0x0020, 0x0021, 0x0021, 0x0021, 0x0021, 0x0021, 0x0021, 0x0021,
  0x0021, 0x0021, 0x0021, 0x0021, 0x0021, 0x0021, 0x0021, 0x0021, 0x0021, 0x0021, 0x0021, 0x0021,
  0x0021, 0x0021, 0x0021, 0x0021, 0x0021, 0x0021, 0x0021, 0x0021, 0x0021, 0x0020, 0x0020, 0x0021,
  0x0021, 0x0021, 0x0021, 0x0021, 0x0021, 0x0021, 0x0021, 0x0021, 0x0021, 0x0021, 0x0021, 0x0021,
  0x0021, 0x0021, 0x0021, 0x0021, 0x0021, 0x0021, 0x0021, 0x0021, 0x0021, 0x0021, 0x0021, 0x0020,
  0x0021, 0x0000, 0x61A6, 0xEC2E, 0xAB2B, 0x5903, 0x10C3, 0x18E4, 0x10C3, 0x3165, 0x732B, 0x2124,
  0x39C7, 0x31A6, 0x31A6, 0x5269, 0xC572, 0xD635, 0xD5F4, 0xD5F4, 0xD614, 0xD614, 0xD614, 0xD615,
  0xD615, 0xD614, 0xD5F4, 0xD615, 0xD615, 0xD615, 0xD5F4, 0xD614, 0xD615, 0xD615, 0xD615, 0xD614,
  0xD635, 0xD615, 0xD614, 0xD614, 0xD635, 0xD635, 0xD615, 0xD614, 0xD614, 0xD615, 0xDE35, 0xD635,
  0xD615, 0xD615, 0xD614, 0xD614, 0xD635, 0xD615, 0xD635, 0xD635, 0xD615, 0xD614, 0xD615, 0xD615,
  0xD615, 0xD615, 0xD635, 0xD614, 0xD5F4, 0xD614, 0xD615, 0xD615, 0xD614, 0xD615, 0xD635, 0xD615,
  0xD615, 0xD614, 0xD615, 0xD614, 0xD614, 0xD614, 0xD615, 0xD635, 0xD615, 0xD615, 0xD615, 0xD615,
  0xD615, 0xD615, 0x8B4B, 0xDBAC, 0xBB8C, 0x6124, 0x18C3, 0x18E3, 0x18E3, 0x18E3, 0x18C3, 0xA4AF,
  0xBD73, 0x8BCD, 0x838B, 0x0020, 0x0020, 0x0021, 0x0021, 0x0021, 0x0021, 0x0021, 0x0021, 0x0021,
  0x0021, 0x0021, 0x0021, 0x0021, 0x0021, 0x0021, 0x0021, 0x0021, 0x0021, 0x0021, 0x0021, 0x0021,
  0x0021, 0x0021, 0x0021, 0x0021, 0x0021, 0x0021, 0x0021, 0x0021, 0x0021, 0x0021, 0x0021, 0x0021,
  0x0020, 0x0021, 0x0020, 0x0021, 0x0021, 0x0021, 0x0021, 0x0021, 0x0021, 0x0021, 0x0021, 0x0021,
  0x0021, 0x0021, 0x0021, 0x0021, 0x0021, 0x0021, 0x0021, 0x0021, 0x0021, 0x0021, 0x0021, 0x0021,
  0x0021, 0x0021, 0x0020, 0x0021, 0x0000, 0x28C3, 0xE3CC, 0xC3CC, 0x7165, 0x20A2, 0x18E4, 0x18E3,
  0x10C3, 0x734A, 0x3185, 0x31A6, 0x31A6, 0x31C6, 0x39E7, 0xA48F, 0xDE55, 0xD615, 0xD614, 0xD615,
  0xD615, 0xD615, 0xD615, 0xD614, 0xD615, 0xD614, 0xD5F4, 0xD614, 0xD614, 0xD615, 0xD5F4, 0xD614,
  0xD615, 0xD615, 0xD615, 0xD635, 0xD635, 0xD615, 0xD614, 0xD614, 0xD615, 0xD615, 0xD614, 0xD614,
  0xD614, 0xD615, 0xD635, 0xD615, 0xD614, 0xD614, 0xD615, 0xD615, 0xD614, 0xD615, 0xD615, 0xD614,
  0xD615, 0xD615, 0xD635, 0xD615, 0xD5F4, 0xD614, 0xD635, 0xD615, 0xD5F4, 0xD615, 0xD635, 0xD615,
  0xD615, 0xD615, 0xD615, 0xD615, 0xD615, 0xD614, 0xD614, 0xD615, 0xD635, 0xD615, 0xD615, 0xD635,
  0xD615, 0xD614, 0xD615, 0xD5F4, 0xDE76, 0x9C0E, 0xC32A, 0xD42E, 0x79A5, 0x20A2, 0x10E3, 0x18E3,
  0x1904, 0x10A2, 0x6B09, 0xC593, 0x8BED, 0x940D, 0x20E3, 0x0000, 0x0021, 0x0021, 0x0020, 0x0021,
  0x0021, 0x0021, 0x0021, 0x0021, 0x0021, 0x0021, 0x0021, 0x0021, 0x0021, 0x0021, 0x0021, 0x0021,
  0x0021, 0x0021, 0x0021, 0x0021, 0x0021, 0x0021, 0x0021, 0x0021, 0x0021, 0x0021, 0x0021, 0x0021,
  0x0021, 0x0021, 0x0021, 0x0021, 0x0020, 0x0021, 0x0020, 0x0021, 0x0021, 0x0021, 0x0021, 0x0021,
  0x0021, 0x0021, 0x0021, 0x0021, 0x0021, 0x0021, 0x0021, 0x0021, 0x0021, 0x0021, 0x0021, 0x0021,
  0x0021, 0x0021, 0x0021, 0x0021, 0x0020, 0x0021, 0x0021, 0x0021, 0x0841, 0xBB0A, 0xDC0D, 0x8207,
  0x30A2, 0x10E3, 0x1904, 0x10A3, 0x62C9, 0x4A47, 0x2145, 0x39C7, 0x31C6, 0x39C7, 0x83AC, 0xDE35,
  0xD5F4, 0xD635, 0xD635, 0xD615, 0xD615, 0xD615, 0xD5F4, 0xD5F4, 0xD614, 0xD615, 0xD615, 0xD615,
  0xD614, 0xD5F4, 0xD5F4, 0xD5F4, 0xD635, 0xD635, 0xD615, 0xD635, 0xD615, 0xD615, 0xD615, 0xD615,
  0xD614, 0xD614, 0xD614, 0xD615, 0xD615, 0xD614, 0xD615, 0xD615, 0xD615, 0xD615, 0xD615, 0xD614,
  0xD614, 0xD614, 0xD615, 0xD635, 0xD615, 0xD635, 0xD615, 0xD615, 0xD614, 0xD614, 0xD635, 0xD615,
  0xD615, 0xD615, 0xD615, 0xD615, 0xD615, 0xD615, 0xD615, 0xD615, 0xD614, 0xD615, 0xD615, 0xD614,
  0xD615, 0xDE35, 0xD615, 0xD615, 0xD615, 0xD615, 0xD615, 0xDE55, 0xAD11, 0x9AC9, 0xE3ED, 0x9288,
  0x38C2, 0x10C3, 0x18E3, 0x18E4, 0x10A2, 0x4A27, 0xCDF4, 0x9C6F, 0x940D, 0x4A06, 0x0000, 0x0021,
  0x0020, 0x0021, 0x0021, 0x0021, 0x0021, 0x0021, 0x0021, 0x0021, 0x0021, 0x0021, 0x0021, 0x0021,
  0x0021, 0x0021, 0x0021, 0x0021, 0x0021, 0x0021, 0x0021, 0x0021, 0x0021, 0x0021, 0x0021, 0x0021,
  0x0021, 0x0021, 0x0021, 0x0021, 0x0021, 0x0021, 0x0021, 0x0020, 0x0021, 0x0021, 0x0021, 0x0021,
  0x0021, 0x0021, 0x0021, 0x0021, 0x0021, 0x0020, 0x0021, 0x0021, 0x0021, 0x0021, 0x0021, 0x0021,
  0x0021, 0x0021, 0x0021, 0x0021, 0x0021, 0x0021, 0x0021, 0x0021, 0x0021, 0x0000, 0x0000, 0x0000,
  0x8A27, 0xEC2E, 0x9AC9, 0x48E3, 0x10C3, 0x1904, 0x10A3, 0x41E6, 0x6B0A, 0x2124, 0x39C7, 0x31A6,
  0x31A6, 0x62EA, 0xD615, 0xD635, 0xD614, 0xD614, 0xD614, 0xD614, 0xD614, 0xD614, 0xD614, 0xD614,
  0xD5F4, 0xD5F4, 0xD615, 0xD615, 0xD615, 0xD614, 0xD5F4, 0xD614, 0xD615, 0xD615, 0xD615, 0xD615,
  0xD614, 0xD615, 0xD615, 0xD615, 0xD615, 0xD614, 0xD615, 0xD615, 0xD615, 0xD614, 0xD614, 0xD615,
  0xD615, 0xD635, 0xD614, 0xD5F4, 0xD614, 0xD614, 0xD615, 0xD635, 0xD635, 0xD615, 0xD615, 0xD615,
  0xD635, 0xD615, 0xD615, 0xD635, 0xD615, 0xD615, 0xD614, 0xD614, 0xD615, 0xD614, 0xD615, 0xD635,
  0xD615, 0xD614, 0xD615, 0xD635, 0xD635, 0xD615, 0xD615, 0xD614, 0xD615, 0xD615, 0xDE35, 0xCDF4,
  0x7A89, 0x9A88, 0x9AC9, 0x5903, 0x10C3, 0x18E3, 0x18E3, 0x18C3, 0x2124, 0xB531, 0xAD12, 0x8BED,
  0x732A, 0x0000, 0x0021, 0x0021, 0x0021, 0x0021, 0x0021, 0x0021, 0x0021, 0x0021, 0x0021, 0x0021,
  0x0021, 0x0021, 0x0021, 0x0021, 0x0021, 0x0021, 0x0021, 0x0021, 0x0021, 0x0021, 0x0021, 0x0021,
  0x0021, 0x0021, 0x0021, 0x0021, 0x0021, 0x0021, 0x0021, 0x0021, 0x0021, 0x0021, 0x0021, 0x0020,
  0x0021, 0x0021, 0x0021, 0x0021, 0x0021, 0x0021, 0x0021, 0x0021, 0x0021, 0x0021, 0x0021, 0x0021,
  0x0021, 0x0021, 0x0021, 0x0021, 0x0021, 0x0021, 0x0021, 0x0021, 0x0021, 0x0021, 0x0020, 0x0021,
  0x0000, 0x28E3, 0xAB2A, 0x7A48, 0xA2C9, 0x9AE9, 0x6944, 0x18C3, 0x1904, 0x10C3, 0x2124, 0x7B6B,
  0x1904, 0x29A6, 0x39C7, 0x39C7, 0x4A28, 0xBD32, 0xDE55, 0xD615, 0xD615, 0xD614, 0xD614, 0xD614,
  0xD614, 0xD614, 0xD615, 0xD615, 0xD614, 0xD5F4, 0xD614, 0xD614, 0xD615, 0xD615, 0xD615, 0xD615,
  0xD615, 0xD614, 0xD614, 0xD635, 0xD635, 0xD635, 0xD614, 0xD614, 0xD615, 0xD615, 0xD615, 0xD615,
  0xD615, 0xD615, 0xD615, 0xD614, 0xD615, 0xD615, 0xD614, 0xD615, 0xD615, 0xD635, 0xD615, 0xD614,
  0xD615, 0xD614, 0xD614, 0xD615, 0xDE35, 0xD635, 0xD615, 0xD614, 0xD615, 0xD635, 0xD615, 0xD615,
  0xD635, 0xD615, 0xD615, 0xD615, 0xD614, 0xD635, 0xD615, 0xD615, 0xD615, 0xD614, 0xD614, 0xD615,
  0xD615, 0xD615, 0xD655, 0x93CD, 0xCB4A, 0xC38B, 0x5103, 0x18A2, 0x18E4, 0x18E3, 0x18E3, 0x10A2,
  0x8BCC, 0xCDD4, 0x8BED, 0x8BEC, 0x1082, 0x0000, 0x0021, 0x0020, 0x0021, 0x0021, 0x0021, 0x0021,
  0x0021, 0x0021, 0x0021, 0x0021, 0x0021, 0x0021, 0x0021, 0x0021, 0x0021, 0x0021, 0x0021, 0x0021,
  0x0021, 0x0021, 0x0021, 0x0021, 0x0021, 0x0021, 0x0021, 0x0021, 0x0021, 0x0021, 0x0021, 0x0021,
  0x0021, 0x0021, 0x0021, 0x0021, 0x0020, 0x0021, 0x0021, 0x0021, 0x0021, 0x0021, 0x0021, 0x0021,
  0x0021, 0x0021, 0x0021, 0x0021, 0x0021, 0x0021, 0x0021, 0x0021, 0x0021, 0x0021, 0x0021, 0x0021,
  0x0021, 0x0020, 0x0021, 0x0020, 0x0861, 0xB34B, 0xE3AC, 0xE3ED, 0xD3AC, 0xAB0A, 0x28C2, 0x18E4,
  0x1904, 0x10A2, 0x730A, 0x31A6, 0x4185, 0x59E7, 0x31A6, 0x39E7, 0x9C6F, 0xDE76, 0xD614, 0xD615,
  0xD614, 0xD615, 0xD635, 0xD614, 0xD5F4, 0xD615, 0xD615, 0xD614, 0xD614, 0xD614, 0xD5F4, 0xD615,
  0xD615, 0xD615, 0xD615, 0xD614, 0xD615, 0xD615, 0xD615, 0xD635, 0xD615, 0xD615, 0xD5F4, 0xD5F4,
  0xD615, 0xD635, 0xD615, 0xD614, 0xD615, 0xD635, 0xD615, 0xD615, 0xD614, 0xD615, 0xD615, 0xD615,
  0xD614, 0xD615, 0xD615, 0xD614, 0xD614, 0xD614, 0xD615, 0xD635, 0xD635, 0xD615, 0xD615, 0xD615,
  0xD615, 0xD635, 0xD615, 0xD615, 0xD615, 0xD614, 0xD614, 0xD615, 0xD615, 0xD635, 0xD635, 0xD615,
  0xD615, 0xD614, 0xD614, 0xD635, 0xD615, 0xE676, 0xA4B0, 0xB2E9, 0xDBED, 0x8A47, 0x38A2, 0x18E3,
  0x18E3, 0x1904, 0x10A2, 0x5AA8, 0xC572, 0x8C0E, 0x9C2E, 0x3185, 0x0000, 0x0021, 0x0021, 0x0021,
  0x0020, 0x0021, 0x0021, 0x0021, 0x0021, 0x0021, 0x0021, 0x0021, 0x0021, 0x0021, 0x0021, 0x0021,
  0x0021, 0x0021, 0x0021, 0x0021, 0x0021, 0x0021, 0x0021, 0x0021, 0x0021, 0x0021, 0x0021, 0x0021,
  0x0021, 0x0021, 0x0021, 0x0021, 0x0021, 0x0021, 0x0021, 0x0021, 0x0020, 0x0021, 0x0021, 0x0021,
  0x0021, 0x0021, 0x0021, 0x0020, 0x0021, 0x0021, 0x0021, 0x0021, 0x0021, 0x0021, 0x0021, 0x0021,
  0x0021, 0x0021, 0x0021, 0x0021, 0x0021, 0x0021, 0x0021, 0x0000, 0x7289, 0xE44E, 0xD3AC, 0xD34B,
  0xDBED, 0x9AC9, 0x30A2, 0x1904, 0x1082, 0x5268, 0x5A68, 0x1924, 0x59C6, 0x69C6, 0x31A6, 0x6B2B,
  0xDE35, 0xD615, 0xD615, 0xD615, 0xD615, 0xD614, 0xD615, 0xD615, 0xD615, 0xD615, 0xD615, 0xD614,
  0xD614, 0xD614, 0xD614, 0xD615, 0xD614, 0xD615, 0xD615, 0xD615, 0xD635, 0xD635, 0xDE35, 0xD635,
  0xD615, 0xD615, 0xD614, 0xD614, 0xD615, 0xD614, 0xD5F4, 0xD614, 0xD614, 0xD615, 0xD615, 0xD615,
  0xD635, 0xD615, 0xD635, 0xD615, 0xD615, 0xD615, 0xD615, 0xD615, 0xD615, 0xD615, 0xD614, 0xD615,
  0xD615, 0xD615, 0xD615, 0xD615, 0xD614, 0xD5F4, 0xD614, 0xD615, 0xD615, 0xD615, 0xD615, 0xD614,
  0xD615, 0xD614, 0xD635, 0xD635, 0xD615, 0xD615, 0xD615, 0xD615, 0xDE55, 0xBDB3, 0x9AEA, 0xE3ED,
  0x9AEA, 0x38A2, 0x4103, 0x2104, 0x18E4, 0x10A3, 0x3165, 0xC593, 0xACF1, 0x940D, 0x5AA8, 0x0000,
  0x0021, 0x0021, 0x0021, 0x0020, 0x0020, 0x0021, 0x0021, 0x0021, 0x0021, 0x0021, 0x0021, 0x0021,
  0x0021, 0x0021, 0x0021, 0x0021, 0x0021, 0x0021, 0x0021, 0x0021, 0x0021, 0x0021, 0x0021, 0x0021,
  0x0021, 0x0021, 0x0021, 0x0021, 0x0021, 0x0021, 0x0021, 0x0021, 0x0021, 0x0021, 0x0021, 0x0021,
  0x0021, 0x0021, 0x0021, 0x0021, 0x0021, 0x0021, 0x0021, 0x0021, 0x0021, 0x0021, 0x0021, 0x0021,
  0x0021, 0x0021, 0x0021, 0x0021, 0x0021, 0x0021, 0x0021, 0x0021, 0x0021, 0x0021, 0x0021, 0x0021,
  0x9247, 0xA2C9, 0xBB8C, 0xCBCC, 0xA30A, 0x89A5, 0x4123, 0x10A3, 0x3185, 0x6B0A, 0x1904, 0x39C7,
  0x29A6, 0x2986, 0x5268, 0xC593, 0xD614, 0xD614, 0xD614, 0xD615, 0xD614, 0xD614, 0xD614, 0xD614,
  0xD615, 0xD614, 0xD614, 0xD614, 0xD614, 0xD615, 0xD615, 0xD615, 0xD635, 0xD615, 0xD614, 0xD615,
  0xD635, 0xD635, 0xD635, 0xD615, 0xD635, 0xD615, 0xD615, 0xD615, 0xD614, 0xD5F4, 0xD5F4, 0xD614,
  0xD614, 0xD614, 0xD614, 0xD635, 0xD635, 0xD615, 0xD614, 0xD615, 0xD615, 0xD615, 0xD614, 0xD615,
  0xD614, 0xD615, 0xD614, 0xD614, 0xD614, 0xD615, 0xD635, 0xD615, 0xD614, 0xD614, 0xD614, 0xD615,
  0xD615, 0xD635, 0xD615, 0xD614, 0xD614, 0xD635, 0xD635, 0xD615, 0xD615, 0xD615, 0xD615, 0xD615,
  0xD635, 0x936C, 0xDB8B, 0xBB8C, 0x5924, 0x3924, 0x4903, 0x18C3, 0x1904, 0x18C3, 0x9C4E, 0xBD73,
  0x8BED, 0x83AC, 0x0841, 0x0020, 0x0021, 0x0021, 0x0021, 0x0020, 0x0021, 0x0021, 0x0021, 0x0021,
  0x0021, 0x0021, 0x0021, 0x0021, 0x0021, 0x0021, 0x0021, 0x0021, 0x0021, 0x0021, 0x0021, 0x0021,
  0x0021, 0x0021, 0x0021, 0x0021, 0x0021, 0x0021, 0x0021, 0x0021, 0x0021, 0x0021, 0x0021, 0x0021,
  0x0021, 0x0021, 0x0021, 0x0021, 0x0020, 0x0020, 0x0020, 0x0021, 0x0021, 0x0021, 0x0021, 0x0021,
  0x0021, 0x0021, 0x0021, 0x0021, 0x0021, 0x0021, 0x0021, 0x0021, 0x0021, 0x0021, 0x0021, 0x0021,
  0x0021, 0x0021, 0x0021, 0x0020, 0x9A27, 0xB268, 0xAA47, 0xA288, 0x79A5, 0x91C5, 0x3903, 0x18E3,
  0x732A, 0x2944, 0x3186, 0x31A6, 0x39C6, 0x41E7, 0xA4B0, 0xDE35, 0xCDF4, 0xD614, 0xD614, 0xD5F4,
  0xD5F4, 0xD614, 0xD614, 0xD614, 0xD615, 0xD614, 0xD5F4, 0xD614, 0xD615, 0xD615, 0xD615, 0xD614,
  0xD615, 0xD614, 0xD5F4, 0xD615, 0xD615, 0xD635, 0xD615, 0xD614, 0xD615, 0xD614, 0xD614, 0xD614,
  0xD614, 0xD614, 0xD615, 0xD615, 0xD615, 0xD614, 0xD614, 0xD615, 0xD615, 0xD614, 0xD615, 0xD615,
  0xD615, 0xD615, 0xD614, 0xD614, 0xD635, 0xD615, 0xD614, 0xD614, 0xD635, 0xD635, 0xD635, 0xD635,
  0xD635, 0xD615, 0xD615, 0xD635, 0xD635, 0xD635, 0xD635, 0xD635, 0xD614, 0xD615, 0xD615, 0xD615,
  0xD615, 0xD614, 0xD5F4, 0xDE35, 0x9C2E, 0xC32A, 0xDC0D, 0x81C6, 0x20C3, 0x2903, 0x40C2, 0x18E3,
  0x10A2, 0x732A, 0xCDF4, 0x8BED, 0x940D, 0x2103, 0x0000, 0x0021, 0x0021, 0x0021, 0x0021, 0x0020,
  0x0021, 0x0021, 0x0021, 0x0021, 0x0021, 0x0021, 0x0021, 0x0021, 0x0021, 0x0021, 0x0021, 0x0021,
  0x0021, 0x0021, 0x0021, 0x0021, 0x0021, 0x0021, 0x0021, 0x0021, 0x0021, 0x0021, 0x0021, 0x0021,
  0x0021, 0x0021, 0x0021, 0x0021, 0x0021, 0x0021, 0x0021, 0x0021, 0x0021, 0x0021, 0x0021, 0x0021,
  0x0021, 0x0021, 0x0021, 0x0021, 0x0021, 0x0021, 0x0021, 0x0021, 0x0021, 0x0021, 0x0021, 0x0021,
  0x0021, 0x0021, 0x0021, 0x0021, 0x0021, 0x0021, 0x0021, 0x0021, 0x8A06, 0xB288, 0xAA68, 0xAA88,
  0x89E6, 0x89A5, 0x28A2, 0x62EA, 0x41E6, 0x2145, 0x39C7, 0x31A6, 0x31A6, 0x8BED, 0xDE35, 0xCDD3,
  0xCDF4, 0xD615, 0xD615, 0xD5F4, 0xD615, 0xD615, 0xD614, 0xD5F4, 0xD615, 0xD614, 0xD614, 0xD615,
  0xD615, 0xD615, 0xD615, 0xD615, 0xD614, 0xD614, 0xD5F4, 0xD635, 0xD615, 0xD615, 0xD615, 0xD614,
  0xD614, 0xD5F4, 0xD614, 0xD614, 0xD615, 0xD615, 0xD615, 0xD615, 0xD614, 0xD5F4, 0xD615, 0xD615,
  0xD615, 0xD635, 0xD615, 0xD615, 0xD614, 0xD614, 0xD614, 0xD614, 0xD614, 0xD614, 0xD614, 0xD614,
  0xD614, 0xD615, 0xD615, 0xD615, 0xD635, 0xD635, 0xD635, 0xD635, 0xD615, 0xD615, 0xD615, 0xD5F4,
  0xD615, 0xD615, 0xD635, 0xD615, 0xD615, 0xD615, 0xDE55, 0xB552, 0xA2C9, 0xE40D, 0x9AA9, 0x38C2,
  0x10E4, 0x1904, 0x4924, 0x18A2, 0x41E6, 0xCDB3, 0x9C6F, 0x942D, 0x4A27, 0x0000, 0x0021, 0x0021,
  0x0021, 0x0021, 0x0020, 0x0021, 0x0020, 0x0021, 0x0021, 0x0021, 0x0021, 0x0021, 0x0021, 0x0021,
  0x0021, 0x0021, 0x0021, 0x0021, 0x0021, 0x0021, 0x0021, 0x0021, 0x0021, 0x0021, 0x0021, 0x0021,
  0x0021, 0x0021, 0x0021, 0x0021, 0x0021, 0x0021, 0x0021, 0x0021, 0x0021, 0x0021, 0x0021, 0x0021,
  0x0021, 0x0021, 0x0021, 0x0021, 0x0021, 0x0021, 0x0021, 0x0021, 0x0021, 0x0021, 0x0021, 0x0021,
  0x0021, 0x0021, 0x0021, 0x0021, 0x0021, 0x0021, 0x0021, 0x0021, 0x0021, 0x0020, 0x0021, 0x0000,
  0x91E6, 0xB288, 0xAA68, 0xB2A8, 0x8A06, 0x8164, 0x6206, 0x5AC9, 0x2124, 0x39C7, 0x31A6, 0x31A6,
  0x62EA, 0xD614, 0xD5F4, 0xD5F4, 0xD5F4, 0xD614, 0xD614, 0xD614, 0xD615, 0xD615, 0xD614, 0xD615,
  0xD615, 0xD615, 0xD614, 0xD615, 0xD615, 0xD5F4, 0xD614, 0xD614, 0xD5F4, 0xD615, 0xD614, 0xD615,
  0xD635, 0xD615, 0xD614, 0xD614, 0xD614, 0xD614, 0xD615, 0xD615, 0xD615, 0xD614, 0xD615, 0xD615,
  0xD614, 0xD615, 0xD614, 0xD614, 0xD615, 0xD614, 0xD615, 0xD614, 0xD615, 0xD614, 0xD614, 0xD614,
  0xD5F4, 0xD614, 0xD615, 0xD615, 0xD635, 0xD635, 0xDE35, 0xD635, 0xD635, 0xDE35, 0xDE35, 0xD615,
  0xD614, 0xD615, 0xD615, 0xD5F4, 0xD5F4, 0xD5F4, 0xD615, 0xD615, 0xD615, 0xDE35, 0xCE15, 0x934B,
  0xE3CC, 0xB34B, 0x5903, 0x10C3, 0x18E4, 0x1904, 0x38C2, 0x2103, 0xACD0, 0xB532, 0x8BED, 0x734A,
  0x0000, 0x0021, 0x0021, 0x0021, 0x0021, 0x0020, 0x0020, 0x0021, 0x0021, 0x0021, 0x0020, 0x0021,
  0x0021, 0x0021, 0x0021, 0x0021, 0x0021, 0x0021, 0x0021, 0x0021, 0x0021, 0x0021, 0x0021, 0x0021,
  0x0021, 0x0021, 0x0021, 0x0021, 0x0021, 0x0021, 0x0021, 0x0021, 0x0021, 0x0021, 0x0021, 0x0021,
  0x0021, 0x0021, 0x0020, 0x0021, 0x0021, 0x0021, 0x0021, 0x0021, 0x0021, 0x0021, 0x0021, 0x0021,
  0x0021, 0x0021, 0x0021, 0x0021, 0x0021, 0x0021, 0x0021, 0x0021, 0x0021, 0x0021, 0x0021, 0x0021,
  0x0020, 0x0021, 0x0000, 0x20E3, 0x7A06, 0x99E6, 0xAA27, 0xB2A8, 0x81E6, 0x89A5, 0x4985, 0x1904,
  0x29A6, 0x31A6, 0x31C7, 0x4A48, 0xC593, 0xD635, 0xD614, 0xD615, 0xD615, 0xD614, 0xD5F4, 0xD5F4,
  0xD614, 0xD615, 0xD615, 0xD635, 0xD614, 0xD615, 0xD614, 0xD615, 0xD635, 0xD5F4, 0xD615, 0xD635,
  0xD615, 0xD615, 0xD614, 0xD614, 0xD614, 0xD614, 0xD614, 0xD635, 0xDE35, 0xD635, 0xD614, 0xD614,
  0xD615, 0xD615, 0xD615, 0xD615, 0xD614, 0xD614, 0xD614, 0xD614, 0xD614, 0xD5F4, 0xD5F4, 0xD615,
  0xD615, 0xD614, 0xD614, 0xD615, 0xD615, 0xD635, 0xD615, 0xD615, 0xD615, 0xD635, 0xDE35, 0xD635,
  0xD615, 0xD615, 0xD635, 0xD635, 0xD615, 0xD635, 0xD615, 0xD615, 0xD614, 0xD615, 0xD614, 0xD615,
  0xD5F4, 0xDE55, 0x93ED, 0xCB4B, 0xCBED, 0x7185, 0x20A3, 0x18E4, 0x18E3, 0x2104, 0x30A2, 0x83AC,
  0xCDD4, 0x8BCD, 0x8BED, 0x10A2, 0x0000, 0x0021, 0x0021, 0x0021, 0x0021, 0x0021, 0x0021, 0x0021,
  0x0021, 0x0021, 0x0021, 0x0020, 0x0021, 0x0021, 0x0021, 0x0021, 0x0021, 0x0021, 0x0021, 0x0021,
  0x0021, 0x0021, 0x0021, 0x0021, 0x0021, 0x0020, 0x0021, 0x0021, 0x0021, 0x0021, 0x0021, 0x0021,
  0x0021, 0x0021, 0x0021, 0x0021, 0x0021, 0x0021, 0x0021, 0x0021, 0x0021, 0x0021, 0x0021, 0x0021,
  0x0021, 0x0021, 0x0021, 0x0021, 0x0021, 0x0021, 0x0021, 0x0021, 0x0021, 0x0021, 0x0021, 0x0021,
  0x0021, 0x0021, 0x0021, 0x0021, 0x0021, 0x0000, 0x1082, 0xB532, 0x9C6F, 0x6268, 0x7A68, 0x71A5,
  0x6923, 0x6123, 0x10E3, 0x49A6, 0x6A07, 0x31A6, 0x39C7, 0xA4B0, 0xDE55, 0xCDF4, 0xD614, 0xD615,
  0xD614, 0xD5F4, 0xD614, 0xD614, 0xD614, 0xD614, 0xD614, 0xD614, 0xD614, 0xD614, 0xD614, 0xD615,
  0xD615, 0xD615, 0xD615, 0xD635, 0xD635, 0xD635, 0xD614, 0xD5F4, 0xD615, 0xD615, 0xD615, 0xD635,
  0xD614, 0xD615, 0xD615, 0xD615, 0xD615, 0xD615, 0xD615, 0xD615, 0xD615, 0xD614, 0xD615, 0xD615,
  0xD635, 0xD615, 0xD614, 0xD615, 0xD635, 0xD615, 0xD615, 0xD615, 0xD615, 0xD635, 0xD615, 0xD615,
  0xD615, 0xD635, 0xD635, 0xD615, 0xD614, 0xD615, 0xD615, 0xD635, 0xD615, 0xD614, 0xD615, 0xD615,
  0xD614, 0xD614, 0xD614, 0xD5F4, 0xDE55, 0xA4D0, 0xAAEA, 0xE42E, 0x8A68, 0x30A2, 0x10E4, 0x18E3,
  0x1904, 0x1082, 0x5247, 0xCDD4, 0x942E, 0x940D, 0x39A5, 0x0000, 0x0021, 0x0021, 0x0021, 0x0021,
  0x0021, 0x0021, 0x0021, 0x0021, 0x0021, 0x0021, 0x0021, 0x0021, 0x0021, 0x0021, 0x0021, 0x0021,
  0x0021, 0x0021, 0x0021, 0x0021, 0x0021, 0x0021, 0x0021, 0x0021, 0x0021, 0x0021, 0x0021, 0x0021,
  0x0021, 0x0021, 0x0021, 0x0021, 0x0021, 0x0021, 0x0021, 0x0021, 0x0021, 0x0021, 0x0021, 0x0021,
  0x0021, 0x0021, 0x0021, 0x0021, 0x0021, 0x0021, 0x0021, 0x0021, 0x0021, 0x0021, 0x0021, 0x0021,
  0x0021, 0x0021, 0x0021, 0x0021, 0x0021, 0x0021, 0x0021, 0x0021, 0x0021, 0x0000, 0x9C90, 0xDE35,
  0x8BEE, 0xBD73, 0xB553, 0x946F, 0x838C, 0x62C9, 0x31A6, 0x3944, 0x5144, 0x2986, 0x83AD, 0xDE55,
  0xD5F4, 0xD5F4, 0xD5F4, 0xD615, 0xD614, 0xD615, 0xD615, 0xD614, 0xD614, 0xD614, 0xD615, 0xD615,
  0xD614, 0xD614, 0xD614, 0xD615, 0xD615, 0xD635, 0xD615, 0xD615, 0xD615, 0xD615, 0xD614, 0xD614,
  0xD615, 0xD614, 0xD614, 0xD614, 0xD614, 0xD615, 0xD614, 0xD614, 0xD615, 0xD615, 0xD615, 0xD615,
  0xD614, 0xD614, 0xD614, 0xD614, 0xD615, 0xD615, 0xD635, 0xD635, 0xD615, 0xD615, 0xD615, 0xD614,
  0xD615, 0xD615, 0xD614, 0xD615, 0xD635, 0xD635, 0xD615, 0xD615, 0xD615, 0xD615, 0xD635, 0xD615,
  0xD614, 0xD614, 0xD615, 0xD614, 0xD614, 0xD614, 0xD614, 0xDE35, 0xC5B3, 0x930A, 0xE3ED, 0xA30A,
  0x48E3, 0x10C3, 0x18E3, 0x18E3, 0x10C3, 0x2964, 0xBD72, 0xACF1, 0x93ED, 0x62A8, 0x0000, 0x0021,
  0x0021, 0x0021, 0x0020, 0x0021, 0x0021, 0x0021, 0x0020, 0x0021, 0x0021, 0x0021, 0x0021, 0x0021,
  0x0021, 0x0021, 0x0021, 0x0021, 0x0021, 0x0021, 0x0021, 0x0021, 0x0021, 0x0021, 0x0021, 0x0021,
  0x0021, 0x0021, 0x0021, 0x0021, 0x0021, 0x0021, 0x0021, 0x0021, 0x0021, 0x0020, 0x0021, 0x0021,
  0x0021, 0x0021, 0x0021, 0x0021, 0x0021, 0x0021, 0x0021, 0x0021, 0x0021, 0x0021, 0x0021, 0x0021,
  0x0021, 0x0021, 0x0021, 0x0021, 0x0021, 0x0021, 0x0021, 0x0021, 0x0021, 0x0021, 0x0020, 0x0041,
  0x0000, 0x62EA, 0xEED8, 0x9C90, 0xACF1, 0xC594, 0xC573, 0xCDB4, 0xCDD5, 0xCDD4, 0xBD53, 0x9470,
  0x6B6C, 0x4A48, 0xA4B0, 0xC5B3, 0xD614, 0xDE35, 0xD635, 0xD615, 0xCDF4, 0xD615, 0xD614, 0xD614,
  0xD614, 0xD615, 0xD615, 0xD615, 0xD615, 0xD614, 0xD615, 0xD635, 0xD635, 0xDE35, 0xDE35, 0xD614,
  0xCDF4, 0xD614, 0xD614, 0xD614, 0xD614, 0xD614, 0xD614, 0xD614, 0xD615, 0xD615, 0xD614, 0xD614,
  0xD615, 0xD615, 0xD635, 0xD615, 0xD615, 0xD615, 0xD615, 0xD614, 0xD614, 0xD615, 0xD615, 0xD615,
  0xD615, 0xD614, 0xD615, 0xD614, 0xD614, 0xD614, 0xD615, 0xD615, 0xD614, 0xD615, 0xD635, 0xD615,
  0xD615, 0xD615, 0xD635, 0xDE35, 0xD615, 0xD615, 0xD635, 0xD615, 0xD615, 0xD614, 0xD5F4, 0xD655,
  0x938C, 0xD38B, 0xC3AC, 0x6144, 0x18C3, 0x18E3, 0x18E3, 0x18E4, 0x18C3, 0x9C2E, 0xBD73, 0x8BCD,
  0x838B, 0x0841, 0x0000, 0x0021, 0x0021, 0x0021, 0x0021, 0x0021, 0x0021, 0x0021, 0x0021, 0x0021,
  0x0021, 0x0021, 0x0021, 0x0021, 0x0021, 0x0021, 0x0021, 0x0021, 0x0021, 0x0021, 0x0021, 0x0021,
  0x0021, 0x0021, 0x0021, 0x0021, 0x0021, 0x0021, 0x0021, 0x0021, 0x0021, 0x0021, 0x0021, 0x0021,
  0x0021, 0x0021, 0x0021, 0x0021, 0x0021, 0x0021, 0x0021, 0x0021, 0x0021, 0x0021, 0x0021, 0x0021,
  0x0021, 0x0021, 0x0021, 0x0021, 0x0021, 0x0021, 0x0021, 0x0021, 0x0021, 0x0021, 0x0021, 0x0021,
  0x0021, 0x0020, 0x0021, 0x0000, 0x3165, 0xE697, 0xB532, 0x9C90, 0xC5B4, 0xBD73, 0xC594, 0xC594,
  0xC594, 0xC5B4, 0xC594, 0xCDF5, 0xB532, 0x9C4F, 0xACD1, 0x944F, 0x9C90, 0xACF1, 0xC593, 0xD5F4,
  0xDE35, 0xD635, 0xD614, 0xD5F4, 0xD5F4, 0xD615, 0xD614, 0xD615, 0xD615, 0xD615, 0xD615, 0xD635,
  0xD635, 0xD635, 0xD635, 0xD615, 0xD5F4, 0xD614, 0xD615, 0xD614, 0xD615, 0xD614, 0xD614, 0xD615,
  0xD635, 0xD615, 0xD615, 0xD615, 0xD615, 0xD615, 0xD635, 0xD615, 0xD615, 0xD614, 0xD614, 0xD614,
  0xD615, 0xD615, 0xD614, 0xD614, 0xD614, 0xD615, 0xD615, 0xD614, 0xD615, 0xD615, 0xD615, 0xD614,
  0xD635, 0xD615, 0xD615, 0xD614, 0xD614, 0xD615, 0xD615, 0xD615, 0xD615, 0xD635, 0xD615, 0xD615,
  0xD615, 0xD5F4, 0xE676, 0xA46F, 0xBB0A, 0xDBED, 0x81E6, 0x28A2, 0x10E3, 0x18E3, 0x1904, 0x10A2,
  0x6AE9, 0xBD72, 0x8BED, 0x9C2D, 0x2924, 0x0000, 0x0021, 0x0020, 0x0021, 0x0021, 0x0021, 0x0021,
  0x0021, 0x0021, 0x0021, 0x0021, 0x0021, 0x0021, 0x0021, 0x0021, 0x0021, 0x0021, 0x0021, 0x0021,
  0x0021, 0x0021, 0x0021, 0x0021, 0x0021, 0x0021, 0x0021, 0x0021, 0x0021, 0x0021, 0x0021, 0x0021,
  0x0021, 0x0021, 0x0021, 0x0021, 0x0021, 0x0021, 0x0021, 0x0020, 0x0021, 0x0021, 0x0020, 0x0021,
  0x0021, 0x0021, 0x0021, 0x0021, 0x0021, 0x0021, 0x0021, 0x0021, 0x0021, 0x0021, 0x0021, 0x0021,
  0x0021, 0x0021, 0x0021, 0x0021, 0x0020, 0x0021, 0x0020, 0x0861, 0xC5B4, 0xCDF5, 0x8C2F, 0xC5B4,
  0xC594, 0xBD73, 0xC593, 0xC5B4, 0xC5B4, 0xC594, 0xC594, 0xBD53, 0x942F, 0xC594, 0xC5B4, 0xC5B4,
  0xBD94, 0xACF2, 0x9C6F, 0x942E, 0xACD0, 0xC593, 0xD615, 0xDE55, 0xD615, 0xD615, 0xD614, 0xD615,
  0xD615, 0xD614, 0xD615, 0xD615, 0xD635, 0xD615, 0xD614, 0xD614, 0xD614, 0xD614, 0xD635, 0xD615,
  0xD615, 0xD615, 0xD615, 0xD615, 0xD615, 0xD615, 0xD615, 0xD615, 0xD614, 0xD615, 0xD615, 0xD615,
  0xD615, 0xD5F4, 0xD614, 0xD614, 0xD615, 0xD615, 0xD5F4, 0xD614, 0xD615, 0xD614, 0xD615, 0xD615,
  0xD615, 0xD614, 0xD614, 0xD614, 0xD615, 0xD614, 0xD5F4, 0xD614, 0xD615, 0xD614, 0xD614, 0xD614,
  0xD614, 0xD614, 0xD615, 0xD615, 0xD614, 0xDE35, 0xB552, 0x9288, 0xE40D, 0x9AA9, 0x38A2, 0x10E3,
  0x18E3, 0x18E4, 0x10A3, 0x41E6, 0xD5F4, 0xA4B0, 0x942D, 0x5247, 0x0000, 0x0021, 0x0020, 0x0021,
  0x0021, 0x0021, 0x0021, 0x0021, 0x0021, 0x0021, 0x0021, 0x0021, 0x0021, 0x0021, 0x0021, 0x0021,
  0x0021, 0x0021, 0x0021, 0x0021, 0x0021, 0x0021, 0x0021, 0x0021, 0x0020, 0x0021, 0x0021, 0x0021,
  0x0021, 0x0021, 0x0021, 0x0021, 0x0021, 0x0021, 0x0021, 0x0021, 0x0021, 0x0021, 0x0021, 0x0021,
  0x0021, 0x0021, 0x0021, 0x0021, 0x0021, 0x0021, 0x0021, 0x0021, 0x0021, 0x0021, 0x0021, 0x0021,
  0x0020, 0x0021, 0x0021, 0x0021, 0x0021, 0x0021, 0x0021, 0x0021, 0x0021, 0x0021, 0x0000, 0x8C0E,
  0xDE55, 0x944F, 0xBD73, 0xC594, 0xC594, 0xC594, 0xC593, 0xC5B4, 0xC5B4, 0xC594, 0xC594, 0xA4B0,
  0xBD53, 0xC5B4, 0xC573, 0xC594, 0xCDD4, 0xCDD5, 0xCDD4, 0xBD73, 0xAD12, 0xA490, 0x8BED, 0xA4B0,
  0xBD52, 0xD614, 0xDE55, 0xDE35, 0xD615, 0xCDF4, 0xD5F4, 0xD615, 0xD614, 0xD615, 0xD614, 0xD614,
  0xD615, 0xD614, 0xD614, 0xD635, 0xD615, 0xD614, 0xD615, 0xD614, 0xD615, 0xD615, 0xD615, 0xD614,
  0xD615, 0xD615, 0xD614, 0xD615, 0xD615, 0xD614, 0xD614, 0xD615, 0xD614, 0xD614, 0xD614, 0xD614,
  0xD614, 0xD614, 0xD615, 0xD615, 0xD614, 0xD614, 0xD614, 0xD614, 0xD635, 0xD615, 0xD615, 0xD635,
  0xDE35, 0xD635, 0xD615, 0xD614, 0xD615, 0xD615, 0xD615, 0xD615, 0xD615, 0xD635, 0x830A, 0x9A88,
  0xA2EA, 0x6144, 0x10A3, 0x18E3, 0x18E3, 0x18C3, 0x2104, 0xB511, 0xB532, 0x8BCC, 0x734A, 0x0000,
  0x0021, 0x0021, 0x0021, 0x0021, 0x0021, 0x0021, 0x0021, 0x0021, 0x0021, 0x0021, 0x0021, 0x0021,
  0x0021, 0x0021, 0x0021, 0x0021, 0x0021, 0x0021, 0x0021, 0x0021, 0x0021, 0x0021, 0x0021, 0x0021,
  0x0021, 0x0021, 0x0021, 0x0021, 0x0021, 0x0021, 0x0021, 0x0021, 0x0021, 0x0021, 0x0021, 0x0021,
  0x0021, 0x0021, 0x0021, 0x0021, 0x0021, 0x0021, 0x0021, 0x0021, 0x0021, 0x0021, 0x0021, 0x0021,
  0x0021, 0x0021, 0x0021, 0x0021, 0x0021, 0x0021, 0x0021, 0x0021, 0x0021, 0x0021, 0x0020, 0x0021,
  0x0021, 0x0000, 0x4A07, 0xBD73, 0x83CD, 0x9C6F, 0xCDD5, 0xC5B4, 0xC593, 0xC594, 0xC5B4, 0xC594,
  0xC594, 0xC5B4, 0xA490, 0xB512, 0xC5B4, 0xC593, 0xC594, 0xC5B4, 0xC5B4, 0xC5B4, 0xC594, 0xC594,
  0xCDD4, 0xBD52, 0x942F, 0xACF1, 0xA4B0, 0x9C6F, 0xA4B0, 0xB532, 0xCDD4, 0xDE55, 0xDE35, 0xD635,
  0xD614, 0xCDF4, 0xD614, 0xD615, 0xD615, 0xD614, 0xD5F4, 0xD615, 0xD615, 0xD615, 0xD615, 0xD615,
  0xD615, 0xD614, 0xD614, 0xD615, 0xD635, 0xD614, 0xD614, 0xD615, 0xD615, 0xD615, 0xD615, 0xD615,
  0xD614, 0xD614, 0xD615, 0xD615, 0xD614, 0xD614, 0xD615, 0xD615, 0xD614, 0xD615, 0xD615, 0xD615,
  0xD614, 0xD614, 0xD615, 0xD615, 0xD614, 0xD615, 0xD635, 0xD614, 0xD615, 0xD615, 0xD615, 0xD615,
  0xDE56, 0x940D, 0xC32A, 0xC38C, 0x5923, 0x20C3, 0x1904, 0x18E3, 0x18E4, 0x10A2, 0x8BCC, 0xCDF5,
  0x83CD, 0x8BEC, 0x18A2, 0x0000, 0x0021, 0x0021, 0x0021, 0x0020, 0x0021, 0x0021, 0x0021, 0x0021,
  0x0021, 0x0021, 0x0021, 0x0021, 0x0021, 0x0021, 0x0021, 0x0021, 0x0021, 0x0021, 0x0021, 0x0021,
  0x0021, 0x0021, 0x0021, 0x0021, 0x0021, 0x0021, 0x0021, 0x0021, 0x0021, 0x0021, 0x0021, 0x0021,
  0x0021, 0x0021, 0x0021, 0x0021, 0x0021, 0x0021, 0x0021, 0x0021, 0x0021, 0x0021, 0x0021, 0x0021,
  0x0021, 0x0021, 0x0021, 0x0021, 0x0021, 0x0021, 0x0021, 0x0021, 0x0021, 0x0021, 0x0021, 0x0020,
  0x0021, 0x0021, 0x0020, 0x0021, 0x0000, 0x31A6, 0xCDF5, 0xBD73, 0xB532, 0xA490, 0x9C70, 0xACF2,
  0xB532, 0xC594, 0xCDD5, 0xC594, 0xC593, 0xB532, 0xA4B0, 0xC5B4, 0xC594, 0xC5B4, 0xC5B4, 0xC594,
  0xC594, 0xC5B4, 0xC594, 0xC594, 0xBD73, 0x9C90, 0xC594, 0xC5B4, 0xCDD4, 0xC593, 0xB512, 0xA4B0,
  0x9C6F, 0xA4B0, 0xB511, 0xD5F4, 0xDE55, 0xD5F4, 0xD615, 0xD5F4, 0xD5F4, 0xD614, 0xD614, 0xD5F4,
  0xD614, 0xD615, 0xD614, 0xD615, 0xD615, 0xD614, 0xD614, 0xD615, 0xD635, 0xD615, 0xD615, 0xD615,
  0xD614, 0xD615, 0xD615, 0xD614, 0xD614, 0xD614, 0xD614, 0xD614, 0xD614, 0xD615, 0xD615, 0xD614,
  0xD614, 0xD615, 0xD635, 0xD614, 0xD5F4, 0xD614, 0xD614, 0xD614, 0xD5F4, 0xD5F4, 0xD615, 0xD615,
  0xD635, 0xD615, 0xD614, 0xDE56, 0xAD11, 0xAAE9, 0xE3ED, 0x9268, 0x3881, 0x18C3, 0x18E4, 0x18E4,
  0x0882, 0x5A88, 0xD5F4, 0x942E, 0x9C2D, 0x39A5, 0x0000, 0x0021, 0x0021, 0x0021, 0x0021, 0x0021,
  0x0021, 0x0021, 0x0021, 0x0021, 0x0021, 0x0021, 0x0020, 0x0021, 0x0021, 0x0021, 0x0021, 0x0021,
  0x0021, 0x0021, 0x0021, 0x0021, 0x0021, 0x0021, 0x0021, 0x0021, 0x0021, 0x0021, 0x0021, 0x0021,
  0x0021, 0x0021, 0x0021, 0x0021, 0x0021, 0x0021, 0x0021, 0x0021, 0x0021, 0x0021, 0x0021, 0x0021,
  0x0021, 0x0021, 0x0021, 0x0021, 0x0021, 0x0021, 0x0021, 0x0021, 0x0021, 0x0021, 0x0021, 0x0021,
  0x0021, 0x0021, 0x0021, 0x0020, 0x0021, 0x0021, 0x0021, 0x0021, 0x0000, 0x5A89, 0x944F, 0x9C90,
  0xC5B4, 0xCDD5, 0xC593, 0xB532, 0xA4B1, 0x9C90, 0xA4D1, 0xBD73, 0xBD53, 0x9C90, 0xCDD5, 0xC5B4,
  0xC594, 0xC594, 0xC594, 0xC594, 0xC594, 0xC5B4, 0xC5B4, 0xC5B4, 0x9C70, 0xB532, 0xC5D4, 0xC594,
  0xC593, 0xC5B4, 0xCDD4, 0xCDD5, 0xC5B4, 0xB552, 0xA4D1, 0x8BEE, 0x8BED, 0xB511, 0xC5B3, 0xD635,
  0xDE35, 0xD635, 0xD614, 0xCDF4, 0xD614, 0xD5F4, 0xD614, 0xD635, 0xD615, 0xD615, 0xD615, 0xD615,
  0xD635, 0xD635, 0xD635, 0xD614, 0xD614, 0xD615, 0xD615, 0xD614, 0xD614, 0xD615, 0xD614, 0xD5F4,
  0xD615, 0xDE35, 0xD614, 0xD614, 0xD614, 0xD614, 0xD615, 0xD614, 0xD635, 0xD635, 0xD615, 0xD615,
  0xD615, 0xD5F4, 0xD614, 0xD615, 0xD615, 0xD615, 0xDE35, 0xC5D4, 0x932A, 0xE3EC, 0xAB0A, 0x48E3,
  0x4103, 0x20E3, 0x18E4, 0x10C3, 0x2944, 0xC572, 0xACF1, 0x8BED, 0x62C9, 0x0000, 0x0021, 0x0021,
  0x0021, 0x0021, 0x0021, 0x0021, 0x0021, 0x0021, 0x0021, 0x0021, 0x0021, 0x0021, 0x0021, 0x0021,
  0x0021, 0x0021, 0x0021, 0x0021, 0x0021, 0x0021, 0x0021, 0x0021, 0x0021, 0x0021, 0x0021, 0x0021,
  0x0021, 0x0021, 0x0021, 0x0021, 0x0021, 0x0021, 0x0021, 0x0021, 0x0021, 0x0021, 0x0021, 0x0021,
  0x0021, 0x0021, 0x0021, 0x0021, 0x0021, 0x0021, 0x0021, 0x0021, 0x0021, 0x0021, 0x0021, 0x0021,
  0x0021, 0x0021, 0x0021, 0x0020, 0x0021, 0x0021, 0x0020, 0x0021, 0x0020, 0x0020, 0x0020, 0x0021,
  0x0000, 0x41E6, 0x7B6C, 0x732B, 0x734B, 0x8C0E, 0xA4B1, 0xBD73, 0xD636, 0xBD73, 0x942E, 0xA4B1,
  0x8C2F, 0x9C6F, 0xBD53, 0xC5B4, 0xCDD4, 0xC5B4, 0xC593, 0xC594, 0xC594, 0xC594, 0xC5B4, 0xAD12,
  0xACD1, 0xCDB4, 0xC594, 0xC594, 0xC594, 0xC5B4, 0xC5B4, 0xC5B4, 0xC594, 0xC5B4, 0xCDF5, 0x942F,
  0xA490, 0xACF1, 0x944F, 0x9C90, 0xB511, 0xBD52, 0xCDD4, 0xDE56, 0xD635, 0xD5F4, 0xD5F4, 0xD614,
  0xD614, 0xD615, 0xD614, 0xD614, 0xD635, 0xD635, 0xD635, 0xD615, 0xD615, 0xD614, 0xD5F4, 0xD614,
  0xD614, 0xD5F4, 0xD615, 0xD615, 0xD615, 0xD615, 0xD614, 0xD614, 0xD615, 0xD614, 0xD614, 0xD635,
  0xDE55, 0xDE35, 0xD635, 0xD635, 0xD615, 0xD614, 0xD615, 0xD635, 0xD615, 0xD615, 0xDE56, 0x8B8C,
  0xD34B, 0xCBCD, 0x6164, 0x30E3, 0x5124, 0x18C3, 0x18E3, 0x18C3, 0x9C4E, 0xC593, 0x8BCD, 0x83AC,
  0x0841, 0x0020, 0x0021, 0x0021, 0x0021, 0x0021, 0x0021, 0x0021, 0x0021, 0x0021, 0x0021, 0x0021,
  0x0020, 0x0021, 0x0021, 0x0021, 0x0021, 0x0021, 0x0021, 0x0021, 0x0021, 0x0021, 0x0021, 0x0021,
  0x0021, 0x0021, 0x0021, 0x0021, 0x0021, 0x0021, 0x0021, 0x0021, 0x0021, 0x0021, 0x0021, 0x0021,
  0x0021, 0x0021, 0x0021, 0x0020, 0x0021, 0x0021, 0x0021, 0x0021, 0x0021, 0x0021, 0x0021, 0x0021,
  0x0020, 0x0021, 0x0021, 0x0021, 0x0021, 0x0021, 0x0021, 0x0021, 0x0021, 0x0021, 0x0020, 0x0021,
  0x0021, 0x0020, 0x0021, 0x0000, 0x5268, 0x732B, 0x2103, 0x5248, 0x6AEA, 0x732B, 0x734B, 0x736C,
  0x83AD, 0x8C0F, 0xBD73, 0xC5B4, 0xCDF5, 0xB532, 0x9C90, 0xA4B0, 0xACF1, 0xBD53, 0xC5B4, 0xC5B4,
  0xC5B4, 0xC594, 0xB532, 0x9C90, 0xCDD4, 0xC594, 0xC5B4, 0xC594, 0xC5B4, 0xC5B4, 0xC5B4, 0xC5B4,
  0xC594, 0xC5B4, 0xA4B0, 0xACF2, 0xCDD4, 0xCDB4, 0xCDB4, 0xBD73, 0xACF1, 0x9C6F, 0x9C6F, 0xACF1,
  0xC572, 0xDE35, 0xDE55, 0xD615, 0xD615, 0xD5F4, 0xD614, 0xD635, 0xD635, 0xD614, 0xD614, 0xD615,
  0xD615, 0xD614, 0xD5F4, 0xD614, 0xD614, 0xD5F4, 0xD615, 0xD615, 0xD614, 0xD5F4, 0xD615, 0xD614,
  0xD615, 0xD635, 0xD635, 0xD635, 0xD635, 0xD635, 0xD635, 0xD614, 0xD614, 0xD615, 0xD615, 0xD615,
  0xD615, 0xDE55, 0x9C8F, 0xB30A, 0xDBED, 0x8206, 0x30C3, 0x20E3, 0x48E3, 0x2124, 0x0882, 0x6AEA,
  0xD615, 0x8BEE, 0x940D, 0x2123, 0x0000, 0x0021, 0x0021, 0x0021, 0x0021, 0x0021, 0x0021, 0x0021,
  0x0021, 0x0021, 0x0021, 0x0021, 0x0021, 0x0021, 0x0020, 0x0021, 0x0021, 0x0021, 0x0021, 0x0021,
  0x0021, 0x0021, 0x0021, 0x0021, 0x0021, 0x0021, 0x0021, 0x0021, 0x0021, 0x0021, 0x0021, 0x0021,
  0x0021, 0x0021, 0x0021, 0x0021, 0x0021, 0x0021, 0x0021, 0x0021, 0x0021, 0x0021, 0x0021, 0x0021,
  0x0021, 0x0021, 0x0021, 0x0021, 0x0021, 0x0021, 0x0021, 0x0021, 0x0021, 0x0021, 0x0021, 0x0021,
  0x0021, 0x0021, 0x0021, 0x0020, 0x0020, 0x0021, 0x0000, 0x2124, 0xD615, 0x4207, 0x0883, 0x10C3,
  0x18C3, 0x2924, 0x4A27, 0x62CA, 0x62CA, 0x62CA, 0x7B8C, 0x7BAD, 0x9C90, 0xBD94, 0xCDF5, 0xCDD4,
  0xB512, 0x9C90, 0x9C90, 0xACF1, 0xB532, 0xBD53, 0x9C70, 0xBD73, 0xC5B4, 0xC594, 0xC5B4, 0xC5B4,
  0xC5B4, 0xC5B4, 0xC5B4, 0xC594, 0xCDD4, 0xB532, 0x9C90, 0xCDD5, 0xC594, 0xC594, 0xC594, 0xC5B4,
  0xCDB4, 0xCDF5, 0xBD73, 0xACD1, 0x9C6F, 0x942E, 0xA48F, 0xC593, 0xD615, 0xDE35, 0xDE35, 0xD615,
  0xD614, 0xD614, 0xD614, 0xD614, 0xD614, 0xD614, 0xD614, 0xD5F4, 0xD614, 0xD615, 0xD614, 0xD615,
  0xD615, 0xD614, 0xD5F4, 0xD615, 0xD615, 0xD615, 0xD615, 0xD615, 0xD635, 0xD615, 0xD615, 0xD615,
  0xD615, 0xD635, 0xD614, 0xD5F4, 0xDE55, 0xBD73, 0x9AC9, 0xEC0D, 0xA2E9, 0x40C2, 0x10E4, 0x1904,
  0x38E3, 0x18C3, 0x41E6, 0xCDB3, 0x9C8F, 0x940D, 0x5227, 0x0000, 0x0021, 0x0021, 0x0021, 0x0021,
  0x0021, 0x0021, 0x0021, 0x0021, 0x0021, 0x0021, 0x0021, 0x0021, 0x0021, 0x0021, 0x0021, 0x0021,
  0x0021, 0x0021, 0x0021, 0x0021, 0x0021, 0x0021, 0x0021, 0x0021, 0x0021, 0x0021, 0x0021, 0x0021,
  0x0021, 0x0021, 0x0021, 0x0021, 0x0021, 0x0021, 0x0021, 0x0021, 0x0021, 0x0021, 0x0021, 0x0021,
  0x0021, 0x0021, 0x0021, 0x0021, 0x0021, 0x0021, 0x0021, 0x0021, 0x0020, 0x0020, 0x0021, 0x0021,
  0x0021, 0x0021, 0x0021, 0x0021, 0x0021, 0x0021, 0x0020, 0x0021, 0x0021, 0x0020, 0x0020, 0xC594,
  0x734C, 0x10A3, 0x2145, 0x2125, 0x1904, 0x18E3, 0x10A3, 0x10A2, 0x2944, 0x39C6, 0x62A9, 0x6B2B,
  0x732B, 0x734B, 0x83CD, 0x9C90, 0xBD73, 0xCDD5, 0xC5B4, 0xB532, 0xA490, 0x83AD, 0x8C0E, 0xBD53,
  0xC594, 0xCDD4, 0xC594, 0xC594, 0xC594, 0xC594, 0xC594, 0xC5B4, 0xBD73, 0x9C70, 0xC5B4, 0xC5B4,
  0xC594, 0xC594, 0xC594, 0xC5B4, 0xC594, 0xC593, 0xC5B4, 0xCDD5, 0xC5B4, 0x8BEE, 0xA490, 0x9C90,
  0x942E, 0xA4B0, 0xBD72, 0xD5F4, 0xDE55, 0xDE55, 0xD615, 0xD5F4, 0xD5F4, 0xD615, 0xD615, 0xD615,
  0xD615, 0xD614, 0xD615, 0xD615, 0xD615, 0xD614, 0xD5F4, 0xD614, 0xD635, 0xD635, 0xD615, 0xD635,
  0xD635, 0xD615, 0xD615, 0xD635, 0xD635, 0xD635, 0xD615, 0xD614, 0xCE15, 0x936C, 0xDBAC, 0xBB8C,
  0x6123, 0x18C3, 0x18E4, 0x1904, 0x38E3, 0x20C2, 0xAD11, 0xB552, 0x8BCD, 0x734A, 0x0000, 0x0021,
  0x0021, 0x0021, 0x0021, 0x0021, 0x0021, 0x0021, 0x0021, 0x0021, 0x0021, 0x0021, 0x0021, 0x0020,
  0x0021, 0x0021, 0x0021, 0x0021, 0x0021, 0x0021, 0x0021, 0x0021, 0x0021, 0x0021, 0x0021, 0x0021,
  0x0021, 0x0021, 0x0021, 0x0021, 0x0021, 0x0021, 0x0021, 0x0021, 0x0021, 0x0021, 0x0021, 0x0021,
  0x0021, 0x0021, 0x0021, 0x0021, 0x0021, 0x0021, 0x0021, 0x0021, 0x0021, 0x0021, 0x0021, 0x0021,
  0x0020, 0x0021, 0x0021, 0x0021, 0x0021, 0x0021, 0x0021, 0x0021, 0x0021, 0x0021, 0x0021, 0x0021,
  0x0041, 0x0000, 0x944F, 0xACF1, 0x10A3, 0x2145, 0x2124, 0x2104, 0x2124, 0x2124, 0x2124, 0x1904,
  0x18E3, 0x10A3, 0x10A2, 0x2944, 0x4A07, 0x62A9, 0x6B0B, 0x6B2B, 0x732B, 0x7BAD, 0x9C70, 0xBD73,
  0xAD12, 0xB533, 0xB512, 0xA4B0, 0xA490, 0xA4B0, 0xB532, 0xC594, 0xC5B4, 0xC5B4, 0xC594, 0xC5B4,
  0x9C70, 0xBD53, 0xC594, 0xC593, 0xC594, 0xC5B4, 0xC593, 0xC594, 0xC594, 0xC594, 0xC594, 0xCDD4,
  0xA4B0, 0xAD12, 0xCDD4, 0xC5B4, 0xC593, 0xB512, 0xA490, 0x9C6F, 0xA4D0, 0xBD52, 0xCDF4, 0xDE55,
  0xDE55, 0xD615, 0xD614, 0xD615, 0xD615, 0xD614, 0xD615, 0xD615, 0xD614, 0xD5F4, 0xD5F4, 0xD5F4,
  0xD615, 0xD615, 0xD635, 0xD635, 0xD635, 0xD635, 0xDE35, 0xD635, 0xD635, 0xD615, 0xD5F4, 0xDE56,
  0x940E, 0xC32A, 0xDC2E, 0x81C6, 0x20A2, 0x18E4, 0x18E3, 0x1904, 0x2882, 0x838B, 0xCDD4, 0x8BCD,
  0x940D, 0x18A2, 0x0000, 0x0021, 0x0021, 0x0021, 0x0021, 0x0021, 0x0021, 0x0021, 0x0021, 0x0021,
  0x0021, 0x0021, 0x0021, 0x0021, 0x0021, 0x0021, 0x0021, 0x0021, 0x0021, 0x0021, 0x0021, 0x0021,
  0x0021, 0x0021, 0x0021, 0x0021, 0x0021, 0x0021, 0x0021, 0x0021, 0x0021, 0x0021, 0x0021, 0x0021,
  0x0021, 0x0021, 0x0021, 0x0021, 0x0021, 0x0021, 0x0021, 0x0021, 0x0021, 0x0021, 0x0021, 0x0021,
  0x0021, 0x0021, 0x0021, 0x0021, 0x0021, 0x0021, 0x0021, 0x0021, 0x0020, 0x0021, 0x0021, 0x0021,
  0x0021, 0x0021, 0x0020, 0x0041, 0x0000, 0x5268, 0xBD73, 0x18E3, 0x2125, 0x2125, 0x2124, 0x2124,
  0x2104, 0x1904, 0x2104, 0x2104, 0x2104, 0x2124, 0x1904, 0x18E3, 0x10A3, 0x10A3, 0x2924, 0x41E7,
  0x5AA9, 0x6AEA, 0x6B0A, 0x732B, 0x734B, 0xA4D1, 0xBD53, 0xCDF5, 0xC594, 0xB532, 0xA490, 0x9C90,
  0xACF1, 0xB532, 0xCDD4, 0xACF1, 0xACD1, 0xCDD4, 0xBD73, 0xC594, 0xC5B4, 0xC5B4, 0xC594, 0xC594,
  0xC594, 0xC594, 0xC5B4, 0xACF1, 0xA4B1, 0xCDD5, 0xC593, 0xC594, 0xC5B4, 0xCDD4, 0xCDD4, 0xC5B4,
  0xB512, 0x9C6F, 0x9C6F, 0x9C6F, 0xB531, 0xCDD4, 0xDE35, 0xDE35, 0xD615, 0xD615, 0xD614, 0xD615,
  0xD615, 0xD614, 0xD615, 0xD614, 0xD614, 0xD615, 0xD635, 0xD635, 0xD615, 0xD635, 0xD635, 0xD614,
  0xDE35, 0xD615, 0xD655, 0xB532, 0xA2E9, 0xE40D, 0x9288, 0x38C2, 0x10E3, 0x18E3, 0x1904, 0x1082,
  0x5247, 0xD5F4, 0x942F, 0x9C2E, 0x39A5, 0x0000, 0x0021, 0x0021, 0x0021, 0x0021, 0x0021, 0x0021,
  0x0021, 0x0021, 0x0021, 0x0021, 0x0021, 0x0021, 0x0021, 0x0021, 0x0021, 0x0021, 0x0021, 0x0021,
  0x0021, 0x0021, 0x0021, 0x0021, 0x0021, 0x0021, 0x0021, 0x0021, 0x0021, 0x0021, 0x0021, 0x0021,
  0x0021, 0x0021, 0x0021, 0x0021, 0x0021, 0x0021, 0x0021, 0x0021, 0x0021, 0x0021, 0x0021, 0x0021,
  0x0021, 0x0021, 0x0021, 0x0021, 0x0021, 0x0021, 0x0021, 0x0021, 0x0020, 0x0020, 0x0021, 0x0021,
  0x0021, 0x0021, 0x0021, 0x0021, 0x0021, 0x0021, 0x0021, 0x0000, 0x2104, 0xD615, 0x4227, 0x1904,
  0x2145, 0x2124, 0x1904, 0x1904, 0x2104, 0x2125, 0x2125, 0x2125, 0x2104, 0x1904, 0x1904, 0x2124,
  0x2125, 0x2124, 0x18E4, 0x10A3, 0x10A2, 0x2124, 0x41E6, 0x62C9, 0x5AA9, 0x6B0A, 0x6B2B, 0x7BAD,
  0x9C70, 0xBD53, 0xCDD5, 0xC5D5, 0xBD53, 0xA4B0, 0x942F, 0x83CD, 0xBD53, 0xC5B4, 0xC5B4, 0xC5B4,
  0xC594, 0xC594, 0xC5B4, 0xC594, 0xC594, 0xC594, 0xBD52, 0x9C90, 0xC5B4, 0xC5B4, 0xC594, 0xC594,
  0xC5B4, 0xC594, 0xC594, 0xC5B4, 0xC5B4, 0xCDD4, 0xB552, 0x83AD, 0x9C90, 0x9C4F, 0xA490, 0xB531,
  0xCDF4, 0xDE35, 0xDE35, 0xD615, 0xD614, 0xD5F4, 0xD5F4, 0xD614, 0xD615, 0xD615, 0xD635, 0xD635,
  0xD635, 0xD615, 0xD614, 0xD615, 0xCDF4, 0x93AD, 0xA3CD, 0x7AC9, 0xC32A, 0xAB2A, 0x5103, 0x10C3,
  0x18E3, 0x18E3, 0x10C3, 0x2964, 0xBD72, 0xACF1, 0x8BED, 0x6AE9, 0x0000, 0x0021, 0x0020, 0x0021,
  0x0021, 0x0021, 0x0021, 0x0021, 0x0021, 0x0021, 0x0021, 0x0021, 0x0021, 0x0021, 0x0021, 0x0021,
  0x0021, 0x0021, 0x0021, 0x0021, 0x0021, 0x0021, 0x0021, 0x0021, 0x0021, 0x0021, 0x0021, 0x0021,
  0x0021, 0x0021, 0x0021, 0x0021, 0x0021, 0x0021, 0x0021, 0x0021, 0x0021, 0x0021, 0x0021, 0x0021,
  0x0021, 0x0021, 0x0021, 0x0021, 0x0021, 0x0021, 0x0021, 0x0021, 0x0021, 0x0021, 0x0021, 0x0021,
  0x0020, 0x0021, 0x0021, 0x0021, 0x0021, 0x0021, 0x0021, 0x0021, 0x0021, 0x0021, 0x0020, 0x0020,
  0xAD11, 0x734C, 0x2145, 0x7248, 0x61E7, 0x31C7, 0x31A6, 0x2965, 0x2125, 0x2104, 0x2124, 0x2124,
  0x2124, 0x2104, 0x2104, 0x2104, 0x2104, 0x2104, 0x2125, 0x2125, 0x2124, 0x18E4, 0x10A3, 0x10C3,
  0x2103, 0x41E7, 0x5AA9, 0x6B0A, 0x6B2B, 0x734B, 0x83CD, 0x9C70, 0xBD73, 0xBD53, 0xACF2, 0xB532,
  0xA4B0, 0x9C90, 0xA4B0, 0xBD53, 0xC594, 0xC5B4, 0xC5B4, 0xC5B4, 0xC594, 0xC5B4, 0x9C90, 0xBD73,
  0xC5B4, 0xC594, 0xC594, 0xC5B4, 0xC5B4, 0xC5B4, 0xC5B4, 0xC5B4, 0xC594, 0xC594, 0x9C6F, 0xBD73,
  0xCDD4, 0xC594, 0xB552, 0xA4D1, 0x9C6F, 0xA4B0, 0xBD52, 0xCDF4, 0xD635, 0xD5F4, 0xD614, 0xD5F4,
  0xD5F4, 0xD615, 0xD615, 0xD615, 0xD614, 0xD614, 0xD615, 0xDE55, 0x9C4F, 0xBB2A, 0xD38B, 0xC34B,
  0xBB6B, 0x6A06, 0x1882, 0x18E4, 0x18E3, 0x18E3, 0x10A2, 0x942E, 0xC5B4, 0x8BED, 0x83AB, 0x0841,
  0x0000, 0x0021, 0x0020, 0x0021, 0x0021, 0x0021, 0x0021, 0x0021, 0x0021, 0x0021, 0x0021, 0x0021,
  0x0021, 0x0021, 0x0021, 0x0021, 0x0021, 0x0021, 0x0021, 0x0021, 0x0021, 0x0021, 0x0021, 0x0021,
  0x0021, 0x0021, 0x0021, 0x0021, 0x0021, 0x0021, 0x0021, 0x0021, 0x0021, 0x0021, 0x0021, 0x0021,
  0x0021, 0x0021, 0x0021, 0x0021, 0x0020, 0x0021, 0x0021, 0x0020, 0x0021, 0x0021, 0x0021, 0x0021,
  0x0021, 0x0021, 0x0021, 0x0021, 0x0021, 0x0021, 0x0021, 0x0021, 0x0021, 0x0021, 0x0021, 0x0021,
  0x0021, 0x0041, 0x0000, 0x738C, 0xDE36, 0x5248, 0x2986, 0x4124, 0x4144, 0x31C7, 0x39E7, 0x39E7,
  0x39C7, 0x31A6, 0x2965, 0x2124, 0x1904, 0x1904, 0x2125, 0x2125, 0x2124, 0x2124, 0x2124, 0x2124,
  0x2124, 0x2125, 0x2125, 0x2124, 0x18E4, 0x10C3, 0x10C3, 0x2124, 0x41E7, 0x5AA9, 0x6B0B, 0x6B0A,
  0x734B, 0x6B0B, 0x9450, 0xBD53, 0xCDD5, 0xCDD5, 0xB532, 0xA4D1, 0x9C90, 0xA4B1, 0xB532, 0xC594,
  0xCDF5, 0xACD1, 0xACF1, 0xC5B4, 0xC594, 0xC594, 0xC5B4, 0xC5B4, 0xC594, 0xC594, 0xC594, 0xC594,
  0xCDD4, 0xA4D1, 0xACF2, 0xCDD4, 0xC594, 0xC5B4, 0xCDD5, 0xCDD5, 0xC5B4, 0xB553, 0xA4B0, 0x9C6F,
  0x9C4F, 0xACF0, 0xD5F4, 0xDE35, 0xDE35, 0xD614, 0xD5F4, 0xCDF4, 0xD5F4, 0xD5F4, 0xDE55, 0xB552,
  0x9B6B, 0xDBCC, 0xDBAC, 0xDBAC, 0xD3ED, 0x69C6, 0x10C3, 0x18E4, 0x1904, 0x0882, 0x62E9, 0xBD32,
  0x8BED, 0x9C2D, 0x2924, 0x0000, 0x0021, 0x0020, 0x0021, 0x0021, 0x0021, 0x0021, 0x0021, 0x0021,
  0x0021, 0x0021, 0x0021, 0x0021, 0x0021, 0x0021, 0x0021, 0x0021, 0x0021, 0x0021, 0x0021, 0x0021,
  0x0021, 0x0021, 0x0021, 0x0021, 0x0021, 0x0021, 0x0021, 0x0021, 0x0021, 0x0021, 0x0021, 0x0021,
  0x0021, 0x0021, 0x0021, 0x0021, 0x0021, 0x0021, 0x0021, 0x0021, 0x0021, 0x0021, 0x0021, 0x0021,
  0x0021, 0x0021, 0x0021, 0x0021, 0x0021, 0x0021, 0x0021, 0x0020, 0x0021, 0x0021, 0x0021, 0x0021,
  0x0021, 0x0021, 0x0020, 0x0021, 0x0021, 0x0021, 0x0021, 0x8BEE, 0xACF1, 0xBD73, 0xBD53, 0x8C0E,
  0x52A9, 0x39C6, 0x2965, 0x2986, 0x39C7, 0x39E7, 0x39E7, 0x39C6, 0x31A6, 0x2965, 0x2125, 0x2104,
  0x2104, 0x2124, 0x2125, 0x2125, 0x2124, 0x2124, 0x2104, 0x2124, 0x2125, 0x2125, 0x2125, 0x18E4,
  0x10C3, 0x10A3, 0x2124, 0x39C6, 0x5AA9, 0x5A89, 0x6AEA, 0x734B, 0x7BAD, 0x9C90, 0xBD53, 0xCDD5,
  0xC5B4, 0xB532, 0xA4B1, 0x9C90, 0x944F, 0x942F, 0xC593, 0xC5B4, 0xC5B4, 0xC5B4, 0xC593, 0xC594,
  0xC593, 0xC594, 0xC5B4, 0xC5B4, 0xBD53, 0xA4B0, 0xCDB4, 0xC594, 0xC5B4, 0xC5B4, 0xC5B4, 0xC5B4,
  0xC594, 0xC5B4, 0xC5B4, 0xBD73, 0xBD53, 0x8BED, 0x8BEE, 0xA490, 0xB532, 0xCDD4, 0xDE35, 0xDE35,
  0xD615, 0xCDF4, 0xDE35, 0xA48F, 0x9247, 0xAB0A, 0xAB4B, 0xC3ED, 0x9288, 0x58E3, 0x10C3, 0x18E4,
  0x10A3, 0x41C6, 0xCDB3, 0x9C90, 0x93ED, 0x5247, 0x0000, 0x0021, 0x0021, 0x0021, 0x0021, 0x0021,
  0x0021, 0x0021, 0x0021, 0x0021, 0x0021, 0x0021, 0x0021, 0x0021, 0x0021, 0x0021, 0x0021, 0x0021,
  0x0021, 0x0021, 0x0021, 0x0021, 0x0021, 0x0021, 0x0021, 0x0021, 0x0021, 0x0021, 0x0021, 0x0021,
  0x0020, 0x0020, 0x0021, 0x0021, 0x0021, 0x0021, 0x0021, 0x0021, 0x0021, 0x0021, 0x0021, 0x0021,
  0x0021, 0x0021, 0x0021, 0x0021, 0x0021, 0x0021, 0x0021, 0x0021, 0x0021, 0x0021, 0x0021, 0x0020,
  0x0021, 0x0021, 0x0021, 0x0021, 0x0021, 0x0020, 0x0020, 0x0021, 0x0021, 0x0021, 0x0021, 0x83AC,
  0x940D, 0x8BCC, 0x9C6F, 0xB532, 0xCDD4, 0xBD73, 0x944F, 0x5AAA, 0x3186, 0x2945, 0x2986, 0x39C7,
  0x39E7, 0x39E7, 0x39C7, 0x31A6, 0x2145, 0x2145, 0x2104, 0x2104, 0x2125, 0x2125, 0x2125, 0x2125,
  0x2125, 0x2124, 0x2124, 0x2125, 0x2145, 0x2124, 0x18E4, 0x10A3, 0x10A3, 0x18E3, 0x39C6, 0x5AA9,
  0x6AEA, 0x6B0A, 0x732B, 0x7BAD, 0x944F, 0xB532, 0xCDF5, 0xBD94, 0x944F, 0xA4B0, 0x9C90, 0xACF1,
  0xB553, 0xC5B4, 0xCDD4, 0xC5B4, 0xC5B4, 0xC5B4, 0xC5B4, 0xBD73, 0xA490, 0xC594, 0xC5B4, 0xC5B4,
  0xC594, 0xC5B4, 0xC5B4, 0xC594, 0xC594, 0xC594, 0xC594, 0xC5B4, 0xB532, 0x9C6F, 0xC594, 0xB532,
  0xA4B0, 0x9C70, 0x9C90, 0xB511, 0xCDD4, 0xD614, 0xDE56, 0xACF1, 0x9A27, 0xB247, 0xA227, 0x9267,
  0x8185, 0x6124, 0x10C3, 0x18E3, 0x18E3, 0xACD0, 0xBD73, 0x8BED, 0x7B4B, 0x0020, 0x0021, 0x0021,
  0x0021, 0x0021, 0x0021, 0x0021, 0x0021, 0x0021, 0x0021, 0x0021, 0x0021, 0x0021, 0x0021, 0x0021,
  0x0021, 0x0021, 0x0021, 0x0021, 0x0021, 0x0021, 0x0021, 0x0021, 0x0021, 0x0021, 0x0021, 0x0021,
  0x0021, 0x0021, 0x0021, 0x0021, 0x0020, 0x0021, 0x0021, 0x0021, 0x0021, 0x0021, 0x0021, 0x0021,
  0x0021, 0x0021, 0x0021, 0x0021, 0x0021, 0x0021, 0x0021, 0x0021, 0x0021, 0x0021, 0x0021, 0x0021,
  0x0021, 0x0021, 0x0021, 0x0020, 0x0021, 0x0021, 0x0021, 0x0021, 0x0021, 0x0021, 0x0021, 0x0021,
  0x0021, 0x0021, 0x0020, 0x7B8B, 0xACAF, 0xA4AF, 0x8B2A, 0x7A47, 0x8BED, 0x9C4F, 0xB512, 0xC5B4,
  0xBD73, 0x944F, 0x5ACA, 0x39C7, 0x2965, 0x3186, 0x31C6, 0x51E7, 0x7227, 0x31C7, 0x31C6, 0x2965,
  0x2125, 0x2124, 0x2125, 0x2125, 0x2125, 0x2125, 0x2125, 0x2125, 0x2125, 0x2124, 0x2125, 0x2125,
  0x2125, 0x18E4, 0x10A3, 0x10A3, 0x2104, 0x41E6, 0x5AA9, 0x6AEA, 0x6B0A, 0x734B, 0x7B8D, 0x83AD,
  0xB532, 0xCDF5, 0xCDD5, 0xB532, 0xA4B1, 0x9CB0, 0xACF1, 0xB553, 0xC594, 0xC5B4, 0xCDD5, 0x9C6F,
  0xB512, 0xC5B4, 0xC594, 0xC593, 0xC5B4, 0xC5B4, 0xC594, 0xC5B4, 0xC594, 0xC594, 0xC594, 0xBD73,
  0x9C70, 0xBD73, 0xC5B4, 0xC5B4, 0xCDD4, 0xC5B4, 0xBD53, 0xA4D1, 0x944F, 0x944F, 0xBD72, 0xA490,
  0x9A27, 0xB268, 0xAA67, 0xA267, 0x81A5, 0x6124, 0x10C3, 0x10A3, 0x838C, 0xCDD4, 0x8BCD, 0x940D,
  0x18C2, 0x0000, 0x0021, 0x0020, 0x0021, 0x0021, 0x0021, 0x0021, 0x0021, 0x0021, 0x0021, 0x0021,
  0x0021, 0x0021, 0x0021, 0x0021, 0x0021, 0x0021, 0x0021, 0x0021, 0x0021, 0x0021, 0x0021, 0x0021,
  0x0021, 0x0021, 0x0021, 0x0021, 0x0021, 0x0021, 0x0021, 0x0021, 0x0021, 0x0021, 0x0021, 0x0021,
  0x0021, 0x0021, 0x0021, 0x0021, 0x0021, 0x0021, 0x0021, 0x0021, 0x0021, 0x0021, 0x0021, 0x0021,
  0x0021, 0x0021, 0x0021, 0x0021, 0x0021, 0x0021, 0x0021, 0x0021, 0x0021, 0x0021, 0x0021, 0x0021,
  0x0021, 0x0021, 0x0021, 0x0021, 0x0021, 0x0021, 0x0020, 0x10A2, 0x41C6, 0x734B, 0x7B0A, 0x7A88,
  0x9C6E, 0x9C2D, 0x8BCC, 0x8BED, 0x9C6F, 0xB532, 0xC5D4, 0xBD93, 0x944F, 0x5A89, 0x2985, 0x3924,
  0x6165, 0x31A6, 0x39E7, 0x39E7, 0x39C7, 0x31A6, 0x2965, 0x2124, 0x2124, 0x2124, 0x2125, 0x2145,
  0x2125, 0x2124, 0x2124, 0x2124, 0x2124, 0x2124, 0x2125, 0x2124, 0x18E4, 0x10A3, 0x10A3, 0x2104,
  0x39C6, 0x5A89, 0x6AEA, 0x62A9, 0x736C, 0x83CD, 0x9470, 0xB552, 0xCDF5, 0xCDD5, 0xBD53, 0xA4B1,
  0x9C90, 0xA4B0, 0xA4B1, 0xA4B0, 0xC5B4, 0xC5B4, 0xC594, 0xBD73, 0xC594, 0xC594, 0xC594, 0xC594,
  0xC5B4, 0xC594, 0xC5B4, 0x9C90, 0xB512, 0xC5B4, 0xC594, 0xC5B4, 0xC5B4, 0xC5B4, 0xC5B4, 0xC5B4,
  0xC593, 0xB532, 0xACF1, 0x6AEA, 0x7184, 0x99E6, 0xAA47, 0xA267, 0x81A5, 0x6964, 0x0062, 0x5247,
  0xD5F4, 0x944F, 0x940D, 0x41C6, 0x0000, 0x0021, 0x0021, 0x0021, 0x0021, 0x0021, 0x0021, 0x0021,
  0x0021, 0x0021, 0x0021, 0x0021, 0x0021, 0x0021, 0x0021, 0x0021, 0x0021, 0x0021, 0x0021, 0x0021,
  0x0021, 0x0021, 0x0021, 0x0021, 0x0021, 0x0021, 0x0021, 0x0021, 0x0021, 0x0021, 0x0021, 0x0020,
  0x0021, 0x0021, 0x0021, 0x0021, 0x0021, 0x0021, 0x0021, 0x0021, 0x0021, 0x0021, 0x0021, 0x0021,
  0x0021, 0x0021, 0x0021, 0x0021, 0x0021, 0x0021, 0x0021, 0x0021, 0x0021, 0x0021, 0x0021, 0x0021,
  0x0021, 0x0021, 0x0021, 0x0021, 0x0021, 0x0021, 0x0021, 0x0021, 0x0021, 0x0021, 0x0021, 0x0000,
  0x0000, 0x0000, 0x10A2, 0x39E6, 0x730A, 0x93ED, 0xA48F, 0xA48F, 0x9C2E, 0x93ED, 0x940D, 0x9C6F,
  0xB511, 0xC5B3, 0xBD94, 0x944F, 0x4A89, 0x31A6, 0x2945, 0x2966, 0x31A6, 0x39C7, 0x39C7, 0x39C7,
  0x31A6, 0x2986, 0x2145, 0x2104, 0x2124, 0x2124, 0x2125, 0x2125, 0x2124, 0x2124, 0x2124, 0x2124,
  0x2125, 0x2125, 0x2124, 0x1904, 0x10C3, 0x10A2, 0x2104, 0x39A6, 0x5AA9, 0x62EA, 0x6B0A, 0x734B,
  0x83AD, 0x9C70, 0xBD73, 0xC5B4, 0xC5D4, 0xA4D1, 0x8BEE, 0x9C6F, 0xA4D1, 0xB532, 0xC594, 0xCDD4,
  0xC5B4, 0xC594, 0xC594, 0xC594, 0xC594, 0xC5B4, 0xACF1, 0xACF1, 0xCDD5, 0xC593, 0xC594, 0xC593,
  0xC5B4, 0xC5B4, 0xC5B4, 0xC594, 0xBD73, 0xC594, 0xBD53, 0x940E, 0x944F, 0x730A, 0x7227, 0x79C5,
  0x7964, 0x50C2, 0x2124, 0xBD31, 0xACF1, 0x93ED, 0x6AE9, 0x0000, 0x0021, 0x0021, 0x0021, 0x0021,
  0x0021, 0x0021, 0x0021, 0x0021, 0x0021, 0x0021, 0x0021, 0x0021, 0x0021, 0x0021, 0x0021, 0x0021,
  0x0021, 0x0021, 0x0021, 0x0021, 0x0021, 0x0021, 0x0021, 0x0021, 0x0021, 0x0021, 0x0021, 0x0021,
  0x0021, 0x0021, 0x0021, 0x0021, 0x0020, 0x0021, 0x0021, 0x0021, 0x0021, 0x0021, 0x0021, 0x0021,
  0x0021, 0x0021, 0x0021, 0x0021, 0x0021, 0x0021, 0x0021, 0x0021, 0x0021, 0x0021, 0x0021, 0x0021,
  0x0021, 0x0021, 0x0021, 0x0021, 0x0021, 0x0021, 0x0021, 0x0021, 0x0021, 0x0021, 0x0021, 0x0021,
  0x0021, 0x0021, 0x0021, 0x0021, 0x0021, 0x0021, 0x0000, 0x0000, 0x0000, 0x10A2, 0x41C6, 0x730A,
  0x942D, 0xA4AF, 0xA48F, 0x942D, 0x8BCC, 0x8BED, 0xA4B0, 0xB532, 0xCDB4, 0xBD93, 0x944F, 0x5AA9,
  0x31A6, 0x2145, 0x2986, 0x39C7, 0x39E7, 0x39E7, 0x39C6, 0x31A6, 0x2145, 0x2125, 0x2124, 0x1904,
  0x2125, 0x2125, 0x2125, 0x2125, 0x2125, 0x2125, 0x2124, 0x2125, 0x2125, 0x2125, 0x18E4, 0x10C3,
  0x10A2, 0x2103, 0x39C6, 0x5AA9, 0x6B0A, 0x732B, 0x732B, 0x7B6C, 0x9C70, 0x9C90, 0xCDF5, 0xCDD5,
  0xBD53, 0xA4B0, 0x9C90, 0xACF1, 0xB532, 0xC594, 0xC5B4, 0xC5B4, 0xC5B4, 0xBD73, 0x9C70, 0xC5B4,
  0xC5B4, 0xC5B4, 0xC594, 0xC5B4, 0xC594, 0xC5B4, 0xC5B4, 0xC5B4, 0xC594, 0xBD73, 0x9C70, 0xBD94,
  0xCDD5, 0xC5B4, 0xB532, 0x942E, 0x7B0A, 0x4985, 0x83CC, 0xBD52, 0x8BCD, 0x8BCC, 0x0861, 0x0000,
  0x0021, 0x0021, 0x0021, 0x0021, 0x0021, 0x0021, 0x0021, 0x0021, 0x0021, 0x0021, 0x0021, 0x0021,
  0x0021, 0x0021, 0x0021, 0x0021, 0x0021, 0x0021, 0x0021, 0x0021, 0x0021, 0x0021, 0x0021, 0x0021,
  0x0021, 0x0021, 0x0021, 0x0021, 0x0020, 0x0021, 0x0021, 0x0021, 0x0020, 0x0021, 0x0021, 0x0021,
  0x0021, 0x0021, 0x0021, 0x0021, 0x0021, 0x0021, 0x0021, 0x0021, 0x0021, 0x0021, 0x0021, 0x0021,
  0x0021, 0x0021, 0x0021, 0x0021, 0x0021, 0x0021, 0x0021, 0x0021, 0x0021, 0x0021, 0x0021, 0x0021,
  0x0021, 0x0021, 0x0021, 0x0021, 0x0021, 0x0021, 0x0021, 0x0021, 0x0021, 0x0021, 0x0021, 0x0021,
  0x0021, 0x0000, 0x0000, 0x0000, 0x10A2, 0x41C6, 0x6B0A, 0x940D, 0xA4AF, 0xA4AF, 0x8B0A, 0x8247,
  0x83CD, 0x9C6F, 0xB512, 0xC5B4, 0xBD73, 0x944F, 0x5AA9, 0x31A6, 0x2965, 0x2986, 0x39C7, 0x39E7,
  0x6227, 0x49E7, 0x31A6, 0x2965, 0x2124, 0x2124, 0x2125, 0x2125, 0x2145, 0x2125, 0x2124, 0x2124,
  0x2124, 0x2124, 0x2125, 0x2124, 0x2124, 0x18E4, 0x10A3, 0x10A2, 0x2104, 0x41E6, 0x5A89, 0x6B0A,
  0x6B0A, 0x62C9, 0x83AD, 0x944F, 0xB553, 0xCDD4, 0xCDD4, 0xB553, 0xA4B1, 0x9C70, 0xA4D1, 0xB532,
  0xBD73, 0x9C6F, 0xC594, 0xC5B4, 0xC594, 0xC594, 0xC594, 0xC5B4, 0xC5B4, 0xC594, 0xC5B4, 0xC594,
  0xCDD5, 0x9C6F, 0xACF1, 0xCDD4, 0xBD73, 0xC573, 0xC594, 0xCDF5, 0xA4B0, 0xA4B0, 0xC5B3, 0x732A,
  0x9C2D, 0x2944, 0x0000, 0x0021, 0x0021, 0x0021, 0x0021, 0x0021, 0x0021, 0x0021, 0x0021, 0x0021,
  0x0021, 0x0021, 0x0021, 0x0021, 0x0021, 0x0021, 0x0021, 0x0021, 0x0021, 0x0021, 0x0021, 0x0021,
  0x0021, 0x0021, 0x0021, 0x0021, 0x0021, 0x0021, 0x0021, 0x0020, 0x0021, 0x0021, 0x0021, 0x0021,
  0x0021, 0x0021, 0x0021, 0x0021, 0x0021, 0x0021, 0x0021, 0x0021, 0x0021, 0x0021, 0x0021, 0x0021,
  0x0021, 0x0021, 0x0021, 0x0021, 0x0021, 0x0021, 0x0021, 0x0021, 0x0021, 0x0021, 0x0021, 0x0020,
  0x0021, 0x0021, 0x0021, 0x0021, 0x0021, 0x0021, 0x0021, 0x0021, 0x0021, 0x0021, 0x0021, 0x0021,
  0x0021, 0x0021, 0x0021, 0x0021, 0x0021, 0x0021, 0x0021, 0x0021, 0x0000, 0x0000, 0x0000, 0x10A2,
  0x41E6, 0x734A, 0x832A, 0x82C9, 0xA48F, 0x9C2D, 0x8BCC, 0x8BED, 0x9C6F, 0xB552, 0xCDF4, 0xBD93,
  0x944F, 0x5AA9, 0x3186, 0x2145, 0x79E6, 0x51A6, 0x31E7, 0x39C7, 0x31C6, 0x31A6, 0x2965, 0x2145,
  0x2125, 0x2124, 0x2125, 0x2125, 0x2125, 0x2125, 0x2124, 0x2124, 0x2124, 0x2125, 0x2125, 0x2125,
  0x18E4, 0x10A3, 0x10A2, 0x2124, 0x39A6, 0x4A27, 0x732B, 0x6B0B, 0x6B2B, 0x7BAD, 0x9C70, 0xB533,
  0xCDD5, 0xC5D4, 0xB532, 0xA4B0, 0x83CD, 0x942F, 0xBD53, 0xC5B4, 0xC5B4, 0xC594, 0xC594, 0xC594,
  0xC594, 0xC594, 0xC594, 0xCDD4, 0xB512, 0xA4D1, 0xCDB4, 0xBD73, 0xC593, 0xC594, 0xC5B4, 0xB512,
  0x940E, 0xD614, 0x944F, 0x8BED, 0x5267, 0x0000, 0x0021, 0x0021, 0x0020, 0x0021, 0x0021, 0x0021,
  0x0021, 0x0021, 0x0021, 0x0021, 0x0021, 0x0021, 0x0021, 0x0021, 0x0021, 0x0021, 0x0021, 0x0021,
  0x0021, 0x0021, 0x0021, 0x0021, 0x0021, 0x0021, 0x0021, 0x0021, 0x0021, 0x0021, 0x0021, 0x0021,
  0x0021, 0x0021, 0x0021, 0x0021, 0x0021, 0x0021, 0x0021, 0x0021, 0x0021, 0x0021, 0x0021, 0x0021,
  0x0021, 0x0021, 0x0021, 0x0021, 0x0020, 0x0021, 0x0021, 0x0021, 0x0021, 0x0021, 0x0021, 0x0021,
  0x0021, 0x0021, 0x0021, 0x0020, 0x0021, 0x0021, 0x0021, 0x0021, 0x0021, 0x0021, 0x0021, 0x0021,
  0x0021, 0x0021, 0x0021, 0x0021, 0x0021, 0x0021, 0x0021, 0x0021, 0x0021, 0x0021, 0x0021, 0x0021,
  0x0021, 0x0021, 0x0021, 0x0000, 0x0000, 0x0000, 0x18C2, 0x4206, 0x732A, 0x940D, 0xA48F, 0xA48F,
  0x9C2E, 0x8BED, 0x8C0D, 0x9C8F, 0xB552, 0xC5D4, 0xBD73, 0x944F, 0x4A68, 0x2986, 0x2145, 0x2965,
  0x39C7, 0x39C7, 0x39C7, 0x39C6, 0x31A6, 0x2965, 0x2124, 0x2104, 0x2125, 0x2125, 0x2125, 0x2125,
  0x2125, 0x2124, 0x2124, 0x2124, 0x2124, 0x2125, 0x2124, 0x18E4, 0x10A3, 0x10A2, 0x2104, 0x39C6,
  0x5AA9, 0x6B0A, 0x732B, 0x6B2B, 0x7B8D, 0x9C70, 0xBD53, 0xB512, 0xAD12, 0xBD73, 0xA4B0, 0x9C90,
  0xACD1, 0xB532, 0xC5B4, 0xCDD4, 0xC5B4, 0xC594, 0xC5B4, 0xBD73, 0x9C4F, 0xC5B4, 0xC594, 0xC593,
  0xC594, 0xC593, 0xC594, 0x8C0E, 0xD635, 0xAD12, 0x8BCC, 0x7B4B, 0x0020, 0x0020, 0x0021, 0x0021,
  0x0021, 0x0021, 0x0021, 0x0021, 0x0021, 0x0021, 0x0021, 0x0021, 0x0021, 0x0021, 0x0021, 0x0021,
  0x0021, 0x0021, 0x0021, 0x0021, 0x0021, 0x0021, 0x0021, 0x0021, 0x0021, 0x0021, 0x0021, 0x0021,
  0x0021, 0x0021, 0x0021, 0x0020, 0x0021, 0x0021, 0x0021, 0x0021, 0x0021, 0x0020, 0x0021, 0x0021,
  0x0021, 0x0021, 0x0021, 0x0021, 0x0020, 0x0021, 0x0021, 0x0021, 0x0021, 0x0021, 0x0021, 0x0020,
  0x0021, 0x0021, 0x0021, 0x0021, 0x0021, 0x0021, 0x0021, 0x0021, 0x0021, 0x0021, 0x0021, 0x0021,
  0x0021, 0x0021, 0x0021, 0x0021, 0x0021, 0x0021, 0x0021, 0x0021, 0x0021, 0x0021, 0x0021, 0x0021,
  0x0021, 0x0021, 0x0021, 0x0021, 0x0021, 0x0021, 0x0021, 0x0021, 0x0021, 0x0021, 0x0000, 0x0000,
  0x0000, 0x10A2, 0x41C6, 0x732A, 0x942E, 0xA4AF, 0xA48F, 0x9C2E, 0x8BCC, 0x8BED, 0xA4B0, 0xB553,
  0xCDD4, 0xBD52, 0x8C0E, 0x5AA9, 0x3186, 0x2945, 0x2986, 0x39C7, 0x39C7, 0x39C7, 0x31C6, 0x3186,
  0x2965, 0x2124, 0x2124, 0x2125, 0x2125, 0x2125, 0x2124, 0x2124, 0x2124, 0x2124, 0x2124, 0x2125,
  0x2125, 0x2124, 0x18E4, 0x10A3, 0x10A3, 0x2104, 0x41C6, 0x5AA9, 0x6B0A, 0x732B, 0x6B0B, 0x6B2B,
  0x9C70, 0xBD53, 0xCDD5, 0xC594, 0xBD53, 0xA4B1, 0x9C90, 0xA4B1, 0xBD73, 0xCDD5, 0xCDD4, 0x9C90,
  0xB512, 0xC5B4, 0xBD93, 0xC593, 0xC594, 0xCDD5, 0x9C70, 0xBD73, 0xCDF5, 0x83AC, 0x940D, 0x18C2,
  0x0000, 0x0021, 0x0021, 0x0021, 0x0021, 0x0021, 0x0021, 0x0021, 0x0021, 0x0021, 0x0021, 0x0021,
  0x0021, 0x0021, 0x0021, 0x0021, 0x0021, 0x0021, 0x0021, 0x0021, 0x0021, 0x0021, 0x0021, 0x0021,
  0x0021, 0x0021, 0x0021, 0x0021, 0x0021, 0x0021, 0x0021, 0x0021, 0x0021, 0x0021, 0x0021, 0x0021,
  0x0021, 0x0021, 0x0021, 0x0021, 0x0021, 0x0021, 0x0021, 0x0021, 0x0021, 0x0021, 0x0021, 0x0021,
  0x0021, 0x0021, 0x0021, 0x0021, 0x0021, 0x0021, 0x0021, 0x0021, 0x0021, 0x0021, 0x0021, 0x0021,
  0x0021, 0x0021, 0x0021, 0x0021, 0x0021, 0x0021, 0x0021, 0x0021, 0x0021, 0x0021, 0x0021, 0x0021,
  0x0021, 0x0021, 0x0021, 0x0021, 0x0021, 0x0021, 0x0021, 0x0021, 0x0021, 0x0020, 0x0021, 0x0021,
  0x0021, 0x0021, 0x0021, 0x0021, 0x0021, 0x0000, 0x0000, 0x0000, 0x18A2, 0x41E6, 0x734B, 0x942E,
  0xA48F, 0xA48F, 0x8BCC, 0x8268, 0x7B4B, 0x9C6F, 0xBD73, 0xCDD4, 0xBD73, 0x8C2E, 0x5289, 0x3186,
  0x2145, 0x2965, 0x31C6, 0x39C7, 0x39C7, 0x39C7, 0x31A6, 0x2965, 0x2124, 0x1904, 0x2104, 0x2125,
  0x2125, 0x2125, 0x2124, 0x2124, 0x2124, 0x2104, 0x2124, 0x2125, 0x2124, 0x18E4, 0x10C3, 0x10C3,
  0x2124, 0x41C6, 0x5A89, 0x5A89, 0x6B2B, 0x6B0B, 0x7BAD, 0x9C70, 0xBD73, 0xCDB4, 0xC5B4, 0xB553,
  0x942F, 0x9C70, 0x942E, 0x9C70, 0xC5B4, 0xC594, 0xC5B4, 0xC594, 0xCDD4, 0xA4D1, 0x9C6F, 0xDE56,
  0x8BED, 0x9C2D, 0x41C6, 0x0000, 0x0021, 0x0021, 0x0021, 0x0021, 0x0021, 0x0021, 0x0021, 0x0021,
  0x0021, 0x0021, 0x0021, 0x0021, 0x0021, 0x0021, 0x0021, 0x0021, 0x0021, 0x0021, 0x0021, 0x0021,
  0x0021, 0x0021, 0x0021, 0x0021, 0x0021, 0x0021, 0x0021, 0x0021, 0x0021, 0x0021, 0x0021, 0x0021,
  0x0021, 0x0021, 0x0021, 0x0021, 0x0021, 0x0021, 0x0021, 0x0021, 0x0021, 0x0021, 0x0021, 0x0021,
  0x0021, 0x0020, 0x0021, 0x0021, 0x0021, 0x0021, 0x0021, 0x0021, 0x0021, 0x0021, 0x0021, 0x0021,
  0x0021, 0x0021, 0x0021, 0x0021, 0x0021, 0x0021, 0x0021, 0x0021, 0x0021, 0x0021, 0x0021, 0x0021,
  0x0021, 0x0021, 0x0021, 0x0021, 0x0021, 0x0021, 0x0021, 0x0021, 0x0021, 0x0021, 0x0021, 0x0021,
  0x0021, 0x0021, 0x0021, 0x0021, 0x0021, 0x0021, 0x0021, 0x0021, 0x0021, 0x0021, 0x0021, 0x0021,
  0x0000, 0x0000, 0x0000, 0x18A2, 0x41E6, 0x734B, 0x8BED, 0x8247, 0x8B6B, 0x9C6E, 0x8BED, 0x8BED,
  0x9C6F, 0xBD52, 0xC5D4, 0xBD52, 0x8C0E, 0x5289, 0x3186, 0x2945, 0x2165, 0x7A27, 0x7A07, 0x2986,
  0x31A6, 0x31A6, 0x2965, 0x2124, 0x2104, 0x2124, 0x2125, 0x2125, 0x2124, 0x2104, 0x2104, 0x2124,
  0x2124, 0x2125, 0x2125, 0x2125, 0x18E4, 0x10C3, 0x10A3, 0x2104, 0x39C6, 0x5A88, 0x6B0A, 0x6B0A,
  0x6B0B, 0x7B8D, 0x9C70, 0xB533, 0xA4D1, 0xC594, 0xACF1, 0xA4D1, 0xA4B1, 0xA490, 0xBD53, 0xC5B4,
  0xBD73, 0x8BEE, 0xDE56, 0xA4B0, 0x940D, 0x6AEA, 0x0000, 0x0021, 0x0021, 0x0021, 0x0021, 0x0021,
  0x0021, 0x0021, 0x0021, 0x0021, 0x0021, 0x0021, 0x0021, 0x0021, 0x0021, 0x0021, 0x0021, 0x0021,
  0x0021, 0x0021, 0x0021, 0x0021, 0x0021, 0x0021, 0x0021, 0x0021, 0x0021, 0x0021, 0x0021, 0x0021,
  0x0021, 0x0021, 0x0021, 0x0021, 0x0021, 0x0021, 0x0021, 0x0021, 0x0021, 0x0021, 0x0021, 0x0021,
  0x0021, 0x0021, 0x0021, 0x0021, 0x0021, 0x0021, 0x0021, 0x0021, 0x0021, 0x0021, 0x0021, 0x0021,
  0x0021, 0x0021, 0x0021, 0x0021, 0x0021, 0x0021, 0x0021, 0x0021, 0x0021, 0x0021, 0x0021, 0x0021,
  0x0021, 0x0021, 0x0021, 0x0021, 0x0021, 0x0021, 0x0021, 0x0021, 0x0021, 0x0021, 0x0021, 0x0021,
  0x0021, 0x0021, 0x0021, 0x0021, 0x0021, 0x0021, 0x0021, 0x0021, 0x0021, 0x0021, 0x0021, 0x0021,
  0x0021, 0x0021, 0x0021, 0x0021, 0x0021, 0x0021, 0x0021, 0x0000, 0x0000, 0x0000, 0x18C2, 0x39C6,
  0x732A, 0x9C4E, 0xA48F, 0xA46F, 0x940D, 0x8BCC, 0x8BCD, 0x9C8F, 0xBD73, 0xCDD4, 0xB552, 0x83ED,
  0x5289, 0x3124, 0x2904, 0x2965, 0x31A6, 0x39C7, 0x39C7, 0x31A6, 0x3186, 0x2965, 0x2124, 0x2104,
  0x2104, 0x2124, 0x2125, 0x2125, 0x2124, 0x2124, 0x2124, 0x2124, 0x2125, 0x2125, 0x2104, 0x18E4,
  0x10A3, 0x10A2, 0x2104, 0x39C6, 0x5AA9, 0x6AEA, 0x6B0A, 0x62A9, 0x734C, 0x9C6F, 0xBD73, 0xCE15,
  0xC5B4, 0xB532, 0xA4B1, 0xA4B0, 0x83CD, 0xCDB3, 0xBD73, 0x83AC, 0x8BCC, 0x1061, 0x0000, 0x0021,
  0x0021, 0x0021, 0x0021, 0x0021, 0x0021, 0x0021, 0x0021, 0x0021, 0x0021, 0x0021, 0x0021, 0x0021,
  0x0021, 0x0021, 0x0021, 0x0021, 0x0021, 0x0021, 0x0021, 0x0021, 0x0021, 0x0021, 0x0021, 0x0021,
  0x0021, 0x0021, 0x0021, 0x0021, 0x0021, 0x0021, 0x0021, 0x0021, 0x0021, 0x0021, 0x0021, 0x0021,
  0x0021, 0x0021, 0x0021, 0x0021, 0x0021, 0x0021, 0x0021, 0x0021, 0x0021, 0x0021, 0x0021, 0x0021,
  0x0020, 0x0021, 0x0021, 0x0021, 0x0021, 0x0021, 0x0021, 0x0021, 0x0021, 0x0021, 0x0020, 0x0021,
  0x0021, 0x0021, 0x0021, 0x0021, 0x0021, 0x0021, 0x0021, 0x0021, 0x0021, 0x0021, 0x0021, 0x0021,
  0x0021, 0x0021, 0x0021, 0x0021, 0x0021, 0x0021, 0x0021, 0x0021, 0x0021, 0x0021, 0x0021, 0x0021,
  0x0021, 0x0021, 0x0021, 0x0021, 0x0021, 0x0021, 0x0021, 0x0021, 0x0021, 0x0021, 0x0021, 0x0021,
  0x0021, 0x0021, 0x0000, 0x0000, 0x0000, 0x18C2, 0x41E6, 0x732A, 0x942D, 0xA48F, 0xA46F, 0x942E,
  0x8BCC, 0x8BCD, 0x9C6F, 0xBD73, 0xCE15, 0xB552, 0x83CD, 0x5289, 0x31A6, 0x2145, 0x2965, 0x31C6,
  0x39C7, 0x39C7, 0x39C6, 0x31A6, 0x2965, 0x2124, 0x2124, 0x2104, 0x2125, 0x2125, 0x2124, 0x2124,
  0x2124, 0x2124, 0x2124, 0x2124, 0x2125, 0x2124, 0x18E4, 0x10C3, 0x10A3, 0x2103, 0x41C6, 0x5248,
  0x62A9, 0x732B, 0x732B, 0x7BAD, 0x944F, 0xBD74, 0xD616, 0x942F, 0x9C6F, 0xD635, 0x83CD, 0x9C2D,
  0x2944, 0x0000, 0x0021, 0x0020, 0x0020, 0x0021, 0x0021, 0x0021, 0x0021, 0x0021, 0x0021, 0x0021,
  0x0021, 0x0021, 0x0021, 0x0021, 0x0021, 0x0021, 0x0021, 0x0021, 0x0021, 0x0021, 0x0021, 0x0021,
  0x0021, 0x0021, 0x0021, 0x0021, 0x0021, 0x0021, 0x0021, 0x0021, 0x0021, 0x0021, 0x0021, 0x0021,
  0x0021, 0x0021, 0x0021, 0x0021, 0x0021, 0x0021, 0x0021, 0x0021, 0x0021, 0x0021, 0x0021, 0x0021,
  0x0021, 0x0021, 0x0021, 0x0021, 0x0021, 0x0021, 0x0021, 0x0021, 0x0021, 0x0021, 0x0021, 0x0021,
  0x0021, 0x0021, 0x0021, 0x0020, 0x0021, 0x0021, 0x0021, 0x0021, 0x0021, 0x0021, 0x0021, 0x0021,
  0x0021, 0x0021, 0x0021, 0x0021, 0x0021, 0x0021, 0x0021, 0x0021, 0x0021, 0x0021, 0x0021, 0x0021,
  0x0021, 0x0021, 0x0021, 0x0021, 0x0021, 0x0021, 0x0021, 0x0021, 0x0021, 0x0021, 0x0021, 0x0021,
  0x0021, 0x0021, 0x0021, 0x0021, 0x0021, 0x0021, 0x0021, 0x0021, 0x0021, 0x0000, 0x0000, 0x0000,
  0x18A2, 0x41E6, 0x732A, 0x942D, 0xA46F, 0xA46E, 0x942D, 0x8BCD, 0x836B, 0xA46F, 0xB552, 0xCDF5,
  0xBD73, 0x8C0E, 0x5268, 0x2985, 0x2945, 0x3186, 0x39C7, 0x39C7, 0x39C7, 0x31C6, 0x2986, 0x2965,
  0x2124, 0x2104, 0x2124, 0x2125, 0x2125, 0x2125, 0x2124, 0x2124, 0x2124, 0x2124, 0x2124, 0x2124,
  0x2104, 0x18E4, 0x10C3, 0x10A2, 0x2104, 0x39C6, 0x5A89, 0x62CA, 0x6B0A, 0x734B, 0x7B8C, 0x83CD,
  0xCE14, 0x944F, 0x9C2D, 0x5A68, 0x0000, 0x0021, 0x0021, 0x0021, 0x0021, 0x0021, 0x0021, 0x0021,
  0x0021, 0x0021, 0x0021, 0x0021, 0x0021, 0x0021, 0x0021, 0x0021, 0x0021, 0x0021, 0x0021, 0x0021,
  0x0021, 0x0021, 0x0021, 0x0021, 0x0021, 0x0021, 0x0021, 0x0021, 0x0021, 0x0021, 0x0021, 0x0021,
  0x0021, 0x0021, 0x0021, 0x0021, 0x0021, 0x0021, 0x0021, 0x0021, 0x0021, 0x0021, 0x0021, 0x0021,
  0x0021, 0x0020, 0x0021, 0x0021, 0x0021, 0x0021, 0x0021, 0x0021, 0x0021, 0x0021, 0x0021, 0x0021,
  0x0021, 0x0021, 0x0021, 0x0021, 0x0021, 0x0021, 0x0021, 0x0021, 0x0021, 0x0021, 0x0021, 0x0021,
  0x0021, 0x0021, 0x0021, 0x0021, 0x0021, 0x0021, 0x0021, 0x0021, 0x0021, 0x0021, 0x0021, 0x0021,
  0x0021, 0x0021, 0x0021, 0x0021, 0x0021, 0x0021, 0x0021, 0x0021, 0x0021, 0x0021, 0x0021, 0x0021,
  0x0021, 0x0021, 0x0021, 0x0021, 0x0021, 0x0020, 0x0021, 0x0021, 0x0021, 0x0020, 0x0021, 0x0021,
  0x0021, 0x0021, 0x0021, 0x0021, 0x0000, 0x0000, 0x0000, 0x18A2, 0x41E6, 0x734B, 0x942D, 0x944E,
  0x8A27, 0x82C9, 0x8C0D, 0x8BCC, 0x9C6F, 0xB552, 0xC5B4, 0xB552, 0x8C0E, 0x5269, 0x2965, 0x2145,
  0x3186, 0x31A6, 0x8A68, 0x51E7, 0x31A6, 0x3186, 0x2965, 0x2124, 0x2124, 0x2124, 0x2124, 0x2125,
  0x2125, 0x2104, 0x2104, 0x1904, 0x2124, 0x2124, 0x2125, 0x2124, 0x18E4, 0x10C3, 0x10A3, 0x2103,
  0x39C6, 0x5A89, 0x5A68, 0x838C, 0x9C6F, 0x8BCC, 0x7B6B, 0x0020, 0x0020, 0x0021, 0x0021, 0x0021,
  0x0021, 0x0021, 0x0021, 0x0021, 0x0021, 0x0021, 0x0021, 0x0021, 0x0021, 0x0021, 0x0021, 0x0021,
  0x0021, 0x0021, 0x0021, 0x0021, 0x0021, 0x0021, 0x0021, 0x0021, 0x0021, 0x0021, 0x0021, 0x0021,
  0x0021, 0x0021, 0x0021, 0x0021, 0x0021, 0x0021, 0x0021, 0x0020, 0x0021, 0x0021, 0x0021, 0x0021,
  0x0021, 0x0021, 0x0021, 0x0021, 0x0021, 0x0021, 0x0021, 0x0021, 0x0021, 0x0021, 0x0021, 0x0021,
  0x0021, 0x0021, 0x0021, 0x0021, 0x0021, 0x0021, 0x0021, 0x0021, 0x0021, 0x0021, 0x0021, 0x0021,
  0x0021, 0x0021, 0x0021, 0x0021, 0x0021, 0x0021, 0x0021, 0x0021, 0x0021, 0x0021, 0x0021, 0x0021,
  0x0021, 0x0021, 0x0021, 0x0021, 0x0021, 0x0021, 0x0021, 0x0021, 0x0021, 0x0021, 0x0021, 0x0021,
  0x0021, 0x0021, 0x0021, 0x0021, 0x0021, 0x0021, 0x0021, 0x0021, 0x0021, 0x0021, 0x0021, 0x0021,
  0x0021, 0x0021, 0x0021, 0x0021, 0x0021, 0x0021, 0x0020, 0x0021, 0x0021, 0x0021, 0x0021, 0x0000,
  0x0000, 0x0000, 0x18A2, 0x4A06, 0x6288, 0x838C, 0xA48F, 0x9C4E, 0x940D, 0x83AC, 0x8BED, 0xA48F,
  0xBD73, 0xCDD4, 0xB532, 0x83EE, 0x4A68, 0x2124, 0x4924, 0x3945, 0x31A6, 0x39C7, 0x39C7, 0x31A6,
  0x3186, 0x2965, 0x2125, 0x2104, 0x2104, 0x2104, 0x2125, 0x2125, 0x2124, 0x2104, 0x2124, 0x2124,
  0x2125, 0x2125, 0x2124, 0x18E4, 0x10C3, 0x0862, 0x3185, 0x732A, 0x732A, 0x83AC, 0x18C2, 0x0000,
  0x0021, 0x0021, 0x0021, 0x0021, 0x0021, 0x0021, 0x0021, 0x0021, 0x0021, 0x0021, 0x0021, 0x0021,
  0x0021, 0x0021, 0x0021, 0x0021, 0x0021, 0x0021, 0x0021, 0x0021, 0x0021, 0x0021, 0x0021, 0x0021,
  0x0021, 0x0021, 0x0021, 0x0021, 0x0021, 0x0021, 0x0021, 0x0021, 0x0021, 0x0021, 0x0021, 0x0021,
  0x0021, 0x0021, 0x0021, 0x0021, 0x0021, 0x0021, 0x0021, 0x0021, 0x0021, 0x0021, 0x0021, 0x0021,
  0x0021, 0x0021, 0x0021, 0x0021, 0x0021, 0x0021, 0x0021, 0x0021, 0x0021, 0x0021, 0x0021, 0x0021,
  0x0021, 0x0021, 0x0021, 0x0021, 0x0021, 0x0021, 0x0021, 0x0021, 0x0021, 0x0021, 0x0021, 0x0021,
  0x0021, 0x0021, 0x0021, 0x0021, 0x0021, 0x0021, 0x0021, 0x0021, 0x0021, 0x0021, 0x0021, 0x0021,
  0x0021, 0x0021, 0x0021, 0x0021, 0x0021, 0x0021, 0x0021, 0x0021, 0x0021, 0x0021, 0x0021, 0x0021,
  0x0021, 0x0021, 0x0021, 0x0021, 0x0021, 0x0021, 0x0021, 0x0021, 0x0021, 0x0021, 0x0021, 0x0021,
  0x0021, 0x0021, 0x0020, 0x0021, 0x0021, 0x0021, 0x0000, 0x0000, 0x0021, 0x18C3, 0x41E6, 0x734B,
  0x9C2E, 0xA48F, 0xA46E, 0x942E, 0x8BED, 0x8BED, 0xA490, 0xBD73, 0xC5B4, 0xB532, 0x7BEE, 0x4A48,
  0x2965, 0x2145, 0x2965, 0x31A6, 0x39C7, 0x39C7, 0x39C7, 0x31A6, 0x2965, 0x2124, 0x2104, 0x2104,
  0x2124, 0x2125, 0x2124, 0x2104, 0x2124, 0x2124, 0x2124, 0x2125, 0x1904, 0x2144, 0xACF1, 0x8BCD,
  0x93ED, 0x41C6, 0x0000, 0x0021, 0x0020, 0x0021, 0x0021, 0x0021, 0x0021, 0x0021, 0x0021, 0x0021,
  0x0021, 0x0021, 0x0021, 0x0021, 0x0021, 0x0021, 0x0021, 0x0021, 0x0021, 0x0021, 0x0021, 0x0021,
  0x0021, 0x0021, 0x0021, 0x0021, 0x0021, 0x0021, 0x0021, 0x0021, 0x0021, 0x0021, 0x0021, 0x0021,
  0x0021, 0x0021, 0x0021, 0x0021, 0x0021, 0x0021, 0x0021, 0x0021, 0x0021, 0x0021, 0x0021, 0x0021,
  0x0021, 0x0021, 0x0021, 0x0021, 0x0021, 0x0021, 0x0021, 0x0021, 0x0021, 0x0021, 0x0021, 0x0021,
  0x0021, 0x0021, 0x0021, 0x0021, 0x0021, 0x0021, 0x0021, 0x0021, 0x0021, 0x0021, 0x0021, 0x0021,
  0x0021, 0x0021, 0x0021, 0x0021, 0x0021, 0x0021, 0x0021, 0x0021, 0x0021, 0x0021, 0x0021, 0x0021,
  0x0021, 0x0021, 0x0021, 0x0021, 0x0021, 0x0021, 0x0021, 0x0021, 0x0021, 0x0021, 0x0021, 0x0021,
  0x0021, 0x0021, 0x0021, 0x0021, 0x0021, 0x0021, 0x0021, 0x0021, 0x0021, 0x0021, 0x0021, 0x0021,
  0x0021, 0x0021, 0x0021, 0x0021, 0x0021, 0x0021, 0x0020, 0x0021, 0x0020, 0x0021, 0x0021, 0x0021,
  0x0021, 0x0000, 0x0000, 0x0000, 0x18C2, 0x41E6, 0x732A, 0x9C4E, 0xA48F, 0x9C6E, 0x940D, 0x8BCC,
  0x8BED, 0x9C6F, 0xBD73, 0xC5B4, 0xB552, 0x83CD, 0x4A48, 0x2965, 0x2145, 0x3186, 0x39C7, 0x39C7,
  0x39C7, 0x31A6, 0x3186, 0x1925, 0x2125, 0x2124, 0x2104, 0x2125, 0x2125, 0x2125, 0x2124, 0x2125,
  0x10C3, 0xA4D1, 0xAD12, 0x83AB, 0x6AE9, 0x0000, 0x0021, 0x0020, 0x0021, 0x0021, 0x0021, 0x0021,
  0x0021, 0x0021, 0x0021, 0x0021, 0x0021, 0x0021, 0x0021, 0x0021, 0x0021, 0x0021, 0x0021, 0x0021,
  0x0021, 0x0021, 0x0021, 0x0021, 0x0021, 0x0021, 0x0021, 0x0021, 0x0021, 0x0021, 0x0021, 0x0021,
  0x0021, 0x0021, 0x0021, 0x0021, 0x0021, 0x0021, 0x0021, 0x0021, 0x0021, 0x0021, 0x0021, 0x0021,
  0x0021, 0x0021, 0x0021, 0x0021, 0x0021, 0x0021, 0x0021, 0x0021, 0x0021, 0x0021, 0x0021, 0x0021,
  0x0021, 0x0021, 0x0021, 0x0021, 0x0021, 0x0021, 0x0021, 0x0021, 0x0021, 0x0021, 0x0021, 0x0020,
  0x0021, 0x0021, 0x0021, 0x0021, 0x0021, 0x0021, 0x0021, 0x0021, 0x0021, 0x0021, 0x0021, 0x0021,
  0x0021, 0x0021, 0x0021, 0x0021, 0x0021, 0x0021, 0x0021, 0x0021, 0x0021, 0x0021, 0x0021, 0x0021,
  0x0021, 0x0021, 0x0021, 0x0021, 0x0021, 0x0021, 0x0021, 0x0021, 0x0021, 0x0021, 0x0021, 0x0021,
  0x0021, 0x0021, 0x0021, 0x0021, 0x0021, 0x0021, 0x0021, 0x0021, 0x0021, 0x0021, 0x0020, 0x0021,
  0x0021, 0x0021, 0x0021, 0x0021, 0x0021, 0x0021, 0x0021, 0x0021, 0x0000, 0x0000, 0x0000, 0x18C2,
  0x4A06, 0x7B6B, 0x940D, 0xA4AF, 0x93CC, 0x8A06, 0x732A, 0x940D, 0xA490, 0xBD52, 0xC5B4, 0xB532,
  0x83EE, 0x4A48, 0x2965, 0x2145, 0x2986, 0x31A6, 0x41E7, 0x7228, 0x3186, 0x3186, 0x2965, 0x2125,
  0x1904, 0x1904, 0x2145, 0x10A3, 0x734B, 0xCDD5, 0x838C, 0x83AC, 0x1061, 0x0000, 0x0021, 0x0020,
  0x0021, 0x0020, 0x0021, 0x0021, 0x0021, 0x0021, 0x0021, 0x0021, 0x0021, 0x0021, 0x0021, 0x0021,
  0x0021, 0x0021, 0x0021, 0x0021, 0x0021, 0x0021, 0x0021, 0x0021, 0x0021, 0x0021, 0x0021, 0x0021,
  0x0021, 0x0021, 0x0021, 0x0021, 0x0021, 0x0021, 0x0021, 0x0021, 0x0021, 0x0021, 0x0021, 0x0021,
  0x0021, 0x0021, 0x0021, 0x0021, 0x0021, 0x0021, 0x0021, 0x0021, 0x0021, 0x0021, 0x0021, 0x0021,
  0x0021, 0x0021, 0x0021, 0x0020, 0x0021, 0x0021, 0x0021, 0x0021, 0x0021, 0x0021, 0x0021, 0x0021,
  0x0021, 0x0021, 0x0021, 0x0021, 0x0021, 0x0021, 0x0021, 0x0021, 0x0021, 0x0021, 0x0021, 0x0021,
  0x0021, 0x0021, 0x0021, 0x0021, 0x0021, 0x0021, 0x0021, 0x0021, 0x0021, 0x0021, 0x0021, 0x0021,
  0x0021, 0x0021, 0x0021, 0x0021, 0x0021, 0x0021, 0x0021, 0x0021, 0x0021, 0x0021, 0x0021, 0x0021,
  0x0021, 0x0021, 0x0021, 0x0021, 0x0021, 0x0021, 0x0021, 0x0021, 0x0021, 0x0021, 0x0021, 0x0021,
  0x0021, 0x0021, 0x0021, 0x0021, 0x0021, 0x0021, 0x0021, 0x0021, 0x0021, 0x0021, 0x0021, 0x0021,
  0x0021, 0x0021, 0x0021, 0x0000, 0x0000, 0x0000, 0x18C2, 0x4A27, 0x730A, 0x7A88, 0x9C2E, 0xA48F,
  0x940D, 0x83AC, 0x8BED, 0xA4B0, 0xBD73, 0xC5B4, 0xB512, 0x7BAD, 0x4A48, 0x2986, 0x3124, 0x7185,
  0x3165, 0x39E7, 0x39C7, 0x31A6, 0x2985, 0x2965, 0x18E4, 0x39E7, 0xD615, 0x8BED, 0x940D, 0x2944,
  0x0000, 0x0021, 0x0020, 0x0021, 0x0020, 0x0021, 0x0021, 0x0021, 0x0021, 0x0021, 0x0021, 0x0021,
  0x0021, 0x0021, 0x0021, 0x0021, 0x0021, 0x0021, 0x0021, 0x0021, 0x0021, 0x0021, 0x0021, 0x0021,
  0x0021, 0x0021, 0x0021, 0x0021, 0x0021, 0x0021, 0x0021, 0x0021, 0x0021, 0x0021, 0x0021, 0x0021,
  0x0021, 0x0021, 0x0021, 0x0021, 0x0021, 0x0021, 0x0021, 0x0021, 0x0021, 0x0021, 0x0021, 0x0021,
  0x0021, 0x0021, 0x0021, 0x0021, 0x0021, 0x0021, 0x0021, 0x0021, 0x0021, 0x0021, 0x0021, 0x0021,
  0x0021, 0x0021, 0x0021, 0x0021, 0x0021, 0x0021, 0x0021, 0x0020, 0x0021, 0x0021, 0x0021, 0x0021,
  0x0021, 0x0021, 0x0021, 0x0021, 0x0021, 0x0021, 0x0021, 0x0021, 0x0021, 0x0021, 0x0021, 0x0021,
  0x0021, 0x0021, 0x0021, 0x0021, 0x0021, 0x0021, 0x0021, 0x0021, 0x0021, 0x0021, 0x0021, 0x0021,
  0x0021, 0x0021, 0x0021, 0x0021, 0x0021, 0x0021, 0x0021, 0x0021, 0x0021, 0x0021, 0x0021, 0x0021,
  0x0021, 0x0021, 0x0021, 0x0021, 0x0021, 0x0021, 0x0021, 0x0021, 0x0021, 0x0021, 0x0021, 0x0021,
  0x0021, 0x0021, 0x0021, 0x0021, 0x0021, 0x0021, 0x0021, 0x0021, 0x0021, 0x0021, 0x0000, 0x0000,
  0x0000, 0x1903, 0x4A07, 0x732A, 0x940D, 0xA48F, 0xA48F, 0x942D, 0x8BCC, 0x8BED, 0x9C6F, 0xBD73,
  0xC5D4, 0xB532, 0x7BAC, 0x3A07, 0x31A6, 0x2145, 0x2965, 0x31A6, 0x39E7, 0x39E7, 0x2965, 0xBD73,
  0x9C90, 0x93EC, 0x5267, 0x0000, 0x0021, 0x0020, 0x0021, 0x0020, 0x0021, 0x0021, 0x0021, 0x0021,
  0x0021, 0x0021, 0x0021, 0x0021, 0x0021, 0x0021, 0x0021, 0x0021, 0x0021, 0x0021, 0x0021, 0x0021,
  0x0021, 0x0021, 0x0021, 0x0021, 0x0021, 0x0021, 0x0021, 0x0021, 0x0021, 0x0021, 0x0021, 0x0021,
  0x0021, 0x0021, 0x0021, 0x0021, 0x0021, 0x0021, 0x0021, 0x0021, 0x0021, 0x0021, 0x0021, 0x0021,
  0x0021, 0x0021, 0x0021, 0x0021, 0x0021, 0x0021, 0x0021, 0x0021, 0x0021, 0x0021, 0x0021, 0x0021,
  0x0021, 0x0021, 0x0021, 0x0021, 0x0021, 0x0021, 0x0021, 0x0021, 0x0021, 0x0021, 0x0021, 0x0020,
  0x0021, 0x0021, 0x0021, 0x0021, 0x0021, 0x0021, 0x0021, 0x0021, 0x0021, 0x0021, 0x0021, 0x0021,
  0x0021, 0x0021, 0x0021, 0x0021, 0x0021, 0x0021, 0x0021, 0x0021, 0x0021, 0x0021, 0x0021, 0x0021,
  0x0021, 0x0021, 0x0021, 0x0021, 0x0021, 0x0021, 0x0021, 0x0021, 0x0021, 0x0021, 0x0021, 0x0021,
  0x0021, 0x0021, 0x0021, 0x0021, 0x0021, 0x0021, 0x0021, 0x0021, 0x0021, 0x0021, 0x0021, 0x0021,
  0x0020, 0x0021, 0x0021, 0x0021, 0x0021, 0x0021, 0x0020, 0x0021, 0x0021, 0x0021, 0x0021, 0x0021,
  0x0021, 0x0021, 0x0021, 0x0021, 0x0021, 0x0000, 0x0000, 0x0000, 0x18C2, 0x41E6, 0x732A, 0x940D,
  0xA48F, 0xA46E, 0x940D, 0x8BCD, 0x83AC, 0x9C6F, 0xBD93, 0xCDF4, 0xB511, 0x7BAD, 0x4A68, 0x3186,
  0x2945, 0x2124, 0x944F, 0xBD73, 0x838B, 0x7B6B, 0x0020, 0x0020, 0x0021, 0x0021, 0x0021, 0x0021,
  0x0021, 0x0021, 0x0021, 0x0021, 0x0021, 0x0021, 0x0021, 0x0021, 0x0021, 0x0021, 0x0021, 0x0021,
  0x0021, 0x0021, 0x0021, 0x0021, 0x0021, 0x0021, 0x0021, 0x0021, 0x0021, 0x0021, 0x0021, 0x0021,
  0x0021, 0x0021, 0x0021, 0x0021, 0x0021, 0x0021, 0x0021, 0x0021, 0x0021, 0x0021, 0x0021, 0x0021,
  0x0021, 0x0021, 0x0021, 0x0021, 0x0021, 0x0021, 0x0021, 0x0021, 0x0021, 0x0021, 0x0021, 0x0021,
  0x0021, 0x0021, 0x0021, 0x0021, 0x0021, 0x0021, 0x0021, 0x0021, 0x0021, 0x0021, 0x0021, 0x0021,
  0x0021, 0x0021, 0x0021, 0x0021, 0x0021, 0x0021, 0x0021, 0x0021, 0x0021, 0x0021, 0x0021, 0x0021,
  0x0021, 0x0021, 0x0021, 0x0021, 0x0021, 0x0021, 0x0021, 0x0021, 0x0021, 0x0021, 0x0021, 0x0021,
  0x0021, 0x0021, 0x0021, 0x0021, 0x0021, 0x0021, 0x0021, 0x0021, 0x0021, 0x0021, 0x0021, 0x0021,
  0x0021, 0x0021, 0x0021, 0x0021, 0x0021, 0x0021, 0x0021, 0x0021, 0x0021, 0x0021, 0x0021, 0x0021,
  0x0021, 0x0021, 0x0021, 0x0021, 0x0021, 0x0021, 0x0021, 0x0021, 0x0021, 0x0021, 0x0021, 0x0021,
  0x0021, 0x0021, 0x0021, 0x0021, 0x0021, 0x0021, 0x0021, 0x0021, 0x0021, 0x0021, 0x0021, 0x0021,
  0x0000, 0x0000, 0x0000, 0x18A2, 0x41E6, 0x734B, 0x9C4E, 0xA48F, 0x9C6E, 0x8B8B, 0x8AA9, 0x838C,
  0x9C6F, 0xBD93, 0xC5D4, 0xB532, 0x736C, 0x736C, 0xCDF5, 0x83CD, 0x940D, 0x18C2, 0x0000, 0x0021,
  0x0020, 0x0021, 0x0021, 0x0021, 0x0021, 0x0021, 0x0021, 0x0021, 0x0021, 0x0021, 0x0021, 0x0021,
  0x0021, 0x0021, 0x0021, 0x0021, 0x0021, 0x0021, 0x0021, 0x0021, 0x0021, 0x0021, 0x0021, 0x0021,
  0x0021, 0x0021, 0x0021, 0x0021, 0x0021, 0x0021, 0x0021, 0x0021, 0x0021, 0x0021, 0x0021, 0x0021,
  0x0021, 0x0021, 0x0021, 0x0021, 0x0021, 0x0021, 0x0021, 0x0021, 0x0021, 0x0021, 0x0021, 0x0021,
  0x0021, 0x0021, 0x0021, 0x0021, 0x0021, 0x0021, 0x0021, 0x0021, 0x0021, 0x0021, 0x0021, 0x0021,
  0x0020, 0x0021, 0x0021, 0x0021, 0x0021, 0x0021, 0x0021, 0x0021, 0x0021, 0x0021, 0x0021, 0x0021,
  0x0021, 0x0021, 0x0021, 0x0021, 0x0021, 0x0021, 0x0021, 0x0021, 0x0021, 0x0021, 0x0021, 0x0021,
  0x0021, 0x0021, 0x0021, 0x0021, 0x0021, 0x0021, 0x0021, 0x0021, 0x0021, 0x0021, 0x0021, 0x0021,
  0x0021, 0x0021, 0x0021, 0x0021, 0x0021, 0x0021, 0x0021, 0x0021, 0x0021, 0x0021, 0x0021, 0x0021,
  0x0021, 0x0021, 0x0021, 0x0021, 0x0021, 0x0021, 0x0021, 0x0021, 0x0021, 0x0021, 0x0021, 0x0021,
  0x0021, 0x0021, 0x0021, 0x0021, 0x0021, 0x0021, 0x0021, 0x0021, 0x0021, 0x0021, 0x0021, 0x0021,
  0x0021, 0x0021, 0x0021, 0x0021, 0x0021, 0x0021, 0x0021, 0x0000, 0x0000, 0x0000, 0x18C2, 0x41E6,
  0x7B6B, 0x838C, 0x8227, 0x8BCC, 0x942E, 0x8BCC, 0x83AC, 0x9C6F, 0xBD93, 0xCDD4, 0x8BED, 0x9C2E,
  0x41E6, 0x0000, 0x0021, 0x0020, 0x0021, 0x0021, 0x0021, 0x0021, 0x0021, 0x0021, 0x0021, 0x0021,
  0x0021, 0x0021, 0x0021, 0x0021, 0x0021, 0x0021, 0x0021, 0x0021, 0x0021, 0x0021, 0x0021, 0x0021,
  0x0021, 0x0021, 0x0021, 0x0021, 0x0021, 0x0021, 0x0021, 0x0021, 0x0021, 0x0021, 0x0021, 0x0021,
  0x0021, 0x0021, 0x0021, 0x0021, 0x0021, 0x0021, 0x0021, 0x0021, 0x0021, 0x0021, 0x0021, 0x0021,
  0x0021, 0x0021, 0x0021, 0x0021, 0x0021, 0x0021, 0x0021, 0x0021, 0x0021, 0x0021, 0x0021, 0x0021,
  0x0021, 0x0021, 0x0021, 0x0021, 0x0020, 0x0021, 0x0021, 0x0021, 0x0021, 0x0021, 0x0021, 0x0021,
  0x0020, 0x0021, 0x0021, 0x0021, 0x0021, 0x0021, 0x0021, 0x0021, 0x0021, 0x0021, 0x0021, 0x0021,
  0x0021, 0x0021, 0x0021, 0x0021, 0x0021, 0x0021, 0x0021, 0x0021, 0x0021, 0x0021, 0x0021, 0x0021,
  0x0021, 0x0021, 0x0021, 0x0021, 0x0021, 0x0021, 0x0021, 0x0021, 0x0021, 0x0021, 0x0021, 0x0021,
  0x0021, 0x0021, 0x0021, 0x0021, 0x0021, 0x0021, 0x0021, 0x0021, 0x0021, 0x0021, 0x0021, 0x0021,
  0x0021, 0x0021, 0x0021, 0x0021, 0x0021, 0x0021, 0x0021, 0x0021, 0x0021, 0x0021, 0x0021, 0x0021,
  0x0021, 0x0021, 0x0021, 0x0021, 0x0021, 0x0021, 0x0021, 0x0021, 0x0021, 0x0021, 0x0021, 0x0021,
  0x0021, 0x0021, 0x0000, 0x0000, 0x0000, 0x18C3, 0x41E6, 0x7B6B, 0x9C2E, 0xA46E, 0x9C6E, 0x940D,
  0x8BED, 0x838C, 0x8BCC, 0x6AC9, 0x0000, 0x0021, 0x0021, 0x0021, 0x0021, 0x0021, 0x0021, 0x0021,
  0x0021, 0x0021, 0x0021, 0x0021, 0x0021, 0x0021, 0x0021, 0x0021, 0x0021, 0x0021, 0x0021, 0x0021,
  0x0021, 0x0021, 0x0021, 0x0021, 0x0021, 0x0021, 0x0021, 0x0021, 0x0021, 0x0021, 0x0021, 0x0021,
  0x0021, 0x0021, 0x0021, 0x0021, 0x0021, 0x0021, 0x0021, 0x0021, 0x0021, 0x0021, 0x0021, 0x0021,
  0x0021, 0x0021, 0x0021, 0x0021, 0x0021, 0x0021, 0x0021, 0x0021, 0x0021, 0x0021, 0x0021, 0x0021,
  0x0021, 0x0021, 0x0021, 0x0021, 0x0021, 0x0021, 0x0021, 0x0021, 0x0021, 0x0021, 0x0021, 0x0021,
  0x0021, 0x0021, 0x0021, 0x0021, 0x0020, 0x0021, 0x0021, 0x0021, 0x0021, 0x0021, 0x0021, 0x0021,
  0x0021, 0x0021, 0x0021, 0x0021, 0x0021, 0x0021, 0x0021, 0x0021, 0x0021, 0x0021, 0x0021, 0x0021,
  0x0021, 0x0021, 0x0021, 0x0021, 0x0021, 0x0021, 0x0021, 0x0021, 0x0021, 0x0021, 0x0021, 0x0021,
  0x0021, 0x0021, 0x0021, 0x0021, 0x0021, 0x0021, 0x0021, 0x0021, 0x0021, 0x0021, 0x0021, 0x0021,
  0x0021, 0x0021, 0x0021, 0x0021, 0x0021, 0x0021, 0x0021, 0x0021, 0x0021, 0x0021, 0x0021, 0x0021,
  0x0021, 0x0021, 0x0021, 0x0021, 0x0021, 0x0021, 0x0021, 0x0021, 0x0021, 0x0021, 0x0021, 0x0021,
  0x0021, 0x0021, 0x0021, 0x0021, 0x0021, 0x0021, 0x0021, 0x0021, 0x0021, 0x0000, 0x0000, 0x0000,
  0x18C2, 0x4A06, 0x7B6B, 0x942E, 0x9C4E, 0x9C4E, 0x838B, 0x1061, 0x0000, 0x0021, 0x0021, 0x0021,
  0x0021, 0x0021, 0x0021, 0x0021, 0x0021, 0x0021, 0x0021, 0x0021, 0x0021, 0x0021, 0x0021, 0x0021,
  0x0021, 0x0021, 0x0021, 0x0021, 0x0021, 0x0021, 0x0021, 0x0021, 0x0021, 0x0021, 0x0021, 0x0021,
  0x0021, 0x0021, 0x0021, 0x0021, 0x0021, 0x0021, 0x0021, 0x0021, 0x0021, 0x0021, 0x0021, 0x0021,
  0x0021, 0x0021, 0x0021, 0x0021, 0x0021, 0x0021, 0x0021, 0x0021, 0x0021, 0x0021, 0x0021, 0x0021,
  0x0021, 0x0021, 0x0021, 0x0021, 0x0021, 0x0021, 0x0021, 0x0021, 0x0021, 0x0021, 0x0021, 0x0021,
  0x0020, 0x0021, 0x0021, 0x0021, 0x0021, 0x0021, 0x0021, 0x0021, 0x0021, 0x0021, 0x0021, 0x0021,
  0x0021, 0x0021, 0x0021, 0x0021, 0x0021, 0x0021, 0x0021, 0x0021, 0x0021, 0x0021, 0x0021, 0x0021,
  0x0021, 0x0021, 0x0021, 0x0021, 0x0021, 0x0021, 0x0021, 0x0021, 0x0021, 0x0021, 0x0021, 0x0021,
  0x0021, 0x0021, 0x0021, 0x0021, 0x0021, 0x0021, 0x0021, 0x0021, 0x0021, 0x0021, 0x0021, 0x0021,
  0x0021, 0x0021, 0x0021, 0x0021, 0x0021, 0x0021, 0x0021, 0x0021, 0x0021, 0x0021, 0x0021, 0x0021,
  0x0021, 0x0021, 0x0021, 0x0021, 0x0021, 0x0021, 0x0021, 0x0021, 0x0021, 0x0021, 0x0021, 0x0021,
  0x0021, 0x0021, 0x0021, 0x0021, 0x0021, 0x0021, 0x0021, 0x0021, 0x0021, 0x0021, 0x0021, 0x0021,
  0x0021, 0x0021, 0x0021, 0x0021, 0x0000, 0x0000, 0x0000, 0x18C2, 0x49E6, 0x732A, 0x2103, 0x0000,
  0x0021, 0x0021, 0x0021, 0x0021, 0x0021, 0x0021, 0x0021, 0x0021, 0x0021, 0x0021, 0x0021, 0x0021,
  0x0021, 0x0021, 0x0021, 0x0021, 0x0021, 0x0021, 0x0021, 0x0021, 0x0021, 0x0021, 0x0021, 0x0021,
  0x0021, 0x0021, 0x0021, 0x0021, 0x0021, 0x0021, 0x0021, 0x0021, 0x0021, 0x0021, 0x0021, 0x0021,
  0x0021, 0x0021, 0x0021, 0x0021, 0x0021, 0x0021, 0x0021, 0x0021, 0x0021, 0x0021, 0x0021, 0x0021,
  0x0021, 0x0021, 0x0021, 0x0021, 0x0021, 0x0021, 0x0021, 0x0021, 0x0021, 0x0021, 0x0021, 0x0021,
  0x0021, 0x0021, 0x0021, 0x0021, 0x0021, 0x0021, 0x0021, 0x0021, 0x0021, 0x0021, 0x0021, 0x0021,
  0x0021, 0x0021, 0x0021, 0x0021, 0x0021, 0x0021, 0x0021, 0x0021, 0x0021, 0x0021, 0x0021, 0x0021,
  0x0021, 0x0021, 0x0021, 0x0021, 0x0021, 0x0021, 0x0021, 0x0021, 0x0021, 0x0021, 0x0021, 0x0021,
  0x0021, 0x0021, 0x0021, 0x0021, 0x0021, 0x0021, 0x0021, 0x0021, 0x0021, 0x0021, 0x0021, 0x0021,
  0x0021, 0x0021, 0x0021, 0x0021, 0x0021, 0x0021, 0x0021, 0x0021, 0x0021, 0x0021, 0x0021, 0x0021,
  0x0021, 0x0021, 0x0021, 0x0021, 0x0021, 0x0021, 0x0021, 0x0021, 0x0021, 0x0021, 0x0021, 0x0021,
  0x0021, 0x0021, 0x0021, 0x0021, 0x0021, 0x0021, 0x0021, 0x0021, 0x0021, 0x0021, 0x0021, 0x0021,
  0x0021, 0x0021, 0x0021, 0x0021, 0x0021, 0x0021, 0x0021, 0x0020, 0x0021, 0x0021, 0x0021, 0x0000,
  0x0000, 0x0000, 0x0000, 0x0021, 0x0021, 0x0020, 0x0020, 0x0021, 0x0021, 0x0021, 0x0021, 0x0021,
  0x0021, 0x0021, 0x0021, 0x0021, 0x0021, 0x0021, 0x0021, 0x0021, 0x0021, 0x0021, 0x0021, 0x0021,
  0x0021, 0x0021, 0x0021, 0x0021, 0x0021, 0x0021, 0x0021, 0x0021, 0x0021, 0x0021, 0x0021, 0x0021,
  0x0021, 0x0021, 0x0021, 0x0021, 0x0021, 0x0021, 0x0021, 0x0021, 0x0021, 0x0021, 0x0021, 0x0021,
  0x0021, 0x0021, 0x0021, 0x0021, 0x0021, 0x0021, 0x0021, 0x0020, 0x0021, 0x0021, 0x0021, 0x0021,
  0x0021, 0x0021, 0x0021, 0x0021, 0x0021, 0x0021, 0x0021, 0x0021, 0x0021, 0x0021, 0x0021, 0x0020,
  0x0021, 0x0021, 0x0021, 0x0021, 0x0021, 0x0021, 0x0021, 0x0021, 0x0021, 0x0021, 0x0021, 0x0021,
  0x0021, 0x0021, 0x0021, 0x0021, 0x0021, 0x0021, 0x0021, 0x0021, 0x0021, 0x0021, 0x0021, 0x0021,
  0x0021, 0x0021, 0x0021, 0x0021, 0x0021, 0x0021, 0x0021, 0x0021, 0x0021, 0x0021, 0x0021, 0x0021,
  0x0021, 0x0021, 0x0021, 0x0021, 0x0021, 0x0021, 0x0021, 0x0021, 0x0021, 0x0021, 0x0021, 0x0021,
  0x0021, 0x0021, 0x0021, 0x0021, 0x0021, 0x0021, 0x0021, 0x0021, 0x0021, 0x0021, 0x0021, 0x0021,
  0x0021, 0x0021, 0x0021, 0x0021, 0x0021, 0x0021, 0x0021, 0x0021, 0x0021, 0x0021, 0x0021, 0x0021,
  0x0021, 0x0021, 0x0021, 0x0021, 0x0021, 0x0021, 0x0021, 0x0021, 0x0021, 0x0021, 0x0021, 0x0021,
  0x0021, 0x0021, 0x0021, 0x0021, 0x0021, 0x0021, 0x0021, 0x0021, 0x0020, 0x0021, 0x0021, 0x0021,
  0x0021, 0x0021, 0x0021, 0x0021, 0x0021, 0x0021, 0x0021, 0x0021, 0x0021, 0x0021, 0x0021, 0x0021,
  0x0021, 0x0021, 0x0021, 0x0021, 0x0021, 0x0021, 0x0021, 0x0021, 0x0021, 0x0021, 0x0021, 0x0021,
  0x0021, 0x0021, 0x0021, 0x0021, 0x0021, 0x0021, 0x0021, 0x0021, 0x0021, 0x0021, 0x0021, 0x0021,
  0x0021, 0x0021, 0x0021, 0x0021, 0x0021, 0x0021, 0x0021, 0x0021, 0x0021, 0x0021, 0x0021, 0x0021,
  0x0021, 0x0021, 0x0021, 0x0021, 0x0021, 0x0021, 0x0021, 0x0021, 0x0021, 0x0021, 0x0021, 0x0020,
  0x0021, 0x0021, 0x0021, 0x0021, 0x0021, 0x0021, 0x0021, 0x0021, 0x0021, 0x0021, 0x0021, 0x0021,
  0x0021, 0x0021, 0x0021, 0x0021, 0x0021, 0x0021, 0x0021, 0x0021, 0x0021, 0x0021, 0x0021, 0x0021,
  0x0021, 0x0021, 0x0021, 0x0021, 0x0021, 0x0021, 0x0021, 0x0021, 0x0021, 0x0021, 0x0021, 0x0021,
  0x0021, 0x0021, 0x0021, 0x0021, 0x0021, 0x0021, 0x0021, 0x0021, 0x0021, 0x0021, 0x0021, 0x0021,
  0x0021, 0x0021, 0x0021, 0x0021, 0x0021, 0x0021, 0x0021, 0x0021, 0x0021, 0x0021, 0x0021, 0x0021,
  0x0021, 0x0021, 0x0021, 0x0021, 0x0021, 0x0021, 0x0021, 0x0021, 0x0021, 0x0021, 0x0021, 0x0021,
  0x0021, 0x0021, 0x0021, 0x0021, 0x0021, 0x0021, 0x0021, 0x0021, 0x0021, 0x0021, 0x0021, 0x0021,
  0x0021, 0x0021, 0x0021, 0x0021, 0x0021, 0x0021, 0x0021, 0x0021, 0x0020, 0x0021, 0x0021, 0x0021,
  0x0021, 0x0021, 0x0021, 0x0021, 0x0021, 0x0021, 0x0021, 0x0021, 0x0021, 0x0021, 0x0021, 0x0021,
  0x0021, 0x0021, 0x0021, 0x0021, 0x0021, 0x0021, 0x0021, 0x0021, 0x0021, 0x0021, 0x0021, 0x0021,
  0x0021, 0x0021, 0x0021, 0x0021, 0x0021, 0x0021, 0x0021, 0x0021, 0x0021, 0x0021, 0x0021, 0x0021,
  0x0021, 0x0021, 0x0021, 0x0021, 0x0021, 0x0021, 0x0021, 0x0021, 0x0021, 0x0021, 0x0021, 0x0021,
  0x0021, 0x0021, 0x0021, 0x0021, 0x0021, 0x0021, 0x0021, 0x0021, 0x0021, 0x0021, 0x0020, 0x0021,
  0x0021, 0x0021, 0x0021, 0x0021, 0x0021, 0x0021, 0x0021, 0x0021, 0x0021, 0x0020, 0x0020, 0x0021,
  0x0021, 0x0021, 0x0021, 0x0021, 0x0021, 0x0021, 0x0021, 0x0021, 0x0021, 0x0021, 0x0021, 0x0021,
  0x0021, 0x0021, 0x0021, 0x0021, 0x0021, 0x0021, 0x0021, 0x0021, 0x0021, 0x0021, 0x0021, 0x0021,
  0x0021, 0x0021, 0x0021, 0x0021, 0x0021, 0x0021, 0x0021, 0x0021, 0x0021, 0x0021, 0x0021, 0x0021,
  0x0021, 0x0021, 0x0021, 0x0021, 0x0021, 0x0021, 0x0021, 0x0021, 0x0021, 0x0021, 0x0021, 0x0021,
  0x0021, 0x0021, 0x0021, 0x0021, 0x0021, 0x0021, 0x0021, 0x0021, 0x0021, 0x0021, 0x0021, 0x0021,
  0x0021, 0x0021, 0x0021, 0x0021, 0x0021, 0x0021, 0x0021, 0x0021, 0x0021, 0x0021, 0x0021, 0x0021,
  0x0021, 0x0021, 0x0021, 0x0021, 0x0021, 0x0021, 0x0021, 0x0021, 0x0021, 0x0021, 0x0021, 0x0020,
  0x0021, 0x0021, 0x0021, 0x0021, 0x0021, 0x0021, 0x0021, 0x0021, 0x0021, 0x0021, 0x0021, 0x0021,
  0x0021, 0x0021, 0x0021, 0x0021, 0x0021, 0x0021, 0x0021, 0x0021, 0x0021, 0x0021, 0x0021, 0x0021,
  0x0021, 0x0021, 0x0021, 0x0021, 0x0021, 0x0021, 0x0021, 0x0021, 0x0021, 0x0021, 0x0021, 0x0021,
  0x0021, 0x0021, 0x0021, 0x0021, 0x0021, 0x0021, 0x0021, 0x0021, 0x0021, 0x0021, 0x0021, 0x0021,
  0x0021, 0x0021, 0x0021, 0x0021, 0x0021, 0x0021, 0x0021, 0x0021, 0x0021, 0x0021, 0x0021, 0x0021,
  0x0021, 0x0021, 0x0021, 0x0021, 0x0021, 0x0021, 0x0021, 0x0021, 0x0021, 0x0021, 0x0021, 0x0021,
  0x0021, 0x0021, 0x0021, 0x0021, 0x0021, 0x0021, 0x0021, 0x0021, 0x0021, 0x0021, 0x0021, 0x0021,
  0x0021, 0x0021, 0x0021, 0x0021, 0x0021, 0x0021, 0x0021, 0x0021, 0x0021, 0x0021, 0x0021, 0x0021,
  0x0021, 0x0021, 0x0021, 0x0021, 0x0021, 0x0021, 0x0021, 0x0021, 0x0021, 0x0021, 0x0021, 0x0021,
  0x0021, 0x0021, 0x0021, 0x0021, 0x0021, 0x0021, 0x0021, 0x0021, 0x0021, 0x0021, 0x0021, 0x0021,
  0x0021, 0x0021, 0x0021, 0x0021, 0x0021, 0x0021, 0x0021, 0x0021, 0x0021, 0x0021, 0x0021, 0x0021,
  0x0021, 0x0021, 0x0021, 0x0021, 0x0021, 0x0021, 0x0021, 0x0021, 0x0021, 0x0021, 0x0021, 0x0021,
  0x0021, 0x0021, 0x0021, 0x0021, 0x0021, 0x0021, 0x0021, 0x0021, 0x0021, 0x0021, 0x0021, 0x0021,
  0x0021, 0x0021, 0x0021, 0x0021, 0x0021, 0x0021, 0x0021, 0x0021, 0x0020, 0x0021, 0x0021, 0x0021,
  0x0021, 0x0021, 0x0021, 0x0021, 0x0021, 0x0021, 0x0021, 0x0021, 0x0021, 0x0021, 0x0021, 0x0021,
  0x0021, 0x0021, 0x0021, 0x0021, 0x0021, 0x0021, 0x0021, 0x0021, 0x0021, 0x0021, 0x0021, 0x0021,
  0x0021, 0x0021, 0x0021, 0x0021, 0x0021, 0x0021, 0x0021, 0x0021, 0x0021, 0x0021, 0x0021, 0x0021,
  0x0021, 0x0021, 0x0021, 0x0021, 0x0021, 0x0021, 0x0021, 0x0021, 0x0021, 0x0021, 0x0021, 0x0021,
  0x0021, 0x0020, 0x0021, 0x0021, 0x0021, 0x0021, 0x0021, 0x0021, 0x0021, 0x0021, 0x0021, 0x0021,
  0x0021, 0x0021, 0x0021, 0x0020, 0x0021, 0x0021, 0x0021, 0x0021, 0x0021, 0x0021, 0x0021, 0x0021,
  0x0021, 0x0021, 0x0021, 0x0021, 0x0021, 0x0021, 0x0021, 0x0021, 0x0021, 0x0021, 0x0021, 0x0021,
  0x0021, 0x0021, 0x0021, 0x0021, 0x0021, 0x0021, 0x0021, 0x0021, 0x0021, 0x0021, 0x0021, 0x0021,
  0x0021, 0x0021, 0x0021, 0x0021, 0x0021, 0x0021, 0x0021, 0x0021, 0x0021, 0x0021, 0x0021, 0x0021,
  0x0021, 0x0021, 0x0021, 0x0021, 0x0021, 0x0021, 0x0021, 0x0021, 0x0021, 0x0021, 0x0021, 0x0021,
  0x0021, 0x0021, 0x0021, 0x0021, 0x0021, 0x0021, 0x0021, 0x0021, 0x0021, 0x0021, 0x0021, 0x0021,
  0x0021, 0x0021, 0x0021, 0x0021, 0x0021, 0x0021, 0x0021, 0x0021, 0x0021, 0x0021, 0x0021, 0x0021,
  0x0021, 0x0021, 0x0021, 0x0021, 0x0021, 0x0021, 0x0021, 0x0021, 0x0021, 0x0021, 0x0021, 0x0021,
  0x0021, 0x0021, 0x0021, 0x0021, 0x0021, 0x0021, 0x0021, 0x0021, 0x0021, 0x0021, 0x0021, 0x0021,
  0x0021, 0x0021, 0x0021, 0x0021, 0x0021, 0x0021, 0x0021, 0x0021, 0x0021, 0x0021, 0x0021, 0x0021,
  0x0021, 0x0021, 0x0021, 0x0021, 0x0021, 0x0021, 0x0021, 0x0021, 0x0021, 0x0021, 0x0021, 0x0021,
  0x0021, 0x0021, 0x0021, 0x0021, 0x0021, 0x0021, 0x0021, 0x0021, 0x0021, 0x0021, 0x0021, 0x0021,
  0x0021, 0x0021, 0x0021, 0x0021, 0x0021, 0x0021, 0x0021, 0x0021, 0x0021, 0x0021, 0x0021, 0x0021,
  0x0021, 0x0020, 0x0021, 0x0021, 0x0021, 0x0021, 0x0021, 0x0021, 0x0021, 0x0021, 0x0021, 0x0021,
  0x0021, 0x0021, 0x0021, 0x0021, 0x0021, 0x0021, 0x0021, 0x0021, 0x0021, 0x0021, 0x0021, 0x0021,
  0x0021, 0x0021, 0x0021, 0x0021, 0x0021, 0x0021, 0x0021, 0x0021, 0x0021, 0x0021, 0x0021, 0x0021,
  0x0021, 0x0021, 0x0021, 0x0021, 0x0021, 0x0021, 0x0021, 0x0021, 0x0021, 0x0021, 0x0021, 0x0021,
  0x0021, 0x0021, 0x0021, 0x0021, 0x0021, 0x0021, 0x0021, 0x0021, 0x0021, 0x0021, 0x0021, 0x0021,
  0x0021, 0x0021, 0x0021, 0x0021, 0x0021, 0x0021, 0x0021, 0x0021, 0x0021, 0x0021, 0x0021, 0x0021,
  0x0021, 0x0021, 0x0021, 0x0021, 0x0021, 0x0021, 0x0021, 0x0021, 0x0021, 0x0021, 0x0021, 0x0021,
  0x0021, 0x0021, 0x0021, 0x0021, 0x0021, 0x0021, 0x0021, 0x0021, 0x0021, 0x0021, 0x0021, 0x0021,
  0x0021, 0x0021, 0x0021, 0x0021, 0x0021, 0x0021, 0x0021, 0x0021, 0x0021, 0x0021, 0x0021, 0x0021,
  0x0021, 0x0021, 0x0021, 0x0021, 0x0021, 0x0021, 0x0021, 0x0021, 0x0021, 0x0021, 0x0021, 0x0021,
  0x0021, 0x0021, 0x0021, 0x0021, 0x0021, 0x0021, 0x0021, 0x0021, 0x0021, 0x0021, 0x0021, 0x0021,
  0x0021, 0x0021, 0x0021, 0x0021, 0x0021, 0x0021, 0x0021, 0x0021, 0x0021, 0x0021, 0x0021, 0x0021,
  0x0021, 0x0021, 0x0021, 0x0021, 0x0021, 0x0021, 0x0021, 0x0021, 0x0021, 0x0021, 0x0021, 0x0021,
  0x0021, 0x0021, 0x0021, 0x0021, 0x0021, 0x0021, 0x0021, 0x0021, 0x0021, 0x0021, 0x0021, 0x0021,
  0x0021, 0x0021, 0x0021, 0x0021, 0x0021, 0x0021, 0x0021, 0x0021, 0x0021, 0x0021, 0x0021, 0x0021,
  0x0021, 0x0021, 0x0021, 0x0021, 0x0021, 0x0021, 0x0021, 0x0021, 0x0021, 0x0021, 0x0021, 0x0021,
  0x0021, 0x0021, 0x0021, 0x0021, 0x0021, 0x0021, 0x0021, 0x0021, 0x0021, 0x0021, 0x0021, 0x0021,
  0x0021, 0x0021, 0x0021, 0x0021, 0x0021, 0x0021, 0x0021, 0x0021, 0x0021, 0x0021, 0x0021, 0x0021,
  0x0021, 0x0021, 0x0021, 0x0021, 0x0021, 0x0021, 0x0021, 0x0021, 0x0021, 0x0021, 0x0021, 0x0021,
  0x0021, 0x0021, 0x0021, 0x0021, 0x0021, 0x0021, 0x0021, 0x0021, 0x0021, 0x0021, 0x0021, 0x0021,
  0x0021, 0x0021, 0x0021, 0x0021, 0x0021, 0x0021, 0x0021, 0x0021, 0x0021, 0x0021, 0x0021, 0x0021,
  0x0021, 0x0021, 0x0021, 0x0021, 0x0021, 0x0021, 0x0021, 0x0021, 0x0021, 0x0021, 0x0021, 0x0021,
  0x0021, 0x0021, 0x0021, 0x0021, 0x0021, 0x0021, 0x0021, 0x0021, 0x0021, 0x0021, 0x0021, 0x0021,
  0x0021, 0x0021, 0x0021, 0x0021, 0x0021, 0x0021, 0x0021, 0x0021, 0x0021, 0x0021, 0x0021, 0x0021,
  0x0021, 0x0021, 0x0021, 0x0021, 0x0021, 0x0021, 0x0021, 0x0021, 0x0021, 0x0021, 0x0021, 0x0021,
  0x0021, 0x0021, 0x0021, 0x0021, 0x0021, 0x0021, 0x0021, 0x0021, 0x0021, 0x0021, 0x0021, 0x0021,
  0x0021, 0x0021, 0x0021, 0x0021, 0x0021, 0x0021, 0x0021, 0x0021, 0x0021, 0x0021, 0x0021, 0x0021,
  0x0021, 0x0021, 0x0021, 0x0021, 0x0021, 0x0021, 0x0021, 0x0021, 0x0021, 0x0021, 0x0021, 0x0021,
  0x0021, 0x0021, 0x0021, 0x0021, 0x0021, 0x0021, 0x0021, 0x0021, 0x0021, 0x0021, 0x0021, 0x0021,
  0x0021, 0x0021, 0x0021, 0x0021, 0x0021, 0x0021, 0x0021, 0x0021, 0x0021, 0x0021, 0x0021, 0x0021,
  0x0021, 0x0021, 0x0021, 0x0021, 0x0021, 0x0021, 0x0021, 0x0021, 0x0021, 0x0021, 0x0021, 0x0021,
  0x0021, 0x0021, 0x0021, 0x0021, 0x0021, 0x0021, 0x0021, 0x0021, 0x0021, 0x0021, 0x0021, 0x0021,
  0x0021, 0x0021, 0x0021, 0x0021, 0x0021, 0x0021, 0x0021, 0x0021, 0x0021, 0x0021, 0x0021, 0x0021,
  0x0021, 0x0021, 0x0021, 0x0021, 0x0021, 0x0021, 0x0021, 0x0021, 0x0021, 0x0021, 0x0021, 0x0021,
  0x0021, 0x0021, 0x0021, 0x0021, 0x0021, 0x0021, 0x0021, 0x0021, 0x0021, 0x0021, 0x0021, 0x0021,
  0x0021, 0x0021, 0x0021, 0x0021, 0x0021, 0x0021, 0x0021, 0x0021, 0x0021, 0x0021, 0x0021, 0x0021,
  0x0021, 0x0021, 0x0021, 0x0021, 0x0021, 0x0021, 0x0021, 0x0021, 0x0021, 0x0021, 0x0021, 0x0021,
  0x0021, 0x0021, 0x0021, 0x0021, 0x0021, 0x0021, 0x0021, 0x0021, 0x0021, 0x0021, 0x0021, 0x0021,
  0x0021, 0x0021, 0x0021, 0x0021, 0x0021, 0x0021, 0x0021, 0x0021, 0x0021, 0x0021, 0x0021, 0x0021,
  0x0021, 0x0021, 0x0021, 0x0021, 0x0021, 0x0021, 0x0021, 0x0021, 0x0021, 0x0021, 0x0021, 0x0021,
  0x0021, 0x0021, 0x0021, 0x0021, 0x0021, 0x0021, 0x0021, 0x0021, 0x0021, 0x0021, 0x0021, 0x0021,
  0x0021, 0x0021, 0x0021, 0x0021, 0x0021, 0x0021, 0x0021, 0x0021, 0x0021, 0x0021, 0x0021, 0x0021,
  0x0021, 0x0021, 0x0021, 0x0021, 0x0021, 0x0021, 0x0021, 0x0021, 0x0021, 0x0021, 0x0021, 0x0021,
  0x0021, 0x0021, 0x0021, 0x0021, 0x0021, 0x0021, 0x0021, 0x0021, 0x0021, 0x0021, 0x0021, 0x0021,
  0x0021, 0x0021, 0x0021, 0x0021, 0x0021, 0x0021, 0x0021, 0x0021, 0x0021, 0x0021, 0x0021, 0x0021,
  0x0021, 0x0021, 0x0021, 0x0021, 0x0021, 0x0021, 0x0021, 0x0021, 0x0021, 0x0021, 0x0021, 0x0021,
  0x0021, 0x0021, 0x0021, 0x0021, 0x0021, 0x0021, 0x0021, 0x0021, 0x0021, 0x0021, 0x0021, 0x0021,
  0x0021, 0x0021, 0x0021, 0x0021, 0x0021, 0x0021, 0x0021, 0x0021, 0x0021, 0x0021, 0x0021, 0x0021,
  0x0021, 0x0021, 0x0021, 0x0021, 0x0021, 0x0021, 0x0021, 0x0021, 0x0021, 0x0021, 0x0021, 0x0021,
  0x0021, 0x0021, 0x0021, 0x0021, 0x0021, 0x0021, 0x0021, 0x0021, 0x0021, 0x0021, 0x0021, 0x0021,
  0x0021, 0x0021, 0x0021, 0x0021, 0x0021, 0x0021, 0x0021, 0x0021, 0x0021, 0x0021, 0x0021, 0x0021,
  0x0021, 0x0021, 0x0021, 0x0021, 0x0021, 0x0021, 0x0021, 0x0021, 0x0021, 0x0021, 0x0021, 0x0021,
  0x0021, 0x0021, 0x0021, 0x0021, 0x0021, 0x0021, 0x0021, 0x0021, 0x0021, 0x0021, 0x0021, 0x0021,
  0x0021, 0x0021, 0x0021, 0x0021, 0x0021, 0x0021, 0x0021, 0x0021, 0x0021, 0x0021, 0x0021, 0x0021,
  0x0021, 0x0021, 0x0021, 0x0021, 0x0021, 0x0021, 0x0021, 0x0021, 0x0021, 0x0021, 0x0021, 0x0021,
  0x0021, 0x0021, 0x0021, 0x0021, 0x0021, 0x0021, 0x0021, 0x0021, 0x0021, 0x0021, 0x0021, 0x0021,
  0x0021, 0x0021, 0x0021, 0x0021, 0x0021, 0x0021, 0x0021, 0x0021, 0x0021, 0x0021, 0x0021, 0x0021,
  0x0021, 0x0021, 0x0021, 0x0021, 0x0021, 0x0021, 0x0021, 0x0021, 0x0021, 0x0021, 0x0021, 0x0021,
  0x0021, 0x0021, 0x0021, 0x0021, 0x0021, 0x0021, 0x0021, 0x0021, 0x0021, 0x0021, 0x0021, 0x0021,
  0x0021, 0x0021, 0x0021, 0x0021, 0x0021, 0x0021, 0x0021, 0x0021, 0x0021, 0x0021, 0x0021, 0x0021,
  0x0021, 0x0021, 0x0021, 0x0021, 0x0021, 0x0021, 0x0021, 0x0021, 0x0021, 0x0021, 0x0021, 0x0021,
  0x0021, 0x0021, 0x0021, 0x0021, 0x0021, 0x0021, 0x0021, 0x0021, 0x0021, 0x0021, 0x0021, 0x0021,
  0x0021, 0x0021, 0x0021, 0x0021, 0x0021, 0x0021, 0x0021, 0x0021, 0x0021, 0x0021, 0x0021, 0x0021,
  0x0021, 0x0021, 0x0021, 0x0020, 0x0020, 0x0021, 0x0021, 0x0021, 0x0021, 0x0021, 0x0021, 0x0021,
  0x0021, 0x0021, 0x0021, 0x0021, 0x0021, 0x0021, 0x0021, 0x0021, 0x0021, 0x0021, 0x0021, 0x0021,
  0x0021, 0x0021, 0x0021, 0x0021, 0x0021, 0x0021, 0x0021, 0x0021, 0x0021, 0x0021, 0x0021, 0x0021,
  0x0021, 0x0021, 0x0021, 0x0021, 0x0021, 0x0021, 0x0021, 0x0021, 0x0021, 0x0021, 0x0021, 0x0021,
  0x0021, 0x0021, 0x0021, 0x0021, 0x0021, 0x0021, 0x0021, 0x0021, 0x0021, 0x0021, 0x0021, 0x0021,
  0x0021, 0x0021, 0x0021, 0x0021, 0x0021, 0x0021, 0x0021, 0x0021, 0x0021, 0x0021, 0x0021, 0x0021,
  0x0021, 0x0021, 0x0021, 0x0021, 0x0021, 0x0021, 0x0021, 0x0021, 0x0021, 0x0021, 0x0021, 0x0021,
  0x0021, 0x0021, 0x0021, 0x0021, 0x0021, 0x0021, 0x0021, 0x0021, 0x0021, 0x0021, 0x0021, 0x0021,
  0x0021, 0x0021, 0x0021, 0x0021, 0x0021, 0x0021, 0x0021, 0x0021, 0x0021, 0x0021, 0x0021, 0x0021,
  0x0021, 0x0021, 0x0021, 0x0021, 0x0021, 0x0021, 0x0021, 0x0021, 0x0020, 0x0021, 0x0021, 0x0021,
  0x0021, 0x0021, 0x0021, 0x0021, 0x0021, 0x0021, 0x0021, 0x0021, 0x0021, 0x0021, 0x0021, 0x0021,
  0x0021, 0x0021, 0x0021, 0x0021, 0x0021, 0x0021, 0x0021, 0x0021, 0x0021, 0x0021, 0x0021, 0x0021,
  0x0021, 0x0021, 0x0021, 0x0021, 0x0021, 0x0021, 0x0021, 0x0021, 0x0021, 0x0021, 0x0021, 0x0021,
  0x0021, 0x0021, 0x0021, 0x0021, 0x0021, 0x0021, 0x0021, 0x0020, 0x0021, 0x0021, 0x0021, 0x0021,
  0x0021, 0x0021, 0x0021, 0x0021, 0x0021, 0x0021, 0x0021, 0x0021, 0x0021, 0x0021, 0x0021, 0x0021,
  0x0021, 0x0021, 0x0021, 0x0021, 0x0021, 0x0021, 0x0021, 0x0021, 0x0021, 0x0021, 0x0021, 0x0021,
  0x0021, 0x0021, 0x0021, 0x0021, 0x0021, 0x0021, 0x0021, 0x0021, 0x0021, 0x0021, 0x0021, 0x0021,
  0x0021, 0x0021, 0x0021, 0x0021, 0x0021, 0x0021, 0x0021, 0x0021, 0x0021, 0x0021, 0x0021, 0x0021,
  0x0021, 0x0020, 0x0021, 0x0021, 0x0021, 0x0021, 0x0021, 0x0021, 0x0021, 0x0021, 0x0021, 0x0021,
  0x0021, 0x0021, 0x0021, 0x0021, 0x0021, 0x0021, 0x0021, 0x0021, 0x0021, 0x0021, 0x0021, 0x0021,
  0x0021, 0x0021, 0x0021, 0x0021, 0x0021, 0x0021, 0x0021, 0x0021, 0x0021, 0x0021, 0x0021, 0x0021,
  0x0021, 0x0021, 0x0021, 0x0021, 0x0021, 0x0021, 0x0021, 0x0021, 0x0021, 0x0021, 0x0021, 0x0021,
  0x0021, 0x0021, 0x0021, 0x0021, 0x0021, 0x0021, 0x0021, 0x0021, 0x0021, 0x0021, 0x0021, 0x0021,
  0x0021, 0x0021, 0x0021, 0x0021, 0x0021, 0x0021, 0x0021, 0x0021, 0x0021, 0x0021, 0x0021, 0x0021,
  0x0021, 0x0021, 0x0021, 0x0021, 0x0021, 0x0021, 0x0021, 0x0021, 0x0021, 0x0021, 0x0021, 0x0021,
  0x0021, 0x0021, 0x0021, 0x0021, 0x0020, 0x0021, 0x0021, 0x0021, 0x0020, 0x0021, 0x0021, 0x0021,
  0x0021, 0x0021, 0x0021, 0x0021, 0x0021, 0x0021, 0x0021, 0x0021, 0x0021, 0x0021, 0x0021, 0x0021,
  0x0021, 0x0021, 0x0021, 0x0021, 0x0021, 0x0021, 0x0021, 0x0021, 0x0021, 0x0021, 0x0021, 0x0021,
  0x0021, 0x0021, 0x0021, 0x0021, 0x0021, 0x0021, 0x0021, 0x0021, 0x0021, 0x0021, 0x0021, 0x0021,
  0x0021, 0x0021, 0x0021, 0x0021, 0x0021, 0x0021, 0x0021, 0x0021, 0x0021, 0x0021, 0x0021, 0x0021,
  0x0021, 0x0021, 0x0021, 0x0021, 0x0021, 0x0021, 0x0021, 0x0021, 0x0021, 0x0021, 0x0021, 0x0021,
  0x0021, 0x0021, 0x0021, 0x0021, 0x0021, 0x0021, 0x0021, 0x0021, 0x0021, 0x0021, 0x0020, 0x0021,
  0x0021, 0x0021, 0x0021, 0x0021, 0x0021, 0x0021, 0x0021, 0x0021, 0x0021, 0x0021, 0x0021, 0x0021,
  0x0021, 0x0021, 0x0021, 0x0021, 0x0021, 0x0021, 0x0021, 0x0021, 0x0021, 0x0021, 0x0021, 0x0021,
  0x0021, 0x0021, 0x0021, 0x0021, 0x0021, 0x0021, 0x0021, 0x0021, 0x0021, 0x0021, 0x0021, 0x0021,
  0x0021, 0x0021, 0x0021, 0x0021, 0x0021, 0x0021, 0x0021, 0x0021, 0x0021, 0x0021, 0x0021, 0x0021,
  0x0021, 0x0021, 0x0021, 0x0021, 0x0021, 0x0021, 0x0021, 0x0021, 0x0021, 0x0021, 0x0021, 0x0021,
  0x0021, 0x0021, 0x0021, 0x0021, 0x0021, 0x0021, 0x0021, 0x0021, 0x0021, 0x0021, 0x0021, 0x0021,
  0x0021, 0x0021, 0x0021, 0x0021, 0x0021, 0x0021, 0x0021, 0x0021, 0x0021, 0x0021, 0x0021, 0x0021,
  0x0021, 0x0021, 0x0021, 0x0021, 0x0021, 0x0021, 0x0021, 0x0021, 0x0021, 0x0021, 0x0021, 0x0021,
  0x0021, 0x0021, 0x0021, 0x0021, 0x0021, 0x0021, 0x0021, 0x0021, 0x0021, 0x0021, 0x0021, 0x0021,
  0x0021, 0x0021, 0x0021, 0x0021, 0x0021, 0x0021, 0x0021, 0x0021, 0x0021, 0x0021, 0x0021, 0x0021,
  0x0021, 0x0021, 0x0021, 0x0021, 0x0021, 0x0021, 0x0021, 0x0021, 0x0021, 0x0021, 0x0021, 0x0021,
  0x0020, 0x0021, 0x0021, 0x0021, 0x0021, 0x0021, 0x0021, 0x0021, 0x0021, 0x0021, 0x0021, 0x0021,
  0x0021, 0x0021, 0x0021, 0x0021, 0x0021, 0x0021, 0x0021, 0x0021, 0x0020, 0x0021, 0x0021, 0x0021,
  0x0021, 0x0021, 0x0021, 0x0021, 0x0021, 0x0021, 0x0021, 0x0021, 0x0021, 0x0021, 0x0021, 0x0021,
  0x0021, 0x0021, 0x0021, 0x0021, 0x0021, 0x0021, 0x0021, 0x0021, 0x0021, 0x0021, 0x0021, 0x0021,
  0x0021, 0x0021, 0x0021, 0x0021, 0x0021, 0x0021, 0x0021, 0x0021, 0x0021, 0x0021, 0x0021, 0x0021,
  0x0021, 0x0021, 0x0021, 0x0021, 0x0021, 0x0021, 0x0021, 0x0021, 0x0021, 0x0021, 0x0021, 0x0021,
  0x0021, 0x0021, 0x0021, 0x0021, 0x0021, 0x0021, 0x0021, 0x0021, 0x0021, 0x0021, 0x0021, 0x0021,
  0x0021, 0x0021, 0x0021, 0x0021, 0x0021, 0x0021, 0x0021, 0x0021, 0x0021, 0x0021, 0x0021, 0x0021,
  0x0021, 0x0021, 0x0021, 0x0021, 0x0021, 0x0021, 0x0021, 0x0021, 0x0021, 0x0021, 0x0021, 0x0021,
  0x0021, 0x0021, 0x0021, 0x0021, 0x0021, 0x0021, 0x0021, 0x0021, 0x0021, 0x0021, 0x0021, 0x0021,
  0x0021, 0x0021, 0x0021, 0x0021, 0x0021, 0x0021, 0x0021, 0x0021, 0x0021, 0x0021, 0x0021, 0x0021,
  0x0021, 0x0021, 0x0021, 0x0021, 0x0021, 0x0021, 0x0021, 0x0021, 0x0021, 0x0021, 0x0021, 0x0021,
  0x0021, 0x0021, 0x0021, 0x0021, 0x0021, 0x0021, 0x0021, 0x0021, 0x0021, 0x0021, 0x0021, 0x0021,
  0x0021, 0x0021, 0x0021, 0x0021, 0x0021, 0x0021, 0x0021, 0x0021, 0x0021, 0x0021, 0x0021, 0x0021,
  0x0021, 0x0021, 0x0021, 0x0021, 0x0021, 0x0021, 0x0021, 0x0021, 0x0021, 0x0021, 0x0021, 0x0021,
  0x0021, 0x0021, 0x0021, 0x0021, 0x0020, 0x0021, 0x0021, 0x0021, 0x0021, 0x0021, 0x0021, 0x0021,
  0x0021, 0x0021, 0x0021, 0x0021, 0x0021, 0x0021, 0x0021, 0x0021, 0x0021, 0x0020, 0x0021, 0x0021,
  0x0021, 0x0021, 0x0021, 0x0021, 0x0021, 0x0021, 0x0021, 0x0021, 0x0021, 0x0021, 0x0021, 0x0021,
  0x0021, 0x0021, 0x0021, 0x0021, 0x0021, 0x0021, 0x0021, 0x0021, 0x0021, 0x0021, 0x0021, 0x0021,
  0x0021, 0x0021, 0x0021, 0x0021, 0x0021, 0x0021, 0x0021, 0x0021, 0x0021, 0x0021, 0x0021, 0x0021,
  0x0021, 0x0021, 0x0021, 0x0021, 0x0021, 0x0021, 0x0021, 0x0021, 0x0021, 0x0021, 0x0021, 0x0021,
  0x0021, 0x0021, 0x0021, 0x0021, 0x0021, 0x0021, 0x0021, 0x0021, 0x0021, 0x0021, 0x0021, 0x0021,
  0x0021, 0x0021, 0x0021, 0x0021, 0x0021, 0x0021, 0x0021, 0x0021, 0x0021, 0x0021, 0x0021, 0x0021,
  0x0021, 0x0021, 0x0021, 0x0021, 0x0021, 0x0021, 0x0021, 0x0021, 0x0021, 0x0021, 0x0021, 0x0021,
  0x0021, 0x0021, 0x0021, 0x0021, 0x0021, 0x0021, 0x0021, 0x0021, 0x0021, 0x0021, 0x0021, 0x0021,
  0x0021, 0x0021, 0x0021, 0x0021, 0x0021, 0x0021, 0x0021, 0x0021, 0x0021, 0x0021, 0x0021, 0x0021,
  0x0021, 0x0021, 0x0021, 0x0021, 0x0021, 0x0021, 0x0021, 0x0021, 0x0021, 0x0021, 0x0021, 0x0021,
  0x0021, 0x0021, 0x0021, 0x0021, 0x0021, 0x0021, 0x0021, 0x0021, 0x0021, 0x0021, 0x0021, 0x0021,
  0x0021, 0x0021, 0x0021, 0x0020, 0x0021, 0x0021, 0x0021, 0x0021, 0x0021, 0x0021, 0x0021, 0x0021,
  0x0021, 0x0021, 0x0021, 0x0021, 0x0021, 0x0021, 0x0021, 0x0021, 0x0021, 0x0021, 0x0021, 0x0021,
  0x0021, 0x0021, 0x0021, 0x0021, 0x0021, 0x0021, 0x0021, 0x0021, 0x0021, 0x0021, 0x0021, 0x0021,
  0x0021, 0x0021, 0x0021, 0x0021, 0x0021, 0x0021, 0x0021, 0x0021, 0x0021, 0x0021, 0x0021, 0x0021,
  0x0021, 0x0021, 0x0021, 0x0021, 0x0021, 0x0021, 0x0021, 0x0021, 0x0021, 0x0021, 0x0021, 0x0021,
  0x0021, 0x0021, 0x0021, 0x0021, 0x0021, 0x0021, 0x0021, 0x0021, 0x0021, 0x0021, 0x0021, 0x0021,
  0x0021, 0x0021, 0x0021, 0x0021, 0x0021, 0x0021, 0x0021, 0x0021, 0x0021, 0x0021, 0x0021, 0x0021,
  0x0021, 0x0021, 0x0021, 0x0021, 0x0021, 0x0021, 0x0021, 0x0021, 0x0021, 0x0021, 0x0021, 0x0021,
  0x0021, 0x0021, 0x0021, 0x0021, 0x0021, 0x0021, 0x0021, 0x0021, 0x0021, 0x0021, 0x0021, 0x0021,
  0x0021, 0x0021, 0x0021, 0x0021, 0x0021, 0x0021, 0x0021, 0x0021, 0x0021, 0x0021, 0x0021, 0x0021,
  0x0021, 0x0021, 0x0021, 0x0021, 0x0021, 0x0021, 0x0021, 0x0021, 0x0021, 0x0021, 0x0021, 0x0021,
  0x0021, 0x0021, 0x0021, 0x0021, 0x0021, 0x0021, 0x0021, 0x0021, 0x0021, 0x0021, 0x0021, 0x0021,
  0x0021, 0x0021, 0x0021, 0x0021, 0x0021, 0x0021, 0x0021, 0x0021, 0x0021, 0x0021, 0x0021, 0x0021,
  0x0021, 0x0021, 0x0021, 0x0021, 0x0021, 0x0021, 0x0021, 0x0020, 0x0020, 0x0021, 0x0021, 0x0021,
  0x0021, 0x0021, 0x0021, 0x0021, 0x0021, 0x0021, 0x0021, 0x0021, 0x0021, 0x0021, 0x0021, 0x0021,
  0x0021, 0x0021, 0x0021, 0x0021, 0x0021, 0x0021, 0x0021, 0x0021, 0x0021, 0x0021, 0x0021, 0x0021,
  0x0021, 0x0021, 0x0021, 0x0021, 0x0021, 0x0021, 0x0021, 0x0021, 0x0021, 0x0021, 0x0021, 0x0021,
  0x0021, 0x0021, 0x0021, 0x0021, 0x0021, 0x0021, 0x0021, 0x0021, 0x0021, 0x0021, 0x0021, 0x0021,
  0x0021, 0x0021, 0x0021, 0x0021, 0x0021, 0x0021, 0x0020, 0x0020, 0x0021, 0x0021, 0x0021, 0x0021,
  0x0021, 0x0021, 0x0021, 0x0021, 0x0021, 0x0021, 0x0021, 0x0021, 0x0021, 0x0021, 0x0021, 0x0021,
  0x0021, 0x0021, 0x0021, 0x0021, 0x0021, 0x0021, 0x0021, 0x0021, 0x0021, 0x0021, 0x0021, 0x0021,
  0x0021, 0x0021, 0x0021, 0x0021, 0x0021, 0x0021, 0x0021, 0x0021, 0x0021, 0x0021, 0x0021, 0x0021,
  0x0021, 0x0021, 0x0021, 0x0021, 0x0021, 0x0021, 0x0021, 0x0021, 0x0021, 0x0021, 0x0021, 0x0021,
  0x0021, 0x0021, 0x0021, 0x0021, 0x0021, 0x0021, 0x0021, 0x0021, 0x0021, 0x0021, 0x0021, 0x0021,
  0x0021, 0x0021, 0x0021, 0x0021, 0x0021, 0x0021, 0x0021, 0x0021, 0x0021, 0x0021, 0x0021, 0x0021,
  0x0021, 0x0021, 0x0021, 0x0021, 0x0021, 0x0021, 0x0021, 0x0021, 0x0021, 0x0021, 0x0021, 0x0021,
  0x0021, 0x0021, 0x0021, 0x0021, 0x0021, 0x0021, 0x0021, 0x0021, 0x0021, 0x0021, 0x0021, 0x0020,
  0x0020, 0x0020, 0x0021, 0x0021, 0x0021, 0x0021, 0x0020, 0x0021, 0x0021, 0x0021, 0x0021, 0x0021,
  0x0021, 0x0021, 0x0021, 0x0021, 0x0021, 0x0021, 0x0021, 0x0021, 0x0021, 0x0021, 0x0021, 0x0021,
  0x0021, 0x0021, 0x0021, 0x0021, 0x0021, 0x0021, 0x0021, 0x0021, 0x0021, 0x0021, 0x0021, 0x0021,
  0x0021, 0x0021, 0x0021, 0x0021, 0x0021, 0x0021, 0x0021, 0x0021, 0x0021, 0x0021, 0x0021, 0x0021,
  0x0021, 0x0021, 0x0021, 0x0021, 0x0021, 0x0021, 0x0021, 0x0021, 0x0020, 0x0020, 0x0021, 0x0021,
  0x0021, 0x0021, 0x0021, 0x0021, 0x0021, 0x0021, 0x0021, 0x0021, 0x0021, 0x0021, 0x0021, 0x0021,
  0x0021, 0x0021, 0x0021, 0x0021, 0x0021, 0x0021, 0x0021, 0x0021, 0x0021, 0x0021, 0x0021, 0x0021,
  0x0021, 0x0021, 0x0021, 0x0021, 0x0021, 0x0020, 0x0021, 0x0021, 0x0021, 0x0021, 0x0021, 0x0021,
  0x0021, 0x0021, 0x0021, 0x0021, 0x0021, 0x0021, 0x0021, 0x0021, 0x0021, 0x0021, 0x0021, 0x0021,
  0x0021, 0x0021, 0x0021, 0x0021, 0x0021, 0x0021, 0x0021, 0x0021, 0x0021, 0x0021, 0x0021, 0x0021,
  0x0021, 0x0021, 0x0021, 0x0021, 0x0021, 0x0021, 0x0021, 0x0021, 0x0021, 0x0021, 0x0021, 0x0021,
  0x0021, 0x0021, 0x0021, 0x0021, 0x0021, 0x0021, 0x0021, 0x0021, 0x0021, 0x0021, 0x0021, 0x0021,
  0x0021, 0x0021, 0x0021, 0x0021, 0x0021, 0x0021, 0x0021, 0x0021, 0x0021, 0x0021, 0x0021, 0x0021,
  0x0021, 0x0021, 0x0021, 0x0021,
