// Generated from Assets/GridCity/StreetV3/device/e2-prism-boulevard.png
// SHA-256: c15cce8a94960e4d5e5a43854e8d407d22d60bf7788c09e096d778866a19542e
  0x0020, 0x0020, 0x0020, 0x0021, 0x0021, 0x0021, 0x0021, 0x0021, 0x0021, 0x0021, 0x0021, 0x0021,
  0x0021, 0x0021, 0x0021, 0x0021, 0x0021, 0x0021, 0x0021, 0x0021, 0x0021, 0x0021, 0x0020, 0x0021,
  0x0020, 0x0020, 0x0020, 0x0021, 0x0020, 0x0021, 0x0021, 0x0021, 0x0021, 0x0021, 0x0021, 0x0021,
  0x0020, 0x0021, 0x0021, 0x0020, 0x0021, 0x0021, 0x0021, 0x0021, 0x0021, 0x0021, 0x0021, 0x0021,
  0x0021, 0x0021, 0x0021, 0x0021, 0x0021, 0x0020, 0x0021, 0x0021, 0x0021, 0x0021, 0x0021, 0x0021,
  0x0021, 0x0021, 0x0021, 0x0021, 0x0021, 0x0021, 0x0020, 0x0021, 0x0020, 0x0020, 0x0021, 0x0021,
  0x0021, 0x0021, 0x0021, 0x0021, 0x0021, 0x0021, 0x0021, 0x0021, 0x0020, 0x0021, 0x0021, 0x0020,
  0x0020, 0x0021, 0x0021, 0x0021, 0x0021, 0x0021, 0x0021, 0x0021, 0x0020, 0x0021, 0x0021, 0x0021,
  0x0021, 0x0021, 0x0021, 0x0021, 0x0021, 0x0021, 0x0021, 0x0021, 0x0021, 0x0020, 0x0020, 0x0021,
  0x0021, 0x0020, 0x0021, 0x0020, 0x0021, 0x0021, 0x0021, 0x0021, 0x0021, 0x0021, 0x0021, 0x0021,
  0x0021, 0x0021, 0x0021, 0x0021, 0x0021, 0x0021, 0x0020, 0x0021, 0x0021, 0x0021, 0x0021, 0x0021,
  0x0020, 0x0020, 0x0020, 0x0021, 0x0021, 0x0021, 0x0021, 0x0021, 0x0021, 0x0020, 0x0020, 0x0021,
  0x0021, 0x0021, 0x0021, 0x0021, 0x0021, 0x0021, 0x0021, 0x0021, 0x0021, 0x0021, 0x0021, 0x0021,
  0x0020, 0x0021, 0x0021, 0x0020, 0x0020, 0x0021, 0x0021, 0x0021, 0x0021, 0x0021, 0x0021, 0x0021,
  0x0021, 0x0021, 0x0021, 0x0021, 0x0021, 0x0021, 0x0021, 0x0021, 0x0021, 0x0021, 0x0021, 0x0021,
  0x0021, 0x0021, 0x0021, 0x0021, 0x0021, 0x0020, 0x0021, 0x0020, 0x0021, 0x0020, 0x0021, 0x0021,
  0x0021, 0x0021, 0x0021, 0x0021, 0x0021, 0x0021, 0x0021, 0x0020, 0x0020, 0x0021, 0x0021, 0x0021,
  0x0021, 0x0021, 0x0021, 0x0021, 0x0021, 0x0021, 0x0020, 0x0020, 0x0020, 0x0021, 0x0021, 0x0021,
  0x0021, 0x0021, 0x0021, 0x0021, 0x0021, 0x0021, 0x0021, 0x0021, 0x0021, 0x0021, 0x0021, 0x0021,
  0x0021, 0x0021, 0x0021, 0x0021, 0x0021, 0x0021, 0x0021, 0x0021, 0x0021, 0x0021, 0x0021, 0x0021,
  0x0021, 0x0021, 0x0021, 0x0021, 0x0021, 0x0021, 0x0021, 0x0021, 0x0021, 0x0021, 0x0021, 0x0021,
  0x0021, 0x0021, 0x0021, 0x0021, 0x0021, 0x0021, 0x0021, 0x0021, 0x0021, 0x0021, 0x0021, 0x0021,
  0x0021, 0x0020, 0x0020, 0x0021, 0x0021, 0x0020, 0x0021, 0x0020, 0x0020, 0x0021, 0x0021, 0x0021,
  0x0021, 0x0020, 0x0021, 0x0021, 0x0021, 0x0021, 0x0021, 0x0021, 0x0021, 0x0021, 0x0020, 0x0021,
  0x0020, 0x0021, 0x0021, 0x0020, 0x0021, 0x0021, 0x0021, 0x0021, 0x0021, 0x0021, 0x0020, 0x0021,
  0x0021, 0x0021, 0x0021, 0x0021, 0x0021, 0x0021, 0x0021, 0x0021, 0x0021, 0x0021, 0x0021, 0x0021,
  0x0021, 0x0021, 0x0021, 0x0021, 0x0021, 0x0021, 0x0020, 0x0020, 0x0021, 0x0021, 0x0021, 0x0021,
  0x0021, 0x0021, 0x0021, 0x0021, 0x0021, 0x0021, 0x0021, 0x0021, 0x0021, 0x0021, 0x0021, 0x0020,
  0x0021, 0x0020, 0x0021, 0x0021, 0x0021, 0x0021, 0x0021, 0x0021, 0x0021, 0x0021, 0x0020, 0x0021,
  0x0021, 0x0021, 0x0021, 0x0021, 0x0021, 0x0021, 0x0021, 0x0021, 0x0021, 0x0021, 0x0021, 0x0021,
  0x0021, 0x0021, 0x0021, 0x0021, 0x0021, 0x0021, 0x0021, 0x0021, 0x0020, 0x0021, 0x0021, 0x0020,
  0x0021, 0x0021, 0x0021, 0x0021, 0x0021, 0x0021, 0x0020, 0x0021, 0x0021, 0x0021, 0x0021, 0x0021,
  0x0021, 0x0021, 0x0021, 0x0021, 0x0021, 0x0021, 0x0021, 0x0021, 0x0021, 0x0021, 0x0021, 0x0021,
  0x0021, 0x0021, 0x0021, 0x0021, 0x0021, 0x0021, 0x0021, 0x0021, 0x0021, 0x0021, 0x0021, 0x0021,
  0x0021, 0x0021, 0x0021, 0x0021, 0x0021, 0x0021, 0x0021, 0x0021, 0x0021, 0x0021, 0x0021, 0x0021,
  0x0020, 0x0021, 0x0021, 0x0021, 0x0021, 0x0021, 0x0021, 0x0021, 0x0021, 0x0021, 0x0021, 0x0021,
  0x0021, 0x0020, 0x0021, 0x0021, 0x0021, 0x0021, 0x0021, 0x0021, 0x0021, 0x0021, 0x0021, 0x0021,
  0x0021, 0x0021, 0x0021, 0x0020, 0x0021, 0x0021, 0x0021, 0x0021, 0x0021, 0x0021, 0x0021, 0x0021,
  0x0021, 0x0021, 0x0021, 0x0021, 0x0021, 0x0021, 0x0021, 0x0021, 0x0021, 0x0021, 0x0021, 0x0021,
  0x0021, 0x0021, 0x0021, 0x0021, 0x0021, 0x0021, 0x0021, 0x0021, 0x0021, 0x0021, 0x0021, 0x0021,
  0x0020, 0x0020, 0x0021, 0x0021, 0x0021, 0x0021, 0x0021, 0x0021, 0x0021, 0x0021, 0x0021, 0x0021,
  0x0021, 0x0021, 0x0021, 0x0021, 0x0021, 0x0021, 0x0021, 0x0021, 0x0021, 0x0021, 0x0021, 0x0021,
  0x0021, 0x0021, 0x0021, 0x0021, 0x0021, 0x0021, 0x0021, 0x0021, 0x0021, 0x0021, 0x0021, 0x0021,
  0x0021, 0x0021, 0x0021, 0x0021, 0x0021, 0x0021, 0x0021, 0x0021, 0x0021, 0x0021, 0x0021, 0x0021,
  0x0021, 0x0021, 0x0021, 0x0021, 0x0021, 0x0021, 0x0021, 0x0021, 0x0021, 0x0021, 0x0021, 0x0021,
  0x0021, 0x0021, 0x0021, 0x0021, 0x0021, 0x0021, 0x0021, 0x0021, 0x0021, 0x0021, 0x0021, 0x0021,
  0x0021, 0x0021, 0x0021, 0x0021, 0x0021, 0x0021, 0x0021, 0x0021, 0x0021, 0x0021, 0x0021, 0x0021,
  0x0021, 0x0021, 0x0021, 0x0021, 0x0021, 0x0021, 0x0021, 0x0021, 0x0021, 0x0021, 0x0021, 0x0021,
  0x0021, 0x0021, 0x0021, 0x0021, 0x0021, 0x0020, 0x0021, 0x0021, 0x0021, 0x0021, 0x0021, 0x0021,
  0x0020, 0x0021, 0x0021, 0x0021, 0x0021, 0x0021, 0x0021, 0x0021, 0x0021, 0x0021, 0x0021, 0x0021,
  0x0021, 0x0021, 0x0021, 0x0021, 0x0021, 0x0021, 0x0021, 0x0021, 0x0021, 0x0021, 0x0021, 0x0021,
  0x0021, 0x0021, 0x0021, 0x0021, 0x0021, 0x0021, 0x0021, 0x0021, 0x0021, 0x0021, 0x0021, 0x0021,
  0x0021, 0x0021, 0x0021, 0x0021, 0x0021, 0x0021, 0x0021, 0x0021, 0x0021, 0x0021, 0x0021, 0x0021,
  0x0021, 0x0021, 0x0021, 0x0021, 0x0020, 0x0021, 0x0021, 0x0021, 0x0021, 0x0021, 0x0021, 0x0021,
  0x0021, 0x0021, 0x0021, 0x0021, 0x0021, 0x0021, 0x0021, 0x0021, 0x0021, 0x0021, 0x0021, 0x0021,
  0x0021, 0x0021, 0x0021, 0x0021, 0x0021, 0x0021, 0x0021, 0x0021, 0x0021, 0x0021, 0x0021, 0x0021,
  0x0021, 0x0021, 0x0021, 0x0021, 0x0021, 0x0021, 0x0021, 0x0021, 0x0021, 0x0021, 0x0021, 0x0021,
  0x0021, 0x0021, 0x0021, 0x0021, 0x0021, 0x0021, 0x0021, 0x0021, 0x0020, 0x0021, 0x0021, 0x0021,
  0x0021, 0x0020, 0x0021, 0x0021, 0x0021, 0x0021, 0x0021, 0x0021, 0x0021, 0x0021, 0x0021, 0x0021,
  0x0021, 0x0021, 0x0021, 0x0021, 0x0021, 0x0021, 0x0021, 0x0021, 0x0021, 0x0021, 0x0021, 0x0021,
  0x0021, 0x0021, 0x0021, 0x0021, 0x0021, 0x0021, 0x0021, 0x0021, 0x0021, 0x0021, 0x0021, 0x0021,
  0x0021, 0x0021, 0x0021, 0x0021, 0x0021, 0x0020, 0x0021, 0x0021, 0x0021, 0x0021, 0x0021, 0x0021,
  0x0021, 0x0021, 0x0021, 0x0021, 0x0021, 0x0021, 0x0021, 0x0021, 0x0021, 0x0021, 0x0021, 0x0021,
  0x0021, 0x0021, 0x0021, 0x0021, 0x0021, 0x0021, 0x0021, 0x0021, 0x0021, 0x0021, 0x0021, 0x0021,
  0x0021, 0x0021, 0x0021, 0x0020, 0x0021, 0x0021, 0x0021, 0x0021, 0x0021, 0x0021, 0x0021, 0x0021,
  0x0021, 0x0021, 0x0021, 0x0021, 0x0021, 0x0021, 0x0021, 0x0021, 0x0021, 0x0021, 0x0021, 0x0021,
  0x0021, 0x0021, 0x0021, 0x0021, 0x0021, 0x0021, 0x0021, 0x0021, 0x0021, 0x0021, 0x0021, 0x0021,
  0x0021, 0x0020, 0x0021, 0x0021, 0x0021, 0x0021, 0x0021, 0x0021, 0x0021, 0x0021, 0x0021, 0x0021,
  0x0021, 0x0021, 0x0021, 0x0021, 0x0021, 0x0021, 0x0021, 0x0021, 0x0021, 0x0021, 0x0021, 0x0021,
  0x0021, 0x0021, 0x0021, 0x0021, 0x0021, 0x0021, 0x0021, 0x0021, 0x0021, 0x0021, 0x0021, 0x0021,
  0x0021, 0x0021, 0x0021, 0x0021, 0x0020, 0x0021, 0x0021, 0x0021, 0x0021, 0x0021, 0x0021, 0x0020,
  0x0021, 0x0021, 0x0021, 0x0021, 0x0021, 0x0021, 0x0021, 0x0021, 0x0021, 0x0021, 0x0021, 0x0021,
  0x0021, 0x0021, 0x0021, 0x0021, 0x0021, 0x0021, 0x0021, 0x0021, 0x0021, 0x0021, 0x0021, 0x0021,
  0x0021, 0x0021, 0x0021, 0x0021, 0x0021, 0x0021, 0x0020, 0x0020, 0x0021, 0x0021, 0x0021, 0x0021,
  0x0021, 0x0021, 0x0021, 0x0021, 0x0021, 0x0021, 0x0021, 0x0021, 0x0021, 0x0021, 0x0021, 0x0021,
  0x0021, 0x0021, 0x0021, 0x0021, 0x0021, 0x0021, 0x0021, 0x0021, 0x0021, 0x0021, 0x0021, 0x0021,
  0x0021, 0x0021, 0x0021, 0x0021, 0x0021, 0x0021, 0x0021, 0x0021, 0x0021, 0x0021, 0x0021, 0x0021,
  0x0021, 0x0021, 0x0021, 0x0021, 0x0021, 0x0021, 0x0020, 0x0021, 0x0021, 0x0021, 0x0021, 0x0021,
  0x0021, 0x0021, 0x0021, 0x0021, 0x0021, 0x0021, 0x0021, 0x0021, 0x0021, 0x0021, 0x0021, 0x0021,
  0x0021, 0x0021, 0x0021, 0x0021, 0x0021, 0x0021, 0x0021, 0x0021, 0x0021, 0x0021, 0x0021, 0x0021,
  0x0021, 0x0021, 0x0021, 0x0021, 0x0021, 0x0021, 0x0021, 0x0021, 0x0021, 0x0021, 0x0021, 0x0021,
  0x0021, 0x0021, 0x0020, 0x0021, 0x0021, 0x0021, 0x0021, 0x0021, 0x0021, 0x0021, 0x0021, 0x0021,
  0x0021, 0x0021, 0x0021, 0x0021, 0x0021, 0x0021, 0x0021, 0x0021, 0x0021, 0x0021, 0x0021, 0x0021,
  0x0021, 0x0021, 0x0021, 0x0021, 0x0021, 0x0021, 0x0021, 0x0021, 0x0021, 0x0021, 0x0021, 0x0021,
  0x0021, 0x0021, 0x0021, 0x0021, 0x0021, 0x0021, 0x0021, 0x0021, 0x0021, 0x0021, 0x0021, 0x0021,
  0x0021, 0x0021, 0x0021, 0x0021, 0x0021, 0x0021, 0x0021, 0x0021, 0x0021, 0x0021, 0x0021, 0x0021,
  0x0021, 0x0021, 0x0021, 0x0021, 0x0021, 0x0021, 0x0021, 0x0021, 0x0021, 0x0021, 0x0021, 0x0021,
  0x0021, 0x0021, 0x0021, 0x0021, 0x0021, 0x0021, 0x0021, 0x0021, 0x0021, 0x0021, 0x0021, 0x0021,
  0x0021, 0x0021, 0x0021, 0x0021, 0x0021, 0x0021, 0x0021, 0x0021, 0x0021, 0x0021, 0x0021, 0x0021,
  0x0021, 0x0021, 0x0021, 0x0021, 0x0021, 0x0021, 0x0021, 0x0021, 0x0021, 0x0021, 0x0021, 0x0021,
  0x0021, 0x0021, 0x0021, 0x0020, 0x0021, 0x0021, 0x0021, 0x0021, 0x0021, 0x0021, 0x0021, 0x0020,
  0x0021, 0x0021, 0x0021, 0x0021, 0x0021, 0x0021, 0x0021, 0x0021, 0x0021, 0x0021, 0x0021, 0x0021,
  0x0021, 0x0021, 0x0021, 0x0021, 0x0021, 0x0021, 0x0021, 0x0021, 0x0021, 0x0021, 0x0021, 0x0021,
  0x0021, 0x0021, 0x0021, 0x0021, 0x0020, 0x0021, 0x0021, 0x0021, 0x0021, 0x0021, 0x0021, 0x0021,
  0x0021, 0x0021, 0x0021, 0x0021, 0x0021, 0x0021, 0x0021, 0x0021, 0x0021, 0x0021, 0x0021, 0x0021,
  0x0021, 0x0021, 0x0021, 0x0021, 0x0021, 0x0021, 0x0021, 0x0021, 0x0021, 0x0021, 0x0021, 0x0021,
  0x0021, 0x0021, 0x0021, 0x0021, 0x0021, 0x0021, 0x0021, 0x0021, 0x0021, 0x0021, 0x0021, 0x0021,
  0x0021, 0x0021, 0x0021, 0x0021, 0x0021, 0x0021, 0x0021, 0x0021, 0x0021, 0x0021, 0x0021, 0x0021,
  0x0021, 0x0021, 0x0021, 0x0021, 0x0021, 0x0021, 0x0021, 0x0021, 0x0021, 0x0021, 0x0021, 0x0021,
  0x0021, 0x0021, 0x0021, 0x0021, 0x0021, 0x0021, 0x0021, 0x0021, 0x0021, 0x0021, 0x0021, 0x0021,
  0x0021, 0x0021, 0x0021, 0x0021, 0x0021, 0x0021, 0x0021, 0x0021, 0x0021, 0x0021, 0x0021, 0x0021,
  0x0021, 0x0021, 0x0021, 0x0021, 0x0021, 0x0021, 0x0021, 0x0021, 0x0021, 0x0021, 0x0021, 0x0021,
  0x0021, 0x0021, 0x0021, 0x0021, 0x0021, 0x0021, 0x0021, 0x0021, 0x0021, 0x0021, 0x0021, 0x0021,
  0x0021, 0x0021, 0x0021, 0x0021, 0x0021, 0x0021, 0x0021, 0x0021, 0x0021, 0x0021, 0x0021, 0x0021,
  0x0021, 0x0021, 0x0021, 0x0021, 0x0021, 0x0021, 0x0021, 0x0021, 0x0021, 0x0021, 0x0021, 0x0021,
  0x0021, 0x0021, 0x0021, 0x0021, 0x0021, 0x0021, 0x0021, 0x0021, 0x0021, 0x0021, 0x0021, 0x0021,
  0x0021, 0x0021, 0x0021, 0x0021, 0x0021, 0x0021, 0x0021, 0x0021, 0x0020, 0x0021, 0x0021, 0x0021,
  0x0021, 0x0020, 0x0021, 0x0021, 0x0021, 0x0021, 0x0021, 0x0021, 0x0021, 0x0021, 0x0021, 0x0020,
  0x0021, 0x0021, 0x0021, 0x0021, 0x0021, 0x0021, 0x0021, 0x0021, 0x0021, 0x0021, 0x0021, 0x0021,
  0x0021, 0x0021, 0x0021, 0x0021, 0x0021, 0x0021, 0x0021, 0x0021, 0x0021, 0x0021, 0x0021, 0x0021,
  0x0021, 0x0021, 0x0021, 0x0021, 0x0021, 0x0021, 0x0021, 0x0021, 0x0021, 0x0021, 0x0021, 0x0021,
  0x0021, 0x0021, 0x0021, 0x0021, 0x0021, 0x0021, 0x0021, 0x0021, 0x0021, 0x0021, 0x0021, 0x0021,
  0x0021, 0x0021, 0x0021, 0x0021, 0x0021, 0x0021, 0x0021, 0x0021, 0x0021, 0x0021, 0x0021, 0x0021,
  0x0021, 0x0021, 0x0021, 0x0021, 0x0021, 0x0021, 0x0021, 0x0021, 0x0021, 0x0021, 0x0021, 0x0021,
  0x0021, 0x0021, 0x0021, 0x0021, 0x0021, 0x0021, 0x0021, 0x0021, 0x0021, 0x0021, 0x0021, 0x0021,
  0x0021, 0x0021, 0x0021, 0x0021, 0x0021, 0x0021, 0x0021, 0x0021, 0x0021, 0x0021, 0x0021, 0x0021,
  0x0021, 0x0021, 0x0021, 0x0021, 0x0021, 0x0021, 0x0021, 0x0021, 0x0021, 0x0021, 0x0021, 0x0021,
  0x0021, 0x0021, 0x0021, 0x0021, 0x0021, 0x0021, 0x0021, 0x0021, 0x0021, 0x0021, 0x0021, 0x0021,
  0x0021, 0x0021, 0x0021, 0x0021, 0x0021, 0x0021, 0x0021, 0x0021, 0x0021, 0x0021, 0x0021, 0x0021,
  0x0021, 0x0021, 0x0021, 0x0021, 0x0021, 0x0021, 0x0021, 0x0021, 0x0021, 0x0021, 0x0021, 0x0021,
  0x0020, 0x0020, 0x0020, 0x0021, 0x0021, 0x0021, 0x0021, 0x0021, 0x0021, 0x0021, 0x0021, 0x0021,
  0x0021, 0x0021, 0x0021, 0x0021, 0x0021, 0x0021, 0x0021, 0x0021, 0x0021, 0x0021, 0x0021, 0x0020,
  0x0021, 0x0021, 0x0021, 0x0021, 0x0021, 0x0021, 0x0021, 0x0021, 0x0021, 0x0021, 0x0021, 0x0021,
  0x0021, 0x0021, 0x0021, 0x0021, 0x0021, 0x0021, 0x0021, 0x0021, 0x0021, 0x0021, 0x0021, 0x0021,
  0x0021, 0x0021, 0x0021, 0x0021, 0x0021, 0x0021, 0x0021, 0x0021, 0x0020, 0x0021, 0x0021, 0x0021,
  0x0021, 0x0021, 0x0021, 0x0021, 0x0021, 0x0021, 0x0021, 0x0021, 0x0021, 0x0021, 0x0021, 0x0021,
  0x0021, 0x0021, 0x0021, 0x0021, 0x0021, 0x0021, 0x0021, 0x0021, 0x0021, 0x0021, 0x0021, 0x0021,
  0x0021, 0x0021, 0x0021, 0x0021, 0x0021, 0x0021, 0x0021, 0x0021, 0x0021, 0x0021, 0x0021, 0x0021,
  0x0021, 0x0021, 0x0021, 0x0021, 0x0021, 0x0021, 0x0021, 0x0021, 0x0021, 0x0021, 0x0020, 0x0021,
  0x0021, 0x0021, 0x0021, 0x0021, 0x0021, 0x0021, 0x0021, 0x0021, 0x0021, 0x0021, 0x0021, 0x0021,
  0x0021, 0x0021, 0x0021, 0x0021, 0x0021, 0x0021, 0x0021, 0x0020, 0x0020, 0x0021, 0x0021, 0x0021,
  0x0020, 0x0021, 0x0021, 0x0021, 0x0021, 0x0021, 0x0021, 0x0021, 0x0021, 0x0021, 0x0021, 0x0021,
  0x0021, 0x0021, 0x0021, 0x0021, 0x0021, 0x0021, 0x0021, 0x0021, 0x0021, 0x0021, 0x0021, 0x0021,
  0x0021, 0x0021, 0x0021, 0x0020, 0x0021, 0x0020, 0x0021, 0x0021, 0x0021, 0x0021, 0x0021, 0x0021,
  0x0021, 0x0021, 0x0021, 0x0021, 0x0021, 0x0021, 0x0021, 0x0021, 0x0021, 0x0021, 0x0021, 0x0021,
  0x0021, 0x0021, 0x0021, 0x0021, 0x0021, 0x0021, 0x0021, 0x0021, 0x0021, 0x0021, 0x0021, 0x0021,
  0x0021, 0x0021, 0x0021, 0x0021, 0x0021, 0x0021, 0x0021, 0x0021, 0x0021, 0x0021, 0x0021, 0x0021,
  0x0021, 0x0021, 0x0021, 0x0021, 0x0021, 0x0021, 0x0021, 0x0021, 0x0021, 0x0021, 0x0021, 0x0021,
  0x0021, 0x0021, 0x0021, 0x0021, 0x0021, 0x0021, 0x0021, 0x0021, 0x0021, 0x0021, 0x0021, 0x0021,
  0x0021, 0x0021, 0x0021, 0x0021, 0x0021, 0x0021, 0x0021, 0x0021, 0x0021, 0x0021, 0x0021, 0x0021,
  0x0021, 0x0021, 0x0021, 0x0021, 0x0021, 0x0021, 0x0021, 0x0021, 0x0021, 0x0021, 0x0021, 0x0021,
  0x0021, 0x0021, 0x0021, 0x0021, 0x0021, 0x0021, 0x0021, 0x0021, 0x0021, 0x0021, 0x0021, 0x0021,
  0x0021, 0x0021, 0x0021, 0x0021, 0x0021, 0x0021, 0x0021, 0x0021, 0x0021, 0x0021, 0x0021, 0x0021,
  0x0021, 0x0021, 0x0021, 0x0021, 0x0021, 0x0021, 0x0021, 0x0021, 0x0021, 0x0021, 0x0021, 0x0021,
  0x0021, 0x0021, 0x0021, 0x0021, 0x0021, 0x0021, 0x0021, 0x0021, 0x0021, 0x0021, 0x0021, 0x0021,
  0x0021, 0x0021, 0x0021, 0x0021, 0x0021, 0x0021, 0x0021, 0x0021, 0x0021, 0x0021, 0x0021, 0x0021,
  0x0021, 0x0021, 0x0021, 0x0021, 0x0021, 0x0021, 0x0021, 0x0020, 0x0020, 0x0021, 0x0021, 0x0021,
  0x0021, 0x0021, 0x0021, 0x0021, 0x0021, 0x0020, 0x0020, 0x0021, 0x0021, 0x0021, 0x0021, 0x0021,
  0x0021, 0x0021, 0x0021, 0x0021, 0x0020, 0x0021, 0x0021, 0x0020, 0x0021, 0x0021, 0x0021, 0x0021,
  0x0021, 0x0021, 0x0021, 0x0021, 0x0021, 0x0021, 0x0021, 0x0021, 0x0021, 0x0021, 0x0021, 0x0021,
  0x0021, 0x0021, 0x0021, 0x0021, 0x0021, 0x0021, 0x0021, 0x0021, 0x0021, 0x0021, 0x0020, 0x0021,
  0x0021, 0x0021, 0x0021, 0x0021, 0x0021, 0x0021, 0x0021, 0x0021, 0x0021, 0x0021, 0x0021, 0x0021,
  0x0021, 0x0021, 0x0021, 0x0021, 0x0021, 0x0021, 0x0021, 0x0021, 0x0021, 0x0021, 0x0021, 0x0021,
  0x0021, 0x0021, 0x0021, 0x0021, 0x0021, 0x0020, 0x0021, 0x0020, 0x0021, 0x0021, 0x0021, 0x0021,
  0x0021, 0x0021, 0x0021, 0x0021, 0x0021, 0x0021, 0x0021, 0x0021, 0x0021, 0x0021, 0x0021, 0x0021,
  0x0021, 0x0021, 0x0021, 0x0021, 0x0021, 0x0021, 0x0021, 0x0021, 0x0021, 0x0021, 0x0021, 0x0021,
  0x0021, 0x0021, 0x0021, 0x0021, 0x0021, 0x0021, 0x0021, 0x0021, 0x0021, 0x0021, 0x0021, 0x0021,
  0x0021, 0x0021, 0x0021, 0x0021, 0x0021, 0x0021, 0x0021, 0x0021, 0x0021, 0x0020, 0x0021, 0x0021,
  0x0021, 0x0021, 0x0021, 0x0021, 0x0021, 0x0021, 0x0021, 0x0021, 0x0021, 0x0021, 0x0021, 0x0021,
  0x0021, 0x0021, 0x0021, 0x0021, 0x0021, 0x0021, 0x0020, 0x0021, 0x0021, 0x0021, 0x0021, 0x0021,
  0x0021, 0x0021, 0x0021, 0x0021, 0x0021, 0x0021, 0x0021, 0x0021, 0x0021, 0x0021, 0x0021, 0x0020,
  0x0021, 0x0021, 0x0021, 0x0021, 0x0021, 0x0021, 0x0020, 0x0021, 0x0021, 0x0021, 0x0021, 0x0021,
  0x0021, 0x0021, 0x0021, 0x0021, 0x0021, 0x0021, 0x0021, 0x0021, 0x0021, 0x0021, 0x0021, 0x0021,
  0x0021, 0x0021, 0x0021, 0x0021, 0x0021, 0x0021, 0x0021, 0x0021, 0x0021, 0x0021, 0x0021, 0x0021,
  0x0021, 0x0020, 0x0021, 0x0021, 0x0021, 0x0021, 0x0021, 0x0021, 0x0021, 0x0021, 0x0021, 0x0021,
  0x0021, 0x0021, 0x0021, 0x0021, 0x0021, 0x0021, 0x0021, 0x0021, 0x0021, 0x0021, 0x0021, 0x0021,
  0x0021, 0x0021, 0x0021, 0x0021, 0x0021, 0x0020, 0x0021, 0x0021, 0x0021, 0x0021, 0x0020, 0x0021,
  0x0021, 0x0021, 0x0021, 0x0021, 0x0021, 0x0021, 0x0021, 0x0021, 0x0021, 0x0021, 0x0021, 0x0021,
  0x0021, 0x0021, 0x0021, 0x0021, 0x0021, 0x0021, 0x0021, 0x0021, 0x0021, 0x0021, 0x0021, 0x0021,
  0x0021, 0x0021, 0x0021, 0x0021, 0x0021, 0x0021, 0x0021, 0x0021, 0x0021, 0x0021, 0x0021, 0x0020,
  0x0021, 0x0021, 0x0021, 0x0021, 0x0021, 0x0021, 0x0021, 0x0021, 0x0021, 0x0021, 0x0021, 0x0021,
  0x0021, 0x0021, 0x0021, 0x0021, 0x0021, 0x0021, 0x0021, 0x0021, 0x0021, 0x0021, 0x0021, 0x0021,
  0x0021, 0x0021, 0x0021, 0x0021, 0x0020, 0x0021, 0x0021, 0x0020, 0x0021, 0x0021, 0x0021, 0x0021,
  0x0021, 0x0021, 0x0021, 0x0020, 0x0021, 0x0021, 0x0021, 0x0021, 0x0021, 0x0021, 0x0021, 0x0021,
  0x0021, 0x0021, 0x0021, 0x0021, 0x0021, 0x0021, 0x0021, 0x0020, 0x0021, 0x0021, 0x0020, 0x0021,
  0x0021, 0x0020, 0x0021, 0x0021, 0x0021, 0x0021, 0x0021, 0x0021, 0x0021, 0x0021, 0x0021, 0x0021,
  0x0021, 0x0021, 0x0021, 0x0021, 0x0021, 0x0021, 0x0021, 0x0021, 0x0021, 0x0021, 0x0021, 0x0021,
  0x0021, 0x0021, 0x0021, 0x0021, 0x0021, 0x0020, 0x0021, 0x0021, 0x0020, 0x0021, 0x0021, 0x0021,
  0x0021, 0x0021, 0x0021, 0x0021, 0x0020, 0x0021, 0x0021, 0x0021, 0x0021, 0x0021, 0x0021, 0x0021,
  0x0021, 0x0021, 0x0021, 0x0021, 0x0021, 0x0021, 0x0021, 0x0021, 0x0021, 0x0021, 0x0021, 0x0021,
  0x0021, 0x0021, 0x0020, 0x0021, 0x0021, 0x0020, 0x0021, 0x0021, 0x0021, 0x0021, 0x0021, 0x0021,
  0x0021, 0x0021, 0x0021, 0x0021, 0x0021, 0x0021, 0x0021, 0x0021, 0x0020, 0x0021, 0x0021, 0x0021,
  0x0021, 0x0021, 0x0021, 0x0021, 0x0021, 0x0021, 0x0021, 0x0020, 0x0021, 0x0021, 0x0021, 0x0021,
  0x0021, 0x0021, 0x0021, 0x0021, 0x0021, 0x0021, 0x0021, 0x0021, 0x0021, 0x0021, 0x0021, 0x0021,
  0x0021, 0x0021, 0x0021, 0x0021, 0x0021, 0x0021, 0x0021, 0x0021, 0x0021, 0x0020, 0x0021, 0x0020,
  0x0021, 0x0021, 0x0021, 0x0021, 0x0021, 0x0021, 0x0021, 0x0021, 0x0021, 0x0021, 0x0021, 0x0021,
  0x0021, 0x0021, 0x0021, 0x0021, 0x0021, 0x0021, 0x0021, 0x0021, 0x0021, 0x0021, 0x0021, 0x0021,
  0x0021, 0x0021, 0x0021, 0x0021, 0x0021, 0x0021, 0x0020, 0x0021, 0x0021, 0x0021, 0x0021, 0x0021,
  0x0021, 0x0021, 0x0020, 0x0021, 0x0021, 0x0021, 0x0021, 0x0021, 0x0021, 0x0021, 0x0021, 0x0021,
  0x0021, 0x0021, 0x0021, 0x0021, 0x0021, 0x0021, 0x0021, 0x0021, 0x0021, 0x0021, 0x0021, 0x0021,
  0x0021, 0x0021, 0x0021, 0x0020, 0x0021, 0x0021, 0x0021, 0x0021, 0x0021, 0x0020, 0x0020, 0x0020,
  0x0021, 0x0021, 0x0021, 0x0021, 0x0021, 0x0021, 0x0021, 0x0021, 0x0021, 0x0021, 0x0021, 0x0021,
  0x0021, 0x0021, 0x0021, 0x0021, 0x0021, 0x0021, 0x0021, 0x0021, 0x0021, 0x0021, 0x0021, 0x0021,
  0x0020, 0x0021, 0x0021, 0x0021, 0x0021, 0x0021, 0x0021, 0x0020, 0x0021, 0x0021, 0x0021, 0x0021,
  0x0021, 0x0020, 0x0021, 0x0021, 0x0021, 0x0021, 0x0021, 0x0021, 0x0021, 0x0021, 0x0021, 0x0021,
  0x0021, 0x0021, 0x0021, 0x0021, 0x0021, 0x0021, 0x0021, 0x0021, 0x0021, 0x0021, 0x0021, 0x0021,
  0x0021, 0x0021, 0x0021, 0x0021, 0x0021, 0x0021, 0x0021, 0x0021, 0x0021, 0x0021, 0x0021, 0x0021,
  0x0021, 0x0021, 0x0021, 0x0021, 0x0021, 0x0021, 0x0021, 0x0021, 0x0021, 0x0021, 0x0021, 0x0021,
  0x0021, 0x0021, 0x0021, 0x0021, 0x0021, 0x0021, 0x0021, 0x0021, 0x0021, 0x0021, 0x0021, 0x0021,
  0x0021, 0x0021, 0x0021, 0x0021, 0x0021, 0x0021, 0x0021, 0x0021, 0x0021, 0x0021, 0x0021, 0x0021,
  0x0021, 0x0021, 0x0021, 0x0021, 0x0021, 0x0021, 0x0021, 0x0021, 0x0021, 0x0021, 0x0021, 0x0021,
  0x0021, 0x0021, 0x0021, 0x0021, 0x0021, 0x0021, 0x0021, 0x0021, 0x0021, 0x0021, 0x0021, 0x0021,
  0x0021, 0x0021, 0x0021, 0x0021, 0x0021, 0x0020, 0x0021, 0x0021, 0x0021, 0x0021, 0x0021, 0x0021,
  0x0021, 0x0021, 0x0021, 0x0021, 0x0021, 0x0021, 0x0021, 0x0021, 0x0021, 0x0021, 0x0021, 0x0021,
  0x0021, 0x0021, 0x0021, 0x0021, 0x0021, 0x0021, 0x0021, 0x0021, 0x0021, 0x0021, 0x0021, 0x0021,
  0x0021, 0x0021, 0x0021, 0x0021, 0x0021, 0x0021, 0x0021, 0x0021, 0x0021, 0x0021, 0x0021, 0x0021,
  0x0021, 0x0021, 0x0021, 0x0021, 0x0021, 0x0020, 0x0021, 0x0021, 0x0021, 0x0021, 0x0021, 0x0021,
  0x0021, 0x0021, 0x0021, 0x0021, 0x0021, 0x0021, 0x0021, 0x0021, 0x0020, 0x0021, 0x0021, 0x0021,
  0x0021, 0x0021, 0x0021, 0x0021, 0x0021, 0x0021, 0x0020, 0x0021, 0x0021, 0x0021, 0x0021, 0x0021,
  0x0021, 0x0021, 0x0021, 0x0021, 0x0020, 0x0021, 0x0021, 0x0021, 0x0021, 0x0021, 0x0020, 0x0021,
  0x0021, 0x0021, 0x0021, 0x0021, 0x0021, 0x0021, 0x0021, 0x0021, 0x0021, 0x0021, 0x0021, 0x0021,
  0x0021, 0x0021, 0x0021, 0x0021, 0x0021, 0x0021, 0x0021, 0x0021, 0x0021, 0x0021, 0x0021, 0x0021,
  0x0021, 0x0021, 0x0021, 0x0021, 0x0021, 0x0021, 0x0021, 0x0021, 0x0021, 0x0021, 0x0020, 0x0021,
  0x0021, 0x0021, 0x0021, 0x0021, 0x0021, 0x0021, 0x0021, 0x0021, 0x0021, 0x0021, 0x0020, 0x0021,
  0x0021, 0x0021, 0x0021, 0x0021, 0x0021, 0x0021, 0x0021, 0x0021, 0x0021, 0x0021, 0x0021, 0x0020,
  0x0021, 0x0021, 0x0021, 0x0021, 0x0021, 0x0021, 0x0021, 0x0021, 0x0021, 0x0021, 0x0021, 0x0021,
  0x0021, 0x0021, 0x0021, 0x0021, 0x0021, 0x0021, 0x0021, 0x0021, 0x0021, 0x0021, 0x0021, 0x0020,
  0x0021, 0x0021, 0x0021, 0x0021, 0x0020, 0x0021, 0x0021, 0x0021, 0x0020, 0x0021, 0x0021, 0x0021,
  0x0021, 0x0021, 0x0021, 0x0021, 0x0021, 0x0021, 0x0021, 0x0021, 0x0021, 0x0021, 0x0021, 0x0021,
  0x0021, 0x0021, 0x0021, 0x0021, 0x0021, 0x0021, 0x0021, 0x0021, 0x0021, 0x0841, 0x0821, 0x0021,
  0x0020, 0x0021, 0x0021, 0x0021, 0x0021, 0x0021, 0x0021, 0x0021, 0x0021, 0x0020, 0x0021, 0x0021,
  0x0021, 0x0021, 0x0021, 0x0021, 0x0021, 0x0021, 0x0020, 0x0021, 0x0021, 0x0021, 0x0021, 0x0021,
  0x0021, 0x0021, 0x0021, 0x0021, 0x0021, 0x0021, 0x0021, 0x0021, 0x0020, 0x0021, 0x0021, 0x0021,
  0x0021, 0x0021, 0x0021, 0x0021, 0x0021, 0x0021, 0x0021, 0x0021, 0x0021, 0x0021, 0x0021, 0x0021,
  0x0021, 0x0021, 0x0021, 0x0021, 0x0021, 0x0021, 0x0021, 0x0021, 0x0021, 0x0020, 0x0021, 0x0021,
  0x0021, 0x0021, 0x0021, 0x0021, 0x0021, 0x0021, 0x0021, 0x0021, 0x0021, 0x0021, 0x0021, 0x0021,
  0x0021, 0x0021, 0x0021, 0x0021, 0x0021, 0x0021, 0x0021, 0x0021, 0x0021, 0x0021, 0x0021, 0x0021,
  0x0021, 0x0021, 0x0021, 0x0020, 0x0021, 0x0021, 0x0021, 0x0021, 0x0021, 0x0021, 0x0020, 0x0021,
  0x0021, 0x0020, 0x0021, 0x0021, 0x0021, 0x0021, 0x0021, 0x0021, 0x0021, 0x0021, 0x0021, 0x0021,
  0x0021, 0x0021, 0x0021, 0x0021, 0x0021, 0x0021, 0x0021, 0x0021, 0x0021, 0x0021, 0x0021, 0x0021,
  0x0021, 0x0021, 0x0021, 0x0021, 0x0021, 0x0021, 0x0021, 0x0021, 0x0021, 0x0020, 0x0021, 0x0021,
  0x0020, 0x0021, 0x0021, 0x0021, 0x0021, 0x0021, 0x0021, 0x0021, 0x0021, 0x0021, 0x0021, 0x0021,
  0x0021, 0x0021, 0x0021, 0x0021, 0x0021, 0x0021, 0x0020, 0x0021, 0x0021, 0x0021, 0x0021, 0x0000,
  0x0020, 0x0000, 0x0000, 0x0020, 0x0021, 0x0021, 0x0021, 0x0021, 0x0021, 0x0021, 0x0021, 0x0020,
  0x0020, 0x0021, 0x0021, 0x0021, 0x0021, 0x0021, 0x0021, 0x0021, 0x0021, 0x0021, 0x0021, 0x0020,
  0x0021, 0x0020, 0x0021, 0x0021, 0x0021, 0x0021, 0x0021, 0x0021, 0x0020, 0x0021, 0x0021, 0x0021,
  0x0021, 0x0021, 0x0021, 0x0021, 0x0021, 0x0021, 0x0021, 0x0021, 0x0021, 0x0021, 0x0021, 0x0021,
  0x0020, 0x0021, 0x0021, 0x0021, 0x0021, 0x0021, 0x0021, 0x0021, 0x0021, 0x0021, 0x0021, 0x0021,
  0x0021, 0x0021, 0x0021, 0x0021, 0x0021, 0x0021, 0x0021, 0x0021, 0x0021, 0x0021, 0x0021, 0x0021,
  0x0021, 0x0021, 0x0021, 0x0021, 0x0021, 0x0021, 0x0021, 0x0021, 0x0021, 0x0021, 0x0021, 0x0021,
  0x0021, 0x0021, 0x0021, 0x0021, 0x0021, 0x0021, 0x0021, 0x0021, 0x0021, 0x0020, 0x0020, 0x0021,
  0x0021, 0x0021, 0x0021, 0x0021, 0x0021, 0x0021, 0x0021, 0x0021, 0x0021, 0x0021, 0x0021, 0x0021,
  0x0021, 0x0021, 0x0021, 0x0021, 0x0021, 0x0021, 0x0021, 0x0021, 0x0021, 0x0021, 0x0021, 0x0021,
  0x0021, 0x0021, 0x0021, 0x0021, 0x0021, 0x0021, 0x0021, 0x0021, 0x0021, 0x0021, 0x0020, 0x0021,
  0x0020, 0x0021, 0x0021, 0x0021, 0x0021, 0x0021, 0x0021, 0x0021, 0x0021, 0x0021, 0x0021, 0x0021,
  0x0021, 0x0021, 0x0021, 0x0021, 0x0021, 0x0021, 0x0021, 0x0021, 0x0021, 0x0021, 0x0020, 0x0021,
  0x0021, 0x0821, 0x0000, 0x59A6, 0xC2EA, 0x8207, 0x4124, 0x1061, 0x0021, 0x0841, 0x0021, 0x0021,
  0x0021, 0x0021, 0x0021, 0x0021, 0x0021, 0x0020, 0x0021, 0x0021, 0x0020, 0x0020, 0x0021, 0x0021,
  0x0041, 0x0021, 0x0021, 0x0021, 0x0020, 0x0020, 0x0020, 0x0021, 0x0021, 0x0020, 0x0021, 0x0021,
  0x0021, 0x0021, 0x0021, 0x0020, 0x0021, 0x0021, 0x0021, 0x0021, 0x0021, 0x0021, 0x0021, 0x0021,
  0x0021, 0x0021, 0x0021, 0x0021, 0x0021, 0x0021, 0x0021, 0x0021, 0x0021, 0x0021, 0x0021, 0x0021,
  0x0021, 0x0021, 0x0021, 0x0021, 0x0021, 0x0021, 0x0021, 0x0021, 0x0021, 0x0021, 0x0021, 0x0021,
  0x0021, 0x0021, 0x0021, 0x0021, 0x0021, 0x0021, 0x0021, 0x0021, 0x0021, 0x0021, 0x0021, 0x0021,
  0x0021, 0x0021, 0x0021, 0x0021, 0x0021, 0x0021, 0x0021, 0x0021, 0x0021, 0x0021, 0x0021, 0x0021,
  0x0021, 0x0021, 0x0021, 0x0021, 0x0021, 0x0020, 0x0021, 0x0021, 0x0021, 0x0021, 0x0021, 0x0021,
  0x0021, 0x0021, 0x0021, 0x0021, 0x0021, 0x0021, 0x0021, 0x0021, 0x0021, 0x0021, 0x0021, 0x0021,
  0x0020, 0x0021, 0x0021, 0x0021, 0x0021, 0x0021, 0x0021, 0x0021, 0x0021, 0x0021, 0x0021, 0x0020,
  0x0021, 0x0021, 0x0021, 0x0020, 0x0020, 0x0021, 0x0020, 0x0021, 0x0021, 0x0021, 0x0021, 0x0021,
  0x0021, 0x0021, 0x0021, 0x0021, 0x0021, 0x0021, 0x0021, 0x0021, 0x0021, 0x0021, 0x0021, 0x0021,
  0x0021, 0x0020, 0x0021, 0x0021, 0x0841, 0x0000, 0x4986, 0xFBAD, 0xFB6B, 0xFB8C, 0xF36C, 0xD3AD,
  0x3903, 0x0000, 0x0020, 0x0021, 0x0841, 0x0821, 0x0021, 0x0020, 0x0020, 0x0020, 0x0021, 0x0020,
  0x0021, 0x0021, 0x0021, 0x0041, 0x0000, 0x0000, 0x0841, 0x0841, 0x0021, 0x0021, 0x0020, 0x0021,
  0x0021, 0x0021, 0x0021, 0x0021, 0x0021, 0x0021, 0x0021, 0x0021, 0x0021, 0x0021, 0x0021, 0x0021,
  0x0021, 0x0021, 0x0021, 0x0021, 0x0021, 0x0021, 0x0021, 0x0021, 0x0020, 0x0021, 0x0021, 0x0021,
  0x0021, 0x0021, 0x0021, 0x0021, 0x0021, 0x0021, 0x0021, 0x0021, 0x0021, 0x0021, 0x0021, 0x0021,
  0x0021, 0x0021, 0x0021, 0x0021, 0x0021, 0x0021, 0x0021, 0x0021, 0x0021, 0x0021, 0x0021, 0x0021,
  0x0021, 0x0021, 0x0021, 0x0021, 0x0021, 0x0021, 0x0021, 0x0021, 0x0021, 0x0021, 0x0021, 0x0021,
  0x0021, 0x0021, 0x0021, 0x0021, 0x0021, 0x0021, 0x0021, 0x0021, 0x0021, 0x0020, 0x0021, 0x0021,
  0x0021, 0x0021, 0x0021, 0x0021, 0x0021, 0x0021, 0x0021, 0x0021, 0x0021, 0x0021, 0x0021, 0x0021,
  0x0021, 0x0021, 0x0021, 0x0021, 0x0021, 0x0021, 0x0021, 0x0021, 0x0021, 0x0021, 0x0021, 0x0020,
  0x0021, 0x0021, 0x0021, 0x0021, 0x0020, 0x0021, 0x0021, 0x0021, 0x0020, 0x0021, 0x0021, 0x0021,
  0x0021, 0x0021, 0x0021, 0x0021, 0x0021, 0x0021, 0x0021, 0x0021, 0x0021, 0x0021, 0x0021, 0x0021,
  0x0021, 0x0021, 0x0021, 0x0021, 0x0021, 0x0021, 0x0021, 0x0021, 0x0020, 0x0820, 0xAACA, 0xD36C,
  0xD34B, 0xE38C, 0xEBED, 0xAAA9, 0x7964, 0x5944, 0x2082, 0x0000, 0x0000, 0x0000, 0x0021, 0x0841,
  0x0841, 0x0021, 0x0020, 0x0021, 0x0020, 0x0021, 0x0021, 0x0000, 0x2944, 0x1082, 0x0000, 0x0000,
  0x0000, 0x0021, 0x0841, 0x0841, 0x0021, 0x0021, 0x0021, 0x0021, 0x0021, 0x0020, 0x0020, 0x0020,
  0x0020, 0x0020, 0x0021, 0x0020, 0x0020, 0x0021, 0x0021, 0x0021, 0x0021, 0x0021, 0x0021, 0x0021,
  0x0021, 0x0021, 0x0021, 0x0021, 0x0021, 0x0021, 0x0021, 0x0021, 0x0021, 0x0021, 0x0021, 0x0021,
  0x0021, 0x0021, 0x0021, 0x0021, 0x0021, 0x0021, 0x0021, 0x0021, 0x0021, 0x0021, 0x0021, 0x0021,
  0x0021, 0x0021, 0x0021, 0x0021, 0x0021, 0x0021, 0x0021, 0x0021, 0x0021, 0x0021, 0x0021, 0x0021,
  0x0021, 0x0021, 0x0021, 0x0021, 0x0021, 0x0021, 0x0021, 0x0021, 0x0021, 0x0021, 0x0021, 0x0021,
  0x0021, 0x0020, 0x0021, 0x0021, 0x0021, 0x0021, 0x0021, 0x0021, 0x0021, 0x0020, 0x0021, 0x0021,
  0x0021, 0x0021, 0x0021, 0x0021, 0x0021, 0x0021, 0x0021, 0x0021, 0x0021, 0x0021, 0x0021, 0x0021,
  0x0021, 0x0021, 0x0021, 0x0021, 0x0021, 0x0021, 0x0021, 0x0021, 0x0021, 0x0021, 0x0021, 0x0021,
  0x0020, 0x0021, 0x0021, 0x0020, 0x0021, 0x0021, 0x0021, 0x0020, 0x0021, 0x0021, 0x0021, 0x0021,
  0x0021, 0x0021, 0x0021, 0x0021, 0x0021, 0x0020, 0x0021, 0x0021, 0x0021, 0x0021, 0x0021, 0x0021,
  0x0020, 0x0841, 0xBA68, 0xC288, 0xB248, 0xBAEA, 0xA2A9, 0x7164, 0xD34C, 0xFBED, 0xEB2B, 0xC2A9,
  0x81C6, 0x38E3, 0x0841, 0x0000, 0x0000, 0x0000, 0x0021, 0x0821, 0x0021, 0x0841, 0x0000, 0x5268,
  0xDE55, 0x942E, 0x942E, 0x5AA9, 0x2124, 0x0000, 0x0000, 0x0000, 0x0000, 0x0041, 0x0841, 0x0021,
  0x0021, 0x0021, 0x0020, 0x0021, 0x0021, 0x0020, 0x0021, 0x0020, 0x0020, 0x0021, 0x0021, 0x0021,
  0x0021, 0x0020, 0x0021, 0x0021, 0x0021, 0x0021, 0x0021, 0x0021, 0x0021, 0x0021, 0x0021, 0x0021,
  0x0021, 0x0021, 0x0021, 0x0021, 0x0021, 0x0021, 0x0021, 0x0021, 0x0021, 0x0020, 0x0020, 0x0021,
  0x0021, 0x0021, 0x0021, 0x0021, 0x0021, 0x0021, 0x0021, 0x0021, 0x0021, 0x0021, 0x0021, 0x0021,
  0x0021, 0x0021, 0x0021, 0x0021, 0x0020, 0x0021, 0x0021, 0x0021, 0x0021, 0x0021, 0x0021, 0x0021,
  0x0021, 0x0021, 0x0021, 0x0021, 0x0021, 0x0021, 0x0020, 0x0021, 0x0021, 0x0020, 0x0021, 0x0021,
  0x0021, 0x0021, 0x0021, 0x0021, 0x0021, 0x0021, 0x0021, 0x0021, 0x0021, 0x0021, 0x0021, 0x0021,
  0x0021, 0x0021, 0x0021, 0x0021, 0x0021, 0x0021, 0x0021, 0x0021, 0x0021, 0x0021, 0x0021, 0x0021,
  0x0021, 0x0020, 0x0020, 0x0020, 0x0020, 0x0020, 0x0020, 0x0020, 0x0021, 0x0020, 0x0020, 0x0021,
  0x0021, 0x0020, 0x0021, 0x0021, 0x0021, 0x0021, 0x0021, 0x0021, 0x0021, 0x0021, 0x0021, 0x0021,
  0x0021, 0x0021, 0x0020, 0x0021, 0x0020, 0x0841, 0x99E6, 0xC268, 0xD2A9, 0xCAA9, 0x8985, 0x7124,
  0xC2A9, 0xB2C9, 0xC30A, 0xDB8C, 0xF3CD, 0xFBAD, 0xDB0A, 0x9A07, 0x5944, 0x2082, 0x0000, 0x0000,
  0x0020, 0x0000, 0x39C6, 0xE676, 0x83CD, 0x4A06, 0x8C0D, 0xB511, 0xBD72, 0xACD0, 0x7B6C, 0x41E6,
  0x1082, 0x0000, 0x0000, 0x0000, 0x0021, 0x0841, 0x0021, 0x0021, 0x0021, 0x0021, 0x0020, 0x0020,
  0x0021, 0x0020, 0x0021, 0x0020, 0x0021, 0x0020, 0x0021, 0x0021, 0x0021, 0x0021, 0x0021, 0x0021,
  0x0021, 0x0021, 0x0021, 0x0021, 0x0021, 0x0021, 0x0021, 0x0021, 0x0021, 0x0021, 0x0021, 0x0021,
  0x0021, 0x0021, 0x0021, 0x0021, 0x0021, 0x0021, 0x0021, 0x0021, 0x0021, 0x0020, 0x0021, 0x0021,
  0x0021, 0x0021, 0x0021, 0x0021, 0x0021, 0x0021, 0x0021, 0x0020, 0x0021, 0x0021, 0x0021, 0x0021,
  0x0021, 0x0021, 0x0021, 0x0021, 0x0021, 0x0021, 0x0021, 0x0021, 0x0021, 0x0021, 0x0021, 0x0021,
  0x0021, 0x0021, 0x0021, 0x0021, 0x0021, 0x0021, 0x0021, 0x0021, 0x0021, 0x0021, 0x0021, 0x0021,
  0x0021, 0x0021, 0x0021, 0x0021, 0x0021, 0x0021, 0x0021, 0x0021, 0x0021, 0x0021, 0x0021, 0x0021,
  0x0021, 0x0021, 0x0021, 0x0020, 0x0021, 0x0021, 0x0021, 0x0021, 0x0020, 0x0020, 0x0021, 0x0021,
  0x0021, 0x0021, 0x0021, 0x0021, 0x0021, 0x0021, 0x0021, 0x0021, 0x0021, 0x0021, 0x0021, 0x0021,
  0x0021, 0x0021, 0x0021, 0x0020, 0x0021, 0x0021, 0x0021, 0x0021, 0x0021, 0x0020, 0x91E7, 0xA227,
  0x91E6, 0xCAA9, 0xA207, 0x4903, 0x5124, 0x8185, 0xB227, 0xBA68, 0xB289, 0xBB0A, 0xD36C, 0xEBAD,
  0xFBCD, 0xEB4B, 0xBAA9, 0x81C6, 0x3082, 0x2944, 0xDE56, 0x944E, 0x2924, 0x2104, 0x2124, 0x3165,
  0x5227, 0x7B6B, 0xA48F, 0xBD73, 0xBD52, 0x8C0E, 0x5AA9, 0x2103, 0x0000, 0x0000, 0x0000, 0x0000,
  0x0841, 0x0841, 0x0041, 0x0021, 0x0021, 0x0020, 0x0020, 0x0020, 0x0020, 0x0021, 0x0020, 0x0021,
  0x0021, 0x0021, 0x0021, 0x0021, 0x0021, 0x0021, 0x0020, 0x0021, 0x0021, 0x0021, 0x0021, 0x0021,
  0x0021, 0x0021, 0x0021, 0x0021, 0x0021, 0x0021, 0x0021, 0x0021, 0x0021, 0x0021, 0x0021, 0x0021,
  0x0021, 0x0021, 0x0021, 0x0021, 0x0021, 0x0021, 0x0021, 0x0021, 0x0021, 0x0021, 0x0021, 0x0021,
  0x0021, 0x0021, 0x0021, 0x0021, 0x0021, 0x0021, 0x0021, 0x0021, 0x0021, 0x0021, 0x0021, 0x0021,
  0x0021, 0x0021, 0x0021, 0x0021, 0x0021, 0x0021, 0x0021, 0x0021, 0x0021, 0x0021, 0x0021, 0x0021,
  0x0021, 0x0021, 0x0021, 0x0021, 0x0021, 0x0021, 0x0021, 0x0021, 0x0021, 0x0020, 0x0021, 0x0021,
  0x0021, 0x0021, 0x0021, 0x0021, 0x0021, 0x0021, 0x0021, 0x0021, 0x0020, 0x0021, 0x0020, 0x0020,
  0x0021, 0x0020, 0x0020, 0x0021, 0x0020, 0x0021, 0x0021, 0x0021, 0x0021, 0x0021, 0x0021, 0x0021,
  0x0021, 0x0021, 0x0021, 0x0021, 0x0020, 0x0021, 0x0021, 0x0021, 0x0020, 0x0021, 0x0021, 0x0841,
  0x0000, 0x6985, 0xF38C, 0xB2C9, 0x58E3, 0xC289, 0xAA47, 0x30E3, 0x2924, 0x2924, 0x2904, 0x5124,
  0x7185, 0x99E6, 0xB227, 0xBA88, 0xBAC9, 0xC30B, 0xDB8C, 0xFB8C, 0xA2C9, 0xCDF4, 0xACD1, 0x3164,
  0x1904, 0x2945, 0x2145, 0x2125, 0x2104, 0x2104, 0x2924, 0x41C6, 0x62A9, 0x8BCD, 0xB511, 0xBD72,
  0xA4D0, 0x734B, 0x39C6, 0x1081, 0x0000, 0x0000, 0x0000, 0x0021, 0x0841, 0x0041, 0x0021, 0x0021,
  0x0021, 0x0021, 0x0021, 0x0020, 0x0020, 0x0020, 0x0021, 0x0021, 0x0021, 0x0021, 0x0021, 0x0021,
  0x0021, 0x0021, 0x0021, 0x0021, 0x0021, 0x0021, 0x0021, 0x0021, 0x0021, 0x0021, 0x0021, 0x0021,
  0x0021, 0x0021, 0x0021, 0x0021, 0x0021, 0x0021, 0x0021, 0x0021, 0x0021, 0x0021, 0x0021, 0x0021,
  0x0021, 0x0020, 0x0021, 0x0021, 0x0021, 0x0021, 0x0020, 0x0021, 0x0021, 0x0021, 0x0021, 0x0021,
  0x0021, 0x0021, 0x0021, 0x0021, 0x0021, 0x0021, 0x0021, 0x0020, 0x0021, 0x0021, 0x0021, 0x0021,
  0x0021, 0x0021, 0x0021, 0x0021, 0x0021, 0x0021, 0x0021, 0x0021, 0x0021, 0x0021, 0x0021, 0x0021,
  0x0021, 0x0021, 0x0021, 0x0021, 0x0020, 0x0021, 0x0021, 0x0021, 0x0021, 0x0020, 0x0020, 0x0021,
  0x0021, 0x0020, 0x0021, 0x0021, 0x0020, 0x0021, 0x0021, 0x0021, 0x0021, 0x0021, 0x0021, 0x0021,
  0x0021, 0x0021, 0x0021, 0x0021, 0x0021, 0x0021, 0x0021, 0x0021, 0x0020, 0x0021, 0x0021, 0x0021,
  0x0021, 0x0020, 0x0841, 0x0000, 0x3904, 0xFBAC, 0xD36C, 0x6964, 0x48C2, 0xC288, 0x9A07, 0x28A2,
  0x4965, 0x4165, 0x2125, 0x1924, 0x1904, 0x2104, 0x3924, 0x6144, 0x8985, 0xB227, 0xB207, 0x71C6,
  0xBD93, 0xB532, 0x39A5, 0x2104, 0x2945, 0x2145, 0x2145, 0x2945, 0x2945, 0x2945, 0x2145, 0x2124,
  0x2104, 0x2124, 0x3165, 0x5247, 0x7B6B, 0xA48F, 0xBD52, 0xB532, 0x942E, 0x5AA9, 0x2104, 0x0000,
  0x0000, 0x0000, 0x0000, 0x0841, 0x0841, 0x0021, 0x0021, 0x0021, 0x0021, 0x0020, 0x0020, 0x0021,
  0x0021, 0x0021, 0x0021, 0x0021, 0x0021, 0x0021, 0x0021, 0x0021, 0x0021, 0x0021, 0x0021, 0x0021,
  0x0021, 0x0021, 0x0021, 0x0021, 0x0021, 0x0021, 0x0021, 0x0021, 0x0021, 0x0021, 0x0021, 0x0021,
  0x0021, 0x0021, 0x0021, 0x0021, 0x0021, 0x0021, 0x0021, 0x0020, 0x0020, 0x0021, 0x0021, 0x0021,
  0x0021, 0x0021, 0x0021, 0x0021, 0x0021, 0x0021, 0x0021, 0x0021, 0x0021, 0x0021, 0x0021, 0x0021,
  0x0020, 0x0021, 0x0021, 0x0021, 0x0021, 0x0021, 0x0021, 0x0021, 0x0021, 0x0021, 0x0021, 0x0021,
  0x0021, 0x0021, 0x0021, 0x0021, 0x0021, 0x0021, 0x0020, 0x0021, 0x0021, 0x0021, 0x0021, 0x0021,
  0x0020, 0x0021, 0x0021, 0x0021, 0x0021, 0x0021, 0x0020, 0x0021, 0x0021, 0x0020, 0x0020, 0x0020,
  0x0021, 0x0021, 0x0021, 0x0021, 0x0021, 0x0021, 0x0021, 0x0021, 0x0021, 0x0021, 0x0021, 0x0021,
  0x0021, 0x0021, 0x0021, 0x0020, 0x0020, 0x0021, 0x0020, 0x1061, 0xD32B, 0xEBCD, 0x9A27, 0x28C2,
  0x3903, 0xBA47, 0x91C6, 0x30C3, 0x1925, 0x2145, 0x2945, 0x2945, 0x2945, 0x2945, 0x2145, 0x1924,
  0x1904, 0x2904, 0x4924, 0xBD32, 0xBD52, 0x41E6, 0x2104, 0x2945, 0x2945, 0x2945, 0x2945, 0x2145,
  0x2145, 0x2145, 0x2945, 0x2945, 0x2945, 0x2145, 0x2125, 0x2124, 0x2104, 0x2924, 0x39A6, 0x62A9,
  0x8BED, 0xB511, 0xBD72, 0xA4D0, 0x734B, 0x39C6, 0x1081, 0x0000, 0x0000, 0x0000, 0x0021, 0x0841,
  0x0041, 0x0020, 0x0020, 0x0020, 0x0021, 0x0021, 0x0020, 0x0021, 0x0021, 0x0021, 0x0021, 0x0021,
  0x0021, 0x0021, 0x0021, 0x0021, 0x0021, 0x0021, 0x0021, 0x0021, 0x0021, 0x0021, 0x0021, 0x0021,
  0x0021, 0x0021, 0x0021, 0x0021, 0x0021, 0x0021, 0x0021, 0x0021, 0x0021, 0x0021, 0x0021, 0x0021,
  0x0020, 0x0021, 0x0021, 0x0021, 0x0021, 0x0021, 0x0021, 0x0021, 0x0021, 0x0021, 0x0021, 0x0021,
  0x0021, 0x0021, 0x0021, 0x0021, 0x0021, 0x0021, 0x0021, 0x0021, 0x0021, 0x0021, 0x0021, 0x0021,
  0x0021, 0x0021, 0x0021, 0x0021, 0x0021, 0x0021, 0x0021, 0x0021, 0x0021, 0x0021, 0x0020, 0x0021,
  0x0021, 0x0021, 0x0021, 0x0021, 0x0021, 0x0021, 0x0021, 0x0021, 0x0020, 0x0021, 0x0020, 0x0020,
  0x0021, 0x0021, 0x0021, 0x0021, 0x0021, 0x0021, 0x0021, 0x0021, 0x0021, 0x0021, 0x0021, 0x0021,
  0x0021, 0x0021, 0x0021, 0x0021, 0x0020, 0x0020, 0x0021, 0x0020, 0x0021, 0x0821, 0x0000, 0x9A68,
  0xFBCD, 0xA289, 0x5903, 0x2924, 0x4924, 0xAA06, 0x89A5, 0x3903, 0x2145, 0x2125, 0x2945, 0x2945,
  0x2945, 0x2945, 0x2945, 0x2965, 0x2965, 0x10C3, 0x9CD0, 0xC5D4, 0x4A06, 0x20E4, 0x2945, 0x2945,
  0x2945, 0x2945, 0x2945, 0x2945, 0x2945, 0x2145, 0x2945, 0x2945, 0x2945, 0x2945, 0x2945, 0x2945,
  0x2945, 0x2145, 0x2124, 0x2104, 0x2104, 0x3165, 0x4A27, 0x734B, 0xA48F, 0xBD52, 0xB532, 0x8C0E,
  0x5A88, 0x2103, 0x0000, 0x0000, 0x0000, 0x0020, 0x0841, 0x0021, 0x0020, 0x0021, 0x0021, 0x0021,
  0x0021, 0x0020, 0x0021, 0x0021, 0x0021, 0x0021, 0x0021, 0x0021, 0x0021, 0x0021, 0x0021, 0x0021,
  0x0020, 0x0021, 0x0021, 0x0021, 0x0021, 0x0021, 0x0021, 0x0021, 0x0021, 0x0021, 0x0021, 0x0021,
  0x0021, 0x0021, 0x0021, 0x0021, 0x0020, 0x0021, 0x0021, 0x0021, 0x0021, 0x0021, 0x0021, 0x0021,
  0x0021, 0x0021, 0x0021, 0x0021, 0x0021, 0x0021, 0x0021, 0x0021, 0x0021, 0x0021, 0x0021, 0x0021,
  0x0021, 0x0021, 0x0021, 0x0021, 0x0021, 0x0021, 0x0021, 0x0021, 0x0021, 0x0021, 0x0021, 0x0021,
  0x0021, 0x0020, 0x0021, 0x0021, 0x0021, 0x0021, 0x0021, 0x0021, 0x0021, 0x0021, 0x0021, 0x0020,
  0x0020, 0x0021, 0x0020, 0x0021, 0x0021, 0x0021, 0x0021, 0x0021, 0x0021, 0x0021, 0x0021, 0x0021,
  0x0021, 0x0021, 0x0021, 0x0021, 0x0021, 0x0021, 0x0021, 0x0021, 0x0021, 0x0020, 0x0021, 0x0021,
  0x0841, 0x0000, 0x61A6, 0xFBCD, 0xC32B, 0x6924, 0x28E3, 0x3903, 0x4103, 0xB207, 0x91A5, 0x30C3,
  0x3985, 0x3145, 0x2125, 0x2945, 0x2945, 0x2945, 0x2945, 0x2945, 0x18E4, 0x9C90, 0xCDF4, 0x5248,
  0x2104, 0x2945, 0x2945, 0x2945, 0x2945, 0x2945, 0x2945, 0x2945, 0x2145, 0x2145, 0x2145, 0x2145,
  0x2945, 0x2145, 0x2145, 0x2145, 0x2145, 0x2945, 0x2945, 0x2945, 0x2945, 0x2125, 0x2104, 0x2104,
  0x2944, 0x41C6, 0x62A9, 0x8BED, 0xACF1, 0xBD72, 0xA4D0, 0x734B, 0x39C6, 0x0861, 0x0000, 0x0000,
  0x0021, 0x0020, 0x0021, 0x0021, 0x0021, 0x0021, 0x0020, 0x0021, 0x0021, 0x0020, 0x0021, 0x0021,
  0x0021, 0x0021, 0x0021, 0x0020, 0x0021, 0x0021, 0x0021, 0x0021, 0x0021, 0x0021, 0x0021, 0x0021,
  0x0021, 0x0021, 0x0021, 0x0021, 0x0021, 0x0021, 0x0021, 0x0021, 0x0020, 0x0020, 0x0021, 0x0021,
  0x0021, 0x0021, 0x0021, 0x0021, 0x0021, 0x0021, 0x0021, 0x0021, 0x0021, 0x0021, 0x0021, 0x0021,
  0x0021, 0x0021, 0x0021, 0x0021, 0x0021, 0x0021, 0x0021, 0x0021, 0x0021, 0x0021, 0x0021, 0x0021,
  0x0021, 0x0021, 0x0021, 0x0021, 0x0021, 0x0021, 0x0021, 0x0021, 0x0021, 0x0021, 0x0021, 0x0021,
  0x0021, 0x0020, 0x0021, 0x0021, 0x0021, 0x0021, 0x0021, 0x0021, 0x0021, 0x0021, 0x0021, 0x0021,
  0x0021, 0x0021, 0x0021, 0x0021, 0x0021, 0x0021, 0x0021, 0x0021, 0x0021, 0x0021, 0x0021, 0x0021,
  0x0021, 0x0021, 0x0021, 0x0841, 0x0000, 0x30E3, 0xF38C, 0xDB8C, 0x89A5, 0x20C3, 0x18E4, 0x20C3,
  0x4903, 0x91C5, 0x7964, 0x1061, 0x5144, 0x3945, 0x2145, 0x2945, 0x2145, 0x2945, 0x2965, 0x18C3,
  0x736C, 0xCDF5, 0x4A27, 0x10A2, 0x2125, 0x2945, 0x2965, 0x2945, 0x2945, 0x2145, 0x2945, 0x2945,
  0x2945, 0x2945, 0x2145, 0x2145, 0x2145, 0x2145, 0x2145, 0x2145, 0x2145, 0x2945, 0x2945, 0x2945,
  0x2945, 0x2945, 0x2945, 0x2945, 0x2145, 0x2125, 0x2104, 0x2124, 0x3185, 0x5248, 0x7B8C, 0xA4B0,
  0xBD52, 0x944E, 0x83CD, 0x18C2, 0x0000, 0x0021, 0x0020, 0x0020, 0x0021, 0x0021, 0x0020, 0x0021,
  0x0021, 0x0021, 0x0021, 0x0021, 0x0021, 0x0021, 0x0021, 0x0021, 0x0021, 0x0021, 0x0021, 0x0021,
  0x0021, 0x0021, 0x0021, 0x0021, 0x0021, 0x0021, 0x0021, 0x0021, 0x0021, 0x0021, 0x0021, 0x0021,
  0x0020, 0x0021, 0x0020, 0x0021, 0x0021, 0x0021, 0x0021, 0x0021, 0x0021, 0x0021, 0x0021, 0x0021,
  0x0021, 0x0021, 0x0021, 0x0021, 0x0021, 0x0021, 0x0021, 0x0021, 0x0021, 0x0021, 0x0021, 0x0021,
  0x0021, 0x0021, 0x0021, 0x0021, 0x0021, 0x0021, 0x0021, 0x0021, 0x0021, 0x0021, 0x0021, 0x0021,
  0x0020, 0x0021, 0x0021, 0x0021, 0x0021, 0x0021, 0x0021, 0x0021, 0x0021, 0x0021, 0x0021, 0x0021,
  0x0021, 0x0021, 0x0021, 0x0021, 0x0021, 0x0021, 0x0021, 0x0021, 0x0021, 0x0021, 0x0021, 0x0021,
  0x0020, 0x0021, 0x0021, 0x0021, 0x0021, 0x0021, 0x0021, 0x0020, 0x0841, 0xCB0A, 0xEBAD, 0x9A27,
  0x38C3, 0x1904, 0x2104, 0x30E3, 0x20A2, 0x2945, 0x20E3, 0x2104, 0x1904, 0x2124, 0x2104, 0x2124,
  0x2945, 0x2945, 0x2125, 0x39C6, 0xACB0, 0xACD0, 0x942E, 0x62CA, 0x39E7, 0x2104, 0x18E3, 0x1904,
  0x2145, 0x2965, 0x2945, 0x2945, 0x2945, 0x2945, 0x2945, 0x2145, 0x2145, 0x2145, 0x2145, 0x2145,
  0x2145, 0x2945, 0x2945, 0x2945, 0x2945, 0x2945, 0x2945, 0x2945, 0x2945, 0x2945, 0x2945, 0x2945,
  0x2125, 0x2124, 0x2104, 0x2924, 0x4A07, 0xCDD4, 0xBD52, 0x3144, 0x0000, 0x0041, 0x0021, 0x0021,
  0x0021, 0x0020, 0x0021, 0x0021, 0x0020, 0x0020, 0x0021, 0x0021, 0x0021, 0x0021, 0x0021, 0x0021,
  0x0021, 0x0021, 0x0021, 0x0021, 0x0021, 0x0021, 0x0021, 0x0021, 0x0021, 0x0021, 0x0021, 0x0021,
  0x0021, 0x0021, 0x0021, 0x0021, 0x0020, 0x0021, 0x0021, 0x0021, 0x0021, 0x0021, 0x0021, 0x0021,
  0x0021, 0x0021, 0x0021, 0x0021, 0x0021, 0x0021, 0x0021, 0x0021, 0x0021, 0x0021, 0x0021, 0x0021,
  0x0021, 0x0021, 0x0021, 0x0021, 0x0021, 0x0021, 0x0021, 0x0021, 0x0021, 0x0021, 0x0021, 0x0021,
  0x0021, 0x0021, 0x0021, 0x0021, 0x0021, 0x0021, 0x0021, 0x0021, 0x0020, 0x0021, 0x0021, 0x0021,
  0x0021, 0x0021, 0x0021, 0x0021, 0x0021, 0x0021, 0x0021, 0x0021, 0x0021, 0x0021, 0x0021, 0x0020,
  0x0021, 0x0020, 0x0021, 0x0020, 0x0021, 0x0021, 0x0020, 0x0021, 0x0021, 0x0021, 0x0841, 0x0000,
  0x9248, 0xFBCD, 0xAAA9, 0x50E3, 0x10E4, 0x2104, 0x2124, 0x10A2, 0x5247, 0x2124, 0x2104, 0x3186,
  0x4208, 0x4208, 0x31A7, 0x3186, 0x2124, 0x2124, 0x18E4, 0x39C6, 0x9C6E, 0xA4AF, 0xBD31, 0xC573,
  0xBD52, 0x9C8F, 0x736C, 0x4A48, 0x2945, 0x18E4, 0x18E4, 0x2125, 0x2945, 0x2945, 0x2945, 0x2145,
  0x2145, 0x2145, 0x2145, 0x2145, 0x2145, 0x2145, 0x2945, 0x2945, 0x2945, 0x2945, 0x2945, 0x2945,
  0x2945, 0x2945, 0x2945, 0x2945, 0x2945, 0x2965, 0x2945, 0x2124, 0xBD73, 0xB532, 0x6AE9, 0x10A2,
  0x0000, 0x0841, 0x0821, 0x0021, 0x0020, 0x0020, 0x0020, 0x0021, 0x0021, 0x0021, 0x0021, 0x0021,
  0x0021, 0x0021, 0x0020, 0x0021, 0x0021, 0x0021, 0x0021, 0x0020, 0x0021, 0x0021, 0x0021, 0x0020,
  0x0021, 0x0021, 0x0021, 0x0021, 0x0021, 0x0021, 0x0021, 0x0021, 0x0021, 0x0021, 0x0021, 0x0021,
  0x0021, 0x0021, 0x0021, 0x0021, 0x0021, 0x0021, 0x0021, 0x0020, 0x0021, 0x0021, 0x0021, 0x0021,
  0x0021, 0x0021, 0x0021, 0x0021, 0x0021, 0x0021, 0x0021, 0x0021, 0x0021, 0x0021, 0x0021, 0x0021,
  0x0021, 0x0021, 0x0021, 0x0021, 0x0021, 0x0021, 0x0021, 0x0021, 0x0021, 0x0021, 0x0021, 0x0021,
  0x0021, 0x0021, 0x0021, 0x0020, 0x0021, 0x0021, 0x0021, 0x0021, 0x0021, 0x0021, 0x0021, 0x0021,
  0x0021, 0x0021, 0x0021, 0x0021, 0x0021, 0x0021, 0x0020, 0x0021, 0x0021, 0x0020, 0x0021, 0x0020,
  0x0020, 0x0841, 0x0000, 0x5145, 0xFBCD, 0xC32B, 0x6944, 0x18E3, 0x2104, 0x2124, 0x10A3, 0x5AA9,
  0x5268, 0x18C3, 0x2124, 0x18E3, 0x20E3, 0x4A28, 0x41E7, 0x39E7, 0x39E7, 0x39C7, 0x2986, 0x2904,
  0x8A07, 0x7A88, 0x734A, 0x940D, 0xA48F, 0xB511, 0xC573, 0xBD73, 0xACF1, 0x8BEE, 0x62CA, 0x39A6,
  0x1904, 0x18C3, 0x2104, 0x2145, 0x2945, 0x2945, 0x2145, 0x2145, 0x2145, 0x2145, 0x2145, 0x2945,
  0x2945, 0x2945, 0x2945, 0x2945, 0x2945, 0x2945, 0x2945, 0x2945, 0x2945, 0x2965, 0x18E4, 0xA4D0,
  0xCDD4, 0x730A, 0x59C5, 0x2041, 0x0841, 0x0000, 0x0000, 0x0020, 0x0021, 0x0821, 0x0021, 0x0021,
  0x0021, 0x0021, 0x0021, 0x0021, 0x0021, 0x0021, 0x0020, 0x0021, 0x0021, 0x0021, 0x0021, 0x0021,
  0x0020, 0x0020, 0x0021, 0x0021, 0x0021, 0x0021, 0x0021, 0x0021, 0x0021, 0x0021, 0x0021, 0x0021,
  0x0021, 0x0021, 0x0021, 0x0021, 0x0021, 0x0021, 0x0021, 0x0021, 0x0021, 0x0021, 0x0021, 0x0021,
  0x0021, 0x0021, 0x0021, 0x0021, 0x0021, 0x0021, 0x0021, 0x0021, 0x0021, 0x0021, 0x0021, 0x0021,
  0x0021, 0x0021, 0x0021, 0x0021, 0x0021, 0x0020, 0x0021, 0x0021, 0x0021, 0x0021, 0x0021, 0x0021,
  0x0021, 0x0021, 0x0021, 0x0021, 0x0021, 0x0021, 0x0021, 0x0020, 0x0021, 0x0021, 0x0021, 0x0021,
  0x0020, 0x0021, 0x0021, 0x0021, 0x0021, 0x0021, 0x0021, 0x0021, 0x0020, 0x0021, 0x0021, 0x0021,
  0x0021, 0x0021, 0x0020, 0x0020, 0x0021, 0x0000, 0x2082, 0xAA68, 0xB2EA, 0x89C6, 0x28C3, 0x1904,
  0x2104, 0x10C3, 0x41E6, 0x6B2A, 0x10E4, 0x2966, 0x2945, 0x3165, 0x732B, 0xCDB3, 0xACD0, 0x8BED,
  0x62C9, 0x4207, 0x39C7, 0x41C6, 0xD2C9, 0x9227, 0x7BAB, 0x7B6B, 0x730A, 0x732A, 0x83AC, 0x9C2E,
  0xA4B0, 0xBD52, 0xBD72, 0xB552, 0x9C90, 0x734B, 0x4207, 0x2945, 0x18E3, 0x18E4, 0x2125, 0x2945,
  0x2945, 0x2945, 0x2145, 0x2945, 0x2945, 0x2945, 0x2945, 0x2945, 0x2945, 0x2945, 0x2945, 0x2945,
  0x2965, 0x18C3, 0x8BEE, 0xD635, 0x7B4B, 0x62A8, 0x69A5, 0x8985, 0xC289, 0x9A07, 0x5124, 0x1861,
  0x0000, 0x0000, 0x0000, 0x0021, 0x0841, 0x0821, 0x0021, 0x0021, 0x0021, 0x0021, 0x0020, 0x0021,
  0x0021, 0x0021, 0x0021, 0x0021, 0x0021, 0x0021, 0x0021, 0x0020, 0x0021, 0x0021, 0x0021, 0x0021,
  0x0021, 0x0021, 0x0021, 0x0021, 0x0020, 0x0020, 0x0021, 0x0021, 0x0020, 0x0021, 0x0021, 0x0021,
  0x0021, 0x0021, 0x0021, 0x0021, 0x0021, 0x0021, 0x0021, 0x0021, 0x0021, 0x0021, 0x0021, 0x0021,
  0x0021, 0x0021, 0x0021, 0x0021, 0x0021, 0x0021, 0x0021, 0x0021, 0x0021, 0x0021, 0x0021, 0x0021,
  0x0021, 0x0021, 0x0021, 0x0021, 0x0021, 0x0021, 0x0021, 0x0020, 0x0021, 0x0021, 0x0021, 0x0021,
  0x0021, 0x0021, 0x0021, 0x0021, 0x0021, 0x0021, 0x0021, 0x0020, 0x0021, 0x0020, 0x0021, 0x0021,
  0x0021, 0x0021, 0x0021, 0x0021, 0x0021, 0x0021, 0x0021, 0x0021, 0x0020, 0x0841, 0xC2CA, 0xEBCD,
  0x89E6, 0x38C3, 0x1904, 0x2104, 0x18E4, 0x2924, 0x7B6B, 0x2124, 0x59C6, 0x39A6, 0x3186, 0x5A88,
  0xC5B3, 0xC5B3, 0xCDB3, 0xCDF4, 0xCDD3, 0xBD52, 0x9C6F, 0x6AA9, 0xCA89, 0x9268, 0x942E, 0xB4CF,
  0xA4AF, 0x944E, 0x83AC, 0x6B09, 0x6A68, 0x834B, 0x940D, 0xA46E, 0xB511, 0xBD72, 0xBD73, 0xACF1,
  0x83CD, 0x5A89, 0x3185, 0x18E4, 0x18E4, 0x2104, 0x2945, 0x2945, 0x2945, 0x2945, 0x2945, 0x2945,
  0x2945, 0x2945, 0x2945, 0x2965, 0x18E4, 0x6B0B, 0xDE35, 0x7B8C, 0x6AC9, 0x83CC, 0x8206, 0x7985,
  0xAA68, 0xEB8C, 0xFBCD, 0xE32B, 0xB268, 0x7185, 0x30A2, 0x0020, 0x0000, 0x0000, 0x0020, 0x0841,
  0x0841, 0x0021, 0x0021, 0x0020, 0x0020, 0x0841, 0x0821, 0x0021, 0x0021, 0x0021, 0x0021, 0x0020,
  0x0021, 0x0021, 0x0021, 0x0021, 0x0021, 0x0021, 0x0021, 0x0021, 0x0020, 0x0021, 0x0021, 0x0021,
  0x0021, 0x0021, 0x0021, 0x0021, 0x0021, 0x0021, 0x0021, 0x0021, 0x0021, 0x0021, 0x0021, 0x0021,
  0x0021, 0x0021, 0x0021, 0x0021, 0x0021, 0x0021, 0x0021, 0x0021, 0x0021, 0x0021, 0x0021, 0x0021,
  0x0021, 0x0021, 0x0021, 0x0021, 0x0021, 0x0021, 0x0021, 0x0021, 0x0021, 0x0021, 0x0021, 0x0021,
  0x0021, 0x0021, 0x0021, 0x0021, 0x0021, 0x0021, 0x0021, 0x0020, 0x0021, 0x0021, 0x0021, 0x0020,
  0x0020, 0x0021, 0x0021, 0x0021, 0x0021, 0x0021, 0x0021, 0x0021, 0x0021, 0x0021, 0x0021, 0x0841,
  0x0000, 0x8A07, 0xFBCD, 0xB2C9, 0x6103, 0x18E3, 0x2104, 0x2104, 0x18C3, 0x7B4B, 0x39A6, 0x2945,
  0x71C6, 0x4186, 0x4227, 0xACF0, 0xCDD3, 0xC5B3, 0xC5B3, 0xC593, 0xC5B3, 0xCDB3, 0xDE35, 0x9C0E,
  0xC227, 0x92A9, 0x930A, 0x9227, 0x9B0A, 0xAC0D, 0xB4AF, 0xA4AF, 0xAAC9, 0xA1E6, 0x6AC9, 0x730A,
  0x732A, 0x83CC, 0x9C4E, 0xACAF, 0xB531, 0xBD52, 0xB511, 0x946F, 0x6B0A, 0x41E7, 0x2124, 0x18E3,
  0x1904, 0x2125, 0x2965, 0x2965, 0x2945, 0x2945, 0x2965, 0x18E4, 0x4A28, 0xDE76, 0x8C0E, 0x5A88,
  0x7B6B, 0x942E, 0x79E6, 0x6903, 0x89A5, 0xB268, 0xC2EA, 0xC32B, 0xE3AD, 0xF3AD, 0xF38C, 0xD2EA,
  0x91E7, 0x4903, 0x1861, 0x0000, 0x0000, 0x0020, 0x0020, 0x0861, 0x0841, 0x0000, 0x0000, 0x0020,
  0x0021, 0x0021, 0x0021, 0x0020, 0x0020, 0x0021, 0x0021, 0x0021, 0x0021, 0x0021, 0x0020, 0x0020,
  0x0021, 0x0020, 0x0021, 0x0021, 0x0021, 0x0021, 0x0021, 0x0021, 0x0021, 0x0021, 0x0021, 0x0021,
  0x0021, 0x0021, 0x0021, 0x0021, 0x0021, 0x0021, 0x0021, 0x0021, 0x0021, 0x0021, 0x0021, 0x0021,
  0x0021, 0x0021, 0x0021, 0x0021, 0x0021, 0x0021, 0x0021, 0x0021, 0x0021, 0x0021, 0x0021, 0x0021,
  0x0021, 0x0021, 0x0021, 0x0021, 0x0021, 0x0021, 0x0021, 0x0021, 0x0021, 0x0021, 0x0020, 0x0021,
  0x0021, 0x0021, 0x0021, 0x0020, 0x0021, 0x0021, 0x0021, 0x0021, 0x0020, 0x0021, 0x0021, 0x0020,
  0x0021, 0x0021, 0x0841, 0x0000, 0x4924, 0xFBAD, 0xCB4C, 0x6124, 0x38C2, 0x28E3, 0x2124, 0x10A3,
  0x62E9, 0x5268, 0x2104, 0x39C7, 0x29A6, 0x39A6, 0x944E, 0xD614, 0xC5B3, 0xCDD4, 0xCDD3, 0xCDD4,
  0xCDD3, 0xCDB3, 0xCDF4, 0x93ED, 0xCA68, 0x9AC9, 0x92E9, 0x3861, 0x1000, 0x38C2, 0x7185, 0x82C9,
  0xB30A, 0xBA88, 0x93ED, 0xACAF, 0x940D, 0x838C, 0x6B09, 0x6AE9, 0x7B4B, 0x940D, 0xACB0, 0xB4F1,
  0xBD52, 0xBD52, 0xA4D0, 0x83AD, 0x5269, 0x3165, 0x18E4, 0x18E4, 0x2124, 0x2965, 0x2125, 0x31A6,
  0xCDF4, 0x9C6F, 0x62C9, 0x7B4B, 0x9C2E, 0x8BED, 0x79C6, 0x28A2, 0x2903, 0x6144, 0x89A5, 0xAA06,
  0xB248, 0xBA89, 0xC30A, 0xD36C, 0xEBAD, 0xFBAD, 0xEB4B, 0xB268, 0x6965, 0x2882, 0x0841, 0xB2EA,
  0xCB0A, 0x8A48, 0x4944, 0x1861, 0x0020, 0x0021, 0x0021, 0x0021, 0x0021, 0x0021, 0x0020, 0x0021,
  0x0021, 0x0021, 0x0021, 0x0020, 0x0021, 0x0021, 0x0021, 0x0021, 0x0021, 0x0021, 0x0020, 0x0021,
  0x0021, 0x0021, 0x0021, 0x0021, 0x0021, 0x0021, 0x0021, 0x0021, 0x0021, 0x0021, 0x0021, 0x0021,
  0x0021, 0x0021, 0x0021, 0x0021, 0x0021, 0x0021, 0x0021, 0x0021, 0x0021, 0x0021, 0x0021, 0x0021,
  0x0021, 0x0021, 0x0021, 0x0021, 0x0021, 0x0021, 0x0021, 0x0021, 0x0021, 0x0021, 0x0021, 0x0021,
  0x0021, 0x0021, 0x0021, 0x0020, 0x0020, 0x0021, 0x0021, 0x0021, 0x0021, 0x0021, 0x0021, 0x0021,
  0x0021, 0x0021, 0x0021, 0x0021, 0x0020, 0x0021, 0x0000, 0x1882, 0xE34B, 0xE3AC, 0x89C6, 0x38E3,
  0x5944, 0x2904, 0x10A3, 0x4207, 0x734B, 0x1904, 0x39C7, 0x3186, 0x39A6, 0x7B8C, 0xD635, 0xCDD3,
  0xCDD4, 0xCDF4, 0xCDF4, 0xCDF4, 0xCDD4, 0xCDD4, 0xD615, 0x9C2E, 0xC288, 0x9288, 0x92EA, 0x40A2,
  0x0000, 0x0000, 0x0000, 0x61A5, 0xBAEA, 0xBA48, 0x836B, 0x9C4F, 0xACB0, 0xACD0, 0xA48F, 0x940D,
  0x83AC, 0x7B6B, 0x730A, 0x72E9, 0x8BCC, 0xA48F, 0xACD0, 0xBD52, 0xBD52, 0xB511, 0x944F, 0x62EA,
  0x39E7, 0x2104, 0x2965, 0xBD93, 0xAD11, 0x62A9, 0x730A, 0x940D, 0x93ED, 0x8C0D, 0x81C6, 0x28C3,
  0x1904, 0x1904, 0x1904, 0x2904, 0x4924, 0x7165, 0x99C6, 0xB227, 0xBA88, 0xC2EA, 0xCB4B, 0xDB6C,
  0xF36C, 0xC2A9, 0xA2EA, 0xFB8C, 0xF36B, 0xFBAC, 0xF36C, 0xDB8C, 0x4124, 0x0000, 0x0021, 0x0021,
  0x0021, 0x0021, 0x0021, 0x0021, 0x0021, 0x0021, 0x0021, 0x0020, 0x0021, 0x0021, 0x0021, 0x0021,
  0x0021, 0x0021, 0x0021, 0x0021, 0x0021, 0x0021, 0x0021, 0x0021, 0x0021, 0x0021, 0x0021, 0x0021,
  0x0021, 0x0021, 0x0021, 0x0021, 0x0021, 0x0021, 0x0021, 0x0020, 0x0021, 0x0021, 0x0021, 0x0021,
  0x0021, 0x0021, 0x0021, 0x0020, 0x0021, 0x0021, 0x0021, 0x0021, 0x0021, 0x0021, 0x0021, 0x0021,
  0x0021, 0x0021, 0x0021, 0x0021, 0x0021, 0x0021, 0x0021, 0x0021, 0x0021, 0x0020, 0x0020, 0x0021,
  0x0021, 0x0021, 0x0021, 0x0020, 0x0021, 0x0021, 0x0020, 0x0021, 0x0021, 0x0021, 0x0000, 0xB289,
  0xF3ED, 0xA268, 0x40E3, 0x1904, 0x48C2, 0x20E3, 0x2944, 0x7B4B, 0x2945, 0x31A7, 0x31A6, 0x39A6,
  0x5AA9, 0xCDD4, 0xD614, 0xD614, 0xD615, 0xCDF4, 0xD614, 0xD5F4, 0xD615, 0xCDF4, 0xD655, 0x9C4F,
  0xC248, 0x8A88, 0x9B2A, 0x40A2, 0x0000, 0x0020, 0x0000, 0x61A6, 0xBAEA, 0xBA28, 0x8BED, 0x7B8C,
  0x41E6, 0x62C9, 0x8BCC, 0xA4B0, 0xB4F1, 0xACD0, 0x9C4E, 0x7A88, 0x99E6, 0x6207, 0x6B0A, 0x838B,
  0x940D, 0xACB0, 0xB511, 0xBD52, 0xBD52, 0x9C6F, 0xA4B0, 0xBD73, 0x6B0A, 0x6AE9, 0x93ED, 0x93ED,
  0x93ED, 0x8BED, 0x81E6, 0x28C3, 0x1904, 0x2104, 0x2945, 0x2145, 0x1925, 0x1904, 0x2104, 0x3924,
  0x6164, 0x8985, 0xA1C6, 0xAA27, 0xBA89, 0x8A27, 0xBB6C, 0xD36C, 0xE3AD, 0xEB6C, 0xEBAD, 0xBB0B,
  0x50E2, 0x0000, 0x0821, 0x0021, 0x0021, 0x0021, 0x0021, 0x0021, 0x0021, 0x0021, 0x0021, 0x0021,
  0x0020, 0x0021, 0x0021, 0x0020, 0x0021, 0x0021, 0x0020, 0x0021, 0x0021, 0x0021, 0x0021, 0x0021,
  0x0021, 0x0021, 0x0021, 0x0021, 0x0021, 0x0021, 0x0021, 0x0020, 0x0021, 0x0021, 0x0021, 0x0021,
  0x0021, 0x0021, 0x0021, 0x0020, 0x0021, 0x0021, 0x0021, 0x0021, 0x0021, 0x0021, 0x0021, 0x0021,
  0x0021, 0x0021, 0x0021, 0x0021, 0x0021, 0x0021, 0x0021, 0x0021, 0x0020, 0x0021, 0x0020, 0x0021,
  0x0021, 0x0021, 0x0021, 0x0020, 0x0021, 0x0021, 0x0021, 0x0020, 0x0020, 0x0021, 0x0021, 0x0021,
  0x0841, 0x0000, 0x79A6, 0xFBED, 0xBB0A, 0x5903, 0x18E3, 0x1904, 0x3903, 0x20A2, 0x83AC, 0x39A6,
  0x2965, 0x31A7, 0x39C7, 0x4A07, 0xBD52, 0xD635, 0xCDF4, 0xD615, 0xD615, 0xCDF4, 0xCDF5, 0xD635,
  0xD615, 0xD615, 0xDE76, 0x9C0E, 0xC207, 0x92A8, 0x9B2B, 0x3881, 0x0000, 0x0000, 0x0000, 0x61A5,
  0xBB0A, 0xBA48, 0x8BCD, 0x732A, 0x0840, 0x0000, 0x0861, 0x3165, 0x5A88, 0x7B6B, 0x942D, 0xA3CC,
  0xD268, 0x8288, 0x946E, 0x838B, 0x730A, 0x730A, 0x7B4A, 0x8BED, 0x9C6F, 0xB532, 0x9C4E, 0x6AE9,
  0x6AE9, 0x8BCC, 0x93ED, 0x93ED, 0x940D, 0x8BED, 0x81C6, 0x28C3, 0x1904, 0x20E4, 0x2125, 0x2945,
  0x2945, 0x2945, 0x2945, 0x2145, 0x1924, 0x1904, 0x20E3, 0x4924, 0x81A6, 0x81A5, 0xC248, 0xBA89,
  0xBAA9, 0xC30A, 0xAB0B, 0xA1C6, 0x50E3, 0x0000, 0x0021, 0x0020, 0x0021, 0x0021, 0x0021, 0x0021,
  0x0021, 0x0021, 0x0021, 0x0021, 0x0020, 0x0020, 0x0021, 0x0021, 0x0021, 0x0021, 0x0021, 0x0021,
  0x0021, 0x0021, 0x0021, 0x0021, 0x0021, 0x0021, 0x0021, 0x0021, 0x0021, 0x0021, 0x0021, 0x0021,
  0x0021, 0x0021, 0x0021, 0x0021, 0x0021, 0x0021, 0x0021, 0x0020, 0x0020, 0x0021, 0x0021, 0x0021,
  0x0021, 0x0021, 0x0021, 0x0021, 0x0021, 0x0021, 0x0021, 0x0021, 0x0021, 0x0021, 0x0021, 0x0021,
  0x0021, 0x0021, 0x0021, 0x0021, 0x0021, 0x0021, 0x0021, 0x0021, 0x0021, 0x0020, 0x0021, 0x0021,
  0x0021, 0x0021, 0x0020, 0x0841, 0x0000, 0x3903, 0xFBAD, 0xD36C, 0x7965, 0x18C3, 0x2104, 0x2124,
  0x2082, 0x62A8, 0x4A48, 0x2945, 0x39C7, 0x31A6, 0x41C6, 0x9C8F, 0xDE55, 0xCDF4, 0xD635, 0xD635,
  0xD635, 0xD635, 0xD615, 0xD615, 0xD615, 0xD5F4, 0xDE76, 0x9C0E, 0xC227, 0x92A9, 0x8AA9, 0x58E3,
  0x1020, 0x0000, 0x0000, 0x5985, 0xB2C9, 0xB227, 0x8BCD, 0x732B, 0x1081, 0x0000, 0x0000, 0x0000,
  0x0000, 0x41C6, 0x9C8F, 0x9B4B, 0xD228, 0x8AEA, 0x9C2E, 0xA40D, 0xACAF, 0xA4AF, 0x8BED, 0x7B4B,
  0x732A, 0x7B0A, 0x732A, 0x49A5, 0x838B, 0x940D, 0x93ED, 0x93ED, 0x93ED, 0x8BED, 0x81C6, 0x28C3,
  0x18E4, 0x20E4, 0x2125, 0x2945, 0x2945, 0x2945, 0x2945, 0x2945, 0x2945, 0x2945, 0x3145, 0x59A6,
  0x1124, 0x5945, 0xD288, 0xBA68, 0xCA68, 0xCA88, 0x9A06, 0xB1E6, 0x5103, 0x0000, 0x0821, 0x0020,
  0x0021, 0x0021, 0x0021, 0x0021, 0x0021, 0x0021, 0x0021, 0x0021, 0x0020, 0x0021, 0x0021, 0x0021,
  0x0021, 0x0021, 0x0021, 0x0021, 0x0021, 0x0021, 0x0021, 0x0021, 0x0021, 0x0021, 0x0021, 0x0021,
  0x0021, 0x0021, 0x0021, 0x0021, 0x0020, 0x0021, 0x0021, 0x0021, 0x0021, 0x0021, 0x0021, 0x0021,
  0x0021, 0x0021, 0x0021, 0x0021, 0x0021, 0x0021, 0x0021, 0x0021, 0x0021, 0x0021, 0x0021, 0x0021,
  0x0021, 0x0021, 0x0021, 0x0021, 0x0021, 0x0021, 0x0021, 0x0021, 0x0021, 0x0021, 0x0021, 0x0021,
  0x0021, 0x0021, 0x0021, 0x0020, 0x0020, 0x0020, 0x0021, 0x0020, 0x1041, 0xDB0B, 0xEBCD, 0x9206,
  0x28C3, 0x1904, 0x2104, 0x10A3, 0x4A27, 0x6B0A, 0x10C3, 0x71E6, 0x61C6, 0x2986, 0x7B8C, 0xD635,
  0xCDF4, 0xD615, 0xD635, 0xD635, 0xD635, 0xD635, 0xD615, 0xD615, 0xD615, 0xD5F4, 0xDE76, 0xA44F,
  0xC248, 0x9268, 0x834B, 0xAAEA, 0xAA68, 0x89C6, 0x50E3, 0x69C6, 0xB2A9, 0xB207, 0x93ED, 0x734B,
  0x1081, 0x0000, 0x0000, 0x0020, 0x0000, 0x41C6, 0xA4B0, 0x9B4B, 0xD248, 0x8B0A, 0x9B4B, 0x89A5,
  0x8A68, 0xA36C, 0xB44E, 0xB4AF, 0x9C8F, 0x9A68, 0x99E6, 0x6985, 0x8BAC, 0x940D, 0x93ED, 0x93ED,
  0x940D, 0x8BED, 0x79C6, 0x28C3, 0x1904, 0x20E4, 0x2104, 0x2945, 0x2945, 0x2945, 0x2945, 0x2945,
  0x2945, 0x2945, 0x3145, 0x4144, 0x2145, 0x5985, 0x89C6, 0xA247, 0x91E6, 0xB247, 0xAA27, 0xA9E6,
  0x50E3, 0x0000, 0x0021, 0x0020, 0x0021, 0x0021, 0x0021, 0x0021, 0x0021, 0x0021, 0x0021, 0x0021,
  0x0020, 0x0021, 0x0021, 0x0021, 0x0021, 0x0021, 0x0021, 0x0021, 0x0021, 0x0021, 0x0021, 0x0021,
  0x0021, 0x0021, 0x0021, 0x0021, 0x0021, 0x0021, 0x0021, 0x0021, 0x0020, 0x0021, 0x0021, 0x0021,
  0x0021, 0x0021, 0x0021, 0x0021, 0x0021, 0x0021, 0x0021, 0x0021, 0x0021, 0x0021, 0x0021, 0x0021,
  0x0021, 0x0021, 0x0021, 0x0021, 0x0021, 0x0021, 0x0021, 0x0021, 0x0021, 0x0021, 0x0021, 0x0021,
  0x0020, 0x0021, 0x0021, 0x0021, 0x0021, 0x0020, 0x0021, 0x0021, 0x0021, 0x0020, 0x0841, 0x0000,
  0x9248, 0xFBEE, 0xA268, 0x40C3, 0x18E4, 0x2104, 0x18C3, 0x3165, 0x83AC, 0x2125, 0x39C7, 0x3186,
  0x39A6, 0x62CA, 0xCDF4, 0xD615, 0xD615, 0xD635, 0xD635, 0xD635, 0xD635, 0xD635, 0xD635, 0xD635,
  0xD615, 0xD615, 0xDE76, 0x9C0E, 0xB1E6, 0x8A27, 0xA4AF, 0xA4AF, 0xA44E, 0xABED, 0xB30A, 0x8A68,
  0xAA89, 0xA9E6, 0x8BED, 0x734B, 0x1081, 0x0000, 0x0000, 0x0000, 0x0000, 0x41C6, 0x9C6F, 0x932A,
  0xD268, 0x82E9, 0xA36C, 0x4881, 0x0000, 0x2041, 0x5124, 0x8206, 0x8B4B, 0xAB0A, 0xD2CA, 0x81C5,
  0x8BAC, 0x940D, 0x940D, 0x93ED, 0x940D, 0x8BED, 0x79C6, 0x20A2, 0x18E3, 0x18E3, 0x1904, 0x2945,
  0x2945, 0x2945, 0x2945, 0x2945, 0x2945, 0x2945, 0x2965, 0x2145, 0x2945, 0x28E3, 0xBA89, 0xEBAD,
  0x81C6, 0x99C5, 0xAA27, 0xA9E6, 0x50E3, 0x0000, 0x0021, 0x0020, 0x0020, 0x0021, 0x0021, 0x0021,
  0x0021, 0x0021, 0x0021, 0x0021, 0x0020, 0x0021, 0x0021, 0x0021, 0x0021, 0x0021, 0x0021, 0x0021,
  0x0021, 0x0021, 0x0021, 0x0021, 0x0021, 0x0021, 0x0021, 0x0021, 0x0021, 0x0021, 0x0021, 0x0021,
  0x0021, 0x0021, 0x0021, 0x0021, 0x0021, 0x0021, 0x0021, 0x0021, 0x0021, 0x0021, 0x0021, 0x0021,
  0x0021, 0x0021, 0x0021, 0x0021, 0x0021, 0x0021, 0x0021, 0x0021, 0x0021, 0x0021, 0x0021, 0x0021,
  0x0021, 0x0020, 0x0021, 0x0021, 0x0021, 0x0021, 0x0021, 0x0021, 0x0021, 0x0021, 0x0020, 0x0021,
  0x0020, 0x0841, 0x0000, 0x5144, 0xC30A, 0xAAA9, 0x6944, 0x10C3, 0x2104, 0x2104, 0x18C3, 0x7B8B,
  0x39A6, 0x2986, 0x39C7, 0x39C7, 0x4A27, 0xBD72, 0xDE56, 0xD615, 0xD635, 0xD635, 0xD615, 0xD615,
  0xD635, 0xD615, 0xD635, 0xD615, 0xD615, 0xD635, 0xCDF4, 0x732B, 0x8B0A, 0x7A68, 0x8BCD, 0xA46E,
  0xACD0, 0xACF0, 0xACD0, 0x9C8F, 0xAAC9, 0xAA06, 0x93ED, 0x734B, 0x1081, 0x0000, 0x0000, 0x0000,
  0x0000, 0x39C6, 0x944E, 0x932A, 0xCA68, 0x82C9, 0x9B2B, 0x48A2, 0x0000, 0x0000, 0x0000, 0x2020,
  0x8AEA, 0xAB0A, 0xCAA9, 0x81C5, 0x8BAC, 0x940D, 0x940D, 0x940D, 0x940D, 0x93ED, 0x61A5, 0x2904,
  0x2965, 0x2124, 0x2104, 0x2125, 0x2124, 0x2125, 0x2945, 0x2945, 0x2945, 0x2945, 0x2945, 0x3165,
  0x1904, 0x8228, 0xFBED, 0xB2A9, 0x48C2, 0x89A5, 0xA206, 0xA1E6, 0x50E3, 0x0000, 0x0021, 0x0020,
  0x0020, 0x0020, 0x0021, 0x0021, 0x0021, 0x0021, 0x0021, 0x0021, 0x0020, 0x0020, 0x0021, 0x0021,
  0x0021, 0x0021, 0x0021, 0x0021, 0x0021, 0x0020, 0x0021, 0x0021, 0x0021, 0x0021, 0x0021, 0x0021,
  0x0021, 0x0021, 0x0021, 0x0021, 0x0020, 0x0021, 0x0021, 0x0021, 0x0021, 0x0021, 0x0021, 0x0021,
  0x0021, 0x0021, 0x0021, 0x0021, 0x0021, 0x0021, 0x0021, 0x0021, 0x0021, 0x0021, 0x0021, 0x0021,
  0x0021, 0x0021, 0x0021, 0x0021, 0x0021, 0x0020, 0x0020, 0x0021, 0x0021, 0x0021, 0x0021, 0x0021,
  0x0021, 0x0021, 0x0020, 0x0021, 0x0821, 0x0000, 0x30C3, 0xF36C, 0xCB4B, 0x6123, 0x20E3, 0x1904,
  0x2104, 0x1082, 0x6B0A, 0x4A48, 0x2945, 0x39C7, 0x31A7, 0x41E6, 0x9C8F, 0xDE56, 0xD615, 0xD615,
  0xD615, 0xD615, 0xD635, 0xD635, 0xD615, 0xCDF4, 0xD615, 0xD615, 0xD615, 0xD635, 0xCDD4, 0x62C9,
  0x734B, 0x83CD, 0x83AC, 0x8BCD, 0x8BED, 0x940E, 0xA46F, 0x9C8F, 0xB2C9, 0xA9E6, 0x8BCC, 0x734B,
  0x1081, 0x0000, 0x0000, 0x0000, 0x0000, 0x39A6, 0x944E, 0x9B4B, 0xCA27, 0x82C9, 0xA36C, 0x48A2,
  0x0000, 0x0000, 0x0000, 0x2041, 0x932B, 0xB32B, 0xCA88, 0x79A5, 0x8BCC, 0x940D, 0x940D, 0x940D,
  0x9C2E, 0x7B6B, 0x6288, 0x41C6, 0x39A6, 0x2945, 0x39C7, 0x39C7, 0x31A6, 0x3186, 0x2945, 0x2124,
  0x2124, 0x2145, 0x3945, 0x5985, 0x4986, 0xFB4C, 0xCB4C, 0x7164, 0x10A2, 0x81A5, 0x99E6, 0xA9E6,
  0x48E3, 0x0000, 0x0821, 0x0020, 0x0021, 0x0020, 0x0020, 0x0021, 0x0021, 0x0021, 0x0021, 0x0021,
  0x0020, 0x0020, 0x0021, 0x0021, 0x0021, 0x0021, 0x0021, 0x0021, 0x0021, 0x0021, 0x0021, 0x0021,
  0x0021, 0x0021, 0x0021, 0x0021, 0x0021, 0x0021, 0x0021, 0x0021, 0x0020, 0x0021, 0x0020, 0x0021,
  0x0021, 0x0021, 0x0021, 0x0021, 0x0021, 0x0021, 0x0021, 0x0021, 0x0021, 0x0020, 0x0021, 0x0021,
  0x0021, 0x0021, 0x0021, 0x0020, 0x0021, 0x0021, 0x0021, 0x0021, 0x0021, 0x0021, 0x0021, 0x0021,
  0x0020, 0x0021, 0x0020, 0x0021, 0x0021, 0x0020, 0x0020, 0x0021, 0x0020, 0x0841, 0xD2EA, 0xEBCD,
  0x9207, 0x40C2, 0x1904, 0x2124, 0x10A3, 0x5248, 0x6B0A, 0x2104, 0x39C7, 0x31A7, 0x39A6, 0x7BAC,
  0xDE55, 0xD5F4, 0xD615, 0xD614, 0xD635, 0xD635, 0xD635, 0xD635, 0xD635, 0xD615, 0xD635, 0xD615,
  0xD615, 0xD615, 0xD615, 0xBD93, 0x944F, 0x7B8C, 0x6B0A, 0x732A, 0x838C, 0x83AC, 0x8BED, 0x83CC,
  0x92A9, 0x9185, 0x83AC, 0x734B, 0x1081, 0x0000, 0x0000, 0x0020, 0x0000, 0x39A5, 0x944E, 0x9B4B,
  0xCA27, 0x82EA, 0xA38C, 0x40A2, 0x0000, 0x0000, 0x0000, 0x2841, 0x932B, 0xAB0A, 0xC268, 0x79A5,
  0x8BCC, 0x940D, 0x940D, 0x9C2D, 0x83AC, 0x732A, 0x5A88, 0x732A, 0x93ED, 0x9C4E, 0x942E, 0x62EA,
  0x4207, 0x39E7, 0x39C7, 0x39C7, 0x31A6, 0x2945, 0x18E3, 0x2924, 0xDB4B, 0xEB8C, 0x89E6, 0x38E3,
  0x28E3, 0x89A5, 0x99E6, 0xA1C6, 0x50E3, 0x1041, 0x0020, 0x0021, 0x0021, 0x0021, 0x0020, 0x0021,
  0x0021, 0x0021, 0x0021, 0x0021, 0x0020, 0x0021, 0x0020, 0x0021, 0x0021, 0x0021, 0x0021, 0x0021,
  0x0021, 0x0021, 0x0021, 0x0020, 0x0021, 0x0020, 0x0021, 0x0021, 0x0021, 0x0021, 0x0020, 0x0021,
  0x0021, 0x0021, 0x0021, 0x0020, 0x0021, 0x0021, 0x0021, 0x0021, 0x0021, 0x0021, 0x0021, 0x0021,
  0x0021, 0x0021, 0x0021, 0x0021, 0x0021, 0x0021, 0x0020, 0x0020, 0x0020, 0x0021, 0x0021, 0x0021,
  0x0021, 0x0021, 0x0021, 0x0021, 0x0020, 0x0021, 0x0021, 0x0020, 0x0021, 0x0020, 0x0021, 0x0841,
  0x0000, 0x9A28, 0xFBCD, 0xA289, 0x5103, 0x40E3, 0x2104, 0x18E4, 0x3185, 0x7B6C, 0x1924, 0x31C7,
  0x31A6, 0x39A6, 0x62C9, 0xD614, 0xD615, 0xD615, 0xD615, 0xD615, 0xD635, 0xD635, 0xD635, 0xD635,
  0xD635, 0xD635, 0xD635, 0xD635, 0xD615, 0xD635, 0xD615, 0xD635, 0xDE76, 0xDE55, 0xC5B3, 0xA4B0,
  0x83CD, 0x732A, 0x732A, 0x7B4B, 0x7B8B, 0x7B2B, 0x734B, 0x732A, 0x1061, 0x0000, 0x0000, 0x0000,
  0x0000, 0x39A5, 0x944E, 0x932A, 0xCA27, 0x8AEA, 0x9B6B, 0x6903, 0x2061, 0x0000, 0x0000, 0x1841,
  0x932A, 0xA2EA, 0xC288, 0x79C6, 0x8BCC, 0x940D, 0x940D, 0x8BAC, 0x732A, 0x6288, 0x62A9, 0x942D,
  0xACF0, 0xDE55, 0xDE76, 0xDE35, 0xC5B3, 0x9C90, 0x734B, 0x4A48, 0x41E7, 0x4208, 0x2986, 0x9A07,
  0xFBCD, 0xAA89, 0x40E3, 0x3124, 0x38E3, 0x8185, 0x99C6, 0x8164, 0x91E6, 0x9A07, 0x0000, 0x0021,
  0x0021, 0x0021, 0x0021, 0x0021, 0x0021, 0x0021, 0x0021, 0x0021, 0x0020, 0x0020, 0x0020, 0x0021,
  0x0021, 0x0021, 0x0021, 0x0021, 0x0021, 0x0021, 0x0021, 0x0021, 0x0021, 0x0021, 0x0020, 0x0020,
  0x0020, 0x0020, 0x0021, 0x0021, 0x0021, 0x0021, 0x0021, 0x0021, 0x0021, 0x0021, 0x0021, 0x0021,
  0x0021, 0x0021, 0x0021, 0x0021, 0x0021, 0x0021, 0x0021, 0x0021, 0x0021, 0x0021, 0x0021, 0x0021,
  0x0021, 0x0020, 0x0020, 0x0021, 0x0021, 0x0021, 0x0021, 0x0021, 0x0021, 0x0021, 0x0021, 0x0020,
  0x0021, 0x0020, 0x0841, 0x0000, 0x5944, 0xFBCD, 0xC32B, 0x5903, 0x4124, 0x4903, 0x18E4, 0x2104,
  0x83AC, 0x3186, 0x4985, 0x41A6, 0x31A7, 0x4207, 0xBD52, 0xD635, 0xD5F4, 0xD615, 0xD635, 0xD635,
  0xDE56, 0xD635, 0xD635, 0xD635, 0xD635, 0xD635, 0xD635, 0xD635, 0xD635, 0xD635, 0xD615, 0xD615,
  0xD615, 0xD615, 0xD635, 0xDE76, 0xDE56, 0xCDF4, 0xB511, 0x8C0E, 0x732A, 0x62C9, 0x5A68, 0x5247,
  0x5A68, 0x6B0A, 0x4A06, 0x20E3, 0x0020, 0x39A5, 0x942E, 0x930A, 0xCA48, 0x8AEA, 0x9C0E, 0xA2C9,
  0xAA88, 0x91E6, 0x6124, 0x48C2, 0x8B2A, 0xAB0A, 0xCAA9, 0x79C5, 0x8BAC, 0x940D, 0x8BCC, 0x732B,
  0x6AE9, 0x5A88, 0x940D, 0xA48F, 0xD615, 0xD5F4, 0xCDF4, 0xD614, 0xD635, 0xDE55, 0xDE56, 0xCDF4,
  0xB531, 0x7BCD, 0x7227, 0xFB8C, 0xC30A, 0x6924, 0x18C3, 0x2104, 0x10C3, 0x7164, 0x7964, 0x7965,
  0xC2CA, 0x8185, 0x0020, 0x0021, 0x0021, 0x0020, 0x0020, 0x0021, 0x0021, 0x0021, 0x0021, 0x0021,
  0x0020, 0x0021, 0x0021, 0x0021, 0x0021, 0x0021, 0x0021, 0x0021, 0x0021, 0x0021, 0x0021, 0x0020,
  0x0021, 0x0021, 0x0021, 0x0021, 0x0020, 0x0021, 0x0021, 0x0021, 0x0021, 0x0021, 0x0021, 0x0021,
  0x0021, 0x0020, 0x0021, 0x0021, 0x0021, 0x0021, 0x0021, 0x0020, 0x0021, 0x0021, 0x0021, 0x0021,
  0x0021, 0x0021, 0x0021, 0x0020, 0x0021, 0x0020, 0x0020, 0x0021, 0x0021, 0x0021, 0x0021, 0x0021,
  0x0020, 0x0021, 0x0021, 0x0021, 0x0021, 0x0021, 0x0000, 0x20A2, 0xEB4B, 0xDB8C, 0x81A5, 0x20C3,
  0x20E3, 0x4103, 0x1082, 0x732A, 0x5268, 0x2145, 0x69A6, 0x4985, 0x39E7, 0x9C6F, 0xDE56, 0xD615,
  0xD615, 0xD615, 0xD635, 0xD635, 0xD656, 0xD635, 0xD615, 0xD615, 0xD635, 0xD635, 0xD635, 0xD635,
  0xD635, 0xD635, 0xD635, 0xD635, 0xD615, 0xD615, 0xD635, 0xD615, 0xD615, 0xDE55, 0xDE76, 0xDE76,
  0xD635, 0xBD73, 0x9C6F, 0x6B0A, 0x7B6B, 0x8BED, 0x942E, 0x940D, 0x7B6B, 0x6AEA, 0x7B6B, 0x82C9,
  0xC247, 0x92C9, 0xAD11, 0xA4AF, 0x9C4E, 0xA3CC, 0xB36B, 0xAA68, 0x8B2A, 0xAB2A, 0xC289, 0x79A5,
  0x8BAC, 0x93ED, 0x6AEA, 0x6AE9, 0x5247, 0x8BED, 0x9C6F, 0xCDF4, 0xD615, 0xD615, 0xD615, 0xD635,
  0xD615, 0xCDF4, 0xD5F4, 0xD615, 0xDE96, 0x9C0E, 0xE32B, 0xE3CD, 0x81A5, 0x20C3, 0x1904, 0x18E4,
  0x20C3, 0x30E3, 0x6923, 0xBAA9, 0xAA48, 0x8164, 0x0020, 0x0021, 0x0021, 0x0021, 0x0021, 0x0021,
  0x0021, 0x0021, 0x0021, 0x0021, 0x0020, 0x0020, 0x0021, 0x0021, 0x0021, 0x0021, 0x0021, 0x0021,
  0x0021, 0x0021, 0x0021, 0x0021, 0x0021, 0x0020, 0x0020, 0x0020, 0x0021, 0x0021, 0x0021, 0x0021,
  0x0021, 0x0021, 0x0021, 0x0021, 0x0021, 0x0021, 0x0021, 0x0021, 0x0020, 0x0021, 0x0021, 0x0021,
  0x0021, 0x0021, 0x0021, 0x0020, 0x0021, 0x0020, 0x0021, 0x0021, 0x0021, 0x0021, 0x0020, 0x0020,
  0x0021, 0x0021, 0x0021, 0x0021, 0x0021, 0x0021, 0x0021, 0x0021, 0x0021, 0x0020, 0x0020, 0xC2CA,
  0xF3CD, 0x9A07, 0x38C3, 0x1904, 0x2104, 0x38A2, 0x5248, 0x6B0A, 0x2104, 0x39A7, 0x2986, 0x3185,
  0x7B8C, 0xDE56, 0xD614, 0xD615, 0xD615, 0xD615, 0xD635, 0xD635, 0xD635, 0xD615, 0xD615, 0xD635,
  0xD635, 0xD635, 0xD635, 0xD615, 0xD615, 0xD635, 0xD635, 0xD615, 0xD635, 0xD635, 0xD635, 0xD635,
  0xD635, 0xD635, 0xD615, 0xD615, 0xD635, 0xDE56, 0xDE76, 0xDE56, 0xCDD4, 0xA4D0, 0x83CD, 0x7B6B,
  0x83AC, 0x732A, 0x5A68, 0x8BCD, 0x932A, 0x72C9, 0x8BED, 0x9C4E, 0xACD0, 0xACF0, 0xACF0, 0xA46E,
  0x944E, 0xAAE9, 0xC288, 0x7185, 0x8BAC, 0x7B6B, 0x732A, 0x4A27, 0x83AC, 0x9C2E, 0xCDD4, 0xD635,
  0xD615, 0xD615, 0xD615, 0xD635, 0xD615, 0xD615, 0xD614, 0xDE76, 0xA4D1, 0xAA48, 0xF38C, 0xA248,
  0x38C2, 0x10E4, 0x2104, 0x2104, 0x28C2, 0x5924, 0xE34B, 0xAA68, 0xA1E6, 0x30A2, 0x0000, 0x0021,
  0x0021, 0x0021, 0x0021, 0x0021, 0x0021, 0x0021, 0x0021, 0x0021, 0x0021, 0x0021, 0x0021, 0x0021,
  0x0021, 0x0021, 0x0021, 0x0021, 0x0021, 0x0021, 0x0021, 0x0021, 0x0020, 0x0020, 0x0021, 0x0020,
  0x0021, 0x0021, 0x0021, 0x0021, 0x0021, 0x0021, 0x0021, 0x0020, 0x0021, 0x0021, 0x0021, 0x0021,
  0x0021, 0x0021, 0x0020, 0x0020, 0x0021, 0x0021, 0x0021, 0x0020, 0x0021, 0x0021, 0x0021, 0x0020,
  0x0021, 0x0021, 0x0021, 0x0021, 0x0021, 0x0021, 0x0021, 0x0021, 0x0020, 0x0021, 0x0021, 0x0020,
  0x0841, 0x0000, 0x89E7, 0xFBCD, 0xB2A9, 0x48E3, 0x10E3, 0x2124, 0x18C3, 0x3944, 0x7B8C, 0x2104,
  0x31A6, 0x31A6, 0x39A6, 0x62CA, 0xCE14, 0xD615, 0xD615, 0xD615, 0xD635, 0xD635, 0xD635, 0xD635,
  0xD635, 0xD635, 0xD635, 0xD635, 0xD615, 0xD635, 0xD635, 0xD635, 0xD635, 0xD635, 0xD615, 0xD635,
  0xD635, 0xD635, 0xD635, 0xD635, 0xD635, 0xD635, 0xD635, 0xD635, 0xD635, 0xD615, 0xD615, 0xD635,
  0xDE56, 0xDE76, 0xDE56, 0xCDF4, 0xB512, 0x8BED, 0x62C9, 0x730A, 0x6B2A, 0x7B8B, 0x8BED, 0x8BED,
  0x8BED, 0x8BCC, 0x9C2D, 0xA48F, 0xA4AF, 0xAAEA, 0xC268, 0x79A5, 0x6AC9, 0x734B, 0x5247, 0x7B8B,
  0x9C4E, 0xC593, 0xD635, 0xD615, 0xD615, 0xD615, 0xD635, 0xD635, 0xD615, 0xD615, 0xDE35, 0xC5D4,
  0x92A9, 0xFB8C, 0xBAEA, 0x5903, 0x10E3, 0x20E4, 0x2104, 0x18E4, 0x2082, 0xC268, 0xBAEA, 0xA1E6,
  0x5903, 0x0000, 0x0021, 0x0021, 0x0021, 0x0021, 0x0021, 0x0021, 0x0021, 0x0021, 0x0021, 0x0020,
  0x0020, 0x0021, 0x0021, 0x0021, 0x0021, 0x0021, 0x0021, 0x0021, 0x0021, 0x0021, 0x0021, 0x0021,
  0x0021, 0x0021, 0x0020, 0x0021, 0x0021, 0x0021, 0x0021, 0x0021, 0x0021, 0x0021, 0x0020, 0x0021,
  0x0021, 0x0021, 0x0021, 0x0021, 0x0021, 0x0021, 0x0021, 0x0021, 0x0020, 0x0021, 0x0021, 0x0021,
  0x0021, 0x0021, 0x0021, 0x0021, 0x0021, 0x0021, 0x0021, 0x0021, 0x0021, 0x0020, 0x0021, 0x0021,
  0x0020, 0x0020, 0x0021, 0x0841, 0x0000, 0x5124, 0xFBCD, 0xCB2B, 0x6924, 0x18C3, 0x2104, 0x2104,
  0x18C3, 0x7B8B, 0x3186, 0x2966, 0x31A6, 0x39A6, 0x4A27, 0xBD72, 0xDE35, 0xD615, 0xD635, 0xD635,
  0xD635, 0xD635, 0xD635, 0xD635, 0xD635, 0xD635, 0xD635, 0xD635, 0xD635, 0xD635, 0xD635, 0xD635,
  0xD635, 0xD635, 0xD615, 0xD635, 0xD635, 0xD635, 0xD635, 0xD635, 0xD635, 0xD635, 0xD635, 0xD635,
  0xD635, 0xD635, 0xD635, 0xD635, 0xD615, 0xD615, 0xD615, 0xD635, 0xDE56, 0xDE56, 0xD635, 0xBD72,
  0x9C4E, 0x7B8C, 0x6B0A, 0x730A, 0x7B6B, 0x8BCC, 0x940D, 0x8BCC, 0x7BAC, 0x8A47, 0xB227, 0x6964,
  0x6B0A, 0x5247, 0x730A, 0x9C2E, 0xBD72, 0xDE55, 0xD615, 0xD615, 0xD615, 0xD615, 0xD635, 0xD615,
  0xD614, 0xD615, 0xDE76, 0x834B, 0xCAEA, 0xDB8C, 0x7964, 0x18C3, 0x2104, 0x20E4, 0x2104, 0x10A2,
  0xAA27, 0xCB2B, 0xA207, 0x8164, 0x0020, 0x0021, 0x0021, 0x0021, 0x0021, 0x0021, 0x0021, 0x0021,
  0x0021, 0x0021, 0x0020, 0x0020, 0x0021, 0x0021, 0x0021, 0x0021, 0x0021, 0x0021, 0x0021, 0x0021,
  0x0021, 0x0021, 0x0021, 0x0021, 0x0021, 0x0021, 0x0020, 0x0021, 0x0021, 0x0021, 0x0021, 0x0020,
  0x0021, 0x0021, 0x0021, 0x0020, 0x0020, 0x0021, 0x0021, 0x0021, 0x0021, 0x0020, 0x0020, 0x0021,
  0x0021, 0x0021, 0x0021, 0x0021, 0x0021, 0x0021, 0x0021, 0x0021, 0x0021, 0x0021, 0x0021, 0x0021,
  0x0021, 0x0021, 0x0021, 0x0021, 0x0021, 0x0020, 0x0021, 0x0020, 0x1041, 0xA248, 0xCB4B, 0x89A5,
  0x20A2, 0x18E4, 0x2104, 0x1082, 0x6AEA, 0x4A28, 0x2945, 0x31A6, 0x3186, 0x39A6, 0x9C8F, 0xDE76,
  0xD615, 0xD635, 0xD635, 0xD635, 0xD635, 0xD635, 0xD656, 0xD635, 0xD635, 0xD635, 0xD635, 0xD635,
  0xD635, 0xD635, 0xD635, 0xD635, 0xD635, 0xD635, 0xD635, 0xD635, 0xD635, 0xD656, 0xD635, 0xD635,
  0xD635, 0xD635, 0xD635, 0xD635, 0xD635, 0xD635, 0xD635, 0xD635, 0xD615, 0xD635, 0xD635, 0xD615,
  0xD615, 0xD615, 0xD615, 0xDE35, 0xDE76, 0xDE56, 0xC5D4, 0xA4D0, 0x8BED, 0x734B, 0x732A, 0x7B4A,
  0x7B8B, 0x838C, 0x8B2B, 0x7B4B, 0x5A88, 0x62A9, 0x9C4E, 0xBD52, 0xD635, 0xD614, 0xD635, 0xD635,
  0xD635, 0xD615, 0xD635, 0xD615, 0xD615, 0xDE76, 0xA4B0, 0x8A07, 0xAAC9, 0x99E6, 0x30C3, 0x18E4,
  0x20E4, 0x2104, 0x10C3, 0x79A5, 0xEB8C, 0xA248, 0xA1C5, 0x1841, 0x0020, 0x0021, 0x0021, 0x0021,
  0x0021, 0x0021, 0x0021, 0x0021, 0x0021, 0x0021, 0x0021, 0x0021, 0x0021, 0x0021, 0x0021, 0x0021,
  0x0021, 0x0021, 0x0021, 0x0021, 0x0021, 0x0021, 0x0021, 0x0021, 0x0021, 0x0021, 0x0021, 0x0021,
  0x0021, 0x0021, 0x0021, 0x0021, 0x0021, 0x0020, 0x0020, 0x0021, 0x0021, 0x0021, 0x0021, 0x0021,
  0x0021, 0x0020, 0x0021, 0x0021, 0x0021, 0x0021, 0x0021, 0x0021, 0x0021, 0x0021, 0x0021, 0x0021,
  0x0021, 0x0020, 0x0020, 0x0021, 0x0021, 0x0021, 0x0021, 0x0020, 0x0020, 0x0021, 0x0021, 0x0020,
  0xAA68, 0xD34B, 0x81C6, 0x40E3, 0x10E4, 0x2104, 0x1082, 0x5247, 0x6B2B, 0x10E4, 0x31A7, 0x31A6,
  0x39A6, 0x7B8C, 0xDE76, 0xD615, 0xD635, 0xD635, 0xD635, 0xD635, 0xD635, 0xD635, 0xD635, 0xD635,
  0xD635, 0xD635, 0xD635, 0xD635, 0xD635, 0xD635, 0xD635, 0xD635, 0xD635, 0xD635, 0xD635, 0xD635,
  0xD635, 0xD635, 0xD635, 0xD635, 0xD635, 0xD635, 0xD635, 0xD635, 0xD635, 0xD635, 0xD635, 0xD635,
  0xD635, 0xD635, 0xD635, 0xD615, 0xD635, 0xD635, 0xD615, 0xD615, 0xD615, 0xD615, 0xDE55, 0xDE76,
  0xDE76, 0xCDF4, 0xB511, 0x942E, 0x7B6B, 0x730A, 0x734B, 0x5248, 0x62C9, 0xBD52, 0xCDD4, 0xD635,
  0xD615, 0xD615, 0xD615, 0xD615, 0xD635, 0xD635, 0xD635, 0xD615, 0xDE56, 0xB593, 0x9268, 0xF3AC,
  0x9A48, 0x38A2, 0x1904, 0x2104, 0x2104, 0x18E4, 0x40E3, 0xDB0A, 0xAA89, 0xA9E6, 0x38C2, 0x0000,
  0x0021, 0x0020, 0x0020, 0x0021, 0x0021, 0x0021, 0x0021, 0x0021, 0x0021, 0x0021, 0x0020, 0x0020,
  0x0021, 0x0021, 0x0021, 0x0021, 0x0021, 0x0021, 0x0021, 0x0021, 0x0021, 0x0021, 0x0021, 0x0021,
  0x0021, 0x0021, 0x0021, 0x0021, 0x0020, 0x0021, 0x0021, 0x0021, 0x0021, 0x0021, 0x0021, 0x0021,
  0x0021, 0x0021, 0x0021, 0x0021, 0x0020, 0x0021, 0x0021, 0x0021, 0x0021, 0x0021, 0x0021, 0x0021,
  0x0021, 0x0021, 0x0021, 0x0021, 0x0021, 0x0021, 0x0021, 0x0021, 0x0021, 0x0021, 0x0020, 0x0020,
  0x0021, 0x0841, 0x0000, 0x79C6, 0xFBED, 0xB2EA, 0x48C2, 0x18E3, 0x2104, 0x18C3, 0x3165, 0x7B6B,
  0x18E3, 0x69E7, 0x51C6, 0x31A6, 0x5AA9, 0xCDF4, 0xD635, 0xD615, 0xD615, 0xD635, 0xD635, 0xD635,
  0xD635, 0xD635, 0xD635, 0xD615, 0xD635, 0xD635, 0xD635, 0xD635, 0xD635, 0xD635, 0xD635, 0xD635,
  0xD635, 0xD635, 0xD635, 0xD635, 0xD635, 0xD635, 0xD635, 0xD635, 0xD615, 0xD635, 0xD635, 0xD615,
  0xD635, 0xD635, 0xD635, 0xD635, 0xD635, 0xD635, 0xD635, 0xD635, 0xD635, 0xD635, 0xD635, 0xD635,
  0xD635, 0xD635, 0xD635, 0xD615, 0xD615, 0xD635, 0xDE56, 0xDE76, 0xD656, 0xBD93, 0x9C6F, 0x83AC,
  0xCDF4, 0xDE56, 0xD635, 0xD615, 0xD615, 0xD615, 0xD615, 0xD615, 0xD615, 0xD635, 0xD635, 0xD615,
  0xD635, 0x8B4B, 0xEB2B, 0xCB4B, 0x6923, 0x28A2, 0x2104, 0x2104, 0x1904, 0x20A2, 0xC288, 0xBB0A,
  0xA1E6, 0x6944, 0x0000, 0x0021, 0x0021, 0x0021, 0x0021, 0x0021, 0x0021, 0x0021, 0x0021, 0x0021,
  0x0021, 0x0021, 0x0021, 0x0020, 0x0020, 0x0021, 0x0021, 0x0021, 0x0021, 0x0021, 0x0021, 0x0021,
  0x0021, 0x0021, 0x0021, 0x0021, 0x0021, 0x0021, 0x0020, 0x0021, 0x0021, 0x0021, 0x0021, 0x0020,
  0x0020, 0x0021, 0x0020, 0x0021, 0x0021, 0x0021, 0x0021, 0x0021, 0x0021, 0x0021, 0x0021, 0x0021,
  0x0021, 0x0021, 0x0021, 0x0021, 0x0021, 0x0021, 0x0021, 0x0020, 0x0020, 0x0021, 0x0020, 0x0021,
  0x0020, 0x0021, 0x0020, 0x0021, 0x0841, 0x0000, 0x4103, 0xFBAD, 0xCB6C, 0x7144, 0x38C3, 0x2104,
  0x2104, 0x18C3, 0x83AC, 0x31A6, 0x2965, 0x59A6, 0x4985, 0x41E7, 0xB552, 0xDE56, 0xD615, 0xD635,
  0xD635, 0xD635, 0xD635, 0xD635, 0xD635, 0xD635, 0xD615, 0xD615, 0xD635, 0xD635, 0xD635, 0xD635,
  0xD635, 0xD635, 0xD635, 0xD635, 0xD635, 0xD615, 0xD635, 0xD635, 0xD635, 0xD635, 0xD635, 0xD635,
  0xD635, 0xD635, 0xD635, 0xD635, 0xD635, 0xD615, 0xD635, 0xD635, 0xD615, 0xD615, 0xD635, 0xD635,
  0xD635, 0xD635, 0xD635, 0xD635, 0xD635, 0xD635, 0xD635, 0xD635, 0xD635, 0xD635, 0xD615, 0xD615,
  0xD635, 0xDE35, 0xDE76, 0xDE56, 0xD615, 0xD615, 0xD635, 0xD635, 0xD615, 0xD615, 0xD615, 0xD635,
  0xD615, 0xD635, 0xD615, 0xDE96, 0x940E, 0xD2EA, 0xEBCD, 0x7185, 0x38C3, 0x4924, 0x18E4, 0x2104,
  0x10A3, 0x91E6, 0xE36C, 0xA227, 0x91A5, 0x0820, 0x0020, 0x0021, 0x0020, 0x0021, 0x0021, 0x0021,
  0x0021, 0x0021, 0x0021, 0x0021, 0x0021, 0x0021, 0x0021, 0x0020, 0x0020, 0x0021, 0x0021, 0x0021,
  0x0021, 0x0021, 0x0021, 0x0021, 0x0021, 0x0021, 0x0021, 0x0021, 0x0021, 0x0021, 0x0020, 0x0021,
  0x0021, 0x0021, 0x0021, 0x0021, 0x0020, 0x0021, 0x0021, 0x0021, 0x0021, 0x0020, 0x0021, 0x0021,
  0x0021, 0x0021, 0x0021, 0x0021, 0x0021, 0x0021, 0x0021, 0x0021, 0x0021, 0x0021, 0x0021, 0x0021,
  0x0020, 0x0021, 0x0020, 0x0021, 0x0020, 0x0020, 0x0021, 0x0021, 0x0020, 0x1061, 0xDB2B, 0xEBED,
  0x81E6, 0x3903, 0x4924, 0x20E3, 0x10A3, 0x6B0A, 0x5248, 0x2145, 0x39E7, 0x29A6, 0x39C6, 0x9C6F,
  0xDE56, 0xCDF4, 0xD615, 0xD635, 0xD635, 0xD635, 0xD635, 0xD635, 0xD635, 0xD635, 0xD635, 0xD635,
  0xD635, 0xD635, 0xD635, 0xD635, 0xD635, 0xD635, 0xD635, 0xD635, 0xD635, 0xD635, 0xD635, 0xD635,
  0xD635, 0xD635, 0xD615, 0xD635, 0xD635, 0xD635, 0xD635, 0xD635, 0xD635, 0xD635, 0xD635, 0xD635,
  0xD635, 0xD635, 0xD635, 0xD635, 0xD635, 0xD615, 0xD635, 0xD635, 0xD635, 0xD635, 0xD635, 0xD635,
  0xD635, 0xD635, 0xD635, 0xD615, 0xD615, 0xD615, 0xD614, 0xD615, 0xD615, 0xD635, 0xD635, 0xD635,
  0xD635, 0xD615, 0xD615, 0xD615, 0xD615, 0xD615, 0xDE56, 0xB552, 0xA289, 0xFBAD, 0xAA68, 0x40E3,
  0x5124, 0x38E3, 0x1904, 0x10C3, 0x6144, 0xEB6B, 0xA248, 0xA1E6, 0x2882, 0x0000, 0x0021, 0x0020,
  0x0021, 0x0021, 0x0021, 0x0021, 0x0021, 0x0021, 0x0021, 0x0021, 0x0021, 0x0021, 0x0020, 0x0020,
  0x0020, 0x0021, 0x0021, 0x0020, 0x0021, 0x0021, 0x0021, 0x0021, 0x0021, 0x0021, 0x0021, 0x0021,
  0x0021, 0x0021, 0x0021, 0x0021, 0x0020, 0x0021, 0x0021, 0x0021, 0x0021, 0x0020, 0x0020, 0x0021,
  0x0021, 0x0020, 0x0021, 0x0021, 0x0021, 0x0021, 0x0021, 0x0021, 0x0021, 0x0021, 0x0021, 0x0021,
  0x0021, 0x0021, 0x0021, 0x0021, 0x0021, 0x0021, 0x0020, 0x0021, 0x0021, 0x0021, 0x0021, 0x0821,
  0x0000, 0xA268, 0xFBED, 0xAA68, 0x38C3, 0x2924, 0x5923, 0x1082, 0x4A07, 0x6B0A, 0x2104, 0x39C7,
  0x39C7, 0x39A6, 0x7B6C, 0xDE55, 0xD614, 0xD635, 0xD635, 0xD635, 0xD635, 0xD635, 0xD635, 0xD635,
  0xD635, 0xD635, 0xD635, 0xD635, 0xD635, 0xD635, 0xD635, 0xD635, 0xD635, 0xD635, 0xD635, 0xD615,
  0xD635, 0xD635, 0xD635, 0xD635, 0xD635, 0xD635, 0xD635, 0xD635, 0xD635, 0xD635, 0xD615, 0xD635,
  0xD635, 0xD635, 0xD635, 0xD635, 0xD635, 0xD635, 0xD635, 0xD635, 0xD615, 0xD635, 0xD635, 0xD635,
  0xD635, 0xD635, 0xD615, 0xD635, 0xD635, 0xD635, 0xD635, 0xD615, 0xD615, 0xD615, 0xD615, 0xD615,
  0xD615, 0xD615, 0xD615, 0xD635, 0xD635, 0xD635, 0xD615, 0xD615, 0xD615, 0xD635, 0xCE15, 0x8AEA,
  0xF38C, 0xBAEA, 0x6103, 0x1904, 0x3904, 0x40E3, 0x10E4, 0x30C3, 0xDB0A, 0xBAEA, 0xA1C6, 0x50E3,
  0x0000, 0x0821, 0x0021, 0x0020, 0x0021, 0x0021, 0x0021, 0x0021, 0x0021, 0x0021, 0x0021, 0x0021,
  0x0021, 0x0021, 0x0020, 0x0020, 0x0020, 0x0020, 0x0021, 0x0021, 0x0020, 0x0021, 0x0021, 0x0021,
  0x0021, 0x0021, 0x0021, 0x0021, 0x0021, 0x0021, 0x0020, 0x0020, 0x0021, 0x0021, 0x0021, 0x0021,
  0x0020, 0x0020, 0x0021, 0x0020, 0x0020, 0x0021, 0x0021, 0x0021, 0x0021, 0x0021, 0x0021, 0x0021,
  0x0021, 0x0021, 0x0021, 0x0021, 0x0020, 0x0021, 0x0021, 0x0021, 0x0020, 0x0021, 0x0021, 0x0021,
  0x0020, 0x0020, 0x0841, 0x0000, 0x6165, 0xFBCD, 0xBAEA, 0x5903, 0x18E4, 0x2104, 0x38E3, 0x3165,
  0x734B, 0x2104, 0x39C7, 0x31A7, 0x39C7, 0x5AC9, 0xCDF4, 0xD615, 0xD635, 0xD635, 0xD615, 0xD615,
  0xD615, 0xD635, 0xD635, 0xD635, 0xD635, 0xD635, 0xD635, 0xD635, 0xD635, 0xD635, 0xD635, 0xD635,
  0xD635, 0xD635, 0xD635, 0xD635, 0xD635, 0xD615, 0xD635, 0xD635, 0xD635, 0xD635, 0xD635, 0xD635,
  0xD635, 0xD635, 0xD635, 0xD635, 0xD635, 0xD635, 0xD635, 0xD635, 0xD635, 0xD635, 0xD635, 0xD635,
  0xD635, 0xD635, 0xD635, 0xD635, 0xD635, 0xD615, 0xD615, 0xD635, 0xD635, 0xD635, 0xD635, 0xD635,
  0xD615, 0xD635, 0xD635, 0xD615, 0xD615, 0xD635, 0xD635, 0xD635, 0xD635, 0xD615, 0xD615, 0xD635,
  0xD615, 0xDE76, 0x8BCD, 0xDAEA, 0xE3AD, 0x7985, 0x20C3, 0x1904, 0x3124, 0x4924, 0x08A2, 0xB248,
  0xD34B, 0x99E6, 0x7964, 0x0000, 0x0021, 0x0021, 0x0020, 0x0020, 0x0021, 0x0021, 0x0021, 0x0021,
  0x0021, 0x0021, 0x0021, 0x0020, 0x0021, 0x0021, 0x0020, 0x0021, 0x0020, 0x0020, 0x0021, 0x0021,
  0x0021, 0x0021, 0x0021, 0x0021, 0x0021, 0x0021, 0x0021, 0x0021, 0x0021, 0x0021, 0x0021, 0x0021,
  0x0021, 0x0021, 0x0020, 0x0021, 0x0021, 0x0020, 0x0021, 0x0020, 0x0021, 0x0020, 0x0020, 0x0020,
  0x0021, 0x0021, 0x0021, 0x0021, 0x0021, 0x0021, 0x0021, 0x0021, 0x0021, 0x0021, 0x0021, 0x0020,
  0x0020, 0x0021, 0x0021, 0x0021, 0x0020, 0x0821, 0x0000, 0x30C3, 0xF36C, 0xD36C, 0x7164, 0x18C3,
  0x2104, 0x2124, 0x18A2, 0x7B8C, 0x31A6, 0x2966, 0x31A6, 0x39C7, 0x4A28, 0xBD72, 0xDE56, 0xD615,
  0xD635, 0xD635, 0xD615, 0xD615, 0xD615, 0xD635, 0xD635, 0xD635, 0xD635, 0xD635, 0xD635, 0xD635,
  0xD635, 0xD635, 0xD615, 0xD635, 0xD635, 0xD635, 0xD635, 0xD635, 0xD635, 0xD615, 0xD615, 0xD635,
  0xD635, 0xD635, 0xD615, 0xD635, 0xD635, 0xD635, 0xD635, 0xD635, 0xD635, 0xD635, 0xD635, 0xD635,
  0xD635, 0xD635, 0xD615, 0xD635, 0xD635, 0xD635, 0xD635, 0xD635, 0xD635, 0xD615, 0xD615, 0xD635,
  0xD635, 0xD635, 0xD635, 0xD635, 0xD635, 0xD635, 0xD635, 0xD615, 0xD615, 0xD635, 0xD635, 0xD635,
  0xD635, 0xD615, 0xD635, 0xD615, 0xDE56, 0xA4D0, 0xBACA, 0xF3CD, 0x9207, 0x30C3, 0x1904, 0x1904,
  0x3104, 0x38C2, 0x71A5, 0xE34B, 0x9A27, 0x99A5, 0x1041, 0x0020, 0x0021, 0x0021, 0x0021, 0x0021,
  0x0021, 0x0021, 0x0021, 0x0021, 0x0021, 0x0021, 0x0021, 0x0021, 0x0021, 0x0021, 0x0021, 0x0021,
  0x0020, 0x0021, 0x0021, 0x0021, 0x0021, 0x0021, 0x0021, 0x0021, 0x0021, 0x0021, 0x0020, 0x0021,
  0x0021, 0x0021, 0x0021, 0x0021, 0x0020, 0x0021, 0x0021, 0x0020, 0x0020, 0x0021, 0x0021, 0x0021,
  0x0021, 0x0021, 0x0021, 0x0021, 0x0021, 0x0021, 0x0021, 0x0021, 0x0021, 0x0021, 0x0021, 0x0021,
  0x0021, 0x0021, 0x0021, 0x0020, 0x0021, 0x0020, 0x0020, 0x0020, 0x0021, 0x0020, 0x0820, 0xCAC9,
  0xEBEE, 0x9207, 0x28C2, 0x1904, 0x2104, 0x10C3, 0x62C9, 0x4A27, 0x2945, 0x41E7, 0x39C7, 0x39C6,
  0x9C8F, 0xDE76, 0xD615, 0xD635, 0xD635, 0xD615, 0xD635, 0xD635, 0xD635, 0xD635, 0xD635, 0xD635,
  0xD635, 0xD635, 0xD635, 0xD635, 0xD636, 0xD635, 0xD635, 0xD635, 0xD635, 0xD635, 0xD635, 0xD635,
  0xD635, 0xD635, 0xD635, 0xD635, 0xD635, 0xD635, 0xD636, 0xD635, 0xD635, 0xD635, 0xD635, 0xD635,
  0xD635, 0xD635, 0xD635, 0xD635, 0xD635, 0xD635, 0xD635, 0xD635, 0xD635, 0xD635, 0xD635, 0xD635,
  0xD635, 0xD635, 0xD635, 0xD635, 0xD635, 0xD635, 0xD635, 0xD635, 0xD635, 0xD635, 0xD635, 0xD635,
  0xD635, 0xD615, 0xD635, 0xD635, 0xD615, 0xD635, 0xD615, 0xDE55, 0xBDB3, 0x9289, 0xFBAD, 0xBAEA,
  0x50E3, 0x10E3, 0x2104, 0x2104, 0x18C3, 0x50E3, 0xE34B, 0xAAA9, 0xA1C6, 0x38C2, 0x0000, 0x0021,
  0x0020, 0x0020, 0x0021, 0x0021, 0x0021, 0x0021, 0x0021, 0x0021, 0x0021, 0x0021, 0x0021, 0x0020,
  0x0021, 0x0021, 0x0021, 0x0021, 0x0020, 0x0021, 0x0021, 0x0021, 0x0021, 0x0021, 0x0021, 0x0021,
  0x0021, 0x0021, 0x0021, 0x0020, 0x0021, 0x0021, 0x0020, 0x0021, 0x0021, 0x0021, 0x0020, 0x0021,
  0x0021, 0x0021, 0x0021, 0x0021, 0x0021, 0x0021, 0x0021, 0x0021, 0x0021, 0x0020, 0x0021, 0x0021,
  0x0021, 0x0021, 0x0021, 0x0021, 0x0021, 0x0021, 0x0021, 0x0021, 0x0021, 0x0020, 0x0021, 0x0020,
  0x0821, 0x0000, 0x8A07, 0xF3AD, 0xA268, 0x40C2, 0x1904, 0x2124, 0x10A3, 0x4A07, 0x732B, 0x10E4,
  0x71C6, 0x61C6, 0x31A6, 0x7B6C, 0xDE56, 0xD615, 0xD635, 0xD635, 0xD615, 0xD615, 0xD635, 0xD635,
  0xD635, 0xD635, 0xD635, 0xD635, 0xD635, 0xD635, 0xD635, 0xD635, 0xD635, 0xD635, 0xD635, 0xD635,
  0xD635, 0xD635, 0xD635, 0xD635, 0xD635, 0xD635, 0xD635, 0xD635, 0xD635, 0xD635, 0xD635, 0xD635,
  0xD615, 0xD635, 0xD635, 0xD635, 0xD635, 0xD635, 0xD635, 0xD635, 0xD635, 0xD635, 0xD635, 0xD635,
  0xD635, 0xD635, 0xD635, 0xD635, 0xD636, 0xD635, 0xD615, 0xD635, 0xD635, 0xD635, 0xD635, 0xD635,
  0xD635, 0xD635, 0xD615, 0xD635, 0xD635, 0xD615, 0xD635, 0xD635, 0xD615, 0xD615, 0xD615, 0xD656,
  0x8B6C, 0xE34B, 0xD34C, 0x6944, 0x18C3, 0x2104, 0x2104, 0x2104, 0x18A2, 0xBA48, 0xCB0B, 0xA1E6,
  0x6924, 0x0000, 0x0021, 0x0021, 0x0020, 0x0021, 0x0021, 0x0021, 0x0021, 0x0021, 0x0021, 0x0021,
  0x0021, 0x0021, 0x0021, 0x0021, 0x0021, 0x0021, 0x0021, 0x0021, 0x0020, 0x0021, 0x0021, 0x0021,
  0x0021, 0x0021, 0x0021, 0x0021, 0x0021, 0x0020, 0x0021, 0x0021, 0x0021, 0x0020, 0x0020, 0x0021,
  0x0021, 0x0021, 0x0020, 0x0021, 0x0021, 0x0020, 0x0021, 0x0021, 0x0021, 0x0021, 0x0020, 0x0021,
  0x0021, 0x0021, 0x0021, 0x0021, 0x0021, 0x0021, 0x0021, 0x0021, 0x0021, 0x0021, 0x0021, 0x0021,
  0x0021, 0x0021, 0x0020, 0x0841, 0x0000, 0x4103, 0xBAEA, 0xA2A9, 0x5903, 0x10C3, 0x2104, 0x18E3,
  0x2944, 0x7B6B, 0x2125, 0x39C7, 0x3186, 0x3986, 0x5AA9, 0xCDF4, 0xD635, 0xD615, 0xD615, 0xD635,
  0xD615, 0xD615, 0xD635, 0xD635, 0xD635, 0xD635, 0xD635, 0xD635, 0xD635, 0xD635, 0xD656, 0xD635,
  0xD635, 0xD635, 0xD635, 0xD635, 0xD635, 0xDE56, 0xD635, 0xD635, 0xD615, 0xD635, 0xD635, 0xD635,
  0xD635, 0xD635, 0xD635, 0xD635, 0xD635, 0xD615, 0xD635, 0xD615, 0xD635, 0xD635, 0xD635, 0xD635,
  0xD635, 0xD635, 0xD635, 0xD635, 0xD635, 0xD635, 0xD635, 0xD635, 0xD635, 0xD635, 0xD635, 0xD635,
  0xD635, 0xD635, 0xD635, 0xD635, 0xD635, 0xD635, 0xD635, 0xD635, 0xD635, 0xD635, 0xD635, 0xD615,
  0xD635, 0xD615, 0xDE76, 0x942E, 0x9207, 0xC32B, 0x89E6, 0x20C3, 0x1904, 0x2104, 0x2104, 0x10C3,
  0x91E6, 0xCB0A, 0xA227, 0x8985, 0x0820, 0x0021, 0x0021, 0x0021, 0x0021, 0x0021, 0x0021, 0x0021,
  0x0021, 0x0021, 0x0021, 0x0021, 0x0021, 0x0021, 0x0021, 0x0021, 0x0021, 0x0021, 0x0021, 0x0021,
  0x0020, 0x0020, 0x0021, 0x0021, 0x0021, 0x0021, 0x0020, 0x0021, 0x0021, 0x0021, 0x0021, 0x0021,
  0x0020, 0x0021, 0x0021, 0x0021, 0x0021, 0x0021, 0x0021, 0x0021, 0x0020, 0x0021, 0x0021, 0x0020,
  0x0020, 0x0021, 0x0021, 0x0021, 0x0021, 0x0021, 0x0021, 0x0021, 0x0021, 0x0021, 0x0021, 0x0021,
  0x0021, 0x0021, 0x0020, 0x0021, 0x0021, 0x0021, 0x0821, 0x0000, 0x28A2, 0xE32B, 0xCB6C, 0x6103,
  0x18A2, 0x1904, 0x2104, 0x18C3, 0x7B6B, 0x31A6, 0x2966, 0x31A6, 0x39C7, 0x4A27, 0xB531, 0xDE55,
  0xD615, 0xD615, 0xD635, 0xD615, 0xD615, 0xD635, 0xD635, 0xD635, 0xD635, 0xD635, 0xD635, 0xD635,
  0xD635, 0xD656, 0xDE56, 0xD656, 0xD635, 0xD635, 0xD635, 0xD635, 0xD635, 0xD655, 0xD635, 0xD635,
  0xD635, 0xD635, 0xD635, 0xD635, 0xD635, 0xD635, 0xD635, 0xD635, 0xD635, 0xD635, 0xD635, 0xD635,
  0xD635, 0xD635, 0xD635, 0xD635, 0xD635, 0xD635, 0xD635, 0xD635, 0xD636, 0xD635, 0xD635, 0xD635,
  0xD635, 0xD635, 0xD635, 0xD635, 0xD635, 0xD615, 0xD635, 0xD635, 0xD635, 0xD635, 0xD635, 0xD615,
  0xD635, 0xD635, 0xD635, 0xD615, 0xD615, 0xDE56, 0xAD32, 0xA268, 0xE36C, 0x9227, 0x40C2, 0x1904,
  0x2104, 0x2104, 0x10C3, 0x6144, 0xEB6B, 0xA268, 0xA1C5, 0x2061, 0x0020, 0x0021, 0x0020, 0x0021,
  0x0021, 0x0021, 0x0021, 0x0021, 0x0021, 0x0021, 0x0021, 0x0021, 0x0021, 0x0021, 0x0021, 0x0021,
  0x0020, 0x0021, 0x0021, 0x0021, 0x0020, 0x0021, 0x0021, 0x0021, 0x0021, 0x0021, 0x0020, 0x0021,
  0x0021, 0x0021, 0x0021, 0x0021, 0x0021, 0x0021, 0x0021, 0x0021, 0x0021, 0x0021, 0x0020, 0x0021,
  0x0021, 0x0021, 0x0021, 0x0021, 0x0021, 0x0021, 0x0020, 0x0021, 0x0021, 0x0021, 0x0021, 0x0021,
  0x0021, 0x0021, 0x0021, 0x0021, 0x0021, 0x0021, 0x0021, 0x0021, 0x0021, 0x0021, 0x0021, 0x0020,
  0xC2CA, 0xF3AD, 0x8A06, 0x38A2, 0x1904, 0x2104, 0x1082, 0x62E9, 0x5268, 0x2125, 0x39C7, 0x31A6,
  0x39C6, 0x944E, 0xDE55, 0xD615, 0xD635, 0xD635, 0xD635, 0xD635, 0xD635, 0xD635, 0xD635, 0xD635,
  0xD635, 0xD636, 0xD656, 0xD655, 0xD635, 0xD636, 0xD635, 0xD635, 0xD635, 0xD635, 0xD635, 0xD635,
  0xD655, 0xD635, 0xD635, 0xD635, 0xD635, 0xD635, 0xD635, 0xD635, 0xD635, 0xD635, 0xD635, 0xD635,
  0xD635, 0xD635, 0xD635, 0xD635, 0xD635, 0xD635, 0xD635, 0xD655, 0xD635, 0xD635, 0xD635, 0xD635,
  0xD635, 0xD635, 0xD635, 0xD635, 0xD635, 0xD635, 0xD635, 0xD635, 0xD635, 0xD635, 0xD635, 0xD635,
  0xD635, 0xD635, 0xD635, 0xD615, 0xD635, 0xD635, 0xD635, 0xD615, 0xD635, 0xCE15, 0x8B0A, 0xF36C,
  0xC2EA, 0x6903, 0x20C3, 0x2104, 0x2104, 0x1904, 0x30E3, 0xDB0A, 0xB2CA, 0xA1E6, 0x48E3, 0x0000,
  0x0821, 0x0021, 0x0021, 0x0021, 0x0021, 0x0021, 0x0021, 0x0021, 0x0021, 0x0021, 0x0021, 0x0021,
  0x0021, 0x0021, 0x0021, 0x0021, 0x0021, 0x0021, 0x0021, 0x0021, 0x0020, 0x0021, 0x0021, 0x0021,
  0x0021, 0x0021, 0x0021, 0x0020, 0x0021, 0x0021, 0x0021, 0x0021, 0x0021, 0x0021, 0x0021, 0x0021,
  0x0021, 0x0020, 0x0021, 0x0021, 0x0021, 0x0020, 0x0021, 0x0020, 0x0021, 0x0021, 0x0020, 0x0021,
  0x0021, 0x0021, 0x0021, 0x0021, 0x0021, 0x0021, 0x0021, 0x0021, 0x0021, 0x0021, 0x0020, 0x0021,
  0x0021, 0x0841, 0x0000, 0x81E7, 0xFBCD, 0xAA89, 0x48E3, 0x30E3, 0x2104, 0x10A3, 0x4A07, 0x734B,
  0x2104, 0x39C7, 0x31A6, 0x39C6, 0x7B6C, 0xDE35, 0xD615, 0xD635, 0xD635, 0xD615, 0xD635, 0xD635,
  0xD635, 0xD635, 0xD635, 0xD635, 0xD635, 0xD635, 0xD635, 0xD635, 0xD635, 0xD635, 0xD635, 0xD635,
  0xD635, 0xD635, 0xD635, 0xD635, 0xD635, 0xD635, 0xD635, 0xD635, 0xD635, 0xD635, 0xD635, 0xD635,
  0xD635, 0xD635, 0xD635, 0xD635, 0xD635, 0xD635, 0xD635, 0xD635, 0xD635, 0xD635, 0xD635, 0xD635,
  0xD635, 0xD635, 0xD635, 0xD635, 0xD635, 0xD635, 0xD615, 0xD615, 0xD635, 0xD635, 0xD635, 0xD635,
  0xD635, 0xD635, 0xD635, 0xD635, 0xD635, 0xD635, 0xD635, 0xD635, 0xD635, 0xD635, 0xD615, 0xD615,
  0xDE76, 0x8BAD, 0xDAEA, 0xE38C, 0x7185, 0x40E3, 0x3924, 0x1904, 0x2104, 0x18A2, 0xB268, 0xD34B,
  0xA207, 0x7964, 0x0000, 0x0021, 0x0020, 0x0021, 0x0021, 0x0021, 0x0021, 0x0021, 0x0021, 0x0021,
  0x0021, 0x0021, 0x0021, 0x0021, 0x0021, 0x0021, 0x0021, 0x0021, 0x0021, 0x0021, 0x0021, 0x0021,
  0x0020, 0x0021, 0x0021, 0x0021, 0x0020, 0x0020, 0x0021, 0x0021, 0x0020, 0x0021, 0x0021, 0x0021,
  0x0021, 0x0021, 0x0021, 0x0020, 0x0021, 0x0021, 0x0021, 0x0020, 0x0021, 0x0021, 0x0020, 0x0021,
  0x0021, 0x0021, 0x0021, 0x0021, 0x0021, 0x0021, 0x0021, 0x0021, 0x0020, 0x0021, 0x0021, 0x0021,
  0x0021, 0x0020, 0x0021, 0x0020, 0x0841, 0x0000, 0x4104, 0xFBAD, 0xCB2B, 0x6923, 0x3904, 0x4903,
  0x10C3, 0x2944, 0x83AD, 0x2125, 0x31A6, 0x31A6, 0x31A6, 0x5A89, 0xCDF4, 0xD615, 0xD615, 0xD635,
  0xD635, 0xD615, 0xD615, 0xD615, 0xD635, 0xD635, 0xD635, 0xD635, 0xD635, 0xD635, 0xD635, 0xD635,
  0xD635, 0xD635, 0xD635, 0xD635, 0xD635, 0xD635, 0xD635, 0xD635, 0xD635, 0xD635, 0xD635, 0xD635,
  0xD635, 0xD635, 0xD635, 0xD635, 0xD635, 0xD635, 0xD635, 0xD635, 0xD635, 0xD635, 0xD635, 0xD635,
  0xD635, 0xD635, 0xD635, 0xD635, 0xD635, 0xD635, 0xD635, 0xD635, 0xD635, 0xD635, 0xD635, 0xD635,
  0xD635, 0xD615, 0xD635, 0xD635, 0xD635, 0xD615, 0xD635, 0xD635, 0xD635, 0xD635, 0xD635, 0xD635,
  0xD635, 0xD615, 0xD615, 0xDE76, 0xA4D0, 0xB2A9, 0xF3CD, 0x9A47, 0x4103, 0x5944, 0x3104, 0x2124,
  0x10C3, 0x81A5, 0xE36C, 0xA247, 0x99C5, 0x1041, 0x0020, 0x0021, 0x0020, 0x0020, 0x0021, 0x0021,
  0x0021, 0x0021, 0x0021, 0x0021, 0x0021, 0x0020, 0x0021, 0x0021, 0x0021, 0x0021, 0x0021, 0x0021,
  0x0021, 0x0021, 0x0021, 0x0021, 0x0020, 0x0021, 0x0020, 0x0021, 0x0021, 0x0021, 0x0021, 0x0021,
  0x0021, 0x0021, 0x0021, 0x0021, 0x0020, 0x0021, 0x0021, 0x0021, 0x0021, 0x0021, 0x0021, 0x0021,
  0x0021, 0x0021, 0x0021, 0x0021, 0x0021, 0x0021, 0x0021, 0x0021, 0x0021, 0x0021, 0x0021, 0x0021,
  0x0021, 0x0021, 0x0021, 0x0021, 0x0021, 0x0021, 0x0021, 0x0021, 0x0020, 0x1861, 0xE32B, 0xE3AD,
  0x81A5, 0x20C3, 0x1904, 0x4103, 0x10A2, 0x7B8C, 0x3185, 0x4965, 0x51E7, 0x31A6, 0x4A07, 0xB531,
  0xDE56, 0xD615, 0xD615, 0xD635, 0xD635, 0xD615, 0xD635, 0xD635, 0xD615, 0xD635, 0xD635, 0xD635,
  0xD636, 0xD635, 0xD635, 0xD635, 0xD635, 0xD635, 0xD635, 0xD635, 0xD635, 0xD615, 0xD635, 0xD635,
  0xD635, 0xD635, 0xD615, 0xD635, 0xD635, 0xD635, 0xD635, 0xD635, 0xD635, 0xD635, 0xD635, 0xD635,
  0xD635, 0xD635, 0xD635, 0xD635, 0xD635, 0xD635, 0xD635, 0xD635, 0xD635, 0xD635, 0xD635, 0xD635,
  0xD635, 0xD615, 0xD635, 0xD615, 0xD635, 0xD615, 0xD615, 0xD635, 0xD635, 0xD635, 0xD635, 0xD635,
  0xD635, 0xD635, 0xD615, 0xD635, 0xD635, 0xD615, 0xDE35, 0xBDB4, 0x92A9, 0xFBAD, 0xB2EA, 0x5103,
  0x18E4, 0x50C3, 0x30E3, 0x1904, 0x40E3, 0xD2EA, 0xAA89, 0xA1C6, 0x38A2, 0x0000, 0x0821, 0x0021,
  0x0021, 0x0021, 0x0021, 0x0021, 0x0021, 0x0021, 0x0021, 0x0021, 0x0021, 0x0021, 0x0021, 0x0021,
  0x0021, 0x0021, 0x0021, 0x0021, 0x0021, 0x0021, 0x0021, 0x0021, 0x0021, 0x0020, 0x0021, 0x0021,
  0x0021, 0x0021, 0x0021, 0x0021, 0x0021, 0x0021, 0x0021, 0x0020, 0x0020, 0x0021, 0x0021, 0x0021,
  0x0021, 0x0021, 0x0021, 0x0021, 0x0020, 0x0021, 0x0021, 0x0021, 0x0021, 0x0021, 0x0021, 0x0021,
  0x0021, 0x0021, 0x0021, 0x0021, 0x0021, 0x0021, 0x0021, 0x0020, 0x0020, 0x0021, 0x0021, 0x0021,
  0x0000, 0xB289, 0xFBED, 0x9A27, 0x38C2, 0x18E4, 0x2924, 0x28A2, 0x62C9, 0x5A89, 0x1925, 0x69E7,
  0x61C6, 0x31A6, 0x942E, 0xDE76, 0xD615, 0xD635, 0xD635, 0xD635, 0xD635, 0xD635, 0xD635, 0xD635,
  0xD635, 0xD635, 0xD635, 0xD635, 0xD635, 0xD635, 0xD635, 0xD635, 0xD635, 0xD635, 0xD635, 0xD635,
  0xD635, 0xD635, 0xD635, 0xD635, 0xD635, 0xD635, 0xD635, 0xD635, 0xD635, 0xD635, 0xD635, 0xD635,
  0xD615, 0xD635, 0xD635, 0xD635, 0xD635, 0xD635, 0xD635, 0xD635, 0xD635, 0xD635, 0xD635, 0xD635,
  0xD635, 0xD635, 0xD635, 0xD635, 0xD635, 0xD615, 0xD615, 0xD635, 0xD635, 0xD615, 0xD615, 0xD635,
  0xD635, 0xD635, 0xD635, 0xD615, 0xD635, 0xD635, 0xD635, 0xD635, 0xD615, 0xD615, 0xD635, 0x8B4B,
  0xEB2B, 0xD36C, 0x7144, 0x18C3, 0x1904, 0x4104, 0x3104, 0x28E3, 0xCA89, 0xB2CA, 0xA9E6, 0x6123,
  0x0000, 0x0821, 0x0021, 0x0021, 0x0021, 0x0021, 0x0021, 0x0021, 0x0021, 0x0021, 0x0021, 0x0021,
  0x0021, 0x0021, 0x0021, 0x0021, 0x0021, 0x0021, 0x0021, 0x0021, 0x0021, 0x0021, 0x0020, 0x0020,
  0x0021, 0x0020, 0x0021, 0x0021, 0x0021, 0x0021, 0x0021, 0x0021, 0x0021, 0x0021, 0x0021, 0x0021,
  0x0021, 0x0021, 0x0020, 0x0021, 0x0021, 0x0021, 0x0020, 0x0021, 0x0020, 0x0020, 0x0021, 0x0021,
  0x0021, 0x0021, 0x0021, 0x0021, 0x0021, 0x0021, 0x0021, 0x0021, 0x0021, 0x0021, 0x0021, 0x0020,
  0x0020, 0x0020, 0x0841, 0x0000, 0x7185, 0xFBED, 0xBAEA, 0x50E3, 0x10E3, 0x2124, 0x10A3, 0x41C6,
  0x734B, 0x2104, 0x39C7, 0x2986, 0x31A6, 0x732B, 0xD615, 0xD615, 0xD635, 0xD615, 0xD635, 0xD635,
  0xD635, 0xD635, 0xD635, 0xD635, 0xD635, 0xD635, 0xD635, 0xD615, 0xD615, 0xD635, 0xD635, 0xD635,
  0xD635, 0xD635, 0xD635, 0xD635, 0xD635, 0xD635, 0xD635, 0xD635, 0xD635, 0xD635, 0xD635, 0xD635,
  0xD635, 0xD635, 0xD635, 0xD635, 0xD635, 0xD635, 0xD635, 0xD635, 0xD635, 0xD635, 0xD635, 0xD635,
  0xD635, 0xD635, 0xD615, 0xD635, 0xD635, 0xD635, 0xD635, 0xD635, 0xD635, 0xD635, 0xD615, 0xD635,
  0xD635, 0xD635, 0xD615, 0xD615, 0xD635, 0xD635, 0xD635, 0xD635, 0xD635, 0xD635, 0xD635, 0xD635,
  0xD5F5, 0xDE76, 0x942E, 0xCAA9, 0xEBCD, 0x89C6, 0x28C3, 0x1904, 0x1904, 0x4924, 0x20A2, 0x99E6,
  0xE36C, 0xA207, 0x8985, 0x0820, 0x0021, 0x0021, 0x0020, 0x0021, 0x0021, 0x0020, 0x0021, 0x0021,
  0x0021, 0x0021, 0x0021, 0x0021, 0x0021, 0x0021, 0x0021, 0x0021, 0x0021, 0x0021, 0x0021, 0x0021,
  0x0021, 0x0021, 0x0020, 0x0020, 0x0020, 0x0020, 0x0021, 0x0021, 0x0021, 0x0021, 0x0021, 0x0021,
  0x0021, 0x0021, 0x0021, 0x0021, 0x0021, 0x0021, 0x0020, 0x0021, 0x0021, 0x0021, 0x0021, 0x0021,
  0x0021, 0x0021, 0x0021, 0x0021, 0x0021, 0x0021, 0x0021, 0x0021, 0x0021, 0x0021, 0x0021, 0x0021,
  0x0021, 0x0021, 0x0021, 0x0021, 0x0021, 0x0821, 0x0000, 0x38E3, 0xFB8C, 0xCB6C, 0x7144, 0x18C3,
  0x2104, 0x18E3, 0x2104, 0x83AC, 0x2965, 0x31A6, 0x31A6, 0x39C7, 0x5A68, 0xC5D3, 0xD635, 0xD615,
  0xD615, 0xD635, 0xD635, 0xD635, 0xD635, 0xD635, 0xD635, 0xD635, 0xD635, 0xD635, 0xD636, 0xD635,
  0xD615, 0xD635, 0xD656, 0xD635, 0xD635, 0xD635, 0xD635, 0xD635, 0xD635, 0xD635, 0xD635, 0xD635,
  0xD635, 0xD635, 0xD635, 0xD635, 0xD635, 0xD615, 0xD615, 0xD635, 0xD635, 0xD635, 0xD635, 0xD635,
  0xD635, 0xD635, 0xD635, 0xD615, 0xD635, 0xD635, 0xD635, 0xD615, 0xD635, 0xD635, 0xD635, 0xD635,
  0xD635, 0xD635, 0xD635, 0xD615, 0xD635, 0xD635, 0xD615, 0xD615, 0xD635, 0xD635, 0xD635, 0xD635,
  0xD635, 0xD635, 0xD635, 0xD615, 0xDE56, 0xB552, 0xAAA9, 0xFBAD, 0xAA88, 0x38C2, 0x10E4, 0x2104,
  0x1904, 0x30C3, 0x7165, 0xE34B, 0xA248, 0xA9C6, 0x2061, 0x0000, 0x0021, 0x0021, 0x0021, 0x0021,
  0x0021, 0x0021, 0x0021, 0x0021, 0x0021, 0x0021, 0x0021, 0x0021, 0x0021, 0x0020, 0x0021, 0x0021,
  0x0021, 0x0021, 0x0021, 0x0021, 0x0021, 0x0021, 0x0021, 0x0020, 0x0021, 0x0020, 0x0021, 0x0021,
  0x0021, 0x0021, 0x0021, 0x0021, 0x0021, 0x0021, 0x0021, 0x0021, 0x0021, 0x0021, 0x0021, 0x0021,
  0x0021, 0x0021, 0x0021, 0x0021, 0x0021, 0x0021, 0x0021, 0x0021, 0x0021, 0x0021, 0x0020, 0x0021,
  0x0021, 0x0021, 0x0021, 0x0021, 0x0021, 0x0021, 0x0021, 0x0021, 0x0021, 0x0020, 0x0820, 0xB2C9,
  0xE3EE, 0x89C6, 0x20A2, 0x1904, 0x2104, 0x10A3, 0x7B6B, 0x41E6, 0x2966, 0x31A7, 0x39A6, 0x4A27,
  0xAD11, 0xDE55, 0xD615, 0xD635, 0xD635, 0xD635, 0xD635, 0xD635, 0xD635, 0xD635, 0xD635, 0xD635,
  0xD635, 0xD635, 0xD635, 0xD635, 0xD635, 0xD635, 0xD635, 0xD635, 0xD635, 0xD635, 0xD635, 0xD635,
  0xD635, 0xD635, 0xD635, 0xD635, 0xD635, 0xD635, 0xD635, 0xD635, 0xD635, 0xD615, 0xD635, 0xD635,
  0xD635, 0xD635, 0xD635, 0xD635, 0xD635, 0xD635, 0xD635, 0xD615, 0xD635, 0xD635, 0xD635, 0xD635,
  0xD615, 0xD615, 0xD635, 0xD635, 0xD635, 0xD635, 0xD635, 0xD635, 0xD635, 0xD635, 0xD635, 0xD635,
  0xD635, 0xD635, 0xD635, 0xD635, 0xD635, 0xD635, 0xD615, 0xDE35, 0xCE15, 0x8AEA, 0xFBAD, 0xCB4B,
  0x6103, 0x18E3, 0x2104, 0x2104, 0x18E4, 0x30C3, 0xE32B, 0xBAEA, 0xA1C6, 0x48E3, 0x0000, 0x0821,
  0x0021, 0x0021, 0x0021, 0x0021, 0x0021, 0x0020, 0x0021, 0x0021, 0x0021, 0x0021, 0x0021, 0x0021,
  0x0021, 0x0021, 0x0021, 0x0021, 0x0021, 0x0021, 0x0021, 0x0021, 0x0021, 0x0021, 0x0021, 0x0020,
  0x0020, 0x0020, 0x0021, 0x0021, 0x0021, 0x0021, 0x0021, 0x0021, 0x0021, 0x0021, 0x0021, 0x0021,
  0x0021, 0x0021, 0x0021, 0x0021, 0x0021, 0x0021, 0x0021, 0x0021, 0x0021, 0x0021, 0x0021, 0x0021,
  0x0021, 0x0021, 0x0021, 0x0021, 0x0021, 0x0021, 0x0021, 0x0021, 0x0021, 0x0021, 0x0021, 0x0021,
  0x0021, 0x0000, 0x81C6, 0xBB0A, 0x9227, 0x40E3, 0x1904, 0x2124, 0x10A3, 0x5AA9, 0x5AA9, 0x2124,
  0x39C7, 0x39C7, 0x41C6, 0x8BED, 0xDE56, 0xD615, 0xD615, 0xD635, 0xD635, 0xD635, 0xD635, 0xD615,
  0xD635, 0xD635, 0xD615, 0xD635, 0xD635, 0xD635, 0xD635, 0xD635, 0xD615, 0xD635, 0xD635, 0xD635,
  0xD635, 0xD635, 0xD635, 0xD635, 0xD635, 0xD635, 0xD635, 0xD635, 0xD635, 0xD635, 0xD635, 0xD635,
  0xD635, 0xD635, 0xD635, 0xD635, 0xD615, 0xD635, 0xD635, 0xD635, 0xD635, 0xD615, 0xD635, 0xD635,
  0xD635, 0xD635, 0xD635, 0xD635, 0xD615, 0xD635, 0xD615, 0xD615, 0xD615, 0xD615, 0xD635, 0xD635,
  0xD635, 0xD635, 0xD635, 0xD635, 0xD635, 0xD635, 0xD635, 0xD635, 0xD635, 0xD615, 0xD614, 0xDE96,
  0x93CD, 0xDACA, 0xDB8C, 0x81A5, 0x20C3, 0x1904, 0x20E4, 0x2104, 0x18A3, 0xA227, 0xCB0B, 0xA207,
  0x7964, 0x0000, 0x0021, 0x0021, 0x0021, 0x0021, 0x0021, 0x0021, 0x0021, 0x0021, 0x0021, 0x0021,
  0x0021, 0x0021, 0x0021, 0x0021, 0x0021, 0x0021, 0x0021, 0x0021, 0x0021, 0x0021, 0x0021, 0x0021,
  0x0021, 0x0021, 0x0021, 0x0021, 0x0020, 0x0021, 0x0021, 0x0021, 0x0021, 0x0021, 0x0021, 0x0021,
  0x0021, 0x0021, 0x0021, 0x0021, 0x0021, 0x0021, 0x0021, 0x0021, 0x0021, 0x0021, 0x0021, 0x0021,
  0x0021, 0x0021, 0x0021, 0x0021, 0x0021, 0x0021, 0x0021, 0x0021, 0x0021, 0x0021, 0x0021, 0x0021,
  0x0020, 0x0021, 0x0021, 0x0841, 0x0000, 0x6165, 0xFBAD, 0xB2CA, 0x40A2, 0x18E3, 0x2124, 0x18C3,
  0x39C6, 0x734B, 0x18E4, 0x31C7, 0x31A6, 0x39C6, 0x6B2B, 0xD635, 0xD615, 0xD635, 0xD635, 0xD635,
  0xD635, 0xD656, 0xD635, 0xD635, 0xD635, 0xD635, 0xD635, 0xD635, 0xD635, 0xD635, 0xD635, 0xD635,
  0xD615, 0xD615, 0xD635, 0xD635, 0xD635, 0xD635, 0xD635, 0xD635, 0xD635, 0xD635, 0xD635, 0xD635,
  0xD635, 0xD635, 0xD635, 0xD615, 0xD635, 0xD635, 0xD635, 0xD615, 0xD615, 0xD635, 0xD635, 0xD656,
  0xD635, 0xD615, 0xD635, 0xD635, 0xD635, 0xD635, 0xD635, 0xD635, 0xD635, 0xD615, 0xD615, 0xD635,
  0xD635, 0xD615, 0xD635, 0xD635, 0xD635, 0xD635, 0xD635, 0xD635, 0xD655, 0xD635, 0xD635, 0xD635,
  0xD635, 0xD615, 0xDE76, 0x9CB0, 0x9A48, 0xEBCD, 0x9A07, 0x30C3, 0x1904, 0x20E4, 0x2104, 0x10C3,
  0x81A5, 0xE36B, 0x9A27, 0x99A5, 0x1041, 0x0020, 0x0021, 0x0021, 0x0021, 0x0021, 0x0021, 0x0021,
  0x0021, 0x0021, 0x0021, 0x0021, 0x0021, 0x0021, 0x0021, 0x0021, 0x0021, 0x0021, 0x0021, 0x0021,
  0x0021, 0x0021, 0x0021, 0x0020, 0x0021, 0x0021, 0x0021, 0x0021, 0x0021, 0x0021, 0x0020, 0x0021,
  0x0021, 0x0021, 0x0021, 0x0021, 0x0020, 0x0021, 0x0021, 0x0021, 0x0021, 0x0021, 0x0021, 0x0021,
  0x0021, 0x0021, 0x0021, 0x0021, 0x0021, 0x0021, 0x0021, 0x0021, 0x0021, 0x0021, 0x0020, 0x0021,
  0x0021, 0x0021, 0x0021, 0x0021, 0x0021, 0x0020, 0x0841, 0x0000, 0x28A2, 0xF36C, 0xD38C, 0x7985,
  0x30C2, 0x2104, 0x18E4, 0x2104, 0x838C, 0x2945, 0x59C6, 0x41A6, 0x31A6, 0x5227, 0xC5B3, 0xDE55,
  0xD615, 0xD635, 0xD615, 0xD635, 0xD656, 0xD635, 0xD635, 0xD635, 0xD635, 0xD635, 0xD635, 0xD635,
  0xD615, 0xD635, 0xD635, 0xD635, 0xD635, 0xD635, 0xD635, 0xD635, 0xD635, 0xD635, 0xD635, 0xD635,
  0xD635, 0xD635, 0xD635, 0xD635, 0xD635, 0xD635, 0xD635, 0xD635, 0xD635, 0xD635, 0xD635, 0xD615,
  0xD635, 0xD635, 0xD635, 0xD635, 0xD635, 0xD635, 0xD635, 0xD635, 0xD635, 0xD635, 0xD636, 0xD635,
  0xD635, 0xD615, 0xD635, 0xD635, 0xD635, 0xD635, 0xD615, 0xD635, 0xD635, 0xD635, 0xD635, 0xD635,
  0xD635, 0xD635, 0xD635, 0xD635, 0xD615, 0xDE55, 0xBDB4, 0x8A68, 0xBAA9, 0x9207, 0x50E3, 0x10E4,
  0x2104, 0x2104, 0x10E3, 0x4924, 0xEB2B, 0xAA88, 0xA9E6, 0x30A2, 0x0000, 0x0021, 0x0021, 0x0021,
  0x0021, 0x0021, 0x0021, 0x0021, 0x0021, 0x0021, 0x0021, 0x0021, 0x0021, 0x0021, 0x0021, 0x0021,
  0x0021, 0x0021, 0x0021, 0x0021, 0x0021, 0x0021, 0x0021, 0x0021, 0x0021, 0x0021, 0x0021, 0x0020,
  0x0021, 0x0021, 0x0021, 0x0020, 0x0021, 0x0021, 0x0020, 0x0021, 0x0021, 0x0021, 0x0021, 0x0021,
  0x0021, 0x0021, 0x0021, 0x0021, 0x0021, 0x0021, 0x0021, 0x0021, 0x0021, 0x0021, 0x0021, 0x0021,
  0x0021, 0x0021, 0x0021, 0x0021, 0x0021, 0x0021, 0x0021, 0x0021, 0x0021, 0x0021, 0x0020, 0x0821,
  0xC2CA, 0xEBAD, 0x9227, 0x40E3, 0x3903, 0x2124, 0x10A2, 0x734B, 0x4A27, 0x2165, 0x71C6, 0x51A6,
  0x39E7, 0xACF1, 0xDE56, 0xD615, 0xD635, 0xD635, 0xD635, 0xD635, 0xD635, 0xD636, 0xD635, 0xD615,
  0xD635, 0xD635, 0xD635, 0xD615, 0xD615, 0xD635, 0xD635, 0xD635, 0xD635, 0xD635, 0xD635, 0xD635,
  0xD615, 0xD635, 0xD635, 0xD635, 0xD635, 0xD635, 0xD635, 0xD635, 0xD635, 0xD635, 0xD635, 0xD635,
  0xD635, 0xD635, 0xD615, 0xD635, 0xD635, 0xD635, 0xD635, 0xD635, 0xD635, 0xD635, 0xD635, 0xD635,
  0xD635, 0xD635, 0xD635, 0xD635, 0xD635, 0xD635, 0xD635, 0xD635, 0xD635, 0xD635, 0xD635, 0xD615,
  0xD635, 0xDE56, 0xD635, 0xD635, 0xD635, 0xD635, 0xD635, 0xD635, 0xD635, 0xD656, 0x8B2B, 0xEB4B,
  0xCB0B, 0x50C2, 0x18C3, 0x2104, 0x2104, 0x1904, 0x20C3, 0xD2A9, 0xC32B, 0xA206, 0x6123, 0x0000,
  0x0821, 0x0021, 0x0021, 0x0021, 0x0021, 0x0021, 0x0021, 0x0021, 0x0021, 0x0021, 0x0021, 0x0021,
  0x0021, 0x0021, 0x0021, 0x0021, 0x0021, 0x0021, 0x0021, 0x0021, 0x0021, 0x0021, 0x0021, 0x0021,
  0x0021, 0x0021, 0x0020, 0x0021, 0x0020, 0x0020, 0x0021, 0x0021, 0x0021, 0x0020, 0x0021, 0x0021,
  0x0020, 0x0021, 0x0021, 0x0021, 0x0021, 0x0021, 0x0021, 0x0021, 0x0021, 0x0021, 0x0021, 0x0021,
  0x0021, 0x0021, 0x0020, 0x0021, 0x0021, 0x0020, 0x0021, 0x0021, 0x0021, 0x0021, 0x0021, 0x0020,
  0x0021, 0x0841, 0x0000, 0x8A07, 0xFBCD, 0xAAC9, 0x40C3, 0x4924, 0x4103, 0x08A3, 0x5A68, 0x62EA,
  0x2104, 0x39E7, 0x2986, 0x39C7, 0x83CD, 0xDE56, 0xD615, 0xD615, 0xD635, 0xD635, 0xD635, 0xD635,
  0xD635, 0xD635, 0xD635, 0xD635, 0xD635, 0xD635, 0xD635, 0xD615, 0xD635, 0xD635, 0xD635, 0xD635,
  0xD635, 0xD635, 0xD635, 0xD635, 0xD635, 0xD635, 0xD635, 0xD635, 0xD635, 0xD635, 0xD635, 0xD635,
  0xD635, 0xD635, 0xD635, 0xD635, 0xD635, 0xD635, 0xD635, 0xD635, 0xD635, 0xD635, 0xD635, 0xD635,
  0xD635, 0xD635, 0xD635, 0xD635, 0xD635, 0xD615, 0xD615, 0xD615, 0xD615, 0xD635, 0xD635, 0xD635,
  0xD635, 0xD615, 0xD615, 0xD635, 0xD635, 0xD635, 0xD655, 0xD635, 0xD635, 0xD635, 0xD635, 0xD635,
  0xDE76, 0x940E, 0xCAC9, 0xEBAD, 0x81A5, 0x48C2, 0x2104, 0x1904, 0x2104, 0x10A2, 0x89A5, 0xDB2B,
  0xA207, 0x8985, 0x0020, 0x0021, 0x0021, 0x0020, 0x0020, 0x0020, 0x0021, 0x0021, 0x0021, 0x0021,
  0x0021, 0x0021, 0x0021, 0x0021, 0x0021, 0x0021, 0x0021, 0x0021, 0x0021, 0x0021, 0x0021, 0x0021,
  0x0021, 0x0021, 0x0021, 0x0021, 0x0021, 0x0021, 0x0021, 0x0020, 0x0020, 0x0021, 0x0021, 0x0021,
  0x0021, 0x0021, 0x0021, 0x0021, 0x0020, 0x0021, 0x0021, 0x0021, 0x0021, 0x0021, 0x0021, 0x0021,
  0x0021, 0x0021, 0x0021, 0x0020, 0x0021, 0x0020, 0x0020, 0x0021, 0x0020, 0x0021, 0x0021, 0x0021,
  0x0021, 0x0021, 0x0021, 0x0021, 0x0841, 0x0000, 0x5124, 0xFBCD, 0xCB4B, 0x6944, 0x18E3, 0x28E4,
  0x30A2, 0x39A6, 0x7B8C, 0x2104, 0x39C7, 0x31A6, 0x39C6, 0x62EA, 0xD635, 0xD635, 0xD635, 0xD635,
  0xD635, 0xD635, 0xD635, 0xD635, 0xD635, 0xD635, 0xD635, 0xD635, 0xD635, 0xD635, 0xD635, 0xD635,
  0xD635, 0xD635, 0xD635, 0xD635, 0xD635, 0xD635, 0xD635, 0xD635, 0xD635, 0xD635, 0xD635, 0xD635,
  0xD635, 0xD635, 0xD635, 0xD635, 0xD635, 0xD635, 0xD635, 0xD635, 0xD635, 0xD635, 0xD635, 0xD635,
  0xD635, 0xD635, 0xD635, 0xD635, 0xD615, 0xD615, 0xD635, 0xD615, 0xD635, 0xD635, 0xD635, 0xD635,
  0xD635, 0xD635, 0xD635, 0xD615, 0xD635, 0xD635, 0xD635, 0xD635, 0xD635, 0xD635, 0xD656, 0xD635,
  0xD635, 0xD635, 0xD615, 0xDE76, 0xAD32, 0xAA89, 0xF3AD, 0xA248, 0x40E3, 0x5124, 0x20E3, 0x2104,
  0x10C3, 0x6964, 0xCAC9, 0x9A27, 0xA1C6, 0x2061, 0x0020, 0x0021, 0x0020, 0x0021, 0x0021, 0x0021,
  0x0021, 0x0021, 0x0021, 0x0021, 0x0021, 0x0021, 0x0021, 0x0021, 0x0021, 0x0021, 0x0021, 0x0021,
  0x0021, 0x0021, 0x0021, 0x0021, 0x0021, 0x0021, 0x0021, 0x0021, 0x0021, 0x0021, 0x0021, 0x0020,
  0x0020, 0x0021, 0x0020, 0x0021, 0x0021, 0x0020, 0x0020, 0x0020, 0x0020, 0x0020, 0x0020, 0x0021,
  0x0021, 0x0021, 0x0021, 0x0021, 0x0021, 0x0021, 0x0021, 0x0021, 0x0021, 0x0021, 0x0021, 0x0021,
  0x0020, 0x0021, 0x0021, 0x0021, 0x0021, 0x0020, 0x0021, 0x0021, 0x0000, 0x2082, 0xEB4B, 0xE3AD,
  0x89C6, 0x20C3, 0x1904, 0x20E3, 0x28A2, 0x83CC, 0x3185, 0x3186, 0x31A6, 0x31A6, 0x5248, 0xC593,
  0xDE55, 0xD615, 0xD635, 0xD635, 0xD635, 0xD635, 0xD635, 0xD615, 0xD635, 0xD635, 0xD615, 0xD615,
  0xD635, 0xD635, 0xD635, 0xD635, 0xD635, 0xD635, 0xD635, 0xD635, 0xD656, 0xD635, 0xD635, 0xD635,
  0xD635, 0xD635, 0xD635, 0xD635, 0xD615, 0xD635, 0xD635, 0xD635, 0xD635, 0xD635, 0xD635, 0xD635,
  0xD635, 0xD635, 0xD635, 0xD635, 0xD635, 0xD635, 0xD635, 0xD635, 0xD615, 0xD635, 0xD635, 0xD615,
  0xD615, 0xD635, 0xD635, 0xD635, 0xD635, 0xD635, 0xD635, 0xD635, 0xD615, 0xD615, 0xD635, 0xD635,
  0xD635, 0xD635, 0xD635, 0xD635, 0xD635, 0xD615, 0xDE56, 0xC5F5, 0x8AC9, 0xFB8C, 0xBAEA, 0x5103,
  0x3103, 0x6924, 0x20E4, 0x1904, 0x3903, 0xE32B, 0xB2CA, 0xA1C6, 0x48E3, 0x0000, 0x0821, 0x0021,
  0x0021, 0x0021, 0x0021, 0x0021, 0x0021, 0x0021, 0x0021, 0x0021, 0x0021, 0x0021, 0x0021, 0x0021,
  0x0021, 0x0021, 0x0021, 0x0021, 0x0021, 0x0021, 0x0021, 0x0021, 0x0021, 0x0021, 0x0021, 0x0021,
  0x0021, 0x0021, 0x0021, 0x0020, 0x0020, 0x0020, 0x0020, 0x0020, 0x0021, 0x0021, 0x0020, 0x0021,
  0x0021, 0x0021, 0x0020, 0x0021, 0x0021, 0x0021, 0x0021, 0x0021, 0x0021, 0x0021, 0x0021, 0x0021,
  0x0021, 0x0020, 0x0020, 0x0021, 0x0021, 0x0020, 0x0020, 0x0020, 0x0020, 0x0021, 0x0021, 0x0021,
  0x0020, 0xBAA9, 0xF3EE, 0x9A48, 0x38C3, 0x1904, 0x2124, 0x10A3, 0x6AEA, 0x4A07, 0x2945, 0x31A7,
  0x31A6, 0x41E7, 0xA4D0, 0xDE76, 0xD615, 0xD635, 0xD635, 0xD635, 0xD635, 0xD635, 0xD635, 0xD635,
  0xD615, 0xD635, 0xD635, 0xD615, 0xD635, 0xD635, 0xD635, 0xD635, 0xD635, 0xD635, 0xD635, 0xD656,
  0xD635, 0xD635, 0xD635, 0xD635, 0xD635, 0xD635, 0xD635, 0xD635, 0xD615, 0xD635, 0xD635, 0xD635,
  0xD635, 0xD635, 0xD615, 0xD635, 0xD635, 0xD635, 0xD656, 0xD635, 0xD635, 0xD635, 0xD635, 0xD635,
  0xD635, 0xD635, 0xD615, 0xD635, 0xD635, 0xD615, 0xD615, 0xD635, 0xD615, 0xD615, 0xD635, 0xD635,
  0xD635, 0xD615, 0xD615, 0xD615, 0xD636, 0xD635, 0xD635, 0xD635, 0xD635, 0xD615, 0xD656, 0x8B6C,
  0xE30A, 0xDB8C, 0x7985, 0x20E3, 0x18E3, 0x5103, 0x2924, 0x18A3, 0xC2A9, 0xD34B, 0xA1E6, 0x7144,
  0x0000, 0x0021, 0x0020, 0x0020, 0x0021, 0x0021, 0x0021, 0x0021, 0x0021, 0x0021, 0x0021, 0x0021,
  0x0021, 0x0021, 0x0021, 0x0021, 0x0021, 0x0021, 0x0021, 0x0021, 0x0021, 0x0021, 0x0021, 0x0021,
  0x0021, 0x0021, 0x0021, 0x0021, 0x0021, 0x0021, 0x0021, 0x0021, 0x0020, 0x0020, 0x0021, 0x0020,
  0x0021, 0x0021, 0x0021, 0x0020, 0x0020, 0x0021, 0x0021, 0x0021, 0x0021, 0x0021, 0x0021, 0x0021,
  0x0021, 0x0021, 0x0021, 0x0021, 0x0021, 0x0020, 0x0020, 0x0020, 0x0020, 0x0020, 0x0020, 0x0021,
  0x0021, 0x0021, 0x0841, 0x0000, 0x79C6, 0xFBED, 0xB2C9, 0x5103, 0x18E3, 0x2124, 0x10A2, 0x5A88,
  0x6AEA, 0x10C3, 0x31A6, 0x31A7, 0x3186, 0x83AD, 0xDE76, 0xD615, 0xD635, 0xD635, 0xD635, 0xD635,
  0xD635, 0xD635, 0xD635, 0xD635, 0xD635, 0xD635, 0xD635, 0xD635, 0xD635, 0xD635, 0xD635, 0xD635,
  0xD635, 0xD635, 0xD635, 0xD635, 0xD635, 0xD635, 0xD635, 0xD635, 0xD635, 0xD635, 0xD635, 0xD635,
  0xD635, 0xD635, 0xD635, 0xD615, 0xD635, 0xD635, 0xD615, 0xD615, 0xD635, 0xD635, 0xD635, 0xD635,
  0xD635, 0xD635, 0xD635, 0xD635, 0xD635, 0xD635, 0xD615, 0xD635, 0xD635, 0xD615, 0xD635, 0xD635,
  0xD635, 0xD635, 0xD635, 0xD635, 0xD635, 0xD635, 0xD615, 0xD615, 0xD635, 0xD635, 0xD635, 0xD635,
  0xCDF4, 0xDE76, 0x9C6F, 0xBAA9, 0xF3CD, 0x9207, 0x30C3, 0x1904, 0x2104, 0x40E3, 0x10A3, 0x89C6,
  0xE36C, 0xA227, 0x99A5, 0x1041, 0x0020, 0x0021, 0x0021, 0x0020, 0x0021, 0x0021, 0x0021, 0x0021,
  0x0021, 0x0021, 0x0021, 0x0021, 0x0021, 0x0021, 0x0021, 0x0021, 0x0021, 0x0021, 0x0021, 0x0021,
  0x0021, 0x0021, 0x0021, 0x0021, 0x0021, 0x0021, 0x0021, 0x0021, 0x0021, 0x0021, 0x0021, 0x0020,
  0x0020, 0x0020, 0x0021, 0x0021, 0x0020, 0x0020, 0x0020, 0x0020, 0x0020, 0x0021, 0x0021, 0x0021,
  0x0021, 0x0021, 0x0021, 0x0021, 0x0021, 0x0021, 0x0021, 0x0021, 0x0021, 0x0020, 0x0020, 0x0021,
  0x0020, 0x0020, 0x0020, 0x0021, 0x0020, 0x0821, 0x0000, 0x38E3, 0xFB8C, 0xCB4C, 0x7144, 0x18C3,
  0x2104, 0x18C3, 0x3165, 0x7B6B, 0x1904, 0x71E6, 0x51A6, 0x31A6, 0x62EA, 0xD615, 0xD615, 0xD615,
  0xD635, 0xD635, 0xD635, 0xD635, 0xD635, 0xD635, 0xD635, 0xD635, 0xD635, 0xD635, 0xD635, 0xD635,
  0xD635, 0xD635, 0xD635, 0xD635, 0xD635, 0xD635, 0xD635, 0xD635, 0xD635, 0xD635, 0xD635, 0xD635,
  0xD635, 0xD635, 0xD635, 0xD635, 0xD635, 0xD635, 0xD635, 0xD635, 0xD635, 0xD635, 0xD635, 0xD635,
  0xD635, 0xD635, 0xD635, 0xD635, 0xD635, 0xD635, 0xD635, 0xD635, 0xD635, 0xD635, 0xD635, 0xD635,
  0xD635, 0xD635, 0xD635, 0xD635, 0xD635, 0xD635, 0xD635, 0xD615, 0xD635, 0xD635, 0xD635, 0xD635,
  0xD635, 0xD635, 0xD615, 0xD635, 0xDE56, 0xB593, 0x9AA9, 0xFBAD, 0xAAC9, 0x48E3, 0x10E3, 0x2104,
  0x2104, 0x38E3, 0x5123, 0xEB6B, 0xA289, 0xA1C6, 0x30A2, 0x0000, 0x0821, 0x0021, 0x0021, 0x0021,
  0x0021, 0x0021, 0x0021, 0x0021, 0x0021, 0x0021, 0x0021, 0x0021, 0x0021, 0x0021, 0x0021, 0x0021,
  0x0021, 0x0021, 0x0021, 0x0021, 0x0021, 0x0021, 0x0021, 0x0021, 0x0021, 0x0021, 0x0021, 0x0021,
  0x0021, 0x0021, 0x0020, 0x0020, 0x0020, 0x0021, 0x0020, 0x0020, 0x0020, 0x0020, 0x0021, 0x0020,
  0x0021, 0x0021, 0x0020, 0x0020, 0x0021, 0x0021, 0x0021, 0x0021, 0x0021, 0x0021, 0x0021, 0x0021,
  0x0021, 0x0021, 0x0021, 0x0021, 0x0021, 0x0021, 0x0021, 0x0021, 0x0021, 0x0020, 0x1041, 0xDB0A,
  0xEBCD, 0x91E6, 0x28C3, 0x1904, 0x2104, 0x18C3, 0x7B6B, 0x3185, 0x2986, 0x51A6, 0x41A6, 0x4A27,
  0xBD73, 0xDE35, 0xD615, 0xD635, 0xD635, 0xD635, 0xD635, 0xD635, 0xD615, 0xD635, 0xD635, 0xD635,
  0xD635, 0xD635, 0xD635, 0xD635, 0xD635, 0xD635, 0xD635, 0xD635, 0xD615, 0xD635, 0xD635, 0xD635,
  0xD635, 0xD635, 0xD635, 0xD635, 0xD635, 0xD635, 0xD635, 0xD635, 0xD656, 0xD635, 0xD635, 0xD635,
  0xD635, 0xD635, 0xD635, 0xD635, 0xD635, 0xD635, 0xD635, 0xD635, 0xD635, 0xD615, 0xD635, 0xD635,
  0xD615, 0xD615, 0xD635, 0xD615, 0xD615, 0xD635, 0xD635, 0xD635, 0xD635, 0xD635, 0xD635, 0xD615,
  0xD635, 0xD635, 0xD635, 0xD635, 0xD635, 0xD615, 0xD615, 0xD635, 0xD635, 0x8B0A, 0xF36C, 0xC34B,
  0x6124, 0x18E3, 0x2104, 0x20E4, 0x1904, 0x40E3, 0xDAEA, 0xBAEA, 0xA1C6, 0x5903, 0x0000, 0x0021,
  0x0021, 0x0020, 0x0021, 0x0021, 0x0021, 0x0021, 0x0021, 0x0021, 0x0021, 0x0021, 0x0021, 0x0021,
  0x0021, 0x0021, 0x0021, 0x0021, 0x0021, 0x0021, 0x0021, 0x0021, 0x0021, 0x0021, 0x0021, 0x0020,
  0x0021, 0x0021, 0x0021, 0x0021, 0x0021, 0x0021, 0x0021, 0x0020, 0x0020, 0x0021, 0x0021, 0x0021,
  0x0020, 0x0021, 0x0021, 0x0021, 0x0021, 0x0021, 0x0021, 0x0021, 0x0020, 0x0021, 0x0021, 0x0021,
  0x0021, 0x0021, 0x0021, 0x0021, 0x0021, 0x0021, 0x0020, 0x0021, 0x0021, 0x0021, 0x0021, 0x0021,
  0x0821, 0x0000, 0xA248, 0xFBCD, 0xA268, 0x40C3, 0x1904, 0x2124, 0x10A3, 0x6B2A, 0x4A48, 0x2125,
  0x39A7, 0x31C7, 0x39E7, 0xA4D0, 0xDE76, 0xD615, 0xD635, 0xD615, 0xD635, 0xD635, 0xD635, 0xD635,
  0xD615, 0xD615, 0xD635, 0xD635, 0xD635, 0xD635, 0xD635, 0xD635, 0xD635, 0xD635, 0xD635, 0xD635,
  0xD635, 0xD635, 0xD635, 0xD635, 0xD635, 0xD635, 0xD635, 0xD635, 0xD635, 0xD635, 0xD635, 0xD635,
  0xD635, 0xD635, 0xD635, 0xD615, 0xD635, 0xD635, 0xD635, 0xD635, 0xD635, 0xD635, 0xD635, 0xD635,
  0xD635, 0xD635, 0xD635, 0xD635, 0xD615, 0xD615, 0xD635, 0xD635, 0xD635, 0xD635, 0xD635, 0xD635,
  0xD635, 0xD635, 0xD635, 0xD615, 0xD615, 0xD635, 0xD635, 0xD635, 0xD635, 0xD635, 0xD615, 0xDE76,
  0x940E, 0xDB2B, 0xE3AD, 0x8185, 0x20C3, 0x1904, 0x20E4, 0x2104, 0x1082, 0xA207, 0xDB4B, 0xA207,
  0x8185, 0x0020, 0x0021, 0x0021, 0x0021, 0x0021, 0x0021, 0x0021, 0x0021, 0x0021, 0x0021, 0x0021,
  0x0021, 0x0021, 0x0021, 0x0021, 0x0021, 0x0021, 0x0021, 0x0021, 0x0021, 0x0021, 0x0021, 0x0021,
  0x0021, 0x0021, 0x0021, 0x0021, 0x0021, 0x0021, 0x0021, 0x0021, 0x0021, 0x0021, 0x0021, 0x0020,
  0x0020, 0x0020, 0x0020, 0x0021, 0x0020, 0x0021, 0x0021, 0x0021, 0x0021, 0x0021, 0x0021, 0x0021,
  0x0021, 0x0021, 0x0021, 0x0020, 0x0021, 0x0021, 0x0021, 0x0021, 0x0021, 0x0021, 0x0021, 0x0021,
  0x0021, 0x0021, 0x0821, 0x0841, 0x0000, 0x6965, 0xFBCD, 0xBAEA, 0x5903, 0x18E3, 0x2124, 0x10A3,
  0x4A47, 0x6B0A, 0x1904, 0x39C7, 0x31A6, 0x39A6, 0x7BAC, 0xDE56, 0xD615, 0xD635, 0xD635, 0xD635,
  0xD635, 0xD635, 0xD635, 0xD635, 0xD615, 0xD615, 0xD635, 0xD635, 0xD635, 0xD635, 0xD635, 0xD615,
  0xD635, 0xD635, 0xD635, 0xD635, 0xD635, 0xD635, 0xD635, 0xD615, 0xD635, 0xD635, 0xD635, 0xD635,
  0xD635, 0xD635, 0xD635, 0xD635, 0xD615, 0xD635, 0xD635, 0xD635, 0xD635, 0xD656, 0xD635, 0xD635,
  0xD635, 0xD635, 0xD635, 0xD635, 0xD635, 0xD635, 0xD635, 0xD615, 0xD635, 0xD635, 0xD635, 0xD635,
  0xD635, 0xD635, 0xD635, 0xD635, 0xD635, 0xD635, 0xD635, 0xD635, 0xD635, 0xD635, 0xD635, 0xD635,
  0xD635, 0xD615, 0xDE56, 0xAD32, 0xAA68, 0xF3AD, 0xA247, 0x38C2, 0x18E4, 0x20E4, 0x2104, 0x10C3,
  0x7165, 0xDB2B, 0xA248, 0xA1C5, 0x1861, 0x0020, 0x0021, 0x0020, 0x0021, 0x0021, 0x0021, 0x0021,
  0x0021, 0x0021, 0x0021, 0x0021, 0x0021, 0x0021, 0x0021, 0x0021, 0x0021, 0x0021, 0x0021, 0x0021,
  0x0021, 0x0021, 0x0021, 0x0021, 0x0021, 0x0021, 0x0021, 0x0021, 0x0021, 0x0021, 0x0021, 0x0021,
  0x0021, 0x0021, 0x0020, 0x0021, 0x0020, 0x0020, 0x0020, 0x0021, 0x0021, 0x0021, 0x0020, 0x0020,
  0x0021, 0x0021, 0x0021, 0x0020, 0x0021, 0x0021, 0x0021, 0x0021, 0x0021, 0x0020, 0x0021, 0x0021,
  0x0020, 0x0021, 0x0021, 0x0021, 0x0021, 0x0021, 0x0000, 0x0000, 0x38E3, 0xF38C, 0xCB6C, 0x7165,
  0x20C3, 0x2104, 0x18E3, 0x3165, 0x838C, 0x2124, 0x31A6, 0x31A6, 0x39A6, 0x62C9, 0xCE14, 0xD635,
  0xD635, 0xD635, 0xD635, 0xD635, 0xD635, 0xD635, 0xD635, 0xD635, 0xD635, 0xD635, 0xD615, 0xD635,
  0xD615, 0xD615, 0xD635, 0xD635, 0xD635, 0xD635, 0xD635, 0xD635, 0xD635, 0xD635, 0xD635, 0xD635,
  0xD635, 0xD635, 0xD635, 0xD635, 0xD635, 0xD635, 0xD635, 0xD635, 0xD635, 0xD635, 0xD635, 0xD635,
  0xD635, 0xD635, 0xD635, 0xD635, 0xD635, 0xD635, 0xD635, 0xD635, 0xD635, 0xD635, 0xD635, 0xD635,
  0xD635, 0xD635, 0xD615, 0xD635, 0xD635, 0xD635, 0xD635, 0xD635, 0xD615, 0xD635, 0xD635, 0xD635,
  0xD635, 0xD635, 0xD635, 0xD635, 0xD635, 0xDE55, 0xC5D4, 0x7248, 0xD30B, 0xBAC9, 0x50E3, 0x18E3,
  0x2104, 0x2104, 0x10E3, 0x4104, 0xEB4B, 0xB2C9, 0xA9E6, 0x40C2, 0x0000, 0x0821, 0x0021, 0x0021,
  0x0021, 0x0021, 0x0021, 0x0021, 0x0021, 0x0021, 0x0021, 0x0021, 0x0021, 0x0021, 0x0021, 0x0021,
  0x0021, 0x0021, 0x0021, 0x0021, 0x0021, 0x0021, 0x0021, 0x0021, 0x0021, 0x0021, 0x0021, 0x0021,
  0x0021, 0x0021, 0x0021, 0x0021, 0x0021, 0x0021, 0x0021, 0x0020, 0x0020, 0x0020, 0x0021, 0x0021,
  0x0021, 0x0021, 0x0021, 0x0020, 0x0021, 0x0020, 0x0021, 0x0021, 0x0021, 0x0021, 0x0021, 0x0021,
  0x0021, 0x0021, 0x0021, 0x0021, 0x0020, 0x0021, 0x0020, 0x0021, 0x0020, 0x0041, 0x4144, 0x1061,
  0xA227, 0xE3AD, 0x9207, 0x30C3, 0x1904, 0x2104, 0x18C3, 0x838C, 0x3185, 0x2986, 0x31A7, 0x31A6,
  0x4A07, 0xBD72, 0xDE56, 0xD615, 0xD635, 0xD635, 0xD635, 0xD635, 0xD635, 0xD635, 0xD615, 0xD635,
  0xD635, 0xD635, 0xD635, 0xD635, 0xD635, 0xD615, 0xD615, 0xD635, 0xD656, 0xD635, 0xD635, 0xD635,
  0xD615, 0xD615, 0xD635, 0xD635, 0xD635, 0xD615, 0xD635, 0xD635, 0xD635, 0xD635, 0xD635, 0xD635,
  0xD635, 0xD615, 0xD615, 0xD635, 0xD635, 0xD635, 0xD635, 0xD635, 0xD635, 0xD635, 0xD635, 0xD635,
  0xD635, 0xD635, 0xD635, 0xD635, 0xD635, 0xD635, 0xD615, 0xD635, 0xD635, 0xD635, 0xD635, 0xD615,
  0xD635, 0xD635, 0xD635, 0xD635, 0xD635, 0xD635, 0xD635, 0xD635, 0xD615, 0xD656, 0x8B6C, 0xC2A9,
  0xA288, 0x7144, 0x18E3, 0x2104, 0x2104, 0x1904, 0x20C3, 0xCAC9, 0xCB4B, 0x99E6, 0x6944, 0x0000,
  0x0021, 0x0021, 0x0021, 0x0021, 0x0021, 0x0021, 0x0021, 0x0021, 0x0021, 0x0021, 0x0021, 0x0021,
  0x0021, 0x0021, 0x0021, 0x0021, 0x0021, 0x0021, 0x0021, 0x0021, 0x0021, 0x0021, 0x0021, 0x0021,
  0x0021, 0x0021, 0x0021, 0x0021, 0x0021, 0x0021, 0x0020, 0x0021, 0x0021, 0x0021, 0x0020, 0x0020,
  0x0021, 0x0021, 0x0021, 0x0021, 0x0021, 0x0021, 0x0021, 0x0020, 0x0021, 0x0021, 0x0021, 0x0020,
  0x0021, 0x0021, 0x0021, 0x0021, 0x0021, 0x0021, 0x0021, 0x0021, 0x0021, 0x0021, 0x0021, 0x0841,
  0x0000, 0x71C6, 0xFBAD, 0xDB6C, 0xB2A9, 0x8A27, 0x40E3, 0x2124, 0x2124, 0x10A3, 0x6AEA, 0x4A48,
  0x2925, 0x39A6, 0x31A6, 0x41E7, 0x9C8F, 0xDE76, 0xD615, 0xD635, 0xD615, 0xD635, 0xD635, 0xD635,
  0xD635, 0xD635, 0xD635, 0xD615, 0xD615, 0xD635, 0xD635, 0xD635, 0xD635, 0xD635, 0xD635, 0xD635,
  0xD635, 0xD635, 0xD635, 0xD635, 0xD635, 0xD635, 0xD615, 0xD635, 0xD635, 0xD635, 0xD635, 0xD635,
  0xD635, 0xD635, 0xD635, 0xD635, 0xD635, 0xD615, 0xD635, 0xD635, 0xD635, 0xD635, 0xD635, 0xD635,
  0xD635, 0xD635, 0xD635, 0xD635, 0xD635, 0xD635, 0xD635, 0xD635, 0xD635, 0xD635, 0xD635, 0xD635,
  0xD635, 0xD615, 0xD635, 0xD635, 0xD635, 0xD635, 0xD635, 0xD635, 0xD635, 0xD615, 0xD635, 0xD635,
  0xDE76, 0x944F, 0xC2C9, 0xF3CD, 0x89C6, 0x2082, 0x2104, 0x2104, 0x2124, 0x10C3, 0x81A5, 0xD34B,
  0xA247, 0x91A5, 0x0821, 0x0021, 0x0021, 0x0020, 0x0021, 0x0020, 0x0021, 0x0021, 0x0021, 0x0021,
  0x0021, 0x0021, 0x0021, 0x0021, 0x0021, 0x0021, 0x0021, 0x0021, 0x0021, 0x0021, 0x0021, 0x0021,
  0x0021, 0x0021, 0x0020, 0x0020, 0x0021, 0x0021, 0x0021, 0x0021, 0x0021, 0x0021, 0x0021, 0x0021,
  0x0021, 0x0021, 0x0021, 0x0020, 0x0020, 0x0020, 0x0021, 0x0021, 0x0021, 0x0021, 0x0021, 0x0021,
  0x0021, 0x0021, 0x0021, 0x0020, 0x0021, 0x0021, 0x0021, 0x0020, 0x0021, 0x0021, 0x0021, 0x0021,
  0x0020, 0x0020, 0x0021, 0x0000, 0x4186, 0xFBED, 0xF30B, 0xF34B, 0xFBED, 0xAAA9, 0x20A2, 0x2945,
  0x10C3, 0x4A27, 0x732B, 0x10C3, 0x71E7, 0x69E6, 0x2965, 0x734B, 0xDE56, 0xD615, 0xD635, 0xD635,
  0xD615, 0xD615, 0xD635, 0xD635, 0xD635, 0xD635, 0xD635, 0xD635, 0xD635, 0xD635, 0xD635, 0xD635,
  0xD635, 0xD635, 0xD635, 0xD635, 0xD635, 0xD635, 0xD635, 0xD635, 0xD635, 0xD635, 0xD635, 0xD615,
  0xD635, 0xD635, 0xD635, 0xD635, 0xD635, 0xD635, 0xD615, 0xD635, 0xD635, 0xD635, 0xD635, 0xD635,
  0xD635, 0xD635, 0xD635, 0xD635, 0xD635, 0xD635, 0xD635, 0xD635, 0xD635, 0xD635, 0xD635, 0xD635,
  0xD635, 0xD635, 0xD635, 0xD615, 0xD635, 0xD635, 0xD635, 0xD635, 0xD635, 0xD635, 0xD635, 0xD615,
  0xD635, 0xD615, 0xD615, 0xDE76, 0xB573, 0xA2A9, 0xFB8C, 0xA289, 0x50E2, 0x38E3, 0x1904, 0x2104,
  0x10C3, 0x6165, 0xEB6B, 0xA268, 0xA1C6, 0x2882, 0x0000, 0x0021, 0x0021, 0x0021, 0x0020, 0x0021,
  0x0020, 0x0021, 0x0021, 0x0021, 0x0021, 0x0021, 0x0021, 0x0021, 0x0021, 0x0021, 0x0021, 0x0021,
  0x0021, 0x0021, 0x0021, 0x0021, 0x0021, 0x0021, 0x0020, 0x0020, 0x0021, 0x0021, 0x0021, 0x0021,
  0x0021, 0x0021, 0x0021, 0x0021, 0x0021, 0x0021, 0x0021, 0x0021, 0x0021, 0x0021, 0x0021, 0x0021,
  0x0021, 0x0021, 0x0021, 0x0020, 0x0021, 0x0021, 0x0020, 0x0020, 0x0021, 0x0021, 0x0021, 0x0021,
  0x0021, 0x0020, 0x0021, 0x0021, 0x0021, 0x0020, 0x0021, 0x0020, 0x9A89, 0xD3CD, 0xE3ED, 0xF36C,
  0xC34B, 0x99E6, 0x3104, 0x18E4, 0x3165, 0x7B6B, 0x2124, 0x39C7, 0x3186, 0x39A6, 0x5A89, 0xC5D4,
  0xD615, 0xD635, 0xD635, 0xD635, 0xD635, 0xD615, 0xD635, 0xD635, 0xD635, 0xD635, 0xD635, 0xD635,
  0xD635, 0xD635, 0xD635, 0xD635, 0xD635, 0xD635, 0xD635, 0xD635, 0xD635, 0xD635, 0xD635, 0xD635,
  0xD635, 0xD615, 0xD615, 0xD635, 0xD635, 0xD635, 0xD635, 0xD635, 0xD635, 0xD635, 0xD635, 0xD635,
  0xD635, 0xD635, 0xD635, 0xD615, 0xD635, 0xD635, 0xD635, 0xD635, 0xD635, 0xD635, 0xD635, 0xD635,
  0xD635, 0xD635, 0xD635, 0xD635, 0xD635, 0xD635, 0xD615, 0xD635, 0xD635, 0xD635, 0xD635, 0xD615,
  0xD615, 0xD635, 0xD635, 0xD635, 0xD615, 0xD615, 0xD635, 0xCE15, 0x8AEA, 0xF36C, 0xC30B, 0x5903,
  0x4103, 0x38E3, 0x1904, 0x1904, 0x30E3, 0xDAEA, 0xBB0A, 0xA9E6, 0x5103, 0x0000, 0x0821, 0x0021,
  0x0020, 0x0021, 0x0020, 0x0020, 0x0020, 0x0021, 0x0021, 0x0021, 0x0021, 0x0021, 0x0021, 0x0021,
  0x0021, 0x0021, 0x0021, 0x0021, 0x0021, 0x0021, 0x0021, 0x0021, 0x0021, 0x0021, 0x0021, 0x0021,
  0x0020, 0x0021, 0x0021, 0x0020, 0x0021, 0x0021, 0x0021, 0x0021, 0x0021, 0x0021, 0x0021, 0x0021,
  0x0021, 0x0021, 0x0021, 0x0021, 0x0021, 0x0021, 0x0021, 0x0021, 0x0021, 0x0021, 0x0021, 0x0021,
  0x0021, 0x0021, 0x0021, 0x0021, 0x0021, 0x0021, 0x0021, 0x0021, 0x0021, 0x0021, 0x0021, 0x0841,
  0xA207, 0xBA48, 0xBAC9, 0xB2EA, 0x91E6, 0xA1E6, 0x3924, 0x18C3, 0x7B4B, 0x3186, 0x2965, 0x31A7,
  0x39C7, 0x41E7, 0xB532, 0xDE56, 0xD615, 0xD615, 0xD615, 0xD635, 0xD635, 0xD615, 0xD615, 0xD635,
  0xD635, 0xD635, 0xD635, 0xD635, 0xD635, 0xD635, 0xD635, 0xD635, 0xD635, 0xD635, 0xD635, 0xD635,
  0xD635, 0xD635, 0xD635, 0xD635, 0xD635, 0xD635, 0xD615, 0xD635, 0xD635, 0xD635, 0xD635, 0xD635,
  0xD635, 0xD635, 0xD635, 0xD635, 0xD635, 0xD635, 0xD635, 0xD635, 0xD635, 0xD635, 0xD635, 0xD635,
  0xD635, 0xD635, 0xD635, 0xD635, 0xD635, 0xD635, 0xD635, 0xD635, 0xD635, 0xD635, 0xD635, 0xD635,
  0xD635, 0xD615, 0xD635, 0xD635, 0xD635, 0xD635, 0xD635, 0xD635, 0xD635, 0xD615, 0xDE76, 0x93ED,
  0xDAEA, 0xE38D, 0x8185, 0x20C3, 0x6144, 0x30E3, 0x1904, 0x10A2, 0xB268, 0xD34C, 0x99E6, 0x7964,
  0x0000, 0x0021, 0x0020, 0x0021, 0x0021, 0x0021, 0x0021, 0x0020, 0x0021, 0x0021, 0x0021, 0x0021,
  0x0021, 0x0021, 0x0021, 0x0021, 0x0021, 0x0021, 0x0021, 0x0021, 0x0021, 0x0021, 0x0021, 0x0021,
  0x0021, 0x0021, 0x0021, 0x0021, 0x0021, 0x0021, 0x0021, 0x0021, 0x0021, 0x0021, 0x0021, 0x0021,
  0x0021, 0x0021, 0x0020, 0x0020, 0x0020, 0x0021, 0x0021, 0x0021, 0x0021, 0x0021, 0x0021, 0x0020,
  0x0021, 0x0021, 0x0020, 0x0020, 0x0021, 0x0021, 0x0021, 0x0021, 0x0021, 0x0021, 0x0021, 0x0020,
  0x0021, 0x0021, 0x0021, 0x0820, 0xA227, 0xCA89, 0xC268, 0xBA88, 0xA1E6, 0xA1E6, 0x20A2, 0x6B0A,
  0x5248, 0x2125, 0x39C7, 0x31A6, 0x39C6, 0x944F, 0xDE76, 0xD615, 0xD635, 0xD635, 0xD635, 0xD635,
  0xD615, 0xD615, 0xD635, 0xD635, 0xD635, 0xD635, 0xD635, 0xD635, 0xD635, 0xD635, 0xD635, 0xD635,
  0xD635, 0xD635, 0xD635, 0xD635, 0xD615, 0xD635, 0xD635, 0xD635, 0xD635, 0xD635, 0xD635, 0xD635,
  0xD635, 0xD635, 0xD635, 0xD635, 0xD635, 0xD635, 0xD635, 0xD656, 0xD635, 0xD635, 0xD635, 0xD635,
  0xD635, 0xD635, 0xD635, 0xD615, 0xD635, 0xD635, 0xD635, 0xD635, 0xD635, 0xD635, 0xD635, 0xD635,
  0xD635, 0xD635, 0xD635, 0xD635, 0xD635, 0xD635, 0xD635, 0xD635, 0xD635, 0xD635, 0xD635, 0xD615,
  0xD615, 0xE676, 0xA4D0, 0xBAA9, 0xFBCD, 0x9A27, 0x38C3, 0x1104, 0x3904, 0x4924, 0x08C3, 0x7985,
  0xEB6C, 0xA248, 0x99A5, 0x1041, 0x0020, 0x0021, 0x0020, 0x0021, 0x0021, 0x0021, 0x0021, 0x0020,
  0x0021, 0x0021, 0x0021, 0x0021, 0x0021, 0x0021, 0x0021, 0x0021, 0x0021, 0x0021, 0x0021, 0x0021,
  0x0021, 0x0021, 0x0021, 0x0021, 0x0021, 0x0021, 0x0021, 0x0021, 0x0021, 0x0020, 0x0021, 0x0021,
  0x0020, 0x0021, 0x0021, 0x0021, 0x0021, 0x0021, 0x0021, 0x0020, 0x0020, 0x0021, 0x0021, 0x0021,
  0x0021, 0x0021, 0x0021, 0x0020, 0x0021, 0x0021, 0x0021, 0x0021, 0x0021, 0x0021, 0x0021, 0x0021,
  0x0021, 0x0021, 0x0021, 0x0021, 0x0021, 0x0020, 0x0021, 0x0821, 0xAA27, 0xC268, 0xBA68, 0xBAA9,
  0xA1E6, 0x9185, 0x5A27, 0x736C, 0x2104, 0x39C7, 0x31A6, 0x3186, 0x734B, 0xDE76, 0xD615, 0xD615,
  0xD635, 0xD635, 0xD635, 0xD635, 0xD635, 0xD635, 0xD635, 0xD635, 0xD615, 0xD615, 0xD635, 0xD615,
  0xD635, 0xD635, 0xD635, 0xD635, 0xD635, 0xD635, 0xD635, 0xD635, 0xD635, 0xD635, 0xD635, 0xD635,
  0xD615, 0xD635, 0xD635, 0xD635, 0xD635, 0xD635, 0xD635, 0xD636, 0xD635, 0xD635, 0xD635, 0xD635,
  0xD635, 0xD635, 0xD635, 0xD635, 0xD635, 0xD615, 0xD635, 0xD615, 0xD635, 0xD635, 0xD635, 0xD635,
  0xD615, 0xD635, 0xD635, 0xD635, 0xD635, 0xD635, 0xD635, 0xD635, 0xD635, 0xD635, 0xD635, 0xD635,
  0xD635, 0xD635, 0xD615, 0xD615, 0xDE35, 0xC5D4, 0x92C9, 0xFB8C, 0xB2EA, 0x48E3, 0x1904, 0x1904,
  0x3904, 0x30E3, 0x4103, 0xEB2B, 0xAA89, 0xA1C6, 0x38C2, 0x0000, 0x0021, 0x0021, 0x0021, 0x0021,
  0x0021, 0x0021, 0x0021, 0x0021, 0x0020, 0x0021, 0x0021, 0x0021, 0x0021, 0x0021, 0x0021, 0x0021,
  0x0021, 0x0021, 0x0021, 0x0021, 0x0021, 0x0021, 0x0020, 0x0021, 0x0021, 0x0021, 0x0021, 0x0020,
  0x0020, 0x0021, 0x0021, 0x0021, 0x0021, 0x0020, 0x0021, 0x0021, 0x0021, 0x0021, 0x0020, 0x0020,
  0x0021, 0x0021, 0x0021, 0x0021, 0x0021, 0x0021, 0x0021, 0x0021, 0x0021, 0x0021, 0x0021, 0x0021,
  0x0021, 0x0021, 0x0021, 0x0021, 0x0021, 0x0021, 0x0021, 0x0021, 0x0020, 0x0021, 0x0020, 0x0820,
  0x91C6, 0xC248, 0xCA88, 0xBAA9, 0x99E6, 0x99C6, 0x5207, 0x2165, 0x31A6, 0x31A6, 0x39A6, 0x5268,
  0xCDD4, 0xDE55, 0xD635, 0xD615, 0xD615, 0xD615, 0xD635, 0xD615, 0xD635, 0xD635, 0xD615, 0xD635,
  0xD615, 0xD635, 0xD615, 0xD615, 0xD635, 0xD635, 0xD635, 0xD635, 0xD615, 0xD635, 0xD635, 0xD635,
  0xD635, 0xD635, 0xD635, 0xD635, 0xD635, 0xD635, 0xD635, 0xD635, 0xD635, 0xD635, 0xD635, 0xD635,
  0xD635, 0xD635, 0xD615, 0xD635, 0xD635, 0xD635, 0xD635, 0xD635, 0xD635, 0xD615, 0xD615, 0xD615,
  0xD635, 0xD635, 0xD635, 0xD635, 0xD635, 0xD635, 0xD635, 0xD635, 0xD635, 0xD655, 0xD635, 0xD635,
  0xD635, 0xD635, 0xD635, 0xD635, 0xD635, 0xD615, 0xD615, 0xD615, 0xD656, 0x8B4B, 0xEB4B, 0xD36C,
  0x6924, 0x18E3, 0x2104, 0x1904, 0x3104, 0x40C2, 0xC2A9, 0xC30A, 0xA1E6, 0x6924, 0x0000, 0x0021,
  0x0021, 0x0020, 0x0021, 0x0021, 0x0021, 0x0020, 0x0020, 0x0020, 0x0021, 0x0021, 0x0020, 0x0021,
  0x0021, 0x0021, 0x0021, 0x0021, 0x0021, 0x0021, 0x0021, 0x0021, 0x0021, 0x0021, 0x0021, 0x0021,
  0x0021, 0x0021, 0x0021, 0x0021, 0x0021, 0x0021, 0x0020, 0x0021, 0x0021, 0x0021, 0x0021, 0x0021,
  0x0021, 0x0021, 0x0020, 0x0020, 0x0021, 0x0021, 0x0021, 0x0020, 0x0021, 0x0021, 0x0021, 0x0020,
  0x0021, 0x0021, 0x0021, 0x0021, 0x0021, 0x0021, 0x0021, 0x0021, 0x0021, 0x0020, 0x0021, 0x0020,
  0x0021, 0x0020, 0x0020, 0x9207, 0x91C6, 0x69E6, 0x9227, 0x91A5, 0x8985, 0x7985, 0x10E3, 0x49A6,
  0x49A6, 0x3186, 0x41E6, 0xAD11, 0xDE35, 0xD615, 0xD615, 0xD635, 0xD615, 0xD615, 0xD615, 0xD615,
  0xD635, 0xD635, 0xD635, 0xD635, 0xD615, 0xD615, 0xD615, 0xD635, 0xD635, 0xD635, 0xD635, 0xD635,
  0xD635, 0xD635, 0xD635, 0xD635, 0xD635, 0xD635, 0xD615, 0xD635, 0xD635, 0xD635, 0xD635, 0xD635,
  0xD635, 0xD635, 0xD635, 0xD635, 0xD615, 0xD635, 0xD635, 0xD635, 0xD635, 0xD635, 0xD635, 0xD635,
  0xD635, 0xD635, 0xD635, 0xD635, 0xD635, 0xD635, 0xD635, 0xD635, 0xD635, 0xD635, 0xD635, 0xD635,
  0xD635, 0xD635, 0xD635, 0xD635, 0xD635, 0xD635, 0xD635, 0xD635, 0xD615, 0xD635, 0xD615, 0xDE76,
  0x942E, 0xC2CA, 0xEBCD, 0x89C6, 0x28C3, 0x1904, 0x2104, 0x2125, 0x18C3, 0xA1E6, 0xDB4B, 0x9A07,
  0x8985, 0x0820, 0x0020, 0x0021, 0x0020, 0x0021, 0x0020, 0x0021, 0x0021, 0x0021, 0x0021, 0x0020,
  0x0021, 0x0021, 0x0021, 0x0020, 0x0021, 0x0021, 0x0021, 0x0021, 0x0021, 0x0021, 0x0021, 0x0021,
  0x0021, 0x0021, 0x0021, 0x0021, 0x0021, 0x0020, 0x0021, 0x0020, 0x0021, 0x0020, 0x0021, 0x0021,
  0x0020, 0x0021, 0x0021, 0x0021, 0x0021, 0x0020, 0x0021, 0x0020, 0x0020, 0x0021, 0x0020, 0x0020,
  0x0021, 0x0021, 0x0021, 0x0021, 0x0021, 0x0021, 0x0021, 0x0021, 0x0021, 0x0021, 0x0021, 0x0021,
  0x0021, 0x0021, 0x0021, 0x0020, 0x0821, 0x0000, 0x89E7, 0xEB2B, 0x8AEA, 0xACF0, 0x9C6F, 0x7B4B,
  0x72A9, 0x4185, 0x1924, 0x5965, 0x5145, 0x31C6, 0x942E, 0xDE55, 0xCDF4, 0xD615, 0xD615, 0xD635,
  0xD635, 0xD635, 0xD615, 0xD635, 0xD635, 0xD635, 0xD635, 0xD635, 0xD615, 0xD615, 0xD615, 0xD635,
  0xD635, 0xD635, 0xD635, 0xD635, 0xD635, 0xD635, 0xD635, 0xD635, 0xD635, 0xD635, 0xD635, 0xD635,
  0xD635, 0xD635, 0xD635, 0xD635, 0xD635, 0xD635, 0xD635, 0xD635, 0xD635, 0xD635, 0xD635, 0xD635,
  0xD635, 0xD635, 0xD635, 0xD635, 0xD635, 0xD635, 0xD635, 0xD635, 0xD635, 0xD635, 0xD635, 0xD635,
  0xD635, 0xD635, 0xD635, 0xD635, 0xD635, 0xD635, 0xD635, 0xD635, 0xD635, 0xD635, 0xD635, 0xD635,
  0xD615, 0xD615, 0xDE56, 0xAD52, 0xA2A9, 0xFBCD, 0xAA68, 0x40E3, 0x1904, 0x2104, 0x2104, 0x10E3,
  0x6144, 0xEB6C, 0xA268, 0xA1C6, 0x2081, 0x0000, 0x0021, 0x0021, 0x0021, 0x0021, 0x0021, 0x0020,
  0x0021, 0x0021, 0x0021, 0x0021, 0x0020, 0x0021, 0x0021, 0x0021, 0x0021, 0x0021, 0x0021, 0x0021,
  0x0021, 0x0021, 0x0020, 0x0021, 0x0021, 0x0021, 0x0021, 0x0020, 0x0021, 0x0021, 0x0020, 0x0021,
  0x0021, 0x0020, 0x0020, 0x0021, 0x0021, 0x0021, 0x0021, 0x0021, 0x0021, 0x0021, 0x0020, 0x0020,
  0x0021, 0x0021, 0x0021, 0x0021, 0x0020, 0x0020, 0x0021, 0x0021, 0x0021, 0x0021, 0x0021, 0x0021,
  0x0021, 0x0021, 0x0021, 0x0020, 0x0020, 0x0021, 0x0020, 0x0841, 0x0000, 0x5144, 0xFB8C, 0x9B0A,
  0x9CAF, 0xBD52, 0xBD32, 0xBD72, 0xBD72, 0xACF1, 0x942E, 0x630A, 0x4A48, 0x5A89, 0xC5B3, 0xD614,
  0xDE56, 0xD635, 0xD615, 0xD615, 0xD635, 0xD635, 0xD635, 0xD635, 0xD635, 0xD635, 0xD635, 0xD635,
  0xD635, 0xD615, 0xD635, 0xD635, 0xD635, 0xD635, 0xD615, 0xD635, 0xD615, 0xD635, 0xD615, 0xD635,
  0xD635, 0xD635, 0xD635, 0xD635, 0xD635, 0xD635, 0xD615, 0xD635, 0xD635, 0xD635, 0xD635, 0xD635,
  0xD635, 0xD635, 0xD635, 0xD635, 0xD635, 0xD635, 0xD635, 0xD635, 0xD635, 0xD635, 0xD635, 0xD635,
  0xD635, 0xD635, 0xD635, 0xD615, 0xD615, 0xD635, 0xD635, 0xD635, 0xD635, 0xD635, 0xD635, 0xD635,
  0xD635, 0xD635, 0xD635, 0xD635, 0xD615, 0xD635, 0xCE15, 0x8AEA, 0xF38C, 0xC32B, 0x5903, 0x10E3,
  0x2104, 0x2104, 0x1904, 0x38E3, 0xDAEA, 0xB2A9, 0x99C6, 0x48E3, 0x0000, 0x0021, 0x0021, 0x0021,
  0x0021, 0x0021, 0x0021, 0x0021, 0x0021, 0x0021, 0x0021, 0x0021, 0x0021, 0x0021, 0x0021, 0x0021,
  0x0021, 0x0021, 0x0021, 0x0021, 0x0021, 0x0021, 0x0021, 0x0021, 0x0021, 0x0021, 0x0021, 0x0021,
  0x0021, 0x0021, 0x0021, 0x0021, 0x0020, 0x0021, 0x0020, 0x0020, 0x0020, 0x0020, 0x0021, 0x0021,
  0x0021, 0x0021, 0x0020, 0x0020, 0x0020, 0x0021, 0x0020, 0x0021, 0x0021, 0x0020, 0x0021, 0x0021,
  0x0020, 0x0021, 0x0021, 0x0021, 0x0021, 0x0021, 0x0021, 0x0021, 0x0021, 0x0021, 0x0021, 0x0000,
  0x20A2, 0xF36C, 0xBB0B, 0x8C2E, 0xC552, 0xB511, 0xB531, 0xB531, 0xB531, 0xBD52, 0xBD52, 0xC593,
  0x9C6F, 0x83AC, 0x940D, 0x942E, 0xA4D0, 0xBD73, 0xD615, 0xDE56, 0xDE56, 0xD635, 0xD615, 0xD635,
  0xD635, 0xD635, 0xD635, 0xD635, 0xD635, 0xD635, 0xD635, 0xD635, 0xD635, 0xD635, 0xD635, 0xD635,
  0xD635, 0xD635, 0xD615, 0xD635, 0xD635, 0xD635, 0xD635, 0xD635, 0xD635, 0xD635, 0xD615, 0xD635,
  0xD635, 0xD635, 0xD635, 0xD635, 0xD635, 0xD635, 0xD635, 0xD635, 0xD635, 0xD635, 0xD635, 0xD635,
  0xD615, 0xD635, 0xD635, 0xD635, 0xD635, 0xD635, 0xD635, 0xD635, 0xD635, 0xD635, 0xD635, 0xD635,
  0xD635, 0xD635, 0xD635, 0xD635, 0xD635, 0xD635, 0xD635, 0xD635, 0xD615, 0xDE76, 0x8BAD, 0xDB0A,
  0xDB8C, 0x7965, 0x18C3, 0x2104, 0x2104, 0x2104, 0x20C3, 0xA207, 0xBACA, 0xA1E6, 0x7944, 0x0000,
  0x0021, 0x0021, 0x0021, 0x0020, 0x0021, 0x0021, 0x0021, 0x0021, 0x0021, 0x0021, 0x0021, 0x0021,
  0x0021, 0x0021, 0x0021, 0x0021, 0x0021, 0x0021, 0x0021, 0x0021, 0x0021, 0x0021, 0x0021, 0x0021,
  0x0021, 0x0021, 0x0021, 0x0021, 0x0021, 0x0021, 0x0021, 0x0021, 0x0021, 0x0021, 0x0021, 0x0021,
  0x0021, 0x0021, 0x0021, 0x0021, 0x0020, 0x0021, 0x0021, 0x0020, 0x0020, 0x0021, 0x0021, 0x0021,
  0x0020, 0x0021, 0x0021, 0x0021, 0x0021, 0x0021, 0x0021, 0x0021, 0x0021, 0x0021, 0x0021, 0x0020,
  0x0021, 0x0021, 0x0021, 0x0020, 0xCAEA, 0xE34C, 0x83AC, 0xBD72, 0xB531, 0xB531, 0xBD52, 0xBD52,
  0xBD32, 0xBD32, 0xBD52, 0xA4B0, 0x8BED, 0xBD52, 0xBD32, 0xB511, 0xA48F, 0x940E, 0x8C0E, 0x9C8F,
  0xB552, 0xCDF5, 0xDE76, 0xDE56, 0xD615, 0xD615, 0xD615, 0xD635, 0xD635, 0xD635, 0xD635, 0xD635,
  0xD635, 0xD615, 0xD635, 0xD635, 0xD635, 0xD635, 0xD635, 0xD635, 0xD635, 0xD635, 0xD635, 0xD635,
  0xD635, 0xD635, 0xD615, 0xD635, 0xD635, 0xD635, 0xD635, 0xD635, 0xD635, 0xD635, 0xD635, 0xD635,
  0xD635, 0xD635, 0xD635, 0xD615, 0xD615, 0xD635, 0xD635, 0xD635, 0xD635, 0xD615, 0xD615, 0xD635,
  0xD635, 0xD635, 0xD635, 0xD635, 0xD635, 0xD635, 0xD635, 0xD635, 0xD635, 0xD635, 0xD635, 0xD615,
  0xDE76, 0x9C90, 0xAA68, 0xF3ED, 0x91E6, 0x28A2, 0x1904, 0x20E4, 0x2104, 0x10A3, 0x89C6, 0xEB8C,
  0x9A27, 0x99A5, 0x1041, 0x0020, 0x0021, 0x0021, 0x0021, 0x0020, 0x0021, 0x0021, 0x0021, 0x0021,
  0x0021, 0x0021, 0x0021, 0x0021, 0x0021, 0x0021, 0x0021, 0x0021, 0x0021, 0x0021, 0x0021, 0x0021,
  0x0021, 0x0021, 0x0021, 0x0021, 0x0021, 0x0021, 0x0021, 0x0021, 0x0021, 0x0021, 0x0021, 0x0021,
  0x0021, 0x0021, 0x0021, 0x0021, 0x0021, 0x0021, 0x0020, 0x0021, 0x0021, 0x0021, 0x0020, 0x0020,
  0x0021, 0x0021, 0x0020, 0x0021, 0x0021, 0x0021, 0x0020, 0x0021, 0x0021, 0x0021, 0x0020, 0x0021,
  0x0021, 0x0021, 0x0021, 0x0020, 0x0020, 0x0841, 0x0000, 0x81E6, 0xEB4B, 0x8B2B, 0xB531, 0xBD31,
  0xBD32, 0xBD32, 0xBD32, 0xBD32, 0xBD32, 0xBD32, 0xB531, 0x9C4F, 0xB531, 0xB531, 0xB511, 0xBD31,
  0xBD52, 0xBD52, 0xB511, 0xACB0, 0x9C4F, 0x8BED, 0x8C0E, 0xB532, 0xCDD4, 0xDE56, 0xDE56, 0xD635,
  0xD615, 0xD615, 0xD615, 0xD635, 0xD635, 0xD615, 0xD635, 0xD635, 0xD615, 0xD635, 0xD635, 0xD635,
  0xD635, 0xD635, 0xD635, 0xD635, 0xD635, 0xD635, 0xD635, 0xD635, 0xD635, 0xD635, 0xD635, 0xD635,
  0xD635, 0xD635, 0xD635, 0xD635, 0xD635, 0xD615, 0xD615, 0xD615, 0xD635, 0xD615, 0xD635, 0xD635,
  0xD635, 0xD615, 0xD615, 0xD635, 0xD635, 0xD635, 0xD635, 0xD635, 0xD635, 0xD635, 0xD635, 0xD635,
  0xD635, 0xD635, 0xD635, 0xDE35, 0xBDB3, 0x7A27, 0xBAC9, 0xAA89, 0x48E3, 0x10E3, 0x2104, 0x2104,
  0x10C3, 0x5944, 0xEB4B, 0xAA89, 0xA9E6, 0x38A2, 0x0000, 0x0821, 0x0020, 0x0021, 0x0021, 0x0021,
  0x0021, 0x0021, 0x0020, 0x0021, 0x0021, 0x0021, 0x0021, 0x0021, 0x0021, 0x0021, 0x0021, 0x0021,
  0x0021, 0x0021, 0x0021, 0x0021, 0x0021, 0x0021, 0x0021, 0x0021, 0x0020, 0x0021, 0x0021, 0x0021,
  0x0021, 0x0021, 0x0021, 0x0020, 0x0021, 0x0021, 0x0021, 0x0021, 0x0021, 0x0021, 0x0021, 0x0021,
  0x0021, 0x0021, 0x0021, 0x0021, 0x0020, 0x0021, 0x0020, 0x0020, 0x0021, 0x0021, 0x0021, 0x0021,
  0x0020, 0x0021, 0x0021, 0x0021, 0x0021, 0x0021, 0x0021, 0x0021, 0x0021, 0x0000, 0x39A6, 0xB36C,
  0x7A27, 0x942E, 0xC552, 0xBD52, 0xBD52, 0xBD32, 0xB531, 0xB511, 0xBD32, 0xBD52, 0x942E, 0xB511,
  0xBD52, 0xBD32, 0xB532, 0xBD32, 0xBD52, 0xBD31, 0xBD32, 0xBD52, 0xC572, 0x9C4F, 0x8BCD, 0x9C4E,
  0x942E, 0x9C6F, 0xAD11, 0xC5B4, 0xD655, 0xDE76, 0xD635, 0xD615, 0xD615, 0xD635, 0xD635, 0xD615,
  0xD635, 0xD635, 0xD635, 0xD635, 0xD635, 0xD635, 0xD635, 0xD635, 0xD635, 0xD635, 0xD635, 0xD635,
  0xD635, 0xD635, 0xD635, 0xD635, 0xD615, 0xD635, 0xD635, 0xD635, 0xD615, 0xD615, 0xD615, 0xD635,
  0xD615, 0xD615, 0xD635, 0xD635, 0xD635, 0xD635, 0xD615, 0xD615, 0xD635, 0xD635, 0xD635, 0xD635,
  0xD635, 0xD635, 0xD635, 0xD635, 0xD635, 0xD635, 0xD635, 0xD635, 0x8B0B, 0xE32B, 0xBAEA, 0x48C2,
  0x18E3, 0x2104, 0x2104, 0x1904, 0x28E3, 0xDAEA, 0xC30A, 0xA1E6, 0x6123, 0x0000, 0x0821, 0x0021,
  0x0020, 0x0021, 0x0021, 0x0021, 0x0021, 0x0021, 0x0021, 0x0021, 0x0021, 0x0021, 0x0021, 0x0021,
  0x0021, 0x0021, 0x0021, 0x0021, 0x0021, 0x0021, 0x0021, 0x0021, 0x0021, 0x0021, 0x0021, 0x0021,
  0x0021, 0x0021, 0x0021, 0x0021, 0x0021, 0x0021, 0x0021, 0x0021, 0x0021, 0x0021, 0x0021, 0x0021,
  0x0021, 0x0021, 0x0021, 0x0021, 0x0021, 0x0021, 0x0021, 0x0021, 0x0020, 0x0021, 0x0021, 0x0021,
  0x0021, 0x0021, 0x0021, 0x0020, 0x0021, 0x0021, 0x0021, 0x0020, 0x0020, 0x0021, 0x0020, 0x0041,
  0x0000, 0x3165, 0xBD52, 0xB532, 0xA4D0, 0x940E, 0x940E, 0xA490, 0xACD0, 0xBD52, 0xC573, 0xBD31,
  0xBD52, 0xA48F, 0xA490, 0xBD52, 0xBD31, 0xBD52, 0xBD52, 0xBD32, 0xBD52, 0xBD52, 0xBD32, 0xBD31,
  0xA48F, 0x9C6F, 0xBD52, 0xBD52, 0xBD52, 0xACF0, 0x9C4E, 0x940E, 0x944E, 0xACF1, 0xC5B3, 0xDE76,
  0xDE55, 0xD635, 0xD615, 0xD614, 0xD635, 0xD635, 0xD615, 0xD615, 0xD635, 0xD635, 0xD635, 0xD635,
  0xD635, 0xD615, 0xD635, 0xD635, 0xD635, 0xD635, 0xD635, 0xD635, 0xD635, 0xD635, 0xD635, 0xD615,
  0xD635, 0xD615, 0xD635, 0xD635, 0xD615, 0xD635, 0xD635, 0xD635, 0xD635, 0xD635, 0xD635, 0xD635,
  0xD615, 0xD635, 0xD635, 0xD635, 0xD635, 0xD635, 0xD635, 0xD635, 0xD635, 0xD635, 0xDE76, 0x942E,
  0xCAC9, 0xE3AD, 0x89C5, 0x2882, 0x1904, 0x2104, 0x2104, 0x10C3, 0xAA48, 0xDB4B, 0x9A06, 0x8985,
  0x0820, 0x0021, 0x0021, 0x0020, 0x0021, 0x0021, 0x0021, 0x0020, 0x0021, 0x0021, 0x0021, 0x0021,
  0x0021, 0x0021, 0x0021, 0x0021, 0x0021, 0x0021, 0x0021, 0x0021, 0x0021, 0x0021, 0x0021, 0x0021,
  0x0021, 0x0021, 0x0021, 0x0021, 0x0021, 0x0021, 0x0021, 0x0021, 0x0021, 0x0021, 0x0021, 0x0021,
  0x0020, 0x0020, 0x0021, 0x0021, 0x0021, 0x0021, 0x0021, 0x0021, 0x0021, 0x0021, 0x0021, 0x0021,
  0x0020, 0x0020, 0x0021, 0x0021, 0x0021, 0x0021, 0x0021, 0x0021, 0x0021, 0x0021, 0x0021, 0x0021,
  0x0020, 0x0021, 0x0020, 0x0021, 0x0000, 0x4A07, 0x8BED, 0x942E, 0xB532, 0xC593, 0xBD52, 0xA48F,
  0x942E, 0x942E, 0x9C4F, 0xB4F1, 0xA48F, 0x9C6F, 0xC572, 0xBD32, 0xBD32, 0xBD32, 0xBD31, 0xBD32,
  0xBD32, 0xBD32, 0xBD52, 0xB511, 0x8BED, 0xBD32, 0xBD32, 0xB532, 0xB511, 0xBD32, 0xBD52, 0xBD52,
  0xACF0, 0x9C6F, 0x8BED, 0x83AD, 0xA4D0, 0xBD72, 0xD615, 0xDE56, 0xDE35, 0xD635, 0xD5F4, 0xD615,
  0xD615, 0xD635, 0xD635, 0xD635, 0xD635, 0xD615, 0xD615, 0xD635, 0xD635, 0xD635, 0xD635, 0xD635,
  0xD635, 0xD635, 0xD635, 0xD635, 0xD635, 0xD635, 0xD635, 0xD635, 0xD635, 0xD635, 0xD635, 0xD635,
  0xD635, 0xD635, 0xD635, 0xD635, 0xD615, 0xD635, 0xD635, 0xD635, 0xD635, 0xD635, 0xD635, 0xD635,
  0xD615, 0xDE76, 0xAD32, 0xAA89, 0xFBAD, 0xA268, 0x40C3, 0x4903, 0x18E4, 0x2104, 0x08A3, 0x7185,
  0xEB6C, 0x9A48, 0xA1C6, 0x2061, 0x0020, 0x0021, 0x0021, 0x0021, 0x0021, 0x0021, 0x0021, 0x0021,
  0x0021, 0x0021, 0x0021, 0x0021, 0x0021, 0x0021, 0x0020, 0x0021, 0x0021, 0x0021, 0x0021, 0x0021,
  0x0021, 0x0021, 0x0021, 0x0021, 0x0021, 0x0021, 0x0021, 0x0021, 0x0021, 0x0021, 0x0021, 0x0021,
  0x0021, 0x0021, 0x0021, 0x0021, 0x0021, 0x0021, 0x0021, 0x0021, 0x0021, 0x0021, 0x0021, 0x0021,
  0x0021, 0x0021, 0x0021, 0x0021, 0x0020, 0x0021, 0x0021, 0x0021, 0x0021, 0x0021, 0x0021, 0x0021,
  0x0021, 0x0021, 0x0021, 0x0021, 0x0021, 0x0021, 0x0020, 0x0841, 0x0000, 0x39A5, 0x6AEA, 0x62C9,
  0x6AEA, 0x7B8C, 0x942E, 0xB4F1, 0xCDD4, 0xA4B0, 0x8BED, 0x9C6F, 0x7B8C, 0x942E, 0xACD0, 0xBD52,
  0xBD72, 0xBD32, 0xB531, 0xB511, 0xB531, 0xB532, 0xBD52, 0x9C4F, 0xB4F1, 0xBD32, 0xBD52, 0xBD32,
  0xBD32, 0xBD32, 0xBD31, 0xB531, 0xB531, 0xC572, 0xA4B0, 0x8BCC, 0xACD0, 0x8C0D, 0x8BED, 0xA4B0,
  0xB532, 0xCDF4, 0xDE56, 0xDE55, 0xD635, 0xD615, 0xD635, 0xD635, 0xD635, 0xD615, 0xD615, 0xD635,
  0xD635, 0xD635, 0xD635, 0xD635, 0xD635, 0xD635, 0xD635, 0xD635, 0xD635, 0xD635, 0xD635, 0xD635,
  0xD635, 0xD635, 0xD635, 0xD635, 0xD635, 0xD635, 0xD635, 0xD635, 0xD635, 0xD635, 0xD635, 0xD635,
  0xD635, 0xD635, 0xD635, 0xD615, 0xDE35, 0xC5F5, 0x8ACA, 0xF36C, 0xBAEA, 0x5903, 0x4944, 0x5103,
  0x18E4, 0x18E4, 0x4104, 0xE32B, 0xB2A9, 0xA9E6, 0x48E3, 0x0000, 0x0821, 0x0020, 0x0021, 0x0021,
  0x0021, 0x0021, 0x0021, 0x0021, 0x0021, 0x0021, 0x0021, 0x0021, 0x0021, 0x0021, 0x0021, 0x0021,
  0x0021, 0x0021, 0x0021, 0x0021, 0x0021, 0x0021, 0x0021, 0x0021, 0x0021, 0x0021, 0x0021, 0x0021,
  0x0021, 0x0021, 0x0021, 0x0021, 0x0021, 0x0021, 0x0021, 0x0021, 0x0021, 0x0021, 0x0021, 0x0021,
  0x0021, 0x0021, 0x0021, 0x0021, 0x0021, 0x0021, 0x0021, 0x0021, 0x0020, 0x0020, 0x0021, 0x0021,
  0x0021, 0x0021, 0x0021, 0x0021, 0x0021, 0x0021, 0x0020, 0x0021, 0x0021, 0x0021, 0x0841, 0x0000,
  0x5924, 0x79A5, 0x2103, 0x49E6, 0x5A88, 0x62A9, 0x62C9, 0x6B0A, 0x734B, 0x83CD, 0xBD52, 0xC572,
  0xC572, 0xA4B0, 0x942E, 0x944E, 0x9C6F, 0xACF0, 0xB531, 0xBD52, 0xBD32, 0xBD32, 0x9C4E, 0xACD1,
  0xBD52, 0xBD32, 0xBD31, 0xBD31, 0xBD32, 0xBD52, 0xBD52, 0xBD32, 0xBD32, 0xACD0, 0x940E, 0xBD52,
  0xBD32, 0xBD52, 0xB511, 0xA4AF, 0x942E, 0x8C0D, 0x9C6F, 0xB511, 0xD615, 0xDE76, 0xDE55, 0xD635,
  0xD615, 0xD615, 0xD615, 0xD635, 0xD635, 0xD635, 0xD635, 0xD635, 0xD635, 0xD635, 0xD635, 0xD615,
  0xD615, 0xD615, 0xD635, 0xD635, 0xD615, 0xD635, 0xD635, 0xD615, 0xD635, 0xD635, 0xD635, 0xD635,
  0xD635, 0xD635, 0xD635, 0xD635, 0xD635, 0xD615, 0xD615, 0xD615, 0xDE76, 0x8BAC, 0xDB0A, 0xDB8C,
  0x7965, 0x18C3, 0x4103, 0x5103, 0x1924, 0x20A2, 0xCAA9, 0xCB2B, 0x99E6, 0x7144, 0x0000, 0x0021,
  0x0020, 0x0021, 0x0021, 0x0021, 0x0021, 0x0021, 0x0021, 0x0021, 0x0021, 0x0021, 0x0021, 0x0021,
  0x0021, 0x0021, 0x0021, 0x0021, 0x0021, 0x0021, 0x0021, 0x0021, 0x0021, 0x0021, 0x0021, 0x0021,
  0x0021, 0x0021, 0x0021, 0x0021, 0x0021, 0x0021, 0x0021, 0x0021, 0x0021, 0x0021, 0x0021, 0x0021,
  0x0021, 0x0021, 0x0021, 0x0021, 0x0021, 0x0021, 0x0021, 0x0021, 0x0021, 0x0021, 0x0021, 0x0021,
  0x0020, 0x0020, 0x0021, 0x0021, 0x0021, 0x0021, 0x0021, 0x0021, 0x0021, 0x0021, 0x0020, 0x0021,
  0x0020, 0x0841, 0x0000, 0x28A2, 0xDB0A, 0x4965, 0x2125, 0x2104, 0x18E3, 0x2944, 0x4A06, 0x5A88,
  0x5A68, 0x62A9, 0x732B, 0x6B0A, 0x942E, 0xB532, 0xC593, 0xBD52, 0xA490, 0x940E, 0x942E, 0x9C8F,
  0xACF0, 0xA48F, 0x9C4E, 0xBD52, 0xB532, 0xBD32, 0xBD31, 0xBD31, 0xBD32, 0xBD32, 0xBD32, 0xBD52,
  0xBD52, 0x940E, 0xB511, 0xBD32, 0xB531, 0xB531, 0xB531, 0xBD11, 0xBD52, 0xBD31, 0xACB0, 0x942E,
  0x8BED, 0x942E, 0xB532, 0xCDF4, 0xDE56, 0xDE56, 0xD635, 0xD615, 0xD615, 0xD635, 0xD635, 0xD615,
  0xD635, 0xD635, 0xD635, 0xD635, 0xD615, 0xD615, 0xD635, 0xD635, 0xD635, 0xD635, 0xD635, 0xD635,
  0xD635, 0xD635, 0xD635, 0xD635, 0xD635, 0xD635, 0xD635, 0xD635, 0xD635, 0xD615, 0xD615, 0xDE76,
  0x9C8F, 0xC2A9, 0xF3CD, 0x9207, 0x30C3, 0x1904, 0x28E4, 0x5944, 0x10C3, 0x91E6, 0xE34C, 0x9A27,
  0x91A5, 0x0841, 0x0020, 0x0021, 0x0021, 0x0021, 0x0021, 0x0021, 0x0021, 0x0021, 0x0020, 0x0021,
  0x0021, 0x0021, 0x0021, 0x0021, 0x0021, 0x0021, 0x0021, 0x0021, 0x0021, 0x0021, 0x0021, 0x0021,
  0x0021, 0x0021, 0x0021, 0x0021, 0x0021, 0x0021, 0x0021, 0x0021, 0x0021, 0x0021, 0x0021, 0x0021,
  0x0021, 0x0021, 0x0021, 0x0021, 0x0021, 0x0020, 0x0021, 0x0021, 0x0021, 0x0021, 0x0021, 0x0021,
  0x0021, 0x0021, 0x0021, 0x0021, 0x0020, 0x0021, 0x0021, 0x0021, 0x0020, 0x0021, 0x0021, 0x0021,
  0x0021, 0x0021, 0x0021, 0x0020, 0x0021, 0x0020, 0x0820, 0xCACA, 0x69C6, 0x1945, 0x31A6, 0x3186,
  0x2966, 0x2945, 0x2104, 0x20E4, 0x2944, 0x41C6, 0x5A68, 0x62A9, 0x62C9, 0x62C9, 0x734B, 0x942E,
  0xB511, 0xC593, 0xC573, 0xACB0, 0x940D, 0x734B, 0x9C4E, 0xACD0, 0xBD32, 0xBD52, 0xBD32, 0xBD32,
  0xBD32, 0xBD31, 0xBD32, 0xC572, 0x9C6F, 0xACD0, 0xBD52, 0xBD31, 0xBD52, 0xBD32, 0xB531, 0xBD32,
  0xB511, 0xB511, 0xBD52, 0xC593, 0x940D, 0x8BCD, 0x9C4E, 0x8BED, 0x942E, 0xAD11, 0xCDF4, 0xDE56,
  0xDE76, 0xD635, 0xD615, 0xD615, 0xD615, 0xD635, 0xD635, 0xD635, 0xD635, 0xD635, 0xD615, 0xD615,
  0xD635, 0xD635, 0xD615, 0xD635, 0xD635, 0xD635, 0xD635, 0xD635, 0xD635, 0xD635, 0xD635, 0xD635,
  0xD635, 0xD615, 0xDE56, 0xBD93, 0x9AA9, 0xFBAD, 0xB2A9, 0x40E3, 0x10E4, 0x2104, 0x2904, 0x30C2,
  0x5944, 0xF36C, 0xA268, 0xA9C6, 0x30A2, 0x0000, 0x0021, 0x0021, 0x0021, 0x0021, 0x0021, 0x0021,
  0x0021, 0x0021, 0x0021, 0x0021, 0x0021, 0x0021, 0x0021, 0x0021, 0x0021, 0x0021, 0x0021, 0x0021,
  0x0021, 0x0021, 0x0021, 0x0021, 0x0020, 0x0021, 0x0021, 0x0021, 0x0021, 0x0021, 0x0021, 0x0021,
  0x0021, 0x0021, 0x0021, 0x0021, 0x0021, 0x0021, 0x0021, 0x0021, 0x0021, 0x0021, 0x0021, 0x0021,
  0x0021, 0x0021, 0x0021, 0x0021, 0x0021, 0x0021, 0x0021, 0x0021, 0x0020, 0x0020, 0x0021, 0x0021,
  0x0020, 0x0021, 0x0021, 0x0020, 0x0021, 0x0021, 0x0021, 0x0021, 0x0841, 0x0000, 0x9A68, 0xA2A9,
  0x1945, 0x31A6, 0x2986, 0x2966, 0x2986, 0x3186, 0x3186, 0x2986, 0x2945, 0x2104, 0x18E3, 0x2944,
  0x41C6, 0x5248, 0x62A9, 0x62C9, 0x6AEA, 0x734B, 0x8BED, 0xACD0, 0x9C90, 0xBD73, 0xACD1, 0x942E,
  0x8BED, 0x9C4F, 0xACF1, 0xBD52, 0xBD52, 0xBD32, 0xBD72, 0xA4B0, 0x9C6F, 0xBD52, 0xB511, 0xBD32,
  0xBD32, 0xB531, 0xBD32, 0xBD32, 0xBD32, 0xB531, 0xBD52, 0xA48F, 0x9C6F, 0xBD31, 0xBD31, 0xB511,
  0xACB0, 0x9C2E, 0x942E, 0x944F, 0xACF1, 0xC5B3, 0xDE56, 0xDE56, 0xD615, 0xD615, 0xD615, 0xD615,
  0xD635, 0xD635, 0xD615, 0xD635, 0xD635, 0xD635, 0xD615, 0xD635, 0xD635, 0xD635, 0xD615, 0xD635,
  0xD636, 0xD635, 0xD635, 0xD635, 0xDE35, 0xDE35, 0xCE35, 0x830A, 0xEB4B, 0xCB2B, 0x6123, 0x18E3,
  0x2104, 0x2104, 0x20E3, 0x48C2, 0xDAEA, 0xBB0A, 0xA1E6, 0x5903, 0x0000, 0x0821, 0x0021, 0x0021,
  0x0021, 0x0021, 0x0021, 0x0021, 0x0021, 0x0021, 0x0021, 0x0021, 0x0021, 0x0021, 0x0021, 0x0021,
  0x0021, 0x0021, 0x0021, 0x0021, 0x0021, 0x0021, 0x0020, 0x0020, 0x0021, 0x0021, 0x0021, 0x0021,
  0x0021, 0x0021, 0x0021, 0x0021, 0x0021, 0x0021, 0x0021, 0x0021, 0x0021, 0x0021, 0x0021, 0x0021,
  0x0021, 0x0021, 0x0021, 0x0021, 0x0021, 0x0021, 0x0021, 0x0021, 0x0021, 0x0021, 0x0021, 0x0021,
  0x0020, 0x0021, 0x0021, 0x0021, 0x0021, 0x0021, 0x0021, 0x0021, 0x0021, 0x0021, 0x0020, 0x0841,
  0x0000, 0x5985, 0xBAA9, 0x1904, 0x3186, 0x3186, 0x3186, 0x3186, 0x2986, 0x2966, 0x2986, 0x2986,
  0x3186, 0x3186, 0x3186, 0x2945, 0x2104, 0x20E4, 0x2944, 0x41C6, 0x5247, 0x5A88, 0x62A9, 0x5A88,
  0x732B, 0x944F, 0xB511, 0xBD52, 0xBD32, 0xACD0, 0x9C4F, 0x942E, 0xA48F, 0xACF0, 0xB4F1, 0x940E,
  0xBD32, 0xB531, 0xB511, 0xB532, 0xBD32, 0xBD32, 0xB531, 0xB511, 0xB511, 0xBD52, 0xACF1, 0x940E,
  0xBD52, 0xB511, 0xB511, 0xB531, 0xBD52, 0xBD52, 0xBD52, 0xACD0, 0x942E, 0x8C0D, 0x8BED, 0xA4D0,
  0xC5D4, 0xD635, 0xDE56, 0xD635, 0xD615, 0xD615, 0xD615, 0xD615, 0xD615, 0xD615, 0xD635, 0xD635,
  0xD635, 0xD635, 0xD635, 0xD636, 0xDE56, 0xD635, 0xD615, 0xDE56, 0xC5F4, 0xD656, 0x9C2E, 0xDAEA,
  0xEBCD, 0x89C6, 0x20C3, 0x1904, 0x2104, 0x2104, 0x10A2, 0xB268, 0xD34B, 0x99E6, 0x8165, 0x0000,
  0x0021, 0x0020, 0x0021, 0x0021, 0x0021, 0x0021, 0x0021, 0x0021, 0x0021, 0x0021, 0x0021, 0x0021,
  0x0021, 0x0021, 0x0021, 0x0021, 0x0021, 0x0020, 0x0021, 0x0021, 0x0021, 0x0021, 0x0021, 0x0020,
  0x0021, 0x0021, 0x0021, 0x0021, 0x0021, 0x0021, 0x0021, 0x0021, 0x0021, 0x0021, 0x0021, 0x0021,
  0x0021, 0x0021, 0x0021, 0x0021, 0x0021, 0x0021, 0x0020, 0x0021, 0x0021, 0x0021, 0x0021, 0x0021,
  0x0021, 0x0021, 0x0021, 0x0021, 0x0020, 0x0020, 0x0021, 0x0020, 0x0021, 0x0021, 0x0021, 0x0020,
  0x0021, 0x0021, 0x0841, 0x0000, 0x28C3, 0xD32B, 0x3965, 0x2986, 0x31A6, 0x2966, 0x2945, 0x2965,
  0x2966, 0x3186, 0x3186, 0x3186, 0x2986, 0x3186, 0x3186, 0x3186, 0x3186, 0x3186, 0x2945, 0x2104,
  0x18E4, 0x2924, 0x41E6, 0x5268, 0x5A68, 0x62A9, 0x62A9, 0x732B, 0x940E, 0xB511, 0xBD72, 0xBD52,
  0xACB0, 0x940E, 0x7B6C, 0x940E, 0xACF1, 0xBD32, 0xBD32, 0xBD52, 0xBD32, 0xBD32, 0xB531, 0xB511,
  0xB531, 0xBD32, 0x944F, 0xB511, 0xBD31, 0xB531, 0xB531, 0xBD32, 0xBD32, 0xB531, 0xBD32, 0xBD32,
  0xBD52, 0xB4F1, 0x838C, 0x9C4E, 0x940D, 0x942E, 0xA4D0, 0xC5B3, 0xD635, 0xDE56, 0xD635, 0xD615,
  0xD615, 0xD615, 0xD615, 0xD635, 0xD615, 0xD635, 0xD635, 0xD635, 0xD635, 0xD615, 0xDE56, 0xB573,
  0x8ACA, 0x9B2B, 0x8A68, 0xD34B, 0x9A48, 0x38C3, 0x18E4, 0x2104, 0x2104, 0x10C3, 0x81C6, 0xEB8C,
  0x9A27, 0xA1C6, 0x1861, 0x0020, 0x0021, 0x0021, 0x0021, 0x0021, 0x0021, 0x0021, 0x0021, 0x0021,
  0x0021, 0x0021, 0x0021, 0x0021, 0x0021, 0x0021, 0x0021, 0x0021, 0x0021, 0x0021, 0x0021, 0x0021,
  0x0021, 0x0021, 0x0021, 0x0021, 0x0020, 0x0020, 0x0021, 0x0021, 0x0020, 0x0021, 0x0021, 0x0021,
  0x0021, 0x0021, 0x0021, 0x0021, 0x0021, 0x0021, 0x0021, 0x0021, 0x0021, 0x0021, 0x0021, 0x0021,
  0x0021, 0x0021, 0x0021, 0x0021, 0x0021, 0x0021, 0x0021, 0x0021, 0x0020, 0x0021, 0x0020, 0x0021,
  0x0020, 0x0020, 0x0020, 0x0021, 0x0021, 0x0021, 0x0020, 0x0841, 0xBAEA, 0x61C6, 0x21C7, 0x8248,
  0x71E7, 0x3A08, 0x41E7, 0x31A6, 0x2965, 0x2945, 0x2945, 0x2966, 0x3186, 0x3186, 0x3186, 0x2986,
  0x2986, 0x3186, 0x3186, 0x3186, 0x3186, 0x2965, 0x2124, 0x18E4, 0x2104, 0x39A5, 0x5227, 0x62A9,
  0x62C9, 0x6AEA, 0x730A, 0x8BED, 0xACF1, 0xA4B0, 0xBD52, 0xA4B0, 0x940E, 0x8BED, 0x9C6F, 0xACF0,
  0xBD31, 0xBD52, 0xBD32, 0xB531, 0xBD32, 0x9C4E, 0xACD0, 0xBD52, 0xB511, 0xB511, 0xB532, 0xB531,
  0xBD32, 0xBD32, 0xBD32, 0xB532, 0xB531, 0x8BED, 0xB4F1, 0xBD52, 0xB511, 0xACF0, 0x9C4F, 0x8BED,
  0x8C0D, 0xA4D0, 0xC5B4, 0xD635, 0xDE56, 0xDE55, 0xD615, 0xD615, 0xD615, 0xD635, 0xD635, 0xD615,
  0xD615, 0xD615, 0xCE14, 0x8B4C, 0xE2EA, 0xF34B, 0xDB0A, 0xBB2B, 0x4924, 0x10C3, 0x2104, 0x2104,
  0x10E3, 0x40E3, 0xE32B, 0xB2A9, 0xA1C6, 0x40C2, 0x0000, 0x0021, 0x0021, 0x0021, 0x0021, 0x0021,
  0x0021, 0x0021, 0x0021, 0x0021, 0x0021, 0x0021, 0x0021, 0x0021, 0x0021, 0x0021, 0x0021, 0x0021,
  0x0021, 0x0021, 0x0021, 0x0021, 0x0021, 0x0021, 0x0021, 0x0021, 0x0021, 0x0021, 0x0021, 0x0021,
  0x0021, 0x0021, 0x0021, 0x0021, 0x0021, 0x0021, 0x0021, 0x0021, 0x0021, 0x0021, 0x0021, 0x0021,
  0x0021, 0x0021, 0x0021, 0x0021, 0x0021, 0x0021, 0x0021, 0x0021, 0x0021, 0x0021, 0x0021, 0x0021,
  0x0020, 0x0021, 0x0021, 0x0021, 0x0021, 0x0021, 0x0021, 0x0021, 0x0021, 0x0841, 0x0000, 0x7A48,
  0xEBCD, 0x7A07, 0x49A6, 0x4165, 0x4185, 0x31E7, 0x4228, 0x4228, 0x4208, 0x39E7, 0x31A6, 0x2965,
  0x2945, 0x2965, 0x2986, 0x3186, 0x3186, 0x2986, 0x2986, 0x2986, 0x3186, 0x3186, 0x3186, 0x3186,
  0x2965, 0x2125, 0x2104, 0x2924, 0x39A5, 0x5247, 0x62A9, 0x62C9, 0x62CA, 0x62CA, 0x8BED, 0xA48F,
  0xBD32, 0xBD32, 0xACF1, 0x9C6F, 0x940E, 0x9C4E, 0xACD0, 0xBD52, 0xA48F, 0x9C2E, 0xBD32, 0xB511,
  0xB531, 0xBD31, 0xBD32, 0xBD31, 0xBD31, 0xBD32, 0xB531, 0xBD52, 0x9C4F, 0xA48F, 0xBD52, 0xB511,
  0xB511, 0xB511, 0xBD52, 0xBD52, 0xACF0, 0xA48F, 0x940D, 0x940E, 0xA4D0, 0xC5B4, 0xD635, 0xDE56,
  0xD635, 0xD615, 0xD615, 0xD615, 0xD615, 0xDE76, 0x8C0E, 0xB32B, 0xEBAC, 0xEB6C, 0xF38C, 0xCB4B,
  0x4924, 0x1904, 0x2104, 0x1904, 0x28E3, 0xBA68, 0xAA88, 0xA1E6, 0x6924, 0x0000, 0x0021, 0x0020,
  0x0021, 0x0020, 0x0021, 0x0021, 0x0021, 0x0021, 0x0021, 0x0021, 0x0021, 0x0021, 0x0021, 0x0021,
  0x0021, 0x0021, 0x0021, 0x0021, 0x0021, 0x0021, 0x0021, 0x0021, 0x0021, 0x0021, 0x0021, 0x0021,
  0x0021, 0x0021, 0x0021, 0x0021, 0x0021, 0x0021, 0x0021, 0x0021, 0x0021, 0x0021, 0x0021, 0x0021,
  0x0021, 0x0021, 0x0021, 0x0021, 0x0021, 0x0021, 0x0021, 0x0020, 0x0021, 0x0021, 0x0021, 0x0021,
  0x0021, 0x0021, 0x0021, 0x0021, 0x0021, 0x0021, 0x0021, 0x0021, 0x0021, 0x0021, 0x0021, 0x0021,
  0x0021, 0x0021, 0x0020, 0x89A5, 0xB2A9, 0xCB2B, 0xD34B, 0xB2EA, 0x8248, 0x51C7, 0x31A6, 0x31C7,
  0x3A08, 0x4228, 0x4228, 0x4208, 0x41E7, 0x39C7, 0x3186, 0x2965, 0x2965, 0x2966, 0x3186, 0x3186,
  0x3186, 0x2986, 0x2986, 0x3186, 0x3186, 0x31A6, 0x3186, 0x2965, 0x2124, 0x2104, 0x2924, 0x39C6,
  0x4A07, 0x4A06, 0x62A9, 0x62C9, 0x734B, 0x8C0E, 0xACF1, 0xBD73, 0xBD72, 0xACB0, 0x9C6F, 0x8C0E,
  0x7B4B, 0xA48F, 0xB511, 0xBD52, 0xBD32, 0xB531, 0xBD32, 0xBD31, 0xB511, 0xB531, 0xBD31, 0xACD0,
  0x942E, 0xBD52, 0xB511, 0xB511, 0xB531, 0xB532, 0xBD32, 0xBD32, 0xBD52, 0xBD52, 0xBD31, 0xB511,
  0x7B6C, 0x83AC, 0x8C0D, 0xA4D0, 0xC593, 0xD635, 0xDE76, 0xD635, 0xCDF4, 0xD655, 0x93AC, 0xAA07,
  0xB2A9, 0xB2EA, 0xBB2B, 0x99E6, 0x4903, 0x10E3, 0x2104, 0x10A2, 0xA227, 0xE36C, 0x9A07, 0x91A5,
  0x0821, 0x0020, 0x0021, 0x0021, 0x0021, 0x0021, 0x0021, 0x0021, 0x0021, 0x0021, 0x0021, 0x0021,
  0x0021, 0x0021, 0x0021, 0x0020, 0x0021, 0x0021, 0x0021, 0x0021, 0x0021, 0x0021, 0x0021, 0x0021,
  0x0021, 0x0021, 0x0021, 0x0021, 0x0021, 0x0020, 0x0021, 0x0021, 0x0021, 0x0021, 0x0021, 0x0021,
  0x0021, 0x0021, 0x0021, 0x0021, 0x0021, 0x0021, 0x0021, 0x0021, 0x0021, 0x0021, 0x0021, 0x0021,
  0x0021, 0x0021, 0x0021, 0x0021, 0x0021, 0x0021, 0x0021, 0x0020, 0x0021, 0x0020, 0x0021, 0x0021,
  0x0020, 0x0021, 0x0021, 0x0020, 0x0021, 0x0021, 0x0000, 0x8985, 0xB206, 0xA1E6, 0xAA27, 0xB2A9,
  0xD34B, 0xD38C, 0xBB2B, 0x8268, 0x51E7, 0x31A6, 0x31C7, 0x3A08, 0x4228, 0x4A28, 0x4228, 0x39E7,
  0x31A6, 0x2965, 0x2945, 0x2965, 0x2966, 0x3186, 0x3186, 0x3186, 0x3186, 0x3186, 0x3186, 0x3186,
  0x3186, 0x3186, 0x2945, 0x2104, 0x18E4, 0x2104, 0x39A6, 0x5227, 0x6288, 0x62A9, 0x62C9, 0x732B,
  0x8BED, 0xA4B0, 0xBD52, 0x9C90, 0xACF1, 0x944F, 0x940E, 0x9C4E, 0xACD0, 0xBD32, 0xBD52, 0xBD52,
  0xB511, 0xB531, 0xB4F1, 0x940E, 0xB511, 0xBD31, 0xBD32, 0xB531, 0xBD32, 0xB531, 0xB531, 0xBD31,
  0xBD31, 0xB511, 0xBD31, 0x9C6F, 0x942E, 0xBD31, 0xACAF, 0x9C4E, 0x942E, 0x942E, 0xA4B0, 0xBD73,
  0xCDF4, 0xDE76, 0x9BED, 0xAA06, 0xBA47, 0xB247, 0x9A07, 0x99C6, 0x4904, 0x18E4, 0x10C3, 0x6965,
  0xF38C, 0xAA89, 0xA1C5, 0x2882, 0x0000, 0x0021, 0x0021, 0x0021, 0x0021, 0x0021, 0x0021, 0x0021,
  0x0021, 0x0021, 0x0021, 0x0021, 0x0021, 0x0021, 0x0021, 0x0021, 0x0021, 0x0021, 0x0021, 0x0021,
  0x0021, 0x0021, 0x0021, 0x0021, 0x0021, 0x0021, 0x0021, 0x0021, 0x0021, 0x0021, 0x0021, 0x0021,
  0x0021, 0x0020, 0x0021, 0x0021, 0x0021, 0x0021, 0x0021, 0x0021, 0x0021, 0x0021, 0x0021, 0x0021,
  0x0021, 0x0021, 0x0021, 0x0021, 0x0021, 0x0021, 0x0021, 0x0021, 0x0021, 0x0021, 0x0021, 0x0020,
  0x0021, 0x0021, 0x0021, 0x0021, 0x0021, 0x0020, 0x0020, 0x0021, 0x0021, 0x0021, 0x0000, 0x7144,
  0xBA27, 0xBA27, 0xA207, 0x9206, 0x99C5, 0xAA27, 0xBAA9, 0xCB4B, 0xD36C, 0xB2EA, 0x8248, 0x51E7,
  0x39C7, 0x31E7, 0x31E7, 0x8228, 0x7A07, 0x39E8, 0x41E7, 0x31A6, 0x2966, 0x2965, 0x2965, 0x2986,
  0x3186, 0x3186, 0x3186, 0x3186, 0x3186, 0x2986, 0x3186, 0x3186, 0x3186, 0x2966, 0x2124, 0x18E4,
  0x2104, 0x39A5, 0x5227, 0x5A88, 0x62A9, 0x62C9, 0x5A88, 0x838C, 0xB511, 0xC5B4, 0xBD72, 0xA4B0,
  0x942E, 0x940E, 0x9C6F, 0xACF1, 0xB511, 0xBD72, 0x9C4E, 0xACD0, 0xBD32, 0xB511, 0xB531, 0xBD32,
  0xBD32, 0xB531, 0xBD31, 0xB531, 0xB531, 0xBD31, 0xACD0, 0x942E, 0xB511, 0xB511, 0xBD32, 0xBD52,
  0xBD52, 0xB4F1, 0xA46F, 0x8BED, 0x8BED, 0xACF1, 0x8B6C, 0xB207, 0xBA68, 0xBA88, 0xA227, 0x99C6,
  0x4904, 0x08C3, 0x4104, 0xE30B, 0xB2CA, 0xA1E6, 0x50E3, 0x0000, 0x0821, 0x0021, 0x0021, 0x0021,
  0x0021, 0x0021, 0x0020, 0x0021, 0x0021, 0x0021, 0x0021, 0x0021, 0x0021, 0x0021, 0x0021, 0x0021,
  0x0021, 0x0021, 0x0021, 0x0021, 0x0021, 0x0021, 0x0021, 0x0021, 0x0021, 0x0021, 0x0021, 0x0021,
  0x0021, 0x0021, 0x0021, 0x0021, 0x0021, 0x0021, 0x0021, 0x0021, 0x0021, 0x0021, 0x0021, 0x0021,
  0x0021, 0x0021, 0x0021, 0x0021, 0x0021, 0x0021, 0x0021, 0x0021, 0x0021, 0x0021, 0x0021, 0x0021,
  0x0021, 0x0021, 0x0021, 0x0020, 0x0020, 0x0020, 0x0021, 0x0021, 0x0021, 0x0021, 0x0021, 0x0021,
  0x0021, 0x0021, 0x0021, 0x0821, 0x2882, 0x6124, 0x91C5, 0xA1E6, 0xBA47, 0xBA27, 0xA9E6, 0xA1E6,
  0xAA27, 0xBAC9, 0xD34B, 0xD38C, 0xBB0A, 0x8227, 0x49C6, 0x4985, 0x4185, 0x31E8, 0x4208, 0x4208,
  0x4208, 0x39E7, 0x31A6, 0x2965, 0x2965, 0x2965, 0x3186, 0x3186, 0x3186, 0x2986, 0x2986, 0x3186,
  0x3186, 0x3186, 0x3186, 0x3186, 0x2966, 0x2124, 0x1904, 0x2104, 0x3985, 0x5247, 0x5227, 0x5A88,
  0x6AEA, 0x732B, 0x8BED, 0xACD0, 0xBD72, 0xBD52, 0xACF1, 0x9C6F, 0x940D, 0x8BED, 0x940E, 0xB511,
  0xBD52, 0xBD52, 0xB511, 0xB531, 0xBD32, 0xBD32, 0xBD31, 0xBD32, 0xB531, 0xB531, 0x8BED, 0xB4F1,
  0xB511, 0xB531, 0xBD32, 0xBD31, 0xB531, 0xB531, 0xBD31, 0xBD11, 0xB4F1, 0x9C6F, 0x5A27, 0x79A5,
  0x99C6, 0xBA27, 0xA207, 0xA1E6, 0x4924, 0x0882, 0xBA68, 0xD34B, 0x99E6, 0x7964, 0x0020, 0x0021,
  0x0021, 0x0021, 0x0021, 0x0021, 0x0021, 0x0021, 0x0020, 0x0020, 0x0021, 0x0021, 0x0021, 0x0021,
  0x0021, 0x0021, 0x0021, 0x0021, 0x0021, 0x0021, 0x0021, 0x0021, 0x0021, 0x0021, 0x0021, 0x0021,
  0x0021, 0x0020, 0x0021, 0x0021, 0x0021, 0x0021, 0x0021, 0x0021, 0x0021, 0x0021, 0x0021, 0x0021,
  0x0021, 0x0021, 0x0021, 0x0021, 0x0021, 0x0021, 0x0021, 0x0021, 0x0021, 0x0021, 0x0021, 0x0021,
  0x0021, 0x0021, 0x0021, 0x0021, 0x0021, 0x0021, 0x0021, 0x0021, 0x0020, 0x0021, 0x0021, 0x0021,
  0x0021, 0x0021, 0x0021, 0x0021, 0x0021, 0x0021, 0x0021, 0x0021, 0x0020, 0x0000, 0x0820, 0x30A2,
  0x6144, 0x91C6, 0xB227, 0xBA48, 0xBA47, 0xB207, 0xAA06, 0xAA27, 0xB289, 0xCB0A, 0xDB8C, 0xB30B,
  0x7A28, 0x51E7, 0x31A6, 0x31C7, 0x39E8, 0x4208, 0x4228, 0x4208, 0x41E8, 0x39C7, 0x3186, 0x2965,
  0x2965, 0x2966, 0x3186, 0x3186, 0x3186, 0x3186, 0x2986, 0x3186, 0x3186, 0x3186, 0x3186, 0x2965,
  0x2125, 0x2104, 0x2104, 0x3985, 0x4A27, 0x5A68, 0x62A9, 0x62C9, 0x732B, 0x8BEE, 0xACD0, 0xBD73,
  0xACF1, 0x942F, 0x9C4F, 0x8BED, 0x9C6F, 0xACD0, 0xB531, 0xBD32, 0xBD32, 0xB531, 0xB531, 0xB531,
  0xBD72, 0x942E, 0xACB0, 0xBD52, 0xB511, 0xBD31, 0xB511, 0xB531, 0xB531, 0xB531, 0xB511, 0xACF1,
  0xBD32, 0x9C4E, 0x9C6F, 0xA4AF, 0x836B, 0x7A88, 0x71A5, 0x8164, 0x30A2, 0x81A6, 0xE34B, 0x9A27,
  0x99A5, 0x1041, 0x0020, 0x0021, 0x0021, 0x0021, 0x0021, 0x0021, 0x0021, 0x0021, 0x0021, 0x0021,
  0x0021, 0x0021, 0x0021, 0x0021, 0x0021, 0x0021, 0x0021, 0x0021, 0x0021, 0x0021, 0x0021, 0x0021,
  0x0021, 0x0021, 0x0021, 0x0021, 0x0021, 0x0021, 0x0020, 0x0021, 0x0021, 0x0021, 0x0021, 0x0021,
  0x0021, 0x0021, 0x0021, 0x0021, 0x0021, 0x0021, 0x0021, 0x0021, 0x0021, 0x0021, 0x0021, 0x0021,
  0x0021, 0x0021, 0x0021, 0x0021, 0x0021, 0x0021, 0x0021, 0x0021, 0x0021, 0x0021, 0x0021, 0x0021,
  0x0021, 0x0021, 0x0021, 0x0021, 0x0021, 0x0021, 0x0021, 0x0021, 0x0021, 0x0020, 0x0020, 0x0020,
  0x0021, 0x0821, 0x0021, 0x0000, 0x0000, 0x0020, 0x2882, 0x6123, 0x91C6, 0xB247, 0xBA48, 0xBA27,
  0xAA07, 0xAA07, 0xAA68, 0xBAA9, 0xD34B, 0xD38C, 0xBAEA, 0x8248, 0x51C7, 0x31C7, 0x31E7, 0x3A08,
  0x4228, 0x4228, 0x4208, 0x3A08, 0x29A6, 0x31A6, 0x2945, 0x2965, 0x2966, 0x3186, 0x3186, 0x3186,
  0x2986, 0x3186, 0x3186, 0x3186, 0x3186, 0x3186, 0x2966, 0x2124, 0x18E3, 0x2104, 0x39A5, 0x5247,
  0x62A9, 0x62A9, 0x62A9, 0x734B, 0x736C, 0xACD0, 0xBD72, 0xC573, 0xACF1, 0x9C4F, 0x940E, 0x9C4F,
  0xACD0, 0xB511, 0xBD32, 0xBD52, 0xA4B0, 0x942E, 0xBD52, 0xB531, 0xBD32, 0xB531, 0xB511, 0xB511,
  0xB531, 0xB531, 0xB531, 0xBD52, 0xA48F, 0x944F, 0xBD72, 0xBD32, 0xBD52, 0xB531, 0xACF0, 0x736B,
  0x81C6, 0xCAA9, 0x9A48, 0xA9E6, 0x38A2, 0x0000, 0x0021, 0x0021, 0x0021, 0x0021, 0x0021, 0x0021,
  0x0021, 0x0021, 0x0021, 0x0021, 0x0021, 0x0021, 0x0021, 0x0021, 0x0021, 0x0021, 0x0021, 0x0021,
  0x0021, 0x0021, 0x0021, 0x0021, 0x0021, 0x0021, 0x0021, 0x0021, 0x0021, 0x0021, 0x0021, 0x0021,
  0x0021, 0x0021, 0x0021, 0x0021, 0x0021, 0x0021, 0x0021, 0x0021, 0x0021, 0x0021, 0x0021, 0x0021,
  0x0021, 0x0021, 0x0021, 0x0021, 0x0021, 0x0020, 0x0021, 0x0021, 0x0021, 0x0021, 0x0021, 0x0021,
  0x0021, 0x0021, 0x0021, 0x0021, 0x0021, 0x0021, 0x0020, 0x0021, 0x0021, 0x0021, 0x0021, 0x0021,
  0x0021, 0x0021, 0x0021, 0x0021, 0x0021, 0x0021, 0x0021, 0x0021, 0x0821, 0x0021, 0x0020, 0x0000,
  0x0020, 0x2882, 0x6124, 0x91C6, 0xBA47, 0xBA47, 0xA247, 0x99C6, 0xA9E6, 0xAA27, 0xB2A9, 0xD34B,
  0xD36C, 0xB2EA, 0x8248, 0x51C7, 0x31A6, 0x31C7, 0x3208, 0x5A28, 0x9A68, 0x41E7, 0x4208, 0x31A6,
  0x2966, 0x2965, 0x2965, 0x2966, 0x3186, 0x3186, 0x3186, 0x3186, 0x2986, 0x3186, 0x3186, 0x3186,
  0x3186, 0x2966, 0x2125, 0x2104, 0x2124, 0x39A5, 0x5247, 0x62A8, 0x5247, 0x62C9, 0x6B0A, 0x8BEE,
  0xACF1, 0xC573, 0xBD73, 0xACF1, 0x942E, 0x8BED, 0x9C4F, 0xA4B0, 0x8BED, 0xBD52, 0xBD52, 0xB531,
  0xB531, 0xB511, 0xBD32, 0xBD32, 0xB531, 0xB511, 0xBD32, 0xB532, 0x940E, 0xBD32, 0xBD32, 0xB511,
  0xB531, 0xBD31, 0xB552, 0x930B, 0xDB2B, 0xA2A9, 0x91A5, 0x6924, 0x0000, 0x0021, 0x0021, 0x0021,
  0x0021, 0x0021, 0x0021, 0x0021, 0x0021, 0x0021, 0x0021, 0x0021, 0x0021, 0x0021, 0x0021, 0x0021,
  0x0021, 0x0021, 0x0021, 0x0021, 0x0021, 0x0021, 0x0021, 0x0021, 0x0021, 0x0021, 0x0021, 0x0021,
  0x0021, 0x0021, 0x0021, 0x0021, 0x0021, 0x0021, 0x0021, 0x0021, 0x0021, 0x0021, 0x0021, 0x0021,
  0x0021, 0x0021, 0x0021, 0x0021, 0x0021, 0x0021, 0x0021, 0x0021, 0x0021, 0x0021, 0x0021, 0x0021,
  0x0021, 0x0021, 0x0021, 0x0021, 0x0021, 0x0021, 0x0021, 0x0021, 0x0021, 0x0021, 0x0021, 0x0021,
  0x0021, 0x0021, 0x0021, 0x0021, 0x0021, 0x0021, 0x0021, 0x0021, 0x0021, 0x0021, 0x0021, 0x0021,
  0x0021, 0x0021, 0x0021, 0x0821, 0x0021, 0x0000, 0x0000, 0x0020, 0x2882, 0x6124, 0x8985, 0xA1E6,
  0xC268, 0xB227, 0xAA06, 0xA1E6, 0xAA27, 0xBAA9, 0xCB2B, 0xD34B, 0xBB0B, 0x8248, 0x49C7, 0x41A6,
  0x5985, 0x39E7, 0x4228, 0x4228, 0x4208, 0x39E7, 0x31A6, 0x3186, 0x2965, 0x2965, 0x2986, 0x3186,
  0x3186, 0x2986, 0x2986, 0x3186, 0x3186, 0x3186, 0x3186, 0x3186, 0x2966, 0x2125, 0x2104, 0x2104,
  0x3144, 0x4A27, 0x5A88, 0x62C9, 0x62C9, 0x732B, 0x8C0E, 0xACD0, 0xBD52, 0xBD73, 0xACD0, 0x7B6B,
  0x8BCD, 0x9C4E, 0xACD0, 0xB531, 0xBD52, 0xBD52, 0xBD31, 0xBD31, 0xBD31, 0xB531, 0xBD52, 0x8C0E,
  0xB511, 0xBD32, 0xB511, 0xBD32, 0xBD32, 0xBD72, 0x838C, 0xD2CA, 0xCB0A, 0x91E6, 0x8985, 0x0820,
  0x0021, 0x0021, 0x0021, 0x0021, 0x0021, 0x0021, 0x0021, 0x0021, 0x0021, 0x0021, 0x0021, 0x0021,
  0x0021, 0x0021, 0x0021, 0x0021, 0x0021, 0x0021, 0x0021, 0x0021, 0x0021, 0x0021, 0x0021, 0x0021,
  0x0021, 0x0020, 0x0021, 0x0021, 0x0021, 0x0020, 0x0021, 0x0021, 0x0021, 0x0021, 0x0021, 0x0021,
  0x0021, 0x0021, 0x0021, 0x0021, 0x0021, 0x0021, 0x0021, 0x0021, 0x0021, 0x0021, 0x0021, 0x0021,
  0x0021, 0x0021, 0x0021, 0x0021, 0x0021, 0x0021, 0x0021, 0x0021, 0x0021, 0x0021, 0x0021, 0x0021,
  0x0021, 0x0021, 0x0021, 0x0021, 0x0021, 0x0021, 0x0021, 0x0021, 0x0021, 0x0021, 0x0021, 0x0021,
  0x0021, 0x0021, 0x0021, 0x0021, 0x0021, 0x0021, 0x0021, 0x0021, 0x0021, 0x0021, 0x0821, 0x0021,
  0x0000, 0x0000, 0x0820, 0x30A2, 0x6124, 0x91C6, 0xB227, 0xBA48, 0xBA47, 0xAA07, 0xAA06, 0xAA27,
  0xBAA9, 0xCB2B, 0xDBAD, 0xBB2B, 0x7A07, 0x51C7, 0x31A6, 0x31E7, 0x3A08, 0x4208, 0x4228, 0x4228,
  0x4208, 0x39C7, 0x2965, 0x2965, 0x2965, 0x2966, 0x2986, 0x3186, 0x2986, 0x2986, 0x2986, 0x2986,
  0x3186, 0x3186, 0x31A6, 0x2966, 0x2125, 0x18E4, 0x2104, 0x3985, 0x5227, 0x62A9, 0x62A9, 0x62A9,
  0x732B, 0x8C0E, 0x8C0E, 0xB511, 0xBD72, 0xACF1, 0x942E, 0x942E, 0x9C6F, 0xACD0, 0xBD31, 0xBD52,
  0xBD52, 0xC572, 0x9C4E, 0x9C4F, 0xBD52, 0xB532, 0xBD32, 0xB531, 0xBD52, 0x942E, 0xB2A9, 0xEBAD,
  0x9A27, 0xA1C6, 0x2061, 0x0020, 0x0021, 0x0021, 0x0021, 0x0021, 0x0021, 0x0021, 0x0021, 0x0021,
  0x0021, 0x0021, 0x0021, 0x0021, 0x0021, 0x0021, 0x0021, 0x0021, 0x0021, 0x0021, 0x0021, 0x0021,
  0x0021, 0x0021, 0x0021, 0x0021, 0x0021, 0x0021, 0x0021, 0x0021, 0x0021, 0x0021, 0x0021, 0x0021,
  0x0021, 0x0021, 0x0021, 0x0021, 0x0021, 0x0021, 0x0021, 0x0021, 0x0021, 0x0021, 0x0021, 0x0021,
  0x0021, 0x0021, 0x0021, 0x0021, 0x0021, 0x0021, 0x0021, 0x0021, 0x0021, 0x0021, 0x0021, 0x0021,
  0x0021, 0x0021, 0x0020, 0x0020, 0x0021, 0x0021, 0x0021, 0x0021, 0x0021, 0x0021, 0x0021, 0x0021,
  0x0021, 0x0021, 0x0021, 0x0021, 0x0021, 0x0021, 0x0021, 0x0021, 0x0021, 0x0021, 0x0021, 0x0020,
  0x0020, 0x0021, 0x0021, 0x0021, 0x0021, 0x0821, 0x0021, 0x0000, 0x0000, 0x0020, 0x2882, 0x6124,
  0x91C6, 0xB247, 0xBA68, 0xBA47, 0xAA07, 0xAA07, 0xAA48, 0xB289, 0xCB0A, 0xD36C, 0xBB4B, 0x8A68,
  0x51C7, 0x31C7, 0x31E7, 0x3A08, 0x4228, 0x4228, 0x4208, 0x4208, 0x31C7, 0x2166, 0x2965, 0x2965,
  0x2966, 0x3186, 0x3186, 0x3186, 0x3186, 0x3186, 0x3186, 0x3186, 0x3186, 0x3186, 0x2965, 0x2124,
  0x18E4, 0x2104, 0x3985, 0x5227, 0x6288, 0x5A68, 0x5248, 0x734B, 0x8C0E, 0xACD1, 0xBD72, 0xBD72,
  0xACD0, 0x942E, 0x942E, 0x9C6F, 0xACD0, 0xACD0, 0x944F, 0xBD32, 0xB511, 0xB511, 0xBD32, 0xBD52,
  0xAD11, 0x92A9, 0xF38C, 0xA289, 0xA9E6, 0x48E3, 0x0000, 0x0841, 0x0021, 0x0021, 0x0021, 0x0021,
  0x0021, 0x0021, 0x0021, 0x0021, 0x0021, 0x0021, 0x0021, 0x0021, 0x0021, 0x0021, 0x0021, 0x0021,
  0x0021, 0x0021, 0x0021, 0x0021, 0x0021, 0x0021, 0x0021, 0x0021, 0x0021, 0x0021, 0x0021, 0x0021,
  0x0021, 0x0021, 0x0021, 0x0021, 0x0021, 0x0021, 0x0021, 0x0021, 0x0021, 0x0021, 0x0021, 0x0021,
  0x0021, 0x0021, 0x0021, 0x0021, 0x0021, 0x0021, 0x0021, 0x0021, 0x0021, 0x0021, 0x0021, 0x0020,
  0x0021, 0x0021, 0x0021, 0x0021, 0x0021, 0x0021, 0x0021, 0x0021, 0x0021, 0x0021, 0x0021, 0x0021,
  0x0021, 0x0021, 0x0021, 0x0021, 0x0021, 0x0021, 0x0021, 0x0021, 0x0021, 0x0021, 0x0021, 0x0021,
  0x0021, 0x0021, 0x0021, 0x0020, 0x0021, 0x0020, 0x0020, 0x0020, 0x0020, 0x0020, 0x0021, 0x0021,
  0x0821, 0x0021, 0x0020, 0x0000, 0x0020, 0x2882, 0x6124, 0x91C6, 0xB247, 0xC268, 0x9A07, 0x91E6,
  0x99C6, 0xB248, 0xBAC9, 0xCB2B, 0xD34C, 0xBAEA, 0x8248, 0x51C7, 0x31A7, 0x31C7, 0x3A08, 0x4228,
  0x5228, 0x7268, 0x39C7, 0x31A6, 0x3186, 0x2965, 0x2965, 0x2966, 0x3186, 0x3186, 0x3186, 0x2986,
  0x2986, 0x2986, 0x3186, 0x3186, 0x3186, 0x2966, 0x2125, 0x2104, 0x2124, 0x3165, 0x41E6, 0x6289,
  0x62A9, 0x62C9, 0x732B, 0x8BED, 0xACD0, 0xC593, 0xC572, 0x8BED, 0x940D, 0x7B6C, 0x9C4F, 0xACD0,
  0xB511, 0xBD52, 0xBD52, 0xB532, 0x830B, 0xE32B, 0xBB0A, 0xA1E6, 0x7964, 0x0000, 0x0021, 0x0021,
  0x0021, 0x0021, 0x0021, 0x0021, 0x0021, 0x0021, 0x0021, 0x0021, 0x0021, 0x0021, 0x0020, 0x0021,
  0x0021, 0x0021, 0x0021, 0x0021, 0x0021, 0x0021, 0x0021, 0x0021, 0x0021, 0x0020, 0x0021, 0x0021,
  0x0021, 0x0021, 0x0021, 0x0021, 0x0021, 0x0021, 0x0021, 0x0021, 0x0021, 0x0021, 0x0021, 0x0021,
  0x0021, 0x0021, 0x0021, 0x0021, 0x0021, 0x0021, 0x0021, 0x0021, 0x0021, 0x0021, 0x0021, 0x0021,
  0x0021, 0x0021, 0x0021, 0x0021, 0x0021, 0x0021, 0x0021, 0x0021, 0x0021, 0x0021, 0x0021, 0x0020,
  0x0021, 0x0021, 0x0021, 0x0021, 0x0021, 0x0021, 0x0021, 0x0021, 0x0021, 0x0021, 0x0021, 0x0021,
  0x0021, 0x0021, 0x0021, 0x0020, 0x0021, 0x0021, 0x0021, 0x0021, 0x0021, 0x0020, 0x0021, 0x0020,
  0x0020, 0x0021, 0x0021, 0x0020, 0x0021, 0x0021, 0x0021, 0x0821, 0x0021, 0x0000, 0x0000, 0x0020,
  0x2882, 0x6124, 0x8985, 0x99E6, 0xC268, 0xBA27, 0xA9E6, 0xA1E6, 0xAA27, 0xBAC9, 0xCB2B, 0xD36C,
  0xBB2B, 0x8A68, 0x51C7, 0x29A6, 0x4986, 0x81E6, 0x39C7, 0x4208, 0x4208, 0x4208, 0x31A6, 0x3186,
  0x2965, 0x2965, 0x2966, 0x3186, 0x3186, 0x3186, 0x2986, 0x2986, 0x2986, 0x3186, 0x3186, 0x3186,
  0x2966, 0x2125, 0x2104, 0x2104, 0x3185, 0x4A27, 0x5A68, 0x6288, 0x62C9, 0x732B, 0x734B, 0x944F,
  0xBD52, 0xBD52, 0xB511, 0x9C4F, 0x8C0D, 0x9C4E, 0xB531, 0x83CD, 0xC2CA, 0xDB8C, 0x91E6, 0x99A5,
  0x1041, 0x0020, 0x0021, 0x0021, 0x0021, 0x0021, 0x0021, 0x0021, 0x0021, 0x0021, 0x0021, 0x0021,
  0x0021, 0x0021, 0x0021, 0x0021, 0x0021, 0x0021, 0x0021, 0x0021, 0x0021, 0x0021, 0x0021, 0x0021,
  0x0021, 0x0021, 0x0021, 0x0021, 0x0021, 0x0021, 0x0021, 0x0021, 0x0021, 0x0021, 0x0021, 0x0021,
  0x0021, 0x0021, 0x0021, 0x0021, 0x0021, 0x0021, 0x0021, 0x0021, 0x0021, 0x0021, 0x0021, 0x0021,
  0x0021, 0x0021, 0x0021, 0x0021, 0x0021, 0x0021, 0x0021, 0x0021, 0x0021, 0x0021, 0x0021, 0x0021,
  0x0021, 0x0021, 0x0021, 0x0020, 0x0021, 0x0020, 0x0021, 0x0021, 0x0021, 0x0021, 0x0021, 0x0021,
  0x0021, 0x0021, 0x0021, 0x0021, 0x0021, 0x0021, 0x0021, 0x0021, 0x0021, 0x0021, 0x0021, 0x0021,
  0x0021, 0x0021, 0x0021, 0x0020, 0x0021, 0x0021, 0x0021, 0x0021, 0x0021, 0x0021, 0x0021, 0x0021,
  0x0021, 0x0021, 0x0821, 0x0021, 0x0000, 0x0000, 0x0820, 0x30A2, 0x6944, 0x99C6, 0xB227, 0xBA47,
  0xBA27, 0xAA07, 0xA9E6, 0xAA27, 0xBAC9, 0xCB2B, 0xD34B, 0xBAEA, 0x8248, 0x4165, 0x31A6, 0x31C7,
  0x3A08, 0x4208, 0x4228, 0x4208, 0x4208, 0x39C7, 0x2966, 0x2965, 0x2965, 0x2966, 0x3186, 0x3186,
  0x3186, 0x3186, 0x2986, 0x2986, 0x3186, 0x3186, 0x3186, 0x2966, 0x2125, 0x1904, 0x2104, 0x3185,
  0x49E6, 0x5A68, 0x5268, 0x5AA9, 0x6B0B, 0x8BEE, 0xACD1, 0xBD72, 0xBD73, 0xACF1, 0x7B8C, 0xA269,
  0xF3AD, 0x9A27, 0xA9E6, 0x30A2, 0x0000, 0x0021, 0x0021, 0x0021, 0x0021, 0x0021, 0x0021, 0x0021,
  0x0021, 0x0021, 0x0021, 0x0021, 0x0021, 0x0021, 0x0021, 0x0021, 0x0021, 0x0021, 0x0021, 0x0021,
  0x0021, 0x0021, 0x0021, 0x0021, 0x0020, 0x0021, 0x0021, 0x0021, 0x0021, 0x0021, 0x0021, 0x0021,
  0x0021, 0x0021, 0x0021, 0x0021, 0x0021, 0x0021, 0x0021, 0x0021, 0x0021, 0x0021, 0x0021, 0x0021,
  0x0021, 0x0021, 0x0021, 0x0021, 0x0021, 0x0021, 0x0021, 0x0021, 0x0021, 0x0021, 0x0021, 0x0021,
  0x0021, 0x0021, 0x0021, 0x0021, 0x0021, 0x0021, 0x0021, 0x0021, 0x0020, 0x0021, 0x0021, 0x0021,
  0x0021, 0x0020, 0x0021, 0x0021, 0x0021, 0x0021, 0x0021, 0x0021, 0x0021, 0x0021, 0x0021, 0x0021,
  0x0021, 0x0021, 0x0021, 0x0021, 0x0021, 0x0020, 0x0021, 0x0021, 0x0021, 0x0021, 0x0021, 0x0021,
  0x0021, 0x0021, 0x0021, 0x0020, 0x0021, 0x0021, 0x0021, 0x0021, 0x0021, 0x0821, 0x0021, 0x0000,
  0x0000, 0x0020, 0x2882, 0x6124, 0x91C6, 0xB247, 0xBA48, 0xBA27, 0xA9E6, 0xA1E6, 0xAA27, 0xC2CA,
  0xD32B, 0xD32B, 0xBB2B, 0x8A89, 0x51C7, 0x31A6, 0x31C7, 0x3A08, 0x4228, 0x4228, 0x4208, 0x39E7,
  0x31A6, 0x2966, 0x2965, 0x2965, 0x2966, 0x3186, 0x3186, 0x2986, 0x2986, 0x2986, 0x3186, 0x3186,
  0x3186, 0x3186, 0x2966, 0x2125, 0x2104, 0x2924, 0x3165, 0x4A06, 0x6288, 0x62A9, 0x62C9, 0x734B,
  0x8C0E, 0xA4F1, 0x930A, 0xD2EA, 0xAAA9, 0xA9E6, 0x5903, 0x0000, 0x0821, 0x0021, 0x0021, 0x0021,
  0x0021, 0x0021, 0x0021, 0x0021, 0x0021, 0x0021, 0x0021, 0x0021, 0x0021, 0x0021, 0x0021, 0x0021,
  0x0021, 0x0021, 0x0021, 0x0021, 0x0021, 0x0021, 0x0021, 0x0020, 0x0021, 0x0021, 0x0021, 0x0021,
  0x0021, 0x0021, 0x0021, 0x0021, 0x0021, 0x0021, 0x0021, 0x0021, 0x0021, 0x0021, 0x0021, 0x0021,
  0x0021, 0x0021, 0x0021, 0x0021, 0x0021, 0x0021, 0x0021, 0x0021, 0x0021, 0x0021, 0x0021, 0x0021,
  0x0020, 0x0021, 0x0021, 0x0021, 0x0021, 0x0021, 0x0021, 0x0021, 0x0021, 0x0021, 0x0020, 0x0020,
  0x0020, 0x0021, 0x0021, 0x0021, 0x0021, 0x0021, 0x0021, 0x0021, 0x0021, 0x0021, 0x0021, 0x0021,
  0x0021, 0x0021, 0x0021, 0x0021, 0x0021, 0x0021, 0x0021, 0x0021, 0x0021, 0x0021, 0x0021, 0x0021,
  0x0021, 0x0021, 0x0021, 0x0021, 0x0021, 0x0021, 0x0021, 0x0021, 0x0021, 0x0021, 0x0021, 0x0021,
  0x0021, 0x0020, 0x0021, 0x0021, 0x0821, 0x0021, 0x0000, 0x0000, 0x0020, 0x2882, 0x6124, 0x91C6,
  0xB227, 0xBA48, 0xB247, 0x9A07, 0x9A07, 0xA207, 0xC2EA, 0xCB4B, 0xD34B, 0xB2EA, 0x8248, 0x51E7,
  0x31A6, 0x31C7, 0x39E8, 0x4228, 0x4208, 0x5A48, 0x49E7, 0x31C7, 0x3186, 0x2945, 0x2965, 0x2966,
  0x2986, 0x3186, 0x3186, 0x2986, 0x2986, 0x2986, 0x3186, 0x3186, 0x3186, 0x2966, 0x2125, 0x2104,
  0x2104, 0x3165, 0x4A07, 0x5A88, 0x62C9, 0x5248, 0xA288, 0xBB0A, 0xA206, 0x8185, 0x0020, 0x0021,
  0x0021, 0x0021, 0x0021, 0x0021, 0x0021, 0x0021, 0x0021, 0x0021, 0x0021, 0x0021, 0x0021, 0x0021,
  0x0021, 0x0021, 0x0021, 0x0021, 0x0021, 0x0021, 0x0021, 0x0021, 0x0021, 0x0021, 0x0021, 0x0021,
  0x0021, 0x0021, 0x0021, 0x0021, 0x0021, 0x0021, 0x0021, 0x0021, 0x0021, 0x0021, 0x0021, 0x0021,
  0x0021, 0x0021, 0x0021, 0x0021, 0x0021, 0x0021, 0x0021, 0x0021, 0x0021, 0x0021, 0x0021, 0x0021,
  0x0021, 0x0021, 0x0021, 0x0021, 0x0021, 0x0021, 0x0021, 0x0021, 0x0021, 0x0021, 0x0021, 0x0021,
  0x0021, 0x0021, 0x0021, 0x0020, 0x0020, 0x0021, 0x0021, 0x0021, 0x0021, 0x0021, 0x0021, 0x0021,
  0x0021, 0x0021, 0x0021, 0x0021, 0x0021, 0x0021, 0x0021, 0x0021, 0x0021, 0x0021, 0x0021, 0x0021,
  0x0021, 0x0021, 0x0021, 0x0021, 0x0021, 0x0021, 0x0021, 0x0021, 0x0021, 0x0021, 0x0021, 0x0021,
  0x0021, 0x0021, 0x0021, 0x0021, 0x0021, 0x0021, 0x0021, 0x0021, 0x0021, 0x0021, 0x0021, 0x0821,
  0x0021, 0x0000, 0x0000, 0x0020, 0x2882, 0x6124, 0x99C6, 0xAA07, 0xAA07, 0xB227, 0xA9E6, 0xA1C6,
  0xA227, 0xBAC9, 0xD34B, 0xD36C, 0xBB0B, 0x8248, 0x49A6, 0x31A6, 0x2186, 0x9227, 0x7A07, 0x3A28,
  0x4208, 0x39E7, 0x31A7, 0x2965, 0x2945, 0x2945, 0x2966, 0x2986, 0x3186, 0x2986, 0x2966, 0x2966,
  0x2986, 0x3186, 0x3186, 0x3186, 0x2966, 0x2125, 0x1904, 0x2124, 0x39A6, 0x3985, 0x89A5, 0x99C6,
  0x99C5, 0x1841, 0x0020, 0x0021, 0x0021, 0x0021, 0x0021, 0x0021, 0x0021, 0x0021, 0x0021, 0x0021,
  0x0021, 0x0021, 0x0021, 0x0021, 0x0021, 0x0021, 0x0021, 0x0021, 0x0021, 0x0021, 0x0021, 0x0021,
  0x0021, 0x0021, 0x0021, 0x0021, 0x0021, 0x0021, 0x0021, 0x0021, 0x0021, 0x0021, 0x0021, 0x0021,
  0x0021, 0x0021, 0x0021, 0x0021, 0x0021, 0x0021, 0x0021, 0x0021, 0x0021, 0x0021, 0x0021, 0x0021,
  0x0021, 0x0021, 0x0021, 0x0021, 0x0021, 0x0021, 0x0021, 0x0021, 0x0021, 0x0021, 0x0021, 0x0021,
  0x0021, 0x0021, 0x0021, 0x0021, 0x0021, 0x0021, 0x0021, 0x0020, 0x0020, 0x0021, 0x0021, 0x0021,
  0x0021, 0x0021, 0x0021, 0x0021, 0x0021, 0x0021, 0x0021, 0x0021, 0x0021, 0x0021, 0x0021, 0x0021,
  0x0021, 0x0021, 0x0021, 0x0021, 0x0021, 0x0021, 0x0021, 0x0021, 0x0021, 0x0021, 0x0021, 0x0021,
  0x0020, 0x0021, 0x0021, 0x0021, 0x0021, 0x0020, 0x0021, 0x0021, 0x0021, 0x0021, 0x0021, 0x0021,
  0x0021, 0x0021, 0x0021, 0x0021, 0x0021, 0x0021, 0x0821, 0x0021, 0x0000, 0x0000, 0x0820, 0x3082,
  0x6144, 0x99E6, 0xB227, 0xBA47, 0xB227, 0xAA06, 0xA9E6, 0xAA27, 0xBAA9, 0xD36B, 0xD36C, 0xB2EA,
  0x7A27, 0x4985, 0x3186, 0x31C7, 0x3A08, 0x4208, 0x4208, 0x4208, 0x4208, 0x39C7, 0x2966, 0x2945,
  0x2945, 0x2966, 0x2986, 0x2986, 0x2986, 0x2986, 0x2986, 0x3186, 0x3186, 0x3186, 0x31A6, 0x2986,
  0x18C3, 0x9A27, 0x89E6, 0xA1C5, 0x40C2, 0x0000, 0x0021, 0x0021, 0x0021, 0x0021, 0x0021, 0x0021,
  0x0021, 0x0021, 0x0021, 0x0021, 0x0021, 0x0021, 0x0021, 0x0021, 0x0021, 0x0021, 0x0021, 0x0021,
  0x0021, 0x0021, 0x0021, 0x0021, 0x0021, 0x0021, 0x0021, 0x0021, 0x0021, 0x0021, 0x0021, 0x0021,
  0x0021, 0x0021, 0x0021, 0x0021, 0x0021, 0x0021, 0x0021, 0x0020, 0x0021, 0x0021, 0x0021, 0x0021,
  0x0021, 0x0021, 0x0021, 0x0021, 0x0021, 0x0021, 0x0021, 0x0021, 0x0021, 0x0021, 0x0021, 0x0020,
  0x0021, 0x0021, 0x0021, 0x0021, 0x0021, 0x0021, 0x0021, 0x0021, 0x0021, 0x0021, 0x0021, 0x0020,
  0x0021, 0x0021, 0x0021, 0x0021, 0x0021, 0x0021, 0x0021, 0x0021, 0x0021, 0x0021, 0x0021, 0x0021,
  0x0021, 0x0021, 0x0021, 0x0021, 0x0021, 0x0021, 0x0021, 0x0021, 0x0021, 0x0021, 0x0021, 0x0021,
  0x0021, 0x0021, 0x0021, 0x0021, 0x0021, 0x0021, 0x0021, 0x0021, 0x0021, 0x0021, 0x0021, 0x0021,
  0x0021, 0x0020, 0x0021, 0x0021, 0x0020, 0x0021, 0x0020, 0x0021, 0x0020, 0x0021, 0x0021, 0x0021,
  0x0021, 0x0821, 0x0021, 0x0000, 0x0000, 0x0820, 0x2882, 0x6124, 0x99C6, 0xB227, 0xBA48, 0xBA27,
  0xAA06, 0xA1E6, 0xA227, 0xBAC9, 0xD32B, 0xDB8C, 0xBAEA, 0x8248, 0x51C7, 0x31A6, 0x31C7, 0x3A08,
  0x4228, 0x4A28, 0x4208, 0x39E7, 0x31A6, 0x2986, 0x2945, 0x2965, 0x2986, 0x3186, 0x3186, 0x2966,
  0x2986, 0x3186, 0x31A6, 0x1925, 0x9A68, 0xCB2B, 0xA1E6, 0x7144, 0x0000, 0x0021, 0x0021, 0x0021,
  0x0021, 0x0021, 0x0021, 0x0021, 0x0021, 0x0021, 0x0021, 0x0021, 0x0021, 0x0021, 0x0021, 0x0021,
  0x0021, 0x0021, 0x0021, 0x0021, 0x0021, 0x0021, 0x0021, 0x0021, 0x0021, 0x0021, 0x0021, 0x0021,
  0x0021, 0x0021, 0x0021, 0x0021, 0x0021, 0x0021, 0x0021, 0x0021, 0x0021, 0x0021, 0x0021, 0x0021,
  0x0021, 0x0021, 0x0021, 0x0021, 0x0021, 0x0021, 0x0021, 0x0021, 0x0021, 0x0021, 0x0021, 0x0021,
  0x0021, 0x0021, 0x0021, 0x0021, 0x0021, 0x0021, 0x0021, 0x0021, 0x0021, 0x0021, 0x0021, 0x0021,
  0x0021, 0x0021, 0x0021, 0x0020, 0x0021, 0x0021, 0x0021, 0x0020, 0x0020, 0x0021, 0x0021, 0x0021,
  0x0021, 0x0021, 0x0021, 0x0021, 0x0021, 0x0021, 0x0021, 0x0020, 0x0021, 0x0021, 0x0021, 0x0021,
  0x0021, 0x0021, 0x0021, 0x0021, 0x0021, 0x0021, 0x0021, 0x0021, 0x0021, 0x0021, 0x0021, 0x0021,
  0x0021, 0x0021, 0x0021, 0x0021, 0x0021, 0x0021, 0x0021, 0x0021, 0x0021, 0x0021, 0x0021, 0x0021,
  0x0021, 0x0021, 0x0020, 0x0021, 0x0021, 0x0021, 0x0021, 0x0021, 0x0841, 0x0021, 0x0000, 0x0000,
  0x0820, 0x2882, 0x6144, 0x99E6, 0xBA47, 0xBA48, 0xB227, 0xA1E6, 0xA227, 0xAA27, 0xBAC9, 0xD34B,
  0xD36C, 0xB2EA, 0x7A28, 0x51C7, 0x31C7, 0x31C7, 0x3A08, 0x4228, 0x4228, 0x4A28, 0x41C7, 0x31A6,
  0x3186, 0x2965, 0x2965, 0x2966, 0x2986, 0x3186, 0x2166, 0x69E7, 0xDB8C, 0x91C6, 0x91A5, 0x0841,
  0x0020, 0x0021, 0x0021, 0x0021, 0x0021, 0x0021, 0x0021, 0x0021, 0x0021, 0x0021, 0x0021, 0x0021,
  0x0021, 0x0021, 0x0021, 0x0021, 0x0021, 0x0021, 0x0021, 0x0021, 0x0021, 0x0021, 0x0021, 0x0021,
  0x0021, 0x0021, 0x0021, 0x0021, 0x0021, 0x0021, 0x0021, 0x0021, 0x0021, 0x0021, 0x0021, 0x0021,
  0x0021, 0x0021, 0x0021, 0x0021, 0x0021, 0x0020, 0x0021, 0x0021, 0x0020, 0x0021, 0x0021, 0x0021,
  0x0021, 0x0021, 0x0021, 0x0021, 0x0021, 0x0021, 0x0021, 0x0021, 0x0021, 0x0021, 0x0021, 0x0021,
  0x0021, 0x0021, 0x0021, 0x0021, 0x0021, 0x0021, 0x0021, 0x0021, 0x0020, 0x0021, 0x0021, 0x0021,
  0x0021, 0x0020, 0x0021, 0x0021, 0x0021, 0x0021, 0x0021, 0x0021, 0x0021, 0x0021, 0x0021, 0x0021,
  0x0021, 0x0021, 0x0021, 0x0021, 0x0021, 0x0021, 0x0021, 0x0021, 0x0021, 0x0021, 0x0021, 0x0021,
  0x0021, 0x0021, 0x0021, 0x0021, 0x0021, 0x0021, 0x0021, 0x0021, 0x0021, 0x0021, 0x0021, 0x0021,
  0x0021, 0x0021, 0x0021, 0x0020, 0x0021, 0x0021, 0x0021, 0x0021, 0x0020, 0x0021, 0x0020, 0x0021,
  0x0021, 0x0021, 0x0021, 0x0841, 0x0021, 0x0000, 0x0000, 0x0820, 0x30A2, 0x6124, 0x99E6, 0xB227,
  0xA227, 0xA1E6, 0xB207, 0xA1E6, 0xA227, 0xBAC9, 0xD34B, 0xD34B, 0xBB0A, 0x8248, 0x49C6, 0x31C7,
  0x3208, 0x51E7, 0xB268, 0x39A6, 0x4228, 0x41E7, 0x31A6, 0x2965, 0x2945, 0x2965, 0x3945, 0xDB8C,
  0xA247, 0xA1C6, 0x2882, 0x0000, 0x0021, 0x0021, 0x0021, 0x0021, 0x0021, 0x0021, 0x0021, 0x0021,
  0x0021, 0x0021, 0x0021, 0x0021, 0x0021, 0x0021, 0x0021, 0x0021, 0x0021, 0x0021, 0x0021, 0x0021,
  0x0021, 0x0021, 0x0021, 0x0021, 0x0021, 0x0021, 0x0021, 0x0021, 0x0021, 0x0021, 0x0021, 0x0021,
  0x0021, 0x0021, 0x0021, 0x0021, 0x0021, 0x0021, 0x0021, 0x0021, 0x0021, 0x0021, 0x0021, 0x0021,
  0x0021, 0x0021, 0x0021, 0x0021, 0x0021, 0x0021, 0x0021, 0x0021, 0x0021, 0x0021, 0x0021, 0x0021,
  0x0021, 0x0021, 0x0021, 0x0021, 0x0021, 0x0021, 0x0021, 0x0021, 0x0021, 0x0021, 0x0021, 0x0020,
  0x0021, 0x0021, 0x0021, 0x0021, 0x0020, 0x0021, 0x0021, 0x0021, 0x0021, 0x0021, 0x0021, 0x0021,
  0x0021, 0x0021, 0x0021, 0x0021, 0x0021, 0x0021, 0x0021, 0x0021, 0x0021, 0x0021, 0x0021, 0x0021,
  0x0021, 0x0021, 0x0021, 0x0021, 0x0021, 0x0021, 0x0021, 0x0021, 0x0021, 0x0021, 0x0021, 0x0021,
  0x0021, 0x0021, 0x0021, 0x0021, 0x0021, 0x0021, 0x0021, 0x0020, 0x0021, 0x0021, 0x0020, 0x0021,
  0x0021, 0x0021, 0x0021, 0x0021, 0x0021, 0x0021, 0x0021, 0x0021, 0x0021, 0x0021, 0x0821, 0x0021,
  0x0000, 0x0000, 0x0820, 0x30A2, 0x6124, 0x99E6, 0xBA47, 0xBA68, 0xB227, 0xAA07, 0xAA07, 0xAA27,
  0xBAC9, 0xD34B, 0xD36B, 0xB2EA, 0x8289, 0x4985, 0x3124, 0x31E7, 0x3A08, 0x4208, 0x4208, 0x4208,
  0x4208, 0x2124, 0xBAEA, 0xB2EA, 0xA1C6, 0x5903, 0x0000, 0x0821, 0x0021, 0x0021, 0x0021, 0x0021,
  0x0021, 0x0021, 0x0021, 0x0021, 0x0021, 0x0021, 0x0021, 0x0021, 0x0021, 0x0021, 0x0021, 0x0021,
  0x0021, 0x0021, 0x0021, 0x0021, 0x0021, 0x0021, 0x0021, 0x0021, 0x0021, 0x0021, 0x0021, 0x0021,
  0x0021, 0x0021, 0x0021, 0x0021, 0x0021, 0x0021, 0x0021, 0x0021, 0x0021, 0x0021, 0x0021, 0x0021,
  0x0021, 0x0021, 0x0021, 0x0021, 0x0021, 0x0021, 0x0021, 0x0021, 0x0021, 0x0021, 0x0021, 0x0021,
  0x0021, 0x0021, 0x0021, 0x0020, 0x0021, 0x0021, 0x0021, 0x0021, 0x0021, 0x0021, 0x0021, 0x0021,
  0x0021, 0x0021, 0x0021, 0x0020, 0x0021, 0x0021, 0x0020, 0x0020, 0x0020, 0x0021, 0x0021, 0x0021,
  0x0021, 0x0021, 0x0021, 0x0021, 0x0021, 0x0021, 0x0021, 0x0021, 0x0021, 0x0021, 0x0021, 0x0021,
  0x0021, 0x0021, 0x0021, 0x0021, 0x0020, 0x0021, 0x0021, 0x0021, 0x0021, 0x0021, 0x0021, 0x0021,
  0x0021, 0x0021, 0x0021, 0x0021, 0x0021, 0x0021, 0x0021, 0x0021, 0x0021, 0x0021, 0x0021, 0x0021,
  0x0021, 0x0021, 0x0021, 0x0021, 0x0021, 0x0021, 0x0021, 0x0021, 0x0021, 0x0021, 0x0021, 0x0021,
  0x0021, 0x0021, 0x0021, 0x0021, 0x0021, 0x0821, 0x0021, 0x0000, 0x0000, 0x0820, 0x2882, 0x6124,
  0x99C6, 0xB247, 0xBA68, 0xBA47, 0xAA07, 0xA1E6, 0xAA27, 0xBAA9, 0xCB4B, 0xD32B, 0xB30B, 0x8A68,
  0x49A6, 0x3186, 0x31E7, 0x4228, 0x29C7, 0x8A28, 0xCB4B, 0x99C6, 0x8185, 0x0020, 0x0021, 0x0021,
  0x0021, 0x0021, 0x0021, 0x0021, 0x0021, 0x0021, 0x0021, 0x0021, 0x0021, 0x0021, 0x0021, 0x0021,
  0x0021, 0x0021, 0x0021, 0x0021, 0x0021, 0x0021, 0x0021, 0x0021, 0x0021, 0x0021, 0x0021, 0x0021,
  0x0021, 0x0020, 0x0021, 0x0021, 0x0021, 0x0021, 0x0021, 0x0021, 0x0021, 0x0021, 0x0021, 0x0021,
  0x0021, 0x0021, 0x0021, 0x0021, 0x0021, 0x0021, 0x0021, 0x0021, 0x0021, 0x0021, 0x0021, 0x0021,
  0x0021, 0x0021, 0x0021, 0x0021, 0x0021, 0x0021, 0x0021, 0x0021, 0x0021, 0x0021, 0x0021, 0x0021,
  0x0021, 0x0021, 0x0021, 0x0021, 0x0021, 0x0021, 0x0021, 0x0020, 0x0020, 0x0020, 0x0020, 0x0021,
  0x0021, 0x0021, 0x0021, 0x0021, 0x0021, 0x0021, 0x0021, 0x0021, 0x0021, 0x0021, 0x0021, 0x0021,
  0x0021, 0x0021, 0x0021, 0x0021, 0x0021, 0x0021, 0x0021, 0x0021, 0x0021, 0x0021, 0x0021, 0x0021,
  0x0021, 0x0021, 0x0021, 0x0021, 0x0021, 0x0021, 0x0021, 0x0021, 0x0021, 0x0021, 0x0021, 0x0021,
  0x0021, 0x0021, 0x0021, 0x0021, 0x0021, 0x0021, 0x0021, 0x0021, 0x0021, 0x0021, 0x0021, 0x0021,
  0x0021, 0x0021, 0x0021, 0x0021, 0x0021, 0x0021, 0x0021, 0x0021, 0x0021, 0x0021, 0x0021, 0x0021,
  0x0841, 0x0021, 0x0000, 0x0000, 0x0020, 0x2882, 0x6124, 0x99E6, 0xB247, 0xBA47, 0xBA27, 0xA9E6,
  0x99C6, 0xAA88, 0xC2C9, 0xCB2B, 0xD34B, 0xB30B, 0x7A28, 0x3965, 0x59C6, 0xDB8C, 0x9A07, 0xA1C6,
  0x1861, 0x0020, 0x0021, 0x0021, 0x0021, 0x0021, 0x0021, 0x0021, 0x0021, 0x0021, 0x0021, 0x0021,
  0x0021, 0x0021, 0x0021, 0x0021, 0x0021, 0x0021, 0x0021, 0x0021, 0x0021, 0x0021, 0x0021, 0x0021,
  0x0021, 0x0021, 0x0021, 0x0021, 0x0021, 0x0021, 0x0021, 0x0021, 0x0021, 0x0021, 0x0021, 0x0021,
  0x0021, 0x0021, 0x0021, 0x0021, 0x0021, 0x0021, 0x0021, 0x0021, 0x0021, 0x0021, 0x0021, 0x0021,
  0x0021, 0x0021, 0x0021, 0x0021, 0x0021, 0x0021, 0x0021, 0x0021, 0x0021, 0x0021, 0x0021, 0x0021,
  0x0021, 0x0021, 0x0021, 0x0021, 0x0021, 0x0021, 0x0021, 0x0021, 0x0021, 0x0021, 0x0020, 0x0020,
  0x0021, 0x0021, 0x0021, 0x0021, 0x0021, 0x0021, 0x0021, 0x0021, 0x0021, 0x0021, 0x0021, 0x0021,
  0x0021, 0x0021, 0x0021, 0x0021, 0x0021, 0x0021, 0x0021, 0x0021, 0x0021, 0x0021, 0x0021, 0x0021,
  0x0021, 0x0021, 0x0021, 0x0021, 0x0021, 0x0021, 0x0021, 0x0021, 0x0021, 0x0021, 0x0021, 0x0021,
  0x0021, 0x0021, 0x0021, 0x0021, 0x0021, 0x0021, 0x0021, 0x0021, 0x0021, 0x0021, 0x0021, 0x0021,
  0x0021, 0x0020, 0x0021, 0x0021, 0x0021, 0x0021, 0x0021, 0x0021, 0x0021, 0x0021, 0x0021, 0x0021,
  0x0021, 0x0021, 0x0021, 0x0021, 0x0021, 0x0021, 0x0021, 0x0841, 0x0021, 0x0000, 0x0000, 0x0020,
  0x2882, 0x6124, 0x91C6, 0xB227, 0xB248, 0xAA68, 0xA1C6, 0xA1E6, 0xAA48, 0xC2EA, 0xCB2B, 0xCB0A,
  0xDB8C, 0xA268, 0xB1E6, 0x40C2, 0x0000, 0x0821, 0x0020, 0x0021, 0x0021, 0x0021, 0x0021, 0x0021,
  0x0021, 0x0021, 0x0021, 0x0021, 0x0021, 0x0021, 0x0021, 0x0021, 0x0021, 0x0021, 0x0021, 0x0021,
  0x0021, 0x0021, 0x0021, 0x0021, 0x0021, 0x0021, 0x0021, 0x0021, 0x0021, 0x0021, 0x0021, 0x0021,
  0x0021, 0x0021, 0x0021, 0x0021, 0x0021, 0x0021, 0x0021, 0x0021, 0x0021, 0x0021, 0x0021, 0x0021,
  0x0021, 0x0021, 0x0021, 0x0021, 0x0021, 0x0021, 0x0021, 0x0021, 0x0021, 0x0021, 0x0021, 0x0021,
  0x0021, 0x0021, 0x0021, 0x0021, 0x0021, 0x0021, 0x0021, 0x0020, 0x0021, 0x0021, 0x0020, 0x0021,
  0x0021, 0x0021, 0x0020, 0x0021, 0x0020, 0x0021, 0x0021, 0x0021, 0x0021, 0x0021, 0x0021, 0x0021,
  0x0021, 0x0021, 0x0021, 0x0021, 0x0021, 0x0021, 0x0021, 0x0021, 0x0021, 0x0021, 0x0021, 0x0021,
  0x0021, 0x0021, 0x0021, 0x0021, 0x0021, 0x0021, 0x0021, 0x0021, 0x0021, 0x0021, 0x0021, 0x0021,
  0x0021, 0x0021, 0x0021, 0x0021, 0x0021, 0x0021, 0x0021, 0x0021, 0x0021, 0x0021, 0x0021, 0x0021,
  0x0021, 0x0021, 0x0021, 0x0021, 0x0021, 0x0021, 0x0021, 0x0021, 0x0021, 0x0021, 0x0021, 0x0021,
  0x0021, 0x0021, 0x0021, 0x0021, 0x0021, 0x0021, 0x0021, 0x0021, 0x0021, 0x0021, 0x0021, 0x0021,
  0x0021, 0x0021, 0x0821, 0x0021, 0x0000, 0x0000, 0x0020, 0x30A2, 0x6944, 0x8185, 0xB227, 0xC248,
  0xB227, 0xA1E6, 0xA1E6, 0xBA88, 0x9A48, 0xA1C6, 0x7144, 0x0000, 0x0021, 0x0021, 0x0020, 0x0021,
  0x0020, 0x0021, 0x0021, 0x0021, 0x0021, 0x0021, 0x0021, 0x0021, 0x0021, 0x0021, 0x0021, 0x0021,
  0x0021, 0x0021, 0x0021, 0x0021, 0x0021, 0x0021, 0x0021, 0x0021, 0x0021, 0x0021, 0x0021, 0x0021,
  0x0021, 0x0021, 0x0021, 0x0021, 0x0021, 0x0021, 0x0021, 0x0021, 0x0021, 0x0021, 0x0021, 0x0021,
  0x0021, 0x0021, 0x0021, 0x0021, 0x0021, 0x0021, 0x0021, 0x0021, 0x0021, 0x0021, 0x0021, 0x0021,
  0x0021, 0x0021, 0x0021, 0x0021, 0x0021, 0x0021, 0x0021, 0x0021, 0x0021, 0x0021, 0x0021, 0x0020,
  0x0021, 0x0021, 0x0021, 0x0020, 0x0021, 0x0021, 0x0021, 0x0020, 0x0020, 0x0021, 0x0021, 0x0021,
  0x0021, 0x0021, 0x0021, 0x0021, 0x0021, 0x0021, 0x0021, 0x0021, 0x0021, 0x0021, 0x0021, 0x0021,
  0x0021, 0x0021, 0x0021, 0x0021, 0x0021, 0x0021, 0x0021, 0x0021, 0x0021, 0x0021, 0x0021, 0x0021,
  0x0021, 0x0021, 0x0021, 0x0021, 0x0021, 0x0021, 0x0021, 0x0021, 0x0021, 0x0021, 0x0021, 0x0021,
  0x0021, 0x0021, 0x0021, 0x0021, 0x0021, 0x0021, 0x0021, 0x0021, 0x0021, 0x0021, 0x0021, 0x0021,
  0x0021, 0x0021, 0x0021, 0x0021, 0x0021, 0x0021, 0x0021, 0x0021, 0x0021, 0x0021, 0x0021, 0x0021,
  0x0021, 0x0021, 0x0021, 0x0021, 0x0021, 0x0021, 0x0021, 0x0021, 0x0021, 0x0821, 0x0021, 0x0000,
  0x0000, 0x0841, 0x30A2, 0x6944, 0x91C6, 0xB227, 0xBA47, 0xB227, 0x99E6, 0x8985, 0x0841, 0x0020,
  0x0021, 0x0021, 0x0020, 0x0020, 0x0021, 0x0021, 0x0021, 0x0021, 0x0021, 0x0021, 0x0021, 0x0021,
  0x0021, 0x0021, 0x0021, 0x0021, 0x0021, 0x0021, 0x0021, 0x0021, 0x0021, 0x0021, 0x0021, 0x0021,
  0x0021, 0x0021, 0x0021, 0x0021, 0x0021, 0x0021, 0x0021, 0x0021, 0x0021, 0x0021, 0x0021, 0x0021,
  0x0021, 0x0021, 0x0021, 0x0021, 0x0021, 0x0021, 0x0021, 0x0021, 0x0021, 0x0021, 0x0021, 0x0021,
  0x0021, 0x0021, 0x0021, 0x0021, 0x0021, 0x0021, 0x0021, 0x0021, 0x0021, 0x0021, 0x0021, 0x0020,
  0x0021, 0x0021, 0x0021, 0x0021, 0x0020, 0x0021, 0x0021, 0x0021, 0x0021, 0x0021, 0x0020, 0x0021,
  0x0021, 0x0021, 0x0021, 0x0021, 0x0021, 0x0021, 0x0021, 0x0021, 0x0021, 0x0021, 0x0021, 0x0021,
  0x0021, 0x0021, 0x0021, 0x0021, 0x0021, 0x0021, 0x0021, 0x0021, 0x0021, 0x0021, 0x0021, 0x0021,
  0x0021, 0x0021, 0x0021, 0x0021, 0x0021, 0x0021, 0x0021, 0x0021, 0x0021, 0x0021, 0x0021, 0x0021,
  0x0020, 0x0021, 0x0021, 0x0021, 0x0021, 0x0021, 0x0021, 0x0021, 0x0021, 0x0021, 0x0021, 0x0021,
  0x0021, 0x0021, 0x0021, 0x0021, 0x0021, 0x0021, 0x0021, 0x0021, 0x0021, 0x0021, 0x0021, 0x0021,
  0x0021, 0x0021, 0x0021, 0x0021, 0x0021, 0x0020, 0x0021, 0x0021, 0x0021, 0x0021, 0x0020, 0x0021,
  0x0021, 0x0021, 0x0021, 0x0021, 0x0841, 0x0021, 0x0000, 0x0000, 0x0820, 0x30A2, 0x6924, 0x99C6,
  0xA1E6, 0x2861, 0x0020, 0x0021, 0x0021, 0x0020, 0x0021, 0x0021, 0x0021, 0x0021, 0x0021, 0x0021,
  0x0021, 0x0021, 0x0021, 0x0021, 0x0021, 0x0021, 0x0021, 0x0021, 0x0021, 0x0021, 0x0021, 0x0021,
  0x0021, 0x0021, 0x0021, 0x0021, 0x0021, 0x0021, 0x0021, 0x0021, 0x0021, 0x0021, 0x0021, 0x0021,
  0x0021, 0x0021, 0x0021, 0x0021, 0x0021, 0x0021, 0x0021, 0x0021, 0x0021, 0x0021, 0x0021, 0x0021,
  0x0021, 0x0021, 0x0021, 0x0021, 0x0021, 0x0021, 0x0021, 0x0021, 0x0021, 0x0021, 0x0021, 0x0021,
  0x0021, 0x0021, 0x0021, 0x0021, 0x0021, 0x0021, 0x0021, 0x0021, 0x0021, 0x0020, 0x0021, 0x0021,
  0x0020, 0x0021, 0x0021, 0x0021, 0x0020, 0x0021, 0x0021, 0x0021, 0x0021, 0x0021, 0x0021, 0x0021,
  0x0021, 0x0021, 0x0021, 0x0021, 0x0021, 0x0021, 0x0021, 0x0021, 0x0021, 0x0021, 0x0021, 0x0021,
  0x0021, 0x0021, 0x0021, 0x0021, 0x0021, 0x0021, 0x0021, 0x0021, 0x0021, 0x0021, 0x0021, 0x0021,
  0x0021, 0x0021, 0x0021, 0x0021, 0x0021, 0x0021, 0x0021, 0x0021, 0x0021, 0x0021, 0x0021, 0x0021,
  0x0021, 0x0021, 0x0021, 0x0021, 0x0021, 0x0021, 0x0021, 0x0021, 0x0021, 0x0021, 0x0021, 0x0021,
  0x0021, 0x0021, 0x0021, 0x0021, 0x0021, 0x0021, 0x0021, 0x0021, 0x0021, 0x0021, 0x0021, 0x0021,
  0x0021, 0x0021, 0x0021, 0x0021, 0x0021, 0x0021, 0x0021, 0x0021, 0x0021, 0x0021, 0x0021, 0x0841,
  0x0021, 0x0000, 0x0000, 0x0841, 0x2061, 0x0020, 0x0021, 0x0021, 0x0020, 0x0021, 0x0021, 0x0021,
  0x0021, 0x0021, 0x0021, 0x0021, 0x0021, 0x0021, 0x0021, 0x0021, 0x0021, 0x0021, 0x0021, 0x0021,
  0x0021, 0x0021, 0x0021, 0x0021, 0x0021, 0x0021, 0x0021, 0x0021, 0x0021, 0x0020, 0x0021, 0x0021,
  0x0021, 0x0021, 0x0021, 0x0021, 0x0021, 0x0021, 0x0021, 0x0021, 0x0021, 0x0021, 0x0021, 0x0021,
  0x0021, 0x0021, 0x0021, 0x0021, 0x0021, 0x0021, 0x0021, 0x0021, 0x0021, 0x0021, 0x0021, 0x0021,
  0x0021, 0x0021, 0x0021, 0x0021, 0x0021, 0x0021, 0x0021, 0x0021, 0x0021, 0x0021, 0x0021, 0x0021,
  0x0020, 0x0021, 0x0021, 0x0021, 0x0021, 0x0021, 0x0021, 0x0021, 0x0020, 0x0021, 0x0021, 0x0021,
  0x0021, 0x0021, 0x0021, 0x0021, 0x0021, 0x0021, 0x0021, 0x0021, 0x0021, 0x0021, 0x0021, 0x0021,
  0x0021, 0x0021, 0x0021, 0x0021, 0x0021, 0x0021, 0x0021, 0x0021, 0x0021, 0x0021, 0x0021, 0x0021,
  0x0021, 0x0021, 0x0021, 0x0021, 0x0021, 0x0021, 0x0021, 0x0021, 0x0021, 0x0021, 0x0021, 0x0021,
  0x0021, 0x0021, 0x0021, 0x0021, 0x0020, 0x0021, 0x0021, 0x0021, 0x0021, 0x0021, 0x0021, 0x0021,
  0x0021, 0x0021, 0x0021, 0x0021, 0x0021, 0x0021, 0x0021, 0x0021, 0x0021, 0x0021, 0x0021, 0x0021,
  0x0021, 0x0021, 0x0021, 0x0021, 0x0021, 0x0021, 0x0021, 0x0021, 0x0021, 0x0021, 0x0021, 0x0021,
  0x0021, 0x0021, 0x0021, 0x0021, 0x0021, 0x0021, 0x0821, 0x0021, 0x0020, 0x0021, 0x0021, 0x0021,
  0x0021, 0x0021, 0x0021, 0x0021, 0x0021, 0x0021, 0x0021, 0x0021, 0x0021, 0x0021, 0x0021, 0x0021,
  0x0021, 0x0021, 0x0021, 0x0021, 0x0021, 0x0021, 0x0021, 0x0021, 0x0021, 0x0021, 0x0021, 0x0021,
  0x0021, 0x0021, 0x0021, 0x0021, 0x0021, 0x0021, 0x0021, 0x0021, 0x0021, 0x0021, 0x0021, 0x0021,
  0x0021, 0x0021, 0x0021, 0x0021, 0x0021, 0x0021, 0x0020, 0x0021, 0x0021, 0x0021, 0x0021, 0x0021,
  0x0021, 0x0021, 0x0021, 0x0021, 0x0021, 0x0021, 0x0021, 0x0021, 0x0021, 0x0021, 0x0021, 0x0021,
  0x0021, 0x0021, 0x0021, 0x0021, 0x0021, 0x0021, 0x0021, 0x0021, 0x0021, 0x0021, 0x0021, 0x0021,
  0x0021, 0x0021, 0x0021, 0x0021, 0x0021, 0x0021, 0x0021, 0x0021, 0x0021, 0x0021, 0x0021, 0x0021,
  0x0021, 0x0021, 0x0021, 0x0021, 0x0021, 0x0021, 0x0021, 0x0021, 0x0021, 0x0021, 0x0021, 0x0021,
  0x0021, 0x0021, 0x0021, 0x0021, 0x0021, 0x0020, 0x0021, 0x0021, 0x0021, 0x0021, 0x0021, 0x0021,
  0x0021, 0x0021, 0x0021, 0x0021, 0x0021, 0x0021, 0x0021, 0x0021, 0x0021, 0x0021, 0x0021, 0x0021,
  0x0021, 0x0021, 0x0021, 0x0021, 0x0021, 0x0021, 0x0021, 0x0021, 0x0021, 0x0021, 0x0021, 0x0021,
  0x0021, 0x0021, 0x0021, 0x0021, 0x0021, 0x0021, 0x0021, 0x0021, 0x0021, 0x0021, 0x0021, 0x0021,
  0x0021, 0x0021, 0x0021, 0x0021, 0x0021, 0x0021, 0x0021, 0x0021, 0x0021, 0x0021, 0x0021, 0x0021,
  0x0021, 0x0021, 0x0021, 0x0021, 0x0021, 0x0020, 0x0020, 0x0021, 0x0021, 0x0021, 0x0021, 0x0021,
  0x0021, 0x0021, 0x0021, 0x0021, 0x0021, 0x0021, 0x0021, 0x0021, 0x0021, 0x0021, 0x0021, 0x0021,
  0x0021, 0x0021, 0x0021, 0x0021, 0x0021, 0x0021, 0x0021, 0x0021, 0x0021, 0x0021, 0x0021, 0x0021,
  0x0021, 0x0021, 0x0021, 0x0021, 0x0021, 0x0021, 0x0021, 0x0021, 0x0021, 0x0021, 0x0021, 0x0021,
  0x0021, 0x0021, 0x0021, 0x0021, 0x0021, 0x0021, 0x0021, 0x0020, 0x0021, 0x0021, 0x0021, 0x0021,
  0x0021, 0x0021, 0x0021, 0x0021, 0x0021, 0x0021, 0x0021, 0x0021, 0x0021, 0x0021, 0x0021, 0x0021,
  0x0021, 0x0021, 0x0021, 0x0021, 0x0020, 0x0021, 0x0021, 0x0021, 0x0021, 0x0021, 0x0021, 0x0021,
  0x0021, 0x0021, 0x0021, 0x0021, 0x0021, 0x0021, 0x0021, 0x0021, 0x0021, 0x0021, 0x0021, 0x0021,
  0x0021, 0x0021, 0x0021, 0x0021, 0x0021, 0x0021, 0x0021, 0x0021, 0x0021, 0x0021, 0x0021, 0x0021,
  0x0021, 0x0021, 0x0021, 0x0021, 0x0021, 0x0021, 0x0021, 0x0021, 0x0021, 0x0021, 0x0021, 0x0021,
  0x0021, 0x0021, 0x0021, 0x0021, 0x0021, 0x0021, 0x0021, 0x0021, 0x0021, 0x0021, 0x0021, 0x0021,
  0x0021, 0x0021, 0x0021, 0x0021, 0x0021, 0x0021, 0x0021, 0x0021, 0x0021, 0x0021, 0x0021, 0x0021,
  0x0021, 0x0021, 0x0021, 0x0021, 0x0021, 0x0021, 0x0021, 0x0021, 0x0021, 0x0021, 0x0021, 0x0021,
  0x0021, 0x0021, 0x0021, 0x0021, 0x0021, 0x0020, 0x0021, 0x0021, 0x0020, 0x0021, 0x0021, 0x0021,
  0x0021, 0x0021, 0x0021, 0x0021, 0x0021, 0x0021, 0x0021, 0x0021, 0x0021, 0x0021, 0x0021, 0x0021,
  0x0021, 0x0021, 0x0021, 0x0021, 0x0021, 0x0021, 0x0021, 0x0021, 0x0021, 0x0021, 0x0021, 0x0021,
  0x0021, 0x0021, 0x0021, 0x0021, 0x0021, 0x0021, 0x0021, 0x0021, 0x0021, 0x0021, 0x0021, 0x0021,
  0x0021, 0x0021, 0x0021, 0x0021, 0x0021, 0x0021, 0x0021, 0x0021, 0x0021, 0x0021, 0x0021, 0x0021,
  0x0021, 0x0021, 0x0021, 0x0021, 0x0021, 0x0021, 0x0021, 0x0021, 0x0021, 0x0021, 0x0020, 0x0021,
  0x0021, 0x0021, 0x0021, 0x0021, 0x0021, 0x0021, 0x0021, 0x0021, 0x0021, 0x0021, 0x0021, 0x0021,
  0x0021, 0x0021, 0x0021, 0x0021, 0x0021, 0x0021, 0x0021, 0x0021, 0x0021, 0x0021, 0x0021, 0x0021,
  0x0021, 0x0021, 0x0021, 0x0021, 0x0021, 0x0021, 0x0021, 0x0021, 0x0021, 0x0021, 0x0021, 0x0021,
  0x0021, 0x0021, 0x0021, 0x0021, 0x0021, 0x0021, 0x0021, 0x0021, 0x0021, 0x0021, 0x0021, 0x0021,
  0x0021, 0x0021, 0x0021, 0x0021, 0x0021, 0x0021, 0x0021, 0x0021, 0x0021, 0x0021, 0x0021, 0x0021,
  0x0021, 0x0021, 0x0021, 0x0021, 0x0021, 0x0021, 0x0021, 0x0021, 0x0021, 0x0021, 0x0021, 0x0021,
  0x0021, 0x0021, 0x0021, 0x0021, 0x0021, 0x0021, 0x0021, 0x0021, 0x0021, 0x0021, 0x0021, 0x0021,
  0x0021, 0x0021, 0x0021, 0x0021, 0x0021, 0x0021, 0x0021, 0x0021, 0x0021, 0x0021, 0x0021, 0x0021,
  0x0021, 0x0021, 0x0021, 0x0021, 0x0021, 0x0021, 0x0021, 0x0021, 0x0021, 0x0021, 0x0021, 0x0021,
  0x0021, 0x0021, 0x0021, 0x0021, 0x0021, 0x0021, 0x0021, 0x0021, 0x0021, 0x0021, 0x0020, 0x0021,
  0x0021, 0x0021, 0x0021, 0x0021, 0x0021, 0x0021, 0x0021, 0x0021, 0x0021, 0x0021, 0x0021, 0x0021,
  0x0021, 0x0021, 0x0021, 0x0021, 0x0021, 0x0021, 0x0021, 0x0021, 0x0021, 0x0021, 0x0021, 0x0021,
  0x0021, 0x0021, 0x0021, 0x0021, 0x0021, 0x0021, 0x0021, 0x0021, 0x0021, 0x0021, 0x0021, 0x0021,
  0x0021, 0x0021, 0x0021, 0x0021, 0x0021, 0x0021, 0x0021, 0x0021, 0x0021, 0x0021, 0x0021, 0x0021,
  0x0021, 0x0021, 0x0021, 0x0021, 0x0021, 0x0021, 0x0021, 0x0021, 0x0021, 0x0021, 0x0021, 0x0021,
  0x0021, 0x0021, 0x0021, 0x0021, 0x0021, 0x0021, 0x0021, 0x0021, 0x0021, 0x0021, 0x0021, 0x0021,
  0x0021, 0x0021, 0x0021, 0x0021, 0x0021, 0x0021, 0x0021, 0x0021, 0x0021, 0x0021, 0x0021, 0x0021,
  0x0021, 0x0021, 0x0021, 0x0021, 0x0021, 0x0021, 0x0021, 0x0021, 0x0021, 0x0021, 0x0021, 0x0021,
  0x0021, 0x0021, 0x0021, 0x0021, 0x0021, 0x0021, 0x0021, 0x0021, 0x0021, 0x0021, 0x0021, 0x0021,
  0x0021, 0x0021, 0x0021, 0x0021, 0x0021, 0x0021, 0x0021, 0x0021, 0x0021, 0x0021, 0x0021, 0x0021,
  0x0021, 0x0021, 0x0021, 0x0021, 0x0021, 0x0021, 0x0021, 0x0021, 0x0021, 0x0021, 0x0021, 0x0020,
  0x0021, 0x0021, 0x0021, 0x0021, 0x0021, 0x0021, 0x0021, 0x0021, 0x0021, 0x0021, 0x0021, 0x0021,
  0x0021, 0x0021, 0x0021, 0x0021, 0x0021, 0x0021, 0x0021, 0x0021, 0x0021, 0x0021, 0x0021, 0x0021,
  0x0021, 0x0021, 0x0021, 0x0021, 0x0021, 0x0021, 0x0021, 0x0021, 0x0021, 0x0021, 0x0021, 0x0021,
  0x0021, 0x0021, 0x0021, 0x0021, 0x0021, 0x0021, 0x0021, 0x0021, 0x0021, 0x0021, 0x0021, 0x0021,
  0x0021, 0x0021, 0x0021, 0x0021, 0x0020, 0x0021, 0x0021, 0x0021, 0x0021, 0x0021, 0x0021, 0x0021,
  0x0021, 0x0021, 0x0021, 0x0021, 0x0021, 0x0021, 0x0021, 0x0021, 0x0021, 0x0021, 0x0021, 0x0021,
  0x0021, 0x0021, 0x0021, 0x0021, 0x0021, 0x0021, 0x0021, 0x0021, 0x0021, 0x0021, 0x0021, 0x0021,
  0x0021, 0x0021, 0x0021, 0x0021, 0x0021, 0x0021, 0x0021, 0x0021, 0x0021, 0x0021, 0x0021, 0x0021,
  0x0021, 0x0021, 0x0021, 0x0021, 0x0021, 0x0021, 0x0021, 0x0021, 0x0021, 0x0021, 0x0021, 0x0021,
  0x0021, 0x0021, 0x0021, 0x0021, 0x0021, 0x0021, 0x0021, 0x0021, 0x0021, 0x0021, 0x0021, 0x0021,
  0x0021, 0x0021, 0x0021, 0x0021, 0x0021, 0x0021, 0x0021, 0x0021, 0x0021, 0x0021, 0x0021, 0x0021,
  0x0021, 0x0021, 0x0021, 0x0021, 0x0021, 0x0020, 0x0021, 0x0021, 0x0021, 0x0021, 0x0020, 0x0021,
  0x0021, 0x0021, 0x0021, 0x0021, 0x0021, 0x0021, 0x0021, 0x0021, 0x0021, 0x0021, 0x0021, 0x0021,
  0x0021, 0x0021, 0x0021, 0x0021, 0x0021, 0x0021, 0x0021, 0x0021, 0x0021, 0x0021, 0x0021, 0x0021,
  0x0021, 0x0021, 0x0021, 0x0021, 0x0021, 0x0021, 0x0020, 0x0021, 0x0021, 0x0021, 0x0021, 0x0021,
  0x0021, 0x0021, 0x0021, 0x0021, 0x0021, 0x0021, 0x0021, 0x0021, 0x0021, 0x0021, 0x0021, 0x0021,
  0x0021, 0x0021, 0x0021, 0x0021, 0x0021, 0x0021, 0x0021, 0x0021, 0x0021, 0x0021, 0x0021, 0x0021,
  0x0021, 0x0021, 0x0021, 0x0021, 0x0021, 0x0021, 0x0021, 0x0021, 0x0021, 0x0021, 0x0021, 0x0021,
  0x0021, 0x0021, 0x0021, 0x0021, 0x0021, 0x0021, 0x0021, 0x0021, 0x0021, 0x0021, 0x0021, 0x0021,
  0x0021, 0x0021, 0x0021, 0x0021, 0x0021, 0x0021, 0x0021, 0x0020, 0x0021, 0x0021, 0x0021, 0x0021,
  0x0021, 0x0021, 0x0021, 0x0021, 0x0021, 0x0021, 0x0021, 0x0021, 0x0021, 0x0021, 0x0021, 0x0021,
  0x0021, 0x0021, 0x0021, 0x0021, 0x0021, 0x0021, 0x0021, 0x0021, 0x0021, 0x0021, 0x0021, 0x0021,
  0x0021, 0x0021, 0x0021, 0x0021, 0x0021, 0x0021, 0x0021, 0x0021, 0x0021, 0x0021, 0x0021, 0x0021,
  0x0021, 0x0021, 0x0021, 0x0021, 0x0021, 0x0021, 0x0021, 0x0021, 0x0021, 0x0021, 0x0021, 0x0020,
  0x0020, 0x0021, 0x0021, 0x0021, 0x0021, 0x0020, 0x0021, 0x0021, 0x0021, 0x0021, 0x0021, 0x0021,
  0x0021, 0x0021, 0x0021, 0x0021, 0x0021, 0x0021, 0x0021, 0x0021, 0x0021, 0x0021, 0x0021, 0x0021,
  0x0021, 0x0021, 0x0021, 0x0021, 0x0021, 0x0021, 0x0021, 0x0021, 0x0021, 0x0021, 0x0021, 0x0021,
  0x0021, 0x0021, 0x0021, 0x0021, 0x0021, 0x0021, 0x0021, 0x0021, 0x0021, 0x0021, 0x0021, 0x0021,
  0x0020, 0x0020, 0x0021, 0x0020, 0x0021, 0x0021, 0x0021, 0x0021, 0x0021, 0x0021, 0x0021, 0x0021,
  0x0021, 0x0021, 0x0021, 0x0021, 0x0021, 0x0021, 0x0021, 0x0021, 0x0021, 0x0021, 0x0021, 0x0021,
  0x0021, 0x0021, 0x0021, 0x0020, 0x0021, 0x0021, 0x0020, 0x0020, 0x0021, 0x0021, 0x0020, 0x0021,
  0x0021, 0x0021, 0x0021, 0x0021, 0x0021, 0x0021, 0x0021, 0x0021, 0x0021, 0x0021, 0x0021, 0x0021,
  0x0021, 0x0021, 0x0021, 0x0021, 0x0021, 0x0021, 0x0021, 0x0021, 0x0020, 0x0021, 0x0020, 0x0021,
  0x0021, 0x0021, 0x0021, 0x0021, 0x0021, 0x0021, 0x0021, 0x0021, 0x0021, 0x0021, 0x0021, 0x0021,
  0x0021, 0x0021, 0x0021, 0x0021, 0x0021, 0x0021, 0x0021, 0x0021, 0x0021, 0x0021, 0x0021, 0x0021,
  0x0021, 0x0021, 0x0021, 0x0021, 0x0021, 0x0021, 0x0021, 0x0021, 0x0021, 0x0021, 0x0021, 0x0021,
  0x0021, 0x0021, 0x0021, 0x0021, 0x0021, 0x0021, 0x0021, 0x0021, 0x0021, 0x0021, 0x0021, 0x0021,
  0x0021, 0x0021, 0x0021, 0x0020, 0x0021, 0x0021, 0x0021, 0x0021, 0x0021, 0x0021, 0x0021, 0x0021,
  0x0021, 0x0021, 0x0021, 0x0021, 0x0021, 0x0021, 0x0021, 0x0021, 0x0021, 0x0021, 0x0021, 0x0021,
  0x0021, 0x0021, 0x0021, 0x0021, 0x0021, 0x0021, 0x0021, 0x0021, 0x0021, 0x0021, 0x0021, 0x0021,
  0x0021, 0x0021, 0x0021, 0x0021, 0x0021, 0x0021, 0x0021, 0x0021, 0x0021, 0x0021, 0x0021, 0x0021,
  0x0021, 0x0021, 0x0021, 0x0021, 0x0020, 0x0021, 0x0021, 0x0021, 0x0021, 0x0021, 0x0021, 0x0021,
  0x0021, 0x0021, 0x0021, 0x0021, 0x0021, 0x0021, 0x0021, 0x0021, 0x0021, 0x0021, 0x0021, 0x0021,
  0x0021, 0x0021, 0x0021, 0x0021, 0x0021, 0x0021, 0x0021, 0x0021, 0x0021, 0x0021, 0x0021, 0x0021,
  0x0021, 0x0021, 0x0021, 0x0021, 0x0021, 0x0021, 0x0021, 0x0021, 0x0021, 0x0021, 0x0021, 0x0021,
  0x0021, 0x0020, 0x0021, 0x0021, 0x0021, 0x0021, 0x0021, 0x0021, 0x0021, 0x0021, 0x0021, 0x0021,
  0x0021, 0x0021, 0x0020, 0x0020, 0x0021, 0x0020, 0x0021, 0x0021, 0x0021, 0x0021, 0x0021, 0x0021,
  0x0021, 0x0021, 0x0021, 0x0021, 0x0021, 0x0021, 0x0021, 0x0021, 0x0021, 0x0021, 0x0021, 0x0021,
  0x0021, 0x0021, 0x0021, 0x0021, 0x0021, 0x0021, 0x0021, 0x0021, 0x0021, 0x0021, 0x0021, 0x0021,
  0x0021, 0x0021, 0x0021, 0x0021, 0x0021, 0x0021, 0x0021, 0x0021, 0x0021, 0x0021, 0x0021, 0x0021,
  0x0021, 0x0021, 0x0021, 0x0021, 0x0021, 0x0021, 0x0021, 0x0021, 0x0021, 0x0021, 0x0021, 0x0021,
  0x0021, 0x0021, 0x0021, 0x0021, 0x0021, 0x0020, 0x0021, 0x0021, 0x0021, 0x0021, 0x0021, 0x0021,
  0x0021, 0x0021, 0x0021, 0x0021, 0x0021, 0x0021, 0x0021, 0x0021, 0x0021, 0x0021, 0x0021, 0x0021,
  0x0021, 0x0021, 0x0021, 0x0021, 0x0021, 0x0021, 0x0021, 0x0021, 0x0021, 0x0021, 0x0021, 0x0021,
  0x0021, 0x0021, 0x0021, 0x0021, 0x0021, 0x0021, 0x0021, 0x0021, 0x0021, 0x0021, 0x0021, 0x0021,
  0x0021, 0x0021, 0x0021, 0x0021, 0x0021, 0x0021, 0x0021, 0x0021, 0x0021, 0x0021, 0x0021, 0x0021,
  0x0021, 0x0020, 0x0020, 0x0021, 0x0021, 0x0021, 0x0021, 0x0021, 0x0021, 0x0021, 0x0020, 0x0021,
  0x0021, 0x0021, 0x0021, 0x0021, 0x0021, 0x0021, 0x0021, 0x0021, 0x0021, 0x0021, 0x0021, 0x0021,
  0x0021, 0x0021, 0x0021, 0x0021, 0x0021, 0x0021, 0x0021, 0x0021, 0x0021, 0x0021, 0x0021, 0x0021,
  0x0021, 0x0021, 0x0021, 0x0021, 0x0021, 0x0021, 0x0021, 0x0021, 0x0021, 0x0021, 0x0021, 0x0021,
  0x0021, 0x0021, 0x0021, 0x0021, 0x0021, 0x0021, 0x0021, 0x0021, 0x0021, 0x0021, 0x0021, 0x0021,
  0x0021, 0x0021, 0x0021, 0x0021, 0x0021, 0x0021, 0x0021, 0x0021, 0x0021, 0x0021, 0x0021, 0x0021,
  0x0021, 0x0021, 0x0021, 0x0021, 0x0021, 0x0021, 0x0021, 0x0021, 0x0021, 0x0021, 0x0021, 0x0021,
  0x0021, 0x0021, 0x0021, 0x0021, 0x0021, 0x0021, 0x0021, 0x0021, 0x0021, 0x0021, 0x0021, 0x0021,
  0x0021, 0x0021, 0x0021, 0x0021, 0x0021, 0x0021, 0x0021, 0x0021, 0x0021, 0x0021, 0x0021, 0x0021,
  0x0021, 0x0021, 0x0021, 0x0021, 0x0021, 0x0021, 0x0021, 0x0021, 0x0021, 0x0021, 0x0021, 0x0021,
  0x0021, 0x0021, 0x0021, 0x0021, 0x0021, 0x0021, 0x0021, 0x0021, 0x0021, 0x0021, 0x0021, 0x0021,
  0x0021, 0x0021, 0x0021, 0x0021, 0x0021, 0x0021, 0x0021, 0x0021, 0x0021, 0x0021, 0x0021, 0x0021,
  0x0021, 0x0021, 0x0021, 0x0021, 0x0021, 0x0021, 0x0021, 0x0021, 0x0021, 0x0021, 0x0021, 0x0021,
  0x0021, 0x0021, 0x0021, 0x0021, 0x0021, 0x0021, 0x0021, 0x0021, 0x0021, 0x0021, 0x0021, 0x0021,
  0x0020, 0x0021, 0x0021, 0x0021, 0x0021, 0x0021, 0x0021, 0x0021, 0x0021, 0x0021, 0x0021, 0x0021,
  0x0021, 0x0021, 0x0021, 0x0021, 0x0021, 0x0021, 0x0021, 0x0021, 0x0021, 0x0020, 0x0021, 0x0021,
  0x0021, 0x0021, 0x0021, 0x0021, 0x0021, 0x0021, 0x0021, 0x0020, 0x0021, 0x0021, 0x0021, 0x0021,
  0x0021, 0x0021, 0x0021, 0x0021, 0x0021, 0x0021, 0x0021, 0x0021, 0x0021, 0x0021, 0x0021, 0x0021,
  0x0021, 0x0021, 0x0021, 0x0021, 0x0021, 0x0021, 0x0021, 0x0021, 0x0021, 0x0021, 0x0021, 0x0021,
  0x0021, 0x0021, 0x0021, 0x0021, 0x0021, 0x0021, 0x0021, 0x0021, 0x0021, 0x0021, 0x0021, 0x0021,
  0x0021, 0x0021, 0x0021, 0x0021, 0x0021, 0x0021, 0x0021, 0x0021, 0x0021, 0x0021, 0x0021, 0x0021,
  0x0021, 0x0021, 0x0021, 0x0021, 0x0021, 0x0021, 0x0021, 0x0020, 0x0021, 0x0021, 0x0021, 0x0020,
  0x0021, 0x0021, 0x0021, 0x0020, 0x0021, 0x0021, 0x0021, 0x0021, 0x0021, 0x0021, 0x0021, 0x0021,
  0x0021, 0x0021, 0x0021, 0x0021, 0x0021, 0x0021, 0x0021, 0x0021, 0x0021, 0x0021, 0x0021, 0x0021,
  0x0021, 0x0021, 0x0021, 0x0021, 0x0021, 0x0021, 0x0021, 0x0021, 0x0021, 0x0021, 0x0021, 0x0021,
  0x0021, 0x0021, 0x0021, 0x0021, 0x0021, 0x0021, 0x0021, 0x0021, 0x0021, 0x0021, 0x0021, 0x0021,
  0x0021, 0x0021, 0x0021, 0x0021, 0x0021, 0x0021, 0x0021, 0x0021, 0x0021, 0x0020, 0x0021, 0x0021,
  0x0021, 0x0021, 0x0021, 0x0021, 0x0021, 0x0020, 0x0021, 0x0021, 0x0021, 0x0021, 0x0021, 0x0021,
  0x0021, 0x0021, 0x0021, 0x0021, 0x0021, 0x0021, 0x0021, 0x0021, 0x0021, 0x0021, 0x0021, 0x0021,
  0x0021, 0x0021, 0x0021, 0x0021, 0x0021, 0x0021, 0x0021, 0x0021, 0x0021, 0x0021, 0x0021, 0x0021,
  0x0021, 0x0021, 0x0021, 0x0021, 0x0021, 0x0021, 0x0021, 0x0021, 0x0021, 0x0021, 0x0021, 0x0021,
  0x0021, 0x0021, 0x0021, 0x0021, 0x0021, 0x0021, 0x0021, 0x0021, 0x0021, 0x0021, 0x0021, 0x0021,
  0x0021, 0x0021, 0x0021, 0x0021, 0x0021, 0x0021, 0x0021, 0x0021, 0x0021, 0x0021, 0x0021, 0x0021,
  0x0021, 0x0021, 0x0021, 0x0021, 0x0021, 0x0021, 0x0021, 0x0021, 0x0021, 0x0021, 0x0021, 0x0021,
  0x0020, 0x0021, 0x0021, 0x0021, 0x0021, 0x0021, 0x0021, 0x0021, 0x0021, 0x0021, 0x0021, 0x0021,
  0x0021, 0x0020, 0x0021, 0x0021, 0x0021, 0x0021, 0x0021, 0x0021, 0x0021, 0x0021, 0x0021, 0x0021,
  0x0021, 0x0021, 0x0021, 0x0021, 0x0021, 0x0021, 0x0021, 0x0021, 0x0021, 0x0021, 0x0021, 0x0021,
  0x0021, 0x0021, 0x0021, 0x0021, 0x0021, 0x0021, 0x0021, 0x0020, 0x0021, 0x0021, 0x0021, 0x0021,
  0x0021, 0x0021, 0x0021, 0x0021, 0x0021, 0x0021, 0x0021, 0x0021, 0x0021, 0x0021, 0x0021, 0x0021,
  0x0021, 0x0021, 0x0021, 0x0020, 0x0021, 0x0021, 0x0021, 0x0021, 0x0021, 0x0021, 0x0021, 0x0021,
  0x0020, 0x0021, 0x0020, 0x0021, 0x0021, 0x0021, 0x0020, 0x0020, 0x0020, 0x0021, 0x0021, 0x0021,
  0x0021, 0x0021, 0x0021, 0x0021, 0x0021, 0x0021, 0x0021, 0x0021, 0x0021, 0x0021, 0x0021, 0x0021,
  0x0021, 0x0021, 0x0021, 0x0021, 0x0021, 0x0021, 0x0021, 0x0021, 0x0021, 0x0021, 0x0020, 0x0021,
  0x0021, 0x0021, 0x0021, 0x0021, 0x0020, 0x0021, 0x0021, 0x0021, 0x0021, 0x0021, 0x0021, 0x0021,
  0x0021, 0x0021, 0x0021, 0x0021, 0x0021, 0x0021, 0x0021, 0x0021, 0x0021, 0x0021, 0x0021, 0x0021,
  0x0021, 0x0021, 0x0021, 0x0021, 0x0021, 0x0021, 0x0021, 0x0021, 0x0021, 0x0021, 0x0021, 0x0021,
  0x0021, 0x0021, 0x0021, 0x0021, 0x0021, 0x0021, 0x0021, 0x0021, 0x0021, 0x0021, 0x0021, 0x0021,
  0x0021, 0x0021, 0x0021, 0x0020, 0x0021, 0x0021, 0x0021, 0x0021, 0x0021, 0x0021, 0x0021, 0x0021,
  0x0021, 0x0021, 0x0021, 0x0021, 0x0021, 0x0021, 0x0021, 0x0021, 0x0021, 0x0021, 0x0021, 0x0021,
  0x0021, 0x0021, 0x0021, 0x0021, 0x0021, 0x0021, 0x0021, 0x0021, 0x0021, 0x0021, 0x0021, 0x0021,
  0x0021, 0x0021, 0x0021, 0x0021, 0x0021, 0x0021, 0x0021, 0x0021, 0x0021, 0x0021, 0x0021, 0x0021,
  0x0021, 0x0021, 0x0021, 0x0021, 0x0021, 0x0021, 0x0021, 0x0021, 0x0021, 0x0021, 0x0021, 0x0021,
  0x0021, 0x0021, 0x0021, 0x0021, 0x0021, 0x0021, 0x0021, 0x0020, 0x0021, 0x0021, 0x0021, 0x0021,
  0x0021, 0x0020, 0x0021, 0x0021, 0x0021, 0x0021, 0x0021, 0x0021, 0x0021, 0x0021, 0x0021, 0x0021,
  0x0021, 0x0021, 0x0021, 0x0021, 0x0021, 0x0021, 0x0021, 0x0021, 0x0021, 0x0021, 0x0021, 0x0021,
  0x0021, 0x0021, 0x0021, 0x0021, 0x0021, 0x0020, 0x0021, 0x0021, 0x0021, 0x0021, 0x0021, 0x0021,
  0x0021, 0x0021, 0x0021, 0x0021, 0x0021, 0x0021, 0x0021, 0x0021, 0x0021, 0x0021, 0x0021, 0x0021,
  0x0021, 0x0020, 0x0021, 0x0021, 0x0021, 0x0021, 0x0021, 0x0021, 0x0021, 0x0021, 0x0021, 0x0021,
  0x0021, 0x0021, 0x0021, 0x0021, 0x0021, 0x0021, 0x0021, 0x0021, 0x0021, 0x0021, 0x0021, 0x0021,
  0x0021, 0x0021, 0x0021, 0x0021, 0x0021, 0x0021, 0x0021, 0x0021, 0x0021, 0x0021, 0x0021, 0x0021,
  0x0021, 0x0021, 0x0021, 0x0021, 0x0021, 0x0021, 0x0021, 0x0021, 0x0021, 0x0021, 0x0021, 0x0021,
  0x0021, 0x0021, 0x0021, 0x0021, 0x0021, 0x0021, 0x0021, 0x0021, 0x0021, 0x0021, 0x0021, 0x0021,
  0x0021, 0x0021, 0x0021, 0x0021, 0x0021, 0x0021, 0x0021, 0x0021, 0x0021, 0x0021, 0x0021, 0x0021,
  0x0021, 0x0021, 0x0021, 0x0021, 0x0021, 0x0021, 0x0021, 0x0021, 0x0021, 0x0021, 0x0021, 0x0021,
  0x0021, 0x0021, 0x0021, 0x0021, 0x0021, 0x0021, 0x0021, 0x0021, 0x0021, 0x0021, 0x0021, 0x0021,
  0x0021, 0x0021, 0x0021, 0x0021, 0x0021, 0x0021, 0x0021, 0x0021, 0x0021, 0x0021, 0x0021, 0x0021,
  0x0021, 0x0021, 0x0021, 0x0021, 0x0021, 0x0021, 0x0021, 0x0021, 0x0021, 0x0021, 0x0021, 0x0020,
  0x0021, 0x0021, 0x0021, 0x0020, 0x0021, 0x0021, 0x0021, 0x0021, 0x0021, 0x0021, 0x0021, 0x0021,
  0x0021, 0x0021, 0x0021, 0x0020, 0x0021, 0x0021, 0x0021, 0x0021, 0x0021, 0x0021, 0x0021, 0x0021,
  0x0020, 0x0021, 0x0021, 0x0021, 0x0020, 0x0021, 0x0021, 0x0021, 0x0021, 0x0021, 0x0021, 0x0021,
  0x0021, 0x0021, 0x0021, 0x0021, 0x0021, 0x0021, 0x0021, 0x0021, 0x0021, 0x0021, 0x0021, 0x0021,
  0x0021, 0x0021, 0x0021, 0x0021, 0x0021, 0x0021, 0x0021, 0x0021, 0x0021, 0x0021, 0x0021, 0x0021,
  0x0021, 0x0021, 0x0021, 0x0021, 0x0021, 0x0021, 0x0021, 0x0020, 0x0021, 0x0020, 0x0021, 0x0021,
  0x0021, 0x0021, 0x0021, 0x0021, 0x0021, 0x0021, 0x0021, 0x0021, 0x0021, 0x0021, 0x0021, 0x0021,
  0x0020, 0x0021, 0x0021, 0x0021, 0x0020, 0x0021, 0x0021, 0x0021, 0x0021, 0x0021, 0x0021, 0x0021,
  0x0021, 0x0021, 0x0021, 0x0021, 0x0021, 0x0021, 0x0020, 0x0021, 0x0021, 0x0021, 0x0021, 0x0021,
  0x0021, 0x0021, 0x0021, 0x0021, 0x0021, 0x0021, 0x0021, 0x0021, 0x0021, 0x0021, 0x0021, 0x0021,
  0x0021, 0x0021, 0x0021, 0x0021, 0x0021, 0x0021, 0x0021, 0x0021, 0x0021, 0x0021, 0x0021, 0x0021,
  0x0021, 0x0021, 0x0021, 0x0020, 0x0021, 0x0021, 0x0021, 0x0021, 0x0021, 0x0021, 0x0021, 0x0021,
  0x0021, 0x0021, 0x0021, 0x0021, 0x0021, 0x0021, 0x0021, 0x0021, 0x0021, 0x0021, 0x0021, 0x0021,
  0x0021, 0x0021, 0x0020, 0x0021, 0x0021, 0x0021, 0x0021, 0x0021, 0x0021, 0x0021, 0x0021, 0x0021,
  0x0021, 0x0021, 0x0021, 0x0021, 0x0021, 0x0021, 0x0021, 0x0021, 0x0021, 0x0021, 0x0021, 0x0021,
  0x0021, 0x0021, 0x0021, 0x0021, 0x0021, 0x0021, 0x0021, 0x0021, 0x0021, 0x0021, 0x0021, 0x0021,
  0x0021, 0x0021, 0x0021, 0x0021, 0x0021, 0x0021, 0x0021, 0x0021, 0x0020, 0x0021, 0x0021, 0x0021,
  0x0021, 0x0021, 0x0021, 0x0021, 0x0021, 0x0021, 0x0021, 0x0021, 0x0021, 0x0021, 0x0021, 0x0021,
  0x0021, 0x0021, 0x0021, 0x0021, 0x0021, 0x0021, 0x0021, 0x0021, 0x0021, 0x0021, 0x0021, 0x0021,
  0x0021, 0x0021, 0x0021, 0x0021, 0x0021, 0x0021, 0x0021, 0x0021, 0x0021, 0x0021, 0x0021, 0x0021,
  0x0021, 0x0021, 0x0021, 0x0021, 0x0021, 0x0021, 0x0020, 0x0021, 0x0020, 0x0020, 0x0021, 0x0021,
  0x0021, 0x0021, 0x0021, 0x0021, 0x0021, 0x0021, 0x0021, 0x0021, 0x0021, 0x0021, 0x0021, 0x0021,
  0x0021, 0x0021, 0x0021, 0x0021, 0x0021, 0x0021, 0x0021, 0x0021, 0x0021, 0x0021, 0x0021, 0x0021,
  0x0021, 0x0021, 0x0021, 0x0021, 0x0021, 0x0021, 0x0021, 0x0021, 0x0021, 0x0021, 0x0021, 0x0021,
  0x0021, 0x0021, 0x0021, 0x0021, 0x0021, 0x0021, 0x0021, 0x0021, 0x0021, 0x0021, 0x0021, 0x0021,
  0x0021, 0x0021, 0x0021, 0x0021, 0x0021, 0x0021, 0x0021, 0x0021, 0x0021, 0x0021, 0x0021, 0x0021,
  0x0021, 0x0021, 0x0021, 0x0021, 0x0021, 0x0021, 0x0021, 0x0021, 0x0021, 0x0021, 0x0021, 0x0021,
  0x0021, 0x0021, 0x0021, 0x0021, 0x0021, 0x0021, 0x0021, 0x0021, 0x0021, 0x0021, 0x0021, 0x0021,
  0x0021, 0x0021, 0x0021, 0x0021, 0x0021, 0x0021, 0x0021, 0x0021, 0x0021, 0x0021, 0x0021, 0x0021,
  0x0021, 0x0021, 0x0021, 0x0021, 0x0021, 0x0021, 0x0021, 0x0021, 0x0021, 0x0021, 0x0021, 0x0021,
  0x0021, 0x0021, 0x0021, 0x0021, 0x0020, 0x0021, 0x0021, 0x0021, 0x0021, 0x0021, 0x0021, 0x0021,
  0x0021, 0x0021, 0x0021, 0x0021, 0x0021, 0x0021, 0x0021, 0x0021, 0x0021, 0x0020, 0x0021, 0x0021,
  0x0021, 0x0021, 0x0021, 0x0021, 0x0021, 0x0021, 0x0021, 0x0021, 0x0021, 0x0021, 0x0021, 0x0021,
  0x0021, 0x0021, 0x0021, 0x0021, 0x0021, 0x0021, 0x0021, 0x0021, 0x0021, 0x0021, 0x0021, 0x0021,
  0x0021, 0x0021, 0x0021, 0x0021, 0x0021, 0x0021, 0x0021, 0x0021, 0x0021, 0x0021, 0x0020, 0x0021,
  0x0021, 0x0021, 0x0021, 0x0021, 0x0021, 0x0021, 0x0021, 0x0021, 0x0021, 0x0021, 0x0021, 0x0021,
  0x0021, 0x0021, 0x0021, 0x0021, 0x0021, 0x0021, 0x0020, 0x0020, 0x0021, 0x0021, 0x0021, 0x0021,
  0x0021, 0x0021, 0x0021, 0x0021, 0x0021, 0x0021, 0x0021, 0x0021, 0x0021, 0x0021, 0x0021, 0x0021,
  0x0021, 0x0021, 0x0021, 0x0021, 0x0021, 0x0021, 0x0021, 0x0021, 0x0021, 0x0021, 0x0021, 0x0021,
  0x0021, 0x0021, 0x0021, 0x0021, 0x0021, 0x0021, 0x0021, 0x0021, 0x0021, 0x0021, 0x0021, 0x0021,
  0x0021, 0x0021, 0x0021, 0x0021, 0x0021, 0x0021, 0x0021, 0x0021, 0x0021, 0x0021, 0x0021, 0x0021,
  0x0021, 0x0021, 0x0021, 0x0021, 0x0021, 0x0021, 0x0021, 0x0021, 0x0021, 0x0021, 0x0021, 0x0021,
  0x0021, 0x0021, 0x0021, 0x0021, 0x0021, 0x0021, 0x0021, 0x0021, 0x0021, 0x0021, 0x0021, 0x0021,
  0x0021, 0x0021, 0x0021, 0x0020, 0x0020, 0x0021, 0x0021, 0x0021, 0x0021, 0x0021, 0x0021, 0x0021,
  0x0021, 0x0021, 0x0021, 0x0021, 0x0021, 0x0021, 0x0021, 0x0021, 0x0021, 0x0021, 0x0021, 0x0021,
  0x0021, 0x0020, 0x0021, 0x0021, 0x0021, 0x0021, 0x0021, 0x0021, 0x0021, 0x0021, 0x0021, 0x0021,
  0x0021, 0x0021, 0x0021, 0x0021, 0x0021, 0x0021, 0x0021, 0x0021, 0x0021, 0x0021, 0x0021, 0x0021,
  0x0021, 0x0020, 0x0021, 0x0021, 0x0020, 0x0021, 0x0020, 0x0021, 0x0021, 0x0021, 0x0021, 0x0021,
  0x0021, 0x0021, 0x0021, 0x0021, 0x0021, 0x0021, 0x0021, 0x0021, 0x0021, 0x0021, 0x0021, 0x0021,
  0x0021, 0x0021, 0x0021, 0x0021, 0x0021, 0x0021, 0x0021, 0x0021, 0x0021, 0x0021, 0x0021, 0x0021,
  0x0021, 0x0021, 0x0021, 0x0021, 0x0021, 0x0021, 0x0021, 0x0021, 0x0021, 0x0021, 0x0021, 0x0021,
  0x0021, 0x0021, 0x0021, 0x0021, 0x0021, 0x0021, 0x0021, 0x0021, 0x0021, 0x0021, 0x0021, 0x0021,
  0x0021, 0x0021, 0x0021, 0x0021, 0x0021, 0x0021, 0x0021, 0x0021, 0x0021, 0x0021, 0x0021, 0x0021,
  0x0021, 0x0021, 0x0021, 0x0021, 0x0021, 0x0021, 0x0021, 0x0021, 0x0021, 0x0021, 0x0021, 0x0021,
  0x0021, 0x0021, 0x0021, 0x0021, 0x0021, 0x0021, 0x0021, 0x0021, 0x0021, 0x0021, 0x0021, 0x0021,
  0x0021, 0x0021, 0x0021, 0x0021, 0x0020, 0x0021, 0x0021, 0x0021, 0x0021, 0x0021, 0x0021, 0x0021,
  0x0021, 0x0021, 0x0021, 0x0021, 0x0021, 0x0021, 0x0021, 0x0020, 0x0020, 0x0020, 0x0021, 0x0021,
  0x0021, 0x0021, 0x0021, 0x0021, 0x0021, 0x0021, 0x0021, 0x0021, 0x0021, 0x0021, 0x0021, 0x0021,
  0x0021, 0x0021, 0x0021, 0x0021, 0x0021, 0x0020, 0x0021, 0x0021, 0x0021, 0x0020, 0x0021, 0x0021,
  0x0021, 0x0021, 0x0021, 0x0021, 0x0021, 0x0021, 0x0021, 0x0021, 0x0021, 0x0021, 0x0021, 0x0021,
  0x0021, 0x0021, 0x0021, 0x0021, 0x0021, 0x0020, 0x0020, 0x0021, 0x0020, 0x0021, 0x0021, 0x0021,
  0x0021, 0x0021, 0x0021, 0x0021, 0x0020, 0x0021, 0x0021, 0x0020, 0x0021, 0x0021, 0x0021, 0x0021,
  0x0020, 0x0021, 0x0021, 0x0021, 0x0021, 0x0021, 0x0021, 0x0021, 0x0020, 0x0021, 0x0021, 0x0021,
  0x0021, 0x0021, 0x0020, 0x0021, 0x0021, 0x0020, 0x0021, 0x0020, 0x0021, 0x0021, 0x0021, 0x0021,
  0x0021, 0x0021, 0x0021, 0x0021, 0x0021, 0x0021, 0x0021, 0x0021, 0x0021, 0x0021, 0x0021, 0x0021,
  0x0021, 0x0021, 0x0021, 0x0021, 0x0021, 0x0021, 0x0021, 0x0021, 0x0021, 0x0021, 0x0021, 0x0021,
  0x0021, 0x0021, 0x0021, 0x0021, 0x0021, 0x0021, 0x0021, 0x0021, 0x0021, 0x0021, 0x0021, 0x0021,
  0x0021, 0x0021, 0x0021, 0x0021, 0x0021, 0x0021, 0x0021, 0x0021, 0x0021, 0x0021, 0x0021, 0x0021,
  0x0021, 0x0021, 0x0021, 0x0021, 0x0021, 0x0021, 0x0021, 0x0021, 0x0021, 0x0020, 0x0021, 0x0021,
  0x0021, 0x0021, 0x0021, 0x0021, 0x0021, 0x0021, 0x0021, 0x0021, 0x0021, 0x0021, 0x0021, 0x0020,
  0x0020, 0x0020, 0x0020, 0x0020, 0x0021, 0x0021, 0x0020, 0x0021, 0x0021, 0x0021, 0x0021, 0x0021,
  0x0021, 0x0020, 0x0020, 0x0021, 0x0021, 0x0021, 0x0021, 0x0021, 0x0021, 0x0021, 0x0021, 0x0020,
  0x0021, 0x0021, 0x0021, 0x0020, 0x0021, 0x0021, 0x0021, 0x0021, 0x0021, 0x0021, 0x0021, 0x0020,
  0x0021, 0x0021, 0x0021, 0x0021, 0x0021, 0x0021, 0x0021, 0x0021, 0x0020, 0x0021, 0x0021, 0x0020,
  0x0021, 0x0021, 0x0021, 0x0021, 0x0021, 0x0020, 0x0020, 0x0021, 0x0020, 0x0020, 0x0021, 0x0020,
  0x0020, 0x0021, 0x0021, 0x0021, 0x0021, 0x0021, 0x0021, 0x0021, 0x0021, 0x0021, 0x0021, 0x0021,
  0x0021, 0x0021, 0x0020, 0x0020, 0x0021, 0x0021, 0x0021, 0x0021, 0x0021, 0x0021, 0x0021, 0x0021,
  0x0021, 0x0021, 0x0021, 0x0020, 0x0021, 0x0021, 0x0020, 0x0021, 0x0021, 0x0021, 0x0021, 0x0021,
  0x0021, 0x0021, 0x0021, 0x0021, 0x0021, 0x0021, 0x0021, 0x0021, 0x0021, 0x0021, 0x0021, 0x0021,
  0x0021, 0x0021, 0x0021, 0x0020, 0x0021, 0x0021, 0x0021, 0x0021, 0x0021, 0x0021, 0x0021, 0x0021,
  0x0021, 0x0021, 0x0021, 0x0020, 0x0021, 0x0021, 0x0021, 0x0021, 0x0021, 0x0021, 0x0021, 0x0021,
  0x0021, 0x0021, 0x0021, 0x0021, 0x0021, 0x0020, 0x0021, 0x0020, 0x0021, 0x0021, 0x0021, 0x0021,
  0x0021, 0x0021, 0x0021, 0x0021, 0x0020, 0x0020, 0x0021, 0x0021, 0x0021, 0x0021, 0x0021, 0x0021,
  0x0021, 0x0021, 0x0021, 0x0021,
