// Generated from Assets/GridCity/StreetV3/device/e1-pulse-street.png
// SHA-256: 285a132d6b932ab62836495b8a0257ff4df9b5c3424a054e0351fcf5ee3a0de4
  0x0021, 0x0021, 0x0021, 0x0021, 0x0021, 0x0021, 0x0021, 0x0021, 0x0021, 0x0021, 0x0021, 0x0021,
  0x0021, 0x0021, 0x0021, 0x0021, 0x0021, 0x0021, 0x0021, 0x0021, 0x0021, 0x0021, 0x0021, 0x0021,
  0x0021, 0x0021, 0x0021, 0x0021, 0x0021, 0x0021, 0x0021, 0x0021, 0x0021, 0x0021, 0x0021, 0x0021,
  0x0021, 0x0021, 0x0021, 0x0021, 0x0021, 0x0021, 0x0021, 0x0021, 0x0021, 0x0021, 0x0021, 0x0021,
  0x0021, 0x0021, 0x0021, 0x0021, 0x0021, 0x0021, 0x0021, 0x0021, 0x0021, 0x0021, 0x0021, 0x0021,
  0x0021, 0x0021, 0x0021, 0x0021, 0x0021, 0x0021, 0x0021, 0x0021, 0x0021, 0x0021, 0x0021, 0x0021,
  0x0021, 0x0021, 0x0021, 0x0021, 0x0021, 0x0021, 0x0021, 0x0021, 0x0021, 0x0021, 0x0021, 0x0021,
  0x0021, 0x0021, 0x0021, 0x0021, 0x0021, 0x0021, 0x0021, 0x0021, 0x0021, 0x0021, 0x0021, 0x0021,
  0x0021, 0x0021, 0x0021, 0x0021, 0x0021, 0x0021, 0x0021, 0x0021, 0x0021, 0x0021, 0x0021, 0x0021,
  0x0021, 0x0021, 0x0021, 0x0021, 0x0021, 0x0021, 0x0021, 0x0021, 0x0021, 0x0021, 0x0021, 0x0021,
  0x0021, 0x0021, 0x0021, 0x0021, 0x0021, 0x0021, 0x0021, 0x0021, 0x0021, 0x0021, 0x0021, 0x0021,
  0x0021, 0x0021, 0x0021, 0x0021, 0x0021, 0x0021, 0x0021, 0x0021, 0x0021, 0x0021, 0x0021, 0x0021,
  0x0021, 0x0021, 0x0021, 0x0021, 0x0021, 0x0021, 0x0021, 0x0021, 0x0021, 0x0021, 0x0021, 0x0021,
  0x0021, 0x0021, 0x0021, 0x0021, 0x0021, 0x0021, 0x0021, 0x0021, 0x0021, 0x0021, 0x0021, 0x0021,
  0x0021, 0x0021, 0x0021, 0x0021, 0x0021, 0x0021, 0x0021, 0x0021, 0x0021, 0x0021, 0x0021, 0x0021,
  0x0021, 0x0021, 0x0021, 0x0021, 0x0021, 0x0021, 0x0021, 0x0021, 0x0021, 0x0021, 0x0021, 0x0021,
  0x0021, 0x0021, 0x0021, 0x0021, 0x0021, 0x0021, 0x0021, 0x0021, 0x0021, 0x0021, 0x0021, 0x0021,
  0x0021, 0x0021, 0x0021, 0x0021, 0x0021, 0x0021, 0x0021, 0x0021, 0x0021, 0x0021, 0x0021, 0x0021,
  0x0021, 0x0021, 0x0021, 0x0021, 0x0021, 0x0021, 0x0021, 0x0021, 0x0021, 0x0021, 0x0021, 0x0021,
  0x0021, 0x0021, 0x0021, 0x0021, 0x0021, 0x0021, 0x0021, 0x0021, 0x0021, 0x0021, 0x0021, 0x0021,
  0x0021, 0x0021, 0x0021, 0x0021, 0x0021, 0x0021, 0x0021, 0x0021, 0x0021, 0x0021, 0x0021, 0x0021,
  0x0021, 0x0021, 0x0021, 0x0021, 0x0021, 0x0021, 0x0021, 0x0021, 0x0021, 0x0021, 0x0021, 0x0021,
  0x0021, 0x0021, 0x0021, 0x0021, 0x0021, 0x0021, 0x0021, 0x0021, 0x0021, 0x0021, 0x0021, 0x0021,
  0x0021, 0x0021, 0x0021, 0x0021, 0x0021, 0x0021, 0x0021, 0x0021, 0x0021, 0x0021, 0x0021, 0x0021,
  0x0021, 0x0021, 0x0021, 0x0021, 0x0021, 0x0021, 0x0021, 0x0021, 0x0021, 0x0021, 0x0021, 0x0021,
  0x0021, 0x0021, 0x0021, 0x0021, 0x0021, 0x0021, 0x0021, 0x0021, 0x0021, 0x0021, 0x0021, 0x0021,
  0x0021, 0x0021, 0x0021, 0x0021, 0x0021, 0x0021, 0x0021, 0x0021, 0x0021, 0x0021, 0x0021, 0x0021,
  0x0021, 0x0021, 0x0021, 0x0021, 0x0021, 0x0021, 0x0021, 0x0021, 0x0021, 0x0021, 0x0021, 0x0021,
  0x0021, 0x0021, 0x0021, 0x0021, 0x0021, 0x0021, 0x0021, 0x0021, 0x0021, 0x0021, 0x0021, 0x0021,
  0x0021, 0x0021, 0x0021, 0x0021, 0x0021, 0x0021, 0x0021, 0x0021, 0x0021, 0x0021, 0x0021, 0x0021,
  0x0021, 0x0021, 0x0021, 0x0021, 0x0021, 0x0021, 0x0021, 0x0021, 0x0021, 0x0021, 0x0021, 0x0021,
  0x0021, 0x0021, 0x0021, 0x0021, 0x0021, 0x0021, 0x0021, 0x0021, 0x0021, 0x0021, 0x0021, 0x0021,
  0x0021, 0x0021, 0x0021, 0x0021, 0x0021, 0x0021, 0x0021, 0x0021, 0x0021, 0x0021, 0x0021, 0x0021,
  0x0021, 0x0021, 0x0021, 0x0021, 0x0021, 0x0021, 0x0021, 0x0021, 0x0021, 0x0021, 0x0021, 0x0021,
  0x0021, 0x0021, 0x0021, 0x0021, 0x0021, 0x0021, 0x0021, 0x0021, 0x0021, 0x0021, 0x0021, 0x0021,
  0x0021, 0x0021, 0x0021, 0x0021, 0x0021, 0x0021, 0x0021, 0x0021, 0x0021, 0x0021, 0x0021, 0x0021,
  0x0021, 0x0021, 0x0021, 0x0021, 0x0021, 0x0021, 0x0021, 0x0021, 0x0021, 0x0021, 0x0021, 0x0021,
  0x0021, 0x0021, 0x0021, 0x0021, 0x0021, 0x0021, 0x0021, 0x0021, 0x0021, 0x0021, 0x0021, 0x0021,
  0x0021, 0x0021, 0x0021, 0x0021, 0x0021, 0x0021, 0x0021, 0x0021, 0x0021, 0x0021, 0x0021, 0x0021,
  0x0021, 0x0021, 0x0021, 0x0021, 0x0021, 0x0021, 0x0021, 0x0021, 0x0021, 0x0021, 0x0021, 0x0021,
  0x0021, 0x0021, 0x0021, 0x0021, 0x0021, 0x0021, 0x0021, 0x0021, 0x0021, 0x0021, 0x0021, 0x0021,
  0x0021, 0x0021, 0x0021, 0x0021, 0x0021, 0x0021, 0x0021, 0x0021, 0x0021, 0x0021, 0x0021, 0x0021,
  0x0021, 0x0021, 0x0021, 0x0021, 0x0021, 0x0021, 0x0021, 0x0021, 0x0021, 0x0021, 0x0021, 0x0021,
  0x0021, 0x0021, 0x0021, 0x0021, 0x0021, 0x0021, 0x0021, 0x0021, 0x0021, 0x0021, 0x0021, 0x0021,
  0x0021, 0x0021, 0x0021, 0x0021, 0x0021, 0x0021, 0x0021, 0x0021, 0x0021, 0x0021, 0x0021, 0x0021,
  0x0021, 0x0021, 0x0021, 0x0021, 0x0021, 0x0021, 0x0021, 0x0021, 0x0021, 0x0021, 0x0021, 0x0021,
  0x0021, 0x0021, 0x0021, 0x0021, 0x0021, 0x0021, 0x0021, 0x0021, 0x0021, 0x0021, 0x0021, 0x0021,
  0x0021, 0x0021, 0x0021, 0x0021, 0x0021, 0x0021, 0x0021, 0x0021, 0x0021, 0x0021, 0x0021, 0x0021,
  0x0021, 0x0021, 0x0021, 0x0021, 0x0021, 0x0021, 0x0021, 0x0021, 0x0021, 0x0021, 0x0021, 0x0021,
  0x0021, 0x0021, 0x0021, 0x0021, 0x0021, 0x0021, 0x0021, 0x0021, 0x0021, 0x0021, 0x0021, 0x0021,
  0x0021, 0x0021, 0x0021, 0x0021, 0x0021, 0x0021, 0x0021, 0x0021, 0x0021, 0x0021, 0x0021, 0x0021,
  0x0021, 0x0021, 0x0021, 0x0021, 0x0021, 0x0021, 0x0021, 0x0021, 0x0021, 0x0021, 0x0021, 0x0021,
  0x0021, 0x0021, 0x0021, 0x0021, 0x0021, 0x0021, 0x0021, 0x0021, 0x0021, 0x0021, 0x0021, 0x0021,
  0x0021, 0x0021, 0x0021, 0x0021, 0x0021, 0x0021, 0x0021, 0x0021, 0x0021, 0x0021, 0x0021, 0x0021,
  0x0021, 0x0021, 0x0021, 0x0021, 0x0021, 0x0021, 0x0021, 0x0021, 0x0021, 0x0021, 0x0021, 0x0021,
  0x0021, 0x0021, 0x0021, 0x0021, 0x0021, 0x0021, 0x0021, 0x0021, 0x0021, 0x0021, 0x0021, 0x0021,
  0x0021, 0x0021, 0x0021, 0x0021, 0x0021, 0x0021, 0x0021, 0x0021, 0x0021, 0x0021, 0x0021, 0x0021,
  0x0021, 0x0021, 0x0021, 0x0021, 0x0021, 0x0021, 0x0021, 0x0021, 0x0021, 0x0021, 0x0021, 0x0021,
  0x0021, 0x0021, 0x0021, 0x0021, 0x0021, 0x0021, 0x0021, 0x0021, 0x0021, 0x0021, 0x0021, 0x0021,
  0x0021, 0x0021, 0x0021, 0x0021, 0x0021, 0x0021, 0x0021, 0x0021, 0x0021, 0x0021, 0x0021, 0x0021,
  0x0021, 0x0021, 0x0021, 0x0021, 0x0021, 0x0021, 0x0021, 0x0021, 0x0021, 0x0021, 0x0021, 0x0021,
  0x0021, 0x0021, 0x0021, 0x0021, 0x0021, 0x0021, 0x0021, 0x0021, 0x0021, 0x0021, 0x0021, 0x0021,
  0x0021, 0x0021, 0x0021, 0x0021, 0x0021, 0x0021, 0x0021, 0x0021, 0x0021, 0x0021, 0x0021, 0x0021,
  0x0021, 0x0021, 0x0021, 0x0021, 0x0021, 0x0021, 0x0021, 0x0021, 0x0021, 0x0021, 0x0021, 0x0021,
  0x0021, 0x0021, 0x0021, 0x0021, 0x0021, 0x0021, 0x0021, 0x0021, 0x0021, 0x0021, 0x0021, 0x0021,
  0x0021, 0x0021, 0x0021, 0x0021, 0x0021, 0x0021, 0x0021, 0x0021, 0x0021, 0x0021, 0x0021, 0x0021,
  0x0021, 0x0021, 0x0021, 0x0021, 0x0021, 0x0021, 0x0021, 0x0021, 0x0021, 0x0021, 0x0021, 0x0021,
  0x0021, 0x0021, 0x0021, 0x0021, 0x0021, 0x0021, 0x0021, 0x0021, 0x0021, 0x0021, 0x0021, 0x0021,
  0x0021, 0x0021, 0x0021, 0x0021, 0x0021, 0x0021, 0x0021, 0x0021, 0x0021, 0x0021, 0x0021, 0x0021,
  0x0021, 0x0021, 0x0021, 0x0021, 0x0021, 0x0021, 0x0021, 0x0021, 0x0021, 0x0021, 0x0021, 0x0021,
  0x0021, 0x0021, 0x0021, 0x0021, 0x0021, 0x0021, 0x0021, 0x0021, 0x0021, 0x0021, 0x0021, 0x0021,
  0x0021, 0x0021, 0x0021, 0x0021, 0x0021, 0x0021, 0x0021, 0x0021, 0x0021, 0x0021, 0x0021, 0x0021,
  0x0021, 0x0021, 0x0021, 0x0021, 0x0021, 0x0021, 0x0021, 0x0021, 0x0021, 0x0021, 0x0021, 0x0021,
  0x0021, 0x0021, 0x0021, 0x0021, 0x0021, 0x0021, 0x0021, 0x0021, 0x0021, 0x0021, 0x0021, 0x0021,
  0x0021, 0x0021, 0x0021, 0x0021, 0x0021, 0x0021, 0x0021, 0x0021, 0x0021, 0x0021, 0x0021, 0x0021,
  0x0021, 0x0021, 0x0021, 0x0021, 0x0021, 0x0021, 0x0021, 0x0021, 0x0021, 0x0021, 0x0021, 0x0021,
  0x0021, 0x0021, 0x0021, 0x0021, 0x0021, 0x0021, 0x0021, 0x0021, 0x0021, 0x0021, 0x0021, 0x0021,
  0x0021, 0x0021, 0x0021, 0x0021, 0x0021, 0x0021, 0x0021, 0x0021, 0x0021, 0x0021, 0x0021, 0x0021,
  0x0021, 0x0021, 0x0021, 0x0021, 0x0021, 0x0021, 0x0021, 0x0021, 0x0021, 0x0021, 0x0021, 0x0021,
  0x0021, 0x0021, 0x0021, 0x0021, 0x0021, 0x0021, 0x0021, 0x0021, 0x0021, 0x0021, 0x0021, 0x0021,
  0x0021, 0x0021, 0x0021, 0x0021, 0x0021, 0x0021, 0x0021, 0x0021, 0x0021, 0x0021, 0x0021, 0x0021,
  0x0021, 0x0021, 0x0021, 0x0021, 0x0021, 0x0021, 0x0021, 0x0021, 0x0021, 0x0021, 0x0021, 0x0021,
  0x0021, 0x0021, 0x0021, 0x0021, 0x0021, 0x0021, 0x0021, 0x0021, 0x0021, 0x0021, 0x0021, 0x0021,
  0x0021, 0x0021, 0x0021, 0x0021, 0x0021, 0x0021, 0x0021, 0x0021, 0x0021, 0x0021, 0x0021, 0x0021,
  0x0021, 0x0021, 0x0021, 0x0021, 0x0021, 0x0021, 0x0021, 0x0021, 0x0021, 0x0021, 0x0021, 0x0021,
  0x0021, 0x0021, 0x0021, 0x0021, 0x0021, 0x0021, 0x0021, 0x0021, 0x0021, 0x0021, 0x0021, 0x0021,
  0x0021, 0x0021, 0x0021, 0x0021, 0x0021, 0x0021, 0x0021, 0x0021, 0x0021, 0x0021, 0x0021, 0x0021,
  0x0021, 0x0021, 0x0021, 0x0021, 0x0021, 0x0021, 0x0021, 0x0021, 0x0021, 0x0021, 0x0021, 0x0021,
  0x0021, 0x0021, 0x0021, 0x0021, 0x0021, 0x0021, 0x0021, 0x0021, 0x0021, 0x0021, 0x0021, 0x0021,
  0x0021, 0x0021, 0x0021, 0x0021, 0x0021, 0x0021, 0x0021, 0x0021, 0x0021, 0x0021, 0x0021, 0x0021,
  0x0021, 0x0021, 0x0021, 0x0021, 0x0021, 0x0021, 0x0021, 0x0021, 0x0021, 0x0021, 0x0021, 0x0021,
  0x0021, 0x0021, 0x0021, 0x0021, 0x0021, 0x0021, 0x0021, 0x0021, 0x0021, 0x0021, 0x0021, 0x0021,
  0x0021, 0x0021, 0x0021, 0x0021, 0x0021, 0x0021, 0x0021, 0x0021, 0x0021, 0x0021, 0x0021, 0x0021,
  0x0021, 0x0021, 0x0021, 0x0021, 0x0021, 0x0021, 0x0021, 0x0021, 0x0021, 0x0021, 0x0021, 0x0021,
  0x0021, 0x0021, 0x0021, 0x0021, 0x0021, 0x0021, 0x0021, 0x0021, 0x0021, 0x0021, 0x0021, 0x0021,
  0x0021, 0x0021, 0x0021, 0x0021, 0x0021, 0x0021, 0x0021, 0x0021, 0x0021, 0x0021, 0x0021, 0x0021,
  0x0021, 0x0021, 0x0021, 0x0021, 0x0021, 0x0021, 0x0021, 0x0021, 0x0021, 0x0021, 0x0021, 0x0021,
  0x0021, 0x0021, 0x0021, 0x0021, 0x0021, 0x0021, 0x0021, 0x0021, 0x0021, 0x0021, 0x0021, 0x0021,
  0x0021, 0x0021, 0x0021, 0x0021, 0x0021, 0x0021, 0x0021, 0x0021, 0x0021, 0x0021, 0x0021, 0x0021,
  0x0021, 0x0021, 0x0021, 0x0021, 0x0021, 0x0021, 0x0021, 0x0021, 0x0021, 0x0021, 0x0021, 0x0021,
  0x0021, 0x0021, 0x0021, 0x0021, 0x0021, 0x0021, 0x0021, 0x0021, 0x0021, 0x0021, 0x0021, 0x0021,
  0x0021, 0x0021, 0x0021, 0x0021, 0x0021, 0x0021, 0x0021, 0x0021, 0x0021, 0x0021, 0x0021, 0x0021,
  0x0021, 0x0021, 0x0021, 0x0021, 0x0021, 0x0021, 0x0021, 0x0021, 0x0021, 0x0021, 0x0021, 0x0021,
  0x0021, 0x0021, 0x0021, 0x0021, 0x0021, 0x0021, 0x0021, 0x0021, 0x0021, 0x0021, 0x0021, 0x0021,
  0x0021, 0x0021, 0x0021, 0x0021, 0x0021, 0x0021, 0x0021, 0x0021, 0x0021, 0x0021, 0x0021, 0x0021,
  0x0021, 0x0021, 0x0021, 0x0021, 0x0021, 0x0021, 0x0021, 0x0021, 0x0021, 0x0021, 0x0021, 0x0021,
  0x0021, 0x0021, 0x0021, 0x0021, 0x0021, 0x0021, 0x0021, 0x0021, 0x0021, 0x0021, 0x0021, 0x0021,
  0x0021, 0x0021, 0x0021, 0x0021, 0x0021, 0x0021, 0x0021, 0x0021, 0x0021, 0x0021, 0x0021, 0x0021,
  0x0021, 0x0021, 0x0021, 0x0021, 0x0021, 0x0021, 0x0021, 0x0021, 0x0021, 0x0021, 0x0021, 0x0021,
  0x0021, 0x0021, 0x0021, 0x0021, 0x0021, 0x0021, 0x0021, 0x0021, 0x0021, 0x0021, 0x0021, 0x0021,
  0x0021, 0x0021, 0x0021, 0x0021, 0x0021, 0x0021, 0x0021, 0x0021, 0x0021, 0x0021, 0x0021, 0x0021,
  0x0021, 0x0021, 0x0021, 0x0021, 0x0021, 0x0021, 0x0021, 0x0021, 0x0021, 0x0021, 0x0021, 0x0021,
  0x0021, 0x0021, 0x0021, 0x0021, 0x0021, 0x0021, 0x0021, 0x0021, 0x0021, 0x0021, 0x0021, 0x0021,
  0x0021, 0x0021, 0x0021, 0x0021, 0x0021, 0x0021, 0x0021, 0x0021, 0x0021, 0x0021, 0x0021, 0x0021,
  0x0021, 0x0021, 0x0021, 0x0021, 0x0021, 0x0021, 0x0021, 0x0021, 0x0021, 0x0021, 0x0021, 0x0021,
  0x0021, 0x0021, 0x0021, 0x0021, 0x0021, 0x0021, 0x0021, 0x0021, 0x0021, 0x0021, 0x0021, 0x0021,
  0x0021, 0x0021, 0x0021, 0x0021, 0x0021, 0x0021, 0x0021, 0x0021, 0x0021, 0x0021, 0x0021, 0x0021,
  0x0021, 0x0021, 0x0021, 0x0021, 0x0021, 0x0021, 0x0021, 0x0021, 0x0021, 0x0021, 0x0021, 0x0021,
  0x0021, 0x0021, 0x0021, 0x0021, 0x0021, 0x0021, 0x0021, 0x0021, 0x0021, 0x0021, 0x0021, 0x0021,
  0x0021, 0x0021, 0x0021, 0x0021, 0x0021, 0x0021, 0x0021, 0x0021, 0x0021, 0x0021, 0x0021, 0x0021,
  0x0021, 0x0021, 0x0021, 0x0021, 0x0021, 0x0021, 0x0021, 0x0021, 0x0021, 0x0021, 0x0021, 0x0021,
  0x0021, 0x0021, 0x0021, 0x0021, 0x0021, 0x0021, 0x0021, 0x0021, 0x0021, 0x0021, 0x0021, 0x0021,
  0x0021, 0x0021, 0x0021, 0x0021, 0x0021, 0x0021, 0x0021, 0x0021, 0x0021, 0x0021, 0x0021, 0x0021,
  0x0021, 0x0021, 0x0021, 0x0021, 0x0021, 0x0021, 0x0021, 0x0021, 0x0021, 0x0021, 0x0021, 0x0021,
  0x0021, 0x0021, 0x0021, 0x0021, 0x0021, 0x0021, 0x0021, 0x0021, 0x0021, 0x0021, 0x0021, 0x0021,
  0x0021, 0x0021, 0x0021, 0x0021, 0x0021, 0x0021, 0x0021, 0x0021, 0x0021, 0x0021, 0x0021, 0x0021,
  0x0021, 0x0021, 0x0021, 0x0021, 0x0021, 0x0021, 0x0021, 0x0021, 0x0021, 0x0021, 0x0021, 0x0021,
  0x0021, 0x0021, 0x0021, 0x0021, 0x0021, 0x0021, 0x0021, 0x0021, 0x0021, 0x0021, 0x0021, 0x0021,
  0x0021, 0x0021, 0x0021, 0x0021, 0x0021, 0x0021, 0x0021, 0x0021, 0x0021, 0x0021, 0x0021, 0x0021,
  0x0021, 0x0021, 0x0021, 0x0021, 0x0021, 0x0021, 0x0021, 0x0021, 0x0021, 0x0021, 0x0021, 0x0021,
  0x0021, 0x0021, 0x0021, 0x0021, 0x0021, 0x0021, 0x0021, 0x0021, 0x0021, 0x0021, 0x0021, 0x0021,
  0x0021, 0x0021, 0x0021, 0x0021, 0x0021, 0x0021, 0x0021, 0x0021, 0x0021, 0x0021, 0x0021, 0x0021,
  0x0021, 0x0021, 0x0021, 0x0021, 0x0021, 0x0021, 0x0021, 0x0021, 0x0021, 0x0021, 0x0021, 0x0021,
  0x0021, 0x0021, 0x0021, 0x0021, 0x0021, 0x0021, 0x0021, 0x0021, 0x0021, 0x0021, 0x0021, 0x0021,
  0x0021, 0x0021, 0x0021, 0x0021, 0x0021, 0x0021, 0x0021, 0x0021, 0x0021, 0x0021, 0x0021, 0x0021,
  0x0021, 0x0021, 0x0021, 0x0021, 0x0021, 0x0021, 0x0021, 0x0021, 0x0021, 0x0021, 0x0021, 0x0021,
  0x0021, 0x0021, 0x0021, 0x0021, 0x0021, 0x0021, 0x0021, 0x0021, 0x0021, 0x0021, 0x0021, 0x0021,
  0x0021, 0x0021, 0x0021, 0x0021, 0x0021, 0x0021, 0x0021, 0x0021, 0x0021, 0x0021, 0x0021, 0x0021,
  0x0021, 0x0021, 0x0021, 0x0021, 0x0021, 0x0021, 0x0021, 0x0021, 0x0021, 0x0021, 0x0021, 0x0021,
  0x0021, 0x0021, 0x0021, 0x0021, 0x0021, 0x0021, 0x0021, 0x0021, 0x0021, 0x0021, 0x0021, 0x0021,
  0x0021, 0x0021, 0x0021, 0x0021, 0x0021, 0x0021, 0x0021, 0x0021, 0x0021, 0x0021, 0x0021, 0x0021,
  0x0021, 0x0021, 0x0021, 0x0021, 0x0021, 0x0021, 0x0021, 0x0021, 0x0021, 0x0021, 0x0021, 0x0021,
  0x0021, 0x0021, 0x0021, 0x0021, 0x0021, 0x0021, 0x0021, 0x0021, 0x0021, 0x0021, 0x0021, 0x0021,
  0x0021, 0x0021, 0x0021, 0x0021, 0x0021, 0x0021, 0x0021, 0x0021, 0x0021, 0x0021, 0x0021, 0x0021,
  0x0021, 0x0021, 0x0021, 0x0021, 0x0021, 0x0021, 0x0021, 0x0021, 0x0021, 0x0021, 0x0021, 0x0021,
  0x0021, 0x0021, 0x0021, 0x0021, 0x0021, 0x0021, 0x0021, 0x0021, 0x0021, 0x0021, 0x0021, 0x0021,
  0x0021, 0x0021, 0x0021, 0x0021, 0x0021, 0x0021, 0x0021, 0x0021, 0x0021, 0x0021, 0x0021, 0x0021,
  0x0021, 0x0021, 0x0021, 0x0021, 0x0021, 0x0021, 0x0021, 0x0021, 0x0021, 0x0021, 0x0021, 0x0021,
  0x0021, 0x0021, 0x0021, 0x0021, 0x0021, 0x0021, 0x0021, 0x0021, 0x0021, 0x0021, 0x0021, 0x0021,
  0x0021, 0x0021, 0x0021, 0x0021, 0x0021, 0x0021, 0x0021, 0x0021, 0x0021, 0x0021, 0x0021, 0x0021,
  0x0021, 0x0021, 0x0021, 0x0021, 0x0021, 0x0021, 0x0021, 0x0021, 0x0021, 0x0021, 0x0021, 0x0021,
  0x0021, 0x0021, 0x0021, 0x0021, 0x0021, 0x0021, 0x0021, 0x0021, 0x0021, 0x0021, 0x0021, 0x0021,
  0x0021, 0x0021, 0x0021, 0x0021, 0x0021, 0x0021, 0x0021, 0x0021, 0x0021, 0x0021, 0x0021, 0x0021,
  0x0021, 0x0021, 0x0021, 0x0021, 0x0021, 0x0021, 0x0021, 0x0021, 0x0021, 0x0021, 0x0021, 0x0021,
  0x0021, 0x0021, 0x0021, 0x0021, 0x0021, 0x0021, 0x0021, 0x0021, 0x0021, 0x0021, 0x0021, 0x0021,
  0x0021, 0x0021, 0x0021, 0x0021, 0x0021, 0x0021, 0x0021, 0x0021, 0x0021, 0x0021, 0x0021, 0x0021,
  0x0021, 0x0021, 0x0021, 0x0021, 0x0021, 0x0021, 0x0021, 0x0021, 0x0021, 0x0021, 0x0021, 0x0021,
  0x0021, 0x0021, 0x0021, 0x0021, 0x0021, 0x0021, 0x0021, 0x0021, 0x0021, 0x0021, 0x0021, 0x0021,
  0x0021, 0x0021, 0x0021, 0x0021, 0x0021, 0x0021, 0x0021, 0x0021, 0x0021, 0x0021, 0x0021, 0x0021,
  0x0021, 0x0021, 0x0021, 0x0021, 0x0021, 0x0021, 0x0021, 0x0021, 0x0021, 0x0021, 0x0021, 0x0021,
  0x0021, 0x0021, 0x0021, 0x0021, 0x0021, 0x0021, 0x0021, 0x0021, 0x0021, 0x0021, 0x0021, 0x0021,
  0x0021, 0x0021, 0x0021, 0x0021, 0x0021, 0x0021, 0x0021, 0x0021, 0x0021, 0x0021, 0x0021, 0x0021,
  0x0021, 0x0021, 0x0021, 0x0021, 0x0021, 0x0021, 0x0021, 0x0021, 0x0021, 0x0021, 0x0021, 0x0021,
  0x0021, 0x0021, 0x0021, 0x0021, 0x0021, 0x0021, 0x0021, 0x0021, 0x0021, 0x0021, 0x0021, 0x0021,
  0x0021, 0x0021, 0x0021, 0x0021, 0x0021, 0x0021, 0x0021, 0x0021, 0x0021, 0x0021, 0x0021, 0x0021,
  0x0021, 0x0021, 0x0021, 0x0021, 0x0021, 0x0021, 0x0021, 0x0021, 0x0021, 0x0021, 0x0021, 0x0021,
  0x0021, 0x0021, 0x0021, 0x0021, 0x0021, 0x0021, 0x0021, 0x0021, 0x0021, 0x0021, 0x0021, 0x0021,
  0x0021, 0x0021, 0x0021, 0x0021, 0x0021, 0x0021, 0x0021, 0x0021, 0x0021, 0x0021, 0x0021, 0x0021,
  0x0021, 0x0021, 0x0021, 0x0021, 0x0021, 0x0021, 0x0021, 0x0021, 0x0021, 0x0021, 0x0021, 0x0021,
  0x0021, 0x0021, 0x0021, 0x0021, 0x0021, 0x0021, 0x0021, 0x0021, 0x0021, 0x0021, 0x0021, 0x0021,
  0x0021, 0x0021, 0x0021, 0x0021, 0x0021, 0x0021, 0x0021, 0x0021, 0x0021, 0x0021, 0x0021, 0x0021,
  0x0021, 0x0021, 0x0021, 0x0021, 0x0021, 0x0021, 0x0021, 0x0021, 0x0021, 0x0021, 0x0021, 0x0021,
  0x0021, 0x0021, 0x0021, 0x0021, 0x0021, 0x0021, 0x0021, 0x0021, 0x0021, 0x0021, 0x0021, 0x0021,
  0x0021, 0x0021, 0x0021, 0x0021, 0x0021, 0x0021, 0x0021, 0x0021, 0x0021, 0x0021, 0x0021, 0x0021,
  0x0021, 0x0021, 0x0021, 0x0021, 0x0021, 0x0021, 0x0021, 0x0021, 0x0021, 0x0021, 0x0021, 0x0021,
  0x0021, 0x0021, 0x0021, 0x0021, 0x0021, 0x0021, 0x0021, 0x0021, 0x0021, 0x0021, 0x0021, 0x0021,
  0x0021, 0x0021, 0x0021, 0x0021, 0x0021, 0x0021, 0x0021, 0x0021, 0x0021, 0x0021, 0x0021, 0x0021,
  0x0021, 0x0021, 0x0021, 0x0021, 0x0021, 0x0021, 0x0021, 0x0021, 0x0021, 0x0021, 0x0021, 0x0021,
  0x0021, 0x0021, 0x0021, 0x0021, 0x0021, 0x0021, 0x0021, 0x0021, 0x0021, 0x0021, 0x0021, 0x0021,
  0x0021, 0x0021, 0x0021, 0x0021, 0x0021, 0x0021, 0x0021, 0x0021, 0x0021, 0x0021, 0x0021, 0x0021,
  0x0021, 0x0021, 0x0021, 0x0021, 0x0021, 0x0021, 0x0021, 0x0021, 0x0021, 0x0021, 0x0021, 0x0021,
  0x0021, 0x0021, 0x0021, 0x0021, 0x0021, 0x0021, 0x0021, 0x0021, 0x0021, 0x0021, 0x0021, 0x0021,
  0x0021, 0x0021, 0x0021, 0x0021, 0x0021, 0x0021, 0x0021, 0x0021, 0x0021, 0x0021, 0x0021, 0x0021,
  0x0021, 0x0021, 0x0021, 0x0021, 0x0021, 0x0021, 0x0021, 0x0021, 0x0021, 0x0021, 0x0021, 0x0021,
  0x0021, 0x0021, 0x0021, 0x0021, 0x0021, 0x0021, 0x0021, 0x0021, 0x0021, 0x0021, 0x0021, 0x0021,
  0x0021, 0x0021, 0x0021, 0x0021, 0x0021, 0x0021, 0x0021, 0x0021, 0x0021, 0x0021, 0x0021, 0x0021,
  0x0021, 0x0021, 0x0021, 0x0021, 0x0021, 0x0021, 0x0021, 0x0021, 0x0021, 0x0021, 0x0021, 0x0021,
  0x0021, 0x0021, 0x0021, 0x0021, 0x0021, 0x0021, 0x0021, 0x0021, 0x0021, 0x0021, 0x0021, 0x0021,
  0x0021, 0x0021, 0x0021, 0x0021, 0x0021, 0x0021, 0x0021, 0x0021, 0x0021, 0x0021, 0x0021, 0x0021,
  0x0021, 0x0021, 0x0021, 0x0021, 0x0021, 0x0021, 0x0021, 0x0021, 0x0021, 0x0021, 0x0021, 0x0021,
  0x0021, 0x0021, 0x0021, 0x0021, 0x0021, 0x0021, 0x0021, 0x0021, 0x0021, 0x0021, 0x0021, 0x0021,
  0x0021, 0x0021, 0x0021, 0x0021, 0x0021, 0x0021, 0x0021, 0x0021, 0x0021, 0x0021, 0x0021, 0x0021,
  0x0021, 0x0021, 0x0021, 0x0021, 0x0021, 0x0021, 0x0021, 0x0021, 0x0021, 0x0021, 0x0021, 0x0021,
  0x0021, 0x0021, 0x0021, 0x0021, 0x0021, 0x0021, 0x0021, 0x0021, 0x0021, 0x0021, 0x0021, 0x0021,
  0x0021, 0x0021, 0x0021, 0x0021, 0x0021, 0x0021, 0x0021, 0x0021, 0x0021, 0x0021, 0x0021, 0x0021,
  0x0021, 0x0021, 0x0021, 0x0021, 0x0021, 0x0021, 0x0021, 0x0021, 0x0021, 0x0021, 0x0021, 0x0021,
  0x0021, 0x0021, 0x0021, 0x0021, 0x0021, 0x0021, 0x0021, 0x0021, 0x0021, 0x0021, 0x0021, 0x0021,
  0x0021, 0x0021, 0x0021, 0x0021, 0x0021, 0x0021, 0x0021, 0x0021, 0x0021, 0x0021, 0x0021, 0x0021,
  0x0021, 0x0021, 0x0021, 0x0021, 0x0021, 0x0021, 0x0021, 0x0021, 0x0021, 0x0021, 0x0021, 0x0021,
  0x0021, 0x0021, 0x0021, 0x0021, 0x0021, 0x0021, 0x0021, 0x0021, 0x0021, 0x0021, 0x0021, 0x0021,
  0x0021, 0x0021, 0x0021, 0x0021, 0x0021, 0x0021, 0x0021, 0x0021, 0x0021, 0x0021, 0x0021, 0x0021,
  0x0021, 0x0021, 0x0021, 0x0021, 0x0021, 0x0021, 0x0021, 0x0021, 0x0021, 0x0021, 0x0021, 0x0021,
  0x0021, 0x0021, 0x0021, 0x0021, 0x0021, 0x0021, 0x0021, 0x0021, 0x0021, 0x0021, 0x0021, 0x0021,
  0x0021, 0x0021, 0x0021, 0x0021, 0x0021, 0x0021, 0x0021, 0x0021, 0x0021, 0x0021, 0x0021, 0x0021,
  0x0021, 0x0021, 0x0021, 0x0021, 0x0021, 0x0021, 0x0021, 0x0021, 0x0021, 0x0021, 0x0021, 0x0021,
  0x0021, 0x0021, 0x0021, 0x0021, 0x0021, 0x0021, 0x0021, 0x0021, 0x0021, 0x0021, 0x0021, 0x0021,
  0x0021, 0x0021, 0x0021, 0x0021, 0x0021, 0x0021, 0x0021, 0x0021, 0x0021, 0x0021, 0x0021, 0x0021,
  0x0021, 0x0021, 0x0021, 0x0021, 0x0021, 0x0021, 0x0021, 0x0021, 0x0021, 0x0021, 0x0021, 0x0021,
  0x0021, 0x0021, 0x0021, 0x0021, 0x0021, 0x0021, 0x0021, 0x0021, 0x0021, 0x0021, 0x0021, 0x0021,
  0x0021, 0x0021, 0x0021, 0x0021, 0x0021, 0x0021, 0x0021, 0x0021, 0x0021, 0x0021, 0x0021, 0x0021,
  0x0021, 0x0021, 0x0021, 0x0021, 0x0021, 0x0021, 0x0021, 0x0021, 0x0021, 0x0021, 0x0021, 0x0021,
  0x0021, 0x0021, 0x0021, 0x0021, 0x0021, 0x0021, 0x0021, 0x0021, 0x0021, 0x0021, 0x0021, 0x0021,
  0x0021, 0x0021, 0x0021, 0x0021, 0x0021, 0x0021, 0x0021, 0x0021, 0x0021, 0x0021, 0x0021, 0x0021,
  0x0021, 0x0021, 0x0021, 0x0021, 0x0021, 0x0021, 0x0021, 0x0021, 0x0021, 0x0021, 0x0021, 0x0021,
  0x0021, 0x0021, 0x0021, 0x0021, 0x0021, 0x0021, 0x0021, 0x0021, 0x0021, 0x0021, 0x0021, 0x0021,
  0x0021, 0x0021, 0x0021, 0x0021, 0x0021, 0x0021, 0x0021, 0x0021, 0x0021, 0x0021, 0x0021, 0x0021,
  0x0021, 0x0021, 0x0021, 0x0021, 0x0021, 0x0021, 0x0021, 0x0021, 0x0021, 0x0021, 0x0021, 0x0021,
  0x0021, 0x0021, 0x0021, 0x0021, 0x0021, 0x0021, 0x0021, 0x0021, 0x0021, 0x0021, 0x0021, 0x0021,
  0x0021, 0x0021, 0x0021, 0x0021, 0x0021, 0x0021, 0x0021, 0x0021, 0x0021, 0x0021, 0x0021, 0x0021,
  0x0021, 0x0021, 0x0021, 0x0021, 0x0021, 0x0021, 0x0021, 0x0021, 0x0021, 0x0841, 0x0021, 0x0021,
  0x0021, 0x0021, 0x0021, 0x0021, 0x0021, 0x0021, 0x0021, 0x0021, 0x0021, 0x0021, 0x0021, 0x0021,
  0x0021, 0x0021, 0x0021, 0x0021, 0x0021, 0x0021, 0x0021, 0x0021, 0x0021, 0x0021, 0x0021, 0x0021,
  0x0021, 0x0021, 0x0021, 0x0021, 0x0021, 0x0021, 0x0021, 0x0021, 0x0021, 0x0021, 0x0021, 0x0021,
  0x0021, 0x0021, 0x0021, 0x0021, 0x0021, 0x0021, 0x0021, 0x0021, 0x0021, 0x0021, 0x0021, 0x0021,
  0x0021, 0x0021, 0x0021, 0x0021, 0x0021, 0x0021, 0x0021, 0x0021, 0x0021, 0x0021, 0x0021, 0x0021,
  0x0021, 0x0021, 0x0021, 0x0021, 0x0021, 0x0021, 0x0021, 0x0021, 0x0021, 0x0021, 0x0021, 0x0021,
  0x0021, 0x0021, 0x0021, 0x0021, 0x0021, 0x0021, 0x0021, 0x0021, 0x0021, 0x0021, 0x0021, 0x0021,
  0x0021, 0x0021, 0x0021, 0x0021, 0x0021, 0x0021, 0x0021, 0x0021, 0x0021, 0x0021, 0x0021, 0x0021,
  0x0021, 0x0021, 0x0021, 0x0021, 0x0021, 0x0021, 0x0021, 0x0021, 0x0021, 0x0021, 0x0021, 0x0021,
  0x0021, 0x0021, 0x0021, 0x0021, 0x0021, 0x0021, 0x0021, 0x0021, 0x0021, 0x0021, 0x0021, 0x0021,
  0x0021, 0x0021, 0x0021, 0x0021, 0x0021, 0x0021, 0x0021, 0x0021, 0x0021, 0x0021, 0x0021, 0x0021,
  0x0021, 0x0021, 0x0021, 0x0021, 0x0021, 0x0021, 0x0021, 0x0021, 0x0021, 0x0021, 0x0021, 0x0021,
  0x0021, 0x0021, 0x0021, 0x0021, 0x0021, 0x0021, 0x0021, 0x0021, 0x0021, 0x0021, 0x0021, 0x0000,
  0x0000, 0x0000, 0x0000, 0x0021, 0x0021, 0x0021, 0x0021, 0x0021, 0x0021, 0x0021, 0x0021, 0x0021,
  0x0021, 0x0021, 0x0021, 0x0021, 0x0021, 0x0021, 0x0021, 0x0021, 0x0021, 0x0021, 0x0021, 0x0021,
  0x0021, 0x0021, 0x0021, 0x0021, 0x0021, 0x0021, 0x0021, 0x0021, 0x0021, 0x0021, 0x0021, 0x0021,
  0x0021, 0x0021, 0x0021, 0x0021, 0x0021, 0x0021, 0x0021, 0x0021, 0x0021, 0x0021, 0x0021, 0x0021,
  0x0021, 0x0021, 0x0021, 0x0021, 0x0021, 0x0021, 0x0021, 0x0021, 0x0021, 0x0021, 0x0021, 0x0021,
  0x0021, 0x0021, 0x0021, 0x0021, 0x0021, 0x0021, 0x0021, 0x0021, 0x0021, 0x0021, 0x0021, 0x0021,
  0x0021, 0x0021, 0x0021, 0x0021, 0x0021, 0x0021, 0x0021, 0x0021, 0x0021, 0x0021, 0x0021, 0x0021,
  0x0021, 0x0021, 0x0021, 0x0021, 0x0021, 0x0021, 0x0021, 0x0021, 0x0021, 0x0021, 0x0021, 0x0021,
  0x0021, 0x0021, 0x0021, 0x0021, 0x0021, 0x0021, 0x0021, 0x0021, 0x0021, 0x0021, 0x0021, 0x0021,
  0x0021, 0x0021, 0x0021, 0x0021, 0x0021, 0x0021, 0x0021, 0x0021, 0x0021, 0x0021, 0x0021, 0x0021,
  0x0021, 0x0021, 0x0021, 0x0021, 0x0021, 0x0021, 0x0021, 0x0021, 0x0021, 0x0021, 0x0021, 0x0021,
  0x0021, 0x0021, 0x0021, 0x0021, 0x0021, 0x0021, 0x0021, 0x0021, 0x0021, 0x0021, 0x0021, 0x0021,
  0x0021, 0x0021, 0x0021, 0x0021, 0x0021, 0x0021, 0x0021, 0x0021, 0x0021, 0x0021, 0x0021, 0x0021,
  0x0021, 0x0021, 0x0000, 0x61A6, 0xAAA9, 0x69C6, 0x30E3, 0x0841, 0x0021, 0x0841, 0x0021, 0x0021,
  0x0021, 0x0021, 0x0021, 0x0021, 0x0021, 0x0021, 0x0021, 0x0021, 0x0021, 0x0021, 0x0021, 0x0021,
  0x0021, 0x0021, 0x0021, 0x0021, 0x0021, 0x0021, 0x0021, 0x0021, 0x0021, 0x0021, 0x0021, 0x0021,
  0x0021, 0x0021, 0x0021, 0x0021, 0x0021, 0x0021, 0x0021, 0x0021, 0x0021, 0x0021, 0x0021, 0x0021,
  0x0021, 0x0021, 0x0021, 0x0021, 0x0021, 0x0021, 0x0021, 0x0021, 0x0021, 0x0021, 0x0021, 0x0021,
  0x0021, 0x0021, 0x0021, 0x0021, 0x0021, 0x0021, 0x0021, 0x0021, 0x0021, 0x0021, 0x0021, 0x0021,
  0x0021, 0x0021, 0x0021, 0x0021, 0x0021, 0x0021, 0x0021, 0x0021, 0x0021, 0x0021, 0x0021, 0x0021,
  0x0021, 0x0021, 0x0021, 0x0021, 0x0021, 0x0021, 0x0021, 0x0021, 0x0021, 0x0021, 0x0021, 0x0021,
  0x0021, 0x0021, 0x0021, 0x0021, 0x0021, 0x0021, 0x0021, 0x0021, 0x0021, 0x0021, 0x0021, 0x0021,
  0x0021, 0x0021, 0x0021, 0x0021, 0x0021, 0x0021, 0x0021, 0x0021, 0x0021, 0x0021, 0x0021, 0x0021,
  0x0021, 0x0021, 0x0021, 0x0021, 0x0021, 0x0021, 0x0021, 0x0021, 0x0021, 0x0021, 0x0021, 0x0021,
  0x0021, 0x0021, 0x0021, 0x0021, 0x0021, 0x0021, 0x0021, 0x0021, 0x0021, 0x0021, 0x0021, 0x0021,
  0x0021, 0x0021, 0x0021, 0x0021, 0x0021, 0x0021, 0x0021, 0x0021, 0x0021, 0x0021, 0x0021, 0x0021,
  0x0021, 0x0021, 0x0021, 0x0021, 0x0021, 0x0000, 0x4965, 0xEB8C, 0xEB6B, 0xEB4B, 0xE32B, 0xC36C,
  0x28A2, 0x0000, 0x0020, 0x0021, 0x0041, 0x0021, 0x0021, 0x0021, 0x0021, 0x0021, 0x0021, 0x0021,
  0x0021, 0x0021, 0x0021, 0x0021, 0x0021, 0x0021, 0x0021, 0x0021, 0x0021, 0x0021, 0x0021, 0x0021,
  0x0021, 0x0021, 0x0021, 0x0021, 0x0021, 0x0021, 0x0021, 0x0021, 0x0021, 0x0021, 0x0021, 0x0021,
  0x0021, 0x0021, 0x0021, 0x0021, 0x0021, 0x0021, 0x0021, 0x0021, 0x0021, 0x0021, 0x0021, 0x0021,
  0x0021, 0x0021, 0x0021, 0x0021, 0x0021, 0x0021, 0x0021, 0x0021, 0x0021, 0x0021, 0x0021, 0x0021,
  0x0021, 0x0021, 0x0021, 0x0021, 0x0021, 0x0021, 0x0021, 0x0021, 0x0021, 0x0021, 0x0021, 0x0021,
  0x0021, 0x0021, 0x0021, 0x0021, 0x0021, 0x0021, 0x0021, 0x0021, 0x0021, 0x0021, 0x0021, 0x0021,
  0x0021, 0x0021, 0x0021, 0x0021, 0x0021, 0x0021, 0x0021, 0x0021, 0x0021, 0x0021, 0x0021, 0x0021,
  0x0021, 0x0021, 0x0021, 0x0021, 0x0021, 0x0021, 0x0021, 0x0021, 0x0021, 0x0021, 0x0021, 0x0021,
  0x0021, 0x0021, 0x0021, 0x0021, 0x0021, 0x0021, 0x0021, 0x0021, 0x0021, 0x0021, 0x0021, 0x0021,
  0x0021, 0x0021, 0x0021, 0x0021, 0x0021, 0x0021, 0x0021, 0x0021, 0x0021, 0x0021, 0x0021, 0x0021,
  0x0021, 0x0021, 0x0021, 0x0021, 0x0021, 0x0021, 0x0021, 0x0021, 0x0021, 0x0021, 0x0021, 0x0021,
  0x0021, 0x0021, 0x0021, 0x0021, 0x0021, 0x0021, 0x0021, 0x0021, 0x0021, 0x0021, 0x9A89, 0xC32B,
  0xC32B, 0xDB4B, 0xDBAC, 0x8A27, 0x6924, 0x5124, 0x1882, 0x0000, 0x0000, 0x0000, 0x0021, 0x0021,
  0x0021, 0x0021, 0x0021, 0x0021, 0x0021, 0x0021, 0x0021, 0x0021, 0x0021, 0x0021, 0x0021, 0x0021,
  0x0041, 0x0041, 0x0021, 0x0021, 0x0021, 0x0021, 0x0021, 0x0021, 0x0021, 0x0021, 0x0021, 0x0021,
  0x0021, 0x0021, 0x0021, 0x0021, 0x0021, 0x0021, 0x0021, 0x0021, 0x0021, 0x0021, 0x0021, 0x0021,
  0x0021, 0x0021, 0x0021, 0x0021, 0x0021, 0x0021, 0x0021, 0x0021, 0x0021, 0x0021, 0x0021, 0x0021,
  0x0021, 0x0021, 0x0021, 0x0021, 0x0021, 0x0021, 0x0021, 0x0021, 0x0021, 0x0021, 0x0021, 0x0021,
  0x0021, 0x0021, 0x0021, 0x0021, 0x0021, 0x0021, 0x0021, 0x0021, 0x0021, 0x0021, 0x0021, 0x0021,
  0x0021, 0x0021, 0x0021, 0x0021, 0x0021, 0x0021, 0x0021, 0x0021, 0x0021, 0x0021, 0x0021, 0x0021,
  0x0021, 0x0021, 0x0021, 0x0021, 0x0021, 0x0021, 0x0021, 0x0021, 0x0021, 0x0021, 0x0021, 0x0021,
  0x0021, 0x0021, 0x0021, 0x0021, 0x0021, 0x0021, 0x0021, 0x0021, 0x0021, 0x0021, 0x0021, 0x0021,
  0x0021, 0x0021, 0x0021, 0x0021, 0x0021, 0x0021, 0x0021, 0x0021, 0x0021, 0x0021, 0x0021, 0x0021,
  0x0021, 0x0021, 0x0021, 0x0021, 0x0021, 0x0021, 0x0021, 0x0021, 0x0021, 0x0021, 0x0021, 0x0021,
  0x0021, 0x0021, 0x0021, 0x0021, 0x0021, 0x0021, 0x0021, 0x0021, 0x0021, 0x0021, 0x0021, 0x0021,
  0x0021, 0x0821, 0xAA07, 0xB227, 0xA207, 0xAAC9, 0x9268, 0x6123, 0xCB2B, 0xE36C, 0xDB0B, 0xBA89,
  0x79A6, 0x40E3, 0x1041, 0x0000, 0x0000, 0x0000, 0x0021, 0x0021, 0x0021, 0x0021, 0x0021, 0x0021,
  0x0041, 0x0000, 0x0841, 0x0021, 0x0000, 0x0000, 0x0000, 0x0021, 0x0041, 0x0041, 0x0021, 0x0021,
  0x0021, 0x0021, 0x0021, 0x0021, 0x0021, 0x0021, 0x0021, 0x0021, 0x0021, 0x0021, 0x0021, 0x0021,
  0x0021, 0x0021, 0x0021, 0x0021, 0x0021, 0x0021, 0x0021, 0x0021, 0x0021, 0x0021, 0x0021, 0x0021,
  0x0021, 0x0021, 0x0021, 0x0021, 0x0021, 0x0021, 0x0021, 0x0021, 0x0021, 0x0021, 0x0021, 0x0021,
  0x0021, 0x0021, 0x0021, 0x0021, 0x0021, 0x0021, 0x0021, 0x0021, 0x0021, 0x0021, 0x0021, 0x0021,
  0x0021, 0x0021, 0x0021, 0x0021, 0x0021, 0x0021, 0x0021, 0x0021, 0x0021, 0x0021, 0x0021, 0x0021,
  0x0021, 0x0021, 0x0021, 0x0021, 0x0021, 0x0021, 0x0021, 0x0021, 0x0021, 0x0021, 0x0021, 0x0021,
  0x0021, 0x0021, 0x0021, 0x0021, 0x0021, 0x0021, 0x0021, 0x0021, 0x0021, 0x0021, 0x0021, 0x0021,
  0x0021, 0x0021, 0x0021, 0x0021, 0x0021, 0x0021, 0x0021, 0x0021, 0x0021, 0x0021, 0x0021, 0x0021,
  0x0021, 0x0021, 0x0021, 0x0021, 0x0021, 0x0021, 0x0021, 0x0021, 0x0021, 0x0021, 0x0021, 0x0021,
  0x0021, 0x0021, 0x0021, 0x0021, 0x0021, 0x0021, 0x0021, 0x0021, 0x0021, 0x0021, 0x0021, 0x0021,
  0x0021, 0x0021, 0x0021, 0x0021, 0x0021, 0x0821, 0x89A5, 0xB227, 0xC247, 0xB227, 0x7144, 0x6903,
  0xAA47, 0xA248, 0xB2A9, 0xCB4B, 0xE36C, 0xEB6C, 0xD2EA, 0xA227, 0x6965, 0x28A2, 0x0020, 0x0000,
  0x0000, 0x0020, 0x0021, 0x0841, 0x0000, 0x1082, 0xBD73, 0x9C8F, 0x732B, 0x4A27, 0x18A2, 0x0000,
  0x0000, 0x0000, 0x0020, 0x0041, 0x0041, 0x0021, 0x0021, 0x0021, 0x0021, 0x0021, 0x0021, 0x0021,
  0x0021, 0x0021, 0x0021, 0x0021, 0x0021, 0x0021, 0x0021, 0x0021, 0x0021, 0x0021, 0x0021, 0x0021,
  0x0021, 0x0021, 0x0021, 0x0021, 0x0021, 0x0021, 0x0021, 0x0021, 0x0021, 0x0021, 0x0021, 0x0021,
  0x0021, 0x0021, 0x0021, 0x0021, 0x0021, 0x0021, 0x0021, 0x0021, 0x0021, 0x0021, 0x0021, 0x0021,
  0x0021, 0x0021, 0x0021, 0x0021, 0x0021, 0x0021, 0x0021, 0x0021, 0x0021, 0x0021, 0x0021, 0x0021,
  0x0021, 0x0021, 0x0021, 0x0021, 0x0021, 0x0021, 0x0021, 0x0021, 0x0021, 0x0021, 0x0021, 0x0021,
  0x0021, 0x0021, 0x0021, 0x0021, 0x0021, 0x0021, 0x0021, 0x0021, 0x0021, 0x0021, 0x0021, 0x0021,
  0x0021, 0x0021, 0x0021, 0x0021, 0x0021, 0x0021, 0x0021, 0x0021, 0x0021, 0x0021, 0x0021, 0x0021,
  0x0021, 0x0021, 0x0021, 0x0021, 0x0021, 0x0021, 0x0021, 0x0021, 0x0021, 0x0021, 0x0021, 0x0021,
  0x0021, 0x0021, 0x0021, 0x0021, 0x0021, 0x0021, 0x0021, 0x0021, 0x0021, 0x0021, 0x0021, 0x0021,
  0x0021, 0x0021, 0x0021, 0x0021, 0x0021, 0x0021, 0x0021, 0x0021, 0x0021, 0x0021, 0x89E6, 0x89C6,
  0x8985, 0xBA48, 0x91C6, 0x38C2, 0x38C3, 0x6944, 0x91A5, 0x99C6, 0xA207, 0xAA89, 0xBAEA, 0xD34B,
  0xE36C, 0xE34C, 0xCACA, 0x91E6, 0x5104, 0x1861, 0x0000, 0x0000, 0x0841, 0xB531, 0xCDD4, 0x62C9,
  0x9C6F, 0xBD73, 0xC593, 0xA4B0, 0x6B2B, 0x31A6, 0x0861, 0x0000, 0x0000, 0x0000, 0x0021, 0x0041,
  0x0041, 0x0021, 0x0021, 0x0021, 0x0021, 0x0021, 0x0021, 0x0021, 0x0021, 0x0021, 0x0021, 0x0021,
  0x0021, 0x0021, 0x0021, 0x0021, 0x0021, 0x0021, 0x0021, 0x0021, 0x0021, 0x0021, 0x0021, 0x0021,
  0x0021, 0x0021, 0x0021, 0x0021, 0x0021, 0x0021, 0x0021, 0x0021, 0x0021, 0x0021, 0x0021, 0x0021,
  0x0021, 0x0021, 0x0021, 0x0021, 0x0021, 0x0021, 0x0021, 0x0021, 0x0021, 0x0021, 0x0021, 0x0021,
  0x0021, 0x0021, 0x0021, 0x0021, 0x0021, 0x0021, 0x0021, 0x0021, 0x0021, 0x0021, 0x0021, 0x0021,
  0x0021, 0x0021, 0x0021, 0x0021, 0x0021, 0x0021, 0x0021, 0x0021, 0x0021, 0x0021, 0x0021, 0x0021,
  0x0021, 0x0021, 0x0021, 0x0021, 0x0021, 0x0021, 0x0021, 0x0021, 0x0021, 0x0021, 0x0021, 0x0021,
  0x0021, 0x0021, 0x0021, 0x0021, 0x0021, 0x0021, 0x0021, 0x0021, 0x0021, 0x0021, 0x0021, 0x0021,
  0x0021, 0x0021, 0x0021, 0x0021, 0x0021, 0x0021, 0x0021, 0x0021, 0x0021, 0x0021, 0x0021, 0x0021,
  0x0021, 0x0021, 0x0021, 0x0021, 0x0021, 0x0021, 0x0021, 0x0021, 0x0021, 0x0021, 0x0021, 0x0821,
  0x0000, 0x6144, 0xE36C, 0xA268, 0x50C3, 0xB248, 0x91C6, 0x30C3, 0x3124, 0x2124, 0x18E4, 0x3903,
  0x5924, 0x7144, 0x9185, 0x99C6, 0xA227, 0xB2A9, 0xC32B, 0xDB4B, 0xE36C, 0xDB0B, 0xC2CA, 0x5103,
  0x8C4F, 0xE677, 0x4A27, 0x18C3, 0x2104, 0x3185, 0x5A88, 0x83AC, 0xAD11, 0xC5B3, 0xB552, 0x942E,
  0x5AA9, 0x2124, 0x0000, 0x0000, 0x0000, 0x0000, 0x0021, 0x0041, 0x0021, 0x0021, 0x0021, 0x0021,
  0x0021, 0x0021, 0x0021, 0x0021, 0x0021, 0x0021, 0x0021, 0x0021, 0x0021, 0x0021, 0x0021, 0x0021,
  0x0021, 0x0021, 0x0021, 0x0021, 0x0021, 0x0021, 0x0021, 0x0021, 0x0021, 0x0021, 0x0021, 0x0021,
  0x0021, 0x0021, 0x0021, 0x0021, 0x0021, 0x0021, 0x0021, 0x0021, 0x0021, 0x0021, 0x0021, 0x0021,
  0x0021, 0x0021, 0x0021, 0x0021, 0x0021, 0x0021, 0x0021, 0x0021, 0x0021, 0x0021, 0x0021, 0x0021,
  0x0021, 0x0021, 0x0021, 0x0021, 0x0021, 0x0021, 0x0021, 0x0021, 0x0021, 0x0021, 0x0021, 0x0021,
  0x0021, 0x0021, 0x0021, 0x0021, 0x0021, 0x0021, 0x0021, 0x0021, 0x0021, 0x0021, 0x0021, 0x0021,
  0x0021, 0x0021, 0x0021, 0x0021, 0x0021, 0x0021, 0x0021, 0x0021, 0x0021, 0x0021, 0x0021, 0x0021,
  0x0021, 0x0021, 0x0021, 0x0021, 0x0021, 0x0021, 0x0021, 0x0021, 0x0021, 0x0021, 0x0021, 0x0021,
  0x0021, 0x0021, 0x0021, 0x0021, 0x0021, 0x0021, 0x0021, 0x0021, 0x0021, 0x0021, 0x0021, 0x0021,
  0x0021, 0x0021, 0x0041, 0x0000, 0x38C3, 0xEB4B, 0xBB0A, 0x5903, 0x48C3, 0xB227, 0x8185, 0x28A2,
  0x3945, 0x3145, 0x2145, 0x1925, 0x1925, 0x1904, 0x20C3, 0x38E3, 0x6144, 0x8165, 0x91A5, 0xA1E6,
  0xAA48, 0xBACA, 0xB2C9, 0xAC6F, 0xDE76, 0x62C9, 0x18C3, 0x2145, 0x2145, 0x2125, 0x1904, 0x2104,
  0x2944, 0x41C6, 0x6AEA, 0x944E, 0xBD52, 0xC5B3, 0xAD11, 0x7BAD, 0x41E7, 0x10A2, 0x0000, 0x0000,
  0x0000, 0x0020, 0x0041, 0x0041, 0x0021, 0x0021, 0x0021, 0x0021, 0x0021, 0x0021, 0x0021, 0x0021,
  0x0021, 0x0021, 0x0021, 0x0021, 0x0021, 0x0021, 0x0021, 0x0021, 0x0021, 0x0021, 0x0021, 0x0021,
  0x0021, 0x0021, 0x0021, 0x0021, 0x0021, 0x0021, 0x0021, 0x0021, 0x0021, 0x0021, 0x0021, 0x0021,
  0x0021, 0x0021, 0x0021, 0x0021, 0x0021, 0x0021, 0x0021, 0x0021, 0x0021, 0x0021, 0x0021, 0x0021,
  0x0021, 0x0021, 0x0021, 0x0021, 0x0021, 0x0021, 0x0021, 0x0021, 0x0021, 0x0021, 0x0021, 0x0021,
  0x0021, 0x0021, 0x0021, 0x0021, 0x0021, 0x0021, 0x0021, 0x0021, 0x0021, 0x0021, 0x0021, 0x0021,
  0x0021, 0x0021, 0x0021, 0x0021, 0x0021, 0x0021, 0x0021, 0x0021, 0x0021, 0x0021, 0x0021, 0x0021,
  0x0021, 0x0021, 0x0021, 0x0021, 0x0021, 0x0021, 0x0021, 0x0021, 0x0021, 0x0021, 0x0021, 0x0021,
  0x0021, 0x0021, 0x0021, 0x0021, 0x0021, 0x0021, 0x0021, 0x0021, 0x0021, 0x0021, 0x0021, 0x0021,
  0x0021, 0x0021, 0x0021, 0x0021, 0x0021, 0x0021, 0x0020, 0x1041, 0xCACA, 0xE38C, 0x79A6, 0x1082,
  0x40E3, 0xA9E6, 0x8185, 0x28C3, 0x1125, 0x2145, 0x3165, 0x3165, 0x2945, 0x2145, 0x2965, 0x3145,
  0x1924, 0x18E4, 0x28E3, 0x4903, 0x7164, 0x70E3, 0x72EA, 0xDEB7, 0x732B, 0x18C3, 0x2945, 0x2145,
  0x2125, 0x2945, 0x2945, 0x2945, 0x2125, 0x1904, 0x18E4, 0x2104, 0x3165, 0x5227, 0x7B6B, 0xACD0,
  0xC5B3, 0xC593, 0x9C8F, 0x62CA, 0x2944, 0x0841, 0x0000, 0x0000, 0x0000, 0x0021, 0x0041, 0x0041,
  0x0021, 0x0021, 0x0021, 0x0021, 0x0021, 0x0021, 0x0021, 0x0021, 0x0021, 0x0021, 0x0021, 0x0021,
  0x0021, 0x0021, 0x0021, 0x0021, 0x0021, 0x0021, 0x0021, 0x0021, 0x0021, 0x0021, 0x0021, 0x0021,
  0x0021, 0x0021, 0x0021, 0x0021, 0x0021, 0x0021, 0x0021, 0x0021, 0x0021, 0x0021, 0x0021, 0x0021,
  0x0021, 0x0021, 0x0021, 0x0021, 0x0021, 0x0021, 0x0021, 0x0021, 0x0021, 0x0021, 0x0021, 0x0021,
  0x0021, 0x0021, 0x0021, 0x0021, 0x0021, 0x0021, 0x0021, 0x0021, 0x0021, 0x0021, 0x0021, 0x0021,
  0x0021, 0x0021, 0x0021, 0x0021, 0x0021, 0x0021, 0x0021, 0x0021, 0x0021, 0x0021, 0x0021, 0x0021,
  0x0021, 0x0021, 0x0021, 0x0021, 0x0021, 0x0021, 0x0021, 0x0021, 0x0021, 0x0021, 0x0021, 0x0021,
  0x0021, 0x0021, 0x0021, 0x0021, 0x0021, 0x0021, 0x0021, 0x0021, 0x0021, 0x0021, 0x0021, 0x0021,
  0x0021, 0x0021, 0x0021, 0x0021, 0x0021, 0x0021, 0x0021, 0x0021, 0x0021, 0x0021, 0x0000, 0x9207,
  0xF3AD, 0x9248, 0x40C2, 0x2904, 0x40E3, 0x89A5, 0x8165, 0x30E3, 0x3945, 0x2925, 0x2945, 0x5186,
  0x5165, 0x4145, 0x71C7, 0x79A6, 0x1925, 0x2945, 0x2145, 0x2145, 0x08A3, 0x5268, 0xDE76, 0x83AC,
  0x18C3, 0x2125, 0x2945, 0x2125, 0x2125, 0x2125, 0x2145, 0x2145, 0x2145, 0x2145, 0x2945, 0x2125,
  0x2125, 0x1904, 0x18E4, 0x2124, 0x39C6, 0x62C9, 0x8C0D, 0xB531, 0xC5B4, 0xB532, 0x8BEE, 0x4A28,
  0x18C3, 0x0000, 0x0000, 0x0000, 0x0020, 0x0041, 0x0041, 0x0021, 0x0021, 0x0021, 0x0021, 0x0021,
  0x0021, 0x0021, 0x0021, 0x0021, 0x0021, 0x0021, 0x0021, 0x0021, 0x0021, 0x0021, 0x0021, 0x0021,
  0x0021, 0x0021, 0x0021, 0x0021, 0x0021, 0x0021, 0x0021, 0x0021, 0x0021, 0x0021, 0x0021, 0x0021,
  0x0021, 0x0021, 0x0021, 0x0021, 0x0021, 0x0021, 0x0021, 0x0021, 0x0021, 0x0021, 0x0021, 0x0021,
  0x0021, 0x0021, 0x0021, 0x0021, 0x0021, 0x0021, 0x0021, 0x0021, 0x0021, 0x0021, 0x0021, 0x0021,
  0x0021, 0x0021, 0x0021, 0x0021, 0x0021, 0x0021, 0x0021, 0x0021, 0x0021, 0x0021, 0x0021, 0x0021,
  0x0021, 0x0021, 0x0021, 0x0021, 0x0021, 0x0021, 0x0021, 0x0021, 0x0021, 0x0021, 0x0021, 0x0021,
  0x0021, 0x0021, 0x0021, 0x0021, 0x0021, 0x0021, 0x0021, 0x0021, 0x0021, 0x0021, 0x0021, 0x0021,
  0x0021, 0x0021, 0x0021, 0x0021, 0x0021, 0x0021, 0x0021, 0x0021, 0x0021, 0x0021, 0x0021, 0x0021,
  0x0021, 0x0000, 0x5944, 0xF38C, 0xB2EA, 0x50E3, 0x18E3, 0x28E3, 0x38C3, 0x8985, 0x7965, 0x28A2,
  0x3904, 0x3165, 0x2145, 0x2145, 0x2945, 0x3945, 0x4965, 0x89A6, 0x5986, 0x4165, 0x2965, 0x18E4,
  0x31A6, 0xD656, 0x942E, 0x20E3, 0x2125, 0x2945, 0x2145, 0x2945, 0x2145, 0x2145, 0x2145, 0x2125,
  0x2125, 0x2125, 0x2125, 0x2125, 0x2145, 0x2945, 0x2945, 0x2125, 0x2104, 0x18E4, 0x18E3, 0x2944,
  0x4A27, 0x734B, 0xA48F, 0xC593, 0xC593, 0xA4B0, 0x6B0A, 0x3185, 0x0841, 0x0000, 0x0000, 0x0000,
  0x0021, 0x0041, 0x0021, 0x0021, 0x0021, 0x0021, 0x0021, 0x0021, 0x0021, 0x0021, 0x0021, 0x0021,
  0x0021, 0x0021, 0x0021, 0x0021, 0x0021, 0x0021, 0x0021, 0x0021, 0x0021, 0x0021, 0x0021, 0x0021,
  0x0021, 0x0021, 0x0021, 0x0021, 0x0021, 0x0021, 0x0021, 0x0021, 0x0021, 0x0021, 0x0021, 0x0021,
  0x0021, 0x0021, 0x0021, 0x0021, 0x0021, 0x0021, 0x0021, 0x0021, 0x0021, 0x0021, 0x0021, 0x0021,
  0x0021, 0x0021, 0x0021, 0x0021, 0x0021, 0x0021, 0x0021, 0x0021, 0x0021, 0x0021, 0x0021, 0x0021,
  0x0021, 0x0021, 0x0021, 0x0021, 0x0021, 0x0021, 0x0021, 0x0021, 0x0021, 0x0021, 0x0021, 0x0021,
  0x0021, 0x0021, 0x0021, 0x0021, 0x0021, 0x0021, 0x0021, 0x0021, 0x0021, 0x0021, 0x0021, 0x0021,
  0x0021, 0x0021, 0x0021, 0x0021, 0x0021, 0x0021, 0x0021, 0x0021, 0x0021, 0x0021, 0x0021, 0x0021,
  0x0021, 0x0021, 0x0021, 0x0021, 0x0000, 0x28A2, 0xE32B, 0xCB4B, 0x6944, 0x18A2, 0x2104, 0x28E3,
  0x5103, 0x99A5, 0x7124, 0x1882, 0x08A2, 0x18E3, 0x18E4, 0x18E4, 0x2104, 0x2145, 0x1925, 0x5966,
  0x3166, 0x3966, 0x1904, 0x39C6, 0xA4B0, 0x8BED, 0x1081, 0x1904, 0x2945, 0x2945, 0x2945, 0x2945,
  0x2945, 0x2945, 0x2145, 0x2145, 0x2125, 0x2125, 0x2125, 0x2125, 0x2125, 0x2125, 0x2125, 0x2125,
  0x2945, 0x2945, 0x2145, 0x2125, 0x2104, 0x18E4, 0x2104, 0x39A5, 0x5AA9, 0x8C0D, 0xB532, 0xCDD4,
  0xB552, 0x8BEE, 0x4A27, 0x10A2, 0x0000, 0x0000, 0x0000, 0x0021, 0x0021, 0x0021, 0x0021, 0x0021,
  0x0021, 0x0021, 0x0021, 0x0021, 0x0021, 0x0021, 0x0021, 0x0021, 0x0021, 0x0021, 0x0021, 0x0021,
  0x0021, 0x0021, 0x0021, 0x0021, 0x0021, 0x0021, 0x0021, 0x0021, 0x0021, 0x0021, 0x0021, 0x0021,
  0x0021, 0x0021, 0x0021, 0x0021, 0x0021, 0x0021, 0x0021, 0x0021, 0x0021, 0x0021, 0x0021, 0x0021,
  0x0021, 0x0021, 0x0021, 0x0021, 0x0021, 0x0021, 0x0021, 0x0021, 0x0021, 0x0021, 0x0021, 0x0021,
  0x0021, 0x0021, 0x0021, 0x0021, 0x0021, 0x0021, 0x0021, 0x0021, 0x0021, 0x0021, 0x0021, 0x0021,
  0x0021, 0x0021, 0x0021, 0x0021, 0x0021, 0x0021, 0x0021, 0x0021, 0x0021, 0x0021, 0x0021, 0x0021,
  0x0021, 0x0021, 0x0021, 0x0021, 0x0021, 0x0021, 0x0021, 0x0021, 0x0021, 0x0021, 0x0021, 0x0021,
  0x0021, 0x0021, 0x0021, 0x0021, 0x0021, 0x0021, 0x0021, 0x0021, 0x0820, 0xBA89, 0xE3AC, 0x81E6,
  0x28A2, 0x18E4, 0x4924, 0x3104, 0x48E3, 0x7103, 0x28C2, 0x3944, 0x4165, 0x18E3, 0x41C6, 0x62C9,
  0x39A5, 0x2124, 0x18E4, 0x10E4, 0x2145, 0x2145, 0x2945, 0xBD94, 0xEED7, 0x7B8C, 0x62C9, 0x4A49,
  0x2124, 0x18E4, 0x18E4, 0x2145, 0x2145, 0x1904, 0x2125, 0x2945, 0x2145, 0x2125, 0x2125, 0x2125,
  0x2125, 0x2125, 0x2125, 0x2125, 0x2125, 0x2125, 0x2125, 0x2145, 0x2945, 0x2945, 0x2125, 0x2104,
  0x18E4, 0x18E4, 0x2965, 0x4A27, 0x734B, 0xA4B0, 0xBD72, 0xC5B4, 0x83ED, 0x4A48, 0x2924, 0x0020,
  0x0021, 0x0021, 0x0021, 0x0021, 0x0021, 0x0021, 0x0021, 0x0021, 0x0021, 0x0021, 0x0021, 0x0021,
  0x0021, 0x0021, 0x0021, 0x0021, 0x0021, 0x0021, 0x0021, 0x0021, 0x0021, 0x0021, 0x0021, 0x0021,
  0x0021, 0x0021, 0x0021, 0x0021, 0x0021, 0x0021, 0x0021, 0x0021, 0x0021, 0x0021, 0x0021, 0x0021,
  0x0021, 0x0021, 0x0021, 0x0021, 0x0021, 0x0021, 0x0021, 0x0021, 0x0021, 0x0021, 0x0021, 0x0021,
  0x0021, 0x0021, 0x0021, 0x0021, 0x0021, 0x0021, 0x0021, 0x0021, 0x0021, 0x0021, 0x0021, 0x0021,
  0x0021, 0x0021, 0x0021, 0x0021, 0x0021, 0x0021, 0x0021, 0x0021, 0x0021, 0x0021, 0x0021, 0x0021,
  0x0021, 0x0021, 0x0021, 0x0021, 0x0021, 0x0021, 0x0021, 0x0021, 0x0021, 0x0021, 0x0021, 0x0021,
  0x0021, 0x0021, 0x0021, 0x0021, 0x0021, 0x0021, 0x0021, 0x0021, 0x0021, 0x0021, 0x0041, 0x0000,
  0x81C6, 0xF38C, 0x9A69, 0x40A2, 0x1104, 0x4924, 0x2904, 0x10A3, 0x7985, 0x20E3, 0x1924, 0x3124,
  0x3145, 0x41E6, 0xB531, 0xD5F4, 0xBD51, 0xA48F, 0x7B6B, 0x5268, 0x3185, 0x10A2, 0x5AC9, 0xCDF5,
  0x944F, 0x5247, 0xBD93, 0xC5D4, 0xBD73, 0x944F, 0x62CA, 0x31A6, 0x3186, 0x5AAA, 0x3186, 0x2125,
  0x2945, 0x2945, 0x2145, 0x2125, 0x2125, 0x2125, 0x2125, 0x2125, 0x2125, 0x2125, 0x2125, 0x2125,
  0x2125, 0x2125, 0x2125, 0x2125, 0x2945, 0x2145, 0x2125, 0x2104, 0x18E4, 0x2124, 0x39C6, 0x5A88,
  0x944E, 0xEEF8, 0x8BEE, 0x0000, 0x0021, 0x0021, 0x0021, 0x0021, 0x0021, 0x0021, 0x0021, 0x0021,
  0x0021, 0x0021, 0x0021, 0x0021, 0x0021, 0x0021, 0x0021, 0x0021, 0x0021, 0x0021, 0x0021, 0x0021,
  0x0021, 0x0021, 0x0021, 0x0021, 0x0021, 0x0021, 0x0021, 0x0021, 0x0021, 0x0021, 0x0021, 0x0021,
  0x0021, 0x0021, 0x0021, 0x0021, 0x0021, 0x0021, 0x0021, 0x0021, 0x0021, 0x0021, 0x0021, 0x0021,
  0x0021, 0x0021, 0x0021, 0x0021, 0x0021, 0x0021, 0x0021, 0x0021, 0x0021, 0x0021, 0x0021, 0x0021,
  0x0021, 0x0021, 0x0021, 0x0021, 0x0021, 0x0021, 0x0021, 0x0021, 0x0021, 0x0021, 0x0021, 0x0021,
  0x0021, 0x0021, 0x0021, 0x0021, 0x0021, 0x0021, 0x0021, 0x0021, 0x0021, 0x0021, 0x0021, 0x0021,
  0x0021, 0x0021, 0x0021, 0x0021, 0x0021, 0x0021, 0x0021, 0x0021, 0x0021, 0x0021, 0x0021, 0x0021,
  0x0021, 0x0041, 0x0000, 0x4904, 0xF3AC, 0xBB0A, 0x48E3, 0x30E4, 0x6986, 0x4145, 0x08C3, 0x7985,
  0x5144, 0x1924, 0x3165, 0x2125, 0x2945, 0x944F, 0xD5F4, 0xC5B3, 0xCDD4, 0xD5F4, 0xD5F4, 0xCDB3,
  0xBD31, 0x8BCC, 0x83CD, 0xE676, 0x944E, 0x5185, 0x7A27, 0x72C9, 0x8BED, 0xA4F1, 0xCDF4, 0x9C6F,
  0xAD11, 0xF718, 0x944F, 0x2104, 0x18E4, 0x10C3, 0x18E4, 0x2125, 0x2945, 0x2145, 0x2945, 0x2945,
  0x2145, 0x2125, 0x2125, 0x2125, 0x2125, 0x2125, 0x2125, 0x2125, 0x2125, 0x2125, 0x2145, 0x2945,
  0x2945, 0x2965, 0x10C3, 0x4228, 0xDE56, 0xA4B0, 0x62A9, 0x0041, 0x0021, 0x0821, 0x0021, 0x0021,
  0x0021, 0x0021, 0x0021, 0x0021, 0x0021, 0x0021, 0x0021, 0x0021, 0x0021, 0x0021, 0x0021, 0x0021,
  0x0021, 0x0021, 0x0021, 0x0021, 0x0021, 0x0021, 0x0021, 0x0021, 0x0021, 0x0021, 0x0021, 0x0021,
  0x0021, 0x0021, 0x0021, 0x0021, 0x0021, 0x0021, 0x0021, 0x0021, 0x0021, 0x0021, 0x0021, 0x0021,
  0x0021, 0x0021, 0x0021, 0x0021, 0x0021, 0x0021, 0x0021, 0x0021, 0x0021, 0x0021, 0x0021, 0x0021,
  0x0021, 0x0021, 0x0021, 0x0021, 0x0021, 0x0021, 0x0021, 0x0021, 0x0021, 0x0021, 0x0021, 0x0021,
  0x0021, 0x0021, 0x0021, 0x0021, 0x0021, 0x0021, 0x0021, 0x0021, 0x0021, 0x0021, 0x0021, 0x0021,
  0x0021, 0x0021, 0x0021, 0x0021, 0x0021, 0x0021, 0x0021, 0x0021, 0x0021, 0x0021, 0x0021, 0x0021,
  0x0021, 0x0021, 0x0021, 0x0021, 0x0021, 0x0020, 0x1041, 0x9227, 0xAAEA, 0x7985, 0x10A2, 0x5124,
  0x9986, 0x0904, 0x5944, 0x6985, 0x1104, 0x2965, 0x2945, 0x2945, 0x6B2B, 0xD614, 0xCDD4, 0xCDD4,
  0xCDD4, 0xCDD4, 0xCDB3, 0xCDD4, 0xCDF4, 0xCDD4, 0x944F, 0xD615, 0x946F, 0x6964, 0xBA07, 0xAA07,
  0x99E6, 0x79E6, 0x6207, 0x736C, 0xCDF4, 0xA4B0, 0x5AA9, 0xBD72, 0xAD12, 0x7BAD, 0x4A28, 0x2945,
  0x18E4, 0x1904, 0x18E4, 0x18C3, 0x2104, 0x2945, 0x2125, 0x2125, 0x2125, 0x2125, 0x2125, 0x2125,
  0x2125, 0x2125, 0x2125, 0x2125, 0x2145, 0x2104, 0x3186, 0xDE56, 0xB552, 0x7B6B, 0x5247, 0x0000,
  0x0000, 0x0000, 0x0000, 0x0021, 0x0841, 0x0021, 0x0021, 0x0021, 0x0021, 0x0021, 0x0021, 0x0021,
  0x0021, 0x0021, 0x0021, 0x0021, 0x0021, 0x0021, 0x0021, 0x0021, 0x0021, 0x0021, 0x0021, 0x0021,
  0x0021, 0x0021, 0x0021, 0x0021, 0x0021, 0x0021, 0x0021, 0x0021, 0x0021, 0x0021, 0x0021, 0x0021,
  0x0021, 0x0021, 0x0021, 0x0021, 0x0021, 0x0021, 0x0021, 0x0021, 0x0021, 0x0021, 0x0021, 0x0021,
  0x0021, 0x0021, 0x0021, 0x0021, 0x0021, 0x0021, 0x0021, 0x0021, 0x0021, 0x0021, 0x0021, 0x0021,
  0x0021, 0x0021, 0x0021, 0x0021, 0x0021, 0x0021, 0x0021, 0x0021, 0x0021, 0x0021, 0x0021, 0x0021,
  0x0021, 0x0021, 0x0021, 0x0021, 0x0021, 0x0021, 0x0021, 0x0021, 0x0021, 0x0021, 0x0021, 0x0021,
  0x0021, 0x0021, 0x0021, 0x0021, 0x0021, 0x0021, 0x0021, 0x0021, 0x0021, 0x0000, 0xAA68, 0xDB6C,
  0x71A5, 0x28C3, 0x2124, 0x5924, 0x4904, 0x30E3, 0x89C6, 0x18E3, 0x59A6, 0x3165, 0x2965, 0x5268,
  0xCDD4, 0xCDF4, 0xCDD4, 0xCDD4, 0xCDD4, 0xCDD4, 0xCDD4, 0xCDD4, 0xCDF4, 0xC5B3, 0x944E, 0xDE35,
  0x9C8F, 0x6164, 0xB207, 0xBA48, 0xBA48, 0xC268, 0xA1A6, 0x93CD, 0xDE56, 0x8BCD, 0x41A5, 0x836B,
  0x9CB0, 0xB552, 0xC5D4, 0xBD93, 0x9C90, 0x4A48, 0x946F, 0xA4B0, 0x39C6, 0x10A3, 0x2125, 0x2945,
  0x2945, 0x2145, 0x2125, 0x2125, 0x2125, 0x2125, 0x2125, 0x2145, 0x2125, 0x2124, 0xBD93, 0xCDD4,
  0x838C, 0x5227, 0x69C6, 0xBA68, 0x91E7, 0x5124, 0x2061, 0x0000, 0x0000, 0x0000, 0x0021, 0x0021,
  0x0021, 0x0021, 0x0021, 0x0020, 0x0020, 0x0021, 0x0021, 0x0021, 0x0021, 0x0021, 0x0021, 0x0021,
  0x0021, 0x0021, 0x0021, 0x0021, 0x0021, 0x0021, 0x0021, 0x0021, 0x0021, 0x0021, 0x0021, 0x0021,
  0x0021, 0x0021, 0x0021, 0x0021, 0x0021, 0x0021, 0x0021, 0x0021, 0x0021, 0x0021, 0x0021, 0x0021,
  0x0021, 0x0021, 0x0021, 0x0021, 0x0021, 0x0021, 0x0021, 0x0021, 0x0021, 0x0021, 0x0021, 0x0021,
  0x0021, 0x0021, 0x0021, 0x0021, 0x0021, 0x0021, 0x0021, 0x0021, 0x0021, 0x0021, 0x0021, 0x0021,
  0x0021, 0x0021, 0x0021, 0x0021, 0x0021, 0x0021, 0x0021, 0x0021, 0x0021, 0x0021, 0x0021, 0x0021,
  0x0021, 0x0021, 0x0021, 0x0021, 0x0021, 0x0021, 0x0021, 0x0021, 0x0021, 0x0021, 0x0021, 0x0041,
  0x0000, 0x7185, 0xF38C, 0xA2A9, 0x50C2, 0x20E3, 0x5165, 0x3124, 0x10A3, 0x81A5, 0x3124, 0x2965,
  0x6185, 0x3165, 0x39C6, 0xACF0, 0xD615, 0xCDD4, 0xCDF4, 0xCDD4, 0xCDD4, 0xCDD4, 0xCDD4, 0xCDD4,
  0xCDD4, 0xC593, 0x9C6F, 0xDE35, 0x9C8F, 0x5944, 0xB207, 0xBA48, 0xB248, 0xBA48, 0xA9E7, 0x93AC,
  0xDE76, 0x946F, 0x6164, 0xA9E6, 0x89E6, 0x7207, 0x72C9, 0x8C0E, 0x946F, 0x9C90, 0xE6B7, 0xC5B4,
  0x6AE9, 0x5A89, 0x3186, 0x18E4, 0x18C4, 0x2104, 0x2145, 0x2145, 0x2104, 0x2945, 0x2945, 0x2945,
  0x10C3, 0xA4B0, 0xD636, 0x83AC, 0x6268, 0x50C2, 0x89C6, 0xBAEA, 0xD34C, 0xE38C, 0xDB0A, 0xB289,
  0x79A6, 0x38C3, 0x0841, 0x0000, 0x0000, 0x0020, 0x0020, 0x0841, 0x0841, 0x0000, 0x0000, 0x0000,
  0x0021, 0x0021, 0x0021, 0x0021, 0x0021, 0x0021, 0x0021, 0x0021, 0x0021, 0x0021, 0x0021, 0x0021,
  0x0021, 0x0021, 0x0021, 0x0021, 0x0021, 0x0021, 0x0021, 0x0021, 0x0021, 0x0021, 0x0021, 0x0021,
  0x0021, 0x0021, 0x0021, 0x0021, 0x0021, 0x0021, 0x0021, 0x0021, 0x0021, 0x0021, 0x0021, 0x0021,
  0x0021, 0x0021, 0x0021, 0x0021, 0x0021, 0x0021, 0x0021, 0x0021, 0x0021, 0x0021, 0x0021, 0x0021,
  0x0021, 0x0021, 0x0021, 0x0021, 0x0021, 0x0021, 0x0021, 0x0021, 0x0021, 0x0021, 0x0021, 0x0021,
  0x0021, 0x0021, 0x0021, 0x0021, 0x0021, 0x0021, 0x0021, 0x0021, 0x0021, 0x0021, 0x0021, 0x0021,
  0x0021, 0x0021, 0x0021, 0x0000, 0x38E3, 0xEB4B, 0xBB0B, 0x5903, 0x50C2, 0x28E3, 0x2125, 0x10C3,
  0x7985, 0x5165, 0x1924, 0x3186, 0x2166, 0x2965, 0x942E, 0xDE35, 0xCDB3, 0xCDD4, 0xCDD4, 0xCDF4,
  0xCDD4, 0xCDD4, 0xCDD4, 0xCDD4, 0xCDD4, 0xC593, 0x9C6F, 0xDE35, 0x946F, 0x6144, 0xC248, 0xBA68,
  0xB247, 0xBA48, 0xA9E6, 0x93CD, 0xDE76, 0x944F, 0x6165, 0xBA27, 0xBA48, 0xBA27, 0xB227, 0x99E6,
  0x6185, 0xA4D0, 0xBD73, 0x62CA, 0x736B, 0xCE15, 0xC5D4, 0xA4B0, 0x734C, 0x41E7, 0x2104, 0x2104,
  0x31A6, 0x2104, 0x2945, 0x18C3, 0x83EE, 0xE676, 0x8BED, 0x62A9, 0x7944, 0x6924, 0x6103, 0x7944,
  0x99E7, 0xA248, 0xB2CA, 0xCB4B, 0xE3AD, 0xEB6C, 0xD2EA, 0x9A07, 0x5924, 0x2882, 0x0841, 0xAAC9,
  0xC30A, 0x8A48, 0x4945, 0x1882, 0x0021, 0x0021, 0x0021, 0x0021, 0x0021, 0x0021, 0x0021, 0x0021,
  0x0021, 0x0021, 0x0021, 0x0021, 0x0021, 0x0021, 0x0021, 0x0021, 0x0021, 0x0021, 0x0021, 0x0021,
  0x0021, 0x0021, 0x0021, 0x0021, 0x0021, 0x0021, 0x0021, 0x0021, 0x0021, 0x0021, 0x0021, 0x0021,
  0x0021, 0x0021, 0x0021, 0x0021, 0x0021, 0x0021, 0x0021, 0x0021, 0x0021, 0x0021, 0x0021, 0x0021,
  0x0021, 0x0021, 0x0021, 0x0021, 0x0021, 0x0021, 0x0021, 0x0021, 0x0021, 0x0021, 0x0021, 0x0021,
  0x0021, 0x0021, 0x0021, 0x0021, 0x0021, 0x0021, 0x0021, 0x0021, 0x0021, 0x0021, 0x0021, 0x0021,
  0x0021, 0x0021, 0x0021, 0x0021, 0x0021, 0x0021, 0x0020, 0x1041, 0xCACA, 0xDB6C, 0x79A5, 0x30A2,
  0x6124, 0x28E3, 0x08C3, 0x5144, 0x79C6, 0x1904, 0x3186, 0x2965, 0x3165, 0x734B, 0xD615, 0xCDD4,
  0xCDF4, 0xCDF4, 0xCDF4, 0xCDF4, 0xCDF4, 0xCDD4, 0xCDD4, 0xCDD4, 0xCDD4, 0xC5B3, 0x9C6F, 0xD635,
  0x9C6F, 0x4965, 0x81A5, 0xAA07, 0xC248, 0xCA68, 0xB207, 0x9BCD, 0xDE96, 0x944F, 0x5944, 0xB207,
  0xBA48, 0xBA48, 0xBA48, 0xC248, 0x91E7, 0xBD93, 0xD615, 0x6AC9, 0x6185, 0x72A8, 0x7B6B, 0x9C8F,
  0xBDB3, 0xCE14, 0x944E, 0x8C0E, 0xE696, 0x9C90, 0x1082, 0x630B, 0xE6B7, 0x9C6F, 0x6B0A, 0x6144,
  0x8985, 0x5103, 0x10A3, 0x28E3, 0x4903, 0x6944, 0x91A5, 0xA9E6, 0xA227, 0xAA89, 0xBB0A, 0xD36C,
  0xEB6C, 0xBA89, 0x9AA9, 0xEB2B, 0xE32B, 0xEB4B, 0xEB6C, 0xDB8D, 0x4124, 0x0000, 0x0021, 0x0021,
  0x0021, 0x0021, 0x0021, 0x0021, 0x0021, 0x0021, 0x0021, 0x0021, 0x0021, 0x0021, 0x0021, 0x0021,
  0x0021, 0x0021, 0x0021, 0x0021, 0x0021, 0x0021, 0x0021, 0x0021, 0x0021, 0x0021, 0x0021, 0x0021,
  0x0021, 0x0021, 0x0021, 0x0021, 0x0021, 0x0021, 0x0021, 0x0021, 0x0021, 0x0021, 0x0021, 0x0021,
  0x0021, 0x0021, 0x0021, 0x0021, 0x0021, 0x0021, 0x0021, 0x0021, 0x0021, 0x0021, 0x0021, 0x0021,
  0x0021, 0x0021, 0x0021, 0x0021, 0x0021, 0x0021, 0x0021, 0x0021, 0x0021, 0x0021, 0x0021, 0x0021,
  0x0021, 0x0021, 0x0021, 0x0021, 0x0021, 0x0021, 0x0021, 0x0021, 0x0021, 0x0021, 0x0000, 0x9A07,
  0xF3AD, 0x9A28, 0x40C2, 0x18E3, 0x6103, 0x20E3, 0x28C3, 0x81C6, 0x2104, 0x3186, 0x2965, 0x3165,
  0x5268, 0xCDB3, 0xD614, 0xCDF4, 0xD5F4, 0xCDD4, 0xCDF4, 0xCDF4, 0xCDF4, 0xCDF4, 0xCDD4, 0xCDD4,
  0xCDF4, 0xCDB3, 0x944F, 0xD635, 0x9C4F, 0x5247, 0x0881, 0x0800, 0x3082, 0x6124, 0x8965, 0x93CD,
  0xDE76, 0x942E, 0x5964, 0xBA28, 0xBA48, 0xBA48, 0xB227, 0xBA27, 0x9207, 0xBD73, 0xD5F4, 0x62A9,
  0x8944, 0xBA27, 0x99E6, 0x8A07, 0x7A68, 0x72E9, 0x736C, 0xC593, 0xCDF4, 0x942E, 0x5A68, 0xD655,
  0xA4B0, 0x734A, 0x5965, 0x8144, 0x8185, 0x5103, 0x18E4, 0x2104, 0x1904, 0x1904, 0x2104, 0x38E3,
  0x5903, 0x7944, 0x99A5, 0xA207, 0xA248, 0x71C6, 0xB34B, 0xCB4B, 0xDB6C, 0xDB2B, 0xE38C, 0xB2EA,
  0x48A2, 0x0000, 0x0021, 0x0021, 0x0021, 0x0021, 0x0021, 0x0021, 0x0021, 0x0021, 0x0021, 0x0021,
  0x0021, 0x0021, 0x0021, 0x0021, 0x0021, 0x0021, 0x0021, 0x0021, 0x0021, 0x0021, 0x0021, 0x0021,
  0x0021, 0x0021, 0x0021, 0x0021, 0x0021, 0x0021, 0x0021, 0x0021, 0x0021, 0x0021, 0x0021, 0x0021,
  0x0021, 0x0021, 0x0021, 0x0021, 0x0021, 0x0021, 0x0021, 0x0021, 0x0021, 0x0021, 0x0021, 0x0021,
  0x0021, 0x0021, 0x0021, 0x0021, 0x0021, 0x0021, 0x0021, 0x0021, 0x0021, 0x0021, 0x0021, 0x0021,
  0x0021, 0x0021, 0x0021, 0x0021, 0x0021, 0x0021, 0x0021, 0x0021, 0x0021, 0x0021, 0x0021, 0x0021,
  0x0041, 0x0000, 0x5944, 0xFBAC, 0xB2EA, 0x50E3, 0x18C3, 0x10C3, 0x5103, 0x28E3, 0x8A07, 0x3124,
  0x2145, 0x3165, 0x3186, 0x39C6, 0xB511, 0xD614, 0xCDD4, 0xCDF4, 0xCDF4, 0xCDD4, 0xCDF4, 0xD615,
  0xCDF4, 0xCDF4, 0xCDD4, 0xCDF4, 0xCDF4, 0xC5B3, 0x944F, 0xDE35, 0x944F, 0x6288, 0x18C2, 0x0000,
  0x0000, 0x0000, 0x0000, 0x734B, 0xE676, 0x8C2E, 0x5144, 0xBA48, 0xC268, 0xC248, 0xBA48, 0xBA27,
  0x9227, 0xBD73, 0xD5F4, 0x62EA, 0x8165, 0xBA48, 0xBA48, 0xC248, 0xBA48, 0xA185, 0x832B, 0xD635,
  0xA4B0, 0x6AE9, 0xA4B0, 0xB532, 0x734A, 0x59A6, 0x8144, 0x8165, 0x8965, 0x5103, 0x10E4, 0x2104,
  0x2124, 0x2145, 0x2145, 0x1904, 0x1904, 0x2124, 0x3104, 0x4103, 0x7144, 0x7144, 0xAA07, 0xAA48,
  0xAA68, 0xBB0A, 0xA2EA, 0x9185, 0x48C3, 0x0000, 0x0021, 0x0021, 0x0021, 0x0021, 0x0021, 0x0021,
  0x0021, 0x0021, 0x0021, 0x0021, 0x0021, 0x0021, 0x0021, 0x0021, 0x0021, 0x0021, 0x0021, 0x0021,
  0x0021, 0x0021, 0x0021, 0x0021, 0x0021, 0x0021, 0x0021, 0x0021, 0x0021, 0x0021, 0x0021, 0x0021,
  0x0021, 0x0021, 0x0021, 0x0021, 0x0021, 0x0021, 0x0021, 0x0021, 0x0021, 0x0021, 0x0021, 0x0021,
  0x0021, 0x0021, 0x0021, 0x0021, 0x0021, 0x0021, 0x0021, 0x0021, 0x0021, 0x0021, 0x0021, 0x0021,
  0x0021, 0x0021, 0x0021, 0x0021, 0x0021, 0x0021, 0x0021, 0x0021, 0x0021, 0x0021, 0x0021, 0x0021,
  0x0021, 0x0021, 0x0021, 0x0021, 0x0000, 0x28A2, 0xEB4B, 0xCB4B, 0x6944, 0x18A3, 0x18E4, 0x20E4,
  0x48C3, 0x7164, 0x5165, 0x2125, 0x3165, 0x3186, 0x3185, 0x8C0E, 0xD635, 0xCDD4, 0xCDF4, 0xCDF4,
  0xCDF4, 0xCDF4, 0xCDD4, 0xCDF4, 0xCDF4, 0xCDF4, 0xCDF4, 0xCDF4, 0xCDF4, 0xC5B3, 0x9C6F, 0xD635,
  0x942E, 0x62A9, 0x18C2, 0x0000, 0x0000, 0x0020, 0x0000, 0x734B, 0xE676, 0x9C6F, 0x5227, 0x30E3,
  0x48C2, 0x7965, 0xA1E7, 0xCA48, 0x9A27, 0xB552, 0xD615, 0x62C9, 0x8164, 0xBA48, 0xBA27, 0xB248,
  0xBA48, 0xBA07, 0x936C, 0xDE76, 0xB511, 0x7B4B, 0x734B, 0x8BED, 0x59E6, 0x7924, 0x8165, 0x7944,
  0x8965, 0x5103, 0x10C3, 0x20E4, 0x4125, 0x4165, 0x2124, 0x5145, 0x4165, 0x2166, 0x2124, 0x4144,
  0x1104, 0x4944, 0xBA48, 0xAA07, 0xBA27, 0xBA27, 0x89A6, 0x99A5, 0x48E3, 0x0000, 0x0021, 0x0021,
  0x0021, 0x0021, 0x0021, 0x0021, 0x0021, 0x0021, 0x0021, 0x0021, 0x0021, 0x0021, 0x0021, 0x0021,
  0x0021, 0x0021, 0x0021, 0x0021, 0x0021, 0x0021, 0x0021, 0x0021, 0x0021, 0x0021, 0x0021, 0x0021,
  0x0021, 0x0021, 0x0021, 0x0021, 0x0021, 0x0021, 0x0021, 0x0021, 0x0021, 0x0021, 0x0021, 0x0021,
  0x0021, 0x0021, 0x0021, 0x0021, 0x0021, 0x0021, 0x0021, 0x0021, 0x0021, 0x0021, 0x0021, 0x0021,
  0x0021, 0x0021, 0x0021, 0x0021, 0x0021, 0x0021, 0x0021, 0x0021, 0x0021, 0x0021, 0x0021, 0x0021,
  0x0021, 0x0021, 0x0021, 0x0021, 0x0021, 0x0021, 0x0021, 0x0021, 0x0820, 0xBA88, 0xE3AC, 0x89C6,
  0x28A2, 0x18E4, 0x20E4, 0x18E3, 0x6124, 0x6965, 0x10E3, 0x71A6, 0x4965, 0x2945, 0x6B0A, 0xD614,
  0xCDB3, 0xCDF4, 0xCDF4, 0xCDF4, 0xCDF4, 0xCDF4, 0xCDD4, 0xCDD4, 0xCDF4, 0xCDF4, 0xCDF4, 0xCDF4,
  0xCDD4, 0xC5B4, 0x946F, 0xD614, 0x942E, 0x62C9, 0x18C2, 0x0000, 0x0000, 0x0000, 0x0000, 0x734B,
  0xE696, 0x942E, 0x5A88, 0x10A2, 0x0000, 0x0000, 0x0820, 0x3082, 0x4924, 0xBD72, 0xD615, 0x62C9,
  0x8985, 0xC268, 0xB227, 0xB227, 0xBA48, 0xB1E7, 0x936C, 0xDE76, 0xACF1, 0x7B6B, 0x62E9, 0x6247,
  0x7124, 0x8165, 0x8164, 0x8164, 0x8965, 0x5103, 0x10E3, 0x2104, 0x2904, 0x4145, 0x4945, 0x81A6,
  0x79C6, 0x3145, 0x20E3, 0x3104, 0x2125, 0x5165, 0x89A6, 0x9A07, 0x81A6, 0xA207, 0x99E6, 0x99A5,
  0x48E3, 0x0000, 0x0021, 0x0021, 0x0021, 0x0021, 0x0021, 0x0021, 0x0021, 0x0021, 0x0021, 0x0021,
  0x0021, 0x0021, 0x0021, 0x0021, 0x0021, 0x0021, 0x0021, 0x0021, 0x0021, 0x0021, 0x0021, 0x0021,
  0x0021, 0x0021, 0x0021, 0x0021, 0x0021, 0x0021, 0x0021, 0x0021, 0x0021, 0x0021, 0x0021, 0x0021,
  0x0021, 0x0021, 0x0021, 0x0021, 0x0021, 0x0021, 0x0021, 0x0021, 0x0021, 0x0021, 0x0021, 0x0021,
  0x0021, 0x0021, 0x0021, 0x0021, 0x0021, 0x0021, 0x0021, 0x0021, 0x0021, 0x0021, 0x0021, 0x0021,
  0x0021, 0x0021, 0x0021, 0x0021, 0x0021, 0x0021, 0x0021, 0x0021, 0x0021, 0x0021, 0x0821, 0x0000,
  0x79A6, 0xF3AC, 0xA248, 0x40C2, 0x10E4, 0x20E4, 0x18E4, 0x28E3, 0x89E6, 0x2104, 0x3186, 0x2965,
  0x3186, 0x4A48, 0xBD52, 0xCDF4, 0xCDD4, 0xCDD4, 0xCDF4, 0xCDF4, 0xCDF4, 0xCDF4, 0xD5F4, 0xD5F4,
  0xCDF4, 0xCDF4, 0xCDF4, 0xCDF4, 0xCDF4, 0xC5B4, 0x944E, 0xD5F4, 0x944E, 0x6AC9, 0x18C2, 0x0000,
  0x0000, 0x0020, 0x0000, 0x734B, 0xE696, 0x942E, 0x5A88, 0x20C2, 0x0000, 0x0000, 0x0000, 0x0000,
  0x0041, 0xBD93, 0xCDF4, 0x62EA, 0x6944, 0xAA07, 0xBA48, 0xC268, 0xC268, 0xBA07, 0x934B, 0xD655,
  0xB511, 0x83AC, 0x5206, 0x7124, 0x8165, 0x8164, 0x8164, 0x7944, 0x8985, 0x50E3, 0x10A3, 0x2104,
  0x1904, 0x1924, 0x2145, 0x3986, 0x81C6, 0x4945, 0x3104, 0x2145, 0x2965, 0x20E3, 0xB248, 0xE36C,
  0x71A6, 0x8985, 0x9A07, 0x9185, 0x48C3, 0x0000, 0x0021, 0x0021, 0x0021, 0x0021, 0x0021, 0x0021,
  0x0021, 0x0021, 0x0021, 0x0021, 0x0021, 0x0021, 0x0021, 0x0021, 0x0021, 0x0021, 0x0021, 0x0021,
  0x0021, 0x0021, 0x0021, 0x0021, 0x0021, 0x0021, 0x0021, 0x0021, 0x0021, 0x0021, 0x0021, 0x0021,
  0x0021, 0x0021, 0x0021, 0x0021, 0x0021, 0x0021, 0x0021, 0x0021, 0x0021, 0x0021, 0x0021, 0x0021,
  0x0021, 0x0021, 0x0021, 0x0021, 0x0021, 0x0021, 0x0021, 0x0021, 0x0021, 0x0021, 0x0021, 0x0021,
  0x0021, 0x0021, 0x0021, 0x0021, 0x0021, 0x0021, 0x0021, 0x0021, 0x0021, 0x0021, 0x0021, 0x0021,
  0x0021, 0x0021, 0x0000, 0x40E3, 0xAAA9, 0x9A89, 0x6924, 0x10C3, 0x2104, 0x2104, 0x10C3, 0x81C6,
  0x3944, 0x2165, 0x3165, 0x3186, 0x39C6, 0xACD0, 0xD615, 0xCDB3, 0xCDF4, 0xCDF4, 0xCDD4, 0xCDF4,
  0xCDF4, 0xCDD4, 0xCDF4, 0xCDD4, 0xCDF4, 0xCDF4, 0xCDF4, 0xD5F4, 0xD615, 0xC593, 0x942E, 0xDE35,
  0x9C6F, 0x62C9, 0x2923, 0x1081, 0x0000, 0x0000, 0x0000, 0x732B, 0xE676, 0x8C0D, 0x62A9, 0x2103,
  0x0000, 0x0000, 0x0000, 0x0000, 0x1061, 0xBD73, 0xCDB3, 0x730A, 0x39C5, 0x0800, 0x2882, 0x6124,
  0x99E6, 0xB1E6, 0x8B2B, 0xD635, 0xB511, 0x83CD, 0x6985, 0x8144, 0x8165, 0x8164, 0x8164, 0x8165,
  0x7944, 0x4964, 0x2965, 0x18A3, 0x1082, 0x18E4, 0x2965, 0x2965, 0x2945, 0x2145, 0x2125, 0x3165,
  0x1904, 0x71E7, 0xF38C, 0xAAA9, 0x48C2, 0x7965, 0x91C6, 0x9185, 0x48C3, 0x0000, 0x0021, 0x0021,
  0x0021, 0x0021, 0x0021, 0x0021, 0x0021, 0x0021, 0x0021, 0x0021, 0x0021, 0x0021, 0x0021, 0x0021,
  0x0021, 0x0021, 0x0021, 0x0021, 0x0021, 0x0021, 0x0021, 0x0021, 0x0021, 0x0021, 0x0021, 0x0021,
  0x0021, 0x0021, 0x0021, 0x0021, 0x0021, 0x0021, 0x0021, 0x0021, 0x0021, 0x0021, 0x0021, 0x0021,
  0x0021, 0x0021, 0x0021, 0x0021, 0x0021, 0x0021, 0x0021, 0x0021, 0x0021, 0x0021, 0x0021, 0x0021,
  0x0021, 0x0021, 0x0021, 0x0021, 0x0021, 0x0021, 0x0021, 0x0021, 0x0021, 0x0021, 0x0021, 0x0021,
  0x0021, 0x0021, 0x0021, 0x0021, 0x0021, 0x0000, 0x1861, 0xDAEA, 0xCB2B, 0x5903, 0x20C3, 0x18E4,
  0x2104, 0x08A3, 0x6965, 0x5965, 0x1925, 0x3186, 0x3186, 0x3185, 0x83ED, 0xD635, 0xCDB3, 0xCDD4,
  0xCDD4, 0xCDF4, 0xD5F4, 0xCDF4, 0xCDF4, 0xCDD4, 0xCDF4, 0xCDF4, 0xCDD4, 0xCDD4, 0xCDF4, 0xD5F4,
  0xCDF4, 0xCDD4, 0x8BED, 0xBD93, 0x942E, 0x49E6, 0x6B0A, 0x8BCC, 0x6AE9, 0x5227, 0x20C2, 0x734B,
  0xDE55, 0x940E, 0x6AE9, 0x2103, 0x0000, 0x0000, 0x0000, 0x0000, 0x0861, 0xBD72, 0xCDD4, 0x734B,
  0x5227, 0x0000, 0x0000, 0x0000, 0x0000, 0x1820, 0x6ACA, 0xDE76, 0xB511, 0x7BAC, 0x69A5, 0x8144,
  0x8165, 0x8164, 0x8165, 0x8144, 0x5985, 0x8BED, 0x940D, 0x83CC, 0x5A88, 0x3185, 0x2924, 0x18E4,
  0x18E4, 0x2145, 0x3145, 0x4965, 0x3924, 0xEB0A, 0xC32B, 0x6124, 0x1082, 0x7144, 0x89A6, 0x9185,
  0x48C2, 0x0000, 0x0021, 0x0021, 0x0021, 0x0021, 0x0021, 0x0021, 0x0021, 0x0021, 0x0021, 0x0021,
  0x0021, 0x0021, 0x0021, 0x0021, 0x0021, 0x0021, 0x0021, 0x0021, 0x0021, 0x0021, 0x0021, 0x0021,
  0x0021, 0x0021, 0x0021, 0x0021, 0x0021, 0x0021, 0x0021, 0x0021, 0x0021, 0x0021, 0x0021, 0x0021,
  0x0021, 0x0021, 0x0021, 0x0021, 0x0021, 0x0021, 0x0021, 0x0021, 0x0021, 0x0021, 0x0021, 0x0021,
  0x0021, 0x0021, 0x0021, 0x0021, 0x0021, 0x0021, 0x0021, 0x0021, 0x0021, 0x0021, 0x0021, 0x0021,
  0x0021, 0x0021, 0x0021, 0x0021, 0x0021, 0x0021, 0x0021, 0x0021, 0x0021, 0x0020, 0xAA48, 0xEB8C,
  0x9207, 0x48A2, 0x20E4, 0x2104, 0x10E4, 0x4924, 0x81C6, 0x1904, 0x3186, 0x2965, 0x3165, 0x6AEA,
  0xD5F4, 0xCDD3, 0xCDD3, 0xCDD4, 0xCDF4, 0xCDF4, 0xD5F4, 0xCDF4, 0xCDF4, 0xCDF4, 0xCDF4, 0xCDD4,
  0xCDD4, 0xCDD4, 0xCDD4, 0xCDD4, 0xCDD4, 0xCDF4, 0xBD52, 0x9C6F, 0x736B, 0x6B0A, 0x7B6B, 0x7B8B,
  0x8BAC, 0x9C4E, 0x8BAC, 0x8BED, 0xDE35, 0x942F, 0x6AC9, 0x18C2, 0x0000, 0x0000, 0x0000, 0x0000,
  0x0861, 0xBD72, 0xCDD4, 0x734B, 0x5247, 0x0000, 0x0000, 0x0000, 0x0000, 0x0000, 0x5AA9, 0xE676,
  0xB511, 0x7B8B, 0x6985, 0x8144, 0x8165, 0x8165, 0x8164, 0x5944, 0x83AC, 0x93ED, 0xACD0, 0xD614,
  0xD5F4, 0xBD52, 0x9C4E, 0x732A, 0x41E6, 0x2944, 0x18E3, 0x2124, 0xC2A9, 0xDB6C, 0x81C6, 0x30C3,
  0x28E3, 0x7144, 0x89A5, 0x9185, 0x48C2, 0x1041, 0x0021, 0x0021, 0x0021, 0x0021, 0x0021, 0x0021,
  0x0021, 0x0021, 0x0021, 0x0021, 0x0021, 0x0021, 0x0021, 0x0021, 0x0021, 0x0021, 0x0021, 0x0021,
  0x0021, 0x0021, 0x0021, 0x0021, 0x0021, 0x0021, 0x0021, 0x0021, 0x0021, 0x0021, 0x0021, 0x0021,
  0x0021, 0x0021, 0x0021, 0x0021, 0x0021, 0x0021, 0x0021, 0x0021, 0x0021, 0x0021, 0x0021, 0x0021,
  0x0021, 0x0021, 0x0021, 0x0021, 0x0021, 0x0021, 0x0021, 0x0021, 0x0021, 0x0021, 0x0021, 0x0021,
  0x0021, 0x0021, 0x0021, 0x0021, 0x0021, 0x0021, 0x0021, 0x0021, 0x0021, 0x0021, 0x0021, 0x0021,
  0x0000, 0x71A6, 0xFB8C, 0xA289, 0x48C2, 0x5903, 0x20E4, 0x1904, 0x28E3, 0x89E6, 0x2104, 0x2966,
  0x2965, 0x2965, 0x4A27, 0xC572, 0xCDD4, 0xCDB3, 0xCDD4, 0xCDD4, 0xD5F4, 0xD5F5, 0xCDF4, 0xCDF4,
  0xCDF4, 0xCDF4, 0xCDF4, 0xCDF4, 0xCDF4, 0xCDF4, 0xCDD4, 0xCDB3, 0xCDD4, 0xCDD4, 0xD614, 0xD615,
  0xCDF4, 0xD614, 0xC5B3, 0xB511, 0x942E, 0x83AC, 0x6AE9, 0x83CD, 0xE676, 0x9C4F, 0x5A88, 0x4A06,
  0x5227, 0x3144, 0x0861, 0x0000, 0x0840, 0xBD73, 0xCDD4, 0x734B, 0x5A68, 0x0000, 0x0000, 0x0000,
  0x0000, 0x0000, 0x5AC9, 0xE676, 0xACF1, 0x7B8B, 0x6985, 0x8144, 0x8165, 0x8965, 0x6103, 0x732A,
  0x940D, 0xA48F, 0xD5F4, 0xCDD4, 0xCDF4, 0xCDF4, 0xD5F4, 0xD614, 0xCDD4, 0xB511, 0x62E9, 0x81C6,
  0xF3AC, 0xA289, 0x40C2, 0x2104, 0x28A2, 0x6944, 0x8985, 0x7124, 0x81A5, 0x91E7, 0x0000, 0x0021,
  0x0021, 0x0021, 0x0021, 0x0021, 0x0021, 0x0021, 0x0021, 0x0021, 0x0021, 0x0021, 0x0021, 0x0021,
  0x0021, 0x0021, 0x0021, 0x0021, 0x0021, 0x0021, 0x0021, 0x0021, 0x0021, 0x0021, 0x0021, 0x0021,
  0x0021, 0x0021, 0x0021, 0x0021, 0x0021, 0x0021, 0x0021, 0x0021, 0x0021, 0x0021, 0x0021, 0x0021,
  0x0021, 0x0021, 0x0021, 0x0021, 0x0021, 0x0021, 0x0021, 0x0021, 0x0021, 0x0021, 0x0021, 0x0021,
  0x0021, 0x0021, 0x0021, 0x0021, 0x0021, 0x0021, 0x0021, 0x0021, 0x0021, 0x0021, 0x0021, 0x0021,
  0x0021, 0x0021, 0x0021, 0x0000, 0x38C3, 0xF36C, 0xC32B, 0x5903, 0x30A2, 0x5903, 0x2104, 0x10C3,
  0x89C6, 0x3924, 0x3944, 0x4185, 0x2986, 0x39A5, 0xA4B0, 0xD615, 0xCDD4, 0xCDD4, 0xCDF4, 0xCDF4,
  0xD5F4, 0xD5F4, 0xCDF4, 0xCDF4, 0xCDF4, 0xCDF4, 0xCDF4, 0xD5F4, 0xCDF4, 0xD5F4, 0xCDF4, 0xCDD4,
  0xCDD4, 0xCDD4, 0xCDD4, 0xCDB3, 0xCDB3, 0xCDD4, 0xCDF4, 0xD615, 0xD635, 0xD5F4, 0xBD32, 0x83CD,
  0x9C8F, 0x736B, 0x41C5, 0x732A, 0x942E, 0x9C2E, 0x8BCC, 0x730A, 0x41E6, 0xBD73, 0xCDD4, 0x732A,
  0x5247, 0x0000, 0x0000, 0x0000, 0x0020, 0x0000, 0x5AA9, 0xDE55, 0xACD0, 0x7BAC, 0x69A5, 0x8164,
  0x8185, 0x6903, 0x6AE9, 0x940D, 0x9C4E, 0xCDF4, 0xCDF4, 0xCDF4, 0xCDF4, 0xCDF4, 0xCDD4, 0xCDF4,
  0xD5F4, 0xCE15, 0x930A, 0xEB2B, 0xBB0A, 0x6103, 0x18C3, 0x1904, 0x10A3, 0x7144, 0x7944, 0x6903,
  0xB2A9, 0x7965, 0x0820, 0x0021, 0x0021, 0x0021, 0x0021, 0x0021, 0x0021, 0x0021, 0x0021, 0x0021,
  0x0021, 0x0021, 0x0021, 0x0021, 0x0021, 0x0021, 0x0021, 0x0021, 0x0021, 0x0021, 0x0021, 0x0021,
  0x0021, 0x0021, 0x0021, 0x0021, 0x0021, 0x0021, 0x0021, 0x0021, 0x0021, 0x0021, 0x0021, 0x0021,
  0x0021, 0x0021, 0x0021, 0x0021, 0x0021, 0x0021, 0x0021, 0x0021, 0x0021, 0x0021, 0x0021, 0x0021,
  0x0021, 0x0021, 0x0021, 0x0021, 0x0021, 0x0021, 0x0021, 0x0021, 0x0021, 0x0021, 0x0021, 0x0021,
  0x0021, 0x0021, 0x0021, 0x0021, 0x0021, 0x0021, 0x0020, 0x1041, 0xCACA, 0xDB6C, 0x79A5, 0x28C3,
  0x20C3, 0x6103, 0x10C3, 0x6965, 0x6986, 0x1125, 0x5965, 0x4124, 0x2985, 0x83AC, 0xDE35, 0xCDD4,
  0xCDD4, 0xCDF4, 0xCDF4, 0xCDF4, 0xD5F4, 0xCDF4, 0xCDF4, 0xCDD4, 0xCDF4, 0xCDF4, 0xCDF4, 0xCDF4,
  0xCDF4, 0xCDF4, 0xCDF4, 0xD5F4, 0xCDF4, 0xCDD4, 0xCDF4, 0xCDD4, 0xCDD4, 0xCDD4, 0xCDF4, 0xCDF4,
  0xCDF4, 0xCDF4, 0xD615, 0xD615, 0xBD72, 0xA4D0, 0xB511, 0x9C6E, 0x7B8B, 0x732A, 0x83CC, 0x9C2E,
  0x7B8C, 0xBD32, 0xCDB3, 0x734B, 0x5A47, 0x0000, 0x0000, 0x0000, 0x0000, 0x0000, 0x5AA9, 0xDE55,
  0xACF1, 0x83AC, 0x69A5, 0x8965, 0x7124, 0x6268, 0x940D, 0x940D, 0xCDD4, 0xD614, 0xCDF4, 0xD5F4,
  0xCDD4, 0xCDF4, 0xD5F4, 0xCDD4, 0xD635, 0x8BCD, 0xCAA9, 0xE38D, 0x7985, 0x20A3, 0x18E4, 0x2104,
  0x20C3, 0x40C2, 0x58E3, 0xA248, 0x91E6, 0x7124, 0x0020, 0x0021, 0x0021, 0x0021, 0x0021, 0x0021,
  0x0021, 0x0021, 0x0021, 0x0021, 0x0021, 0x0021, 0x0021, 0x0021, 0x0021, 0x0021, 0x0021, 0x0021,
  0x0021, 0x0021, 0x0021, 0x0021, 0x0021, 0x0021, 0x0021, 0x0021, 0x0021, 0x0021, 0x0021, 0x0021,
  0x0021, 0x0021, 0x0021, 0x0021, 0x0021, 0x0021, 0x0021, 0x0021, 0x0021, 0x0021, 0x0021, 0x0021,
  0x0021, 0x0021, 0x0021, 0x0021, 0x0021, 0x0021, 0x0021, 0x0021, 0x0021, 0x0021, 0x0021, 0x0021,
  0x0021, 0x0021, 0x0021, 0x0021, 0x0021, 0x0021, 0x0021, 0x0021, 0x0021, 0x0021, 0x0000, 0x9A07,
  0xF3CD, 0x9227, 0x38A2, 0x1104, 0x2104, 0x50E3, 0x4103, 0x81C6, 0x18E4, 0x3165, 0x2145, 0x2945,
  0x62C9, 0xCDF4, 0xCDD4, 0xCDD4, 0xCDF4, 0xD5F4, 0xCDF4, 0xCDD4, 0xCDF4, 0xCDF4, 0xCDD4, 0xCDD4,
  0xCDF4, 0xD5F4, 0xCDF4, 0xCDD4, 0xCDD4, 0xCDD4, 0xCDF4, 0xD5F4, 0xCDF4, 0xCDF4, 0xCDF4, 0xCDF4,
  0xCDD4, 0xCDD4, 0xCDD4, 0xD5F4, 0xD5F4, 0xCDF4, 0xCDF4, 0xCDF4, 0xD614, 0xDE35, 0xD615, 0xD615,
  0xD5F4, 0xC572, 0xACD0, 0x8BCC, 0x62A9, 0xACF1, 0xCDD4, 0x734B, 0x5227, 0x6AE9, 0x6AE9, 0x4A06,
  0x2903, 0x0000, 0x5A89, 0xDE55, 0xACF1, 0x83AC, 0x69A5, 0x7903, 0x5A06, 0x942D, 0x93ED, 0xC593,
  0xD614, 0xCDF4, 0xCDF4, 0xD5F4, 0xCDF4, 0xCDF4, 0xCDF4, 0xDE35, 0xA4D0, 0x9A27, 0xF3AC, 0x9227,
  0x38C2, 0x10E4, 0x4104, 0x3104, 0x20C3, 0x50E3, 0xCACA, 0x9A48, 0x9185, 0x2882, 0x0000, 0x0021,
  0x0021, 0x0021, 0x0021, 0x0021, 0x0021, 0x0021, 0x0021, 0x0021, 0x0021, 0x0021, 0x0021, 0x0021,
  0x0021, 0x0021, 0x0021, 0x0021, 0x0021, 0x0021, 0x0021, 0x0021, 0x0021, 0x0021, 0x0021, 0x0021,
  0x0021, 0x0021, 0x0021, 0x0021, 0x0021, 0x0021, 0x0021, 0x0021, 0x0021, 0x0021, 0x0021, 0x0021,
  0x0021, 0x0021, 0x0021, 0x0021, 0x0021, 0x0021, 0x0021, 0x0021, 0x0021, 0x0021, 0x0021, 0x0021,
  0x0021, 0x0021, 0x0021, 0x0021, 0x0021, 0x0021, 0x0021, 0x0021, 0x0021, 0x0021, 0x0021, 0x0021,
  0x0021, 0x0000, 0x5944, 0xFB8C, 0xB2CA, 0x58E3, 0x10E3, 0x2904, 0x3104, 0x50E3, 0x81C6, 0x2904,
  0x2965, 0x2965, 0x3186, 0x4A27, 0xBD52, 0xD5F4, 0xCDD4, 0xCDF4, 0xD615, 0xCDF4, 0xCDD4, 0xCDF4,
  0xD5F4, 0xCDF4, 0xD5F4, 0xD615, 0xCDF4, 0xCDD4, 0xCDF4, 0xCDF4, 0xCDF4, 0xCDF4, 0xCDF4, 0xD5F4,
  0xCDF4, 0xCDF4, 0xCDF4, 0xCDF4, 0xCDF4, 0xCDD4, 0xCDD4, 0xCDF4, 0xCDF4, 0xD5F4, 0xCDD4, 0xCDF4,
  0xD5F4, 0xCDF4, 0xCDF4, 0xCDD4, 0xCDF4, 0xD615, 0xD615, 0xDE35, 0xBD72, 0x942E, 0x940E, 0x5268,
  0x62A8, 0x7B6B, 0x8BCC, 0x940D, 0x9C4E, 0x730A, 0x734B, 0xD635, 0xACF1, 0x7B8B, 0x6144, 0x61C6,
  0x8C0D, 0x8BED, 0xBD31, 0xD615, 0xCDF4, 0xD5F4, 0xCDF4, 0xCDF4, 0xCDD4, 0xCDD4, 0xD5F4, 0xC5F4,
  0x8A89, 0xEB2B, 0xB2CA, 0x50E3, 0x08C3, 0x3924, 0x4925, 0x10E4, 0x1882, 0xA207, 0xAAA9, 0x91A5,
  0x50E3, 0x0000, 0x0021, 0x0021, 0x0021, 0x0021, 0x0021, 0x0021, 0x0021, 0x0021, 0x0021, 0x0021,
  0x0021, 0x0021, 0x0021, 0x0021, 0x0021, 0x0021, 0x0021, 0x0021, 0x0021, 0x0021, 0x0021, 0x0021,
  0x0021, 0x0021, 0x0021, 0x0021, 0x0021, 0x0021, 0x0021, 0x0021, 0x0021, 0x0021, 0x0021, 0x0021,
  0x0021, 0x0021, 0x0021, 0x0021, 0x0021, 0x0021, 0x0021, 0x0021, 0x0021, 0x0021, 0x0021, 0x0021,
  0x0021, 0x0021, 0x0021, 0x0021, 0x0021, 0x0021, 0x0021, 0x0021, 0x0021, 0x0021, 0x0021, 0x0021,
  0x0021, 0x0021, 0x0021, 0x0021, 0x0000, 0x28A2, 0xEB2B, 0xCB4B, 0x6924, 0x10A3, 0x3124, 0x4945,
  0x10C3, 0x79A5, 0x4144, 0x2125, 0x3165, 0x3186, 0x39A6, 0x9C8F, 0xD615, 0xCDD4, 0xCDF4, 0xCDF4,
  0xD5F4, 0xCDF4, 0xCDF4, 0xCDF4, 0xCDF4, 0xD5F5, 0xD5F4, 0xD5F4, 0xD5F4, 0xCDF4, 0xCDF4, 0xCDF4,
  0xCDF4, 0xCDD4, 0xCDD4, 0xD5F4, 0xD5F4, 0xD5F4, 0xCDF4, 0xCDD4, 0xCDF4, 0xCDF4, 0xCDF4, 0xCDD4,
  0xCDF4, 0xCDF4, 0xCDF4, 0xCDF4, 0xD5F4, 0xCDF4, 0xCDD4, 0xCDD4, 0xCDF4, 0xCDD4, 0xCDD4, 0xCDF4,
  0xD5F4, 0xD615, 0xCDD4, 0xC572, 0xC593, 0xACB0, 0x8BCD, 0x732A, 0x7B4B, 0x836B, 0x83CD, 0xDE55,
  0xACD0, 0x838B, 0x49C6, 0x8BCC, 0x93ED, 0xACF1, 0xD615, 0xCDD4, 0xCDF4, 0xCDF4, 0xD5F4, 0xCDF4,
  0xCDD4, 0xCDD4, 0xD635, 0x836B, 0xBA89, 0xD34C, 0x6924, 0x18C3, 0x6145, 0x5945, 0x2104, 0x10A2,
  0x91C6, 0xC2EA, 0x89C6, 0x7944, 0x0020, 0x0021, 0x0021, 0x0021, 0x0021, 0x0021, 0x0021, 0x0021,
  0x0021, 0x0021, 0x0021, 0x0021, 0x0021, 0x0021, 0x0021, 0x0021, 0x0021, 0x0021, 0x0021, 0x0021,
  0x0021, 0x0021, 0x0021, 0x0021, 0x0021, 0x0021, 0x0021, 0x0021, 0x0021, 0x0021, 0x0021, 0x0021,
  0x0021, 0x0021, 0x0021, 0x0021, 0x0021, 0x0021, 0x0021, 0x0021, 0x0021, 0x0021, 0x0021, 0x0021,
  0x0021, 0x0021, 0x0021, 0x0021, 0x0021, 0x0021, 0x0021, 0x0021, 0x0021, 0x0021, 0x0021, 0x0021,
  0x0021, 0x0021, 0x0021, 0x0021, 0x0021, 0x0021, 0x0021, 0x0021, 0x0020, 0x81C6, 0xCB0A, 0x89E6,
  0x30A2, 0x3104, 0x5145, 0x18E4, 0x5124, 0x6185, 0x1925, 0x3186, 0x2965, 0x3165, 0x7B8C, 0xD615,
  0xCDD4, 0xCDF4, 0xCDF4, 0xD5F4, 0xCDF4, 0xCDF4, 0xCDF4, 0xCDF4, 0xCDF4, 0xCDF4, 0xCDF4, 0xCDF4,
  0xCDF4, 0xD5F4, 0xCDF4, 0xCDD4, 0xCDF4, 0xCDF4, 0xD5F4, 0xCDF4, 0xD5F4, 0xD5F4, 0xCDF4, 0xCDD4,
  0xCDD4, 0xCDD4, 0xCDF4, 0xCDF4, 0xCDF4, 0xCDD4, 0xD615, 0xD615, 0xCDF4, 0xD5F4, 0xCDD4, 0xCDD4,
  0xCDD4, 0xCDF4, 0xCDF4, 0xCDF4, 0xCDD4, 0xCDD4, 0xD5F4, 0xCDF4, 0xCDD4, 0xD635, 0xD635, 0xCDD4,
  0xB511, 0x940D, 0x732B, 0xBD32, 0xACD0, 0x5A68, 0x734B, 0x942D, 0xA4B0, 0xCDF4, 0xCDD4, 0xD5F4,
  0xD5F4, 0xCDF4, 0xCDF4, 0xCDF4, 0xCDF4, 0xD635, 0xA4D1, 0x79C6, 0x9A89, 0x91C6, 0x30C3, 0x10E4,
  0x9985, 0x4145, 0x08C3, 0x6944, 0xDB2B, 0x9207, 0x9185, 0x1841, 0x0020, 0x0021, 0x0021, 0x0021,
  0x0021, 0x0021, 0x0021, 0x0021, 0x0021, 0x0021, 0x0021, 0x0021, 0x0021, 0x0021, 0x0021, 0x0021,
  0x0021, 0x0021, 0x0021, 0x0021, 0x0021, 0x0021, 0x0021, 0x0021, 0x0021, 0x0021, 0x0021, 0x0021,
  0x0021, 0x0021, 0x0021, 0x0021, 0x0021, 0x0021, 0x0021, 0x0021, 0x0021, 0x0021, 0x0021, 0x0021,
  0x0021, 0x0021, 0x0021, 0x0021, 0x0021, 0x0021, 0x0021, 0x0021, 0x0021, 0x0021, 0x0021, 0x0021,
  0x0021, 0x0021, 0x0021, 0x0021, 0x0021, 0x0021, 0x0021, 0x0021, 0x0021, 0x0021, 0x0041, 0x0000,
  0x79A6, 0xCB4B, 0x79C6, 0x38A2, 0x2104, 0xA1A6, 0x28E4, 0x30E3, 0x81E6, 0x10E4, 0x2965, 0x2965,
  0x2965, 0x5A88, 0xCDD4, 0xCDD4, 0xCDD4, 0xCDF4, 0xCDF4, 0xCDF4, 0xCDF4, 0xCDF4, 0xCDF4, 0xCDF4,
  0xCDF4, 0xCDD4, 0xCDF4, 0xCDF4, 0xCDD4, 0xCDF4, 0xCDF4, 0xCDF4, 0xCDF4, 0xD5F4, 0xD5F4, 0xCDF4,
  0xCDF4, 0xD5F4, 0xD5F4, 0xCDF4, 0xCDD4, 0xCDD4, 0xCDD4, 0xCDD4, 0xCDF4, 0xCDF4, 0xD5F4, 0xD5F4,
  0xCDF4, 0xCDF4, 0xCDF4, 0xCDD4, 0xCDF4, 0xCDF4, 0xCDD4, 0xCDF4, 0xCDF4, 0xCDF4, 0xCDD4, 0xCDD4,
  0xCDD4, 0xCDF4, 0xCDF4, 0xD5F4, 0xD635, 0xDE35, 0xBD52, 0x9C6F, 0x7B8C, 0x83AC, 0xB511, 0xBD52,
  0xCDF4, 0xCDD4, 0xCDD4, 0xCDD4, 0xCDF4, 0xD5F5, 0xD615, 0xCDF4, 0xD615, 0xBD93, 0x8A68, 0xE34B,
  0x8A27, 0x3061, 0x1904, 0x4124, 0x5145, 0x2104, 0x28A2, 0xC289, 0x9A68, 0x9185, 0x38A2, 0x0000,
  0x0021, 0x0021, 0x0021, 0x0021, 0x0021, 0x0021, 0x0021, 0x0021, 0x0021, 0x0021, 0x0021, 0x0021,
  0x0021, 0x0021, 0x0021, 0x0021, 0x0021, 0x0021, 0x0021, 0x0021, 0x0021, 0x0021, 0x0021, 0x0021,
  0x0021, 0x0021, 0x0021, 0x0021, 0x0021, 0x0021, 0x0021, 0x0021, 0x0021, 0x0021, 0x0021, 0x0021,
  0x0021, 0x0021, 0x0021, 0x0021, 0x0021, 0x0021, 0x0021, 0x0021, 0x0021, 0x0021, 0x0021, 0x0021,
  0x0021, 0x0021, 0x0021, 0x0021, 0x0021, 0x0021, 0x0021, 0x0021, 0x0021, 0x0021, 0x0021, 0x0021,
  0x0021, 0x0021, 0x0000, 0x4903, 0xF34B, 0xC32B, 0x58E3, 0x1082, 0x3924, 0x81A6, 0x28E4, 0x79A5,
  0x2103, 0x5185, 0x4165, 0x2965, 0x4A27, 0xB531, 0xD5F4, 0xCDD4, 0xCDD4, 0xCDF4, 0xD5F4, 0xCDD4,
  0xCDD4, 0xD5F5, 0xCDF4, 0xCDF4, 0xCDF4, 0xCDD4, 0xCDD4, 0xCDF4, 0xD5F4, 0xCDF4, 0xCDF4, 0xCDF4,
  0xD5F4, 0xCDF4, 0xCDF4, 0xCDF4, 0xD5F4, 0xCDF4, 0xCDF4, 0xD5F4, 0xCDF4, 0xCDF4, 0xCDD4, 0xCDD4,
  0xCDD4, 0xCDF4, 0xD5F4, 0xCDF4, 0xCDD4, 0xCDD4, 0xCDD4, 0xCDF4, 0xCDF4, 0xD5F4, 0xCDF4, 0xCDD4,
  0xCDF4, 0xCDF4, 0xCDF4, 0xCDD4, 0xCDD4, 0xCDD4, 0xCDD4, 0xD5F4, 0xCDF4, 0xCDD4, 0xD614, 0xD614,
  0xD5F4, 0xD635, 0xD615, 0xD5F4, 0xCDD4, 0xCDD4, 0xCDD4, 0xCDD4, 0xCDF4, 0xD5F4, 0xD615, 0xCDD4,
  0xD635, 0x832B, 0xDAA9, 0xCB4B, 0x6103, 0x3082, 0x2904, 0x3924, 0x1104, 0x18A2, 0xAA27, 0xAAA9,
  0x91A5, 0x6903, 0x0000, 0x0021, 0x0021, 0x0021, 0x0021, 0x0021, 0x0021, 0x0021, 0x0021, 0x0021,
  0x0021, 0x0021, 0x0021, 0x0021, 0x0021, 0x0021, 0x0021, 0x0021, 0x0021, 0x0021, 0x0021, 0x0021,
  0x0021, 0x0021, 0x0021, 0x0021, 0x0021, 0x0021, 0x0021, 0x0021, 0x0021, 0x0021, 0x0021, 0x0021,
  0x0021, 0x0021, 0x0021, 0x0021, 0x0021, 0x0021, 0x0021, 0x0021, 0x0021, 0x0021, 0x0021, 0x0021,
  0x0021, 0x0021, 0x0021, 0x0021, 0x0021, 0x0021, 0x0021, 0x0021, 0x0021, 0x0021, 0x0021, 0x0021,
  0x0021, 0x0021, 0x0021, 0x0021, 0x0021, 0x0020, 0x1861, 0xDB0A, 0xD34B, 0x6944, 0x58E3, 0x3104,
  0x3924, 0x10C3, 0x79A6, 0x5165, 0x1104, 0x5185, 0x4145, 0x2965, 0x9C4F, 0xDE35, 0xCDD4, 0xCDF4,
  0xCDF4, 0xCDF4, 0xCDF4, 0xCDF4, 0xCDF4, 0xCDF4, 0xD5F4, 0xCDF4, 0xCDF4, 0xCDD4, 0xCDD4, 0xCDF4,
  0xD5F4, 0xCDF4, 0xCDF4, 0xD5F4, 0xCDF4, 0xCDD4, 0xD5F4, 0xCDF4, 0xCDD4, 0xCDF4, 0xD5F4, 0xD5F4,
  0xCDF4, 0xCDF4, 0xCDF4, 0xCDF4, 0xCDF4, 0xD5F4, 0xD5F4, 0xCDF4, 0xCDF4, 0xCDD4, 0xCDF4, 0xD615,
  0xCDF4, 0xCDF4, 0xCDD4, 0xCDD4, 0xCDD4, 0xCDD4, 0xCDF4, 0xCDF4, 0xCDF4, 0xCDF4, 0xCDF4, 0xCDF4,
  0xCDF4, 0xCDF4, 0xCDD4, 0xCDD4, 0xCDD4, 0xCDD4, 0xD5F4, 0xCDF4, 0xCDF4, 0xCDF4, 0xCDD4, 0xCDF4,
  0xCDF4, 0xCDF4, 0xCDD4, 0xDE55, 0x944F, 0xBA89, 0xE36C, 0x7185, 0x38C2, 0x5103, 0x10C3, 0x2104,
  0x10A3, 0x7965, 0xD32B, 0x89E6, 0x8965, 0x0821, 0x0021, 0x0021, 0x0021, 0x0021, 0x0021, 0x0021,
  0x0021, 0x0021, 0x0021, 0x0021, 0x0021, 0x0021, 0x0021, 0x0021, 0x0021, 0x0021, 0x0021, 0x0021,
  0x0021, 0x0021, 0x0021, 0x0021, 0x0021, 0x0021, 0x0021, 0x0021, 0x0021, 0x0021, 0x0021, 0x0021,
  0x0021, 0x0021, 0x0021, 0x0021, 0x0021, 0x0021, 0x0021, 0x0021, 0x0021, 0x0021, 0x0021, 0x0021,
  0x0021, 0x0021, 0x0021, 0x0021, 0x0021, 0x0021, 0x0021, 0x0021, 0x0021, 0x0021, 0x0021, 0x0021,
  0x0021, 0x0021, 0x0021, 0x0021, 0x0021, 0x0021, 0x0021, 0x0021, 0x0021, 0x0000, 0xAA48, 0xF3AD,
  0x8A27, 0x3082, 0x5923, 0x3124, 0x10E4, 0x4904, 0x7185, 0x1924, 0x3186, 0x2165, 0x3186, 0x734B,
  0xD614, 0xCDD4, 0xCDF4, 0xCDF4, 0xD5F4, 0xCDF4, 0xCDF4, 0xCDF4, 0xD5F4, 0xCDF4, 0xD5F5, 0xD615,
  0xCDD4, 0xCDD4, 0xD5F4, 0xCDF4, 0xCDF4, 0xCDF4, 0xD5F4, 0xCDF4, 0xCDF4, 0xCDF4, 0xCDF4, 0xCDF4,
  0xCDF4, 0xD5F4, 0xCDF4, 0xCDF4, 0xCDF4, 0xCDF4, 0xCDF4, 0xCDF4, 0xCDF4, 0xCDF4, 0xCDF4, 0xCDF4,
  0xD5F4, 0xD5F4, 0xD5F4, 0xD615, 0xD5F4, 0xCDD4, 0xCDF4, 0xCDF4, 0xCDF4, 0xCDD4, 0xCDD4, 0xCDF4,
  0xD5F4, 0xCDF4, 0xCDD4, 0xCDD4, 0xCDD4, 0xCDD4, 0xCDF4, 0xCDF4, 0xD5F4, 0xD5F4, 0xD5F4, 0xCDF4,
  0xCDF4, 0xCDF4, 0xCDF4, 0xCDD4, 0xCDF4, 0xCDD4, 0xD615, 0xB552, 0x9248, 0xEB8C, 0xA268, 0x38A2,
  0x4103, 0x5103, 0x18E4, 0x10C3, 0x4903, 0xDB0A, 0x9227, 0x99A5, 0x2882, 0x0000, 0x0021, 0x0021,
  0x0021, 0x0021, 0x0021, 0x0021, 0x0021, 0x0021, 0x0021, 0x0021, 0x0021, 0x0021, 0x0021, 0x0021,
  0x0021, 0x0021, 0x0021, 0x0021, 0x0021, 0x0021, 0x0021, 0x0021, 0x0021, 0x0021, 0x0021, 0x0021,
  0x0021, 0x0021, 0x0021, 0x0021, 0x0021, 0x0021, 0x0021, 0x0021, 0x0021, 0x0021, 0x0021, 0x0021,
  0x0021, 0x0021, 0x0021, 0x0021, 0x0021, 0x0021, 0x0021, 0x0021, 0x0021, 0x0021, 0x0021, 0x0021,
  0x0021, 0x0021, 0x0021, 0x0021, 0x0021, 0x0021, 0x0021, 0x0021, 0x0021, 0x0021, 0x0021, 0x0841,
  0x0000, 0x6965, 0xF38C, 0xAAA9, 0x50E3, 0x20E3, 0x6103, 0x18C3, 0x28E4, 0x89C6, 0x2104, 0x2965,
  0x3165, 0x3165, 0x5268, 0xCDB3, 0xCDF4, 0xCDF4, 0xCDF4, 0xCDD4, 0xCDD4, 0xCDF4, 0xCDD4, 0xCDF4,
  0xCDF4, 0xD615, 0xD615, 0xD5F4, 0xD5F4, 0xCDD4, 0xCDD4, 0xCDF4, 0xCDF4, 0xCDF4, 0xCDD4, 0xCDD3,
  0xCDD4, 0xCDF4, 0xD5F4, 0xD5F4, 0xD5F4, 0xCDF4, 0xCDD4, 0xCDF4, 0xD5F4, 0xD5F4, 0xCDF4, 0xCDF4,
  0xCDF4, 0xD5F4, 0xD615, 0xD5F4, 0xD5F4, 0xD615, 0xD614, 0xD5F4, 0xD5F4, 0xD5F4, 0xD5F4, 0xD5F4,
  0xCDF4, 0xCDF4, 0xCDD4, 0xCDF4, 0xCDD4, 0xCDD4, 0xCDD4, 0xCDD4, 0xCDD4, 0xCDF4, 0xD5F4, 0xCDF4,
  0xCDF4, 0xCDD4, 0xCDD4, 0xCDF4, 0xCDF4, 0xCDD4, 0xCDD4, 0xCDD4, 0xCDF4, 0xCDF4, 0xCE15, 0x82EA,
  0xE30A, 0xBAEA, 0x6104, 0x1904, 0x30E3, 0x50E3, 0x1904, 0x20A2, 0xC289, 0xB2A9, 0x9185, 0x50E3,
  0x0000, 0x0021, 0x0021, 0x0021, 0x0021, 0x0021, 0x0021, 0x0021, 0x0021, 0x0021, 0x0021, 0x0021,
  0x0021, 0x0021, 0x0021, 0x0021, 0x0021, 0x0021, 0x0021, 0x0021, 0x0021, 0x0021, 0x0021, 0x0021,
  0x0021, 0x0021, 0x0021, 0x0021, 0x0021, 0x0021, 0x0021, 0x0021, 0x0021, 0x0021, 0x0021, 0x0021,
  0x0021, 0x0021, 0x0021, 0x0021, 0x0021, 0x0021, 0x0021, 0x0021, 0x0021, 0x0021, 0x0021, 0x0021,
  0x0021, 0x0021, 0x0021, 0x0021, 0x0021, 0x0021, 0x0021, 0x0021, 0x0021, 0x0021, 0x0021, 0x0021,
  0x0021, 0x0021, 0x0021, 0x0000, 0x30C2, 0xEB4B, 0xC32B, 0x6103, 0x18C3, 0x1904, 0x6144, 0x18A2,
  0x79A5, 0x3944, 0x2165, 0x2965, 0x3186, 0x41E7, 0xB511, 0xD614, 0xCDD4, 0xCDF4, 0xCDD4, 0xCDF4,
  0xCDD4, 0xCDF4, 0xCDF4, 0xCDF4, 0xD5F4, 0xD615, 0xD5F4, 0xD615, 0xD5F4, 0xCDF4, 0xCDD4, 0xCDF4,
  0xCDF4, 0xCDF4, 0xCDF4, 0xCDF4, 0xCDD4, 0xCDD4, 0xCDF4, 0xCDF4, 0xCDF4, 0xCDF4, 0xCDF4, 0xCDF4,
  0xD5F4, 0xCDF4, 0xCDF4, 0xD5F5, 0xCDF4, 0xCDF4, 0xCDF4, 0xCDF4, 0xD5F4, 0xCDF4, 0xCDF4, 0xCDF4,
  0xCDF4, 0xCDF4, 0xCDF4, 0xCDF4, 0xCDD4, 0xCDF4, 0xCDF4, 0xCDD4, 0xCDD4, 0xCDD4, 0xCDD4, 0xCDD4,
  0xCDD4, 0xD615, 0xD615, 0xD5F4, 0xCDF4, 0xCDF4, 0xCDF4, 0xCDF4, 0xD5F4, 0xCDF4, 0xCDD4, 0xCDF4,
  0xCDD4, 0xD635, 0x8BED, 0xCAA9, 0xDB8C, 0x7144, 0x20A3, 0x1925, 0x3104, 0x50E3, 0x10A3, 0x99E7,
  0xCAEA, 0x89C6, 0x7944, 0x0000, 0x0021, 0x0021, 0x0021, 0x0021, 0x0021, 0x0021, 0x0021, 0x0021,
  0x0021, 0x0021, 0x0021, 0x0021, 0x0021, 0x0021, 0x0021, 0x0021, 0x0021, 0x0021, 0x0021, 0x0021,
  0x0021, 0x0021, 0x0021, 0x0021, 0x0021, 0x0021, 0x0021, 0x0021, 0x0021, 0x0021, 0x0021, 0x0021,
  0x0021, 0x0021, 0x0021, 0x0021, 0x0021, 0x0021, 0x0021, 0x0021, 0x0021, 0x0021, 0x0021, 0x0021,
  0x0021, 0x0021, 0x0021, 0x0021, 0x0021, 0x0021, 0x0021, 0x0021, 0x0021, 0x0021, 0x0021, 0x0021,
  0x0021, 0x0021, 0x0021, 0x0021, 0x0021, 0x0021, 0x0020, 0x0841, 0xCAA9, 0xDB8C, 0x81A6, 0x28A2,
  0x18E4, 0x20E4, 0x50E3, 0x7185, 0x5165, 0x1924, 0x3186, 0x2965, 0x3185, 0x942E, 0xD635, 0xCDD4,
  0xCDF4, 0xCDD4, 0xCDD4, 0xCDF4, 0xCDF4, 0xD5F4, 0xCDF4, 0xCDF4, 0xD5F4, 0xCDF4, 0xD5F4, 0xD615,
  0xCDF4, 0xCDF4, 0xD5F4, 0xCDF4, 0xCDF4, 0xCDF4, 0xD5F4, 0xCDF4, 0xCDD4, 0xCDD4, 0xCDD4, 0xCDD4,
  0xCDF4, 0xCDF4, 0xCDF4, 0xCDD4, 0xCDF4, 0xD5F4, 0xD5F4, 0xCDF4, 0xCDF4, 0xCDF4, 0xCDD4, 0xCDD4,
  0xCDF4, 0xCDD4, 0xCDD4, 0xD5F4, 0xCDF4, 0xCDF4, 0xCDF4, 0xCDF4, 0xCDF4, 0xCDF4, 0xCDD4, 0xCDF4,
  0xCDF4, 0xCDF4, 0xCDF4, 0xCDD4, 0xCDF4, 0xD5F4, 0xD615, 0xCDF4, 0xCDD4, 0xD5F4, 0xD615, 0xD5F4,
  0xD5F4, 0xCDF4, 0xD5F4, 0xCDF4, 0xD615, 0xA4F1, 0xA248, 0xEB6C, 0x9227, 0x30A2, 0x18E4, 0x1904,
  0x3904, 0x48C2, 0x5924, 0xDB4B, 0x8A07, 0x8965, 0x1841, 0x0020, 0x0021, 0x0021, 0x0021, 0x0021,
  0x0021, 0x0021, 0x0021, 0x0021, 0x0021, 0x0021, 0x0021, 0x0021, 0x0021, 0x0021, 0x0021, 0x0021,
  0x0021, 0x0021, 0x0021, 0x0021, 0x0021, 0x0021, 0x0021, 0x0021, 0x0021, 0x0021, 0x0021, 0x0021,
  0x0021, 0x0021, 0x0021, 0x0021, 0x0021, 0x0021, 0x0021, 0x0021, 0x0021, 0x0021, 0x0021, 0x0021,
  0x0021, 0x0021, 0x0021, 0x0021, 0x0021, 0x0021, 0x0021, 0x0021, 0x0021, 0x0021, 0x0021, 0x0021,
  0x0021, 0x0021, 0x0021, 0x0021, 0x0021, 0x0021, 0x0021, 0x0021, 0x0021, 0x0041, 0x0000, 0x91E6,
  0xF38C, 0x9A48, 0x38A2, 0x18E4, 0x2104, 0x20E3, 0x5103, 0x71C6, 0x1924, 0x3165, 0x3186, 0x3165,
  0x6B2A, 0xD635, 0xCDD4, 0xCDF4, 0xCDF4, 0xCDF4, 0xCDD4, 0xCDF4, 0xCDF4, 0xD615, 0xD5F4, 0xCDF4,
  0xCDF4, 0xD5F4, 0xD5F4, 0xCDF4, 0xD5F5, 0xD615, 0xCDF4, 0xCDF4, 0xD615, 0xD5F4, 0xCDF4, 0xCDF4,
  0xCDF4, 0xCDD4, 0xCDD4, 0xCDD4, 0xCDF4, 0xCDF4, 0xCDF4, 0xCDF4, 0xD615, 0xD615, 0xD615, 0xCDF4,
  0xCDF4, 0xCDF4, 0xCDF4, 0xCDF4, 0xCDF4, 0xCDF4, 0xCDF4, 0xCDF4, 0xCDF4, 0xCDF4, 0xCDF4, 0xD5F4,
  0xD615, 0xCDF4, 0xCDF4, 0xD5F4, 0xD5F4, 0xD5F4, 0xD615, 0xCDF4, 0xCDF4, 0xCDF4, 0xD5F4, 0xCDF4,
  0xD5F4, 0xCDF4, 0xD5F4, 0xD5F4, 0xD5F4, 0xD5F4, 0xD5F4, 0xD615, 0xC5D4, 0x8A89, 0xEB4B, 0xAAA9,
  0x48C2, 0x18E4, 0x2104, 0x1904, 0x28E3, 0x58E3, 0xCAA9, 0xA268, 0x99A5, 0x38A2, 0x0000, 0x0021,
  0x0021, 0x0021, 0x0021, 0x0021, 0x0021, 0x0021, 0x0021, 0x0021, 0x0021, 0x0021, 0x0021, 0x0021,
  0x0021, 0x0021, 0x0021, 0x0021, 0x0021, 0x0021, 0x0021, 0x0021, 0x0021, 0x0021, 0x0021, 0x0021,
  0x0021, 0x0021, 0x0021, 0x0021, 0x0021, 0x0021, 0x0021, 0x0021, 0x0021, 0x0021, 0x0021, 0x0021,
  0x0021, 0x0021, 0x0021, 0x0021, 0x0021, 0x0021, 0x0021, 0x0021, 0x0021, 0x0021, 0x0021, 0x0021,
  0x0021, 0x0021, 0x0021, 0x0021, 0x0021, 0x0021, 0x0021, 0x0021, 0x0021, 0x0021, 0x0021, 0x0021,
  0x0841, 0x0000, 0x5124, 0xF36C, 0xB2CA, 0x50E3, 0x18C3, 0x2104, 0x1904, 0x20E3, 0x81C6, 0x18E4,
  0x5186, 0x5985, 0x2145, 0x5248, 0xC593, 0xD5F4, 0xCDF4, 0xCDF4, 0xCDD4, 0xCDD4, 0xCDD4, 0xCDF4,
  0xCDF4, 0xCDF4, 0xD5F4, 0xD615, 0xD5F4, 0xCDF4, 0xCDF4, 0xCDF4, 0xCDF4, 0xCDF4, 0xCDF4, 0xD5F4,
  0xD614, 0xD5F4, 0xCDF4, 0xCDF4, 0xCDF4, 0xCDD4, 0xCDD4, 0xCDF4, 0xCDF4, 0xD5F4, 0xCDF4, 0xCDF4,
  0xCDF4, 0xCDF4, 0xCDF4, 0xCDF4, 0xD5F5, 0xCDF4, 0xCDF4, 0xCDF4, 0xCDF4, 0xD5F4, 0xD5F4, 0xCDF4,
  0xCDF4, 0xCDF4, 0xD5F4, 0xCDF4, 0xD5F4, 0xCDF4, 0xCDF4, 0xD614, 0xD615, 0xCDF4, 0xD5F4, 0xCDF4,
  0xCDF4, 0xCDF4, 0xCDF4, 0xD5F4, 0xD5F4, 0xCDF4, 0xCDF4, 0xCDF4, 0xCDF4, 0xD615, 0xCDD4, 0xD635,
  0x8B8C, 0xD2CA, 0xD34C, 0x6124, 0x18C3, 0x2104, 0x2104, 0x2104, 0x1082, 0xA1E6, 0xC30A, 0x91A5,
  0x6123, 0x0000, 0x0021, 0x0021, 0x0021, 0x0021, 0x0021, 0x0021, 0x0021, 0x0021, 0x0021, 0x0021,
  0x0021, 0x0021, 0x0021, 0x0021, 0x0021, 0x0021, 0x0021, 0x0021, 0x0021, 0x0021, 0x0021, 0x0021,
  0x0021, 0x0021, 0x0021, 0x0021, 0x0021, 0x0021, 0x0021, 0x0021, 0x0021, 0x0021, 0x0021, 0x0021,
  0x0021, 0x0021, 0x0021, 0x0021, 0x0021, 0x0021, 0x0021, 0x0021, 0x0021, 0x0021, 0x0021, 0x0021,
  0x0021, 0x0021, 0x0021, 0x0021, 0x0021, 0x0021, 0x0021, 0x0021, 0x0021, 0x0021, 0x0021, 0x0021,
  0x0021, 0x0021, 0x0021, 0x0021, 0x0020, 0x1861, 0x9A47, 0xA2EA, 0x7144, 0x18A3, 0x1904, 0x2104,
  0x10C3, 0x81C6, 0x4144, 0x2145, 0x3145, 0x3165, 0x39A6, 0xACF1, 0xD635, 0xCDD4, 0xCDF4, 0xCDF4,
  0xCDF4, 0xCDD4, 0xCDD4, 0xCDF4, 0xD5F4, 0xD5F4, 0xD5F4, 0xD614, 0xD5F4, 0xD5F4, 0xD5F4, 0xCDF4,
  0xCDF4, 0xCDF4, 0xCDF4, 0xCDF4, 0xD5F4, 0xD614, 0xCDF4, 0xCDF4, 0xCDF4, 0xCDD4, 0xCDF4, 0xCDF4,
  0xD5F4, 0xCDF4, 0xCDF4, 0xCDF4, 0xD5F4, 0xCDF4, 0xCDF4, 0xCDF4, 0xD5F4, 0xD5F4, 0xCDF4, 0xCDD4,
  0xCDD4, 0xCDF4, 0xCDF4, 0xCDF4, 0xCDF4, 0xCDF4, 0xCDF4, 0xCDF4, 0xCDF4, 0xD5F4, 0xCDF4, 0xCDF4,
  0xCDF4, 0xCDF4, 0xCDF4, 0xCDD4, 0xCDF4, 0xCDF4, 0xCDF4, 0xCDD4, 0xCDD4, 0xCDD4, 0xCDD4, 0xCDF4,
  0xCDF4, 0xCDF4, 0xDE35, 0x9C6F, 0x79C6, 0xB2EA, 0x81C6, 0x28A2, 0x1904, 0x20E4, 0x2104, 0x10A3,
  0x7965, 0xBACA, 0x91E7, 0x8144, 0x0821, 0x0021, 0x0021, 0x0021, 0x0021, 0x0021, 0x0021, 0x0021,
  0x0021, 0x0021, 0x0021, 0x0021, 0x0021, 0x0021, 0x0021, 0x0021, 0x0021, 0x0021, 0x0021, 0x0021,
  0x0021, 0x0021, 0x0021, 0x0021, 0x0021, 0x0021, 0x0021, 0x0021, 0x0021, 0x0021, 0x0021, 0x0021,
  0x0021, 0x0021, 0x0021, 0x0021, 0x0021, 0x0021, 0x0021, 0x0021, 0x0021, 0x0021, 0x0021, 0x0021,
  0x0021, 0x0021, 0x0021, 0x0021, 0x0021, 0x0021, 0x0021, 0x0021, 0x0021, 0x0021, 0x0021, 0x0021,
  0x0021, 0x0021, 0x0021, 0x0021, 0x0021, 0x0021, 0x0021, 0x0021, 0x0020, 0xB268, 0xD36C, 0x6965,
  0x2882, 0x18E4, 0x2104, 0x08C3, 0x5945, 0x6185, 0x1904, 0x3186, 0x2986, 0x3186, 0x8BED, 0xD635,
  0xCDD4, 0xCDD4, 0xCDF4, 0xCDF4, 0xCDF4, 0xCDD3, 0xCDD4, 0xCDF4, 0xD615, 0xD5F4, 0xCDF4, 0xD5F4,
  0xD5F4, 0xCDF4, 0xD5F4, 0xD5F4, 0xCDF4, 0xCDF4, 0xCDF4, 0xCDF4, 0xCDF4, 0xD614, 0xD5F4, 0xCDF4,
  0xCDF4, 0xCDF4, 0xD5F4, 0xD5F4, 0xCDF4, 0xCDF4, 0xCDF4, 0xD5F4, 0xD5F4, 0xD5F4, 0xCDD4, 0xCDF4,
  0xD5F4, 0xCDF4, 0xCDF4, 0xCDF4, 0xD5F4, 0xCDF4, 0xCDF4, 0xCDF4, 0xCDF4, 0xCDD3, 0xCDD4, 0xCDF4,
  0xCDD4, 0xCDF4, 0xCDD4, 0xCDF4, 0xCDF4, 0xD5F4, 0xD615, 0xD5F5, 0xD5F4, 0xD5F4, 0xCDF4, 0xCDD4,
  0xCDD4, 0xCDD4, 0xCDD4, 0xCDD4, 0xCDD4, 0xD615, 0xB552, 0x9227, 0xD32B, 0x8207, 0x38A2, 0x18E4,
  0x20E4, 0x2104, 0x10C3, 0x4904, 0xDB0B, 0x9248, 0x9185, 0x2061, 0x0000, 0x0021, 0x0021, 0x0021,
  0x0021, 0x0021, 0x0021, 0x0021, 0x0021, 0x0021, 0x0021, 0x0021, 0x0021, 0x0021, 0x0021, 0x0021,
  0x0021, 0x0021, 0x0021, 0x0021, 0x0021, 0x0021, 0x0021, 0x0021, 0x0021, 0x0021, 0x0021, 0x0021,
  0x0021, 0x0021, 0x0021, 0x0021, 0x0021, 0x0021, 0x0021, 0x0021, 0x0021, 0x0021, 0x0021, 0x0021,
  0x0021, 0x0021, 0x0021, 0x0021, 0x0021, 0x0021, 0x0021, 0x0021, 0x0021, 0x0021, 0x0021, 0x0021,
  0x0021, 0x0021, 0x0021, 0x0021, 0x0021, 0x0021, 0x0021, 0x0021, 0x0021, 0x0021, 0x0821, 0x0000,
  0x79A6, 0xF3AD, 0x9A68, 0x48C2, 0x20E3, 0x2104, 0x10E4, 0x3904, 0x81C6, 0x1904, 0x3186, 0x2965,
  0x2965, 0x62EA, 0xD5F4, 0xCDF4, 0xCDD4, 0xCDF4, 0xCDF4, 0xCDF4, 0xCDF4, 0xCDF4, 0xD5F4, 0xD615,
  0xD615, 0xD5F4, 0xCDF4, 0xCDF4, 0xCDD4, 0xCDD4, 0xCDD4, 0xCDF4, 0xCDF4, 0xCDF4, 0xCDF4, 0xCDF4,
  0xD614, 0xD5F4, 0xD5F4, 0xD5F4, 0xD5F5, 0xD5F4, 0xCDF4, 0xCDF4, 0xCDF4, 0xCDF4, 0xCDF4, 0xCDF4,
  0xCDF4, 0xCDF4, 0xCDD4, 0xCDF4, 0xCDF4, 0xCDF4, 0xCDF4, 0xCDF4, 0xCDF4, 0xCDD4, 0xCDD4, 0xCDD4,
  0xCDD4, 0xCDD4, 0xCDD4, 0xCDF4, 0xCDF4, 0xCDF4, 0xCDD4, 0xCDF4, 0xCDF4, 0xCDF4, 0xD5F4, 0xD615,
  0xD5F5, 0xD5F4, 0xCDF4, 0xCDF4, 0xD5F4, 0xCDF4, 0xCDF4, 0xCDF4, 0xD5F4, 0xCE15, 0x830A, 0xE30A,
  0xBACA, 0x58E3, 0x20C3, 0x2104, 0x20E4, 0x1904, 0x20A2, 0xCAA9, 0xAAA9, 0x8985, 0x48E3, 0x0000,
  0x0021, 0x0021, 0x0021, 0x0021, 0x0021, 0x0021, 0x0021, 0x0021, 0x0021, 0x0021, 0x0021, 0x0021,
  0x0021, 0x0021, 0x0021, 0x0021, 0x0021, 0x0021, 0x0021, 0x0021, 0x0021, 0x0021, 0x0021, 0x0021,
  0x0021, 0x0021, 0x0021, 0x0021, 0x0021, 0x0021, 0x0021, 0x0021, 0x0021, 0x0021, 0x0021, 0x0021,
  0x0021, 0x0021, 0x0021, 0x0021, 0x0021, 0x0021, 0x0021, 0x0021, 0x0021, 0x0021, 0x0021, 0x0021,
  0x0021, 0x0021, 0x0021, 0x0021, 0x0021, 0x0021, 0x0021, 0x0021, 0x0021, 0x0021, 0x0021, 0x0021,
  0x0021, 0x0021, 0x0000, 0x40E3, 0xF34B, 0xBB0A, 0x58E3, 0x48C2, 0x20E4, 0x2104, 0x18C3, 0x89E6,
  0x2924, 0x2965, 0x2965, 0x3165, 0x4A27, 0xBD72, 0xD615, 0xCDF4, 0xD5F4, 0xCDF4, 0xCDF4, 0xCDF4,
  0xCDF4, 0xCDD4, 0xCDF4, 0xD5F4, 0xD615, 0xD5F4, 0xCDD4, 0xCDD4, 0xCDD4, 0xCDD4, 0xCDF4, 0xCDF4,
  0xCDF4, 0xCDD4, 0xCDF4, 0xCDF4, 0xD615, 0xD5F4, 0xD5F4, 0xD5F4, 0xD5F4, 0xD5F4, 0xD5F4, 0xCDF4,
  0xCDF4, 0xCDD4, 0xCDF4, 0xCDF4, 0xCDF4, 0xCDF4, 0xCDD4, 0xCDF4, 0xCDF4, 0xCDF4, 0xCDF4, 0xCDF4,
  0xD5F4, 0xCDF4, 0xCDD4, 0xCDD4, 0xCDD3, 0xCDD4, 0xCDD4, 0xCDF4, 0xCDF4, 0xCDF4, 0xCDF4, 0xCDF4,
  0xCDF4, 0xCDF4, 0xCDF4, 0xCDF4, 0xCDF4, 0xD5F4, 0xCDF4, 0xCDF4, 0xCDF4, 0xCDF4, 0xCDF4, 0xCDD4,
  0xD635, 0x8BCD, 0xC289, 0xDB6C, 0x6965, 0x50C3, 0x3104, 0x1904, 0x2104, 0x10A2, 0x99E6, 0xCB2B,
  0x89C6, 0x7144, 0x0000, 0x0021, 0x0021, 0x0021, 0x0021, 0x0021, 0x0021, 0x0021, 0x0021, 0x0021,
  0x0021, 0x0021, 0x0021, 0x0021, 0x0021, 0x0021, 0x0021, 0x0021, 0x0021, 0x0021, 0x0021, 0x0021,
  0x0021, 0x0021, 0x0021, 0x0021, 0x0021, 0x0021, 0x0021, 0x0021, 0x0021, 0x0021, 0x0021, 0x0021,
  0x0021, 0x0021, 0x0021, 0x0021, 0x0021, 0x0021, 0x0021, 0x0021, 0x0021, 0x0021, 0x0021, 0x0021,
  0x0021, 0x0021, 0x0021, 0x0021, 0x0021, 0x0021, 0x0021, 0x0021, 0x0021, 0x0021, 0x0021, 0x0021,
  0x0021, 0x0021, 0x0021, 0x0021, 0x0021, 0x0020, 0x1061, 0xD2EA, 0xDB6C, 0x7985, 0x30C2, 0x5903,
  0x20E4, 0x10C3, 0x7985, 0x4965, 0x1945, 0x3165, 0x2965, 0x31A6, 0xA48F, 0xD614, 0xCDD4, 0xCDF4,
  0xD5F4, 0xCDD4, 0xCDF4, 0xCDF4, 0xCDF4, 0xCDF4, 0xCDF4, 0xCDF4, 0xD5F4, 0xCDF4, 0xCDD4, 0xCDD4,
  0xCDF4, 0xCDF4, 0xCDD4, 0xCDF4, 0xCDF4, 0xCDF4, 0xCDF4, 0xCDF4, 0xCDF4, 0xD5F4, 0xD5F4, 0xD5F4,
  0xCDF4, 0xCDF4, 0xD5F4, 0xD5F4, 0xD5F4, 0xCDD4, 0xCDD4, 0xCDF4, 0xCDF4, 0xCDF4, 0xCDF4, 0xD5F4,
  0xCDF4, 0xD5F4, 0xCDF4, 0xD5F4, 0xD5F4, 0xCDF4, 0xCDF4, 0xCDF4, 0xCDD4, 0xCDF4, 0xCDF4, 0xCDD4,
  0xCDD4, 0xCDD4, 0xCDF4, 0xCDF4, 0xCDF4, 0xCDF4, 0xCDF4, 0xCDF4, 0xCDF4, 0xD5F4, 0xCDF4, 0xCDF4,
  0xCDF4, 0xCDD4, 0xCDD4, 0xDE35, 0xA4F1, 0xA268, 0xEB8C, 0x9247, 0x38A2, 0x5924, 0x2904, 0x2125,
  0x10C3, 0x6944, 0xDB2B, 0x9207, 0x9185, 0x1041, 0x0020, 0x0021, 0x0021, 0x0021, 0x0021, 0x0021,
  0x0021, 0x0021, 0x0021, 0x0021, 0x0021, 0x0021, 0x0021, 0x0021, 0x0021, 0x0021, 0x0021, 0x0021,
  0x0021, 0x0021, 0x0021, 0x0021, 0x0021, 0x0021, 0x0021, 0x0021, 0x0021, 0x0021, 0x0021, 0x0021,
  0x0021, 0x0021, 0x0021, 0x0021, 0x0021, 0x0021, 0x0021, 0x0021, 0x0021, 0x0021, 0x0021, 0x0021,
  0x0021, 0x0021, 0x0021, 0x0021, 0x0021, 0x0021, 0x0021, 0x0021, 0x0021, 0x0021, 0x0021, 0x0021,
  0x0021, 0x0021, 0x0021, 0x0021, 0x0021, 0x0021, 0x0021, 0x0021, 0x0021, 0x0000, 0xA248, 0xEB8C,
  0x8A07, 0x30C2, 0x18E3, 0x6104, 0x10A3, 0x5145, 0x6985, 0x2104, 0x49A6, 0x2965, 0x3165, 0x7BAC,
  0xDE35, 0xCDD4, 0xCDD4, 0xCDF4, 0xCDF4, 0xCDD4, 0xCDD4, 0xCDF4, 0xCDF4, 0xCDF4, 0xD5F5, 0xD5F4,
  0xD5F4, 0xD5F4, 0xD614, 0xD5F5, 0xD5F4, 0xCDF4, 0xCDD4, 0xCDD4, 0xCDF4, 0xCDF4, 0xD5F4, 0xD5F4,
  0xD5F4, 0xD614, 0xCDD4, 0xCDD4, 0xCDF4, 0xCDF4, 0xCDF4, 0xCDF4, 0xCDF4, 0xD5F4, 0xD5F4, 0xCDF4,
  0xCDF4, 0xD5F4, 0xD5F4, 0xCDF4, 0xCDF4, 0xCDF4, 0xCDF4, 0xD614, 0xD5F4, 0xCDF4, 0xCDF4, 0xCDF4,
  0xD5F4, 0xCDF4, 0xCDF4, 0xCDD4, 0xCDF4, 0xCDD4, 0xCDD4, 0xCDD4, 0xCDD4, 0xCDF4, 0xD5F4, 0xD5F5,
  0xCDF4, 0xCDF4, 0xCDF4, 0xCDF4, 0xCDF4, 0xCDD4, 0xD5F4, 0xC5D4, 0x8AA9, 0xEB4B, 0xAAA9, 0x48E3,
  0x18C3, 0x58E3, 0x28E4, 0x1904, 0x28A2, 0xBA68, 0xA268, 0x9185, 0x38A2, 0x0000, 0x0021, 0x0021,
  0x0021, 0x0021, 0x0021, 0x0021, 0x0021, 0x0021, 0x0021, 0x0021, 0x0021, 0x0021, 0x0021, 0x0021,
  0x0021, 0x0021, 0x0021, 0x0021, 0x0021, 0x0021, 0x0021, 0x0021, 0x0021, 0x0021, 0x0021, 0x0021,
  0x0021, 0x0021, 0x0021, 0x0021, 0x0021, 0x0021, 0x0021, 0x0021, 0x0021, 0x0021, 0x0021, 0x0021,
  0x0021, 0x0021, 0x0021, 0x0021, 0x0021, 0x0021, 0x0021, 0x0021, 0x0021, 0x0021, 0x0021, 0x0021,
  0x0021, 0x0021, 0x0021, 0x0021, 0x0021, 0x0021, 0x0021, 0x0021, 0x0021, 0x0021, 0x0021, 0x0021,
  0x0000, 0x6985, 0xFBAC, 0xAAA9, 0x48C2, 0x1904, 0x2104, 0x5924, 0x30C3, 0x89E7, 0x1904, 0x5165,
  0x6985, 0x2965, 0x5A89, 0xCDF4, 0xCDF4, 0xCDF4, 0xCDF4, 0xCDF4, 0xCDF4, 0xCDF4, 0xCDD4, 0xCDF4,
  0xD5F4, 0xCDF4, 0xD5F4, 0xCDF4, 0xCDF4, 0xD5F4, 0xCDF4, 0xCDD4, 0xCDD4, 0xCDD4, 0xCDD4, 0xCDF4,
  0xCDF4, 0xCDF4, 0xD5F4, 0xD5F4, 0xCDF4, 0xD5F4, 0xCDF4, 0xCDD4, 0xCDF4, 0xD5F4, 0xCDF4, 0xCDF4,
  0xCDF4, 0xCDF4, 0xD5F4, 0xCDF4, 0xD5F4, 0xD5F4, 0xCDF4, 0xCDF4, 0xCDD4, 0xCDD4, 0xCDF4, 0xCDF4,
  0xCDF4, 0xCDF4, 0xCDF4, 0xCDF4, 0xCDF4, 0xCDD4, 0xCDD4, 0xCDD4, 0xCDF4, 0xCDD4, 0xCDD4, 0xCDF4,
  0xCDF4, 0xCDF4, 0xCDF4, 0xCDF4, 0xCDF4, 0xCDF4, 0xCDF4, 0xD5F4, 0xCDF4, 0xCDD4, 0xD635, 0x8B6B,
  0xDACA, 0xCB4C, 0x6104, 0x18C3, 0x1904, 0x58E3, 0x28E3, 0x20C3, 0xAA27, 0xAAA9, 0x91A6, 0x6103,
  0x0000, 0x0021, 0x0021, 0x0021, 0x0021, 0x0021, 0x0021, 0x0021, 0x0021, 0x0021, 0x0021, 0x0021,
  0x0021, 0x0021, 0x0021, 0x0021, 0x0021, 0x0021, 0x0021, 0x0021, 0x0021, 0x0021, 0x0021, 0x0021,
  0x0021, 0x0021, 0x0021, 0x0021, 0x0021, 0x0021, 0x0021, 0x0021, 0x0021, 0x0021, 0x0021, 0x0021,
  0x0021, 0x0021, 0x0021, 0x0021, 0x0021, 0x0021, 0x0021, 0x0021, 0x0021, 0x0021, 0x0021, 0x0021,
  0x0021, 0x0021, 0x0021, 0x0021, 0x0021, 0x0021, 0x0021, 0x0021, 0x0021, 0x0021, 0x0021, 0x0021,
  0x0021, 0x0021, 0x0021, 0x0000, 0x28A2, 0xEB4B, 0xCB2B, 0x6924, 0x18C3, 0x2104, 0x2904, 0x50E3,
  0x89A5, 0x3124, 0x2965, 0x2145, 0x2145, 0x4207, 0xB511, 0xD5F4, 0xCDD4, 0xCDD4, 0xCDD4, 0xCDF4,
  0xD5F4, 0xD5F4, 0xCDF4, 0xCDF4, 0xD5F4, 0xCDF4, 0xD5F4, 0xCDF4, 0xD5F4, 0xD5F4, 0xCDF4, 0xCDF4,
  0xCDF4, 0xCDF4, 0xCDF4, 0xCDF4, 0xD5F4, 0xD5F4, 0xCDF4, 0xD5F4, 0xCDF4, 0xCDF4, 0xCDF4, 0xCDD4,
  0xCDD4, 0xCDF4, 0xCDF4, 0xCDF4, 0xCDF4, 0xCDF4, 0xCDF4, 0xCDD4, 0xCDD4, 0xCDF4, 0xCDF4, 0xCDF4,
  0xCDF4, 0xCDF4, 0xCDF4, 0xCDF4, 0xCDF4, 0xCDF4, 0xCDF4, 0xCDD4, 0xCDF4, 0xCDF4, 0xCDD4, 0xCDD4,
  0xCDF4, 0xCDF4, 0xCDD4, 0xCDD4, 0xCDF4, 0xCDF4, 0xCDF4, 0xCDD4, 0xCDF4, 0xD5F4, 0xCDF4, 0xCDF4,
  0xCDD4, 0xDE35, 0x9C6F, 0xB268, 0xEBAD, 0x81C6, 0x28A2, 0x1904, 0x18E4, 0x6144, 0x1082, 0x8185,
  0xDB4B, 0x91C6, 0x8144, 0x0821, 0x0021, 0x0021, 0x0021, 0x0021, 0x0021, 0x0021, 0x0021, 0x0021,
  0x0021, 0x0021, 0x0021, 0x0021, 0x0021, 0x0021, 0x0021, 0x0021, 0x0021, 0x0021, 0x0021, 0x0021,
  0x0021, 0x0021, 0x0021, 0x0021, 0x0021, 0x0021, 0x0021, 0x0021, 0x0021, 0x0021, 0x0021, 0x0021,
  0x0021, 0x0021, 0x0021, 0x0021, 0x0021, 0x0021, 0x0021, 0x0021, 0x0021, 0x0021, 0x0021, 0x0021,
  0x0021, 0x0021, 0x0021, 0x0021, 0x0021, 0x0021, 0x0021, 0x0021, 0x0021, 0x0021, 0x0021, 0x0021,
  0x0021, 0x0021, 0x0021, 0x0021, 0x0021, 0x0021, 0x0021, 0x0821, 0xCAA9, 0xDB8C, 0x79A5, 0x28A3,
  0x2104, 0x4924, 0x10C3, 0x7985, 0x5965, 0x1904, 0x3165, 0x3186, 0x3185, 0x944E, 0xDE35, 0xCDD4,
  0xCDF4, 0xD5F4, 0xD5F4, 0xCDF4, 0xD5F4, 0xD5F4, 0xD5F4, 0xCDF4, 0xCDF4, 0xD5F4, 0xD615, 0xD5F4,
  0xCDF4, 0xCDF4, 0xD5F4, 0xCDF4, 0xD5F4, 0xD5F4, 0xCDF4, 0xD5F4, 0xD5F4, 0xD5F4, 0xD5F4, 0xCDF4,
  0xCDF4, 0xCDF4, 0xCDF4, 0xCDD4, 0xCDB3, 0xCDD3, 0xCDF4, 0xCDF4, 0xCDF4, 0xCDF4, 0xCDF4, 0xCDF4,
  0xCDF4, 0xCDF4, 0xCDF4, 0xCDD4, 0xCDF4, 0xCDF4, 0xCDF4, 0xCDF4, 0xCDF4, 0xD5F4, 0xD5F4, 0xCDF4,
  0xCDF4, 0xCDF4, 0xD5F4, 0xCDF4, 0xCDF4, 0xD5F4, 0xCDD4, 0xCDD4, 0xCDF4, 0xCDF4, 0xCDF4, 0xCDF4,
  0xD615, 0xD5F4, 0xCDF4, 0xCDF4, 0xD615, 0xB573, 0x9A89, 0xEB8C, 0x9A68, 0x40C2, 0x1104, 0x3104,
  0x28E3, 0x58E3, 0x5903, 0xD2EA, 0x9228, 0x99A5, 0x2061, 0x0000, 0x0021, 0x0021, 0x0021, 0x0021,
  0x0021, 0x0021, 0x0021, 0x0021, 0x0021, 0x0021, 0x0021, 0x0021, 0x0021, 0x0021, 0x0021, 0x0021,
  0x0021, 0x0021, 0x0021, 0x0021, 0x0021, 0x0021, 0x0021, 0x0021, 0x0021, 0x0021, 0x0021, 0x0021,
  0x0021, 0x0021, 0x0021, 0x0021, 0x0021, 0x0021, 0x0021, 0x0021, 0x0021, 0x0021, 0x0021, 0x0021,
  0x0021, 0x0021, 0x0021, 0x0021, 0x0021, 0x0021, 0x0021, 0x0021, 0x0021, 0x0021, 0x0021, 0x0021,
  0x0021, 0x0021, 0x0021, 0x0021, 0x0021, 0x0021, 0x0021, 0x0021, 0x0021, 0x0021, 0x0000, 0x79C6,
  0xEBAD, 0x9A68, 0x30A2, 0x10E4, 0x5145, 0x20E4, 0x3904, 0x7185, 0x1904, 0x3166, 0x2945, 0x3185,
  0x736B, 0xD614, 0xCDD3, 0xD5F4, 0xCDF4, 0xCDF4, 0xD5F4, 0xD5F4, 0xCDF4, 0xCDF4, 0xD5F4, 0xCDF4,
  0xCDF4, 0xD5F4, 0xD615, 0xCDF4, 0xCDF4, 0xCDF4, 0xCDF4, 0xD614, 0xD5F4, 0xD5F4, 0xCDF4, 0xCDF4,
  0xD5F4, 0xD614, 0xD5F4, 0xCDF4, 0xCDF4, 0xCDF4, 0xCDF4, 0xCDD4, 0xCDD4, 0xCDD4, 0xCDF4, 0xCDF4,
  0xCDF4, 0xCDF4, 0xCDF4, 0xD5F4, 0xD615, 0xD5F4, 0xD5F4, 0xCDF4, 0xCDF4, 0xCDD3, 0xCDB3, 0xCDD4,
  0xCDF4, 0xD615, 0xCDF4, 0xD5F4, 0xCDF4, 0xCDF4, 0xCDF4, 0xCDF4, 0xD5F4, 0xD5F4, 0xD5F4, 0xD615,
  0xD5F4, 0xCDF4, 0xD5F4, 0xD615, 0xD615, 0xD5F4, 0xCDF4, 0xD5F4, 0xCE15, 0x82EA, 0xE32B, 0xC34B,
  0x58E3, 0x08C3, 0x3945, 0x4945, 0x20E4, 0x3882, 0xCAA9, 0xAAA9, 0x9185, 0x48E3, 0x0000, 0x0021,
  0x0021, 0x0021, 0x0021, 0x0021, 0x0021, 0x0021, 0x0021, 0x0021, 0x0021, 0x0021, 0x0021, 0x0021,
  0x0021, 0x0021, 0x0021, 0x0021, 0x0021, 0x0021, 0x0021, 0x0021, 0x0021, 0x0021, 0x0021, 0x0021,
  0x0021, 0x0021, 0x0021, 0x0021, 0x0021, 0x0021, 0x0021, 0x0021, 0x0021, 0x0021, 0x0021, 0x0021,
  0x0021, 0x0021, 0x0021, 0x0021, 0x0021, 0x0021, 0x0021, 0x0021, 0x0021, 0x0021, 0x0021, 0x0021,
  0x0021, 0x0021, 0x0021, 0x0021, 0x0021, 0x0021, 0x0021, 0x0021, 0x0021, 0x0021, 0x0021, 0x0021,
  0x0021, 0x0000, 0x40E3, 0xAA89, 0x9268, 0x5903, 0x3104, 0x7165, 0x3104, 0x18A3, 0x89C6, 0x2924,
  0x2966, 0x3165, 0x2965, 0x5248, 0xCDD4, 0xCDF4, 0xCDD4, 0xCDF4, 0xCDF4, 0xD5F4, 0xD5F4, 0xCDF4,
  0xCDD4, 0xCDF4, 0xCDF4, 0xCDF4, 0xCDF4, 0xD5F4, 0xD5F4, 0xCDF4, 0xCDF4, 0xD5F4, 0xCDF4, 0xD5F4,
  0xD5F5, 0xCDF4, 0xCDF4, 0xCDF4, 0xCDF4, 0xD5F4, 0xCDF4, 0xCDF4, 0xCDF4, 0xCDF4, 0xCDF4, 0xCDF4,
  0xCDF4, 0xCDF4, 0xCDF4, 0xCDF4, 0xCDD4, 0xCDD4, 0xCDF4, 0xCDF4, 0xCDF4, 0xCDF4, 0xCDF4, 0xD5F4,
  0xCDD4, 0xCDD4, 0xCDD4, 0xCDF4, 0xCDF4, 0xCDF4, 0xCDF4, 0xCDF4, 0xCDF4, 0xCDF4, 0xCDD4, 0xCDF4,
  0xCDF4, 0xCDF4, 0xD5F4, 0xD5F4, 0xD5F4, 0xD614, 0xD614, 0xD614, 0xD5F4, 0xCDF4, 0xCDD4, 0xDE56,
  0x940E, 0xC288, 0xDB8C, 0x7165, 0x20C3, 0x5965, 0x5145, 0x2104, 0x10C3, 0x81A6, 0xBACA, 0x91C6,
  0x7144, 0x0000, 0x0021, 0x0021, 0x0021, 0x0021, 0x0021, 0x0021, 0x0021, 0x0021, 0x0021, 0x0021,
  0x0021, 0x0021, 0x0021, 0x0021, 0x0021, 0x0021, 0x0021, 0x0021, 0x0021, 0x0021, 0x0021, 0x0021,
  0x0021, 0x0021, 0x0021, 0x0021, 0x0021, 0x0021, 0x0021, 0x0021, 0x0021, 0x0021, 0x0021, 0x0021,
  0x0021, 0x0021, 0x0021, 0x0021, 0x0021, 0x0021, 0x0021, 0x0021, 0x0021, 0x0021, 0x0021, 0x0021,
  0x0021, 0x0021, 0x0021, 0x0021, 0x0021, 0x0021, 0x0021, 0x0021, 0x0021, 0x0021, 0x0021, 0x0021,
  0x0021, 0x0021, 0x0021, 0x0021, 0x0000, 0x2082, 0xDAEA, 0xC30B, 0x50E3, 0x0882, 0x5965, 0x91C6,
  0x08E4, 0x8185, 0x3924, 0x2145, 0x3165, 0x3186, 0x39C6, 0xACF1, 0xD615, 0xCDD4, 0xD5F4, 0xD5F4,
  0xCDF4, 0xD5F4, 0xCDF4, 0xCDF4, 0xCDF4, 0xCDF4, 0xCDF4, 0xCDF4, 0xD5F4, 0xCDF4, 0xCDF4, 0xD5F4,
  0xD5F4, 0xCDF4, 0xCDF4, 0xCDF4, 0xCDF4, 0xCDF4, 0xD5F4, 0xD615, 0xD5F4, 0xCDD4, 0xCDF4, 0xD5F4,
  0xCDF4, 0xCDD4, 0xCDF4, 0xD5F4, 0xD5F4, 0xCDF4, 0xCDD4, 0xCDD4, 0xCDF4, 0xCDF4, 0xD615, 0xD5F4,
  0xCDF4, 0xCDD4, 0xCDF4, 0xCDF4, 0xCDF4, 0xD5F4, 0xCDF4, 0xCDF4, 0xCDF4, 0xCDD4, 0xCDF4, 0xCDF4,
  0xCDF4, 0xCDD4, 0xCDD4, 0xCDF4, 0xD5F4, 0xCDF4, 0xCDF4, 0xCDF4, 0xD614, 0xD5F4, 0xCDF4, 0xD614,
  0xD5F4, 0xCDF4, 0xDE35, 0xA4F1, 0x8207, 0xD34B, 0x9207, 0x30C3, 0x1904, 0x9986, 0x4125, 0x08C3,
  0x6964, 0xD30B, 0x89E6, 0x9185, 0x1041, 0x0020, 0x0021, 0x0021, 0x0021, 0x0021, 0x0021, 0x0021,
  0x0021, 0x0021, 0x0021, 0x0021, 0x0021, 0x0021, 0x0021, 0x0021, 0x0021, 0x0021, 0x0021, 0x0021,
  0x0021, 0x0021, 0x0021, 0x0021, 0x0021, 0x0021, 0x0021, 0x0021, 0x0021, 0x0021, 0x0021, 0x0021,
  0x0021, 0x0021, 0x0021, 0x0021, 0x0021, 0x0021, 0x0021, 0x0021, 0x0021, 0x0021, 0x0021, 0x0021,
  0x0021, 0x0021, 0x0021, 0x0021, 0x0021, 0x0021, 0x0021, 0x0021, 0x0021, 0x0021, 0x0021, 0x0021,
  0x0021, 0x0021, 0x0021, 0x0021, 0x0021, 0x0021, 0x0021, 0x0021, 0x0020, 0xBA89, 0xEB8C, 0x81E6,
  0x40A2, 0x2904, 0x5144, 0x30E4, 0x5965, 0x69A6, 0x2924, 0x4185, 0x2965, 0x3185, 0x8BCD, 0xD615,
  0xCDD4, 0xD5F4, 0xD5F4, 0xD615, 0xD5F4, 0xCDF4, 0xCDF4, 0xCDF4, 0xCDF4, 0xD5F4, 0xD5F4, 0xD5F4,
  0xD5F4, 0xD5F4, 0xD5F4, 0xD5F4, 0xCDF4, 0xD5F4, 0xCDF4, 0xD5F4, 0xCDD4, 0xCDF4, 0xD614, 0xD615,
  0xD615, 0xCDF4, 0xCDD4, 0xCDF4, 0xCDD4, 0xCDD4, 0xCDF4, 0xCDF4, 0xCDF4, 0xCDF4, 0xCDD4, 0xCDD4,
  0xCDD4, 0xCDF4, 0xD5F4, 0xCDF4, 0xCDF4, 0xD5F4, 0xD5F4, 0xCDF4, 0xCDD4, 0xCDF4, 0xCDF4, 0xCDF4,
  0xCDF4, 0xCDF4, 0xD5F4, 0xD5F4, 0xCDF4, 0xCDF4, 0xCDF4, 0xCDF4, 0xD5F4, 0xCDF4, 0xCDF4, 0xD614,
  0xD614, 0xCDF4, 0xD5F4, 0xD5F4, 0xCDF4, 0xD615, 0xC5F4, 0x8288, 0xA247, 0x81E7, 0x48C3, 0x10E4,
  0x4945, 0x5945, 0x18C3, 0x30C3, 0xDACA, 0x9A48, 0x99A5, 0x30A2, 0x0000, 0x0021, 0x0021, 0x0021,
  0x0021, 0x0021, 0x0021, 0x0021, 0x0021, 0x0021, 0x0021, 0x0021, 0x0021, 0x0021, 0x0021, 0x0021,
  0x0021, 0x0021, 0x0021, 0x0021, 0x0021, 0x0021, 0x0021, 0x0021, 0x0021, 0x0021, 0x0021, 0x0021,
  0x0021, 0x0021, 0x0021, 0x0021, 0x0021, 0x0021, 0x0021, 0x0021, 0x0021, 0x0021, 0x0021, 0x0021,
  0x0021, 0x0021, 0x0021, 0x0021, 0x0021, 0x0021, 0x0021, 0x0021, 0x0021, 0x0021, 0x0021, 0x0021,
  0x0021, 0x0021, 0x0021, 0x0021, 0x0021, 0x0021, 0x0021, 0x0021, 0x0021, 0x0021, 0x0021, 0x0000,
  0x79A6, 0xF38C, 0xA289, 0x50C2, 0x6124, 0x3104, 0x2104, 0x30E3, 0x89C6, 0x1924, 0x5165, 0x5165,
  0x2145, 0x6B0A, 0xD5F4, 0xCDB3, 0xCDD4, 0xCDF4, 0xCDF4, 0xCDF4, 0xCDF4, 0xD5F4, 0xCDF4, 0xCDF4,
  0xCDF4, 0xCDF4, 0xCDF4, 0xCDF4, 0xCDF4, 0xCDF4, 0xD5F4, 0xCDF4, 0xCDF4, 0xD615, 0xD5F4, 0xCDF4,
  0xCDF4, 0xCDF4, 0xD5F4, 0xD615, 0xD5F4, 0xCDF4, 0xCDF4, 0xCDD4, 0xCDD4, 0xCDD4, 0xCDF4, 0xCDF4,
  0xCDF4, 0xCDF4, 0xCDF4, 0xCDF4, 0xCDF4, 0xD5F4, 0xD5F4, 0xCDD4, 0xD5F5, 0xD5F4, 0xCDF4, 0xCDF4,
  0xCDF4, 0xCDD4, 0xCDF4, 0xCDD4, 0xCDD4, 0xCDF4, 0xD5F4, 0xD5F4, 0xCDF4, 0xD5F4, 0xCDF4, 0xCDD4,
  0xCDD4, 0xD5F4, 0xCDF4, 0xCDF4, 0xCDF4, 0xCDF4, 0xCDF4, 0xD5F4, 0xCDD4, 0xD635, 0x8B6C, 0xD2CA,
  0xC32B, 0x48C2, 0x1882, 0x28E4, 0x4124, 0x1925, 0x18A2, 0xBA27, 0xB2A9, 0x91A5, 0x6103, 0x0000,
  0x0021, 0x0021, 0x0021, 0x0021, 0x0021, 0x0021, 0x0021, 0x0021, 0x0021, 0x0021, 0x0021, 0x0021,
  0x0021, 0x0021, 0x0021, 0x0021, 0x0021, 0x0021, 0x0021, 0x0021, 0x0021, 0x0021, 0x0021, 0x0021,
  0x0021, 0x0021, 0x0021, 0x0021, 0x0021, 0x0021, 0x0021, 0x0021, 0x0021, 0x0021, 0x0021, 0x0021,
  0x0021, 0x0021, 0x0021, 0x0021, 0x0021, 0x0021, 0x0021, 0x0021, 0x0021, 0x0021, 0x0021, 0x0021,
  0x0021, 0x0021, 0x0021, 0x0021, 0x0021, 0x0021, 0x0021, 0x0021, 0x0021, 0x0021, 0x0021, 0x0021,
  0x0021, 0x0841, 0x0000, 0x40E3, 0xF36C, 0xBB2B, 0x5903, 0x40E3, 0x6124, 0x1904, 0x18E3, 0x89E6,
  0x3124, 0x2965, 0x2965, 0x2965, 0x4A27, 0xC592, 0xD614, 0xCDD4, 0xCDD4, 0xCDF4, 0xCDF4, 0xCDD4,
  0xCDF4, 0xD615, 0xCDF4, 0xCDF4, 0xCDF4, 0xCDF4, 0xCDF4, 0xCDD4, 0xCDD4, 0xCDF4, 0xD5F4, 0xCDF4,
  0xCDF4, 0xD5F4, 0xCDF4, 0xCDD4, 0xCDF4, 0xCDF4, 0xCDF4, 0xCDF4, 0xCDF4, 0xCDF4, 0xCDF4, 0xCDD4,
  0xCDD4, 0xCDF4, 0xCDD4, 0xCDD4, 0xCDF4, 0xCDF4, 0xCDF4, 0xCDF4, 0xD5F4, 0xD5F5, 0xCDF4, 0xCDD4,
  0xCDF4, 0xCDD4, 0xCDD4, 0xCDF4, 0xCDF4, 0xCDD4, 0xCDF4, 0xCDD4, 0xCDF4, 0xCDD4, 0xCDF4, 0xD5F5,
  0xCDF4, 0xCDF4, 0xCDD4, 0xCDD4, 0xCDD4, 0xCDF4, 0xCDF4, 0xCDD4, 0xCDF4, 0xCDF4, 0xCDF4, 0xCDF4,
  0xDE55, 0x9C6F, 0xBA68, 0xE38C, 0x79A6, 0x58C3, 0x3104, 0x18E4, 0x1904, 0x10A3, 0x7965, 0xD30B,
  0x91C6, 0x8164, 0x0020, 0x0021, 0x0021, 0x0021, 0x0021, 0x0021, 0x0021, 0x0021, 0x0021, 0x0021,
  0x0021, 0x0021, 0x0021, 0x0021, 0x0021, 0x0021, 0x0021, 0x0021, 0x0021, 0x0021, 0x0021, 0x0021,
  0x0021, 0x0021, 0x0021, 0x0021, 0x0021, 0x0021, 0x0021, 0x0021, 0x0021, 0x0021, 0x0021, 0x0021,
  0x0021, 0x0021, 0x0021, 0x0021, 0x0021, 0x0021, 0x0021, 0x0021, 0x0021, 0x0021, 0x0021, 0x0021,
  0x0021, 0x0021, 0x0021, 0x0021, 0x0021, 0x0021, 0x0021, 0x0021, 0x0021, 0x0021, 0x0021, 0x0021,
  0x0021, 0x0021, 0x0021, 0x0021, 0x0021, 0x0020, 0x1061, 0xD2EA, 0xDB8C, 0x79A5, 0x20A2, 0x20C3,
  0x6124, 0x18E3, 0x79A6, 0x5165, 0x2145, 0x3165, 0x3165, 0x39C6, 0xACD0, 0xD615, 0xCDF4, 0xD5F4,
  0xCDF4, 0xCDD4, 0xCDD4, 0xCDF4, 0xD615, 0xD615, 0xCDF4, 0xCDF4, 0xCDF4, 0xD5F4, 0xD5F4, 0xCDF4,
  0xD5F4, 0xD5F4, 0xCDF4, 0xD5F4, 0xD5F4, 0xCDF4, 0xCDF4, 0xCDD4, 0xCDD4, 0xCDF4, 0xD5F4, 0xCDD4,
  0xCDF4, 0xCDF4, 0xCDD4, 0xCDD4, 0xCDF4, 0xCDF4, 0xCDD4, 0xCDF4, 0xCDF4, 0xCDF4, 0xCDF4, 0xCDD4,
  0xCDF4, 0xCDF4, 0xCDF4, 0xCDF4, 0xCDD4, 0xCDD3, 0xCDD4, 0xCDF4, 0xCDF4, 0xCDD4, 0xCDD4, 0xCDF4,
  0xD614, 0xD5F4, 0xCDD4, 0xCDD4, 0xCDF4, 0xCDF4, 0xCDF4, 0xD5F4, 0xD5F4, 0xD614, 0xCDF4, 0xCDF4,
  0xCDF4, 0xCDF4, 0xCDF4, 0xD615, 0xB552, 0x9268, 0xEB4C, 0x9A68, 0x38A2, 0x5923, 0x28E4, 0x2104,
  0x10C3, 0x5104, 0xBA89, 0x9227, 0x9985, 0x2061, 0x0020, 0x0021, 0x0021, 0x0021, 0x0021, 0x0021,
  0x0021, 0x0021, 0x0021, 0x0021, 0x0021, 0x0021, 0x0021, 0x0021, 0x0021, 0x0021, 0x0021, 0x0021,
  0x0021, 0x0021, 0x0021, 0x0021, 0x0021, 0x0021, 0x0021, 0x0021, 0x0021, 0x0021, 0x0021, 0x0021,
  0x0021, 0x0021, 0x0021, 0x0021, 0x0021, 0x0021, 0x0021, 0x0021, 0x0021, 0x0021, 0x0021, 0x0021,
  0x0021, 0x0021, 0x0021, 0x0021, 0x0021, 0x0021, 0x0021, 0x0021, 0x0021, 0x0021, 0x0021, 0x0021,
  0x0021, 0x0021, 0x0021, 0x0021, 0x0021, 0x0021, 0x0021, 0x0021, 0x0021, 0x0000, 0xA227, 0xF3AD,
  0x9227, 0x38A2, 0x1104, 0x2904, 0x48E3, 0x5124, 0x71A6, 0x1904, 0x3186, 0x2966, 0x3165, 0x83AD,
  0xDE35, 0xCDD4, 0xD5F4, 0xCDF4, 0xCDF4, 0xCDF4, 0xCDD4, 0xCDD4, 0xCDF4, 0xCDF4, 0xCDF4, 0xCDF4,
  0xCDF4, 0xD5F4, 0xCDF4, 0xCDF4, 0xD5F4, 0xD5F4, 0xD5F4, 0xD615, 0xD615, 0xCDF4, 0xCDF4, 0xCDD3,
  0xCDF4, 0xD5F4, 0xD5F4, 0xCDF4, 0xCDF4, 0xCDF4, 0xCDF4, 0xCDD4, 0xCDF4, 0xCDD4, 0xCDF4, 0xCDF4,
  0xCDF4, 0xCDF4, 0xCDF4, 0xCDD4, 0xCDD4, 0xD5F4, 0xD614, 0xD5F4, 0xCDF4, 0xCDF4, 0xCDF4, 0xCDF4,
  0xCDF4, 0xCDF4, 0xCDD4, 0xCDF4, 0xCDF4, 0xCDF4, 0xCDF4, 0xCDF4, 0xCDF4, 0xCDF4, 0xD5F5, 0xD5F4,
  0xCDF4, 0xCDF4, 0xCDF4, 0xD5F4, 0xCDF4, 0xCDF4, 0xD5F4, 0xCDF4, 0x82EA, 0xE32B, 0xBB0A, 0x58E3,
  0x20A2, 0x6103, 0x28E4, 0x1904, 0x28C3, 0xD2CA, 0xA289, 0x91A5, 0x48C3, 0x0000, 0x0021, 0x0021,
  0x0021, 0x0021, 0x0021, 0x0021, 0x0021, 0x0021, 0x0021, 0x0021, 0x0021, 0x0021, 0x0021, 0x0021,
  0x0021, 0x0021, 0x0021, 0x0021, 0x0021, 0x0021, 0x0021, 0x0021, 0x0021, 0x0021, 0x0021, 0x0021,
  0x0021, 0x0021, 0x0021, 0x0021, 0x0021, 0x0021, 0x0021, 0x0021, 0x0021, 0x0021, 0x0021, 0x0021,
  0x0021, 0x0021, 0x0021, 0x0021, 0x0021, 0x0021, 0x0021, 0x0021, 0x0021, 0x0021, 0x0021, 0x0021,
  0x0021, 0x0021, 0x0021, 0x0021, 0x0021, 0x0021, 0x0021, 0x0021, 0x0021, 0x0021, 0x0021, 0x0041,
  0x0000, 0x6165, 0xFB8C, 0xB2CA, 0x50E3, 0x10C3, 0x2104, 0x3104, 0x6103, 0x79A5, 0x2104, 0x3186,
  0x2965, 0x3185, 0x62EA, 0xCDD4, 0xCDF4, 0xCDF4, 0xCDF4, 0xCDF4, 0xCDF4, 0xD5F4, 0xCDF4, 0xCDF4,
  0xCDD4, 0xCDD4, 0xD615, 0xD5F4, 0xD5F4, 0xCDF4, 0xCDF4, 0xD615, 0xD5F4, 0xD5F4, 0xD615, 0xD615,
  0xD614, 0xCDF4, 0xCDF4, 0xCDF4, 0xCDD4, 0xCDD4, 0xCDD4, 0xCDF4, 0xCDF4, 0xD5F4, 0xCDF4, 0xCDF4,
  0xCDF4, 0xCDF4, 0xCDF4, 0xCDF4, 0xCDF4, 0xD615, 0xD615, 0xD5F4, 0xCDF4, 0xCDF4, 0xCDF4, 0xCDF4,
  0xCDF4, 0xCDF4, 0xCDD4, 0xCDD4, 0xCDF4, 0xCDD4, 0xCDD4, 0xCDD4, 0xCDD4, 0xCDF4, 0xD5F4, 0xCDF4,
  0xCDF4, 0xCDF4, 0xD5F4, 0xD615, 0xCDF4, 0xCDF4, 0xD615, 0xCDF4, 0xCDF4, 0xCDD4, 0xD635, 0x8BCD,
  0xCAA9, 0xDB6C, 0x7985, 0x20C3, 0x10C3, 0x6103, 0x3104, 0x10A3, 0xAA27, 0xC2EA, 0x91A6, 0x6924,
  0x0000, 0x0021, 0x0021, 0x0021, 0x0021, 0x0021, 0x0021, 0x0021, 0x0021, 0x0021, 0x0021, 0x0021,
  0x0021, 0x0021, 0x0021, 0x0021, 0x0021, 0x0021, 0x0021, 0x0021, 0x0021, 0x0021, 0x0021, 0x0021,
  0x0021, 0x0021, 0x0021, 0x0021, 0x0021, 0x0021, 0x0021, 0x0021, 0x0021, 0x0021, 0x0021, 0x0021,
  0x0021, 0x0021, 0x0021, 0x0021, 0x0021, 0x0021, 0x0021, 0x0021, 0x0021, 0x0021, 0x0021, 0x0021,
  0x0021, 0x0021, 0x0021, 0x0021, 0x0021, 0x0021, 0x0021, 0x0021, 0x0021, 0x0021, 0x0021, 0x0021,
  0x0021, 0x0021, 0x0021, 0x0000, 0x30A2, 0xEB4B, 0xCB4B, 0x7144, 0x18C3, 0x18E4, 0x1904, 0x28E3,
  0x91E6, 0x3124, 0x2145, 0x3186, 0x2965, 0x4207, 0xBD72, 0xD5F4, 0xCDD4, 0xCDF4, 0xCDF4, 0xCDF4,
  0xCDD4, 0xCDF4, 0xD5F4, 0xCDF4, 0xCDD4, 0xCDF4, 0xD5F4, 0xCDF4, 0xCDF4, 0xCDF4, 0xCDF4, 0xCDF4,
  0xCDD4, 0xD5F4, 0xCDF4, 0xCDF4, 0xCDF4, 0xCDF4, 0xCDD4, 0xCDD4, 0xCDF4, 0xCDD4, 0xCDF4, 0xCDF4,
  0xCDF4, 0xCDF4, 0xCDF4, 0xCDF4, 0xCDF4, 0xD5F4, 0xCDF4, 0xCDF4, 0xCDF4, 0xCDF4, 0xD615, 0xD5F4,
  0xCDF4, 0xCDF4, 0xCDF4, 0xCDF4, 0xCDD4, 0xCDD4, 0xCDD4, 0xCDF4, 0xCDF4, 0xCDD4, 0xCDF4, 0xCDD4,
  0xCDD4, 0xCDF4, 0xCDF4, 0xCDF4, 0xCDF4, 0xCDF4, 0xCDD4, 0xCDF4, 0xCDF4, 0xCDF4, 0xCDF4, 0xCDF4,
  0xCDD4, 0xD635, 0xA4D0, 0xAA68, 0xEB8C, 0x9207, 0x30A2, 0x1904, 0x18E4, 0x5903, 0x18A2, 0x7185,
  0xDB2B, 0x89E6, 0x8965, 0x1041, 0x0021, 0x0021, 0x0021, 0x0021, 0x0021, 0x0021, 0x0021, 0x0021,
  0x0021, 0x0021, 0x0021, 0x0021, 0x0021, 0x0021, 0x0021, 0x0021, 0x0021, 0x0021, 0x0021, 0x0021,
  0x0021, 0x0021, 0x0021, 0x0021, 0x0021, 0x0021, 0x0021, 0x0021, 0x0021, 0x0021, 0x0021, 0x0021,
  0x0021, 0x0021, 0x0021, 0x0021, 0x0021, 0x0021, 0x0021, 0x0021, 0x0021, 0x0021, 0x0021, 0x0021,
  0x0021, 0x0021, 0x0021, 0x0021, 0x0021, 0x0021, 0x0021, 0x0021, 0x0021, 0x0021, 0x0021, 0x0021,
  0x0021, 0x0021, 0x0021, 0x0021, 0x0021, 0x0021, 0x0021, 0x0841, 0xC2A9, 0xE38C, 0x81C6, 0x28A2,
  0x18E4, 0x2104, 0x10C3, 0x6165, 0x5165, 0x3965, 0x59A6, 0x2966, 0x39A6, 0x9C8F, 0xD615, 0xCDD4,
  0xCDD4, 0xCDF4, 0xCDF4, 0xCDF4, 0xCDD4, 0xCDF4, 0xD5F4, 0xCDF4, 0xD5F4, 0xD5F4, 0xCDF4, 0xCDF4,
  0xCDF4, 0xCDF4, 0xCDF4, 0xCDD4, 0xCDD4, 0xCDF4, 0xCDD4, 0xCDF4, 0xCDF4, 0xCDD4, 0xCDF4, 0xCDF4,
  0xCDF4, 0xCDF4, 0xCDF4, 0xCDD4, 0xCDF4, 0xCDF4, 0xCDF4, 0xCDF4, 0xCDD4, 0xCDF4, 0xCDF4, 0xCDD4,
  0xCDD4, 0xCDF4, 0xCDF4, 0xCDF4, 0xCDF4, 0xCDD4, 0xCDF4, 0xCDD4, 0xCDF4, 0xCDD4, 0xCDF4, 0xD5F4,
  0xCDF4, 0xD5F4, 0xD615, 0xCDF4, 0xCDF4, 0xCDF4, 0xCDF4, 0xCDF4, 0xCDF4, 0xCDF4, 0xCDD4, 0xCDF4,
  0xD5F4, 0xCDF4, 0xCDD4, 0xCDF4, 0xD5F4, 0xBDB3, 0x92A9, 0xEB4C, 0xAAC9, 0x48C3, 0x10C3, 0x20E4,
  0x2104, 0x5903, 0x48E3, 0xD2EA, 0x9248, 0x9185, 0x3082, 0x0000, 0x0021, 0x0021, 0x0021, 0x0021,
  0x0021, 0x0021, 0x0021, 0x0021, 0x0021, 0x0021, 0x0021, 0x0021, 0x0021, 0x0021, 0x0021, 0x0021,
  0x0021, 0x0021, 0x0021, 0x0021, 0x0021, 0x0021, 0x0021, 0x0021, 0x0021, 0x0021, 0x0021, 0x0021,
  0x0021, 0x0021, 0x0021, 0x0021, 0x0021, 0x0021, 0x0021, 0x0021, 0x0021, 0x0021, 0x0021, 0x0021,
  0x0021, 0x0021, 0x0021, 0x0021, 0x0021, 0x0021, 0x0021, 0x0021, 0x0021, 0x0021, 0x0021, 0x0021,
  0x0021, 0x0021, 0x0021, 0x0021, 0x0021, 0x0021, 0x0021, 0x0021, 0x0021, 0x0021, 0x0000, 0x9207,
  0xF3AC, 0x9A48, 0x40A2, 0x10E4, 0x2104, 0x10E3, 0x4124, 0x79C6, 0x1104, 0x4165, 0x4965, 0x3186,
  0x7B8C, 0xD614, 0xCDB3, 0xCDF4, 0xCDF4, 0xCDD4, 0xCDF4, 0xCDF4, 0xCDF4, 0xCDF4, 0xCDF4, 0xCDF4,
  0xCDF4, 0xCDF4, 0xCDF4, 0xCDF4, 0xCDF4, 0xCDF4, 0xCDF4, 0xCDD4, 0xCDD4, 0xCDD4, 0xCDD3, 0xCDF4,
  0xCDD4, 0xCDD4, 0xCDF4, 0xCDF4, 0xCDF4, 0xCDF4, 0xCDF4, 0xCDF4, 0xD5F4, 0xD5F4, 0xCDF4, 0xCDF4,
  0xCDF4, 0xCDF4, 0xCDD4, 0xCDF4, 0xD5F4, 0xCDF4, 0xCDF4, 0xCDF4, 0xCDD4, 0xCDD4, 0xCDD4, 0xCDD4,
  0xCDD4, 0xCDD4, 0xCDF4, 0xCDF4, 0xCDF4, 0xD615, 0xD615, 0xD5F4, 0xD5F4, 0xCDF4, 0xCDF4, 0xCDF4,
  0xCDD4, 0xCDF4, 0xCDF4, 0xCDF4, 0xCDF4, 0xCDF4, 0xCDD4, 0xCDF4, 0xD635, 0x8B4B, 0xDAEA, 0xCB4B,
  0x6924, 0x18C3, 0x20E4, 0x18E4, 0x2104, 0x48C2, 0xC268, 0xB2CA, 0x8985, 0x58E3, 0x0000, 0x0021,
  0x0021, 0x0021, 0x0021, 0x0021, 0x0021, 0x0021, 0x0021, 0x0021, 0x0021, 0x0021, 0x0021, 0x0021,
  0x0021, 0x0021, 0x0021, 0x0021, 0x0021, 0x0021, 0x0021, 0x0021, 0x0021, 0x0021, 0x0021, 0x0021,
  0x0021, 0x0021, 0x0021, 0x0021, 0x0021, 0x0021, 0x0021, 0x0021, 0x0021, 0x0021, 0x0021, 0x0021,
  0x0021, 0x0021, 0x0021, 0x0021, 0x0021, 0x0021, 0x0021, 0x0021, 0x0021, 0x0021, 0x0021, 0x0021,
  0x0021, 0x0021, 0x0021, 0x0021, 0x0021, 0x0021, 0x0021, 0x0021, 0x0021, 0x0021, 0x0021, 0x0021,
  0x0041, 0x0000, 0x5124, 0xF38C, 0xB2EA, 0x58E3, 0x18C3, 0x2104, 0x18E4, 0x28C3, 0x89C6, 0x2124,
  0x2965, 0x2966, 0x2965, 0x5AA9, 0xCDD4, 0xCDF4, 0xCDF4, 0xCDF4, 0xCDF4, 0xCDF4, 0xCDF4, 0xCDF4,
  0xD5F4, 0xCDD4, 0xCDD4, 0xCDF4, 0xCDF4, 0xCDF4, 0xCDF4, 0xCDF4, 0xD5F4, 0xD5F4, 0xCDD4, 0xCDF4,
  0xCDF4, 0xCDD4, 0xCDF4, 0xCDF4, 0xCDF4, 0xCDF4, 0xCDF4, 0xCDF4, 0xCDF4, 0xCDF4, 0xD5F4, 0xCDF4,
  0xCDF4, 0xD5F4, 0xCDF4, 0xCDD4, 0xD5F4, 0xCDF4, 0xD5F4, 0xD615, 0xCDF4, 0xCDD4, 0xCDF4, 0xCDF4,
  0xCDF4, 0xCDD4, 0xCDF4, 0xCDD4, 0xCDD4, 0xCDD4, 0xCDF4, 0xCDF4, 0xD5F4, 0xD615, 0xD5F4, 0xCDF4,
  0xCDF4, 0xCDF4, 0xD5F4, 0xCDF4, 0xCDD3, 0xCDF4, 0xCDF4, 0xD5F4, 0xCDF4, 0xCDF4, 0xCDD4, 0xDE35,
  0x9C6F, 0xBA89, 0xE38C, 0x81A6, 0x28A3, 0x1904, 0x20E4, 0x2104, 0x0882, 0x8185, 0xCB0A, 0x91C6,
  0x8144, 0x0020, 0x0021, 0x0021, 0x0021, 0x0021, 0x0021, 0x0021, 0x0021, 0x0021, 0x0021, 0x0021,
  0x0021, 0x0021, 0x0021, 0x0021, 0x0021, 0x0021, 0x0021, 0x0021, 0x0021, 0x0021, 0x0021, 0x0021,
  0x0021, 0x0021, 0x0021, 0x0021, 0x0021, 0x0021, 0x0021, 0x0021, 0x0021, 0x0021, 0x0021, 0x0021,
  0x0021, 0x0021, 0x0021, 0x0021, 0x0021, 0x0021, 0x0021, 0x0021, 0x0021, 0x0021, 0x0021, 0x0021,
  0x0021, 0x0021, 0x0021, 0x0021, 0x0021, 0x0021, 0x0021, 0x0021, 0x0021, 0x0021, 0x0021, 0x0021,
  0x0021, 0x0021, 0x0021, 0x0841, 0x0000, 0x2082, 0xE30A, 0xD36C, 0x7165, 0x20C3, 0x1904, 0x2104,
  0x10C3, 0x81C6, 0x3944, 0x2145, 0x2965, 0x2965, 0x41E6, 0xB511, 0xD5F4, 0xCDD4, 0xCDF4, 0xCDF4,
  0xCDF4, 0xD5F4, 0xCDF4, 0xCDD4, 0xCDD4, 0xCDD4, 0xCDD4, 0xCDF4, 0xCDD4, 0xCDD4, 0xCDF4, 0xCDD4,
  0xCDF4, 0xCDF4, 0xCDF4, 0xCDF4, 0xCDF4, 0xCDF4, 0xCDF4, 0xCDF4, 0xCDF4, 0xCDD4, 0xCDF4, 0xCDF4,
  0xCDD4, 0xCDF4, 0xCDF4, 0xCDF4, 0xCDD4, 0xCDF4, 0xCDF4, 0xCDD4, 0xCDD4, 0xD5F4, 0xD5F4, 0xD5F4,
  0xCDF4, 0xCDD4, 0xCDF4, 0xCDF4, 0xCDF4, 0xCDF4, 0xCDD4, 0xCDD4, 0xCDD4, 0xCDD4, 0xCDF4, 0xCDF4,
  0xCDF4, 0xCDF4, 0xCDF4, 0xCDF4, 0xCDF4, 0xD5F4, 0xD5F4, 0xCDF4, 0xCDF4, 0xCDF4, 0xCDF4, 0xCDF4,
  0xCDF4, 0xCDD4, 0xD615, 0xB572, 0x9248, 0xEB6C, 0x9A48, 0x38A2, 0x18E4, 0x20E4, 0x2104, 0x10C3,
  0x5904, 0xC2C9, 0x8A07, 0x9985, 0x2061, 0x0020, 0x0021, 0x0021, 0x0021, 0x0021, 0x0021, 0x0021,
  0x0021, 0x0021, 0x0021, 0x0021, 0x0021, 0x0021, 0x0021, 0x0021, 0x0021, 0x0021, 0x0021, 0x0021,
  0x0021, 0x0021, 0x0021, 0x0021, 0x0021, 0x0021, 0x0021, 0x0021, 0x0021, 0x0021, 0x0021, 0x0021,
  0x0021, 0x0021, 0x0021, 0x0021, 0x0021, 0x0021, 0x0021, 0x0021, 0x0021, 0x0021, 0x0021, 0x0021,
  0x0021, 0x0021, 0x0021, 0x0021, 0x0021, 0x0021, 0x0021, 0x0021, 0x0021, 0x0021, 0x0021, 0x0021,
  0x0021, 0x0021, 0x0021, 0x0021, 0x0021, 0x0021, 0x0000, 0x0000, 0x0821, 0xBA89, 0xEBAD, 0x89E6,
  0x30A2, 0x1904, 0x2104, 0x10C3, 0x6985, 0x6185, 0x1924, 0x3165, 0x2965, 0x39A6, 0x944E, 0xD615,
  0xCDD4, 0xD5F4, 0xD5F4, 0xD5F4, 0xCDF4, 0xD5F4, 0xCDF4, 0xCDD4, 0xCDD4, 0xCDD4, 0xCDF4, 0xCDF4,
  0xCDD4, 0xCDD4, 0xCDD4, 0xCDD4, 0xD5F4, 0xCDF4, 0xCDF4, 0xCDF4, 0xCDF4, 0xCDF4, 0xCDF4, 0xCDD4,
  0xCDD4, 0xCDF4, 0xCDF4, 0xCDD4, 0xCDD4, 0xCDD4, 0xCDF4, 0xD5F4, 0xCDF4, 0xCDF4, 0xD5F4, 0xCDF4,
  0xCDF4, 0xD5F4, 0xD5F4, 0xCDF4, 0xCDD4, 0xCDF4, 0xCDD4, 0xCDD4, 0xCDF4, 0xCDF4, 0xD5F4, 0xCDF4,
  0xCDD4, 0xCDD4, 0xCDF4, 0xCDF4, 0xCDD4, 0xCDF4, 0xCDF4, 0xCDF4, 0xCDF4, 0xD5F4, 0xD5F4, 0xD5F4,
  0xD5F4, 0xCDF4, 0xCDF4, 0xCDF4, 0xCDF4, 0xD5F4, 0xCE14, 0x7268, 0xBAA9, 0xB2CA, 0x58E3, 0x18E3,
  0x20E4, 0x20E4, 0x18E4, 0x30E3, 0xD2EA, 0xAAA9, 0x91A5, 0x40C2, 0x0000, 0x0021, 0x0021, 0x0021,
  0x0021, 0x0021, 0x0021, 0x0021, 0x0021, 0x0021, 0x0021, 0x0021, 0x0021, 0x0021, 0x0021, 0x0021,
  0x0021, 0x0021, 0x0021, 0x0021, 0x0021, 0x0021, 0x0021, 0x0021, 0x0021, 0x0021, 0x0021, 0x0021,
  0x0021, 0x0021, 0x0021, 0x0021, 0x0021, 0x0021, 0x0021, 0x0021, 0x0021, 0x0021, 0x0021, 0x0021,
  0x0021, 0x0021, 0x0021, 0x0021, 0x0021, 0x0021, 0x0021, 0x0021, 0x0021, 0x0021, 0x0021, 0x0021,
  0x0021, 0x0021, 0x0021, 0x0021, 0x0021, 0x0021, 0x0021, 0x0021, 0x0021, 0x0000, 0x3924, 0x20A2,
  0x5944, 0xE34B, 0xA289, 0x48C3, 0x10E4, 0x2104, 0x10E4, 0x4924, 0x79A5, 0x1904, 0x3186, 0x2965,
  0x3165, 0x734B, 0xD615, 0xCDD4, 0xCDF4, 0xCDF4, 0xCDF4, 0xCDF4, 0xCDD4, 0xCDF4, 0xCDD4, 0xCDD4,
  0xCDD4, 0xCDF4, 0xCDF4, 0xCDD4, 0xCDD4, 0xCDD4, 0xCDD3, 0xCDD4, 0xCDF4, 0xCDD4, 0xCDD4, 0xCDD4,
  0xCDD4, 0xCDF4, 0xCDD4, 0xCDD4, 0xCDD4, 0xCDD4, 0xCDD4, 0xCDF4, 0xCDF4, 0xCDD4, 0xCDF4, 0xD5F4,
  0xD615, 0xCDF4, 0xCDF4, 0xCDF4, 0xCDF4, 0xCDF4, 0xCDF4, 0xCDD4, 0xCDD4, 0xCDF4, 0xCDD4, 0xCDD4,
  0xCDF4, 0xD615, 0xD615, 0xCDF4, 0xCDD4, 0xCDF4, 0xCDF4, 0xCDF4, 0xCDF4, 0xCDF4, 0xD5F4, 0xCDF4,
  0xD5F4, 0xCDF4, 0xCDF4, 0xD615, 0xD5F4, 0xD5F4, 0xCDF4, 0xCDF4, 0xCDD4, 0xD635, 0x8BAD, 0xA227,
  0x9A68, 0x7144, 0x20C3, 0x1904, 0x20E4, 0x2104, 0x10A3, 0xB248, 0xC30B, 0x89A6, 0x6924, 0x0000,
  0x0021, 0x0021, 0x0021, 0x0021, 0x0021, 0x0021, 0x0021, 0x0021, 0x0021, 0x0021, 0x0021, 0x0021,
  0x0021, 0x0021, 0x0021, 0x0021, 0x0021, 0x0021, 0x0021, 0x0021, 0x0021, 0x0021, 0x0021, 0x0021,
  0x0021, 0x0021, 0x0021, 0x0021, 0x0021, 0x0021, 0x0021, 0x0021, 0x0021, 0x0021, 0x0021, 0x0021,
  0x0021, 0x0021, 0x0021, 0x0021, 0x0021, 0x0021, 0x0021, 0x0021, 0x0021, 0x0021, 0x0021, 0x0021,
  0x0021, 0x0021, 0x0021, 0x0021, 0x0021, 0x0021, 0x0021, 0x0021, 0x0021, 0x0021, 0x0021, 0x0041,
  0x0000, 0x4144, 0xEB6C, 0xDB6C, 0xBB0A, 0x9A89, 0x5124, 0x20E3, 0x2104, 0x1904, 0x20C3, 0x91E6,
  0x2104, 0x2965, 0x3166, 0x2965, 0x5268, 0xC5B3, 0xCDF4, 0xCDD4, 0xCDD4, 0xCDF4, 0xCDF4, 0xCDF4,
  0xCDF4, 0xCDF4, 0xCDB3, 0xCDD4, 0xCDF4, 0xCDD4, 0xCDD4, 0xCDD4, 0xCDD4, 0xCDD4, 0xCDD4, 0xCDD4,
  0xCDF4, 0xCDD4, 0xCDD4, 0xCDD4, 0xCDD4, 0xCDF4, 0xCDD4, 0xCDD4, 0xCDD4, 0xCDD4, 0xCDF4, 0xCDF4,
  0xCDF4, 0xCDF4, 0xCDF4, 0xCDF4, 0xD5F4, 0xCDF4, 0xCDD4, 0xCDF4, 0xD5F4, 0xCDD4, 0xCDD4, 0xCDD4,
  0xCDD4, 0xCDF4, 0xCDD4, 0xCDF4, 0xCDF4, 0xD615, 0xD5F4, 0xCDF4, 0xCDF4, 0xCDF4, 0xCDF4, 0xCDF4,
  0xCDF4, 0xCDF4, 0xCDF4, 0xCDF4, 0xD5F4, 0xCDF4, 0xCDF4, 0xD5F4, 0xCDF4, 0xCDF4, 0xD5F4, 0xCDF4,
  0xDE55, 0xA4B0, 0xAA48, 0xEB8C, 0x81E6, 0x2881, 0x2104, 0x18E4, 0x2104, 0x10C3, 0x6944, 0xCAEA,
  0x89E6, 0x8965, 0x0841, 0x0021, 0x0021, 0x0021, 0x0021, 0x0021, 0x0021, 0x0021, 0x0021, 0x0021,
  0x0021, 0x0021, 0x0021, 0x0021, 0x0021, 0x0021, 0x0021, 0x0021, 0x0021, 0x0021, 0x0021, 0x0021,
  0x0021, 0x0021, 0x0021, 0x0021, 0x0021, 0x0021, 0x0021, 0x0021, 0x0021, 0x0021, 0x0021, 0x0021,
  0x0021, 0x0021, 0x0021, 0x0021, 0x0021, 0x0021, 0x0021, 0x0021, 0x0021, 0x0021, 0x0021, 0x0021,
  0x0021, 0x0021, 0x0021, 0x0021, 0x0021, 0x0021, 0x0021, 0x0021, 0x0021, 0x0021, 0x0021, 0x0021,
  0x0021, 0x0021, 0x0021, 0x0000, 0x20E3, 0xDB8C, 0xEB0A, 0xE30A, 0xF38C, 0xC34C, 0x30C2, 0x2104,
  0x2124, 0x10C3, 0x81A5, 0x3924, 0x3945, 0x79C6, 0x2986, 0x39C6, 0xACD0, 0xD614, 0xCDD4, 0xCDF4,
  0xCDD4, 0xCDD4, 0xCDF4, 0xCDF4, 0xCDD4, 0xCDF4, 0xCDF4, 0xCDD4, 0xCDF4, 0xCDD4, 0xCDD4, 0xCDD4,
  0xCDD4, 0xCDD4, 0xCDF4, 0xCDD4, 0xCDD4, 0xCDD4, 0xCDD4, 0xCDD4, 0xCDD4, 0xCDD4, 0xCDD4, 0xCDF4,
  0xCDF4, 0xCDD4, 0xCDD4, 0xCDF4, 0xCDF4, 0xCDF4, 0xCDF4, 0xCDF4, 0xCDF4, 0xD5F4, 0xD5F4, 0xCDF4,
  0xCDD4, 0xCDD4, 0xCDD4, 0xCDD4, 0xCDF4, 0xCDF4, 0xCDF4, 0xCDF4, 0xCDF4, 0xCDF4, 0xCDF4, 0xCDF4,
  0xCDF4, 0xCDF4, 0xCDD4, 0xCDD4, 0xCDF4, 0xCDD4, 0xCDD4, 0xCDF4, 0xCDF4, 0xCDF4, 0xCDD4, 0xCDF4,
  0xCDF4, 0xCDF4, 0xCDF4, 0xD615, 0xBDB3, 0x92A9, 0xEB2B, 0x9A68, 0x58E3, 0x38E3, 0x18E4, 0x20E4,
  0x10E4, 0x4904, 0xD2EA, 0x9227, 0x9185, 0x2882, 0x0000, 0x0021, 0x0021, 0x0021, 0x0021, 0x0021,
  0x0021, 0x0021, 0x0021, 0x0021, 0x0021, 0x0021, 0x0021, 0x0021, 0x0021, 0x0021, 0x0021, 0x0021,
  0x0021, 0x0021, 0x0021, 0x0021, 0x0021, 0x0021, 0x0021, 0x0021, 0x0021, 0x0021, 0x0021, 0x0021,
  0x0021, 0x0021, 0x0021, 0x0021, 0x0021, 0x0021, 0x0021, 0x0021, 0x0021, 0x0021, 0x0021, 0x0021,
  0x0021, 0x0021, 0x0021, 0x0021, 0x0021, 0x0021, 0x0021, 0x0021, 0x0021, 0x0021, 0x0021, 0x0021,
  0x0021, 0x0021, 0x0021, 0x0021, 0x0021, 0x0021, 0x0041, 0x0000, 0x69C6, 0xCB8C, 0xD3CD, 0xE38C,
  0xCB4B, 0x91E6, 0x48E3, 0x1904, 0x10C3, 0x6145, 0x6185, 0x1925, 0x3165, 0x3144, 0x3186, 0x8C0E,
  0xD635, 0xCDD4, 0xCDF4, 0xCDD4, 0xCDF4, 0xCDD4, 0xCDD4, 0xCDD4, 0xCDF4, 0xCDF4, 0xCDF4, 0xCDF4,
  0xCDD4, 0xCDF4, 0xCDD4, 0xCDD3, 0xCDD4, 0xCDF4, 0xCDF4, 0xCDF4, 0xCDD4, 0xCDF4, 0xCDF4, 0xCDF4,
  0xCDF4, 0xCDF4, 0xCDF4, 0xCDF4, 0xCDF4, 0xCDD4, 0xCDD4, 0xCDF4, 0xCDF4, 0xCDF4, 0xCDF4, 0xCDF4,
  0xD5F4, 0xD615, 0xD5F4, 0xCDD4, 0xCDF4, 0xCDF4, 0xCDD4, 0xCDD4, 0xCDF4, 0xCDF4, 0xCDF4, 0xCDF4,
  0xCDD4, 0xCDD4, 0xCDD4, 0xCDF4, 0xCDF4, 0xCDD4, 0xCDD4, 0xCDF4, 0xCDF4, 0xCDD4, 0xCDD4, 0xCDD4,
  0xCDF4, 0xCDF4, 0xCDF4, 0xD5F4, 0xD5F4, 0xCDF4, 0xD5F4, 0xD635, 0x830A, 0xE30A, 0xCB4B, 0x50E3,
  0x48E3, 0x4924, 0x10E4, 0x1904, 0x20A2, 0xC289, 0xB2CA, 0x99A5, 0x50E3, 0x0000, 0x0021, 0x0021,
  0x0021, 0x0021, 0x0021, 0x0021, 0x0021, 0x0021, 0x0021, 0x0021, 0x0021, 0x0021, 0x0021, 0x0021,
  0x0021, 0x0021, 0x0021, 0x0021, 0x0021, 0x0021, 0x0021, 0x0021, 0x0021, 0x0021, 0x0021, 0x0021,
  0x0021, 0x0021, 0x0021, 0x0021, 0x0021, 0x0021, 0x0021, 0x0021, 0x0021, 0x0021, 0x0021, 0x0021,
  0x0021, 0x0021, 0x0021, 0x0021, 0x0021, 0x0021, 0x0021, 0x0021, 0x0021, 0x0021, 0x0021, 0x0021,
  0x0021, 0x0021, 0x0021, 0x0021, 0x0021, 0x0021, 0x0021, 0x0021, 0x0021, 0x0021, 0x0021, 0x0000,
  0x7965, 0xB227, 0xAA68, 0xBB0A, 0x8A07, 0x9165, 0x4904, 0x10E3, 0x4104, 0x81C6, 0x1904, 0x3186,
  0x2986, 0x2965, 0x62EA, 0xD5F4, 0xCDD4, 0xCDF4, 0xCDF4, 0xCDF4, 0xCDD4, 0xCDD4, 0xCDD3, 0xCDD4,
  0xCDD4, 0xCDD4, 0xCDF4, 0xCDF4, 0xCDF4, 0xCDD4, 0xCDD4, 0xCDD4, 0xCDD4, 0xCDF4, 0xCDF4, 0xCDF4,
  0xCDD4, 0xCDF4, 0xD5F4, 0xCDF4, 0xCDF4, 0xCDF4, 0xCDF4, 0xCDF4, 0xCDD4, 0xCDD4, 0xCDD4, 0xCDF4,
  0xCDF4, 0xCDD4, 0xCDD4, 0xCDF4, 0xD5F4, 0xCDF4, 0xCDD4, 0xCDD4, 0xCDF4, 0xCDF4, 0xCDD4, 0xCDF4,
  0xCDF4, 0xCDD4, 0xCDD4, 0xCDF4, 0xCDF4, 0xCDF4, 0xD5F4, 0xCDD4, 0xCDD4, 0xCDD4, 0xCDF4, 0xCDF4,
  0xCDF4, 0xCDF4, 0xCDF4, 0xCDD4, 0xCDD4, 0xCDF4, 0xD614, 0xCDF4, 0xD5F4, 0xCDD4, 0xDE35, 0x942E,
  0xC289, 0xE36C, 0x81A6, 0x28A2, 0x5103, 0x38E3, 0x1904, 0x10A2, 0x99E6, 0xCB0B, 0x89C6, 0x7944,
  0x0020, 0x0021, 0x0021, 0x0021, 0x0021, 0x0021, 0x0021, 0x0021, 0x0021, 0x0021, 0x0021, 0x0021,
  0x0021, 0x0021, 0x0021, 0x0021, 0x0021, 0x0021, 0x0021, 0x0021, 0x0021, 0x0021, 0x0021, 0x0021,
  0x0021, 0x0021, 0x0021, 0x0021, 0x0021, 0x0021, 0x0021, 0x0021, 0x0021, 0x0021, 0x0021, 0x0021,
  0x0021, 0x0021, 0x0021, 0x0021, 0x0021, 0x0021, 0x0021, 0x0021, 0x0021, 0x0021, 0x0021, 0x0021,
  0x0021, 0x0021, 0x0021, 0x0021, 0x0021, 0x0021, 0x0021, 0x0021, 0x0021, 0x0021, 0x0021, 0x0021,
  0x0021, 0x0021, 0x0021, 0x0000, 0x7185, 0xC268, 0xB227, 0xBA48, 0x89A6, 0x91A5, 0x40E3, 0x20E3,
  0x89E6, 0x2904, 0x2965, 0x2965, 0x3165, 0x4A27, 0xC572, 0xCDD4, 0xCDD4, 0xCDF4, 0xCDF4, 0xCDF4,
  0xCDD4, 0xCDD4, 0xCDD4, 0xCDD4, 0xCDF4, 0xCDD4, 0xCDD4, 0xCDF4, 0xCDF4, 0xCDD4, 0xCDF4, 0xCDF4,
  0xCDF4, 0xCDF4, 0xD5F4, 0xCDF4, 0xCDD4, 0xCDD4, 0xCDD4, 0xCDD4, 0xCDF4, 0xCDF4, 0xCDF4, 0xCDF4,
  0xCDF4, 0xCDF4, 0xCDF4, 0xCDF4, 0xCDD4, 0xCDD4, 0xCDD4, 0xD5F5, 0xD5F4, 0xCDF4, 0xCDF4, 0xCDF4,
  0xCDF4, 0xCDF4, 0xCDF4, 0xCDF4, 0xCDF4, 0xCDF4, 0xCDF4, 0xCDF4, 0xD5F4, 0xD615, 0xD614, 0xD5F4,
  0xCDF4, 0xCDF4, 0xCDF4, 0xCDF4, 0xCDF4, 0xD615, 0xD5F4, 0xCDF4, 0xD5F4, 0xD615, 0xD615, 0xCDD4,
  0xCDD4, 0xDE35, 0xAD11, 0xA268, 0xF38C, 0x9227, 0x38C2, 0x1104, 0x4903, 0x4903, 0x08C3, 0x6124,
  0xE32B, 0x9227, 0x8965, 0x1841, 0x0020, 0x0021, 0x0021, 0x0021, 0x0021, 0x0021, 0x0021, 0x0021,
  0x0021, 0x0021, 0x0021, 0x0021, 0x0021, 0x0021, 0x0021, 0x0021, 0x0021, 0x0021, 0x0021, 0x0021,
  0x0021, 0x0021, 0x0021, 0x0021, 0x0021, 0x0021, 0x0021, 0x0021, 0x0021, 0x0021, 0x0021, 0x0021,
  0x0021, 0x0021, 0x0021, 0x0021, 0x0021, 0x0021, 0x0021, 0x0021, 0x0021, 0x0021, 0x0021, 0x0021,
  0x0021, 0x0021, 0x0021, 0x0021, 0x0021, 0x0021, 0x0021, 0x0021, 0x0021, 0x0021, 0x0021, 0x0021,
  0x0021, 0x0021, 0x0021, 0x0021, 0x0021, 0x0021, 0x0021, 0x0000, 0x7985, 0xBA48, 0xAA27, 0xB248,
  0x89C6, 0x91A5, 0x30A2, 0x79A6, 0x4945, 0x2145, 0x3186, 0x2965, 0x39A6, 0xA4D0, 0xD615, 0xCDB3,
  0xCDD4, 0xCDF4, 0xD5F4, 0xCDF4, 0xCDD4, 0xCDF4, 0xCDD4, 0xCDD4, 0xCDD4, 0xCDD4, 0xCDD4, 0xCDF4,
  0xCDF4, 0xCDF4, 0xCDF4, 0xCDF4, 0xCDF4, 0xCDF4, 0xCDF4, 0xCDF4, 0xCDF4, 0xCDD4, 0xCDD4, 0xCDD3,
  0xCDD4, 0xCDF4, 0xCDF4, 0xCDF4, 0xCDF4, 0xCDF4, 0xCDF4, 0xCDF4, 0xCDD4, 0xCDD4, 0xCDF4, 0xCDF4,
  0xCDF4, 0xCDF4, 0xD5F4, 0xCDF4, 0xCDF4, 0xCDD4, 0xCDF4, 0xCDD4, 0xCDD4, 0xCDF4, 0xCDF4, 0xCDF4,
  0xCDF4, 0xCDF4, 0xCDF4, 0xCDF4, 0xCDF4, 0xCDF4, 0xCDD4, 0xCDD4, 0xCDD4, 0xCDF4, 0xCDF4, 0xCDF4,
  0xCDF4, 0xD614, 0xCDF4, 0xCDF4, 0xD5F4, 0xC5F4, 0x8AC9, 0xEB2B, 0xBAEA, 0x50E3, 0x18E3, 0x1904,
  0x5124, 0x38E3, 0x28A2, 0xCAA9, 0xA268, 0x9185, 0x38A2, 0x0000, 0x0021, 0x0021, 0x0021, 0x0021,
  0x0021, 0x0021, 0x0021, 0x0021, 0x0021, 0x0021, 0x0021, 0x0021, 0x0021, 0x0021, 0x0021, 0x0021,
  0x0021, 0x0021, 0x0021, 0x0021, 0x0021, 0x0021, 0x0021, 0x0021, 0x0021, 0x0021, 0x0021, 0x0021,
  0x0021, 0x0021, 0x0021, 0x0021, 0x0021, 0x0021, 0x0021, 0x0021, 0x0021, 0x0021, 0x0021, 0x0021,
  0x0021, 0x0021, 0x0021, 0x0021, 0x0021, 0x0021, 0x0021, 0x0021, 0x0021, 0x0021, 0x0021, 0x0021,
  0x0021, 0x0021, 0x0021, 0x0021, 0x0021, 0x0021, 0x0021, 0x0021, 0x0021, 0x0021, 0x0821, 0x0000,
  0x6944, 0xBA27, 0xBA27, 0xBA68, 0x89C6, 0x89A5, 0x6964, 0x5965, 0x1925, 0x3186, 0x2965, 0x3165,
  0x83CD, 0xD614, 0xCDD4, 0xCDF4, 0xCDD4, 0xCDD4, 0xCDF4, 0xCDF4, 0xCDF4, 0xCDD4, 0xCDD4, 0xCDD4,
  0xCDD4, 0xCDF4, 0xCDF4, 0xCDF4, 0xCDF4, 0xCDF4, 0xCDF4, 0xCDF4, 0xCDF4, 0xCDF4, 0xCDF4, 0xCDF4,
  0xCDF4, 0xCDD4, 0xCDD4, 0xCDD4, 0xCDF4, 0xCDD4, 0xCDD4, 0xCDF4, 0xCDF4, 0xCDF4, 0xD5F4, 0xCDF4,
  0xCDF4, 0xCDF4, 0xCDD4, 0xCDD4, 0xCDD4, 0xCDD4, 0xCDD4, 0xD5F4, 0xCDF4, 0xCDD4, 0xCDD4, 0xCDD4,
  0xCDF4, 0xD5F4, 0xD5F4, 0xCDF4, 0xCDF4, 0xCDF4, 0xCDF4, 0xCDF4, 0xCDF4, 0xCDF4, 0xCDF4, 0xCDF4,
  0xCDF4, 0xCDF4, 0xCDF4, 0xCDD4, 0xCDF4, 0xCDF4, 0xCDF4, 0xCDD4, 0xD635, 0x8B8C, 0xD2EA, 0xD36C,
  0x6924, 0x18C3, 0x2104, 0x20E4, 0x5104, 0x30A2, 0xA227, 0xBAEA, 0x89A5, 0x6123, 0x0000, 0x0021,
  0x0021, 0x0021, 0x0021, 0x0021, 0x0021, 0x0021, 0x0021, 0x0021, 0x0021, 0x0021, 0x0021, 0x0021,
  0x0021, 0x0021, 0x0021, 0x0021, 0x0021, 0x0021, 0x0021, 0x0021, 0x0021, 0x0021, 0x0021, 0x0021,
  0x0021, 0x0021, 0x0021, 0x0021, 0x0021, 0x0021, 0x0021, 0x0021, 0x0021, 0x0021, 0x0021, 0x0021,
  0x0021, 0x0021, 0x0021, 0x0021, 0x0021, 0x0021, 0x0021, 0x0021, 0x0021, 0x0021, 0x0021, 0x0021,
  0x0021, 0x0021, 0x0021, 0x0021, 0x0021, 0x0021, 0x0021, 0x0021, 0x0021, 0x0021, 0x0021, 0x0021,
  0x0021, 0x0021, 0x0000, 0x4903, 0x99E6, 0x6185, 0x8A06, 0x91A5, 0x7944, 0x8144, 0x4903, 0x2104,
  0x3965, 0x2945, 0x2965, 0x62EA, 0xCDD3, 0xCDD3, 0xCDF4, 0xD5F4, 0xCDF4, 0xCDF4, 0xCDD4, 0xCDF4,
  0xCDF4, 0xCDF4, 0xCDD4, 0xCDD4, 0xCDD4, 0xCDD4, 0xCDF4, 0xCDF4, 0xCDD4, 0xCDF4, 0xD5F4, 0xD5F4,
  0xD5F4, 0xCDF4, 0xCDD4, 0xCDF4, 0xCDF4, 0xCDF4, 0xCDD4, 0xCDD4, 0xCDF4, 0xCDF4, 0xCDD4, 0xCDD4,
  0xCDD4, 0xCDD4, 0xD5F4, 0xD5F4, 0xCDF4, 0xCDD4, 0xCDD4, 0xCDD4, 0xCDF4, 0xCDD4, 0xCDD4, 0xCDD4,
  0xCDF4, 0xCDF4, 0xCDF4, 0xCDD4, 0xCDF4, 0xCDF4, 0xCDF4, 0xCDF4, 0xD5F4, 0xD5F4, 0xCDF4, 0xCDF4,
  0xCDF4, 0xCDF4, 0xCDF4, 0xCDD4, 0xCDF4, 0xCDF4, 0xCDF4, 0xCDD4, 0xCDF4, 0xCDF4, 0xCDF4, 0xDE35,
  0x9C90, 0xB268, 0xEB8C, 0x89E6, 0x28A2, 0x1904, 0x4925, 0x2925, 0x38C3, 0x8985, 0xD30B, 0x89E6,
  0x8164, 0x0821, 0x0021, 0x0021, 0x0021, 0x0021, 0x0021, 0x0021, 0x0021, 0x0021, 0x0021, 0x0021,
  0x0021, 0x0021, 0x0021, 0x0021, 0x0021, 0x0021, 0x0021, 0x0021, 0x0021, 0x0021, 0x0021, 0x0021,
  0x0021, 0x0021, 0x0021, 0x0021, 0x0021, 0x0021, 0x0021, 0x0021, 0x0021, 0x0021, 0x0021, 0x0021,
  0x0021, 0x0021, 0x0021, 0x0021, 0x0021, 0x0021, 0x0021, 0x0021, 0x0021, 0x0021, 0x0021, 0x0021,
  0x0021, 0x0021, 0x0021, 0x0021, 0x0021, 0x0021, 0x0021, 0x0021, 0x0021, 0x0021, 0x0021, 0x0021,
  0x0021, 0x0021, 0x0021, 0x0021, 0x0021, 0x0000, 0x28C2, 0xDB0A, 0xA289, 0xAD11, 0xC5B3, 0x93ED,
  0x72C9, 0x61A6, 0x18C3, 0x3104, 0x6124, 0x2945, 0x4A48, 0xBD52, 0xCDD4, 0xCDD4, 0xCDD4, 0xCDF4,
  0xCDF4, 0xCDF4, 0xCDD4, 0xCDF4, 0xCDF4, 0xCDF4, 0xCDD4, 0xD5F4, 0xCDF4, 0xCDF4, 0xD5F4, 0xCDD4,
  0xCDD4, 0xCDD4, 0xCDF4, 0xCDF4, 0xCDF4, 0xCDD4, 0xCDD4, 0xCDF4, 0xD5F4, 0xCDF4, 0xCDF4, 0xD5F4,
  0xCDF4, 0xCDF4, 0xCDD4, 0xCDF4, 0xCDF4, 0xCDF4, 0xD5F4, 0xCDF4, 0xCDF4, 0xCDF4, 0xD5F4, 0xD615,
  0xD615, 0xCDF4, 0xCDF4, 0xCDF4, 0xCDF4, 0xCDD4, 0xCDF4, 0xCDD4, 0xCDF4, 0xCDF4, 0xCDF4, 0xCDF4,
  0xCDF4, 0xCDF4, 0xCDF4, 0xCDF4, 0xCDF4, 0xCDF4, 0xD5F4, 0xCDF4, 0xCDF4, 0xCDF4, 0xCDF4, 0xCDD4,
  0xCDF4, 0xCDD4, 0xD614, 0xBD93, 0x9288, 0xEB6C, 0xA289, 0x48E3, 0x10E4, 0x4124, 0x3924, 0x08C3,
  0x48E3, 0xDB0A, 0x9248, 0x9185, 0x2882, 0x0000, 0x0021, 0x0021, 0x0021, 0x0021, 0x0021, 0x0021,
  0x0021, 0x0021, 0x0021, 0x0021, 0x0021, 0x0021, 0x0021, 0x0021, 0x0021, 0x0021, 0x0021, 0x0021,
  0x0021, 0x0021, 0x0021, 0x0021, 0x0021, 0x0021, 0x0021, 0x0021, 0x0021, 0x0021, 0x0021, 0x0021,
  0x0021, 0x0021, 0x0021, 0x0021, 0x0021, 0x0021, 0x0021, 0x0021, 0x0021, 0x0021, 0x0021, 0x0021,
  0x0021, 0x0021, 0x0021, 0x0021, 0x0021, 0x0021, 0x0021, 0x0021, 0x0021, 0x0021, 0x0021, 0x0021,
  0x0021, 0x0021, 0x0021, 0x0021, 0x0021, 0x0021, 0x0021, 0x0021, 0x0021, 0x0821, 0xCACA, 0xCB0A,
  0x9C2E, 0xDE76, 0xDE35, 0xDE76, 0xDE76, 0xCE15, 0xACF0, 0x7B8C, 0x4227, 0x2965, 0x8C0E, 0xD615,
  0xD5F4, 0xCDF4, 0xCDD4, 0xCDD4, 0xCDF4, 0xCDF4, 0xCDD4, 0xCDD4, 0xCDF4, 0xCDF4, 0xCDD4, 0xCDF4,
  0xCDF4, 0xCDF4, 0xCDF4, 0xCDF4, 0xD5F4, 0xCDF4, 0xCDF4, 0xCDF4, 0xCDD4, 0xCDD4, 0xCDD4, 0xCDD4,
  0xCDF4, 0xCDD4, 0xCDF4, 0xCDF4, 0xCDD4, 0xCDF4, 0xCDD4, 0xCDF4, 0xCDF4, 0xCDF4, 0xCDF4, 0xCDF4,
  0xCDF4, 0xCDF4, 0xCDF4, 0xD5F4, 0xD5F4, 0xCDF4, 0xCDF4, 0xCDF4, 0xD5F4, 0xCDF4, 0xCDF4, 0xCDF4,
  0xCDF4, 0xCDF4, 0xCDD4, 0xCDD4, 0xCDD4, 0xCDD4, 0xCDD4, 0xCDF4, 0xCDF4, 0xCDF4, 0xD5F5, 0xD5F4,
  0xCDD4, 0xCDF4, 0xCDD4, 0xCDF4, 0xCDD4, 0xCDD4, 0xCE14, 0x8B2B, 0xDB0A, 0xC30B, 0x5903, 0x10C3,
  0x3124, 0x4925, 0x1904, 0x20A3, 0xC268, 0xAAA9, 0x9185, 0x50E3, 0x0000, 0x0021, 0x0021, 0x0021,
  0x0021, 0x0021, 0x0021, 0x0021, 0x0021, 0x0021, 0x0021, 0x0021, 0x0021, 0x0021, 0x0021, 0x0021,
  0x0021, 0x0021, 0x0021, 0x0021, 0x0021, 0x0021, 0x0021, 0x0021, 0x0021, 0x0021, 0x0021, 0x0021,
  0x0021, 0x0021, 0x0021, 0x0021, 0x0021, 0x0021, 0x0021, 0x0021, 0x0021, 0x0021, 0x0021, 0x0021,
  0x0021, 0x0021, 0x0021, 0x0021, 0x0021, 0x0021, 0x0021, 0x0021, 0x0021, 0x0021, 0x0021, 0x0021,
  0x0021, 0x0021, 0x0021, 0x0021, 0x0021, 0x0021, 0x0021, 0x0021, 0x0021, 0x0021, 0x0021, 0x0021,
  0x0000, 0x9A28, 0xEB4B, 0x8B8C, 0xD635, 0xD615, 0xD615, 0xD615, 0xD615, 0xD635, 0xDE55, 0xE697,
  0xC5D4, 0x942E, 0xA48F, 0x944F, 0xA4B0, 0xBD52, 0xCDD3, 0xD615, 0xD615, 0xCDF4, 0xCDD4, 0xCDF4,
  0xCDF4, 0xCDF4, 0xCDF4, 0xCDF4, 0xD5F4, 0xD5F4, 0xD5F4, 0xCDF4, 0xCDF4, 0xCDF4, 0xCDF4, 0xCDF4,
  0xCDD3, 0xCDD4, 0xCDD4, 0xCDD4, 0xCDF4, 0xCDF4, 0xCDF4, 0xCDF4, 0xD5F4, 0xCDF4, 0xCDD4, 0xCDF4,
  0xCDF4, 0xCDF4, 0xD5F4, 0xCDF4, 0xCDD4, 0xCDD4, 0xCDD4, 0xCDF4, 0xCDF4, 0xCDF4, 0xCDF4, 0xCDD4,
  0xD5F4, 0xCDF4, 0xCDF4, 0xCDD4, 0xCDF4, 0xCDF4, 0xCDD4, 0xCDD4, 0xCDD4, 0xCDF4, 0xCDF4, 0xCDF4,
  0xCDD4, 0xCDD4, 0xCDF4, 0xCDF4, 0xCDF4, 0xCDF4, 0xCDF4, 0xD5F4, 0xCDD4, 0xD615, 0x8BED, 0xC268,
  0xE38C, 0x8185, 0x20C3, 0x5965, 0x6965, 0x2124, 0x10A3, 0x8185, 0xB2A9, 0x91C6, 0x7944, 0x0020,
  0x0021, 0x0021, 0x0021, 0x0021, 0x0021, 0x0021, 0x0021, 0x0021, 0x0021, 0x0021, 0x0021, 0x0021,
  0x0021, 0x0021, 0x0021, 0x0021, 0x0021, 0x0021, 0x0021, 0x0021, 0x0021, 0x0021, 0x0021, 0x0021,
  0x0021, 0x0021, 0x0021, 0x0021, 0x0021, 0x0021, 0x0021, 0x0021, 0x0021, 0x0021, 0x0021, 0x0021,
  0x0021, 0x0021, 0x0021, 0x0021, 0x0021, 0x0021, 0x0021, 0x0021, 0x0021, 0x0021, 0x0021, 0x0021,
  0x0021, 0x0021, 0x0021, 0x0021, 0x0021, 0x0021, 0x0021, 0x0021, 0x0021, 0x0021, 0x0021, 0x0021,
  0x0021, 0x0021, 0x0841, 0x0000, 0x6165, 0xF34B, 0x932B, 0xCE15, 0xDE35, 0xD614, 0xD635, 0xD635,
  0xD635, 0xD635, 0xD615, 0xCDF5, 0xA4B0, 0xD615, 0xDE56, 0xD5F5, 0xBD52, 0xA490, 0x942E, 0x9C6F,
  0xB531, 0xCDD4, 0xD615, 0xD615, 0xCDD4, 0xCDD4, 0xCDD4, 0xCDF4, 0xCDF4, 0xCDF4, 0xCDF4, 0xCDF4,
  0xCDD4, 0xCDF4, 0xCDF4, 0xCDF4, 0xCDD4, 0xCDF4, 0xCDF4, 0xCDF4, 0xCDF4, 0xCDF4, 0xCDF4, 0xD5F4,
  0xD614, 0xCDF4, 0xCDF4, 0xCDF4, 0xCDF4, 0xCDF4, 0xCDF4, 0xCDF4, 0xCDF4, 0xCDD4, 0xCDD4, 0xCDF4,
  0xCDF4, 0xCDD4, 0xCDD4, 0xCDF4, 0xCDF4, 0xCDF4, 0xCDF4, 0xCDF4, 0xCDF4, 0xCDF4, 0xCDD4, 0xCDD4,
  0xCDF4, 0xCDF4, 0xCDD4, 0xCDD4, 0xCDF4, 0xCDF4, 0xCDF4, 0xCDD4, 0xCDF4, 0xD5F4, 0xD5F4, 0xCDD4,
  0xD635, 0xACF1, 0x9228, 0xEB8C, 0x9A27, 0x38A2, 0x1104, 0x91A6, 0x5145, 0x00A3, 0x6944, 0xDB2B,
  0x89E7, 0x9185, 0x1841, 0x0021, 0x0021, 0x0021, 0x0021, 0x0021, 0x0021, 0x0021, 0x0021, 0x0021,
  0x0021, 0x0021, 0x0021, 0x0021, 0x0021, 0x0021, 0x0021, 0x0021, 0x0021, 0x0021, 0x0021, 0x0021,
  0x0021, 0x0021, 0x0021, 0x0021, 0x0021, 0x0021, 0x0021, 0x0021, 0x0021, 0x0021, 0x0021, 0x0021,
  0x0021, 0x0021, 0x0021, 0x0021, 0x0021, 0x0021, 0x0021, 0x0021, 0x0021, 0x0021, 0x0021, 0x0021,
  0x0021, 0x0021, 0x0021, 0x0021, 0x0021, 0x0021, 0x0021, 0x0021, 0x0021, 0x0021, 0x0021, 0x0021,
  0x0021, 0x0021, 0x0021, 0x0021, 0x0021, 0x0021, 0x0000, 0x2882, 0xDAEA, 0xAAEA, 0xAD31, 0xDE56,
  0xD615, 0xD615, 0xD635, 0xD635, 0xD635, 0xD615, 0xDE35, 0xACF1, 0xCDD4, 0xDE35, 0xD615, 0xD615,
  0xDE35, 0xDE56, 0xD615, 0xBD73, 0xA4D0, 0x944E, 0x944E, 0xACF1, 0xC593, 0xD5F4, 0xD5F4, 0xD5F4,
  0xCDD4, 0xCDD4, 0xCDD4, 0xCDF4, 0xCDF4, 0xCDF4, 0xCDD4, 0xCDD4, 0xCDF4, 0xCDF4, 0xCDF4, 0xCDF4,
  0xCDF4, 0xCDF4, 0xCDF4, 0xD5F4, 0xD5F4, 0xCDF4, 0xCDF4, 0xCDF4, 0xCDD4, 0xCDF4, 0xCDF4, 0xCDF4,
  0xCDF4, 0xCDF4, 0xCDF4, 0xCDF4, 0xCDD4, 0xCDB3, 0xCDD4, 0xCDF4, 0xCDF4, 0xCDF4, 0xCDF4, 0xCDF4,
  0xCDD4, 0xCDD3, 0xCDD4, 0xCDF4, 0xCDF4, 0xCDF4, 0xCDF4, 0xCDD4, 0xCDF4, 0xCDF4, 0xCDF4, 0xCDF4,
  0xCDF4, 0xCDF4, 0xD5F4, 0xD5F4, 0xC5D4, 0x7268, 0x9A27, 0xA289, 0x50E3, 0x10C3, 0x3904, 0x5145,
  0x2904, 0x30C3, 0xDACA, 0x9A68, 0x99A5, 0x40A2, 0x0000, 0x0021, 0x0021, 0x0021, 0x0021, 0x0021,
  0x0021, 0x0021, 0x0021, 0x0021, 0x0021, 0x0021, 0x0021, 0x0021, 0x0021, 0x0021, 0x0021, 0x0021,
  0x0021, 0x0021, 0x0021, 0x0021, 0x0021, 0x0021, 0x0021, 0x0021, 0x0021, 0x0021, 0x0021, 0x0021,
  0x0021, 0x0021, 0x0021, 0x0021, 0x0021, 0x0021, 0x0021, 0x0021, 0x0021, 0x0021, 0x0021, 0x0021,
  0x0021, 0x0021, 0x0021, 0x0021, 0x0021, 0x0021, 0x0021, 0x0021, 0x0021, 0x0021, 0x0021, 0x0021,
  0x0021, 0x0021, 0x0021, 0x0021, 0x0021, 0x0021, 0x0021, 0x0021, 0x0021, 0x0000, 0x0861, 0x92CA,
  0x9207, 0x9C4F, 0xE697, 0xDE35, 0xDE35, 0xD615, 0xD615, 0xD614, 0xD615, 0xDE76, 0xB531, 0xBD52,
  0xDE56, 0xD615, 0xD635, 0xD615, 0xD615, 0xD615, 0xD615, 0xDE35, 0xE676, 0xBD72, 0xA48F, 0xACD0,
  0x944E, 0x9C6F, 0xACF1, 0xC593, 0xCDF4, 0xD615, 0xCDF4, 0xCDD4, 0xCDD4, 0xCDD4, 0xCDF4, 0xCDF4,
  0xCDF4, 0xCDF4, 0xCDF4, 0xCDF4, 0xD5F4, 0xCDF4, 0xCDF4, 0xCDF4, 0xCDF4, 0xCDF4, 0xCDD4, 0xCDD4,
  0xCDF4, 0xCDF4, 0xCDF4, 0xCDF4, 0xCDD4, 0xCDF4, 0xD5F4, 0xCDF4, 0xCDD4, 0xCDD4, 0xCDF4, 0xCDF4,
  0xCDD4, 0xCDF4, 0xCDF4, 0xCDB3, 0xCDD4, 0xCDF4, 0xCDD4, 0xCDD4, 0xCDF4, 0xCDF4, 0xCDF4, 0xCDF4,
  0xD5F4, 0xCDF4, 0xD5F4, 0xCDD4, 0xCDF4, 0xCDF4, 0xCDF4, 0xD635, 0x834B, 0xC2A9, 0xB32B, 0x48A2,
  0x18C3, 0x3145, 0x4124, 0x10E4, 0x18A2, 0xBA88, 0xBAEA, 0x91A6, 0x6103, 0x0000, 0x0021, 0x0021,
  0x0021, 0x0021, 0x0021, 0x0021, 0x0021, 0x0021, 0x0021, 0x0021, 0x0021, 0x0021, 0x0021, 0x0021,
  0x0021, 0x0021, 0x0021, 0x0021, 0x0021, 0x0021, 0x0021, 0x0021, 0x0021, 0x0021, 0x0021, 0x0021,
  0x0021, 0x0021, 0x0021, 0x0021, 0x0021, 0x0021, 0x0021, 0x0021, 0x0021, 0x0021, 0x0021, 0x0021,
  0x0021, 0x0021, 0x0021, 0x0021, 0x0021, 0x0021, 0x0021, 0x0021, 0x0021, 0x0021, 0x0021, 0x0021,
  0x0021, 0x0021, 0x0021, 0x0021, 0x0021, 0x0021, 0x0021, 0x0021, 0x0021, 0x0021, 0x0021, 0x0021,
  0x0021, 0x0841, 0x9C8F, 0xDE76, 0xAD11, 0xACD0, 0xB532, 0xC593, 0xCDD4, 0xDE55, 0xDE56, 0xD615,
  0xDE35, 0xC593, 0xAD11, 0xDE55, 0xD615, 0xD635, 0xD635, 0xD615, 0xD615, 0xD615, 0xD615, 0xD615,
  0xC5B3, 0xACF1, 0xDE35, 0xDE35, 0xD635, 0xC5B3, 0xACF0, 0x9C6F, 0x944E, 0xACD0, 0xBD73, 0xD615,
  0xD615, 0xCDF4, 0xCDD4, 0xCDD4, 0xC5B3, 0xCDD4, 0xCDD4, 0xCDD4, 0xCDF4, 0xCDF4, 0xD5F4, 0xCDF4,
  0xCDF4, 0xCDF4, 0xCDD4, 0xCDF4, 0xCDF4, 0xCDF4, 0xCDF4, 0xCDF4, 0xCDD4, 0xCDF4, 0xCDD4, 0xCDD4,
  0xCDF4, 0xCDD4, 0xCDF4, 0xCDF4, 0xCDD4, 0xCDF4, 0xCDF4, 0xCDF4, 0xCDF4, 0xCDD4, 0xCDD4, 0xCDD4,
  0xCDD4, 0xCDF4, 0xCDF4, 0xCDD4, 0xCDD4, 0xCDF4, 0xCDF4, 0xCDD4, 0xCDF4, 0xCDD4, 0xDE35, 0x9CB0,
  0xB228, 0xE34B, 0x89E7, 0x3861, 0x20E3, 0x3104, 0x2124, 0x10A3, 0x81A5, 0xD32B, 0x89C6, 0x8164,
  0x0821, 0x0021, 0x0021, 0x0021, 0x0021, 0x0021, 0x0021, 0x0021, 0x0021, 0x0021, 0x0021, 0x0021,
  0x0021, 0x0021, 0x0021, 0x0021, 0x0021, 0x0021, 0x0021, 0x0021, 0x0021, 0x0021, 0x0021, 0x0021,
  0x0021, 0x0021, 0x0021, 0x0021, 0x0021, 0x0021, 0x0021, 0x0021, 0x0021, 0x0021, 0x0021, 0x0021,
  0x0021, 0x0021, 0x0021, 0x0021, 0x0021, 0x0021, 0x0021, 0x0021, 0x0021, 0x0021, 0x0021, 0x0021,
  0x0021, 0x0021, 0x0021, 0x0021, 0x0021, 0x0021, 0x0021, 0x0021, 0x0021, 0x0021, 0x0021, 0x0021,
  0x0021, 0x0021, 0x0021, 0x0021, 0x0000, 0x2944, 0xACD0, 0xACF1, 0xD615, 0xDE35, 0xD615, 0xBD73,
  0xACF1, 0xB511, 0xBD73, 0xCDF4, 0xCDD4, 0xACD0, 0xD635, 0xD615, 0xD615, 0xD615, 0xD615, 0xD615,
  0xD615, 0xD615, 0xD615, 0xD615, 0xA4D0, 0xD5F4, 0xD615, 0xD615, 0xD5F4, 0xD615, 0xDE35, 0xDE35,
  0xCDD4, 0xB531, 0x9C6F, 0x8BED, 0xA4B0, 0xBD52, 0xCDD4, 0xD5F5, 0xCDF4, 0xCDD4, 0xCDD4, 0xCDD4,
  0xCDD4, 0xCDF4, 0xCDF4, 0xCDD4, 0xCDF4, 0xCDD4, 0xCDD4, 0xCDD4, 0xCDF4, 0xCDF4, 0xCDF4, 0xCDF4,
  0xCDF4, 0xCDF4, 0xCDD4, 0xCDD4, 0xCDD4, 0xCDF4, 0xCDF4, 0xCDF4, 0xCDF4, 0xCDF4, 0xCDF4, 0xCDF4,
  0xCDF4, 0xCDF4, 0xCDD4, 0xCDD4, 0xCDD4, 0xCDF4, 0xCDD4, 0xCDD4, 0xCDD4, 0xCDD4, 0xCDF4, 0xCDF4,
  0xCDF4, 0xD635, 0xB552, 0x9289, 0xF38C, 0x9A68, 0x48A2, 0x6124, 0x18E4, 0x20E4, 0x10E4, 0x5924,
  0xDB0A, 0x9227, 0x9185, 0x2061, 0x0000, 0x0021, 0x0021, 0x0021, 0x0021, 0x0021, 0x0021, 0x0021,
  0x0021, 0x0021, 0x0021, 0x0021, 0x0021, 0x0021, 0x0021, 0x0021, 0x0021, 0x0021, 0x0021, 0x0021,
  0x0021, 0x0021, 0x0021, 0x0021, 0x0021, 0x0021, 0x0021, 0x0021, 0x0021, 0x0021, 0x0021, 0x0021,
  0x0021, 0x0021, 0x0021, 0x0021, 0x0021, 0x0021, 0x0021, 0x0021, 0x0021, 0x0021, 0x0021, 0x0021,
  0x0021, 0x0021, 0x0021, 0x0021, 0x0021, 0x0021, 0x0021, 0x0021, 0x0021, 0x0021, 0x0021, 0x0021,
  0x0021, 0x0021, 0x0021, 0x0021, 0x0021, 0x0021, 0x0021, 0x0041, 0x0000, 0x2103, 0x940D, 0x8BAC,
  0x8BCD, 0x9C6F, 0xACF1, 0xCDD4, 0xE697, 0xC593, 0x9C6F, 0xBD52, 0x9C90, 0xB511, 0xCDD4, 0xD635,
  0xDE35, 0xD635, 0xD615, 0xD5F4, 0xD615, 0xD615, 0xDE55, 0xB532, 0xC5B3, 0xDE35, 0xD615, 0xD615,
  0xD615, 0xD615, 0xD615, 0xD615, 0xD615, 0xDE56, 0xCDF4, 0xA48F, 0xBD52, 0xA4B0, 0x8C0D, 0x9C8F,
  0xB532, 0xCDB3, 0xD5F4, 0xD615, 0xCDF4, 0xCDD4, 0xCDF4, 0xCDF4, 0xCDF4, 0xCDD4, 0xCDD4, 0xCDF4,
  0xD5F4, 0xCDF4, 0xCDD4, 0xCDF4, 0xCDF4, 0xCDD4, 0xCDF4, 0xCDD4, 0xCDD4, 0xCDF4, 0xCDF4, 0xCDD4,
  0xCDF4, 0xD5F4, 0xCDF4, 0xCDD4, 0xCDF4, 0xCDF4, 0xCDD4, 0xCDD4, 0xCDF4, 0xCDF4, 0xCDF4, 0xD5F4,
  0xD5F4, 0xCDD4, 0xCDD4, 0xCDF4, 0xD5F4, 0xCE15, 0x8B0A, 0xE2CA, 0xC30B, 0x6124, 0x38C2, 0x6124,
  0x1904, 0x18E4, 0x20A2, 0xCAA9, 0xAAA9, 0x91A5, 0x48E3, 0x0000, 0x0021, 0x0021, 0x0021, 0x0021,
  0x0021, 0x0021, 0x0021, 0x0021, 0x0021, 0x0021, 0x0021, 0x0021, 0x0021, 0x0021, 0x0021, 0x0021,
  0x0021, 0x0021, 0x0021, 0x0021, 0x0021, 0x0021, 0x0021, 0x0021, 0x0021, 0x0021, 0x0021, 0x0021,
  0x0021, 0x0021, 0x0021, 0x0021, 0x0021, 0x0021, 0x0021, 0x0021, 0x0021, 0x0021, 0x0021, 0x0021,
  0x0021, 0x0021, 0x0021, 0x0021, 0x0021, 0x0021, 0x0021, 0x0021, 0x0021, 0x0021, 0x0021, 0x0021,
  0x0021, 0x0021, 0x0021, 0x0021, 0x0021, 0x0021, 0x0021, 0x0021, 0x0021, 0x0021, 0x0021, 0x0020,
  0x0841, 0x6944, 0x3144, 0x5A68, 0x7B4B, 0x8BCC, 0x8BCC, 0x8BED, 0x9C6F, 0x944F, 0xCDD4, 0xDE55,
  0xDE35, 0xC593, 0xB511, 0xB511, 0xBD72, 0xCDD4, 0xD615, 0xDE35, 0xD615, 0xDE35, 0xBD73, 0xB532,
  0xDE56, 0xD615, 0xD615, 0xD5F4, 0xD615, 0xD615, 0xD615, 0xD615, 0xD615, 0xD5F4, 0xA4D0, 0xD615,
  0xDE55, 0xDE56, 0xD5F4, 0xBD52, 0xA4D0, 0x9C4F, 0x9C6F, 0xB4F1, 0xCDD4, 0xD615, 0xD5F4, 0xCDF4,
  0xCDD4, 0xCDD4, 0xCDD4, 0xCDF4, 0xCDF4, 0xCDF4, 0xD615, 0xD5F4, 0xCDF4, 0xCDF4, 0xCDF4, 0xCDF4,
  0xCDF4, 0xCDD4, 0xCDD4, 0xCDF4, 0xCDD4, 0xCDD4, 0xCDF4, 0xCDD4, 0xCDF4, 0xCDF4, 0xCDF4, 0xCDF4,
  0xD5F4, 0xD614, 0xD5F4, 0xCDF4, 0xCDF4, 0xCDF4, 0xCDD4, 0xCDD4, 0xDE55, 0x8BCD, 0xCAA9, 0xDB6C,
  0x7965, 0x20C3, 0x40E3, 0x58E3, 0x1904, 0x18C3, 0xA207, 0xC2EA, 0x91C6, 0x7144, 0x0000, 0x0021,
  0x0021, 0x0021, 0x0021, 0x0021, 0x0021, 0x0021, 0x0021, 0x0021, 0x0021, 0x0021, 0x0021, 0x0021,
  0x0021, 0x0021, 0x0021, 0x0021, 0x0021, 0x0021, 0x0021, 0x0021, 0x0021, 0x0021, 0x0021, 0x0021,
  0x0021, 0x0021, 0x0021, 0x0021, 0x0021, 0x0021, 0x0021, 0x0021, 0x0021, 0x0021, 0x0021, 0x0021,
  0x0021, 0x0021, 0x0021, 0x0021, 0x0021, 0x0021, 0x0021, 0x0021, 0x0021, 0x0021, 0x0021, 0x0021,
  0x0021, 0x0021, 0x0021, 0x0021, 0x0021, 0x0021, 0x0021, 0x0021, 0x0021, 0x0021, 0x0021, 0x0021,
  0x0021, 0x0021, 0x0021, 0x0000, 0x9A07, 0x81E7, 0x08A3, 0x18C3, 0x18C3, 0x2944, 0x5A68, 0x7B4B,
  0x836B, 0x7B6B, 0x942E, 0x940E, 0xACF1, 0xCDF5, 0xDE56, 0xD615, 0xC573, 0xACF1, 0xB511, 0xBD72,
  0xCDD4, 0xCDD4, 0xAD11, 0xD615, 0xD5F4, 0xD615, 0xD615, 0xD615, 0xD615, 0xD615, 0xD615, 0xD615,
  0xDE55, 0xACF1, 0xC5B3, 0xDE56, 0xD615, 0xD615, 0xD615, 0xD635, 0xDE55, 0xD635, 0xC5B3, 0xA4B0,
  0x942E, 0x942E, 0xB4F1, 0xC5B3, 0xD5F4, 0xD615, 0xCDF4, 0xCDD4, 0xCDD4, 0xCDF4, 0xCDF4, 0xCDF4,
  0xCDF4, 0xD5F4, 0xCDF4, 0xCDF4, 0xCDF4, 0xCDD4, 0xCDD4, 0xCDF4, 0xCDD4, 0xCDD4, 0xCDF4, 0xCDF4,
  0xCDD4, 0xCDF4, 0xD5F4, 0xCDD4, 0xCDF4, 0xD5F5, 0xD5F4, 0xCDF4, 0xCDF4, 0xCDF4, 0xCDD4, 0xDE35,
  0xACF1, 0xAA68, 0xF38C, 0x9A48, 0x30A2, 0x10E4, 0x3104, 0x7144, 0x08A2, 0x7165, 0xDB2B, 0x89E7,
  0x9185, 0x1041, 0x0021, 0x0021, 0x0021, 0x0021, 0x0021, 0x0021, 0x0021, 0x0021, 0x0021, 0x0021,
  0x0021, 0x0021, 0x0021, 0x0021, 0x0021, 0x0021, 0x0021, 0x0021, 0x0021, 0x0021, 0x0021, 0x0021,
  0x0021, 0x0021, 0x0021, 0x0021, 0x0021, 0x0021, 0x0021, 0x0021, 0x0021, 0x0021, 0x0021, 0x0021,
  0x0021, 0x0021, 0x0021, 0x0021, 0x0021, 0x0021, 0x0021, 0x0021, 0x0021, 0x0021, 0x0021, 0x0021,
  0x0021, 0x0021, 0x0021, 0x0021, 0x0021, 0x0021, 0x0021, 0x0021, 0x0021, 0x0021, 0x0021, 0x0021,
  0x0021, 0x0021, 0x0021, 0x0021, 0x0021, 0x0841, 0x0000, 0x6985, 0xAA68, 0x10E3, 0x2945, 0x2125,
  0x2124, 0x18E4, 0x10C3, 0x18C3, 0x2944, 0x4A07, 0x734A, 0x83AC, 0x8BCC, 0x8BED, 0x942E, 0xACF1,
  0xCDD4, 0xDE56, 0xD636, 0xC593, 0xACF1, 0x8BED, 0xB511, 0xCDD4, 0xD635, 0xDE35, 0xD615, 0xD615,
  0xD615, 0xD615, 0xD615, 0xDE55, 0xBD72, 0xBD52, 0xDE56, 0xD615, 0xD635, 0xD615, 0xD615, 0xD615,
  0xD5F4, 0xD615, 0xDE56, 0xE696, 0xACF0, 0xACF1, 0xACF1, 0x942E, 0x9C4F, 0xACD0, 0xC593, 0xD615,
  0xD635, 0xD5F4, 0xCDB3, 0xCDB3, 0xCDF4, 0xCDF4, 0xCDF4, 0xCDF4, 0xCDD4, 0xCDF4, 0xCDD4, 0xCDD4,
  0xCDD4, 0xCDF4, 0xCDD4, 0xCDF4, 0xCDF4, 0xCDD4, 0xCDD4, 0xCDF4, 0xCDF4, 0xCDF4, 0xCDF4, 0xCDF4,
  0xCDF4, 0xCDD4, 0xD614, 0xC5D4, 0x8AA9, 0xF36C, 0xB2CA, 0x48E3, 0x18E3, 0x18E4, 0x30E3, 0x6124,
  0x30C2, 0xD2EA, 0x9A68, 0x9985, 0x30A2, 0x0000, 0x0021, 0x0021, 0x0021, 0x0021, 0x0021, 0x0021,
  0x0021, 0x0021, 0x0021, 0x0021, 0x0021, 0x0021, 0x0021, 0x0021, 0x0021, 0x0021, 0x0021, 0x0021,
  0x0021, 0x0021, 0x0021, 0x0021, 0x0021, 0x0021, 0x0021, 0x0021, 0x0021, 0x0021, 0x0021, 0x0021,
  0x0021, 0x0021, 0x0021, 0x0021, 0x0021, 0x0021, 0x0021, 0x0021, 0x0021, 0x0021, 0x0021, 0x0021,
  0x0021, 0x0021, 0x0021, 0x0021, 0x0021, 0x0021, 0x0021, 0x0021, 0x0021, 0x0021, 0x0021, 0x0021,
  0x0021, 0x0021, 0x0021, 0x0021, 0x0021, 0x0021, 0x0021, 0x0021, 0x0041, 0x0000, 0x3903, 0xCAEA,
  0x2104, 0x2125, 0x2125, 0x2124, 0x2124, 0x2125, 0x2125, 0x2124, 0x1904, 0x18C3, 0x10A3, 0x2944,
  0x5227, 0x732A, 0x8BAC, 0x8BCC, 0x8BCD, 0x942E, 0xACD1, 0xCDD4, 0xB511, 0xCDD4, 0xC593, 0xB511,
  0xACF1, 0xBD52, 0xCDD4, 0xD635, 0xDE35, 0xD615, 0xD635, 0xCDD4, 0xACF1, 0xDE55, 0xD615, 0xD615,
  0xD615, 0xD615, 0xD615, 0xD615, 0xD635, 0xD615, 0xDE35, 0xBD93, 0xB512, 0xDE35, 0xDE55, 0xD615,
  0xC5B3, 0xACD0, 0x9C4F, 0x9C6F, 0xACD0, 0xC572, 0xD5F4, 0xD614, 0xCDD4, 0xCDD4, 0xCDD4, 0xCDD4,
  0xCDF4, 0xCDD4, 0xCDD4, 0xCDD4, 0xCDF4, 0xCDF4, 0xCDD4, 0xCDD4, 0xCDF4, 0xCDF4, 0xCDF4, 0xCDF4,
  0xCDF4, 0xCDF4, 0xCDD4, 0xCDF4, 0xD5F4, 0xD5D4, 0xD635, 0x834B, 0xD2CA, 0xD34C, 0x6944, 0x18C3,
  0x1904, 0x18E4, 0x38E3, 0x48C2, 0xB268, 0xB2CA, 0x91A5, 0x6103, 0x0000, 0x0021, 0x0021, 0x0021,
  0x0021, 0x0021, 0x0021, 0x0021, 0x0021, 0x0021, 0x0021, 0x0021, 0x0021, 0x0021, 0x0021, 0x0021,
  0x0021, 0x0021, 0x0021, 0x0021, 0x0021, 0x0021, 0x0021, 0x0021, 0x0021, 0x0021, 0x0021, 0x0021,
  0x0021, 0x0021, 0x0021, 0x0021, 0x0021, 0x0021, 0x0021, 0x0021, 0x0021, 0x0021, 0x0021, 0x0021,
  0x0021, 0x0021, 0x0021, 0x0021, 0x0021, 0x0021, 0x0021, 0x0021, 0x0021, 0x0021, 0x0021, 0x0021,
  0x0021, 0x0021, 0x0021, 0x0021, 0x0021, 0x0021, 0x0021, 0x0021, 0x0021, 0x0021, 0x0021, 0x0021,
  0x0000, 0x1061, 0xBAA9, 0x4124, 0x1924, 0x2945, 0x2125, 0x2125, 0x2124, 0x2124, 0x2104, 0x2124,
  0x2125, 0x2125, 0x2125, 0x1904, 0x10C3, 0x18C3, 0x2924, 0x4A27, 0x730A, 0x8BAC, 0x8BED, 0x838C,
  0x7B8C, 0xACF1, 0xC5D4, 0xDE76, 0xD615, 0xC593, 0xB511, 0xACF1, 0xBD73, 0xCDD4, 0xD615, 0xACD0,
  0xD5F4, 0xD635, 0xD615, 0xD615, 0xD615, 0xD615, 0xD615, 0xD614, 0xD615, 0xDE36, 0xCDD4, 0xACD0,
  0xDE56, 0xD5F4, 0xD614, 0xD615, 0xDE35, 0xDE56, 0xDE56, 0xC5B3, 0xACD0, 0x9C6F, 0x940E, 0xA48F,
  0xBD72, 0xCDF4, 0xD5F4, 0xCDD4, 0xCDD4, 0xCDD4, 0xCDD4, 0xCDD4, 0xCDD4, 0xCDD4, 0xCDD4, 0xCDD4,
  0xCDD4, 0xD5F4, 0xD5F4, 0xD5F4, 0xD615, 0xD5F4, 0xCDF4, 0xD5F4, 0xC5B3, 0xCE15, 0x9C4F, 0xBA68,
  0xEB8D, 0x89E6, 0x28A2, 0x1904, 0x20E4, 0x2104, 0x18A2, 0x89A5, 0xCB0B, 0x89C6, 0x8164, 0x0020,
  0x0021, 0x0021, 0x0021, 0x0021, 0x0021, 0x0021, 0x0021, 0x0021, 0x0021, 0x0021, 0x0021, 0x0021,
  0x0021, 0x0021, 0x0021, 0x0021, 0x0021, 0x0021, 0x0021, 0x0021, 0x0021, 0x0021, 0x0021, 0x0021,
  0x0021, 0x0021, 0x0021, 0x0021, 0x0021, 0x0021, 0x0021, 0x0021, 0x0021, 0x0021, 0x0021, 0x0021,
  0x0021, 0x0021, 0x0021, 0x0021, 0x0021, 0x0021, 0x0021, 0x0021, 0x0021, 0x0021, 0x0021, 0x0021,
  0x0021, 0x0021, 0x0021, 0x0021, 0x0021, 0x0021, 0x0021, 0x0021, 0x0021, 0x0021, 0x0021, 0x0021,
  0x0021, 0x0021, 0x0021, 0x0021, 0x0020, 0xB2A9, 0x71E7, 0x08E4, 0x2124, 0x2104, 0x2104, 0x2104,
  0x2125, 0x2125, 0x2125, 0x2124, 0x2124, 0x2124, 0x2124, 0x2124, 0x2125, 0x2125, 0x1904, 0x10C3,
  0x10C3, 0x2924, 0x4A07, 0x6B0A, 0x732A, 0x93EC, 0x8BED, 0x942E, 0xA4B0, 0xC593, 0xD635, 0xD635,
  0xC5B4, 0xB511, 0x8C0D, 0xACF1, 0xCDD3, 0xD615, 0xDE35, 0xD635, 0xD615, 0xD615, 0xD615, 0xD615,
  0xD615, 0xDE35, 0xACF1, 0xCDD4, 0xD615, 0xD615, 0xD615, 0xD615, 0xD615, 0xD615, 0xD615, 0xD635,
  0xDE56, 0xD615, 0x9C6F, 0xB511, 0x9C6F, 0x942E, 0xA48F, 0xBD52, 0xCDF4, 0xD614, 0xD5F4, 0xCDD4,
  0xCDD4, 0xCDD4, 0xCDD4, 0xCDD4, 0xCDF4, 0xCDF4, 0xCDF4, 0xD5F4, 0xCDF4, 0xCDD4, 0xD5F4, 0xB572,
  0x8AEA, 0x9B4B, 0x7A48, 0xCACA, 0xA268, 0x40C2, 0x10E3, 0x20E4, 0x2104, 0x10E3, 0x5924, 0xDB0B,
  0x8A07, 0x9185, 0x2061, 0x0000, 0x0021, 0x0021, 0x0021, 0x0021, 0x0021, 0x0021, 0x0021, 0x0021,
  0x0021, 0x0021, 0x0021, 0x0021, 0x0021, 0x0021, 0x0021, 0x0021, 0x0021, 0x0021, 0x0021, 0x0021,
  0x0021, 0x0021, 0x0021, 0x0021, 0x0021, 0x0021, 0x0021, 0x0021, 0x0021, 0x0021, 0x0021, 0x0021,
  0x0021, 0x0021, 0x0021, 0x0021, 0x0021, 0x0021, 0x0021, 0x0021, 0x0021, 0x0021, 0x0021, 0x0021,
  0x0021, 0x0021, 0x0021, 0x0021, 0x0021, 0x0021, 0x0021, 0x0021, 0x0021, 0x0021, 0x0021, 0x0021,
  0x0021, 0x0021, 0x0021, 0x0021, 0x0021, 0x0021, 0x0021, 0x0000, 0x79E7, 0x9248, 0x1125, 0x59C7,
  0x69A6, 0x2945, 0x2965, 0x2124, 0x2104, 0x2104, 0x2104, 0x2125, 0x2125, 0x2124, 0x2124, 0x2124,
  0x2124, 0x2125, 0x2125, 0x2945, 0x2125, 0x1904, 0x10C3, 0x10A3, 0x2103, 0x4A27, 0x6AE9, 0x83AC,
  0x8BCC, 0x8BED, 0x942E, 0xA4D0, 0xCDD4, 0xBD72, 0xC5D4, 0xCDB3, 0xACF0, 0xAD11, 0xBD52, 0xCDD4,
  0xD615, 0xDE35, 0xD635, 0xD615, 0xDE35, 0xB511, 0xBD52, 0xDE35, 0xD615, 0xD615, 0xD615, 0xD615,
  0xD635, 0xD635, 0xD635, 0xD615, 0xD635, 0xA4B0, 0xCDD4, 0xDE76, 0xD635, 0xCDD4, 0xB511, 0x9C4F,
  0x942E, 0xA4B0, 0xBD52, 0xCDB3, 0xD5F4, 0xD5F4, 0xCDD4, 0xCDF4, 0xCDF4, 0xCDF4, 0xCDF4, 0xCDD4,
  0xCDF4, 0xCDD4, 0xCDD4, 0x8B6C, 0xD2EA, 0xE32B, 0xD2EA, 0xBB2B, 0x5144, 0x10A3, 0x2104, 0x20E4,
  0x18E4, 0x20A2, 0xCA89, 0xAAA9, 0x91A5, 0x48C3, 0x0000, 0x0021, 0x0021, 0x0021, 0x0021, 0x0021,
  0x0021, 0x0021, 0x0021, 0x0021, 0x0021, 0x0021, 0x0021, 0x0021, 0x0021, 0x0021, 0x0021, 0x0021,
  0x0021, 0x0021, 0x0021, 0x0021, 0x0021, 0x0021, 0x0021, 0x0021, 0x0021, 0x0021, 0x0021, 0x0021,
  0x0021, 0x0021, 0x0021, 0x0021, 0x0021, 0x0021, 0x0021, 0x0021, 0x0021, 0x0021, 0x0021, 0x0021,
  0x0021, 0x0021, 0x0021, 0x0021, 0x0021, 0x0021, 0x0021, 0x0021, 0x0021, 0x0021, 0x0021, 0x0021,
  0x0021, 0x0021, 0x0021, 0x0021, 0x0021, 0x0021, 0x0021, 0x0021, 0x0021, 0x0021, 0x0000, 0x3104,
  0xE3CD, 0x79E7, 0x3945, 0x3924, 0x3924, 0x2166, 0x31A6, 0x31A6, 0x3186, 0x2965, 0x2124, 0x2104,
  0x2104, 0x2124, 0x2125, 0x2125, 0x2125, 0x2124, 0x2124, 0x2124, 0x2124, 0x2124, 0x2125, 0x2125,
  0x2104, 0x18C3, 0x10C3, 0x2124, 0x4A07, 0x730A, 0x8BAC, 0x8BCC, 0x8BCD, 0x7B6C, 0xA4D0, 0xBD72,
  0xD635, 0xD635, 0xC593, 0xB531, 0xACF1, 0xB532, 0xC5B3, 0xDE56, 0xC5B4, 0xACF1, 0xD615, 0xD5F4,
  0xD615, 0xD615, 0xD615, 0xD615, 0xD615, 0xD635, 0xD615, 0xDE56, 0xBD52, 0xB532, 0xDE55, 0xD5F4,
  0xD615, 0xD615, 0xDE55, 0xDE55, 0xCDF4, 0xBD52, 0x9C6F, 0x942E, 0xA490, 0xBD73, 0xCDD4, 0xD615,
  0xCDF4, 0xCDD4, 0xCDD4, 0xCDD4, 0xCDD4, 0xD615, 0x944F, 0xAB0A, 0xE38C, 0xDB2B, 0xE34B, 0xCB4B,
  0x4924, 0x18E4, 0x2104, 0x2104, 0x18A3, 0x99C6, 0xA288, 0x91C6, 0x7124, 0x0000, 0x0021, 0x0021,
  0x0021, 0x0021, 0x0021, 0x0021, 0x0021, 0x0021, 0x0021, 0x0021, 0x0021, 0x0021, 0x0021, 0x0021,
  0x0021, 0x0021, 0x0021, 0x0021, 0x0021, 0x0021, 0x0021, 0x0021, 0x0021, 0x0021, 0x0021, 0x0021,
  0x0021, 0x0021, 0x0021, 0x0021, 0x0021, 0x0021, 0x0021, 0x0021, 0x0021, 0x0021, 0x0021, 0x0021,
  0x0021, 0x0021, 0x0021, 0x0021, 0x0021, 0x0021, 0x0021, 0x0021, 0x0021, 0x0021, 0x0021, 0x0021,
  0x0021, 0x0021, 0x0021, 0x0021, 0x0021, 0x0021, 0x0021, 0x0021, 0x0021, 0x0021, 0x0021, 0x0021,
  0x0021, 0x0021, 0x0000, 0x5924, 0xB288, 0xBACA, 0xC32B, 0xA2C9, 0x69E7, 0x4986, 0x2125, 0x2145,
  0x2986, 0x31A6, 0x31A6, 0x3186, 0x2965, 0x2945, 0x2124, 0x2104, 0x2124, 0x2125, 0x2125, 0x2125,
  0x2124, 0x2124, 0x2124, 0x2124, 0x2125, 0x2945, 0x2125, 0x2104, 0x18C3, 0x10A3, 0x2104, 0x41E6,
  0x6AE9, 0x6B0A, 0x8BED, 0x8BED, 0x942E, 0xA4D0, 0xC593, 0xDE56, 0xD635, 0xC593, 0xB532, 0xACF1,
  0x942E, 0xC593, 0xD614, 0xDE35, 0xD615, 0xD615, 0xD615, 0xD615, 0xD615, 0xD615, 0xD635, 0xCDD4,
  0xACD0, 0xDE35, 0xD615, 0xD615, 0xD615, 0xD635, 0xD615, 0xD615, 0xD635, 0xDE55, 0xDE35, 0xD635,
  0x942E, 0x944E, 0x942E, 0x9C6F, 0xB531, 0xCDB3, 0xD614, 0xD5F4, 0xCDB3, 0xCDF4, 0x93CD, 0xA207,
  0xAA89, 0xB2CA, 0xBB2B, 0x89C6, 0x48E3, 0x10E4, 0x2104, 0x10A3, 0x81A6, 0xE34B, 0x89E6, 0x8965,
  0x1041, 0x0021, 0x0021, 0x0021, 0x0021, 0x0021, 0x0021, 0x0021, 0x0021, 0x0021, 0x0021, 0x0021,
  0x0021, 0x0021, 0x0021, 0x0021, 0x0021, 0x0021, 0x0021, 0x0021, 0x0021, 0x0021, 0x0021, 0x0021,
  0x0021, 0x0021, 0x0021, 0x0021, 0x0021, 0x0021, 0x0021, 0x0021, 0x0021, 0x0021, 0x0021, 0x0021,
  0x0021, 0x0021, 0x0021, 0x0021, 0x0021, 0x0021, 0x0021, 0x0021, 0x0021, 0x0021, 0x0021, 0x0021,
  0x0021, 0x0021, 0x0021, 0x0021, 0x0021, 0x0021, 0x0021, 0x0021, 0x0021, 0x0021, 0x0021, 0x0021,
  0x0021, 0x0021, 0x0021, 0x0021, 0x0021, 0x0021, 0x0000, 0x5903, 0xB206, 0x99C6, 0xA207, 0xAA68,
  0xC2EA, 0xCB4B, 0xB2EA, 0x7A07, 0x4985, 0x2145, 0x2145, 0x2986, 0x31A6, 0x39A6, 0x3186, 0x2965,
  0x1924, 0x2124, 0x2104, 0x2104, 0x2125, 0x2125, 0x2125, 0x2125, 0x2124, 0x2124, 0x2124, 0x2125,
  0x2945, 0x2125, 0x2104, 0x18C3, 0x18C3, 0x2104, 0x41E6, 0x6AC9, 0x83AC, 0x8BCC, 0x8BED, 0x940E,
  0xA4B0, 0xC593, 0xD635, 0xAD12, 0xC573, 0xB511, 0xACF1, 0xB532, 0xCDB4, 0xD615, 0xDE35, 0xD615,
  0xD5F4, 0xD614, 0xD615, 0xA4D0, 0xCDD4, 0xD635, 0xD615, 0xD615, 0xD615, 0xD615, 0xD615, 0xD615,
  0xD615, 0xD615, 0xD635, 0xBD72, 0xB532, 0xDE76, 0xCDD4, 0xB531, 0xA48F, 0x944E, 0xA48F, 0xBD52,
  0xC593, 0xD635, 0xA44F, 0xAA06, 0xB207, 0xAA07, 0x9207, 0x9165, 0x5103, 0x18E4, 0x10E4, 0x4903,
  0xE32B, 0x9A68, 0x9985, 0x30A2, 0x0000, 0x0021, 0x0021, 0x0021, 0x0021, 0x0021, 0x0021, 0x0021,
  0x0021, 0x0021, 0x0021, 0x0021, 0x0021, 0x0021, 0x0021, 0x0021, 0x0021, 0x0021, 0x0021, 0x0021,
  0x0021, 0x0021, 0x0021, 0x0021, 0x0021, 0x0021, 0x0021, 0x0021, 0x0021, 0x0021, 0x0021, 0x0021,
  0x0021, 0x0021, 0x0021, 0x0021, 0x0021, 0x0021, 0x0021, 0x0021, 0x0021, 0x0021, 0x0021, 0x0021,
  0x0021, 0x0021, 0x0021, 0x0021, 0x0021, 0x0021, 0x0021, 0x0021, 0x0021, 0x0021, 0x0021, 0x0021,
  0x0021, 0x0021, 0x0021, 0x0021, 0x0021, 0x0021, 0x0021, 0x0021, 0x0021, 0x0021, 0x0000, 0x48E3,
  0xB207, 0xB227, 0x99E6, 0x89E6, 0x91A5, 0xA207, 0xAA89, 0xC2EA, 0xC30B, 0xAAC9, 0x7A07, 0x4986,
  0x2945, 0x2145, 0x2166, 0x51A6, 0x79C6, 0x2966, 0x3186, 0x2125, 0x2104, 0x2104, 0x2104, 0x2125,
  0x2125, 0x2125, 0x2125, 0x2125, 0x2125, 0x2125, 0x2125, 0x2945, 0x2945, 0x2104, 0x10C3, 0x10A3,
  0x2104, 0x41E6, 0x6AE9, 0x838B, 0x8BCC, 0x8BED, 0x7B6C, 0x942E, 0xC5B4, 0xDE76, 0xDE35, 0xC593,
  0xB511, 0xACF1, 0xB552, 0xC5B3, 0xD5F4, 0xDE56, 0xB531, 0xC593, 0xD635, 0xD615, 0xD615, 0xD615,
  0xD615, 0xD615, 0xD615, 0xD615, 0xD615, 0xD635, 0xCDD4, 0xACD1, 0xD635, 0xD5F4, 0xD615, 0xDE35,
  0xDE56, 0xD615, 0xBD52, 0x9C6F, 0x940E, 0xACF1, 0x8B8C, 0xA1A6, 0xBA48, 0xBA68, 0x9A27, 0x9185,
  0x5103, 0x10C3, 0x28C3, 0xCAC9, 0xB2A9, 0x91A5, 0x5903, 0x0000, 0x0021, 0x0021, 0x0021, 0x0021,
  0x0021, 0x0021, 0x0021, 0x0021, 0x0021, 0x0021, 0x0021, 0x0021, 0x0021, 0x0021, 0x0021, 0x0021,
  0x0021, 0x0021, 0x0021, 0x0021, 0x0021, 0x0021, 0x0021, 0x0021, 0x0021, 0x0021, 0x0021, 0x0021,
  0x0021, 0x0021, 0x0021, 0x0021, 0x0021, 0x0021, 0x0021, 0x0021, 0x0021, 0x0021, 0x0021, 0x0021,
  0x0021, 0x0021, 0x0021, 0x0021, 0x0021, 0x0021, 0x0021, 0x0021, 0x0021, 0x0021, 0x0021, 0x0021,
  0x0021, 0x0021, 0x0021, 0x0021, 0x0021, 0x0021, 0x0021, 0x0021, 0x0021, 0x0021, 0x0021, 0x0021,
  0x0021, 0x0021, 0x0021, 0x0021, 0x2061, 0x58E3, 0x8985, 0x91A6, 0xB207, 0xB227, 0xA9E6, 0xA1C6,
  0x99E6, 0xB288, 0xC30A, 0xCB4B, 0xB2C9, 0x7A07, 0x4165, 0x3124, 0x4144, 0x2166, 0x31A6, 0x31A6,
  0x3186, 0x2965, 0x2124, 0x2104, 0x2104, 0x2124, 0x2125, 0x2125, 0x2125, 0x2125, 0x2125, 0x2125,
  0x2125, 0x2125, 0x2125, 0x2125, 0x2104, 0x18C3, 0x10A3, 0x2104, 0x41C6, 0x6AE9, 0x730A, 0x8BAC,
  0x940D, 0x8C0D, 0xA4B0, 0xC593, 0xD635, 0xD635, 0xCDB4, 0xB531, 0xB511, 0xACD0, 0xA4B0, 0xDE35,
  0xD635, 0xD615, 0xD615, 0xD615, 0xD615, 0xD615, 0xD615, 0xD615, 0xD615, 0xD635, 0xA4D0, 0xCDD4,
  0xD635, 0xD615, 0xD615, 0xD615, 0xD615, 0xD615, 0xDE35, 0xDE35, 0xD5F4, 0xBD73, 0x6AE9, 0x71A5,
  0x91A5, 0xA9E6, 0x99C6, 0x91A5, 0x5104, 0x0082, 0x99E6, 0xD32B, 0x89C6, 0x7944, 0x0020, 0x0021,
  0x0021, 0x0021, 0x0021, 0x0021, 0x0021, 0x0021, 0x0021, 0x0021, 0x0021, 0x0021, 0x0021, 0x0021,
  0x0021, 0x0021, 0x0021, 0x0021, 0x0021, 0x0021, 0x0021, 0x0021, 0x0021, 0x0021, 0x0021, 0x0021,
  0x0021, 0x0021, 0x0021, 0x0021, 0x0021, 0x0021, 0x0021, 0x0021, 0x0021, 0x0021, 0x0021, 0x0021,
  0x0021, 0x0021, 0x0021, 0x0021, 0x0021, 0x0021, 0x0021, 0x0021, 0x0021, 0x0021, 0x0021, 0x0021,
  0x0021, 0x0021, 0x0021, 0x0021, 0x0021, 0x0021, 0x0021, 0x0021, 0x0021, 0x0021, 0x0021, 0x0021,
  0x0021, 0x0021, 0x0021, 0x0021, 0x0021, 0x0021, 0x0021, 0x0021, 0x0020, 0x0000, 0x0020, 0x2882,
  0x5903, 0x8985, 0xAA07, 0xBA27, 0xB227, 0xA9E6, 0xA1C6, 0x99E6, 0xA248, 0xC2EA, 0xD34C, 0xAAEA,
  0x7207, 0x4965, 0x2945, 0x2145, 0x2986, 0x31A6, 0x31A6, 0x3186, 0x3186, 0x2945, 0x2124, 0x2104,
  0x2124, 0x2125, 0x2125, 0x2125, 0x2125, 0x2124, 0x2124, 0x2125, 0x2125, 0x2145, 0x2145, 0x2104,
  0x18C3, 0x10A3, 0x2104, 0x41C6, 0x62C9, 0x838B, 0x8BCC, 0x8BED, 0x940E, 0xA4B0, 0xBD93, 0xD635,
  0xCDD4, 0xACF1, 0xB532, 0xACF1, 0xB532, 0xC5B3, 0xD615, 0xDE35, 0xD635, 0xD615, 0xD615, 0xD615,
  0xDE56, 0xB511, 0xBD93, 0xDE55, 0xD5F4, 0xD615, 0xD615, 0xD615, 0xD615, 0xD615, 0xD615, 0xCDF4,
  0xDE35, 0xBD72, 0xBD52, 0xC5D4, 0x9C4F, 0x82E9, 0x69C6, 0x8144, 0x3082, 0x5924, 0xDB0A, 0x8A07,
  0x9185, 0x1861, 0x0021, 0x0021, 0x0021, 0x0021, 0x0021, 0x0021, 0x0021, 0x0021, 0x0021, 0x0021,
  0x0021, 0x0021, 0x0021, 0x0021, 0x0021, 0x0021, 0x0021, 0x0021, 0x0021, 0x0021, 0x0021, 0x0021,
  0x0021, 0x0021, 0x0021, 0x0021, 0x0021, 0x0021, 0x0021, 0x0021, 0x0021, 0x0021, 0x0021, 0x0021,
  0x0021, 0x0021, 0x0021, 0x0021, 0x0021, 0x0021, 0x0021, 0x0021, 0x0021, 0x0021, 0x0021, 0x0021,
  0x0021, 0x0021, 0x0021, 0x0021, 0x0021, 0x0021, 0x0021, 0x0021, 0x0021, 0x0021, 0x0021, 0x0021,
  0x0021, 0x0021, 0x0021, 0x0021, 0x0021, 0x0021, 0x0021, 0x0021, 0x0021, 0x0021, 0x0021, 0x0021,
  0x0021, 0x0021, 0x0021, 0x0000, 0x0000, 0x0020, 0x2061, 0x50E3, 0x8985, 0xAA07, 0xB227, 0xB207,
  0xA9E6, 0xA1C6, 0xA207, 0xAA89, 0xBACA, 0xCB4B, 0xB2EA, 0x7A07, 0x4985, 0x2945, 0x2165, 0x2986,
  0x31A6, 0x31A6, 0x3186, 0x2986, 0x1924, 0x2125, 0x2104, 0x2104, 0x2125, 0x2125, 0x2125, 0x2124,
  0x2124, 0x2124, 0x2125, 0x2125, 0x2145, 0x2145, 0x2124, 0x18C3, 0x10A3, 0x2104, 0x41E6, 0x6AE9,
  0x83AC, 0x8BEC, 0x83AC, 0x942E, 0x8BED, 0xB552, 0xDE56, 0xDE35, 0xC5B3, 0xB532, 0xAD11, 0xB532,
  0xC5B3, 0xD5F4, 0xD615, 0xDE35, 0xC5B4, 0xACF1, 0xDE35, 0xD615, 0xD615, 0xD615, 0xD615, 0xD614,
  0xD615, 0xD615, 0xD615, 0xD635, 0xCDB3, 0xACF1, 0xDE56, 0xDE35, 0xDE56, 0xD655, 0xCDD4, 0x9C6F,
  0x6185, 0xB248, 0x9227, 0x91A5, 0x40A2, 0x0000, 0x0021, 0x0021, 0x0021, 0x0021, 0x0021, 0x0021,
  0x0021, 0x0021, 0x0021, 0x0021, 0x0021, 0x0021, 0x0021, 0x0021, 0x0021, 0x0021, 0x0021, 0x0021,
  0x0021, 0x0021, 0x0021, 0x0021, 0x0021, 0x0021, 0x0021, 0x0021, 0x0021, 0x0021, 0x0021, 0x0021,
  0x0021, 0x0021, 0x0021, 0x0021, 0x0021, 0x0021, 0x0021, 0x0021, 0x0021, 0x0021, 0x0021, 0x0021,
  0x0021, 0x0021, 0x0021, 0x0021, 0x0021, 0x0021, 0x0021, 0x0021, 0x0021, 0x0021, 0x0021, 0x0021,
  0x0021, 0x0021, 0x0021, 0x0021, 0x0021, 0x0021, 0x0021, 0x0021, 0x0021, 0x0021, 0x0021, 0x0021,
  0x0021, 0x0021, 0x0021, 0x0021, 0x0021, 0x0021, 0x0021, 0x0021, 0x0021, 0x0021, 0x0020, 0x0000,
  0x0000, 0x2061, 0x5103, 0x8185, 0xAA07, 0xBA27, 0x99E6, 0x89E6, 0x91A5, 0xA207, 0xAA68, 0xC2EA,
  0xCB2B, 0xB2C9, 0x8227, 0x4985, 0x2945, 0x2145, 0x2166, 0x3986, 0x8A07, 0x3165, 0x3186, 0x2945,
  0x2124, 0x2104, 0x2104, 0x2124, 0x2125, 0x2125, 0x2125, 0x2125, 0x2125, 0x2125, 0x2125, 0x2145,
  0x2945, 0x2125, 0x18E4, 0x10C3, 0x2104, 0x41C6, 0x62C9, 0x838C, 0x7B4B, 0x8BCD, 0x940E, 0xA490,
  0xBD73, 0xDE35, 0xDE56, 0xC5B4, 0xB511, 0xACD0, 0xB532, 0xC5B3, 0xA4B0, 0xDE56, 0xD635, 0xD615,
  0xD615, 0xD615, 0xD615, 0xD615, 0xD615, 0xD615, 0xD615, 0xD635, 0xACF1, 0xCDF4, 0xD635, 0xD615,
  0xD615, 0xD615, 0xDE76, 0x9BCD, 0xC2A9, 0x9AA9, 0x8165, 0x6924, 0x0000, 0x0021, 0x0021, 0x0021,
  0x0021, 0x0021, 0x0021, 0x0021, 0x0021, 0x0021, 0x0021, 0x0021, 0x0021, 0x0021, 0x0021, 0x0021,
  0x0021, 0x0021, 0x0021, 0x0021, 0x0021, 0x0021, 0x0021, 0x0021, 0x0021, 0x0021, 0x0021, 0x0021,
  0x0021, 0x0021, 0x0021, 0x0021, 0x0021, 0x0021, 0x0021, 0x0021, 0x0021, 0x0021, 0x0021, 0x0021,
  0x0021, 0x0021, 0x0021, 0x0021, 0x0021, 0x0021, 0x0021, 0x0021, 0x0021, 0x0021, 0x0021, 0x0021,
  0x0021, 0x0021, 0x0021, 0x0021, 0x0021, 0x0021, 0x0021, 0x0021, 0x0021, 0x0021, 0x0021, 0x0021,
  0x0021, 0x0021, 0x0021, 0x0021, 0x0021, 0x0021, 0x0021, 0x0021, 0x0021, 0x0021, 0x0021, 0x0021,
  0x0021, 0x0021, 0x0021, 0x0021, 0x0021, 0x0020, 0x0000, 0x0000, 0x1861, 0x5103, 0x7965, 0x8985,
  0xB227, 0xB207, 0xA9E6, 0x99C6, 0xA1E6, 0xAA68, 0xBAEA, 0xCB2B, 0xB2EA, 0x8207, 0x4986, 0x3145,
  0x4944, 0x2965, 0x31A6, 0x31A6, 0x3186, 0x2966, 0x2945, 0x2124, 0x2104, 0x2104, 0x2125, 0x2125,
  0x2125, 0x2125, 0x2125, 0x2125, 0x2125, 0x2125, 0x2945, 0x2945, 0x2124, 0x18E4, 0x10C3, 0x2104,
  0x3185, 0x62A9, 0x838B, 0x8BEC, 0x8BED, 0x940E, 0xA4B0, 0xBD73, 0xD615, 0xD635, 0xC5B3, 0x942E,
  0xA4B0, 0xB531, 0xC5B3, 0xD615, 0xD635, 0xD635, 0xD615, 0xD615, 0xD615, 0xD5F4, 0xDE35, 0xAD11,
  0xC593, 0xDE35, 0xD615, 0xD615, 0xD615, 0xDE56, 0x9C8F, 0xB268, 0xC2EA, 0x81A6, 0x8965, 0x0841,
  0x0021, 0x0021, 0x0021, 0x0021, 0x0021, 0x0021, 0x0021, 0x0021, 0x0021, 0x0021, 0x0021, 0x0021,
  0x0021, 0x0021, 0x0021, 0x0021, 0x0021, 0x0021, 0x0021, 0x0021, 0x0021, 0x0021, 0x0021, 0x0021,
  0x0021, 0x0021, 0x0021, 0x0021, 0x0021, 0x0021, 0x0021, 0x0021, 0x0021, 0x0021, 0x0021, 0x0021,
  0x0021, 0x0021, 0x0021, 0x0021, 0x0021, 0x0021, 0x0021, 0x0021, 0x0021, 0x0021, 0x0021, 0x0021,
  0x0021, 0x0021, 0x0021, 0x0021, 0x0021, 0x0021, 0x0021, 0x0021, 0x0021, 0x0021, 0x0021, 0x0021,
  0x0021, 0x0021, 0x0021, 0x0021, 0x0021, 0x0021, 0x0021, 0x0021, 0x0021, 0x0021, 0x0021, 0x0021,
  0x0021, 0x0021, 0x0021, 0x0021, 0x0021, 0x0021, 0x0021, 0x0021, 0x0021, 0x0021, 0x0021, 0x0021,
  0x0020, 0x0000, 0x0020, 0x2082, 0x5103, 0x8185, 0xAA07, 0xB227, 0xB227, 0xA9E6, 0xA1E6, 0xA207,
  0xAA68, 0xBAEA, 0xCB6C, 0xBB0A, 0x7A07, 0x4985, 0x2925, 0x2145, 0x2986, 0x31A6, 0x31A6, 0x31A6,
  0x3186, 0x2945, 0x2104, 0x2104, 0x2104, 0x2125, 0x2125, 0x2145, 0x2125, 0x2125, 0x2125, 0x2125,
  0x2145, 0x2945, 0x2945, 0x2125, 0x18E4, 0x10A3, 0x18E3, 0x39C6, 0x62C9, 0x838B, 0x8BCC, 0x8BCC,
  0x940E, 0xA4B0, 0xA4B0, 0xC593, 0xDE76, 0xC5B3, 0xB511, 0xACF1, 0xB532, 0xC5B3, 0xD615, 0xDE35,
  0xD635, 0xDE35, 0xBD72, 0xB511, 0xDE56, 0xD615, 0xD615, 0xD615, 0xDE35, 0xBD93, 0xA289, 0xE34C,
  0x8A07, 0x9985, 0x2882, 0x0000, 0x0021, 0x0021, 0x0021, 0x0021, 0x0021, 0x0021, 0x0021, 0x0021,
  0x0021, 0x0021, 0x0021, 0x0021, 0x0021, 0x0021, 0x0021, 0x0021, 0x0021, 0x0021, 0x0021, 0x0021,
  0x0021, 0x0021, 0x0021, 0x0021, 0x0021, 0x0021, 0x0021, 0x0021, 0x0021, 0x0021, 0x0021, 0x0021,
  0x0021, 0x0021, 0x0021, 0x0021, 0x0021, 0x0021, 0x0021, 0x0021, 0x0021, 0x0021, 0x0021, 0x0021,
  0x0021, 0x0021, 0x0021, 0x0021, 0x0021, 0x0021, 0x0021, 0x0021, 0x0021, 0x0021, 0x0021, 0x0021,
  0x0021, 0x0021, 0x0021, 0x0021, 0x0021, 0x0021, 0x0021, 0x0021, 0x0021, 0x0021, 0x0021, 0x0021,
  0x0021, 0x0021, 0x0021, 0x0021, 0x0021, 0x0021, 0x0021, 0x0021, 0x0021, 0x0021, 0x0021, 0x0021,
  0x0021, 0x0021, 0x0021, 0x0021, 0x0021, 0x0021, 0x0021, 0x0000, 0x0000, 0x0000, 0x1861, 0x48E3,
  0x8185, 0xAA07, 0xBA27, 0xB227, 0xA9E6, 0xA1E6, 0xA207, 0xAA68, 0xC2CA, 0xCB0B, 0xB30A, 0x8248,
  0x4985, 0x2945, 0x2165, 0x2986, 0x31A6, 0x31A6, 0x3186, 0x3186, 0x2945, 0x1904, 0x2124, 0x2124,
  0x2125, 0x2125, 0x2125, 0x2125, 0x2125, 0x2125, 0x2125, 0x2125, 0x2125, 0x2125, 0x2104, 0x18C3,
  0x10A3, 0x20E3, 0x39C6, 0x62C9, 0x838B, 0x8BAC, 0x732A, 0x942E, 0x9C8F, 0xC593, 0xDE35, 0xDE35,
  0xCDB4, 0xB511, 0xACF1, 0xBD52, 0xC5B3, 0xCDF4, 0xACF1, 0xD635, 0xD615, 0xD615, 0xD615, 0xD615,
  0xD635, 0x8B0B, 0xE30B, 0x9A89, 0x99A5, 0x50E3, 0x0000, 0x0021, 0x0021, 0x0021, 0x0021, 0x0021,
  0x0021, 0x0021, 0x0021, 0x0021, 0x0021, 0x0021, 0x0021, 0x0021, 0x0021, 0x0021, 0x0021, 0x0021,
  0x0021, 0x0021, 0x0021, 0x0021, 0x0021, 0x0021, 0x0021, 0x0021, 0x0021, 0x0021, 0x0021, 0x0021,
  0x0021, 0x0021, 0x0021, 0x0021, 0x0021, 0x0021, 0x0021, 0x0021, 0x0021, 0x0021, 0x0021, 0x0021,
  0x0021, 0x0021, 0x0021, 0x0021, 0x0021, 0x0021, 0x0021, 0x0021, 0x0021, 0x0021, 0x0021, 0x0021,
  0x0021, 0x0021, 0x0021, 0x0021, 0x0021, 0x0021, 0x0021, 0x0021, 0x0021, 0x0021, 0x0021, 0x0021,
  0x0021, 0x0021, 0x0021, 0x0021, 0x0021, 0x0021, 0x0021, 0x0021, 0x0021, 0x0021, 0x0021, 0x0021,
  0x0021, 0x0021, 0x0021, 0x0021, 0x0021, 0x0021, 0x0021, 0x0021, 0x0021, 0x0021, 0x0021, 0x0021,
  0x0021, 0x0021, 0x0021, 0x0000, 0x0020, 0x1861, 0x50E3, 0x8185, 0xAA07, 0xBA48, 0x99E6, 0x89E6,
  0x9185, 0xA207, 0xB289, 0xC2EA, 0xCB0B, 0xB2C9, 0x7A07, 0x4985, 0x2945, 0x2145, 0x2986, 0x31A6,
  0x39A6, 0x61E7, 0x3165, 0x2945, 0x2124, 0x2104, 0x2104, 0x2125, 0x2145, 0x2125, 0x2125, 0x2125,
  0x2124, 0x2124, 0x2125, 0x2145, 0x2125, 0x2124, 0x18E4, 0x10C3, 0x18E3, 0x39A5, 0x5248, 0x838C,
  0x8BCC, 0x8BED, 0x940E, 0xA490, 0xBD73, 0xD635, 0xDE56, 0xA4D0, 0xACD0, 0x9C6F, 0xAD11, 0xCDD4,
  0xD5F4, 0xDE35, 0xD635, 0xDE76, 0x93ED, 0xC289, 0xBB0A, 0x91A5, 0x7944, 0x0020, 0x0021, 0x0021,
  0x0021, 0x0021, 0x0021, 0x0021, 0x0021, 0x0021, 0x0021, 0x0021, 0x0021, 0x0021, 0x0021, 0x0021,
  0x0021, 0x0021, 0x0021, 0x0021, 0x0021, 0x0021, 0x0021, 0x0021, 0x0021, 0x0021, 0x0021, 0x0021,
  0x0021, 0x0021, 0x0021, 0x0021, 0x0021, 0x0021, 0x0021, 0x0021, 0x0021, 0x0021, 0x0021, 0x0021,
  0x0021, 0x0021, 0x0021, 0x0021, 0x0021, 0x0021, 0x0021, 0x0021, 0x0021, 0x0021, 0x0021, 0x0021,
  0x0021, 0x0021, 0x0021, 0x0021, 0x0021, 0x0021, 0x0021, 0x0021, 0x0021, 0x0021, 0x0021, 0x0021,
  0x0021, 0x0021, 0x0021, 0x0021, 0x0021, 0x0021, 0x0021, 0x0021, 0x0021, 0x0021, 0x0021, 0x0021,
  0x0021, 0x0021, 0x0021, 0x0021, 0x0021, 0x0021, 0x0021, 0x0021, 0x0021, 0x0021, 0x0021, 0x0021,
  0x0021, 0x0021, 0x0021, 0x0021, 0x0021, 0x0021, 0x0021, 0x0021, 0x0021, 0x0020, 0x0000, 0x0000,
  0x1861, 0x50E3, 0x7965, 0x8985, 0xB207, 0xBA27, 0xA9C6, 0x99A6, 0x99E6, 0xB268, 0xC2EA, 0xCB2B,
  0xB2EA, 0x8227, 0x4965, 0x2125, 0x2924, 0x71C6, 0x3145, 0x3186, 0x3186, 0x3186, 0x2945, 0x2124,
  0x2124, 0x2104, 0x2125, 0x2125, 0x2125, 0x2125, 0x2124, 0x2124, 0x2124, 0x2124, 0x2125, 0x2125,
  0x2104, 0x18E4, 0x10C3, 0x20E3, 0x39C6, 0x62C9, 0x836B, 0x8BCC, 0x8BCC, 0x940E, 0x942E, 0xA4D1,
  0xDE35, 0xD615, 0xCDF5, 0xB552, 0xACD0, 0xB511, 0xD5F4, 0xA4F1, 0xAA89, 0xD34B, 0x89C6, 0x9185,
  0x1041, 0x0020, 0x0021, 0x0021, 0x0021, 0x0021, 0x0021, 0x0021, 0x0021, 0x0021, 0x0021, 0x0021,
  0x0021, 0x0021, 0x0021, 0x0021, 0x0021, 0x0021, 0x0021, 0x0021, 0x0021, 0x0021, 0x0021, 0x0021,
  0x0021, 0x0021, 0x0021, 0x0021, 0x0021, 0x0021, 0x0021, 0x0021, 0x0021, 0x0021, 0x0021, 0x0021,
  0x0021, 0x0021, 0x0021, 0x0021, 0x0021, 0x0021, 0x0021, 0x0021, 0x0021, 0x0021, 0x0021, 0x0021,
  0x0021, 0x0021, 0x0021, 0x0021, 0x0021, 0x0021, 0x0021, 0x0021, 0x0021, 0x0021, 0x0021, 0x0021,
  0x0021, 0x0021, 0x0021, 0x0021, 0x0021, 0x0021, 0x0021, 0x0021, 0x0021, 0x0021, 0x0021, 0x0021,
  0x0021, 0x0021, 0x0021, 0x0021, 0x0021, 0x0021, 0x0021, 0x0021, 0x0021, 0x0021, 0x0021, 0x0021,
  0x0021, 0x0021, 0x0021, 0x0021, 0x0021, 0x0021, 0x0021, 0x0021, 0x0021, 0x0021, 0x0021, 0x0021,
  0x0021, 0x0021, 0x0021, 0x0021, 0x0020, 0x0000, 0x0020, 0x2082, 0x5903, 0x8985, 0xA1E6, 0xB227,
  0xB227, 0xA9E6, 0xA1C6, 0xA1E6, 0xAA68, 0xBAEA, 0xCB0B, 0xB2EA, 0x8227, 0x3924, 0x2124, 0x2145,
  0x2986, 0x31A6, 0x31A6, 0x3186, 0x3186, 0x2945, 0x2124, 0x2104, 0x2104, 0x2124, 0x2125, 0x2125,
  0x2125, 0x2125, 0x2124, 0x2124, 0x2125, 0x2145, 0x2125, 0x2125, 0x18E4, 0x10A3, 0x2104, 0x39A6,
  0x62A8, 0x838B, 0x7B6B, 0x83AC, 0x940E, 0xA4B0, 0xC5B4, 0xD635, 0xDE56, 0xCDD4, 0x9CD0, 0x8A48,
  0xEB6C, 0x8A27, 0x9985, 0x38A2, 0x0000, 0x0021, 0x0021, 0x0021, 0x0021, 0x0021, 0x0021, 0x0021,
  0x0021, 0x0021, 0x0021, 0x0021, 0x0021, 0x0021, 0x0021, 0x0021, 0x0021, 0x0021, 0x0021, 0x0021,
  0x0021, 0x0021, 0x0021, 0x0021, 0x0021, 0x0021, 0x0021, 0x0021, 0x0021, 0x0021, 0x0021, 0x0021,
  0x0021, 0x0021, 0x0021, 0x0021, 0x0021, 0x0021, 0x0021, 0x0021, 0x0021, 0x0021, 0x0021, 0x0021,
  0x0021, 0x0021, 0x0021, 0x0021, 0x0021, 0x0021, 0x0021, 0x0021, 0x0021, 0x0021, 0x0021, 0x0021,
  0x0021, 0x0021, 0x0021, 0x0021, 0x0021, 0x0021, 0x0021, 0x0021, 0x0021, 0x0021, 0x0021, 0x0021,
  0x0021, 0x0021, 0x0021, 0x0021, 0x0021, 0x0021, 0x0021, 0x0021, 0x0021, 0x0021, 0x0021, 0x0021,
  0x0021, 0x0021, 0x0021, 0x0021, 0x0021, 0x0021, 0x0021, 0x0021, 0x0021, 0x0021, 0x0021, 0x0021,
  0x0021, 0x0021, 0x0021, 0x0021, 0x0021, 0x0021, 0x0021, 0x0021, 0x0021, 0x0021, 0x0021, 0x0020,
  0x0000, 0x0000, 0x1861, 0x5103, 0x8985, 0xAA07, 0xBA27, 0xB207, 0xA9E6, 0x99C6, 0xA207, 0xB289,
  0xC2EA, 0xCAEA, 0xB2CA, 0x8248, 0x4986, 0x2125, 0x2145, 0x2986, 0x31A6, 0x31A6, 0x3186, 0x2966,
  0x2945, 0x1904, 0x1904, 0x2104, 0x2125, 0x2125, 0x2125, 0x2125, 0x2125, 0x2125, 0x2124, 0x2125,
  0x2125, 0x2125, 0x2104, 0x18C3, 0x10A3, 0x2104, 0x3185, 0x5A88, 0x836B, 0x8BCC, 0x8BAC, 0x8C0D,
  0xACF1, 0xC5D4, 0x936C, 0xBA68, 0xA2A9, 0x99A5, 0x6103, 0x0000, 0x0021, 0x0021, 0x0021, 0x0021,
  0x0021, 0x0021, 0x0021, 0x0021, 0x0021, 0x0021, 0x0021, 0x0021, 0x0021, 0x0021, 0x0021, 0x0021,
  0x0021, 0x0021, 0x0021, 0x0021, 0x0021, 0x0021, 0x0021, 0x0021, 0x0021, 0x0021, 0x0021, 0x0021,
  0x0021, 0x0021, 0x0021, 0x0021, 0x0021, 0x0021, 0x0021, 0x0021, 0x0021, 0x0021, 0x0021, 0x0021,
  0x0021, 0x0021, 0x0021, 0x0021, 0x0021, 0x0021, 0x0021, 0x0021, 0x0021, 0x0021, 0x0021, 0x0021,
  0x0021, 0x0021, 0x0021, 0x0021, 0x0021, 0x0021, 0x0021, 0x0021, 0x0021, 0x0021, 0x0021, 0x0021,
  0x0021, 0x0021, 0x0021, 0x0021, 0x0021, 0x0021, 0x0021, 0x0021, 0x0021, 0x0021, 0x0021, 0x0021,
  0x0021, 0x0021, 0x0021, 0x0021, 0x0021, 0x0021, 0x0021, 0x0021, 0x0021, 0x0021, 0x0021, 0x0021,
  0x0021, 0x0021, 0x0021, 0x0021, 0x0021, 0x0021, 0x0021, 0x0021, 0x0021, 0x0021, 0x0021, 0x0021,
  0x0021, 0x0021, 0x0021, 0x0021, 0x0021, 0x0021, 0x0020, 0x0000, 0x0000, 0x2061, 0x5103, 0x8985,
  0xAA07, 0xB227, 0xB227, 0x89A6, 0x91E6, 0x99C6, 0xB289, 0xC32B, 0xCB0B, 0xB2A9, 0x7A07, 0x4986,
  0x2945, 0x2145, 0x2986, 0x31A6, 0x31A6, 0x41A6, 0x3986, 0x2945, 0x2124, 0x2104, 0x2124, 0x2125,
  0x2125, 0x2125, 0x2125, 0x2125, 0x2125, 0x2124, 0x2124, 0x2125, 0x2145, 0x2124, 0x18E4, 0x10A3,
  0x20E3, 0x39A5, 0x62A8, 0x838B, 0x8BCC, 0x7B6B, 0x9228, 0xB2EA, 0x89A5, 0x8164, 0x0821, 0x0021,
  0x0021, 0x0021, 0x0021, 0x0021, 0x0021, 0x0021, 0x0021, 0x0021, 0x0021, 0x0021, 0x0021, 0x0021,
  0x0021, 0x0021, 0x0021, 0x0021, 0x0021, 0x0021, 0x0021, 0x0021, 0x0021, 0x0021, 0x0021, 0x0021,
  0x0021, 0x0021, 0x0021, 0x0021, 0x0021, 0x0021, 0x0021, 0x0021, 0x0021, 0x0021, 0x0021, 0x0021,
  0x0021, 0x0021, 0x0021, 0x0021, 0x0021, 0x0021, 0x0021, 0x0021, 0x0021, 0x0021, 0x0021, 0x0021,
  0x0021, 0x0021, 0x0021, 0x0021, 0x0021, 0x0021, 0x0021, 0x0021, 0x0021, 0x0021, 0x0021, 0x0021,
  0x0021, 0x0021, 0x0021, 0x0021, 0x0021, 0x0021, 0x0021, 0x0021, 0x0021, 0x0021, 0x0021, 0x0021,
  0x0021, 0x0021, 0x0021, 0x0021, 0x0021, 0x0021, 0x0021, 0x0021, 0x0021, 0x0021, 0x0021, 0x0021,
  0x0021, 0x0021, 0x0021, 0x0021, 0x0021, 0x0021, 0x0021, 0x0021, 0x0021, 0x0021, 0x0021, 0x0021,
  0x0021, 0x0021, 0x0021, 0x0021, 0x0021, 0x0021, 0x0021, 0x0021, 0x0021, 0x0021, 0x0021, 0x0021,
  0x0021, 0x0020, 0x0000, 0x0020, 0x2061, 0x5103, 0x89A5, 0x99E6, 0x99E6, 0xAA07, 0xA9E6, 0x99A6,
  0x99E6, 0xB268, 0xC30A, 0xCB4B, 0xB2CA, 0x7A07, 0x4165, 0x2945, 0x1125, 0x71C6, 0x71C6, 0x2986,
  0x3186, 0x2965, 0x2945, 0x2104, 0x2104, 0x2104, 0x2125, 0x2125, 0x2125, 0x2125, 0x2124, 0x2124,
  0x2124, 0x2125, 0x2125, 0x2125, 0x2124, 0x18C3, 0x10C3, 0x2104, 0x39C6, 0x4A07, 0x8985, 0x91A5,
  0x9185, 0x2061, 0x0000, 0x0021, 0x0021, 0x0021, 0x0021, 0x0021, 0x0021, 0x0021, 0x0021, 0x0021,
  0x0021, 0x0021, 0x0021, 0x0021, 0x0021, 0x0021, 0x0021, 0x0021, 0x0021, 0x0021, 0x0021, 0x0021,
  0x0021, 0x0021, 0x0021, 0x0021, 0x0021, 0x0021, 0x0021, 0x0021, 0x0021, 0x0021, 0x0021, 0x0021,
  0x0021, 0x0021, 0x0021, 0x0021, 0x0021, 0x0021, 0x0021, 0x0021, 0x0021, 0x0021, 0x0021, 0x0021,
  0x0021, 0x0021, 0x0021, 0x0021, 0x0021, 0x0021, 0x0021, 0x0021, 0x0021, 0x0021, 0x0021, 0x0021,
  0x0021, 0x0021, 0x0021, 0x0021, 0x0021, 0x0021, 0x0021, 0x0021, 0x0021, 0x0021, 0x0021, 0x0021,
  0x0021, 0x0021, 0x0021, 0x0021, 0x0021, 0x0021, 0x0021, 0x0021, 0x0021, 0x0021, 0x0021, 0x0021,
  0x0021, 0x0021, 0x0021, 0x0021, 0x0021, 0x0021, 0x0021, 0x0021, 0x0021, 0x0021, 0x0021, 0x0021,
  0x0021, 0x0021, 0x0021, 0x0021, 0x0021, 0x0021, 0x0021, 0x0021, 0x0021, 0x0021, 0x0021, 0x0021,
  0x0021, 0x0021, 0x0021, 0x0021, 0x0021, 0x0021, 0x0021, 0x0021, 0x0020, 0x0000, 0x0000, 0x2882,
  0x5903, 0x91A5, 0xAA07, 0xB227, 0xB207, 0xA9E6, 0xA1C6, 0xA207, 0xAA68, 0xC30A, 0xCB2B, 0xB2A9,
  0x79E6, 0x4145, 0x2104, 0x2145, 0x2986, 0x31A6, 0x31A6, 0x3186, 0x3186, 0x2945, 0x2104, 0x2104,
  0x2104, 0x2125, 0x2125, 0x2125, 0x2125, 0x2124, 0x2124, 0x2124, 0x2125, 0x2145, 0x2945, 0x2125,
  0x0882, 0x7185, 0x81A6, 0x9165, 0x48C2, 0x0000, 0x0021, 0x0021, 0x0021, 0x0021, 0x0021, 0x0021,
  0x0021, 0x0021, 0x0021, 0x0021, 0x0021, 0x0021, 0x0021, 0x0021, 0x0021, 0x0021, 0x0021, 0x0021,
  0x0021, 0x0021, 0x0021, 0x0021, 0x0021, 0x0021, 0x0021, 0x0021, 0x0021, 0x0021, 0x0021, 0x0021,
  0x0021, 0x0021, 0x0021, 0x0021, 0x0021, 0x0021, 0x0021, 0x0021, 0x0021, 0x0021, 0x0021, 0x0021,
  0x0021, 0x0021, 0x0021, 0x0021, 0x0021, 0x0021, 0x0021, 0x0021, 0x0021, 0x0021, 0x0021, 0x0021,
  0x0021, 0x0021, 0x0021, 0x0021, 0x0021, 0x0021, 0x0021, 0x0021, 0x0021, 0x0021, 0x0021, 0x0021,
  0x0021, 0x0021, 0x0021, 0x0021, 0x0021, 0x0021, 0x0021, 0x0021, 0x0021, 0x0021, 0x0021, 0x0021,
  0x0021, 0x0021, 0x0021, 0x0021, 0x0021, 0x0021, 0x0021, 0x0021, 0x0021, 0x0021, 0x0021, 0x0021,
  0x0021, 0x0021, 0x0021, 0x0021, 0x0021, 0x0021, 0x0021, 0x0021, 0x0021, 0x0021, 0x0021, 0x0021,
  0x0021, 0x0021, 0x0021, 0x0021, 0x0021, 0x0021, 0x0021, 0x0021, 0x0021, 0x0021, 0x0021, 0x0021,
  0x0021, 0x0021, 0x0021, 0x0000, 0x0000, 0x0020, 0x2081, 0x5903, 0x89A6, 0xAA07, 0xB227, 0xB227,
  0xA9E6, 0xA1C6, 0xA207, 0xAA68, 0xC2EA, 0xCB4B, 0xB2A9, 0x8227, 0x4985, 0x2125, 0x2145, 0x2986,
  0x31A6, 0x39A6, 0x3186, 0x2965, 0x2945, 0x2124, 0x1904, 0x2104, 0x2125, 0x2125, 0x2125, 0x2125,
  0x2124, 0x2125, 0x2945, 0x10E4, 0x79E7, 0xC30B, 0x91A5, 0x7124, 0x0000, 0x0021, 0x0021, 0x0021,
  0x0021, 0x0021, 0x0021, 0x0021, 0x0021, 0x0021, 0x0021, 0x0021, 0x0021, 0x0021, 0x0021, 0x0021,
  0x0021, 0x0021, 0x0021, 0x0021, 0x0021, 0x0021, 0x0021, 0x0021, 0x0021, 0x0021, 0x0021, 0x0021,
  0x0021, 0x0021, 0x0021, 0x0021, 0x0021, 0x0021, 0x0021, 0x0021, 0x0021, 0x0021, 0x0021, 0x0021,
  0x0021, 0x0021, 0x0021, 0x0021, 0x0021, 0x0021, 0x0021, 0x0021, 0x0021, 0x0021, 0x0021, 0x0021,
  0x0021, 0x0021, 0x0021, 0x0021, 0x0021, 0x0021, 0x0021, 0x0021, 0x0021, 0x0021, 0x0021, 0x0021,
  0x0021, 0x0021, 0x0021, 0x0021, 0x0021, 0x0021, 0x0021, 0x0021, 0x0021, 0x0021, 0x0021, 0x0021,
  0x0021, 0x0021, 0x0021, 0x0021, 0x0021, 0x0021, 0x0021, 0x0021, 0x0021, 0x0021, 0x0021, 0x0021,
  0x0021, 0x0021, 0x0021, 0x0021, 0x0021, 0x0021, 0x0021, 0x0021, 0x0021, 0x0021, 0x0021, 0x0021,
  0x0021, 0x0021, 0x0021, 0x0021, 0x0021, 0x0021, 0x0021, 0x0021, 0x0021, 0x0021, 0x0021, 0x0021,
  0x0021, 0x0021, 0x0021, 0x0021, 0x0021, 0x0021, 0x0021, 0x0021, 0x0021, 0x0021, 0x0020, 0x0000,
  0x0020, 0x2082, 0x5903, 0x91A6, 0xB207, 0xBA47, 0xB227, 0xA1E6, 0x9207, 0x9A07, 0xAA68, 0xC30B,
  0xCB2B, 0xB2A9, 0x79E7, 0x4165, 0x2945, 0x2145, 0x2986, 0x31A6, 0x31A6, 0x31A6, 0x3165, 0x2124,
  0x2124, 0x2104, 0x2124, 0x2124, 0x2125, 0x2945, 0x1925, 0x4145, 0xCB2B, 0x81A6, 0x8965, 0x1041,
  0x0021, 0x0021, 0x0021, 0x0021, 0x0021, 0x0021, 0x0021, 0x0021, 0x0021, 0x0021, 0x0021, 0x0021,
  0x0021, 0x0021, 0x0021, 0x0021, 0x0021, 0x0021, 0x0021, 0x0021, 0x0021, 0x0021, 0x0021, 0x0021,
  0x0021, 0x0021, 0x0021, 0x0021, 0x0021, 0x0021, 0x0021, 0x0021, 0x0021, 0x0021, 0x0021, 0x0021,
  0x0021, 0x0021, 0x0021, 0x0021, 0x0021, 0x0021, 0x0021, 0x0021, 0x0021, 0x0021, 0x0021, 0x0021,
  0x0021, 0x0021, 0x0021, 0x0021, 0x0021, 0x0021, 0x0021, 0x0021, 0x0021, 0x0021, 0x0021, 0x0021,
  0x0021, 0x0021, 0x0021, 0x0021, 0x0021, 0x0021, 0x0021, 0x0021, 0x0021, 0x0021, 0x0021, 0x0021,
  0x0021, 0x0021, 0x0021, 0x0021, 0x0021, 0x0021, 0x0021, 0x0021, 0x0021, 0x0021, 0x0021, 0x0021,
  0x0021, 0x0021, 0x0021, 0x0021, 0x0021, 0x0021, 0x0021, 0x0021, 0x0021, 0x0021, 0x0021, 0x0021,
  0x0021, 0x0021, 0x0021, 0x0021, 0x0021, 0x0021, 0x0021, 0x0021, 0x0021, 0x0021, 0x0021, 0x0021,
  0x0021, 0x0021, 0x0021, 0x0021, 0x0021, 0x0021, 0x0021, 0x0021, 0x0021, 0x0021, 0x0021, 0x0021,
  0x0021, 0x0021, 0x0021, 0x0021, 0x0021, 0x0020, 0x0000, 0x0020, 0x2882, 0x5903, 0x89A6, 0xAA07,
  0x9A07, 0x99C6, 0xA9E6, 0x99C6, 0x99E7, 0xAA88, 0xC30A, 0xC32B, 0xB2CA, 0x7A07, 0x4165, 0x2125,
  0x2166, 0x3986, 0xA247, 0x3145, 0x3186, 0x3165, 0x2945, 0x2104, 0x2104, 0x2125, 0x20E3, 0xC2EA,
  0x9A28, 0x9985, 0x30A2, 0x0000, 0x0021, 0x0021, 0x0021, 0x0021, 0x0021, 0x0021, 0x0021, 0x0021,
  0x0021, 0x0021, 0x0021, 0x0021, 0x0021, 0x0021, 0x0021, 0x0021, 0x0021, 0x0021, 0x0021, 0x0021,
  0x0021, 0x0021, 0x0021, 0x0021, 0x0021, 0x0021, 0x0021, 0x0021, 0x0021, 0x0021, 0x0021, 0x0021,
  0x0021, 0x0021, 0x0021, 0x0021, 0x0021, 0x0021, 0x0021, 0x0021, 0x0021, 0x0021, 0x0021, 0x0021,
  0x0021, 0x0021, 0x0021, 0x0021, 0x0021, 0x0021, 0x0021, 0x0021, 0x0021, 0x0021, 0x0021, 0x0021,
  0x0021, 0x0021, 0x0021, 0x0021, 0x0021, 0x0021, 0x0021, 0x0021, 0x0021, 0x0021, 0x0021, 0x0021,
  0x0021, 0x0021, 0x0021, 0x0021, 0x0021, 0x0021, 0x0021, 0x0021, 0x0021, 0x0021, 0x0021, 0x0021,
  0x0021, 0x0021, 0x0021, 0x0021, 0x0021, 0x0021, 0x0021, 0x0021, 0x0021, 0x0021, 0x0021, 0x0021,
  0x0021, 0x0021, 0x0021, 0x0021, 0x0021, 0x0021, 0x0021, 0x0021, 0x0021, 0x0021, 0x0021, 0x0021,
  0x0021, 0x0021, 0x0021, 0x0021, 0x0021, 0x0021, 0x0021, 0x0021, 0x0021, 0x0021, 0x0021, 0x0021,
  0x0021, 0x0021, 0x0021, 0x0021, 0x0021, 0x0021, 0x0021, 0x0021, 0x0021, 0x0021, 0x0021, 0x0021,
  0x0020, 0x0000, 0x0020, 0x2882, 0x5903, 0x89A5, 0xB207, 0xB227, 0xB207, 0xA9E6, 0xA1E6, 0xA207,
  0xAA88, 0xC30A, 0xC30B, 0xAAA9, 0x8248, 0x4165, 0x28C3, 0x2145, 0x2986, 0x3186, 0x3186, 0x3186,
  0x3186, 0x10C3, 0x9A48, 0xB2CA, 0x9185, 0x6103, 0x0000, 0x0021, 0x0021, 0x0021, 0x0021, 0x0021,
  0x0021, 0x0021, 0x0021, 0x0021, 0x0021, 0x0021, 0x0021, 0x0021, 0x0021, 0x0021, 0x0021, 0x0021,
  0x0021, 0x0021, 0x0021, 0x0021, 0x0021, 0x0021, 0x0021, 0x0021, 0x0021, 0x0021, 0x0021, 0x0021,
  0x0021, 0x0021, 0x0021, 0x0021, 0x0021, 0x0021, 0x0021, 0x0021, 0x0021, 0x0021, 0x0021, 0x0021,
  0x0021, 0x0021, 0x0021, 0x0021, 0x0021, 0x0021, 0x0021, 0x0021, 0x0021, 0x0021, 0x0021, 0x0021,
  0x0021, 0x0021, 0x0021, 0x0021, 0x0021, 0x0021, 0x0021, 0x0021, 0x0021, 0x0021, 0x0021, 0x0021,
  0x0021, 0x0021, 0x0021, 0x0021, 0x0021, 0x0021, 0x0021, 0x0021, 0x0021, 0x0021, 0x0021, 0x0021,
  0x0021, 0x0021, 0x0021, 0x0021, 0x0021, 0x0021, 0x0021, 0x0021, 0x0021, 0x0021, 0x0021, 0x0021,
  0x0021, 0x0021, 0x0021, 0x0021, 0x0021, 0x0021, 0x0021, 0x0021, 0x0021, 0x0021, 0x0021, 0x0021,
  0x0021, 0x0021, 0x0021, 0x0021, 0x0021, 0x0021, 0x0021, 0x0021, 0x0021, 0x0021, 0x0021, 0x0021,
  0x0021, 0x0021, 0x0021, 0x0021, 0x0021, 0x0021, 0x0021, 0x0021, 0x0021, 0x0021, 0x0021, 0x0021,
  0x0021, 0x0021, 0x0021, 0x0021, 0x0021, 0x0021, 0x0021, 0x0020, 0x0000, 0x0020, 0x2061, 0x5903,
  0x89A5, 0xAA07, 0xBA27, 0xB227, 0xA9E6, 0x99C6, 0x99E6, 0xB289, 0xC30A, 0xC30A, 0xAACA, 0x7A27,
  0x4145, 0x2124, 0x2165, 0x3186, 0x2165, 0x69A6, 0xC30B, 0x89A5, 0x8165, 0x0020, 0x0021, 0x0021,
  0x0021, 0x0021, 0x0021, 0x0021, 0x0021, 0x0021, 0x0021, 0x0021, 0x0021, 0x0021, 0x0021, 0x0021,
  0x0021, 0x0021, 0x0021, 0x0021, 0x0021, 0x0021, 0x0021, 0x0021, 0x0021, 0x0021, 0x0021, 0x0021,
  0x0021, 0x0021, 0x0021, 0x0021, 0x0021, 0x0021, 0x0021, 0x0021, 0x0021, 0x0021, 0x0021, 0x0021,
  0x0021, 0x0021, 0x0021, 0x0021, 0x0021, 0x0021, 0x0021, 0x0021, 0x0021, 0x0021, 0x0021, 0x0021,
  0x0021, 0x0021, 0x0021, 0x0021, 0x0021, 0x0021, 0x0021, 0x0021, 0x0021, 0x0021, 0x0021, 0x0021,
  0x0021, 0x0021, 0x0021, 0x0021, 0x0021, 0x0021, 0x0021, 0x0021, 0x0021, 0x0021, 0x0021, 0x0021,
  0x0021, 0x0021, 0x0021, 0x0021, 0x0021, 0x0021, 0x0021, 0x0021, 0x0021, 0x0021, 0x0021, 0x0021,
  0x0021, 0x0021, 0x0021, 0x0021, 0x0021, 0x0021, 0x0021, 0x0021, 0x0021, 0x0021, 0x0021, 0x0021,
  0x0021, 0x0021, 0x0021, 0x0021, 0x0021, 0x0021, 0x0021, 0x0021, 0x0021, 0x0021, 0x0021, 0x0021,
  0x0021, 0x0021, 0x0021, 0x0021, 0x0021, 0x0021, 0x0021, 0x0021, 0x0021, 0x0021, 0x0021, 0x0021,
  0x0021, 0x0021, 0x0021, 0x0021, 0x0021, 0x0021, 0x0021, 0x0021, 0x0021, 0x0021, 0x0021, 0x0021,
  0x0021, 0x0021, 0x0020, 0x0000, 0x0020, 0x2061, 0x5903, 0x89A5, 0xAA07, 0xB227, 0xB227, 0xA1E6,
  0x91A6, 0x9A48, 0xB289, 0xC2EA, 0xCB0A, 0xAACA, 0x7A07, 0x3945, 0x3924, 0xCB4B, 0x9207, 0x9985,
  0x2061, 0x0000, 0x0021, 0x0021, 0x0021, 0x0021, 0x0021, 0x0021, 0x0021, 0x0021, 0x0021, 0x0021,
  0x0021, 0x0021, 0x0021, 0x0021, 0x0021, 0x0021, 0x0021, 0x0021, 0x0021, 0x0021, 0x0021, 0x0021,
  0x0021, 0x0021, 0x0021, 0x0021, 0x0021, 0x0021, 0x0021, 0x0021, 0x0021, 0x0021, 0x0021, 0x0021,
  0x0021, 0x0021, 0x0021, 0x0021, 0x0021, 0x0021, 0x0021, 0x0021, 0x0021, 0x0021, 0x0021, 0x0021,
  0x0021, 0x0021, 0x0021, 0x0021, 0x0021, 0x0021, 0x0021, 0x0021, 0x0021, 0x0021, 0x0021, 0x0021,
  0x0021, 0x0021, 0x0021, 0x0021, 0x0021, 0x0021, 0x0021, 0x0021, 0x0021, 0x0021, 0x0021, 0x0021,
  0x0021, 0x0021, 0x0021, 0x0021, 0x0021, 0x0021, 0x0021, 0x0021, 0x0021, 0x0021, 0x0021, 0x0021,
  0x0021, 0x0021, 0x0021, 0x0021, 0x0021, 0x0021, 0x0021, 0x0021, 0x0021, 0x0021, 0x0021, 0x0021,
  0x0021, 0x0021, 0x0021, 0x0021, 0x0021, 0x0021, 0x0021, 0x0021, 0x0021, 0x0021, 0x0021, 0x0021,
  0x0021, 0x0021, 0x0021, 0x0021, 0x0021, 0x0021, 0x0021, 0x0021, 0x0021, 0x0021, 0x0021, 0x0021,
  0x0021, 0x0021, 0x0021, 0x0021, 0x0021, 0x0021, 0x0021, 0x0021, 0x0021, 0x0021, 0x0021, 0x0021,
  0x0021, 0x0021, 0x0021, 0x0021, 0x0021, 0x0021, 0x0021, 0x0021, 0x0021, 0x0000, 0x0000, 0x0020,
  0x2062, 0x5903, 0x8985, 0xAA07, 0xAA07, 0x9A48, 0x99A5, 0xA1C6, 0xA227, 0xB289, 0xC2EA, 0xC30A,
  0xCB4C, 0x9A48, 0xA1A5, 0x48E3, 0x0000, 0x0021, 0x0021, 0x0021, 0x0021, 0x0021, 0x0021, 0x0021,
  0x0021, 0x0021, 0x0021, 0x0021, 0x0021, 0x0021, 0x0021, 0x0021, 0x0021, 0x0021, 0x0021, 0x0021,
  0x0021, 0x0021, 0x0021, 0x0021, 0x0021, 0x0021, 0x0021, 0x0021, 0x0021, 0x0021, 0x0021, 0x0021,
  0x0021, 0x0021, 0x0021, 0x0021, 0x0021, 0x0021, 0x0021, 0x0021, 0x0021, 0x0021, 0x0021, 0x0021,
  0x0021, 0x0021, 0x0021, 0x0021, 0x0021, 0x0021, 0x0021, 0x0021, 0x0021, 0x0021, 0x0021, 0x0021,
  0x0021, 0x0021, 0x0021, 0x0021, 0x0021, 0x0021, 0x0021, 0x0021, 0x0021, 0x0021, 0x0021, 0x0021,
  0x0021, 0x0021, 0x0021, 0x0021, 0x0021, 0x0021, 0x0021, 0x0021, 0x0021, 0x0021, 0x0021, 0x0021,
  0x0021, 0x0021, 0x0021, 0x0021, 0x0021, 0x0021, 0x0021, 0x0021, 0x0021, 0x0021, 0x0021, 0x0021,
  0x0021, 0x0021, 0x0021, 0x0021, 0x0021, 0x0021, 0x0021, 0x0021, 0x0021, 0x0021, 0x0021, 0x0021,
  0x0021, 0x0021, 0x0021, 0x0021, 0x0021, 0x0021, 0x0021, 0x0021, 0x0021, 0x0021, 0x0021, 0x0021,
  0x0021, 0x0021, 0x0021, 0x0021, 0x0021, 0x0021, 0x0021, 0x0021, 0x0021, 0x0021, 0x0021, 0x0021,
  0x0021, 0x0021, 0x0021, 0x0021, 0x0021, 0x0021, 0x0021, 0x0021, 0x0021, 0x0021, 0x0021, 0x0021,
  0x0021, 0x0021, 0x0021, 0x0021, 0x0020, 0x0000, 0x0020, 0x2082, 0x5923, 0x7144, 0xAA07, 0xBA27,
  0xB207, 0xA1C6, 0x99C6, 0xAA48, 0x9A68, 0x91A6, 0x7144, 0x0000, 0x0021, 0x0021, 0x0021, 0x0021,
  0x0021, 0x0021, 0x0021, 0x0021, 0x0021, 0x0021, 0x0021, 0x0021, 0x0021, 0x0021, 0x0021, 0x0021,
  0x0021, 0x0021, 0x0021, 0x0021, 0x0021, 0x0021, 0x0021, 0x0021, 0x0021, 0x0021, 0x0021, 0x0021,
  0x0021, 0x0021, 0x0021, 0x0021, 0x0021, 0x0021, 0x0021, 0x0021, 0x0021, 0x0021, 0x0021, 0x0021,
  0x0021, 0x0021, 0x0021, 0x0021, 0x0021, 0x0021, 0x0021, 0x0021, 0x0021, 0x0021, 0x0021, 0x0021,
  0x0021, 0x0021, 0x0021, 0x0021, 0x0021, 0x0021, 0x0021, 0x0021, 0x0021, 0x0021, 0x0021, 0x0021,
  0x0021, 0x0021, 0x0021, 0x0021, 0x0021, 0x0021, 0x0021, 0x0021, 0x0021, 0x0021, 0x0021, 0x0021,
  0x0021, 0x0021, 0x0021, 0x0021, 0x0021, 0x0021, 0x0021, 0x0021, 0x0021, 0x0021, 0x0021, 0x0021,
  0x0021, 0x0021, 0x0021, 0x0021, 0x0021, 0x0021, 0x0021, 0x0021, 0x0021, 0x0021, 0x0021, 0x0021,
  0x0021, 0x0021, 0x0021, 0x0021, 0x0021, 0x0021, 0x0021, 0x0021, 0x0021, 0x0021, 0x0021, 0x0021,
  0x0021, 0x0021, 0x0021, 0x0021, 0x0021, 0x0021, 0x0021, 0x0021, 0x0021, 0x0021, 0x0021, 0x0021,
  0x0021, 0x0021, 0x0021, 0x0021, 0x0021, 0x0021, 0x0021, 0x0021, 0x0021, 0x0021, 0x0021, 0x0021,
  0x0021, 0x0021, 0x0021, 0x0021, 0x0021, 0x0021, 0x0021, 0x0021, 0x0021, 0x0021, 0x0021, 0x0020,
  0x0000, 0x0841, 0x2882, 0x5903, 0x8985, 0xAA07, 0xBA27, 0xAA07, 0x91A6, 0x8965, 0x1041, 0x0021,
  0x0021, 0x0021, 0x0021, 0x0021, 0x0021, 0x0021, 0x0021, 0x0021, 0x0021, 0x0021, 0x0021, 0x0021,
  0x0021, 0x0021, 0x0021, 0x0021, 0x0021, 0x0021, 0x0021, 0x0021, 0x0021, 0x0021, 0x0021, 0x0021,
  0x0021, 0x0021, 0x0021, 0x0021, 0x0021, 0x0021, 0x0021, 0x0021, 0x0021, 0x0021, 0x0021, 0x0021,
  0x0021, 0x0021, 0x0021, 0x0021, 0x0021, 0x0021, 0x0021, 0x0021, 0x0021, 0x0021, 0x0021, 0x0021,
  0x0021, 0x0021, 0x0021, 0x0021, 0x0021, 0x0021, 0x0021, 0x0021, 0x0021, 0x0021, 0x0021, 0x0021,
  0x0021, 0x0021, 0x0021, 0x0021, 0x0021, 0x0021, 0x0021, 0x0021, 0x0021, 0x0021, 0x0021, 0x0021,
  0x0021, 0x0021, 0x0021, 0x0021, 0x0021, 0x0021, 0x0021, 0x0021, 0x0021, 0x0021, 0x0021, 0x0021,
  0x0021, 0x0021, 0x0021, 0x0021, 0x0021, 0x0021, 0x0021, 0x0021, 0x0021, 0x0021, 0x0021, 0x0021,
  0x0021, 0x0021, 0x0021, 0x0021, 0x0021, 0x0021, 0x0021, 0x0021, 0x0021, 0x0021, 0x0021, 0x0021,
  0x0021, 0x0021, 0x0021, 0x0021, 0x0021, 0x0021, 0x0021, 0x0021, 0x0021, 0x0021, 0x0021, 0x0021,
  0x0021, 0x0021, 0x0021, 0x0021, 0x0021, 0x0021, 0x0021, 0x0021, 0x0021, 0x0021, 0x0021, 0x0021,
  0x0021, 0x0021, 0x0021, 0x0021, 0x0021, 0x0021, 0x0021, 0x0021, 0x0021, 0x0021, 0x0021, 0x0021,
  0x0021, 0x0021, 0x0021, 0x0021, 0x0021, 0x0021, 0x0020, 0x0000, 0x0020, 0x2082, 0x5903, 0x89A5,
  0x99C6, 0x2881, 0x0000, 0x0021, 0x0021, 0x0021, 0x0021, 0x0021, 0x0021, 0x0021, 0x0021, 0x0021,
  0x0021, 0x0021, 0x0021, 0x0021, 0x0021, 0x0021, 0x0021, 0x0021, 0x0021, 0x0021, 0x0021, 0x0021,
  0x0021, 0x0021, 0x0021, 0x0021, 0x0021, 0x0021, 0x0021, 0x0021, 0x0021, 0x0021, 0x0021, 0x0021,
  0x0021, 0x0021, 0x0021, 0x0021, 0x0021, 0x0021, 0x0021, 0x0021, 0x0021, 0x0021, 0x0021, 0x0021,
  0x0021, 0x0021, 0x0021, 0x0021, 0x0021, 0x0021, 0x0021, 0x0021, 0x0021, 0x0021, 0x0021, 0x0021,
  0x0021, 0x0021, 0x0021, 0x0021, 0x0021, 0x0021, 0x0021, 0x0021, 0x0021, 0x0021, 0x0021, 0x0021,
  0x0021, 0x0021, 0x0021, 0x0021, 0x0021, 0x0021, 0x0021, 0x0021, 0x0021, 0x0021, 0x0021, 0x0021,
  0x0021, 0x0021, 0x0021, 0x0021, 0x0021, 0x0021, 0x0021, 0x0021, 0x0021, 0x0021, 0x0021, 0x0021,
  0x0021, 0x0021, 0x0021, 0x0021, 0x0021, 0x0021, 0x0021, 0x0021, 0x0021, 0x0021, 0x0021, 0x0021,
  0x0021, 0x0021, 0x0021, 0x0021, 0x0021, 0x0021, 0x0021, 0x0021, 0x0021, 0x0021, 0x0021, 0x0021,
  0x0021, 0x0021, 0x0021, 0x0021, 0x0021, 0x0021, 0x0021, 0x0021, 0x0021, 0x0021, 0x0021, 0x0021,
  0x0021, 0x0021, 0x0021, 0x0021, 0x0021, 0x0021, 0x0021, 0x0021, 0x0021, 0x0021, 0x0021, 0x0021,
  0x0021, 0x0021, 0x0021, 0x0021, 0x0021, 0x0021, 0x0021, 0x0021, 0x0021, 0x0021, 0x0021, 0x0021,
  0x0021, 0x0000, 0x0000, 0x0021, 0x1861, 0x0020, 0x0021, 0x0021, 0x0021, 0x0021, 0x0021, 0x0021,
  0x0021, 0x0021, 0x0021, 0x0021, 0x0021, 0x0021, 0x0021, 0x0021, 0x0021, 0x0021, 0x0021, 0x0021,
  0x0021, 0x0021, 0x0021, 0x0021, 0x0021, 0x0021, 0x0021, 0x0021, 0x0021, 0x0021, 0x0021, 0x0021,
  0x0021, 0x0021, 0x0021, 0x0021, 0x0021, 0x0021, 0x0021, 0x0021, 0x0021, 0x0021, 0x0021, 0x0021,
  0x0021, 0x0021, 0x0021, 0x0021, 0x0021, 0x0021, 0x0021, 0x0021, 0x0021, 0x0021, 0x0021, 0x0021,
  0x0021, 0x0021, 0x0021, 0x0021, 0x0021, 0x0021, 0x0021, 0x0021, 0x0021, 0x0021, 0x0021, 0x0021,
  0x0021, 0x0021, 0x0021, 0x0021, 0x0021, 0x0021, 0x0021, 0x0021, 0x0021, 0x0021, 0x0021, 0x0021,
  0x0021, 0x0021, 0x0021, 0x0021, 0x0021, 0x0021, 0x0021, 0x0021, 0x0021, 0x0021, 0x0021, 0x0021,
  0x0021, 0x0021, 0x0021, 0x0021, 0x0021, 0x0021, 0x0021, 0x0021, 0x0021, 0x0021, 0x0021, 0x0021,
  0x0021, 0x0021, 0x0021, 0x0021, 0x0021, 0x0021, 0x0021, 0x0021, 0x0021, 0x0021, 0x0021, 0x0021,
  0x0021, 0x0021, 0x0021, 0x0021, 0x0021, 0x0021, 0x0021, 0x0021, 0x0021, 0x0021, 0x0021, 0x0021,
  0x0021, 0x0021, 0x0021, 0x0021, 0x0021, 0x0021, 0x0021, 0x0021, 0x0021, 0x0021, 0x0021, 0x0021,
  0x0021, 0x0021, 0x0021, 0x0021, 0x0021, 0x0021, 0x0021, 0x0021, 0x0021, 0x0021, 0x0021, 0x0021,
  0x0021, 0x0021, 0x0021, 0x0021, 0x0021, 0x0021, 0x0021, 0x0021, 0x0021, 0x0021, 0x0021, 0x0021,
  0x0021, 0x0021, 0x0021, 0x0021, 0x0021, 0x0021, 0x0021, 0x0021, 0x0021, 0x0021, 0x0021, 0x0021,
  0x0021, 0x0021, 0x0021, 0x0021, 0x0021, 0x0021, 0x0021, 0x0021, 0x0021, 0x0021, 0x0021, 0x0021,
  0x0021, 0x0021, 0x0021, 0x0021, 0x0021, 0x0021, 0x0021, 0x0021, 0x0021, 0x0021, 0x0021, 0x0021,
  0x0021, 0x0021, 0x0021, 0x0021, 0x0021, 0x0021, 0x0021, 0x0021, 0x0021, 0x0021, 0x0021, 0x0021,
  0x0021, 0x0021, 0x0021, 0x0021, 0x0021, 0x0021, 0x0021, 0x0021, 0x0021, 0x0021, 0x0021, 0x0021,
  0x0021, 0x0021, 0x0021, 0x0021, 0x0021, 0x0021, 0x0021, 0x0021, 0x0021, 0x0021, 0x0021, 0x0021,
  0x0021, 0x0021, 0x0021, 0x0021, 0x0021, 0x0021, 0x0021, 0x0021, 0x0021, 0x0021, 0x0021, 0x0021,
  0x0021, 0x0021, 0x0021, 0x0021, 0x0021, 0x0021, 0x0021, 0x0021, 0x0021, 0x0021, 0x0021, 0x0021,
  0x0021, 0x0021, 0x0021, 0x0021, 0x0021, 0x0021, 0x0021, 0x0021, 0x0021, 0x0021, 0x0021, 0x0021,
  0x0021, 0x0021, 0x0021, 0x0021, 0x0021, 0x0021, 0x0021, 0x0021, 0x0021, 0x0021, 0x0021, 0x0021,
  0x0021, 0x0021, 0x0021, 0x0021, 0x0021, 0x0021, 0x0021, 0x0021, 0x0021, 0x0021, 0x0021, 0x0021,
  0x0021, 0x0021, 0x0021, 0x0021, 0x0021, 0x0021, 0x0021, 0x0021, 0x0021, 0x0021, 0x0021, 0x0021,
  0x0021, 0x0021, 0x0021, 0x0021, 0x0021, 0x0021, 0x0021, 0x0021, 0x0021, 0x0021, 0x0021, 0x0021,
  0x0021, 0x0021, 0x0021, 0x0021, 0x0021, 0x0021, 0x0021, 0x0021, 0x0021, 0x0021, 0x0021, 0x0021,
  0x0021, 0x0021, 0x0021, 0x0021, 0x0021, 0x0021, 0x0021, 0x0021, 0x0021, 0x0021, 0x0021, 0x0021,
  0x0021, 0x0021, 0x0021, 0x0021, 0x0021, 0x0021, 0x0021, 0x0021, 0x0021, 0x0021, 0x0021, 0x0021,
  0x0021, 0x0021, 0x0021, 0x0021, 0x0021, 0x0021, 0x0021, 0x0021, 0x0021, 0x0021, 0x0021, 0x0021,
  0x0021, 0x0021, 0x0021, 0x0021, 0x0021, 0x0021, 0x0021, 0x0021, 0x0021, 0x0021, 0x0021, 0x0021,
  0x0021, 0x0021, 0x0021, 0x0021, 0x0021, 0x0021, 0x0021, 0x0021, 0x0021, 0x0021, 0x0021, 0x0021,
  0x0021, 0x0021, 0x0021, 0x0021, 0x0021, 0x0021, 0x0021, 0x0021, 0x0021, 0x0021, 0x0021, 0x0021,
  0x0021, 0x0021, 0x0021, 0x0021, 0x0021, 0x0021, 0x0021, 0x0021, 0x0021, 0x0021, 0x0021, 0x0021,
  0x0021, 0x0021, 0x0021, 0x0021, 0x0021, 0x0021, 0x0021, 0x0021, 0x0021, 0x0021, 0x0021, 0x0021,
  0x0021, 0x0021, 0x0021, 0x0021, 0x0021, 0x0021, 0x0021, 0x0021, 0x0021, 0x0021, 0x0021, 0x0021,
  0x0021, 0x0021, 0x0021, 0x0021, 0x0021, 0x0021, 0x0021, 0x0021, 0x0021, 0x0021, 0x0021, 0x0021,
  0x0021, 0x0021, 0x0021, 0x0021, 0x0021, 0x0021, 0x0021, 0x0021, 0x0021, 0x0021, 0x0021, 0x0021,
  0x0021, 0x0021, 0x0021, 0x0021, 0x0021, 0x0021, 0x0021, 0x0021, 0x0021, 0x0021, 0x0021, 0x0021,
  0x0021, 0x0021, 0x0021, 0x0021, 0x0021, 0x0021, 0x0021, 0x0021, 0x0021, 0x0021, 0x0021, 0x0021,
  0x0021, 0x0021, 0x0021, 0x0021, 0x0021, 0x0021, 0x0021, 0x0021, 0x0021, 0x0021, 0x0021, 0x0021,
  0x0021, 0x0021, 0x0021, 0x0021, 0x0021, 0x0021, 0x0021, 0x0021, 0x0021, 0x0021, 0x0021, 0x0021,
  0x0021, 0x0021, 0x0021, 0x0021, 0x0021, 0x0021, 0x0021, 0x0021, 0x0021, 0x0021, 0x0021, 0x0021,
  0x0021, 0x0021, 0x0021, 0x0021, 0x0021, 0x0021, 0x0021, 0x0021, 0x0021, 0x0021, 0x0021, 0x0021,
  0x0021, 0x0021, 0x0021, 0x0021, 0x0021, 0x0021, 0x0021, 0x0021, 0x0021, 0x0021, 0x0021, 0x0021,
  0x0021, 0x0021, 0x0021, 0x0021, 0x0021, 0x0021, 0x0021, 0x0021, 0x0021, 0x0021, 0x0021, 0x0021,
  0x0021, 0x0021, 0x0021, 0x0021, 0x0021, 0x0021, 0x0021, 0x0021, 0x0021, 0x0021, 0x0021, 0x0021,
  0x0021, 0x0021, 0x0021, 0x0021, 0x0021, 0x0021, 0x0021, 0x0021, 0x0021, 0x0021, 0x0021, 0x0021,
  0x0021, 0x0021, 0x0021, 0x0021, 0x0021, 0x0021, 0x0021, 0x0021, 0x0021, 0x0021, 0x0021, 0x0021,
  0x0021, 0x0021, 0x0021, 0x0021, 0x0021, 0x0021, 0x0021, 0x0021, 0x0021, 0x0021, 0x0021, 0x0021,
  0x0021, 0x0021, 0x0021, 0x0021, 0x0021, 0x0021, 0x0021, 0x0021, 0x0021, 0x0021, 0x0021, 0x0021,
  0x0021, 0x0021, 0x0021, 0x0021, 0x0021, 0x0021, 0x0021, 0x0021, 0x0021, 0x0021, 0x0021, 0x0021,
  0x0021, 0x0021, 0x0021, 0x0021, 0x0021, 0x0021, 0x0021, 0x0021, 0x0021, 0x0021, 0x0021, 0x0021,
  0x0021, 0x0021, 0x0021, 0x0021, 0x0021, 0x0021, 0x0021, 0x0021, 0x0021, 0x0021, 0x0021, 0x0021,
  0x0021, 0x0021, 0x0021, 0x0021, 0x0021, 0x0021, 0x0021, 0x0021, 0x0021, 0x0021, 0x0021, 0x0021,
  0x0021, 0x0021, 0x0021, 0x0021, 0x0021, 0x0021, 0x0021, 0x0021, 0x0021, 0x0021, 0x0021, 0x0021,
  0x0021, 0x0021, 0x0021, 0x0021, 0x0021, 0x0021, 0x0021, 0x0021, 0x0021, 0x0021, 0x0021, 0x0021,
  0x0021, 0x0021, 0x0021, 0x0021, 0x0021, 0x0021, 0x0021, 0x0021, 0x0021, 0x0021, 0x0021, 0x0021,
  0x0021, 0x0021, 0x0021, 0x0021, 0x0021, 0x0021, 0x0021, 0x0021, 0x0021, 0x0021, 0x0021, 0x0021,
  0x0021, 0x0021, 0x0021, 0x0021, 0x0021, 0x0021, 0x0021, 0x0021, 0x0021, 0x0021, 0x0021, 0x0021,
  0x0021, 0x0021, 0x0021, 0x0021, 0x0021, 0x0021, 0x0021, 0x0021, 0x0021, 0x0021, 0x0021, 0x0021,
  0x0021, 0x0021, 0x0021, 0x0021, 0x0021, 0x0021, 0x0021, 0x0021, 0x0021, 0x0021, 0x0021, 0x0021,
  0x0021, 0x0021, 0x0021, 0x0021, 0x0021, 0x0021, 0x0021, 0x0021, 0x0021, 0x0021, 0x0021, 0x0021,
  0x0021, 0x0021, 0x0021, 0x0021, 0x0021, 0x0021, 0x0021, 0x0021, 0x0021, 0x0021, 0x0021, 0x0021,
  0x0021, 0x0021, 0x0021, 0x0021, 0x0021, 0x0021, 0x0021, 0x0021, 0x0021, 0x0021, 0x0021, 0x0021,
  0x0021, 0x0021, 0x0021, 0x0021, 0x0021, 0x0021, 0x0021, 0x0021, 0x0021, 0x0021, 0x0021, 0x0021,
  0x0021, 0x0021, 0x0021, 0x0021, 0x0021, 0x0021, 0x0021, 0x0021, 0x0021, 0x0021, 0x0021, 0x0021,
  0x0021, 0x0021, 0x0021, 0x0021, 0x0021, 0x0021, 0x0021, 0x0021, 0x0021, 0x0021, 0x0021, 0x0021,
  0x0021, 0x0021, 0x0021, 0x0021, 0x0021, 0x0021, 0x0021, 0x0021, 0x0021, 0x0021, 0x0021, 0x0021,
  0x0021, 0x0021, 0x0021, 0x0021, 0x0021, 0x0021, 0x0021, 0x0021, 0x0021, 0x0021, 0x0021, 0x0021,
  0x0021, 0x0021, 0x0021, 0x0021, 0x0021, 0x0021, 0x0021, 0x0021, 0x0021, 0x0021, 0x0021, 0x0021,
  0x0021, 0x0021, 0x0021, 0x0021, 0x0021, 0x0021, 0x0021, 0x0021, 0x0021, 0x0021, 0x0021, 0x0021,
  0x0021, 0x0021, 0x0021, 0x0021, 0x0021, 0x0021, 0x0021, 0x0021, 0x0021, 0x0021, 0x0021, 0x0021,
  0x0021, 0x0021, 0x0021, 0x0021, 0x0021, 0x0021, 0x0021, 0x0021, 0x0021, 0x0021, 0x0021, 0x0021,
  0x0021, 0x0021, 0x0021, 0x0021, 0x0021, 0x0021, 0x0021, 0x0021, 0x0021, 0x0021, 0x0021, 0x0021,
  0x0021, 0x0021, 0x0021, 0x0021, 0x0021, 0x0021, 0x0021, 0x0021, 0x0021, 0x0021, 0x0021, 0x0021,
  0x0021, 0x0021, 0x0021, 0x0021, 0x0021, 0x0021, 0x0021, 0x0021, 0x0021, 0x0021, 0x0021, 0x0021,
  0x0021, 0x0021, 0x0021, 0x0021, 0x0021, 0x0021, 0x0021, 0x0021, 0x0021, 0x0021, 0x0021, 0x0021,
  0x0021, 0x0021, 0x0021, 0x0021, 0x0021, 0x0021, 0x0021, 0x0021, 0x0021, 0x0021, 0x0021, 0x0021,
  0x0021, 0x0021, 0x0021, 0x0021, 0x0021, 0x0021, 0x0021, 0x0021, 0x0021, 0x0021, 0x0021, 0x0021,
  0x0021, 0x0021, 0x0021, 0x0021, 0x0021, 0x0021, 0x0021, 0x0021, 0x0021, 0x0021, 0x0021, 0x0021,
  0x0021, 0x0021, 0x0021, 0x0021, 0x0021, 0x0021, 0x0021, 0x0021, 0x0021, 0x0021, 0x0021, 0x0021,
  0x0021, 0x0021, 0x0021, 0x0021, 0x0021, 0x0021, 0x0021, 0x0021, 0x0021, 0x0021, 0x0021, 0x0021,
  0x0021, 0x0021, 0x0021, 0x0021, 0x0021, 0x0021, 0x0021, 0x0021, 0x0021, 0x0021, 0x0021, 0x0021,
  0x0021, 0x0021, 0x0021, 0x0021, 0x0021, 0x0021, 0x0021, 0x0021, 0x0021, 0x0021, 0x0021, 0x0021,
  0x0021, 0x0021, 0x0021, 0x0021, 0x0021, 0x0021, 0x0021, 0x0021, 0x0021, 0x0021, 0x0021, 0x0021,
  0x0021, 0x0021, 0x0021, 0x0021, 0x0021, 0x0021, 0x0021, 0x0021, 0x0021, 0x0021, 0x0021, 0x0021,
  0x0021, 0x0021, 0x0021, 0x0021, 0x0021, 0x0021, 0x0021, 0x0021, 0x0021, 0x0021, 0x0021, 0x0021,
  0x0021, 0x0021, 0x0021, 0x0021, 0x0021, 0x0021, 0x0021, 0x0021, 0x0021, 0x0021, 0x0021, 0x0021,
  0x0021, 0x0021, 0x0021, 0x0021, 0x0021, 0x0021, 0x0021, 0x0021, 0x0021, 0x0021, 0x0021, 0x0021,
  0x0021, 0x0021, 0x0021, 0x0021, 0x0021, 0x0021, 0x0021, 0x0021, 0x0021, 0x0021, 0x0021, 0x0021,
  0x0021, 0x0021, 0x0021, 0x0021, 0x0021, 0x0021, 0x0021, 0x0021, 0x0021, 0x0021, 0x0021, 0x0021,
  0x0021, 0x0021, 0x0021, 0x0021, 0x0021, 0x0021, 0x0021, 0x0021, 0x0021, 0x0021, 0x0021, 0x0021,
  0x0021, 0x0021, 0x0021, 0x0021, 0x0021, 0x0021, 0x0021, 0x0021, 0x0021, 0x0021, 0x0021, 0x0021,
  0x0021, 0x0021, 0x0021, 0x0021, 0x0021, 0x0021, 0x0021, 0x0021, 0x0021, 0x0021, 0x0021, 0x0021,
  0x0021, 0x0021, 0x0021, 0x0021, 0x0021, 0x0021, 0x0021, 0x0021, 0x0021, 0x0021, 0x0021, 0x0021,
  0x0021, 0x0021, 0x0021, 0x0021, 0x0021, 0x0021, 0x0021, 0x0021, 0x0021, 0x0021, 0x0021, 0x0021,
  0x0021, 0x0021, 0x0021, 0x0021, 0x0021, 0x0021, 0x0021, 0x0021, 0x0021, 0x0021, 0x0021, 0x0021,
  0x0021, 0x0021, 0x0021, 0x0021, 0x0021, 0x0021, 0x0021, 0x0021, 0x0021, 0x0021, 0x0021, 0x0021,
  0x0021, 0x0021, 0x0021, 0x0021, 0x0021, 0x0021, 0x0021, 0x0021, 0x0021, 0x0021, 0x0021, 0x0021,
  0x0021, 0x0021, 0x0021, 0x0021, 0x0021, 0x0021, 0x0021, 0x0021, 0x0021, 0x0021, 0x0021, 0x0021,
  0x0021, 0x0021, 0x0021, 0x0021, 0x0021, 0x0021, 0x0021, 0x0021, 0x0021, 0x0021, 0x0021, 0x0021,
  0x0021, 0x0021, 0x0021, 0x0021, 0x0021, 0x0021, 0x0021, 0x0021, 0x0021, 0x0021, 0x0021, 0x0021,
  0x0021, 0x0021, 0x0021, 0x0021, 0x0021, 0x0021, 0x0021, 0x0021, 0x0021, 0x0021, 0x0021, 0x0021,
  0x0021, 0x0021, 0x0021, 0x0021, 0x0021, 0x0021, 0x0021, 0x0021, 0x0021, 0x0021, 0x0021, 0x0021,
  0x0021, 0x0021, 0x0021, 0x0021, 0x0021, 0x0021, 0x0021, 0x0021, 0x0021, 0x0021, 0x0021, 0x0021,
  0x0021, 0x0021, 0x0021, 0x0021, 0x0021, 0x0021, 0x0021, 0x0021, 0x0021, 0x0021, 0x0021, 0x0021,
  0x0021, 0x0021, 0x0021, 0x0021, 0x0021, 0x0021, 0x0021, 0x0021, 0x0021, 0x0021, 0x0021, 0x0021,
  0x0021, 0x0021, 0x0021, 0x0021, 0x0021, 0x0021, 0x0021, 0x0021, 0x0021, 0x0021, 0x0021, 0x0021,
  0x0021, 0x0021, 0x0021, 0x0021, 0x0021, 0x0021, 0x0021, 0x0021, 0x0021, 0x0021, 0x0021, 0x0021,
  0x0021, 0x0021, 0x0021, 0x0021, 0x0021, 0x0021, 0x0021, 0x0021, 0x0021, 0x0021, 0x0021, 0x0021,
  0x0021, 0x0021, 0x0021, 0x0021, 0x0021, 0x0021, 0x0021, 0x0021, 0x0021, 0x0021, 0x0021, 0x0021,
  0x0021, 0x0021, 0x0021, 0x0021, 0x0021, 0x0021, 0x0021, 0x0021, 0x0021, 0x0021, 0x0021, 0x0021,
  0x0021, 0x0021, 0x0021, 0x0021, 0x0021, 0x0021, 0x0021, 0x0021, 0x0021, 0x0021, 0x0021, 0x0021,
  0x0021, 0x0021, 0x0021, 0x0021, 0x0021, 0x0021, 0x0021, 0x0021, 0x0021, 0x0021, 0x0021, 0x0021,
  0x0021, 0x0021, 0x0021, 0x0021, 0x0021, 0x0021, 0x0021, 0x0021, 0x0021, 0x0021, 0x0021, 0x0021,
  0x0021, 0x0021, 0x0021, 0x0021, 0x0021, 0x0021, 0x0021, 0x0021, 0x0021, 0x0021, 0x0021, 0x0021,
  0x0021, 0x0021, 0x0021, 0x0021, 0x0021, 0x0021, 0x0021, 0x0021, 0x0021, 0x0021, 0x0021, 0x0021,
  0x0021, 0x0021, 0x0021, 0x0021, 0x0021, 0x0021, 0x0021, 0x0021, 0x0021, 0x0021, 0x0021, 0x0021,
  0x0021, 0x0021, 0x0021, 0x0021, 0x0021, 0x0021, 0x0021, 0x0021, 0x0021, 0x0021, 0x0021, 0x0021,
  0x0021, 0x0021, 0x0021, 0x0021, 0x0021, 0x0021, 0x0021, 0x0021, 0x0021, 0x0021, 0x0021, 0x0021,
  0x0021, 0x0021, 0x0021, 0x0021, 0x0021, 0x0021, 0x0021, 0x0021, 0x0021, 0x0021, 0x0021, 0x0021,
  0x0021, 0x0021, 0x0021, 0x0021, 0x0021, 0x0021, 0x0021, 0x0021, 0x0021, 0x0021, 0x0021, 0x0021,
  0x0021, 0x0021, 0x0021, 0x0021, 0x0021, 0x0021, 0x0021, 0x0021, 0x0021, 0x0021, 0x0021, 0x0021,
  0x0021, 0x0021, 0x0021, 0x0021, 0x0021, 0x0021, 0x0021, 0x0021, 0x0021, 0x0021, 0x0021, 0x0021,
  0x0021, 0x0021, 0x0021, 0x0021, 0x0021, 0x0021, 0x0021, 0x0021, 0x0021, 0x0021, 0x0021, 0x0021,
  0x0021, 0x0021, 0x0021, 0x0021, 0x0021, 0x0021, 0x0021, 0x0021, 0x0021, 0x0021, 0x0021, 0x0021,
  0x0021, 0x0021, 0x0021, 0x0021, 0x0021, 0x0021, 0x0021, 0x0021, 0x0021, 0x0021, 0x0021, 0x0021,
  0x0021, 0x0021, 0x0021, 0x0021, 0x0021, 0x0021, 0x0021, 0x0021, 0x0021, 0x0021, 0x0021, 0x0021,
  0x0021, 0x0021, 0x0021, 0x0021, 0x0021, 0x0021, 0x0021, 0x0021, 0x0021, 0x0021, 0x0021, 0x0021,
  0x0021, 0x0021, 0x0021, 0x0021, 0x0021, 0x0021, 0x0021, 0x0021, 0x0021, 0x0021, 0x0021, 0x0021,
  0x0021, 0x0021, 0x0021, 0x0021, 0x0021, 0x0021, 0x0021, 0x0021, 0x0021, 0x0021, 0x0021, 0x0021,
  0x0021, 0x0021, 0x0021, 0x0021, 0x0021, 0x0021, 0x0021, 0x0021, 0x0021, 0x0021, 0x0021, 0x0021,
  0x0021, 0x0021, 0x0021, 0x0021, 0x0021, 0x0021, 0x0021, 0x0021, 0x0021, 0x0021, 0x0021, 0x0021,
  0x0021, 0x0021, 0x0021, 0x0021, 0x0021, 0x0021, 0x0021, 0x0021, 0x0021, 0x0021, 0x0021, 0x0021,
  0x0021, 0x0021, 0x0021, 0x0021, 0x0021, 0x0021, 0x0021, 0x0021, 0x0021, 0x0021, 0x0021, 0x0021,
  0x0021, 0x0021, 0x0021, 0x0021, 0x0021, 0x0021, 0x0021, 0x0021, 0x0021, 0x0021, 0x0021, 0x0021,
  0x0021, 0x0021, 0x0021, 0x0021, 0x0021, 0x0021, 0x0021, 0x0021, 0x0021, 0x0021, 0x0021, 0x0021,
  0x0021, 0x0021, 0x0021, 0x0021, 0x0021, 0x0021, 0x0021, 0x0021, 0x0021, 0x0021, 0x0021, 0x0021,
  0x0021, 0x0021, 0x0021, 0x0021, 0x0021, 0x0021, 0x0021, 0x0021, 0x0021, 0x0021, 0x0021, 0x0021,
  0x0021, 0x0021, 0x0021, 0x0021, 0x0021, 0x0021, 0x0021, 0x0021, 0x0021, 0x0021, 0x0021, 0x0021,
  0x0021, 0x0021, 0x0021, 0x0021, 0x0021, 0x0021, 0x0021, 0x0021, 0x0021, 0x0021, 0x0021, 0x0021,
  0x0021, 0x0021, 0x0021, 0x0021, 0x0021, 0x0021, 0x0021, 0x0021, 0x0021, 0x0021, 0x0021, 0x0021,
  0x0021, 0x0021, 0x0021, 0x0021, 0x0021, 0x0021, 0x0021, 0x0021, 0x0021, 0x0021, 0x0021, 0x0021,
  0x0021, 0x0021, 0x0021, 0x0021, 0x0021, 0x0021, 0x0021, 0x0021, 0x0021, 0x0021, 0x0021, 0x0021,
  0x0021, 0x0021, 0x0021, 0x0021, 0x0021, 0x0021, 0x0021, 0x0021, 0x0021, 0x0021, 0x0021, 0x0021,
  0x0021, 0x0021, 0x0021, 0x0021, 0x0021, 0x0021, 0x0021, 0x0021, 0x0021, 0x0021, 0x0021, 0x0021,
  0x0021, 0x0021, 0x0021, 0x0021, 0x0021, 0x0021, 0x0021, 0x0021, 0x0021, 0x0021, 0x0021, 0x0021,
  0x0021, 0x0021, 0x0021, 0x0021, 0x0021, 0x0021, 0x0021, 0x0021, 0x0021, 0x0021, 0x0021, 0x0021,
  0x0021, 0x0021, 0x0021, 0x0021, 0x0021, 0x0021, 0x0021, 0x0021, 0x0021, 0x0021, 0x0021, 0x0021,
  0x0021, 0x0021, 0x0021, 0x0021, 0x0021, 0x0021, 0x0021, 0x0021, 0x0021, 0x0021, 0x0021, 0x0021,
  0x0021, 0x0021, 0x0021, 0x0021, 0x0021, 0x0021, 0x0021, 0x0021, 0x0021, 0x0021, 0x0021, 0x0021,
  0x0021, 0x0021, 0x0021, 0x0021, 0x0021, 0x0021, 0x0021, 0x0021, 0x0021, 0x0021, 0x0021, 0x0021,
  0x0021, 0x0021, 0x0021, 0x0021, 0x0021, 0x0021, 0x0021, 0x0021, 0x0021, 0x0021, 0x0021, 0x0021,
  0x0021, 0x0021, 0x0021, 0x0021, 0x0021, 0x0021, 0x0021, 0x0021, 0x0021, 0x0021, 0x0021, 0x0021,
  0x0021, 0x0021, 0x0021, 0x0021, 0x0021, 0x0021, 0x0021, 0x0021, 0x0021, 0x0021, 0x0021, 0x0021,
  0x0021, 0x0021, 0x0021, 0x0021, 0x0021, 0x0021, 0x0021, 0x0021, 0x0021, 0x0021, 0x0021, 0x0021,
  0x0021, 0x0021, 0x0021, 0x0021, 0x0021, 0x0021, 0x0021, 0x0021, 0x0021, 0x0021, 0x0021, 0x0021,
  0x0021, 0x0021, 0x0021, 0x0021, 0x0021, 0x0021, 0x0021, 0x0021, 0x0021, 0x0021, 0x0021, 0x0021,
  0x0021, 0x0021, 0x0021, 0x0021, 0x0021, 0x0021, 0x0021, 0x0021, 0x0021, 0x0021, 0x0021, 0x0021,
  0x0021, 0x0021, 0x0021, 0x0021, 0x0021, 0x0021, 0x0021, 0x0021, 0x0021, 0x0021, 0x0021, 0x0021,
  0x0021, 0x0021, 0x0021, 0x0021, 0x0021, 0x0021, 0x0021, 0x0021, 0x0021, 0x0021, 0x0021, 0x0021,
  0x0021, 0x0021, 0x0021, 0x0021, 0x0021, 0x0021, 0x0021, 0x0021, 0x0021, 0x0021, 0x0021, 0x0021,
  0x0021, 0x0021, 0x0021, 0x0021, 0x0021, 0x0021, 0x0021, 0x0021, 0x0021, 0x0021, 0x0021, 0x0021,
  0x0021, 0x0021, 0x0021, 0x0021, 0x0021, 0x0021, 0x0021, 0x0021, 0x0021, 0x0021, 0x0021, 0x0021,
  0x0021, 0x0021, 0x0021, 0x0021, 0x0021, 0x0021, 0x0021, 0x0021, 0x0021, 0x0021, 0x0021, 0x0021,
  0x0021, 0x0021, 0x0021, 0x0021, 0x0021, 0x0021, 0x0021, 0x0021, 0x0021, 0x0021, 0x0021, 0x0021,
  0x0021, 0x0021, 0x0021, 0x0021, 0x0021, 0x0021, 0x0021, 0x0021, 0x0021, 0x0021, 0x0021, 0x0021,
  0x0021, 0x0021, 0x0021, 0x0021, 0x0021, 0x0021, 0x0021, 0x0021, 0x0021, 0x0021, 0x0021, 0x0021,
  0x0021, 0x0021, 0x0021, 0x0021, 0x0021, 0x0021, 0x0021, 0x0021, 0x0021, 0x0021, 0x0021, 0x0021,
  0x0021, 0x0021, 0x0021, 0x0021, 0x0021, 0x0021, 0x0021, 0x0021, 0x0021, 0x0021, 0x0021, 0x0021,
  0x0021, 0x0021, 0x0021, 0x0021, 0x0021, 0x0021, 0x0021, 0x0021, 0x0021, 0x0021, 0x0021, 0x0021,
  0x0021, 0x0021, 0x0021, 0x0021, 0x0021, 0x0021, 0x0021, 0x0021, 0x0021, 0x0021, 0x0021, 0x0021,
  0x0021, 0x0021, 0x0021, 0x0021, 0x0021, 0x0021, 0x0021, 0x0021, 0x0021, 0x0021, 0x0021, 0x0021,
  0x0021, 0x0021, 0x0021, 0x0021, 0x0021, 0x0021, 0x0021, 0x0021, 0x0021, 0x0021, 0x0021, 0x0021,
  0x0021, 0x0021, 0x0021, 0x0021, 0x0021, 0x0021, 0x0021, 0x0021, 0x0021, 0x0021, 0x0021, 0x0021,
  0x0021, 0x0021, 0x0021, 0x0021, 0x0021, 0x0021, 0x0021, 0x0021, 0x0021, 0x0021, 0x0021, 0x0021,
  0x0021, 0x0021, 0x0021, 0x0021, 0x0021, 0x0021, 0x0021, 0x0021, 0x0021, 0x0021, 0x0021, 0x0021,
  0x0021, 0x0021, 0x0021, 0x0021, 0x0021, 0x0021, 0x0021, 0x0021, 0x0021, 0x0021, 0x0021, 0x0021,
  0x0021, 0x0021, 0x0021, 0x0021, 0x0021, 0x0021, 0x0021, 0x0021, 0x0021, 0x0021, 0x0021, 0x0021,
  0x0021, 0x0021, 0x0021, 0x0021, 0x0021, 0x0021, 0x0021, 0x0021, 0x0021, 0x0021, 0x0021, 0x0021,
  0x0021, 0x0021, 0x0021, 0x0021, 0x0021, 0x0021, 0x0021, 0x0021, 0x0021, 0x0021, 0x0021, 0x0021,
  0x0021, 0x0021, 0x0021, 0x0021, 0x0021, 0x0021, 0x0021, 0x0021, 0x0021, 0x0021, 0x0021, 0x0021,
  0x0021, 0x0021, 0x0021, 0x0021, 0x0021, 0x0021, 0x0021, 0x0021, 0x0021, 0x0021, 0x0021, 0x0021,
  0x0021, 0x0021, 0x0021, 0x0021, 0x0021, 0x0021, 0x0021, 0x0021, 0x0021, 0x0021, 0x0021, 0x0021,
  0x0021, 0x0021, 0x0021, 0x0021, 0x0021, 0x0021, 0x0021, 0x0021, 0x0021, 0x0021, 0x0021, 0x0021,
  0x0021, 0x0021, 0x0021, 0x0021, 0x0021, 0x0021, 0x0021, 0x0021, 0x0021, 0x0021, 0x0021, 0x0021,
  0x0021, 0x0021, 0x0021, 0x0021, 0x0021, 0x0021, 0x0021, 0x0021, 0x0021, 0x0021, 0x0021, 0x0021,
  0x0021, 0x0021, 0x0021, 0x0021, 0x0021, 0x0021, 0x0021, 0x0021, 0x0021, 0x0021, 0x0021, 0x0021,
  0x0021, 0x0021, 0x0021, 0x0021, 0x0021, 0x0021, 0x0021, 0x0021, 0x0021, 0x0021, 0x0021, 0x0021,
  0x0021, 0x0021, 0x0021, 0x0021, 0x0021, 0x0021, 0x0021, 0x0021, 0x0021, 0x0021, 0x0021, 0x0021,
  0x0021, 0x0021, 0x0021, 0x0021, 0x0021, 0x0021, 0x0021, 0x0021, 0x0021, 0x0021, 0x0021, 0x0021,
  0x0021, 0x0021, 0x0021, 0x0021, 0x0021, 0x0021, 0x0021, 0x0021, 0x0021, 0x0021, 0x0021, 0x0021,
  0x0021, 0x0021, 0x0021, 0x0021, 0x0021, 0x0021, 0x0021, 0x0021, 0x0021, 0x0021, 0x0021, 0x0021,
  0x0021, 0x0021, 0x0021, 0x0021, 0x0021, 0x0021, 0x0021, 0x0021, 0x0021, 0x0021, 0x0021, 0x0021,
  0x0021, 0x0021, 0x0021, 0x0021, 0x0021, 0x0021, 0x0021, 0x0021, 0x0021, 0x0021, 0x0021, 0x0021,
  0x0021, 0x0021, 0x0021, 0x0021, 0x0021, 0x0021, 0x0021, 0x0021, 0x0021, 0x0021, 0x0021, 0x0021,
  0x0021, 0x0021, 0x0021, 0x0021, 0x0021, 0x0021, 0x0021, 0x0021, 0x0021, 0x0021, 0x0021, 0x0021,
  0x0021, 0x0021, 0x0021, 0x0021, 0x0021, 0x0021, 0x0021, 0x0021, 0x0021, 0x0021, 0x0021, 0x0021,
  0x0021, 0x0021, 0x0021, 0x0021, 0x0021, 0x0021, 0x0021, 0x0021, 0x0021, 0x0021, 0x0021, 0x0021,
  0x0021, 0x0021, 0x0021, 0x0021, 0x0021, 0x0021, 0x0021, 0x0021, 0x0021, 0x0021, 0x0021, 0x0021,
  0x0021, 0x0021, 0x0021, 0x0021, 0x0021, 0x0021, 0x0021, 0x0021, 0x0021, 0x0021, 0x0021, 0x0021,
  0x0021, 0x0021, 0x0021, 0x0021, 0x0021, 0x0021, 0x0021, 0x0021, 0x0021, 0x0021, 0x0021, 0x0021,
  0x0021, 0x0021, 0x0021, 0x0021, 0x0021, 0x0021, 0x0021, 0x0021, 0x0021, 0x0021, 0x0021, 0x0021,
  0x0021, 0x0021, 0x0021, 0x0021, 0x0021, 0x0021, 0x0021, 0x0021, 0x0021, 0x0021, 0x0021, 0x0021,
  0x0021, 0x0021, 0x0021, 0x0021, 0x0021, 0x0021, 0x0021, 0x0021, 0x0021, 0x0021, 0x0021, 0x0021,
  0x0021, 0x0021, 0x0021, 0x0021, 0x0021, 0x0021, 0x0021, 0x0021, 0x0021, 0x0021, 0x0021, 0x0021,
  0x0021, 0x0021, 0x0021, 0x0021, 0x0021, 0x0021, 0x0021, 0x0021, 0x0021, 0x0021, 0x0021, 0x0021,
  0x0021, 0x0021, 0x0021, 0x0021, 0x0021, 0x0021, 0x0021, 0x0021, 0x0021, 0x0021, 0x0021, 0x0021,
  0x0021, 0x0021, 0x0021, 0x0021, 0x0021, 0x0021, 0x0021, 0x0021, 0x0021, 0x0021, 0x0021, 0x0021,
  0x0021, 0x0021, 0x0021, 0x0021, 0x0021, 0x0021, 0x0021, 0x0021, 0x0021, 0x0021, 0x0021, 0x0021,
  0x0021, 0x0021, 0x0021, 0x0021, 0x0021, 0x0021, 0x0021, 0x0021, 0x0021, 0x0021, 0x0021, 0x0021,
  0x0021, 0x0021, 0x0021, 0x0021, 0x0021, 0x0021, 0x0021, 0x0021, 0x0021, 0x0021, 0x0021, 0x0021,
  0x0021, 0x0021, 0x0021, 0x0021, 0x0021, 0x0021, 0x0021, 0x0021, 0x0021, 0x0021, 0x0021, 0x0021,
  0x0021, 0x0021, 0x0021, 0x0021, 0x0021, 0x0021, 0x0021, 0x0021, 0x0021, 0x0021, 0x0021, 0x0021,
  0x0021, 0x0021, 0x0021, 0x0021, 0x0021, 0x0021, 0x0021, 0x0021, 0x0021, 0x0021, 0x0021, 0x0021,
  0x0021, 0x0021, 0x0021, 0x0021, 0x0021, 0x0021, 0x0021, 0x0021, 0x0021, 0x0021, 0x0021, 0x0021,
  0x0021, 0x0021, 0x0021, 0x0021, 0x0021, 0x0021, 0x0021, 0x0021, 0x0021, 0x0021, 0x0021, 0x0021,
  0x0021, 0x0021, 0x0021, 0x0021, 0x0021, 0x0021, 0x0021, 0x0021, 0x0021, 0x0021, 0x0021, 0x0021,
  0x0021, 0x0021, 0x0021, 0x0021, 0x0021, 0x0021, 0x0021, 0x0021, 0x0021, 0x0021, 0x0021, 0x0021,
  0x0021, 0x0021, 0x0021, 0x0021, 0x0021, 0x0021, 0x0021, 0x0021, 0x0021, 0x0021, 0x0021, 0x0021,
  0x0021, 0x0021, 0x0021, 0x0021, 0x0021, 0x0021, 0x0021, 0x0021, 0x0021, 0x0021, 0x0021, 0x0021,
  0x0021, 0x0021, 0x0021, 0x0021, 0x0021, 0x0021, 0x0021, 0x0021, 0x0021, 0x0021, 0x0021, 0x0021,
  0x0021, 0x0021, 0x0021, 0x0021, 0x0021, 0x0021, 0x0021, 0x0021, 0x0021, 0x0021, 0x0021, 0x0021,
  0x0021, 0x0021, 0x0021, 0x0021, 0x0021, 0x0021, 0x0021, 0x0021, 0x0021, 0x0021, 0x0021, 0x0021,
  0x0021, 0x0021, 0x0021, 0x0021, 0x0021, 0x0021, 0x0021, 0x0021, 0x0021, 0x0021, 0x0021, 0x0021,
  0x0021, 0x0021, 0x0021, 0x0021, 0x0021, 0x0021, 0x0021, 0x0021, 0x0021, 0x0021, 0x0021, 0x0021,
  0x0021, 0x0021, 0x0021, 0x0021, 0x0021, 0x0021, 0x0021, 0x0021, 0x0021, 0x0021, 0x0021, 0x0021,
  0x0021, 0x0021, 0x0021, 0x0021, 0x0021, 0x0021, 0x0021, 0x0021, 0x0021, 0x0021, 0x0021, 0x0021,
  0x0021, 0x0021, 0x0021, 0x0021, 0x0021, 0x0021, 0x0021, 0x0021, 0x0021, 0x0021, 0x0021, 0x0021,
  0x0021, 0x0021, 0x0021, 0x0021, 0x0021, 0x0021, 0x0021, 0x0021, 0x0021, 0x0021, 0x0021, 0x0021,
  0x0021, 0x0021, 0x0021, 0x0021, 0x0021, 0x0021, 0x0021, 0x0021, 0x0021, 0x0021, 0x0021, 0x0021,
  0x0021, 0x0021, 0x0021, 0x0021, 0x0021, 0x0021, 0x0021, 0x0021, 0x0021, 0x0021, 0x0021, 0x0021,
  0x0021, 0x0021, 0x0021, 0x0021, 0x0021, 0x0021, 0x0021, 0x0021, 0x0021, 0x0021, 0x0021, 0x0021,
  0x0021, 0x0021, 0x0021, 0x0021, 0x0021, 0x0021, 0x0021, 0x0021, 0x0021, 0x0021, 0x0021, 0x0021,
  0x0021, 0x0021, 0x0021, 0x0021, 0x0021, 0x0021, 0x0021, 0x0021, 0x0021, 0x0021, 0x0021, 0x0021,
  0x0021, 0x0021, 0x0021, 0x0021, 0x0021, 0x0021, 0x0021, 0x0021, 0x0021, 0x0021, 0x0021, 0x0021,
  0x0021, 0x0021, 0x0021, 0x0021, 0x0021, 0x0021, 0x0021, 0x0021, 0x0021, 0x0021, 0x0021, 0x0021,
  0x0021, 0x0021, 0x0021, 0x0021, 0x0021, 0x0021, 0x0021, 0x0021, 0x0021, 0x0021, 0x0021, 0x0021,
  0x0021, 0x0021, 0x0021, 0x0021, 0x0021, 0x0021, 0x0021, 0x0021, 0x0021, 0x0021, 0x0021, 0x0021,
  0x0021, 0x0021, 0x0021, 0x0021, 0x0021, 0x0021, 0x0021, 0x0021, 0x0021, 0x0021, 0x0021, 0x0021,
  0x0021, 0x0021, 0x0021, 0x0021, 0x0021, 0x0021, 0x0021, 0x0021, 0x0021, 0x0021, 0x0021, 0x0021,
  0x0021, 0x0021, 0x0021, 0x0021, 0x0021, 0x0021, 0x0021, 0x0021, 0x0021, 0x0021, 0x0021, 0x0021,
  0x0021, 0x0021, 0x0021, 0x0021, 0x0021, 0x0021, 0x0021, 0x0021, 0x0021, 0x0021, 0x0021, 0x0021,
  0x0021, 0x0021, 0x0021, 0x0021, 0x0021, 0x0021, 0x0021, 0x0021, 0x0021, 0x0021, 0x0021, 0x0021,
  0x0021, 0x0021, 0x0021, 0x0021, 0x0021, 0x0021, 0x0021, 0x0021, 0x0021, 0x0021, 0x0021, 0x0021,
  0x0021, 0x0021, 0x0021, 0x0021, 0x0021, 0x0021, 0x0021, 0x0021, 0x0021, 0x0021, 0x0021, 0x0021,
  0x0021, 0x0021, 0x0021, 0x0021, 0x0021, 0x0021, 0x0021, 0x0021, 0x0021, 0x0021, 0x0021, 0x0021,
  0x0021, 0x0021, 0x0021, 0x0021, 0x0021, 0x0021, 0x0021, 0x0021, 0x0021, 0x0021, 0x0021, 0x0021,
  0x0021, 0x0021, 0x0021, 0x0021, 0x0021, 0x0021, 0x0021, 0x0021, 0x0021, 0x0021, 0x0021, 0x0021,
  0x0021, 0x0021, 0x0021, 0x0021, 0x0021, 0x0021, 0x0021, 0x0021, 0x0021, 0x0021, 0x0021, 0x0021,
  0x0021, 0x0021, 0x0021, 0x0021, 0x0021, 0x0021, 0x0021, 0x0021, 0x0021, 0x0021, 0x0021, 0x0021,
  0x0021, 0x0021, 0x0021, 0x0021, 0x0021, 0x0021, 0x0021, 0x0021, 0x0021, 0x0021, 0x0021, 0x0021,
  0x0021, 0x0021, 0x0021, 0x0021, 0x0021, 0x0021, 0x0021, 0x0021, 0x0021, 0x0021, 0x0021, 0x0021,
  0x0021, 0x0021, 0x0021, 0x0021, 0x0021, 0x0021, 0x0021, 0x0021, 0x0021, 0x0021, 0x0021, 0x0021,
  0x0021, 0x0021, 0x0021, 0x0021, 0x0021, 0x0021, 0x0021, 0x0021, 0x0021, 0x0021, 0x0021, 0x0021,
  0x0021, 0x0021, 0x0021, 0x0021, 0x0021, 0x0021, 0x0021, 0x0021, 0x0021, 0x0021, 0x0021, 0x0021,
  0x0021, 0x0021, 0x0021, 0x0021, 0x0021, 0x0021, 0x0021, 0x0021, 0x0021, 0x0021, 0x0021, 0x0021,
  0x0021, 0x0021, 0x0021, 0x0021, 0x0021, 0x0021, 0x0021, 0x0021, 0x0021, 0x0021, 0x0021, 0x0021,
  0x0021, 0x0021, 0x0021, 0x0021, 0x0021, 0x0021, 0x0021, 0x0021, 0x0021, 0x0021, 0x0021, 0x0021,
  0x0021, 0x0021, 0x0021, 0x0021, 0x0021, 0x0021, 0x0021, 0x0021, 0x0021, 0x0021, 0x0021, 0x0021,
  0x0021, 0x0021, 0x0021, 0x0021, 0x0021, 0x0021, 0x0021, 0x0021, 0x0021, 0x0021, 0x0021, 0x0021,
  0x0021, 0x0021, 0x0021, 0x0021, 0x0021, 0x0021, 0x0021, 0x0021, 0x0021, 0x0021, 0x0021, 0x0021,
  0x0021, 0x0021, 0x0021, 0x0021, 0x0021, 0x0021, 0x0021, 0x0021, 0x0021, 0x0021, 0x0021, 0x0021,
  0x0021, 0x0021, 0x0021, 0x0021, 0x0021, 0x0021, 0x0021, 0x0021, 0x0021, 0x0021, 0x0021, 0x0021,
  0x0021, 0x0021, 0x0021, 0x0021, 0x0021, 0x0021, 0x0021, 0x0021, 0x0021, 0x0021, 0x0021, 0x0021,
  0x0021, 0x0021, 0x0021, 0x0021, 0x0021, 0x0021, 0x0021, 0x0021, 0x0021, 0x0021, 0x0021, 0x0021,
  0x0021, 0x0021, 0x0021, 0x0021, 0x0021, 0x0021, 0x0021, 0x0021, 0x0021, 0x0021, 0x0021, 0x0021,
  0x0021, 0x0021, 0x0021, 0x0021, 0x0021, 0x0021, 0x0021, 0x0021, 0x0021, 0x0021, 0x0021, 0x0021,
  0x0021, 0x0021, 0x0021, 0x0021, 0x0021, 0x0021, 0x0021, 0x0021, 0x0021, 0x0021, 0x0021, 0x0021,
  0x0021, 0x0021, 0x0021, 0x0021, 0x0021, 0x0021, 0x0021, 0x0021, 0x0021, 0x0021, 0x0021, 0x0021,
  0x0021, 0x0021, 0x0021, 0x0021, 0x0021, 0x0021, 0x0021, 0x0021, 0x0021, 0x0021, 0x0021, 0x0021,
  0x0021, 0x0021, 0x0021, 0x0021,
