// Generated from Assets/GridCity/StreetV3/device/a1-rivet-row.png
// SHA-256: cb3118b259b31d2dd8f76eb94697d549aa1401f9059d561c7937f41eb0d97411
  0x0020, 0x0020, 0x0020, 0x0020, 0x0020, 0x0020, 0x0020, 0x0020, 0x0020, 0x0020, 0x0020, 0x0020,
  0x0020, 0x0020, 0x0020, 0x0020, 0x0020, 0x0020, 0x0020, 0x0020, 0x0020, 0x0020, 0x0020, 0x0020,
  0x0020, 0x0020, 0x0020, 0x0020, 0x0020, 0x0020, 0x0020, 0x0020, 0x0020, 0x0020, 0x0020, 0x0020,
  0x0020, 0x0020, 0x0020, 0x0020, 0x0020, 0x0020, 0x0020, 0x0000, 0x0020, 0x0020, 0x0020, 0x0020,
  0x0020, 0x0020, 0x0020, 0x0020, 0x0020, 0x0020, 0x0020, 0x0020, 0x0020, 0x0020, 0x0020, 0x0020,
  0x0020, 0x0020, 0x0020, 0x0020, 0x0020, 0x0020, 0x0020, 0x0020, 0x0020, 0x0020, 0x0020, 0x0020,
  0x0020, 0x0020, 0x0020, 0x0020, 0x0020, 0x0020, 0x0020, 0x0020, 0x0020, 0x0020, 0x0020, 0x0020,
  0x0020, 0x0020, 0x0020, 0x0020, 0x0020, 0x0020, 0x0020, 0x0020, 0x0020, 0x0020, 0x0020, 0x0020,
  0x0020, 0x0020, 0x0020, 0x0020, 0x0020, 0x0020, 0x0020, 0x0020, 0x0020, 0x0020, 0x0020, 0x0020,
  0x0020, 0x0020, 0x0020, 0x0020, 0x0020, 0x0020, 0x0020, 0x0020, 0x0020, 0x0020, 0x0020, 0x0020,
  0x0020, 0x0020, 0x0020, 0x0020, 0x0020, 0x0020, 0x0020, 0x0020, 0x0020, 0x0020, 0x0020, 0x0020,
  0x0020, 0x0020, 0x0020, 0x0020, 0x0020, 0x0020, 0x0020, 0x0020, 0x0020, 0x0020, 0x0020, 0x0020,
  0x0020, 0x0020, 0x0020, 0x0020, 0x0020, 0x0020, 0x0020, 0x0020, 0x0020, 0x0020, 0x0020, 0x0020,
  0x0020, 0x0020, 0x0020, 0x0020, 0x0020, 0x0020, 0x0020, 0x0020, 0x0020, 0x0020, 0x0020, 0x0020,
  0x0020, 0x0020, 0x0020, 0x0020, 0x0020, 0x0020, 0x0020, 0x0020, 0x0020, 0x0020, 0x0020, 0x0020,
  0x0020, 0x0020, 0x0020, 0x0020, 0x0020, 0x0020, 0x0020, 0x0020, 0x0020, 0x0020, 0x0020, 0x0020,
  0x0020, 0x0020, 0x0020, 0x0020, 0x0020, 0x0020, 0x0020, 0x0020, 0x0020, 0x0020, 0x0020, 0x0020,
  0x0020, 0x0020, 0x0020, 0x0020, 0x0020, 0x0020, 0x0020, 0x0020, 0x0020, 0x0020, 0x0020, 0x0020,
  0x0020, 0x0020, 0x0020, 0x0020, 0x0020, 0x0020, 0x0020, 0x0020, 0x0020, 0x0020, 0x0020, 0x0020,
  0x0020, 0x0020, 0x0020, 0x0020, 0x0020, 0x0020, 0x0020, 0x0020, 0x0020, 0x0020, 0x0020, 0x0020,
  0x0020, 0x0020, 0x0020, 0x0020, 0x0020, 0x0020, 0x0020, 0x0020, 0x0020, 0x0020, 0x0020, 0x0020,
  0x0020, 0x0020, 0x0020, 0x0020, 0x0020, 0x0020, 0x0020, 0x0020, 0x0020, 0x0020, 0x0020, 0x0020,
  0x0020, 0x0020, 0x0020, 0x0020, 0x0020, 0x0020, 0x0020, 0x0020, 0x0020, 0x0020, 0x0020, 0x0020,
  0x0020, 0x0020, 0x0020, 0x0020, 0x0020, 0x0020, 0x0020, 0x0020, 0x0020, 0x0020, 0x0020, 0x0020,
  0x0020, 0x0020, 0x0020, 0x0020, 0x0020, 0x0020, 0x0020, 0x0020, 0x0020, 0x0020, 0x0020, 0x0020,
  0x0020, 0x0020, 0x0020, 0x0020, 0x0020, 0x0020, 0x0020, 0x0020, 0x0020, 0x0020, 0x0020, 0x0020,
  0x0020, 0x0020, 0x0020, 0x0020, 0x0020, 0x0020, 0x0020, 0x0020, 0x0020, 0x0020, 0x0020, 0x0020,
  0x0020, 0x0020, 0x0020, 0x0020, 0x0020, 0x0020, 0x0020, 0x0020, 0x0020, 0x0020, 0x0020, 0x0020,
  0x0020, 0x0020, 0x0020, 0x0020, 0x0020, 0x0020, 0x0020, 0x0020, 0x0020, 0x0020, 0x0020, 0x0020,
  0x0020, 0x0020, 0x0020, 0x0020, 0x0020, 0x0020, 0x0020, 0x0020, 0x0020, 0x0020, 0x0020, 0x0020,
  0x0020, 0x0020, 0x0020, 0x0020, 0x0020, 0x0020, 0x0020, 0x0020, 0x0020, 0x0020, 0x0020, 0x0020,
  0x0020, 0x0020, 0x0020, 0x0020, 0x0020, 0x0020, 0x0020, 0x0020, 0x0020, 0x0020, 0x0020, 0x0020,
  0x0020, 0x0020, 0x0020, 0x0020, 0x0020, 0x0020, 0x0020, 0x0020, 0x0020, 0x0020, 0x0020, 0x0020,
  0x0020, 0x0020, 0x0020, 0x0020, 0x0020, 0x0020, 0x0020, 0x0020, 0x0020, 0x0020, 0x0020, 0x0020,
  0x0020, 0x0020, 0x0020, 0x0020, 0x0020, 0x0020, 0x0020, 0x0020, 0x0020, 0x0020, 0x0020, 0x0020,
  0x0020, 0x0020, 0x0020, 0x0020, 0x0020, 0x0020, 0x0020, 0x0020, 0x0020, 0x0020, 0x0020, 0x0020,
  0x0020, 0x0020, 0x0020, 0x0020, 0x0020, 0x0020, 0x0020, 0x0020, 0x0020, 0x0020, 0x0020, 0x0020,
  0x0020, 0x0020, 0x0020, 0x0020, 0x0020, 0x0020, 0x0020, 0x0020, 0x0020, 0x0020, 0x0020, 0x0020,
  0x0020, 0x0020, 0x0020, 0x0020, 0x0020, 0x0020, 0x0020, 0x0020, 0x0020, 0x0020, 0x0020, 0x0020,
  0x0020, 0x0020, 0x0020, 0x0020, 0x0020, 0x0020, 0x0020, 0x0020, 0x0020, 0x0020, 0x0020, 0x0020,
  0x0020, 0x0020, 0x0020, 0x0020, 0x0020, 0x0020, 0x0020, 0x0020, 0x0020, 0x0020, 0x0020, 0x0020,
  0x0020, 0x0020, 0x0020, 0x0020, 0x0020, 0x0020, 0x0020, 0x0020, 0x0020, 0x0020, 0x0020, 0x0020,
  0x0020, 0x0020, 0x0020, 0x0020, 0x0020, 0x0020, 0x0020, 0x0020, 0x0020, 0x0020, 0x0020, 0x0020,
  0x0020, 0x0020, 0x0020, 0x0020, 0x0020, 0x0020, 0x0020, 0x0020, 0x0020, 0x0020, 0x0020, 0x0020,
  0x0020, 0x0020, 0x0020, 0x0020, 0x0020, 0x0020, 0x0020, 0x0020, 0x0020, 0x0020, 0x0020, 0x0020,
  0x0020, 0x0020, 0x0020, 0x0020, 0x0020, 0x0020, 0x0020, 0x0020, 0x0020, 0x0020, 0x0020, 0x0020,
  0x0020, 0x0020, 0x0020, 0x0020, 0x0020, 0x0020, 0x0020, 0x0020, 0x0020, 0x0020, 0x0020, 0x0020,
  0x0020, 0x0020, 0x0020, 0x0020, 0x0020, 0x0020, 0x0020, 0x0020, 0x0020, 0x0020, 0x0020, 0x0020,
  0x0020, 0x0020, 0x0020, 0x0020, 0x0020, 0x0020, 0x0020, 0x0020, 0x0020, 0x0020, 0x0020, 0x0020,
  0x0020, 0x0020, 0x0020, 0x0020, 0x0020, 0x0020, 0x0020, 0x0020, 0x0020, 0x0020, 0x0020, 0x0020,
  0x0020, 0x0020, 0x0020, 0x0020, 0x0020, 0x0020, 0x0020, 0x0020, 0x0020, 0x0020, 0x0020, 0x0020,
  0x0020, 0x0020, 0x0020, 0x0020, 0x0020, 0x0020, 0x0020, 0x0020, 0x0020, 0x0020, 0x0020, 0x0020,
  0x0020, 0x0020, 0x0020, 0x0020, 0x0020, 0x0020, 0x0020, 0x0020, 0x0020, 0x0020, 0x0020, 0x0020,
  0x0020, 0x0020, 0x0020, 0x0020, 0x0020, 0x0020, 0x0020, 0x0020, 0x0020, 0x0020, 0x0020, 0x0020,
  0x0020, 0x0020, 0x0020, 0x0020, 0x0020, 0x0020, 0x0020, 0x0020, 0x0020, 0x0020, 0x0020, 0x0020,
  0x0020, 0x0020, 0x0020, 0x0020, 0x0020, 0x0020, 0x0020, 0x0020, 0x0020, 0x0020, 0x0020, 0x0020,
  0x0020, 0x0020, 0x0020, 0x0020, 0x0020, 0x0020, 0x0020, 0x0020, 0x0020, 0x0020, 0x0020, 0x0020,
  0x0020, 0x0020, 0x0020, 0x0020, 0x0020, 0x0020, 0x0020, 0x0020, 0x0020, 0x0020, 0x0020, 0x0020,
  0x0020, 0x0020, 0x0020, 0x0020, 0x0020, 0x0020, 0x0020, 0x0020, 0x0020, 0x0020, 0x0020, 0x0020,
  0x0020, 0x0020, 0x0020, 0x0020, 0x0020, 0x0020, 0x0020, 0x0020, 0x0020, 0x0020, 0x0020, 0x0020,
  0x0020, 0x0020, 0x0020, 0x0020, 0x0020, 0x0020, 0x0020, 0x0020, 0x0020, 0x0020, 0x0020, 0x0020,
  0x0020, 0x0020, 0x0020, 0x0020, 0x0020, 0x0020, 0x0020, 0x0020, 0x0020, 0x0020, 0x0020, 0x0020,
  0x0020, 0x0020, 0x0020, 0x0020, 0x0020, 0x0020, 0x0020, 0x0020, 0x0020, 0x0020, 0x0020, 0x0020,
  0x0020, 0x0020, 0x0020, 0x0020, 0x0020, 0x0020, 0x0020, 0x0020, 0x0020, 0x0020, 0x0020, 0x0020,
  0x0020, 0x0020, 0x0020, 0x0020, 0x0020, 0x0020, 0x0020, 0x0020, 0x0020, 0x0020, 0x0020, 0x0020,
  0x0020, 0x0020, 0x0020, 0x0020, 0x0020, 0x0020, 0x0020, 0x0020, 0x0020, 0x0020, 0x0020, 0x0020,
  0x0020, 0x0020, 0x0020, 0x0020, 0x0020, 0x0020, 0x0020, 0x0020, 0x0020, 0x0020, 0x0020, 0x0020,
  0x0020, 0x0020, 0x0020, 0x0020, 0x0020, 0x0020, 0x0020, 0x0020, 0x0020, 0x0020, 0x0020, 0x0020,
  0x0020, 0x0020, 0x0020, 0x0020, 0x0020, 0x0020, 0x0020, 0x0020, 0x0020, 0x0020, 0x0020, 0x0020,
  0x0020, 0x0020, 0x0020, 0x0020, 0x0020, 0x0020, 0x0020, 0x0020, 0x0020, 0x0020, 0x0020, 0x0020,
  0x0020, 0x0020, 0x0020, 0x0020, 0x0020, 0x0020, 0x0020, 0x0020, 0x0020, 0x0020, 0x0020, 0x0020,
  0x0020, 0x0020, 0x0020, 0x0020, 0x0020, 0x0020, 0x0020, 0x0020, 0x0020, 0x0020, 0x0020, 0x0020,
  0x0020, 0x0020, 0x0020, 0x0020, 0x0020, 0x0020, 0x0020, 0x0020, 0x0020, 0x0020, 0x0020, 0x0020,
  0x0020, 0x0020, 0x0020, 0x0020, 0x0020, 0x0020, 0x0020, 0x0020, 0x0020, 0x0020, 0x0020, 0x0020,
  0x0020, 0x0020, 0x0020, 0x0020, 0x0020, 0x0020, 0x0020, 0x0020, 0x0020, 0x0020, 0x0020, 0x0020,
  0x0020, 0x0020, 0x0020, 0x0020, 0x0020, 0x0020, 0x0020, 0x0020, 0x0020, 0x0020, 0x0020, 0x0020,
  0x0020, 0x0020, 0x0020, 0x0020, 0x0020, 0x0020, 0x0020, 0x0020, 0x0020, 0x0020, 0x0020, 0x0020,
  0x0020, 0x0020, 0x0020, 0x0020, 0x0020, 0x0020, 0x0020, 0x0020, 0x0020, 0x0020, 0x0020, 0x0020,
  0x0020, 0x0020, 0x0020, 0x0020, 0x0020, 0x0020, 0x0020, 0x0020, 0x0020, 0x0020, 0x0020, 0x0020,
  0x0020, 0x0020, 0x0020, 0x0020, 0x0020, 0x0020, 0x0020, 0x0020, 0x0020, 0x0020, 0x0020, 0x0020,
  0x0020, 0x0020, 0x0020, 0x0020, 0x0020, 0x0020, 0x0020, 0x0020, 0x0020, 0x0020, 0x0020, 0x0020,
  0x0020, 0x0020, 0x0020, 0x0020, 0x0020, 0x0020, 0x0020, 0x0020, 0x0020, 0x0020, 0x0020, 0x0020,
  0x0020, 0x0020, 0x0020, 0x0020, 0x0020, 0x0020, 0x0020, 0x0020, 0x0020, 0x0020, 0x0020, 0x0020,
  0x0020, 0x0020, 0x0020, 0x0020, 0x0020, 0x0020, 0x0020, 0x0020, 0x0020, 0x0020, 0x0020, 0x0020,
  0x0020, 0x0020, 0x0020, 0x0020, 0x0020, 0x0020, 0x0020, 0x0020, 0x0020, 0x0020, 0x0020, 0x0020,
  0x0020, 0x0020, 0x0020, 0x0020, 0x0020, 0x0020, 0x0020, 0x0020, 0x0020, 0x0020, 0x0020, 0x0020,
  0x0020, 0x0020, 0x0020, 0x0020, 0x0020, 0x0020, 0x0020, 0x0020, 0x0020, 0x0020, 0x0020, 0x0020,
  0x0020, 0x0020, 0x0020, 0x0020, 0x0020, 0x0020, 0x0020, 0x0020, 0x0020, 0x0020, 0x0020, 0x0020,
  0x0020, 0x0020, 0x0020, 0x0020, 0x0020, 0x0020, 0x0020, 0x0020, 0x0020, 0x0020, 0x0020, 0x0020,
  0x0020, 0x0020, 0x0020, 0x0020, 0x0020, 0x0020, 0x0020, 0x0020, 0x0020, 0x0020, 0x0020, 0x0020,
  0x0020, 0x0020, 0x0020, 0x0020, 0x0020, 0x0020, 0x0020, 0x0020, 0x0020, 0x0020, 0x0020, 0x0020,
  0x0020, 0x0020, 0x0020, 0x0020, 0x0020, 0x0020, 0x0020, 0x0020, 0x0020, 0x0020, 0x0020, 0x0020,
  0x0020, 0x0020, 0x0020, 0x0020, 0x0020, 0x0020, 0x0020, 0x0020, 0x0020, 0x0020, 0x0020, 0x0020,
  0x0020, 0x0020, 0x0020, 0x0020, 0x0020, 0x0020, 0x0020, 0x0020, 0x0020, 0x0020, 0x0020, 0x0020,
  0x0020, 0x0020, 0x0020, 0x0020, 0x0020, 0x0020, 0x0020, 0x0020, 0x0020, 0x0020, 0x0020, 0x0020,
  0x0020, 0x0020, 0x0020, 0x0020, 0x0020, 0x0020, 0x0020, 0x0020, 0x0020, 0x0020, 0x0020, 0x0020,
  0x0020, 0x0020, 0x0020, 0x0020, 0x0020, 0x0020, 0x0020, 0x0020, 0x0020, 0x0020, 0x0020, 0x0020,
  0x0020, 0x0020, 0x0020, 0x0020, 0x0020, 0x0020, 0x0020, 0x0020, 0x0020, 0x0020, 0x0020, 0x0020,
  0x0020, 0x0020, 0x0020, 0x0020, 0x0020, 0x0020, 0x0020, 0x0020, 0x0020, 0x0020, 0x0020, 0x0020,
  0x0020, 0x0020, 0x0020, 0x0020, 0x0020, 0x0020, 0x0020, 0x0020, 0x0020, 0x0020, 0x0020, 0x0020,
  0x0020, 0x0020, 0x0020, 0x0020, 0x0020, 0x0020, 0x0020, 0x0020, 0x0020, 0x0020, 0x0020, 0x0020,
  0x0020, 0x0020, 0x0020, 0x0020, 0x0020, 0x0020, 0x0020, 0x0020, 0x0020, 0x0020, 0x0020, 0x0020,
  0x0020, 0x0020, 0x0020, 0x0020, 0x0020, 0x0020, 0x0020, 0x0020, 0x0020, 0x0020, 0x0020, 0x0020,
  0x0020, 0x0020, 0x0020, 0x0020, 0x0020, 0x0020, 0x0020, 0x0020, 0x0020, 0x0020, 0x0020, 0x0020,
  0x0020, 0x0020, 0x0020, 0x0020, 0x0020, 0x0020, 0x0020, 0x0020, 0x0020, 0x0020, 0x0020, 0x0020,
  0x0020, 0x0020, 0x0020, 0x0020, 0x0020, 0x0020, 0x0020, 0x0020, 0x0020, 0x0020, 0x0020, 0x0020,
  0x0020, 0x0020, 0x0020, 0x0020, 0x0020, 0x0020, 0x0020, 0x0020, 0x0020, 0x0020, 0x0020, 0x0020,
  0x0020, 0x0020, 0x0020, 0x0020, 0x0020, 0x0020, 0x0020, 0x0020, 0x0020, 0x0020, 0x0020, 0x0020,
  0x0020, 0x0020, 0x0020, 0x0020, 0x0020, 0x0020, 0x0020, 0x0020, 0x0020, 0x0020, 0x0020, 0x0020,
  0x0020, 0x0020, 0x0020, 0x0020, 0x0020, 0x0020, 0x0020, 0x0020, 0x0020, 0x0020, 0x0020, 0x0020,
  0x0020, 0x0020, 0x0020, 0x0020, 0x0020, 0x0020, 0x0020, 0x0020, 0x0020, 0x0020, 0x0020, 0x0020,
  0x0020, 0x0020, 0x0020, 0x0020, 0x0020, 0x0020, 0x0020, 0x0020, 0x0020, 0x0020, 0x0020, 0x0020,
  0x0020, 0x0020, 0x0020, 0x0020, 0x0020, 0x0020, 0x0020, 0x0020, 0x0020, 0x0020, 0x0020, 0x0020,
  0x0020, 0x0020, 0x0020, 0x0020, 0x0020, 0x0020, 0x0020, 0x0020, 0x0020, 0x0020, 0x0020, 0x0020,
  0x0020, 0x0020, 0x0020, 0x0020, 0x0020, 0x0020, 0x0020, 0x0020, 0x0020, 0x0020, 0x0020, 0x0020,
  0x0020, 0x0020, 0x0020, 0x0020, 0x0020, 0x0020, 0x0020, 0x0020, 0x0020, 0x0020, 0x0020, 0x0020,
  0x0020, 0x0020, 0x0020, 0x0020, 0x0020, 0x0020, 0x0020, 0x0020, 0x0020, 0x0020, 0x0020, 0x0020,
  0x0020, 0x0020, 0x0020, 0x0020, 0x0020, 0x0020, 0x0020, 0x0020, 0x0020, 0x0020, 0x0020, 0x0020,
  0x0020, 0x0020, 0x0020, 0x0020, 0x0020, 0x0020, 0x0020, 0x0020, 0x0020, 0x0020, 0x0020, 0x0020,
  0x0020, 0x0020, 0x0020, 0x0020, 0x0020, 0x0020, 0x0020, 0x0020, 0x0020, 0x0020, 0x0020, 0x0020,
  0x0020, 0x0000, 0x0020, 0x0020, 0x0020, 0x0020, 0x0020, 0x0020, 0x0020, 0x0020, 0x0020, 0x0020,
  0x0020, 0x0020, 0x0020, 0x0020, 0x0020, 0x0020, 0x0020, 0x0020, 0x0020, 0x0020, 0x0020, 0x0020,
  0x0020, 0x0020, 0x0020, 0x0020, 0x0020, 0x0020, 0x0020, 0x0020, 0x0020, 0x0020, 0x0020, 0x0020,
  0x0020, 0x0020, 0x0020, 0x0020, 0x0020, 0x0020, 0x0020, 0x0020, 0x0020, 0x0020, 0x0020, 0x0020,
  0x0020, 0x0020, 0x0020, 0x0020, 0x0020, 0x0020, 0x0020, 0x0020, 0x0020, 0x0020, 0x0020, 0x0020,
  0x0020, 0x0020, 0x0020, 0x0020, 0x0020, 0x0020, 0x0020, 0x0020, 0x0020, 0x0020, 0x0020, 0x0020,
  0x0020, 0x0020, 0x0020, 0x0020, 0x0020, 0x0020, 0x0020, 0x0020, 0x0020, 0x0020, 0x0020, 0x0020,
  0x0020, 0x0020, 0x0020, 0x0020, 0x0020, 0x0020, 0x0020, 0x0020, 0x0020, 0x0020, 0x0020, 0x0020,
  0x0020, 0x0020, 0x0020, 0x0020, 0x0020, 0x0020, 0x0020, 0x0020, 0x0020, 0x0020, 0x0020, 0x0020,
  0x0020, 0x0020, 0x0020, 0x0020, 0x0020, 0x0020, 0x0020, 0x0020, 0x0020, 0x0020, 0x0020, 0x0020,
  0x0020, 0x0020, 0x0020, 0x0020, 0x0020, 0x0020, 0x0020, 0x0020, 0x0020, 0x0020, 0x0020, 0x0020,
  0x0020, 0x0020, 0x0020, 0x0020, 0x0020, 0x0020, 0x0020, 0x0020, 0x0020, 0x0020, 0x0020, 0x0020,
  0x0020, 0x0020, 0x0020, 0x0020, 0x0020, 0x0020, 0x0020, 0x0020, 0x0020, 0x0020, 0x0020, 0x0020,
  0x0020, 0x0020, 0x0020, 0x0020, 0x0020, 0x0020, 0x0020, 0x0020, 0x0020, 0x0020, 0x0020, 0x0020,
  0x0020, 0x0020, 0x0020, 0x0020, 0x0020, 0x0020, 0x0020, 0x0020, 0x0020, 0x0020, 0x0020, 0x0020,
  0x0020, 0x0020, 0x0020, 0x0020, 0x0020, 0x0020, 0x0020, 0x0020, 0x0020, 0x0020, 0x0020, 0x0020,
  0x0020, 0x0020, 0x0020, 0x0020, 0x0020, 0x0020, 0x0020, 0x0020, 0x0020, 0x0020, 0x0020, 0x0020,
  0x0020, 0x0020, 0x0020, 0x0020, 0x0020, 0x0020, 0x0020, 0x0020, 0x0020, 0x0020, 0x0020, 0x0020,
  0x0020, 0x0020, 0x0020, 0x0020, 0x0020, 0x0020, 0x0020, 0x0020, 0x0020, 0x0020, 0x0020, 0x0020,
  0x0020, 0x0020, 0x0020, 0x0020, 0x0020, 0x0020, 0x0020, 0x0020, 0x0020, 0x0020, 0x0020, 0x0020,
  0x0020, 0x0020, 0x0020, 0x0020, 0x0020, 0x0020, 0x0020, 0x0020, 0x0020, 0x0020, 0x0020, 0x0020,
  0x0020, 0x0020, 0x0020, 0x0020, 0x0020, 0x0020, 0x0020, 0x0020, 0x0020, 0x0020, 0x0020, 0x0020,
  0x0020, 0x0020, 0x0020, 0x0020, 0x0020, 0x0020, 0x0020, 0x0020, 0x0020, 0x0020, 0x0020, 0x0020,
  0x0020, 0x0020, 0x0020, 0x0020, 0x0020, 0x0020, 0x0020, 0x0020, 0x0020, 0x0020, 0x0020, 0x0020,
  0x0020, 0x0020, 0x0020, 0x0020, 0x0020, 0x0020, 0x0020, 0x0020, 0x0020, 0x0020, 0x0020, 0x0020,
  0x0020, 0x0020, 0x0020, 0x0020, 0x0020, 0x0020, 0x0020, 0x0020, 0x0020, 0x0020, 0x0020, 0x0020,
  0x0020, 0x0020, 0x0020, 0x0020, 0x0020, 0x0020, 0x0020, 0x0020, 0x0020, 0x0020, 0x0020, 0x0020,
  0x0020, 0x0020, 0x0020, 0x0020, 0x0020, 0x0020, 0x0020, 0x0020, 0x0020, 0x0020, 0x0020, 0x0020,
  0x0020, 0x0020, 0x0020, 0x0020, 0x0020, 0x0020, 0x0020, 0x0020, 0x0020, 0x0020, 0x0020, 0x0020,
  0x0020, 0x0020, 0x0020, 0x0020, 0x0020, 0x0020, 0x0020, 0x0020, 0x0020, 0x0020, 0x0020, 0x0020,
  0x0020, 0x0020, 0x0020, 0x0020, 0x0020, 0x0020, 0x0020, 0x0020, 0x0020, 0x0020, 0x0020, 0x0020,
  0x0020, 0x0020, 0x0020, 0x0020, 0x0020, 0x0020, 0x0020, 0x0020, 0x0020, 0x0020, 0x0020, 0x0020,
  0x0020, 0x0020, 0x0020, 0x0020, 0x0020, 0x0020, 0x0020, 0x0020, 0x0020, 0x0020, 0x0020, 0x0020,
  0x0020, 0x0020, 0x0020, 0x0020, 0x0020, 0x0020, 0x0020, 0x0020, 0x0020, 0x0020, 0x0020, 0x0020,
  0x0020, 0x0020, 0x0020, 0x0020, 0x0020, 0x0020, 0x0020, 0x0020, 0x0020, 0x0020, 0x0020, 0x0020,
  0x0020, 0x0020, 0x0020, 0x0020, 0x0020, 0x0020, 0x0020, 0x0020, 0x0020, 0x0020, 0x0020, 0x0020,
  0x0020, 0x0020, 0x0020, 0x0020, 0x0020, 0x0020, 0x0020, 0x0020, 0x0020, 0x0020, 0x0020, 0x0020,
  0x0020, 0x0020, 0x0020, 0x0020, 0x0020, 0x0020, 0x0020, 0x0020, 0x0020, 0x0020, 0x0020, 0x0020,
  0x0020, 0x0020, 0x0020, 0x0020, 0x0020, 0x0020, 0x0020, 0x0020, 0x0020, 0x0020, 0x0020, 0x0020,
  0x0020, 0x0020, 0x0020, 0x0020, 0x0020, 0x0020, 0x0020, 0x0020, 0x0020, 0x0020, 0x0020, 0x0020,
  0x0020, 0x0020, 0x0020, 0x0020, 0x0020, 0x0020, 0x0020, 0x0020, 0x0020, 0x0020, 0x0020, 0x0020,
  0x0020, 0x0020, 0x0020, 0x0020, 0x0020, 0x0020, 0x0020, 0x0020, 0x0020, 0x0020, 0x0020, 0x0020,
  0x0020, 0x0020, 0x0020, 0x0020, 0x0020, 0x0020, 0x0020, 0x0020, 0x0020, 0x0020, 0x0020, 0x0020,
  0x0020, 0x0020, 0x0020, 0x0020, 0x0020, 0x0020, 0x0020, 0x0020, 0x0020, 0x0020, 0x0020, 0x0020,
  0x0020, 0x0020, 0x0020, 0x0020, 0x0020, 0x0020, 0x0020, 0x0020, 0x0020, 0x0020, 0x0020, 0x0020,
  0x0020, 0x0020, 0x0020, 0x0020, 0x0020, 0x0020, 0x0020, 0x0020, 0x0020, 0x0020, 0x0020, 0x0020,
  0x0020, 0x0020, 0x0020, 0x0020, 0x0020, 0x0020, 0x0020, 0x0020, 0x0020, 0x0020, 0x0020, 0x0020,
  0x0020, 0x0020, 0x0020, 0x0020, 0x0020, 0x0020, 0x0020, 0x0020, 0x0020, 0x0020, 0x0020, 0x0020,
  0x0020, 0x0020, 0x0020, 0x0020, 0x0020, 0x0020, 0x0020, 0x0020, 0x0020, 0x0020, 0x0020, 0x0020,
  0x0020, 0x0020, 0x0020, 0x0020, 0x0020, 0x0020, 0x0020, 0x0020, 0x0020, 0x0020, 0x0020, 0x0020,
  0x0020, 0x0020, 0x0020, 0x0020, 0x0020, 0x0020, 0x0020, 0x0020, 0x0020, 0x0020, 0x0020, 0x0020,
  0x0020, 0x0020, 0x0020, 0x0020, 0x0020, 0x0020, 0x0020, 0x0020, 0x0020, 0x0020, 0x0020, 0x0020,
  0x0020, 0x0020, 0x0020, 0x0020, 0x0020, 0x0020, 0x0020, 0x0020, 0x0020, 0x0020, 0x0020, 0x0020,
  0x0020, 0x0020, 0x0020, 0x0020, 0x0020, 0x0020, 0x0020, 0x0020, 0x0020, 0x0020, 0x0020, 0x0020,
  0x0020, 0x0020, 0x0020, 0x0020, 0x0020, 0x0020, 0x0020, 0x0020, 0x0020, 0x0020, 0x0020, 0x0020,
  0x0020, 0x0020, 0x0020, 0x0020, 0x0020, 0x0020, 0x0020, 0x0020, 0x0020, 0x0020, 0x0020, 0x0020,
  0x0020, 0x0020, 0x0020, 0x0020, 0x0020, 0x0020, 0x0020, 0x0020, 0x0020, 0x0020, 0x0020, 0x0020,
  0x0020, 0x0020, 0x0020, 0x0020, 0x0020, 0x0020, 0x0020, 0x0020, 0x0020, 0x0020, 0x0020, 0x0020,
  0x0020, 0x0020, 0x0020, 0x0020, 0x0020, 0x0020, 0x0020, 0x0020, 0x0020, 0x0020, 0x0020, 0x0020,
  0x0020, 0x0020, 0x0020, 0x0020, 0x0020, 0x0020, 0x0020, 0x0020, 0x0020, 0x0020, 0x0020, 0x0020,
  0x0020, 0x0020, 0x0020, 0x0020, 0x0020, 0x0020, 0x0020, 0x0020, 0x0020, 0x0020, 0x0020, 0x0020,
  0x0020, 0x0020, 0x0020, 0x0020, 0x0020, 0x0020, 0x0020, 0x0020, 0x0020, 0x0020, 0x0020, 0x0020,
  0x0020, 0x0020, 0x0020, 0x0020, 0x0020, 0x0020, 0x0020, 0x0020, 0x0020, 0x0020, 0x0020, 0x0020,
  0x0020, 0x0020, 0x0020, 0x0020, 0x0020, 0x0020, 0x0020, 0x0020, 0x0020, 0x0020, 0x0020, 0x0020,
  0x0020, 0x0020, 0x0020, 0x0020, 0x0020, 0x0020, 0x0020, 0x0020, 0x0020, 0x0020, 0x0020, 0x0020,
  0x0020, 0x0020, 0x0020, 0x0020, 0x0020, 0x0020, 0x0020, 0x0020, 0x0020, 0x0020, 0x0020, 0x0020,
  0x0020, 0x0020, 0x0020, 0x0020, 0x0020, 0x0020, 0x0020, 0x0020, 0x0020, 0x0020, 0x0020, 0x0020,
  0x0020, 0x0020, 0x0020, 0x0020, 0x0020, 0x0020, 0x0020, 0x0020, 0x0020, 0x0020, 0x0020, 0x0020,
  0x0020, 0x0020, 0x0020, 0x0020, 0x0020, 0x0020, 0x0020, 0x0020, 0x0020, 0x0020, 0x0020, 0x0020,
  0x0020, 0x0020, 0x0020, 0x0020, 0x0020, 0x0020, 0x0020, 0x0020, 0x0020, 0x0020, 0x0020, 0x0020,
  0x0020, 0x0020, 0x0020, 0x0020, 0x0020, 0x0020, 0x0020, 0x0020, 0x0020, 0x0020, 0x0020, 0x0020,
  0x0020, 0x0020, 0x0020, 0x0020, 0x0020, 0x0020, 0x0020, 0x0020, 0x0020, 0x0020, 0x0020, 0x0020,
  0x0020, 0x0020, 0x0020, 0x0020, 0x0020, 0x0020, 0x0020, 0x0020, 0x0020, 0x0020, 0x0020, 0x0020,
  0x0020, 0x0020, 0x0020, 0x0020, 0x0020, 0x0020, 0x0020, 0x0020, 0x0020, 0x0020, 0x0020, 0x0020,
  0x0020, 0x0020, 0x0020, 0x0020, 0x0020, 0x0020, 0x0020, 0x0020, 0x0020, 0x0020, 0x0020, 0x0020,
  0x0020, 0x0020, 0x0020, 0x0020, 0x0020, 0x0020, 0x0020, 0x0020, 0x0020, 0x0020, 0x0020, 0x0020,
  0x0020, 0x0020, 0x0020, 0x0020, 0x0020, 0x0020, 0x0020, 0x0020, 0x0020, 0x0020, 0x0020, 0x0020,
  0x0020, 0x0020, 0x0020, 0x0020, 0x0020, 0x0020, 0x0020, 0x0020, 0x0020, 0x0020, 0x0020, 0x0020,
  0x0020, 0x0020, 0x0020, 0x0020, 0x0020, 0x0020, 0x0020, 0x0020, 0x0020, 0x0020, 0x0020, 0x0020,
  0x0020, 0x0020, 0x0020, 0x0020, 0x0020, 0x0020, 0x0020, 0x0020, 0x0020, 0x0020, 0x0020, 0x0020,
  0x0020, 0x0020, 0x0020, 0x0020, 0x0020, 0x0020, 0x0020, 0x0020, 0x0020, 0x0020, 0x0020, 0x0020,
  0x0020, 0x0020, 0x0020, 0x0020, 0x0020, 0x0020, 0x0020, 0x0020, 0x0020, 0x0020, 0x0020, 0x0020,
  0x0020, 0x0020, 0x0020, 0x0020, 0x0020, 0x0020, 0x0020, 0x0020, 0x0020, 0x0020, 0x0020, 0x0020,
  0x0020, 0x0020, 0x0020, 0x0020, 0x0020, 0x0020, 0x0020, 0x0020, 0x0020, 0x0020, 0x0020, 0x0020,
  0x0020, 0x0020, 0x0020, 0x0020, 0x0020, 0x0020, 0x0020, 0x0020, 0x0020, 0x0020, 0x0020, 0x0020,
  0x0020, 0x0020, 0x0020, 0x0020, 0x0020, 0x0020, 0x0020, 0x0020, 0x0020, 0x0020, 0x0020, 0x0020,
  0x0020, 0x0020, 0x0020, 0x0020, 0x0020, 0x0020, 0x0020, 0x0020, 0x0020, 0x0020, 0x0000, 0x0000,
  0x0000, 0x0020, 0x0020, 0x0020, 0x0020, 0x0020, 0x0020, 0x0020, 0x0020, 0x0020, 0x0020, 0x0020,
  0x0020, 0x0020, 0x0020, 0x0020, 0x0020, 0x0020, 0x0020, 0x0020, 0x0020, 0x0020, 0x0020, 0x0020,
  0x0020, 0x0020, 0x0020, 0x0020, 0x0020, 0x0020, 0x0020, 0x0020, 0x0020, 0x0020, 0x0020, 0x0020,
  0x0020, 0x0020, 0x0020, 0x0020, 0x0020, 0x0020, 0x0020, 0x0020, 0x0020, 0x0020, 0x0020, 0x0020,
  0x0020, 0x0020, 0x0020, 0x0020, 0x0020, 0x0020, 0x0020, 0x0020, 0x0020, 0x0020, 0x0020, 0x0020,
  0x0020, 0x0020, 0x0020, 0x0020, 0x0020, 0x0020, 0x0020, 0x0020, 0x0020, 0x0020, 0x0020, 0x0020,
  0x0020, 0x0020, 0x0020, 0x0020, 0x0020, 0x0020, 0x0020, 0x0020, 0x0020, 0x0020, 0x0020, 0x0020,
  0x0020, 0x0020, 0x0020, 0x0020, 0x0020, 0x0020, 0x0020, 0x0020, 0x0020, 0x0020, 0x0020, 0x0020,
  0x0020, 0x0020, 0x0020, 0x0020, 0x0020, 0x0020, 0x0020, 0x0020, 0x0020, 0x0020, 0x0020, 0x0020,
  0x0020, 0x0020, 0x0020, 0x0020, 0x0020, 0x0020, 0x0020, 0x0020, 0x0020, 0x0020, 0x0020, 0x0020,
  0x0020, 0x0020, 0x0020, 0x0020, 0x0020, 0x0020, 0x0020, 0x0020, 0x0020, 0x0020, 0x0020, 0x0020,
  0x0020, 0x0020, 0x0020, 0x0020, 0x0020, 0x0020, 0x0020, 0x0020, 0x0020, 0x0020, 0x0020, 0x0020,
  0x0020, 0x0020, 0x0020, 0x0020, 0x0020, 0x0020, 0x0020, 0x0020, 0x0020, 0x0020, 0x0020, 0x0020,
  0x0020, 0x0000, 0x49C4, 0x59E5, 0x20E2, 0x0000, 0x0000, 0x0020, 0x0000, 0x0020, 0x0020, 0x0020,
  0x0020, 0x0020, 0x0020, 0x0020, 0x0020, 0x0020, 0x0020, 0x0020, 0x0020, 0x0020, 0x0020, 0x0020,
  0x0020, 0x0020, 0x0020, 0x0020, 0x0020, 0x0020, 0x0020, 0x0020, 0x0020, 0x0020, 0x0020, 0x0020,
  0x0020, 0x0020, 0x0020, 0x0020, 0x0020, 0x0020, 0x0020, 0x0020, 0x0020, 0x0020, 0x0020, 0x0020,
  0x0020, 0x0020, 0x0020, 0x0020, 0x0020, 0x0020, 0x0020, 0x0020, 0x0020, 0x0020, 0x0020, 0x0020,
  0x0020, 0x0020, 0x0020, 0x0020, 0x0020, 0x0020, 0x0020, 0x0020, 0x0020, 0x0020, 0x0020, 0x0020,
  0x0020, 0x0020, 0x0020, 0x0020, 0x0020, 0x0020, 0x0020, 0x0020, 0x0020, 0x0020, 0x0020, 0x0020,
  0x0020, 0x0020, 0x0020, 0x0020, 0x0020, 0x0020, 0x0020, 0x0020, 0x0020, 0x0020, 0x0020, 0x0020,
  0x0020, 0x0020, 0x0020, 0x0020, 0x0020, 0x0020, 0x0020, 0x0020, 0x0020, 0x0020, 0x0020, 0x0020,
  0x0020, 0x0020, 0x0020, 0x0020, 0x0020, 0x0020, 0x0020, 0x0020, 0x0020, 0x0020, 0x0020, 0x0020,
  0x0020, 0x0020, 0x0020, 0x0020, 0x0020, 0x0020, 0x0020, 0x0020, 0x0020, 0x0020, 0x0020, 0x0020,
  0x0020, 0x0020, 0x0020, 0x0020, 0x0020, 0x0020, 0x0020, 0x0020, 0x0020, 0x0020, 0x0020, 0x0020,
  0x0020, 0x0020, 0x0020, 0x0020, 0x0020, 0x0020, 0x0020, 0x0020, 0x0020, 0x0020, 0x0020, 0x0020,
  0x0020, 0x0020, 0x0020, 0x0020, 0x0000, 0x41A4, 0xD42A, 0xDBEA, 0xCBC9, 0xAB68, 0x3143, 0x0000,
  0x0020, 0x0020, 0x0020, 0x0020, 0x0020, 0x0020, 0x0020, 0x0020, 0x0020, 0x0020, 0x0020, 0x0020,
  0x0020, 0x0020, 0x0020, 0x0020, 0x0020, 0x0020, 0x0020, 0x0020, 0x0020, 0x0020, 0x0020, 0x0020,
  0x0020, 0x0020, 0x0020, 0x0020, 0x0020, 0x0020, 0x0020, 0x0020, 0x0020, 0x0020, 0x0020, 0x0020,
  0x0020, 0x0020, 0x0020, 0x0020, 0x0020, 0x0020, 0x0020, 0x0020, 0x0020, 0x0020, 0x0020, 0x0020,
  0x0020, 0x0020, 0x0020, 0x0020, 0x0020, 0x0020, 0x0020, 0x0020, 0x0020, 0x0020, 0x0020, 0x0020,
  0x0020, 0x0020, 0x0020, 0x0020, 0x0020, 0x0020, 0x0020, 0x0020, 0x0020, 0x0020, 0x0020, 0x0020,
  0x0020, 0x0020, 0x0020, 0x0020, 0x0020, 0x0020, 0x0020, 0x0020, 0x0020, 0x0020, 0x0020, 0x0020,
  0x0020, 0x0020, 0x0020, 0x0020, 0x0020, 0x0020, 0x0020, 0x0020, 0x0020, 0x0020, 0x0020, 0x0020,
  0x0020, 0x0020, 0x0020, 0x0020, 0x0020, 0x0020, 0x0020, 0x0020, 0x0020, 0x0020, 0x0020, 0x0020,
  0x0020, 0x0020, 0x0020, 0x0020, 0x0020, 0x0020, 0x0020, 0x0020, 0x0020, 0x0020, 0x0020, 0x0020,
  0x0020, 0x0020, 0x0020, 0x0020, 0x0020, 0x0020, 0x0020, 0x0020, 0x0020, 0x0020, 0x0020, 0x0020,
  0x0020, 0x0020, 0x0020, 0x0020, 0x0020, 0x0020, 0x0020, 0x0020, 0x0020, 0x0020, 0x0020, 0x0020,
  0x0020, 0x0020, 0x0020, 0x0020, 0x0020, 0x0020, 0x0020, 0x0000, 0x2124, 0xC48D, 0xCBC9, 0xC388,
  0xD3A8, 0xBBEA, 0x3902, 0x0000, 0x0021, 0x0020, 0x0020, 0x0020, 0x0020, 0x0020, 0x0000, 0x0000,
  0x0020, 0x0021, 0x0020, 0x0020, 0x0020, 0x0020, 0x0020, 0x0020, 0x0020, 0x0020, 0x0020, 0x0020,
  0x0020, 0x0020, 0x0020, 0x0020, 0x0020, 0x0020, 0x0020, 0x0020, 0x0020, 0x0020, 0x0020, 0x0020,
  0x0020, 0x0020, 0x0020, 0x0020, 0x0020, 0x0020, 0x0020, 0x0020, 0x0020, 0x0020, 0x0020, 0x0020,
  0x0020, 0x0020, 0x0020, 0x0020, 0x0020, 0x0020, 0x0020, 0x0020, 0x0020, 0x0020, 0x0020, 0x0020,
  0x0020, 0x0020, 0x0020, 0x0020, 0x0020, 0x0020, 0x0020, 0x0020, 0x0020, 0x0020, 0x0020, 0x0020,
  0x0020, 0x0020, 0x0020, 0x0020, 0x0020, 0x0020, 0x0020, 0x0020, 0x0020, 0x0020, 0x0020, 0x0020,
  0x0020, 0x0020, 0x0020, 0x0020, 0x0020, 0x0020, 0x0020, 0x0020, 0x0020, 0x0020, 0x0020, 0x0020,
  0x0020, 0x0020, 0x0020, 0x0020, 0x0020, 0x0020, 0x0020, 0x0020, 0x0020, 0x0020, 0x0020, 0x0020,
  0x0020, 0x0020, 0x0020, 0x0020, 0x0020, 0x0020, 0x0020, 0x0020, 0x0020, 0x0020, 0x0020, 0x0020,
  0x0020, 0x0020, 0x0020, 0x0020, 0x0020, 0x0020, 0x0020, 0x0020, 0x0020, 0x0020, 0x0020, 0x0020,
  0x0020, 0x0020, 0x0020, 0x0020, 0x0020, 0x0020, 0x0020, 0x0020, 0x0020, 0x0020, 0x0020, 0x0020,
  0x0020, 0x0020, 0x0020, 0x0020, 0x0020, 0x0020, 0x0020, 0x0020, 0x0020, 0x0020, 0x0020, 0x0000,
  0x4983, 0xA349, 0xA3AA, 0xB3EB, 0xB42C, 0x51A4, 0x4922, 0x0000, 0x0000, 0x0000, 0x0000, 0x0020,
  0x0020, 0x0000, 0x18C2, 0x0841, 0x0000, 0x0000, 0x0000, 0x0020, 0x0021, 0x0020, 0x0020, 0x0020,
  0x0020, 0x0020, 0x0020, 0x0020, 0x0020, 0x0020, 0x0020, 0x0020, 0x0020, 0x0020, 0x0020, 0x0020,
  0x0020, 0x0020, 0x0020, 0x0020, 0x0020, 0x0020, 0x0020, 0x0020, 0x0020, 0x0020, 0x0020, 0x0020,
  0x0020, 0x0020, 0x0020, 0x0020, 0x0020, 0x0020, 0x0020, 0x0020, 0x0020, 0x0020, 0x0020, 0x0020,
  0x0020, 0x0020, 0x0020, 0x0020, 0x0020, 0x0020, 0x0020, 0x0020, 0x0020, 0x0020, 0x0020, 0x0020,
  0x0020, 0x0020, 0x0020, 0x0020, 0x0020, 0x0020, 0x0020, 0x0020, 0x0020, 0x0020, 0x0020, 0x0020,
  0x0020, 0x0020, 0x0020, 0x0020, 0x0020, 0x0020, 0x0020, 0x0020, 0x0020, 0x0020, 0x0020, 0x0020,
  0x0020, 0x0020, 0x0020, 0x0020, 0x0020, 0x0020, 0x0020, 0x0020, 0x0020, 0x0020, 0x0020, 0x0020,
  0x0020, 0x0020, 0x0020, 0x0020, 0x0020, 0x0020, 0x0020, 0x0020, 0x0020, 0x0020, 0x0020, 0x0020,
  0x0020, 0x0020, 0x0020, 0x0020, 0x0020, 0x0020, 0x0020, 0x0020, 0x0020, 0x0020, 0x0020, 0x0020,
  0x0020, 0x0020, 0x0020, 0x0020, 0x0020, 0x0020, 0x0020, 0x0020, 0x0020, 0x0020, 0x0020, 0x0020,
  0x0020, 0x0020, 0x0020, 0x0020, 0x0020, 0x0020, 0x0020, 0x0020, 0x0020, 0x0020, 0x0020, 0x0020,
  0x0020, 0x0020, 0x0020, 0x0000, 0x5163, 0x9A65, 0x8224, 0x9AA6, 0x61C4, 0x5983, 0xAB68, 0xA389,
  0xA369, 0x59C4, 0x20A1, 0x0000, 0x0000, 0x39A5, 0xBD31, 0xACAF, 0x83AC, 0x5227, 0x18E3, 0x0000,
  0x0000, 0x0000, 0x0000, 0x0020, 0x0021, 0x0020, 0x0020, 0x0020, 0x0020, 0x0020, 0x0020, 0x0020,
  0x0020, 0x0020, 0x0020, 0x0020, 0x0020, 0x0020, 0x0020, 0x0020, 0x0020, 0x0020, 0x0020, 0x0020,
  0x0020, 0x0020, 0x0020, 0x0020, 0x0020, 0x0020, 0x0020, 0x0020, 0x0020, 0x0020, 0x0020, 0x0020,
  0x0020, 0x0020, 0x0020, 0x0020, 0x0020, 0x0020, 0x0020, 0x0020, 0x0020, 0x0020, 0x0020, 0x0020,
  0x0020, 0x0020, 0x0020, 0x0020, 0x0020, 0x0020, 0x0020, 0x0020, 0x0020, 0x0020, 0x0020, 0x0020,
  0x0000, 0x0020, 0x0020, 0x0020, 0x0020, 0x0020, 0x0020, 0x0020, 0x0020, 0x0020, 0x0020, 0x0020,
  0x0020, 0x0020, 0x0020, 0x0020, 0x0020, 0x0020, 0x0020, 0x0020, 0x0020, 0x0020, 0x0020, 0x0020,
  0x0020, 0x0020, 0x0020, 0x0020, 0x0020, 0x0020, 0x0020, 0x0020, 0x0020, 0x0020, 0x0020, 0x0020,
  0x0020, 0x0020, 0x0020, 0x0020, 0x0020, 0x0020, 0x0020, 0x0020, 0x0020, 0x0020, 0x0020, 0x0020,
  0x0020, 0x0020, 0x0020, 0x0020, 0x0020, 0x0020, 0x0020, 0x0020, 0x0020, 0x0020, 0x0020, 0x0020,
  0x0020, 0x0020, 0x0020, 0x0020, 0x0020, 0x0020, 0x0020, 0x0020, 0x0020, 0x0020, 0x0020, 0x0020,
  0x0020, 0x0020, 0x0020, 0x0020, 0x0020, 0x0020, 0x0020, 0x0000, 0x38E1, 0x7246, 0x82A6, 0x8204,
  0x7A24, 0x38E1, 0x4102, 0x8265, 0xBBA9, 0xE48C, 0xDCAC, 0xB369, 0x49C5, 0xB510, 0xBD52, 0x732A,
  0xA48E, 0xC572, 0xBD52, 0x9C6E, 0x6AE9, 0x3164, 0x0861, 0x0000, 0x0000, 0x0000, 0x0020, 0x0021,
  0x0020, 0x0020, 0x0020, 0x0020, 0x0020, 0x0020, 0x0020, 0x0020, 0x0020, 0x0020, 0x0020, 0x0020,
  0x0020, 0x0020, 0x0020, 0x0020, 0x0020, 0x0020, 0x0020, 0x0020, 0x0020, 0x0020, 0x0020, 0x0020,
  0x0020, 0x0020, 0x0020, 0x0020, 0x0020, 0x0020, 0x0020, 0x0020, 0x0020, 0x0020, 0x0020, 0x0020,
  0x0020, 0x0020, 0x0020, 0x0020, 0x0020, 0x0020, 0x0020, 0x0020, 0x0020, 0x0020, 0x0020, 0x0020,
  0x0020, 0x0020, 0x0020, 0x0020, 0x0000, 0x0020, 0x0020, 0x0020, 0x0020, 0x0020, 0x0020, 0x0020,
  0x0020, 0x0020, 0x0020, 0x0020, 0x0020, 0x0020, 0x0020, 0x0020, 0x0020, 0x0020, 0x0020, 0x0020,
  0x0020, 0x0020, 0x0020, 0x0020, 0x0020, 0x0020, 0x0020, 0x0020, 0x0020, 0x0020, 0x0020, 0x0020,
  0x0020, 0x0020, 0x0020, 0x0020, 0x0020, 0x0020, 0x0020, 0x0020, 0x0020, 0x0020, 0x0020, 0x0020,
  0x0020, 0x0020, 0x0020, 0x0020, 0x0020, 0x0020, 0x0020, 0x0020, 0x0020, 0x0020, 0x0020, 0x0020,
  0x0020, 0x0020, 0x0020, 0x0020, 0x0020, 0x0020, 0x0020, 0x0020, 0x0020, 0x0020, 0x0020, 0x0020,
  0x0020, 0x0020, 0x0020, 0x0020, 0x0020, 0x0020, 0x0020, 0x0020, 0x0020, 0x0020, 0x0020, 0x0000,
  0x4164, 0xCC0A, 0x38A0, 0x61A3, 0x8224, 0x3902, 0x28C2, 0x0000, 0x1840, 0x38C1, 0x71E3, 0x82C7,
  0xACCF, 0xC572, 0x734B, 0x18C2, 0x2924, 0x5226, 0x7309, 0x942D, 0xBD31, 0xC572, 0xB4D0, 0x83AC,
  0x5227, 0x18E3, 0x0000, 0x0000, 0x0000, 0x0000, 0x0020, 0x0021, 0x0020, 0x0020, 0x0020, 0x0020,
  0x0020, 0x0020, 0x0020, 0x0020, 0x0020, 0x0020, 0x0020, 0x0020, 0x0020, 0x0020, 0x0020, 0x0020,
  0x0020, 0x0020, 0x0020, 0x0020, 0x0020, 0x0020, 0x0020, 0x0020, 0x0020, 0x0020, 0x0020, 0x0020,
  0x0020, 0x0020, 0x0020, 0x0020, 0x0020, 0x0020, 0x0020, 0x0020, 0x0020, 0x0020, 0x0020, 0x0020,
  0x0020, 0x0020, 0x0020, 0x0020, 0x0020, 0x0020, 0x0020, 0x0020, 0x0020, 0x0020, 0x0020, 0x0020,
  0x0020, 0x0020, 0x0020, 0x0020, 0x0020, 0x0020, 0x0020, 0x0020, 0x0020, 0x0020, 0x0020, 0x0020,
  0x0020, 0x0020, 0x0020, 0x0020, 0x0020, 0x0020, 0x0020, 0x0020, 0x0020, 0x0020, 0x0020, 0x0020,
  0x0020, 0x0020, 0x0020, 0x0020, 0x0020, 0x0020, 0x0020, 0x0020, 0x0020, 0x0020, 0x0020, 0x0020,
  0x0020, 0x0020, 0x0020, 0x0020, 0x0020, 0x0020, 0x0020, 0x0020, 0x0020, 0x0020, 0x0020, 0x0020,
  0x0020, 0x0020, 0x0020, 0x0020, 0x0020, 0x0020, 0x0020, 0x0020, 0x0020, 0x0020, 0x0020, 0x0020,
  0x0020, 0x0020, 0x0020, 0x0020, 0x0020, 0x0020, 0x0020, 0x0020, 0x0020, 0x0020, 0x0020, 0x0020,
  0x0020, 0x0020, 0x0020, 0x0840, 0xBBEA, 0x7A04, 0x1060, 0x61A3, 0x71E4, 0x4942, 0x28E2, 0x0000,
  0x0000, 0x0000, 0x0020, 0x942E, 0xC592, 0x838C, 0x2103, 0x18E3, 0x1904, 0x18C3, 0x18C3, 0x2924,
  0x41C5, 0x62A8, 0x838B, 0xACAF, 0xC572, 0xBD51, 0x9C6E, 0x6B0A, 0x3985, 0x0861, 0x0000, 0x0000,
  0x0000, 0x0020, 0x0021, 0x0020, 0x0020, 0x0020, 0x0020, 0x0020, 0x0020, 0x0020, 0x0020, 0x0020,
  0x0020, 0x0020, 0x0020, 0x0020, 0x0020, 0x0020, 0x0020, 0x0020, 0x0020, 0x0020, 0x0020, 0x0020,
  0x0020, 0x0020, 0x0020, 0x0020, 0x0020, 0x0020, 0x0020, 0x0020, 0x0020, 0x0020, 0x0020, 0x0020,
  0x0020, 0x0020, 0x0020, 0x0020, 0x0020, 0x0020, 0x0020, 0x0020, 0x0020, 0x0020, 0x0020, 0x0020,
  0x0020, 0x0020, 0x0020, 0x0020, 0x0020, 0x0020, 0x0020, 0x0020, 0x0020, 0x0020, 0x0020, 0x0020,
  0x0020, 0x0020, 0x0020, 0x0020, 0x0020, 0x0020, 0x0020, 0x0020, 0x0020, 0x0020, 0x0020, 0x0020,
  0x0020, 0x0020, 0x0020, 0x0020, 0x0020, 0x0020, 0x0020, 0x0020, 0x0020, 0x0020, 0x0020, 0x0020,
  0x0020, 0x0020, 0x0020, 0x0020, 0x0020, 0x0020, 0x0020, 0x0020, 0x0020, 0x0020, 0x0020, 0x0020,
  0x0020, 0x0020, 0x0020, 0x0020, 0x0020, 0x0020, 0x0020, 0x0020, 0x0020, 0x0020, 0x0020, 0x0020,
  0x0020, 0x0020, 0x0020, 0x0020, 0x0020, 0x0020, 0x0020, 0x0020, 0x0020, 0x0020, 0x0020, 0x0020,
  0x0020, 0x0020, 0x0020, 0x0020, 0x0020, 0x0021, 0x0000, 0xA38A, 0x9AC6, 0x1860, 0x3123, 0x71A3,
  0x71C3, 0x4122, 0x3103, 0x2124, 0x18C2, 0x0840, 0x7B8C, 0xCDD3, 0x944E, 0x3144, 0x18C3, 0x2124,
  0x2104, 0x2104, 0x2104, 0x1904, 0x18E3, 0x18C3, 0x2103, 0x3164, 0x4A26, 0x732A, 0x9C4E, 0xBD31,
  0xC572, 0xB4F0, 0x83AC, 0x5247, 0x20E3, 0x0000, 0x0000, 0x0000, 0x0000, 0x0020, 0x0021, 0x0020,
  0x0020, 0x0020, 0x0020, 0x0020, 0x0020, 0x0020, 0x0020, 0x0020, 0x0020, 0x0020, 0x0020, 0x0020,
  0x0020, 0x0020, 0x0020, 0x0020, 0x0020, 0x0020, 0x0020, 0x0020, 0x0020, 0x0020, 0x0020, 0x0020,
  0x0020, 0x0020, 0x0020, 0x0020, 0x0020, 0x0020, 0x0020, 0x0020, 0x0020, 0x0020, 0x0020, 0x0020,
  0x0020, 0x0020, 0x0020, 0x0020, 0x0020, 0x0020, 0x0020, 0x0020, 0x0020, 0x0020, 0x0020, 0x0020,
  0x0020, 0x0020, 0x0020, 0x0020, 0x0020, 0x0020, 0x0020, 0x0020, 0x0020, 0x0020, 0x0020, 0x0020,
  0x0020, 0x0020, 0x0020, 0x0020, 0x0020, 0x0020, 0x0020, 0x0020, 0x0020, 0x0020, 0x0020, 0x0020,
  0x0020, 0x0020, 0x0020, 0x0020, 0x0020, 0x0020, 0x0020, 0x0020, 0x0020, 0x0020, 0x0020, 0x0020,
  0x0020, 0x0020, 0x0020, 0x0020, 0x0020, 0x0020, 0x0020, 0x0020, 0x0020, 0x0020, 0x0020, 0x0020,
  0x0020, 0x0020, 0x0020, 0x0020, 0x0020, 0x0020, 0x0020, 0x0020, 0x0020, 0x0020, 0x0020, 0x0020,
  0x0020, 0x0020, 0x0020, 0x0020, 0x0020, 0x0020, 0x0020, 0x0020, 0x0021, 0x0000, 0x6A67, 0xBB89,
  0x48E1, 0x4943, 0x2903, 0x69A3, 0x71C3, 0x4122, 0x20C2, 0x2945, 0x2925, 0x734B, 0xCDB2, 0x9C6F,
  0x39A5, 0x18C3, 0x2124, 0x2104, 0x1904, 0x1904, 0x1904, 0x2104, 0x2104, 0x2104, 0x2104, 0x18E4,
  0x18C3, 0x18E3, 0x2944, 0x41C5, 0x62A8, 0x83AC, 0xACD0, 0xC572, 0xBD52, 0xA46F, 0x6B0A, 0x3185,
  0x0861, 0x0000, 0x0000, 0x0000, 0x0020, 0x0021, 0x0020, 0x0020, 0x0020, 0x0020, 0x0020, 0x0020,
  0x0020, 0x0020, 0x0020, 0x0020, 0x0020, 0x0020, 0x0020, 0x0020, 0x0020, 0x0020, 0x0020, 0x0020,
  0x0020, 0x0020, 0x0020, 0x0020, 0x0020, 0x0020, 0x0020, 0x0020, 0x0020, 0x0020, 0x0020, 0x0020,
  0x0020, 0x0020, 0x0020, 0x0020, 0x0020, 0x0020, 0x0020, 0x0020, 0x0020, 0x0020, 0x0020, 0x0020,
  0x0020, 0x0020, 0x0020, 0x0020, 0x0020, 0x0020, 0x0020, 0x0020, 0x0020, 0x0020, 0x0020, 0x0020,
  0x0020, 0x0020, 0x0020, 0x0020, 0x0020, 0x0020, 0x0020, 0x0020, 0x0020, 0x0020, 0x0020, 0x0020,
  0x0020, 0x0020, 0x0020, 0x0020, 0x0020, 0x0020, 0x0020, 0x0020, 0x0020, 0x0020, 0x0020, 0x0020,
  0x0020, 0x0020, 0x0020, 0x0020, 0x0020, 0x0020, 0x0020, 0x0020, 0x0020, 0x0020, 0x0020, 0x0020,
  0x0020, 0x0020, 0x0020, 0x0020, 0x0020, 0x0020, 0x0020, 0x0020, 0x0020, 0x0020, 0x0020, 0x0020,
  0x0020, 0x0020, 0x0020, 0x0020, 0x0020, 0x0020, 0x0020, 0x0020, 0x0020, 0x0020, 0x0000, 0x0020,
  0x0000, 0x3943, 0xDC6C, 0x30A0, 0x20A1, 0x5983, 0x3923, 0x6982, 0x69A3, 0x30E2, 0x20E3, 0x0841,
  0x5289, 0xCDD3, 0xACD0, 0x41E6, 0x18C3, 0x2125, 0x2124, 0x2104, 0x2104, 0x2104, 0x2104, 0x1904,
  0x2104, 0x2104, 0x2104, 0x2104, 0x2124, 0x2104, 0x18E4, 0x18E3, 0x18E3, 0x2103, 0x3164, 0x4A06,
  0x730A, 0x9C2E, 0xBD31, 0xC572, 0xACD0, 0x83AC, 0x4A27, 0x18E3, 0x0000, 0x0000, 0x0000, 0x0000,
  0x0020, 0x0021, 0x0020, 0x0020, 0x0020, 0x0020, 0x0020, 0x0020, 0x0020, 0x0020, 0x0020, 0x0020,
  0x0020, 0x0020, 0x0020, 0x0020, 0x0020, 0x0020, 0x0020, 0x0020, 0x0020, 0x0020, 0x0020, 0x0020,
  0x0020, 0x0020, 0x0020, 0x0020, 0x0020, 0x0020, 0x0020, 0x0020, 0x0020, 0x0020, 0x0020, 0x0020,
  0x0020, 0x0020, 0x0020, 0x0020, 0x0020, 0x0020, 0x0020, 0x0020, 0x0020, 0x0020, 0x0020, 0x0020,
  0x0020, 0x0020, 0x0020, 0x0020, 0x0020, 0x0020, 0x0020, 0x0020, 0x0020, 0x0020, 0x0020, 0x0020,
  0x0020, 0x0020, 0x0020, 0x0020, 0x0020, 0x0020, 0x0020, 0x0020, 0x0020, 0x0020, 0x0020, 0x0020,
  0x0020, 0x0020, 0x0020, 0x0020, 0x0020, 0x0020, 0x0020, 0x0020, 0x0020, 0x0020, 0x0020, 0x0020,
  0x0020, 0x0020, 0x0020, 0x0020, 0x0020, 0x0020, 0x0020, 0x0020, 0x0020, 0x0020, 0x0020, 0x0020,
  0x0020, 0x0020, 0x0020, 0x0020, 0x0020, 0x0020, 0x0020, 0x0020, 0x0020, 0x0020, 0x0020, 0x0020,
  0x0020, 0x0020, 0x0020, 0x0000, 0x1061, 0xCC2B, 0x6183, 0x0861, 0x2124, 0x20C2, 0x28E2, 0x4122,
  0x4122, 0x10A2, 0x3102, 0x5A27, 0xBD31, 0xB511, 0x5247, 0x18C3, 0x2124, 0x2124, 0x2124, 0x2124,
  0x2104, 0x2104, 0x2104, 0x2104, 0x2104, 0x2104, 0x2104, 0x2104, 0x2104, 0x1904, 0x2104, 0x2104,
  0x2124, 0x2104, 0x18E4, 0x18E3, 0x18E3, 0x2924, 0x41C5, 0x62A8, 0x8BCC, 0xACD0, 0xC572, 0xBD31,
  0x9C4E, 0x6AEA, 0x3165, 0x0841, 0x0000, 0x0000, 0x0000, 0x0020, 0x0021, 0x0020, 0x0020, 0x0020,
  0x0020, 0x0020, 0x0020, 0x0020, 0x0020, 0x0020, 0x0020, 0x0020, 0x0020, 0x0020, 0x0020, 0x0020,
  0x0020, 0x0020, 0x0020, 0x0020, 0x0020, 0x0020, 0x0020, 0x0020, 0x0020, 0x0020, 0x0020, 0x0020,
  0x0020, 0x0020, 0x0020, 0x0020, 0x0020, 0x0020, 0x0020, 0x0020, 0x0020, 0x0020, 0x0020, 0x0020,
  0x0020, 0x0020, 0x0020, 0x0020, 0x0020, 0x0020, 0x0020, 0x0020, 0x0020, 0x0020, 0x0020, 0x0020,
  0x0020, 0x0020, 0x0020, 0x0020, 0x0020, 0x0020, 0x0020, 0x0020, 0x0020, 0x0020, 0x0020, 0x0020,
  0x0020, 0x0020, 0x0020, 0x0020, 0x0020, 0x0020, 0x0020, 0x0020, 0x0020, 0x0020, 0x0020, 0x0020,
  0x0020, 0x0020, 0x0020, 0x0020, 0x0020, 0x0020, 0x0020, 0x0020, 0x0020, 0x0020, 0x0020, 0x0020,
  0x0020, 0x0020, 0x0020, 0x0020, 0x0020, 0x0020, 0x0020, 0x0020, 0x0020, 0x0020, 0x0020, 0x0020,
  0x0020, 0x0020, 0x0020, 0x0020, 0x0020, 0x0020, 0x0020, 0x0000, 0xAB8A, 0x92A6, 0x0000, 0x2945,
  0x2124, 0x1081, 0x20C2, 0x2944, 0x18E3, 0x3923, 0x41C6, 0xBD72, 0xC572, 0x62A8, 0x18C2, 0x2104,
  0x2124, 0x2104, 0x2104, 0x2104, 0x2104, 0x2124, 0x2104, 0x2104, 0x2104, 0x2104, 0x2104, 0x2104,
  0x2104, 0x2104, 0x2104, 0x2104, 0x2104, 0x2104, 0x2124, 0x2124, 0x2124, 0x1904, 0x18E3, 0x18C3,
  0x2103, 0x3164, 0x5226, 0x732A, 0x9C4E, 0xBD31, 0xC592, 0xACF0, 0x83AC, 0x4A27, 0x18C3, 0x0000,
  0x0000, 0x0000, 0x0000, 0x0020, 0x0020, 0x0020, 0x0020, 0x0020, 0x0020, 0x0020, 0x0020, 0x0020,
  0x0020, 0x0020, 0x0020, 0x0020, 0x0020, 0x0020, 0x0020, 0x0020, 0x0020, 0x0020, 0x0020, 0x0020,
  0x0020, 0x0020, 0x0020, 0x0020, 0x0020, 0x0020, 0x0020, 0x0020, 0x0020, 0x0020, 0x0020, 0x0020,
  0x0020, 0x0020, 0x0020, 0x0020, 0x0020, 0x0020, 0x0020, 0x0020, 0x0020, 0x0020, 0x0020, 0x0020,
  0x0020, 0x0020, 0x0020, 0x0020, 0x0020, 0x0020, 0x0020, 0x0020, 0x0020, 0x0020, 0x0020, 0x0020,
  0x0020, 0x0020, 0x0020, 0x0020, 0x0020, 0x0020, 0x0020, 0x0020, 0x0020, 0x0020, 0x0020, 0x0020,
  0x0020, 0x0020, 0x0020, 0x0020, 0x0020, 0x0020, 0x0020, 0x0020, 0x0020, 0x0020, 0x0020, 0x0020,
  0x0020, 0x0020, 0x0020, 0x0020, 0x0020, 0x0020, 0x0020, 0x0020, 0x0020, 0x0020, 0x0020, 0x0020,
  0x0020, 0x0020, 0x0020, 0x0020, 0x0020, 0x0020, 0x0020, 0x0020, 0x0000, 0x0021, 0x0000, 0x7A87,
  0xC389, 0x1020, 0x1904, 0x2104, 0x10A2, 0x10A2, 0x4963, 0x3103, 0x93ED, 0x62C9, 0x9C6E, 0xC572,
  0x6AEA, 0x18C2, 0x2104, 0x2125, 0x2124, 0x2104, 0x2104, 0x2104, 0x2104, 0x2104, 0x2104, 0x2104,
  0x2124, 0x2104, 0x2104, 0x2104, 0x2104, 0x2104, 0x2104, 0x2104, 0x2104, 0x2104, 0x2104, 0x2104,
  0x2104, 0x2104, 0x2124, 0x2104, 0x1904, 0x18E4, 0x18E3, 0x18E3, 0x2944, 0x49E6, 0x62A8, 0x8BCC,
  0xACAF, 0xC551, 0xBD72, 0xA48F, 0x62C9, 0x2924, 0x0841, 0x0000, 0x0020, 0x0020, 0x0020, 0x0020,
  0x0020, 0x0020, 0x0020, 0x0020, 0x0020, 0x0020, 0x0020, 0x0020, 0x0020, 0x0020, 0x0020, 0x0020,
  0x0020, 0x0020, 0x0020, 0x0020, 0x0020, 0x0020, 0x0020, 0x0020, 0x0020, 0x0020, 0x0020, 0x0020,
  0x0020, 0x0020, 0x0020, 0x0020, 0x0020, 0x0020, 0x0020, 0x0020, 0x0020, 0x0020, 0x0020, 0x0020,
  0x0020, 0x0020, 0x0020, 0x0020, 0x0020, 0x0020, 0x0020, 0x0020, 0x0020, 0x0020, 0x0020, 0x0020,
  0x0020, 0x0020, 0x0020, 0x0020, 0x0020, 0x0020, 0x0020, 0x0020, 0x0020, 0x0020, 0x0020, 0x0020,
  0x0020, 0x0020, 0x0020, 0x0020, 0x0020, 0x0020, 0x0020, 0x0020, 0x0020, 0x0020, 0x0020, 0x0020,
  0x0020, 0x0020, 0x0020, 0x0020, 0x0020, 0x0020, 0x0020, 0x0020, 0x0020, 0x0020, 0x0020, 0x0020,
  0x0020, 0x0020, 0x0020, 0x0020, 0x0020, 0x0020, 0x0020, 0x0020, 0x0020, 0x0020, 0x0020, 0x0020,
  0x0020, 0x0000, 0x4184, 0xD42A, 0x30A0, 0x10A2, 0x2945, 0x10A2, 0x10A2, 0x39A5, 0x2924, 0x838B,
  0xACCF, 0x946F, 0xC551, 0xACAF, 0x62C9, 0x2965, 0x1904, 0x10C3, 0x18C3, 0x2104, 0x2124, 0x2124,
  0x2124, 0x2104, 0x2104, 0x2104, 0x2104, 0x2104, 0x2104, 0x2104, 0x2104, 0x2104, 0x2104, 0x2104,
  0x2104, 0x2104, 0x2104, 0x2104, 0x2104, 0x2104, 0x2104, 0x2104, 0x2104, 0x2104, 0x2124, 0x2104,
  0x1904, 0x18E3, 0x18E3, 0x2103, 0x3164, 0x5247, 0x732A, 0x940E, 0xBD31, 0xBD51, 0x4A07, 0x0000,
  0x0020, 0x0020, 0x0020, 0x0000, 0x0000, 0x0000, 0x0020, 0x0020, 0x0020, 0x0020, 0x0020, 0x0020,
  0x0020, 0x0020, 0x0020, 0x0020, 0x0020, 0x0020, 0x0020, 0x0020, 0x0020, 0x0020, 0x0020, 0x0020,
  0x0020, 0x0020, 0x0020, 0x0020, 0x0020, 0x0020, 0x0020, 0x0020, 0x0020, 0x0020, 0x0020, 0x0020,
  0x0020, 0x0020, 0x0020, 0x0020, 0x0020, 0x0020, 0x0020, 0x0020, 0x0020, 0x0020, 0x0020, 0x0020,
  0x0020, 0x0020, 0x0020, 0x0020, 0x0020, 0x0020, 0x0020, 0x0020, 0x0020, 0x0020, 0x0020, 0x0020,
  0x0020, 0x0020, 0x0020, 0x0020, 0x0020, 0x0020, 0x0020, 0x0020, 0x0020, 0x0020, 0x0020, 0x0020,
  0x0020, 0x0020, 0x0020, 0x0020, 0x0020, 0x0020, 0x0020, 0x0020, 0x0020, 0x0020, 0x0020, 0x0020,
  0x0020, 0x0020, 0x0020, 0x0020, 0x0020, 0x0020, 0x0020, 0x0020, 0x0020, 0x0020, 0x0020, 0x0020,
  0x0020, 0x0000, 0x0020, 0x0020, 0x0000, 0x20A1, 0xD42B, 0x5962, 0x0861, 0x2965, 0x18E3, 0x10A2,
  0x39A5, 0x3165, 0x6AE9, 0xE675, 0x942E, 0x940D, 0xA48F, 0xA48F, 0xBD31, 0xB531, 0xA48F, 0x734B,
  0x4207, 0x2124, 0x10C3, 0x10C3, 0x1904, 0x2124, 0x2125, 0x2124, 0x2124, 0x2104, 0x2104, 0x2104,
  0x2104, 0x2104, 0x2104, 0x2104, 0x2104, 0x2104, 0x2104, 0x2104, 0x2104, 0x2104, 0x2104, 0x2104,
  0x2104, 0x2104, 0x2104, 0x2104, 0x2104, 0x2124, 0x2124, 0x2124, 0x1904, 0x18E4, 0x10A2, 0x83CC,
  0xBD51, 0x940E, 0x3164, 0x0000, 0x0000, 0x0020, 0x0020, 0x0020, 0x0020, 0x0020, 0x0000, 0x0000,
  0x0000, 0x0020, 0x0020, 0x0020, 0x0020, 0x0020, 0x0020, 0x0020, 0x0020, 0x0020, 0x0020, 0x0020,
  0x0020, 0x0020, 0x0020, 0x0020, 0x0020, 0x0020, 0x0020, 0x0020, 0x0020, 0x0020, 0x0020, 0x0020,
  0x0020, 0x0020, 0x0020, 0x0020, 0x0020, 0x0020, 0x0020, 0x0020, 0x0020, 0x0020, 0x0020, 0x0020,
  0x0020, 0x0020, 0x0020, 0x0020, 0x0020, 0x0020, 0x0020, 0x0020, 0x0020, 0x0020, 0x0020, 0x0020,
  0x0020, 0x0020, 0x0020, 0x0020, 0x0020, 0x0020, 0x0020, 0x0020, 0x0020, 0x0020, 0x0020, 0x0020,
  0x0020, 0x0020, 0x0020, 0x0020, 0x0020, 0x0020, 0x0020, 0x0020, 0x0020, 0x0020, 0x0020, 0x0020,
  0x0020, 0x0020, 0x0020, 0x0020, 0x0020, 0x0020, 0x0020, 0x0020, 0x0020, 0x0020, 0x0020, 0x0020,
  0x0020, 0x0020, 0x0020, 0x0020, 0x0020, 0x0020, 0x0020, 0x0000, 0x0000, 0xA369, 0x8A65, 0x0000,
  0x2965, 0x2104, 0x10A2, 0x3123, 0x3985, 0x5268, 0xCDD3, 0xDE14, 0xACD0, 0x5A67, 0x7B4A, 0x838B,
  0x942D, 0xA48F, 0xACB0, 0xBD31, 0xBD72, 0xACF0, 0x83CC, 0x5268, 0x2965, 0x18C3, 0x10C3, 0x1904,
  0x2124, 0x2125, 0x2124, 0x2104, 0x2104, 0x2104, 0x2104, 0x2104, 0x2104, 0x2104, 0x2104, 0x2104,
  0x2104, 0x2104, 0x2104, 0x2104, 0x2104, 0x2104, 0x2104, 0x1904, 0x2104, 0x2104, 0x2104, 0x2124,
  0x2125, 0x18C3, 0x6B2B, 0xCDB3, 0x942E, 0x5247, 0x4964, 0x4963, 0x1061, 0x0000, 0x0000, 0x0000,
  0x0020, 0x0020, 0x0020, 0x3143, 0x1081, 0x0000, 0x0000, 0x0000, 0x0020, 0x0020, 0x0020, 0x0020,
  0x0020, 0x0020, 0x0020, 0x0020, 0x0020, 0x0020, 0x0020, 0x0020, 0x0020, 0x0020, 0x0020, 0x0020,
  0x0020, 0x0020, 0x0020, 0x0020, 0x0020, 0x0020, 0x0020, 0x0020, 0x0020, 0x0020, 0x0020, 0x0020,
  0x0020, 0x0020, 0x0020, 0x0020, 0x0020, 0x0020, 0x0020, 0x0020, 0x0020, 0x0020, 0x0020, 0x0020,
  0x0020, 0x0020, 0x0020, 0x0020, 0x0020, 0x0020, 0x0020, 0x0020, 0x0020, 0x0020, 0x0020, 0x0020,
  0x0020, 0x0020, 0x0020, 0x0020, 0x0020, 0x0020, 0x0020, 0x0020, 0x0020, 0x0020, 0x0020, 0x0020,
  0x0020, 0x0020, 0x0020, 0x0020, 0x0020, 0x0020, 0x0020, 0x0020, 0x0020, 0x0020, 0x0020, 0x0020,
  0x0020, 0x0020, 0x0020, 0x0020, 0x0020, 0x0020, 0x0020, 0x0020, 0x0020, 0x0020, 0x0000, 0x1061,
  0xAB69, 0x8A86, 0x1040, 0x1904, 0x2124, 0x10A2, 0x20E3, 0x49A5, 0x3985, 0xBD52, 0xD614, 0xD5D3,
  0xC5B3, 0x7225, 0x71A3, 0x61C4, 0x6226, 0x7309, 0x838B, 0x940D, 0xA48F, 0xACAF, 0xB511, 0xBD52,
  0xB511, 0x944E, 0x6B0A, 0x39C6, 0x18E4, 0x10C3, 0x18E4, 0x2104, 0x2124, 0x2124, 0x2124, 0x2104,
  0x2104, 0x2104, 0x2124, 0x2104, 0x2104, 0x2104, 0x2104, 0x2104, 0x2104, 0x2104, 0x2104, 0x2104,
  0x2104, 0x2104, 0x2104, 0x2125, 0x10C3, 0x5289, 0xCD92, 0xA4AF, 0x5A88, 0x4143, 0x71C3, 0xDC6C,
  0xD46B, 0xA369, 0x6205, 0x28C1, 0x0000, 0x0000, 0x6A66, 0xDC2A, 0xBBC9, 0x8AC7, 0x51C4, 0x0841,
  0x0000, 0x0020, 0x0020, 0x0020, 0x0020, 0x0020, 0x0020, 0x0020, 0x0020, 0x0020, 0x0020, 0x0020,
  0x0020, 0x0020, 0x0020, 0x0020, 0x0020, 0x0020, 0x0020, 0x0020, 0x0020, 0x0020, 0x0020, 0x0020,
  0x0020, 0x0020, 0x0020, 0x0020, 0x0020, 0x0020, 0x0020, 0x0020, 0x0020, 0x0020, 0x0020, 0x0020,
  0x0020, 0x0020, 0x0020, 0x0020, 0x0020, 0x0020, 0x0020, 0x0020, 0x0020, 0x0020, 0x0020, 0x0020,
  0x0020, 0x0020, 0x0020, 0x0020, 0x0020, 0x0020, 0x0020, 0x0020, 0x0020, 0x0020, 0x0020, 0x0020,
  0x0020, 0x0020, 0x0020, 0x0020, 0x0020, 0x0020, 0x0020, 0x0020, 0x0020, 0x0020, 0x0020, 0x0020,
  0x0020, 0x0020, 0x0020, 0x0020, 0x0020, 0x0020, 0x0020, 0x0020, 0x0020, 0x0020, 0x0020, 0x0020,
  0x0020, 0x0021, 0x0000, 0x6225, 0xD44B, 0x6162, 0x10A2, 0x2965, 0x18C3, 0x18C3, 0x41C6, 0x3165,
  0x9C8F, 0xDE55, 0xD5F4, 0xD5F3, 0xC592, 0x8AA6, 0xA265, 0xA285, 0x9A45, 0x81E4, 0x61A3, 0x6205,
  0x6AA8, 0x7B4A, 0x8BEC, 0x942E, 0xA46F, 0xB4F1, 0xBD51, 0xBD51, 0xA48F, 0x7B4B, 0x4A27, 0x2124,
  0x10C3, 0x18C3, 0x1904, 0x2125, 0x2125, 0x2124, 0x2124, 0x2104, 0x2104, 0x2104, 0x2104, 0x2104,
  0x2104, 0x2104, 0x2104, 0x2104, 0x2104, 0x2104, 0x2124, 0x18E3, 0x39C6, 0xBD51, 0xB4F0, 0x62C9,
  0x4984, 0x5122, 0x28A1, 0x40E1, 0x71E4, 0xAB27, 0xD42A, 0xDC8C, 0xB389, 0x6266, 0xD40A, 0xCB68,
  0xCB88, 0xD3A9, 0xBC0A, 0x1881, 0x0000, 0x0020, 0x0000, 0x0000, 0x0020, 0x0020, 0x0020, 0x0020,
  0x0020, 0x0020, 0x0020, 0x0020, 0x0020, 0x0020, 0x0020, 0x0020, 0x0020, 0x0020, 0x0020, 0x0020,
  0x0020, 0x0020, 0x0020, 0x0020, 0x0020, 0x0020, 0x0020, 0x0020, 0x0020, 0x0020, 0x0020, 0x0020,
  0x0020, 0x0020, 0x0020, 0x0020, 0x0020, 0x0020, 0x0020, 0x0020, 0x0020, 0x0020, 0x0020, 0x0020,
  0x0020, 0x0020, 0x0020, 0x0020, 0x0020, 0x0020, 0x0020, 0x0020, 0x0020, 0x0020, 0x0020, 0x0020,
  0x0020, 0x0020, 0x0020, 0x0020, 0x0020, 0x0020, 0x0020, 0x0020, 0x0020, 0x0020, 0x0020, 0x0020,
  0x0020, 0x0020, 0x0020, 0x0020, 0x0020, 0x0020, 0x0020, 0x0020, 0x0020, 0x0020, 0x0020, 0x0020,
  0x0000, 0x0020, 0x0020, 0x0020, 0x0020, 0x0000, 0x28E2, 0xBBA9, 0x5122, 0x30E2, 0x2124, 0x18E3,
  0x10A2, 0x39A5, 0x3985, 0x732A, 0xDE14, 0xD5F4, 0xD614, 0xD614, 0xCDD3, 0x8AC7, 0x9A65, 0x9AA5,
  0x9A85, 0x9265, 0xA285, 0x9A64, 0x81E3, 0x71C3, 0x61E4, 0x6267, 0x7309, 0x8BCC, 0x942D, 0x9C6E,
  0xACD0, 0xB511, 0xBD31, 0xACF0, 0x8C0D, 0x5AA9, 0x3185, 0x18E3, 0x10C3, 0x18E4, 0x2124, 0x2125,
  0x2124, 0x2124, 0x2104, 0x2104, 0x2124, 0x2104, 0x2104, 0x2104, 0x2104, 0x2124, 0x18E4, 0x2945,
  0xACF0, 0xBD51, 0x732A, 0x4184, 0x5142, 0x5942, 0x0000, 0x0000, 0x0000, 0x1040, 0x30A1, 0x69A3,
  0x8245, 0x82C7, 0xABCB, 0xBC0B, 0xCBEA, 0xC44C, 0x6A25, 0x1840, 0x0000, 0x0020, 0x0000, 0x0020,
  0x0020, 0x0020, 0x0020, 0x0020, 0x0020, 0x0020, 0x0020, 0x0020, 0x0020, 0x0020, 0x0020, 0x0020,
  0x0020, 0x0020, 0x0020, 0x0020, 0x0020, 0x0020, 0x0020, 0x0020, 0x0020, 0x0020, 0x0020, 0x0020,
  0x0020, 0x0020, 0x0020, 0x0020, 0x0020, 0x0020, 0x0020, 0x0020, 0x0020, 0x0020, 0x0020, 0x0020,
  0x0020, 0x0020, 0x0020, 0x0020, 0x0020, 0x0020, 0x0020, 0x0020, 0x0020, 0x0020, 0x0020, 0x0020,
  0x0020, 0x0020, 0x0020, 0x0020, 0x0020, 0x0020, 0x0020, 0x0020, 0x0020, 0x0020, 0x0020, 0x0020,
  0x0020, 0x0020, 0x0020, 0x0020, 0x0020, 0x0020, 0x0020, 0x0020, 0x0020, 0x0020, 0x0020, 0x0020,
  0x0020, 0x0020, 0x0020, 0x0000, 0x0020, 0x0020, 0x0020, 0x0020, 0x0020, 0x0820, 0xBBEA, 0x8A65,
  0x1840, 0x20E3, 0x2104, 0x10A2, 0x3144, 0x5183, 0x4A47, 0xD614, 0xD5F3, 0xD5F4, 0xD5F3, 0xDE14,
  0xC5D3, 0x8AA6, 0xA285, 0x9A85, 0x8A45, 0x7A45, 0x8A65, 0x9AC6, 0xA2C6, 0xA2A6, 0x9A44, 0x9224,
  0x79E4, 0x69C4, 0x6226, 0x6AA8, 0x7B6A, 0x8BEC, 0x9C2E, 0xA4AF, 0xB511, 0xBD31, 0xB511, 0x9C4E,
  0x6B0A, 0x41E6, 0x2104, 0x10C3, 0x18E4, 0x2104, 0x2125, 0x2124, 0x2124, 0x2104, 0x2104, 0x2124,
  0x2124, 0x2124, 0x18C3, 0x944E, 0xCDB3, 0x83AC, 0x49E5, 0x5142, 0x69A3, 0x5962, 0x1061, 0x0841,
  0x0000, 0x0000, 0x0000, 0x0000, 0x0000, 0x7A04, 0x9A64, 0x8245, 0x9308, 0x7AA7, 0x6962, 0x1881,
  0x0000, 0x0020, 0x0000, 0x0020, 0x0020, 0x0020, 0x0020, 0x0020, 0x0020, 0x0020, 0x0020, 0x0020,
  0x0020, 0x0020, 0x0020, 0x0020, 0x0020, 0x0020, 0x0020, 0x0020, 0x0020, 0x0020, 0x0020, 0x0020,
  0x0020, 0x0020, 0x0020, 0x0020, 0x0020, 0x0020, 0x0020, 0x0020, 0x0020, 0x0020, 0x0020, 0x0020,
  0x0020, 0x0020, 0x0020, 0x0020, 0x0020, 0x0020, 0x0020, 0x0020, 0x0020, 0x0020, 0x0020, 0x0020,
  0x0020, 0x0020, 0x0020, 0x0020, 0x0020, 0x0020, 0x0020, 0x0020, 0x0020, 0x0020, 0x0020, 0x0020,
  0x0020, 0x0020, 0x0020, 0x0020, 0x0020, 0x0020, 0x0020, 0x0020, 0x0020, 0x0020, 0x0020, 0x0020,
  0x0020, 0x0020, 0x0020, 0x0020, 0x0020, 0x0020, 0x0020, 0x0020, 0x0020, 0x0020, 0x0020, 0x0021,
  0x0000, 0x9308, 0xB327, 0x0800, 0x3922, 0x3103, 0x10A2, 0x2103, 0x4A06, 0x41C6, 0xBD51, 0xD5F4,
  0xD5F3, 0xD614, 0xD5F4, 0xD614, 0xC5D3, 0x8AC7, 0x9A65, 0x9A85, 0x9265, 0x7204, 0x1040, 0x20A1,
  0x5183, 0x7A45, 0x92A6, 0x9AA6, 0xAAC6, 0xA2A5, 0x9245, 0x8204, 0x71C4, 0x6205, 0x6AA7, 0x7B2A,
  0x83AC, 0x940D, 0xA46E, 0xACD0, 0xB511, 0xBD31, 0xA4AF, 0x83AC, 0x5268, 0x2965, 0x18E3, 0x10C3,
  0x1904, 0x2124, 0x2124, 0x2124, 0x2125, 0x10C3, 0x736B, 0xCDB2, 0x940E, 0x5226, 0x4942, 0x6982,
  0x69A3, 0x5942, 0x20E3, 0x2945, 0x2104, 0x18C3, 0x1061, 0x0020, 0x0000, 0x8224, 0x8265, 0x7204,
  0x9224, 0x71E3, 0x69A3, 0x1861, 0x0000, 0x0020, 0x0020, 0x0020, 0x0020, 0x0020, 0x0020, 0x0020,
  0x0020, 0x0020, 0x0020, 0x0020, 0x0020, 0x0020, 0x0020, 0x0020, 0x0020, 0x0020, 0x0020, 0x0020,
  0x0020, 0x0020, 0x0020, 0x0020, 0x0020, 0x0020, 0x0020, 0x0020, 0x0020, 0x0020, 0x0020, 0x0020,
  0x0020, 0x0020, 0x0020, 0x0020, 0x0020, 0x0020, 0x0020, 0x0020, 0x0020, 0x0020, 0x0020, 0x0020,
  0x0020, 0x0020, 0x0020, 0x0020, 0x0020, 0x0020, 0x0020, 0x0020, 0x0020, 0x0020, 0x0020, 0x0020,
  0x0020, 0x0020, 0x0020, 0x0020, 0x0020, 0x0020, 0x0020, 0x0020, 0x0020, 0x0020, 0x0020, 0x0020,
  0x0020, 0x0020, 0x0020, 0x0020, 0x0020, 0x0020, 0x0020, 0x0020, 0x0020, 0x0020, 0x0020, 0x0020,
  0x0020, 0x0020, 0x0021, 0x0000, 0x59E5, 0xD3EA, 0x2860, 0x10A3, 0x51C4, 0x28E2, 0x10C3, 0x41C6,
  0x3185, 0xA4AF, 0xE675, 0xD5F4, 0xD614, 0xD5F4, 0xD5F4, 0xDE14, 0xC5D3, 0x8AA7, 0x9A65, 0x9AA6,
  0x9265, 0x71E4, 0x0820, 0x0000, 0x0000, 0x0000, 0x20A1, 0x7204, 0x9265, 0x9A86, 0xA2A6, 0x9A85,
  0x9A65, 0xA264, 0x9224, 0x71C3, 0x61C4, 0x6246, 0x7309, 0x838B, 0x8BEC, 0x9C4E, 0xACAF, 0xB511,
  0xBD52, 0xB511, 0x940D, 0x62C9, 0x3185, 0x18E4, 0x10C3, 0x18E4, 0x10A3, 0x5289, 0xCDD3, 0xA48F,
  0x5A67, 0x4143, 0x6182, 0x6183, 0x6183, 0x5942, 0x18C2, 0x18E3, 0x2103, 0x2965, 0x3185, 0x2945,
  0x2103, 0x5163, 0x8AC7, 0x7A04, 0x79E4, 0x8245, 0x6983, 0x1861, 0x0000, 0x0020, 0x0020, 0x0020,
  0x0020, 0x0020, 0x0020, 0x0020, 0x0020, 0x0020, 0x0020, 0x0020, 0x0020, 0x0020, 0x0020, 0x0020,
  0x0020, 0x0020, 0x0020, 0x0020, 0x0020, 0x0020, 0x0020, 0x0020, 0x0020, 0x0020, 0x0020, 0x0020,
  0x0020, 0x0020, 0x0020, 0x0020, 0x0020, 0x0020, 0x0020, 0x0020, 0x0020, 0x0020, 0x0020, 0x0020,
  0x0020, 0x0020, 0x0020, 0x0020, 0x0020, 0x0020, 0x0020, 0x0020, 0x0020, 0x0020, 0x0020, 0x0020,
  0x0020, 0x0020, 0x0020, 0x0020, 0x0020, 0x0020, 0x0020, 0x0020, 0x0020, 0x0020, 0x0020, 0x0020,
  0x0020, 0x0020, 0x0020, 0x0020, 0x0020, 0x0020, 0x0020, 0x0020, 0x0020, 0x0020, 0x0020, 0x0020,
  0x0020, 0x0020, 0x0020, 0x0020, 0x0020, 0x0020, 0x0000, 0x28E2, 0xD44B, 0x5101, 0x0861, 0x2124,
  0x4984, 0x20C2, 0x31A5, 0x39A5, 0x7B8C, 0xDE34, 0xD5F3, 0xD614, 0xD5F4, 0xD5F3, 0xD5F4, 0xDE34,
  0xC5D3, 0x8286, 0x9A65, 0x9A85, 0x9265, 0x7A04, 0x1040, 0x0000, 0x0000, 0x0000, 0x0000, 0x69C3,
  0x9A85, 0xA2A6, 0x9A65, 0x82E8, 0x9C2E, 0x9B8A, 0x92C7, 0x9265, 0x9A44, 0x9A44, 0x8204, 0x61A4,
  0x6225, 0x6A88, 0x7B4A, 0x8BCC, 0x9C4E, 0xA48F, 0xACD0, 0xBD31, 0xB531, 0x9C8F, 0x734B, 0x39C6,
  0x41E6, 0xBD31, 0xB511, 0x62E9, 0x3943, 0x6162, 0x6183, 0x6183, 0x6183, 0x5942, 0x18C2, 0x18C2,
  0x10C3, 0x18C3, 0x2104, 0x3186, 0x2104, 0x61E5, 0xC3C9, 0x38A1, 0x69E4, 0x7A24, 0x6983, 0x1861,
  0x0000, 0x0020, 0x0020, 0x0020, 0x0020, 0x0020, 0x0020, 0x0020, 0x0020, 0x0020, 0x0020, 0x0020,
  0x0020, 0x0020, 0x0020, 0x0020, 0x0020, 0x0020, 0x0020, 0x0020, 0x0020, 0x0020, 0x0020, 0x0020,
  0x0020, 0x0020, 0x0020, 0x0020, 0x0020, 0x0020, 0x0020, 0x0020, 0x0020, 0x0020, 0x0020, 0x0020,
  0x0020, 0x0020, 0x0020, 0x0020, 0x0020, 0x0020, 0x0020, 0x0020, 0x0020, 0x0020, 0x0020, 0x0020,
  0x0020, 0x0020, 0x0020, 0x0020, 0x0020, 0x0020, 0x0020, 0x0020, 0x0020, 0x0020, 0x0020, 0x0020,
  0x0020, 0x0020, 0x0020, 0x0020, 0x0020, 0x0020, 0x0020, 0x0020, 0x0020, 0x0020, 0x0020, 0x0020,
  0x0020, 0x0020, 0x0020, 0x0020, 0x0020, 0x0020, 0x0020, 0x0020, 0x0020, 0x0020, 0x0840, 0xC40B,
  0x8204, 0x0820, 0x2965, 0x18E3, 0x18C3, 0x4143, 0x4984, 0x5268, 0xDE34, 0xD5F4, 0xD5F4, 0xD614,
  0xD614, 0xD5F4, 0xD5F4, 0xD614, 0xC5B3, 0x8AC7, 0x9A85, 0x9265, 0x9265, 0x7A04, 0x0000, 0x0000,
  0x0000, 0x0000, 0x0820, 0x69C3, 0x9245, 0x9A85, 0x9A44, 0x936A, 0x62C9, 0x5267, 0x83AC, 0x942D,
  0xA40C, 0x9328, 0x8A65, 0xA2A5, 0x9A65, 0x8204, 0x69C3, 0x59C4, 0x6267, 0x72E9, 0x8BCC, 0x940D,
  0x9C6F, 0xACD0, 0xB511, 0xB511, 0xB510, 0xB511, 0x6B0A, 0x4184, 0x5942, 0x6183, 0x6983, 0x6183,
  0x69A3, 0x5142, 0x28E3, 0x3144, 0x2903, 0x20C2, 0x20E3, 0x18E4, 0x18E3, 0xBBEA, 0x61A3, 0x1860,
  0x8204, 0x7204, 0x6983, 0x1861, 0x0000, 0x0020, 0x0000, 0x0020, 0x0020, 0x0020, 0x0020, 0x0020,
  0x0020, 0x0020, 0x0020, 0x0020, 0x0020, 0x0020, 0x0020, 0x0020, 0x0020, 0x0020, 0x0020, 0x0020,
  0x0020, 0x0020, 0x0020, 0x0020, 0x0020, 0x0020, 0x0020, 0x0020, 0x0020, 0x0020, 0x0020, 0x0020,
  0x0020, 0x0020, 0x0020, 0x0020, 0x0020, 0x0020, 0x0020, 0x0020, 0x0020, 0x0020, 0x0020, 0x0020,
  0x0020, 0x0020, 0x0020, 0x0020, 0x0020, 0x0020, 0x0020, 0x0020, 0x0020, 0x0020, 0x0020, 0x0020,
  0x0020, 0x0020, 0x0020, 0x0020, 0x0020, 0x0020, 0x0020, 0x0020, 0x0020, 0x0020, 0x0020, 0x0020,
  0x0020, 0x0020, 0x0020, 0x0020, 0x0020, 0x0020, 0x0020, 0x0020, 0x0020, 0x0020, 0x0020, 0x0020,
  0x0020, 0x0000, 0x9B29, 0xB327, 0x0820, 0x2124, 0x2124, 0x10A2, 0x2103, 0x4164, 0x41A5, 0xC592,
  0xD614, 0xD5F4, 0xD614, 0xD614, 0xD614, 0xD5F3, 0xD5D3, 0xD614, 0xCDF4, 0x8AA6, 0x9A85, 0x9A85,
  0x8A45, 0x7204, 0x7204, 0x4963, 0x1881, 0x0000, 0x0000, 0x69C3, 0x9245, 0xA2A6, 0x9244, 0x8B29,
  0x49E6, 0x0000, 0x0000, 0x20E3, 0x5247, 0x8BED, 0x6267, 0xA285, 0x9AA5, 0xA2A5, 0x9A85, 0x9A44,
  0x8A03, 0x79C3, 0x69E4, 0x6246, 0x72E9, 0x7B6A, 0x8BCC, 0x9C4E, 0xA48F, 0x732A, 0x3984, 0x5122,
  0x69A3, 0x6183, 0x6183, 0x6183, 0x6983, 0x4902, 0x41C5, 0x5247, 0x3964, 0x3964, 0x3164, 0x20E2,
  0x8B29, 0xB368, 0x2080, 0x28E2, 0x71C3, 0x69C3, 0x6182, 0x1860, 0x0000, 0x0020, 0x0000, 0x0020,
  0x0020, 0x0020, 0x0020, 0x0020, 0x0020, 0x0020, 0x0020, 0x0020, 0x0020, 0x0020, 0x0020, 0x0020,
  0x0020, 0x0020, 0x0020, 0x0020, 0x0020, 0x0020, 0x0020, 0x0020, 0x0020, 0x0020, 0x0020, 0x0020,
  0x0020, 0x0020, 0x0020, 0x0020, 0x0020, 0x0020, 0x0020, 0x0020, 0x0020, 0x0020, 0x0020, 0x0020,
  0x0020, 0x0020, 0x0020, 0x0020, 0x0020, 0x0020, 0x0020, 0x0020, 0x0020, 0x0020, 0x0020, 0x0020,
  0x0020, 0x0020, 0x0020, 0x0020, 0x0020, 0x0020, 0x0020, 0x0020, 0x0020, 0x0020, 0x0020, 0x0020,
  0x0020, 0x0020, 0x0020, 0x0020, 0x0020, 0x0020, 0x0020, 0x0020, 0x0020, 0x0020, 0x0020, 0x0020,
  0x0000, 0x0020, 0x0000, 0x0020, 0x0000, 0x6226, 0xD3EA, 0x2060, 0x18E3, 0x2965, 0x10A2, 0x18E3,
  0x4A07, 0x3185, 0x9C8F, 0xDE34, 0xD5F4, 0xD614, 0xD614, 0xD614, 0xD5F4, 0xD5F4, 0xD5F3, 0xDE34,
  0xACF1, 0x6A25, 0x8A24, 0x9224, 0x9244, 0x9265, 0x9285, 0x9286, 0x8A86, 0x8245, 0x5163, 0x69C3,
  0x8A24, 0x9A65, 0x8A24, 0x8B49, 0x5227, 0x0000, 0x0000, 0x0000, 0x0000, 0x5247, 0x7AC8, 0x9A65,
  0x9A85, 0xA2A5, 0x8265, 0x92A6, 0xA2C6, 0xA2A6, 0xA285, 0x9A44, 0x81E3, 0x61A3, 0x61E5, 0x6AA8,
  0x838B, 0x5227, 0x4102, 0x6983, 0x69A3, 0x6183, 0x6183, 0x6183, 0x6162, 0x5A06, 0x5A88, 0x93EC,
  0x9C2D, 0xACF0, 0x7B6B, 0x5205, 0xCC2A, 0x5942, 0x4143, 0x3923, 0x6183, 0x71C3, 0x5122, 0x69E4,
  0x3102, 0x0000, 0x0020, 0x0000, 0x0020, 0x0020, 0x0020, 0x0020, 0x0020, 0x0020, 0x0020, 0x0020,
  0x0020, 0x0020, 0x0020, 0x0020, 0x0020, 0x0020, 0x0020, 0x0020, 0x0020, 0x0020, 0x0020, 0x0020,
  0x0020, 0x0020, 0x0020, 0x0020, 0x0020, 0x0020, 0x0020, 0x0020, 0x0020, 0x0020, 0x0020, 0x0020,
  0x0020, 0x0020, 0x0020, 0x0020, 0x0020, 0x0020, 0x0020, 0x0020, 0x0020, 0x0020, 0x0020, 0x0020,
  0x0020, 0x0020, 0x0020, 0x0020, 0x0020, 0x0020, 0x0020, 0x0020, 0x0020, 0x0020, 0x0020, 0x0020,
  0x0020, 0x0020, 0x0020, 0x0020, 0x0020, 0x0020, 0x0020, 0x0020, 0x0020, 0x0020, 0x0020, 0x0020,
  0x0020, 0x0020, 0x0020, 0x0020, 0x0020, 0x0020, 0x0020, 0x0000, 0x3123, 0xDC4B, 0x4901, 0x0882,
  0x3165, 0x18E3, 0x10C2, 0x41E6, 0x3985, 0x83AC, 0xE655, 0xD5F3, 0xD614, 0xD614, 0xD5F3, 0xD614,
  0xD614, 0xD614, 0xD614, 0xDE34, 0x940D, 0x942D, 0x8BAB, 0x82E8, 0x82A7, 0x8A45, 0x8A04, 0x8A04,
  0x8A24, 0x8A45, 0x8A85, 0x71E4, 0x9264, 0x9265, 0x8A24, 0x8B4A, 0x5227, 0x0000, 0x0000, 0x0000,
  0x0000, 0x5AA9, 0x72A8, 0x9224, 0x9A85, 0x9A65, 0x8224, 0x38E1, 0x4122, 0x6A04, 0x8A86, 0x9AC6,
  0x9A85, 0xA285, 0x9244, 0x8A24, 0x71E4, 0x5142, 0x6183, 0x69A3, 0x6983, 0x6182, 0x6183, 0x6142,
  0x51A4, 0x62A8, 0x49E6, 0x9C2D, 0xCD92, 0xE654, 0xACD0, 0xB3EA, 0x7A04, 0x28A1, 0x4943, 0x3923,
  0x79C3, 0x61A3, 0x4922, 0x8AC6, 0x30C1, 0x0000, 0x0020, 0x0000, 0x0020, 0x0020, 0x0020, 0x0020,
  0x0020, 0x0020, 0x0020, 0x0020, 0x0020, 0x0020, 0x0020, 0x0020, 0x0020, 0x0020, 0x0020, 0x0020,
  0x0020, 0x0020, 0x0020, 0x0020, 0x0020, 0x0020, 0x0020, 0x0020, 0x0020, 0x0020, 0x0020, 0x0020,
  0x0020, 0x0020, 0x0020, 0x0020, 0x0020, 0x0020, 0x0020, 0x0020, 0x0020, 0x0020, 0x0020, 0x0020,
  0x0020, 0x0020, 0x0020, 0x0020, 0x0020, 0x0020, 0x0020, 0x0020, 0x0020, 0x0020, 0x0020, 0x0020,
  0x0020, 0x0020, 0x0020, 0x0020, 0x0020, 0x0020, 0x0020, 0x0020, 0x0020, 0x0020, 0x0020, 0x0020,
  0x0020, 0x0020, 0x0020, 0x0020, 0x0020, 0x0020, 0x0020, 0x0020, 0x0000, 0x0020, 0x0000, 0x0020,
  0xC42B, 0x79E4, 0x0020, 0x2965, 0x2104, 0x10A2, 0x3985, 0x41C6, 0x5AA9, 0xDE34, 0xD614, 0xD5F4,
  0xD614, 0xDE14, 0xD614, 0xD614, 0xD614, 0xD614, 0xD5F3, 0xDE55, 0x942E, 0x72E9, 0x8BCC, 0xA46E,
  0xA48E, 0x940D, 0x834A, 0x82C7, 0x8245, 0x8A24, 0x9244, 0x9244, 0x9A85, 0x9A85, 0x9224, 0x8B4A,
  0x5227, 0x0000, 0x0000, 0x0000, 0x0000, 0x5AA9, 0x6A87, 0x9244, 0xA2A5, 0x9265, 0x8224, 0x1860,
  0x0000, 0x0000, 0x1040, 0x30E2, 0x6A04, 0x9265, 0xA2A5, 0x9A85, 0x9AA6, 0x71C3, 0x6182, 0x69A3,
  0x6183, 0x6183, 0x6162, 0x5163, 0x62C8, 0x49E6, 0x7B2A, 0xC571, 0xD614, 0xBD51, 0x93AA, 0xB368,
  0x38E1, 0x2103, 0x2103, 0x2903, 0x38E1, 0x4902, 0x8AC6, 0x7A24, 0x30A1, 0x0000, 0x0020, 0x0020,
  0x0020, 0x0020, 0x0020, 0x0020, 0x0020, 0x0020, 0x0020, 0x0020, 0x0020, 0x0020, 0x0020, 0x0020,
  0x0020, 0x0020, 0x0020, 0x0020, 0x0020, 0x0020, 0x0020, 0x0020, 0x0020, 0x0020, 0x0020, 0x0020,
  0x0020, 0x0020, 0x0020, 0x0020, 0x0020, 0x0020, 0x0020, 0x0020, 0x0020, 0x0020, 0x0020, 0x0020,
  0x0020, 0x0020, 0x0020, 0x0020, 0x0020, 0x0020, 0x0020, 0x0020, 0x0020, 0x0020, 0x0020, 0x0020,
  0x0020, 0x0020, 0x0020, 0x0020, 0x0020, 0x0020, 0x0020, 0x0020, 0x0020, 0x0020, 0x0020, 0x0020,
  0x0020, 0x0020, 0x0020, 0x0020, 0x0020, 0x0020, 0x0020, 0x0020, 0x0020, 0x0020, 0x0020, 0x0020,
  0x0020, 0x0000, 0x20A1, 0xA369, 0x7A25, 0x1020, 0x2124, 0x2124, 0x10A2, 0x2124, 0x4A27, 0x41E6,
  0xC572, 0xD614, 0xD5F3, 0xD5F4, 0xD614, 0xD614, 0xD614, 0xD614, 0xD614, 0xD614, 0xD614, 0xD614,
  0xC592, 0x9C6E, 0x83AC, 0x7B2A, 0x7B4A, 0x8BAB, 0x9C2D, 0xA46E, 0x9C4E, 0x8B8B, 0x82E8, 0x8266,
  0x8204, 0x9244, 0x89E3, 0x8B4A, 0x5227, 0x0000, 0x0000, 0x0000, 0x0000, 0x5AA8, 0x6A67, 0x9244,
  0x9A85, 0x9265, 0x8A45, 0x2080, 0x0000, 0x0000, 0x0000, 0x0000, 0x5983, 0x9265, 0xA2A6, 0x9A85,
  0x9285, 0x69A3, 0x6183, 0x6983, 0x6183, 0x6983, 0x5942, 0x6288, 0x5226, 0x6288, 0xBD30, 0xD5F3,
  0xD614, 0x940D, 0xBBA9, 0x6183, 0x3922, 0x2104, 0x3144, 0x18E3, 0x1881, 0xA2E6, 0x8AA7, 0x6962,
  0x1040, 0x0000, 0x0020, 0x0000, 0x0020, 0x0020, 0x0020, 0x0020, 0x0020, 0x0020, 0x0020, 0x0020,
  0x0020, 0x0020, 0x0020, 0x0020, 0x0020, 0x0020, 0x0020, 0x0020, 0x0020, 0x0020, 0x0020, 0x0020,
  0x0020, 0x0020, 0x0020, 0x0020, 0x0020, 0x0020, 0x0020, 0x0020, 0x0020, 0x0020, 0x0020, 0x0020,
  0x0020, 0x0020, 0x0020, 0x0020, 0x0020, 0x0020, 0x0020, 0x0020, 0x0020, 0x0020, 0x0020, 0x0020,
  0x0020, 0x0020, 0x0020, 0x0020, 0x0020, 0x0020, 0x0020, 0x0020, 0x0020, 0x0020, 0x0020, 0x0020,
  0x0020, 0x0020, 0x0020, 0x0020, 0x0020, 0x0020, 0x0020, 0x0020, 0x0020, 0x0020, 0x0020, 0x0020,
  0x0020, 0x0020, 0x0020, 0x0020, 0x0020, 0x0000, 0x8AE8, 0xD40A, 0x40E1, 0x18E4, 0x2945, 0x18C3,
  0x18C3, 0x59C4, 0x3985, 0xA4B0, 0xDE14, 0xCDD3, 0xD5F4, 0xD614, 0xD614, 0xD635, 0xD614, 0xD614,
  0xD614, 0xD614, 0xDE34, 0xD614, 0xD614, 0xDE55, 0xDE34, 0xCDB3, 0xACF0, 0x8BEC, 0x7B4A, 0x732A,
  0x8BAB, 0x940D, 0x9C4E, 0x9C6E, 0x8BAC, 0x8B29, 0x7205, 0x8329, 0x5A47, 0x0000, 0x0000, 0x0000,
  0x0000, 0x5A88, 0x6A67, 0x9A64, 0x9A85, 0x9A85, 0x8245, 0x1840, 0x0000, 0x0000, 0x0000, 0x0000,
  0x59A3, 0x9A85, 0x9A85, 0x9A85, 0x9AA6, 0x69C3, 0x6163, 0x6183, 0x6183, 0x5942, 0x5A46, 0x6288,
  0x5206, 0xA46E, 0xD5F3, 0xDE14, 0xACD0, 0xABCA, 0x8225, 0x3902, 0x2924, 0x2985, 0x2104, 0x1061,
  0x9AA5, 0x9B28, 0x69A3, 0x30C1, 0x0000, 0x0020, 0x0000, 0x0020, 0x0020, 0x0020, 0x0020, 0x0020,
  0x0020, 0x0020, 0x0020, 0x0020, 0x0020, 0x0020, 0x0020, 0x0020, 0x0020, 0x0020, 0x0020, 0x0020,
  0x0020, 0x0020, 0x0020, 0x0020, 0x0020, 0x0020, 0x0020, 0x0020, 0x0020, 0x0020, 0x0020, 0x0020,
  0x0020, 0x0020, 0x0020, 0x0020, 0x0020, 0x0020, 0x0020, 0x0020, 0x0020, 0x0020, 0x0020, 0x0020,
  0x0020, 0x0020, 0x0020, 0x0020, 0x0020, 0x0020, 0x0020, 0x0020, 0x0020, 0x0020, 0x0020, 0x0020,
  0x0020, 0x0020, 0x0020, 0x0020, 0x0020, 0x0020, 0x0020, 0x0020, 0x0020, 0x0020, 0x0020, 0x0020,
  0x0020, 0x0020, 0x0020, 0x0020, 0x0020, 0x0020, 0x0020, 0x0020, 0x0000, 0x3963, 0xB389, 0x5122,
  0x30E2, 0x2124, 0x18C3, 0x18C3, 0x41C6, 0x3923, 0x7B8C, 0xDE55, 0xCDD3, 0xD5F4, 0xD614, 0xD614,
  0xD614, 0xD614, 0xD614, 0xD614, 0xD614, 0xD614, 0xD614, 0xD614, 0xD5F4, 0xD614, 0xD5F4, 0xD614,
  0xDE14, 0xDE34, 0xD5F3, 0xB531, 0x9C4E, 0x838B, 0x7309, 0x836A, 0x8BCC, 0x940D, 0x942D, 0x8BCC,
  0x5206, 0x0000, 0x0000, 0x0000, 0x0000, 0x5A88, 0x6A87, 0x9A65, 0x9A85, 0x9A65, 0x8224, 0x5163,
  0x28A1, 0x0800, 0x0000, 0x0000, 0x5983, 0x9265, 0xA2A5, 0x9265, 0x9A85, 0x61A3, 0x6162, 0x69A3,
  0x6162, 0x51C5, 0x62A8, 0x49E5, 0x93EC, 0xCDD3, 0xD614, 0xC5D3, 0x93CB, 0xB348, 0x4902, 0x30E2,
  0x2145, 0x3185, 0x10C3, 0x4942, 0xA348, 0x7204, 0x5122, 0x0000, 0x0020, 0x0020, 0x0020, 0x0020,
  0x0020, 0x0020, 0x0020, 0x0020, 0x0020, 0x0020, 0x0020, 0x0020, 0x0020, 0x0020, 0x0020, 0x0020,
  0x0020, 0x0020, 0x0020, 0x0020, 0x0020, 0x0020, 0x0020, 0x0020, 0x0020, 0x0020, 0x0020, 0x0020,
  0x0020, 0x0020, 0x0020, 0x0020, 0x0020, 0x0020, 0x0020, 0x0020, 0x0020, 0x0020, 0x0020, 0x0020,
  0x0020, 0x0020, 0x0020, 0x0020, 0x0020, 0x0020, 0x0020, 0x0020, 0x0020, 0x0020, 0x0020, 0x0020,
  0x0020, 0x0020, 0x0020, 0x0020, 0x0020, 0x0020, 0x0020, 0x0020, 0x0020, 0x0020, 0x0020, 0x0020,
  0x0020, 0x0020, 0x0020, 0x0020, 0x0020, 0x0000, 0x0020, 0x0020, 0x0020, 0x0020, 0x0020, 0x0000,
  0x1060, 0xC40B, 0x7A04, 0x28A1, 0x2923, 0x18E4, 0x1082, 0x3185, 0x41C6, 0x5AA9, 0xD614, 0xD5F4,
  0xD5F4, 0xD5F4, 0xD614, 0xD614, 0xDE35, 0xD634, 0xD614, 0xD614, 0xD614, 0xD614, 0xD614, 0xD614,
  0xD614, 0xD5F4, 0xD614, 0xD5F4, 0xD5F3, 0xD5F4, 0xD614, 0xDE34, 0xDE55, 0xDE34, 0xC592, 0xACD0,
  0x8BCC, 0x7309, 0x7309, 0x730A, 0x49C5, 0x49E6, 0x5A47, 0x3164, 0x1061, 0x5AA9, 0x6A67, 0x89C3,
  0x9224, 0x9A85, 0x8A45, 0x9285, 0x92A6, 0x8245, 0x59A3, 0x30C1, 0x61C4, 0x9265, 0x9A85, 0x9A65,
  0x9AA6, 0x69A3, 0x6162, 0x6982, 0x5183, 0x6AC8, 0x49E6, 0x7B4A, 0xC592, 0xD614, 0xCDB3, 0x7B4A,
  0x9307, 0x6162, 0x3902, 0x2124, 0x3185, 0x1904, 0x3902, 0xB368, 0x7245, 0x6982, 0x0840, 0x0000,
  0x0020, 0x0020, 0x0020, 0x0020, 0x0020, 0x0020, 0x0020, 0x0020, 0x0020, 0x0020, 0x0020, 0x0020,
  0x0020, 0x0020, 0x0020, 0x0020, 0x0020, 0x0020, 0x0020, 0x0020, 0x0020, 0x0020, 0x0020, 0x0020,
  0x0020, 0x0020, 0x0020, 0x0020, 0x0020, 0x0020, 0x0020, 0x0020, 0x0020, 0x0020, 0x0020, 0x0020,
  0x0020, 0x0020, 0x0020, 0x0020, 0x0020, 0x0020, 0x0020, 0x0020, 0x0020, 0x0020, 0x0020, 0x0020,
  0x0020, 0x0020, 0x0020, 0x0020, 0x0020, 0x0020, 0x0020, 0x0020, 0x0020, 0x0020, 0x0020, 0x0020,
  0x0020, 0x0020, 0x0020, 0x0020, 0x0020, 0x0020, 0x0020, 0x0020, 0x0020, 0x0020, 0x0020, 0x0020,
  0x0020, 0x0020, 0x0020, 0x0000, 0xA369, 0xA2C6, 0x0820, 0x4142, 0x28E3, 0x10A3, 0x2944, 0x41E6,
  0x4A07, 0xCDB3, 0xD614, 0xD5F4, 0xD614, 0xD614, 0xD614, 0xD614, 0xDE35, 0xD614, 0xD614, 0xD614,
  0xD614, 0xD614, 0xD614, 0xD5F4, 0xD614, 0xD614, 0xDE34, 0xD5F4, 0xD614, 0xD614, 0xD614, 0xD5F4,
  0xD5F3, 0xD614, 0xDE34, 0xDE55, 0xDE35, 0xD5F3, 0xB510, 0x7B8B, 0x62C9, 0x732A, 0x7309, 0x7309,
  0x6AC9, 0x7B4A, 0x62C8, 0x7B09, 0x82A7, 0x8A45, 0x8A04, 0x9224, 0x8A04, 0x8A45, 0x9285, 0x9286,
  0x7204, 0x8224, 0x9A65, 0x9A65, 0xA2C6, 0x69A3, 0x6162, 0x5142, 0x6288, 0x5226, 0x6288, 0xBD10,
  0xD5F3, 0xD634, 0x93AB, 0xCBE9, 0x71E4, 0x2881, 0x2903, 0x3186, 0x2945, 0x18A2, 0xAB27, 0x9B48,
  0x71A3, 0x28A1, 0x0000, 0x0020, 0x0020, 0x0020, 0x0020, 0x0020, 0x0020, 0x0020, 0x0020, 0x0020,
  0x0020, 0x0020, 0x0020, 0x0020, 0x0020, 0x0020, 0x0020, 0x0020, 0x0020, 0x0020, 0x0020, 0x0020,
  0x0020, 0x0020, 0x0020, 0x0020, 0x0020, 0x0020, 0x0020, 0x0020, 0x0020, 0x0020, 0x0020, 0x0020,
  0x0020, 0x0020, 0x0020, 0x0020, 0x0020, 0x0020, 0x0020, 0x0020, 0x0020, 0x0020, 0x0020, 0x0020,
  0x0020, 0x0020, 0x0020, 0x0020, 0x0020, 0x0020, 0x0020, 0x0020, 0x0020, 0x0020, 0x0020, 0x0020,
  0x0020, 0x0020, 0x0020, 0x0020, 0x0020, 0x0020, 0x0020, 0x0020, 0x0020, 0x0020, 0x0020, 0x0020,
  0x0020, 0x0020, 0x0020, 0x0020, 0x0020, 0x0021, 0x0000, 0x7267, 0xCBC9, 0x1840, 0x18C3, 0x59A3,
  0x20C2, 0x2104, 0x4A27, 0x3985, 0xA4AF, 0xE675, 0xD5F4, 0xD5F3, 0xD614, 0xD614, 0xD614, 0xD635,
  0xD634, 0xD614, 0xD614, 0xD614, 0xD614, 0xD614, 0xD614, 0xD614, 0xD614, 0xD614, 0xD614, 0xD614,
  0xD614, 0xD5F4, 0xD5F4, 0xD614, 0xD614, 0xD614, 0xD614, 0xD5F4, 0xD614, 0xDE35, 0xDE35, 0xDE35,
  0xDE34, 0xBD51, 0x942D, 0x7B6B, 0x6AE9, 0x62A8, 0x62A8, 0x9C4D, 0xA48F, 0x9C2D, 0x836A, 0x7AC8,
  0x8265, 0x9244, 0x9224, 0x9224, 0x8224, 0x9285, 0x9285, 0x9A85, 0x9AA5, 0x61A3, 0x5122, 0x5A47,
  0x6288, 0x5247, 0xACAF, 0xD5F3, 0xD5F3, 0xA4AF, 0x7286, 0xBB88, 0x5122, 0x20A1, 0x2945, 0x3185,
  0x10A3, 0x8245, 0xBBCA, 0x69E4, 0x5122, 0x0000, 0x0020, 0x0020, 0x0020, 0x0020, 0x0020, 0x0020,
  0x0020, 0x0020, 0x0020, 0x0020, 0x0020, 0x0020, 0x0020, 0x0020, 0x0020, 0x0020, 0x0020, 0x0020,
  0x0020, 0x0020, 0x0020, 0x0020, 0x0020, 0x0020, 0x0020, 0x0020, 0x0020, 0x0020, 0x0020, 0x0020,
  0x0020, 0x0020, 0x0020, 0x0020, 0x0020, 0x0020, 0x0020, 0x0020, 0x0020, 0x0020, 0x0020, 0x0020,
  0x0020, 0x0020, 0x0020, 0x0020, 0x0020, 0x0020, 0x0020, 0x0020, 0x0020, 0x0020, 0x0020, 0x0020,
  0x0020, 0x0020, 0x0020, 0x0020, 0x0020, 0x0020, 0x0020, 0x0020, 0x0020, 0x0020, 0x0020, 0x0020,
  0x0020, 0x0020, 0x0020, 0x0020, 0x0020, 0x0020, 0x0020, 0x0020, 0x0020, 0x0000, 0x3964, 0xDC4B,
  0x38C1, 0x0882, 0x3165, 0x5163, 0x1081, 0x39C6, 0x3985, 0x83AC, 0xDE54, 0xD5F3, 0xD5F4, 0xD614,
  0xD614, 0xD614, 0xD614, 0xD614, 0xD614, 0xD614, 0xD614, 0xD614, 0xD614, 0xD614, 0xD5F3, 0xD614,
  0xD614, 0xD614, 0xD5F4, 0xDE34, 0xDE35, 0xDE14, 0xD614, 0xD614, 0xD614, 0xD614, 0xD614, 0xD614,
  0xD614, 0xD614, 0xD614, 0xD5F4, 0xD5F4, 0xD614, 0xDE34, 0xDE34, 0xC592, 0x940D, 0x7B6B, 0x7B4A,
  0x72E9, 0x836A, 0x940D, 0xA48E, 0x9C4E, 0x8BAB, 0x82E8, 0x8286, 0x9245, 0x9244, 0x9244, 0x9245,
  0x9265, 0x6162, 0x5A05, 0x6AE9, 0x4A06, 0x940D, 0xD5F3, 0xD5D3, 0xD614, 0x93CC, 0xB388, 0x5942,
  0x28A1, 0x2103, 0x3185, 0x1904, 0x4943, 0xCC0A, 0x7245, 0x6962, 0x0820, 0x0000, 0x0020, 0x0020,
  0x0020, 0x0020, 0x0020, 0x0020, 0x0020, 0x0020, 0x0020, 0x0020, 0x0020, 0x0020, 0x0020, 0x0020,
  0x0020, 0x0020, 0x0020, 0x0020, 0x0020, 0x0020, 0x0020, 0x0020, 0x0020, 0x0020, 0x0020, 0x0020,
  0x0020, 0x0020, 0x0020, 0x0020, 0x0020, 0x0020, 0x0020, 0x0020, 0x0020, 0x0020, 0x0020, 0x0020,
  0x0020, 0x0000, 0x0020, 0x0020, 0x0020, 0x0020, 0x0020, 0x0020, 0x0020, 0x0020, 0x0020, 0x0020,
  0x0020, 0x0020, 0x0020, 0x0020, 0x0020, 0x0020, 0x0020, 0x0020, 0x0020, 0x0020, 0x0020, 0x0020,
  0x0020, 0x0020, 0x0020, 0x0020, 0x0020, 0x0020, 0x0020, 0x0020, 0x0020, 0x0020, 0x0020, 0x0020,
  0x0000, 0x1081, 0xCC4C, 0x6983, 0x0841, 0x2965, 0x18E3, 0x20C2, 0x4123, 0x4184, 0x5AA9, 0xDE55,
  0xD634, 0xD614, 0xD614, 0xD614, 0xD614, 0xD5F4, 0xD614, 0xD614, 0xD614, 0xD614, 0xD614, 0xD614,
  0xD614, 0xD614, 0xD614, 0xD614, 0xD614, 0xD614, 0xD614, 0xD614, 0xD614, 0xDE34, 0xD614, 0xD614,
  0xDE14, 0xDE34, 0xD614, 0xD634, 0xD614, 0xD614, 0xD614, 0xD614, 0xD614, 0xD5F4, 0xD5F4, 0xD5F3,
  0xDE14, 0xDE55, 0xDE35, 0xCDD3, 0xB510, 0x944E, 0x838B, 0x7B2A, 0x7B4A, 0x93EC, 0x9C4E, 0xA46E,
  0x940D, 0x8B8B, 0x82C7, 0x8225, 0x8A24, 0x59A4, 0x6AC9, 0x4A06, 0x838B, 0xCD92, 0xD5F3, 0xDE34,
  0xACD0, 0xB40B, 0x8245, 0x2080, 0x20C2, 0x2985, 0x2965, 0x20C2, 0xBB68, 0x9308, 0x71A3, 0x28A1,
  0x0000, 0x0020, 0x0000, 0x0020, 0x0020, 0x0020, 0x0020, 0x0020, 0x0020, 0x0020, 0x0020, 0x0020,
  0x0020, 0x0020, 0x0020, 0x0020, 0x0020, 0x0020, 0x0020, 0x0020, 0x0020, 0x0020, 0x0020, 0x0020,
  0x0020, 0x0020, 0x0020, 0x0020, 0x0020, 0x0020, 0x0020, 0x0020, 0x0020, 0x0020, 0x0020, 0x0020,
  0x0020, 0x0020, 0x0020, 0x0020, 0x0020, 0x0020, 0x0000, 0x0020, 0x0020, 0x0020, 0x0020, 0x0020,
  0x0020, 0x0020, 0x0020, 0x0020, 0x0020, 0x0020, 0x0020, 0x0020, 0x0020, 0x0020, 0x0020, 0x0020,
  0x0020, 0x0020, 0x0020, 0x0020, 0x0020, 0x0020, 0x0020, 0x0020, 0x0020, 0x0020, 0x0020, 0x0020,
  0x0020, 0x0020, 0x0020, 0x0020, 0x0000, 0xABAA, 0x9AC6, 0x0000, 0x2145, 0x2124, 0x1082, 0x2103,
  0x59C4, 0x49C5, 0xC592, 0xD614, 0xD5F4, 0xD614, 0xD614, 0xD614, 0xD614, 0xD614, 0xD614, 0xD614,
  0xD614, 0xD614, 0xDE34, 0xD614, 0xD5F4, 0xD614, 0xD614, 0xD614, 0xD614, 0xD614, 0xD614, 0xD614,
  0xD614, 0xDE34, 0xD614, 0xD614, 0xD614, 0xD614, 0xD614, 0xD614, 0xD614, 0xD614, 0xD614, 0xD614,
  0xD5F4, 0xD634, 0xD614, 0xD5F4, 0xD614, 0xD5F4, 0xD5F3, 0xD5F4, 0xDE34, 0xDE35, 0xD5F4, 0xC572,
  0xA48F, 0x83AC, 0x732A, 0x7B2A, 0x836B, 0x940D, 0xA46E, 0xA46F, 0x93CC, 0x72E9, 0x49E6, 0x62A8,
  0xBD31, 0xD614, 0xD614, 0xC592, 0x93AB, 0xB348, 0x30A1, 0x4122, 0x3123, 0x2965, 0x10C3, 0x8A85,
  0xB3A9, 0x71C4, 0x4922, 0x0000, 0x0020, 0x0000, 0x0020, 0x0020, 0x0020, 0x0020, 0x0020, 0x0020,
  0x0020, 0x0020, 0x0020, 0x0020, 0x0020, 0x0020, 0x0020, 0x0020, 0x0020, 0x0020, 0x0020, 0x0020,
  0x0020, 0x0020, 0x0020, 0x0020, 0x0020, 0x0020, 0x0020, 0x0020, 0x0020, 0x0020, 0x0020, 0x0020,
  0x0020, 0x0020, 0x0020, 0x0020, 0x0020, 0x0020, 0x0020, 0x0020, 0x0020, 0x0020, 0x0020, 0x0020,
  0x0020, 0x0020, 0x0020, 0x0020, 0x0020, 0x0020, 0x0020, 0x0020, 0x0020, 0x0020, 0x0020, 0x0020,
  0x0020, 0x0020, 0x0020, 0x0020, 0x0020, 0x0020, 0x0020, 0x0020, 0x0020, 0x0020, 0x0020, 0x0020,
  0x0020, 0x0020, 0x0020, 0x0020, 0x0020, 0x0020, 0x0020, 0x0000, 0x7287, 0xC3A9, 0x1840, 0x1904,
  0x2944, 0x10A2, 0x2103, 0x4A07, 0x3185, 0xACF0, 0xDE34, 0xCDD3, 0xD5F4, 0xD614, 0xD614, 0xD614,
  0xD614, 0xD614, 0xD614, 0xD614, 0xD614, 0xD614, 0xD614, 0xD614, 0xD614, 0xD614, 0xD614, 0xD614,
  0xDE34, 0xD614, 0xD614, 0xD614, 0xD614, 0xD614, 0xD614, 0xD614, 0xD614, 0xD614, 0xD614, 0xD614,
  0xD614, 0xD614, 0xD614, 0xD614, 0xD614, 0xD614, 0xD614, 0xD614, 0xD614, 0xD614, 0xD614, 0xD614,
  0xD614, 0xD5F4, 0xD5F4, 0xDE34, 0xDE55, 0xD614, 0xC592, 0xACD0, 0x8BCC, 0x7B4A, 0x7B2A, 0x8B8B,
  0x9C0D, 0x5A47, 0x5A67, 0xACCF, 0xD5F4, 0xCDD3, 0xDE34, 0x940D, 0xC3E9, 0x5942, 0x28C2, 0x4963,
  0x3923, 0x10C3, 0x5163, 0xCC0A, 0x7225, 0x6962, 0x0820, 0x0000, 0x0020, 0x0020, 0x0020, 0x0020,
  0x0020, 0x0020, 0x0020, 0x0020, 0x0020, 0x0020, 0x0020, 0x0020, 0x0020, 0x0020, 0x0020, 0x0020,
  0x0020, 0x0020, 0x0020, 0x0020, 0x0020, 0x0020, 0x0020, 0x0020, 0x0020, 0x0020, 0x0020, 0x0020,
  0x0020, 0x0020, 0x0020, 0x0020, 0x0020, 0x0020, 0x0020, 0x0020, 0x0020, 0x0020, 0x0020, 0x0020,
  0x0020, 0x0020, 0x0020, 0x0020, 0x0020, 0x0020, 0x0020, 0x0020, 0x0020, 0x0020, 0x0020, 0x0020,
  0x0020, 0x0020, 0x0020, 0x0020, 0x0020, 0x0020, 0x0020, 0x0020, 0x0020, 0x0020, 0x0020, 0x0020,
  0x0020, 0x0020, 0x0020, 0x0020, 0x0020, 0x0020, 0x0020, 0x0020, 0x0000, 0x0020, 0x0000, 0x4184,
  0xDC4B, 0x38A0, 0x10A2, 0x2965, 0x18C3, 0x18C3, 0x41E6, 0x3985, 0x8BED, 0xE655, 0xD5F4, 0xD614,
  0xD634, 0xD614, 0xD614, 0xD614, 0xD614, 0xD614, 0xD614, 0xD614, 0xD614, 0xD614, 0xD614, 0xD5F4,
  0xD614, 0xD614, 0xD614, 0xD614, 0xD614, 0xD614, 0xD614, 0xD614, 0xD614, 0xD614, 0xDE34, 0xDE35,
  0xD614, 0xD614, 0xDE14, 0xD614, 0xD614, 0xD5F4, 0xD614, 0xD634, 0xD614, 0xD5F4, 0xD5F4, 0xD634,
  0xD614, 0xD614, 0xD614, 0xD614, 0xD614, 0xD5F4, 0xD614, 0xD5F4, 0xD5F4, 0xD5F4, 0xDE14, 0xDE34,
  0xDE55, 0xD5F4, 0xB531, 0x942D, 0x7309, 0x62C9, 0xBD51, 0xD614, 0xD5F3, 0xDE55, 0xA48F, 0xB40B,
  0x9265, 0x30A1, 0x18C3, 0x4983, 0x3102, 0x20C2, 0xBB47, 0x8AE7, 0x71A3, 0x2081, 0x0000, 0x0020,
  0x0000, 0x0020, 0x0020, 0x0020, 0x0020, 0x0020, 0x0020, 0x0020, 0x0020, 0x0020, 0x0020, 0x0020,
  0x0020, 0x0020, 0x0020, 0x0020, 0x0020, 0x0020, 0x0020, 0x0020, 0x0020, 0x0020, 0x0020, 0x0020,
  0x0020, 0x0020, 0x0020, 0x0020, 0x0020, 0x0020, 0x0020, 0x0020, 0x0020, 0x0020, 0x0020, 0x0020,
  0x0020, 0x0020, 0x0020, 0x0020, 0x0020, 0x0020, 0x0020, 0x0020, 0x0020, 0x0020, 0x0020, 0x0020,
  0x0020, 0x0020, 0x0020, 0x0020, 0x0020, 0x0020, 0x0020, 0x0020, 0x0020, 0x0020, 0x0020, 0x0020,
  0x0020, 0x0020, 0x0020, 0x0020, 0x0020, 0x0020, 0x0020, 0x0020, 0x0020, 0x0020, 0x0020, 0x0020,
  0x0020, 0x0000, 0x1081, 0xCC2B, 0x69A3, 0x0841, 0x2965, 0x18E3, 0x10A2, 0x39C6, 0x41C5, 0x62E9,
  0xDE34, 0xD5F3, 0xD5F4, 0xD614, 0xDE34, 0xD614, 0xD5F4, 0xD5F4, 0xDE34, 0xD634, 0xDE34, 0xDE34,
  0xD614, 0xD614, 0xD614, 0xD614, 0xD5F4, 0xD614, 0xD634, 0xD614, 0xD614, 0xD614, 0xD614, 0xD614,
  0xD614, 0xD634, 0xDE34, 0xD614, 0xD614, 0xD614, 0xD614, 0xD614, 0xD614, 0xD614, 0xD614, 0xD614,
  0xD614, 0xD634, 0xD614, 0xD614, 0xD614, 0xD614, 0xD614, 0xD614, 0xD614, 0xD5F4, 0xD614, 0xD614,
  0xD614, 0xD5F4, 0xD5F3, 0xD5F4, 0xD5F3, 0xD5F4, 0xDE34, 0xDE34, 0xD5F3, 0xD5F4, 0xDE35, 0xD614,
  0xDE14, 0xC592, 0x9BCB, 0xB348, 0x38C1, 0x3103, 0x2945, 0x3943, 0x1061, 0x8A45, 0xAB89, 0x69C3,
  0x4902, 0x0000, 0x0020, 0x0020, 0x0020, 0x0020, 0x0020, 0x0020, 0x0020, 0x0020, 0x0020, 0x0020,
  0x0020, 0x0020, 0x0020, 0x0020, 0x0020, 0x0020, 0x0020, 0x0020, 0x0020, 0x0020, 0x0020, 0x0020,
  0x0020, 0x0020, 0x0020, 0x0020, 0x0020, 0x0020, 0x0020, 0x0020, 0x0020, 0x0020, 0x0020, 0x0020,
  0x0020, 0x0020, 0x0020, 0x0020, 0x0020, 0x0020, 0x0020, 0x0020, 0x0020, 0x0020, 0x0020, 0x0020,
  0x0020, 0x0020, 0x0020, 0x0020, 0x0020, 0x0020, 0x0020, 0x0020, 0x0020, 0x0020, 0x0020, 0x0020,
  0x0020, 0x0020, 0x0020, 0x0020, 0x0020, 0x0020, 0x0020, 0x0020, 0x0020, 0x0020, 0x0020, 0x0020,
  0x0020, 0x0020, 0x0020, 0x0020, 0x0020, 0x0020, 0xABAA, 0x9A86, 0x0820, 0x2945, 0x2124, 0x10A2,
  0x3144, 0x4A06, 0x4A27, 0xCDB2, 0xDE14, 0xD614, 0xD614, 0xD5F4, 0xD614, 0xD614, 0xD614, 0xD614,
  0xD614, 0xDE34, 0xDE35, 0xD614, 0xD614, 0xD5F3, 0xD5F4, 0xD614, 0xD614, 0xD614, 0xD614, 0xD5F4,
  0xD614, 0xD614, 0xD614, 0xDE34, 0xD614, 0xD614, 0xD614, 0xD614, 0xDE35, 0xD614, 0xD614, 0xD614,
  0xD614, 0xDE34, 0xDE14, 0xD614, 0xD614, 0xD634, 0xD614, 0xD5F4, 0xD614, 0xD614, 0xD614, 0xD5F4,
  0xD614, 0xD614, 0xD5F4, 0xD614, 0xD614, 0xD614, 0xD5F4, 0xD614, 0xCDD3, 0xD5F3, 0xD5F4, 0xD614,
  0xDE34, 0xD5F4, 0xD5F4, 0xD5D3, 0xDE55, 0x93EC, 0xC3EA, 0x5942, 0x28C1, 0x2124, 0x3165, 0x2103,
  0x30C1, 0x92C6, 0x8266, 0x6162, 0x0020, 0x0000, 0x0020, 0x0020, 0x0020, 0x0020, 0x0020, 0x0020,
  0x0020, 0x0020, 0x0020, 0x0020, 0x0020, 0x0020, 0x0020, 0x0020, 0x0020, 0x0020, 0x0020, 0x0020,
  0x0020, 0x0020, 0x0020, 0x0020, 0x0020, 0x0020, 0x0020, 0x0020, 0x0020, 0x0020, 0x0020, 0x0020,
  0x0020, 0x0020, 0x0020, 0x0020, 0x0020, 0x0020, 0x0020, 0x0020, 0x0020, 0x0020, 0x0020, 0x0020,
  0x0020, 0x0020, 0x0020, 0x0020, 0x0020, 0x0020, 0x0020, 0x0020, 0x0020, 0x0020, 0x0020, 0x0020,
  0x0020, 0x0020, 0x0020, 0x0020, 0x0020, 0x0020, 0x0020, 0x0020, 0x0020, 0x0020, 0x0020, 0x0020,
  0x0020, 0x0020, 0x0020, 0x0020, 0x0020, 0x0020, 0x0020, 0x0020, 0x0000, 0x59E5, 0xBB68, 0x2040,
  0x18E4, 0x2924, 0x10C3, 0x2104, 0x4A07, 0x3985, 0xB511, 0xDE55, 0xD614, 0xDE35, 0xD5F4, 0xD5D3,
  0xD5F4, 0xD614, 0xD614, 0xD614, 0xD614, 0xD614, 0xD614, 0xDE34, 0xD614, 0xD614, 0xD614, 0xD614,
  0xD614, 0xD634, 0xD614, 0xD614, 0xD614, 0xD614, 0xDE34, 0xD614, 0xD614, 0xD614, 0xD614, 0xD614,
  0xD614, 0xD614, 0xD614, 0xD614, 0xD614, 0xD614, 0xD614, 0xDE34, 0xD614, 0xD5F4, 0xD614, 0xD614,
  0xD614, 0xD614, 0xD614, 0xD614, 0xD614, 0xD614, 0xD5F4, 0xD5F4, 0xD614, 0xD634, 0xD614, 0xD614,
  0xD5F4, 0xD614, 0xD614, 0xD614, 0xD614, 0xD5F4, 0xD5D3, 0xDE34, 0xA4AF, 0xBBEA, 0x8225, 0x2881,
  0x2924, 0x3186, 0x2104, 0x20A2, 0x9AC6, 0x7A66, 0x79C3, 0x2081, 0x0000, 0x0020, 0x0020, 0x0020,
  0x0020, 0x0020, 0x0020, 0x0020, 0x0020, 0x0020, 0x0020, 0x0020, 0x0020, 0x0020, 0x0020, 0x0020,
  0x0020, 0x0020, 0x0020, 0x0020, 0x0020, 0x0020, 0x0020, 0x0020, 0x0020, 0x0020, 0x0020, 0x0020,
  0x0020, 0x0020, 0x0020, 0x0020, 0x0020, 0x0020, 0x0020, 0x0020, 0x0020, 0x0020, 0x0020, 0x0020,
  0x0020, 0x0020, 0x0020, 0x0020, 0x0020, 0x0020, 0x0020, 0x0020, 0x0020, 0x0020, 0x0020, 0x0020,
  0x0020, 0x0020, 0x0020, 0x0020, 0x0020, 0x0020, 0x0020, 0x0020, 0x0020, 0x0020, 0x0020, 0x0020,
  0x0020, 0x0020, 0x0020, 0x0020, 0x0020, 0x0020, 0x0020, 0x0000, 0x0020, 0x0020, 0x0020, 0x0000,
  0x9328, 0xBBA9, 0x2060, 0x10A3, 0x2965, 0x18C3, 0x10A2, 0x41C5, 0x3985, 0x83ED, 0xE675, 0xD5F4,
  0xD5F4, 0xD614, 0xD5F4, 0xD5F4, 0xD5F4, 0xD614, 0xDE34, 0xD614, 0xD634, 0xD614, 0xD634, 0xD614,
  0xD614, 0xD614, 0xD614, 0xD614, 0xD614, 0xD614, 0xD614, 0xD614, 0xD614, 0xD614, 0xD614, 0xD614,
  0xD614, 0xD614, 0xD614, 0xD614, 0xD614, 0xD614, 0xD614, 0xD614, 0xD614, 0xD614, 0xD614, 0xD614,
  0xD614, 0xD614, 0xD5F4, 0xD614, 0xD614, 0xD614, 0xD614, 0xD614, 0xD5F4, 0xD5F4, 0xD614, 0xD614,
  0xD614, 0xDE34, 0xDE35, 0xD614, 0xD634, 0xD634, 0xD634, 0xD614, 0xD5F3, 0xD614, 0xDE34, 0xC5B3,
  0x9BAB, 0xAB27, 0x30A1, 0x20E2, 0x2965, 0x2965, 0x1082, 0x8A65, 0xB3A9, 0x71E3, 0x4101, 0x0000,
  0x0020, 0x0020, 0x0020, 0x0020, 0x0020, 0x0020, 0x0020, 0x0020, 0x0020, 0x0020, 0x0020, 0x0020,
  0x0020, 0x0020, 0x0020, 0x0020, 0x0020, 0x0020, 0x0020, 0x0020, 0x0020, 0x0020, 0x0020, 0x0020,
  0x0020, 0x0020, 0x0020, 0x0020, 0x0020, 0x0020, 0x0020, 0x0020, 0x0020, 0x0020, 0x0020, 0x0020,
  0x0020, 0x0020, 0x0020, 0x0020, 0x0020, 0x0020, 0x0020, 0x0020, 0x0020, 0x0020, 0x0020, 0x0020,
  0x0020, 0x0020, 0x0020, 0x0020, 0x0020, 0x0020, 0x0020, 0x0020, 0x0020, 0x0020, 0x0020, 0x0020,
  0x0020, 0x0020, 0x0020, 0x0020, 0x0020, 0x0020, 0x0020, 0x0020, 0x0020, 0x0000, 0x0020, 0x0020,
  0x0020, 0x0020, 0x0000, 0x28C1, 0xB3CA, 0x8A44, 0x20A1, 0x2125, 0x2103, 0x10A3, 0x3964, 0x5163,
  0x5AC9, 0xDE35, 0xD5F3, 0xD614, 0xD614, 0xD614, 0xD614, 0xD614, 0xD614, 0xD614, 0xD614, 0xD614,
  0xD634, 0xD634, 0xD614, 0xD614, 0xD634, 0xD614, 0xD614, 0xD614, 0xD634, 0xD614, 0xD614, 0xDE35,
  0xD614, 0xD614, 0xD614, 0xD614, 0xD614, 0xD614, 0xDE35, 0xD614, 0xD634, 0xD614, 0xD614, 0xD614,
  0xD614, 0xD614, 0xD614, 0xD614, 0xD614, 0xD614, 0xD614, 0xD614, 0xD614, 0xD614, 0xD614, 0xD614,
  0xD634, 0xD614, 0xD614, 0xD5F4, 0xD614, 0xDE34, 0xD634, 0xD614, 0xD614, 0xDE35, 0xDE35, 0xD614,
  0xD614, 0xD614, 0xDE35, 0x93EC, 0xC3E9, 0x5122, 0x28A2, 0x2945, 0x3185, 0x10C3, 0x61A3, 0xC3E9,
  0x7205, 0x6162, 0x0000, 0x0000, 0x0020, 0x0020, 0x0020, 0x0020, 0x0020, 0x0020, 0x0020, 0x0020,
  0x0020, 0x0020, 0x0020, 0x0020, 0x0020, 0x0020, 0x0020, 0x0020, 0x0020, 0x0020, 0x0020, 0x0020,
  0x0020, 0x0020, 0x0020, 0x0000, 0x0000, 0x0020, 0x0020, 0x0020, 0x0020, 0x0020, 0x0020, 0x0020,
  0x0020, 0x0020, 0x0020, 0x0020, 0x0020, 0x0020, 0x0020, 0x0020, 0x0020, 0x0020, 0x0020, 0x0020,
  0x0020, 0x0020, 0x0020, 0x0020, 0x0020, 0x0020, 0x0020, 0x0020, 0x0020, 0x0020, 0x0020, 0x0020,
  0x0020, 0x0020, 0x0020, 0x0020, 0x0020, 0x0020, 0x0020, 0x0020, 0x0020, 0x0020, 0x0020, 0x0020,
  0x0020, 0x0020, 0x0020, 0x0020, 0x0020, 0x0020, 0x0000, 0xABAA, 0x7A04, 0x30A0, 0x2924, 0x2104,
  0x10A2, 0x2965, 0x41E6, 0x41E6, 0xCDB3, 0xD614, 0xD614, 0xD634, 0xD614, 0xD5F4, 0xD614, 0xD614,
  0xD614, 0xD614, 0xD614, 0xD634, 0xDE35, 0xDE34, 0xDE35, 0xD614, 0xD614, 0xDE34, 0xD614, 0xD614,
  0xDE34, 0xDE34, 0xD614, 0xD614, 0xD614, 0xD614, 0xD614, 0xD614, 0xD614, 0xD614, 0xD614, 0xD614,
  0xD634, 0xD614, 0xD614, 0xD614, 0xD614, 0xD614, 0xD614, 0xD614, 0xD614, 0xD614, 0xDE34, 0xD614,
  0xD614, 0xD614, 0xD614, 0xD614, 0xD634, 0xD614, 0xD614, 0xD614, 0xD614, 0xD614, 0xDE35, 0xDE34,
  0xD614, 0xD614, 0xD614, 0xD614, 0xD5F4, 0xE696, 0xA4D0, 0xB3EA, 0x8224, 0x28A1, 0x2904, 0x3185,
  0x2124, 0x28E2, 0xC3A8, 0x82C7, 0x69A3, 0x1861, 0x0000, 0x0020, 0x0020, 0x0020, 0x0020, 0x0020,
  0x0020, 0x0020, 0x0020, 0x0020, 0x0020, 0x0020, 0x0020, 0x0020, 0x0020, 0x0020, 0x0020, 0x0020,
  0x0020, 0x0020, 0x0020, 0x0020, 0x0020, 0x0020, 0x0020, 0x0020, 0x0020, 0x0020, 0x0020, 0x0020,
  0x0020, 0x0020, 0x0020, 0x0020, 0x0020, 0x0020, 0x0020, 0x0020, 0x0020, 0x0020, 0x0020, 0x0020,
  0x0020, 0x0020, 0x0020, 0x0020, 0x0020, 0x0020, 0x0020, 0x0020, 0x0020, 0x0020, 0x0020, 0x0020,
  0x0020, 0x0020, 0x0020, 0x0020, 0x0020, 0x0020, 0x0020, 0x0020, 0x0020, 0x0020, 0x0020, 0x0020,
  0x0020, 0x0020, 0x0020, 0x0020, 0x0020, 0x0000, 0x0020, 0x0020, 0x0021, 0x0000, 0x82C7, 0xBB89,
  0x2860, 0x28C1, 0x18E3, 0x10C3, 0x2103, 0x4A07, 0x3985, 0xAD10, 0xDE34, 0xCDF4, 0xD5F4, 0xD614,
  0xD614, 0xD614, 0xD614, 0xD614, 0xD614, 0xD614, 0xD634, 0xD634, 0xDE35, 0xDE34, 0xDE35, 0xD614,
  0xD614, 0xD614, 0xD614, 0xD614, 0xDE14, 0xDE34, 0xD614, 0xD614, 0xD614, 0xD614, 0xD614, 0xD614,
  0xD614, 0xD614, 0xD614, 0xD614, 0xD614, 0xD614, 0xD614, 0xD614, 0xD614, 0xD614, 0xD614, 0xD614,
  0xD614, 0xD614, 0xD614, 0xD614, 0xD614, 0xD614, 0xD614, 0xD614, 0xD614, 0xD614, 0xD614, 0xD614,
  0xD614, 0xD614, 0xD614, 0xD614, 0xD614, 0xD614, 0xD614, 0xD5F4, 0xDE34, 0xA4AF, 0x7AE8, 0x9AE7,
  0x38C1, 0x20C2, 0x2965, 0x3185, 0x10A2, 0xA2C6, 0xAB69, 0x71C3, 0x38E2, 0x0000, 0x0020, 0x0020,
  0x0020, 0x0020, 0x0020, 0x0020, 0x0020, 0x0020, 0x0020, 0x0020, 0x0020, 0x0020, 0x0020, 0x0020,
  0x0020, 0x0020, 0x0020, 0x0020, 0x0020, 0x0020, 0x0020, 0x0020, 0x0020, 0x0020, 0x0020, 0x0020,
  0x0000, 0x0020, 0x0020, 0x0020, 0x0020, 0x0020, 0x0020, 0x0020, 0x0020, 0x0020, 0x0020, 0x0020,
  0x0020, 0x0020, 0x0020, 0x0020, 0x0020, 0x0020, 0x0020, 0x0020, 0x0020, 0x0020, 0x0020, 0x0020,
  0x0020, 0x0020, 0x0020, 0x0020, 0x0020, 0x0020, 0x0020, 0x0020, 0x0020, 0x0020, 0x0020, 0x0020,
  0x0020, 0x0020, 0x0020, 0x0020, 0x0020, 0x0020, 0x0020, 0x0020, 0x0020, 0x0020, 0x0000, 0x0020,
  0x0000, 0x49A4, 0xDC4B, 0x2860, 0x18A1, 0x5183, 0x10A3, 0x18C3, 0x4A06, 0x3985, 0x8BED, 0xDE55,
  0xD5D3, 0xD614, 0xD614, 0xD614, 0xD614, 0xD614, 0xD614, 0xD614, 0xD614, 0xDE34, 0xDE34, 0xD614,
  0xD614, 0xD634, 0xDE35, 0xDE34, 0xD634, 0xD614, 0xD614, 0xD614, 0xD614, 0xD634, 0xD614, 0xD614,
  0xD614, 0xD614, 0xD614, 0xD614, 0xD614, 0xD614, 0xDE34, 0xD614, 0xD614, 0xD5F4, 0xD614, 0xD614,
  0xD614, 0xD614, 0xD614, 0xD614, 0xD614, 0xD614, 0xD614, 0xD614, 0xD614, 0xD614, 0xD614, 0xD614,
  0xD614, 0xD5F4, 0xD5F4, 0xD614, 0xD614, 0xD614, 0xD614, 0xD614, 0xD614, 0xD614, 0xD614, 0xD614,
  0xB531, 0x9328, 0xCBEA, 0x40E1, 0x28A1, 0x2124, 0x3185, 0x10C3, 0x61C4, 0xC3EA, 0x69E4, 0x5942,
  0x0000, 0x0020, 0x0020, 0x0020, 0x0020, 0x0020, 0x0020, 0x0020, 0x0020, 0x0020, 0x0020, 0x0020,
  0x0020, 0x0020, 0x0020, 0x0020, 0x0020, 0x0020, 0x0020, 0x0020, 0x0020, 0x0020, 0x0020, 0x0020,
  0x0020, 0x0020, 0x0020, 0x0020, 0x0020, 0x0020, 0x0020, 0x0020, 0x0020, 0x0020, 0x0020, 0x0020,
  0x0020, 0x0020, 0x0020, 0x0020, 0x0020, 0x0020, 0x0020, 0x0020, 0x0020, 0x0020, 0x0020, 0x0020,
  0x0020, 0x0020, 0x0020, 0x0020, 0x0020, 0x0020, 0x0020, 0x0020, 0x0020, 0x0020, 0x0020, 0x0020,
  0x0020, 0x0020, 0x0020, 0x0020, 0x0020, 0x0020, 0x0020, 0x0020, 0x0020, 0x0020, 0x0020, 0x0020,
  0x0020, 0x0000, 0x0020, 0x0000, 0x18A1, 0xD44B, 0x6162, 0x0862, 0x4184, 0x5983, 0x0882, 0x3985,
  0x39A5, 0x62C9, 0xDE14, 0xD5F4, 0xD5F4, 0xD5F3, 0xD614, 0xD614, 0xD5F4, 0xD614, 0xD614, 0xD614,
  0xD614, 0xD614, 0xD634, 0xD635, 0xD635, 0xD614, 0xD634, 0xD614, 0xD634, 0xD634, 0xD614, 0xD614,
  0xD634, 0xD614, 0xD614, 0xD614, 0xD614, 0xD614, 0xD614, 0xD614, 0xD614, 0xD614, 0xD614, 0xD614,
  0xD614, 0xD614, 0xD614, 0xDE14, 0xDE34, 0xDE34, 0xD614, 0xD614, 0xD614, 0xD614, 0xD614, 0xD614,
  0xD614, 0xD614, 0xD614, 0xD614, 0xD614, 0xD614, 0xD614, 0xD614, 0xD614, 0xD614, 0xD634, 0xD635,
  0xDE34, 0xD634, 0xD5F4, 0xDE55, 0x7B2A, 0x8AC7, 0x8A45, 0x38C1, 0x2103, 0x3186, 0x2124, 0x3102,
  0xC3A9, 0x7A86, 0x6982, 0x1061, 0x0000, 0x0020, 0x0000, 0x0020, 0x0020, 0x0020, 0x0020, 0x0020,
  0x0020, 0x0020, 0x0020, 0x0020, 0x0020, 0x0020, 0x0020, 0x0020, 0x0020, 0x0020, 0x0020, 0x0020,
  0x0020, 0x0020, 0x0020, 0x0020, 0x0020, 0x0020, 0x0020, 0x0020, 0x0020, 0x0020, 0x0020, 0x0020,
  0x0020, 0x0020, 0x0020, 0x0020, 0x0020, 0x0020, 0x0020, 0x0020, 0x0020, 0x0020, 0x0020, 0x0020,
  0x0020, 0x0020, 0x0020, 0x0020, 0x0020, 0x0020, 0x0020, 0x0020, 0x0020, 0x0020, 0x0020, 0x0020,
  0x0020, 0x0020, 0x0020, 0x0020, 0x0020, 0x0020, 0x0020, 0x0020, 0x0020, 0x0020, 0x0020, 0x0020,
  0x0020, 0x0020, 0x0020, 0x0020, 0x0000, 0x0020, 0x0020, 0x0000, 0xB3CA, 0x9285, 0x0840, 0x2145,
  0x3123, 0x3902, 0x28E2, 0x41E6, 0x4206, 0xCDB3, 0xD614, 0xD5F4, 0xD614, 0xD5F3, 0xD614, 0xD614,
  0xD614, 0xD614, 0xD614, 0xD614, 0xD614, 0xD614, 0xD614, 0xDE34, 0xD614, 0xD614, 0xD634, 0xD614,
  0xD614, 0xD614, 0xD614, 0xD614, 0xDE35, 0xDE34, 0xDE34, 0xD614, 0xD614, 0xD614, 0xD614, 0xD614,
  0xD614, 0xD614, 0xD614, 0xD614, 0xD614, 0xD614, 0xD614, 0xDE14, 0xDE34, 0xDE34, 0xD634, 0xD614,
  0xD634, 0xD614, 0xD614, 0xD614, 0xD614, 0xD614, 0xD614, 0xD614, 0xD614, 0xDE34, 0xD634, 0xDE35,
  0xD614, 0xD635, 0xD614, 0xD634, 0xD614, 0xD614, 0xDE55, 0xBD72, 0xA3CA, 0x9AA6, 0x30A0, 0x20A1,
  0x2965, 0x2945, 0x1082, 0xAB07, 0xA369, 0x71C3, 0x38E1, 0x0000, 0x0020, 0x0020, 0x0000, 0x0020,
  0x0020, 0x0020, 0x0020, 0x0020, 0x0020, 0x0020, 0x0020, 0x0020, 0x0020, 0x0020, 0x0020, 0x0020,
  0x0020, 0x0020, 0x0020, 0x0020, 0x0020, 0x0020, 0x0020, 0x0020, 0x0020, 0x0020, 0x0020, 0x0020,
  0x0000, 0x0020, 0x0020, 0x0020, 0x0020, 0x0020, 0x0020, 0x0020, 0x0020, 0x0020, 0x0020, 0x0020,
  0x0020, 0x0020, 0x0020, 0x0020, 0x0020, 0x0020, 0x0020, 0x0020, 0x0020, 0x0020, 0x0020, 0x0020,
  0x0020, 0x0020, 0x0020, 0x0020, 0x0020, 0x0020, 0x0020, 0x0020, 0x0020, 0x0020, 0x0020, 0x0020,
  0x0020, 0x0020, 0x0020, 0x0020, 0x0020, 0x0020, 0x0020, 0x0020, 0x0000, 0x0021, 0x0000, 0x82C7,
  0xBB68, 0x1020, 0x2145, 0x2145, 0x20C2, 0x2903, 0x59A3, 0x3143, 0xACD0, 0xDE14, 0xD614, 0xD614,
  0xD614, 0xD5F4, 0xD614, 0xD614, 0xD614, 0xD614, 0xD614, 0xD614, 0xD634, 0xDE34, 0xD614, 0xD614,
  0xD614, 0xD614, 0xD614, 0xDE34, 0xD634, 0xD614, 0xD614, 0xD614, 0xD634, 0xD614, 0xD614, 0xD614,
  0xD614, 0xD614, 0xD614, 0xDE34, 0xDE35, 0xD614, 0xD614, 0xD614, 0xD614, 0xD614, 0xDE34, 0xDE34,
  0xDE35, 0xD634, 0xDE35, 0xD634, 0xD634, 0xD634, 0xD614, 0xD614, 0xD614, 0xD614, 0xD614, 0xD614,
  0xD614, 0xD614, 0xD614, 0xDE34, 0xD5F3, 0xD5F4, 0xD614, 0xD614, 0xD614, 0xDE34, 0xD614, 0x93CB,
  0xC3C9, 0x38C1, 0x28A1, 0x2103, 0x3185, 0x10A3, 0x7204, 0xC3EA, 0x71E4, 0x5942, 0x0000, 0x0020,
  0x0000, 0x0020, 0x0020, 0x0020, 0x0020, 0x0020, 0x0020, 0x0020, 0x0020, 0x0000, 0x0020, 0x0020,
  0x0020, 0x0020, 0x0020, 0x0020, 0x0020, 0x0020, 0x0020, 0x0020, 0x0020, 0x0020, 0x0020, 0x0020,
  0x0020, 0x0020, 0x0020, 0x0020, 0x0000, 0x0020, 0x0020, 0x0020, 0x0020, 0x0020, 0x0020, 0x0020,
  0x0020, 0x0020, 0x0020, 0x0020, 0x0020, 0x0020, 0x0020, 0x0020, 0x0020, 0x0020, 0x0020, 0x0020,
  0x0020, 0x0020, 0x0020, 0x0020, 0x0020, 0x0020, 0x0020, 0x0020, 0x0020, 0x0020, 0x0020, 0x0020,
  0x0020, 0x0020, 0x0020, 0x0020, 0x0020, 0x0020, 0x0020, 0x0020, 0x0020, 0x0020, 0x0020, 0x0020,
  0x0020, 0x0000, 0x49A4, 0xD40A, 0x3080, 0x10C3, 0x2965, 0x18C3, 0x10A2, 0x39C6, 0x3165, 0x83CD,
  0xE675, 0xD5F4, 0xD614, 0xD614, 0xD614, 0xD614, 0xD614, 0xD614, 0xD614, 0xD614, 0xD614, 0xD614,
  0xD614, 0xD614, 0xDE34, 0xD634, 0xDE34, 0xD614, 0xD614, 0xD614, 0xD614, 0xD614, 0xD614, 0xD634,
  0xD614, 0xD614, 0xD614, 0xD5F4, 0xD614, 0xD614, 0xD614, 0xD614, 0xD614, 0xD614, 0xD614, 0xD614,
  0xD614, 0xDE14, 0xDE34, 0xDE35, 0xD614, 0xD614, 0xDE35, 0xD614, 0xD614, 0xD634, 0xD614, 0xD614,
  0xD614, 0xD614, 0xD614, 0xD614, 0xD614, 0xD5F4, 0xD614, 0xD614, 0xD614, 0xD614, 0xD614, 0xD614,
  0xD614, 0xDE75, 0x9C4E, 0xBBEA, 0x7A04, 0x2081, 0x4922, 0x3144, 0x1904, 0x3922, 0xCBC9, 0x7A66,
  0x6982, 0x1040, 0x0000, 0x0020, 0x0020, 0x0020, 0x0020, 0x0020, 0x0020, 0x0020, 0x0020, 0x0020,
  0x0020, 0x0020, 0x0020, 0x0020, 0x0020, 0x0020, 0x0020, 0x0020, 0x0020, 0x0020, 0x0020, 0x0020,
  0x0020, 0x0020, 0x0020, 0x0020, 0x0020, 0x0020, 0x0020, 0x0020, 0x0020, 0x0020, 0x0020, 0x0020,
  0x0020, 0x0020, 0x0020, 0x0020, 0x0020, 0x0020, 0x0020, 0x0020, 0x0020, 0x0020, 0x0020, 0x0020,
  0x0020, 0x0020, 0x0020, 0x0020, 0x0020, 0x0020, 0x0020, 0x0020, 0x0020, 0x0020, 0x0020, 0x0020,
  0x0020, 0x0020, 0x0020, 0x0020, 0x0020, 0x0020, 0x0020, 0x0020, 0x0020, 0x0020, 0x0020, 0x0020,
  0x0020, 0x0020, 0x0000, 0x0020, 0x0000, 0x20C2, 0xD44B, 0x5962, 0x0861, 0x2965, 0x18E3, 0x10A3,
  0x39C6, 0x39A5, 0x62C9, 0xDE55, 0xD5F4, 0xD614, 0xD614, 0xD614, 0xD614, 0xD614, 0xD5F4, 0xD614,
  0xD614, 0xD614, 0xD614, 0xD614, 0xD614, 0xD614, 0xD614, 0xD614, 0xD614, 0xD614, 0xD614, 0xD614,
  0xDE34, 0xD614, 0xD614, 0xD634, 0xD614, 0xD634, 0xD614, 0xD614, 0xDE34, 0xDE34, 0xD614, 0xD614,
  0xD614, 0xD614, 0xD614, 0xD614, 0xD614, 0xD614, 0xD614, 0xD634, 0xD614, 0xD614, 0xD614, 0xD614,
  0xD614, 0xD614, 0xD614, 0xD614, 0xD614, 0xD614, 0xD614, 0xD634, 0xD614, 0xD614, 0xD614, 0xD614,
  0xD614, 0xD614, 0xDE34, 0xD5F4, 0xDE55, 0xB531, 0xA3AA, 0x9AC6, 0x30A1, 0x30E2, 0x5162, 0x20E3,
  0x18A2, 0xB327, 0x9B28, 0x71A3, 0x30C1, 0x0000, 0x0020, 0x0000, 0x0020, 0x0020, 0x0020, 0x0020,
  0x0020, 0x0020, 0x0020, 0x0020, 0x0020, 0x0020, 0x0020, 0x0020, 0x0020, 0x0020, 0x0020, 0x0020,
  0x0020, 0x0020, 0x0020, 0x0020, 0x0020, 0x0020, 0x0020, 0x0020, 0x0020, 0x0020, 0x0020, 0x0020,
  0x0020, 0x0020, 0x0020, 0x0020, 0x0020, 0x0020, 0x0020, 0x0020, 0x0020, 0x0020, 0x0020, 0x0020,
  0x0020, 0x0020, 0x0020, 0x0020, 0x0020, 0x0020, 0x0020, 0x0020, 0x0020, 0x0020, 0x0020, 0x0020,
  0x0020, 0x0020, 0x0020, 0x0020, 0x0020, 0x0020, 0x0020, 0x0020, 0x0020, 0x0020, 0x0020, 0x0020,
  0x0020, 0x0020, 0x0020, 0x0020, 0x0000, 0x0020, 0x0020, 0x0020, 0x0000, 0xBBEA, 0x8A45, 0x0020,
  0x2965, 0x2104, 0x10A2, 0x3165, 0x4A07, 0x4206, 0xC5B3, 0xD614, 0xD614, 0xD614, 0xD614, 0xD614,
  0xD614, 0xD614, 0xD614, 0xD614, 0xD614, 0xD614, 0xD634, 0xD614, 0xD614, 0xD614, 0xD614, 0xDE34,
  0xD614, 0xD614, 0xD614, 0xD614, 0xDE35, 0xD634, 0xD614, 0xD614, 0xD614, 0xDE35, 0xD614, 0xD614,
  0xD614, 0xD614, 0xD614, 0xD614, 0xD614, 0xD614, 0xD614, 0xD5F4, 0xD614, 0xD614, 0xD614, 0xD614,
  0xD614, 0xD614, 0xD614, 0xD614, 0xD614, 0xD614, 0xDE35, 0xD614, 0xD614, 0xD614, 0xD5F4, 0xD614,
  0xD614, 0xD614, 0xD614, 0xD5F4, 0xD614, 0xDE34, 0xD614, 0xD614, 0xCDD3, 0x938A, 0xBB68, 0x4901,
  0x30E2, 0x3144, 0x6183, 0x0841, 0x7204, 0xBBCA, 0x69E4, 0x5122, 0x0000, 0x0020, 0x0020, 0x0020,
  0x0020, 0x0020, 0x0020, 0x0020, 0x0020, 0x0020, 0x0020, 0x0020, 0x0020, 0x0020, 0x0020, 0x0020,
  0x0020, 0x0020, 0x0020, 0x0020, 0x0020, 0x0020, 0x0020, 0x0020, 0x0020, 0x0020, 0x0020, 0x0020,
  0x0020, 0x0020, 0x0020, 0x0020, 0x0020, 0x0020, 0x0020, 0x0020, 0x0020, 0x0020, 0x0020, 0x0020,
  0x0020, 0x0020, 0x0020, 0x0020, 0x0020, 0x0020, 0x0020, 0x0020, 0x0020, 0x0020, 0x0020, 0x0020,
  0x0020, 0x0020, 0x0020, 0x0020, 0x0020, 0x0020, 0x0020, 0x0020, 0x0020, 0x0020, 0x0020, 0x0020,
  0x0020, 0x0020, 0x0020, 0x0020, 0x0020, 0x0020, 0x0020, 0x0020, 0x0020, 0x0020, 0x0020, 0x0000,
  0x8AE8, 0xBB68, 0x1020, 0x2124, 0x2924, 0x10A2, 0x2103, 0x4A07, 0x39A5, 0xACD0, 0xDE54, 0xD5F4,
  0xD614, 0xD614, 0xD614, 0xD5F4, 0xD614, 0xD614, 0xD614, 0xD614, 0xD614, 0xD614, 0xDE34, 0xD614,
  0xD614, 0xD614, 0xDE34, 0xDE14, 0xD614, 0xD614, 0xD614, 0xD614, 0xD635, 0xD614, 0xD614, 0xD634,
  0xD614, 0xD634, 0xD614, 0xD5F4, 0xD614, 0xD614, 0xD614, 0xD614, 0xD614, 0xD614, 0xD614, 0xD5F4,
  0xD614, 0xD614, 0xD614, 0xD5F4, 0xD614, 0xD614, 0xD614, 0xD5F4, 0xD614, 0xD614, 0xD614, 0xD614,
  0xD614, 0xD614, 0xD634, 0xD614, 0xD614, 0xDE35, 0xD614, 0xD5F3, 0xDE34, 0xD634, 0xD5F3, 0xDE55,
  0x942E, 0xBBCA, 0x6983, 0x38C1, 0x2945, 0x2944, 0x3943, 0x38E1, 0xA307, 0x7A45, 0x6982, 0x0840,
  0x0000, 0x0020, 0x0020, 0x0020, 0x0020, 0x0020, 0x0020, 0x0020, 0x0020, 0x0020, 0x0020, 0x0020,
  0x0020, 0x0020, 0x0020, 0x0020, 0x0020, 0x0020, 0x0020, 0x0020, 0x0020, 0x0020, 0x0020, 0x0020,
  0x0020, 0x0020, 0x0020, 0x0020, 0x0020, 0x0020, 0x0020, 0x0020, 0x0020, 0x0020, 0x0020, 0x0020,
  0x0020, 0x0020, 0x0020, 0x0020, 0x0020, 0x0020, 0x0020, 0x0020, 0x0020, 0x0020, 0x0020, 0x0020,
  0x0020, 0x0020, 0x0020, 0x0020, 0x0020, 0x0020, 0x0020, 0x0020, 0x0020, 0x0020, 0x0020, 0x0020,
  0x0020, 0x0020, 0x0020, 0x0020, 0x0020, 0x0020, 0x0020, 0x0020, 0x0020, 0x0020, 0x0020, 0x0020,
  0x0020, 0x0021, 0x0000, 0x5A05, 0xD42A, 0x2880, 0x10C3, 0x2945, 0x18C3, 0x18C3, 0x4A07, 0x39A5,
  0x83AC, 0xDE55, 0xD5D3, 0xD614, 0xD615, 0xD614, 0xD614, 0xD614, 0xD614, 0xD614, 0xD614, 0xD614,
  0xDE34, 0xDE34, 0xD614, 0xD614, 0xD614, 0xD614, 0xD614, 0xD614, 0xD614, 0xD614, 0xD614, 0xD614,
  0xD614, 0xD614, 0xD614, 0xD634, 0xDE35, 0xDE34, 0xD614, 0xD614, 0xD614, 0xD614, 0xD634, 0xD634,
  0xDE34, 0xDE35, 0xD614, 0xD614, 0xD614, 0xD614, 0xD614, 0xD614, 0xD614, 0xD614, 0xD5F4, 0xD614,
  0xD5F4, 0xD614, 0xD614, 0xD634, 0xD614, 0xD614, 0xD614, 0xD614, 0xDE34, 0xD634, 0xD614, 0xD614,
  0xD614, 0xD5F4, 0xDE55, 0xACF0, 0xA3AA, 0x92A6, 0x2881, 0x2903, 0x31A6, 0x2944, 0x1881, 0x7A04,
  0x82A6, 0x71C3, 0x28A1, 0x0000, 0x0020, 0x0020, 0x0020, 0x0020, 0x0020, 0x0020, 0x0020, 0x0020,
  0x0020, 0x0020, 0x0020, 0x0020, 0x0020, 0x0020, 0x0020, 0x0020, 0x0020, 0x0020, 0x0020, 0x0020,
  0x0020, 0x0020, 0x0020, 0x0020, 0x0020, 0x0020, 0x0020, 0x0020, 0x0020, 0x0020, 0x0020, 0x0020,
  0x0000, 0x0020, 0x0020, 0x0020, 0x0020, 0x0020, 0x0020, 0x0020, 0x0020, 0x0020, 0x0020, 0x0020,
  0x0020, 0x0020, 0x0020, 0x0020, 0x0020, 0x0020, 0x0020, 0x0020, 0x0020, 0x0020, 0x0020, 0x0020,
  0x0020, 0x0020, 0x0020, 0x0020, 0x0020, 0x0020, 0x0020, 0x0020, 0x0020, 0x0020, 0x0020, 0x0020,
  0x0020, 0x0020, 0x0020, 0x0020, 0x0020, 0x0000, 0x20C2, 0xBBEA, 0x6162, 0x0041, 0x2945, 0x2104,
  0x10C3, 0x39A5, 0x41C6, 0x5A89, 0xDE34, 0xCDD3, 0xD5F4, 0xDE14, 0xD614, 0xD614, 0xD614, 0xD614,
  0xD614, 0xD614, 0xD614, 0xD614, 0xD614, 0xD614, 0xD614, 0xD614, 0xD614, 0xD614, 0xD614, 0xD614,
  0xD5F3, 0xD614, 0xD614, 0xD614, 0xD5F4, 0xD614, 0xDE34, 0xD634, 0xD634, 0xD614, 0xD614, 0xD614,
  0xD614, 0xD614, 0xD614, 0xD614, 0xD614, 0xD5F4, 0xD614, 0xD634, 0xD614, 0xD614, 0xD614, 0xD614,
  0xD614, 0xD614, 0xD614, 0xD614, 0xD614, 0xD614, 0xD614, 0xD614, 0xD614, 0xD614, 0xD614, 0xD614,
  0xDE34, 0xDE34, 0xD614, 0xD614, 0xD614, 0xD614, 0xC5B3, 0x93AB, 0xB348, 0x40E1, 0x3103, 0x2986,
  0x3165, 0x10A2, 0x71E4, 0x9307, 0x71E3, 0x5122, 0x0000, 0x0020, 0x0020, 0x0020, 0x0020, 0x0020,
  0x0020, 0x0020, 0x0020, 0x0020, 0x0020, 0x0020, 0x0020, 0x0020, 0x0020, 0x0020, 0x0020, 0x0020,
  0x0020, 0x0020, 0x0000, 0x0020, 0x0020, 0x0020, 0x0020, 0x0020, 0x0020, 0x0020, 0x0020, 0x0020,
  0x0020, 0x0020, 0x0020, 0x0020, 0x0020, 0x0020, 0x0020, 0x0020, 0x0020, 0x0020, 0x0020, 0x0020,
  0x0020, 0x0020, 0x0020, 0x0020, 0x0020, 0x0020, 0x0020, 0x0020, 0x0020, 0x0020, 0x0020, 0x0020,
  0x0020, 0x0020, 0x0020, 0x0020, 0x0020, 0x0020, 0x0020, 0x0020, 0x0020, 0x0020, 0x0020, 0x0020,
  0x0020, 0x0020, 0x0020, 0x0020, 0x0020, 0x0020, 0x0020, 0x0020, 0x0000, 0x3923, 0xE4CC, 0x71E4,
  0x0841, 0x2965, 0x2104, 0x10A3, 0x3123, 0x61E4, 0x39A5, 0xC592, 0xDE14, 0xD5F4, 0xD5F4, 0xD634,
  0xD634, 0xD614, 0xD614, 0xD614, 0xD614, 0xD634, 0xD614, 0xD614, 0xD614, 0xD614, 0xD614, 0xD614,
  0xD614, 0xD614, 0xD614, 0xD614, 0xD614, 0xD614, 0xD614, 0xD614, 0xD614, 0xD614, 0xD634, 0xD634,
  0xD614, 0xD634, 0xD614, 0xD614, 0xD634, 0xD614, 0xD614, 0xD614, 0xD614, 0xD614, 0xD614, 0xDE35,
  0xD614, 0xD614, 0xD614, 0xD634, 0xD614, 0xD614, 0xD614, 0xD614, 0xD614, 0xD614, 0xD614, 0xD614,
  0xD614, 0xD614, 0xD634, 0xD634, 0xDE35, 0xD634, 0xDE34, 0xD614, 0xD5F4, 0xDE55, 0x942D, 0xC40A,
  0x6183, 0x28A1, 0x2945, 0x31A6, 0x18E3, 0x4943, 0xC3A9, 0x7A45, 0x6962, 0x0820, 0x0000, 0x0020,
  0x0020, 0x0020, 0x0020, 0x0020, 0x0020, 0x0020, 0x0020, 0x0020, 0x0020, 0x0020, 0x0020, 0x0020,
  0x0020, 0x0020, 0x0020, 0x0020, 0x0020, 0x0020, 0x0020, 0x0020, 0x0020, 0x0020, 0x0020, 0x0020,
  0x0020, 0x0020, 0x0020, 0x0020, 0x0020, 0x0020, 0x0020, 0x0020, 0x0020, 0x0020, 0x0020, 0x0020,
  0x0020, 0x0020, 0x0020, 0x0020, 0x0020, 0x0020, 0x0020, 0x0020, 0x0020, 0x0020, 0x0020, 0x0020,
  0x0020, 0x0020, 0x0020, 0x0020, 0x0020, 0x0020, 0x0020, 0x0020, 0x0020, 0x0020, 0x0020, 0x0020,
  0x0020, 0x0020, 0x0020, 0x0020, 0x0020, 0x0020, 0x0020, 0x0020, 0x0020, 0x0020, 0x0020, 0x0020,
  0x0000, 0x82C7, 0xAB07, 0x5922, 0x2124, 0x2944, 0x10C3, 0x2104, 0x41E6, 0x2923, 0x9C6E, 0xE655,
  0xD5F4, 0xD614, 0xD614, 0xD614, 0xD614, 0xD614, 0xD614, 0xD614, 0xD614, 0xDE34, 0xD614, 0xD614,
  0xD634, 0xD634, 0xD614, 0xD614, 0xD614, 0xD614, 0xD614, 0xD614, 0xD614, 0xD614, 0xD614, 0xD614,
  0xD614, 0xD634, 0xD614, 0xD614, 0xDE34, 0xD614, 0xD614, 0xD614, 0xD614, 0xD614, 0xD614, 0xD5F4,
  0xD614, 0xD614, 0xD614, 0xD614, 0xDE35, 0xDE34, 0xD614, 0xD614, 0xD614, 0xD614, 0xD614, 0xD614,
  0xD614, 0xD614, 0xD614, 0xD614, 0xD614, 0xD614, 0xD614, 0xD634, 0xDE34, 0xD634, 0xD614, 0xD5F4,
  0xE675, 0xAD10, 0xABCA, 0x9286, 0x30A1, 0x2904, 0x31A6, 0x2125, 0x20C2, 0xBB88, 0x8AE7, 0x69A2,
  0x20A1, 0x0000, 0x0020, 0x0020, 0x0020, 0x0020, 0x0020, 0x0020, 0x0020, 0x0020, 0x0020, 0x0020,
  0x0020, 0x0020, 0x0020, 0x0020, 0x0020, 0x0020, 0x0020, 0x0020, 0x0020, 0x0020, 0x0020, 0x0020,
  0x0020, 0x0020, 0x0020, 0x0020, 0x0020, 0x0020, 0x0020, 0x0020, 0x0020, 0x0020, 0x0020, 0x0020,
  0x0020, 0x0020, 0x0020, 0x0020, 0x0020, 0x0020, 0x0020, 0x0020, 0x0020, 0x0020, 0x0020, 0x0020,
  0x0020, 0x0020, 0x0020, 0x0020, 0x0020, 0x0020, 0x0020, 0x0020, 0x0020, 0x0020, 0x0020, 0x0020,
  0x0020, 0x0020, 0x0020, 0x0020, 0x0020, 0x0020, 0x0020, 0x0020, 0x0020, 0x0020, 0x0020, 0x0020,
  0x0020, 0x0020, 0x0021, 0x0000, 0x6246, 0xBBA9, 0x38A0, 0x28E2, 0x2145, 0x18E3, 0x18C3, 0x4207,
  0x3985, 0x7B8C, 0xDE54, 0xD5F3, 0xD614, 0xD614, 0xD614, 0xD614, 0xD614, 0xD614, 0xD614, 0xD614,
  0xD614, 0xD614, 0xD614, 0xD614, 0xD614, 0xD614, 0xD614, 0xD634, 0xD614, 0xD614, 0xD614, 0xD634,
  0xD614, 0xD5F4, 0xD614, 0xD614, 0xD614, 0xD614, 0xD614, 0xD614, 0xD634, 0xD614, 0xD614, 0xD634,
  0xD614, 0xD614, 0xD614, 0xD614, 0xD614, 0xD614, 0xD614, 0xD614, 0xD634, 0xDE34, 0xD614, 0xD634,
  0xD614, 0xD614, 0xDE35, 0xD614, 0xD614, 0xD614, 0xD614, 0xDE34, 0xD614, 0xDE34, 0xD614, 0xD614,
  0xD614, 0xDE34, 0xD635, 0xDE35, 0xAD11, 0x8349, 0xAB27, 0x38C1, 0x2903, 0x3186, 0x3165, 0x0882,
  0x9285, 0xB3A9, 0x71E4, 0x4922, 0x0000, 0x0020, 0x0000, 0x0020, 0x0020, 0x0020, 0x0020, 0x0020,
  0x0020, 0x0020, 0x0020, 0x0020, 0x0020, 0x0020, 0x0020, 0x0020, 0x0020, 0x0020, 0x0020, 0x0020,
  0x0020, 0x0020, 0x0020, 0x0020, 0x0020, 0x0020, 0x0020, 0x0020, 0x0020, 0x0020, 0x0020, 0x0020,
  0x0020, 0x0020, 0x0020, 0x0020, 0x0020, 0x0020, 0x0020, 0x0020, 0x0020, 0x0020, 0x0020, 0x0020,
  0x0020, 0x0020, 0x0020, 0x0020, 0x0020, 0x0020, 0x0020, 0x0020, 0x0020, 0x0020, 0x0020, 0x0020,
  0x0020, 0x0020, 0x0020, 0x0020, 0x0020, 0x0020, 0x0020, 0x0020, 0x0020, 0x0020, 0x0020, 0x0020,
  0x0020, 0x0020, 0x0020, 0x0020, 0x0020, 0x0020, 0x0000, 0x3123, 0xDC6B, 0x5122, 0x28A1, 0x2903,
  0x18E4, 0x10A2, 0x39A6, 0x41C6, 0x5A88, 0xDE14, 0xD614, 0xD614, 0xD5F4, 0xD614, 0xD614, 0xD614,
  0xD614, 0xD614, 0xD614, 0xD614, 0xD614, 0xD614, 0xD614, 0xD614, 0xD614, 0xD5F4, 0xD614, 0xD614,
  0xD614, 0xD634, 0xDE34, 0xD614, 0xD614, 0xD5F4, 0xD614, 0xD614, 0xD614, 0xD614, 0xD614, 0xD614,
  0xD614, 0xD614, 0xD614, 0xD614, 0xD614, 0xD614, 0xD614, 0xD614, 0xD614, 0xD614, 0xD614, 0xD614,
  0xDE35, 0xDE34, 0xD614, 0xD614, 0xD614, 0xD614, 0xD614, 0xD614, 0xDE34, 0xD614, 0xD614, 0xDE35,
  0xD614, 0xD614, 0xD614, 0xD614, 0xD614, 0xD5F4, 0xDE55, 0xC592, 0x9329, 0xAB48, 0x4101, 0x30C2,
  0x2945, 0x31A6, 0x10E3, 0x5983, 0xCBE9, 0x7245, 0x6982, 0x0020, 0x0000, 0x0020, 0x0020, 0x0020,
  0x0020, 0x0020, 0x0020, 0x0020, 0x0020, 0x0020, 0x0020, 0x0020, 0x0020, 0x0020, 0x0020, 0x0020,
  0x0020, 0x0020, 0x0020, 0x0020, 0x0020, 0x0020, 0x0020, 0x0020, 0x0020, 0x0020, 0x0020, 0x0020,
  0x0020, 0x0020, 0x0020, 0x0020, 0x0020, 0x0020, 0x0020, 0x0020, 0x0020, 0x0020, 0x0020, 0x0020,
  0x0020, 0x0020, 0x0020, 0x0020, 0x0020, 0x0020, 0x0020, 0x0020, 0x0020, 0x0020, 0x0020, 0x0020,
  0x0020, 0x0020, 0x0020, 0x0020, 0x0020, 0x0020, 0x0020, 0x0020, 0x0020, 0x0020, 0x0020, 0x0020,
  0x0020, 0x0020, 0x0020, 0x0020, 0x0020, 0x0020, 0x0020, 0x0020, 0x0020, 0x0000, 0x1061, 0xCC4C,
  0x8224, 0x0820, 0x5183, 0x3103, 0x10A3, 0x3164, 0x4A27, 0x41E6, 0xC592, 0xDE34, 0xD614, 0xDE14,
  0xD614, 0xD5F4, 0xD5F4, 0xD614, 0xDE35, 0xD634, 0xD614, 0xD614, 0xD614, 0xD614, 0xD614, 0xD614,
  0xD614, 0xD614, 0xD634, 0xD614, 0xD614, 0xD614, 0xD614, 0xD614, 0xD614, 0xD614, 0xD614, 0xD614,
  0xD614, 0xD614, 0xD5F4, 0xD614, 0xD614, 0xD614, 0xD614, 0xD614, 0xD614, 0xD614, 0xD614, 0xD614,
  0xD614, 0xD614, 0xD614, 0xD614, 0xD614, 0xD614, 0xD614, 0xD614, 0xD614, 0xD614, 0xD614, 0xD635,
  0xDE35, 0xDE35, 0xD634, 0xD614, 0xD614, 0xD614, 0xD614, 0xDE34, 0xD614, 0xD614, 0xDE34, 0x72E9,
  0xB3A9, 0xA2C6, 0x30A1, 0x20E3, 0x31A6, 0x2145, 0x28E2, 0xC3A8, 0x8AC7, 0x71C3, 0x2081, 0x0000,
  0x0020, 0x0020, 0x0020, 0x0020, 0x0020, 0x0020, 0x0020, 0x0020, 0x0020, 0x0020, 0x0020, 0x0020,
  0x0020, 0x0020, 0x0020, 0x0020, 0x0020, 0x0020, 0x0020, 0x0020, 0x0020, 0x0020, 0x0020, 0x0020,
  0x0020, 0x0020, 0x0020, 0x0020, 0x0020, 0x0020, 0x0020, 0x0020, 0x0020, 0x0020, 0x0020, 0x0020,
  0x0020, 0x0020, 0x0020, 0x0020, 0x0020, 0x0000, 0x0020, 0x0020, 0x0020, 0x0020, 0x0020, 0x0020,
  0x0020, 0x0020, 0x0020, 0x0020, 0x0020, 0x0020, 0x0020, 0x0020, 0x0020, 0x0020, 0x0020, 0x0020,
  0x0020, 0x0020, 0x0020, 0x0020, 0x0020, 0x0020, 0x0020, 0x0020, 0x0020, 0x0020, 0x0000, 0x0020,
  0x0020, 0x0000, 0xA369, 0xAB07, 0x1020, 0x2144, 0x69E4, 0x20C2, 0x2104, 0x4A27, 0x3985, 0xA48F,
  0xDE55, 0xD5F4, 0xD614, 0xD5F4, 0xD5F4, 0xD634, 0xDE34, 0xD614, 0xD614, 0xD614, 0xD614, 0xD614,
  0xD614, 0xD614, 0xD614, 0xD614, 0xD614, 0xDE34, 0xD614, 0xD614, 0xD614, 0xD614, 0xD614, 0xD614,
  0xD614, 0xD614, 0xD614, 0xD614, 0xD614, 0xD5F4, 0xD614, 0xD5F4, 0xD614, 0xD614, 0xD614, 0xD614,
  0xD614, 0xD614, 0xD614, 0xD614, 0xD614, 0xD614, 0xDE34, 0xD614, 0xD614, 0xD614, 0xD614, 0xD614,
  0xD614, 0xD614, 0xD614, 0xDE14, 0xD614, 0xD614, 0xD614, 0xD614, 0xD614, 0xD614, 0xD614, 0xD634,
  0xD614, 0xDE35, 0xB531, 0x9329, 0x8A85, 0x40E1, 0x20A2, 0x3186, 0x2965, 0x10A2, 0xA2E6, 0xABA9,
  0x71C3, 0x4102, 0x0000, 0x0020, 0x0020, 0x0020, 0x0020, 0x0020, 0x0020, 0x0020, 0x0020, 0x0020,
  0x0020, 0x0020, 0x0020, 0x0020, 0x0020, 0x0020, 0x0020, 0x0020, 0x0020, 0x0020, 0x0020, 0x0020,
  0x0020, 0x0020, 0x0020, 0x0020, 0x0020, 0x0020, 0x0020, 0x0020, 0x0020, 0x0020, 0x0020, 0x0020,
  0x0020, 0x0020, 0x0020, 0x0020, 0x0020, 0x0020, 0x0020, 0x0020, 0x0020, 0x0020, 0x0020, 0x0020,
  0x0020, 0x0020, 0x0020, 0x0020, 0x0020, 0x0020, 0x0020, 0x0020, 0x0020, 0x0020, 0x0020, 0x0020,
  0x0020, 0x0020, 0x0020, 0x0020, 0x0020, 0x0020, 0x0020, 0x0020, 0x0020, 0x0020, 0x0020, 0x0020,
  0x0020, 0x0000, 0x0020, 0x0021, 0x0000, 0x6A67, 0xD40A, 0x2860, 0x10C3, 0x2124, 0x59A3, 0x18A1,
  0x39E6, 0x41C6, 0x7B8C, 0xDE55, 0xD5F3, 0xD614, 0xD614, 0xD614, 0xD614, 0xDE34, 0xDE35, 0xD614,
  0xD614, 0xD614, 0xD614, 0xD614, 0xD614, 0xD634, 0xD614, 0xD614, 0xD614, 0xDE34, 0xD614, 0xD614,
  0xD614, 0xD614, 0xD614, 0xD614, 0xD614, 0xD614, 0xD634, 0xD5F4, 0xD5F4, 0xD614, 0xD614, 0xD614,
  0xD614, 0xD614, 0xD614, 0xD614, 0xD5F4, 0xD614, 0xD634, 0xD614, 0xD5F4, 0xD614, 0xD614, 0xD614,
  0xD614, 0xD614, 0xD614, 0xD614, 0xD614, 0xD614, 0xD614, 0xDE34, 0xD614, 0xD614, 0xD614, 0xD614,
  0xD614, 0xD614, 0xDE34, 0xD614, 0xD5F3, 0xD614, 0x93EC, 0xC3C9, 0x5122, 0x28A1, 0x2124, 0x3186,
  0x10C3, 0x69C4, 0xCBEA, 0x7205, 0x6162, 0x0000, 0x0000, 0x0020, 0x0020, 0x0020, 0x0020, 0x0020,
  0x0020, 0x0020, 0x0020, 0x0020, 0x0020, 0x0020, 0x0020, 0x0020, 0x0020, 0x0020, 0x0020, 0x0020,
  0x0020, 0x0020, 0x0020, 0x0020, 0x0020, 0x0020, 0x0020, 0x0020, 0x0020, 0x0020, 0x0020, 0x0020,
  0x0020, 0x0020, 0x0020, 0x0020, 0x0020, 0x0020, 0x0020, 0x0020, 0x0000, 0x0020, 0x0020, 0x0020,
  0x0020, 0x0020, 0x0020, 0x0020, 0x0020, 0x0020, 0x0020, 0x0020, 0x0020, 0x0020, 0x0020, 0x0020,
  0x0020, 0x0020, 0x0020, 0x0020, 0x0020, 0x0020, 0x0020, 0x0020, 0x0020, 0x0020, 0x0020, 0x0020,
  0x0020, 0x0020, 0x0000, 0x0000, 0x0020, 0x0000, 0x0020, 0x0000, 0x3923, 0xDC6B, 0x4901, 0x0882,
  0x3165, 0x18C3, 0x28C2, 0x4963, 0x5183, 0x5268, 0xDE35, 0xD614, 0xD614, 0xD614, 0xD614, 0xDE35,
  0xDE34, 0xD614, 0xD614, 0xD614, 0xD614, 0xD614, 0xD614, 0xD614, 0xD614, 0xD614, 0xD614, 0xD614,
  0xD614, 0xD634, 0xD614, 0xD634, 0xD614, 0xD614, 0xD614, 0xD614, 0xD614, 0xD614, 0xD614, 0xD5F4,
  0xD5F4, 0xD614, 0xD614, 0xD614, 0xD614, 0xD614, 0xD614, 0xD614, 0xD614, 0xD614, 0xDE34, 0xD614,
  0xD614, 0xD614, 0xD614, 0xD614, 0xD614, 0xD614, 0xD614, 0xD614, 0xD614, 0xD614, 0xD614, 0xDE14,
  0xD614, 0xD614, 0xD614, 0xDE35, 0xD614, 0xD614, 0xD614, 0xD5F4, 0xDE55, 0x9C4E, 0xC3EA, 0x71E4,
  0x1860, 0x5142, 0x3165, 0x2124, 0x30E2, 0xCBE9, 0x82A7, 0x71A3, 0x1861, 0x0000, 0x0020, 0x0020,
  0x0020, 0x0020, 0x0020, 0x0020, 0x0020, 0x0020, 0x0020, 0x0020, 0x0020, 0x0020, 0x0020, 0x0020,
  0x0020, 0x0020, 0x0020, 0x0020, 0x0020, 0x0020, 0x0020, 0x0020, 0x0020, 0x0020, 0x0020, 0x0020,
  0x0020, 0x0020, 0x0020, 0x0020, 0x0020, 0x0020, 0x0020, 0x0020, 0x0020, 0x0020, 0x0020, 0x0020,
  0x0020, 0x0020, 0x0020, 0x0020, 0x0020, 0x0020, 0x0020, 0x0020, 0x0020, 0x0020, 0x0020, 0x0020,
  0x0020, 0x0020, 0x0020, 0x0020, 0x0020, 0x0020, 0x0020, 0x0020, 0x0020, 0x0020, 0x0020, 0x0020,
  0x0020, 0x0020, 0x0020, 0x0020, 0x0020, 0x0020, 0x0020, 0x0000, 0x0020, 0x0020, 0x0000, 0x1061,
  0xCC2B, 0x7A04, 0x0021, 0x2945, 0x2104, 0x10A2, 0x2104, 0x41A5, 0x41A5, 0xBD93, 0xDE34, 0xD5F4,
  0xD614, 0xD614, 0xD614, 0xD614, 0xD614, 0xD614, 0xD634, 0xD614, 0xD614, 0xD614, 0xD614, 0xD614,
  0xD614, 0xD614, 0xD614, 0xD614, 0xD614, 0xD614, 0xD614, 0xD614, 0xD614, 0xD614, 0xD614, 0xD614,
  0xD614, 0xDE35, 0xD614, 0xD614, 0xD614, 0xD614, 0xD614, 0xD614, 0xD614, 0xD614, 0xD5F4, 0xD614,
  0xD614, 0xD614, 0xDE35, 0xD634, 0xD614, 0xD614, 0xD614, 0xD614, 0xD614, 0xD614, 0xD614, 0xD614,
  0xD614, 0xD614, 0xD614, 0xDE14, 0xD614, 0xDE34, 0xDE35, 0xD614, 0xD614, 0xD614, 0xCDD3, 0xE655,
  0xBD72, 0xA3CA, 0xA2E7, 0x2880, 0x3102, 0x5163, 0x2124, 0x18C3, 0xAB06, 0xA369, 0x71C3, 0x38E2,
  0x0000, 0x0020, 0x0000, 0x0020, 0x0020, 0x0000, 0x0020, 0x0020, 0x0020, 0x0020, 0x0020, 0x0020,
  0x0020, 0x0020, 0x0020, 0x0020, 0x0020, 0x0020, 0x0020, 0x0020, 0x0020, 0x0020, 0x0020, 0x0020,
  0x0020, 0x0020, 0x0020, 0x0020, 0x0020, 0x0020, 0x0020, 0x0020, 0x0020, 0x0020, 0x0020, 0x0020,
  0x0020, 0x0020, 0x0020, 0x0020, 0x0020, 0x0020, 0x0020, 0x0020, 0x0020, 0x0020, 0x0020, 0x0020,
  0x0020, 0x0020, 0x0020, 0x0020, 0x0020, 0x0020, 0x0020, 0x0020, 0x0020, 0x0020, 0x0020, 0x0020,
  0x0020, 0x0020, 0x0020, 0x0020, 0x0020, 0x0020, 0x0020, 0x0020, 0x0020, 0x0020, 0x0020, 0x0020,
  0x0020, 0x0020, 0x0000, 0xA38A, 0xAAE7, 0x0820, 0x2124, 0x2124, 0x10A2, 0x2104, 0x4A27, 0x39A6,
  0x942E, 0xDE34, 0xD5F4, 0xD614, 0xD614, 0xDE14, 0xD614, 0xD614, 0xD614, 0xD614, 0xD614, 0xD614,
  0xD614, 0xD614, 0xD614, 0xD614, 0xD614, 0xD614, 0xD614, 0xD614, 0xD5F4, 0xD614, 0xD614, 0xD614,
  0xD5F4, 0xD614, 0xD614, 0xD614, 0xD614, 0xD634, 0xD614, 0xD614, 0xD614, 0xD5F4, 0xD614, 0xD614,
  0xD614, 0xD5F3, 0xD5F3, 0xD614, 0xD614, 0xD614, 0xD614, 0xD614, 0xD614, 0xD614, 0xD614, 0xD614,
  0xD614, 0xD5F4, 0xD5F4, 0xD614, 0xD614, 0xD614, 0xDE34, 0xD614, 0xD614, 0xDE34, 0xDE34, 0xD614,
  0xD614, 0xD614, 0xD614, 0xCDD3, 0x93CB, 0xC3CA, 0x4902, 0x20A2, 0x3143, 0x5963, 0x0882, 0x71E4,
  0xC3CA, 0x7205, 0x6162, 0x0000, 0x0020, 0x0020, 0x0000, 0x0020, 0x0020, 0x0020, 0x0020, 0x0020,
  0x0020, 0x0020, 0x0020, 0x0020, 0x0020, 0x0020, 0x0020, 0x0020, 0x0020, 0x0020, 0x0020, 0x0020,
  0x0020, 0x0020, 0x0020, 0x0020, 0x0020, 0x0020, 0x0020, 0x0020, 0x0020, 0x0020, 0x0020, 0x0020,
  0x0020, 0x0020, 0x0020, 0x0020, 0x0020, 0x0020, 0x0020, 0x0020, 0x0020, 0x0020, 0x0020, 0x0020,
  0x0020, 0x0020, 0x0020, 0x0020, 0x0020, 0x0020, 0x0020, 0x0020, 0x0020, 0x0020, 0x0020, 0x0020,
  0x0020, 0x0020, 0x0020, 0x0020, 0x0020, 0x0020, 0x0020, 0x0020, 0x0020, 0x0020, 0x0020, 0x0020,
  0x0020, 0x0000, 0x0020, 0x0000, 0x0021, 0x0000, 0x6A46, 0xCBC9, 0x2060, 0x18E4, 0x2945, 0x18C3,
  0x18C3, 0x4207, 0x39A5, 0x736B, 0xDE55, 0xD5F3, 0xD5F4, 0xD5F3, 0xD5F4, 0xD614, 0xD614, 0xD614,
  0xD614, 0xD614, 0xD614, 0xD614, 0xD614, 0xD634, 0xD614, 0xD614, 0xD614, 0xD614, 0xD614, 0xD614,
  0xD614, 0xD614, 0xD614, 0xD614, 0xD5F4, 0xD614, 0xD614, 0xD614, 0xD614, 0xD614, 0xD634, 0xDE35,
  0xD614, 0xD614, 0xD5F4, 0xD5F4, 0xD614, 0xD614, 0xD614, 0xD614, 0xD614, 0xD614, 0xD614, 0xD614,
  0xD614, 0xD614, 0xD614, 0xD614, 0xD614, 0xD5F4, 0xD614, 0xD614, 0xD614, 0xDE34, 0xDE35, 0xD634,
  0xD614, 0xD614, 0xD614, 0xD614, 0xD614, 0xD614, 0xDE55, 0x9C4E, 0xBBC9, 0x6983, 0x28C1, 0x2945,
  0x3985, 0x3103, 0x28A1, 0xAB48, 0x82A7, 0x71A3, 0x1061, 0x0000, 0x0020, 0x0020, 0x0020, 0x0020,
  0x0020, 0x0020, 0x0020, 0x0020, 0x0020, 0x0020, 0x0020, 0x0020, 0x0020, 0x0020, 0x0020, 0x0020,
  0x0020, 0x0020, 0x0020, 0x0020, 0x0020, 0x0020, 0x0020, 0x0020, 0x0020, 0x0020, 0x0020, 0x0020,
  0x0020, 0x0020, 0x0020, 0x0020, 0x0020, 0x0020, 0x0020, 0x0020, 0x0020, 0x0020, 0x0020, 0x0020,
  0x0020, 0x0020, 0x0020, 0x0020, 0x0020, 0x0020, 0x0020, 0x0020, 0x0020, 0x0020, 0x0020, 0x0020,
  0x0020, 0x0020, 0x0020, 0x0020, 0x0020, 0x0020, 0x0020, 0x0020, 0x0020, 0x0020, 0x0020, 0x0020,
  0x0020, 0x0020, 0x0000, 0x0020, 0x0020, 0x0020, 0x0020, 0x0020, 0x0000, 0x3943, 0xDC4B, 0x40E1,
  0x0882, 0x2965, 0x18E3, 0x10A2, 0x39A5, 0x41C6, 0x5248, 0xD5F4, 0xD5F4, 0xD614, 0xD614, 0xD5F4,
  0xD614, 0xD614, 0xD614, 0xD614, 0xD614, 0xD614, 0xD5F4, 0xD614, 0xD614, 0xD614, 0xD614, 0xD614,
  0xD614, 0xDE34, 0xD614, 0xD614, 0xD614, 0xD614, 0xD614, 0xD614, 0xD614, 0xD614, 0xD614, 0xD614,
  0xD5F4, 0xD614, 0xD614, 0xD614, 0xD614, 0xD614, 0xD5F4, 0xD5F4, 0xD614, 0xD614, 0xD614, 0xD614,
  0xD614, 0xD5F4, 0xD614, 0xD614, 0xD614, 0xD614, 0xD614, 0xD614, 0xD5F4, 0xD614, 0xD614, 0xD614,
  0xD614, 0xD614, 0xD614, 0xD614, 0xD614, 0xD614, 0xD614, 0xD614, 0xD614, 0xDE34, 0xACF0, 0xABEB,
  0xA2A6, 0x2880, 0x2103, 0x2965, 0x3123, 0x28C2, 0x71E4, 0x82A7, 0x71C3, 0x30E1, 0x0000, 0x0020,
  0x0000, 0x0000, 0x0020, 0x0020, 0x0020, 0x0020, 0x0020, 0x0020, 0x0020, 0x0020, 0x0020, 0x0020,
  0x0020, 0x0020, 0x0020, 0x0020, 0x0020, 0x0020, 0x0020, 0x0020, 0x0020, 0x0020, 0x0020, 0x0020,
  0x0020, 0x0020, 0x0020, 0x0020, 0x0020, 0x0020, 0x0020, 0x0020, 0x0020, 0x0020, 0x0020, 0x0020,
  0x0020, 0x0020, 0x0020, 0x0020, 0x0000, 0x0020, 0x0020, 0x0020, 0x0020, 0x0020, 0x0020, 0x0020,
  0x0020, 0x0020, 0x0020, 0x0020, 0x0020, 0x0020, 0x0020, 0x0020, 0x0020, 0x0020, 0x0020, 0x0020,
  0x0020, 0x0020, 0x0020, 0x0020, 0x0020, 0x0020, 0x0020, 0x0020, 0x0020, 0x0000, 0x0000, 0x0000,
  0x18A1, 0xCC2B, 0x71C3, 0x0841, 0x2945, 0x2104, 0x10C3, 0x3165, 0x4A07, 0x39C6, 0xBD31, 0xDE34,
  0xD5F4, 0xD634, 0xD634, 0xDE35, 0xD614, 0xD614, 0xD614, 0xD614, 0xD614, 0xD614, 0xD614, 0xD614,
  0xD614, 0xD614, 0xD5F4, 0xD614, 0xD614, 0xD614, 0xD614, 0xD614, 0xD614, 0xD614, 0xD614, 0xD614,
  0xD614, 0xD614, 0xD614, 0xD614, 0xD5F4, 0xD5F4, 0xD614, 0xD614, 0xD614, 0xD614, 0xD614, 0xD614,
  0xD614, 0xD614, 0xD614, 0xD614, 0xD614, 0xD614, 0xD5F4, 0xD614, 0xD614, 0xD614, 0xD614, 0xD614,
  0xD614, 0xD614, 0xD614, 0xD614, 0xD614, 0xD614, 0xD614, 0xD614, 0xD614, 0xD614, 0xD5F4, 0xD614,
  0xDE34, 0xCDD3, 0x938A, 0xBB68, 0x40E1, 0x28E3, 0x2986, 0x3165, 0x10A2, 0x5942, 0x92E7, 0x7204,
  0x5142, 0x0000, 0x0020, 0x0020, 0x0020, 0x0020, 0x0020, 0x0020, 0x0020, 0x0020, 0x0020, 0x0020,
  0x0020, 0x0020, 0x0020, 0x0020, 0x0020, 0x0020, 0x0020, 0x0020, 0x0020, 0x0020, 0x0020, 0x0020,
  0x0020, 0x0020, 0x0020, 0x0020, 0x0020, 0x0020, 0x0020, 0x0020, 0x0020, 0x0020, 0x0020, 0x0020,
  0x0020, 0x0020, 0x0020, 0x0020, 0x0020, 0x0020, 0x0020, 0x0020, 0x0020, 0x0020, 0x0020, 0x0020,
  0x0020, 0x0020, 0x0020, 0x0020, 0x0020, 0x0020, 0x0020, 0x0020, 0x0020, 0x0020, 0x0020, 0x0020,
  0x0020, 0x0020, 0x0020, 0x0020, 0x0020, 0x0020, 0x0020, 0x0020, 0x0020, 0x0020, 0x0000, 0x0020,
  0x0000, 0x10A2, 0x0861, 0x0000, 0x8AE7, 0xAB07, 0x0800, 0x2124, 0x2124, 0x10C3, 0x2104, 0x5247,
  0x39A5, 0x942E, 0xE655, 0xD5F4, 0xD614, 0xD5F4, 0xD614, 0xD614, 0xD614, 0xD5F4, 0xD5F4, 0xD614,
  0xD614, 0xD5F4, 0xD614, 0xD614, 0xD5F4, 0xD5F4, 0xD5F3, 0xD614, 0xD634, 0xD614, 0xD614, 0xD614,
  0xD614, 0xD614, 0xD614, 0xD614, 0xD614, 0xD614, 0xD614, 0xD614, 0xD614, 0xD5F4, 0xD614, 0xD614,
  0xD614, 0xD614, 0xD5F4, 0xD614, 0xD614, 0xD614, 0xD614, 0xD614, 0xD614, 0xD614, 0xD614, 0xD614,
  0xD614, 0xD614, 0xD614, 0xD614, 0xD614, 0xD614, 0xD5F4, 0xD614, 0xD614, 0xD5F4, 0xD614, 0xD614,
  0xD614, 0xD614, 0xD614, 0xD5F4, 0xDE34, 0x940D, 0xC3EA, 0x6163, 0x1861, 0x2944, 0x3186, 0x18E4,
  0x4143, 0xC3C9, 0x7246, 0x6982, 0x1040, 0x0000, 0x0020, 0x0020, 0x0020, 0x0020, 0x0020, 0x0020,
  0x0020, 0x0020, 0x0020, 0x0020, 0x0020, 0x0020, 0x0020, 0x0020, 0x0020, 0x0020, 0x0020, 0x0020,
  0x0020, 0x0020, 0x0020, 0x0020, 0x0020, 0x0020, 0x0020, 0x0020, 0x0020, 0x0020, 0x0020, 0x0020,
  0x0020, 0x0020, 0x0020, 0x0020, 0x0020, 0x0020, 0x0020, 0x0020, 0x0020, 0x0020, 0x0020, 0x0020,
  0x0020, 0x0020, 0x0020, 0x0020, 0x0020, 0x0020, 0x0020, 0x0020, 0x0020, 0x0020, 0x0020, 0x0020,
  0x0020, 0x0020, 0x0020, 0x0020, 0x0020, 0x0020, 0x0020, 0x0020, 0x0020, 0x0020, 0x0020, 0x0020,
  0x0020, 0x0000, 0x0020, 0x0000, 0x18E3, 0xBBCA, 0xB389, 0x8AE7, 0x8286, 0x2081, 0x18E3, 0x2945,
  0x10C3, 0x18A2, 0x49C5, 0x39A5, 0x734B, 0xDE55, 0xD5F3, 0xD614, 0xD5F4, 0xD614, 0xD614, 0xD614,
  0xD5F4, 0xD5F4, 0xD614, 0xD5F4, 0xD614, 0xD614, 0xD614, 0xD614, 0xD614, 0xD5F4, 0xD614, 0xD614,
  0xD614, 0xD614, 0xD614, 0xD614, 0xD614, 0xD614, 0xD614, 0xD614, 0xD614, 0xD614, 0xD614, 0xD614,
  0xD614, 0xD614, 0xD614, 0xD614, 0xD614, 0xD614, 0xD614, 0xD614, 0xD635, 0xD614, 0xD614, 0xD614,
  0xD614, 0xD614, 0xD614, 0xD614, 0xD614, 0xD614, 0xD614, 0xD614, 0xD614, 0xD614, 0xD614, 0xDE34,
  0xD614, 0xD614, 0xD614, 0xD5F4, 0xD614, 0xD614, 0xD5F4, 0xDE34, 0xACF0, 0xB3EA, 0x92A6, 0x2860,
  0x2103, 0x3185, 0x2145, 0x18C2, 0xB347, 0x9308, 0x71C3, 0x28A1, 0x0000, 0x0020, 0x0020, 0x0020,
  0x0020, 0x0020, 0x0020, 0x0020, 0x0020, 0x0020, 0x0020, 0x0020, 0x0020, 0x0020, 0x0020, 0x0020,
  0x0020, 0x0020, 0x0020, 0x0020, 0x0020, 0x0020, 0x0020, 0x0020, 0x0020, 0x0020, 0x0020, 0x0020,
  0x0020, 0x0020, 0x0000, 0x0020, 0x0020, 0x0020, 0x0020, 0x0020, 0x0020, 0x0020, 0x0020, 0x0020,
  0x0020, 0x0020, 0x0020, 0x0020, 0x0000, 0x0020, 0x0020, 0x0020, 0x0020, 0x0020, 0x0020, 0x0020,
  0x0020, 0x0020, 0x0020, 0x0020, 0x0020, 0x0020, 0x0020, 0x0020, 0x0020, 0x0020, 0x0020, 0x0020,
  0x0020, 0x0020, 0x0020, 0x0020, 0x0020, 0x0020, 0x0000, 0x1082, 0xAB89, 0xD388, 0xCB88, 0xDBE9,
  0xB3EA, 0x20E3, 0x2145, 0x18E3, 0x10A2, 0x3144, 0x61C4, 0x41E6, 0xCDF3, 0xD614, 0xD614, 0xD614,
  0xD5F4, 0xD614, 0xD614, 0xD614, 0xD614, 0xD614, 0xD614, 0xD614, 0xD614, 0xD614, 0xD5F4, 0xD614,
  0xD614, 0xD614, 0xD614, 0xD614, 0xD614, 0xD614, 0xD614, 0xD614, 0xD614, 0xD614, 0xD614, 0xD614,
  0xD614, 0xD614, 0xD614, 0xD614, 0xD614, 0xD614, 0xD614, 0xD614, 0xD614, 0xD614, 0xD614, 0xD614,
  0xD614, 0xD614, 0xD614, 0xD614, 0xD614, 0xD614, 0xD614, 0xDE34, 0xD614, 0xD614, 0xD614, 0xD614,
  0xD614, 0xD614, 0xD614, 0xD614, 0xD614, 0xD634, 0xD614, 0xD614, 0xD614, 0xD614, 0xDE34, 0xCDB3,
  0x938A, 0xBB88, 0x30A1, 0x20A2, 0x3186, 0x3185, 0x0882, 0x8A65, 0xBBCA, 0x71E4, 0x5142, 0x0000,
  0x0020, 0x0020, 0x0020, 0x0020, 0x0020, 0x0020, 0x0020, 0x0020, 0x0020, 0x0020, 0x0020, 0x0020,
  0x0020, 0x0020, 0x0020, 0x0020, 0x0020, 0x0020, 0x0020, 0x0020, 0x0020, 0x0020, 0x0020, 0x0020,
  0x0020, 0x0020, 0x0020, 0x0020, 0x0020, 0x0020, 0x0020, 0x0020, 0x0000, 0x0020, 0x0020, 0x0020,
  0x0020, 0x0020, 0x0020, 0x0020, 0x0020, 0x0020, 0x0020, 0x0020, 0x0000, 0x0020, 0x0020, 0x0020,
  0x0020, 0x0020, 0x0020, 0x0020, 0x0020, 0x0020, 0x0020, 0x0020, 0x0020, 0x0020, 0x0020, 0x0020,
  0x0020, 0x0020, 0x0020, 0x0020, 0x0020, 0x0020, 0x0020, 0x0020, 0x0020, 0x0021, 0x0000, 0x62A8,
  0xD4CD, 0xCBEA, 0xD3A8, 0xBBEA, 0x6A25, 0x3103, 0x1904, 0x10A2, 0x3165, 0x4A07, 0x2964, 0xB531,
  0xDE55, 0xD5F4, 0xD614, 0xD614, 0xD614, 0xD614, 0xD614, 0xD614, 0xDE34, 0xD614, 0xD614, 0xD614,
  0xD614, 0xD5F4, 0xD614, 0xD614, 0xD614, 0xD614, 0xD614, 0xD614, 0xD614, 0xD614, 0xD614, 0xD614,
  0xD614, 0xD614, 0xD614, 0xD634, 0xD614, 0xD614, 0xD614, 0xD614, 0xD614, 0xD614, 0xD614, 0xD614,
  0xD614, 0xD614, 0xD614, 0xD5F4, 0xD614, 0xD614, 0xD614, 0xD614, 0xD614, 0xD614, 0xDE34, 0xDE34,
  0xD614, 0xD614, 0xD614, 0xD614, 0xD614, 0xD614, 0xD614, 0xD614, 0xD614, 0xD614, 0xD614, 0xD614,
  0xD614, 0xD5F4, 0xD5F4, 0x7B6B, 0xB3A9, 0x5942, 0x1881, 0x2944, 0x3185, 0x18E4, 0x5183, 0xCC0A,
  0x7A66, 0x71A3, 0x0840, 0x0000, 0x0020, 0x0020, 0x0020, 0x0020, 0x0020, 0x0020, 0x0020, 0x0020,
  0x0020, 0x0020, 0x0020, 0x0020, 0x0020, 0x0020, 0x0020, 0x0020, 0x0020, 0x0020, 0x0020, 0x0020,
  0x0020, 0x0020, 0x0020, 0x0020, 0x0020, 0x0020, 0x0020, 0x0020, 0x0020, 0x0020, 0x0020, 0x0020,
  0x0020, 0x0020, 0x0020, 0x0020, 0x0020, 0x0020, 0x0020, 0x0020, 0x0020, 0x0020, 0x0020, 0x0020,
  0x0000, 0x0020, 0x0020, 0x0020, 0x0020, 0x0020, 0x0020, 0x0020, 0x0020, 0x0020, 0x0020, 0x0020,
  0x0020, 0x0020, 0x0020, 0x0020, 0x0020, 0x0020, 0x0020, 0x0020, 0x0020, 0x0020, 0x0020, 0x0020,
  0x0020, 0x0020, 0x0000, 0x69E4, 0x8A86, 0x9B28, 0xB40B, 0x7287, 0x6162, 0x28E3, 0x10C3, 0x2103,
  0x4A27, 0x3985, 0x8BED, 0xDE55, 0xD5F4, 0xD614, 0xD5F4, 0xD614, 0xD5F4, 0xD5F4, 0xD5F4, 0xD614,
  0xD614, 0xD5F4, 0xD614, 0xD614, 0xD614, 0xD614, 0xD5F4, 0xD614, 0xD614, 0xD614, 0xD614, 0xD614,
  0xD614, 0xD614, 0xD614, 0xD614, 0xD614, 0xD614, 0xD614, 0xD634, 0xD614, 0xD5F4, 0xD5F4, 0xD614,
  0xD614, 0xD614, 0xD614, 0xD614, 0xD614, 0xD614, 0xD614, 0xD5F4, 0xD614, 0xD614, 0xD614, 0xD614,
  0xD614, 0xD614, 0xD614, 0xDE14, 0xD614, 0xD614, 0xD614, 0xD614, 0xD634, 0xD614, 0xD614, 0xD614,
  0xD614, 0xD5F4, 0xD614, 0xD5F4, 0xD5F4, 0xD634, 0x938B, 0xB3A9, 0x61A3, 0x3080, 0x2103, 0x3186,
  0x2124, 0x20C2, 0xC3A8, 0x8AE8, 0x71A3, 0x28A1, 0x0000, 0x0020, 0x0020, 0x0020, 0x0020, 0x0020,
  0x0020, 0x0020, 0x0020, 0x0020, 0x0020, 0x0020, 0x0020, 0x0020, 0x0020, 0x0020, 0x0020, 0x0020,
  0x0020, 0x0020, 0x0020, 0x0020, 0x0020, 0x0020, 0x0020, 0x0020, 0x0020, 0x0020, 0x0020, 0x0020,
  0x0020, 0x0020, 0x0020, 0x0020, 0x0020, 0x0020, 0x0020, 0x0020, 0x0020, 0x0020, 0x0020, 0x0020,
  0x0020, 0x0020, 0x0020, 0x0020, 0x0020, 0x0020, 0x0020, 0x0020, 0x0020, 0x0020, 0x0020, 0x0020,
  0x0020, 0x0020, 0x0020, 0x0020, 0x0020, 0x0020, 0x0020, 0x0020, 0x0020, 0x0020, 0x0020, 0x0020,
  0x0020, 0x0020, 0x0020, 0x0020, 0x0020, 0x0020, 0x0000, 0x71E4, 0x9A85, 0x9244, 0x8A65, 0x69A3,
  0x79C3, 0x28C2, 0x10A3, 0x49E6, 0x39A5, 0x6B0A, 0xDE55, 0xCDD3, 0xD5F4, 0xD614, 0xD614, 0xD614,
  0xD5F4, 0xD614, 0xD614, 0xD614, 0xD614, 0xD614, 0xD5F4, 0xD5F4, 0xD5F4, 0xD614, 0xD614, 0xD614,
  0xDE34, 0xDE34, 0xDE34, 0xDE34, 0xD614, 0xD614, 0xD614, 0xD614, 0xD614, 0xD614, 0xD614, 0xD614,
  0xDE34, 0xD614, 0xD614, 0xD614, 0xD614, 0xD614, 0xD614, 0xDE34, 0xD614, 0xD614, 0xD614, 0xD614,
  0xD614, 0xD614, 0xD614, 0xD614, 0xD614, 0xD614, 0xD614, 0xD614, 0xD614, 0xDE34, 0xDE34, 0xD614,
  0xD614, 0xD614, 0xD614, 0xD614, 0xD634, 0xD614, 0xD614, 0xD5F4, 0xE655, 0x9C4E, 0x8AC7, 0xC3A8,
  0x4901, 0x20A2, 0x3186, 0x3185, 0x10A2, 0x9285, 0xB3A9, 0x71E3, 0x4922, 0x0000, 0x0020, 0x0020,
  0x0020, 0x0020, 0x0020, 0x0020, 0x0020, 0x0000, 0x0020, 0x0020, 0x0020, 0x0020, 0x0020, 0x0020,
  0x0020, 0x0020, 0x0020, 0x0020, 0x0020, 0x0020, 0x0020, 0x0020, 0x0020, 0x0020, 0x0020, 0x0020,
  0x0020, 0x0020, 0x0020, 0x0020, 0x0020, 0x0020, 0x0020, 0x0020, 0x0020, 0x0020, 0x0020, 0x0020,
  0x0020, 0x0020, 0x0020, 0x0020, 0x0020, 0x0020, 0x0020, 0x0020, 0x0020, 0x0020, 0x0020, 0x0020,
  0x0020, 0x0020, 0x0020, 0x0020, 0x0020, 0x0020, 0x0000, 0x0020, 0x0020, 0x0020, 0x0020, 0x0020,
  0x0020, 0x0020, 0x0020, 0x0020, 0x0020, 0x0020, 0x0020, 0x0020, 0x0020, 0x0020, 0x0000, 0x69C4,
  0xA2A5, 0x9285, 0x92A6, 0x71C3, 0x71A3, 0x1881, 0x2944, 0x41E6, 0x4A27, 0xCDD3, 0xDE34, 0xD5F3,
  0xD614, 0xD614, 0xD634, 0xD614, 0xD614, 0xDE34, 0xD614, 0xD614, 0xD614, 0xD614, 0xD614, 0xD614,
  0xD614, 0xD614, 0xD614, 0xD614, 0xD614, 0xD614, 0xD614, 0xDE34, 0xD614, 0xD614, 0xD614, 0xD614,
  0xD614, 0xD614, 0xD614, 0xD614, 0xD614, 0xD614, 0xD614, 0xD614, 0xD614, 0xD614, 0xD614, 0xD614,
  0xD614, 0xD614, 0xD614, 0xD614, 0xD614, 0xD5F4, 0xD614, 0xD614, 0xD614, 0xDE34, 0xD614, 0xD614,
  0xD614, 0xDE34, 0xD614, 0xD614, 0xD614, 0xD614, 0xD614, 0xD614, 0xD614, 0xD634, 0xD634, 0xD614,
  0xD5F4, 0x8B8A, 0x9AE7, 0x5122, 0x30C1, 0x2124, 0x3185, 0x10E3, 0x5983, 0xCBEA, 0x7225, 0x6982,
  0x0820, 0x0000, 0x0020, 0x0020, 0x0000, 0x0020, 0x0020, 0x0020, 0x0020, 0x0020, 0x0020, 0x0020,
  0x0020, 0x0020, 0x0020, 0x0020, 0x0020, 0x0020, 0x0020, 0x0020, 0x0020, 0x0020, 0x0020, 0x0020,
  0x0020, 0x0020, 0x0020, 0x0020, 0x0020, 0x0020, 0x0020, 0x0020, 0x0020, 0x0020, 0x0020, 0x0020,
  0x0020, 0x0020, 0x0020, 0x0020, 0x0020, 0x0020, 0x0020, 0x0020, 0x0020, 0x0020, 0x0020, 0x0020,
  0x0020, 0x0020, 0x0020, 0x0020, 0x0020, 0x0020, 0x0020, 0x0020, 0x0020, 0x0020, 0x0020, 0x0020,
  0x0020, 0x0020, 0x0020, 0x0020, 0x0020, 0x0020, 0x0020, 0x0020, 0x0020, 0x0020, 0x0020, 0x0020,
  0x0000, 0x0020, 0x0000, 0x69C4, 0xA2A5, 0x9285, 0x9285, 0x69A3, 0x6983, 0x28E2, 0x39C6, 0x39A5,
  0xAD10, 0xDE54, 0xD614, 0xD614, 0xD614, 0xD5F4, 0xD614, 0xD614, 0xD614, 0xD634, 0xD614, 0xD614,
  0xD634, 0xD614, 0xD5F4, 0xD614, 0xD614, 0xD614, 0xD614, 0xD614, 0xD614, 0xD614, 0xD614, 0xD614,
  0xD614, 0xD614, 0xD614, 0xD614, 0xD614, 0xD614, 0xD614, 0xD614, 0xD614, 0xD614, 0xD614, 0xD614,
  0xD614, 0xD614, 0xD614, 0xD614, 0xD614, 0xD614, 0xD614, 0xD614, 0xD614, 0xD5F4, 0xD614, 0xD614,
  0xD614, 0xD614, 0xD614, 0xD614, 0xDE34, 0xDE34, 0xDE34, 0xDE34, 0xD614, 0xD614, 0xDE34, 0xD614,
  0xD614, 0xD614, 0xD614, 0xDE55, 0x9C6E, 0xBBEA, 0x7A04, 0x2880, 0x20E3, 0x3185, 0x2104, 0x28C2,
  0xC3A8, 0x8AC7, 0x71A2, 0x2081, 0x0000, 0x0020, 0x0000, 0x0020, 0x0020, 0x0020, 0x0020, 0x0020,
  0x0020, 0x0020, 0x0020, 0x0020, 0x0020, 0x0000, 0x0020, 0x0020, 0x0020, 0x0020, 0x0020, 0x0020,
  0x0020, 0x0020, 0x0020, 0x0000, 0x0020, 0x0020, 0x0020, 0x0020, 0x0020, 0x0020, 0x0020, 0x0020,
  0x0020, 0x0020, 0x0020, 0x0020, 0x0020, 0x0000, 0x0020, 0x0020, 0x0020, 0x0020, 0x0020, 0x0020,
  0x0020, 0x0020, 0x0020, 0x0020, 0x0020, 0x0020, 0x0020, 0x0020, 0x0020, 0x0020, 0x0020, 0x0020,
  0x0020, 0x0020, 0x0020, 0x0020, 0x0020, 0x0020, 0x0020, 0x0020, 0x0020, 0x0020, 0x0020, 0x0020,
  0x0000, 0x0020, 0x0020, 0x0000, 0x0020, 0x0020, 0x0000, 0x69C3, 0x9A85, 0x9265, 0x9285, 0x69A3,
  0x5962, 0x4102, 0x2903, 0x83AC, 0xDE13, 0xCDD3, 0xD5F4, 0xD614, 0xD614, 0xD5F4, 0xD5F4, 0xD5F4,
  0xD614, 0xD614, 0xD614, 0xD614, 0xD614, 0xD614, 0xD614, 0xD614, 0xD614, 0xD614, 0xD614, 0xD614,
  0xD614, 0xD614, 0xD614, 0xD614, 0xD614, 0xD614, 0xD614, 0xD614, 0xD614, 0xD614, 0xD614, 0xD614,
  0xD614, 0xD614, 0xD614, 0xD614, 0xD614, 0xD614, 0xD614, 0xD614, 0xD614, 0xD614, 0xD614, 0xD614,
  0xD614, 0xD614, 0xD614, 0xD614, 0xD614, 0xD614, 0xD614, 0xD614, 0xD614, 0xD614, 0xD614, 0xDE34,
  0xD614, 0xD614, 0xD614, 0xD614, 0xD614, 0xD5F4, 0xDE55, 0xB531, 0xA3AA, 0xA307, 0x2060, 0x40E1,
  0x3124, 0x3186, 0x10A2, 0x9AC6, 0xAB89, 0x71C3, 0x4102, 0x0000, 0x0020, 0x0020, 0x0020, 0x0020,
  0x0020, 0x0020, 0x0020, 0x0020, 0x0020, 0x0020, 0x0020, 0x0020, 0x0020, 0x0020, 0x0020, 0x0020,
  0x0020, 0x0020, 0x0020, 0x0020, 0x0020, 0x0020, 0x0020, 0x0020, 0x0020, 0x0020, 0x0020, 0x0020,
  0x0020, 0x0020, 0x0020, 0x0020, 0x0020, 0x0020, 0x0020, 0x0020, 0x0020, 0x0020, 0x0020, 0x0020,
  0x0020, 0x0020, 0x0020, 0x0020, 0x0020, 0x0020, 0x0020, 0x0020, 0x0020, 0x0020, 0x0020, 0x0020,
  0x0020, 0x0020, 0x0020, 0x0020, 0x0020, 0x0020, 0x0020, 0x0020, 0x0020, 0x0020, 0x0020, 0x0020,
  0x0020, 0x0020, 0x0020, 0x0020, 0x0020, 0x0020, 0x0020, 0x0020, 0x0000, 0x0020, 0x0000, 0x61A3,
  0x9A65, 0x9A85, 0x9A85, 0x6182, 0x3102, 0x28E2, 0x5247, 0xDE14, 0xD5D3, 0xD5F4, 0xD5F4, 0xD614,
  0xD614, 0xD614, 0xD5F4, 0xD614, 0xD614, 0xD614, 0xD614, 0xD614, 0xD614, 0xD614, 0xD614, 0xD614,
  0xD614, 0xD614, 0xD614, 0xD614, 0xD614, 0xD614, 0xD614, 0xD614, 0xD614, 0xD614, 0xD614, 0xD614,
  0xD614, 0xD614, 0xD614, 0xD614, 0xD614, 0xD614, 0xD614, 0xD614, 0xD614, 0xD614, 0xD614, 0xD614,
  0xD614, 0xD614, 0xD614, 0xD614, 0xD614, 0xD614, 0xD614, 0xD614, 0xD634, 0xD614, 0xD614, 0xD614,
  0xD614, 0xD614, 0xD614, 0xD614, 0xD614, 0xD614, 0xD614, 0xD614, 0xD614, 0xD614, 0xD614, 0x93CB,
  0xC3A9, 0x5122, 0x38E2, 0x5162, 0x3123, 0x10E4, 0x61C4, 0xCBEA, 0x7225, 0x6162, 0x0020, 0x0000,
  0x0020, 0x0020, 0x0020, 0x0020, 0x0020, 0x0020, 0x0020, 0x0020, 0x0020, 0x0020, 0x0020, 0x0020,
  0x0020, 0x0020, 0x0020, 0x0020, 0x0020, 0x0020, 0x0020, 0x0020, 0x0020, 0x0020, 0x0020, 0x0020,
  0x0020, 0x0020, 0x0020, 0x0020, 0x0020, 0x0020, 0x0020, 0x0020, 0x0020, 0x0020, 0x0020, 0x0020,
  0x0020, 0x0020, 0x0020, 0x0020, 0x0020, 0x0020, 0x0020, 0x0020, 0x0020, 0x0020, 0x0020, 0x0020,
  0x0020, 0x0020, 0x0020, 0x0000, 0x0020, 0x0020, 0x0020, 0x0020, 0x0020, 0x0020, 0x0020, 0x0020,
  0x0020, 0x0020, 0x0020, 0x0020, 0x0020, 0x0020, 0x0020, 0x0020, 0x0020, 0x0020, 0x0020, 0x0020,
  0x0020, 0x0000, 0x3102, 0x8224, 0x4943, 0x69C4, 0x71A3, 0x28A1, 0x3943, 0x41C6, 0xBD71, 0xD5F4,
  0xCDF3, 0xD5F4, 0xD5F3, 0xD5F4, 0xD5F4, 0xD614, 0xD614, 0xD614, 0xD614, 0xD614, 0xD614, 0xD634,
  0xD614, 0xD614, 0xD614, 0xD614, 0xD614, 0xD614, 0xD614, 0xD614, 0xD614, 0xD614, 0xD614, 0xD614,
  0xD614, 0xD614, 0xD614, 0xD614, 0xD614, 0xD614, 0xD5F4, 0xD614, 0xD614, 0xD614, 0xD614, 0xD614,
  0xD614, 0xD614, 0xD614, 0xD614, 0xD634, 0xD634, 0xDE34, 0xD614, 0xD614, 0xD614, 0xD614, 0xD614,
  0xD614, 0xD614, 0xD614, 0xD614, 0xD634, 0xD614, 0xD614, 0xD614, 0xD614, 0xD634, 0xDE34, 0xD614,
  0xD5F4, 0xDE55, 0x942D, 0xBBCA, 0x71A3, 0x30C2, 0x2903, 0x5983, 0x18A2, 0x3103, 0xCBC9, 0x82A7,
  0x71A3, 0x1881, 0x0000, 0x0020, 0x0020, 0x0020, 0x0020, 0x0020, 0x0020, 0x0020, 0x0020, 0x0020,
  0x0020, 0x0020, 0x0020, 0x0020, 0x0020, 0x0020, 0x0020, 0x0020, 0x0020, 0x0020, 0x0020, 0x0020,
  0x0020, 0x0020, 0x0020, 0x0020, 0x0020, 0x0020, 0x0020, 0x0020, 0x0020, 0x0020, 0x0020, 0x0020,
  0x0020, 0x0020, 0x0020, 0x0020, 0x0020, 0x0020, 0x0020, 0x0020, 0x0020, 0x0020, 0x0020, 0x0020,
  0x0020, 0x0020, 0x0020, 0x0020, 0x0020, 0x0020, 0x0020, 0x0020, 0x0020, 0x0020, 0x0020, 0x0020,
  0x0020, 0x0020, 0x0020, 0x0020, 0x0020, 0x0020, 0x0020, 0x0020, 0x0020, 0x0020, 0x0020, 0x0000,
  0x0020, 0x0020, 0x0020, 0x0020, 0x0000, 0x1081, 0xA307, 0x8286, 0x8BCC, 0x940D, 0x6AC9, 0x4A06,
  0x3144, 0x8BEC, 0xDE34, 0xDE35, 0xDE35, 0xD5F4, 0xD5F4, 0xCDF3, 0xD614, 0xD614, 0xD614, 0xD634,
  0xD614, 0xD614, 0xD614, 0xD614, 0xD614, 0xD614, 0xD614, 0xD614, 0xD614, 0xD614, 0xDE34, 0xD614,
  0xD614, 0xD614, 0xD614, 0xD614, 0xD614, 0xD614, 0xD614, 0xD614, 0xD614, 0xD5F4, 0xD5F4, 0xD614,
  0xD614, 0xD614, 0xD614, 0xD614, 0xD614, 0xD614, 0xD614, 0xD614, 0xD614, 0xD614, 0xD614, 0xD5F4,
  0xD614, 0xD614, 0xD614, 0xD614, 0xDE34, 0xD614, 0xD614, 0xD614, 0xD614, 0xD614, 0xD614, 0xD614,
  0xD614, 0xD614, 0xD614, 0xD614, 0xDE55, 0xAD11, 0xABCA, 0x9AC6, 0x3080, 0x2903, 0x3185, 0x5184,
  0x1881, 0x8A45, 0x9B28, 0x69A3, 0x40E1, 0x0000, 0x0020, 0x0000, 0x0000, 0x0020, 0x0020, 0x0020,
  0x0020, 0x0020, 0x0000, 0x0020, 0x0020, 0x0020, 0x0020, 0x0020, 0x0020, 0x0020, 0x0020, 0x0020,
  0x0020, 0x0020, 0x0020, 0x0020, 0x0020, 0x0020, 0x0020, 0x0020, 0x0020, 0x0020, 0x0020, 0x0020,
  0x0020, 0x0020, 0x0020, 0x0020, 0x0020, 0x0020, 0x0020, 0x0020, 0x0020, 0x0020, 0x0020, 0x0020,
  0x0020, 0x0020, 0x0020, 0x0020, 0x0020, 0x0020, 0x0020, 0x0020, 0x0020, 0x0020, 0x0020, 0x0020,
  0x0020, 0x0020, 0x0020, 0x0020, 0x0020, 0x0020, 0x0020, 0x0020, 0x0020, 0x0020, 0x0020, 0x0020,
  0x0020, 0x0020, 0x0020, 0x0020, 0x0020, 0x0000, 0x0020, 0x0020, 0x0000, 0x9B07, 0xBB47, 0x83AC,
  0xB4F0, 0xB4CF, 0xB4F0, 0xACAF, 0x940D, 0x8BCC, 0x8BED, 0x9C6F, 0xBD51, 0xD614, 0xDE34, 0xDE14,
  0xD614, 0xD5F4, 0xD5F4, 0xD614, 0xD614, 0xD614, 0xD5F4, 0xD614, 0xD614, 0xD614, 0xD614, 0xD634,
  0xD614, 0xDE34, 0xDE34, 0xDE34, 0xD614, 0xD614, 0xD5F4, 0xD614, 0xD614, 0xD614, 0xD614, 0xD614,
  0xD614, 0xD614, 0xD5F4, 0xD5F4, 0xD5F3, 0xD614, 0xD614, 0xD614, 0xD614, 0xD614, 0xD614, 0xD614,
  0xD614, 0xD5F3, 0xD5F4, 0xD614, 0xD614, 0xD614, 0xD614, 0xD614, 0xD614, 0xD614, 0xD614, 0xD614,
  0xD614, 0xDE34, 0xDE34, 0xD614, 0xD614, 0xD614, 0xD614, 0xDE34, 0xCDD3, 0x9BAB, 0xBB88, 0x38C1,
  0x20A2, 0x3186, 0x3165, 0x20E2, 0x4102, 0x92C6, 0x7225, 0x5942, 0x0000, 0x0020, 0x0020, 0x0000,
  0x0020, 0x0020, 0x0020, 0x0020, 0x0020, 0x0020, 0x0020, 0x0020, 0x0020, 0x0020, 0x0020, 0x0020,
  0x0020, 0x0020, 0x0020, 0x0020, 0x0020, 0x0020, 0x0020, 0x0020, 0x0020, 0x0020, 0x0020, 0x0020,
  0x0020, 0x0020, 0x0020, 0x0020, 0x0020, 0x0020, 0x0020, 0x0020, 0x0020, 0x0020, 0x0020, 0x0020,
  0x0020, 0x0020, 0x0020, 0x0020, 0x0020, 0x0020, 0x0020, 0x0020, 0x0020, 0x0020, 0x0020, 0x0020,
  0x0020, 0x0020, 0x0020, 0x0020, 0x0020, 0x0020, 0x0020, 0x0020, 0x0020, 0x0020, 0x0020, 0x0020,
  0x0020, 0x0020, 0x0020, 0x0020, 0x0020, 0x0020, 0x0020, 0x0020, 0x0020, 0x0000, 0x0020, 0x0000,
  0x6205, 0xD3E9, 0x7B4A, 0xACAF, 0xAC8F, 0xAC8F, 0xA48E, 0xA48E, 0xACAF, 0xACCF, 0xA46E, 0x93EC,
  0x836B, 0x732A, 0x942E, 0xBD31, 0xD5F4, 0xDE55, 0xDE34, 0xD614, 0xD5F3, 0xD5F4, 0xD5F4, 0xD614,
  0xD614, 0xD614, 0xD614, 0xD614, 0xD614, 0xD614, 0xD614, 0xD614, 0xD614, 0xD614, 0xDE34, 0xDE34,
  0xD614, 0xD614, 0xD614, 0xD614, 0xD614, 0xD614, 0xD614, 0xD614, 0xD614, 0xD5F4, 0xD614, 0xD614,
  0xD614, 0xD614, 0xD614, 0xD614, 0xD614, 0xD5F4, 0xD614, 0xD614, 0xD614, 0xD5F4, 0xD614, 0xD614,
  0xD614, 0xD614, 0xD614, 0xDE34, 0xDE35, 0xD614, 0xD5F3, 0xD614, 0xD614, 0xD614, 0xD5F4, 0xDE55,
  0x942D, 0xC3EA, 0x6183, 0x28A1, 0x2944, 0x3185, 0x1904, 0x30E2, 0x9285, 0x7225, 0x79C3, 0x1061,
  0x0000, 0x0020, 0x0000, 0x0000, 0x0020, 0x0020, 0x0020, 0x0020, 0x0020, 0x0020, 0x0020, 0x0020,
  0x0020, 0x0020, 0x0020, 0x0020, 0x0020, 0x0020, 0x0020, 0x0020, 0x0020, 0x0020, 0x0020, 0x0020,
  0x0020, 0x0020, 0x0020, 0x0020, 0x0020, 0x0020, 0x0020, 0x0020, 0x0000, 0x0020, 0x0020, 0x0020,
  0x0020, 0x0020, 0x0020, 0x0020, 0x0020, 0x0020, 0x0020, 0x0020, 0x0020, 0x0020, 0x0020, 0x0020,
  0x0020, 0x0020, 0x0020, 0x0020, 0x0020, 0x0020, 0x0020, 0x0020, 0x0020, 0x0020, 0x0020, 0x0020,
  0x0020, 0x0020, 0x0020, 0x0020, 0x0020, 0x0020, 0x0020, 0x0020, 0x0020, 0x0020, 0x0020, 0x0020,
  0x0000, 0x0020, 0x0000, 0x3943, 0xD3C8, 0x82E8, 0xA48F, 0xAC8F, 0xAC8F, 0xAC8E, 0xAC8F, 0xACAF,
  0xAC8F, 0xA48E, 0xA48E, 0xAC8E, 0x8BCC, 0x9C2D, 0x9C0D, 0x8BAC, 0x8BCC, 0x9C6E, 0xB511, 0xCDD3,
  0xDE55, 0xDE34, 0xD614, 0xD5F3, 0xD5F4, 0xD614, 0xD614, 0xD634, 0xD614, 0xD614, 0xDE34, 0xD614,
  0xD634, 0xD614, 0xD614, 0xD634, 0xD614, 0xD614, 0xD5F4, 0xD614, 0xD614, 0xD5F4, 0xD614, 0xD614,
  0xD614, 0xD614, 0xD614, 0xD614, 0xD614, 0xD614, 0xD614, 0xD614, 0xD614, 0xD614, 0xD614, 0xD614,
  0xD5F4, 0xD614, 0xD614, 0xD614, 0xD614, 0xD614, 0xD614, 0xD614, 0xD614, 0xD614, 0xD5F4, 0xD614,
  0xDE34, 0xD634, 0xE655, 0xA4D0, 0xB40B, 0x9286, 0x2881, 0x2103, 0x31A6, 0x2945, 0x1082, 0xAB06,
  0x9B28, 0x71A3, 0x38E1, 0x0000, 0x0020, 0x0020, 0x0000, 0x0020, 0x0000, 0x0020, 0x0020, 0x0020,
  0x0020, 0x0020, 0x0020, 0x0020, 0x0020, 0x0020, 0x0020, 0x0020, 0x0020, 0x0020, 0x0020, 0x0020,
  0x0020, 0x0020, 0x0020, 0x0020, 0x0020, 0x0020, 0x0020, 0x0020, 0x0020, 0x0020, 0x0020, 0x0020,
  0x0020, 0x0020, 0x0020, 0x0020, 0x0020, 0x0020, 0x0020, 0x0020, 0x0020, 0x0020, 0x0020, 0x0020,
  0x0020, 0x0020, 0x0020, 0x0020, 0x0020, 0x0020, 0x0020, 0x0020, 0x0020, 0x0020, 0x0020, 0x0020,
  0x0020, 0x0020, 0x0020, 0x0020, 0x0020, 0x0020, 0x0020, 0x0020, 0x0020, 0x0020, 0x0020, 0x0020,
  0x0020, 0x0020, 0x0020, 0x0000, 0x0020, 0x0000, 0x1061, 0xB368, 0x9B28, 0x8BEC, 0xB4CF, 0xACAF,
  0xAC8F, 0xACAF, 0xACAF, 0xA48E, 0xACAF, 0xA48E, 0xACAF, 0x8BCC, 0x940D, 0xB4D0, 0xACAF, 0xACAF,
  0xA46E, 0x93EC, 0x8BAC, 0x83AC, 0x9C4E, 0xB510, 0xCDF4, 0xDE55, 0xDE34, 0xDE34, 0xD614, 0xD614,
  0xD614, 0xD614, 0xD614, 0xD614, 0xD614, 0xD614, 0xD614, 0xD614, 0xD614, 0xD614, 0xD614, 0xD614,
  0xD614, 0xD5F4, 0xD614, 0xD614, 0xD614, 0xD614, 0xD614, 0xD614, 0xD614, 0xD614, 0xD614, 0xD614,
  0xD614, 0xD5F4, 0xD614, 0xD614, 0xD5F4, 0xD614, 0xD614, 0xD614, 0xD614, 0xD614, 0xD614, 0xD5F4,
  0xD5F4, 0xD614, 0xDE34, 0xD614, 0xD614, 0xDE14, 0xC5B3, 0x9BCB, 0xB388, 0x40E1, 0x20C2, 0x2965,
  0x3185, 0x10A3, 0x7A25, 0xBBA9, 0x71E4, 0x5962, 0x0000, 0x0020, 0x0020, 0x0020, 0x0020, 0x0020,
  0x0020, 0x0020, 0x0020, 0x0020, 0x0020, 0x0020, 0x0020, 0x0020, 0x0020, 0x0020, 0x0020, 0x0020,
  0x0020, 0x0020, 0x0020, 0x0020, 0x0020, 0x0020, 0x0020, 0x0020, 0x0020, 0x0020, 0x0020, 0x0020,
  0x0020, 0x0020, 0x0020, 0x0020, 0x0020, 0x0020, 0x0020, 0x0020, 0x0020, 0x0020, 0x0020, 0x0020,
  0x0020, 0x0020, 0x0020, 0x0020, 0x0020, 0x0020, 0x0020, 0x0020, 0x0020, 0x0020, 0x0020, 0x0020,
  0x0020, 0x0020, 0x0020, 0x0020, 0x0020, 0x0020, 0x0020, 0x0020, 0x0020, 0x0020, 0x0020, 0x0020,
  0x0020, 0x0020, 0x0020, 0x0000, 0x0020, 0x0020, 0x0020, 0x0020, 0x0020, 0x0000, 0x7266, 0x8265,
  0x836B, 0xB4F0, 0xAC8F, 0xAC8F, 0xAC8E, 0xAC8F, 0xACAF, 0xACAF, 0xA48E, 0xACAF, 0x9C0D, 0x940D,
  0xACCF, 0xAC8F, 0xACAF, 0xA46E, 0xA48E, 0xAC8F, 0xACAF, 0xAC8E, 0x93EC, 0x8BAB, 0x6AE9, 0x942E,
  0xACD0, 0xCDD3, 0xDE55, 0xDE55, 0xD614, 0xD5F4, 0xD5F4, 0xD614, 0xD614, 0xD614, 0xD614, 0xD5F3,
  0xD5F4, 0xD614, 0xD5F4, 0xD614, 0xD614, 0xD5F4, 0xD5F3, 0xD5F4, 0xD614, 0xD614, 0xD614, 0xD614,
  0xD614, 0xD614, 0xD614, 0xD614, 0xD614, 0xD5F4, 0xD5F4, 0xD614, 0xD614, 0xD614, 0xD614, 0xD614,
  0xD614, 0xD634, 0xD614, 0xD614, 0xD614, 0xD614, 0xD614, 0xD614, 0xD5F4, 0xD614, 0x8BCC, 0xC3EA,
  0x5962, 0x28A1, 0x2945, 0x3186, 0x10E3, 0x4943, 0xD40A, 0x7266, 0x6982, 0x1061, 0x0000, 0x0020,
  0x0020, 0x0020, 0x0020, 0x0020, 0x0020, 0x0020, 0x0020, 0x0020, 0x0020, 0x0020, 0x0020, 0x0020,
  0x0020, 0x0020, 0x0020, 0x0020, 0x0020, 0x0020, 0x0020, 0x0020, 0x0020, 0x0020, 0x0020, 0x0020,
  0x0020, 0x0020, 0x0020, 0x0020, 0x0020, 0x0020, 0x0020, 0x0020, 0x0020, 0x0020, 0x0020, 0x0020,
  0x0020, 0x0020, 0x0020, 0x0020, 0x0020, 0x0020, 0x0020, 0x0020, 0x0020, 0x0020, 0x0020, 0x0020,
  0x0020, 0x0020, 0x0020, 0x0020, 0x0020, 0x0020, 0x0020, 0x0020, 0x0020, 0x0020, 0x0020, 0x0020,
  0x0020, 0x0020, 0x0020, 0x0020, 0x0020, 0x0020, 0x0020, 0x0020, 0x0000, 0x0020, 0x0020, 0x0020,
  0x0000, 0x732B, 0xACAF, 0x7B29, 0x7B6B, 0x940D, 0xA44E, 0xAC8F, 0xACCF, 0xACAF, 0xAC8E, 0xA48E,
  0xAC8E, 0xAC8F, 0x83AC, 0xACAF, 0xA48E, 0xAC8F, 0xAC8F, 0xACAF, 0xAC8F, 0xA48E, 0xA48E, 0xA46E,
  0xAC8F, 0x8BCC, 0x93ED, 0x9C0D, 0x8BCC, 0x838B, 0x8BED, 0xACD0, 0xCDB3, 0xDE34, 0xDE34, 0xDE34,
  0xD5F4, 0xD5F4, 0xD614, 0xD614, 0xD614, 0xD5F4, 0xD5F4, 0xD5F4, 0xD614, 0xD5F4, 0xD5F3, 0xD5F4,
  0xD614, 0xD614, 0xD614, 0xD614, 0xD614, 0xD614, 0xD614, 0xD614, 0xD614, 0xD614, 0xD614, 0xD5F4,
  0xD614, 0xDE34, 0xD614, 0xD614, 0xD614, 0xD614, 0xD614, 0xD614, 0xDE35, 0xD614, 0xDE35, 0xD614,
  0xE676, 0xA4AF, 0xB3EA, 0x8A45, 0x2881, 0x2103, 0x31A6, 0x2945, 0x18A2, 0xBB48, 0x9308, 0x71C3,
  0x30C1, 0x0000, 0x0020, 0x0020, 0x0000, 0x0020, 0x0020, 0x0020, 0x0020, 0x0020, 0x0020, 0x0020,
  0x0020, 0x0020, 0x0020, 0x0020, 0x0020, 0x0020, 0x0020, 0x0020, 0x0020, 0x0020, 0x0020, 0x0020,
  0x0020, 0x0020, 0x0020, 0x0020, 0x0020, 0x0020, 0x0020, 0x0020, 0x0020, 0x0020, 0x0020, 0x0020,
  0x0020, 0x0020, 0x0020, 0x0020, 0x0020, 0x0020, 0x0020, 0x0020, 0x0020, 0x0020, 0x0020, 0x0020,
  0x0020, 0x0020, 0x0020, 0x0020, 0x0020, 0x0020, 0x0020, 0x0020, 0x0020, 0x0020, 0x0020, 0x0020,
  0x0020, 0x0020, 0x0020, 0x0020, 0x0020, 0x0020, 0x0020, 0x0020, 0x0020, 0x0020, 0x0000, 0x0020,
  0x0020, 0x0020, 0x0020, 0x0000, 0x1082, 0x83AC, 0x940D, 0xB4F0, 0xB4D0, 0x9C2D, 0x8BCC, 0x8BAC,
  0x940D, 0x9C4E, 0xAC8E, 0xACAF, 0xACCF, 0x83AC, 0xA46F, 0xAC8F, 0xAC8E, 0xAC8F, 0xAC8F, 0xACAF,
  0xACAF, 0xAC8F, 0xA46E, 0xAC8E, 0x93EC, 0x8BED, 0xACAF, 0xA46E, 0xACAF, 0xA46E, 0x9C0D, 0x8BCC,
  0x838B, 0x8BEC, 0xA4AF, 0xCDB3, 0xDE55, 0xDE34, 0xDE34, 0xD614, 0xD614, 0xD5F3, 0xD5F4, 0xD5F4,
  0xD5F4, 0xD5F4, 0xD5F4, 0xD5F4, 0xD614, 0xD5F4, 0xD614, 0xD614, 0xD614, 0xD5F4, 0xD614, 0xD614,
  0xD5F4, 0xD5F4, 0xD614, 0xD614, 0xD614, 0xD614, 0xD614, 0xD614, 0xD5F4, 0xD614, 0xD614, 0xD634,
  0xD634, 0xDE35, 0xC593, 0xCDF4, 0xACF1, 0x9B8A, 0xAB27, 0x2880, 0x20C2, 0x3186, 0x3186, 0x10A3,
  0x9285, 0xBBCA, 0x69C3, 0x5942, 0x0000, 0x0020, 0x0020, 0x0020, 0x0020, 0x0020, 0x0020, 0x0020,
  0x0020, 0x0020, 0x0020, 0x0020, 0x0020, 0x0020, 0x0020, 0x0020, 0x0020, 0x0020, 0x0020, 0x0020,
  0x0020, 0x0020, 0x0020, 0x0020, 0x0020, 0x0020, 0x0020, 0x0020, 0x0020, 0x0020, 0x0020, 0x0020,
  0x0020, 0x0020, 0x0020, 0x0020, 0x0020, 0x0020, 0x0020, 0x0020, 0x0020, 0x0020, 0x0020, 0x0020,
  0x0020, 0x0020, 0x0020, 0x0020, 0x0020, 0x0020, 0x0020, 0x0020, 0x0020, 0x0020, 0x0020, 0x0020,
  0x0020, 0x0020, 0x0020, 0x0020, 0x0020, 0x0020, 0x0020, 0x0020, 0x0020, 0x0020, 0x0020, 0x0020,
  0x0020, 0x0020, 0x0020, 0x0020, 0x0020, 0x0020, 0x0020, 0x0000, 0x0841, 0x5247, 0x6288, 0x6AEA,
  0x7B4B, 0x940D, 0xACF0, 0xB4F0, 0x9C4E, 0x8BCC, 0x8BAC, 0x93EC, 0x836B, 0x940D, 0xB4AF, 0xAC8F,
  0xAC8F, 0xAC8F, 0xAC8F, 0xAC8F, 0xAC8F, 0xAC8F, 0xAC8F, 0xA44E, 0x7B6B, 0xACAF, 0xA46E, 0xA48E,
  0xA46E, 0xA46E, 0xA48F, 0xAC8E, 0xAC6E, 0x9C2D, 0x93EC, 0x7B4A, 0x7B6B, 0xACF0, 0xC5B3, 0xD614,
  0xDE35, 0xD614, 0xD5F4, 0xD5F4, 0xD5F4, 0xD614, 0xD5F4, 0xD614, 0xD614, 0xD614, 0xD614, 0xD614,
  0xD5F3, 0xD614, 0xD5F4, 0xD5F4, 0xD614, 0xD5F3, 0xD5F4, 0xD614, 0xD5F4, 0xD614, 0xD614, 0xD614,
  0xD614, 0xD614, 0xD614, 0xD614, 0xDE55, 0xB531, 0x8B49, 0x9BAA, 0x6AA7, 0x7225, 0x40E1, 0x20A1,
  0x2945, 0x31A6, 0x18E4, 0x5163, 0xD40A, 0x7A66, 0x6982, 0x0840, 0x0000, 0x0020, 0x0020, 0x0020,
  0x0020, 0x0020, 0x0020, 0x0020, 0x0020, 0x0020, 0x0020, 0x0020, 0x0020, 0x0020, 0x0020, 0x0020,
  0x0020, 0x0020, 0x0020, 0x0020, 0x0020, 0x0020, 0x0020, 0x0020, 0x0020, 0x0020, 0x0020, 0x0020,
  0x0020, 0x0020, 0x0020, 0x0020, 0x0020, 0x0020, 0x0020, 0x0020, 0x0020, 0x0020, 0x0020, 0x0020,
  0x0020, 0x0020, 0x0020, 0x0020, 0x0020, 0x0020, 0x0020, 0x0020, 0x0020, 0x0020, 0x0020, 0x0020,
  0x0020, 0x0020, 0x0020, 0x0020, 0x0000, 0x0020, 0x0020, 0x0020, 0x0020, 0x0020, 0x0020, 0x0020,
  0x0020, 0x0020, 0x0020, 0x0020, 0x0020, 0x0020, 0x0020, 0x0000, 0x0020, 0x0020, 0x0020, 0x0000,
  0x61C3, 0x4164, 0x3985, 0x4A06, 0x5247, 0x5A67, 0x62A8, 0x734B, 0x942E, 0xACD0, 0xB4F0, 0x8BCC,
  0x732A, 0x83AB, 0x8BAC, 0x9C4E, 0xACAF, 0xACAF, 0xAC8F, 0xAC8E, 0xA48E, 0xAC8F, 0xACCF, 0x8BCC,
  0xA46E, 0xAC8E, 0xA46E, 0xAC8E, 0xA48E, 0xAC8F, 0xA48F, 0xA48E, 0xA48E, 0xAC8E, 0xACAF, 0x8BAC,
  0x8BCC, 0x8BCC, 0x836B, 0x8BCC, 0xA4AF, 0xBD72, 0xD614, 0xDE55, 0xDE34, 0xD5F3, 0xD5F4, 0xD614,
  0xD614, 0xD614, 0xD614, 0xD5F3, 0xD614, 0xD614, 0xD5F4, 0xD5F4, 0xD5F4, 0xD614, 0xD614, 0xD5F4,
  0xD614, 0xD614, 0xD614, 0xDE34, 0xD614, 0xD614, 0xD614, 0xDE14, 0xCDD4, 0x8B8A, 0xCB68, 0xCB88,
  0xCBA9, 0xA389, 0x30C1, 0x2924, 0x31A6, 0x2125, 0x28E2, 0xC3A9, 0x8AE8, 0x71C3, 0x28C1, 0x0000,
  0x0020, 0x0020, 0x0020, 0x0020, 0x0020, 0x0020, 0x0020, 0x0020, 0x0020, 0x0020, 0x0020, 0x0020,
  0x0020, 0x0020, 0x0020, 0x0020, 0x0020, 0x0020, 0x0020, 0x0020, 0x0020, 0x0020, 0x0020, 0x0020,
  0x0020, 0x0020, 0x0020, 0x0020, 0x0020, 0x0020, 0x0020, 0x0020, 0x0020, 0x0020, 0x0020, 0x0020,
  0x0020, 0x0020, 0x0020, 0x0020, 0x0020, 0x0020, 0x0020, 0x0020, 0x0020, 0x0020, 0x0020, 0x0020,
  0x0020, 0x0020, 0x0020, 0x0020, 0x0020, 0x0020, 0x0020, 0x0020, 0x0020, 0x0000, 0x0020, 0x0020,
  0x0020, 0x0020, 0x0020, 0x0020, 0x0020, 0x0020, 0x0020, 0x0020, 0x0020, 0x0020, 0x0020, 0x0020,
  0x0020, 0x0020, 0x0000, 0x59C4, 0xBB88, 0x20E3, 0x10C3, 0x18C3, 0x2103, 0x3985, 0x49E6, 0x5226,
  0x5A67, 0x62C9, 0x734A, 0x7B6B, 0xACD0, 0xACAF, 0x9C6E, 0x8BEC, 0x83AC, 0x8BCC, 0x9C2D, 0xA48E,
  0xAC8E, 0xB4CF, 0x93ED, 0x9C2E, 0xAC8E, 0xA46E, 0xAC8F, 0xAC8F, 0xA46E, 0xA46E, 0xA46E, 0xAC8F,
  0xA46E, 0xAC8F, 0x93CC, 0x93ED, 0xB4CF, 0xA46E, 0xAC8E, 0xA44E, 0x8BCC, 0x838B, 0x8BCC, 0xA48F,
  0xBD72, 0xD614, 0xDE55, 0xDE14, 0xD614, 0xD614, 0xD5F4, 0xD5F4, 0xD614, 0xD5F4, 0xD614, 0xD5F4,
  0xD5F4, 0xD614, 0xD614, 0xD614, 0xDE35, 0xD614, 0xD5F4, 0xD614, 0xD634, 0xD614, 0xD614, 0xD614,
  0x8C2E, 0xC40A, 0xD3A8, 0xC347, 0xCBEA, 0x8B08, 0x20A1, 0x2965, 0x3185, 0x10A2, 0x92A6, 0xB3A9,
  0x71E4, 0x5142, 0x0000, 0x0020, 0x0000, 0x0020, 0x0020, 0x0020, 0x0020, 0x0020, 0x0020, 0x0020,
  0x0020, 0x0020, 0x0020, 0x0020, 0x0020, 0x0020, 0x0020, 0x0020, 0x0020, 0x0020, 0x0020, 0x0020,
  0x0020, 0x0020, 0x0020, 0x0020, 0x0020, 0x0020, 0x0020, 0x0020, 0x0020, 0x0020, 0x0020, 0x0020,
  0x0020, 0x0020, 0x0020, 0x0020, 0x0020, 0x0020, 0x0020, 0x0020, 0x0020, 0x0020, 0x0020, 0x0020,
  0x0020, 0x0020, 0x0020, 0x0020, 0x0020, 0x0020, 0x0020, 0x0020, 0x0020, 0x0020, 0x0020, 0x0020,
  0x0020, 0x0020, 0x0020, 0x0020, 0x0020, 0x0020, 0x0020, 0x0020, 0x0020, 0x0020, 0x0020, 0x0020,
  0x0020, 0x0020, 0x0020, 0x0000, 0x0020, 0x0000, 0x20E2, 0xCBE9, 0x3964, 0x1904, 0x2945, 0x2124,
  0x1904, 0x18C3, 0x18C3, 0x2103, 0x3985, 0x4A06, 0x5226, 0x4A06, 0x62A8, 0x734B, 0x942E, 0xACCF,
  0xACCF, 0xA46E, 0x93ED, 0x8BCC, 0x8BCC, 0x8BAB, 0x838B, 0xACAF, 0xA48E, 0xA48E, 0xA46E, 0xA48E,
  0xA48E, 0xA48E, 0xA46E, 0xA46E, 0xA48E, 0x9C4D, 0x838C, 0xACAF, 0xA48E, 0xAC8F, 0xA48E, 0xA46E,
  0xAC8E, 0xACAF, 0xA44E, 0x8BAB, 0x838B, 0x83AC, 0x942D, 0xBD52, 0xD614, 0xDE55, 0xDE34, 0xD5F4,
  0xD5F3, 0xD5F4, 0xD5F4, 0xD614, 0xD614, 0xD614, 0xD614, 0xD614, 0xD5F4, 0xD614, 0xD614, 0xD614,
  0xD614, 0xD614, 0xD614, 0xCDD4, 0x7AC8, 0x9B49, 0xB3EB, 0xC42A, 0x9B69, 0x6162, 0x3123, 0x31A6,
  0x18E4, 0x59A3, 0xCC0A, 0x7245, 0x6982, 0x0820, 0x0000, 0x0020, 0x0020, 0x0020, 0x0020, 0x0020,
  0x0020, 0x0020, 0x0020, 0x0020, 0x0020, 0x0020, 0x0020, 0x0020, 0x0020, 0x0020, 0x0020, 0x0020,
  0x0020, 0x0020, 0x0020, 0x0020, 0x0020, 0x0020, 0x0020, 0x0020, 0x0020, 0x0020, 0x0020, 0x0020,
  0x0020, 0x0020, 0x0020, 0x0020, 0x0020, 0x0020, 0x0020, 0x0020, 0x0020, 0x0020, 0x0020, 0x0020,
  0x0020, 0x0020, 0x0020, 0x0020, 0x0020, 0x0020, 0x0020, 0x0020, 0x0020, 0x0020, 0x0020, 0x0020,
  0x0000, 0x0020, 0x0020, 0x0020, 0x0020, 0x0020, 0x0020, 0x0020, 0x0000, 0x0020, 0x0020, 0x0020,
  0x0020, 0x0020, 0x0020, 0x0020, 0x0020, 0x0020, 0x0020, 0x0020, 0x0000, 0x0020, 0xBBA8, 0x7266,
  0x08C3, 0x2124, 0x2124, 0x2104, 0x2124, 0x2124, 0x2124, 0x1904, 0x18C3, 0x18C3, 0x2103, 0x3144,
  0x4A06, 0x5247, 0x5A67, 0x62A8, 0x734A, 0x940D, 0xACD0, 0xB4F0, 0x940D, 0x732A, 0x838B, 0x8BAC,
  0x9C2D, 0xA46E, 0xAC8F, 0xACAF, 0xAC8F, 0xA48E, 0xA46E, 0xA48E, 0xAC8E, 0x8BCC, 0xA48F, 0xA46E,
  0xA46E, 0xA48E, 0xA48E, 0xA46E, 0xA46E, 0xA46E, 0xA46E, 0xA46E, 0xACAF, 0x8BAB, 0x6AC9, 0x83AC,
  0x83CC, 0x9C4E, 0xBD51, 0xD5F4, 0xDE55, 0xDE34, 0xD5F4, 0xD614, 0xD614, 0xD614, 0xD614, 0xD614,
  0xD5F4, 0xD614, 0xD614, 0xD614, 0xD614, 0xD614, 0xD5F4, 0xCDD3, 0x8AE7, 0x9203, 0x9245, 0x92E7,
  0x69E4, 0x6982, 0x3144, 0x2145, 0x28E2, 0xC3A9, 0x8AE7, 0x71A3, 0x20A1, 0x0000, 0x0020, 0x0000,
  0x0020, 0x0020, 0x0020, 0x0020, 0x0020, 0x0020, 0x0020, 0x0020, 0x0020, 0x0020, 0x0020, 0x0020,
  0x0020, 0x0020, 0x0020, 0x0020, 0x0020, 0x0020, 0x0020, 0x0020, 0x0020, 0x0020, 0x0020, 0x0020,
  0x0020, 0x0020, 0x0020, 0x0020, 0x0020, 0x0020, 0x0020, 0x0020, 0x0020, 0x0020, 0x0020, 0x0020,
  0x0020, 0x0020, 0x0020, 0x0020, 0x0020, 0x0020, 0x0020, 0x0020, 0x0020, 0x0020, 0x0020, 0x0020,
  0x0020, 0x0020, 0x0020, 0x0020, 0x0020, 0x0020, 0x0020, 0x0020, 0x0020, 0x0020, 0x0020, 0x0020,
  0x0000, 0x0020, 0x0020, 0x0020, 0x0020, 0x0020, 0x0020, 0x0020, 0x0020, 0x0020, 0x0020, 0x0020,
  0x0000, 0x82A6, 0x9AE7, 0x10E4, 0x2945, 0x2124, 0x2124, 0x2124, 0x2124, 0x2104, 0x2104, 0x2124,
  0x2124, 0x2125, 0x2104, 0x18E3, 0x18C3, 0x2103, 0x3985, 0x4A06, 0x5A47, 0x5A47, 0x5A68, 0x732A,
  0x734B, 0xACD0, 0xB4D0, 0xA48F, 0x8BCC, 0x838B, 0x83AC, 0x9C2D, 0xA48E, 0xACAF, 0xAC8E, 0xACAF,
  0x8BCC, 0x9C2E, 0xAC8F, 0xA46E, 0xA46E, 0xA46E, 0xA46E, 0xA48E, 0xA46E, 0xA46E, 0xA46E, 0xA46E,
  0x9C4D, 0x836B, 0xAC8F, 0xAC8E, 0xA44E, 0x8BCC, 0x836B, 0x83AC, 0x9C6E, 0xB531, 0xD5F4, 0xDE55,
  0xDE34, 0xD5F3, 0xD5F3, 0xCDF3, 0xD614, 0xD5F4, 0xD614, 0xD614, 0xD614, 0xD614, 0xD614, 0xC5D3,
  0x92E7, 0x9A65, 0x9265, 0x9A85, 0x71C3, 0x71A3, 0x3103, 0x10C3, 0x9AA6, 0xABA9, 0x71E3, 0x4922,
  0x0000, 0x0020, 0x0020, 0x0020, 0x0020, 0x0020, 0x0020, 0x0020, 0x0020, 0x0020, 0x0020, 0x0020,
  0x0020, 0x0020, 0x0020, 0x0020, 0x0020, 0x0020, 0x0020, 0x0020, 0x0020, 0x0020, 0x0020, 0x0020,
  0x0020, 0x0020, 0x0020, 0x0020, 0x0020, 0x0020, 0x0020, 0x0020, 0x0020, 0x0020, 0x0020, 0x0020,
  0x0020, 0x0020, 0x0020, 0x0020, 0x0020, 0x0020, 0x0020, 0x0020, 0x0020, 0x0020, 0x0020, 0x0020,
  0x0020, 0x0020, 0x0020, 0x0020, 0x0020, 0x0020, 0x0020, 0x0020, 0x0020, 0x0020, 0x0020, 0x0020,
  0x0020, 0x0020, 0x0020, 0x0020, 0x0020, 0x0020, 0x0020, 0x0020, 0x0020, 0x0020, 0x0020, 0x0020,
  0x0000, 0x0020, 0x0020, 0x0000, 0x51C4, 0xBB89, 0x20E3, 0x2124, 0x2124, 0x2124, 0x2125, 0x2125,
  0x2124, 0x2124, 0x2124, 0x2124, 0x2124, 0x2124, 0x2124, 0x2124, 0x2124, 0x2104, 0x18E4, 0x18C3,
  0x2103, 0x3164, 0x49C5, 0x5226, 0x49E6, 0x62C9, 0x732A, 0x8BED, 0xA4AF, 0xB4F0, 0xA48F, 0x940D,
  0x838B, 0x83AB, 0x9C2D, 0x9C2D, 0x93ED, 0xACAF, 0xA48E, 0xA48E, 0xAC8F, 0xAC8F, 0xAC8E, 0xA46E,
  0xA46E, 0xA48E, 0xA48E, 0xAC8F, 0x83AC, 0x9C4E, 0xAC8F, 0xA46E, 0xA46E, 0xAC8E, 0xAC8E, 0xA46E,
  0x93EC, 0x838B, 0x83AC, 0x9C4E, 0xBD51, 0xD614, 0xDE35, 0xD614, 0xD614, 0xD5F4, 0xD614, 0xD614,
  0xD5F3, 0xD5F4, 0xD5F4, 0xCDD3, 0x8AE7, 0x9A64, 0x9245, 0x9285, 0x69C3, 0x69A3, 0x18A2, 0x5143,
  0xBBA9, 0x7205, 0x6162, 0x0020, 0x0000, 0x0020, 0x0020, 0x0020, 0x0020, 0x0020, 0x0020, 0x0020,
  0x0020, 0x0020, 0x0020, 0x0020, 0x0020, 0x0020, 0x0020, 0x0020, 0x0020, 0x0020, 0x0020, 0x0020,
  0x0020, 0x0020, 0x0020, 0x0020, 0x0020, 0x0020, 0x0020, 0x0020, 0x0020, 0x0020, 0x0020, 0x0020,
  0x0020, 0x0020, 0x0020, 0x0020, 0x0020, 0x0020, 0x0020, 0x0020, 0x0020, 0x0020, 0x0020, 0x0020,
  0x0020, 0x0020, 0x0020, 0x0020, 0x0020, 0x0020, 0x0020, 0x0020, 0x0020, 0x0020, 0x0020, 0x0020,
  0x0020, 0x0020, 0x0020, 0x0020, 0x0020, 0x0020, 0x0020, 0x0020, 0x0020, 0x0020, 0x0020, 0x0020,
  0x0020, 0x0020, 0x0020, 0x0020, 0x0020, 0x0020, 0x0000, 0x20E2, 0xCBE9, 0x49C5, 0x31A6, 0x3186,
  0x3186, 0x2965, 0x2124, 0x2104, 0x2104, 0x2124, 0x2125, 0x2124, 0x2124, 0x2124, 0x2124, 0x2124,
  0x2124, 0x2124, 0x2125, 0x2125, 0x2104, 0x18E3, 0x18C3, 0x2103, 0x2923, 0x41C5, 0x5226, 0x5A47,
  0x62A8, 0x732A, 0x8BED, 0xA48F, 0xB4CF, 0xACAF, 0x8BCC, 0x6AE9, 0x8BCC, 0x940D, 0xA46E, 0xACAF,
  0xACAF, 0xAC8F, 0xA46E, 0xA46E, 0xA46E, 0xA46E, 0xACAF, 0x93EC, 0x93ED, 0xAC8E, 0xA46E, 0xAC8E,
  0xA46E, 0xA46E, 0xA46E, 0xA46E, 0xAC8E, 0xACAF, 0xA46E, 0x940D, 0x7309, 0x734B, 0x942E, 0xB511,
  0xCDF4, 0xDE35, 0xDE34, 0xD614, 0xD5D3, 0xD5F4, 0xD614, 0xCDD3, 0x82A6, 0x9244, 0x9265, 0x9285,
  0x71C3, 0x69A3, 0x38E2, 0x9AA6, 0x82A6, 0x71A3, 0x2081, 0x0000, 0x0020, 0x0020, 0x0020, 0x0020,
  0x0020, 0x0020, 0x0020, 0x0020, 0x0020, 0x0020, 0x0020, 0x0020, 0x0020, 0x0020, 0x0020, 0x0020,
  0x0020, 0x0020, 0x0020, 0x0020, 0x0020, 0x0020, 0x0020, 0x0020, 0x0020, 0x0020, 0x0020, 0x0020,
  0x0020, 0x0020, 0x0020, 0x0020, 0x0020, 0x0020, 0x0020, 0x0020, 0x0020, 0x0020, 0x0020, 0x0020,
  0x0020, 0x0020, 0x0020, 0x0020, 0x0020, 0x0020, 0x0020, 0x0020, 0x0020, 0x0020, 0x0020, 0x0020,
  0x0020, 0x0020, 0x0020, 0x0020, 0x0020, 0x0020, 0x0020, 0x0020, 0x0020, 0x0020, 0x0020, 0x0020,
  0x0020, 0x0020, 0x0020, 0x0000, 0x0020, 0x0020, 0x0020, 0x0020, 0x0020, 0x0000, 0x0861, 0xB3A9,
  0x69E5, 0x1945, 0x39A6, 0x8265, 0x3165, 0x39E7, 0x39A6, 0x3185, 0x2945, 0x2124, 0x2104, 0x2124,
  0x2125, 0x2125, 0x2125, 0x2124, 0x2124, 0x2124, 0x2124, 0x2104, 0x2124, 0x2125, 0x2125, 0x2104,
  0x18E3, 0x18C3, 0x20E3, 0x3164, 0x49E6, 0x5226, 0x5A67, 0x62A8, 0x732A, 0x940D, 0x8BED, 0xACAF,
  0xACAF, 0x940D, 0x838B, 0x8BAC, 0x940D, 0xA46E, 0xAC8F, 0xAC8F, 0xA46E, 0xAC8E, 0x9C2D, 0x83AC,
  0xAC8F, 0xA46E, 0xAC8F, 0xA48E, 0xA46E, 0xA48E, 0xA48E, 0xA46E, 0xA46E, 0xA46E, 0xA46E, 0xA44E,
  0x838B, 0xA44D, 0x93EC, 0x838B, 0x83AC, 0x9C4E, 0xB510, 0xCDD3, 0xDE34, 0xD5F4, 0xE676, 0x83ED,
  0x61A3, 0xA285, 0x9245, 0x8A45, 0x71C3, 0x4922, 0x6183, 0x8265, 0x71E3, 0x4102, 0x0000, 0x0020,
  0x0020, 0x0020, 0x0020, 0x0020, 0x0020, 0x0020, 0x0020, 0x0020, 0x0020, 0x0020, 0x0020, 0x0020,
  0x0020, 0x0020, 0x0020, 0x0020, 0x0020, 0x0020, 0x0020, 0x0020, 0x0020, 0x0020, 0x0020, 0x0020,
  0x0020, 0x0020, 0x0020, 0x0020, 0x0020, 0x0020, 0x0020, 0x0020, 0x0020, 0x0020, 0x0020, 0x0020,
  0x0020, 0x0000, 0x0020, 0x0020, 0x0020, 0x0020, 0x0020, 0x0020, 0x0020, 0x0020, 0x0020, 0x0020,
  0x0020, 0x0020, 0x0020, 0x0020, 0x0020, 0x0020, 0x0020, 0x0020, 0x0020, 0x0020, 0x0020, 0x0020,
  0x0020, 0x0020, 0x0020, 0x0020, 0x0020, 0x0020, 0x0020, 0x0020, 0x0020, 0x0020, 0x0020, 0x0020,
  0x0020, 0x0000, 0x49E5, 0xCC6C, 0xAB68, 0x8AA7, 0x4964, 0x3103, 0x2945, 0x2986, 0x39C6, 0x39C6,
  0x39C6, 0x39C6, 0x3185, 0x2945, 0x2124, 0x2104, 0x2104, 0x2124, 0x2125, 0x2125, 0x2124, 0x2124,
  0x2124, 0x2124, 0x2124, 0x2124, 0x2125, 0x2145, 0x2124, 0x18E3, 0x18C3, 0x20E3, 0x3164, 0x49E6,
  0x5226, 0x5A47, 0x5227, 0x732A, 0x8BED, 0xA48F, 0xB4F0, 0xAC8F, 0x93EC, 0x83AC, 0x83AC, 0x93EC,
  0xA46E, 0xACAF, 0x8BAC, 0xA48F, 0xA46E, 0xA48F, 0xAC8F, 0xAC8F, 0xA48F, 0xA46E, 0xA46E, 0xA46E,
  0xA46E, 0xA46E, 0xACAF, 0x838C, 0xA44E, 0xA46E, 0xAC8E, 0xACAF, 0xA46E, 0x9C0D, 0x8BAC, 0x838B,
  0x944E, 0xBD31, 0xAD11, 0x41C5, 0x4963, 0x8224, 0x9244, 0x9265, 0x5962, 0x5122, 0x7A65, 0x7204,
  0x6162, 0x0000, 0x0020, 0x0020, 0x0020, 0x0020, 0x0020, 0x0020, 0x0020, 0x0020, 0x0020, 0x0020,
  0x0020, 0x0020, 0x0020, 0x0020, 0x0020, 0x0020, 0x0020, 0x0020, 0x0020, 0x0020, 0x0020, 0x0020,
  0x0020, 0x0020, 0x0020, 0x0020, 0x0020, 0x0020, 0x0020, 0x0020, 0x0020, 0x0020, 0x0020, 0x0020,
  0x0020, 0x0020, 0x0020, 0x0020, 0x0020, 0x0020, 0x0020, 0x0020, 0x0020, 0x0020, 0x0020, 0x0020,
  0x0020, 0x0020, 0x0020, 0x0020, 0x0020, 0x0020, 0x0020, 0x0020, 0x0020, 0x0020, 0x0020, 0x0020,
  0x0020, 0x0020, 0x0020, 0x0020, 0x0020, 0x0020, 0x0020, 0x0020, 0x0020, 0x0020, 0x0020, 0x0020,
  0x0020, 0x0020, 0x0020, 0x0020, 0x0020, 0x0000, 0x5963, 0x8A65, 0x92E7, 0xB3A9, 0xC3C9, 0xB3A9,
  0x82A7, 0x51A5, 0x3165, 0x2986, 0x31A6, 0x39A6, 0x39C6, 0x39C6, 0x39A6, 0x3186, 0x2145, 0x2124,
  0x2104, 0x2124, 0x2125, 0x2125, 0x2125, 0x2124, 0x2124, 0x2124, 0x2124, 0x2124, 0x2124, 0x2124,
  0x2125, 0x2124, 0x18E4, 0x18C3, 0x20E3, 0x3164, 0x39A5, 0x5A47, 0x5A47, 0x6288, 0x732A, 0x8BED,
  0xA4AF, 0xB4D0, 0xA48E, 0x940D, 0x8BCC, 0x6B09, 0x838B, 0xA46E, 0xAC8E, 0xACAF, 0xA48E, 0xA46E,
  0xA48F, 0xA46E, 0xA46E, 0xA46E, 0xA46E, 0xACAF, 0x93ED, 0x9C2E, 0xAC8E, 0xA46E, 0xA46E, 0xA46E,
  0xA48E, 0xA46E, 0xACAF, 0xA46E, 0x93EC, 0x93ED, 0x4A27, 0x41A5, 0x3964, 0x2923, 0x4163, 0x5183,
  0x38E1, 0x9AC6, 0x8286, 0x79C3, 0x1861, 0x0000, 0x0020, 0x0020, 0x0020, 0x0020, 0x0020, 0x0020,
  0x0020, 0x0020, 0x0020, 0x0020, 0x0020, 0x0020, 0x0020, 0x0020, 0x0020, 0x0020, 0x0020, 0x0020,
  0x0020, 0x0020, 0x0020, 0x0020, 0x0020, 0x0020, 0x0020, 0x0020, 0x0020, 0x0020, 0x0020, 0x0020,
  0x0020, 0x0020, 0x0020, 0x0020, 0x0020, 0x0020, 0x0020, 0x0020, 0x0020, 0x0020, 0x0020, 0x0020,
  0x0020, 0x0020, 0x0020, 0x0020, 0x0020, 0x0020, 0x0020, 0x0020, 0x0020, 0x0020, 0x0020, 0x0020,
  0x0020, 0x0020, 0x0020, 0x0020, 0x0020, 0x0020, 0x0020, 0x0020, 0x0020, 0x0020, 0x0020, 0x0020,
  0x0020, 0x0020, 0x0020, 0x0020, 0x0020, 0x0020, 0x0020, 0x0020, 0x0020, 0x0000, 0x5983, 0x9A65,
  0x8204, 0x69C4, 0x7A66, 0x9B08, 0xB3CA, 0xC40A, 0xB3A9, 0x8286, 0x49A5, 0x2945, 0x2965, 0x31A6,
  0x39C6, 0x41E6, 0x5206, 0x39A6, 0x31A6, 0x2945, 0x2124, 0x2104, 0x2124, 0x2124, 0x2125, 0x2125,
  0x2125, 0x2124, 0x2124, 0x2124, 0x2124, 0x2124, 0x2125, 0x2145, 0x2124, 0x18E4, 0x18C3, 0x20E3,
  0x3144, 0x49E6, 0x5227, 0x5247, 0x5A88, 0x6B0A, 0x8BCC, 0xACAF, 0x9C2E, 0x8C0D, 0x940D, 0x838B,
  0x83AC, 0x93ED, 0xA46E, 0xAC8E, 0xAC8F, 0xA46E, 0xA46E, 0xA44E, 0xA46E, 0x9C2D, 0x8BCD, 0xAC8F,
  0xA46E, 0xA46E, 0xA48F, 0xA46E, 0xA46E, 0xA46E, 0xA46E, 0xA46E, 0xAC8E, 0x9C2D, 0x838C, 0xA46E,
  0x8BAC, 0x5A88, 0x41E6, 0x2944, 0xAB27, 0x9B28, 0x71C3, 0x38E1, 0x0000, 0x0020, 0x0020, 0x0020,
  0x0020, 0x0020, 0x0020, 0x0020, 0x0020, 0x0020, 0x0020, 0x0020, 0x0020, 0x0020, 0x0020, 0x0020,
  0x0020, 0x0020, 0x0020, 0x0020, 0x0020, 0x0020, 0x0020, 0x0020, 0x0020, 0x0020, 0x0020, 0x0020,
  0x0020, 0x0020, 0x0020, 0x0020, 0x0020, 0x0020, 0x0020, 0x0020, 0x0020, 0x0020, 0x0020, 0x0020,
  0x0020, 0x0020, 0x0020, 0x0020, 0x0020, 0x0020, 0x0020, 0x0020, 0x0020, 0x0020, 0x0020, 0x0020,
  0x0020, 0x0020, 0x0020, 0x0020, 0x0020, 0x0020, 0x0020, 0x0020, 0x0020, 0x0020, 0x0020, 0x0020,
  0x0020, 0x0020, 0x0020, 0x0020, 0x0020, 0x0020, 0x0020, 0x0020, 0x0020, 0x0020, 0x0000, 0x0000,
  0x0020, 0x0000, 0x28A1, 0x69A3, 0x8A24, 0x8245, 0x7A45, 0x71C3, 0x8204, 0x8265, 0x9B08, 0xB3CA,
  0xC3EA, 0xB389, 0x82A7, 0x51C5, 0x2965, 0x3165, 0x7204, 0x3185, 0x39E7, 0x39C6, 0x31A6, 0x3185,
  0x2944, 0x2124, 0x2104, 0x2125, 0x2145, 0x2145, 0x2125, 0x2124, 0x2124, 0x2125, 0x2125, 0x2124,
  0x2125, 0x2125, 0x2145, 0x2124, 0x18E4, 0x18C3, 0x18E3, 0x3144, 0x41C5, 0x5226, 0x5A67, 0x6288,
  0x5A88, 0x8C0D, 0xA48F, 0xB4F0, 0xACAF, 0x940D, 0x83AC, 0x83AB, 0x940D, 0xA44E, 0xA46E, 0xAC8E,
  0xAC8F, 0x836B, 0xA46E, 0xA46E, 0xA48F, 0xAC8F, 0xA46E, 0xA48E, 0xA48F, 0xA48E, 0xA46E, 0xA46E,
  0xA46E, 0x7B4B, 0xA48F, 0xAC8E, 0xAC8E, 0xB4CF, 0x732A, 0x8245, 0x9B07, 0x61C4, 0x5962, 0x0000,
  0x0020, 0x0020, 0x0020, 0x0020, 0x0020, 0x0020, 0x0000, 0x0020, 0x0020, 0x0020, 0x0020, 0x0020,
  0x0020, 0x0020, 0x0020, 0x0020, 0x0020, 0x0020, 0x0020, 0x0020, 0x0020, 0x0020, 0x0020, 0x0020,
  0x0020, 0x0020, 0x0020, 0x0020, 0x0020, 0x0020, 0x0020, 0x0020, 0x0020, 0x0020, 0x0020, 0x0020,
  0x0020, 0x0020, 0x0020, 0x0020, 0x0020, 0x0020, 0x0020, 0x0020, 0x0020, 0x0020, 0x0020, 0x0020,
  0x0020, 0x0020, 0x0020, 0x0020, 0x0020, 0x0020, 0x0020, 0x0020, 0x0020, 0x0020, 0x0020, 0x0020,
  0x0020, 0x0020, 0x0020, 0x0020, 0x0020, 0x0020, 0x0020, 0x0020, 0x0020, 0x0020, 0x0020, 0x0020,
  0x0020, 0x0020, 0x0020, 0x0020, 0x0020, 0x0020, 0x0000, 0x0000, 0x1061, 0x30E1, 0x4942, 0x8A44,
  0x9265, 0x8A44, 0x8204, 0x7A04, 0x8265, 0x9B28, 0xBBEA, 0xC3E9, 0xB389, 0x8286, 0x3943, 0x2965,
  0x2966, 0x3186, 0x39A6, 0x39C6, 0x39C6, 0x39C6, 0x31A6, 0x2965, 0x2124, 0x2104, 0x2124, 0x2125,
  0x2145, 0x2145, 0x2125, 0x2125, 0x2125, 0x2124, 0x2124, 0x2124, 0x2145, 0x2145, 0x2124, 0x18E3,
  0x18C3, 0x20E3, 0x3164, 0x41C5, 0x41C5, 0x5247, 0x5A68, 0x730A, 0x8BCD, 0xA48F, 0xB4D0, 0xACAF,
  0x940D, 0x838B, 0x838B, 0x9C0D, 0x8BAC, 0x9C2D, 0xAC8E, 0xA46E, 0xA48F, 0xA48E, 0xA48E, 0xA48E,
  0xA46E, 0xA46E, 0xA46E, 0xACAF, 0x8BCC, 0x9C4E, 0xAC8E, 0xA44E, 0xA46E, 0x942D, 0x7AA7, 0xAB27,
  0x6A25, 0x6982, 0x1061, 0x0000, 0x0020, 0x0020, 0x0020, 0x0020, 0x0020, 0x0020, 0x0020, 0x0020,
  0x0020, 0x0020, 0x0020, 0x0020, 0x0020, 0x0020, 0x0020, 0x0020, 0x0020, 0x0020, 0x0020, 0x0020,
  0x0020, 0x0020, 0x0020, 0x0020, 0x0020, 0x0020, 0x0020, 0x0020, 0x0020, 0x0020, 0x0020, 0x0020,
  0x0020, 0x0020, 0x0020, 0x0020, 0x0020, 0x0020, 0x0020, 0x0020, 0x0020, 0x0020, 0x0020, 0x0020,
  0x0020, 0x0020, 0x0020, 0x0020, 0x0020, 0x0020, 0x0020, 0x0020, 0x0020, 0x0020, 0x0020, 0x0020,
  0x0020, 0x0020, 0x0020, 0x0020, 0x0020, 0x0020, 0x0020, 0x0020, 0x0020, 0x0020, 0x0020, 0x0020,
  0x0020, 0x0020, 0x0020, 0x0020, 0x0020, 0x0020, 0x0020, 0x0020, 0x0020, 0x0020, 0x0020, 0x0020,
  0x0000, 0x0000, 0x0000, 0x1061, 0x38E2, 0x61A3, 0x8224, 0x9265, 0x9244, 0x8204, 0x7A04, 0x7A45,
  0x9B28, 0xB3CA, 0xC3EA, 0xB389, 0x8286, 0x49A5, 0x2965, 0x2965, 0x31A6, 0x39C6, 0x39E7, 0x39C6,
  0x39C6, 0x2965, 0x2965, 0x2124, 0x2104, 0x2124, 0x2145, 0x2145, 0x2145, 0x2125, 0x2124, 0x2124,
  0x2125, 0x2124, 0x2124, 0x2124, 0x2125, 0x2124, 0x18E3, 0x10C3, 0x18C3, 0x3144, 0x41E6, 0x5247,
  0x5A47, 0x5A88, 0x6AEA, 0x8BCC, 0xA46E, 0xACCF, 0xACD0, 0x838C, 0x6AE9, 0x838B, 0x940D, 0xA44E,
  0xAC8F, 0xACAF, 0xAC8F, 0xAC8F, 0xA48E, 0xA46E, 0xAC8F, 0x9C2D, 0x8BCC, 0xACAF, 0xA48E, 0xA46E,
  0xA48E, 0x72E8, 0xCB88, 0x9328, 0x6982, 0x30C1, 0x0000, 0x0020, 0x0020, 0x0020, 0x0020, 0x0020,
  0x0020, 0x0020, 0x0020, 0x0020, 0x0020, 0x0020, 0x0020, 0x0020, 0x0020, 0x0020, 0x0020, 0x0020,
  0x0020, 0x0020, 0x0020, 0x0020, 0x0020, 0x0020, 0x0020, 0x0020, 0x0020, 0x0020, 0x0020, 0x0020,
  0x0020, 0x0020, 0x0020, 0x0020, 0x0020, 0x0020, 0x0020, 0x0020, 0x0020, 0x0020, 0x0020, 0x0020,
  0x0020, 0x0020, 0x0020, 0x0020, 0x0020, 0x0020, 0x0020, 0x0020, 0x0020, 0x0020, 0x0020, 0x0020,
  0x0020, 0x0020, 0x0020, 0x0020, 0x0020, 0x0020, 0x0020, 0x0020, 0x0020, 0x0020, 0x0020, 0x0020,
  0x0020, 0x0020, 0x0020, 0x0020, 0x0020, 0x0020, 0x0020, 0x0020, 0x0020, 0x0020, 0x0020, 0x0020,
  0x0020, 0x0020, 0x0020, 0x0020, 0x0020, 0x0020, 0x0020, 0x0000, 0x0000, 0x0000, 0x1061, 0x3902,
  0x69C3, 0x8244, 0x9265, 0x9265, 0x7A24, 0x7225, 0x8245, 0x9B28, 0xBBCA, 0xCC0A, 0xB389, 0x8286,
  0x49A5, 0x2965, 0x2165, 0x31A6, 0x39C6, 0x7267, 0x41C6, 0x31A6, 0x3185, 0x2945, 0x2124, 0x2124,
  0x2124, 0x2125, 0x2125, 0x2125, 0x2125, 0x2124, 0x2124, 0x2124, 0x2124, 0x2124, 0x2125, 0x2145,
  0x2125, 0x18E4, 0x10C3, 0x18E3, 0x3144, 0x41E6, 0x5227, 0x5A47, 0x5A68, 0x6B0A, 0x7B8B, 0x83AC,
  0xB4F0, 0xACAF, 0x940D, 0x838B, 0x83AC, 0x940D, 0xA46E, 0xACAF, 0xACAF, 0xAC8F, 0xA46E, 0x7B6B,
  0xA48F, 0xA46E, 0xA46E, 0xACCF, 0x838B, 0xAB27, 0xB3CA, 0x69C4, 0x5142, 0x0000, 0x0020, 0x0020,
  0x0020, 0x0020, 0x0020, 0x0020, 0x0020, 0x0020, 0x0020, 0x0020, 0x0020, 0x0020, 0x0020, 0x0020,
  0x0020, 0x0020, 0x0020, 0x0020, 0x0020, 0x0020, 0x0020, 0x0020, 0x0020, 0x0020, 0x0020, 0x0020,
  0x0020, 0x0020, 0x0020, 0x0020, 0x0020, 0x0020, 0x0020, 0x0020, 0x0020, 0x0020, 0x0020, 0x0020,
  0x0020, 0x0020, 0x0020, 0x0020, 0x0020, 0x0020, 0x0020, 0x0020, 0x0020, 0x0020, 0x0020, 0x0020,
  0x0020, 0x0020, 0x0020, 0x0020, 0x0020, 0x0020, 0x0020, 0x0020, 0x0020, 0x0020, 0x0020, 0x0020,
  0x0020, 0x0020, 0x0020, 0x0020, 0x0020, 0x0020, 0x0020, 0x0020, 0x0020, 0x0020, 0x0020, 0x0020,
  0x0020, 0x0020, 0x0020, 0x0020, 0x0020, 0x0020, 0x0020, 0x0020, 0x0020, 0x0020, 0x0020, 0x0020,
  0x0020, 0x0020, 0x0000, 0x0000, 0x0000, 0x1061, 0x4102, 0x71C3, 0x7A04, 0x7A24, 0x8A24, 0x8204,
  0x79E4, 0x8265, 0x9B08, 0xBBEA, 0xCC0A, 0xAB68, 0x7A46, 0x49A5, 0x2924, 0x61C4, 0x3964, 0x31C6,
  0x39C6, 0x39C6, 0x31A6, 0x3185, 0x2945, 0x2124, 0x2104, 0x2124, 0x2125, 0x2125, 0x2125, 0x2124,
  0x2124, 0x2124, 0x2124, 0x2124, 0x2124, 0x2125, 0x2125, 0x2124, 0x18E4, 0x10C3, 0x18E3, 0x2944,
  0x41C5, 0x5226, 0x49E6, 0x5247, 0x732A, 0x83AC, 0xA46E, 0xB4F0, 0xA48F, 0x940D, 0x8BCC, 0x83AC,
  0x8BCC, 0xA44E, 0x83AC, 0x9C4E, 0xAC8E, 0xA46E, 0xAC8F, 0x944E, 0x8AC7, 0xCC0A, 0x7246, 0x71A3,
  0x1040, 0x0000, 0x0020, 0x0020, 0x0020, 0x0020, 0x0020, 0x0020, 0x0020, 0x0020, 0x0020, 0x0020,
  0x0020, 0x0020, 0x0020, 0x0020, 0x0020, 0x0020, 0x0020, 0x0020, 0x0020, 0x0020, 0x0020, 0x0020,
  0x0020, 0x0020, 0x0020, 0x0020, 0x0020, 0x0020, 0x0020, 0x0020, 0x0020, 0x0020, 0x0020, 0x0020,
  0x0020, 0x0020, 0x0020, 0x0020, 0x0020, 0x0020, 0x0020, 0x0020, 0x0020, 0x0020, 0x0020, 0x0020,
  0x0020, 0x0020, 0x0020, 0x0020, 0x0020, 0x0020, 0x0020, 0x0020, 0x0020, 0x0020, 0x0020, 0x0000,
  0x0020, 0x0020, 0x0020, 0x0020, 0x0020, 0x0020, 0x0020, 0x0020, 0x0020, 0x0020, 0x0020, 0x0020,
  0x0020, 0x0020, 0x0020, 0x0020, 0x0020, 0x0020, 0x0020, 0x0020, 0x0020, 0x0020, 0x0020, 0x0020,
  0x0020, 0x0020, 0x0020, 0x0020, 0x0020, 0x0020, 0x0020, 0x0020, 0x0020, 0x0000, 0x0000, 0x0000,
  0x1061, 0x38E2, 0x71E4, 0x8224, 0x9265, 0x9244, 0x8204, 0x7A04, 0x8266, 0x9308, 0xBBEA, 0xCC0A,
  0xB3A9, 0x7225, 0x4984, 0x2944, 0x2965, 0x3186, 0x39C6, 0x39C6, 0x39C6, 0x39A6, 0x31A6, 0x2945,
  0x2124, 0x2104, 0x2104, 0x2124, 0x2125, 0x2125, 0x2125, 0x2124, 0x2125, 0x2124, 0x2124, 0x2124,
  0x2124, 0x2125, 0x2124, 0x18E3, 0x18C3, 0x18E3, 0x2924, 0x41A5, 0x5226, 0x5247, 0x5A88, 0x6AE9,
  0x83AC, 0xA48F, 0xB4F0, 0xACCF, 0x9C2E, 0x7B4A, 0x6B0A, 0x942D, 0xA46E, 0xACAF, 0xAC8F, 0x7AC8,
  0xCBC9, 0x8AE8, 0x71A3, 0x30C1, 0x0000, 0x0020, 0x0000, 0x0020, 0x0020, 0x0020, 0x0020, 0x0020,
  0x0020, 0x0020, 0x0020, 0x0020, 0x0020, 0x0020, 0x0020, 0x0020, 0x0020, 0x0020, 0x0020, 0x0020,
  0x0020, 0x0020, 0x0020, 0x0020, 0x0020, 0x0020, 0x0020, 0x0020, 0x0020, 0x0020, 0x0020, 0x0020,
  0x0020, 0x0020, 0x0020, 0x0020, 0x0020, 0x0020, 0x0020, 0x0020, 0x0020, 0x0020, 0x0020, 0x0020,
  0x0020, 0x0020, 0x0020, 0x0020, 0x0020, 0x0020, 0x0020, 0x0020, 0x0020, 0x0020, 0x0020, 0x0020,
  0x0020, 0x0020, 0x0020, 0x0020, 0x0020, 0x0020, 0x0020, 0x0020, 0x0020, 0x0020, 0x0020, 0x0020,
  0x0020, 0x0020, 0x0020, 0x0020, 0x0020, 0x0020, 0x0020, 0x0020, 0x0020, 0x0020, 0x0020, 0x0020,
  0x0020, 0x0020, 0x0020, 0x0020, 0x0020, 0x0020, 0x0020, 0x0020, 0x0020, 0x0020, 0x0020, 0x0020,
  0x0020, 0x0020, 0x0020, 0x0020, 0x0000, 0x0000, 0x0000, 0x1861, 0x4102, 0x69C3, 0x8A44, 0x9265,
  0x8A24, 0x81E4, 0x7A04, 0x8A86, 0x9308, 0xBBAA, 0xC3C9, 0xB348, 0x8286, 0x49A5, 0x2965, 0x2966,
  0x31A6, 0x39C6, 0x39C6, 0x39C6, 0x3186, 0x2965, 0x2945, 0x2104, 0x2104, 0x2124, 0x2125, 0x2145,
  0x2125, 0x2124, 0x2124, 0x2124, 0x2124, 0x2124, 0x2124, 0x2124, 0x2125, 0x2104, 0x18E3, 0x10C3,
  0x18C3, 0x2944, 0x41C5, 0x5227, 0x5A67, 0x5A88, 0x6AE9, 0x83AC, 0xA46E, 0xACAF, 0xACD0, 0x940D,
  0x838B, 0x8BEC, 0x7B2A, 0xB327, 0xAB89, 0x71C3, 0x5142, 0x0000, 0x0020, 0x0000, 0x0020, 0x0020,
  0x0020, 0x0020, 0x0020, 0x0020, 0x0020, 0x0020, 0x0020, 0x0020, 0x0020, 0x0020, 0x0020, 0x0020,
  0x0020, 0x0020, 0x0020, 0x0020, 0x0020, 0x0020, 0x0020, 0x0020, 0x0020, 0x0020, 0x0020, 0x0020,
  0x0020, 0x0020, 0x0020, 0x0020, 0x0020, 0x0020, 0x0020, 0x0020, 0x0020, 0x0020, 0x0020, 0x0020,
  0x0020, 0x0020, 0x0020, 0x0020, 0x0020, 0x0020, 0x0020, 0x0020, 0x0020, 0x0020, 0x0020, 0x0020,
  0x0020, 0x0020, 0x0020, 0x0020, 0x0020, 0x0020, 0x0020, 0x0020, 0x0020, 0x0020, 0x0020, 0x0020,
  0x0020, 0x0020, 0x0020, 0x0020, 0x0020, 0x0020, 0x0020, 0x0020, 0x0020, 0x0020, 0x0020, 0x0020,
  0x0020, 0x0020, 0x0020, 0x0020, 0x0020, 0x0020, 0x0020, 0x0020, 0x0020, 0x0020, 0x0020, 0x0020,
  0x0020, 0x0020, 0x0020, 0x0020, 0x0020, 0x0020, 0x0020, 0x0020, 0x0020, 0x0020, 0x0020, 0x0000,
  0x0000, 0x0000, 0x1861, 0x4102, 0x69C3, 0x8A44, 0x9265, 0x8225, 0x7A45, 0x6183, 0x8266, 0x9B28,
  0xB3CA, 0xCC0A, 0xB368, 0x7A66, 0x49A5, 0x2945, 0x2966, 0x2966, 0x6A46, 0x59C4, 0x3186, 0x39C6,
  0x3186, 0x2945, 0x2124, 0x2104, 0x2124, 0x2125, 0x2145, 0x2125, 0x2124, 0x2124, 0x2124, 0x2124,
  0x2124, 0x2124, 0x2124, 0x2124, 0x2124, 0x18E4, 0x18C3, 0x18E3, 0x3144, 0x41C5, 0x5247, 0x5247,
  0x5A67, 0x6AE9, 0x7B8C, 0xA48F, 0xB4F0, 0x83AC, 0x71E4, 0xC3EA, 0x7225, 0x6982, 0x0840, 0x0000,
  0x0020, 0x0000, 0x0020, 0x0020, 0x0020, 0x0020, 0x0020, 0x0020, 0x0020, 0x0020, 0x0020, 0x0020,
  0x0020, 0x0020, 0x0020, 0x0020, 0x0020, 0x0020, 0x0020, 0x0020, 0x0020, 0x0020, 0x0020, 0x0020,
  0x0020, 0x0020, 0x0020, 0x0020, 0x0020, 0x0020, 0x0020, 0x0020, 0x0020, 0x0020, 0x0020, 0x0020,
  0x0020, 0x0020, 0x0020, 0x0020, 0x0020, 0x0020, 0x0020, 0x0020, 0x0020, 0x0020, 0x0020, 0x0020,
  0x0020, 0x0020, 0x0020, 0x0020, 0x0020, 0x0020, 0x0020, 0x0020, 0x0020, 0x0020, 0x0020, 0x0020,
  0x0020, 0x0020, 0x0020, 0x0020, 0x0020, 0x0020, 0x0020, 0x0020, 0x0020, 0x0020, 0x0020, 0x0020,
  0x0020, 0x0020, 0x0020, 0x0020, 0x0020, 0x0020, 0x0020, 0x0020, 0x0020, 0x0020, 0x0020, 0x0020,
  0x0020, 0x0020, 0x0020, 0x0020, 0x0020, 0x0020, 0x0020, 0x0020, 0x0020, 0x0020, 0x0020, 0x0020,
  0x0020, 0x0020, 0x0020, 0x0020, 0x0020, 0x0020, 0x0000, 0x0000, 0x0000, 0x1861, 0x4122, 0x5983,
  0x69A3, 0x8A44, 0x9244, 0x8204, 0x79E4, 0x8245, 0x9B07, 0xB3C9, 0xC3EA, 0xB368, 0x7A66, 0x4185,
  0x3923, 0x3124, 0x2986, 0x39C6, 0x39C6, 0x39C6, 0x31A6, 0x3185, 0x2945, 0x2104, 0x2104, 0x2104,
  0x2125, 0x2125, 0x2125, 0x2124, 0x2124, 0x2124, 0x2124, 0x2124, 0x2124, 0x2124, 0x2124, 0x2104,
  0x18E4, 0x10C3, 0x18E3, 0x2944, 0x41A5, 0x5226, 0x5247, 0x6288, 0x62C9, 0x6AA7, 0xB3A9, 0x7A66,
  0x79C3, 0x28A1, 0x0000, 0x0020, 0x0020, 0x0020, 0x0020, 0x0020, 0x0020, 0x0020, 0x0020, 0x0020,
  0x0020, 0x0020, 0x0020, 0x0020, 0x0020, 0x0020, 0x0020, 0x0020, 0x0020, 0x0020, 0x0020, 0x0020,
  0x0020, 0x0020, 0x0020, 0x0020, 0x0020, 0x0020, 0x0020, 0x0020, 0x0020, 0x0020, 0x0020, 0x0020,
  0x0020, 0x0020, 0x0020, 0x0020, 0x0020, 0x0020, 0x0020, 0x0020, 0x0020, 0x0020, 0x0020, 0x0020,
  0x0020, 0x0020, 0x0020, 0x0020, 0x0020, 0x0020, 0x0020, 0x0020, 0x0020, 0x0020, 0x0020, 0x0020,
  0x0020, 0x0020, 0x0020, 0x0020, 0x0020, 0x0020, 0x0020, 0x0020, 0x0020, 0x0020, 0x0020, 0x0020,
  0x0020, 0x0020, 0x0020, 0x0020, 0x0020, 0x0020, 0x0020, 0x0020, 0x0020, 0x0020, 0x0020, 0x0020,
  0x0020, 0x0020, 0x0020, 0x0020, 0x0020, 0x0020, 0x0020, 0x0020, 0x0020, 0x0020, 0x0020, 0x0020,
  0x0020, 0x0020, 0x0020, 0x0020, 0x0020, 0x0020, 0x0020, 0x0020, 0x0020, 0x0020, 0x0020, 0x0020,
  0x0020, 0x0000, 0x0000, 0x0000, 0x1861, 0x4122, 0x69C3, 0x8A24, 0x9245, 0x9244, 0x8204, 0x7A04,
  0x8245, 0x9B28, 0xB3CA, 0xCC2A, 0xAB48, 0x7A66, 0x49A5, 0x2965, 0x2965, 0x3186, 0x39C6, 0x39C6,
  0x39C7, 0x39C6, 0x3186, 0x2945, 0x2124, 0x2104, 0x2124, 0x2125, 0x2125, 0x2125, 0x2125, 0x2124,
  0x2124, 0x2124, 0x2104, 0x2124, 0x2124, 0x2125, 0x2124, 0x1904, 0x10C3, 0x18E3, 0x2924, 0x41C5,
  0x4A06, 0x51A3, 0x82A7, 0x71C3, 0x5122, 0x0000, 0x0020, 0x0020, 0x0020, 0x0020, 0x0020, 0x0020,
  0x0020, 0x0020, 0x0020, 0x0020, 0x0020, 0x0020, 0x0020, 0x0020, 0x0020, 0x0020, 0x0020, 0x0020,
  0x0020, 0x0020, 0x0020, 0x0020, 0x0020, 0x0020, 0x0020, 0x0020, 0x0020, 0x0020, 0x0020, 0x0020,
  0x0020, 0x0020, 0x0020, 0x0020, 0x0020, 0x0020, 0x0020, 0x0020, 0x0020, 0x0020, 0x0020, 0x0020,
  0x0020, 0x0020, 0x0020, 0x0020, 0x0020, 0x0020, 0x0020, 0x0020, 0x0020, 0x0020, 0x0020, 0x0020,
  0x0020, 0x0020, 0x0020, 0x0020, 0x0020, 0x0020, 0x0020, 0x0020, 0x0020, 0x0020, 0x0020, 0x0020,
  0x0020, 0x0020, 0x0020, 0x0000, 0x0020, 0x0020, 0x0020, 0x0020, 0x0020, 0x0020, 0x0020, 0x0020,
  0x0020, 0x0020, 0x0020, 0x0020, 0x0020, 0x0020, 0x0020, 0x0020, 0x0020, 0x0020, 0x0020, 0x0020,
  0x0020, 0x0020, 0x0020, 0x0020, 0x0020, 0x0020, 0x0020, 0x0020, 0x0020, 0x0020, 0x0020, 0x0020,
  0x0020, 0x0020, 0x0020, 0x0020, 0x0020, 0x0020, 0x0020, 0x0020, 0x0000, 0x0000, 0x0000, 0x1861,
  0x4102, 0x69C3, 0x8A24, 0x9265, 0x8A24, 0x8204, 0x7A04, 0x7A66, 0x9B08, 0xBBEA, 0xCC0A, 0xAB68,
  0x7A66, 0x4985, 0x2965, 0x2986, 0x31A6, 0x39C7, 0x39C6, 0x39C6, 0x3186, 0x3185, 0x2945, 0x2124,
  0x2104, 0x2124, 0x2125, 0x2125, 0x2124, 0x2124, 0x2124, 0x2124, 0x2124, 0x2124, 0x2124, 0x2124,
  0x2124, 0x2124, 0x1904, 0x10C3, 0x20E2, 0x61A3, 0x5942, 0x6182, 0x0820, 0x0000, 0x0020, 0x0020,
  0x0020, 0x0020, 0x0020, 0x0020, 0x0020, 0x0020, 0x0020, 0x0020, 0x0020, 0x0020, 0x0020, 0x0020,
  0x0020, 0x0020, 0x0020, 0x0020, 0x0020, 0x0020, 0x0020, 0x0020, 0x0020, 0x0020, 0x0020, 0x0020,
  0x0020, 0x0020, 0x0020, 0x0020, 0x0020, 0x0020, 0x0020, 0x0020, 0x0020, 0x0020, 0x0020, 0x0020,
  0x0020, 0x0020, 0x0020, 0x0020, 0x0020, 0x0020, 0x0020, 0x0020, 0x0020, 0x0020, 0x0020, 0x0020,
  0x0020, 0x0020, 0x0020, 0x0020, 0x0020, 0x0020, 0x0020, 0x0020, 0x0020, 0x0020, 0x0020, 0x0020,
  0x0020, 0x0020, 0x0020, 0x0020, 0x0020, 0x0020, 0x0020, 0x0020, 0x0020, 0x0020, 0x0020, 0x0020,
  0x0020, 0x0020, 0x0020, 0x0020, 0x0020, 0x0020, 0x0020, 0x0020, 0x0020, 0x0020, 0x0020, 0x0020,
  0x0020, 0x0020, 0x0020, 0x0020, 0x0020, 0x0020, 0x0020, 0x0020, 0x0020, 0x0020, 0x0020, 0x0020,
  0x0020, 0x0020, 0x0020, 0x0020, 0x0020, 0x0020, 0x0020, 0x0020, 0x0020, 0x0020, 0x0020, 0x0020,
  0x0020, 0x0020, 0x0020, 0x0000, 0x0000, 0x0000, 0x1861, 0x4122, 0x69C3, 0x9265, 0x8224, 0x8286,
  0x71A3, 0x8224, 0x8266, 0x9B08, 0xBBEA, 0xCC0A, 0xB368, 0x7A66, 0x4985, 0x2965, 0x2145, 0x51C5,
  0x7204, 0x3186, 0x39C7, 0x39A6, 0x3186, 0x2945, 0x2104, 0x2104, 0x2104, 0x2125, 0x2125, 0x2125,
  0x2124, 0x2124, 0x2124, 0x2124, 0x2124, 0x2124, 0x2945, 0x18E4, 0x92C7, 0x9308, 0x69A3, 0x28A1,
  0x0000, 0x0020, 0x0020, 0x0020, 0x0020, 0x0020, 0x0020, 0x0020, 0x0020, 0x0020, 0x0020, 0x0020,
  0x0020, 0x0020, 0x0020, 0x0020, 0x0020, 0x0020, 0x0020, 0x0020, 0x0020, 0x0020, 0x0020, 0x0020,
  0x0020, 0x0020, 0x0020, 0x0020, 0x0020, 0x0020, 0x0020, 0x0020, 0x0020, 0x0020, 0x0020, 0x0020,
  0x0020, 0x0020, 0x0020, 0x0020, 0x0020, 0x0020, 0x0020, 0x0020, 0x0020, 0x0020, 0x0020, 0x0020,
  0x0020, 0x0020, 0x0020, 0x0020, 0x0020, 0x0020, 0x0020, 0x0020, 0x0020, 0x0020, 0x0020, 0x0020,
  0x0020, 0x0020, 0x0020, 0x0020, 0x0020, 0x0020, 0x0020, 0x0020, 0x0020, 0x0020, 0x0020, 0x0020,
  0x0020, 0x0020, 0x0020, 0x0020, 0x0020, 0x0020, 0x0020, 0x0020, 0x0020, 0x0020, 0x0020, 0x0020,
  0x0020, 0x0020, 0x0020, 0x0020, 0x0020, 0x0020, 0x0020, 0x0020, 0x0020, 0x0020, 0x0020, 0x0020,
  0x0020, 0x0020, 0x0020, 0x0020, 0x0020, 0x0020, 0x0020, 0x0020, 0x0020, 0x0020, 0x0020, 0x0020,
  0x0020, 0x0020, 0x0020, 0x0020, 0x0020, 0x0020, 0x0020, 0x0020, 0x0020, 0x0020, 0x0000, 0x0000,
  0x0000, 0x1881, 0x4102, 0x5142, 0x8224, 0x9A65, 0x8A24, 0x81E4, 0x7A04, 0x8286, 0x9B28, 0xBBCA,
  0xCBEA, 0xAB48, 0x7225, 0x4163, 0x3123, 0x2165, 0x31A6, 0x39A6, 0x39C6, 0x39C6, 0x31A6, 0x3185,
  0x2945, 0x2104, 0x2104, 0x2104, 0x2125, 0x2125, 0x2125, 0x2124, 0x2124, 0x2945, 0x10E4, 0x7245,
  0xBC0A, 0x71E4, 0x4922, 0x0000, 0x0020, 0x0020, 0x0020, 0x0020, 0x0020, 0x0020, 0x0020, 0x0020,
  0x0020, 0x0020, 0x0020, 0x0020, 0x0020, 0x0020, 0x0020, 0x0020, 0x0020, 0x0020, 0x0020, 0x0020,
  0x0020, 0x0020, 0x0020, 0x0020, 0x0020, 0x0020, 0x0020, 0x0020, 0x0020, 0x0020, 0x0020, 0x0020,
  0x0020, 0x0020, 0x0020, 0x0020, 0x0020, 0x0020, 0x0020, 0x0020, 0x0020, 0x0020, 0x0020, 0x0020,
  0x0020, 0x0020, 0x0020, 0x0020, 0x0020, 0x0020, 0x0020, 0x0020, 0x0020, 0x0020, 0x0020, 0x0020,
  0x0020, 0x0020, 0x0020, 0x0020, 0x0020, 0x0020, 0x0020, 0x0020, 0x0020, 0x0020, 0x0020, 0x0020,
  0x0020, 0x0020, 0x0020, 0x0020, 0x0020, 0x0020, 0x0020, 0x0020, 0x0020, 0x0020, 0x0020, 0x0020,
  0x0020, 0x0020, 0x0020, 0x0020, 0x0020, 0x0020, 0x0020, 0x0020, 0x0020, 0x0020, 0x0020, 0x0020,
  0x0020, 0x0020, 0x0020, 0x0020, 0x0020, 0x0020, 0x0020, 0x0020, 0x0020, 0x0020, 0x0020, 0x0020,
  0x0020, 0x0020, 0x0020, 0x0020, 0x0020, 0x0020, 0x0020, 0x0020, 0x0020, 0x0020, 0x0020, 0x0020,
  0x0020, 0x0020, 0x0020, 0x0020, 0x0020, 0x0000, 0x0000, 0x0020, 0x2081, 0x4922, 0x71C4, 0x8A65,
  0x9285, 0x8A24, 0x81E4, 0x7A04, 0x8266, 0x9B28, 0xBBC9, 0xCC2B, 0xAB48, 0x7246, 0x4184, 0x2945,
  0x2966, 0x31A6, 0x39A6, 0x39C6, 0x39C7, 0x39A6, 0x3186, 0x2145, 0x2124, 0x2104, 0x2124, 0x2125,
  0x2945, 0x1925, 0x3943, 0xCC0A, 0x7246, 0x6962, 0x0820, 0x0000, 0x0020, 0x0020, 0x0020, 0x0020,
  0x0020, 0x0020, 0x0020, 0x0020, 0x0020, 0x0020, 0x0020, 0x0020, 0x0020, 0x0020, 0x0020, 0x0020,
  0x0020, 0x0020, 0x0020, 0x0020, 0x0020, 0x0020, 0x0020, 0x0020, 0x0020, 0x0020, 0x0020, 0x0020,
  0x0020, 0x0020, 0x0020, 0x0020, 0x0020, 0x0020, 0x0020, 0x0020, 0x0020, 0x0020, 0x0020, 0x0020,
  0x0020, 0x0020, 0x0020, 0x0020, 0x0020, 0x0020, 0x0020, 0x0020, 0x0020, 0x0020, 0x0020, 0x0020,
  0x0020, 0x0020, 0x0020, 0x0020, 0x0020, 0x0020, 0x0020, 0x0020, 0x0020, 0x0020, 0x0020, 0x0020,
  0x0020, 0x0020, 0x0020, 0x0020, 0x0020, 0x0020, 0x0020, 0x0020, 0x0020, 0x0020, 0x0020, 0x0020,
  0x0020, 0x0020, 0x0020, 0x0020, 0x0020, 0x0020, 0x0020, 0x0020, 0x0020, 0x0020, 0x0020, 0x0020,
  0x0020, 0x0020, 0x0020, 0x0020, 0x0020, 0x0020, 0x0020, 0x0020, 0x0020, 0x0020, 0x0020, 0x0020,
  0x0020, 0x0020, 0x0020, 0x0020, 0x0020, 0x0020, 0x0020, 0x0020, 0x0020, 0x0020, 0x0020, 0x0020,
  0x0020, 0x0020, 0x0020, 0x0020, 0x0020, 0x0020, 0x0020, 0x0020, 0x0020, 0x0020, 0x0020, 0x0020,
  0x0000, 0x0000, 0x0020, 0x2081, 0x4942, 0x71E4, 0x8A44, 0x9265, 0x8A24, 0x79C3, 0x7A25, 0x8286,
  0x9B28, 0xC40A, 0xC3EA, 0xAB28, 0x6A25, 0x3964, 0x2945, 0x2966, 0x31A6, 0x39C6, 0x39C6, 0x49E6,
  0x3186, 0x31A6, 0x2945, 0x2104, 0x2124, 0x2104, 0xB388, 0x9308, 0x71A3, 0x20A1, 0x0000, 0x0020,
  0x0020, 0x0020, 0x0020, 0x0020, 0x0020, 0x0020, 0x0020, 0x0020, 0x0020, 0x0020, 0x0020, 0x0020,
  0x0020, 0x0020, 0x0020, 0x0020, 0x0020, 0x0020, 0x0020, 0x0020, 0x0020, 0x0020, 0x0020, 0x0020,
  0x0020, 0x0020, 0x0020, 0x0020, 0x0020, 0x0020, 0x0020, 0x0020, 0x0020, 0x0020, 0x0020, 0x0020,
  0x0020, 0x0020, 0x0020, 0x0020, 0x0020, 0x0020, 0x0020, 0x0020, 0x0020, 0x0020, 0x0020, 0x0020,
  0x0020, 0x0020, 0x0020, 0x0020, 0x0020, 0x0020, 0x0020, 0x0020, 0x0020, 0x0020, 0x0020, 0x0020,
  0x0020, 0x0020, 0x0020, 0x0020, 0x0020, 0x0020, 0x0020, 0x0020, 0x0020, 0x0020, 0x0020, 0x0020,
  0x0020, 0x0020, 0x0020, 0x0020, 0x0020, 0x0020, 0x0020, 0x0020, 0x0020, 0x0020, 0x0020, 0x0020,
  0x0020, 0x0020, 0x0020, 0x0020, 0x0020, 0x0020, 0x0020, 0x0020, 0x0020, 0x0020, 0x0020, 0x0020,
  0x0020, 0x0020, 0x0020, 0x0020, 0x0020, 0x0020, 0x0020, 0x0020, 0x0020, 0x0020, 0x0020, 0x0020,
  0x0020, 0x0020, 0x0020, 0x0020, 0x0020, 0x0020, 0x0020, 0x0020, 0x0020, 0x0020, 0x0020, 0x0020,
  0x0020, 0x0020, 0x0020, 0x0020, 0x0020, 0x0020, 0x0020, 0x0000, 0x0000, 0x0020, 0x2081, 0x4922,
  0x71E4, 0x8224, 0x8A85, 0x71C3, 0x81E4, 0x7A04, 0x8266, 0xA348, 0xBBEA, 0xC40A, 0xAB48, 0x7246,
  0x4185, 0x2145, 0x3165, 0x8245, 0x3965, 0x39C7, 0x39C6, 0x39C7, 0x1904, 0x8AA6, 0xBC0B, 0x69C3,
  0x4902, 0x0000, 0x0020, 0x0000, 0x0020, 0x0020, 0x0020, 0x0020, 0x0020, 0x0020, 0x0020, 0x0020,
  0x0020, 0x0020, 0x0020, 0x0020, 0x0020, 0x0020, 0x0020, 0x0020, 0x0020, 0x0020, 0x0020, 0x0020,
  0x0020, 0x0020, 0x0020, 0x0020, 0x0020, 0x0020, 0x0020, 0x0020, 0x0020, 0x0020, 0x0020, 0x0020,
  0x0020, 0x0020, 0x0020, 0x0020, 0x0020, 0x0020, 0x0020, 0x0020, 0x0020, 0x0020, 0x0020, 0x0020,
  0x0020, 0x0020, 0x0020, 0x0020, 0x0020, 0x0020, 0x0020, 0x0020, 0x0020, 0x0020, 0x0020, 0x0020,
  0x0020, 0x0020, 0x0020, 0x0000, 0x0020, 0x0020, 0x0020, 0x0020, 0x0020, 0x0020, 0x0020, 0x0020,
  0x0020, 0x0020, 0x0020, 0x0020, 0x0020, 0x0020, 0x0020, 0x0020, 0x0020, 0x0020, 0x0020, 0x0020,
  0x0020, 0x0020, 0x0020, 0x0020, 0x0020, 0x0020, 0x0020, 0x0020, 0x0020, 0x0020, 0x0020, 0x0020,
  0x0020, 0x0020, 0x0020, 0x0020, 0x0020, 0x0020, 0x0020, 0x0020, 0x0020, 0x0020, 0x0020, 0x0020,
  0x0020, 0x0020, 0x0020, 0x0020, 0x0020, 0x0020, 0x0020, 0x0020, 0x0020, 0x0020, 0x0020, 0x0020,
  0x0020, 0x0020, 0x0020, 0x0020, 0x0020, 0x0020, 0x0020, 0x0020, 0x0020, 0x0020, 0x0020, 0x0020,
  0x0020, 0x0000, 0x0000, 0x0000, 0x0020, 0x28A1, 0x38C1, 0x69A3, 0x9265, 0x9245, 0x8A24, 0x81E4,
  0x7A24, 0x8AA7, 0xA348, 0xBBEA, 0xC3EA, 0xAB48, 0x61E5, 0x28E2, 0x2965, 0x2986, 0x31A6, 0x31A6,
  0x5A06, 0xCC0A, 0x7225, 0x6982, 0x0020, 0x0000, 0x0020, 0x0020, 0x0020, 0x0020, 0x0020, 0x0020,
  0x0020, 0x0020, 0x0020, 0x0020, 0x0020, 0x0020, 0x0020, 0x0020, 0x0020, 0x0020, 0x0020, 0x0020,
  0x0020, 0x0020, 0x0020, 0x0020, 0x0020, 0x0020, 0x0020, 0x0020, 0x0020, 0x0020, 0x0020, 0x0020,
  0x0020, 0x0020, 0x0020, 0x0020, 0x0020, 0x0020, 0x0020, 0x0020, 0x0020, 0x0020, 0x0020, 0x0020,
  0x0020, 0x0020, 0x0020, 0x0020, 0x0020, 0x0020, 0x0020, 0x0020, 0x0020, 0x0020, 0x0020, 0x0020,
  0x0020, 0x0020, 0x0020, 0x0020, 0x0020, 0x0020, 0x0020, 0x0020, 0x0020, 0x0020, 0x0020, 0x0020,
  0x0020, 0x0020, 0x0020, 0x0020, 0x0020, 0x0020, 0x0020, 0x0020, 0x0020, 0x0020, 0x0020, 0x0020,
  0x0020, 0x0020, 0x0020, 0x0020, 0x0020, 0x0020, 0x0020, 0x0020, 0x0020, 0x0020, 0x0020, 0x0020,
  0x0020, 0x0020, 0x0020, 0x0020, 0x0020, 0x0020, 0x0020, 0x0020, 0x0020, 0x0020, 0x0020, 0x0020,
  0x0020, 0x0020, 0x0020, 0x0020, 0x0020, 0x0020, 0x0020, 0x0020, 0x0020, 0x0020, 0x0020, 0x0020,
  0x0020, 0x0020, 0x0020, 0x0020, 0x0020, 0x0020, 0x0020, 0x0020, 0x0020, 0x0020, 0x0020, 0x0020,
  0x0020, 0x0020, 0x0020, 0x0020, 0x0020, 0x0020, 0x0020, 0x0020, 0x0020, 0x0000, 0x0000, 0x0820,
  0x28A1, 0x5142, 0x79E4, 0x9265, 0x9265, 0x8A24, 0x81E4, 0x7A04, 0x8AA6, 0xAB69, 0xBBCA, 0xC3C9,
  0xA307, 0x6A25, 0x3985, 0x2903, 0xC3CA, 0x8AE8, 0x71A3, 0x2081, 0x0000, 0x0020, 0x0020, 0x0000,
  0x0020, 0x0020, 0x0020, 0x0020, 0x0020, 0x0020, 0x0020, 0x0020, 0x0020, 0x0020, 0x0020, 0x0020,
  0x0020, 0x0020, 0x0020, 0x0020, 0x0020, 0x0020, 0x0020, 0x0020, 0x0020, 0x0020, 0x0020, 0x0020,
  0x0020, 0x0020, 0x0020, 0x0020, 0x0020, 0x0020, 0x0020, 0x0020, 0x0020, 0x0020, 0x0020, 0x0020,
  0x0020, 0x0020, 0x0020, 0x0020, 0x0020, 0x0020, 0x0020, 0x0020, 0x0020, 0x0020, 0x0020, 0x0020,
  0x0020, 0x0020, 0x0020, 0x0020, 0x0020, 0x0020, 0x0020, 0x0020, 0x0020, 0x0020, 0x0020, 0x0020,
  0x0020, 0x0020, 0x0020, 0x0020, 0x0020, 0x0020, 0x0020, 0x0020, 0x0020, 0x0020, 0x0020, 0x0020,
  0x0020, 0x0020, 0x0020, 0x0020, 0x0020, 0x0020, 0x0020, 0x0020, 0x0020, 0x0020, 0x0020, 0x0020,
  0x0020, 0x0020, 0x0020, 0x0020, 0x0020, 0x0020, 0x0020, 0x0020, 0x0020, 0x0020, 0x0020, 0x0020,
  0x0020, 0x0020, 0x0020, 0x0020, 0x0020, 0x0020, 0x0020, 0x0020, 0x0020, 0x0020, 0x0020, 0x0020,
  0x0020, 0x0020, 0x0020, 0x0020, 0x0020, 0x0020, 0x0020, 0x0020, 0x0020, 0x0020, 0x0020, 0x0020,
  0x0020, 0x0020, 0x0020, 0x0020, 0x0020, 0x0020, 0x0020, 0x0020, 0x0020, 0x0020, 0x0020, 0x0020,
  0x0020, 0x0020, 0x0020, 0x0000, 0x0000, 0x0000, 0x0020, 0x28A1, 0x5163, 0x7A04, 0x9265, 0x9A65,
  0x8A04, 0x69E4, 0x7A25, 0x8266, 0xA328, 0xC40A, 0xBBCA, 0xBBA8, 0x9B49, 0x71C3, 0x4102, 0x0000,
  0x0020, 0x0000, 0x0020, 0x0020, 0x0020, 0x0020, 0x0020, 0x0020, 0x0020, 0x0020, 0x0020, 0x0020,
  0x0020, 0x0020, 0x0020, 0x0020, 0x0020, 0x0020, 0x0020, 0x0020, 0x0020, 0x0020, 0x0020, 0x0020,
  0x0020, 0x0020, 0x0020, 0x0020, 0x0020, 0x0020, 0x0020, 0x0020, 0x0020, 0x0020, 0x0020, 0x0020,
  0x0020, 0x0020, 0x0020, 0x0020, 0x0020, 0x0020, 0x0020, 0x0020, 0x0020, 0x0020, 0x0020, 0x0020,
  0x0020, 0x0020, 0x0020, 0x0020, 0x0020, 0x0020, 0x0020, 0x0020, 0x0020, 0x0020, 0x0020, 0x0020,
  0x0020, 0x0020, 0x0020, 0x0020, 0x0020, 0x0020, 0x0020, 0x0020, 0x0020, 0x0020, 0x0020, 0x0020,
  0x0020, 0x0020, 0x0020, 0x0020, 0x0020, 0x0020, 0x0020, 0x0020, 0x0020, 0x0020, 0x0020, 0x0020,
  0x0020, 0x0020, 0x0020, 0x0020, 0x0020, 0x0020, 0x0020, 0x0020, 0x0020, 0x0020, 0x0020, 0x0020,
  0x0020, 0x0020, 0x0020, 0x0020, 0x0020, 0x0020, 0x0020, 0x0020, 0x0020, 0x0020, 0x0020, 0x0020,
  0x0020, 0x0020, 0x0020, 0x0020, 0x0020, 0x0020, 0x0020, 0x0020, 0x0020, 0x0020, 0x0020, 0x0020,
  0x0020, 0x0020, 0x0020, 0x0020, 0x0020, 0x0020, 0x0020, 0x0020, 0x0020, 0x0020, 0x0020, 0x0020,
  0x0020, 0x0020, 0x0020, 0x0020, 0x0020, 0x0020, 0x0020, 0x0020, 0x0020, 0x0020, 0x0020, 0x0000,
  0x0000, 0x0820, 0x28C1, 0x5963, 0x71C3, 0x7204, 0x7204, 0x81E3, 0x8204, 0x79E4, 0x8286, 0xA369,
  0x7A04, 0x6162, 0x0000, 0x0020, 0x0020, 0x0020, 0x0020, 0x0020, 0x0020, 0x0020, 0x0020, 0x0020,
  0x0020, 0x0020, 0x0020, 0x0020, 0x0020, 0x0020, 0x0020, 0x0020, 0x0020, 0x0020, 0x0020, 0x0020,
  0x0020, 0x0020, 0x0020, 0x0020, 0x0020, 0x0020, 0x0020, 0x0020, 0x0020, 0x0020, 0x0020, 0x0020,
  0x0020, 0x0020, 0x0020, 0x0020, 0x0020, 0x0020, 0x0020, 0x0020, 0x0020, 0x0020, 0x0020, 0x0020,
  0x0020, 0x0020, 0x0020, 0x0020, 0x0020, 0x0020, 0x0020, 0x0020, 0x0020, 0x0020, 0x0020, 0x0020,
  0x0020, 0x0020, 0x0020, 0x0020, 0x0020, 0x0020, 0x0020, 0x0020, 0x0020, 0x0020, 0x0020, 0x0020,
  0x0020, 0x0020, 0x0020, 0x0020, 0x0020, 0x0020, 0x0020, 0x0020, 0x0020, 0x0020, 0x0020, 0x0020,
  0x0020, 0x0020, 0x0020, 0x0020, 0x0020, 0x0020, 0x0020, 0x0020, 0x0020, 0x0020, 0x0020, 0x0020,
  0x0020, 0x0020, 0x0020, 0x0020, 0x0020, 0x0020, 0x0020, 0x0020, 0x0020, 0x0020, 0x0020, 0x0020,
  0x0020, 0x0020, 0x0020, 0x0020, 0x0020, 0x0020, 0x0020, 0x0020, 0x0020, 0x0020, 0x0020, 0x0020,
  0x0020, 0x0020, 0x0020, 0x0020, 0x0020, 0x0020, 0x0020, 0x0020, 0x0020, 0x0020, 0x0020, 0x0020,
  0x0020, 0x0020, 0x0020, 0x0020, 0x0020, 0x0020, 0x0020, 0x0020, 0x0020, 0x0020, 0x0020, 0x0020,
  0x0020, 0x0020, 0x0020, 0x0020, 0x0020, 0x0000, 0x0000, 0x0000, 0x0840, 0x2081, 0x4922, 0x8224,
  0x9265, 0x9244, 0x8A04, 0x71A3, 0x79C3, 0x1861, 0x0000, 0x0020, 0x0020, 0x0020, 0x0020, 0x0020,
  0x0020, 0x0020, 0x0020, 0x0020, 0x0020, 0x0020, 0x0020, 0x0020, 0x0020, 0x0020, 0x0020, 0x0020,
  0x0020, 0x0020, 0x0020, 0x0020, 0x0020, 0x0020, 0x0020, 0x0020, 0x0020, 0x0020, 0x0020, 0x0020,
  0x0020, 0x0020, 0x0020, 0x0020, 0x0020, 0x0020, 0x0020, 0x0020, 0x0020, 0x0000, 0x0020, 0x0020,
  0x0020, 0x0020, 0x0020, 0x0020, 0x0020, 0x0020, 0x0020, 0x0020, 0x0020, 0x0020, 0x0020, 0x0020,
  0x0020, 0x0020, 0x0020, 0x0020, 0x0020, 0x0020, 0x0020, 0x0020, 0x0020, 0x0020, 0x0020, 0x0020,
  0x0020, 0x0020, 0x0020, 0x0020, 0x0020, 0x0020, 0x0020, 0x0020, 0x0020, 0x0020, 0x0020, 0x0020,
  0x0000, 0x0020, 0x0020, 0x0020, 0x0020, 0x0020, 0x0020, 0x0020, 0x0020, 0x0020, 0x0020, 0x0020,
  0x0020, 0x0020, 0x0020, 0x0020, 0x0020, 0x0020, 0x0020, 0x0020, 0x0020, 0x0020, 0x0020, 0x0020,
  0x0020, 0x0020, 0x0020, 0x0020, 0x0020, 0x0020, 0x0020, 0x0020, 0x0020, 0x0020, 0x0020, 0x0020,
  0x0020, 0x0020, 0x0020, 0x0020, 0x0020, 0x0020, 0x0020, 0x0020, 0x0020, 0x0020, 0x0020, 0x0020,
  0x0020, 0x0020, 0x0020, 0x0020, 0x0020, 0x0020, 0x0020, 0x0020, 0x0020, 0x0020, 0x0020, 0x0020,
  0x0020, 0x0020, 0x0020, 0x0020, 0x0020, 0x0020, 0x0020, 0x0020, 0x0020, 0x0020, 0x0020, 0x0020,
  0x0000, 0x0000, 0x0000, 0x0840, 0x30C2, 0x6183, 0x8224, 0x8224, 0x30A1, 0x0000, 0x0020, 0x0020,
  0x0020, 0x0020, 0x0020, 0x0020, 0x0020, 0x0020, 0x0020, 0x0020, 0x0020, 0x0020, 0x0020, 0x0020,
  0x0020, 0x0020, 0x0020, 0x0020, 0x0020, 0x0020, 0x0020, 0x0020, 0x0020, 0x0020, 0x0020, 0x0020,
  0x0020, 0x0020, 0x0020, 0x0020, 0x0020, 0x0020, 0x0020, 0x0020, 0x0020, 0x0020, 0x0020, 0x0020,
  0x0020, 0x0020, 0x0020, 0x0020, 0x0020, 0x0020, 0x0020, 0x0020, 0x0020, 0x0020, 0x0020, 0x0020,
  0x0020, 0x0020, 0x0020, 0x0020, 0x0020, 0x0020, 0x0020, 0x0020, 0x0020, 0x0020, 0x0020, 0x0020,
  0x0020, 0x0020, 0x0020, 0x0020, 0x0020, 0x0020, 0x0020, 0x0020, 0x0020, 0x0020, 0x0020, 0x0020,
  0x0020, 0x0020, 0x0020, 0x0020, 0x0020, 0x0020, 0x0020, 0x0020, 0x0020, 0x0020, 0x0020, 0x0020,
  0x0020, 0x0020, 0x0020, 0x0020, 0x0020, 0x0020, 0x0020, 0x0020, 0x0020, 0x0020, 0x0020, 0x0020,
  0x0020, 0x0020, 0x0020, 0x0020, 0x0020, 0x0020, 0x0020, 0x0020, 0x0020, 0x0020, 0x0020, 0x0020,
  0x0020, 0x0020, 0x0020, 0x0020, 0x0020, 0x0020, 0x0020, 0x0020, 0x0020, 0x0020, 0x0020, 0x0020,
  0x0020, 0x0020, 0x0020, 0x0020, 0x0020, 0x0020, 0x0020, 0x0020, 0x0020, 0x0020, 0x0020, 0x0020,
  0x0020, 0x0020, 0x0020, 0x0020, 0x0020, 0x0020, 0x0020, 0x0020, 0x0020, 0x0020, 0x0020, 0x0020,
  0x0020, 0x0020, 0x0020, 0x0020, 0x0020, 0x0020, 0x0020, 0x0000, 0x0000, 0x0000, 0x1041, 0x28A1,
  0x0000, 0x0020, 0x0020, 0x0020, 0x0020, 0x0020, 0x0020, 0x0020, 0x0020, 0x0020, 0x0020, 0x0020,
  0x0020, 0x0020, 0x0020, 0x0020, 0x0020, 0x0020, 0x0020, 0x0020, 0x0020, 0x0020, 0x0020, 0x0020,
  0x0020, 0x0020, 0x0020, 0x0020, 0x0020, 0x0020, 0x0020, 0x0020, 0x0020, 0x0020, 0x0020, 0x0020,
  0x0020, 0x0020, 0x0020, 0x0020, 0x0020, 0x0020, 0x0020, 0x0020, 0x0020, 0x0020, 0x0020, 0x0020,
  0x0020, 0x0020, 0x0020, 0x0020, 0x0020, 0x0020, 0x0020, 0x0020, 0x0020, 0x0020, 0x0020, 0x0020,
  0x0020, 0x0020, 0x0020, 0x0020, 0x0020, 0x0020, 0x0020, 0x0020, 0x0020, 0x0020, 0x0020, 0x0020,
  0x0020, 0x0020, 0x0020, 0x0020, 0x0020, 0x0020, 0x0020, 0x0020, 0x0020, 0x0020, 0x0020, 0x0020,
  0x0020, 0x0020, 0x0020, 0x0020, 0x0020, 0x0020, 0x0020, 0x0020, 0x0020, 0x0020, 0x0020, 0x0020,
  0x0020, 0x0020, 0x0020, 0x0020, 0x0020, 0x0020, 0x0020, 0x0020, 0x0020, 0x0020, 0x0020, 0x0020,
  0x0020, 0x0020, 0x0020, 0x0020, 0x0020, 0x0020, 0x0020, 0x0020, 0x0020, 0x0020, 0x0020, 0x0020,
  0x0020, 0x0020, 0x0020, 0x0020, 0x0020, 0x0020, 0x0020, 0x0020, 0x0020, 0x0020, 0x0020, 0x0020,
  0x0020, 0x0020, 0x0020, 0x0020, 0x0020, 0x0020, 0x0020, 0x0020, 0x0020, 0x0020, 0x0020, 0x0020,
  0x0020, 0x0020, 0x0020, 0x0020, 0x0020, 0x0020, 0x0020, 0x0020, 0x0020, 0x0020, 0x0020, 0x0020,
  0x0020, 0x0020, 0x0000, 0x0000, 0x0020, 0x0000, 0x0020, 0x0020, 0x0020, 0x0020, 0x0020, 0x0020,
  0x0020, 0x0020, 0x0020, 0x0020, 0x0020, 0x0020, 0x0020, 0x0020, 0x0020, 0x0020, 0x0020, 0x0020,
  0x0020, 0x0020, 0x0020, 0x0020, 0x0020, 0x0020, 0x0020, 0x0020, 0x0020, 0x0020, 0x0020, 0x0020,
  0x0020, 0x0020, 0x0020, 0x0020, 0x0020, 0x0020, 0x0020, 0x0020, 0x0020, 0x0020, 0x0020, 0x0020,
  0x0020, 0x0020, 0x0020, 0x0020, 0x0020, 0x0020, 0x0020, 0x0020, 0x0020, 0x0020, 0x0020, 0x0020,
  0x0020, 0x0020, 0x0020, 0x0020, 0x0020, 0x0020, 0x0020, 0x0020, 0x0020, 0x0020, 0x0020, 0x0020,
  0x0020, 0x0020, 0x0020, 0x0020, 0x0020, 0x0020, 0x0020, 0x0020, 0x0020, 0x0020, 0x0020, 0x0020,
  0x0020, 0x0020, 0x0020, 0x0020, 0x0020, 0x0020, 0x0020, 0x0020, 0x0020, 0x0020, 0x0020, 0x0020,
  0x0020, 0x0020, 0x0020, 0x0020, 0x0020, 0x0020, 0x0020, 0x0020, 0x0020, 0x0020, 0x0020, 0x0020,
  0x0020, 0x0020, 0x0020, 0x0020, 0x0020, 0x0020, 0x0020, 0x0020, 0x0020, 0x0020, 0x0020, 0x0020,
  0x0020, 0x0020, 0x0020, 0x0020, 0x0020, 0x0020, 0x0020, 0x0020, 0x0020, 0x0020, 0x0020, 0x0020,
  0x0020, 0x0020, 0x0020, 0x0020, 0x0020, 0x0020, 0x0020, 0x0020, 0x0020, 0x0020, 0x0020, 0x0020,
  0x0020, 0x0020, 0x0020, 0x0020, 0x0020, 0x0020, 0x0020, 0x0020, 0x0020, 0x0020, 0x0020, 0x0020,
  0x0020, 0x0020, 0x0020, 0x0020, 0x0020, 0x0020, 0x0020, 0x0020, 0x0020, 0x0020, 0x0020, 0x0020,
  0x0020, 0x0020, 0x0020, 0x0020, 0x0020, 0x0020, 0x0020, 0x0020, 0x0020, 0x0020, 0x0020, 0x0020,
  0x0020, 0x0020, 0x0020, 0x0020, 0x0020, 0x0020, 0x0020, 0x0020, 0x0020, 0x0020, 0x0020, 0x0020,
  0x0020, 0x0020, 0x0020, 0x0020, 0x0020, 0x0020, 0x0020, 0x0020, 0x0020, 0x0020, 0x0020, 0x0020,
  0x0020, 0x0020, 0x0020, 0x0020, 0x0020, 0x0020, 0x0020, 0x0020, 0x0020, 0x0020, 0x0020, 0x0020,
  0x0020, 0x0020, 0x0020, 0x0020, 0x0020, 0x0020, 0x0020, 0x0020, 0x0020, 0x0020, 0x0020, 0x0020,
  0x0020, 0x0020, 0x0020, 0x0020, 0x0020, 0x0020, 0x0020, 0x0000, 0x0020, 0x0020, 0x0020, 0x0020,
  0x0020, 0x0020, 0x0020, 0x0020, 0x0020, 0x0020, 0x0020, 0x0020, 0x0020, 0x0020, 0x0020, 0x0020,
  0x0020, 0x0020, 0x0020, 0x0020, 0x0020, 0x0020, 0x0020, 0x0020, 0x0020, 0x0020, 0x0020, 0x0020,
  0x0020, 0x0020, 0x0020, 0x0020, 0x0020, 0x0020, 0x0020, 0x0020, 0x0020, 0x0020, 0x0020, 0x0020,
  0x0020, 0x0020, 0x0020, 0x0020, 0x0020, 0x0020, 0x0020, 0x0020, 0x0020, 0x0020, 0x0020, 0x0020,
  0x0020, 0x0020, 0x0020, 0x0020, 0x0020, 0x0020, 0x0020, 0x0020, 0x0020, 0x0020, 0x0020, 0x0020,
  0x0020, 0x0020, 0x0020, 0x0020, 0x0020, 0x0020, 0x0020, 0x0020, 0x0020, 0x0020, 0x0020, 0x0020,
  0x0020, 0x0020, 0x0020, 0x0020, 0x0020, 0x0020, 0x0020, 0x0020, 0x0020, 0x0020, 0x0020, 0x0020,
  0x0020, 0x0020, 0x0020, 0x0020, 0x0020, 0x0020, 0x0020, 0x0020, 0x0020, 0x0020, 0x0020, 0x0020,
  0x0020, 0x0020, 0x0020, 0x0020, 0x0020, 0x0020, 0x0020, 0x0020, 0x0020, 0x0020, 0x0020, 0x0020,
  0x0020, 0x0020, 0x0020, 0x0020, 0x0020, 0x0020, 0x0020, 0x0020, 0x0020, 0x0020, 0x0020, 0x0020,
  0x0020, 0x0020, 0x0020, 0x0020, 0x0020, 0x0020, 0x0020, 0x0020, 0x0020, 0x0020, 0x0020, 0x0020,
  0x0020, 0x0020, 0x0020, 0x0020, 0x0020, 0x0020, 0x0020, 0x0020, 0x0020, 0x0020, 0x0020, 0x0020,
  0x0020, 0x0020, 0x0020, 0x0020, 0x0020, 0x0020, 0x0020, 0x0020, 0x0020, 0x0020, 0x0020, 0x0000,
  0x0020, 0x0020, 0x0020, 0x0020, 0x0020, 0x0020, 0x0020, 0x0020, 0x0020, 0x0020, 0x0020, 0x0020,
  0x0020, 0x0020, 0x0020, 0x0020, 0x0020, 0x0020, 0x0020, 0x0020, 0x0020, 0x0020, 0x0020, 0x0020,
  0x0020, 0x0020, 0x0020, 0x0020, 0x0020, 0x0020, 0x0020, 0x0020, 0x0020, 0x0020, 0x0020, 0x0020,
  0x0020, 0x0020, 0x0020, 0x0020, 0x0020, 0x0020, 0x0020, 0x0020, 0x0020, 0x0020, 0x0020, 0x0020,
  0x0020, 0x0020, 0x0020, 0x0020, 0x0020, 0x0020, 0x0020, 0x0020, 0x0020, 0x0020, 0x0020, 0x0020,
  0x0020, 0x0020, 0x0020, 0x0020, 0x0020, 0x0020, 0x0020, 0x0020, 0x0020, 0x0020, 0x0020, 0x0020,
  0x0020, 0x0020, 0x0020, 0x0020, 0x0020, 0x0020, 0x0020, 0x0020, 0x0020, 0x0020, 0x0020, 0x0020,
  0x0020, 0x0020, 0x0020, 0x0020, 0x0020, 0x0020, 0x0020, 0x0020, 0x0020, 0x0020, 0x0020, 0x0020,
  0x0020, 0x0020, 0x0020, 0x0020, 0x0020, 0x0020, 0x0020, 0x0020, 0x0020, 0x0020, 0x0020, 0x0020,
  0x0020, 0x0020, 0x0020, 0x0020, 0x0020, 0x0020, 0x0020, 0x0020, 0x0020, 0x0020, 0x0020, 0x0020,
  0x0020, 0x0020, 0x0020, 0x0020, 0x0020, 0x0020, 0x0020, 0x0020, 0x0020, 0x0020, 0x0020, 0x0020,
  0x0020, 0x0020, 0x0020, 0x0020, 0x0020, 0x0020, 0x0020, 0x0020, 0x0020, 0x0020, 0x0020, 0x0020,
  0x0020, 0x0020, 0x0020, 0x0020, 0x0020, 0x0020, 0x0020, 0x0020, 0x0020, 0x0020, 0x0020, 0x0020,
  0x0020, 0x0020, 0x0020, 0x0020, 0x0020, 0x0020, 0x0020, 0x0020, 0x0020, 0x0020, 0x0020, 0x0020,
  0x0020, 0x0020, 0x0020, 0x0020, 0x0020, 0x0020, 0x0020, 0x0020, 0x0020, 0x0020, 0x0020, 0x0020,
  0x0020, 0x0020, 0x0020, 0x0020, 0x0020, 0x0020, 0x0020, 0x0020, 0x0020, 0x0020, 0x0020, 0x0020,
  0x0020, 0x0020, 0x0020, 0x0020, 0x0020, 0x0020, 0x0020, 0x0020, 0x0020, 0x0020, 0x0020, 0x0020,
  0x0020, 0x0020, 0x0020, 0x0020, 0x0020, 0x0020, 0x0020, 0x0020, 0x0020, 0x0020, 0x0020, 0x0020,
  0x0020, 0x0020, 0x0020, 0x0020, 0x0020, 0x0020, 0x0020, 0x0020, 0x0020, 0x0020, 0x0020, 0x0020,
  0x0020, 0x0020, 0x0020, 0x0020, 0x0020, 0x0020, 0x0020, 0x0020, 0x0020, 0x0020, 0x0020, 0x0020,
  0x0020, 0x0020, 0x0020, 0x0020, 0x0020, 0x0020, 0x0020, 0x0020, 0x0020, 0x0020, 0x0020, 0x0020,
  0x0020, 0x0020, 0x0020, 0x0020, 0x0020, 0x0020, 0x0020, 0x0020, 0x0020, 0x0020, 0x0020, 0x0020,
  0x0020, 0x0020, 0x0020, 0x0020, 0x0020, 0x0020, 0x0020, 0x0020, 0x0020, 0x0020, 0x0020, 0x0020,
  0x0020, 0x0020, 0x0020, 0x0020, 0x0020, 0x0020, 0x0020, 0x0020, 0x0020, 0x0020, 0x0020, 0x0020,
  0x0020, 0x0020, 0x0020, 0x0020, 0x0020, 0x0020, 0x0020, 0x0020, 0x0020, 0x0020, 0x0020, 0x0020,
  0x0020, 0x0020, 0x0020, 0x0020, 0x0020, 0x0020, 0x0020, 0x0020, 0x0020, 0x0020, 0x0020, 0x0020,
  0x0020, 0x0020, 0x0020, 0x0020, 0x0020, 0x0020, 0x0020, 0x0020, 0x0020, 0x0020, 0x0020, 0x0020,
  0x0020, 0x0020, 0x0020, 0x0020, 0x0020, 0x0020, 0x0020, 0x0020, 0x0020, 0x0020, 0x0020, 0x0020,
  0x0020, 0x0020, 0x0020, 0x0020, 0x0020, 0x0020, 0x0020, 0x0020, 0x0020, 0x0020, 0x0020, 0x0020,
  0x0020, 0x0020, 0x0020, 0x0020, 0x0020, 0x0020, 0x0020, 0x0020, 0x0020, 0x0020, 0x0020, 0x0020,
  0x0020, 0x0020, 0x0020, 0x0020, 0x0020, 0x0020, 0x0020, 0x0020, 0x0020, 0x0020, 0x0020, 0x0020,
  0x0020, 0x0020, 0x0020, 0x0020, 0x0020, 0x0020, 0x0020, 0x0020, 0x0020, 0x0020, 0x0020, 0x0020,
  0x0020, 0x0020, 0x0020, 0x0020, 0x0020, 0x0020, 0x0020, 0x0020, 0x0020, 0x0020, 0x0020, 0x0020,
  0x0020, 0x0020, 0x0020, 0x0020, 0x0020, 0x0020, 0x0020, 0x0020, 0x0020, 0x0020, 0x0020, 0x0020,
  0x0020, 0x0020, 0x0020, 0x0020, 0x0020, 0x0020, 0x0020, 0x0020, 0x0020, 0x0020, 0x0020, 0x0020,
  0x0020, 0x0020, 0x0020, 0x0020, 0x0020, 0x0020, 0x0020, 0x0020, 0x0020, 0x0020, 0x0020, 0x0020,
  0x0020, 0x0020, 0x0020, 0x0020, 0x0020, 0x0020, 0x0020, 0x0020, 0x0020, 0x0020, 0x0020, 0x0020,
  0x0020, 0x0020, 0x0020, 0x0020, 0x0020, 0x0020, 0x0020, 0x0020, 0x0020, 0x0020, 0x0020, 0x0020,
  0x0020, 0x0020, 0x0020, 0x0020, 0x0020, 0x0020, 0x0020, 0x0020, 0x0020, 0x0020, 0x0020, 0x0020,
  0x0020, 0x0020, 0x0020, 0x0020, 0x0020, 0x0020, 0x0020, 0x0020, 0x0020, 0x0020, 0x0020, 0x0020,
  0x0020, 0x0020, 0x0020, 0x0020, 0x0020, 0x0020, 0x0020, 0x0020, 0x0020, 0x0020, 0x0020, 0x0020,
  0x0020, 0x0020, 0x0020, 0x0020, 0x0020, 0x0020, 0x0020, 0x0020, 0x0020, 0x0020, 0x0020, 0x0020,
  0x0020, 0x0020, 0x0020, 0x0020, 0x0020, 0x0020, 0x0020, 0x0020, 0x0020, 0x0020, 0x0020, 0x0020,
  0x0020, 0x0020, 0x0020, 0x0020, 0x0020, 0x0020, 0x0020, 0x0020, 0x0020, 0x0020, 0x0020, 0x0020,
  0x0020, 0x0020, 0x0020, 0x0020, 0x0020, 0x0020, 0x0020, 0x0020, 0x0020, 0x0020, 0x0020, 0x0020,
  0x0020, 0x0020, 0x0020, 0x0020, 0x0020, 0x0020, 0x0020, 0x0020, 0x0020, 0x0020, 0x0020, 0x0020,
  0x0020, 0x0020, 0x0020, 0x0020, 0x0020, 0x0020, 0x0020, 0x0020, 0x0020, 0x0020, 0x0020, 0x0020,
  0x0020, 0x0020, 0x0020, 0x0020, 0x0020, 0x0020, 0x0020, 0x0020, 0x0020, 0x0020, 0x0020, 0x0020,
  0x0020, 0x0020, 0x0020, 0x0020, 0x0020, 0x0020, 0x0020, 0x0020, 0x0020, 0x0020, 0x0020, 0x0020,
  0x0020, 0x0020, 0x0020, 0x0020, 0x0020, 0x0020, 0x0020, 0x0020, 0x0020, 0x0020, 0x0020, 0x0020,
  0x0020, 0x0020, 0x0020, 0x0020, 0x0020, 0x0020, 0x0020, 0x0020, 0x0020, 0x0020, 0x0020, 0x0020,
  0x0020, 0x0020, 0x0020, 0x0020, 0x0020, 0x0020, 0x0020, 0x0020, 0x0020, 0x0020, 0x0020, 0x0020,
  0x0020, 0x0020, 0x0020, 0x0020, 0x0020, 0x0020, 0x0020, 0x0020, 0x0020, 0x0020, 0x0020, 0x0020,
  0x0020, 0x0020, 0x0020, 0x0020, 0x0020, 0x0020, 0x0020, 0x0020, 0x0020, 0x0020, 0x0020, 0x0020,
  0x0020, 0x0020, 0x0020, 0x0020, 0x0020, 0x0020, 0x0020, 0x0020, 0x0020, 0x0020, 0x0020, 0x0020,
  0x0020, 0x0020, 0x0020, 0x0020, 0x0020, 0x0020, 0x0020, 0x0020, 0x0020, 0x0020, 0x0020, 0x0020,
  0x0020, 0x0020, 0x0020, 0x0020, 0x0020, 0x0020, 0x0020, 0x0020, 0x0020, 0x0020, 0x0020, 0x0020,
  0x0020, 0x0020, 0x0020, 0x0020, 0x0020, 0x0020, 0x0020, 0x0020, 0x0020, 0x0020, 0x0020, 0x0020,
  0x0020, 0x0020, 0x0020, 0x0020, 0x0020, 0x0020, 0x0020, 0x0020, 0x0020, 0x0020, 0x0020, 0x0020,
  0x0020, 0x0020, 0x0020, 0x0020, 0x0020, 0x0020, 0x0020, 0x0020, 0x0020, 0x0020, 0x0020, 0x0020,
  0x0020, 0x0020, 0x0020, 0x0020, 0x0020, 0x0020, 0x0020, 0x0020, 0x0020, 0x0020, 0x0020, 0x0020,
  0x0020, 0x0020, 0x0020, 0x0020, 0x0020, 0x0020, 0x0020, 0x0020, 0x0020, 0x0020, 0x0020, 0x0020,
  0x0020, 0x0020, 0x0020, 0x0020, 0x0020, 0x0020, 0x0020, 0x0020, 0x0020, 0x0020, 0x0020, 0x0020,
  0x0020, 0x0020, 0x0020, 0x0020, 0x0020, 0x0020, 0x0020, 0x0020, 0x0020, 0x0020, 0x0020, 0x0020,
  0x0020, 0x0020, 0x0020, 0x0020, 0x0020, 0x0020, 0x0020, 0x0020, 0x0020, 0x0020, 0x0020, 0x0020,
  0x0020, 0x0020, 0x0020, 0x0020, 0x0020, 0x0020, 0x0020, 0x0020, 0x0020, 0x0020, 0x0020, 0x0020,
  0x0020, 0x0020, 0x0020, 0x0020, 0x0020, 0x0020, 0x0020, 0x0020, 0x0020, 0x0020, 0x0020, 0x0020,
  0x0020, 0x0020, 0x0020, 0x0020, 0x0020, 0x0020, 0x0020, 0x0020, 0x0020, 0x0020, 0x0020, 0x0020,
  0x0020, 0x0020, 0x0020, 0x0020, 0x0020, 0x0020, 0x0020, 0x0020, 0x0020, 0x0020, 0x0020, 0x0020,
  0x0020, 0x0020, 0x0020, 0x0020, 0x0020, 0x0020, 0x0020, 0x0020, 0x0020, 0x0020, 0x0020, 0x0020,
  0x0020, 0x0020, 0x0020, 0x0020, 0x0020, 0x0020, 0x0020, 0x0020, 0x0020, 0x0020, 0x0020, 0x0020,
  0x0020, 0x0020, 0x0020, 0x0020, 0x0020, 0x0020, 0x0020, 0x0020, 0x0020, 0x0020, 0x0020, 0x0020,
  0x0020, 0x0020, 0x0020, 0x0020, 0x0020, 0x0020, 0x0020, 0x0020, 0x0020, 0x0020, 0x0020, 0x0020,
  0x0020, 0x0020, 0x0020, 0x0020, 0x0020, 0x0020, 0x0020, 0x0020, 0x0020, 0x0020, 0x0020, 0x0020,
  0x0020, 0x0020, 0x0020, 0x0020, 0x0020, 0x0020, 0x0020, 0x0020, 0x0020, 0x0020, 0x0020, 0x0020,
  0x0020, 0x0020, 0x0020, 0x0020, 0x0020, 0x0020, 0x0020, 0x0020, 0x0020, 0x0020, 0x0020, 0x0020,
  0x0020, 0x0020, 0x0020, 0x0020, 0x0020, 0x0020, 0x0020, 0x0020, 0x0020, 0x0020, 0x0020, 0x0020,
  0x0020, 0x0020, 0x0020, 0x0020, 0x0020, 0x0020, 0x0020, 0x0020, 0x0020, 0x0020, 0x0020, 0x0020,
  0x0020, 0x0020, 0x0020, 0x0020, 0x0020, 0x0020, 0x0020, 0x0020, 0x0020, 0x0020, 0x0020, 0x0020,
  0x0020, 0x0020, 0x0020, 0x0020, 0x0020, 0x0020, 0x0020, 0x0020, 0x0020, 0x0020, 0x0020, 0x0020,
  0x0020, 0x0020, 0x0020, 0x0020, 0x0020, 0x0020, 0x0020, 0x0020, 0x0020, 0x0020, 0x0020, 0x0020,
  0x0020, 0x0020, 0x0020, 0x0020, 0x0020, 0x0020, 0x0020, 0x0020, 0x0020, 0x0020, 0x0020, 0x0020,
  0x0020, 0x0020, 0x0020, 0x0020, 0x0020, 0x0020, 0x0020, 0x0020, 0x0020, 0x0020, 0x0020, 0x0020,
  0x0020, 0x0020, 0x0020, 0x0020, 0x0020, 0x0020, 0x0020, 0x0020, 0x0020, 0x0020, 0x0020, 0x0020,
  0x0020, 0x0020, 0x0020, 0x0020, 0x0020, 0x0020, 0x0020, 0x0020, 0x0020, 0x0020, 0x0020, 0x0020,
  0x0020, 0x0020, 0x0020, 0x0020, 0x0020, 0x0020, 0x0020, 0x0020, 0x0020, 0x0020, 0x0020, 0x0020,
  0x0020, 0x0020, 0x0020, 0x0020, 0x0020, 0x0020, 0x0020, 0x0020, 0x0020, 0x0020, 0x0020, 0x0020,
  0x0020, 0x0020, 0x0020, 0x0020, 0x0020, 0x0020, 0x0020, 0x0020, 0x0020, 0x0020, 0x0020, 0x0020,
  0x0020, 0x0020, 0x0020, 0x0020, 0x0020, 0x0020, 0x0020, 0x0020, 0x0020, 0x0020, 0x0020, 0x0020,
  0x0020, 0x0020, 0x0020, 0x0020, 0x0020, 0x0020, 0x0020, 0x0020, 0x0020, 0x0020, 0x0020, 0x0020,
  0x0020, 0x0020, 0x0020, 0x0020, 0x0020, 0x0020, 0x0020, 0x0020, 0x0020, 0x0020, 0x0020, 0x0020,
  0x0020, 0x0020, 0x0020, 0x0020, 0x0020, 0x0020, 0x0020, 0x0020, 0x0020, 0x0020, 0x0020, 0x0020,
  0x0020, 0x0020, 0x0020, 0x0020, 0x0020, 0x0020, 0x0020, 0x0020, 0x0020, 0x0020, 0x0020, 0x0020,
  0x0020, 0x0020, 0x0020, 0x0020, 0x0020, 0x0020, 0x0020, 0x0020, 0x0020, 0x0020, 0x0020, 0x0020,
  0x0020, 0x0020, 0x0020, 0x0020, 0x0020, 0x0020, 0x0020, 0x0020, 0x0020, 0x0020, 0x0020, 0x0020,
  0x0020, 0x0020, 0x0020, 0x0020, 0x0020, 0x0020, 0x0020, 0x0020, 0x0020, 0x0020, 0x0020, 0x0020,
  0x0020, 0x0020, 0x0020, 0x0020, 0x0020, 0x0020, 0x0020, 0x0020, 0x0020, 0x0020, 0x0020, 0x0020,
  0x0020, 0x0020, 0x0020, 0x0020, 0x0020, 0x0020, 0x0020, 0x0020, 0x0020, 0x0020, 0x0020, 0x0020,
  0x0020, 0x0020, 0x0020, 0x0020, 0x0020, 0x0020, 0x0020, 0x0020, 0x0020, 0x0020, 0x0020, 0x0020,
  0x0020, 0x0020, 0x0020, 0x0020, 0x0020, 0x0020, 0x0020, 0x0020, 0x0020, 0x0020, 0x0020, 0x0020,
  0x0020, 0x0020, 0x0020, 0x0020, 0x0020, 0x0020, 0x0020, 0x0020, 0x0020, 0x0020, 0x0020, 0x0020,
  0x0020, 0x0020, 0x0020, 0x0020, 0x0020, 0x0020, 0x0020, 0x0020, 0x0020, 0x0020, 0x0020, 0x0020,
  0x0020, 0x0020, 0x0020, 0x0020, 0x0020, 0x0020, 0x0020, 0x0020, 0x0020, 0x0020, 0x0020, 0x0020,
  0x0020, 0x0020, 0x0020, 0x0020, 0x0020, 0x0020, 0x0020, 0x0020, 0x0020, 0x0020, 0x0020, 0x0020,
  0x0020, 0x0020, 0x0020, 0x0020, 0x0020, 0x0020, 0x0020, 0x0020, 0x0020, 0x0020, 0x0020, 0x0020,
  0x0020, 0x0020, 0x0020, 0x0020, 0x0020, 0x0020, 0x0020, 0x0020, 0x0020, 0x0020, 0x0020, 0x0020,
  0x0020, 0x0020, 0x0020, 0x0020, 0x0020, 0x0020, 0x0020, 0x0020, 0x0020, 0x0020, 0x0020, 0x0020,
  0x0020, 0x0020, 0x0020, 0x0020, 0x0020, 0x0020, 0x0020, 0x0020, 0x0020, 0x0020, 0x0020, 0x0020,
  0x0020, 0x0020, 0x0020, 0x0020, 0x0020, 0x0020, 0x0020, 0x0020, 0x0020, 0x0020, 0x0020, 0x0020,
  0x0020, 0x0020, 0x0020, 0x0020, 0x0020, 0x0020, 0x0020, 0x0020, 0x0020, 0x0020, 0x0020, 0x0020,
  0x0020, 0x0020, 0x0020, 0x0020, 0x0020, 0x0020, 0x0020, 0x0020, 0x0020, 0x0020, 0x0020, 0x0020,
  0x0020, 0x0020, 0x0020, 0x0020, 0x0020, 0x0020, 0x0020, 0x0020, 0x0020, 0x0020, 0x0020, 0x0020,
  0x0020, 0x0020, 0x0020, 0x0020, 0x0020, 0x0020, 0x0020, 0x0020, 0x0020, 0x0020, 0x0020, 0x0020,
  0x0020, 0x0020, 0x0020, 0x0020, 0x0020, 0x0020, 0x0020, 0x0020, 0x0020, 0x0020, 0x0020, 0x0020,
  0x0020, 0x0020, 0x0020, 0x0020, 0x0020, 0x0020, 0x0020, 0x0020, 0x0020, 0x0020, 0x0020, 0x0020,
  0x0020, 0x0020, 0x0020, 0x0020, 0x0020, 0x0020, 0x0020, 0x0020, 0x0020, 0x0020, 0x0020, 0x0020,
  0x0020, 0x0020, 0x0020, 0x0020, 0x0020, 0x0020, 0x0020, 0x0020, 0x0020, 0x0020, 0x0020, 0x0020,
  0x0020, 0x0020, 0x0020, 0x0020, 0x0020, 0x0020, 0x0020, 0x0020, 0x0020, 0x0020, 0x0020, 0x0020,
  0x0020, 0x0020, 0x0020, 0x0020, 0x0020, 0x0020, 0x0020, 0x0020, 0x0020, 0x0020, 0x0020, 0x0020,
  0x0020, 0x0020, 0x0020, 0x0020, 0x0020, 0x0020, 0x0020, 0x0020, 0x0020, 0x0020, 0x0020, 0x0020,
  0x0020, 0x0020, 0x0020, 0x0020, 0x0020, 0x0020, 0x0020, 0x0020, 0x0020, 0x0020, 0x0020, 0x0020,
  0x0020, 0x0020, 0x0020, 0x0020, 0x0020, 0x0020, 0x0020, 0x0020, 0x0020, 0x0020, 0x0020, 0x0020,
  0x0020, 0x0020, 0x0020, 0x0020, 0x0020, 0x0020, 0x0020, 0x0020, 0x0020, 0x0020, 0x0020, 0x0020,
  0x0020, 0x0020, 0x0020, 0x0020, 0x0020, 0x0020, 0x0020, 0x0020, 0x0020, 0x0020, 0x0020, 0x0020,
  0x0020, 0x0020, 0x0020, 0x0020, 0x0020, 0x0020, 0x0020, 0x0020, 0x0020, 0x0020, 0x0020, 0x0020,
  0x0020, 0x0020, 0x0020, 0x0020, 0x0020, 0x0020, 0x0020, 0x0020, 0x0020, 0x0020, 0x0020, 0x0020,
  0x0020, 0x0020, 0x0020, 0x0020, 0x0020, 0x0020, 0x0020, 0x0020, 0x0020, 0x0020, 0x0020, 0x0020,
  0x0020, 0x0020, 0x0000, 0x0020, 0x0020, 0x0020, 0x0020, 0x0020, 0x0020, 0x0020, 0x0020, 0x0020,
  0x0020, 0x0020, 0x0020, 0x0020, 0x0020, 0x0020, 0x0020, 0x0020, 0x0020, 0x0020, 0x0020, 0x0020,
  0x0020, 0x0020, 0x0020, 0x0020, 0x0020, 0x0020, 0x0020, 0x0020, 0x0020, 0x0020, 0x0020, 0x0020,
  0x0020, 0x0000, 0x0020, 0x0020, 0x0020, 0x0020, 0x0020, 0x0020, 0x0020, 0x0020, 0x0020, 0x0020,
  0x0020, 0x0020, 0x0020, 0x0020, 0x0020, 0x0020, 0x0020, 0x0020, 0x0020, 0x0020, 0x0020, 0x0020,
  0x0020, 0x0020, 0x0020, 0x0020, 0x0020, 0x0020, 0x0020, 0x0020, 0x0020, 0x0020, 0x0020, 0x0020,
  0x0020, 0x0020, 0x0020, 0x0020, 0x0020, 0x0020, 0x0020, 0x0020, 0x0020, 0x0020, 0x0020, 0x0020,
  0x0020, 0x0020, 0x0020, 0x0020, 0x0020, 0x0020, 0x0020, 0x0020, 0x0020, 0x0020, 0x0020, 0x0020,
  0x0020, 0x0020, 0x0020, 0x0020, 0x0020, 0x0020, 0x0020, 0x0020, 0x0020, 0x0020, 0x0020, 0x0020,
  0x0020, 0x0020, 0x0020, 0x0020, 0x0020, 0x0020, 0x0020, 0x0020, 0x0020, 0x0020, 0x0020, 0x0020,
  0x0020, 0x0020, 0x0020, 0x0020, 0x0020, 0x0020, 0x0020, 0x0020, 0x0020, 0x0020, 0x0020, 0x0020,
  0x0020, 0x0020, 0x0020, 0x0020, 0x0020, 0x0020, 0x0020, 0x0020, 0x0020, 0x0020, 0x0020, 0x0020,
  0x0020, 0x0020, 0x0020, 0x0020, 0x0020, 0x0020, 0x0020, 0x0020, 0x0020, 0x0020, 0x0020, 0x0020,
  0x0020, 0x0020, 0x0020, 0x0020, 0x0020, 0x0020, 0x0020, 0x0020, 0x0020, 0x0020, 0x0020, 0x0020,
  0x0020, 0x0020, 0x0020, 0x0020, 0x0020, 0x0020, 0x0020, 0x0020, 0x0020, 0x0020, 0x0020, 0x0020,
  0x0020, 0x0020, 0x0020, 0x0020, 0x0020, 0x0020, 0x0020, 0x0020, 0x0020, 0x0020, 0x0020, 0x0020,
  0x0020, 0x0020, 0x0020, 0x0020, 0x0020, 0x0020, 0x0020, 0x0020, 0x0020, 0x0020, 0x0020, 0x0020,
  0x0020, 0x0020, 0x0020, 0x0020, 0x0020, 0x0020, 0x0020, 0x0020, 0x0020, 0x0020, 0x0020, 0x0020,
  0x0020, 0x0020, 0x0020, 0x0020, 0x0020, 0x0020, 0x0020, 0x0020, 0x0020, 0x0020, 0x0020, 0x0020,
  0x0020, 0x0020, 0x0020, 0x0020, 0x0020, 0x0020, 0x0020, 0x0020, 0x0020, 0x0020, 0x0020, 0x0020,
  0x0020, 0x0020, 0x0020, 0x0020, 0x0020, 0x0020, 0x0020, 0x0020, 0x0020, 0x0020, 0x0020, 0x0020,
  0x0020, 0x0020, 0x0020, 0x0020, 0x0020, 0x0020, 0x0020, 0x0020, 0x0020, 0x0020, 0x0020, 0x0020,
  0x0020, 0x0020, 0x0020, 0x0020, 0x0020, 0x0020, 0x0020, 0x0020, 0x0020, 0x0020, 0x0020, 0x0020,
  0x0020, 0x0020, 0x0020, 0x0020, 0x0020, 0x0020, 0x0020, 0x0020, 0x0020, 0x0020, 0x0020, 0x0020,
  0x0020, 0x0020, 0x0020, 0x0020, 0x0020, 0x0020, 0x0020, 0x0020, 0x0020, 0x0020, 0x0020, 0x0020,
  0x0020, 0x0020, 0x0020, 0x0020, 0x0020, 0x0020, 0x0020, 0x0020, 0x0020, 0x0020, 0x0020, 0x0020,
  0x0020, 0x0020, 0x0020, 0x0020, 0x0020, 0x0020, 0x0020, 0x0020, 0x0020, 0x0020, 0x0020, 0x0020,
  0x0020, 0x0020, 0x0020, 0x0020, 0x0020, 0x0020, 0x0020, 0x0020, 0x0020, 0x0020, 0x0020, 0x0020,
  0x0020, 0x0020, 0x0020, 0x0020, 0x0020, 0x0020, 0x0020, 0x0020, 0x0020, 0x0020, 0x0020, 0x0020,
  0x0020, 0x0020, 0x0020, 0x0020, 0x0020, 0x0020, 0x0020, 0x0020, 0x0020, 0x0020, 0x0020, 0x0020,
  0x0020, 0x0020, 0x0020, 0x0020, 0x0020, 0x0020, 0x0020, 0x0020, 0x0020, 0x0020, 0x0020, 0x0020,
  0x0020, 0x0020, 0x0020, 0x0020, 0x0020, 0x0020, 0x0020, 0x0020, 0x0020, 0x0020, 0x0020, 0x0020,
  0x0000, 0x0020, 0x0020, 0x0020, 0x0020, 0x0020, 0x0020, 0x0020, 0x0020, 0x0020, 0x0020, 0x0020,
  0x0020, 0x0020, 0x0020, 0x0020, 0x0020, 0x0020, 0x0020, 0x0020, 0x0000, 0x0020, 0x0020, 0x0020,
  0x0020, 0x0020, 0x0020, 0x0020, 0x0020, 0x0020, 0x0020, 0x0020, 0x0020, 0x0020, 0x0020, 0x0020,
  0x0020, 0x0020, 0x0020, 0x0020, 0x0020, 0x0020, 0x0020, 0x0020, 0x0020, 0x0020, 0x0020, 0x0020,
  0x0020, 0x0020, 0x0020, 0x0020, 0x0020, 0x0020, 0x0020, 0x0020, 0x0020, 0x0020, 0x0020, 0x0020,
  0x0020, 0x0020, 0x0020, 0x0020, 0x0020, 0x0020, 0x0020, 0x0020, 0x0020, 0x0020, 0x0020, 0x0020,
  0x0020, 0x0020, 0x0020, 0x0020, 0x0020, 0x0020, 0x0020, 0x0020, 0x0020, 0x0020, 0x0020, 0x0020,
  0x0020, 0x0020, 0x0020, 0x0020, 0x0020, 0x0020, 0x0020, 0x0020, 0x0020, 0x0020, 0x0020, 0x0020,
  0x0020, 0x0020, 0x0020, 0x0020, 0x0020, 0x0020, 0x0020, 0x0020, 0x0020, 0x0020, 0x0020, 0x0020,
  0x0020, 0x0020, 0x0020, 0x0020, 0x0020, 0x0020, 0x0020, 0x0020, 0x0020, 0x0020, 0x0020, 0x0020,
  0x0020, 0x0020, 0x0020, 0x0020, 0x0020, 0x0020, 0x0020, 0x0020, 0x0020, 0x0020, 0x0020, 0x0020,
  0x0020, 0x0020, 0x0020, 0x0020, 0x0020, 0x0020, 0x0020, 0x0020, 0x0020, 0x0020, 0x0020, 0x0020,
  0x0020, 0x0020, 0x0020, 0x0020, 0x0020, 0x0020, 0x0020, 0x0020, 0x0020, 0x0020, 0x0020, 0x0020,
  0x0020, 0x0020, 0x0020, 0x0020, 0x0020, 0x0020, 0x0020, 0x0020, 0x0020, 0x0020, 0x0020, 0x0020,
  0x0020, 0x0020, 0x0020, 0x0020, 0x0020, 0x0020, 0x0020, 0x0020, 0x0020, 0x0020, 0x0020, 0x0020,
  0x0020, 0x0020, 0x0020, 0x0020, 0x0020, 0x0020, 0x0020, 0x0020, 0x0020, 0x0020, 0x0020, 0x0020,
  0x0020, 0x0020, 0x0020, 0x0020, 0x0020, 0x0020, 0x0020, 0x0020, 0x0020, 0x0020, 0x0020, 0x0020,
  0x0020, 0x0020, 0x0020, 0x0020, 0x0020, 0x0020, 0x0020, 0x0020, 0x0020, 0x0020, 0x0020, 0x0020,
  0x0020, 0x0020, 0x0020, 0x0020, 0x0020, 0x0020, 0x0020, 0x0020, 0x0020, 0x0020, 0x0020, 0x0020,
  0x0020, 0x0020, 0x0020, 0x0020, 0x0020, 0x0020, 0x0020, 0x0020, 0x0020, 0x0020, 0x0020, 0x0020,
  0x0020, 0x0020, 0x0020, 0x0020, 0x0020, 0x0020, 0x0020, 0x0020, 0x0020, 0x0020, 0x0020, 0x0020,
  0x0020, 0x0020, 0x0020, 0x0020, 0x0020, 0x0020, 0x0020, 0x0020, 0x0020, 0x0020, 0x0020, 0x0020,
  0x0020, 0x0020, 0x0020, 0x0020, 0x0020, 0x0020, 0x0020, 0x0020, 0x0020, 0x0020, 0x0020, 0x0020,
  0x0020, 0x0020, 0x0020, 0x0020, 0x0020, 0x0020, 0x0020, 0x0020, 0x0020, 0x0020, 0x0020, 0x0020,
  0x0020, 0x0020, 0x0020, 0x0020, 0x0020, 0x0020, 0x0020, 0x0020, 0x0020, 0x0020, 0x0020, 0x0020,
  0x0020, 0x0020, 0x0020, 0x0020, 0x0020, 0x0020, 0x0020, 0x0020, 0x0020, 0x0020, 0x0020, 0x0020,
  0x0020, 0x0020, 0x0020, 0x0020, 0x0020, 0x0020, 0x0020, 0x0020, 0x0020, 0x0020, 0x0020, 0x0020,
  0x0020, 0x0020, 0x0020, 0x0020, 0x0020, 0x0020, 0x0020, 0x0020, 0x0020, 0x0020, 0x0020, 0x0020,
  0x0020, 0x0020, 0x0020, 0x0020, 0x0020, 0x0020, 0x0020, 0x0020, 0x0020, 0x0020, 0x0020, 0x0020,
  0x0020, 0x0020, 0x0020, 0x0020, 0x0020, 0x0020, 0x0020, 0x0020, 0x0020, 0x0020, 0x0020, 0x0020,
  0x0020, 0x0020, 0x0020, 0x0020, 0x0020, 0x0020, 0x0020, 0x0020, 0x0020, 0x0020, 0x0020, 0x0020,
  0x0020, 0x0020, 0x0020, 0x0020, 0x0020, 0x0020, 0x0020, 0x0020, 0x0020, 0x0020, 0x0020, 0x0020,
  0x0020, 0x0020, 0x0020, 0x0020, 0x0020, 0x0020, 0x0020, 0x0020, 0x0020, 0x0020, 0x0020, 0x0020,
  0x0020, 0x0020, 0x0020, 0x0020, 0x0020, 0x0020, 0x0020, 0x0020, 0x0020, 0x0020, 0x0020, 0x0020,
  0x0020, 0x0020, 0x0020, 0x0020, 0x0020, 0x0020, 0x0020, 0x0020, 0x0020, 0x0020, 0x0020, 0x0020,
  0x0020, 0x0020, 0x0020, 0x0020, 0x0020, 0x0020, 0x0020, 0x0020, 0x0020, 0x0020, 0x0020, 0x0020,
  0x0020, 0x0020, 0x0020, 0x0020, 0x0020, 0x0020, 0x0020, 0x0020, 0x0020, 0x0020, 0x0020, 0x0020,
  0x0020, 0x0020, 0x0020, 0x0020, 0x0020, 0x0020, 0x0020, 0x0020, 0x0020, 0x0020, 0x0020, 0x0020,
  0x0020, 0x0020, 0x0020, 0x0020, 0x0020, 0x0020, 0x0020, 0x0020, 0x0020, 0x0020, 0x0020, 0x0020,
  0x0020, 0x0020, 0x0020, 0x0020, 0x0020, 0x0020, 0x0020, 0x0020, 0x0020, 0x0020, 0x0020, 0x0020,
  0x0020, 0x0020, 0x0020, 0x0020, 0x0020, 0x0020, 0x0020, 0x0020, 0x0020, 0x0020, 0x0020, 0x0020,
  0x0020, 0x0020, 0x0020, 0x0020, 0x0020, 0x0020, 0x0020, 0x0020, 0x0020, 0x0020, 0x0020, 0x0020,
  0x0020, 0x0020, 0x0020, 0x0020, 0x0020, 0x0020, 0x0020, 0x0020, 0x0020, 0x0020, 0x0020, 0x0020,
  0x0020, 0x0020, 0x0020, 0x0020, 0x0020, 0x0020, 0x0020, 0x0020, 0x0020, 0x0020, 0x0020, 0x0020,
  0x0020, 0x0020, 0x0020, 0x0020, 0x0020, 0x0020, 0x0020, 0x0020, 0x0020, 0x0020, 0x0020, 0x0020,
  0x0020, 0x0020, 0x0020, 0x0020, 0x0020, 0x0020, 0x0020, 0x0020, 0x0020, 0x0020, 0x0020, 0x0020,
  0x0020, 0x0020, 0x0020, 0x0020, 0x0020, 0x0020, 0x0020, 0x0020, 0x0020, 0x0020, 0x0020, 0x0020,
  0x0020, 0x0020, 0x0020, 0x0020, 0x0020, 0x0020, 0x0020, 0x0020, 0x0020, 0x0020, 0x0020, 0x0020,
  0x0020, 0x0020, 0x0020, 0x0020, 0x0020, 0x0020, 0x0020, 0x0020, 0x0020, 0x0020, 0x0020, 0x0020,
  0x0020, 0x0020, 0x0020, 0x0020, 0x0020, 0x0020, 0x0020, 0x0020, 0x0020, 0x0020, 0x0020, 0x0020,
  0x0020, 0x0020, 0x0020, 0x0020, 0x0020, 0x0020, 0x0020, 0x0020, 0x0020, 0x0020, 0x0020, 0x0020,
  0x0020, 0x0020, 0x0020, 0x0020, 0x0020, 0x0020, 0x0020, 0x0020, 0x0020, 0x0020, 0x0020, 0x0020,
  0x0020, 0x0020, 0x0020, 0x0020, 0x0020, 0x0020, 0x0020, 0x0020, 0x0020, 0x0020, 0x0020, 0x0020,
  0x0020, 0x0020, 0x0020, 0x0020, 0x0020, 0x0020, 0x0020, 0x0020, 0x0020, 0x0020, 0x0020, 0x0020,
  0x0020, 0x0020, 0x0020, 0x0020, 0x0020, 0x0020, 0x0020, 0x0020, 0x0020, 0x0020, 0x0020, 0x0020,
  0x0000, 0x0020, 0x0020, 0x0020, 0x0020, 0x0020, 0x0020, 0x0020, 0x0020, 0x0020, 0x0020, 0x0020,
  0x0020, 0x0020, 0x0020, 0x0020, 0x0020, 0x0020, 0x0020, 0x0020, 0x0020, 0x0020, 0x0020, 0x0020,
  0x0020, 0x0020, 0x0020, 0x0020, 0x0020, 0x0020, 0x0020, 0x0020, 0x0020, 0x0020, 0x0020, 0x0020,
  0x0020, 0x0020, 0x0020, 0x0020, 0x0020, 0x0020, 0x0020, 0x0020, 0x0020, 0x0020, 0x0020, 0x0020,
  0x0020, 0x0020, 0x0020, 0x0020, 0x0020, 0x0020, 0x0020, 0x0020, 0x0020, 0x0020, 0x0020, 0x0020,
  0x0020, 0x0020, 0x0020, 0x0020, 0x0020, 0x0020, 0x0020, 0x0020, 0x0020, 0x0020, 0x0020, 0x0020,
  0x0020, 0x0020, 0x0020, 0x0020, 0x0020, 0x0020, 0x0020, 0x0020, 0x0020, 0x0020, 0x0020, 0x0020,
  0x0020, 0x0020, 0x0020, 0x0020, 0x0020, 0x0020, 0x0020, 0x0020, 0x0020, 0x0020, 0x0020, 0x0020,
  0x0020, 0x0020, 0x0020, 0x0020, 0x0020, 0x0020, 0x0020, 0x0020, 0x0020, 0x0020, 0x0020, 0x0020,
  0x0020, 0x0020, 0x0020, 0x0020, 0x0020, 0x0020, 0x0020, 0x0020, 0x0020, 0x0020, 0x0020, 0x0020,
  0x0020, 0x0020, 0x0020, 0x0020, 0x0020, 0x0020, 0x0020, 0x0020, 0x0020, 0x0020, 0x0020, 0x0020,
  0x0020, 0x0020, 0x0020, 0x0020, 0x0020, 0x0020, 0x0020, 0x0020, 0x0020, 0x0020, 0x0020, 0x0020,
  0x0020, 0x0020, 0x0020, 0x0020, 0x0020, 0x0020, 0x0020, 0x0020, 0x0020, 0x0020, 0x0020, 0x0020,
  0x0020, 0x0020, 0x0020, 0x0020,
