// Generated from Assets/GridCity/StreetV3/device/g3-summit-boulevard.png
// SHA-256: db5ba955d4a0db446a1f0770bba18f8911f7449e1474b2689c45e65dbb23c6b3
  0x0020, 0x0020, 0x0021, 0x0020, 0x0020, 0x0021, 0x0021, 0x0021, 0x0021, 0x0020, 0x0021, 0x0020,
  0x0021, 0x0021, 0x0020, 0x0020, 0x0020, 0x0021, 0x0020, 0x0020, 0x0020, 0x0020, 0x0020, 0x0020,
  0x0021, 0x0021, 0x0020, 0x0020, 0x0021, 0x0020, 0x0020, 0x0020, 0x0020, 0x0020, 0x0021, 0x0021,
  0x0020, 0x0020, 0x0021, 0x0020, 0x0020, 0x0020, 0x0020, 0x0020, 0x0020, 0x0020, 0x0021, 0x0020,
  0x0020, 0x0020, 0x0020, 0x0020, 0x0021, 0x0020, 0x0020, 0x0020, 0x0020, 0x0020, 0x0021, 0x0021,
  0x0020, 0x0020, 0x0021, 0x0021, 0x0020, 0x0020, 0x0020, 0x0020, 0x0020, 0x0021, 0x0020, 0x0021,
  0x0020, 0x0021, 0x0021, 0x0021, 0x0021, 0x0020, 0x0021, 0x0020, 0x0021, 0x0021, 0x0020, 0x0020,
  0x0021, 0x0020, 0x0020, 0x0020, 0x0020, 0x0020, 0x0020, 0x0021, 0x0020, 0x0021, 0x0020, 0x0020,
  0x0021, 0x0020, 0x0020, 0x0020, 0x0020, 0x0020, 0x0020, 0x0021, 0x0020, 0x0020, 0x0021, 0x0020,
  0x0020, 0x0020, 0x0020, 0x0020, 0x0020, 0x0020, 0x0020, 0x0020, 0x0020, 0x0020, 0x0021, 0x0020,
  0x0021, 0x0021, 0x0020, 0x0021, 0x0020, 0x0020, 0x0020, 0x0020, 0x0020, 0x0020, 0x0020, 0x0021,
  0x0020, 0x0020, 0x0020, 0x0020, 0x0020, 0x0020, 0x0020, 0x0020, 0x0020, 0x0020, 0x0020, 0x0020,
  0x0020, 0x0021, 0x0021, 0x0021, 0x0021, 0x0020, 0x0020, 0x0021, 0x0020, 0x0020, 0x0020, 0x0020,
  0x0020, 0x0020, 0x0020, 0x0020, 0x0020, 0x0021, 0x0020, 0x0021, 0x0020, 0x0021, 0x0020, 0x0021,
  0x0021, 0x0021, 0x0020, 0x0020, 0x0020, 0x0020, 0x0020, 0x0020, 0x0020, 0x0021, 0x0020, 0x0021,
  0x0021, 0x0020, 0x0020, 0x0020, 0x0020, 0x0020, 0x0020, 0x0020, 0x0021, 0x0020, 0x0020, 0x0020,
  0x0020, 0x0021, 0x0020, 0x0020, 0x0020, 0x0020, 0x0021, 0x0020, 0x0020, 0x0020, 0x0020, 0x0020,
  0x0020, 0x0020, 0x0020, 0x0021, 0x0020, 0x0020, 0x0020, 0x0021, 0x0020, 0x0020, 0x0020, 0x0020,
  0x0021, 0x0020, 0x0020, 0x0021, 0x0021, 0x0021, 0x0021, 0x0021, 0x0020, 0x0020, 0x0021, 0x0020,
  0x0020, 0x0021, 0x0020, 0x0021, 0x0020, 0x0020, 0x0020, 0x0021, 0x0020, 0x0021, 0x0021, 0x0021,
  0x0020, 0x0021, 0x0021, 0x0021, 0x0020, 0x0020, 0x0020, 0x0020, 0x0020, 0x0021, 0x0020, 0x0020,
  0x0020, 0x0021, 0x0020, 0x0020, 0x0021, 0x0020, 0x0020, 0x0020, 0x0020, 0x0020, 0x0021, 0x0020,
  0x0020, 0x0021, 0x0020, 0x0020, 0x0020, 0x0020, 0x0020, 0x0020, 0x0020, 0x0020, 0x0020, 0x0020,
  0x0021, 0x0020, 0x0020, 0x0020, 0x0020, 0x0020, 0x0021, 0x0021, 0x0020, 0x0020, 0x0020, 0x0020,
  0x0020, 0x0020, 0x0020, 0x0020, 0x0020, 0x0020, 0x0020, 0x0020, 0x0020, 0x0020, 0x0020, 0x0020,
  0x0020, 0x0020, 0x0020, 0x0021, 0x0020, 0x0020, 0x0020, 0x0021, 0x0020, 0x0021, 0x0021, 0x0021,
  0x0020, 0x0020, 0x0020, 0x0021, 0x0020, 0x0020, 0x0020, 0x0020, 0x0020, 0x0020, 0x0020, 0x0021,
  0x0020, 0x0020, 0x0021, 0x0020, 0x0020, 0x0020, 0x0020, 0x0021, 0x0020, 0x0021, 0x0020, 0x0020,
  0x0021, 0x0021, 0x0021, 0x0020, 0x0020, 0x0020, 0x0021, 0x0021, 0x0021, 0x0021, 0x0020, 0x0021,
  0x0020, 0x0020, 0x0021, 0x0021, 0x0021, 0x0020, 0x0021, 0x0021, 0x0020, 0x0020, 0x0021, 0x0021,
  0x0020, 0x0021, 0x0020, 0x0021, 0x0021, 0x0021, 0x0021, 0x0021, 0x0020, 0x0020, 0x0020, 0x0020,
  0x0021, 0x0020, 0x0021, 0x0020, 0x0020, 0x0021, 0x0021, 0x0020, 0x0020, 0x0021, 0x0021, 0x0020,
  0x0021, 0x0021, 0x0021, 0x0021, 0x0021, 0x0021, 0x0021, 0x0021, 0x0021, 0x0021, 0x0021, 0x0021,
  0x0020, 0x0020, 0x0021, 0x0020, 0x0021, 0x0020, 0x0020, 0x0020, 0x0021, 0x0020, 0x0020, 0x0021,
  0x0020, 0x0020, 0x0021, 0x0021, 0x0021, 0x0020, 0x0020, 0x0020, 0x0020, 0x0020, 0x0020, 0x0020,
  0x0020, 0x0020, 0x0020, 0x0020, 0x0021, 0x0021, 0x0020, 0x0020, 0x0021, 0x0021, 0x0020, 0x0020,
  0x0020, 0x0021, 0x0021, 0x0021, 0x0021, 0x0021, 0x0021, 0x0021, 0x0021, 0x0021, 0x0021, 0x0020,
  0x0021, 0x0021, 0x0021, 0x0020, 0x0020, 0x0020, 0x0020, 0x0020, 0x0021, 0x0020, 0x0021, 0x0020,
  0x0020, 0x0020, 0x0020, 0x0021, 0x0021, 0x0020, 0x0021, 0x0021, 0x0020, 0x0020, 0x0021, 0x0021,
  0x0021, 0x0021, 0x0020, 0x0020, 0x0020, 0x0021, 0x0020, 0x0021, 0x0020, 0x0021, 0x0020, 0x0020,
  0x0020, 0x0020, 0x0021, 0x0021, 0x0021, 0x0020, 0x0021, 0x0021, 0x0020, 0x0020, 0x0020, 0x0021,
  0x0020, 0x0021, 0x0020, 0x0020, 0x0021, 0x0020, 0x0021, 0x0020, 0x0020, 0x0020, 0x0020, 0x0021,
  0x0021, 0x0021, 0x0020, 0x0021, 0x0021, 0x0021, 0x0021, 0x0020, 0x0020, 0x0021, 0x0021, 0x0020,
  0x0020, 0x0021, 0x0021, 0x0021, 0x0021, 0x0020, 0x0020, 0x0021, 0x0021, 0x0020, 0x0021, 0x0021,
  0x0021, 0x0020, 0x0021, 0x0020, 0x0020, 0x0020, 0x0020, 0x0020, 0x0020, 0x0020, 0x0020, 0x0021,
  0x0021, 0x0021, 0x0020, 0x0020, 0x0021, 0x0021, 0x0021, 0x0021, 0x0020, 0x0021, 0x0021, 0x0021,
  0x0021, 0x0021, 0x0021, 0x0020, 0x0021, 0x0021, 0x0021, 0x0021, 0x0020, 0x0020, 0x0021, 0x0021,
  0x0021, 0x0021, 0x0020, 0x0020, 0x0020, 0x0020, 0x0020, 0x0021, 0x0021, 0x0021, 0x0021, 0x0021,
  0x0020, 0x0020, 0x0021, 0x0020, 0x0020, 0x0020, 0x0020, 0x0021, 0x0021, 0x0020, 0x0020, 0x0021,
  0x0020, 0x0021, 0x0020, 0x0021, 0x0021, 0x0021, 0x0020, 0x0020, 0x0021, 0x0021, 0x0021, 0x0021,
  0x0021, 0x0021, 0x0021, 0x0020, 0x0021, 0x0021, 0x0020, 0x0021, 0x0020, 0x0020, 0x0020, 0x0020,
  0x0020, 0x0020, 0x0021, 0x0021, 0x0020, 0x0021, 0x0021, 0x0021, 0x0021, 0x0021, 0x0020, 0x0020,
  0x0021, 0x0020, 0x0021, 0x0020, 0x0021, 0x0021, 0x0020, 0x0020, 0x0020, 0x0021, 0x0020, 0x0021,
  0x0021, 0x0021, 0x0020, 0x0020, 0x0020, 0x0020, 0x0021, 0x0021, 0x0021, 0x0021, 0x0020, 0x0021,
  0x0021, 0x0021, 0x0020, 0x0020, 0x0021, 0x0021, 0x0020, 0x0020, 0x0021, 0x0020, 0x0021, 0x0021,
  0x0020, 0x0021, 0x0021, 0x0020, 0x0021, 0x0020, 0x0020, 0x0021, 0x0021, 0x0020, 0x0020, 0x0020,
  0x0020, 0x0021, 0x0021, 0x0020, 0x0020, 0x0021, 0x0020, 0x0020, 0x0020, 0x0021, 0x0021, 0x0020,
  0x0021, 0x0021, 0x0020, 0x0021, 0x0021, 0x0021, 0x0021, 0x0021, 0x0020, 0x0020, 0x0021, 0x0021,
  0x0020, 0x0020, 0x0021, 0x0021, 0x0021, 0x0020, 0x0020, 0x0021, 0x0021, 0x0021, 0x0021, 0x0021,
  0x0021, 0x0021, 0x0021, 0x0021, 0x0021, 0x0020, 0x0021, 0x0021, 0x0021, 0x0020, 0x0021, 0x0020,
  0x0020, 0x0021, 0x0020, 0x0021, 0x0021, 0x0021, 0x0021, 0x0021, 0x0020, 0x0021, 0x0021, 0x0020,
  0x0021, 0x0021, 0x0021, 0x0020, 0x0021, 0x0020, 0x0021, 0x0020, 0x0021, 0x0020, 0x0020, 0x0020,
  0x0021, 0x0020, 0x0020, 0x0020, 0x0021, 0x0021, 0x0021, 0x0021, 0x0020, 0x0020, 0x0021, 0x0020,
  0x0021, 0x0020, 0x0021, 0x0021, 0x0020, 0x0021, 0x0021, 0x0020, 0x0020, 0x0020, 0x0020, 0x0021,
  0x0020, 0x0021, 0x0021, 0x0021, 0x0021, 0x0021, 0x0020, 0x0021, 0x0021, 0x0020, 0x0020, 0x0020,
  0x0021, 0x0021, 0x0021, 0x0020, 0x0021, 0x0021, 0x0021, 0x0021, 0x0021, 0x0021, 0x0021, 0x0020,
  0x0020, 0x0021, 0x0021, 0x0021, 0x0021, 0x0021, 0x0021, 0x0020, 0x0020, 0x0020, 0x0020, 0x0020,
  0x0020, 0x0020, 0x0020, 0x0020, 0x0020, 0x0021, 0x0020, 0x0020, 0x0020, 0x0021, 0x0020, 0x0020,
  0x0021, 0x0020, 0x0021, 0x0020, 0x0020, 0x0021, 0x0021, 0x0021, 0x0021, 0x0021, 0x0020, 0x0021,
  0x0020, 0x0021, 0x0021, 0x0021, 0x0021, 0x0021, 0x0020, 0x0020, 0x0021, 0x0021, 0x0021, 0x0020,
  0x0021, 0x0021, 0x0020, 0x0021, 0x0021, 0x0021, 0x0020, 0x0021, 0x0020, 0x0021, 0x0021, 0x0021,
  0x0020, 0x0020, 0x0021, 0x0020, 0x0021, 0x0020, 0x0020, 0x0020, 0x0021, 0x0021, 0x0020, 0x0020,
  0x0021, 0x0021, 0x0021, 0x0021, 0x0021, 0x0021, 0x0021, 0x0021, 0x0020, 0x0021, 0x0021, 0x0020,
  0x0021, 0x0020, 0x0021, 0x0020, 0x0021, 0x0021, 0x0021, 0x0020, 0x0021, 0x0021, 0x0021, 0x0020,
  0x0021, 0x0021, 0x0021, 0x0020, 0x0020, 0x0021, 0x0021, 0x0020, 0x0021, 0x0021, 0x0021, 0x0020,
  0x0020, 0x0021, 0x0021, 0x0020, 0x0020, 0x0021, 0x0020, 0x0020, 0x0020, 0x0021, 0x0021, 0x0021,
  0x0020, 0x0021, 0x0021, 0x0020, 0x0021, 0x0020, 0x0020, 0x0020, 0x0020, 0x0020, 0x0020, 0x0021,
  0x0021, 0x0021, 0x0020, 0x0020, 0x0020, 0x0021, 0x0020, 0x0020, 0x0021, 0x0020, 0x0020, 0x0021,
  0x0020, 0x0021, 0x0021, 0x0020, 0x0020, 0x0021, 0x0020, 0x0021, 0x0021, 0x0021, 0x0021, 0x0021,
  0x0021, 0x0020, 0x0020, 0x0020, 0x0021, 0x0020, 0x0021, 0x0021, 0x0020, 0x0021, 0x0020, 0x0020,
  0x0020, 0x0021, 0x0020, 0x0021, 0x0020, 0x0021, 0x0021, 0x0021, 0x0020, 0x0020, 0x0021, 0x0020,
  0x0020, 0x0021, 0x0020, 0x0020, 0x0021, 0x0021, 0x0020, 0x0020, 0x0020, 0x0020, 0x0021, 0x0021,
  0x0021, 0x0021, 0x0020, 0x0021, 0x0021, 0x0020, 0x0020, 0x0021, 0x0020, 0x0021, 0x0020, 0x0020,
  0x0021, 0x0021, 0x0021, 0x0021, 0x0020, 0x0021, 0x0021, 0x0020, 0x0020, 0x0021, 0x0021, 0x0021,
  0x0020, 0x0021, 0x0021, 0x0021, 0x0020, 0x0021, 0x0021, 0x0020, 0x0021, 0x0021, 0x0021, 0x0021,
  0x0020, 0x0021, 0x0020, 0x0021, 0x0021, 0x0021, 0x0021, 0x0021, 0x0021, 0x0021, 0x0021, 0x0021,
  0x0021, 0x0021, 0x0021, 0x0021, 0x0020, 0x0020, 0x0021, 0x0021, 0x0021, 0x0020, 0x0021, 0x0021,
  0x0020, 0x0021, 0x0021, 0x0021, 0x0021, 0x0021, 0x0021, 0x0021, 0x0021, 0x0021, 0x0020, 0x0021,
  0x0021, 0x0021, 0x0020, 0x0021, 0x0020, 0x0021, 0x0020, 0x0021, 0x0021, 0x0021, 0x0020, 0x0021,
  0x0020, 0x0021, 0x0021, 0x0021, 0x0020, 0x0021, 0x0021, 0x0020, 0x0020, 0x0020, 0x0021, 0x0021,
  0x0020, 0x0021, 0x0020, 0x0020, 0x0021, 0x0021, 0x0020, 0x0020, 0x0021, 0x0020, 0x0020, 0x0021,
  0x0020, 0x0020, 0x0021, 0x0021, 0x0020, 0x0021, 0x0020, 0x0021, 0x0021, 0x0021, 0x0021, 0x0021,
  0x0021, 0x0021, 0x0021, 0x0020, 0x0020, 0x0020, 0x0020, 0x0021, 0x0021, 0x0021, 0x0021, 0x0021,
  0x0021, 0x0021, 0x0021, 0x0020, 0x0020, 0x0020, 0x0020, 0x0021, 0x0021, 0x0021, 0x0021, 0x0020,
  0x0021, 0x0021, 0x0021, 0x0020, 0x0020, 0x0020, 0x0020, 0x0021, 0x0021, 0x0021, 0x0020, 0x0021,
  0x0021, 0x0020, 0x0020, 0x0020, 0x0020, 0x0021, 0x0021, 0x0021, 0x0021, 0x0021, 0x0021, 0x0021,
  0x0021, 0x0021, 0x0020, 0x0020, 0x0020, 0x0021, 0x0021, 0x0020, 0x0020, 0x0021, 0x0021, 0x0020,
  0x0020, 0x0021, 0x0021, 0x0021, 0x0021, 0x0021, 0x0020, 0x0020, 0x0020, 0x0021, 0x0020, 0x0021,
  0x0021, 0x0020, 0x0021, 0x0021, 0x0021, 0x0021, 0x0021, 0x0021, 0x0021, 0x0021, 0x0021, 0x0021,
  0x0021, 0x0021, 0x0021, 0x0021, 0x0020, 0x0021, 0x0021, 0x0021, 0x0021, 0x0021, 0x0021, 0x0021,
  0x0020, 0x0020, 0x0020, 0x0021, 0x0021, 0x0021, 0x0021, 0x0021, 0x0021, 0x0021, 0x0020, 0x0020,
  0x0021, 0x0020, 0x0020, 0x0021, 0x0020, 0x0020, 0x0020, 0x0020, 0x0021, 0x0021, 0x0021, 0x0021,
  0x0021, 0x0021, 0x0020, 0x0021, 0x0020, 0x0021, 0x0021, 0x0021, 0x0021, 0x0021, 0x0021, 0x0021,
  0x0021, 0x0021, 0x0021, 0x0021, 0x0021, 0x0021, 0x0021, 0x0021, 0x0021, 0x0021, 0x0021, 0x0020,
  0x0021, 0x0020, 0x0021, 0x0021, 0x0021, 0x0021, 0x0021, 0x0021, 0x0020, 0x0021, 0x0021, 0x0021,
  0x0021, 0x0021, 0x0020, 0x0021, 0x0021, 0x0021, 0x0021, 0x0021, 0x0020, 0x0021, 0x0020, 0x0021,
  0x0020, 0x0020, 0x0021, 0x0021, 0x0021, 0x0021, 0x0021, 0x0020, 0x0020, 0x0021, 0x0020, 0x0020,
  0x0021, 0x0020, 0x0021, 0x0020, 0x0020, 0x0021, 0x0020, 0x0021, 0x0021, 0x0021, 0x0021, 0x0020,
  0x0021, 0x0020, 0x0021, 0x0020, 0x0020, 0x0021, 0x0021, 0x0020, 0x0021, 0x0020, 0x0020, 0x0021,
  0x0021, 0x0021, 0x0020, 0x0021, 0x0020, 0x0021, 0x0021, 0x0021, 0x0021, 0x0020, 0x0020, 0x0021,
  0x0020, 0x0021, 0x0021, 0x0020, 0x0021, 0x0020, 0x0020, 0x0020, 0x0020, 0x0021, 0x0021, 0x0020,
  0x0020, 0x0021, 0x0020, 0x0021, 0x0021, 0x0020, 0x0020, 0x0021, 0x0020, 0x0020, 0x0021, 0x0020,
  0x0020, 0x0021, 0x0021, 0x0021, 0x0021, 0x0021, 0x0021, 0x0020, 0x0021, 0x0021, 0x0021, 0x0021,
  0x0020, 0x0021, 0x0020, 0x0020, 0x0020, 0x0021, 0x0020, 0x0021, 0x0021, 0x0021, 0x0021, 0x0021,
  0x0021, 0x0021, 0x0021, 0x0020, 0x0021, 0x0021, 0x0020, 0x0021, 0x0020, 0x0021, 0x0021, 0x0021,
  0x0020, 0x0020, 0x0020, 0x0020, 0x0020, 0x0020, 0x0020, 0x0021, 0x0020, 0x0020, 0x0021, 0x0020,
  0x0020, 0x0020, 0x0021, 0x0021, 0x0021, 0x0020, 0x0020, 0x0020, 0x0021, 0x0020, 0x0021, 0x0021,
  0x0021, 0x0021, 0x0020, 0x0021, 0x0020, 0x0021, 0x0021, 0x0021, 0x0021, 0x0021, 0x0021, 0x0020,
  0x0021, 0x0021, 0x0021, 0x0021, 0x0020, 0x0020, 0x0021, 0x0021, 0x0020, 0x0021, 0x0020, 0x0021,
  0x0021, 0x0020, 0x0021, 0x0021, 0x0020, 0x0020, 0x0020, 0x0021, 0x0021, 0x0021, 0x0021, 0x0021,
  0x0020, 0x0020, 0x0020, 0x0021, 0x0020, 0x0021, 0x0021, 0x0021, 0x0020, 0x0020, 0x0020, 0x0020,
  0x0021, 0x0020, 0x0021, 0x0020, 0x0020, 0x0020, 0x0021, 0x0020, 0x0020, 0x0021, 0x0021, 0x0020,
  0x0021, 0x0020, 0x0020, 0x0021, 0x0021, 0x0021, 0x0020, 0x0021, 0x0020, 0x0021, 0x0021, 0x0020,
  0x0021, 0x0021, 0x0021, 0x0020, 0x0020, 0x0021, 0x0020, 0x0020, 0x0021, 0x0020, 0x0020, 0x0020,
  0x0021, 0x0020, 0x0020, 0x0021, 0x0021, 0x0020, 0x0020, 0x0021, 0x0020, 0x0021, 0x0021, 0x0020,
  0x0021, 0x0021, 0x0021, 0x0021, 0x0021, 0x0021, 0x0021, 0x0021, 0x0021, 0x0021, 0x0021, 0x0020,
  0x0021, 0x0021, 0x0021, 0x0021, 0x0021, 0x0021, 0x0021, 0x0020, 0x0021, 0x0020, 0x0020, 0x0021,
  0x0021, 0x0020, 0x0021, 0x0021, 0x0021, 0x0021, 0x0021, 0x0021, 0x0021, 0x0021, 0x0020, 0x0021,
  0x0020, 0x0021, 0x0021, 0x0020, 0x0021, 0x0021, 0x0021, 0x0020, 0x0021, 0x0021, 0x0020, 0x0021,
  0x0020, 0x0020, 0x0020, 0x0021, 0x0021, 0x0021, 0x0021, 0x0021, 0x0020, 0x0021, 0x0021, 0x0021,
  0x0021, 0x0021, 0x0021, 0x0021, 0x0021, 0x0020, 0x0021, 0x0021, 0x0020, 0x0021, 0x0021, 0x0021,
  0x0020, 0x0021, 0x0020, 0x0021, 0x0021, 0x0021, 0x0021, 0x0021, 0x0021, 0x0021, 0x0020, 0x0021,
  0x0020, 0x0020, 0x0021, 0x0021, 0x0021, 0x0020, 0x0020, 0x0021, 0x0021, 0x0020, 0x0020, 0x0021,
  0x0020, 0x0021, 0x0021, 0x0020, 0x0020, 0x0020, 0x0020, 0x0021, 0x0020, 0x0020, 0x0021, 0x0021,
  0x0021, 0x0021, 0x0020, 0x0020, 0x0021, 0x0021, 0x0021, 0x0021, 0x0021, 0x0021, 0x0020, 0x0021,
  0x0021, 0x0020, 0x0020, 0x0020, 0x0021, 0x0021, 0x0021, 0x0020, 0x0020, 0x0020, 0x0021, 0x0021,
  0x0021, 0x0020, 0x0020, 0x0020, 0x0021, 0x0020, 0x0021, 0x0020, 0x0021, 0x0021, 0x0021, 0x0021,
  0x0020, 0x0020, 0x0020, 0x0021, 0x0020, 0x0021, 0x0020, 0x0020, 0x0021, 0x0020, 0x0021, 0x0021,
  0x0021, 0x0021, 0x0021, 0x0021, 0x0021, 0x0021, 0x0021, 0x0021, 0x0021, 0x0021, 0x0021, 0x0021,
  0x0021, 0x0020, 0x0021, 0x0021, 0x0021, 0x0020, 0x0021, 0x0021, 0x0021, 0x0021, 0x0021, 0x0021,
  0x0020, 0x0021, 0x0021, 0x0021, 0x0021, 0x0020, 0x0020, 0x0021, 0x0020, 0x0020, 0x0021, 0x0020,
  0x0020, 0x0020, 0x0021, 0x0020, 0x0021, 0x0021, 0x0021, 0x0020, 0x0021, 0x0021, 0x0021, 0x0020,
  0x0021, 0x0020, 0x0021, 0x0020, 0x0021, 0x0020, 0x0021, 0x0020, 0x0021, 0x0021, 0x0020, 0x0021,
  0x0021, 0x0021, 0x0021, 0x0021, 0x0021, 0x0021, 0x0021, 0x0021, 0x0021, 0x0020, 0x0021, 0x0021,
  0x0020, 0x0021, 0x0021, 0x0021, 0x0021, 0x0021, 0x0020, 0x0021, 0x0021, 0x0020, 0x0021, 0x0020,
  0x0021, 0x0021, 0x0021, 0x0021, 0x0021, 0x0021, 0x0021, 0x0021, 0x0020, 0x0020, 0x0020, 0x0021,
  0x0021, 0x0021, 0x0021, 0x0021, 0x0021, 0x0020, 0x0020, 0x0020, 0x0020, 0x0020, 0x0021, 0x0021,
  0x0021, 0x0021, 0x0021, 0x0021, 0x0021, 0x0021, 0x0020, 0x0021, 0x0020, 0x0021, 0x0021, 0x0020,
  0x0020, 0x0021, 0x0020, 0x0021, 0x0021, 0x0021, 0x0020, 0x0021, 0x0021, 0x0021, 0x0020, 0x0021,
  0x0021, 0x0021, 0x0021, 0x0020, 0x0021, 0x0021, 0x0020, 0x0020, 0x0021, 0x0020, 0x0020, 0x0021,
  0x0020, 0x0021, 0x0021, 0x0021, 0x0020, 0x0020, 0x0021, 0x0021, 0x0020, 0x0021, 0x0021, 0x0020,
  0x0021, 0x0021, 0x0020, 0x0021, 0x0021, 0x0021, 0x0021, 0x0021, 0x0021, 0x0020, 0x0021, 0x0021,
  0x0020, 0x0020, 0x0021, 0x0021, 0x0021, 0x0020, 0x0020, 0x0021, 0x0021, 0x0020, 0x0021, 0x0020,
  0x0021, 0x0021, 0x0020, 0x0021, 0x0021, 0x0020, 0x0021, 0x0021, 0x0020, 0x0021, 0x0021, 0x0021,
  0x0020, 0x0020, 0x0021, 0x0021, 0x0020, 0x0020, 0x0020, 0x0021, 0x0021, 0x0020, 0x0021, 0x0021,
  0x0021, 0x0021, 0x0021, 0x0021, 0x0020, 0x0020, 0x0021, 0x0020, 0x0021, 0x0020, 0x0021, 0x0021,
  0x0020, 0x0020, 0x0020, 0x0021, 0x0021, 0x0020, 0x0021, 0x0021, 0x0020, 0x0021, 0x0020, 0x0021,
  0x0021, 0x0020, 0x0021, 0x0020, 0x0020, 0x0021, 0x0021, 0x0021, 0x0021, 0x0021, 0x0021, 0x0021,
  0x0021, 0x0021, 0x0021, 0x0021, 0x0020, 0x0020, 0x0021, 0x0021, 0x0021, 0x0021, 0x0021, 0x0021,
  0x0020, 0x0021, 0x0021, 0x0021, 0x0020, 0x0021, 0x0021, 0x0021, 0x0020, 0x0020, 0x0020, 0x0020,
  0x0020, 0x0020, 0x0020, 0x0021, 0x0021, 0x0020, 0x0020, 0x0020, 0x0020, 0x0020, 0x0021, 0x0020,
  0x0020, 0x0020, 0x0020, 0x0021, 0x0021, 0x0020, 0x0021, 0x0021, 0x0021, 0x0021, 0x0021, 0x0021,
  0x0020, 0x0021, 0x0021, 0x0021, 0x0021, 0x0020, 0x0020, 0x0021, 0x0021, 0x0020, 0x0020, 0x0020,
  0x0020, 0x0021, 0x0021, 0x0020, 0x0020, 0x0020, 0x0021, 0x0020, 0x0021, 0x0020, 0x0021, 0x0021,
  0x0020, 0x0021, 0x0021, 0x0020, 0x0021, 0x0021, 0x0021, 0x0021, 0x0021, 0x0021, 0x0021, 0x0021,
  0x0021, 0x0021, 0x0021, 0x0021, 0x0021, 0x0020, 0x0021, 0x0021, 0x0021, 0x0021, 0x0020, 0x0021,
  0x0021, 0x0021, 0x0021, 0x0021, 0x0021, 0x0021, 0x0021, 0x0021, 0x0020, 0x0020, 0x0021, 0x0020,
  0x0021, 0x0021, 0x0020, 0x0021, 0x0021, 0x0020, 0x0020, 0x0020, 0x0020, 0x0021, 0x0020, 0x0021,
  0x0021, 0x0020, 0x0021, 0x0020, 0x0020, 0x0021, 0x0020, 0x0021, 0x0020, 0x0021, 0x0021, 0x0020,
  0x0020, 0x0020, 0x0021, 0x0020, 0x0021, 0x0021, 0x0020, 0x0020, 0x0020, 0x0020, 0x0021, 0x0020,
  0x0021, 0x0021, 0x0021, 0x0021, 0x0021, 0x0021, 0x0021, 0x0021, 0x0021, 0x0020, 0x0020, 0x0020,
  0x0020, 0x0020, 0x0021, 0x0021, 0x0021, 0x0020, 0x0020, 0x0021, 0x0020, 0x0021, 0x0021, 0x0020,
  0x0021, 0x0021, 0x0021, 0x0020, 0x0021, 0x0021, 0x0021, 0x0021, 0x0021, 0x0020, 0x0021, 0x0020,
  0x0020, 0x0021, 0x0021, 0x0020, 0x0020, 0x0020, 0x0020, 0x0021, 0x0020, 0x0021, 0x0021, 0x0021,
  0x0020, 0x0020, 0x0021, 0x0020, 0x0020, 0x0021, 0x0021, 0x0020, 0x0020, 0x0021, 0x0021, 0x0021,
  0x0020, 0x0021, 0x0021, 0x0021, 0x0021, 0x0021, 0x0020, 0x0021, 0x0021, 0x0021, 0x0020, 0x0021,
  0x0021, 0x0021, 0x0021, 0x0021, 0x0020, 0x0020, 0x0021, 0x0020, 0x0021, 0x0020, 0x0021, 0x0021,
  0x0021, 0x0021, 0x0020, 0x0021, 0x0020, 0x0020, 0x0020, 0x0021, 0x0020, 0x0021, 0x0020, 0x0021,
  0x0021, 0x0021, 0x0021, 0x0021, 0x0020, 0x0021, 0x0021, 0x0021, 0x0021, 0x0021, 0x0021, 0x0021,
  0x0020, 0x0021, 0x0021, 0x0021, 0x0020, 0x0021, 0x0021, 0x0021, 0x0021, 0x0021, 0x0020, 0x0021,
  0x0020, 0x0021, 0x0020, 0x0020, 0x0021, 0x0020, 0x0020, 0x0021, 0x0021, 0x0020, 0x0021, 0x0021,
  0x0021, 0x0020, 0x0021, 0x0021, 0x0020, 0x0021, 0x0020, 0x0021, 0x0020, 0x0021, 0x0021, 0x0021,
  0x0021, 0x0020, 0x0021, 0x0020, 0x0021, 0x0021, 0x0020, 0x0021, 0x0021, 0x0021, 0x0021, 0x0021,
  0x0021, 0x0021, 0x0020, 0x0021, 0x0021, 0x0021, 0x0021, 0x0021, 0x0021, 0x0021, 0x0021, 0x0021,
  0x0021, 0x0021, 0x0020, 0x0021, 0x0020, 0x0020, 0x0021, 0x0021, 0x0021, 0x0021, 0x0020, 0x0021,
  0x0021, 0x0021, 0x0020, 0x0021, 0x0021, 0x0021, 0x0021, 0x0021, 0x0021, 0x0021, 0x0021, 0x0021,
  0x0021, 0x0020, 0x0021, 0x0020, 0x0021, 0x0021, 0x0020, 0x0020, 0x0020, 0x0021, 0x0020, 0x0021,
  0x0021, 0x0021, 0x0021, 0x0021, 0x0020, 0x0020, 0x0020, 0x0020, 0x0021, 0x0021, 0x0021, 0x0020,
  0x0021, 0x0021, 0x0021, 0x0021, 0x0020, 0x0021, 0x0021, 0x0021, 0x0021, 0x0020, 0x0020, 0x0020,
  0x0020, 0x0021, 0x0020, 0x0021, 0x0020, 0x0021, 0x0020, 0x0021, 0x0020, 0x0020, 0x0021, 0x0020,
  0x0021, 0x0020, 0x0020, 0x0021, 0x0021, 0x0020, 0x0020, 0x0020, 0x0020, 0x0021, 0x0020, 0x0021,
  0x0021, 0x0021, 0x0020, 0x0021, 0x0021, 0x0021, 0x0021, 0x0021, 0x0021, 0x0021, 0x0021, 0x0021,
  0x0020, 0x0021, 0x0021, 0x0020, 0x0021, 0x0021, 0x0021, 0x0021, 0x0020, 0x0020, 0x0020, 0x0021,
  0x0021, 0x0021, 0x0021, 0x0021, 0x0021, 0x0021, 0x0021, 0x0020, 0x0021, 0x0020, 0x0020, 0x0021,
  0x0020, 0x0020, 0x0020, 0x0021, 0x0020, 0x0021, 0x0021, 0x0021, 0x0021, 0x0021, 0x0020, 0x0021,
  0x0021, 0x0021, 0x0020, 0x0021, 0x0021, 0x0020, 0x0020, 0x0021, 0x0020, 0x0020, 0x0020, 0x0021,
  0x0020, 0x0020, 0x0021, 0x0021, 0x0021, 0x0020, 0x0020, 0x0020, 0x0021, 0x0020, 0x0020, 0x0021,
  0x0021, 0x0021, 0x0021, 0x0021, 0x0020, 0x0021, 0x0020, 0x0020, 0x0020, 0x0021, 0x0021, 0x0021,
  0x0021, 0x0021, 0x0020, 0x0020, 0x0021, 0x0021, 0x0021, 0x0021, 0x0021, 0x0021, 0x0021, 0x0021,
  0x0021, 0x0021, 0x0021, 0x0020, 0x0020, 0x0020, 0x0020, 0x0020, 0x0021, 0x0021, 0x0020, 0x0020,
  0x0020, 0x0020, 0x0020, 0x0020, 0x0021, 0x0020, 0x0020, 0x0021, 0x0020, 0x0021, 0x0021, 0x0021,
  0x0020, 0x0020, 0x0020, 0x0021, 0x0021, 0x0021, 0x0020, 0x0021, 0x0021, 0x0021, 0x0020, 0x0021,
  0x0020, 0x0020, 0x0021, 0x0021, 0x0021, 0x0021, 0x0020, 0x0021, 0x0021, 0x0020, 0x0021, 0x0020,
  0x0020, 0x0020, 0x0021, 0x0021, 0x0021, 0x0020, 0x0021, 0x0020, 0x0021, 0x0021, 0x0020, 0x0020,
  0x0021, 0x0021, 0x0020, 0x0020, 0x0020, 0x0020, 0x0020, 0x0021, 0x0021, 0x0021, 0x0021, 0x0021,
  0x0021, 0x0021, 0x0021, 0x0021, 0x0021, 0x0021, 0x0021, 0x0020, 0x0021, 0x0021, 0x0021, 0x0021,
  0x0020, 0x0020, 0x0020, 0x0021, 0x0021, 0x0021, 0x0020, 0x0020, 0x0021, 0x0021, 0x0021, 0x0020,
  0x0020, 0x0021, 0x0021, 0x0021, 0x0021, 0x0020, 0x0020, 0x0021, 0x0020, 0x0021, 0x0021, 0x0020,
  0x0021, 0x0021, 0x0021, 0x0021, 0x0021, 0x0021, 0x0020, 0x0020, 0x0021, 0x0020, 0x0020, 0x0021,
  0x0020, 0x0020, 0x0021, 0x0021, 0x0021, 0x0021, 0x0020, 0x0021, 0x0021, 0x0020, 0x0020, 0x0021,
  0x0021, 0x0021, 0x0021, 0x0021, 0x0021, 0x0021, 0x0021, 0x0021, 0x0020, 0x0021, 0x0021, 0x0020,
  0x0021, 0x0020, 0x0020, 0x0021, 0x0020, 0x0020, 0x0021, 0x0021, 0x0021, 0x0021, 0x0021, 0x0021,
  0x0021, 0x0021, 0x0021, 0x0020, 0x0021, 0x0021, 0x0021, 0x0020, 0x0020, 0x0021, 0x0020, 0x0020,
  0x0020, 0x0021, 0x0021, 0x0020, 0x0020, 0x0020, 0x0020, 0x0021, 0x0021, 0x0020, 0x0021, 0x0021,
  0x0021, 0x0020, 0x0021, 0x0020, 0x0020, 0x0021, 0x0021, 0x0021, 0x0021, 0x0021, 0x0020, 0x0020,
  0x0020, 0x0020, 0x0020, 0x0020, 0x0021, 0x0021, 0x0021, 0x0021, 0x0021, 0x0020, 0x0020, 0x0021,
  0x0021, 0x0021, 0x0021, 0x0020, 0x0021, 0x0020, 0x0020, 0x0020, 0x0021, 0x0020, 0x0020, 0x0021,
  0x0020, 0x0021, 0x0021, 0x0021, 0x0021, 0x0020, 0x0021, 0x0021, 0x0020, 0x0020, 0x0020, 0x0021,
  0x0021, 0x0021, 0x0021, 0x0021, 0x0021, 0x0021, 0x0021, 0x0021, 0x0021, 0x0021, 0x0021, 0x0021,
  0x0021, 0x0021, 0x0020, 0x0021, 0x0021, 0x0021, 0x0020, 0x0021, 0x0021, 0x0041, 0x0021, 0x0021,
  0x0020, 0x0020, 0x0020, 0x0020, 0x0020, 0x0020, 0x0020, 0x0020, 0x0021, 0x0020, 0x0020, 0x0021,
  0x0021, 0x0021, 0x0021, 0x0021, 0x0021, 0x0021, 0x0020, 0x0021, 0x0021, 0x0021, 0x0021, 0x0021,
  0x0021, 0x0021, 0x0020, 0x0021, 0x0020, 0x0021, 0x0021, 0x0020, 0x0021, 0x0020, 0x0020, 0x0020,
  0x0020, 0x0021, 0x0020, 0x0021, 0x0020, 0x0021, 0x0021, 0x0021, 0x0021, 0x0021, 0x0021, 0x0021,
  0x0021, 0x0021, 0x0021, 0x0021, 0x0021, 0x0021, 0x0020, 0x0021, 0x0021, 0x0020, 0x0021, 0x0020,
  0x0021, 0x0021, 0x0021, 0x0021, 0x0021, 0x0021, 0x0021, 0x0021, 0x0021, 0x0021, 0x0021, 0x0021,
  0x0021, 0x0021, 0x0021, 0x0021, 0x0021, 0x0021, 0x0020, 0x0020, 0x0020, 0x0021, 0x0021, 0x0021,
  0x0020, 0x0021, 0x0021, 0x0020, 0x0020, 0x0020, 0x0021, 0x0020, 0x0020, 0x0021, 0x0020, 0x0021,
  0x0021, 0x0020, 0x0020, 0x0021, 0x0020, 0x0021, 0x0020, 0x0021, 0x0021, 0x0020, 0x0021, 0x0021,
  0x0020, 0x0020, 0x0020, 0x0021, 0x0021, 0x0021, 0x0021, 0x0021, 0x0021, 0x0020, 0x0021, 0x0021,
  0x0021, 0x0020, 0x0021, 0x0021, 0x0020, 0x0020, 0x0021, 0x0020, 0x0020, 0x0020, 0x0021, 0x0021,
  0x0020, 0x0021, 0x0020, 0x0020, 0x0021, 0x0020, 0x0021, 0x0021, 0x0020, 0x0021, 0x0020, 0x0020,
  0x0021, 0x0021, 0x0020, 0x0020, 0x0021, 0x0021, 0x0020, 0x0021, 0x0021, 0x0020, 0x0021, 0x0000,
  0x0000, 0x0000, 0x0000, 0x0020, 0x0021, 0x0020, 0x0020, 0x0021, 0x0021, 0x0021, 0x0021, 0x0020,
  0x0021, 0x0021, 0x0021, 0x0021, 0x0021, 0x0021, 0x0021, 0x0021, 0x0021, 0x0021, 0x0021, 0x0021,
  0x0020, 0x0020, 0x0020, 0x0021, 0x0021, 0x0021, 0x0020, 0x0021, 0x0020, 0x0021, 0x0021, 0x0020,
  0x0021, 0x0021, 0x0021, 0x0021, 0x0020, 0x0021, 0x0021, 0x0021, 0x0021, 0x0021, 0x0021, 0x0021,
  0x0020, 0x0021, 0x0021, 0x0021, 0x0021, 0x0021, 0x0021, 0x0021, 0x0021, 0x0020, 0x0020, 0x0021,
  0x0021, 0x0021, 0x0021, 0x0021, 0x0021, 0x0021, 0x0020, 0x0021, 0x0021, 0x0021, 0x0020, 0x0020,
  0x0020, 0x0021, 0x0021, 0x0021, 0x0020, 0x0021, 0x0020, 0x0020, 0x0021, 0x0021, 0x0021, 0x0021,
  0x0020, 0x0021, 0x0020, 0x0021, 0x0020, 0x0020, 0x0021, 0x0021, 0x0021, 0x0020, 0x0021, 0x0020,
  0x0020, 0x0021, 0x0020, 0x0021, 0x0021, 0x0020, 0x0020, 0x0020, 0x0020, 0x0021, 0x0020, 0x0021,
  0x0020, 0x0021, 0x0021, 0x0021, 0x0021, 0x0021, 0x0020, 0x0021, 0x0021, 0x0020, 0x0021, 0x0021,
  0x0020, 0x0021, 0x0021, 0x0021, 0x0020, 0x0020, 0x0021, 0x0020, 0x0021, 0x0020, 0x0020, 0x0021,
  0x0021, 0x0021, 0x0020, 0x0020, 0x0020, 0x0021, 0x0021, 0x0020, 0x0021, 0x0021, 0x0021, 0x0021,
  0x0021, 0x0021, 0x0020, 0x0020, 0x0020, 0x0021, 0x0020, 0x0020, 0x0021, 0x0020, 0x0021, 0x0021,
  0x0021, 0x0021, 0x0000, 0x0882, 0x4BA9, 0x32A7, 0x2164, 0x0041, 0x0000, 0x0041, 0x0021, 0x0021,
  0x0020, 0x0020, 0x0020, 0x0021, 0x0020, 0x0020, 0x0020, 0x0021, 0x0020, 0x0021, 0x0021, 0x0021,
  0x0020, 0x0020, 0x0021, 0x0021, 0x0020, 0x0021, 0x0021, 0x0021, 0x0020, 0x0021, 0x0021, 0x0020,
  0x0020, 0x0020, 0x0020, 0x0021, 0x0021, 0x0021, 0x0021, 0x0020, 0x0020, 0x0020, 0x0021, 0x0021,
  0x0021, 0x0021, 0x0021, 0x0020, 0x0020, 0x0021, 0x0021, 0x0021, 0x0020, 0x0021, 0x0021, 0x0021,
  0x0021, 0x0021, 0x0020, 0x0020, 0x0020, 0x0021, 0x0021, 0x0021, 0x0021, 0x0021, 0x0021, 0x0021,
  0x0020, 0x0021, 0x0021, 0x0021, 0x0020, 0x0021, 0x0021, 0x0021, 0x0020, 0x0021, 0x0021, 0x0021,
  0x0021, 0x0021, 0x0020, 0x0020, 0x0020, 0x0020, 0x0020, 0x0021, 0x0020, 0x0020, 0x0021, 0x0021,
  0x0021, 0x0021, 0x0020, 0x0021, 0x0021, 0x0020, 0x0020, 0x0021, 0x0021, 0x0020, 0x0021, 0x0021,
  0x0021, 0x0021, 0x0021, 0x0021, 0x0020, 0x0021, 0x0020, 0x0020, 0x0020, 0x0020, 0x0021, 0x0020,
  0x0021, 0x0020, 0x0020, 0x0020, 0x0021, 0x0021, 0x0021, 0x0020, 0x0020, 0x0021, 0x0021, 0x0020,
  0x0020, 0x0021, 0x0020, 0x0020, 0x0021, 0x0021, 0x0021, 0x0020, 0x0021, 0x0020, 0x0020, 0x0021,
  0x0021, 0x0021, 0x0021, 0x0021, 0x0021, 0x0021, 0x0021, 0x0021, 0x0020, 0x0020, 0x0020, 0x0020,
  0x0020, 0x0021, 0x0020, 0x0020, 0x0021, 0x0020, 0x0861, 0x648D, 0x6DCE, 0x6D8E, 0x6D6E, 0x5CCC,
  0x3A87, 0x0000, 0x0021, 0x0041, 0x0041, 0x0021, 0x0020, 0x0020, 0x0020, 0x0020, 0x0020, 0x0020,
  0x0020, 0x0021, 0x0021, 0x0020, 0x0020, 0x0021, 0x0020, 0x0020, 0x0021, 0x0021, 0x0021, 0x0021,
  0x0021, 0x0021, 0x0021, 0x0020, 0x0021, 0x0021, 0x0020, 0x0021, 0x0020, 0x0021, 0x0020, 0x0021,
  0x0021, 0x0021, 0x0020, 0x0020, 0x0021, 0x0021, 0x0021, 0x0021, 0x0020, 0x0021, 0x0021, 0x0021,
  0x0021, 0x0021, 0x0021, 0x0020, 0x0021, 0x0020, 0x0020, 0x0021, 0x0020, 0x0020, 0x0021, 0x0021,
  0x0020, 0x0020, 0x0021, 0x0021, 0x0020, 0x0021, 0x0021, 0x0021, 0x0020, 0x0020, 0x0021, 0x0021,
  0x0021, 0x0020, 0x0021, 0x0021, 0x0021, 0x0021, 0x0021, 0x0020, 0x0020, 0x0020, 0x0020, 0x0021,
  0x0021, 0x0021, 0x0021, 0x0020, 0x0021, 0x0021, 0x0021, 0x0020, 0x0021, 0x0020, 0x0020, 0x0021,
  0x0021, 0x0021, 0x0020, 0x0021, 0x0021, 0x0021, 0x0021, 0x0021, 0x0020, 0x0020, 0x0020, 0x0021,
  0x0021, 0x0020, 0x0021, 0x0021, 0x0021, 0x0020, 0x0021, 0x0021, 0x0021, 0x0020, 0x0021, 0x0020,
  0x0021, 0x0021, 0x0020, 0x0020, 0x0020, 0x0020, 0x0020, 0x0020, 0x0020, 0x0021, 0x0020, 0x0020,
  0x0021, 0x0020, 0x0020, 0x0021, 0x0021, 0x0021, 0x0021, 0x0021, 0x0021, 0x0020, 0x0021, 0x0021,
  0x0021, 0x0021, 0x0021, 0x0021, 0x0020, 0x0020, 0x0021, 0x0020, 0x0041, 0x0000, 0x3266, 0x754E,
  0x6D2E, 0x654D, 0x6D8E, 0x6D0D, 0x2A86, 0x1143, 0x0841, 0x0000, 0x0000, 0x0000, 0x0021, 0x0021,
  0x0041, 0x0021, 0x0020, 0x0020, 0x0020, 0x0020, 0x0021, 0x0021, 0x0020, 0x0021, 0x0020, 0x0020,
  0x0020, 0x0020, 0x0021, 0x0021, 0x0021, 0x0021, 0x0020, 0x0020, 0x0021, 0x0020, 0x0020, 0x0020,
  0x0020, 0x0020, 0x0020, 0x0021, 0x0020, 0x0021, 0x0021, 0x0020, 0x0021, 0x0021, 0x0021, 0x0020,
  0x0021, 0x0021, 0x0021, 0x0021, 0x0021, 0x0021, 0x0021, 0x0020, 0x0021, 0x0020, 0x0020, 0x0021,
  0x0021, 0x0021, 0x0020, 0x0021, 0x0021, 0x0020, 0x0020, 0x0021, 0x0021, 0x0020, 0x0021, 0x0021,
  0x0021, 0x0020, 0x0021, 0x0021, 0x0020, 0x0021, 0x0021, 0x0020, 0x0020, 0x0021, 0x0021, 0x0020,
  0x0020, 0x0020, 0x0021, 0x0020, 0x0021, 0x0020, 0x0021, 0x0020, 0x0020, 0x0021, 0x0021, 0x0020,
  0x0020, 0x0020, 0x0020, 0x0020, 0x0020, 0x0021, 0x0021, 0x0020, 0x0021, 0x0020, 0x0021, 0x0021,
  0x0020, 0x0021, 0x0020, 0x0021, 0x0020, 0x0020, 0x0020, 0x0020, 0x0021, 0x0021, 0x0021, 0x0020,
  0x0021, 0x0020, 0x0021, 0x0021, 0x0020, 0x0020, 0x0020, 0x0020, 0x0020, 0x0021, 0x0021, 0x0021,
  0x0020, 0x0021, 0x0021, 0x0020, 0x0021, 0x0021, 0x0021, 0x0020, 0x0021, 0x0020, 0x0021, 0x0021,
  0x0021, 0x0020, 0x0021, 0x0021, 0x0021, 0x0021, 0x0021, 0x0021, 0x0021, 0x0020, 0x0020, 0x0020,
  0x0021, 0x0000, 0x2AA6, 0x43E9, 0x4368, 0x540B, 0x64AD, 0x2A66, 0x4389, 0x6D8E, 0x5CEC, 0x43A9,
  0x2A45, 0x1102, 0x0020, 0x0000, 0x0000, 0x0000, 0x0021, 0x0041, 0x0021, 0x0021, 0x0021, 0x0021,
  0x0020, 0x0020, 0x0020, 0x0021, 0x0021, 0x0020, 0x0020, 0x0021, 0x0021, 0x0021, 0x0020, 0x0021,
  0x0020, 0x0021, 0x0020, 0x0021, 0x0020, 0x0020, 0x0020, 0x0020, 0x0021, 0x0021, 0x0021, 0x0021,
  0x0021, 0x0021, 0x0021, 0x0021, 0x0021, 0x0021, 0x0021, 0x0021, 0x0021, 0x0020, 0x0021, 0x0021,
  0x0021, 0x0021, 0x0020, 0x0020, 0x0021, 0x0021, 0x0021, 0x0020, 0x0021, 0x0020, 0x0020, 0x0021,
  0x0020, 0x0020, 0x0021, 0x0020, 0x0021, 0x0020, 0x0020, 0x0020, 0x0020, 0x0021, 0x0021, 0x0021,
  0x0021, 0x0021, 0x0021, 0x0021, 0x0020, 0x0020, 0x0020, 0x0020, 0x0021, 0x0020, 0x0021, 0x0021,
  0x0021, 0x0021, 0x0020, 0x0021, 0x0020, 0x0020, 0x0021, 0x0020, 0x0020, 0x0021, 0x0021, 0x0021,
  0x0021, 0x0020, 0x0020, 0x0021, 0x0021, 0x0021, 0x0020, 0x0021, 0x0021, 0x0021, 0x0020, 0x0020,
  0x0021, 0x0021, 0x0020, 0x0021, 0x0021, 0x0020, 0x0021, 0x0021, 0x0020, 0x0020, 0x0020, 0x0021,
  0x0021, 0x0020, 0x0020, 0x0021, 0x0020, 0x0020, 0x0020, 0x0021, 0x0020, 0x0021, 0x0021, 0x0021,
  0x0021, 0x0020, 0x0021, 0x0021, 0x0020, 0x0021, 0x0021, 0x0020, 0x0021, 0x0020, 0x0021, 0x0021,
  0x0021, 0x0020, 0x0020, 0x0021, 0x0021, 0x0000, 0x2225, 0x43A9, 0x3BC8, 0x3BC8, 0x3307, 0x19A3,
  0x43A9, 0x540A, 0x5C6B, 0x652D, 0x75AF, 0x6D8E, 0x548B, 0x3B28, 0x21C4, 0x08A1, 0x0000, 0x0000,
  0x0000, 0x0000, 0x0000, 0x0021, 0x0041, 0x0041, 0x0021, 0x0021, 0x0020, 0x0020, 0x0020, 0x0020,
  0x0021, 0x0021, 0x0021, 0x0021, 0x0020, 0x0020, 0x0020, 0x0021, 0x0021, 0x0021, 0x0021, 0x0020,
  0x0021, 0x0021, 0x0020, 0x0020, 0x0021, 0x0020, 0x0021, 0x0021, 0x0021, 0x0021, 0x0021, 0x0020,
  0x0021, 0x0021, 0x0020, 0x0021, 0x0020, 0x0020, 0x0021, 0x0020, 0x0021, 0x0021, 0x0020, 0x0021,
  0x0021, 0x0021, 0x0020, 0x0020, 0x0020, 0x0020, 0x0021, 0x0020, 0x0020, 0x0021, 0x0020, 0x0021,
  0x0020, 0x0020, 0x0020, 0x0021, 0x0021, 0x0021, 0x0020, 0x0020, 0x0020, 0x0020, 0x0020, 0x0021,
  0x0020, 0x0021, 0x0020, 0x0021, 0x0021, 0x0021, 0x0020, 0x0020, 0x0021, 0x0021, 0x0020, 0x0020,
  0x0021, 0x0021, 0x0020, 0x0021, 0x0021, 0x0020, 0x0020, 0x0021, 0x0021, 0x0021, 0x0020, 0x0021,
  0x0021, 0x0021, 0x0021, 0x0020, 0x0020, 0x0021, 0x0021, 0x0021, 0x0020, 0x0021, 0x0021, 0x0021,
  0x0020, 0x0020, 0x0020, 0x0020, 0x0020, 0x0021, 0x0021, 0x0020, 0x0020, 0x0021, 0x0021, 0x0021,
  0x0020, 0x0021, 0x0021, 0x0020, 0x0021, 0x0021, 0x0020, 0x0021, 0x0021, 0x0020, 0x0020, 0x0021,
  0x0021, 0x0021, 0x0021, 0x0021, 0x0021, 0x0021, 0x0020, 0x0020, 0x0021, 0x0000, 0x19A4, 0x3307,
  0x3307, 0x3BA8, 0x3B88, 0x19C4, 0x1964, 0x2225, 0x2B06, 0x3B68, 0x43A9, 0x542B, 0x64ED, 0x6D6E,
  0x6DAE, 0x654D, 0x544B, 0x32C7, 0x1123, 0x1082, 0x2104, 0x0000, 0x0000, 0x0000, 0x0000, 0x0021,
  0x0041, 0x0021, 0x0021, 0x0020, 0x0020, 0x0021, 0x0021, 0x0020, 0x0020, 0x0021, 0x0021, 0x0021,
  0x0020, 0x0020, 0x0021, 0x0021, 0x0021, 0x0021, 0x0020, 0x0021, 0x0020, 0x0021, 0x0020, 0x0021,
  0x0021, 0x0020, 0x0021, 0x0021, 0x0021, 0x0021, 0x0020, 0x0021, 0x0021, 0x0021, 0x0020, 0x0021,
  0x0021, 0x0021, 0x0020, 0x0021, 0x0021, 0x0021, 0x0021, 0x0021, 0x0020, 0x0020, 0x0021, 0x0021,
  0x0020, 0x0021, 0x0020, 0x0021, 0x0021, 0x0020, 0x0021, 0x0021, 0x0021, 0x0021, 0x0020, 0x0020,
  0x0020, 0x0021, 0x0020, 0x0021, 0x0020, 0x0020, 0x0020, 0x0020, 0x0021, 0x0021, 0x0020, 0x0021,
  0x0021, 0x0021, 0x0021, 0x0020, 0x0021, 0x0021, 0x0021, 0x0021, 0x0021, 0x0021, 0x0021, 0x0021,
  0x0020, 0x0021, 0x0020, 0x0021, 0x0020, 0x0021, 0x0021, 0x0020, 0x0021, 0x0020, 0x0021, 0x0021,
  0x0020, 0x0021, 0x0021, 0x0020, 0x0021, 0x0020, 0x0021, 0x0020, 0x0020, 0x0020, 0x0020, 0x0021,
  0x0021, 0x0020, 0x0021, 0x0021, 0x0021, 0x0020, 0x0020, 0x0021, 0x0020, 0x0020, 0x0021, 0x0020,
  0x0021, 0x0020, 0x0021, 0x0021, 0x0021, 0x0021, 0x0021, 0x0021, 0x0020, 0x0021, 0x0021, 0x0021,
  0x0020, 0x0861, 0x542A, 0x652D, 0x21C4, 0x2AC6, 0x43C9, 0x19C4, 0x18C3, 0x2124, 0x1924, 0x1984,
  0x2225, 0x2AC6, 0x3307, 0x3B48, 0x4BEA, 0x5CAC, 0x6D2E, 0x75CE, 0x5C6B, 0xB533, 0xB553, 0x9C90,
  0x736C, 0x41E7, 0x1082, 0x0000, 0x0000, 0x0000, 0x0021, 0x0041, 0x0041, 0x0021, 0x0020, 0x0020,
  0x0021, 0x0021, 0x0020, 0x0020, 0x0020, 0x0020, 0x0020, 0x0021, 0x0021, 0x0021, 0x0021, 0x0020,
  0x0021, 0x0021, 0x0021, 0x0021, 0x0021, 0x0021, 0x0021, 0x0020, 0x0021, 0x0021, 0x0021, 0x0021,
  0x0020, 0x0020, 0x0021, 0x0020, 0x0021, 0x0021, 0x0020, 0x0021, 0x0021, 0x0021, 0x0021, 0x0021,
  0x0020, 0x0021, 0x0021, 0x0021, 0x0020, 0x0021, 0x0021, 0x0021, 0x0020, 0x0021, 0x0021, 0x0021,
  0x0020, 0x0021, 0x0020, 0x0020, 0x0020, 0x0020, 0x0020, 0x0020, 0x0021, 0x0021, 0x0021, 0x0021,
  0x0020, 0x0021, 0x0021, 0x0020, 0x0020, 0x0021, 0x0020, 0x0021, 0x0021, 0x0020, 0x0021, 0x0021,
  0x0021, 0x0021, 0x0021, 0x0021, 0x0021, 0x0021, 0x0021, 0x0021, 0x0021, 0x0021, 0x0020, 0x0021,
  0x0021, 0x0020, 0x0021, 0x0020, 0x0021, 0x0021, 0x0021, 0x0020, 0x0021, 0x0021, 0x0020, 0x0021,
  0x0020, 0x0020, 0x0021, 0x0021, 0x0020, 0x0021, 0x0021, 0x0021, 0x0021, 0x0021, 0x0021, 0x0021,
  0x0020, 0x0021, 0x0021, 0x0021, 0x0021, 0x0021, 0x0021, 0x0020, 0x0020, 0x0020, 0x0020, 0x0021,
  0x0021, 0x0021, 0x0021, 0x0021, 0x0000, 0x4BA9, 0x6D8E, 0x4BAA, 0x1143, 0x2AC6, 0x3B88, 0x1123,
  0x1944, 0x29E5, 0x20E4, 0x18E4, 0x18E4, 0x18E4, 0x1924, 0x21C4, 0x2245, 0x2AA6, 0x3307, 0x2AA6,
  0xAD52, 0xB532, 0x62CA, 0xD656, 0xA4D1, 0xB553, 0xB553, 0x944F, 0x5AA9, 0x2924, 0x0020, 0x0000,
  0x0000, 0x0000, 0x0041, 0x0041, 0x0021, 0x0021, 0x0020, 0x0020, 0x0021, 0x0020, 0x0021, 0x0021,
  0x0020, 0x0021, 0x0021, 0x0020, 0x0020, 0x0021, 0x0020, 0x0020, 0x0020, 0x0021, 0x0020, 0x0021,
  0x0021, 0x0021, 0x0021, 0x0021, 0x0020, 0x0020, 0x0020, 0x0021, 0x0021, 0x0021, 0x0021, 0x0021,
  0x0021, 0x0020, 0x0020, 0x0020, 0x0021, 0x0021, 0x0020, 0x0021, 0x0021, 0x0020, 0x0020, 0x0021,
  0x0021, 0x0020, 0x0021, 0x0021, 0x0021, 0x0021, 0x0020, 0x0020, 0x0020, 0x0020, 0x0021, 0x0021,
  0x0020, 0x0020, 0x0021, 0x0020, 0x0020, 0x0020, 0x0020, 0x0020, 0x0021, 0x0021, 0x0020, 0x0020,
  0x0020, 0x0021, 0x0021, 0x0021, 0x0021, 0x0021, 0x0021, 0x0021, 0x0021, 0x0021, 0x0021, 0x0021,
  0x0021, 0x0021, 0x0020, 0x0020, 0x0021, 0x0020, 0x0020, 0x0021, 0x0020, 0x0021, 0x0020, 0x0021,
  0x0020, 0x0021, 0x0021, 0x0020, 0x0020, 0x0021, 0x0020, 0x0020, 0x0021, 0x0020, 0x0021, 0x0020,
  0x0020, 0x0020, 0x0020, 0x0021, 0x0021, 0x0021, 0x0020, 0x0021, 0x0021, 0x0020, 0x0020, 0x0020,
  0x0021, 0x0021, 0x0020, 0x0020, 0x0021, 0x0020, 0x0041, 0x0000, 0x3266, 0x75EF, 0x5C8C, 0x19A4,
  0x10C3, 0x2AC6, 0x3327, 0x1963, 0x18E4, 0x2104, 0x2124, 0x2124, 0x2124, 0x2125, 0x2124, 0x2104,
  0x18E4, 0x1904, 0x08E2, 0x7C0D, 0xD636, 0x5A68, 0x41C5, 0xB532, 0xC5D5, 0x6B0A, 0xA48F, 0xBD52,
  0xBD93, 0xBD94, 0xA4D1, 0x738C, 0x4207, 0x10A2, 0x0000, 0x0000, 0x0000, 0x0020, 0x0041, 0x0041,
  0x0021, 0x0020, 0x0020, 0x0020, 0x0020, 0x0021, 0x0021, 0x0020, 0x0020, 0x0020, 0x0020, 0x0020,
  0x0020, 0x0021, 0x0021, 0x0021, 0x0020, 0x0021, 0x0020, 0x0021, 0x0021, 0x0021, 0x0020, 0x0021,
  0x0021, 0x0021, 0x0021, 0x0021, 0x0021, 0x0021, 0x0020, 0x0020, 0x0020, 0x0021, 0x0020, 0x0021,
  0x0020, 0x0021, 0x0021, 0x0020, 0x0020, 0x0020, 0x0020, 0x0020, 0x0021, 0x0021, 0x0021, 0x0020,
  0x0020, 0x0020, 0x0021, 0x0021, 0x0020, 0x0020, 0x0021, 0x0020, 0x0020, 0x0021, 0x0021, 0x0020,
  0x0020, 0x0021, 0x0020, 0x0020, 0x0021, 0x0020, 0x0021, 0x0021, 0x0021, 0x0021, 0x0021, 0x0021,
  0x0021, 0x0020, 0x0021, 0x0021, 0x0021, 0x0020, 0x0020, 0x0021, 0x0021, 0x0021, 0x0021, 0x0021,
  0x0020, 0x0020, 0x0021, 0x0021, 0x0021, 0x0021, 0x0020, 0x0021, 0x0021, 0x0021, 0x0020, 0x0020,
  0x0020, 0x0020, 0x0021, 0x0021, 0x0020, 0x0020, 0x0020, 0x0020, 0x0021, 0x0021, 0x0020, 0x0021,
  0x0021, 0x0020, 0x0021, 0x0020, 0x0020, 0x0021, 0x0020, 0x0020, 0x0020, 0x0041, 0x0000, 0x1923,
  0x6D8E, 0x6D0D, 0x2A86, 0x1923, 0x1904, 0x2245, 0x2A85, 0x19C4, 0x2145, 0x2125, 0x2104, 0x2124,
  0x2104, 0x2124, 0x2104, 0x2124, 0x2145, 0x18E4, 0x5269, 0xDE77, 0x734B, 0x4A06, 0x3985, 0x41E6,
  0xB552, 0xCDF5, 0x41E6, 0x5287, 0x83AC, 0x940D, 0xACF1, 0xC594, 0xC5B4, 0xBD73, 0x9CB0, 0x62EA,
  0x2965, 0x0841, 0x0000, 0x0000, 0x0000, 0x0021, 0x0041, 0x0021, 0x0021, 0x0020, 0x0020, 0x0020,
  0x0020, 0x0020, 0x0021, 0x0021, 0x0020, 0x0021, 0x0021, 0x0021, 0x0020, 0x0021, 0x0021, 0x0020,
  0x0021, 0x0021, 0x0020, 0x0021, 0x0021, 0x0021, 0x0021, 0x0021, 0x0021, 0x0021, 0x0021, 0x0020,
  0x0020, 0x0021, 0x0021, 0x0020, 0x0021, 0x0021, 0x0020, 0x0021, 0x0020, 0x0021, 0x0020, 0x0021,
  0x0021, 0x0021, 0x0020, 0x0020, 0x0020, 0x0021, 0x0020, 0x0021, 0x0020, 0x0021, 0x0020, 0x0020,
  0x0021, 0x0020, 0x0020, 0x0020, 0x0021, 0x0021, 0x0020, 0x0020, 0x0021, 0x0021, 0x0020, 0x0021,
  0x0021, 0x0021, 0x0021, 0x0021, 0x0021, 0x0021, 0x0021, 0x0021, 0x0021, 0x0021, 0x0021, 0x0020,
  0x0020, 0x0020, 0x0020, 0x0021, 0x0020, 0x0020, 0x0021, 0x0021, 0x0021, 0x0021, 0x0021, 0x0020,
  0x0020, 0x0021, 0x0020, 0x0020, 0x0020, 0x0021, 0x0021, 0x0021, 0x0020, 0x0020, 0x0021, 0x0020,
  0x0020, 0x0021, 0x0020, 0x0021, 0x0021, 0x0020, 0x0020, 0x0021, 0x0021, 0x0021, 0x0021, 0x0020,
  0x0021, 0x0020, 0x0841, 0x5C8B, 0x75AF, 0x4348, 0x1103, 0x2164, 0x10C2, 0x2224, 0x2AE6, 0x1963,
  0x1944, 0x21A5, 0x2105, 0x2124, 0x2124, 0x2124, 0x2124, 0x2124, 0x1904, 0x3185, 0xD657, 0x8C0E,
  0x41A5, 0x62C8, 0x41C6, 0x0862, 0x5247, 0xC5B4, 0xBD73, 0x10C2, 0x10C2, 0x5247, 0x62C8, 0x62C9,
  0x7B4A, 0x8BCC, 0x9C70, 0xBDB4, 0xBD93, 0x9CB0, 0x83CE, 0x4A27, 0x18C3, 0x0000, 0x0000, 0x0000,
  0x0020, 0x0041, 0x0041, 0x0021, 0x0020, 0x0020, 0x0021, 0x0020, 0x0020, 0x0020, 0x0020, 0x0020,
  0x0020, 0x0020, 0x0020, 0x0021, 0x0021, 0x0021, 0x0021, 0x0021, 0x0021, 0x0020, 0x0021, 0x0021,
  0x0020, 0x0021, 0x0020, 0x0020, 0x0021, 0x0020, 0x0020, 0x0020, 0x0021, 0x0021, 0x0021, 0x0021,
  0x0021, 0x0020, 0x0021, 0x0021, 0x0021, 0x0021, 0x0020, 0x0020, 0x0020, 0x0020, 0x0020, 0x0021,
  0x0020, 0x0021, 0x0021, 0x0020, 0x0020, 0x0020, 0x0020, 0x0021, 0x0021, 0x0021, 0x0020, 0x0021,
  0x0020, 0x0020, 0x0021, 0x0021, 0x0021, 0x0021, 0x0021, 0x0021, 0x0021, 0x0020, 0x0021, 0x0020,
  0x0020, 0x0021, 0x0021, 0x0021, 0x0020, 0x0021, 0x0020, 0x0021, 0x0021, 0x0021, 0x0021, 0x0021,
  0x0021, 0x0021, 0x0021, 0x0021, 0x0021, 0x0021, 0x0020, 0x0020, 0x0021, 0x0021, 0x0021, 0x0021,
  0x0021, 0x0021, 0x0020, 0x0021, 0x0020, 0x0020, 0x0020, 0x0020, 0x0021, 0x0020, 0x0021, 0x0020,
  0x0021, 0x0021, 0x0021, 0x0020, 0x0041, 0x0000, 0x4369, 0x75EF, 0x540B, 0x1163, 0x18C3, 0x18E3,
  0x18E3, 0x21A4, 0x2204, 0x08A2, 0x1082, 0x1904, 0x2104, 0x18E4, 0x2124, 0x2125, 0x2125, 0x2125,
  0x18E3, 0xBD93, 0xB532, 0x41C5, 0x2945, 0x83CC, 0x39A5, 0x10C3, 0x1904, 0x5A88, 0xC5B4, 0xBD73,
  0x10C3, 0x730A, 0x5A68, 0x39E6, 0x8C0E, 0xBD94, 0xBD73, 0x944F, 0xACF2, 0x9C6F, 0xA4B0, 0xCDF5,
  0xBD73, 0x9CB0, 0x6B2B, 0x3185, 0x0841, 0x0000, 0x0000, 0x0000, 0x0021, 0x0041, 0x0021, 0x0021,
  0x0020, 0x0020, 0x0020, 0x0020, 0x0021, 0x0020, 0x0020, 0x0021, 0x0020, 0x0020, 0x0020, 0x0020,
  0x0021, 0x0020, 0x0021, 0x0020, 0x0020, 0x0020, 0x0020, 0x0021, 0x0021, 0x0021, 0x0021, 0x0020,
  0x0020, 0x0020, 0x0021, 0x0020, 0x0021, 0x0021, 0x0021, 0x0021, 0x0020, 0x0021, 0x0020, 0x0020,
  0x0020, 0x0020, 0x0020, 0x0021, 0x0020, 0x0020, 0x0020, 0x0021, 0x0020, 0x0020, 0x0020, 0x0021,
  0x0021, 0x0021, 0x0020, 0x0020, 0x0020, 0x0021, 0x0020, 0x0021, 0x0021, 0x0021, 0x0021, 0x0021,
  0x0021, 0x0021, 0x0021, 0x0021, 0x0021, 0x0021, 0x0021, 0x0021, 0x0021, 0x0020, 0x0021, 0x0021,
  0x0020, 0x0021, 0x0021, 0x0021, 0x0021, 0x0021, 0x0021, 0x0021, 0x0021, 0x0020, 0x0020, 0x0021,
  0x0021, 0x0021, 0x0021, 0x0021, 0x0021, 0x0021, 0x0020, 0x0021, 0x0020, 0x0021, 0x0021, 0x0021,
  0x0020, 0x0021, 0x0021, 0x0021, 0x0021, 0x0021, 0x0020, 0x0041, 0x0000, 0x2A05, 0x75CE, 0x64AC,
  0x2205, 0x10C3, 0x18E4, 0x1904, 0x1123, 0x2925, 0x18E4, 0x2965, 0x31E6, 0x2124, 0x18E3, 0x41E7,
  0x2124, 0x10C3, 0x18E4, 0x10A3, 0x9470, 0xCE15, 0x5A67, 0x2104, 0x3186, 0x9C6F, 0x41A5, 0x0882,
  0x10A3, 0x0862, 0x62C9, 0xBD73, 0xA4D1, 0xAD32, 0xC5D4, 0xC594, 0xA4B0, 0x7B8C, 0x5A88, 0x2903,
  0x83CD, 0xDE98, 0x5AA8, 0x83CC, 0xA48F, 0xB532, 0xBD93, 0xC5B4, 0xAD12, 0x83CE, 0x4A48, 0x18E3,
  0x0000, 0x0000, 0x0000, 0x0020, 0x0041, 0x0041, 0x0021, 0x0021, 0x0020, 0x0021, 0x0021, 0x0020,
  0x0020, 0x0020, 0x0021, 0x0020, 0x0020, 0x0020, 0x0020, 0x0021, 0x0021, 0x0021, 0x0020, 0x0020,
  0x0020, 0x0020, 0x0021, 0x0020, 0x0021, 0x0020, 0x0021, 0x0020, 0x0021, 0x0021, 0x0020, 0x0020,
  0x0020, 0x0020, 0x0020, 0x0020, 0x0020, 0x0020, 0x0020, 0x0021, 0x0021, 0x0020, 0x0021, 0x0021,
  0x0021, 0x0020, 0x0021, 0x0021, 0x0021, 0x0020, 0x0020, 0x0021, 0x0021, 0x0021, 0x0021, 0x0021,
  0x0021, 0x0021, 0x0020, 0x0021, 0x0021, 0x0021, 0x0021, 0x0021, 0x0020, 0x0021, 0x0021, 0x0021,
  0x0021, 0x0021, 0x0020, 0x0020, 0x0020, 0x0021, 0x0021, 0x0021, 0x0020, 0x0020, 0x0021, 0x0021,
  0x0021, 0x0020, 0x0020, 0x0021, 0x0021, 0x0020, 0x0021, 0x0021, 0x0020, 0x0020, 0x0021, 0x0020,
  0x0020, 0x0020, 0x0021, 0x0020, 0x0021, 0x0020, 0x0021, 0x0021, 0x0021, 0x0020, 0x0021, 0x0000,
  0x10C2, 0x652D, 0x6D4E, 0x32A6, 0x10E3, 0x18E4, 0x1904, 0x10A3, 0x2103, 0x2944, 0x18E4, 0x2144,
  0x2985, 0x2945, 0x83AD, 0xDE55, 0xB532, 0x946F, 0x4A48, 0x62EA, 0xE6B8, 0x6B0A, 0x2103, 0x10C3,
  0x2104, 0x838B, 0x41C6, 0x4228, 0x738D, 0xA4D1, 0xBDB4, 0xB553, 0xA4D0, 0x734B, 0x5268, 0x41C5,
  0x2924, 0x18C2, 0x18E3, 0x10C3, 0x3185, 0xC5B4, 0xA4F1, 0x08A1, 0x31A5, 0x5AA8, 0x7B8B, 0x9C4E,
  0xACB0, 0xBD52, 0xC5B4, 0xBD94, 0xA4D1, 0x6B4B, 0x39A6, 0x0861, 0x0000, 0x0000, 0x0000, 0x0021,
  0x0041, 0x0021, 0x0021, 0x0021, 0x0020, 0x0021, 0x0020, 0x0021, 0x0020, 0x0020, 0x0021, 0x0021,
  0x0020, 0x0020, 0x0020, 0x0020, 0x0020, 0x0020, 0x0020, 0x0021, 0x0021, 0x0020, 0x0021, 0x0021,
  0x0021, 0x0021, 0x0021, 0x0021, 0x0021, 0x0021, 0x0021, 0x0021, 0x0020, 0x0020, 0x0021, 0x0021,
  0x0021, 0x0021, 0x0021, 0x0021, 0x0021, 0x0020, 0x0021, 0x0021, 0x0020, 0x0020, 0x0020, 0x0021,
  0x0021, 0x0021, 0x0021, 0x0021, 0x0021, 0x0021, 0x0021, 0x0021, 0x0021, 0x0021, 0x0021, 0x0021,
  0x0021, 0x0021, 0x0020, 0x0021, 0x0020, 0x0020, 0x0020, 0x0020, 0x0021, 0x0020, 0x0021, 0x0021,
  0x0020, 0x0020, 0x0021, 0x0020, 0x0021, 0x0021, 0x0020, 0x0020, 0x0021, 0x0021, 0x0021, 0x0021,
  0x0020, 0x0021, 0x0020, 0x0021, 0x0021, 0x0021, 0x0020, 0x0021, 0x0021, 0x0020, 0x0021, 0x0020,
  0x0020, 0x0021, 0x0021, 0x0020, 0x544B, 0x75AF, 0x4369, 0x1123, 0x18E4, 0x1904, 0x18E4, 0x18E3,
  0x41C6, 0x1904, 0x2965, 0x2125, 0x18E4, 0x5289, 0xD615, 0xCDF4, 0xD614, 0xDE76, 0xAD11, 0xD635,
  0x732A, 0x49E6, 0x2124, 0x4207, 0x7BCE, 0xB553, 0xC5B4, 0xC594, 0xACF1, 0x8BED, 0x62C9, 0x49E6,
  0x2944, 0x5247, 0x41C5, 0x10A2, 0x1904, 0x1904, 0x1904, 0x2125, 0x10C3, 0x62A9, 0xE6B7, 0x6B2B,
  0x0862, 0x10E3, 0x08A2, 0x3185, 0x62C8, 0x732A, 0x942E, 0xA48F, 0xB512, 0xBD73, 0xC5B4, 0xB553,
  0x8C2F, 0x5289, 0x2103, 0x0000, 0x0000, 0x0000, 0x0000, 0x0021, 0x0041, 0x0021, 0x0020, 0x0020,
  0x0020, 0x0020, 0x0021, 0x0020, 0x0020, 0x0021, 0x0020, 0x0020, 0x0020, 0x0020, 0x0021, 0x0020,
  0x0020, 0x0020, 0x0021, 0x0020, 0x0021, 0x0021, 0x0021, 0x0020, 0x0021, 0x0020, 0x0021, 0x0020,
  0x0020, 0x0021, 0x0020, 0x0021, 0x0021, 0x0020, 0x0021, 0x0020, 0x0021, 0x0021, 0x0021, 0x0020,
  0x0021, 0x0021, 0x0020, 0x0021, 0x0021, 0x0021, 0x0020, 0x0021, 0x0021, 0x0021, 0x0020, 0x0021,
  0x0020, 0x0021, 0x0021, 0x0021, 0x0020, 0x0021, 0x0021, 0x0021, 0x0021, 0x0021, 0x0020, 0x0020,
  0x0020, 0x0021, 0x0021, 0x0020, 0x0021, 0x0021, 0x0021, 0x0020, 0x0021, 0x0020, 0x0021, 0x0020,
  0x0020, 0x0021, 0x0021, 0x0020, 0x0021, 0x0021, 0x0021, 0x0020, 0x0021, 0x0021, 0x0021, 0x0021,
  0x0020, 0x0020, 0x0020, 0x0021, 0x0020, 0x0041, 0x0000, 0x21E4, 0x5CCC, 0x542B, 0x19C4, 0x18C3,
  0x1904, 0x1904, 0x18C3, 0x41C6, 0x2104, 0x2125, 0x2965, 0x2965, 0x4228, 0xC593, 0xD615, 0xCDD4,
  0xD635, 0x9C6F, 0xAD12, 0x9470, 0x6B0A, 0xB532, 0xC5B4, 0xBD73, 0xAD12, 0x83CD, 0x62C9, 0x3985,
  0x20E3, 0x18E3, 0x18E3, 0x1904, 0x10C3, 0x8BED, 0x6AC9, 0x10A2, 0x2124, 0x2104, 0x1904, 0x1904,
  0x18E4, 0x20E3, 0x9C6F, 0xDE77, 0x2965, 0x2104, 0x18E4, 0x41E7, 0x93ED, 0x20E3, 0x1103, 0x31A5,
  0x5A88, 0x7B8B, 0x9C4E, 0xACD0, 0xBD53, 0xBD93, 0xBD93, 0x944F, 0x5ACA, 0x1963, 0x08A2, 0x0000,
  0x0000, 0x0000, 0x0020, 0x0021, 0x0041, 0x0021, 0x0021, 0x0020, 0x0021, 0x0020, 0x0021, 0x0021,
  0x0021, 0x0020, 0x0020, 0x0020, 0x0020, 0x0021, 0x0020, 0x0020, 0x0021, 0x0021, 0x0021, 0x0021,
  0x0021, 0x0021, 0x0021, 0x0020, 0x0020, 0x0020, 0x0020, 0x0021, 0x0020, 0x0020, 0x0021, 0x0021,
  0x0020, 0x0020, 0x0021, 0x0021, 0x0021, 0x0020, 0x0021, 0x0020, 0x0021, 0x0021, 0x0021, 0x0021,
  0x0021, 0x0021, 0x0021, 0x0021, 0x0021, 0x0020, 0x0020, 0x0021, 0x0021, 0x0021, 0x0021, 0x0021,
  0x0021, 0x0020, 0x0020, 0x0021, 0x0020, 0x0021, 0x0021, 0x0020, 0x0021, 0x0021, 0x0020, 0x0021,
  0x0021, 0x0020, 0x0021, 0x0021, 0x0020, 0x0020, 0x0020, 0x0020, 0x0020, 0x0020, 0x0020, 0x0020,
  0x0021, 0x0021, 0x0021, 0x0020, 0x0021, 0x0021, 0x0020, 0x0020, 0x0041, 0x0000, 0x21A4, 0x650C,
  0x53EA, 0x1A04, 0x10E3, 0x18E4, 0x1904, 0x10C3, 0x39A5, 0x2944, 0x2145, 0x29A6, 0x2965, 0x2986,
  0x9C8F, 0xDE35, 0xCDD4, 0xD615, 0xBD93, 0x7BCD, 0xAD11, 0xA4D1, 0xBD94, 0x83CD, 0x5A68, 0x4A06,
  0x41C5, 0x5247, 0x3984, 0x5247, 0x4A07, 0x3165, 0x18E3, 0x10A3, 0x10A3, 0x940D, 0x7B4B, 0x1082,
  0x2124, 0x1904, 0x18E3, 0x10C3, 0x18E3, 0x10A3, 0x39C6, 0xCDD4, 0xA4D1, 0x0882, 0x18E4, 0x4207,
  0xACAF, 0x3144, 0x10A3, 0x10C3, 0x08A2, 0x10C2, 0x2964, 0x4A26, 0x6AE9, 0x83AC, 0x7BAC, 0xD636,
  0x83AC, 0x4C2A, 0x6D8E, 0x4C2A, 0x32A6, 0x1943, 0x0041, 0x0000, 0x0000, 0x0000, 0x0021, 0x0041,
  0x0021, 0x0021, 0x0020, 0x0021, 0x0021, 0x0041, 0x0021, 0x0021, 0x0020, 0x0021, 0x0021, 0x0020,
  0x0020, 0x0020, 0x0020, 0x0021, 0x0021, 0x0021, 0x0020, 0x0020, 0x0020, 0x0021, 0x0020, 0x0020,
  0x0020, 0x0021, 0x0020, 0x0021, 0x0021, 0x0021, 0x0021, 0x0021, 0x0020, 0x0020, 0x0021, 0x0021,
  0x0021, 0x0021, 0x0021, 0x0020, 0x0020, 0x0021, 0x0021, 0x0021, 0x0021, 0x0021, 0x0020, 0x0020,
  0x0020, 0x0020, 0x0020, 0x0021, 0x0021, 0x0021, 0x0021, 0x0020, 0x0021, 0x0021, 0x0020, 0x0021,
  0x0020, 0x0021, 0x0020, 0x0021, 0x0020, 0x0021, 0x0021, 0x0020, 0x0020, 0x0021, 0x0021, 0x0021,
  0x0021, 0x0021, 0x0020, 0x0020, 0x0021, 0x0021, 0x0021, 0x0021, 0x0020, 0x0021, 0x0020, 0x0021,
  0x0000, 0x0881, 0x5CEC, 0x6D8E, 0x3307, 0x10E2, 0x1904, 0x1904, 0x10C3, 0x2924, 0x41C6, 0x18E4,
  0x3226, 0x29E5, 0x2945, 0x83AD, 0xD635, 0xCDF4, 0xCDF4, 0xD615, 0xBD52, 0x942E, 0xC593, 0xC5D4,
  0xBD73, 0xB553, 0x9C90, 0x944F, 0x83CD, 0x6AE9, 0x2902, 0x5A67, 0x7B2A, 0x838B, 0x838C, 0x62E9,
  0x39C6, 0x940D, 0x7B6B, 0x0882, 0x10C3, 0x18E3, 0x18E3, 0x18C3, 0x18C3, 0x18E3, 0x10A2, 0x6B0A,
  0xE6B8, 0x5ACA, 0x0042, 0x4A27, 0xA48F, 0x2944, 0x10C3, 0x2104, 0x2124, 0x2104, 0x18E4, 0x10C3,
  0x08A2, 0x1923, 0xC5B4, 0xA4D0, 0x41C5, 0x2AC6, 0x5C6B, 0x6D0D, 0x758E, 0x75AE, 0x5CEC, 0x43A9,
  0x2A25, 0x10C2, 0x0000, 0x0000, 0x0000, 0x0020, 0x0021, 0x0000, 0x0000, 0x0000, 0x0000, 0x0020,
  0x0021, 0x0020, 0x0021, 0x0021, 0x0020, 0x0021, 0x0021, 0x0021, 0x0021, 0x0020, 0x0020, 0x0020,
  0x0020, 0x0021, 0x0021, 0x0020, 0x0020, 0x0021, 0x0020, 0x0020, 0x0020, 0x0020, 0x0020, 0x0021,
  0x0021, 0x0021, 0x0020, 0x0021, 0x0020, 0x0021, 0x0021, 0x0020, 0x0021, 0x0021, 0x0021, 0x0021,
  0x0021, 0x0020, 0x0020, 0x0020, 0x0021, 0x0021, 0x0021, 0x0021, 0x0021, 0x0020, 0x0020, 0x0021,
  0x0020, 0x0021, 0x0021, 0x0021, 0x0021, 0x0021, 0x0020, 0x0021, 0x0021, 0x0021, 0x0020, 0x0021,
  0x0020, 0x0020, 0x0021, 0x0020, 0x0021, 0x0021, 0x0021, 0x0020, 0x0020, 0x0021, 0x0020, 0x0021,
  0x0020, 0x0021, 0x0020, 0x0021, 0x0000, 0x4BC9, 0x75CF, 0x4389, 0x1142, 0x1903, 0x1904, 0x18E4,
  0x1903, 0x4A06, 0x18E4, 0x2986, 0x2945, 0x2125, 0x5ACA, 0xD615, 0xD615, 0xD5F4, 0xCDF4, 0xD615,
  0xB552, 0x734B, 0x83AC, 0x940E, 0xACD0, 0xB531, 0xCDD4, 0xC5B4, 0xC5B4, 0xAD12, 0x83ED, 0x732B,
  0x5A88, 0x5A88, 0x6B09, 0x83AC, 0x838C, 0x940D, 0x734B, 0x2903, 0x2924, 0x10C3, 0x0882, 0x10A3,
  0x1904, 0x2124, 0x10C3, 0x2924, 0xA4D1, 0xD635, 0x18E4, 0x39C6, 0xA48F, 0x3164, 0x10A3, 0x1904,
  0x1904, 0x1904, 0x1904, 0x2145, 0x10C3, 0x9CD1, 0xC5B4, 0x5247, 0x49E6, 0x19C4, 0x2265, 0x32E6,
  0x4389, 0x4C0A, 0x64AC, 0x756E, 0x75AF, 0x6D6D, 0x544A, 0x32C7, 0x1963, 0x0861, 0x0000, 0x3AA7,
  0x5C2B, 0x3266, 0x1923, 0x0020, 0x0000, 0x0021, 0x0020, 0x0020, 0x0021, 0x0021, 0x0021, 0x0020,
  0x0020, 0x0021, 0x0020, 0x0020, 0x0020, 0x0021, 0x0021, 0x0021, 0x0021, 0x0021, 0x0020, 0x0020,
  0x0020, 0x0021, 0x0021, 0x0020, 0x0021, 0x0021, 0x0021, 0x0021, 0x0021, 0x0021, 0x0021, 0x0021,
  0x0021, 0x0020, 0x0021, 0x0021, 0x0021, 0x0020, 0x0020, 0x0021, 0x0020, 0x0021, 0x0021, 0x0020,
  0x0020, 0x0020, 0x0021, 0x0021, 0x0021, 0x0021, 0x0021, 0x0021, 0x0020, 0x0021, 0x0021, 0x0021,
  0x0021, 0x0021, 0x0021, 0x0020, 0x0021, 0x0020, 0x0021, 0x0021, 0x0021, 0x0021, 0x0021, 0x0020,
  0x0021, 0x0021, 0x0021, 0x0020, 0x0020, 0x0021, 0x0041, 0x0000, 0x2A46, 0x75EF, 0x5C8C, 0x19A4,
  0x1944, 0x1923, 0x18E4, 0x10C3, 0x41E6, 0x2124, 0x2145, 0x2945, 0x2965, 0x4A48, 0xBD72, 0xD614,
  0xCDF4, 0xD615, 0xD615, 0xD615, 0xB531, 0xB532, 0x9C4E, 0x5227, 0xB552, 0xA490, 0x8BCC, 0xA4B0,
  0xBD72, 0xC593, 0xCE15, 0xC5D5, 0xB573, 0xA4D1, 0x83ED, 0x7B6B, 0x5267, 0x838B, 0x6288, 0x62A8,
  0xA48F, 0x83AC, 0x5A68, 0x3985, 0x18E3, 0x10A3, 0x10C3, 0x10C3, 0x4A07, 0xD615, 0x9470, 0x2944,
  0xACD0, 0x3165, 0x10A3, 0x1904, 0x1904, 0x1904, 0x2124, 0x0882, 0x6B4C, 0xDE77, 0x6AE9, 0x5226,
  0x5A67, 0x10A3, 0x18C3, 0x1944, 0x21E4, 0x2245, 0x3307, 0x3B68, 0x4BEA, 0x5C6C, 0x6D2E, 0x758F,
  0x6D6D, 0x548B, 0x3AC8, 0x654D, 0x658D, 0x6DAE, 0x6D6E, 0x64CC, 0x3226, 0x0000, 0x0021, 0x0020,
  0x0021, 0x0021, 0x0021, 0x0021, 0x0021, 0x0021, 0x0020, 0x0020, 0x0020, 0x0020, 0x0020, 0x0021,
  0x0021, 0x0020, 0x0020, 0x0020, 0x0021, 0x0021, 0x0021, 0x0021, 0x0021, 0x0021, 0x0021, 0x0021,
  0x0021, 0x0020, 0x0020, 0x0021, 0x0021, 0x0021, 0x0021, 0x0020, 0x0020, 0x0021, 0x0021, 0x0020,
  0x0020, 0x0020, 0x0021, 0x0020, 0x0020, 0x0021, 0x0020, 0x0021, 0x0021, 0x0021, 0x0020, 0x0021,
  0x0021, 0x0021, 0x0021, 0x0021, 0x0020, 0x0020, 0x0021, 0x0021, 0x0021, 0x0020, 0x0021, 0x0021,
  0x0020, 0x0021, 0x0020, 0x0020, 0x0021, 0x0021, 0x0021, 0x0021, 0x0020, 0x0041, 0x0000, 0x1103,
  0x6D8E, 0x6D0D, 0x2A65, 0x10C3, 0x1943, 0x1923, 0x10C3, 0x3185, 0x3185, 0x2125, 0x2965, 0x2945,
  0x31A6, 0x9CB0, 0xDE35, 0xCDF4, 0xD615, 0xCDF4, 0xD5F4, 0xD615, 0xB552, 0xB511, 0xACF0, 0x62A9,
  0xDE76, 0xACF1, 0x9C6F, 0x62A9, 0x41E5, 0x62A9, 0x940E, 0xA4B0, 0xBD73, 0xCDF5, 0xCDD5, 0xBDB4,
  0xACF1, 0x9C6F, 0x7B6C, 0x6B0A, 0x7B6B, 0x8BCC, 0xA48F, 0xACD0, 0x940D, 0x732A, 0x4A27, 0x2944,
  0x0861, 0x734B, 0xDE77, 0x734B, 0x940D, 0x3165, 0x10A3, 0x1904, 0x1904, 0x2124, 0x10C3, 0x4207,
  0xDE97, 0x7B8C, 0x4A06, 0x7B6B, 0x5A67, 0x10C3, 0x1904, 0x2104, 0x18E4, 0x18C3, 0x1904, 0x1984,
  0x2245, 0x2AC6, 0x3327, 0x4368, 0x540A, 0x4BA9, 0x646C, 0x6D4E, 0x6D6E, 0x6D6E, 0x654D, 0x756E,
  0x3286, 0x0000, 0x0021, 0x0020, 0x0021, 0x0021, 0x0021, 0x0021, 0x0021, 0x0021, 0x0021, 0x0020,
  0x0020, 0x0020, 0x0020, 0x0020, 0x0021, 0x0021, 0x0020, 0x0020, 0x0021, 0x0021, 0x0021, 0x0021,
  0x0021, 0x0021, 0x0020, 0x0021, 0x0021, 0x0021, 0x0021, 0x0021, 0x0021, 0x0020, 0x0020, 0x0021,
  0x0021, 0x0020, 0x0020, 0x0020, 0x0021, 0x0021, 0x0021, 0x0020, 0x0020, 0x0021, 0x0021, 0x0021,
  0x0020, 0x0021, 0x0020, 0x0021, 0x0020, 0x0021, 0x0021, 0x0020, 0x0021, 0x0021, 0x0020, 0x0020,
  0x0021, 0x0021, 0x0020, 0x0021, 0x0021, 0x0021, 0x0020, 0x0020, 0x0021, 0x0020, 0x0020, 0x0020,
  0x0020, 0x0020, 0x0040, 0x548B, 0x75AF, 0x3B07, 0x1102, 0x18E4, 0x1903, 0x1103, 0x2944, 0x39C5,
  0x1904, 0x2986, 0x2965, 0x2965, 0x7BCD, 0xD635, 0xCDD4, 0xD615, 0xD615, 0xCDF4, 0xCDD4, 0xD635,
  0xBD52, 0xB511, 0xACF1, 0x732A, 0xAD11, 0x9C6F, 0x942E, 0x41E5, 0x39A5, 0x5A67, 0x62C8, 0x62C9,
  0x6B0A, 0x734B, 0x9C6F, 0xB511, 0xC593, 0xCDF5, 0xCE16, 0xBDB4, 0x9C90, 0x83ED, 0x7B8B, 0x732A,
  0x7B8B, 0x9C6E, 0xACF0, 0xA48F, 0x7B6B, 0x5A68, 0xA4B0, 0xD636, 0x732A, 0x2944, 0x0882, 0x1904,
  0x1904, 0x1904, 0x2124, 0xCE16, 0x9C8F, 0x3185, 0x39E6, 0x9C2E, 0x5227, 0x10A3, 0x18E4, 0x1904,
  0x1904, 0x2124, 0x2104, 0x18E4, 0x18C3, 0x18E3, 0x1923, 0x1984, 0x2AC6, 0x2AC6, 0x4388, 0x4BC9,
  0x540B, 0x648C, 0x752E, 0x4368, 0x19E4, 0x0000, 0x0021, 0x0020, 0x0021, 0x0021, 0x0021, 0x0021,
  0x0020, 0x0020, 0x0021, 0x0020, 0x0020, 0x0020, 0x0020, 0x0020, 0x0020, 0x0021, 0x0020, 0x0021,
  0x0020, 0x0021, 0x0021, 0x0021, 0x0021, 0x0021, 0x0021, 0x0021, 0x0021, 0x0020, 0x0021, 0x0020,
  0x0021, 0x0020, 0x0020, 0x0021, 0x0021, 0x0021, 0x0020, 0x0021, 0x0020, 0x0020, 0x0021, 0x0020,
  0x0021, 0x0021, 0x0021, 0x0021, 0x0020, 0x0020, 0x0021, 0x0020, 0x0020, 0x0021, 0x0021, 0x0020,
  0x0021, 0x0020, 0x0020, 0x0021, 0x0021, 0x0021, 0x0020, 0x0021, 0x0020, 0x0020, 0x0020, 0x0020,
  0x0021, 0x0020, 0x0020, 0x0020, 0x0041, 0x0000, 0x3B28, 0x75EF, 0x4BEA, 0x1163, 0x18C3, 0x1904,
  0x1903, 0x10E2, 0x41E6, 0x2104, 0x2945, 0x2965, 0x2966, 0x5ACA, 0xCDF4, 0xD5F4, 0xCDF4, 0xD614,
  0xD5F4, 0xCDF4, 0xCDF4, 0xD615, 0xB532, 0xB511, 0xB511, 0x5268, 0x9C8F, 0x9C6F, 0x4A06, 0x41A5,
  0x5A67, 0x7B4A, 0x8BCC, 0x940D, 0x940E, 0x49E5, 0x7B4A, 0x732A, 0x83CC, 0x9C4F, 0xACF1, 0xB532,
  0xC5B3, 0xCDF5, 0xC5B4, 0xACF1, 0x944F, 0x7B6B, 0x6B0A, 0x6B0A, 0x940D, 0x8BCC, 0x62C9, 0xD636,
  0x9C90, 0x2102, 0x39A5, 0x2103, 0x10A3, 0x0882, 0xAD12, 0xC5B4, 0x4A26, 0x10C3, 0x4207, 0xA4B0,
  0x5227, 0x10A3, 0x18E4, 0x1904, 0x1904, 0x1904, 0x1904, 0x2104, 0x2124, 0x2124, 0x18C3, 0x2164,
  0x2125, 0x2184, 0x43E9, 0x3BA9, 0x3BC8, 0x43A9, 0x4368, 0x2AE6, 0x2225, 0x0000, 0x0021, 0x0021,
  0x0020, 0x0020, 0x0020, 0x0020, 0x0021, 0x0021, 0x0020, 0x0020, 0x0020, 0x0020, 0x0020, 0x0021,
  0x0021, 0x0020, 0x0020, 0x0020, 0x0021, 0x0021, 0x0020, 0x0021, 0x0021, 0x0021, 0x0020, 0x0020,
  0x0021, 0x0020, 0x0021, 0x0020, 0x0020, 0x0021, 0x0021, 0x0020, 0x0020, 0x0021, 0x0021, 0x0021,
  0x0020, 0x0021, 0x0021, 0x0020, 0x0021, 0x0020, 0x0021, 0x0021, 0x0020, 0x0021, 0x0021, 0x0021,
  0x0021, 0x0020, 0x0021, 0x0020, 0x0020, 0x0020, 0x0021, 0x0020, 0x0020, 0x0020, 0x0021, 0x0021,
  0x0021, 0x0020, 0x0020, 0x0021, 0x0021, 0x0020, 0x0020, 0x0041, 0x0000, 0x21C4, 0x75EF, 0x64CD,
  0x21E4, 0x10C3, 0x18E4, 0x1904, 0x10C3, 0x41C5, 0x2104, 0x29C5, 0x3267, 0x2125, 0x4228, 0xBD52,
  0xD5F4, 0xCDF4, 0xD615, 0xD5F4, 0xD5F4, 0xD615, 0xCDF4, 0xD5F4, 0xB532, 0xB532, 0xACF1, 0x5A68,
  0xACF0, 0x5247, 0x3984, 0x5247, 0x730A, 0x83AC, 0x940D, 0x8C0D, 0x944F, 0x5A67, 0x9C4E, 0x9C4E,
  0x9C2D, 0x8BEC, 0x838B, 0x838B, 0x940D, 0xA48F, 0xACF0, 0xCDD4, 0xCDF5, 0xC5B4, 0xB553, 0x9C90,
  0x83CD, 0x7B6B, 0x5A88, 0x6B0A, 0xDE56, 0x732B, 0x7309, 0x838B, 0x5247, 0x83CD, 0xD636, 0x6AE9,
  0x2103, 0x08A3, 0x41E6, 0xA48F, 0x5247, 0x10C3, 0x18E4, 0x2104, 0x1904, 0x1904, 0x1904, 0x1904,
  0x1904, 0x2104, 0x2104, 0x21C5, 0x2124, 0x2164, 0x3327, 0x32E7, 0x3B68, 0x3B88, 0x3B68, 0x32E7,
  0x2225, 0x0000, 0x0021, 0x0020, 0x0021, 0x0020, 0x0020, 0x0020, 0x0021, 0x0021, 0x0021, 0x0020,
  0x0020, 0x0020, 0x0020, 0x0020, 0x0021, 0x0021, 0x0020, 0x0021, 0x0020, 0x0021, 0x0020, 0x0021,
  0x0020, 0x0021, 0x0020, 0x0021, 0x0020, 0x0020, 0x0021, 0x0021, 0x0020, 0x0020, 0x0021, 0x0020,
  0x0021, 0x0020, 0x0021, 0x0021, 0x0021, 0x0021, 0x0021, 0x0020, 0x0020, 0x0020, 0x0020, 0x0020,
  0x0021, 0x0021, 0x0020, 0x0021, 0x0020, 0x0020, 0x0021, 0x0020, 0x0020, 0x0021, 0x0021, 0x0021,
  0x0020, 0x0021, 0x0021, 0x0021, 0x0021, 0x0021, 0x0020, 0x0021, 0x0021, 0x0020, 0x0021, 0x0000,
  0x08A2, 0x652D, 0x6D4E, 0x32A6, 0x10E3, 0x18E4, 0x1904, 0x10A3, 0x39A5, 0x3165, 0x2125, 0x2985,
  0x29A5, 0x31A6, 0x8C0E, 0xD635, 0xCDF4, 0xD614, 0xD615, 0xD615, 0xD614, 0xD5F4, 0xCDF4, 0xD615,
  0xB511, 0xB511, 0xACF1, 0x5A68, 0x6AE9, 0x41A5, 0x49E6, 0x7309, 0x838B, 0x9C4E, 0x940D, 0x942E,
  0x944F, 0x5A88, 0xA46E, 0x9C2E, 0x9C4E, 0x9C4E, 0xA46E, 0x9C4D, 0x940D, 0x6AE9, 0x7B4A, 0x732A,
  0x8C0D, 0xACD0, 0xBD52, 0xC5D5, 0xCDF5, 0xBDB4, 0xAD12, 0x83CD, 0xA4D1, 0xB553, 0x49E6, 0x6AC8,
  0x83CD, 0xDE77, 0x730A, 0x5227, 0x62C9, 0x39A5, 0x4A06, 0x9C6E, 0x5A68, 0x10A2, 0x18E4, 0x2125,
  0x2124, 0x2104, 0x2104, 0x2104, 0x2104, 0x2124, 0x2124, 0x2104, 0x2104, 0x10E3, 0x32E7, 0x650D,
  0x4BAA, 0x2A65, 0x43A8, 0x2AE6, 0x2225, 0x0000, 0x0021, 0x0021, 0x0020, 0x0020, 0x0021, 0x0021,
  0x0020, 0x0021, 0x0020, 0x0020, 0x0020, 0x0020, 0x0020, 0x0020, 0x0020, 0x0021, 0x0020, 0x0021,
  0x0020, 0x0021, 0x0021, 0x0021, 0x0020, 0x0021, 0x0021, 0x0020, 0x0020, 0x0020, 0x0020, 0x0021,
  0x0021, 0x0021, 0x0021, 0x0021, 0x0020, 0x0021, 0x0020, 0x0021, 0x0021, 0x0020, 0x0020, 0x0021,
  0x0021, 0x0020, 0x0020, 0x0021, 0x0021, 0x0021, 0x0020, 0x0020, 0x0021, 0x0020, 0x0020, 0x0020,
  0x0021, 0x0020, 0x0021, 0x0020, 0x0020, 0x0021, 0x0021, 0x0020, 0x0021, 0x0021, 0x0020, 0x0021,
  0x0020, 0x0020, 0x0021, 0x0020, 0x3AE7, 0x5CAC, 0x4369, 0x1102, 0x18C4, 0x1904, 0x10C3, 0x2944,
  0x41C6, 0x1904, 0x2986, 0x2965, 0x2945, 0x7B8C, 0xD614, 0xCDD4, 0xCDF4, 0xCDF4, 0xCDF4, 0xD5F4,
  0xD5F4, 0xCDF4, 0xCDF4, 0xD615, 0xB531, 0xB511, 0xBD32, 0x39A5, 0x41C5, 0x4A06, 0x6AC9, 0x7B4A,
  0x9C4E, 0x9C2D, 0x9C2D, 0x942E, 0x942E, 0x5A88, 0xA46E, 0x9C2E, 0x9C4E, 0x9C4E, 0x9C4E, 0x9C4E,
  0x9C2D, 0x8BED, 0xD615, 0x5A88, 0x6AE9, 0x8BEC, 0x83AC, 0x942E, 0xA48F, 0xB531, 0xBD93, 0xCDD4,
  0xC5B4, 0xB573, 0x9C90, 0x734B, 0xCE36, 0x944F, 0x41C5, 0x5A67, 0x7B4A, 0x7B4B, 0x62C9, 0x9C6E,
  0x5247, 0x18E3, 0x2104, 0x10C3, 0x18E4, 0x1904, 0x2124, 0x2124, 0x2124, 0x2124, 0x2124, 0x2125,
  0x2104, 0x2165, 0x650C, 0x6D6E, 0x2A45, 0x2224, 0x3B88, 0x2AA6, 0x2225, 0x0000, 0x0021, 0x0020,
  0x0020, 0x0021, 0x0021, 0x0021, 0x0021, 0x0021, 0x0020, 0x0020, 0x0020, 0x0020, 0x0020, 0x0021,
  0x0021, 0x0021, 0x0020, 0x0021, 0x0020, 0x0020, 0x0020, 0x0021, 0x0020, 0x0021, 0x0020, 0x0020,
  0x0021, 0x0020, 0x0020, 0x0020, 0x0021, 0x0021, 0x0021, 0x0020, 0x0020, 0x0021, 0x0020, 0x0020,
  0x0020, 0x0020, 0x0021, 0x0020, 0x0020, 0x0020, 0x0020, 0x0021, 0x0020, 0x0020, 0x0021, 0x0020,
  0x0021, 0x0020, 0x0021, 0x0020, 0x0020, 0x0021, 0x0020, 0x0021, 0x0021, 0x0020, 0x0020, 0x0021,
  0x0021, 0x0020, 0x0021, 0x0020, 0x0021, 0x0041, 0x0000, 0x32C7, 0x654D, 0x3B48, 0x1163, 0x18C3,
  0x18E4, 0x18E4, 0x18E3, 0x41E6, 0x2104, 0x2966, 0x2965, 0x2965, 0x5AAA, 0xCDF4, 0xD615, 0xCDF4,
  0xCDF4, 0xD635, 0xD615, 0xD615, 0xCDF4, 0xCDF4, 0xCDF4, 0xD635, 0x9C8F, 0x9C6F, 0xACF1, 0x3964,
  0x3143, 0x5A88, 0x7B6B, 0x9C2D, 0x9C4E, 0x9C2D, 0x9C4E, 0x942E, 0x944F, 0x62A8, 0xA46E, 0x9C4E,
  0x9C4E, 0xA46E, 0x9C6E, 0x9C4E, 0x940D, 0x8BED, 0xD635, 0x6AE9, 0x7B6B, 0xACAF, 0x9C2D, 0x940D,
  0x8BCC, 0x838B, 0x8BCC, 0x944E, 0xACF1, 0xBD52, 0xC593, 0xBD93, 0x8C2E, 0x62A8, 0x730A, 0x62C9,
  0x5A67, 0x5A67, 0x5A88, 0x83CC, 0x39A5, 0x732A, 0x9C6E, 0x6B0A, 0x4A27, 0x2124, 0x10C3, 0x18E4,
  0x1904, 0x2125, 0x2104, 0x29E5, 0x18C3, 0x542B, 0x75CF, 0x4389, 0x1123, 0x19C4, 0x3327, 0x2AC6,
  0x2225, 0x0000, 0x0021, 0x0021, 0x0021, 0x0020, 0x0020, 0x0020, 0x0021, 0x0021, 0x0020, 0x0020,
  0x0020, 0x0020, 0x0021, 0x0021, 0x0021, 0x0020, 0x0021, 0x0021, 0x0020, 0x0020, 0x0021, 0x0020,
  0x0020, 0x0021, 0x0020, 0x0021, 0x0021, 0x0021, 0x0020, 0x0021, 0x0021, 0x0020, 0x0020, 0x0021,
  0x0021, 0x0020, 0x0020, 0x0020, 0x0020, 0x0021, 0x0021, 0x0021, 0x0020, 0x0020, 0x0020, 0x0021,
  0x0020, 0x0020, 0x0020, 0x0021, 0x0021, 0x0020, 0x0020, 0x0021, 0x0020, 0x0021, 0x0020, 0x0020,
  0x0021, 0x0021, 0x0020, 0x0021, 0x0021, 0x0020, 0x0020, 0x0020, 0x0041, 0x0000, 0x1984, 0x6D8E,
  0x64CC, 0x2204, 0x10C3, 0x2104, 0x1904, 0x10C3, 0x41E6, 0x2944, 0x2145, 0x2966, 0x2965, 0x4208,
  0xBD72, 0xD635, 0xCDF4, 0xCDF4, 0xD615, 0xD615, 0xD615, 0xD615, 0xD615, 0xD615, 0xCDF4, 0xD615,
  0x83AC, 0x734B, 0x734B, 0x734A, 0x8BCC, 0x7B6B, 0x7B6B, 0x83AB, 0x940D, 0x9C4E, 0x9C4E, 0x942D,
  0x942E, 0x62A8, 0xA46E, 0x9C4E, 0x9C4E, 0x9C4E, 0xA46E, 0xA46E, 0x9C2D, 0x8BED, 0xD615, 0x6AE9,
  0x7B6A, 0xA46E, 0x9C2D, 0x9C4E, 0x9C4E, 0x9C4E, 0x9C2D, 0x7B6B, 0x62A8, 0x6AE9, 0x83AC, 0xA4B0,
  0x5A88, 0x732A, 0xA46E, 0x9C2D, 0x93EC, 0x62A8, 0xA4D0, 0x8C0D, 0x41A5, 0x7B4B, 0xB4F0, 0xACCF,
  0xACAF, 0xACD0, 0x8BED, 0x5A88, 0x3185, 0x18E3, 0x10A3, 0x1904, 0x3AE8, 0x6DCE, 0x5C6C, 0x19A4,
  0x18E4, 0x21E4, 0x32E6, 0x2AC6, 0x2204, 0x0000, 0x0020, 0x0021, 0x0020, 0x0020, 0x0021, 0x0020,
  0x0020, 0x0021, 0x0021, 0x0020, 0x0020, 0x0020, 0x0020, 0x0021, 0x0021, 0x0020, 0x0021, 0x0021,
  0x0020, 0x0020, 0x0021, 0x0021, 0x0021, 0x0020, 0x0021, 0x0020, 0x0020, 0x0020, 0x0020, 0x0021,
  0x0020, 0x0021, 0x0020, 0x0020, 0x0020, 0x0021, 0x0021, 0x0020, 0x0021, 0x0021, 0x0021, 0x0020,
  0x0021, 0x0021, 0x0020, 0x0020, 0x0020, 0x0021, 0x0020, 0x0021, 0x0021, 0x0020, 0x0021, 0x0020,
  0x0021, 0x0021, 0x0020, 0x0020, 0x0021, 0x0021, 0x0020, 0x0021, 0x0020, 0x0020, 0x0020, 0x0021,
  0x0000, 0x0881, 0x5CEC, 0x6D4E, 0x32C7, 0x1142, 0x1923, 0x2104, 0x10C3, 0x39A5, 0x3185, 0x2104,
  0x2966, 0x2965, 0x31A6, 0x9C6F, 0xDE55, 0xCDD4, 0xCDF4, 0xCDF4, 0xD5F4, 0xD615, 0xD615, 0xD615,
  0xD615, 0xD5F4, 0xCDF4, 0xD615, 0x940E, 0x8BAC, 0x7B6B, 0x83AC, 0x944E, 0x9C6F, 0xA4B0, 0x9C8F,
  0x8C0D, 0x8BED, 0x838B, 0x8BED, 0x944F, 0x6288, 0xAC8F, 0x9C4E, 0x9C6E, 0x9C4E, 0x9C4E, 0x9C4E,
  0x9C4E, 0x8BED, 0xD615, 0x6AEA, 0x7B6B, 0xA46E, 0x9C2D, 0x9C2E, 0x9C2D, 0x9C2E, 0x9C4E, 0x9C6E,
  0x7B4A, 0x7B6B, 0xB511, 0x7B8B, 0x41E6, 0x93ED, 0x942D, 0x9C2D, 0x838B, 0x942E, 0xACD0, 0x5227,
  0x41A5, 0x838C, 0xACD0, 0x9C6E, 0xB511, 0xD615, 0xDE35, 0xD5F4, 0xC593, 0xA4B0, 0x730A, 0x31C5,
  0x656D, 0x6D0D, 0x2A66, 0x1103, 0x1943, 0x19C4, 0x2AA6, 0x2AA6, 0x2224, 0x3307, 0x0861, 0x0000,
  0x0021, 0x0020, 0x0021, 0x0021, 0x0021, 0x0021, 0x0020, 0x0020, 0x0020, 0x0020, 0x0020, 0x0021,
  0x0020, 0x0021, 0x0021, 0x0021, 0x0021, 0x0021, 0x0020, 0x0020, 0x0021, 0x0021, 0x0021, 0x0020,
  0x0021, 0x0020, 0x0020, 0x0020, 0x0020, 0x0021, 0x0020, 0x0020, 0x0021, 0x0021, 0x0021, 0x0020,
  0x0020, 0x0021, 0x0021, 0x0021, 0x0020, 0x0020, 0x0021, 0x0020, 0x0020, 0x0020, 0x0021, 0x0020,
  0x0020, 0x0021, 0x0021, 0x0020, 0x0021, 0x0021, 0x0020, 0x0021, 0x0020, 0x0020, 0x0021, 0x0021,
  0x0020, 0x0020, 0x0021, 0x0021, 0x0000, 0x4BCA, 0x75EF, 0x4369, 0x1143, 0x1964, 0x1903, 0x18E4,
  0x2944, 0x41C6, 0x1904, 0x29A6, 0x2965, 0x2966, 0x736C, 0xD635, 0xCDF4, 0xD614, 0xD5F4, 0xCDF4,
  0xD5F4, 0xD615, 0xD615, 0xD5F4, 0xCDF4, 0xCDF4, 0xCDD4, 0xD615, 0x83CD, 0x6AE9, 0x7B4A, 0x838B,
  0x838B, 0x7B4A, 0x838B, 0x940D, 0x9C6F, 0xACD0, 0x9C6E, 0x8BED, 0x942E, 0x49E6, 0xA48E, 0x9C4E,
  0x9C4E, 0x9C4E, 0x9C4E, 0x9C4E, 0x9C2D, 0x8BED, 0xD615, 0x6AEA, 0x7B6A, 0xA46E, 0x9C2D, 0x9C4E,
  0x9C4E, 0x9C4E, 0x9C4E, 0x9C4E, 0x838B, 0x7B6B, 0xDE56, 0xC593, 0x6288, 0x8BEC, 0x9C4E, 0x8BEC,
  0x83AC, 0xBD72, 0x62C9, 0x41A5, 0x5247, 0xA4AF, 0xA46E, 0xB531, 0xD615, 0xD5F4, 0xD5F4, 0xCDF4,
  0xCDF4, 0xE697, 0xACD0, 0x546B, 0x6D8E, 0x3B28, 0x1103, 0x18E4, 0x1083, 0x21E4, 0x2AA6, 0x19C4,
  0x3B88, 0x43A9, 0x0881, 0x0000, 0x0020, 0x0020, 0x0021, 0x0020, 0x0021, 0x0021, 0x0020, 0x0020,
  0x0020, 0x0020, 0x0020, 0x0020, 0x0021, 0x0020, 0x0021, 0x0021, 0x0021, 0x0021, 0x0020, 0x0020,
  0x0021, 0x0021, 0x0021, 0x0021, 0x0020, 0x0020, 0x0020, 0x0021, 0x0021, 0x0020, 0x0021, 0x0021,
  0x0021, 0x0020, 0x0020, 0x0021, 0x0020, 0x0021, 0x0021, 0x0021, 0x0021, 0x0021, 0x0021, 0x0021,
  0x0021, 0x0020, 0x0021, 0x0020, 0x0020, 0x0020, 0x0021, 0x0021, 0x0021, 0x0021, 0x0020, 0x0021,
  0x0020, 0x0020, 0x0021, 0x0020, 0x0020, 0x0020, 0x0041, 0x0000, 0x3266, 0x75EF, 0x5C6C, 0x19A4,
  0x18C3, 0x1943, 0x1924, 0x18E3, 0x4A26, 0x2104, 0x29C6, 0x2A46, 0x2145, 0x5289, 0xCDD4, 0xD615,
  0xCDF4, 0xD5F4, 0xD5F4, 0xD5F4, 0xD615, 0xD635, 0xD615, 0xD615, 0xD615, 0xD615, 0xCDF4, 0xCDF4,
  0xC5B3, 0x9C6F, 0x7B8C, 0x732A, 0x6AE9, 0x732A, 0x838B, 0x83AB, 0x838B, 0x7B6B, 0x83AC, 0x83AC,
  0x6B0A, 0x41C5, 0x940D, 0x9C4E, 0x9C4E, 0x9C4E, 0x9C4E, 0x9C4E, 0x940D, 0x8BED, 0xD635, 0x6AEA,
  0x7B4A, 0xA46E, 0x9C2D, 0x9C4E, 0x9C2D, 0x9C4E, 0x9C4E, 0x9C4E, 0x940D, 0x83CD, 0xD635, 0xB532,
  0x5A67, 0x8BCC, 0x9C4E, 0x7B8B, 0xBD52, 0x734B, 0x49E5, 0x4A06, 0x9C6F, 0xACD0, 0xB4F0, 0xD615,
  0xCDF4, 0xD615, 0xD614, 0xD615, 0xD635, 0xC553, 0x53CA, 0x6DCE, 0x540B, 0x1963, 0x18C3, 0x1904,
  0x18C3, 0x1163, 0x11A3, 0x32C6, 0x4BEA, 0x2AC6, 0x08A1, 0x0000, 0x0020, 0x0020, 0x0020, 0x0020,
  0x0020, 0x0021, 0x0020, 0x0020, 0x0020, 0x0020, 0x0020, 0x0021, 0x0021, 0x0021, 0x0021, 0x0020,
  0x0021, 0x0021, 0x0020, 0x0021, 0x0020, 0x0020, 0x0021, 0x0020, 0x0020, 0x0021, 0x0021, 0x0021,
  0x0020, 0x0021, 0x0020, 0x0021, 0x0021, 0x0020, 0x0021, 0x0021, 0x0021, 0x0021, 0x0021, 0x0021,
  0x0021, 0x0020, 0x0020, 0x0020, 0x0021, 0x0021, 0x0021, 0x0021, 0x0021, 0x0021, 0x0020, 0x0021,
  0x0021, 0x0020, 0x0020, 0x0021, 0x0020, 0x0020, 0x0021, 0x0021, 0x0020, 0x0021, 0x0000, 0x1943,
  0x6D8E, 0x650D, 0x2245, 0x10E3, 0x18E4, 0x1964, 0x1103, 0x49E6, 0x2944, 0x2145, 0x2945, 0x2145,
  0x3A07, 0xB532, 0xD635, 0xCDF4, 0xD614, 0xD5F4, 0xD615, 0xD5F4, 0xD615, 0xD615, 0xD615, 0xD615,
  0xCDF4, 0xD614, 0xD614, 0xCDF4, 0xD615, 0xDE35, 0xD635, 0xC5B3, 0xACF0, 0x940E, 0x7B6B, 0x6B09,
  0x730A, 0x7B6A, 0x7B6B, 0x7B6B, 0x6AE9, 0x3985, 0x62A8, 0x7B4A, 0x8BEC, 0x9C4E, 0x9C6E, 0x9C4E,
  0x9C2D, 0x8BED, 0xD635, 0x6B0A, 0x838B, 0xA48F, 0x9C4E, 0x9C2D, 0x9C2D, 0x9C4E, 0x9C4E, 0x9C2E,
  0x940D, 0x8BED, 0xDE35, 0xB532, 0x5227, 0x734A, 0x7B6B, 0xA4D0, 0x8BED, 0x5206, 0x41C5, 0x83AC,
  0xACAF, 0xACAF, 0xCDD4, 0xD615, 0xD615, 0xD5F4, 0xD5F4, 0xD615, 0xD5F5, 0x63AB, 0x5D2C, 0x64ED,
  0x2225, 0x10C3, 0x18E4, 0x18E4, 0x1903, 0x1102, 0x3B68, 0x546B, 0x3327, 0x2225, 0x0020, 0x0021,
  0x0020, 0x0020, 0x0021, 0x0020, 0x0020, 0x0021, 0x0020, 0x0020, 0x0021, 0x0021, 0x0021, 0x0021,
  0x0020, 0x0021, 0x0021, 0x0021, 0x0021, 0x0021, 0x0021, 0x0021, 0x0021, 0x0021, 0x0021, 0x0020,
  0x0020, 0x0021, 0x0021, 0x0021, 0x0021, 0x0021, 0x0020, 0x0020, 0x0021, 0x0021, 0x0020, 0x0021,
  0x0021, 0x0021, 0x0021, 0x0021, 0x0021, 0x0021, 0x0021, 0x0020, 0x0021, 0x0020, 0x0020, 0x0020,
  0x0021, 0x0021, 0x0020, 0x0021, 0x0020, 0x0021, 0x0020, 0x0020, 0x0020, 0x0020, 0x0020, 0x0020,
  0x0021, 0x0020, 0x0041, 0x54AB, 0x75AF, 0x3B07, 0x10E2, 0x18E4, 0x2104, 0x10C3, 0x39C5, 0x39A5,
  0x1904, 0x2965, 0x2965, 0x31A6, 0x944F, 0xDE35, 0xCDF4, 0xCDF4, 0xD5F4, 0xD615, 0xCDF4, 0xD5F5,
  0xD615, 0xD5F4, 0xD614, 0xD614, 0xD5F4, 0xCDF4, 0xCDF4, 0xCDF4, 0xCDD4, 0xCDF4, 0xD615, 0xD615,
  0xDE55, 0xDE56, 0xCDF4, 0xBD52, 0x9C6F, 0x7B6B, 0x6AC9, 0x730A, 0x5247, 0x41E5, 0x7B6B, 0x734A,
  0x6B09, 0x62C8, 0x6AE9, 0x838B, 0x93EC, 0x7B8C, 0xCDD4, 0x6AE9, 0x6AE9, 0x940D, 0x9C2D, 0x9C4E,
  0x9C4E, 0x9C4E, 0x9C4E, 0x9C4E, 0x940D, 0x8BCD, 0xD615, 0xB532, 0x5A67, 0x62A8, 0x83AC, 0x83CC,
  0x5226, 0x41E5, 0x734A, 0xACD0, 0xA48F, 0xCDB3, 0xD615, 0xD615, 0xD5F4, 0xD5F4, 0xCDF4, 0xDE56,
  0x944F, 0x4C8A, 0x6D6E, 0x32C7, 0x10E3, 0x18E4, 0x18E3, 0x1904, 0x10A2, 0x2245, 0x5CEC, 0x3B48,
  0x2AA6, 0x0061, 0x0000, 0x0021, 0x0020, 0x0020, 0x0021, 0x0020, 0x0021, 0x0021, 0x0021, 0x0020,
  0x0020, 0x0020, 0x0021, 0x0020, 0x0021, 0x0020, 0x0021, 0x0021, 0x0021, 0x0021, 0x0021, 0x0021,
  0x0021, 0x0021, 0x0020, 0x0020, 0x0021, 0x0020, 0x0021, 0x0021, 0x0020, 0x0021, 0x0021, 0x0020,
  0x0021, 0x0021, 0x0020, 0x0020, 0x0020, 0x0021, 0x0020, 0x0020, 0x0021, 0x0021, 0x0020, 0x0020,
  0x0020, 0x0020, 0x0021, 0x0020, 0x0021, 0x0021, 0x0021, 0x0020, 0x0020, 0x0021, 0x0021, 0x0020,
  0x0020, 0x0020, 0x0021, 0x0021, 0x0041, 0x0000, 0x4368, 0x75EF, 0x4BCA, 0x1143, 0x18C3, 0x1904,
  0x10E3, 0x2124, 0x41E6, 0x1904, 0x2966, 0x2965, 0x2966, 0x734C, 0xD615, 0xCDF4, 0xCDF4, 0xCDF4,
  0xD5F4, 0xD614, 0xCDF4, 0xCDF4, 0xD5F4, 0xCDF4, 0xCDF4, 0xD5F4, 0xD5F4, 0xD5F4, 0xCDF4, 0xCDF4,
  0xCDF4, 0xD5F4, 0xD615, 0xD615, 0xD615, 0xD615, 0xD615, 0xDE35, 0xDE56, 0xD614, 0xBD52, 0xACD0,
  0x83AC, 0x8BED, 0xA4D0, 0xB511, 0xACF1, 0x9C6F, 0x7B8B, 0x6AE9, 0x5A67, 0x62E9, 0x83AC, 0x62E9,
  0x83AC, 0x940D, 0x8BCC, 0x83AC, 0x8BCC, 0x940D, 0x9C4E, 0x9C4E, 0x942D, 0x8BED, 0xD615, 0xBD52,
  0x5A47, 0x62A8, 0x83AC, 0x5A67, 0x49E6, 0x5A88, 0xACAF, 0xA46E, 0xC572, 0xD615, 0xD615, 0xD5F4,
  0xCDD4, 0xCDF4, 0xD635, 0xB511, 0x4BCA, 0x6DCF, 0x4BCA, 0x1143, 0x18C3, 0x18E4, 0x1904, 0x10A3,
  0x19A4, 0x4C8B, 0x4369, 0x2AE6, 0x1102, 0x0000, 0x0021, 0x0020, 0x0021, 0x0020, 0x0020, 0x0021,
  0x0021, 0x0020, 0x0020, 0x0020, 0x0020, 0x0020, 0x0021, 0x0021, 0x0021, 0x0020, 0x0021, 0x0020,
  0x0020, 0x0021, 0x0021, 0x0020, 0x0020, 0x0021, 0x0020, 0x0021, 0x0021, 0x0021, 0x0021, 0x0020,
  0x0020, 0x0020, 0x0021, 0x0021, 0x0021, 0x0020, 0x0020, 0x0020, 0x0020, 0x0021, 0x0021, 0x0021,
  0x0020, 0x0021, 0x0020, 0x0021, 0x0021, 0x0020, 0x0021, 0x0021, 0x0020, 0x0020, 0x0020, 0x0021,
  0x0020, 0x0021, 0x0021, 0x0021, 0x0021, 0x0020, 0x0020, 0x0041, 0x0000, 0x1984, 0x652D, 0x5CAC,
  0x19C4, 0x10C3, 0x1904, 0x18E4, 0x18E3, 0x41E6, 0x2124, 0x2965, 0x2965, 0x2965, 0x5269, 0xCDD4,
  0xD635, 0xD614, 0xD5F4, 0xD615, 0xD615, 0xCDF4, 0xD614, 0xD615, 0xCDF4, 0xCDF4, 0xCDF4, 0xCDF4,
  0xD5F4, 0xD5F4, 0xCDF4, 0xD5F4, 0xD615, 0xD615, 0xD614, 0xD615, 0xD615, 0xD615, 0xD615, 0xD5F4,
  0xD5F4, 0xD615, 0xD635, 0xDE55, 0xDE35, 0xD635, 0xCDD4, 0xB552, 0xA4B0, 0xA4B0, 0xACF1, 0xB511,
  0x9C6F, 0x734B, 0x838B, 0x83AC, 0x940D, 0x9C4E, 0xA4B0, 0xA4AF, 0x9C6F, 0x8BCD, 0x83AC, 0x83AC,
  0x83AB, 0x7B8C, 0xD614, 0xBD73, 0x5A88, 0x732A, 0x5A88, 0x4A06, 0x4A26, 0xA46F, 0xA4AF, 0xBD72,
  0xDE35, 0xCDF4, 0xD5F4, 0xD614, 0xD5F4, 0xD615, 0xDE35, 0x5B4A, 0x43C9, 0x5C6B, 0x2204, 0x10C3,
  0x18E4, 0x18E4, 0x18E4, 0x1103, 0x4C8B, 0x548C, 0x3327, 0x19C4, 0x0000, 0x0021, 0x0020, 0x0021,
  0x0021, 0x0020, 0x0021, 0x0020, 0x0021, 0x0021, 0x0020, 0x0020, 0x0020, 0x0020, 0x0021, 0x0021,
  0x0020, 0x0020, 0x0021, 0x0021, 0x0020, 0x0021, 0x0021, 0x0020, 0x0021, 0x0021, 0x0021, 0x0020,
  0x0020, 0x0021, 0x0021, 0x0021, 0x0021, 0x0021, 0x0021, 0x0021, 0x0021, 0x0021, 0x0021, 0x0021,
  0x0020, 0x0021, 0x0021, 0x0021, 0x0020, 0x0021, 0x0020, 0x0021, 0x0021, 0x0021, 0x0020, 0x0020,
  0x0020, 0x0020, 0x0020, 0x0020, 0x0021, 0x0020, 0x0020, 0x0020, 0x0021, 0x0020, 0x0021, 0x0000,
  0x10E2, 0x546B, 0x4BCA, 0x2245, 0x10E3, 0x18E4, 0x1904, 0x10C3, 0x41E6, 0x2924, 0x2125, 0x2965,
  0x2965, 0x39C7, 0xAD11, 0xDE35, 0xCDF4, 0xD615, 0xD5F4, 0xD614, 0xD615, 0xD5F4, 0xD615, 0xD614,
  0xCDD4, 0xCDF4, 0xD614, 0xCDF4, 0xCDF4, 0xCDF4, 0xD615, 0xD5F4, 0xCDF4, 0xD5F4, 0xD635, 0xD615,
  0xD5F4, 0xD615, 0xD615, 0xCDF4, 0xD615, 0xD615, 0xD615, 0xCDF4, 0xCDF4, 0xCDF4, 0xD615, 0xD635,
  0xD615, 0xCDD4, 0xBD52, 0xACF1, 0xA4B0, 0x62C9, 0x732A, 0x838B, 0x838B, 0x838B, 0x838B, 0x8BED,
  0x9C6F, 0x9C6F, 0xACB0, 0x9C6F, 0x7B6B, 0x7B6B, 0xDE55, 0xBD52, 0x5A88, 0x5267, 0x5226, 0x41C5,
  0x942D, 0xACAF, 0xB511, 0xD615, 0xD615, 0xD615, 0xD5F4, 0xD615, 0xD615, 0xDE56, 0x842D, 0x548B,
  0x5C6B, 0x19C4, 0x1103, 0x18E4, 0x18E3, 0x1904, 0x10A2, 0x3B47, 0x5CCC, 0x3307, 0x2A85, 0x0020,
  0x0020, 0x0021, 0x0021, 0x0020, 0x0021, 0x0020, 0x0020, 0x0020, 0x0020, 0x0020, 0x0021, 0x0020,
  0x0020, 0x0021, 0x0020, 0x0020, 0x0020, 0x0020, 0x0020, 0x0021, 0x0020, 0x0021, 0x0021, 0x0021,
  0x0021, 0x0021, 0x0021, 0x0020, 0x0020, 0x0020, 0x0021, 0x0020, 0x0020, 0x0020, 0x0021, 0x0020,
  0x0021, 0x0021, 0x0020, 0x0020, 0x0020, 0x0021, 0x0020, 0x0020, 0x0021, 0x0020, 0x0021, 0x0021,
  0x0021, 0x0021, 0x0021, 0x0020, 0x0020, 0x0021, 0x0020, 0x0020, 0x0021, 0x0020, 0x0020, 0x0021,
  0x0021, 0x0021, 0x0020, 0x0020, 0x4C4A, 0x75AE, 0x3B28, 0x08A2, 0x18E4, 0x2104, 0x10C3, 0x3164,
  0x3985, 0x2165, 0x31E6, 0x2945, 0x31A6, 0x8BED, 0xD614, 0xCDD4, 0xCDF4, 0xD614, 0xD615, 0xD5F4,
  0xCDF4, 0xD615, 0xD615, 0xD5F4, 0xD615, 0xD5F4, 0xCDF4, 0xCDF4, 0xD5F4, 0xD5F4, 0xD615, 0xCDD4,
  0xD5F4, 0xD5F4, 0xD614, 0xD615, 0xD615, 0xD615, 0xD5F4, 0xD5F4, 0xD615, 0xD614, 0xD614, 0xD5F4,
  0xCDF4, 0xD5F4, 0xD615, 0xCDF4, 0xCDF4, 0xD5F4, 0xD635, 0xD615, 0xCDB3, 0xAD11, 0x8BED, 0x730A,
  0x732A, 0x7B4A, 0x7B4A, 0x83AB, 0x838B, 0x7B6B, 0x83CC, 0x940E, 0xA48F, 0x83AC, 0xA4D0, 0xA48F,
  0x41E6, 0x5226, 0x49E6, 0x7B6B, 0xACD0, 0xACD0, 0xD5F4, 0xD5F4, 0xCDF4, 0xD5F4, 0xD615, 0xCDF4,
  0xDE76, 0xB512, 0x4C0A, 0x658E, 0x3B68, 0x08E2, 0x18C3, 0x18E4, 0x1904, 0x10A3, 0x2204, 0x548B,
  0x3B48, 0x2AC6, 0x08A1, 0x0000, 0x0021, 0x0020, 0x0021, 0x0020, 0x0020, 0x0020, 0x0021, 0x0020,
  0x0021, 0x0021, 0x0020, 0x0020, 0x0020, 0x0021, 0x0021, 0x0021, 0x0021, 0x0021, 0x0020, 0x0021,
  0x0021, 0x0021, 0x0021, 0x0021, 0x0020, 0x0020, 0x0020, 0x0021, 0x0021, 0x0021, 0x0021, 0x0020,
  0x0020, 0x0020, 0x0021, 0x0020, 0x0020, 0x0021, 0x0020, 0x0020, 0x0021, 0x0021, 0x0020, 0x0020,
  0x0020, 0x0020, 0x0021, 0x0021, 0x0021, 0x0021, 0x0021, 0x0020, 0x0020, 0x0021, 0x0020, 0x0020,
  0x0020, 0x0020, 0x0020, 0x0020, 0x0020, 0x0041, 0x0000, 0x3B08, 0x75EF, 0x4BEA, 0x19A3, 0x1924,
  0x1904, 0x18E4, 0x2124, 0x41C6, 0x18E4, 0x31E6, 0x2A25, 0x2125, 0x6B2B, 0xD635, 0xD615, 0xD5F4,
  0xD5F4, 0xD5F4, 0xD5F4, 0xD5F4, 0xD5F4, 0xD615, 0xD614, 0xD615, 0xD614, 0xD5F4, 0xCDF4, 0xCDF4,
  0xD615, 0xD615, 0xD614, 0xD5F4, 0xD5F4, 0xD5F4, 0xD5F4, 0xD5F4, 0xD615, 0xD615, 0xD615, 0xD615,
  0xD615, 0xD615, 0xD615, 0xD615, 0xCDF4, 0xCDF4, 0xD614, 0xD614, 0xD5F4, 0xD615, 0xCDF4, 0xD615,
  0xD5F4, 0xD635, 0xDE56, 0xCDD4, 0xB531, 0x944E, 0x7B6B, 0x6AE9, 0x7309, 0x7B6B, 0x8BAC, 0x838B,
  0x7B6B, 0x7B8B, 0x838B, 0x62E9, 0x4A06, 0x4A06, 0x6AE9, 0xACD0, 0xA48F, 0xCDF4, 0xD5F4, 0xD5F4,
  0xD5F4, 0xD5F4, 0xD615, 0xD635, 0xC593, 0x5BAA, 0x6DCE, 0x542B, 0x1143, 0x1963, 0x1904, 0x18E4,
  0x18C3, 0x1143, 0x54CB, 0x4BEA, 0x3307, 0x1163, 0x0000, 0x0021, 0x0021, 0x0020, 0x0021, 0x0020,
  0x0021, 0x0020, 0x0020, 0x0020, 0x0021, 0x0021, 0x0020, 0x0020, 0x0020, 0x0020, 0x0020, 0x0021,
  0x0020, 0x0021, 0x0020, 0x0020, 0x0020, 0x0020, 0x0021, 0x0021, 0x0021, 0x0021, 0x0021, 0x0021,
  0x0020, 0x0020, 0x0021, 0x0020, 0x0020, 0x0020, 0x0020, 0x0021, 0x0021, 0x0020, 0x0020, 0x0021,
  0x0020, 0x0021, 0x0021, 0x0020, 0x0020, 0x0020, 0x0021, 0x0021, 0x0021, 0x0021, 0x0020, 0x0020,
  0x0021, 0x0021, 0x0020, 0x0021, 0x0020, 0x0021, 0x0020, 0x0020, 0x0041, 0x0000, 0x21A4, 0x75CE,
  0x6CED, 0x21E4, 0x1123, 0x1944, 0x1904, 0x18E3, 0x4A06, 0x2104, 0x2986, 0x2945, 0x2125, 0x5289,
  0xCDB3, 0xD615, 0xD5F4, 0xD615, 0xD615, 0xD615, 0xCDF4, 0xCDF4, 0xD615, 0xD635, 0xD615, 0xD615,
  0xCDF4, 0xD5F4, 0xD5F4, 0xD615, 0xD615, 0xD5F4, 0xD615, 0xD615, 0xD615, 0xD5F4, 0xD5F4, 0xD615,
  0xD615, 0xD635, 0xD615, 0xD615, 0xD615, 0xD615, 0xD615, 0xD615, 0xD615, 0xD614, 0xD615, 0xD615,
  0xD615, 0xD615, 0xCDF4, 0xCDF4, 0xD615, 0xCDD4, 0xCDF4, 0xD615, 0xD635, 0xD615, 0xD615, 0xBD73,
  0x9C6F, 0x7B8B, 0x730A, 0x6AE9, 0x7B4A, 0x838B, 0x8BEC, 0x7B6B, 0x41A5, 0x5267, 0xA4AF, 0xA48F,
  0xC593, 0xD615, 0xD615, 0xD615, 0xCDF4, 0xCDF4, 0xCDF4, 0xE656, 0x73CC, 0x54EB, 0x6D2D, 0x2A66,
  0x1923, 0x1963, 0x18E3, 0x1904, 0x10C2, 0x43E9, 0x5C8C, 0x3307, 0x2245, 0x0000, 0x0021, 0x0020,
  0x0021, 0x0020, 0x0021, 0x0021, 0x0021, 0x0021, 0x0021, 0x0020, 0x0020, 0x0021, 0x0020, 0x0020,
  0x0020, 0x0020, 0x0020, 0x0021, 0x0021, 0x0021, 0x0020, 0x0021, 0x0021, 0x0020, 0x0021, 0x0021,
  0x0021, 0x0021, 0x0020, 0x0020, 0x0020, 0x0021, 0x0020, 0x0020, 0x0021, 0x0021, 0x0020, 0x0021,
  0x0020, 0x0020, 0x0021, 0x0021, 0x0020, 0x0021, 0x0020, 0x0021, 0x0021, 0x0021, 0x0021, 0x0020,
  0x0021, 0x0021, 0x0020, 0x0020, 0x0021, 0x0020, 0x0020, 0x0021, 0x0020, 0x0020, 0x0020, 0x0021,
  0x0000, 0x10A2, 0x652D, 0x6D6E, 0x32C6, 0x1103, 0x1984, 0x10E3, 0x10C3, 0x4A06, 0x2945, 0x2145,
  0x2966, 0x2986, 0x39E7, 0xAD11, 0xDE55, 0xD615, 0xD5F4, 0xD615, 0xD5F4, 0xCDF4, 0xCDF4, 0xD614,
  0xD615, 0xD615, 0xD635, 0xD635, 0xD615, 0xCDF4, 0xCDF4, 0xD614, 0xD5F4, 0xD615, 0xD615, 0xCDF4,
  0xCDF4, 0xD615, 0xD615, 0xD615, 0xD615, 0xD5F4, 0xD615, 0xD615, 0xD615, 0xD615, 0xD5F4, 0xD5F4,
  0xD5F4, 0xD615, 0xD615, 0xD615, 0xD5F4, 0xD615, 0xD615, 0xD5F4, 0xCDF4, 0xCDF4, 0xCDF4, 0xD5F4,
  0xD615, 0xD5F4, 0xCDF4, 0xD615, 0xDE55, 0xD614, 0xC593, 0xA4D0, 0x83AC, 0x6B0A, 0x7309, 0x6AE9,
  0x41A5, 0x942D, 0xB4F0, 0xBD72, 0xD635, 0xCDD4, 0xCDF4, 0xD615, 0xD615, 0xCDF4, 0xDE55, 0x9C6F,
  0x548B, 0x758E, 0x32E7, 0x1103, 0x2144, 0x1183, 0x1904, 0x10A3, 0x32E6, 0x650D, 0x3B28, 0x2AC6,
  0x0061, 0x0020, 0x0020, 0x0020, 0x0020, 0x0021, 0x0020, 0x0021, 0x0021, 0x0021, 0x0020, 0x0020,
  0x0021, 0x0021, 0x0020, 0x0020, 0x0020, 0x0020, 0x0020, 0x0020, 0x0020, 0x0020, 0x0020, 0x0021,
  0x0020, 0x0020, 0x0021, 0x0021, 0x0021, 0x0021, 0x0021, 0x0020, 0x0020, 0x0020, 0x0020, 0x0021,
  0x0020, 0x0020, 0x0020, 0x0020, 0x0020, 0x0020, 0x0020, 0x0020, 0x0021, 0x0020, 0x0020, 0x0021,
  0x0020, 0x0020, 0x0020, 0x0021, 0x0020, 0x0021, 0x0021, 0x0020, 0x0020, 0x0021, 0x0021, 0x0020,
  0x0020, 0x0021, 0x0020, 0x0021, 0x0000, 0x4C0A, 0x75CF, 0x4389, 0x1102, 0x18E4, 0x1944, 0x1103,
  0x3164, 0x39A5, 0x2124, 0x2986, 0x2965, 0x31A6, 0x942F, 0xDE56, 0xD615, 0xD635, 0xD5F4, 0xCDF4,
  0xD5F4, 0xD614, 0xD615, 0xD615, 0xCDF4, 0xD615, 0xD615, 0xD635, 0xD615, 0xD5F4, 0xCDF4, 0xCDF4,
  0xCDF4, 0xD615, 0xD615, 0xD615, 0xD614, 0xD614, 0xD615, 0xD614, 0xCDF4, 0xCDF4, 0xCDF4, 0xCDF4,
  0xD615, 0xD615, 0xD615, 0xD5F4, 0xD5F4, 0xD615, 0xD615, 0xD615, 0xD615, 0xCDF4, 0xD615, 0xD5F4,
  0xCDD4, 0xD615, 0xD615, 0xD5F4, 0xD614, 0xD615, 0xCDF4, 0xCDD4, 0xD5F4, 0xD615, 0xD615, 0xDE55,
  0xD614, 0xC5B3, 0xB531, 0x83CC, 0xA4B0, 0xCDF4, 0xCDF4, 0xD5F4, 0xD5F4, 0xD615, 0xD615, 0xD5F4,
  0xCDF4, 0xDE55, 0xBD73, 0x53CA, 0x6DAE, 0x53EA, 0x1163, 0x18E4, 0x1904, 0x19A4, 0x18C3, 0x21A4,
  0x5D0C, 0x43A9, 0x2B06, 0x1102, 0x0000, 0x0021, 0x0020, 0x0020, 0x0020, 0x0020, 0x0020, 0x0020,
  0x0021, 0x0021, 0x0021, 0x0021, 0x0021, 0x0021, 0x0020, 0x0020, 0x0020, 0x0020, 0x0020, 0x0021,
  0x0021, 0x0021, 0x0020, 0x0021, 0x0020, 0x0021, 0x0021, 0x0021, 0x0020, 0x0020, 0x0021, 0x0021,
  0x0021, 0x0021, 0x0021, 0x0020, 0x0020, 0x0021, 0x0021, 0x0020, 0x0021, 0x0020, 0x0020, 0x0021,
  0x0020, 0x0021, 0x0020, 0x0021, 0x0021, 0x0020, 0x0020, 0x0021, 0x0020, 0x0021, 0x0021, 0x0020,
  0x0020, 0x0020, 0x0021, 0x0020, 0x0020, 0x0020, 0x0041, 0x0000, 0x32A7, 0x75EF, 0x542B, 0x1983,
  0x18E4, 0x2104, 0x10E3, 0x2144, 0x41E6, 0x18E4, 0x2966, 0x2965, 0x2986, 0x6B4C, 0xD635, 0xD615,
  0xD615, 0xD615, 0xD615, 0xD5F4, 0xD5F4, 0xD615, 0xD615, 0xD614, 0xCDF4, 0xCDF4, 0xCDF4, 0xD5F4,
  0xD615, 0xD615, 0xCDF4, 0xCDF4, 0xD614, 0xD5F4, 0xCDF4, 0xD5F4, 0xD614, 0xD5F4, 0xCDF4, 0xD615,
  0xD614, 0xCDF4, 0xCDF4, 0xCDF4, 0xD615, 0xD615, 0xD615, 0xD615, 0xD5F5, 0xD5F4, 0xD615, 0xD615,
  0xD615, 0xCDF4, 0xCDF4, 0xCDF4, 0xD5F4, 0xD615, 0xD615, 0xD615, 0xCDF4, 0xD5F4, 0xD615, 0xD615,
  0xD615, 0xD635, 0xD635, 0xCDF4, 0xCDF4, 0xD615, 0xDE56, 0xDE55, 0xD614, 0xD5F4, 0xD5F4, 0xCDF4,
  0xD615, 0xD5F4, 0xD615, 0xD5F4, 0xCDF4, 0xD5F4, 0x6BCB, 0x658E, 0x64CD, 0x19E4, 0x18E3, 0x1904,
  0x1904, 0x1143, 0x1102, 0x548A, 0x544B, 0x2AE6, 0x19C4, 0x0000, 0x0021, 0x0020, 0x0020, 0x0020,
  0x0021, 0x0021, 0x0021, 0x0020, 0x0020, 0x0020, 0x0021, 0x0021, 0x0021, 0x0021, 0x0020, 0x0021,
  0x0020, 0x0021, 0x0021, 0x0020, 0x0021, 0x0020, 0x0020, 0x0020, 0x0021, 0x0021, 0x0020, 0x0020,
  0x0021, 0x0020, 0x0021, 0x0021, 0x0021, 0x0021, 0x0020, 0x0020, 0x0021, 0x0021, 0x0021, 0x0021,
  0x0021, 0x0021, 0x0020, 0x0021, 0x0020, 0x0020, 0x0021, 0x0021, 0x0021, 0x0020, 0x0020, 0x0020,
  0x0020, 0x0021, 0x0021, 0x0021, 0x0021, 0x0021, 0x0020, 0x0020, 0x0021, 0x0041, 0x0000, 0x1963,
  0x6DAE, 0x6D0D, 0x2225, 0x10C3, 0x1904, 0x1904, 0x18C3, 0x41C5, 0x2104, 0x2946, 0x2966, 0x2965,
  0x5289, 0xCDD4, 0xD615, 0xD615, 0xD615, 0xD615, 0xD615, 0xD635, 0xCDF4, 0xD5F4, 0xD614, 0xD615,
  0xD614, 0xD614, 0xD5F4, 0xD615, 0xD615, 0xD5F4, 0xD5F4, 0xD614, 0xD615, 0xD5F4, 0xD5F4, 0xD614,
  0xD5F4, 0xD5F4, 0xD614, 0xD5F4, 0xD615, 0xD615, 0xD615, 0xD615, 0xD615, 0xD615, 0xD615, 0xD615,
  0xD615, 0xD615, 0xD615, 0xCDF4, 0xD5F4, 0xD5F4, 0xD614, 0xD615, 0xD615, 0xD5F4, 0xD615, 0xD615,
  0xD615, 0xD5F4, 0xD5F4, 0xD615, 0xD615, 0xD635, 0xD615, 0xCDF4, 0xCDF4, 0xD5F4, 0xD615, 0xCDF4,
  0xD5F4, 0xD5F4, 0xD614, 0xD615, 0xD615, 0xD5F5, 0xCDF4, 0xCDF4, 0xDE35, 0x840D, 0x54AB, 0x758E,
  0x32C7, 0x10C3, 0x18E4, 0x1904, 0x1904, 0x10E2, 0x3B47, 0x5CCC, 0x3307, 0x2265, 0x0020, 0x0020,
  0x0020, 0x0021, 0x0020, 0x0020, 0x0020, 0x0021, 0x0020, 0x0021, 0x0021, 0x0021, 0x0020, 0x0021,
  0x0021, 0x0020, 0x0021, 0x0020, 0x0020, 0x0020, 0x0021, 0x0020, 0x0021, 0x0020, 0x0021, 0x0020,
  0x0021, 0x0020, 0x0021, 0x0021, 0x0021, 0x0021, 0x0020, 0x0021, 0x0021, 0x0020, 0x0020, 0x0020,
  0x0021, 0x0021, 0x0020, 0x0021, 0x0020, 0x0020, 0x0021, 0x0021, 0x0021, 0x0020, 0x0020, 0x0020,
  0x0021, 0x0021, 0x0021, 0x0021, 0x0021, 0x0020, 0x0021, 0x0021, 0x0020, 0x0020, 0x0020, 0x0021,
  0x0021, 0x0020, 0x0881, 0x5CCC, 0x758F, 0x32E7, 0x10E3, 0x18E4, 0x1904, 0x10C3, 0x41C5, 0x2944,
  0x2144, 0x3266, 0x2965, 0x39C7, 0xACF1, 0xDE35, 0xCDF4, 0xD615, 0xD614, 0xCDF4, 0xD5F4, 0xD615,
  0xD615, 0xD5F4, 0xD615, 0xD615, 0xD5F4, 0xD615, 0xD615, 0xD615, 0xD5F4, 0xCDF4, 0xCDF4, 0xCDF4,
  0xD615, 0xD615, 0xD615, 0xD615, 0xD615, 0xD5F4, 0xCDF4, 0xD5F4, 0xD5F4, 0xD615, 0xD615, 0xD5F4,
  0xD5F4, 0xD5F4, 0xD615, 0xD615, 0xD615, 0xD615, 0xCDF4, 0xCDF4, 0xD615, 0xD5F4, 0xD615, 0xD615,
  0xD615, 0xD615, 0xD615, 0xD614, 0xD615, 0xD5F4, 0xD5F4, 0xD614, 0xD5F4, 0xCDF4, 0xD615, 0xD615,
  0xD615, 0xCDF4, 0xCDF4, 0xCDF4, 0xD615, 0xD615, 0xD614, 0xD615, 0xCDF4, 0xD615, 0xCDF4, 0xDE55,
  0xB532, 0x4BEA, 0x75CF, 0x4389, 0x1123, 0x18E4, 0x18E4, 0x1904, 0x10A3, 0x2225, 0x5D0C, 0x4368,
  0x2AE6, 0x08A1, 0x0000, 0x0021, 0x0020, 0x0021, 0x0020, 0x0021, 0x0021, 0x0020, 0x0020, 0x0021,
  0x0020, 0x0021, 0x0021, 0x0020, 0x0021, 0x0020, 0x0020, 0x0020, 0x0020, 0x0020, 0x0021, 0x0021,
  0x0020, 0x0021, 0x0021, 0x0021, 0x0020, 0x0020, 0x0021, 0x0021, 0x0020, 0x0021, 0x0021, 0x0020,
  0x0021, 0x0021, 0x0021, 0x0021, 0x0020, 0x0020, 0x0021, 0x0021, 0x0021, 0x0021, 0x0021, 0x0021,
  0x0021, 0x0021, 0x0021, 0x0020, 0x0021, 0x0021, 0x0021, 0x0021, 0x0020, 0x0020, 0x0021, 0x0020,
  0x0021, 0x0021, 0x0020, 0x0021, 0x0021, 0x0000, 0x32A6, 0x5CCC, 0x4389, 0x1122, 0x18C3, 0x1904,
  0x10C3, 0x3164, 0x39A5, 0x2125, 0x2986, 0x21A5, 0x2966, 0x840E, 0xDE35, 0xCDD4, 0xCDF4, 0xD5F4,
  0xCDF4, 0xCDF4, 0xD5F4, 0xD5F4, 0xD614, 0xD615, 0xD615, 0xD615, 0xD635, 0xD635, 0xD635, 0xD615,
  0xD614, 0xD615, 0xD5F4, 0xD614, 0xD615, 0xD615, 0xD614, 0xD615, 0xD5F4, 0xCDF4, 0xD615, 0xD615,
  0xD615, 0xCDF4, 0xD5F4, 0xCDF4, 0xD615, 0xCDF4, 0xCDF4, 0xCDF4, 0xD614, 0xD615, 0xD5F4, 0xD614,
  0xD5F4, 0xCDF4, 0xCDF4, 0xD5F4, 0xD5F4, 0xD615, 0xD615, 0xD615, 0xCDF4, 0xCDF4, 0xCDF4, 0xCDF4,
  0xCDF4, 0xCDF4, 0xD5F4, 0xD5F4, 0xD5F4, 0xCDF4, 0xD5F4, 0xD615, 0xD615, 0xD615, 0xD614, 0xD5F4,
  0xD5F4, 0xD5F4, 0xD5F4, 0xCDD4, 0x5329, 0x548B, 0x542B, 0x1983, 0x18C3, 0x1904, 0x1904, 0x18C4,
  0x1143, 0x4409, 0x4BCA, 0x2B06, 0x1163, 0x0000, 0x0021, 0x0020, 0x0021, 0x0021, 0x0021, 0x0020,
  0x0021, 0x0021, 0x0020, 0x0020, 0x0020, 0x0021, 0x0021, 0x0021, 0x0021, 0x0020, 0x0021, 0x0020,
  0x0020, 0x0020, 0x0021, 0x0020, 0x0020, 0x0020, 0x0020, 0x0021, 0x0020, 0x0021, 0x0021, 0x0021,
  0x0020, 0x0021, 0x0021, 0x0021, 0x0020, 0x0020, 0x0020, 0x0020, 0x0020, 0x0020, 0x0021, 0x0020,
  0x0020, 0x0021, 0x0021, 0x0021, 0x0021, 0x0020, 0x0021, 0x0021, 0x0021, 0x0021, 0x0021, 0x0020,
  0x0020, 0x0020, 0x0020, 0x0020, 0x0021, 0x0021, 0x0020, 0x0041, 0x0000, 0x2A25, 0x652D, 0x4BAA,
  0x1983, 0x18E3, 0x1904, 0x18E3, 0x2103, 0x41C6, 0x1904, 0x2986, 0x2966, 0x2966, 0x62EA, 0xD5F4,
  0xCDF4, 0xD5F4, 0xCDF4, 0xD615, 0xD5F4, 0xCDF4, 0xCDF4, 0xD5F4, 0xD615, 0xD615, 0xD615, 0xD615,
  0xD615, 0xD635, 0xDE35, 0xD635, 0xD615, 0xD615, 0xD615, 0xD615, 0xD615, 0xD615, 0xD5F4, 0xD5F4,
  0xD615, 0xD615, 0xD615, 0xD615, 0xD614, 0xD615, 0xD615, 0xD615, 0xD615, 0xCDF4, 0xD614, 0xD615,
  0xD615, 0xD615, 0xCDF4, 0xD5F4, 0xD5F4, 0xCDF4, 0xD5F4, 0xD5F4, 0xD615, 0xD5F4, 0xD615, 0xD615,
  0xD5F4, 0xCDF4, 0xCDF4, 0xCDF4, 0xCDD4, 0xD615, 0xD615, 0xD614, 0xD5F4, 0xCDF4, 0xD615, 0xD615,
  0xD615, 0xD5F4, 0xCDF4, 0xCDF4, 0xD5F4, 0xCDF4, 0xD5F4, 0x73CC, 0x4C2A, 0x542B, 0x2204, 0x18E3,
  0x18E4, 0x1904, 0x18E4, 0x10C2, 0x4429, 0x5C8C, 0x3327, 0x2204, 0x0000, 0x0021, 0x0020, 0x0021,
  0x0021, 0x0020, 0x0020, 0x0020, 0x0020, 0x0021, 0x0020, 0x0020, 0x0020, 0x0020, 0x0020, 0x0020,
  0x0020, 0x0021, 0x0021, 0x0020, 0x0021, 0x0021, 0x0020, 0x0021, 0x0021, 0x0021, 0x0021, 0x0020,
  0x0020, 0x0021, 0x0021, 0x0021, 0x0021, 0x0021, 0x0020, 0x0020, 0x0021, 0x0021, 0x0020, 0x0020,
  0x0021, 0x0021, 0x0021, 0x0021, 0x0021, 0x0020, 0x0020, 0x0020, 0x0021, 0x0020, 0x0020, 0x0021,
  0x0021, 0x0021, 0x0021, 0x0020, 0x0020, 0x0020, 0x0021, 0x0021, 0x0020, 0x0020, 0x0041, 0x0000,
  0x1103, 0x656D, 0x650D, 0x2A65, 0x10C2, 0x2104, 0x18E4, 0x10C3, 0x41E6, 0x2124, 0x2965, 0x2965,
  0x2965, 0x4A48, 0xBD52, 0xD5F4, 0xCDD4, 0xD5F4, 0xD615, 0xD615, 0xD5F4, 0xD5F4, 0xD615, 0xD5F4,
  0xD615, 0xD615, 0xD615, 0xD615, 0xD635, 0xD615, 0xD635, 0xD635, 0xD615, 0xD635, 0xD615, 0xD615,
  0xD615, 0xD5F4, 0xD5F4, 0xD615, 0xD615, 0xD615, 0xD615, 0xD614, 0xD615, 0xD615, 0xD635, 0xD615,
  0xD615, 0xD5F4, 0xD615, 0xD5F4, 0xD614, 0xD5F4, 0xD5F4, 0xD615, 0xD615, 0xCDF4, 0xD5F4, 0xD614,
  0xD615, 0xD615, 0xD615, 0xD615, 0xCDF4, 0xD5F4, 0xD5F4, 0xD5F4, 0xCDF4, 0xCDF4, 0xD615, 0xD615,
  0xD615, 0xD615, 0xD615, 0xD615, 0xD5F4, 0xD5F4, 0xCDF4, 0xCDF4, 0xCDF4, 0xDE56, 0x9C8F, 0x4C4A,
  0x6D6E, 0x3327, 0x10E2, 0x2104, 0x18E4, 0x1904, 0x10A3, 0x3307, 0x650D, 0x3B28, 0x2AC6, 0x0041,
  0x0020, 0x0021, 0x0020, 0x0021, 0x0021, 0x0020, 0x0020, 0x0021, 0x0021, 0x0020, 0x0020, 0x0020,
  0x0020, 0x0021, 0x0020, 0x0021, 0x0020, 0x0021, 0x0020, 0x0020, 0x0020, 0x0020, 0x0020, 0x0021,
  0x0021, 0x0021, 0x0021, 0x0021, 0x0021, 0x0021, 0x0021, 0x0021, 0x0021, 0x0021, 0x0021, 0x0020,
  0x0021, 0x0021, 0x0020, 0x0021, 0x0020, 0x0020, 0x0021, 0x0021, 0x0020, 0x0021, 0x0020, 0x0021,
  0x0021, 0x0020, 0x0020, 0x0021, 0x0021, 0x0021, 0x0021, 0x0020, 0x0020, 0x0020, 0x0021, 0x0021,
  0x0021, 0x0021, 0x0020, 0x0041, 0x546B, 0x6D6E, 0x32E7, 0x08C2, 0x18E3, 0x2104, 0x10C3, 0x41C5,
  0x3165, 0x2145, 0x2986, 0x2965, 0x39C7, 0xA4D0, 0xDE35, 0xCDF4, 0xD5F4, 0xCDF4, 0xD614, 0xD614,
  0xD5F4, 0xD615, 0xD615, 0xD615, 0xD615, 0xD615, 0xD615, 0xD615, 0xD615, 0xD615, 0xD615, 0xD615,
  0xD615, 0xD615, 0xD615, 0xD615, 0xD615, 0xD614, 0xD614, 0xD5F4, 0xD5F4, 0xD5F4, 0xD5F4, 0xD614,
  0xD5F4, 0xCDF4, 0xD615, 0xD615, 0xD615, 0xD5F4, 0xD5F4, 0xCDF4, 0xD615, 0xD615, 0xD615, 0xD615,
  0xD615, 0xD614, 0xCDF4, 0xCDF4, 0xD5F4, 0xCDF4, 0xCDF4, 0xCDF4, 0xCDF4, 0xD615, 0xD615, 0xD615,
  0xD615, 0xD615, 0xD615, 0xD615, 0xD615, 0xD615, 0xD615, 0xCDF4, 0xD614, 0xD615, 0xD615, 0xCDF4,
  0xD635, 0xC573, 0x4BCA, 0x658D, 0x4BAA, 0x1142, 0x1923, 0x18E4, 0x1904, 0x18A3, 0x21E4, 0x5D2C,
  0x43A9, 0x2AE6, 0x10E2, 0x0000, 0x0021, 0x0020, 0x0020, 0x0021, 0x0020, 0x0021, 0x0021, 0x0020,
  0x0021, 0x0021, 0x0020, 0x0021, 0x0021, 0x0021, 0x0020, 0x0021, 0x0020, 0x0021, 0x0020, 0x0020,
  0x0020, 0x0020, 0x0020, 0x0021, 0x0020, 0x0021, 0x0020, 0x0020, 0x0020, 0x0021, 0x0021, 0x0021,
  0x0021, 0x0021, 0x0021, 0x0020, 0x0020, 0x0021, 0x0020, 0x0021, 0x0020, 0x0020, 0x0020, 0x0020,
  0x0020, 0x0020, 0x0021, 0x0021, 0x0021, 0x0020, 0x0021, 0x0021, 0x0020, 0x0021, 0x0021, 0x0021,
  0x0021, 0x0021, 0x0020, 0x0021, 0x0021, 0x0041, 0x0000, 0x3B28, 0x6DCF, 0x4BEA, 0x1143, 0x1964,
  0x1903, 0x18E4, 0x3164, 0x39C6, 0x1904, 0x2986, 0x2965, 0x2986, 0x83CD, 0xDE35, 0xCDF4, 0xD614,
  0xD614, 0xCDF4, 0xD5F4, 0xD5F4, 0xCDF4, 0xD614, 0xD615, 0xCDF4, 0xD635, 0xD615, 0xD615, 0xD614,
  0xD5F4, 0xD614, 0xD615, 0xD615, 0xD5F4, 0xD615, 0xD615, 0xD5F4, 0xD5F4, 0xD614, 0xD614, 0xD5F4,
  0xD5F4, 0xCDF4, 0xD5F4, 0xD615, 0xD5F4, 0xCDF4, 0xD5F4, 0xD615, 0xD615, 0xD614, 0xD615, 0xD615,
  0xD615, 0xD615, 0xD635, 0xD635, 0xD635, 0xD615, 0xD615, 0xD5F4, 0xD5F4, 0xCDF4, 0xCDF4, 0xCDD4,
  0xCDF4, 0xD615, 0xD615, 0xD635, 0xD635, 0xD615, 0xD615, 0xD615, 0xD615, 0xD615, 0xD615, 0xD5F4,
  0xD615, 0xD615, 0xCDF4, 0xCDF4, 0xD5D4, 0x63AB, 0x5D4C, 0x5CAC, 0x21E5, 0x1944, 0x1984, 0x1904,
  0x18E4, 0x1123, 0x54AB, 0x542B, 0x3306, 0x19C4, 0x0000, 0x0021, 0x0020, 0x0020, 0x0021, 0x0020,
  0x0021, 0x0021, 0x0021, 0x0021, 0x0021, 0x0020, 0x0021, 0x0021, 0x0020, 0x0020, 0x0020, 0x0021,
  0x0021, 0x0021, 0x0020, 0x0020, 0x0020, 0x0020, 0x0020, 0x0021, 0x0021, 0x0020, 0x0021, 0x0020,
  0x0021, 0x0020, 0x0020, 0x0021, 0x0020, 0x0020, 0x0021, 0x0020, 0x0020, 0x0020, 0x0021, 0x0021,
  0x0021, 0x0021, 0x0020, 0x0021, 0x0020, 0x0020, 0x0020, 0x0020, 0x0020, 0x0020, 0x0021, 0x0020,
  0x0021, 0x0021, 0x0021, 0x0021, 0x0021, 0x0021, 0x0021, 0x0020, 0x0041, 0x0000, 0x21C4, 0x6DCE,
  0x64CD, 0x19E4, 0x10C3, 0x1123, 0x10E3, 0x20E3, 0x41E6, 0x18E4, 0x31A6, 0x2965, 0x2966, 0x62EA,
  0xD5F4, 0xCDF4, 0xCDF4, 0xD5F4, 0xD5F4, 0xCDF4, 0xD5F4, 0xD614, 0xD615, 0xD614, 0xD615, 0xD615,
  0xD635, 0xD615, 0xD615, 0xD615, 0xD615, 0xD5F4, 0xD5F4, 0xD615, 0xD615, 0xD614, 0xD615, 0xD615,
  0xD5F4, 0xD5F4, 0xCDF4, 0xCDF4, 0xD5F4, 0xD5F4, 0xD614, 0xD5F4, 0xCDF4, 0xCDF4, 0xD5F4, 0xD5F4,
  0xD5F4, 0xD615, 0xD615, 0xD615, 0xD5F4, 0xCDF4, 0xD615, 0xD615, 0xD615, 0xD615, 0xD615, 0xD614,
  0xD614, 0xCDF4, 0xD5F4, 0xCDF4, 0xD615, 0xD615, 0xD5F4, 0xD615, 0xD615, 0xD5F4, 0xD5F5, 0xD615,
  0xD615, 0xD615, 0xD615, 0xD615, 0xCDF4, 0xCDF4, 0xCDD4, 0xDE56, 0x8C2E, 0x54AB, 0x6D6E, 0x32C7,
  0x10E3, 0x1963, 0x1123, 0x2104, 0x10A2, 0x3327, 0x5CCC, 0x3307, 0x2265, 0x0020, 0x0020, 0x0020,
  0x0020, 0x0020, 0x0020, 0x0020, 0x0021, 0x0021, 0x0020, 0x0021, 0x0020, 0x0020, 0x0020, 0x0020,
  0x0021, 0x0021, 0x0021, 0x0021, 0x0021, 0x0021, 0x0021, 0x0020, 0x0020, 0x0020, 0x0020, 0x0021,
  0x0020, 0x0020, 0x0021, 0x0021, 0x0021, 0x0020, 0x0020, 0x0020, 0x0021, 0x0021, 0x0021, 0x0020,
  0x0021, 0x0020, 0x0021, 0x0020, 0x0021, 0x0021, 0x0021, 0x0020, 0x0020, 0x0021, 0x0020, 0x0021,
  0x0021, 0x0021, 0x0021, 0x0021, 0x0020, 0x0021, 0x0021, 0x0020, 0x0021, 0x0020, 0x0021, 0x0021,
  0x0000, 0x08A2, 0x650C, 0x6D4E, 0x2A86, 0x10E3, 0x18E4, 0x1924, 0x10E2, 0x4A06, 0x2124, 0x2185,
  0x32A7, 0x2145, 0x4A28, 0xBD72, 0xD614, 0xCDF4, 0xCDF4, 0xD5F4, 0xD615, 0xCDF4, 0xCDD4, 0xD5F4,
  0xD5F4, 0xD5F4, 0xD614, 0xD5F4, 0xD615, 0xD614, 0xD614, 0xD5F4, 0xD615, 0xD615, 0xD5F4, 0xD615,
  0xD635, 0xD615, 0xD5F4, 0xD615, 0xCDF4, 0xD615, 0xD615, 0xCDF4, 0xCDF4, 0xD615, 0xD5F4, 0xD614,
  0xD5F4, 0xD5F4, 0xD615, 0xD5F4, 0xD614, 0xD615, 0xD614, 0xD5F4, 0xCDF4, 0xD5F4, 0xD615, 0xD5F4,
  0xD5F4, 0xD5F4, 0xD615, 0xD615, 0xD615, 0xD5F4, 0xCDF4, 0xD5F4, 0xCDF4, 0xCDD4, 0xCDD4, 0xD5F5,
  0xD615, 0xD614, 0xD615, 0xD615, 0xD5F4, 0xD615, 0xD615, 0xD615, 0xD615, 0xCDF4, 0xDE35, 0xB4F1,
  0x542A, 0x6DAE, 0x4369, 0x1123, 0x18E4, 0x1103, 0x1943, 0x18C3, 0x2A45, 0x548B, 0x3B48, 0x2AE6,
  0x08A1, 0x0000, 0x0021, 0x0020, 0x0021, 0x0020, 0x0020, 0x0021, 0x0020, 0x0020, 0x0021, 0x0020,
  0x0021, 0x0020, 0x0020, 0x0021, 0x0021, 0x0020, 0x0020, 0x0021, 0x0021, 0x0021, 0x0020, 0x0020,
  0x0020, 0x0020, 0x0020, 0x0021, 0x0021, 0x0021, 0x0021, 0x0021, 0x0021, 0x0021, 0x0021, 0x0020,
  0x0021, 0x0021, 0x0020, 0x0021, 0x0020, 0x0020, 0x0020, 0x0021, 0x0021, 0x0021, 0x0020, 0x0021,
  0x0021, 0x0021, 0x0020, 0x0021, 0x0020, 0x0021, 0x0021, 0x0020, 0x0021, 0x0021, 0x0020, 0x0021,
  0x0021, 0x0020, 0x0021, 0x0021, 0x0000, 0x4C0A, 0x75CF, 0x4368, 0x1102, 0x18E3, 0x1904, 0x10A2,
  0x3985, 0x3165, 0x2124, 0x2965, 0x2145, 0x3186, 0x942E, 0xDE35, 0xCDF4, 0xD5F4, 0xCDF4, 0xCDF4,
  0xD5F4, 0xD5F4, 0xCDF4, 0xCDF4, 0xCDF4, 0xD5F4, 0xD614, 0xD5F4, 0xD5F4, 0xD5F4, 0xD615, 0xD615,
  0xD5F4, 0xCDF4, 0xCDF4, 0xD615, 0xD615, 0xD615, 0xD5F4, 0xD5F4, 0xD614, 0xD615, 0xD615, 0xD5F4,
  0xD615, 0xD614, 0xD615, 0xD615, 0xD615, 0xD615, 0xD5F4, 0xCDF4, 0xCDF4, 0xD615, 0xD614, 0xD614,
  0xCDF4, 0xD5F4, 0xCDF4, 0xD5F4, 0xD615, 0xD5F4, 0xD615, 0xD615, 0xCDF4, 0xD615, 0xCDF4, 0xCDF4,
  0xCDF4, 0xCDD4, 0xCDD4, 0xCDD4, 0xD5F4, 0xD615, 0xD615, 0xD5F4, 0xD615, 0xD615, 0xD5F4, 0xD615,
  0xCDF4, 0xD615, 0xCDB4, 0x5BAA, 0x65AE, 0x5C6C, 0x19A4, 0x18C3, 0x1904, 0x1924, 0x1103, 0x1943,
  0x54CC, 0x4BEA, 0x2B06, 0x1143, 0x0000, 0x0021, 0x0020, 0x0020, 0x0020, 0x0020, 0x0020, 0x0020,
  0x0021, 0x0021, 0x0021, 0x0021, 0x0021, 0x0020, 0x0021, 0x0020, 0x0021, 0x0020, 0x0021, 0x0021,
  0x0020, 0x0021, 0x0020, 0x0020, 0x0020, 0x0020, 0x0021, 0x0021, 0x0021, 0x0020, 0x0021, 0x0020,
  0x0020, 0x0021, 0x0020, 0x0020, 0x0021, 0x0021, 0x0020, 0x0020, 0x0021, 0x0020, 0x0021, 0x0021,
  0x0021, 0x0021, 0x0021, 0x0021, 0x0021, 0x0021, 0x0021, 0x0021, 0x0020, 0x0021, 0x0020, 0x0020,
  0x0020, 0x0020, 0x0021, 0x0021, 0x0020, 0x0020, 0x0041, 0x0000, 0x32A6, 0x6DEF, 0x542B, 0x1983,
  0x18C3, 0x1904, 0x10C3, 0x2944, 0x39A5, 0x1904, 0x2966, 0x2965, 0x2966, 0x7B8C, 0xD614, 0xCDD4,
  0xD5F4, 0xD5F4, 0xD614, 0xD5F4, 0xD5F4, 0xD615, 0xD5F4, 0xD5F4, 0xD5F4, 0xCDF4, 0xD5F4, 0xCDF4,
  0xCDF4, 0xD5F4, 0xD614, 0xD615, 0xD5F4, 0xCDF4, 0xD615, 0xD615, 0xD615, 0xCDF4, 0xCDF4, 0xD615,
  0xD615, 0xD614, 0xD5F4, 0xCDD4, 0xCDF4, 0xCDF4, 0xD5F4, 0xD614, 0xD614, 0xD5F4, 0xCDF4, 0xCDD4,
  0xCDF4, 0xCDF4, 0xCDF4, 0xCDF4, 0xCDF4, 0xCDF4, 0xCDF4, 0xD5F4, 0xCDF4, 0xD5F4, 0xD5F4, 0xD5F4,
  0xD5F4, 0xD5F4, 0xCDF4, 0xCDF4, 0xCDF4, 0xD615, 0xD5F4, 0xCDD4, 0xD614, 0xD615, 0xD614, 0xCDF4,
  0xD615, 0xD635, 0xD5F5, 0xCDF4, 0xCDF4, 0xDE36, 0x7C0D, 0x5D0C, 0x6D0D, 0x2245, 0x10C3, 0x1904,
  0x18E4, 0x1924, 0x10E2, 0x43C9, 0x5C8C, 0x3307, 0x1A04, 0x0000, 0x0021, 0x0020, 0x0021, 0x0020,
  0x0020, 0x0020, 0x0021, 0x0020, 0x0021, 0x0021, 0x0020, 0x0021, 0x0020, 0x0021, 0x0021, 0x0020,
  0x0020, 0x0021, 0x0021, 0x0021, 0x0021, 0x0021, 0x0020, 0x0020, 0x0020, 0x0020, 0x0020, 0x0020,
  0x0020, 0x0020, 0x0021, 0x0021, 0x0021, 0x0020, 0x0020, 0x0021, 0x0020, 0x0021, 0x0021, 0x0020,
  0x0021, 0x0020, 0x0021, 0x0021, 0x0021, 0x0021, 0x0021, 0x0020, 0x0021, 0x0021, 0x0021, 0x0021,
  0x0021, 0x0020, 0x0021, 0x0021, 0x0021, 0x0020, 0x0021, 0x0020, 0x0020, 0x0041, 0x0000, 0x1943,
  0x6D6D, 0x64ED, 0x2205, 0x10C3, 0x1904, 0x18E4, 0x18E3, 0x49E6, 0x2104, 0x2965, 0x2965, 0x2986,
  0x5ACA, 0xCDD3, 0xCDF4, 0xD5F5, 0xD614, 0xD5F4, 0xD615, 0xD615, 0xD5F5, 0xD615, 0xD5F4, 0xD5F4,
  0xD615, 0xD5F4, 0xD5F4, 0xCDF4, 0xCDF4, 0xD614, 0xD5F4, 0xCDF4, 0xCDF4, 0xD615, 0xD615, 0xD615,
  0xD615, 0xD615, 0xD615, 0xD615, 0xD615, 0xD615, 0xD615, 0xCDF4, 0xCDF4, 0xCDF4, 0xD5F4, 0xD5F4,
  0xCDF4, 0xD5F4, 0xCDF4, 0xCDF4, 0xD5F4, 0xD5F4, 0xD615, 0xD614, 0xD5F4, 0xD5F5, 0xD5F4, 0xD614,
  0xCDF4, 0xCDF4, 0xCDF4, 0xD615, 0xD5F4, 0xD5F4, 0xD5F4, 0xD5F4, 0xD615, 0xD615, 0xD615, 0xD5F4,
  0xD614, 0xD5F4, 0xD5F4, 0xD615, 0xD615, 0xD615, 0xD615, 0xD5F5, 0xDE55, 0x9C6F, 0x548B, 0x75CF,
  0x3B28, 0x10E3, 0x18E4, 0x18E4, 0x1904, 0x10A3, 0x3306, 0x650D, 0x3308, 0x2AA6, 0x0041, 0x0020,
  0x0021, 0x0020, 0x0021, 0x0021, 0x0020, 0x0020, 0x0021, 0x0021, 0x0020, 0x0021, 0x0020, 0x0020,
  0x0021, 0x0020, 0x0021, 0x0020, 0x0021, 0x0021, 0x0020, 0x0021, 0x0020, 0x0021, 0x0020, 0x0020,
  0x0020, 0x0020, 0x0020, 0x0020, 0x0020, 0x0021, 0x0021, 0x0020, 0x0020, 0x0020, 0x0020, 0x0021,
  0x0020, 0x0021, 0x0020, 0x0020, 0x0021, 0x0020, 0x0021, 0x0021, 0x0021, 0x0021, 0x0021, 0x0021,
  0x0021, 0x0021, 0x0020, 0x0021, 0x0020, 0x0020, 0x0020, 0x0020, 0x0021, 0x0020, 0x0021, 0x0020,
  0x0021, 0x0020, 0x0861, 0x3B68, 0x5C4B, 0x3307, 0x10E3, 0x18E4, 0x1904, 0x10A3, 0x41E6, 0x2944,
  0x2145, 0x2965, 0x2145, 0x4207, 0xBD52, 0xD615, 0xCDD4, 0xD5F4, 0xD615, 0xD615, 0xD5F4, 0xD5F4,
  0xD5F4, 0xD615, 0xD615, 0xD615, 0xD615, 0xD615, 0xD615, 0xD5F4, 0xD5F4, 0xD615, 0xD5F4, 0xCDF4,
  0xCDD4, 0xCDF4, 0xD5F4, 0xD5F4, 0xCDF4, 0xD614, 0xD615, 0xD615, 0xD5F5, 0xD5F4, 0xD615, 0xD614,
  0xCDF4, 0xCDF4, 0xD615, 0xCDF4, 0xCDF4, 0xCDF4, 0xD615, 0xD614, 0xD615, 0xD614, 0xD615, 0xD614,
  0xD5F4, 0xD5F4, 0xCDF4, 0xD5F4, 0xCDF4, 0xCDF4, 0xCDF4, 0xCDF4, 0xCDF4, 0xCDF4, 0xCDF4, 0xCDF4,
  0xD615, 0xD615, 0xD5F4, 0xCDF4, 0xD614, 0xD5F4, 0xCDF4, 0xCDF4, 0xD615, 0xD5F4, 0xCDF4, 0xDE55,
  0xC593, 0x53CA, 0x658D, 0x4BEA, 0x1963, 0x18C4, 0x18E4, 0x1904, 0x18A3, 0x1963, 0x54AB, 0x43A9,
  0x2B07, 0x10E2, 0x0000, 0x0021, 0x0021, 0x0020, 0x0021, 0x0021, 0x0021, 0x0020, 0x0021, 0x0020,
  0x0021, 0x0021, 0x0020, 0x0021, 0x0021, 0x0020, 0x0020, 0x0021, 0x0021, 0x0021, 0x0021, 0x0021,
  0x0021, 0x0021, 0x0021, 0x0020, 0x0020, 0x0020, 0x0020, 0x0021, 0x0020, 0x0020, 0x0020, 0x0021,
  0x0020, 0x0021, 0x0021, 0x0021, 0x0021, 0x0020, 0x0020, 0x0021, 0x0021, 0x0021, 0x0020, 0x0021,
  0x0020, 0x0021, 0x0021, 0x0020, 0x0021, 0x0020, 0x0020, 0x0021, 0x0020, 0x0020, 0x0020, 0x0020,
  0x0021, 0x0021, 0x0020, 0x0021, 0x0021, 0x0000, 0x3B68, 0x654D, 0x3B07, 0x08E2, 0x18E4, 0x1904,
  0x10C3, 0x39A5, 0x3185, 0x2104, 0x2966, 0x2965, 0x31A7, 0x944F, 0xDE35, 0xCDF4, 0xCDD4, 0xD615,
  0xD615, 0xD615, 0xD615, 0xD5F4, 0xCDF4, 0xD614, 0xD615, 0xD5F4, 0xD5F4, 0xD615, 0xD615, 0xD614,
  0xD615, 0xD615, 0xD615, 0xD615, 0xD5F5, 0xCDF4, 0xCDF4, 0xD5F4, 0xD5F4, 0xD5F4, 0xD615, 0xD615,
  0xCDF4, 0xD615, 0xD615, 0xCDF4, 0xD5F4, 0xD615, 0xD615, 0xCDF4, 0xCDF4, 0xD615, 0xD5F4, 0xD5F4,
  0xD614, 0xD5F4, 0xD5F4, 0xD5F4, 0xD5F4, 0xD5F4, 0xD5F4, 0xD5F4, 0xD615, 0xD5F4, 0xCDF4, 0xCDF4,
  0xD5F4, 0xCDF4, 0xD615, 0xD615, 0xD5F4, 0xD5F4, 0xD615, 0xD5F4, 0xD615, 0xD615, 0xD615, 0xD5F4,
  0xD5F4, 0xD5F5, 0xD614, 0xD5D4, 0x5B6A, 0x5D0C, 0x5CCC, 0x19E4, 0x18C3, 0x18E4, 0x18E4, 0x18E4,
  0x1103, 0x4C4A, 0x4BEA, 0x2AE6, 0x19A4, 0x0000, 0x0021, 0x0020, 0x0020, 0x0020, 0x0021, 0x0021,
  0x0020, 0x0020, 0x0020, 0x0021, 0x0021, 0x0021, 0x0020, 0x0020, 0x0021, 0x0021, 0x0021, 0x0021,
  0x0021, 0x0020, 0x0021, 0x0020, 0x0021, 0x0021, 0x0020, 0x0020, 0x0020, 0x0020, 0x0020, 0x0020,
  0x0020, 0x0020, 0x0020, 0x0020, 0x0021, 0x0020, 0x0021, 0x0021, 0x0020, 0x0021, 0x0020, 0x0021,
  0x0021, 0x0021, 0x0020, 0x0021, 0x0021, 0x0020, 0x0020, 0x0021, 0x0021, 0x0021, 0x0020, 0x0021,
  0x0020, 0x0021, 0x0021, 0x0020, 0x0021, 0x0021, 0x0020, 0x0041, 0x0000, 0x2A26, 0x6DCE, 0x544B,
  0x19E4, 0x18C3, 0x1904, 0x18E3, 0x2944, 0x41E6, 0x2124, 0x2986, 0x2945, 0x2965, 0x6B2B, 0xD635,
  0xCDF4, 0xD5F4, 0xCDD4, 0xD5F4, 0xD635, 0xD615, 0xD5F4, 0xCDF4, 0xD5F4, 0xD614, 0xD615, 0xD614,
  0xD615, 0xD615, 0xD615, 0xD5F4, 0xD5F4, 0xD5F4, 0xCDF4, 0xD5F4, 0xD615, 0xD5F5, 0xCDF4, 0xD5F4,
  0xD615, 0xD615, 0xD5F4, 0xD615, 0xD615, 0xD615, 0xD615, 0xD615, 0xD615, 0xD615, 0xD5F4, 0xCDF4,
  0xCDF4, 0xD5F4, 0xCDF4, 0xCDF4, 0xD615, 0xD615, 0xD615, 0xD615, 0xCDF4, 0xD5F5, 0xD615, 0xD615,
  0xCDF4, 0xCDF4, 0xD615, 0xD615, 0xD615, 0xD615, 0xD5F4, 0xD615, 0xD615, 0xD615, 0xD614, 0xD5F4,
  0xCDF4, 0xCDF4, 0xD5F4, 0xD615, 0xD615, 0xCDF4, 0xDE56, 0x842D, 0x3347, 0x540A, 0x2AA6, 0x10E3,
  0x18E4, 0x18E4, 0x1904, 0x10A2, 0x3B88, 0x64ED, 0x3327, 0x2245, 0x0000, 0x0020, 0x0021, 0x0020,
  0x0021, 0x0021, 0x0021, 0x0020, 0x0020, 0x0021, 0x0021, 0x0021, 0x0020, 0x0021, 0x0020, 0x0021,
  0x0020, 0x0021, 0x0021, 0x0021, 0x0021, 0x0021, 0x0020, 0x0021, 0x0021, 0x0021, 0x0021, 0x0020,
  0x0020, 0x0020, 0x0020, 0x0020, 0x0020, 0x0021, 0x0020, 0x0020, 0x0021, 0x0020, 0x0020, 0x0020,
  0x0021, 0x0020, 0x0021, 0x0020, 0x0020, 0x0021, 0x0021, 0x0021, 0x0021, 0x0020, 0x0021, 0x0021,
  0x0020, 0x0020, 0x0020, 0x0021, 0x0020, 0x0020, 0x0020, 0x0021, 0x0020, 0x0020, 0x0041, 0x0000,
  0x1102, 0x656D, 0x6D2D, 0x2A45, 0x1102, 0x1924, 0x1904, 0x18E3, 0x4A27, 0x2104, 0x29A5, 0x2A66,
  0x2125, 0x5289, 0xC5B3, 0xCDF4, 0xCDF4, 0xCDD4, 0xCDD4, 0xCDF4, 0xD5F5, 0xD615, 0xD5F4, 0xD5F4,
  0xD5F4, 0xD614, 0xD615, 0xD5F4, 0xD615, 0xD614, 0xD615, 0xD615, 0xD615, 0xD614, 0xD615, 0xD615,
  0xD615, 0xD614, 0xD614, 0xD5F4, 0xD5F4, 0xD615, 0xCDF4, 0xD5F4, 0xD615, 0xD615, 0xD614, 0xD615,
  0xD615, 0xD5F4, 0xCDF4, 0xCDF4, 0xD615, 0xD615, 0xD615, 0xCDF4, 0xD614, 0xD615, 0xD615, 0xD615,
  0xCDF4, 0xD615, 0xD615, 0xD615, 0xD615, 0xD5F4, 0xD5F4, 0xD615, 0xD615, 0xD615, 0xCDF4, 0xCDD4,
  0xCDF4, 0xD614, 0xD614, 0xCDF4, 0xCDF4, 0xCDF4, 0xD615, 0xD615, 0xCDF4, 0xDE56, 0xACF1, 0x4BEA,
  0x654D, 0x32C6, 0x08C2, 0x18E4, 0x18E4, 0x1904, 0x10A3, 0x2A65, 0x5D0D, 0x3B48, 0x2AE6, 0x0881,
  0x0000, 0x0021, 0x0020, 0x0020, 0x0021, 0x0021, 0x0021, 0x0020, 0x0020, 0x0020, 0x0020, 0x0020,
  0x0020, 0x0021, 0x0020, 0x0020, 0x0021, 0x0020, 0x0021, 0x0021, 0x0021, 0x0021, 0x0020, 0x0021,
  0x0021, 0x0021, 0x0020, 0x0020, 0x0020, 0x0020, 0x0020, 0x0021, 0x0020, 0x0020, 0x0020, 0x0020,
  0x0020, 0x0020, 0x0020, 0x0021, 0x0020, 0x0020, 0x0021, 0x0021, 0x0020, 0x0021, 0x0021, 0x0021,
  0x0020, 0x0020, 0x0020, 0x0021, 0x0020, 0x0020, 0x0021, 0x0020, 0x0021, 0x0020, 0x0020, 0x0020,
  0x0020, 0x0021, 0x0020, 0x0040, 0x546B, 0x75AF, 0x3B07, 0x1103, 0x1984, 0x1904, 0x10C3, 0x4A06,
  0x2944, 0x2145, 0x2965, 0x2145, 0x39E7, 0xB511, 0xD635, 0xCDF4, 0xCDF4, 0xD5F4, 0xCDF4, 0xD5F4,
  0xD5F4, 0xD5F4, 0xD615, 0xD615, 0xD5F4, 0xCDF4, 0xCDD4, 0xCDD4, 0xCDD4, 0xCDD4, 0xD5F4, 0xD615,
  0xD615, 0xD635, 0xD615, 0xD615, 0xD615, 0xD614, 0xD615, 0xD5F4, 0xD5F4, 0xD5F4, 0xD5F4, 0xD5F4,
  0xD5F4, 0xD5F4, 0xCDF4, 0xCDF4, 0xD615, 0xD5F4, 0xD5F4, 0xD5F4, 0xD5F4, 0xD615, 0xD615, 0xD615,
  0xD615, 0xD615, 0xD5F4, 0xCDF4, 0xD5F4, 0xCDD4, 0xCDD4, 0xD615, 0xD615, 0xD614, 0xD614, 0xD615,
  0xCDF4, 0xCDF4, 0xCDD4, 0xCDD4, 0xCDF4, 0xD5F4, 0xD614, 0xCDD4, 0xD5F4, 0xD615, 0xD5F4, 0xD615,
  0xD635, 0xC593, 0x53AA, 0x658E, 0x542A, 0x19C3, 0x18E3, 0x18E4, 0x1904, 0x18C4, 0x1943, 0x54CB,
  0x4BCA, 0x2AE6, 0x1143, 0x0000, 0x0021, 0x0021, 0x0020, 0x0021, 0x0021, 0x0021, 0x0021, 0x0021,
  0x0021, 0x0020, 0x0020, 0x0021, 0x0020, 0x0020, 0x0020, 0x0020, 0x0021, 0x0021, 0x0021, 0x0021,
  0x0021, 0x0021, 0x0021, 0x0020, 0x0021, 0x0021, 0x0020, 0x0020, 0x0020, 0x0020, 0x0020, 0x0021,
  0x0021, 0x0020, 0x0021, 0x0021, 0x0020, 0x0020, 0x0020, 0x0020, 0x0020, 0x0021, 0x0021, 0x0021,
  0x0020, 0x0021, 0x0020, 0x0021, 0x0020, 0x0021, 0x0020, 0x0020, 0x0021, 0x0020, 0x0020, 0x0020,
  0x0021, 0x0021, 0x0020, 0x0020, 0x0021, 0x0041, 0x0000, 0x3B28, 0x75EF, 0x540B, 0x1963, 0x18C4,
  0x1923, 0x10E3, 0x3985, 0x39A5, 0x1904, 0x2986, 0x2965, 0x3186, 0x942E, 0xDE55, 0xCDF4, 0xD5F4,
  0xD5F4, 0xD615, 0xD615, 0xD5F5, 0xD615, 0xD5F4, 0xCDF4, 0xD614, 0xD5F4, 0xD5F4, 0xD5F4, 0xD5F5,
  0xCDF4, 0xCDF4, 0xD615, 0xD615, 0xD615, 0xD615, 0xD615, 0xD5F4, 0xCDF4, 0xCDF4, 0xD5F4, 0xD5F4,
  0xD615, 0xD5F4, 0xD5F4, 0xD5F4, 0xCDF4, 0xD614, 0xD5F4, 0xCDF4, 0xD615, 0xD635, 0xD615, 0xD5F4,
  0xCDF4, 0xD615, 0xD614, 0xD615, 0xD615, 0xCDF4, 0xCDF4, 0xCDF4, 0xD5F4, 0xCDD4, 0xCDF4, 0xD615,
  0xD615, 0xD615, 0xD615, 0xCDF4, 0xCDF4, 0xCDF4, 0xCDF4, 0xD5F4, 0xD615, 0xD615, 0xD615, 0xD5F4,
  0xD615, 0xD615, 0xD5F4, 0xCDF4, 0xD615, 0x73CC, 0x5D0C, 0x64ED, 0x2A25, 0x1123, 0x1944, 0x18E4,
  0x18E4, 0x10C2, 0x3347, 0x542B, 0x3327, 0x1A04, 0x0000, 0x0021, 0x0020, 0x0020, 0x0021, 0x0021,
  0x0021, 0x0021, 0x0021, 0x0021, 0x0021, 0x0021, 0x0020, 0x0020, 0x0021, 0x0020, 0x0021, 0x0021,
  0x0021, 0x0021, 0x0021, 0x0021, 0x0021, 0x0020, 0x0021, 0x0021, 0x0021, 0x0021, 0x0020, 0x0020,
  0x0020, 0x0020, 0x0020, 0x0021, 0x0021, 0x0020, 0x0020, 0x0020, 0x0021, 0x0020, 0x0021, 0x0021,
  0x0021, 0x0021, 0x0021, 0x0021, 0x0021, 0x0021, 0x0021, 0x0021, 0x0020, 0x0021, 0x0021, 0x0021,
  0x0021, 0x0021, 0x0020, 0x0021, 0x0020, 0x0020, 0x0020, 0x0020, 0x0041, 0x0000, 0x21C4, 0x75CF,
  0x64AC, 0x2204, 0x18E3, 0x2104, 0x10E2, 0x2123, 0x41E6, 0x1904, 0x2966, 0x2965, 0x2965, 0x6B4B,
  0xD635, 0xCDD4, 0xCDF4, 0xCDF4, 0xCDD4, 0xD5F4, 0xD615, 0xCDF4, 0xCDF4, 0xD5F4, 0xCDF4, 0xD5F4,
  0xD615, 0xD5F4, 0xCDF4, 0xD5F4, 0xCDF4, 0xD5F5, 0xCDF4, 0xD614, 0xD635, 0xD615, 0xD615, 0xD5F4,
  0xCDF4, 0xD5F4, 0xD5F4, 0xD615, 0xCDF4, 0xCDF4, 0xD615, 0xCDF4, 0xCDF4, 0xD5F4, 0xD615, 0xD615,
  0xD5F4, 0xD615, 0xD615, 0xD5F4, 0xCDF4, 0xD5F4, 0xD614, 0xD5F4, 0xCDF4, 0xCDF4, 0xCDF4, 0xCDF4,
  0xCDF4, 0xCDD4, 0xCDF4, 0xD5F4, 0xD615, 0xD615, 0xD615, 0xD615, 0xCDF4, 0xCDF4, 0xD615, 0xD615,
  0xD614, 0xD615, 0xD615, 0xD615, 0xD615, 0xCDF4, 0xCDD4, 0xDE35, 0x944E, 0x54AB, 0x758F, 0x32E7,
  0x10E2, 0x19A4, 0x1923, 0x2104, 0x1082, 0x3327, 0x5CEC, 0x3327, 0x2AC6, 0x0041, 0x0020, 0x0021,
  0x0021, 0x0020, 0x0021, 0x0021, 0x0021, 0x0021, 0x0021, 0x0021, 0x0021, 0x0021, 0x0021, 0x0020,
  0x0020, 0x0021, 0x0021, 0x0021, 0x0021, 0x0020, 0x0021, 0x0020, 0x0021, 0x0020, 0x0021, 0x0021,
  0x0021, 0x0021, 0x0020, 0x0020, 0x0020, 0x0020, 0x0020, 0x0020, 0x0021, 0x0021, 0x0021, 0x0020,
  0x0020, 0x0020, 0x0020, 0x0020, 0x0020, 0x0021, 0x0021, 0x0020, 0x0021, 0x0021, 0x0020, 0x0021,
  0x0021, 0x0021, 0x0021, 0x0021, 0x0020, 0x0020, 0x0020, 0x0020, 0x0020, 0x0020, 0x0021, 0x0021,
  0x0000, 0x10C2, 0x652D, 0x6D6E, 0x2A86, 0x10C3, 0x1904, 0x1904, 0x10C3, 0x41E6, 0x2104, 0x2965,
  0x2965, 0x2965, 0x5289, 0xC5B3, 0xD615, 0xCDF4, 0xCDF4, 0xCDF4, 0xCDF4, 0xCDF4, 0xD5F4, 0xD615,
  0xD615, 0xD614, 0xD615, 0xCDF4, 0xD615, 0xD614, 0xCDF4, 0xCDF4, 0xCDF4, 0xCDF4, 0xCDF4, 0xCDF4,
  0xD615, 0xD615, 0xD615, 0xD615, 0xD615, 0xD614, 0xD615, 0xCDF4, 0xCDD4, 0xD5F5, 0xCDF4, 0xD5F4,
  0xD614, 0xCDF4, 0xD5F5, 0xD5F4, 0xD5F4, 0xD5F4, 0xD615, 0xD615, 0xCDF4, 0xD5F4, 0xD615, 0xD5F4,
  0xCDF4, 0xD5F4, 0xD5F4, 0xCDF4, 0xCDF4, 0xD5F4, 0xCDF4, 0xD5F4, 0xD5F4, 0xCDF4, 0xD615, 0xD615,
  0xD614, 0xD615, 0xD615, 0xD615, 0xCDF4, 0xD615, 0xD615, 0xD615, 0xD615, 0xCDF4, 0xD615, 0xB532,
  0x4BCA, 0x6DAE, 0x4BEA, 0x1143, 0x10A3, 0x1143, 0x1964, 0x18C3, 0x2225, 0x652C, 0x4369, 0x2AE6,
  0x08E2, 0x0000, 0x0021, 0x0020, 0x0021, 0x0021, 0x0021, 0x0021, 0x0021, 0x0021, 0x0021, 0x0020,
  0x0021, 0x0021, 0x0021, 0x0021, 0x0020, 0x0021, 0x0021, 0x0020, 0x0021, 0x0020, 0x0021, 0x0021,
  0x0021, 0x0021, 0x0020, 0x0020, 0x0021, 0x0021, 0x0020, 0x0020, 0x0020, 0x0020, 0x0020, 0x0021,
  0x0020, 0x0020, 0x0021, 0x0020, 0x0020, 0x0020, 0x0021, 0x0020, 0x0021, 0x0021, 0x0021, 0x0020,
  0x0021, 0x0021, 0x0020, 0x0020, 0x0020, 0x0020, 0x0020, 0x0021, 0x0020, 0x0020, 0x0020, 0x0021,
  0x0020, 0x0021, 0x0021, 0x0021, 0x0020, 0x542A, 0x75CF, 0x4348, 0x1103, 0x18E4, 0x1904, 0x10C3,
  0x41E6, 0x2924, 0x2104, 0x2986, 0x2965, 0x39C7, 0xAD11, 0xDE35, 0xCDF4, 0xD614, 0xCDF4, 0xCDF4,
  0xD5F4, 0xCDF4, 0xD5F4, 0xD615, 0xD615, 0xD5F4, 0xCDF4, 0xCDF4, 0xD614, 0xD615, 0xD5F4, 0xD5F4,
  0xD615, 0xD615, 0xD615, 0xD615, 0xCDF4, 0xD5F4, 0xCDF4, 0xCDF4, 0xD5F4, 0xD614, 0xD5F4, 0xCDD4,
  0xCDD4, 0xD614, 0xD5F4, 0xD5F4, 0xD615, 0xD615, 0xD615, 0xD5F4, 0xD5F4, 0xD614, 0xD615, 0xD5F4,
  0xD5F4, 0xD615, 0xD615, 0xD5F4, 0xCDF4, 0xD5F4, 0xCDF4, 0xCDF4, 0xCDF4, 0xD5F4, 0xCDF4, 0xD5F4,
  0xD5F4, 0xCDF4, 0xCDF4, 0xD5F4, 0xD5F4, 0xCDF4, 0xCDF4, 0xD5F4, 0xD615, 0xD5F4, 0xD615, 0xD615,
  0xCDD4, 0xD615, 0xCDB3, 0x5BAA, 0x658D, 0x5C8C, 0x19C4, 0x18C3, 0x18E4, 0x1923, 0x1903, 0x1943,
  0x54AB, 0x4BEA, 0x2AE6, 0x19A4, 0x0000, 0x0021, 0x0020, 0x0020, 0x0021, 0x0021, 0x0020, 0x0020,
  0x0021, 0x0021, 0x0021, 0x0021, 0x0021, 0x0020, 0x0021, 0x0021, 0x0021, 0x0021, 0x0020, 0x0020,
  0x0021, 0x0021, 0x0021, 0x0021, 0x0020, 0x0020, 0x0021, 0x0021, 0x0021, 0x0021, 0x0020, 0x0020,
  0x0020, 0x0020, 0x0020, 0x0021, 0x0021, 0x0020, 0x0020, 0x0020, 0x0021, 0x0020, 0x0021, 0x0021,
  0x0021, 0x0021, 0x0021, 0x0020, 0x0021, 0x0021, 0x0021, 0x0021, 0x0021, 0x0020, 0x0020, 0x0020,
  0x0021, 0x0020, 0x0020, 0x0021, 0x0020, 0x0020, 0x0041, 0x0000, 0x32C7, 0x75EF, 0x542B, 0x1983,
  0x18C3, 0x1904, 0x10C3, 0x3164, 0x39A5, 0x1924, 0x29E6, 0x2945, 0x2986, 0x8C0E, 0xDE35, 0xCDF4,
  0xD5F4, 0xD5F4, 0xCDF4, 0xD5F4, 0xD614, 0xD615, 0xD615, 0xD615, 0xD615, 0xD615, 0xCDF4, 0xCDF4,
  0xD615, 0xD615, 0xD5F4, 0xD5F4, 0xCDF4, 0xCDF4, 0xD615, 0xD615, 0xD615, 0xD5F4, 0xCDF4, 0xCDF4,
  0xD615, 0xD615, 0xD5F4, 0xCDF4, 0xD5F4, 0xD5F4, 0xD5F4, 0xCDF4, 0xD615, 0xD615, 0xD5F4, 0xD5F4,
  0xD615, 0xD614, 0xD615, 0xD615, 0xD5F4, 0xD5F4, 0xD615, 0xD5F4, 0xCDF4, 0xD5F4, 0xCDF4, 0xD5F4,
  0xD5F4, 0xD5F4, 0xD615, 0xD614, 0xCDF4, 0xD5F4, 0xD614, 0xCDF4, 0xD5F4, 0xCDF4, 0xCDF4, 0xD5F4,
  0xD615, 0xCDF4, 0xCDF4, 0xD615, 0xCDD4, 0xDE36, 0x840D, 0x54EB, 0x6D4E, 0x2A86, 0x10C3, 0x18E4,
  0x18E4, 0x1923, 0x08C2, 0x43C9, 0x5CCC, 0x3307, 0x2265, 0x0020, 0x0021, 0x0020, 0x0020, 0x0021,
  0x0021, 0x0020, 0x0021, 0x0020, 0x0021, 0x0021, 0x0021, 0x0021, 0x0021, 0x0021, 0x0020, 0x0021,
  0x0021, 0x0020, 0x0020, 0x0021, 0x0020, 0x0020, 0x0021, 0x0020, 0x0020, 0x0020, 0x0020, 0x0021,
  0x0021, 0x0021, 0x0020, 0x0020, 0x0020, 0x0020, 0x0020, 0x0020, 0x0020, 0x0020, 0x0020, 0x0020,
  0x0020, 0x0020, 0x0021, 0x0021, 0x0020, 0x0020, 0x0021, 0x0020, 0x0021, 0x0021, 0x0020, 0x0020,
  0x0021, 0x0021, 0x0021, 0x0021, 0x0021, 0x0020, 0x0021, 0x0020, 0x0021, 0x0041, 0x0000, 0x1963,
  0x6D8E, 0x64CD, 0x2205, 0x18C3, 0x1904, 0x18E4, 0x2103, 0x4A06, 0x18E4, 0x29C6, 0x2A25, 0x2145,
  0x6B0B, 0xD615, 0xCDD4, 0xCDF4, 0xD614, 0xD5F4, 0xD5F4, 0xD5F4, 0xCDF4, 0xD5F4, 0xD5F4, 0xD5F4,
  0xCDF4, 0xCDF4, 0xCDF4, 0xCDF4, 0xCDF4, 0xCDF4, 0xD5F4, 0xCDF4, 0xCDD4, 0xCDF4, 0xCDF4, 0xCDF4,
  0xCDF4, 0xD5F4, 0xD5F4, 0xD615, 0xD615, 0xD615, 0xD615, 0xCDF4, 0xD5F4, 0xCDF4, 0xCDF4, 0xCDF4,
  0xCDF4, 0xD5F4, 0xD5F4, 0xCDF4, 0xD615, 0xD615, 0xD614, 0xD615, 0xCDF4, 0xCDF4, 0xD615, 0xD5F4,
  0xD5F4, 0xCDF4, 0xCDF4, 0xCDF4, 0xD5F4, 0xD615, 0xD635, 0xD614, 0xCDF4, 0xD5F4, 0xD5F4, 0xCDF4,
  0xCDF4, 0xD5F4, 0xD5F4, 0xCDF4, 0xD615, 0xD615, 0xD5F4, 0xCDF4, 0xDE55, 0xA4B0, 0x4C2A, 0x6D8E,
  0x3B28, 0x1103, 0x18E4, 0x18E3, 0x1904, 0x10E3, 0x2AC6, 0x650D, 0x3B28, 0x2AC6, 0x0881, 0x0000,
  0x0021, 0x0020, 0x0020, 0x0020, 0x0021, 0x0020, 0x0021, 0x0021, 0x0020, 0x0021, 0x0021, 0x0021,
  0x0021, 0x0020, 0x0020, 0x0021, 0x0020, 0x0021, 0x0021, 0x0021, 0x0021, 0x0021, 0x0021, 0x0020,
  0x0021, 0x0021, 0x0020, 0x0021, 0x0020, 0x0021, 0x0020, 0x0020, 0x0020, 0x0020, 0x0020, 0x0021,
  0x0020, 0x0020, 0x0020, 0x0021, 0x0020, 0x0021, 0x0021, 0x0020, 0x0020, 0x0021, 0x0020, 0x0021,
  0x0021, 0x0021, 0x0020, 0x0020, 0x0020, 0x0020, 0x0021, 0x0020, 0x0021, 0x0021, 0x0020, 0x0020,
  0x0021, 0x0020, 0x0881, 0x5CEC, 0x6D8E, 0x32C7, 0x10E3, 0x1904, 0x1904, 0x18C3, 0x4A06, 0x2124,
  0x2945, 0x2965, 0x2945, 0x4A69, 0xC593, 0xD615, 0xD615, 0xD5F4, 0xCDF4, 0xCDF4, 0xCDF4, 0xCDF4,
  0xCDF4, 0xCDF4, 0xD5F4, 0xCDF4, 0xCDF4, 0xD5F4, 0xCDF4, 0xCDF4, 0xD5F4, 0xD614, 0xD615, 0xD5F4,
  0xD5F4, 0xD615, 0xD5F4, 0xD5F5, 0xD615, 0xD615, 0xCDF4, 0xD5F4, 0xD5F4, 0xD5F4, 0xD614, 0xD615,
  0xD5F4, 0xCDF4, 0xCDF4, 0xCDD4, 0xD615, 0xD5F4, 0xD5F4, 0xD615, 0xD615, 0xD615, 0xD615, 0xD614,
  0xD615, 0xCDF4, 0xD5F4, 0xD614, 0xD614, 0xCDF4, 0xD5F4, 0xD614, 0xCDF4, 0xD615, 0xD615, 0xD5F4,
  0xD5F4, 0xCDF4, 0xCDF4, 0xCDF4, 0xCDF4, 0xD5F4, 0xD615, 0xD5F4, 0xCDF4, 0xCDF4, 0xCDF4, 0xD635,
  0xC573, 0x53CA, 0x6DAE, 0x540A, 0x1963, 0x18C3, 0x1904, 0x18E4, 0x10A3, 0x1984, 0x5CEC, 0x4BA9,
  0x2B06, 0x1123, 0x0000, 0x0021, 0x0020, 0x0021, 0x0021, 0x0021, 0x0020, 0x0020, 0x0021, 0x0021,
  0x0020, 0x0021, 0x0020, 0x0021, 0x0020, 0x0021, 0x0021, 0x0021, 0x0021, 0x0021, 0x0021, 0x0021,
  0x0021, 0x0021, 0x0021, 0x0021, 0x0020, 0x0020, 0x0021, 0x0020, 0x0020, 0x0021, 0x0020, 0x0020,
  0x0020, 0x0020, 0x0020, 0x0020, 0x0021, 0x0020, 0x0020, 0x0021, 0x0021, 0x0021, 0x0020, 0x0021,
  0x0020, 0x0021, 0x0020, 0x0020, 0x0021, 0x0020, 0x0020, 0x0020, 0x0020, 0x0020, 0x0020, 0x0020,
  0x0021, 0x0020, 0x0021, 0x0021, 0x0021, 0x0000, 0x43A9, 0x75CF, 0x4369, 0x1123, 0x18E4, 0x2124,
  0x10C3, 0x41C5, 0x3165, 0x2145, 0x2966, 0x2965, 0x31C7, 0xA4D0, 0xDE55, 0xD615, 0xD615, 0xD5F4,
  0xD5F4, 0xCDF4, 0xCDF4, 0xCDF4, 0xCDF4, 0xD5F4, 0xCDF4, 0xD5F4, 0xD5F4, 0xD5F4, 0xD5F4, 0xD5F4,
  0xD615, 0xD615, 0xD614, 0xD5F4, 0xCDF4, 0xD614, 0xD5F4, 0xD5F4, 0xD615, 0xD5F4, 0xCDF4, 0xD614,
  0xCDF4, 0xCDF4, 0xD5F4, 0xD614, 0xCDF4, 0xD615, 0xCDF4, 0xCDD4, 0xD5F4, 0xD614, 0xD614, 0xD615,
  0xD615, 0xCDF4, 0xD615, 0xD615, 0xCDF4, 0xCDF4, 0xD5F4, 0xD5F4, 0xCDF4, 0xD5F4, 0xD615, 0xD5F4,
  0xCDF4, 0xD614, 0xCDF4, 0xCDD4, 0xD614, 0xD5F4, 0xD5F4, 0xCDF4, 0xD5F4, 0xD5F4, 0xD615, 0xD615,
  0xCDF4, 0xCDD4, 0xCDD4, 0xD615, 0x6BAB, 0x5D4C, 0x64ED, 0x2204, 0x18C3, 0x18E4, 0x18E4, 0x18E4,
  0x10E3, 0x3BC8, 0x542B, 0x3307, 0x2204, 0x0000, 0x0021, 0x0021, 0x0021, 0x0020, 0x0021, 0x0020,
  0x0021, 0x0020, 0x0020, 0x0021, 0x0020, 0x0020, 0x0021, 0x0021, 0x0020, 0x0021, 0x0021, 0x0021,
  0x0021, 0x0021, 0x0020, 0x0020, 0x0020, 0x0021, 0x0020, 0x0021, 0x0020, 0x0020, 0x0020, 0x0021,
  0x0020, 0x0020, 0x0020, 0x0020, 0x0020, 0x0020, 0x0020, 0x0021, 0x0021, 0x0021, 0x0021, 0x0021,
  0x0021, 0x0020, 0x0020, 0x0021, 0x0021, 0x0020, 0x0020, 0x0021, 0x0020, 0x0020, 0x0021, 0x0020,
  0x0020, 0x0021, 0x0021, 0x0020, 0x0020, 0x0021, 0x0000, 0x0020, 0x0000, 0x2A66, 0x6DCE, 0x542B,
  0x1983, 0x18C3, 0x1904, 0x10C3, 0x3165, 0x39C5, 0x1904, 0x2966, 0x2965, 0x2986, 0x83ED, 0xDE35,
  0xCDD4, 0xD615, 0xD615, 0xD615, 0xD615, 0xD615, 0xCDF4, 0xCDD4, 0xCDF4, 0xCDF4, 0xCDF4, 0xD5F4,
  0xD5F4, 0xCDD4, 0xCDD4, 0xCDF4, 0xD615, 0xD615, 0xD615, 0xD615, 0xD615, 0xD615, 0xD615, 0xD614,
  0xD614, 0xD5F4, 0xD5F4, 0xD615, 0xCDF4, 0xCDF4, 0xD614, 0xD615, 0xCDF4, 0xD615, 0xD615, 0xD5F4,
  0xCDF4, 0xD615, 0xD615, 0xD614, 0xD5F4, 0xD5F4, 0xCDF4, 0xCDF4, 0xCDF4, 0xCDF4, 0xCDF4, 0xCDF4,
  0xCDF4, 0xD615, 0xD614, 0xCDF4, 0xCDF4, 0xCDF4, 0xCDD4, 0xCDF4, 0xD615, 0xD615, 0xCDF4, 0xD5F4,
  0xD615, 0xD614, 0xCDF4, 0xD615, 0xD615, 0xD615, 0xDE35, 0x8C0D, 0x4409, 0x6D2E, 0x32C7, 0x10E3,
  0x18E4, 0x18E4, 0x1904, 0x10A3, 0x3B47, 0x5CEC, 0x3307, 0x2285, 0x0041, 0x0020, 0x0021, 0x0020,
  0x0020, 0x0021, 0x0021, 0x0020, 0x0020, 0x0020, 0x0020, 0x0021, 0x0020, 0x0021, 0x0021, 0x0021,
  0x0021, 0x0021, 0x0021, 0x0021, 0x0021, 0x0021, 0x0021, 0x0021, 0x0021, 0x0020, 0x0020, 0x0021,
  0x0021, 0x0021, 0x0020, 0x0020, 0x0021, 0x0021, 0x0020, 0x0020, 0x0020, 0x0020, 0x0020, 0x0021,
  0x0020, 0x0021, 0x0020, 0x0021, 0x0021, 0x0021, 0x0021, 0x0020, 0x0020, 0x0021, 0x0021, 0x0021,
  0x0020, 0x0020, 0x0021, 0x0020, 0x0020, 0x0021, 0x0021, 0x0020, 0x0021, 0x0020, 0x0861, 0x0841,
  0x10C2, 0x6D6E, 0x6D2E, 0x2A45, 0x10C3, 0x1904, 0x18E4, 0x2104, 0x41E6, 0x1904, 0x2986, 0x2965,
  0x2965, 0x62EA, 0xD615, 0xCDF4, 0xCDF4, 0xCDF4, 0xCDF4, 0xD5F4, 0xCDF4, 0xCDF4, 0xCDF4, 0xCDD4,
  0xCDD4, 0xCDD4, 0xCDF4, 0xD614, 0xCDF4, 0xCDF4, 0xCDD4, 0xCDF4, 0xD615, 0xD615, 0xD5F4, 0xD615,
  0xCDF4, 0xD614, 0xD615, 0xD5F4, 0xCDD4, 0xCDD4, 0xCDF4, 0xD615, 0xD615, 0xCDF4, 0xCDF4, 0xCDF4,
  0xD5F4, 0xCDF4, 0xCDF4, 0xD5F4, 0xD614, 0xD615, 0xD615, 0xD615, 0xD5F4, 0xD5F4, 0xCDF4, 0xCDD4,
  0xCDF4, 0xD615, 0xD615, 0xCDF4, 0xCDF4, 0xD5F4, 0xCDF4, 0xD5F4, 0xD615, 0xCDF4, 0xD5F4, 0xD615,
  0xD614, 0xD614, 0xD5F4, 0xD5F4, 0xD614, 0xD615, 0xD5F4, 0xD5F4, 0xCDF4, 0xDE55, 0xB532, 0x4369,
  0x4C0A, 0x3B07, 0x1143, 0x18C3, 0x18E4, 0x1904, 0x18A3, 0x2A66, 0x652D, 0x4369, 0x2AE6, 0x08C2,
  0x0000, 0x0021, 0x0020, 0x0020, 0x0021, 0x0020, 0x0021, 0x0020, 0x0021, 0x0021, 0x0021, 0x0021,
  0x0021, 0x0020, 0x0020, 0x0021, 0x0020, 0x0020, 0x0021, 0x0021, 0x0021, 0x0020, 0x0021, 0x0021,
  0x0020, 0x0021, 0x0021, 0x0021, 0x0021, 0x0021, 0x0021, 0x0020, 0x0021, 0x0021, 0x0020, 0x0020,
  0x0020, 0x0021, 0x0020, 0x0020, 0x0020, 0x0021, 0x0021, 0x0020, 0x0021, 0x0021, 0x0020, 0x0021,
  0x0020, 0x0020, 0x0021, 0x0020, 0x0020, 0x0020, 0x0020, 0x0020, 0x0020, 0x0020, 0x0020, 0x0021,
  0x0020, 0x0020, 0x542B, 0x64EC, 0x540A, 0x4C0A, 0x32C7, 0x1103, 0x18E4, 0x1904, 0x18C3, 0x4A26,
  0x2124, 0x2125, 0x2966, 0x2986, 0x4A48, 0xBD52, 0xD615, 0xCDF4, 0xCDF4, 0xCDF4, 0xCDF4, 0xCDF4,
  0xCDD4, 0xCDD4, 0xCDF4, 0xCDF4, 0xCDF4, 0xCDF4, 0xCDF4, 0xD5F4, 0xCDF4, 0xCDF4, 0xD5F4, 0xD615,
  0xD615, 0xD614, 0xD5F5, 0xD5F4, 0xCDF4, 0xD5F4, 0xD5F4, 0xCDD4, 0xCDF4, 0xCDD4, 0xCDF4, 0xD5F4,
  0xD5F4, 0xCDF4, 0xCDD4, 0xCDF4, 0xD614, 0xCDF4, 0xCDF4, 0xD5F4, 0xD635, 0xD615, 0xD5F4, 0xD5F4,
  0xD615, 0xCDF4, 0xCDF4, 0xCDF4, 0xD615, 0xD635, 0xD615, 0xCDF4, 0xCDF4, 0xCDF4, 0xD5F4, 0xD615,
  0xD615, 0xD5F4, 0xD615, 0xCDF4, 0xD5F4, 0xCDF4, 0xCDF4, 0xD5F4, 0xD5F4, 0xD5F4, 0xD615, 0xD615,
  0xD615, 0xCD93, 0x5B8A, 0x656D, 0x544B, 0x1142, 0x18C3, 0x1904, 0x1904, 0x18E4, 0x1103, 0x4C6A,
  0x542B, 0x3327, 0x1983, 0x0000, 0x0021, 0x0020, 0x0020, 0x0020, 0x0021, 0x0020, 0x0021, 0x0020,
  0x0021, 0x0021, 0x0021, 0x0021, 0x0021, 0x0021, 0x0021, 0x0021, 0x0021, 0x0021, 0x0021, 0x0021,
  0x0021, 0x0020, 0x0020, 0x0021, 0x0020, 0x0020, 0x0020, 0x0020, 0x0020, 0x0020, 0x0020, 0x0020,
  0x0020, 0x0020, 0x0020, 0x0020, 0x0020, 0x0020, 0x0020, 0x0020, 0x0020, 0x0021, 0x0021, 0x0020,
  0x0020, 0x0021, 0x0020, 0x0020, 0x0021, 0x0020, 0x0021, 0x0021, 0x0021, 0x0020, 0x0020, 0x0020,
  0x0021, 0x0020, 0x0021, 0x0021, 0x0000, 0x4328, 0x6D8D, 0x652D, 0x6D6E, 0x654D, 0x2A25, 0x10C2,
  0x2124, 0x10C3, 0x39C5, 0x2965, 0x2145, 0x3AC7, 0x2145, 0x31A6, 0x9C8F, 0xDE35, 0xCDD4, 0xD5F4,
  0xCDD4, 0xCDF4, 0xD615, 0xCDF4, 0xCDD4, 0xCDF4, 0xD5F4, 0xCDF4, 0xD5F4, 0xCDF4, 0xCDD4, 0xCDF4,
  0xD615, 0xD614, 0xD615, 0xCDF4, 0xD615, 0xCDF4, 0xD615, 0xCDF4, 0xD5F4, 0xD5F4, 0xCDF4, 0xCDF4,
  0xD615, 0xCDF4, 0xCDF4, 0xCDF4, 0xCDF4, 0xCDF4, 0xCDF4, 0xCDF4, 0xCDF4, 0xCDF4, 0xD5F4, 0xCDF4,
  0xD615, 0xD5F4, 0xCDF4, 0xD5F4, 0xD5F4, 0xD5F4, 0xCDF4, 0xD5F4, 0xD5F4, 0xCDF4, 0xCDF4, 0xCDF4,
  0xCDF4, 0xCDF4, 0xD614, 0xD5F4, 0xD5F4, 0xD5F4, 0xD5F4, 0xCDF4, 0xCDF4, 0xD5F4, 0xCDF4, 0xCDF4,
  0xCDF4, 0xCDF4, 0xD5F4, 0xD615, 0xDE56, 0x73EC, 0x54CB, 0x64ED, 0x2265, 0x1143, 0x18E4, 0x18E4,
  0x18E4, 0x10E3, 0x43E9, 0x544B, 0x32E6, 0x2245, 0x0000, 0x0021, 0x0020, 0x0020, 0x0021, 0x0020,
  0x0021, 0x0021, 0x0020, 0x0020, 0x0021, 0x0020, 0x0020, 0x0021, 0x0021, 0x0021, 0x0021, 0x0021,
  0x0021, 0x0021, 0x0021, 0x0021, 0x0020, 0x0021, 0x0020, 0x0020, 0x0020, 0x0020, 0x0020, 0x0020,
  0x0021, 0x0020, 0x0020, 0x0021, 0x0021, 0x0020, 0x0020, 0x0020, 0x0020, 0x0020, 0x0020, 0x0020,
  0x0021, 0x0020, 0x0021, 0x0020, 0x0020, 0x0021, 0x0021, 0x0020, 0x0021, 0x0021, 0x0020, 0x0021,
  0x0021, 0x0020, 0x0020, 0x0021, 0x0020, 0x0021, 0x0021, 0x0000, 0x1903, 0x752E, 0x756F, 0x6D6E,
  0x654D, 0x542B, 0x1A04, 0x18E4, 0x18E4, 0x3165, 0x39C5, 0x1904, 0x2965, 0x21A5, 0x2986, 0x736C,
  0xD614, 0xCDF4, 0xD5F4, 0xCDF4, 0xCDF4, 0xCDF4, 0xCDF4, 0xCDF4, 0xD5F4, 0xD614, 0xD614, 0xD5F4,
  0xCDF4, 0xCDD4, 0xD5F4, 0xD5F4, 0xD615, 0xD615, 0xD615, 0xD5F5, 0xCDF4, 0xCDF4, 0xD5F4, 0xCDF4,
  0xCDF4, 0xD5F4, 0xCDF4, 0xD5F4, 0xD615, 0xCDF4, 0xCDD4, 0xCDF4, 0xCDF4, 0xD614, 0xD5F4, 0xCDF4,
  0xCDF4, 0xD614, 0xD615, 0xCDF4, 0xCDF4, 0xCDF4, 0xD5F4, 0xD5F4, 0xCDF4, 0xCDF4, 0xCDF4, 0xD5F4,
  0xCDF4, 0xCDD4, 0xCDD4, 0xD5F4, 0xD5F4, 0xD5F4, 0xD5F4, 0xD614, 0xCDF4, 0xCDF4, 0xCDF4, 0xCDF4,
  0xD5F4, 0xCDF4, 0xCDF4, 0xCDF4, 0xD5F4, 0xD5F5, 0xCDF4, 0xDE55, 0x9C8F, 0x546B, 0x6D8E, 0x3B07,
  0x1102, 0x1963, 0x18E4, 0x1904, 0x1082, 0x32C6, 0x5D2C, 0x3B68, 0x2AA6, 0x0061, 0x0000, 0x0021,
  0x0020, 0x0020, 0x0021, 0x0021, 0x0020, 0x0021, 0x0020, 0x0021, 0x0020, 0x0020, 0x0021, 0x0021,
  0x0021, 0x0021, 0x0021, 0x0021, 0x0021, 0x0021, 0x0021, 0x0021, 0x0021, 0x0020, 0x0021, 0x0021,
  0x0021, 0x0021, 0x0020, 0x0021, 0x0021, 0x0021, 0x0020, 0x0020, 0x0021, 0x0021, 0x0021, 0x0020,
  0x0020, 0x0020, 0x0020, 0x0020, 0x0020, 0x0020, 0x0021, 0x0021, 0x0021, 0x0021, 0x0021, 0x0021,
  0x0020, 0x0021, 0x0020, 0x0020, 0x0020, 0x0020, 0x0021, 0x0021, 0x0021, 0x0021, 0x0021, 0x0000,
  0x1984, 0x3B88, 0x4BCA, 0x648C, 0x540B, 0x2AA6, 0x2225, 0x18E3, 0x2103, 0x41E6, 0x18E4, 0x2986,
  0x2965, 0x2125, 0x5269, 0xCDD4, 0xCDF4, 0xCDD4, 0xCDF4, 0xCDF4, 0xCDF4, 0xCDD4, 0xCDD4, 0xCDF4,
  0xD615, 0xCDF4, 0xD5F4, 0xD615, 0xD5F4, 0xCDF4, 0xD615, 0xD615, 0xD615, 0xD615, 0xD615, 0xD615,
  0xD615, 0xCDF4, 0xD5F4, 0xD5F4, 0xD5F4, 0xD5F4, 0xCDF4, 0xD5F5, 0xD5F4, 0xCDF4, 0xCDD4, 0xCDF4,
  0xCDF4, 0xD614, 0xD5F4, 0xCDF4, 0xD614, 0xD614, 0xD614, 0xCDF4, 0xCDF4, 0xCDF4, 0xD5F4, 0xD615,
  0xCDF4, 0xCDF4, 0xD5F4, 0xD5F4, 0xCDF4, 0xD5F4, 0xD614, 0xD5F4, 0xD5F4, 0xCDF4, 0xD615, 0xD615,
  0xD614, 0xD5F4, 0xCDF4, 0xCDD4, 0xCDD4, 0xD614, 0xD615, 0xD615, 0xCDF4, 0xCDF4, 0xD635, 0xBD53,
  0x53CA, 0x6DAE, 0x540A, 0x1143, 0x1964, 0x1943, 0x18E4, 0x18C3, 0x21C4, 0x5D0C, 0x4389, 0x2B07,
  0x1123, 0x0000, 0x0021, 0x0020, 0x0021, 0x0021, 0x0021, 0x0020, 0x0021, 0x0021, 0x0020, 0x0021,
  0x0020, 0x0021, 0x0021, 0x0021, 0x0020, 0x0021, 0x0021, 0x0021, 0x0021, 0x0021, 0x0021, 0x0020,
  0x0021, 0x0021, 0x0021, 0x0020, 0x0020, 0x0020, 0x0020, 0x0020, 0x0021, 0x0020, 0x0020, 0x0020,
  0x0020, 0x0021, 0x0020, 0x0020, 0x0020, 0x0020, 0x0020, 0x0020, 0x0021, 0x0021, 0x0020, 0x0020,
  0x0020, 0x0020, 0x0020, 0x0021, 0x0020, 0x0021, 0x0020, 0x0021, 0x0020, 0x0020, 0x0020, 0x0020,
  0x0021, 0x0021, 0x0021, 0x0000, 0x1963, 0x4409, 0x3B88, 0x3BC8, 0x3327, 0x2AC6, 0x21E4, 0x10A2,
  0x41E6, 0x2124, 0x2145, 0x2966, 0x2966, 0x4207, 0xB511, 0xD615, 0xCDD4, 0xD5F4, 0xD5F4, 0xCDF4,
  0xCDF4, 0xCDF4, 0xD5F4, 0xD614, 0xD615, 0xCDF4, 0xCDF4, 0xCDF4, 0xD5F4, 0xD615, 0xD615, 0xD615,
  0xD615, 0xD615, 0xD615, 0xD615, 0xD614, 0xD615, 0xCDF4, 0xD614, 0xCDF4, 0xCDF4, 0xD614, 0xD5F4,
  0xD5F4, 0xD5F4, 0xD5F4, 0xD5F4, 0xD5F4, 0xD5F4, 0xCDF4, 0xD614, 0xD615, 0xD5F4, 0xD5F4, 0xCDF4,
  0xD5F4, 0xD615, 0xD5F4, 0xD614, 0xD5F4, 0xCDF4, 0xCDF4, 0xCDF4, 0xD5F4, 0xD615, 0xD615, 0xD615,
  0xD5F5, 0xD615, 0xD615, 0xD614, 0xD614, 0xD614, 0xCDF4, 0xCDF4, 0xCDF4, 0xD615, 0xD615, 0xCDF4,
  0xCDF4, 0xD615, 0xCDD4, 0x6BCB, 0x656D, 0x5CAC, 0x21E4, 0x18C3, 0x1903, 0x1983, 0x18E4, 0x10E3,
  0x548B, 0x546B, 0x3307, 0x19E4, 0x0000, 0x0021, 0x0020, 0x0021, 0x0020, 0x0020, 0x0021, 0x0020,
  0x0021, 0x0021, 0x0021, 0x0020, 0x0021, 0x0020, 0x0021, 0x0020, 0x0020, 0x0021, 0x0021, 0x0020,
  0x0020, 0x0020, 0x0021, 0x0020, 0x0021, 0x0021, 0x0021, 0x0020, 0x0021, 0x0021, 0x0021, 0x0020,
  0x0021, 0x0020, 0x0020, 0x0020, 0x0020, 0x0021, 0x0020, 0x0020, 0x0020, 0x0020, 0x0020, 0x0020,
  0x0020, 0x0020, 0x0021, 0x0020, 0x0021, 0x0021, 0x0020, 0x0021, 0x0020, 0x0020, 0x0020, 0x0020,
  0x0021, 0x0021, 0x0021, 0x0021, 0x0020, 0x0020, 0x0021, 0x0000, 0x1963, 0x43E9, 0x3B88, 0x43E9,
  0x3B88, 0x2AC6, 0x19C4, 0x39A5, 0x3185, 0x2125, 0x2986, 0x2965, 0x3186, 0x946F, 0xDE55, 0xCDD4,
  0xCDD4, 0xD615, 0xD615, 0xCDF4, 0xCDF4, 0xD5F4, 0xCDF4, 0xCDF4, 0xCDF4, 0xCDF4, 0xCDF4, 0xCDF4,
  0xD615, 0xCDF4, 0xD615, 0xD5F4, 0xD5F4, 0xCDF4, 0xCDF4, 0xD615, 0xD5F4, 0xD614, 0xD614, 0xD615,
  0xCDF4, 0xD5F4, 0xD614, 0xD5F4, 0xD5F4, 0xD5F4, 0xD614, 0xD615, 0xD615, 0xD5F4, 0xD615, 0xD614,
  0xD5F4, 0xCDF4, 0xCDF4, 0xCDD4, 0xCDF4, 0xCDF4, 0xCDF4, 0xCDF4, 0xCDF4, 0xCDF4, 0xD5F4, 0xD614,
  0xCDF4, 0xD5F4, 0xD5F4, 0xCDF4, 0xCDF4, 0xD5F4, 0xD5F4, 0xCDF4, 0xCDF4, 0xCDF4, 0xD5F4, 0xD5F4,
  0xCDF4, 0xD615, 0xD615, 0xCDF4, 0xCDF4, 0xDE55, 0x842D, 0x54CB, 0x756E, 0x32A6, 0x10E3, 0x18E4,
  0x1904, 0x1984, 0x1082, 0x3B68, 0x5CCC, 0x3307, 0x2285, 0x0020, 0x0020, 0x0020, 0x0020, 0x0021,
  0x0020, 0x0020, 0x0021, 0x0021, 0x0021, 0x0021, 0x0021, 0x0020, 0x0021, 0x0020, 0x0020, 0x0021,
  0x0021, 0x0021, 0x0020, 0x0021, 0x0021, 0x0021, 0x0020, 0x0021, 0x0020, 0x0021, 0x0021, 0x0020,
  0x0021, 0x0020, 0x0020, 0x0021, 0x0020, 0x0020, 0x0020, 0x0021, 0x0021, 0x0021, 0x0021, 0x0020,
  0x0020, 0x0020, 0x0020, 0x0020, 0x0020, 0x0021, 0x0021, 0x0020, 0x0021, 0x0020, 0x0020, 0x0021,
  0x0020, 0x0020, 0x0020, 0x0021, 0x0020, 0x0021, 0x0020, 0x0020, 0x0020, 0x0020, 0x0041, 0x0000,
  0x1123, 0x3BA8, 0x3BA8, 0x43E9, 0x3B48, 0x2AC6, 0x2225, 0x3144, 0x1904, 0x2966, 0x2965, 0x2965,
  0x734B, 0xD635, 0xD5F4, 0xD5F4, 0xD5F4, 0xD5F4, 0xD614, 0xD5F4, 0xD5F4, 0xD614, 0xCDF4, 0xCDF4,
  0xD615, 0xD615, 0xCDF4, 0xCDF4, 0xCDF4, 0xCDF4, 0xCDF4, 0xCDD4, 0xCDD4, 0xCDF4, 0xD615, 0xD615,
  0xD615, 0xD5F4, 0xCDD4, 0xCDF4, 0xCDF4, 0xCDF4, 0xD5F4, 0xD5F4, 0xD5F4, 0xCDF4, 0xD5F4, 0xCDF4,
  0xCDF4, 0xCDF4, 0xCDF4, 0xCDF4, 0xCDF4, 0xCDD4, 0xCDF4, 0xCDD4, 0xCDD4, 0xCDD4, 0xCDF4, 0xCDF4,
  0xCDF4, 0xD5F4, 0xD5F4, 0xD615, 0xD5F4, 0xD614, 0xD614, 0xD615, 0xD5F4, 0xD615, 0xD614, 0xCDF4,
  0xD5F4, 0xCDF4, 0xCDF4, 0xCDF4, 0xCDF4, 0xCDF4, 0xCDF4, 0xCDF4, 0xDE35, 0xACD0, 0x542A, 0x6D8E,
  0x4368, 0x1123, 0x18E4, 0x18E4, 0x1904, 0x10E2, 0x2245, 0x652C, 0x3B28, 0x2AE6, 0x08A2, 0x0000,
  0x0021, 0x0020, 0x0020, 0x0020, 0x0020, 0x0021, 0x0021, 0x0021, 0x0021, 0x0020, 0x0021, 0x0021,
  0x0020, 0x0020, 0x0021, 0x0021, 0x0021, 0x0021, 0x0021, 0x0021, 0x0021, 0x0021, 0x0021, 0x0021,
  0x0021, 0x0021, 0x0020, 0x0020, 0x0021, 0x0021, 0x0020, 0x0020, 0x0020, 0x0020, 0x0021, 0x0021,
  0x0021, 0x0021, 0x0020, 0x0020, 0x0020, 0x0021, 0x0020, 0x0020, 0x0020, 0x0021, 0x0020, 0x0020,
  0x0020, 0x0020, 0x0020, 0x0021, 0x0020, 0x0021, 0x0021, 0x0020, 0x0021, 0x0021, 0x0021, 0x0021,
  0x0020, 0x0021, 0x0000, 0x08A2, 0x3307, 0x2A45, 0x32E7, 0x3347, 0x22A6, 0x22A5, 0x21A4, 0x18C3,
  0x2986, 0x2965, 0x2965, 0x5289, 0xC5B3, 0xCDF4, 0xCDF4, 0xD615, 0xD615, 0xCDF4, 0xCDF4, 0xCDF4,
  0xCDF4, 0xCDF4, 0xCDF4, 0xCDF4, 0xD614, 0xD615, 0xD5F4, 0xD5F4, 0xD615, 0xD615, 0xCDF4, 0xCDF4,
  0xCDF4, 0xCDF4, 0xD5F4, 0xD5F4, 0xD5F4, 0xD614, 0xD5F4, 0xD614, 0xCDF4, 0xCDF4, 0xCDF4, 0xCDF4,
  0xD5F4, 0xD5F4, 0xD5F4, 0xCDF4, 0xCDD4, 0xCDF4, 0xCDF4, 0xCDF4, 0xD5F4, 0xCDF4, 0xCDF4, 0xCDF4,
  0xCDF4, 0xCDF4, 0xCDD4, 0xCDF5, 0xD615, 0xD615, 0xD615, 0xD5F4, 0xCDF4, 0xCDF4, 0xD5F4, 0xD615,
  0xD615, 0xD615, 0xD5F4, 0xCDF4, 0xD5F4, 0xCDF4, 0xD5F4, 0xCDF4, 0xCDF4, 0xCDF4, 0xCDF4, 0xD615,
  0xCD93, 0x5BCA, 0x65AE, 0x544B, 0x1983, 0x18C3, 0x1904, 0x1904, 0x18C3, 0x19A3, 0x54CC, 0x4BCA,
  0x2AE6, 0x1163, 0x0000, 0x0021, 0x0020, 0x0020, 0x0021, 0x0020, 0x0020, 0x0021, 0x0021, 0x0020,
  0x0020, 0x0020, 0x0020, 0x0020, 0x0020, 0x0021, 0x0021, 0x0020, 0x0021, 0x0021, 0x0020, 0x0020,
  0x0021, 0x0021, 0x0020, 0x0021, 0x0021, 0x0020, 0x0020, 0x0021, 0x0021, 0x0020, 0x0021, 0x0021,
  0x0020, 0x0020, 0x0020, 0x0020, 0x0020, 0x0020, 0x0020, 0x0020, 0x0020, 0x0021, 0x0020, 0x0020,
  0x0021, 0x0021, 0x0020, 0x0021, 0x0020, 0x0020, 0x0021, 0x0020, 0x0021, 0x0021, 0x0020, 0x0020,
  0x0021, 0x0020, 0x0020, 0x0020, 0x0021, 0x0020, 0x0020, 0x4C0A, 0x4C4A, 0x738C, 0xA470, 0x6B2A,
  0x4267, 0x2A25, 0x10C3, 0x18E3, 0x2A45, 0x2124, 0x39C7, 0xAD11, 0xD615, 0xCDD4, 0xCDD4, 0xCDF4,
  0xD5F4, 0xCDD4, 0xCDF4, 0xCDF4, 0xD5F4, 0xCDF4, 0xCDF4, 0xD5F4, 0xD5F4, 0xD5F4, 0xD5F4, 0xD5F4,
  0xCDF4, 0xD615, 0xCDF4, 0xD615, 0xD5F4, 0xD5F4, 0xCDF4, 0xCDD4, 0xCDF4, 0xCDF4, 0xD614, 0xD614,
  0xD5F4, 0xD5F4, 0xD5F4, 0xD614, 0xD614, 0xD5F4, 0xD5F5, 0xD614, 0xD5F4, 0xD5F4, 0xCDF4, 0xCDF4,
  0xD614, 0xD5F4, 0xD5F4, 0xD5F4, 0xD5F4, 0xD614, 0xCDF4, 0xD5F4, 0xD615, 0xD5F4, 0xCDF4, 0xCDF4,
  0xCDF4, 0xCDF4, 0xCDF4, 0xCDF4, 0xCDF4, 0xCDF4, 0xCDF4, 0xCDF4, 0xCDF4, 0xCDF4, 0xD615, 0xD615,
  0xCDF4, 0xCDF4, 0xCDF4, 0xD615, 0x73EC, 0x5D2C, 0x650D, 0x2245, 0x10C3, 0x18E4, 0x18E3, 0x18E4,
  0x10C2, 0x4C2A, 0x5C8C, 0x32E6, 0x2225, 0x0000, 0x0021, 0x0021, 0x0021, 0x0020, 0x0021, 0x0020,
  0x0021, 0x0021, 0x0020, 0x0020, 0x0020, 0x0021, 0x0021, 0x0020, 0x0021, 0x0021, 0x0021, 0x0021,
  0x0021, 0x0021, 0x0020, 0x0020, 0x0021, 0x0020, 0x0020, 0x0021, 0x0021, 0x0020, 0x0021, 0x0021,
  0x0021, 0x0021, 0x0021, 0x0021, 0x0020, 0x0020, 0x0020, 0x0020, 0x0021, 0x0021, 0x0020, 0x0020,
  0x0020, 0x0020, 0x0020, 0x0021, 0x0021, 0x0020, 0x0020, 0x0021, 0x0021, 0x0021, 0x0021, 0x0021,
  0x0021, 0x0020, 0x0020, 0x0021, 0x0020, 0x0020, 0x0021, 0x0021, 0x0041, 0x0000, 0x3B28, 0x658D,
  0x5B8B, 0xB512, 0xBD73, 0xB553, 0xB532, 0xACD1, 0x83CD, 0x62EA, 0x39E7, 0x2965, 0x83CD, 0xDE76,
  0xD615, 0xD615, 0xCDD4, 0xCDF4, 0xCDF4, 0xCDF4, 0xD5F4, 0xD5F4, 0xCDF4, 0xD5F4, 0xD614, 0xD615,
  0xD5F4, 0xCDF4, 0xCDF4, 0xCDF4, 0xCDF4, 0xD615, 0xD615, 0xCDF4, 0xCDD4, 0xCDF4, 0xD5F4, 0xCDF4,
  0xCDF4, 0xCDF4, 0xD5F4, 0xD5F4, 0xD5F4, 0xD615, 0xCDF4, 0xD5F4, 0xD5F4, 0xD5F4, 0xD615, 0xD615,
  0xD5F4, 0xD5F4, 0xCDF4, 0xCDF4, 0xD615, 0xD5F4, 0xD5F4, 0xD5F4, 0xD615, 0xD5F4, 0xCDF4, 0xCDF4,
  0xCDF4, 0xCDF4, 0xCDD4, 0xCDD4, 0xCDF4, 0xCDF4, 0xCDF4, 0xCDF4, 0xCDF4, 0xCDF4, 0xD615, 0xD614,
  0xCDF4, 0xCDF4, 0xD5F4, 0xCDF4, 0xCDF4, 0xCDD4, 0xDE55, 0x946F, 0x548B, 0x75AF, 0x32E7, 0x10E3,
  0x18E4, 0x18E3, 0x1904, 0x10A3, 0x3307, 0x652D, 0x3327, 0x2AA6, 0x0061, 0x0000, 0x0021, 0x0020,
  0x0021, 0x0020, 0x0020, 0x0021, 0x0021, 0x0020, 0x0020, 0x0020, 0x0020, 0x0020, 0x0021, 0x0021,
  0x0021, 0x0021, 0x0021, 0x0020, 0x0021, 0x0021, 0x0020, 0x0020, 0x0021, 0x0020, 0x0021, 0x0021,
  0x0020, 0x0021, 0x0020, 0x0020, 0x0021, 0x0021, 0x0021, 0x0020, 0x0020, 0x0021, 0x0020, 0x0020,
  0x0020, 0x0021, 0x0020, 0x0020, 0x0020, 0x0020, 0x0021, 0x0020, 0x0021, 0x0020, 0x0021, 0x0021,
  0x0021, 0x0021, 0x0021, 0x0020, 0x0020, 0x0020, 0x0021, 0x0021, 0x0020, 0x0020, 0x0020, 0x0041,
  0x0000, 0x21C5, 0x6DAE, 0x53EB, 0xA490, 0xB532, 0xAD12, 0xAD12, 0xB532, 0xB533, 0xBD53, 0xBD73,
  0xB532, 0x734B, 0x8BED, 0x944F, 0xA4D0, 0xC593, 0xCDF4, 0xD615, 0xD614, 0xCDF4, 0xCDF4, 0xCDF4,
  0xCDF4, 0xD615, 0xD5F4, 0xD5F4, 0xD614, 0xCDF4, 0xCDF4, 0xCDF4, 0xD5F4, 0xD615, 0xD615, 0xCDF4,
  0xCDD3, 0xCDF4, 0xD5F4, 0xCDF4, 0xD5F4, 0xD5F4, 0xD5F4, 0xD5F4, 0xD614, 0xD5F4, 0xCDF4, 0xCDF4,
  0xD5F4, 0xCDF4, 0xD5F4, 0xCDF4, 0xCDF4, 0xD614, 0xD5F4, 0xD614, 0xD615, 0xD615, 0xD5F4, 0xD5F4,
  0xD615, 0xCDF4, 0xCDF4, 0xCDF4, 0xD5F4, 0xCDF4, 0xCDD4, 0xCDF4, 0xCDF4, 0xD5F4, 0xCDF4, 0xD5F4,
  0xCDF4, 0xCDD4, 0xCDF4, 0xD614, 0xD5F4, 0xCDF4, 0xD615, 0xD615, 0xCDF4, 0xD635, 0xBD32, 0x53EA,
  0x6DAE, 0x4BCA, 0x1123, 0x18C4, 0x1904, 0x1904, 0x18A3, 0x19C4, 0x4C6A, 0x4389, 0x2AC6, 0x10E2,
  0x0000, 0x0021, 0x0020, 0x0021, 0x0020, 0x0020, 0x0020, 0x0020, 0x0021, 0x0020, 0x0021, 0x0020,
  0x0021, 0x0020, 0x0020, 0x0021, 0x0021, 0x0021, 0x0021, 0x0021, 0x0021, 0x0020, 0x0021, 0x0021,
  0x0021, 0x0021, 0x0021, 0x0020, 0x0020, 0x0021, 0x0021, 0x0021, 0x0021, 0x0021, 0x0020, 0x0021,
  0x0020, 0x0021, 0x0021, 0x0021, 0x0020, 0x0021, 0x0020, 0x0020, 0x0020, 0x0020, 0x0020, 0x0020,
  0x0020, 0x0020, 0x0021, 0x0021, 0x0020, 0x0020, 0x0021, 0x0020, 0x0021, 0x0021, 0x0020, 0x0020,
  0x0020, 0x0020, 0x0021, 0x0000, 0x10C2, 0x654D, 0x546C, 0x944F, 0xBD73, 0xAD12, 0xB532, 0xB532,
  0xB533, 0xB533, 0xB512, 0xB532, 0x8C0E, 0x942F, 0xB532, 0xA4B0, 0x946F, 0x942E, 0x8C0E, 0x9C4F,
  0xBD72, 0xD615, 0xDE35, 0xD635, 0xCDF4, 0xCDF4, 0xCDF4, 0xCDF4, 0xD614, 0xD5F4, 0xCDF4, 0xD5F4,
  0xD615, 0xD615, 0xD614, 0xD615, 0xCDF4, 0xD614, 0xD614, 0xD614, 0xD615, 0xD615, 0xD615, 0xD5F4,
  0xD615, 0xD615, 0xCDF4, 0xCDF4, 0xCDF4, 0xCDF4, 0xCDF4, 0xCDF4, 0xCDF4, 0xD615, 0xD5F4, 0xD5F4,
  0xD615, 0xD615, 0xD615, 0xD615, 0xD5F4, 0xCDF4, 0xCDF4, 0xCDF4, 0xD5F4, 0xD615, 0xCDF4, 0xCDF4,
  0xCDF4, 0xD615, 0xD5F4, 0xD614, 0xD615, 0xCDF4, 0xD5F4, 0xD5F4, 0xCDF4, 0xCDF4, 0xD615, 0xCDF4,
  0xD5F4, 0xD5F4, 0x63AB, 0x656D, 0x5C8C, 0x19A3, 0x18C3, 0x1904, 0x1904, 0x18C3, 0x1923, 0x4C6B,
  0x4BCA, 0x3307, 0x19C4, 0x0000, 0x0021, 0x0020, 0x0020, 0x0020, 0x0020, 0x0020, 0x0020, 0x0020,
  0x0021, 0x0020, 0x0020, 0x0020, 0x0021, 0x0021, 0x0021, 0x0021, 0x0021, 0x0021, 0x0021, 0x0021,
  0x0021, 0x0021, 0x0020, 0x0021, 0x0021, 0x0020, 0x0021, 0x0021, 0x0020, 0x0021, 0x0021, 0x0020,
  0x0021, 0x0021, 0x0020, 0x0021, 0x0020, 0x0020, 0x0020, 0x0021, 0x0021, 0x0021, 0x0021, 0x0020,
  0x0020, 0x0020, 0x0020, 0x0020, 0x0021, 0x0021, 0x0021, 0x0021, 0x0020, 0x0021, 0x0021, 0x0020,
  0x0020, 0x0021, 0x0020, 0x0020, 0x0021, 0x0021, 0x0020, 0x0040, 0x544A, 0x5D2D, 0x73AC, 0xB532,
  0xB532, 0xB532, 0xB512, 0xB532, 0xB532, 0xB532, 0xB532, 0xA4D1, 0x8C2F, 0xB532, 0xACF2, 0xAD11,
  0xB512, 0xB512, 0xACF1, 0x9C6F, 0x942E, 0x942E, 0x9C90, 0xB532, 0xCDB3, 0xD615, 0xD615, 0xD615,
  0xCDF4, 0xCDF4, 0xCDD4, 0xD5F4, 0xD615, 0xD615, 0xD614, 0xD5F4, 0xD5F4, 0xD615, 0xD615, 0xD615,
  0xD615, 0xD615, 0xD614, 0xD614, 0xD615, 0xCDF4, 0xCDF4, 0xD5F4, 0xD5F4, 0xCDF4, 0xCDF4, 0xD5F4,
  0xCDF4, 0xCDF4, 0xD5F4, 0xD615, 0xD615, 0xCDF4, 0xCDF4, 0xCDF4, 0xD5F4, 0xCDF4, 0xD5F4, 0xCDF4,
  0xCDF4, 0xCDF4, 0xCDF4, 0xCDF4, 0xD614, 0xD615, 0xCDF4, 0xD5F4, 0xD615, 0xD614, 0xD5F4, 0xD5F4,
  0xD5F4, 0xCDF4, 0xD5F4, 0xCDF4, 0xDE35, 0x73AC, 0x3B88, 0x64CD, 0x2A86, 0x10C3, 0x18E4, 0x18E4,
  0x1904, 0x10A2, 0x43C9, 0x5CCC, 0x3327, 0x2285, 0x0020, 0x0020, 0x0021, 0x0020, 0x0020, 0x0020,
  0x0021, 0x0020, 0x0020, 0x0020, 0x0020, 0x0021, 0x0021, 0x0021, 0x0021, 0x0021, 0x0021, 0x0021,
  0x0021, 0x0021, 0x0021, 0x0021, 0x0021, 0x0021, 0x0020, 0x0020, 0x0021, 0x0021, 0x0021, 0x0021,
  0x0020, 0x0020, 0x0021, 0x0021, 0x0020, 0x0020, 0x0020, 0x0020, 0x0021, 0x0021, 0x0020, 0x0020,
  0x0021, 0x0021, 0x0020, 0x0020, 0x0020, 0x0020, 0x0020, 0x0021, 0x0020, 0x0020, 0x0021, 0x0021,
  0x0020, 0x0020, 0x0021, 0x0020, 0x0021, 0x0021, 0x0020, 0x0021, 0x0021, 0x0021, 0x0000, 0x3AA8,
  0x548B, 0x5329, 0xB512, 0xB553, 0xB532, 0xB532, 0xB512, 0xAD12, 0xB532, 0xB553, 0xACF2, 0x942F,
  0xB512, 0xAD12, 0xACF1, 0xACF1, 0xB512, 0xAD12, 0xB512, 0xB532, 0xB512, 0xA4B0, 0x734B, 0x83ED,
  0x942E, 0x9C6F, 0xB532, 0xCDD4, 0xD5F4, 0xD635, 0xD615, 0xCDF4, 0xD5F4, 0xD615, 0xD615, 0xD615,
  0xD615, 0xD5F4, 0xD5F4, 0xD615, 0xD615, 0xD615, 0xD615, 0xD5F4, 0xD5F4, 0xCDF4, 0xD615, 0xD615,
  0xCDF4, 0xCDF4, 0xD5F4, 0xD5F4, 0xCDF4, 0xCDF4, 0xD615, 0xD615, 0xD615, 0xD5F4, 0xCDF4, 0xCDF4,
  0xCDF4, 0xCDF4, 0xCDF4, 0xCDF4, 0xCDF4, 0xD5F4, 0xCDD4, 0xCDD4, 0xCDF4, 0xD615, 0xD5F4, 0xD5F4,
  0xD615, 0xD615, 0xD5F4, 0xCDD4, 0xD5F4, 0xD5F4, 0xCDF4, 0xDE35, 0xA4B0, 0x4BEA, 0x5CCC, 0x2A45,
  0x1103, 0x18E4, 0x18E4, 0x1904, 0x10A3, 0x2AC6, 0x652D, 0x3B28, 0x2AC6, 0x08A1, 0x0000, 0x0021,
  0x0020, 0x0020, 0x0020, 0x0021, 0x0021, 0x0020, 0x0021, 0x0020, 0x0020, 0x0021, 0x0021, 0x0021,
  0x0021, 0x0021, 0x0021, 0x0021, 0x0021, 0x0021, 0x0021, 0x0021, 0x0021, 0x0021, 0x0021, 0x0021,
  0x0021, 0x0021, 0x0020, 0x0021, 0x0021, 0x0021, 0x0020, 0x0020, 0x0020, 0x0020, 0x0021, 0x0021,
  0x0021, 0x0020, 0x0021, 0x0020, 0x0021, 0x0021, 0x0021, 0x0020, 0x0020, 0x0020, 0x0020, 0x0020,
  0x0020, 0x0020, 0x0020, 0x0020, 0x0020, 0x0020, 0x0021, 0x0021, 0x0020, 0x0020, 0x0020, 0x0020,
  0x0021, 0x0000, 0x5289, 0xBD94, 0x9470, 0x83CD, 0x8C0E, 0xA4B1, 0xAD12, 0xB512, 0xB553, 0xB553,
  0xAD12, 0xB553, 0x8C2F, 0xA4B1, 0xB512, 0xB532, 0xB532, 0xAD12, 0xB512, 0xB532, 0xAD12, 0xACF1,
  0xAD11, 0x942F, 0xA4B0, 0xB512, 0xB512, 0xA4B0, 0x8C0E, 0x8C0E, 0x944F, 0xAD11, 0xC5B4, 0xDE56,
  0xDE55, 0xD5F4, 0xCDF4, 0xCDF4, 0xCDF4, 0xCDF4, 0xD5F4, 0xCDF4, 0xCDF4, 0xD614, 0xD615, 0xD615,
  0xCDF4, 0xD5F4, 0xCDF4, 0xCDF4, 0xD5F4, 0xCDF4, 0xCDF4, 0xD5F4, 0xD615, 0xD615, 0xD614, 0xCDF4,
  0xD5F4, 0xD5F4, 0xD5F4, 0xCDF4, 0xCDF4, 0xD615, 0xD614, 0xD615, 0xD615, 0xCDF4, 0xCDF4, 0xCDD4,
  0xCDD4, 0xD5F4, 0xD614, 0xD615, 0xD615, 0xD5F4, 0xD5F4, 0xCDF4, 0xCDF4, 0xCDF4, 0xD635, 0xC573,
  0x4B89, 0x5D4D, 0x542B, 0x1163, 0x18C3, 0x1904, 0x1904, 0x18C3, 0x19A4, 0x5D2C, 0x4BCA, 0x2B07,
  0x1143, 0x0000, 0x0021, 0x0020, 0x0021, 0x0020, 0x0021, 0x0020, 0x0021, 0x0021, 0x0021, 0x0020,
  0x0021, 0x0020, 0x0021, 0x0020, 0x0021, 0x0021, 0x0021, 0x0021, 0x0021, 0x0021, 0x0021, 0x0021,
  0x0021, 0x0020, 0x0021, 0x0021, 0x0021, 0x0021, 0x0021, 0x0020, 0x0020, 0x0021, 0x0021, 0x0021,
  0x0021, 0x0021, 0x0020, 0x0021, 0x0020, 0x0021, 0x0020, 0x0020, 0x0021, 0x0021, 0x0020, 0x0020,
  0x0020, 0x0021, 0x0020, 0x0020, 0x0020, 0x0020, 0x0020, 0x0020, 0x0020, 0x0020, 0x0020, 0x0020,
  0x0020, 0x0020, 0x0021, 0x0020, 0x0020, 0x0841, 0x7B8C, 0x9C90, 0xB553, 0xC5D5, 0xB533, 0x9C90,
  0x8C0E, 0x8C0E, 0x9CB0, 0xACF2, 0xB532, 0x942F, 0x9C90, 0xB553, 0xAD12, 0xAD12, 0xB512, 0xB512,
  0xB512, 0xB532, 0xAD12, 0xAD12, 0x9C6F, 0x9470, 0xB553, 0xAD12, 0xACD1, 0xAD12, 0xB512, 0xB512,
  0xA4D1, 0x942F, 0x83ED, 0x942E, 0xACF1, 0xBD72, 0xD614, 0xD635, 0xD614, 0xD615, 0xCDD4, 0xCDD4,
  0xCDF4, 0xCDF4, 0xD5F4, 0xD5F5, 0xD615, 0xCDF4, 0xCDD4, 0xCDF4, 0xD615, 0xD615, 0xD614, 0xD615,
  0xD615, 0xD615, 0xCDF4, 0xCDF4, 0xCDF4, 0xCDF4, 0xCDF4, 0xD5F4, 0xCDF4, 0xD5F4, 0xD5F4, 0xD5F4,
  0xD5F4, 0xD615, 0xCDF4, 0xCDF4, 0xCDD4, 0xD5F4, 0xD614, 0xD614, 0xD5F4, 0xCDF4, 0xCDF4, 0xD615,
  0xD615, 0xD614, 0xD5F5, 0x6BAB, 0x5D4D, 0x64CD, 0x19C4, 0x1963, 0x1924, 0x18E4, 0x18E4, 0x1103,
  0x4C8B, 0x546B, 0x3306, 0x2225, 0x0000, 0x0021, 0x0020, 0x0021, 0x0020, 0x0020, 0x0020, 0x0020,
  0x0020, 0x0021, 0x0021, 0x0020, 0x0020, 0x0020, 0x0021, 0x0020, 0x0020, 0x0021, 0x0021, 0x0020,
  0x0021, 0x0020, 0x0021, 0x0021, 0x0020, 0x0020, 0x0021, 0x0020, 0x0021, 0x0021, 0x0020, 0x0020,
  0x0020, 0x0021, 0x0021, 0x0020, 0x0021, 0x0020, 0x0020, 0x0021, 0x0020, 0x0021, 0x0020, 0x0020,
  0x0021, 0x0020, 0x0021, 0x0021, 0x0020, 0x0020, 0x0020, 0x0020, 0x0020, 0x0020, 0x0021, 0x0021,
  0x0020, 0x0020, 0x0021, 0x0021, 0x0021, 0x0021, 0x0020, 0x0020, 0x0020, 0x0000, 0x5247, 0x62CA,
  0x62EA, 0x7B8C, 0x9C70, 0xACF1, 0xBD73, 0xBDB4, 0x83EE, 0x83EE, 0x942F, 0x7BAD, 0xA4D0, 0xB532,
  0xB532, 0xB532, 0xAD12, 0xB512, 0xAD12, 0xAD12, 0xB532, 0xAD12, 0x8C2F, 0xAD12, 0xAD12, 0xB512,
  0xAD12, 0xAD12, 0xAD12, 0xACF1, 0xAD11, 0xB532, 0xB532, 0x734B, 0x83CD, 0x8C2E, 0x8BED, 0xA4B0,
  0xBD72, 0xCDB3, 0xD615, 0xD615, 0xCDF4, 0xCDD4, 0xCDF4, 0xD5F5, 0xD5F4, 0xCDF4, 0xCDF4, 0xCDF4,
  0xD615, 0xD615, 0xD615, 0xD615, 0xD615, 0xD5F4, 0xD615, 0xD5F4, 0xCDD4, 0xCDF4, 0xD614, 0xCDF4,
  0xCDF4, 0xD5F4, 0xCDF4, 0xCDF4, 0xCDF4, 0xD615, 0xCDF4, 0xCDF4, 0xD615, 0xD615, 0xD615, 0xD615,
  0xD614, 0xCDF5, 0xCDF4, 0xCDF4, 0xCDF4, 0xDE56, 0x8C2E, 0x4C6A, 0x6D6E, 0x32E7, 0x1123, 0x1983,
  0x1904, 0x2124, 0x10A2, 0x3B68, 0x652D, 0x3307, 0x2AA6, 0x0041, 0x0020, 0x0020, 0x0021, 0x0021,
  0x0020, 0x0021, 0x0021, 0x0021, 0x0020, 0x0021, 0x0021, 0x0021, 0x0021, 0x0020, 0x0021, 0x0020,
  0x0020, 0x0021, 0x0021, 0x0020, 0x0020, 0x0021, 0x0020, 0x0021, 0x0020, 0x0021, 0x0021, 0x0021,
  0x0020, 0x0020, 0x0020, 0x0021, 0x0021, 0x0021, 0x0020, 0x0021, 0x0021, 0x0020, 0x0020, 0x0021,
  0x0020, 0x0021, 0x0020, 0x0020, 0x0021, 0x0021, 0x0020, 0x0021, 0x0020, 0x0020, 0x0021, 0x0021,
  0x0020, 0x0020, 0x0020, 0x0020, 0x0020, 0x0020, 0x0021, 0x0021, 0x0020, 0x0020, 0x0020, 0x0021,
  0x0000, 0x21E4, 0x31E5, 0x39A6, 0x5268, 0x62A9, 0x62C9, 0x6B0A, 0x7BAD, 0x8C2F, 0xA4D1, 0xBD94,
  0xBD73, 0xACF2, 0x944F, 0x942F, 0x9C90, 0xACF1, 0xAD12, 0xB532, 0xB532, 0xAD12, 0xAD12, 0x8C0E,
  0xAD12, 0xAD12, 0xAD12, 0xAD12, 0xAD12, 0xAD12, 0xAD12, 0xAD12, 0xACF1, 0xAD11, 0x944F, 0x9C70,
  0xB532, 0xB532, 0xA4D1, 0x9C6F, 0x8C0E, 0x83CD, 0x9C8F, 0xBD52, 0xD5F4, 0xDE55, 0xD635, 0xCDF4,
  0xCDF4, 0xCDF4, 0xCDF4, 0xCDF4, 0xD615, 0xCDF5, 0xD615, 0xD615, 0xD615, 0xD5F4, 0xD5F4, 0xCDF4,
  0xCDF4, 0xCDF4, 0xD5F4, 0xD5F4, 0xCDF4, 0xD615, 0xD5F4, 0xCDF4, 0xD615, 0xD5F4, 0xD614, 0xD615,
  0xD635, 0xD635, 0xD615, 0xD614, 0xD615, 0xD615, 0xD5F5, 0xCDF4, 0xDE56, 0xB512, 0x540A, 0x6DAE,
  0x4368, 0x1103, 0x1944, 0x19A3, 0x1904, 0x18A3, 0x2A66, 0x654D, 0x4369, 0x2AE6, 0x08E2, 0x0000,
  0x0021, 0x0020, 0x0021, 0x0021, 0x0021, 0x0021, 0x0021, 0x0021, 0x0020, 0x0020, 0x0021, 0x0021,
  0x0020, 0x0020, 0x0021, 0x0021, 0x0021, 0x0021, 0x0020, 0x0021, 0x0021, 0x0020, 0x0020, 0x0020,
  0x0021, 0x0020, 0x0020, 0x0021, 0x0020, 0x0021, 0x0020, 0x0021, 0x0021, 0x0021, 0x0020, 0x0020,
  0x0021, 0x0020, 0x0020, 0x0021, 0x0020, 0x0021, 0x0021, 0x0021, 0x0020, 0x0021, 0x0021, 0x0020,
  0x0020, 0x0021, 0x0020, 0x0020, 0x0020, 0x0021, 0x0020, 0x0020, 0x0020, 0x0021, 0x0021, 0x0020,
  0x0020, 0x0020, 0x0041, 0x0000, 0x21C5, 0x548B, 0x1904, 0x18C3, 0x18E3, 0x2944, 0x41E6, 0x5A89,
  0x5AA9, 0x5248, 0x6B2B, 0x7B8C, 0x8C0E, 0xB533, 0xC5B5, 0xBD73, 0xA4B1, 0x8C2F, 0x942F, 0x9C90,
  0xA4D1, 0xAD12, 0x944F, 0x9C90, 0xAD12, 0xAD12, 0xAD12, 0xB512, 0xACF1, 0xACF1, 0xAD12, 0xB512,
  0xB553, 0xA4B0, 0x8BEE, 0xB553, 0xAD11, 0xACF1, 0xAD12, 0xACF1, 0xB512, 0xAD12, 0x9C6F, 0x8C0E,
  0x8C0E, 0x9C6F, 0xBD52, 0xD615, 0xDE56, 0xD635, 0xCDF4, 0xCDF4, 0xD5F4, 0xCDF4, 0xD615, 0xD615,
  0xCDF4, 0xD5F5, 0xCDF4, 0xCDF4, 0xD614, 0xCDD4, 0xCDF4, 0xD615, 0xD5F4, 0xD5F4, 0xD5F4, 0xCDF4,
  0xCDF4, 0xD5F4, 0xCDF4, 0xCDF4, 0xD614, 0xCDF4, 0xD615, 0xCDF4, 0xCDF4, 0xCDF4, 0xCDD4, 0xD635,
  0xCDB4, 0x5BAB, 0x658E, 0x5C6C, 0x19A3, 0x18C3, 0x18E3, 0x19A4, 0x1904, 0x1943, 0x5CEC, 0x540A,
  0x2AE6, 0x19A4, 0x0000, 0x0021, 0x0020, 0x0020, 0x0020, 0x0020, 0x0020, 0x0021, 0x0021, 0x0021,
  0x0021, 0x0020, 0x0020, 0x0020, 0x0021, 0x0020, 0x0020, 0x0021, 0x0021, 0x0021, 0x0021, 0x0021,
  0x0021, 0x0021, 0x0020, 0x0020, 0x0021, 0x0020, 0x0021, 0x0020, 0x0020, 0x0020, 0x0020, 0x0021,
  0x0021, 0x0020, 0x0021, 0x0020, 0x0020, 0x0020, 0x0020, 0x0020, 0x0021, 0x0021, 0x0021, 0x0020,
  0x0021, 0x0021, 0x0020, 0x0020, 0x0020, 0x0020, 0x0020, 0x0021, 0x0021, 0x0021, 0x0021, 0x0021,
  0x0021, 0x0021, 0x0021, 0x0020, 0x0020, 0x0021, 0x0000, 0x08A2, 0x5D0C, 0x29E6, 0x2104, 0x2965,
  0x2125, 0x1904, 0x18E3, 0x18C3, 0x2944, 0x39C6, 0x4A27, 0x5A88, 0x5AA9, 0x62EA, 0x7B8C, 0x944F,
  0xAD32, 0xBD94, 0xBD74, 0xA4D1, 0x944F, 0x7B8C, 0x734B, 0xA4D1, 0xACF1, 0xB532, 0xAD12, 0xAD12,
  0xAD12, 0xB512, 0xAD12, 0xAD12, 0xAD12, 0x8BEE, 0xACF1, 0xB512, 0xB532, 0xB532, 0xAD12, 0xACF1,
  0xACF1, 0xACF1, 0xB532, 0xB532, 0xA4B0, 0x6B2B, 0x83CD, 0x8C0E, 0x9C6F, 0xB532, 0xCDF4, 0xDE55,
  0xDE56, 0xD615, 0xCDD4, 0xCDB3, 0xD5F5, 0xD615, 0xCDF4, 0xCDF4, 0xCDF4, 0xCDF4, 0xD5F4, 0xD5F4,
  0xD5F4, 0xD5F4, 0xCDF4, 0xD615, 0xCDF4, 0xD5F4, 0xD5F4, 0xD5F4, 0xD5F4, 0xD5F4, 0xD615, 0xD615,
  0xD615, 0xD615, 0xCDF4, 0xDE35, 0x73EC, 0x54EC, 0x6D2E, 0x2A66, 0x10C3, 0x1904, 0x18E4, 0x1943,
  0x10C2, 0x4C2A, 0x5CAC, 0x32E7, 0x2245, 0x0000, 0x0021, 0x0020, 0x0020, 0x0020, 0x0021, 0x0020,
  0x0020, 0x0020, 0x0021, 0x0021, 0x0021, 0x0021, 0x0020, 0x0021, 0x0020, 0x0020, 0x0020, 0x0021,
  0x0021, 0x0021, 0x0020, 0x0021, 0x0020, 0x0020, 0x0021, 0x0020, 0x0021, 0x0021, 0x0021, 0x0020,
  0x0021, 0x0021, 0x0020, 0x0021, 0x0021, 0x0021, 0x0021, 0x0020, 0x0021, 0x0021, 0x0020, 0x0021,
  0x0021, 0x0020, 0x0021, 0x0021, 0x0021, 0x0021, 0x0020, 0x0020, 0x0020, 0x0020, 0x0020, 0x0021,
  0x0020, 0x0021, 0x0021, 0x0021, 0x0021, 0x0021, 0x0020, 0x0020, 0x0021, 0x0021, 0x0000, 0x5C8B,
  0x4349, 0x18C4, 0x2145, 0x2125, 0x2125, 0x2145, 0x2145, 0x2125, 0x2104, 0x18E4, 0x10C3, 0x2924,
  0x41E6, 0x5268, 0x5A88, 0x5AA9, 0x62C9, 0x736C, 0x944F, 0xB533, 0xAD12, 0x9470, 0xA4B1, 0x8C0E,
  0x942F, 0x946F, 0xA4D1, 0xB532, 0xB553, 0xB532, 0xAD12, 0xB552, 0x8C0E, 0x9C90, 0xACF1, 0xAD11,
  0xB532, 0xAD12, 0xAD12, 0xB532, 0xAD12, 0xAD12, 0xACF1, 0xB532, 0x8C0E, 0x9C90, 0xACF1, 0xACF1,
  0x944F, 0x8C0E, 0x8BEE, 0x9C6F, 0xB511, 0xCDD4, 0xD635, 0xD635, 0xD615, 0xCDD4, 0xCDF4, 0xCDF4,
  0xCDF4, 0xD5F4, 0xD5F4, 0xCDF4, 0xD615, 0xD5F5, 0xCDD4, 0xCDD4, 0xD615, 0xD615, 0xD5F4, 0xD5F4,
  0xD615, 0xD615, 0xD615, 0xD615, 0xD615, 0xCDF4, 0xDE56, 0x9C6F, 0x4C29, 0x758E, 0x3B08, 0x1103,
  0x18E4, 0x18E3, 0x1904, 0x08C2, 0x32E6, 0x652D, 0x3328, 0x2AC6, 0x0861, 0x0000, 0x0021, 0x0020,
  0x0020, 0x0021, 0x0020, 0x0020, 0x0021, 0x0021, 0x0021, 0x0021, 0x0020, 0x0021, 0x0021, 0x0021,
  0x0020, 0x0020, 0x0021, 0x0020, 0x0020, 0x0021, 0x0020, 0x0020, 0x0021, 0x0021, 0x0020, 0x0021,
  0x0020, 0x0021, 0x0021, 0x0021, 0x0021, 0x0021, 0x0020, 0x0021, 0x0020, 0x0020, 0x0020, 0x0020,
  0x0021, 0x0021, 0x0021, 0x0020, 0x0021, 0x0021, 0x0020, 0x0020, 0x0020, 0x0020, 0x0020, 0x0020,
  0x0020, 0x0020, 0x0020, 0x0020, 0x0021, 0x0021, 0x0020, 0x0021, 0x0021, 0x0020, 0x0020, 0x0020,
  0x0041, 0x0000, 0x3B08, 0x4C0A, 0x18E4, 0x2965, 0x2125, 0x2145, 0x2145, 0x2125, 0x2125, 0x2125,
  0x2145, 0x2145, 0x2145, 0x2104, 0x18E4, 0x18E3, 0x2924, 0x39C6, 0x5248, 0x5A88, 0x5A88, 0x62CA,
  0x62CA, 0x944F, 0xAD32, 0xBDB4, 0xB553, 0xA4B1, 0x942F, 0x8C0E, 0x9C90, 0xA4D1, 0xB553, 0x9C90,
  0x946F, 0xB532, 0xA4D1, 0xACF1, 0xAD12, 0xAD12, 0xAD12, 0xAD11, 0xAD12, 0xAD12, 0xB532, 0x942E,
  0x9C70, 0xB532, 0xACF1, 0xACF2, 0xB532, 0xB532, 0xAD12, 0x9C90, 0x8C0E, 0x83ED, 0x944F, 0xAD11,
  0xC5B4, 0xD635, 0xD635, 0xD615, 0xCDF4, 0xCDF4, 0xCDD4, 0xCDF4, 0xD5F4, 0xCDF4, 0xCDD4, 0xCDF4,
  0xCDF4, 0xD615, 0xD5F4, 0xD615, 0xD635, 0xD615, 0xCDF4, 0xD615, 0xD615, 0xDE36, 0xC573, 0x53EA,
  0x658D, 0x4BEA, 0x1143, 0x18C3, 0x18E4, 0x1904, 0x10A3, 0x21E4, 0x652D, 0x4BA9, 0x2AE6, 0x1123,
  0x0000, 0x0021, 0x0020, 0x0021, 0x0020, 0x0020, 0x0020, 0x0020, 0x0021, 0x0021, 0x0021, 0x0021,
  0x0021, 0x0020, 0x0021, 0x0021, 0x0021, 0x0021, 0x0021, 0x0021, 0x0021, 0x0020, 0x0020, 0x0020,
  0x0021, 0x0020, 0x0020, 0x0021, 0x0021, 0x0021, 0x0020, 0x0020, 0x0021, 0x0021, 0x0021, 0x0021,
  0x0020, 0x0021, 0x0020, 0x0020, 0x0021, 0x0020, 0x0021, 0x0021, 0x0021, 0x0021, 0x0020, 0x0020,
  0x0021, 0x0020, 0x0020, 0x0020, 0x0020, 0x0020, 0x0021, 0x0020, 0x0020, 0x0020, 0x0021, 0x0020,
  0x0020, 0x0021, 0x0020, 0x0041, 0x0000, 0x21C5, 0x5CCC, 0x2965, 0x3146, 0x2965, 0x2124, 0x2124,
  0x2125, 0x2125, 0x2145, 0x2145, 0x2125, 0x2125, 0x2125, 0x2145, 0x2145, 0x2145, 0x2104, 0x18E4,
  0x18E3, 0x2124, 0x39A5, 0x5268, 0x5268, 0x62A9, 0x62CA, 0x734C, 0x8C0E, 0xACF2, 0xBD73, 0xB553,
  0xACF2, 0x944F, 0x83ED, 0x734C, 0x9C90, 0xAD12, 0xB512, 0xB532, 0xAD12, 0xB512, 0xB532, 0xAD11,
  0xACF2, 0xB532, 0xA4B0, 0x8C2F, 0xAD12, 0xAD12, 0xAD12, 0xAD12, 0xB512, 0xAD12, 0xAD12, 0xB532,
  0xB512, 0xAD12, 0x7B8C, 0x734B, 0x8C0E, 0x946F, 0xACF1, 0xCDD4, 0xD635, 0xD635, 0xD5F4, 0xCDF4,
  0xCDF4, 0xC5B3, 0xCDF4, 0xCDF4, 0xCDF4, 0xCDF4, 0xD5F4, 0xD615, 0xD615, 0xCDF4, 0xCDF4, 0xD615,
  0x8C2E, 0x846E, 0x5B4A, 0x54CC, 0x5C8C, 0x19C4, 0x10C3, 0x18E4, 0x18E3, 0x18E4, 0x1923, 0x54AB,
  0x542B, 0x3307, 0x19E4, 0x0000, 0x0021, 0x0020, 0x0021, 0x0020, 0x0021, 0x0021, 0x0020, 0x0020,
  0x0020, 0x0021, 0x0021, 0x0020, 0x0020, 0x0020, 0x0020, 0x0020, 0x0020, 0x0020, 0x0020, 0x0021,
  0x0020, 0x0020, 0x0021, 0x0021, 0x0020, 0x0020, 0x0020, 0x0020, 0x0021, 0x0021, 0x0021, 0x0021,
  0x0021, 0x0020, 0x0021, 0x0021, 0x0020, 0x0021, 0x0020, 0x0020, 0x0020, 0x0021, 0x0020, 0x0021,
  0x0021, 0x0020, 0x0021, 0x0020, 0x0021, 0x0021, 0x0020, 0x0020, 0x0020, 0x0020, 0x0020, 0x0020,
  0x0020, 0x0020, 0x0021, 0x0020, 0x0020, 0x0021, 0x0021, 0x0000, 0x10C2, 0x5CAB, 0x3206, 0x39C7,
  0x42E8, 0x31C6, 0x39C7, 0x3186, 0x2145, 0x2124, 0x2125, 0x2125, 0x2145, 0x2125, 0x2125, 0x2125,
  0x2125, 0x2125, 0x2145, 0x2945, 0x2145, 0x2104, 0x18E3, 0x18E4, 0x2104, 0x39A5, 0x5247, 0x5268,
  0x5AA9, 0x62CA, 0x736C, 0x8C2F, 0xAD12, 0xAD12, 0x9CB1, 0xA4D1, 0x942F, 0x942F, 0x944F, 0xA4D1,
  0xAD12, 0xB532, 0xB532, 0xAD12, 0xAD12, 0xACF1, 0x8BEE, 0xAD12, 0xAD12, 0xACF2, 0xACF1, 0xAD12,
  0xB512, 0xB532, 0xB512, 0xAD12, 0xAD12, 0x9C90, 0x8BEE, 0xB512, 0xACF1, 0x9C90, 0x8C0E, 0x8BEE,
  0x942E, 0xAD11, 0xC5B3, 0xD615, 0xD5F4, 0xCDD4, 0xCDD4, 0xCDF4, 0xCDF4, 0xCDF4, 0xD615, 0xD615,
  0xD5F4, 0xCDD4, 0xD635, 0x9C8F, 0x4C2A, 0x5D2C, 0x5CAC, 0x5C6B, 0x3AE7, 0x10C2, 0x18E4, 0x18E3,
  0x18E4, 0x1082, 0x3B68, 0x650D, 0x3307, 0x2285, 0x0020, 0x0020, 0x0021, 0x0020, 0x0020, 0x0021,
  0x0021, 0x0021, 0x0021, 0x0021, 0x0021, 0x0020, 0x0021, 0x0020, 0x0020, 0x0021, 0x0020, 0x0021,
  0x0020, 0x0020, 0x0020, 0x0021, 0x0020, 0x0021, 0x0020, 0x0021, 0x0021, 0x0021, 0x0020, 0x0021,
  0x0021, 0x0021, 0x0021, 0x0021, 0x0021, 0x0021, 0x0020, 0x0021, 0x0020, 0x0020, 0x0021, 0x0020,
  0x0021, 0x0020, 0x0021, 0x0021, 0x0020, 0x0021, 0x0020, 0x0021, 0x0020, 0x0020, 0x0020, 0x0020,
  0x0020, 0x0020, 0x0020, 0x0020, 0x0020, 0x0021, 0x0020, 0x0020, 0x0020, 0x0021, 0x0021, 0x0020,
  0x5C6B, 0x5CAC, 0x29A5, 0x3186, 0x3206, 0x31A6, 0x4208, 0x4208, 0x4207, 0x39E7, 0x3186, 0x2945,
  0x2124, 0x2125, 0x2145, 0x2145, 0x2145, 0x2145, 0x2145, 0x2145, 0x2125, 0x2145, 0x2145, 0x2145,
  0x2124, 0x18E3, 0x18C3, 0x2124, 0x39C6, 0x5248, 0x5A88, 0x5A88, 0x62CA, 0x5ACA, 0x8C2F, 0xACF2,
  0xB553, 0xB533, 0xA4D1, 0x9470, 0x8C2E, 0x944F, 0xA4D1, 0xAD12, 0xB552, 0x8BEE, 0xA4B0, 0xAD12,
  0xACF2, 0xACF1, 0xAD12, 0xB512, 0xAD12, 0xB532, 0xAD12, 0xAD12, 0xACF1, 0x83EE, 0xACF1, 0xAD12,
  0xACF1, 0xACF1, 0xB532, 0xAD11, 0xA4B0, 0x944F, 0x8BEE, 0x8C0E, 0xA4B0, 0xCDF4, 0xD635, 0xD635,
  0xD615, 0xCDF4, 0xCDF4, 0xCDF4, 0xCDF4, 0xD615, 0xBD32, 0x6C0C, 0x6D8E, 0x654D, 0x654D, 0x6D4E,
  0x3286, 0x10C3, 0x1904, 0x1904, 0x10A3, 0x2245, 0x4C0A, 0x3B48, 0x2AE6, 0x08A1, 0x0000, 0x0021,
  0x0020, 0x0020, 0x0020, 0x0020, 0x0021, 0x0020, 0x0021, 0x0021, 0x0021, 0x0020, 0x0021, 0x0021,
  0x0021, 0x0021, 0x0021, 0x0021, 0x0020, 0x0020, 0x0020, 0x0021, 0x0021, 0x0020, 0x0021, 0x0020,
  0x0021, 0x0021, 0x0021, 0x0020, 0x0020, 0x0021, 0x0021, 0x0020, 0x0021, 0x0021, 0x0021, 0x0021,
  0x0020, 0x0021, 0x0021, 0x0020, 0x0020, 0x0021, 0x0020, 0x0020, 0x0020, 0x0021, 0x0020, 0x0021,
  0x0020, 0x0020, 0x0020, 0x0020, 0x0021, 0x0020, 0x0020, 0x0021, 0x0021, 0x0020, 0x0020, 0x0020,
  0x0021, 0x0021, 0x0000, 0x0881, 0x43A9, 0x544B, 0x64ED, 0x5C6B, 0x4308, 0x3A47, 0x31A6, 0x39A7,
  0x39E7, 0x4208, 0x4208, 0x4207, 0x39E7, 0x31A6, 0x2965, 0x2124, 0x2124, 0x2125, 0x2145, 0x2145,
  0x2145, 0x2125, 0x2125, 0x2125, 0x2145, 0x2145, 0x2145, 0x2124, 0x18E4, 0x18E3, 0x2104, 0x3185,
  0x4A27, 0x4A27, 0x5268, 0x62CA, 0x734B, 0x942F, 0xAD12, 0xBD94, 0xBD74, 0xA4B1, 0x944F, 0x946F,
  0x83EE, 0x8BEE, 0xAD12, 0xB532, 0xB532, 0xACF1, 0xACF1, 0xAD12, 0xACF1, 0xAD12, 0xAD11, 0xB532,
  0x8C2E, 0xA4B0, 0xB532, 0xAD12, 0xAD12, 0xAD12, 0xAD12, 0xAD12, 0xB532, 0xB552, 0xAD11, 0xA4D1,
  0x83AD, 0x734B, 0x942E, 0xA4D0, 0xC593, 0xD615, 0xD635, 0xD615, 0xCDF4, 0xD615, 0xACF0, 0x3B68,
  0x540A, 0x5C4B, 0x6D2E, 0x4369, 0x19A4, 0x18C3, 0x1904, 0x18C3, 0x21A4, 0x5D4D, 0x4BA9, 0x2AE6,
  0x1163, 0x0000, 0x0021, 0x0020, 0x0020, 0x0020, 0x0020, 0x0020, 0x0020, 0x0020, 0x0021, 0x0020,
  0x0020, 0x0021, 0x0020, 0x0020, 0x0020, 0x0020, 0x0021, 0x0020, 0x0020, 0x0020, 0x0021, 0x0020,
  0x0020, 0x0021, 0x0021, 0x0021, 0x0021, 0x0021, 0x0020, 0x0021, 0x0021, 0x0020, 0x0021, 0x0021,
  0x0021, 0x0021, 0x0021, 0x0020, 0x0021, 0x0021, 0x0020, 0x0020, 0x0020, 0x0021, 0x0020, 0x0021,
  0x0021, 0x0020, 0x0021, 0x0021, 0x0021, 0x0020, 0x0020, 0x0020, 0x0020, 0x0021, 0x0020, 0x0021,
  0x0021, 0x0020, 0x0020, 0x0020, 0x0021, 0x0021, 0x0000, 0x0881, 0x2B06, 0x2AC6, 0x3B48, 0x4389,
  0x5C6B, 0x6D0D, 0x5C8C, 0x4B69, 0x3A47, 0x3186, 0x3986, 0x39C7, 0x4208, 0x4228, 0x4207, 0x39E7,
  0x3166, 0x2945, 0x2125, 0x2125, 0x2125, 0x2125, 0x2145, 0x2125, 0x2125, 0x2125, 0x2125, 0x2125,
  0x2145, 0x2145, 0x2104, 0x18E3, 0x18E3, 0x2104, 0x3185, 0x5247, 0x5A88, 0x62A9, 0x62CA, 0x734C,
  0x8C0E, 0xA4F1, 0xBD94, 0xAD12, 0x944F, 0x9470, 0x8C0E, 0x944F, 0xA4D1, 0xB532, 0xB532, 0xB512,
  0xAD12, 0xAD12, 0xB532, 0x944F, 0x944F, 0xB512, 0xAD12, 0xAD12, 0xAD12, 0xAD12, 0xACF2, 0xACF1,
  0xACF2, 0xACF1, 0xACF1, 0xACF1, 0x83AD, 0x9C6F, 0x9C90, 0x8BED, 0x8C0E, 0x944F, 0xACF1, 0xC5B3,
  0xCDF4, 0xDE35, 0xB511, 0x3307, 0x3367, 0x3327, 0x3B28, 0x2AA6, 0x19C4, 0x18C3, 0x18E4, 0x10E3,
  0x4C6A, 0x5C8C, 0x3307, 0x2225, 0x0000, 0x0021, 0x0020, 0x0021, 0x0020, 0x0020, 0x0020, 0x0021,
  0x0021, 0x0020, 0x0021, 0x0020, 0x0020, 0x0021, 0x0020, 0x0020, 0x0020, 0x0021, 0x0021, 0x0020,
  0x0021, 0x0020, 0x0021, 0x0021, 0x0020, 0x0021, 0x0021, 0x0020, 0x0021, 0x0020, 0x0021, 0x0020,
  0x0021, 0x0020, 0x0021, 0x0021, 0x0021, 0x0020, 0x0021, 0x0020, 0x0021, 0x0020, 0x0020, 0x0021,
  0x0021, 0x0020, 0x0020, 0x0021, 0x0020, 0x0020, 0x0021, 0x0020, 0x0020, 0x0021, 0x0020, 0x0020,
  0x0020, 0x0021, 0x0020, 0x0020, 0x0020, 0x0021, 0x0020, 0x0021, 0x0021, 0x0021, 0x0020, 0x0041,
  0x2AE6, 0x3388, 0x3327, 0x32C6, 0x2AC6, 0x3327, 0x43C9, 0x5C6B, 0x64EC, 0x5C6B, 0x4B69, 0x3A67,
  0x31A6, 0x3986, 0x41E7, 0x39E7, 0x4308, 0x3A07, 0x39E7, 0x3186, 0x2965, 0x2124, 0x2104, 0x2125,
  0x2145, 0x2145, 0x2145, 0x2125, 0x2145, 0x2125, 0x2145, 0x2945, 0x2145, 0x2125, 0x18E4, 0x18E3,
  0x2104, 0x39A5, 0x4A27, 0x5A68, 0x5A88, 0x62CA, 0x6B2B, 0x734C, 0xACF2, 0xC5B5, 0xBD94, 0xA4B0,
  0x8C0E, 0x8C2E, 0x9C70, 0xA4D1, 0xACF1, 0xB553, 0xACF2, 0x8C0E, 0xB532, 0xAD12, 0xAD12, 0xAD12,
  0xAD12, 0xAD12, 0xAD12, 0xAD12, 0xAD12, 0xACF1, 0xAD12, 0x8C0E, 0x9C90, 0xAD12, 0xB512, 0xAD12,
  0xB532, 0xACF1, 0x946F, 0x8BEE, 0x8C0E, 0xAD11, 0xA4B0, 0x3347, 0x3BA8, 0x3B88, 0x3B68, 0x2AC6,
  0x21E4, 0x18C3, 0x10A3, 0x3B68, 0x650D, 0x3307, 0x2AA6, 0x0041, 0x0020, 0x0021, 0x0020, 0x0020,
  0x0020, 0x0021, 0x0020, 0x0020, 0x0021, 0x0021, 0x0020, 0x0020, 0x0020, 0x0021, 0x0020, 0x0021,
  0x0021, 0x0020, 0x0020, 0x0021, 0x0020, 0x0021, 0x0020, 0x0020, 0x0021, 0x0020, 0x0021, 0x0020,
  0x0021, 0x0020, 0x0020, 0x0020, 0x0020, 0x0021, 0x0021, 0x0021, 0x0020, 0x0020, 0x0020, 0x0020,
  0x0021, 0x0021, 0x0020, 0x0020, 0x0020, 0x0021, 0x0021, 0x0021, 0x0021, 0x0020, 0x0021, 0x0020,
  0x0020, 0x0020, 0x0020, 0x0020, 0x0020, 0x0021, 0x0021, 0x0020, 0x0021, 0x0020, 0x0021, 0x0021,
  0x0020, 0x0021, 0x0021, 0x0020, 0x08A1, 0x1983, 0x2A85, 0x3307, 0x2B06, 0x3347, 0x2B06, 0x2AC6,
  0x3307, 0x4BCA, 0x5CAC, 0x64ED, 0x5C8B, 0x4349, 0x3A47, 0x3165, 0x29C5, 0x31A6, 0x4208, 0x4208,
  0x4208, 0x39E7, 0x3186, 0x2965, 0x2125, 0x2125, 0x2145, 0x2145, 0x2145, 0x2125, 0x2125, 0x2145,
  0x2145, 0x2125, 0x2145, 0x2145, 0x2124, 0x18E4, 0x18E3, 0x2104, 0x3185, 0x4A27, 0x5268, 0x5248,
  0x62EA, 0x734B, 0x8C0E, 0xA4F1, 0xBD73, 0xB553, 0xA4D1, 0x9470, 0x83EE, 0x944F, 0x83EE, 0x9C90,
  0xB512, 0xB532, 0xACF1, 0xACF2, 0xAD12, 0xAD12, 0xAD12, 0xAD12, 0xACF2, 0xB532, 0x9C70, 0x944F,
  0xB532, 0xACF2, 0xB512, 0xB532, 0xAD12, 0xAD12, 0xB532, 0xACF1, 0x9C90, 0x944F, 0x5AA9, 0x2245,
  0x2AE6, 0x3387, 0x3B68, 0x2AC6, 0x2225, 0x0842, 0x2A65, 0x654D, 0x4389, 0x2AE6, 0x08E2, 0x0000,
  0x0021, 0x0021, 0x0021, 0x0020, 0x0021, 0x0021, 0x0021, 0x0021, 0x0020, 0x0020, 0x0020, 0x0021,
  0x0020, 0x0021, 0x0020, 0x0021, 0x0021, 0x0020, 0x0020, 0x0021, 0x0020, 0x0020, 0x0020, 0x0020,
  0x0020, 0x0020, 0x0021, 0x0020, 0x0021, 0x0021, 0x0020, 0x0020, 0x0020, 0x0021, 0x0021, 0x0021,
  0x0021, 0x0020, 0x0021, 0x0020, 0x0021, 0x0021, 0x0020, 0x0020, 0x0020, 0x0020, 0x0020, 0x0021,
  0x0020, 0x0021, 0x0021, 0x0021, 0x0021, 0x0020, 0x0020, 0x0020, 0x0020, 0x0020, 0x0020, 0x0020,
  0x0020, 0x0020, 0x0021, 0x0020, 0x0020, 0x0020, 0x0020, 0x0021, 0x0000, 0x0000, 0x0020, 0x08A2,
  0x19A3, 0x2A86, 0x3307, 0x3367, 0x3367, 0x3327, 0x2AE6, 0x3307, 0x4389, 0x5C8B, 0x64EC, 0x5C6B,
  0x4B29, 0x3226, 0x31A6, 0x3186, 0x39C7, 0x4208, 0x4208, 0x4208, 0x39E7, 0x39C6, 0x2965, 0x2125,
  0x2125, 0x2125, 0x2145, 0x2145, 0x2145, 0x2125, 0x2125, 0x2125, 0x2145, 0x2145, 0x2145, 0x2125,
  0x1904, 0x18E3, 0x2104, 0x3185, 0x4A27, 0x5268, 0x5A68, 0x62C9, 0x734B, 0x8C0F, 0xACF2, 0xB553,
  0xBD94, 0x8C2F, 0x8C0F, 0x8C0E, 0x944F, 0xA4D1, 0xAD12, 0xB512, 0xAD12, 0xAD12, 0xAD12, 0xACF2,
  0xB532, 0xA4B1, 0x8C0E, 0xB532, 0xACF1, 0xAD12, 0xAD12, 0xAD12, 0xB532, 0xAD12, 0xAD12, 0xA4D1,
  0xACF1, 0xA4B0, 0x83AD, 0x942F, 0x6B2B, 0x4AC8, 0x3286, 0x1A45, 0x1163, 0x1103, 0x54AB, 0x4BEA,
  0x3306, 0x1983, 0x0000, 0x0021, 0x0020, 0x0020, 0x0020, 0x0021, 0x0021, 0x0021, 0x0021, 0x0021,
  0x0020, 0x0021, 0x0021, 0x0021, 0x0021, 0x0021, 0x0021, 0x0020, 0x0021, 0x0020, 0x0020, 0x0020,
  0x0020, 0x0021, 0x0020, 0x0021, 0x0020, 0x0020, 0x0020, 0x0020, 0x0021, 0x0021, 0x0020, 0x0020,
  0x0021, 0x0020, 0x0021, 0x0020, 0x0021, 0x0020, 0x0021, 0x0021, 0x0021, 0x0021, 0x0021, 0x0021,
  0x0021, 0x0020, 0x0020, 0x0021, 0x0020, 0x0020, 0x0021, 0x0021, 0x0021, 0x0021, 0x0021, 0x0020,
  0x0020, 0x0020, 0x0020, 0x0020, 0x0020, 0x0020, 0x0020, 0x0021, 0x0021, 0x0020, 0x0020, 0x0020,
  0x0021, 0x0021, 0x0020, 0x0000, 0x0000, 0x0000, 0x08A1, 0x1963, 0x2A85, 0x3347, 0x3B68, 0x3347,
  0x3306, 0x2AC6, 0x3307, 0x4BEA, 0x5C8C, 0x64ED, 0x5CAC, 0x4349, 0x3A47, 0x31A6, 0x39A7, 0x39E7,
  0x4208, 0x4228, 0x4208, 0x4207, 0x3186, 0x2945, 0x2125, 0x2124, 0x2125, 0x2145, 0x2145, 0x2125,
  0x2125, 0x2125, 0x2125, 0x2145, 0x2145, 0x2145, 0x2124, 0x1904, 0x10C3, 0x18E3, 0x3185, 0x5247,
  0x5AA9, 0x62A9, 0x5AA9, 0x6B2B, 0x83EE, 0x9450, 0xBD94, 0xBD74, 0xA4F1, 0x942F, 0x8C0E, 0x944F,
  0xA4B0, 0xAD12, 0xB532, 0xAD12, 0xB532, 0x83EE, 0xA4D1, 0xB512, 0xB512, 0xB512, 0xAD12, 0xACF1,
  0xAD12, 0xAD12, 0xAD12, 0xAD32, 0xACF1, 0x83CD, 0xACF2, 0xBD73, 0xB532, 0xACF2, 0x9C6F, 0x734B,
  0x3225, 0x3B88, 0x4C0A, 0x2AE6, 0x2224, 0x0000, 0x0021, 0x0021, 0x0020, 0x0021, 0x0021, 0x0020,
  0x0020, 0x0020, 0x0020, 0x0021, 0x0020, 0x0020, 0x0020, 0x0021, 0x0020, 0x0020, 0x0020, 0x0020,
  0x0020, 0x0021, 0x0020, 0x0020, 0x0020, 0x0021, 0x0020, 0x0021, 0x0021, 0x0020, 0x0020, 0x0021,
  0x0020, 0x0020, 0x0021, 0x0021, 0x0021, 0x0020, 0x0021, 0x0020, 0x0020, 0x0021, 0x0021, 0x0021,
  0x0021, 0x0021, 0x0021, 0x0021, 0x0020, 0x0020, 0x0020, 0x0020, 0x0021, 0x0020, 0x0021, 0x0021,
  0x0021, 0x0021, 0x0020, 0x0020, 0x0020, 0x0021, 0x0020, 0x0020, 0x0021, 0x0020, 0x0020, 0x0021,
  0x0021, 0x0021, 0x0020, 0x0020, 0x0020, 0x0021, 0x0021, 0x0021, 0x0021, 0x0021, 0x0000, 0x0000,
  0x0000, 0x08A1, 0x1963, 0x2A65, 0x3327, 0x3B68, 0x3327, 0x3307, 0x2A85, 0x3327, 0x4389, 0x546B,
  0x650D, 0x5C6B, 0x4B49, 0x3A67, 0x31A6, 0x3186, 0x39C7, 0x39E7, 0x42E8, 0x3A88, 0x39C7, 0x31A6,
  0x2965, 0x2145, 0x2125, 0x2125, 0x2145, 0x2145, 0x2145, 0x2145, 0x2125, 0x2125, 0x2145, 0x2145,
  0x2145, 0x2125, 0x1904, 0x18E3, 0x2124, 0x3185, 0x4A07, 0x5A88, 0x5248, 0x5AA9, 0x6B2B, 0x8C0E,
  0xACF2, 0xBD74, 0xBD74, 0xA4F2, 0x942F, 0x83ED, 0x944F, 0xA4D1, 0x8C0E, 0xA4D1, 0xBD73, 0xAD12,
  0xAD12, 0xACF1, 0xAD12, 0xB512, 0xAD12, 0xAD12, 0xACF2, 0xB553, 0x942F, 0x9C6F, 0xB553, 0xAD12,
  0xAD12, 0xAD12, 0xBD73, 0x840E, 0x4429, 0x548B, 0x2265, 0x2AE6, 0x0861, 0x0000, 0x0021, 0x0020,
  0x0020, 0x0021, 0x0020, 0x0020, 0x0021, 0x0021, 0x0021, 0x0021, 0x0021, 0x0020, 0x0021, 0x0021,
  0x0021, 0x0021, 0x0021, 0x0020, 0x0021, 0x0020, 0x0020, 0x0021, 0x0020, 0x0020, 0x0021, 0x0020,
  0x0020, 0x0021, 0x0021, 0x0021, 0x0020, 0x0020, 0x0021, 0x0020, 0x0020, 0x0020, 0x0020, 0x0020,
  0x0020, 0x0021, 0x0021, 0x0021, 0x0021, 0x0021, 0x0021, 0x0021, 0x0020, 0x0020, 0x0020, 0x0021,
  0x0021, 0x0020, 0x0021, 0x0020, 0x0021, 0x0021, 0x0020, 0x0020, 0x0020, 0x0020, 0x0020, 0x0021,
  0x0020, 0x0021, 0x0021, 0x0020, 0x0020, 0x0021, 0x0020, 0x0020, 0x0021, 0x0021, 0x0021, 0x0021,
  0x0021, 0x0021, 0x0021, 0x0021, 0x0021, 0x0000, 0x0000, 0x0000, 0x0881, 0x1983, 0x2A85, 0x2285,
  0x3307, 0x3347, 0x2AE6, 0x2AC6, 0x3307, 0x43A9, 0x5C8C, 0x64ED, 0x5C8B, 0x4B69, 0x3A47, 0x3186,
  0x3206, 0x29E6, 0x39C7, 0x3A07, 0x39E7, 0x39E7, 0x31A6, 0x2966, 0x2145, 0x2124, 0x2125, 0x2145,
  0x2145, 0x2145, 0x2125, 0x2125, 0x2125, 0x2145, 0x2145, 0x2145, 0x2124, 0x18E4, 0x18E3, 0x2104,
  0x2944, 0x41E6, 0x5A88, 0x5A89, 0x62C9, 0x6B2B, 0x8C0E, 0xACF2, 0xBD73, 0xAD12, 0xAD12, 0x83EE,
  0x736C, 0x9470, 0xA4D1, 0xB512, 0xB532, 0xB512, 0xAD12, 0xAD12, 0xAD11, 0xACF1, 0xB553, 0x9C6F,
  0x942F, 0xB553, 0xACF1, 0xAD12, 0xAD12, 0xB553, 0x9C70, 0x4BC9, 0x652D, 0x3B28, 0x2AC6, 0x1122,
  0x0000, 0x0021, 0x0020, 0x0021, 0x0021, 0x0021, 0x0021, 0x0021, 0x0021, 0x0021, 0x0020, 0x0021,
  0x0020, 0x0020, 0x0021, 0x0021, 0x0020, 0x0021, 0x0021, 0x0021, 0x0021, 0x0021, 0x0020, 0x0020,
  0x0020, 0x0020, 0x0020, 0x0021, 0x0020, 0x0020, 0x0021, 0x0021, 0x0020, 0x0020, 0x0020, 0x0020,
  0x0020, 0x0020, 0x0021, 0x0020, 0x0020, 0x0021, 0x0020, 0x0021, 0x0021, 0x0021, 0x0020, 0x0020,
  0x0021, 0x0021, 0x0020, 0x0020, 0x0020, 0x0021, 0x0021, 0x0021, 0x0020, 0x0020, 0x0020, 0x0020,
  0x0020, 0x0020, 0x0020, 0x0020, 0x0020, 0x0020, 0x0020, 0x0021, 0x0021, 0x0021, 0x0021, 0x0021,
  0x0020, 0x0021, 0x0021, 0x0021, 0x0020, 0x0021, 0x0020, 0x0020, 0x0020, 0x0021, 0x0021, 0x0021,
  0x0000, 0x0000, 0x0000, 0x08A1, 0x1983, 0x2245, 0x3307, 0x3B68, 0x3347, 0x3307, 0x3307, 0x3327,
  0x43A9, 0x5C6B, 0x64ED, 0x64CC, 0x4B49, 0x3206, 0x3186, 0x3186, 0x39C7, 0x39E7, 0x4208, 0x4228,
  0x39E7, 0x31A6, 0x2965, 0x2125, 0x2125, 0x2125, 0x2145, 0x2145, 0x2145, 0x2125, 0x2145, 0x2125,
  0x2145, 0x2945, 0x2945, 0x2125, 0x1904, 0x18C3, 0x2104, 0x3185, 0x4A07, 0x5A88, 0x5A88, 0x5A89,
  0x6B0B, 0x8C2F, 0x9C90, 0x9CB1, 0xBDB4, 0xA4D1, 0x8C2F, 0x8C2F, 0x9C70, 0xA4D1, 0xACF1, 0xB512,
  0xB532, 0xB532, 0xACF1, 0x8C0E, 0xAD12, 0xAD12, 0xAD12, 0xAD12, 0xB532, 0xB512, 0x5B8A, 0x656D,
  0x53EA, 0x2AC6, 0x19C4, 0x0000, 0x0021, 0x0020, 0x0021, 0x0021, 0x0021, 0x0021, 0x0020, 0x0020,
  0x0020, 0x0020, 0x0021, 0x0021, 0x0020, 0x0020, 0x0021, 0x0020, 0x0020, 0x0020, 0x0020, 0x0021,
  0x0020, 0x0020, 0x0020, 0x0021, 0x0020, 0x0020, 0x0020, 0x0021, 0x0020, 0x0020, 0x0020, 0x0020,
  0x0020, 0x0021, 0x0020, 0x0020, 0x0020, 0x0020, 0x0021, 0x0021, 0x0021, 0x0021, 0x0021, 0x0021,
  0x0020, 0x0020, 0x0020, 0x0021, 0x0021, 0x0020, 0x0020, 0x0021, 0x0021, 0x0021, 0x0020, 0x0021,
  0x0021, 0x0021, 0x0020, 0x0020, 0x0020, 0x0021, 0x0021, 0x0021, 0x0020, 0x0020, 0x0020, 0x0020,
  0x0021, 0x0020, 0x0021, 0x0021, 0x0020, 0x0020, 0x0021, 0x0021, 0x0020, 0x0021, 0x0021, 0x0020,
  0x0021, 0x0020, 0x0020, 0x0021, 0x0021, 0x0021, 0x0021, 0x0000, 0x0000, 0x0000, 0x0881, 0x1163,
  0x2265, 0x3327, 0x3B88, 0x3367, 0x3327, 0x2AE6, 0x3B47, 0x43A9, 0x544B, 0x64EC, 0x5C8B, 0x4B89,
  0x3A47, 0x3186, 0x39A7, 0x39C7, 0x41E7, 0x4208, 0x39E7, 0x39C7, 0x39C7, 0x2945, 0x2125, 0x2125,
  0x2125, 0x2145, 0x2145, 0x2145, 0x2125, 0x2125, 0x2145, 0x2145, 0x2145, 0x2145, 0x2104, 0x18E4,
  0x18C3, 0x2104, 0x3185, 0x4A07, 0x5A88, 0x5AA9, 0x4A27, 0x6B0B, 0x83EE, 0xA4D1, 0xBD73, 0xBD94,
  0xACF2, 0x944F, 0x8C0E, 0x944F, 0xA4D1, 0xACF1, 0x83ED, 0xACF1, 0xB532, 0xACF1, 0xAD12, 0xAD12,
  0xBD53, 0x73AC, 0x54CB, 0x64AC, 0x2AC6, 0x2265, 0x0020, 0x0021, 0x0021, 0x0021, 0x0021, 0x0020,
  0x0020, 0x0020, 0x0021, 0x0021, 0x0021, 0x0020, 0x0021, 0x0020, 0x0020, 0x0020, 0x0020, 0x0020,
  0x0021, 0x0020, 0x0020, 0x0021, 0x0020, 0x0020, 0x0021, 0x0021, 0x0021, 0x0020, 0x0021, 0x0020,
  0x0021, 0x0021, 0x0021, 0x0020, 0x0020, 0x0021, 0x0021, 0x0021, 0x0021, 0x0021, 0x0021, 0x0021,
  0x0021, 0x0021, 0x0021, 0x0020, 0x0020, 0x0020, 0x0020, 0x0020, 0x0021, 0x0020, 0x0021, 0x0020,
  0x0020, 0x0021, 0x0021, 0x0021, 0x0020, 0x0021, 0x0020, 0x0020, 0x0020, 0x0020, 0x0021, 0x0020,
  0x0020, 0x0021, 0x0021, 0x0021, 0x0021, 0x0021, 0x0021, 0x0021, 0x0020, 0x0020, 0x0021, 0x0021,
  0x0020, 0x0021, 0x0021, 0x0021, 0x0021, 0x0020, 0x0021, 0x0020, 0x0021, 0x0020, 0x0021, 0x0021,
  0x0021, 0x0021, 0x0000, 0x0000, 0x0000, 0x0881, 0x1983, 0x2265, 0x3327, 0x3B88, 0x3327, 0x2AA6,
  0x2A66, 0x32E7, 0x4BC9, 0x5C8B, 0x64CC, 0x5C8B, 0x4B69, 0x3A47, 0x31A6, 0x3986, 0x39C7, 0x4207,
  0x4207, 0x4288, 0x3A07, 0x3186, 0x2965, 0x2145, 0x2125, 0x2125, 0x2125, 0x2145, 0x2145, 0x2125,
  0x2125, 0x2125, 0x2125, 0x2145, 0x2145, 0x2125, 0x1904, 0x18E3, 0x2104, 0x3165, 0x41C6, 0x5A68,
  0x5A68, 0x62A9, 0x734C, 0x8C0E, 0xA4B1, 0xB553, 0xC5B4, 0x9470, 0x83CE, 0x83CE, 0x7BAD, 0xA4D1,
  0xACF1, 0xB532, 0xB532, 0xB553, 0x8BEE, 0x4C2A, 0x650D, 0x3307, 0x2AC6, 0x08A1, 0x0000, 0x0021,
  0x0020, 0x0020, 0x0021, 0x0020, 0x0021, 0x0021, 0x0021, 0x0020, 0x0020, 0x0021, 0x0021, 0x0020,
  0x0020, 0x0021, 0x0020, 0x0020, 0x0020, 0x0021, 0x0020, 0x0020, 0x0021, 0x0021, 0x0021, 0x0021,
  0x0020, 0x0021, 0x0020, 0x0020, 0x0020, 0x0021, 0x0020, 0x0021, 0x0020, 0x0020, 0x0021, 0x0021,
  0x0020, 0x0020, 0x0021, 0x0020, 0x0020, 0x0020, 0x0021, 0x0021, 0x0021, 0x0020, 0x0021, 0x0020,
  0x0020, 0x0021, 0x0021, 0x0020, 0x0021, 0x0021, 0x0020, 0x0021, 0x0021, 0x0020, 0x0021, 0x0020,
  0x0020, 0x0021, 0x0020, 0x0021, 0x0021, 0x0021, 0x0021, 0x0020, 0x0020, 0x0020, 0x0020, 0x0021,
  0x0021, 0x0021, 0x0021, 0x0021, 0x0021, 0x0021, 0x0021, 0x0021, 0x0020, 0x0021, 0x0021, 0x0021,
  0x0020, 0x0021, 0x0021, 0x0020, 0x0021, 0x0020, 0x0021, 0x0021, 0x0021, 0x0000, 0x0000, 0x0000,
  0x0881, 0x1983, 0x2265, 0x2285, 0x2B06, 0x3368, 0x3307, 0x2AE6, 0x3307, 0x43A9, 0x5C6B, 0x64EC,
  0x5CAC, 0x4BAA, 0x3A47, 0x31A6, 0x3125, 0x3AA7, 0x3226, 0x39C7, 0x4208, 0x39E7, 0x31A6, 0x2965,
  0x2145, 0x2124, 0x2125, 0x2145, 0x2145, 0x2125, 0x2125, 0x2125, 0x2145, 0x2145, 0x2145, 0x2145,
  0x2125, 0x1904, 0x18E3, 0x2104, 0x3165, 0x4A07, 0x5268, 0x5A88, 0x5AA9, 0x6B2B, 0x83CE, 0x8C2F,
  0xB553, 0xB553, 0xAD32, 0x944F, 0x8BEE, 0x944F, 0xACF1, 0xA490, 0x4BA9, 0x656D, 0x4369, 0x2B06,
  0x1143, 0x0000, 0x0021, 0x0021, 0x0021, 0x0021, 0x0021, 0x0021, 0x0021, 0x0021, 0x0021, 0x0021,
  0x0020, 0x0020, 0x0020, 0x0021, 0x0021, 0x0021, 0x0021, 0x0020, 0x0020, 0x0021, 0x0020, 0x0020,
  0x0020, 0x0021, 0x0021, 0x0020, 0x0020, 0x0020, 0x0021, 0x0021, 0x0021, 0x0020, 0x0021, 0x0020,
  0x0020, 0x0020, 0x0020, 0x0021, 0x0020, 0x0020, 0x0020, 0x0021, 0x0020, 0x0020, 0x0020, 0x0021,
  0x0021, 0x0020, 0x0021, 0x0020, 0x0020, 0x0021, 0x0020, 0x0020, 0x0021, 0x0021, 0x0020, 0x0020,
  0x0021, 0x0021, 0x0021, 0x0020, 0x0020, 0x0021, 0x0020, 0x0021, 0x0021, 0x0020, 0x0020, 0x0020,
  0x0020, 0x0020, 0x0021, 0x0021, 0x0020, 0x0021, 0x0020, 0x0021, 0x0020, 0x0021, 0x0020, 0x0020,
  0x0020, 0x0021, 0x0020, 0x0020, 0x0021, 0x0021, 0x0021, 0x0021, 0x0021, 0x0021, 0x0020, 0x0020,
  0x0020, 0x0021, 0x0021, 0x0021, 0x0000, 0x0000, 0x0000, 0x0881, 0x1983, 0x2A86, 0x3307, 0x3367,
  0x3347, 0x3307, 0x2AE6, 0x3307, 0x43A9, 0x544B, 0x5CCC, 0x5C8B, 0x4B89, 0x29E5, 0x2966, 0x3987,
  0x39A7, 0x39E7, 0x3A07, 0x4207, 0x39E7, 0x31C6, 0x2965, 0x2125, 0x2124, 0x2124, 0x2125, 0x2145,
  0x2145, 0x2145, 0x2145, 0x2145, 0x2145, 0x2945, 0x2145, 0x2125, 0x1904, 0x18E3, 0x2104, 0x3185,
  0x41E7, 0x5248, 0x5247, 0x5A89, 0x6B2B, 0x83EE, 0xAD12, 0xBD73, 0xBD94, 0xACF2, 0x942F, 0x5329,
  0x656D, 0x53EA, 0x2AE6, 0x2205, 0x0000, 0x0021, 0x0020, 0x0021, 0x0020, 0x0021, 0x0020, 0x0021,
  0x0021, 0x0021, 0x0020, 0x0020, 0x0021, 0x0020, 0x0020, 0x0021, 0x0020, 0x0020, 0x0020, 0x0020,
  0x0020, 0x0021, 0x0020, 0x0020, 0x0020, 0x0020, 0x0021, 0x0020, 0x0020, 0x0020, 0x0021, 0x0020,
  0x0021, 0x0021, 0x0021, 0x0021, 0x0021, 0x0021, 0x0020, 0x0021, 0x0021, 0x0021, 0x0021, 0x0021,
  0x0020, 0x0021, 0x0021, 0x0021, 0x0020, 0x0020, 0x0020, 0x0021, 0x0020, 0x0021, 0x0021, 0x0020,
  0x0021, 0x0021, 0x0020, 0x0020, 0x0020, 0x0021, 0x0021, 0x0020, 0x0020, 0x0020, 0x0020, 0x0021,
  0x0020, 0x0020, 0x0020, 0x0021, 0x0020, 0x0020, 0x0020, 0x0021, 0x0020, 0x0020, 0x0020, 0x0021,
  0x0021, 0x0020, 0x0021, 0x0021, 0x0020, 0x0020, 0x0021, 0x0020, 0x0021, 0x0021, 0x0020, 0x0021,
  0x0021, 0x0021, 0x0021, 0x0020, 0x0020, 0x0021, 0x0021, 0x0021, 0x0021, 0x0021, 0x0021, 0x0000,
  0x0000, 0x0000, 0x0881, 0x1163, 0x2265, 0x3327, 0x3B68, 0x3347, 0x2B06, 0x2AC6, 0x32E7, 0x4BC9,
  0x5C6B, 0x64CC, 0x64AC, 0x53AA, 0x3A47, 0x3186, 0x3186, 0x39C7, 0x4208, 0x4208, 0x39E7, 0x39E7,
  0x31A6, 0x2965, 0x2125, 0x2124, 0x2125, 0x2145, 0x2145, 0x2145, 0x2145, 0x2145, 0x2145, 0x2145,
  0x2145, 0x2145, 0x2125, 0x18E4, 0x18C3, 0x2103, 0x3185, 0x41E6, 0x5A68, 0x5A89, 0x5AA9, 0x6B2B,
  0x8C2F, 0xB533, 0x7C0E, 0x43E9, 0x5C8C, 0x2AE6, 0x2AA6, 0x0041, 0x0020, 0x0021, 0x0020, 0x0021,
  0x0020, 0x0021, 0x0020, 0x0021, 0x0021, 0x0020, 0x0021, 0x0021, 0x0021, 0x0020, 0x0021, 0x0020,
  0x0020, 0x0020, 0x0021, 0x0020, 0x0020, 0x0021, 0x0020, 0x0021, 0x0020, 0x0021, 0x0020, 0x0020,
  0x0021, 0x0021, 0x0021, 0x0020, 0x0021, 0x0021, 0x0021, 0x0021, 0x0021, 0x0021, 0x0021, 0x0020,
  0x0020, 0x0020, 0x0021, 0x0021, 0x0020, 0x0020, 0x0021, 0x0020, 0x0020, 0x0020, 0x0021, 0x0020,
  0x0021, 0x0021, 0x0021, 0x0020, 0x0021, 0x0021, 0x0020, 0x0021, 0x0020, 0x0021, 0x0020, 0x0020,
  0x0020, 0x0021, 0x0021, 0x0021, 0x0020, 0x0021, 0x0020, 0x0020, 0x0020, 0x0021, 0x0020, 0x0021,
  0x0021, 0x0021, 0x0021, 0x0020, 0x0021, 0x0021, 0x0020, 0x0021, 0x0020, 0x0020, 0x0021, 0x0021,
  0x0021, 0x0021, 0x0020, 0x0020, 0x0021, 0x0020, 0x0021, 0x0021, 0x0021, 0x0021, 0x0021, 0x0021,
  0x0021, 0x0020, 0x0021, 0x0021, 0x0021, 0x0021, 0x0000, 0x0000, 0x0000, 0x0881, 0x1163, 0x2245,
  0x3307, 0x3367, 0x3347, 0x2AE6, 0x32E7, 0x3327, 0x43A9, 0x546B, 0x5CCC, 0x5C8B, 0x4B69, 0x3A67,
  0x31A6, 0x3186, 0x39A7, 0x39E7, 0x4208, 0x3A07, 0x3A27, 0x31A6, 0x2965, 0x2125, 0x2124, 0x2125,
  0x2145, 0x2125, 0x2145, 0x2145, 0x2125, 0x2125, 0x2125, 0x2145, 0x2145, 0x2125, 0x1904, 0x18E3,
  0x2104, 0x3165, 0x41E6, 0x5A88, 0x62C9, 0x62A9, 0x4328, 0x5C8C, 0x3307, 0x2B06, 0x08C2, 0x0000,
  0x0021, 0x0021, 0x0021, 0x0021, 0x0021, 0x0020, 0x0021, 0x0020, 0x0021, 0x0020, 0x0021, 0x0020,
  0x0021, 0x0021, 0x0020, 0x0020, 0x0021, 0x0021, 0x0020, 0x0020, 0x0021, 0x0021, 0x0021, 0x0021,
  0x0021, 0x0020, 0x0021, 0x0021, 0x0021, 0x0021, 0x0021, 0x0021, 0x0021, 0x0021, 0x0020, 0x0021,
  0x0021, 0x0021, 0x0021, 0x0021, 0x0020, 0x0021, 0x0021, 0x0021, 0x0020, 0x0021, 0x0021, 0x0021,
  0x0021, 0x0020, 0x0021, 0x0021, 0x0021, 0x0021, 0x0020, 0x0021, 0x0021, 0x0020, 0x0020, 0x0020,
  0x0020, 0x0021, 0x0020, 0x0020, 0x0020, 0x0020, 0x0020, 0x0020, 0x0021, 0x0021, 0x0021, 0x0020,
  0x0021, 0x0020, 0x0021, 0x0020, 0x0020, 0x0021, 0x0020, 0x0021, 0x0020, 0x0021, 0x0020, 0x0020,
  0x0020, 0x0020, 0x0021, 0x0021, 0x0020, 0x0021, 0x0021, 0x0020, 0x0020, 0x0020, 0x0021, 0x0021,
  0x0021, 0x0021, 0x0020, 0x0021, 0x0021, 0x0020, 0x0020, 0x0021, 0x0021, 0x0020, 0x0021, 0x0021,
  0x0021, 0x0000, 0x0000, 0x0000, 0x0881, 0x1163, 0x2265, 0x3307, 0x3307, 0x3327, 0x2B27, 0x2AA6,
  0x2AC6, 0x43A9, 0x5C8B, 0x64EC, 0x5C8C, 0x4B89, 0x3A47, 0x31A6, 0x3166, 0x31E6, 0x3B68, 0x39C7,
  0x4208, 0x39E7, 0x31C6, 0x2965, 0x2145, 0x2124, 0x2125, 0x2145, 0x2145, 0x2145, 0x2145, 0x2125,
  0x2125, 0x2145, 0x2145, 0x2145, 0x2125, 0x1904, 0x18E3, 0x2104, 0x3185, 0x41A6, 0x2A45, 0x2B06,
  0x2AC6, 0x1983, 0x0000, 0x0021, 0x0021, 0x0021, 0x0020, 0x0021, 0x0021, 0x0020, 0x0020, 0x0020,
  0x0021, 0x0021, 0x0020, 0x0020, 0x0020, 0x0021, 0x0021, 0x0020, 0x0020, 0x0021, 0x0021, 0x0021,
  0x0020, 0x0020, 0x0021, 0x0021, 0x0021, 0x0021, 0x0021, 0x0021, 0x0020, 0x0021, 0x0021, 0x0021,
  0x0021, 0x0021, 0x0021, 0x0021, 0x0021, 0x0021, 0x0020, 0x0021, 0x0020, 0x0020, 0x0021, 0x0021,
  0x0020, 0x0021, 0x0020, 0x0021, 0x0020, 0x0020, 0x0021, 0x0021, 0x0020, 0x0021, 0x0021, 0x0020,
  0x0020, 0x0020, 0x0021, 0x0020, 0x0021, 0x0021, 0x0020, 0x0020, 0x0020, 0x0021, 0x0020, 0x0021,
  0x0020, 0x0021, 0x0021, 0x0020, 0x0021, 0x0021, 0x0020, 0x0021, 0x0020, 0x0021, 0x0021, 0x0020,
  0x0020, 0x0020, 0x0020, 0x0020, 0x0021, 0x0021, 0x0021, 0x0021, 0x0021, 0x0021, 0x0021, 0x0021,
  0x0021, 0x0021, 0x0021, 0x0021, 0x0021, 0x0021, 0x0021, 0x0021, 0x0021, 0x0021, 0x0021, 0x0020,
  0x0020, 0x0020, 0x0020, 0x0021, 0x0020, 0x0021, 0x0021, 0x0021, 0x0000, 0x0000, 0x0000, 0x08A1,
  0x1163, 0x2285, 0x3307, 0x3347, 0x3347, 0x2B07, 0x2AE6, 0x32E7, 0x4389, 0x5C6B, 0x64ED, 0x5C8B,
  0x4369, 0x3A47, 0x2965, 0x3166, 0x39A7, 0x39E7, 0x4208, 0x4208, 0x4207, 0x39C7, 0x2965, 0x2125,
  0x2124, 0x2125, 0x2145, 0x2145, 0x2145, 0x2125, 0x2125, 0x2125, 0x2145, 0x2145, 0x2945, 0x2965,
  0x10A3, 0x2225, 0x32E7, 0x22A6, 0x2224, 0x0000, 0x0021, 0x0021, 0x0020, 0x0021, 0x0020, 0x0020,
  0x0021, 0x0020, 0x0021, 0x0020, 0x0020, 0x0021, 0x0020, 0x0020, 0x0021, 0x0021, 0x0020, 0x0021,
  0x0021, 0x0021, 0x0021, 0x0020, 0x0020, 0x0020, 0x0021, 0x0020, 0x0021, 0x0021, 0x0021, 0x0020,
  0x0020, 0x0020, 0x0020, 0x0021, 0x0021, 0x0021, 0x0021, 0x0020, 0x0021, 0x0021, 0x0021, 0x0020,
  0x0020, 0x0020, 0x0021, 0x0021, 0x0020, 0x0021, 0x0020, 0x0021, 0x0020, 0x0021, 0x0020, 0x0021,
  0x0020, 0x0021, 0x0021, 0x0021, 0x0021, 0x0020, 0x0021, 0x0020, 0x0021, 0x0021, 0x0020, 0x0020,
  0x0020, 0x0020, 0x0020, 0x0021, 0x0020, 0x0021, 0x0021, 0x0021, 0x0020, 0x0021, 0x0021, 0x0021,
  0x0021, 0x0020, 0x0020, 0x0020, 0x0021, 0x0021, 0x0021, 0x0021, 0x0020, 0x0021, 0x0020, 0x0021,
  0x0021, 0x0021, 0x0021, 0x0021, 0x0021, 0x0021, 0x0021, 0x0020, 0x0021, 0x0020, 0x0021, 0x0021,
  0x0020, 0x0020, 0x0020, 0x0020, 0x0020, 0x0020, 0x0020, 0x0020, 0x0020, 0x0021, 0x0020, 0x0020,
  0x0021, 0x0021, 0x0021, 0x0000, 0x0000, 0x0000, 0x0881, 0x1163, 0x2265, 0x3327, 0x3347, 0x3347,
  0x3307, 0x2AC6, 0x3307, 0x43A9, 0x5C6B, 0x64ED, 0x5C8C, 0x4B89, 0x3A47, 0x31A6, 0x3186, 0x39C7,
  0x4208, 0x4228, 0x4208, 0x39E7, 0x31A6, 0x2965, 0x2125, 0x2125, 0x2145, 0x2145, 0x2145, 0x2145,
  0x2125, 0x2145, 0x2965, 0x2105, 0x2A26, 0x5CEC, 0x3307, 0x2AC6, 0x0881, 0x0000, 0x0021, 0x0020,
  0x0020, 0x0020, 0x0021, 0x0020, 0x0020, 0x0020, 0x0021, 0x0020, 0x0021, 0x0020, 0x0021, 0x0020,
  0x0021, 0x0021, 0x0020, 0x0021, 0x0021, 0x0021, 0x0021, 0x0021, 0x0021, 0x0021, 0x0020, 0x0021,
  0x0020, 0x0021, 0x0020, 0x0021, 0x0020, 0x0020, 0x0020, 0x0020, 0x0021, 0x0021, 0x0020, 0x0020,
  0x0020, 0x0020, 0x0020, 0x0020, 0x0021, 0x0021, 0x0020, 0x0021, 0x0021, 0x0021, 0x0021, 0x0021,
  0x0020, 0x0020, 0x0020, 0x0021, 0x0020, 0x0020, 0x0021, 0x0021, 0x0021, 0x0020, 0x0020, 0x0020,
  0x0020, 0x0020, 0x0020, 0x0020, 0x0020, 0x0020, 0x0021, 0x0021, 0x0021, 0x0020, 0x0021, 0x0021,
  0x0020, 0x0021, 0x0020, 0x0020, 0x0020, 0x0021, 0x0020, 0x0021, 0x0020, 0x0021, 0x0021, 0x0020,
  0x0021, 0x0020, 0x0021, 0x0021, 0x0021, 0x0021, 0x0021, 0x0020, 0x0021, 0x0021, 0x0021, 0x0021,
  0x0021, 0x0020, 0x0021, 0x0020, 0x0021, 0x0020, 0x0020, 0x0021, 0x0021, 0x0020, 0x0020, 0x0020,
  0x0021, 0x0021, 0x0020, 0x0021, 0x0020, 0x0021, 0x0020, 0x0021, 0x0021, 0x0021, 0x0000, 0x0000,
  0x0000, 0x0881, 0x1963, 0x2A65, 0x3327, 0x3B68, 0x3B67, 0x2B06, 0x3307, 0x3327, 0x4368, 0x5C8C,
  0x64EC, 0x5CAB, 0x4369, 0x3A47, 0x31C7, 0x3987, 0x39C7, 0x4208, 0x4228, 0x4208, 0x3A07, 0x3186,
  0x2965, 0x2145, 0x2125, 0x2125, 0x2125, 0x2145, 0x2945, 0x2144, 0x5CEC, 0x4368, 0x2AE6, 0x1123,
  0x0000, 0x0021, 0x0020, 0x0020, 0x0021, 0x0020, 0x0021, 0x0020, 0x0020, 0x0021, 0x0021, 0x0020,
  0x0020, 0x0021, 0x0021, 0x0020, 0x0020, 0x0021, 0x0020, 0x0021, 0x0021, 0x0021, 0x0021, 0x0021,
  0x0020, 0x0020, 0x0021, 0x0020, 0x0020, 0x0021, 0x0021, 0x0021, 0x0020, 0x0021, 0x0021, 0x0020,
  0x0021, 0x0020, 0x0021, 0x0021, 0x0020, 0x0020, 0x0020, 0x0021, 0x0020, 0x0021, 0x0021, 0x0020,
  0x0021, 0x0020, 0x0021, 0x0020, 0x0021, 0x0021, 0x0021, 0x0021, 0x0020, 0x0020, 0x0021, 0x0020,
  0x0021, 0x0021, 0x0021, 0x0021, 0x0021, 0x0020, 0x0020, 0x0020, 0x0020, 0x0020, 0x0020, 0x0020,
  0x0021, 0x0020, 0x0021, 0x0021, 0x0021, 0x0021, 0x0021, 0x0020, 0x0021, 0x0021, 0x0021, 0x0020,
  0x0020, 0x0020, 0x0020, 0x0020, 0x0021, 0x0021, 0x0021, 0x0020, 0x0021, 0x0021, 0x0021, 0x0021,
  0x0021, 0x0020, 0x0020, 0x0020, 0x0021, 0x0021, 0x0021, 0x0021, 0x0021, 0x0021, 0x0020, 0x0020,
  0x0020, 0x0020, 0x0021, 0x0021, 0x0020, 0x0021, 0x0020, 0x0020, 0x0021, 0x0021, 0x0020, 0x0021,
  0x0020, 0x0021, 0x0021, 0x0021, 0x0021, 0x0000, 0x0000, 0x0000, 0x0881, 0x1963, 0x2A65, 0x3327,
  0x3347, 0x32E6, 0x2B06, 0x32E6, 0x32E7, 0x4389, 0x546B, 0x64ED, 0x5CAC, 0x4B89, 0x3A67, 0x31A6,
  0x39A7, 0x39A7, 0x4368, 0x3206, 0x39E7, 0x39E7, 0x31A6, 0x2965, 0x2125, 0x2145, 0x18E4, 0x4C0A,
  0x544B, 0x2AC6, 0x19E4, 0x0000, 0x0021, 0x0020, 0x0020, 0x0021, 0x0021, 0x0020, 0x0020, 0x0021,
  0x0021, 0x0021, 0x0021, 0x0021, 0x0021, 0x0020, 0x0020, 0x0021, 0x0021, 0x0021, 0x0021, 0x0020,
  0x0021, 0x0021, 0x0020, 0x0021, 0x0021, 0x0021, 0x0021, 0x0020, 0x0021, 0x0021, 0x0020, 0x0020,
  0x0020, 0x0021, 0x0021, 0x0021, 0x0020, 0x0020, 0x0021, 0x0021, 0x0021, 0x0021, 0x0021, 0x0021,
  0x0021, 0x0020, 0x0021, 0x0021, 0x0021, 0x0021, 0x0021, 0x0021, 0x0021, 0x0021, 0x0020, 0x0021,
  0x0021, 0x0021, 0x0020, 0x0020, 0x0021, 0x0020, 0x0021, 0x0021, 0x0021, 0x0021, 0x0020, 0x0020,
  0x0020, 0x0021, 0x0020, 0x0021, 0x0020, 0x0021, 0x0020, 0x0021, 0x0021, 0x0021, 0x0021, 0x0021,
  0x0021, 0x0021, 0x0021, 0x0021, 0x0021, 0x0021, 0x0021, 0x0021, 0x0021, 0x0020, 0x0021, 0x0020,
  0x0021, 0x0021, 0x0021, 0x0021, 0x0021, 0x0021, 0x0021, 0x0020, 0x0021, 0x0021, 0x0020, 0x0020,
  0x0021, 0x0021, 0x0020, 0x0020, 0x0021, 0x0021, 0x0021, 0x0020, 0x0021, 0x0021, 0x0020, 0x0020,
  0x0020, 0x0021, 0x0020, 0x0021, 0x0021, 0x0020, 0x0020, 0x0021, 0x0021, 0x0021, 0x0021, 0x0021,
  0x0000, 0x0000, 0x0000, 0x08A1, 0x1163, 0x2245, 0x3327, 0x3347, 0x3347, 0x3327, 0x3307, 0x3327,
  0x4389, 0x546B, 0x5CCC, 0x5C8B, 0x4BAA, 0x3A47, 0x2144, 0x3166, 0x39C7, 0x39E7, 0x39E7, 0x4208,
  0x4208, 0x2925, 0x3AE7, 0x650D, 0x2AC6, 0x2AA6, 0x0041, 0x0020, 0x0021, 0x0020, 0x0020, 0x0020,
  0x0021, 0x0020, 0x0020, 0x0021, 0x0020, 0x0021, 0x0021, 0x0020, 0x0021, 0x0020, 0x0020, 0x0021,
  0x0020, 0x0021, 0x0021, 0x0020, 0x0021, 0x0020, 0x0021, 0x0021, 0x0020, 0x0021, 0x0020, 0x0020,
  0x0021, 0x0021, 0x0020, 0x0020, 0x0021, 0x0021, 0x0020, 0x0021, 0x0020, 0x0021, 0x0020, 0x0021,
  0x0021, 0x0021, 0x0021, 0x0021, 0x0021, 0x0021, 0x0020, 0x0021, 0x0021, 0x0021, 0x0021, 0x0021,
  0x0020, 0x0021, 0x0021, 0x0020, 0x0021, 0x0020, 0x0020, 0x0021, 0x0021, 0x0020, 0x0021, 0x0021,
  0x0020, 0x0020, 0x0020, 0x0020, 0x0020, 0x0020, 0x0020, 0x0021, 0x0020, 0x0021, 0x0021, 0x0021,
  0x0021, 0x0021, 0x0021, 0x0021, 0x0021, 0x0021, 0x0021, 0x0021, 0x0020, 0x0021, 0x0021, 0x0020,
  0x0021, 0x0021, 0x0021, 0x0021, 0x0020, 0x0021, 0x0021, 0x0021, 0x0021, 0x0021, 0x0020, 0x0020,
  0x0021, 0x0021, 0x0020, 0x0020, 0x0021, 0x0020, 0x0021, 0x0020, 0x0020, 0x0021, 0x0021, 0x0021,
  0x0020, 0x0020, 0x0021, 0x0021, 0x0021, 0x0020, 0x0020, 0x0020, 0x0021, 0x0020, 0x0020, 0x0021,
  0x0021, 0x0020, 0x0021, 0x0021, 0x0021, 0x0041, 0x0021, 0x0000, 0x0000, 0x0000, 0x0881, 0x1143,
  0x2245, 0x3327, 0x3B88, 0x3367, 0x3307, 0x2AC6, 0x32E6, 0x43A9, 0x5C6B, 0x64CC, 0x648C, 0x53CA,
  0x3A67, 0x2965, 0x3187, 0x39E7, 0x39C7, 0x3226, 0x652D, 0x3307, 0x2AE6, 0x08C2, 0x0000, 0x0021,
  0x0020, 0x0021, 0x0021, 0x0020, 0x0021, 0x0020, 0x0020, 0x0021, 0x0021, 0x0020, 0x0021, 0x0021,
  0x0021, 0x0021, 0x0020, 0x0021, 0x0020, 0x0021, 0x0021, 0x0020, 0x0021, 0x0020, 0x0020, 0x0021,
  0x0021, 0x0020, 0x0020, 0x0020, 0x0020, 0x0021, 0x0020, 0x0021, 0x0021, 0x0020, 0x0021, 0x0020,
  0x0021, 0x0021, 0x0020, 0x0021, 0x0021, 0x0020, 0x0020, 0x0021, 0x0021, 0x0021, 0x0020, 0x0020,
  0x0021, 0x0021, 0x0021, 0x0021, 0x0021, 0x0020, 0x0021, 0x0020, 0x0021, 0x0020, 0x0020, 0x0020,
  0x0021, 0x0021, 0x0021, 0x0021, 0x0021, 0x0021, 0x0020, 0x0020, 0x0020, 0x0020, 0x0021, 0x0020,
  0x0020, 0x0021, 0x0021, 0x0021, 0x0021, 0x0021, 0x0021, 0x0021, 0x0021, 0x0021, 0x0021, 0x0020,
  0x0021, 0x0021, 0x0021, 0x0021, 0x0021, 0x0021, 0x0021, 0x0021, 0x0021, 0x0020, 0x0021, 0x0021,
  0x0021, 0x0021, 0x0020, 0x0021, 0x0021, 0x0021, 0x0021, 0x0021, 0x0021, 0x0020, 0x0021, 0x0021,
  0x0020, 0x0020, 0x0020, 0x0021, 0x0021, 0x0021, 0x0020, 0x0021, 0x0021, 0x0020, 0x0020, 0x0021,
  0x0020, 0x0020, 0x0021, 0x0020, 0x0020, 0x0020, 0x0020, 0x0021, 0x0021, 0x0020, 0x0020, 0x0021,
  0x0021, 0x0021, 0x0000, 0x0000, 0x0000, 0x0881, 0x1143, 0x2265, 0x3327, 0x3B68, 0x3367, 0x3327,
  0x2AA6, 0x3B28, 0x4BC9, 0x544B, 0x5CCC, 0x5CAC, 0x4BAA, 0x3206, 0x2165, 0x5CCC, 0x4BEA, 0x2AE6,
  0x1963, 0x0000, 0x0021, 0x0021, 0x0020, 0x0020, 0x0020, 0x0020, 0x0020, 0x0021, 0x0021, 0x0021,
  0x0021, 0x0021, 0x0020, 0x0021, 0x0020, 0x0020, 0x0020, 0x0021, 0x0020, 0x0021, 0x0021, 0x0021,
  0x0021, 0x0021, 0x0020, 0x0020, 0x0020, 0x0020, 0x0020, 0x0020, 0x0020, 0x0020, 0x0021, 0x0020,
  0x0021, 0x0020, 0x0021, 0x0021, 0x0020, 0x0020, 0x0021, 0x0020, 0x0021, 0x0021, 0x0020, 0x0021,
  0x0021, 0x0021, 0x0021, 0x0021, 0x0021, 0x0020, 0x0021, 0x0020, 0x0020, 0x0020, 0x0020, 0x0020,
  0x0020, 0x0021, 0x0020, 0x0021, 0x0021, 0x0021, 0x0020, 0x0020, 0x0021, 0x0021, 0x0020, 0x0020,
  0x0020, 0x0020, 0x0020, 0x0021, 0x0021, 0x0020, 0x0021, 0x0021, 0x0021, 0x0021, 0x0021, 0x0021,
  0x0020, 0x0021, 0x0021, 0x0021, 0x0021, 0x0021, 0x0021, 0x0021, 0x0020, 0x0020, 0x0021, 0x0021,
  0x0021, 0x0021, 0x0021, 0x0020, 0x0021, 0x0021, 0x0020, 0x0020, 0x0021, 0x0021, 0x0021, 0x0021,
  0x0021, 0x0020, 0x0020, 0x0021, 0x0021, 0x0021, 0x0021, 0x0020, 0x0020, 0x0020, 0x0021, 0x0021,
  0x0021, 0x0021, 0x0021, 0x0021, 0x0021, 0x0021, 0x0020, 0x0020, 0x0021, 0x0020, 0x0020, 0x0021,
  0x0021, 0x0020, 0x0020, 0x0021, 0x0020, 0x0020, 0x0021, 0x0021, 0x0021, 0x0000, 0x0000, 0x0000,
  0x0881, 0x1143, 0x2245, 0x3327, 0x3347, 0x3B68, 0x2AC6, 0x2AC6, 0x3307, 0x43A9, 0x544B, 0x5CAC,
  0x6D2D, 0x544B, 0x2AE6, 0x2245, 0x0000, 0x0021, 0x0020, 0x0020, 0x0021, 0x0021, 0x0021, 0x0020,
  0x0020, 0x0020, 0x0021, 0x0021, 0x0020, 0x0021, 0x0020, 0x0020, 0x0020, 0x0020, 0x0020, 0x0021,
  0x0021, 0x0021, 0x0021, 0x0020, 0x0020, 0x0021, 0x0021, 0x0020, 0x0020, 0x0021, 0x0021, 0x0020,
  0x0020, 0x0020, 0x0021, 0x0020, 0x0021, 0x0021, 0x0021, 0x0020, 0x0020, 0x0020, 0x0021, 0x0020,
  0x0021, 0x0020, 0x0021, 0x0021, 0x0021, 0x0021, 0x0020, 0x0021, 0x0020, 0x0020, 0x0020, 0x0021,
  0x0021, 0x0020, 0x0020, 0x0021, 0x0021, 0x0021, 0x0020, 0x0020, 0x0020, 0x0021, 0x0020, 0x0021,
  0x0021, 0x0020, 0x0020, 0x0020, 0x0020, 0x0020, 0x0020, 0x0021, 0x0020, 0x0021, 0x0020, 0x0021,
  0x0021, 0x0020, 0x0021, 0x0021, 0x0021, 0x0021, 0x0020, 0x0021, 0x0021, 0x0021, 0x0021, 0x0020,
  0x0021, 0x0020, 0x0021, 0x0021, 0x0020, 0x0021, 0x0021, 0x0021, 0x0020, 0x0021, 0x0020, 0x0020,
  0x0020, 0x0020, 0x0021, 0x0021, 0x0020, 0x0020, 0x0020, 0x0021, 0x0021, 0x0020, 0x0021, 0x0021,
  0x0020, 0x0021, 0x0020, 0x0021, 0x0020, 0x0020, 0x0020, 0x0021, 0x0021, 0x0021, 0x0021, 0x0021,
  0x0021, 0x0020, 0x0020, 0x0020, 0x0020, 0x0021, 0x0020, 0x0020, 0x0020, 0x0021, 0x0021, 0x0020,
  0x0021, 0x0020, 0x0021, 0x0021, 0x0000, 0x0000, 0x0000, 0x0881, 0x1963, 0x19E4, 0x2AE6, 0x3B68,
  0x3367, 0x3306, 0x2AC6, 0x3327, 0x4BA9, 0x2AC6, 0x2AA6, 0x0061, 0x0000, 0x0021, 0x0020, 0x0021,
  0x0021, 0x0020, 0x0020, 0x0021, 0x0020, 0x0020, 0x0020, 0x0020, 0x0020, 0x0021, 0x0021, 0x0021,
  0x0020, 0x0021, 0x0020, 0x0021, 0x0020, 0x0021, 0x0021, 0x0020, 0x0021, 0x0021, 0x0021, 0x0020,
  0x0021, 0x0020, 0x0021, 0x0021, 0x0020, 0x0020, 0x0020, 0x0021, 0x0020, 0x0021, 0x0021, 0x0021,
  0x0021, 0x0021, 0x0021, 0x0021, 0x0020, 0x0020, 0x0020, 0x0021, 0x0020, 0x0020, 0x0021, 0x0020,
  0x0021, 0x0021, 0x0021, 0x0021, 0x0020, 0x0021, 0x0020, 0x0020, 0x0021, 0x0020, 0x0021, 0x0020,
  0x0020, 0x0021, 0x0021, 0x0020, 0x0021, 0x0021, 0x0020, 0x0020, 0x0020, 0x0020, 0x0021, 0x0021,
  0x0020, 0x0020, 0x0021, 0x0020, 0x0020, 0x0020, 0x0021, 0x0021, 0x0021, 0x0021, 0x0020, 0x0021,
  0x0021, 0x0021, 0x0021, 0x0021, 0x0021, 0x0021, 0x0021, 0x0021, 0x0020, 0x0021, 0x0020, 0x0020,
  0x0020, 0x0020, 0x0021, 0x0021, 0x0021, 0x0020, 0x0021, 0x0021, 0x0020, 0x0020, 0x0021, 0x0020,
  0x0020, 0x0020, 0x0021, 0x0020, 0x0021, 0x0020, 0x0020, 0x0021, 0x0020, 0x0021, 0x0021, 0x0020,
  0x0021, 0x0021, 0x0020, 0x0020, 0x0020, 0x0020, 0x0020, 0x0020, 0x0021, 0x0020, 0x0021, 0x0021,
  0x0021, 0x0021, 0x0020, 0x0020, 0x0021, 0x0021, 0x0021, 0x0021, 0x0021, 0x0021, 0x0021, 0x0000,
  0x0000, 0x0020, 0x0881, 0x1163, 0x2245, 0x3327, 0x3B68, 0x3347, 0x2AE6, 0x2AE6, 0x08E2, 0x0000,
  0x0021, 0x0020, 0x0020, 0x0021, 0x0020, 0x0020, 0x0020, 0x0021, 0x0020, 0x0021, 0x0021, 0x0021,
  0x0020, 0x0021, 0x0020, 0x0021, 0x0021, 0x0020, 0x0021, 0x0020, 0x0021, 0x0021, 0x0020, 0x0021,
  0x0020, 0x0021, 0x0020, 0x0020, 0x0021, 0x0021, 0x0021, 0x0021, 0x0021, 0x0021, 0x0021, 0x0020,
  0x0021, 0x0020, 0x0021, 0x0020, 0x0021, 0x0021, 0x0021, 0x0021, 0x0020, 0x0020, 0x0020, 0x0021,
  0x0020, 0x0020, 0x0020, 0x0021, 0x0020, 0x0020, 0x0020, 0x0021, 0x0021, 0x0021, 0x0021, 0x0020,
  0x0020, 0x0020, 0x0021, 0x0021, 0x0020, 0x0020, 0x0021, 0x0020, 0x0021, 0x0021, 0x0020, 0x0020,
  0x0020, 0x0020, 0x0020, 0x0020, 0x0021, 0x0021, 0x0021, 0x0021, 0x0021, 0x0021, 0x0020, 0x0021,
  0x0021, 0x0021, 0x0021, 0x0021, 0x0021, 0x0021, 0x0021, 0x0021, 0x0021, 0x0021, 0x0021, 0x0021,
  0x0021, 0x0021, 0x0021, 0x0021, 0x0020, 0x0021, 0x0021, 0x0020, 0x0021, 0x0021, 0x0021, 0x0020,
  0x0020, 0x0020, 0x0020, 0x0020, 0x0020, 0x0021, 0x0021, 0x0021, 0x0021, 0x0020, 0x0021, 0x0021,
  0x0021, 0x0021, 0x0021, 0x0020, 0x0021, 0x0021, 0x0021, 0x0021, 0x0020, 0x0021, 0x0021, 0x0021,
  0x0020, 0x0021, 0x0021, 0x0021, 0x0021, 0x0021, 0x0021, 0x0020, 0x0021, 0x0021, 0x0020, 0x0020,
  0x0021, 0x0020, 0x0020, 0x0021, 0x0021, 0x0021, 0x0000, 0x0000, 0x0000, 0x0881, 0x1163, 0x2245,
  0x3327, 0x1983, 0x0000, 0x0021, 0x0020, 0x0021, 0x0020, 0x0021, 0x0020, 0x0020, 0x0020, 0x0020,
  0x0021, 0x0021, 0x0020, 0x0020, 0x0021, 0x0021, 0x0021, 0x0020, 0x0021, 0x0021, 0x0021, 0x0021,
  0x0021, 0x0020, 0x0021, 0x0021, 0x0021, 0x0020, 0x0020, 0x0021, 0x0020, 0x0020, 0x0021, 0x0020,
  0x0020, 0x0020, 0x0021, 0x0020, 0x0020, 0x0021, 0x0021, 0x0021, 0x0021, 0x0021, 0x0021, 0x0021,
  0x0021, 0x0021, 0x0020, 0x0021, 0x0021, 0x0020, 0x0020, 0x0020, 0x0020, 0x0021, 0x0020, 0x0021,
  0x0021, 0x0021, 0x0021, 0x0021, 0x0020, 0x0020, 0x0021, 0x0020, 0x0020, 0x0020, 0x0020, 0x0020,
  0x0021, 0x0021, 0x0020, 0x0020, 0x0020, 0x0020, 0x0020, 0x0020, 0x0020, 0x0021, 0x0021, 0x0020,
  0x0021, 0x0020, 0x0021, 0x0021, 0x0021, 0x0021, 0x0021, 0x0021, 0x0021, 0x0020, 0x0020, 0x0021,
  0x0021, 0x0021, 0x0020, 0x0021, 0x0021, 0x0021, 0x0021, 0x0021, 0x0021, 0x0021, 0x0021, 0x0021,
  0x0021, 0x0021, 0x0021, 0x0020, 0x0020, 0x0021, 0x0020, 0x0020, 0x0020, 0x0021, 0x0021, 0x0021,
  0x0020, 0x0020, 0x0021, 0x0020, 0x0021, 0x0020, 0x0021, 0x0021, 0x0021, 0x0020, 0x0021, 0x0021,
  0x0021, 0x0021, 0x0021, 0x0021, 0x0021, 0x0021, 0x0021, 0x0020, 0x0020, 0x0020, 0x0021, 0x0021,
  0x0021, 0x0021, 0x0021, 0x0020, 0x0021, 0x0021, 0x0021, 0x0020, 0x0021, 0x0020, 0x0021, 0x0021,
  0x0021, 0x0000, 0x0000, 0x0000, 0x0881, 0x0020, 0x0020, 0x0020, 0x0021, 0x0020, 0x0021, 0x0020,
  0x0021, 0x0020, 0x0020, 0x0020, 0x0021, 0x0020, 0x0020, 0x0020, 0x0020, 0x0021, 0x0020, 0x0020,
  0x0021, 0x0021, 0x0020, 0x0020, 0x0020, 0x0021, 0x0021, 0x0021, 0x0021, 0x0021, 0x0021, 0x0021,
  0x0021, 0x0020, 0x0021, 0x0020, 0x0020, 0x0020, 0x0021, 0x0020, 0x0020, 0x0020, 0x0020, 0x0021,
  0x0021, 0x0021, 0x0021, 0x0021, 0x0020, 0x0021, 0x0021, 0x0020, 0x0021, 0x0021, 0x0020, 0x0021,
  0x0020, 0x0020, 0x0021, 0x0021, 0x0020, 0x0021, 0x0020, 0x0020, 0x0021, 0x0020, 0x0021, 0x0021,
  0x0021, 0x0020, 0x0021, 0x0020, 0x0021, 0x0021, 0x0020, 0x0020, 0x0020, 0x0021, 0x0020, 0x0020,
  0x0021, 0x0021, 0x0021, 0x0021, 0x0021, 0x0020, 0x0021, 0x0020, 0x0021, 0x0021, 0x0021, 0x0021,
  0x0021, 0x0020, 0x0020, 0x0021, 0x0021, 0x0021, 0x0021, 0x0021, 0x0021, 0x0021, 0x0020, 0x0021,
  0x0021, 0x0020, 0x0020, 0x0020, 0x0021, 0x0021, 0x0020, 0x0020, 0x0021, 0x0020, 0x0020, 0x0021,
  0x0020, 0x0020, 0x0021, 0x0020, 0x0020, 0x0021, 0x0021, 0x0021, 0x0021, 0x0021, 0x0021, 0x0021,
  0x0021, 0x0020, 0x0020, 0x0020, 0x0021, 0x0021, 0x0021, 0x0021, 0x0021, 0x0021, 0x0020, 0x0020,
  0x0021, 0x0020, 0x0021, 0x0020, 0x0021, 0x0021, 0x0020, 0x0020, 0x0021, 0x0020, 0x0020, 0x0021,
  0x0020, 0x0020, 0x0020, 0x0020, 0x0021, 0x0021, 0x0021, 0x0021, 0x0000, 0x0021, 0x0021, 0x0020,
  0x0021, 0x0021, 0x0020, 0x0021, 0x0021, 0x0021, 0x0020, 0x0021, 0x0020, 0x0021, 0x0021, 0x0021,
  0x0021, 0x0021, 0x0021, 0x0020, 0x0021, 0x0020, 0x0020, 0x0020, 0x0021, 0x0021, 0x0021, 0x0020,
  0x0020, 0x0021, 0x0021, 0x0020, 0x0021, 0x0021, 0x0020, 0x0021, 0x0020, 0x0020, 0x0020, 0x0020,
  0x0020, 0x0021, 0x0020, 0x0021, 0x0021, 0x0020, 0x0020, 0x0021, 0x0021, 0x0021, 0x0021, 0x0020,
  0x0020, 0x0021, 0x0020, 0x0020, 0x0021, 0x0021, 0x0021, 0x0020, 0x0021, 0x0021, 0x0020, 0x0020,
  0x0021, 0x0021, 0x0020, 0x0020, 0x0020, 0x0021, 0x0021, 0x0021, 0x0021, 0x0021, 0x0020, 0x0020,
  0x0020, 0x0020, 0x0020, 0x0021, 0x0021, 0x0021, 0x0021, 0x0021, 0x0021, 0x0021, 0x0021, 0x0021,
  0x0021, 0x0021, 0x0021, 0x0021, 0x0021, 0x0021, 0x0021, 0x0021, 0x0021, 0x0021, 0x0021, 0x0021,
  0x0020, 0x0021, 0x0021, 0x0021, 0x0021, 0x0021, 0x0021, 0x0020, 0x0020, 0x0021, 0x0020, 0x0021,
  0x0021, 0x0021, 0x0020, 0x0021, 0x0020, 0x0021, 0x0021, 0x0020, 0x0021, 0x0021, 0x0021, 0x0021,
  0x0021, 0x0021, 0x0021, 0x0021, 0x0021, 0x0021, 0x0021, 0x0021, 0x0021, 0x0021, 0x0020, 0x0020,
  0x0021, 0x0021, 0x0020, 0x0021, 0x0020, 0x0020, 0x0020, 0x0020, 0x0021, 0x0021, 0x0020, 0x0021,
  0x0021, 0x0021, 0x0021, 0x0020, 0x0021, 0x0021, 0x0021, 0x0021, 0x0020, 0x0021, 0x0021, 0x0021,
  0x0021, 0x0021, 0x0021, 0x0021, 0x0021, 0x0021, 0x0020, 0x0021, 0x0020, 0x0020, 0x0020, 0x0021,
  0x0020, 0x0021, 0x0021, 0x0021, 0x0021, 0x0020, 0x0020, 0x0021, 0x0021, 0x0021, 0x0021, 0x0021,
  0x0020, 0x0021, 0x0021, 0x0021, 0x0020, 0x0021, 0x0020, 0x0021, 0x0020, 0x0020, 0x0020, 0x0021,
  0x0021, 0x0020, 0x0021, 0x0020, 0x0020, 0x0021, 0x0020, 0x0021, 0x0021, 0x0020, 0x0020, 0x0020,
  0x0021, 0x0020, 0x0020, 0x0020, 0x0021, 0x0021, 0x0021, 0x0021, 0x0020, 0x0020, 0x0021, 0x0020,
  0x0021, 0x0020, 0x0021, 0x0021, 0x0021, 0x0021, 0x0020, 0x0020, 0x0020, 0x0021, 0x0021, 0x0021,
  0x0021, 0x0021, 0x0020, 0x0020, 0x0020, 0x0020, 0x0020, 0x0021, 0x0021, 0x0020, 0x0021, 0x0021,
  0x0021, 0x0020, 0x0020, 0x0021, 0x0021, 0x0020, 0x0021, 0x0021, 0x0021, 0x0021, 0x0021, 0x0021,
  0x0021, 0x0021, 0x0021, 0x0021, 0x0020, 0x0021, 0x0021, 0x0021, 0x0020, 0x0021, 0x0021, 0x0021,
  0x0021, 0x0021, 0x0021, 0x0021, 0x0020, 0x0020, 0x0021, 0x0021, 0x0020, 0x0021, 0x0021, 0x0021,
  0x0021, 0x0021, 0x0021, 0x0021, 0x0021, 0x0021, 0x0020, 0x0020, 0x0021, 0x0021, 0x0021, 0x0020,
  0x0021, 0x0021, 0x0020, 0x0020, 0x0021, 0x0021, 0x0021, 0x0020, 0x0020, 0x0021, 0x0020, 0x0020,
  0x0020, 0x0020, 0x0020, 0x0021, 0x0021, 0x0020, 0x0021, 0x0021, 0x0021, 0x0021, 0x0020, 0x0021,
  0x0020, 0x0021, 0x0021, 0x0021, 0x0020, 0x0021, 0x0021, 0x0020, 0x0020, 0x0020, 0x0021, 0x0021,
  0x0020, 0x0021, 0x0021, 0x0021, 0x0021, 0x0021, 0x0020, 0x0020, 0x0021, 0x0021, 0x0020, 0x0021,
  0x0021, 0x0021, 0x0020, 0x0021, 0x0020, 0x0020, 0x0021, 0x0020, 0x0021, 0x0020, 0x0020, 0x0021,
  0x0020, 0x0020, 0x0021, 0x0020, 0x0021, 0x0021, 0x0021, 0x0021, 0x0021, 0x0021, 0x0021, 0x0020,
  0x0021, 0x0020, 0x0021, 0x0021, 0x0021, 0x0021, 0x0021, 0x0020, 0x0021, 0x0021, 0x0021, 0x0020,
  0x0021, 0x0020, 0x0021, 0x0021, 0x0020, 0x0020, 0x0020, 0x0020, 0x0020, 0x0021, 0x0020, 0x0020,
  0x0020, 0x0021, 0x0021, 0x0020, 0x0021, 0x0021, 0x0020, 0x0020, 0x0020, 0x0021, 0x0021, 0x0021,
  0x0021, 0x0020, 0x0021, 0x0021, 0x0020, 0x0020, 0x0020, 0x0020, 0x0021, 0x0021, 0x0020, 0x0021,
  0x0021, 0x0021, 0x0021, 0x0021, 0x0020, 0x0021, 0x0021, 0x0021, 0x0020, 0x0020, 0x0021, 0x0021,
  0x0021, 0x0021, 0x0020, 0x0021, 0x0021, 0x0020, 0x0021, 0x0021, 0x0021, 0x0020, 0x0020, 0x0021,
  0x0021, 0x0020, 0x0020, 0x0020, 0x0021, 0x0021, 0x0020, 0x0021, 0x0021, 0x0020, 0x0021, 0x0021,
  0x0021, 0x0021, 0x0021, 0x0021, 0x0021, 0x0021, 0x0021, 0x0020, 0x0021, 0x0021, 0x0020, 0x0021,
  0x0021, 0x0020, 0x0021, 0x0021, 0x0021, 0x0021, 0x0021, 0x0021, 0x0021, 0x0021, 0x0021, 0x0021,
  0x0021, 0x0021, 0x0021, 0x0021, 0x0021, 0x0020, 0x0021, 0x0020, 0x0020, 0x0021, 0x0020, 0x0020,
  0x0020, 0x0020, 0x0020, 0x0021, 0x0020, 0x0021, 0x0021, 0x0020, 0x0021, 0x0021, 0x0021, 0x0020,
  0x0021, 0x0020, 0x0021, 0x0020, 0x0021, 0x0021, 0x0020, 0x0021, 0x0020, 0x0020, 0x0021, 0x0021,
  0x0021, 0x0020, 0x0020, 0x0021, 0x0020, 0x0021, 0x0020, 0x0020, 0x0020, 0x0020, 0x0020, 0x0020,
  0x0021, 0x0021, 0x0020, 0x0020, 0x0020, 0x0021, 0x0021, 0x0021, 0x0021, 0x0021, 0x0020, 0x0021,
  0x0020, 0x0021, 0x0021, 0x0021, 0x0021, 0x0021, 0x0021, 0x0021, 0x0021, 0x0020, 0x0021, 0x0020,
  0x0020, 0x0021, 0x0020, 0x0020, 0x0021, 0x0020, 0x0020, 0x0020, 0x0020, 0x0021, 0x0020, 0x0020,
  0x0020, 0x0021, 0x0020, 0x0021, 0x0020, 0x0021, 0x0021, 0x0021, 0x0021, 0x0020, 0x0020, 0x0021,
  0x0021, 0x0021, 0x0021, 0x0021, 0x0021, 0x0021, 0x0021, 0x0021, 0x0021, 0x0021, 0x0021, 0x0021,
  0x0021, 0x0021, 0x0021, 0x0020, 0x0020, 0x0020, 0x0021, 0x0021, 0x0020, 0x0021, 0x0020, 0x0020,
  0x0021, 0x0021, 0x0021, 0x0021, 0x0020, 0x0021, 0x0020, 0x0021, 0x0021, 0x0021, 0x0021, 0x0021,
  0x0020, 0x0020, 0x0021, 0x0021, 0x0021, 0x0021, 0x0021, 0x0021, 0x0021, 0x0021, 0x0020, 0x0020,
  0x0021, 0x0021, 0x0021, 0x0021, 0x0020, 0x0020, 0x0021, 0x0021, 0x0021, 0x0021, 0x0021, 0x0021,
  0x0021, 0x0021, 0x0021, 0x0021, 0x0021, 0x0020, 0x0021, 0x0020, 0x0020, 0x0020, 0x0021, 0x0021,
  0x0020, 0x0020, 0x0020, 0x0020, 0x0020, 0x0020, 0x0020, 0x0021, 0x0021, 0x0021, 0x0021, 0x0021,
  0x0021, 0x0020, 0x0021, 0x0020, 0x0020, 0x0020, 0x0021, 0x0021, 0x0020, 0x0021, 0x0020, 0x0020,
  0x0021, 0x0020, 0x0021, 0x0020, 0x0020, 0x0021, 0x0020, 0x0020, 0x0021, 0x0020, 0x0020, 0x0020,
  0x0021, 0x0020, 0x0020, 0x0021, 0x0020, 0x0021, 0x0020, 0x0021, 0x0021, 0x0021, 0x0021, 0x0021,
  0x0021, 0x0021, 0x0020, 0x0021, 0x0020, 0x0021, 0x0021, 0x0020, 0x0021, 0x0020, 0x0021, 0x0021,
  0x0021, 0x0020, 0x0020, 0x0021, 0x0020, 0x0021, 0x0021, 0x0020, 0x0020, 0x0020, 0x0020, 0x0020,
  0x0020, 0x0021, 0x0021, 0x0020, 0x0020, 0x0020, 0x0021, 0x0021, 0x0020, 0x0020, 0x0021, 0x0021,
  0x0020, 0x0021, 0x0021, 0x0021, 0x0020, 0x0021, 0x0021, 0x0021, 0x0021, 0x0021, 0x0020, 0x0021,
  0x0021, 0x0020, 0x0021, 0x0021, 0x0021, 0x0020, 0x0021, 0x0021, 0x0021, 0x0021, 0x0021, 0x0021,
  0x0021, 0x0020, 0x0020, 0x0020, 0x0020, 0x0021, 0x0021, 0x0021, 0x0021, 0x0021, 0x0020, 0x0021,
  0x0021, 0x0021, 0x0021, 0x0021, 0x0021, 0x0021, 0x0021, 0x0021, 0x0021, 0x0021, 0x0020, 0x0021,
  0x0021, 0x0021, 0x0021, 0x0021, 0x0021, 0x0020, 0x0020, 0x0021, 0x0021, 0x0020, 0x0020, 0x0021,
  0x0021, 0x0021, 0x0020, 0x0020, 0x0021, 0x0021, 0x0021, 0x0021, 0x0021, 0x0021, 0x0021, 0x0021,
  0x0021, 0x0021, 0x0021, 0x0020, 0x0020, 0x0020, 0x0021, 0x0021, 0x0020, 0x0020, 0x0021, 0x0020,
  0x0021, 0x0020, 0x0020, 0x0021, 0x0021, 0x0021, 0x0020, 0x0021, 0x0021, 0x0021, 0x0020, 0x0020,
  0x0021, 0x0020, 0x0020, 0x0020, 0x0020, 0x0020, 0x0020, 0x0020, 0x0021, 0x0021, 0x0021, 0x0020,
  0x0020, 0x0020, 0x0020, 0x0021, 0x0020, 0x0020, 0x0020, 0x0021, 0x0021, 0x0021, 0x0021, 0x0021,
  0x0020, 0x0021, 0x0021, 0x0021, 0x0021, 0x0020, 0x0021, 0x0021, 0x0021, 0x0021, 0x0021, 0x0021,
  0x0020, 0x0021, 0x0021, 0x0021, 0x0021, 0x0020, 0x0021, 0x0021, 0x0020, 0x0020, 0x0021, 0x0020,
  0x0020, 0x0021, 0x0021, 0x0021, 0x0021, 0x0021, 0x0020, 0x0020, 0x0020, 0x0021, 0x0020, 0x0021,
  0x0021, 0x0021, 0x0020, 0x0021, 0x0021, 0x0021, 0x0021, 0x0020, 0x0021, 0x0021, 0x0021, 0x0021,
  0x0020, 0x0021, 0x0021, 0x0021, 0x0021, 0x0021, 0x0020, 0x0021, 0x0020, 0x0021, 0x0020, 0x0021,
  0x0021, 0x0021, 0x0021, 0x0021, 0x0020, 0x0021, 0x0021, 0x0021, 0x0021, 0x0020, 0x0021, 0x0021,
  0x0020, 0x0021, 0x0020, 0x0020, 0x0021, 0x0020, 0x0021, 0x0020, 0x0021, 0x0021, 0x0021, 0x0021,
  0x0020, 0x0020, 0x0021, 0x0020, 0x0020, 0x0020, 0x0020, 0x0020, 0x0020, 0x0020, 0x0021, 0x0021,
  0x0021, 0x0021, 0x0020, 0x0020, 0x0020, 0x0021, 0x0020, 0x0021, 0x0021, 0x0021, 0x0021, 0x0020,
  0x0020, 0x0021, 0x0021, 0x0021, 0x0021, 0x0021, 0x0020, 0x0021, 0x0021, 0x0021, 0x0020, 0x0021,
  0x0020, 0x0020, 0x0021, 0x0020, 0x0020, 0x0021, 0x0020, 0x0020, 0x0021, 0x0021, 0x0020, 0x0020,
  0x0021, 0x0020, 0x0021, 0x0021, 0x0020, 0x0021, 0x0020, 0x0021, 0x0021, 0x0021, 0x0021, 0x0021,
  0x0020, 0x0020, 0x0021, 0x0020, 0x0020, 0x0020, 0x0021, 0x0020, 0x0021, 0x0021, 0x0020, 0x0021,
  0x0020, 0x0020, 0x0021, 0x0020, 0x0020, 0x0021, 0x0020, 0x0020, 0x0021, 0x0021, 0x0021, 0x0021,
  0x0021, 0x0020, 0x0021, 0x0021, 0x0021, 0x0020, 0x0020, 0x0021, 0x0020, 0x0021, 0x0021, 0x0021,
  0x0021, 0x0021, 0x0021, 0x0021, 0x0020, 0x0021, 0x0021, 0x0021, 0x0020, 0x0021, 0x0020, 0x0020,
  0x0020, 0x0020, 0x0021, 0x0020, 0x0020, 0x0021, 0x0021, 0x0021, 0x0021, 0x0021, 0x0021, 0x0020,
  0x0021, 0x0021, 0x0021, 0x0021, 0x0021, 0x0021, 0x0021, 0x0020, 0x0021, 0x0021, 0x0021, 0x0021,
  0x0021, 0x0021, 0x0020, 0x0020, 0x0021, 0x0020, 0x0021, 0x0021, 0x0021, 0x0021, 0x0021, 0x0021,
  0x0021, 0x0021, 0x0021, 0x0021, 0x0020, 0x0020, 0x0021, 0x0021, 0x0020, 0x0021, 0x0021, 0x0020,
  0x0020, 0x0021, 0x0021, 0x0020, 0x0021, 0x0021, 0x0020, 0x0021, 0x0020, 0x0020, 0x0020, 0x0020,
  0x0021, 0x0021, 0x0021, 0x0021, 0x0021, 0x0020, 0x0021, 0x0020, 0x0021, 0x0020, 0x0020, 0x0020,
  0x0021, 0x0021, 0x0021, 0x0020, 0x0021, 0x0021, 0x0021, 0x0020, 0x0021, 0x0021, 0x0020, 0x0020,
  0x0020, 0x0020, 0x0020, 0x0020, 0x0021, 0x0021, 0x0021, 0x0021, 0x0020, 0x0020, 0x0021, 0x0020,
  0x0021, 0x0021, 0x0020, 0x0020, 0x0020, 0x0021, 0x0020, 0x0021, 0x0020, 0x0020, 0x0020, 0x0021,
  0x0021, 0x0020, 0x0020, 0x0021, 0x0020, 0x0020, 0x0021, 0x0020, 0x0021, 0x0021, 0x0020, 0x0020,
  0x0020, 0x0021, 0x0021, 0x0021, 0x0020, 0x0020, 0x0021, 0x0021, 0x0021, 0x0021, 0x0020, 0x0020,
  0x0021, 0x0020, 0x0021, 0x0020, 0x0021, 0x0020, 0x0021, 0x0021, 0x0021, 0x0021, 0x0020, 0x0020,
  0x0020, 0x0020, 0x0021, 0x0020, 0x0021, 0x0021, 0x0021, 0x0020, 0x0021, 0x0020, 0x0021, 0x0020,
  0x0020, 0x0021, 0x0020, 0x0020, 0x0020, 0x0020, 0x0021, 0x0020, 0x0021, 0x0020, 0x0021, 0x0021,
  0x0020, 0x0020, 0x0021, 0x0021, 0x0021, 0x0021, 0x0020, 0x0021, 0x0021, 0x0021, 0x0021, 0x0021,
  0x0021, 0x0021, 0x0021, 0x0021, 0x0020, 0x0021, 0x0021, 0x0021, 0x0021, 0x0020, 0x0020, 0x0021,
  0x0020, 0x0021, 0x0021, 0x0021, 0x0020, 0x0020, 0x0021, 0x0020, 0x0020, 0x0020, 0x0021, 0x0020,
  0x0020, 0x0021, 0x0021, 0x0020, 0x0021, 0x0021, 0x0020, 0x0021, 0x0020, 0x0020, 0x0020, 0x0021,
  0x0021, 0x0020, 0x0020, 0x0021, 0x0021, 0x0020, 0x0021, 0x0020, 0x0020, 0x0021, 0x0020, 0x0020,
  0x0021, 0x0021, 0x0021, 0x0020, 0x0021, 0x0021, 0x0021, 0x0021, 0x0021, 0x0021, 0x0021, 0x0021,
  0x0021, 0x0020, 0x0021, 0x0021, 0x0021, 0x0020, 0x0021, 0x0021, 0x0020, 0x0020, 0x0021, 0x0021,
  0x0021, 0x0021, 0x0021, 0x0020, 0x0021, 0x0021, 0x0021, 0x0020, 0x0020, 0x0021, 0x0020, 0x0020,
  0x0021, 0x0020, 0x0020, 0x0021, 0x0021, 0x0020, 0x0020, 0x0020, 0x0021, 0x0020, 0x0020, 0x0021,
  0x0020, 0x0021, 0x0020, 0x0020, 0x0020, 0x0021, 0x0021, 0x0021, 0x0020, 0x0020, 0x0020, 0x0020,
  0x0021, 0x0020, 0x0021, 0x0021, 0x0021, 0x0020, 0x0021, 0x0020, 0x0021, 0x0021, 0x0021, 0x0021,
  0x0021, 0x0020, 0x0021, 0x0020, 0x0021, 0x0021, 0x0020, 0x0021, 0x0021, 0x0021, 0x0020, 0x0021,
  0x0020, 0x0020, 0x0021, 0x0020, 0x0021, 0x0021, 0x0021, 0x0020, 0x0020, 0x0020, 0x0021, 0x0021,
  0x0021, 0x0021, 0x0021, 0x0020, 0x0021, 0x0020, 0x0020, 0x0020, 0x0021, 0x0021, 0x0021, 0x0021,
  0x0021, 0x0021, 0x0020, 0x0020, 0x0020, 0x0021, 0x0021, 0x0020, 0x0020, 0x0021, 0x0021, 0x0020,
  0x0020, 0x0021, 0x0021, 0x0021, 0x0021, 0x0021, 0x0020, 0x0020, 0x0020, 0x0020, 0x0021, 0x0021,
  0x0021, 0x0021, 0x0021, 0x0021, 0x0020, 0x0021, 0x0020, 0x0021, 0x0021, 0x0021, 0x0020, 0x0020,
  0x0021, 0x0020, 0x0021, 0x0021, 0x0021, 0x0020, 0x0021, 0x0021, 0x0020, 0x0020, 0x0021, 0x0021,
  0x0021, 0x0020, 0x0021, 0x0021, 0x0020, 0x0020, 0x0021, 0x0020, 0x0021, 0x0021, 0x0021, 0x0021,
  0x0021, 0x0020, 0x0021, 0x0021, 0x0021, 0x0021, 0x0020, 0x0020, 0x0021, 0x0020, 0x0020, 0x0021,
  0x0021, 0x0021, 0x0021, 0x0021, 0x0020, 0x0021, 0x0020, 0x0021, 0x0021, 0x0020, 0x0020, 0x0020,
  0x0020, 0x0021, 0x0021, 0x0021, 0x0020, 0x0021, 0x0020, 0x0020, 0x0020, 0x0021, 0x0020, 0x0020,
  0x0020, 0x0020, 0x0021, 0x0021, 0x0020, 0x0021, 0x0021, 0x0020, 0x0021, 0x0021, 0x0020, 0x0020,
  0x0020, 0x0021, 0x0021, 0x0021, 0x0021, 0x0021, 0x0020, 0x0020, 0x0020, 0x0020, 0x0020, 0x0021,
  0x0020, 0x0021, 0x0021, 0x0021, 0x0021, 0x0021, 0x0020, 0x0020, 0x0020, 0x0020, 0x0021, 0x0021,
  0x0020, 0x0020, 0x0021, 0x0020, 0x0020, 0x0021, 0x0021, 0x0020, 0x0020, 0x0020, 0x0020, 0x0020,
  0x0020, 0x0021, 0x0021, 0x0021, 0x0021, 0x0021, 0x0021, 0x0021, 0x0020, 0x0021, 0x0021, 0x0020,
  0x0021, 0x0021, 0x0020, 0x0021, 0x0021, 0x0020, 0x0021, 0x0020, 0x0021, 0x0020, 0x0021, 0x0020,
  0x0021, 0x0021, 0x0021, 0x0020, 0x0021, 0x0021, 0x0020, 0x0020, 0x0020, 0x0021, 0x0020, 0x0020,
  0x0020, 0x0020, 0x0020, 0x0021, 0x0021, 0x0020, 0x0021, 0x0021, 0x0020, 0x0021, 0x0021, 0x0020,
  0x0021, 0x0021, 0x0021, 0x0020, 0x0021, 0x0021, 0x0021, 0x0020, 0x0020, 0x0020, 0x0020, 0x0020,
  0x0021, 0x0020, 0x0020, 0x0020, 0x0021, 0x0021, 0x0021, 0x0021, 0x0021, 0x0020, 0x0021, 0x0021,
  0x0021, 0x0021, 0x0021, 0x0021, 0x0021, 0x0021, 0x0021, 0x0021, 0x0021, 0x0020, 0x0020, 0x0020,
  0x0020, 0x0021, 0x0020, 0x0021, 0x0021, 0x0020, 0x0021, 0x0020, 0x0021, 0x0020, 0x0020, 0x0020,
  0x0020, 0x0020, 0x0021, 0x0020, 0x0021, 0x0021, 0x0020, 0x0020, 0x0020, 0x0021, 0x0020, 0x0020,
  0x0020, 0x0020, 0x0021, 0x0020, 0x0020, 0x0021, 0x0021, 0x0020, 0x0021, 0x0021, 0x0020, 0x0020,
  0x0021, 0x0020, 0x0020, 0x0020, 0x0021, 0x0021, 0x0020, 0x0020, 0x0020, 0x0020, 0x0020, 0x0020,
  0x0020, 0x0020, 0x0020, 0x0021, 0x0020, 0x0021, 0x0021, 0x0021, 0x0021, 0x0021, 0x0021, 0x0021,
  0x0020, 0x0021, 0x0020, 0x0021, 0x0021, 0x0020, 0x0021, 0x0020, 0x0021, 0x0020, 0x0021, 0x0021,
  0x0021, 0x0020, 0x0020, 0x0020, 0x0020, 0x0021, 0x0021, 0x0021, 0x0021, 0x0021, 0x0020, 0x0021,
  0x0021, 0x0020, 0x0021, 0x0020, 0x0020, 0x0021, 0x0020, 0x0021, 0x0020, 0x0021, 0x0021, 0x0020,
  0x0020, 0x0020, 0x0020, 0x0021, 0x0020, 0x0021, 0x0020, 0x0020, 0x0020, 0x0021, 0x0021, 0x0021,
  0x0020, 0x0020, 0x0020, 0x0020, 0x0021, 0x0020, 0x0021, 0x0021, 0x0021, 0x0020, 0x0021, 0x0021,
  0x0021, 0x0021, 0x0020, 0x0021, 0x0021, 0x0021, 0x0020, 0x0021, 0x0020, 0x0021, 0x0020, 0x0020,
  0x0020, 0x0020, 0x0021, 0x0020, 0x0021, 0x0020, 0x0021, 0x0021, 0x0021, 0x0021, 0x0021, 0x0020,
  0x0020, 0x0020, 0x0020, 0x0021, 0x0021, 0x0021, 0x0021, 0x0021, 0x0021, 0x0021, 0x0020, 0x0020,
  0x0021, 0x0020, 0x0020, 0x0020, 0x0020, 0x0020, 0x0020, 0x0020, 0x0021, 0x0021, 0x0021, 0x0021,
  0x0021, 0x0020, 0x0020, 0x0021, 0x0021, 0x0020, 0x0021, 0x0020, 0x0021, 0x0021, 0x0021, 0x0020,
  0x0020, 0x0020, 0x0021, 0x0021, 0x0020, 0x0020, 0x0021, 0x0020, 0x0020, 0x0021, 0x0021, 0x0021,
  0x0021, 0x0021, 0x0020, 0x0020, 0x0020, 0x0021, 0x0020, 0x0021, 0x0021, 0x0021, 0x0020, 0x0020,
  0x0020, 0x0021, 0x0021, 0x0020, 0x0021, 0x0020, 0x0021, 0x0021, 0x0021, 0x0021, 0x0020, 0x0021,
  0x0021, 0x0021, 0x0021, 0x0020, 0x0020, 0x0020, 0x0021, 0x0020, 0x0020, 0x0020, 0x0020, 0x0020,
  0x0021, 0x0020, 0x0021, 0x0021, 0x0020, 0x0021, 0x0020, 0x0020, 0x0020, 0x0021, 0x0020, 0x0021,
  0x0021, 0x0020, 0x0020, 0x0021, 0x0021, 0x0021, 0x0021, 0x0020, 0x0021, 0x0021, 0x0020, 0x0020,
  0x0020, 0x0021, 0x0020, 0x0021, 0x0021, 0x0020, 0x0021, 0x0021, 0x0021, 0x0020, 0x0021, 0x0021,
  0x0020, 0x0021, 0x0021, 0x0021, 0x0020, 0x0021, 0x0020, 0x0020, 0x0021, 0x0021, 0x0021, 0x0021,
  0x0020, 0x0021, 0x0021, 0x0020, 0x0021, 0x0021, 0x0021, 0x0021, 0x0020, 0x0020, 0x0020, 0x0021,
  0x0020, 0x0021, 0x0020, 0x0020, 0x0020, 0x0020, 0x0021, 0x0021, 0x0021, 0x0021, 0x0020, 0x0021,
  0x0020, 0x0020, 0x0020, 0x0020, 0x0021, 0x0021, 0x0020, 0x0021, 0x0021, 0x0021, 0x0021, 0x0021,
  0x0021, 0x0021, 0x0020, 0x0020, 0x0020, 0x0020, 0x0021, 0x0021, 0x0020, 0x0021, 0x0020, 0x0021,
  0x0020, 0x0020, 0x0021, 0x0021, 0x0021, 0x0021, 0x0020, 0x0021, 0x0021, 0x0021, 0x0021, 0x0020,
  0x0020, 0x0021, 0x0020, 0x0021, 0x0020, 0x0020, 0x0021, 0x0021, 0x0020, 0x0021, 0x0020, 0x0021,
  0x0020, 0x0020, 0x0020, 0x0021, 0x0021, 0x0020, 0x0021, 0x0020, 0x0021, 0x0021, 0x0021, 0x0020,
  0x0020, 0x0020, 0x0021, 0x0021, 0x0020, 0x0021, 0x0020, 0x0020, 0x0020, 0x0021, 0x0020, 0x0021,
  0x0021, 0x0020, 0x0021, 0x0021, 0x0021, 0x0020, 0x0021, 0x0020, 0x0021, 0x0021, 0x0021, 0x0021,
  0x0020, 0x0020, 0x0020, 0x0020, 0x0020, 0x0021, 0x0021, 0x0020, 0x0021, 0x0021, 0x0020, 0x0020,
  0x0020, 0x0021, 0x0021, 0x0021, 0x0020, 0x0020, 0x0021, 0x0021, 0x0020, 0x0021, 0x0020, 0x0021,
  0x0020, 0x0021, 0x0020, 0x0021, 0x0021, 0x0020, 0x0021, 0x0021, 0x0021, 0x0020, 0x0021, 0x0021,
  0x0021, 0x0021, 0x0021, 0x0021, 0x0020, 0x0021, 0x0021, 0x0021, 0x0021, 0x0021, 0x0021, 0x0021,
  0x0021, 0x0020, 0x0021, 0x0020, 0x0021, 0x0021, 0x0021, 0x0021, 0x0021, 0x0021, 0x0021, 0x0020,
  0x0021, 0x0021, 0x0021, 0x0021, 0x0021, 0x0020, 0x0020, 0x0021, 0x0021, 0x0021, 0x0020, 0x0020,
  0x0020, 0x0020, 0x0021, 0x0020, 0x0020, 0x0021, 0x0021, 0x0020, 0x0021, 0x0021, 0x0020, 0x0021,
  0x0021, 0x0021, 0x0021, 0x0021, 0x0020, 0x0020, 0x0021, 0x0020, 0x0021, 0x0021, 0x0020, 0x0020,
  0x0021, 0x0020, 0x0021, 0x0021, 0x0021, 0x0020, 0x0021, 0x0020, 0x0021, 0x0021, 0x0020, 0x0020,
  0x0020, 0x0021, 0x0021, 0x0021, 0x0020, 0x0020, 0x0021, 0x0021, 0x0020, 0x0020, 0x0021, 0x0021,
  0x0020, 0x0021, 0x0021, 0x0021, 0x0020, 0x0021, 0x0020, 0x0021, 0x0021, 0x0020, 0x0020, 0x0021,
  0x0021, 0x0021, 0x0021, 0x0020, 0x0020, 0x0020, 0x0021, 0x0020, 0x0020, 0x0020, 0x0020, 0x0020,
  0x0020, 0x0020, 0x0021, 0x0021, 0x0021, 0x0020, 0x0020, 0x0021, 0x0021, 0x0021, 0x0020, 0x0021,
  0x0020, 0x0020, 0x0020, 0x0020, 0x0021, 0x0021, 0x0021, 0x0020, 0x0020, 0x0021, 0x0020, 0x0021,
  0x0021, 0x0021, 0x0020, 0x0020, 0x0020, 0x0021, 0x0020, 0x0021, 0x0021, 0x0020, 0x0021, 0x0021,
  0x0020, 0x0020, 0x0020, 0x0021, 0x0021, 0x0021, 0x0021, 0x0020, 0x0020, 0x0021, 0x0020, 0x0020,
  0x0020, 0x0021, 0x0021, 0x0020, 0x0020, 0x0021, 0x0021, 0x0020, 0x0021, 0x0020, 0x0021, 0x0020,
  0x0021, 0x0020, 0x0021, 0x0020, 0x0020, 0x0020, 0x0020, 0x0021, 0x0021, 0x0021, 0x0021, 0x0021,
  0x0020, 0x0020, 0x0020, 0x0021, 0x0020, 0x0020, 0x0021, 0x0021, 0x0020, 0x0020, 0x0021, 0x0021,
  0x0021, 0x0020, 0x0021, 0x0020, 0x0021, 0x0021, 0x0021, 0x0021, 0x0021, 0x0020, 0x0020, 0x0020,
  0x0020, 0x0021, 0x0021, 0x0021, 0x0021, 0x0021, 0x0021, 0x0020, 0x0020, 0x0020, 0x0021, 0x0020,
  0x0021, 0x0020, 0x0020, 0x0020, 0x0021, 0x0021, 0x0020, 0x0021, 0x0020, 0x0021, 0x0021, 0x0020,
  0x0021, 0x0021, 0x0021, 0x0021, 0x0021, 0x0020, 0x0020, 0x0020, 0x0021, 0x0020, 0x0021, 0x0020,
  0x0021, 0x0020, 0x0020, 0x0021, 0x0021, 0x0020, 0x0020, 0x0021, 0x0021, 0x0020, 0x0021, 0x0020,
  0x0021, 0x0020, 0x0020, 0x0021, 0x0021, 0x0021, 0x0020, 0x0021, 0x0021, 0x0020, 0x0021, 0x0020,
  0x0021, 0x0020, 0x0020, 0x0021, 0x0021, 0x0020, 0x0021, 0x0021, 0x0021, 0x0021, 0x0021, 0x0020,
  0x0021, 0x0021, 0x0020, 0x0021, 0x0021, 0x0021, 0x0021, 0x0021, 0x0021, 0x0021, 0x0021, 0x0020,
  0x0021, 0x0021, 0x0021, 0x0021, 0x0021, 0x0020, 0x0021, 0x0020, 0x0020, 0x0021, 0x0020, 0x0020,
  0x0021, 0x0021, 0x0021, 0x0021, 0x0020, 0x0021, 0x0020, 0x0021, 0x0021, 0x0021, 0x0021, 0x0021,
  0x0021, 0x0020, 0x0021, 0x0021, 0x0021, 0x0021, 0x0021, 0x0021, 0x0021, 0x0021, 0x0021, 0x0021,
  0x0021, 0x0020, 0x0021, 0x0021, 0x0020, 0x0021, 0x0020, 0x0021, 0x0020, 0x0021, 0x0021, 0x0021,
  0x0021, 0x0021, 0x0021, 0x0021, 0x0021, 0x0021, 0x0021, 0x0020, 0x0021, 0x0021, 0x0020, 0x0021,
  0x0021, 0x0020, 0x0020, 0x0021, 0x0021, 0x0021, 0x0020, 0x0020, 0x0021, 0x0021, 0x0020, 0x0020,
  0x0021, 0x0021, 0x0021, 0x0021, 0x0020, 0x0021, 0x0021, 0x0021, 0x0021, 0x0020, 0x0021, 0x0021,
  0x0021, 0x0021, 0x0021, 0x0021, 0x0020, 0x0021, 0x0020, 0x0020, 0x0021, 0x0021, 0x0021, 0x0020,
  0x0021, 0x0020, 0x0021, 0x0020, 0x0021, 0x0021, 0x0021, 0x0021, 0x0021, 0x0021, 0x0021, 0x0020,
  0x0020, 0x0020, 0x0021, 0x0021, 0x0020, 0x0021, 0x0020, 0x0021, 0x0020, 0x0021, 0x0020, 0x0020,
  0x0020, 0x0021, 0x0021, 0x0021, 0x0021, 0x0021, 0x0021, 0x0020, 0x0021, 0x0021, 0x0020, 0x0021,
  0x0020, 0x0021, 0x0020, 0x0021, 0x0021, 0x0021, 0x0020, 0x0021, 0x0021, 0x0020, 0x0020, 0x0020,
  0x0021, 0x0021, 0x0021, 0x0021, 0x0021, 0x0021, 0x0021, 0x0020, 0x0020, 0x0021, 0x0020, 0x0021,
  0x0021, 0x0020, 0x0021, 0x0020, 0x0021, 0x0020, 0x0021, 0x0020, 0x0021, 0x0021, 0x0021, 0x0020,
  0x0020, 0x0020, 0x0021, 0x0020, 0x0020, 0x0021, 0x0021, 0x0020, 0x0021, 0x0021, 0x0021, 0x0020,
  0x0021, 0x0021, 0x0021, 0x0021, 0x0020, 0x0021, 0x0021, 0x0021, 0x0021, 0x0021, 0x0021, 0x0021,
  0x0021, 0x0020, 0x0021, 0x0021, 0x0021, 0x0021, 0x0020, 0x0020, 0x0020, 0x0020, 0x0020, 0x0021,
  0x0020, 0x0020, 0x0021, 0x0020, 0x0020, 0x0020, 0x0021, 0x0021, 0x0021, 0x0021, 0x0020, 0x0020,
  0x0020, 0x0020, 0x0021, 0x0020, 0x0020, 0x0021, 0x0020, 0x0021, 0x0021, 0x0020, 0x0020, 0x0021,
  0x0021, 0x0021, 0x0020, 0x0021, 0x0021, 0x0021, 0x0020, 0x0021, 0x0021, 0x0021, 0x0021, 0x0020,
  0x0021, 0x0020, 0x0021, 0x0021, 0x0020, 0x0021, 0x0021, 0x0020, 0x0021, 0x0020, 0x0020, 0x0021,
  0x0021, 0x0020, 0x0020, 0x0021, 0x0020, 0x0020, 0x0021, 0x0021, 0x0021, 0x0020, 0x0020, 0x0020,
  0x0020, 0x0021, 0x0020, 0x0020, 0x0020, 0x0021, 0x0020, 0x0020, 0x0021, 0x0021, 0x0020, 0x0020,
  0x0021, 0x0021, 0x0021, 0x0021, 0x0021, 0x0020, 0x0021, 0x0020, 0x0021, 0x0020, 0x0021, 0x0021,
  0x0020, 0x0020, 0x0021, 0x0021, 0x0020, 0x0020, 0x0020, 0x0020, 0x0021, 0x0021, 0x0021, 0x0021,
  0x0021, 0x0021, 0x0021, 0x0020, 0x0021, 0x0021, 0x0021, 0x0020, 0x0021, 0x0021, 0x0020, 0x0020,
  0x0020, 0x0021, 0x0021, 0x0020, 0x0020, 0x0021, 0x0020, 0x0021, 0x0020, 0x0021, 0x0020, 0x0021,
  0x0021, 0x0020, 0x0020, 0x0020, 0x0020, 0x0020, 0x0020, 0x0021, 0x0021, 0x0020, 0x0021, 0x0021,
  0x0020, 0x0021, 0x0021, 0x0021, 0x0021, 0x0020, 0x0021, 0x0020, 0x0021, 0x0021, 0x0020, 0x0021,
  0x0021, 0x0021, 0x0021, 0x0021, 0x0020, 0x0020, 0x0020, 0x0021, 0x0020, 0x0021, 0x0021, 0x0020,
  0x0021, 0x0020, 0x0021, 0x0020, 0x0020, 0x0021, 0x0020, 0x0021, 0x0021, 0x0020, 0x0020, 0x0021,
  0x0020, 0x0020, 0x0021, 0x0021, 0x0020, 0x0021, 0x0020, 0x0020, 0x0020, 0x0020, 0x0020, 0x0021,
  0x0021, 0x0021, 0x0020, 0x0020, 0x0021, 0x0021, 0x0020, 0x0021, 0x0020, 0x0021, 0x0021, 0x0020,
  0x0021, 0x0021, 0x0020, 0x0021, 0x0020, 0x0021, 0x0021, 0x0021, 0x0021, 0x0021, 0x0021, 0x0020,
  0x0021, 0x0020, 0x0021, 0x0020, 0x0020, 0x0020, 0x0020, 0x0020, 0x0021, 0x0021, 0x0021, 0x0020,
  0x0020, 0x0021, 0x0021, 0x0020, 0x0021, 0x0021, 0x0020, 0x0020, 0x0020, 0x0021, 0x0020, 0x0020,
  0x0020, 0x0021, 0x0021, 0x0021, 0x0021, 0x0020, 0x0021, 0x0020, 0x0021, 0x0020, 0x0020, 0x0021,
  0x0021, 0x0021, 0x0020, 0x0020, 0x0021, 0x0020, 0x0021, 0x0020, 0x0020, 0x0020, 0x0021, 0x0021,
  0x0020, 0x0020, 0x0021, 0x0020, 0x0021, 0x0021, 0x0021, 0x0021, 0x0020, 0x0020, 0x0021, 0x0020,
  0x0020, 0x0021, 0x0021, 0x0020, 0x0020, 0x0020, 0x0020, 0x0021, 0x0020, 0x0021, 0x0020, 0x0020,
  0x0020, 0x0021, 0x0020, 0x0021, 0x0021, 0x0021, 0x0020, 0x0020, 0x0020, 0x0020, 0x0020, 0x0020,
  0x0020, 0x0020, 0x0021, 0x0020, 0x0020, 0x0021, 0x0020, 0x0020, 0x0020, 0x0020, 0x0020, 0x0020,
  0x0020, 0x0020, 0x0020, 0x0021, 0x0021, 0x0020, 0x0020, 0x0021, 0x0020, 0x0020, 0x0021, 0x0020,
  0x0020, 0x0020, 0x0020, 0x0020, 0x0020, 0x0021, 0x0021, 0x0020, 0x0020, 0x0020, 0x0020, 0x0021,
  0x0021, 0x0020, 0x0020, 0x0020, 0x0020, 0x0020, 0x0020, 0x0020, 0x0020, 0x0020, 0x0020, 0x0021,
  0x0020, 0x0020, 0x0020, 0x0020, 0x0020, 0x0020, 0x0021, 0x0020, 0x0020, 0x0021, 0x0020, 0x0020,
  0x0020, 0x0020, 0x0020, 0x0021, 0x0020, 0x0020, 0x0020, 0x0021, 0x0020, 0x0021, 0x0021, 0x0020,
  0x0021, 0x0020, 0x0020, 0x0020, 0x0020, 0x0020, 0x0020, 0x0021, 0x0020, 0x0020, 0x0020, 0x0020,
  0x0020, 0x0020, 0x0020, 0x0020, 0x0020, 0x0020, 0x0020, 0x0020, 0x0020, 0x0020, 0x0020, 0x0020,
  0x0020, 0x0020, 0x0020, 0x0020, 0x0020, 0x0020, 0x0020, 0x0020, 0x0021, 0x0021, 0x0020, 0x0020,
  0x0020, 0x0020, 0x0020, 0x0021, 0x0020, 0x0021, 0x0021, 0x0020, 0x0020, 0x0020, 0x0020, 0x0020,
  0x0020, 0x0020, 0x0020, 0x0021, 0x0021, 0x0020, 0x0020, 0x0020, 0x0020, 0x0020, 0x0020, 0x0020,
  0x0020, 0x0020, 0x0020, 0x0020, 0x0020, 0x0020, 0x0021, 0x0020, 0x0020, 0x0020, 0x0021, 0x0020,
  0x0021, 0x0020, 0x0020, 0x0020, 0x0020, 0x0021, 0x0021, 0x0021, 0x0020, 0x0021, 0x0020, 0x0020,
  0x0020, 0x0020, 0x0020, 0x0020, 0x0020, 0x0020, 0x0020, 0x0020, 0x0020, 0x0020, 0x0020, 0x0020,
  0x0020, 0x0020, 0x0020, 0x0021, 0x0020, 0x0020, 0x0020, 0x0020, 0x0020, 0x0020, 0x0020, 0x0020,
  0x0020, 0x0020, 0x0020, 0x0020, 0x0020, 0x0020, 0x0020, 0x0020, 0x0020, 0x0020, 0x0020, 0x0020,
  0x0021, 0x0020, 0x0020, 0x0020, 0x0020, 0x0020, 0x0020, 0x0020, 0x0020, 0x0021, 0x0020, 0x0020,
  0x0020, 0x0020, 0x0021, 0x0020, 0x0020, 0x0020, 0x0020, 0x0020, 0x0020, 0x0020, 0x0020, 0x0020,
  0x0020, 0x0020, 0x0020, 0x0020, 0x0020, 0x0021, 0x0020, 0x0021, 0x0020, 0x0020, 0x0020, 0x0020,
  0x0020, 0x0020, 0x0020, 0x0020, 0x0020, 0x0020, 0x0021, 0x0021, 0x0020, 0x0021, 0x0020, 0x0020,
  0x0020, 0x0020, 0x0020, 0x0020, 0x0020, 0x0021, 0x0021, 0x0020, 0x0020, 0x0020, 0x0020, 0x0020,
  0x0020, 0x0020, 0x0020, 0x0020, 0x0020, 0x0020, 0x0021, 0x0021, 0x0020, 0x0020, 0x0020, 0x0020,
  0x0020, 0x0020, 0x0020, 0x0020, 0x0020, 0x0020, 0x0020, 0x0020, 0x0020, 0x0020, 0x0020, 0x0020,
  0x0020, 0x0020, 0x0020, 0x0020, 0x0020, 0x0020, 0x0020, 0x0020, 0x0020, 0x0020, 0x0020, 0x0020,
  0x0020, 0x0020, 0x0020, 0x0020, 0x0020, 0x0020, 0x0020, 0x0020, 0x0021, 0x0020, 0x0020, 0x0021,
  0x0020, 0x0020, 0x0020, 0x0020, 0x0021, 0x0020, 0x0021, 0x0020, 0x0020, 0x0020, 0x0020, 0x0020,
  0x0020, 0x0020, 0x0020, 0x0020,
