// Generated from Assets/GridCity/StreetV3/device/g2-verdant-avenue.png
// SHA-256: 08ed0b28510daaab64fc3c322ef99e69dc3726cfb838dff73522d8005252f413
  0x0000, 0x0000, 0x0020, 0x0020, 0x0020, 0x0020, 0x0020, 0x0020, 0x0020, 0x0020, 0x0020, 0x0020,
  0x0020, 0x0000, 0x0020, 0x0000, 0x0020, 0x0020, 0x0020, 0x0000, 0x0000, 0x0020, 0x0020, 0x0000,
  0x0020, 0x0020, 0x0000, 0x0000, 0x0020, 0x0020, 0x0020, 0x0020, 0x0020, 0x0000, 0x0020, 0x0020,
  0x0000, 0x0020, 0x0020, 0x0000, 0x0000, 0x0020, 0x0000, 0x0000, 0x0000, 0x0020, 0x0020, 0x0020,
  0x0020, 0x0000, 0x0020, 0x0020, 0x0020, 0x0020, 0x0000, 0x0020, 0x0020, 0x0020, 0x0020, 0x0020,
  0x0020, 0x0020, 0x0020, 0x0020, 0x0020, 0x0020, 0x0000, 0x0020, 0x0020, 0x0020, 0x0020, 0x0020,
  0x0020, 0x0020, 0x0020, 0x0020, 0x0020, 0x0020, 0x0020, 0x0020, 0x0020, 0x0020, 0x0020, 0x0020,
  0x0020, 0x0020, 0x0020, 0x0000, 0x0020, 0x0020, 0x0020, 0x0020, 0x0020, 0x0020, 0x0020, 0x0020,
  0x0020, 0x0020, 0x0000, 0x0020, 0x0020, 0x0000, 0x0020, 0x0020, 0x0020, 0x0020, 0x0020, 0x0020,
  0x0020, 0x0020, 0x0000, 0x0000, 0x0000, 0x0000, 0x0020, 0x0000, 0x0000, 0x0020, 0x0020, 0x0020,
  0x0020, 0x0020, 0x0020, 0x0020, 0x0020, 0x0020, 0x0020, 0x0020, 0x0020, 0x0020, 0x0020, 0x0020,
  0x0020, 0x0020, 0x0000, 0x0000, 0x0020, 0x0000, 0x0000, 0x0000, 0x0020, 0x0020, 0x0020, 0x0020,
  0x0000, 0x0020, 0x0020, 0x0000, 0x0000, 0x0020, 0x0020, 0x0020, 0x0000, 0x0020, 0x0020, 0x0000,
  0x0000, 0x0000, 0x0020, 0x0020, 0x0000, 0x0020, 0x0020, 0x0020, 0x0020, 0x0020, 0x0020, 0x0000,
  0x0000, 0x0000, 0x0020, 0x0020, 0x0000, 0x0000, 0x0020, 0x0000, 0x0020, 0x0020, 0x0000, 0x0000,
  0x0000, 0x0020, 0x0000, 0x0000, 0x0020, 0x0000, 0x0000, 0x0020, 0x0020, 0x0000, 0x0000, 0x0020,
  0x0020, 0x0020, 0x0020, 0x0020, 0x0000, 0x0020, 0x0020, 0x0000, 0x0000, 0x0020, 0x0020, 0x0000,
  0x0000, 0x0020, 0x0020, 0x0020, 0x0020, 0x0020, 0x0000, 0x0000, 0x0020, 0x0020, 0x0000, 0x0020,
  0x0020, 0x0020, 0x0020, 0x0020, 0x0020, 0x0020, 0x0020, 0x0020, 0x0020, 0x0000, 0x0020, 0x0020,
  0x0020, 0x0020, 0x0020, 0x0020, 0x0000, 0x0020, 0x0020, 0x0020, 0x0020, 0x0020, 0x0020, 0x0000,
  0x0020, 0x0020, 0x0020, 0x0020, 0x0020, 0x0020, 0x0020, 0x0000, 0x0020, 0x0000, 0x0020, 0x0020,
  0x0000, 0x0000, 0x0020, 0x0020, 0x0020, 0x0000, 0x0000, 0x0000, 0x0000, 0x0000, 0x0020, 0x0020,
  0x0020, 0x0000, 0x0020, 0x0020, 0x0020, 0x0020, 0x0020, 0x0000, 0x0000, 0x0000, 0x0000, 0x0020,
  0x0020, 0x0000, 0x0020, 0x0020, 0x0020, 0x0020, 0x0020, 0x0000, 0x0000, 0x0020, 0x0020, 0x0020,
  0x0000, 0x0020, 0x0020, 0x0000, 0x0000, 0x0020, 0x0020, 0x0000, 0x0020, 0x0020, 0x0000, 0x0000,
  0x0020, 0x0020, 0x0020, 0x0020, 0x0000, 0x0000, 0x0000, 0x0000, 0x0000, 0x0000, 0x0020, 0x0000,
  0x0000, 0x0000, 0x0020, 0x0020, 0x0000, 0x0000, 0x0020, 0x0020, 0x0020, 0x0000, 0x0020, 0x0020,
  0x0020, 0x0000, 0x0000, 0x0000, 0x0000, 0x0020, 0x0000, 0x0020, 0x0000, 0x0020, 0x0020, 0x0020,
  0x0020, 0x0020, 0x0020, 0x0000, 0x0000, 0x0020, 0x0020, 0x0020, 0x0000, 0x0000, 0x0000, 0x0020,
  0x0020, 0x0000, 0x0020, 0x0020, 0x0020, 0x0020, 0x0020, 0x0000, 0x0000, 0x0020, 0x0020, 0x0020,
  0x0020, 0x0020, 0x0020, 0x0020, 0x0020, 0x0020, 0x0020, 0x0020, 0x0020, 0x0020, 0x0020, 0x0020,
  0x0020, 0x0020, 0x0020, 0x0020, 0x0020, 0x0020, 0x0020, 0x0020, 0x0020, 0x0020, 0x0020, 0x0000,
  0x0000, 0x0000, 0x0000, 0x0000, 0x0020, 0x0020, 0x0020, 0x0020, 0x0020, 0x0020, 0x0020, 0x0020,
  0x0020, 0x0020, 0x0020, 0x0020, 0x0020, 0x0020, 0x0020, 0x0020, 0x0020, 0x0020, 0x0020, 0x0000,
  0x0020, 0x0000, 0x0020, 0x0020, 0x0020, 0x0020, 0x0020, 0x0020, 0x0020, 0x0000, 0x0000, 0x0000,
  0x0000, 0x0000, 0x0020, 0x0020, 0x0020, 0x0020, 0x0000, 0x0020, 0x0020, 0x0020, 0x0020, 0x0020,
  0x0000, 0x0020, 0x0020, 0x0020, 0x0020, 0x0020, 0x0020, 0x0020, 0x0020, 0x0020, 0x0020, 0x0020,
  0x0020, 0x0020, 0x0000, 0x0020, 0x0020, 0x0020, 0x0000, 0x0020, 0x0020, 0x0020, 0x0020, 0x0020,
  0x0020, 0x0020, 0x0000, 0x0000, 0x0020, 0x0020, 0x0020, 0x0020, 0x0020, 0x0020, 0x0020, 0x0020,
  0x0020, 0x0020, 0x0000, 0x0020, 0x0020, 0x0020, 0x0020, 0x0020, 0x0020, 0x0020, 0x0020, 0x0000,
  0x0000, 0x0000, 0x0020, 0x0020, 0x0020, 0x0000, 0x0020, 0x0020, 0x0020, 0x0020, 0x0000, 0x0000,
  0x0020, 0x0020, 0x0020, 0x0020, 0x0000, 0x0020, 0x0000, 0x0000, 0x0000, 0x0000, 0x0000, 0x0000,
  0x0000, 0x0020, 0x0000, 0x0020, 0x0020, 0x0000, 0x0020, 0x0020, 0x0020, 0x0020, 0x0020, 0x0020,
  0x0020, 0x0020, 0x0000, 0x0020, 0x0020, 0x0020, 0x0000, 0x0020, 0x0020, 0x0000, 0x0000, 0x0000,
  0x0020, 0x0020, 0x0020, 0x0020, 0x0020, 0x0020, 0x0020, 0x0020, 0x0020, 0x0020, 0x0020, 0x0020,
  0x0020, 0x0020, 0x0000, 0x0020, 0x0020, 0x0000, 0x0020, 0x0020, 0x0020, 0x0020, 0x0020, 0x0020,
  0x0020, 0x0020, 0x0020, 0x0020, 0x0020, 0x0020, 0x0020, 0x0020, 0x0020, 0x0020, 0x0020, 0x0020,
  0x0020, 0x0020, 0x0020, 0x0020, 0x0020, 0x0020, 0x0020, 0x0020, 0x0020, 0x0020, 0x0020, 0x0000,
  0x0000, 0x0000, 0x0020, 0x0020, 0x0020, 0x0020, 0x0000, 0x0020, 0x0020, 0x0000, 0x0020, 0x0020,
  0x0000, 0x0020, 0x0020, 0x0020, 0x0020, 0x0020, 0x0020, 0x0020, 0x0020, 0x0020, 0x0020, 0x0020,
  0x0020, 0x0020, 0x0020, 0x0020, 0x0020, 0x0020, 0x0020, 0x0020, 0x0020, 0x0020, 0x0020, 0x0020,
  0x0020, 0x0020, 0x0020, 0x0020, 0x0020, 0x0020, 0x0000, 0x0020, 0x0020, 0x0020, 0x0020, 0x0020,
  0x0020, 0x0020, 0x0020, 0x0020, 0x0020, 0x0020, 0x0020, 0x0020, 0x0020, 0x0020, 0x0020, 0x0000,
  0x0020, 0x0020, 0x0000, 0x0000, 0x0020, 0x0020, 0x0000, 0x0020, 0x0000, 0x0020, 0x0000, 0x0020,
  0x0020, 0x0020, 0x0020, 0x0000, 0x0020, 0x0020, 0x0000, 0x0000, 0x0000, 0x0000, 0x0000, 0x0020,
  0x0000, 0x0000, 0x0000, 0x0020, 0x0000, 0x0020, 0x0020, 0x0020, 0x0020, 0x0020, 0x0020, 0x0020,
  0x0020, 0x0020, 0x0000, 0x0020, 0x0020, 0x0020, 0x0000, 0x0000, 0x0000, 0x0020, 0x0020, 0x0020,
  0x0020, 0x0000, 0x0020, 0x0000, 0x0020, 0x0020, 0x0020, 0x0020, 0x0020, 0x0020, 0x0020, 0x0020,
  0x0020, 0x0020, 0x0020, 0x0000, 0x0000, 0x0020, 0x0020, 0x0020, 0x0020, 0x0000, 0x0020, 0x0020,
  0x0020, 0x0020, 0x0020, 0x0020, 0x0020, 0x0020, 0x0020, 0x0020, 0x0000, 0x0020, 0x0020, 0x0020,
  0x0020, 0x0020, 0x0020, 0x0020, 0x0020, 0x0020, 0x0020, 0x0020, 0x0020, 0x0000, 0x0020, 0x0020,
  0x0000, 0x0020, 0x0020, 0x0020, 0x0020, 0x0000, 0x0020, 0x0020, 0x0000, 0x0000, 0x0000, 0x0000,
  0x0020, 0x0000, 0x0020, 0x0020, 0x0020, 0x0020, 0x0020, 0x0020, 0x0020, 0x0020, 0x0020, 0x0000,
  0x0000, 0x0020, 0x0020, 0x0020, 0x0020, 0x0020, 0x0020, 0x0020, 0x0020, 0x0000, 0x0020, 0x0020,
  0x0020, 0x0020, 0x0020, 0x0020, 0x0020, 0x0020, 0x0020, 0x0020, 0x0020, 0x0020, 0x0000, 0x0020,
  0x0020, 0x0020, 0x0020, 0x0020, 0x0020, 0x0020, 0x0020, 0x0020, 0x0020, 0x0020, 0x0020, 0x0020,
  0x0020, 0x0020, 0x0020, 0x0000, 0x0000, 0x0020, 0x0000, 0x0000, 0x0000, 0x0000, 0x0020, 0x0020,
  0x0020, 0x0020, 0x0020, 0x0020, 0x0020, 0x0000, 0x0020, 0x0000, 0x0020, 0x0020, 0x0020, 0x0020,
  0x0000, 0x0020, 0x0020, 0x0020, 0x0000, 0x0000, 0x0020, 0x0020, 0x0020, 0x0020, 0x0020, 0x0020,
  0x0020, 0x0020, 0x0020, 0x0020, 0x0020, 0x0020, 0x0000, 0x0020, 0x0020, 0x0000, 0x0000, 0x0020,
  0x0000, 0x0020, 0x0020, 0x0020, 0x0000, 0x0000, 0x0020, 0x0020, 0x0020, 0x0020, 0x0020, 0x0020,
  0x0020, 0x0020, 0x0020, 0x0020, 0x0020, 0x0020, 0x0020, 0x0020, 0x0020, 0x0020, 0x0020, 0x0020,
  0x0020, 0x0020, 0x0020, 0x0020, 0x0020, 0x0020, 0x0020, 0x0020, 0x0020, 0x0020, 0x0020, 0x0020,
  0x0000, 0x0020, 0x0020, 0x0020, 0x0020, 0x0020, 0x0020, 0x0020, 0x0020, 0x0020, 0x0020, 0x0020,
  0x0020, 0x0000, 0x0000, 0x0020, 0x0020, 0x0020, 0x0020, 0x0020, 0x0020, 0x0000, 0x0020, 0x0020,
  0x0020, 0x0020, 0x0000, 0x0020, 0x0020, 0x0020, 0x0020, 0x0020, 0x0020, 0x0020, 0x0020, 0x0020,
  0x0020, 0x0020, 0x0020, 0x0020, 0x0020, 0x0020, 0x0000, 0x0000, 0x0000, 0x0020, 0x0000, 0x0020,
  0x0020, 0x0020, 0x0020, 0x0000, 0x0000, 0x0020, 0x0000, 0x0000, 0x0020, 0x0020, 0x0020, 0x0020,
  0x0020, 0x0020, 0x0000, 0x0000, 0x0020, 0x0020, 0x0020, 0x0020, 0x0020, 0x0020, 0x0020, 0x0020,
  0x0020, 0x0020, 0x0000, 0x0000, 0x0020, 0x0000, 0x0000, 0x0020, 0x0000, 0x0000, 0x0000, 0x0000,
  0x0020, 0x0020, 0x0020, 0x0020, 0x0020, 0x0020, 0x0020, 0x0000, 0x0000, 0x0000, 0x0020, 0x0020,
  0x0020, 0x0020, 0x0000, 0x0020, 0x0020, 0x0020, 0x0020, 0x0000, 0x0000, 0x0000, 0x0000, 0x0000,
  0x0020, 0x0020, 0x0020, 0x0000, 0x0020, 0x0020, 0x0000, 0x0020, 0x0020, 0x0000, 0x0020, 0x0020,
  0x0020, 0x0020, 0x0000, 0x0020, 0x0020, 0x0020, 0x0020, 0x0020, 0x0020, 0x0000, 0x0000, 0x0020,
  0x0020, 0x0020, 0x0020, 0x0020, 0x0020, 0x0020, 0x0020, 0x0020, 0x0020, 0x0020, 0x0020, 0x0020,
  0x0020, 0x0020, 0x0020, 0x0020, 0x0020, 0x0020, 0x0020, 0x0020, 0x0020, 0x0000, 0x0020, 0x0020,
  0x0020, 0x0020, 0x0020, 0x0020, 0x0020, 0x0020, 0x0020, 0x0020, 0x0020, 0x0020, 0x0020, 0x0020,
  0x0000, 0x0020, 0x0020, 0x0020, 0x0020, 0x0000, 0x0020, 0x0020, 0x0020, 0x0020, 0x0020, 0x0020,
  0x0020, 0x0020, 0x0020, 0x0020, 0x0020, 0x0020, 0x0020, 0x0020, 0x0020, 0x0020, 0x0020, 0x0020,
  0x0020, 0x0000, 0x0000, 0x0020, 0x0020, 0x0020, 0x0020, 0x0020, 0x0000, 0x0020, 0x0020, 0x0020,
  0x0020, 0x0020, 0x0020, 0x0000, 0x0020, 0x0020, 0x0020, 0x0020, 0x0020, 0x0020, 0x0000, 0x0020,
  0x0020, 0x0020, 0x0020, 0x0020, 0x0020, 0x0020, 0x0020, 0x0020, 0x0020, 0x0000, 0x0020, 0x0020,
  0x0020, 0x0020, 0x0020, 0x0020, 0x0020, 0x0020, 0x0020, 0x0020, 0x0020, 0x0000, 0x0000, 0x0000,
  0x0000, 0x0000, 0x0000, 0x0020, 0x0020, 0x0020, 0x0020, 0x0020, 0x0020, 0x0020, 0x0020, 0x0000,
  0x0020, 0x0020, 0x0020, 0x0000, 0x0020, 0x0020, 0x0000, 0x0000, 0x0020, 0x0020, 0x0020, 0x0000,
  0x0020, 0x0000, 0x0000, 0x0020, 0x0020, 0x0020, 0x0020, 0x0000, 0x0020, 0x0000, 0x0020, 0x0000,
  0x0020, 0x0020, 0x0020, 0x0000, 0x0020, 0x0000, 0x0020, 0x0020, 0x0020, 0x0020, 0x0020, 0x0020,
  0x0020, 0x0020, 0x0000, 0x0020, 0x0020, 0x0020, 0x0020, 0x0020, 0x0020, 0x0020, 0x0000, 0x0000,
  0x0020, 0x0020, 0x0020, 0x0020, 0x0020, 0x0020, 0x0020, 0x0020, 0x0000, 0x0020, 0x0000, 0x0000,
  0x0020, 0x0000, 0x0000, 0x0000, 0x0020, 0x0020, 0x0020, 0x0020, 0x0020, 0x0020, 0x0020, 0x0020,
  0x0020, 0x0020, 0x0020, 0x0020, 0x0020, 0x0020, 0x0020, 0x0020, 0x0020, 0x0020, 0x0020, 0x0020,
  0x0020, 0x0020, 0x0020, 0x0020, 0x0020, 0x0020, 0x0020, 0x0020, 0x0020, 0x0020, 0x0020, 0x0020,
  0x0020, 0x0020, 0x0020, 0x0020, 0x0020, 0x0020, 0x0020, 0x0020, 0x0020, 0x0020, 0x0020, 0x0020,
  0x0000, 0x0000, 0x0020, 0x0020, 0x0020, 0x0000, 0x0020, 0x0020, 0x0000, 0x0020, 0x0020, 0x0020,
  0x0000, 0x0020, 0x0020, 0x0020, 0x0020, 0x0020, 0x0020, 0x0020, 0x0020, 0x0020, 0x0020, 0x0020,
  0x0020, 0x0020, 0x0020, 0x0020, 0x0020, 0x0000, 0x0020, 0x0020, 0x0000, 0x0020, 0x0020, 0x0020,
  0x0020, 0x0000, 0x0000, 0x0000, 0x0000, 0x0020, 0x0000, 0x0000, 0x0020, 0x0020, 0x0020, 0x0020,
  0x0020, 0x0020, 0x0020, 0x0020, 0x0020, 0x0020, 0x0000, 0x0020, 0x0020, 0x0020, 0x0020, 0x0000,
  0x0020, 0x0020, 0x0020, 0x0000, 0x0020, 0x0000, 0x0000, 0x0020, 0x0020, 0x0020, 0x0000, 0x0020,
  0x0020, 0x0020, 0x0020, 0x0020, 0x0020, 0x0020, 0x0020, 0x0000, 0x0020, 0x0020, 0x0020, 0x0020,
  0x0020, 0x0020, 0x0020, 0x0000, 0x0000, 0x0020, 0x0020, 0x0020, 0x0020, 0x0000, 0x0020, 0x0020,
  0x0000, 0x0000, 0x0000, 0x0000, 0x0020, 0x0020, 0x0020, 0x0020, 0x0020, 0x0020, 0x0020, 0x0020,
  0x0000, 0x0020, 0x0000, 0x0000, 0x0020, 0x0020, 0x0000, 0x0000, 0x0020, 0x0020, 0x0020, 0x0020,
  0x0020, 0x0020, 0x0020, 0x0020, 0x0020, 0x0020, 0x0020, 0x0020, 0x0020, 0x0020, 0x0020, 0x0020,
  0x0020, 0x0020, 0x0020, 0x0020, 0x0000, 0x0020, 0x0000, 0x0020, 0x0020, 0x0020, 0x0020, 0x0020,
  0x0020, 0x0020, 0x0020, 0x0020, 0x0020, 0x0020, 0x0020, 0x0020, 0x0020, 0x0000, 0x0020, 0x0020,
  0x0000, 0x0020, 0x0020, 0x0020, 0x0000, 0x0020, 0x0020, 0x0020, 0x0020, 0x0000, 0x0020, 0x0020,
  0x0020, 0x0020, 0x0000, 0x0020, 0x0020, 0x0020, 0x0020, 0x0020, 0x0020, 0x0020, 0x0020, 0x0020,
  0x0020, 0x0020, 0x0020, 0x0020, 0x0020, 0x0020, 0x0020, 0x0020, 0x0020, 0x0020, 0x0020, 0x0020,
  0x0020, 0x0020, 0x0020, 0x0020, 0x0020, 0x0020, 0x0000, 0x0000, 0x0020, 0x0020, 0x0020, 0x0000,
  0x0020, 0x0020, 0x0020, 0x0020, 0x0020, 0x0020, 0x0020, 0x0020, 0x0020, 0x0020, 0x0020, 0x0020,
  0x0020, 0x0020, 0x0000, 0x0000, 0x0020, 0x0020, 0x0020, 0x0020, 0x0020, 0x0020, 0x0020, 0x0000,
  0x0020, 0x0020, 0x0000, 0x0020, 0x0020, 0x0000, 0x0020, 0x0020, 0x0020, 0x0020, 0x0020, 0x0020,
  0x0020, 0x0020, 0x0020, 0x0000, 0x0020, 0x0020, 0x0020, 0x0000, 0x0000, 0x0020, 0x0020, 0x0020,
  0x0020, 0x0020, 0x0020, 0x0020, 0x0000, 0x0000, 0x0000, 0x0020, 0x0000, 0x0020, 0x0020, 0x0020,
  0x0020, 0x0020, 0x0020, 0x0020, 0x0000, 0x0020, 0x0020, 0x0020, 0x0020, 0x0000, 0x0020, 0x0000,
  0x0000, 0x0020, 0x0020, 0x0020, 0x0020, 0x0020, 0x0020, 0x0020, 0x0020, 0x0020, 0x0020, 0x0020,
  0x0020, 0x0000, 0x0020, 0x0020, 0x0020, 0x0020, 0x0020, 0x0020, 0x0020, 0x0020, 0x0020, 0x0020,
  0x0020, 0x0020, 0x0020, 0x0020, 0x0020, 0x0020, 0x0020, 0x0020, 0x0020, 0x0020, 0x0020, 0x0020,
  0x0000, 0x0020, 0x0020, 0x0020, 0x0020, 0x0020, 0x0020, 0x0020, 0x0020, 0x0020, 0x0020, 0x0020,
  0x0020, 0x0020, 0x0000, 0x0020, 0x0020, 0x0020, 0x0020, 0x0000, 0x0000, 0x0020, 0x0020, 0x0020,
  0x0000, 0x0020, 0x0020, 0x0020, 0x0020, 0x0020, 0x0000, 0x0020, 0x0020, 0x0020, 0x0020, 0x0000,
  0x0000, 0x0020, 0x0020, 0x0020, 0x0020, 0x0020, 0x0020, 0x0020, 0x0020, 0x0020, 0x0020, 0x0020,
  0x0020, 0x0020, 0x0020, 0x0000, 0x0020, 0x0020, 0x0020, 0x0020, 0x0000, 0x0000, 0x0020, 0x0000,
  0x0020, 0x0020, 0x0020, 0x0000, 0x0020, 0x0020, 0x0020, 0x0000, 0x0020, 0x0020, 0x0020, 0x0020,
  0x0020, 0x0020, 0x0020, 0x0020, 0x0020, 0x0020, 0x0020, 0x0020, 0x0020, 0x0000, 0x0020, 0x0020,
  0x0020, 0x0020, 0x0020, 0x0020, 0x0020, 0x0020, 0x0020, 0x0020, 0x0020, 0x0020, 0x0020, 0x0020,
  0x0000, 0x0020, 0x0020, 0x0020, 0x0000, 0x0020, 0x0020, 0x0020, 0x0020, 0x0020, 0x0020, 0x0020,
  0x0020, 0x0000, 0x0000, 0x0000, 0x0020, 0x0020, 0x0020, 0x0020, 0x0000, 0x0020, 0x0020, 0x0000,
  0x0000, 0x0000, 0x0020, 0x0000, 0x0020, 0x0020, 0x0020, 0x0020, 0x0020, 0x0020, 0x0020, 0x0020,
  0x0020, 0x0020, 0x0020, 0x0020, 0x0020, 0x0020, 0x0020, 0x0020, 0x0020, 0x0020, 0x0000, 0x0020,
  0x0020, 0x0020, 0x0020, 0x0020, 0x0020, 0x0020, 0x0020, 0x0020, 0x0020, 0x0020, 0x0020, 0x0020,
  0x0020, 0x0020, 0x0020, 0x0020, 0x0020, 0x0020, 0x0020, 0x0020, 0x0000, 0x0020, 0x0020, 0x0020,
  0x0020, 0x0020, 0x0000, 0x0020, 0x0020, 0x0020, 0x0000, 0x0020, 0x0020, 0x0020, 0x0020, 0x0020,
  0x0000, 0x0020, 0x0000, 0x0020, 0x0020, 0x0020, 0x0020, 0x0020, 0x0020, 0x0020, 0x0020, 0x0020,
  0x0020, 0x0020, 0x0020, 0x0020, 0x0020, 0x0020, 0x0020, 0x0020, 0x0020, 0x0020, 0x0000, 0x0020,
  0x0020, 0x0020, 0x0020, 0x0020, 0x0020, 0x0000, 0x0000, 0x0000, 0x0000, 0x0020, 0x0020, 0x0000,
  0x0000, 0x0000, 0x0020, 0x0020, 0x0020, 0x0020, 0x0000, 0x0020, 0x0020, 0x0020, 0x0020, 0x0020,
  0x0020, 0x0000, 0x0020, 0x0020, 0x0020, 0x0020, 0x0020, 0x0000, 0x0020, 0x0020, 0x0020, 0x0020,
  0x0020, 0x0020, 0x0020, 0x0020, 0x0020, 0x0020, 0x0020, 0x0020, 0x0020, 0x0020, 0x0020, 0x0020,
  0x0020, 0x0020, 0x0020, 0x0000, 0x0020, 0x0020, 0x0020, 0x0020, 0x0000, 0x0020, 0x0020, 0x0020,
  0x0020, 0x0020, 0x0000, 0x0020, 0x0020, 0x0000, 0x0020, 0x0020, 0x0020, 0x0020, 0x0020, 0x0020,
  0x0000, 0x0000, 0x0020, 0x0020, 0x0000, 0x0000, 0x0020, 0x0020, 0x0020, 0x0020, 0x0020, 0x0020,
  0x0020, 0x0020, 0x0020, 0x0020, 0x0020, 0x0020, 0x0020, 0x0020, 0x0020, 0x0020, 0x0020, 0x0020,
  0x0020, 0x0020, 0x0020, 0x0020, 0x0020, 0x0020, 0x0020, 0x0020, 0x0020, 0x0020, 0x0020, 0x0020,
  0x0020, 0x0020, 0x0000, 0x0020, 0x0020, 0x0020, 0x0020, 0x0020, 0x0020, 0x0020, 0x0020, 0x0020,
  0x0000, 0x0000, 0x0020, 0x0020, 0x0020, 0x0020, 0x0020, 0x0020, 0x0000, 0x0000, 0x0020, 0x0020,
  0x0000, 0x0020, 0x0000, 0x0020, 0x0020, 0x0020, 0x0000, 0x0020, 0x0020, 0x0000, 0x0020, 0x0020,
  0x0020, 0x0020, 0x0000, 0x0020, 0x0020, 0x0000, 0x0020, 0x0020, 0x0020, 0x0020, 0x0000, 0x0000,
  0x0020, 0x0020, 0x0020, 0x0020, 0x0020, 0x0020, 0x0020, 0x0020, 0x0020, 0x0000, 0x0000, 0x0000,
  0x0020, 0x0020, 0x0020, 0x0020, 0x0000, 0x0020, 0x0020, 0x0000, 0x0020, 0x0020, 0x0020, 0x0000,
  0x0020, 0x0020, 0x0020, 0x0000, 0x0000, 0x0020, 0x0020, 0x0020, 0x0020, 0x0020, 0x0020, 0x0000,
  0x0020, 0x0020, 0x0020, 0x0020, 0x0020, 0x0020, 0x0020, 0x0020, 0x0020, 0x0020, 0x0000, 0x0020,
  0x0020, 0x0000, 0x0020, 0x0000, 0x0020, 0x0020, 0x0000, 0x0000, 0x0020, 0x0000, 0x0000, 0x0000,
  0x0020, 0x0020, 0x0020, 0x0020, 0x0020, 0x0020, 0x0020, 0x0020, 0x0020, 0x0020, 0x0020, 0x0020,
  0x0020, 0x0020, 0x0020, 0x0000, 0x0020, 0x0020, 0x0000, 0x0020, 0x0020, 0x0000, 0x0020, 0x0020,
  0x0020, 0x0020, 0x0020, 0x0020, 0x0020, 0x0020, 0x0020, 0x0020, 0x0020, 0x0020, 0x0020, 0x0020,
  0x0020, 0x0020, 0x0020, 0x0000, 0x0020, 0x0020, 0x0020, 0x0020, 0x0020, 0x0020, 0x0020, 0x0020,
  0x0020, 0x0020, 0x0020, 0x0020, 0x0020, 0x0020, 0x0020, 0x0020, 0x0020, 0x0020, 0x0020, 0x0020,
  0x0020, 0x0020, 0x0020, 0x0020, 0x0020, 0x0020, 0x0020, 0x0000, 0x0020, 0x0020, 0x0020, 0x0020,
  0x0020, 0x0020, 0x0020, 0x0020, 0x0000, 0x0000, 0x0000, 0x0000, 0x0000, 0x0000, 0x0020, 0x0020,
  0x0020, 0x0020, 0x0020, 0x0020, 0x0020, 0x0000, 0x0020, 0x0020, 0x0020, 0x0000, 0x0020, 0x0020,
  0x0020, 0x0020, 0x0000, 0x0020, 0x0000, 0x0000, 0x0020, 0x0000, 0x0020, 0x0020, 0x0000, 0x0000,
  0x0000, 0x0020, 0x0020, 0x0000, 0x0020, 0x0020, 0x0020, 0x0020, 0x0020, 0x0000, 0x0020, 0x0000,
  0x0020, 0x0020, 0x0020, 0x0020, 0x0020, 0x0020, 0x0020, 0x0020, 0x0020, 0x0020, 0x0020, 0x0020,
  0x0020, 0x0020, 0x0020, 0x0020, 0x0020, 0x0020, 0x0000, 0x0020, 0x0020, 0x0020, 0x0020, 0x0020,
  0x0020, 0x0020, 0x0020, 0x0020, 0x0020, 0x0000, 0x0000, 0x0020, 0x0020, 0x0020, 0x0020, 0x0020,
  0x0020, 0x0020, 0x0020, 0x0020, 0x0000, 0x0020, 0x0020, 0x0020, 0x0020, 0x0020, 0x0020, 0x0020,
  0x0020, 0x0020, 0x0000, 0x0000, 0x0000, 0x0000, 0x0020, 0x0020, 0x0000, 0x0020, 0x0020, 0x0020,
  0x0020, 0x0020, 0x0020, 0x0020, 0x0020, 0x0020, 0x0020, 0x0020, 0x0020, 0x0020, 0x0020, 0x0020,
  0x0020, 0x0020, 0x0020, 0x0020, 0x0020, 0x0020, 0x0020, 0x0020, 0x0020, 0x0020, 0x0020, 0x0020,
  0x0020, 0x0020, 0x0020, 0x0000, 0x0020, 0x0000, 0x0020, 0x0020, 0x0020, 0x0020, 0x0020, 0x0000,
  0x0020, 0x0020, 0x0020, 0x0020, 0x0020, 0x0020, 0x0020, 0x0000, 0x0020, 0x0020, 0x0020, 0x0020,
  0x0020, 0x0020, 0x0020, 0x0020, 0x0020, 0x0020, 0x0020, 0x0000, 0x0020, 0x0020, 0x0000, 0x0000,
  0x0020, 0x0020, 0x0020, 0x0020, 0x0020, 0x0020, 0x0020, 0x0020, 0x0020, 0x0020, 0x0020, 0x0000,
  0x0020, 0x0020, 0x0000, 0x0020, 0x0020, 0x0020, 0x0020, 0x0020, 0x0020, 0x0000, 0x0020, 0x0020,
  0x0020, 0x0020, 0x0020, 0x0020, 0x0000, 0x0020, 0x0020, 0x0020, 0x0000, 0x0020, 0x0020, 0x0000,
  0x0020, 0x0020, 0x0020, 0x0000, 0x0000, 0x0020, 0x0020, 0x0000, 0x0020, 0x0020, 0x0020, 0x0020,
  0x0020, 0x0020, 0x0020, 0x0020, 0x0020, 0x0020, 0x0020, 0x0020, 0x0000, 0x0020, 0x0000, 0x0000,
  0x0020, 0x0020, 0x0000, 0x0020, 0x0020, 0x0020, 0x0020, 0x0020, 0x0020, 0x0000, 0x0000, 0x0020,
  0x0020, 0x0020, 0x0020, 0x0000, 0x0020, 0x0020, 0x0020, 0x0020, 0x0020, 0x0020, 0x0020, 0x0020,
  0x0020, 0x0020, 0x0020, 0x0020, 0x0020, 0x0020, 0x0000, 0x0020, 0x0000, 0x0000, 0x0000, 0x0020,
  0x0020, 0x0020, 0x0020, 0x0020, 0x0020, 0x0020, 0x0020, 0x0020, 0x0020, 0x0020, 0x0020, 0x0020,
  0x0000, 0x0000, 0x0020, 0x0020, 0x0020, 0x0020, 0x0020, 0x0020, 0x0020, 0x0000, 0x0020, 0x0020,
  0x0020, 0x0020, 0x0020, 0x0020, 0x0020, 0x0020, 0x0020, 0x0020, 0x0020, 0x0020, 0x0020, 0x0020,
  0x0020, 0x0020, 0x0000, 0x0020, 0x0020, 0x0020, 0x0020, 0x0020, 0x0000, 0x0020, 0x0020, 0x0000,
  0x0020, 0x0020, 0x0020, 0x0020, 0x0020, 0x0020, 0x0000, 0x0020, 0x0020, 0x0000, 0x0000, 0x0020,
  0x0020, 0x0000, 0x0000, 0x0020, 0x0020, 0x0020, 0x0020, 0x0020, 0x0000, 0x0020, 0x0020, 0x0020,
  0x0020, 0x0020, 0x0020, 0x0020, 0x0020, 0x0020, 0x0020, 0x0000, 0x0020, 0x0020, 0x0020, 0x0020,
  0x0020, 0x0000, 0x0020, 0x0020, 0x0020, 0x0020, 0x0020, 0x0020, 0x0000, 0x0020, 0x0020, 0x0000,
  0x0000, 0x0000, 0x0020, 0x0000, 0x0000, 0x0000, 0x0020, 0x0000, 0x0000, 0x0020, 0x0020, 0x0000,
  0x0020, 0x0020, 0x0020, 0x0020, 0x0020, 0x0020, 0x0020, 0x0020, 0x0020, 0x0020, 0x0020, 0x0020,
  0x0020, 0x0000, 0x0000, 0x0000, 0x0020, 0x0020, 0x0020, 0x0020, 0x0020, 0x0020, 0x0020, 0x0020,
  0x0020, 0x0020, 0x0020, 0x0020, 0x0020, 0x0020, 0x0020, 0x0020, 0x0020, 0x0020, 0x0020, 0x0000,
  0x0000, 0x0020, 0x0020, 0x0020, 0x0020, 0x0020, 0x0020, 0x0020, 0x0020, 0x0020, 0x0020, 0x0020,
  0x0000, 0x0020, 0x0020, 0x0020, 0x0020, 0x0020, 0x0020, 0x0020, 0x0020, 0x0020, 0x0020, 0x0020,
  0x0020, 0x0020, 0x0020, 0x0020, 0x0020, 0x0000, 0x0020, 0x0020, 0x0020, 0x0020, 0x0000, 0x0000,
  0x0020, 0x0020, 0x0020, 0x0020, 0x0020, 0x0020, 0x0020, 0x0020, 0x0020, 0x0020, 0x0020, 0x0020,
  0x0020, 0x0020, 0x0020, 0x0020, 0x0020, 0x0020, 0x0000, 0x0020, 0x0020, 0x0020, 0x0020, 0x0000,
  0x0000, 0x0020, 0x0020, 0x0020, 0x0020, 0x0020, 0x0020, 0x0020, 0x0020, 0x0020, 0x0000, 0x0000,
  0x0020, 0x0020, 0x0000, 0x0020, 0x0020, 0x0020, 0x0020, 0x0020, 0x0020, 0x0020, 0x0020, 0x0020,
  0x0020, 0x0020, 0x0020, 0x0020, 0x0000, 0x0020, 0x0020, 0x0020, 0x0020, 0x0020, 0x0020, 0x0000,
  0x0020, 0x0020, 0x0020, 0x0020, 0x0000, 0x0020, 0x0020, 0x0020, 0x0020, 0x0020, 0x0020, 0x0020,
  0x0020, 0x0020, 0x0020, 0x0000, 0x0000, 0x0000, 0x0020, 0x0020, 0x0020, 0x0000, 0x0020, 0x0020,
  0x0020, 0x0020, 0x0020, 0x0000, 0x0020, 0x0000, 0x0020, 0x0020, 0x0000, 0x0020, 0x0020, 0x0020,
  0x0020, 0x0020, 0x0020, 0x0020, 0x0020, 0x0020, 0x0020, 0x0000, 0x0020, 0x0020, 0x0020, 0x0020,
  0x0020, 0x0020, 0x0020, 0x0020, 0x0020, 0x0020, 0x0020, 0x0020, 0x0020, 0x0020, 0x0020, 0x0000,
  0x0020, 0x0020, 0x0020, 0x0020, 0x0000, 0x0000, 0x0020, 0x0020, 0x0020, 0x0020, 0x0020, 0x0020,
  0x0000, 0x0020, 0x0020, 0x0020, 0x0020, 0x0020, 0x0020, 0x0020, 0x0020, 0x0020, 0x0020, 0x0020,
  0x0020, 0x0020, 0x0020, 0x0020, 0x0020, 0x0020, 0x0020, 0x0020, 0x0000, 0x0020, 0x0020, 0x0020,
  0x0020, 0x0020, 0x0000, 0x0000, 0x0020, 0x0020, 0x0020, 0x0020, 0x0020, 0x0020, 0x0020, 0x0020,
  0x0020, 0x0020, 0x0020, 0x0020, 0x0020, 0x0020, 0x0020, 0x0020, 0x0020, 0x0020, 0x0020, 0x0020,
  0x0020, 0x0020, 0x0020, 0x0020, 0x0000, 0x0020, 0x0020, 0x0020, 0x0020, 0x0020, 0x0020, 0x0020,
  0x0020, 0x0000, 0x0000, 0x0020, 0x0020, 0x0020, 0x0020, 0x0020, 0x0020, 0x0020, 0x0020, 0x0020,
  0x0020, 0x0020, 0x0020, 0x0000, 0x0000, 0x0020, 0x0020, 0x0020, 0x0020, 0x0020, 0x0020, 0x0020,
  0x0020, 0x0020, 0x0020, 0x0020, 0x0020, 0x0020, 0x0020, 0x0020, 0x0020, 0x0020, 0x0020, 0x0020,
  0x0020, 0x0020, 0x0020, 0x0020, 0x0020, 0x0020, 0x0020, 0x0020, 0x0020, 0x0020, 0x0020, 0x0020,
  0x0020, 0x0020, 0x0020, 0x0020, 0x0020, 0x0020, 0x0020, 0x0020, 0x0020, 0x0020, 0x0020, 0x0020,
  0x0020, 0x0000, 0x0000, 0x0020, 0x0020, 0x0020, 0x0020, 0x0020, 0x0020, 0x0000, 0x0000, 0x0020,
  0x0020, 0x0000, 0x0020, 0x0020, 0x0020, 0x0020, 0x0020, 0x0020, 0x0020, 0x0020, 0x0020, 0x0020,
  0x0020, 0x0020, 0x0020, 0x0020, 0x0020, 0x0000, 0x0000, 0x0020, 0x0000, 0x0000, 0x0020, 0x0020,
  0x0020, 0x0020, 0x0020, 0x0020, 0x0020, 0x0020, 0x0020, 0x0020, 0x0020, 0x0020, 0x0020, 0x0020,
  0x0020, 0x0020, 0x0020, 0x0020, 0x0020, 0x0020, 0x0000, 0x0020, 0x0020, 0x0020, 0x0020, 0x0000,
  0x0021, 0x0000, 0x0000, 0x0000, 0x0020, 0x0020, 0x0020, 0x0020, 0x0020, 0x0020, 0x0020, 0x0020,
  0x0020, 0x0000, 0x0020, 0x0020, 0x0020, 0x0020, 0x0020, 0x0020, 0x0020, 0x0020, 0x0020, 0x0000,
  0x0020, 0x0020, 0x0020, 0x0020, 0x0020, 0x0020, 0x0020, 0x0020, 0x0000, 0x0020, 0x0020, 0x0020,
  0x0020, 0x0020, 0x0020, 0x0000, 0x0000, 0x0020, 0x0020, 0x0020, 0x0020, 0x0020, 0x0020, 0x0020,
  0x0000, 0x0020, 0x0000, 0x0020, 0x0020, 0x0020, 0x0020, 0x0000, 0x0000, 0x0020, 0x0020, 0x0020,
  0x0020, 0x0020, 0x0020, 0x0020, 0x0020, 0x0020, 0x0020, 0x0000, 0x0020, 0x0020, 0x0020, 0x0020,
  0x0020, 0x0020, 0x0020, 0x0020, 0x0020, 0x0020, 0x0020, 0x0020, 0x0020, 0x0020, 0x0020, 0x0020,
  0x0020, 0x0020, 0x0020, 0x0020, 0x0020, 0x0000, 0x0020, 0x0020, 0x0020, 0x0020, 0x0000, 0x0020,
  0x0020, 0x0020, 0x0020, 0x0020, 0x0020, 0x0000, 0x0020, 0x0020, 0x0020, 0x0020, 0x0020, 0x0020,
  0x0020, 0x0020, 0x0020, 0x0020, 0x0020, 0x0000, 0x0020, 0x0020, 0x0020, 0x0020, 0x0020, 0x0020,
  0x0020, 0x0020, 0x0020, 0x0000, 0x0000, 0x0020, 0x0020, 0x0020, 0x0020, 0x0020, 0x0020, 0x0020,
  0x0020, 0x0020, 0x0020, 0x0020, 0x0020, 0x0020, 0x0020, 0x0020, 0x0020, 0x0020, 0x0020, 0x0020,
  0x0020, 0x0020, 0x0000, 0x0020, 0x0020, 0x0020, 0x0020, 0x0020, 0x0020, 0x0020, 0x0000, 0x0000,
  0x0020, 0x0020, 0x0000, 0x4287, 0x744B, 0x4AE8, 0x29A4, 0x0861, 0x0020, 0x0021, 0x0020, 0x0020,
  0x0020, 0x0020, 0x0020, 0x0020, 0x0020, 0x0020, 0x0020, 0x0020, 0x0020, 0x0000, 0x0020, 0x0020,
  0x0020, 0x0020, 0x0020, 0x0020, 0x0020, 0x0020, 0x0020, 0x0020, 0x0020, 0x0020, 0x0020, 0x0020,
  0x0020, 0x0020, 0x0020, 0x0000, 0x0020, 0x0020, 0x0020, 0x0020, 0x0020, 0x0020, 0x0020, 0x0020,
  0x0020, 0x0020, 0x0020, 0x0020, 0x0020, 0x0000, 0x0020, 0x0020, 0x0020, 0x0020, 0x0020, 0x0020,
  0x0000, 0x0020, 0x0020, 0x0020, 0x0020, 0x0020, 0x0020, 0x0020, 0x0020, 0x0020, 0x0020, 0x0020,
  0x0020, 0x0000, 0x0020, 0x0020, 0x0020, 0x0000, 0x0000, 0x0000, 0x0020, 0x0020, 0x0020, 0x0020,
  0x0000, 0x0020, 0x0020, 0x0020, 0x0020, 0x0020, 0x0020, 0x0020, 0x0020, 0x0000, 0x0020, 0x0020,
  0x0020, 0x0020, 0x0020, 0x0020, 0x0020, 0x0000, 0x0000, 0x0020, 0x0020, 0x0020, 0x0020, 0x0020,
  0x0020, 0x0020, 0x0020, 0x0020, 0x0020, 0x0020, 0x0020, 0x0020, 0x0020, 0x0020, 0x0000, 0x0000,
  0x0000, 0x0020, 0x0020, 0x0020, 0x0020, 0x0020, 0x0020, 0x0020, 0x0000, 0x0020, 0x0000, 0x0000,
  0x0020, 0x0020, 0x0020, 0x0020, 0x0020, 0x0020, 0x0020, 0x0020, 0x0020, 0x0020, 0x0020, 0x0020,
  0x0020, 0x0020, 0x0020, 0x0020, 0x0020, 0x0020, 0x0020, 0x0020, 0x0020, 0x0020, 0x0000, 0x0020,
  0x0020, 0x0000, 0x0020, 0x0000, 0x0020, 0x0000, 0x4247, 0x8D4E, 0x7CEC, 0x852D, 0x7D0D, 0x84CD,
  0x1923, 0x0000, 0x0000, 0x0020, 0x0021, 0x0020, 0x0020, 0x0020, 0x0020, 0x0020, 0x0020, 0x0020,
  0x0020, 0x0020, 0x0020, 0x0020, 0x0020, 0x0020, 0x0020, 0x0020, 0x0020, 0x0000, 0x0020, 0x0020,
  0x0020, 0x0020, 0x0020, 0x0020, 0x0020, 0x0020, 0x0020, 0x0020, 0x0000, 0x0020, 0x0020, 0x0020,
  0x0000, 0x0020, 0x0020, 0x0020, 0x0020, 0x0020, 0x0020, 0x0020, 0x0000, 0x0020, 0x0020, 0x0000,
  0x0000, 0x0020, 0x0020, 0x0020, 0x0000, 0x0000, 0x0020, 0x0020, 0x0020, 0x0020, 0x0020, 0x0020,
  0x0020, 0x0020, 0x0000, 0x0020, 0x0020, 0x0020, 0x0020, 0x0000, 0x0000, 0x0000, 0x0020, 0x0020,
  0x0020, 0x0020, 0x0020, 0x0020, 0x0000, 0x0000, 0x0000, 0x0000, 0x0020, 0x0020, 0x0020, 0x0020,
  0x0020, 0x0020, 0x0020, 0x0020, 0x0020, 0x0020, 0x0020, 0x0020, 0x0020, 0x0020, 0x0020, 0x0020,
  0x0020, 0x0020, 0x0000, 0x0020, 0x0020, 0x0020, 0x0020, 0x0020, 0x0020, 0x0020, 0x0020, 0x0020,
  0x0020, 0x0020, 0x0000, 0x0000, 0x0020, 0x0020, 0x0020, 0x0020, 0x0020, 0x0020, 0x0000, 0x0020,
  0x0000, 0x0000, 0x0000, 0x0000, 0x0000, 0x0020, 0x0020, 0x0020, 0x0000, 0x0020, 0x0020, 0x0020,
  0x0020, 0x0020, 0x0020, 0x0020, 0x0020, 0x0020, 0x0020, 0x0020, 0x0020, 0x0000, 0x0020, 0x0020,
  0x0000, 0x0020, 0x0020, 0x0000, 0x0020, 0x0000, 0x0000, 0x0020, 0x0000, 0x0841, 0x63CA, 0x746B,
  0x7CAC, 0x84ED, 0x8D2E, 0x5348, 0x3265, 0x31E5, 0x10A2, 0x0000, 0x0000, 0x0000, 0x0000, 0x0020,
  0x0020, 0x0020, 0x0020, 0x0021, 0x0020, 0x0020, 0x0020, 0x0020, 0x0020, 0x0020, 0x0020, 0x0000,
  0x0000, 0x0000, 0x0020, 0x0020, 0x0020, 0x0020, 0x0020, 0x0020, 0x0020, 0x0020, 0x0020, 0x0020,
  0x0020, 0x0020, 0x0020, 0x0020, 0x0020, 0x0020, 0x0020, 0x0020, 0x0020, 0x0020, 0x0020, 0x0020,
  0x0020, 0x0020, 0x0000, 0x0020, 0x0020, 0x0020, 0x0000, 0x0000, 0x0020, 0x0020, 0x0020, 0x0020,
  0x0020, 0x0020, 0x0020, 0x0020, 0x0020, 0x0020, 0x0020, 0x0020, 0x0020, 0x0020, 0x0000, 0x0020,
  0x0020, 0x0020, 0x0020, 0x0000, 0x0000, 0x0020, 0x0020, 0x0020, 0x0000, 0x0000, 0x0000, 0x0020,
  0x0020, 0x0020, 0x0020, 0x0000, 0x0020, 0x0020, 0x0020, 0x0000, 0x0000, 0x0000, 0x0020, 0x0020,
  0x0020, 0x0020, 0x0020, 0x0020, 0x0000, 0x0020, 0x0020, 0x0020, 0x0020, 0x0020, 0x0020, 0x0020,
  0x0000, 0x0020, 0x0020, 0x0020, 0x0020, 0x0020, 0x0020, 0x0020, 0x0020, 0x0020, 0x0020, 0x0020,
  0x0020, 0x0000, 0x0000, 0x0000, 0x0020, 0x0020, 0x0020, 0x0000, 0x0020, 0x0020, 0x0020, 0x0020,
  0x0020, 0x0020, 0x0020, 0x0020, 0x0020, 0x0020, 0x0020, 0x0020, 0x0020, 0x0020, 0x0020, 0x0020,
  0x0020, 0x0020, 0x0020, 0x0020, 0x0000, 0x0020, 0x0000, 0x0020, 0x0020, 0x0020, 0x0020, 0x0020,
  0x0000, 0x0861, 0x4B68, 0x4B47, 0x4B07, 0x63EB, 0x5B8A, 0x29E4, 0x746C, 0x8D6E, 0x7CCC, 0x63EA,
  0x4286, 0x1923, 0x0020, 0x0000, 0x0000, 0x0000, 0x0020, 0x0000, 0x0000, 0x0021, 0x0021, 0x0020,
  0x0020, 0x0020, 0x0020, 0x0000, 0x0000, 0x0020, 0x0020, 0x0000, 0x0020, 0x0020, 0x0020, 0x0020,
  0x0020, 0x0020, 0x0020, 0x0020, 0x0020, 0x0020, 0x0020, 0x0020, 0x0020, 0x0020, 0x0020, 0x0020,
  0x0020, 0x0020, 0x0020, 0x0000, 0x0000, 0x0020, 0x0020, 0x0020, 0x0020, 0x0020, 0x0020, 0x0000,
  0x0020, 0x0020, 0x0020, 0x0000, 0x0000, 0x0020, 0x0020, 0x0020, 0x0020, 0x0020, 0x0020, 0x0020,
  0x0020, 0x0020, 0x0020, 0x0020, 0x0020, 0x0020, 0x0020, 0x0000, 0x0020, 0x0020, 0x0020, 0x0020,
  0x0000, 0x0000, 0x0020, 0x0020, 0x0020, 0x0020, 0x0020, 0x0020, 0x0020, 0x0020, 0x0020, 0x0000,
  0x0020, 0x0000, 0x0020, 0x0020, 0x0020, 0x0020, 0x0020, 0x0020, 0x0020, 0x0000, 0x0020, 0x0020,
  0x0020, 0x0020, 0x0000, 0x0000, 0x0000, 0x0020, 0x0020, 0x0020, 0x0020, 0x0020, 0x0000, 0x0000,
  0x0020, 0x0020, 0x0020, 0x0020, 0x0020, 0x0000, 0x0000, 0x0000, 0x0020, 0x0020, 0x0020, 0x0000,
  0x0020, 0x0020, 0x0020, 0x0020, 0x0020, 0x0020, 0x0020, 0x0020, 0x0020, 0x0020, 0x0020, 0x0020,
  0x0020, 0x0020, 0x0020, 0x0020, 0x0000, 0x0020, 0x0020, 0x0020, 0x0020, 0x0020, 0x0020, 0x0020,
  0x0020, 0x0020, 0x0020, 0x0020, 0x0000, 0x0861, 0x3AA6, 0x4B27, 0x5388, 0x4B48, 0x3245, 0x2A04,
  0x5348, 0x5B89, 0x744B, 0x84ED, 0x8D6E, 0x8D4E, 0x6C4B, 0x4B07, 0x29A4, 0x0881, 0x0020, 0x41E7,
  0x18C3, 0x0000, 0x0000, 0x0000, 0x0020, 0x0021, 0x0020, 0x0020, 0x0020, 0x0000, 0x0020, 0x0020,
  0x0020, 0x0020, 0x0020, 0x0020, 0x0020, 0x0020, 0x0020, 0x0020, 0x0020, 0x0020, 0x0020, 0x0020,
  0x0020, 0x0020, 0x0020, 0x0020, 0x0020, 0x0020, 0x0000, 0x0020, 0x0000, 0x0020, 0x0020, 0x0020,
  0x0000, 0x0000, 0x0020, 0x0020, 0x0020, 0x0020, 0x0020, 0x0000, 0x0020, 0x0020, 0x0020, 0x0020,
  0x0020, 0x0020, 0x0020, 0x0020, 0x0000, 0x0020, 0x0020, 0x0020, 0x0020, 0x0000, 0x0020, 0x0020,
  0x0020, 0x0020, 0x0020, 0x0020, 0x0000, 0x0000, 0x0020, 0x0000, 0x0020, 0x0020, 0x0020, 0x0020,
  0x0020, 0x0020, 0x0000, 0x0000, 0x0020, 0x0020, 0x0020, 0x0020, 0x0020, 0x0020, 0x0020, 0x0020,
  0x0020, 0x0020, 0x0020, 0x0020, 0x0020, 0x0020, 0x0020, 0x0020, 0x0000, 0x0020, 0x0020, 0x0020,
  0x0020, 0x0020, 0x0020, 0x0000, 0x0020, 0x0020, 0x0020, 0x0020, 0x0020, 0x0000, 0x0020, 0x0020,
  0x0000, 0x0020, 0x0020, 0x0020, 0x0020, 0x0020, 0x0020, 0x0020, 0x0020, 0x0000, 0x0000, 0x0020,
  0x0020, 0x0020, 0x0020, 0x0020, 0x0020, 0x0020, 0x0020, 0x0020, 0x0020, 0x0020, 0x0020, 0x0020,
  0x0020, 0x0020, 0x0020, 0x0000, 0x0020, 0x0020, 0x0020, 0x0020, 0x0020, 0x0020, 0x42C7, 0x42E7,
  0x42C6, 0x5388, 0x3A86, 0x2163, 0x2184, 0x29E4, 0x3AC6, 0x4B27, 0x5368, 0x63EA, 0x7CCD, 0x8D2E,
  0x8D6E, 0x640A, 0x7BCD, 0xEED8, 0xCE15, 0xACF1, 0x62EA, 0x2124, 0x0000, 0x0000, 0x0000, 0x0000,
  0x0021, 0x0021, 0x0020, 0x0020, 0x0000, 0x0020, 0x0020, 0x0020, 0x0020, 0x0020, 0x0020, 0x0000,
  0x0020, 0x0020, 0x0020, 0x0020, 0x0020, 0x0020, 0x0020, 0x0020, 0x0000, 0x0020, 0x0000, 0x0020,
  0x0020, 0x0020, 0x0020, 0x0020, 0x0020, 0x0020, 0x0020, 0x0020, 0x0020, 0x0020, 0x0020, 0x0020,
  0x0020, 0x0020, 0x0020, 0x0020, 0x0020, 0x0020, 0x0020, 0x0020, 0x0020, 0x0020, 0x0020, 0x0020,
  0x0020, 0x0020, 0x0020, 0x0020, 0x0020, 0x0020, 0x0020, 0x0020, 0x0000, 0x0020, 0x0020, 0x0020,
  0x0020, 0x0020, 0x0020, 0x0020, 0x0020, 0x0020, 0x0020, 0x0000, 0x0020, 0x0020, 0x0000, 0x0020,
  0x0020, 0x0020, 0x0020, 0x0020, 0x0020, 0x0000, 0x0020, 0x0020, 0x0020, 0x0020, 0x0020, 0x0020,
  0x0020, 0x0020, 0x0020, 0x0020, 0x0020, 0x0020, 0x0020, 0x0020, 0x0020, 0x0020, 0x0020, 0x0020,
  0x0020, 0x0020, 0x0020, 0x0020, 0x0020, 0x0020, 0x0020, 0x0020, 0x0020, 0x0020, 0x0020, 0x0020,
  0x0020, 0x0020, 0x0000, 0x0020, 0x0020, 0x0020, 0x0020, 0x0020, 0x0020, 0x0000, 0x0020, 0x0020,
  0x0020, 0x0020, 0x0020, 0x0020, 0x0020, 0x0020, 0x0020, 0x0020, 0x0020, 0x0020, 0x0020, 0x0020,
  0x0000, 0x4287, 0x7CCC, 0x5368, 0x1963, 0x53A9, 0x42E7, 0x10C2, 0x2945, 0x2145, 0x18E3, 0x2164,
  0x2A05, 0x3A86, 0x4307, 0x5BA9, 0x5389, 0x73CC, 0xEED8, 0xB552, 0x83CD, 0xCDD4, 0xDE56, 0xDE56,
  0xB532, 0x7B8C, 0x31A5, 0x0841, 0x0000, 0x0000, 0x0000, 0x0020, 0x0021, 0x0020, 0x0020, 0x0020,
  0x0020, 0x0020, 0x0000, 0x0020, 0x0020, 0x0020, 0x0000, 0x0000, 0x0020, 0x0020, 0x0020, 0x0020,
  0x0000, 0x0020, 0x0020, 0x0020, 0x0020, 0x0020, 0x0020, 0x0020, 0x0020, 0x0020, 0x0000, 0x0020,
  0x0020, 0x0020, 0x0020, 0x0020, 0x0020, 0x0020, 0x0020, 0x0020, 0x0020, 0x0020, 0x0020, 0x0020,
  0x0020, 0x0020, 0x0020, 0x0020, 0x0020, 0x0020, 0x0020, 0x0020, 0x0020, 0x0020, 0x0020, 0x0000,
  0x0020, 0x0020, 0x0020, 0x0000, 0x0020, 0x0020, 0x0020, 0x0020, 0x0020, 0x0020, 0x0020, 0x0000,
  0x0000, 0x0020, 0x0020, 0x0020, 0x0020, 0x0020, 0x0020, 0x0000, 0x0020, 0x0000, 0x0020, 0x0020,
  0x0020, 0x0020, 0x0020, 0x0020, 0x0020, 0x0020, 0x0020, 0x0020, 0x0020, 0x0020, 0x0000, 0x0020,
  0x0020, 0x0020, 0x0020, 0x0020, 0x0000, 0x0020, 0x0020, 0x0020, 0x0020, 0x0000, 0x0020, 0x0020,
  0x0020, 0x0020, 0x0020, 0x0020, 0x0020, 0x0020, 0x0020, 0x0020, 0x0020, 0x0020, 0x0020, 0x0020,
  0x0000, 0x0000, 0x0000, 0x0020, 0x0020, 0x0020, 0x0000, 0x0020, 0x0020, 0x0020, 0x0000, 0x0020,
  0x0000, 0x0020, 0x0021, 0x0000, 0x29A5, 0x852D, 0x746C, 0x21C4, 0x1943, 0x4B88, 0x42C6, 0x08A2,
  0x2164, 0x2985, 0x2125, 0x18E4, 0x18E4, 0x2104, 0x2144, 0x21A4, 0x4AE8, 0xDE56, 0xD635, 0x62C9,
  0x62A8, 0xACD0, 0xACD0, 0xACF1, 0xBD73, 0xD636, 0xDE56, 0xC5B4, 0x8C2E, 0x4A48, 0x10A2, 0x0000,
  0x0000, 0x0000, 0x0020, 0x0021, 0x0020, 0x0020, 0x0000, 0x0000, 0x0000, 0x0020, 0x0020, 0x0000,
  0x0000, 0x0020, 0x0020, 0x0020, 0x0020, 0x0020, 0x0020, 0x0020, 0x0020, 0x0020, 0x0020, 0x0020,
  0x0020, 0x0020, 0x0020, 0x0020, 0x0020, 0x0020, 0x0000, 0x0020, 0x0020, 0x0000, 0x0020, 0x0020,
  0x0020, 0x0020, 0x0020, 0x0020, 0x0020, 0x0020, 0x0020, 0x0020, 0x0020, 0x0000, 0x0020, 0x0020,
  0x0020, 0x0020, 0x0020, 0x0000, 0x0020, 0x0020, 0x0020, 0x0020, 0x0020, 0x0020, 0x0020, 0x0020,
  0x0020, 0x0020, 0x0020, 0x0000, 0x0020, 0x0020, 0x0020, 0x0020, 0x0020, 0x0020, 0x0020, 0x0000,
  0x0020, 0x0020, 0x0020, 0x0020, 0x0020, 0x0020, 0x0020, 0x0020, 0x0020, 0x0020, 0x0020, 0x0020,
  0x0020, 0x0000, 0x0000, 0x0020, 0x0000, 0x0020, 0x0000, 0x0020, 0x0020, 0x0020, 0x0000, 0x0000,
  0x0000, 0x0000, 0x0020, 0x0020, 0x0020, 0x0020, 0x0020, 0x0020, 0x0020, 0x0020, 0x0020, 0x0020,
  0x0020, 0x0020, 0x0020, 0x0020, 0x0000, 0x0020, 0x0020, 0x0020, 0x0020, 0x0020, 0x0020, 0x0020,
  0x0020, 0x0000, 0x0020, 0x0020, 0x0000, 0x0020, 0x0000, 0x10A2, 0x7CCD, 0x84ED, 0x3AA6, 0x1903,
  0x2184, 0x3AE6, 0x3265, 0x1923, 0x2105, 0x2124, 0x2125, 0x2125, 0x2124, 0x2145, 0x1904, 0x2104,
  0xC5B4, 0xEED8, 0x83ED, 0x5226, 0x62C9, 0xB511, 0xBD31, 0xB511, 0xACF0, 0xA4B0, 0xACD0, 0xB552,
  0xCE15, 0xDE97, 0xCE15, 0xA4B0, 0x62CA, 0x2104, 0x0000, 0x0000, 0x0000, 0x0000, 0x0021, 0x0020,
  0x0020, 0x0000, 0x0000, 0x0000, 0x0000, 0x0020, 0x0020, 0x0020, 0x0020, 0x0020, 0x0020, 0x0020,
  0x0020, 0x0020, 0x0020, 0x0020, 0x0020, 0x0020, 0x0020, 0x0020, 0x0020, 0x0020, 0x0020, 0x0020,
  0x0020, 0x0000, 0x0000, 0x0020, 0x0020, 0x0020, 0x0000, 0x0020, 0x0020, 0x0020, 0x0020, 0x0000,
  0x0020, 0x0000, 0x0020, 0x0020, 0x0020, 0x0020, 0x0020, 0x0020, 0x0020, 0x0020, 0x0020, 0x0020,
  0x0000, 0x0020, 0x0020, 0x0020, 0x0020, 0x0020, 0x0000, 0x0000, 0x0020, 0x0020, 0x0020, 0x0000,
  0x0020, 0x0020, 0x0020, 0x0020, 0x0020, 0x0020, 0x0000, 0x0020, 0x0020, 0x0020, 0x0020, 0x0020,
  0x0020, 0x0020, 0x0020, 0x0020, 0x0020, 0x0020, 0x0020, 0x0020, 0x0020, 0x0000, 0x0000, 0x0020,
  0x0020, 0x0020, 0x0000, 0x0000, 0x0000, 0x0000, 0x0020, 0x0020, 0x0020, 0x0020, 0x0020, 0x0020,
  0x0020, 0x0020, 0x0020, 0x0020, 0x0020, 0x0020, 0x0020, 0x0020, 0x0000, 0x0020, 0x0020, 0x0020,
  0x0020, 0x0020, 0x0020, 0x0020, 0x0020, 0x0020, 0x0020, 0x0020, 0x0020, 0x0020, 0x0000, 0x63CA,
  0x8D6E, 0x5369, 0x1963, 0x1904, 0x1943, 0x3286, 0x3225, 0x1923, 0x2985, 0x2124, 0x2124, 0x2124,
  0x2124, 0x2124, 0x1904, 0xB532, 0xEEF8, 0x946F, 0x62C9, 0x5A88, 0x62C9, 0x9C6E, 0xB531, 0xB511,
  0xB531, 0xB531, 0xBD31, 0xB4F0, 0xACF1, 0xACD0, 0xB511, 0xCDD4, 0xDE56, 0xD636, 0xB552, 0x7B8C,
  0x39A5, 0x0841, 0x0000, 0x0000, 0x0000, 0x0020, 0x0021, 0x0020, 0x0020, 0x0020, 0x0020, 0x0020,
  0x0000, 0x0020, 0x0020, 0x0020, 0x0020, 0x0020, 0x0020, 0x0020, 0x0020, 0x0020, 0x0020, 0x0020,
  0x0020, 0x0020, 0x0020, 0x0020, 0x0020, 0x0020, 0x0000, 0x0000, 0x0020, 0x0000, 0x0000, 0x0000,
  0x0020, 0x0020, 0x0020, 0x0020, 0x0020, 0x0000, 0x0000, 0x0020, 0x0020, 0x0020, 0x0020, 0x0020,
  0x0020, 0x0020, 0x0000, 0x0000, 0x0020, 0x0020, 0x0020, 0x0020, 0x0020, 0x0020, 0x0020, 0x0000,
  0x0000, 0x0020, 0x0020, 0x0020, 0x0020, 0x0020, 0x0020, 0x0020, 0x0020, 0x0020, 0x0020, 0x0020,
  0x0020, 0x0020, 0x0020, 0x0000, 0x0020, 0x0020, 0x0020, 0x0020, 0x0020, 0x0020, 0x0020, 0x0020,
  0x0020, 0x0000, 0x0020, 0x0020, 0x0020, 0x0020, 0x0020, 0x0020, 0x0020, 0x0020, 0x0020, 0x0000,
  0x0000, 0x0000, 0x0000, 0x0020, 0x0020, 0x0020, 0x0020, 0x0020, 0x0020, 0x0020, 0x0000, 0x0000,
  0x0020, 0x0020, 0x0020, 0x0020, 0x0020, 0x0020, 0x0020, 0x0020, 0x0020, 0x0020, 0x0020, 0x0020,
  0x0021, 0x0000, 0x4AA7, 0x8D6E, 0x6C0B, 0x1983, 0x1903, 0x18E3, 0x10E2, 0x3AA6, 0x3265, 0x0881,
  0x2143, 0x2145, 0x2124, 0x2124, 0x2145, 0x10A3, 0x83EE, 0xFF5A, 0xAD12, 0x62C9, 0x62A9, 0x5A88,
  0x5A88, 0x8BED, 0xB511, 0xB511, 0xB511, 0xB531, 0xB531, 0xBD52, 0xBD52, 0xBD52, 0xB531, 0xACD0,
  0xA4D0, 0xB512, 0xBD93, 0xD636, 0xDE76, 0xC5B4, 0x8C0E, 0x4A27, 0x1082, 0x0000, 0x0000, 0x0000,
  0x0020, 0x0021, 0x0020, 0x0020, 0x0000, 0x0020, 0x0020, 0x0020, 0x0020, 0x0020, 0x0020, 0x0020,
  0x0020, 0x0020, 0x0000, 0x0020, 0x0020, 0x0020, 0x0020, 0x0020, 0x0020, 0x0000, 0x0020, 0x0020,
  0x0020, 0x0020, 0x0020, 0x0020, 0x0020, 0x0020, 0x0000, 0x0000, 0x0020, 0x0020, 0x0000, 0x0020,
  0x0020, 0x0020, 0x0020, 0x0020, 0x0020, 0x0020, 0x0020, 0x0000, 0x0000, 0x0020, 0x0020, 0x0020,
  0x0020, 0x0020, 0x0020, 0x0000, 0x0020, 0x0020, 0x0020, 0x0000, 0x0020, 0x0020, 0x0020, 0x0020,
  0x0020, 0x0020, 0x0020, 0x0020, 0x0020, 0x0020, 0x0020, 0x0020, 0x0000, 0x0000, 0x0020, 0x0020,
  0x0020, 0x0020, 0x0020, 0x0020, 0x0020, 0x0020, 0x0020, 0x0020, 0x0020, 0x0020, 0x0020, 0x0020,
  0x0020, 0x0020, 0x0020, 0x0020, 0x0020, 0x0020, 0x0020, 0x0020, 0x0020, 0x0020, 0x0020, 0x0020,
  0x0020, 0x0020, 0x0020, 0x0020, 0x0000, 0x0020, 0x0020, 0x0020, 0x0020, 0x0020, 0x0020, 0x0020,
  0x0020, 0x0020, 0x0000, 0x0021, 0x0000, 0x2984, 0x8D4D, 0x7C8C, 0x2A25, 0x10C2, 0x18E4, 0x1903,
  0x2124, 0x3205, 0x2163, 0x10A2, 0x10A3, 0x2104, 0x1904, 0x1904, 0x10C3, 0x630B, 0xF718, 0xBD93,
  0x732A, 0x62C9, 0x62C9, 0x5247, 0x62A8, 0x83AC, 0xACD0, 0xB4F0, 0xB511, 0xB511, 0xB511, 0xB531,
  0xBD52, 0xBD52, 0xBD52, 0xBD52, 0xBD52, 0xBD51, 0xB511, 0xACF0, 0xACD0, 0xBD73, 0xCE15, 0xDE77,
  0xCE15, 0xA4B0, 0x5AC9, 0x2103, 0x0000, 0x0000, 0x0000, 0x0000, 0x0021, 0x0021, 0x0020, 0x0020,
  0x0020, 0x0020, 0x0020, 0x0020, 0x0020, 0x0020, 0x0020, 0x0000, 0x0020, 0x0020, 0x0020, 0x0020,
  0x0020, 0x0020, 0x0020, 0x0020, 0x0020, 0x0020, 0x0020, 0x0020, 0x0020, 0x0020, 0x0020, 0x0020,
  0x0020, 0x0020, 0x0000, 0x0020, 0x0020, 0x0020, 0x0020, 0x0020, 0x0020, 0x0020, 0x0020, 0x0000,
  0x0000, 0x0020, 0x0000, 0x0020, 0x0020, 0x0020, 0x0020, 0x0020, 0x0020, 0x0000, 0x0020, 0x0020,
  0x0020, 0x0000, 0x0000, 0x0020, 0x0020, 0x0020, 0x0020, 0x0020, 0x0020, 0x0020, 0x0020, 0x0020,
  0x0020, 0x0000, 0x0020, 0x0020, 0x0020, 0x0020, 0x0020, 0x0020, 0x0020, 0x0020, 0x0000, 0x0000,
  0x0020, 0x0020, 0x0020, 0x0020, 0x0020, 0x0020, 0x0020, 0x0020, 0x0020, 0x0000, 0x0020, 0x0020,
  0x0020, 0x0020, 0x0020, 0x0020, 0x0000, 0x0020, 0x0020, 0x0020, 0x0020, 0x0020, 0x0020, 0x0020,
  0x0020, 0x0020, 0x0020, 0x0020, 0x0020, 0x0020, 0x0020, 0x0000, 0x1082, 0x7CAC, 0x852D, 0x42E7,
  0x1103, 0x18E3, 0x1904, 0x1903, 0x2103, 0x2124, 0x18E3, 0x31C6, 0x39E6, 0x2965, 0x39C6, 0x3165,
  0x4207, 0xE6D8, 0xD636, 0x734B, 0x5A88, 0x62C9, 0x62A8, 0x5A68, 0x62A8, 0x7B6B, 0x9C6F, 0xB511,
  0xACF0, 0xB531, 0xB511, 0xB511, 0xB531, 0xBD31, 0xBD52, 0xBD52, 0xBD52, 0xBD52, 0xC572, 0xC572,
  0xBD52, 0xB531, 0xACD0, 0xACF1, 0xB532, 0xCDD4, 0xDE56, 0xD636, 0xAD11, 0x6B2B, 0x2944, 0x0000,
  0x0000, 0x0000, 0x0000, 0x0021, 0x0021, 0x0020, 0x0020, 0x0021, 0x0021, 0x0020, 0x0020, 0x0020,
  0x0020, 0x0020, 0x0020, 0x0020, 0x0000, 0x0020, 0x0000, 0x0020, 0x0020, 0x0020, 0x0020, 0x0020,
  0x0020, 0x0020, 0x0020, 0x0020, 0x0020, 0x0020, 0x0000, 0x0000, 0x0020, 0x0020, 0x0020, 0x0000,
  0x0000, 0x0020, 0x0020, 0x0000, 0x0020, 0x0020, 0x0020, 0x0020, 0x0020, 0x0020, 0x0020, 0x0000,
  0x0020, 0x0020, 0x0020, 0x0020, 0x0020, 0x0000, 0x0000, 0x0020, 0x0020, 0x0020, 0x0020, 0x0020,
  0x0020, 0x0020, 0x0020, 0x0020, 0x0000, 0x0020, 0x0020, 0x0020, 0x0020, 0x0020, 0x0020, 0x0020,
  0x0000, 0x0020, 0x0020, 0x0020, 0x0020, 0x0020, 0x0020, 0x0020, 0x0020, 0x0020, 0x0020, 0x0020,
  0x0020, 0x0020, 0x0000, 0x0020, 0x0020, 0x0020, 0x0020, 0x0020, 0x0020, 0x0020, 0x0020, 0x0020,
  0x0020, 0x0020, 0x0020, 0x0020, 0x0020, 0x0020, 0x0020, 0x0020, 0x0020, 0x0020, 0x0020, 0x0000,
  0x63AA, 0x8D6E, 0x5B69, 0x1943, 0x18C3, 0x18E3, 0x18E3, 0x10A3, 0x5A88, 0x2104, 0x2945, 0x2965,
  0x2965, 0x3185, 0xBD31, 0x8C0E, 0xC5D4, 0xEED8, 0x83CD, 0x5A88, 0x62A9, 0x62A8, 0x62A9, 0x5A68,
  0x62A9, 0x838B, 0x940D, 0xB511, 0xB4F1, 0xB511, 0xB511, 0xB511, 0xB531, 0xBD32, 0xBD31, 0xBD31,
  0xB531, 0xBD72, 0xBD52, 0xBD52, 0xBD52, 0xBD52, 0xBD52, 0xBD52, 0xBD51, 0xB511, 0xACD0, 0xB512,
  0xC593, 0xD656, 0xDE56, 0xBD73, 0x83CD, 0x39C6, 0x0861, 0x0000, 0x0000, 0x0000, 0x0020, 0x0000,
  0x0000, 0x0000, 0x0020, 0x0020, 0x0020, 0x0020, 0x0000, 0x0020, 0x0020, 0x0020, 0x0000, 0x0020,
  0x0020, 0x0020, 0x0020, 0x0020, 0x0020, 0x0020, 0x0020, 0x0020, 0x0020, 0x0020, 0x0020, 0x0000,
  0x0020, 0x0020, 0x0020, 0x0020, 0x0020, 0x0020, 0x0020, 0x0020, 0x0020, 0x0020, 0x0020, 0x0020,
  0x0020, 0x0020, 0x0000, 0x0000, 0x0020, 0x0020, 0x0020, 0x0020, 0x0020, 0x0000, 0x0020, 0x0020,
  0x0020, 0x0020, 0x0020, 0x0020, 0x0020, 0x0020, 0x0020, 0x0020, 0x0020, 0x0000, 0x0020, 0x0020,
  0x0020, 0x0020, 0x0020, 0x0020, 0x0020, 0x0000, 0x0020, 0x0020, 0x0020, 0x0020, 0x0020, 0x0020,
  0x0020, 0x0020, 0x0020, 0x0020, 0x0020, 0x0020, 0x0020, 0x0020, 0x0020, 0x0020, 0x0020, 0x0020,
  0x0020, 0x0020, 0x0020, 0x0020, 0x0020, 0x0020, 0x0020, 0x0020, 0x0020, 0x0020, 0x0020, 0x0020,
  0x0020, 0x0021, 0x0000, 0x3A46, 0x8D6E, 0x6C2B, 0x21A3, 0x10C3, 0x18E4, 0x1904, 0x10A2, 0x5AA9,
  0x41E7, 0x2124, 0x2986, 0x2965, 0x3186, 0x9C8F, 0xB511, 0xB552, 0xEED7, 0x83CD, 0x5227, 0x5A88,
  0x62A9, 0x62A8, 0x62C9, 0x5247, 0x5247, 0x6AE9, 0x7B6B, 0xB4F1, 0xB511, 0xB511, 0xB4F1, 0xB4F1,
  0xB532, 0xBD32, 0xB511, 0xB511, 0xB531, 0xBD52, 0xBD32, 0xBD31, 0xBD52, 0xBD52, 0xBD52, 0xBD52,
  0xBD52, 0xBD72, 0xBD52, 0xBD52, 0xB511, 0xA4B0, 0xACF1, 0xBD73, 0xD636, 0xDE97, 0xC5D4, 0x942F,
  0x4A48, 0x18A2, 0x0000, 0x5268, 0x5A89, 0x0841, 0x0000, 0x0000, 0x0020, 0x0020, 0x0020, 0x0020,
  0x0020, 0x0000, 0x0000, 0x0000, 0x0000, 0x0000, 0x0020, 0x0020, 0x0000, 0x0020, 0x0020, 0x0020,
  0x0020, 0x0020, 0x0020, 0x0020, 0x0000, 0x0020, 0x0000, 0x0020, 0x0020, 0x0020, 0x0020, 0x0020,
  0x0020, 0x0020, 0x0020, 0x0020, 0x0020, 0x0020, 0x0020, 0x0000, 0x0020, 0x0020, 0x0020, 0x0020,
  0x0020, 0x0020, 0x0020, 0x0020, 0x0020, 0x0020, 0x0020, 0x0020, 0x0020, 0x0020, 0x0020, 0x0020,
  0x0020, 0x0020, 0x0020, 0x0020, 0x0020, 0x0020, 0x0020, 0x0020, 0x0020, 0x0020, 0x0020, 0x0020,
  0x0020, 0x0020, 0x0020, 0x0020, 0x0020, 0x0020, 0x0020, 0x0020, 0x0020, 0x0020, 0x0020, 0x0020,
  0x0020, 0x0020, 0x0020, 0x0020, 0x0020, 0x0020, 0x0020, 0x0020, 0x0020, 0x0020, 0x0020, 0x0020,
  0x0020, 0x0020, 0x0020, 0x0020, 0x0020, 0x0000, 0x18E2, 0x5B68, 0x63EA, 0x3245, 0x10C3, 0x18E3,
  0x1904, 0x08A2, 0x4A07, 0x5A88, 0x18C4, 0x31A6, 0x2986, 0x31A6, 0x7BAD, 0xCDD4, 0x8C0F, 0xDE77,
  0xDE76, 0xB532, 0x8BED, 0x62EA, 0x5247, 0x5A67, 0x5267, 0x5A88, 0x83AC, 0x732A, 0x6B0A, 0x8BED,
  0x8C0D, 0x9C6E, 0xACD0, 0xB531, 0xB531, 0xB531, 0xB511, 0xB511, 0xB531, 0xBD32, 0xBD31, 0xBD52,
  0xBD52, 0xBD32, 0xBD32, 0xBD52, 0xBD52, 0xBD32, 0xB531, 0xBD32, 0xBD31, 0xBD31, 0xBD31, 0xB511,
  0xACD0, 0xACD0, 0xB552, 0xCDF5, 0xE697, 0xCDF5, 0x7BAD, 0xEED8, 0xD615, 0x4A47, 0x3205, 0x10C2,
  0x0000, 0x0000, 0x0000, 0x0000, 0x0020, 0x0020, 0x0020, 0x0000, 0x0000, 0x0020, 0x0020, 0x0020,
  0x0020, 0x0020, 0x0020, 0x0000, 0x0000, 0x0020, 0x0000, 0x0000, 0x0020, 0x0000, 0x0000, 0x0020,
  0x0020, 0x0020, 0x0020, 0x0020, 0x0000, 0x0020, 0x0020, 0x0020, 0x0020, 0x0020, 0x0000, 0x0000,
  0x0020, 0x0020, 0x0020, 0x0020, 0x0020, 0x0000, 0x0000, 0x0020, 0x0020, 0x0000, 0x0000, 0x0020,
  0x0020, 0x0020, 0x0020, 0x0020, 0x0020, 0x0020, 0x0020, 0x0020, 0x0020, 0x0020, 0x0020, 0x0020,
  0x0020, 0x0020, 0x0020, 0x0020, 0x0020, 0x0000, 0x0020, 0x0000, 0x0020, 0x0020, 0x0020, 0x0020,
  0x0020, 0x0020, 0x0020, 0x0020, 0x0020, 0x0020, 0x0020, 0x0020, 0x0020, 0x0020, 0x0020, 0x0020,
  0x0020, 0x0020, 0x0020, 0x0020, 0x0020, 0x0020, 0x0020, 0x0020, 0x0000, 0x0861, 0x746B, 0x7CCD,
  0x3A86, 0x1102, 0x18E4, 0x1904, 0x10C3, 0x2944, 0x6B2A, 0x18C3, 0x3A27, 0x31A6, 0x3186, 0x5289,
  0xCDD3, 0xB511, 0x9C6F, 0xBD93, 0xB553, 0xC5D4, 0xD656, 0xD656, 0xBD93, 0x9C6F, 0x6AEA, 0x732A,
  0x7B8B, 0x838B, 0xACF0, 0xBD51, 0xA4AF, 0x942E, 0x8BED, 0x8BED, 0x944E, 0xA4B0, 0xBD31, 0xBD31,
  0xB531, 0xB511, 0xB511, 0xBD31, 0xBD32, 0xB531, 0xBD32, 0xBD52, 0xBD52, 0xBD31, 0xBD32, 0xB531,
  0xB531, 0xBD52, 0xB531, 0xBD52, 0xBD52, 0xBD31, 0xB531, 0xACD0, 0xA4AF, 0x944F, 0xD656, 0xDE97,
  0x83AD, 0x5B08, 0x852D, 0x850D, 0x63EA, 0x4286, 0x1923, 0x0041, 0x0000, 0x0000, 0x0000, 0x0020,
  0x0021, 0x0020, 0x0020, 0x0000, 0x0000, 0x0020, 0x0020, 0x0020, 0x0020, 0x0020, 0x0000, 0x0020,
  0x0020, 0x0000, 0x0000, 0x0020, 0x0020, 0x0020, 0x0020, 0x0020, 0x0000, 0x0020, 0x0020, 0x0020,
  0x0020, 0x0020, 0x0000, 0x0000, 0x0020, 0x0020, 0x0020, 0x0020, 0x0000, 0x0020, 0x0020, 0x0020,
  0x0000, 0x0020, 0x0000, 0x0020, 0x0020, 0x0020, 0x0020, 0x0020, 0x0020, 0x0020, 0x0020, 0x0020,
  0x0020, 0x0020, 0x0020, 0x0020, 0x0020, 0x0020, 0x0020, 0x0020, 0x0000, 0x0000, 0x0000, 0x0000,
  0x0000, 0x0020, 0x0020, 0x0020, 0x0000, 0x0000, 0x0020, 0x0020, 0x0020, 0x0020, 0x0020, 0x0020,
  0x0020, 0x0020, 0x0000, 0x0000, 0x0020, 0x0020, 0x0020, 0x0020, 0x0020, 0x0020, 0x0020, 0x0021,
  0x0000, 0x5B49, 0x8D6E, 0x5B89, 0x1983, 0x18C3, 0x1904, 0x18E3, 0x18E3, 0x732A, 0x3186, 0x2965,
  0x3A26, 0x2985, 0x4A48, 0xB531, 0xD5F4, 0xB531, 0xA4B0, 0xD5F4, 0xCDD4, 0xBD72, 0xB511, 0xB553,
  0xC5D4, 0xD656, 0xDE76, 0xCDD4, 0xACD1, 0x942E, 0xA48F, 0xACAF, 0xBD31, 0xC552, 0xBD51, 0xACD0,
  0x9C6F, 0x8BED, 0x8BED, 0x9C4E, 0xA48F, 0xB511, 0xBD31, 0xB531, 0xB511, 0xB511, 0xB531, 0xB531,
  0xB531, 0xB531, 0xBD32, 0xBD31, 0xBD31, 0xBD31, 0xB531, 0xB531, 0xB531, 0xB531, 0xB531, 0xC572,
  0x9C4E, 0xBD73, 0xEED8, 0x944F, 0x838B, 0x4A67, 0x4B27, 0x6C0B, 0x84CD, 0x8D2E, 0x852D, 0x748C,
  0x5348, 0x31E5, 0x10A2, 0x0000, 0x0000, 0x0000, 0x0000, 0x0882, 0x0881, 0x0000, 0x0000, 0x0000,
  0x0000, 0x0000, 0x0000, 0x0020, 0x0020, 0x0020, 0x0020, 0x0020, 0x0020, 0x0020, 0x0020, 0x0020,
  0x0020, 0x0020, 0x0020, 0x0020, 0x0020, 0x0020, 0x0020, 0x0000, 0x0020, 0x0020, 0x0020, 0x0020,
  0x0020, 0x0020, 0x0020, 0x0020, 0x0000, 0x0000, 0x0000, 0x0020, 0x0020, 0x0000, 0x0020, 0x0020,
  0x0020, 0x0020, 0x0020, 0x0000, 0x0020, 0x0020, 0x0020, 0x0020, 0x0020, 0x0020, 0x0020, 0x0020,
  0x0000, 0x0000, 0x0020, 0x0020, 0x0000, 0x0020, 0x0020, 0x0020, 0x0020, 0x0020, 0x0000, 0x0020,
  0x0020, 0x0020, 0x0020, 0x0020, 0x0020, 0x0000, 0x0000, 0x0020, 0x0000, 0x0020, 0x0000, 0x0020,
  0x0020, 0x0020, 0x0020, 0x0000, 0x3205, 0x8D8E, 0x6C2B, 0x2183, 0x1903, 0x1904, 0x1904, 0x10A2,
  0x62EA, 0x41E7, 0x2125, 0x31A7, 0x2986, 0x39C7, 0x9C8F, 0xDE35, 0xD5F4, 0xB532, 0xA4B0, 0xCDF4,
  0xC5B3, 0xD615, 0xDE35, 0xCDD4, 0xBD72, 0xB511, 0xB532, 0xC5D5, 0xD636, 0xDE56, 0xCDF5, 0xBD72,
  0xACF1, 0xA48F, 0xACF0, 0xB531, 0xC572, 0xC572, 0xB4F0, 0x9C6E, 0x8BED, 0x8C0D, 0x9C4E, 0xA4AF,
  0xB4F1, 0xBD52, 0xB531, 0xB511, 0xB511, 0xB511, 0xB511, 0xB531, 0xBD31, 0xB511, 0xB511, 0xBD31,
  0xB531, 0xB511, 0xBD31, 0xA4AF, 0xACF1, 0xF718, 0xA4D1, 0x732A, 0x8BCC, 0x39E6, 0x21A3, 0x3AC6,
  0x42E7, 0x4B48, 0x63EA, 0x7C8C, 0x8D2E, 0x8D6E, 0x84ED, 0x63EA, 0x3A46, 0x1902, 0x0881, 0x742B,
  0x7C8C, 0x5B8A, 0x3A06, 0x10A2, 0x0020, 0x0020, 0x0020, 0x0020, 0x0020, 0x0020, 0x0020, 0x0020,
  0x0020, 0x0020, 0x0020, 0x0000, 0x0020, 0x0020, 0x0020, 0x0020, 0x0020, 0x0020, 0x0020, 0x0020,
  0x0020, 0x0020, 0x0020, 0x0000, 0x0020, 0x0020, 0x0020, 0x0020, 0x0020, 0x0020, 0x0020, 0x0020,
  0x0020, 0x0000, 0x0020, 0x0020, 0x0020, 0x0000, 0x0000, 0x0020, 0x0020, 0x0020, 0x0020, 0x0020,
  0x0020, 0x0000, 0x0020, 0x0020, 0x0020, 0x0020, 0x0020, 0x0020, 0x0000, 0x0000, 0x0020, 0x0020,
  0x0020, 0x0020, 0x0020, 0x0000, 0x0020, 0x0020, 0x0020, 0x0020, 0x0020, 0x0020, 0x0020, 0x0020,
  0x0020, 0x0020, 0x0020, 0x0020, 0x0000, 0x0020, 0x0000, 0x18E2, 0x850D, 0x84ED, 0x3265, 0x1903,
  0x2163, 0x18E3, 0x0882, 0x4A47, 0x5AA9, 0x1904, 0x31A6, 0x2986, 0x31C7, 0x83ED, 0xDE35, 0xCDD3,
  0xD5F4, 0xBD52, 0xA4D0, 0xD5F4, 0xCDF4, 0x942E, 0x83AC, 0xB511, 0xD5F4, 0xD635, 0xD5F4, 0xC593,
  0xBD52, 0xB552, 0xBD93, 0xCDF5, 0xD636, 0xD615, 0xC594, 0xAD11, 0xA4B0, 0xACB0, 0xB510, 0xBD51,
  0xC572, 0xB511, 0xA4AF, 0x942E, 0x8BCD, 0x942E, 0x9C6F, 0xACD0, 0xB511, 0xB511, 0xB511, 0xB4F1,
  0xB511, 0xACF0, 0xB4F0, 0xB531, 0xB531, 0xB531, 0xACD0, 0x9C90, 0xEED8, 0xBD93, 0x7B4B, 0x838B,
  0x8BCC, 0x3985, 0x10A3, 0x2144, 0x2144, 0x29C4, 0x3285, 0x3AE6, 0x4B47, 0x5BA9, 0x744C, 0x84ED,
  0x8D2D, 0x6C2B, 0x6BCA, 0x7D0C, 0x7CCC, 0x852D, 0x850D, 0x850D, 0x29A5, 0x0000, 0x0020, 0x0000,
  0x0020, 0x0020, 0x0020, 0x0020, 0x0020, 0x0020, 0x0020, 0x0020, 0x0020, 0x0020, 0x0020, 0x0020,
  0x0020, 0x0020, 0x0020, 0x0020, 0x0020, 0x0020, 0x0000, 0x0000, 0x0020, 0x0020, 0x0020, 0x0020,
  0x0000, 0x0000, 0x0000, 0x0020, 0x0020, 0x0020, 0x0020, 0x0020, 0x0020, 0x0020, 0x0020, 0x0020,
  0x0020, 0x0020, 0x0020, 0x0000, 0x0000, 0x0000, 0x0000, 0x0020, 0x0020, 0x0020, 0x0020, 0x0020,
  0x0020, 0x0000, 0x0020, 0x0020, 0x0020, 0x0000, 0x0020, 0x0020, 0x0000, 0x0020, 0x0020, 0x0020,
  0x0020, 0x0020, 0x0020, 0x0020, 0x0020, 0x0020, 0x0020, 0x0020, 0x0020, 0x0020, 0x0020, 0x6C2A,
  0x8D6E, 0x4B28, 0x1923, 0x18E3, 0x1923, 0x10C3, 0x2964, 0x6B0A, 0x2125, 0x31A6, 0x3186, 0x3186,
  0x62EA, 0xD614, 0xD635, 0xD5F4, 0xD615, 0xB552, 0xA4B0, 0xD615, 0xD615, 0x7B6B, 0x0020, 0x0861,
  0x39C6, 0x7B8C, 0xACF1, 0xCDD3, 0xCDD4, 0xCDD4, 0xC5B3, 0xBD72, 0xB511, 0xBD73, 0xC5D4, 0xD636,
  0xD636, 0xBD93, 0xB512, 0xA4B0, 0xA4AF, 0xB4F0, 0xBD52, 0xC572, 0xBD31, 0xA4AF, 0x942E, 0x940D,
  0x940D, 0x9C4E, 0xA4AF, 0xB4F0, 0xB511, 0xACD0, 0xACD0, 0xB511, 0xB511, 0xB511, 0x944F, 0xDE76,
  0xD636, 0x7B8C, 0x838B, 0x83AC, 0x83AC, 0x39A5, 0x18C3, 0x2125, 0x2124, 0x1904, 0x18E4, 0x1923,
  0x21A4, 0x3265, 0x3AA6, 0x42C6, 0x5368, 0x42A7, 0x6C2B, 0x7C8C, 0x84ED, 0x850D, 0x852D, 0x640B,
  0x1943, 0x0000, 0x0020, 0x0000, 0x0020, 0x0020, 0x0020, 0x0020, 0x0020, 0x0020, 0x0020, 0x0020,
  0x0020, 0x0020, 0x0020, 0x0000, 0x0020, 0x0020, 0x0020, 0x0020, 0x0020, 0x0020, 0x0020, 0x0000,
  0x0020, 0x0020, 0x0020, 0x0000, 0x0000, 0x0020, 0x0000, 0x0000, 0x0020, 0x0020, 0x0020, 0x0020,
  0x0020, 0x0020, 0x0020, 0x0020, 0x0020, 0x0020, 0x0020, 0x0020, 0x0000, 0x0000, 0x0000, 0x0020,
  0x0020, 0x0020, 0x0020, 0x0020, 0x0020, 0x0000, 0x0000, 0x0000, 0x0020, 0x0020, 0x0020, 0x0020,
  0x0020, 0x0020, 0x0020, 0x0020, 0x0020, 0x0020, 0x0020, 0x0020, 0x0020, 0x0000, 0x0020, 0x0020,
  0x0020, 0x0000, 0x4AE7, 0x958E, 0x63CA, 0x1943, 0x18C3, 0x1904, 0x1923, 0x2103, 0x734B, 0x2945,
  0x2966, 0x31A6, 0x31A6, 0x4A68, 0xC593, 0xD615, 0xD614, 0xD615, 0xD614, 0xBD52, 0xA4D0, 0xD614,
  0xCDD4, 0x8BED, 0x18C2, 0x0000, 0x0000, 0x0000, 0x2944, 0xCDF4, 0xCDD4, 0xCDD4, 0xCDD4, 0xCDD4,
  0xCDD4, 0xD5F4, 0xC593, 0xB532, 0xB552, 0xC5D4, 0xD636, 0xD636, 0xC5D4, 0xB552, 0xA4B0, 0xA48F,
  0xB4F0, 0xBD31, 0xC572, 0xBD31, 0xACD0, 0x9C4E, 0x8BED, 0x8BCC, 0x942E, 0xACB0, 0xACD0, 0xB4F0,
  0xB4F0, 0x944E, 0xCE15, 0xE697, 0x8BED, 0x838B, 0x83AC, 0x83AC, 0x8BCC, 0x39A6, 0x10C3, 0x2104,
  0x2125, 0x2125, 0x2125, 0x2125, 0x18E4, 0x18E4, 0x1903, 0x2144, 0x2A05, 0x3A46, 0x4B48, 0x5388,
  0x5B89, 0x6C0B, 0x6BEB, 0x3285, 0x1963, 0x0000, 0x0020, 0x0000, 0x0020, 0x0020, 0x0020, 0x0020,
  0x0020, 0x0020, 0x0020, 0x0000, 0x0020, 0x0020, 0x0020, 0x0000, 0x0020, 0x0000, 0x0000, 0x0020,
  0x0020, 0x0020, 0x0020, 0x0000, 0x0000, 0x0020, 0x0000, 0x0000, 0x0020, 0x0000, 0x0000, 0x0020,
  0x0020, 0x0020, 0x0020, 0x0020, 0x0020, 0x0020, 0x0020, 0x0020, 0x0020, 0x0020, 0x0020, 0x0020,
  0x0000, 0x0000, 0x0000, 0x0020, 0x0020, 0x0020, 0x0020, 0x0020, 0x0020, 0x0020, 0x0000, 0x0000,
  0x0020, 0x0020, 0x0020, 0x0020, 0x0000, 0x0020, 0x0020, 0x0020, 0x0020, 0x0020, 0x0020, 0x0020,
  0x0020, 0x0020, 0x0000, 0x0020, 0x0000, 0x29C5, 0x8D6E, 0x746C, 0x21C4, 0x10C3, 0x18E4, 0x1904,
  0x08A2, 0x62C9, 0x4207, 0x2965, 0x31A6, 0x3186, 0x39E7, 0xA4D0, 0xDE56, 0xD5F4, 0xD615, 0xD5F4,
  0xD614, 0xBD52, 0xA4B0, 0xCDF4, 0xCDF4, 0x8BED, 0x18E3, 0x0000, 0x0041, 0x0000, 0x2944, 0xCDF4,
  0xCDD4, 0xCDD4, 0xCDD4, 0xBD72, 0x6B2A, 0x7B8C, 0xACF1, 0xCDD4, 0xD635, 0xCDD4, 0xB532, 0xBD53,
  0xC5D4, 0xD615, 0xD636, 0xCDF5, 0xB552, 0xA4D0, 0xA4AF, 0xACD0, 0xBD31, 0xC572, 0xBD52, 0xACD0,
  0x9C4E, 0x8C0D, 0x8BED, 0x940D, 0x8BED, 0xBD73, 0xEEF8, 0x9C70, 0x7B6B, 0x83AC, 0x83AC, 0x83AC,
  0x83AC, 0x39A5, 0x10C3, 0x2104, 0x2124, 0x2125, 0x2125, 0x2125, 0x2145, 0x2125, 0x2965, 0x31E6,
  0x18C4, 0x31E5, 0x53A8, 0x4B47, 0x5388, 0x4B68, 0x42C6, 0x3AC6, 0x1963, 0x0000, 0x0020, 0x0020,
  0x0020, 0x0020, 0x0020, 0x0020, 0x0020, 0x0020, 0x0000, 0x0000, 0x0020, 0x0020, 0x0000, 0x0020,
  0x0020, 0x0000, 0x0000, 0x0000, 0x0020, 0x0020, 0x0020, 0x0020, 0x0020, 0x0020, 0x0020, 0x0020,
  0x0020, 0x0020, 0x0000, 0x0020, 0x0020, 0x0020, 0x0020, 0x0020, 0x0020, 0x0000, 0x0020, 0x0020,
  0x0020, 0x0020, 0x0020, 0x0020, 0x0020, 0x0000, 0x0000, 0x0020, 0x0020, 0x0020, 0x0020, 0x0020,
  0x0020, 0x0000, 0x0020, 0x0020, 0x0020, 0x0020, 0x0020, 0x0020, 0x0020, 0x0020, 0x0020, 0x0020,
  0x0020, 0x0020, 0x0020, 0x0020, 0x0020, 0x0020, 0x0020, 0x0000, 0x10A2, 0x7CCC, 0x852E, 0x3A86,
  0x10E3, 0x18E4, 0x1904, 0x0882, 0x4A27, 0x5268, 0x18E4, 0x4287, 0x3A06, 0x2966, 0x83CD, 0xDE34,
  0xCDD4, 0xD615, 0xD615, 0xD614, 0xD635, 0xB552, 0x9C8F, 0xCDD4, 0xD615, 0x942E, 0x10A2, 0x0000,
  0x0021, 0x0000, 0x2945, 0xCDD4, 0xCDD4, 0xCDD4, 0xCDD4, 0xC572, 0x6AC9, 0x1081, 0x0020, 0x3165,
  0x6B2B, 0xA4B0, 0xCDF4, 0xD5F4, 0xC572, 0xBD52, 0xBD73, 0xC5B4, 0xCE15, 0xD656, 0xCE15, 0xBD73,
  0xA4D0, 0xA48F, 0xA4AF, 0xB510, 0xBD51, 0xBD51, 0xB510, 0x8BED, 0x9C6F, 0xEED8, 0xAD11, 0x7B8C,
  0x83AC, 0x83AC, 0x83AC, 0x7B8B, 0x838B, 0x39A5, 0x10C3, 0x2104, 0x2125, 0x2125, 0x2125, 0x2124,
  0x2124, 0x2125, 0x2144, 0x2144, 0x2105, 0x31E5, 0x3A86, 0x5368, 0x42C7, 0x4B07, 0x4B07, 0x3AC6,
  0x1963, 0x0000, 0x0020, 0x0020, 0x0020, 0x0020, 0x0020, 0x0020, 0x0020, 0x0020, 0x0020, 0x0000,
  0x0020, 0x0020, 0x0020, 0x0000, 0x0020, 0x0020, 0x0020, 0x0000, 0x0000, 0x0020, 0x0020, 0x0020,
  0x0020, 0x0020, 0x0020, 0x0020, 0x0020, 0x0020, 0x0020, 0x0020, 0x0020, 0x0020, 0x0020, 0x0020,
  0x0020, 0x0020, 0x0020, 0x0020, 0x0020, 0x0020, 0x0020, 0x0020, 0x0020, 0x0020, 0x0000, 0x0020,
  0x0020, 0x0000, 0x0020, 0x0020, 0x0020, 0x0020, 0x0020, 0x0020, 0x0020, 0x0020, 0x0020, 0x0020,
  0x0020, 0x0020, 0x0020, 0x0000, 0x0020, 0x0000, 0x0020, 0x0020, 0x0020, 0x0020, 0x0020, 0x0000,
  0x5B89, 0x8D6E, 0x4B28, 0x1923, 0x18E4, 0x1904, 0x10A3, 0x3185, 0x734B, 0x2104, 0x31A6, 0x2965,
  0x31A6, 0x62CA, 0xC572, 0xD5F4, 0xD615, 0xD615, 0xD615, 0xD614, 0xD614, 0xB531, 0xA4B0, 0xD615,
  0xCDF4, 0x7B8C, 0x2943, 0x0841, 0x0000, 0x0000, 0x2124, 0xCDD4, 0xCDD3, 0xCDD4, 0xCDD4, 0xC5B3,
  0x7B6B, 0x20E3, 0x0000, 0x0000, 0x0000, 0x0021, 0x2924, 0x8C0E, 0xD5F4, 0xCDD4, 0xCDD4, 0xC593,
  0xBD72, 0xB532, 0xBD73, 0xCDF5, 0xD636, 0xCE15, 0xBD93, 0xACF1, 0x9C8F, 0xA48F, 0xA48F, 0xA4B1,
  0xEED8, 0xC5B4, 0x7B6B, 0x83AC, 0x83AC, 0x83AC, 0x838C, 0x83AC, 0x7B8B, 0x2144, 0x10A3, 0x1904,
  0x2145, 0x2145, 0x2125, 0x2125, 0x2125, 0x2145, 0x2125, 0x2125, 0x2145, 0x1903, 0x63EA, 0x850D,
  0x3A86, 0x3AA5, 0x4B27, 0x32A6, 0x1963, 0x0000, 0x0020, 0x0020, 0x0020, 0x0020, 0x0020, 0x0020,
  0x0020, 0x0020, 0x0000, 0x0000, 0x0020, 0x0020, 0x0000, 0x0020, 0x0020, 0x0020, 0x0000, 0x0020,
  0x0020, 0x0020, 0x0020, 0x0020, 0x0020, 0x0020, 0x0020, 0x0020, 0x0020, 0x0020, 0x0020, 0x0000,
  0x0020, 0x0020, 0x0020, 0x0020, 0x0020, 0x0020, 0x0020, 0x0000, 0x0020, 0x0020, 0x0020, 0x0020,
  0x0000, 0x0020, 0x0000, 0x0020, 0x0020, 0x0020, 0x0020, 0x0020, 0x0020, 0x0020, 0x0020, 0x0020,
  0x0020, 0x0020, 0x0020, 0x0020, 0x0020, 0x0020, 0x0020, 0x0000, 0x0020, 0x0020, 0x0020, 0x0020,
  0x0000, 0x0021, 0x0000, 0x3A26, 0x6C0A, 0x5369, 0x2183, 0x10C3, 0x1904, 0x18E3, 0x18E3, 0x736B,
  0x2965, 0x2966, 0x31A6, 0x31A6, 0x4A48, 0xBD72, 0xDE35, 0xCDF4, 0xD614, 0xD615, 0xD5F4, 0xD5F4,
  0xDE35, 0xACF1, 0x73AB, 0xA4F0, 0xC572, 0xA48F, 0x9C6F, 0x9C6F, 0x734B, 0x3985, 0x3985, 0xCDD4,
  0xCDD4, 0xCDD3, 0xCDD4, 0xC593, 0x7B6B, 0x20E3, 0x0000, 0x0021, 0x0021, 0x0021, 0x0000, 0x62EA,
  0xD635, 0xC5B3, 0xCDD3, 0xCDD4, 0xD5F4, 0xD614, 0xCDB3, 0xBD73, 0xB532, 0xBD93, 0xCDF5, 0xD656,
  0xD615, 0xC593, 0xA4D1, 0xD656, 0xDE77, 0x7BAC, 0x838B, 0x83AC, 0x83CC, 0x83AC, 0x838C, 0x8BCC,
  0x4A67, 0x2143, 0x2945, 0x18E3, 0x18C3, 0x1904, 0x2145, 0x2145, 0x2945, 0x2965, 0x2145, 0x2145,
  0x18E4, 0x5308, 0x8D6E, 0x5BA9, 0x1122, 0x3285, 0x42C6, 0x3286, 0x1963, 0x0000, 0x0020, 0x0020,
  0x0000, 0x0020, 0x0020, 0x0000, 0x0020, 0x0020, 0x0020, 0x0000, 0x0000, 0x0020, 0x0020, 0x0020,
  0x0020, 0x0020, 0x0020, 0x0000, 0x0000, 0x0020, 0x0020, 0x0020, 0x0020, 0x0020, 0x0020, 0x0020,
  0x0020, 0x0020, 0x0000, 0x0000, 0x0020, 0x0020, 0x0020, 0x0020, 0x0020, 0x0020, 0x0000, 0x0000,
  0x0020, 0x0000, 0x0020, 0x0020, 0x0020, 0x0020, 0x0000, 0x0000, 0x0020, 0x0020, 0x0020, 0x0020,
  0x0020, 0x0020, 0x0000, 0x0020, 0x0020, 0x0020, 0x0020, 0x0020, 0x0020, 0x0020, 0x0020, 0x0020,
  0x0020, 0x0020, 0x0020, 0x0000, 0x0020, 0x0000, 0x2164, 0x852D, 0x6C4B, 0x2183, 0x18E3, 0x18E3,
  0x18E3, 0x0882, 0x6B0A, 0x41E7, 0x2145, 0x31A6, 0x3186, 0x39E7, 0xA4D0, 0xDE55, 0xD614, 0xD5F4,
  0xD614, 0xDE35, 0xD615, 0xD614, 0xDE55, 0x9CB0, 0x4307, 0x5BA9, 0x63AA, 0x844D, 0xA4F0, 0xB552,
  0xBD52, 0xB512, 0x944E, 0xC593, 0xCDB3, 0xC593, 0xCDF4, 0xC593, 0x838C, 0x20E3, 0x0000, 0x0020,
  0x0020, 0x0021, 0x0000, 0x734C, 0xD615, 0xC5B3, 0xCDB3, 0xD5F4, 0xAD11, 0x8BED, 0xB552, 0xD615,
  0xD635, 0xCDD4, 0xBD73, 0xB532, 0xBD73, 0xC5B4, 0xD656, 0xDE56, 0x942F, 0x838B, 0x83AC, 0x83AC,
  0x83AC, 0x838B, 0x8BCC, 0x62E9, 0x2204, 0x4247, 0x93ED, 0x732A, 0x6AE9, 0x41E6, 0x2124, 0x1904,
  0x1904, 0x2124, 0x2985, 0x29A4, 0x31E5, 0x854D, 0x746C, 0x29C4, 0x10A2, 0x3245, 0x3A86, 0x32A6,
  0x1963, 0x0000, 0x0020, 0x0020, 0x0020, 0x0020, 0x0020, 0x0020, 0x0020, 0x0020, 0x0020, 0x0020,
  0x0020, 0x0020, 0x0020, 0x0020, 0x0020, 0x0020, 0x0020, 0x0000, 0x0000, 0x0020, 0x0020, 0x0020,
  0x0000, 0x0020, 0x0020, 0x0020, 0x0020, 0x0020, 0x0020, 0x0020, 0x0020, 0x0000, 0x0000, 0x0020,
  0x0020, 0x0020, 0x0000, 0x0000, 0x0000, 0x0020, 0x0020, 0x0020, 0x0020, 0x0000, 0x0000, 0x0000,
  0x0000, 0x0020, 0x0020, 0x0020, 0x0020, 0x0020, 0x0000, 0x0020, 0x0020, 0x0020, 0x0020, 0x0020,
  0x0020, 0x0020, 0x0020, 0x0020, 0x0020, 0x0000, 0x0000, 0x0020, 0x0000, 0x1082, 0x7CAC, 0x84ED,
  0x3A86, 0x1102, 0x1904, 0x2104, 0x08A2, 0x5268, 0x5AA9, 0x2104, 0x31A7, 0x3186, 0x31A6, 0x83ED,
  0xDE55, 0xD5F4, 0xD5F4, 0xD614, 0xDE35, 0xD635, 0xD635, 0xD614, 0xDE35, 0xA4D0, 0x42C7, 0x4B47,
  0x4B47, 0x5388, 0x5BA9, 0x63CA, 0x7C0C, 0x9CAF, 0xB532, 0xC593, 0xCDD4, 0xCDD4, 0xCDD3, 0xBD72,
  0x7B6B, 0x20E3, 0x0000, 0x0020, 0x0020, 0x0021, 0x0000, 0x6B0B, 0xD615, 0xC593, 0xCDD3, 0xCDF4,
  0xA4D0, 0x2944, 0x0861, 0x39C6, 0x7B8C, 0xB531, 0xCDF4, 0xC5B3, 0xC5B3, 0xBD73, 0xBD93, 0x944F,
  0x7B4B, 0x8BCC, 0x83AC, 0x83AC, 0x838C, 0x8BCC, 0x6B2A, 0x3245, 0x29C4, 0x732A, 0x8BCC, 0xA48F,
  0xD614, 0xCDB3, 0xA48F, 0x7B6B, 0x4A47, 0x2124, 0x18C3, 0x2965, 0x7CCC, 0x850D, 0x3AA6, 0x1923,
  0x1903, 0x3245, 0x3AA6, 0x3265, 0x1963, 0x0861, 0x0020, 0x0020, 0x0020, 0x0020, 0x0020, 0x0020,
  0x0020, 0x0020, 0x0020, 0x0020, 0x0020, 0x0020, 0x0020, 0x0020, 0x0020, 0x0020, 0x0020, 0x0020,
  0x0020, 0x0020, 0x0020, 0x0020, 0x0020, 0x0000, 0x0020, 0x0020, 0x0020, 0x0020, 0x0020, 0x0020,
  0x0020, 0x0020, 0x0000, 0x0020, 0x0020, 0x0020, 0x0020, 0x0020, 0x0020, 0x0020, 0x0020, 0x0000,
  0x0020, 0x0020, 0x0020, 0x0020, 0x0000, 0x0000, 0x0020, 0x0020, 0x0020, 0x0020, 0x0020, 0x0020,
  0x0020, 0x0020, 0x0020, 0x0020, 0x0020, 0x0020, 0x0020, 0x0020, 0x0020, 0x0020, 0x0020, 0x0020,
  0x0000, 0x5BA9, 0x958E, 0x5369, 0x1922, 0x1903, 0x1904, 0x10C3, 0x39A6, 0x6B2A, 0x18E4, 0x3186,
  0x2986, 0x3186, 0x62EA, 0xD614, 0xD5F4, 0xCDF4, 0xD614, 0xD614, 0xD635, 0xD635, 0xD615, 0xD615,
  0xD615, 0xCDF4, 0xBD73, 0x944E, 0x6B6A, 0x5308, 0x4B07, 0x4B47, 0x5388, 0x5BA9, 0x63A9, 0x740C,
  0x948F, 0xB552, 0xC593, 0xC593, 0x838C, 0x20E3, 0x0000, 0x0020, 0x0020, 0x0021, 0x0000, 0x6B0A,
  0xD5F4, 0xC5B3, 0xCDD4, 0xCDF4, 0xB511, 0x41E6, 0x0000, 0x0000, 0x0000, 0x0820, 0x83CD, 0xD5F4,
  0xC5B3, 0xCDD4, 0xD614, 0xA4B0, 0x7B6B, 0x8BCC, 0x83AC, 0x83AC, 0x83AC, 0x7B6B, 0x3A46, 0x21A3,
  0x62C9, 0x93ED, 0x942E, 0xCDD3, 0xCDD4, 0xCDF4, 0xD5F4, 0xD614, 0xCDD4, 0xBD51, 0x6AC9, 0x5369,
  0x8D6E, 0x5369, 0x1943, 0x2124, 0x1903, 0x2A04, 0x3285, 0x21E4, 0x3AA6, 0x4B07, 0x0000, 0x0020,
  0x0020, 0x0020, 0x0020, 0x0020, 0x0020, 0x0020, 0x0020, 0x0020, 0x0020, 0x0020, 0x0020, 0x0020,
  0x0020, 0x0020, 0x0000, 0x0020, 0x0020, 0x0020, 0x0020, 0x0020, 0x0020, 0x0020, 0x0020, 0x0020,
  0x0020, 0x0020, 0x0020, 0x0000, 0x0020, 0x0020, 0x0020, 0x0020, 0x0020, 0x0020, 0x0020, 0x0020,
  0x0020, 0x0000, 0x0020, 0x0020, 0x0020, 0x0020, 0x0020, 0x0020, 0x0020, 0x0020, 0x0020, 0x0020,
  0x0020, 0x0020, 0x0020, 0x0020, 0x0020, 0x0020, 0x0000, 0x0020, 0x0020, 0x0020, 0x0020, 0x0020,
  0x0020, 0x0020, 0x0020, 0x0000, 0x3A66, 0x8D8E, 0x640A, 0x2183, 0x2144, 0x1943, 0x1904, 0x2124,
  0x7B8C, 0x2945, 0x3206, 0x31C6, 0x3186, 0x4A28, 0xBD72, 0xD615, 0xCDF4, 0xD614, 0xD615, 0xD614,
  0xD615, 0xD635, 0xD615, 0xD615, 0xD615, 0xD5F4, 0xD615, 0xDE35, 0xD615, 0xC573, 0x9C6F, 0x738B,
  0x5308, 0x42E7, 0x4B27, 0x5388, 0x5388, 0x63C9, 0x73EB, 0x8C4D, 0x730A, 0x18C3, 0x0000, 0x0020,
  0x0020, 0x0041, 0x0000, 0x6B2A, 0xD614, 0xC5B3, 0xCDD4, 0xCDD4, 0xACD0, 0x41E6, 0x0000, 0x0021,
  0x0841, 0x0000, 0x734B, 0xD635, 0xC5B3, 0xCDB3, 0xC5B3, 0x9C6F, 0x83AC, 0x83CC, 0x83AC, 0x83AC,
  0x83AC, 0x4AA7, 0x2204, 0x4A47, 0x940D, 0x93ED, 0xC592, 0xD615, 0xCDF4, 0xD5F4, 0xD5F4, 0xCDF4,
  0xD614, 0xCDD4, 0x73CB, 0x854D, 0x6C2B, 0x2183, 0x10A3, 0x18E4, 0x10C3, 0x2A04, 0x2A24, 0x3225,
  0x63C9, 0x2A25, 0x0020, 0x0000, 0x0020, 0x0020, 0x0000, 0x0020, 0x0020, 0x0020, 0x0020, 0x0020,
  0x0020, 0x0020, 0x0020, 0x0020, 0x0020, 0x0020, 0x0020, 0x0020, 0x0020, 0x0020, 0x0020, 0x0020,
  0x0020, 0x0020, 0x0020, 0x0020, 0x0020, 0x0020, 0x0020, 0x0020, 0x0020, 0x0020, 0x0020, 0x0020,
  0x0020, 0x0020, 0x0020, 0x0020, 0x0020, 0x0020, 0x0020, 0x0020, 0x0020, 0x0020, 0x0020, 0x0020,
  0x0020, 0x0020, 0x0020, 0x0020, 0x0020, 0x0020, 0x0020, 0x0020, 0x0000, 0x0020, 0x0000, 0x0020,
  0x0020, 0x0020, 0x0020, 0x0020, 0x0020, 0x0020, 0x0000, 0x2143, 0x8D4E, 0x7CAD, 0x29E4, 0x10C3,
  0x1904, 0x2143, 0x10C3, 0x732B, 0x4207, 0x2145, 0x3A26, 0x29A5, 0x39E7, 0xA4B0, 0xDE55, 0xCDF4,
  0xD5F4, 0xD614, 0xD615, 0xD615, 0xD635, 0xD635, 0xD635, 0xD615, 0xD615, 0xD615, 0xD5F4, 0xCDF4,
  0xD5F4, 0xD5F4, 0xDE55, 0xDE35, 0xC572, 0xA4AF, 0x73AB, 0x5308, 0x4B07, 0x4B27, 0x4B68, 0x53A8,
  0x62E9, 0x41C6, 0x2924, 0x0861, 0x0000, 0x0000, 0x0000, 0x734B, 0xDE35, 0xC593, 0xC5B3, 0xCDF4,
  0xAD11, 0x41E6, 0x0000, 0x0021, 0x0021, 0x0000, 0x7B6C, 0xD615, 0xC593, 0xC5B3, 0xCDD4, 0x9C6F,
  0x838B, 0x8BCC, 0x838C, 0x8BCD, 0x62E9, 0x2A24, 0x3205, 0x8BAC, 0x8BCC, 0xB511, 0xD614, 0xD5F4,
  0xCDD4, 0xD614, 0xD615, 0xD5F4, 0xDE35, 0x7BCC, 0x74AC, 0x850D, 0x3245, 0x10C2, 0x18C3, 0x18C3,
  0x10C2, 0x1922, 0x21A3, 0x5B89, 0x4307, 0x21E4, 0x0000, 0x0020, 0x0020, 0x0020, 0x0020, 0x0000,
  0x0020, 0x0020, 0x0020, 0x0020, 0x0020, 0x0020, 0x0020, 0x0020, 0x0020, 0x0020, 0x0020, 0x0020,
  0x0020, 0x0020, 0x0020, 0x0020, 0x0020, 0x0020, 0x0020, 0x0020, 0x0020, 0x0020, 0x0020, 0x0020,
  0x0020, 0x0020, 0x0020, 0x0020, 0x0020, 0x0000, 0x0000, 0x0020, 0x0020, 0x0020, 0x0020, 0x0020,
  0x0020, 0x0020, 0x0020, 0x0020, 0x0020, 0x0020, 0x0020, 0x0020, 0x0020, 0x0020, 0x0020, 0x0020,
  0x0020, 0x0020, 0x0020, 0x0000, 0x0020, 0x0020, 0x0020, 0x0020, 0x0020, 0x0000, 0x0861, 0x748C,
  0x8D4E, 0x42C7, 0x10E3, 0x18E4, 0x2124, 0x1102, 0x5268, 0x5AA9, 0x1904, 0x3186, 0x2966, 0x3186,
  0x83ED, 0xDE35, 0xCDF4, 0xD614, 0xD615, 0xD615, 0xD635, 0xD635, 0xDE35, 0xDE35, 0xD635, 0xD635,
  0xD615, 0xD615, 0xD615, 0xCDF4, 0xD5F4, 0xD5F4, 0xD615, 0xCDF4, 0xD615, 0xDE35, 0xD614, 0xC593,
  0xA4AF, 0x7BAB, 0x5308, 0x4B07, 0x4A26, 0x730A, 0x83AB, 0x732A, 0x5247, 0x3164, 0x0861, 0x6B0B,
  0xD5F4, 0xCDB3, 0xCDB3, 0xCDD4, 0xA4B0, 0x3985, 0x0020, 0x0000, 0x0000, 0x0000, 0x736B, 0xD5F4,
  0xC593, 0xC5B3, 0xCDD4, 0x9C6F, 0x7B8B, 0x83AC, 0x83AC, 0x6B2A, 0x3225, 0x29C4, 0x7B6B, 0x8BEC,
  0xA48F, 0xD614, 0xCDD4, 0xD615, 0xD614, 0xD615, 0xCDF4, 0xDE56, 0x9C6F, 0x5BC9, 0x8D4E, 0x4B07,
  0x1102, 0x10C3, 0x10C3, 0x18E3, 0x10C2, 0x21A4, 0x6C4B, 0x4B28, 0x3285, 0x10E2, 0x0000, 0x0020,
  0x0020, 0x0020, 0x0020, 0x0000, 0x0020, 0x0020, 0x0020, 0x0000, 0x0020, 0x0020, 0x0020, 0x0020,
  0x0020, 0x0020, 0x0020, 0x0020, 0x0020, 0x0020, 0x0020, 0x0020, 0x0020, 0x0020, 0x0020, 0x0020,
  0x0020, 0x0020, 0x0020, 0x0020, 0x0020, 0x0020, 0x0020, 0x0020, 0x0020, 0x0020, 0x0020, 0x0020,
  0x0020, 0x0020, 0x0000, 0x0020, 0x0020, 0x0020, 0x0020, 0x0020, 0x0020, 0x0020, 0x0020, 0x0020,
  0x0020, 0x0020, 0x0020, 0x0020, 0x0020, 0x0020, 0x0000, 0x0000, 0x0020, 0x0020, 0x0020, 0x0020,
  0x0020, 0x0000, 0x5B69, 0x95AF, 0x5B89, 0x1122, 0x18C3, 0x2104, 0x10C3, 0x2964, 0x6B0A, 0x1904,
  0x2986, 0x2965, 0x31A6, 0x630A, 0xCDF4, 0xD614, 0xD614, 0xD5F4, 0xD615, 0xD635, 0xD615, 0xDE35,
  0xDE35, 0xD635, 0xD635, 0xDE35, 0xD615, 0xD615, 0xD614, 0xD615, 0xD5F4, 0xD614, 0xD614, 0xD614,
  0xD615, 0xD614, 0xCDF4, 0xD614, 0xDE35, 0xD615, 0xCDD4, 0xACD0, 0xA48F, 0xC5B3, 0xBD72, 0xACD0,
  0x9C4E, 0x942D, 0x7B4A, 0x52E8, 0x73EB, 0x946E, 0xB531, 0xC593, 0xACF1, 0x83AC, 0x83CD, 0x62A9,
  0x3164, 0x0840, 0x736B, 0xD615, 0xC5B3, 0xCDB3, 0xCDD4, 0x9C6F, 0x7B6B, 0x8BCC, 0x7B6B, 0x3A86,
  0x21E4, 0x6AE9, 0x940D, 0x942D, 0xD5F4, 0xD614, 0xD5F4, 0xD635, 0xD614, 0xCDF4, 0xD614, 0xC593,
  0x5B69, 0x854D, 0x63CA, 0x1963, 0x10C3, 0x18C3, 0x18C3, 0x10C3, 0x10C2, 0x5368, 0x63CA, 0x32A6,
  0x1963, 0x0000, 0x0020, 0x0020, 0x0020, 0x0000, 0x0020, 0x0020, 0x0000, 0x0020, 0x0020, 0x0000,
  0x0020, 0x0020, 0x0020, 0x0020, 0x0020, 0x0000, 0x0020, 0x0020, 0x0020, 0x0020, 0x0020, 0x0020,
  0x0020, 0x0020, 0x0020, 0x0020, 0x0020, 0x0020, 0x0020, 0x0000, 0x0020, 0x0000, 0x0020, 0x0020,
  0x0020, 0x0020, 0x0020, 0x0020, 0x0020, 0x0020, 0x0020, 0x0020, 0x0000, 0x0020, 0x0020, 0x0020,
  0x0020, 0x0020, 0x0020, 0x0020, 0x0020, 0x0020, 0x0020, 0x0020, 0x0020, 0x0020, 0x0020, 0x0000,
  0x0020, 0x0020, 0x0020, 0x0021, 0x0000, 0x3A26, 0x958E, 0x6C2B, 0x21A4, 0x10C3, 0x18E3, 0x18E3,
  0x18E3, 0x732B, 0x2945, 0x2966, 0x2986, 0x3186, 0x4A68, 0xBD72, 0xD614, 0xCDF4, 0xD614, 0xD635,
  0xD635, 0xD635, 0xD635, 0xD635, 0xD635, 0xD635, 0xD635, 0xDE35, 0xDE35, 0xD615, 0xD614, 0xD615,
  0xD615, 0xD614, 0xD614, 0xD635, 0xD635, 0xD635, 0xD615, 0xD615, 0xD615, 0xCDF4, 0xD5F4, 0xDE35,
  0xDE35, 0xD615, 0xD5F4, 0xCDD4, 0xD5F4, 0xC5B3, 0xACD0, 0x4AC7, 0x4B67, 0x5BA8, 0x63C9, 0x740B,
  0x948E, 0xACF1, 0xBD32, 0xB532, 0xB511, 0x8BCD, 0x942E, 0xCDD4, 0xC593, 0xC5B3, 0xCDD4, 0xA48F,
  0x7B6B, 0x8BAC, 0x4A87, 0x2204, 0x5267, 0x9C0D, 0x93ED, 0xC593, 0xD615, 0xD615, 0xD615, 0xD614,
  0xCDF4, 0xD614, 0xDE35, 0x6B4A, 0x6C6B, 0x7CAC, 0x2A04, 0x10C3, 0x18E3, 0x18E3, 0x18E4, 0x10A2,
  0x4B47, 0x6C2B, 0x3AA6, 0x2A04, 0x0000, 0x0020, 0x0020, 0x0020, 0x0020, 0x0000, 0x0000, 0x0000,
  0x0000, 0x0000, 0x0020, 0x0020, 0x0020, 0x0020, 0x0020, 0x0020, 0x0020, 0x0000, 0x0020, 0x0020,
  0x0020, 0x0020, 0x0020, 0x0020, 0x0020, 0x0020, 0x0020, 0x0020, 0x0020, 0x0000, 0x0000, 0x0000,
  0x0000, 0x0000, 0x0020, 0x0020, 0x0020, 0x0020, 0x0020, 0x0020, 0x0020, 0x0020, 0x0020, 0x0020,
  0x0000, 0x0000, 0x0020, 0x0020, 0x0020, 0x0020, 0x0020, 0x0020, 0x0020, 0x0020, 0x0020, 0x0020,
  0x0000, 0x0020, 0x0020, 0x0000, 0x0020, 0x0020, 0x0021, 0x0000, 0x10A2, 0x63CA, 0x746B, 0x3245,
  0x10C3, 0x18E4, 0x18E3, 0x0882, 0x62EA, 0x4207, 0x2145, 0x3186, 0x2986, 0x39C7, 0xA4B0, 0xE676,
  0xD635, 0xD635, 0xD615, 0xD635, 0xD635, 0xD615, 0xDE35, 0xD635, 0xD615, 0xD635, 0xD635, 0xD635,
  0xD635, 0xD615, 0xD615, 0xD635, 0xD635, 0xD635, 0xD635, 0xD615, 0xD635, 0xDE35, 0xD635, 0xD635,
  0xD635, 0xDE35, 0xD635, 0xD614, 0xD5F4, 0xD615, 0xD614, 0xD615, 0xD5F4, 0xD5F4, 0xCDF4, 0x83EC,
  0x5B29, 0x4AE7, 0x4B47, 0x5388, 0x5388, 0x5B88, 0x6BCA, 0x8C4D, 0xA4F1, 0xB511, 0xBD52, 0xCDD3,
  0xC5B3, 0xC593, 0xCDD4, 0x9C8F, 0x838B, 0x5AE8, 0x2A24, 0x3A06, 0x93ED, 0x8BEC, 0xBD31, 0xDE55,
  0xD635, 0xD615, 0xD615, 0xD615, 0xD5F4, 0xDE76, 0x9C8F, 0x4B07, 0x5B89, 0x3AA6, 0x1903, 0x18C3,
  0x18E3, 0x18E4, 0x10A3, 0x3A66, 0x7CCC, 0x4B08, 0x3285, 0x0861, 0x0000, 0x0020, 0x0020, 0x0020,
  0x0020, 0x0020, 0x0020, 0x0020, 0x0020, 0x0020, 0x0020, 0x0020, 0x0020, 0x0020, 0x0020, 0x0020,
  0x0020, 0x0000, 0x0020, 0x0020, 0x0020, 0x0020, 0x0020, 0x0020, 0x0020, 0x0020, 0x0020, 0x0020,
  0x0020, 0x0000, 0x0020, 0x0020, 0x0020, 0x0020, 0x0020, 0x0020, 0x0020, 0x0020, 0x0020, 0x0020,
  0x0020, 0x0020, 0x0020, 0x0020, 0x0020, 0x0020, 0x0020, 0x0020, 0x0020, 0x0020, 0x0000, 0x0020,
  0x0020, 0x0020, 0x0020, 0x0020, 0x0020, 0x0020, 0x0020, 0x0020, 0x0020, 0x0020, 0x0020, 0x0841,
  0x63EA, 0x748C, 0x3245, 0x1102, 0x18E4, 0x1904, 0x0882, 0x4A47, 0x5AC9, 0x18E4, 0x31A6, 0x3186,
  0x3186, 0x736B, 0xDE35, 0xD5F4, 0xD615, 0xD635, 0xD635, 0xD635, 0xD615, 0xD635, 0xD635, 0xD635,
  0xD615, 0xD635, 0xD635, 0xD615, 0xD614, 0xD614, 0xD615, 0xD614, 0xD615, 0xD635, 0xDE35, 0xD635,
  0xD635, 0xDE55, 0xD635, 0xD614, 0xDE35, 0xD635, 0xD615, 0xD615, 0xD635, 0xD615, 0xDE35, 0xD635,
  0xD614, 0xD614, 0xD5F4, 0xDE35, 0xCDB3, 0xACD0, 0x83EC, 0x5B49, 0x4AE7, 0x4B27, 0x4B67, 0x5388,
  0x5BA9, 0x6BCA, 0x8C4D, 0xA4D0, 0xBD72, 0xC593, 0xD5F4, 0xA48F, 0x62C9, 0x3245, 0x29E4, 0x7B6B,
  0x93EC, 0xA4AF, 0xD615, 0xD614, 0xD635, 0xD635, 0xD615, 0xD615, 0xDE55, 0xB532, 0x5328, 0x7D0C,
  0x4B07, 0x10C1, 0x18E4, 0x18E3, 0x18E4, 0x18C3, 0x1943, 0x642A, 0x5349, 0x32A5, 0x1102, 0x0000,
  0x0020, 0x0000, 0x0020, 0x0020, 0x0020, 0x0020, 0x0020, 0x0020, 0x0020, 0x0020, 0x0020, 0x0020,
  0x0020, 0x0020, 0x0020, 0x0000, 0x0020, 0x0020, 0x0020, 0x0020, 0x0020, 0x0020, 0x0020, 0x0020,
  0x0020, 0x0020, 0x0020, 0x0020, 0x0000, 0x0020, 0x0020, 0x0020, 0x0020, 0x0020, 0x0020, 0x0020,
  0x0020, 0x0020, 0x0020, 0x0020, 0x0020, 0x0020, 0x0020, 0x0020, 0x0020, 0x0020, 0x0020, 0x0020,
  0x0020, 0x0020, 0x0020, 0x0020, 0x0020, 0x0020, 0x0020, 0x0020, 0x0020, 0x0020, 0x0020, 0x0020,
  0x0020, 0x0021, 0x0000, 0x4B08, 0x8D6E, 0x5BC9, 0x1943, 0x10C3, 0x1904, 0x10A3, 0x31A5, 0x6B2A,
  0x18C3, 0x4267, 0x31E6, 0x3186, 0x5ACA, 0xCDD3, 0xD5F4, 0xD5F4, 0xD614, 0xD635, 0xD635, 0xD615,
  0xD615, 0xD635, 0xD635, 0xD635, 0xDE35, 0xD615, 0xD614, 0xD615, 0xD615, 0xD615, 0xD614, 0xD614,
  0xDE35, 0xD635, 0xD635, 0xDE35, 0xDE55, 0xD635, 0xD635, 0xD635, 0xD615, 0xD615, 0xD635, 0xD614,
  0xD5F4, 0xD635, 0xDE35, 0xD635, 0xD614, 0xD614, 0xD635, 0xD5F4, 0xD5F4, 0xDE56, 0xDE35, 0xCDB3,
  0xACF1, 0x83ED, 0x5B09, 0x4AE7, 0x4307, 0x5368, 0x5388, 0x5BA9, 0x63A9, 0x7BEB, 0xA4AF, 0x8C0E,
  0x3225, 0x2A04, 0x6B0A, 0x942D, 0x9C4E, 0xCDD3, 0xD614, 0xD614, 0xD614, 0xD614, 0xD615, 0xD614,
  0xD5F4, 0x6B8B, 0x7D0C, 0x6C2B, 0x21A3, 0x10C2, 0x18E3, 0x1904, 0x18E4, 0x10C2, 0x5388, 0x5BAA,
  0x3AA6, 0x21A3, 0x0000, 0x0020, 0x0020, 0x0000, 0x0020, 0x0020, 0x0020, 0x0020, 0x0020, 0x0000,
  0x0020, 0x0020, 0x0020, 0x0020, 0x0020, 0x0020, 0x0020, 0x0020, 0x0020, 0x0020, 0x0020, 0x0020,
  0x0020, 0x0020, 0x0020, 0x0020, 0x0020, 0x0020, 0x0020, 0x0020, 0x0000, 0x0020, 0x0020, 0x0020,
  0x0020, 0x0020, 0x0020, 0x0020, 0x0020, 0x0020, 0x0020, 0x0020, 0x0020, 0x0020, 0x0020, 0x0020,
  0x0020, 0x0020, 0x0000, 0x0000, 0x0020, 0x0020, 0x0020, 0x0020, 0x0020, 0x0020, 0x0020, 0x0020,
  0x0020, 0x0020, 0x0020, 0x0020, 0x0021, 0x0000, 0x29C4, 0x8D8E, 0x746C, 0x2183, 0x1903, 0x2124,
  0x18E4, 0x18E3, 0x7B6B, 0x3185, 0x2965, 0x31E6, 0x31A6, 0x4A28, 0xBD52, 0xDE55, 0xD615, 0xD635,
  0xD635, 0xD615, 0xD615, 0xD615, 0xD635, 0xDE35, 0xDE35, 0xDE35, 0xD635, 0xD635, 0xD614, 0xD615,
  0xD635, 0xD635, 0xD614, 0xD635, 0xD615, 0xD615, 0xD635, 0xD615, 0xD615, 0xD635, 0xD635, 0xDE35,
  0xD635, 0xD635, 0xD635, 0xD635, 0xD614, 0xD615, 0xDE35, 0xD615, 0xD635, 0xD615, 0xD5F4, 0xD635,
  0xD615, 0xD614, 0xD614, 0xD614, 0xD614, 0xDE35, 0xCDD4, 0xB531, 0x8C2D, 0x634A, 0x4AE7, 0x4307,
  0x4B47, 0x5388, 0x5BA9, 0x5328, 0x21E4, 0x5288, 0x940D, 0x940D, 0xC593, 0xD614, 0xCDF4, 0xD5F4,
  0xD614, 0xD614, 0xD614, 0xE676, 0x83ED, 0x6C6B, 0x8D2E, 0x3225, 0x1902, 0x2164, 0x10C3, 0x1904,
  0x10A3, 0x4307, 0x748C, 0x42C7, 0x2A45, 0x0020, 0x0020, 0x0020, 0x0020, 0x0020, 0x0020, 0x0020,
  0x0020, 0x0020, 0x0020, 0x0000, 0x0020, 0x0020, 0x0020, 0x0020, 0x0020, 0x0020, 0x0000, 0x0020,
  0x0020, 0x0020, 0x0020, 0x0020, 0x0020, 0x0020, 0x0020, 0x0000, 0x0020, 0x0020, 0x0020, 0x0020,
  0x0020, 0x0020, 0x0020, 0x0020, 0x0020, 0x0020, 0x0020, 0x0020, 0x0020, 0x0020, 0x0020, 0x0020,
  0x0020, 0x0020, 0x0020, 0x0020, 0x0020, 0x0020, 0x0020, 0x0020, 0x0020, 0x0020, 0x0020, 0x0020,
  0x0020, 0x0020, 0x0020, 0x0020, 0x0020, 0x0020, 0x0020, 0x0021, 0x0000, 0x10C2, 0x7CEC, 0x850D,
  0x3245, 0x1923, 0x1944, 0x2104, 0x10A3, 0x6B0A, 0x41E7, 0x2145, 0x39C7, 0x2966, 0x39E7, 0xA4B0,
  0xDE35, 0xD5F4, 0xD635, 0xD635, 0xD635, 0xD635, 0xD5F4, 0xD614, 0xDE55, 0xDE55, 0xDE55, 0xD635,
  0xD614, 0xD615, 0xDE35, 0xDE55, 0xD635, 0xD635, 0xDE35, 0xD635, 0xD615, 0xD615, 0xD635, 0xD635,
  0xD635, 0xDE35, 0xDE35, 0xD635, 0xD635, 0xD635, 0xD614, 0xD615, 0xD615, 0xD635, 0xDE35, 0xD635,
  0xD635, 0xD635, 0xD614, 0xD615, 0xD615, 0xD5F4, 0xD5F4, 0xD615, 0xD5F4, 0xCDF4, 0xD615, 0xD635,
  0xDE35, 0xD5F4, 0xB531, 0x8C2E, 0x6B6A, 0x5328, 0x4B07, 0x3285, 0x3A05, 0x8BAC, 0x8BED, 0xBD52,
  0xD614, 0xCDD4, 0xD614, 0xD615, 0xD614, 0xCDD4, 0xDE55, 0xACF1, 0x63CA, 0x8D4E, 0x4B28, 0x1943,
  0x2984, 0x1102, 0x18E4, 0x1082, 0x3205, 0x7CCC, 0x4B08, 0x32A5, 0x10C2, 0x0000, 0x0020, 0x0000,
  0x0020, 0x0020, 0x0020, 0x0020, 0x0020, 0x0000, 0x0020, 0x0020, 0x0000, 0x0000, 0x0020, 0x0000,
  0x0020, 0x0020, 0x0020, 0x0020, 0x0020, 0x0020, 0x0020, 0x0020, 0x0020, 0x0020, 0x0020, 0x0020,
  0x0020, 0x0020, 0x0020, 0x0020, 0x0020, 0x0020, 0x0020, 0x0020, 0x0000, 0x0000, 0x0020, 0x0020,
  0x0020, 0x0020, 0x0020, 0x0020, 0x0020, 0x0020, 0x0020, 0x0020, 0x0020, 0x0020, 0x0020, 0x0020,
  0x0020, 0x0020, 0x0020, 0x0020, 0x0020, 0x0020, 0x0020, 0x0020, 0x0020, 0x0020, 0x0020, 0x0021,
  0x0020, 0x63EA, 0x8D6E, 0x4B07, 0x10E2, 0x2124, 0x2163, 0x0882, 0x4A27, 0x5289, 0x2125, 0x31C7,
  0x31A6, 0x31C6, 0x7BAC, 0xDE35, 0xD614, 0xD615, 0xD615, 0xD615, 0xD614, 0xD614, 0xD614, 0xD635,
  0xD635, 0xDE55, 0xDE56, 0xDE55, 0xD635, 0xD614, 0xD635, 0xD635, 0xD635, 0xDE35, 0xDE35, 0xD615,
  0xD615, 0xDE35, 0xDE55, 0xDE35, 0xD635, 0xD635, 0xD635, 0xD635, 0xDE55, 0xD635, 0xD615, 0xD614,
  0xD614, 0xDE35, 0xDE35, 0xDE35, 0xD615, 0xD635, 0xD635, 0xD614, 0xD614, 0xD614, 0xD614, 0xD615,
  0xD635, 0xD615, 0xD5F4, 0xD614, 0xD5F4, 0xD5F4, 0xD614, 0xDE55, 0xCDD4, 0xB531, 0x944E, 0x6309,
  0x9C4E, 0xBD52, 0xC572, 0xD5F4, 0xD615, 0xCDD4, 0xD5F4, 0xD615, 0xD5F4, 0xD635, 0xC593, 0x6349,
  0x8D4D, 0x6C0B, 0x1963, 0x1904, 0x1943, 0x1923, 0x18C3, 0x1923, 0x6C4A, 0x5BAA, 0x32A6, 0x1963,
  0x0000, 0x0020, 0x0020, 0x0000, 0x0020, 0x0020, 0x0020, 0x0020, 0x0000, 0x0020, 0x0020, 0x0020,
  0x0020, 0x0020, 0x0000, 0x0000, 0x0020, 0x0020, 0x0020, 0x0020, 0x0020, 0x0020, 0x0020, 0x0020,
  0x0020, 0x0020, 0x0020, 0x0020, 0x0020, 0x0020, 0x0020, 0x0020, 0x0020, 0x0020, 0x0020, 0x0020,
  0x0000, 0x0000, 0x0020, 0x0020, 0x0000, 0x0000, 0x0020, 0x0020, 0x0020, 0x0020, 0x0020, 0x0020,
  0x0020, 0x0020, 0x0020, 0x0020, 0x0020, 0x0020, 0x0020, 0x0020, 0x0020, 0x0020, 0x0020, 0x0020,
  0x0020, 0x0020, 0x0021, 0x0000, 0x42A7, 0x958E, 0x5BAA, 0x1963, 0x18E3, 0x1904, 0x1903, 0x3185,
  0x6B0A, 0x2104, 0x31A6, 0x31A6, 0x31A6, 0x62EA, 0xD5F4, 0xD615, 0xD635, 0xDE35, 0xD5F4, 0xD5F4,
  0xD615, 0xD635, 0xD635, 0xD615, 0xD614, 0xD635, 0xDE35, 0xDE55, 0xDE55, 0xD635, 0xD615, 0xD614,
  0xD635, 0xDE35, 0xD635, 0xDE35, 0xDE55, 0xDE35, 0xD635, 0xD635, 0xD615, 0xD615, 0xD614, 0xD635,
  0xD635, 0xD635, 0xD635, 0xD615, 0xD615, 0xD635, 0xD635, 0xD635, 0xD635, 0xD614, 0xD635, 0xD615,
  0xD614, 0xD635, 0xD635, 0xD635, 0xD635, 0xD635, 0xD615, 0xD614, 0xD615, 0xD635, 0xD635, 0xD614,
  0xCDF4, 0xD614, 0xDE56, 0xDE56, 0xD615, 0xD635, 0xD615, 0xD5F4, 0xD615, 0xD615, 0xD615, 0xCDF4,
  0xCDF4, 0xDE35, 0x7BCC, 0x7CCC, 0x7CCD, 0x2A04, 0x10E3, 0x18E4, 0x1944, 0x2184, 0x1082, 0x5368,
  0x6C4B, 0x3A86, 0x2A04, 0x0000, 0x0020, 0x0020, 0x0020, 0x0020, 0x0000, 0x0020, 0x0020, 0x0020,
  0x0020, 0x0020, 0x0020, 0x0000, 0x0020, 0x0020, 0x0020, 0x0020, 0x0020, 0x0020, 0x0020, 0x0020,
  0x0020, 0x0020, 0x0020, 0x0020, 0x0020, 0x0020, 0x0020, 0x0000, 0x0020, 0x0020, 0x0020, 0x0020,
  0x0020, 0x0020, 0x0020, 0x0020, 0x0020, 0x0020, 0x0020, 0x0000, 0x0020, 0x0020, 0x0000, 0x0020,
  0x0020, 0x0020, 0x0020, 0x0020, 0x0020, 0x0020, 0x0020, 0x0020, 0x0020, 0x0020, 0x0020, 0x0020,
  0x0020, 0x0020, 0x0020, 0x0020, 0x0020, 0x0021, 0x0000, 0x2184, 0x8D4E, 0x748C, 0x29E4, 0x10C3,
  0x1904, 0x18E4, 0x18E3, 0x7B6B, 0x2945, 0x2966, 0x31A6, 0x31A6, 0x4A69, 0xBD72, 0xDE35, 0xD615,
  0xD635, 0xD615, 0xD615, 0xD615, 0xD614, 0xDE35, 0xD635, 0xD615, 0xD635, 0xD615, 0xD635, 0xD635,
  0xDE55, 0xDE35, 0xD615, 0xD635, 0xD635, 0xD635, 0xDE55, 0xDE55, 0xDE35, 0xD635, 0xD615, 0xD635,
  0xD635, 0xD615, 0xD615, 0xD615, 0xD635, 0xD615, 0xD615, 0xD615, 0xD615, 0xD615, 0xD635, 0xD615,
  0xD615, 0xD615, 0xD614, 0xD615, 0xD615, 0xD615, 0xD635, 0xD635, 0xD615, 0xD615, 0xD635, 0xD635,
  0xD635, 0xDE55, 0xDE35, 0xD615, 0xD615, 0xD615, 0xD615, 0xD615, 0xCDD4, 0xD5F4, 0xD614, 0xD615,
  0xD615, 0xD614, 0xD614, 0xCDF4, 0xD635, 0x944E, 0x6C0A, 0x956E, 0x42E7, 0x10E2, 0x18E4, 0x18E4,
  0x1903, 0x10E2, 0x3A86, 0x74AC, 0x42E7, 0x2A65, 0x0861, 0x0000, 0x0020, 0x0020, 0x0020, 0x0020,
  0x0020, 0x0000, 0x0020, 0x0020, 0x0020, 0x0020, 0x0020, 0x0000, 0x0020, 0x0020, 0x0020, 0x0020,
  0x0020, 0x0020, 0x0020, 0x0020, 0x0000, 0x0020, 0x0020, 0x0020, 0x0020, 0x0020, 0x0020, 0x0000,
  0x0020, 0x0000, 0x0020, 0x0020, 0x0020, 0x0020, 0x0020, 0x0020, 0x0020, 0x0020, 0x0020, 0x0020,
  0x0020, 0x0020, 0x0020, 0x0020, 0x0020, 0x0020, 0x0020, 0x0020, 0x0020, 0x0020, 0x0020, 0x0020,
  0x0020, 0x0020, 0x0020, 0x0020, 0x0020, 0x0020, 0x0020, 0x0020, 0x0020, 0x0000, 0x0881, 0x748C,
  0x84ED, 0x3A86, 0x10E3, 0x18E4, 0x1904, 0x10A3, 0x62C9, 0x41E6, 0x2965, 0x31A7, 0x31A7, 0x39E7,
  0xA4B0, 0xDE76, 0xD5F4, 0xD635, 0xD615, 0xD614, 0xD615, 0xD635, 0xD614, 0xDE35, 0xDE35, 0xD635,
  0xDE35, 0xDE35, 0xD635, 0xD635, 0xD635, 0xD615, 0xD635, 0xD635, 0xDE35, 0xD635, 0xD635, 0xDE55,
  0xDE35, 0xD635, 0xD635, 0xD635, 0xD635, 0xD635, 0xD635, 0xD615, 0xD615, 0xD615, 0xD635, 0xD635,
  0xD635, 0xD635, 0xD615, 0xD614, 0xD615, 0xD615, 0xD615, 0xDE35, 0xD635, 0xD635, 0xD635, 0xD635,
  0xDE35, 0xD614, 0xD614, 0xD614, 0xD635, 0xDE35, 0xD635, 0xD615, 0xD615, 0xD615, 0xD615, 0xD5F4,
  0xD615, 0xD614, 0xD635, 0xD615, 0xD615, 0xD614, 0xD614, 0xDE55, 0xBD52, 0x5B69, 0x854D, 0x5BA9,
  0x1943, 0x18C3, 0x18E3, 0x18E4, 0x10A2, 0x21A3, 0x74AC, 0x5B89, 0x3285, 0x1102, 0x0000, 0x0020,
  0x0020, 0x0020, 0x0020, 0x0020, 0x0020, 0x0020, 0x0020, 0x0020, 0x0020, 0x0020, 0x0020, 0x0020,
  0x0020, 0x0020, 0x0020, 0x0000, 0x0020, 0x0020, 0x0020, 0x0020, 0x0020, 0x0020, 0x0020, 0x0020,
  0x0020, 0x0000, 0x0020, 0x0020, 0x0000, 0x0020, 0x0020, 0x0020, 0x0020, 0x0000, 0x0020, 0x0020,
  0x0020, 0x0020, 0x0020, 0x0020, 0x0020, 0x0020, 0x0020, 0x0020, 0x0020, 0x0020, 0x0020, 0x0020,
  0x0020, 0x0020, 0x0020, 0x0020, 0x0020, 0x0020, 0x0020, 0x0020, 0x0020, 0x0000, 0x0020, 0x0020,
  0x0020, 0x0000, 0x5348, 0x8D4E, 0x5348, 0x10E2, 0x18C3, 0x1904, 0x0882, 0x4A27, 0x62C9, 0x1904,
  0x4287, 0x31C5, 0x2966, 0x7BAD, 0xDE55, 0xD615, 0xD635, 0xD635, 0xD614, 0xD614, 0xD5F4, 0xD614,
  0xD635, 0xD635, 0xDE35, 0xDE35, 0xDE35, 0xDE55, 0xDE35, 0xD635, 0xD635, 0xD635, 0xD635, 0xD635,
  0xDE35, 0xDE35, 0xDE35, 0xD635, 0xD615, 0xD635, 0xD615, 0xD615, 0xD614, 0xD635, 0xD615, 0xD615,
  0xD635, 0xD615, 0xD614, 0xD615, 0xD635, 0xD635, 0xD614, 0xD615, 0xD635, 0xD615, 0xD635, 0xD635,
  0xD635, 0xD635, 0xD635, 0xD614, 0xD615, 0xD614, 0xD615, 0xD635, 0xD615, 0xD615, 0xDE55, 0xDE35,
  0xD635, 0xD614, 0xD615, 0xD614, 0xD615, 0xD615, 0xD615, 0xD614, 0xD614, 0xD615, 0xD614, 0xD5F4,
  0x6B8B, 0x7CEC, 0x748C, 0x21A3, 0x10C3, 0x18E3, 0x18E3, 0x18E3, 0x10C2, 0x5388, 0x6BEB, 0x3AA6,
  0x21C4, 0x0000, 0x0020, 0x0020, 0x0020, 0x0020, 0x0020, 0x0020, 0x0020, 0x0020, 0x0020, 0x0020,
  0x0000, 0x0000, 0x0020, 0x0020, 0x0020, 0x0020, 0x0020, 0x0000, 0x0020, 0x0020, 0x0020, 0x0020,
  0x0020, 0x0020, 0x0020, 0x0020, 0x0020, 0x0020, 0x0020, 0x0020, 0x0020, 0x0020, 0x0020, 0x0020,
  0x0020, 0x0020, 0x0020, 0x0020, 0x0020, 0x0020, 0x0020, 0x0020, 0x0020, 0x0020, 0x0020, 0x0020,
  0x0020, 0x0020, 0x0020, 0x0020, 0x0020, 0x0020, 0x0020, 0x0020, 0x0020, 0x0020, 0x0000, 0x0020,
  0x0020, 0x0000, 0x0000, 0x0020, 0x0000, 0x31C5, 0x63EA, 0x5369, 0x1943, 0x10C3, 0x1904, 0x10C3,
  0x2965, 0x6B2A, 0x2124, 0x31A7, 0x2965, 0x3186, 0x5ACA, 0xCDD3, 0xD615, 0xD614, 0xD615, 0xD615,
  0xD5F4, 0xD614, 0xD615, 0xD615, 0xD635, 0xD635, 0xDE55, 0xDE55, 0xDE56, 0xDE56, 0xDE56, 0xDE35,
  0xDE55, 0xDE35, 0xDE35, 0xDE55, 0xDE35, 0xDE55, 0xDE35, 0xD635, 0xD615, 0xD635, 0xD635, 0xD615,
  0xD615, 0xD615, 0xD615, 0xD615, 0xD635, 0xD614, 0xD614, 0xD614, 0xD635, 0xD635, 0xD615, 0xD615,
  0xD615, 0xD614, 0xD635, 0xD615, 0xD635, 0xD615, 0xD615, 0xD615, 0xD615, 0xD614, 0xD615, 0xD614,
  0xD615, 0xD635, 0xD635, 0xD614, 0xD614, 0xD614, 0xD615, 0xD615, 0xD615, 0xD615, 0xD614, 0xD614,
  0xD614, 0xCDF4, 0xDE14, 0x83ED, 0x4B27, 0x6C4B, 0x3266, 0x10C2, 0x18C3, 0x18E3, 0x18E4, 0x10A2,
  0x42C6, 0x63EA, 0x42E7, 0x2A24, 0x0021, 0x0020, 0x0020, 0x0020, 0x0020, 0x0020, 0x0020, 0x0020,
  0x0020, 0x0020, 0x0020, 0x0020, 0x0000, 0x0000, 0x0020, 0x0020, 0x0020, 0x0020, 0x0020, 0x0000,
  0x0000, 0x0020, 0x0020, 0x0020, 0x0020, 0x0020, 0x0020, 0x0020, 0x0020, 0x0020, 0x0000, 0x0020,
  0x0020, 0x0020, 0x0020, 0x0020, 0x0020, 0x0020, 0x0020, 0x0020, 0x0020, 0x0020, 0x0020, 0x0020,
  0x0020, 0x0020, 0x0020, 0x0020, 0x0020, 0x0020, 0x0020, 0x0020, 0x0020, 0x0000, 0x0020, 0x0020,
  0x0020, 0x0020, 0x0000, 0x0020, 0x0020, 0x0020, 0x0021, 0x0000, 0x2143, 0x7CEC, 0x6C2B, 0x1983,
  0x10C3, 0x1904, 0x18E4, 0x18E3, 0x736B, 0x2965, 0x2965, 0x3186, 0x31C7, 0x4A48, 0xB531, 0xD614,
  0xD5F4, 0xD615, 0xD635, 0xD635, 0xD614, 0xD614, 0xD614, 0xD635, 0xDE35, 0xDE55, 0xDE55, 0xDE55,
  0xDE55, 0xDE55, 0xDE76, 0xDE55, 0xDE55, 0xDE55, 0xD635, 0xDE35, 0xDE35, 0xDE35, 0xD635, 0xD635,
  0xD635, 0xDE35, 0xD635, 0xD615, 0xD615, 0xD635, 0xD635, 0xD635, 0xD635, 0xD614, 0xD635, 0xD635,
  0xD635, 0xD615, 0xD614, 0xD615, 0xD615, 0xD614, 0xD615, 0xD635, 0xD635, 0xD615, 0xD635, 0xD635,
  0xD614, 0xD614, 0xD614, 0xD614, 0xD615, 0xD635, 0xD635, 0xD615, 0xD615, 0xD615, 0xD615, 0xD614,
  0xD5F4, 0xD5F4, 0xCDF4, 0xD5F4, 0xCDD4, 0xDE35, 0xA4AF, 0x5B69, 0x7CCC, 0x42C6, 0x1103, 0x18E4,
  0x18E3, 0x1904, 0x10A3, 0x3225, 0x7CCC, 0x4B28, 0x3265, 0x08A1, 0x0000, 0x0020, 0x0020, 0x0000,
  0x0020, 0x0020, 0x0020, 0x0000, 0x0020, 0x0020, 0x0000, 0x0000, 0x0000, 0x0000, 0x0020, 0x0020,
  0x0020, 0x0020, 0x0020, 0x0020, 0x0020, 0x0020, 0x0020, 0x0000, 0x0000, 0x0020, 0x0020, 0x0020,
  0x0020, 0x0020, 0x0020, 0x0020, 0x0020, 0x0020, 0x0020, 0x0020, 0x0020, 0x0020, 0x0020, 0x0020,
  0x0020, 0x0020, 0x0020, 0x0020, 0x0020, 0x0020, 0x0020, 0x0020, 0x0020, 0x0020, 0x0020, 0x0020,
  0x0020, 0x0020, 0x0020, 0x0020, 0x0020, 0x0020, 0x0020, 0x0020, 0x0020, 0x0020, 0x0000, 0x0861,
  0x746B, 0x852E, 0x3A66, 0x10C2, 0x1904, 0x1904, 0x0882, 0x62E9, 0x4207, 0x2125, 0x31A6, 0x3186,
  0x39E7, 0x9C6F, 0xD614, 0xCDF4, 0xD5F4, 0xD5F4, 0xD615, 0xD615, 0xD615, 0xD615, 0xD635, 0xD635,
  0xD635, 0xD635, 0xDE56, 0xDE56, 0xDE56, 0xDE55, 0xDE56, 0xDE55, 0xDE35, 0xDE55, 0xD635, 0xD635,
  0xDE55, 0xDE35, 0xD635, 0xD635, 0xD635, 0xD635, 0xD615, 0xD635, 0xD635, 0xD635, 0xDE35, 0xDE35,
  0xD635, 0xD615, 0xD635, 0xD614, 0xD635, 0xD635, 0xD635, 0xD635, 0xD635, 0xD614, 0xD614, 0xD615,
  0xD635, 0xD635, 0xD635, 0xD615, 0xD615, 0xD635, 0xD615, 0xD614, 0xD5F4, 0xD615, 0xD615, 0xD615,
  0xD635, 0xD615, 0xD615, 0xD614, 0xD614, 0xD614, 0xD5F4, 0xD5F4, 0xD615, 0xCDB3, 0x636A, 0x854D,
  0x63EA, 0x1983, 0x18C3, 0x18E4, 0x18E3, 0x18C3, 0x2143, 0x748B, 0x5BAA, 0x3285, 0x1943, 0x0000,
  0x0021, 0x0020, 0x0020, 0x0020, 0x0020, 0x0020, 0x0000, 0x0000, 0x0020, 0x0020, 0x0020, 0x0020,
  0x0020, 0x0020, 0x0020, 0x0020, 0x0020, 0x0020, 0x0020, 0x0020, 0x0020, 0x0020, 0x0020, 0x0000,
  0x0020, 0x0020, 0x0020, 0x0020, 0x0020, 0x0020, 0x0020, 0x0020, 0x0020, 0x0020, 0x0020, 0x0020,
  0x0020, 0x0020, 0x0020, 0x0020, 0x0020, 0x0020, 0x0020, 0x0020, 0x0020, 0x0020, 0x0020, 0x0020,
  0x0020, 0x0020, 0x0020, 0x0020, 0x0020, 0x0020, 0x0000, 0x0020, 0x0020, 0x0020, 0x0020, 0x0020,
  0x0020, 0x0020, 0x0000, 0x5349, 0x8D6E, 0x4B28, 0x1102, 0x1903, 0x2124, 0x10A3, 0x4A47, 0x62CA,
  0x1904, 0x31A6, 0x3186, 0x31A6, 0x7BAC, 0xD615, 0xCDF4, 0xD614, 0xD614, 0xD5F4, 0xD615, 0xD615,
  0xD615, 0xD615, 0xD615, 0xD635, 0xDE35, 0xDE35, 0xDE55, 0xDE55, 0xDE55, 0xDE35, 0xDE55, 0xDE35,
  0xD635, 0xD635, 0xDE35, 0xDE35, 0xDE35, 0xDE35, 0xD635, 0xD635, 0xD635, 0xD635, 0xD615, 0xD635,
  0xD615, 0xD635, 0xD635, 0xD635, 0xD615, 0xD614, 0xD635, 0xD635, 0xDE55, 0xDE35, 0xDE35, 0xD635,
  0xDE55, 0xD615, 0xD614, 0xD614, 0xD615, 0xD615, 0xD614, 0xD5F4, 0xD615, 0xDE35, 0xD635, 0xD635,
  0xD635, 0xD635, 0xD615, 0xD635, 0xD615, 0xD615, 0xD615, 0xD614, 0xD615, 0xD615, 0xD5F4, 0xD614,
  0xDE15, 0x73AB, 0x748B, 0x7CAC, 0x29C4, 0x1122, 0x1924, 0x18E4, 0x18E3, 0x10A2, 0x5BA9, 0x744C,
  0x3AC6, 0x2A04, 0x0000, 0x0020, 0x0020, 0x0020, 0x0020, 0x0020, 0x0020, 0x0020, 0x0020, 0x0020,
  0x0020, 0x0020, 0x0020, 0x0020, 0x0020, 0x0020, 0x0020, 0x0020, 0x0020, 0x0020, 0x0020, 0x0020,
  0x0020, 0x0020, 0x0020, 0x0020, 0x0020, 0x0020, 0x0020, 0x0020, 0x0020, 0x0020, 0x0020, 0x0020,
  0x0020, 0x0020, 0x0020, 0x0020, 0x0020, 0x0020, 0x0020, 0x0020, 0x0020, 0x0020, 0x0020, 0x0020,
  0x0020, 0x0020, 0x0020, 0x0020, 0x0020, 0x0020, 0x0020, 0x0020, 0x0020, 0x0000, 0x0000, 0x0020,
  0x0020, 0x0020, 0x0020, 0x0000, 0x0021, 0x0000, 0x31E5, 0x8D8E, 0x6C2B, 0x1983, 0x2144, 0x2143,
  0x10C3, 0x3185, 0x736B, 0x18E4, 0x3186, 0x3186, 0x31A6, 0x5ACA, 0xCDD3, 0xD5F4, 0xD614, 0xD615,
  0xD615, 0xD614, 0xD615, 0xD615, 0xD615, 0xD635, 0xD615, 0xD615, 0xDE56, 0xDE56, 0xDE35, 0xD635,
  0xD615, 0xD635, 0xD635, 0xD635, 0xD615, 0xD635, 0xDE35, 0xD635, 0xD635, 0xD635, 0xD635, 0xD635,
  0xD635, 0xD635, 0xD635, 0xDE35, 0xD635, 0xD615, 0xD635, 0xD615, 0xD615, 0xD635, 0xD635, 0xDE35,
  0xDE35, 0xDE35, 0xDE35, 0xDE55, 0xDE55, 0xD635, 0xD615, 0xD615, 0xD615, 0xD615, 0xD615, 0xD5F4,
  0xD615, 0xD615, 0xD635, 0xDE35, 0xDE35, 0xD615, 0xD615, 0xD635, 0xD615, 0xD635, 0xD635, 0xD635,
  0xD614, 0xCDF4, 0xCDD3, 0xDE35, 0x942E, 0x63EA, 0x8D2E, 0x42E7, 0x1903, 0x2184, 0x1924, 0x2104,
  0x1082, 0x42C6, 0x7CCC, 0x42E7, 0x3285, 0x0841, 0x0000, 0x0020, 0x0020, 0x0020, 0x0020, 0x0020,
  0x0020, 0x0020, 0x0020, 0x0020, 0x0020, 0x0020, 0x0020, 0x0020, 0x0020, 0x0020, 0x0020, 0x0020,
  0x0020, 0x0020, 0x0020, 0x0000, 0x0020, 0x0020, 0x0020, 0x0020, 0x0020, 0x0020, 0x0020, 0x0000,
  0x0020, 0x0020, 0x0020, 0x0020, 0x0020, 0x0020, 0x0020, 0x0020, 0x0020, 0x0020, 0x0020, 0x0020,
  0x0020, 0x0020, 0x0020, 0x0020, 0x0020, 0x0020, 0x0020, 0x0020, 0x0020, 0x0020, 0x0020, 0x0020,
  0x0020, 0x0020, 0x0020, 0x0020, 0x0020, 0x0020, 0x0020, 0x0020, 0x0000, 0x18E2, 0x850C, 0x7CCD,
  0x3225, 0x10C3, 0x18E3, 0x1923, 0x18C3, 0x7B6B, 0x2945, 0x31E6, 0x31E6, 0x3186, 0x4A69, 0xB552,
  0xD635, 0xD5F4, 0xD614, 0xD614, 0xD614, 0xD614, 0xD615, 0xD635, 0xD635, 0xD635, 0xD635, 0xD635,
  0xDE56, 0xDE55, 0xDE35, 0xD635, 0xD635, 0xD635, 0xD615, 0xD635, 0xDE55, 0xD635, 0xD635, 0xD635,
  0xD635, 0xD635, 0xD615, 0xD614, 0xD615, 0xD635, 0xDE35, 0xDE35, 0xD635, 0xD635, 0xD635, 0xD615,
  0xD615, 0xDE35, 0xDE35, 0xDE55, 0xD635, 0xD635, 0xDE35, 0xD635, 0xD635, 0xD635, 0xD615, 0xD635,
  0xD635, 0xD615, 0xD615, 0xD635, 0xD635, 0xD614, 0xD614, 0xD635, 0xD635, 0xD615, 0xD635, 0xD635,
  0xD635, 0xD635, 0xD615, 0xD635, 0xD5F4, 0xD5F4, 0xD635, 0xBD52, 0x6389, 0x854D, 0x5BA9, 0x1943,
  0x18E3, 0x1923, 0x1903, 0x18C3, 0x2163, 0x6C4A, 0x5369, 0x3285, 0x10E2, 0x0000, 0x0020, 0x0020,
  0x0020, 0x0020, 0x0020, 0x0020, 0x0020, 0x0020, 0x0020, 0x0020, 0x0020, 0x0020, 0x0020, 0x0020,
  0x0020, 0x0020, 0x0020, 0x0020, 0x0020, 0x0020, 0x0020, 0x0000, 0x0020, 0x0020, 0x0020, 0x0020,
  0x0020, 0x0020, 0x0000, 0x0000, 0x0020, 0x0020, 0x0020, 0x0000, 0x0020, 0x0020, 0x0020, 0x0020,
  0x0020, 0x0020, 0x0020, 0x0020, 0x0020, 0x0020, 0x0020, 0x0020, 0x0020, 0x0020, 0x0020, 0x0020,
  0x0020, 0x0020, 0x0020, 0x0020, 0x0020, 0x0020, 0x0020, 0x0020, 0x0020, 0x0020, 0x0020, 0x0020,
  0x0020, 0x6C2A, 0x8D4E, 0x42C7, 0x10E2, 0x18E4, 0x2124, 0x10C2, 0x62EA, 0x4A48, 0x1904, 0x4267,
  0x3A06, 0x3186, 0x9C6F, 0xDE55, 0xCDF4, 0xD614, 0xD5F4, 0xD615, 0xD635, 0xD614, 0xD614, 0xD614,
  0xD614, 0xD614, 0xD615, 0xD614, 0xD635, 0xD635, 0xD635, 0xD635, 0xD635, 0xD615, 0xD614, 0xD635,
  0xDE55, 0xD635, 0xD615, 0xD635, 0xD635, 0xDE35, 0xD635, 0xD615, 0xD615, 0xD635, 0xD635, 0xD635,
  0xD615, 0xD635, 0xD635, 0xD635, 0xD635, 0xDE35, 0xD615, 0xD615, 0xD614, 0xD635, 0xD635, 0xD615,
  0xD635, 0xD635, 0xDE35, 0xDE35, 0xD635, 0xD615, 0xD614, 0xD635, 0xD615, 0xD5F4, 0xD5F4, 0xD615,
  0xD635, 0xDE35, 0xD635, 0xD615, 0xD635, 0xD635, 0xD615, 0xD635, 0xD614, 0xD615, 0xD5F4, 0x6B6A,
  0x7CEC, 0x744B, 0x21A3, 0x18C3, 0x18E4, 0x1943, 0x1903, 0x2124, 0x5BE9, 0x5BA9, 0x32C6, 0x1983,
  0x0000, 0x0020, 0x0020, 0x0000, 0x0020, 0x0020, 0x0020, 0x0020, 0x0020, 0x0020, 0x0020, 0x0020,
  0x0020, 0x0000, 0x0020, 0x0020, 0x0020, 0x0020, 0x0020, 0x0020, 0x0020, 0x0020, 0x0020, 0x0020,
  0x0020, 0x0020, 0x0020, 0x0020, 0x0020, 0x0020, 0x0020, 0x0000, 0x0020, 0x0000, 0x0020, 0x0020,
  0x0020, 0x0020, 0x0020, 0x0020, 0x0020, 0x0020, 0x0020, 0x0020, 0x0020, 0x0020, 0x0020, 0x0020,
  0x0020, 0x0020, 0x0020, 0x0020, 0x0020, 0x0020, 0x0020, 0x0020, 0x0020, 0x0020, 0x0020, 0x0020,
  0x0020, 0x0020, 0x0021, 0x0000, 0x4AC7, 0x8D6E, 0x5BAA, 0x1923, 0x18C3, 0x2104, 0x0882, 0x41E6,
  0x62EA, 0x1904, 0x31A6, 0x2945, 0x39C7, 0x6B4B, 0xCDD3, 0xD615, 0xD615, 0xD614, 0xD614, 0xD615,
  0xD615, 0xD615, 0xD615, 0xD615, 0xD615, 0xD615, 0xD615, 0xD615, 0xD615, 0xD615, 0xD635, 0xDE55,
  0xDE35, 0xD635, 0xD614, 0xD635, 0xDE55, 0xD635, 0xD614, 0xD635, 0xD635, 0xD635, 0xD635, 0xD615,
  0xD635, 0xD615, 0xD615, 0xD615, 0xD635, 0xD635, 0xD635, 0xD614, 0xD615, 0xD635, 0xD614, 0xD615,
  0xD614, 0xD615, 0xD615, 0xD635, 0xD635, 0xD635, 0xDE55, 0xD615, 0xD615, 0xD635, 0xD614, 0xD614,
  0xD614, 0xD615, 0xD5F4, 0xD5F4, 0xD635, 0xDE55, 0xD635, 0xD614, 0xD635, 0xD635, 0xD614, 0xD614,
  0xCDD4, 0xDE35, 0x840D, 0x6C4A, 0x850D, 0x3266, 0x10C3, 0x18E4, 0x18E3, 0x2164, 0x10A2, 0x4B07,
  0x748C, 0x3AC6, 0x2A24, 0x0020, 0x0020, 0x0020, 0x0000, 0x0000, 0x0020, 0x0020, 0x0020, 0x0020,
  0x0020, 0x0020, 0x0020, 0x0020, 0x0020, 0x0020, 0x0020, 0x0020, 0x0020, 0x0020, 0x0020, 0x0020,
  0x0020, 0x0020, 0x0020, 0x0000, 0x0020, 0x0020, 0x0020, 0x0020, 0x0020, 0x0020, 0x0020, 0x0000,
  0x0000, 0x0000, 0x0020, 0x0020, 0x0020, 0x0020, 0x0020, 0x0020, 0x0020, 0x0020, 0x0020, 0x0020,
  0x0020, 0x0020, 0x0020, 0x0020, 0x0020, 0x0020, 0x0020, 0x0020, 0x0020, 0x0020, 0x0020, 0x0020,
  0x0020, 0x0020, 0x0020, 0x0020, 0x0020, 0x0021, 0x0000, 0x29A4, 0x8D6E, 0x744B, 0x21A4, 0x10C3,
  0x18E4, 0x10C3, 0x2944, 0x7B6B, 0x2124, 0x3186, 0x31A6, 0x31A6, 0x5289, 0xCDD4, 0xD635, 0xD5F4,
  0xD615, 0xD615, 0xD635, 0xD614, 0xD615, 0xD635, 0xD615, 0xD635, 0xD635, 0xD615, 0xD635, 0xD615,
  0xD615, 0xD635, 0xDE35, 0xDE35, 0xDE35, 0xDE35, 0xDE35, 0xDE35, 0xD635, 0xD615, 0xD635, 0xD635,
  0xD635, 0xD615, 0xD614, 0xD614, 0xD635, 0xD614, 0xD614, 0xD635, 0xDE35, 0xDE35, 0xD635, 0xD614,
  0xD615, 0xD615, 0xD614, 0xD614, 0xD615, 0xD615, 0xD615, 0xD615, 0xD615, 0xD635, 0xD635, 0xD635,
  0xD615, 0xD635, 0xD635, 0xD614, 0xD614, 0xDE35, 0xD615, 0xD5F4, 0xD635, 0xD635, 0xD635, 0xD615,
  0xD635, 0xD635, 0xD614, 0xCDF4, 0xDE55, 0xACD0, 0x63CA, 0x8D6E, 0x4B08, 0x10E2, 0x18C3, 0x18E3,
  0x18E3, 0x10E2, 0x3245, 0x746B, 0x4B08, 0x32A6, 0x0881, 0x0000, 0x0020, 0x0020, 0x0020, 0x0020,
  0x0020, 0x0020, 0x0020, 0x0020, 0x0020, 0x0020, 0x0020, 0x0020, 0x0020, 0x0020, 0x0020, 0x0020,
  0x0020, 0x0020, 0x0020, 0x0020, 0x0020, 0x0020, 0x0020, 0x0020, 0x0020, 0x0020, 0x0020, 0x0020,
  0x0020, 0x0020, 0x0020, 0x0020, 0x0020, 0x0000, 0x0020, 0x0020, 0x0020, 0x0020, 0x0020, 0x0000,
  0x0020, 0x0020, 0x0020, 0x0020, 0x0020, 0x0020, 0x0020, 0x0020, 0x0020, 0x0020, 0x0020, 0x0020,
  0x0020, 0x0020, 0x0020, 0x0020, 0x0020, 0x0020, 0x0020, 0x0020, 0x0020, 0x0000, 0x0861, 0x6C2A,
  0x850D, 0x3246, 0x10A2, 0x18E3, 0x18E3, 0x10C3, 0x734B, 0x3186, 0x2966, 0x3186, 0x31A6, 0x4A48,
  0xB511, 0xD614, 0xD5F4, 0xD635, 0xD635, 0xDE35, 0xDE35, 0xD635, 0xD635, 0xD615, 0xD614, 0xD635,
  0xD635, 0xDE35, 0xDE55, 0xD635, 0xDE35, 0xDE55, 0xDE35, 0xD635, 0xD615, 0xDE35, 0xDE35, 0xDE35,
  0xD635, 0xDE35, 0xD635, 0xD635, 0xD635, 0xD635, 0xD635, 0xD615, 0xD615, 0xD635, 0xD635, 0xDE35,
  0xDE35, 0xDE35, 0xD635, 0xD615, 0xD615, 0xD615, 0xD615, 0xD615, 0xD615, 0xD615, 0xD615, 0xD615,
  0xD614, 0xD635, 0xD635, 0xD635, 0xD615, 0xD614, 0xD615, 0xD635, 0xD635, 0xD635, 0xD615, 0xD615,
  0xD635, 0xD635, 0xD635, 0xD635, 0xD614, 0xD614, 0xCDF4, 0xD635, 0xC5B3, 0x636A, 0x852D, 0x6C0B,
  0x1963, 0x18C3, 0x18E4, 0x18E3, 0x10A3, 0x1923, 0x748B, 0x5BAA, 0x32A6, 0x1943, 0x0000, 0x0021,
  0x0000, 0x0020, 0x0000, 0x0020, 0x0020, 0x0020, 0x0020, 0x0020, 0x0020, 0x0020, 0x0020, 0x0020,
  0x0020, 0x0020, 0x0020, 0x0020, 0x0020, 0x0020, 0x0020, 0x0020, 0x0020, 0x0020, 0x0020, 0x0020,
  0x0020, 0x0000, 0x0020, 0x0020, 0x0020, 0x0020, 0x0020, 0x0020, 0x0020, 0x0020, 0x0020, 0x0020,
  0x0020, 0x0020, 0x0020, 0x0020, 0x0020, 0x0000, 0x0020, 0x0020, 0x0020, 0x0020, 0x0020, 0x0020,
  0x0020, 0x0020, 0x0020, 0x0020, 0x0020, 0x0020, 0x0020, 0x0020, 0x0020, 0x0020, 0x0020, 0x0020,
  0x0020, 0x0020, 0x4B07, 0x63EA, 0x42A6, 0x1923, 0x18E4, 0x1904, 0x0882, 0x5AA9, 0x4A28, 0x2125,
  0x31C7, 0x31A6, 0x39C7, 0x944F, 0xDE55, 0xCDD4, 0xD614, 0xDE55, 0xDE35, 0xDE35, 0xDE35, 0xD615,
  0xD615, 0xD635, 0xD635, 0xD635, 0xD635, 0xDE35, 0xDE55, 0xD635, 0xD615, 0xDE35, 0xD635, 0xD635,
  0xD635, 0xDE35, 0xDE35, 0xD635, 0xD615, 0xD635, 0xDE35, 0xD635, 0xD615, 0xD635, 0xD635, 0xD615,
  0xD615, 0xD635, 0xDE35, 0xD635, 0xD615, 0xD635, 0xD635, 0xD635, 0xD635, 0xD615, 0xD635, 0xD615,
  0xD615, 0xD615, 0xD615, 0xD615, 0xD635, 0xD635, 0xD614, 0xD614, 0xD614, 0xD615, 0xD615, 0xD615,
  0xD615, 0xD635, 0xD635, 0xDE35, 0xD635, 0xD615, 0xD615, 0xD615, 0xD614, 0xD614, 0xCDF4, 0xDE35,
  0x73AB, 0x74AB, 0x7C8C, 0x29E4, 0x10C3, 0x18E4, 0x18E3, 0x18E4, 0x10C2, 0x5348, 0x63EA, 0x3AC6,
  0x29E4, 0x0000, 0x0020, 0x0020, 0x0020, 0x0020, 0x0020, 0x0020, 0x0020, 0x0020, 0x0020, 0x0020,
  0x0020, 0x0020, 0x0000, 0x0020, 0x0020, 0x0020, 0x0020, 0x0020, 0x0020, 0x0020, 0x0020, 0x0020,
  0x0020, 0x0020, 0x0020, 0x0000, 0x0020, 0x0020, 0x0020, 0x0020, 0x0020, 0x0020, 0x0020, 0x0020,
  0x0020, 0x0000, 0x0020, 0x0020, 0x0000, 0x0020, 0x0020, 0x0020, 0x0020, 0x0020, 0x0020, 0x0020,
  0x0020, 0x0020, 0x0020, 0x0020, 0x0020, 0x0020, 0x0020, 0x0000, 0x0020, 0x0020, 0x0020, 0x0020,
  0x0020, 0x0020, 0x0020, 0x0021, 0x0000, 0x4286, 0x854D, 0x5369, 0x10E2, 0x18E4, 0x1904, 0x10A3,
  0x4207, 0x62C9, 0x18C4, 0x31A6, 0x2986, 0x39C7, 0x736C, 0xD614, 0xCDF4, 0xD614, 0xD615, 0xDE55,
  0xDE55, 0xD635, 0xD615, 0xD615, 0xD615, 0xD635, 0xD635, 0xD615, 0xD615, 0xDE55, 0xDE35, 0xD635,
  0xD615, 0xD635, 0xD635, 0xDE55, 0xDE35, 0xD635, 0xD635, 0xDE55, 0xDE35, 0xD635, 0xDE35, 0xD635,
  0xD615, 0xD635, 0xD635, 0xD615, 0xD635, 0xDE35, 0xD635, 0xD615, 0xD615, 0xD615, 0xD635, 0xD635,
  0xD635, 0xD614, 0xD615, 0xD615, 0xD615, 0xD614, 0xD615, 0xD615, 0xD635, 0xD635, 0xD615, 0xD614,
  0xD614, 0xD614, 0xD635, 0xD635, 0xD635, 0xDE35, 0xDE55, 0xD635, 0xD635, 0xD615, 0xD615, 0xD614,
  0xD5F4, 0xCDF4, 0xDE55, 0x8C0E, 0x5348, 0x850D, 0x3AA6, 0x10E2, 0x18E4, 0x18E3, 0x18E3, 0x1082,
  0x42C6, 0x748B, 0x42E7, 0x3265, 0x0041, 0x0000, 0x0020, 0x0020, 0x0020, 0x0020, 0x0020, 0x0020,
  0x0020, 0x0020, 0x0020, 0x0020, 0x0020, 0x0020, 0x0000, 0x0020, 0x0020, 0x0000, 0x0020, 0x0020,
  0x0020, 0x0020, 0x0020, 0x0000, 0x0020, 0x0020, 0x0020, 0x0000, 0x0020, 0x0020, 0x0020, 0x0020,
  0x0020, 0x0020, 0x0020, 0x0020, 0x0020, 0x0020, 0x0000, 0x0020, 0x0020, 0x0020, 0x0020, 0x0020,
  0x0020, 0x0020, 0x0020, 0x0020, 0x0020, 0x0020, 0x0020, 0x0020, 0x0020, 0x0020, 0x0020, 0x0020,
  0x0020, 0x0020, 0x0020, 0x0020, 0x0020, 0x0000, 0x0021, 0x0000, 0x2143, 0x852D, 0x748C, 0x2A04,
  0x1903, 0x18E4, 0x10C3, 0x2944, 0x734B, 0x2125, 0x3A26, 0x31A6, 0x31A6, 0x5268, 0xBD72, 0xD614,
  0xD614, 0xD615, 0xD615, 0xD635, 0xDE55, 0xD615, 0xD615, 0xD615, 0xD635, 0xDE35, 0xDE35, 0xD635,
  0xDE35, 0xDE35, 0xD615, 0xD635, 0xD615, 0xD615, 0xD615, 0xD635, 0xD635, 0xD635, 0xD615, 0xD635,
  0xDE55, 0xDE55, 0xD615, 0xD635, 0xDE35, 0xD635, 0xD635, 0xD635, 0xD635, 0xD635, 0xD615, 0xD615,
  0xD615, 0xD615, 0xD614, 0xD5F4, 0xD615, 0xD614, 0xD615, 0xD615, 0xD615, 0xD615, 0xD615, 0xD615,
  0xD614, 0xD615, 0xD635, 0xD635, 0xD635, 0xD635, 0xD615, 0xD635, 0xDE35, 0xDE35, 0xDE35, 0xD635,
  0xD615, 0xD615, 0xD614, 0xD615, 0xD5F4, 0xD635, 0xBD52, 0x5328, 0x63A9, 0x42C7, 0x1943, 0x18C3,
  0x18E3, 0x18E4, 0x10A3, 0x29E5, 0x748B, 0x4B48, 0x3AC6, 0x10C2, 0x0000, 0x0020, 0x0020, 0x0020,
  0x0020, 0x0020, 0x0020, 0x0020, 0x0020, 0x0020, 0x0020, 0x0020, 0x0020, 0x0020, 0x0020, 0x0020,
  0x0020, 0x0020, 0x0020, 0x0020, 0x0020, 0x0020, 0x0020, 0x0020, 0x0020, 0x0020, 0x0020, 0x0000,
  0x0020, 0x0020, 0x0020, 0x0020, 0x0020, 0x0020, 0x0020, 0x0020, 0x0020, 0x0020, 0x0020, 0x0020,
  0x0020, 0x0020, 0x0020, 0x0020, 0x0020, 0x0020, 0x0020, 0x0020, 0x0020, 0x0020, 0x0020, 0x0020,
  0x0020, 0x0020, 0x0020, 0x0000, 0x0000, 0x0020, 0x0020, 0x0020, 0x0020, 0x0020, 0x0000, 0x0881,
  0x748B, 0x850D, 0x3AA6, 0x1923, 0x1923, 0x1904, 0x10A2, 0x734B, 0x39C6, 0x2965, 0x3A46, 0x31A6,
  0x4207, 0xB511, 0xDE55, 0xCDF4, 0xD5F4, 0xD615, 0xD635, 0xD615, 0xD635, 0xDE35, 0xD635, 0xD615,
  0xD615, 0xD615, 0xD635, 0xD635, 0xD635, 0xD635, 0xD635, 0xD635, 0xD635, 0xD635, 0xD635, 0xD635,
  0xD635, 0xD635, 0xD635, 0xDE35, 0xDE35, 0xDE35, 0xD635, 0xD635, 0xD635, 0xD615, 0xD635, 0xDE35,
  0xD635, 0xD615, 0xD614, 0xD614, 0xD635, 0xD635, 0xD635, 0xD614, 0xD635, 0xD635, 0xD635, 0xD635,
  0xD635, 0xD635, 0xD635, 0xD615, 0xD615, 0xD615, 0xD635, 0xDE55, 0xDE35, 0xDE35, 0xD635, 0xD5F4,
  0xD614, 0xD635, 0xDE35, 0xD614, 0xD615, 0xD615, 0xD615, 0xD614, 0xD614, 0xCDD4, 0x638A, 0x7CEC,
  0x63EA, 0x1142, 0x10C3, 0x18E4, 0x18E4, 0x18E3, 0x1903, 0x642A, 0x63EA, 0x3AC6, 0x1983, 0x0000,
  0x0020, 0x0020, 0x0020, 0x0020, 0x0020, 0x0020, 0x0000, 0x0020, 0x0020, 0x0020, 0x0020, 0x0020,
  0x0020, 0x0020, 0x0020, 0x0020, 0x0020, 0x0020, 0x0020, 0x0020, 0x0020, 0x0020, 0x0020, 0x0020,
  0x0020, 0x0020, 0x0020, 0x0020, 0x0020, 0x0020, 0x0020, 0x0020, 0x0020, 0x0020, 0x0000, 0x0020,
  0x0020, 0x0020, 0x0020, 0x0020, 0x0020, 0x0020, 0x0020, 0x0020, 0x0020, 0x0020, 0x0020, 0x0020,
  0x0020, 0x0020, 0x0020, 0x0020, 0x0020, 0x0020, 0x0020, 0x0000, 0x0000, 0x0020, 0x0000, 0x0020,
  0x0020, 0x0021, 0x0000, 0x5B89, 0x8D6E, 0x5389, 0x1102, 0x2143, 0x2143, 0x10A3, 0x5AA9, 0x5248,
  0x1904, 0x31C7, 0x2966, 0x31C7, 0x8C0E, 0xDE55, 0xD614, 0xD615, 0xD614, 0xD614, 0xD615, 0xD635,
  0xD635, 0xDE35, 0xDE55, 0xD635, 0xD615, 0xD614, 0xD614, 0xD615, 0xD614, 0xD635, 0xD635, 0xD615,
  0xD635, 0xDE55, 0xDE35, 0xD635, 0xD615, 0xD635, 0xD635, 0xD635, 0xDE35, 0xD635, 0xD635, 0xD635,
  0xD615, 0xD635, 0xD635, 0xD635, 0xD635, 0xD635, 0xD635, 0xD615, 0xD615, 0xD635, 0xD635, 0xD635,
  0xDE35, 0xDE35, 0xD635, 0xD615, 0xD635, 0xD5F4, 0xD615, 0xD635, 0xD635, 0xD615, 0xD635, 0xDE55,
  0xD635, 0xD615, 0xD615, 0xD614, 0xD615, 0xD615, 0xD615, 0xD614, 0xD635, 0xD635, 0xD615, 0xD615,
  0xDE35, 0x7BCC, 0x6C6A, 0x84ED, 0x3225, 0x1122, 0x18E3, 0x18E3, 0x1904, 0x10A2, 0x42E6, 0x6C4B,
  0x3AC6, 0x2A24, 0x0000, 0x0020, 0x0020, 0x0020, 0x0020, 0x0020, 0x0020, 0x0020, 0x0020, 0x0020,
  0x0020, 0x0020, 0x0020, 0x0020, 0x0020, 0x0020, 0x0020, 0x0020, 0x0020, 0x0020, 0x0000, 0x0020,
  0x0020, 0x0020, 0x0020, 0x0020, 0x0020, 0x0020, 0x0020, 0x0020, 0x0020, 0x0020, 0x0020, 0x0020,
  0x0020, 0x0020, 0x0020, 0x0020, 0x0020, 0x0020, 0x0020, 0x0020, 0x0020, 0x0020, 0x0020, 0x0020,
  0x0020, 0x0020, 0x0020, 0x0020, 0x0020, 0x0020, 0x0020, 0x0020, 0x0020, 0x0020, 0x0020, 0x0020,
  0x0020, 0x0020, 0x0000, 0x0000, 0x0021, 0x0000, 0x3205, 0x8D6E, 0x6C2B, 0x21A4, 0x18E3, 0x1903,
  0x10C2, 0x41E7, 0x6B2B, 0x18E4, 0x3186, 0x2986, 0x31A6, 0x6B2B, 0xDE35, 0xD614, 0xD615, 0xD615,
  0xD614, 0xD615, 0xD615, 0xD635, 0xDE55, 0xDE35, 0xD635, 0xD635, 0xD615, 0xD615, 0xD635, 0xD635,
  0xD635, 0xD635, 0xD635, 0xD635, 0xDE35, 0xDE35, 0xD635, 0xD614, 0xD614, 0xD635, 0xD635, 0xD635,
  0xD635, 0xD615, 0xD635, 0xD615, 0xD614, 0xD635, 0xD635, 0xD635, 0xDE35, 0xDE55, 0xDE35, 0xD635,
  0xD635, 0xD635, 0xD615, 0xD635, 0xD615, 0xD615, 0xD635, 0xD635, 0xD615, 0xD614, 0xD615, 0xD635,
  0xDE55, 0xDE35, 0xD635, 0xD635, 0xD635, 0xD635, 0xD615, 0xD635, 0xD635, 0xD635, 0xD635, 0xD635,
  0xDE35, 0xD615, 0xD5F4, 0xDE55, 0xA490, 0x63EA, 0x852D, 0x42E7, 0x1903, 0x2163, 0x18E3, 0x1904,
  0x1082, 0x3225, 0x63EA, 0x42E7, 0x3285, 0x0861, 0x0000, 0x0020, 0x0020, 0x0020, 0x0020, 0x0020,
  0x0020, 0x0020, 0x0020, 0x0020, 0x0020, 0x0020, 0x0020, 0x0020, 0x0020, 0x0020, 0x0020, 0x0020,
  0x0020, 0x0020, 0x0020, 0x0020, 0x0020, 0x0020, 0x0020, 0x0020, 0x0020, 0x0020, 0x0000, 0x0000,
  0x0020, 0x0020, 0x0020, 0x0020, 0x0020, 0x0020, 0x0020, 0x0020, 0x0020, 0x0020, 0x0020, 0x0020,
  0x0020, 0x0020, 0x0020, 0x0020, 0x0020, 0x0020, 0x0020, 0x0020, 0x0020, 0x0020, 0x0020, 0x0020,
  0x0020, 0x0020, 0x0020, 0x0020, 0x0020, 0x0020, 0x0000, 0x0020, 0x0000, 0x1902, 0x850D, 0x7CCD,
  0x3225, 0x10C3, 0x1904, 0x18E3, 0x1903, 0x7B8B, 0x2145, 0x2966, 0x2986, 0x3186, 0x5269, 0xC5B3,
  0xD635, 0xD614, 0xD615, 0xD614, 0xD615, 0xDE35, 0xDE35, 0xD615, 0xD635, 0xD615, 0xD615, 0xD614,
  0xD635, 0xD635, 0xD615, 0xD635, 0xD635, 0xDE35, 0xD635, 0xDE35, 0xDE55, 0xDE35, 0xDE35, 0xD615,
  0xD615, 0xD615, 0xDE35, 0xD635, 0xD614, 0xD614, 0xD615, 0xD615, 0xD615, 0xD615, 0xD635, 0xD635,
  0xD635, 0xDE55, 0xDE56, 0xD635, 0xD635, 0xD635, 0xDE35, 0xD635, 0xD615, 0xD635, 0xD635, 0xD615,
  0xD615, 0xD614, 0xD614, 0xD635, 0xD635, 0xD615, 0xD635, 0xD635, 0xD635, 0xDE35, 0xDE35, 0xD635,
  0xD615, 0xD635, 0xD615, 0xD635, 0xD635, 0xD5F4, 0xD635, 0xBD73, 0x5B69, 0x8D4E, 0x5BCA, 0x1922,
  0x1903, 0x2183, 0x1904, 0x18C3, 0x2184, 0x748B, 0x5B89, 0x3AA6, 0x1922, 0x0000, 0x0020, 0x0020,
  0x0020, 0x0020, 0x0020, 0x0020, 0x0020, 0x0020, 0x0020, 0x0020, 0x0020, 0x0020, 0x0000, 0x0020,
  0x0020, 0x0020, 0x0020, 0x0020, 0x0020, 0x0020, 0x0020, 0x0020, 0x0020, 0x0020, 0x0020, 0x0000,
  0x0000, 0x0020, 0x0000, 0x0000, 0x0020, 0x0020, 0x0020, 0x0020, 0x0020, 0x0020, 0x0020, 0x0020,
  0x0020, 0x0020, 0x0020, 0x0000, 0x0020, 0x0020, 0x0020, 0x0020, 0x0000, 0x0020, 0x0020, 0x0020,
  0x0020, 0x0020, 0x0020, 0x0020, 0x0020, 0x0020, 0x0020, 0x0020, 0x0020, 0x0020, 0x0020, 0x0000,
  0x0040, 0x6C4B, 0x8D4E, 0x42C7, 0x10E2, 0x18E3, 0x1904, 0x10C3, 0x6AE9, 0x31A6, 0x2945, 0x31A6,
  0x3186, 0x4207, 0xAD11, 0xDE55, 0xD615, 0xD615, 0xD615, 0xD615, 0xD635, 0xDE35, 0xDE35, 0xD635,
  0xD615, 0xD615, 0xD615, 0xD635, 0xDE35, 0xD635, 0xD635, 0xD635, 0xD635, 0xDE35, 0xD635, 0xDE35,
  0xDE56, 0xDE55, 0xDE35, 0xDE55, 0xD615, 0xD635, 0xD635, 0xD5F4, 0xD614, 0xD635, 0xD615, 0xD615,
  0xD635, 0xD615, 0xD635, 0xD635, 0xD635, 0xDE35, 0xDE55, 0xD635, 0xD635, 0xDE35, 0xDE35, 0xDE35,
  0xD635, 0xDE35, 0xD635, 0xD615, 0xD615, 0xD615, 0xD615, 0xD635, 0xD615, 0xD615, 0xD635, 0xD635,
  0xD635, 0xDE35, 0xDE35, 0xD615, 0xD614, 0xD615, 0xD635, 0xD635, 0xD615, 0xD614, 0xD5F4, 0x6B6A,
  0x7CEC, 0x748C, 0x29E4, 0x18E3, 0x10C3, 0x1963, 0x2104, 0x18E3, 0x640A, 0x6C2B, 0x3AA6, 0x21C4,
  0x0000, 0x0021, 0x0020, 0x0000, 0x0020, 0x0020, 0x0020, 0x0020, 0x0020, 0x0020, 0x0020, 0x0020,
  0x0020, 0x0000, 0x0020, 0x0020, 0x0020, 0x0020, 0x0020, 0x0020, 0x0020, 0x0020, 0x0000, 0x0020,
  0x0020, 0x0020, 0x0020, 0x0000, 0x0020, 0x0020, 0x0020, 0x0000, 0x0020, 0x0020, 0x0020, 0x0020,
  0x0020, 0x0020, 0x0020, 0x0020, 0x0020, 0x0020, 0x0020, 0x0020, 0x0020, 0x0020, 0x0020, 0x0020,
  0x0020, 0x0020, 0x0020, 0x0020, 0x0020, 0x0020, 0x0000, 0x0020, 0x0020, 0x0020, 0x0020, 0x0020,
  0x0020, 0x0000, 0x0020, 0x0000, 0x5328, 0x8D8E, 0x5369, 0x1923, 0x18C3, 0x1904, 0x0882, 0x5A88,
  0x5A89, 0x18E4, 0x31A6, 0x31A6, 0x31A6, 0x8BED, 0xDE35, 0xD614, 0xD635, 0xD615, 0xD615, 0xDE35,
  0xDE35, 0xD635, 0xD635, 0xD635, 0xD635, 0xD615, 0xD615, 0xD635, 0xD635, 0xD635, 0xD615, 0xDE35,
  0xDE55, 0xDE35, 0xDE35, 0xDE55, 0xD635, 0xDE35, 0xDE35, 0xD635, 0xD635, 0xD635, 0xD635, 0xD614,
  0xD615, 0xD635, 0xD615, 0xD635, 0xD635, 0xDE35, 0xD635, 0xD615, 0xD635, 0xD635, 0xD635, 0xD635,
  0xD635, 0xD635, 0xD635, 0xD635, 0xD615, 0xD635, 0xD635, 0xD635, 0xD615, 0xD614, 0xD614, 0xD635,
  0xD635, 0xD615, 0xD635, 0xDE35, 0xD635, 0xD615, 0xD615, 0xD635, 0xD615, 0xD615, 0xD635, 0xD614,
  0xCDD3, 0xDE55, 0x83ED, 0x6C4A, 0x850D, 0x3A86, 0x10E3, 0x18E4, 0x1904, 0x1923, 0x1082, 0x4B07,
  0x748C, 0x42C7, 0x2A45, 0x0020, 0x0000, 0x0020, 0x0020, 0x0000, 0x0020, 0x0020, 0x0000, 0x0020,
  0x0020, 0x0020, 0x0020, 0x0020, 0x0020, 0x0000, 0x0020, 0x0000, 0x0020, 0x0020, 0x0020, 0x0020,
  0x0020, 0x0020, 0x0020, 0x0020, 0x0020, 0x0020, 0x0020, 0x0020, 0x0020, 0x0020, 0x0020, 0x0000,
  0x0020, 0x0020, 0x0020, 0x0020, 0x0020, 0x0020, 0x0000, 0x0020, 0x0020, 0x0020, 0x0020, 0x0020,
  0x0020, 0x0020, 0x0020, 0x0020, 0x0020, 0x0020, 0x0020, 0x0020, 0x0020, 0x0020, 0x0020, 0x0020,
  0x0020, 0x0020, 0x0020, 0x0020, 0x0020, 0x0021, 0x0000, 0x31C5, 0x958E, 0x744B, 0x21A4, 0x18C3,
  0x2104, 0x10A3, 0x31A5, 0x6B0A, 0x18E4, 0x42A7, 0x29A5, 0x31A6, 0x6B2B, 0xD5F4, 0xD5F4, 0xD614,
  0xD614, 0xD615, 0xD635, 0xD635, 0xD635, 0xD635, 0xD635, 0xD635, 0xD635, 0xD635, 0xD615, 0xD614,
  0xD615, 0xD615, 0xD615, 0xD635, 0xD615, 0xD635, 0xD635, 0xD635, 0xD635, 0xD635, 0xD635, 0xD635,
  0xDE35, 0xDE35, 0xD635, 0xD615, 0xD635, 0xD635, 0xD615, 0xD635, 0xD635, 0xD635, 0xD615, 0xD615,
  0xD635, 0xD635, 0xD635, 0xD635, 0xD615, 0xD615, 0xD635, 0xD635, 0xD635, 0xD635, 0xD635, 0xD635,
  0xD615, 0xD615, 0xDE35, 0xDE35, 0xD615, 0xD635, 0xDE35, 0xD635, 0xD635, 0xD614, 0xD614, 0xD635,
  0xD635, 0xD615, 0xD614, 0xD615, 0xDE35, 0xACF1, 0x63AA, 0x8D4E, 0x5348, 0x1923, 0x18C3, 0x18E3,
  0x1904, 0x1902, 0x3205, 0x7CAC, 0x4B28, 0x3285, 0x08A2, 0x0000, 0x0020, 0x0020, 0x0020, 0x0020,
  0x0000, 0x0020, 0x0000, 0x0020, 0x0020, 0x0020, 0x0020, 0x0020, 0x0020, 0x0020, 0x0000, 0x0000,
  0x0020, 0x0020, 0x0020, 0x0020, 0x0020, 0x0020, 0x0020, 0x0020, 0x0020, 0x0020, 0x0020, 0x0020,
  0x0020, 0x0020, 0x0020, 0x0020, 0x0020, 0x0020, 0x0020, 0x0020, 0x0020, 0x0000, 0x0020, 0x0000,
  0x0000, 0x0020, 0x0020, 0x0020, 0x0020, 0x0020, 0x0020, 0x0020, 0x0020, 0x0020, 0x0020, 0x0020,
  0x0020, 0x0020, 0x0020, 0x0020, 0x0020, 0x0020, 0x0020, 0x0000, 0x0020, 0x0000, 0x10C2, 0x7CEC,
  0x84ED, 0x3266, 0x10C3, 0x1904, 0x18E3, 0x18E3, 0x734B, 0x2945, 0x2966, 0x31C5, 0x31A6, 0x4A69,
  0xC592, 0xD614, 0xCDF4, 0xD5F4, 0xD615, 0xD635, 0xD635, 0xD615, 0xD615, 0xD635, 0xD615, 0xD614,
  0xD5F4, 0xD614, 0xD615, 0xD615, 0xD615, 0xD615, 0xD615, 0xD615, 0xD615, 0xD635, 0xD614, 0xD614,
  0xD615, 0xD615, 0xD635, 0xD635, 0xDE35, 0xD635, 0xD615, 0xD615, 0xDE35, 0xD635, 0xD635, 0xD635,
  0xD615, 0xD635, 0xD615, 0xD615, 0xD635, 0xD635, 0xD635, 0xD635, 0xD615, 0xD635, 0xD635, 0xD615,
  0xD615, 0xD614, 0xD615, 0xD614, 0xD615, 0xDE35, 0xDE55, 0xD635, 0xD635, 0xD635, 0xD615, 0xD614,
  0xD614, 0xD615, 0xD615, 0xD615, 0xD635, 0xD615, 0xD615, 0xD635, 0xC593, 0x6369, 0x852D, 0x640A,
  0x1983, 0x18C3, 0x18E3, 0x18E3, 0x10C3, 0x2163, 0x6C6B, 0x5BAA, 0x3285, 0x1943, 0x0000, 0x0020,
  0x0020, 0x0020, 0x0020, 0x0020, 0x0020, 0x0020, 0x0020, 0x0020, 0x0020, 0x0020, 0x0020, 0x0020,
  0x0020, 0x0020, 0x0020, 0x0020, 0x0020, 0x0020, 0x0020, 0x0020, 0x0020, 0x0020, 0x0020, 0x0000,
  0x0020, 0x0020, 0x0020, 0x0020, 0x0000, 0x0020, 0x0020, 0x0020, 0x0020, 0x0020, 0x0020, 0x0020,
  0x0020, 0x0020, 0x0020, 0x0020, 0x0020, 0x0020, 0x0020, 0x0020, 0x0020, 0x0020, 0x0020, 0x0020,
  0x0020, 0x0020, 0x0020, 0x0020, 0x0020, 0x0020, 0x0020, 0x0020, 0x0020, 0x0020, 0x0020, 0x0020,
  0x0020, 0x0020, 0x63EA, 0x8D4E, 0x4B07, 0x1103, 0x18E4, 0x1904, 0x10A2, 0x6B0A, 0x41E7, 0x2145,
  0x3186, 0x2986, 0x39E7, 0xACF1, 0xDE55, 0xD635, 0xD635, 0xD614, 0xD614, 0xD614, 0xD614, 0xD614,
  0xD615, 0xD635, 0xD635, 0xD614, 0xD614, 0xD615, 0xD614, 0xD615, 0xD635, 0xD635, 0xD615, 0xD615,
  0xD635, 0xD635, 0xD635, 0xD635, 0xD615, 0xD615, 0xD615, 0xD635, 0xD615, 0xD635, 0xDE35, 0xDE55,
  0xDE35, 0xDE35, 0xD615, 0xD615, 0xD635, 0xD615, 0xD635, 0xD635, 0xD615, 0xD635, 0xD635, 0xD635,
  0xD635, 0xD615, 0xD615, 0xD615, 0xD614, 0xCDF4, 0xD614, 0xD615, 0xD635, 0xDE35, 0xD635, 0xD635,
  0xD635, 0xD615, 0xD614, 0xD614, 0xD614, 0xD615, 0xD635, 0xD615, 0xD614, 0xD614, 0xD5F4, 0xDE35,
  0x73AC, 0x7CCC, 0x7CAC, 0x29E4, 0x10C3, 0x18E4, 0x18E3, 0x18E3, 0x0882, 0x5388, 0x744B, 0x3AC6,
  0x2A04, 0x0000, 0x0020, 0x0020, 0x0020, 0x0020, 0x0020, 0x0020, 0x0020, 0x0020, 0x0020, 0x0020,
  0x0020, 0x0020, 0x0020, 0x0020, 0x0020, 0x0020, 0x0020, 0x0020, 0x0020, 0x0020, 0x0020, 0x0020,
  0x0020, 0x0020, 0x0000, 0x0000, 0x0020, 0x0020, 0x0020, 0x0020, 0x0020, 0x0020, 0x0020, 0x0020,
  0x0020, 0x0020, 0x0020, 0x0000, 0x0020, 0x0020, 0x0020, 0x0020, 0x0020, 0x0020, 0x0020, 0x0020,
  0x0020, 0x0020, 0x0020, 0x0020, 0x0020, 0x0020, 0x0020, 0x0020, 0x0020, 0x0020, 0x0020, 0x0020,
  0x0020, 0x0020, 0x0020, 0x0021, 0x0000, 0x42A7, 0x8D6E, 0x5BAA, 0x1943, 0x18C3, 0x2124, 0x10A3,
  0x5268, 0x5A89, 0x1904, 0x31A6, 0x2986, 0x31C6, 0x83CD, 0xDE35, 0xD615, 0xDE35, 0xD615, 0xD635,
  0xD635, 0xD635, 0xD614, 0xD5F4, 0xD615, 0xD614, 0xD615, 0xD635, 0xD615, 0xD614, 0xD614, 0xD615,
  0xD635, 0xDE35, 0xD635, 0xD635, 0xD614, 0xD635, 0xD615, 0xD635, 0xD635, 0xD615, 0xD635, 0xD635,
  0xD614, 0xD615, 0xD635, 0xD635, 0xD635, 0xD635, 0xD615, 0xD614, 0xD635, 0xDE35, 0xDE35, 0xD635,
  0xD635, 0xD615, 0xD635, 0xD635, 0xD614, 0xD615, 0xD635, 0xD615, 0xD5F4, 0xD614, 0xD635, 0xD615,
  0xD615, 0xD615, 0xD615, 0xD614, 0xD635, 0xD635, 0xD615, 0xD614, 0xD635, 0xD615, 0xD615, 0xD635,
  0xD615, 0xCDF4, 0xDE35, 0x9CB0, 0x63E9, 0x8D4E, 0x42A6, 0x10C2, 0x18E4, 0x18E3, 0x1904, 0x10A3,
  0x3A86, 0x6C4B, 0x42E7, 0x3285, 0x0861, 0x0000, 0x0020, 0x0020, 0x0020, 0x0020, 0x0020, 0x0020,
  0x0020, 0x0020, 0x0020, 0x0020, 0x0020, 0x0020, 0x0020, 0x0020, 0x0020, 0x0020, 0x0020, 0x0020,
  0x0020, 0x0020, 0x0000, 0x0020, 0x0020, 0x0020, 0x0020, 0x0020, 0x0020, 0x0020, 0x0020, 0x0020,
  0x0020, 0x0020, 0x0020, 0x0000, 0x0020, 0x0020, 0x0020, 0x0020, 0x0020, 0x0020, 0x0020, 0x0020,
  0x0020, 0x0020, 0x0020, 0x0020, 0x0020, 0x0000, 0x0020, 0x0020, 0x0020, 0x0020, 0x0020, 0x0020,
  0x0020, 0x0020, 0x0020, 0x0020, 0x0020, 0x0000, 0x0000, 0x0000, 0x29C4, 0x8D6E, 0x6C4B, 0x21C4,
  0x10C3, 0x1904, 0x10C3, 0x39A6, 0x734B, 0x1904, 0x31A6, 0x3186, 0x31A6, 0x6B0B, 0xD635, 0xD614,
  0xD615, 0xDE35, 0xDE35, 0xDE56, 0xDE35, 0xDE35, 0xD5F4, 0xD5F4, 0xD614, 0xD615, 0xD615, 0xD615,
  0xD615, 0xD5F4, 0xCDF4, 0xD614, 0xD635, 0xD635, 0xD635, 0xD635, 0xD615, 0xD635, 0xD635, 0xD635,
  0xD615, 0xD614, 0xD615, 0xD635, 0xD635, 0xD614, 0xD635, 0xD635, 0xD635, 0xDE35, 0xDE35, 0xD635,
  0xD615, 0xDE55, 0xDE55, 0xDE35, 0xD635, 0xD635, 0xD615, 0xD615, 0xD615, 0xD615, 0xD635, 0xD615,
  0xD635, 0xD635, 0xD614, 0xD615, 0xD615, 0xD615, 0xD615, 0xD614, 0xD615, 0xD635, 0xD614, 0xD635,
  0xD635, 0xD615, 0xD615, 0xD615, 0xD635, 0xDE55, 0xB511, 0x4AC8, 0x748B, 0x5369, 0x1943, 0x18C3,
  0x18E3, 0x18E3, 0x10A3, 0x29C5, 0x7CCC, 0x5369, 0x3285, 0x10E2, 0x0000, 0x0021, 0x0020, 0x0020,
  0x0020, 0x0020, 0x0020, 0x0020, 0x0020, 0x0020, 0x0020, 0x0020, 0x0020, 0x0020, 0x0020, 0x0020,
  0x0020, 0x0020, 0x0020, 0x0020, 0x0020, 0x0020, 0x0020, 0x0020, 0x0020, 0x0020, 0x0020, 0x0020,
  0x0020, 0x0020, 0x0020, 0x0020, 0x0020, 0x0020, 0x0020, 0x0000, 0x0020, 0x0020, 0x0020, 0x0020,
  0x0020, 0x0020, 0x0020, 0x0020, 0x0020, 0x0020, 0x0020, 0x0020, 0x0020, 0x0020, 0x0020, 0x0020,
  0x0020, 0x0020, 0x0020, 0x0020, 0x0000, 0x0020, 0x0020, 0x0020, 0x0000, 0x0882, 0x31E6, 0x10C2,
  0x5B89, 0x7CCC, 0x3A86, 0x10E3, 0x1904, 0x18E3, 0x2103, 0x7B6B, 0x2945, 0x3186, 0x3186, 0x3186,
  0x4A28, 0xC593, 0xDE35, 0xD615, 0xD614, 0xD614, 0xD615, 0xD615, 0xD615, 0xD615, 0xD614, 0xD614,
  0xD5F4, 0xD5F4, 0xD635, 0xD615, 0xD5F4, 0xD5F4, 0xD5F4, 0xD615, 0xD635, 0xD635, 0xD615, 0xD615,
  0xD614, 0xD635, 0xD635, 0xD614, 0xD5F4, 0xD5F4, 0xD614, 0xDE55, 0xD635, 0xD615, 0xD614, 0xD635,
  0xDE55, 0xD635, 0xD614, 0xD615, 0xD635, 0xD635, 0xD635, 0xD635, 0xD635, 0xD615, 0xD614, 0xD5F4,
  0xD635, 0xDE35, 0xD635, 0xD635, 0xD635, 0xD615, 0xD614, 0xD635, 0xD635, 0xD615, 0xD635, 0xD635,
  0xD635, 0xD614, 0xD615, 0xD615, 0xD635, 0xD635, 0xD615, 0xD614, 0xD614, 0xD5F4, 0x6B6A, 0x640A,
  0x5348, 0x21A3, 0x10C3, 0x18E4, 0x18E3, 0x18C3, 0x18E3, 0x6C4A, 0x6C2B, 0x32A6, 0x2183, 0x0000,
  0x0020, 0x0020, 0x0020, 0x0020, 0x0020, 0x0020, 0x0020, 0x0020, 0x0020, 0x0020, 0x0020, 0x0020,
  0x0020, 0x0020, 0x0020, 0x0020, 0x0020, 0x0020, 0x0020, 0x0020, 0x0020, 0x0020, 0x0020, 0x0020,
  0x0020, 0x0020, 0x0020, 0x0020, 0x0020, 0x0020, 0x0020, 0x0020, 0x0020, 0x0020, 0x0020, 0x0020,
  0x0020, 0x0020, 0x0020, 0x0020, 0x0020, 0x0020, 0x0020, 0x0020, 0x0020, 0x0020, 0x0020, 0x0020,
  0x0020, 0x0020, 0x0000, 0x0020, 0x0020, 0x0020, 0x0020, 0x0020, 0x0020, 0x0020, 0x0000, 0x0020,
  0x0000, 0x5B69, 0x8D4E, 0x7CCD, 0x6C0A, 0x4B07, 0x1103, 0x18E4, 0x1904, 0x10A3, 0x6AEA, 0x39E7,
  0x2965, 0x39C7, 0x31A6, 0x39E7, 0xA48F, 0xDE35, 0xD614, 0xD615, 0xD615, 0xD615, 0xD635, 0xD614,
  0xD614, 0xD615, 0xD615, 0xD5F4, 0xD615, 0xD635, 0xD614, 0xD615, 0xD615, 0xD614, 0xD615, 0xD635,
  0xD635, 0xD615, 0xD635, 0xD635, 0xD635, 0xDE35, 0xD614, 0xCDF4, 0xD635, 0xD615, 0xD615, 0xD635,
  0xD635, 0xD635, 0xD635, 0xDE35, 0xDE55, 0xD635, 0xD614, 0xD615, 0xDE35, 0xD635, 0xD615, 0xD635,
  0xD635, 0xD615, 0xD5F4, 0xD5F4, 0xD635, 0xDE55, 0xD635, 0xD615, 0xD615, 0xD635, 0xD635, 0xDE35,
  0xD635, 0xD635, 0xDE35, 0xD635, 0xD615, 0xD614, 0xD614, 0xD615, 0xD615, 0xD615, 0xD635, 0xD615,
  0xDE76, 0x83CC, 0x6C4A, 0x850D, 0x3265, 0x10C2, 0x1904, 0x18E3, 0x18E4, 0x10C3, 0x42E7, 0x6C2B,
  0x42E7, 0x2A45, 0x0021, 0x0020, 0x0020, 0x0020, 0x0020, 0x0020, 0x0020, 0x0020, 0x0020, 0x0020,
  0x0020, 0x0020, 0x0020, 0x0000, 0x0020, 0x0020, 0x0020, 0x0020, 0x0020, 0x0020, 0x0020, 0x0020,
  0x0020, 0x0020, 0x0020, 0x0020, 0x0020, 0x0020, 0x0020, 0x0020, 0x0020, 0x0020, 0x0020, 0x0000,
  0x0020, 0x0020, 0x0020, 0x0020, 0x0000, 0x0020, 0x0020, 0x0020, 0x0020, 0x0020, 0x0020, 0x0020,
  0x0020, 0x0020, 0x0020, 0x0020, 0x0020, 0x0020, 0x0020, 0x0020, 0x0020, 0x0020, 0x0020, 0x0020,
  0x0020, 0x0020, 0x0020, 0x0000, 0x4A87, 0x8D4E, 0x748B, 0x7CCC, 0x8D4E, 0x5328, 0x10A2, 0x2125,
  0x10A3, 0x5248, 0x5AA9, 0x18C4, 0x4287, 0x3206, 0x2966, 0x7BAD, 0xDE55, 0xD5F4, 0xD615, 0xD615,
  0xD615, 0xD635, 0xD635, 0xD615, 0xD614, 0xD635, 0xD615, 0xD614, 0xD615, 0xD615, 0xD614, 0xD615,
  0xD635, 0xD635, 0xD635, 0xD615, 0xD635, 0xD635, 0xD635, 0xD615, 0xD635, 0xD635, 0xD614, 0xD615,
  0xD635, 0xD615, 0xD615, 0xD614, 0xD635, 0xDE35, 0xDE35, 0xD635, 0xD635, 0xD635, 0xD615, 0xD635,
  0xD615, 0xD615, 0xD615, 0xD635, 0xD635, 0xD615, 0xD614, 0xD614, 0xD614, 0xD635, 0xD635, 0xD635,
  0xD635, 0xD615, 0xD615, 0xD614, 0xD635, 0xD615, 0xD635, 0xD615, 0xD614, 0xD615, 0xD614, 0xD614,
  0xD615, 0xCDF4, 0xD5F4, 0xDE76, 0xACD1, 0x63CA, 0x8D2D, 0x4B07, 0x1142, 0x1903, 0x18E4, 0x1904,
  0x1082, 0x3A86, 0x7CCC, 0x4B07, 0x3285, 0x08A1, 0x0000, 0x0020, 0x0020, 0x0020, 0x0020, 0x0020,
  0x0020, 0x0020, 0x0020, 0x0000, 0x0000, 0x0020, 0x0020, 0x0020, 0x0000, 0x0020, 0x0020, 0x0020,
  0x0020, 0x0020, 0x0020, 0x0020, 0x0020, 0x0020, 0x0020, 0x0020, 0x0020, 0x0000, 0x0000, 0x0000,
  0x0020, 0x0020, 0x0020, 0x0020, 0x0020, 0x0020, 0x0020, 0x0020, 0x0020, 0x0020, 0x0020, 0x0020,
  0x0020, 0x0020, 0x0020, 0x0020, 0x0020, 0x0020, 0x0020, 0x0020, 0x0020, 0x0020, 0x0020, 0x0020,
  0x0020, 0x0000, 0x0020, 0x0020, 0x0020, 0x0020, 0x0000, 0x0841, 0x63AA, 0x7CAD, 0x8D0E, 0x850D,
  0x6C0B, 0x32A6, 0x2124, 0x18E4, 0x3185, 0x6B0A, 0x2104, 0x31A6, 0x2965, 0x3186, 0x5268, 0xC593,
  0xD615, 0xD614, 0xD614, 0xD615, 0xD615, 0xD615, 0xD615, 0xD615, 0xD635, 0xD615, 0xD614, 0xD615,
  0xD5F4, 0xD614, 0xD635, 0xD615, 0xD635, 0xD635, 0xD635, 0xD635, 0xD615, 0xD635, 0xD635, 0xD615,
  0xD635, 0xD615, 0xD614, 0xD615, 0xD635, 0xD615, 0xD615, 0xD635, 0xD635, 0xDE55, 0xD635, 0xD635,
  0xDE35, 0xDE55, 0xD635, 0xD615, 0xD615, 0xD615, 0xD635, 0xD635, 0xD615, 0xD614, 0xD615, 0xD635,
  0xD615, 0xD614, 0xD615, 0xD635, 0xD635, 0xD615, 0xD615, 0xD615, 0xD615, 0xD5F4, 0xD614, 0xD614,
  0xD615, 0xD614, 0xD615, 0xD614, 0xD635, 0xD614, 0xD635, 0xC593, 0x5B69, 0x854D, 0x63EA, 0x1963,
  0x2164, 0x1923, 0x18E4, 0x10C3, 0x2164, 0x6C6B, 0x5BCA, 0x3AC6, 0x1923, 0x0000, 0x0021, 0x0020,
  0x0020, 0x0020, 0x0020, 0x0020, 0x0020, 0x0020, 0x0020, 0x0000, 0x0020, 0x0020, 0x0020, 0x0000,
  0x0020, 0x0020, 0x0020, 0x0020, 0x0020, 0x0020, 0x0020, 0x0020, 0x0020, 0x0020, 0x0020, 0x0020,
  0x0020, 0x0020, 0x0020, 0x0000, 0x0020, 0x0020, 0x0020, 0x0020, 0x0020, 0x0020, 0x0020, 0x0000,
  0x0020, 0x0020, 0x0020, 0x0020, 0x0020, 0x0020, 0x0020, 0x0020, 0x0020, 0x0020, 0x0020, 0x0020,
  0x0020, 0x0020, 0x0020, 0x0020, 0x0020, 0x0020, 0x0000, 0x0020, 0x0020, 0x0020, 0x0000, 0x0881,
  0x4307, 0x42E7, 0x5B89, 0x63CA, 0x3265, 0x3285, 0x1923, 0x18E3, 0x732B, 0x2945, 0x2965, 0x3186,
  0x2986, 0x4207, 0xB531, 0xD614, 0xCDD4, 0xD614, 0xD614, 0xD614, 0xD614, 0xD5F4, 0xD5F4, 0xD614,
  0xD614, 0xD5F4, 0xD615, 0xD635, 0xD615, 0xD614, 0xD615, 0xD635, 0xD635, 0xD635, 0xD635, 0xD635,
  0xD635, 0xD615, 0xD615, 0xD615, 0xD615, 0xD615, 0xD615, 0xD635, 0xD615, 0xD615, 0xD615, 0xD635,
  0xD635, 0xD635, 0xD615, 0xD635, 0xDE35, 0xD635, 0xD615, 0xD5F4, 0xD615, 0xD635, 0xD635, 0xD635,
  0xD614, 0xD614, 0xD615, 0xD635, 0xD615, 0xD615, 0xD615, 0xD635, 0xD635, 0xD635, 0xD635, 0xD635,
  0xD635, 0xD614, 0xD614, 0xCDF4, 0xD5F4, 0xD635, 0xDE35, 0xD635, 0xD614, 0xD5F4, 0xD615, 0x7BCC,
  0x74AB, 0x7CAC, 0x2A05, 0x10E3, 0x2163, 0x1903, 0x18E4, 0x10C2, 0x63E9, 0x6C2B, 0x3AA6, 0x21E4,
  0x0000, 0x0020, 0x0020, 0x0020, 0x0020, 0x0020, 0x0020, 0x0020, 0x0020, 0x0020, 0x0020, 0x0020,
  0x0020, 0x0020, 0x0020, 0x0020, 0x0020, 0x0020, 0x0020, 0x0020, 0x0020, 0x0020, 0x0020, 0x0020,
  0x0020, 0x0020, 0x0020, 0x0020, 0x0020, 0x0020, 0x0020, 0x0020, 0x0020, 0x0020, 0x0020, 0x0020,
  0x0020, 0x0020, 0x0020, 0x0020, 0x0020, 0x0020, 0x0020, 0x0020, 0x0020, 0x0020, 0x0020, 0x0020,
  0x0020, 0x0020, 0x0020, 0x0020, 0x0020, 0x0020, 0x0020, 0x0020, 0x0020, 0x0000, 0x0020, 0x0020,
  0x0020, 0x0020, 0x0000, 0x0861, 0x4B48, 0x4B48, 0x4327, 0x5368, 0x3AC6, 0x3265, 0x0882, 0x6AEA,
  0x41E7, 0x2145, 0x31A6, 0x31A6, 0x31A6, 0x9C6F, 0xDE55, 0xCDD4, 0xCDF4, 0xD615, 0xD615, 0xD615,
  0xD614, 0xD614, 0xD614, 0xD614, 0xD614, 0xD614, 0xD5F4, 0xD614, 0xD615, 0xD635, 0xD635, 0xD635,
  0xD635, 0xD615, 0xDE35, 0xD635, 0xD635, 0xD635, 0xD615, 0xD635, 0xD614, 0xD614, 0xD615, 0xD635,
  0xD635, 0xD615, 0xD635, 0xDE35, 0xD635, 0xD635, 0xD615, 0xDE35, 0xD635, 0xD615, 0xD635, 0xD615,
  0xD635, 0xDE35, 0xD635, 0xD615, 0xD615, 0xD615, 0xD635, 0xD615, 0xD635, 0xD635, 0xD635, 0xD615,
  0xD615, 0xD615, 0xD614, 0xD615, 0xD615, 0xD635, 0xD615, 0xD615, 0xD615, 0xDE55, 0xDE35, 0xD614,
  0xD5F4, 0xDE56, 0x8C0D, 0x6C2A, 0x8D2E, 0x3A86, 0x18E3, 0x18E4, 0x1923, 0x2164, 0x1083, 0x42C7,
  0x7CAC, 0x42E7, 0x2A45, 0x0041, 0x0000, 0x0020, 0x0020, 0x0020, 0x0020, 0x0020, 0x0020, 0x0020,
  0x0020, 0x0020, 0x0020, 0x0020, 0x0020, 0x0020, 0x0020, 0x0020, 0x0020, 0x0020, 0x0020, 0x0020,
  0x0020, 0x0020, 0x0020, 0x0020, 0x0020, 0x0020, 0x0020, 0x0020, 0x0020, 0x0020, 0x0020, 0x0020,
  0x0000, 0x0020, 0x0020, 0x0020, 0x0020, 0x0020, 0x0020, 0x0020, 0x0020, 0x0020, 0x0020, 0x0000,
  0x0020, 0x0020, 0x0020, 0x0000, 0x0020, 0x0020, 0x0000, 0x0020, 0x0020, 0x0020, 0x0020, 0x0020,
  0x0000, 0x0020, 0x0000, 0x0020, 0x0020, 0x0020, 0x0020, 0x0861, 0x4307, 0x4B48, 0x4B47, 0x5368,
  0x42E6, 0x2A24, 0x4A47, 0x62CA, 0x1904, 0x31A7, 0x31A6, 0x2986, 0x736C, 0xDE35, 0xD614, 0xD614,
  0xD614, 0xD635, 0xDE35, 0xD614, 0xD615, 0xD615, 0xD614, 0xD5F4, 0xD614, 0xD615, 0xD614, 0xD614,
  0xD614, 0xD614, 0xD635, 0xD614, 0xD615, 0xD614, 0xD635, 0xD635, 0xD635, 0xD615, 0xD614, 0xD614,
  0xD614, 0xD615, 0xD635, 0xD635, 0xD635, 0xD635, 0xDE35, 0xDE35, 0xD635, 0xD615, 0xD635, 0xDE35,
  0xD635, 0xD615, 0xD615, 0xD615, 0xD615, 0xD614, 0xD615, 0xD614, 0xD614, 0xD635, 0xD615, 0xD614,
  0xD614, 0xD635, 0xD615, 0xD614, 0xD614, 0xD615, 0xD615, 0xD614, 0xD614, 0xD614, 0xD635, 0xD635,
  0xD635, 0xDE35, 0xD615, 0xD5F4, 0xDE35, 0xB532, 0x5B89, 0x8D4D, 0x5B89, 0x1923, 0x18E4, 0x18E4,
  0x2144, 0x10C2, 0x29C4, 0x748B, 0x4B28, 0x3286, 0x10C2, 0x0000, 0x0020, 0x0020, 0x0020, 0x0020,
  0x0020, 0x0020, 0x0020, 0x0020, 0x0020, 0x0020, 0x0020, 0x0020, 0x0020, 0x0020, 0x0020, 0x0020,
  0x0020, 0x0020, 0x0020, 0x0020, 0x0020, 0x0000, 0x0020, 0x0020, 0x0020, 0x0020, 0x0020, 0x0020,
  0x0020, 0x0020, 0x0020, 0x0020, 0x0000, 0x0000, 0x0020, 0x0020, 0x0020, 0x0020, 0x0020, 0x0020,
  0x0020, 0x0020, 0x0020, 0x0020, 0x0020, 0x0020, 0x0020, 0x0020, 0x0020, 0x0000, 0x0020, 0x0020,
  0x0020, 0x0020, 0x0020, 0x0020, 0x0020, 0x0020, 0x0000, 0x0000, 0x0000, 0x0020, 0x0000, 0x0881,
  0x3A86, 0x4327, 0x5388, 0x4B48, 0x3AA6, 0x3265, 0x4206, 0x2104, 0x2986, 0x3186, 0x3186, 0x5289,
  0xD614, 0xD635, 0xD615, 0xD635, 0xD615, 0xD615, 0xD615, 0xD615, 0xD635, 0xD635, 0xD615, 0xD615,
  0xD615, 0xD635, 0xD5F4, 0xD614, 0xD614, 0xD614, 0xD614, 0xD5F4, 0xD5F4, 0xD615, 0xD615, 0xD635,
  0xD635, 0xD615, 0xD5F4, 0xD614, 0xD615, 0xD635, 0xDE35, 0xDE35, 0xD635, 0xD635, 0xD635, 0xD615,
  0xD615, 0xD614, 0xD614, 0xD615, 0xD614, 0xD614, 0xD615, 0xD615, 0xD614, 0xD5F4, 0xD615, 0xD615,
  0xD615, 0xD635, 0xD615, 0xD614, 0xD635, 0xD635, 0xDE35, 0xD635, 0xD615, 0xD635, 0xD615, 0xD615,
  0xD615, 0xD614, 0xD635, 0xD614, 0xD614, 0xD5F4, 0xD5F4, 0xD614, 0xCDD4, 0x636A, 0x852D, 0x6C2B,
  0x2183, 0x18C3, 0x18E4, 0x18E4, 0x1903, 0x1922, 0x6C4A, 0x63CA, 0x3286, 0x2183, 0x0000, 0x0020,
  0x0020, 0x0020, 0x0020, 0x0020, 0x0020, 0x0020, 0x0020, 0x0020, 0x0020, 0x0020, 0x0000, 0x0020,
  0x0020, 0x0020, 0x0020, 0x0020, 0x0020, 0x0020, 0x0020, 0x0020, 0x0020, 0x0020, 0x0020, 0x0020,
  0x0020, 0x0020, 0x0020, 0x0020, 0x0020, 0x0000, 0x0020, 0x0020, 0x0020, 0x0020, 0x0020, 0x0000,
  0x0000, 0x0020, 0x0020, 0x0020, 0x0020, 0x0020, 0x0020, 0x0020, 0x0020, 0x0020, 0x0020, 0x0020,
  0x0020, 0x0020, 0x0020, 0x0020, 0x0020, 0x0020, 0x0020, 0x0020, 0x0020, 0x0020, 0x0020, 0x0000,
  0x0020, 0x0000, 0x0861, 0x4B27, 0x3246, 0x4226, 0x4286, 0x3225, 0x2224, 0x29E4, 0x20E4, 0x39E6,
  0x39E7, 0x2986, 0x4207, 0xB531, 0xD635, 0xCDF4, 0xD614, 0xD635, 0xD614, 0xD5F4, 0xD5F4, 0xD615,
  0xD615, 0xD614, 0xD615, 0xD615, 0xD614, 0xD614, 0xD614, 0xD635, 0xD635, 0xD615, 0xD614, 0xD635,
  0xD615, 0xD615, 0xD614, 0xD614, 0xD615, 0xD635, 0xD635, 0xD635, 0xD635, 0xD635, 0xD615, 0xD635,
  0xD635, 0xD635, 0xD635, 0xD635, 0xD615, 0xD615, 0xD615, 0xD615, 0xD635, 0xD615, 0xD615, 0xD614,
  0xD635, 0xD615, 0xD615, 0xD615, 0xD615, 0xD615, 0xD615, 0xD615, 0xD635, 0xD635, 0xD615, 0xD615,
  0xD615, 0xD635, 0xD615, 0xD615, 0xD615, 0xD614, 0xD635, 0xD615, 0xD615, 0xD5F4, 0xCDF4, 0xDE35,
  0x7BAC, 0x6C6B, 0x850D, 0x3245, 0x10C3, 0x1904, 0x1904, 0x1904, 0x10A2, 0x5368, 0x6C4B, 0x3AA6,
  0x2A04, 0x0000, 0x0020, 0x0020, 0x0020, 0x0020, 0x0020, 0x0020, 0x0020, 0x0020, 0x0020, 0x0020,
  0x0020, 0x0020, 0x0000, 0x0020, 0x0020, 0x0020, 0x0020, 0x0020, 0x0020, 0x0020, 0x0020, 0x0020,
  0x0020, 0x0020, 0x0020, 0x0020, 0x0020, 0x0020, 0x0020, 0x0020, 0x0020, 0x0020, 0x0020, 0x0020,
  0x0020, 0x0020, 0x0020, 0x0020, 0x0000, 0x0020, 0x0020, 0x0020, 0x0020, 0x0020, 0x0020, 0x0020,
  0x0020, 0x0020, 0x0020, 0x0020, 0x0020, 0x0020, 0x0020, 0x0020, 0x0020, 0x0020, 0x0020, 0x0020,
  0x0020, 0x0020, 0x0020, 0x0020, 0x0020, 0x0000, 0x5B69, 0x6C4A, 0x632A, 0xA48F, 0x8BCC, 0x6B0A,
  0x5AA8, 0x39A5, 0x18C3, 0x29C5, 0x31E6, 0x3186, 0x9C6F, 0xDE55, 0xCDF4, 0xD5F4, 0xD614, 0xD635,
  0xD614, 0xD614, 0xD614, 0xD615, 0xD614, 0xD615, 0xD635, 0xD635, 0xD615, 0xD614, 0xD635, 0xD615,
  0xD614, 0xD5F4, 0xD615, 0xD635, 0xD635, 0xD635, 0xD615, 0xD614, 0xD614, 0xD614, 0xD615, 0xD635,
  0xD635, 0xD635, 0xD615, 0xD635, 0xD635, 0xD635, 0xD635, 0xD635, 0xD635, 0xD635, 0xD614, 0xD614,
  0xD635, 0xD635, 0xD635, 0xD615, 0xD635, 0xD635, 0xD635, 0xD635, 0xD615, 0xD615, 0xD615, 0xD635,
  0xD635, 0xD635, 0xD615, 0xD614, 0xD614, 0xD615, 0xD615, 0xD615, 0xD615, 0xD614, 0xD635, 0xD615,
  0xD5F4, 0xCDD4, 0xDE55, 0xA48F, 0x63CA, 0x8D4E, 0x4B07, 0x1103, 0x18E4, 0x18E3, 0x1904, 0x10A3,
  0x3A86, 0x7CCC, 0x42E7, 0x3285, 0x0881, 0x0000, 0x0020, 0x0020, 0x0020, 0x0020, 0x0020, 0x0020,
  0x0020, 0x0020, 0x0020, 0x0020, 0x0020, 0x0020, 0x0020, 0x0020, 0x0020, 0x0020, 0x0020, 0x0020,
  0x0020, 0x0020, 0x0020, 0x0020, 0x0020, 0x0020, 0x0020, 0x0020, 0x0020, 0x0020, 0x0020, 0x0020,
  0x0020, 0x0020, 0x0020, 0x0020, 0x0020, 0x0020, 0x0020, 0x0020, 0x0020, 0x0020, 0x0020, 0x0020,
  0x0020, 0x0020, 0x0020, 0x0020, 0x0020, 0x0020, 0x0020, 0x0020, 0x0020, 0x0020, 0x0020, 0x0020,
  0x0020, 0x0020, 0x0020, 0x0020, 0x0020, 0x0000, 0x0020, 0x0021, 0x0000, 0x4266, 0x852D, 0x636A,
  0xA44E, 0xACD0, 0xACD0, 0xB4F0, 0xACD0, 0x9C6E, 0x838C, 0x62C9, 0x41E7, 0x5AA9, 0xC5B3, 0xD5F4,
  0xDE35, 0xD615, 0xD614, 0xD615, 0xD614, 0xD615, 0xD614, 0xD615, 0xD614, 0xD635, 0xD635, 0xD615,
  0xD615, 0xD614, 0xD615, 0xD614, 0xD614, 0xD635, 0xD635, 0xD614, 0xD614, 0xD615, 0xD615, 0xD614,
  0xD614, 0xD614, 0xD615, 0xD614, 0xD614, 0xD614, 0xD614, 0xD635, 0xD635, 0xD635, 0xDE35, 0xD635,
  0xD615, 0xD635, 0xD615, 0xD615, 0xD635, 0xD635, 0xDE35, 0xD635, 0xDE35, 0xD635, 0xD614, 0xD635,
  0xD635, 0xD615, 0xD615, 0xD615, 0xD635, 0xD615, 0xD614, 0xD615, 0xD615, 0xD615, 0xD635, 0xD635,
  0xD615, 0xD614, 0xD615, 0xD615, 0xCDF4, 0xD635, 0xC573, 0x638A, 0x8D4E, 0x63CA, 0x1943, 0x18C3,
  0x1904, 0x1904, 0x18C3, 0x2184, 0x6C6B, 0x5369, 0x3285, 0x1102, 0x0000, 0x0020, 0x0020, 0x0020,
  0x0020, 0x0020, 0x0020, 0x0020, 0x0020, 0x0020, 0x0020, 0x0020, 0x0020, 0x0020, 0x0020, 0x0020,
  0x0020, 0x0020, 0x0020, 0x0020, 0x0020, 0x0020, 0x0020, 0x0020, 0x0020, 0x0020, 0x0020, 0x0020,
  0x0020, 0x0020, 0x0020, 0x0000, 0x0000, 0x0020, 0x0020, 0x0020, 0x0020, 0x0020, 0x0020, 0x0020,
  0x0020, 0x0020, 0x0020, 0x0020, 0x0000, 0x0020, 0x0020, 0x0020, 0x0020, 0x0020, 0x0020, 0x0020,
  0x0020, 0x0020, 0x0020, 0x0020, 0x0020, 0x0020, 0x0020, 0x0020, 0x0020, 0x0000, 0x0020, 0x0000,
  0x2143, 0x854D, 0x6BEB, 0x940D, 0xACF0, 0xA4AF, 0xACAF, 0xA4AF, 0xA48F, 0xACD0, 0xACD0, 0xB4F0,
  0x838B, 0x838C, 0x83CC, 0x83CC, 0xA48F, 0xBD72, 0xCDD4, 0xDE55, 0xD635, 0xD615, 0xCDF4, 0xD614,
  0xD615, 0xD615, 0xD5F4, 0xD614, 0xD615, 0xD615, 0xD615, 0xD615, 0xD635, 0xDE35, 0xDE55, 0xD635,
  0xD615, 0xD615, 0xD614, 0xD614, 0xD615, 0xD614, 0xD615, 0xD615, 0xD615, 0xD614, 0xD614, 0xD615,
  0xD615, 0xD635, 0xD635, 0xD615, 0xD615, 0xD635, 0xD615, 0xD635, 0xD635, 0xD635, 0xD615, 0xD635,
  0xD635, 0xD615, 0xD615, 0xD615, 0xD635, 0xD614, 0xD614, 0xD615, 0xD615, 0xD615, 0xD615, 0xD615,
  0xD615, 0xD614, 0xD635, 0xDE35, 0xD635, 0xD615, 0xD635, 0xD635, 0xD614, 0xD615, 0x738B, 0x7CEC,
  0x7CAD, 0x29E4, 0x10C3, 0x18E4, 0x1904, 0x18E4, 0x18E3, 0x4B48, 0x5BA9, 0x3AC6, 0x21C4, 0x0000,
  0x0020, 0x0020, 0x0020, 0x0020, 0x0020, 0x0020, 0x0020, 0x0020, 0x0020, 0x0020, 0x0020, 0x0020,
  0x0020, 0x0000, 0x0000, 0x0020, 0x0020, 0x0020, 0x0020, 0x0020, 0x0020, 0x0020, 0x0020, 0x0020,
  0x0020, 0x0020, 0x0020, 0x0020, 0x0020, 0x0020, 0x0020, 0x0020, 0x0020, 0x0020, 0x0020, 0x0020,
  0x0020, 0x0020, 0x0020, 0x0020, 0x0020, 0x0020, 0x0020, 0x0000, 0x0020, 0x0020, 0x0020, 0x0020,
  0x0020, 0x0020, 0x0020, 0x0020, 0x0020, 0x0020, 0x0020, 0x0020, 0x0000, 0x0020, 0x0020, 0x0020,
  0x0020, 0x0020, 0x0000, 0x0881, 0x7CCC, 0x746B, 0x83AC, 0xB511, 0xACB0, 0xACAF, 0xACD0, 0xACD0,
  0xACB0, 0xACD0, 0xACD0, 0x8BED, 0x83AC, 0xACD0, 0xACAF, 0xA46E, 0x940D, 0x8BCC, 0x83AC, 0x9C6F,
  0xBD52, 0xD615, 0xDE56, 0xDE35, 0xD614, 0xD5F4, 0xCDF4, 0xD615, 0xD615, 0xD614, 0xD614, 0xD635,
  0xDE35, 0xDE35, 0xDE35, 0xD615, 0xD5F4, 0xD635, 0xD615, 0xD635, 0xD635, 0xD615, 0xD635, 0xD615,
  0xD635, 0xD615, 0xD5F4, 0xD615, 0xD615, 0xD615, 0xD635, 0xD635, 0xD615, 0xD615, 0xD614, 0xD635,
  0xDE35, 0xD635, 0xD615, 0xD635, 0xD615, 0xD614, 0xD635, 0xD635, 0xD615, 0xD615, 0xD614, 0xD614,
  0xD615, 0xD635, 0xD615, 0xD615, 0xD615, 0xD615, 0xD635, 0xD615, 0xD614, 0xD615, 0xD615, 0xCDF4,
  0xE676, 0x8C0E, 0x5BC9, 0x850D, 0x3A66, 0x10C2, 0x18E4, 0x18E3, 0x18E4, 0x10A2, 0x4B28, 0x748C,
  0x42E7, 0x3265, 0x0041, 0x0000, 0x0020, 0x0020, 0x0020, 0x0020, 0x0020, 0x0020, 0x0020, 0x0020,
  0x0020, 0x0020, 0x0020, 0x0000, 0x0020, 0x0020, 0x0020, 0x0020, 0x0020, 0x0020, 0x0020, 0x0020,
  0x0020, 0x0020, 0x0000, 0x0020, 0x0020, 0x0020, 0x0020, 0x0020, 0x0020, 0x0020, 0x0020, 0x0020,
  0x0020, 0x0020, 0x0020, 0x0020, 0x0020, 0x0020, 0x0000, 0x0020, 0x0020, 0x0020, 0x0000, 0x0020,
  0x0020, 0x0020, 0x0020, 0x0020, 0x0020, 0x0020, 0x0020, 0x0020, 0x0020, 0x0020, 0x0020, 0x0000,
  0x0020, 0x0020, 0x0020, 0x0020, 0x0020, 0x0020, 0x0000, 0x5B69, 0x748B, 0x736B, 0xACB0, 0xACD0,
  0xACD0, 0xA4AF, 0xACAF, 0xACB0, 0xACD0, 0xACD0, 0x9C4E, 0x8BED, 0xACD0, 0xA4AF, 0xA48F, 0xA4AF,
  0xACD0, 0xACD0, 0xACAF, 0x9C4E, 0x8BED, 0x838C, 0x942E, 0xB511, 0xC5B3, 0xD635, 0xDE35, 0xD635,
  0xD5F4, 0xCDF4, 0xD5F4, 0xD614, 0xD635, 0xD615, 0xD614, 0xD615, 0xD635, 0xD635, 0xDE35, 0xDE55,
  0xD635, 0xDE35, 0xD635, 0xD635, 0xD635, 0xD5F4, 0xD614, 0xD615, 0xD615, 0xD615, 0xD635, 0xD635,
  0xD635, 0xD615, 0xD615, 0xD635, 0xD635, 0xD615, 0xD615, 0xD614, 0xD614, 0xD5F4, 0xD615, 0xD615,
  0xD635, 0xD615, 0xD614, 0xD614, 0xD615, 0xD615, 0xD614, 0xD615, 0xD635, 0xD615, 0xD615, 0xD635,
  0xD615, 0xD614, 0xD5F4, 0xDE35, 0xB511, 0x4AE8, 0x63EA, 0x4B28, 0x1102, 0x18C3, 0x18E3, 0x1904,
  0x10A3, 0x3225, 0x74CC, 0x5348, 0x32A6, 0x10C2, 0x0000, 0x0020, 0x0020, 0x0020, 0x0020, 0x0020,
  0x0020, 0x0020, 0x0000, 0x0020, 0x0020, 0x0000, 0x0000, 0x0020, 0x0020, 0x0020, 0x0020, 0x0020,
  0x0020, 0x0020, 0x0020, 0x0020, 0x0020, 0x0020, 0x0020, 0x0020, 0x0020, 0x0020, 0x0020, 0x0020,
  0x0020, 0x0020, 0x0020, 0x0020, 0x0020, 0x0020, 0x0020, 0x0020, 0x0020, 0x0000, 0x0000, 0x0000,
  0x0020, 0x0020, 0x0020, 0x0000, 0x0020, 0x0020, 0x0020, 0x0020, 0x0020, 0x0020, 0x0020, 0x0020,
  0x0020, 0x0020, 0x0020, 0x0000, 0x0020, 0x0020, 0x0020, 0x0020, 0x0020, 0x0000, 0x4227, 0x7C2C,
  0x4A87, 0x93ED, 0xACD0, 0xACF0, 0xACD0, 0xACAF, 0xA4AF, 0xA4AF, 0xACD0, 0xA4AF, 0x838C, 0xACB0,
  0xACAF, 0xACAF, 0xA4AF, 0xACB0, 0xACD0, 0xACAF, 0xACD0, 0xACD0, 0xB4F0, 0x838C, 0x83AC, 0x8BED,
  0x8BCD, 0x942E, 0xACF0, 0xC593, 0xD635, 0xDE56, 0xD635, 0xD5F4, 0xD5F4, 0xD614, 0xD615, 0xD615,
  0xD615, 0xD614, 0xD635, 0xD615, 0xD635, 0xD635, 0xD635, 0xD635, 0xD615, 0xD614, 0xD615, 0xD635,
  0xD614, 0xD615, 0xD635, 0xD635, 0xD635, 0xD635, 0xD635, 0xD614, 0xCDF4, 0xD5F4, 0xD614, 0xCDF4,
  0xCDF4, 0xD5F4, 0xD5F4, 0xD615, 0xD635, 0xD614, 0xD614, 0xCDF4, 0xD614, 0xD635, 0xD615, 0xD615,
  0xD635, 0xD635, 0xD614, 0xD614, 0xD615, 0xD614, 0xD635, 0xCDD4, 0x5B29, 0x7CEC, 0x5BC9, 0x1102,
  0x18E3, 0x18E3, 0x18E3, 0x10C3, 0x2163, 0x748B, 0x5BAA, 0x32A6, 0x1963, 0x0000, 0x0020, 0x0020,
  0x0020, 0x0020, 0x0020, 0x0020, 0x0020, 0x0020, 0x0020, 0x0000, 0x0020, 0x0020, 0x0020, 0x0020,
  0x0020, 0x0020, 0x0020, 0x0020, 0x0020, 0x0020, 0x0020, 0x0020, 0x0020, 0x0020, 0x0020, 0x0020,
  0x0020, 0x0020, 0x0020, 0x0020, 0x0020, 0x0020, 0x0020, 0x0020, 0x0020, 0x0020, 0x0020, 0x0020,
  0x0020, 0x0020, 0x0020, 0x0020, 0x0020, 0x0020, 0x0020, 0x0000, 0x0020, 0x0020, 0x0020, 0x0020,
  0x0020, 0x0020, 0x0020, 0x0020, 0x0020, 0x0020, 0x0020, 0x0020, 0x0020, 0x0020, 0x0020, 0x0021,
  0x0000, 0x4207, 0xB532, 0xA46F, 0x9C4F, 0x83AC, 0x83AC, 0x942E, 0x9C4E, 0xACD0, 0xB4F0, 0xACAF,
  0xACD0, 0x8BED, 0x9C6F, 0xACB0, 0xACAF, 0xACD0, 0xACD0, 0xACAF, 0xACD0, 0xACD0, 0xACD0, 0xACAF,
  0x940D, 0x942E, 0xACD0, 0xACD0, 0xACD0, 0x9C6E, 0x8BED, 0x8BCD, 0x942E, 0xACD0, 0xC593, 0xDE56,
  0xD635, 0xD615, 0xD5F4, 0xCDF4, 0xD614, 0xD614, 0xD5F4, 0xD5F4, 0xD614, 0xD614, 0xD635, 0xD635,
  0xD615, 0xD614, 0xD614, 0xD615, 0xD635, 0xD635, 0xD635, 0xD615, 0xD635, 0xDE35, 0xD635, 0xD614,
  0xD5F4, 0xD5F4, 0xD614, 0xD614, 0xD5F4, 0xD615, 0xD615, 0xD635, 0xD635, 0xD615, 0xD614, 0xD5F4,
  0xD614, 0xD615, 0xD635, 0xDE35, 0xD635, 0xD615, 0xD615, 0xD635, 0xD615, 0xD615, 0xDE35, 0x7BCC,
  0x748B, 0x7CAC, 0x2A04, 0x10A2, 0x18E4, 0x18E3, 0x18E4, 0x10C2, 0x5BC9, 0x746B, 0x3AC6, 0x2A25,
  0x0000, 0x0020, 0x0020, 0x0020, 0x0020, 0x0020, 0x0020, 0x0020, 0x0020, 0x0020, 0x0020, 0x0000,
  0x0020, 0x0020, 0x0020, 0x0020, 0x0000, 0x0020, 0x0020, 0x0020, 0x0020, 0x0020, 0x0020, 0x0020,
  0x0020, 0x0020, 0x0020, 0x0020, 0x0020, 0x0020, 0x0020, 0x0020, 0x0020, 0x0020, 0x0020, 0x0020,
  0x0020, 0x0020, 0x0020, 0x0020, 0x0020, 0x0020, 0x0020, 0x0020, 0x0020, 0x0020, 0x0020, 0x0000,
  0x0020, 0x0020, 0x0020, 0x0020, 0x0020, 0x0020, 0x0020, 0x0020, 0x0020, 0x0020, 0x0020, 0x0020,
  0x0020, 0x0020, 0x0020, 0x0020, 0x0000, 0x5248, 0x7B8C, 0x8C0E, 0xACD0, 0xB4F0, 0xACD0, 0x940D,
  0x83AC, 0x83CD, 0x8BCC, 0x9C6E, 0x93ED, 0x940D, 0xB4F1, 0xACB0, 0xA4AF, 0xACAF, 0xACB0, 0xACAF,
  0xACD0, 0xACD0, 0xACD0, 0x9C4E, 0x83CC, 0xACD0, 0xACD0, 0xACB0, 0xA48F, 0xACD0, 0xB4F0, 0xACD0,
  0x9C4E, 0x8BCC, 0x7B6B, 0x7B6C, 0xA48F, 0xBD52, 0xD615, 0xDE35, 0xDE35, 0xD614, 0xCDD3, 0xD5F4,
  0xD5F4, 0xD614, 0xD615, 0xD615, 0xD614, 0xCDF4, 0xD614, 0xD615, 0xDE35, 0xDE35, 0xD615, 0xD635,
  0xD635, 0xD635, 0xD615, 0xD615, 0xD615, 0xD615, 0xD614, 0xD615, 0xD614, 0xD635, 0xD635, 0xD615,
  0xD615, 0xD635, 0xD615, 0xD635, 0xD615, 0xD635, 0xD635, 0xD615, 0xD615, 0xD614, 0xD615, 0xD615,
  0xD5F4, 0xDE55, 0x9C6F, 0x63C9, 0x8D4D, 0x42C7, 0x1102, 0x2184, 0x18C3, 0x1904, 0x1082, 0x42C7,
  0x7CAC, 0x42E7, 0x3285, 0x0861, 0x0000, 0x0020, 0x0020, 0x0020, 0x0020, 0x0020, 0x0020, 0x0020,
  0x0020, 0x0020, 0x0020, 0x0020, 0x0020, 0x0020, 0x0000, 0x0020, 0x0020, 0x0020, 0x0020, 0x0020,
  0x0020, 0x0020, 0x0020, 0x0020, 0x0020, 0x0000, 0x0020, 0x0020, 0x0020, 0x0020, 0x0020, 0x0020,
  0x0020, 0x0020, 0x0020, 0x0020, 0x0020, 0x0020, 0x0000, 0x0020, 0x0020, 0x0020, 0x0020, 0x0020,
  0x0020, 0x0020, 0x0020, 0x0000, 0x0020, 0x0020, 0x0020, 0x0020, 0x0020, 0x0020, 0x0020, 0x0020,
  0x0020, 0x0020, 0x0020, 0x0020, 0x0020, 0x0020, 0x0020, 0x0020, 0x0000, 0x39A5, 0x5A88, 0x5A88,
  0x5AA9, 0x734B, 0x8BED, 0xA48F, 0xBD72, 0x942E, 0x83AC, 0x8C0D, 0x732B, 0x8BED, 0x9C4E, 0xACB0,
  0xACF0, 0xACAF, 0xA48F, 0xA48F, 0xA4AF, 0xACAF, 0xACAF, 0x8BED, 0xA4AF, 0xACD0, 0xACD0, 0xACB0,
  0xACB0, 0xACB0, 0xACAF, 0xA48F, 0xA48F, 0xB510, 0x8BED, 0x732A, 0x9C4E, 0x83AC, 0x83AC, 0xA490,
  0xB511, 0xC5B3, 0xDE55, 0xD635, 0xD614, 0xD5F4, 0xD5F4, 0xD614, 0xD5F4, 0xD5F4, 0xD5F4, 0xD614,
  0xDE55, 0xD635, 0xD615, 0xD615, 0xD615, 0xD614, 0xD635, 0xD635, 0xD615, 0xD635, 0xD615, 0xD5F4,
  0xD615, 0xDE35, 0xD614, 0xD614, 0xD615, 0xD615, 0xD615, 0xD635, 0xDE55, 0xDE35, 0xD635, 0xD615,
  0xD615, 0xD615, 0xD5F4, 0xCDF4, 0xDE35, 0xBD72, 0x5B69, 0x852D, 0x5BA9, 0x1963, 0x29A4, 0x1943,
  0x1904, 0x10C3, 0x29A4, 0x74AB, 0x5369, 0x32A6, 0x1102, 0x0000, 0x0020, 0x0020, 0x0020, 0x0020,
  0x0020, 0x0020, 0x0020, 0x0020, 0x0020, 0x0020, 0x0020, 0x0020, 0x0020, 0x0020, 0x0020, 0x0020,
  0x0020, 0x0020, 0x0020, 0x0020, 0x0020, 0x0020, 0x0020, 0x0020, 0x0020, 0x0020, 0x0020, 0x0020,
  0x0020, 0x0020, 0x0020, 0x0020, 0x0020, 0x0020, 0x0020, 0x0020, 0x0020, 0x0020, 0x0020, 0x0020,
  0x0020, 0x0020, 0x0020, 0x0020, 0x0020, 0x0020, 0x0020, 0x0020, 0x0020, 0x0020, 0x0020, 0x0020,
  0x0020, 0x0020, 0x0020, 0x0020, 0x0020, 0x0020, 0x0020, 0x0020, 0x0020, 0x0020, 0x0020, 0x0000,
  0x3A46, 0x3A46, 0x20E3, 0x39A5, 0x5247, 0x5A68, 0x5A68, 0x62C9, 0x62EA, 0x7B8C, 0xAD11, 0xACF1,
  0xACF0, 0x9C4E, 0x83CC, 0x83CD, 0x940E, 0x9C6E, 0xA48F, 0xACD0, 0xACAF, 0xACD0, 0x83AC, 0xA46F,
  0xACD0, 0xACD0, 0xACB0, 0xACAF, 0xACAF, 0xACD0, 0xACD0, 0xACD0, 0xACD0, 0x940D, 0x83AC, 0xACD0,
  0xACD0, 0xACD0, 0xA48F, 0x9C2E, 0x83AC, 0x83AC, 0x944E, 0xB511, 0xD615, 0xDE55, 0xD615, 0xD614,
  0xD5F4, 0xCDF4, 0xD5F4, 0xD614, 0xD614, 0xD615, 0xD635, 0xD635, 0xD615, 0xD635, 0xD635, 0xD635,
  0xD615, 0xD5F4, 0xD615, 0xD615, 0xD615, 0xD635, 0xD614, 0xD614, 0xD635, 0xD614, 0xD615, 0xD635,
  0xDE55, 0xDE35, 0xD635, 0xD615, 0xD615, 0xD5F4, 0xD5F4, 0xD615, 0xD615, 0x6B8B, 0x74CC, 0x746B,
  0x21C4, 0x10C3, 0x1943, 0x2184, 0x18E4, 0x1903, 0x6C4B, 0x640A, 0x3AA6, 0x21A4, 0x0000, 0x0020,
  0x0020, 0x0020, 0x0020, 0x0020, 0x0020, 0x0020, 0x0020, 0x0020, 0x0020, 0x0020, 0x0020, 0x0020,
  0x0020, 0x0020, 0x0020, 0x0020, 0x0020, 0x0020, 0x0020, 0x0020, 0x0020, 0x0020, 0x0020, 0x0020,
  0x0020, 0x0020, 0x0020, 0x0020, 0x0020, 0x0020, 0x0020, 0x0020, 0x0020, 0x0000, 0x0020, 0x0020,
  0x0020, 0x0020, 0x0020, 0x0020, 0x0020, 0x0020, 0x0020, 0x0020, 0x0020, 0x0020, 0x0020, 0x0020,
  0x0020, 0x0020, 0x0020, 0x0000, 0x0020, 0x0020, 0x0020, 0x0020, 0x0020, 0x0020, 0x0020, 0x0020,
  0x0020, 0x0021, 0x0000, 0x2184, 0x748B, 0x2985, 0x2125, 0x1904, 0x18E3, 0x2944, 0x41E6, 0x5248,
  0x4A07, 0x5A88, 0x62C9, 0x62EA, 0x8BED, 0xACD0, 0xB531, 0xACD0, 0x940E, 0x83CC, 0x8BCD, 0x940D,
  0x9C4E, 0x8BED, 0x942E, 0xACAF, 0xACAF, 0xACB0, 0xACAF, 0xACAF, 0xACAF, 0xACD0, 0xACB0, 0xACD0,
  0xACAF, 0x7B8C, 0xA4AF, 0xACD0, 0xACD0, 0xACD0, 0xACAF, 0xACAF, 0xB4F0, 0xACAF, 0x940D, 0x8BCC,
  0x83AC, 0x8BED, 0xB532, 0xCDF4, 0xDE35, 0xDE35, 0xD615, 0xD615, 0xD614, 0xD615, 0xD615, 0xD615,
  0xD615, 0xD615, 0xD615, 0xD615, 0xD615, 0xCDF4, 0xD614, 0xD635, 0xD5F4, 0xD614, 0xD615, 0xD614,
  0xD614, 0xD615, 0xD615, 0xD635, 0xD615, 0xD635, 0xD635, 0xD615, 0xD615, 0xCDD3, 0xCDD4, 0xDE55,
  0x83CC, 0x6C4B, 0x8D2E, 0x3245, 0x10C2, 0x18E4, 0x1924, 0x2984, 0x10A3, 0x4B48, 0x748C, 0x3AC7,
  0x2A25, 0x0020, 0x0020, 0x0020, 0x0020, 0x0000, 0x0020, 0x0020, 0x0020, 0x0020, 0x0020, 0x0020,
  0x0020, 0x0020, 0x0020, 0x0020, 0x0020, 0x0020, 0x0020, 0x0020, 0x0020, 0x0020, 0x0020, 0x0020,
  0x0020, 0x0020, 0x0020, 0x0020, 0x0020, 0x0020, 0x0020, 0x0020, 0x0020, 0x0020, 0x0020, 0x0020,
  0x0000, 0x0020, 0x0020, 0x0020, 0x0020, 0x0000, 0x0020, 0x0020, 0x0020, 0x0000, 0x0000, 0x0020,
  0x0020, 0x0020, 0x0020, 0x0020, 0x0020, 0x0020, 0x0020, 0x0000, 0x0020, 0x0020, 0x0020, 0x0020,
  0x0020, 0x0020, 0x0020, 0x0020, 0x0020, 0x0000, 0x1081, 0x748C, 0x3A26, 0x2945, 0x31A6, 0x2966,
  0x2966, 0x2945, 0x2124, 0x18E4, 0x2944, 0x3985, 0x4A06, 0x5A68, 0x5A88, 0x5A88, 0x6B0A, 0x8BCD,
  0xA4B0, 0xB511, 0xACF0, 0x9C4F, 0x83AC, 0x62C9, 0x8BED, 0x9C4E, 0xACAF, 0xACD0, 0xACB0, 0xACD0,
  0xACD0, 0xACB0, 0xA4AF, 0xACD0, 0x83AC, 0x9C6E, 0xACAF, 0xACD0, 0xACF0, 0xACD0, 0xACB0, 0xACAF,
  0xA4AF, 0xACAF, 0xACD0, 0xACF0, 0x7B6B, 0x7B8B, 0x83AC, 0x838B, 0x8C0D, 0xACF1, 0xCDD4, 0xDE56,
  0xDE76, 0xD635, 0xCDD4, 0xCDF4, 0xD635, 0xD5F4, 0xD5F4, 0xD5F4, 0xD5F4, 0xD615, 0xD614, 0xD5F4,
  0xD615, 0xD614, 0xD614, 0xD615, 0xD615, 0xD615, 0xD615, 0xD615, 0xD615, 0xD615, 0xD635, 0xD615,
  0xD614, 0xD5F4, 0xDE35, 0xA4B0, 0x5B89, 0x8D4E, 0x4B48, 0x1903, 0x18E3, 0x18E3, 0x1924, 0x10C2,
  0x3225, 0x7CCC, 0x4B08, 0x3285, 0x08A1, 0x0000, 0x0020, 0x0020, 0x0020, 0x0020, 0x0020, 0x0020,
  0x0020, 0x0020, 0x0020, 0x0020, 0x0020, 0x0020, 0x0020, 0x0020, 0x0020, 0x0020, 0x0020, 0x0020,
  0x0020, 0x0020, 0x0020, 0x0020, 0x0020, 0x0020, 0x0020, 0x0020, 0x0020, 0x0020, 0x0020, 0x0020,
  0x0020, 0x0020, 0x0020, 0x0020, 0x0020, 0x0020, 0x0020, 0x0020, 0x0020, 0x0020, 0x0020, 0x0020,
  0x0020, 0x0020, 0x0020, 0x0020, 0x0020, 0x0020, 0x0020, 0x0020, 0x0020, 0x0020, 0x0020, 0x0020,
  0x0020, 0x0020, 0x0020, 0x0020, 0x0020, 0x0020, 0x0020, 0x0020, 0x0021, 0x0000, 0x63EA, 0x5329,
  0x2105, 0x2986, 0x2966, 0x2966, 0x2966, 0x2966, 0x2965, 0x2966, 0x2145, 0x1904, 0x18E3, 0x2944,
  0x39A5, 0x4A27, 0x5268, 0x5A68, 0x5A88, 0x6AEA, 0x83CD, 0x9C8F, 0x940E, 0xACD0, 0x942E, 0x8C0D,
  0x83AC, 0x8BED, 0xA46F, 0xACD0, 0xACD0, 0xACAF, 0xB4F0, 0x940D, 0x942E, 0xACAF, 0xA46F, 0xACD0,
  0xACD0, 0xA4AF, 0xACB0, 0xACD0, 0xACD0, 0xA4AF, 0xACD0, 0x8BED, 0x8BED, 0xACD0, 0xA4AF, 0xA46E,
  0x942D, 0x83AC, 0x83CC, 0x942E, 0xACD0, 0xC5B3, 0xDE55, 0xDE55, 0xD614, 0xCDF4, 0xCDF4, 0xD5F4,
  0xD614, 0xD615, 0xD5F4, 0xD614, 0xD615, 0xD615, 0xCDF4, 0xD614, 0xD635, 0xD635, 0xD614, 0xD615,
  0xDE35, 0xD635, 0xD614, 0xD614, 0xD615, 0xD635, 0xCDB4, 0x5B29, 0x7D0D, 0x63EA, 0x1963, 0x18C3,
  0x18E4, 0x18E3, 0x10C3, 0x2183, 0x6C6B, 0x5BA9, 0x3AA6, 0x1943, 0x0000, 0x0021, 0x0020, 0x0020,
  0x0020, 0x0020, 0x0020, 0x0020, 0x0020, 0x0020, 0x0020, 0x0020, 0x0020, 0x0020, 0x0020, 0x0020,
  0x0020, 0x0020, 0x0020, 0x0020, 0x0020, 0x0020, 0x0020, 0x0020, 0x0020, 0x0020, 0x0020, 0x0020,
  0x0020, 0x0020, 0x0020, 0x0020, 0x0020, 0x0020, 0x0020, 0x0020, 0x0020, 0x0020, 0x0020, 0x0020,
  0x0020, 0x0020, 0x0020, 0x0020, 0x0020, 0x0020, 0x0020, 0x0020, 0x0020, 0x0020, 0x0020, 0x0020,
  0x0020, 0x0020, 0x0020, 0x0020, 0x0020, 0x0020, 0x0020, 0x0020, 0x0020, 0x0020, 0x0020, 0x0021,
  0x0000, 0x42A7, 0x5BA9, 0x2104, 0x2986, 0x2965, 0x2966, 0x2986, 0x2986, 0x2966, 0x2965, 0x2965,
  0x2966, 0x2986, 0x2986, 0x2145, 0x2124, 0x2104, 0x2924, 0x39A5, 0x4A07, 0x5247, 0x5268, 0x5248,
  0x62C9, 0x83CD, 0xA4B0, 0xB511, 0xACD0, 0x944E, 0x8BED, 0x8BCD, 0x940D, 0xA46F, 0x9C4E, 0x83AC,
  0xB4F0, 0xA4AF, 0xA48F, 0xACAF, 0xACB0, 0xACD0, 0xACAF, 0xA48F, 0xA48F, 0xACD0, 0x9C4E, 0x8BCD,
  0xACD0, 0xA4AF, 0xA4AF, 0xA4AF, 0xACD0, 0xACD0, 0xACD0, 0x9C4E, 0x83AC, 0x83AC, 0x83AC, 0xA4D0,
  0xC5B3, 0xD635, 0xDE35, 0xD615, 0xD614, 0xCDF4, 0xCDF4, 0xD5F4, 0xD614, 0xCDF4, 0xD614, 0xD615,
  0xD615, 0xD615, 0xD615, 0xDE35, 0xDE55, 0xD635, 0xD614, 0xD635, 0xC593, 0xD5F5, 0x7BCC, 0x74CC,
  0x7CAC, 0x29E4, 0x10C3, 0x18E4, 0x18E3, 0x18E4, 0x10A2, 0x5BC9, 0x6C2B, 0x3AC6, 0x29E4, 0x0000,
  0x0021, 0x0020, 0x0020, 0x0020, 0x0020, 0x0020, 0x0020, 0x0020, 0x0020, 0x0020, 0x0020, 0x0020,
  0x0020, 0x0020, 0x0020, 0x0020, 0x0020, 0x0020, 0x0020, 0x0020, 0x0020, 0x0020, 0x0020, 0x0020,
  0x0020, 0x0020, 0x0020, 0x0020, 0x0020, 0x0020, 0x0020, 0x0020, 0x0020, 0x0020, 0x0020, 0x0020,
  0x0020, 0x0020, 0x0020, 0x0020, 0x0020, 0x0020, 0x0020, 0x0020, 0x0020, 0x0020, 0x0020, 0x0000,
  0x0020, 0x0020, 0x0020, 0x0000, 0x0020, 0x0020, 0x0020, 0x0020, 0x0020, 0x0020, 0x0020, 0x0020,
  0x0020, 0x0020, 0x0021, 0x0000, 0x29A4, 0x748C, 0x2985, 0x31A7, 0x31A6, 0x2965, 0x2945, 0x2965,
  0x2966, 0x2986, 0x2986, 0x2966, 0x2965, 0x2965, 0x2965, 0x2966, 0x2986, 0x2966, 0x2145, 0x1904,
  0x18E4, 0x2124, 0x39A6, 0x4A07, 0x4A27, 0x5A68, 0x5A68, 0x62EA, 0x83AC, 0xA48F, 0xB4F1, 0xACD0,
  0x9C4E, 0x7B8C, 0x6AEA, 0x8BCD, 0xA46F, 0xACB0, 0xACAF, 0xACD0, 0xACD0, 0xACD0, 0xACB0, 0xA4AF,
  0xACAF, 0xA48F, 0x8BED, 0xACD0, 0xA4AF, 0xA4AF, 0xA4AF, 0xACB0, 0xACD0, 0xACD0, 0xACD0, 0xACD0,
  0xACF0, 0x940D, 0x6AE9, 0x8BCC, 0x83AC, 0x8C0D, 0xA4B0, 0xC5B3, 0xD615, 0xD635, 0xD615, 0xD614,
  0xCDD4, 0xCDD3, 0xD614, 0xD614, 0xD614, 0xD614, 0xD615, 0xD635, 0xD615, 0xCDF4, 0xDE55, 0xACF1,
  0x6BAA, 0x6BAB, 0x5348, 0x7CAC, 0x42A7, 0x10C2, 0x18E4, 0x18E3, 0x1904, 0x10A2, 0x42E7, 0x748C,
  0x3AC7, 0x3285, 0x0841, 0x0000, 0x0020, 0x0020, 0x0020, 0x0020, 0x0020, 0x0020, 0x0020, 0x0020,
  0x0020, 0x0020, 0x0020, 0x0020, 0x0020, 0x0020, 0x0020, 0x0020, 0x0020, 0x0020, 0x0020, 0x0020,
  0x0020, 0x0020, 0x0020, 0x0020, 0x0020, 0x0020, 0x0020, 0x0020, 0x0000, 0x0020, 0x0020, 0x0020,
  0x0020, 0x0020, 0x0020, 0x0020, 0x0020, 0x0020, 0x0020, 0x0000, 0x0020, 0x0020, 0x0020, 0x0020,
  0x0020, 0x0020, 0x0020, 0x0020, 0x0020, 0x0020, 0x0020, 0x0020, 0x0020, 0x0020, 0x0020, 0x0020,
  0x0020, 0x0020, 0x0020, 0x0020, 0x0020, 0x0021, 0x0000, 0x10A2, 0x746B, 0x31C5, 0x2966, 0x4AE8,
  0x3A47, 0x39E7, 0x39C7, 0x2986, 0x2965, 0x2945, 0x2965, 0x2966, 0x2966, 0x2965, 0x2965, 0x2966,
  0x2965, 0x2965, 0x2966, 0x2986, 0x2966, 0x2145, 0x2104, 0x18E3, 0x2103, 0x3985, 0x4A06, 0x5247,
  0x5A68, 0x5AA9, 0x62C9, 0x83AC, 0x9C8F, 0x944F, 0xB511, 0x9C4E, 0x83AC, 0x83AC, 0x8BED, 0xA46F,
  0xACAF, 0xACD0, 0xACD0, 0xA4AF, 0xACAF, 0x83AC, 0xA48F, 0xACD0, 0xA4AF, 0xA48F, 0xA4AF, 0xACAF,
  0xACD0, 0xACD0, 0xACD0, 0xACB0, 0xA48F, 0x7B6B, 0xACAF, 0xACD0, 0xA48F, 0x9C4E, 0x8BED, 0x83AC,
  0x83CD, 0xA4B0, 0xC593, 0xCDD3, 0xD614, 0xD635, 0xD5F4, 0xD614, 0xD5F4, 0xD614, 0xD615, 0xD615,
  0xD5F4, 0xD614, 0xC573, 0x6BAB, 0x74AB, 0x7CEC, 0x746B, 0x6C2B, 0x2164, 0x18C3, 0x18E4, 0x18E4,
  0x1082, 0x21A4, 0x748B, 0x5369, 0x32A5, 0x10E2, 0x0000, 0x0020, 0x0020, 0x0020, 0x0020, 0x0020,
  0x0020, 0x0020, 0x0020, 0x0020, 0x0020, 0x0020, 0x0020, 0x0020, 0x0020, 0x0020, 0x0020, 0x0020,
  0x0020, 0x0020, 0x0020, 0x0020, 0x0020, 0x0020, 0x0020, 0x0020, 0x0020, 0x0020, 0x0020, 0x0020,
  0x0020, 0x0020, 0x0000, 0x0020, 0x0020, 0x0020, 0x0020, 0x0020, 0x0020, 0x0020, 0x0020, 0x0020,
  0x0020, 0x0020, 0x0020, 0x0000, 0x0020, 0x0020, 0x0020, 0x0020, 0x0020, 0x0020, 0x0020, 0x0020,
  0x0020, 0x0020, 0x0020, 0x0020, 0x0020, 0x0020, 0x0020, 0x0020, 0x0020, 0x0020, 0x0000, 0x638A,
  0x84ED, 0x4287, 0x31C6, 0x2144, 0x2965, 0x39C7, 0x39E7, 0x3A07, 0x39E7, 0x39C7, 0x3186, 0x2965,
  0x2945, 0x2965, 0x2966, 0x2966, 0x2966, 0x2965, 0x2965, 0x2965, 0x2965, 0x2965, 0x2966, 0x2965,
  0x2145, 0x2124, 0x1904, 0x2124, 0x3985, 0x4A27, 0x5247, 0x5A68, 0x5A68, 0x5AA9, 0x83AC, 0x940D,
  0xACD0, 0xACD0, 0x9C4E, 0x8BED, 0x838C, 0x8BED, 0x9C2E, 0xACD0, 0x940D, 0x8BED, 0xACAF, 0xA48F,
  0xACB0, 0xACAF, 0xACAF, 0xACAF, 0xA4AF, 0xACB0, 0xACAF, 0xACD0, 0x8BCD, 0x9C4E, 0xACD0, 0xA48F,
  0xA48F, 0xACAF, 0xACD0, 0xACD0, 0x9C6E, 0x940D, 0x83AC, 0x83AC, 0x9C8F, 0xC5B3, 0xD635, 0xDE55,
  0xD615, 0xD614, 0xCDF4, 0xCDF4, 0xCDD4, 0xDE35, 0x83ED, 0x746C, 0x84ED, 0x7CEC, 0x7CED, 0x640A,
  0x1943, 0x18E4, 0x1904, 0x18C3, 0x1923, 0x5BA9, 0x5328, 0x3AC6, 0x2183, 0x0000, 0x0020, 0x0020,
  0x0020, 0x0020, 0x0020, 0x0020, 0x0020, 0x0020, 0x0020, 0x0020, 0x0020, 0x0020, 0x0020, 0x0020,
  0x0020, 0x0020, 0x0020, 0x0020, 0x0020, 0x0020, 0x0020, 0x0020, 0x0020, 0x0020, 0x0020, 0x0020,
  0x0020, 0x0020, 0x0020, 0x0020, 0x0020, 0x0020, 0x0020, 0x0020, 0x0020, 0x0020, 0x0020, 0x0020,
  0x0020, 0x0020, 0x0020, 0x0020, 0x0000, 0x0020, 0x0020, 0x0000, 0x0020, 0x0020, 0x0020, 0x0020,
  0x0020, 0x0020, 0x0020, 0x0000, 0x0020, 0x0020, 0x0020, 0x0020, 0x0020, 0x0020, 0x0020, 0x0020,
  0x0020, 0x0020, 0x0020, 0x3A86, 0x4B28, 0x6C4B, 0x746B, 0x63CA, 0x52E8, 0x3A07, 0x31A6, 0x31A7,
  0x39C7, 0x39E7, 0x3A07, 0x39E7, 0x39E7, 0x31A6, 0x2965, 0x2945, 0x2145, 0x2966, 0x2966, 0x2966,
  0x2966, 0x2965, 0x2945, 0x2945, 0x2965, 0x2986, 0x2966, 0x2945, 0x2124, 0x1904, 0x2104, 0x3985,
  0x41E6, 0x41E6, 0x5A68, 0x5A68, 0x6B0A, 0x83AC, 0x9C6F, 0xACF0, 0xACD0, 0xA48F, 0x8C0D, 0x732A,
  0x6B0A, 0x9C4E, 0xA48F, 0xACD0, 0xACD0, 0xACAF, 0xACAF, 0xACAF, 0xA4AF, 0xACB0, 0xACD0, 0x940D,
  0x8BED, 0xACD0, 0xA48F, 0xACAF, 0xACB0, 0xACD0, 0xACD0, 0xACB0, 0xACD0, 0xB4F0, 0xACAF, 0xA46F,
  0x62A9, 0x7B6B, 0x83AC, 0x9C6F, 0xBD72, 0xD615, 0xDE35, 0xD615, 0xCDD4, 0xD5F4, 0x738B, 0x4307,
  0x5B89, 0x6BEB, 0x6BEB, 0x3245, 0x1923, 0x10C3, 0x18E4, 0x10A2, 0x5388, 0x748C, 0x3AC6, 0x2A24,
  0x0020, 0x0020, 0x0020, 0x0020, 0x0020, 0x0020, 0x0020, 0x0020, 0x0020, 0x0020, 0x0020, 0x0020,
  0x0020, 0x0020, 0x0020, 0x0020, 0x0020, 0x0020, 0x0020, 0x0020, 0x0020, 0x0020, 0x0020, 0x0020,
  0x0000, 0x0020, 0x0020, 0x0020, 0x0020, 0x0020, 0x0020, 0x0020, 0x0020, 0x0020, 0x0020, 0x0020,
  0x0020, 0x0020, 0x0020, 0x0020, 0x0020, 0x0020, 0x0020, 0x0020, 0x0000, 0x0020, 0x0020, 0x0020,
  0x0020, 0x0020, 0x0020, 0x0020, 0x0020, 0x0020, 0x0020, 0x0000, 0x0020, 0x0020, 0x0020, 0x0020,
  0x0020, 0x0020, 0x0020, 0x0020, 0x0020, 0x0020, 0x0021, 0x3245, 0x32A6, 0x32A6, 0x3AA6, 0x5B69,
  0x742B, 0x7CAC, 0x742B, 0x5309, 0x3A06, 0x2986, 0x31A7, 0x39C7, 0x3A08, 0x4208, 0x39E7, 0x31A7,
  0x2966, 0x2965, 0x2945, 0x2965, 0x2966, 0x2966, 0x2965, 0x2965, 0x2965, 0x2945, 0x2945, 0x2966,
  0x2986, 0x2966, 0x2145, 0x2104, 0x1904, 0x2104, 0x3185, 0x4A06, 0x5268, 0x5A68, 0x5A88, 0x62EA,
  0x7B8C, 0x9C6F, 0xA4B0, 0x8C0E, 0x9C4E, 0x8BED, 0x83CD, 0x8BED, 0x9C6E, 0xACD0, 0xB4F0, 0xACD0,
  0xA48F, 0xACD0, 0x9C6E, 0x83CD, 0xA48F, 0xA48F, 0xACB0, 0xA4AF, 0xA4AF, 0xACAF, 0xACAF, 0xA4AF,
  0xACB0, 0xA48F, 0xACD0, 0x83CC, 0x8BCC, 0xA48F, 0x940D, 0x8BAC, 0x8BCC, 0x8BED, 0xA48F, 0xBD72,
  0xCDD3, 0xDE15, 0x73AB, 0x4307, 0x4327, 0x42E6, 0x3AA6, 0x2A45, 0x1923, 0x18E4, 0x1082, 0x3A66,
  0x7CCC, 0x4B08, 0x3285, 0x0881, 0x0000, 0x0020, 0x0020, 0x0020, 0x0020, 0x0020, 0x0000, 0x0020,
  0x0020, 0x0020, 0x0020, 0x0020, 0x0020, 0x0020, 0x0020, 0x0020, 0x0020, 0x0020, 0x0020, 0x0020,
  0x0020, 0x0020, 0x0020, 0x0000, 0x0000, 0x0000, 0x0020, 0x0020, 0x0020, 0x0020, 0x0020, 0x0020,
  0x0020, 0x0000, 0x0020, 0x0020, 0x0020, 0x0020, 0x0020, 0x0020, 0x0020, 0x0020, 0x0020, 0x0020,
  0x0020, 0x0000, 0x0020, 0x0020, 0x0020, 0x0020, 0x0020, 0x0020, 0x0020, 0x0020, 0x0020, 0x0020,
  0x0020, 0x0020, 0x0020, 0x0020, 0x0020, 0x0020, 0x0000, 0x0020, 0x0020, 0x0020, 0x0000, 0x21C4,
  0x3AE6, 0x3AE6, 0x3A86, 0x3A66, 0x3265, 0x3AC7, 0x5368, 0x6C2B, 0x7C8C, 0x6C0B, 0x5309, 0x3A27,
  0x3186, 0x3186, 0x31A7, 0x4AC8, 0x4267, 0x39E8, 0x39C7, 0x3186, 0x2965, 0x2945, 0x2145, 0x2965,
  0x2966, 0x2966, 0x2966, 0x2966, 0x2966, 0x2965, 0x2966, 0x2986, 0x2986, 0x2965, 0x2104, 0x18E4,
  0x2104, 0x3185, 0x4A06, 0x5227, 0x5248, 0x5A68, 0x4A27, 0x7BAD, 0xA48F, 0xB531, 0xACF0, 0x942E,
  0x83CC, 0x83AC, 0x940D, 0x9C4E, 0xA46F, 0xACF0, 0x8BED, 0xA48F, 0xA48F, 0xA48F, 0xA4AF, 0xACAF,
  0xACAF, 0xACAF, 0xACB0, 0xACAF, 0xACB0, 0xACD0, 0x942E, 0x8BCD, 0xACB0, 0xA48F, 0xACAF, 0xACD0,
  0xACD0, 0xA48F, 0x940D, 0x7B8B, 0x83AC, 0xA4B0, 0x6329, 0x3B06, 0x4B28, 0x4B68, 0x42E7, 0x3265,
  0x1944, 0x10A3, 0x21A4, 0x74AB, 0x5369, 0x32A6, 0x1922, 0x0000, 0x0020, 0x0020, 0x0020, 0x0020,
  0x0020, 0x0020, 0x0020, 0x0020, 0x0020, 0x0020, 0x0020, 0x0020, 0x0020, 0x0020, 0x0020, 0x0020,
  0x0020, 0x0020, 0x0020, 0x0020, 0x0020, 0x0020, 0x0020, 0x0020, 0x0020, 0x0020, 0x0020, 0x0020,
  0x0020, 0x0020, 0x0020, 0x0020, 0x0020, 0x0020, 0x0020, 0x0020, 0x0020, 0x0020, 0x0020, 0x0020,
  0x0020, 0x0020, 0x0000, 0x0020, 0x0020, 0x0020, 0x0000, 0x0020, 0x0020, 0x0020, 0x0020, 0x0020,
  0x0020, 0x0020, 0x0020, 0x0020, 0x0020, 0x0020, 0x0020, 0x0020, 0x0020, 0x0020, 0x0020, 0x0020,
  0x0000, 0x0020, 0x0020, 0x0020, 0x08A1, 0x1963, 0x3245, 0x3265, 0x42E7, 0x3AE6, 0x32A6, 0x3285,
  0x42E7, 0x5BA9, 0x744B, 0x7C8C, 0x6C0B, 0x4AE8, 0x3A07, 0x2985, 0x2965, 0x31A7, 0x39E7, 0x39E7,
  0x39E7, 0x39E7, 0x3186, 0x2965, 0x2945, 0x2965, 0x2986, 0x2986, 0x2966, 0x2966, 0x2966, 0x2966,
  0x2966, 0x2966, 0x2965, 0x2965, 0x2145, 0x2104, 0x1904, 0x2104, 0x3185, 0x4A27, 0x4A07, 0x5A68,
  0x5A88, 0x62C9, 0x7B8C, 0x9C6F, 0xACF1, 0xACD0, 0x9C6F, 0x83CC, 0x83AC, 0x7B6B, 0x83AC, 0xA46E,
  0xACAF, 0xACB0, 0xA4AF, 0xA4AF, 0xACD0, 0xACAF, 0xA4AF, 0xACAF, 0xACB0, 0xA48F, 0x83AC, 0xA4AF,
  0xA48F, 0xA4AF, 0xACD0, 0xACD0, 0xA4AF, 0xA4AF, 0xA48F, 0xA48F, 0xA46E, 0x83AC, 0x39C5, 0x3245,
  0x3286, 0x4327, 0x3AA6, 0x32A6, 0x1923, 0x10C2, 0x5BEA, 0x6C2B, 0x3AA6, 0x21C4, 0x0000, 0x0020,
  0x0020, 0x0020, 0x0020, 0x0020, 0x0020, 0x0020, 0x0020, 0x0020, 0x0020, 0x0020, 0x0020, 0x0020,
  0x0020, 0x0020, 0x0020, 0x0020, 0x0020, 0x0020, 0x0020, 0x0020, 0x0020, 0x0020, 0x0020, 0x0020,
  0x0020, 0x0020, 0x0020, 0x0020, 0x0020, 0x0020, 0x0020, 0x0020, 0x0020, 0x0020, 0x0020, 0x0020,
  0x0020, 0x0020, 0x0020, 0x0020, 0x0020, 0x0020, 0x0020, 0x0020, 0x0020, 0x0000, 0x0000, 0x0020,
  0x0020, 0x0020, 0x0020, 0x0020, 0x0020, 0x0020, 0x0020, 0x0020, 0x0020, 0x0020, 0x0020, 0x0020,
  0x0020, 0x0000, 0x0020, 0x0020, 0x0020, 0x0020, 0x0020, 0x0020, 0x0000, 0x0000, 0x0020, 0x10C2,
  0x2184, 0x3245, 0x3AC6, 0x4307, 0x3AE6, 0x3AC6, 0x3286, 0x3AA6, 0x5368, 0x744B, 0x7CAC, 0x63CA,
  0x4AC8, 0x3A07, 0x3186, 0x2966, 0x39C7, 0x39E8, 0x39E7, 0x39E7, 0x39E7, 0x31A6, 0x2965, 0x2945,
  0x2965, 0x2966, 0x2986, 0x2986, 0x2966, 0x2966, 0x2965, 0x2965, 0x2966, 0x2966, 0x2986, 0x2965,
  0x2125, 0x1904, 0x2104, 0x3165, 0x41C6, 0x5227, 0x5268, 0x5A68, 0x62C9, 0x83AC, 0x9C4F, 0xACF1,
  0x9C6F, 0x8C0E, 0x8BED, 0x7B8C, 0x8BED, 0x9C4E, 0xACAF, 0xACD0, 0xACAF, 0xA4AF, 0xA48F, 0xA4AF,
  0xACD0, 0x7B8C, 0xA46F, 0xACAF, 0xA48F, 0xACAF, 0xA48F, 0xA4AF, 0xA4AF, 0xA4AF, 0xA48F, 0x9C4E,
  0xA48F, 0x838C, 0x940D, 0x93ED, 0x6B09, 0x5287, 0x3205, 0x2A04, 0x08A1, 0x42E7, 0x6C4B, 0x42A6,
  0x3265, 0x0041, 0x0020, 0x0020, 0x0020, 0x0020, 0x0020, 0x0020, 0x0020, 0x0020, 0x0020, 0x0020,
  0x0020, 0x0020, 0x0020, 0x0020, 0x0020, 0x0020, 0x0020, 0x0020, 0x0020, 0x0020, 0x0020, 0x0020,
  0x0020, 0x0020, 0x0020, 0x0020, 0x0020, 0x0020, 0x0020, 0x0020, 0x0020, 0x0020, 0x0020, 0x0020,
  0x0020, 0x0020, 0x0020, 0x0020, 0x0020, 0x0020, 0x0020, 0x0020, 0x0020, 0x0020, 0x0020, 0x0020,
  0x0020, 0x0020, 0x0020, 0x0020, 0x0020, 0x0020, 0x0020, 0x0020, 0x0020, 0x0020, 0x0020, 0x0000,
  0x0020, 0x0020, 0x0020, 0x0020, 0x0020, 0x0020, 0x0020, 0x0020, 0x0020, 0x0020, 0x0020, 0x0020,
  0x0020, 0x0021, 0x0020, 0x0000, 0x0000, 0x0020, 0x08A1, 0x1963, 0x3245, 0x3AE7, 0x4307, 0x3AE6,
  0x3AA6, 0x3286, 0x42C7, 0x5BA9, 0x6C2B, 0x7CAC, 0x6C0B, 0x4AE8, 0x3A07, 0x3186, 0x31A7, 0x39C7,
  0x39E7, 0x3A07, 0x3A07, 0x39C7, 0x2966, 0x3186, 0x2945, 0x2965, 0x2966, 0x2966, 0x2966, 0x2965,
  0x2965, 0x2966, 0x2966, 0x2966, 0x2986, 0x2966, 0x2945, 0x1904, 0x18E3, 0x2104, 0x3185, 0x4A06,
  0x5A68, 0x5A68, 0x5268, 0x6B0A, 0x6B0B, 0x9C6F, 0xACF0, 0xACD0, 0x9C6F, 0x8BED, 0x83CD, 0x8BED,
  0x9C4E, 0xA48F, 0xACB0, 0xACD0, 0x940E, 0x8BED, 0xACAF, 0xACAF, 0xACAF, 0xA4AF, 0xA48F, 0xA48F,
  0xA48F, 0xA48F, 0xA4AF, 0xACD0, 0x8BCC, 0x8BED, 0xACD0, 0xA4AF, 0xACAF, 0xA48F, 0x9C4E, 0x62A9,
  0x42E6, 0x5BE9, 0x4AE8, 0x32A6, 0x08C2, 0x0000, 0x0020, 0x0020, 0x0020, 0x0020, 0x0020, 0x0020,
  0x0020, 0x0020, 0x0020, 0x0020, 0x0020, 0x0020, 0x0020, 0x0020, 0x0020, 0x0020, 0x0020, 0x0020,
  0x0020, 0x0020, 0x0020, 0x0020, 0x0020, 0x0020, 0x0020, 0x0020, 0x0020, 0x0020, 0x0020, 0x0020,
  0x0020, 0x0020, 0x0020, 0x0020, 0x0020, 0x0020, 0x0020, 0x0020, 0x0020, 0x0020, 0x0020, 0x0020,
  0x0020, 0x0020, 0x0020, 0x0020, 0x0020, 0x0020, 0x0020, 0x0020, 0x0020, 0x0020, 0x0020, 0x0020,
  0x0020, 0x0020, 0x0020, 0x0000, 0x0020, 0x0020, 0x0020, 0x0020, 0x0020, 0x0000, 0x0020, 0x0020,
  0x0020, 0x0020, 0x0020, 0x0020, 0x0020, 0x0020, 0x0020, 0x0020, 0x0021, 0x0020, 0x0000, 0x0000,
  0x0020, 0x08A1, 0x2183, 0x3245, 0x3AE7, 0x3AE6, 0x3AA6, 0x3245, 0x3265, 0x3AA6, 0x5348, 0x6C4B,
  0x7CAC, 0x63EA, 0x5309, 0x3A07, 0x2986, 0x2986, 0x31A7, 0x4267, 0x5328, 0x39C7, 0x39C7, 0x2986,
  0x2965, 0x2966, 0x2965, 0x2966, 0x2966, 0x2966, 0x2966, 0x2966, 0x2966, 0x2966, 0x2965, 0x2986,
  0x2986, 0x2965, 0x2125, 0x2104, 0x2124, 0x3185, 0x4A06, 0x5227, 0x4A06, 0x5A88, 0x62C9, 0x7B8C,
  0x9C6F, 0xB511, 0xACF1, 0x9C4E, 0x83AC, 0x838C, 0x8BED, 0x8BED, 0x7B8C, 0xB4F0, 0xACB0, 0xA4AF,
  0xA48F, 0xA48F, 0xACAF, 0xACAF, 0xA48F, 0xA48F, 0xACB0, 0x9C6E, 0x83CD, 0xACD0, 0xA48F, 0xA48F,
  0xA48F, 0xACAF, 0x9C6F, 0x5B28, 0x6C8B, 0x4B08, 0x3285, 0x1983, 0x0000, 0x0020, 0x0020, 0x0020,
  0x0020, 0x0020, 0x0020, 0x0020, 0x0020, 0x0020, 0x0020, 0x0020, 0x0020, 0x0020, 0x0020, 0x0020,
  0x0020, 0x0020, 0x0020, 0x0020, 0x0020, 0x0020, 0x0020, 0x0020, 0x0020, 0x0020, 0x0020, 0x0020,
  0x0020, 0x0020, 0x0020, 0x0020, 0x0020, 0x0020, 0x0020, 0x0020, 0x0000, 0x0020, 0x0020, 0x0020,
  0x0020, 0x0020, 0x0020, 0x0020, 0x0020, 0x0020, 0x0000, 0x0020, 0x0020, 0x0020, 0x0020, 0x0020,
  0x0020, 0x0020, 0x0020, 0x0020, 0x0000, 0x0000, 0x0020, 0x0000, 0x0020, 0x0020, 0x0020, 0x0020,
  0x0020, 0x0020, 0x0020, 0x0020, 0x0020, 0x0020, 0x0020, 0x0000, 0x0020, 0x0020, 0x0020, 0x0020,
  0x0020, 0x0020, 0x0020, 0x0020, 0x0020, 0x0000, 0x0000, 0x0020, 0x08A1, 0x1983, 0x21E4, 0x3265,
  0x4307, 0x3AC6, 0x32A6, 0x3285, 0x3AC6, 0x5389, 0x744B, 0x7C8C, 0x742B, 0x52E8, 0x39E6, 0x31A6,
  0x31A5, 0x31A7, 0x39E7, 0x39E7, 0x39E7, 0x39E7, 0x31A6, 0x3186, 0x2965, 0x2945, 0x2966, 0x2986,
  0x2986, 0x2966, 0x2966, 0x2966, 0x2966, 0x2966, 0x2986, 0x2966, 0x2145, 0x2104, 0x1904, 0x2104,
  0x2944, 0x41E6, 0x5227, 0x5A68, 0x5A88, 0x62EA, 0x7B8C, 0x9C6F, 0xACF1, 0xACF1, 0x942E, 0x732A,
  0x7B6B, 0x8BCD, 0x9C4E, 0xA48F, 0xACAF, 0xACD0, 0xA48F, 0xA48F, 0xA48F, 0xA4AF, 0xA4AF, 0x7B4B,
  0xA4B0, 0xA4AF, 0xA48F, 0xA48F, 0xA48F, 0xAC8F, 0x632A, 0x6C8B, 0x63CA, 0x3286, 0x2A04, 0x0000,
  0x0020, 0x0020, 0x0020, 0x0020, 0x0020, 0x0020, 0x0020, 0x0020, 0x0020, 0x0020, 0x0020, 0x0020,
  0x0020, 0x0020, 0x0020, 0x0020, 0x0020, 0x0020, 0x0020, 0x0020, 0x0020, 0x0020, 0x0020, 0x0020,
  0x0020, 0x0020, 0x0020, 0x0020, 0x0020, 0x0020, 0x0020, 0x0000, 0x0020, 0x0020, 0x0020, 0x0020,
  0x0020, 0x0020, 0x0020, 0x0020, 0x0020, 0x0020, 0x0020, 0x0020, 0x0020, 0x0020, 0x0020, 0x0020,
  0x0020, 0x0020, 0x0020, 0x0020, 0x0020, 0x0020, 0x0020, 0x0020, 0x0020, 0x0020, 0x0020, 0x0000,
  0x0020, 0x0020, 0x0020, 0x0020, 0x0020, 0x0020, 0x0020, 0x0020, 0x0020, 0x0020, 0x0020, 0x0020,
  0x0020, 0x0020, 0x0020, 0x0020, 0x0020, 0x0020, 0x0020, 0x0020, 0x0020, 0x0020, 0x0021, 0x0020,
  0x0000, 0x0000, 0x0020, 0x10A2, 0x1963, 0x3245, 0x3AC6, 0x4307, 0x3AE7, 0x3AC6, 0x32A6, 0x42C7,
  0x5369, 0x744B, 0x7CCD, 0x6C2B, 0x4AE8, 0x3A06, 0x2966, 0x3186, 0x39C7, 0x39E7, 0x3A08, 0x4208,
  0x39E7, 0x31A6, 0x2965, 0x2945, 0x2965, 0x2966, 0x2986, 0x2986, 0x2966, 0x2986, 0x2966, 0x2966,
  0x2986, 0x2986, 0x2986, 0x2966, 0x2125, 0x18E4, 0x2104, 0x3165, 0x41E6, 0x5247, 0x5247, 0x5A68,
  0x6AEA, 0x7B6C, 0x7B8C, 0xA4B0, 0xACD0, 0x9C6F, 0x83AC, 0x83AC, 0x8BED, 0x9C2E, 0xA48F, 0xACAF,
  0xACD0, 0xACCF, 0x83AC, 0x9C4E, 0xACAF, 0xA48F, 0xA4B0, 0xA4AF, 0xACF0, 0x7B8C, 0x6C2A, 0x7CCC,
  0x3A86, 0x2A65, 0x0061, 0x0000, 0x0020, 0x0020, 0x0020, 0x0020, 0x0020, 0x0020, 0x0020, 0x0020,
  0x0020, 0x0020, 0x0020, 0x0020, 0x0020, 0x0020, 0x0020, 0x0020, 0x0020, 0x0020, 0x0020, 0x0020,
  0x0020, 0x0020, 0x0020, 0x0020, 0x0020, 0x0020, 0x0020, 0x0020, 0x0020, 0x0020, 0x0020, 0x0020,
  0x0020, 0x0020, 0x0000, 0x0020, 0x0020, 0x0020, 0x0020, 0x0020, 0x0020, 0x0020, 0x0020, 0x0020,
  0x0020, 0x0020, 0x0020, 0x0020, 0x0020, 0x0000, 0x0020, 0x0020, 0x0020, 0x0020, 0x0000, 0x0000,
  0x0020, 0x0020, 0x0000, 0x0000, 0x0020, 0x0020, 0x0020, 0x0020, 0x0020, 0x0000, 0x0020, 0x0020,
  0x0020, 0x0020, 0x0020, 0x0020, 0x0020, 0x0000, 0x0000, 0x0020, 0x0020, 0x0020, 0x0020, 0x0020,
  0x0020, 0x0020, 0x0020, 0x0020, 0x0020, 0x0020, 0x0020, 0x0000, 0x0000, 0x0000, 0x0881, 0x1963,
  0x3245, 0x3AE7, 0x4307, 0x42E7, 0x3AA6, 0x3AC6, 0x42E7, 0x5369, 0x6C0A, 0x7C8C, 0x742B, 0x5309,
  0x3A06, 0x3186, 0x31A7, 0x39C7, 0x39E7, 0x39E7, 0x39C7, 0x39E7, 0x31A7, 0x2945, 0x2965, 0x2945,
  0x2966, 0x2966, 0x2966, 0x2966, 0x2965, 0x2966, 0x2966, 0x2966, 0x2966, 0x2965, 0x2145, 0x2104,
  0x18E4, 0x2104, 0x3185, 0x4A06, 0x5247, 0x4A07, 0x4A27, 0x62E9, 0x7B8C, 0x9C6F, 0xACF0, 0xACD0,
  0x9C4E, 0x83AC, 0x83AC, 0x8BED, 0x9C4E, 0x8BCC, 0x8BCD, 0xACD0, 0xA48F, 0xA48F, 0xA48F, 0xACD0,
  0x940E, 0x5B69, 0x850D, 0x4AE7, 0x32A6, 0x10E2, 0x0000, 0x0021, 0x0020, 0x0020, 0x0020, 0x0020,
  0x0020, 0x0020, 0x0020, 0x0020, 0x0020, 0x0020, 0x0020, 0x0020, 0x0020, 0x0020, 0x0020, 0x0020,
  0x0020, 0x0020, 0x0020, 0x0020, 0x0020, 0x0020, 0x0020, 0x0020, 0x0020, 0x0020, 0x0020, 0x0020,
  0x0020, 0x0020, 0x0020, 0x0020, 0x0020, 0x0020, 0x0020, 0x0020, 0x0020, 0x0020, 0x0020, 0x0020,
  0x0020, 0x0020, 0x0020, 0x0020, 0x0020, 0x0020, 0x0020, 0x0020, 0x0020, 0x0020, 0x0020, 0x0020,
  0x0020, 0x0020, 0x0000, 0x0020, 0x0020, 0x0020, 0x0020, 0x0020, 0x0020, 0x0020, 0x0020, 0x0020,
  0x0020, 0x0000, 0x0020, 0x0020, 0x0020, 0x0020, 0x0020, 0x0020, 0x0000, 0x0020, 0x0020, 0x0020,
  0x0020, 0x0020, 0x0020, 0x0020, 0x0020, 0x0020, 0x0020, 0x0020, 0x0020, 0x0020, 0x0020, 0x0020,
  0x0020, 0x0020, 0x0000, 0x0000, 0x0000, 0x08A1, 0x2163, 0x3245, 0x3AE6, 0x4307, 0x3A86, 0x3245,
  0x2A45, 0x42C7, 0x5389, 0x6C2B, 0x748C, 0x6C0B, 0x52E8, 0x3A07, 0x3186, 0x3186, 0x31A7, 0x39E7,
  0x4248, 0x4A88, 0x31A6, 0x31A6, 0x2965, 0x2965, 0x2945, 0x2945, 0x2966, 0x2966, 0x2965, 0x2966,
  0x2965, 0x2945, 0x2965, 0x2966, 0x2966, 0x2945, 0x2125, 0x1904, 0x2104, 0x3164, 0x39C6, 0x5247,
  0x5227, 0x5A88, 0x62EA, 0x7B6C, 0x944E, 0xB4F1, 0xACF1, 0x7BAC, 0x83AC, 0x6AEA, 0x8BCD, 0x942E,
  0xA48F, 0xACD0, 0xACD0, 0x9C4E, 0x5B09, 0x7CCC, 0x5B89, 0x32A6, 0x21A4, 0x0000, 0x0020, 0x0020,
  0x0020, 0x0020, 0x0020, 0x0020, 0x0020, 0x0020, 0x0020, 0x0020, 0x0020, 0x0020, 0x0020, 0x0020,
  0x0020, 0x0020, 0x0020, 0x0020, 0x0020, 0x0020, 0x0020, 0x0020, 0x0020, 0x0020, 0x0020, 0x0020,
  0x0020, 0x0020, 0x0020, 0x0020, 0x0020, 0x0020, 0x0020, 0x0020, 0x0020, 0x0020, 0x0020, 0x0020,
  0x0020, 0x0020, 0x0020, 0x0020, 0x0020, 0x0020, 0x0020, 0x0020, 0x0020, 0x0020, 0x0020, 0x0020,
  0x0020, 0x0020, 0x0020, 0x0020, 0x0020, 0x0020, 0x0000, 0x0020, 0x0020, 0x0020, 0x0020, 0x0000,
  0x0020, 0x0020, 0x0020, 0x0020, 0x0020, 0x0020, 0x0020, 0x0000, 0x0020, 0x0020, 0x0020, 0x0020,
  0x0020, 0x0020, 0x0020, 0x0020, 0x0020, 0x0020, 0x0020, 0x0020, 0x0000, 0x0020, 0x0020, 0x0020,
  0x0020, 0x0020, 0x0020, 0x0020, 0x0020, 0x0020, 0x0020, 0x0021, 0x0020, 0x0000, 0x0000, 0x0000,
  0x08A1, 0x2163, 0x2A04, 0x3245, 0x4327, 0x3AE6, 0x32A6, 0x3265, 0x3AC6, 0x5389, 0x6C2B, 0x7C8C,
  0x742B, 0x5309, 0x31E6, 0x2966, 0x2985, 0x3A46, 0x3186, 0x39E7, 0x39E7, 0x39C7, 0x2965, 0x2965,
  0x2965, 0x2945, 0x2966, 0x2986, 0x2966, 0x2965, 0x2965, 0x2965, 0x2965, 0x2965, 0x2965, 0x2965,
  0x2945, 0x2125, 0x1904, 0x2103, 0x3165, 0x41E6, 0x4A07, 0x5247, 0x5268, 0x62C9, 0x6B0A, 0x8C0E,
  0xA4AF, 0xACF1, 0x9C6F, 0x8BCD, 0x7B6B, 0x8BCC, 0xA48F, 0x6B0A, 0x6C4B, 0x744B, 0x3286, 0x2A45,
  0x0020, 0x0020, 0x0020, 0x0020, 0x0020, 0x0020, 0x0020, 0x0020, 0x0020, 0x0020, 0x0020, 0x0020,
  0x0020, 0x0020, 0x0020, 0x0020, 0x0020, 0x0020, 0x0020, 0x0020, 0x0020, 0x0020, 0x0020, 0x0020,
  0x0020, 0x0020, 0x0020, 0x0020, 0x0020, 0x0020, 0x0020, 0x0020, 0x0000, 0x0020, 0x0020, 0x0020,
  0x0020, 0x0020, 0x0020, 0x0020, 0x0020, 0x0020, 0x0020, 0x0020, 0x0020, 0x0020, 0x0020, 0x0020,
  0x0020, 0x0020, 0x0020, 0x0020, 0x0020, 0x0020, 0x0020, 0x0020, 0x0020, 0x0020, 0x0000, 0x0020,
  0x0020, 0x0020, 0x0000, 0x0000, 0x0020, 0x0020, 0x0020, 0x0020, 0x0020, 0x0020, 0x0020, 0x0020,
  0x0020, 0x0020, 0x0020, 0x0020, 0x0020, 0x0020, 0x0020, 0x0020, 0x0020, 0x0020, 0x0020, 0x0020,
  0x0020, 0x0020, 0x0020, 0x0020, 0x0020, 0x0020, 0x0020, 0x0020, 0x0020, 0x0020, 0x0020, 0x0020,
  0x0020, 0x0020, 0x0020, 0x0020, 0x0000, 0x0000, 0x0020, 0x10C2, 0x2183, 0x3245, 0x3AA6, 0x3AE7,
  0x3AE6, 0x3AA6, 0x3286, 0x3AC6, 0x5369, 0x6C0B, 0x7CAC, 0x742B, 0x4AA7, 0x2985, 0x3186, 0x2966,
  0x31A7, 0x39C7, 0x39E7, 0x39C7, 0x39C7, 0x31A6, 0x2966, 0x2945, 0x2145, 0x2145, 0x2965, 0x2966,
  0x2965, 0x2965, 0x2966, 0x2966, 0x2966, 0x2966, 0x2966, 0x2965, 0x2125, 0x1904, 0x2104, 0x3165,
  0x39A5, 0x5227, 0x4A06, 0x5247, 0x62C9, 0x7B8C, 0x9C4F, 0xACD0, 0xACD0, 0x9C6F, 0x62E9, 0x5BA9,
  0x7CCD, 0x3AA6, 0x3285, 0x0881, 0x0000, 0x0020, 0x0020, 0x0020, 0x0020, 0x0020, 0x0020, 0x0020,
  0x0020, 0x0020, 0x0020, 0x0020, 0x0020, 0x0020, 0x0020, 0x0020, 0x0020, 0x0020, 0x0020, 0x0020,
  0x0020, 0x0020, 0x0020, 0x0020, 0x0020, 0x0020, 0x0020, 0x0020, 0x0020, 0x0020, 0x0020, 0x0020,
  0x0000, 0x0020, 0x0020, 0x0020, 0x0020, 0x0020, 0x0020, 0x0020, 0x0020, 0x0020, 0x0020, 0x0020,
  0x0020, 0x0020, 0x0020, 0x0020, 0x0020, 0x0020, 0x0020, 0x0020, 0x0020, 0x0020, 0x0020, 0x0020,
  0x0020, 0x0020, 0x0020, 0x0020, 0x0020, 0x0020, 0x0020, 0x0000, 0x0020, 0x0020, 0x0020, 0x0020,
  0x0020, 0x0020, 0x0020, 0x0020, 0x0020, 0x0020, 0x0020, 0x0020, 0x0020, 0x0020, 0x0020, 0x0020,
  0x0020, 0x0020, 0x0020, 0x0020, 0x0020, 0x0020, 0x0020, 0x0020, 0x0020, 0x0020, 0x0020, 0x0020,
  0x0020, 0x0020, 0x0020, 0x0020, 0x0020, 0x0020, 0x0020, 0x0020, 0x0020, 0x0021, 0x0020, 0x0000,
  0x0000, 0x0000, 0x0881, 0x1963, 0x2A45, 0x3AC6, 0x4307, 0x3AE6, 0x32A6, 0x3265, 0x3AC7, 0x5369,
  0x6C2A, 0x7C8C, 0x744C, 0x5329, 0x31C6, 0x2945, 0x3186, 0x39C7, 0x39E7, 0x39E7, 0x39C7, 0x31C7,
  0x31A6, 0x2945, 0x2945, 0x2145, 0x2966, 0x2986, 0x2966, 0x2966, 0x2966, 0x2966, 0x2965, 0x2966,
  0x2966, 0x2966, 0x2145, 0x1904, 0x18E4, 0x2124, 0x2944, 0x41C6, 0x5247, 0x5247, 0x5268, 0x62EA,
  0x83CD, 0x942E, 0x5308, 0x6C2A, 0x4B28, 0x32A5, 0x1923, 0x0000, 0x0021, 0x0020, 0x0020, 0x0020,
  0x0020, 0x0020, 0x0020, 0x0020, 0x0020, 0x0020, 0x0020, 0x0020, 0x0020, 0x0020, 0x0000, 0x0020,
  0x0000, 0x0000, 0x0000, 0x0020, 0x0020, 0x0020, 0x0000, 0x0000, 0x0020, 0x0020, 0x0020, 0x0020,
  0x0020, 0x0020, 0x0020, 0x0020, 0x0020, 0x0020, 0x0020, 0x0020, 0x0020, 0x0020, 0x0020, 0x0020,
  0x0020, 0x0020, 0x0020, 0x0020, 0x0020, 0x0020, 0x0020, 0x0020, 0x0020, 0x0020, 0x0020, 0x0020,
  0x0020, 0x0020, 0x0000, 0x0020, 0x0020, 0x0020, 0x0020, 0x0020, 0x0020, 0x0020, 0x0020, 0x0020,
  0x0020, 0x0020, 0x0020, 0x0020, 0x0020, 0x0020, 0x0020, 0x0020, 0x0020, 0x0020, 0x0020, 0x0020,
  0x0020, 0x0020, 0x0020, 0x0020, 0x0020, 0x0020, 0x0020, 0x0020, 0x0020, 0x0020, 0x0020, 0x0020,
  0x0020, 0x0020, 0x0020, 0x0020, 0x0020, 0x0020, 0x0020, 0x0020, 0x0020, 0x0000, 0x0020, 0x0020,
  0x0020, 0x0020, 0x0020, 0x0020, 0x0020, 0x0020, 0x0000, 0x0000, 0x0000, 0x08A1, 0x1983, 0x3245,
  0x3AE6, 0x42E7, 0x3AC6, 0x3265, 0x3AA6, 0x42E7, 0x5369, 0x6C2B, 0x746B, 0x6BEA, 0x52E8, 0x3A07,
  0x2966, 0x3166, 0x31A7, 0x3A08, 0x39E7, 0x4268, 0x39E7, 0x31A6, 0x2965, 0x2145, 0x2145, 0x2966,
  0x2966, 0x2966, 0x2966, 0x2966, 0x2965, 0x2965, 0x2965, 0x2945, 0x2966, 0x2945, 0x2124, 0x1904,
  0x2104, 0x2964, 0x41C6, 0x5248, 0x5A68, 0x4206, 0x5389, 0x5BA9, 0x32A6, 0x21C4, 0x0000, 0x0021,
  0x0020, 0x0020, 0x0020, 0x0020, 0x0020, 0x0020, 0x0020, 0x0020, 0x0020, 0x0020, 0x0020, 0x0020,
  0x0020, 0x0020, 0x0020, 0x0020, 0x0020, 0x0000, 0x0020, 0x0020, 0x0020, 0x0020, 0x0000, 0x0020,
  0x0020, 0x0020, 0x0020, 0x0020, 0x0020, 0x0020, 0x0020, 0x0020, 0x0020, 0x0020, 0x0020, 0x0020,
  0x0020, 0x0020, 0x0020, 0x0020, 0x0020, 0x0020, 0x0020, 0x0020, 0x0020, 0x0020, 0x0020, 0x0020,
  0x0020, 0x0020, 0x0020, 0x0020, 0x0020, 0x0020, 0x0020, 0x0020, 0x0020, 0x0020, 0x0020, 0x0020,
  0x0020, 0x0020, 0x0020, 0x0000, 0x0020, 0x0020, 0x0020, 0x0020, 0x0020, 0x0020, 0x0020, 0x0020,
  0x0020, 0x0020, 0x0020, 0x0020, 0x0020, 0x0020, 0x0020, 0x0020, 0x0020, 0x0020, 0x0020, 0x0020,
  0x0020, 0x0020, 0x0020, 0x0020, 0x0020, 0x0020, 0x0020, 0x0020, 0x0020, 0x0020, 0x0020, 0x0020,
  0x0020, 0x0020, 0x0020, 0x0020, 0x0020, 0x0020, 0x0020, 0x0020, 0x0020, 0x0020, 0x0020, 0x0020,
  0x0020, 0x0000, 0x0000, 0x0000, 0x08A1, 0x1963, 0x3245, 0x32A6, 0x3AA6, 0x3AE6, 0x3285, 0x3245,
  0x3AA6, 0x5BA9, 0x744B, 0x7C8C, 0x6C0B, 0x5308, 0x31E6, 0x31A6, 0x2946, 0x4AC7, 0x3A27, 0x39E8,
  0x39E7, 0x31A6, 0x31A6, 0x2965, 0x2145, 0x2145, 0x2965, 0x2966, 0x2966, 0x2966, 0x2965, 0x2145,
  0x2965, 0x2965, 0x2945, 0x2965, 0x2145, 0x2124, 0x1904, 0x2104, 0x3145, 0x2964, 0x3245, 0x2A45,
  0x2A25, 0x0041, 0x0020, 0x0020, 0x0020, 0x0020, 0x0020, 0x0020, 0x0020, 0x0020, 0x0020, 0x0020,
  0x0020, 0x0020, 0x0020, 0x0020, 0x0020, 0x0020, 0x0020, 0x0020, 0x0020, 0x0020, 0x0020, 0x0020,
  0x0020, 0x0020, 0x0020, 0x0020, 0x0020, 0x0020, 0x0020, 0x0020, 0x0020, 0x0020, 0x0020, 0x0020,
  0x0020, 0x0020, 0x0020, 0x0020, 0x0020, 0x0020, 0x0000, 0x0020, 0x0020, 0x0020, 0x0020, 0x0020,
  0x0020, 0x0000, 0x0020, 0x0020, 0x0020, 0x0020, 0x0020, 0x0020, 0x0020, 0x0020, 0x0020, 0x0020,
  0x0020, 0x0020, 0x0020, 0x0000, 0x0020, 0x0020, 0x0020, 0x0000, 0x0020, 0x0020, 0x0020, 0x0020,
  0x0020, 0x0020, 0x0020, 0x0020, 0x0020, 0x0000, 0x0020, 0x0020, 0x0020, 0x0020, 0x0020, 0x0020,
  0x0020, 0x0020, 0x0020, 0x0020, 0x0020, 0x0020, 0x0020, 0x0020, 0x0020, 0x0020, 0x0020, 0x0020,
  0x0020, 0x0020, 0x0020, 0x0020, 0x0020, 0x0020, 0x0020, 0x0020, 0x0020, 0x0020, 0x0020, 0x0020,
  0x0020, 0x0020, 0x0000, 0x0020, 0x0020, 0x0020, 0x0020, 0x0020, 0x0000, 0x0000, 0x0020, 0x10C2,
  0x2183, 0x3265, 0x3AC6, 0x4307, 0x3AE6, 0x32A6, 0x3285, 0x3AC6, 0x5369, 0x6C4B, 0x7CAC, 0x6C0B,
  0x4AC8, 0x31C6, 0x2965, 0x3166, 0x31A7, 0x39E7, 0x39E7, 0x39E7, 0x39E7, 0x31A7, 0x2965, 0x2145,
  0x2145, 0x2965, 0x2945, 0x2966, 0x2966, 0x2965, 0x2945, 0x2945, 0x2945, 0x2965, 0x2986, 0x2145,
  0x1903, 0x4B27, 0x3245, 0x3265, 0x10C2, 0x0000, 0x0020, 0x0020, 0x0020, 0x0020, 0x0020, 0x0020,
  0x0020, 0x0020, 0x0020, 0x0020, 0x0020, 0x0020, 0x0020, 0x0020, 0x0020, 0x0020, 0x0020, 0x0020,
  0x0020, 0x0020, 0x0020, 0x0020, 0x0020, 0x0020, 0x0020, 0x0020, 0x0020, 0x0020, 0x0020, 0x0020,
  0x0020, 0x0020, 0x0020, 0x0020, 0x0020, 0x0020, 0x0020, 0x0020, 0x0020, 0x0020, 0x0000, 0x0000,
  0x0020, 0x0020, 0x0020, 0x0020, 0x0020, 0x0020, 0x0020, 0x0020, 0x0020, 0x0020, 0x0020, 0x0020,
  0x0020, 0x0000, 0x0020, 0x0020, 0x0020, 0x0020, 0x0020, 0x0000, 0x0020, 0x0020, 0x0000, 0x0000,
  0x0020, 0x0020, 0x0020, 0x0020, 0x0020, 0x0020, 0x0020, 0x0020, 0x0020, 0x0020, 0x0020, 0x0020,
  0x0020, 0x0020, 0x0020, 0x0020, 0x0020, 0x0020, 0x0020, 0x0020, 0x0020, 0x0020, 0x0020, 0x0020,
  0x0020, 0x0020, 0x0020, 0x0020, 0x0000, 0x0020, 0x0000, 0x0000, 0x0020, 0x0000, 0x0020, 0x0020,
  0x0020, 0x0020, 0x0020, 0x0020, 0x0020, 0x0020, 0x0020, 0x0020, 0x0020, 0x0020, 0x0020, 0x0020,
  0x0020, 0x0021, 0x0020, 0x0000, 0x0000, 0x0020, 0x08A1, 0x2183, 0x3245, 0x3AC6, 0x4307, 0x3AE6,
  0x3285, 0x3285, 0x3AC6, 0x5BA9, 0x6C2B, 0x7CAC, 0x6C0B, 0x4AE8, 0x39E6, 0x2966, 0x3166, 0x31C7,
  0x39E7, 0x3A08, 0x39E7, 0x39C7, 0x31A6, 0x2966, 0x2125, 0x2945, 0x2966, 0x2966, 0x2966, 0x2965,
  0x2945, 0x2965, 0x2986, 0x1904, 0x63CA, 0x5BCA, 0x3285, 0x2183, 0x0000, 0x0020, 0x0020, 0x0020,
  0x0020, 0x0020, 0x0020, 0x0020, 0x0020, 0x0020, 0x0000, 0x0020, 0x0020, 0x0020, 0x0020, 0x0020,
  0x0000, 0x0020, 0x0020, 0x0020, 0x0000, 0x0020, 0x0020, 0x0020, 0x0020, 0x0020, 0x0020, 0x0020,
  0x0020, 0x0020, 0x0020, 0x0020, 0x0020, 0x0020, 0x0020, 0x0020, 0x0020, 0x0020, 0x0020, 0x0020,
  0x0020, 0x0020, 0x0020, 0x0020, 0x0000, 0x0020, 0x0020, 0x0020, 0x0020, 0x0020, 0x0020, 0x0020,
  0x0020, 0x0020, 0x0020, 0x0020, 0x0020, 0x0020, 0x0020, 0x0020, 0x0020, 0x0020, 0x0020, 0x0020,
  0x0020, 0x0000, 0x0020, 0x0020, 0x0020, 0x0020, 0x0020, 0x0020, 0x0020, 0x0020, 0x0020, 0x0020,
  0x0020, 0x0020, 0x0020, 0x0020, 0x0020, 0x0020, 0x0020, 0x0020, 0x0020, 0x0020, 0x0020, 0x0020,
  0x0020, 0x0020, 0x0020, 0x0020, 0x0020, 0x0020, 0x0020, 0x0020, 0x0020, 0x0000, 0x0000, 0x0020,
  0x0020, 0x0020, 0x0020, 0x0020, 0x0020, 0x0020, 0x0020, 0x0020, 0x0020, 0x0020, 0x0020, 0x0020,
  0x0020, 0x0020, 0x0020, 0x0020, 0x0020, 0x0020, 0x0020, 0x0020, 0x0020, 0x0020, 0x0000, 0x0000,
  0x0020, 0x08A1, 0x2183, 0x3245, 0x42E7, 0x4307, 0x3AE6, 0x3265, 0x3A66, 0x3AA6, 0x5368, 0x6C4B,
  0x7CAC, 0x6C0A, 0x4AC8, 0x31E6, 0x3186, 0x3186, 0x39C7, 0x39E8, 0x3A08, 0x4228, 0x39C7, 0x2966,
  0x2966, 0x2965, 0x2945, 0x2145, 0x2965, 0x2986, 0x2105, 0x4B08, 0x7C8C, 0x2A45, 0x2A24, 0x0020,
  0x0020, 0x0020, 0x0020, 0x0020, 0x0020, 0x0020, 0x0020, 0x0020, 0x0020, 0x0020, 0x0020, 0x0000,
  0x0020, 0x0020, 0x0020, 0x0020, 0x0020, 0x0020, 0x0020, 0x0020, 0x0000, 0x0020, 0x0020, 0x0020,
  0x0020, 0x0020, 0x0020, 0x0020, 0x0020, 0x0020, 0x0020, 0x0020, 0x0020, 0x0020, 0x0020, 0x0020,
  0x0020, 0x0020, 0x0020, 0x0020, 0x0020, 0x0020, 0x0020, 0x0020, 0x0020, 0x0020, 0x0020, 0x0000,
  0x0020, 0x0020, 0x0020, 0x0020, 0x0020, 0x0020, 0x0020, 0x0020, 0x0020, 0x0020, 0x0020, 0x0020,
  0x0020, 0x0020, 0x0020, 0x0020, 0x0020, 0x0020, 0x0020, 0x0000, 0x0020, 0x0020, 0x0020, 0x0020,
  0x0020, 0x0020, 0x0020, 0x0020, 0x0020, 0x0020, 0x0020, 0x0020, 0x0020, 0x0020, 0x0020, 0x0020,
  0x0020, 0x0020, 0x0020, 0x0020, 0x0020, 0x0020, 0x0020, 0x0000, 0x0020, 0x0020, 0x0020, 0x0020,
  0x0020, 0x0020, 0x0020, 0x0000, 0x0020, 0x0020, 0x0020, 0x0020, 0x0020, 0x0020, 0x0020, 0x0020,
  0x0020, 0x0020, 0x0020, 0x0020, 0x0000, 0x0020, 0x0020, 0x0020, 0x0020, 0x0020, 0x0020, 0x0020,
  0x0020, 0x0020, 0x0020, 0x0020, 0x0020, 0x0000, 0x0000, 0x0020, 0x10A2, 0x2183, 0x3265, 0x3AA6,
  0x3286, 0x3285, 0x3AA6, 0x3286, 0x3AA6, 0x5368, 0x746B, 0x7C8C, 0x6C0B, 0x4AE8, 0x31E6, 0x3186,
  0x3187, 0x3A27, 0x4B07, 0x2986, 0x4208, 0x39C7, 0x3186, 0x2945, 0x2945, 0x2125, 0x31E6, 0x7CCC,
  0x3AA6, 0x3285, 0x0881, 0x0000, 0x0020, 0x0020, 0x0020, 0x0020, 0x0020, 0x0020, 0x0020, 0x0020,
  0x0020, 0x0020, 0x0020, 0x0020, 0x0020, 0x0020, 0x0020, 0x0020, 0x0020, 0x0020, 0x0020, 0x0020,
  0x0020, 0x0020, 0x0020, 0x0020, 0x0020, 0x0020, 0x0020, 0x0020, 0x0020, 0x0020, 0x0020, 0x0020,
  0x0020, 0x0000, 0x0020, 0x0020, 0x0020, 0x0020, 0x0020, 0x0000, 0x0020, 0x0020, 0x0020, 0x0020,
  0x0020, 0x0020, 0x0020, 0x0020, 0x0020, 0x0020, 0x0020, 0x0020, 0x0020, 0x0020, 0x0000, 0x0020,
  0x0020, 0x0020, 0x0020, 0x0020, 0x0020, 0x0020, 0x0020, 0x0020, 0x0020, 0x0020, 0x0020, 0x0000,
  0x0020, 0x0020, 0x0020, 0x0020, 0x0020, 0x0020, 0x0020, 0x0020, 0x0020, 0x0020, 0x0020, 0x0020,
  0x0020, 0x0020, 0x0020, 0x0020, 0x0020, 0x0020, 0x0020, 0x0020, 0x0020, 0x0020, 0x0020, 0x0000,
  0x0020, 0x0020, 0x0020, 0x0020, 0x0020, 0x0020, 0x0020, 0x0000, 0x0000, 0x0020, 0x0020, 0x0020,
  0x0020, 0x0020, 0x0020, 0x0020, 0x0000, 0x0020, 0x0020, 0x0000, 0x0000, 0x0020, 0x0020, 0x0020,
  0x0020, 0x0020, 0x0020, 0x0020, 0x0020, 0x0020, 0x0000, 0x0000, 0x0020, 0x0020, 0x0020, 0x0020,
  0x0000, 0x0000, 0x0020, 0x10C2, 0x1963, 0x3265, 0x3AE6, 0x3B07, 0x3AE6, 0x32A6, 0x32A6, 0x3AC7,
  0x5368, 0x6C4B, 0x748C, 0x6C0B, 0x5309, 0x2985, 0x2124, 0x31A7, 0x39C7, 0x39C7, 0x39E7, 0x39E7,
  0x39C7, 0x2124, 0x746B, 0x4B28, 0x3285, 0x1943, 0x0000, 0x0020, 0x0020, 0x0020, 0x0020, 0x0020,
  0x0020, 0x0020, 0x0020, 0x0020, 0x0020, 0x0020, 0x0020, 0x0020, 0x0020, 0x0020, 0x0020, 0x0020,
  0x0020, 0x0020, 0x0020, 0x0020, 0x0020, 0x0020, 0x0020, 0x0020, 0x0020, 0x0020, 0x0020, 0x0020,
  0x0020, 0x0020, 0x0020, 0x0020, 0x0020, 0x0020, 0x0000, 0x0020, 0x0020, 0x0020, 0x0020, 0x0020,
  0x0020, 0x0020, 0x0020, 0x0020, 0x0020, 0x0020, 0x0020, 0x0020, 0x0020, 0x0020, 0x0020, 0x0020,
  0x0020, 0x0020, 0x0020, 0x0020, 0x0020, 0x0020, 0x0000, 0x0000, 0x0000, 0x0020, 0x0020, 0x0020,
  0x0020, 0x0020, 0x0020, 0x0020, 0x0020, 0x0020, 0x0020, 0x0020, 0x0020, 0x0020, 0x0020, 0x0020,
  0x0020, 0x0020, 0x0000, 0x0020, 0x0020, 0x0020, 0x0020, 0x0020, 0x0020, 0x0020, 0x0020, 0x0020,
  0x0020, 0x0020, 0x0020, 0x0020, 0x0020, 0x0020, 0x0020, 0x0020, 0x0020, 0x0020, 0x0020, 0x0020,
  0x0020, 0x0020, 0x0020, 0x0020, 0x0020, 0x0020, 0x0020, 0x0020, 0x0020, 0x0020, 0x0020, 0x0000,
  0x0020, 0x0020, 0x0020, 0x0020, 0x0020, 0x0020, 0x0020, 0x0020, 0x0020, 0x0020, 0x0000, 0x0020,
  0x0020, 0x0000, 0x0020, 0x0020, 0x0020, 0x0020, 0x0020, 0x0000, 0x0000, 0x0020, 0x08A1, 0x1963,
  0x3265, 0x3AE7, 0x4307, 0x3AC6, 0x32A6, 0x3285, 0x3AC6, 0x5389, 0x6C4B, 0x746B, 0x6C0B, 0x5309,
  0x31C6, 0x2966, 0x31A7, 0x39E7, 0x2945, 0x5B89, 0x6C0B, 0x3265, 0x21E4, 0x0000, 0x0021, 0x0020,
  0x0020, 0x0020, 0x0020, 0x0000, 0x0020, 0x0020, 0x0020, 0x0020, 0x0020, 0x0020, 0x0020, 0x0020,
  0x0020, 0x0020, 0x0020, 0x0020, 0x0020, 0x0020, 0x0020, 0x0000, 0x0020, 0x0020, 0x0020, 0x0020,
  0x0020, 0x0000, 0x0020, 0x0020, 0x0020, 0x0020, 0x0020, 0x0020, 0x0000, 0x0000, 0x0020, 0x0020,
  0x0020, 0x0020, 0x0020, 0x0020, 0x0020, 0x0020, 0x0020, 0x0020, 0x0020, 0x0020, 0x0020, 0x0020,
  0x0020, 0x0020, 0x0020, 0x0020, 0x0020, 0x0020, 0x0020, 0x0020, 0x0020, 0x0020, 0x0020, 0x0000,
  0x0020, 0x0020, 0x0020, 0x0020, 0x0020, 0x0020, 0x0020, 0x0020, 0x0020, 0x0020, 0x0020, 0x0020,
  0x0020, 0x0020, 0x0020, 0x0020, 0x0000, 0x0000, 0x0000, 0x0000, 0x0020, 0x0020, 0x0020, 0x0020,
  0x0020, 0x0020, 0x0020, 0x0020, 0x0020, 0x0020, 0x0020, 0x0020, 0x0020, 0x0000, 0x0020, 0x0020,
  0x0020, 0x0020, 0x0020, 0x0020, 0x0020, 0x0020, 0x0020, 0x0020, 0x0020, 0x0020, 0x0020, 0x0020,
  0x0020, 0x0020, 0x0020, 0x0020, 0x0020, 0x0020, 0x0020, 0x0020, 0x0020, 0x0020, 0x0020, 0x0020,
  0x0020, 0x0020, 0x0020, 0x0000, 0x0020, 0x0020, 0x0020, 0x0020, 0x0020, 0x0020, 0x0020, 0x0020,
  0x0020, 0x0020, 0x0000, 0x0000, 0x0020, 0x08A1, 0x2183, 0x3265, 0x3AE7, 0x4307, 0x3AE6, 0x3285,
  0x3245, 0x4B07, 0x5368, 0x6C0A, 0x748C, 0x6C0B, 0x42A7, 0x2144, 0x4287, 0x7CCC, 0x32A6, 0x3265,
  0x0041, 0x0000, 0x0020, 0x0020, 0x0020, 0x0020, 0x0020, 0x0000, 0x0020, 0x0020, 0x0020, 0x0020,
  0x0020, 0x0020, 0x0020, 0x0020, 0x0020, 0x0020, 0x0020, 0x0020, 0x0020, 0x0020, 0x0020, 0x0020,
  0x0020, 0x0000, 0x0000, 0x0020, 0x0020, 0x0000, 0x0020, 0x0020, 0x0020, 0x0020, 0x0020, 0x0000,
  0x0000, 0x0000, 0x0020, 0x0020, 0x0020, 0x0020, 0x0020, 0x0020, 0x0020, 0x0020, 0x0020, 0x0020,
  0x0020, 0x0020, 0x0020, 0x0020, 0x0020, 0x0020, 0x0020, 0x0000, 0x0000, 0x0020, 0x0020, 0x0020,
  0x0020, 0x0020, 0x0020, 0x0020, 0x0020, 0x0000, 0x0020, 0x0020, 0x0020, 0x0020, 0x0020, 0x0020,
  0x0020, 0x0020, 0x0020, 0x0020, 0x0020, 0x0020, 0x0020, 0x0020, 0x0000, 0x0020, 0x0020, 0x0020,
  0x0020, 0x0020, 0x0020, 0x0020, 0x0020, 0x0020, 0x0020, 0x0020, 0x0020, 0x0020, 0x0020, 0x0020,
  0x0020, 0x0020, 0x0020, 0x0020, 0x0020, 0x0020, 0x0020, 0x0020, 0x0020, 0x0020, 0x0020, 0x0020,
  0x0020, 0x0020, 0x0020, 0x0020, 0x0020, 0x0020, 0x0020, 0x0020, 0x0020, 0x0020, 0x0020, 0x0020,
  0x0020, 0x0020, 0x0020, 0x0020, 0x0020, 0x0020, 0x0020, 0x0020, 0x0020, 0x0020, 0x0020, 0x0020,
  0x0020, 0x0020, 0x0020, 0x0020, 0x0020, 0x0020, 0x0020, 0x0020, 0x0020, 0x0000, 0x0000, 0x0020,
  0x08A1, 0x2183, 0x3245, 0x3AC6, 0x3AC6, 0x3AA6, 0x2A65, 0x3265, 0x42E7, 0x5389, 0x6C2A, 0x746B,
  0x7CAC, 0x42E7, 0x32A6, 0x10C2, 0x0000, 0x0020, 0x0020, 0x0020, 0x0020, 0x0020, 0x0020, 0x0020,
  0x0020, 0x0020, 0x0020, 0x0020, 0x0020, 0x0020, 0x0020, 0x0020, 0x0020, 0x0020, 0x0020, 0x0020,
  0x0020, 0x0020, 0x0020, 0x0020, 0x0020, 0x0000, 0x0020, 0x0020, 0x0020, 0x0020, 0x0020, 0x0020,
  0x0020, 0x0020, 0x0020, 0x0020, 0x0020, 0x0020, 0x0020, 0x0020, 0x0000, 0x0000, 0x0000, 0x0020,
  0x0020, 0x0020, 0x0020, 0x0020, 0x0020, 0x0020, 0x0020, 0x0020, 0x0020, 0x0020, 0x0020, 0x0000,
  0x0020, 0x0020, 0x0000, 0x0020, 0x0020, 0x0020, 0x0020, 0x0000, 0x0000, 0x0020, 0x0020, 0x0020,
  0x0020, 0x0020, 0x0000, 0x0020, 0x0020, 0x0020, 0x0020, 0x0020, 0x0020, 0x0020, 0x0020, 0x0020,
  0x0020, 0x0020, 0x0000, 0x0020, 0x0020, 0x0020, 0x0020, 0x0020, 0x0020, 0x0020, 0x0020, 0x0020,
  0x0020, 0x0020, 0x0020, 0x0020, 0x0020, 0x0020, 0x0020, 0x0020, 0x0020, 0x0020, 0x0020, 0x0020,
  0x0020, 0x0020, 0x0020, 0x0020, 0x0020, 0x0020, 0x0020, 0x0020, 0x0020, 0x0020, 0x0020, 0x0020,
  0x0020, 0x0020, 0x0020, 0x0020, 0x0020, 0x0020, 0x0020, 0x0020, 0x0020, 0x0020, 0x0020, 0x0020,
  0x0020, 0x0020, 0x0020, 0x0020, 0x0000, 0x0000, 0x0020, 0x0020, 0x0020, 0x0020, 0x0020, 0x0020,
  0x0020, 0x0020, 0x0021, 0x0020, 0x0000, 0x0000, 0x0020, 0x10C2, 0x2183, 0x21E4, 0x3AC6, 0x3B07,
  0x3AC6, 0x3265, 0x3285, 0x4B28, 0x42A7, 0x3285, 0x1983, 0x0000, 0x0020, 0x0020, 0x0020, 0x0020,
  0x0020, 0x0020, 0x0020, 0x0020, 0x0020, 0x0020, 0x0020, 0x0020, 0x0020, 0x0020, 0x0020, 0x0020,
  0x0020, 0x0020, 0x0020, 0x0020, 0x0020, 0x0020, 0x0020, 0x0020, 0x0020, 0x0020, 0x0000, 0x0020,
  0x0020, 0x0020, 0x0020, 0x0020, 0x0020, 0x0020, 0x0020, 0x0020, 0x0020, 0x0000, 0x0020, 0x0000,
  0x0000, 0x0000, 0x0020, 0x0020, 0x0020, 0x0020, 0x0020, 0x0020, 0x0020, 0x0020, 0x0020, 0x0020,
  0x0020, 0x0020, 0x0020, 0x0000, 0x0000, 0x0020, 0x0000, 0x0000, 0x0020, 0x0020, 0x0020, 0x0000,
  0x0020, 0x0020, 0x0020, 0x0000, 0x0000, 0x0000, 0x0000, 0x0020, 0x0020, 0x0020, 0x0020, 0x0020,
  0x0020, 0x0020, 0x0020, 0x0020, 0x0020, 0x0020, 0x0020, 0x0020, 0x0020, 0x0020, 0x0020, 0x0020,
  0x0020, 0x0020, 0x0020, 0x0020, 0x0020, 0x0020, 0x0020, 0x0020, 0x0020, 0x0020, 0x0020, 0x0020,
  0x0020, 0x0020, 0x0020, 0x0020, 0x0020, 0x0020, 0x0020, 0x0020, 0x0020, 0x0020, 0x0020, 0x0020,
  0x0020, 0x0020, 0x0020, 0x0020, 0x0020, 0x0020, 0x0020, 0x0020, 0x0020, 0x0020, 0x0020, 0x0020,
  0x0020, 0x0020, 0x0020, 0x0020, 0x0020, 0x0020, 0x0020, 0x0020, 0x0000, 0x0020, 0x0020, 0x0020,
  0x0020, 0x0020, 0x0020, 0x0020, 0x0020, 0x0020, 0x0020, 0x0020, 0x0020, 0x0020, 0x0020, 0x0000,
  0x0000, 0x0041, 0x08C1, 0x2183, 0x3245, 0x3AC6, 0x3AE6, 0x3AA6, 0x32A6, 0x2204, 0x0020, 0x0020,
  0x0020, 0x0020, 0x0020, 0x0020, 0x0020, 0x0020, 0x0020, 0x0020, 0x0020, 0x0020, 0x0020, 0x0020,
  0x0020, 0x0020, 0x0020, 0x0020, 0x0020, 0x0020, 0x0000, 0x0020, 0x0020, 0x0020, 0x0020, 0x0020,
  0x0020, 0x0020, 0x0020, 0x0020, 0x0020, 0x0020, 0x0020, 0x0020, 0x0020, 0x0000, 0x0020, 0x0020,
  0x0000, 0x0020, 0x0020, 0x0000, 0x0000, 0x0000, 0x0020, 0x0020, 0x0000, 0x0000, 0x0020, 0x0020,
  0x0020, 0x0020, 0x0020, 0x0020, 0x0020, 0x0020, 0x0020, 0x0000, 0x0000, 0x0020, 0x0020, 0x0000,
  0x0020, 0x0020, 0x0020, 0x0020, 0x0020, 0x0020, 0x0020, 0x0020, 0x0020, 0x0020, 0x0020, 0x0020,
  0x0020, 0x0020, 0x0020, 0x0020, 0x0020, 0x0020, 0x0020, 0x0020, 0x0020, 0x0020, 0x0020, 0x0020,
  0x0020, 0x0020, 0x0020, 0x0020, 0x0020, 0x0020, 0x0020, 0x0020, 0x0020, 0x0020, 0x0020, 0x0020,
  0x0020, 0x0020, 0x0020, 0x0020, 0x0020, 0x0020, 0x0020, 0x0020, 0x0020, 0x0020, 0x0020, 0x0020,
  0x0020, 0x0020, 0x0020, 0x0020, 0x0020, 0x0020, 0x0020, 0x0020, 0x0020, 0x0020, 0x0020, 0x0020,
  0x0020, 0x0020, 0x0020, 0x0020, 0x0020, 0x0020, 0x0020, 0x0020, 0x0020, 0x0020, 0x0020, 0x0020,
  0x0020, 0x0020, 0x0020, 0x0020, 0x0020, 0x0020, 0x0020, 0x0020, 0x0020, 0x0020, 0x0020, 0x0020,
  0x0020, 0x0020, 0x0020, 0x0020, 0x0020, 0x0020, 0x0000, 0x0000, 0x0020, 0x08C1, 0x2183, 0x3245,
  0x3265, 0x0881, 0x0000, 0x0020, 0x0020, 0x0020, 0x0020, 0x0020, 0x0020, 0x0020, 0x0020, 0x0020,
  0x0020, 0x0020, 0x0020, 0x0020, 0x0020, 0x0020, 0x0020, 0x0020, 0x0020, 0x0020, 0x0020, 0x0020,
  0x0020, 0x0020, 0x0020, 0x0020, 0x0020, 0x0000, 0x0020, 0x0020, 0x0020, 0x0020, 0x0020, 0x0020,
  0x0020, 0x0020, 0x0020, 0x0020, 0x0020, 0x0020, 0x0020, 0x0020, 0x0020, 0x0020, 0x0020, 0x0020,
  0x0020, 0x0000, 0x0020, 0x0020, 0x0020, 0x0020, 0x0020, 0x0020, 0x0020, 0x0020, 0x0020, 0x0020,
  0x0020, 0x0000, 0x0000, 0x0000, 0x0020, 0x0020, 0x0020, 0x0020, 0x0020, 0x0000, 0x0000, 0x0000,
  0x0020, 0x0020, 0x0020, 0x0020, 0x0020, 0x0020, 0x0020, 0x0020, 0x0020, 0x0020, 0x0020, 0x0000,
  0x0020, 0x0020, 0x0020, 0x0020, 0x0020, 0x0020, 0x0020, 0x0020, 0x0020, 0x0020, 0x0020, 0x0020,
  0x0020, 0x0020, 0x0020, 0x0020, 0x0020, 0x0020, 0x0020, 0x0020, 0x0020, 0x0020, 0x0020, 0x0020,
  0x0020, 0x0020, 0x0020, 0x0020, 0x0020, 0x0020, 0x0020, 0x0020, 0x0020, 0x0020, 0x0020, 0x0020,
  0x0020, 0x0020, 0x0020, 0x0020, 0x0020, 0x0020, 0x0020, 0x0020, 0x0020, 0x0020, 0x0020, 0x0020,
  0x0020, 0x0020, 0x0020, 0x0020, 0x0020, 0x0020, 0x0020, 0x0020, 0x0020, 0x0020, 0x0020, 0x0020,
  0x0020, 0x0020, 0x0020, 0x0020, 0x0020, 0x0020, 0x0020, 0x0020, 0x0020, 0x0020, 0x0020, 0x0020,
  0x0020, 0x0000, 0x0000, 0x0041, 0x0861, 0x0000, 0x0020, 0x0020, 0x0020, 0x0000, 0x0020, 0x0020,
  0x0020, 0x0020, 0x0020, 0x0020, 0x0020, 0x0020, 0x0020, 0x0020, 0x0000, 0x0020, 0x0020, 0x0020,
  0x0020, 0x0020, 0x0020, 0x0020, 0x0020, 0x0020, 0x0020, 0x0020, 0x0020, 0x0000, 0x0020, 0x0020,
  0x0020, 0x0020, 0x0000, 0x0020, 0x0020, 0x0020, 0x0020, 0x0020, 0x0020, 0x0020, 0x0020, 0x0020,
  0x0020, 0x0020, 0x0020, 0x0020, 0x0000, 0x0020, 0x0020, 0x0020, 0x0000, 0x0020, 0x0020, 0x0020,
  0x0020, 0x0020, 0x0020, 0x0020, 0x0020, 0x0000, 0x0000, 0x0020, 0x0000, 0x0020, 0x0020, 0x0020,
  0x0020, 0x0020, 0x0000, 0x0000, 0x0020, 0x0020, 0x0020, 0x0000, 0x0020, 0x0020, 0x0020, 0x0020,
  0x0020, 0x0020, 0x0000, 0x0020, 0x0020, 0x0020, 0x0020, 0x0020, 0x0020, 0x0020, 0x0020, 0x0000,
  0x0020, 0x0020, 0x0020, 0x0020, 0x0020, 0x0020, 0x0020, 0x0020, 0x0020, 0x0020, 0x0020, 0x0020,
  0x0020, 0x0020, 0x0020, 0x0020, 0x0020, 0x0020, 0x0020, 0x0020, 0x0020, 0x0020, 0x0020, 0x0020,
  0x0020, 0x0020, 0x0020, 0x0020, 0x0020, 0x0020, 0x0020, 0x0020, 0x0020, 0x0020, 0x0020, 0x0020,
  0x0020, 0x0020, 0x0020, 0x0020, 0x0020, 0x0020, 0x0020, 0x0020, 0x0020, 0x0020, 0x0020, 0x0020,
  0x0020, 0x0000, 0x0020, 0x0020, 0x0020, 0x0020, 0x0020, 0x0020, 0x0020, 0x0020, 0x0020, 0x0020,
  0x0020, 0x0020, 0x0020, 0x0020, 0x0020, 0x0020, 0x0020, 0x0000, 0x0000, 0x0020, 0x0020, 0x0020,
  0x0020, 0x0020, 0x0020, 0x0000, 0x0020, 0x0020, 0x0020, 0x0020, 0x0020, 0x0020, 0x0020, 0x0020,
  0x0020, 0x0020, 0x0020, 0x0020, 0x0020, 0x0020, 0x0020, 0x0020, 0x0020, 0x0020, 0x0020, 0x0020,
  0x0020, 0x0020, 0x0020, 0x0020, 0x0020, 0x0020, 0x0020, 0x0020, 0x0020, 0x0000, 0x0020, 0x0020,
  0x0020, 0x0020, 0x0020, 0x0020, 0x0020, 0x0020, 0x0020, 0x0020, 0x0000, 0x0020, 0x0020, 0x0020,
  0x0000, 0x0020, 0x0020, 0x0020, 0x0020, 0x0020, 0x0020, 0x0020, 0x0020, 0x0020, 0x0020, 0x0020,
  0x0000, 0x0000, 0x0020, 0x0020, 0x0020, 0x0020, 0x0000, 0x0020, 0x0020, 0x0020, 0x0020, 0x0000,
  0x0020, 0x0020, 0x0020, 0x0020, 0x0020, 0x0020, 0x0020, 0x0020, 0x0020, 0x0020, 0x0020, 0x0020,
  0x0020, 0x0020, 0x0020, 0x0020, 0x0020, 0x0020, 0x0020, 0x0020, 0x0020, 0x0020, 0x0020, 0x0020,
  0x0020, 0x0000, 0x0020, 0x0020, 0x0020, 0x0020, 0x0020, 0x0020, 0x0020, 0x0020, 0x0020, 0x0020,
  0x0020, 0x0020, 0x0020, 0x0020, 0x0020, 0x0020, 0x0020, 0x0020, 0x0020, 0x0020, 0x0020, 0x0020,
  0x0020, 0x0020, 0x0020, 0x0020, 0x0020, 0x0020, 0x0020, 0x0020, 0x0020, 0x0020, 0x0020, 0x0020,
  0x0020, 0x0020, 0x0020, 0x0020, 0x0020, 0x0020, 0x0020, 0x0020, 0x0020, 0x0020, 0x0020, 0x0020,
  0x0020, 0x0020, 0x0020, 0x0000, 0x0020, 0x0020, 0x0020, 0x0020, 0x0020, 0x0020, 0x0020, 0x0020,
  0x0020, 0x0020, 0x0020, 0x0020, 0x0020, 0x0000, 0x0020, 0x0020, 0x0020, 0x0020, 0x0020, 0x0020,
  0x0020, 0x0020, 0x0020, 0x0020, 0x0020, 0x0020, 0x0020, 0x0020, 0x0020, 0x0020, 0x0020, 0x0020,
  0x0020, 0x0020, 0x0020, 0x0020, 0x0020, 0x0020, 0x0020, 0x0020, 0x0000, 0x0020, 0x0020, 0x0020,
  0x0020, 0x0020, 0x0020, 0x0020, 0x0020, 0x0020, 0x0000, 0x0000, 0x0020, 0x0020, 0x0020, 0x0020,
  0x0020, 0x0000, 0x0000, 0x0020, 0x0020, 0x0020, 0x0020, 0x0020, 0x0020, 0x0020, 0x0020, 0x0020,
  0x0020, 0x0020, 0x0020, 0x0020, 0x0020, 0x0020, 0x0020, 0x0020, 0x0020, 0x0020, 0x0020, 0x0020,
  0x0020, 0x0020, 0x0020, 0x0000, 0x0000, 0x0020, 0x0020, 0x0020, 0x0020, 0x0020, 0x0020, 0x0000,
  0x0020, 0x0020, 0x0020, 0x0020, 0x0020, 0x0020, 0x0020, 0x0020, 0x0020, 0x0020, 0x0020, 0x0020,
  0x0020, 0x0020, 0x0020, 0x0020, 0x0020, 0x0000, 0x0000, 0x0020, 0x0020, 0x0020, 0x0020, 0x0020,
  0x0020, 0x0020, 0x0020, 0x0020, 0x0000, 0x0020, 0x0000, 0x0020, 0x0000, 0x0020, 0x0020, 0x0020,
  0x0020, 0x0020, 0x0000, 0x0020, 0x0020, 0x0020, 0x0020, 0x0020, 0x0020, 0x0020, 0x0020, 0x0020,
  0x0020, 0x0020, 0x0020, 0x0020, 0x0020, 0x0020, 0x0020, 0x0020, 0x0000, 0x0020, 0x0020, 0x0020,
  0x0020, 0x0020, 0x0020, 0x0020, 0x0020, 0x0020, 0x0020, 0x0020, 0x0020, 0x0020, 0x0020, 0x0020,
  0x0020, 0x0020, 0x0020, 0x0020, 0x0020, 0x0020, 0x0020, 0x0020, 0x0020, 0x0020, 0x0020, 0x0020,
  0x0020, 0x0020, 0x0020, 0x0020, 0x0020, 0x0020, 0x0020, 0x0020, 0x0020, 0x0020, 0x0020, 0x0020,
  0x0020, 0x0020, 0x0020, 0x0020, 0x0020, 0x0020, 0x0020, 0x0020, 0x0000, 0x0000, 0x0020, 0x0020,
  0x0020, 0x0020, 0x0000, 0x0000, 0x0020, 0x0020, 0x0020, 0x0020, 0x0020, 0x0000, 0x0000, 0x0020,
  0x0020, 0x0020, 0x0020, 0x0020, 0x0020, 0x0020, 0x0000, 0x0020, 0x0020, 0x0020, 0x0020, 0x0020,
  0x0020, 0x0020, 0x0020, 0x0020, 0x0020, 0x0020, 0x0020, 0x0020, 0x0020, 0x0020, 0x0020, 0x0020,
  0x0020, 0x0020, 0x0020, 0x0020, 0x0020, 0x0020, 0x0020, 0x0020, 0x0020, 0x0000, 0x0020, 0x0020,
  0x0020, 0x0020, 0x0020, 0x0000, 0x0020, 0x0020, 0x0020, 0x0020, 0x0020, 0x0020, 0x0020, 0x0020,
  0x0020, 0x0020, 0x0020, 0x0020, 0x0020, 0x0020, 0x0000, 0x0000, 0x0020, 0x0020, 0x0000, 0x0020,
  0x0020, 0x0020, 0x0020, 0x0020, 0x0020, 0x0020, 0x0020, 0x0020, 0x0020, 0x0020, 0x0000, 0x0020,
  0x0000, 0x0020, 0x0020, 0x0020, 0x0020, 0x0020, 0x0000, 0x0020, 0x0020, 0x0020, 0x0020, 0x0020,
  0x0020, 0x0020, 0x0020, 0x0020, 0x0020, 0x0020, 0x0020, 0x0020, 0x0020, 0x0020, 0x0020, 0x0020,
  0x0020, 0x0020, 0x0020, 0x0020, 0x0020, 0x0020, 0x0020, 0x0020, 0x0000, 0x0020, 0x0020, 0x0020,
  0x0020, 0x0020, 0x0020, 0x0020, 0x0020, 0x0020, 0x0020, 0x0020, 0x0020, 0x0020, 0x0020, 0x0020,
  0x0020, 0x0020, 0x0020, 0x0020, 0x0020, 0x0020, 0x0020, 0x0020, 0x0020, 0x0020, 0x0020, 0x0020,
  0x0020, 0x0020, 0x0020, 0x0020, 0x0020, 0x0020, 0x0020, 0x0020, 0x0020, 0x0020, 0x0020, 0x0020,
  0x0020, 0x0000, 0x0000, 0x0020, 0x0020, 0x0020, 0x0000, 0x0020, 0x0020, 0x0020, 0x0020, 0x0020,
  0x0020, 0x0020, 0x0020, 0x0020, 0x0020, 0x0020, 0x0020, 0x0020, 0x0000, 0x0000, 0x0000, 0x0000,
  0x0020, 0x0020, 0x0020, 0x0000, 0x0020, 0x0020, 0x0020, 0x0020, 0x0020, 0x0020, 0x0020, 0x0020,
  0x0000, 0x0020, 0x0020, 0x0020, 0x0020, 0x0020, 0x0020, 0x0020, 0x0020, 0x0020, 0x0020, 0x0000,
  0x0020, 0x0020, 0x0020, 0x0020, 0x0020, 0x0020, 0x0020, 0x0020, 0x0020, 0x0020, 0x0020, 0x0020,
  0x0020, 0x0020, 0x0020, 0x0020, 0x0020, 0x0020, 0x0020, 0x0020, 0x0020, 0x0020, 0x0000, 0x0000,
  0x0020, 0x0020, 0x0020, 0x0020, 0x0020, 0x0020, 0x0020, 0x0020, 0x0020, 0x0020, 0x0020, 0x0020,
  0x0020, 0x0020, 0x0020, 0x0020, 0x0020, 0x0020, 0x0020, 0x0020, 0x0020, 0x0020, 0x0020, 0x0020,
  0x0020, 0x0020, 0x0020, 0x0020, 0x0020, 0x0020, 0x0020, 0x0020, 0x0020, 0x0020, 0x0020, 0x0020,
  0x0020, 0x0020, 0x0020, 0x0020, 0x0020, 0x0020, 0x0020, 0x0020, 0x0020, 0x0020, 0x0020, 0x0020,
  0x0020, 0x0020, 0x0020, 0x0020, 0x0020, 0x0020, 0x0020, 0x0020, 0x0020, 0x0020, 0x0020, 0x0020,
  0x0020, 0x0020, 0x0020, 0x0020, 0x0020, 0x0020, 0x0020, 0x0020, 0x0020, 0x0020, 0x0020, 0x0020,
  0x0020, 0x0020, 0x0020, 0x0020, 0x0020, 0x0020, 0x0020, 0x0020, 0x0020, 0x0020, 0x0020, 0x0020,
  0x0020, 0x0000, 0x0020, 0x0020, 0x0020, 0x0000, 0x0000, 0x0020, 0x0020, 0x0020, 0x0020, 0x0020,
  0x0020, 0x0020, 0x0020, 0x0020, 0x0020, 0x0020, 0x0020, 0x0020, 0x0020, 0x0020, 0x0020, 0x0020,
  0x0000, 0x0020, 0x0000, 0x0000, 0x0020, 0x0020, 0x0020, 0x0020, 0x0020, 0x0020, 0x0020, 0x0020,
  0x0020, 0x0020, 0x0020, 0x0020, 0x0000, 0x0020, 0x0020, 0x0020, 0x0020, 0x0000, 0x0020, 0x0020,
  0x0020, 0x0020, 0x0020, 0x0000, 0x0020, 0x0020, 0x0020, 0x0020, 0x0020, 0x0000, 0x0020, 0x0020,
  0x0020, 0x0020, 0x0020, 0x0000, 0x0020, 0x0020, 0x0020, 0x0020, 0x0020, 0x0020, 0x0020, 0x0020,
  0x0020, 0x0020, 0x0000, 0x0020, 0x0020, 0x0020, 0x0020, 0x0020, 0x0020, 0x0020, 0x0020, 0x0020,
  0x0020, 0x0020, 0x0020, 0x0020, 0x0020, 0x0020, 0x0020, 0x0020, 0x0020, 0x0020, 0x0020, 0x0020,
  0x0020, 0x0020, 0x0020, 0x0020, 0x0020, 0x0020, 0x0020, 0x0020, 0x0020, 0x0020, 0x0020, 0x0020,
  0x0020, 0x0020, 0x0020, 0x0020, 0x0020, 0x0020, 0x0020, 0x0020, 0x0020, 0x0020, 0x0020, 0x0020,
  0x0020, 0x0020, 0x0020, 0x0020, 0x0020, 0x0020, 0x0020, 0x0020, 0x0020, 0x0020, 0x0020, 0x0020,
  0x0020, 0x0020, 0x0020, 0x0020, 0x0020, 0x0020, 0x0020, 0x0020, 0x0020, 0x0020, 0x0020, 0x0020,
  0x0020, 0x0020, 0x0020, 0x0020, 0x0020, 0x0020, 0x0000, 0x0020, 0x0020, 0x0020, 0x0020, 0x0020,
  0x0020, 0x0020, 0x0020, 0x0020, 0x0020, 0x0020, 0x0020, 0x0020, 0x0020, 0x0020, 0x0020, 0x0020,
  0x0020, 0x0000, 0x0020, 0x0020, 0x0020, 0x0020, 0x0020, 0x0020, 0x0000, 0x0000, 0x0020, 0x0020,
  0x0020, 0x0020, 0x0020, 0x0020, 0x0000, 0x0020, 0x0020, 0x0000, 0x0020, 0x0020, 0x0020, 0x0020,
  0x0020, 0x0020, 0x0020, 0x0000, 0x0020, 0x0020, 0x0000, 0x0020, 0x0000, 0x0000, 0x0020, 0x0020,
  0x0020, 0x0020, 0x0020, 0x0000, 0x0020, 0x0020, 0x0020, 0x0000, 0x0020, 0x0020, 0x0020, 0x0020,
  0x0020, 0x0020, 0x0020, 0x0020, 0x0020, 0x0020, 0x0020, 0x0020, 0x0020, 0x0020, 0x0020, 0x0000,
  0x0020, 0x0020, 0x0020, 0x0020, 0x0020, 0x0020, 0x0020, 0x0020, 0x0020, 0x0020, 0x0020, 0x0020,
  0x0020, 0x0020, 0x0020, 0x0020, 0x0020, 0x0020, 0x0020, 0x0020, 0x0020, 0x0020, 0x0020, 0x0020,
  0x0020, 0x0020, 0x0020, 0x0020, 0x0020, 0x0020, 0x0020, 0x0020, 0x0020, 0x0020, 0x0020, 0x0020,
  0x0020, 0x0020, 0x0020, 0x0020, 0x0020, 0x0020, 0x0020, 0x0020, 0x0020, 0x0020, 0x0020, 0x0020,
  0x0020, 0x0020, 0x0020, 0x0020, 0x0020, 0x0020, 0x0020, 0x0020, 0x0020, 0x0020, 0x0020, 0x0020,
  0x0020, 0x0020, 0x0020, 0x0020, 0x0020, 0x0020, 0x0020, 0x0020, 0x0020, 0x0020, 0x0020, 0x0020,
  0x0020, 0x0020, 0x0020, 0x0020, 0x0020, 0x0020, 0x0020, 0x0020, 0x0020, 0x0020, 0x0020, 0x0020,
  0x0020, 0x0020, 0x0020, 0x0020, 0x0020, 0x0020, 0x0020, 0x0020, 0x0020, 0x0000, 0x0020, 0x0020,
  0x0020, 0x0020, 0x0020, 0x0020, 0x0020, 0x0020, 0x0020, 0x0020, 0x0020, 0x0020, 0x0020, 0x0020,
  0x0020, 0x0020, 0x0020, 0x0020, 0x0020, 0x0020, 0x0020, 0x0020, 0x0020, 0x0020, 0x0000, 0x0020,
  0x0020, 0x0020, 0x0020, 0x0020, 0x0020, 0x0020, 0x0000, 0x0000, 0x0000, 0x0000, 0x0020, 0x0020,
  0x0020, 0x0020, 0x0020, 0x0020, 0x0020, 0x0020, 0x0020, 0x0020, 0x0000, 0x0020, 0x0020, 0x0000,
  0x0020, 0x0020, 0x0020, 0x0020, 0x0020, 0x0020, 0x0020, 0x0020, 0x0020, 0x0020, 0x0020, 0x0020,
  0x0000, 0x0020, 0x0020, 0x0020, 0x0020, 0x0020, 0x0020, 0x0020, 0x0020, 0x0020, 0x0020, 0x0020,
  0x0020, 0x0020, 0x0020, 0x0020, 0x0020, 0x0000, 0x0000, 0x0020, 0x0020, 0x0020, 0x0020, 0x0020,
  0x0020, 0x0020, 0x0020, 0x0020, 0x0020, 0x0020, 0x0020, 0x0020, 0x0000, 0x0020, 0x0020, 0x0020,
  0x0020, 0x0020, 0x0020, 0x0020, 0x0020, 0x0020, 0x0020, 0x0020, 0x0020, 0x0020, 0x0020, 0x0020,
  0x0020, 0x0020, 0x0020, 0x0020, 0x0020, 0x0020, 0x0020, 0x0020, 0x0020, 0x0020, 0x0020, 0x0020,
  0x0020, 0x0020, 0x0020, 0x0020, 0x0020, 0x0020, 0x0020, 0x0020, 0x0020, 0x0020, 0x0020, 0x0020,
  0x0020, 0x0020, 0x0020, 0x0020, 0x0020, 0x0020, 0x0020, 0x0020, 0x0020, 0x0020, 0x0020, 0x0020,
  0x0020, 0x0020, 0x0020, 0x0020, 0x0020, 0x0020, 0x0020, 0x0020, 0x0020, 0x0020, 0x0020, 0x0020,
  0x0020, 0x0000, 0x0020, 0x0020, 0x0020, 0x0020, 0x0020, 0x0020, 0x0020, 0x0020, 0x0020, 0x0020,
  0x0020, 0x0020, 0x0020, 0x0020, 0x0020, 0x0020, 0x0020, 0x0020, 0x0020, 0x0020, 0x0020, 0x0020,
  0x0020, 0x0000, 0x0000, 0x0020, 0x0020, 0x0020, 0x0020, 0x0020, 0x0020, 0x0020, 0x0000, 0x0020,
  0x0000, 0x0000, 0x0020, 0x0020, 0x0020, 0x0020, 0x0020, 0x0020, 0x0020, 0x0020, 0x0020, 0x0020,
  0x0020, 0x0020, 0x0000, 0x0000, 0x0020, 0x0020, 0x0020, 0x0020, 0x0020, 0x0020, 0x0020, 0x0020,
  0x0020, 0x0020, 0x0020, 0x0020, 0x0000, 0x0020, 0x0020, 0x0020, 0x0020, 0x0020, 0x0020, 0x0020,
  0x0020, 0x0020, 0x0020, 0x0020, 0x0020, 0x0020, 0x0020, 0x0020, 0x0020, 0x0020, 0x0020, 0x0020,
  0x0020, 0x0020, 0x0020, 0x0020, 0x0020, 0x0020, 0x0020, 0x0020, 0x0020, 0x0020, 0x0020, 0x0020,
  0x0020, 0x0020, 0x0020, 0x0020, 0x0020, 0x0020, 0x0020, 0x0020, 0x0020, 0x0020, 0x0020, 0x0020,
  0x0020, 0x0020, 0x0020, 0x0020, 0x0020, 0x0020, 0x0020, 0x0020, 0x0020, 0x0020, 0x0020, 0x0020,
  0x0020, 0x0000, 0x0020, 0x0020, 0x0020, 0x0020, 0x0020, 0x0020, 0x0020, 0x0020, 0x0020, 0x0020,
  0x0020, 0x0020, 0x0000, 0x0020, 0x0020, 0x0020, 0x0020, 0x0020, 0x0020, 0x0020, 0x0020, 0x0020,
  0x0020, 0x0020, 0x0020, 0x0020, 0x0020, 0x0020, 0x0020, 0x0020, 0x0020, 0x0020, 0x0020, 0x0020,
  0x0020, 0x0020, 0x0000, 0x0020, 0x0020, 0x0020, 0x0020, 0x0020, 0x0020, 0x0020, 0x0020, 0x0020,
  0x0020, 0x0020, 0x0020, 0x0020, 0x0020, 0x0020, 0x0020, 0x0020, 0x0020, 0x0020, 0x0020, 0x0020,
  0x0020, 0x0020, 0x0020, 0x0020, 0x0020, 0x0000, 0x0020, 0x0020, 0x0020, 0x0020, 0x0000, 0x0020,
  0x0020, 0x0020, 0x0020, 0x0020, 0x0020, 0x0020, 0x0020, 0x0020, 0x0020, 0x0020, 0x0020, 0x0020,
  0x0020, 0x0020, 0x0020, 0x0020, 0x0020, 0x0020, 0x0020, 0x0000, 0x0020, 0x0020, 0x0020, 0x0020,
  0x0020, 0x0020, 0x0020, 0x0000, 0x0020, 0x0020, 0x0020, 0x0020, 0x0020, 0x0020, 0x0020, 0x0020,
  0x0020, 0x0020, 0x0020, 0x0020, 0x0020, 0x0020, 0x0020, 0x0020, 0x0020, 0x0020, 0x0020, 0x0020,
  0x0020, 0x0020, 0x0020, 0x0020, 0x0020, 0x0020, 0x0020, 0x0020, 0x0020, 0x0020, 0x0020, 0x0020,
  0x0020, 0x0020, 0x0020, 0x0020, 0x0020, 0x0020, 0x0020, 0x0020, 0x0020, 0x0020, 0x0020, 0x0020,
  0x0020, 0x0020, 0x0020, 0x0020, 0x0020, 0x0020, 0x0020, 0x0020, 0x0020, 0x0020, 0x0020, 0x0020,
  0x0020, 0x0020, 0x0020, 0x0020, 0x0020, 0x0000, 0x0020, 0x0020, 0x0020, 0x0020, 0x0020, 0x0020,
  0x0020, 0x0020, 0x0020, 0x0020, 0x0020, 0x0020, 0x0020, 0x0020, 0x0020, 0x0000, 0x0020, 0x0020,
  0x0020, 0x0020, 0x0020, 0x0020, 0x0020, 0x0020, 0x0020, 0x0020, 0x0020, 0x0020, 0x0020, 0x0020,
  0x0020, 0x0020, 0x0020, 0x0020, 0x0020, 0x0000, 0x0020, 0x0020, 0x0020, 0x0020, 0x0020, 0x0020,
  0x0020, 0x0020, 0x0020, 0x0020, 0x0020, 0x0020, 0x0020, 0x0020, 0x0020, 0x0020, 0x0020, 0x0020,
  0x0020, 0x0020, 0x0020, 0x0020, 0x0000, 0x0020, 0x0020, 0x0020, 0x0020, 0x0020, 0x0020, 0x0020,
  0x0020, 0x0020, 0x0000, 0x0020, 0x0020, 0x0020, 0x0020, 0x0020, 0x0020, 0x0000, 0x0000, 0x0020,
  0x0020, 0x0020, 0x0020, 0x0000, 0x0020, 0x0020, 0x0020, 0x0020, 0x0020, 0x0020, 0x0000, 0x0020,
  0x0020, 0x0020, 0x0020, 0x0020, 0x0020, 0x0020, 0x0020, 0x0020, 0x0020, 0x0020, 0x0020, 0x0020,
  0x0020, 0x0020, 0x0020, 0x0020, 0x0020, 0x0020, 0x0020, 0x0020, 0x0020, 0x0020, 0x0020, 0x0020,
  0x0020, 0x0020, 0x0020, 0x0000, 0x0020, 0x0020, 0x0020, 0x0020, 0x0020, 0x0020, 0x0020, 0x0020,
  0x0020, 0x0020, 0x0020, 0x0020, 0x0020, 0x0020, 0x0020, 0x0020, 0x0020, 0x0020, 0x0020, 0x0020,
  0x0020, 0x0020, 0x0000, 0x0020, 0x0020, 0x0020, 0x0020, 0x0020, 0x0020, 0x0020, 0x0020, 0x0000,
  0x0000, 0x0000, 0x0020, 0x0020, 0x0020, 0x0020, 0x0020, 0x0020, 0x0020, 0x0020, 0x0020, 0x0020,
  0x0020, 0x0020, 0x0020, 0x0020, 0x0020, 0x0020, 0x0020, 0x0020, 0x0020, 0x0020, 0x0020, 0x0020,
  0x0020, 0x0020, 0x0020, 0x0020, 0x0020, 0x0020, 0x0020, 0x0020, 0x0020, 0x0020, 0x0020, 0x0020,
  0x0020, 0x0020, 0x0020, 0x0020, 0x0020, 0x0020, 0x0020, 0x0020, 0x0020, 0x0020, 0x0020, 0x0020,
  0x0020, 0x0020, 0x0020, 0x0000, 0x0020, 0x0020, 0x0020, 0x0020, 0x0020, 0x0020, 0x0000, 0x0020,
  0x0020, 0x0020, 0x0020, 0x0020, 0x0020, 0x0020, 0x0020, 0x0000, 0x0000, 0x0020, 0x0020, 0x0020,
  0x0020, 0x0020, 0x0020, 0x0020, 0x0020, 0x0020, 0x0020, 0x0020, 0x0020, 0x0020, 0x0020, 0x0020,
  0x0020, 0x0000, 0x0020, 0x0020, 0x0020, 0x0000, 0x0020, 0x0020, 0x0020, 0x0020, 0x0020, 0x0020,
  0x0020, 0x0020, 0x0000, 0x0020, 0x0020, 0x0020, 0x0020, 0x0020, 0x0020, 0x0020, 0x0020, 0x0020,
  0x0020, 0x0000, 0x0020, 0x0000, 0x0020, 0x0020, 0x0020, 0x0020, 0x0020, 0x0020, 0x0020, 0x0020,
  0x0020, 0x0020, 0x0020, 0x0020, 0x0020, 0x0020, 0x0020, 0x0020, 0x0020, 0x0020, 0x0020, 0x0020,
  0x0020, 0x0020, 0x0020, 0x0020, 0x0020, 0x0020, 0x0020, 0x0020, 0x0020, 0x0020, 0x0020, 0x0020,
  0x0020, 0x0020, 0x0020, 0x0020, 0x0020, 0x0000, 0x0000, 0x0020, 0x0020, 0x0020, 0x0020, 0x0020,
  0x0020, 0x0020, 0x0020, 0x0020, 0x0020, 0x0020, 0x0020, 0x0020, 0x0020, 0x0020, 0x0020, 0x0020,
  0x0020, 0x0020, 0x0020, 0x0020, 0x0020, 0x0020, 0x0020, 0x0020, 0x0020, 0x0020, 0x0020, 0x0020,
  0x0020, 0x0020, 0x0020, 0x0020, 0x0020, 0x0020, 0x0020, 0x0020, 0x0020, 0x0020, 0x0020, 0x0020,
  0x0000, 0x0020, 0x0020, 0x0020, 0x0020, 0x0020, 0x0020, 0x0000, 0x0020, 0x0020, 0x0020, 0x0020,
  0x0020, 0x0020, 0x0020, 0x0020, 0x0000, 0x0020, 0x0020, 0x0020, 0x0020, 0x0020, 0x0020, 0x0020,
  0x0020, 0x0020, 0x0000, 0x0020, 0x0020, 0x0020, 0x0020, 0x0020, 0x0020, 0x0020, 0x0020, 0x0000,
  0x0020, 0x0000, 0x0020, 0x0020, 0x0020, 0x0000, 0x0020, 0x0020, 0x0020, 0x0020, 0x0020, 0x0020,
  0x0020, 0x0020, 0x0020, 0x0020, 0x0000, 0x0000, 0x0020, 0x0020, 0x0020, 0x0000, 0x0020, 0x0020,
  0x0020, 0x0020, 0x0020, 0x0020, 0x0020, 0x0020, 0x0000, 0x0000, 0x0020, 0x0020, 0x0020, 0x0020,
  0x0020, 0x0020, 0x0000, 0x0020, 0x0020, 0x0020, 0x0020, 0x0020, 0x0020, 0x0020, 0x0020, 0x0020,
  0x0020, 0x0020, 0x0020, 0x0020, 0x0020, 0x0020, 0x0020, 0x0020, 0x0020, 0x0020, 0x0020, 0x0020,
  0x0020, 0x0020, 0x0020, 0x0020, 0x0020, 0x0020, 0x0020, 0x0020, 0x0020, 0x0020, 0x0020, 0x0020,
  0x0020, 0x0020, 0x0020, 0x0020, 0x0000, 0x0020, 0x0020, 0x0020, 0x0020, 0x0020, 0x0020, 0x0020,
  0x0020, 0x0020, 0x0020, 0x0020, 0x0020, 0x0020, 0x0020, 0x0020, 0x0020, 0x0020, 0x0020, 0x0020,
  0x0020, 0x0020, 0x0020, 0x0020, 0x0020, 0x0020, 0x0020, 0x0020, 0x0020, 0x0020, 0x0020, 0x0020,
  0x0020, 0x0020, 0x0020, 0x0020, 0x0020, 0x0020, 0x0020, 0x0020, 0x0020, 0x0020, 0x0020, 0x0020,
  0x0020, 0x0020, 0x0020, 0x0020, 0x0020, 0x0020, 0x0020, 0x0020, 0x0020, 0x0020, 0x0020, 0x0020,
  0x0020, 0x0020, 0x0020, 0x0020, 0x0000, 0x0020, 0x0020, 0x0020, 0x0020, 0x0020, 0x0020, 0x0020,
  0x0020, 0x0000, 0x0020, 0x0020, 0x0020, 0x0020, 0x0000, 0x0000, 0x0000, 0x0020, 0x0020, 0x0020,
  0x0020, 0x0020, 0x0020, 0x0000, 0x0020, 0x0020, 0x0000, 0x0020, 0x0020, 0x0020, 0x0020, 0x0020,
  0x0020, 0x0020, 0x0020, 0x0020, 0x0020, 0x0020, 0x0020, 0x0020, 0x0020, 0x0000, 0x0020, 0x0020,
  0x0020, 0x0020, 0x0020, 0x0000, 0x0000, 0x0000, 0x0020, 0x0020, 0x0020, 0x0020, 0x0000, 0x0000,
  0x0020, 0x0020, 0x0020, 0x0020, 0x0020, 0x0020, 0x0020, 0x0020, 0x0020, 0x0020, 0x0020, 0x0020,
  0x0020, 0x0020, 0x0020, 0x0020, 0x0020, 0x0020, 0x0020, 0x0020, 0x0020, 0x0020, 0x0020, 0x0020,
  0x0020, 0x0020, 0x0020, 0x0020, 0x0020, 0x0020, 0x0020, 0x0020, 0x0020, 0x0020, 0x0020, 0x0020,
  0x0020, 0x0020, 0x0020, 0x0020, 0x0020, 0x0020, 0x0000, 0x0020, 0x0020, 0x0020, 0x0020, 0x0020,
  0x0020, 0x0020, 0x0020, 0x0020, 0x0020, 0x0020, 0x0020, 0x0020, 0x0020, 0x0020, 0x0020, 0x0020,
  0x0020, 0x0020, 0x0020, 0x0020, 0x0020, 0x0020, 0x0020, 0x0020, 0x0020, 0x0020, 0x0020, 0x0020,
  0x0020, 0x0020, 0x0020, 0x0020, 0x0020, 0x0020, 0x0020, 0x0020, 0x0020, 0x0020, 0x0020, 0x0020,
  0x0020, 0x0020, 0x0020, 0x0020, 0x0020, 0x0020, 0x0020, 0x0020, 0x0020, 0x0020, 0x0020, 0x0020,
  0x0020, 0x0020, 0x0020, 0x0020, 0x0020, 0x0020, 0x0020, 0x0020, 0x0020, 0x0020, 0x0020, 0x0020,
  0x0020, 0x0020, 0x0020, 0x0020, 0x0020, 0x0020, 0x0020, 0x0020, 0x0020, 0x0020, 0x0020, 0x0020,
  0x0020, 0x0020, 0x0020, 0x0020, 0x0020, 0x0020, 0x0020, 0x0020, 0x0020, 0x0020, 0x0020, 0x0020,
  0x0020, 0x0020, 0x0020, 0x0020, 0x0020, 0x0020, 0x0020, 0x0020, 0x0020, 0x0020, 0x0020, 0x0020,
  0x0020, 0x0000, 0x0020, 0x0020, 0x0000, 0x0020, 0x0020, 0x0020, 0x0000, 0x0020, 0x0020, 0x0020,
  0x0020, 0x0020, 0x0000, 0x0000, 0x0020, 0x0020, 0x0020, 0x0020, 0x0020, 0x0020, 0x0000, 0x0020,
  0x0020, 0x0020, 0x0020, 0x0020, 0x0020, 0x0020, 0x0020, 0x0000, 0x0020, 0x0020, 0x0020, 0x0020,
  0x0020, 0x0020, 0x0020, 0x0020, 0x0020, 0x0020, 0x0020, 0x0020, 0x0020, 0x0020, 0x0020, 0x0020,
  0x0020, 0x0020, 0x0020, 0x0020, 0x0020, 0x0020, 0x0020, 0x0020, 0x0020, 0x0020, 0x0020, 0x0020,
  0x0020, 0x0020, 0x0000, 0x0020, 0x0020, 0x0020, 0x0020, 0x0020, 0x0000, 0x0020, 0x0020, 0x0020,
  0x0000, 0x0020, 0x0000, 0x0020, 0x0020, 0x0020, 0x0020, 0x0020, 0x0020, 0x0020, 0x0020, 0x0020,
  0x0020, 0x0020, 0x0020, 0x0020, 0x0020, 0x0020, 0x0020, 0x0020, 0x0020, 0x0020, 0x0020, 0x0020,
  0x0020, 0x0020, 0x0020, 0x0020, 0x0020, 0x0020, 0x0020, 0x0020, 0x0020, 0x0020, 0x0020, 0x0020,
  0x0020, 0x0020, 0x0020, 0x0020, 0x0020, 0x0020, 0x0020, 0x0020, 0x0020, 0x0020, 0x0020, 0x0020,
  0x0020, 0x0020, 0x0020, 0x0020, 0x0020, 0x0020, 0x0020, 0x0020, 0x0020, 0x0020, 0x0020, 0x0020,
  0x0020, 0x0020, 0x0000, 0x0020, 0x0020, 0x0020, 0x0020, 0x0020, 0x0020, 0x0020, 0x0000, 0x0020,
  0x0020, 0x0020, 0x0000, 0x0020, 0x0020, 0x0020, 0x0020, 0x0020, 0x0020, 0x0020, 0x0020, 0x0020,
  0x0020, 0x0020, 0x0020, 0x0020, 0x0020, 0x0020, 0x0020, 0x0020, 0x0020, 0x0020, 0x0020, 0x0020,
  0x0020, 0x0020, 0x0000, 0x0020, 0x0020, 0x0000, 0x0020, 0x0000, 0x0020, 0x0020, 0x0020, 0x0020,
  0x0020, 0x0020, 0x0020, 0x0020, 0x0020, 0x0020, 0x0020, 0x0020, 0x0020, 0x0020, 0x0020, 0x0020,
  0x0020, 0x0020, 0x0020, 0x0020, 0x0020, 0x0020, 0x0020, 0x0020, 0x0020, 0x0020, 0x0020, 0x0020,
  0x0020, 0x0020, 0x0020, 0x0020, 0x0020, 0x0020, 0x0020, 0x0020, 0x0020, 0x0020, 0x0020, 0x0020,
  0x0020, 0x0020, 0x0020, 0x0020, 0x0020, 0x0020, 0x0000, 0x0020, 0x0000, 0x0020, 0x0020, 0x0020,
  0x0020, 0x0000, 0x0020, 0x0020, 0x0020, 0x0020, 0x0000, 0x0020, 0x0020, 0x0020, 0x0020, 0x0020,
  0x0020, 0x0020, 0x0020, 0x0020, 0x0020, 0x0020, 0x0020, 0x0020, 0x0020, 0x0020, 0x0020, 0x0020,
  0x0020, 0x0020, 0x0020, 0x0020, 0x0020, 0x0020, 0x0020, 0x0020, 0x0020, 0x0020, 0x0020, 0x0020,
  0x0000, 0x0000, 0x0020, 0x0020, 0x0000, 0x0020, 0x0020, 0x0020, 0x0020, 0x0020, 0x0020, 0x0020,
  0x0020, 0x0020, 0x0020, 0x0020, 0x0020, 0x0020, 0x0020, 0x0020, 0x0020, 0x0020, 0x0020, 0x0020,
  0x0020, 0x0020, 0x0020, 0x0020, 0x0020, 0x0020, 0x0020, 0x0020, 0x0020, 0x0020, 0x0020, 0x0020,
  0x0020, 0x0020, 0x0020, 0x0020, 0x0020, 0x0020, 0x0020, 0x0020, 0x0020, 0x0020, 0x0020, 0x0020,
  0x0020, 0x0020, 0x0020, 0x0020, 0x0020, 0x0020, 0x0020, 0x0020, 0x0000, 0x0020, 0x0020, 0x0020,
  0x0020, 0x0020, 0x0020, 0x0020, 0x0020, 0x0020, 0x0000, 0x0000, 0x0020, 0x0000, 0x0000, 0x0000,
  0x0020, 0x0020, 0x0020, 0x0020, 0x0020, 0x0020, 0x0020, 0x0000, 0x0020, 0x0020, 0x0020, 0x0020,
  0x0020, 0x0020, 0x0020, 0x0020, 0x0020, 0x0020, 0x0020, 0x0020, 0x0020, 0x0000, 0x0020, 0x0020,
  0x0020, 0x0000, 0x0020, 0x0020, 0x0000, 0x0020, 0x0020, 0x0020, 0x0020, 0x0020, 0x0020, 0x0020,
  0x0020, 0x0020, 0x0020, 0x0020, 0x0020, 0x0020, 0x0020, 0x0020, 0x0020, 0x0020, 0x0020, 0x0020,
  0x0020, 0x0020, 0x0020, 0x0020, 0x0020, 0x0020, 0x0020, 0x0020, 0x0020, 0x0020, 0x0020, 0x0020,
  0x0020, 0x0000, 0x0020, 0x0020, 0x0020, 0x0020, 0x0020, 0x0020, 0x0020, 0x0000, 0x0020, 0x0020,
  0x0020, 0x0020, 0x0020, 0x0020, 0x0020, 0x0020, 0x0020, 0x0020, 0x0020, 0x0020, 0x0020, 0x0020,
  0x0020, 0x0020, 0x0020, 0x0020, 0x0020, 0x0000, 0x0000, 0x0020, 0x0020, 0x0020, 0x0020, 0x0020,
  0x0020, 0x0000, 0x0000, 0x0020, 0x0020, 0x0020, 0x0020, 0x0020, 0x0020, 0x0020, 0x0020, 0x0020,
  0x0020, 0x0000, 0x0020, 0x0020, 0x0020, 0x0020, 0x0020, 0x0020, 0x0020, 0x0020, 0x0020, 0x0020,
  0x0020, 0x0020, 0x0020, 0x0020, 0x0000, 0x0020, 0x0020, 0x0000, 0x0000, 0x0020, 0x0020, 0x0020,
  0x0020, 0x0020, 0x0020, 0x0020, 0x0020, 0x0020, 0x0020, 0x0000, 0x0020, 0x0020, 0x0020, 0x0020,
  0x0020, 0x0000, 0x0020, 0x0020, 0x0020, 0x0020, 0x0020, 0x0020, 0x0020, 0x0020, 0x0020, 0x0020,
  0x0020, 0x0020, 0x0000, 0x0000, 0x0020, 0x0020, 0x0020, 0x0020, 0x0020, 0x0020, 0x0020, 0x0000,
  0x0020, 0x0020, 0x0020, 0x0020, 0x0020, 0x0020, 0x0020, 0x0020, 0x0000, 0x0020, 0x0000, 0x0020,
  0x0020, 0x0020, 0x0020, 0x0020, 0x0020, 0x0000, 0x0000, 0x0020, 0x0020, 0x0020, 0x0020, 0x0020,
  0x0020, 0x0020, 0x0020, 0x0020, 0x0020, 0x0020, 0x0020, 0x0020, 0x0020, 0x0020, 0x0020, 0x0020,
  0x0020, 0x0020, 0x0020, 0x0020, 0x0020, 0x0020, 0x0020, 0x0020, 0x0000, 0x0020, 0x0020, 0x0020,
  0x0020, 0x0020, 0x0020, 0x0020, 0x0020, 0x0020, 0x0020, 0x0020, 0x0020, 0x0020, 0x0020, 0x0020,
  0x0020, 0x0020, 0x0020, 0x0020, 0x0020, 0x0020, 0x0020, 0x0020, 0x0020, 0x0020, 0x0020, 0x0020,
  0x0020, 0x0020, 0x0020, 0x0020, 0x0020, 0x0020, 0x0020, 0x0020, 0x0020, 0x0020, 0x0020, 0x0020,
  0x0020, 0x0020, 0x0020, 0x0020, 0x0020, 0x0020, 0x0020, 0x0020, 0x0020, 0x0020, 0x0020, 0x0020,
  0x0020, 0x0020, 0x0000, 0x0020, 0x0020, 0x0000, 0x0000, 0x0020, 0x0000, 0x0020, 0x0020, 0x0020,
  0x0020, 0x0020, 0x0000, 0x0020, 0x0020, 0x0020, 0x0020, 0x0020, 0x0020, 0x0020, 0x0020, 0x0000,
  0x0000, 0x0020, 0x0020, 0x0020, 0x0020, 0x0020, 0x0020, 0x0020, 0x0020, 0x0020, 0x0020, 0x0000,
  0x0020, 0x0020, 0x0020, 0x0020, 0x0020, 0x0000, 0x0020, 0x0020, 0x0020, 0x0020, 0x0020, 0x0020,
  0x0020, 0x0020, 0x0020, 0x0020, 0x0020, 0x0020, 0x0020, 0x0020, 0x0020, 0x0020, 0x0020, 0x0020,
  0x0020, 0x0020, 0x0020, 0x0020, 0x0020, 0x0020, 0x0020, 0x0020, 0x0020, 0x0020, 0x0020, 0x0020,
  0x0020, 0x0020, 0x0020, 0x0020, 0x0020, 0x0020, 0x0020, 0x0020, 0x0020, 0x0000, 0x0020, 0x0020,
  0x0020, 0x0020, 0x0020, 0x0000, 0x0000, 0x0020, 0x0020, 0x0020, 0x0020, 0x0020, 0x0020, 0x0020,
  0x0000, 0x0020, 0x0020, 0x0020, 0x0020, 0x0020, 0x0020, 0x0020, 0x0000, 0x0020, 0x0020, 0x0020,
  0x0000, 0x0020, 0x0020, 0x0020, 0x0000, 0x0000, 0x0020, 0x0020, 0x0020, 0x0020, 0x0020, 0x0020,
  0x0020, 0x0020, 0x0020, 0x0020, 0x0000, 0x0000, 0x0020, 0x0020, 0x0020, 0x0020, 0x0020, 0x0020,
  0x0020, 0x0020, 0x0020, 0x0020, 0x0020, 0x0020, 0x0020, 0x0020, 0x0020, 0x0020, 0x0020, 0x0020,
  0x0020, 0x0020, 0x0020, 0x0020, 0x0020, 0x0020, 0x0020, 0x0020, 0x0020, 0x0020, 0x0020, 0x0020,
  0x0020, 0x0020, 0x0020, 0x0020, 0x0020, 0x0020, 0x0020, 0x0020, 0x0020, 0x0020, 0x0020, 0x0000,
  0x0020, 0x0000, 0x0020, 0x0020, 0x0020, 0x0020, 0x0000, 0x0020, 0x0020, 0x0020, 0x0020, 0x0020,
  0x0020, 0x0020, 0x0020, 0x0020, 0x0020, 0x0020, 0x0020, 0x0020, 0x0020, 0x0020, 0x0000, 0x0000,
  0x0020, 0x0020, 0x0020, 0x0020, 0x0020, 0x0020, 0x0020, 0x0020, 0x0020, 0x0020, 0x0000, 0x0000,
  0x0020, 0x0020, 0x0020, 0x0020, 0x0020, 0x0000, 0x0000, 0x0000, 0x0000, 0x0000, 0x0000, 0x0000,
  0x0020, 0x0020, 0x0020, 0x0020, 0x0020, 0x0020, 0x0020, 0x0020, 0x0020, 0x0020, 0x0020, 0x0020,
  0x0020, 0x0020, 0x0020, 0x0020, 0x0020, 0x0020, 0x0000, 0x0020, 0x0020, 0x0020, 0x0020, 0x0000,
  0x0020, 0x0020, 0x0020, 0x0020, 0x0020, 0x0020, 0x0020, 0x0020, 0x0000, 0x0020, 0x0020, 0x0020,
  0x0020, 0x0000, 0x0020, 0x0020, 0x0020, 0x0020, 0x0020, 0x0020, 0x0020, 0x0020, 0x0020, 0x0020,
  0x0020, 0x0020, 0x0020, 0x0020, 0x0000, 0x0020, 0x0020, 0x0020, 0x0000, 0x0000, 0x0020, 0x0020,
  0x0020, 0x0020, 0x0020, 0x0020, 0x0020, 0x0020, 0x0020, 0x0020, 0x0000, 0x0000, 0x0020, 0x0020,
  0x0020, 0x0020, 0x0020, 0x0020, 0x0020, 0x0020, 0x0020, 0x0020, 0x0020, 0x0020, 0x0020, 0x0020,
  0x0020, 0x0020, 0x0020, 0x0020, 0x0020, 0x0020, 0x0020, 0x0020, 0x0020, 0x0020, 0x0020, 0x0020,
  0x0020, 0x0020, 0x0020, 0x0000, 0x0020, 0x0000, 0x0020, 0x0020, 0x0020, 0x0020, 0x0020, 0x0020,
  0x0020, 0x0020, 0x0020, 0x0000, 0x0020, 0x0020, 0x0020, 0x0020, 0x0020, 0x0020, 0x0020, 0x0020,
  0x0020, 0x0020, 0x0020, 0x0020, 0x0020, 0x0020, 0x0020, 0x0020, 0x0020, 0x0020, 0x0020, 0x0020,
  0x0020, 0x0020, 0x0020, 0x0000, 0x0000, 0x0000, 0x0020, 0x0020, 0x0020, 0x0020, 0x0020, 0x0020,
  0x0020, 0x0020, 0x0020, 0x0000, 0x0000, 0x0000, 0x0000, 0x0000, 0x0020, 0x0020, 0x0000, 0x0000,
  0x0000, 0x0000, 0x0000, 0x0000,
